sentID.BTEC,sent,sentiment
0,إنها في أخر القاعة . سوف آتي لك ببعض منها الآن . إذا أردت أي شيئاً آخر فقط أعلمني .,neutral
2,هل تقومون بعمل تعديلات ؟,neutral
4,نريد مائدة بجانب النافذة .,neutral
5,هناك ، أمام بيانات السائح تماما .,neutral
9,لم اسمع بهذا العنوان من قبل بالقرب من هنا .,neutral
11,استمر في السير في هذا الطريق حتى تجد صيدلية .,neutral
12,ما هو أحدث لون هذا الموسم .,neutral
14,في حالتي ، غالباً ما يكون من أجل العمل ونادراً ما يكون للاستمتاع .,neutral
15,سأقيم لمدة يومين .,neutral
16,أريد تمويج متقارب بشعري,neutral
17,أريد حجز غرفتين مزدوجتين .,neutral
18,لا أريد إزالتها .,negative
19,هل هذه الحافلة تتوقف في شارع أستونر ؟,neutral
24,من فضلك افتح فمك على مداه .,neutral
26,كم تكلفة الإفطار ؟,neutral
27,كيف أستطيع مساعدتك ؟,neutral
29,دعنا نأخذ قطعة لنأكلها .,neutral
30,اتجه يسارا عند الناصية الثالثة .,neutral
31,هل لك أن تقوم بتنظيف هذه الملابس ؟,neutral
37,أعطيك رقم تليفونه وعنوانه .,neutral
38,لقد قمت بتسديد ثمن الوجبات ورسوم الفندق مقدماًً .,neutral
40,أبحث عن مطعم جيد ، للمشويات . هل يمكنك أن تشير إلى أماكن تلك المطاعم على الخريطة ؟,neutral
42,أنت تقوم بكسرها ، فأنت الذي اشتريتها .,negative
46,سوف أخبرها بأن تتصل بك بمجرد أن تصل .,neutral
50,هل تحب أن تضع قشدة وسكر في قهوتك ؟,neutral
51,لقد أصيبت إصابة بالغة .,negative
52,أريد قداحة .,neutral
53,هل لدى هذا الفندق تجهيزات للمؤتمرات ؟,neutral
56,هل من المناسب أن نتناول وجبة خفيفة ؟,neutral
57,أنا أتصل من المطار . سأصل هناك في حوالي الساعة الرابعة .,neutral
62,أين سأغير إلى شيكاغو .,neutral
63,كم تكلفة إرسال خطاب مسجل إلى فرنسا ؟,neutral
64,هل يمكنكم صرف الشيك ذو المائتي دولار الخاص بي ؟,neutral
68,إن القيادة على الجانب الأيمن من الطريق مختلفة تماماً بالفعل .,neutral
69,كان الممثل رائعا بالفعل .,positive
72,أين الجانب غير الخيالي في شخصيتك ؟,neutral
74,إذا حدث ذلك ، من فضلك أتصل بي .,neutral
78,هل يمكن أن تغير مقعدي من فضلك ؟,neutral
79,هل هناك ضمانا ؟,neutral
83,"عفوا , أنا سأعتني بالكلب .",neutral
84,أريد تذكرتين للقطط ليوم الخميس .,neutral
86,أين المقهى ؟,neutral
87,أريد جاكيت للأطفال .,neutral
89,اسمك مرة ثانية ؟,neutral
90,هل مستر برون هناك ؟,neutral
91,حسنا . إنها تتكلف خمسة وثمانون دولارا في البريد العادي وثلاثة دولارات في التوصيل الخاص .,neutral
92,هل يمكن أن أؤجر قارب ليوم ؟,neutral
93,عند أي نافذة يمكن أن أقوم بعمل الحجز ؟,neutral
94,ما هذا ؟,neutral
96,هل يمكنك أن تخبريني كيف أستطيع أن أصل إلى الأوبرا ؟,neutral
97,ألم تكن مخمور بدرجة كبيرة بعض الشيء في الليلة الماضية يا عزيزي ؟,neutral
98,من فضلك اتبع التعليمات الصادرة من موظفينا .,neutral
100,هل يوجد هنا محل متعدد الأقسام بالقرب من هنا .,neutral
102,املأ خزان الوقود من فضلك .,neutral
103,هل يوجد غرفة بسعر أرخص ؟,neutral
104,أفضل سيارة بها نظام إلي لنقل الحركة .,negative
105,سأقيم في مسكن الطلبة الخاص بجامعة هارفارد .,neutral
106,ما هو سعر الصرف اليوم ؟,neutral
108,أعاني بشكل مزمن من الربو .,negative
109,معي حوالي ثلاثة آلاف دولاراً .,neutral
111,حسناً ، سيدي . فقد أتت بخيارين مقليات فرنسية أو أرز بالتوابل واللحم ، أيهما تحب ؟,neutral
112,كيف أصل إلى ذلك المكان ؟,neutral
113,أي نوع من القصص هي ؟,neutral
115,ثلاث مرات .,neutral
116,أي نافذة تبيع الطوابع ؟,neutral
117,بعد أن هاجمني ، هرب في شاحنة بيضاء .,negative
119,حسنا . من فضلك احتفظ بهذه القسيمة وقدمها عندما تقوم بالاختيار .,neutral
120,كنت سأشتري هذا إن كنت في مكانك ؟,positive
122,مائتي دولار . فوري أم عبر البطاقات الائتمانية .,neutral
125,كم من الوقت تستغرق السفينة لعبور هذا المحيط ؟,neutral
128,هل علىّ أن أتجنب أنواع معينة من الطعام خلال فترة تناولي هذا الدواء ؟,neutral
129,هل لديك أحذية حريمي عند أصابع القدم ؟,neutral
130,هل ستواجهني أية صعوبات في الجمارك ؟,neutral
131,هل لي ببعض النبيذ الأحمر ؟,neutral
133,أخبرني عندما نصل إلى المتحف .,neutral
134,هل يذهب هذا الأتوبيس إلى فندق الشيراتون .,neutral
135,إلى أي شيء وصل ذلك الأمر ؟,neutral
136,إنه ساخن بدرجة بسيطة . هل يمكن أن أفتح النافذة ؟,neutral
138,فقط دش يكفي .,neutral
139,عيني محمرة قليلا .,negative
140,لا ، هل لي أن أقترح أخذ غرفة ذات سريرين للاستخدام الفردي ؟ فنحن لدينا واحدة .,neutral
142,لا أستطيع تأكيد ذلك لكنا سنبذل قصارى جهدنا .,positive
143,أريد تمويج متقارب لشعري ، من فضلك .,neutral
144,كان البحر إلى الأسفل من بعيد .,neutral
145,هي تريد بيرة .,neutral
146,أنت بحاجة إلى إجراء عملية .,negative
147,المزيد من البيض من فضلك .,positive
148,أين محطة الأتوبيس المتجه إلى سنترال بارك ؟,neutral
149,سيارة أجرة ؟,neutral
151,ها هو مفتاحك ، يا سيدي . غرفة ستة وخمسون إثنى عشر .,neutral
153,أحب الجاكت الخاص بك .,positive
154,استمر .,positive
155,ها نحن قد وصلنا هذا هو فندقك .,neutral
156,متى بدأت مباراة كرة السلة ؟,neutral
157,صباح الخير . كيف حالك .,positive
158,أسف أنني بحاجة إلى أن أطلع على أي مستند لتحديد الهوية .,neutral
159,ماذا كان انطباعك ؟,neutral
160,بالتأكيد . هل ترغب في تناول القهوة مع العشاء أم بعد ذلك ؟,neutral
161,إنني سأستقل الرحلة الجوية رقم اثنى عشر المتجهة إلى طوكيو .,neutral
162,أود إجراء مكالمة دولية ، من فضلك ؟,neutral
163,خمسة أشهر .,neutral
168,في أي أيام الأسبوع تتم ؟,neutral
169,أي نوع من الملابس ؟,neutral
170,هذا بارد إلى حد ما . هل يمكن أن تقوم بتسخينه ؟,neutral
172,أريد بعض الجل المصفف للشعر .,neutral
173,أسف ، هذا المكان محجوز بالفعل .,neutral
174,هل لنا أن نطلع على القائمة ؟,neutral
175,مقاسي ستة .,neutral
176,أنا بحالة جدية ، لكن هل تمانع في الاتصال بصديق ؟,neutral
177,شكراً ، هذا يكفي .,positive
178,لن يقف أية سيارة أجرة ما لم تنتظر في موقف السيارات ؟,negative
179,ميزانيتي لا تتجاوز الخمسون دولاراً في الليلة .,neutral
180,هل سنأخذ صورة معا ؟,neutral
181,كم تبلغ رسوم هذه الخدمة ؟,neutral
182,هل ارتفع إجمالي المبيعات في أمريكا الشمالية بما يزيد عن خمسة بالمائة ؟,neutral
184,من هو أفضل صديق لك ؟,neutral
186,هل تعلم أن أحد أكبر بطولات السومو ، نوع من المصارعة اليابانية التقليدية ، بطولة أمريكية ؟,neutral
187,يوم الصحة الرياضية هو يوم العاشر من أكتوبر وهو إجازة قومية الغرض منها تحسين صحة المواطنين .,positive
188,هل هذا خاص بوول ستريت ؟,neutral
189,أرغب في تأجير هذه من الخامس حتى العاشر من ديسمبر .,neutral
191,بحالة جيدة ، وكيف حالك أنت ، يا سيدتي ؟,neutral
192,هل تريد أن افحص موتور السيارة ؟,neutral
195,سكر ؟,neutral
196,هل يمكنني أن ادفع عن طريق الماستر كارد ؟,neutral
198,هل هذا هو المكان المخصص لجمع الحقائب الخاصة برحلة ان دبليو رقم تسعة صفر سبعة ؟,neutral
199,سآخذ هذا النوع .,positive
204,إنني سعيد جداً لأنني تمكنت من المجيء إلى هذا البلد .,positive
205,اسمي وعنواني موجودين عليها .,neutral
206,هل لك أن تساعدني في الوصول إلى حقيبتي ؟,neutral
207,أي نوع من الأحجار هذه ؟,negative
208,أود أن أشير إلى أن حكومتنا تتعامل بشدة مع من يطلق عليهم أناس المراكب . لقد أدركت أن اليابان بالفعل به زيادة سكانية بالدرجة التي لا تسمح باستضافة هؤلاء الضيوف غير المدعوين . لكن ومن ناحية أخرى ، فإن العديد من القطاعات الصناعية لدينا بحاجة إلى يد عاملة .,neutral
209,من هذا الجبل ، تستطيع رؤية المدينة بأكملها . خلال هذا الموسم العديد من أنواع الزهور تزدهرـ إنها تبدو جميلة جداً .,positive
213,اتبعني .,positive
217,من فضلك أخبريه أنت يامادا قد اتصل .,neutral
221,هل ستقوم بعمل الترتيبات مقدماً ؟,neutral
224,حسنا ، من فضلك ضع هذه البيانات هنا . هل كانت حقيبة واحدة ؟,neutral
225,هل ترغب في تناول لحم بقري ، دجاج ، أم أسماك ؟,neutral
227,هل من الممكن أن تأخذ طرق مختلفة للذهاب والعودة .,neutral
228,هل يوجد مطعم للوجبات الخفيفة هنا ؟,neutral
229,عذراً يا سيدي . أود استطلاع بعض الأماكن السياحية الموجودة في بوسطن .,neutral
232,هل لديك قائمة باللغة اليابانية .,neutral
235,إنها الواحدة وخمس دقائق .,neutral
238,تقدم إلىّ المساعدة ، شكراً لك .,positive
239,أريد مسكن للألم .,negative
240,من هي الممثلة المفضلة لديك .,positive
241,أريد واحدة بيضاوية الشكل ؟,neutral
242,ما نوع الموسيقى التي يعزفونها هناك ؟,neutral
243,لا أحب هذا اللون ، من فضلك أرني لوناً آخر .,negative
246,من فضلك خذني إلى السوق الصباحية .,positive
248,الإطار الخاص بنظارتي قد كسر .,negative
250,من الساعة الثالثة .,neutral
252,"عظيم . لدي مقعد بجوار النافذة . آه ، إذا كنت ترغبين في تبادل المقاعد بعد ذلك , يا آنسة .",positive
255,لقد استمتعت بجولة الاستطلاع للأماكن السياحية في نيويورك بالأمس .,positive
256,أنا معجب بالحقيبة الزرقاء الموجودة في شباك العرض .,positive
258,اتصل بصاحب المبنى إذا واجهتك أية مشكلة .,neutral
259,"اغسله بالشامبو وقم بتصفيفه كم هو الآن , من فضلك .",neutral
261,عندما تصل هناك أسأل شخص آخر ، من فضلك .,neutral
263,من فضلك أخبرني بأسرع طريقة للوصول إلى سان فرنسيسكو .,neutral
267,هل أستطيع الحصول على مفتاح الحجرة رقم اثنان خمس عشرة ؟,neutral
268,معذرة ، هل يمكنك أن تلتقط صوراً لي ؟,neutral
269,فقط أكتب رقم غرفة ووقع هنا .,neutral
271,اللون مقبول ، لكن المقاس غير صحيح . هل من الممكن أن تقوم بتغيرها في خلال ساعة ؟,neutral
272,سنكون في انتظارك في ذلك اليوم .,positive
274,لدينا ما يكفينا للاستمرار لمدة يومين .,positive
275,لا أستطيع أن أفهم ذلك .,negative
277,كيف أستطيع أن أرجع مرة أخرى إلى وجهتي والمكان المقصود ؟,neutral
278,هل هذا معفى من الضرائب ؟,neutral
279,حسناً . إن عليهم أن يقوموا بلعب أدوار إضافية حتى يتم إنهاء حالة التعادل .,neutral
280,أريد الامتداد أربع وعشرون ، من فضلك .,neutral
281,هل يمكنك أن تتهجها ؟,neutral
285,تفضل هذان دولاران . احتفظ بالباقي .,neutral
286,متى الغداء ؟,neutral
287,أسف هذا كثير بالنسبة لي ؟,negative
288,من أين أبدأ كي أصل إلى ميدان ينيون ؟,neutral
290,يمكن أن تستفسر من مكتب التأجير الموجود هناك .,neutral
293,هيه ، جاين . هل يمكنكما أخذ كل الأشياء إلى عمال النظافة ؟,neutral
296,أنا في إجازة .,positive
298,لا . أنا أخطط لزيارة باريس في طريق عودتي إلى وطني .,neutral
299,هل ستأخذها معك أم سيكون علينا أن نرسلها ؟,neutral
301,حدث مؤخراً انتشار في خبراء الطعام ، أليس كذلك ؟,neutral
302,قد حدثت منذ حوالي ست ساعات من الآن .,neutral
303,رحلة الخطوط الجوية دلتا رقم واحد واحد اثنان . تم تأخير موعد الركوب .,neutral
304,هل يمكنك أن تعطني اثنين لليلة ؟,neutral
305,هل يمكن أن تكتب لي بلاغ عن سرقة شركة التأمين الخاصة بي ، من فضلك ؟,neutral
306,بما أنني غير ماهر باستخدام الكاميرا . فأنا أعتقد أن كاميرا سهلة الاستعمال ربما تكون الأفضل لي .,positive
307,هل هذا هو الرصيف الصحيح لنيويورك .,neutral
308,استمتع بإجازتك .,positive
312,من فضلك أعطني بعض الشاش .,neutral
313,أريد بطاطس مشوية وعليها قشدة حامضة الطعم ، من فضلك .,positive
314,نعم ، كل عشر دقائق .,neutral
315,واحد هامبرجر وواحد شيز برجر ، من فضلك .,positive
319,كم تتقاضى لتطبيع صور الفيلم ؟,neutral
320,كلا منا يريد أن يحاسب على وجبته .,neutral
322,سأدفع الفاتورة صباح غد .,neutral
323,إني ذاهب إلى هناك ، أيضا . ما رأيك أن نأخذ سيارة أجرة معاً ؟,neutral
324,تفضل كرسي وخذ راحتك . هل أتي لك بشيء لتشربه ؟ قهوة ، شاي أم صودا ؟,neutral
325,أنه شيء رائع منك أن تقول ذلك .,positive
326,المكان كان على كرسي في البهو .,neutral
327,لحم بقري مشوي ، من فضلك .,neutral
329,ستكون المائدة جاهزة ؟,neutral
331,هل لازال متاح لي أن أغير طلبي ؟ أفضل سمك موسى بدلا من محار الصخر .,negative
333,من فضلك غير هذه الينات إلى جنيهات .,neutral
336,يالها من عملية لاستئصال الزائدة الدودية ؟,neutral
338,هل سوف تعطيني الفواتير بالتفاصيل عن العلاج الطبي ؟,neutral
346,أريد قاموس جيب ، من فضلك .,positive
349,حسناً ، أنا لا أعلم .,neutral
350,مبروك ، علمت أنه قد تم ترقيتك إلى نائب رئيس .,positive
351,مساء بعد غد .,neutral
352,أنا أعيش في جنوب اليابان .,neutral
353,تذكرة ذهاب وعودة إلى شيكاغو ، من فضلك .,neutral
355,هل تحب أن تتناول مع البيض لحم خنزير مملح أو لحم من فخذ الخنزير ؟,neutral
358,للدراسة .,neutral
359,من فضلك ، أسرع .,positive
360,"لشخصين عند الساعة السابعة , الاسم وتاناب .",neutral
364,التكييف لا يعمل .,negative
365,أنها هكذا كل يوم اثنين .,neutral
366,"من فضلك اذهب على قاعة المغادرة الدولية , أتمنى لك رحلة سعيدة .",positive
367,هل لديك أية رحلات إلى باريس عبر قطار يوروستار ؟,neutral
368,ساعتي . كانت ساعة سيكو رقمية .,neutral
369,لقد أحضرت الشهادة الطبية لطبيبي من اليابان .,neutral
370,يسعدنا أن نقدم لك الشراب الذي تريده متبوعاً بالغداء . دليل كامل بالمشروبات التي نقدمها على رحلتنا موجودة في دليل المعلومات الخاص بمجلتنا .,positive
373,هل تعيش بالقرب من هنا ؟,neutral
374,هل يمكنك أن ترسلها إلى اليابان ؟,neutral
375,أين محل الهدايا ؟,neutral
379,هل يمكن أن أرد عليك يوم الجمعة ؟,neutral
380,"حسنا , دعني أتثبت من المفقود والموجود . أي نوع من الكاميرات هي ؟",neutral
381,أنا أسف جدا ، نحن نجهز لك الغرفة التي طلبتها .,negative
383,"أوه , أنها تظهر محطات مترو الأنفاق ومحطات الحافلات , هل لي أن أحتفظ بها ؟",neutral
384,آه لقد فقدت شبزوكي .,negative
386,أنا على الطريق الرئيسي بجانب خليج موروا .,neutral
389,نعم ، نحن لدينا . منهج نصف يوم ، ومنهج ليوم كامل .,neutral
390,أحبذ حلق .,positive
391,أريد منبه ، من فضلك .,neutral
392,أريد إلغاء حجزي ، من فضلك .,negative
394,ما هو نظام الاسترداد ؟,neutral
397,الإضاءة لا تعمل .,neutral
398,بالمناسبة ، اسمي هيروش إيجيما .,neutral
400,ما هو فارق التوقيت بين طوكيو وهنا ؟,neutral
401,"هذا القطار يتوقف في لاك فورست , أليس كذلك ؟",neutral
403,كم السعر الإجمالي ؟,neutral
404,شكراً يا سيدي .,positive
405,تقدم للأمام اتجه يمنياً عند الناصية الثالثة .,neutral
407,أشعر بألم حاد في معدتي .,negative
408,معظم اليابانيين يأكلون الأخطبوط والحبار .,neutral
411,هل رأيت ذلك ؟,neutral
412,أنها هدية . هل يمكنك أن تقوم بلف هذه الهدية لي .,positive
414,مساء الخير ، السيدة كنت . لم نلتقي منذ زمن بعيد .,neutral
416,"هل يمكنني الحصول على تذكرتين درجة ثانية لشيكاغوا , من فضلك ؟",neutral
417,أنا أسعد .,positive
419,لقد ذهبت إلى نيويورك .,neutral
422,أود أن أغير حجزي إلي الرحلة الجوية رقم اثنان صفر خمسة في الثاني من أكتوبر .,neutral
423,ما هو رقم الرحلة الجوية ؟,neutral
426,أين طاولة التسجيل الخاصة بشركة دلتا ؟,neutral
427,هل هذه وجبة منخفضة الصوديوم ؟,neutral
429,هذا البند غير مسموح به .,negative
431,أعتقد أننا نستطيع . ها هي ورقتك .,positive
432,"ما هو أخر شئ خلعته من ملابسك , قبل أن تذهب للنوم ؟",neutral
437,لا ، سوف أخذها خلال فترة إقامتي .,neutral
438,هل هو ثابت اللون ؟,neutral
439,هل هذه خاصية خاصة بهذا الحي ؟,neutral
440,أريد بعض البسكويت .,neutral
442,واحد لنيويورك ، من فضلك .,positive
446,لعدة أيام قليلة .,neutral
447,الثاني من على اليسار .,neutral
448,يبدون في حجم صغير جداً .,negative
452,كيف كانت صعوبة الجولات ؟,neutral
454,"أريد مقعد بالقرب من النافذة , من فضلك .",neutral
456,هل أستطيع أن أركب القطار بتذكرة اشتراك ركوب القطار الأوروبي ؟,neutral
457,كم تستغرق كي تصل إلي اليابان ؟,neutral
458,هل لديك خرائط للطرق ؟,neutral
459,أو ، نعم . لقد قرأت عنه في الدليل .,neutral
461,لقد طلبت ثلاثة أكواب من الشاي . لكن لم يأتي ألا أثنين فقط .,negative
462,"الأجهزة الكهربائية رخيصة جداً , لكن مصاريف الأكل والسكن مرتفعة جداً .",negative
463,سأتناولها بالخارج .,neutral
465,غالباً ما أخذ مقاس اثنتي وعشرين في اليابان .,neutral
466,ما هي ساعات عمل متحف الفن ؟,neutral
470,أين يجب أن أدفع أدفع ؟,neutral
471,"هذا الكارت , حسناً ؟",neutral
475,هل هذه هي أول رحلة خارجية لك ؟,neutral
477,أيهما الخاص بمنهج المبتدئين ؟,neutral
479,بالتأكيد هذا البلد به أكثر من نوع من الفاكهة .,neutral
480,أريد التثبت من هذه الحقيبة .,positive
482,هل هناك وجبات في مكان التزلج فوق هذا المنحدر ؟,neutral
483,معذرة ، لقد أغلقت الباب وأنا بالخارج ، هل من الممكن أن أحصل على مفتاح أخر ؟,neutral
485,حول هذه الدولارات الأمريكية إلي الين ياباني ، من فضلك .,neutral
487,من الصعب قول كلمة وداعاً .,negative
488,هل هذا مكتب الاستقبال ؟ هل يوجد عيادة قريبة ؟,neutral
489,معذرة ، هل لي أن أستفسر منك عن أسم طبقك ؟ إنه يبدو لذيذاً .,neutral
490,أنهم يألمومنني .,negative
492,أية بوابة أتوجه إليها بعد ذلك ؟,neutral
493,هل عشرة دولارات ستكون كافية للذهب بالتاكسي ؟,neutral
495,أعتقد أنها كانت ممتازة . تمثيل جيد وحبكة جيدة .,positive
496,يا ، شكراً جزيلاً .,positive
497,لم تعجبني هذه الحجرة . هل من الممكن أن أرى حجرة أخرى ؟,negative
498,أنها أحدث موضة هذا الصيف .,neutral
499,أذهب بي إلى وسط المدينة ، من فضلك .,positive
502,هل لي أن أؤجر سيارة ؟,neutral
503,أنه ذو مذاق غريب .,negative
505,قم بإصلاحها أثناء وجودي بالخارج من فضللك .,negative
507,هل لديكم وجبات خفيفة ؟,neutral
508,من فضلك تحدث ببطء .,neutral
509,سوف أحضر متأخرا ساعة .,negative
511,أنا كن .,neutral
512,"نعم . انتظر , سوف احضر لك واحدة .",neutral
513,نادل .,neutral
514,هل ستمطر طوال هذا الأسبوع ؟,neutral
516,"نصف زجاجة , من فضلك .",neutral
517,هل لديهم عروض حية ؟,neutral
523,هل بإمكاني رؤية هذه الحقيبة ؟,neutral
524,هل لديك شيء آخر ؟,neutral
525,أنت بحاجة للراحة .,neutral
528,من فضلك إملأ بطاقة الوصول التالية واستمارة الجمارك .,neutral
530,هل هذه السيارة متجهة إلى سيتل ؟,neutral
531,هل يمكنني دفع جزء من الرسوم الآن ؟,neutral
532,هي طبيعي أم اصطناعي ؟,neutral
533,هل ستنتظرني هنا ؟,neutral
535,آه شكراً كنت أبحث عنها منذ قليل .,positive
538,نقداً أم على بطاقة الائتمان ؟,neutral
539,أنا غريب تماماً على هذا المكان .,negative
540,ليس تماماً . فقط شيء ما غير غالي الثمن .,neutral
541,هل يمكن أن يتم غسيلها في المغسلة أم يدوياً في المنزل ؟,neutral
542,أحتاج علبة ألوان مائية من فضلك .,neutral
543,آسف . ماذا كنت تريد ؟,neutral
544,أود أن أغير الميعاد إلى التاسع عشر من مايو .,neutral
545,من فضلك وقع هنا . وهذه فاتورة بمصروفاتك .,positive
546,أريد بعض الجوارب الحريمي .,neutral
547,احتاج بعض لحوم الضأن .,neutral
548,هل تبحث عن شيء ما ؟,neutral
549,أود أن تقلني الحافلة المتجهة إلى محطة بين فأي الحافلات أركب ؟,neutral
551,أربع ليالي .,neutral
553,أريد بعض الجوارب الرجالي .,neutral
556,سعراتها الحرارية منخفضة جدا . فقط 30 سعر .,neutral
557,أريد أن أحجز غرفة .,neutral
558,من أي مكان في اليابان أنت ؟,neutral
560,لسوء الحظ هو مشغول جداً في ذلك اليوم .,negative
561,في هذه الحالة ، أنصح بهذه الواحدة .,positive
563,خدمة حجرة .,neutral
564,انتبهوا من فضلكم .,neutral
565,هل تستطيع أن تخفض سعرها لوجود بعض البقع بها ؟,neutral
567,هل لديك أية طوابع تذكارية ؟,neutral
568,هذه غرفة ثلاثة سبعة عشر . يمكنني أخذ بطانية أخرى ؟,neutral
569,هل تستطيع أن توصلني إلى المحطة في خمس عشرة دقيقة .,neutral
570,نحتاج رهن للعربة .,neutral
571,ارتطم بي شخص وبعد ذلك اكتشفت أن محفظتي قد سرقت .,negative
572,لا يوجد أماكن شاغرة بالغرف ذات السرير الواحد ولكن توجد أماكن شاغرة بالغرف المزدوجة .,neutral
573,هل هذه التذكرة سارية فقط لليوم المحدد ؟,neutral
575,متى تصل إلى ميلانو ؟,neutral
576,هل لديكم شخص يتحدث اليابانية ؟,neutral
577,ما هي المحطة التي تذاع عليها الموسيقي الشعبية ؟,neutral
579,شركة الخطوط الجوية دلتا .,neutral
580,أريد إبريق قهوة .,neutral
581,هل تحتوي على حمام ومرحاض ؟,neutral
582,الوقت انتهى .,neutral
584,سمعت أنا السيد يامادا عنده ولدان .,neutral
586,أود أن أستأجر قارب شراعي .,neutral
588,هل بإمكانك عمل الأطباق في وقت لاحق ؟,neutral
589,أريد موقد غاز .,neutral
591,هل يمكنك تغيير الدولارات الأمريكية إلى جنيهات إسترلينية ؟,neutral
594,بالتأكيد يا سيدي . ما اسمك ؟,neutral
596,لست مرتديا للزي الرسمي .,neutral
597,ارجوا أن تحضر المرة القادمة فقط .,neutral
599,أنا غير متأكد إذا كنت قد حزمت ملابس كافية لرحلة مدتها ثلاثة أيام .,negative
600,دولاران لكل واحدة .,neutral
604,لقد تأكدنا جميعا من أن الكراسات قد أرسلت إليكم عن طريق البريد .,neutral
605,ثمة عطل ما بالكاشفات الخلفية .,negative
607,أرني بعض القفازات الجلدية من فضلك .,neutral
608,لقد تعطلت العربة . من فضلك أرسل شخص لإصلاحها .,negative
609,هل بإمكانك أن تزكي لي كتاباً مصوراً لطفل يبلع من العمر 6 سنوات ؟,neutral
610,هل من الممكن أن تحفظ أشيائي الثمينة من فضلك ؟,neutral
611,مرحباً هاري . أشكرك على دعوتك لنا .,positive
612,حسناً ، أود أن أجرب النبيذ الأبيض .,positive
614,إنهم في السينما حتى وقتنا هذا .,neutral
616,معي بها حوالي ألف دولار .,neutral
619,خطئي .,negative
621,احتاج لبعض مشابك الغسيل .,neutral
623,أية أقراص مدمجة مستوردة ؟,neutral
625,سوف ادرس المحادثة بالإنجليزية .,neutral
627,هل قرأت أية كتب جيدة حديثاً ؟,positive
629,سوف أقيم مع صديق في نيويورك .,neutral
631,إذا سأل أحد عني فأخبره بأني سوف أكون بالمقهى .,neutral
632,أنا متأكد أني وضعتها بالجيب الداخلي للمعطف .,neutral
633,هل عندك مكان من الممكن أن أترك فيه أمتعتي ؟,neutral
634,أتيت إلى هنا في عمل .,neutral
636,هل تعرف أية مدرسة غوص جيدة ؟,neutral
637,كم يكون السعر شاملاً الضرائب ؟,neutral
638,أعطني بعض المناديل الورقية .,neutral
639,الشقة المجاورة كثيرة الضوضاء .,neutral
640,نعم ، دكتور كريبس لا يفحص أي مريض بدون موعد مسبق .,neutral
641,هل يمكن أن تخبرين باسم ورقم الطرف الذي تريد الاتصال به ؟,neutral
642,هل هذه هدية ؟,neutral
643,هل ستدفع لي شركة الطيران لشراء بعض الاحتياجات الشخصية الأساسية ؟,neutral
645,هل هذه متجه إلى فندق جراند ؟,neutral
646,لا يوجد أحد هنا بهذا الاسم .,negative
647,"أين رجل الشرطة , من فضلك ؟",neutral
648,هل لي أن اقترض بعض الأشرطة اللاصقة ؟,neutral
650,أرغب في غرفة بحمام .,neutral
652,لم يخرج من الماكينة شيء .,neutral
653,هل هذا معه ضمان ؟,neutral
655,ما هو تشخيصك ؟,neutral
656,إنها بنهاية الممر الموجود بالطابق السابع . أركب المصعد الموجود على يمينك من فضلك .,neutral
659,"نحن في محطة "" جونز ستريت "" .",neutral
660,لم أفكر أبداً في الذهاب إلى الحفلات الموسيقية الكلاسيكية عندما كنت في اليابان .,neutral
666,هل يمكنك وصف هذا الطبق لي ؟,neutral
667,كان يفترض أن تسافر على الطائرة رقم ثمانية اثنان صفر التي أقلعت منذ خمس عشرة دقيقة . حسنا . بإمكاني تنظيم رحلة أخرى .,neutral
668,إنها هنا . مقاعدكم تقع بالقرب من هنا .,neutral
670,هو في رحلة عمل حتى يوم الجمعة القادم .,neutral
671,أنا وزوجتي سعداء جداً لأنك قادم لتقضي معنا نهاية الأسبوع حتى تجرب الحياة الأمريكية في الريف .,positive
672,إنها التالية من على اليمن .,neutral
673,شخص ما فتح الطرد الخاص بي .,neutral
674,نعم من فضلك . اسمي كيروساوا . حتى متى يمكنك أن تحتفظ بتذكرتي ؟,positive
676,من أين يمكنني شراء تذكرة لنقلى إلى المكان الذي أريده ؟,neutral
677,ستمائة دولار كل شهر بالإضافة إلى شهر مقدم وقيمة شهر آخر قيمة سمسرتنا .,neutral
678,هل تفضل المعطف ذو الصف الواحد من الأزرار أم ذو الصفين ؟,neutral
679,"آوه , الأمر بسيط ، هل أنت هنا ، على أية حال .",neutral
680,شركة الخطوط الجوية اليابانية ، طائرة رقم واحد اثنان ثلاثة .,neutral
681,أرغب في شراء شامبو .,neutral
683,هل بإمكانك أن تخبرين متى نصل إلى مجمع الخدمات العامة .,neutral
684,سوف أعاود مرة ثانية بالباقي لك .,positive
685,لا أنا لا أفعل .,neutral
686,يا لها من قطعة من الخزف . قيمة هذا الطبق ثلاثين دولارا ؟,negative
687,هل لديك جاكيت جميل بسعر يبلغ قدره حوالي ثلاثين دولار .,positive
688,ـ أين أقرب محل جزارة ؟,neutral
690,صحيح . هل لديك أية ردود فعل ثانوية أو نفور ؟,neutral
691,بمجرد النظر إليها تبدو وكأنك قد التقطت بعض العدوى منها .,negative
692,"هل بإمكاني أخذ إيصال استلام , من فضلك ؟",neutral
693,يوجد ثلاثة منا .,neutral
694,أعرف . هل تتذكر كم دفعت لتذكرتك ؟,neutral
695,هلاّ شاركتني الشراب ؟,neutral
696,ما هو رقم غرفتي ؟,neutral
698,هل يمكنني أخذ مقعدان من مقاعد الدور الثاني لهذا المساء ؟,neutral
699,أغلقت على المفتاح بداخل الغرفة .,neutral
700,هل تشمل الضرائب ؟,neutral
701,"معذرة . هل يمكنك أن تخبرين عن الطريق إلى محطة السكة الحديدية , من فضلك ؟",neutral
702,متى يفتح مكتب البريد ؟,neutral
703,نرغب في أن نقيم أربع ليالي بدءاً من أول أغسطس .,neutral
704,ولأن هذه الحقيبة مصنوعة من مادة الخمر فكما تلاحظ هي قوية جدة وعلى أحدث موضة .,positive
705,الطعام جميل جداً ، لكني أكلت بما فيه الكفاية ، شكراً .,positive
706,محفظتي سرقت مني في المترو .,negative
707,لابد أن أتجه إلى السفارة اليابانية .,neutral
708,ما اسم هذه الوردة ؟,neutral
709,أليس باستطاعتك أن تعطيها لي مقابل سعر أقل ؟,neutral
710,هل هي لشيكاغو ؟,neutral
713,من فضلك اصرف هذا الشيك السياحي .,neutral
715,أنا مصاب بالحمى منذ أول من أمس ، حلقي يؤلمني بشدة لا أستطيع بلع أي طعام .,negative
717,إنها بأعلى هنا على الحائط ومفتاح التكييف هنا . هل هناك أي شيء آخر سوف تحتاجه سيدي ؟,neutral
719,الخامس عشر من سبتمبر يوم احترام المسنين .,neutral
722,هل يمكنني أن أذهب هناك في الميعاد إذا غادرت من هنا الآن .,neutral
723,ليس هناك صابون في حجرتي .,negative
724,موافق . ولكن أتمنى ألا تأخذ وقت طويل .,neutral
726,هل يمكنك ملأ الاستمارة لي ؟,neutral
728,لقد اشتريت هذه الحقيبة منذ فترة قصيرة ولكن السوستة لا تعمل .,negative
730,أنت تتابع ؟,neutral
731,من فضلكم عودوا إلى الحافلة عند الثالثة .,neutral
732,ملايين من الناس تزور الأضرحة المشهورة في الصلاة الأولى من العام .,positive
735,إذا كان ممكناً ارغب في مائدة بجوار النافذة .,neutral
736,ينبغي ألا أشرب أي شيء يحتوي على ملح .,negative
738,"أرغب في مقعد بجوار الممر , من فضلك .",neutral
739,من فضلك اعطني سعر تقديري .,neutral
740,هذا رائع ، شكراً .,positive
741,عندك أية شيء يمكن أن أتعاطه للطفح الجلدي ؟,neutral
742,هل يمكنك أن تغير الصياغة طبقاً لما قلته للتو ؟,neutral
743,متى سنرفع الأمر إليك ؟,neutral
747,أنا آسف . لقد بيعت كلها .,negative
750,أود أن أرسل بطاقة البريد المصورة هذه إلى اليابان .,neutral
752,أشكرك . هذا مفتاح غرفتك . الشيال سوف يحمل أمتعتك .,positive
755,"احتفظ بأمتعتي , من فضلك .",neutral
756,أرغب في تأجير سيارة متوسطة الحجم بأربعة أبواب .,neutral
758,من أين يمكنني شراء الخزف ؟,neutral
759,قميصي رائحته عرق .,negative
761,كم ستستغرق لكي تطلب ؟,neutral
763,كم ين معك ، سيدي ؟,neutral
764,"أهلا , معي حجز .",positive
765,من فضلك ناولني الملح والفلفل .,neutral
766,أنا حجزت من خلال مكتب طوكيو . سوف أتأخر قليلاً في تسجيل اسمي هذه الليلة .,neutral
767,هيا نتسوق بسرعة .,positive
768,أنا طلبت مقعد غير مسموح فيه التدخين عندما سجلت اسمي ولكن هذا المقعد مسموح فيه التدخين .,negative
769,دعنا نذهب لتناول شراب .,neutral
770,اقترح عليك أن تشتري هذا النوع من السمك ، سنابر الأحمر .,neutral
773,"لا أستطيع أن أفعل ذلك , لكني سوف أضعها في الحقيبة لك .",neutral
774,هل لك أن ترفع صوتك قليلاً من فضلك ؟,neutral
775,هل هناك موعد ومكان محدد ؟,neutral
776,لك جزيل الشكر ، كنت أود أن أحضر ولكني أخشى أن يكون لدي موعد آخر .,neutral
777,كم تستغرق حتى تصبح متاحة .,neutral
778,في كليات أمريكا كرة البيسبول هي اللعبة الأكثر شعبية .,positive
779,سوف أعطيك عقار مسكن للألم .,neutral
780,هل من الممكن أن تخبرني متى يقترب القطار من أكسفورد ؟ أخشى أن أظل راكبا بعد ذلك .,negative
781,بيل أحبك ، هذا كل شيء .,positive
782,أنت تزيد علىّ في السعر .,positive
783,أريد أن أتأكد من الوقت الذي يغادر فيه .,neutral
785,لا أعتقد أني سأكون ذو أهمية كبيرة لك .,negative
786,أين الاستعلامات الرياضية ؟,neutral
787,هذا المقاس ، الذي تسميه المقاس العادي ، سوف تجده هنا .,neutral
789,هل يشمل كل شيء ؟,neutral
790,أعبر الشارع هناك وامشي للأمام حتى تأتي إلى التقاطع الثاني . فندق كيه خلف التقاطع .,neutral
791,أريد شيئاً لآلام الرأس .,negative
792,قليل الدسم ؟ لا يمكن . هل تمزح ؟,negative
793,أين ستنتهي الجولة ، ومتى ؟,neutral
794,"حسنا , لا أعرف إذا كنت سأعتني بهذا .",negative
796,من فضلك أرسل هذا المظروف بريدياً إلى المطار .,neutral
797,أريد شيء من أجل الإمساك .,neutral
801,في فصل الربيع تزهر أشجار الكرز .,positive
802,هل من الممكن أن تطلب منه أن يتوقف عن التدخين هناك بأعلى ؟,neutral
804,سوف اتصل به ثانيةً .,neutral
810,إنني أنوي الإقامة مع صديقي في لوس أنجلوس .,neutral
811,هل من الممكن أن تحضر لي الكريمة من أجل قهوتي !,neutral
812,إنها غير متاحة في المحلات .,neutral
813,هل أنا بحاجة لتذكرة قطار سريع ؟,neutral
814,ها هو ذا رقم تليفوني وعنوان البريد الإلكتروني الخاص بي .,neutral
816,كم عمر هذه الكنيسة ؟,neutral
817,هل من الممكن أن تشتري لي تذكرة للأوبرا ؟,neutral
820,هل لديكم أية جولات سياحية استطلاعية بالحافلة حول المدينة ؟,neutral
821,أنا أسف . أنا نفسي غريب عن هذا المكان .,negative
823,إذا أحببت أن تستعير أياً من الكتب الخاصة بي ، من فضلك أخطرني بذلك . فأنا حقا لا أمانع في إعارة الكتب للأصدقاء .,positive
825,وماذا عن الديكور . هل ستقوم بإعادة طلاء الغرف عندما يقطن بها المستأجر ؟,neutral
827,أرغب في القيام ببعض أعمال الخير .,positive
830,كم مبلغ الضرائب المردودة التي سأحصل عليها ؟,neutral
831,لا أستطيع أن أجدها .,negative
832,هل يمكنني أن أحصل على بعض البطاطس المهروسة ولكن من غير صلصة ؟,neutral
836,بإمكاني إعطائك سيارة فورد ميستا نج بعد سبع سنوات مقابل خمسين دولارا كل اسبوع بنفقات سفر في الميل غير محددة .,neutral
837,أوه . نعم . تفضل .,neutral
838,أتمنى أن أعود إلى هذا المكان ثانية عندما أكون في الولايات المتحدة .,positive
841,لقد استعدت صحتي تماما .,positive
844,ما هي ترتيباتك الخاصة باليوم ؟,neutral
846,هل هذا واضح ؟,neutral
847,لقد سُرقت محفظتي .,negative
848,من أي مكان يمكنني أن أغير القطار الذي يوصلني إلى إدنبره ؟,neutral
850,لم يفتح الباب بهذا المفتاح .,neutral
851,أريدها مطبوخة على نار هادئة .,neutral
853,هل لنا أن ننعم بهذا النعيم وتشبع أنفسنا في هذا المطعم من الدرجة الأولى ؟,positive
854,كم هو لطيف . أكيد أنك تتطلع إلى رؤيتهم .,positive
855,أود أن أضع ذلك في صندوق ودائع آمن .,neutral
856,أي الجولات السياحية أفضل لمشاهدة المتاحف ؟,positive
857,من فضلك استدعي الحمّال .,neutral
859,أين يمكنني تغير نقودي ؟,neutral
860,أنا في حيرة من آمري لا أجد كلاما أقوله .,negative
861,"هل يمكنك تصليحها وإرسالها إلى اليابان , من فضلك ؟",neutral
863,حسنا .,positive
864,يجب أن أبلغ عن السرقة .,negative
866,هل يمكنني أن أقيس هذا الملبس ؟,neutral
868,"لا زلت لا أجد واحدة من حقائبي التي بحثت عنها في مطار "" ناريتا "" .",negative
869,"أعتقد أنه أنا . قص الشعر , من فضلك .",neutral
870,أي نوع من المعاملة تتلقاها ؟,neutral
872,"وجبة خفيفة , من فضلك .",positive
873,أنا معي حوالي مائتي دولاراً نقدا وتأشيرة الدخول .,neutral
875,إذن ألا زالت تقود السيارات الأجرة لفترة طويلة ؟,neutral
877,"من فضلك , تعالى إلى المطعم في الدور الثاني من الساعة السابعة إلى الساعة التاسعة .",neutral
878,إنني أنوي قضاء الإجازة في وسط المدينة حتى الخامس من شهر مايو .,neutral
880,ما هي الاستعدادات التي قاموا بها من أجل النجاح في الامتحان .,neutral
881,أنت تقريباً هناك .,positive
883,كل الركاب يظلوا في مقاعدهم .,neutral
884,أية الحافلات أركب للتوجه إلى نُصب واشنطن التذكاري ؟,neutral
885,اسمي أكيكوا تاناكا .,neutral
888,يعتبر معبد هوريوجي من أقدم المباني الخشبية في العالم التي تستحق المشاهدة .,positive
889,أنا فهمت ، حسنا ، شكراً لاستغراقك مزيداً من الوقت . هل يمكنني الحصول على اثنين من الهوت دوج ؟,positive
891,إني مسرور . أوه . هذا البلاغ الخاص برحلة الطيران الخاصة بي .,positive
893,نعم . في أي وقت جميعهم مرحب بهم هنا .,positive
895,إنني أحتاج إلى شراء بوليصة تأمين .,neutral
897,هل يمكننا ترك أشياءنا ما عدا الأشياء القيمة في الحافلة ؟,neutral
898,"ما هو الـ "" جي . آر "" .",neutral
899,"حولها إلى فواتير ذات قيمة صغيرة , من فضلك ؟",neutral
902,أتساءل عن هذه الرسوم الزائدة على فاتورتي .,negative
903,هل تحب الذهاب إلى المَرْقص ؟,neutral
905,من فضلك . دُلني على مطعم معقول يهيئ جواً جميلا .,positive
906,متى ستكون بطولة الجولف ؟,neutral
907,"بعد العشاء مع الحلو , من فضلك .",positive
909,من فضلك أحضر لي المجفف .,positive
910,هل يمكنك أن تحضر لي بعض الماء . فأنا ظمآن جداً .,negative
912,نحن لسنا جائعون جداً .,positive
914,دعني أشاهد بعض الأحذية بنية اللون .,neutral
915,أين ؟ وفي أي وقت سوف نغادر ؟,neutral
917,أنا سوف أدفع خمسون دولاراً .,neutral
918,"من فضلك , احتفظ بهذه الحقائب حتى الخامسة مساءً , من فضلك . وهل يمكن أن أحصل على إيصال استلام بذلك ؟",neutral
923,لدي زجاجة ويسكي .,neutral
924,سوف آتي لأراك في العاشرة يوم الجمعة .,neutral
928,هل تم تجهيز وجبتي ؟,neutral
929,أحب أن أقوم بالحجز من أجل الجولف .,positive
930,أي أنواع العملات المعدنية يتم العمل بها في آلة البيع هذه ؟,neutral
931,أحب تناول جعة الزنجبيل .,positive
933,أحب بعض طعام الأطفال .,positive
934,الغي المخلل .,negative
937,هل هذا الفستان مصنوع من النايلون ؟,neutral
941,الآن أعرف . ماذا كان الخطأ . ؟,neutral
944,"حجز , من فضلك .",positive
947,"أريد شريط للآلة الكاتبة , من فضلك .",neutral
948,من فضلك افتح الباب بالمفتاح الاحتياطي .,neutral
950,أود تناول فنجاناً آخر من القهوة .,neutral
951,أريد واحداً من الهمبورجر حتى يمكنني الذهاب .,positive
954,هل يمكنك أن تطلب منه أن يعيد المكالمة .,neutral
955,نحن لدينا عربة لتقديم الطعام وأخرى للقهوة على متن القطار .,neutral
956,لم تُنظف حجرتي .,negative
957,أكيدا التي تتحدث معك ، أنا عندي حجز مائدة في تمام الساعة السادسة والثلث هذا المساء . ولكني آسفة لأني سأصل متأخرة نصف ساعة .,negative
958,يمكنك أن تأخذ الحافلة من موقف الحافلات رقم 5 .,neutral
962,هل يوجد أدوات التزلج بالقرب من هنا ؟,neutral
963,شكراً جزياً لك . احتفظ بالباقي لك .,positive
964,هل قمت بوضع طابع بريد على الكارت البريدي .,neutral
965,ثلاثة ليالي .,neutral
967,هل هذا مؤدي إلى إدنبره ؟,neutral
968,متى تحب أن نغادر ؟,neutral
969,هل انا مضطر لتغير الطائرة في الطريق ؟,neutral
972,لا توجد أي مناشف .,negative
973,هل تمانع في أن يحصل عليه شخص آخر نيابة عنّي ؟,neutral
974,هل هذا ما تلمح له ؟,neutral
978,"أوه لقد تعديتها ارجع ثانية , من فضلك .",neutral
979,"إنها عادة يابانية مميزة , على ما أعتقد .",neutral
981,"غلف هؤلاء كلا على انفراد وضع شريط على كل واحدة , من فضلك .",neutral
983,دعني أري ذلك ، نعم ـ اليوم يوجد غذاء خاص سوف يقدم سريعاً .,positive
985,هل تستطيع تقسيم هذه إلى أرباع ؟,neutral
987,"الأبيض , من فضلك .",neutral
989,أريد طلبين من نودلز موريسوبي .,neutral
991,"نعم , توجد غرفة شاغرة . كم عدد الناس الموجدين هناك ؟",neutral
993,هل يوجد محل لتغير العملة بالقرب من هنا ؟,neutral
994,"أنا اسمي تاكشي , وماذا عنك ؟",neutral
995,"استخدمها أسبوعياً قيم بمسح الغشاء الرقيق للعين بها بعد أن تغسل وجهك , متجنباً عيناك ومواضع الشعر .",neutral
996,جرحت بزجاج هنا .,negative
997,كان يجب علىّ أن أسأل المدرب . ولكن هل يمكنك أن تخبرني أي الأجهزة مناسباً للتمارين الخاصة بظهري ؟,neutral
998,"توقف في هذا الجانب من التقاطع القادم , من فضلك .",neutral
1002,أود أخذ بعض الحليب من فضلك .,neutral
1003,كم أوقية من العطر أستطيع الحصول عليه من غير رسوم ؟,neutral
1007,فقط سياحة .,neutral
1008,مشغل .,neutral
1010,"هذا جيد , من فضلك وقع عليهم . كيف تريدها ؟",positive
1011,أعتقد أننا فى المحطة الخطأ .,negative
1014,أفهم . هل لى أن آخذ رقم بطاقتك الائتمانية و تاريخ انتهائها كى أوقف لك الحجز من فضلك ؟,neutral
1016,هل لك أن تضغط لى على زر الإيقاف ؟,neutral
1019,"لقد اشتريت هذا السروال بالأمس , لكنه لا يناسبنى .",negative
1020,هل سينكمش ؟,neutral
1021,هل لك أن تخبرنى الوقت ؟,neutral
1022,لقد تركت حاسوبى الشخصى هناك ليلة أمس .,neutral
1023,هل لا زال لديكم مقاعد لعرض الليلة ؟,neutral
1024,هل تتذكر رقم السيارة ؟,neutral
1025,كم سعر هذا الفستان ؟,neutral
1026,لا أفهم الألمانية على الإطلاق .,negative
1027,إنني أتصل بالمدير .,neutral
1029,"آه , إنى آسف . سوف أحضر طلبك بأقصى سرعة ممكنة .",neutral
1030,بالتأكيد يا سيدى .,positive
1031,"إنه خال من الكحول , لذا تستطيع أن تستريح لأن هناك القليل من التهيج .",positive
1032,تستغرق سبع أو ثمان دقائق على الأقدام حسب سرعة مشيتك .,neutral
1036,أود الحصول على واحدة كبيرة .,positive
1037,لقد نمت و لم أتيقظ حين رن منبه السادسة و النصف .,neutral
1038,أنا مصور حر .,neutral
1039,تأكد من إيداعها فى بوسطون .,neutral
1041,أود الحصول على رابطة عنق .,neutral
1042,سوف أسأل سائق تاكسى آخر .,neutral
1043,واحد بيرة ، شريحة لحم مع بطاطس فرنسية وسلطة الشيف الخاصه .,neutral
1044,مبروك يا هنرى ، أنا سعيد لسماع خبر خطوبتك من جين .,positive
1045,سر فى الاتجاه المستقيم ثم استدر يساراً هناك .,neutral
1046,أريد شيئاً يناسب هذا .,neutral
1047,يستطيع الصرافون أن يغيروا دولاراتك من أجل بقشيش الكازينو . هل نذهب ؟,neutral
1048,لا بد وأنها كانت صدمة كبيرة لك .,negative
1050,لدى ألف جنيه .,neutral
1052,كم من الوقت يستغرق المشى إلى هناك ؟,neutral
1053,كم هى متعبة ؟,neutral
1054,ما هو الدواء الجيد لعينى المتعبتين ؟,neutral
1056,لدينا نحو ثلاثون نوعاً من زيوت الاستحمام .,neutral
1059,أعطني بعض العلكة من فضلك .,positive
1061,هذا ليس كوبون إنه إيصال تسجيل .,neutral
1062,سوف أحضر لك العرض الأسبوع القادم .,neutral
1063,إن اتصالك بالبلد الذى تحاول الاتصال به لا يمكن إتمامه الآن . من فضلك حاول الاتصال فى وقت لاحق .,negative
1064,سوف يتم تجديد العقد سنوياً .,neutral
1065,"من فضلك أيها النادل , هل لى بالفاتورة من فضلك ؟",neutral
1067,هل يمكننى الدفع بالشيك السياحى ؟,neutral
1068,هل يمكننى استقطاع بعضاًُ من التأمين ؟,neutral
1069,هل لك أن تخبرنى كيف أذهب لذلك المطعم ؟,neutral
1070,كان هناك حوالى ثلاثين دولاراً و بعض بطاقات الائتمان .,neutral
1071,فاتورتك تبلغ مائة و خمسين دولاراً و خمس و أربعين سنتاً .,neutral
1074,شكراُ لك . كم تكلفة هذا القفاز ؟,positive
1075,كيف أضعها ؟ من المهم جداً أن تكون هناك .,positive
1076,أود عمل نسخة .,neutral
1081,شكراُ لك . أين مفتاح التغيير فى جهاز التكييف ؟ إن الجو حار جداً .,positive
1082,معذرة ، و لكن أى شارع نحن فيه الآن ؟,neutral
1083,هلا أرسلت هذا الخطاب عبر البريد ؟,neutral
1084,لا ، أنت تذهب فى الاتجاه الخاطئ . عليك أن ترجع للوراء .,negative
1085,هل لك أن تهذب لحيتى من فضلك ؟,neutral
1086,كم من الوقت سيستغرق إتمام الجولة ؟,neutral
1088,أريد بعضا من ورقًُ تغليف الهدايا .,neutral
1092,ماذا بالداخل ؟,neutral
1093,أعتقد أن هناك خطأ فى هذه الفاتورة .,negative
1096,هل لى بفوطة حمام ؟,neutral
1098,علىّ أن أذهب ، سأتصل بك لاحقاً .,neutral
1099,هل لك أن تحجز لى لرؤية الفيلم الموسيقى ؟,neutral
1100,أريد بعض الحفاضات التى يمكن التخلص منها بعد الاستعمال .,neutral
1104,هل لديك سجل بمكان استخدامك لهم ؟,neutral
1107,سوف أتصل ثانيةً .,neutral
1108,ثلاثة أشهر .,neutral
1111,"أفهم , لدينا طبيبة فى الفندق . سأرتب معها لتحضر إلى غرفتك . هل من الممكن أن يحضر مدير الغرف أيضاً ؟",neutral
1112,أين تم تصويره ؟,neutral
1113,لدينا محار جيد جداُ هذا اليوم .,positive
1114,"كاف كما فى كتاب , ياء كما فى يوم , ميم كما فى مهد , واو كما فى ورد , راء كما فى رجل , ألف كما فى ألم . كى-مو-را هو اسمى الأخير .",neutral
1117,لا شكراً .,neutral
1120,لدى ألم فى أسنانى . هل لى بدواء له من فضلك ؟,negative
1121,لا أستطيع تشغيل التكييف .,negative
1122,أين نشأت سمكات الفراش هذه ؟,neutral
1124,هل لك أن تغيرهم إلى دولارات من فضلك ؟,neutral
1126,أنزلنى عند المحطة القادمة .,neutral
1127,هل لك أن ترنى معطفاً ضد الماء ؟,neutral
1128,أين مكتب السياحة ؟,neutral
1130,هل لك أن تتوقف عند السوق فى طريقنا ؟,neutral
1131,ماذا سأفعل لو لم أفهم أسئلته ؟,negative
1132,أريد بعض الجوارب .,neutral
1133,أريد كاميرا أوتوماتيكية من فضلك .,positive
1134,من فضلك خذنى إلى هناك .,positive
1136,هل ينبغى للباب أن يكون مفتوحاً أم مغلقاً ؟,neutral
1138,كم من الدولارات تريد ؟,neutral
1139,نحن محظوظون جداً . لديهم واحدة مقاس أربعة فى متجر ألامونا .,positive
1140,دلنى على الطريق لفندق هيلتون من فضلك .,neutral
1142,هل لديك خريطة لطرق مترو الأنفاق ؟,neutral
1146,هل هناك سيارة ليموزين ؟,neutral
1147,هل لديك علم ما إذا كان هذا المطعم يتطلب حجزاً ؟,neutral
1148,أود حجز رحلة عودة .,neutral
1149,هل لك أن تقترح مطعماُ فرنسياً جيداً ؟,neutral
1151,هل هناك محل حلاقة فى الفندق ؟,neutral
1152,إن محبس حوض الاستحمام مكسور .,negative
1153,هذه هدية ، لذا غلفها من فضلك .,positive
1154,أنا مسرور بلقائك .,positive
1156,شئ ما خطأ فى البطارية .,negative
1157,لدى شئ أسألك عنه .,neutral
1161,من فضلك اجعل الحجرة أدفأ قليلاً .,neutral
1162,حجرتى لم تعد .,neutral
1163,هل لى أن أتلقى اتصالاً يوقظنى فى الخامسة و النصف من صباح الغد ؟,neutral
1165,أُفضلُ حجرة هادئة .,neutral
1167,أريد مزيلا لطلاء الأظافر .,neutral
1168,من فضلك اذهب فى الاتجاه المستقيم .,neutral
1169,هلا ساعدتنى فى إيجاد أمتعتى ؟,positive
1171,أخمن أن ذاك الذى بالأسفل هو مركز التجارة العالمى ، أليس صحيحاً ؟,neutral
1172,أين متجر النماذج البلاستيكية ؟,neutral
1173,لا أستطيع إخبارك .,neutral
1174,هل لك أن تقترح دواء لآلام المغص ؟,neutral
1176,أين الرصيف رقم خمسة ؟,neutral
1177,"نعم ، يبدو أنه شئ يحتاج لمزيد من الفحص ، هلا تحريت ذلك يا سيد كينان , ثم ترفع تقريراً بالنتائج للسيد ناكاياما بأسرع وقت ممكن ؟",neutral
1179,لا ، شكراً لك .,neutral
1180,أعتقد أن هناك خطأ فى الفاتورة . هناك رسوم خدمة حجرة . لكنى لم أتلقى أى خدمة .,negative
1181,أريد أن أسافر بالطائرة فى أقرب وقت ممكن .,positive
1182,هل المسافة طويلة إلى فندق هيلتون ؟,neutral
1183,أريد بطارية .,neutral
1184,هل تعرف مطعماً جيداً نستطيع أن نتناول فيه وجبات جيدة بسعر مناسب ؟,positive
1186,أريد أحمر شفاه .,neutral
1191,هذه خمسة و ثلاثون دولاراً .,neutral
1192,أود تغيير حجزى . هل لى أن أغير رحلة ب أأ خمسة صفر خمسة إلى الرحلة خمسة صفر خمسة ؟,neutral
1193,هل هناك فرقة موسيقية أم دي جي ؟,neutral
1194,هل أستطيع تأجير أداة للتنفس أثناء السباحة ؟,neutral
1195,لقد خرج الفحم ، لكنى لم ألحظ أى تغيير .,neutral
1196,أستطيع أن أعطيك خصم ثلاثة بالمائة .,neutral
1197,لقد لحق هذا الضرر بالسيارة قبل أن أستأجرها .,negative
1198,حسناً . أريد أن أرتديه فى حفل الزفاف يوم السبت .,positive
1199,أود حجز غرفة لأربع ليالى ابتداء من الثانى و العشرين من ديسمبر .,neutral
1201,لا ، نريد كل فاتورة على حدة من فضلك . ليدفع كل عن نفسه .,neutral
1202,أريد دليلاً باللغة اليابانية .,neutral
1205,معذرة . أنا غريب هنا . هل لى أن أسأل الرجل لك إذا أحببت ؟ لحظة واحدة من فضلك .,neutral
1208,هل أستطيع اللحاق بالأوتوبيس الذى يذهب إلى فندق هيلتون ؟,neutral
1210,"هل هناك أى رحلة لـ "" تيرول "" فى غضون ثلاثة أو أربعة أيام ؟",neutral
1211,أشعر بتحسن الآن .,positive
1212,هل هذه الحقيبة مناسبة لكل حالات الطقس ؟,neutral
1213,أريد كعكة محلاة من فضلك .,positive
1215,آسف ، و لكننا سنتأخر ثلاثين دقيقة .,negative
1216,هل لك أن تغير هذه العملة الورقية إلى نقود معدنية ؟,neutral
1217,غرفتك سيدى .,neutral
1218,أريد تأجير سلاح آلى لمدة يومين .,neutral
1220,من فضلك أوقف كل التعاملات على هذه البطاقة .,negative
1221,هل سأحصل على خصم إذا أنا مكثت بفندقكم لمدة شهر ؟,neutral
1222,هل أنت هنا للعمل أم للبحث ؟,neutral
1223,هل فرغت من عشائك ؟,neutral
1224,لم أدرك الرحلة رقم عشرون المتجهة إلى سان فرانسيسكو .,neutral
1225,إن جودة هذه أفضل .,positive
1227,بالتأكيد سيدى . أبيض أم ملون ؟,neutral
1230,لقد رهنت جنيهان .,neutral
1231,هل لديك جولة تشمل زيارة لجسر البوابة الذهبية ؟,neutral
1233,لا أستطيع جعلها لرحلتى التكميلية .,negative
1234,كم سأدفع للوصول إلى المطار ؟,neutral
1235,هذا جيد . متى هو ؟,positive
1240,من أين أستقل الأوتوبيس كى أذهب إلى المتحف ؟,neutral
1241,من هو مؤلف المسرحية ؟,neutral
1243,صندوق ودائع من فضلك .,neutral
1245,سأبقى هنا لمدة شهر فقط .,neutral
1246,متى تبدأ الجولة ؟,neutral
1247,متى تبدأ الحفلة الصباحية ؟,neutral
1248,أنا من روسيا .,neutral
1251,أنا حزين لسماع ذلك . هل عندك حمى ؟,negative
1254,أين يمكنني أن أركب الأوتوبيس المتوجه إلى متحف ميتروبوليتان ؟,neutral
1256,أنا شعرت بالسعادة حقيقة وأنا معك .,positive
1257,أين أقرب مكتبة ؟,neutral
1259,هل لديك أي غرف متاحة الليلة ؟,neutral
1260,هل ستصرف هذا الشيك السياحي البالغ مئة دولار من فضلك ؟,neutral
1263,وصلت طيارتنا أخيراًُ إلى هونولولو .,positive
1270,أريد هذا النوع من فضلك .,positive
1274,"افضل أن لا ادخل المستشفى , لو أمكن .",negative
1276,كم عمر ابنتك ؟,neutral
1277,"إنها الرحلة رقم سبعة صفر ثلاثة المتجهة إلى طوكيو في الرابع من سبتمبر , الجمعة .",neutral
1278,أين أضع متعلقاتي ؟,neutral
1280,"بهذا السعر , اعتقد إنني سوف ابحث عن محلات أخري .",neutral
1281,من فضلك اغلق جميع الأجهزة الإلكترونية .,neutral
1283,كم تريد أن تصرف ؟,neutral
1284,ليس ضرورياً بعد توقف الألم .,neutral
1285,لماذا تستيقظ مبكراًُ كل صباح ؟,negative
1286,ابحث عن معجون .,neutral
1287,كم من المشاهدين يستوعب هذا الإستاد ؟,neutral
1288,"نعم , ذلك صحيح .",positive
1289,تجليد كتابي مفكوك .,negative
1290,نريد أن نلعب تنس اليوم .,positive
1291,هل من الممكن أن تأتي معي من فضلك ؟,neutral
1292,"أسف , لا اعرف هذه البقعة من المدينة .",neutral
1293,سأتصل به مرة أخري الرابعة بعد الظهر .,neutral
1294,في صباح الحادي عشر من يناير وقعت الحادثة .,neutral
1296,هل يناسبك الثلاثاء القادم ؟,neutral
1297,ماذا عن الغد ؟,neutral
1299,"ما نوع المطعم الذي تبحث عنه ؟ هل تريد فقط تناول العشاء , أم أنك تبحث عن مطعم فيه بار ؟",neutral
1301,هل يوجد قسم شرطة هنا ؟,neutral
1302,العمر المتوقع للياباني هو الأطول في العالم .,neutral
1305,اثنين بطاطس مقلية وواحدة كولا . دولاران من فضلك .,neutral
1306,غرفة مفردة من فضلك .,neutral
1308,اين منحدر التزلج على الجليد ؟,neutral
1310,اسفل الباب الخلفي .,neutral
1311,نتطلع لان نراك مرة أخري .,positive
1312,هل يمكن أن تدلني على بعض الفنادق الرخيصة والنظيفة ؟,neutral
1314,هل لي أن أحصل مراجعة هذا الكتاب ؟,neutral
1317,هل من الممكن أن ترشح لي مطعما فرنسيا جيدا قريبا من هنا ؟,neutral
1318,هذه هي بطاقة التأكيد .,neutral
1319,هذا سوف يكون على ما يرام .,positive
1320,"إذن , هذا ألفان وخمسمائة دولاراً شهرياًُ . يمكننا أن نؤكد إننا سوف ندفع لك ثلاثة آلاف دولاراًُ شهرياً . ماذا عن ذلك ؟",neutral
1321,يمكننا ان نحجز لك غرفة مريحة في قلعة قديمة بالقرب من نادي جولف شهير .,positive
1322,أتمنى لك زواجاً سعيداً .,positive
1323,"هل عندك "" بالانتين "" عمره عشر سنوات ؟",neutral
1326,هل هذا مقاوم للانكماش ؟,neutral
1327,هل الحديقة النباتية مفتوحة اليوم ؟,neutral
1328,"ربما يمكننا عمل ذلك , لكن أخشى أن يستغرق ذلك أشهراً قليلة .",negative
1329,ارشح ذلك لأنه مائة في المائة مصنوع من مكونات طبيعية .,positive
1330,أريد أن استأجر سيارة .,neutral
1331,هل يمكننا تناول طبق من فضلك ؟,neutral
1333,خذنا إلى فندق شيكاغو .,neutral
1336,تأجلت الرحلة لمدة تسعة وتسعون سرعة بسبب الطقس السيئ .,negative
1337,طوارئ .,neutral
1339,أريد شيئاً بأسلوب شانيل المتكرر .,neutral
1340,في أي ممر يوجد الحفاضات الصحية ؟,neutral
1342,هل من الممكن أن تريني جواز سفرك واستمارة الجمارك من فضلك ؟,neutral
1345,أريد أن ألتحق بجولة شلالات نياجرا .,positive
1346,طبقنا اليوم هو جمبري بنكهة الثوم مع طبق الأرز المتبل .,neutral
1347,مرحباً . هل هذا السيد كلارك ؟,neutral
1348,هل تود أن تناول مشهي ؟,neutral
1350,هل لديك أي أدوية ؟,neutral
1351,أعتقد أنك حصلت على الرقم الخطأ .,negative
1353,أريد فستاناُ أحمر .,neutral
1358,أظن ذلك .,neutral
1360,بطاقة اسمي عليها .,neutral
1361,هل يتوقف القطار في برايتون ؟,neutral
1366,هذه آخر إضافة لنا لخط التعبئة . نحن نعبء حوالي ستمائة صندوق كل يوم .,neutral
1367,أريد الذهاب .,positive
1368,"أريد مكواة , من فضلك .",positive
1369,هل من الممكن أن تخبرني أين أستطيع أن أحصل على تاكسي ؟,neutral
1371,"آه لا , إنه يقول لي شيئا ما ، ماذا ينبغي أن أفعل ؟",negative
1372,نعم . هم كذلك .,neutral
1374,من فضلك أحضر لي الإفطار في غرفتي .,neutral
1375,تذكرتين درجة ثانية من فضلك .,neutral
1376,هذه ضيقة .,positive
1379,من فضلك أرسل هذه السيارة إلى الفندق غدا في الثامنة صباحا .,neutral
1382,هل هناك رحلة بالسفينة تشمل الغذاء والعشاء ؟,neutral
1384,أود أن أرسل فاكس .,neutral
1385,هل عندك لون أفتح ؟,neutral
1386,إنها مبهرجة جدا .,positive
1388,حسنا ، لا . سوف أتصل به مرة أخرى في غضون عشرين دقيقة . شكرا لك .,neutral
1389,التعليم تم الاهتمام به ، والقوة العسكرية زادت .,positive
1390,أيهما تفضل في العشاء ، لحم بقري أم سمك ؟,neutral
1391,ممكن الماستر كارد ؟,neutral
1394,أريد مكواة سفر .,neutral
1396,أيمكنني أن أقدم لك أي شيء ؟,neutral
1397,هذا المقاس من فضلك .,positive
1398,لا أحبها .,negative
1403,خمسة دولارات والمشروبات إضافية .,neutral
1404,أخشى أن أسأل ، لكن ماذا تعني ؟,neutral
1406,كم السعر لفردين ؟,neutral
1407,أصبت بمغص فجأة .,negative
1410,كم يتقاضى المرشد في اليوم ؟,neutral
1411,اسمي هيروشي موري .,neutral
1412,أريد بعض الزبادي من فضلك .,positive
1413,نعم . هل هذه هي الطاولة الصحيحة للخطوط الجوية المتحدة رحلة ثمانية اثنين صفر ؟,neutral
1415,هل ينبغي علينا ارتداء معاطف ورابطات عنق ؟,neutral
1417,ما الاتوبيس الذي يذهب إلى قاعة جيلد ؟,neutral
1418,أريد الشخص الذي يعد وثائق عادية في حجم ورقة الخطاب بدون الحاجة إلى طيهم .,neutral
1419,من فضلك تعال من هذا الطريق . دعني أساعدك في حمل حقائبك .,neutral
1423,إنها على الرف الثاني في الصف الأوسط .,neutral
1424,أين البار ؟,neutral
1426,من فضلك سجل اسمك قبل تسعة صفر تسعة صباحا .,neutral
1427,مقاعدنا منفصلة .,neutral
1428,بالتأكيد . أين تريد أن تذهب ؟,neutral
1433,نعم ، لكن ليس قويا جدا .,neutral
1434,أنا شديد الحساسية للقطط .,negative
1435,أريد دفتر لتسجيل من فضلك .,neutral
1436,"نعم , لا بد أن يكون عندك رخصة قيادة ، ولا بد أن تحصل على رخصة من لجنة التاكسي والليموزين .",neutral
1438,وقت سعيد .,positive
1439,آسف ، كل المقاعد مشغولة في الثلاثين من أغسطس .,neutral
1440,هل يمكن أن أرى شيئا أرخص .,neutral
1441,هل من الممكن أن تستدعي تاكسيا لي ؟,neutral
1443,هل أنا بحاجة للعودة فورا إلى اليابان ؟,neutral
1444,مصاريف الغرفة أغلى مما أُخبرت .,negative
1446,أود أن أطلب طلب آخر . هل من الممكن أن أرى قائمة الطعام مرة أخرى ؟,neutral
1447,كان هناك ميدالية مفاتيح على شكل قطة معلقة في شريط هنا .,neutral
1450,ماذا ستفعل مع هذه الحقيبة الصغيرة ؟,neutral
1451,أريد شيئا للبرد .,neutral
1454,هل من الممكن أن أرى هذا ؟,neutral
1457,ثمانية عشر دولارا بالضبط .,neutral
1458,من فضلك اصرف هذا الشيك السياحي .,neutral
1459,أين أضع الغسيل ؟,neutral
1460,هل كان عندك الكفاية ؟,negative
1462,استمر يا سيدي .,positive
1464,امشي إلى آخر هذا الشارع . إنها قبل محل الأيس كريم مباشرة .,neutral
1465,يبدوا أنني غير قادر على الحصول على الماء الساخن .,negative
1470,ليس عندي حجز .,neutral
1471,هل يمكن أن ألمسها ؟,neutral
1472,أشر على مكانها على الخريطة من فضلك .,neutral
1473,هل هناك مطاعم رخيصة وجيدة قريبة من هنا ؟,neutral
1474,أود أن أحجز غرفة لهذه الليلة .,neutral
1475,هذا بيت رائع .,positive
1476,هل هذه هي المحطة للأتوبيس المتجهة إلى شيلسي ؟,neutral
1477,"سوف أحضر إلى الفندق متأخر قليلا هذه الليلة , ولكن من فضلك أحتفظ بحجزي .",neutral
1478,هل من الممكن استخدام البطاقة الائتمانية ؟,neutral
1480,عندما يأتي المحصل ليرى تذكرتك ، من فضلك أره جوازك وهذه التذكرة .,neutral
1484,ما عدا الأقلام الرصاص التي تحتاج ؟,neutral
1487,ما هو أحدث كتاب لجالبريث ؟,neutral
1489,مقعد دخول واحد من فضلك .,neutral
1490,طلبت نصف طازج ، ليس ناضجا بالكامل .,negative
1491,سيكون بدلتك جاهز بعد أسبوع من البروفة يا سيدي .,positive
1492,لا ، إنها لا تشمل الضريبة ومصاريف الخدمة .,neutral
1494,أريد عصير تفاح وخبز محمص وبيض مقلي وقهوة .,neutral
1496,أين محل الكاميرات ؟,neutral
1497,واحد كوكاكولا صغير من فضلك .,positive
1498,أنما أنا مبتدئ . أعتقد أني لا أستطيع عمل ذلك .,negative
1499,أربع تفاحات .,neutral
1504,كم تكلف لتأمينها بثلاثمائة دولار ؟,neutral
1506,هل تريد أن تذهب للتسوق معي بعد الظهر ؟,neutral
1507,هل من الممكن أن تعيد إصدار بطاقتي الائتمانية ؟,neutral
1508,هيه ، هذا فستان جميل حقا .,positive
1510,اعطني بعض الوقت للتفكير .,neutral
1512,يجب أن تستريح اليوم .,positive
1513,أريد أن أعيد تأكيد ما المفروض أن أفعله بالضبط .,neutral
1515,أعرف كيف تشعر ، هون عليك .,neutral
1517,سوف أتصل مرة أخرى .,neutral
1519,الآن ، مكالمتك ردت . تفضل من فضلك .,positive
1521,هل ستحجز مائدة لاثنين في هذا المطعم في السادسة هذه الليلة ؟,neutral
1522,يا له من شيء غريب . إنه يبدو كطبق طائر في السماء .,negative
1523,لا أستطيع أن أنام جيدا .,negative
1525,ما رقم البوابة ؟,neutral
1538,هل من الممكن من فضلك أن تخبرني عن أي شيء هذه الرسوم ؟,neutral
1539,ما التذكار الخاص بهاواي ؟,neutral
1540,مرحبا ، هذه غرفة ثلاثة صفر خمسة .,neutral
1541,أريد بعض الأملاح للحمام .,negative
1543,هل من الممكن أن تصلح هذه الكاميرا ؟ إنها لا تسحب بشكل جيد .,negative
1544,ما اسمك ورقمك ؟,neutral
1546,فكرت أنه مقدار ثابت بين المطار ووسط المدينة .,neutral
1548,هلا تكرمت وذهبت وتأكدت منها الآن ؟ لو كانوا هناك ، هل ستحضر كل شيء هنا في الحال ؟,neutral
1550,حسنا ، أعتقد أن سعر الصرف يتقلب بين توقعات بالارتفاع والانخفاض عموما .,neutral
1552,لها أصالة وتاريخ .,positive
1553,ما اللعبة التي تلعب في الإستاد ؟,neutral
1555,ماذا ستفعل في ليلة رأس السنة ؟,neutral
1556,أيمكنني أن أذهب هناك بمترو الأنفاق ؟,neutral
1557,هل من الممكن أن تعطني رقم السفارة أو القنصلية اليابانية من فضلك ؟,neutral
1559,إنها جيدة . إنها مريحة جدا .,positive
1560,أريد مجفف .,neutral
1561,"حسنا , هذه غرفة هادئة . جميلة جدا .",neutral
1562,هل نذهب إلى أي مكان متحدثين مثل ذلك ؟,neutral
1564,عندي حجز في السابعة .,neutral
1567,هذا جيد . لكن سيكون هناك انخفاض في المصاريف مائتين دولار .,positive
1568,"في السابعة صباحا , التوقيت المحلي .",neutral
1571,إنها في آخر هذا الشارع بعد ثلاثة عمارات كما أخمن .,neutral
1572,"آسف , إنها محجوزة بالكامل لموسم أجازات عيد الميلاد ، لكن عندنا مقعد واحد في الثاني والعشرين من ديسمبر .",neutral
1574,فهمت . شكرا لك .,positive
1579,هل أحصل على تعويض إذا لم تجدوا حقيبتي ؟,negative
1583,حسنا . أي أنواع الفاكهة تحب ؟,neutral
1584,متى كان آخر حيض لك ؟,neutral
1585,أنا من النرويج .,neutral
1586,عملت إعادة تأكيد بالتليفون منذ يومين .,neutral
1587,لست متأكدا ما إذا كان جواز سفري نُشل أم أنه ببساطة سقط من جيبي .,negative
1591,طول الصندوق خمسة وستون سنتيمترا وعرضه ثلاثين سنتيمترا وارتفاعه ثمانية عشر سنتيمترا .,neutral
1592,أبحث عن تذكار .,neutral
1595,إنها تحتوي علي أربعة جزر رئيسية .,neutral
1597,الساعة العاشرة . هذا مفتاح غرفتك . غرفتك رقم أربعة وخمسون ثلاثة وثلاثون . الخادم سيأخذ حقائبك إلى أعلى .,neutral
1598,"نعم , نحن نقضي وقت جميل في هاواي . كنت أتمنى لو كنت هنا .",positive
1599,هل يمكنك أن تزودني بالترجمة ؟,neutral
1600,سوف أتناول بعض الشاي مع اللبن .,neutral
1602,هل ممكن أن تحف شعري نصف بوصة فوق الحاجب ؟,neutral
1603,من ثمانية إلى اثنى عشر من فضلك .,neutral
1606,متى يفتح ؟,neutral
1607,هل عندك غرف بأقل من خمسين دولارا في الليلة ؟,neutral
1609,مائدة لفردين في السادسة هذا المساء من فضلك .,neutral
1610,بقيمة خمسة عشر دولار من فضلك .,neutral
1611,انعطف يسارا عند الضوء الوامض .,neutral
1612,لا أحتاج أي شيء .,neutral
1615,هل من الممكن أن أحجز في جولة سياحية استطلاعية ؟,neutral
1616,كيف أملئ هذه ؟,neutral
1617,ترى مبنى أبيض في الجانب الآخر من الشارع ، إنه هو .,neutral
1619,بالتأكيد . دعني أراها . أظن أن المرجان جرحك .,negative
1620,لقط للتأكيد ، إعطني رقم المسئول .,neutral
1622,هل هناك طريق حر ؟,neutral
1623,أنا ادرس لكي أصبح عالم .,neutral
1624,هل من الممكن أن تعطني تذكرتين للمقاعد المحجوزة ؟,neutral
1626,من فضلك اخلع ملابسك وارتدي هذا الثوب .,neutral
1627,هل من الممكن أن تضع سريرا إضافيا في الغرفة ؟,neutral
1628,هل يمكنني الحصول على عامل تليفون ياباني ؟,neutral
1629,خذ هذا حتى المحطة . من هناك عليك أن تذهب إلى الفندق على قدميك .,neutral
1630,لماذا لم يأت إلى الحفلة أمس ؟,neutral
1631,أريد أن أستأجر قارب بمرشد من فضلك .,neutral
1635,أتوجد حجرة استراحة عامة في مكان قريب من هنا ؟,neutral
1636,"أرني إياها , من فضلك .",neutral
1637,لقد كان هناك حادث مرور .,negative
1638,لم أجر أي مكالمات تليفونية .,neutral
1640,من فضلك امسك أمتعتي .,neutral
1642,هل من الممكن أن أتلقي مكالمة إيقاظ في الساعة السابعة صباحا ؟,neutral
1643,هل لديك شريطا ؟,neutral
1644,احبه بقليل من اللبن والسكر .,neutral
1645,أود أن أغير الرحلة الجوية إلى شيكاغو من التاسعة إلى الحادية عشر .,neutral
1647,من فضلك احضر إلى مرطب شعر .,neutral
1649,الياكاتا والهابي هما تذكاران يابانيان شعبيان للأجانب .,positive
1650,"آسف , لقد اتصلت بالرقم الخطأ .",negative
1652,أين يوجد أقرب محل للأحذية ؟,neutral
1653,من فضلك ادخل رقم هويتك الشخصية .,neutral
1656,لديك حاسة فنية .,positive
1657,من فضلك تعهد هذه الأمتعة حتى الساعة الثالثة .,neutral
1658,أتيت إلي هنا لكي أرى أوبرا أصيلة .,positive
1663,لا أستطيع ضبط اللوحة .,negative
1664,هل هؤلاء معرضون للبيع اليوم ؟,neutral
1666,"لا تذهب إلي العمل حتى الثلاثاء , و لا تأكل كثيرا .",neutral
1668,"واحد هامبورجر بالجبن و عصير برتقال , من فضلك .",neutral
1670,هاك جواز سفري .,neutral
1672,مصارعة السامو هي واحدة من الرياضات التقليدية . تقام المباريات ست مرات في السنة .,neutral
1673,"كرسي علي الممر , من فضلك .",neutral
1674,الممارسة تؤدي إلى الإتقان .,positive
1677,كم عدد الأيام التي سوف تأخذها لكي تطلب ؟,neutral
1678,هي ممشوقة القوام .,negative
1680,نحتاج إلى المزيد من الوقت لكي نفحص العقد .,neutral
1682,"لماذا , شكرا جزيلا . هل أستطيع الارتقاء للقمة ؟",positive
1683,اشعر بغثيان . أمن الممكن الحصول علي حقيبة دوار الجو ؟,negative
1684,لو سمحت أخبرني كيف أستطيع الوصول إلى المتحف .,neutral
1685,هل هذا مصنوع من الجلد ؟,neutral
1686,يا . أنت بنفسك ؟ لما لا تتناول الغذاء معنا ؟,neutral
1689,شكرا . أنت أيضا .,positive
1691,"هل يمكن أن تحفظ أشيائي الثمينة , من فضلك ؟",neutral
1697,هل تتناول أي أدوية أخري ؟,neutral
1698,أريد أن أذهب إلي الموقع المتقدم .,neutral
1699,هل قررت بعد ؟,neutral
1700,"جيني . مايك . سارة . سام . تعالوا , الجميع مستيقظ .",positive
1702,هل أستطيع أن الحصول علي تذكرتان للمسرحية الغنائية الجمعة القادمة .,neutral
1704,هل من المكن إعلامي بمجرد إصلاحها ؟,neutral
1706,أريد جاكيت .,neutral
1707,"لا , شكرا . أستطيع أن أجد المكان . أراك لاحقا .",neutral
1708,مرحبا بك . أفضل مقعد علي الممر .,positive
1709,أريد استئجار سيارة متوسطة الحجم لثلاثة أيام .,neutral
1710,هل لديك حقيبة لتذهب بها .,neutral
1711,أريد الاتصال بسان فرانسيسكو .,neutral
1712,لقد سرقت حقيبتي في ردهة الفندق .,negative
1715,كيف ومتي يجب أن أدفع النفقات ؟,neutral
1718,راكب آخر هناك قال انهم يستطيعون أن يبدلوا مقاعدهم معك .,neutral
1719,لقد أكلنا كثيرا .,negative
1721,انه ضيق للغاية هنا .,negative
1722,من فضلك كبر المطبوعة إلي هذا الحجم .,neutral
1723,"أهلا , هذه الغرفة رقم اثني عشر أربعة وثلاثون . أنا أودا . أريد أن مكالمة لإيقاظ في الساعة السادسة غدا صباحا , من فضلك .",neutral
1725,"أمن الممكن أن تدفع في المكتب الأمامي , من فضلك ؟",neutral
1726,"هل أستطيع الحصول علي الباقي , من فضلك ؟",neutral
1727,من الممكن أن تكون مهتما بهذا الكمبيوتر الصغير .,positive
1730,عموما لقد كانت رحلة طيران سهلة تخللتها قليل من المشاكل .,positive
1733,ما هو رقم رحلتك الطائرة ؟,neutral
1735,أنا سعيد لأنك أحببتها . لقد حصلت عليها عبر صفقة بيع في محل متعدد الاقسام ايه بي سي .,positive
1737,هل أستطيع تناول عشاء علي السفينة ؟,neutral
1738,هل أستطيع الحصول علي نشرة للجولة السياحية ؟,neutral
1740,هل أنت عضو دائم في نادي تأجير السيارات .,neutral
1742,ماذا ستشتري ؟,neutral
1743,"بالضبط . أنت تشاركنا في رأينا . علي فكرة , هو قال انك ذو سلوكيات حميدة .",positive
1744,كيف قضيت إجازات الصيف ؟,positive
1745,أغلق الآن وسوف اتصل بك مرة أخري .,negative
1747,هل تضع كولونيا شانل ؟,neutral
1748,إنها بعيدة للغاية . أريد وسيلة مواصلات .,negative
1751,هل لديك هذا بلون احمر ؟,neutral
1752,من فضلك أخبرني كيف استخدمها .,neutral
1754,هل أستطيع تمديد إقامتي ؟,neutral
1755,"محاولة رائعة , ولكنك لن تعرف بطريقة مؤكدة بدون المحاولة .",positive
1757,كيف أستطيع الاتصال بمكتب الاستعلامات ؟,neutral
1758,انهم جوعي .,neutral
1766,"يا صاح , أتعرف أي مكان يستحق الرؤية قريبا من هنا ؟",neutral
1767,هل من الممكن أن أرى رخصة سائقك ؟,neutral
1768,"لا , أريد أن استأجر نصف مجموعة من المضارب وزوجا من الأحذية .",neutral
1770,شكرا لك . استمتع بإقامتك .,positive
1771,أنا قادم من هوكايدو .,neutral
1774,أتمني لك رحلة سعيدة .,positive
1775,هل لديك هذا ؟,positive
1777,ما هذه الماركة ؟,neutral
1779,"إنها معروضة للبيع الآن , بثلاثين دولار وتسعة وأربعون سنتا فقط .",neutral
1781,أنا كنت غضبان مما قاله موظف البيع .,negative
1782,هل من الممكن أن تخبرني عندما تعقروا علي الحقيبة الضائعة ؟,neutral
1784,هل لديك شيء أكبر ؟,neutral
1786,يكون الجو رطب في اليابان صيفا .,neutral
1787,أريد أن اصل إلي المطار الساعة الثانية .,neutral
1788,ما اسم هذه المحمية ؟,neutral
1789,هل هناك أي تعديلات تحب أن نجريها ؟,neutral
1790,أنا أريد اللون الذي سوف يجعلني أبدو أصغر ؟,neutral
1791,أصبت بسحجة .,negative
1792,أين يوجد مكان جيد به لمشاهدة الأماكن المهمة ؟,neutral
1798,"من فضلك , أحضر حقائبي إلي الغرفة .",neutral
1799,"أريد بعض الطماطم , من فضلك .",positive
1800,هل من الممكن أن احصل علي بعض الفاكهة ؟,neutral
1801,لا توجد مشكلة .,positive
1802,هل أستطيع أن أدخل الغرفة الآن ؟,neutral
1803,لن أجد شيئا مثل هذا في اليابان . سوف اشتريها .,neutral
1804,في يوم الأربعاء ليلا .,neutral
1805,من فضلك دلني علي مقعدي .,neutral
1808,أي نوع من الحلو لديكم ؟,neutral
1810,أنت تخطئ في العد .,negative
1811,إنها الساعة الثالثة .,neutral
1813,"بعد الرقبة قليلا , من فضلك .",neutral
1814,أنا لا أستطيع أن أميز ما تقوله .,negative
1816,كم سعر التذكرة ليوم واحد ؟,neutral
1817,هل اتصلت بي ؟,neutral
1818,ما رقم رحلتك الجوية ؟,neutral
1821,هل تعرف ذوق صديقك في الملابس ؟,neutral
1822,هل هذا المكان هو الذي أقصده في حالة ضياع الحقيبة ؟,neutral
1823,احتاجهم بصورة عاجلة .,neutral
1825,كم تبلغ التكلفة المجملة ؟,neutral
1827,هل تعلم بوجود بنوك أو أجهزة صرف آلي بالقرب من هنا .,neutral
1828,أنا آسف ، لكني أريد أن ألغي الحجز .,negative
1830,سأكون هناك في حوالي الرابعة بعد الظهر .,neutral
1831,أريد أن أغادر يوماً قبل الميعاد .,neutral
1832,ما هي السلع التي يتخصص فيها المحل .,neutral
1834,هل أستطيع تناول غذائي الآن ؟,neutral
1837,أريد أن أستبدل تلك الدولارات .,neutral
1841,هل يمكنك أن تسأل عن إمكانية ركوب طائرة تالية ؟,neutral
1842,هل سيتأخر القطار القادم من سيدني ؟,neutral
1844,هل تشعر بصداع ؟,neutral
1847,لا يمكنك أن تأخذ هذا الشيء إلى اليابان . إنه مدرج في اتفاقية واشنطن .,negative
1850,هل يمكن أن تلتقطني من أقرب محطة ؟,neutral
1851,نعم لدي .,neutral
1852,أريد أن ألغي حجزي .,negative
1854,نعم قطعة صغيرة . ياه ، لقد سقطت مني الشوكة . أرجو المعذرة .,negative
1855,أين المنطقة القديمة من المدينة ؟,neutral
1857,هل ستعطيني بعض الصحف والمجلات ؟,neutral
1859,هل يوجد لديك واحدة أصغر حجما ؟,neutral
1863,هل يجب أن نترك كاميراتنا في المدخل ؟,neutral
1865,ما هو اليوم الذي تغلق فيه ؟,neutral
1867,أحتاج إلى تاكسي . أنا في ساوث ماين ، وليبرتي .,neutral
1869,أعتقد أنه لدينا ، لحظة واحدة من فضلك .,neutral
1875,كيف أستطيع أن أتعرف على هذا الشخص ؟,neutral
1876,بالتأكيد ، هل تريد تسريحة متموجة دائما ؟,neutral
1878,هذه ليست تفاحة ولكنها خوخة .,negative
1879,أريد كتاب في قواعد اللغة .,neutral
1880,أرجو أن تجيء إلى البوابة التاسعة والثلاثين الساعة الرابعة و خمس وأربعون دقيقة .,neutral
1881,ما هو موعد قدوم الحافلة التالية ؟,neutral
1883,هل أستطيع استئجار دراجة ؟,neutral
1884,هل يوجد ملعب تنس بالقرب من هنا ؟,neutral
1886,أين المضيف ؟,neutral
1887,هل لديكم مرشد ذو خبرة ؟,neutral
1889,متى تتفتح أزهار الكرز الشهيرة في اليابان ؟,neutral
1890,نعم ، أنا كذلك .,neutral
1891,أنا ذاهب إلى برج لندن . هل تستطيع أن تخبرني كيف أصل إلى هناك ؟,neutral
1892,هل أستطيع أن أطلب بيتزا كبيرة بالجبن ؟,neutral
1894,إنها تستغرق حوالي أربعين دقيقة بالحافلة .,neutral
1895,هل هي قريبة ؟,neutral
1896,نعم ، نستطيع ، سوف أعود بها حالا .,positive
1897,لقد أثيرت مشاعري .,negative
1898,أنا آسف ، فأنا لست بالمنزل الآن . من فضلك اترك رسالة بعد سماع الصفارة ، وسوف أتصل بك في أقرب وقت .,negative
1899,أريد أن أقوم بالجولة السياحية لنيويورك بالطائرة الهليكوبتر الخاصة بكم .,positive
1900,أرجو التأكد من أنك لم تترك أي شيء ورائك .,neutral
1901,كم مرة تمر الحافلة رقم تسعة ؟,neutral
1903,سوف أعطيك روشتة . خذها إلى الصيدلية .,neutral
1908,لقد فقدت إحدى العدسات اللاصقة .,negative
1912,آخذ دروس تعليم البيانو مرة في الأسبوع .,neutral
1914,ماذا تريد فوقها ؟,neutral
1916,أرجو إبقاء الحقائب حتى الساعة الثالثة .,neutral
1918,اسمي ياماشيتا .,neutral
1919,هل ترى ذلك السلم ؟ إنه يؤدي إلى رصيف القطار الذاهب إلى الطريق الآخر . لكن في الحقيقة إذا كنت تريد رؤية لندن ، فإن الحافلة أحسن بكثير من مترو الأنفاق . اسلك هذا الطريق ، وسوف تجد محطة للحافلات . الحافلة رقم اثنا عشرة سوف تأخذك مباشرة إلى المتحف . أرجو لك زيارة سارة ، يا سيدي .,positive
1922,ها هو شيء لك .,positive
1927,نسافر جواً ثلاث مرات في الأسبوع ، أيام الثلاثاء والجمعة والسبت .,neutral
1930,لقد أمضيت وقتاً ممتعاً اليوم .,positive
1931,هذا سعر مرتفع ، أليس كذلك ؟,negative
1933,هذه أنواع من القبعات يبدو أنها أصبحت موضة . أعتقد أنني أيضاً سوف أشتري واحدة .,positive
1937,هل يمكنني أخذ بطانية ؟,neutral
1938,هل هذا الدواء فعّال في تخفيف حدة الحمى ؟,neutral
1942,إنها سارقة .,negative
1943,هل تريد المزيد ؟,neutral
1944,كانت عيناه سوداوين ومفتوحتان على مداهما .,neutral
1946,"آه , الأسعار اليوم الخاصة تعطي هنا .",positive
1948,نعم لدينا هذا ، سوف نجهزها لك .,positive
1950,هل يمكنكم إبقاء أمتعتي لديكم حتى الساعة الثالثة ؟,neutral
1951,"ل , ا أريد فقط الزيارة بدون ميعاد .",neutral
1954,هل يمكن أن أحجز سيارة للإيجار من هنا ؟,neutral
1958,لقد فهمت . أعتقد أنني أستطيع أن استعرضهم جميعاً خلال ساعة واحدة .,positive
1959,ها هي خمسة دولارات دون أي سنتات . احتفظ بالباقي .,neutral
1960,أرجو حجز مائدة لخمسة أفراد .,neutral
1961,إنها قريبة جداً من الحمام . هل يمكنك أن تغيرها لي ؟,negative
1965,لو سمحت ، أرجو إقراضي آلة حاسبة .,neutral
1967,أين قاعة المؤتمرات ؟,neutral
1968,هل أنت أمريكي ؟,neutral
1969,هل هي صناعة يدوية ؟,neutral
1971,لو سمحت أرني قائمة بأنواع تسريحات الشعر .,neutral
1972,هل معك خريطة ملونة ؟,neutral
1973,يجب أن أدخل المستشفى ؟,neutral
1974,لدينا قوات حماية ذاتية .,neutral
1975,هل تريد سيجارة ؟,neutral
1979,أنا آسف لقد نفذت الكمية كلها . جرب إحدى محطات مترو الأنفاق .,negative
1980,"إلى هذا المكان , لو سمحت .",neutral
1982,هل معك تذكرة العودة ؟,neutral
1984,هل تمانع في سحب النافذة إلى أسفل قليلاً .,neutral
1985,لقد تعطلت سيارتي .,negative
1986,إذا وجدتها سوف نتصل بك .,neutral
1987,أرجو عدم وضع سكر .,negative
1988,أين مظلل العيون ؟,neutral
1993,نريد ركناً هادئاً ، إن أمكن .,neutral
1994,لقد تعطل موتور سيارتي . أنا في الطريق الخامس في الشارع رقم سبعة وخمسين . أرجو الحضور في أسرع وقت .,negative
1995,نحن مهتمون بالتاريخ الطبيعي .,positive
1996,نفتح من العاشرة حتى السابعة والنصف .,neutral
1997,هل هذه السيارة الأجرة متاحة ؟,neutral
1998,هل هذه محطة قطار سريع ؟,neutral
1999,أود أن أجري مكالمة دولية لليابان ، من فضلك . أنا يوكي موراي في الغرفة رقم ثلاثة وإثتى عشر . أريد إجراء مكالمة للسيد كيسيوك موراي على أن تُحصل ثمنها منه . رقم الهاتف في طوكيو هو صفر ثلاثة ثلاثة سبعة اثنين ستة ثمانية ثلاثة تسعة واحد .,neutral
2000,هل لي أن أراها ، من فضلك . هل تستخدمها من اليوم ؟,neutral
2001,متى ينبغي أن آتي ؟,neutral
2002,كيف تريد فواتيرك ؟,neutral
2003,أريد دورقاً صغيراً من الخمر الأبيض .,neutral
2005,آه . هل يمكنني الحصول على وجبتي فيما بعد ؟ أنا أشعر أنني لست على ما يرام الآن .,negative
2006,أريد أن أنهي استخدام صندوق الأمانات .,neutral
2008,اسمع ، ال ، ما هو ، أه ، رقم الفاكس هناك في المحطة ؟,neutral
2010,سأبلغ عنك جمعية حماية المستهلك .,neutral
2011,أريد بعض السماعات ، من فضلك .,positive
2013,إنها تؤلم أصابع قدمي قليلاً .,negative
2015,هذا ليس خطئي . ألا يمكنك أن تقوم بأي ترتيب ؟,negative
2017,ألا يوجد أسلوب آخر للتعامل مع الموقف الخطير ؟,neutral
2019,هل هو مفتوح الآن ؟,neutral
2020,يدي متورمة ؟,negative
2023,زوج من الأحذية مقاس ثمانية بوصات ، من فضلك .,positive
2025,بالفعل لدي أخبار . أنا سأتزوج .,positive
2026,ما هي المعارض الرئيسية في صالة العرض هذه ؟,neutral
2030,هل يمكنك إصلاح هذه الكاميرا ؟,negative
2031,احتاج إلى تقرير عن الحادث للحصول على التأمين .,neutral
2033,بنطلون أخر ؟,neutral
2034,وجدت شقة من خلال البحث على الإنترنت .,neutral
2035,هل يمكنني الحصول على برنامج ؟,neutral
2036,بالدرجة المئوية ، نقطة التجمد هي صفر .,neutral
2037,أريدها لعطلة نهاية الأسبوع .,neutral
2041,معدتي مضطربة . هل لديك دواءً جيداً ؟,negative
2042,نعم ، كل ما تحتاجه هو غسله بالشامبو وتعريضه لهواء جاف .,neutral
2047,حسنا . أنت ؟,neutral
2050,حسنا . تفضل فاتورتك . الإجمالي يساوي خمسة وأربعين دولاراً وخمسين سنتاً .,neutral
2052,اقتحمت غرفتي الليلة الماضية .,negative
2053,هل يمكن أن أدفع بشيك ؟,neutral
2055,أرني السمكة التي رأيتها اليوم في كتاب الصور ، من فضلك .,neutral
2057,إنني أعيد تخطيط المطبخ ؟,neutral
2059,كم من الوقت تستغرق لإرسال هذه البطاقة إلى اليابان بالبريد الجوي ؟,neutral
2061,سنقلع قريباً .,neutral
2063,نعم ، سيدي . هل معك أي إثبات شخصية ؟,neutral
2064,أريد لعبة لبنت عمرها خمس سنوات .,neutral
2065,لم أمرض أبداً ليوم واحد في حياتي .,positive
2066,كم ميلاً إلى بوسطن ؟,neutral
2069,لطيف منك جداً أن تأتي إلى اليابان .,positive
2070,أشعر بتحسن كبير .,positive
2072,سأعود يوم خمسة وعشرين مارس .,neutral
2073,هل لديك كعك لمرضى السكر ؟,neutral
2075,أريد لبناً ، من فضلك .,neutral
2076,أوو . يا لها من حصة طعام ضخمة .,positive
2077,هل لي بطوابع لخطابات إلى اليابان ؟,neutral
2079,أي رصيف يغادر منه القطار المتجهة إلى ميلان ؟,neutral
2082,من فضلك أرسل السيارة إلى فندق ألفا في التاسعة من صباح السادس .,neutral
2083,انظر التعليمات على علبة الطعام الفارغة .,neutral
2085,سأشارك في جولة نيويورك التي ستكون بطائرة مروحية .,neutral
2086,أريد نقوداً ورقية .,neutral
2087,يبدو عظيماً .,positive
2088,هل لك أن تريني بطاقة الصعود للطائرة ، من فضلك ؟,neutral
2090,الويسكي الذي تريد بخمسين سنت .,neutral
2092,رحلة تماسيح ؟ هل هذه مزحة ؟,negative
2093,لا تضرب بزعانفك في القاع الرملي .,neutral
2094,هل هذا للعمل ؟,neutral
2095,من فضلك أخبرني كيف يمكن أن أجري مكالمة دولية .,neutral
2096,هل يمكنك أن تغير هذه الفاتورة التي بخمسين دولار إلى عشر فواتير كل واحدة بخمسة دولارات ؟,neutral
2097,هل يمكنني أن أحمل هذه الأمتعة على الطائرة ؟,neutral
2098,من فضلك خذ هذا بعيداً .,negative
2100,خطف محفظتي وجرى بعيداً .,negative
2101,إنه ليس بعيداً جداً . حوالي خمسين دقيقة .,neutral
2102,أود أن آخذ هذا بعيداً .,negative
2103,كم سيستغرق الأمر لتتحسن ؟,neutral
2107,أمس ، اشتريت هذه وكسرت .,negative
2108,ميزانيتي هي خمسين دولاراً .,neutral
2109,سأحيلك إلى السيد سوزوكي .,neutral
2114,ماذا عن الساعة السادسة ؟,neutral
2115,الآن ، من فضلك .,neutral
2116,إنني مسرور جداً لرؤيتك .,positive
2117,أين يمكنني أن أجد الحافلة رقم تسعة ؟,neutral
2118,أتمنى أن تكون رحلتنا سعيدة .,positive
2119,أليس لديك دروس تجريبية ؟,neutral
2120,هل هناك مكان ما يمكنني أن أجري منه مكالمة هاتفية ؟,neutral
2122,أنا في الحمام . لا توجد مياه ساخنة في الدش .,negative
2123,احتفظ بهذه الأمتعة ، من فضلك .,neutral
2124,ثلاث ليالي من أول يوليو . ما هو سعر غرفك ؟,neutral
2125,أعطني خمسة عشر لتراً من السوبر ، من فضلك .,neutral
2126,هل لك أن تريني كيف تعمل فتاحة العلب الكهربائية هذه ؟,neutral
2127,هل سيكون جاهزاً حالاً ؟,neutral
2128,ما هي الخمر التي تنصح بها مع هذا الطبق ؟,neutral
2132,لقد فقدت تذكرة الترانزيت .,negative
2133,هل يوجد مكان قريب من هنا لتغيير النقود الأجنبية ؟,neutral
2135,من هم أكثر اللاعبين شعبية ؟,neutral
2136,أين مكان المفقودات التي وجدت ؟,neutral
2137,أين يمكنني أن أشاهد فيلماً ؟,neutral
2138,أريد واحد هوت دوج ، من فضلك .,positive
2140,هل هناك قطار سريع ؟,neutral
2146,يمكننا أن نرسله لك إلى مكتب البريد .,neutral
2147,أين يمكنني أن أشتري طوابع بريد ؟,neutral
2148,أنا من بريطانيا العظمى .,neutral
2150,هذه السنة كسرت .,negative
2151,أعطني هذه الكاميرا . أريد أن ألتقط صورة .,positive
2152,كم تزيد تذكرة الدرجة الأولى عن تذكرة الدرجة الثانية ؟,neutral
2154,هل ستبحث في مطعمك عن كيس نقودي ؟,neutral
2155,موقف سيارات أجرة ، أين ؟,neutral
2156,علي أن أفحص ذلك مع زوجتي .,neutral
2157,كان بارداً .,neutral
2158,أريد شيئاً للصداع .,negative
2161,أريد أن أحصل على تعويض لذلك .,negative
2162,أنا ، أيضاً . ظننت أنه يمكنك أن تساعدني على فهم قائمة الطعام .,neutral
2163,هلا وقعت هنا ، من فضلك ؟,neutral
2164,أريد بعض القطرات .,neutral
2165,أريد طعاماً فرنسياً .,positive
2166,"أزهار الخوخ تلقى إعجاباً في احتفال "" دل "" للفتيات في الثالث من مارس .",positive
2167,من أي رصيف سيغادر القطار المتجهة إلى تاكيو ؟,neutral
2171,إذاً ، ماذا عن هذه ؟,neutral
2173,هل أخذت أي برتقال ؟,neutral
2174,إذاً ، هل يمكنني أن أبادله بشيء أخر ؟,neutral
2179,يوجد صندوق للهاتف أمام هذا المصرف .,neutral
2180,سأصل في التاسع من مارس وأغادر في الرابع عشر .,neutral
2186,عذراً . هل يمكن أن تخبرني عن بعض الأمكان الشيقة التي يمكن زيارتها في هذه البلدة ؟,neutral
2189,هل توجد أية كافيتريا قريب من هنا ؟,neutral
2190,تذكرتان ذهاب وعودة إلى بوسطن ، من فضلك .,neutral
2192,"إنها تقول "" ألتزم بحارتك . """,neutral
2193,هل ترغب في زيارة مكان بعينه ؟,neutral
2194,هل ألفه ؟,neutral
2196,نعم ، يمكنك شراء الطوابع من آلات البيع في البهو .,neutral
2197,أي من هذه الأحذية للبيع ؟,neutral
2201,أنا على الطريق السريع الأول ثمانين بالقرب من مخرج بيركيلي .,neutral
2203,فقط اسمك وعنوانك يكفيانً .,neutral
2205,هذا غال قليلاً ، ألا تعتقد ؟,negative
2206,دعني أحضر حقائبك .,neutral
2207,كم وزنها ؟,neutral
2208,استدع شخصاً يتحدث اليابانية .,neutral
2210,هذه غرفة رقم اثنين واحد وثلاثين . هل يمكن من فضلك أن تحضر فنجانان من القهوة ؟,neutral
2212,أعتقد أن هذا هو التغيير الخاطئ .,negative
2213,يستغرق الأمر حوالي ثلاث ساعات للذهاب إلى المكتب والعودة .,neutral
2214,هل يمكنك أن تقترح محل ملابس مشهور بين الشباب ؟,neutral
2215,لديه متوسط لضرب الكرة يبلغ ثلاثة خمسة وعشرين .,neutral
2217,من فضلك لا تأت مرة أخرى .,negative
2218,سأغادر عند اثنين خمسة عشر بعد الظهر .,neutral
2219,عندي تذكرة لديدرويت تغادر الساعة الحادية عشر صباحاً .,neutral
2220,من فضلك أجعل لي كرسي بجانب الممر في المنتصف .,neutral
2223,هل يمكنك مساعدتي في العثور عليه ؟,neutral
2224,أنا أبحث عن شيء صنع في الولايات المتحدة الأمريكية .,neutral
2226,هل يستغرق أكثر من عشرة دقائق سيراً على الأقدام ؟,neutral
2227,أعتقد أنني أقع في غرامك ؟,positive
2232,ما هو الوقت الذي قلت أننا ينبغي أن نسلم ورقتنا بحلوله ؟,neutral
2234,هل يوجد شخص يرعاه ؟,neutral
2235,هل لديك كعب ؟,neutral
2236,أين المحطة النهائية للحافلة ؟,neutral
2237,ما هو عدد سكان بلدك ؟,neutral
2238,هل تريد بالحلويات ؟,neutral
2239,حفلة لأربعة ، الساعة السابعة والنصف الليلة . ما الاسم الذي تسميه لها ؟,neutral
2240,أريد أن أغير طلبي .,neutral
2241,ما هو أول مكان يهتم السياح بزيارته في إنجلترا ؟,neutral
2242,سأغادر غداً .,neutral
2245,أريد بعضاً من الخيار المخلل ، من فضلك .,positive
2246,هل لديك وقت الليلة ؟,neutral
2247,أنا جئت من طوكيو .,neutral
2249,أريد عصيراً ، من فضلك .,neutral
2250,ما الأماكن التي خططت لزيارتها في هذا البلد ؟,neutral
2251,مما صنع هذا ؟,neutral
2253,السيد فرانك شميتد ، مدير مصنعنا ، سيسر لرؤيتك هنا .,positive
2255,خمسة وعشرين دولاراً شاملة أجرة الحافلة ، ومصاريف المرشد والدخول .,neutral
2258,ما الذي يتمشي مع هذا في اعتقادك ؟,neutral
2259,كنت على متن رحلة بان أمريكا أربعة صفر اثنين . تفحصت حقيبتين .,neutral
2260,أريد بطارية لهذا ، من فضلك .,positive
2263,بالقرب من المسرح ، من فضلك .,neutral
2264,مسجل ، من فضلك .,neutral
2267,أين طاولة فحص المغادرة ؟,neutral
2268,الجو حار .,neutral
2274,آسف ، هذا هو نوع الغرف الذي لدينا .,negative
2277,إننا نتاجر بصفة أساسية في الأدوات الكهربائية المنزلية .,neutral
2278,فردي بدون حمام ، من فضلك .,neutral
2279,نعم ، أنا أبحث عن فستان .,neutral
2282,نريد أن نجرب الطعام المحلي .,positive
2283,ماذا بها ؟,negative
2286,خذ صديقي إلى المستشفى ، من فضلك .,neutral
2287,لقد ساعدت حقيقةً .,positive
2290,متحف الفن بالمدينة جيد .,positive
2291,مذاق هذا العنب جيد .,positive
2293,ما هو الرقم الذي يجب أن أطلبه للحصول على معلومات ؟,neutral
2295,أين الهاتف ؟,neutral
2296,سنعقد اجتماعاً ونقرر خلال أسبوع .,neutral
2300,من فضلك أعطني إيصالاً لشركة التأمين .,neutral
2302,هل تتحدث ؟,neutral
2304,نعم ، إنها تقوم بذلك . ببدو أن منظر السماء ينذر بحدوث شيء .,neutral
2306,الشيء نفسه لي ، من فضلك .,neutral
2307,هذا الخمر أراحني فعلاً .,positive
2309,واحد ناقص . مجموع ما اشتريت خمسة .,neutral
2312,أشكرك على إيصالي لهنا بالسيارة بعد ساعات . أنا أقدر مساعدتك حقيقةً .,positive
2314,ما هي أسرع وجبة ؟,neutral
2315,كم سعر الليلة ؟,neutral
2316,بالتأكيد . دقيقة واحدة ، سيدي .,positive
2318,طلبي لم يأت .,negative
2319,لا عليك أن توقظني للوجبات .,neutral
2321,بالتأكيد ، من فضلك .,positive
2322,لا تقلق . اتصلت بواحد من محطة الإطفاء .,positive
2323,"كم تكلفة الذهاب إلى "" هوليداي إن "" بالسيارة الأجرة .",neutral
2324,هناك الكثير من الينابيع الحارة .,neutral
2325,اشتقت إليك .,positive
2326,آسف . أرقت بعض القهوة .,neutral
2328,لا ، فقط لأشهر قليلة . أعتقد أنني سأكون موجوداً لمدة ثلاث سنوات تقريباً .,neutral
2329,من فضلك غير خمسين آلاف ين إلى دولارات أمريكية .,neutral
2333,هل مكتب البريد قريب ؟,neutral
2334,أريد أن أستأجر بعض معدات ركوب الأمواج .,neutral
2336,هل لديك أية أطباق محلية ؟,neutral
2337,هل يمكنك أن تحجز هذا المقعد لي ؟,neutral
2338,هذا حسن بالنسبة لي . في الواقع أحب أن أدخن .,positive
2339,أنا لا أفهم ما تقول .,negative
2340,مرحباً ، أين حجرتنا الخاصة ، من فضلك ؟ هلا وجهتنا إليها ؟,neutral
2345,لن أنس أبداً الوقت الذي أمضيناه سوياً تحت الشجرة في يوم صيفي مشرق .,positive
2346,هل هذه هي النافذة الصحيحة ؟,neutral
2347,أين يمكنني أن أشتري زلاجات وأحذية ؟,neutral
2349,يفترض أن تصبح أكثر دفئاً هذا المساء .,positive
2353,هل نسيت مشروباتنا ؟,negative
2356,إليك اسمي كاملاً وعنواني .,neutral
2357,بكم الغرفة المزدوجة ؟,neutral
2360,طعم هذا الخمر سيئ .,negative
2364,هل يمكنك أن تحضر وسادة إلى الغرفة رقم واحد إحدى عشر ، من فضلك ؟,neutral
2366,أين في الطابق الثالث ؟,neutral
2368,هل يمكن أن ترسلها إلى عنواني في اليابان عن طريق بريد الطرود الدولي وتحصل الثمن من هناك ؟,neutral
2369,ليس لدي تذكرة طبية .,negative
2371,أين المقبرة ؟,neutral
2372,علي أن أقول وداعاً .,neutral
2373,على فكرة ، أين قسم رابطات العنق ؟,neutral
2374,هل يمكنك أن تخبرني كيف أذهب إلى هناك ؟,neutral
2375,فترة الاستراحة ثلاثين دقيقة . يمكنك أن تأكل وجبة خفيفة في الحانة التي تقدم أطعمة خفيفة بالدور الأول ؟,neutral
2377,هل يمكنك مساعدتي ، من فضلك ؟,positive
2379,مرحبا بكمً على متن الخطوط الجوية الفرنسية .,positive
2380,هل عندنا وقت لنتمشى هنا وهناك ؟,neutral
2381,أريد كوباً من الخمر الأحمر .,neutral
2382,حلمي أصبح حقيقة .,positive
2383,لا تضع كيتشأب ، من فضلك .,neutral
2386,أين أقفاص الاتهام ؟,neutral
2388,هذا ملفوف .,neutral
2389,فقط إذا كانت ملكك ، سيدي . هاها ، مزحة صغيرة .,neutral
2390,حسنا . تفضل مفتاحك . غرفتك رقم إحدى عشر صفر تسعة .,neutral
2391,أين يمكنني شراء أطباق ؟,neutral
2393,آسف للمقاطعة ، ولكن دعنا نتناول القضية الرئيسية . لدينا الكثير لمناقشته اليوم .,neutral
2394,أنا حساس للمضادات الحيوية .,negative
2397,لدي بعض واجبات اللغة الإنجليزية والرياضيات واللغة الفرنسية .,neutral
2399,سأرسم خريطة .,neutral
2401,بالتأكيد . كيف يمكننا خدمتك ؟,neutral
2403,هل تقبل الدولارات ؟,neutral
2404,التأشيرة صالحة لستة أشهر .,neutral
2407,هذا حسن جداً . لا نحتاج أن يتم عملها الليلة .,positive
2408,أوو ، إنها قادمة .,positive
2409,بالبريد البحري ؟,neutral
2411,سيكون الأمر خطيراً إذا لم أستقل سيارة أجرة إلى الفندق .,negative
2412,لدينا بيرة ، وويسكي ، وبراندي ، وجن ، وفودكا ، وخمر .,neutral
2413,لا ، أخشى أننا سنتأخر لساعات قليلة .,negative
2414,بعضها دون سجائر مرشحة ، من فضلك .,neutral
2416,سأنزل المحطة التالية .,neutral
2418,مكالمة للسيد أوجاوا وتحصل على ثمنها منه ، طوكيو أربعة خمسة ستة سبعة .,neutral
2419,أنا فاهم . من فضلك املأ هذه الاستمارة . قد لا نستطيع العثور عليها ، ولذلك يجب عليك الاتصال بشركة الائتمان .,neutral
2420,أنا آسف جداً ، يا سيدي . يجب علينا أن نبلغ الشرطة .,negative
2424,هل يوجد محل يقدم تخفيضات قريب من هنا ؟,neutral
2425,تحقيق شخصية . آه ، هل جواز السفر ينفع ؟,neutral
2427,اقتراحه قبل .,neutral
2428,رقم غرفتي هو ثلاثة ستة وعشرين . هل يمكن أن تأخذ الغسيل ؟,neutral
2429,من فضلك أرني فواتير .,neutral
2431,أعطني تعليمات .,neutral
2433,نعم ، عندي كرتونتان .,neutral
2435,خاطف حقائب . أوقفه .,negative
2439,نعم ، عندنا تسعة وتسعين نوعاً من الوجبات الخفيفة .,positive
2440,سأرى ما إذا كان أي منها يناسبني .,neutral
2441,أريد غلاية .,neutral
2445,أحضر لي بعض من الجبن المبشور .,neutral
2448,من فضلك استدع طبيباً يابانياً .,neutral
2449,خرج للتو للغذاء . سيعود خلال عشر دقائق .,neutral
2453,هل سنصل في الموعد ؟,neutral
2454,هل لي أن أطلب منك رسم الطريق إلى مكتب البريد ؟,neutral
2455,ليساعدني شخص ما ، من فضلكم .,positive
2456,يبدو أن كاميراتي كسرت . هل يمكنك إلقاء نظرة عليها ؟,negative
2457,هل يوجد أي خط حافلات آخر يذهب إلى هناك ؟,neutral
2459,هل السعر للمجموعة أو لكل قطعة ؟,neutral
2460,أي نوع من التوابل تفضل ؟ لدينا جزيرة الألف ، الجبن الأزرق ، والفرنسي .,neutral
2461,أريد بعض التغيير .,neutral
2462,هل يمكن أن أحصل على قمصاني نظيفة غداً صباحاً ؟,neutral
2464,هل يمكن أن تتحدث ببطء من فضلك ؟,neutral
2465,لا ، لقد خمنت صواباً . لقد طلقت من حوالي ستة أشهر .,neutral
2467,بالتأكيد ، سيدي . كيف تفضل شريحة اللحم ؟,neutral
2468,هل يمكنك أن تخبرني كيف أتحكم في درجة حرارة الغرفة ؟,neutral
2469,كل شيء جميل .,positive
2474,ما هو الكيمونو الرسمي ؟,neutral
2475,أذهب للحمام مرات قليلة كل ساعة .,neutral
2476,هل لك أن تطلب منه أن يعاود الاتصال بي ؟,neutral
2481,أريد كوباً من الخمر الأحمر ، من فضلك .,positive
2482,أبحث عن إيشارب حريري .,neutral
2483,احمل حقائبي ، من فضلك .,neutral
2485,هل ستذهب هذه الحافلة إلى بوسطن ؟,neutral
2486,سأغادر في السابعة من صباح الغد ، لذا أريد فاتورتي من الآن .,neutral
2488,شذبها قليلاً فوق الحواجب ، من فضلك .,neutral
2489,سآخذ هذا وهذا .,positive
2490,لماذا إذاً ؟,neutral
2492,عذراً . هل يوجد محل كتب قريب من هنا ؟,neutral
2493,أريد أن أرسل هذه بالبريد البحري .,neutral
2494,من فضلك اقفل الخط . سأتصل بك فيما بعد .,neutral
2495,المياه فاضت في البانيو .,negative
2496,أعتقد أنك ارتكبت خطأً . الغرفة دفع ثمنها مسبقاً . معي إيصال .,negative
2497,هناك أربعة مواسم متميزة .,neutral
2498,حسنا ، أعتقد أنني سأنقص ثلاثة بالمائة .,neutral
2501,بطاقة الائتمان الخاصة بي لم تخرج من ماكينة الصرف الآلية .,neutral
2505,الحافلة هناك .,neutral
2507,النموذج قد يكون أكثر صداقة للمستخدم .,positive
2508,عندي هذه الأعراض منذ الصباح .,negative
2509,هذه كيدا في الغرفة سبعة تسعة وعشرين . عندي آلم شديد بمعدتي . من فضلك استدع لي طبيباً .,negative
2514,أكرهك .,negative
2516,أريد لفتان من ISO مائة ، فيلم ملون ، ستة وثلاثين لقطة ، من فضلك .,neutral
2519,أود أن أصرف هذا الشيك بسبعين دولاراً .,neutral
2520,أود أن أحجز جناحاً .,neutral
2521,أود أن أشتري طوابع لعشرة بطاقات بريدية إلى اليابان ، من فضلك .,neutral
2523,أين محطة البنزين ؟,neutral
2524,هل هذه عدوى ؟,negative
2525,سيستغرق الأمر حوالي تسعة وتسعين يوماً لإعادة إصدار بطاقة . من فضلك اكتب اسم الفندق ورقم الهاتف على هذه الورقة ، كي يمكننا الاتصال بك .,neutral
2526,هل يذهب هذا الليموزين إلى فندق بالاس ؟,neutral
2527,هل ستذهب إلى المدرسة ؟,neutral
2528,هل توجد مصارف بالقرب من المحطة ؟,neutral
2530,هل تريد أن تشرب شيئاً ؟,neutral
2531,أخشى أن يكون هناك خطأ في الفاتورة .,negative
2535,أريد خيمة .,neutral
2537,وجدتها .,positive
2539,أبحث عن خيط .,neutral
2541,ما الذي يحملك على المذاكرة بجد ؟,negative
2546,هل سيأتي طلبنا حالاً ؟,neutral
2547,أيهما أقرب من هنا ؟,neutral
2552,إنه صحيح هنا .,neutral
2554,هل يتوقف القطار في أديليد ؟,neutral
2556,من فضلك أرسل الشيال .,neutral
2557,واحد شيزبرجر لكي أذهب ، من فضلك .,positive
2558,أريد هذه .,positive
2560,هذا الاتجاه ، من فضلك . المقعد الذي بجوار النافذة خاص بك .,neutral
2561,أريد بعضاً من قطرات الأنف .,neutral
2562,هل هذه محطة مترو أنفاق أو محطة قطار عادية ؟,neutral
2564,أين صالة الركوب ؟,neutral
2565,إنها الواحدة صفر أربعة بعد الظهر .,neutral
2566,سيستغرق الأمر قليل من الوقت للإعداد لكن .,neutral
2568,يجب علينا أن نقرر هذا المساء ما إذا كنا سنستمر في خططنا لتأسيس فرع في مكان ما بأمريكا اللاتينية ، و ، إذا كنا سنفعل ، أين تحديداً ، متى ، وكيف .,neutral
2569,هل لي ببطاقة تعويضية عن إلغاء الحفلة أو المباراة بسبب الأمطار ؟,negative
2571,عند شرائك بأكثر من تسعة وتعسين دولاراً ، يمكنك استخدام نظام الإعفاء الجمركي .,neutral
2572,برون . اسمي على جانبها .,neutral
2573,سأجعل خادم الفندق يقوم بفتح الباب بالمفتاح الرئيسي . لحظة من فضلك . ما هو اسمك ورقم غرفتك ؟,neutral
2575,استمتع بالسماع بموسيقى الروح .,positive
2578,لم يعد بإمكانك حقيقةً أن تقوم بعمل تصميم دون كمبيوتر بعد الآن .,neutral
2579,البطارية ضعيفة .,negative
2580,فهمت . إذاً تذكرتان ذهاب وعودة إلى سان ديجو ، من فضلك .,neutral
2583,قهوتك ، من فضلك .,neutral
2584,كم الساعة ؟,neutral
2586,هل أحتاج تصريح صيد ؟,neutral
2588,نود مائدة بجوار النافذة .,neutral
2591,أجري .,neutral
2592,أنا عاطل عن العمل .,negative
2596,هل تتوافر أية مدرسة للغطس ؟,neutral
2597,هل يمكن أن تحضر أمتعتي أسفل عند السابعة صباحاً ؟,neutral
2598,هل يجب أن ندفع للمشروبات ؟,neutral
2599,أنا أحب جويا . أنا مشتاق لرؤيتهم .,positive
2601,هناك قطع في بلوزتي . أتساءل هل يمكنك أن تخيطيه لي ، من فضلك ؟,neutral
2602,هل يمكن أن أحصل على أرقاماً قياسية في الصفقة هناك ؟,neutral
2603,هل لديك حافلة إلى المطار ؟,neutral
2604,حسنا ، عندما تأتي إلى اليابان ، من فضلك زر منزلي .,neutral
2606,أوو ، ساعة تقريباً . هذا بعيد بعض الشيء .,neutral
2607,إنها تناسب الشاطئ تماماً .,positive
2608,كم يستغرق الوقت للذهاب إلى هناك والعودة ؟,neutral
2610,هل يمكنك أن تحتفظ بأمتعتي حتى الرابعة تماماً ؟,neutral
2613,كم الأجرة إلى مانشستر ؟,neutral
2614,إنها تستغرق حوالي أربعين دقيقة . من فضلك خذ كتيباً يابانياً ، إذا أردت .,neutral
2615,خمسون سنتاً للكلمة . إنه أغلى مما توقعت .,negative
2617,هل يمكن أن أترك هذه العربة خارج الردهة ؟,neutral
2619,هل هذه بنود معفاة من الضرائب ؟,neutral
2621,أفضل شيء هو قضاء وقت طيب مع أصدقاء طيبين .,positive
2622,أود أن أحجز غرفة بسريرين وحمام لمدة لليلتين ، بداية من الثالث من مايو .,neutral
2623,هل يمكنك أن توصلهم غداً صباحاً ؟,neutral
2625,بسبب العاصفة الثلجية ، ألغيت رحلة الخطوط الكندية صفر اثنين واحد .,negative
2626,هل ترسل كتباً بالبريد إلى اليابان ؟,neutral
2627,كم ستمكث ؟,neutral
2630,هل آلة أشعة إكس تؤثر على الفيلم ؟,neutral
2631,أنا أتبع نظام غذائي للتخسيس ، لذلك اجعلها جزءاً صغيراً ، من فضلك .,neutral
2632,ألغيت الرحلة . سنأخذكم إلى الفندق .,neutral
2633,سأصل متأخراً ، ولكن احتفظ بحجزي ، من فضلك .,neutral
2635,كم ستكون الساعة ؟,neutral
2643,هل يمكن أن تقرضني سلك إمداد ؟,neutral
2644,أين يمكنني أن أشتري حصيرة للشاطئ ؟,neutral
2646,من فضلك أعطني خصماً .,positive
2647,أنا خارج غرفتي بالضبط . رقم غرفتي هو اثنين صفر واحد .,neutral
2648,لدينا عشر غرف فردية ، ثمانية زوجية وتسعة بسريرين .,neutral
2649,يمكننا أن نفحص أغراضنا هنا .,neutral
2653,من فضلك ضعها على الميزان هناك . خمسة وسبعين سنتاً .,neutral
2654,هل لك أن تأخذني إلى يونيون استيشن وتعديني ؟,neutral
2655,أود أن أنظر إلى هذا .,positive
2658,حسنا ، لأنك تعرف أن الحكومة ستقدم المزيد من الإجراءات التي تحث على الضخ .,neutral
2662,هل لديك ملصقات بالبريد الجوي ؟,neutral
2663,هل سأكون قادراً على الحصول على الأشياء المكتوبة في القائمة من السوبر ماركت أم احتاج إلى الذهاب إلى الصيدلية أيضاً ؟,neutral
2664,لا ، لم نفعل ، ولكنك اشتريت البنزين . من فضلك املأ الخزان قبل أن تعيد السيارة .,neutral
2665,أود أن أرسل هذه البطاقة البريدية إلى اليابان بالبريد الجوي .,neutral
2668,في نيويورك . وشركة السياحة قالت إنه ينبغي أن يكون صالحاً .,positive
2669,شكراً على كل شيء .,positive
2670,إذاَ ، من فضلك أعطني حجزاً جديداً .,neutral
2672,هل تعتقد يجب علي أن أعود إلى اليابان ؟,neutral
2673,هل لي أن أسأل عن اسمك ؟,neutral
2675,سعر اليوم ، سيصل إلى هذا المبلغ .,neutral
2676,أعطني قطعة لحم الخنزير هذه ، ولكن ليس بسمك تلك .,negative
2678,سنأتي في السابعة .,neutral
2680,أين المعرض ؟,neutral
2682,هل لي أن استخدم الحمام أو الدش الليلة ؟,neutral
2687,عندما أرى الأسعار بهذا الرخص ، يبدو الأمر سخيفاً أن أشتري أي شيء في اليابان .,negative
2690,سرقت سجلاتي ، أيضاً .,negative
2691,الرقم هو اثنين صفر تسعة ثلاث خمسات واحد اثنين واحد اثنين .,neutral
2692,نحن مجموعة من ثلاث .,neutral
2693,هيا ، أعطني مقدار أفضل .,negative
2695,مخروط من الأيس كريم الفانيليا ، من فضلك .,positive
2697,وقت بدايتك هو اثنين ظهراً كما حجزت . ولكن حفلة أخرى ستنتهي بعد قليل .,neutral
2698,هل عملت حجزاً .,neutral
2699,أذهب إلى دورة المياه كل ثلاثين دقيقة .,neutral
2700,كم يستغرق الوقت بالبريد البحري ؟,neutral
2702,أوافق . يجب أن تصبح طبيعية جداً .,neutral
2703,هنا بالضبط ؟,neutral
2704,لاحظ الفجوة ، لاحظ الفجوة ، ثم قرب الأبواب ، من فضلك .,neutral
2706,سنبقى لمدة ثلاث ليال .,neutral
2707,سأحتاج إلى بطاقة ائتمان .,neutral
2708,تفضل الرقم .,neutral
2710,أود أن أغير رحلتي .,neutral
2711,هل توجد محطة مترو أنفاق قريباً من هنا ؟,neutral
2712,هذا هو السيد كوباياكاوا يتحدث . هل لي أن أتحدث إلى السيد توماس ؟,neutral
2714,متى يغادر هذا القطار ؟,neutral
2715,أخبرني عن منطقة جيدة لهذا النهر ، من فضلك .,neutral
2717,كم مرة تقيم حفلاً موسيقياً ؟,neutral
2720,أود أن آخذ درساً للتزلج على الجليد .,neutral
2721,أستعلم عن أجرة شقتك .,neutral
2722,لشخص واحد ؟,neutral
2726,من فضلك أعطني تقريراً عن الحادث .,neutral
2727,أعطني زجاجة صغيرة منها .,neutral
2729,لا ، أشكرك حالياً .,neutral
2731,أين يأكل الناس المحليين عادة ؟,neutral
2732,هل لديك أية بطاقات صرف فيها ؟,neutral
2733,سيكون أربعين دولاراً زائد الضرائب ، مما يجعلها ثلاثة وأربعين كلها .,neutral
2734,حسنا ، ابق على الخط . سيد/ ناكاجيما ، الآنسة/ سايتو يبدو أنها لا ترد على المكالمة . هل تريدني أن أتصل عليها فترة أطول ؟,neutral
2735,هل من السهل على ولد عمره عامان أن يلعب ؟,neutral
2736,ربما ، ولكن ينبغي أن ندرس كلا على حدا .,neutral
2737,أريد أن أرسل هذه البطاقات البريدية إلى اليابان .,neutral
2739,أنا من فرنسا .,neutral
2740,هل لي أن أرى تذكرتك ؟,neutral
2742,تذكرتان ذهاب إلى واشنطن دي سي العاصمة ، من فضلك .,neutral
2743,هل يمكن أن نلعب بهذه الأحذية ؟,neutral
2744,هل يمكن أن تصلح هذا القطع في بنطلوني ؟,negative
2745,من فضلك اعمل مكالمة تتحصل على ثمنها من المطلوب .,neutral
2747,يبدو أنها نادرة جداً .,neutral
2748,أين بيان أمتعة الرحلة سبعة صفر ثلاثة ؟,neutral
2749,لا أعلم ما هو المقاس .,neutral
2750,أين أقرب هاتف ؟,neutral
2753,نعم ، من فضلك اعملها . سأكون بانتظار مكالمتك .,positive
2754,هل يمكن أن تعطيني خصماً للبقاء ثلاث ليال ؟,neutral
2756,هل يمكن أن آخذ رسالة ؟,neutral
2758,عند المسرح بجوار المكتبة بالضبط . ولكن يجب أن تحجز .,neutral
2760,شيء خطأ مع حقيبتك .,negative
2761,عذراً . هل يمكنني الحصول على خريطة للمدينة ؟,neutral
2763,أليس هذا خطير ؟,negative
2764,هذا الطابور طويل .,negative
2765,هل هذا سيفسد ؟,negative
2766,أريد بيضاً مقلياً ، خبزاً محمصاً وعصير طماطم .,neutral
2767,خريطة ، من فضلك .,neutral
2769,هل يمكن أن تكسر هذه ، من فضلك ؟,neutral
2770,هل لديك استمارة التحاق أخرى ؟,neutral
2772,لا ، شكراً . من الأفضل أن لا أشرب المزيد .,neutral
2774,هل بطاقة المكتوب عليها أسمك موضوعة على أمتعتك ؟,neutral
2776,أي شيء لتعلنه ؟,neutral
2777,غرفة مزدوجة ، من فضلك .,neutral
2778,لا توجد مقاعد محجوزة . يمكنك أن تأخذ المقعد الذي تحب .,neutral
2780,أرغب في بعض السجق ، من فضلك .,positive
2782,أخذ حقيبتي .,negative
2783,هل أنت كوري ؟,neutral
2784,لا ، ولكن لدينا سيارة جديدة صغيرة كبديل . الحمراء هناك .,neutral
2786,أنت قلت سعر صرفنا . هل هذا يعني أن لكل مصرف سعر مختلف ؟,neutral
2787,ما الذي يتوقع مني أن أرتديه ؟,neutral
2788,كم عدد العملات المعدنية التي يأخذها ؟,neutral
2790,قسها ، من فضلك .,positive
2791,أود ساعة حائط .,neutral
2793,ما هي البلدة التي ستتوقف عندها الحافلة المرة التالية ؟,neutral
2795,أوو ، أنت بارع جداً ، ألست كذلك ؟,positive
2796,فرانك سويسري ، اتفقنا ؟,neutral
2797,كم يستغرق الوقت من لوس أنجلوس إلى سان فرانسسكو ؟,neutral
2799,مساء الخير . هل لي أن أساعدك ؟,positive
2800,أود بعض الأدوية لعسر الهضم .,neutral
2801,أريد أن أخبر أصدقائي عن هذا المكان ، لذلك هل يمكنك أن تعطيني كتيب عن الفندق ؟,neutral
2802,فقدت جواز سفري . من فضلك اعمل محضر سرقة .,negative
2804,إلى أين تأخذني ؟,neutral
2807,أين الهاتف ؟,neutral
2808,من فضلك أخبرني عن بعض الشوارع المناسبة للتسوق .,neutral
2809,عذراً لحظة .,neutral
2810,سأكتب لك .,neutral
2811,هل هذه الحافلة تذهب إلى فندق هيلتون ؟,neutral
2812,ما هي أكثر جولة شمولاً للمدينة ؟,neutral
2816,الآن ، هذه اللوحة خاصة جداً . رسمها تسوروتارو كاتاأوكا . إنه معروف بأنه فنان عالمي .,positive
2819,هل يمكنك أن تملأ هذه الاستمارة ، من فضلك ؟,neutral
2820,أود شطيرة هوت دوج بالبصل ، من فضلك .,positive
2821,ما هي الوجبة الخاصة لهذا المطعم اليوم ؟,neutral
2822,عذراً . هل يمكنك أن تخبرني عن متوسط تكلفة عشاء عادي ؟,neutral
2826,بدل هذا ، من فضلك .,negative
2830,ماذا عن المغادرة غداً صباحاً إلى باريس والتحويل إلى الرحلة المسائية للخطوط الجوية السويسرية ؟,neutral
2832,من فضلك انتظر حتى يتم إجلاسك .,neutral
2833,لا غوص .,neutral
2835,نعم . هذه غرفة إحدى عشر صفر تسعة . مكيف الهواء لا يعمل . هل يمكنك إصلاحه ؟,negative
2838,حسنا . أين زر مصراع هذه الكاميرا ؟,neutral
2839,لقد فزنا بعقود مع أغلب الموردين في اليابان .,positive
2840,هل يمكنك أن تخبرني عن الطريق إلى يونيون سكوير ؟,neutral
2841,هل يمكنك أن تخبرني كيف أستخدم مضخة الغاز ؟,neutral
2844,هل لديك مسترد ؟,neutral
2845,في فندق زد زد زد . اسم مضحك ، أليس كذلك ؟,neutral
2847,الشعب المرجانية جميلة هنا والتيار لطيف بالمقارنة .,positive
2848,خمسة وثمانين بنساً .,neutral
2850,لدي تقدير كبير للموسيقى الكلاسيكية .,positive
2851,هل يمكنني أن أدعوك للعشاء في الخارج وقتاً ما ؟,neutral
2855,كان هذا ساحراً .,positive
2856,سجلت حقيبتين .,neutral
2857,بالتأكيد . ومن فضلك بلغ تحياتي للأنسة كوك التي قامت بالكثير من المبادرات الجيدة أثناء اجتماعنا .,positive
2859,هل لديك أية أماكن إقامة متاحة بهذا السعر ؟,neutral
2862,حسنا . ما هو اسم شريكك ورقمه ، من فضلك .,neutral
2863,لدي رقم حسابي المصرفي .,neutral
2867,أخشى أن لا تستطيع . سيجب عليك أن تخرج إلى هناك وتتمشى في المكان .,negative
2870,أنا مدبرة منزل .,neutral
2871,عذراً . دعني أخرج ، من فضلك .,neutral
2875,هل يمكنك أن تقوم بهجاء اسمك الأخير ، من فضلك ؟,neutral
2876,تذكرة إلى شيكاغو ، من فضلك .,neutral
2878,هل يمكنك أن تستدعي موظفاً يتحدث اليابانية ؟,neutral
2880,هل تعتقد أنه يمكنك أن تغير إطار السيارة بنفسك ؟,neutral
2881,إنه جميل حقاً . يجب أن تأتي وتزور وقتاً ما .,positive
2883,أين المشكلة ؟ من فضلك اشرح .,negative
2884,من اليسار ، هذه تشير إلى وقت التصنيع الضروري ، عرض التكلفة ، والمخاطرة المالية .,neutral
2887,هل يمكنك أن تغير فاتورة بعشرة دولارات ؟,neutral
2888,متي سنغادر ؟,neutral
2890,هل يمكنك أن ترشح بعض الفنادق الأخرى ؟,neutral
2891,أريد بعض من مسحوق الوجه ، من فضلك .,positive
2893,هل تأخرت الرحلة ؟,neutral
2894,عذراً .,negative
2898,نزور أقاربنا كثيراً إلى حد ما .,neutral
2901,توجد فتحة في هذه .,negative
2903,لدينا مقاس ثمانية فقط الآن .,neutral
2904,لدينا قهوة ، شاي ، عصير برتقال ، وما إلى ذلك . ماذا تحب ؟,neutral
2905,لا تزعج .,neutral
2906,أنا أمر فقط .,neutral
2908,يبدو أنه غير ناضج . هل يمكنك أن تطهوه فترة أطول ؟,negative
2909,هل يمكنك أن تأخذ هذه الأمتعة إلى السيارة الأجرة ؟,neutral
2910,أريد واحد قوي .,positive
2913,هل لي ببعض الفلفل ، من فضلك ؟,positive
2915,لا ، أشعر أنني محظوظاً . هيا .,positive
2920,أين يمكن أن أقوم بمشترياتي ؟,neutral
2925,هل لديك واحدة أكبر ؟,neutral
2929,من فضلك أخبرني عندما نصل إلى جرين بارك .,neutral
2931,هل علي أن أحصل على التأمين ؟,neutral
2934,هل يمكن أن ألتقط صوراً بالمتحف ؟,neutral
2936,ما هو الفيلم المعروض داخلياً الآن ؟,neutral
2937,هل يمكنك أن تغير هذه إلى ين ياباني ؟,neutral
2939,ميكي هاياكاوا . هذه غرفة سبعة صفر اثنين .,neutral
2940,نعم ، فعلت . ذهبت الأحد الماضي مع صديق .,neutral
2942,هذه غرفة ثلاثة صفر اثنين .,neutral
2945,علي أن أمكث هنا الليلة ، أليس كذلك ؟ هل يمكنك مساعدتي حجز غرفة بفندق ؟,neutral
2946,هل لي بمزيد من الخبز ؟,neutral
2947,يجب أن لا تكون طويلة . خمسة عشر دقيقة في الأغلب .,neutral
2948,هل لك أن تساعدني في الحصول على تذاكر .,neutral
2950,هل هو سعر ثابت لوسط البلد ؟,neutral
2951,أود أن أقوم بحجز لثلاثة في الساعة السابعة ، من فضلك .,neutral
2953,هل ترى مبنىً أبيض ؟ إنه أمام المبنى .,neutral
2954,هل هذا هو المسار الصحيح للقطار المتجه إلى المحطة إكس ؟,neutral
2955,"أنا في فندق "" إيه بي سي ، "" غرفة ستة خمسة وثمانين . هل يمكنك أن تطلب منه أن يكلمني هنا من فضلك ؟",neutral
2956,لا شكراً ، هذا كله .,neutral
2957,مفاصلي تؤلمني .,negative
2960,هل يمكنك أن تخبرني بقيمة هذه المكالمة ؟,neutral
2962,أين محطة البنزين ؟,neutral
2964,حسنا ، هل يمكنك أن تخبرها أنني اتصلت ، من فضلك ؟ سأتصل بها مرة أخرى فيما بعد .,neutral
2965,هذه القهوة أثقل من اللازم .,negative
2966,من فضلك أعطني نسخة من محضر السرقة .,neutral
2969,لدينا أنظمة مترو أنفاق في المدن الكبرى مثل طوكيو .,neutral
2971,آسفين لا نستطيع ، ليس لدينا البند نفسه .,negative
2973,هل توجد أية جولة صباحية ؟,neutral
2974,هل يمكن أن تعطيني مخدراً ؟,neutral
2975,بالتأكيد . سر للأمام لثلاث أبنية سكنية . ثم استدر يساراً . سترى بوابة جميلة على الطراز الصيني .,positive
2976,السعر سيكون عشرة دولارات للرأس .,neutral
2977,عذراً . هل يمكن أن تملأها بانتظام ، من فضلك ؟,neutral
2978,هل نظرت إلى المشتبه فيه جيداً ؟,neutral
2982,هل تغير عملات أجنبية ؟,neutral
2983,إجمالي ميزانيتنا حوالي خمسين دولاراًً لثلاثة أشخاص .,neutral
2984,حسنا ، ما هو ، رأيك ؟ أود بالتأكيد أن أستمع إلى وجهات نظرك .,positive
2987,ماذا عن حمل هذه الأحذية فيها لي ؟,neutral
2990,أن يمكنني أن أشتري لفة من الفيلم ؟,neutral
2995,هل لديك بيرة يابانية ؟,neutral
2997,سأعود هنا مرة أخرى غداً . ما هي مواعيد عملك ؟,neutral
2999,هل تشمل مستحضراً لغسل الشعر و مجفف ؟,neutral
3001,"أريد بذلة استحمام مقاس صغير , من فضلك .",positive
3002,من الذي تريد أن تراه ؟,neutral
3004,متى يحين موعد الصعود على متن الطائرة ؟,neutral
3005,أريد بعض الملابس الداخلية .,neutral
3006,سأدعك تعرف رقم هاتفي هناك بأسرع ما يمكنني .,neutral
3007,الطبق الرئيسي مكون من لحم بقري مشوي وجراد بحري .,neutral
3009,ما المسار الذي يبدأ منه القطار المتجه إلى بوسطون ؟,neutral
3012,هذا من أجود النوعيات عندنا .,positive
3014,هل سيكون بإمكانك تعويضي عنها ؟,neutral
3016,أريد تسجيل أمتعتي .,neutral
3018,سنأكلها معاً ، لذلك احضر شوكة إضافية من فضلك .,neutral
3019,هل مازال يتم احترام كبار السن في اليابان ؟,neutral
3020,هل يوجد أي رسم على السماعات ؟,neutral
3021,يبلغ الرسم الأساسي خمسمائة دولار وأجر إضافي قدره خمسة وخمسون دولاراً شهرياً .,neutral
3022,في فندق هاليكولاني .,neutral
3027,بالتأكيد سيدتي . هل تريدين استخدام لبيسة حذاء ؟ كيف حال المقاس ؟,neutral
3029,هذه السيدة كاوازو في غرفة رقم ستة عشر أحدى عشر .,neutral
3030,مرحباً بك .,positive
3032,هل تم تكرار التأكيد ؟,neutral
3033,هل لي أن أرى هذا من فضلك ؟,neutral
3034,"عصير بطيخ مثلج , من فضلك .",positive
3035,أي نوع سيدي ؟,neutral
3036,هل هذا جيد ؟,neutral
3038,لا يوجد أي منها .,neutral
3040,"أيهما أكثر أهمية للشعب الياباني , عيد رأس السنة أم عيد الكريسماس ؟",neutral
3041,رقم مقعدك هو اثنان وثلاثون أ . بعد ذلك سر في خط مستقيم في هذه الطرقة . إنه المقعد المجاور للنافذة .,neutral
3046,إنه لن يكون بهذه الروعة .,negative
3047,هل يمكنني أخذ شطيرتين من السجق الساخن ؟,neutral
3051,"ساعدني , من فضلك .",positive
3054,أستيقظ في تمام السادسة كل يوم .,neutral
3055,للأسف لا نستطيع . ستستغرق أكثر من أسبوعين .,negative
3058,أين يمكنني أن أجد استعلامات السائحين ؟,neutral
3059,أفهم . سأتحقق من موظفينا .,neutral
3064,كيف أصل إلى مبنى إمباير ستيت من هنا ؟,neutral
3065,كم سعر تأجير هاتف محمول وباجر ؟,neutral
3067,يا إلهي .,positive
3068,هل بدأت تتلقى طلبات العشاء ؟,neutral
3069,اسمي تسونيو سوزوكي . هاهو تأكيد الحجز الخاص بي .,neutral
3071,في فندق ريتز .,neutral
3072,مرحباً . إلى باريس من فضلك .,positive
3073,لحظة من فضلك .,positive
3074,مائدة بجوار النافذة من فضلك .,neutral
3075,هل من الممكن أن تريني تلك التي عند النافذة ؟,neutral
3076,هل هذا الغسول الطبي يمنع ترشح العرق من الجسم ؟,neutral
3077,أكياس بلاستيك من فضلك .,neutral
3078,فقدت حقيبتي .,negative
3080,أريد أن أقيس هذا الحذاء ذا الكعب العالي .,neutral
3081,هل سيتم عرض تغير الحرس اليوم ؟,neutral
3084,يمكنك ملء الروشته في الصيدلية في الدور الرئيسي .,neutral
3086,أليس عندكم حبوب أصغر ؟,neutral
3087,آسف ، لكن كل موائدنا مشغولة . هل تود أن تنتظر ؟,negative
3088,هذه بها شرخ .,positive
3089,أريد إجازة لمدة أسبوع واحد من فضلك .,positive
3090,سأتناول لعضاً من الآيس كريم .,positive
3092,هل نستطيع الحصول على مطفأة سجائر من فضلك ؟,neutral
3096,من فضلك اتجه لليسار .,neutral
3098,تاناكا ، غرفة رقم واحد صفر صفر .,neutral
3099,معذرة ، هل لي ببعض الماء ؟,neutral
3102,إنه واسع جداً عليّ . أرني مقاساً أصغر من فضلك .,negative
3103,لكم أنت لطيف أن تقول ذلك .,positive
3104,انظر في الخارج . ها أنا قادم .,neutral
3105,هل يمكنك إعادة إصدار تذكرة أخرى لرسوم الشحن فقط ؟,neutral
3108,ستستغرق حوالي ساعة .,neutral
3109,من فضلك أكمل البيانات الناقصة في التقرير .,neutral
3111,لا أفهم الإنجليزية الأمريكية ، إنما أتحدث الإنجليزية الراقية .,neutral
3115,خمسة فئة عشرين وأربعة فئة خمسين .,neutral
3116,هل هذا هو صفر صفر صفر صفر صفر صفر صفر صفر صفر صفر ؟,neutral
3119,سأطلعك أولاً بأول عن أماكن تواجدي .,neutral
3120,منذ أمس .,neutral
3122,هل توجد مغسلة قريبة من هنا ؟,neutral
3124,هل لي أن استعير مجفف شعر ؟,neutral
3125,هل لك أن تحضر لي الملح من فضلك ؟,neutral
3126,إنها هدية .,positive
3127,إنني في انتظارك حتى تهدأ .,neutral
3129,تشمل تأمين ضد التصادم والدين .,neutral
3130,الرقم هو صفر ثلاثة ثلاثة اثنان ثلاثة أربعة واحد اثنان ثلاثة أربعة .,neutral
3131,أنا سعيد حقا بالهدية .,positive
3133,كان من الأفضل أن أحكم قبضتي على حافظة نقودي ، في حال حاول أي شخص اختطافها .,neutral
3134,فقدت بطاقة المطالبة .,negative
3135,في المساء يحل الظلام في تمام الساعة الرابعة تقريباً وتغلق المتاجر مبكراً .,neutral
3136,هل يشمل رسم الخدمة ؟,neutral
3139,كم تريد خصمه ؟,neutral
3142,معذرة ، لكن هل لك أن تشرح هذه الأزرار ؟,neutral
3145,ماذا عن السيارة التي هناك ، بلايموث ؟,neutral
3152,هل لديكم دبابيس زينة ذات تصميمات رائعة ؟,positive
3153,معذرة ، لكني أريد أحداً لمساعدتي .,negative
3155,إنني أتصل من كشك عمومي في ماسي .,neutral
3156,لأربعة أيام . إذا استمرت الأعراض ، يمكنني ملئها مرة أخرى .,neutral
3158,هل يوجد خدمة لسياتل من شيكاجو ؟,neutral
3160,هل يناسب ورق مقاس ثمانية ونصف في ثلاثة عشر بوصة .,neutral
3161,هل يوجد حمام خصوصي ؟,neutral
3164,يجب لف الفوط على الرف أعلى الحوض .,neutral
3166,أرني بعض السترات التي تتناسب مع هذا .,neutral
3167,نأمل في زيادة مبيعات أجهزة الميكروكمبيوتر في منافذ البيع التعليمية من خلال ترسيخ استخدامها في هذا المجال المهمل .,positive
3169,كم السعر ؟,neutral
3170,هذه كبيرة جداً .,negative
3172,هناك طلب كبير على هذا الكمبيوتر الجديد .,positive
3173,نزيف هنا .,neutral
3174,أريد مسكناً .,neutral
3176,كم أجر الانتظار في الساعة ؟,neutral
3178,هذا ممكن إذا أمكنك السفر على رحلة صباح باكر يوم السادس والعشرين .,neutral
3179,سيداتي سادتي ، لدينا على متن رحلتنا اليوم مضيفين يتحدثون اليابانية يمكن التعرف عليهم من خلال الشارة التي يلبسونه . إذا كنت تعرف أي شخص يريد مساعدة في الترجمة ، من فضلك دعنا نعرف .,neutral
3182,هل توجد أي حقبة معينة للفن تفضلها ؟,neutral
3183,سأتناول فطيرة على الموضة من فضلك .,positive
3184,أريد ماء من فضلك .,neutral
3185,من فضلك تحقق منها مرة أخرى .,neutral
3189,إذا كانت جولة اليوم الكامل تشمل رصيف الصيادين ، سآخذها .,positive
3192,لا تقلق .,positive
3193,أشعر أنني لست على ما يرام ، من فضلك أعطني بعض الأدوية .,negative
3195,سر في خط مستقيم على طول النهر حوالي نصف ميل . ستصل للمتنزه .,neutral
3196,شريحة اللحم هذه عسيرة المضغ جدا بالنسبة لي .,negative
3197,لقد نفد منا للتو .,neutral
3198,حسناً ، إنهم فريق شبابي رائع ، وفريق الدودجرز قادمون بقوة أيضاً .,positive
3199,ليس بعد ، شكراً .,neutral
3200,من فضلك قف في منتصف مجموعتنا .,neutral
3201,كلاً ، إنهم متينين جداً .,negative
3202,أريد الملابس مغسولة في وقت ما اليوم .,neutral
3204,"فيلم ملون شفاف , من فضلك .",positive
3205,تعد اليابان سابع دولة في العالم من حيث عدد السكان .,neutral
3207,حسناً ، سأرسلها لك إلى لاس فيجاس .,neutral
3208,حاول أحد الأشخاص دخول الشقة . مجرم شاب على ما أظن .,negative
3209,أبحث عن قميص للجري .,neutral
3211,إنه ضيق جداً من عند الصدر .,negative
3212,أيمكنك الاتصال بشركة تأمين ؟,neutral
3213,ما أنواع النبيذ لديكم ؟,neutral
3216,كلاً ، خذ رقم ثلاثة .,neutral
3217,إنها خمسة دولارات .,neutral
3219,آه شكراً . لقد استمتعت بها .,positive
3220,هل تود شرب شيئاً من الحانة ؟,neutral
3222,هذا الطريق من فضلك . خذ هذا المصعد .,neutral
3223,أنا في عمل .,neutral
3224,سأقيم في فندق هيلتون . سأكون هنا لمدة ثلاثة أيام فقط .,neutral
3225,أريد جهاز تلفاز محمول من فضلك .,positive
3226,هل يوجد أي فنادق بالقرب من المطار ؟,neutral
3227,أريد نقانق فرانكفورت ذات نكهة من فضلك .,positive
3228,أشعر بألم مفاجئ في معدتي .,negative
3229,استدعى فريق الإنقاذ من فضلك .,neutral
3231,"تذكرة لطالب واحد , من فضلك .",neutral
3233,من فضلك اكتب خطابا فور وصولك .,neutral
3238,من الأفضل أن تستقل قطار الثامنة والنصف .,neutral
3239,أنا أسف . انظر ، سأدفع كل شئ . لا تستدعي الشرطة فحسب . والدي سيقتلني .,negative
3241,أنا مصاب بالإمساك .,negative
3245,أيمكنك تغليف هذه كهدية ؟,neutral
3246,أشعر بألم طفيف في المعدة .,negative
3247,ألم تتناول شيئاً فيما بينهما ؟,neutral
3251,طابعان فئة دولار واحد وعشر طوابع فئة عشرون سنتاً من فضلك .,neutral
3255,إنهم لا يأكلون البيض نيئاً في الولايات المتحدة الأمريكية .,neutral
3256,أين يمكنني إصلاح ساعتي ؟,neutral
3258,وأخبرهم من فضلك أننا سنتأخر حوالي ثلاثين دقيقة .,negative
3261,أعطني عشرة تذكارات من فضلك .,positive
3264,أنا أستخدم خزينتك الحديدية .,neutral
3265,كيف أصل إلى المطعم ؟,neutral
3266,أسرع .,neutral
3267,هل يوجد دار للسينما بالقرب من هنا ؟,neutral
3268,سيكونون جاهزين غداّ . لكن باستخدام خدمتنا الخاصة ، بحلول هذا المساء .,neutral
3269,الآن موسم جمع المحار ، لذلك سيكونون في حالة جيدة .,positive
3270,بالتأكيد ، استقل الحافلة رقم خمسة من فندق رويال وانزل في ميدان داون تاون .,neutral
3272,معذرة ، لكن هل يمكنك أن توجهني للمحطة ؟,neutral
3273,يمكنك أن تجدها عند محطة الحافلات هناك .,neutral
3276,سأسأله عما يناسبه قبل أن أناديه .,neutral
3277,"قسم تأجير السيارات , من فضلك .",neutral
3278,أريد مشاهدة الجبال .,positive
3279,أريد ساعة مستعملة .,neutral
3280,هل هذا للسيدات أم للرجال ؟,neutral
3281,أريد شراء نظارة جديدة .,positive
3283,نريد تحرير بلاغ عن أمتعة مفقودة .,neutral
3284,سأقوم بتسجيل الدخول في تمام الساعة الثامنة مساءاً تقريباً .,neutral
3285,الوقت يتأخر . يجب أن أرحل .,negative
3287,هل سنتوقف عند المتجر في طريق العودة ؟,neutral
3288,ستكون قد أنجزت بحلول مساء الغد .,positive
3289,لم أستخدم خدمة الغسيل عندكم . أيمكنك التحقق مرة أخرى ؟,negative
3290,حول هذه إلى بيزيتا من فضلك .,neutral
3292,أريد شاي من فضلك .,neutral
3294,"أيهما تفضل , مقعد مسموح فيه التدخين أم مقعد ممنوع فيه التدخين ؟",neutral
3295,كلاً ، لا يوجد .,neutral
3298,أنا السيد تاناكا . لقد قمت بتسجيل الدخول للتو ، لكن الحجرة لا تعجبني .,negative
3304,هل هذه هي آخر محطة ؟,neutral
3307,ويسكي على قطع ثلج من فضلك .,neutral
3310,كلاً ، لكن لدينا طبيب يمكنه فهم اليابانية بشكل جيد جداُ . لذلك لا توجد مشكلة على الإطلاق .,positive
3311,حسناً .,positive
3313,لا أعرف المقاسات الأسترالية .,neutral
3315,هل ترقصين معي ؟,neutral
3316,هذا كل شيء لهذا الحين . بكم أدين لك ؟,neutral
3317,لو كنت مكانك لجربت ذلك .,positive
3318,لنتصل به .,neutral
3319,يوضح الرسم التوضيحي الفروق الرئيسية بين نوعي العقود .,neutral
3321,هل أنا كذلك ؟ الشطرنج لعبة مثالية لي .,positive
3322,أجل . أريد شراء بعض التذكارات . هل لك أن ترشح لي شيئاُ نموذجياُ ؟,neutral
3323,هل هذا المتبل حار ؟,negative
3324,إنه مريض . من فضلك استدعي طبيبا له .,negative
3327,ما أكثر الرياضات المشهورة هنا ؟,neutral
3328,بأي نوع من البرامج التلفزيونية تهتم ؟,neutral
3329,هل نفقد أم نكسب يوماُ في طريقنا لأمريكا ؟,neutral
3330,أرني جدول المواعيد من فضلك .,neutral
3334,أين يمكنني أن أستقل حافلة لمشاهدة المعالم ؟,neutral
3335,أجل ، أريد مشاهدة معالم المدينة .,positive
3337,أريد بعض مكبرات الصوت .,neutral
3338,هل تعيش بمفردك ؟,neutral
3339,عليك أن تنتظر حوالي ساعة .,neutral
3340,كيف فعلتها ؟,neutral
3342,آلة تصويري لا تعمل جيداً .,negative
3344,أتمنى لك إقامة ممتعة .,positive
3345,أجل . اشتريت سترة من متجركم هذا الصباح . لكن عندما عدت وفتحته كان غير الذي اشتريته . هذا هو إيصالي .,neutral
3346,كيف تأكل هذا ؟,neutral
3350,هل لديكم سلطة خضراء ؟,neutral
3351,يوجد الكثير من السائحين بالقرب من المبنى ، ويبدو أنهم تجمعوا لإلقاء نظرة على ما يحدث .,neutral
3352,كامل العدد ، كلاً أشكرك .,negative
3353,هل تعرف أي طبيب يتحدث اليابانية ؟,neutral
3354,متى يبدأ العرض ؟,neutral
3355,هل يمكنني الدفع بالين ؟,neutral
3356,هواياتي هي تسلق الجبال والعزف على البيانو .,positive
3359,شكراً على كرم ضيافتك .,positive
3360,لا أصدق إنه يجب أن أعود لليابان . أتمنى أن أمكث فترة أطول .,negative
3361,المياه تتسرب من أعلى . لا أتحمل الجلوس هنا .,negative
3362,أرشح تحفة .,positive
3363,أنا السيدة مايزاكي في غرفة رقم ثلاثة وعشرون خمسة عشر . أريد الاتصال لإيقاظي غداً صباحاً .,neutral
3366,إنه مشهور بالمحيط الجميل .,positive
3367,إلى اللقاء .,positive
3369,من أين يمكنني شراء تحفة ؟,neutral
3370,أجل . باللون الأزرق والأحمر والأصفر .,neutral
3375,الأمانة هي السياسة المثلى .,positive
3377,سأكون سعيداُ بأن أكون ذا نفع لك .,positive
3378,أريد ملئها عند مضخة رقم خمسة من فضلك . خذ عشرين دولاراً .,neutral
3379,كم هو جميل أن ألقاك .,positive
3380,أين يمكنني صرف بعض الشيكات السياحية ؟,neutral
3382,هل تقوم بالحجز لنا لمساء الغد ؟,neutral
3384,هل لك أن تصحبنا لمقعد سي تسعة عشر وسي عشرين ؟,neutral
3385,هل لك أن توقظني في تمام السادسة من فضلك ؟,neutral
3386,أصبح بمقدوري شراء سيارة جديدة مؤخراً فقط .,positive
3390,افرق شعري على اليسار من فضلك .,neutral
3391,ما عدد مرات تعاقب الحافلة لهايد بارك ؟,neutral
3392,كم السعر لنصف يوم ؟,neutral
3395,هل لديكم مرشد يتحدث اللغة اليابانية ؟,neutral
3397,أنا كينجي .,neutral
3399,أجل ، سلطة خضراء من فضلك .,positive
3400,"أبحث عن طبيب يفهم اللغة اليابانية , من فضلك .",neutral
3401,حالاُ ومع صديق . لكن توجد مشكلة . ليس لي صديق حتى الآن .,negative
3402,هل تعرف أي أماكن جيدة لمشاهدتها في شيكاجو ؟,neutral
3403,"أعطني بعض الأدوية , من فضلك .",neutral
3404,"حسناً ، في حالة إصرار كليكما , سأذهب معكما .",positive
3405,أريد تغيير غرفتي .,neutral
3406,سمعت الإعلان عن إلغاء رحلة رقم واحد صفر سبعة .,negative
3407,"أريد حذاء بنعل مطاط , من فضلك .",neutral
3408,سر في خط مستقيم . فندق ميلتون على اليسار .,neutral
3409,من أين يمكنني الحصول على التذكرة ؟,neutral
3410,أريد القيام بالحجز .,neutral
3411,من فضلك قد السيارة بأكبر سرعة ممكنة .,neutral
3413,هل لك أن تستبدل هذه بواحدة أخرى من نفس النوع من فضلك ؟,neutral
3414,الطبخ هناك متواضع .,neutral
3415,كم عدد زجاجات المشروبات الكحولية التي لديكم ؟,neutral
3417,أريد الوصول للمطار قبل الساعة السادسة .,neutral
3418,هل تعتزم تنزيل السعر إلى سبعة دولارات ؟,neutral
3419,أريد التسوق قبل أن نغادر . هل لك أن تعتني بحقيبة سفري لبرهة ؟,neutral
3421,يمكنك تحويلها في أي من البنوك بالمطار .,neutral
3423,أريد بعض مشابك الورق .,neutral
3424,كم السعر ؟,neutral
3425,لدينا نبيذ ورد ممتاز .,positive
3426,حسناً .,positive
3427,هل يمكنني التحدث مع السيد جونز ؟,neutral
3428,ماذا تخص هذه الفاتورة ؟,neutral
3431,هل رأيت المباراة ؟ لقد فاز فريق اليانكي .,neutral
3435,أريد إجراء اتصال مدفوع من الطرف الآخر لليابان . أنا واتانابي جورو ، غرفة رقم واحد اثنان ثلاثة . أريد التحدث إلى السيد وتانابي ماكوتو على رقم ثمانية واحد أربعة خمسة ثلاث تسعات أربع واحدات .,neutral
3436,إليك فاتورتك .,neutral
3440,سأجرب هذا .,positive
3444,كلاُ ، ليس لدي . لقد أتيت لتوي من اليابان .,neutral
3445,"كلاُ ، شكرا , . سأجدها بنفسي .",neutral
3446,أريد القيام بحجز للساعة الثالثة والنصف ظهراُ .,neutral
3448,هل هذه الحافلة تمر على طريق رقم خمسة .,neutral
3449,مرشدنا سيقابلنا في المطار .,neutral
3455,"مكالمة من شخص لشخص , من فضلك .",neutral
3456,"جميل , شكراُ .",positive
3458,إنها تنزف .,negative
3459,أنا عندي حساسية ضد المحار .,negative
3462,هل لك أن تخبرني ببرامج التلفاز اليوم ؟,neutral
3464,أي أيام الأسبوع هذا ؟,neutral
3465,هل هذا مظلل عيون ؟,neutral
3466,هذا صحيح . ستكون ممارسة جيدة .,positive
3467,أنا متأكد إنني سأتعافى سريعاُ .,positive
3468,أنا مدرس .,neutral
3469,أريد صندوق طلاء .,neutral
3472,ستة وثلاثون صورة من فضلك .,neutral
3473,على أي القنوات يعرض الفيلم ؟,neutral
3474,طعام مكسيكي .,positive
3476,ها قد وصلت الحافلة . من الأفضل أن تسرع .,neutral
3477,حسناُ . مفتاح التسوق الناجح هو الذهاب هناك مبكراُ قبل الزحمة .,positive
3479,لنبرم اتفاقاُ .,neutral
3481,آه ، رائع . لدينا الكثير من الوقت إذاًً .,positive
3483,ما هو الكوكتيل الخصوصي لديكم ؟,neutral
3486,هل لديكم هذا بلون أخضر داكن ؟,neutral
3487,"عشرون ألف ين , من فضلك .",neutral
3488,هل هذه هي بوابة الدخول لرحلة الخطوط الجوية الأمريكية رقم عشرين المتجهة إلى ميامي ؟,neutral
3489,"خزينة الودائع , من فضلك .",neutral
3490,إنه قليل جداُ .,negative
3491,هل يمكنني تحويل هذه العملة إلى عملة بلد آخر فيما بعد ؟,neutral
3496,أعطني كل نقودك .,neutral
3499,مكتبي هنا في الأعلى . أقدم لك سكرتيرتي آن باتلر . آن ، أقدم لك السيد أوزو من أوساكا .,neutral
3500,أريد حجز مقعد على الدرجة الاقتصادية على الطائرة المتجهة إلى شيكاجو يوم الأربعاء .,neutral
3502,من فضلك أحضر نبيذاً مناسباُ .,neutral
3504,أريد حجز غرفة للثلاث ليالي القادمة .,neutral
3506,هل لك أن تفتح لي الباب ؟ أم هل لي أن أستعير المفتاح الأصلي ؟,neutral
3507,واحدة من هذه العلبة الحمراء من فضلك .,neutral
3508,تعتبر مايهاما المحطة الصواب للذهاب لديزني لاند .,positive
3510,ثمنها مرتفع قليلاُ .,negative
3512,أريد مكان ما صغير .,neutral
3519,متى ستصل الحافلة عند فندق هيلتون ؟,neutral
3522,هل مطلوب منى دفع ثمن الغاز ؟,neutral
3523,هذا طبق محبب في مطعمنا .,positive
3524,من فضلك ادفع رسم إلغاء الحجز في الفندق .,neutral
3525,جميل . سأنتهي من العمل الساعة السادسة . ماذا عن السابعة إذاً ؟,positive
3526,حسناً . قيمة الرصيد في حسابك ستمائة وثلاثون دولاراً .,neutral
3528,تقع أكبر المتاجر متعددة الأقسام هناك .,positive
3529,أيمكنني أخذ أمتعتي في نهاية الرحلة ؟,neutral
3530,من فضلك تحقق منها بسرعة .,neutral
3531,هل عندك هدية جميلة لزوجي ؟,positive
3532,أيقظني عند الوجبات .,neutral
3538,هل لك أن تخبرني عن طريقة استخدام ساعة الحائط ؟,neutral
3541,للدراسة .,neutral
3542,بالتأكيد ، ها هي عجينة الخردل .,neutral
3543,المقبس لا يعمل .,negative
3544,هل ترى لافتة طيران الولايات المتحدة رقم سبعة صفر سبعة ؟ أنت بحاجة للذهاب هناك .,neutral
3548,معي ستة عشر دولاراً ثمن نوع ممتاز خالي من الرصاص .,positive
3549,مصاب بألم في المعدة . هل لي أن أحصل على بعض الأدوية ؟,negative
3550,أبحث عن دباسة .,neutral
3551,كان هذا محببا خلال الأربعينات وحتى الستينات .,positive
3554,أريد أن أعرف مقاس رقبتي .,neutral
3556,هل تريد مزيداً من القهوة ؟,neutral
3557,لص . أمسكوا به .,neutral
3560,مفتاح التحويل مكسور .,negative
3562,نحن في انتظار حضور أصدقائنا .,positive
3569,هل يمكنني الاتصال بك ؟ هل لك أن تعطيني رقم هاتفك ؟,neutral
3572,من فضلك أعطني بعض النقود الفكة .,neutral
3573,هذه مكون من أربعين في المائة قطن وستين في المائة نايلون .,neutral
3575,سأراهن بها على الأرقام الزوجية الحمراء .,neutral
3576,نوادي التأجير تتقاضى ثمانين دولاراُ على المجموعة الكاملة ودولارين لتأجير الحذاء .,neutral
3578,ثلاثة أيام ابتداء من السابع من يونيو .,neutral
3579,هل يوجد شقق إيجار للسائحين ؟,neutral
3580,هل يعرف أنني هنا ؟,neutral
3581,غداً ؟ لن أقوم بأي شيء طوال فترة بعد الظهر . لكن ما السبب ؟,neutral
3586,أريد إجراء اتصال مدفوع من الطرف الآخر للسيد هاشيموتو .,neutral
3587,هل يوجد مباراة كرة قدم نهاية هذا الأسبوع ؟,neutral
3588,هذا يبدو جيداُ . سآخذ هذه من فضلك .,positive
3589,هل لك أن تريني فاتورتي من فضلك ؟ على أي شيء هذه الرسوم ؟,neutral
3591,إنهم في الجانب الآخر من قسم المجلة .,neutral
3592,ما اختيارات اليوم ؟,neutral
3593,أين يمكنني التقدم للحصول على إصدار جديد ؟,neutral
3596,إنها لفترة قصيرة للنوم . ثمنه مرتفع قليلا .,negative
3597,تابيو أوزورا .,neutral
3599,سأريك في المكان حولنا .,positive
3600,نريد منضدة في القسم المسموح فيه بالتدخين .,neutral
3602,أريد مستحضر ضد قشرة الشعر .,neutral
3603,هل لك أن تساعدني في ملأ هذه الاستمارة ؟,neutral
3606,هل يوجد أي خصم للسائحين ؟,neutral
3607,أريد سوستة .,neutral
3609,بعد مستحضر غسل الشعر ، أريد طلاء الأظافر .,neutral
3610,ليس باهظاُ جداُ . حسناُ . حسنا سنقيم في فندق جميل اسمه البيفرلي . إنه يقع في إيست سايد .,positive
3613,سأنتقل إلى رحلة أخرى في باريس .,neutral
3614,لا تقول لا أبداُ .,neutral
3615,هل تعرفه منذ وقت طويل ؟,neutral
3616,في متجر التذكارات بجوار المدخل .,neutral
3617,كلاُ ، هذا تامورا .,neutral
3619,تموج شعر دائم مشدود من فضلك .,neutral
3620,عندي موعد الساعة السابعة .,neutral
3621,ما اللاذع ؟,negative
3622,من فضلك اكوي هؤلاء .,positive
3623,أريد حجز عربة نوم على متن الطائرة المتجهة إلى مدريد هذه الليلة .,neutral
3627,أكيد . فقط سر في هذا الشارع مسافة ناصيتين ، وسترى نيشنز بانك على الجانب الأيمن .,neutral
3628,إنها صغيرة الجسم وذكية .,positive
3629,شكراً ، لكنني أريد أن أمعن التفكير فيها .,positive
3632,متى تصل ؟,neutral
3634,كم سعر الرطل من هذا ؟,neutral
3637,ماذا سيحدث إذا وافقت ؟,neutral
3638,ما عرض الأوبرا اليوم ؟,neutral
3640,مقلي من فضلك .,positive
3641,هل تتمنى أن أعقد أي صفقة أخرى ؟,neutral
3644,غسيلي لم يرجع حتى الآن .,negative
3645, السيدة ذات الرداء الأحمر  عبارة عن شمبانيا مكونة أساساً من كوكتيل فراولة وهو منعش جداً .,positive
3647,هذا مفيد . شكراً . آنا آسف ، اسمك من فضلك .,positive
3648,هل كان يوجد أي صفة مميزة أو علامة عليه ؟,neutral
3649,"على فكرة , هل أنت غير مشغول السبت القادم ؟",neutral
3652,توجد حافلة أخرى في الثانية عشر والنصف .,neutral
3654,هل يمكنني إلقاء نظرة على السترة في فاترينة العرض ؟,neutral
3657,كأسان من شراب الداكيري من فضلك .,positive
3659,هل يوجد أي مطعم يتم التحدث فيه باللغة اليابانية ؟,neutral
3661,هل يمكنك الاتصال بزميلي بالبيجر ؟ لقد ضل طريقه منى في الزحمة .,negative
3665,سأعطيك حقنة .,positive
3667,"حسناً ، إذن , ربما سننسجم مع بعضنا .",positive
3669,إنها عاملتني كما لو كنت متسولاُ .,negative
3670,رفيقي أصيب بألم حاد في المعدة .,negative
3673,أريد كريم للبشرة الدهنية .,neutral
3675,هل لك أن ترشح جولة لمشاهدة المعالم ؟,neutral
3680,ثلاثون دقيقة تقريباُ . من فضلك انتظر في قاعة العبور .,neutral
3681,هل يمكنني إجراء اتصال مدفوع من الطرف الآخر لليابان ؟,neutral
3683,أفهم . هل يمكنك مساعدتي في هذا المشكلة الأخرى أيضاُ ؟,neutral
3684,هل يمكنني أطلب بيتزا تسلم في غرفتي ؟,neutral
3685,هل يمكنك وضع عدسات نظر في هذا النظارة الشمسية ؟,neutral
3686,أظن أننا نستطيع توفير مائدة في غضون ثلاثين دقيقة .,neutral
3689,أين أقرب محل حلاقة ؟,neutral
3690,كم سعر الطاقم ؟,neutral
3691,أنا قادم من ألمانيا .,neutral
3692,من فضلك حول هذه إلى دولارات .,neutral
3693,هل عندكم ثمر البرسمون ؟,neutral
3696,توجد رائحة جميلة قادمة من محل الطعام .,positive
3698,سآخذ اثنين من هذه .,positive
3700,هل أريتني كيف أجري اتصالاُ تليفونياً ؟,neutral
3701,أراهن أنه يوجد أناس متعاطين للمخدرات هنا .,negative
3702,هل تفهم ما أقول ؟,neutral
3703,هل لي أن أسأل عن وقت المغادرة من هنا ؟,neutral
3704,إنه بالخارج .,neutral
3705,يا لها من كلاب ذكية . من أي فصيلة ؟,positive
3706,والدي يصاب بالفزع على متن الطائرات .,negative
3708,أنا هنا مع صديقي . هل يمكننا الجلوس معك ؟,neutral
3709,الطعام رائع والناس جادون في العمل ، لكن التلفاز صبياني .,positive
3710,أفهم . دعني أراجع الدفتر . عندي افتتاح يوم الجمعة . هل تفضل الصباح أم بعد الظهيرة ؟,neutral
3711,شكراً . من فضلك ادفع عند المحصل هناك . شكراً مرة أخرى .,positive
3712,متى أعود ؟,neutral
3714,أين غرفة الموظفين الإداريين ؟,neutral
3715,الساعة التاسعة .,neutral
3716,أنا آسف . ليس معي ما يكفي الآن .,negative
3718,حسناُ . لنفعلها . هل أنت مستعد .,positive
3719,هل هذا كوارتز ؟,neutral
3721,وقعت منى الشوكة . من فضلك أحضر واحدة أخرى .,negative
3722,آه . أريد معجون أسنان أيضاً .,positive
3723,طلب سلطة بطاطس على الحساب من فضلك .,neutral
3725,تلوث الهواء مشكلة خطيرة في هذه المدينة .,negative
3726,هل لديكم استراحة ؟,neutral
3729,أشعر بوخز في معدتي .,negative
3730,رقم الهاتف هو واحد اثنان ثلاثة خمسة ستة .,neutral
3732,هل تفضل سمكاً أم لحم بقري ؟,neutral
3733,من فضل أريد مقعد . يجب أن أجد مقعد .,neutral
3734,علي أن أصل إلى المطار قبل الساعة الثامنة صباحاً .,neutral
3735,أظن أنني قابلتك من قبل . أنا كينيتشي يامادا من شركة نانيو للتكنولوجيا .,neutral
3736,هل لك أن تنظر على جدول اختبار النظر من فضلك ؟,neutral
3737,سنقيم حفلاً ودياً غداً . شاركنا ، هل ستحضر ؟,positive
3738,هل يمكنني الحصول مفك ؟,neutral
3739,هل يمكنني التصوير ؟,neutral
3740,آه . هذه الطائرة صغيرة جداً لدرجة أنها لن تسع كل الأمتعة .,negative
3741,ممنوع التدخين في المصعد من فضلك .,neutral
3742,كان هذا ممتعاً .,positive
3744,أريد القيام برحلة نهرية .,positive
3747,بالتأكيد . سر في خط مستقيم ثم اتجه يميناُ عند الناصية الثالثة . ستجده على يمينك .,neutral
3749,من فضلك زكي مطعماً .,neutral
3752,هذه غرفة رقم ثلاثة خمس وعشرون . التلفاز لا يعمل .,negative
3753,أريد ياردتين من هذا القماش من فضلك .,neutral
3754,من فضلك ادفع أجر النقل للوصول هناك .,neutral
3755,أيهما تفضل : كلب أم قطة ؟,neutral
3757,يمكنني أن آخذها .,positive
3758,هل لك أن تحضر لي بعض الثلج كوبين من فضلك ؟,positive
3760,كان معي زجاجة مياه معدنية من الثلاجة .,neutral
3765,هل لديكم فيلم شفاف ملون ؟,neutral
3766,ما رقم رحلتك ؟,neutral
3767,أعاني مشاكل صحية في القلب .,negative
3771,أين زيت السمسم ؟,neutral
3772,هذا هو المكان الذي حدث فيه تصادم بين أربع سيارات أمس الأول .,neutral
3774,أحياناُ أذهب للعب الجولف خلال عطلات نهاية الأسبوع .,neutral
3775,توجد بعض النقاط التي بحاجة لأن أمعن التفكير فيها .,neutral
3777,أريد تحديد موعد في العاشرة صباحاً .,neutral
3779,اصمت . سأقوم بإجراء اتصال وتحديد موعد لقصه .,neutral
3780,أتعرف كاثي ؟ إنه عيد ميلادها .,positive
3784,هل يمكنك الجلوس هناك ؟,neutral
3789,هل لديك لوحة موضوع عليها الألوان ؟,neutral
3792,هل يمكنني أن أدفع بشيكات سياحية ؟,neutral
3793,يبدوا أن السماعات لا تعمل بشكل جيد .,negative
3795,ما الذي يعرض في السينما الليلة ؟,neutral
3796,هل يمكنني الحصول على إصدار جديد منها ؟,neutral
3799,هل لديكم أحمر داكن بخلفية فضية خالصة ؟,neutral
3801,ما هو الحد الأقصى للعمر ؟,neutral
3802,أريد عصير طماطم من فضلك .,positive
3804,"أجل , هل ستشرح كيفية استخدام هذه السماعات ؟",neutral
3805,حتى متى مسموح لنا بالدخول ؟,neutral
3806,"لكن ، هو , يا رجل كيف أعرف أنه الشيء الحقيقة ؟",neutral
3808,هل تعرف أي من المتاجر التي يعمل بها موظفين مبيعات يابانيين ؟,neutral
3810,"أجل سيدي , عدد من أفضل الأشخاص يقيمون هنا . أناس يدفعون بقشيشاً لسائقي التاكسي ، إذا فهمت ما أعنيه سيدي .",positive
3811,درجة ثانية ذهاب فقط من فضلك .,negative
3812,أنا حاجز على رحلة رقم خمسة المتجهة إلى سياتل غداً .,neutral
3813,نحن متأخرين قليلاً ، لكن لا تقلق .,neutral
3814,تأكد أنك تفي لكل وعودك .,positive
3817,أين يمكنني التقدم إلى مدرسة الغوص ؟,neutral
3818,حصلت على مظروف أخر ؟,neutral
3819,لا أريد زيت شعر ، شكراً .,negative
3820,كم عدد الأيام ؟,neutral
3821,لم أكن أريد هذا .,negative
3824,أفهم . تبدو جميلة . لكن أليس سعرها مرتفعاً قليلاً .,neutral
3825,هل يمكنني شرائها معفاة من الضرائب ؟,neutral
3826,ليس معي أية نقود معدنية للصندوق الذي يعمل بالعملات .,negative
3828,هل كنت تعرف أنك لم تتوقف عند الإشارة ؟,neutral
3829,لا يمكنني وضع الأمتعة تحت المقعد . هل لك أن تحتفظ بها لأجلي من فضلك ؟,neutral
3830,كم يبلغ سعر الليلة ؟,neutral
3831,مقاسي سبعة .,neutral
3832,سأصل حوالي الساعة العاشرة الليلة .,neutral
3834,رقمي هو واحد اثنان ثلاثة تسعة صفر خمسة خمسة .,neutral
3835,هل يمكن أن تضع حقيبة السفر هذه في صندوق السيارة .,neutral
3837,منذ أن قطعت كل هذا الطريق إلى سافيل رو ، كان علي أن أخيط بذلة .,neutral
3838,اشحن البطارية من فضلك .,neutral
3840,العشرون من إبريل .,neutral
3845,أريد التغيير لرحلة بعد الظهر .,neutral
3846,ملابس وحقائب وأحذية وأشياء من هذا القبيل .,neutral
3847,أنا خارج الآن . لذلك سآخذها .,neutral
3849,إنها بنت يابانية عمرها ثماني سنوات .,neutral
3852,كيف حالك ؟ والدي يرسل إليك تحياته .,neutral
3853,هيا نسرع ، وإلا سنتأخر .,neutral
3855,هل هي هشة أم قابلة للكسر ؟,neutral
3856,من فضلك أرسل أحداً للطابق العلوي ليأخذ حقائبي الساعة السادسة والنصف .,neutral
3858,أريد خريطة لسان فرانسيسكو والمنطقة المحيطة .,neutral
3859,ما نوع الخبز لديكم ؟,neutral
3860,أين المصعد ؟,neutral
3861,هل يوجد أحد يستطيع العزف على البيانو ؟,neutral
3863,أخشى أن يفشل هذا المشروع .,negative
3864,علمني الخطوات من فضلك .,neutral
3865,حوالي ساعة ونصف .,neutral
3866,أنا آسف . لقد أعطيتها لشخص آخر يقيم في نفس الغرفة .,neutral
3869,"لحقت ماري بالقطار , لكن جورج لم يلحق به .",neutral
3870,كل الأعمال وعدم اللعب يجعل جاك ولداً ممل .,negative
3871,"حسناً , سأفكر في الأمر .",neutral
3872,في أي محطة سأنزل للذهاب إلى مبنى إمباير ستيت ؟,neutral
3873,تذاكر القطار السريع جيدة فقط للقطار والمقعد الذي حجزته .,negative
3874, جوكوروساما  لشرح كل هذا لي .,neutral
3875,لم أشعر بأي حركة للأمعاء منذ ثلاثة أيام .,negative
3877,أي المضارب سأستخدمها للضربة القادمة ؟,neutral
3883,ما أكثر الشواطئ المحببة للأطفال المحليين ؟,neutral
3884,كلها سلع شخصية .,neutral
3886,أجل ، زجاجة كوكا واحدة فقط .,neutral
3887,تبلغ الميزانية أقل من ألف دولار .,negative
3888,تفضل حلويات .,neutral
3889,أليس أكلها خطيراً ؟,negative
3891,هذه هي بطاقة المطالبة الخاصة بي . هل لك أن تراجعها في الحال ؟,neutral
3892,شكراً . لكنني لا أعتقد أن عندي وقت للإقامة لمدة ليلتين . هل يمكنك حجز غرفة بسريرين لي في ذلك الفندق ليلة الثاني عشر من مارس فقط ؟,neutral
3893,نحن نشتري كذلك كثير من الطعام البحري من دول أخرى .,neutral
3894,أشياء قابلة للكسر .,neutral
3895,لا تقلق . سنعلنها .,positive
3896,الطريق إلى رصيف فيشرمان من فضلك .,neutral
3897,هل لك أن تحضر لي شاي وخبز وزبد ؟ هذه غرفة رقم اثنان صفر ثلاثة أربعة .,neutral
3900,هل يمكنني حجز غرفة بسريرين تطل على المحيط ؟,neutral
3901,نفسي تتوق إلى جرعة جعة كبيرة .,neutral
3902,يتوقف الأمر على إذا ما كان لديك شيئاً تظهره أم لا .,neutral
3904,حسناً سيدي . من فضلك ضع السماعة وسأدعك تعرف متى قمت بإيصال المكالمة .,neutral
3905,النشر المكتبي شائع إلي حد ما هذه الأيام .,neutral
3906,هل تفضلتم بتحويل هذه الفاتورة إلى فواتير أصغر ؟,neutral
3907,مانشستر من فضلك .,positive
3909,أنا آسف . نحن لا نقوم بهذا .,negative
3910,لقد سكبت شيئاً . هل يمكنك أن تحضر لي منديل مائدة ؟,negative
3914,متى كان آخر اتصال لك ؟,neutral
3915,كم سعر التذكرة إلى وايت بلينز على نورث لاين ؟,neutral
3917,هل هي جولة لمدة نصف يوم ؟,neutral
3918,من فضلك أرني جدول المواعيد .,neutral
3920,لم نقرر بعد .,neutral
3921,أريد غسل يدي . هل توجد غرفة أغسل فيها يدي ؟,neutral
3922,هل أحتاج تذاكر ؟,neutral
3924,يوجد شيئ ما خطأ في السيارة . هل يمكنك أن تفحصها ؟,negative
3925,آه . إنه يعرف أننا نريد ملابس .,neutral
3926,مكالمة لمسافة طويلة من فضلك .,neutral
3928,تعثر صديقي والتوي كاحله .,negative
3929,أنا آسف ، لكنه في اجتماع الآن .,neutral
3930,أبحث عن مصرف . أين أقرب واحد ؟,neutral
3931,ما نوع الوظيفة ؟,neutral
3933,آه ، تباً . أين نحن ؟,negative
3934,صباح الخير . كم منكم سيأكلون ؟,positive
3935,التوى مفتاح البطاقة . هل أعطيتني واحد آخر من فضلك ؟,neutral
3936,سأجرب بعضاً من الشراب المثلج .,neutral
3937,عليك أن تتحقق خلال تسعين دقيقة قبل وقت المغادرة .,neutral
3938,تركت معطفي في دورة مياه الفندق .,negative
3939,من فضلك حول هذا لعملات معدنية صغيرة .,neutral
3940,يبدوا أن شخصاً ما قد أخذها عن طريق الخطأ .,negative
3942,أين الدورة الدراسية للمبتدئين ؟,neutral
3943,هل لديك أي ألوان مختلفة ؟,neutral
3944,أريد إرجاع المذياع الذي اشتريته أمس .,neutral
3945,ما الخط الذي يمكنني أخذه .,neutral
3946,من فضلك أحضر لي منشفة ؟,neutral
3947,سأركب طائرة ثانية في نورث ويست رقم اثنان ثلاثة أربعة . أين يمكنني تسجيل دخول أمتعتي ؟,neutral
3948,هل يمكنني تغيير المقاعد ؟,neutral
3949,دولار وخمس وسبعون . سأتصل بك عندما يكون جاهزاً .,neutral
3951,هل لك أن تستفسر عنها لطوكيو ؟,neutral
3955,هذه غرفة رقم ستة صفر واحد .,neutral
3956,يا له من منظر !,positive
3957,من فضلك أيقظني في تمام الساعة السادسة صباح غد .,neutral
3958,يبدو أنها قطعة عالية الجودة .,positive
3959,هل آخذ متعلقاتك ؟,neutral
3960,هل لي أن أحصل علي فاتورتي من فضلك ؟,neutral
3961,هل يوجد مطعم تايلاندي قريب من هنا ؟,neutral
3962,تواجه نهر التايمز من فضلك .,neutral
3964,"معذرة , هل ستلتقط صورة لنا ؟",neutral
3967,هل يوجد أماكن للغوص بالقرب من هنا ؟,neutral
3969,"أريد شطيرة لحم مشوي بالجبن مع كل شيء , ومقليات ومشروب فراولة .",positive
3971,من فضلك أرسل هذا الطرد والدفع نقدا عند التسليم .,neutral
3972,إنها بجور ذلك المبنى المرتفع . لذلك ارجع في نفس الطريق الذي أتيت منه حتى إشارة المرور . ثم اتجه يساراً .,neutral
3973,أنا سعيد جداً لأنني كنت أتناول وجبات على الطريقة الغربية منذ أن غادرت طوكيو .,positive
3974,علي أن ألحق طائرة متجهة للوس أنجليس باكر صباح غد .,neutral
3975,أريد أن أبرق هذا .,positive
3977,من فضلك دون اسمك والفندق الذي تقيم فيه ورقم هاتفك على هذه الورقة .,neutral
3978,هل يمكنني تحديد موعد يوم الجمعة ؟,neutral
3979,صباح الخير . هذه مكالمة لإيقاظك .,positive
3980,قمت بإجراء مكالمة .,neutral
3982,من فضلك دلني على الطريق لمكتب ال بي إيه .,neutral
3986,معذرة . هل لك أن تفك هذا الدولار ؟ أريد إجراء مكالمة ، لكن ليس معي فكة .,neutral
3988,إذاً يمكنني بكل ثقة أن أزكي برج مدينة سان فرانسيسكو . فهذا يعطيك فكره عن سان فرانسيسكو .,positive
3989,من التاسعة صباحاً حتى التاسعة ليلاً .,neutral
3990,هل لك أن تطبع اسمي وعنواني على رأس الخطاب ؟,neutral
3991,أريد الحصول على تأمين .,neutral
3992,هاهو إيصال الدفع الخاص بي .,neutral
3993,هل الزي الرسمي مطلوب ؟,neutral
3994,كم يتكلف تدليك الوجه مع قناع الطحالب ؟,neutral
3995,لنستخدم كيس بارد لتخفيف الألم .,neutral
3999,أود أن أصرف الشيك .,neutral
4001,كيف كان الطقس في لوس أنجلوس ؟,neutral
4004,إنها خارج الباب . اذهب إلي محطة الحافلات رقم ثلاثة . هذه الحافلة سوف تقلك إلى فندق باي فيو .,neutral
4005,بهذه البرمجيات ، سوف يتمكن المستخدمون من إنشاء صفحة إنترنت في أقل من عشر دقائق .,positive
4008,سقطت وجرحت ركبتي .,negative
4009,"من فضلك , أرني .",positive
4011,إلى أي شيء تشير اللوحة ؟,neutral
4013,تريد أن تشتري ثوبا .,neutral
4015,لماذا احتفظ المنتج أ بحصته الكبيرة من السوق خلال السنوات الخمس الماضية ؟,neutral
4016,كم أجرة التاكسي حتى هذا الفندق ؟,neutral
4017,أين الحمام ؟,neutral
4024,حسنا . توجه إلى مكتب فصح جوازات السفر .,neutral
4025,أعد لي دولارين .,neutral
4026,متى ستأتي ؟,neutral
4027,هل لديك نفس الشيء باللون الأسود ؟,neutral
4029,ما موعد مغادرة القطار الأخير ؟,neutral
4031,من فضلك ، أنزلني بالمحطة القادمة ؟,neutral
4032,لوحات الإيجار من فضلك .,neutral
4033,نعم ، لدينا ثلاثة ملاعب تنس خلف هذا الجناح .,neutral
4034,هل يكلفني دخول هذا المبنى أي أموال ؟,neutral
4035,من فضلك ، خذني من عند المحطة .,neutral
4036,قم بها بطريقتك .,neutral
4037,من أين يجب علي أن أدخل الصف ؟,neutral
4038,من فضلك ، اذهب إلى النافذة الخامسة .,neutral
4040,حسنا ، سيدى . نراك في الساعة السابعة .,neutral
4042,من المؤكد أن هناك خطأ حسابيا . كم تكلفتها ؟,negative
4044,أرغب في سيارة أوتوماتيك قادرة علي قطع مسافات كبيرة .,neutral
4045,نعم ، كان يوم أمس أدفأ قليلا .,positive
4046,الانتظار على جانب الممشى مخالف للقانون .,negative
4047,وهل تبيع طوابع بريدية ؟,neutral
4048,أنا بحاجة لروشتة .,neutral
4049,الساعة الخامسة تقريبا .,neutral
4050,رد الفعل تجاه طرازنا السابق كان جيدا على وجه عام .,positive
4053,ماذا عن الذهاب إلى هاكوني معي ؟,neutral
4054,أي شيء تختاره حسن .,positive
4057,حسنا ، آنسة سوزوكي ، لديك حجز على طائرة اثنين ثلاثة عشر التي تغادر غدا في الثالثة مساء . من فضلك سجلي اسمك في الساعة الثانية .,neutral
4058,هل يمكنني الحصول على بعض الفكة ؟,neutral
4059,ربما أكون تركتها عند المكتب الأمامي ؟,neutral
4060,بكل تأكيد . عددها جميعا حوالي ثلاث قطع ؟ سوف نحجزها لك .,neutral
4061,لا أستطيع أن أرى الشاشة من هنا جيدا .,negative
4064,عذرا ، ولكني أريدك أن تحتفظ بجواز سفري .,neutral
4065,حسنا . لقد قمنا بالحجز لك .,neutral
4068,الفاتورة من فضلك .,neutral
4070,هل تود أن نتناول الغداء سويا ؟,neutral
4072,هذا سيئ للغاية . كان لطيفا جدا أن أتحدث معك .,positive
4073,لا يمكنني أن أجد الكلمات المناسبة .,negative
4074,الفارق الكبير هو الإحساس بالفراغ .,neutral
4076,هل عندكم خصم للإقامة الشهرية ؟,neutral
4077,هل هذا على الطريق السريع أم في المدينة ؟,neutral
4079,لقد كان هناك سطو مسلح .,neutral
4080,هل ستبقى لثلاث ليال كما هو مخطط ؟,neutral
4082,أنا أبحث عن شيء أنيق .,neutral
4083,هل لك أن تتصل بي لاحقا ؟,neutral
4085,أود أن أرسل تلغرافا .,neutral
4086,متى يتعين علي أن أدفع الحساب وأغادر ؟,neutral
4088,نعم ، للمجموعات المؤلفة من عشرة أفراد أو أكثر ، المشروب بثلاث دولارات .,neutral
4091,ها هي تأشيرة ركوبك . من فضلك ، اذهب إلي البوابة أربعة عشر عندما ينادي على الرحلة .,neutral
4092,جرحت إحدى يدي بقطعة زجاج .,negative
4093,لا تضايقني .,neutral
4096,إنها حسنة للغاية .,positive
4098,لم استلم أمتعتي بعد .,negative
4099,حسنا . من الصعب قول ذلك . هذا يعتمد علي المرور على الطريق السريع . إنك تعرف أن الحركة المرورية كثيفة للغاية في هذا الوقت من اليوم .,neutral
4100,هل لك أن ترينى طريقة أكل ذلك ؟,neutral
4101,أريد لحم خنزير مشوي .,neutral
4103,لقد نفد الغاز .,negative
4104,النافذة محشورة .,negative
4105,هل لى أن أجرب المقاس الأكبر التالي ؟,neutral
4106,من فضلك ، املأ هذه الاستمارة . إلى أين سنأخذها بعد أن نستردها ؟,neutral
4107,قابلتك عندما زرت مكتبنا في طوكيو العام الماضي .,neutral
4109,على أي جانب من ميدان الاتحاد هي ؟,neutral
4114,هل تتوقف في فندق واني ؟,neutral
4115,هل لك أن تشرح لي كيفية تشغيلها ؟,neutral
4116,هل لي في سمكة موسى وبعض الأرغفة الملفوفة .,neutral
4117,هل لك أن تزكي لي مطعما جيدا ؟,neutral
4118,كم من الوقت يستغرق ؟,neutral
4119,نصف أوقية من شانيل رقم خمسة من فضلك .,neutral
4120,من فضلك ، شغل العداد .,neutral
4121,لم أر أبدا لونا نابضا بالحياة مثل هذا اللون .,neutral
4123,هل يمكنني شراء بعض أدوية المعدة ؟,neutral
4125,أنا لم أطلب ذلك .,negative
4128,عذرا ، أين يمكنني أن أغسل يدي ؟,neutral
4129,ما رأيك في بعض القهوة ؟,neutral
4130,مرحبا ، لقد فقدت بطاقة الائتمان . من فضلك ابطل سريان البطاقة القديمة واستصدر لي بطاقة جديدة .,negative
4131,أرغب في فحص حقائبي .,neutral
4133,"أنا أريد تذكرة ذهاب وعودة إلى محطة "" س "" من فضلك .",neutral
4134,ما هو سعر الغرفة ؟,neutral
4135,من فضلك ، اتبعه . هو سوف يغسل شعرك بالشامبو .,positive
4136,هل يمكنني الحصول علي كيس بلاستيك ؟,neutral
4137,لدي ثلاث حقائب .,neutral
4139,هل يمكنني معرفة اسمك ورقم تليفونك ؟,neutral
4141,أنا أعرف ذلك . مذاق الحلويات اليابانية مختلف إلى حد ما عن حلوياتنا .,neutral
4142,هل لك أن تبعث بشاحنة قطر إلى مائة طريق مينتو ؟,neutral
4143,هل أنا بحاجة إلى تذكرة ؟,neutral
4144,هذه عائلتي .,neutral
4145,هل هناك مشكلة في الانتقال إلى مقعد آخر ؟,neutral
4147,كم ستستغرق من الوقت ؟,neutral
4149,بالتأكيد . أنا ذاهب بالقرب من مكتب البريد على أي حال .,neutral
4150,حسنا . هذا سيئ للغاية . والآن ، ماذا عن هذه التي تشير إلى عملية بسيطة ؟ ما عليك سوى أن تضع خرطوشة الفيلم هنا وتضغط علي باب الغلق .,negative
4151,هل يمكنك أن ترتب لي الجلوس سويا مع زوجتي ؟,neutral
4152,أحرقت المياه الساخنة يدي .,negative
4153,أود إرسال برقية .,neutral
4154,هذا لأن القرارات تتخذ بشكل جماعي .,neutral
4155,انزل هذه السلالم واتبع الاشارة .,neutral
4156,هل عندك بعض البيرة المحلية ؟,neutral
4160,هل يمكنك أن تتوقف هنا ؟,neutral
4161,إذا اشتريت اثنين ، كم ستكلفك الواحدة ؟,neutral
4163,نعم . هذه .,neutral
4164,أين أجد توصيلة لـ جريندلوالد ؟,neutral
4168,غرفة بحمام ودش .,neutral
4169,أبحث عن مظلة .,neutral
4175,مكالمة تليفونية دولية من فضلك .,neutral
4177,ثمانية وعشرون دولارا ؟ ماذا عن خمسة عشر دولارا ؟,neutral
4178,هل ترغب في بعض الشاي ؟,neutral
4180,بارك الله فيك .,positive
4181,أريد منضدة بالقرب من النافذة من فضلك .,neutral
4182,ما هي تكلفة الخدمة تقريبا ؟,neutral
4183,هل تقبلون شيكات المسافرين هنا ؟,neutral
4185,كم المدة التي يستغرقها من هنا ؟,neutral
4187,كريمة وسكر ؟,neutral
4189,الشخص المسؤول ليس موجودا الآن . سيكون هناك حالما يعود .,negative
4190,المفتاح من فضلك غرفة إحدى عشر ستة عشر .,neutral
4193,هل ثمة تخفيضات للأعضاء المشاركين ؟,neutral
4194,أريد كاميرا بسيطة من فضلك .,neutral
4196,هل هذا أصلي ؟,neutral
4197,هل تمانع في شد حملاتي من الخلف ؟,neutral
4199,أريدك أن تأخذ صورة بالأشعة السينية .,neutral
4201,هل تعرف مكانا آخر قريبا يقبل الين الياباني ؟,neutral
4204,لماذا هذه الشورتات البوكسر باهظة الثمن ؟,negative
4207,البطارية فارغة . هل يمكنني أن استعير وصلتك ؟,negative
4208,"دواءً للمعدة , من فضلك .",neutral
4209,استلمت زجاجة عصير ولكني لم أحصل علي أي باقي .,negative
4210,أنا أحب الموسيقى الفولكلورية .,positive
4213,هل يمكنني أن أرى مثل تلك المعروضة في الفاترينة ؟,neutral
4219,هل هناك قطار فائق السرعة في التاسعة والنصف ؟,neutral
4221,دعني افحص سائل الفرامل والمحرك . يبدو أن محرك سيارتك قد أوشك علي التوقف .,negative
4224,لم يكن خطئي .,negative
4225,مرحبا شركة ساماريتان للعقارات .,positive
4226,هل لديكم فواكه طازجة ؟,neutral
4230,سأتناول ما تبقى لليلة .,neutral
4231,أين غرفة الطعام ؟,neutral
4234,حوالي ثلاثة ملايين ونصف المليون ين .,neutral
4235,أرسلها بالبريد المسجل ، من فضلك .,neutral
4236,هل تحتفظ ببعض المسكنات في فندقه ؟,neutral
4240,حسنا ، هل يمكن أن استحم اليوم ؟,neutral
4243,الطرف الآخر على الخط .,neutral
4244,اعطني تسع عشرات ، خمسة واحدة ، أربعة واحد والباقي فكة .,neutral
4245,اليابانيون يحبون أداء الأعمال في مجموعات .,neutral
4246,دعونا نتقابل اليوم .,neutral
4247,ما الوقت الآن في طوكيو ؟,neutral
4248,يجب أن نفهمه .,neutral
4249,أريد شراء كوتشينة من فضلك .,positive
4250,أنا أبحث عن هدايا تذكارية بأسعار معقولة .,neutral
4253,متنزه باتيرى من فضلك ، ولكن هل يمكنك التوقف في ميدان الاتحاد ؟ أود أن آخذ صديقي من هناك .,neutral
4254,سوف نعيدها لك قريبا .,neutral
4257,آسف ، لا أستطيع . لا يمكنني التوقف إلا عند الفنادق الموجودة بتلك القائمة .,negative
4261,أنا أقدر ذلك ، ولكن .,positive
4262,لا كهرباء .,negative
4263,سوف أبلغ الشرطة بذلك .,negative
4264,ما نوع الغرفة التي تريدها ؟,neutral
4266,إلى اليمين أم الشمال ؟,neutral
4267,أعطني دولارا .,neutral
4268,ما رقم البوابة ؟,neutral
4269,هل سيحاسب كل واحد منا على مشروباته منفردا ؟,neutral
4270,التوقيع ، من فضلك .,neutral
4271,هل هذا رصيف رقم ستة ؟,neutral
4273,إنها حريفة بعض الشيء ، ولكن أعتقد أنها ستحوز على إعجابك .,positive
4275,في أي مكان من ثلاثين حتى خمسين دولارا لليلة .,neutral
4276,أرغب في تناول كوب من الماء البارد .,neutral
4278,من فضلك ، اصلح هذه .,negative
4279,هل التوجه إلي سوهو خطير ؟,neutral
4280,تذكرة إلى ديترويت من فضلك .,neutral
4281,عندما يتعلق الأمر بالموسيقى ، لا أحد يستطيع أن يبز شارع أربعين-اثنين . إن المسرح يكتظ عن آخره كل يوم حتى لا يستطيع أحد أن يحصل على تذكرة مفردة . هذه حالة نادرة في تاريخ الموسيقى كما أخمن .,negative
4283,هل يمكنك تنزيل حقائبي ، من فضلك ؟,neutral
4284,في أيام السنة الجديدة . وفي مناسبات خاصة مثل حفلات الزواج ومراسم منح الجوائز أو في العزاء .,neutral
4285,المزيد من المستردة ، من فضلك .,positive
4286,أقدر ذلك ، ولكن يصعب علي حمل حقائبي . هلا تعطفت واحتفظت بها ؟,negative
4289,نحن مهتمون بعلم الآثار .,positive
4290,هل يمكنك أن تحضر لي كوبا من الماء ؟,neutral
4291,اتصل بالشرطة .,negative
4292,إنها قادمة .,positive
4294,طول كتفك ، من فضلك .,neutral
4297,هل لي أن أرى البرنامج وقائمة الأسعار ؟,neutral
4299,بالطبع . سوف أعطيك بطاقة العمل الخاص بنا .,positive
4300,هل لديك أي أشكال أخرى ؟,neutral
4301,بوابة ركوبك الطائرة رقم سبعة عشر .,neutral
4303,التاسع والعشرون من أبريل يوافق عيد ميلاد الإمبراطور شوا ، والد الإمبراطور الحالي . يحتفل الناس بهذا اليوم تحت اسم العيد (اليوم) الأخضر .,positive
4305,لماذا لا تعطيها هدية ؟,negative
4307,كم يتكلف إرسال بطاقة بريدية إلى اليابان بالبريد الجوي ؟,neutral
4312,هل ستأخذني معك إلى الديسكو ؟,neutral
4313,نعم ، إنه برج ميموريال : أحد أشهر المباني بالمدينة .,positive
4315,هل لديك أفلاما ؟,neutral
4316,عذرا . هل هذا هو الطريق الصحيح إلى البنك الوطني الأول ؟,neutral
4317,أود استخدام صندوق أمان .,neutral
4318,ابتدأ شجارا .,neutral
4319,هل تقدمون أي خصومات خاصة ؟,neutral
4320,لدي خبرة قدرها عشرون عاما في هذا المجال .,positive
4321,أي فيلم توصي به ؟,neutral
4323,أنا مقيم بفندق هيلتون سي سايد . تعرف ، أنا بحاجة إلى تلك الحقيبة فإن بها كل ملابسي .,neutral
4324,هاك عشرين دولارا واعطني فكة دولارين من فضلك .,neutral
4326,لقد انتقدتني ضمنا .,negative
4327,خذ هذا المخرج هناك واستدر يمينا ، من فضلك .,neutral
4329,أنا آسف . فقد طلبت الرقم الخطأ .,negative
4330,هل تعرف كيف تصل إليه ؟,neutral
4333,الخط مشغول .,negative
4334,أين منفذ بيع ماكينة الحلاقة ؟,neutral
4335,يمكن أن أحضر في الساعة الثانية .,neutral
4337,هل يمكن أن أرى أخرى ؟,neutral
4338,أين السلم ؟,neutral
4340,حسنا . هل تحمل أي نباتات أو أطعمة ؟,neutral
4341,هل هذه هي حقائب الرحلة جال صفر واحد ؟,neutral
4342,هي بالتأكيد . مرحبا . هيا نذهب إلي الشاطئ .,positive
4346,هذه هي رحلتي الأولى إلى باريس .,positive
4348,هل لك أن تقدر التكلفة قبل أن تبدأ العمل فيها ؟,neutral
4350,هل هذا في نفس الاتجاه مثلما الحال مع المبنى ؟,neutral
4354,يبدو مبهرجا .,positive
4355,أنا كاتسوهيكو ناكانوما . هل من رسائل لي ؟,neutral
4356,علي أي حال ، هل لي أن أحجز نفس الرحلة لأن هناك مكان لك .,neutral
4357,هل من الممكن تغيير حجزي الآن ؟,neutral
4358,تعالى ، من فضلك .,positive
4361,الاسم سوزوكي .,neutral
4362,اسمي يوسوكي تاناكا ، وأنا الآن اتصل من المطار .,neutral
4363,هل هي ناضجة ؟,neutral
4364,رحلتنا للتخييم يجب أن تكون ممتعة .,positive
4365,متي سنستقل القارب ؟,neutral
4366,لا أقصد أي أذية .,neutral
4367,أين اللوبي ؟,neutral
4368,تضررت إحدى حقائبي . إلى أين أتوجه لأطلب التعويض ؟,negative
4369,إنه مرتفع الصوت للغاية .,negative
4371,هل لك أن تنزل لنا حقائبنا ، من فضلك ؟,neutral
4373,ليس لدينا حقيبة لمثل هذه الكمية ولذلك سأضعها في هذه الحقيبة البلاستيكية الكبيرة .,negative
4374,أود لعب التنس .,positive
4375,يوجد عصير أناناس وبرتقال وطماطم .,neutral
4377,الجانب الأيسر من هذه الدور بجوار المصعد .,neutral
4378,من فضلك أحضر لي زجاجة جعة . ويا حبذا لو كانت جعة مسحوبة .,positive
4380,آه . هذا يذكرني ، هناك مقهى ممتاز قريب من هنا تعزف به الموسيقى الكلاسيكية الجميلة .,positive
4381,أريد سيارتي .,neutral
4382,ماذا سيعرض في قاعة الحفلات الموسيقية اليوم ؟,neutral
4386,بكل تأكيد . هل لي في رقم تليفونك فلربما احتجت إليه ؟,neutral
4388,لا . في الحقيقة بسبب ارتفاع الأسعار ، يتعين علي أن أعيش بالمنزل القائم بمنطقة كوينز ويتطلب الأمر أن أسافر بالقطار في رحلة تستمر ساعتين .,negative
4390,أظن أننا كذلك . الآن ، لم يعد أمامنا سوى نقطة واحدة للنقاش . وهي كم عدد الشهور التي ينبغي على كل طرف أن يعطيها للآخر كإشعار مسبق في حال إنهاء العقد .,neutral
4392,أريد تذكرتين لظهيرة يوم السبت القادم .,neutral
4393,نضجت أكثر من اللازم نوعا ما .,negative
4394,هل هي رواية رومانسية ؟,neutral
4395,أنا ألعب للمتعة وأستخدمها في عملي أيضا .,positive
4402,متي سيغادر الحافلة المتجهة إلى أكسفورد ؟,neutral
4403,أريد رقم شركة يونايتيد إيرلاينز ، من فضلك .,neutral
4404,أنا آسف لأني تركتك تنتظر ، رقم غرفتك تسعين-تسعة . ها هو المفتاح .,neutral
4405,خمر لذيذ المذاق . هل هو صناعة محلية ؟,positive
4406,بالتأكيد . هل يدور في مخيلتك لون معين ؟,neutral
4407,أشعر بدوار .,negative
4408,أين باقي الأمتعة ؟,neutral
4409,ما رأيك في مشاهدة فيلم آخر ؟,neutral
4410,هل لي أن أرى جواز سفرك وتذكرتك ؟,neutral
4412,أريد بعض ورق الحمام ؟,neutral
4413,اليابانيون لا يغيرون وظائفهم غالبا .,neutral
4418,من فضلك ، بدلي شيك المسافرين إلي نقود .,neutral
4422,أنا أتصل بطوكيو ثلاثة سبعة ستة خمسة أربعة ثلاثة اثنين واحد .,neutral
4424,هل من الممكن الحصول علي موعد غدا ؟,neutral
4427,هذا حجر قديم مكتوب عليه حروف قديمة .,negative
4428,أي رحلة سوف أستقلها في المرة القادمة ؟,neutral
4429,إنها تقلع في الساعة ثمانية عشرين-خمسة صباحا من مطار سان فرانسيسكو .,neutral
4430,هذه غرفتك سيدي . أين أضع حقائبك ؟,neutral
4432,من فضلك ، أريد أن أخذ نفس الدورة غدا .,neutral
4433,عذرا ، أعتقد أنك تجلس في مقعدي . ما هو رقم مقعدك ؟,neutral
4434,هل لك أن تضع حقائبك علي الطاولة من فضلك ؟,neutral
4437,إننا نعتبر واشنطن العاصمة مركز السياسة العالمية .,neutral
4438,حسنا . سوف أخبرها أن تملأ الفراغات .,neutral
4439,الاسم أوكادا . لدينا حجز في الساعة السابعة .,neutral
4440,أنا ؟,neutral
4441,أين تنوون البقاء في لوس أنجلوس ؟,neutral
4442,في المترو .,neutral
4443,وحينها ، سوف تنخفض مشكلة التلوث البيئي أيضا ، أليس كذلك ؟,neutral
4445,ما رقم الحافلة ؟,neutral
4446,لا يهم .,neutral
4447,ولسوء الحظ ، اضطر مهندسنا السيد أكياما إلي المغادرة مبكرا لحضور اجتماع آخر .,negative
4449,هل لديكم خدمة استئجار أو نقل ؟,neutral
4450,ربما أعطيك إجابة أفضل من تلك بعد عرضين .,neutral
4451,أريد هدية بمناسبة الذكرى السنوية .,positive
4452,لا توجد صابونة في الحمام .,negative
4455,أفضل أن تكون أوتوماتيك .,neutral
4457,ستة فواتير بقيمة عشرة دولارات وثمانية فواتير بقيمة دولارا واحدا والباقي أرباعا .,neutral
4458,خذ الحافلة من الخارج .,neutral
4459,إنها ملكك .,neutral
4460,أريد خبزا أبيض ، من فضلك .,positive
4461,أين دورة المياه ؟,neutral
4464,ما هي المسرحيات الموسيقية المعروضة حاليا ؟,neutral
4465,شكرا لك لما قدمته اليوم .,positive
4467,هل لديكم تليفون عام ؟,neutral
4468,سوف يكون هناك في دقيقة .,neutral
4471,حوالي ألف وخمسمائة دولار استرالي وخمسين ألف ين .,neutral
4472,هل يوجد طبيب هنا ؟,neutral
4473,هل من المناسب أن استقل رحلة مثل تلك ؟,neutral
4474,رقم حجزي هو ستة وعشرون تسعة وسبعون .,neutral
4475,هل لديك مرآة ؟,neutral
4477,أريد أن استقل الرحلة التالية إلى بوسطن .,neutral
4478,عذرا ، ولكني ضللك طريقي . هل لك أن تساعدني ؟,negative
4479,سوف آخذ هذه ، من فضلك .,positive
4481,هذه هي قائمة الطعام الموحد السعر ، من فضلك .,neutral
4485,وهو كذلك . من فضلك امكث هنا . سأذهب وأحضر سيارة أجرة .,neutral
4486,من فضلك أعطني رقائق الشكولاته كوكي .,positive
4487,أنا في أوائل الثلاثينات .,neutral
4488,أريد شراء أحمر شفاه . أريد اللون الوردي .,neutral
4489,لم يسبب هذا مشاكل على الإطلاق .,neutral
4490,انتظر هنا حتى أعود .,neutral
4494,من فضلك أخبر السيد توماس أنني أقيم في فندق الهليتون .,neutral
4496,أين أقرب أسواق الملابس المستعملة ؟,neutral
4497,لا يمكنك جلب الألعاب النارية إلى كندا .,negative
4498,لا . عليك أن تشتري تذكار من آلة البيع تلك .,neutral
4501,ما أروع زوجتك من طاهية .,positive
4503,هل تريد أي مساعدة ؟,neutral
4504,هل هذه هي الدورة الجديدة ؟,neutral
4505,"هلا حجزت لي تاكسي الساعة السادسة صباح غد , من فضلك ؟",neutral
4510,ماذا تفضل مع طبقك الرئيسي .,neutral
4511,عفواً ، ولكني أشعر بالإعياء .,negative
4512,أود أن أؤكد على السعر .,neutral
4514,إذا رغبت في إجراء مكالمة دولية من غرفتي ، هل ستكون هناك رسوم إضافية ؟,neutral
4515,أعتقد ذلك .,neutral
4516,أود الاتصال بهذا الرقم . هل بإمكانك مساعدتي ؟,neutral
4517,هلا أخبرتني عن الحافلة أو القطار المتجه إلى وسط المدينة ؟,neutral
4520,"أود أن أجرى اتصالاً دولياً لليابان , من فضلك .",neutral
4522,هل أحتاج إلى جاكيت ؟ ماذا عن رباط العنق ؟,neutral
4523,أريد منك أن تسدي إلى معروفاً ؟,neutral
4524,إنها في السلة بالقرب من محمصة الخبز .,neutral
4525,يجب أن أحتسي أي شيء يحتوى على كحول .,negative
4529,إنني أستعد لاختبارات التحاقي بالكلية .,neutral
4530,بالقشدة والسكر ، من فضلك .,neutral
4531,إنها باردة ، أليس كذلك ؟,neutral
4533,هلا نصحتني ببعض الأماكن الشيقة للتنزه في هذه المدينة ؟,positive
4534,يوجد هناك صالة قمار في هذه المدينة .,neutral
4535,إنني جوعان .,neutral
4536,إليك فاتورتك . نقداً أم ببطاقة الائتمان ؟,neutral
4538,"هل أريد ويسكي مع الصودا والبراندي , من فضلك .",neutral
4539,ما قيمة رسوم التوصيل ؟,neutral
4540,هل يوجد بوتيك قريب من هنا ؟,neutral
4543,لا أستطيع السباحة . أحتاج إلى سترة الإنقاذ .,negative
4545,اثنان من الـ هوت دوج لكي أمشي .,neutral
4548,يتعين الرحيل .,neutral
4549,هذا المكان مكتظ بالناسب ، أليس كذلك ؟,positive
4552,جئت للحصول عليها الآن .,neutral
4553,اتجه يميناً عند الناصية .,neutral
4554,حسناً ، سنة التخرج هي عامك الرابع في الكلية بعد الصف الأول ثم الثاني فالثالث .,neutral
4555,أريد درسا خصوصياً .,neutral
4557,تجميد .,neutral
4558,عفواً . ستكون جاهزة في غضون خمس دقائق .,neutral
4559,متى يمكنني أن أحضر لكي أراه ؟,neutral
4560,هل لديك قائمة نبيذ ؟,neutral
4563,قدمي تؤلمني .,negative
4564,"أفضلها . هذه , من فضلك .",positive
4566,لديهم أيضا مجموعة ضخمة من مسرحيات شكسبير ، أليس كذلك ؟,neutral
4567,متى سيقام كأس العالم ؟,neutral
4571,إنني مسرور لحضورك .,positive
4572,جارسون ، من فضلك .,neutral
4573,أود أن أحجز قارب عوم .,neutral
4575,هل لديك أي أفكار عن طريقة لتصفيف شعري ؟,neutral
4587,هل لديك خريطة لهذه المنطقة ؟,neutral
4588,عانيت من ألم في الرقبة أثناء نومي ؟,negative
4589,هل ترغب في طبق صغير أم متوسط أم كبير من الأطعمة المقلية .,neutral
4590,أين أكثر المناطق حيوية في هذا الكارنفال ؟,neutral
4592,هل يوجد صندوق بريد قريب من هنا .,neutral
4594,نعم ، لا توجد مشكلة . هل من الممكن أن أرى جواز سفرك ؟,positive
4596,أوه ، إنه لطف منك . هل بإمكاني فتحها ؟,positive
4597,اصعد إلى المنحدر . سيصادفك طريق من ثلاثة مفارق . ثم اتجه إلى اليسار .,neutral
4598,هل يمكنني أن أرى البيان المفصل ؟,neutral
4599,"أريد فيلم يصور ستة وثلاثين صورة , من فضلك .",positive
4602,سيخبرونك عن الحافلة التي يجب أن تأخذها .,neutral
4603,متأكدة . هذا الطريق ، من فضلك .,positive
4604,سأتناول مكرونة لينجوين .,neutral
4606,اجعلها مكالمة مدفوعة من قبل المتلقي .,neutral
4607,"قلما أتحدث . بيد أن التحدث والفهم شيئان مختلفان . على سبيل المثال ، أعرف كلمة "" أجنبي "" ، غير أنني لا أستطيع أن أخبر عن الخط المخصص للأجانب .",neutral
4609,"حسنا , هل لديك تذكرة واحدة فقط للبالغين .",neutral
4611,تناول قرصا واحدا مع كوب من المياه .,neutral
4612,كيف حال أسرتك ؟,neutral
4614,حسناً ، ستحصل على مائة وستون دولاراً .,neutral
4615,لا امتلك أي نقود .,negative
4616,أين كتب الأطفال ؟,neutral
4617,لا يوجد كشك تليفون بالقرب من هنا .,neutral
4619,حسناً ، حوالي خمسة عشرة دقيقة سيراً على الأقدام .,neutral
4620,هل يمكنك أن تأخذني من عند محطة بوسطن ؟,neutral
4621,نعم ، هي هنا . من يتكلم ، من فضلك ؟,neutral
4624,متى يتعين علي أن أكون في المحطة ؟,neutral
4630,هناك مطاعم كثيرة قريبة من هنا .,neutral
4631,ما هي درجة الحرارة الآن ؟,neutral
4632,كان جيبي مثقوباً .,neutral
4633,كثيرها عمل وقليلها تنزه .,neutral
4634,هل لديك مكان لغسيل السيارات ؟,neutral
4635,بجوار حجرة الإيداع .,neutral
4636,ضع نقودك فيما يفيدك .,positive
4637,من فضلك سجل اسمي .,neutral
4638,في أي مكان يتعين علي أن أضع هذا ؟,neutral
4639,هلا أشرت علي ببعض الأماكن الشيقة التي يمكنني أن أقوم بزيارتها ؟,positive
4640,إنه لمن دواعي السرور أن أتحدث معك .,positive
4643,أهلا كارول براون يتحدث . هل يمكنني أن أتحدث إلى سوزان ؟,neutral
4644,هل هناك جولة بعد الظهر ؟,neutral
4645,أولا ، اسلك خط تشو . وفى أي مكان يتعين علي أي أغير القطارات ؟,neutral
4646,لقد تجاوزت المحطة . ماذا أعمل ؟,neutral
4647,متى ستغادر الطائرة ؟,neutral
4648,إنني مع أصدقائي .,positive
4649,هل لديك حجرة تطل على منظر رائع ؟,positive
4650,هلا أخبرتني كيف الطريق إلى مكتب البريد ؟,neutral
4653,لقد تمتعت بإقامتي . شكراً لك .,positive
4654,الشاطئ أسفل يمينا . ياله من منظر رائع .,positive
4656,أريد منظارا .,neutral
4657,من فضلك التقط صورة للمبنى من الخلف .,neutral
4658,شكراً لك على الانتظار ، يا أستاذه مكجوير . هاك هو . امض من فضلك .,positive
4661,هل لديكم أي صحف يابانية ؟,neutral
4662,هل لديك أي صورة لبطاقة هوية ؟,neutral
4663,أعتقد أن صندوقا كبيرا سيكون سعره مرتفعا إلى حد ما .,neutral
4664,مساء الخير ، أريد أن أقدم طلبا للحصول على تأشيرة دخول بلادكم .,neutral
4666,إنها فضفاضة للغاية .,negative
4667,"بريد جوى ؟ دعنا أن نعرف , من المحتمل أن يتكلف هذا مائة وثمانون دولارا .",neutral
4671,سبعاً ، من فضلك .,positive
4673,أتألم بشدة .,negative
4674,أريد أن أرسل هذا إلى المغسلة . متى ستكون جاهزة ؟,neutral
4675,مرحباً ، لم أراك منذ فترة طويلة .,negative
4677,هل يمكنني الدخول ؟,neutral
4678,لدى تأمين سياحي .,neutral
4679,غالباً أوربا .,neutral
4681,هل القطار السريع الأمريكي جيد ؟,neutral
4682,هل دفعت فاتورة إقامتك في الفندق ؟,neutral
4683,يبدو أن المرحاض مسدود .,negative
4684,أود أن أودع هذا في حسابي .,neutral
4685,لقد خلعت البنطلون .,neutral
4686,هل هذا يشمل الوجبات ؟,neutral
4689,"اجلس , من فضلك .",neutral
4690,سأغادر يوم الجمعة التاسع والعشرين وسأعود يوم الأحد .,neutral
4692,ما الوقت الآن في اليابان ؟,neutral
4697,شيق .,positive
4698,"إذا أردت خدمة يوم واحد , فستضاف رسوم إضافية بنسبة خمسون في المائة إلى فاتورتك . هل هذا جيد ؟",neutral
4699,نعم . تم نقل أمتعة شخص آخر إلى غرفتي تواً . من فضلك ، هل من الممكن أن تقوم بفحصها ؟,neutral
4700,سنأخذ المقاعد الثلاثة الوسطى في هذا الصف .,neutral
4701,هل لديك أية مقترحات ؟,neutral
4702,أنا أسمعك .,neutral
4707,ليس لدينا منها في المخزن ، يمكننا أن نطلبها لك .,neutral
4710,"هل يمكنني أن أرى هذه الواحدة , من فضلك .",neutral
4713,ضعها في إحدى الحقائب الكبيرة في غرفة الملابس . من فضلك قدم طلب التنظيف بخصوص الأشياء التي ترغب في أن يتم تنظيفها .,neutral
4714,هل من الممكن أن تفصل أكثر ؟,neutral
4715,إنني أعمل بالتليفزيون .,neutral
4716,هل بإمكاني أن ابدأ الرحلة بهذه التذكرة ؟,neutral
4718,أيهما تدوم أكثر ؟,neutral
4721,كم دفعت فيها ؟,neutral
4728,إنني محظوظ لمعرفتك .,positive
4729,هل استرحت في نومك ؟,neutral
4730,هناك ملصق ميكي ماوس عليها .,neutral
4731,هل يمكنني أن أرى شيئاً آخر ؟,neutral
4732,هذا عظيم .,positive
4733,هلا ضغطت على زر مصراع النافذة ؟,neutral
4734,نريد غرفة تطل على الشاطئ .,neutral
4736,حسناً . لا أعرف ماذا أقول .,negative
4738,هل توجد هناك أية رحلات طيران أخرى متوفرة اليوم ؟ لا بد أن أكون في لوس أنجلوس مساء اليوم .,neutral
4740,مفتاحين من فضلك ؟,neutral
4742,أريد مصباحاً .,neutral
4743,لا أعتقد أن هذا مستحيل . إننا نعرف أن هذا أمر مهم ، وسنكون مستعدين لبحثه بمجرد أن يكون لدينا خطة تسويقكم المعقولة .,positive
4744,في نهاية الممر .,neutral
4747,من أي المناطق في كندا أنت ؟,neutral
4748,"إن الطقس حار للغاية , اليوم فلنذهب للسباحة , هل سنعمل ذلك ؟",positive
4749,مسامي كبيرة وبارزة .,neutral
4750,أريد إصلاح ساعتي .,negative
4752,هل يوجد هناك أية حافلة تتجه إلى المدينة عقب المباراة ؟,neutral
4754,أود إضافة هذا إلى رسوم غرفتي .,neutral
4756,"لا , لم أذهب إلى نيويورك .",negative
4757,هلا أحضرت لي زجاجة سبرايت ؟,neutral
4758,أعاني من صعوبة في فقدان ملامح صديقي أثناء الطريق .,neutral
4760,من فضلك ، هلا أعطيتني عشر ورقات نقدية قيمة دولار مقابل هذه العشر .,neutral
4762,تركت الكاميرا في الغرفة .,neutral
4769,ارغب في الحصول على غلاف للكاميرا ؟,neutral
4770,هلاّ شاركتني وجبة خفيفة ؟,neutral
4772,متى يبدأ الفيلم ؟,neutral
4773,أرغب في الحصول على بعض ورق الرسائل .,neutral
4774,ارفع يديك .,neutral
4775,هل لي أن أحصل على نسخة من تقرير الشرطة ، من فضلك ؟,neutral
4777,أعتقد أنه يجب عليك اتباع نظام غذائي . إنك لا تقوم بتمارين رياضية كافية هذه الأيام ، أليس كذلك ؟,negative
4779,أوه ، كم نرغب في ذلك جداً . شكراً على دعوتنا .,positive
4780,هل لي أن أضع أمتعتي هنا ؟,neutral
4782,أبعد عن العنق شيئاً قليلاً أكثر .,neutral
4784,هل يمكننا ترك أمتعتنا معك ريثما نذهب للتسوق ؟,neutral
4785,أجل ، قد تمطر بعد ظهر اليوم .,neutral
4786,إنك في قسم قوانين ضرائب الشركات .,neutral
4788,هل سنذهب بالحافلة ؟,neutral
4789,هل ثمة أيضاً قسم للوجبات الخفيفة ؟,neutral
4790,هل قلت إنك ستغادر إلى طوكيو غدا ؟,neutral
4793,بالتأكيد . إنها من كاليفورنيا وطازجة ، قبل كل شيء . وبما أننا نبيع بطريقة الصفقات ، فسوف تكون صفقة رابحة إذا اشتريتها اليوم . الواحدة بدولار وخمسين سنتاً فقط .,positive
4795,دعني أنام حتى التاسعة .,neutral
4797,طول متوسط ، من فضلك .,neutral
4799,كيف تستخدمه ؟,neutral
4800,إنه هناك على الجانب الأيمن .,neutral
4801,يجب أن أنتقل إلى عربة مكيفة واحد صفر صفر . هل هذا ممكن ؟,neutral
4805,ارغب في الغطس مع مدرب غطس .,positive
4806,هلاّ من فضلك بدّلت لي غرفتي ؟,neutral
4807,دعيني أراجع . ماذا لو كانت المغادرة في السابعة وأربعين ؟,neutral
4810,هلا أوصلتني من فضلك إلى الرقم الداخلي ثلاثة صفر ثلاثة .,neutral
4813,كيف حال اللعب معك هذه الأيام ؟,neutral
4814,أشعر بضيق في الصدر .,negative
4816,أين محطة الحافلة التي تذهب إلى سانتا مونيكا ؟,neutral
4817,هذا تذكار سآخذه معي إلى اليابان .,neutral
4818,إن خالتي فاترة الهمة وغريبة الأطوار بعض الشيء .,negative
4819,هلاّ ساعدتني ، من فضلك ؟,positive
4820,أشعر بألم في معدتي .,negative
4823,أين يمكنني أن أشتري زياً وطنياً ؟,neutral
4824,أين يوجد قسم الأمتعة المفقودة ؟,neutral
4825,هل لديك أية قمصان ؟,neutral
4826,لا توجد مشكلة . إذا حضرت في الخامس من سبتمبر ، فسيكون بإمكانك الاستمتاع بعرض فيلم علمي لأن عندنا يوماً خاصاً مفتوحاً أول يوم جمعة من كل شهر .,positive
4828,هل لديكم أية جولة سياحية أخرى ؟,neutral
4829,دُلني على حانة جيد ؟ من فضلك .,neutral
4830,أنا سآخذ شريحة لحم بقري من الخصر ، ولحم حَمَل مشوياً لزوجتي .,neutral
4831,إنه ألم حاد ناتج عن التهاب الزائدة الدودية مصحوب بتمزق . يجب أن تذهب إلى المستشفى فوراً .,negative
4832,تغطية كاملة ، فضلا .,positive
4836,حسنا . خصم خمسة في المائة . هل يوافقك لك ؟,neutral
4837,والآن ، ماذا سنعدّ للعشاء اليوم ؟,neutral
4838,سأفكر في الأمر .,neutral
4839,هل تقبلون شيكات سياحية ؟,neutral
4840,لابد أن هذا يخصك . فقد تركه سائق التاكسي هذا الصباح .,neutral
4845,إنني ذاهب إلى باريس .,positive
4847,هل عندك من نفس هذا النوع ؟,neutral
4848,إنها ليست أحدث طراز ، أليس كذلك ؟,neutral
4851,هذا هو المركز التجاري أكتمل للتوّ .,neutral
4856,بمقدوري دفع ثلاثمائة دولار في الشهر .,neutral
4857,موعده المقرر هو الثامنة والنصف مساءْ بالتوقيت المحلي .,neutral
4859,هل يمكنك سحب سيارتي إلى محطة الغاز القادمة ؟,neutral
4861,أريد تبريد الجزء المصاب باستخدام قطع الثلج .,neutral
4863,متى تكون المقاعد متاحة عندكم ؟,neutral
4864,لا ، سوف أتصل للرد عليه .,neutral
4865,أريد سيارة .,neutral
4866,هل حدثت لديكم أية حالات سابقة من الحساسية ؟,neutral
4868,هناك معدّية إلى جزيرة ليبرتي من حديقة باتري .,neutral
4869,هل توجد غرفة لترك المعاطف ؟,neutral
4870,ساعدني . لا أستطيع الحركة .,negative
4873,عربة لغير المدخنين ، لطفاً .,neutral
4876,من فضلك دوّن عنوانك الدائم .,neutral
4878,نحن على استعداد لتلبية أية طلبات قد ترغبون فيها على الفور .,positive
4879,لن أتناول الوجبة .,negative
4880,أريد شراء ما أحتاجه . هل ستعيد دفع القيمة لي ؟,neutral
4883,هل توجد أية متاجر كبرى بالقرب من هنا ؟,neutral
4885,الشخص الذي في مكتب الاستقبال فظّ للغاية .,negative
4887,فندق أقل غلاءً هو الأفضل إذا كان في منطقة آمنة .,neutral
4889,"أظهر هذا المبنى معنا , من فضلك .",neutral
4894,حسناً . أريد سلطانية من الحجم المتوسط ، وكرات الأرز .,neutral
4900,لديّ زجاجتان من الكونياك .,neutral
4901,كيف يبدو هذا ؟,neutral
4904,في التاريخ الأول ، تقيم مدينتا هيروشيما ونجازاكي احتفالات لإحياء الذكرى ، بينما في التاريخ الثاني يحضر الإمبراطور الحالي صلاة على أرواح الموتى في الحرب .,neutral
4905,معذرة ، ماذا يجب علىّ تدوينه هنا ؟,neutral
4906,"إنه في الطابق الثاني عشر . استقل المصعد بي , من فضلك .",neutral
4907,هلاّ أعطيتني الوصفة الدوائية لذلك ؟,neutral
4908,هل ثمة أي خيار آخر ؟,neutral
4909,من فضلك اسأل الحمّال .,neutral
4911,عندي أنفلونزا .,negative
4913,هل بها حمام ؟,neutral
4914,"ها هو , آه , إنه في الطرف الأخر من البلدة ، بعد "" مايل "" بعدة أبنية . في الطرف الشرقي من البلدة .",neutral
4917,حسناً ، أنتم جميعاً مستعدون . الآن رقم رحلتكم الجوية الجديد هو صفر صفر ثلاثة ستغادر في السابع عشر من يونيو .,neutral
4921,أريد المرور بإجراءات الإعفاء الضريبي .,neutral
4922,ما الذي ترغبه على الغداء ، لحم بقري ، أم دجاج أم سمك .,neutral
4923,لقد سُرقت مني محفظتي وأنا في مترو الأنفاق .,negative
4924,أريد أن أرى ذاك الذي في نافذة العرض ، من فضلك .,neutral
4926,دعني أقرأها رقماً رقما ، واحد ، صفر ، فصلة ، سبعة ، تسعة ، أربعة .,neutral
4929,درجة رجال الأعمال ، مقعد لغير المدخنين ، من فضلك .,neutral
4932,هل تذهب هذه الحافلة إلى وسط المدينة ؟,neutral
4933,لم يعد يقيم هنا .,neutral
4934,أليست لديكم غرفة أرخص ؟,neutral
4936,إنه مكان جيد لتناول الوجبات الخفيفة ، أليس كذلك ؟,positive
4938,أين المقبس لاستخدام مجفف الشعر الكهربائي الخاص بي .,negative
4940,سيارتي القديمة ليست على ما يرام في تشغيلها .,negative
4941,ارغب في بعض العنب .,positive
4943,دعونا نتصل بكل الأشخاص المشاركين في هذا الاتفاق على الفور .,negative
4944,أنا مرن . ما الذي تود أن تحصل عليه ؟,neutral
4945,مستحيل . نحن في إجازة . إنني أرفض الجلوس في غرفة بالفندق ومشاهدة البيسبول في التلفاز . أريد الذهاب لمشاهدة مسرحية .,negative
4946,ماذا تفعل .,neutral
4947,أيتها الممرضة ، احضري سريعا .,neutral
4949,ليست هناك منشفة .,neutral
4951,ما دمنا نستطيع الوصول ساعة مبكراً ، فإنني لا أمانع في دفع مبلغ أكثر قليلا .,positive
4952,الفائض يتناقص .,neutral
4955,لقد طلبت رقماً خطأ .,negative
4956,أريد شيئاً لا يجعلني متعب .,neutral
4957,هل بإمكاني اللمس ؟,neutral
4958,أرغب في تجربة شيء أصغر قليلاً .,neutral
4960,أوه ، كم هو لطيف منك ويتسم بمراعاة مشاعر الآخرين . هل لي أن أفتحها على الفور ؟,neutral
4961,أين محطة الحافلات ؟,neutral
4964,بإمكاني أن أعطيك سيارة شيفرولية من طراز شيفي اسبكتروم مقابل اثنين وأربعين دولاراً في الأسبوع ، لمسافات غير محدودة .,positive
4965,ـ بطارية جافة لهذه الكاميرا ، لطفا .,neutral
4968,من فضلك ، أوصلني إلى هذا العنوان .,neutral
4970,أيمكنك فَكّ هذه الورقة ذات العشرين دولاراً إلى عشرين ورقة من فئة الدولار الواحد ؟,neutral
4973,أحتاج إلى العثور على فندق . أين مكتب الاستعلامات ؟,neutral
4974,أيمكنك الحضور إلى هنا لإصلاحه ؟,neutral
4976,أنا حجزت مقاعد بجوار النافذة .,neutral
4978,خدمة الغرف من فضلك .,neutral
4979,استدر يميناً ، فسوف تجد واحداً على مسافة نحو ميل إلى الأمام .,neutral
4983,أريد بعض الألياف الصناعية .,neutral
4985,"اسمي "" تارو تاناكا "" لدي حجز مسبق .",neutral
4986,أجريتُ حجزاً من أربعة وعشرين أغسطس إلى سبعة وعشرين . هل يمكنني تغيير حجزي من خمسة وعشرين أغسطس إلى سبعة وعشرين ؟,neutral
4988,أوه ، شكرا . لا أعتقد أن ذلك بإمكاني . هل يمكنني الرجوع مرة أخرى ؟,neutral
4989,حوالي خمسمائة فرانك أو مائة دولار أمريكي .,neutral
4990,أريد بعضاً من كريم التنظيف .,neutral
4997,أية أصناف أخرى ؟,neutral
4998,اعطني بعض التبغ .,neutral
4999,إنها جهة الجنوب .,neutral
5000,إن هناك مبنىً جميلا .,positive
5004,أريد رداءا ذات أكمام طويلة .,neutral
5005,من فضلك ، سجلها على حساب بطاقة ائتماني ورقمها اثنان ثمانية سبعة ثلاثة خمسة تسعة ثمانية أربعة وتاريخ انتهاءها هو مايو ألف وتسعمائة وخمسة وتسعين .,neutral
5006,ارغب في غرفة بقدر وافر من الجمال من فضلك .,positive
5007,من فضلك ، اسطوانة واحدة لفيلم أبيض وأسود عشرين صورة .,neutral
5008,أرغب في غطاء عدسة من فضلك .,positive
5009,لقد سُرقت حقيبتي .,negative
5010,هل لك أن تتحدث ببطء قليلاً ، من فضلك ؟,neutral
5012,من فضلك ، أريدها تبدو كمج ريان .,neutral
5013,من فضلك ، أريد تقريباً ورقة فئة الخمس جنيهات .,neutral
5015,هل لك أن تحفظ أمتعتي حتى الساعة الخامسة ؟,neutral
5016,من أين يجب أن أحصل على الإذن ؟,neutral
5017,لقد تقابلنا بالصدفة لعدة مرات ، أليس كذلك ؟,neutral
5020,لقد أجرينا مسحاً شاملاً لاحتياجات العملاء .,neutral
5021,لماذا لا نتقابل سويا على وجبة الغداء غداً ؟,neutral
5023,"أريد بعض الملابس الرياضية , من فضلك .",positive
5025,"أين يوجد مكتب "" جري هاوند "" ؟",neutral
5026,لست قادراً على أن أجد أمتعتي ؟,negative
5027,إن الساعة بالفعل هي الثامنة مساءاً ، فلماذا لا تزال مضيئة بالخارج هكذا ؟,neutral
5028,أليس ثمة مكانٍ أقل تكلفة ؟,neutral
5029,هل ترغب في إلغاء التأمين ؟,neutral
5031,هل لك أن تحفظ لي أمتعتي حتى موعد المغادرة ؟,neutral
5032,معذرة سيدي ! هل لك أن تخبرني بأقرب بنك ؟,neutral
5033,في أي طابق ؟,neutral
5034,شكراً لك جزيلاً .,positive
5035,هل يمكنني أن ألقي نظرةً أخرى على قائمة الطعام ؟,neutral
5036,من أين يمكنني الحصول على جدول مواعيد القطارات ؟,neutral
5041,"معذرة , هلا أخبرتني متى سيغادر القطار مدينة بوسطن ؟",neutral
5043,هل لك أن تمنحني تخفيضا ؟,neutral
5045,لا تزال تبدو عليهم علامات المرض وشحوبة الوجه .,negative
5050,حيث أنك مقيم في نيويورك ، يجب ألا يفوتك أن ترى بعض المناطق والآثار الرائعة ، كتمثال الحرية الموجود في جزيرة الحرية .,positive
5053,أيهما تفضل : الإرسال عبر الجو أم عبر البحر ؟,neutral
5054,هل قمت بالصرف النقدي لفاتورة قيمتها مائة دولارا ؟,neutral
5055,"هذه هي الحديقة المركزية , أليس كذلك ؟",neutral
5056,إنني أنادي الساقي .,negative
5059,بإمكاننا أن نعدها لك في الثالثة مساءا ، وإذا كنت في حاجة إلى استئجار بعض المعدات ، من فضلك الحضور إلى مقر النادي في تمام الثالثة إلا الربع .,neutral
5060,أجرة الحافلة مائة وثمانون يناً .,neutral
5063,لقد صدمتني سيارة وسقطت على الأرض .,negative
5064,"إن وجبة إفطاري لم تحضر بعد , من فضلك أحضرها لي الآن .",negative
5071,أين يمكنني أن أتناول الإفطار ؟ ومتى يتم إعداده ؟,neutral
5072,"بالأمس قد ذهبت إلى كاتدرائية "" نوتردام "" , واليوم سوف اذهب إلى متحف اللوفر .",positive
5073,هل تسمح أن تمرر لي الفلفل ، من فضلك ؟,neutral
5074,شكراً جزيلاً لك على مساعدتك لي خلال رحلتي إلى الولايات المتحدة الأمريكية .,positive
5075,أين المنطقة الخاصة بالأمتعة ؟,neutral
5077,هل لك أن تحفظ هذه الأمتعة حتى الرابعة ؟,neutral
5078,أريد تصليحها بعد عودتي إلى اليابان .,neutral
5081,هل تملك عدة للخياطة ؟,neutral
5082,كم عددها ؟,neutral
5083,فراولة ، من فضلك .,positive
5086,إنني من هولندا .,neutral
5087,مصباح كهربي قد احترق .,negative
5090,"قمة جبل "" فوجي "" هي اعلي قمة جبلية في اليابان حيث يبلغ ارتفاعها ثلاثة آلاف وسبعمائة وستون مترا .",positive
5091,لا ، ليس بعد ، هناك الكثير نختار فيه .,neutral
5097,أشعر باضطراب في المعدة .,negative
5098,أرغب في كريم مسائي للبشرة .,neutral
5099,إنني مزارع .,neutral
5100,"ليس هناك إلا سائق في حافلة , من غير تبَّاع .",neutral
5101,أود أن أكوي هذا الثوب .,neutral
5102,معذرة ، هل لك أن تقرب مقعدك قليلا ؟,neutral
5103,يوم رائع ، أليس كذلك ؟,positive
5104,إنها بين المخبز ومحل الجزارة .,neutral
5105,سلّمها ، هل هذا كل ما لديك ؟,negative
5106,"لقد فهمت ، من فضلك حرر هذه الاستمارة أولا , واخبرني عن لون وحجم ومحتويات حافظتك .",neutral
5107,هل لديك خريطة للشوارع ؟,neutral
5112,"من فضلك , أرسل هذا عبر البريد البحري إلى اليابان .",neutral
5113,تعال هنا !,positive
5116,هل لك أن تقصّر الأكمام ؟,neutral
5117,أخشى أن لا يكون هنا أية دورة لتعليم الجولف .,negative
5119,هل لي أن أحصل على بطاقة بريد ؟,neutral
5120,لقد تناولت هذا الصباح دواءاً بارداً كنت قد اشتريته من اليابان .,neutral
5121,هل لك أن تريني الخاتم الثاني من جهة اليسار ؟,neutral
5123,أود أن أحجز مقعدا .,neutral
5124,ألا تسأله أن يتصل بي ؟,neutral
5127,كم ستستغرق لكي ننتقل من هنا إلى برج لندن ؟,neutral
5129,أي بوابة تؤدي إلى الطائرة رقم اثنا عشر المتجهة إلى واشنطن ؟,neutral
5131,أيمكن لي أن أطهو لنفسي ؟,neutral
5132,"من فضلكم , هل لكم أن ترتدوا رابطات العنق ؟",neutral
5133,متى يمكن أن أستيقظ ؟,neutral
5134,هل لك أن تفتح صندوق السيارة ؟ أود أن أضع بها حقيبتي .,neutral
5138,لقد حاولت إجراء مكالمة دولية ، هل نجح ذلك معك من قبل ؟,neutral
5141,كم تتكلف لساعة واحدة ؟,neutral
5143,هل لي في صندوقين للهدايا ؟,neutral
5144,أبحث عن مقلاة طهي غير قابلة للالتصاق .,neutral
5145,ما هي محتويات هذا الطرد ؟,neutral
5146,يبدو أنه تم تأجيل مباراة البيسبول ؟,negative
5148,هذا خطأ .,negative
5149,هل لديك هذا باللون الأزرق ؟,neutral
5152,إنني لا أعرف هذا المبنى ، ولكن هذا هو الطريق الصحيح إلى مقاطعة آوياهما بالتأكيد .,positive
5153,هل لي أن أشتري البعض من هنا ؟,neutral
5154,هل لك أن توصلني لغرفة الأستاذ موري ؟,neutral
5157,"أرغب في مقعد على الطائرة "" يونايتد "" رحلة رقم تسعة اثنان وعشرون المتجهة إلى مدينة نيويورك .",neutral
5158,متى موعد العرض القادم ؟,neutral
5160,كم تبلغ تكلفة مكالماتي الهاتفية ؟,neutral
5162,"هل بتذكرة انتقال مخفضة إلى "" دوفر "" ؟",neutral
5165,إنها تقول : ممنوع المرور .,neutral
5168,هل لديك واحدة أخرى أصغر ؟,neutral
5169,من فضلك حرر بلاغا بشيء مفقود .,neutral
5170,حافظة نقود وكاميرا .,neutral
5174,أنا من اليابان .,neutral
5175,نعم ، هي ، لأنك تستطيع أن ترى العلم أمام مكتب البريد .,neutral
5178,لا أعتقد ذلك ، الأفضل أن تستقل حافلةً .,negative
5180,سوف أبحث ، أخشى أن لا أجد اسمك .,negative
5183,"عفوا ، هل شارع "" هورموز "" قريب من هنا ؟",neutral
5185,هل يمكنك أن تخدمني حالا ؟,neutral
5194,أعتقد أنه ثمة خطأ ما ، هل يمكنك أن ترتب لنا لكي نتمكن من الإقامة ؟,negative
5199,إنها فيزا ورقمها : أربعة تسعة صفر ثمانية واحد خمسة واحد اثنان ثلاثة ستة سبعة سبعة ستة صفر صفر أربعة .,neutral
5201,هل يمكنك أن تحول هذه النيجاتيف إلى صور ؟,neutral
5202,هل يجب علىّ أن أحضر معطفا معي ؟,neutral
5205,ليست بعيداً ، إنها على مسيرة عشر دقائق .,neutral
5207,بالتأكيد سوف ترسلهم ، أليس كذلك ؟,neutral
5211,أيهما تفضل أكثر : القهوة أم الشاي ؟,neutral
5216,بكم قد يكون الذهاب إلى هناك ؟,neutral
5219,أود إجراء مكالمة هاتفية باستخدام بطاقة ائتمان .,neutral
5220,أين يجب علىّ أن أضع متعلقات السفر هذه ؟,neutral
5221,هل يوجد هنا حمام للسباحة ؟,neutral
5222,هل لي أن آخذ هذا الظرف ؟,neutral
5223,"أمر مؤكد ، إنه "" روك هيد "" ، هل يروق لك ذلك ؟",neutral
5224,أريد ما يخصني لكي أرحل .,neutral
5227,إنها تأخذ بعض الوقت لكي نعدها ، ولكنها واحدة من أشهر منتجاتنا .,positive
5228,ستستغرق تقريباً يومين أو ثلاثة .,neutral
5231,هل يمكنك أن تخبرني كيف يمكنني الوصول لمدينة سان فرانسيسكو ؟,neutral
5234,"هل لي ببعض سماعات الأذن الأخرى , لان هذه لا تعمل بشكل جيد ؟",negative
5236,ما رأيك في احتساء بعض القهوة أو أي شيء من هذا القبيل ؟,neutral
5237,إنني متوجه إلى المكسيك .,neutral
5239,هذا يبدو شيئاً حسناً مع استثناء واحد فقط .,positive
5241,"أريد بيضاً , من فضلك .",positive
5244,"فقط , كأساً من الماء , من فضلك .",neutral
5245,لدي وصولها ، سوف ندفع ثمن شحنها إلى عنوان منزلك .,neutral
5246,هذه الأيام ، استخدم الكمبيوتر بشكل دائم في العمل .,neutral
5247,"إفطار من طراز كونتننتال , من فضلك .",neutral
5248,هل ثمة تخفيضات للطلبة ؟,neutral
5250,أوه ! موافق ، لقد فهمت ، سوف آتي إلى مكانك .,positive
5252,أريد مصباحاً كهربياً قويا من فضلك .,neutral
5253,الرقم الذي طلبته غير موجود بالخدمة .,negative
5254,وما هي عقبتك ؟,neutral
5256,أوه ! خذها بكل الوسائل ، عظيم . والآن فإني أجهز النافذة .,positive
5257,متى ستصل الطائرة إلى روما ؟,neutral
5259,لا ، هذا يكفي .,negative
5260,نحتاج وقتا أكثر لكي نقرر .,neutral
5261,هل لي أن آخذ بطانية ووسادة ؟,neutral
5262,هل يمكنك أن تحضر هنا قريباً بقدر المستطاع ، من فضلك ؟,neutral
5263,"قدحاً من القهوة , من فضلك .",positive
5266,لقد طلبت وجبة صغيرة للطفل .,neutral
5267,ابحث عن كروت لمناظر تعكس طبيعة جزر هاواي .,neutral
5269,في الشارع الثاني والسبعين .,neutral
5270,إذا مررت هنا فستكون بعيداً عن الممر .,neutral
5272,هل لك بأن تضيق منطقة الوسط سنتيمترات ؟,neutral
5274,حوّل ، من فضلك .,positive
5276,سوف أتفحص الغرفة المجاورة ، فلربما يوجد بها من يتحدث الإنجليزية من اليابانيين .,neutral
5277,"اخصم تكلفتها من بطاقة ائتماني من فضلك ، ونوعها "" ماستر كارد "" .",neutral
5280,"التالي من فضلك . جواز سفرك ، وبطاقة الهبوط , وإيصال الجمارك , من فضلك .",neutral
5281,هل يمكنني أن أذهب سيراً على الأقدام ؟,neutral
5282,سأعود بعد قليل .,neutral
5284,"نعم ، "" تيراياما "" ، وأود مقعدي أن يكون قريباً قدر الإمكان من خشبة المسرح ، من فضلك .",positive
5285,هل يمكنك أن تفكر فيما يجب على أن أقول له ؟,neutral
5287,هل ثمة حمام قريب ؟,neutral
5289,إنني في نفس السن .,neutral
5291,لقد كان مساءاً رائعا ، شكراً لك .,positive
5293,هل لي أن أنتقل إلى مقعد شاغر آخر ؟ فلا يمكنني أن أرى شاشة العرض جيداً من خلال مقعدي هذا .,negative
5296,جهاز إنذار ضد الحريق تم تشغيله .,neutral
5298,أود أن أشارك في رحلة التنزه المتجهة إلى خليج سان فرانسيسكو .,positive
5299,هل لديك أي فكرة إلى أنت ذاهب ؟,neutral
5300,ألا تحضر لي بعض القهوة ؟,neutral
5301,"كلا , ادفع للسائق .",neutral
5302,ما هي أوقات عمل المخازن ؟,neutral
5303,نرغب في مائدة في الركن .,neutral
5305,لست متأكداً ، لكني لا أقاوم رائحة اللحوم ، كل ما أطلب هو بعض المخللات .,negative
5307,ثلاث مائة وخمسون دولارا ؟ إن هذا يفوق ميزانيتي .,negative
5308,أعتقد أن هناك زيادة أضيفت خطأ .,negative
5310,أود أن أذهب للتزلج لفترة تبلغ حوالي أسبوع . هل لديك أي عروض للتزلج ؟,neutral
5311,إنهم يعزفون سيمفونيتين لموزارت .,neutral
5312,سنواصل البحث ، وحينما نعثر عليها سنقوم بإبلاغك .,neutral
5314,حقا ، الطقس رائع اليوم .,positive
5315,من فضلك ، اثنين بالغين وطفلين تحت اثنى عشر عاماً .,neutral
5316,من فضلك اشرح حتى أقتنع .,neutral
5317,"أريد فيلم على شكل قرص لهذه الكاميرات , من فضلك .",positive
5321,ليس لدينا أعياد وطنية مرتبطة بالديانات .,neutral
5322,ما حجم الأمتعة التي يمكنني حملها ؟,neutral
5323,"هل نحتاج إلى طرح هذا للتصويت ؟ إن لم نكن في حاجة إلى هذا ، فإمكاني أن أعتقد حينئذ أننا قد وصلنا إلى نتيجة , سأقوم بإرسالها إلى مجلس إدارتنا صباح غد .",neutral
5325,بيد أنها لا تعمل .,negative
5328,من فضلك ، هلا تسمح لي برؤية هذه الحقيبة ؟,neutral
5330,وو ، يا لحظي . لم تمارس هذه في اليابان بعد .,neutral
5331,سددت ثلاثمائة وعشرين دولارا بالسوق الحرة .,neutral
5332,هل بإمكانك الوصول إلى ذاك القلم الموجود أسفل الكرسي ؟,neutral
5333,"سأدفع نيابة عن أصدقائي , أيضاً .",neutral
5334,هل تعرف ما إذا كان هناك أي فنادق رخيصة الأسعار ؟,neutral
5335,أستغرق الأمر مني خمسة أعوام حتى آتى إلى هنا .,negative
5337,ما قيمة الين الياباني مقابل الدولار الأمريكي ؟,neutral
5338,هلا أحضرت لي نصف رطل سلطة جمبري ؟,neutral
5339,هل يوجد مقهى أو مطعم في المبنى ؟,neutral
5340,أوه ، السعر مرتفع للغاية .,negative
5344,القطار السريع في الرصيف رقم ثمانية .,neutral
5347,أنا في عجلة من أمري الآن .,neutral
5348,تباً .,negative
5349,سوزوكي يتحدث .,neutral
5350,ثمة تغيير في المكان الذي وضعت فيه ساعتي بينما كنت في الخارج .,neutral
5351,كم يستغرق الطريق بالحافلة ؟,neutral
5354,وهو كذلك . لقد حجزنا لك غرفة في الفندق .,neutral
5356,الصرف مسدود بسبب النفايات .,negative
5358,نعم ، أعتقد أنه يتعين على أن أرحل الآن .,positive
5359,هاي ، إنني في الطريق إليك ، فلنلتقي في غضون حوالي خمسة عشرة دقيقة .,positive
5361,صباح الخير . هل استرحت في نومك ؟,positive
5362,هل أجريت حجزاً بالفعل ؟,neutral
5364,ماذا تنوي أن تفعل عقب الانتهاء من المدرسة . ؟,neutral
5366,سرقت حقيبتي في الشارع .,negative
5367,هل كان لديك أية خدمات أخرى إلى جانب طعام الإفطار هذا الصباح ؟,neutral
5369,سأذهب في رحلة قصيرة إلى المكسيك .,neutral
5370,في أي طابق توجد ملابس السيدات ؟,neutral
5371,هلا أعطيتني تذكرة لتغيير الحافلة ؟,neutral
5373,الحبال بالية .,neutral
5374,ما سر هذا البطء الشديد في الخدمة ؟,negative
5377,انظر إلى الأسفل هناك .,neutral
5378,إن عددهم كثير للغاية حتى إنني لا أعرف أي واحدة أختار .,neutral
5379,كيف أجري اتصالا هاتفيا ؟,neutral
5381,إنني مهتمة بالجينز والبدل .,positive
5382,لدينا مقاسات مختلفة .,neutral
5386,أقلتني حافلة خطئاً . هل بمقدوري الحصول على تذكرة لتغيير الحافلة ؟,negative
5387,لا أعرف .,neutral
5388,كيف يمكنني أن أستقل الحافلة المتجهة إلى بيفرلي هيلز ؟,neutral
5392,فلنتقابل في غرفتي .,neutral
5393,هل لديك أي عقار مسكن ؟,neutral
5395,ما هي الشركات الأخرى التي تعمل بصورة جيدة ؟,neutral
5397,تحدث وسر .,neutral
5399,هل هناك أي حافلات لمشاهدة المعالم ؟,neutral
5400,من فضلك ، استبعد أذن البحر من طلبنا . إن ثمنه مرتفع للغاية .,negative
5402,إذن ، سأدفع لك ثلاثمائة دولار قيمة شيكات سياحية .,neutral
5406,أجهش فيلز في البكاء فور سماع النبأ .,negative
5407,من فضلك ، أريد فنجاناً من القهوة البيضاء .,positive
5408,سأزور نيويورك وشيكاغو ونيو أورلينز ولوس أنجيليس .,neutral
5409,أين الصيدلية ؟,neutral
5410,وهو كذلك . هل فندق شيراتون قريب من هناك ؟,neutral
5411,أتمنى ألا تكون متعبا جدا .,neutral
5413,أرني بطاقة الركوب .,neutral
5414,من فضلك ، لا تسحب قدمي .,negative
5415,أوه ، لست متيقناً من موافقتي على هذا النمط من التفكير .,negative
5417,مياه ساخنة فقط .,neutral
5418,سيكون هذا جيداً . أتسمح لي برؤيتها ، من فضلك ؟,positive
5419,أريد بعضاً من السوداني ، من فضلك .,positive
5421,سترحل في العشرين أبريل ، وستعود في الحادي والعشرين أبريل . هل هذا صحيح ؟,neutral
5422,هل ستغير دولارات أمريكية بجنيهات بريطانية ؟,neutral
5425,أيهما تفضل لحم أم دجاج ؟,neutral
5427,أود أن أتناول طعاماً صينياً على العشاء .,positive
5430,هلا نصحتني بفندق جيد ؟,neutral
5431,أبغي تأجير سيارة من هذا الطراز لمدة يومين .,neutral
5433,أيها النادل ، هلا أحضرت لي الفاتورة ، من فضلك ؟,neutral
5434,نود أن تأتي لترانا مجدداً ، من فضلك .,positive
5435,أعاني من حمى طفيفة . هل لديك شيء جيد لعلاجها ؟,neutral
5436,سآخذ صورة لجاك دانيلز .,neutral
5437,أريد كيساً من الفشار ، من فضلك .,positive
5438,"تذكرة واحدة لـ "" بيرد "" ، من فضلك .",neutral
5439,حقاً . إنها تبدو مثل الأشجار الطبيعية كاملة النمو . يستمتع الناس بالمنظر الطبيعي لها .,positive
5441,سأقدمك لطبيب أسرتي .,neutral
5442,لم أذهب قط إلى مكان جميل مثل بوسطن .,negative
5444,تركت شيئاً ما داخل الغرفة . هل بإمكاني أن أعود لأتحقق منه ؟,neutral
5446,هل يمكنني أن أسدد بشيكات سياحية ؟,neutral
5447,سقط مني واحدا من عصى التزلج .,negative
5448,لا أصدق أن التدخين محظور في صالة الركاب . يالها من مشكلة .,negative
5450,أبغي تأجير سيارة صغيرة .,neutral
5451,هذه الغرفة شديدة البرودة .,negative
5452,هل بإمكاني الحصول على خريطة للمنحدرات ؟,neutral
5455,نحن لا نجلب أية هدايا إلى الحفل ، وبدلا من ذلك يحضر الضيوف أموالاً نقدية .,neutral
5456,هل يمكن أن تخطو هنا إلى خزانة العرض .,positive
5458,أود أن أرسله عن طريق البريد .,neutral
5461,هلا أخبرتني عن مكان لتغيير النقود ؟,neutral
5464,سأشتريها إذا خفضت السعر أكثر قليلاً .,neutral
5467,لقد وضعت قدراً كبيراً من الملح فيها .,neutral
5470,أنت ملاكي . شكراَ جزيلاً لك .,positive
5471,إلى خمسين دولاراً ؟,neutral
5472,غرفة الطعام في الطابق الأول وتكون مفتوحة في الساعة الخامسة والنصف مساءً .,neutral
5473,عفواً ، هلا أخبرتني كيف الذهاب إلى فندق فيرمونت ؟,neutral
5476,كم عدد عبوات اللبن التي تشتريها أسبوعياً ؟,neutral
5477,هل هذا التاكسي متاح ؟,neutral
5478,ما هو رقم الاتصال بالمكالمات الدولية في أمريكا ؟,neutral
5480,هل يمكنك شرحها مرة ثانية ؟,neutral
5481,ما ساعات عمل البنك ؟,neutral
5484,هل يمكنك تغيير موعد رحلتي من لندن إلى طوكيو ؟,neutral
5486,نحتاج إلى ثلاثة دولارات أخرى .,neutral
5489,أين ، قسم المفقودات من فضلك .,neutral
5491,نود أن نمرح بممارسة رياضة فريدة من نوعها على الساحل الغربي .,positive
5492,وصلت الطائرة متأخرة بسبب الثلج الكثيف .,negative
5495,فقط هلا بإمكاني أن أسدد الفرق من التذكرة التي توجد لدي ؟,neutral
5496,نعم ، إنني كذلك . لماذا تسال ؟,neutral
5499,بالبريد المسجل ، من فضلك .,neutral
5500,الغذاء الرئيسي في اليابان هو الأرز .,neutral
5501,نحتاج إلى خفض الميزانية .,negative
5502,"نعم , أريد زجاجة نبيذ أحمر .",positive
5503,أوه ، لا . وهو كذلك . هل هذا هول كل ما حصلت عليه ؟ وهو كذلك .,negative
5504,نرغب في مائدة قريبة من النافذة .,neutral
5505,للذهاب إلى المؤتمر .,neutral
5507,هذه الغرفة رقم أحد عشر صفر واثنين . هل يمكنك أن تحضر لي بعض الجعة ؟,neutral
5508,أوه ، هذا جميل . سأجرب هذا .,positive
5511,نعم ، بالطبع هناك مطاعم شيقة . يتناول بعض الناس طعامهم على عربات اليد ، والبعض الآخر يتناول الغداء بالمكتب . أساسا ، نحن لا نقضي وقتاً طويلاً في تناول الغداء .,neutral
5512,فلننتقل إلى الموضوع التالي .,neutral
5513,من المحتمل أن يكون الطعام غير الناضج على الغداء غير مستحب .,negative
5514,من فضلك هلا أعطيتها بعض الأدوية الخاصة بدوار الجو ؟,neutral
5517,لست قادراً على شرح حالتي بالإنجليزية .,negative
5518,الفاتورة من فضلك ؟,neutral
5519,للمتعة فقط .,neutral
5521,من فضلك هل يمكنك أن تتلقى رسالة ؟,neutral
5526,هل استخدمت الثلاجة ؟,neutral
5527,هل يمكنني أن استعيد أمتعتي ؟,neutral
5528,هناك دم في برازي .,negative
5530,"عفواً , لكن لا أستطيع أن أذهب معك .",negative
5531,"وأود منك أن تنضم إلينا , إن لم يكن لديك مانع .",positive
5534,هل يمكنني مساعدتك يا مدام ؟,neutral
5535,نعم في حجرة الطعام ومكان الشواء .,neutral
5536,"اسمي يوكيو أوكه , الرحلة رقم واحد اثنين خمسة المتجهة إلى ناريتا في الرابع عشر من أغسطس .",neutral
5538,ارغب في هدية تذكارية لابني .,neutral
5539,لابد أنهم أغنياء حقاً بغض النظر عن مظهرهم . ومع ذلك فهم يجادلون في السعر .,neutral
5540,آسف ، لا يمكنني متابعتك . هل من الممكن أن تتحدث ببطء أكثر من فضلك .,negative
5541,دولاران مقابل جنيه ، أهو كذلك ؟,neutral
5542,ايشيرو سوزكي . ن و ز ك ي .,neutral
5543,هل من الممكن أن يساعدك شخص آخر في هذا الأمر ؟,neutral
5546,نعم ، قبل الرحيل ، هلا أخبرتني عن انطباعاتك عن اليابان .,neutral
5547,عفواً . هلا أخبرتني متى ستكون صوري جاهزة ؟,neutral
5548,معي مارفين دورفلر على الخط ، هل أوصله بالهاتف ؟,neutral
5549,ماذا يمكنني أن أريك ؟,neutral
5551,أعطيتك ورقة بمائة دولار .,neutral
5553,ما رأيك في هذه المشكلة يا جورج ؟ هل يمكن أن تتوسع في النقطة أمام الفصل ؟,neutral
5555,في هذه الحالة ، لا يتعين عليك أن تملأ واحدة .,neutral
5556,هل الأمر كله ما يرام في أن أقوم بحل حزام مقعدي ؟,neutral
5557,إنني من كولورادو . من أي المناطق في اليابان أنت ؟,neutral
5558,بالتأكيد . كنا مشغولون للغاية أمس ، بيد أن المكان خاو اليوم . متى ستقلع طائرتك .,negative
5559,هل يمكنني أن التقط بعض الصور ؟,neutral
5562,لقد دفعت نقداً في الحال .,neutral
5563,من فضلك اتصل بالمدير .,neutral
5564,أين سنلتقي ؟,neutral
5565,تلفظ بها ثانيه من فضلك .,neutral
5567,أريد لعبة الورق .,neutral
5569,كم تبلغ تعريفة البرقية إلى اليابان ؟,neutral
5570,من مائة .,neutral
5571,أصيب رفيقي بأزمة ربوية .,negative
5572,هل أعد طعام العشاء . إنني أتضور جوعاً . هلا أعددت المائدة ؟,neutral
5573,هلا حررت لي شهادة بالسرقة ؟,neutral
5578,من فضلك ضعها في هذا الكيس الورقي بني اللون .,neutral
5580,لست قادراً على البت .,negative
5581,إنها تكدرني منذ قدومي إلى هنا .,positive
5582,كيف أقوم بها ؟,neutral
5583,فقدت حافظة نقودي ومفتاح غرفتي على الشاطئ .,negative
5584,رقم الرحلة الجوية اتش بي تسعة وثمانين المتجهة إلى طوكيو في الحادي عشر من مارس .,neutral
5585,هل بإمكاني الحصول على طبق آخر مثل هذا ؟,neutral
5587,هل أنت هنا لقضاء شهر العسل ؟,neutral
5590,هيا نرحل . هلا وضعت شوكة طعام في الحقيبة ؟,neutral
5592,هل يمكننا أن نخيم فوق أرضكم ؟,neutral
5593,في حالة حدوث شيء ما ، من فضلك كن على اتصال بي .,neutral
5594,هل لديك واحدة أخرى ؟,neutral
5595,طلاء قاتم من فضلك .,neutral
5596,من فضلك ، احضر طعام الإفطار إلى غرفتي في السابعة من صباح الغد .,neutral
5598,كم عدد مرات تكرار حدوثها ؟,neutral
5599,أرغب في إرسال هذا الخطاب بالبريد المسجل .,neutral
5600,سأصل متأخراً ثلاثين دقيقة . من فضلك أرجئ تسجيل دخولي .,negative
5601,أبغيها بنعل وكعب من فضلك .,neutral
5603,عفواً . هلا أرشدتني إلى طريق محطة السكة الحديد ، من فضلك ؟,neutral
5605,ألا تعتقد أنني سأكون في حاجة إلى دليل ؟,neutral
5606,هل بإمكاني الوصول إلى قاعدة الحفلات الموسيقية في الساعة السادسة ؟,neutral
5608,عفوا ، بيد أننا سنضطر إلى الاحتفاظ بها .,negative
5612,أبحث عن مظلل لجفون العين .,neutral
5613,هل يتعين علىّ أن أطلب طعام الإفطار في الحال ؟,neutral
5615,عامل الصيانة سيصعد في الحال .,neutral
5617,آسف سأعود لاحقاً .,neutral
5618,سددت بالفعل عندما اشتريت تذكرتي .,neutral
5619,نعم ، بإمكانك . هون عليك .,positive
5620,متى ستبدأ مبيعاتك المعفية من الرسوم ؟,neutral
5621,معذرة على انتظارك . سأصعد إلى غرفتك بصحبتك .,neutral
5622,إنه دولار واحد يتعين أن يكون لديك الفكة الصحيحةً .,neutral
5623,"غرفتك في الطابق الثالث , رقم ثلاثة سبعة وخمسين .",neutral
5624,لا توجد مياه ساخنة جارية .,neutral
5625,أرغب في قاموس إنجليزي ـ ياباني .,neutral
5626,"أهلا , لدي حجز .",positive
5627,من فضلك ، أرني أمتعتك .,neutral
5629,أحضرها على وجه السرعة . من فضلك إنني في عجلة من أمري .,neutral
5633,ولكن أين ؟ ألا تعرف أي صالون حلاقة قريب من هنا ؟,neutral
5635,"تحقق من هذا في المقصد النهائي , من فضلك .",neutral
5636,غير هذه إلى عملات نقدية من فضلك .,neutral
5637,لدي صندوق سجائر .,neutral
5639,هل أنا بحاجة إلى الإعلان عن هذا ؟,neutral
5640,كيف أستقلها ؟,negative
5641,هل كتب الطهي بالطابق الثاني أيضا ؟,neutral
5642,هناك خدمة قوارب منتظمة من كوبي حتى الموانئ التي توجد في شيكوكو وكيوشو .,neutral
5646,من فضلك بدل هذا .,neutral
5648,هل هناك أماكن شاغرة بالنسبة لرحلة الخميس ؟,neutral
5649,هلا تفضلت بشرح هذا على نحو أكثر تفصيلا ؟,neutral
5651,"حينما تجف , قم بنزعها من على وجهك .",neutral
5653,كم من الوقت سيستغرق حلاقة شعري ؟,neutral
5654,أبغي دليل العناوين ، من فضلك .,neutral
5655,أرغب في استعادة نفائسي .,neutral
5657,عفواً . هلا سمحت لي بالمرور ؟,neutral
5658,أرغب في الجلوس الآن .,neutral
5660,حوالي ساعة بعد الإقلاع . نحن نبدأ خدمة الوجبات أثناء الطيران .,neutral
5661,لدي حجز للدرجة الأولى على الرحلة رقم واحد واحد ثلاثة القادمة من لوس أنجلوس إلى نيويورك في الخامس والعشرين من أكتوبر .,neutral
5663,"هذا العرض سارٍ لمدة أربعة عشر يوما , ولذا يمكنك استخدمه حتى الثالث والعشرين .",positive
5666,ليس من الأدب أن تـُحدث صوتا أثناء مضغك للطعام .,negative
5667,لقد سكبت الحساء .,neutral
5669,أتيت للدراسة في مدرسة للغات .,neutral
5671,"لا , عفوا .",negative
5672,كم تتكلف الرحلة إلى متحف الفن بالتاكسي ؟,neutral
5675,"لقد بكرت قليلا , هل كل شيء على ما يرام ؟",neutral
5680,هل لديك أية نباتات أو فواكه ؟,neutral
5681,"نعم , يمكن أن تراها بوضوح , لأنها صافية اليوم .",positive
5684,من فضلك أخبرني كيف أملأ بطاقة النزول إلى البر ؟,neutral
5686,هل يمكن أن أحجز ملعبا للتنس هنا ؟,neutral
5687,هل يوجد صالون تجميل هنا ؟,neutral
5690,أية حافلة يجب أن تـقلني إلى فندق سكاي واي ؟,neutral
5691,هل يمكنك بعد ذلك أن تريني بطاقة ائتمان رئيسية ورخصة قيادة سائقك ؟,neutral
5694,"لا , ليس عندي هذا المبلغ الكبير من المال .",negative
5695,أعتقد أن سيارتي تستحق حوالي خمسة آلاف دولارا .,neutral
5696,"نعم , سأشتري شامبانيا مع مقبلات الطعام .",neutral
5697,ألا توجد كابينة تليفون عامة في أي مكان هنا ؟,neutral
5700,خذ هذا بعد كل وجبة ثلاث مرات في اليوم .,neutral
5701,يوجد محل بيتزا جديد بالقرب من هنا وهو ما أود أن أجربه .,positive
5702,"هل يمكن أن تبحث لي عن "" آن أوف جرين جابلز "" في مجلد ؟",neutral
5703,"حسنا , لا تنزعج . لدينا ممرضة تفهم اليابانية .",neutral
5706,هل هذا الطعام منخفض السعرات الحرارية ؟,negative
5708,لا يروق لي ذلك .,negative
5709,السيد ألبرت ساعدني مساعدة عظيمة .,positive
5710,"إنه حرير صناعي , لذا يمكن غسله .",neutral
5712,أصبت بالبرد .,negative
5716,"من فضلك , وضح بكلمات أسهل .",neutral
5717,أية حافلة يجب أن آخذ إلى المحطة ؟,neutral
5718,"أريد أن أغير طلبي , لو أمكن .",neutral
5722,دعني أسأل عما إذا كانت إحدى محالنا الأخرى لديها هذا في المخزن .,neutral
5723,"نعم , إنه هو . ولكن ستضطر إلى الدوران يسارا في إشارة المرور الثالثة وتستمر في ذلك الشارع حتى تصل إلى الطريق رقم ستة وستين .",neutral
5724,أين لي أن أجد سيارة ليموزين ؟,neutral
5725,أود أن أحرر محضرا بالشرطة .,neutral
5727,ست ليال تبدأ من الثالث والعشرين من يوليو . هل ذلك مناسب ؟,neutral
5728,في أي وقت يبلغ المد ذروته ؟,neutral
5729,حقائبي ثقيلة جدا . هل يمكن أن تساعدني ؟,negative
5730,هل يمكن أن أتركها في سياتل ؟,neutral
5733,"أريد كوبا من الماء لأتناول بعض الدواء , من فضلك .",neutral
5734,"أريني واحدا آخر , من فضلك .",neutral
5736,هل لي أن أطلب وسادة ؟,neutral
5740,أريد الذهاب للصيد . هل يوجد موقع جيد بالقرب من هنا ؟,neutral
5745,لإجراء بحث في التاريخ الأمريكي في جامعة هارفارد .,neutral
5749,الأفضل ألا أشتري أشياء ضخمة ؟,neutral
5750,"هل يمكن أن تحضر لي بعض الفلفل , من فضلك ؟",neutral
5751,"طقس جميل , أليس كذلك ؟",positive
5755,كيف أشتري تذاكر لعرض برودواي ؟,neutral
5756,أين يمكنني أن أجد أمتعتي ؟,neutral
5759,أبحث عن وشاح لأمي . إنها في الستين من عمرها .,neutral
5761,أكون ممتنا جدا لو أخذتني إلى الشاطئ .,positive
5763,سآخذ ستة في المائة من السعر .,neutral
5764,هل تعمل هنا ؟,neutral
5766,أود الدفع للمكالمة .,neutral
5767,كيف أخطر السائق إذا أردت أن أنزل من الحافلة ؟,neutral
5772,آسف . لقد اتصلت بالرقم الخطأ . هذه وكالة تانكيوشا الصحفية .,negative
5774,هل يمكن أن أحجز حجرتين لفردين بدلا من حجرة واحدة مزدوجة ؟,neutral
5775,يبلغ إجمالي الثمن خمسة دولارات وثلاثين سنتا .,neutral
5776,أنا أحول إلى لوس أنجلوس . هل تصل في الميعاد بالضبط ؟,neutral
5777,أتصل على التردد الصوتي واحد اثنان ثلاثة .,neutral
5779,إننا سندفع الحساب ونغادر .,neutral
5780,هل لي أن آخذ كوبا من الماء ؟,neutral
5781,تستغرق حوالي ثلاثين دقيقة .,neutral
5782,أي طريق يوصلني إلى مكتب السيد ماسون ؟,neutral
5783,مائة دولار نقدا ببطاقتي الائتمانية .,neutral
5785,ما ثمن كل واحدة منها ؟,neutral
5786,أسواق العملات غير مستقرة .,negative
5787,أخطط لتجول بالسيارة حول بروفنس غدا .,neutral
5788,أريد أن أستأجر قاربا لمدة يوم واحد .,neutral
5789,تبلغ حوالي أربعين قدما إلى القاع .,neutral
5790,يبدو أنه نصف ناضج .,neutral
5791,"سأدفع نقدا , لكن دعني أقرؤها , من فضلك . لأي شيء هذه الرسوم ؟",neutral
5792,أهي حلوى .,neutral
5795,ماذا ؟ لقد انتهينا لتونا من وجبة والآن هم يعدون وجبة ثانية .,neutral
5796,سآخذ على الأقل تسعة وتسعين ساعة .,neutral
5798,أحيانا يقوم بزيارة قصيرة ليرانا .,neutral
5801,أين المرآة ؟,neutral
5802,كيف أفتح غطاء محرك السيارة ؟,neutral
5803,تركت شيئا في الحجرة .,neutral
5804,"أريد نقانق كبده , من فضلك .",neutral
5805,استعمل آلة البيع العمومية .,neutral
5807,"قـَصة شعر وشامبو , من فضلك .",neutral
5808,أريد أن أستأجر بعض الأندية .,neutral
5809,كم ساعة تتبقى لنا قبل أن نبدأ ؟,neutral
5810,تم التأكيد عليك ثانية .,neutral
5813,من فضلك خذ هذا إلى موقف التاكسيات .,neutral
5814,ما هي مجموع النسبة المئوية لكل الضرائب المطبقة ؟,neutral
5816,لقد مر وقت طويل منذ أن رأيتك .,negative
5818,"حجز لملعب الجولف , من فضلك .",neutral
5822,سأتحمل بعض الإزعاج .,negative
5823,من فضلك ضع بعض الأصباغ الزاهية على شعري .,neutral
5830,ما نوع هذه الموسيقى ؟,neutral
5832,هل يمكن أن تعطني توصيله ؟,neutral
5834,لدينا ممرضة تفهم اليابانية .,positive
5838,هل لديك دواءا لرشح الأنف ؟,neutral
5840,هل يمكن أن تأخذني إلى المستشفى ؟,neutral
5842,"لا , ليس لدي ما أصرح به .",negative
5843,هاك خمسون دولارا لو وقعت في ضائقة .,neutral
5844,غرفة الطعام الرئيسية سوف تفتح في الساعة الثامنة وتغلق في العاشرة .,neutral
5846,هل يمكن أن نحرر شيكين ؟,neutral
5847,"من فضلك أعط طفلك هذا الدواء الشراب , جرعة واحدة بعد كل وجبة .",neutral
5848,"هذا الموديل متوفر بمقاسات ثمانية وعشرين , وواحد وثلاثين وخمسة وثلاثين سنتيمترا .",neutral
5849,ما شعورك ؟ لقد صنعت في سويسرا وهي موضة هنا .,neutral
5853,أي نوع من البطاريات تستخدم فيها ؟,neutral
5854,"أريد كتاب أطفال , من فضلك .",positive
5859,"أنا آسف , ولكنني أريد أن ألغي الحجز .",negative
5861,"آسف , إنها لا تروق لي .",negative
5862,ماذا هناك لكي نراه في هذا الجزء من المدينة ؟,neutral
5863,الكتب والكتيبات .,neutral
5865,سلم .,positive
5866,تخطى عمارتين . إنها هناك في الركن .,neutral
5867,أين الديسكو الشعبي ؟,neutral
5870,"هذا الفندق على قمة التل له منظر جميل على المدينة , أليس كذلك ؟",positive
5871,كم يجب أن أنفق ؟,neutral
5872,أود أن أشاهد مباراة في البيسبول للمحترفين .,neutral
5873,"من فضلك , أطلب لي الإسعاف .",neutral
5875,"أوه , يبدو كأنه قرعة .",neutral
5876,"حسنا , لا بد أنني قد نسيتها . شكرا على المراجعة .",negative
5877,هذه بطاقة عملي . أنا مسئول عن استيراد أثاث من اليابان .,neutral
5879,"زميلي في العمل , السيد تاكيمي , اقترح علي أن أدعوك . إنه أحد مرضاك .",neutral
5880,لدي ارتباط آخر في ذلك اليوم .,neutral
5881,كيف أرجع ؟,neutral
5884,أراك يوم الاثنين .,positive
5885,هل عندك هذا باللون الأخضر ؟,neutral
5886,أنا جديد هنا .,neutral
5887,أنا أفتقد خمري .,neutral
5889,أنا وكيل تأمين .,neutral
5890,أي نوع من المقبلات تأكل ؟,neutral
5891,بالتأكيد .,neutral
5892,ظهر بعض العمل الذي لا مفر منه .,positive
5893,"شروط العقد واضحة , ولكنني لا أفهم النقطة التالية .",neutral
5895,"نعم , بعض حجراتنا تطل على حديقة , لكنها مكلفة كثيرا .",negative
5896,"لماذا إذا , لابد أنها سقطت من جيبي . لابد أن أخبر مخبر الفندق بذلك .",negative
5898,هل يمكن أن أستعمل هاتفك ؟,neutral
5899,هل تتمتع بخصم للإقامة الأسبوعية ؟,neutral
5900,دفعت كل فاتورتي .,positive
5902,رائحته جميلة . كم ثمنه ؟,positive
5904,أود أن أحجز ملعب تنس لمدة ساعة غدا .,neutral
5906,أريد أن أعيد التأكيد على رحلتي إلى شيكاغو في السابع عشر .,neutral
5907,هل لديكم أي مضرب تنس للإيجار ؟,neutral
5908,"لا , أتينا هنا السنة الماضية .",neutral
5912,هل يمكن أن تصف الشخص ؟,neutral
5913,أكلت كثيرا نوعا ما .,neutral
5914,هل يمكن أن أتحدث إلى السيدة براون ؟,neutral
5915,من فضلك دعني .,positive
5916,"هذا البيت يبدو مريحا للمعيشة فيه , أليس كذلك ؟",positive
5923,لا أريدها بهذا السعر .,negative
5924,مرحى .,positive
5925,"حسنا , سأرسل مهندسنا إلى غرفتك .",neutral
5926,عندي حساسية ضد التالي .,negative
5929,"نعم . فعلتُ الصواب . هل لي أن أرى رخصة سائقك , من فضلك ؟",positive
5931,قدمت مساعدة عظيمة لنا اليوم .,positive
5934,أريد أن أحجز على شركة نورث وست إيرلينز على الرحلة رقم صفر ثمانية ستة في الخامس .,neutral
5935,أنا آسف ولكنني لم أسمعك بوضوح . هل يمكن أن تتهجاه ؟,negative
5937,عادي .,neutral
5938,هل يمكن أن آخذ اسم ابنك ؟,neutral
5940,"محفظتي , جواز السفر ومتعلقات شخصية أخرى .",neutral
5944,هل عندكم أي أيس كريم ؟,neutral
5945,"إنه غريب , ولكنني أستطيع تحدث الإنجليزية أفضل عندما أكون مخمورا .",positive
5948,أخبرت أن لديكم فاكسا لي .,neutral
5949,بالقول إنهم فائقو العناية في اختياراتهم فأنت تعني أنهم دائما يفكرون بطريقة اقتصادية .,neutral
5950,كيف يبدو ذلك بالنسبة لك ؟,neutral
5953,إنني أرتجف .,neutral
5956,متى تغلقون ؟,neutral
5958,الجرح أصبح ملتهبا .,negative
5959,أريد إصدارها من جديد .,neutral
5960,هل أنت متأكد أنك لم تحجز باسم سوزوكي ؟ فماذا عن تيتسيو ؟,neutral
5961,لا أستطيع فتح الباب .,negative
5962,كابوكي هو أحد فنون الأداء التقليدية اليابانية .,neutral
5964,ما هو الأفضل ؟,positive
5965,أريد أن أحجز ميعادا لتمويج الشعر .,neutral
5966,هل يمكن أن تعطوني حجرة أكبر ؟,neutral
5967,"أعطني حقيبة على شكل كلب صغير , من فضلك .",positive
5968,أخطط لأن أبقى مدة اثني عشر يوما .,neutral
5969,هل يمكن من فضلك أن تحفظ حقائبي لساعتين أخريين ؟,neutral
5970,من الأفضل أن نعثر على العداد الأصلي لشركة يوتيتد إيرلاينز الآن .,neutral
5972,هل يمكن أن أرى الجدول ؟,neutral
5974,انتظر دقيقة . ربما أكون قد تركته في غرفة الاستراحة .,neutral
5975,"السيد جيرو يامادا ؟ تأكد حجزك على هذه الرحلة , التي ستغادر في الساعة السابعة وثلاثين دقيقة صباحا قادمة من شيكاغو .",neutral
5976,أبحث عن تنورة .,neutral
5977,أية ألوان أخرى ؟,neutral
5978,ما أفضل الوسائل للاستمتاع بالمدينة ؟,positive
5979,أربع محطات .,neutral
5981,"غيـّـر غرفتي , من فضلك .",neutral
5984,هل هناك مكان للمفقودات والموجودات في المحطة ؟,neutral
5987,هذا بالضبط ما كنت سأقوله .,neutral
5988,"نعم , أعتقد ذلك .",positive
5990,هل أستطيع أن أقوم بالتحويل بهذه التذكرة ؟,neutral
5994,هل تمانع في أن نجعله عقد بسنة واحدة بدلاً من سنتين ؟,neutral
5997,منزلك كبير . كم عدد الغرف ؟,neutral
6001,دعني أفكر فيها ، من فضلك .,neutral
6002,هل يمكنني أن أوضح هذا ؟,neutral
6003,هل سيرسل الفندق سيارة لتقلنا ؟,neutral
6006,استمتعنا بالعشاء .,positive
6007,شطيرة من البيض والسلطة لأذهب .,neutral
6008,هلا أخبرتني ببعض الفنادق بسعر أقل من خمسين جنيهاً في الليلة ؟,neutral
6010,هل يمكن أن تعد مكاناً لي أي وقت صباح الثلاثاء ؟,neutral
6011,أفضل مقعداً في الأمام .,neutral
6012,هل يمكن أن تضع أمتعتي في صندوق السيارة ، من فضلك ؟,neutral
6013,هل هو مسبح في الهواء الطلق أم صالة مغلقة ؟,neutral
6014,هل يمكنك أن تخبرني برقم الحافلة المتجهة إلى سانتا مونيكا ؟,neutral
6019,حسنا ، وأنت ؟,neutral
6020,أريد قشدة يوماً ما .,neutral
6023,لكن ، إذا لم يعمل النور ، فلا يمكنك تغيره .,neutral
6024,أفهم ، لكن لا أستطيع أن أقولها .,negative
6026,لا أستطيع أن أجد حجزك ، ولكن لدينا غرفة .,neutral
6028,ستة وثلاثين دقيقة اليوم ، ولكن عادة في الخامسة وثلاثين دقيقة .,neutral
6032,أريد قلماً حبراً ، من فضلك .,positive
6033,سأنقص عشرين بالمائة من السعر .,neutral
6034,سأبحث عن سيارة أجرة أخرى .,neutral
6035,هل يوجد صندوق بريد بالقرب من هنا ؟,neutral
6040,إنه ساخن ، أليس كذلك ؟,neutral
6041,أود أن أذهب إلى برودواي .,positive
6042,هل لديك خريطة لمنحدرات التزلج ؟,neutral
6047,أوو ، نعم ، من فضلك . أنا أتمنى أن لا يصابوا بدوار البحر .,negative
6048,تدبير المنزل ، من فضلك .,neutral
6049,حسنا . إنه ليس سيئاً للغاية .,positive
6050,لا يمكنني أن أجد الطريق إلى المحطة .,negative
6051,إنها دولارين وخمسين .,neutral
6052,إنه في نهاية هذا الشارع .,neutral
6053,هل لي ببعض الفكة ؟,neutral
6054,هل لي أن استخدم الفلاش ؟,neutral
6055,شكراً جزيلاً . واترك هذا المنظر كما هو .,positive
6056,إلى طوكيو ، من فضلك .,neutral
6057,وبصفة خاصة فيما يتعلق بتصميم مشروع عطارد ، لا يمكنني أن أقرر بشأنه دونك .,neutral
6058,هل لي أن أنصب معداتي الآن ؟,neutral
6059,سأشتري هذه الشريحة .,positive
6061,إنه وقت إظهار الود واقتسامه .,positive
6063,أود بعضاً من اللحم .,neutral
6066,لصحتك .,neutral
6067,سترتي مبللة ، لذلك من فضلك جففها .,negative
6071,هل هذه السفن القديمة ما زالت تبحر ؟,neutral
6072,من فضلك انضم إلينا في تناول الغذاء .,positive
6073,ما هو موعد وصولنا المقدر ؟,neutral
6074,شيء دخل في أذني اليسرى .,negative
6075,ما هو الوقت الذي تعتقد أنك ستقوم فيه بتسجيل الدخول ، يا سيدي ؟,neutral
6076,على فكرة ، كيف تختبر البرنامج ؟,neutral
6077,هل لديك شيئاً لتعلنه ؟,neutral
6078,أصبت بكدمة .,negative
6079,هل المصارف مفتوحة يوم السبت ؟,neutral
6080,إلى أي حد تكون الجولات ثرية بالمعلومات .,neutral
6081,هل يمكنك أن تزكي بمحل جيد لشراء حقائب جلدية ؟,neutral
6082,هل هذا أحمر شفاه ؟,neutral
6083,الكثير من لاعبي البيسبول الأمريكان يلعبون في اليابان .,neutral
6086,سأغادر باكراً غداً ، لذلك أود أن أدفع الآن .,neutral
6089,أين يمكن أن أحصل على الكتب المدرسية ؟,neutral
6093,هل لي ببعض العسل ؟,neutral
6094,إننا لا نعرض الخواتم إلا واحداً في كل مرة .,neutral
6096,هل لي أن استخدم بطاقة الفيزا ؟,neutral
6097,أريد أن أجرب طبقاً تقليديا لهذه المنطقة ؟,neutral
6098,هل لي بخدمة الغرف ؟,neutral
6099,هل يمكنني أن آخذ موعداً ؟,neutral
6100,نبيذ غير حلو ، من فضلك .,neutral
6101,حدثت لي حادثة مرور .,negative
6102,بدأت العمل في هذه الشركة منذ شهرين فقط .,neutral
6104,متى نلتقي سوياً ؟,neutral
6106,أجريت مكالمة لطوكيو وقالوا إنهم لا يريدونها .,negative
6107,التلفاز لا يعمل .,negative
6109,مقعد ممنوع به التدخين ، من فضلك .,neutral
6110,أين يمكنني أن أملأ هذه الروشتة ؟,neutral
6111,هل يمكن أن أحصل على محلي اصطناعي ؟,neutral
6112,أود أن أغير جلستي إلى شياتسو . هل هذا ممكناً ؟,neutral
6113,"بالفعل , أنا نباتي . أنا لا آكل اللحم .",neutral
6116,سأتناول إبريقاً من الشاي .,neutral
6117,هل يمكنك أن تأخذ الطريق الأسرع ؟ إنني متأخر عن موعد .,negative
6122,أعاني من حنجرة خشنة .,negative
6123,نود أن نجرب السمك هنا .,positive
6125,أتمنى لك رحلة آمنة .,positive
6126,أليس لديك أي شيء أفضل ؟,negative
6127,كوك للحمية مع ثلج ، من فضلك .,neutral
6129,النعاس في أي من محطاتنا مجاناً .,neutral
6130,لذيذ .,positive
6131,يجب أن تذهب وترى نارا وكيوتو . نارا تحتفظ بجو اليابان القديم مع معابد بوذا القديمة وأضرحة شينتو . الغزلان وأولادهم يلهون بحرية في حدائقهم .,positive
6132,من فضلك أحضر أمتعتي إلى غرفتي .,neutral
6133,"كلمة "" وجه "" لها معاني مختلفة كثيرة في الإنجليزية مثل تظاهر ، مسحوق التجميل ، كرامة ، سطح وغيرها .",neutral
6136,من فضلك ضم بعض الفكة الصغيرة .,neutral
6137,من فضلك ضع أغراضك خارج الغرفة .,neutral
6140,اترك تقاطعين وانعطف لليمين .,neutral
6141,مفتاحي مكسور .,negative
6142,أود معجماً ياباني-إنجليزي .,neutral
6143,أمضيت وقتاً طيباً هنا . شكراً على كل شيء .,positive
6144,هل هذه الحافلة تذهب إلى وسط البلدة ؟,neutral
6148,من فضلك تجنب ما يلي .,neutral
6151,أرقام المبيعات ارتفعت بصفة مستمرة منذ أن دخل المنتج السوق .,positive
6153,هل المرشد السياحي سيأخذني من الفندق ؟,neutral
6154,متى ينبغي أن أكون عند البوابة ؟,neutral
6156,هو مشغول الآن .,neutral
6157,ما هو الأسرع ؟ ليس عندنا الكثير من الوقت .,neutral
6158,حقاً ؟ من فضلك أعطني دقيقة لأفرز هذه .,neutral
6159,هل هذا هو كل شيء متضمن في الفاتورة ؟,neutral
6160,نود طبقاً من النقانق المنوعة ، سلطة ، وزجاجة خمر ، من فضلك . احضر كوبين ، من فضلك .,positive
6161,هيه ، أنا أريد أن أقود الآن . إنه دوري .,positive
6162,ما هو رقم الحافلة التي تذهب إلى سيرك بيكاديلي ؟,neutral
6163,هذا يأتي مع ضمان طوال الحياة .,positive
6165,هل يمكنك أن تصلحها ، من فضلك ؟,neutral
6166,لم أحصل على سلطتي .,negative
6167,هل الأجانب يمكنهم الحصول على الكتب في المكتبة ؟,neutral
6168,خذ الحافلة رقم واحد وانزل في المحطة الثالثة .,neutral
6170,هل يستطيع أحد هنا أن يجرب التنفس الاصطناعي ؟,neutral
6172,لا أعتقد أن هذه جاءت من اليابان .,neutral
6174,أحضر لي زجاجة صغيرة من المياه المعدنية المثلجة ، من فضلك .,neutral
6175,من فضلك أرني بعضاً مما يسمى الألعاب التعليمية .,neutral
6176,أريد حزاماً .,neutral
6179,هل من الممكن أن أمكث في غرفتي حتى الثانية مساءً ؟,neutral
6180,سأفكر في الأمر .,neutral
6181,أنا أؤيد ذلك كلياً . هيا نذهب إلى محل الأطعمة المعلبة في الناحية الأخرى من الشارع .,positive
6183,بيض مخفوق .,negative
6184,أنا آسف ، يا سيدي . جميع الغرف محجوزة .,negative
6186,المكالمة لليابان تم توصيلها . هيا ، من فضلك .,positive
6188,تفضل الدليل . ينبغي أن يكون هنا .,neutral
6189,عندي ورم .,negative
6190,ها-ها . صباح الخير حان دورك . إنه على ما يرام .,positive
6192,هل أنت متأكد ؟ من فضلك افحص ثانيةً .,neutral
6193,أود بعضاً من فيلم رقم ايه إس ايه لهذه الكاميرا ، من فضلك .,positive
6195,هل لي بمرشد ياباني ؟,neutral
6196,كم ثمن الحقيبة ؟,neutral
6197,أريد أن آخذ رحلة الغد .,neutral
6199,شكراً على العشاء الرائع .,positive
6200,من فضلك غير العدسات . هل يمكنك أن تجهزها أثناء انتظاري ؟,neutral
6201,سر للأمام إلى هناك ، وهي على يمينك .,neutral
6205,أين رسومات مونيت ؟,neutral
6208,لا يمكنني أن احتفظ بأي طعام في معدتي .,negative
6209,هل يمكنك أن تقف في هذا المكان لأنني أريد أن ألتقط بعض الصور ؟,neutral
6210,لتذهب إلى جراند كانيون .,neutral
6211,من فضلك التقط صورة بالأشعة السينية .,neutral
6213,أنا أبحث عن هدية لأمي .,neutral
6214,البيتزا لذيذة . من صنعها ؟,positive
6215,هل يمكنك أن تحجز تذكرتين ؟,neutral
6216,تم الاعتداء علي .,negative
6217,مائدة مسموح بها التدخين أم لا ؟,neutral
6218,نسميها جبل ب . إنها حوالي عشرين ميلاً من هنا .,neutral
6219,هل تفضلها بصلصة الطماطم أم بصلصة الخردل ؟,neutral
6221,ما هو طعم هذا الطبق ؟,neutral
6222,إنه في الطابق الأول ، نهاية هذا الطريق .,neutral
6223,هل يوجد ولد لجمع الكرات ؟,neutral
6226,للاس فيجاس ؟,neutral
6227,هم أيضاً غاليين .,negative
6228,متى يغادر القطار التالي إلى بوسطن ؟,neutral
6230,هل هذا يأخذ ماستر كارد ؟,neutral
6232,أخطط لتعلم الجولف .,positive
6233,هل يستطيع النزلاء دخول صالة الرقص دون دفع أجر إضافي ؟,neutral
6234,هل أي من الرحلات بها مرشدين يتحدثون اليابانية ؟,neutral
6235,ليس لدي نسخة من تذكرة طائرتي .,negative
6236,"في كتيب منفصل يسمى "" معلومات خلفية مشتركة ، "" وهو في المجموعة المتوفرة ، ستجد شرحاً أكثر تفصيلاً .",neutral
6237,كم من الوقت ستتأخر ؟,neutral
6238,متى تفتح ومتى تقفل ؟,neutral
6242,هل يمكن أن تحضر لي بعض البطاطين ، من فضلك ؟ الجو بارد جداً في هذه الغرفة .,negative
6246,مرحباً بك . على فكرة ، هل يوجد هاتف عملة قريب هنا ؟,neutral
6247,من فضلك أعطني مشروباً أخر .,neutral
6249,هل تريد أن تشرحها لعامل التليفونات ؟,neutral
6250,هل يمكنك أن تقيمها عند النافذة ، من فضلك ؟,neutral
6251,إنها محكمة هنا .,neutral
6252,عندي بعض الغسيل .,neutral
6253,يا له من راكب ماهر للأمواج .,positive
6254,أين القصر ؟,neutral
6255,هل لي بقائمة طعام ؟,neutral
6256,مقعد في الأمام ، من فضلك .,neutral
6259,من فضلك ارجع عشر دقائق بعد الثانية .,neutral
6260,حسنا ، واحدة من حقائبي لم تظهر .,negative
6261,هل توجد جولة طوال النهار ؟,neutral
6263,هل يمكن أن أعمل حجزاً في التاسعة وثلاثين دقيقة صباحاً ، من فضلك ؟,neutral
6266,كم تطلب للشحن ؟,neutral
6268,نريد تذكرتان إلى سان ديجو ، من فضلك .,neutral
6270,إنها في حدود مسيرة تسعة وتسعين دقيقة من هنا .,neutral
6272,أخشى أن تكون الأكمام قصيرة جدا .,negative
6275,لكل حاجته . أنا آخذ جعة .,neutral
6276,أنا من يوكوهاما ، اليابان .,neutral
6277,مقعد بجوار النافذة ، من فضلك . وأريد أن أجلس مع ابنتي .,positive
6279,هل يمكن أن تشرح لي كيف أجري مكالمة بعيدة المسافة ؟,neutral
6280,ولد في ألف وتسعمائة وثمانون .,neutral
6281,تفضل الفكة . تسعة وسبعين دولاراً تسعة وثمانين دولاراً تسعة وتسعين دولاراً مائة دولار .,neutral
6282,هل لديك سترة بقلنسوة ؟,neutral
6283,هل يمكنك أن تريني كيف أضع الغاز ؟,neutral
6284,لا ، ليست كاميرتي .,neutral
6285,هل أجرة الفندق تضم الإفطار ؟,neutral
6287,هل هذا كل شيء ؟,neutral
6289,تعطل التلفاز .,neutral
6290,متى أخر حافلة إلى بيمليكو ؟,neutral
6291,إنه في نهاية هذا الطريق .,neutral
6292,عندي دوار بحر . هل لي ببعض الأدوية .,neutral
6293,خمس ساعات وثلاثين دقيقة أخرى .,neutral
6295,هذه غرفة سبعة سبعة وأربعين . ما هو نوع الكوكتيل الذي تقدموه ؟,neutral
6298,إنه في موازاة هذا الطريق .,neutral
6299,من فضلك لا تفعل مثل هذا الشيء .,negative
6301,النساء يرتدين ملابسهن .,neutral
6304,حسنا . ماذا عن هذا ؟ رحلة نصف النهار هذه تعيدك هنا الساعة الواحدة بالضبط .,neutral
6306,هل هذه قابلة للغسل ؟,neutral
6309,من فضلك أوصلني بالشخص المسئول عن الحسابات .,neutral
6311,هل التذاكر متوافرة ؟,neutral
6313,هل لديك بعض العقود الأخرى بتصميمات فريدة ؟,neutral
6314,لماذا لا نقوم بالدوران حول هذه الشعب ؟,negative
6316,هل يمكنك أن تخبرني الأماكن التي سنزور في الجولة ؟,neutral
6318,يجب أن تذهب إلى المستشفى للقيام بفحص عام .,neutral
6319,هل يمكنك أن تعطيني غرفة مختلفة ، من فضلك ؟,neutral
6321,أين أقرب محل موسيقى ؟,neutral
6322,أود أن أضع مقتنياتي في صندوق الأمانات .,neutral
6323,أعتقد أن هذا مقعدي .,neutral
6325,ارفع يديك لأعلى .,neutral
6326,متى يقفل هذا المحل ؟,neutral
6330,متى أول قطار إلى أكسفورد ؟,neutral
6331,إلى أي وقت تظل خدمة الغرف متاحة ؟,neutral
6332,هل لديك صحيفة إنجليزية ؟,neutral
6334,زوج من العصي ، من فضلك .,neutral
6335,أفضل واحدة زرقاء ، إذا كان لديك .,neutral
6336,ستتحسن حالاً . لا تقلق .,positive
6338,متعة . أخطط أن أقوم برؤية المعالم وزيارة بعض الأصدقاء القدامى .,positive
6339,من فضلك ابدأ العداد .,neutral
6342,ما هو تشخيصك ؟,neutral
6343,أود أن أظهر أذني .,neutral
6344,الخزينة هناك .,neutral
6345,لماذا تأخر القطار كثيراً ؟,negative
6346,هل علي أن أرتدي رابطة عنق ؟,neutral
6347,الاسم ورقم الغرفة ؟,neutral
6348,لدي نوع مستوي .,neutral
6349,نحن مهتمون بالدين .,neutral
6350,لا مشكلة على الإطلاق . أين يجب أن نأخذها .,neutral
6351,أنا ، أيضاً . مشينا كثيراً اليوم .,positive
6352,عندي فكرة .,positive
6353,سنشحن البطارية وننظف الزجاج الأمامي للسيارة .,neutral
6354,مائدة بالشرفة ، من فضلك .,neutral
6355,خمسون بالمائة خصم من السعر للمكتوب ؟,neutral
6356,ما هو أخر وقت لتسجيل الدخول ؟,neutral
6358,أكثر قليلاً من الخلف .,neutral
6359,من فضلك اجعل هذا الجسر في الخلفية .,neutral
6360,هل لديك أية هدايا تذكارية جيدة ؟,neutral
6361,المطر تغير إلى مطر بثلج .,neutral
6363,غرفتي أبرد من اللازم .,negative
6364,نتناول الإفطار في السابعة كل صباح ما عدا عطلة نهاية الأسبوع .,neutral
6366,يجب أن أرى طبيباً غداً صباحاً .,neutral
6368,اربط حزام المقعد من فضلك وامتنع عن التدخين إلى ما بعد الإقلاع ؟,neutral
6372,أريد أن اتصل باليابان .,neutral
6373,أتمنى أن أفقد بعض الوزن بعد كل هذا .,neutral
6375,سأذهب إلى ميلبورن .,neutral
6377,هل لديك أي جولات مع مرشدين يتحدثون اليابانية ؟,neutral
6378,الجو بارد هذا الصباح .,negative
6379,عذراً ، ولكن في أي تقاطع نحن الآن ؟,neutral
6382,نسيتها عندما كنت أتسوق من حوالي عشر دقائق .,negative
6383,هل يمكن أن أذهب مرتديا الجينز وحذاء برباط ؟,neutral
6388,أود بعض الموز ؟,neutral
6389,كتفي كانا مشدودان ، أليس كذلك ؟,neutral
6390,حسن ، ما نوع الطعام الذي تحب ؟,neutral
6391,هل هذا من أجل أن تذهب ؟,neutral
6393,هل توجد حانة قريبة من هنا ؟,neutral
6395,عذراً . هل يمكن أن تخبرني أين يمكن أن آخذ مترو أنفاق ؟,neutral
6398,كيف حالك . أنا أيشرو تاناكا .,neutral
6399,كم ثمن الأجرة الإضافية للقطار السريع ؟,neutral
6400,إذا كانت كلها معفاة من الجمارك ، سآخذ كرتونة واحدة من ج .,neutral
6403,إنه يتوقف على نوع الجولة . نزهة ليوم واحد إلى يوزيمايت ثلاثين دولار وهي أكثرهم شيوعاً . يوزيمايت تبعد ثلاث مائة وخمسين كيلو متراً من هنا .,neutral
6405,أية خط يذهب إلى سانتا باربارا ؟,neutral
6408,لا أريد صلصة طماطم .,negative
6411,سأعود إليك عندما تكون أقل انشغالاً .,neutral
6413,هل لديك واحد أكبر ؟,neutral
6415,خذ كل ما تريد . فقط لا تطلق الرصاص .,neutral
6418,أشعر بتحسن .,positive
6420,أريد أن أشاهد مباراة كرة .,positive
6422,هل لديك غرفة فردية الليلة ؟,neutral
6424,في الحقيقة ، لدينا تخفيضات على البلوزات الآن .,positive
6426,هل يمكنك أن تقترح أية رحلات يوم واحد جيدة ؟,neutral
6427,شيكاتي السياحية بالدولار الأمريكي .,neutral
6428,هل يمكنك أن تصلني بصديقي ؟,neutral
6430,هل أنت ملم بجغرافيا اليابان ؟,neutral
6431,أين يمكنني أن أشتري تذاكر ؟,neutral
6432,هل المعدات متضمنة ؟,neutral
6435,هل لنا ببعض الخبز ، من فضلك ؟,neutral
6436,من فضلك أرني أين أنا على هذه الخريطة .,neutral
6437,مائة بالمائة قطن .,neutral
6441,دعني أرى . نعم ، لدينا غرفة متاحة .,neutral
6442,مرحباً ، تاناكا . أنا مسرور لوجودك هنا . أين تقيم ؟,positive
6444,هل يوجد شخص ما هنا يمكنه أن يتحدث الإنجليزية ؟,neutral
6445,نعم . علي أن أذهب الآن . أتمنى أن أراك ثانيةً سريعاً .,positive
6448,إنها ستة وثلاثين .,neutral
6450,هذه هي أول زيارة .,neutral
6451,أين أقرب مغسلة ؟,neutral
6453,غرفة هادئة ، من فضلك .,neutral
6454,حصلت على درجات جيدة العام الماضي .,positive
6458,ما أروعها .,positive
6460,أريد تلك المعروضة في نافذة العرض .,positive
6461,هل توجد واحدة بمقاس أكبر ؟,neutral
6463,لم أفحص بعد . ولكن أعتقد أن عندي حرارة مرتفعة .,negative
6464,ما هي شكواك ؟,neutral
6465,بدأت تمطر ثلجاً .,positive
6466,أود أن أغير لغرفة تطل على المحيط . هل توجد أي رسوم إضافية ؟,neutral
6467,هذه غرفة سبعة صفر اثنين . من فضلك أعطني مكالمة إيقاظ في السابعة بالضبط من صباح الغد .,neutral
6468,لا تعمل بجد أكثر من اللازم .,neutral
6469,أوو ، لا . أعلم أنها كانت خطأ . سأعود إلى اليابان كرجل فقير .,negative
6470,هل هذا هو القطار الصحيح المتجه إلى شيكاغو ؟,neutral
6471,لقد سمعت حالة التنبؤات الجوية . يفترض يتوقف سقوط الثلج في وقت ما غداً .,neutral
6472,كم ثمن إيجار نصف يوم للوحة ؟,neutral
6473,هل يمكنني أن أنتظر هنا ؟,neutral
6474,أؤلف قصائد يابانية للهواة كهواية .,neutral
6477,هل يوجد مكان آمن لتخزين حقائبي ؟,neutral
6478,هل لديك نسب للخصم العائلي ؟,neutral
6481,العاشر من نوفمبر .,neutral
6482,أين يوجد مكان جيد لشراء الهدايا التذكارية ؟,neutral
6484,أود شريطاً للآلة الكاتبة .,neutral
6485,إنه نظام الأجور بالأقدمية .,neutral
6486,من فضلك استلق هناك .,neutral
6488,هل يمكن أن نذهب إلى نقطة تكي غداً ؟,neutral
6490,توجد فرصة ضعيفة لسقوط الثلج .,neutral
6491,هل يمكنك أن ترسم خريطة لي ؟,neutral
6492,إنها لذيذة جداً .,positive
6494,ماكينات الحرف التلقائي يبدو أنها سهلة جداً ، حسن ، ماذا عن الروليت ؟ ما عليك إلا أن تضع إشاراتك أو أموالك على الرقم الذي راهنت عليه أولاً .,positive
6495,أراهن أنه توجد مجموعة أكبر للاختيار في الصيدلية .,neutral
6497,متى سنقلع ؟,neutral
6498,كيف عرفت السائق متى تريد أن تنزل ؟,neutral
6499,إنه غالية جداً علي . أرني واحدة أرخص ، من فضلك .,negative
6500,هذا هو مشغل خدمة الاتصالات الهاتفية الدولية .,neutral
6502,أدرس الإنجليزية .,positive
6503,هذه السيارة تذهب إلى باريس ، أليس كذلك ؟,neutral
6504,من فضلك أودع خمسة دولارات وخمسة وعشرين سنتاً للثلاث دقائق التالية .,neutral
6505,أود كاميرا ، من فضلك .,positive
6506,كم يرتفع منصة الغطس ؟,neutral
6507,هل ستقوم باستئجار عربة جولف ؟,neutral
6510,من فضلك وزع بطاقات الهبوط .,neutral
6513,أربعة وعشرين دولاراً . هل تريد المزيد ؟,neutral
6515,عملت الحجز في طوكيو منذ شهر .,neutral
6517,أشكرك من أعماق قلبي .,positive
6518,هل يمكن أن آخذ موعداً اليوم ؟,neutral
6519,إنه محكم قليلاً حول المعدة .,neutral
6520,كيف يمكنني أن أذهب إلى وسط المدينة ؟,neutral
6521,إنه كما تقول تماماً .,neutral
6522,لم أتناول وجبة طعام من قبل . أود أن آخذها الآن .,positive
6523,صباح الخير . كم العدد ؟,positive
6524,ليس لدي وقت كثير .,negative
6525,هل أنزل هنا لمركز روكفيلر ؟,neutral
6526,حسن . أراك في الجوار .,positive
6528,هل يمكن أن أسحب ثلاثمائة دولاراً ببطاقة الفيزا ؟,neutral
6529,كيف تحب كأس الويسكي ؟,neutral
6530,هل يمكن أن أرعاها ؟,neutral
6531,لدي فترة .,neutral
6532,عليك أن تصرف شيكاتك السياحية في المصرف .,neutral
6533,من فضلك أحضر أمتعتي إلى الغرفة .,neutral
6534,لم أحجز مقعداً لرحلة عودتي بعد .,neutral
6535,أي من هذه أحدث لون ؟,neutral
6539,من فضلك قس حجم حذائي .,positive
6540,كم يستغرق الوقت للذهاب إلى فلادلفيا ؟,neutral
6543,ستزور جميع معالم سان فرانسيسكو في خلال جولة بالسيارة لتسعة وأربعين ميلاً .,positive
6547,إنها رائعة .,positive
6549,هل يمكنني أن أبقى هنا لرؤيتها ؟,neutral
6550,هل ستحدد موعداً للخروج معي ؟,neutral
6551,هل توجد أية مقاعد لهذا المساء ؟,neutral
6552,من فضلك نظف هذا المعطف .,negative
6553,أود أن أؤجر قارب بمحرك .,neutral
6555,كسرت نظارتي .,negative
6556,حذائك لا يمشي مع لون فستانك .,neutral
6557,ركبها هنا ، من فضلك .,neutral
6558,هذه واحد أوتوماتيكية . لدينا هذا النوع من الساعات الكوارتز ، سيدي . إنها ضد الماء وضد الصدمات .,positive
6561,مجرد زخرفة ، من فضلك .,neutral
6562,متى القطار التالي إلى أكسفورد ؟,neutral
6563,بالإفطار ؟ أود أن أحجزها .,neutral
6565,هل يمكن أن أتصل بفرنسا مباشرة من هنا ؟,neutral
6567,كم يوماً تصلح هذه ؟,negative
6569,أريد أن أغير حجوزاتي .,neutral
6573,هل يمكنك أن تحضر سيارة أجرة لنا ؟,neutral
6574,أين قسم السيدات ؟,neutral
6575,ماذا عن تجربة الهامبرجر ؟,neutral
6577,هل كل شيء على ما يرام ؟,neutral
6578,هل يوجد ليموزين لفندق إيه بي سي ؟,neutral
6579,في أي وقت ستعيد السيارة يوم الجمعة ؟,neutral
6581,القهوة غير محسوبة .,neutral
6582,أي خط لميدان ماديسون ؟,neutral
6585,سأعاود الاتصال بك فيما بعد .,neutral
6586,عذراً ، لم أفهم ما قلت .,negative
6587,الكيلو جرام بدولار .,neutral
6588,هل يمكن أن آخذها على شماعة ؟,neutral
6590,لا أعرف كيف أستخدم الهاتف ، من فضلك أرني .,negative
6593,في أي مجال كان من قبل ؟,neutral
6599,وجهتي لندن .,neutral
6600,أوو ، أخشى أن الوقت لا يكفي .,negative
6601,أي حافلة ينبغي أن آخذ ؟,neutral
6602,اللعنة . اللعنة . اللعنة . اللعنة . لقد كبرت معتاداً على وجهها .,negative
6605,أود بعضاً من كريم التنظيف .,neutral
6606,أهلاً مرة أخرى ومرحباً مع أفضل أربعين أغنية أمريكية .,positive
6607,أيهما أفضل حدث ؟,neutral
6609,هل يجب أن أدفع الرسم الإضافي عندما أدخل مبنى ؟,neutral
6611,كم يستغرق الوقت قبل أن تتفتح البراعم إلى زهرات ؟,neutral
6613,أهلاً ، شريكك على الخط . هيا ، من فضلك .,neutral
6615,أود أن أتحدث إلى الأستاذة نوموتو ، في الغرفة خمسة صفر واحد .,neutral
6616,إذاً ستكون مهتماً لترى المسرح من الداخل . إنه تياترو ألاسكالا .,positive
6617,العمود المظلل يظهر أرقام مبيعات شركتنا العام الماضي .,neutral
6619,أتمنى أن تتمكن من زيارة الأماكن السياحية الجميلة في الولايات المتحدة في القريب العاجل .,positive
6622,ويستمنستر آبي .,neutral
6623,رفيقي يعاني من حرارة مرتفعة .,negative
6625,جرحي يؤلمني .,negative
6627,إنه في الدور السابع . خذ المصعد في نهاية البهو .,neutral
6631,سأكون بانتظارك .,positive
6632,وضعت كيس نقودي ، وكتاب ، وكاميرا في حقيبتي .,neutral
6634,عادة أدخل السرير حوالي عشرة ، وأنام مباشرة .,positive
6635,أين المحطة ؟,neutral
6638,كان طويلاً وله شعر أشقر .,neutral
6639,ازدهرت الحضارة ، بأنشطة مثل مسرحيات الكابوكي ، ورسومات يوكيو ، والأدب وفن الخزف أصبحت شعبية .,positive
6640,هل يوجد محل دنهيل قريب من هنا ؟,neutral
6641,مائة وعشرين مليون شخص في أرض مساحتها ثلاثمائة وثمانين ألف كيلو متر مربع ؟,neutral
6643,تذكرة ذهاب وعودة إلى ميامي ، من فضلك .,neutral
6644,هل يمكنك أن تخبرني أين أقرب مصرف ؟,neutral
6647,أود تذكرة لبالغ ، من فضلك .,neutral
6648,اسمي واتانابي جورو .,neutral
6651,كم يكلف إرسال الخطاب ، إذاً ؟,neutral
6652,فلفل ، من فضلك .,positive
6653,هل يمكنك أن تحضر لي الفاتورة ؟,neutral
6654,حسنا ، طبيب الأسنان الذي أذهب إليه جيد جداً .,positive
6655,النور لا يعمل .,negative
6656,أريد شيئاً للكحة .,negative
6657,عندي قشعريرة .,neutral
6658,حسنا ، هذه غرفتك .,neutral
6659,ثلاثة أيام .,neutral
6660,أعبر الجسر من هناك ، وستجد المكتبة على يدك اليسرى .,neutral
6663,كم يبقى من الوقت حتى يصل القطار التالي ؟,neutral
6664,أيمكن أن آخذ دواء ؟,neutral
6665,أعطني توقيعك هنا ، من فضلك ؟,neutral
6666,ألا توجد كافيتريا قريباً من هنا ؟,neutral
6668,الرقم هو خمسة ستة سبعة ثمانية واحد اثنين ثلاثة أربعة .,neutral
6671,من فضلك ، سيدي ، قد نهبط في أي لحظة . هلا أخذت مقعدك .,neutral
6674,يوكوهاما قريبة من طوكيو .,neutral
6675,أود مرشحاً ، من فضلك .,neutral
6678,ماذا يمكن أن أفعل ؟,neutral
6680,هل يوجد أي شخص يتحدث اليابانية في المتجر ؟,neutral
6681,من في نهاية هذا الخط ؟,neutral
6683,هل لي بخريطة إرشادية ، من فضلك ؟,neutral
6684,لا أسمعك جيداً .,negative
6685,تأخرت حوالي ساعة . ستقلع الساعة سبعة عشر وعشرة .,neutral
6686,الرقم هو واحد اثنين ثلاثة أربعة خمسة ستة سبعة ثمانية .,neutral
6687,المياه لن تسخن بما يكفي .,negative
6689,في هوكايدو ، لا يمكنك أن تلعب جوف حوالي ستة أشهر لأن مناخها بارد .,negative
6690,هل ستبيعهم منفصلين ؟,neutral
6691,أود أن أغادر يوماً مبكراً .,neutral
6692,من فضلك ساعدني أعثر على مرشد يتحدث اليابانية .,neutral
6694,تبدأ من التاسعة .,neutral
6696,أنت محظوظ . جميع المتاجر بها تخفيض في الوقت الحالي . يمكنك أن تشتري بخصم .,positive
6698,لحظة . سأحضر قلماً .,neutral
6699,لا أريد واحدة ضخمة .,negative
6700,سيكون هناك تأخير بسيط .,neutral
6702,أوو ، لا أعرف . ماذا عن ماكدونالدز ؟ عندنا أولئك في اليابان ، لكن .,neutral
6703,أود أن أعيد هذه . هذا هو الإيصال .,neutral
6704,هل توجد حافلة تغادر هذا المساء ؟,neutral
6705,كيف يمكن أن أذهب إلى المتحف ؟,neutral
6709,عفواً . لقد أكملت جدول الرحلة التقريبي .,neutral
6712,السيد جودمان سيكون مفتوناً بها حقيقةً .,positive
6713,نعم . أعتقد أنني سآخذ بيضاً ، نقانق ، خبز محمص وفاكهة طازجة .,positive
6715,ما هي الفوارق بين هذه الفنادق ؟,neutral
6716,الإيجار مستحق في اليوم الأخير كل شهر .,neutral
6719,هذا ليس المقاس المناسب .,negative
6720,الرحلة الباكستانية رقم سبعة صفر ثمانية في الخامس من سبتمبر .,neutral
6722,يوجد شيء خطأ مع حمامي .,negative
6723,ما هي المنتجات المحلية لهذه المنطقة ؟,neutral
6724,فاتتني محطتي .,negative
6726,أمتعتي لم تظهر بعد . هل يمكنك أن تستعلم عما جرى لها ، من فضلك ؟,negative
6733,تبدين مثيرة في الهاتف .,positive
6734,إنها كاميرا كانون بعدسة مفردة عاكسة .,neutral
6735,ما هو اسم القلعة ؟,neutral
6736,كان عظيماً . شكراً .,positive
6737,هل توجد حافلة من المطار للمدينة ؟,neutral
6738,هل يمكنك أن تخبرني بالاسم ثانية ؟,neutral
6740,سأكون هناك حوالي السادسة مساءً .,neutral
6742,إذاً انزل المحطة القادمة وخذ الحافلة إلى الهايد بارك .,neutral
6743,أنا آسف ، لا نقدم هذا . يمكنك شراءه من الصيدلية في الدور الأول .,negative
6745,أود مقعداُ جوار الممر ، من فضلك .,neutral
6746,هل لديك أي شيء لفترة أطول قليلاً ؟,neutral
6747,ماذا تريد أن تشرب ؟,neutral
6755,أود أن أطلب الطلب نفسه .,neutral
6758,أين بارنز ونوبلز ؟,neutral
6759,جداً . خصوصاً منذ أن نمت أثناء العشاء الليلة الماضية . على فكرة ، هل يمكنك أن تخبرني كيف أذهب إلى المتحف البريطاني ؟,neutral
6760,من فضلك اطلب الرقم تسعة على هذا الهاتف .,neutral
6762,متى يغلق المتجر ؟,neutral
6763,تأخرت رحلتي ، وفقدت رحلة التوصيل .,negative
6766,تاريخ الانتهاء تسعة عشر من مارس تسعة وتسعين .,neutral
6767,هل يمكنك أن تلغ حجز المقاعد لي ؟,neutral
6768,أود بعضاً من رقائق البطاطس المقلية .,neutral
6769,سأذهب إلى هناك أيضاً .,positive
6776,شيق جداً .,positive
6777,أريد غرفة حمام .,neutral
6778,هل لي أن أقلها ؟,neutral
6780,كيف كانت ؟,neutral
6782,لا أعلم ، سيدي . تتحدث الإنجليزية ؟ تتكلم الإنجليزية ؟ تكلم .,neutral
6783,أتمنى أن تكون جميلة .,positive
6784,الخط مشغول .,negative
6785,نعم ، سيدي . الحادية عشر تماماً .,neutral
6787,هل يمكن أن آخذ موعداً ليوم الجمعة ؟,neutral
6788,علي أن أجري اتصالاً . هل هذا ممكناً ؟,neutral
6792,لا ، لا أدخن . سيارة غير المدخنين ، من فضلك .,neutral
6793,هل المبتدئين ليسوا جيدين ؟,negative
6794,أحتاجهم اليوم .,positive
6796,أود أن أؤجر سيارتك الأقل غلواً لمدة أسبوع .,neutral
6798,هذا الفستان لا يناسبني .,negative
6799,هل يمكنك أن تخبرني أين مقعدي ؟,neutral
6800,هل توجد أية كازينوهات جيدة ؟,neutral
6802,أية طائرة تصل مبكراً إلى مدينة نيويورك ؟,neutral
6806,أين تركتها ؟,neutral
6810,هذه هي فلوس أقلام الحبر . فاتورة بمائة دولار .,neutral
6811,من فضلك غير هذه العملة الفرنسية بنقود .,neutral
6812,أين قسم السيدات ؟,neutral
6813,لا يوجد مكان لأضع أمتعتي المرحلة .,negative
6814,كوني حرة في استخدام مساحيق التجميل قبل أن تغادري .,neutral
6816,لا تقلق . إنها ليست بعيدة من البلدة .,positive
6817,تفضل فكتك .,neutral
6818,حسن إذاً ، لماذا لا نذهب إلى الشاطئ غداً ؟,neutral
6822,قدم لي عرضاً .,neutral
6824,هل رحلة النصف يوم هذه تقدم خدمة التحدث باليابانية ؟,neutral
6825,أين يمكن أن أركب القارب ؟,neutral
6826,كم ثمنها يومياً ؟,neutral
6827,نعم ، فعلنا . هذا هو اختيارنا .,positive
6829,حسن ، يمكنك أن تأخذ جراي لاين إير شاتل أو ذا كاري إيرورت إكسبريس .,neutral
6832,صديقي مصاب .,negative
6833,إذا جعلتها أقل قليلاً ، سوف أشتريها .,neutral
6835,تبدو بصحة جيدة .,positive
6836,هل سيكون هذا المتجر مفتوحاً غداً ؟,neutral
6837,أين حوض السمك ؟,neutral
6838,أود أن أبقى هنا لمدة يومين آخرين .,neutral
6839,نعم ، أبحث عن هدية لأختي .,neutral
6842,من فضلك نظف هذه الملابس .,negative
6843,أين يمكن أن أشتري صحيفة يابانية ؟,neutral
6844,ما هو المشكلة الرئيسية في هذا المحيط ؟,negative
6846,هل يمكنني أن أعوم هنا ؟,neutral
6847,ماذا عن القمة ؟ هل انقص بعضاً من القمة ؟,neutral
6848,نعم ، هل هذا هو ما تركت ورائك ؟,neutral
6850,نعم . يمكنك رؤية الأفلام على اتش بي او ، وهي مجاناً .,positive
6851,كيف يمكن أن أذهب إلى هوليوود ؟,neutral
6854,سآخذ غرفة غرفه بخمسة عشر دولارا .,neutral
6857,أنا متأكد أنني عملت حجزاً .,neutral
6859,هل لديك خدمة غسل الملابس ؟,neutral
6860,أعتقد أن قدمي كسرت .,negative
6862,إنه طول الطريق لنهاية البهو .,neutral
6864,هل يمكنك أن تشذب شاربي ؟,neutral
6866,هذا يأتي مع طبق السلطة واختيار بين البطاطس المشوية أو المحمرة .,neutral
6867,أنت تتحدث كشاعر ، يا سيد إيتا .,positive
6868,هل توجد معالم لرؤيتها هنا ؟,neutral
6869,هل توجد عربة نوم بالقطار ؟,neutral
6870,حقيقةً ؟ أتمنى أن لا تكون غادرت دوني .,neutral
6871,دعنا نأكل في الخارج سوياً .,positive
6873,كم ثمنها لمدة يومين ؟,neutral
6875,أين يمكنني أن أشتري إبريقاً ؟,neutral
6876,أنا ذاهب إلى ممفيس .,neutral
6877,من أي رصيف سيغادر القطار المتجهة إلى نيويورك ؟,neutral
6879,أود أن أعمل حجزاً إلى روما .,neutral
6880,سيداتي سادتي ، الكابتن جورج كوهن وطاقمه يرحبون بكم على متن رحلة يونيتد إيرلاينز ثمانية صفر صفر المتجه إلى نيويورك . إذا احتجتم شيئاً أثناء الرحلة ، ما عليكم إلا أن تطلبوا وسنكون مسرورين بالمساعدة .,positive
6884,الأخضر .,neutral
6885,"يفضل أن تتصل بقسم "" المفقودات و الأشياء التي عثر عليها . """,negative
6888,هل لي برقم هاتفك ، من فضلك ؟,neutral
6889,هل يمكنك أن ترى ما إذا كانت هناك رحلة أخرى متاحة ؟,neutral
6890,لا . سنكون هنا لمدة ثلاث أيام ، ثم سنذهب إلى نيويورك ونيو أورلينز .,neutral
6891,معي تصريح لأوريل وتأشيرة روسية .,neutral
6894,هل لي أن أتحدث إلى السيدة كاروي واتانابي في الغرفة ثمانية إثناعشر ؟,neutral
6895,هل لديك مشروبات أخرى ؟,neutral
6900,هذا الفستان كتان .,neutral
6902,عذراً . عندي صداع . هل لديك أية أدوية ؟,negative
6904,من فضلك ضع لفافة من الفيلم في هذه الكاميرا .,neutral
6906,طلاب الثانوي بالمدارس الأمريكية ليس عليهم أن يذاكروا بجد .,neutral
6908,أود أن أخذ هذه معي .,positive
6910,فهمت . هذا ملكي . أنا أنتمي إلى مركز التصميم الداخلي .,positive
6911,أي حافلة أركبها إلى هايد بارك ؟,neutral
6912,هذه الجعة عديمة النكهة .,negative
6914,لا يمكن أن أبيع هذه دون روشتة .,negative
6915,نعم ، أنت كذلك .,neutral
6916,نود أن نكون على الطاولة نفسها .,neutral
6917,هل يمكن أن أحجز خمسة مقاعد في الصف نفسه .,neutral
6918,لا يوجد ما يكفي من قماش الحمام .,negative
6919,أنا أعتقد أن هذا قد لا يكون صحيحاً . هل يمكنك أن تفحصه ؟,negative
6923,هل يمكنك أن تقرضني حبل القطر ، من فضلك ؟,neutral
6924,سيعود الأسبوع القادم .,positive
6926,أمي ماتت .,negative
6927,أود بعضاً من النبيذ البرتغالي .,positive
6928,خذني إلى مستشفى .,negative
6930,يا للسماء .,positive
6931,هل لديك هذه بلون زاهي ؟,neutral
6933,أود قلماً .,neutral
6934,هل لي ببعض الليمون للشاي ، من فضلك ؟,positive
6935,هل يمكن أن آخذ إيصالاً ، من فضلك ؟,neutral
6936,جميل أن أراك ، أيضاً . هل هذه أول مرة لك في أمريكا ؟,positive
6937,هل يمكن أن تغير هذا الحذاء عالي الساق بآخر أصغر ؟,neutral
6939,هل يجلس أحد هنا ؟,neutral
6942,أمتعتي ثلاث كيلو جرامات أثقل من اللازم .,negative
6944,أي سيارة ذات أداء أفضل ؟,neutral
6945,أعتقد أنها أغلى من اللازم . ألا يوجد لديك سعر معقول أكثر ؟,negative
6948,سأغادر في الصباح الباكر غداً .,neutral
6949,هل تبيع بضائع معفاة من الجمارك على متن السفينة ؟,neutral
6950,من مخرج الفيلم ؟,neutral
6952,الصيف هنا ليس سيئاً ؟,positive
6954,أريد أن أشتري هذه .,positive
6955,اتبع العلامة التي تقول سيارة أجرة .,neutral
6959,نعم ، أنت في منتصف فيفث أفينيو تماماً . أين تريد أن تذهب ؟,neutral
6960,لن تأخذ خصماً مهما حاولت .,negative
6961,لماذا فعلت ذلك ؟,negative
6964,إيصالي سرق أيضاً .,negative
6965,أخشى أننا لا نقدمه . لكن أنا متأكد أنك ستستمتع بغذائنا الخاص .,neutral
6966,هلا فتحت هذه الحقيبة ، من فضلك ؟ ماذا يوجد هنا .,neutral
6967,سبعة وثلاثين دقيقة .,neutral
6968,حسن . الآن الساعة إحدى عشر مساءً ، لذا رجعت ساعتي للوراء لعشرة صاحباً ، صح ؟,neutral
6970,أريد أن أعمل مكالمة مسافة طويلة إلى فندق هيلتون في بوسطن .,neutral
6972,حسن ، الريمنجتون قد يكون جيداً .,positive
6975,إنه يستغرق حوالي ساعة ونصف .,neutral
6976,هل لي بكوب آخر من المياه ؟,neutral
6978,دعني أرى هذا .,neutral
6979,أين شركة الصرافة ؟,neutral
6980,من فضلك انتظر . سأسأل السيد أيماي إذا كان سيأخذ المكالمة .,neutral
6981,هل يمكن أن نصلك هناك خلال عشر دقائق ؟,neutral
6983,هذا الكاري حار .,positive
6984,هل السيدات يقبلن هذا ؟,neutral
6986,عندي مشكلة مع الحقيبة التي اشتريتها أمس .,negative
6987,هل لديك أي حساسيات للأدوية ؟,neutral
6989,نعم ، عندنا الأسود والبني .,neutral
6990,أود مشاهدة مباراة كرة قدم ذات مستوي فني . من أين يمكنني شراء تذكرة ؟,positive
6991,كن حذراً ، السقف منخفض .,neutral
6993,معذرة ؟ لم أتابعك . هل يمكنك التحدث اكثر بطأ حتى يتسنى لي فهمك ؟,negative
6994,خمسة فئة عشرين ، عشرة فئة عشرة ، و الباقي فئة واحد دولار ، من فضلك .,neutral
6996,كيف يمكنني الذهاب إلى نافورة كولومبس ؟,neutral
6998,من فضلك أعطني شيئا جيداً لشفاتي . لقد تشققتا بسبب الرياح الباردة .,negative
6999,لا أستطيع رؤية الشاشة جيداً من هنا ، هل يمكنني تبديل المقاعد لبعض الوقت ؟,negative
7002,هل هناك أي تخصصات محلية ؟,neutral
7004,لا تخف . لن يعضك هذا الكلب .,neutral
7006,نعم ، والدلافين جميلة جداً .,positive
7010,كم عدد المرات التي تعمل فيها ؟,neutral
7012,لقد التوت رسغي .,negative
7014,أين سترات الإنقاذ ؟,neutral
7018,سر في هذا الاتجاه المستقيم لمسافة أربع مربعات سكنية . وانعطف يساراً عند الإشارة .,neutral
7019,هل تستطيع إرسال هذه إلى اليابان ؟,neutral
7020,لقد تركت محفظتي في محلك .,neutral
7021,كيف تحب أن تكون هذه ؟,neutral
7022,هل هناك رحلة إلى مدينة سيدنى ؟,neutral
7024,هل أستطيع مواصلة رحلتي من غداً ؟,neutral
7025,هل هذه هي منطقة المطالبة بالأمتعة من الخطوط البريطانية واحد اثنين ثلاثة ؟,neutral
7026,سأغادر في السابعة صباحاً غداً .,neutral
7028,سنضطر أن نجتمع معاً مرة أخرى قريباً .,positive
7030,لقد قمت بزيارة البحيرات الكبرى لأول مرة .,positive
7031,نعم ، سآخذ ويسكي و صودا مع المقبلات .,neutral
7032,من فضلك أطلق إنذار الطوارئ .,neutral
7034,بالتأكيد . دعني أضع صندوق الأمتعة هذا ؟ إلى أين أنت ذاهب ؟,neutral
7035,ما هو الطبق المميز في هذا المطعم ؟,neutral
7036,معذرة ، إني ممنوع من الدخول .,negative
7037,هل لديكم أي شئ في طراز أكثر حداثة ؟,neutral
7038,من أين يمكنني شراء عملات رمزية ؟,neutral
7040,هل ستحول شيك بالدولار الأمريكي إلى الفرانك الفرنسي ؟,neutral
7041,دعنا نلتقي غداً .,neutral
7042,لماذا لا نقوم بعمل تلك الأشياء كلها معاً ؟,neutral
7046,هل يمكنني الغطس حينما يكون البحر هائجاً ؟,neutral
7048,ثمة شئ خطأ في آلة التهوية هذه .,negative
7049,من فضلك استمر حتى الجمارك هناك . إقامة سعيدة .,positive
7050,أرني الموديلات الجديدة ، من فضلك .,neutral
7051,هل لديكم ترمومتر طبي ؟,neutral
7053,الحذاء ضيق جداً .,negative
7054,في التاسع من الشهر الماضي .,neutral
7055,حسناً ، ثلاثة فئة عشرين ، ثلاثة فئة عشرة ، واثنين فئة خمسة .,neutral
7056,أود أن أجرب بعضا من الطعام الياباني . اطهي البعض لي .,positive
7057,أحتاج إلى طيب .,positive
7062,هل أستطيع الانتقال إلى هذا المعقد ؟,neutral
7063,نعم ، لدينا كثيراً من المتعة .,positive
7064,ماذا عن حفلة نهارية ؟,neutral
7065,أبحث عن أمتعتي .,neutral
7066,لقد تغيرت خططي . أرغب في الإقامة ثلاث ليال بدلا من ليلتين .,neutral
7067,أوه ، شكراً . بيتي ، هلا أتيت ، من فضلك ؟,positive
7068,كم عدد الأحزاب السياسية ؟,neutral
7069,قد سيارتك إلى جانب الطريق .,neutral
7070,كم المدة التي قضتها هي حتى الآن في المملكة المتحدة ؟,neutral
7071,هل هناك أي بريد لي ؟,neutral
7073,الرقم الفرعي ثلاثة ستة سبعة ، من فضلك .,neutral
7079,هل أستطيع الاستمرار في السفر ؟,neutral
7080,من فضلك توخي مزيدا من الحذر في المستقبل .,neutral
7081,من المرجح أن محبا للإبداع الفني مثلك سيستمتع اللوحات الزيتية غير التقليدية وعروض الموسيقى بالشوارع .,positive
7082,هالو ، أريد الاتصال بطوكيو .,neutral
7084,نعم ، لكن هلا تركت الأمتعة الخفيفة على الرف فوق رأسك ؟,neutral
7085,هذا شاي أخضر .,neutral
7086,هل لديك تذكرة ؟,neutral
7087,أريد عصير ليمون ، من فضلك .,positive
7088,هل تقبل نقودا يابانية ؟,neutral
7090,رفيقي كان يعبر الشارع عند الضوء الأخضر .,neutral
7091,هل لديك واحدة لونها أزرق داكن ؟,neutral
7092,هل تستطيع مساعدتي في الأمتعة ؟,neutral
7093,أه ، شكراً لك ، آنسة ستاسي . حقا أعدت آن حلوى البرقوق هذه بنفسها .,positive
7094,كم عدد ليالي الإقامة ؟,neutral
7095,نريد قهوة بعد العشاء ، من فضلك .,positive
7096,يطلعون بشغف على أحدث الأزياء في التلفاز والمجلات .,positive
7098,كم الوقت ؟,neutral
7099,سآخذ هوت دوج وكولا .,neutral
7100,اطلب طبيب بسرعة ، من فضلك .,neutral
7101,أريد كتاب للأطفال .,neutral
7104,هذا هو مسئول الربط الخارجي .,neutral
7105,أين مكتب رحلات الربط التابعة للخطوط البريطانية ؟,neutral
7106,ماذا يتناولون بالمائدة المجاورة ؟,neutral
7110,أريد غرفة لشخصين .,neutral
7112,هل لك أن تخبرني أين يمكنني أن أجد خضراوات معلبة ؟,neutral
7114,هل لديكم قائمة بسعر الساعة الأسبوعية .,neutral
7115,عرض شخص غريب أن يأخذ صورة لي ، وأعطيته الكاميرا الخاصة بي . عندئذ أخذها و جرى .,neutral
7120,أوه . أخيراُ وصلنا إلى نيويورك . الآن علينا اخذ المترو حتى نصل إلى القرية . ألسنا في حاجة لشراء خريطة المترو ؟,neutral
7123,يمكنك رؤية مبنى ابيض اللون ، أليس كذلك ؟ إنه أمام ذلك المبنى .,neutral
7124,كيف يمكنني الذهاب إلى مركز اه بى سى ؟,neutral
7125,هل لديكم نبيذ دوم بيرينون ؟,neutral
7126,أي طريق يؤدى إلى فندق جراس ؟,neutral
7128,من فضلك تناول قرصين بعد كل وجبة .,neutral
7129,هلا تكلمت ببطء ؟,neutral
7130,منذ متى ؟,neutral
7131,هلا فتحت حقيبتك ؟,neutral
7132,خدمة الغرف ، من فضلك . رقم الغرفة هو عشرة خمسة عشر .,neutral
7133, جنس على الشاطئ  للفتاتين هناك .,neutral
7135,أريد مقعد بالقرب من الملعب على خط القاعدة الأول ، من فضلك .,neutral
7137,ليس لدى أي شئ لكي أعلنه .,neutral
7140,كم الثمن ؟,neutral
7142,مزيد من القهوة بقدر قليل ، من فضلك .,positive
7143,هل لدينا وقتاً لرؤية المعرض من الداخل ؟,neutral
7147,أين متجر السلع المبهرجة ؟,neutral
7151,كل المقاعد حجزت بالفعل ، لكن يمكنك الحصول على تذكرة لمشاهدة المباراة إذا أردت الوقوف .,neutral
7154,من فضلك أعد محضر سرقة .,neutral
7155,هل تعتقد أني أستطيع محاولة طلاء أظافري بنفسي ؟,neutral
7156,حسناًً . تفضل .,neutral
7157,من فضلك أخبرني مكان الاتصال بك .,neutral
7160,انظر ، إنها ضخمة ، أليس كذلك ؟ سأحضر لك شنطة لحمل بقية الطعام لاحقاً .,positive
7162,هل لديك صحيفة ؟,neutral
7163,أريد خريطة طريق أتوبيس .,neutral
7164,أحب حقاً الأفلام إلى تجعلني أبكي .,positive
7166,هل لديك أي شئ أوسع ؟,neutral
7167,هل هناك محل لبيع الأطعمة المعلبة بالقرب من هنا ؟,neutral
7168,من فضلك أرسل هذا بالبريد الجوى .,neutral
7169,مدير فندقي ، السيد هيلتون ، أعطاني اسمه .,neutral
7171,هل تستطيع أن تجعلها بثلاثين جنيها ؟,neutral
7175,أخبرني متي يجب أن أعود إلى هنا .,neutral
7178,من السادسة صباحاً حتى العاشرة صباحاً .,neutral
7182,اثنين هامبورجر .,neutral
7184,من فضلك أرني واحدة أرخص .,neutral
7185,لون أغمق ، من فضلك .,neutral
7186,من أين تتصل ؟,neutral
7187,كنت مسئول عن الأفراد لبعض الوقت ولذلك أنا مهتم بشكل خاص بالتحدث مع الناس .,positive
7189,علينا الانتظار كل هذا الوقت الطويل ؟ شكراً لك على أي حال .,negative
7190,هل سيغادر القطار في الموعد المحدد ؟,neutral
7193,هل تستطيع ملء النموذج ؟,neutral
7194,أريد أن اغطس في موقع ضحل ذو إضاءة جيدة .,positive
7195,أوه ، هذا سيئ جداً . ربما وقت آخر بعدئذ .,negative
7197,هل لديكم أي كتيبات يابانية ؟ أرغب في كتيب ، من فضلك .,neutral
7198,ماذا ؟ هل عليك دفع ضرائب عندما يكون لديك أكثر من ثلاثة زجاجات كحول ؟,neutral
7204,لم تأتى عقبتي بعد .,negative
7205,هل لي أن آخذ واحدة أخرى ؟,neutral
7206,صديقي مريض جداً . هل تستطيع أن تطلب دكتور ، من فضلك ؟,negative
7207,سيكون رائعا إذا عرفوا كل هذا عن اليابان .,positive
7208,حوالي ثلاث مائة جنية ، من فضلك .,positive
7209,هل هناك أي جولات تتضمن زيارة إلى حانة ديسكو ؟,neutral
7211,أريد هامبورجر وبطاطس مقلية وعصير ليمون .,neutral
7212,ارفع يديك لأعلى .,neutral
7213,إنها جميلة جداً .,positive
7215,شكراً جزيلا لك . أتمنى لك رحلة سعيدة .,positive
7217,ما هو ثمن الجولة ؟,neutral
7220,ما التكلفة إذا تركت السيارة ؟,neutral
7221,لقد كسرت ساقي .,negative
7222,أريد مشبك شعر .,neutral
7223,الآن ، سأفتح مسامك بالمبخرة .,neutral
7224,معذرة ، هل يمكنني الدخول هنا ؟ لقد رأيت حقيبتي .,neutral
7225,هل يمكنني الحصول على تذكرة للبالية هنا ؟,neutral
7227,لا أعرف كثيراً عن النبيذ ؟ ماذا يناسب هذا الطبق ؟,neutral
7228,لا نستطيع بيع أي شئ دون روشته .,negative
7229,هل طلبت سرير أطفال لطفلك ؟,neutral
7233,هل تستطيع أن تتصل بي في الصباح الباكر ، من فضلك ؟,neutral
7235,ابحث عن هدية تذكارية لصديق لي .,neutral
7236,في طريقها ، يا سيدي .,neutral
7241,أريد أحجية الصور المقطوعة .,neutral
7242,نقداً أو بالبطاقة ؟,neutral
7243,أريد أن أستقل أتوبيس لزيارة المعالم السياحية .,neutral
7244,أريد تأجير دراجتين ، من فضلك .,neutral
7245,كم تكلفة إرسال هذا الطرد جواً ؟,negative
7248,هناك محطة غاز بعد مربعين سكنيين من هنا .,neutral
7249,أين سأجد قسم الألغاز ؟,neutral
7250,أريد الجلوس بجوار صديقي .,neutral
7251,من فضلك اعطني هذه . ماذا تسميها ؟,positive
7253,اليابانيون لا يأخذون إجازات طويلة .,neutral
7254,إلي أين يؤدى هذا الطريق ؟,neutral
7258,متى مرضت ؟,negative
7259,لا أستطيع شراء واحدة غالية مثل هذه .,negative
7262,سر في الاتجاه المستقيم في هذا الشارع نحو ثلاث مائة متر .,neutral
7264,اشعر كأن هناك تحديق في . هل من النادر رؤية شخص ياباني ؟,neutral
7269,بالطبع لا . لماذا تقول إذا ؟,negative
7270,أي طريق يؤدي إلى مكتب البريد المركزي ؟,neutral
7272,لا ، قمت بها جميعها بنفسي . إنها إحدى هواياتي . أحب فقط عمل البساتين .,positive
7273,هكذا ، سأدفع ثمنها بالدولار والين .,neutral
7274,أين محطة أتوبيس جرايهاوند في هذه البلدة ؟,neutral
7275,أريد ملين للأمعاء .,negative
7276,هذه العربة المعلقة ستأخذك إلى الفندق .,neutral
7278,من فضلك أرسل هذا مسجل . كم التكلفة الإجمالية ؟,neutral
7280,اضغط رقم تسعة للخط الخارجي ثم اضغط ثمانية واحد لليابان ، وثلاثة لطوكيو ، ثم رقم التليفون .,neutral
7281,أليست المطاعم اليابانية في كيوتو غالية ، بالرغم من ذلك ؟,neutral
7283,معذرة . سأضع أمتعتي بعيدا حالاً .,neutral
7284,هل أستطيع أعادتها إلي مدينة أخري ؟,neutral
7286,كم المسافة من هنا إلي الفندق ؟,neutral
7287,سأمكث ثلاث ليال .,neutral
7288,ارفع يدك . اصمت واعطني نقودك .,negative
7289,اعتقد أن هذا عالي قليلا بالنسبة لي .,negative
7291,لدينا غرفة مزدوجة بحمام بخمسة و ثمانين دولار .,neutral
7294,نقدم ساندوتشات و مشروبات من الحادية عشر مساءا حتى السادسة صباحاً .,neutral
7295,سأغادر ليلة مبكراً .,neutral
7296,وداعا واتصل بي غداً .,neutral
7297,هل تستطيع إلغاء حجزي ؟,neutral
7301,أنت تعانى من حالة شديدة من الإرهاق .,negative
7303,أين أبدل القطارات ؟,neutral
7305,أريد سعر الكتاب .,neutral
7306,أريد بيضتين مخفوقتين مع لحم الخنزير ، بطاطس مقلية ، وخبز محمص وقهوة .,neutral
7308,نعم ، من فضلك . هل هذا فيلم من صنع اليابان ؟,positive
7311,لم أراه منذ زمن .,neutral
7314,الجو ابرد من المعتاد هذا العام ، لكنه ليس باردا بما يكفى لتساقط الثلج .,negative
7315,ماذا سيحدث في حالة عدم العثور عليها ؟,neutral
7321,أين يمكنني شراء تذكرة للمترو ؟,neutral
7327,قد يكون لدينا مائدة متاحة في حوالي الساعة التاسعة .,neutral
7331,مربعين سكنيين ، ثم أول يسار ؟,neutral
7332,ماذا . تقصد أن اليابانيون يأكلون هذه الأشياء ؟,negative
7333,أين يمكنني الحصول على السكاكين والشوك ؟,neutral
7334,اوه ، أنت على حق . هذا جيد حقاً . سأتأكد و أعود مرة أخرى غداً .,positive
7335,سآخذ مقاعد درجة رجال أعمال ، أليس كذلك ؟,neutral
7336,أريد شامبو ملون .,neutral
7338,هذا هو . الممثل عظيم حقاً,neutral
7340,بالتأكيد . سأحضرها فوراً .,positive
7341,في الوقت الحالي . هل تستطيع أن تعطيني بعض النقود حتى أستطيع شراء بعض الأشياء الضرورية .,neutral
7342,ما المدة التي ستعمل هي فيها ؟,neutral
7343,كم أجرة التاكسي من هذا الفندق إلى المحطة ؟,neutral
7344,أريد إرسال هذا إلى اليابان بأسرع طريقة .,positive
7345,حسنا ، نعم و لا .,neutral
7348,ما هي أنواع اللعب التي تحتفظ بها كتذكار من إنجلترا ؟,neutral
7349,هل لي بهذه وهذه ، من فضلك ؟,positive
7353,أريد سلة رحلات .,neutral
7355,كيوشو جزيرة كبيرة بجنوب اليابان .,neutral
7357,شارع اثنين وأربعين .,neutral
7361,أنا أسف . مرة أخرى ، من فضلك .,negative
7366,ما هو رسم الخدمة ؟,neutral
7368,أريد بعض عصير الفواكه .,neutral
7372,جئت لمشاهدة صديق ياباني لي .,neutral
7373,عظيم .,positive
7374,ما هي وظيفتك ؟,neutral
7378,أريد مقعد أمامي .,neutral
7379,ما هو نوع الالم ؟,negative
7380,أنا آسف لقد أخطأت . ما هو نوع السكوتش الذي تحبه ؟,neutral
7381,يقولون أن اليابان دولة غنية جداً .,positive
7384,أريد أن آخذ جولة حيث أستطيع تعلم عمل البساتين .,positive
7385,هل ترغب في تناول شراب قبل العشاء ؟,neutral
7386,هل هناك أي غرف خالية في عربة النوم ؟,neutral
7388,أريد شامبو ومجفف شعر .,neutral
7389,هل يتوقف هذا القطار في باث ؟,neutral
7390,ما هو إجراء فحص هذا البند ؟,neutral
7391,هل تستطيع خفضها حتى عشرين دولار ، من فضلك ؟,neutral
7393,من فضلك توقف و انتظر حتى أخذ صورة جسر واترلوو .,neutral
7394,لدى غرفة مزودجة بسريرين فرديين .,neutral
7395,هذه هديه لصديق .,positive
7396,لقد كسرت هذه عندما أخرجتها من الصندوق .,negative
7398,مقعد محجوز ، من فضلك .,neutral
7399,هل أستطيع رؤية الغرفة ؟,neutral
7400,ونتوقع بعض الأمطار هذه الليلة .,neutral
7402,أريد حليب ساخن ، من فضلك .,neutral
7404,أريد لمبة للكاميرا .,neutral
7406,انا آسف ، لكن لم اشرب أي شئ . من فضلك صحح حسابي .,negative
7407,من فضلك تناول الطعام مع هذه الصلصة .,positive
7408,هل ترغب في إخراج بى ايه اى ، بى ايي سى ، تنازل عن تعويض للخسارة وملحق تأمين مسئولية ؟,neutral
7409,هل أستطيع أن أقوم بجولة الآن ؟,neutral
7411,أين صالة الموسيقى ؟,neutral
7412,الثلج يجعل الطريق زلق .,negative
7413,تهانينا بمناسبة الذكري الخمسين لزفافك .,positive
7414,لا أستطيع أن أجد كاميرتي .,negative
7415,أي شئ أصيب بالتواء ؟,neutral
7416,سأعد سندوتشين من لحم فخذ الخنزير .,neutral
7417,أريد مائة دولار فكة ، من فضلك .,neutral
7418,احب المنظر الطبيعي .,positive
7419,اللون الأزرق شائع جداً هذا العام .,positive
7420,فى الشتاء لدينا تساقط للثلج في الجزء الشمالي لليابان و في المناطق الجبلية .,neutral
7423,معذرة . لا أستطيع إيجاد الكاميرا الخاصة بي .,negative
7425,هل يمكنك من فضلك رؤية ما إذا قد ادخلت ؟,neutral
7426,هل لديكم أي شئ آخر في حدود ثمانين دولار ؟,neutral
7429,اشعر ببعض القلق عما إذا كنت أستطيع الغطس جيداً .,negative
7430,دعني آخذ الكرات .,neutral
7431,نعم ، أريد استئجار سيارة .,positive
7432,معذرة ، لكن هل المقعد محجوز ؟,neutral
7433,هذا سيفيد .,positive
7436,ماذا تفعل ؟,neutral
7438,هل لديك أي شئ لإعلانه ؟,neutral
7439,هل رأيت معطف أزرق ؟ وضعته على هذا الكرسي .,neutral
7440,تحركنا بسرعة جداً لدرجة أننا لم نستطع التقاط صور .,neutral
7442,حسناً ، سأفعل .,positive
7443,أتمنى إما أن أحصل على وظيفة تدريس أو أسعى للحصول علي ماجستير في علم النفس .,positive
7445,أبحث عن مقدار من الكريم خفيف . بشرتي دهنية جداً .,negative
7449,استمتعت بالتحدث إليك .,positive
7453,هل تستطيع أن تحضر لي مجلة يابانية ؟,neutral
7454,سلطة ، من فضلك .,positive
7455,هل لديكم جولة يوم كامل ؟,neutral
7457,هل معك الفويس ؟,neutral
7459,مكالمة دولية لليابان .,neutral
7461,لا ، من فضلك أحضرها خلال ثلاثين دقيقة .,neutral
7462,هل الأتوبيسات رخيصة ؟,neutral
7463,نعم ، سأتأكد انه يحصل على هذه .,positive
7465,شارع أثنين و ثلاثين .,neutral
7466,حسناً . هل لنا بتذكرتين ؟,neutral
7467,ما هو وقت ركوب الطائرة الثانية لباريس ؟,neutral
7468,من فضلك ضع أمتعتك تحت هذا المقعد .,neutral
7470,هناك محل لبيع الزهور في الطريق .,neutral
7471,ما الغرض من رحلتك ؟,neutral
7472,أريد قالب شيكولاته .,neutral
7474,هل لديكم أي عصير فواكه ؟,neutral
7477,هناك خطأ ما في لمبة الفلاش .,negative
7478,أنا من طوكيو .,neutral
7479,أريد بعض الغسول لإزالة كريم ريفلون .,neutral
7485,لدي بعض الملابس للمغسلة .,neutral
7488,أود حجز غرفة مزدوجة ابتداءً من الغد حتى يوم الاثنين .,neutral
7489,تموج يسير لشعري من فضلك .,neutral
7490,هل هذا يشمل رسوم الخدمات ؟,neutral
7492,عظيم ، أود المجيء .,positive
7493,هل أستطيع تكملة رحلتي ؟,neutral
7495,أرني واحدة أرخص من فضلك .,neutral
7497,هذا باهظ الثمن جداً ، أرني شيئاً أرخص من فضلك .,negative
7499,"نعم . زجاجة بيرة , من فضلك .",positive
7500,أعتقد أن وقتنا ينفد .,negative
7503,هل لك أن تفحصها ثانية من فضلك ؟,neutral
7504,هيا أسرع .,positive
7507,لقد طلبته منذ وقت طويل .,neutral
7508,أود تغيير حجزي .,neutral
7509,نعم هناك واحدة في ذاك الفندق .,neutral
7511,تاريخ الرحيل من فضلك .,neutral
7514,أين يجب علىّ أن أغير القطار للذهاب إلى سان دييجو ؟,neutral
7515,لقد كان كرما منك أن تحضر و أنت مشغول جداً .,positive
7516,ليس لدى علم عن جلد الثعبان هذا .,negative
7517,أفهم ، تفضل بالجلوس .,neutral
7518,لقد حدثت أزمة قلبية لجدي ليلة أمس .,negative
7519,حسناً ، هل لك أن تعطيني التاريخ و رقم رحلة الطيران ؟,neutral
7521,هل لي بشوكة أخرى ؟,neutral
7522,متى ينتهي العرض ؟,neutral
7524,في أي وقت نستطيع تناول العشاء ؟,neutral
7527,أخشى أن يكون ما تطلب مني كثير جداً .,negative
7528,حالة الجو متقلبة . من فضلكم اربطوا أحزمة مقاعدكم .,neutral
7529,لقد اعتدت على ذلك . لا زلت أفعل ذلك من حين لآخر كي أحافظ على مهارتي .,neutral
7531,من تكون هذه السيدة ؟,negative
7532,إن جهتي هي طوكيو .,neutral
7533,من فضلك هل لك أن ترسل بواباً إلى غرفتي في السادسة صباحاً ؟,neutral
7535,نعم ، أنا سائح .,neutral
7536,سنضطر إلى أن نوصلكم عبر مدينة أخرى .,neutral
7537,هل لي أن أترجل في طريقنا ؟,neutral
7540,أول وقت كان من منتصف أكتوبر .,neutral
7543,من أين أستطيع الحصول على حقائب جلدية ؟,neutral
7544,لدى حساسية ضد حبوب اللقاح .,negative
7545,أريد السمك و الشرائح من فضلك .,positive
7546,هل لديكم رحلة طيران إلى طوكيو يوم الجمعة ؟,neutral
7549,سآخذ شيكولاتة ساخنة .,positive
7550,نستطيع أن نرتب لتنظيف غرفاتكم .,neutral
7552,لا ، لم أر أحداً حولي .,neutral
7554,صندوق سجائر لارك من فضلك .,neutral
7555,أحتاج تقرير الشرطة لتأميني . متى سيتم إصداره ؟,neutral
7556,سيارة صغيرة من فضلك . ما قيمة الإيجار اليومي ؟,neutral
7558,إطلاقاً ، حتى الطفل الصغير لن يكون لديه مشكلة في الإجابة عنه .,neutral
7559,نعم ، هذا جيد .,positive
7560,هل تريد منى أن أجرى عبر هذا ثانية ؟,negative
7564,إنه آخر شخص يكذب .,negative
7565,هذا لك . هل لك أن تقبله ؟,positive
7566,هل لي أن أرى قائمة النبيذ من فضلك ؟,neutral
7567,أي نوع من العمل ؟,neutral
7568,آلو . أن آسف إنه الآن في اجتماع .,neutral
7570,أود الذهاب للمتحف . أي الحافلات يجب أن أستقل ؟,neutral
7571,حسناً ، سآخذ اثنين من فضلك .,positive
7572,شكراً لأخذى معك .,positive
7573,أريد طبيباً بسرعة .,neutral
7574,خاص من فضلك .,positive
7581,معذرة . أود الذهاب لحديقة حيوان برونكس ما هي أفضل طريقة للذهاب إلى هناك ؟,neutral
7583,كم تكلفة الذهاب إلى فندق سي ؟,neutral
7584,سوف نخبرك بمجرد أن نجده .,neutral
7585,هل تعرف أي صالة ديسكو تستطيع الفتيات الذهاب إليها بأمان ؟,neutral
7586,ما المدى المسموح للأمتعة على هذه الرحلة ؟,neutral
7587,تفضل ، إنها مجانية .,positive
7589,في يوم الاثنين .,neutral
7590,جواز السفر و استمارة إعلان الجمارك من فضلك ، هل هناك شئ لإظهاره ؟,neutral
7592,هل هناك شئ تود رؤيته ؟,neutral
7593,من فضلك دعهم خارج غرفتك في صباح الغد .,neutral
7594,انتظر أمام مكتب الاستعلامات من فضلك .,neutral
7595,أريد ساعة براديو من فضلك .,neutral
7596,هو بعيد عن المنزل .,neutral
7600,حوالي شهر يا سيدي .,neutral
7603,هل هناك غسيل سيارات ؟,neutral
7604,هناك انبعاج في الباب الأمامي الأيمن .,neutral
7606,هل يقدمون وجبات ؟,neutral
7608,هل لي أن أدفع بالمارك الألماني أيضاً ؟,neutral
7610,ما هو الحد الأدنى لسن التصويت في اليابان ؟,neutral
7612,هل أستطيع الحصول على تذكرة متعددة الاستخدام ؟,neutral
7616,إنه صوف نقى ؟,neutral
7620,هل من الممكن أن أتصل بك لاحقاً ؟,neutral
7622,"أود حجز مائدة لفردين في الساعة السابعة , من فضلك .",neutral
7624,متى يفتح و متى يغلق ؟,neutral
7626,أريد بعض الكريم الليلي .,neutral
7627,هل لك أن تغلف هذه كالهدية ؟,neutral
7630,"لا . شكراً لا أستطيع . في الحقيقة , أنا مرتبط بشخص ما .",negative
7632,أي محطة يجب علىّ أن أغير فيها كي أذهب إلى سوهو ؟,neutral
7633,أريد تناول دواء قوى للبرد الذي لدى .,neutral
7635,هل الزي رسمي ؟,neutral
7636,إنها الثالثة والربع .,neutral
7639,هل لك أن تجعلها لبرودواى بحلول الساعة السابعة ؟,neutral
7641,هل هناك مقاعد لهذه الليلة ؟,neutral
7643,ماذا يعنى ذلك ؟,neutral
7647,المسموح به هو عشرون كيلو جرم للمسافر على الدرجة الاقتصادية .,neutral
7648,أود أن أدفع فاتورتي .,neutral
7650,سأخطط لإرسال فواتير حاجياتي اليومية ، لذا من فضلك أخبرني العنوان و اسم الشخص المسئول من فضلك .,neutral
7653,المرة القادمة خلال زيارتي ، سأعود بالتأكيد . لذلك هل يمكنني الحصول على خصم ؟,positive
7654,"هل لك أن تطلبها لي , من فضلك ؟",neutral
7655,حسناً ، إنه يستعد لامتحانات الالتحاق بالكلية .,neutral
7656,إنه من الصعب لنا أن نتحدث الإنجليزية بطلاقة .,negative
7657,نعم ، يوم ذكرى القنبلة الذرية و ذكرى نهاية الحرب .,neutral
7658,لا يجب عليهم مشاهدة عروض تليفزيونية عنيفة .,negative
7659,ما هو أحدث و أكثر فيلم شعبية ؟,neutral
7660,"هل كانت سنة بالفعل ؟ الوقت حقاً يمر سريعاً . بالطبع , سوف أحضر . فقط أخبرني الوقت و المكان .",positive
7662,هل لديك نفس هذا التصميم بكعب أعلى ؟,neutral
7663,أريد جاكيت لطفل في العاشرة من العمر .,neutral
7665,هل هناك مطاعم مفتوحة الآن ؟,neutral
7667,هل لي أن أجلس في أي مكان أريد ؟,neutral
7668,أنا آسف لإزعاجك .,negative
7669,أخشى أن تكون قد نسيت رقماً . أعتقد أنني أعطيتك عشرين .,negative
7670,إنني أتطلع لرؤياك .,positive
7671,"خذني إلى طريق أباي , من فضلك .",neutral
7672,هذا كل ما أريد .,positive
7674,هل لك أن ترسل أحداً ما إلى هنا فوراً ؟,neutral
7676,من فضلك أحضر لي الإفطار .,positive
7677,لقد جعلت منها رحلة لا تنسى .,positive
7680,هل لك أن تعطيني تقديراً بالتكلفة ؟,neutral
7684,شكراً . مرحباً ، شكراً لانتظارك .,positive
7686,نعم . لكنهم مدققون في الاختيار إلى حد ما .,negative
7689,"سآخذ أفضل مقعد لديكم , من فضلك .",positive
7693,أنا متأكد أن لدى حجز .,neutral
7699,ورقة تلغراف من فضلك .,neutral
7700,لقد ضممت البقشيش في الإيصال .,neutral
7701,إلى الفندق من فضلك .,neutral
7703,طوكيو صفر ثلاثة ثلاثة اثنان تسعة واحد خمسة ثمانية ثلاثة خمسة ، الأستاذة هارادا .,neutral
7704,فستان فرنسي من فضلك .,positive
7705,"من فضلك خذني إلى مطار "" أ "" .",neutral
7708,سأرسلها لك ، لذا من فضلك انتظر هنا .,neutral
7712,نحن هنا لمدة يوم .,neutral
7717,أريد بعض الصابون .,neutral
7720,نريد أن نلعب التنس . هل هناك ملاعب عامة هنا ؟,neutral
7721,أشعر بصداع خفيف .,negative
7723,من فضلك أرني بعض ملابس الأطفال .,neutral
7724,هل لك أن توصى بمطعم جيد قريب من هنا ؟,neutral
7725,إنها حقيبة واسعة و سوداء .,neutral
7726,لا بد أنني اتصلت بالرقم الخاطئ .,negative
7727,لثلاثة . واسمك من فضلك .,neutral
7730,متى تعتقد بأنّه سيتحسّن ؟,neutral
7732,من العجيب أن أقابلك هنا .,positive
7734,أنا هنا في العطلة الصيفية .,positive
7735,أودّ أن أشتري بعض الهدايا التذكارية لأصدقائي .,positive
7736,لقد استمتعت بالوجبة كثيراً جداً .,positive
7737,هل بالإمكان أن آخذ هؤلاء الآن ؟,neutral
7738,كيف أعدّل التهوية ؟,neutral
7740,هل يمكن أن أجلس بجانبك ؟,neutral
7741,أيّ نوع من الغذاء يتماشى معه ؟,neutral
7743,أنا لم أعرف عنواني بعد . لكنّي أخطّط للبقاء في فندق في سان فرانسيسكو .,neutral
7744,أنا لا أستطيع النوم بسبب الطفل الصاخب خلفي . هل لك أن تقول شيئا من فضلك ؟,negative
7746,في معظم الحالات ، ستكون في معسرة عظيمة .,positive
7750,رسغي يؤلمني .,negative
7751,لا . فقط استدر يساراً . هناك عند الشاحنة . هناك . إصعد ذاك الطريق الصغير هناك . تعالى ، قّف هنا .,neutral
7752,انزل في محطة فيكتوريا واستقل الخط المتجه من الشرق إلى الغرب .,neutral
7753,إنه ممزّق . من فضلك اخصم منه أكثر .,negative
7755,كم يستغرق الوقت إلى اليابان ؟,neutral
7756,لا ، من فضلك اجلس وانتظر . سأعود بعد قليل .,neutral
7757,أين أغيّر السيارات ؟,neutral
7758,لدى حسّاسية من الأسبيرين .,negative
7759,هل يمكنني أن أساعدك في البحث عن شيء بعينه ؟,neutral
7761,هل لي أن أرى السيارة ؟,neutral
7762,لنتقابل في المطعم .,neutral
7764,لديك ثلاثة أضعاف ما أملك أنا من الكتب .,neutral
7766,طوله حوالي مائة و سبعون سنتيمترا وأصلع .,neutral
7767,"هل لك أن ترسم لي خريطة , من فضلك ؟",neutral
7770,أودّ أن أشرب البيرة في مثل هذا الطقس الحار .,positive
7772,هل لي أن أتناول الإفطار الآن ؟,neutral
7775,ها هي رخصة قيادتي الدولية .,neutral
7776,أريد بعض كريم اليد .,neutral
7777,هل يمكن أن تسجل عنوانك هنا ؟,neutral
7779,آسف ، لقد نفذت تذاكر هذه اللّيلة . إلا أننا لا زال لدينا بعض التذاكر لليلة الغد .,neutral
7780,هل غسالة كؤوس النبيذ هذه آمنة ؟,neutral
7783,هل هم أقوياء جدا ؟,neutral
7784,آه ، ولد .,positive
7785,لقد فقدت قرطاً في مكان ما هنا تقريباً .,negative
7786,أحوّل إلى رحلة خطوط طيران دلتا رقم اثنان واحد وخمسة .,neutral
7787,أعتقد أنني لمست بعض المرجان السامّ .,negative
7788,هل لديكم صناديق ؟,neutral
7789,حسناً ، يا سيدي . من فضلك ابق في غرفتك إلى أن يحضر الطبيب .,neutral
7795,لقد تركت حقيبتي هنا ، والآن ذهبت .,negative
7798,أريد بعض الخسّ .,neutral
7801,بالتأكيد . في أيّ وقت تود الحجز ؟ كم عدد الأشخاص ؟,neutral
7802,من المفترض أن تلتزم اليسار .,neutral
7806,ماذا تعرف عنه ؟,neutral
7807,الآن ، أيّ مخرج آخذ لكارنيجي هول ؟,neutral
7811,لقد سرقت في شاطئ وايمانالو . من فضلك تعالى فوراً .,neutral
7812,ماذا عن مائة دولار ؟,neutral
7813,هل من بأس في استخدام ملاعب التنس ؟,neutral
7814,أريد هذا معبئاً .,neutral
7817,أود أن أدعوك للغداء .,positive
7818,هل لي أن أدفع على المائدة ؟,neutral
7819,أين رأيته آخر مرّة ؟,neutral
7820,أعطني أداة أنبوب ، من فضلك .,neutral
7821,تركت ساعتي في القطار .,negative
7823,"نعم ، يا سيدي . انتظر لحظة , من فضلك . تفضل .",positive
7824,ألم يأت بعد ؟,neutral
7826,متى يجب أن أغادر من هنا لرحلة طيران الساعة الثّانية عشر ؟,neutral
7827,إن الجو حار هذا الصباح ، أليس كذلك ؟,neutral
7828,نعم ، أنا أستطيع الإخبار . أنا لا أستطيع فهم أيّ شيء مما يقوله الناس حولنا .,negative
7829,أرسل لي سيارة إسعاف ، من فضلك .,negative
7830,هل هناك مشاهد مشهورة ؟,neutral
7831,أريد أن أقدم طلباً للحصول على إصدار جديد .,neutral
7832,هل لك أن تريني أين أنا على هذه الخريطة ، من فضلك ؟,neutral
7833,نعم . لكنى لا أحب الحلو منها .,negative
7834,لقد دعمت الحكومة تنمية الصناعات .,positive
7835,حسناً ، دعني أرى . إنه أكثر من ميزانيتي .,neutral
7837,أي أنواع الطعام سنتناوله على الغداء اليوم ؟,neutral
7838,أعتقد أن عمره أكثر من خمسين سنة .,neutral
7839,إنّ التلفزيون هناك وها هو جهاز التحكّم عن بعد .,neutral
7841,أنا آسف ، لكنّي أخشى أنّك سوف يجب عليك أن تبقيه بنفسك .,negative
7843,استمر في الاتجاه المستقيم حتى تصل إلى شارع هوب .,neutral
7844,أريد أن أشترى هذا .,positive
7845,هاهو المفتاح وهاهو العقد .,neutral
7846,هل لي أن أنتقل إلى مكان التدخين ؟,neutral
7847,هل لك أن ترسل تاكسي إلى ثلاثة وعشرون شارع براون ؟,neutral
7849,لم نطلب هذا .,negative
7851,كوب من الشمبانيا ، من فضلك .,positive
7852,حسناً ، تستغرق خمس عشرة دقيقة من هنا مشياً على الأقدام .,negative
7854,كأسا آخر ، من فضلك .,positive
7858,ما هو الحد الأدنى للعمر لفعل ذلك ؟,neutral
7859,أريد أن أحجز بعض الغرف .,neutral
7860,هل لديك أيّ خرائط بسيطة للمدينة ؟,neutral
7861,ماذا عن سوار لطيف تريدينه معه ؟,neutral
7862,أيّ ممر توجد به مستحضرات التجميل ؟,neutral
7863,هل لك أن توصلني بقسم التصدير من فضلك ؟,neutral
7866,آسف إن تغييري قليل . هل يمكنك أن تفحص ثانية ؟,neutral
7867,إذا كان بالإمكان ، لم أكن لأخلع السنّة .,neutral
7868,من يقف على التلّ لفريق سينسيناتي ريدز ؟,neutral
7870,واحد قهوة بحليب صغير ، من فضلك .,neutral
7871,إنّ الإحصاء كرة واحدة وضربتين .,neutral
7873,نادي سوبتروبيكانا جيّد . إنه يظل مفتوحاً حتى الثانية صباحاً . الموظّفون سيطلبون لك تاكسي حينما تستعد للمغادرة .,positive
7874,المراهقون اليابانيون يهتمّون بالموضة .,neutral
7876,لن أستعمل الفلاش .,neutral
7877,هل لك أن تفحص العجلات ؟,neutral
7879,لقد بدأت بأخذ الدروس . إن الأمر صعب جداً .,neutral
7882,أين بوّابة الإيواء لخطوط طيران اليابان ، رحلة رقم اثنان واحد أربعة ؟,neutral
7883,متى سيصل القطار إلى سان دييجو ، من فضلك ؟,neutral
7884,لقد اعتدت أن أدخّن كلّ يوم .,neutral
7887,لقد ركبت القطار الخطأ .,negative
7890,هل لي ببعض لاصقات البريد الجوي ؟,neutral
7891,كم تنوى أن تدفع لهذا ؟,negative
7892,لا أريده متبل جداً .,neutral
7893,متى ترحل طائرتك إلى سان فرانسيسكو ؟,neutral
7896,لا أستطيع إيجاد هذا المخرج .,negative
7898,أريد خمسين جراماً من شرائح اللحم هذه ، من فضلك .,positive
7899,هل حصلت على تذكرة إياب إلى اليابان ؟,neutral
7901,هل لك أن تخبرني كيف أجرى مكالمة تليفونية ؟,neutral
7903,أريد لوناً آخر ، من فضلك .,positive
7907,إن الذي يجري خلف أرنبين لن يمسك أيهما .,negative
7908,أتّفق مع فكرتك ، بشرط أن يتم ضمان تاريخ إتمام المصنع .,positive
7909,هل لك أن تحضر تذكرة لي ، من فضلك ؟,neutral
7911,قلها ببطء .,neutral
7912,هذا ليس نظيف .,negative
7913,آوه إلقاء نظرة على صندوقك .,neutral
7917,أودّ أن أحجز لعبة مباراة جولف صباح الغد .,neutral
7922,تفضل بنفسك إلى الكعكة . إنها مصنوعة بالمنزل .,positive
7924,هل ستفتش داخل هذه الحقيبة أيضا ؟,neutral
7925,أريد بعض الشامبو .,neutral
7927,"صحيح . في لغتنا , كلمة "" ساكانا "" التي تعني سمك ، تأتى من الجمع بين "" ساكا "" ، أو و "" نا "" ، السمك كغذاء خاص تأكله عندما تشرب الساكي .",neutral
7928,القطار السريع ، من فضلك .,neutral
7929,هل بالإمكان أن توصلني إلى الفندق ؟,neutral
7930,سيعقد يوم الجمعة الثالث والعشرون .,neutral
7931,منذ متى و أنت لديك هذا الصداع ؟,neutral
7934,أريد مقعداً أمامياً .,neutral
7935,أنا لا أعرف كيف أملأ هذه الاستمارة .,negative
7936,أعتقد أنه يجب عليك أن تجربه بلون أفتح .,neutral
7937,في أي طابق يوجد قسم أحذية النساء ؟,neutral
7938,تحت المقعد الذي أمامك .,neutral
7941,إلى أي وقت متأخر يظل المخزن مفتوحاً ؟,neutral
7942,لست بحاجة إلى أن تشكرني .,neutral
7947,أنا أقيم في فندق هيلتون .,neutral
7948,أشعر بحالة سيئة وغثيان .,negative
7950,هذا أكثر مما توقّعت أن أدفع .,negative
7951,أود تحديد الموعد على أن يكون في الساعة الخامسة من مساء اليوم .,neutral
7952,هل يوجد صالون حلاقة في الفندق ؟,neutral
7953,من أيّ وقت تقبلون الغسيل صباح الغد ؟,neutral
7954,إنه ياقوت . لدينا بروش واحد فقط من هذا النوع وهو أحد مصوغاتي المفضّلة . هلا جربت أن ترتديه ؟,positive
7955,أخبرني عن الرسوم فيما بعد ، من فضلك .,neutral
7956,أين يُعرض ؟,neutral
7957,لكنّي لدى موعد لرؤيتها في السّاعة الثّانية .,neutral
7961,أنا هنا لتسجيل الدخول .,neutral
7962,من فضلك ضيّق سيقان البنطلون قليلاً و اجعله بدون ثنيات .,neutral
7965,أود رؤية بعض مجموعاتك الرائعة هنا .,positive
7970,لم آكل هذا .,negative
7972,هل تذهب هذه السيارة إلى إدنبرة ؟,neutral
7974,هاري ، هل يوجد أيّ شيء أستطيع فعله ؟,neutral
7975,في الثالثة .,neutral
7976,نعم ، رجاءً املأ هذه الاستمارة .,neutral
7977,هل لك أن تكوى هذا البنطلون ، من فضلك ؟,neutral
7978,إنّ حديقة الحيوانات على بعد ثلاث عمارات .,neutral
7982,هل هو صوف خالص ؟,neutral
7983,ما هو مقدار الرسوم للوزن الزائد ؟,neutral
7984,ما هذا ؟,neutral
7985,أنا مسرور جداً بأنّنا استطعنا أن نناقش كلّ القضايا المهمة وأننا وجدنا حلول . أنا ممتن جداً لتعاونكم الكريم .,positive
7987,أريد دليل .,neutral
7988,أيّ مستشفى سيتم نقله إليها ؟,neutral
7989,إذا منحتني خصماً ، سأشتري هذه ، أيضاً .,positive
7991,اسمي كيمورا . أريد إلغاء حجزي الخاص بيوم الجمعة .,negative
7993,استمتع بوجبتك .,positive
7994,أين يمكنني شراء تذكرة لمباراة بيسبول ؟,neutral
7996,أوه ، آسف . كانت هناك مشاكل ونحن نقوم بحلها ، هل تتفضل بالانتظار لمدة ثلاثين دقيقة ؟,negative
7998,معذرة . كيف يمكنني الوصول إلى البنك من هنا ؟,neutral
8001,هل يمكنني أن أرى بعض بطاقات الهوية ؟,neutral
8002,من فضلك أرني كيف استخدم الهاتف .,neutral
8004,انظر إلى هذا . إنه متجر ضخم . أرجو أن تكون قد أحضرت كثيراً من النقود .,positive
8014,أريد مقعداً في مقصورة بالمسرح .,neutral
8015,تعجبني . سوف آخذها .,positive
8017,أين توجد أسوار المدينة ؟,neutral
8018,لقد عُدتْ .,positive
8020,أريد شيئاً أكثر كثافة ، من فضلك .,negative
8021,لا يوجد صابون .,negative
8023,ماذا بعد ذلك ؟,neutral
8024,إلى سان فرانسيسكو ، لطفاً .,neutral
8025,ما هذه الأشياء ؟,neutral
8027,أين المقعد ستون (أَلِفْ) ؟,neutral
8028,كم تبعد هي عن المحطة ؟,neutral
8029,نعم . إنه يُقيم في اثني عشر أربعة وثلاثين طريق جيوس .,neutral
8031,طفلي تعرض لحادث سقوط .,neutral
8036,نعم ، لدينا ساحة للعب متاحة في الساعة الثانية وأخرى في الساعة الرابعة .,neutral
8039,في أي وقت يمكنني مغادرة الفندق ؟,neutral
8040,"هل هناك خط لمترو الأنفاق يذهب إلى "" سيفيك سنتر "" ؟",neutral
8041,في أي قِسم ؟,neutral
8042,احصل على الفول السوداني من هنا .,negative
8043,حسنا ، أنا يعجبني كلاهما .,positive
8044,بالتأكيد . عبارة عن حقيبتين للسفر وحقيبة يدوية . من فضلك احتفظ بهذه التذكرة .,neutral
8047,نبيذ أبيض ، من فضلك .,positive
8050,فهمت الأمر .,positive
8052,"لأننا في موسم "" أو ـ بون "" الآن .",neutral
8054,هل من الممكن الذهاب للغطس بعد ظهر اليوم ؟,neutral
8055,هل لديك أي فكرة عن عروض الترفيه هذا الأسبوع في المدينة ؟,neutral
8058,سوف أطلب شخصاً ما .,neutral
8059,صديقي معدته مضطربة . هل يمكنك أن تُوصي بشيء خفيف على معدته ؟,negative
8060,اثنان واحد اثنان ثلاثة أربعة ثمانية ثلاثة ثلاثة ألف .,neutral
8062,مقعدان في الجانب الأسفل الأيمن ، من فضلك .,neutral
8063,هل تريدني أن أملأ البيانات ؟,neutral
8064,الرحلة الجوية رقم سبعة تأجلت ساعتين .,negative
8066,أريد مشاهدة مبانٍ تاريخية .,positive
8067,هل تريد تسوية الفاتورة الآن ؟,neutral
8068,السيارة جاءت لي من الجانب عند التقاطع .,neutral
8069,سوف نرسل أحداً من الأمن .,neutral
8071,إنه حار نوعاً ما .,neutral
8075,أنا من البرتغال .,neutral
8076,بعد أن شربتُ العصير الذي أعطوه لي ، فقدتُ الوعي . وعندما استيقظت كانت محفظتي وحقائبي قد اختفت .,negative
8077,إذا رغبت ، يمكنك أن تطلب الإفطار على الطراز الإنجليزي مقابل سعر إضافي .,neutral
8078,فقدت محفظتي .,negative
8079,أود استئجار لوح شراعي .,neutral
8081,"هل يمكنك أن تجعل ضمنها نقوداً "" فكة "" صغيرة ، من فضلك .",neutral
8082,مكرونة إسباجيتي بولولنية ، من فضلك .,neutral
8084,أرغب في بيرة ، من فضلك .,positive
8086,أريد الذهاب إلى باريس . هل أضطر إلى تبديل قطارات ؟,neutral
8090,متى يكون الوقت المناسب لك ؟,neutral
8092,هل لي في الحصول على تذكرة طبية ؟,neutral
8094,إنه صندوق موسيقى .,neutral
8095,أين الضاحية ؟,neutral
8097,أريد واحدة أخرى .,neutral
8098,هل هناك جولة بالحافلة تجوب المدينة ؟,neutral
8099,إن شبكة أبحاثنا الواسعة الانتشار هي متاحة أيضاً لتلبية احتياجاتك .,positive
8107,ذلك هو الهدف الأول خلال الموسم .,positive
8108,في أي وقت نبدأ ؟,neutral
8109,لا شيء لي . شكراً .,negative
8112,دعنا نذهب للتفرّج على نوافذ المحلات .,neutral
8113,أتذكّر الآن . لقد ذهبنا إلى الغداء سوياً .,positive
8114,"حسنا ، يا سيدي . في الحجم المتوسط نعرض عليك فرو السمور من نوع "" ميركوري "" ، فهل ذلك يوافقك ؟",neutral
8115,أيّهما حارة القطار السريع ؟,neutral
8116,لقد تسببتّ في كَدْمة بالعَضَلة .,negative
8117,"نحن الآن نحلّق فوق محمية "" يوسيمايت "" الطبيعية .",neutral
8119,هل هناك أي شيء للأطفال ؟,neutral
8120,لقد اشتريته في سوق للسلع المستعملة الرخيصة .,neutral
8123,سأسافر .,neutral
8124,لقد انتهيت من وجبتي ، من فضلك ارفع الصينية .,neutral
8126,سوف أستأجر هذا الطراز . أضف التأمين على السيارة .,neutral
8127,هل هذا يذهب إلى سيدني ؟,neutral
8131,هل يمكنني الذهاب مرتدياً الجينز والحذاء الرياضي ؟,neutral
8132,نعم . طبقاً للنشرة الجوية الأسبوعية ، فسوف يظلّ الجو حسناً هذا الأسبوع .,positive
8133,من فضلك أرني بعض القُفَّازات .,neutral
8134,خدمة الاتصال للإيقاظ ، من فضلك .,neutral
8135,انعطف يميناً في الشارع .,neutral
8136,ارفع صوتك ، من فضلك .,neutral
8137,هل يمكنك أن تحضر لي سمّاعات للأذن ؟,neutral
8140,لقد تعرّض للشرخ .,neutral
8141,ولكن عليك أن تعدني بركل الكرة ، وليس أنا . موافق ؟,neutral
8142,هوت دوج حجم صغير وكولا كبيرة ، من فضلك .,positive
8143,إلى أي مسافة يبعد أكثر ؟,neutral
8144,متجر (تيفاني) . حسنا ، نستطيع على الأقل أن نذهب للتفرّج على نوافذ المحلات .,positive
8148,من فضلك قم بتحميض هذا الفيلم وطبعه .,neutral
8149,هل لي في استعارة بعض البياضات ؟,neutral
8151,أعتقد أننا سنفعل . شكراً جزيلاً .,positive
8152,إنه خطأي . نحن نادراً ما نرى بعضنا البعض .,negative
8156,من أي نوع من الجلد الصناعي صُنعت حقيبة السفر هذه ؟,neutral
8159,كم يكلّف بالبريد الجوي ؟,neutral
8161,لا أعتقد أن هذه السكينة نظيفة . أيمكنك أن تُحضر لي واحدة أخرى ؟,negative
8163,أرغب في قبّعة .,neutral
8164,لقد اشتريت هذه من لحظة ، ولكن هلاً بدلت هذه بتلك ؟,neutral
8165,ربما ذلك صحيح ، إلا أنني لست على يقين .,neutral
8168,سوف أُقيم في فندق .,neutral
8171,يؤسفني أنك لا تستطيع .,negative
8173,بصراحة ، لا أتفق مع ذلك .,negative
8174,أيمكن أن تفتح زجاجة نبيذ ؟,neutral
8176,أيمكنني أن أبقى ثلاث ليالٍ ؟,neutral
8177,هل هذا هو الطريق الصحيح إلى المحطة المركزية ؟,neutral
8178,"نعم . أريد أن أجرّب سمكة "" النهاش "" الحمراء ، ولكن هل هي حريفة جداً ؟",neutral
8180,أريد بعض الزلاجات الخشبية .,neutral
8181,هل هذه بها واقي من الشمس ؟ وما مدى الحماية التي توفرها ؟,neutral
8182,ألن تعيد النظر في شروط الدفع هذه ؟,neutral
8183,قارب مع مرشد ، من فضلك .,neutral
8185,أنا آسف جداً .,negative
8186,هل هذا قطار إلى شيكاغو ؟,neutral
8187,كيف يمكنني أن أستقل حافلة ليموزين من هنا إلى هناك ؟,neutral
8188,لا ، أنا آسف ، لقد بحثت ولكنهم ليسوا هناك .,negative
8189,فيلم ملون أربع وعشرون لقطة ، من فضلك .,positive
8193,أود أن أطلب بدلة داكنة من أجلي .,neutral
8194,هذه المظلة يمكن استخدامها كعصا للسير .,neutral
8195,كم تتكلّف هذه الجولة ؟,neutral
8197,هل يمكنني شراء تذكرة هنا ؟,neutral
8200,أوافق ، ولكن ببعض الشروط .,neutral
8202,هل يجب علىّ أن أترك كل أمتعتي في غرفة ترك المعاطف ؟,neutral
8205,هل يمكنني استعارة مكواة ؟,neutral
8206,أود الانضمام إلى جولة ليلة .,neutral
8207,أريد شريحة ملونة لهذه الكاميرا ، لطفاً .,positive
8208,كم يكلف الذهاب إلى سياتل ؟,neutral
8209,في أي وقت نصل إلى سياتل ؟,neutral
8210,من فضلك أرني جواز سفرك .,neutral
8213,بدّلوا غرفتي ، من فضلكم . فهي تنبعث منها رائحة غريبة .,negative
8215,أي طريق يؤدي إلى المتحف ؟,neutral
8216,على أساس السعر كاملا ، من فضلك .,neutral
8217,حسنا . سنعدّ لك مائدة جيدة . هل لي آن أخذ اسمك ؟,positive
8223,غرفتي تواجه شارعاً صاخبا .,neutral
8224,غرفة بحمام به دُش ، لطفا .,neutral
8227,هل يوجد مكان يقبل تنظيف الملابس في أيام الآحاد ؟,neutral
8228,"آه , إن عندك حرارة مرتفعة . كيف حال معدتك ؟",negative
8229,رائع . هناك الكثير جداً من الأشياء لتختار من بينها .,positive
8233,سندويتشان برجر بالجبن ، من فضلك .,positive
8234,أية حافلة تذهب إلى ميامي ؟,neutral
8236,ولكن لا ضرورة لدفع بقشيش .,neutral
8239,أعطني طابع بريد قيمته عشرون سنتاً ، من فضلك .,neutral
8240,هل الأفضل إبلاغ الشرطة ؟,neutral
8243,ارغب في بعض المربّى .,neutral
8244,أعتقد أنني سأذهب بالليموزين .,neutral
8246,أرغب في بعض السلاطة الخضراء .,positive
8248,"بمقدورك أن ترى واحداً عند "" كارينجي هول "" .",neutral
8250,لستُ معتمداً قانونياً .,neutral
8251,متى تستيقظ غداً ؟,neutral
8252,أريد الذهاب إلى دار أوبرا . أين تقام حفلاتها ؟,positive
8253,أيمكن أن تدلّني على الطريق إلى أقرب متجر لبيع الأدوية والمرطبات ، من فضلك ؟,neutral
8254,هل سأضطر إلى تبديل الغرف إذا مدّدت إقامتي ؟,neutral
8255,حجز للغد ، من فضلك .,neutral
8256,إنها تكره غسل الصحون .,negative
8257,يجب أن يرجع الساعة الرابعة بعد ظهر هذا اليوم .,neutral
8258,ما معدّل تكرار الجولات السياحية ؟,neutral
8261,احضر لي بعض الكاتشب .,neutral
8262,"متى يمكن أن استلمها جاهزة إذا طلبت "" الخدمة المعتادة "" ؟",neutral
8263,من فضلك سجل تقريراً بفقدان أمتعتي .,negative
8264,"أودّ حجز ثلاثة مقاعد في مسرحية "" قطة على سطح صفيح ساخن "" عرض مساء الغد .",neutral
8265,أودّ النزول في فندقكم غداً ليلا . هلاّ حجزتم غرفة مفردة ؟,neutral
8266,هل هي مسافة طويلة للمشي ؟,neutral
8267,هل يمكن من فضلك تبديله بواحد آخر أكبر في المقاس برقم ؟,neutral
8268,ثلاثة من فئة المائة ، واثنان من فئة الخمسين ، وخمسة من فئة العشرين ، من فضلك .,neutral
8271,ما هو الصنف المميز للمحل ؟,neutral
8273,لا ، لا شيء إطلاقاً .,neutral
8274,أود ترك أمتعتي .,neutral
8277,هلاً وقعت على الفاتورة وعلى إيصال استلام البطاقة الائتمانية من فضلك ؟,neutral
8278,من فضلك بدّل الدولارات إلى جنيهات .,neutral
8279,"كم سيستغرق الأمر من الوقت للذهاب إلى فندق "" بارك "" بالتاكسي ؟",neutral
8280,أودّ حجز موعد مع طبيب .,neutral
8283,سُرق مني كيس نقودي عندما كنت أجري مكالمة هاتفية .,negative
8284,ذلك مثير للاهتمام . سيكون ذلك مفيداً لشركات كثيرة .,positive
8285,اسمي ساتو . أنا اتصلت منذ قليل . أود تسجيل دخولي الفندق ، فضلا .,neutral
8286,"أود الحصول على مادة لعمل "" مَاسْك "" للوجه .",neutral
8288,"أيمكنني ترك السيارة في مطار "" لاجارديا "" ؟",neutral
8289,بالطبع لا . سوف أكتب لك بمجرد وصولي إلى المنزل . وداعا ، السيد ناجانو .,neutral
8290,أنا محصور في زحام المرور ، ولا أعتقد أنني سأتمكن من العودة في الموعد .,negative
8291,تُرى هل ثمة مائدة متاحة بالقرب من النافذة لسبعة أشخاص الليلة .,neutral
8294,هل لديكم أي أماكن شاغرة ؟,neutral
8295,أنت لا تمانع في حضوري إلى منزلك ؟,neutral
8296,عندي الكثير .,neutral
8297,لا أعتقد أنه يناسبني .,negative
8299,أودّ إرسال هذا الطرد الصغير بالبريد العادي إلى اليابان .,neutral
8301,مقعد في الشرفة ، من فضلك .,neutral
8302,أريد مقعداً على اليسار .,neutral
8303,هذه المدينة حافلة بالمساحات الخضراء .,positive
8304,صفر ثلاثة ثلاثة ثمانية واحد أربعة أربعة ثلاثة أربعة خمسة .,neutral
8305,يبدو أن ثمة مجالات للتحسينات .,positive
8308,هل يجب علىّ ارتداء ملابس سهرة ؟,neutral
8309, الشيانتي  ، من فضلك .,positive
8311,كانت متجاوزة السرعة المحددة .,neutral
8313,أرغب في عصير جريب فروت .,neutral
8316,أين مترو الأنفاق ؟,neutral
8321,هل يمكنك أن تخيط رجلي البنطلون من أجلي ، لطفاً ؟,neutral
8326,كم تكلّف غرفة ثلاثية بدون دُشّ ؟,neutral
8328,أنا السيد تاناكا في الغرفة رقم اثنا عشر صفر تسعة . أريد طاقماً من مناشف الحمّام الجديدة .,neutral
8334,هل عندكم منه بحجم أصغر ؟,neutral
8336,عُضّ على أسنانك برفق ، من فضلك .,neutral
8338,أين يمكنني الحصول على أسبرين ؟,neutral
8339,نحن نتقاضى غرامة إلغاء .,negative
8341,أيمكنك الحصول على تذكرتين لنا ؟,neutral
8342,ذلك الحد الأدنى للسعر .,neutral
8343,القيمة ستة دولارات وأربعون سنتاً .,neutral
8347,هل يمكنني رؤية القائمة ، من فضلك .,neutral
8349,من فضلك اعطني تصريحاً سارياً لمدة أسبوع .,neutral
8351,ما مدى ثقل هذه الأمتعة ؟,neutral
8352,ذلك ليس ما قُلته من قبل .,neutral
8353,أين يمكنني أن أجد هاتفاً عمومياً ؟,neutral
8354,جولة غوص باستخدام نظارة ذات أنبوبة للتنفس ، من فضلك .,neutral
8355,هذا زميلي .,neutral
8357,نعم ، نحن نفتح طوال الليل .,positive
8358,أي نوع من البنزين هناك ؟ السوبر ، أم العادي ، أما الخالي من الرصاص ؟,neutral
8360,أود الترحيب بكم جميعاً هنا بمناسبة الاجتماع السنوي الثالث لعام ألف وتسعمائة وواحد وتسعين .,positive
8361,مَن الممثلون ؟,neutral
8362,كم ستكلّف إجماليا ؟,neutral
8363,اسمي إليزابيث .,neutral
8364,هل هناك مكان جيد يمكننا أن نشاهده في غضون ثلاث ساعات ؟,neutral
8365,"أين قسيمة المطالبة بالأمتعة والخاصة برحلة "" يو إيه "" رقم ثمانية صفر واحد ؟",neutral
8366,هل يمكن تحرير شهادة بالسرقة ؟,neutral
8367,متى تريدون اللقاء ؟,neutral
8368,هنا واحد .,neutral
8369,الحوض مسدود .,negative
8370,نحن حضرنا إلى أمريكا من اليابان أمس .,neutral
8371,أنا مقبل على الإصابة بنوبة برد .,negative
8372,أين رقم المقعد هذا ؟,neutral
8374,بالمناسبة ، هل عندكم تأمين سفر لهذه الرحلة ؟,neutral
8376,أنوي الإقامة لمدة خمسة أيام .,neutral
8377,أين محل للأسواق الحرة ؟,negative
8381,كانت معي تذكرة طائرة في حقيبتي .,neutral
8383,أعتقد أنني سأذهب لأنام .,neutral
8384,هنا هي واسعة أكثر من اللازم قليلاً .,negative
8385,فضلاً دعني أفكر لحظة .,neutral
8386,هل ثمة بار قريب أستطيع الذهاب إليه لتناول مشروب ؟,neutral
8388,سأصل في غضون خمس دقائق .,neutral
8389,منذ متى وهي تقيم في الولايات المتحدة ؟,neutral
8390,أريد كبسولة للثياب .,neutral
8391,هل هناك حظر تجول ؟,neutral
8392,اللون على ما يرام ، ولكن المقاس خطأ .,negative
8393,ألعاب نارية يابانية .,neutral
8395,هل يمكنني الحصول على مقاعد بالصف الأمامي الآن ، أم يجب علىّ الانتظار للعرض القادم ؟,neutral
8397,حسناً ، في تلك الحالة أعتقد أنه من الأفضل أن أجرب شركة أخرى .,negative
8401,هذه السِنَّة تؤلم .,negative
8403,واحدة أخرى ، من فضلك .,neutral
8404,كيف تلبس عندما تحضر جنازة ؟,neutral
8406,عندما يظهر الضوء الأحمر ، اضغط الزِرّ .,neutral
8407,صفر صفر ثلاثة ، الخطوط الجوية اليابانية .,neutral
8408,كم تكلف لمدة ساعة ؟,neutral
8409,إنه مغلق في أيام الاثنين ، ولكن أي يوم آخر سيكون لا بأس به . أعتقد أنه يُفتح من التاسعة حتى الخامسة .,neutral
8414,حظك طيب ، السيد سٍوزوكي .,positive
8415,عندي ألم شديد في ظهري .,negative
8418,إنه سمك ثعبان مشوي مع مرقة خاصة فوق سلطانية من الأرز .,neutral
8419,هل يمكنك أن تنصح بمشروب كحولي خفيف ؟,neutral
8420,أنا تركتُ جواز سفري سهواً في مكان ما .,negative
8421,حسنا ، سوف آمر بإعداد مائدة لك في ذلك الحين ، يا سيد كيمورا .,neutral
8423,أرغب في سيارة لعبة .,neutral
8424,هذا لطيف جداً .,positive
8425,إجمالاً كم من الوقت تستغرق ؟,neutral
8426,هل يجب علىّ الوقوف في طابور هنا ؟,neutral
8428,المفتاح الذي يفتح كل الأبواب ، من فضلك .,neutral
8429,استمتعت بالتحدث إليك .,positive
8432,هل يمكنني شراء تذكرة عند البوابة ؟,neutral
8435, دعونا نحتفل  ، هكذا قال وآخذني إلى بار . وقال إنه سيُجري مكالمة هاتفية وغادر ولم يعد أبداً وتحملت أنا وحدي عبء فاتورة ضخمة .,positive
8438,أشعر بهذا الشعور منذ الليلة الماضية .,negative
8439,إنها بعد الرابعة بقليل .,neutral
8440,اليابان بلد إيقاعه سريع .,neutral
8443,الرجاء أن تصبر ريثما نبحث عنها .,neutral
8446,لدي ذلك .,positive
8447,عندي طفح جلدي . أيّ كريم طبي يعطي مفعولاً أفضل ؟,neutral
8448,هل تعتقد أن نزهة الغد ستقام في الداخل ؟,neutral
8449,نعم ، أعرف البعض . هل أنت في رحلة ؟,neutral
8450,اسمي يوكو ياماأوكا . هل تسمح بتعديل حجز طائرتي ؟,neutral
8451,أود مشاهدة عمل كوميدي يتناول الحياة العائلية .,positive
8452,هل ترغب في القهوة أم الشاي ؟,neutral
8453,أنا أذاكر للحصول على بكالوريوس في الآداب ، ولكن بعض الوقت فقط .,neutral
8454,كم تكلّف هي لكل جالون ؟,neutral
8456,كان معي جواز سفري وبطاقتي الائتمانية في جيبي .,neutral
8457,ما هو الصنف المميز لهذا المطعم ؟,neutral
8460,أحلاماً سعيدة .,positive
8463,أنا ولدت في بلدة تبعد حوالي مائة كيلومتر من هنا .,neutral
8465,الأفضل لك أن تبقى في غرفتك بالفندق لبضعة أيام .,neutral
8468,أريد شيئاً يعالج الصداع .,negative
8471,إنها مقاسي تماماً .,neutral
8472,هذه الغرفة حارّة جدا .,negative
8474,هل أنت واثق ؟,neutral
8475,أجل ، هذا من نوع أفضل . هذا مصنوع من الكشمير .,positive
8478,ضروريات يومية .,neutral
8479,سقطت مني الكاميرا التي تخصّني على سطح صلب .,negative
8480,هل يمكن أن تريني شيئاً آخر ؟,neutral
8482,كل ما معي خمسون دولاراً فقط .,negative
8483,هل هناك أيّ شيء لا يمكنك آكله ؟,neutral
8484,سقطت مني ملعقة .,negative
8485,الحجوزات في السابعة ، تحت اسم مانو .,neutral
8486,شكراً . سيسعدني ذلك .,positive
8487,أي شيء سيكون جيداً .,positive
8488,أريد مقاعد غير باهظة الثمن ، إذا أمكن .,neutral
8489,قائمة بأصناف الطعام ، من فضلك .,neutral
8490,أين مترو الأنفاق ؟,neutral
8492,فهمت . وأين يمكنني أن ألحق بحافلة ؟,neutral
8493,دعنا ننتظر المساعدة .,neutral
8494,إن اسمها الآنسة جريجسون ، أليس كذلك ؟,neutral
8495,ألا ترغب في فنجان شاي ؟,neutral
8496,أين يمكنني لعب التنس ؟,neutral
8497,هل يمكن أن تدلّني أين أجد القنصلية اليابانية ؟,neutral
8498,هلاّ أريتني تلك الساعة ؟,neutral
8499,أنا بصدد الطهي الآن .,positive
8501,يا لها من مفاجأة أن ألقاك في المكتبة .,positive
8502,هل لديك مضارب تنس للإيجار ؟,neutral
8505,الأمر يتوقف على أي الجامعات تخّرجتَ منها .,neutral
8508,أوه ، أنا أفهم . إنه خطأي . آسف .,negative
8509,هل هناك طبيب للفندق أو واحد على صلة بالفندق .,neutral
8510,أريد شيئاً خفيفاً .,neutral
8511,تذكرتان ذهاب فقط ، بالدرجة الثانية ، إلى إدنبره ، من فضلك .,neutral
8512,نعم ، سآتي .,positive
8513,أريد خريطة لخطوط مترو الأنفاق ، لطفاً .,neutral
8514,أنا أستيقظ متأخراً في أيام الآحاد .,neutral
8516,"إنه يقوم دائماً بالتسوق في شارع "" بوند "" .",neutral
8520,أنا كثيراً ما أخرج للتجوّل في المناطق الريفية مع أسرتي في عطلات نهاية الأسبوع .,neutral
8521,حسنا ، يا سيدي . هل من الأمان تشغيل هذا الفيلم ؟,neutral
8522,الآن بمقدورك أن تأخذ واحداً مما يخصّني .,neutral
8523,كم يوماً إلى طوكيو ؟,neutral
8527,جريدة باللغة الإنجليزية ، لطفاً .,neutral
8528,الرجاء التأكد من وجهة الحافلة قبل ركوبك .,neutral
8530,اثنان للمقصف .,neutral
8531,احضر إلى هنا في غضون ساعة من فضلك .,neutral
8533,آسف ، ولكن كل شيء يتم حجزه عندئذ .,neutral
8535,هل هناك مكان يتم فيه عزف الموسيقي الريفية ؟,neutral
8539,أودّ مراجعة ممتلكاتي الثمينة .,neutral
8540,كان يجب علىّ إرسالها بالبريد الجوي .,neutral
8541,أجل ، لدينا واحدة تطل على المحيط .,neutral
8543,أي منتجات صوفية أخرى ؟,neutral
8544,السيارة كانت صفراء اللون .,neutral
8546,ما هي الأفلام التي تُعرض الآن ؟,neutral
8547,ما أفتقده أكثر من غيره هو الينابيع الحارّة .,negative
8549,جيد . شكراً .,positive
8551,كم تكلف الملاءة الواحدة ؟,neutral
8552,نعم ، ذلك جيد . سنراك في السادسة والنصف .,positive
8553,بالتأكيد موجودة ، يا سيدي . أتود أن تُلقي نظرة على هذه النشرة الإرشادية ؟,positive
8554,أجل . هذه هي الغرفة اثنان أربعة وثلاثون . زوجتي مريضة للغاية .,negative
8555,هل لديك حزام يوافق ذلك ؟,neutral
8558,كم مرة في الشهر تلعبون البيسبول ؟,neutral
8561,أنا آسف ، ولكن ما دامت وجهات نظرنا لا تتفق ، فأنا لا يمكنني الموافقة على تجديد العقد .,negative
8562,صباح الخير ، سيد كاميرون . كيف حالك ؟,positive
8565,اسمي أكيو يامادا ورقم الرحلة الجوية هو الخطوط الجوية اليابانية صفر اثنان ستة المتجهة إلى طوكيو .,neutral
8566,لطفاً ، أعطني زجاجة كولونيا .,neutral
8572,هل تسمح بإعطائي نموذج استرداد الضريبة ؟,neutral
8573,أيمكنك الاتجاه إلى اليمين ؟,neutral
8574,حسنا ، اضغط تسعة وصفر واحد واحد ، ثم الكود الخاص بالبلد ورقم الهاتف .,neutral
8575,لطفاً أرني على هذه الخريطة .,neutral
8576,هل لديكم غرفة لأربعة ؟,neutral
8577,هل يمكن أن أحصل على كوكاكولا دايت ؟,neutral
8578,لا سكّر . كريمة فقط .,neutral
8580,هذا الصباح السيد كاواكامي يزور عميلاً .,neutral
8581,كيف أصل إلى هناك ؟ أيمكنك أن تشير لي إلى المكان على هذه الخريطة ؟,neutral
8583,ولكنكم تزرعون خضراوات هنا .,neutral
8584,هل بإمكاني إجراء طلبية ؟,neutral
8585,أريزونا تشبه حمّام بخار .,negative
8589,من فضلك أعطني كوباً من الماء .,neutral
8590,بالتأكيد ، يمكنك . ولكن ستكون هناك تكلفة نزول قيمتها خمسون دولارا .,neutral
8591,هل هي بالقرب من هنا ؟,neutral
8593,أيمكنني أن أتناول بعض فواتح للشهية ، لطفاً ؟,positive
8595,استمتعنا بجولة لطيفة بالسيارة . شكراً لك .,positive
8598,أيمكنك أن تغير الإطار ، من فضلك ؟,neutral
8599,هل هذا يكلف مائة وعشرين دولاراً ؟ أعتقد أنه باهظ الثمن . هل تعطون تخفيضات ؟,negative
8600,"هل لديكم نبيذ "" السوتيرن "" ؟",neutral
8601,أنا أرغب أيضاً في طابعين لبطاقات بريدية إلى اليابان .,neutral
8603,لطفاً أرني جواز سفرك ونموذج الهجرة .,neutral
8604,معذرةً . هل لي بأن انتهي من هذا الأمر ؟,neutral
8606,ماذا تبيعون في الطابق الثاني ؟,neutral
8607,سيارتي ليست متاحة غدا .,negative
8609,هل الماء دافئ ؟,neutral
8610,إجمالي سكان اليابان حوالي مائة وثلاثين مليوناً .,neutral
8611,هل لي بأن أحصل على فاتورتي ؟,neutral
8612,نعم . في أقرب وقت ممكن . هذا يتعلق بمسألة عاجلة .,neutral
8613,هل تضمنون الجودة ؟,neutral
8615,لقد أغلقت الغرفة وأنا خارجها . هل تسمح لي باستعارة نسخة أخرى من المفتاح ، لطفاً ؟,neutral
8618,أود استئجار شمسية .,neutral
8623,أين يوجد مكتب سياحي ؟,neutral
8624,كيف يمكنني إجراء مكالمة هاتفية إلى اليابان ؟,neutral
8625,أجل ، وأودّ محاسبة المطلوب هاتفياً على قيمة المكالمة .,neutral
8626,لديّ قطعتان من الأمتعة للمراجعة .,neutral
8629,إنه على الخط الآخر .,neutral
8631,الجو حار جداً هنا ، ومظلم جداً .,negative
8633,من مكان الفنّان ؟,neutral
8634,دعني أقدم نفسي . اسمي جورو يامادا .,neutral
8635,معذرة . سقطتْ مني السكين . أيمكنك أن تأتيني بأخرى ؟,negative
8636,محفظة بها مائة دولار وبطاقتان ائتمانيتان .,neutral
8637,الماء أسخن من اللازم .,negative
8638,أين تُقدم أغاني البوب ؟,neutral
8639,كم أوقية ؟,neutral
8643,أوه ، لا . كان يجب علينا ارتداء ملابس سهرة للمسرح .,negative
8644,هل هناك حافلة ؟,neutral
8646,ما هو سعر الصرف ؟,neutral
8647,معي حقيبتا سفر وحقيبة للبدلة .,neutral
8652,الملاءات متسخة .,negative
8654,عظيم . يجب علىّ أن أخرج من عملي لبعض الوقت .,positive
8655,كم حقيبة تريد فحصها ؟,neutral
8657,"حسنا ، كل شيء يمكن أن يكون غالي الثمن في الياباني المعاصرة ، ولكن أطباق "" توفو "" ليست سيئة جداً بمقاييسنا . وإذا ، من ناحية أخرى ، زرت مطعماً أرقى مستوى على الطراز الياباني لتجربة مطبخ كيوتو ، فالأفضل أن تكون مستعداً لدفع مائتي دولار للشخص الواحد .",neutral
8659,بصوت أعلى ، من فضلك .,neutral
8660,الآن ، أين حقيبة سفري ؟ آه ، ها هي قادمة .,neutral
8662,كم من النقود كان معك في كيس نقودك ؟,neutral
8663,أنا حقا لا أعرف . هل يمكنك أخذ مقاسي ، لطفاً ؟,negative
8664,لا يفوتك إحضار جواز سفرك معك .,positive
8665,هل هذا كل ما معك ؟,negative
8668,بالتأكيد . سوف أرتب للاتصال بك الساعة الخامسة تماما صباح الغد .,neutral
8671,هل يمكنني أن أرى خريطة المقاعد بالمسرح ؟,neutral
8673,أنا آسف ، مطلوب دفع دفعة مقدمة قبل ذلك بتسعة وتسعين يوماً .,negative
8674,هل لديكم برنامج بالأنشطة ؟,neutral
8675,أنت هنا .,neutral
8678,أعطيني فيلماً سينمائياً ستة عشر ملي مع إمكانيات صوتية .,neutral
8680,لقد أساء فهمي .,negative
8683,لقد كان مشغولاً جداً مؤخراً . فربما نسي ذلك الأمر .,neutral
8684,نعم ، سأفعل . ولكن كم يكلف ؟,neutral
8687,أيمكنك الانتظار هنا لحظة ؟ سوف أراجع من أجلك .,neutral
8688,إبريق من القهوة ، لطفاً .,neutral
8689,هل هذه أول مرة يحدث لك هذا ؟,neutral
8690,غير محتمل بدرجة كبيرة .,neutral
8691,سنتصل بك عندما يكون الهامبورجر المشوي على الفحم حسب طلبك قد تم إعداده .,neutral
8693,هل يمكنك إرسال هذا الطرد بالسعر المحدد في الكتيب ؟,neutral
8696,معدتي تؤلمني بعد الوجبات .,negative
8697,ضع بعض اللوسيون على شعري ، من فضلك .,neutral
8698,أين ملاعب التنس ؟,neutral
8699,افتح حفرة إضافية ، من فضلك .,neutral
8700,هل صادف أن عرفت أي شيء بشأن حقيبة سفري ؟,neutral
8702,أنا الولايات المتحدة .,neutral
8703,هل هذا مقاسي ؟,neutral
8707,أعاني من الربو .,negative
8709,للآسف ليس لديّ حجز ، ولكن هل لديكم مائدة ؟,neutral
8716,لا ، يا سيدي . آسف . الأماكن لدينا امتلأت بالكامل .,neutral
8718,سؤال جيد . كنت سأشرح ذلك .,positive
8719,عندي آلم ينبض في أذني .,negative
8720,أود أن آخذه .,positive
8721,سنقيم حفلة صغيرة في منزلي الأسبوع القادم . تُرى ، هل ستستطيع الحضور مع زوجتك ؟,positive
8722,ركاب الترانزيت ، الرجاء الحصول على بطاقة ترانزيت . موعدنا للمغادرة يتوقع أن يكون الخامسة وعشرين دقيقة . من فضلكم انتبهوا للإعلان .,neutral
8724,أودّ حجز وقت لمباراة جولف الساعة العاشرة غداً .,neutral
8725,هل بمقدورك أن تُوصي بمكان مثل ذلك ؟,neutral
8726,أوه ، بعض من رقائق البسكويت المملح . وهل بمقدوري إلقاء نظرة على فاتورة الحساب ؟,neutral
8728,كم الساعة الآن في لندن ؟,neutral
8729,كيف ذلك ؟,neutral
8731,يجب ألا أتناول طعاماً به سكّر .,negative
8733,إذن ، أعتقد أنه سيكون في جواز سفرك . هلاّ راجعته ، من فضلك .,neutral
8734,عظيم ، ذلك مكان لطيف .,positive
8737,كم تقاضى من المال ؟,neutral
8739,أنا طالب مستجدّ بالسنة الأولى . لا أعرف كيف أسجل نفسي . هل يمكن أن تساعدني ؟,negative
8741,ربما كان يعاني سّدَّة تنفسية .,neutral
8742,ترى ، هل لديكم أية تذاكر تُباع في يوم العَرْض ؟,neutral
8744,سوف أصلك بشخص يتحدث الإنجليزية .,neutral
8745,حقاً ؟,neutral
8746,أنا آسف لإزعاجك ، ولكن لطفاً ساعدني .,neutral
8748,"أودّ العودة إلى فندق "" جراند أوتيل "" .",positive
8749,هل قرّرتَ ؟,neutral
8750,أود الانتقال إلى رحلة الخطوط الجوية البريطانية ثلاثة تسعة تسعة .,neutral
8753,هل تتذكر ملامح السارق ؟,neutral
8754,في أي فندق تقيم ؟,neutral
8756,في أي وقت يبدأ ؟,neutral
8758,نُشلت مني حافظتي .,negative
8759,أتطلع إلى رؤيتك ثانية حوالي هذا الوقت العام القادم .,positive
8760,حدثت إصابة . الرجاء الحضور فوراً .,negative
8762,يجب أن أنزل . هذه طائرة خطأ .,negative
8763,ما أقرب موعد لإنجازها ؟,neutral
8764,"أنا "" ليروي "" .",neutral
8765,ألو . أنا ياما شيتا الذي أتحدث . أود التحدث إلى السيد سميث .,neutral
8766,هل لديكم عربة طعام بالقطار ؟,neutral
8767,حقيبتي اليدوية سُرقت .,negative
8768,هل عندكم غرفة متاحة لليلتين القادمتين ؟,neutral
8771,هل تريد تأميناً ؟,neutral
8773,هل يمكنك طلب الرقم من أجلي ؟,neutral
8775,هل عندكم مجلة يابانية ؟,neutral
8776,هل عندكم أي منها نظيف ؟,neutral
8777,أين يمكننا أن نذهب لرياضة ركوب الأمواج ؟,neutral
8778,ذلك لا بأس به .,positive
8780,في أي وقت أعاود الاتصال بك ؟,neutral
8781,هل تقدمون الطعام هنا ؟,neutral
8782,"التونا "" بالوسابي "" ، لطفاً .",positive
8785,حسناً . سوف أخذها . هلاّ غلّفتها كهدية ، من فضلك ؟,positive
8786,أين دورة مياه الرجال ؟,neutral
8787,أرغب في مرشِّح .,neutral
8788,إذا كنت تودّ ، بإمكاننا الاستراحة هنا .,neutral
8789,لا يمكنك أن تفلت بذلك .,negative
8790,هل يمكننا الجلوس على مائدة في الشرفة ؟,neutral
8791,أنا فقدت أثر بريد مسجّل .,negative
8792,أيمكنك الاعتناء بممتلكاتي الثمينة هنا ؟,neutral
8797,أرجو إبلاغي عندما نصل إلى شارع هدسون .,neutral
8798,ما هو محلّك المفضل ؟,positive
8799,أرجو الاتصال بي بالفندق بمجرد عثورك عليه .,neutral
8802,هل لديكم أية ساعات للجيب ؟,neutral
8803,ليس بمقدورك تغيير وظيفتك بسهولة .,neutral
8804,هل آكل هذا مع الصلصة ؟,neutral
8805,ما هي المحطة التالية ؟,neutral
8808,هل سأحتاج إلى حماية من البرد فوق قمة الجبل ؟,neutral
8809,من الذي سيتخذ القرار النهائي ؟,neutral
8810,كنت أفكر في الأسبوع الأول من فبراير . مازلت يتعين علىّ ترتيب عملية الحجز .,neutral
8811,حسنا ، ولكن ليس منطقة المقاعد المكشوفة . فاليوم شديد الحرارة .,neutral
8812,كان هناك أيضاً بطاقاتي الائتمانية في المحفظة .,neutral
8813,إن معه سلاحاً .,neutral
8815,توجد أنواع مختلفة من الكلاب ، أليس كذلك ؟,neutral
8816,أودّ مشاهدة فيلم سينمائي جديد تماماً .,positive
8817,ارغب في بعض الأقراط .,positive
8818,يجب علىّ عدم تناول طعام به ملح .,negative
8822,في أي وقت يصل التالي ؟,neutral
8823,اهبط هنا ، وانتقل إلى الحافلة رقم ستة .,neutral
8824,علىّ أن ألحق بطائرة العاشرة صباحاً .,neutral
8826,عندي خطط .,positive
8827,مازلت أشعر بالرغبة في القيء .,negative
8829,هل يمكنك أن تصلني بشخص يتحدث اليابانية ؟,neutral
8830,أرغب في شطرنج بكل أدواته .,neutral
8833,لا أريد أي شيء يكون كبير الحجم .,negative
8834,إلى فندق الكونتيننتال ، من فضلك .,neutral
8835,مع قليل من المسطردة ، من فضلك .,neutral
8838,هل ستكون هناك لوحة إعلانات تتضمن الأجندة في قاعة الاجتماعات ؟,neutral
8839,كنتُ أفضل غرفة خلفية . فهي عادة تكون أكثر هدوءاً .,neutral
8840,الحساب ، من فضلك .,neutral
8843,أرغب في أهدأ غرفة لديكم .,positive
8844,كم يكلف عش الغراب الطازج ؟,neutral
8847,هل تبيعون سلعاً معفاة من الجمارك على الطائرة ؟,neutral
8849,أود أخذ جواز سفري من صندوق الأمانات الخاص بي .,neutral
8850,التكلفة ، من فضلك . هل تقبلون بطاقة فيزا ؟,neutral
8851,اليوم سأذهب لأرى كيف يبدو الحيّ الصين .,neutral
8854,في رقم خمسة صفر خمسة .,neutral
8857,بإمكانك شراء التذاكر من شباك تذاكر المسرح .,neutral
8859,معذرة ، ولكن أين دورة المياه ، من فضلك ؟,neutral
8860,أي طريق يتجه إلى الشمال ؟,neutral
8862,المفتاح لغرفة أحد عشر خمسة وأربعين ، رجاءً .,neutral
8866,هل ترى التمثال في تلك البناية ؟,neutral
8867,أيمكن أن أحصل على بعض الماء ؟,neutral
8868,آجل ، أنا واثق . إنه لذيذ جداً لدرجة أنني تناولت منه أكثر من اللازم . لقد استمتعت بالعشاء كثيراً جداً .,positive
8869,شكراً . ثم هل يمكن أن تُريني بعض الصنادل مقاس ستة ونصف (دال) ؟,neutral
8871,من فضلك أعطه الإسعافات الأولية .,neutral
8872,هل توجد مرآة ؟,neutral
8874,أين البوابة أربع وعشرين ؟,neutral
8875,تناول كبسولتين مرتين في اليوم .,neutral
8877,ليس معي ما يكفي نقداً ، ولذلك سأدفع عن طريق البطاقة الائتمانية .,negative
8879,لا تيأس رغم الصعوبات .,positive
8880,اثنان صفر اثنان تسعة ثلاثة تسعة ستة سبعة صفر صفر .,neutral
8881,أرغب في اصطحاب هذه الحقيبة معي على الطائرة ، رجاءً .,neutral
8884,هل يمكنني وضع أمتعتي في الخلف ؟,neutral
8887,أين يمكنني شراء تذكرة للحافلة ؟,neutral
8888,أتريد أن تنضم إلينا ؟,neutral
8889,أيمكن أن تضيف جبن شيدر ؟,neutral
8890,إذن ، من فضلك املأ نموذج الطلب هذا ووقعه .,neutral
8891,أرغب في خمسة طوابع من فئة خمسين سنتاً ، وعشرين بطاقة بريدية ، رجاءً .,neutral
8892,كم ستستغرق الرحلة من الوقت إلى فندق هيلتون ؟,neutral
8893,قليلاً .,neutral
8894,اعتزم الذهاب لرؤية معالم المدينة لمدة نصف يوم بعد ظهر اليوم .,positive
8895,كم تكلف إجمالاً ؟,neutral
8896,غرفة هادئة ، من فضلك .,neutral
8898,أنا اتصل فقط لأشكرك على مساعدتك خلال رحلتي إلى الولايات المتحدة ؟,positive
8900,أرغب في خلع أسناني .,negative
8901,لدينا خمس عشرة عطلة وطنية .,neutral
8905,أرغب في حقيبة مستحضرات تجميل .,neutral
8906,أنا على يقين أنني أودعته في مكتب الاستقبال .,neutral
8907,لا أدري كم من النقود يجب علىّ تركه كبقشيش ؟,neutral
8911,إنها الخادمة . هل تريد أيّ شيء ؟,neutral
8913,ما ثمن خرطوشة السجائر هذه ؟,neutral
8914,"أين يمكنني مشاهدة عَرْض "" شبح الأوبرا "" ؟",neutral
8915,أريد شراء تذكارات لأصدقائي . أيمكن أن تُوصي ببعض منها ؟,neutral
8916,هل تحب العمل هنا ؟,neutral
8917,لا ، هذا هو ثلاثة سبعة تسعة ثلاثة ثمانية أربعة سبعة اثنان ، أخشى أنك اتصلت بالرقم الخطأ .,negative
8918,بطريقة أبطأ ، من فضلك .,neutral
8919,ما هو متوسط أسعاركم للفاكس الدولي كل شهر ؟,neutral
8921,هل تسمح لي بمفتاح غرفتي ؟,neutral
8928,معذرة . هل يمكن أن تدلني أي قطار يذهب إلى جادة هويلر ؟,neutral
8929,أيمكنك أن توصي بفندق نظيف وغير باهظ الأسعار ؟,neutral
8930,ربما هذا اشد كثافة نوعاً . هل لديك آخر أرفع ؟,neutral
8931,هل تسمح لي بإعادته إذا لم يناسب مقاسي ؟,neutral
8934,هل تريد إرسالها بالبريد الجوي أم بالبريد العادي ؟,neutral
8935,أقلني إلى شارع كنج .,neutral
8938,هل لديكم أية أماكن شاغرة الليلة ؟,neutral
8941,أعتقد أن محطة الحافلة هي بالقرب من هنا ، أليس كذلك ؟,neutral
8943,أخشى أننا لا نقوم بذلك ، يا سيدي .,negative
8944,من فضلك تكلم ببطء . أنا لا أفهم جيداً .,negative
8945,هل يمكنني أن أجرّب ذلك ؟,neutral
8947,مقلية على الجانبين ، من فضلك .,neutral
8952,ما رأيك في أن تصحبني لاحتساء القهوة .,neutral
8955,أطلب بيرة . أي نوع من البيرة عندكم ؟,neutral
8958,ماذا ؟ ألا يعطونك فرشاة أسنان كمجاملة ؟,negative
8959,أريد ثلاثة أفلام ملونة ستة وثلاثين مللي .,neutral
8960,هل هناك أية حافلات تعمل على الخط ؟,neutral
8962,أوه ، ذلك سعر عالٍ قليلاً . هل عندكم أي شيء أقل غلاءً ؟,negative
8963,معذرة ، لقد طلبنا ثلاث مرات لإحضار مشروباتنا .,neutral
8964,كم تكلّف الرحلة إلى برج لندن ؟,neutral
8966,حسنا ، هذا يبدو واضحاً تماماً . كلاكما ، رجاءً ، أعطياني ما يخصكما من رُخص وشهادات تسجيل . وأنت يا بُني ، يؤسفني أننا مضطرون لأن نجري لك اختباراً لفحص نسبة الكحول .,neutral
8967,أيمكنك أن توصي ببعض الأماكن حيث أستطيع أن أذهب وأعود في غضون يوم ؟,neutral
8968,إنه ثقيل .,negative
8969,الشارع مختلف عن ذلك الذي مررنا منه أمس . هل هذا طريق مختصر ؟,neutral
8970,كيف تتهجّاها ؟,neutral
8973,ليس بالضرورة ذلك . أعتقد أنهم تعلموا التعايش بعد سنوات طويلة من المنافسة .,neutral
8976,بالمناسبة ، هل تقبل المتاجر متعددة الأقسام الشيكات السياحية ؟,neutral
8978,نعم ، بالطبع . ما هو رقم بطاقتك وتاريخ انتهاء الصلاحية ؟,neutral
8979,أرغب في برطمان مُربى .,neutral
8981,هل يمكنني استئجار معدات غطس باستخدام نظارة بحر ذات أنبوبة للتنفس . من هذا المحل ؟,neutral
8983,هلاّ اعتنيت بأمتعتي ؟,neutral
8984,"ربما عليك أن تجرب فندق "" إتش "" أو "" سي "" .",neutral
8985,متى ترفع الستار ؟,neutral
8987,كيف تحب أن يكون شعرك ؟,neutral
8989,ابدأ التشغيل بفرقة رولينج ستونز .,neutral
8990,"نعم , أبدأ بسلاطة جمبري .",neutral
8991,سُرق جواز سفري مع سبعين دولارا .,negative
8993,ما هذا المبنى غير العادي ؟,neutral
8994,هل عندكم حمام سباحة في هذا الفندق ؟,neutral
8995,"من فضلك , اتصل بي في الساعة السادسة من صباح الغد . حجرة رقم أربعة عشر .",neutral
8996,هل يمكن أن أدفع بالين ؟,neutral
8998,أنا آسف لا يوجد استرداد . يمكن أن تستبدل بها شيئا آخر .,negative
8999,أين الجامعة ؟,neutral
9000,كانت ترتدي بلوزة وتنورة .,neutral
9001,أنا من الولايات المتحدة .,neutral
9002,هذا هو مطعم دالاس .,neutral
9003,"من فضلكم , نكون سعداء لو اتصلتم بنا في أي وقت .",positive
9004,هل يمكنكم أن ترسلوها إلى اليابان لو طلبت ذلك الآن ؟,neutral
9005,"هل يمكن أن آخذ ديكا روميا على حبوب الجودار ؟ وأريد مزيدا من المايونيز , من فضلك .",neutral
9007,لِكم يوم تسري هذه التذاكر ؟,neutral
9008,هل تريد أن تأكل في الخارج معي ؟,neutral
9009,سُرقت محفظتي وجواز سفري .,negative
9011,سيكون جاهزا بعد غد في المساء .,positive
9012,هل لديكم أية خطط ؟,neutral
9016,هل توجد تدفئة ؟,neutral
9017,أين المسرح ؟,neutral
9019,لقد قطعت إصبعي .,negative
9021,هل تأخذ مائة دولار على هذا ؟,negative
9022,هل هذا مصنوع من القطن ؟,neutral
9023,هل هذا معقول ! أنا لم أعلم أن بطاقة الائتمان تستغرق على الأقل شهرا .,neutral
9024,هل يمكن أن آخذ متعلقاتي من خزينة الإيداع الخاصة بي ؟,neutral
9025,أريد أن أغير جدولي .,neutral
9026,"لا , لا ينبغي أن تفعل ذلك . فقط اضغط على غالق الكاميرا .",neutral
9027,لقد وجهت إلي لكمة .,neutral
9028,متى تكون نهاية الجولة ؟,neutral
9029,عندي الدواء الخاص بي .,positive
9030,ميامي .,neutral
9032,أهذا دوري أنا ؟,neutral
9034,ما الذي يمكن أن أراه في هذه الجولة ؟,neutral
9038,من أين يمكن أن أشتري مصنوعات تقليدية ؟,neutral
9040,إنها بستة دولارات . هل ستأخذها ؟,neutral
9041,"نعم , يوجد مشروب على الأقل .",positive
9042,"من فضلك , أين يوجد أقرب غرفة استراحة بالقرب من هنا ؟",neutral
9047,هاك بعض أنواع مختلفة .,neutral
9048,خفض سعرها .,neutral
9050,مع السلامة .,neutral
9051,ما تكلفة هذا في اليوم ؟,neutral
9052,"أريد أن أقوم بإجراءات تسجيل الخروج , من فضلك .",neutral
9053,أود أن أعرف إن كان يمكن أن يُرسل لي الإفطار ؟,neutral
9055,هل من الممكن أن أتسلق جبلا بهذه المعدات الخفيفة ؟,neutral
9056,هل يمكن أن آخذ بعضا من الماء ؟,neutral
9057,سنبذل قصارى جهدنا لنصل إلى حل بخصوص هذا الأمر قبل صباح الغد .,neutral
9058,هل توجد أدوات تجميل في الدور الأول ؟,neutral
9061,هل تتوقف هذه الحافلة بالقرب من الفندق ؟,neutral
9062,أكثر من علبة سجائر في اليوم .,neutral
9063,هذا يفوق ميزانيتي .,negative
9065,هل يمكن أن آخذ بعض السجائر ؟,neutral
9066,"من فضلك , أريد طبيبا إلى حجرتي .",neutral
9071,"اعذريني لو كنت مخطئا , لكن ألستِ ريبيكا أندرسون ؟",neutral
9073,أريد اسطوانة مدمجة .,neutral
9074,أنا مقيم في فندق هايت . من فضلك أرسل لي أمتعتي إلى الفندق على وجه السرعة .,neutral
9077,"توجد رحلات جوية على شركات جال وانا التي تقلع في الساعة العاشرة وخمسة وخمسين دقيقة . ولكن , للأسف كلتا الرحلتين محجوزتان .",negative
9079,"تذكرة عودة , من فضلك .",neutral
9081,الطريق رقم خمسة على اليمين هناك .,neutral
9082,أريد بلوفرا بأكمام طويلة .,neutral
9085,يوجد بنك بعد عمارتين إلى الأمام .,neutral
9089,سنتأخر ساعة .,negative
9091,أين يمكن أن أفحص الزيت ؟,neutral
9092,من فضلك أرسل هذا الطلب الخاص .,neutral
9093,"هذه غرفة رقم ثلاثة أربعة خمسة . أريد بعض خدمات الغرف , من فضلك .",neutral
9094,تناسبني تماما .,positive
9097,هل يمكن أن أصطحب هذا إلى الطائرة ؟,neutral
9098,هل يمكن أن نحجز طاولة لخمسة أشخاص ؟,neutral
9099,"من فضلك , هل لديكم مقاعد من الدرجة الاقتصادية على الرحلة المتجهة إلى طوكيو في الثالث عشر من أكتوبر ؟",neutral
9100,إنها لا تفهم الإنجليزية مطلقا .,negative
9103,"ذهاب , أم ذهاب وعودة ؟",neutral
9105,أريد شريحة لحم بقري مع بطاطس محمرة .,neutral
9106,إنها لحم عجل مفروم متبل بالفلفل .,neutral
9107,هذا اللون الخافت مشهور جدا هذا العام .,positive
9108,أن أقوم بعمل حمية .,neutral
9109,هل توجد حانة ديسكو في هذه المدينة ؟,neutral
9114,أين مكتب التسجيل الخاصة بشركة إيه بي سي إيرلينز ؟,neutral
9116,إنها على اليمين هناك .,neutral
9119,"مساء الخير , يا سيدي . هل يمكن أن أساعدك ؟",positive
9120,إنها تثير الحكة في هذا الموضع .,negative
9121,"من فضلك , أعطني الباقي على هيئة فكة صغيرة .",neutral
9122,يمكن أن نحجز لك مقعدا في الرابع والعشرين من مارس .,neutral
9123,أفهم ذلك . كم محطة في الطريق من هنا إلى سوث ستاشن ؟,neutral
9124,أريد أن أغير حجزي إلى ج ل صفر صفر واحد في الثالث من يناير .,neutral
9126,"من فضلك , اصرف شيكا سياحيا .",neutral
9127,"ساندوتش فخذ الخنزير مع خبز الجاودار , و عصير برتقال كبير , من فضلك ؟",neutral
9129,هل يمكن أن أُرجع ذلك ؟,neutral
9131,"مرحبا . هذا تسونيو سوزوكي . هل يمكن أن أتحدث مع جون أندرسون , من فضلك ؟",neutral
9134,السيد تسونيو سوزوكي ؟ هل تسمح من فضلك أن تملأ بطاقة التسجيل هذه ؟ أي نوع من الغرف تحب ؟,neutral
9135,هذا حسن . من فضلك سجل رقم هاتفك أيضا .,neutral
9137,تنتهي مدة جواز سفري في أسبوعين .,negative
9139,"هذا الجلد رقيق للغاية وينخدش بسهولة , فانتبه جيدا .",neutral
9141,"مبروك , أسمع أنك بانتظار مولود .",positive
9143,ما هو رقم قسم شئون نظافة الفندق ؟,neutral
9145,إشارة الفرامل الضوئية لا تعمل .,negative
9147,"السيدات والسادة , نحن نقوم باستعدادات نهائية للمغادرة في الحال , وسنترك المكان في بضع دقائق .",neutral
9148,هل توجد حارة للسير السريع ؟,neutral
9150,هل يمكن أن تعتني بها من الساعة التاسعة صباحا حتى الثالثة ؟,neutral
9151,هل أنت أيرلندي ؟,neutral
9154,أنا أوصي بقلادة .,positive
9156,"من فضلك , أصدر شهادة طبية وإيصالا للتأمين .",neutral
9157,هل يمكن أن تحضروها لي في الساعة التاسعة ؟,neutral
9158,هل يسري التخفيض الآن ؟,neutral
9159,لماذا لا نذهب إلى قصر باكنجهام اليوم ؟,neutral
9160,ما تكلفة البريد الجوي إلى اليابان ؟,neutral
9161,"من فضلك , أخبرني مرة أخرى .",neutral
9163,أتمنى لو كنت مكانك .,positive
9164,أحب الفواكه حبا جما ما عدا التين .,neutral
9165,هل يمكن أن أدخل ؟,neutral
9166,ليس بعيدا ؟,neutral
9167,"حسنا , أتمنى أن أرجع إلى اليابان وأحصل على وظيفة جيدة في أحد البنوك الرائدة .",positive
9168,من فضلك افتح هذا .,neutral
9169,أين يقع أقرب متجر للأدوات الرياضية ؟,neutral
9171,"أريد النموذج الذي وقعه المدير , من فضلك .",neutral
9172,أريد الوصول إلى لوس أنجلوس ما بين الظهيرة حتى الساعة الثانية .,neutral
9173,هل يمكن أن أرى كتيبا يوضح الأماكن التي تستحق الزيارة ؟,neutral
9174,مائة وسبعون جنيها للفرد ككل .,neutral
9175,"من فضلك , خذني إلى فندق فور سيزونز .",neutral
9176,"لقد أُغلق علي الباب . هل يمكن أن تفتح بابي , من فضلك ؟",neutral
9178,هل يمكن أن آتي في العاشرة يوم الأربعاء ؟,neutral
9180,هل عندكم نفس الشيء بلون مختلف ؟,neutral
9181,"أين سُــرقت ؟ أنت تعرفين , لو أن فتاة تحاول المقاومة فإن الأمر سيصبح أكثر خطورة .",negative
9182,لو سمحت أعطني إسعافا أوليا .,neutral
9184,لا يمكنك أن تأخذ هذه الأمتعة معك .,negative
9185,"حسنا , هذا يتوقف على المرور , أنت تعرف ذلك . إن المرور مزدحم جدا هذه الظهيرة .",neutral
9191,أود أن أدعوك إلى منزلي يوم الأحد القادم .,positive
9193,هل يمكن أن آخذ دوائي هنا ؟,neutral
9194,أنا أتحدث اليابانية فقط .,neutral
9198,نحن نفتح في العاشرة ونغلق في السادسة .,neutral
9200,نود أنا وزوجتي أن نفتح حسابا مشتركا للمدخرات .,neutral
9203,نطلب منك إذا سمحت أن ترتدي رابطة عنق .,neutral
9206,قـَصة شعر وشامبو من فضلك .,neutral
9207,لا أصدق أنك حقا في الأربعين .,neutral
9209,هل أضطر أن أغير الحافلة حتى أصل إلى هناك ؟,neutral
9210,من هو آخر الطابور ؟,neutral
9211,ما هي أفضل جولة حتى أرى أشهر الأماكن ؟,positive
9212,"أنا آسف يا سيد شيمادا , السيد راسل في الخارج ؟",negative
9216,أين باب خروج الطوارئ ؟,neutral
9217,"هل يمكن أن تكرر ذلك , من فضلك ؟",neutral
9218,سيكون جاهزا بعد غد صباحا .,positive
9219,هل تغادر الحافلة إلى بوسطن في الساعة التاسعة وثلاثين دقيقة ؟,neutral
9222,دعوني أعتني بأمتعتكم .,neutral
9223,هل عندكم أية شربة بصل ؟,neutral
9224,أنا أعرف بالضبط ما تشعر به .,neutral
9225,متى يغلق هذا المتحف ؟,neutral
9226,تقاضى مني السائق أجرة باهظة . ماذا ينبغي علي أن أفعله ؟,negative
9227,هل هذه المنطقة آمنة للنساء ؟,neutral
9228,دعنا نتحدث عن المشاكل المحددة .,neutral
9229,هل هناك مضيفات يتحدثن اليابانية ؟,neutral
9231,بيعت كل التذاكر .,neutral
9235,كل شخص يبتسم بنفس اللغة .,positive
9239,"نعم , حجزت لدى شركة إيه بي سي للسياحة .",neutral
9240,نريد أن نلعب لساعة في الساعة العاشرة صباح الغد .,neutral
9241,هل يمكن أن تنتظر هنا لبرهة ؟,neutral
9242,كم حقيبة يمكن أن أحضرها معي في الطائرة ؟,neutral
9243,عندنا الكثير من الثلج هنا .,neutral
9244,يوجد أيضا أنواع كثيرة من الرامن سريعة التحضير . فنجان من الرامن يمكن أن يحضر في ثلاث دقائق بعد إضافة الماء المغلي .,positive
9245,من فضلك اغسل هذا .,negative
9246,ما هي أجرة الحمال ؟,neutral
9248,ما المنتج الذي أضاف كثيرا إلى ازدياد مبيعاتك العام الماضي ؟,neutral
9249,"اثنان بالغان وطفل واحد , من فضلك . بالمناسبة , ماذا يعني إرشاد أبوي لمن دون الخامسة عشر ؟",neutral
9250,لقد أعطى مداخلته القصيرة شكلا خادعا .,negative
9251,أنا أقدر هذا إذا أخبرتني متى سننزل .,positive
9256,هل يمكن أن أشتري أقراصا للمعدة هنا بدون روشته ؟,neutral
9258,يبدو أن شخصا ما أخذ أمتعتي .,negative
9261,ملأت الخزان .,neutral
9263,لا يا سيدي . هذه الظهيرة محجوزة بالكامل . ومع ذلك يمكن أن تحجز غدا .,neutral
9266,ضعوا الأمتعة في صندوق الشاحنة من فضلكم .,neutral
9267,سأذهب كي أسأل البواب عن الأجرة المناسبة .,neutral
9268,"نعم , سيكون هناك مرشد يتحدث الإنجليزية .",neutral
9269,متى سنخرج من الطريق السريع لنذهب إلى شاطئ لاجونا ؟,neutral
9270,منذ متى تتعلم الإنجليزية ؟,neutral
9271,كيف أهيئ هذا الفلاش ؟,neutral
9272,جميل أن أراك ثانية . شكرا على دعوتك لنا .,positive
9273,عظيم . اركبي سيارتي . سآخذكِ إلى أفضل طبيب نساء في المدينة .,positive
9274,"سألبس هذا , لذا من فضلك لف هذا لي .",neutral
9275,"معذرة , هل يمكن أن أغير مقعدي ؟",neutral
9276,"أريد دواءا للبرد , من فضلك .",neutral
9278,أين مكتب الطيران الذي سأواصل عليه الرحلة ؟,neutral
9279,هل عندكم مقاس أكبر ؟,neutral
9286,أريد إبريقا من النبيذ الأبيض .,neutral
9288,من أين أشتريه ؟,neutral
9289,سآخذ ثلاثة منهم .,positive
9292,هل ستسجل بيانات خروجي قبل أن أغطس في البحر ؟,neutral
9293,هل هي رحلة مباشرة ؟,neutral
9296,من قال هذا ؟,negative
9299,أريد أن أستأجر مرشدا يتحدث اليابانية .,neutral
9301,هل تأخذ بطاقة إيه بي سي ؟,neutral
9302,أنا لا أتذكر أين تركته .,negative
9303,أنا حقا آسف .,negative
9306,عندي سعال ببلغم .,negative
9307,أنا أخطئ في أخذ الأشياء المكتوب عليها باليابانية .,negative
9308,عندنا حفلة مساء الجمعة . لماذا لا تنضم لنا ؟,neutral
9311,سنضطر أن ننتظر على الأقل لنصف ساعة .,neutral
9312,"حسنا , حجرتك يا آنسة هي رقم تسعة صفر ثمانية . هذا مفتاحك .",neutral
9313,أريد إضاءة متواترة .,neutral
9315,وجدت صدعا هنا في البيت . هل يمكن أن أغيره ؟,negative
9316,من المهم جدا أننا نستطيع الوصول إلى المواد الخام التي نحتاجها في المشروع .,positive
9317,لا أتذكر أين .,neutral
9319,عندي ألم مستمر غير شديدا .,negative
9320,كم تظل هذه التأشيرة سارية المفعول ؟,neutral
9321,أنا مضطر أن أرسل هذه البدلة إلى المغسلة .,neutral
9322,أنا لا أحب هذه الحجرة .,negative
9323,نعم . هذا مفتاح حجرتي .,neutral
9324,"معذرة , ضابط ؟",neutral
9325,هل هذا القطار يتجه مباشرة إلى إدنبره ؟,neutral
9326,"أريد تذكرتين درجة أولى ذهاب وعودة إلى بوسطن , من فضلك .",neutral
9329,هل يدخل هذا في حدود المعفي من الضرائب ؟,neutral
9331,هل يمكن أن آخذ وسادة أخرى ؟,neutral
9332,"لو ممكن , فلتكن طاولة بالقرب من النافذة لو سمحت .",neutral
9334,أخبرني عن القواعد .,neutral
9335,أريد واحدا أحمر .,neutral
9336,هل المنطقة آمنة ؟,neutral
9337,"أخرج متعلقاتي الثمينة , من فضلك .",negative
9339,أتسمح أن تكتب تشخيصا لي ؟,neutral
9341,لقد سُرقت حقيبة يدي مني أمام الفندق بالقرب من هنا .,negative
9343,هذه هي متعتي .,positive
9344,هل أنت متأكد أن هذه الحسبة صحيحة ؟ من فضلك راجعها ثانية .,neutral
9345,توجد بعض الأمواج العاتية اليوم .,neutral
9347,لا أستطيع أن أتذوق أي شيء .,negative
9348,أريد أن أقوم بجولة لمكسيكو لمدة أسبوع .,positive
9349,إنها لم تـُرسل بعد .,neutral
9350,هل من الممكن أن أتناول الوجبة بعد أن أنام ؟,neutral
9351,ما هو وقت الإفطار ؟,neutral
9352,هل تأتي معها ورقة بالتعليمات ؟,neutral
9353,"من فضلك , اكتبها هنا .",neutral
9354,يمكنك أن تشتري تذكرة بورقة فئة ألف ين من هذه الماكينة .,neutral
9355,معذرة . هل يوجد تليفون عملة بالقرب من هنا ؟,neutral
9356,هل يمكن أن أجلس بجوارك ؟,neutral
9357,لست متأكدا تمام التأكد . ربما يكون هذا المساء .,neutral
9358,كيف يكون الزحام في مثل تلك الجولات ؟,neutral
9362,أنا أشعر بالمرض . هل يمكن أن تعطني شيئا من فضلك ؟,negative
9364,ما تكلفة إرسال البطاقة البريدية المصورة هذه ؟,neutral
9365,عمل .,neutral
9367,أود أن أشتري بعض التذكارات . هل يوجد هنا محل مناسب ؟,neutral
9368,لقد طرحت أرضا بواسطة شخص غريب .,negative
9370,نحن نساعد المستخدمين أن يستفيدوا بأقصى ما يمكن من البضائع التي يشرونها .,positive
9371,هل يمكن أن آخذ اثنين من الهامبرجر ؟,neutral
9372,إلى متى تظل مفتوحة ؟,neutral
9374,من أين يمكن أن أحصل على كتيب ؟,neutral
9375,"من فضلك , هل يمكن أن تصرف هذا الشيك السياحي الذي يساوي ثلاثمائة دولار ؟",neutral
9378,كيف أجد المبنى الذي يقع فيه مكتبك ؟,neutral
9379,هل عندكم أية سيارات ذات مقود ناحية اليمين ؟,neutral
9380,أريد هدية لطفل .,neutral
9382,"من فضلك , سأقوم بالتأكيد عليها بقيمة خمسين جنيها .",positive
9384,إنه في الخارج الآن .,neutral
9385,"مايومي , هل تسمح أن تملأ هذه الورقة بتوقيعك ؟",neutral
9386,تجدها في نهاية هذه الردهة .,neutral
9387,لقد انخرطت في تطوير منتجات جديدة .,positive
9389,عليك أن تسجليني في رحلة طيران أخرى .,negative
9390,"كم يتكلف ذلك , شاملا الضريبة ؟",neutral
9392,ما مظهره ؟,neutral
9397,"شكرا لك . أنا أقدر ذلك . أنت ترى , كم أنا مهتم بالمسلسلات الأسترالية .",positive
9398,إنه يتحرش بي .,negative
9401,"أهو أنت ؟ حسنا , من الأفضل أن تأخذ تاكسي وتقول للسائق فقط جراي لاين سيتي ترمينال . ولن تأخذ أكثر من أربعين دقيقة على الأقدام .",neutral
9403,أنا أذهب إلى مركز التجميل مرة كل ثلاثة أشهر .,neutral
9405,أريد حجرة أخرى .,neutral
9406,كيف يقدم العشاء بهذه السرعة ؟,neutral
9408,"هل هذا هو رقم تسعة صفر ثمانية واحد سبعة اثنان ستة ؟ آسف , يبدو أنني اتصلت بالرقم خطئا .",neutral
9409,هل لديكم أي شيء للأكل ؟,neutral
9412,أنا في العادة أغادر البيت إلى المدرسة في الثامنة .,neutral
9413,الآن خطرت لي فكرة .,positive
9414,ما هو الشيء الخاص بهذا الموسم ؟,neutral
9415,كم يبعد رصيف الصيد ؟,neutral
9417,تستحوذ علي الرغبة في العودة إلى البيت الآن لآخذ قسطا من الراحة .,neutral
9419,أين يقع أقرب سوبر ماركت ؟,neutral
9420,دعنا نفترض أن أقود سيارة مرسيدس مسافة تزيد على عشرة آلاف ميل ثم أبيعها لك . كم دولارا سآخذ ؟,neutral
9422,أنا وضعت لاصقا محجوزا على تذكرتك .,neutral
9423,هل يوجد منحر للمبتدئين ؟,neutral
9424,أنا أفرق شعري من هنا .,negative
9425,هل يمكن أن تقترح خطة أفضل ؟,neutral
9427,أية خطابات لي ؟,neutral
9428,هل ستغادر هذه الرحلة في ميعادها بالضبط ؟,neutral
9429,أنا طلبت اثنين من الكوكا منذ خمسين دقيقة . كيف تأتي ؟,neutral
9430,هل يمكن أن آخذ استردادا على هذا ؟,neutral
9431,إليك إحداها يا سيدي .,neutral
9432,ليس لدي أمتعة للتفتيش .,negative
9434,أعتقد أننا سائرون في الاتجاه الخطأ .,negative
9435,"معذرة , هل يمكن أن ترشح لي فندقا آخر ؟",neutral
9436,هل ترى ذلك المطعم هناك ؟,neutral
9437,"أود ذلك , ولكنني مشغول الآن .",negative
9440,"سأعطيها لك خصيصا مقابل مائتين وثلاثين دولارا , إذن .",neutral
9441,أريد أن أكوي هذه البدلة .,positive
9442,ما هي الرسوم التي ستفرض على هذا ؟,neutral
9443,هل يمكن أن تقوم بتبديل ؟,neutral
9444,يا له من يوم جميل . هل لديكم عادة هذه الأيام الجميلة في مثل هذا الوقت من العام ؟,positive
9445,أود أن أستأجر مزلاجة جليد ؟,neutral
9446,"بالتأكيد , كن على راحتك .",positive
9447,ياللجمال . أنا أسمع أنها بلد جميل .,positive
9448,كم الأجرة ؟,neutral
9450,أنا هنا في مهمة إعلامية .,neutral
9453,أين تود أن نحضر لك أمتعتك عندما نجدها ؟,neutral
9454,"إنها مسألة عادات . في اليابان , اعتادوا على نظام أخلاقي لا يسمح للولد مطلقا أن يجلس إلى فتاة بعد أن يبلغا السابعة من عمرهما .",neutral
9456,"ثلاثة عشر دولارا وستة وأربعين سنتا , شاملة الضريبة . نقدا أو على الحساب ؟",neutral
9457,من فضلك حاول مرة أخرى فيما بعد .,neutral
9458,هل تتوقع أي إلغاء ؟,neutral
9461,من فضلك أخبرني أين يكون مقعدي .,neutral
9463,هل لديكم أفلام للصيف ؟,neutral
9465,معذرة . هل يمكن أن تأخذ صورة لنا من فضلك ؟,neutral
9466,أجل . من فضلك أرني بعض القمصان .,positive
9467,"نعم , سأفعل . أنا أحب السباحة أكثر .",positive
9468,من هو النحات ؟,neutral
9471,هل هذا الفستان يناسبني ؟,neutral
9473,ما المسافة التي تقطعها الليموزين لتصل إلى هناك ؟,neutral
9474,إنها تأخذ عشرين دقيقة لتصل إلى المحطة .,negative
9475,لقد قضيت إقامة جميلة . شكرا لكم .,positive
9479,أرني القميص في فترينة العرض .,neutral
9481,متى يأتي القطار التالي المتجه إلى واشنطن العاصمة ؟,neutral
9483,كانت لنا تجربة مشابهة في الماضي .,neutral
9484,هذه تذكرتي .,positive
9485,مرحبا . ماذا أحضر لكم ؟,neutral
9486,كم يستغرق الإرسال بالبريد الجوي إلى اليابان ؟,neutral
9487,هل يمكن أن تفحصها لي ؟,neutral
9488,إنها ضيقة جدا .,negative
9489,هل يمكن أن آخذ إيصالا ؟,neutral
9491,أريد أن أقيم بأقل من مائة دولار .,neutral
9492,هل يمكن أن نبحث عن المحال المعفاة من الرسوم ؟,neutral
9494,الملابس الطويلة هي الموضة الآن .,neutral
9498,أريدكم أن تحتفظوا لي بحقائبي حتى الساعة الثالثة .,neutral
9499,كم المسافة حتى الشاطئ ؟,neutral
9500,ابغي صندوق إسعافات أولية .,negative
9501,من فضلك اعطني الرقم الذي يمكن الاتصال به في حالة الطوارئ .,neutral
9502,هل هناك أية حافلات تتجه إلى جليد هال ؟,neutral
9505,كيف حالك ؟ أنا هيروكوسوزكي . هل يمكنني معرفة اسمك ؟,neutral
9512,هل تحب الطعام الياباني أكثر كذلك ؟,positive
9513,من فضلك سجل هذا الخطاب .,neutral
9515,أين أقرب محل لبيع الخضراوات ؟,neutral
9516,سأعود إلى اليابان الاثنين المقبل .,neutral
9520,نعم . ثمانون جنيهاً في الليلة ، زائد الضريبية .,neutral
9522,هذه قائمة طعامك . النادلة ستكون هنا في الحال . تمتع بعشائك .,positive
9524,ارغب في التحدث إلى السيد جوجو في الغرفة رقم ثلاثة صفر ستة .,neutral
9525,أين المدخل إلى المترو ؟,neutral
9526,هل يمكنني الحصول على خريطة للمترو ؟,neutral
9528,كانت غير واضحة .,neutral
9529,هل يوجد هناك بنك داخل هذه المحطة ؟,neutral
9532,هي لا تلائمني .,negative
9533,أبغي فودكا .,neutral
9534,أود أن أترجل من السيارة في سان فرانسيسكو .,neutral
9539,هلا طلبت منه أن يتصل بي على حسابي حينما يعود ؟,neutral
9540,إنني أمزح فقط . في واقع الأمر ، فقط أبغي شراء حذاء جديد . عفواً ، أين توجد أحذية السيدات ؟,neutral
9541,أنت لم تحضري لي سلطتي ، معذرة .,negative
9542,هل هو طريق طويل ؟,neutral
9543,أحتاجها قبل الجمعة .,neutral
9544,نعم ، هي كذلك . لحظة واحدة ، من فضلك .,positive
9545,في إجازة .,neutral
9547,هل ساعتك مضبوطة ؟,neutral
9550,من المدير ؟,neutral
9551,هل هذا متُبل ؟,neutral
9552,كم مجموع ما أنفقت ؟,neutral
9553,هلا تفضلت لي بشرح هذه المفاتيح الكهربائية ؟,neutral
9554,هذا رائع . هل ستتحدث بالإنجليزية أم اليابانية ؟,positive
9555,هل هذا آمن لتركيب هذا الفيلم ؟,neutral
9556,لدي خمسة صناديق من السجائر .,neutral
9558,هلا أخبرتني بالمقاس الذي يناسبني .,neutral
9560,هل يمكنك تبديل هذه بواحدة جديدة ؟,neutral
9562,عفواً . لقد ضللت الطريق . هلا أريتني الطريق إلى المحطة ؟,neutral
9563,ما هي مساحة اليابان ؟,neutral
9564,كلا ، ليس لدي متسع من الوقت . فقط توضيب .,negative
9568,من سان فرانسيسكو حتى ناريتا .,neutral
9569,هل هناك أي طبيب يتحدث اليابانية ؟,neutral
9571,هلا أعطيتني إبريق للشاي ؟,neutral
9572,هل بإمكاني الذهاب إلى هناك بالتاكسي ؟,neutral
9576,شخصان .,neutral
9577,عرض النهر أكثر من مائة متر .,neutral
9578,ليس هذا مقاسي تماما .,negative
9579,أين يمكنني أن أستعيد أمتعتي ؟,neutral
9581,لا أشعر براحة . هل يمكنني حني مقعدي ؟,negative
9582,شيء رائع أن أمارس التنس في هذا المكان الخلاب .,positive
9583,أرغب في حجز غرفة بفندق لليلة .,neutral
9585,أنت تري علامة المترو هناك .,neutral
9586,هل أنتم تعملون أيام الأحد ؟,neutral
9588,هلا أصدرت لي بطاقة بديلة ؟,neutral
9589,أنا أسف حقاً .,negative
9590,متى سيكون هذا الفيلم جاهزاً ؟,neutral
9591,هل يوجد هناك ديسكو جيد قريب من هنا ؟,neutral
9594,سآخذ واحدة حمراء وواحدة بيضاء .,neutral
9595,أرغب في عدسة عريضة الزوايا .,neutral
9598,"آوه , بضعة أيام فقط . وهناك الكثير الذي أبغي رؤيته ، ولا أعتقد أن هناك متسعاً من الوقت .",positive
9599,أي خط متجه إلى مانهاتن ؟,neutral
9600,كم زمن الاستراحة بين الفصل الأول والفصل الثاني ؟,neutral
9602,مررت عبر خط أحمر .,neutral
9603,فر هذا الصبي أمام سيارتي .,negative
9604,الساعة الحادية عشر وخمس وأربعون دقيقة في الصباح .,neutral
9605,هلا أرشدتني إلى مطعم مفضل بين الشبان ؟,neutral
9606,كانت سيارته تسير بكامل سرعتها .,neutral
9607,أرني حافظة رجالي .,neutral
9608,هلا أطلعت عليها حتى تتيقن ؟,neutral
9611,هل بإمكاني ترك رسالة ؟ إنني أتصل للتأكيد على موعدي مع السيد إيبرت الأربعاء المقبل في الحادية عشرة صباحاً .,neutral
9612,أريد مصفف شعر .,neutral
9613,أحتاجها غداً .,positive
9614,أحتاجها في الخامسة مساءاً .,neutral
9617,بيد أنه ليس بمقدورنا استخدامها في أي شيء فيما عدا الدفاع عن النفس .,negative
9620,أحتاج طبيباً . هلا عرفتني بواحد ؟,neutral
9622,كعكة الأرز هي نوع من الطعام الياباني التقليدي .,neutral
9623,شكراً لك على مساعدتك .,positive
9624,هل لديك أي شيء كاجوال أكثر ؟,neutral
9625,يتعين علىّ أن أكون بالمطار في الساعة العاشرة والنصف .,neutral
9626,أريد طعام العشاء .,neutral
9628,هل يمكنك بطريقة ما أن تصف لي مرضك بالإنجليزية ؟,neutral
9629,الألم غير المنقطع ينتقل من أذني إلى عنقي .,negative
9630,لا يوجد هناك سبيل لاعتذاري .,negative
9631,طلبت وجبة نباتية .,neutral
9633,هل هناك مطعم صيني على مقربة من هنا ؟,neutral
9634,هلا أرسلت تاكسي إلى المدخل الرئيسي لـ ويستمانستر مول ؟,neutral
9635,هل ستقيم في نيويورك طويلاً ؟,neutral
9636,أبغي نموذج تلغراف ، من فضلك .,neutral
9637,هل بإمكاني الحصول على طوابع بريد من أجل سبع بطاقات بريدية إلى اليابان ؟,neutral
9639,هل هذه الحافلة متجهة إلى ديزني لاند ؟,neutral
9643,بكل تأكيد ، اصعد .,neutral
9644,لدينا تذاكر للسيارات العادية وسيارات جرين كارز . أيهما تبغي ؟,neutral
9645,فقدت ساعتي .,negative
9646,من تعتزم الذهاب معهم ؟,neutral
9649,إلى أين أنت ذاهب ؟,neutral
9650,استخدام الفلاش محظور .,negative
9651,كم عدد المرات التي سأغير فيها القطارات للوصول إلى هناك ؟,neutral
9653,أود أن أستأجر هذا الطراز من السيارات لمدة ثلاث ساعات .,neutral
9654,لقد قضيت وقتاً رائعاً هذا المساء ، شكراً لك .,positive
9655,كيف تستخدم هذا في الطهي ؟,neutral
9656,كم سعر هذا متضمناً الضريبة ؟,neutral
9657,هل هذا صواب ؟ دعني أتحقق . أوه ، أسف بشدة آنسة تاكاناو . هذا خطأنا . إليك فاتورتك الجديدة . هلا تفضلت بالتوقيع هنا ، من فضلك ؟,negative
9659,أحتاج إلى تقرير عن الحادثة .,neutral
9661,لا أريد أي معطر شعر .,negative
9662,بالتأكيد سأضعها في صندوق السيارة .,positive
9664,كم قيمة رسوم التبديل ؟,neutral
9666,نعم ، بكل تأكيد . هل ستقيم ثلاث ليال ؟,positive
9669,هل يمكن أن تأخذ مقاساتي ؟,neutral
9672,هلا قمت بتغليفها لي ، من فضلك ؟,neutral
9673,الباقي خمسة دولارات ، من فضلك .,neutral
9674,بكم هذه ؟,neutral
9676,لا أعرف الأحجام البريطانية .,neutral
9677,اتفضلها حقاً ؟,neutral
9679,من فضلك أرني عقدك . قيمة إجمالي الرسوم ستبلغ مائتي دولار .,neutral
9680,هل يمكنني أن أري بطاقة ركوبك ؟,neutral
9681,ابغي غرفة مفردة .,neutral
9683,سدادة حوض الاستحمام لا تقفل بالكامل .,neutral
9684,ضع حقائبك هنا ، الفحص لحقيبة واحدة فقط .,neutral
9685,أشعر بأنني أود أن أنام لبرهة .,neutral
9687,إنها مجرد هدية تعبيرا عن تقديري .,positive
9688,هلا ملأت هذا النموذج ؟,neutral
9691,من أي رصيف سيغادر ؟,neutral
9693,هل يمكنني الحصول على قاعتي عرض لهذا المساء ؟,neutral
9695,ماذا عن هذه النماذج البلاستيكة ؟,negative
9698,قريب من خشبة المسرح ؟,neutral
9700,السعر الموجود على الفاتورة هو نفس السعر الموجود ببطاقة التسعير .,neutral
9701,ما هي الماركات التي توجد لديك ؟,neutral
9702,الكعب عالي جدا بالنسبة لي .,negative
9703,اتصل بشركة تأمين ، من فضلك ؟,neutral
9707,ماذا عن خمسة ؟ لا أحتاج كثيراً جداً,neutral
9709,تركت معطفي هنا .,neutral
9710,اقفل الباب من الداخل وأنا خارج الغرفة .,neutral
9712,قلم الأطراف بعد التموج الدائم ، من فضلك .,neutral
9713,المقعد مكسور .,negative
9714,أريد أن أشتري فيلم كوداك ذاتي الرجوع فئة ست وثلاثين صورة .,neutral
9715,أين يوجد أكبر متجر متعدد الأقسام قريب من هنا ؟,neutral
9717,اسمك من فضلك .,neutral
9719,أبغي دجاجاً ، من فضلك .,positive
9720,لدي مشكلة ، حينما كنت أسير في الشارع ، سرقت حافظة نقودي . أين يوجد قسم الشرطة ؟,negative
9722,من فضلك لا تدخن في هذا الوقت .,neutral
9723,نحن الآن بالقرب من سيدني ، طريق اثنين وثلاثين .,neutral
9724,أرغب في الإقامة لفترة أطول .,neutral
9726,هل هذا للخدمة الذاتية ؟,neutral
9727,بالتأكيد . ما هو ؟,neutral
9730,كم المدة التي قضيتها في باريس ؟,neutral
9731,وصلت إلى هنا على متن رحلة طيران تابعة للخطوط الجوية البريطانية رقم واحد خمسة اثنان .,neutral
9732,هل يمكنني الحصول على طوابع بريدية لثلاث بطاقات بريدية جوية لليابان ؟,neutral
9734,أسس في عام ألف وسبعمائة وثلاثة وخمسين بيد أن الواجهة ذات الأعمدة الرخامية قد تم بنائها في عام ألف وثمانمائة واثنين وخمسين .,neutral
9735,هل يمكنني أن آخذ طلبك ؟,neutral
9736,"لنتحدث بدقة , مئات الآلاف منها ، سيد كوريو . في هذا القبو وحده يوجد لدينا حوالي ثمانمائة ألف زجاجة .",neutral
9738,هذا صواب . سأتمتع حقاً برؤيته مجدداً .,positive
9739,نعم ، بيد أنه سيتعين عليك أن تسدد رسماً إضافيا .,neutral
9740,منذ متى وأنت تفعل هذا ؟,neutral
9744,أود أن آخذ الرحلة ذاتها في الأول من يوليو .,neutral
9746,تتهجي جي أوه آر أوه اتش .,neutral
9747,هل تبغي شراباً ؟,neutral
9748,استلقي هنا .,neutral
9752,اجعلها برقية عاجلة ، من فضلك .,neutral
9756,هل هذا قطار سريع ؟,neutral
9757,ما قيمة التعريفة التقريبية للذهاب إلى سكوير بارك بواشنطن ؟,neutral
9758,ليس بإمكاني الوصول إلى زمام السوستة في الخلف .,negative
9759,هل رحلة الطيران بي ايه ايه رقم اثنان صفر خمسة مدرجة في جدول المواعيد ؟,neutral
9760,هلا أرشدتني إلى كتاب جيد لطفل يبلغ من العمر خمسة عشر عاما ؟,neutral
9762,طعام طيب ؟,positive
9763,كيف أعود إلى المحطة المركزية الكبيرة ؟,neutral
9765,أحمر الشفاه الصغير هذا فاتن للغاية . سآخذ هذا ، من فضلك .,positive
9766,هل هذه هي دعوى الأمتعة الخاصة بشركة يوناتيد آير لاينز ؟,neutral
9768,الرقم هو ثلاثة أربعة خمسة ستة سبعة ثمانية تسعة صفر واحد اثنان .,neutral
9770,أبغي سريراً صغيراً .,positive
9772,هذه هي الصحيفة الخطأ .,negative
9776,أبلغ من العمر ثمانية أعوام .,neutral
9777,هل تود أن تترك رسالة ؟,neutral
9778,أعاني من علة مهبلية .,negative
9779,أبحث عن أدوات ماكياج .,neutral
9782,هل الفاتورة تشمل رسم الخدمة ؟,neutral
9784,أي أخريات قطنيات ؟,neutral
9787,أبغي بعض الفلفل ، من فضلك ؟,positive
9788,طبقاً لتقرير الطقس ، فإن غداً سيشهد سقوط جليد .,neutral
9789,في حالة عدم وصول أمتعتي غداً ، فسأنتقل إلى فندق آخر في غضون يومين .,negative
9790,هل لديك أي نبيذ كاليفورني ؟,neutral
9791,إذا كان لديك ين ياباني ، فإنني أريد الباقي به .,neutral
9792,أبغي كرة .,neutral
9793,كما أنا ممتن كثيراً لك .,positive
9795,من فضلك ابق داخل قطر الغطس البالغ ثلاثين قدما .,neutral
9796,لا . شيء ما لوضعه على الجسم .,neutral
9797,أبغي مرشداً خاصاً .,neutral
9798,خذ ضربة جزاء .,neutral
9799,مرحبا . هل يمكنني التحدث إلى جان ؟ مايومي ياماجوشي يتحدث .,neutral
9801,مرحباً . لقد اتصلت بـ جي دبليو أنداستريز . ساعات عملنا بين التاسعة صباحاً والخامسة مساءاً . إذا كنت تعلم الرقم الداخلي للطرف الذي تتصل به ، فمن فضلك اتصل بالرقم الآن . إذا كنت تتصل من تليفون يعمل باللمس ، فمن فضلك اتصل باسم الطرف الذي ترغب في الاتصال به .,neutral
9802,ما هو الشيء الخاص في هذا المنزل ؟,neutral
9803,هل لديك أي أحذية بمقدمة مدببة ؟,neutral
9804,لقد تركت حقيبتي في القطار .,negative
9807,عيناني تضعفان .,negative
9809,هل يمكنني إرفاق هذا الخطاب فيه ؟,neutral
9810,فيما يبد أن أحد الأشخاص كان متورطاً .,neutral
9812,أريد بعض الأربطة المطاطية .,neutral
9813,ليست غلطتي ، لكنها غلطتك أنت .,negative
9815,من فضلك توقف عند المدخل الرئيسي للفندق .,neutral
9818,هلا بدلت هذا ، من فضلك ؟,neutral
9821,كان المنظر جميلاً حقاً .,positive
9822,بكل تأكيد . سنكون سعداء لفعل هذا .,positive
9824,هل لديكم ساعات حديثة ؟,neutral
9825,شعرها كان متموجا وأسودا .,neutral
9827,هل يمكنني الحصول على مصباح ، من فضلك ؟,neutral
9829,هاي ، كتاب كوميدي ماليزي . سأشتري واحداً لآخذه إلى المنزل كقطعة محادثة .,positive
9831,كنت أعاني من صداع حينما استيقظت هذا الصباح .,negative
9832,"هلا اقترحت أي مكان آخر , يستحق الزيارة ؟",neutral
9833,السيد توماس ، دعني أقدم صديقتي ماري جونز .,neutral
9834,وأنا جوعان كذلك . لما لا نأكل في مكان ما ؟,negative
9835,أود أن أسألك عن النقطة رقم ثلاثة . هل أنا محق في الاعتقاد بأنه يتعين علىّ أن أسدد بحوالة بنكية ؟,neutral
9836,شكراً لك . أوه ، هذا جميل . ما هذا ؟,positive
9837,أبغي اتصالاً للاستيقاظ .,neutral
9838,أود إلغاء موعدي مع السيد إيه ؟,neutral
9840,لم يصل طعام إفطاري بعد . هلا تفضلت بالإسراع ؟,negative
9841,دعنا نرى . دعني أحصل على جريدة إنجليزية .,neutral
9844,إنه جميل جداً هنا ، أليس كذلك ؟,positive
9845,اسمع أن السفينة تحطمت بسبب الإعصار الاستوائي .,negative
9847,نعم . اسمي ساتو .,neutral
9848,ما نوع السلع التي تبغيها ؟,neutral
9850,أفضلها كثيراً جداً . بيدا أنه يؤسفني أنني لا أفضل التصميم . ماذا عن التصميمات الأخرى .,negative
9852,إنني أسف للغاية . سأبدلها . أي واحدة كنت تريد ؟,negative
9856,ما قيمة الرسوم في الساعة ؟,neutral
9857,نعم ، تمتعت بها .,positive
9858,أبغي نموذج قيمة الضريبة المضافة ، من فضلك .,neutral
9859,فلنسلك طريقاً مختصراً .,neutral
9860,خمسون سنتاً عن كل حقيبة ، يا سيدي .,neutral
9861,شخص ما انتزع حافظة نقودي مني .,negative
9862,"الطريق إلى النجاح هو "" جينمياكو "" حقاً ؟",positive
9863,هلا أرشدتني إلى فندق لا يكون غالياً أكثر مما ينبغي ؟,neutral
9865,التزم السكون وإلا أطلقت النار .,neutral
9866,سأصل إلى فندقكم في حوالي الساعة التاسعة مساءاً .,neutral
9867,ليس بعد . سأتناول سندويتش تشيز برجر وشاياً مثلجاً متوسط الحجم .,neutral
9868,شكراً جزيلاً لك . لقد كنت متعاوناً للغاية .,positive
9870,تغيير خاطئ هنا .,negative
9871,كم قيمتها جملة ؟,neutral
9872,أود أن أعلن عن هذه العبوة من النبيذ .,positive
9876,سأسجل خروجي ، من فضلك .,neutral
9877,كاميرتي لا تعمل بطريقة صحيحة ، هلا تفضلت بفحصها ؟,negative
9878,إنه عيد ميلاد صديقتي . هل لديك أي شيء خاص ؟,positive
9881,هل تعطلت في زحمة المرور ؟,neutral
9885,يوجد لدى حوالي ألفي وخمسمائة دولار بالين الياباني .,neutral
9886,هل استدعي الطاهي لشرحها ؟,neutral
9890,من المحتمل أن تكون خمس وثلاثين دولاراً على الأقل .,neutral
9891,هلا أعطيتني عقاراً مسكنا ؟,neutral
9893,هل يجلس شخص ما هنا ؟,neutral
9894,أبغي مقعداً على الرحلة المتجهة إلى لوس أنجلوس في الساعة الثامنة مساءاً .,neutral
9897,إنها تبدو كبيرة أكثر مما ينبغي قليلاً . هل بإمكاني أن أجرب الحجم الأصغر التالي ؟,neutral
9899,اذهب من هنا . أعطي هذا للفندق فور الوصول . إليك خريطة المدينة . تمتع بإقامة جميلة .,positive
9903,نعم ، نحن تفعل . سأريك بعضاً .,positive
9905,من فضلك قم بإعداد التقرير حيث إنه يمكنني أن أقدم دعوى تعويض لشركة التأمين .,neutral
9906,أبغي بعض الأقراص المنومة .,neutral
9907,هلا غلفتها ؟,neutral
9909,وجدت أخيراً وظيفة يمكنني من خلالها أن أستغل مواهبي .,positive
9910,سأكون هنا حتى التاسعة . يحدوني الأمل أن تتمكن من القبض على المجرم في أقرب وقت ممكن .,negative
9912,نعم ، أنني أبحث عن معطف .,neutral
9915,هل هناك أي رسوم إضافية ؟,neutral
9917,هل ستبدلها ؟,neutral
9919,"كلا , بالنسبة لسائقي التاكسي ، فهم إما أكثر أو أقل أمانة .",neutral
9920,هلا غادرنا الآن ؟,neutral
9921,العلكة لاذعة جداً .,positive
9923,هل يمكنني إغلاق النافذة ؟,neutral
9924,بيد أن كل شيء يأتي مع أكوام البطاطس التي تبدو دهنية . بدأت أفتقد الأرز وحساء الميسو .,negative
9925,هلا أعطيت الخط لشخص ما يتحدث اليابانية ؟,neutral
9926,تم نقل أمتعة شخص آخر لغرفتي .,negative
9927,"نعم , سر مسافة مبنيين . ستجدها على يمنيك .",neutral
9929,أبغي رؤية كنيسة الثالوث .,neutral
9930,طوكيو هي مركز الموضة .,positive
9931,ما الذي يتم عرضه في دار الأوبرا ليلة الجمعة ؟,neutral
9932,أصبت بأزمة ربوية .,negative
9933,إنها تبلت اليخن بالثوم .,neutral
9935,أفضل أفلام الخيال العلمي على قصص الغرام ؟,positive
9936,دعني أتحقق من سعر صرف الدولار أمام الين اليوم . لحظة واحدة ، من فضلك .,neutral
9937,هذا هو شريط الفيديو الذي سجلته لصديقي .,neutral
9939,خمس عشرات وعشر خمسات والباقي بالأرباع ، من فضلك .,neutral
9940,أبغي شراء بعض الحقائب .,neutral
9941,سنقضي أسبوعاً في إقامة المعسكرات ونمتع أنفسنا خلال هذا الصيف .,positive
9944,أمارس السباحة وأتدرب في صالة كمال أجسام مرة أسبوعيا .,neutral
9945,إنني على يقين أن المجرم قريب .,negative
9946,رحلة الطيران يو إيه ثمانية خمسة ثلاثة .,neutral
9948,عشرة طوابع من فضلك .,neutral
9949,أصبت بالتهاب في الحلق .,negative
9950,سيستغرق هذا ساعتين ورسم الخدمة تسعاً وتسعين دولاراً .,neutral
9951,ما هي أجود الأحذية التي لديك ؟,neutral
9952,لماذا قصدت نيويورك في العام الماضي ؟,neutral
9955,احتاج إلى بعض الهدايا التذكارية من نيويورك .,neutral
9956,أنا من ألمانيا . أقمت في لاس فيجاس لمدة ثلاثة أيام قبل القدوم إلى هنا .,neutral
9957,أبغي الذهاب بحرا ، ً لكن كيف حال الكبائن ؟,neutral
9959,هاي ، أشعر كما لو كنت قد سلكت هذا الشارع من قبل .,neutral
9960,هل تمانع في تقديم الإفطار ساعة ؟,neutral
9961,في حالة تركي للفيلم الآن ، متى ستكون الصور جاهزة ؟,neutral
9964,هل هناك مكتبة أخرى تبيعها ؟,neutral
9965,فقط بعض أدوية المعدة .,neutral
9966,ما اسم المحطة التي سأنزل عندنا ؟,neutral
9967,التعليم الإلزامي هو ست سنوات ابتدائي وثلاث سنوات إعدادي,neutral
9968,ماذا بخصوص اثنين ؟,neutral
9969,إنني أسجل لخروجي من الفندق . هلا أرسلت خادماً إلى أعلى ؟,neutral
9970,صواريخ كروز . فيما إستخدمت ؟,neutral
9971,هل لديك ويسكي جاك دانيال ؟,neutral
9974,هل هم يبيعون الكحول في المحل ؟,neutral
9975,هل يمكنني أن أستعين بمدرب تنس ؟,neutral
9976,هل الحافلة المتجهة إلى الباسو ستغادر في موعدها المحدد ؟,neutral
9977,هل هناك عربة نوم ؟,neutral
9978,هلا نظفت طاولتي ، من فضلك ؟,neutral
9979,توقفت ساعتي .,neutral
9980,كنت أتحدث مع السيد دوجلاس من إدارة المبيعات وانقطع الخط .,neutral
9981,كلا ، لم نتلق رسائل ، بيد أن هناك خطاباً لك .,neutral
9982,تمتعت بها . شكراً لك .,positive
9983,أوه ، أهي كذلك ؟ كيف تفضلها ؟,neutral
9984,ذوقه عظيم ، بيد أنه لن يضر إذا ما حاولوا جعلها تبدو أكثر أناقة .,positive
9985,متى يجئ ميعاد الجذر ؟,neutral
9986,يبدو هذا جيدا . أود الانضمام للجولة . كم التكلفة ؟,positive
9987,سقطت هذه الكاميرا مني وانكسر الغالق .,negative
9988,هل أستطيع مواصلة الرحلة ؟,neutral
9992,يجب أن نذهب إلى الرصيف رقم واحد للركوب على خط شيو .,neutral
9996,أستطيع تجهيزه لك في حوالي خمسة عشرة دقيقة . هل تريد الانتظار ، أم ستمر فيما بعد ؟,neutral
9999,متى ستأتي الحافلة التالية ؟,neutral
10000,أين يمكن أن أقوم بالطلب ؟,neutral
10001,ما هي الوثائق التي احتاجها للدخول إلى الولايات المتحدة ؟,neutral
10003,بالمناسبة . لقد اكتمل مطار كانساي الدولي الجديد أيضاً في عام ألف وتسعمائة وأربعة وتسعينات .,positive
10004,هل تبيعون الخبز ؟,neutral
10006,نحن نفتح في التاسعة صباحاً .,neutral
10008,إنه جيد جداً ، شكراً .,positive
10010,هل هذا حقيقي ؟,neutral
10011,هل يمكن أن أرى قائمة الطعام ؟,neutral
10012,هل عندك شهية ؟,neutral
10015,أريد أن تصنع لي قبعة جديدة .,positive
10017,أريد دواء للغثيان .,negative
10018,هذه التذكرة لمقعد في الصالة . لكنك تجلس في الشرفة .,neutral
10020,اسم تسوتومو .,neutral
10021,هل يذهب هذا القطار إلى نيويورك ؟,neutral
10022,نضمن أنك ستستلم كل البضائع في حدود أسبوعين متى تسلمنا طلبك .,positive
10023,حسنا . ابدأ .,neutral
10024,هل هذا غليون من نبات الشوك ؟,neutral
10025,هل ارتديها إلى اليسار ؟,neutral
10028,هل هو أبعد مما نستطيع الوصول إليه مشيا ؟,neutral
10029,أريد غرفة بدُش .,neutral
10030,كل تتقاضون لتوصيل السيارة ؟,neutral
10031,"هنا عملات قديمة ، وأوعية فخارية أستخرجت ، وإبريق من البرونز ، , وألف شيء آخر .",neutral
10032,أريد كتاب تلوين .,neutral
10034,هل يمكن أن أخذ بعض المياه المعدنية ؟,neutral
10035,نريد أن نصيب الضربة .,neutral
10036,غرفتي شديدة الضوضاء .,negative
10037,أظن أنني مصاب بدوار الجو جواً .,neutral
10041,كيف أستطيع الوصول إلى مكتب شركة دلتا للطيران للوصل بين الرحلات ؟,neutral
10043,هل يجب أن أذهب على بنك ياباني ؟,neutral
10044,من فضلك حاول مرة أخرى .,neutral
10045,يجب أن تغير النقود من البنك .,neutral
10046,أوه ، ما كان يجب عليك أن تفعل . شكراً . هذا هو ما أردته بالضبط .,positive
10047,سوف أتصل بك عندما أكون غير مشغول .,neutral
10050,هل هذا يتوقف القطار في كل محطة ؟,neutral
10051,الساعات الموجودة في هذه الفترينة تناسب الاستعمال اليومي أما تلك فهي الأغلى ثمنا .,neutral
10052,جرب مقاس ذلك ، إنه مقاس ثمانية وثلاثون الاعتيادي .,neutral
10053,لقد جرحت نفسي .,negative
10055,لقد سمعت أن عندكم نادل يتحدث اليابانية .,neutral
10056,ما هي الإعاقة عندك ؟,neutral
10057,هل يمكن أن أحجز ؟,neutral
10058,هل أنت متأكد ؟ لقد كنت أظن أن شكل زجاجة النبيذ هذه يستخدم للنبيذ البرجندي .,neutral
10059,هذا هو زوجي .,positive
10060,لا ، شكراً . لقد كنت أتفرج فقط .,neutral
10061,نعم ، لقد كان جيداً للغاية . شكراً لك .,positive
10063,نعم . سوف أوصلك بالسيدة دوديه .,neutral
10064,هل يمكن أن أجرب هذه ؟,neutral
10065,هل لدينا وقت كاف لإنهاء إجراءات المغادرة ؟,neutral
10066,لدي حساسية للبيض .,negative
10067,أود أن ألفت نظرك إلى القسم الأيمن الأعلى من الورقة التي أعطيتها لك لتوي .,neutral
10069,زوجك أحد أفضل عملائنا .,positive
10070,في فندق هيلتون . رقم الغرفة هو ثلاثة صفر خمسة .,neutral
10071,إن منظر غروب الشمس رائع من هنا .,positive
10073,أتصور أنك تشعر بالقلق إزاء موعد التوصيل .,neutral
10074,أريد براية للقلم الرصاص ، من فضلك .,positive
10075,لقد فقدت إحدى عدساتي اللاصقة .,negative
10078,هل تعرف طبيب أسنان جيد ؟,neutral
10081,"قل لي يا ادريان ، ألا تعتقد أن هذا الروب فضفاض , أنت تعرف ؟",neutral
10084,أوه ، يجب أن تخطر القنصلية على الفور .,neutral
10090,هذا لها .,neutral
10091,مهزوز ، وليس مضروب .,neutral
10093,هل هذه هي بوابة الركوب إلى باريس ؟,neutral
10095,أوضحها لي على الخريطة .,neutral
10096,اسمع أن هناك نواد جيدة لموسيقي الجاز .,positive
10098,هل تود منضدة في المطعم الرئيسي أو في غرفة خاصة يا سيدي ؟,neutral
10099,ما هي أقرب محطة لمركز لنكولن ؟,neutral
10101,ما هو أخر موعد للوصول إلى مكتب المراجعة لهذه الرحلة في المطار ؟,neutral
10102,يذهب عدد كبير من الناس إلى الشاطئ خلال الموسم .,neutral
10104,هل تعرف اسم السيدة الأنيقة التي ترقص مع السيد كول ؟,neutral
10105,أحبك . أنت تخصني .,positive
10107,وزني حوالي مائة وخمسين رطلاً .,neutral
10109,أود الحصول على خريطة لمترو الأنفاق .,neutral
10110,أود شراء ستة رابطات عنق . هلا أعطتني خصماً ؟,neutral
10111,إلى أين يجب علي أن أنقل ؟,neutral
10112,أوه ، أظن أنهم ينادونك كال .,neutral
10113,سوف أخذ معي المظلة احتياطاً .,neutral
10114,أين مكتب الأشياء المفقودة .,neutral
10116,هل هناك حافلة تذهب مباشرة إلى هناك ؟,neutral
10118,من أي رصيف يرحل قطار الإكسبريس الصغير إلى واشنطن ؟,neutral
10120,هل هذا محل للزهور بجانب الفندق ؟,neutral
10121,أنا أبحث عن حذاء للجري .,neutral
10122,هل لديكم أطقم ماكياج ؟,neutral
10123,من أي مسار يغادر هذا القطار ؟,neutral
10124,لا أحتاج إلى كل هذا . أريد واحداً فقط .,neutral
10125,هل أحتاج لعلاج خاص ؟,neutral
10129,هل سأدفع نقداً أم يضاف على الفاتورة ؟,neutral
10130,هل كان السيد جونز جاداً عندما قال أنه سوف يتقاعد عما قريب ؟,neutral
10133,عندي نزلة برد .,negative
10134,انتقلنا إلى هذا المنزل منذ عام .,neutral
10137,"هل تعرف مطعماً صينيا اسمه "" التنين "" هنا ؟",neutral
10139,استدعي عربة إسعاف بسرعة .,neutral
10140,هذه حزمة على سبيل العينية ، هل هذا يناسبك ؟,neutral
10144,أود الحجز ثانية إذن .,neutral
10145,كلها . الخصم ، من فضلك .,positive
10147,من فضلك غير المصباح الكهربائي .,neutral
10148,إنه هناك .,neutral
10149,هل توجد أية خطابات في الرزمة ؟ ماذا فيها ؟,neutral
10151,نعم ، تستطيع . أن الغرفة جاهزة . أكتب اسمك وعنوانك هنا ، من فضلك .,neutral
10152,أين هذا المكان ؟,neutral
10154,كمل طول قدماي ؟,neutral
10155,كم سيستغرق إصدار التأشيرة لي ؟,neutral
10156,أين غرف الراحة ؟,neutral
10158,لا شيء خطير .,neutral
10159,هل احتاج لرخصة صيد أسماك ؟,neutral
10160,إجمالي المبلغ المطلوب مائتان وثلاثة وأربعون جنيه ، يا سيدتي .,neutral
10161,إذا استخدمت بطاقتي الائتمانية ، هل تستطيعون تعويض المبلغ ؟,neutral
10164,هذه هدية ، هل يمكن أن تلفها لي في ورق لف جميل ؟,positive
10166,لا تفتح أياً من رسائلي .,negative
10167,المربع السكني الرابع بعد مقهى ستاربك .,neutral
10168,إنني أريد شيئاً أكثر رزانة .,neutral
10169,هل يمكن تغيير البطارية ؟,neutral
10172,هل يمكن أن تعلق جاكتي على المشبك من فضلك ؟,neutral
10173,الطعام على المائدة المجاورة يبدو طيباً .,positive
10174,هل فيه حقيبة سيارة كبيرة ؟,neutral
10180,هل يمكن أن أرعاه ؟,neutral
10181,هذا سيئ للغاية . من فضلك اعتني بنفسك .,negative
10182,ياله من منظر . إنها مسالك رائعة الجمال .,positive
10185,ها قد أتى رجل السجق الساخن .,neutral
10187,لقد أصيب أناس .,negative
10191,معذرة . أين المحطة هنا ؟,neutral
10192,أود قهوة ثقيلة .,neutral
10195,عندي تأمين صحي .,positive
10196,هل أنت متزوج أم عازب ؟,neutral
10197,من فضلك استدعي لي سيارة أجرة . أريد العودة إلى الفندق .,neutral
10201,كم يجب أن أدفع في الساعة ؟,neutral
10203,ميزة هذا الرواق أننا نستطيع منه مشاهدة المسرح كله .,positive
10205,هذا الجلد ؟,neutral
10206,متى ميعاد تسجيل الدخول ؟,neutral
10207,حدث زلزل كبير هذا الصباح .,negative
10212,فك لي هذه الدولار فكة صغيرة ، من فضلك .,neutral
10213,تسعة ثلاثة تسعة ستة سبعة صفر صفر .,neutral
10214,كان هناك شابين .,neutral
10216,نحب هذا النبيذ جدا . أتمنى أن تتمتع به .,positive
10223,هل هناك جولة في العصر ؟,neutral
10224,نعم ، لدينا حجز لك .,neutral
10226,إنه لحم تمساح محمر . إنه لذيذ للغاية ، مقرمش بعض الشيء .,positive
10227,أود أن أكل استاكوزا نيئة .,positive
10228,من فضلك احضر لي الإفطار في السابعة .,neutral
10230,هلا أعطيتني دواء للصداع .,neutral
10231,سوف يغادر شخص غدا .,neutral
10232,السعر تسعة تسعون دولار بالإضافة إلى الضريبة في الليلة .,neutral
10235,بطاقة بإسمي على الحقيبة .,neutral
10238,معذرة أريد الذهاب إلى فندقي في المدينة بالحافلة . أين يمكن أن أستقل حافلة ؟,neutral
10239,هل سيشتغل هذا على مائة فولت ؟,neutral
10243,دجاج ، من فضلك .,positive
10244,هل تعلم ما هي الوصفة الطبية لعدساتك ؟,neutral
10246,هل يجب علىّ أن أغير الحافلة للذهاب إلى مركز لنكولن ؟,neutral
10249,أريد بعض الفيتامينات .,neutral
10250,انتظر من فضلك . سأرى إذا كان يوجد منها .,neutral
10251,افحص الإطارات من فضلك .,neutral
10254,هل يمكن أن أحني ظهر المقعد ؟,neutral
10255,"في الربيع فإن براعم الكرز في أفنية بعض المعابد البوذية جذابة للغاية , أما في الخريف فإن الأوراق النباتية الملونة في اراشيمايا منظرها خلاب بجانب الهواء النقي والنهر الصافي .",positive
10256,أين يقع ؟,neutral
10257,هذه الغرفة اثنان صفر واحد . أريد أن أطلب إفطار الغد .,neutral
10259,ما هي العطلات الموجودة في اليابان ؟,neutral
10264,أشعر بعدم الارتياح . من فضلك أصلحها بأسرع ما يمكن .,negative
10265,سأرسل لك هذه الصورة . اسمك وعنوانك ، من فضلك .,neutral
10268,من فضلك نادني باسم ميدوري .,neutral
10271,سوف أدرس العلوم في الجامعة .,neutral
10272,ما رأيك في موضوع التحرش الجنسي في مكان العمل ؟,neutral
10273,هل سيكون كل هذا على نفس اللوحة ؟,neutral
10277,لص .,negative
10278,أي لون تحب ؟,neutral
10279,شكراً . إلى أي وقت متأخر أستطيع الحصول على خدمة الغرف ؟,neutral
10280,احتاج بعض طلاء مسح الأحذية .,neutral
10281,حلقي ملتهب .,negative
10283,أين يمكن أن أجد الدليل الموسيقي ؟,neutral
10284,آسف لتأخري .,negative
10285,من فضلك قص شعري بمقدار بوصة فوق الحاجبين .,neutral
10286,أين ورقة المطالبة بالحقائب ؟,neutral
10287,هل يمكن أن تعطني وصفة طبية ؟,neutral
10288,أريد مقعداً اليوم .,neutral
10290,أريد بعض عصير الفاكهة ، من فضلك .,positive
10293,يجب علينا أن نحسن استغلال هذا الشيء .,positive
10294,أريد حجز مقعد إلى بوسطن . هل يمكن أن أخذ المقعد اليوم في الثالثة والنصف مساءاً ؟,neutral
10295,أريد حجز مقعد إلى سياتل .,neutral
10296,لدينا إحساس مختلف بالقيم .,neutral
10297,يجب أن أقول في البداية أنني لست خبيراً في هذا الموضوع ، أو أنني أمثل أية منظمة حكومية . إن ما سأقوله لكم هو رأي الشخصي بالكامل . إنني أرحب بالتعبير عن رأي بعد وضع هذا التحفظ .,neutral
10298,هيا نجر لك اختباراً للدم .,neutral
10299,لقد فقدتهم عصر الأمس .,negative
10301,هيا نأكل غداءً بسيطاً .,positive
10303,أي نوع من طلاء الشفاه لديكم ؟,neutral
10304,في أي وقت يغادر القطار التالي المتجه إلى فيلادلفيا ؟,neutral
10305,ليس قصيراً جداً . ولكن تشذيب جيد .,positive
10306,أريد إجراء مكالمة دولية . من فضلك صلني برقم ثلاثة أربعة ستة ثلاثة ثمانية واحد ثلاثة ثلاثة في طوكيو .,neutral
10307,هذا السمك مطهو زيادة عن الحد .,negative
10308,لا ، لسوء الحظ . إنه يحتاج لشيء أكثر قوة .,negative
10309,بدل هذا بدولارات ، من فضلك .,neutral
10312,أنا لست من هنا .,neutral
10313,هل تحب أن تلقي نظرة على هذا الكتيب ؟,neutral
10315,إن الطحالب لا تلصق بالحجر المتحرك .,neutral
10318,عندي شقيقتان .,neutral
10319,لقد قلت لي أن التعريفة دولاران في المطار .,neutral
10321,من فضلك أقلني إلى المسرح .,positive
10327,رحلة ذهاب وعودة ، من فضلك .,neutral
10329,ما كان يجب أن يكون كثيراً هكذا .,negative
10332,هل تريد مشاهدة فيلم أو شيء من هذا ؟,neutral
10333,هذا ليس خطئي .,negative
10335,لا ، لا أريد . هل أرى واحدة أخرى ؟,negative
10336,رقم الرحلة اثنان صفر ثمانية ، إلى طوكيو .,neutral
10337,أريد مغادرة الفندق .,neutral
10339,إلى متى سيستمر ؟,neutral
10341,كم نستغرق من الوقت للوصول إلى سوهو مشيا ؟,neutral
10342,إلى أين نوصل حقائبك عندما نسترجعها ؟,neutral
10346,توجد واحدة على الجانب الآخر من الطريق .,neutral
10348,خمسة عشر دولاراً للتشخيص . سوف أعطيك الوصفة الطبية .,neutral
10349,هل لديكم خدمة فاكس ؟,neutral
10350,"أيهما أكثر برودة في الشتاء , اليابان أم استراليا ؟",neutral
10351,كم يبلغ سعر الواحدة ؟,neutral
10352,أربعة أبواب ملائمة .,neutral
10354,إذن دعنا نبطنها من الداخل .,neutral
10355,لا شكرا ، أريد الشيك من فضلك .,neutral
10356,أنا متدرب .,neutral
10357,فقط لأنها تذكرة عليها خصم ، هذا لا يمكن أن يكون .,negative
10358,أريد رواية مكتوبة بإنجليزية ليست صعبة .,neutral
10359,سيكون من المعطل أن تصاب بمرض ، لذا لو كنت مكانك لا يجب أن أذهب إلى هناك .,negative
10361,هل معك الإيصال الخاص بك ؟,neutral
10362,أظن أن هناك خطأ في هذه الفاتورة .,negative
10363,طرأ أمر عاجل فلم يتمكن من الوصول .,negative
10366,دعنا نجتمع لنبحث الأمر أكثر .,neutral
10367,معذرة ، هلا بدلت هذا المبلغ ؟,neutral
10368,سنحتاج إلى الحجز لك في رحلة أخرى .,neutral
10369,هل هذا جلد صاف مائة بالمائة ؟,neutral
10370,كنت في حادث سيارة في طريق المحيط والشارع الثاني عشر .,negative
10372,كيف تحب أن يصفف شعرك اليوم ؟,neutral
10373,ما هي أوقات تقديم الفطور ؟,neutral
10374,غير إلى قطار محلي في فينكس .,neutral
10375,هل سيكون يوماً لطيفاً ؟,positive
10377,أريد أن أرسل بطاقة بريدية . هل يمكن أن أخذ طابعا ؟,neutral
10380,لقد ذهبت للغطس حوالي العشرة مرات .,neutral
10384,نريد غرفة تطل على حمام السباحة .,neutral
10386,هل يمكن أن ترسلها إلى اليابان ؟,neutral
10390,تبدو مجهداً .,negative
10392,لقد ولد في ألف وتسعمائة وستين .,neutral
10393,أخشى أن الأكمام أطول من اللازم .,negative
10394,"آسف , لا أستطيع .",negative
10396,أريد الذهاب إلى بوسطن .,neutral
10398,هل لديك ماء كولونيا ماركة أراميس للجلد الحساس ؟,neutral
10401,اعطني المزيد من الخبز ، من فضلك .,positive
10403,هل يمكن أن تقول لي ذلك بعبارة أخرى ؟,neutral
10407,اعطني وقتاً كي أفكر في الأمر .,neutral
10408,سوف استخدم ما يوجد عندكم .,neutral
10409,لا يوجد عليها توقيع تأكيدي .,neutral
10411,نريد مائدة بالقرب من المسرح .,neutral
10412,هل يمكن أن أخذ بعض المربى ؟,neutral
10413,وماذا عن هذا ؟ إن السعر مائة دولار فقط . إنه يساوي كل سنت منها .,positive
10414,هل يمكن أن نأخذ وجبة ؟,neutral
10416,"أنا بحالة جيدة . حسنا , هل أنت ذاهب إلى مكان ما ؟",neutral
10417,إنني أبحث عن حذاء من الجلد .,neutral
10419,في الصباح نعم ، ولكن في العصر يغيم الجو .,neutral
10421,هل لابد أن نحجز مقدما ؟,neutral
10422,ابقى على الخط مفتوحا ، من فضلك ؟,neutral
10424,لا أعتمد على ذلك .,neutral
10425,لن يقدم العشاء قبل السابعة . أما الآن فلا توجد سوى مشروبات .,neutral
10426,قلها ثانية ؟,neutral
10427,سوف أذهب للنوم . هلا أحضرت وجبتي فيما بعد ؟,neutral
10431,نحن نحتفل بالعام الجديد بعد أن مر العام السابق بسلام .,positive
10433,إن ارتفاعه ألفان وأربعمائة متر .,neutral
10434,هل يوجد مكتب شرطة قريب من هنا ؟,neutral
10435,ادخل . من فضلك ضعها على المائدة هناك .,neutral
10438,جاكيتي الأزرق مفقود .,neutral
10440,من فضلك الغي رقم بطاقتي .,negative
10441,ادفع لي .,neutral
10442,سآخذك إلى هناك .,positive
10446,هل تعلم صيدلية بها أدوية يابانية ؟,neutral
10448,يوجد محل اسطوانات جيد بالقرب من هنا .,positive
10452,أنا هنا في عطلة .,neutral
10453,"ل , ؟ أنا لا استمتع بمشاهدة الآخرين يلعبون . أنا أحب أن ألعب بنفسي .",neutral
10454,هذا غير ممكن .,negative
10455,شمر كمك ، من فضلك .,positive
10456,لا نستطيع القيام بذلك هنا .,negative
10457,في ناحية انعطف ؟,neutral
10458,أنا متأكد أني أعطيتك ورقة فئة خمسين دولاراً .,neutral
10459,لا نستطيع أن نبدل العملات .,neutral
10460,اتصل بشيكاغو من فضلك ، ثمانية سبعة سبعة ستة خمسة صفر سبعة .,neutral
10463,اتجه يساراً عند الإشارة الوامضة .,positive
10466,أين أقرب حائك للفساتين ؟,neutral
10468,آسف لقد نفدت ، لكن سوف تردنا بعد بضعة أيام .,neutral
10469,هل يمكن أن أخذ فشار ، من فضلك .,neutral
10472,تذكرتان للدرجة الأولى ، من فضلك .,neutral
10473,هل يمكن أن أخذ بعض القهوة ؟,neutral
10474,سوف تعيدك الحافلة إلى هنا في السادسة .,neutral
10475,أين هذا ؟,neutral
10477,ليس لدي موعد ، لكن الأمر عاجل .,neutral
10479,إنه رديء الصنع .,negative
10480,أين المصعد ؟,neutral
10482,أريد الذهاب إلى مكان جميل .,positive
10483,لا ، لا يمكنك أن تبيعها بهذا السعر العالي ؟,neutral
10484,هل يمكن أن أعثر عليه بسهولة ؟,neutral
10485,نستطيع الحصول على أصناف متعددة من البضائع المستوردة من الماركات المعروفة .,neutral
10487,أين يمكن أن ألعب الروليت ؟,neutral
10489,هل لديكم صندوق إيداع ؟,neutral
10490,أنا سعيد لأنك فعلت . من فضلك ابعث بأحر تحياتي لأسرتك .,positive
10491,من فضلك استدعي سيارة أجرة في العاشرة صباحاً .,neutral
10492,أود ذلك لكنني مضطر للذهاب . فقد يفوتني آخر قطار . لقد سعدت بالحديث معك .,negative
10493,إنني أتعجب كيف يصنعونه ؟,neutral
10495,من فضلك معالجات للجلد الجاف .,neutral
10496,من فضلك أودع خمسة وسبعون سنتات لمدة ثلاث دقائق إضافية .,neutral
10497,هل لديكم كتيب حول العروض ؟,neutral
10500,أين مدخل مترو الأنفاق ؟,neutral
10502,من فضلك أخبرني بالحساب بعد المكالمة .,neutral
10503,هل يجب أن أرتدي ملابس رسمية ؟,neutral
10504,لقد أضعت تذكرة الطيران الخاصة بي .,negative
10505,أنا أتفرج فقط . شكراً .,neutral
10506,ما هو ميعاد الفتح في هذه الحديقة النباتية ؟,neutral
10508,معذرة ، أنا تائه . أين باب الخروج ؟,neutral
10516,هل تحب أن أقول لك ؟,neutral
10518,هذا لك .,neutral
10519,هل ذهبت إلى نيويورك من قبل ؟,neutral
10520,هذه متعلقات شخصية .,neutral
10522,ما هذا القماش ؟,neutral
10523,متى ميعاد الركوب ؟,neutral
10524,استقل القطار السريع الخط (ن) إلى شارع القنال . ثم بدل إلى الخط (ص) .,neutral
10525,أنا مدرس .,neutral
10527,أنا حاصل على دراسة ماجستير في العلوم من جامعة كيوتو .,neutral
10533,اعطني خمس عشرة جالون من الوقود ذي النجمتين ، من فضلك .,neutral
10534,لقد حوصرت بأولاد لوثوا ملابسي بالمثلجات ، وبعد ذلك اختفت حافظتي .,negative
10535,الممثل رائع فعلا .,positive
10536,هذه هي بطاقتي الخضراء .,neutral
10537,أين عامل الإنقاذ ؟,neutral
10539,فهمت . شكراً جزيلاً .,positive
10540,كان ذلك اليوم في الماضي للاحتفال بمحصول الأرز .,neutral
10543,حسنا ، أود نسخ هذا التقرير .,positive
10550,هل لديكم شيء خفيف ؟,neutral
10551,أود تضييقه خمسة سنتيمترات .,neutral
10553,أود حجز غرفة خاصة في عربة نوم .,neutral
10555,لدينا تشكيلة كبيرة من الحلويات بما فيها الكعك والمثلجات .,positive
10556,"لا , شكرا . أبلغه فقط أنني اتصلت وأني سوف أتصل ثانية فيما بعد عصر اليوم .",neutral
10559,ألا تستطيع البقاء هنا خلال الإجازة ؟,neutral
10560,هل لديكم خريطة للطرق لأخذها ؟,neutral
10562,أوه ، آسف لأني أزعجتك .,negative
10563,هل يمكن أن تحجزوا في العرض ؟,neutral
10564,الجو حار . هل يمكن أن تفعلوا شيئاً ؟,negative
10565,هل توجد غرفة استراحة عامة بالقرب من هنا ؟,neutral
10566,ما اسم هذا النبات ؟,neutral
10567,هراء .,negative
10570,السير يؤلم .,negative
10571,طاردتني سمكة البهلوان ذات الزناد .,negative
10572,ابتعد من فضلك .,neutral
10573,لا تطلق النار .,negative
10577,يمكنك وضع حقائبك تحت مقعدك على الأرضية .,neutral
10578,هل العداد يعمل ؟,neutral
10579,مقاعدنا هي (ج) خمسة عشرة و(ج) ستة عشر . هل يمكن أن ترينا المقاعد ؟,neutral
10580,هل توجد غرفة متاحة الليلة ؟,neutral
10582,تمتع برحلة طيبة .,positive
10584,تذكرتين للغد .,neutral
10585,إلى أين يا سيدي ؟,neutral
10586,أود استعارته ، إذا لم تمانع .,neutral
10587,اسمح لي ، من فضلك .,neutral
10590,ما هو الإجمالي ؟,neutral
10591,ما هو حساء اليوم ؟,neutral
10593,هذا جيد للغاية . والآن الأسئلة ، من فضلك .,positive
10594,أريد أن أحضر شيئاً لزوجي .,positive
10595,ما هذا الملفوف في ورق أبيض ؟,neutral
10597,ما اسم هذه الفاكهة ؟,neutral
10599,هل لديك أية فكة لعداد الانتظار ؟,neutral
10600,لا أتذكر أين تركتهم .,negative
10601,سوف أزوره في الغد .,neutral
10602,أود التحقق من وقت المغادرة .,neutral
10604,أعتقد أن الجو سيكون افضل في الغد .,positive
10608,فيينا .,neutral
10609,لا يوجد مكان لوضع الأمتعة .,negative
10610,أود حجز مقعدين لنيويورك في الثالث من أغسطس .,neutral
10613,كان أكثر مما أستطع أن أكله .,neutral
10616,ما الذي يقوله الناس عن هذا الاجتماع ؟,neutral
10617,أكثر منتجاتنا بيعت عبر السنوات الأربع الماضية هي الآلة الناسخة طراز أ . أكس أربعة خمسة صفر .,positive
10619,أريد استئجار مرشد يتحدث اليابانية لمدة نصف يوم .,neutral
10629,"هذا واحد هناك . أوه , لا تسير الحافلات يوم الأحد .",neutral
10630,أيها النادل . الحساب من فضلك .,neutral
10631,هل عرفت الموعد ؟,neutral
10632,بالتأكيد ، يا سيدي ، وماذا عن فاتح الشهية ؟,neutral
10633,لقد أضعت جواز سفري في مكان ما .,negative
10637,تتقاضى هيئة الميناء تسعة دولار خمسين سنتاً . ويأخذ الفندق أحد عشر دولار .,neutral
10638,"أين برنامج الـ "" بور بوينب "" ؟",neutral
10640,كان لطفاً منك أن تفرجني على المدينة .,positive
10642,الغرفة باردة حقاً .,negative
10644,هل لديكم شاي أخضر ؟,neutral
10645,هل انعطف يساراً ؟,neutral
10647,نريد إنفاق ثلاثين دولاراً للشخص الواحد .,neutral
10649,نعم ، شكراً لك .,positive
10651,ماذا عن الذهاب معي إلى الشاطئ يوم الأحد ؟,neutral
10652,صدم أحدهم سيارتي بينما أنا أركنها .,negative
10657,أظهر المسح أن أربعة عشر بالمائة من الذين أجابوا سوف يشترون منتجاً مثل ما نصنع لو كان السعر أقل من خمسين ألف ين .,neutral
10659,هل يوجد محل تجميل هنا ؟,neutral
10660,الوقت الصحيح الآن هو السابعة وثمانية وعشرين دقيقة صباحا .,neutral
10662,هل توجد مضيفات يتحدثن اليابانية ؟,neutral
10663,كم محطة قبل أن نصل على مجمع الأحياء المائية ؟,neutral
10666,أريد مطعماً هادئاً .,neutral
10667,من كان المهندس المعماري ؟,neutral
10669,في شباك التذاكر عند مدخل المسرح .,neutral
10670,سعر رائع ، أليس كذلك ؟,positive
10671,هل يمكن أن أرجع مقعدي للخلف ؟,neutral
10672,كم المسافة للوصول إلى بوسطون ؟,neutral
10674,ما هو سعر صرف المارك ؟,neutral
10675,ألو . هنا عامل المكالمات الخارجية . ما هو الرقم الذي تود الاتصال ؟,neutral
10678,صدمت شخصاً .,negative
10679,كم يوماً يستغرق البريد الجوي في الوصول ؟,neutral
10680,لابد أن تأخذها تسعة وتسعون مرة في اليوم ، قبل الوجبات .,neutral
10684,حسناً ، لقد حصلت عليها ، إذن أسرع بالذهاب .,positive
10688,لنذهب إلى المطعم بسيارة الأجرة .,neutral
10689,أنا متألم .,negative
10691,من فضلك خذ حقيبتي .,neutral
10694,أريد أن أحجز على رحلة شركة الخطوط اليابانية رقم واحد إلى طوكيو في العاشر .,neutral
10696,تكلفة المعالجة عرضة للتغير .,neutral
10698,ابتللت في المطر .,negative
10702,بيان الحسابات هذا خاطئ .,negative
10707,أحبه فعلاً .,positive
10708,انظر إلى أثر الشفاه ، هه ؟,neutral
10715,جرب شركة هيرتز في المكتب الآخر .,neutral
10716,حسناً ، رائع .,positive
10717,منذ متى كان الأمر كذلك ؟,neutral
10719,هل يوجد مطعم صيني بالقرب من هنا ؟,neutral
10721,نعم هذا سوجاكو ميانيسشي غرفة ثلاثة صفر ثلاثة .,neutral
10722,لمن أصدر هذا الإيصال ؟,neutral
10725,ماذا يعرض في المسرح ؟,neutral
10729,هذا الحجم هنا ، في هذا الرسم .,neutral
10733,أريد حامل ثلاثي .,neutral
10735,اللعنة . كان يجب أن اشتريه عندما سنحت الفرصة .,negative
10736,أريد سترة رياضية .,neutral
10737,ماذا سأرى إذا اتبعت ذلك الطريق ؟,neutral
10738,آسف ، لم أدرك أنك قادم اليوم .,neutral
10739,لا ألومك على شعورك بالغضب .,negative
10740,أوافق . أود الذهاب للبحث عن الأكسسوارات في الغد .,positive
10742,"أسمع أن كلمة "" رينجيشو "" تستخدم كثيراً في اليابان . ماذا تعني ؟",neutral
10745,استئجار زلاقات وأحذية مرتفعة ، من فضلك .,neutral
10746,هل لديك قلم ؟,neutral
10749,يمكنك أن تمكث في منزلي .,neutral
10751,هل يمكنك توصيل هذا الفستان إلى فندقي بعد ضبط الطول ؟,neutral
10752,إنني أبحث عن فساتين .,neutral
10753,هل يمكن أن أرجع ظهر مقعدي إلى الخلف ، من فضلك .,neutral
10755,أريد فلتر للأشعة فوق البنفسجية .,neutral
10756,عظيم . كنت أبحث عن سيارة أجرة لكن هذا أفضل .,positive
10757,عام جديد سعيد .,positive
10760,معطف رائع . هل هو صناعة بريطانية ؟,positive
10764,هل أدفع مبلغا مقدما ؟,neutral
10770,ضعه على الميزان ، من فضلك . الحساب ثلاثة دولار خمسة وثلاثون سنت .,neutral
10771,لف هذه كل على حدة ، وضع شريط على كل منها ، من فضلك .,neutral
10772,ألا يوجد بار صغير ؟,neutral
10773,أين أقرب محل ملابس ؟,neutral
10775,هل لديكم أية منتجات أخرى خاصة لبلدكم ؟,neutral
10776,هل تأخذ القشدة ؟,neutral
10778,أريد الذهاب إلى مركز هارفارد . هل يمكن أن تخبرني عندما نصل إلى هناك ؟,neutral
10780,هل تذهب هذه الحافلة إلى جرين بارك ؟,neutral
10782,أين نلتقي ؟,neutral
10783,لا أستطيع إدارة المفتاح في قفل بابي .,negative
10785,من فضلك اعطني ثلاث زجاجات من الويسكي الاسكتلندي .,positive
10787,هل يمكن أن تلفها كهدية ؟,neutral
10788,هذا الرقم لم يعد موجوداً .,neutral
10790,بالغان وطفلان ، من فضلك .,neutral
10791,تذكر ملأ السيارة بالبنزين قبل أن تعيدها .,neutral
10793,كم سعر الجالون الواحد ؟,neutral
10794,هلا أحضرت لي إبريق قهوة ؟,neutral
10796,هل يمكن أن أبقى واستخدم المرافق فترة أطول ؟,neutral
10797,إنني تائه ، هل تعرف أين يقع فندق أ . بي . سي ؟,neutral
10798,"قسم غير المدخنين , من فضلك .",neutral
10801,اعطني مفتاح غرفة رغم تسعة صفر اثنان ، من فضلك .,neutral
10807,هل تأخذ هذه البطاقة ؟,neutral
10808,وضعت نقوداً لكن لم يخرج شيء .,negative
10810,نريد مقاعد بالقرب من النافذة .,neutral
10811,لطيف منك أن تخصني بوقتك .,positive
10812,هل لديك بطاقة عليها عنوان الفندق ؟,neutral
10814,أريد طلب الإفطار .,neutral
10815,هل لا يوجد عندكم ظل لوني أخر في هذا النقش ؟,neutral
10816,"يوجد نوعان , هذا وذاك .",neutral
10817,ما هو السعر ؟,neutral
10818,"لا , أخشى لا .",negative
10820,أريد خدمة الغرف .,neutral
10822,أين يمكن أن أسجل للخدمة الدولية ؟,neutral
10824,"كان فيلم "" حرب الكواكب "" أكثر الأعمال شعبية عام ألف وتسعمائة وأربعة وثمانون .",positive
10825,هل يمكن أن أضع أمتعتي هنا ؟,neutral
10826,عفوا ، سوستة البنطلون مفتوحة .,neutral
10827,هل يمكن أن تعيرني بعض الأدوات ، من فضلك ؟,neutral
10830,أين قسم غير المدخنين ؟,neutral
10831,"حرف "" ت "" "" كما في توم ، نعم ها هي لدي هنا ، تارو .",neutral
10835,ليس بعد . هل يمكن أن تعطينا بعض الدقائق الإضافية ؟,neutral
10836,هل أخبرتني من فضلك عن نظام النقل هنا ؟ أحب أن أسافر حول البلد .,neutral
10838,كم من الوقت حتى نصل إلى سيدني ؟,neutral
10840,أين يمكن أن أخذ حافلة للذهاب إلى بوسطن ؟,neutral
10842,هل لديكم نفس القرط ولكن بألوان أخرى ؟,neutral
10845,أريد شامبو .,neutral
10846,مقعد في الدرجة الاقتصادية إلى لوس انجلوس ، من فضلك .,neutral
10847,كم يبلغ ارتفاع هذا الجبل ؟,neutral
10848,أظن أنه بديع المنظر .,positive
10849,إنه واسع جداً علىّ . هل يمكن أن أجرب هذه ؟,neutral
10851,أريد بعض التفاح ، من فضلك .,positive
10852,معذرة ، هلا كنت تعمل هنا منذ فترة طويلة ؟,neutral
10854,سيتكلف إصلاحه ثلاثمائة دولار .,negative
10855,أيها الحمال .,neutral
10856,لماذا هذا الخط ؟,negative
10857,هل أحتاج لحجز ؟,neutral
10860,لقد حجزت رحلة طائرة الخطوط البريطانية واحد ثلاثة خمسة إلى باريس في الثالث من يوليو .,neutral
10861,هل توجد هنا منطقة رئيسية للمطاعم ؟,neutral
10862,كم تبلغ التكلفة بالبريد الجوي ؟,neutral
10863,إنني متعجل للذهاب ؟,neutral
10865,كيف تكسب عيشك ؟,neutral
10866,هل يمكن أن تعيد إصدارها ؟,neutral
10867,حسنا . سوف أخذها ، ولكن قطعة صغيرة ، من فضلك .,positive
10869,ما فائدة هذا ؟,negative
10870,لو كنت نائما عندما تقدمون الوجبة ، فلا تزعجني من فضلك .,negative
10871,هل يمكن أن أبرق ببعض المال على نيويورك ؟,neutral
10872,أين مكتب شركة طيران أمريكا المحدودة ؟,neutral
10873,لقد طلبت كوباً من القهوة مرة ثانية بطريق الخطأ .,negative
10874,هل يمكن أن أرسل هذا مسجلاً ؟,neutral
10876,"حسنا ، أبلغ ابنك أن عندنا موسيقي الجاز في شارع بوبورن , وفي الأندية في كل مكان . أما بالنسبة لك , ماذا عن إحدى هذه الرحلات البحرية ؟",neutral
10877,هذا الجسر أطول من ذاك حوالي مرتين .,negative
10878,هل سيكون معفياً من الضريبة لو أرسلته إلى اليابان من هنا ؟,neutral
10880,هل يمكن أن أتحدث إلى ماري ؟,neutral
10882,أي بطاقات ائتمانية تقبلون ؟,neutral
10884,أين مكتب المفقودات ؟,neutral
10885,المزيد من الكاتشب والمقبلات ، من فضلك .,positive
10890,خذني إلى طبيب .,neutral
10891,المرحاض مسدود .,negative
10893,هل يمكن أن أحصل على جدول ؟,neutral
10894,شكرا . هل يمكن أن أشترى أنواع رجالية هناك كذلك ؟,positive
10895,"نعم , هو يستطيع أن يتحدث باللغتين , لكن سكرتيره لا يستطيع الحديث باليابانية .",neutral
10896,هل يمكن أن تصدر لي جواز سفر مؤقت من فضلك ؟,neutral
10897,اثنان من حلوى الفراولة .,neutral
10900,إنني أبحث عن صمغ .,neutral
10901,هل تريد أن تسجل حقائبك حتى لاس فيجاس ؟,neutral
10904,هل يمكن أن تحضر لي حجماً أكبر ؟,neutral
10905,إنه رخيص . هيا ، سأعطيك خمسة دولارات ولا سنتات .,neutral
10906,هون عليك . حاول أن تتذكر .,neutral
10908,سوف أطلب إفطاراً كبيراً من خدمة الغرف .,neutral
10913,القفل لا يعمل .,negative
10914,هاك عشرون وواحد دولار . احتفظ بالفكة .,neutral
10915,الأمر سيستغرق منك خمسة عشرة دقيقة .,neutral
10918,سوف نصدر لك جواز سفر مؤقت .,neutral
10919,كوكا كبيرة .,positive
10920,افضل تمنياتي بمناسبة ترقيتك .,positive
10921,لا ، إنه متاح .,neutral
10922,عندي الكثير من الوقت .,positive
10924,معذرة ، أظن أن هناك خطأً في فاتورتي . هل يمكن أن تتحقق منه ، من فضلك ؟,negative
10925,هل توجد وجبات في الجولة ؟,neutral
10926,أوه ، لا . كل المتاجر مغلقة يوم الأحد .,negative
10927,هل هذا المنحدر للمبتدئين ؟,neutral
10928,املأ لي بنزين ، من فضلك .,positive
10929,هل تعلم طبيب نساء قريب من هنا ؟,neutral
10930,حسنا ، إنه وقت الغداء . هل تحب أن نناقشه على الغداء ؟,neutral
10931,هل يمكن أن توصله بحلول الغد ؟,neutral
10934,إنها أكثر جمالاً من أختها .,positive
10937,لقد سرق مسجل الفيديو من غرفتي .,negative
10938,لا تستطيع الحصول على إرجاعات نقدية في هذا المطار . ضع هذه النسخة في مظروف وضعها في صندوق البريد هذا .,negative
10943,لقد حصلت على درجات (ب) في الكل . وماذا عنك ؟,neutral
10945,كم تستمر التقطعات الآن ؟,neutral
10948,شاي ياباني ، من فضلك .,positive
10949,أين يمكن أن أشتري منتجات جلدية بسعر معقول ؟,neutral
10950,ألو ، اسمي أودا . عندي حجز الليلة ، لكن سوف أتأخر في القدوم . لهذا من فضلك اتركوا لي الحجز .,negative
10953,هل هذا الحذاء متين ؟,negative
10955,من فضلك قل له أنني أنتظر مكالمته .,neutral
10956,لا ، ولكن توجد إنجليزية ويابانية في سماعتك .,neutral
10957,هل يمكن أن ألغي طلبي ؟,neutral
10958,لا أحب هذا الشكل .,negative
10960,هلا أرسلت حمالاً لأمتعتي .,neutral
10961,"عشرون دولاراً لساعة , انتقي ما تشاء .",neutral
10962,أيها أسرع مترو الأنفاق أم سيارة الأجرة ؟,neutral
10964,يقولون إن الأنفلونزا منتشرة هناك .,neutral
10967,هلا عملت نسختين هنا ؟,neutral
10969,حسنا ، ليس من السهل شرحه لشخص لا يعزفه .,negative
10970,بالتأكيد لدينا . إنه موضوع في صف هناك ، هل تراه ؟ إن المذكرات تباع بكثرة .,neutral
10972,هل سأحتاج إلى سويتر ؟,neutral
10973,لقد جاء لتوه .,neutral
10974,هل توصي بمطعم جيد رخيص بالقرب من هذا الفندق ؟,neutral
10975,آسف . الحجز كامل لمساء الغد .,neutral
10976,أنا مع بعض الأصدقاء .,neutral
10977,أريد بعض الحلوى ، من فضلك .,positive
10979,اعطني جولة وجيزة للمدينة من فضلك .,neutral
10981,هل يمكن أن تعطني خصماً .,neutral
10984,هل يمكن أن تتوقف عند فندقي الليلة ؟,neutral
10985,حسبما يقول جورو ، فاللسيد يامادا طفلان .,neutral
10986,لا . مع القشدة ، من فضلك .,neutral
10988,لقد ظننته كاملا . ماذا سأفعل ؟,positive
10989,هل تقول لي أنني لا أستطيع الحصول على تصريح ركوب لأن الرحلة محجوزة فوق طاقتها ؟,negative
10991,من فضلك أعرني واحدة من نظارات الأوبرا . كم تتقاضون كرهن ؟,neutral
10993,أتمنى أن يعجبك هذا اللون والطراز .,positive
10994,هل يمكن أن تقول ذلك ثانية ؟,negative
10996,أريد جدولاً للقطارات .,neutral
10997,أريد أن أعرج على برج لندن .,neutral
10998,سآخذ ويسكي به مكعبات ثلجية .,neutral
11002,هل يمكن أن تعطينا أرائك حول هذه النقطة ؟,neutral
11004,هل أحضر فطورك ؟,neutral
11005,أريد أن حجز مائدة للعشاء الليلة .,neutral
11006,خذ . احتفظ بالباقي .,neutral
11007,سأنزل في فندق ألفا .,neutral
11008,لماذا الاسطوانات المدمجة أرخص كثيراً هنا ؟,negative
11009,التعريفة هي خمسا وسبعون سنتا . من فضلك اعطني الفكة الصحيحة .,negative
11011,أحب موسيقي الجاز .,positive
11013,هل ستفحص الحقائب كل على حدة في الجمرك ؟,neutral
11016,أود حجز غرفة منفردة في فندقكم لثلاث ليال من واحد يوليو .,neutral
11017,"إلى "" جراند أوتل "" .",neutral
11018,"لكن اللافتة لا تقول "" إلى جسر جولدن جيت "" يجب أن نسأل أحداً معذرة , هل هذه هي المحطة الصحيحة للذهاب إلى جسر جولدن جيت ؟",neutral
11019,من فضلكم . اربطوا الأحزمة .,neutral
11020,نعم ، ها هي ذي .,neutral
11021,نعم . هل أستطيع مساعدتك ؟,positive
11022,استدعي النادلة المكلفة بهذه المنضدة ، من فضلك .,neutral
11023,أريد بعض الكحوليات المعدة للإحراق .,negative
11025,هل أستطيع مواصلة السفر ؟,neutral
11027,كود المنطقة هو ثلاثة . ورقم الهاتف هو اثنان ثلاثة أربعة ثلاثة أربعة صفر صفر .,neutral
11030,عفواً . هل يوجد أي جسر بالقرب من هنا ؟,neutral
11032,هل يوجد أحد لرعايته ؟,neutral
11035,اعتن بنفسك .,neutral
11036,لقد اكتفيت ، شكراً لك .,neutral
11037,هل من الضروري ارتداء الجاكيت وربطة العنق ؟,neutral
11041,"معذرة , أريد استخدام غرفة الراحة .",neutral
11043,أي فصل هو الأجمل في هذا البلد ؟,neutral
11044,إنها على بعد حوالي عشرين دقيقة .,neutral
11045,هل يمكن أن أطلب كأس نبيذ ؟,neutral
11046,إنها مشغولة .,neutral
11047,ملابسه دائماً موضة قديمة .,neutral
11048,سوف أصطحبك إلى غرفتك .,neutral
11049,أريد تأكيد حجزي .,neutral
11050,يحسن بك أن تجري فحصاً شاملاً في مستشفى عام .,neutral
11051,ألو ، هنا موظف الاتصال الخارجي . بأي رقم تريد الاتصال ؟,neutral
11052,بجانب مكتب شركة خطوط سنغافورة الجوية هناك .,neutral
11054,هل لديكم طعام بحري ؟,neutral
11055,إن هذا لا يعمل بشكل جيد .,negative
11057,هذا مكلف نوعا ما .,negative
11058,أود ذلك ، لكنني أخشى ألا أستطيع هذه المرة .,negative
11060,هل يمكن أن أخذ مفتاحي ، من فضلك ؟ رقم الغرفة هو واحد خمسة عشر .,neutral
11064,حسنا ، لا أعلم بعد لكنني سوف أحاول بالتأكيد .,neutral
11067,خذ هذه الوصفة الطبية إلى صيدلية .,negative
11068,هل يمكن أن أخذ مقعدا على هذا الممر ، من فضلك ؟ نحن نريد مقعداً لغير المدخنين .,neutral
11069,الملح من فضلك .,positive
11071,الآنسة يوشي ساوا . الرقم هو ثلاثة أربعة خمسة ستة سبعة ثمانية تسعة صفر .,neutral
11072,بالنيابة عن ياماتو كوجيو يجب أن أشكرك للغاية على لطفك وعونك في إدارة هذه الجلسة لتنتهي بهذه النتائج الطيبة .,positive
11074,لا أستطيع التحرك .,negative
11075,معذرة . إنني أبحث عن هذا العنوان .,neutral
11077,لقد تلفت أمتعتي تلفاً كبيراً .,negative
11082,من فضلك استعمل غرفة القياس هناك .,neutral
11083,أين أقرب مدخل ؟,neutral
11084,غرفة مفردة بحمام ، من فضلك .,neutral
11086,يجب أن أتجنب الطعام المحتوي على سكر .,neutral
11088,مقعدا بجوار النافذة ، من فضلك .,neutral
11089,أريد أن حجز منضدة لفردين .,neutral
11090,يبدو هذا مسليا . ماذا تنتظر ؟,positive
11091,هل هذا ملغى من الجمارك ؟,neutral
11092,أريد ضبط ساعتي . إنها تؤخر حوالي دقيقتين كل يوم .,negative
11094,يا له من عالم صغير .,negative
11097,أريد تأجير بعض الزلاجات المائية .,positive
11100,تسعون دولاراً لتذكرة الذهاب . نقداً أم بالبطاقة ؟,neutral
11105,لا ، دعني ألقي نظرة أولاً .,neutral
11109,هل يمكن أن تخلي المنضدة لي ، من فضلك .,neutral
11110,هل توجد أية رسوم ؟,neutral
11111,أين الميدان ؟,neutral
11113,شكراً . سوف نوقظك في الثامنة .,positive
11114,هل يمكن أن أبدلها برحلة أقرب يوم الخامس ؟,neutral
11118,"وإن كان "" رينجي "" سوف يكتب الخطة الأصلية ويوزعها على ذوي الشأن لأخذ موافقتهم .",neutral
11119,آسف ، لكنه مملوء في هذا الوقت .,neutral
11120,هل لديك أية خواتم من العقيق ؟,neutral
11123,كيف يربي الآباء اليابانيون أولادهم ؟ هل هم صارمون مع أطفالهم ؟,neutral
11124,هل تلعب معي ؟,neutral
11125,"املأ هذه الوصفة , من فضلك .",neutral
11126,هل يمكن أن تخبرني عن ساعات العمل ؟,neutral
11127,اتصل بي عندما تتاح لك الفرصة لكي تزور طوكيو .,neutral
11128,هذا هو الكلام .,neutral
11129,هل لديكم أية جولات لمشاهدة المعالم .,neutral
11130,سوف توصل هذا الحاسب الشخصي لي ، هلا فعلت ؟,positive
11131,من فضلك لفها كل على حدة .,neutral
11132,أريد شريط لكاميرا فيديو ، من فضلك .,neutral
11133,أخشى أنني لا أستطيع دفع أكثر من ستين دولاراً في الليلة .,negative
11134,سوف أخذ قهوة باللبن .,neutral
11135,بالتأكيد . املأ هذه الاستمارة ووقعها ، من فضلك .,neutral
11136,يحسن بك ألا تسهر طيلة الليل .,negative
11137,في أي وقت يجب أن أعود للحافلة ؟,neutral
11140,ليس لدي شوكة .,negative
11142,هل لديكم رحلة إلى لاس فيجاس ؟,neutral
11143,لا أستطيع تحريك ساقي اليسرى لأنها تؤلمني كثيرا .,negative
11144,أين قسم المطالبة بالأمتعة ؟,neutral
11145,هلا وضعت قليلاً من الماء في كوبي ؟,neutral
11147,أذكر أنني التقطت صورة في المطعم حيث تناولنا الغداء .,neutral
11148,لقد وصلت إلى هنا بقطار غادر لندن في الثانية عشرة وخمسين دقيقة .,neutral
11152,نعم ، لقد فعلت ، متى تعيدون إصدارها لي ؟,neutral
11155,هل لديكم شيء خفيف ؟,neutral
11156,مساء الخير . كم شخصاً في حفلتكم ؟,positive
11157,من فضلك اذهب .,neutral
11158,"آسف , يا سيدي ، لكن حجوزاتنا قد اكتملت .",neutral
11159,هلاّ دونت ذلك ، من فضلك ؟,neutral
11160,أريد الذهاب إلى الحمام .,negative
11161,معدتي ثقيلة .,negative
11162,ما هو معدل التضخم ؟,neutral
11163,إن فريق سينسيناتي ريدز يخسر بثلاثة جولات .,neutral
11164,أين منطقة التزلج على الثلج ؟,neutral
11166,نعم ، هلا أبلغته أن نوريكو أيتوه قد اتصل ؟,neutral
11167,أين يمكن أن أدفع أجر المسافة الإضافية ؟,neutral
11168,أين الحافلة الخاصة بهذا الخط ؟,neutral
11170,أريد بعضاً من سمك موسى .,neutral
11171,يبدو هذا جيدا ، أين يمكن أن ننتظرك ؟,positive
11174,هل يمكن أن نبدأ اللعب عندما ينتهون ؟,neutral
11177,هل سأعاقبك على البكاء من غير سبب ؟,negative
11179,سقطت من على السلم .,negative
11182,أغسل هذا قبل التاسعة من صباح الغد .,neutral
11183,أريد الذهاب لصيد السمك .,positive
11184,إنها تقدم لنا قهوة ذات جودة عالية .,positive
11185,هل يمكن أن تصلح كعب هذا الحذاء لي ؟,neutral
11186,أريد أن أعرف موعد مغادرة رحلتي الجوية الواصلة .,neutral
11188,إنه هناك بالضبط . من فضلك لا بأس أن تأخذ واحدة .,positive
11189,هل يمكن أن نستخدم معلب التنس عصر اليوم ؟,neutral
11190,تعداد سكان اليابان حوالي مائة وعشرينا مليونا .,neutral
11192,هلاّ أحضرت لي الإفطار في الثامنة من صباح الغد ؟,neutral
11193,هل أنت من هنا ؟,neutral
11194,من أي نوع من الجلد صنعت حافظة النقود هذه ؟,neutral
11197,املأ البنود الآتية في بطاقة التسجيل .,neutral
11198,أين يمكن أن اركب الحافلة إلى موقف المدينة العمومي ؟,neutral
11199,هل يمكن أن أستعيد متعلقات ؟,neutral
11201,لديك عينان جميلتان .,positive
11203,أين مقعدي ، من فضلك ؟,neutral
11211,أريد مرشح للأشعة فوق البنفسجية ، من فضلك .,neutral
11212,هل يمكن أن أرى أرخص من هذه ؟,neutral
11213,أريد منضدة لغير المدخنين ، من فضلك .,neutral
11214,هل هذه هي أفضل نوعية عندكم ؟,neutral
11216,ماذا تحب سيدتي أن تشرب ؟,neutral
11217,عفوا ، هل تذهب إلى الثالث والسابع والعشرين ؟,neutral
11218,معذرة ، أين البار ؟,neutral
11221,شكراً . احتفظ بالباقي .,positive
11222,"حسنا , سوف أستدعيك فيما بعد ، شكراً .",positive
11223,هل يوجد هناك ملعبا ؟,neutral
11225,"هل لديك تذكرتان لمسرحية "" الجميلة والوحش "" يوم الأربعاء ؟",neutral
11226,هل لديكم جولة تستغرق يوماً بأكمله ؟,neutral
11227,متى نصل إلى نيويورك ؟,neutral
11228,ليس هذا مشكلة . لقد وضعنا هذا النوع من المواقف بالضبط في حساباتنا .,neutral
11229,يجب أن أذهب الآن .,neutral
11230,أخشى ألا يصل إلا في الغد .,negative
11234,هل يمكن أن تأخذني إلى المستشفى ؟,neutral
11235,أين أقرب صيدلية ليلية ؟,neutral
11237,هل يكون مقبولاً لو أخذنا الحلوى فقط ؟,neutral
11238,حسنا ، فلنتفحص كل شيء بشكل شامل .,neutral
11239,"كان الازدحام المروري فظيعاً في منطقة أتسوجي , أليس كذلك ؟",negative
11240,هل لديكم أوشحة حريرية ؟ إنني أبحث عن هدية لزوجتي .,neutral
11243,إنها واسعة للغاية .,negative
11244,إن السمكة التي تعنيها هي فوجو . فيها سم زعاف في كبدها ومبايضها .,negative
11246,سوف نحضرها الآن . ما هو رقم غرفتك ؟,positive
11247,لقد ظننت أن هذا الحفل الموسيقي جيدا فعلاً .,positive
11250,أين غرفة الأمتعة ؟,neutral
11253,هل يمكن أن ألتقط صورا بالداخل ؟,neutral
11255,لا أستطيع أن أديرها وحدي .,negative
11256,لم أر أبداً مثل هذا المنظر الفسيح .,positive
11257,أريد رؤية ممارس عظم (معالج لعظام الظهر بالضغط) .,neutral
11258,نعم . لم أشعر بأنني لست على ما يرام منذ حوالي يومين .,negative
11259,إنني مصاب بإسهال .,negative
11260,لماذا يقدم الغداء في الساعة الثالثة ؟,neutral
11263,يوم الجمعة محجوز بالكامل حتى الثامنة والنصف .,neutral
11264,السيد كوباياشي كان يبحث عنك .,neutral
11265,هلا لففتها ، من فضلك ؟,neutral
11266,من فضلك أخبرني بأسماء بعض المطاعم الجيدة .,neutral
11267,أريد السفر من شنغهاي إلى هاواي بالباخرة .,neutral
11268,متى يمكنكم إعادة إصدارها ؟,neutral
11269,دعني أفكر فيها . سوف أتحقق في بعض المتاجر الأخرى .,neutral
11271,ماذا عن عشرة دولارات مقابل ثلاثة ؟,neutral
11277,لا أريد إنفاق أكثر من ثلاثين دولاراً على القطعة الواحدة .,negative
11278,هل يمكن أن ترسل أحدا ؟,neutral
11279,هل يمكن أن تبدلوا الين الياباني هنا ؟,neutral
11280,أظن أن هذا هو أفضل كثيراً من ذاك .,positive
11282,هل تستطيع تجهيزه بحلول الخامسة من مساء الغد ؟,neutral
11283,من فضلك تحدث باليابانية .,neutral
11284,أريد قطعة من الشوكولاته ، من فضلك .,positive
11286,قف هنا ، من فضلك .,neutral
11287,يبدو هذا مشوقاً . متى تبدأ الجولة ؟,positive
11289,لقد حجزت سيارة لمدة يومين في اليابان .,neutral
11293,هل يمكن أن تخبرني أين أسجل لركوب هذه الرحلة ؟,neutral
11300,هل يمكن أن تلتقط صورتي ، من فضلك ؟,neutral
11301,أريد طابعاً لهذه البطاقة البريدية ، من فضلك .,positive
11302,إنها تستغرق عشر دقائق سيراً على الأقدام .,neutral
11304,هل يمكن أن أستأجر سرجاً وخوذة ؟,neutral
11307,هل يمكن أن أخذ نبيذاً آخر ؟,neutral
11309,من شيد هذا ؟,neutral
11313,هل الضمان ساري في اليابان ؟,neutral
11314,لا ، لا نفعل .,neutral
11315,لقد تجولت في سيدني .,neutral
11316,قبل أن ننهي العمل ، هلا أعطيتني بضعة دقائق ؟,neutral
11317,متى سيأتي ؟,neutral
11319,معذرة ، هلا أحضرت لي شوكة أخرى ، من فضلك ؟,neutral
11321,هل ثمة مسجد قريبا من هنا ؟,neutral
11322,هل يمكن أن أحصل عليه بدون روشته طبية ؟,neutral
11323,ألا أقترح أن تختار هذا الآن ؟,neutral
11324,أريد البقاء هنا الليلة .,neutral
11325,أين يمكن أن أوقف سيارتي ؟,neutral
11326,إنني أعمل في مجال الإعلام .,neutral
11328,شكرا . أين يمكنني الحصول على كارت تليفون ؟,positive
11331,حرر شيكات منفصلة ، من فضلك .,neutral
11332,أي نوع من الطعام تفضل ؟,neutral
11334,حوالي ثلاثين دولارا .,neutral
11336,اشعر ببرودة وتؤلمني معدتي جداً .,negative
11337,هلا رسمت خريطة ؟,neutral
11339,أنت واسع الاطلاع .,neutral
11341,الرقم هو اثنان اثنان ثلاثة واحد واحد واحد واحد .,neutral
11342,ويسكي وماء ، من فضلك . هل لديكم وجبة خفيفة معه ؟,neutral
11343,كيف يمكنني أن أطفأ الضوء ؟,neutral
11345,أو ، إنه جميل حقا يبدو لطيفاً جداً عليك .,positive
11347,ما هي وجهتك ؟,neutral
11349,"تذكرة واحدة , من فضلك .",neutral
11350,أرجو أن يظل الجو هكذا .,positive
11351,"أحب زيارة متحف متروبوليتان للفنون ومركز لنكولن , أيضا .",positive
11352,"بعد الإعصار , لدينا عادة يوم خريفي صحو .",neutral
11353,نعم ، سيكون هذا مناسبا . كم يبلغ الرسم الزائد للنسخ المضاعفة ؟,positive
11355,كم يجب علي أن أنتظر حتى يصل ؟,neutral
11356,ضباط شرطة . لدينا أمر بالتفتيش . افتحوا .,neutral
11360,هل هو مشغول جدا اليوم ؟,neutral
11361,متى الاستراحة ؟,neutral
11363,هل يمكن تقصيره باثنين سنتيمتر ؟,neutral
11364,سأرى ماذا يمكن أن أفعل .,neutral
11365,يجب أن اركب طائرة في الساعة الثانية .,neutral
11367,شكراً جزيلاً . هذه هي تذكرة تغيير الخط .,positive
11369,نوعا ما . لقد ذهبت إلى المنطقة .,neutral
11372,لقد تناولت وجباتي بالكوبونات .,positive
11374,أريد بعض الخيط .,neutral
11375,"اعطني شهادة طبية , من فضلك .",neutral
11376,أيها الأخف ؟,neutral
11378,أود تقصيره ببوصة واحدة من هذه المنطقة .,neutral
11379,إنني أتفرج فقط ، شكراً .,positive
11380,اثنان همبورجر وكوبان من القهوة ، من فضلك .,neutral
11381,يجب حقا أن نفعل شيئاً حيال ذلك . يجب أن أعود إلى طوكيو الغد .,negative
11385,العاشر والحادي عشر من أكتوبر ، والمغادرة في الثاني عشر .,neutral
11387,كم المقدم ؟,neutral
11389,كيف حال الماء ؟,neutral
11390,هذه هدايا لأصدقائي .,positive
11391,متى سينتهي ؟,neutral
11392,لا أشعر أنني على ما يرام . من فضلك اعطني بعض الدواء .,negative
11394,سقطت شوكتي .,negative
11398,على الإطلاق أتمنى أن يكون مناسباً لي في الغد ، كذلك .,positive
11399,هل يجب أن ارتدي ثيابا رسمية ؟,neutral
11401,أريد تذكرتين لعرض الساعة الثامنة .,neutral
11402,معذرة . هل يمكن أن تقول لي متى تفتحون ؟,neutral
11403,"هل يمكن أن أختر جريدة يابانية , من فضلك ؟",neutral
11404,حسنا . هل يمكن أن أترك السيارة في أي مكان ؟ ما هي رسوم ركن السيارة ؟,neutral
11405,هذه التذكرة غير صالحة .,negative
11407,خمس وثلاثون ساعة باستثناء ساعة للغداء . ماذا عن شركتكم في اليابان ؟,neutral
11409,ارتفاع هذا البرج ستة مائة أربعة وثلاثون قدما .,neutral
11410,"أريد جهاز ستيريو سيارة , من فضلك .",positive
11412,أي حافلة تذهب إلى وسط المدينة ؟,neutral
11413,هل تمانع أن تنظر في مسودتي بعد أن انتهي منها ؟,neutral
11414,حسناً ، سأرسل لك الإعلان حالا .,neutral
11417,عندكم تقرير للشرطة ، أليس كذلك ؟ ما هي أرقام شيكاتك ؟,neutral
11418,إن الخط مقطوع .,neutral
11420,هل يوجد أي قطار سريع إلى بوسطن ؟,neutral
11422,أين الدليل ؟,negative
11423,مصارعة السومو هي الرياضة القومية في اليابان .,neutral
11424,متى ترتدي الكيمونو ؟,neutral
11425,نعم . أود استخدام بطاقة فيزا . الرقم هو أربعة تسعة صفر ثمانية واحد خمسة واحد اثنان ثلاثة ستة سبعة سبعة ستة صفر صفر أربعة .,neutral
11426,هل يوجد لديكم مقاس ستة عشرة من هذا ، بلون أحمر ؟,neutral
11428,أريد تأميناً كاملاً .,neutral
11429,هل تتمتع برحلة طيبة ؟,positive
11430,ما الذي تحب أن تفعله ؟,neutral
11431,شكرا . هل الجو في لندن دائماً بهذا الجنون ؟,neutral
11435,من فضلك كن صديقي بالمراسلة .,positive
11436,من فضلك أخبره أن يتصل بي ثانية بمجرد أن يعود . هنا رقم ثلاثة خمسة أربعة ثمانية واحد واحد ثلاثة تسعة . فندق هلتون ، الغرفة اثني عشر صفر تسعة .,neutral
11438,سأقيم مع صديق .,neutral
11439,متى نهائيات الدوري الوطني لكرة السلة ؟,neutral
11440,لا أحب هذا النوع .,negative
11441,أي قطار يتجه إلى برلين ؟,neutral
11442,"أنا متأثر للغاية , لا أستطيع البقاء ساكنا .",negative
11443,لقد كسرت الزهرية بسبيل الخطأ .,negative
11445,هل أقدم الويسكي قبل الحساء أم بعده ؟,neutral
11447,هلا وضعت هذه الحقيبة في مكان آخر ؟,negative
11448,سوف نتتبع التطورات بعناية بعد عودتنا لليابان .,neutral
11449,هل يمكن أن أنزل عند فندق هيلتون ؟,neutral
11450,أريدك تنزعه .,neutral
11451,بالتأكيد لا تقلق ، لقد توليت كل شيء .,positive
11453,جيد . ماذا عن اليابان ؟,positive
11454,"آسف , لكن الفندق محجوز كله .",neutral
11456,هل يسمح لنا بالتصوير داخل المتحف ؟,neutral
11457,اتجه يساراً في هذا الشارع ثم انعطف عند أول منعطف يمين .,neutral
11458,هذه الأظافر الصناعية سوف تطيل أظافرك .,negative
11461,حسنا ، جيد . أتمنى ألا يحدث ثانية .,negative
11462,أريد أن أعرف إذا كان يمكن شحن مجموعة الأطباق هذه إلى طوكيو .,neutral
11464,أريد حمام فقاقيع .,neutral
11466,يجب أن أنزل . هذا هو القطار الخطأ .,negative
11467,أود بعضاً من القوة الجسدية .,neutral
11468,قلادتي مفقودة .,negative
11469,ربما يكون التهاب بالزائدة الدودية .,neutral
11473,دونها ، من فضلك .,neutral
11475,هلا أريتني ذلك ؟,neutral
11476,ماذا يجب أن أفعل عندما أعيد السيارة ؟,neutral
11477,لماذا لا نتحدث نحن نشرب القهوة ؟,neutral
11478,ألا يوجد طعام متبل وليس حارا جدا ؟,neutral
11479,هل هو قريب لنصل إليه سيراً .,neutral
11480,ما الطبق المميز لديكم ؟,positive
11481,سوف ينتهي في الواحدة بعد الظهر .,neutral
11482,أريد إلغاء الأطباق الأخرى لأنه يستغرق وقتاً طويلاً .,negative
11483,رئيس مجلس إدارتنا ؟ نعم ، إنه يتمتع بالكوكتيل . أريدك أن تقابله ، هيا بنا .,positive
11484,فليستدع أحد الشرطة .,negative
11486,أبحث عن تذكار لوالدتي .,neutral
11487,أين موقعي على هذه الخريطة ؟,neutral
11488,ربما .,neutral
11489,لقد أغلقت السيارة والمفتاح بداخلها .,neutral
11490,أقول أن عمرك هو حوالي الخامسة والخمسين .,neutral
11491,أريد بعض الكريم للأيدي .,neutral
11492,لا يسمح بالانعطاف يميناً هنا .,negative
11493,هل يمكن أن تمرر لي الملح ؟,neutral
11494,هل يوجد ورشة قريبة من هنا لتصليح السيارات ؟,neutral
11495,هذا الطلب خطأ .,negative
11496,أنوي أن أقضي الغد في التسوق .,neutral
11498,هذا محبوب .,positive
11500,أريد الذهاب إلى وول ستريت . كيف أصل إلى هناك ؟,neutral
11504,نعم ، إنها أول رحلة لي .,positive
11505,أود الانتقال إلى غرفة أخرى .,neutral
11506,هل سيكون مقبولاً أن أضيف عصى الجولف ؟,neutral
11507,أين المتجر العمومي ؟,neutral
11508,تركت حقيبتي في مقعدي . هلا بحثت لي عنها ؟,neutral
11512,شطيرة لحم ديك رومي . خفف المسطردة ، من فضلك .,neutral
11513,أقول أن الصيف هنا ليس سيئاً جيدا .,positive
11514,يا لك من رجل محظوظ . لقد عثروا عليها في المكتب الأمامي وهم يحتفظون بها هناك ككاميرا مفقودة . هل نعود أدراجنا ؟,positive
11515,أريدها نصف مطهوة ، من فضلك .,neutral
11517,عليك دفع رسم إضافي عند تركك السيارة .,neutral
11518,كيف تربط حزام المقعد ؟,neutral
11519,إنني أنادي الحارس .,neutral
11520,إنه مملوء لا شيء يمكن أن نفعله .,negative
11521,سر إلى الأمام مباشرة لمسافة مربعين سكنيين .,neutral
11523,استدع سيارة إسعاف بسرعة ، من فضلك .,neutral
11525,معذرة ، متى ستصل الطائرة إلى طوكيو ؟,neutral
11526,هل ما زالت هذه التذكرة متاحة ؟,neutral
11527,هل تحتاج قلم حبر ، أو قلم رصاص ؟,neutral
11528,لا يوثق في هذا الرجل .,negative
11530,هل لديكم خريطة لرياضة ركوب الدراجات ؟,neutral
11532,مقاس عشرة ، يا سيدتي . البطاقات الحمراء معلقة على مقاس عشرة .,neutral
11533,مع فكة صغيرة ، من فضلك .,neutral
11534,نعم ، لدينا . هل تحب أن تقرأ بعض المجلات اليابانية ، كذلك ؟,neutral
11535,مخفوق ، من فضلك .,neutral
11539,"نعم ، هو كذلك . نحن نسمي موسم المطر في اليابان باسم "" تسويو "" .",neutral
11540,املأ الخزان ، من فضلك .,neutral
11541,الكثير جداً من التمارين يضر بك .,negative
11542,لا اشعر برجلي اليمني .,negative
11543,طبعا ، لكن لا توجد غرفة مزدوجة أخرى لليلة .,neutral
11544,بما في ذلك الإفطار ، والضريبة ، ورسم الخدمة ، سيكون الحساب خمسة أربعون دولارا للشخص الواحد في الليلة .,neutral
11545,بأي طول أقطعها ؟ حوالي هكذا ؟,neutral
11548,هل يجب أن ينزل الجميع ؟,neutral
11549,هلا تحدثت بشكل أبطأ ، من فضلك ؟,neutral
11550,هل تستطيع تصليح هذا ؟,negative
11552,هل هذا هو الدواء الذي وصفه لي طبيب أسرتي ؟,neutral
11554,يقال إن تاريخ وتقاليد وثقافة أمة ما تبدو في عطلاتها القومية .,neutral
11555,هل ستقلع هذه الرحلة في موعدها ؟,neutral
11561,لا ، لكن يمكن أن تطلب هذا الرقم للحصول على مساعدة باليابانية . واحد ثماني مائة .,neutral
11562,دعني ألقي نظرة على هذه السيارة .,neutral
11564,هل يمكن أن توصي بمحل جيد يبيع الساعات الأثرية ، من فضلك ؟,neutral
11566,نعم ، سوف أذكر ذلك .,positive
11569,أريد محول كهربي وفيش وبرايز . إن الجهد الكهربي في هذا البلد مختلف عن بلادنا ، وكذلك الأجهزة الكهربائية .,neutral
11572,كانوا أربعة شبان .,neutral
11574,مساء الخير . أهلا .,positive
11575,أظن إنني عندي التواء في أسفل ظهري .,negative
11576,لا أستطيع العثور على أمتعتك .,negative
11577,هل تريد أن أقص من السوالف قليلا ؟,neutral
11578,نريدك الانتقال إلى سفح أ . بي . سي .,neutral
11580,"مقاس عادي , من فضلك .",positive
11581,اسمي تشيبا ، غرفة رقم ثلاثة خمسة وأربعون .,neutral
11583,نحن نأخذ عشرين عطلة مدفوعة الأجر في العام الواحد .,neutral
11584,حقائبي ليست هنا .,negative
11585,"بمناسبة الحديث عن اللمس , إن الرجل الأمريكي يضع يده خلف ظهر السيدة بشكل طبيعي .",neutral
11587,أين الطعام الذي طلبته ؟,neutral
11589,لأنني سوف أعد سمك السالمون بطريقة مونير .,neutral
11590,لطيف منك أن تتصل لتطمئن على صحتي .,positive
11591,لا أشعر بتحسن .,negative
11592,من المتعب حمل الكثير من الأشياء من مكان لآخر ، لذا سوف أشتري تذكاراًتي في اليوم الأخير .,neutral
11593,سوف يبدأ عرض السينما العلوية بعد دقائق قليلة . هل تحب بعض المرطبات ؟,neutral
11595,سر مباشرة ، من فضلك .,neutral
11598,أنا من المغرب .,neutral
11600,هل من المأمون شرب الماء الذي هنا ؟,neutral
11601,ضع الحقيبة هناك والحقيبة الكبيرة في الدولاب ، من فضلك .,neutral
11603,لا يجدي شراء الأشياء الرخيصة .,negative
11604,ها هي تذاكرك وورق التأكيد للفندق .,neutral
11607,أرسل لي طبيبا ، من فضلك .,neutral
11611,أستطيع أن أمضي كل فترة العصر .,positive
11612,شكرا . هذا هو كل ما أحتاج الآن .,positive
11614,شكراً جزيلا . رقم غرفتك هو سبعة عشرونز هذا مفتاحك . سوف يحمل حمالنا الحقائب لك .,positive
11615,اخلع ملابسك واستلقي هنا .,neutral
11618,هل تمانع لو أطفأت الراديو ؟,neutral
11619,كان رد فعل المتعاملين تجاه المنتج جيداً .,positive
11620,أرغب في بعض الماء الساخن حقاًً .,neutral
11621,فليدفع كل منا لنفسه .,neutral
11622,أهه ، هيا . دولارين فقط .,neutral
11625,أيها النادلة .,neutral
11626,هلا بدلت هذا الفستان بآخر من مقاس أوسع ؟,neutral
11628,اصطحبت أخوتي الصغار إلى حديقة الحيوانات ؟,neutral
11629,"مساء الخير , لقد التقينا ثانية .",positive
11630,لمجرد التذكار . أتعلم أن ليس لدينا هذا النوع من التاكسي في اليابان .,neutral
11631,حسنا ، هيا نذهب . أستطيع مساعدتك في واجبك المنزلي بعد أن نتناول بعض البيتزا .,positive
11633,نعم ، يا سيد تاناكا هناك رسالتان لك .,neutral
11638,هل أستطيع أن التقط صوراً داخل المتحف ؟,neutral
11639,ما نوع اللعب التي يلعب بها الأطفال في سن الخامسة أو السادسة في إنجلترا ؟,neutral
11640,أريد الحجز في رحلة شركة الخطوط الجوية اليابانية رقم ستة إلى نيويورك يوم الثاني عشر .,neutral
11643,إنه لا يلائمني .,negative
11644,"أعتق أن هذه فكرة جيدة . لو لم توجد اعتراضات , أود أختار .",positive
11646,الغد يوم آخر .,positive
11650,كيف يمكن أن أذهب إلى هناك بالحافلة الليموزين ؟,neutral
11653,الجولة الوحيدة الباقية لليوم هي جولة المدينة . كل الجولات الأخرى هي جولات ليلية .,neutral
11658,مصنوع في إيطاليا ؟,neutral
11659,أي خط يذهب إلى محطة لندن ؟,neutral
11660,هل لديك أطفال ؟,neutral
11661,ليس خطئك .,negative
11663,ربما أستطيع مساعدتك . هل تحتاج إلى فيتامين سي ؟,neutral
11664,"هذا الطريق , من فضلك . السادس والسابع من هذا الصف .",positive
11666,أين المنحدر الدائري ؟,neutral
11668,لا خدعة .,neutral
11669,هل يمكن أن ترسل لي مطبوعات حول منتجكم الجديد ؟,neutral
11675,هل هذه الكاميرا السينمائية عيار ثمانية ملليمتر هدية ؟,neutral
11677,أريد فلاشا .,neutral
11678,أريد مكالمة إيقاظ ، من فضلك .,neutral
11680,هل تعني أنك لا تريد التوصل إلى حل وسط معهم ؟,negative
11682,نعم ، سأفعل . متى سنغادر من هنا ؟,neutral
11684,اسمي ريزا كوباياشي والرقم الذي أقيم فيه الآن هو اثنان صفر ستة خمسة اثنان خمسة ثلاثة واحد ستة ثمانية .,neutral
11685,"أريد راديو للجيب , من فضلك .",neutral
11687,إلى متى ستمكث هنا ؟,neutral
11688,إنه يستغرق بضعة أيام .,neutral
11689,إن محفظتي نشلت في القطار .,negative
11690,"صباح الخير , يا سيدي . هل أساعدك ؟",positive
11692,سأصل بعد العشاء .,neutral
11693,سأضع عقداً بحلول الأسبوع القادم .,neutral
11696,خمسة . أود أن تضموا الموائد إلى بعضها .,neutral
11701,هذا تبديل غير صحيح . من فضلك اعطني ثلاثة دولارات إضافية .,negative
11702,"أريد أن أنزل في محطة "" سنترال "" . من فضلك أعلمني عندما نصل إلى هناك .",neutral
11704,إنه بعيد جداً . يحسن بك أن تأخذ سيارة أجرة .,negative
11705,هل هو جلد حقيقي ؟,neutral
11706,من فضلك استدعي رجل شرطة .,neutral
11707,أي ناد هو الأفضل في موسيقى الجاز ؟,neutral
11708,أريد مقعداً يطل على الممر ، من فضلك .,neutral
11709,أعيش في شقة إيجارها ثمانون ألف ين في الشهر .,neutral
11710,لم أفهم .,negative
11711,فقدت حقيبة يدي .,negative
11712,هل يمكن أن آخذ صندوقاً للتعبئة ؟,neutral
11713,أريد شامبو جاف .,neutral
11714,هل لي أن أقاطعكم ؟,neutral
11715,المناخ معتدل .,positive
11716,نعم ، سأفعل بالتأكيد . من فضلك أرسل أفضل تحياتي للسيدة كاواكامي ، كذلك .,positive
11720,أعرض علىّ مقاساً أكبر .,neutral
11721,دعني أرى كم يزن . الحساب خمسة وتسعون سنتا .,neutral
11722,هل يمكن أن تضيف الخس والطماطم ؟,neutral
11723,من فضلك استدعي سيارة أجرة في الثانية بعد الظهر .,neutral
11724,دخلت شظية في أصبعي .,negative
11725,كم تتكلف هذه في اليابان ؟,neutral
11727,سوف يصل إلى بورتلاند عند الظهيرة .,neutral
11728,إنه غالي جدا بالنسبة لي .,negative
11729,هل انتهيت من غدائك ؟,neutral
11730,هلا لففت هذا لي ؟,neutral
11731,هل يمكن أن تصف متاعك ؟,neutral
11732,من فضلك ضعه في حقيبة .,neutral
11733,هلا انتظرتني ريثما أزور الكاتدرائية ؟,neutral
11734,معذرة . هل تمانع في أن تبادل المقاعد معي ؟,neutral
11736,دعنا نغير النهايات .,neutral
11737,كان يحسن بها أن تملأ استمارة الجمارك هذه وتسلمها .,neutral
11740,هل أستطيع استعارة قلم ؟,neutral
11742,سآخذ ملعقة كبيرة من آيس كريم جوز الهند فوق مخروط بسكويت ، من فضلك .,positive
11744,هل تحب بعض المشروبات ؟,neutral
11746,نعم ، بالطبع .,positive
11748,ما اسمك ثانية ، من فضلك ؟,neutral
11749,دعني أرى ذلك .,neutral
11750,لقد جئت لكي أخذ صوري .,neutral
11751,اذهب إلى الناحية وانعطف يساراً عند إشارة المرور .,neutral
11752,من فضلك قصر الأكمام .,neutral
11753,أعاني من حمى خفيفة وعندي أيضاً ألم في الصدر في الجانب الأيمن عندما أسعل .,negative
11754,هل تفضل ماسكات للشعر أصغر أم أكبر ؟,neutral
11755,عشرون دولاراً مقدماً .,neutral
11757,أين منضدة الروليت ؟,neutral
11760,أريد الذهاب إلى محطة مترو الأنفاق .,neutral
11761,سنصل إلى هناك في الثالثة والنصف بالتوقيت المحلي .,neutral
11762,"أريد الذهاب إلى الطريق الخامس . ما قيمة الأجر , من فضلك ؟",neutral
11767,أريد غرفة مفردة بحمام لقاء ثمانين دولارا ، من فضلك .,neutral
11770,هل أحضر لك شيئاً تشربه ؟,neutral
11772,أين أقرب محل للحلويات ؟,neutral
11773,أوه ، نعم . أريد إرسال ذلك الطرد إلى اليابان . توجد بها قطعة فنية خاصة السكان الأصليين لأستراليا .,neutral
11774,ياه ، إنك تقود السيارة بسرعة كبيرة . هلا أبطأت ؟,negative
11777,هل يمكن أن أخذ نبيذ أحمر ، من فضلك ؟,positive
11778,ما هو أجر الغرفة ؟,neutral
11780,من فضلك أعطني تلك التي على الرف .,neutral
11781,سوف أعتني بهذه المائدة .,neutral
11785,لف هذه كل على حدة .,neutral
11787,أنه في هذا المكان كبير للغاية .,neutral
11788,مساء الخير . فندق ستار . كيف يمكن أن أساعدك ؟,positive
11790,لقد وضعت ربعين دولار للحصول على كوكا ، ولكن لم يخرج شيء من الآلة .,negative
11791,هلا دللتني على مكان يتجمع في الكثير من الشباب ؟,neutral
11792,هل يمكن أن أغير شركة الطيران ؟,neutral
11794,هل يمكن أن أصرف بعض الشيكات السياحية ؟,neutral
11795,لم اقصد أن أؤذي مشاعرك .,negative
11796,بعد الإقلاع ، سوف نقول لكم المزيد عن خدمتنا اليوم . في الوقت الراهن ، فإذا كنا نستطيع تقديم شيء ليجعل رحلتكم ممتعة ، تفضلوا بطلبه .,positive
11797,من فضلك صلني بالغرفة رقم اثني عشر أربعة وثلاثون .,neutral
11798,"هل يمكن أن تأخذني إلى طبيب , من فضلك ؟",neutral
11799,من فضلك أرني الحساب بالكامل .,neutral
11800,أريد إيداع مقتنياتي الثمينة في خزينة الفندق .,neutral
11802,الطعام بارد .,negative
11803,هل يوجد محل جيد لملابس الرجال ؟,neutral
11804,هذا هو كل شيء .,neutral
11807,إنها هنا منذ ثلاث سنوات .,neutral
11809,أريد أن أحجز ملعب تنس في الثالثة ظهراً لمدة ساعة .,neutral
11810,كل مرة أفشل فيها ، أنجح في المرة التالية .,positive
11811,هل هذا للأطفال ؟,neutral
11813,حسنا ، أفضل عطراً ليس فائح الرائحة جدا .,neutral
11814,في منزل صديقي .,neutral
11815,ماذا يمكن أن أفعل لك ؟ هل تعاني من مشكلة ؟,neutral
11817,هل لديكم غرفة متاحة الليلة ؟,neutral
11819,كم تتكلف تذكرة العودة ؟,neutral
11821,نعم ، ولكن تأكد أن تذكرتك معك .,neutral
11823,آسف . نحن لا نصنع أي حجوزات .,negative
11825,أين يجب أن أنزل ؟,neutral
11829,هل يمكن أن تأخذني إلى أقرب نقطة شرطة ؟,neutral
11830,سوف تحصل الضريبة بشكل منفصل .,neutral
11831,أين المكان الذي يوصي الأكثرية بزيارته ؟,neutral
11832,لماذا لا تضع القليل من الفلفل عليه ؟,negative
11833,أريد بعض الطعام الإيطالي .,positive
11835,أريد مساحة,neutral
11836,كم تبلغ تكلفة إرسالها ؟,neutral
11837,كم تبلغ تكلفة الدخول ؟,neutral
11839,هوراي .,neutral
11840,سوف أصل إلى لوس أنجلوس في الخامسة .,neutral
11841,أشعر بألم حاد في صدري .,negative
11842,إنها حقيبة سامسونايت زرقاء كبيرة وعليها ملصقات كثيرة .,neutral
11844,هل يمكن لي أن استأنف سفري ؟,neutral
11847,حسنا ، سوف تكون التذاكر بانتظاركم في نافذة تذاكر المسرح . شكراً على اتصالكم بشركة تذاكر برودواي تيكتز .,positive
11848,أعتقد أن هذه الأرقام لم يتم إضافتها .,neutral
11849,لدينا مشكلة .,negative
11850,هذه الطائرة متأخرة ساعتان عن ميعادها .,negative
11851,هل يحتمل أن تمطر ؟,neutral
11852,معذرة ، ولكن هل يتوقف هذا القطار في بالتيمور ؟,neutral
11854,لقد ضاع الغسيل الذي كنت علقته في الحمام ليجف .,negative
11861,نعم ، شكرا . أريد كوباً من الشاي .,positive
11862,لن ينضم للجولة الاختيارية إلا القليل من الناس .,neutral
11864,أراهن بعشرة دولارات .,neutral
11865,كتاب دليل سياحي .,neutral
11866,من فضلك أرني كيف أفعلها .,neutral
11869,أحب هذا المعطف الذي ترتديه حقاً .,positive
11872,لا تهتم . على أي حال ، خذني من فضلك إلى مركز الحي الصيني . سأحاول أن أجده بنفسي .,positive
11877,هل تعرف أية أماكن حيدة للإقامة فيها في شيكاغو ؟,neutral
11878,حوالي خمسة آلاف ين . شيء لسيدة شابة .,neutral
11879,تشغل أشخاصاً جدد في أبريل .,neutral
11880,أرجو ذلك .,positive
11882,أين يمكن أن أجد لوحة النشرات ؟,neutral
11883,هلا فتحت لي الباب من فضلك ؟,neutral
11885,"اثنان ويسكي مع الماء , من فضلك .",neutral
11888,ماذا في الموضة الآن ؟,neutral
11890,هل هناك استراحة ؟,neutral
11892,"إنه يود قتلي . انظر ، أسد لي معروفاً . اذهب إلى الحمام , وافتح نافذة وانتظر هناك .",neutral
11894,نعم ، يا سيدي بيرو جينو على الجانب الغربي .,neutral
11896,هل احتفظ بهذا الكوب هنا ؟,neutral
11897,من فضلك غادر الفندق قبل التاسعة .,neutral
11899,سآخذ حساء الخضار وشرائح الضأن المشوية ، من فضلك .,positive
11901,من الذي يعزف ؟,neutral
11902,أين أجد مترو الأنفاق ؟,neutral
11903,من فضلك أرني لوناً أخر .,neutral
11907,هل يوجد تزلج في الليل ؟,neutral
11909,أريد أن أحجز غرفة لليلة .,neutral
11911,بعد أن تنتهي مع الشرطة ، من فضلك اتصل بي ثانية لكي أعطيك الأرقام الأخرى التي تحتاجها .,neutral
11912,إنها تتورم وهناك ألم نابض .,negative
11913,هل يمكن أن تتصلوا بي إن عثرتم على حقيبتي ؟,neutral
11914,من فضلك اشحنه على هذا العنوان .,neutral
11916,إلى اليسار ، من فضلك .,neutral
11917,مشغل الاسطوانات هذا لا يعمل . أريد استرجاع نقودي .,negative
11918,إنه جميل .,positive
11920,أوه ، أود ذلك .,positive
11921,هذا هو السيد ياماموتو ، غرفة ثلاثة خمسة وثلاثون . إن الأشخاص في الغرفة المجاورة يحدثون ضجة كبيرة . أريد تغيير الغرفة .,negative
11922,هل لديكم شيء أضيق ؟,neutral
11923,كم نجعل مدة هذا العقد ؟,neutral
11925,كأس من ستابليس .,neutral
11926,كم تبلغ تكلفة الرخصة ؟,neutral
11927,كم سعر هذه العملة ؟,neutral
11930,عندي آلام الدورة .,negative
11932,هلا وقفت معي لالتقاط صورة ؟,neutral
11934,كالمعتاد .,neutral
11936,لقد أصبت .,neutral
11937,إنه طويل .,neutral
11938,لا . هل تحب الإبلاغ عنه ؟,neutral
11939,إلى العروس الجميلة سوزان ، بالتوفيق .,positive
11940,عفواً ، يا سيدتي . لقد وقع منديلك .,negative
11941,بالبريد الجوي ، من فضلك .,neutral
11944,هل تريد مقعداً بجوار النافذة أم بجوار الممر ؟,neutral
11948,أهلاً . هل تقول لي كيف أحصل على تذاكر لمباراة اليوم ؟ نحن نقيم في مانهاتن الآن .,neutral
11949,هذه السن في المقدمة تؤلمني .,negative
11952,على أي قسم من (أي) أنت ذاهب !,neutral
11954,شكرا . أنا ذاهب إلى حفل .,positive
11958,أريد فيلماً لهذه الكاميرا بسرعة ، من فضلك .,positive
11959,ما هي أحدث ألعاب الكمبيوتر لفتى سنه خمسة عشر عاما ؟,neutral
11960,هلا استدعيت طبيبا ، من فضلك ؟,neutral
11962,ليس حقا . لكن لدي صداع خفيف .,negative
11963,هل هناك حفل كبير لموسيقي الجاز ؟,neutral
11964,لقد جئت إلى هنا لأجري أبحاث في التسويق .,neutral
11965,من فضلك انظر فيما يمكن أن تفعله لي .,positive
11967,هل يمكن أن أدعوك للغداء ؟,neutral
11969,فيزا .,neutral
11972,سنراك في الغد .,positive
11973,هل يوجد مطعم أرخص قريب من هنا ؟,neutral
11974,أريد بعضاً من مسحوق الغسيل .,neutral
11975,لا ، ولكن شكراً لك . إنني أشعر بتحسن .,positive
11976,هل لديكم أي خبز ؟,neutral
11977,ما هو مستوى مهارتك في عزف الكمان ؟,positive
11982,بالتأكيد لقد قلت : هل تعرف السيد هوايت ؟,neutral
11983,شكراً على النصيحة . سأجرب ذلك في المرة القادمة ؟,positive
11986,هل تعاني من حساسية بالنسبة لأدوية معينة ؟,neutral
11988,كلا ، شكراً .,neutral
11990,لقد انزلقت قدما صديقي وسقط في الحمام .,negative
11991,أريد مطفأة سجائر .,neutral
11992,لا أظن لك . إنها فكرة عظيمة .,positive
11993,شغّل المكيف من فضلك .,neutral
11996,أريد زجاجة مياه معدنية .,neutral
11997,حظرت المسيحية وأغلقت البلاد بالنسبة لبقية العالم .,negative
11998,هلاّ زكيت لي بعض الأماكن الطيبة لزيارتها نهارا ؟,neutral
11999,هل يسعني استئجار مرشد اليوم ؟,neutral
12002,من أي جزء في الولايات المتحدة أنت ؟,neutral
12003,من فضلك حول هذه النقود إلى جنيهات .,neutral
12004,هذا الأمر مرهون بطول الرحلة .,neutral
12005,ما الكمية التي تريدها ؟,neutral
12006,هلاّ خلع ملابسك حتى خصرك ؟,neutral
12007,إني من إسرائيل .,neutral
12008,آه بحلقي زيتونه محشورة .,neutral
12009,من أين أحصل على الكتب المدرسية ؟,neutral
12012,خلطة جمبري لها ، وكذلك لي .,neutral
12013,لقد صدمتني سيارة .,negative
12014,نريد ماصة من فضلك .,neutral
12015,إن الثلاجة معطلة .,negative
12016,استوف بيانات هذه الاستمارة من فضلك ثم أعدها بالفاكس إليه .,neutral
12019,إلى اللقاء .,positive
12020,أهذا رصيف القطار المتجه إلى باريس ؟,neutral
12022,أهلاً بك . كان ذلك مدعاة لسروري .,positive
12023,"عجبا هل لازال هناك حفلات "" جيشا "" ؟",positive
12024,ولكن أسماء المحطات في الغالب مكتوبة باليابانية فحسب . ولذا قد يصعب فهمها .,neutral
12026,ماذا تصنع الدودة في حقل قمح ؟,neutral
12029,ماذا تريد ؟,neutral
12031,شكراً جزيلاً ولكن هلا أخبرتني باليوم الذي تنوي فيه ذلك ؟,positive
12032,أظنك قد جلست على مقعدي .,neutral
12033,هلاّ جعلت توقيعك هنا والحروف الأولى من اسمك هنا .,neutral
12034,في تلك الحال لن يكون لدي متسع من الوقت .,negative
12035,لقد أثلج صدري زيارة مقاركم الرئيسية وكذا ما جرى بيننا من مناقشات مهمة . شكراً جزيلاً على ما أبديتموه من تعاون .,positive
12036,لغير المدخنين من فضلك .,neutral
12037,أريد التوجه إلى مانهاتن ، كم سيكلفني ذلك ؟,neutral
12040,"من فضلك زكّ لنا مطعما قريبا مناسبا , وحدده فوق الخريطة .",positive
12042,عليك أن تعبر بوابة أخرى إن أردت أرصفة شينكانسين .,neutral
12043,أين مسرح السينما ؟,neutral
12044,إنه كيموتو .,neutral
12045,هلاّ أوصلتني إلى شخص يتحدث اليابانية ؟,neutral
12046,أربعة أيام .,neutral
12047,دعني أحسبها . سيكون ذلك أربعة عشر وخمسون .,neutral
12049,تأخر ميعاد ركوب طائرة رحلة يونايتد إيرلاينز واحد سبعة خمسة . رجاء الانتظار عشر دقائق .,negative
12050,حسناً ، سأشتريه .,positive
12054,إن غطيطك مزعج .,negative
12055,هل يشمل هذا السعر الضريبة والخدمة والإفطار ؟,neutral
12056,إن لونها لا يروقني على الإطلاق . هلي يمكنني إرجاعها ؟,negative
12057,اخرج من ذلك الباب ، وانتظر عند المحطة رقم ستة .,neutral
12060,دجاج محمر ، من فضلك .,positive
12063,دعني أتحدث عن أوقات الوجبات في هذا المنزل .,neutral
12065,أعاني من ارتفاع في درجة الحرارة .,negative
12068,هل انتهيت من أداء واجباتك ؟,neutral
12069,هل لي في بعض الفلفل ؟,neutral
12071,دعنا نتصل به هاتفيا .,neutral
12074,أجل أريد شيئاً أقرؤه .,positive
12076,أنوي قضاء عطلة الصيف هذا العام في أوروبا .,positive
12077,لابد أن ثمة أناس من جميع أنحاء العالم في هذا المكان .,neutral
12078,أين يجري عرض هذه المسرحية حالياً ؟,neutral
12080,أعطني الشيك من فضلك .,neutral
12082,إنه يتكون من ثلاثة شرائح من الدجاج وكذا مع البطاطس المحمصة والخضراوات المختلطة .,neutral
12083,الغرفة الملاصقة شديدة الضجيج . هلا نبهتهم إلى ذلك ؟,neutral
12084,لقد اصطدم بي .,neutral
12088,لا تقلق من هذه الناحية . فسنتولى نحن أمر ترتيبها .,neutral
12090,نريد مكاناً نظير حوالي ثلاثين دولاراً للشخص .,neutral
12092,معذرة هلا أخبرتني ما هذا الصنف في قائمة الطعام ؟,neutral
12094,"أخبرني من فضلك ما هو أرخص "" ديسكو "" في هذه المدينة .",neutral
12095,أرني من فضلك كيفية استعمال الهاتف .,neutral
12096,إنه مفتاح على شكل بطاقة . يمكنك الاحتفاظ به .,neutral
12098,متى يفتح المتحف من فضلك ؟,neutral
12099,أريد الذهاب إلى حفل موسيقيا كلاسيكية .,positive
12100,ما هي الأشكال الشائعة الآن ؟,neutral
12101,أنا السيد تكاهاشي بالغرفة رقم خمسة تسعة وأربعين . من فضلك أرسل أربع زجاجات من بيرة بودفايزر .,neutral
12102,أريد شيئاً من لحم الخنزير .,neutral
12104,كم سيكون ثمنها مع الحافظة .,neutral
12106,أرجو المعذرة . إنها الباب الثاني من جهة اليسار .,neutral
12107,أجل ، لدينا دليل العناوين ومرشد المدينة .,neutral
12111,من فضلك احتفظ لي بأشيائي القيمة في خزانتك .,neutral
12112,خذ حذرك .,neutral
12113,أسرع . لنذهب ، هلا لزمت الهدوء يا سيدتي ؟ اهبط يا سيدي من فضلك . شكرا . امكث هنا . خذ راحتك . لو سمحت . نريد زجاجتين آخرين من وايلد تركي .,neutral
12115,تجمدت أطرافي من البرد .,negative
12119,أبلغها من فضلك أني أود مقابلتها بعد غد .,positive
12120,سأقيم لدى صديقي .,neutral
12121,أين هذا الدليل ؟,negative
12122,يبدو أن هذا الطعام لذيذ .,positive
12123,بنزين عادي بعشرة دولارات على المضخة رقم ثلاثة ، من فضلك .,neutral
12126,تتضمن حزمتي هذه الرحلة الاختيارية,neutral
12127,كيف يمكنني الذهاب إلى ذلك المكان ؟ هل تمانع في رسم خريطة لي ؟,neutral
12128,سأفكر في الأمر . شكراً .,neutral
12130,على أن أحذر أن يغشني أحد بالنسبة لنقودي من الوحدات الصغيرة .,negative
12131,هذه سبعون دولار .,neutral
12132,تزداد شعبية الأطعمة التي يتدخل في طهوها الخبراء هذه الأيام .,positive
12133,كانت ممتعة . شكرا .,positive
12136,كتب . كم سيستغرق وصولها إلى اليابان بالبريد الجوي ؟,neutral
12138,لقد جُرحت يدي .,negative
12140,من فضلك اتصل بي في الفندق عندما تجد حقائبي .,neutral
12141,ما قولك في يوم الثلاثاء ؟,neutral
12142,هل ترتبون رحلات نصف يومية ؟,neutral
12143,لا أفهم الإنجليزية جيدا . هل لي بشخص يتحدث اليابانية ؟,negative
12144,أهلا ، اسمي موري . لدي حجز في الساعة السابعة .,neutral
12146,إني في انتظار صديقي .,neutral
12149,إني من روسيا .,neutral
12150,أريد مكالمة لإيقاظي في الثامنة والصف صباح غد ، من فضلك .,neutral
12152,ما طلبك ؟ أتود مشروبا ؟,neutral
12154,فضلا . أوصلني بالسيد تاناكا بالغرفة ثمانية عشرين ؟,positive
12155,مزيداً من الخبز المحمص من فضلك .,positive
12156,"أريد أن أستأجر مضارب "" راكيت "" .",neutral
12157,أتريد قهوة أم شاياً بعد الوجبة .,neutral
12158,هل يسعني التوقف بالطريق ؟,neutral
12159,أي نوع من اللحوم هذا ؟,neutral
12160,أيكفي مائة دولار ؟,neutral
12161,إنها حقيبة ضخمة من الجلد .,neutral
12167,أجل ، ولكن هذا كثير جدا ، ولقد شبعت بالفعل .,neutral
12170,كيف يمكنني الذهاب إلى المتحف ؟,neutral
12172,أريد غسيلاً للفم .,neutral
12173,أشعر بوعكة .,negative
12175,أجل ، اعطني كوكاكولا من فضلك .,positive
12176,عاش كونفوشيوس في القرن الخامس قبل الميلاد .,neutral
12177,تخير واحد لي من فضلك .,neutral
12182,هل تقدمون تخفيضات كبيرة ؟,neutral
12184,أهي مصنوعة من الجلد ؟,neutral
12186,سأكون في الرقم التالي طيلة المساء واحد اثنان اثنان ثلاثة واحد سبعة سبعة .,neutral
12189,لدينا حساء فول الصويا فورية الذوبان .,neutral
12193,طوكيو صفر ثلاثة أربعة مرات تسعة أربعة خمسة ستة سبعة .,neutral
12195,ما مدى شيوع استعمال السرير للنوم في اليابان ؟,neutral
12197,في نيويورك .,neutral
12198,متى يمكنني استلام الصور .,neutral
12199,إنه شديد الضيق في هذا المكان .,negative
12203,إن فيلم شديد السرعة . هل يسعني إخراج الفيلم ؟,neutral
12204,طلب سلطة كرنب خارج المحل من فضلك .,neutral
12205,هل يمكننا اللعب الآن ؟,neutral
12206,شكراً على هذا .,positive
12207,في نخب صداقتنا .,positive
12208,من فضلك ما هي المحطة التي قبل نيويورك ؟,neutral
12209,إنك تمزح ، أليس كذلك ؟,negative
12210,يبدو أنني لا يسعني الاستمرار مع زميلي في الغرفة . إنه دائم التدخين . لا يسعني تحمل ذلك .,negative
12212,هل هناك حفل موسيقي الليلة أو ليلة الغد ؟,neutral
12213,معذرة آن وقت الرحيل .,neutral
12214,ممر رقم سبعة .,neutral
12216,أعرف أن الهامبورجر في هذا المكان لذيذة الطعم .,positive
12219,نشعر بسعادة غامرة لأنك تمكنت من ذلك .,positive
12222,هالو . أنا عامل المكالمات الدولية . ما هو الرقم الذي تريد طلبه ؟,neutral
12224,هلا أقفلت المكيف ؟,neutral
12225,هل تعترض على لون آخر ؟,neutral
12228,إنه كيمورا ك ي م و ر ا .,neutral
12230,من فضلك حول هذا إلى دولارات أمريكية .,neutral
12232,أريد أن أجد المدخل .,neutral
12237,هل يسعني الحصول على الدواء الذي بالروشتة ؟,neutral
12238,هل التوضيح مبين بالإنجليزية ؟,neutral
12240,فضلا ، ساعدني في العثور على حديقة الحيوان .,positive
12242,شيكولاته من فضلك .,positive
12245,لقد جئت لاستلام حقيبتي المفقودة .,neutral
12246,هلا أخبرتني كيفية تعديلها من فضلك ؟,neutral
12247,متى بالتقريب ستنتهي جولة الحافلة ؟,neutral
12248,هذا مطعم للمأكولات البحرية . أليس كذلك ؟,neutral
12249,أية طريق أسلك ؟,neutral
12250,أية طريق الخروج ؟,neutral
12251,هل هذه شركة كاسيد ليمتد ؟,neutral
12254,أرني كيفية استعمال الهاتف .,neutral
12257,أريد هذه ، من فضلك .,positive
12259,بالتأكيد . لدينا بعض الماركات الأمريكية الأصلية الجميلة . للكتب .,positive
12260,ما رقم الطوارئ ؟,neutral
12262,يبدو الاتساع ضيقاً إلى حد ما . أهذا على ما يرام ؟,neutral
12264,هلا زكيت شيئاً آخر ؟,negative
12266,متى ينبغي علىّ الدخول ؟,neutral
12267,لدينا عرض خاص على فطائر التفاح نظير خمسين سنتاً لا أكثر .,positive
12268,أريد وسادة وبطانية من فضلك .,neutral
12269,الساعة الثامنة ، فضلاً .,neutral
12270,إلى اللقاء .,positive
12271,رحلتي يو إي واحد صفر ثلاثة في العاشر من مارس .,neutral
12272,في أي طابق نجد المطاعم ؟,neutral
12275,معذرة !,negative
12276,كيف أستطيع الوصول إلى أقرب مكتب بريد ، من فضلك ؟,neutral
12277,أرني بطاقة النزول من فضلك .,neutral
12278,لقد حجزت في المطار .,neutral
12279,أيسعني عصر ليمونة ؟,neutral
12280,كيف يمكنني الوصول إلى مكتب البريد ؟,neutral
12281,أرني قائمة الأسعار من فضلك .,neutral
12283,نحن معا .,positive
12284,إن الدنيا صغيرة ، أليس كذلك ؟,negative
12285,من فضلك اعطني رسالتين جويتين .,neutral
12286,ما رقم هاتفك من فضلك ؟,neutral
12288,يسعك زيارتنا في أي وقت عصرا .,neutral
12291,أرجو أن تتقبل هذا رمزاً لتقديرنا وعرفاننا .,positive
12292,ما المقاس بالسنتيمترات ؟,neutral
12293,حجزنا مائدة للساعة التاسعة . اسمي ساتو .,neutral
12294,لقد نفدت الطبعة .,negative
12295,إنهما يلتقيان في المطاعم .,neutral
12296,هل سيارات الأجرة رخيصة ؟,neutral
12297,حقا ؟ إنه لطف منك أن تقول ذلك .,positive
12298,أريد عامل تشغيل يتحدث اليابانية من فضلك .,positive
12300,هلا أحضرت لي سيارة أجرة في الصباح ؟,neutral
12302,ما مواعيد انتهاء العمل ؟,neutral
12303,أيسعني شراء ربع رطل من اللحم ؟,neutral
12304,حقا ؟ شكراً جزيلاً . أود استعارة بضعة كتب لقراءتها في أثناء العطلة . يكفي ثلاثة كتب .,positive
12306,أعطني إفطار رقم اثنين .,neutral
12308,في هذه الحال عليك بالتوجه إلى مكتب المطالبات من فضلك ومعك بطاقة المطالبة .,neutral
12310,أهناك غرفة للنوم ؟,neutral
12314,إنها واسعة نوعا ما بالنسبة لي . أيسعن تجربة حجم أصغر ؟,neutral
12316,ما التكلفة البريدية إلى اليابان بالبريد الجوي ؟,neutral
12318,أيسعني أن أقاطعك ؟,neutral
12319,أنا السيد واتانابي بالغرفة ستة صفر سبعة ، سأغادر في حوالي التاسعة والنصف . أبعث إلي بشخص يحمل حقائبي من فضلك .,neutral
12321,ألا يزال ممكناً ممارسة التزلج على الجليد في موناكيا في هذا الوقت من العام ؟,neutral
12323,هل لديك بطاقة سكة حديد ؟,neutral
12327,كنت أمارس الكاراتيه وأنا طالب بالمدرسة .,neutral
12328,علىّ الوصول هناك قبل الواحدة والنصف .,neutral
12329,كم ساعة تستغرقها رحلة القطار ؟,neutral
12330,حسنا ، أمامي حوالي خمس دقائق .,positive
12331,نحن مهتمون بالأزياء .,positive
12332,هل ثمة مواقع تاريخية في هذا المكان ؟,neutral
12333,هل يمكنك أن تجر سيارتي ؟,neutral
12336,الساعة الآن الخامسة النصف . أمامك ثلاثون دقيقة للرحيل .,neutral
12337,هل يروقك هذا المكان ؟,neutral
12339,ليس ثمة ورق يكفي للكتابة .,negative
12341,ما موعد انتهائك من أداء ذلك ؟,neutral
12342,أية بوابة ستكون ؟,neutral
12343,أريد الحجز لمجموعة من خمسة أشخاص الساعة السادسة هذه الليلة .,neutral
12345,أهذه عيادة إف ؟,neutral
12347,أجل ، ولكن نطلب منك رسم التوصيل .,neutral
12348,بوسعك شراؤه من قسم الأثاث بالطابق الثالث .,neutral
12350,إني من آسيا .,neutral
12353,هل هذه هي الحافلة التي توصلني إلى الخطوط الجوية اليابانية ؟,neutral
12354,أريد الحجز في الحافلة .,neutral
12355,من فضلك أزل هذه البقعة .,negative
12357,حقا ، رائع . نريد الحجز لثلاثة أشخاص .,positive
12360,أريد التايم من فضلك .,positive
12361,حسنا ديف ، مارك ساشيكون ورومي سيحضرون الحفل .,positive
12363,أريد رقائق البطاطس بما يساوي خمسين دولاراً من فضلك .,neutral
12364,مرحبا يا سيدة ياماجوتشي ؟ فريقك على الخط . قبلت دعوتك . استمر من فضلك .,positive
12365,من الأفضل أن تستقل حافلة .,neutral
12369,سأصل في حوالي السابعة مساءً .,neutral
12371,ما نوع التتبيلة الذي تريدها ؟,negative
12376,أريد الذهاب على مطعم حقيقي في نيويورك لا يبالغ في التكاليف .,positive
12377,سأصل الفندق في الثامن عشر من سبتمبر .,neutral
12379,أريد خريطة للمنحدر من فضلك .,neutral
12380,أريد عينة من برازك .,neutral
12381,عجباً لم يتصرف اليابانيون على هذا النحو غير الاجتماعي ؟,negative
12382,ليس لدينا خيار آخر . هذا المكان مناسب .,negative
12384,في حالة السلع المعفاة من الرسوم ، أعبر عبر طاولة التفتيش ذات الضوء الأخضر .,neutral
12386,لو سمحت كرر ذلك مرة أخرى .,negative
12387,لسوء الحظ كل الغرف المفردة محجوزة ، ولكن لا يزال لدينا بضعة غرف مزدوجة .,neutral
12389,أفهم ذلك تماماً .,neutral
12391,من أين يسعني شراء تذكرة توصيل بالكوبون ؟,neutral
12392,ما الأوراق المطلوب تقديمها لاستئجار سيارة ؟,neutral
12393,لقد تعرضت لحادث سيارة .,negative
12394,هل معك تذكرة عودة ؟,neutral
12395,أشعر بصداع .,negative
12396,متى نصل إلى لوس أنجلوس ؟,neutral
12397,هل معك دنهل ؟,neutral
12398,هل يمكنك تزكية نوع رخيص من الخمور ؟,neutral
12403,سر في نفس الاتجاه حوالي خمس دقائق ثم لف لجهة اليسار .,neutral
12404,المفروض أن تشارك .,neutral
12405,هل ثمة مكان يمكن شراء بعض المشروبات منه ؟,neutral
12407,وصلت تواً إلى المطار .,neutral
12409,هل يسعك أن تفرغ من هذا قبل حلول الليل ؟,negative
12410,المزيد من المعلومات عن هذه النقطة يمكنك مراجعة الصفحة الثانية عشرة من التقرير .,neutral
12411,كان المفروض أن يعود إلى المنزل قبل العاشرة .,neutral
12413,جاف .,neutral
12414,أجل ، تفضل بالجلوس .,neutral
12415,هل يمكنك اقتراح بعض الأماكن التي يمكن زياراتها ثم العودة في نفس اليوم ؟,neutral
12416,إنه في هذا الطريق في اتجاه الشاطئ .,neutral
12419,كلا شكرا . سأذهب إلى الطبيب .,neutral
12420,هذا الشاي العشبي يساعد الجسم على استعادة نشاطه .,positive
12421,لم تصنع هذه باليابان ، أليس كذلك ؟,negative
12423,هذا الخاتم جميل .,positive
12428,أود الحصول على هذه .,positive
12429,متى تفتح صالة العرض ؟,neutral
12430,لم أقرر بعد .,neutral
12431,سنتولى هذا الأمر .,neutral
12432,أريد تخفيضاً من فضلك .,neutral
12433,كنت شديد الإهمال . فأرجو المعذرة .,negative
12434,أتريد ثوباً أبيض اللون ؟,neutral
12437,أيمكنك الاتصال بفندق من نفس الدرجة للعثور على غرفة لي ؟,neutral
12440,أرني ، من فضلك ، كيف أستوفي بيانات حقائب السفر المفقودة .,neutral
12441,متى تم بناؤها ؟,neutral
12442,سأخبرك بمجرد وصولي إلى هناك .,neutral
12443,حسناً . خذ هذا الاتجاه . من فضلك ، سأوصلك إلى غرفتك .,neutral
12446,هل من السهل الوصول إلى هناك ؟,neutral
12449,نستطيع الآن أن ندعوك للجلوس .,neutral
12453,معذرة أي هذه الطرق يؤدي إلى أكاساكا .,negative
12456,إنها تنزف بغزارة .,negative
12457,من أين يسعني شراء الأدوات الكتابية ؟,neutral
12458,لا أدري ماذا سيكون عليه الحال في أمريكا .,negative
12459,من فضلك أرسل عربة جر إلى خمسة عشر شارع بيكر .,neutral
12460,إني مصاب بالأنفلونزا .,negative
12461,دلني على منطقة بها محلات لتصميم العلامات .,neutral
12468,أنت تمزح .,neutral
12470,هل تفتح في أيام الأحد ؟,neutral
12472,لقد وقعت حادثة .,negative
12474,استقل المسعد هابطا ، وستجد المكتب هناك مباشرة .,neutral
12475,أريد استرجاع أشيائي القيمة من فضلك .,neutral
12476,هل د . توفلر مدرس حازم ؟,neutral
12477,أرني صنفاً آخر ؟,neutral
12479,علىّ مغادرة الفندق قبل الظهر .,neutral
12481,هل بإمكانك التوقف أمام ليبرتي ؟,neutral
12482,معدتي ممتلئة الآن . هل يمكنك إحضارها بعد نصف ساعة ، إن ناسبك ذلك ؟,neutral
12485,هل يمكنني الدفع بهذه البطاقة ؟,neutral
12486,أنوي البقاء بضعة أيام .,neutral
12487,لحم الخنزير ينبغي أن يكون طازجا ، كما تعلم .,neutral
12488,أريد أن ألقي نظرة على هذه البلوزة .,positive
12489,ثبتها جيدا ، وفي مكان ظاهر .,positive
12490,أورد تفتيش حقيبتين من فضلك .,neutral
12491,هل ثمة غرفة لتغيير الملابس ؟,neutral
12492,هل محلات ميسي مفتوحة اليوم ؟,neutral
12493,أريد تنظيف هذه الملابس بالبخار .,neutral
12495,نريد اثنين هامبورجر واثنين قهوة ، من فضلك ، نريد تناولها خارج المحل .,neutral
12497,أريد حجز مقعدين في حفلة النهار يوم الثلاثاء .,neutral
12498,لقد أخطأت . أيمكنني الحصول على واحد جديد .,negative
12500,"ما هذه "" الفكة "" ؟",neutral
12501,سأتناول طعامي هنا .,neutral
12502,هل يمكنك أن تريني كيفية استعمال المضخة ؟,neutral
12503,هل يوجد هنا مكتب لتحويل العملة ؟,neutral
12504,نعم . نستطيع أن نؤجر لك مضارب وأحذية جولف .,neutral
12508,أو ، تبدو صغير السن .,positive
12509,إن منتجنا أخف وزناً وأصغر حجماً من منتجات منافسينا ، ولكنه مع ذلك لا يزيد في سعره عنها سوى ثمانية في المائة .,neutral
12510,هل يسعني أن استمر في حمل هاتين الحقيبتين ؟,neutral
12513,إن جهازي للتحكم عن بعد معطل .,negative
12516,أين الكتب المصورة ؟,neutral
12517,ماذا يسعني الحصول عليه هناك ؟,neutral
12519,الأمر يتوقف على الظروف .,neutral
12524,إن ثمنها في المعتاد خمسة وثلاثون دولارا ، أما اليوم فثمة تخفيض قدره خمسة وعشرون في المائة ليتوقف ثمنها عند ستة وعشرين دولاراً وخمسة وعشرين سنتاً .,positive
12526,أتبيعها منفصلة ؟,neutral
12527,لقد طلبت لحما لا سمكا . هل يمكنك تغيير هذا ؟,negative
12528,أربع برتقالات .,neutral
12531,من أين يمكنني أن أستقل حافلة إلى شيكاغو ؟,neutral
12533,لا علم لي بعد .,neutral
12535,"أود أن ألعب "" تنس "" .",positive
12541,إنها لزوجي .,neutral
12544,لا أستطيع إغلاق الباب .,neutral
12545,لقد كانت المزارات في اليونان تاريخية .,positive
12546,إن طفلي قد أصابه الإعياء الشديد .,negative
12547,سنعرض فيلما بعد لحظة . من فضلك أسدل ستائر النافذة .,neutral
12548,نعم . هذه الألوان دارجة .,neutral
12551,أشعر بالغثيان .,negative
12555,سأحول إلى خطوط الطيران المتحدة من أجل الأمان .,neutral
12556,هذا الجاكت ليس مقاسي .,negative
12557,أريد لقاء السيد ويليم .,positive
12559,هلا أعطيتني أحد هذه الأطباق الجديدة .,neutral
12560,إن بها تشكيلة من سبعة فيتامينات ومعادن .,neutral
12562,"إن "" السنة "" متقلقلة .",neutral
12563,"نعم ، ولكن لابد من إضافة "" بالبريد الجوي "" في هذا المكان إن أردت إرسالها بالبريد الجوي .",neutral
12564,لو سمحت أرني بطاقة هويتك أو جواز سفرك .,neutral
12565,إنه عرض لغادة الكاميليا . لقد لاقت إقبالاً شديداً في الآونة الأخيرة .,positive
12566,نعم ولكن مشروب واحد فحسب .,neutral
12569,هل يسعك أن تزكي لنا نوعاً جيداً من الخمور ؟,neutral
12571,تيفانيز . تقصد محل المجوهرات ؟,neutral
12573,ثلاثة دولارات للواحد .,neutral
12574,يسوءني أن أضطر للإلغاء ، ولكن الأمر ليس بأيدنا .,negative
12576,لقد ضللت الطريق أين نحن ؟,negative
12577,ألا ترى قلة عدد من يتسمون بالجاذبية من حولنا ؟,neutral
12578,هلا أحضرت لي مظروفاً وبعض ورق الكتابة ؟,neutral
12581,إنه أبي .,neutral
12583,حسنا . من فضلك أعط بطاقة الإقرار الجمركي هذه إلى الموظف عند بوابة الخروج .,neutral
12586,ما عليك إلا أن تضغط على هذا الزر .,neutral
12588,لنتصل به هاتفيا .,neutral
12589,هل سأسترد ما أنفقت عند عودتي إلى اليابان ؟,neutral
12591,الطقس لطيف اليوم .,positive
12592,حسنا . لحظة واحدة . أتريدها عادية أم غريبة ؟,neutral
12593,شكرا . ما نوع الوظائف التي تقوم بها ؟,positive
12596,ذاك هو الرجل .,neutral
12598,هل سيتوفر لدي الوقت الكافي للتحويل إلى بي إي ثلاثة تسعة تسعة ؟,neutral
12599,ما هي مكونات هذا الطبق ؟,neutral
12601,هيا بنا نذهب .,positive
12602,أيمكنني اصطحاب هذه معي الآن ؟,neutral
12603,في أي الدول صنعت هذه .,neutral
12605,من فضلك ابعث أحد الخدم إلى غرفتي .,neutral
12607,هذا ما أفضله لنفسي . أرجو أن يعجبك .,positive
12608,أيمكنك الانتهاء من ذلك بعد عشر دقائق ؟,neutral
12609,أود حضور حفل موسيقي الليلية . احجز لي من فضلك .,positive
12610,لقد أنفقت مبلغاً كبيراً من المال على التسوق .,neutral
12611,لا أجيد الإنجليزية . هل ثمة من يتحدث اليابانية هنا ؟,negative
12612,دعني اشتري لك مشروبا .,neutral
12613,نريد طبيبا من فضلك ؟,neutral
12615,من أني يمكنني الحصول على مسكوكة لركوب المترو ؟,neutral
12616,هل يمكنك تزكية مطعم جيد بالقرب من هنا ؟,neutral
12617,إلى من تتحدث في الهاتف ؟,neutral
12619,كم مصروفات الدخول ؟,neutral
12620,قد تتعرض لمحاولة اعتداء لا سيما إذا اقتربت من العمارات ؟,negative
12621,يروقني مشاهدة برامج الرياضة على شاشة التليفزيون .,positive
12623,هل يسعني خفض مقعدي ؟,neutral
12624,لسنا في حاجة إلى حمّال . شكراً .,neutral
12625,هل تريد استئجار محفة أم عربة ؟,neutral
12626,أريد تحويل ينات إلى دولارات . ما سعر الصرف اليوم ؟,neutral
12628,يتوقف هذا القطار وقفة قصيرة في محطة إي .,neutral
12631,من فضلك اقترح لنا فندقاً .,neutral
12633,أيمكنني الحصول على صورة معك ؟,neutral
12635,ميكي هاياكاوا .,neutral
12636,ما عمر اليابان ؟,neutral
12637,هيا نرقص .,positive
12638,سنبعث لك بالبريد عشرين عينة إضافية .,neutral
12639,أبدو صغير السن ، مع أني قد جاوزت الثلاثين .,positive
12640,خذني إلى هذا المكان ، من فضلك .,neutral
12641,هالو ، هل المحل مفتوح اليوم ؟,neutral
12643,بجوار الممر من فضلك .,neutral
12644,لا أعتقد أن ذلك يناسبني فجلدي جاف إلى حد ما .,negative
12646,هل يمكنك إيداع هذا في صندوق الأمانات ؟,neutral
12647,أجل ، توقف في ذلك المكان من فضلك .,negative
12648,أريد إلغاء حجزي هذه الليلة .,negative
12649,أريد دواء لعسر الهضم .,negative
12650,أيمكنني الحصول على جدول زمني ، من فضلك ؟,neutral
12652,التيار من القوة بحيث لا يسمح بالغوص باستخدام أنبوب التنفس ؟,negative
12654,هل تمانع في أخذ صورة معنا ؟,neutral
12655,أود الاشتراك في رحلة لمشاهدة المسقط المائي ؟,neutral
12657,بي ألم شديد .,negative
12658,أجل ، أظن أني سوف أنظر .,positive
12659,أليس معك أية هدايا أو أشياء قيمة ؟,neutral
12663,هل يذهب هذا القطار إلى طوكيو ؟,neutral
12664,نريد فطير كرز تحلية ، وقهوة ، من فضلك .,positive
12666,"أريد عصير برتقال , من فضلك .",positive
12667,هالو . هل أنت السيد أونو ؟,neutral
12670,لقد خرجت من توها .,negative
12671,تسعة وتسعون دولاراً في الساعة للطفل ؟,negative
12672,آسف لقد نفذ هذا الصنف لدينا .,negative
12673,أرنا مقاعدنا من فضلك .,neutral
12676,من فضلك ، أيقظني في السابعة من صباح غد .,neutral
12677,لابد أن تكون هادئة .,neutral
12678,لدي معداتي الخاصة .,neutral
12679,أريد مفتاح الغرفة خمسة صفر ثلاثة ، من فضلك .,neutral
12680,أنا من شمال أيرلندة ؟,neutral
12682,المبلغ المطلوب يا سيدتي هو مائة وخمسة وعشرون دولاراً .,neutral
12684,أخشى أني قد تركت أشيائي في الطائرة .,negative
12687,هل تقبل التعامل بماستر كارد ؟,neutral
12688,ما الذي ذهب بها إلى هناك ؟,neutral
12689,من فضلك . اعطني الفاتورة .,neutral
12690,الرقم هو صفر صفر صفر صفر صفر صفر صفر صفر صفر صفر واسمي هو ميهو سوزوكي .,neutral
12691,هل ثمة مطعم جيد يطل على منظر لطيف بالقرب من هنا ؟,positive
12694,ها هي ذي بطاقتي .,neutral
12695,أود أن أجد وظيفة حكومية .,neutral
12696,هل القطار إلى شيكاغو يغادر من الرصيف خمسة .,neutral
12697,أود استعارة جهاز للغوص ذو أنبوب للتنفس ، من فضلك .,neutral
12698,هل يذهب هذا الطقار إلى سياتل مباشرة .,negative
12699,"متى يجري عرض فيلم "" رجل المحطة الأخيرة "" ؟",neutral
12701,أين الحلاق ؟,neutral
12702,من هذا الطريق ، من فضلك . أي خدمة أخرى ؟,neutral
12703,أبحث عن أصدقائي .,neutral
12705,حسناً ، إذن لابد من تعريفك بحقيقة مشاعرنا جميعاً في هذا المكان . إننا لا نتقبل من الأغراب إسداء التوجيهات إلينا حول الطريقة التي نعيش بها حياتنا .,neutral
12708,في الساعة السابعة ، من فضلك .,neutral
12709,استعمال الألوان جميل .,positive
12710,شكرا . اسمك السيد ريتشارد بولمان .,positive
12711,من فضلك أبلغ أسرتي .,neutral
12712,لقد أتلفت حقيبتي .,negative
12713,لمشاهدة المعالم .,neutral
12714,نظف النافذة من فضلك .,neutral
12716,في اليوم الخامس عشر من شهر يوليو .,neutral
12717,لقد جرحت نفسي .,negative
12718,"حسناً أريد بيضة نصف مسلوقة , أعني بيضة لم يكتمل سلقها , من فضلك .",neutral
12719,هذا الفستان على مقاسي بالضبط . هل يمكنني قياسه ؟,neutral
12721,متى الشوط الأول ؟,neutral
12725,لم أطلب هذا الصنف من الجبن .,negative
12726,لقد قطع الخط . هل يمكنك إعادة الخط لي ؟,neutral
12728,ما اسمك من فضلك ؟,neutral
12729,أريد الحصول على دجاجة مدربة على لعبة قتال الدجاج .,neutral
12730,ماذا ينبغي علي مشاهدته في شيكاغو ؟,neutral
12731,"هل من الممكن تحويلها إلى "" فكة "" أصغر ؟",neutral
12732,إني من إسبانيا .,neutral
12735,هل يتعين علىّ عمل فحص للعين ؟,neutral
12736,اسمك ، رقم بطاقتك الائتمانية وتاريخ انتهائها .,neutral
12737,إن به مجموعة رائعة من البرونز .,positive
12738,ما ذلك الذي أمام جسر بروكلين ؟,neutral
12741,شكراً على الإقامة معنا ، يا سيدي .,positive
12744,هل يسعني الحصول على ثلاثمائة دولار نقداً بهذا الشيك ؟,neutral
12746,إني موافق على ذلك الاقتراح .,positive
12747,من الذي يرقص .,neutral
12748,هل يمكنني الرقص معك ؟,neutral
12750,إن ثمة خطأ ما في بطاقة المفتاح هذه ، أعطني غيره ، من فضلك .,negative
12752,هل سأضطر على تغيير القطار ؟,neutral
12753,"لشخصين في السابعة ، أليس كذلك ؟ أعطني اسمك , من فضلك .",neutral
12754,إن ركبتي تؤلمني .,negative
12755,هناك طفح على ذراعي .,negative
12756,بكم اقرب المقاعد ؟,neutral
12757,أين مكان الألم فيه ؟,neutral
12758,هل لديك ساعات تملأ يدوياً ؟,neutral
12760,هل لديك أي طراز آخر ؟,neutral
12761,أرجو أن تبعث هذا بالبريد الجوي إلى اليابان .,neutral
12762,لقد أغمى على صديقي ، فقد وعيه ، هل يمكنك استدعاء الإسعاف فوراً ؟ !,negative
12764,ما هي الأصناف الرخيصة والجيدة ؟,neutral
12766,أين أقرب صيدلية ؟,neutral
12768,الساعة الخامسة من صباح غد ؟,neutral
12769,هل تقدمون طعاماً يابانيا ؟,neutral
12770,مزيد من النبيذ ، من فضلك .,positive
12771,وهو كذلك . على فكرة ، ما هذا ؟,neutral
12772,أريد الالتحاق بمدرسة للغوص .,positive
12773,إن الناس ودودون جداً .,positive
12775,هل يتعين علي دفع أي مبلغ نظير الإلغاء ؟,neutral
12776,كم عدد المشروبات التي يغطيها السعر ؟,neutral
12777,لقد تمكنت ن تحقيق ذلك .,positive
12779,أي الطرق تؤدي إلى البوابة خمس وثلاثين ؟,neutral
12780,أريد شراباً .,neutral
12782,أين بوابة ركوب الطائرة بالنسبة لهذه الرحلة ؟,neutral
12786,لا تتناول أي شيء مفرط السخونة أو البرودة .,neutral
12787,اقترح أن تغير ملابسك ثم تعود يا سيدي .,neutral
12788,رقم اللوحة هو صفر اثنان واحد واحد .,neutral
12790,"في حالة إمكان ذلك , احجز منضدة بالقرب من النافذة من فضلك .",neutral
12791,إلى اللقاء .,positive
12792,هل يمكنني الانتقال إلى مقعد شاغر آخر ؟,neutral
12797,نود أن نحجز مائدة لشخصين في السابعة من هذه الليلة .,neutral
12799,نلتقي غدا .,positive
12800,سأبحث عنه في هذا الكتاب .,neutral
12802,هل هطل كثير من الثلج هذا العام ؟,neutral
12804,بكم هذه المقاعد ؟,neutral
12805,هل أعلن بالفعل عن وجوب الصعود إلى الطائرة ؟,neutral
12806,هالوا . تفضل بالجلوس .,neutral
12807,ما القطار الذي تنوي أخذه ؟,neutral
12808,ما تكلفة عربة كبيرة كرافان ؟,neutral
12809,أين يمكنني أن ألحق بهذا التاكسي ؟,neutral
12810,إننا على ارتفاع اثني عشر ألف قدم .,neutral
12813,أليس ثمة خطا في الفاتورة ؟,neutral
12815,لقد حجزت في طوكيو . هل يسعك التأكد من ذلك مرة أخرى ، من فضلك ؟,neutral
12816,اقترح حلقاً أو مشبك زينة .,neutral
12817,ليس هذا توقيعي .,neutral
12819,يمتد ألم حلقي إلى أذني .,negative
12820,في البداية نود مشاهدة وول ستريت .,neutral
12821,احتاج إلى نعل داخل الحذاء .,negative
12822,أين محطة الحافلة التي تقصد أكسفورد ؟,neutral
12823,سأنتظر حتى يتاح الجلوس في التراس .,neutral
12824,سأصل متأخراً ، ولكن احتفظ بحجزي ، من فضلك .,neutral
12825,سنذهب إلى قرية فيشرمان غدا .,neutral
12826,أنا مسرور بلقائك .,positive
12827,أود أن أخبرك أمراً .,neutral
12828,أريد غرفة مزدوجة ، من فضلك .,neutral
12831,طابقها مع محطة الوصول .,neutral
12833,دائماً اشعر باضطراب في معدتي .,negative
12834,أشد صعوبة من العام الماضي .,negative
12835,هل يمكننا أن نلقي نظرة على حافظات جلدية ؟,neutral
12836,الليلة قارسة البرد .,negative
12838,بكم ؟ هل يمكنك كتابة التكلفة على قطعة من الورق ؟,neutral
12839,هل يمكنني حجز مقعد على الرحلة التالية ، من فضلك .,neutral
12840,هل يسعني إعادة السيارة في موقع آخر ؟,neutral
12843,هل لديك حقائب نوم ؟,neutral
12845,إنها ضيقة بالنسبة لي إلى حد ما . هل لديكم هذه الأحذية مقاس خمسة ونصف .,neutral
12847,أيمكنني الحصول على فكة ورقة من فئة الخمسين دولاراً ؟,neutral
12848,استمر في نفس الاتجاه بهذا الشارع . إنها على يسارك .,neutral
12849,أرني قائمة أسعارك ، من فضلك .,neutral
12850,معذرة . أريد شيئاً آخر من فضلك . أفضل مائدة بالقرب من النافذة .,neutral
12851,إني أبحث عن السيد جونز . سأحدثه في أمر شديد الأهمية .,neutral
12854,لمدة يومين .,neutral
12855,هل تذهب هذه السيارة إلى شيكاغو ؟,neutral
12856,هل ثمة بديل للرحلة الملغاة ؟,neutral
12857,لا أحبها . من فضلك لا تضف إليها أية أنشوجة .,negative
12858,أتريد زجاجة أخرى من النبيذ ؟,neutral
12859,لدينا نبيذ أحمر ممتاز .,positive
12860,هل لديك ساعات منبهة للسفر .,neutral
12861,دعنا نشاهد التلفزيون . فيها مباراة بيسبول .,neutral
12862,مع السلامة الآن .,neutral
12863,هل ثمة محل هدايا تذكارية بالقرب من هذا المكان .,neutral
12865,يسعك استخدام هذه التذكرة لكافة القطارات .,neutral
12866,أفضل الآلية .,positive
12870,لقد أدخلت العملات ، ولكني لم أحصل على شيء .,negative
12873,هل معك أية صحف يابانية ؟,neutral
12874,متى نلتقي مرة أخرى .,neutral
12875,أخبرني من فضلك الأشخاص الذين ينبغي إبلاغهم في حالة الحوادث .,neutral
12876,سأقيم في فندق ، ولكني لم أحجز بعد .,neutral
12877,ولكن لا تقلق . يمكنك النزول في المحطة القادمة ثم الرجوع للخلف . فالمسافة ليست طويلة .,positive
12878,هل يمكنك كتابة عنوانك في هذا المكان ؟,neutral
12881,أريد تمويجه ناعمة من فضلك .,neutral
12884,أخبرني من فضلك أين أقرب صيدلية .,neutral
12885,أريد اللحاق بصديقي .,neutral
12888,لقد تقيح الجرح .,neutral
12890,صرافة دولية .,neutral
12891,معناها إسقاط تكاليف التلف الناتج عن الاصطدام . وبدونها تصير مسئولاً عن أي تلف يحدث للسيارة .,negative
12892,لقد نيست مفتاحي .,negative
12893,أريد تنظيف أسناني .,neutral
12895,نحن في رحلة جماعية . ولذا يحتفظ مرشد الرحلة بكافة تذاكرنا .,neutral
12896,عفوا . أرجو إبلاغ سلامي لزملائك لاسيما السيد أوكاموتو .,neutral
12897,هل معك شيء تأكله في الطريق ؟,neutral
12898,حسنا . نحن هنا في المتحف . ما عليك إلا أن تواصل الطريق ، وبعد عمارتين ستجدها هناك عند تلك الناحية .,neutral
12899,هذا هاروكو . خمن ماذا حدث توا . لقد كان أمراً طريفاً .,neutral
12900,من فضلك أخبرني عن الطريق إلى فندق هيلتون .,neutral
12903,إلى فندقي ، من فضلك ، إن عنوان فندقي في هذه الورقة .,neutral
12904,لقد سرق كيس نقودي في محل السلع المعفاة من الضرائب .,negative
12905,كم مقاطعة هناك بالإضافة إلى طوكيو ؟,neutral
12907,لا بأس ، شكراً .,positive
12909,حسناً . يبدو ذلك طريفا . ماذا عن الساعة الثانية يوم السبت ؟,positive
12910,أظن أنه الأفضل أن نستأجر تاكسي يسعك إيقاف تاكسي أمام الفندق .,neutral
12911,ما اللون الذي تفضله لشريطك أحمر أم أزرق ؟,neutral
12913,حاولت السيارة أن تلف اضطرارياً لجهة اليسار .,neutral
12915,أرجو أن تحتفظ بهذه الحقائب لمدة أسبوع .,neutral
12917,ابقى على الخط وانتظر لحظة من فضلك .,neutral
12918,آسف ، سيكون منزلنا شديد الازدحام هذه الليلة .,negative
12920,هل تأتي حافلات المطار كثيراً ؟,neutral
12926,الشخص الذي يليه .,neutral
12929,ثلاثة اثنان ثلاثة أربعة واحد اثنان ثلاثة أربعة .,neutral
12932,هل يمكنك تزكية حفل باليه ؟,neutral
12933,لم آخذ وجبتي بعد . هل يمكنني ذلك الآن ؟,neutral
12935,هل يمكنني حجز مائدة ؟,neutral
12936,ماذا تعمل في المعتاد بالمنزل بعد تناول العشاء ؟,neutral
12937,أخشى ألا يمكن ذلك الآن . فرحلة الساعة الواحدة هي أول رحلة تالية .,negative
12939,بوسعي أن أقوم بذلك بنفسي .,positive
12941,بالتأكيد . متى تود أن تلعب جولف ؟,neutral
12942,أريد مكالمة من شخص لشخص .,neutral
12943,أين تقع على الخريطة ؟,neutral
12945,ستكون بالبيت في حوالي الثلاثة .,neutral
12946,لا أريد الذهاب .,negative
12948,أتمنى لك وقتاً سعيدا .,positive
12949,ها هي ذي حقائبك .,neutral
12951,هل هذه الدمية للبيع ؟,neutral
12952,أريد أن اتصل هاتفياً بالسفارة اليابانية .,neutral
12953,أريد سبحة .,positive
12954,سنبدأ بإركاب المسافرين ذوي الأطفال ، ثم المسافرين ذوي الاحتياجات الخاصة ثم ركاب الدرجة الأولى .,neutral
12956,طلاء غير لامع ، من فضلك .,neutral
12957,بالتأكيد تفضل .,neutral
12958,أي من هذه أفضل كهدية لفتاة في الخامسة عشر من عمرها ؟,neutral
12962,هل هناك أية رحلات لمواطن مشاهير النجوم ؟,neutral
12963,أرجو إرسال هذه البرقية .,neutral
12964,بمن اتصل إذا وقعت في مشكلة ؟,neutral
12967,إنها حقيبة سامسونايت ضخمة الحجم برتقالية اللون صنعت من البلاستيك .,neutral
12968,زدني قليلاً .,neutral
12969,من أين تغادر الحافلات لمشاهدة المعالم ؟,neutral
12971,من يصفو الجو ؟,neutral
12973,كم تتقاضى ثمنا لإرسالها لليابان ؟,neutral
12974,إن ألم الأسنان شديد ومن الصعب احتماله .,negative
12976,ليس لدي أية مضارب أو أحذية .,negative
12979,أقيم في فندق بريطانيا انتركونتيننتال الغرفة رقم واحد صفر ثلاثة .,neutral
12981,كم تبلغ تعريفة البرقية الجوية من فضلك ؟,neutral
12983,عندي فيروس .,negative
12985,بالتأكيد إنه أربعة سبعة واحد تسعة أربعة صفر .,neutral
12986,أشعر بالرغبة في الأكل أكثر من تناول الشراب ؟,neutral
12989,هل يمكن أن آخذ بعض القشدة ؟,neutral
12990,إذن الخطأ خطئي أليس كذلك ؟ علىّ الذهاب إلى الحمام ، معذرة .,negative
12991,أرغب في التسوق . أين منطقة وسط البلد ؟,neutral
12992,هلاّ أعلمتني كيف أذهب إلى هناك ؟,neutral
12993,يمكنك ركوب المصعد رقم واحد أو المصعد رقم اثنان .,neutral
12994,اعطني محفظتك .,neutral
12995,لابد أن أعثر على البوابة .,neutral
12997,"عندما رجعت إلى غرفتي , كانت كاميرتي قد اختفت .",neutral
13001,الجو شديد البرودة .,negative
13003,كيف أستطيع الحصول على رخصة غطس ؟,neutral
13006,اعطني سيجار .,neutral
13007,يتوقف الأمر على أي من فصول العام تزور فيه المكان .,neutral
13008,أريد الذهاب للنوم مباشرة .,neutral
13009,"اعطني بعض المكسرات , من فضلك .",positive
13013,احضر لي ثلاثة من هذه ، من فضلك .,positive
13014,عظيم ، عظيم . رائع أن أراك يا راي . أنت ربما متجه إلى الاتجاه الآخر . لا تشعر بالغربة . بالمناسبة هذه سترة جميلة .,positive
13015,هل تقبل بالين الياباني ؟,neutral
13016,أظن أنه سوف يعود في حدود ثلاثين دقيقة .,neutral
13018,تصنيع السيارات هو الصناعة الرئيسية في اليابان .,neutral
13019,هلاّ أعطيتني رسالة ؟,neutral
13020,دعني أرى . هذه هي المدينة المجاورة .,neutral
13022,هل لديك سيارة من طراز ستانج ؟,neutral
13023,ألا يسمح بالسباحة هنا ؟,neutral
13024,كم من الوقت سيمضي قبل تجهيز آخر ؟,neutral
13025,طرأ شيء لابد أن أتحث معه حوله . من فضلك أطلب منه أن يتصل بي بمجرد عودته .,neutral
13026,الضوء معطل في غرفتي .,negative
13027,هل سنقفز من هنا ؟,neutral
13029,سوف يتحسن أداؤك في المرة القادمة . واظب على الممارسة ؟,positive
13030,هل يتكلم أحد منكم اليابانية ؟,neutral
13031,هل لعب كينج بنوج كرة البنج بنوج في هونج كونج ؟,neutral
13033,أين غرفة الدش ؟,neutral
13034,كم من الوقت ستقضي هنا ؟,neutral
13036,في رأي أن نظام التوظيف طيلة العمل جيد وسيئ في نفس الوقت .,negative
13039,لابد أن أذهب إلى المحطة الآن .,neutral
13040,أريد زيارة المناطق المرتبطة بالكاتب جويس .,positive
13043,"لا داعي لهذا , شكرا ، سوف أخذ هذا .",positive
13045,هل تقدمون أية خصومات ؟,neutral
13047,قدمت لأخذ سيارة . هذا هو رقم الحجز .,neutral
13048,أوصي بالعطر أو اللوسيون .,positive
13051,من فضلك أرني استمارة الجمرك الخاصة بك .,neutral
13052,سيتولى الصراف الذي تراه هناك هذا الأمر .,neutral
13054,كم مرة يجب علىّ أن أعيد هذا الأمر على مسامعك ؟,negative
13057,طلبت المكان المخصص لغير المدخنين . هل يمكن أن تعطني مقعداً آخر ؟,neutral
13058,من فضلك امتنع عن تناول المنبهات .,neutral
13060,تفضل من هنا . هل هذه المائدة ملائمة ؟,neutral
13062,التقط سماعة التليفون وضع عشرين سنتاً .,neutral
13064,سوف أنزل هنا .,neutral
13065,أين بئر السلم ؟,neutral
13066,أين البضائع المعلبة ؟,neutral
13067,متى سوف نهبط ؟,neutral
13068,أريد أن أتبين إذا كانوا مختلفين هنا .,neutral
13069,يا سيد كاواي لدينا مائدة لك الآن . تفضل من هنا .,neutral
13070,لا ، لقد تركت رقم تليفونه في المنزل .,neutral
13071,تذكرة واحدة لواشنطن من فضلك . كم يستغرق الوقت بالحافلة ؟,neutral
13072,بالتأكيد ، انزل من على الدرج هناك وسوف تجد بعض الإرشادات فاتبعها من فضلك .,neutral
13073,هذه أصناف من الساندويتشات .,neutral
13074,آسف ، علي أن أفعل ذلك . ويجب أن أطلب مكتب لتأجير السيارات .,neutral
13075,المكتب الأمامي . هل يمكنني أن أساعدك ؟,neutral
13076,هلا أنزلتني عند فندق هلتون من فضلك ؟,neutral
13077,هل يتحتم عليك كثيراً أن تعمل حتى ساعة متأخرة ؟,neutral
13080,اتصل بسفارة اليابان من فضلك .,neutral
13081,ما هو الرقم الذي تتصل به من فضلك .,neutral
13082,لدي التهاب جلدي حاد .,negative
13083,أريد الذهاب إلى فيلادلفيا غداً . متى أجد قطارا ؟,neutral
13084,هلا بدلت شموع الاحتراق هذه من فضلك ؟,neutral
13087,"اخبرني , أين الديوان الرابع في العربة الثانية ؟",neutral
13088,أما زالت لديكم تذاكر لحفل بولز وماجيك في العاشر من يناير ؟,neutral
13089,أشعر بالتعب والضجر من الجلوس طويلاً في الطائرة .,negative
13090,"آسف جداً , ليس لدينا المزيد . ماذا عن الصحف الإنجليزية ؟",negative
13092,هلاً حفظت هذه الحقائب من فضلك ؟,neutral
13093,أين أفضل ملهي ليلي في سان فرانسيسكو ؟,neutral
13094,أعتقد أنها فكرة طيبة . رأي دائما هو أن المتاحف هي أفضل ما يمكن البدء به للتعرف على بلد ما . حسنا ، إلى أين يجب أن نذهب ؟ لقد سمعت أنه يوجد معرض رائع للهنود الأمريكيين في متحف المقاطعة .,positive
13095,مائة غير المدخنين من فضلك .,neutral
13096,هلا أخبرتني قبل أن نصل إلى درهام ؟,neutral
13097,لقد فقدت جواز سفري . وأحتاج إلى جواز سفر جديد .,negative
13099,سوف ننتظرك في الغد يا آنسة تاناكا .,positive
13100,سوف آخذ اثنين .,neutral
13102,عشرون طبعة تحميض من فضلك .,positive
13103,أريد إجراء مكالمة لطوكيو .,neutral
13105,هلا قدمت له الإسعافات الأولية ؟,neutral
13106,أريد الحجز لثلاثة أشخاص في الساعة السابعة .,neutral
13107,ما هي حكاية هذه القلعة ؟,neutral
13110,هلا أريتني كيف أملأ بطاقة الهجرة من فضلك ؟,neutral
13111,ما هي هواياتك ؟,neutral
13112,متى يجب أن نرجع ؟,neutral
13113,هل هو طازج إلى هذا الحد ؟,neutral
13115,اتركني وحدي من فضلك .,negative
13116,ليس هذا صحيحاً . أنت دائما تعاملني .,neutral
13117,ما معنى أوه-بون .,neutral
13118,هلا أريتني بعض الفساتين ؟,neutral
13121,أين شباك قطع التذاكر ؟,neutral
13123,هذا هو رقم تأكيد الحجز الخاص بي .,neutral
13124,كيف أستطيع الحجز ؟,neutral
13125,إن مبلغ بليون ين مقسوما على مائة وعشرين يناً يعادل ثمانية ملايين دولار .,neutral
13126,تهجى الكلمة من فضلك ؟,neutral
13127,لحظة من فضلك . أخشى يا سيدي أن السيد أوكاوا قد ذهب لتناول الغداء . هل تريد ترك رسالة له ؟,neutral
13128,ما الذي تقترح أخذه كتذكار من فرنسا ؟,neutral
13129,شكراً لك . أتمنى لك نفس الشيء .,positive
13131,"آسف , كل المقاعد محجوزة في يوم الثالث العشرين من مارس .",neutral
13133,بدأت الخمر تثملني .,neutral
13134,احترس لأن الجو في الجبال شديد التقلب .,neutral
13136,نفضل تناول أطباق في حدود ثلاثين جنيهاً للشخص .,neutral
13137,هل لديكم أي أنواع خاصة من الكوكتيل ؟,neutral
13140,هل يناسب إذا دفعت بورقة ذات فئة مالية مرتفعة ؟,neutral
13141,كم تتكلف تلك الجولة ؟,neutral
13142,تهاني على ترقيتك لمنصب المدير العام .,positive
13143,"حتى ولو لم تكن معجباً كثيراً "" بالشاعر أفون الرقيق "" فلا ريب أنك تحن إلى الريف المثالي والمواقع المرتبطة بشخصه في بلاده .",positive
13145,إنني راحل الآن ، هلاً أرسلت الحمال من فضلك ؟,neutral
13148,ما فائدة هذا الخط هنا ؟,negative
13150,نعم ، نبيذ من فضلك .,positive
13151,سيكون الإجمالي قدر هذا ثلاثة مرات .,neutral
13155,لدينا مقاعد متبقية في البلكون وإلى يمين الصالة .,neutral
13156,من فضلك مقعدين على قطار التاسعة النصف المتجه إلى نيويورك .,neutral
13157,أريد شطيرة وبعض عصير البرتقال من فضلك .,positive
13159,هل يمكن استخدام شيكات سياحية وعملة ين ياباني ؟,neutral
13160,هلا انتظرتني هنا ؟ سأعود بعد بضعة دقائق .,neutral
13162,آسف ، لقد تحققت من إدارة الخدمة وإدارة المفقودات ولم أجدها عندهم .,negative
13166,أعيش على مقربة من هنا,neutral
13167,هذا الحذاء ضيق جداً علىّ .,negative
13168,هذه هي السيارة رقم اثنا عشر .,neutral
13170,هل يمكن أن أرسل هذا بأسلوب التوصيل النقل العام ؟,neutral
13171,المسرحيات الغنائية محبوبة جداً في اليابان في هذه الآونة .,positive
13172,يصعب العثور على هذا المكان . إنه في طريق ضيق يتفرع من الطريق الرئيسي .,negative
13177,هذه بعض السماعات .,positive
13178,عموماً فإن (أ) يعني ممتاز ، و(ب) يعني جيد ، و(ج) يعني عادي ، و(د) يعني ضعيف ، و(هـ) يعني فشل ، و(و) يعني ناقص . وتضيف بعض المدارس علامة الناقص والزائد إلى هذه الحروف .,neutral
13179,أود طبع نسختين من هذه الصورة السلبية ، من فضلك .,neutral
13181,كيف أصل إلى هناك ؟,neutral
13182,ما هو نفع ذلك الشيء ؟,negative
13183,لا أعرف شيئاً عن هذا الأمر .,negative
13184,يمكن أن نتحدث حول هذا الموضوع في مقهى .,neutral
13185,أولد الحصول على مصباح كاشف .,neutral
13186,متى ينتهي ؟,neutral
13188,فهمت ، في هذه الحالة ليس علىّ أن أدفع أجر التبديلات ، أليس كذلك ؟,neutral
13190,سيارة اقتصادية لمدة أسبوع . كم يتكلف هذا ؟,neutral
13191,هل يمكن أن يذهب الأطفال في الرحلة بدون مصاحبة البالغين لهم ؟,neutral
13192,أين أستطيع التدخين ؟,neutral
13194,صنعت أمي الكعك .,positive
13195,هل أعطيه الرسالة ؟,neutral
13196,أعتقد اجتماعاً كهذا يعطينا فرصة طيبة لكي نعرف ونفهم بعضنا البعض بصفة شخصية .,positive
13197,شكرا . الحساب هو ثمانين دولاراً وخمسون سنتاً مع الضريبة . من فضلك ادفع لموظف الخزينة .,neutral
13198,ما هي النشرة الجوية للغد ؟,neutral
13199,أهلا . هل هذا هو المكتب الأمامي ؟ أنا في الغرفة واحد صفر سبعة صفر . إنني مضطر لتقديم شكوى .,negative
13200,من فضلك أبلغه أن شيمادا قد اتصل وإنني سوف أزوره يوم الجمعة .,neutral
13201,حسن . من فضلك احجز مقعد في الدرجة الأولى على القطار الذي يغادر الساعة العاشرة غداً .,neutral
13202,اعطني عامل التليفون من فضلك .,neutral
13203,إلى اللقاء ، اتصل بي الليلة .,neutral
13204,هل تأخذ صورة معنا ؟,neutral
13206,هل تظن أنه من الممكن أن أستعيد نقودي ؟,neutral
13208,أود أن أسترجع منقولاتي الثمينة ، من فضلك .,neutral
13210,أفضل أن أتناول شريحة اللحم بسيطة الطهو .,neutral
13211,هذه كاميرا آلية .,neutral
13212,أود الحصول على نسختين بخلفية قاتمة من هذه الصور السلبية ، من فضلك .,negative
13214,اسمح لي . في أي طابق يقع قسم السيدات ؟,neutral
13216,كم عمره ؟,neutral
13217,أين تقيم ؟,neutral
13218,هاهي فاتورتك .,neutral
13221,الصنف الاستوائي طيب ، فهو يحتوي على النعناع ويتفق طعمه مع شريحة اللحم .,positive
13225,إنها لعبة .,neutral
13229,هذه هي أول غطسة لي .,neutral
13230,لفها ناحية وجهي .,neutral
13232,أفضل أن أجلس في مقدمة الطائرة .,negative
13233,من فضلك تحقق من الإطار الاحتياطي ، كذلك .,neutral
13235,نعم ، أعتقد أنه يبلي بلاءً حسناً هذا الموسم .,positive
13238,لا أستطيع أن أسد فتحة الصرف في البانيو .,negative
13239,هل تحب أن تأتي إلى حفلتنا الليلة ؟,neutral
13241,أين يقع محل ماري للثياب ؟,neutral
13243,أفضل حجرة بسريرين تطل على المحيط . ما هو سعر تلك الغرفة ؟,positive
13245,كأس ويسكي مزدوج . من فضلك .,positive
13246,أي مادة تلك ؟,negative
13251,"أه ، إلى كلية كينجسبورت للنساء من فضلك ، أيها السائق . حسنا ، لن يفلحوا في الأمر . إنهم لن يستطيعون مقاطعة قرار مجلس الإدارة , هذا أمر غير ديموقراطي .",negative
13253,هل يوجد طبيب يتحدث اليابانية ؟,neutral
13254,سيداتي سادتي ، قبل الإقلاع نطلب منكم إغلاق كل الأجهزة الإلكترونية ، بما فيها الحاسبات الآلية ، ومشغلات الاسطوانات المدمجة ، والهواتف الخلوية ، والألعاب الإلكترونية . من فضلكم توقفوا عن استعمال أياً منها إلا بعد عشر دقائق من الإقلاع .,neutral
13255,أوه ، هذا بديع . أحب صوتهم . ماذا عنك يا بوب ؟,positive
13257,هل يمكنني أن أعرف أسمك ، وتاريخ الرحيل ورقم الرحلة ؟,neutral
13258,أين نباتات فطر الشيتاكي ؟,neutral
13260,هل يمكنك أن تقدم لي خصماً ؟,neutral
13261,نظف الغرفة ، من فضلك .,neutral
13262,هل يمكن أن تنزل السرج ، من فضلك ؟,neutral
13263,هل يوجد هنا محل فيراجامو ؟,neutral
13264,هل يمكن أن أبيت عندكم الليلة ؟,neutral
13265,شكراً على قضائك كل هذا الوقت في الحديث معي يا كارين .,positive
13266,هل هذا هو القطار المناسب للوصول إلى جراند سنترال ؟,neutral
13267,حسناً . سوف أخذ اثنين فقط . شكراً .,neutral
13268,هاهي فاتورتك . الحساب ثلاثة تسعة وسبعين دولار .,neutral
13269,أنت محظوظ .,positive
13270,ليس هذا ما طلبت .,negative
13272,نعم ، أظن أنه كان يجب على أن أخذ رغيف اللحم .,negative
13273,هل يشمل هذا الإفطار العشاء ؟,neutral
13274,أريد الذهاب إلى مركز التجارة العالمي ؟,neutral
13278,اسمح لي ، أين أستطيع شراء التذاكر لبرودواي ؟,neutral
13280,هذا المطار جميل للغاية . أتصور أنك فخور به .,positive
13282,أشعر بألم حاد في معدتي .,negative
13283,نعم ، سآخذ كأس مارتين ، مع المقبلات .,neutral
13285,جو لطيف .,positive
13286,هلا أخبرتني عندما نصل إلى هناك ؟,neutral
13287,من فضلك اختر لي مائدة ذات منظر ليلي لطيف .,positive
13288,أسمع أن مرض السل شائع هناك .,neutral
13289,ماذا يوجد داخل ذلك ؟,neutral
13290,هل هذا مصنوع آليا أم يدويا ؟,neutral
13291,أود تأجير هذا الطراز من السيارات لمدة أربعة وعشرين ساعة .,neutral
13292,المدفأة لا تعمل والغرفة شديدة البرودة .,negative
13293,كم تكلف تذكرة اليوم الواحد ؟,neutral
13295,حسناً . إذن إنني أفضل أن أذهب للانتظار في البار .,neutral
13296,أتيت إلى هنا أخر مرة منذ عامين . هل تمتعت برحلتك الجوية ؟,neutral
13298,هناك الكثير من الينابيع الحارة ، لأنه لدينا الكثير من البراكين .,neutral
13301,ما هو سعر التذكرة إلى لندن ؟,neutral
13302,أريد الحصول على وصلة كهربائية .,neutral
13304,أحب أن أتناول عصير البرتقال ؟ وخبز التوست ، وبيض مقلي ، وقهوة ، من فضلك .,positive
13305,حسنا . لقد انتهيت .,neutral
13306,كم كان لطيفاً أن التقي بك .,positive
13307,نعم ، لقد قلموا الأغصان وقطفوا البراعم ليحسنوا منظر الأشجار .,neutral
13308,اعتقد أننا نستطيع الحصول لك على مائدة خلال حوالي خمسة عشرة دقيقة .,neutral
13309,حسن ، أشكرك .,positive
13310,أين أنزل لكي أصل إلى المتحف ؟,neutral
13311,طبقي ، من فضلك .,neutral
13312,عندي صداع شديد ، هل لديكم أطباء جيدون بالقرب من هنا ؟,negative
13313,بعد الساعة الثالثة .,neutral
13314,هل تحتفظ لي بممتلكاتي الثمينة ؟,neutral
13315,دفعت ثلاثين دولاراً ثمناً لقميصي .,neutral
13316,هل يمكن أن تبعث لي ببعض الأسبرين ؟,neutral
13319,أين العلبة ؟,neutral
13321,من فضلك دون رقم بطاقتك الائتمانية .,negative
13322,إنه ممزق .,negative
13323,أي صنف من الويسكي تطلب ؟,neutral
13324,هل تعلم اسم تلك المحطة ؟,neutral
13325,من فضلك لا تثني الخطاب لأن الصور بداخله .,neutral
13327,حسنا ، إن رياضة الجولف جزء من أعمالنا كما هي جزء من الترفيه .,neutral
13329,هذه هي قائمة الطعام لك يا سيدي .,neutral
13331,"هذا هو جواز سفرك , التذكرة وتصريح الركوب .",neutral
13333,حسناً ، فلنق نظرة عليك .,neutral
13334,أوه ، إن الوقت متأخر جدا . أعتقد أنه ينبغي علي الانصراف .,negative
13335,هل أستطيع استخدام عربة المتاع هذه ؟,neutral
13337,ما بين سبعون وثمانون دولار مبلغ مناسب .,neutral
13338,"مكالمة شخصية إلى طوكيو , اليابان , من فضلك .",neutral
13345,لا ، شكرا . لقد أخذت كفايتي .,negative
13346,أريد سترة ، من فضلك .,positive
13347,حسنا ، تصور كيف ستطول فترة عمله لو سأل سؤالاً آخر لكل شخص . هيا بنا ، لنسرع ونحضر حقائبنا . علينا الذهاب إلى الجمارك للإعلان عن أغراضنا بعد ذلك .,neutral
13349,هل أحتاج إلى بطاقة للركوب ؟,neutral
13351,هل تريد فئة الخمسمائة دولار ، صحيح ؟,neutral
13352,سيكون من المفيد لو تمكنتم من زيادة طاقتكم الإنتاجية .,positive
13353,هل أنت غير مشغول مساء السبت القادم ؟ أحب أن أدعوك إلى حفلة الذكرى الأولى لزواجنا .,positive
13358,أريد بعض لحم البتلو .,neutral
13359,احتاج إلى سيارة كبيرة,neutral
13360,أنت مخطئ .,negative
13361,من فضلك خذني إلى مستشفى حيث يفهمون فيه اليابانية .,neutral
13363,ما الذي تراه الأفضل ؟,neutral
13364,سوف نرحل بعد ظهر اليوم . هل لدينا وقت لنقوم بجولة في المدينة ؟,neutral
13369,إن الكيمونو ليس مناسباً للأشخاص ذوي النشاط .,negative
13372,حسناً ، سنكون هناك في الثامنة .,neutral
13373,هذا سيئ للغاية . يجب أن أكون في لوس أنجلوس صباح الجمعة .,neutral
13374,هل أنت أسترالي ؟,neutral
13376,أين المدخل ؟,neutral
13377,هلا فحصت زيت الفرامل ؟,neutral
13378,أين يمكن أن اشتري قفازات ؟,neutral
13380,لم استخدمها على الإطلاق .,neutral
13381,هل يعزفون موسيقي الجاز في هذا المكان ؟,neutral
13382,هلا ناديت كبير النادلين ، من فضلك ؟,neutral
13387,أريد مشروب كوكتيل قوي . هلا خلطت لي بعضاً منه ؟,neutral
13393,سوف نستدعي شخصاً يفحص الأمر في الحال .,neutral
13394,أوه ، لقد سمعت الاسم . إنها مدينة قديمة مشهورة ، أليس كذلك ؟,positive
13395,حصلت على نقطة .,neutral
13396,ما هو الوزن ؟,neutral
13397,تمتع برحلتك .,positive
13399,هل يوجد بالقرب من هنا مطعم صيني ؟,neutral
13400,هل لديكم أية رحلات جوية إلى ميامي ؟,neutral
13401,هذا القسم إلى اليسار .,neutral
13403,أذهب إلى الحمام كل عشرة دقائق .,neutral
13405,شكراً جزيلا . إنني وسيد كوجور سعداء للغاية لوجودنا في لندن للقائك وأنت أحد أهم شركائنا .,positive
13406,أخذ نشال محفظتي .,negative
13407,إن الرصيف رقم خمسة يقع هناك .,neutral
13408,متى تقام مباراة كرة القدم ؟,neutral
13410,متى عيد جميع القديسين ؟,neutral
13412,جميل .,positive
13413,هل هناك أي أثار جانبية ؟,neutral
13414,متى وقت الركوب ؟,neutral
13415,هل بورصة الأوراق المالية في وول ستريت مفتوحة للجمهور ؟,neutral
13416,آسف لأنني لم أكن موجوداً في المنزل .,negative
13417,أين مكتب الإرشاد السياحي ؟,neutral
13419,أين يمكن أن أصرف بعض الشيكات السياحية ؟,neutral
13420,أريد ساعة أستطيع تحديد الوقت بها بسهولة .,neutral
13422,آسف ، ليس لدي أوراق مالية فئات صغيرة .,negative
13423,إنها معطلة . هل تستطع فحص آلة التصوير هذه ؟,negative
13424,قهوة مع القشدة والسكر ، من فضلك .,neutral
13425,هلا قلت ذلك مرة أخرى ؟,negative
13427,السعر عشرة ماركات .,neutral
13431,نعم ، لقد ذهبت . لقد زرت طوكيو وكيوتو في جولة منذ عامين .,neutral
13432,خذي إلى مستشفي ، من فضلك .,negative
13434,هل يوجد تكييف هواء ؟,neutral
13435,من فضلك أبلغنا برسالة عندما يفتح أحدها .,neutral
13436,أعتقد أن هناك أخطاءً في الفاتورة .,negative
13438,من فضلك اعطني هذه .,positive
13439,كم إجمالي السعر ؟,neutral
13440,إنها البوابة السابعة .,neutral
13442,هل يشمل السعر الغداء ؟,neutral
13444,هل أنت اسكتلندي ؟,neutral
13446,ثلاثة اثنان واحد اثنان . انتظر ثانية ، حسنا ؟ أريد أن أرسل لك شيئاً هنا . معذرة .,neutral
13447,أين ستقيم ؟,neutral
13448,العلاقات الإنسانية مهمة في أي مجتمع ، لكن يبدو أن اليابانيين يسعون بجد إلى الحفاظ على العلاقات الطيبة وتعميقها .,positive
13451,هذا مبلغ تسعون وتسعة ين . من فضلك بدلها دولارات .,neutral
13455,أريد كاميرا بسعة بؤرة كبيرة .,positive
13456,في الـ أيه . بي . سي .,neutral
13461,أين المتجر الذي يبيع الصناديق ؟,neutral
13471,مائة وخمسة وثلاثون ين للدولار الواحد .,neutral
13472,هذا على ما يرام . عليك التغيير في الشارع أربعة وأربعون .,neutral
13474,هل يمكن أن أخذ المفتاح ، من فضلك ؟,neutral
13475,هل لديكم أية اسطوانات مصغرة ؟,neutral
13476,إن الجونلات القصيرة ومعها الأحذية الطويلة لن تنقضي موضتها .,neutral
13477,هل أستطيع التحدث مع المدير ؟,neutral
13479,"لدينا أحجام كبيرة , ومتوسطة ، وصغيرة .",neutral
13480,لماذا يختلف السعر عن الموجود في العداد ؟,neutral
13481,هل تعرف طبيب نساء ماهر ؟,neutral
13482,أريد مجفف .,neutral
13483,إلى كم يصل الإجمالي ؟,neutral
13484,هل يمكن أن أرى هذا ؟,neutral
13487,لعد تعهدت لنفسي بأنني سوف أتعرف عليك عندما أراك .,positive
13488,ما الذي كان يحدث منذ الفترة الأخيرة ؟,neutral
13489,هكذا ، إذن ما هي خططك لما تبقى من الرحلة ؟,neutral
13490,"في هذه الحالة , يوجد جدول بالتعريفات بجوار مقعد السائق .",neutral
13491,أريد أن أشتري اثنين من بضائعكم الإقليمية المميزة .,neutral
13492,لا أشعر بحالة جيدة . هل ترشدني إلى طبيب ؟,negative
13493,حسنا . سوف ننتظر .,neutral
13495,حسنا ، إنني طالب مستجد بجامعة (ايه . بي . سي) وأنا سأتخصص في التاريخ .,neutral
13496,أين يمكن أن أجد محل ساعات ؟,neutral
13497,إن السيد ساتو في اجتماع الآن يا مستر تاناكا ، هل يمكن أن يرد على مكالمتك فيما بعد ؟,neutral
13498,متى سنصل ؟,neutral
13499,ما هو الميعاد المقدر للوصول ؟,neutral
13502,مرر لي البطاطس ، من فضلك .,neutral
13504,حفلتك مقامة الآن . تفضل .,neutral
13506,هل سأضطر إلى العودة إلى مكتبكم ثانية ؟,neutral
13507,من هو المحصل ؟,neutral
13514,من فضلك ارني تذكرة العودة .,neutral
13515,هل هناك عرض ترفيهي ليلي ؟,neutral
13518,هل يمكنني أن أفحص بمنقولاتي الثمينة معك ؟,neutral
13520,هل توجد رسائل لي ؟,neutral
13521,نبيذ أحمر ؟ أليس مر الطعم .,neutral
13523,لا تقلق . لقدر جربها بعض الزبائن .,neutral
13524,لقد أعجبت بمهارتك اللغوية .,positive
13526,لقد تركت مفكرة مواعدي في كابينة الهاتف .,negative
13528,سيفون الحمام لا يعمل .,negative
13530,هل لديك حساب ؟,neutral
13531,هل ستذهب لتبحث عن قناعي معي ؟,neutral
13532,كم من الوقت نحتاج للذهاب مشياً من هنا إلى مبنى البلدية ؟,neutral
13534,أشعر بدوار الجو .,neutral
13538,من أين يغادر الأوتوبيس الدائري ؟,neutral
13545,نأسف لهذا الإزعاج . سوف أحضر لك أخرى ، في الحال .,neutral
13546,لحظة واحدة ، من فضلك ، سوف أحضره لك . ها هو .,positive
13547,خذ هذا الدواء بعد كل وجبة عندما يزداد الألم .,neutral
13548,هل يمكن تأكيد ذلك عبر الهاتف ؟,neutral
13549,لقد حاولت ، لكن لم أستطع تحقيق حلمي .,negative
13550,لقد وضعت المال في مظروف خاص مزين يسمى شوجيبوكورو .,neutral
13551,أين قسم الرجال ؟,neutral
13553,لقد أصيب شخص .,negative
13556,إنك لم تقل هذا . أنت تبالغ في السعر الذي تتقاضاه مني .,negative
13558,هيا ، يا ميتسورو .,neutral
13561,أريد خطا خارجياً .,neutral
13563,هذا هو العنوان الذي يمكن الاتصال بي فيه .,neutral
13565,أريد تحديد ميعاد .,neutral
13566,لما لا تتوقف هنا لفترة محدودة ؟,negative
13567,هل قُدمت الوجبات ؟,neutral
13569,لقد حجزت مزدوجاً .,neutral
13570,لقد فقدت محفظتي في مكان ما من المتجر متعدد الأقسام .,negative
13573,إنه مجاني .,neutral
13574,أريد سيارة كبيرة الحجم اقتصادية في استهلاك الوقود .,positive
13576,هل يمكن أن أخذ تذكرتان لليلة ، من فضلك ؟,neutral
13577,أريد أن أطلب خدمة .,neutral
13578,من فضلك قل لي أين أنزل .,neutral
13579,قل هذا ثانية .,negative
13580,عفوا ، هل التقط لك صورة من فضلك ؟,neutral
13581,أحد الرجلين كان طويلاً والآخر كان قصيراً .,neutral
13583,هامبورجر ويخني على الجانب الأيمن وسلطة ، من فضلك .,neutral
13585,تقدمت بطلب بالأمس للحصول على جواز سفر .,neutral
13587,لذيذ .,positive
13588,مارس الثالث والعشرين ، من فضلك .,neutral
13589,سرقت قلادتي بينما كنت خارج غرفتي .,negative
13591,"إلى شارع بارك أفنيو رقم اثنان ثمانون , من فضلك .",neutral
13593,كسر مقعدي . فهو لا يهبط .,negative
13595,هلا طلبت منها أن تتصل بي على حسابي ؟,neutral
13597,اعطني إيصال من فضلك .,neutral
13599,هل من الممكن طلاء غرفة المعيشة من جديد ؟,neutral
13601,لوح إلى تاكسي كي يقف ، هلا فعلت ذلك ؟,neutral
13603,أريد إرسال ذلك بالبريد الجوي .,neutral
13605,يمكن أن تكون شمعة الإشعال .,neutral
13606,هلا أبلغتني عندما تبدأ المباراة ؟,neutral
13609,أتساءل عما يمكنني أن أحصل عليه منه ؟,neutral
13610,هل لديكم نفس القطعة بحجم أكبر ؟,neutral
13611,أريد بعض الأسبرين .,neutral
13613,يجب عليك أن تستقل حافلة .,neutral
13614,من فضلك أرني أين البنك .,neutral
13615,امسك بالجبن .,neutral
13617,هلا حجزت لي غرفة لليلة ؟,neutral
13619,حرارتي مرتفعة .,neutral
13621,نود أن ندعوك للعشاء مساء الغد .,positive
13622,أوه ، مسافة مشي تستغرق حوالي الخمس دقائق .,neutral
13623,إذن ، اعطني مقعدين محجوزين درجة (سي) ، يوم العشرين .,neutral
13624,هل لديك خريطة لمترو الأنفاق ؟,neutral
13628,حسنا ، إلى اللقاء إذن .,neutral
13629,لدي غرفة جاهزة لك في جراند هويتل . هل تستطيع الذهاب إلى هناك ؟,neutral
13630,هذه هي الغرفة اثني عشر ثلاثة عشر .,neutral
13631,أريد أن أحجز رحلة إلى اليابان في الخامس عشر من مايو .,neutral
13632,إنني أقيم مع أصدقاء .,neutral
13633,متى تبدأون في تقديم الغداء ؟,neutral
13635,عندي ألم في عيني اليمنى .,negative
13637,هلا أوصلتني إلى إدارة المبيعات ، من فضلك ؟,neutral
13638,ما هي المقاعد المتاحة ؟ أريد الجلوس في المنتصف .,neutral
13639,هل لديكم مترجم ياباني ؟,neutral
13642,هل أستطيع المرور ؟,neutral
13644,أريد مقلاة .,neutral
13645,من أين سوف نغادر ؟,neutral
13646,هل يمر هذا القطار بإل باسو ؟,neutral
13647,حسنا ، إن رحلة الاستكشاف هذه لطيفة .,positive
13648,هل يمكن أن أخذ بعضاً من مرطب العين ؟,neutral
13649,هل توجد وصلة في الرحلة إلى جلاسجو ؟,neutral
13651,"هلا صرفت هذه الشيكات السياحة , من فضلك ؟",neutral
13654,إنني بعيد عن صديقي ، نود لو نجلس معاً .,neutral
13657,لا أحسن الألمانية كثيراً .,negative
13658,سآخذ هذا القميص . كم ثمنه ؟,neutral
13659,إنه كثير جداً .,negative
13660,لابد أن نجتمع ثانية بالتأكيد .,positive
13662,سر في طريق مستقيم ، وسوف تجدهم .,positive
13663,نعم ، إن الممثل الذي يؤدي الدور الرئيس ممتاز .,positive
13664,نعم ، لسوء الحظ . مكتبنا الرئيسي يقع هنا . وماذا عنك ؟ هل هي أول زيارة لك هنا ؟,negative
13666,هلا أخذت هذه السراويل ؟,neutral
13667,سوف أكتب لك بعد العودة إلى بلدي .,neutral
13670,هل نستطيع أن نأخذ غرفة تطل على المحيط ؟,neutral
13671,هل يمكن أن أدخن هنا ؟,neutral
13672,لماذا هذا المبلغ ؟,negative
13675,هل تمر عبر نيو أورليانز ؟,neutral
13676,هل نستطيع تأجير قاعة ؟,neutral
13677,أتمنى أن أخذ سيارة جديدة ؟,positive
13679,من فضلك ارشدنا إلى مطعم جيد قريب .,neutral
13680,ما هو اسمك ؟ وما هي رتبك الرسمية ؟,neutral
13682,هل يمكنني استعارة مضرب وكرات ؟,neutral
13683,بالتأكيد ، سوف نحضرها إلى الردهة في التاسعة .,neutral
13685,هل يمكن أن تدخل معه فكة صغيرة ؟,neutral
13686,هل تقبلون بشيك بالين الياباني ؟,neutral
13689,أي حافلة استقل للوصول إلى تمثال الحرية ؟,neutral
13691,أود أن أترك حقائبي .,neutral
13692,عفواً . لقد اشتريت هذا الجاكيت بالأمس ، لكن وجدت بقعة كبيرة هنا .,neutral
13694,هل يمكن أن أخذ نصف إبريق ؟,neutral
13699,هذا هو عمي .,neutral
13701,أود تغيير الغرفة .,neutral
13703,هل يوجد لديكم هذا بمقاس متوسط الكبير ؟,neutral
13705,هل أستطيع تغيير مقعدي نحو الأمام ؟,neutral
13707,تحية . أنا جون .,neutral
13708,يحسن بي أن اذهب .,neutral
13709,هل أنت السيدة إيبرت ؟ أنا هيروشي ساتو . سررت للقائك .,positive
13711,عندي إطار فارغ من الهواء .,neutral
13713,سوف أنزل عند الكاتدرائية .,neutral
13715,أريد إناءاً من الماء المغلي .,negative
13717,ناكاي .,neutral
13718,كم إجمالي الدفع لو اشتريت ثلاثة ؟,neutral
13719,هل تمانع إذا التقطت صورة لك ولسيارتك الأجرة ؟,neutral
13720,هلا استدعت سيارة أجرة لي ، من فضلك ؟,neutral
13723,"لا تدخين , من فضلك .",negative
13724,الغد .,neutral
13726,قد يكون الطلب بالبريد أفضل . إنه أرخص .,neutral
13727,حقيبة كتف بيضاء .,neutral
13730,مجرد تشذيب ، من فضلك .,neutral
13732,يجب أن أكون في المطار بحلول الثامنة صباح الغد .,neutral
13733,لقد اتصلت منذ ثلاثة أيام بخصوص حقيبة ضائعة .,negative
13734,لا أعرف ما هو ، لكني سوف أجربه .,neutral
13735,هل رأيت معطفاً أسود هنا ؟,neutral
13736,لقد تجاوزت الحد ، لذلك اذهب إلى الشباك ثلاثة .,neutral
13738,هل يمكن أن أخذ غرفة ناحية الجبل ؟,neutral
13739,نست آلة التصوير الخاصة بي في سيارة الأجرة .,negative
13740,من سيؤدي في العرض ؟,neutral
13741,بالبريد الجوي أم بالبريد العادي ؟,neutral
13743,مائة دولار نقدا ، ثلاثمائة دولار شيكات مصرفية ، وبطاقتي الائتمانية .,neutral
13745,كم سيكون السعر ؟,neutral
13748,أريد فندقاً ارخص .,negative
13749,هل علىّ أن أملأ استمارة جمركية ؟,neutral
13751,أريد استخدام ملعب التنس .,positive
13755,أوه ، هناك الكثير مما يجب أن تراه في قرية جرينتش .,positive
13757,لا تقول يموت أبداً .,neutral
13761,أريد بعض اللبن ، هل لديكم ؟,neutral
13763,هل يمكنني تغيير هذه التذاكر إلى عرض الغد ؟,neutral
13764,هلا أخبرتني بالرقم الكودي للاتصال باليابان ؟,neutral
13765,كم سأنتظر القطار إلى أن يصل على رصيف المحطة ؟,neutral
13767,هل يمكن أن أدخل هنا لرحلة شركة الطيران المتحدة ؟,neutral
13768,هل علينا ارتداء سترة ورابطة عنق للجولة المسائية ؟,neutral
13769,في عمل . لدي صلات عمل هناك .,neutral
13770,على أية سرعة نطير ؟,neutral
13772,هل يمكن أن تنزع علامات السعر . من فضلك ؟,neutral
13773,إنني عند ناصية الطريق خمسة والشارع واحد وأربعون .,neutral
13774,زجاجة كوكا كبيرة من فضلك .,positive
13775,أريد أن استحم قبل وجبتي .,neutral
13776,إن شعرك جميل .,positive
13777,ماذا ؟ هل ستتهمني . ها ، ها ، ها لقد أصبحت عديم الحساسية . هل تعلم والدتك بهذا ؟,negative
13778,هل طلبت وجبة خاصة ؟,neutral
13779,علىّ الاستيقاظ مبكراً غدا . لذا سأذهب الآن .,neutral
13780,هل أنا جزء من هذا ؟,neutral
13781,كم يكلفني في رأيك الذهاب من هنا إلى المطار ؟,neutral
13782,كيف تحب أن يكون طهو اللحم الذي تتناوله ؟,neutral
13783,إنه يلائم بزتك .,positive
13784,هلا راقبت حقيبتي من فضلك ؟,neutral
13785,هلا قلت لي كيف أصل على دير وستنمستر ؟,neutral
13786,أوه ، يا له من ترف أن تلعب الجولف في استراليا ؟,positive
13788,كيف تحب هذه الفكرة ؟ نحن نقبل بشرطك الذي ينص على فترة بلاغ مسبق قدرها ستة اشهر شريطة أن تمنحنا الحق بالبيع لمدة ستة أشهر بعد إنهاء العقد .,neutral
13793,متى الرحلة القادمة إلى لوس أنجلوس ؟,neutral
13796,"أريد قسم غير المدخنين , من فضلك .",neutral
13800,سوف يغشى علىّ .,neutral
13801,أين صنعت ؟,neutral
13803,معذرة . هل تعرف نيويورك جيدا ؟,neutral
13806,كلفة تأمين الاصطدام خمسة دولارات زيادة لليوم الواحد ، هل تريده ؟,negative
13810,أريد أن أخذ دروساً في التزلج .,positive
13812,أخذ رجل نقودي .,negative
13813,ما هذا الذي يأكلونه ؟,neutral
13814,أريد آلة حاسبة ، من فضلك .,positive
13815,اعطني كرتونة سجائر مارلبورو ، من فضلك .,neutral
13816,أين بوابة الركوب ايه . ب . سي . واحد صفر واحد ؟,neutral
13817,إنه شخص مرغوب ، أليس كذلك ؟,neutral
13820,عفوا ، في أي طريق نحن ؟,neutral
13821,هل يمكن أن أخذ إيصال ؟,neutral
13822,أي كريم للأساس ينسجم مع لون بشرتي الطبيعي ؟,neutral
13823,أنت لست صينيا ، أليس كذلك ؟,neutral
13824,سوف ننتظر . من فضلك اتصل بنا عندما تكون مستعداً .,positive
13825,أنه التالي على الطريق .,neutral
13826,هل يمكنني أن أطلب هذا من اليابان بعد أن أعود ؟,neutral
13827,أود زيارة جراح .,neutral
13828,هل هذه مكونات طبيعية ؟,neutral
13829,هل تحب أن يكون معفى من الجمارك ؟,neutral
13830,أريد استخدام الخزنة التي في غرفتي .,neutral
13831,أريد أن أركب في سيارة رياضية .,positive
13834,إن البار الصغير فارغ . هل تستطيع وضع بيرة فيه ، من فضلك ؟,neutral
13835,"إن الجرائد لا تمانع في أن تذكر قرائها يوم الثاني من ديسمبر بأنّه "" اليوم الذي بدأت الحرب فيه "" .",negative
13836,أريد فتح حساب إيداع بهذا البنك .,neutral
13837,حسناً . متى ستقام المباراة ؟,neutral
13838,أنت طيب للغاية . لم أكن أعرف ماذا أفعل .,positive
13840,أريد استئجار دراجة .,neutral
13841,في أي قسم يقع هذا المقعد ؟,neutral
13843,كود المنطقة هو صفر ثلاثة . والرقم هو ثلاثة واحد اثنان ثلاثة أربعة خمسة ستة سبعة .,neutral
13844,متى ، يا سيدي ؟,neutral
13845,هل هذه هي كل الأمتعة في الرحلة اثنان ثلاثة ثلاثة ؟,neutral
13846,إنني مريض . هل يمكن أن تستدعي الطبيب لي ؟,negative
13848,لا يوجد صابون في غرفتي .,negative
13849,هذا بقشيش لك .,neutral
13851,هل لي أن أعرف اسمك ؟,neutral
13854,لقد أصيب ببرد .,neutral
13855,لا ، شكراً . إنني أتفرج فقط .,neutral
13856,أفضل شيء هو اسطوانة مصغرة .,positive
13857,هل يمكن أن أرى تذكرة الطائرة الخاصة بك ؟ أعني بطاقة الركوب .,neutral
13859,من فضلك دونها كتابة .,negative
13860,هل يمكن أن أنتقل إلى مقعد شاغر ؟,neutral
13862,أريد أن أرسل ذلك بطريقة التوصيل العام .,neutral
13863,لتعتبر نفسك ببيتك وتقضي وقتا طيبا .,positive
13864,أنا مثلي .,neutral
13866,أريد آلة حلاقة كهربائية . من فضلك .,positive
13867,ديكور جذاب ؟,positive
13868,هل هذه أول زيارة لك إلى بلدنا ؟,neutral
13869,أرني بطاقتك الشخصية المصورة ، من فضلك .,neutral
13870,تأكد قيام الرحلة الجوية رقم واحد صفر واحد إلى ناريتا في العاشر من يونيو .,neutral
13871,مائة وعشرون دولارً لليلة الواحدة ، ما عدا الضريبة .,neutral
13872,هل هذا الضمان صالح في اليابان ؟,neutral
13876,لا بد أن تذهب مع ؟,neutral
13877,معي صندوق الفاكهة هذا . إنه هدية .,positive
13878,متى يقوم آخر قطار ؟,neutral
13879,لن أشتريه . أستطيع العثور على ارخص منه بكثير في محل آخر .,negative
13880,طالب واحد ، من فضلك .,neutral
13881,لم أقم بالغوص مستخدما جهاز التنفس تحت الماء من قبل .,neutral
13882,أفضل أن لا يصل السعر إلى خمسين دولار .,negative
13885,لا ، لن تفعل . يجب أن تنزل في المحطة القادمة .,neutral
13886,هل ستقول لي عن أماكن مشوقة لأذهب لرؤيتها في هذه المدينة ؟,neutral
13887,عندي في الصف الثالث في المنتصف .,neutral
13888,المبلغ هو عشرة دولارات وثلاثين سنتاً في اليوم .,neutral
13891,أرسل هذا في برقية إلى اليابان .,neutral
13892,كم سعر تذكرة الطائرة من نيويورك على لوس أنجلوس ؟,neutral
13893,أين يمكن أن أمارس الغوص ؟,neutral
13894,هذا الطعام ثقيل على معدتي .,negative
13896,هلا احتفظتم بحقائبي حتى الحادية عشرة ؟,neutral
13897,نعم ، تستطيع الدفع بالين . المبلغ ألفين وسبعمائة ين .,neutral
13898,التحكم في المخزون مهم جداً للشركة .,neutral
13899,سأستدعي الشرطة .,negative
13900,أريد الذهاب إلى مكتب شركة يونيتد للطيران .,neutral
13901,سلام أدخل . إنني سعيد لأنك جئت . هل تعبت في العثور على منزلنا .,positive
13903,دعني أحول هذه المكالمة إلى المسئول .,neutral
13905,كم تستغرق الرحلة بالقطار إلى دوفر ؟,neutral
13906,ارسل تحياتي إلى والديك ، من فضلك .,neutral
13907,إنه جيد للغاية .,positive
13908,لن أجلس أبداً في الصف الأمامي .,negative
13909,لا أستطيع أن أتحدث الإنجليزية .,negative
13910,اعطني بعض البنزين الخفيف من فضلك .,neutral
13911,إنه يؤلم بشدة حتى إنني لا أستطيع تحمله أكثر من هذا .,negative
13912,في المكتب هناك .,neutral
13913,أي مقاس تريد ؟,neutral
13914,"مقعد خال , من فضلك .",neutral
13915,اصعد السلم ثم اتجه يميناً . إنه على يسارك .,neutral
13916,هل يمكن أن أخذ كولا ، من فضلك ؟,positive
13917,هل لديكم جولة في برودواي ؟,neutral
13919,أوه يا عزيزي . لم أدرك أنني لازلت لدي هذه الأشياء .,negative
13920,هل ليدكم صناديق لإرسال الطرود ؟,neutral
13921,هل ستدفع شركة الطيران رسوم الفندق والوجبات ؟,neutral
13926,متى يقوم القطار التالي ؟,neutral
13927,حساس .,neutral
13928,الجودة ممتازة ، إنها صفقة رابحة .,positive
13929,تغادر الطائرة من البوابة رقم أربعة وعشرين .,neutral
13930,وداعاً .,neutral
13931,هل تعرف محل أحذية جيد ؟,neutral
13934,هل هذه هي عربة الدرجة الأولى ؟,neutral
13935,هل ستغادر الرحلة الجوية في ميعادها ؟,neutral
13936,إن البحر الداخلي هادئ وجميل .,positive
13938,هل هذه كلها هي حقائبك ؟,neutral
13941,معذرة . أظن أنني دفعت أقل من المطلوب .,negative
13942,كيف ترغب في إجراء المكالمة ؟,neutral
13943,آسف . يبدو إننا أعطيناك المفاتيح الخطأ .,negative
13946,حسنا ، إنه باهظ الثمن . إنه لم يصنع في اليابان ، أليس كذلك ؟,negative
13947,هل سمعت الأخبار ؟,neutral
13948,انتهيت من ملء بطاقة النزول من الطائرة ؟,neutral
13953,هلا مررت لي الملح ، من فضلك ؟,neutral
13956,هل لديكم نبيذ أحمر سعة نصف زجاجة ؟,neutral
13957,هل تحب التعليق على هذا يا بروفيسور تاكاجي ؟,neutral
13958,هل لديكم فول سوداني ؟,neutral
13960,شكراً ، يا سيدي . انظر لحظة ، من فضلك يا سيدي . تفضل بأخذ هذه الفاتورة للصراف وادفع هناك .,positive
13961,لنرى .,neutral
13963,إنه كثير السكر بعض الشيء .,negative
13965,هل تمانع إن جلست هنا ؟,neutral
13966,أين أقرب مطعم لهذا الفندق ؟,neutral
13971,هل يمكن أن تحمل حقائبي إلى سيارة الأجرة ؟,neutral
13972,أريد مشاهدة مسرحية غنائية .,positive
13976,أيهما تفضل رحلة العاشر أم السادس عشر ؟,neutral
13983,استمتعت حقا بحفلتك .,positive
13985,ينبغي أن يكون معك جواز سفرك وبطاقة الهجرة واستمارة الإقرار الجمركي .,neutral
13986,"سوف أغادر , لذلك اصرف هذه الشرائح , من فضلك .",neutral
13987,أريد أن أجرب بعض الطعام الإيطالي .,positive
13993,أريد شامبو للشعر العادي .,neutral
13994,من فضلك ضع أمتعتك على هذا الميزان .,neutral
13995,أتفق مع معظم ما اقترحت .,positive
13996,اللوزتين ملتهبتين .,neutral
13998,من فضلك قل مرحبا لأسرتك .,positive
13999,في أي وقت يفتح المكتب الأمامي ؟,neutral
14003,القمصان في هذا المحل أرخص بكثير .,positive
14006,أعتقد أن مصاب حمى .,negative
14007,كم سوف يستغرقون من الوقت ؟,neutral
14008,متى تعتقد سيتم إيجادها ؟,neutral
14009,هل من الممكن من فضلك أن تبرد الغرفة ؟,neutral
14010,"جوا , من فضلك .",neutral
14012,شبه نادر .,neutral
14014,أتمنى لك عاما سعيدا جدا .,positive
14015,ليس تماما . معظم الطلاب حصلوا على تقدير مقبول في مادته ، لكنهم يقولون أن محاضراته مملة وغير مشجعة .,negative
14017,متى يبدأ القداس ؟,neutral
14018,سوف أتناول زجاجة سبرايت كبيرة .,neutral
14020,أربعة دولارات لو اشتريتها من المحطة ، وستة دولارات لو اشتريتها في القطار .,neutral
14021,"أعتقد أني سوف أخذ التي قيمتها خمسين سنتا . أعطني اثني عشر واحدة , من فضلك .",positive
14026,أريد أن أحصل على هدية تذكارية بقيمة حوالي خمسين دولارا .,neutral
14029,شامبو ، من فضلك .,neutral
14030,هل عندك هذا بلون رمادي معتدل ؟,neutral
14031,كيف أستخدم تلك المضخة ؟,neutral
14032,هل يمكنك مساعدتي في هذه الأمتعة ؟,neutral
14035,هل هناك دش ؟,neutral
14036,أريد أن أسحب مائة دولار من الفيزا كارد الخاصة بي .,neutral
14037,المهرجان واحدة من خصائص اليابان الثقافية .,positive
14039,لا أصدق . هل صرفت بالفعل كل شيء ؟,negative
14043,من فضلك كررها مرة أخرى ببطء أكثر .,neutral
14044,حسنا ، أعتقد أنه من الأفضل أن أغادر الآن .,neutral
14045,معذرة . أريد أن أطلب طلب .,neutral
14046,هل هي بعيدة لا يمكنني الوصول إليها سيرا ؟,neutral
14047,لا أستطيع أن أجد حقيبتي . هل من الممكن أن تساعدني ؟,negative
14051,أجل ، عندنا ، لكن لا نستطيع بيعهم .,neutral
14052,هل من الممكن أن تغير النقود الورقية إلى عملات معدنية ؟,neutral
14053,الغداء جاهز .,positive
14056,أريد أن أرسل طردين إلى نيويورك .,neutral
14057,أريد أن أجري اتصال هاتفي لليابان .,neutral
14059,عندنا جمبري بصلصة النيوبرج ورجل حمل مشوية .,neutral
14060,حسنا . سوف أرسل الخادمة حالا لتفتح الباب بالمفتاح الأساسي . ما رقم غرفتك ؟,neutral
14063,ما الثمن الذي تطلبه في عدسة عين السمكة من نوع نيكون ؟,neutral
14064,أفضل تناول الطعام الغربي .,neutral
14066,استمرت حرب الباسيفيك لمدة أربعة سنوات ونصف ، من ألف وتسعمائة وواحد وأربعون إلى خمسة وأربعون ، و قد اندلعت بعد الحرب العالمية الثانية بعامين .,neutral
14068,هل عندك أي وجبات خفيفة أتناولها مع شرابي ؟,neutral
14069,أريد غرفة بمنظر جميل .,positive
14070,هل لديه غرفة للمخيم ؟,neutral
14072,هل تريدها بالملح والفلفل ؟,neutral
14073,أي مدخل ؟,neutral
14074,ثلاثة أقداح من عصير الشمام ، من فضلك .,neutral
14075,هل يمكنك أن ترني كيفية الاتصال باستخدام كارت التليفون ؟,neutral
14076,أستطيع أن أتحدث قليلا الإنجليزية .,positive
14078,هل البحر مضطرب هذه الليلة ؟,neutral
14079,حوالي نصف ساعة .,neutral
14081,هل ممكن جولق ورق ؟,neutral
14086,عندي ثلاثة أطفال .,neutral
14088,سر للأمام إلى آخر هذه القاعة وانعطف يسارا عند الركن . سوف تجدها على يمينك .,neutral
14089,هل هي جولة يوم كامل ؟,neutral
14090,أريد أن أذهب إلى متحف الجو والفضاء الشهير .,positive
14092,هل تعتقد أنها سوف تمطر ثلج غدا ؟,neutral
14094,كم تبلغ تكلفة تذكرة ذهاب وعودة إلى أوكسفورد ؟,neutral
14095,هذا لا بد أنه تم استخدامه لبطاقة الهوية ، ربما .,neutral
14096,هل ينبغي أن تكون في المستشفى ؟,negative
14098,اذهب إلى نادي رياضي كل يومين .,neutral
14099,أين يمكنني أن أقيم أثناء الجولة ؟,neutral
14101,كلها أغراض شخصية .,neutral
14102,"حسنا , أين يمكنني أن أضع حقيبتي اليدوية ؟ هل من الممكن أن أضعها هنا ؟",neutral
14104,ما توقيت إجراءات مغادرة الفندق ؟,neutral
14105,أبحث عن هدية لطفل الصغير .,neutral
14107,هل ممكن من فضلك أن تدفئ الغرفة ؟,neutral
14108,كم يتقاضى المرشد في اليوم ؟,neutral
14109,المنطقة على اليمين .,neutral
14110,تم الاتصال بمكالمتك .,neutral
14111,هل من الممكن أن تخبرني كيف أتصل بهذا الرقم ؟,neutral
14112,هل هذا للرجال ؟,neutral
14115,آه ، حقا ؟ هل أخذ أي شيء ؟,neutral
14116,أعتقد أن هذا هو النوع الذي نود أن نستورده .,neutral
14117,أي محلات ملابس قريبة هنا ؟,neutral
14119,تعطلت سيارتي . أريد شاحنة سحب حالا .,negative
14120,أين أجد الاسطوانات المدمجة ؟,neutral
14123,أريد كتابا مصورا ، من فضلك .,positive
14125,اجلس ، من فضلك .,neutral
14126,هل هن ببابين أم أربعة أبواب ؟,neutral
14127,يا له من يوم بهيج .,positive
14129,أعتقد أني طلبت برجر سمك ، لكن ليس هناك سمك في البرجر .,negative
14130,معذرة ، لكن هل ممكن من فضلك أن ترني كيفية استخدام الدش ؟,neutral
14131,شكرا لك . بالمناسبة ، كيف تفضل أن تدفع الفاتورة ؟,positive
14132,أريد فقط أن أؤكد أن مدير شركتك التنفيذي سوف يحضر اجتماع غدا .,neutral
14134,أنا آسف جدا ، لكن سوف أتأخر على الاجتماع . تعطلت من المواصلات .,negative
14135,هل يمكنك حجز غرفة لي في ليلة الثامن عشر من سبتمبر ؟,neutral
14137,هل هناك دورة لمدة أسبوعين ؟,neutral
14139,هل من الممكن أن تساعدني في تحديد أي جولة أنضم إليها غدا ؟,neutral
14140,ينبغي أن أعمل حجوزات .,neutral
14143,هناك قوارب على طراز سفن القرصان أو السفن القديمة أو مزودة بعجلات تجديف . البعض الآخر يشبه الإوز أو الحوت .,neutral
14145,السيد فورد أمرني أن أقابلك .,neutral
14146,نود أن نذهب إلى جبل جروس للتزلج . هل من الممكن أن تجهز وسيلة انتقال ؟,neutral
14147,معذرة . أنا طالب جامعي من اليابان . هل أنتم طلاب في جامعة نيويورك ؟,neutral
14150,هل من الممكن أن تخبرنا كيف تقيم هذه الخطة ؟,neutral
14151,هل يمكنني استرداد ثمن هذه التذكرة ؟,neutral
14152,كم تستغرق من الوقت للذهاب إلى سوهو ؟,neutral
14154,أين الشيال ؟,neutral
14155,أريد أن ألعب مباراة زوجية ؟,neutral
14157,أجل . أبحث عن أحمر شفاه شانيل رقم خمسة وثلاثين .,neutral
14158,بحوالي مائتين دولار تستطيع أن تشتري زهرية جميلة .,positive
14159,سمعت منذ لحظات أن جدي مات .,negative
14160,الخطوط الجوية الأمريكية .,negative
14162,هذه الملاهي دائما مليئة بالناس .,negative
14163,هل قرأت بطاقة تعليمات الأمان ؟,neutral
14164,هل عندك آيس كريم ؟,neutral
14165,اليوم عاصف .,neutral
14167,أكي ، هل تعرف محل تسجيلات قريب من هنا ؟,neutral
14168,نقدا أم ببطاقة الائتمان ؟,neutral
14169,هل من الممكن أن نشاهد فيلما على هذه الرحلة ؟,neutral
14172,هل عندك أحد يستطيع أن يتحدث اليابانية ؟,neutral
14174,أعمل في شركة تجارية .,neutral
14175,ليس من الأدب أن تسأل الناس كم يتقاضون .,negative
14176,"الرقم هو تسعة تسعة تسعة تسعة ، تسعة تسعة تسعة تسعة , تسعة تسعة تسعة تسعة ، تسعة تسعة تسعة تسعة .",neutral
14178,أريد بعض الخل .,neutral
14179,بي . إس . ترمز إلى حاشية الصفحة .,neutral
14180,للتأمين أريد نسبة غطاء كاملة لحوادث التصادم .,neutral
14181,أود أن أعمل حجز لجولة ، من فضلك .,neutral
14182,هل هناك أي تذكرة يوم ؟,neutral
14184,هل هذه من نوع ليفي خمسة صفر المعتمدة ؟,neutral
14186,ماذا ؟ آه ، أكيد . لم تؤخذ .,neutral
14187,الثاني من سبتمبر ، درجة اقتصادية ، لفرد واحد .,neutral
14188,لا بد أن أعود قبل السادسة مساءا .,neutral
14189,عندنا احتفالات سنوية عديدة بجانب الإجازة القومية .,neutral
14195,متى يمكنني أن آخذ حماما ؟,neutral
14196,إنها في الموضة هذا الصيف .,neutral
14198,لا تبدوا أكثر من إحدى وعشرون سنة من العمر .,neutral
14201,هل يمكنني أن أدفع بالفيزا ؟,neutral
14202,معذرة . أريد أن أذهب إلى ميامي .,neutral
14203,أي نوع من الفاكهة لديك ؟,neutral
14205,هل لديك أية حلويات منخفضة السعرات ؟,neutral
14206,إنه حقا عرض رائع .,positive
14210,هل هناك قطار سريع لبرلين ؟,neutral
14214,هل عندك عروض خاصة على عطور استي لودر ؟,neutral
14215,هل عندك مايونيز ؟,neutral
14217,من فضلك استخدمها كصينية ؟,neutral
14218,أريد مقعد ممنوع فيه التدخين ، من فضلك .,neutral
14219,أفهم . في الواقع إنه به فيلم عالي السرعة . هل تمانع إذا أخرجته ؟,positive
14220,اصطدمت سيارتي بعمود إنارة في الشارع .,negative
14221,نحن نكتب بطاقات العام الجديد ونرسلها بالبريد . يتم تسليمهم في الأول من يناير .,neutral
14222,وسط فقط ، من فضلك .,neutral
14223,ليس الكثير من اليابانيين يرسلون بطاقات أعياد الميلاد ، ولكن يتم كتابة ورسم وختم وطباعة وإرسال مليارات من بطاقات التهنئة بالعام الجديد عام بعد عام .,neutral
14224,اشتراها الآن فقط .,neutral
14227,هل يمكنك تدوينها ؟,neutral
14228,هل ستذهب إلى المدرسة ؟,neutral
14229,أنا أبحث عن عطر .,neutral
14230,في أي اتجاه ذهب ؟,neutral
14231,هذه عشرة دولارات ، ونصف دولار للبقشيش .,neutral
14232,سوف أحضر واحدة في الحال .,positive
14234,أنا يوكو سوزوكي من الشركة العالمية .,neutral
14235,ثمانية دولارات . وهنا تأتي واحدة حالا .,neutral
14237,سعر الصرف ليس جيدا تماما ، ولكن أظن أنه ليس عندي خيار .,negative
14239,إنها لك .,neutral
14242,من فضلك أظهرها مع المشتريات في الجمارك في المطار .,neutral
14244,انعطف يمينا عند الناصية الثانية وسوف تجد واحدة .,neutral
14245,ما رأيك في الطعام ؟,neutral
14248,لقد أحضرت أكثر من المسموح به .,positive
14250,النافذة متسخة .,negative
14251,هل تريد نسبة تأمينية لكل من التصادم واحتمالية التصادم ؟,negative
14253,سوف يجدونها غدا .,neutral
14255,عندي مشكلة عند فتح الباب . هل من الممكن أن تغير بطاقة المفتاح ؟,negative
14260,أفضل واحدا في مقدمة الطائرة .,neutral
14261,هل أي من المتاجر الكبيرة به يعمل الآن ؟,neutral
14262,الغرفة المناسبة خلف مكتب خدمة العملاء .,neutral
14265,يا عامل الاتصال ، وصلني بمحطة الإطفاء .,neutral
14266,لقد حصلت على بطارية فارغة .,negative
14268,كم عدد محطات الحافلة التي ينبغي أن أرجعها ؟,neutral
14271,هذا ليس صحيحا .,negative
14272,لا ، من فضلك لا تفعل . هذا لاستخدامي الخاص .,negative
14273,أود أن أستأجر سيارة بناقل حركة أوتوماتيكي ، من فضلك .,neutral
14276,هل ممكن أن أنزل عند الفندق ؟,neutral
14277,بطانية أخرى ، من فضلك .,positive
14279,أريد أن أحجز غرفة للثالث والعشرين والرابع والعشرين من أغسطس .,neutral
14280,أين أقرب مصور ؟,neutral
14281,آيس كريم ، من فضلك .,positive
14282,تستطيع أن تتقدم إلى اليمين خارج هذا الباب .,neutral
14284,فقد جواز سفري . بالمصادفة لم أجد أي جواز سفر في حقيبتي . لا بد أن أسافر إلى طوكيو صباح الغد .,negative
14288,أريد أن أعمل حجز للساعة السادسة هذه الليلة .,neutral
14289,توقف عند التقاطع القادم .,neutral
14290,هل من الممكن أن تحضر لنا طبقا آخر ؟,neutral
14291,كم تكون أجرة السفر من هنا إلى المحطة الجنوبية ؟,neutral
14292,آه ، ها هي . هل ينبغي على كل شخص أن يملأ استمارة الإقرار الجمركي هذه ؟,neutral
14293,هل من الممكن أن أرى هذا الحلق ؟,neutral
14296,أريد أن أغادر مبكرا قدر الإمكان .,neutral
14298,"هل يمكن أن توفر لي فرصة مناسبة للغطس , من فضلك ؟",neutral
14300,اسم مجموعتك السياحية ورقمها ، من فضلك .,neutral
14302,أخذت القطار رقم اثنى عشرة خمسين من سان ديجو .,neutral
14304,ممكن أعرف اسمك من فضلك ؟,neutral
14305,لا أستطيع أن أجد أي صابون .,negative
14306,هل من الممكن إجراء اتصال على أن يتم تحصيل أجرته من الطرف الآخر ؟,neutral
14308,متى يغادر القطار التالي المتجه إلى شيكاغو ؟,neutral
14311,مرحبا . كيف حالك ؟,positive
14313,أريد أن أعمل اتصالا ببطاقة الائتمان ، من فضلك .,neutral
14314,هوجمت في تقاطع بيتشوك . من فضلك تعالَ بسرعة .,negative
14316,في البداية ينبغي علي أن أشكرك كثيرا على البرنامج المثالي الذي أعددته لي .,positive
14317,أين قسم السفر ؟,neutral
14319,بالطبع ، هذا القاع يمكن أن يمدد أو يقلص كما تحب .,neutral
14321,ما من الذي سيلعب هذا الأسبوع ؟,neutral
14324,بالليمون ، لو عندك ، والسكر .,neutral
14326,هل من الممكن أن تساعدني في حمل هذه الحقيبة ؟,neutral
14327,هذا الدواء مساعد على الهضم عادة ما أستعمله .,neutral
14330,لا ، لكن إذا أردت أن تستخدم خزينة ، فهناك مصاريف دولارين . من فضلك ادفعها عند مكتب الاستقبال .,neutral
14331,أريد أن أتناول خس ولحم من فخذ الخنزير وجبن على خبز من الراي .,neutral
14335,كيف يمكنني العودة إلى هنا ؟,neutral
14336,ما اسم الشخص الذي تود التحدث إليه ؟,neutral
14337,هي تسافر إلى المدرسة بالقطار كل يوم .,neutral
14339,أريد بعض السكر ، من فضلك .,positive
14341,أين تبدأ هذه الجولة ؟,neutral
14345,أي دورة للمبتدئين ؟,neutral
14346,هل ستكتب التقرير لي ؟,neutral
14347,أنا آسف ، هو ليس بالداخل الآن .,negative
14350,ليس هناك مشكلة . عندنا وفرة في الوقت .,positive
14351,عندي شظية في إصبعي . هل من الممكن أن تعطني ملقاط صغير ، من فضلك ؟,neutral
14354,ما درجة الحرارة ؟,neutral
14355,أعتقد أن هناك خطأ .,negative
14357,كيف تريد أن تدفع ، نقدا أم ببطاقة الائتمان ؟,neutral
14358,هل تمانع في أن تنتظر فقط قليل من الدقائق الأخرى ؟,neutral
14360,هل يمكنك أن تملأ استمارة التأمين الصحي هذه ، من فضلك ؟,neutral
14361,أيهم الأكثر شعبية ؟,neutral
14363,أنظر إلى هذا . انظر إلى هذا . سوف تخبرني أن الاختلاف بين هذا الشاب وذلك الشاب هو الحظ ؟ محمد ، يقف بالسيارة في جانب الطريق ، وأنت ؟ لن تمانع في أن أنام معك هنا . أنا متأخر . كان لقاء جميل معك ؟,neutral
14364,شكرا لك .,positive
14365,شكرا لمساعدتك .,positive
14368,من ثمانية إلى ثمانية خمسة عشر .,neutral
14370,هل عندك نفس الشيء بني قاتم ؟,neutral
14371,هذا يعتمد على التوقيت .,neutral
14372,متى سيعود ؟,neutral
14373,هل غرفتك تطل على المدينة ؟,neutral
14374,أريد جواز سفري .,neutral
14375,سعيد بلقائك .,positive
14380,لقد فقدت تذكرة الطائرة .,negative
14381,أريد أن أجرب نفس الشيء الذي يتناوله الشخص الذي يجلس على هذه المائدة .,neutral
14384,من فضلك نشط بطاقة المفتاح .,neutral
14385,بالفعل أنا في فترة الحيض . هل هذه مشكلة ؟,neutral
14387,حدثت بين شارينج كروس وجرين بارك .,neutral
14388,توقف .,negative
14389,أية رسائل لي ؟,neutral
14390,شكرا لك . هل ممكن إيصال ، من فضلك ؟,positive
14396,هل يمكنك أن تعلم عليها على هذه الخريطة ؟,neutral
14397,واحد صفر أربعة مساءا .,neutral
14398,من فضلك ارسم خريطة هنا .,neutral
14399,هل ستثبتها ؟,negative
14400,لا زالت غالية جدا . هل من الممكن أن آخذها بثلاثة دولارات ؟,negative
14401,أتفهم ، ماء الحمام فقط لم يسخن بالدرجة الكافية .,negative
14402,نريد غرفة في الخلف .,neutral
14403,سوف أتناول كأسا من النبيذ .,neutral
14404,هل ستعطني مسكن للآلام ؟,neutral
14405,نحن هنا في زيارة . ابننا يعيش في سيتل .,neutral
14407,لو متاح ، أريدها آليا .,positive
14408,السماعة هذه لا تعمل بشكل جيد . هل من الممكن أن تعطني واحدة أخرى ؟,negative
14410,تبدو جميلا .,positive
14412,هل يوجد أية فنادق قريبة من هنا ؟ من فضلك ارسم لي خريطة .,neutral
14413,هل مازال معك تذاكر إلى بيج ريفر لهذه الليلة ؟,neutral
14415,تبدوا تقريبا متطابقة .,neutral
14416,تبدو جميلا .,positive
14418,ما خامة هذه البزة .,negative
14419,ساعتان قبل الرحيل .,neutral
14424,نريد أن نقسم هذا الطلب علينا نحن الثلاثة .,neutral
14426,أريد غرفة بسريرين . ما ثمن الغرفة في الليلة ؟,neutral
14430,بعض الفاكهة ، من فضلك .,positive
14431,إنها هامة .,positive
14432,من فضلك اتركهم بالخارج .,neutral
14434,إنها تبعد حوالي تسعة وتسعون ميلا .,neutral
14435,مساء الخير . عندي ميعاد مع السيد دريل في الساعة الثالثة اليوم ، لكن أخشى أني سوف أتأخر قليلا . هل هذا سيكون على ما يرام ؟,negative
14437,هل عندك شيء مع المفاتيح ؟,neutral
14438,تم بيع مقاعد إس ، لكن مازال عندنا مقاعد إيه .,neutral
14439,نريد أن نقسم هذا الطعام . هلا أحضرت أطباق صغيرة ؟,neutral
14440,أشعر بمرضي في معدتي .,negative
14441,فينس وليندا يريدان أن يبقيا بمفرديهما ، لذا أخشى أنني لا بد أن أبقى هنا هذه الليلة .,negative
14444,من فضلك احفظ هذه الحقائب في محتجز الجمارك .,neutral
14447,خفض السعر .,neutral
14448,اسمي ساتو .,neutral
14451,هل يمكنني أن أتحدث إلى أحد الموظفين اليابانيين المسؤول عن الاتصالات الهاتفية ؟,neutral
14452,أود أن أعرف ما هي تكلفة إجراء مكالمة هاتفية إلى نيويورك .,neutral
14453,"لا حقيقة , أنا أخشى ذلك , يمكنك أن تركب مترو الإنفاق من هنا بمخاطرة منك إذا صح أن يقال .",negative
14454, شكرا جزيلا  للتعبير عن الامتنان لهؤلاء الذين انتهوا من العمل .,positive
14455,لقد هربوا و معهم عقد من اللؤلؤ و أشياء أخرى ثمينة .,neutral
14457,أعرف نادي قديم لموسيقى الجاز بوسط البلد .,neutral
14459,سأتناول هذه الوجبة .,positive
14461,هل يمكنك أن ترشدني إلى طريق المستشفي ؟,neutral
14462,أود أن أتتناول طبقا مثل هذا .,positive
14463,أود التوجه إلى برج لندن .,neutral
14464,ارغب في النزول هنا .,positive
14466,هل يمكنني الحصول على شهادة طبية ؟,neutral
14467,هاهي صورة ضوئية من تذكرتي .,neutral
14468,"إنها سيارة زرقاء صغيرة , رقم اللوحة المعدنية كاي ثلاثة واحد خمسة و رقم التسجيل هو ب ر أي أربعة خمسة ستة صفر .",neutral
14471,هل يمكنك أن تقدم لنا قدر قليل من الخصم ؟,neutral
14472,هل تمارس أية ألعاب رياضية ؟,neutral
14473,يوجد طلب متزايد من بين هواة الجمع على هذا النوع .,positive
14474,"نحن لدينا بالفعل الوصلات و القوابس الكهربائية التي تستخدم في بلدنا , و لكن ليس لدينا محولات كهربية . أنا اقترح عليك أن تذهب إلى أحد المحلات التي تتعامل مع المستلزمات السياحية .",neutral
14475,حينئذ سنأخذها .,neutral
14476,هل يمكنني أن أراك غدا بعد الظهر ؟,neutral
14477,هل يصعد هذا إلى الدور السادس ؟,neutral
14478,جلد التمساح الأمريكي .,neutral
14479,خذ حذرك .,neutral
14480,"طبقين من كريمة الطماطم , من فضلك .",neutral
14482,هل المسافة في حدود ما يمكن السير إليها ؟ أم هل هي بعيدة جدا لدرجة أنني لا أستطيع السير إليها ؟,neutral
14483,من فضلك ضعه في كيس الغسيل و اتركه هناك .,neutral
14484,أود تحميض هذا الفيلم . متي سيكون جاهزا ؟,positive
14485,"نعم . أود الحصول على تذكرتين لفيلم "" عربة اسمها الرغبة "" . هل هناك تذاكر متبقية بخصوص العرض الذي سيقدم هذه الليلة ؟",neutral
14493,هل هذه هي الرحلة الصحيحة ؟,neutral
14495,من فضلك لا تعطي هذا المفتاح لأي شخص آخر غيري .,negative
14497,قم بعمل بعض تمارين خفيفة و تدليك بعد الحمام يوميا .,neutral
14499,هناك مخرج واحد فقط .,neutral
14500,و هو كذلك . سأمر عليك و آخذك بالسيارة من الفندق الذي تقيم فيه في الساعة الثامنة .,neutral
14502,النافذة جيدة,positive
14505,"اجعل قصة الشعر تتدلى لأسفل , من فضلك .",neutral
14507,هل تم إدراج جميع تكاليف النقل ؟,neutral
14508,أخشى أن تكون قد فهمت المواعيد خطأ .,negative
14509,أوبرا ميتروبوليتان .,neutral
14510,"سوف يمر على صديقي بسيارته هنا ليأخذني معه , و لذلك ليس هناك مشكلة .",positive
14511,هذه الغرفة صاخبة جدا .,negative
14512,ليس لدى الجرأة على أن أرتدي شيئا كهذا .,negative
14514,أين مكان تأجير السيارات ؟,neutral
14515,شجر الجنكو جميل للغاية حينما تتحول أوراقه إلى اللون الأصفر في الخريف .,positive
14517,لدى حفلة الليلة . فمن فضلك قم بتصفيف شعري .,neutral
14518,أنت تسألني ما إذا قد بدأنا الشروع في بيع منتجاتنا في الولايات المتحدة ؟,neutral
14519,اشعر بأنني ملئ بالحيوية منذ الليلة الماضية .,positive
14520,هذا لا يناسب ذوقي .,negative
14521,كيف تنطق الاسم الخاص بهذا المكان ؟,neutral
14524,من فضلك قم بخصم هذه التكلفة من الماستر كارد الخاص بي .,neutral
14525,ما قيمة ميزانيتك الخاصة بالإعلان ؟,neutral
14528,أين مكان دورات المياه ؟,neutral
14529,أود أن أنام .,neutral
14530,ما أنواع الخضراوات الموجودة لديك ؟,neutral
14531,أريد عمل تمويجا لشعري ليكون طليقا .,neutral
14534,متي سيأتي الطبيب ؟,neutral
14535,أخشى أنها متأخرة ثلاث دقائق .,negative
14537,انه اللون الخاطئ .,negative
14538,لقد انكسرت السنة .,negative
14542,هل هذا المقعد بجوار الممر أم بجوار النافذة ؟,neutral
14543,لا يمكنك أبدا أن تقوم بعمل رجيم و أنت نحيف الجسم بهذه الصورة .,negative
14544,سوف أتأخر عن الاجتماع خمسة عشر دقيقة .,negative
14545,واحد و معها اسم المخزن من فضلك . وسأستخدمها للمطالبة بالتأمين الذي دفعته .,neutral
14547,إنها لاستخدامي الشخصي .,neutral
14551,أود أن اذهب إلى مكان ما يمكنني أن أتتناول فيه بعض الطعام المحلي .,positive
14552,"أود الحصول على حامل ثلاثي القوائم , من فضلك .",neutral
14555,أريد حقيبة أرخص سعرا .,negative
14556,لقد ألم بي ألم مفاجئ شديد في الظهر .,negative
14557,أنا في نزهة طويلة سيرا على الأقدام .,neutral
14561,أريد أن أغادر في أسرع وقت ممكن . هل توجد أي رحلة مبكرة ؟,neutral
14562,شكرا لكل البقشيش الذي قدمته لي . أنت شخص عطوف جدا .,positive
14564,هل يمكنك أن توصل أمتعتي إلى الغرفة ؟,neutral
14565,أي الموديلات تريدها ؟,neutral
14566,ما رأيك في عشرة جنيهات مقابل ثلاثة ؟,neutral
14567,عليك أن تستمر بالمشي في هذا الطريق حتى تصل إلى حديقة صغيرة .,neutral
14568,أريد هذا .,positive
14569,ما هو اللون الذي تفكر فيه ؟,neutral
14570,نود الحصول على منضدة بالقرب من النافذة .,neutral
14571,يؤسفني أنه تم بيعها كلها .,negative
14573,أرني واحدة لإحدى الشابات .,neutral
14574,"إذن كل شئ حول هذا المكان جديدا لك , أليس كذلك ؟",neutral
14576,هل يمكنني التجول في المكان ؟,neutral
14578,آه . ماذا أثار اهتمامك من خصائص معينة في هذا البلد ؟,neutral
14579,هل يمكننا أن نظل في حجرتنا لمدة ثلاثون دقيقة بعد ميعاد المغادرة من الفندق ؟,neutral
14580,"أسف , الرقم غير صحيح .",negative
14582,منضدة أكبر بكثير من فضلك .,positive
14585,بالطبع . هذا لا يعتبر أي شيئ . لا تقلق لهذا الأمر . أتمنى أن تكون أكثر حذرا المرة القادمة .,neutral
14586,هل يمكنك أن توضح لي كيف أضيء الأنوار ؟,neutral
14587,من فضلك أرني واحدة من تلك الموجودة في صندوق العرض .,neutral
14590,هل يمكنك أن تتحرك بهذا الاتجاه ؟,neutral
14591,هل هناك أي تعديل في جدولنا ؟,neutral
14592,سأقوم بذلك .,positive
14593,هل لديك أي شيء يبلغ سعره ثمانون دولارا فقط ؟,neutral
14595,و معظم الشوارع ليس بها أسماء أو علامات . و لذلك توجد بعض الصعوبة في أن تصل إلى مكان تقصده فقط عن طريق العنوان .,negative
14597,"انه فنان غالي الثمن للغاية . و لذلك , خذ حذرك من فضلك .",negative
14598,من فضلك أعطني كريم حمام شمس .,positive
14600,من فضلك استدعي لي السيارة الأجرة .,neutral
14601,هل هذا طازج ؟,neutral
14602,ما تكلفة إيجار الملعب في الساعة الواحدة ؟,neutral
14604,سأعطيك دولارين لتكملها مائتي دولارا .,neutral
14605,أنا ظمآن .,negative
14606,هل هي على جهة اليمين أم اليسار ؟,neutral
14607,أريد بنطلونا .,neutral
14608,أريد أن أقوم ببعض السير بهدف الاسترخاء .,positive
14609,هل يمكن أن أشحنها ؟,neutral
14610,ما تكلفة إرسالها بالبريد الجوي إلى اليابان ؟,neutral
14611,"هل يمكنني أن أحصل كرتونتين من "" النجوم السبعة "" ؟",neutral
14612,"بدون حليب , من فضلك .",neutral
14613,هل تعلم رقم تذكرة السفر الخاصة بك ووكالة السفر و تاريخ الإصدار وطريقة الدفع ؟,neutral
14614,ما تكلفة الغرفة في الليلة الواحدة ؟,neutral
14615,أنت فزت . خمسة ستكون مناسبة .,positive
14616,أريد العودة للفندق لكي أجد كاميرتي .,neutral
14617,إنها مسألة حياة أو موت .,neutral
14618,"يجب أن تأخذ سيارة أجرة , حيث لا توجد أي مواصلات عامة .",neutral
14619,هناك اثنا عشر فريقا للبيسبول في اليابان .,neutral
14622,في المجمع السكني الثالث على يسارك .,neutral
14623,"أو أن أقوم بعمل اتصال من محطة إلى أخرى في طوكيو , من فضلك .",neutral
14626,أود عمل المقابلة .,neutral
14627,ألن تلعب معي تنس الأسبوع المقبل ؟,neutral
14630,هل سنركب هذا ؟,neutral
14631,معذرة . أنني أبحث عن سترة من الجلد .,neutral
14632,يا لها من وجبة طيبة .,positive
14634,ما هو محل بيع الملابس الذي ترشحه لي ؟,neutral
14637,هل يمكن أن أتناول اللحم المقطع و الغي شريحة اللحم التي قد طلبتها ؟,neutral
14638,ثلاثة منا يريدون أن يلعبوا . ما تكلفة ذلك ؟,neutral
14642,سوف نصل قبل الميعاد المحدد بثلاثين دقيقة .,neutral
14643,شكرا لمكالمتك .,positive
14644,"سيجار , من فصلك , إذا كان لديك أي منها . ما سعرها ؟",neutral
14646,أود أن أتلقي اتصال للاستيقاظ من النوم .,neutral
14648,أي منها هو الجنجفرو ؟,neutral
14650,هل يمكنك إنجازها في نصف ساعة ؟,neutral
14652,"أريد خريطة خاصة بطريق الحافلة , من فضلك .",neutral
14653,أنت الذي تلام على الحادثة .,negative
14659,قم بالسير للأمام في هذا الشارع حوالي لمسافة خمسة بلوكات تقريبا ستجد هناك على الناصية أحد الصيدليات . عندما تصل إلى هناك اتجه إلى اليمين . ستجدها تماما على يسارك .,neutral
14660,من فضلك تحدث بسرعة أقل .,neutral
14661,ماذا ستعرضه الأسبوع المقبل من فضلك ؟,neutral
14662,نخطط لنأخذ تسع ساعات .,neutral
14665,أتطلع إلى تغيير الحرس .,positive
14666,يا للهول الكل يرقص بشكل جنوني .,positive
14667,هل يمكن أن نبقي على متن الطائرة لأن معنا طفلا ؟,neutral
14669,ما هو العمل الفني المعروض على المسرح القومي ؟,neutral
14670,هل يمكن الحصول على غرفة لهذه الليلة ؟,neutral
14674,نعم أنا سأحضر دمية يابانية لصديقي .,positive
14675,أين الكاونتر الخاص بالخطوط اليابانية ؟,neutral
14677,يا لها من حفلة عظيمة . هل أعجبتك ؟,positive
14678,أنني أعلن هذا البند .,neutral
14681,سررت بلقائك أيضا يا بوبي . هل تود أن تذهب للسباحة معنا ؟,positive
14683,لدي ثلاث حقائب .,neutral
14685,أين البحيرة ؟,neutral
14686,لا اريد أن أتناول الطعام الآن .,negative
14687,أود أن أتناول بيض أومليت .,neutral
14688,من فضلك وسع منطقة الخصر لمسافة ثلاثة سنتيمترات .,neutral
14689,أنني أبحث عن هدية تذكارية شيقة من لاس فيجاس .,positive
14690,ليس هذا ما طلبته .,negative
14691,"أين تذاكر ؟ هل تذاكر هنا في هذه الحجرة , ام انك تذهب إلى المكتبة ؟",neutral
14693,"معذرة , قم بالضغط على مصراعي النافذة الخشبيين , من فضلك .",neutral
14696,"نعم أنت لست مهذبا , أليس كذلك ؟",negative
14697,أود شراء عدسات جديدة .,neutral
14699,أحتاج مزيدا من الوقت .,neutral
14701,متى سيبدأ العرض ؟,neutral
14702,ساتناول هذا .,positive
14705,أود القيام ببعض التسوق في هذه المدينة . هل يمكنك أن ترشح لي محل متعدد الأقسام جيد أو أحد المحال الكبرى ؟,neutral
14706,ليس لدي كثير من الوقت . هل سيستغرق ذلك وقتا طويلا ؟,negative
14707,أنها اعاصير التيفون . بمجرد أن تضرب اليابان تسبب لنا العديد من الكوارث .,negative
14709,هل يمكن أن احصل على احدى المجلات أو شيئ من هذا القبيل ؟,neutral
14710,أعتقد اننا نفعل ذلك . سوف أتحرى الأمر و سأعود في الحال .,neutral
14711,أخبرني مستر موريتا هل زوجتك بصحبتك هنا في نيويورك ؟,neutral
14712,عليك أن تغير القطار في المحطة الثالثة .,neutral
14713,أي أتوبيس يتوجه إلى المحطة المركزية ؟,neutral
14714,لقد تزوجنا ليومين فقط .,neutral
14717,أود نسخة من نوع لي رايدرز موديل تمانية عشر أربعة وأربعين واحد صفر واحد .,neutral
14718,انها باتجاه الجنوب .,neutral
14719,"معذرة , هل ستستغرق وقتا طويلا لتجهيز وجبتنا ؟",neutral
14720,أفضل الطعام الإيطالي .,positive
14721,ما تكلفة المقاعد الخاصة بالشرفة ؟,neutral
14722,يمكنك التوجه بالسؤال إلى مكتب الإستعلامات الموجود هناك إذا ضللت الطريق .,neutral
14723,هل ستقوم بتغليف هذه الأشياء كل منها على حدة ؟,neutral
14729,سوف نقلع في دقائق قليلة . من فضلكم تأكدوا من أن حزام الأمان قد ثبت بشكل آمن .,neutral
14731,"نعم , لكن من فضلك لا تسمح لهم بالذهاب إلى الجوانب العميقة أو الجاكوزي .",neutral
14733,أين السلسلة العالمية ؟,neutral
14734,نرغب في حجرة تطل على البحيرة .,neutral
14737,هل هناك أي صناديق بريد قريبة من هنا ؟,neutral
14738,أود أن أشترى حقيبة .,neutral
14740,أين كنت ؟,neutral
14741,"إذا كنت أصررت على موقفي لفترة أطول قليلا , كنت سأحصل عليها بسعر أقل .",neutral
14742,"أي منها تريد , فئة الخمسة جنيهات أم العشرة ؟",neutral
14743,أشعر أنني مريض . أين الطبيب الخاص بالسفينة ؟,negative
14745,أنا من اليونان .,neutral
14746,حدد ذوقك .,neutral
14747,متي ستفتح ؟,neutral
14749,هناك واحدا خلف هذه الصالة .,neutral
14752,سأمكث مع صديقي الليلة .,neutral
14753,أخشى أن يكون رصيد الحساب الخاص بك مكشوفا .,negative
14754,الرابعة وعشرون .,neutral
14755,"دقيق الشوفان مع عدد اثنين بيضة , مع سجق , وشاي بحليب .",neutral
14757,و هو كذلك . سأوصلك إلى هناك .,positive
14758,هذا هو عنوان الفندق الذي أقيم فيه ورقم التليفون . هل يمكنك الاتصال بي على هذا الرقم بمجرد أن يتم العثور على حقيبتي ؟,neutral
14759,هل تفضل منضدة في المكان المسموح فيه بالتدخين أم المكان الغير مسموح فيه بالتدخين ؟,neutral
14761,الجزء المكتوب بالطريقة المائلة يشير إلى التغييرات التي حدثت في التسعينات .,neutral
14762,أود تناول الكثير من الخضراوات اليوم .,positive
14763,أنه يبلغ من العمر ثلاثون عاما .,neutral
14764,لدي بطاقتي الشخصية . رخصة القيادة تفي بالغرض ؟,neutral
14766,"نصف اليوم ثلاثون دولارا , اليوم الكامل خمسون دولارا .",neutral
14770,سعر اللوح الخشبي المستخدم في رياضة ركوب الأمواج هو خمسة وعشرون دولار لمدة ساعتين أربعون دولار لليوم الكامل .,neutral
14772,الجو دافئ جدا . أيمكنك ضبط التكييف من فضلك ؟,negative
14774,ما هو سعر صرف الين لهذا اليوم ؟,neutral
14775,أنا سوجيتا في غرفة رقم ثلاثة عشر عشرين . أنا دخلت الفندق للتو ولكن هذه الغرفة أصغر مما توقعت . هل من الممكن تغيير الغرف ؟,neutral
14777,وهو كذلك . هل يمكنك كتابة العنوان مرة أخرى علي هذا الظرف ؟,neutral
14778,هل محطة أتوبيس الشارع الخامس هنا ؟,neutral
14781,لدي ما يغطي ثمن الوجبات لمدة ثلاثة أيام نقدا .,neutral
14783,"أود الذهاب إلى محل الهارودز . هل معك خريطة , من فضلك ؟",neutral
14784,من أين يمكنني شراء بضاعة ذات صناعة يدوية شعبية ؟,neutral
14786,ما ذا تفعل في وقت فراغك ؟,neutral
14787,كيف يمكنني إجراء مكالمة عبر البحار ؟,neutral
14788,ما هي الرياضات الشعبية في اليابان ؟,neutral
14789,هل لديك أحجار بطارية لهذه الكاميرا ؟,neutral
14790,هل يمكن من فضلك أن برسل لي خريطة بالفاكس لكي أصل إلى مكتبكم ؟,neutral
14791,هل أنت جاهزة للطلب يا سيدتي ؟,neutral
14792,ننصحك أن تأخذ جولة في مدينة بوسطن . فهذا يعطيك فرصة لرؤية الأماكن الهامة في بوسطن .,positive
14794,أحاول الوصول إلى العنوان علي هذه البطاقة .,neutral
14796,أهلا . هل هذه بوسطن للتامين ؟,neutral
14797,هل يوجد صالة تجميل في هذا الفندق ؟,neutral
14798,كانت أشهى وجبة .,positive
14799,الآن قد أخطأتها .,negative
14801,أي المناطق في النمسا ؟,neutral
14805,أود إرسال برقية لاسلكية .,neutral
14807,هل أنت الأخير في هذا الصف ؟,neutral
14809,أين سيتجه هذا القطار ؟,neutral
14810,أعتقد أن الحجز قد زاد عن العدد .,neutral
14813,ركلة موفقة . كادت تدرك الهدف .,positive
14814,هل لي أن أستخدم الهاتف ؟,neutral
14815,ما هي أقصى فترة لبريد الطرود ؟,neutral
14816,أريدها أن تكون الثامنة و النصف .,neutral
14818,هل يمكن أن تخبرني عن الأماكن الشيقة هنا ؟,positive
14820,هل يوجد أي محل متعدد الأقسام قريب من هنا ؟,neutral
14821,"مائدة لاثنين , من فضلك .",neutral
14823,هل يمكن أن تخبرني هل يوجد بالقرب من هنا أي مطعم أسماك متميز ؟,neutral
14824,"حسنا , مبنى الإمبير ستيت على اليمين من هذا الطريق , ما ستفعله هو الذهاب باتجاه محطة الأتوبيس في هذا الركن وتتحرك للأمام . ستجدها على يمينك .",neutral
14825,ما سعر هذا ؟,neutral
14829,"أي أنواع الحلويات تفضل , أيس كريم أم مشروب مثلجة ؟",neutral
14835,هذا غير ممكن بالنظر إلى ميزانيتي .,negative
14837,هل يجب علينا أن نطلب كل أطعمة الوجبة ؟,neutral
14840,"لا , لم نجهز بعد .",negative
14841,لقد حجزت لليلتين .,neutral
14842,هل لديك أي وسكي ؟,neutral
14843,هل يمكنك الاتصال بي إذا عثرت على حقائبي ؟,neutral
14844,"هل يمكنني الاطلاع على رخصة قيادتك , من فضلك ؟",neutral
14845,"من يقول أنه ينادي , من فضلك ؟",neutral
14846,كيف يبدو ذلك علي ؟,neutral
14848,لا قليل جدا . هذا قد يكون أحد الأسباب وراء عدم تمسك السيدات بشركة ما .,neutral
14849,كم المدة التي تستغرقها عملية إعادة إصدار لجواز السفر ؟,neutral
14852,"غلفها , من فضلك .",neutral
14853,إنها تتحسن .,positive
14854,و أنا كذلك .,neutral
14857,سوف أتناول بعض الزبد .,neutral
14859,لقد أخذت الأتوبيس الخطأ .,negative
14860,ما حجمه ؟,neutral
14862,أود اللحاق بالسفر من سان دييجو .,neutral
14863,كنت أفكر في الحصول على هذه الدورة في فترة نصف العام المقبلة .,neutral
14866,هل يمكن أن تقوم بطهي هذا اللحم مرة أخرى ؟,neutral
14867,"من فضلك , استدعي الطبيب .",neutral
14871,سوف أقوم بعمل أشعة سينية .,neutral
14873,هل هناك أي مكان لتغيير النقود ؟,neutral
14874,أود عمل تجعيد للشعر .,neutral
14876,هل يمكنني أن أتناول بعض الحبوب ؟,neutral
14877,أخشى ألا أتمكن من الذهاب للنوم نتيجة لهذا الخبر السيئ .,negative
14878,كيف يمكنك حساب رسوم الإلغاء ؟,neutral
14879,تبدأ رحلتنا في الأول و العشرون من يوليو و تنتهي في السابع و العشرين .,neutral
14881,أنا غير مهتم .,negative
14884,كيف يمكنك نطق الاسم الخاص بهذه المحطة ؟,negative
14885,سأدفع بنفسي .,neutral
14886,هل المتحف مفتوح اليوم ؟,neutral
14887,النبيذ ليس باردا بشكل كافي . هل نمكنك أن تجعله أكثر برودة ؟,neutral
14889,دعني أرى واحدا مختلفا .,neutral
14890,"مثل هذه , من فضلك",positive
14895,"أني بحال طيبة , أيضا , شكرا .",positive
14897,ما المدة التي ستقضيها في مدينة نيويورك ؟,neutral
14899,هل يمكن أن ألغي طبق الحلوى ؟ إن معي بالفعل قدرا كافيا منها .,negative
14901,هل يمكنك أن تغيير لي هذا القرط إلى أخرى يمكن أن تشبك .,neutral
14902,هل يوجد هناك أي أتوبيس من المطار إلى فندق الشيراتون ؟,neutral
14903,ما هي أكثر الأشياء التي تثير اهتمامك الآن ؟,positive
14905,أريد إعادة المال . هل يمكن أن أحصل على مالي ؟,neutral
14907,"نعم , رقم أربعة سبعة وثمانين .",neutral
14910,واحدة فقط الآن .,neutral
14911,إلى الأمام مباشرة . سترى العلامة . لا يمكنك أن تخطئها .,positive
14912,ستضطر إلى أن تأخذها إلى الكاونتر الخاص بتغليف الهدايا .,neutral
14915,ما الفترة التي ستستغرق لطبعها ؟,neutral
14916,آمل أن أستطيع زيارة بلدك .,positive
14918,قل لي مباشرة .,neutral
14919,ما هو ميعاد التسليم ؟,neutral
14921,"ارسم لي خريطة , من فضلك .",neutral
14923,"ليس لدي حجز هنا , و لكن هل لديك غرفة لليلتين ؟",neutral
14925,أود المغادرة من الفندق الآن هل يمكنك أن تأخذ أمتعتي إلى اسفل ؟,neutral
14926,ربما لا يمكنني أن أتناول مثل هذا المشروب في أي مكان آخر .,negative
14927,أين الاتجاه ناحية الجنوب ؟,neutral
14933,"إذا اشتريت هذا أيضا , فستعمل للمبلغ الذي يعفي من الرسوم .",neutral
14935,هل لي أن احصل على بطانية ؟,neutral
14936,هل قال إن المحطة القادمة هي شارع ثلاثة و عشرين ؟,neutral
14937,هل يجب أن أقوم بالحجز في عربة العشاء داخل القطار ؟,neutral
14939,"مساء الخير , هل لديك أي موائد مفتوحة لشخصين ؟",positive
14940,ما هي هواياتك ؟,neutral
14941,"نعم , ما قيمة النقود التي أقوم بإيداعها كبداية ؟",neutral
14942,"نعم , سأتناول البيرة الخالصة مع المقبلات .",neutral
14945,"من فضلك , قم بتنظيف هذه البلوزة .",negative
14946,هل تريد أن تترك أي شيء ؟,neutral
14947,"نعم , أنا خالي .",positive
14948,ما الأشياء التي سرقت ؟,negative
14951,كان طويل القامة ذو شعر أشقر .,neutral
14952,"هل يمكنني أن أطلع على شهادة التطعيم الخاصة بك , من فضلك ؟",neutral
14954,أي منها هي السجائر ؟,neutral
14956,ضع بشكير المائدة على واحدة و اسحقها بهذه المطرقة .,neutral
14957,يسير الأتوبيس إثناء الليل عندما تكون حركة مرور أقل . لهذا نادرا ما يتأخر .,neutral
14958,لقد كنت أعاني من ألم في المعدة لمدة خمسة أيام .,negative
14959,بالتأكيد سأصطحبك إلى هناك .,positive
14960,هل تسافر كثيرا ؟,neutral
14964,هل يمكن أن تعيرني المقطرة ؟,neutral
14967,أن بيتك كبير جدا .,negative
14969,أنا من الولايات المتحدة .,neutral
14970,هل يمكن أن أتناول شاي بدلا من القهوة,neutral
14972,لا أعتقد أننا التقينا من قبل .,neutral
14973,لديك بطاقة بريدية إضافية ؟,neutral
14975,هل يمكنك أن ترسل هذه لي ؟,neutral
14976,معي تذكرة طيران إلى سان فرانسيسكو .,neutral
14977,أود بعض القهوة,neutral
14978,أين القنصلية اليابانية ؟,neutral
14979,أريد أرزاً .,neutral
14981,أجل ، يوجد . ها هو القطار قادم . أتمنى لك يوماً طيباً .,positive
14984,هل لي ببعض المسطردة ؟,neutral
14985,هل يمكنك إرسال فاكس إلى هذا الرقم ؟,neutral
14986,هل يمكننا أن نلتقي الساعة الثالثة ظهراً بدلاً من ذلك ؟,neutral
14987,أفقد القدرة على رؤية الأشياء وفقاً لأهميتها النسبية عندما أسافر للخارج ، وأبذر المال يمنيا ويساراً .,negative
14989,فطيرة التفاح من فضلك .,positive
14990,كم عدد الإجازات المدفوعة التي تحصل عليها في العام ؟,neutral
14991,مائدة لأربعة أفراد من فضلك .,neutral
14993,هيه .,positive
14994,صحيح . هل تريد الذهاب إلى حمام السباحة معي ؟,neutral
14995,سيكون هذا رائعاً . لطالما انتظرت فرصة للقيام بشيء من هذا القبيل .,positive
14996,أرغب في اقتراح خبز محمص للسيد وليام .,neutral
14997,شكراً ، سآتي . نأمل أن تأتي أنت أيضاً إلينا ذات مرة .,positive
14998,لو إن المسافة خمسة عشرة دقيقة فقط من المحطة ، إذن سأمشيها .,neutral
14999,أود الذهاب إلى متحف أ .,positive
15001,أفكر في الاستفادة من ميزة الخصم الخاص الذي تعرضه خطوط إيه بي سي للمسافرين إلى هاواي الشهر المقبل .,positive
15004,أظن ذلك . ستكون على ما يرام .,positive
15005,"هل يمكنني الحصول على تذكرتين لرواية "" البؤساء "" في السابع من يونيو ؟",neutral
15008,هل تبيع كتب جديدة فقط ، أم تتاجر في المجلدات المستعملة أيضاً ؟,neutral
15009,أريد إرسال خطاب لليابان .,neutral
15010,عندما كنت أتمشى في برودواي .,neutral
15011,أريد وعاء طعام .,neutral
15012,واحدة درجة أولي لفرد واحد إلى كاليه من فضلك .,neutral
15013,من فضلك استدعي سيارة أجرة في الساعة الثانية ظهراً .,neutral
15014,بصحة جيدة ، شكراً . وأنت ؟,positive
15016,هل يوجد أي شئ مثير للاهتمام هنا ؟,neutral
15019,أريد فندق أرخص قليلاً .,negative
15020,تبدو البونساي كهواية شخص هرم .,neutral
15021,من فضلك أخبر القنصلية اليابانية بعد إبلاغ الشرطة .,neutral
15023,هل يمكنني إحضارهم كلهم ؟ إنني أحتاج إليهم فعلاً .,positive
15024,لم أقرر بعد . هل لك أن تعطيني وقتاً أكثر ؟,neutral
15025,مصاب بالصداع .,negative
15027,أتريد مشروباً مع الوجبة ؟,neutral
15028,أعطني ثلاثين لتراً .,neutral
15029,آه ؟,neutral
15031,هل يوجد استعراض عسكري غداً ؟,neutral
15032,إنها لا تعمل . هل لديك واحدة إضافية ؟,negative
15033,إنه الشيء الخطأ .,negative
15034,معي زجاجتي ويسكي .,positive
15036,هل تفضلت و احتسيت القهوة معي ؟,neutral
15037,أريد شهادة طبية وإيصال من أجل التأمين الخاص بي .,neutral
15038,صداع نصفي .,negative
15040,هدايا لأصدقائي .,neutral
15042,صدري يؤلمني .,negative
15043,هناك ثلاجة مملوءة بالمشروبات في مؤخرة العربة .,neutral
15046,آه ، كلا . من فضلك أسرع . إننا متأخرون .,negative
15048,أريد زجاجة ماء من فضلك .,neutral
15050,الأكل في الفندق يكلف كثيراً ، لذلك دعنا نخرج إلي أي مكان .,neutral
15051,لا أريد إنفاق أكثر من عشرين دولاراً .,negative
15053,من أين نبدأ ؟,neutral
15054,معذرة . أين مكتب البريد ؟,neutral
15055,من فضلك أرني التكاليف .,neutral
15058,حقاً ؟ إنني لا أعرف .,neutral
15059,مقعدان من فئة العشر دولارات من فضلك .,neutral
15060,كيف تحب أن يطهى اللحم ؟,neutral
15061,صف ما فقدته من فضلك .,negative
15062,لماذا لم تقلع الرحلة ؟ أخبرني عما يجري .,neutral
15063,ما فصيلة دمك ؟,neutral
15065,هل لك أن تدلني على الطريق ؟,neutral
15066,أريد فاتح شهية من فضلك .,positive
15067,ما أكثر أطعمة الأنظمة الغذائية المحببة في متجرك ؟,neutral
15069,عليك الذهاب إلى فيينا .,neutral
15073,كم الأجرة ؟ هل لك أن تدون الأجرة على قطعة ورق ؟,neutral
15074,هل لنا أن ننتظر مائدة ؟,neutral
15075,هل شارع هودسون هو المحطة الثالثة ؟,neutral
15080,أين مكتب تسجيل الدخول الخاصة بلوفتهانزا ؟,neutral
15081,التقط صورة لنا من فضلك .,neutral
15083,أريد استئجار كرسي مركب .,neutral
15086,اسمك وعنوانك هنا .,neutral
15087,انتظر دقيقة من فضلك .,neutral
15088,هل على السيدات ارتداء فستان سهرة ؟,neutral
15091,عمل من هذا ؟,neutral
15092,الأسود جميل .,positive
15093,من فضلك التقط صورة لي .,positive
15095,لا تلمسني .,negative
15097,أريد الاتصال بشركة تأجير سيارات .,neutral
15098,مائدة بجوار النافذة من فضلك .,neutral
15099,من فضلك دعني أعرف حينما نصل بوسطون .,neutral
15100,أريد الصبغ باللون الأحمر من فضلك .,neutral
15101,هل احتفظت بأرقام شيكاتك ؟,neutral
15102,أريد شراء أفضل المقاعد الممكنة .,positive
15103,الآن اذهب إلى الجمارك .,neutral
15109,هل معك سجائر ؟,neutral
15110,أفضل الجلوس في مقدمة الطيارة .,neutral
15111,مصباح الرسائل الخاص بي مضاء .,neutral
15112,علينا الاتصال بقسم الاستعلامات في ركن ردهة الفندق . سيقومون بتسجيل الحجز .,neutral
15115,أي محطة ؟,neutral
15116,إنه لص .,negative
15118,مذاق هذا الحساء قوي .,positive
15122,ماذا يوجد في هذه الحقيبة ؟,neutral
15123,يمكننا الذهاب إلى نقطة تيكي إذا لم تكن الريح قوية .,neutral
15125,إنها لاستخدامي الشخصي .,neutral
15126,رائع .,positive
15129,أريد فيلماً لهذا النوع من الضوء الصناعي من فضلك .,positive
15132,الهدف منها مساعدة الثكالي في نفقات الجنازة .,neutral
15133,سأغلق الآن . شكراً على انتباهكم .,positive
15138,أنا آسف . سأحضر لك شاياً في الحال .,neutral
15139,معذرة . هل لي أن أحصل على بطانية ؟,neutral
15141,هل تفهمني ؟,neutral
15142,حسناً . اتجه يساراً عند الناصية التالية . ستراها أمامك مباشرة .,neutral
15143,هل يوجد أي مكان للراحة ؟,neutral
15145,هل لديك ألوان أخرى من هذا ؟,neutral
15147,هل هذا يشمل ثمن القطار السريع ؟,neutral
15148,متى وأين يمكنني الحصول عليها ؟,neutral
15149,من هذا ؟,neutral
15150,"أيهما تظنه أفضل لبشرتي , ملمع الأظافر الغامق اللون أم ملمع الأظافر الفاتح اللون ؟",neutral
15151,شكراً . هذا يعني أننا سنصل باكر صباحاً . هل تظن أنني أستطيع أن أستقل قطار الأنفاق لوسط المدينة ؟,positive
15154,ما نوعية المواد التي يحتوي عليها الدواء ؟,neutral
15155,أجل ، لدي حجز غرفة لفرد واحد . الاسم ماتسوي . إم إيه تي إس يوو آي .,neutral
15156,هل لديك الشكل المفتوح من الأمام من هؤلاء ؟,neutral
15157,معذرة . هل لك أن تدلني على مكان موقف سيارات الأجرة ؟,neutral
15158,شكراً . آه ، أفهم ما حدث .,neutral
15163,كم تبعد المسافة إلى هذا الفندق ؟,neutral
15167,هل لك أن تريني مكان المقعد على خريطة من فضلك ؟,neutral
15168,قال إنه سيتصل بك فيما بعد .,neutral
15169,من فضلك اضبطوا مقاعدكم للوضع العمودي .,neutral
15170,وللشرب ؟ .,neutral
15172,هل هذا الشارع يوصل إلى متجر سي وإيه متعدد الأقسام .,neutral
15173,آسف على مضايقتك . هل يمكنني الحصول على قلم أحمر ؟,negative
15174,أريد تحديد موعد مع السيد واطسون .,neutral
15175,سأريك كيفية استخدام العودين لتناول الطعام .,neutral
15179,معذرة أيها الشرطي . هل لك أن تساعدني ؟ إنني لا أستطيع أن أجد متحف إيه بي سي الوطني .,neutral
15180,سيأتي النادل ليأخذ طلبك . من فضلك استدعي النادل عندما تكون مستعداً للطلب .,neutral
15181,هاهي .,neutral
15183,كلاً ، سآخذهم على الحساب .,neutral
15184,هل يمكنني استخدام شيك سياحي ؟,neutral
15185,أجل ، لدينا منها . ما النوع الذي تريده ؟,positive
15186,أليست باردة ؟,neutral
15188,أنا في مطار كينيدي الآن . ما أسرع وسيلة للوصول إلى فندقكم ؟,neutral
15190,أنت في مقعد ستة عشر أ . سر في هذا الممر ، إلى يمينك .,neutral
15191,لا سراويل جينز ولا قمصان بأكمام قصيرة .,neutral
15192,كيف تريدها ؟ أعني ماذا تحب في شطيرة اللحم ؟,neutral
15194,هل أنت حامل ؟,neutral
15196,هل يمكنك استدعاء سيارة أجرة لنا ؟,neutral
15200,يسعدنا قبول عرضك .,positive
15201,أين يوجد أقرب متجر لأجهزة الكمبيوتر ؟,neutral
15204,لم أقم بها أبداً من قبل .,neutral
15205,ما مدي دقة هذا ؟,neutral
15206,هه . إنها لا تعمل ، أليس كذلك ؟ يمكنك الانتقال إلى مقعد شاغر إذا كنت تريد ذلك .,negative
15207,هل يوجد كتاب باللغة اليابانية ؟,neutral
15208,لا يوجد مخزون ، لكن تم طلبها .,neutral
15210,أفضل مطعماً نباتياً .,neutral
15216,قفل الباب مكسور .,negative
15220,أجل ، هاهي .,neutral
15221,إنني أبحث عن هذا .,positive
15224,رقم خمسة واحد واحد سبعة اثنان سبعة ثلاثة في لوس أنجلوس من فضلك .,neutral
15226,هل توجد جولة ؟,neutral
15232,أي أدوية البرد تزكيها ؟,neutral
15234,لا أحب لحم الخنزير .,negative
15235,من فضلك دون هذا على صفحة الخدمة . يوجد رسم زائد .,negative
15237,من فضلك أرسل هذا الطرد البريدي إلى اليابان .,neutral
15238,سآخذها معي .,neutral
15239,سأعود .,positive
15240,حسناً سيدي . وما الحلو الذي تريد أن تختم به الطعام ؟,neutral
15243,هل يمكنني البقاء في الطائرة خلال فترة الانتظار ؟,neutral
15245,بالتأكيد . سنكون قد أصلحناها قبل وقت عودتك .,positive
15246,حافلة عادية أم حافلة مجهزة للنوم ؟,neutral
15247,شيكات سياحية . شكراً . خذ تذكرتك وبطاقة المرور للصعود على متن الطائرة . كن هناك قبل وقت الرحلة بساعة من فضلك .,neutral
15248,أنا من يشكرك .,positive
15249,قطعة صغيرة فقط .,neutral
15250,من أين أنت أساساً ؟,neutral
15253,أجل . لقد كنت أرغب في زيارة المكان هنا منذ وقت طويل .,positive
15254,بالتأكيد . يبدو كما لو أنه لا توجد مشكلة .,positive
15257,إنه ألم حاد .,negative
15258,سأدفع عن طريق التأمين الخاص بي .,neutral
15259,الاسم هو جورو موتوياما . والرقم هو صفر ثلاثة ثلاثة اثنان ستة واحد اثنان أربعة تسعة خمسة .,neutral
15260,هل يوجد أي جولات إلى تمثال الحرية ؟,neutral
15262,أشعر بمرض شديد .,negative
15263,هيا . انطقها فجأة وحسب .,negative
15264,لدينا اليوم وجبات سمك موسى رائعة .,positive
15265,حسناً . سأخبرك ماذا تفعل . أنت لم تخبر من معك وأنا لن أخبر من معي .,neutral
15268,ماذا تفعل عادة في وقت فراغك ؟,neutral
15269,أتمنى أن نلتقي مرة أخرى ذات يوم .,positive
15271,إنها خضراء ، وتقريبا هذا المقاس .,neutral
15272,من فضلك أعطني خريطة المدينة .,neutral
15274,"ما موعد عرض "" قصة حب كوسي "" ؟",neutral
15275,آسف ، لا أحد يرد على الهاتف .,negative
15278,أنا مصاب بنزيف في أنفي .,negative
15279,البعض يذهب إلى محطة طوكيو المركزية والفنادق الكبيرة .,neutral
15280,ثلاثون جنيهاً من فضلك .,neutral
15282,معذرة . أين التليفون العمومي ؟,neutral
15283,حسناً . هل ستحتسي القهوة الآن أم فيما بعد ؟,neutral
15284,شكراً على أي حال .,positive
15286,أجل ، تناولت محاراً طازجاً الليلة الماضية . كان مذاقه غريباً .,positive
15289,أظن أنها تجعلني أبدو أكبر سناً .,neutral
15291,هل يمكنك أن تريني هذا من فضلك ؟,neutral
15292,دلني على أكثر نوادي موسيقى الريجاي إثارة في نيويورك .,positive
15293,مما تتكون الفرقة الموسيقية ؟,neutral
15294,لدينا اليوم حساء المنيسترون وقشدة الهليون وحساء خضراوات .,neutral
15295,ما وجه الاختلاف بين منتجك ومنتج منافسيك ؟,neutral
15296,هل من المقبول عدم اتباع أي شخص لتعليمات الأمن ؟,negative
15297,سأحتسي شراب مارتيني غير حلو . وعصير برتقال لها من فضلك .,neutral
15298,هل سبق لك الإصابة بأي من أمراض القلب ؟,neutral
15300,عيناي متورمتان .,negative
15303,أبحث عن قميص قطن بأكمام قصيرة .,neutral
15306,شيئاً أقل من مائة دولار من فضلك .,negative
15307,إنه يغادر من هنا في تمام الساعة التاسعة .,neutral
15308,شكراً ، نفس الشيء تماما ، لكن في الواقع علي أن أنصرف .,positive
15309,سطح لامع من فضلك .,positive
15311,أريد ثمان عملات ورقية فئة عشر دولار وعشرون ورقة فئة دولار واحد .,neutral
15312,لدينا هذا المنتج الجديد المصمم للنساء العاملات .,positive
15313,سأحمل هذا .,positive
15318,إنها خدمة عالية الجودة يعتمد عليها .,positive
15319,هل الشوارع الخلفية خطر ؟,negative
15320,أجل . من فضلك اتخذ الإجراء الضروري .,neutral
15323,أجل ، واحدة فقط . متى سأعرف ؟ وكيف سيتم تعويضي ؟,negative
15324,أنظر وحسب ، شكراً .,positive
15326,أظن أنه سيكون بإمكانك الحصول عليها كاملة في السوبر ماركت . ولا تقلق إذا لم تستطع . سأذهب إلى الصيدلية غداً .,neutral
15327,هذا ليس ضروريا سيدي . سنهتم بهذا عند قيامك بتسجيل الدخول . يبدأ تسجيل الدخول من الثانية والنصف بعد الظهر ، لكن يمكننا الاحتفاظ بحقائبك إذا كنت تريد مشاهدة بعض المعالم قبل ذلك .,neutral
15331,هاهي بطاقة تحقيق الهوية الخاصة بي .,neutral
15332,هل لك أن تحضر لي قدر ماء يغلي ؟,neutral
15335,أنا مصاب بمرض مزمن .,negative
15336,أعتقد أن هناك خطأ في الفاتورة . هل لك أن تراجعها من فضلك ؟,negative
15337,نفضل مائدة بجوار النافذة .,neutral
15339,هل لك أن تفرغ مطفأة السجائر من فضلك ؟,neutral
15340,ما هي الأماكن السياحية المحببة بالقرب من هنا ؟,neutral
15342,يسرني لقاءك ، سيد سميث .,positive
15343,أريد مد إقامتي ليومين .,neutral
15347,من فضلك دلني على أرخص وسيلة للذهاب إلى سان فرانسيسكو .,neutral
15348,هل تسدي لي معروفاً ؟,neutral
15349,أي نوع من العطور تريد ؟,neutral
15350,هل هذا هو أقصر الخطوط المباشرة ؟,neutral
15351,لنرى . المباراة ستبدأ في الثانية ؟ آه ، من المفروض أن يكون باستطاعتنا القيام بها .,neutral
15353,أريد النزول عند محطة القديس بول .,neutral
15354,ما مدي الأمان ؟,neutral
15356,هل لي أن أرفق خطاباً فيها ؟,neutral
15359,السيد واتسون ، الواصلة الداخلية رقم اثنان صفر واحد من فضلك .,neutral
15360,لا أعرف أيها أضع .,negative
15362,هل تعرف المطعم يا كيويا ؟,neutral
15363,هاهي . هذه هي الأكثر شيوعاً .,neutral
15365,لدي حجز يا أكياما .,neutral
15366,عندما تنزل من المصعد ستراه إلى يمينك .,neutral
15368,حسناً ، اضغط على هذا الزر . خسارة ، هذا لا يعمل . آسف ، إنه مكسور .,negative
15370,كيف حالك يا سيد تاكاجي ؟ إننا لم نلتق منذ الربيع الماضي ، أليس كذلك ؟,neutral
15372,لقد رأينا كثيراً من الأسماك المهاجرة .,neutral
15374,سأعود فيما بعد .,neutral
15375,أريد أن أعرف متى يمكنني العودة هنا .,neutral
15378,اتجاه واحد .,neutral
15380,سأصبح بديناً في حال ما ظللت جالساً هنا آكل باستمرار .,negative
15382,إذا كنت تريد أي مساعدة ، من فضلك اسأل المضيفين على متن الرحلة . لدينا على متن الطائرة طاقم يتحدث اللغة اليابانية والفرنسية والصينية والأسبانية .,neutral
15385,مائة دولار من غير الضريبة .,neutral
15386,"من فضلك اربط حزام مقعدك وراقب لافتة "" ممنوع التدخين "" حتى تنطفئ .",neutral
15387,هل بها حمام ؟,neutral
15389,هاهي بطاقة المرور للصعود على متن الطائرة وبطاقة المطالبة .,neutral
15391,هل يمكنني الحصول على طبق إضافي ؟,neutral
15392,أريد بعض الدواء .,neutral
15393,يوجد اثنان منا ، لذلك هل لنا أن نحصل على المقاس الكبير ؟,neutral
15395,لقد تركت جواز سفري في سيارة الأجرة .,neutral
15398,أربعون دولاراً .,neutral
15400,هل يوجد ملهى ليلي جيد به عرض رقصة الفلامنكو ؟,neutral
15401,يقوم فندقنا بالترتيبات لتوفير خادمة لرعاية الأطفال .,neutral
15402,معذرة ، سنتأخر عشرين دقيقة .,negative
15403,هل يوجد أي مطاعم يابانية بالقرب من هنا ؟,neutral
15405,شيئاً سهل القيادة بعجلة قيادة يسرى ومن صنف اثنين لتر .,positive
15408,هل هي في الداخل أم في الهواء الطلق ؟,neutral
15410,هذا هو عنوان الإرسال الخاص بي .,neutral
15413,أجل ، يمكنك ذلك . هاهي بطاقة المطالبة وبطاقة المرور للصعود على متن الطائرة .,neutral
15414,"آه . أعتقد في السابعة مساء , على ما أقترح .",neutral
15415,لقد أغلقت السيارة وأنا خارجها . المفتاح بداخلها .,neutral
15416,يمكنك تحقيق عدد نقاط أفضل .,positive
15419,جميل الفستان التي ترتدينه .,positive
15420,لم أعتقد أنها ستكون مزدحمة إلى هذا الحد .,negative
15421,أشعر بألم مبرح حول منطقة المعدة .,negative
15422,هل لك أن تغير مقعدي بآخر في القسم المسموح فيه بالتدخين ؟,neutral
15423,هذا المبلغ لمكالمات المسافات البعيدة .,neutral
15424,هل تخطط للبدء في بيع منتجاتك في الولايات المتحدة ؟,neutral
15425,هل لك أن تحضر لي شراب جعة آخر ؟,neutral
15426,أنا وجيم أصدقاء منذ أيام المدرسة الثانوية .,positive
15427,بيض مقلي وبيض أملت مع لحم خنزير مملح من فضلك .,neutral
15429,تذكرة لعشر مسافرين من فضلك .,neutral
15430,لحظة من فضلك سيدتي . سأتحقق منها .,neutral
15431,قدمي تؤلمني .,negative
15434,لا أحد يحمل نفس اسمي يعيش هنا .,negative
15436,أين توجد أقرب مغسلة ؟,neutral
15437,أين يمكنني أن أجد الحافلة المخصصة لمشاهدة المعالم ؟ متى وأين يمكنني ركوب الحافلة ؟,neutral
15440,الجزء العلوي كبير إلى حد ما . هل يمكنك أن تعديله ؟,neutral
15443,هل لك أن نبدل مقاعدنا من فضلك ؟,neutral
15444,هل يوجد ملعب جولف هنا ؟,neutral
15446,أريد إلغاء الحجز على رحلة الخامس من مايو وحجز أخرى في التاسع من مايو بدلاً منها من فضلك .,negative
15447,تم الفصل بين مقاعدنا .,neutral
15450,هل يمكنني الاحتفاظ ببطاقة المفتاح هذه ؟,neutral
15451,هل يوجد أي شخص يمكنه فهم اللغة اليابانية ؟,neutral
15452,في الواقع أريد استصدار صك تأمين على هذا الطرد أيضاً .,neutral
15453,أنا آسف جداً لمعرفة فقدان والدك . تفضل بقبول خالص عزائي .,negative
15454,أريد إيطاليا من فضلك .,neutral
15455,هل قمت بإنهاء أوراقك ؟,neutral
15459,خمس عملات ورقية فئة عشرة دولارات من فضلك .,neutral
15460,"هل لي بتذكرتين لشخصين بالغين لمشاهدة "" الكاتس "" ؟",neutral
15462,من الأفضل أن تجلس وتلتقط أنفاسك بعد رحلتك الطويلة من اليابان .,neutral
15463,وصلت الفاتورة لمائة دولار .,neutral
15464,تقع منافذ الخروج للطوارئ في مقدمة ووسط ومؤخرة هذه الطائرة .,neutral
15466,ما الأجر الذي لا يشمله هذا ؟,neutral
15469,هل تم اتباعها ؟,neutral
15470,حسناً ، تم إعادة التأكيد على حجزك .,positive
15471,أين موضع الحرق في يدك ؟,negative
15472,من المصممون ؟,neutral
15473,هل يمكنك تغليفهم مع بعضهم البعض ؟,neutral
15474,القطة الزرقاء . مقطوعة رباعية قديمة لموسيقى الجاز .,neutral
15475,في أي العربات هذه المقصورة ؟,neutral
15476,الكعب مرتفع جداً .,neutral
15477,نريد مائدة في الشرفة .,neutral
15480,مبروك ، لقد سمعت أنك حصلت على وظيفة لدي شركة إيه بي سي .,positive
15481,هل تشمل ثمن الخدمة ؟,neutral
15482,هذا يعني أن الفيلم ربما يكون غير مناسباً للأطفال تحت سن الخامسة عشر . لذلك فإن الآباء بحاجة إلى الأخذ بعين الاعتبار إذا ما كانوا سيدعون الأطفال يشاهدون الفيلم .,negative
15483,أريد حجز مائدة جيدة لمشاهدة العرض .,neutral
15484,تتكلف تسعة وتسعون دولاراً أمريكياً .,neutral
15485,سيكون أمامك ساعة لتفعل ما يحلو لك هنا .,neutral
15486,أريد أن أعود إلى طوكيو قبل يوم الجمعة .,neutral
15487,كيف تريد النقود ؟ من فضلك املأ هذه الورقة ووقع هنا .,neutral
15488,هل المجوهرات معفاة من الرسوم ؟,neutral
15489,ما هو الفيلم المحبب أكثر الآن ؟,positive
15494,لست متأكداً الآن .,neutral
15495,اشتريت أحمر شفاه كهدية .,neutral
15496,متى ستغادر ؟,neutral
15497,"أنا آسف , هل يمكنك تكرارها من فضلك ؟",negative
15498,حتى سبتمبر عام ألف وتسعمائة وتسعة وتسعون .,neutral
15499,هل يمكنني الالتحاق بهذا الفصل حتى مع كوني مبتدئاً ؟,neutral
15502,أريد التسوق . أين منطقة التسوق القريبة من هنا ؟,neutral
15503,نريد مشاهدة فيلماً . ماذا تزكي ؟,neutral
15504,من قام بها ؟,neutral
15505,لكن كما تعرف ، فإن إل تي سيجعلونها أرخص .,neutral
15506,كم تتقاضى نظير مكالمة لمسافة بعيدة لطوكيو ؟,neutral
15507,ما هي الألوان الأخرى المتاحة للسيارات الشيفرولية ؟,neutral
15508,لا أستطيع أن أقرر ماذا أطلب . ماذا تزكي ؟,neutral
15509,تؤلمني معدتي أحياناً .,negative
15510,كم تتقاضى للفرد ؟,neutral
15516,قمت بتقديم وقت المغادرة .,neutral
15519,ألا تبيعهم كل واحدة على انفراد ؟,neutral
15522,هل لديكم أطباق ذات سعرات حرارية منخفضة ؟ فأنا أتبع نظاما غذائياً حالياً .,neutral
15523,هل لك أن تحجز لي في أحد المسارح ؟,neutral
15524,في هذا الطريق ، اتجه يميناً .,neutral
15526,لدي زجاجة نبيذ أرز ياباني .,neutral
15527,مقعد غير محجوز من فضلك .,neutral
15528,آه ، أنا آسف . تفضل . هل أحضر شراباً ؟,negative
15529,لا يوجد رسم ضروري .,neutral
15531,أريد أن تأتي معي من فضلك .,positive
15532,الآن تم الحجز لك .,neutral
15533,أريد حجز مقعد في الدرجة الاقتصادية على الرحلة المتجهة إلى لندن يوم الأحد .,neutral
15534,بها ثلاثون كلمة . لذلك ثلاثة دولارات من فضلك .,neutral
15535,بإمكان البواب مساعدتك ، أو يمكنك الحصول عليها بسيارة أجرة .,neutral
15538,هل حديقة الحيوان مغلقة ؟,neutral
15539,"أجل ، معي تذكرتان ل "" العمالقة "" و "" المحتالين "" .",negative
15546,نحن من أكبر موردي أجهزة الميكروكومبيوتر .,positive
15549,ما اسم الأب ؟,neutral
15550,أريد حجز غرفة نوم صغيرة .,neutral
15552,شخصان .,neutral
15553,شكراً . وأنا أيضاً . إلى اللقاء فيما بعد .,positive
15554,اسمي سوزوكي . لدي حجز الساعة السادسة .,neutral
15558,سجائر من فضلك .,neutral
15561,أريد قص شعري فقط .,neutral
15562,أريد سوار سلسلة .,neutral
15564,حجرة مزدوجة بحمام من فضلك .,neutral
15566,لقد سقطت من على درجات السلم .,negative
15569,أريد أن أتجول حول الجزيرة .,positive
15572,لنأخذ فترة راحة . هل تريد قهوة ؟,neutral
15573,أنا قادم .,positive
15574,لقد تركت مفتاح الغرفة داخلها . هل لي أن استعير النسخة المطابقة من المفتاح من فضلك ؟,neutral
15575,ما هو الآيس كريم الذي تزكيه ؟,neutral
15577,هه . هذه . يبدو اللون جميلاً عليك .,positive
15578,كم أدفع كبقشيش ؟,neutral
15579,معذرة . هل تذهب هذه الحافلة إلى يونيون سكوير هوليداي إن ؟,neutral
15581,هل يمكنني النزول من السيارة في بوسطن ؟,neutral
15586,هل لك أن تأتي لي بتذكرة ؟,neutral
15587,هل يمكنني الحصول على حقيبة كبيرة ؟,neutral
15588,هذا الحساء ساخن جداً .,positive
15589,أريد جزراً .,neutral
15590,سنتصل بك فور عثورنا عليها .,neutral
15591,هل أحد هواياتك جمع الحيوانات المحنطة ؟,neutral
15594,أريد القيام بحجز على الخطوط الجوية اليابانية في العشرين من مارس .,neutral
15596,لا يوجد ثلج .,negative
15598,أين كتب اللغة الأجنبية ؟,neutral
15599,هل بإمكان اليابان إنتاج كل الغذاء الذي تحتاجه ؟,neutral
15601,هل لديك أي روايات يابانية ؟,neutral
15604,شريحتين وزجاجة سبرايت .,neutral
15606,إنه مزدحم اليوم ؟,neutral
15607,أعطني سجائر .,neutral
15608,لذلك فهي تعني أنني لم أفشل على الإطلاق .,positive
15610,"دخوله البلد مخالف للقانون . آسف . حسناً , إنني أخمن في كيفية العناية بكل شيء .",negative
15612,كم عدد أيام العطلات التي تحصل عليها في العام ؟,neutral
15613,سنمكث لمدة أسبوع على الأقل .,neutral
15614,أريد مضخة هواء .,neutral
15615,هل يمكنني أن أستقل قطار الأنفاق الكهربي إلى برج مارين ؟,neutral
15617,لقد ألغيت رحلة إيه إيه أحد عشر التي كان من المفترض أن أكون على متنها .,negative
15620,آه ، حقاً ؟ أعيش في كاماكورا وأتمنى أن تأتي لترى منزلي .,neutral
15622,أين غرفة الرجال ؟,neutral
15623,أعتقد أنها واضحة لي إلى حد ما .,positive
15625,لدي بعض الأشياء تحتاج للكي .,neutral
15626,من فضلك قل لي رقم هاتفك .,neutral
15627,"معذرة , هل لك أن تزكي لي فندقاً ؟",neutral
15628,آه . كم كنت مشتاق لرؤيتك هنا .,positive
15629,هذا آخر شيء سأقوم به .,negative
15630,تغادر القطارات من كينجز كروس .,neutral
15631,لقد فقدت حقيبة سفري .,negative
15634,متى سنعود ؟,neutral
15635,يهتم المراهقون اليابانيون بالموسيقى .,neutral
15638,أريد أن أقيس هذا الحذاء .,neutral
15642,أجل ، لقد اتصلت منذ وقت قصير .,neutral
15643,هل لديكم نبيذ غير حلو ثمنه غير مرتفع جداً ؟,neutral
15644,وضعت مثبت شعر اليوم .,neutral
15646,هل الطائرة في موعدها ؟,neutral
15648,كم تتقاضى لإعادة إصدارها ؟,neutral
15649,من أين يمكنني شراء تذاكر للمصعد الجبلي ؟,neutral
15652,أجل ، أنا . لقد كانوا يعيشون بجواري في كاليفورنيا لكنهم انتقلوا إلى فلوريدا منذ عامين . ماذا عنك ؟ هل تسافر بمفردك ؟,neutral
15653,يبدوا ستونهينج ممتعاً . هل يوجد أي جولات تذهب بالقرب من هناك ؟,positive
15655,لقد أصبت إصابة خطيرة في قدمي اليمنى .,negative
15656,أنا مقيم في فندق هيلتون .,neutral
15658,أليس لديك أي أطعمة لتناولها ؟,negative
15659,متى يبدأ القطار ؟,neutral
15660,بالبريد البري .,neutral
15662,كيف تريد شريحة اللحم سيدي ؟,neutral
15663,أريد أن أستقل الحافلة السريعة إلى المطار .,neutral
15664,أنا مريض .,negative
15665,شكراً لأنك أتيت لتأخذني من المطار . أنت لطيف جداً .,positive
15666,يبدو طفلي منهكاً بسبب الحمى .,negative
15668,أخشى أن يوم السبت سيكون ملبداً بالغيوم .,negative
15669,كم يتكلف استئجار سيارة بسائق لمدة ؟,neutral
15673,بهذا المقاس من فضلك .,positive
15674,تمنح أوسمة الاستحقاق الثقافي للفنانين والعلماء المتميزين في هذا اليوم .,positive
15676,أنا ياباني .,neutral
15678,أحب التفاح ، لكنني اليوم أريد تناول العنب .,positive
15679,من فضلك أبطل صلاحية بطاقتي .,negative
15680,"زجاجة نبيذ أحمر , موافق ؟",neutral
15682,بالتأكيد . هل لديك شيء معين ، طعام بعينه في ذهنك ؟,neutral
15683,هل الخمس سنتات هذه فضية ؟,neutral
15684,لأي شيء هذه الصلصة ؟,negative
15686,معي ألف دولار نقداً .,positive
15687,اتجه يساراً . إنها إلى اليمين .,neutral
15688,كم تتقاضى لثلاثة أيام ؟,neutral
15690,هل لك أن تحمل هذه الأمتعة من فضلك ؟,neutral
15692,هذا ثمنه مرتفع جداً .,negative
15694,سيارة صغيرة ، ويفضل أن تكون سيارة يابانية .,neutral
15696,ما هو تخصص هذا البلد ؟,neutral
15698,لدينا اثنان أو ثلاث على مستوى جميل في المنطقة المجاورة . هل تريد أن أقوم بالحجز لك ؟,positive
15699,أجل . استقل الحافلة التي تذهب إلى محطة كيوتو .,neutral
15700,هل لي بمائة جرام من سلطة القرع ؟,neutral
15702,تريد طابعاً آخر ؟,neutral
15705,بالمناسبة ، هل قمت بملأ الخزان قبل إعادة السيارة ؟,neutral
15706,أريد الذهاب إلى سان دييجو .,positive
15708,"كان هناك إصلاح سياسي بعد وفاته ، وهو ما يعرف ب "" إصلاح عصر تايكا "" .",neutral
15710,هل هذا للأعضاء فقط ؟,neutral
15711,تركت حقيبة يدي في القطار .,negative
15713,"معذرة ، لكن كلمة "" أوميديتوجوزايماسو "" طويلة جداً لدرجة أنه يصعب عد عدد الكلمات . وحيث إنه لا يجب ألا يزيد عدد حروف كل كلمة عن خمسة عشر حرفاً ، أريدك أن تقسمها إلى اثنين .",negative
15715,إنها تغادر من محطة حافلات رقم اثنان .,neutral
15716,إذا كنت تريد ذلك .,neutral
15717,ما أنواع السلطات التي لديكم ؟,negative
15719,هل يمكنك رسم خريطة تمكنني من الوصول إلى هناك ؟,neutral
15723,سآخذ ما تزكيه .,neutral
15724,ما المعروض الآن ؟,neutral
15727,أريد قلم حبر من فضلك .,positive
15729,أجل ، آه ، وأدفع ببطاقة ائتمان .,neutral
15730,من فضلك أحضر الإفطار لغرفتي .,neutral
15731,هل لديكم أي جولات للبانتيون ؟,neutral
15732,لقد سقطت ملعقتي .,negative
15733,من فضلك اصرف شيك شخصي .,neutral
15735,سعر الغرفة هو ستة آلاف ين في الليلة .,neutral
15736,أجل ، شكراً . اسمي مايومي ياماجوتشي من اليابان . لقد وصلت الفندق منذ لحظات .,neutral
15737,قدمي تؤلمني .,negative
15738,الشمس ملتهبة حقاً . هل قمت بوضع واقي من الشمس ؟,neutral
15739,تستغرق حوالي نصف يوم . سيكون مرشد الجولة هنا ليأتي ويأخذنا حوالي الساعة التاسعة صباحاً .,neutral
15740,أين الإستاد ؟,neutral
15741,هناك زجاجة مفقودة .,negative
15743,أريد زياً إيطالياً .,neutral
15747,حسناً ، يبدو من مظهرك أن مقاسك مثل مقاسي تقريباً . أنا عادة أرتدي مقاس وسط .,neutral
15749,لقد توقفت ساعة الحائط القديمة . هل لك أن تبدلها ؟,neutral
15752,حسناً ، يبدو ضيقاً إلى حد ما من عند الأكتاف .,neutral
15753,أريد بطاقة استبدال . متى يمكنني الحصول عليها ؟,neutral
15754,هل لك أن تستدعي الشرطة ؟,neutral
15759,رقم هاتفي هو أربعة صفر أربعة واحد اثنان ثلاثة أربعة خمسة ستة سبعة .,neutral
15760,هل توجد أية مشكلة ؟,neutral
15761,يتم تجهيز أطباق العام الجديد المسماة أوسيتشي رويو في كل بيت تقريباً في الوقت الحالي .,neutral
15763,هل يمكنني أن أحضر هذا على متن الطائرة ؟,neutral
15765,جولة النصف يوم تتيح الرغبة لأشياء أخرى .,neutral
15766,سأسأل إذا ما كان بإمكاني التقاط صورة معه .,neutral
15767,من أين نوع من الجلد صنعت حقيبة الكتب هذه ؟,neutral
15775,حسناً . كل ما أريده هو معرفة إذا ما كان المشروع سيحقق ربحاً .,neutral
15776,إنه لذيذ جداً .,positive
15777,الأجرة مختلفة عن قراءة العداد .,neutral
15781,أنت تمزح . هل توجد وسيلة أرخص لإرسالها ؟,negative
15783,أريد تحويل الين الياباني إلى دولار أمريكي .,neutral
15784,جميل . هل تريدين إيشارباً يتناسب مع هذا ؟,positive
15785,هل يمكنني الانتقال إلى الصف الأول ؟,neutral
15787,أريد القيام بتسجيل الخروج الآن . هل لك أن تنزل أمتعتي ؟,neutral
15788,أعد شحن البطارية من فضلك .,neutral
15790,هل توجد عيادة بالقرب من هنا ؟,neutral
15791,أنا مستعد للطلب .,positive
15795,هل معك مفك ؟,neutral
15796,بمن أتصل إذا واجهت متاعب ؟,neutral
15797,هل ستغادر هذا الرحلة في موعدها ؟,neutral
15798,أملاح الحمام العشبي تجعل ملمس بشرتك ناعماً وأملس .,positive
15799,سآخذ ثلاثمائة جرام من هذا .,neutral
15801,لقد اندفع إلى وسط الشارع حيث لم يكن هناك تقاطع .,neutral
15802,بالصدفة ، هل لديك تأمين سفر لهذه الرحلة ؟,neutral
15803,إنها لاستخدامك الشخصي بالطبع .,neutral
15804,اكتب اسم شركة الطيران ورقم الرحلة أيضاً .,neutral
15805,أريد ترك السيارة في مطار سان فرانسيسكو .,neutral
15807,بعض الحلوى ؟,neutral
15808,أريد التأكد من وقت المغادرة .,neutral
15809,سأكون في فندق هيلتون .,neutral
15811,هل لك أن ترسل لي هذه الرسالة بالبريد ؟,neutral
15814,حقاً . اليوم هو الأحد ، والأحد هو أسوء الأيام .,negative
15817,معنا أسرة من أربعة أفراد بما فيهم والداي وأختي الصغرى وأنا .,neutral
15819,ما اسم الفنان ؟,neutral
15821,اطلب منه أن يتصل قبل العاشرة بتوقيت اليابان .,neutral
15828,كيف يمكنني الوصول للمعبد ؟,neutral
15829,ماذا تشرب ؟,neutral
15831,هل لك أن تخبرني برقم هاتف أحد شركات سيارات الأجرة ؟,neutral
15832,ثلاث كعكات محلاة مقلية وكعكة صغيرة محلاة من فضلك .,positive
15834,سأكون هناك بعد حوالي ساعة .,neutral
15835,مرحباً . بيير وان فيش آند جريل . هل لي أن أساعدك ؟,neutral
15836,شكراً . هل لي أن أتحدث من السيد ياماتا من فضلك ؟,positive
15838,هل يوجد متجر معفى من الرسوم بالقرب من هنا ؟,neutral
15839,كيف تسحب نقوداً ؟,neutral
15840,أجل . أريد إعادة تأكيد الحجز على رحلة رقم سبعة عشر المتجهة لطوكيو يوم الأحد . اسمي ريكو موري . إم أو آر آي .,neutral
15842,أريد أن أعرف ما أنواع الألوان التي ستكون مسايرة للموضة هذا الخريف .,neutral
15845,أريد حجز مقعد للنوم لواشنطن دي سي من فضلك .,neutral
15849,أقترح أن تزور أيضاً مبنى الأمم المتحدة على ضفاف النهر الشرقي .,neutral
15853,إنها بتسع وتسعين . أريد أن أنفق حوالي تسعة وتسعين دولاراً .,neutral
15854,من فضلك أرني هذا الغليون . الثالث .,neutral
15855,إذا كان هذا الشخص بوذياً ، أجل . لكن كثير من العائلات يقيمون الجنائز في منازلهم .,neutral
15856,قميص أبيض وجوربين .,neutral
15857,حوالي ألف دولار .,neutral
15859,ما سعر أرخص تذكرة ؟,neutral
15862,شريحة لحم من خاصرة البقر وسلطة خضراء من فضلك .,neutral
15863,حسناً . من فضلك خذ راحتك . دعني أعرف هل تحتاج أي شيء .,neutral
15864,هذه التي ألبسها .,neutral
15866,أريد طلب بيتزا . من يقوم بالتسليم هنا ؟ كم الرقم ؟,neutral
15867,سأتأخر .,negative
15870,هل لديك غرفة أفضل ؟,neutral
15871,إنها تستغرق يوماً كاملاً . مرشد الدولة سيكون هنا ليأخذنا في تمام الساعة التاسعة صباحاً .,neutral
15872,من فضلك اختر نبيذاً جيداً لوجبتنا .,positive
15873,أريد عملة ورقية فئة خمسين دولاراً وخمس ورقات فئة عشر دولارات من فضلك .,neutral
15878,يبلغ عدد سكان طوكيو حوالي اثني عشر مليوناً . إنها مزدحمة وسعر السكنى مرتفع .,negative
15880,تستطيع إجراء اتصال مباشر من غرفتك .,neutral
15881,كم تتقاضى كرسم إضافي لاستخدام مرة واحدة ؟,neutral
15883,غير مثلج من فضلك .,neutral
15885,كم من الوقت الزائد قبل أن نبدأ ؟,neutral
15890,هل هذا الكريم للبشرة الجافة أم للبشرة الدهنية ؟,neutral
15893,معذرة . لقد ضللت الطريق .,negative
15894,حسناً . كنت أفكر في سوشي . ماذا عنك أنت ؟,neutral
15895,أريد الاشتراك في جولة الغد الاختيارية .,neutral
15896,أجل . إنها مشكلة تخلص من الفضلات .,negative
15897,أريد هذا الطراز لخمسة أماكن مرصعة .,positive
15898,هل تعطيني تخفيضاً إذا قمت بشرائهم جميعا ؟,neutral
15899,لدي معظم العائلات مصدرين للدخل .,neutral
15902,"آه . هذه الفضية نادرة "" القمر والجرس "" . هل تريد أن تغيرها أكيد ؟",neutral
15903,هل لي بعبوتين من اللبن كل منها ربع جالون ؟,neutral
15904,سنمكث طوال الليل .,neutral
15905,أريد استئجار سيارة .,neutral
15906,يوافق الثالث من نوفمبر عيد الثقافة .,neutral
15907,أبحث عن قميص لبنت عمرها عشر سنوات .,neutral
15908,لقد فقدت جواز سفري .,negative
15910,أجل ، معي هؤلاء .,positive
15911,أمي وأختي قادمتان من اليابان لرؤيتي . سيصلان هنا حوالي السابعة مساءً .,neutral
15916,ضع السماعة مرة من فضلك .,neutral
15918,النجدة .,neutral
15919,أنت تتقاضى أكثر من الأجرة .,negative
15920,انتظر . ثلاث مربعات سكنية ثم اتجه يساراً ؟,neutral
15922,من البطل ؟,neutral
15925,هل يوجد سوق بالقرب من هنا ؟,neutral
15926,لا أعرف طريقة غلق هذه الستائر .,negative
15928,كيف يمكنني الوصول إلى سنترال بارك ؟,neutral
15929,لقد انفعلت عليه .,negative
15931,أرسلها بالبريد السريع من فضلك .,neutral
15932,من فضلك أرسل هذه كأمتعة لا يرافقها صاحبها .,neutral
15933,كم أجرة الحافلة حتى بوسطن ؟,neutral
15934,مر من هذا الباب واتجه إلى يمينك .,neutral
15935,عليك أن تدفع ثمناً إضافياً للحلو .,neutral
15938,أبحث عن آخرين .,neutral
15939,اسمي هيساي تشيبا . أنا ياباني .,neutral
15940,أريد بعض المسطردة .,neutral
15941,أعطني صندوقاً من هذا الصنف .,neutral
15942,اللون البني محبب هذا العام .,positive
15946,أجل . لكن لدينا كثير من متاجر التجزئة الصغيرة المستقلة في المدن الأصغر وحتى في المنطقة القديمة في وسط طوكيو .,neutral
15947,هل لديكم أي شيء ذا جودة أفضل ؟,neutral
15949,ماذا تزكي لي أن أراه في كيوتو أفضل من أي شيء آخر ؟,neutral
15950,فكرة صائبة . متى تخطط للمجيء ؟,positive
15951,أين تعمل ؟,neutral
15952,هل لي أن أطلب وجبه نباتية ؟,neutral
15955,كم سعر الغرفة ؟,neutral
15958,إنها ليست سيئة لهذا الحد . لكني أفضل أن تكون بها توابل أكثر قليلاً .,neutral
15960,هل لك أن تزكي معجم فرنسي إنجليزي ؟,neutral
15961,شكراً . كم كان جميل أن أراك . مع السلامة .,positive
15962,هل يمكنني أخذ فترة راحة في فندق بالقرب من هنا ؟,neutral
15963,ثمانية عشر دولاراً للطوابع . هذا بيان جمارك للطرد الخاص بك .,neutral
15966,متى سيأتي الطبيب ؟,neutral
15967,حسنا . مقعدان من فضلك .,neutral
15970,هل يوجد أي مشروبات على ظهر المركب ؟,neutral
15971,تبدو السحب جميلة من هنا .,positive
15972,هل يمكنني المساعدة بأي وسيلة ؟,neutral
15973,أريد رؤية الحي المالي .,neutral
15975,أتلقى دروساً في السباحة .,neutral
15976,هل لديكم أي قهوة جاهزة ؟,neutral
15977,لا يكون ممر المطار هذا مزدحماً جداً بعد ظهر الثلاثاء .,neutral
15978,هل هو زاه جدا ؟,neutral
15981,أجل ، دعني أرى . أريد زجاجة نبيذ أبدأ بها .,neutral
15983,"أصلح المصباح , من فضلك .",negative
15984,أريد تغيير الحجز .,neutral
15985,ربما تفقد الحجز إذا نسيت .,negative
15986,أي شخص جيد سيكون مناسباً .,positive
15987,"سنقابلك عند حمام السباحة حوالي الساعة الواحدة , موافق ؟",neutral
15988,كلا . هذا الرصيف مخصص للقطار الذي يسير في الاتجاه المعاكس .,neutral
15989,أين السوق ؟,neutral
15990,شكراً . أقدر اهتمامك كثيراً .,positive
15992,أريد تناول وجبة عشاء بأقل من ثلاثين دولاراً بما في ذلك المشروبات .,neutral
15993,أريد أن تكووا لي هذه الملابس .,positive
15995,مرحباً . قمت بالحجز لهذه الليلة الساعة السابعة . لكنني أريد تغيير الوقت . اسمي سوزوكي .,neutral
15996,هل معك جواز السفر والتذكرة ؟ أنت ترى ، فهذا متجر معفى من الرسوم .,neutral
15997,ما نوع المنتجات التي تناسب البشرة الدهنية ؟,neutral
15998,إنه على وشك البدء .,neutral
15999,ما رأيك في الذهاب إلى دور السينما ؟,neutral
16002,أريد أن صرف شيك سياحي .,neutral
16005,"كلا , نحن لا نقوم بذلك , يا سيدي .",negative
16007,أود قياس بذلة السباق الخاصة بي .,neutral
16009,يمكنك الذهاب سيراً أو عن طريق قطار الأنفاق . وهاك خريطة قطار الأنفاق .,neutral
16011,"ها هو البقشيش , من أجلك .",neutral
16012,"أريد صندلاً , من فضلك .",positive
16014,الأزهار المثمرة . إنها تزهر في الربيع .,positive
16015,"زجاجتي جعة إضافيتين , من فضلك .",neutral
16016,ظننت أنكم أيها الشباب تأكلون الكعك المخبوز فقط .,neutral
16018,"عشرة , من فضلك .",positive
16019,شكراً . من فضلك دعني أعرف متى سنصل هناك . فأنا غريب تماماً عن لندن .,neutral
16020,أسود . هل لك أن تريني زوجا آخرا باللون الأسود ؟,neutral
16021,كم يستغرق الحصول على التبديل وكم التكلفة ؟,neutral
16024,من فضلك أدفئ الغرفة حالاً .,neutral
16026,حسناً . دعني أحصل على تذكرة ذهاب وعودة .,neutral
16027,كيف كانت ؟ هل كانت جيدة ؟,positive
16028,أنهم في العادة عبارة عن تساقط ثلجي خفيف سمكه بوصة أو اثنين .,neutral
16029,في فندق بلازا ، غرفة رقم سبعة صفر اثنان .,neutral
16030,لا أعلم . فأنا حديث عهد بهم جميعاً .,neutral
16031,"أغنيتك جميلة , رائعة .",positive
16032,أنا أقم بتوصيلك حالاً .,neutral
16033,لقد أكلت منذ برهة .,neutral
16034,"ما سعر تذكرة درجة أولى إلى إدنبره , من فضلك ؟",neutral
16036,إنه من دواعي سروري .,positive
16037,هل لديك طوابع ؟,neutral
16038,بالتأكيد . متى تريد اللعب ؟,neutral
16041,متى سيكون الأكثر قربا ؟,neutral
16042,يبدو أن النقود التي أعطيتني إياها ناقصة عشر دولارات .,negative
16043,مرحباً . هل هذه عائلة براون ؟,neutral
16045,"هل لي أن أري تلك القبعة المعروضة في الفاترينة , من فضلك ؟",neutral
16046,لقد اتصلت بالسيد سميث في غرفة رقم اثنان صفر واحد منذ لحظات ، لكن لم يرد أحد . هل لك أن ترى هل لا يزال يقيم هنا ؟,neutral
16048,سيكون مناسباً إذا كان الجو جميلاً غداً .,positive
16049,كم المدة التي تستغرقها من هنا ؟,neutral
16050,لقد طلبت مقعد لغير المدخنين ، لكنني الآن جالس في مقعد للمدخنين .,neutral
16051,حسناً . من فضلك احجز مقعدين على الدرجة الأولى في هذه الرحلة .,neutral
16054,أنت مصاب بالالتهاب الزائدة الدودية .,negative
16058,هل لك أن تجد لي جليسة أطفال ؟,neutral
16060,حقيبة صغيرة بنية اللون . إنها مصنوعة من الجلد .,neutral
16061,أريد واحدة حديثة .,neutral
16062,أيها أنسب : الحافلة أم قطار الأنفاق ؟,neutral
16066,الساعة الثانية وعشر دقائق .,neutral
16067,كاحله متورم .,negative
16068,لقد كنت محظوظاً حقاً لحصولي على تذكرة هذه الليلة . فأنا لم أصل إلى المدينة حتى الساعة الثالثة عصراً .,positive
16069,أحد أقفال النوافذ مكسور .,negative
16070,أعمل في شركة نشر .,neutral
16071,أريد إرسالها عن طريق البريد السريع .,neutral
16073,هل لك أن تتفضل وتملأ هذه ؟,neutral
16074,هل يوجد أي غرف خاصة متاحة في الدرجة الأولى ؟,neutral
16075,هل لي بصندوقي هدايا لهؤلاء ؟,neutral
16080,ما هذا الشارع ؟,neutral
16081,"حيث أنني أحضرت تذكارات كثيراً جداً لأضعها في حقيبة سفري , وددت لو كان لدي حقيبة أو شيء من هذا القبيل .",neutral
16082,هل لك أن تزن هذا الطرد ؟,neutral
16083,"حسناً , سيدي . دعني أعتني بأمتعتك أولاً .",neutral
16086,"نفس الشيء , من فضلك .",neutral
16088,"حسناً , لقد تم تأكيد الحجز الخاص بي , لذلك هل لك أن تنادي المدير , من فضلك ؟",neutral
16089,ماذا تسمون هذا بالإنجليزية ؟,neutral
16091,"ظل سائراً عبر هذا الممر , وستجدها على الجانب الأيمن .",neutral
16094,ليس معي أية نقود .,negative
16098,أريد التأمين على هذا .,neutral
16100,"راجع كل شيء , من فضلك .",neutral
16101,"أعطنا مائدة جميلة قريبة من المنصة , من فضلك .",positive
16103,هل نذهب إلى حانة ؟,neutral
16104,هل لك أن تحضر لي مقاساً أصغر ؟,neutral
16106,صباح الخير . هذا مكتب الاستقبال . هل لي أن أساعدك ؟,positive
16107,إذا كنت ستدخن ، من فضلك انتقل إلى الصفوف من رقم أربعين حتى خمسين .,neutral
16108,هدوء .,neutral
16109,من فضلك اطوي أكمامك .,neutral
16110,إنه لكرم منك أن تدعني أمكث هنا .,positive
16115,هل تذهب هذه الحافلة إلى المطار ؟,neutral
16116,أريد أن أحجز مائدة لثلاثة أفراد .,neutral
16117,"ماذا عن بعد ظهر اليوم , حوالي الساعة الرابعة ؟",neutral
16121,الساعة الثالثة صباحاً .,neutral
16122,في الطابق الخامس .,neutral
16123,أين أبلغ عنها ؟,neutral
16124,هل لديك دورة دراسية للمبتدئين ؟,neutral
16125,أريد عدداً من أقلام الشمع .,neutral
16126,ليس من الضروري تنظيف الغرفة .,neutral
16127,حسناً . تفضل بالدخول .,neutral
16130,"أجل , سيدي . آتي هنا للإفطار كل يوم , من الاثنين حتى الجمعة , قبل الذهاب للعمل .",positive
16133,أليس يوماً جميلاً ؟,positive
16136,من المدير ؟,neutral
16137,"افتح حقيبتك , من فضلك . هذه حبوب دواء ، أليس كذلك ؟",negative
16138,هل لي أن أقوم بالحجز في الثامنة والنصف صباح غد ؟,neutral
16140,لا توجد أية مشاكل .,positive
16141,من فضلك اتصل لي برقم ثلاثة اثنان ستة اثنان تسعة واحد ثمانية .,neutral
16143,السبت غير مناسب لأن علي أن أساعد والدي .,negative
16144,أريد الذهاب إلى أقرب موقف حافلات .,neutral
16146,لقد سرق جواز سفري .,negative
16147,تقدم مع أرز وخضراوات .,neutral
16148,أريد تغيير طلبي .,neutral
16149,"أجل , سيدي . سأحول مكالمتك حالاً . انتظر من فضلك .",positive
16150,أود دعوتك إلى حفلة عيد ميلاد .,positive
16151,حسناً ، عليك الاتصال بي قبل أن تأتي المرة المقبلة .,neutral
16153,أين الميدان ؟,neutral
16154,هل لديكم أي رحلات أخري ؟,neutral
16156,يمكنك أخذهم عند البوابة قبل الصعود على متن الطائرة . من فضلك أرني هذا الإيصال هناك .,neutral
16158,"أجل , يمكننا القيام بخدمتك بداية من السابعة .",neutral
16159,"لا يوجد أي من هذه المتاجر في اليابان . لذا , ماذا عساي أن أفعل ؟",negative
16164,بلى .,positive
16167,من فضلك استلق هنا .,neutral
16169,يالها من خدمة سريعة !,positive
16171,أريد تغيير رحلتي إلى التاسع من أكتوبر .,neutral
16179,وجبة أضلاع لحم خنزير شعبية هنا .,neutral
16181,هل لك أن تخبرني عن ميعاد وصول الحافلة إلى شارع رقم اثنين وأربعون ؟,neutral
16182,"اتجه يساراً عند اللافتة الثانية , من فضلك .",neutral
16183,أين الأشخاص الآخرين ؟,neutral
16186,أي طابق ؟,neutral
16189,بألوان مختلفة ؟,neutral
16191,ربما ستظل ترتفع .,neutral
16193,هل يوجد ميكرويف ؟,neutral
16195,أين مركز المؤتمرات ؟,neutral
16196,درجة أولى ، مقعد لغير المدخنين من فضلك .,neutral
16197,هل يجب أن علي أن ألزم الفراش ؟,neutral
16198,هل لك أن تعيد الإصدار في غضون يوم ؟,neutral
16199,ما هو طبقكم المميز ؟,positive
16200,أنا مع زوجي .,neutral
16203,هل لك أن تريني عددا ً من بطاقات تحقيق الهوية ؟,neutral
16204,فصيلة دمي أيه .,neutral
16205,هل يمكنني أن أنتقل إلى غرفة تطل على المحيط ؟,neutral
16206,"تذكرة ذهاب , من فضلك .",neutral
16210,هل يمكنني الذهاب إلى هناك سيراً ؟,neutral
16211,أي نوع من الغرف تفضل ؟,neutral
16217,من فضلك اتجه يساراً عند التقاطع التالي .,neutral
16218,"أرني , من فضلك .",positive
16219,معذرة . كيف يمكنني الوصول إلى المصرف ؟,neutral
16220,بالتأكيد . تي إيه إن إيه كيه إيه . رقم البطاقة هو واحد اثنان ثلاثة أربعة خمسة ستة سبعة ثمانية . وستنتهي صلاحيته في شهر سبتمبر سنة ألفين وواحد .,neutral
16221,"تغلق , في أي وقت ؟",neutral
16222,هل توجد خدمة نقل بالحافلات إلى متحف فورد ؟,neutral
16224,من فضلك علق الركاب .,neutral
16227,"أجل . اسمك ورقم غرفتك , من فضلك .",neutral
16228,شيكاً سياحياً ، موافق ؟,neutral
16231,كم المدة التي يستغرقه لكي يصل لليابان عن طريق البريد الجوي ؟,neutral
16232,هل سيارات الأجرة تأتي إلى هنا ؟,neutral
16233,ربما يكون مركز التجارة العالمي مكاناً جيداً .,positive
16235,ماذا قال ؟,neutral
16237,ما الزي المتعارف عليه ؟,neutral
16238,حسناً . أراك الساعة الثانية يوم الأحد .,neutral
16240,إنها حقيبة زرقاء صغيرة تحمل ليلا .,neutral
16241,هل يجب علي أن أنتقل لركوب طائرة أخرى ؟,neutral
16243,هل لك أن تخبرين بالرقم الكودي لمنطقة القديس لويس ؟,neutral
16244,أريد عدسات كاميرا تيليفوتوغرافية .,neutral
16245,طبعاً . لقد كنت أتجول السيارة في هذه المنطقة منذ أكثر من عشر سنوات .,neutral
16247,أريد مصباحاً .,neutral
16248,هل يمكنني الحصول على دواء ؟,neutral
16249,أنا مصاب برجفة وغثيان . هل يوجد مقعد أرقد عليه ؟,negative
16250,هل هذا فينيل ؟,neutral
16253,مفتاحي من فضلك . غرفة رقم ثلاثة واحد وأربعون .,neutral
16255,هل لك أن تضع عليها علامة على خريطتي ؟,neutral
16256,أين يجب أن أنتظر ؟,neutral
16257,أين مركز التسوق ؟,neutral
16258,أريد أن أمر بنيويورك في طريقي إلى تورونتو .,neutral
16259,لقد كسر الزمام المنزلق . هل لديك مزيد من نفس النوع ؟,negative
16262,من فضلك حول هذه النقود إلى دولارات .,neutral
16263,"أحصل على مياه صنبور , بثلج .",neutral
16265,هل لديكم أفلام مجانية ؟,neutral
16266,يعتبر أول مواقع للغوص اليوم واحدا من أكثر المنحدرات شهرة في هاواي .,positive
16268,من فضلك انقلني إلى غرفة أخرى .,neutral
16270,أريد ترمومتر .,neutral
16271,هذا ضرب من الدناءة .,negative
16272,يوجد شيء خطأ في المرشح .,negative
16273,أريد القيام بحجز في الساعة السابعة .,neutral
16276,أريد حجز مقعدين لمساء الجمعة .,neutral
16279,هل لك أن تعيد تأكيد رحلتي ؟ هاهي تذكرة الطيران .,neutral
16282,إنه هناك خلف المستشفى .,neutral
16283,كم سعر تذكرة علي الدرجة الثانية لنيويورك ؟,neutral
16284,ما الرواية المثيرة التي تزكيها ؟,positive
16285,لدينا أسبرين .,neutral
16287,لقد جرحت نفسي .,negative
16288,"ضع السماعة , من فضلك .",neutral
16289,كيف أصل هناك ؟,neutral
16290,أريد عينة من بولك .,neutral
16291,هل لديك هذا باللون الأخضر الداكن ؟,neutral
16292,هل لك أن تأخذني إلى كانتربري وتعيدني إلى هنا ؟,neutral
16293,من المفترض أن تأخذ أمتعتك من على سير الأمتعة .,neutral
16296,ما طول المدة التي يقفها القطار هنا ؟,neutral
16297,أنت بحاجة لتناول دواء للمعدة .,negative
16299,هل تكون مفتوحة أيام الأحد ؟,neutral
16301,كم تتقاضى في الشهر ؟,neutral
16302,من فضلك أعطني رأيك بصراحة في هذا .,neutral
16311,هل لي بشوكة أخرى ؟,neutral
16312,شكراً جزيلاً لعطفك .,positive
16314,كم قيمة الرسوم الزائدة ؟,neutral
16315,تنزف لثتي عندما أضغط عليها .,negative
16316,هل لك أن تحتفظ لي بهذا معك ؟,neutral
16318,قمت بلصق بطاقة المطالبة بالأمتعة على غلاف التذكرة .,neutral
16320,السكارى هم أنفسهم في كل بلد .,negative
16321,حسناً . لماذا لا تتحقق من غرفة الحمامات أولاً ؟ سأتحقق وأري إذا ما كانت في المطعم .,neutral
16322,من فضلك أرني واحد أصغر قليلاً .,neutral
16323,أنا جريح وأحتاج لسيارة إسعاف .,negative
16325,من أين يمكنني ركوب السيارة الليموزين لفندق هيلتون ؟,neutral
16326,الماء يتسرب من الماسورة .,neutral
16330,هل لك أن تبعث لي الأشياء التي تركتها ؟,neutral
16332,هل يمكنني إجراء مكالمة من هذا التليفون ؟,neutral
16333,لست متأكداً .,neutral
16334,أريد أن أجرب الطبق الخاص المحلي .,positive
16335,آسف ، نحن لا نبيع تذاكر للمسرح .,negative
16337,أريد أن أرى هذا .,positive
16339,آه ، هذا جميل . ماذا علي أن أصنع ؟,positive
16341,بعد ذلك ، أريد أن ألفت انتباهك لخريطة رقم واحد شرطة ثلاثة .,neutral
16342,هل يوجد أي تغيير في رحلة رقم اثنان خمسة اثنان المتجهة إلى أوساكا ؟,neutral
16344,أريد مد إقامتي هنا ليومين آخرين .,neutral
16346,ما رأيك في هذه الطائرة الورقية المصنوعة في اسكتلندا ؟,neutral
16350,"آه ، هذا ما أريد أن أقوم به الآن . واحد , اثنان ، نم .",neutral
16351,من فضلك غير مقعدي .,neutral
16352,"أريد تموج خفيف لشعري , من فضلك .",neutral
16357,هل هناك حافلة صغيرة ستأتي لتأخذنا من هوليداي إن ؟,neutral
16359,لا بد أن يكون هناك خطأ ما .,negative
16360,طبعاً . ما طول المدة التي تعتقد أنها ستستغرقها ؟,neutral
16361,أستطيع أن أعطيك كمادة ، لكنني أقترح أن تذهب للطبيب لتحصل على صورة بالأشعة السينية .,neutral
16362,من فضلك كن على راحتك ومدد رجلك .,positive
16363,"أنت محق فأنا أعرف , لماذا لا نذهب إلى هناك سوياً ؟",neutral
16365,لدينا جمبري رائع جداً اليوم .,positive
16366,حدث كله فجأة . لذلك لم أر وجوههم .,neutral
16367,شكراً . هل يمكنك إعداد السلطة ؟,positive
16368,هل يمكن توصيلها لهذا العنوان ؟,neutral
16370,"آه ، واحدة أخرى , من فضلك . ربما رمشت بعيني .",negative
16371,إلى أي ساعة متأخرة تظل مفتوحة ؟,neutral
16374,"أحضر لي طبقاً , من فضلك .",neutral
16376,أستطيع أن أتحدث الإنجليزية قليلاً .,positive
16377,حسناً ، لا أحب هذا اللون . هل لديك هذا باللون الأزرق ؟,negative
16378,من فضلك أخبرني بعنوان المراسلة عليك في حالة الطوارئ .,neutral
16379,أنا متأكد من ملأ خزان البنزين عندما أعدت السيارة .,neutral
16380,المنزل يبدو مريحاً للإقامة فيه .,positive
16387,متى تغادر هذه الطائرة ؟,neutral
16388,هذا لحقت به أضرار .,negative
16389,أجل ، حسناً .,positive
16391,لنذهب مرة أخرى .,positive
16392,"تذكرتين لهذه الليلة , من فضلك .",neutral
16395,للمدخنين أم لا ؟,neutral
16397,هل تبيع بضائع معفاة من الضرائب ؟,neutral
16398,لقد جرحت رأسها .,negative
16399,هل هذه هي ناقلة الأمتعة لرحلة رقم سبعة واحد أربعة ؟,neutral
16400,سمعت حوالي عشرين دولاراً .,neutral
16401,اسمي نوجوتشي . لقد اتصلت بك من الفندق منذ لحظات .,neutral
16403,إنه غالي جدا بالنسبة لي . ألا يمكنك تخفيض السعر قليلاً ؟,negative
16407,أين السفارة اليابانية ؟ هل تمانع في أن ترسم لي خريطة ؟,neutral
16408,أريد غرفة تطل على منظر جميل .,positive
16409,أنا جاهز صباح الأربعاء أو بعد ظهر الجمعة .,positive
16410,هل هو قريب من محطة قطار الأنفاق ؟,neutral
16413,لم أقم بالحجز .,neutral
16414,حافلة ؟ أعتقد أنك تقصد سيارة ليموزين لتقلك إلى الفندق . إلى أي فندق أنت ذاهب ؟,neutral
16415,هل لك أن تلتقط صورة لي ؟,neutral
16417,أريد سحب أربعمائة دولاراً من حسابي .,negative
16418,سأصل في غضون عشر دقائق .,neutral
16419,ما هي الساعات التي يفتحون فيها ؟,neutral
16421,"هذا هو السيد سوزوكي يتحدث , أريد أن أسأل عن الحجز بالفندق .",neutral
16423,كم المدة التي ستمكثها في ألمانيا ؟,neutral
16425,هل يمكنني أن أتلقي درساً خصوصياً ؟,neutral
16428,يحتوي هذا الفيلم على مشاهد عنف كثيرة لا تتناسب مع الأطفال . ينبغي أن يتم حظر مشاهدته .,negative
16431,هل لك أن تجعل الترموستات أكثر دفأ من فضلك ؟,neutral
16432,من فضلك عدل خطة بعد الظهر ؟,neutral
16434,لأن الصيف في اليابان عادة ما يكون شديد الحرارة ، ولم يكن لدينا تكييف هواء قديماً .,neutral
16435,شكراً . من فضلك اصعد ثم أحضر الباقي فيما بعد .,positive
16438,من فضلك أنزلني عند الشارع الخامس .,neutral
16439,كم المدة يستغرقها الوصول إلى المطار ؟,neutral
16440,أريد علاجاً للبثرات .,negative
16442,أريد القيام بحجز في تمام الساعة السابعة .,neutral
16444,هل لك أن تستدعي لي سيارة أجرة الساعة الثامنة صباح غد ؟,neutral
16445,هل لديك أفلام جنسية ؟,neutral
16447,هل توجد قائمة طعام يابانية ؟,neutral
16451,لقد تعطلت سيارتي .,negative
16453,إنه مريب .,negative
16459,سقط صديقي من أعلي الجرف .,negative
16460,"أنا سعيد بمعرفتك , يا سيدي .",positive
16461,كم كانت تكلفة المكالمات الهاتفية إلى اليابان ؟,neutral
16463,لا أستطيع الدخول .,negative
16465,لماذا لا ننتظر الحافلة تحت التندة ؟,neutral
16467,متى ستكون متاحة ؟,neutral
16468,معذرة . أعتقد أن مقعدي بجوار مقعدك .,neutral
16470,ها نحن قد وصلنا . هذا هو المتحف البريطاني .,neutral
16472,مرحباً . هاهي قائمة طعام .,neutral
16475,أريد تلميع حذائي .,neutral
16477,تعالى ، كينجي . دعني أريك أرجاء المكتب .,neutral
16478,أجل ، إنها مفتوحة من التاسعة حتى التاسعة .,neutral
16479,كانت كالحلم .,neutral
16480,الساعة الثالثة .,neutral
16481,أنا آسف لأنني لا أستطيع قبول الدعوة لارتباطي بموعد آخر .,negative
16483,حتى أي ساعة متأخرة يمكننا استخدام المرافق ؟,neutral
16484,لا أستطيع النوم جيداً أثناء الليل .,negative
16485,لقد تركت حقيبة اليد الخاصة بي في مكان ما .,negative
16486,ما القائمة التي توصي بها ؟,neutral
16487,كيف أثر الركود على الشركة ؟,neutral
16488,هل يشمل رسم الخدمة والضريبة ؟,neutral
16489,سأذهب إلى البوابة على الكرسي المتحرك الخاص بي .,neutral
16492,أشعر بتحسن كبير الآن . شكراً جزيلاً على كل شيء .,positive
16493,أين يمكنني إصلاحها ؟,neutral
16494,كلاً ، ليس بعد . لكنني أود الذهاب هناك ذات يوم .,positive
16495,لدي موعد آخر .,neutral
16496,هل لي بشيء أقرأه ؟,neutral
16499,أريد تحديد موعد لتجفيف شعري في الساعة الثالثة .,neutral
16501,كم من الوقت يستغرق الوصول إلى هناك ؟,neutral
16502,الجو بارد . ربما سأطلب بطانية أخرى ؟,negative
16503,هل هذا الخط يذهب إلى سان دييجو ؟,neutral
16504,ما المدة التي يستغرقها للوصول لليابان عن طريق البريد البري ؟,neutral
16505,اتجه يساراً بعد أن تجتاز كوبري المشاة هذا .,neutral
16507,لهذا ، هل هذه الشروط مقبولة ؟,neutral
16508,لا أستطيع تحمل المزيد من هذا .,negative
16509,قدح جعة خفيفة ، من فضلك .,positive
16511,أريد علبة سجائر .,neutral
16516,هل لي بخريطة لطرق المدينة ؟,neutral
16517,كثير من حالات الإصابة بالبرد منتشرة هذه الأيام .,neutral
16519,من فضلك سخن الطبق مرة أخرى .,neutral
16520,هل ينبغي أن ألبس رابطة عنق ؟,neutral
16522,أريد شامبو للشعر الجاف .,neutral
16524,كيف يمكنني الوصول إلى فندق واني ؟,neutral
16527,أخشى أنك أتيت إلى المائدة الخطأ .,negative
16528,أريد دراسة الطب .,neutral
16529,لا زلت تدين لي بدولار وسبعين سنتاً .,negative
16531,هل توجد أي تعليمات عناية ؟,neutral
16535,حسناً . سأطلب نبيذ تشابليس . وأنت ، يا جين ؟,neutral
16536,هذا بعينه ما كنت أبحث عنه .,positive
16537,كلا ، الحقائب الجلدية أعلى . هذه جلدية . ثمنها مائة وخمسة وسبعون دولاراً .,neutral
16540,نحن مهتمون بالأثاث .,positive
16541,هل لك أن تزكي مطعماً جيداً ؟,neutral
16542,لا أفهم شرحك .,negative
16544,هل تبيع مداد أقلام حبر ؟,neutral
16545,كلا ، لن نفعل . يجب أن أذهب إلى المنزل قبل السابعة .,neutral
16546,كان يجب تدبير وسيلة مواصلات . ذاهبة إلى بوسطن .,neutral
16547,أين أفضل مكان لمشاهدة المعالم ؟,neutral
16548,انتهت المباراة .,neutral
16549,هل لديك اللون الفضي الخالص من هذا ؟,neutral
16550,يبدو أنني فقدت بطاقة الماستر كارد بينما كنت أتسوق هنا .,negative
16551,كلا ، شكراً . أنا نعسان الآن .,neutral
16552,أنا أواجه متاعب . من فضلك ساعدني .,negative
16553,في أي الطوابق توجد الملابس الرجالي ؟,neutral
16554,لقد أصيبت يدي اليمنى بحروق من المياه الساخنة في الوعاء .,negative
16557,كيف يمكنني الحصول على التذاكر ؟,neutral
16559,اسمي كامي . لدي حجز هنا لمدة ليلتين .,neutral
16560,أسرع إلى المطار ، من فضلك .,neutral
16561,أنا لا أجيد اللغة الإنجليزية .,negative
16562,أنت لطيف جداً .,positive
16563,سنستقل قطار الأنفاق ، لكن علينا إحضار تذكارات أولاً .,neutral
16567,لقد نشلت . كان معي حوالي مائتا دولار في المحفظة .,neutral
16569,أجل . تحت المقعد .,neutral
16571,أين أقرب متجر أغذية صحية ؟,neutral
16572,كلاً . فيما بعد ، من فضلك .,neutral
16573,أشعر بقشعريرة برد .,negative
16576,هل هي متينة ؟,neutral
16577,لقد استمتعت كثيرا .,positive
16580,ما هي أوصاف الفاعل ؟,neutral
16581,حسنا إذاً ، أريد عصا مضرب أصغر كتلك التي مع جوليا روبرتس .,neutral
16584,أين مكان هذا المقعد ؟,neutral
16585,هناك الكثير من المناطق التاريخية .,neutral
16586,هل لك أن تأخذ هذا ، من فضلك ؟,neutral
16587,أين أفضل مكان يمكنني زيارته مع صديقي ؟,neutral
16588,كلا ، لا . أود أن أراك .,neutral
16589,هل لها ضمان ؟,neutral
16590,حسناً . يمكنني أن أناولها لك .,positive
16591,أين أقرب متجر من هنا ؟,neutral
16593,متى سنصل ؟,neutral
16595,إذاً ، سر عبر القناة الخضراء .,neutral
16598,ما هي أسعار الأطباق اليوم ؟,neutral
16599,هل لك أن تحول فرنكات فرنسية إلى جنيهات إسترلينية ؟,neutral
16601,الركاب المسافرون على خطوط إيه بي سي الجوية رحلة رقم سبعة صفر ثلاثة المتجهة إلى طوكيو التفضل بالتوجه إلى بوابة رقم عشرين لإنهاء الإجراءات الرسمية .,neutral
16606,أين يمكنني آخذ أمتعتي من على متن رحلة الخطوط الجوية اليابانية رحلة رقم واحد وعشرين ؟,neutral
16607,أين موقف الحافلات ل بي ؟,neutral
16608,حساب ست مشروبات هو عشر دولارات وخمسون سنتاً سيدي .,neutral
16609,آه ، أنا آسف . ربما كان في ذهنك مكان ما . أين كنت تريد أن تذهب ؟,neutral
16610,هل لي أن آخذ طلبك ، سيدي ؟,neutral
16611,هل يمكنك أن تؤمن على هذا الطرد ؟,negative
16612,ما نوع تسريحة الشعر المحببة في الولايات المتحدة الأمريكية الآن ؟,neutral
16614,ما هو حجر البخت ليونيو ؟,neutral
16615,هل أنت مصاب بالحصبة .,neutral
16618,هل تحب الموسيقى ؟,neutral
16620,حمام ، فيضان .,negative
16623,أجل ، لقد قبلني دكتور جونسون أمس .,positive
16624,هل تعرف أين ستقام ؟,neutral
16626,هل لك أن تشرح لي كيفية إغلاق الباب ؟,neutral
16629,أريد تلقي درس على جهاز تنفس الغطاسين .,positive
16632,أين صنعت هذه أساساً ، ومنذ متى ؟,neutral
16634,أين يجب أن اتركها بعد أسبوع ؟,neutral
16636,إنني أفهم . أنت تدفع رسماً زائداً فحسب .,neutral
16640,مرحباً . أريد أن أطلب قهوة ووجبة سندوتشات سريعة .,neutral
16642,اللعنة . لقد توقفت عند نقطة تفتيش أمنية مرة أخرى .,negative
16643,الدخول فرداً فردا ، ً من فضلكم .,neutral
16644,سر في خط مستقيم ، وستجدها إلى يسارك .,neutral
16645,كاحلي يؤلمني .,negative
16646,أشعر بدوار بسيط .,neutral
16647,يبدو أنه يستمتع بالرحلة .,positive
16648,ما الحافلة التي كنت على متنها ؟,neutral
16651,هل لك أن تزكي فيلماً كوميدياً ؟,neutral
16652,حسناً ، ما رأيك في هذا الحزام المصنوع من جلد الماعز ذا الجودة العالية ؟,neutral
16653,من أين يمكنني شراء مفارش مائدة ؟,neutral
16656,أنها على هذه الورقة .,neutral
16658,هل لي أن أحصل على تقرير طبي وإيصال من أجل التأمين الخاص بي ؟,neutral
16659,أريد القيام بحجز في الفندق ، من فضلك .,neutral
16662,من فضلك انتظر لحظة . سأذهب وأسأله .,neutral
16663,أنزله عند فندق بيج ، من فضلك .,neutral
16668,ما سعر أرخص مقعد ؟,neutral
16670,مقاعد متقاربة من بعضها قدر الإمكان ، من فضلك .,neutral
16672,لن ينفتح الباب .,negative
16676,هل لك أن تسمح بالتقاط صورة لك معنا ؟,neutral
16678,هل لديك سمك مقلي ؟,neutral
16679,هل يمكنني استئجار مرشداً يتحدث اللغة اليابانية ؟,neutral
16680,أيهما تعتقد أنها أفضل كهدية لصبي عمره ثماني سنوات ؟,neutral
16681,تعني في نطاق المدينة ؟,neutral
16682, وان بلو بليت سبيشال  . هل أعددته ؟,neutral
16683,هل لديك خرائط لمنطقة وسط المدينة ؟,neutral
16684,هذا علي .,neutral
16685,لقد أتيت لأقول لها مرحباً فحسب .,neutral
16687,من فضلك املأه عندما تعيد السيارة .,neutral
16688,بما توصي ؟ لا أعرف ماذا يصلح لأنني لست مدخنا .,negative
16689,كم طول المدة التي تريد أن تستخدمها فيها ؟,neutral
16690,هل لك أن تنادي أحداً يتحدث اللغة اليابانية ؟,neutral
16692,أريد وجبة عشاء تتكلف في حدود أربعين دولاراً للفرد .,neutral
16696,هل تريدني أن ألتقط لك صورة ؟,neutral
16697,يبدو أنها سرقت .,negative
16700,خبز محمص وفنجان قهوة ، من فضلك .,positive
16702,اسمك وعنوانك ، من فضلك .,neutral
16705,مرحباً . هل يمكنني مساعدتك ؟,positive
16708,في حدود الثامنة وخمسين دقيقة ، إذا لم يكن لديك مانع .,neutral
16709,لم يكن لدي هذا الطبق .,negative
16710,هل توجد أية مرافق للمعاقين ؟,neutral
16712,هل سيبقى أثر الجرح على جلدي ؟,negative
16714,نحن نستخدم عيدان الأكل لتناول الوجبات .,neutral
16716,تقام الحفلات البهيجة تحت الأشجار المثمرة .,positive
16717,لقد وصلت على خطوط يانايتد إيرلاينز رحلة رقم خمسة أربعة ثلاثة .,neutral
16718,لقد قطع إصبعي . هل يوجد مطهر ؟,negative
16719,أنني ليشرفني كثيراً أن أقابل رجلاً رائعاً مثلك .,positive
16720,السيد إينشتاين ، هل لي أن أطرح عليك سؤالاً عن سعر الصرف ؟ أنا لا أفهم كيف تستطيعون اتهام اليابان بممارسات تجارية جائرة على هذا النحو المطلق .,negative
16721,متي يمكننا ضرب كرة الجولف ؟,neutral
16722,سنأتي ونأخذك من أمام الفندق .,neutral
16723,هل يمكنني الحصول على طابع فئة خمسة وتسعين سنتاً ؟,neutral
16724,دعني أقيس درجة حرارتك . هل لديك شهية للطعام ؟,neutral
16728,أجل ، لحظة واحدة ، من فضلك . يوجد مقعد شاغر في المؤخرة ، لذلك يمكنك الانتقال إلى هناك .,neutral
16729,كيف أصل إلى هذا العنوان ؟,neutral
16735,هل لك أن تحجز لي غرفة ؟,neutral
16736,سأكون هنا الساعة الثامنة إلى الربع .,neutral
16737,سآخذ مقعداً في القاعة الرئيسية .,neutral
16738,أريد شيئاً أرخص قليلاً .,neutral
16739,إنه ضيق قليلاً .,neutral
16740,إنهم يقولون إنها على وشك سقوط الجليد .,neutral
16741,شكراً لك . أتمنى لك إقامة سعيدة .,positive
16743,السوشي عبارة عن كرة أرز بيضاوي الشكل صغيرة مغطى بشرائح سمك نيئ أو محار .,neutral
16744,أخشى أنني لن أستطيع الحصول على الموافقة على بطاقة الائتمان هذه .,negative
16746,أريد عطراً .,neutral
16747,هل لي بجدول مواعيد ؟,neutral
16750,سأقيم حفلاً . أتمنى أن تأتي .,neutral
16751,هل ستذهب إلى المدرسة هنا ؟,neutral
16753,هل تريد مكانا للمدخنين أم لغير المدخنين ؟,neutral
16754,هل لك أن تخبرني قيمة المبلغ ؟,neutral
16755,"كلا , أنا أنظر فقط .",neutral
16758,كم كان ثمنها ؟,neutral
16760,هل فندق هيلتون بعيد عن هنا ؟,neutral
16761,أريد الاتصال بمرشدنا . هل لك أن تدلني كيف أجري اتصالاً ؟,neutral
16763,من فضلك افحص سيارتي .,neutral
16766,سأقوم بذلك . شكراً على مساعدتك .,positive
16767,عشرون دولاراً فئة الربع دولار من فضلك .,neutral
16768,هل تعرف أي مطاعم تفتح حتى وقت متأخر ليلاً ؟,neutral
16769,أنا متأكد أنني وضعتها في محفظة الأوراق الخاصة بي .,neutral
16770,ارفعوا أيديكم .,neutral
16771,هل يوجد مطعماً يمكنك أن تزكيه بالقرب من هنا ؟,neutral
16773,"أيهما تفضل , داكن أم فاتح ؟",neutral
16775,أن آسف . لم أفهم معنى إشارة المرور هذه .,negative
16776,هل تفتحون أربع وعشرين ساعة ؟,neutral
16777,لست متأكداً أي الحافلات تذهب إلى وول سترييت .,neutral
16778,هل هذه الحافلة تقف بالقرب من جرين بارك ؟,neutral
16781,هل لك أن تخبرني عن مكان تحليق الطائرة الآن ؟,neutral
16784,هل لك أن تجد لي مقاساً يناسبني ؟,neutral
16785,شكراً . سآخذ زجاجة أخري من فضلك .,positive
16786,هل لك أن تزكي لي أي من وكالات السياحة ؟,neutral
16787,ثلاث كؤوس جعة براميلي من فضلك .,positive
16788,هل أنت مصاب بالحمى ؟,neutral
16789,أي نوع من حقائب السفر ؟,neutral
16790,أريد دلواً .,negative
16792,يبلغ إجمالي الأجرة خمس وتسعين ألفاً وتسعمائة وثلاثين ين .,neutral
16793,تذكرة نزول وركوب طائرة أخرى من فضلك .,neutral
16794,الزيارات الطبية المنزلية للغرفة مرتفعة الثمن . من فضلك استخدم غرفة الكشف بالفندق .,negative
16795,سر قدما في هذا الطريق واتجه يميناً عند التقاطع . يقع الفندق هناك .,neutral
16796,أين يوجد مكان لطيف لقضاء نزهة ليوم واحد ؟,positive
16797,أريد ساندويتش لحم بقري مشوي .,neutral
16798,"أنا لست الشخص المسئول عن القفازات , من فضلك اعتني به .",negative
16799,أريد حقيبة كيلي حمراء نفس هذا الطراز .,positive
16801,معذرة . كيف يمكنني الوصول إلى كنسية يونيون ؟,neutral
16802,من فضلك اطلب منها أن تتصل بي عندما تدخل .,neutral
16803,حوالي عشر دقائق سيراً .,neutral
16805,هل ستزال تعمل جدول المواعيد ؟,neutral
16806,متى سنصل شستر ؟,neutral
16810,متى يفتح المصرف ؟,neutral
16811,أشعر بالإعياء .,negative
16812,معذرة ، لكن هذا لا يبدو صحيحاً .,negative
16813,نفد الوقود من سيارتي .,negative
16814,"مرحباً , هذه غرفة رقم واحد ثلاثة وعشرون . أريد بطانية من فضلك .",neutral
16816,من فضلك احجز مائدة لأربعة أفراد الساعة السابعة . اسمي ساكاتا .,neutral
16819,سأرتبك . هل تمانع في رسم خريطة لي ؟,negative
16820,لا أعتقد أن لديهم المزيد ، لكنني حصلت عليها من الشارع الثالث .,neutral
16822,بالخارج .,neutral
16824,من فضلك زكي متجراً .,neutral
16825,سيبدأ التوقيت الصيفي غدا في الولايات المتحدة ، إذا كنت متذكرا بشكل صحيح .,neutral
16827,هل لك أن تحتفظ حقائبي هنا حتى الرابعة ؟,neutral
16828,هل أخبرتني عن مكان أتناول فيه الطعام بتكلفة اقتصادية ؟,neutral
16829,خذني إلى المستشفى .,negative
16830,لقد فاتتني محطة .,negative
16832,الحادية عشر وأربعون دقيقة مساءً .,neutral
16833,هل يجب أن آتي إلى المستشفى كل يوم ؟,neutral
16834,أريد مياه معدنية .,negative
16837,معدتي تؤلمني .,negative
16838,يبدو أن مكيف الهواء لا يعمل .,negative
16839,كم أجرة البريد لإرسال هذا الخطاب إلى اليابان ؟,neutral
16842,أريد زجاجة من نبيذ شيري الأسباني .,neutral
16843,أين يقدم العشاء ؟,neutral
16845,هل تريد أن تقول أن تمثال الحرية يستحق الذهاب لمشاهدته ؟,neutral
16846,طوكيو صفر ثلاثة اثنان أربعة ستة صفر خمسة سبعة تسعة .,neutral
16847,هل لي أن أطلب كأس نبيذ ؟,neutral
16848,كانت رائعة .,positive
16850,لم أستطع فهم ذلك . لقد قال كلاماً كثيراً جداً .,negative
16851,ضعهم في الثلاجة بأسرع ما يمكن .,neutral
16852,أين أقرب متجر ملابس ؟,neutral
16855,ما هي الأوراق الضرورية لإقامة دعوى قضائية ؟,neutral
16857,أقترح أن تأتي في مايو أو أكتوبر حيث إنهما أفضل فصول العام .,positive
16858,يوجد بهذا المتجر متعدد الأقسام أفضل تشكيلة في المدينة . أنا متأكد أنك تستطيع أن تشتري السجادة التي تبحث عنها .,positive
16859,أحبها حيث إنني كنت أريد زيارتها منذ وقت طويل .,positive
16863,أريد مقعد بجوار الممر وقريب من مخرج الطوارئ .,neutral
16865,أنا مبلل بالعرق .,negative
16866,أجل ، ماذا تريد أن تغير ؟,neutral
16867,أجل . هل لي أن أرى بطاقة هوية الطلاب الخاصة بك ؟,neutral
16868,يتصادف أن يكون الثالث والخامس من مايو أعياد قومية . لذلك قررنا أن نجعل ثلاثة أيام عطلات بإضافة الرابع من مايو .,neutral
16869,هل تريد أن يأتي أحد ليأخذك من المطار ؟,neutral
16870,لم يأت طعامنا بعد .,negative
16871,هل لك أن تزكي حفلة موسيقية ؟,neutral
16872,سيبدأ الصعود على متن الطائرة الساعة الرابعة والنصف لذلك من فضلكم كونوا هناك قبل هذا الموعد .,neutral
16875,"ثمنها خمس وثمانون سنتاً . لا تنس أن تحصل على تذكرة التغيير من حافلة لأخرى عند الركوب , حتى لا تكون بحاجة لأن تدفع مرة أخرى حينما تغير بين الحافلات .",neutral
16877,مكالمة إلى اليابان والحساب على الطرف الآخر من فضلك .,neutral
16878,من ثلاثين ألف ين .,neutral
16879,من أين يمكنني شراء بطاقة هاتف ؟,neutral
16880,يوجد شيء ما خطأ في عداد اللقطات .,negative
16881,سيكون كلا المطاران بالتأكيد بمثابة نوافذ جديدة لتعزيز الاتصال بين الناس في الدول الأخرى .,positive
16883,متى يفتح المتجر ؟,neutral
16884,خذ خط إي إلى الشارع الرابع ثم غير إلى خط إف .,neutral
16886,يذهب كثير من الأطفال إلى المدرسة الإعدادية حتى يدخلوا مدارس ثانوية وجامعات أفضل .,neutral
16887,إنها عبارة عن مستلزمات آلات تصوير . إنها سهلة الكسر جدا .,negative
16888,هل يمكنني إعادتها في مدينة مختلفة ؟,neutral
16889,أخطط للبقاء لمدة اثنا عشر يوماً .,neutral
16890,أنا ذاهب إلى نيويورك في عمل .,neutral
16891,سعر الثلاث دقائق الأولي عشرة سنتات .,neutral
16893,من فضلك اجعل الجزء العلوي أطول قليلاً .,neutral
16895,أين المغسلة التي تعمل بالنقود المعدنية ؟,neutral
16896,تحتاج لرؤية أخصائي .,neutral
16899,بضع دقائق أخرى من فضلك .,neutral
16903,ما المعروض في الأوبرا الليلة ؟,neutral
16904,مسار رقم أربعة عشر .,neutral
16906,أتناول هذا الدواء كل ست ساعات .,neutral
16907,هل يمكنك أن ترسل هذا بالبريد ؟,neutral
16909,قاع البحر مغطى بالمرجان .,negative
16910,أريد إجراء مكالمة على حساب الطرف الآخر .,neutral
16911,آه ، عندك ؟ بالتأكيد إن لديك تشكيلة كبيرة .,positive
16913,كم تتقاضى للياردة ؟,neutral
16915,بالطبع يمكنك . من فضلك افتحها .,positive
16916,استدر .,neutral
16917,هل كلنا سندخل في نفس الوقت ؟,neutral
16918,"سر قدما في هذا الشارع , ثم اتجه يساراً عند الناصية الثانية وستجدها .",neutral
16919,هل لك أن تحتفظ بمفتاح غرفتي ؟,neutral
16920,يمكنك اللحاق برحلة إيه إن إيه رقم تسع وخمسين والتي ستغادر إلى طوكيو الساعة التاسعة وخمس وخمسين دقيقة وستصل إلى سابورو الساعة الحادية عشر وخمس وعشرين دقيقة .,neutral
16921,طبق المحار الخاص بنا خفيف إلى حد ما .,neutral
16923,"واحدة فئة خمسين , وخمسة فئة عشرين , وعشرة فئة عشرة من فضلك .",neutral
16925,اتجه يساراً عند الناصية الثانية . إنها إلى يمينك .,neutral
16928,لا أستطيع أن أجدها في أي مكان .,negative
16934,تذكرتان درجة ثانية إلى روما .,neutral
16936,هل لديك أي مقاعد شاغرة للندن ؟,neutral
16937,هل يمكنني أن أدفع الآن ؟,neutral
16939,هل لك أن تريني قائمة بأنواع السيارات وأسعارها ؟,neutral
16941,متى يبدأ الصعود على متن الطائرة ؟,neutral
16942,من فضلك أرني مكاني على هذه الخريطة .,neutral
16945,أريد الغوص تحت الماء باستخدام أجهزة التنفس .,neutral
16946,بعضاً لسيدة في منتصف عمرها .,neutral
16948,هل لديك واحداً أزرق ؟,neutral
16949,هذا كينج ستريت .,neutral
16950,اذهب إلى التقاطع الثالث .,neutral
16952,أريد نسخة من تقرير السرقة .,neutral
16953,سدادة حوض الاستحمام لا تعمل .,neutral
16954,هل يوجد متجر ملابس حريمي جيد ؟,neutral
16955,إنها على بعد ناصية واحدة في الشارع .,neutral
16956,عليك تدبير مقعد لي على هذه الرحلة .,neutral
16957,تلك الحقيبة تبدو كحقيبة سفري ، لكنها ليست هي .,neutral
16958,أين يمكنني تحويل نقودي ؟,neutral
16959,إنه مركز للتخفيضات على التذاكر . يمكنك شراء تذاكر بنصف السعر .,positive
16960,هل لك أن تعطيني إشارة بالضوء عندما تكون فيها ؟,neutral
16961,آه ، هذا بعيد نسبياً سيدي . سيارة الأجرة ستتكلف كثيراً . لكن بإمكانك الذهاب إلى أي مكان إذا تعلمت استخدام مترو الأنفاق .,negative
16962,هل هذه السجائر معتدلة ؟,neutral
16964,حسنا . مثل هذه فسحب .,neutral
16966,متى سيبدأ الفصل الدراسي ؟,neutral
16967,سيأتي القطار السريع التالي بعد ساعة .,neutral
16970,سأرسل لك صورة .,neutral
16971,هل يوجد فترة سماح بعد وقت تسجيل الخروج ؟,neutral
16972,هل لك أن تفك هذه إلى عملات ورقية فئة دولار واحد ؟,neutral
16974,كلا . سأتصل به مرة أخرى .,neutral
16976,أود أن أجعل أكمام هذا الجاكت الرياضي طويلة .,neutral
16977,توجد القهوة على المنضدة هناك ، ولذلك عليك بمساعدة نفسك بنفسك .,neutral
16979,أود أن أشذب شعري .,neutral
16981,هذا الطريق يوصلك إلى البحيرة .,neutral
16983,يوضحا هذان الجدولان التغيرات في نصيبنا من السوق .,neutral
16984,فاتتني محطتي . كم من الوقت استغرق لأصل للمحطة التالية ؟,negative
16985,متي يمكنني أن أحصل عليها ؟,neutral
16987,سوف ألتقط صورة بالأشعة السينية .,neutral
16989,من الأفضل أن تحصل على ميعاد من الطبيب .,neutral
16991,لدي حجز لمدة ليلتين . اسم ريسا كوباياشي .,neutral
16992,لدي حجز . هذا هو رقم تأكيد الحجز .,neutral
16994,هل انضممت إلينا في هذه الصورة من فضلك ؟,neutral
16995,أين الدش ؟,neutral
16996,سأذهب إلى نادي اللياقة البدنية . هل يمكن أن استخدم الأجهزة بحريه ؟,neutral
16998,لقد وضعتها هنا بهذه الطريقة منذ حوالي ثلاثين دقيقة ماضية .,neutral
16999,هل يمكنني أن أكل كل حبة الفاكهة هذه ؟,neutral
17001,أيهما أرخص : هذا أم ذاك ؟,neutral
17002,هل يمكنني أن أنتقل إلى مقعد بجوار النافذة ؟,neutral
17003,أود سيارة مزودة بناقل حركة أوتوماتيكي .,positive
17004,من فضلك ، فيلم ملون خمسة وثلاثون مليمتر .,neutral
17005,متي تفتحون ؟,neutral
17006,انعطف لليسار عند تقاطع الطرق ، تي .,neutral
17007,أود مرشد خاص ليوم كامل .,neutral
17009,لثتي تنزف .,negative
17010,لدي تأمين .,neutral
17011,لا ، ليس كثيراً . حقيبتين فقط .,neutral
17012,من فضلك ، أود زجاجة صغيرة من خمر الموزلية .,positive
17013,هذا التكريم أكثر مما استحق .,positive
17014,لماذا لا نتقابل هنا مرة ثانية غداً ؟,negative
17017,ما هو الشيء الذي أنتج محلياً ؟,neutral
17018,تفضل فاتورتك . إنها مائتين وأربعة ثمانين دولاراً .,neutral
17019,هل تودي أن تلقي نظرة على طراز آخر من البلوزات ؟,neutral
17021,إذا لم تكن تتعامل مع هذا المجال ، فهل اقترحت محل متخصص فيه ؟,neutral
17022,هل يوجد فندق قريب من هنا ؟,neutral
17024,هل تعرف أي مطعم أسباني بالقرب من هنا ؟,neutral
17025,كم عدد المرات التي يجب علي أن آخذه ؟,neutral
17026,شكراً على انتظارك . معك أوهنو يتحدث .,positive
17027,عيد ميلادك اقترب .,neutral
17028,ما مقدار الخصم الذي ستقدمه لي ؟,neutral
17029,أري أن الذهاب إلى المتاحف أمر مريح جداً .,positive
17030,توقفت القطارات بسبب الإضراب .,negative
17035,هل يمكن أن أحصل على بعض العصير ؟,neutral
17036,حسناً . لحظة واحدة . سأرسل شخصاً إلى الغرفة بالطابق العلوي .,neutral
17038,هل يمكنك أن تصلح ذلك ؟,neutral
17040,هل توجد لديكم غرفة مفردة لهذه الليلة ؟,neutral
17042,هل هناك أي منحدرات تزحلق للمبتدئين ؟,neutral
17046,اثنان ، ستة ، تسعة ، واحد ، صفر ، خمسة ، واحد . الرقم الكودي للمنطقة هو صفر ، ثلاثة .,neutral
17049,أري أن لديك غرفة معيشة جميلة .,positive
17050,معذرة ، لا نقبل هذا . نأخذ فيزا .,negative
17052,أوصي بذلك .,positive
17054,هل مسموح أن آخذهم معي خارج البلاد ؟,neutral
17055,أريد مزيد من الوقت لكي أجهز حقائبي .,neutral
17056,طلبت من آن أن تغني أغنية .,neutral
17058,أود أن أحجز منضدة الساعة السادسة مساءاً ، يوم الخميس ، السابع من أغسطس .,neutral
17062,ما هو برنامج اليوم ؟,neutral
17063,"ياه , هل سنرتطم بالقاع ؟",negative
17067,شيري ، من فضلك .,positive
17068,كان الشارع مزدحماً بالسيارات .,neutral
17069,هل من الممكن أن ترشح مطعما صينيا جميلا قريب من هنا ؟,neutral
17070,كم يتكلف الذهاب للمطار ؟,neutral
17071,أريد أن أغادر . الغرفة رقم اثنان ، ثلاثة وستون .,negative
17072,لقد حجزت غرفة بحمام عن طريق المكتب السياحي في طوكيو .,neutral
17073,ما المبلغ الذي كان يأخذه ؟,neutral
17074,ما رأيك في ذاك ؟,neutral
17077,هل يمكن أن أحصل على مُلين للأمعاء ؟,neutral
17078,هل يمكن أن تدلني على الطريق إلى محطة المترو ؟,neutral
17079,إنه المبنى الثاني على يسار هذا المبني الأبيض .,neutral
17087,هذا التصريح أقل من الحقيقة جدا .,negative
17088,أريد أن أبقي يوماً آخر .,positive
17091,أين قسم المفقودات ؟,neutral
17093,اسمح لي .,neutral
17094,حجزنا مقعداً ليوم الخامس والعشرين من أكتوبر في الساعة الحادية عشر صباحاً .,neutral
17097,لا . قليلاً في الأمام . هناك ، نعم .,neutral
17098,هل هذا فيلم رعب ؟,neutral
17099,جئت لأقابل صديقي .,neutral
17101,أود جهاز راديو .,neutral
17103,أين مركز التجميل ؟,neutral
17105,"عامل المكالمات الدولية , من فضلك .",neutral
17106,معذرة . سأرحل .,negative
17107,جميع التذاكر من نوع س نفذت .,negative
17108,هل يوجد بنك ياباني بالقرب من هنا ؟,neutral
17110,ما هو رقم البار ؟,neutral
17111,هل وصفت لي بعض من أقراص النوم ؟,neutral
17112,هل يوجد أي شيء مصنوع من القطن ؟,neutral
17113,"أود مقعد في الصالة , من فضلك .",neutral
17115,نعم ، هذا لا يشمل الوجبات .,neutral
17117,أين يمكنني استعادة ثمن هذه التذكرة ؟,neutral
17118,هل يمكن أن تدفع ثمن التكلفة الزائدة وقيمتها خمسون بالمائة ؟,neutral
17120,لماذا يحدث هذا ؟,negative
17122,أود تكبير هذه الصورة إلى أكبر حجم .,neutral
17123,من فضلك ، اضغط على الرقم صفر ثم اتصل بالرقم الذي تريده .,neutral
17125,هل هناك أي قواعد خاصة ؟,neutral
17126,حسناً . ما نوع الغرفة التي تريدها ؟,neutral
17127,هناك عطل في جهاز التكيف .,negative
17132,نعم ، بكل تأكيد .,positive
17133,أود زوج من الأحذية الجلدية .,neutral
17134,أتعتقد أنه من الممكن أن نضعها على الرف هناك ؟,neutral
17135,هل يمكننا الحصول على مرشد يتحدث اليابانية ؟,neutral
17136,"من فضلك أود تذكرتين إلى شيكاغو ذهابا وإيابا , في حافلة المنتدى .",neutral
17138,أين يوجد ديسكو مشهور ؟,neutral
17140,هل يمكنك ضبط الطول ؟,neutral
17144,يا أنت . ماذا تفعل داخل سيارتي ؟,neutral
17149,أريد أن أحصل على استراحة .,positive
17151,سآخذ هذا من فضلك .,positive
17152,يجب على تغيير عدساتي اللاصقة . هذه هي التذكرة الطبية .,neutral
17153,نعم ، أعتقد أنني سأبدأ بحساء الشودر المزود بالأسماك .,neutral
17154,هل أخبرتني قبل أن نصل إلى هذه المحطة ؟,neutral
17155,عجباً . لقد فعلت ذلك أثناء جميع إجراءات الدخول .,positive
17158,لقد تعطلت سيارتي . من فضلك احضر لتأخذها .,negative
17159,لدي حجز لمدة أسبوعين .,neutral
17160,معذرة . ساعاتي لا تعمل بشكل جيد . ولكني متأكد أن الوقت الآن بعد الثانية ، على أية حال .,negative
17162,هل يمكن أن تحتفظ لنا بهذا النبيذ إلي مساء غد ؟,neutral
17163,أريد أن يكون شعري خلف رأسي أطول قليلاً .,neutral
17164,أود أن أحصل على بعض الفكة أيضاً .,neutral
17165,هل يؤدي هذا الشارع إلى سنترال بارك ؟,neutral
17168,لا أستطيع التبول وعندي ألم في الجزء السفلي من البطن .,negative
17169,هل تعاني من أي حساسية ؟,neutral
17171,يزداد عدد السيدات في المناصب القيادية .,neutral
17172,هل يوجد لديكم بطاقة وصول ؟,neutral
17173,ماذا تقدمون مع اللحم ؟,neutral
17174,دعني أنظر .,neutral
17175,دعني أقيس هذا من فضلك .,neutral
17176,هيا بنا نذهب لمشاهدة مباراة تنس .,neutral
17177,ما هي الأنواع التي لديكم ؟,neutral
17178,من فضلك ، أحضر لي وسادة .,positive
17179,أوافق . إنه أحد الأماكن المفضلة لي .,positive
17180,ما هو نوع النموذج الذي تفكر فيه ؟,neutral
17181,لماذا لا نستطيع أن نقيم في الفندق الذي حجزنا فيه ؟,negative
17185,الرقم خطأ .,negative
17192,إن طبق الضلوع متميز جدا اليوم .,positive
17196,إنه يوم الخميس .,neutral
17198,ما هي أشهر مسرحية موسيقية الآن ؟,neutral
17199,هل أجعله يتصل بك عندما يصل ؟,neutral
17204,اسمي ميتشكو تاناكا ، ورقم الرحلة إلى طوكيو هو خمسة ، صفر ، واحد .,neutral
17205,من فضلك أرسل هذا الخطاب عن طريق خدمة التسليم الخاص .,neutral
17209,إن نظام تطوير المنتج لديكم مساير للحفاظ على البيئة جداً .,positive
17212,كل هذه الطعام المليء بالدهون ما زال في معدتي .,negative
17216,من فضلك ، هل رسمت لي خريطة بسيطة من هنا ؟,neutral
17217,أين نتقابل ؟,neutral
17218,من فضلك ، نظم الغرفة .,neutral
17219,هل لديكم نماذج لاستعمله في الفاكس ؟,neutral
17221,لا أستطيع النوم من الألم .,negative
17222,أود تصفيف شعري بالطريقة التي كان عليها من قبل .,positive
17223,كم من الوقت يستغرق الذهاب إلى المحطة ؟,neutral
17224,لم أستخدم خدمة المغسلة لديكم .,negative
17225,أريد بعض وسائل منع الحمل .,neutral
17226,أود أن أكد ثانية على رحلة طيراني يوم الحادي والثلاثين من يوليو المتوجهة من لندن إلى طوكيو . اسم العائلة تاناكا .,neutral
17228,هذا السعر مرتفع جداً بالنسبة لي .,negative
17229,أعطني خمسين ، من فضلك .,positive
17231,بالتأكيد . هل يمكنني أن أعرف اسمك ورقم تليفونك ؟,neutral
17233,كنت في حادثة موتوسيكل .,negative
17236,معذرة إنني مضطر لإلغاء ميعادنا .,negative
17237,أود أن أستأجر شقة مفروشة لمدة شهر .,neutral
17240,عليك أن تفحص النباتات والحيوانات في الحجر الصحي إذا كان لديك أي منهم .,neutral
17242,اجلس مستقيماً .,neutral
17243,أود تغيير خمسين ألف ين ياباني إلى دولارات .,neutral
17244,هل يمكنني أن استلمها أسرع ؟ لأنني احتاجها في أسرع وقت ممكن .,positive
17245,ولد عام ألف وتسعمائة وستين .,neutral
17247,احتاج نصف ساعة على الأقل لإعداد حقائبي .,neutral
17249,هذه المشروبات الغازية مجاناً .,positive
17252,"معذرة ولكنني لا أعرف . فإنني سائح , أيضا .",negative
17253,أريد أن أتحدث معك أكثر .,positive
17254,أود خليط من لحم الخنزير .,neutral
17256,ما مقاسك ؟,neutral
17257,هل يمكنني أن أقيس ذلك ؟,neutral
17258,كما تري ، نحن نعاني من التأثير المباشر من حدوث الكساد .,negative
17260,هل يمكنك أن تجد لي مقعداً في رحلة طيران غدا من فضلك ؟,neutral
17261,بالتأكيد . هل تود خمسة ورقات فئة عشرة دولارات ؟,neutral
17262,أقيم في فندق إيه بي سي . من فضلك اتصل بي هناك .,neutral
17263,فاجئني بالظهور من شارع جانبي ولم يكن لدي الوقت كي أتجنبه .,neutral
17265,سأصطحب ابني إلى حديقة الحيوان .,neutral
17267,سنصل لوس أنجلوس بعد قيادة السيارة لما يقرب من خمسمائة وخمسون كيلو متر من سان فرانسيسكو صوب الجنوب .,neutral
17268,كان من اللطيف جدا أن أقابلك .,positive
17269,نود بطاطس مخبوزة من فضلك . ثم ضع الزبد على الجانب .,neutral
17270,ما تكلفة المعلم ؟,neutral
17271,هل انتهيت ؟,neutral
17272,أين يمكنني أن أقوم بإجراءات الدخول للخطوط الجوية اليابانية ؟,neutral
17273,متي تبدأ الأوبرا ؟,neutral
17276,هذا هو نموذجنا الجديد . نطلق عليه كمبيوتر الأحلام .,positive
17280,ما هي المحتويات ؟,neutral
17284,أريد أن أجرب طبق خاص بميناء الصيد هذا .,positive
17287,هل يمكن أن تحضروا مقعدا آلي ؟,neutral
17288,يمكنك دفع مبلغ مائتين دولاراً بالين الياباني .,neutral
17290,من فضلك أعطني فيلم خمسة وثلاثون مليمتر ، ستة وثلاثون صورة وفيلم أزا بمقاييس الجمعية الأمريكية مائة صورة وفيلم آخر خمسة وثلاثون مليمتر ، عشرون صورة ، وفيلم أزا أربعمائة صورة .,neutral
17292,الحادث أربك المرور .,negative
17293,ما هو السعر الذي تفكر فيه ؟,neutral
17294,هل يمكنهم إرسال هذا الطرد إلى اليابان عن طريق البريد البحري .,neutral
17295,هل هناك أي أماكن في المنطقة تلقي تزكية كثيرة ؟,neutral
17297,حسناً . انعطف إلى اليمين في الناصية القادمة . ستجده أمامك مباشرة .,neutral
17298,أود أن أحجز غرفة في فندق في المدينة .,neutral
17301,لمدة خمسة أيام .,neutral
17302,السويتر الأحمر الذي اشتريته الأسبوع الماضي لا يناسبني . هل يمكن استبداله بلون آخر ؟,negative
17303,أين أقرب دورة مياه هنا ؟,neutral
17304,أين مقعدي ؟,neutral
17305,حسناً . ثلاثة أفلام مقابل تسعة دولارات وسبعة وسبعين سنت .,neutral
17306,ماذا أصابني ؟,neutral
17308,معذرة ، غير مسموح لك .,negative
17309,نعم سيدي . تفضل .,positive
17310,"أحجز هذا المكان لي , هل ستفعل ؟",neutral
17311,من فضلك أعطني بعض الفكة .,neutral
17312,هل هناك أي آثار قديمة ؟,neutral
17313,حسناً . سأتأكد أن حقائبك ستكون هنا .,neutral
17314,"إذا ما قلت فقط كلمة "" مياه "" ، ألا يحضروا لك مياه غازية ؟",neutral
17315,"هذا هو طبقنا المميز , سمك موسى المشوي الخاص بدوفر .",positive
17316,لا أريد أن أتقيئ ، ولكن ليس لدي أي شهية .,negative
17317,أين ؟,neutral
17320,أين أقرب مكتب بريد ؟,neutral
17321,فقدت مفتاح غرفتي . هل أعاده أحد هنا ؟,negative
17322,هل هناك من مرشد يتحدث اليابانية ؟,neutral
17323,إلى ميامي من فضلك .,positive
17324,إنه لأمر صعب أن تحصل على تأشيرة .,negative
17325,كان العمل جيداً اليوم ، أليس كذلك ؟,positive
17326,هل يمكن أن ترسم لي خريطة ؟,neutral
17329,أريد أقرب منضدة من فضلك .,neutral
17330,أين شباك التذاكر ؟,neutral
17331,هل يوجد لديكم شيء أصغر ؟,neutral
17332,حسناً . ما نوع الفاكهة التي تريدها ؟ عندنا برتقال وفراولة وعنب .,neutral
17333,سأتناول قليل من القهوة منزوعة الكافيين .,neutral
17334,هل يمكنني أن آخذ حقيبة في هذا الحجم إلى متن الطائرة ؟,neutral
17335,أود تموج دائم في شعري .,neutral
17336,لا أستطيع أن أصل إلى هذا الرقم .,negative
17339,سنمكث .,neutral
17340,إنني مكتئب حقاً ، ولكن لا أحب الجدال مع الأشخاص .,negative
17341,أين يمكنني أن أجد ليموزين إلى فندق سميت .,neutral
17343,"لا , لم تفعل . الآن نحن في قلب الإعصار الاستوائي . ستبدأ قريباً الأمطار الغزيرة والرياح العايتة .",negative
17344,كيف يمكنني أن أشاهد برامج التليفزيون ؟,neutral
17345,مايو خمسة عشرة وستة عشر ؟,neutral
17349,كان لدي بطاقة ائتمان نقدا مقداره مائتي دولار في حافظة نقودي .,neutral
17350,لقد تعرضت لعملية سلب .,neutral
17353,أود شراء حافظة نظارة جديدة .,positive
17356,حسناً . هل يجب أن أقوم بتركيزها ؟,neutral
17358,هل تعرف فندقاً جيداً ؟,neutral
17359,إنه أستاذ جامعي في جامعة ايه .,neutral
17361,من فضلك ، أحتاج حمال .,neutral
17362,إلى متي سيظل مفتوحاً اليوم ؟,neutral
17366,هل يمكنكم التأكيد علي حجزي لرحلة الطيران يوم الثاني عشر من أكتوبر ؟,neutral
17368,هذا يناسبني .,positive
17372,خذ خمسة دولارات لك .,neutral
17373,إن البيسبول من الألعاب المشهورة جداً .,positive
17374,أريد أن اشتري بعض الفاكهة . ما هو المناسب الآن ؟,neutral
17376,هل يقدمون نبيذاً جيداً في المطعم ؟,neutral
17381,سنتقاسم .,neutral
17383,هل يوجد لديكم حجم أكبر ؟,neutral
17385,أين محطة الأتوبيس المتجه إلى أتوبيسات جريهوند ؟,neutral
17386,معذرة . هل يوجد متجر بالقرب من هنا ؟,neutral
17388,نعم . يجب أن أقول هذا . اليابانيون يقدرون خبرتهم وحكمتهم خاصة في مجالي إدارة الأعمال والأفراد .,positive
17391,المطعم هناك .,neutral
17392,كان الرقم خطأ .,negative
17393,لدينا بعض الاستاكوزة الجيدة جداً اليوم .,positive
17394,لا يوجد لدينا نفس الطراز الآن . سأفحص مخزوننا . انتظر دقيقة من فضلك .,neutral
17395,هل من الممكن أن ألتقط صورة لهذا المبني ؟,neutral
17396,استبدل هذه الورقة النقدية بعملات معدنية .,negative
17398,ويسكي اسكتلندي وماء من فضلك .,neutral
17399,هذا يبدو رائعاً . ما الثمن ؟,positive
17400,هل يتكلم أي شخص هنا الإنجليزية ؟,neutral
17402,اسمي ميوكي كاتو وأنا صديق لماري منذ أن كانت تدرس في اليابان هل ماري هنا ؟,neutral
17405,كم ميلا يبعد المكان عن هنا ؟,neutral
17408,معذرة كيف أذهب إلى المحطة ؟,neutral
17409,أين وحوالي متي ستعود ثانية ؟,neutral
17410,إنها مكسورة .,negative
17411,إنني في حالة جيدة ، شكراً لك .,positive
17412,إنني عضو في جماعة السائحين .,neutral
17413,الرقم هو صفر ، ثلاثة ، ثلاثة ، ثلاثة ، خمسة ، واحد ، ستة ، تسعة ، واحد .,neutral
17414,خذ هذه التذكرة الطبية إلى الصيدلية . يمكنك الحصول على الدواء من هناك .,neutral
17419,هل يمكن أن تريني هذا الخاتم ؟,neutral
17421,مقاس الوسط كبير جداً . هل يوجد لديكم مقاس أصغر من ذلك ؟,neutral
17423,هل يمكنك تقصير أكمام هذا القميص من فضلك ؟,neutral
17424,هل هناك أي مشكلة ؟,neutral
17429,من فضلك احضر لي زجاجتين من الويسكي وزجاجة من البراندي .,neutral
17431,إنني مصاب بحساسية لحبوب اللقاح .,negative
17432,هل هذا الراديو الترانزستور هدية ؟,neutral
17433,بعد أسبوع ، سأعود إلى اليابان .,neutral
17434,يجب عليك أن تتصل بتسعة وواحد أولاً ثم كود المنطقة ثم اتصل بالرقم .,neutral
17438,لقد طلبت ذلك .,neutral
17439,شاي بلبن .,neutral
17442,قص شعر فقط من فضلك .,negative
17443,هل تبيعون بضائع بدون جمارك على متن الطائرة ؟,neutral
17444,لماذا يحدث ذلك ؟,negative
17445,هل يمكن أن أسأل عن اسمك ؟,neutral
17447,هل يوجد بالقرب من هنا محل يقدم خصم ؟,neutral
17448,أعاني من ألم من المعدة .,negative
17449,ولكن لماذا ؟,neutral
17453,"نعم , يمكنك أن تتوقف في أي محطة ما بين هنا وشيكاغو .",neutral
17454,هل هذا قطار مباشر إلى شيكاغو ؟,neutral
17457,اعتقدت أننا ذاهبون إلى الشاطئ بعد الظهر .,neutral
17458,أين أقرب مكتب بريد ؟,neutral
17459,معذرة . هل أنت السيد سميث ، أعتقد ذلك ؟,neutral
17460,من أين يمكنني شراء بعض الهدايا التذكارية ؟,neutral
17465,هذه كاميرا .,neutral
17466,لا أعتقد أنني سيكون لدي الوقت لزيارة حديقة الحيوان في هذه الرحلة . أشكرك علي اقتراحك على أية حال .,neutral
17468,لقد فقدت عدساتي اللاصقة بالقرب من هنا . هل بحثت عنها معي ؟,negative
17470,سأسافر في جميع أنحاء أمريكا وأقيم في فنادق وموتيلات وحانات ومنازل خاصة عديدة ، إذا كنت محظوظاً .,positive
17472,أحتاج إلى لمبة كهربائية جديدة .,neutral
17473,يمكننا الحصول على التغيرات غداً بحلول الساعة الثالثة ظهراً . هل هذا جيداً ؟,neutral
17474,هل يوجد مترو أنفاق بالقرب من هنا ؟,neutral
17475,إنها غالية الثمن . لا أستطيع شرائها .,negative
17476,أين الحي التجاري في هذه المدينة ؟,neutral
17478,أعتقد أنك أخطأت في الحساب .,negative
17480,هل يمكنك تغيير منضدتي ؟,neutral
17482,هل يمكنني أن أحصل على رقم تليفون إيه بي سي والشركة في شيكاغو من فضلك ؟,neutral
17483,لقد حجزت لك الرحلة الجوية اثنان ، صفر ، سبعة التي تغادر غداً الساعة السابعة وخمسون دقيقة مساءاً إلى نيويورك .,neutral
17488,أين الكاتدرائية ؟,neutral
17489,لقد فقدت مفتاح الغرفة ؟,neutral
17491,ورقات فئة العشرين وواحدة فئة العشرة ، والباقي أوراق نقدية فئة الدولار .,neutral
17492,أعتقد أن هذا الإيصال خطأ . هل راجعته من فضلك ؟,negative
17493,معي سبعمائة دولار في شكل شيكات سياحية وثلاثمائة دولار نقدا .,neutral
17494,"إنها أعشاب بحرية مجففة نطلق عليها "" ياكنوري "" .",neutral
17496,كيف تحب أن تأكل البيض ؟,neutral
17497,حوالي خمسة عشرة دقيقة سيراً . ويمكنك الوصول إلى هناك بالمترو أيضاً ، إنه أسرع .,positive
17500,المقاس العادي من فضلك .,positive
17502,لا توجد معي نقود كافية اليوم .,negative
17503,تزداد أعداد الأشخاص المسنين بشكل ثابت .,neutral
17504,يوجد بجانب هذا المبني تحديداً .,neutral
17505,أريد أن أعيد تأكيد رحلة العودة الخاصة بي إلى طوكيو يوم الأربعاء القادم .,neutral
17507,هل يوجد هناك ملعب للتنس بالقرب من هنا ؟,neutral
17509,سيكون عليك أن تنتظر . هل تود الانتظار ؟,neutral
17513,هل عندك جولة كل يوم ؟,neutral
17515,كيف ستكون حالة الجو غداً ؟,neutral
17517,بعض الحلوي أو اللبان ، من فضلك .,positive
17518,هل لدينا وقت أن أذهب إلى دورة المياه قبل الإقلاع ؟,neutral
17519,هل تأتي مع مفتاح ؟,neutral
17520,أحتاج مركب لمنع الغثيان من صنف درامامين .,negative
17522,نعم . جربت ذلك . وأحبه كثيراً .,positive
17523,أحبها كثيراً ولكنني لا أحب التصميم .,negative
17524,أنا ممتن لأن يكون لدي صديق مثلك .,positive
17526,"لا , أعتقد أنهم نسوا أن يحضروا واحدة لنا .",negative
17527,من فضلك اجلس . ما هي المشكلة ؟,neutral
17529,لست متأكداً ولكنني سأبلغها إنك اتصلت .,neutral
17530,هل يمكن أن تحضر لي بطانية ؟,neutral
17531,هل تبيعون جوارب ثقيلة ؟,neutral
17533,متي يغادر آخر أتوبيس ؟,neutral
17534,حسناً . أريد هذا وشراب الجن وشراب التونك .,positive
17535,هل يوجد هناك تليفزيون ؟,neutral
17537,حسناً . لقد تم التأكيد . هل يمكننا أن نأخذ رقم تليفونك في حالة الحاجة إلى الاتصال بك ؟,neutral
17538,ماذا يحدث في الحقائب التي أدخلتها ؟,neutral
17539,"أوه , ليست جاد في فعل شيء مثل ذلك .",negative
17540,أريد شخص يساعدني .,neutral
17542,سأذهب إلى شيكاغو أيضاً .,neutral
17543,هل يوجد لديكم قوائم فئة الخمسة سنتات في هذا الكازينو ؟,neutral
17544,ماذا ستتناول ؟,neutral
17545,ما الذي تتميزون به هنا ؟,positive
17546,متي سنهبط في نيويورك ؟,neutral
17547,"لا , لا شيء .",neutral
17548,ما هو اسم الرسام ؟,neutral
17549,ماذا تريد أن تأكل في الفطور ؟,neutral
17553,أريد معطف طويل .,neutral
17556,لا يجب عليك أن تذهب إلى هناك . أعتقد أن من الممكن أن تلحق بواحد هنا .,negative
17558,إلى فندق بوسطن من فضلك .,neutral
17559,هل أجعله يعاود الاتصال بك عندما يعود ؟,neutral
17560,نظف هذه من فضلك .,negative
17561,الساعة الثانية عشر ظهراً .,neutral
17564,هل أعطيتني التاريخ وأرقام الرحلات الجوية ؟,neutral
17568,هل سيقدم طعام ؟,neutral
17570,أين استراحة الفندق ؟,neutral
17571,قليلاً فقط .,neutral
17572,هل فحصت ذلك سريعا ؟,neutral
17575,هل يوجد لديكم طراز مختلف من هذا ؟,neutral
17577,هذا جاري .,neutral
17578,لذيذ . خذ قضمة .,positive
17582,هل توقفنا عند مقهى ؟,neutral
17583,مائة ين مقابل الدولار .,neutral
17584,الوقوف يؤلمني .,negative
17585,"نعم , يمكننا الحصول عليه منتهياً بحلول مساء غد .",positive
17590,أعاني من حمى القش .,negative
17593,أود أن آخذ هذا .,neutral
17594,بالتأكيد ، تفضل .,neutral
17596,هل توجد هناك أماكن أستطيع فيها أن أشاهد عرض رقصة الهولا وأنا أشرب ؟,neutral
17597,سر تنازلياً في هذا الشارع إلي ثاني تقاطع .,neutral
17598,اسمي تارو تاكاي .,neutral
17599,أريد أن ألعب فترة أطول قليلاً .,positive
17602,هل لديكم طوابع ؟,neutral
17603,أين عربة الطعام ؟,neutral
17604,سنصل بعد ثلاثين دقيقة من الوقت المقرر .,neutral
17605,هذه الغرفة رقم ثلاثة ، سبعة وخمسون . وأريد مزيد من منعم الشعر .,neutral
17606,أحب هذه الخدمة بتقديم شامبانيا للتحية بعد الإقلاع . دعني أشرب فى صحتك .,positive
17607,أين المعرض ؟,neutral
17609,أربعون دولار يومياً ، بالإضافة إلى ثمانية سنت لكل ميل .,neutral
17611,أحد الأماكن الأخرى التي يمكن أن تجذب انتباهك هي حديقة حيوان برونكس المشهورة عالمياً .,positive
17612,هل ستزداد الرياح قوة بعد الظهر ؟,neutral
17615,أراهن بخمسة دولارات .,neutral
17616,عشرة طوابع فئة اثنين وثلاثين سنت من فضلك . هل يوجد لديكم أي طوابع جميلة ؟,positive
17619,مساءاً ، من فضلك .,positive
17620,هل يوجد لديكم هذا النموذج بلون بني ؟,neutral
17621,أنا موجود هنا لأحصل علي دورة في اللغة .,neutral
17624,أعطني تذكرتين للجاليري ليوم الخميس هذا .,neutral
17625,من فضلك اكتب لي خطاباً .,neutral
17628,متي يغادر الأتوبيس إلى بيمليكو ؟,neutral
17629,هل يمكن أن استخدم هذا الكوبون للطائرات ؟,neutral
17630,أود أن أحلق ذقني .,neutral
17633,لقد أصبت بالتواء في كاحلي . و أتألم كثيراً .,negative
17636,هل هذا طلب شخص آخر .,neutral
17640,أريد قصافة أظافر تكون رقيقة على أظافري .,neutral
17641,هل يوجد لديكم منضدة لثلاثة أشخاص ؟,neutral
17645,هل قلت لي كيف أذهب إلى المتحف ؟,neutral
17647,أريد شراء طعم أسماك .,neutral
17649,آسف جدا ، لكني أود تأجيل الميعاد .,negative
17651,دعني أراجع وأري إذا ما كانت هناك أماكن شاغرة .,neutral
17652,هل رشحت لي رحلة قصيرة ؟,neutral
17653,أين مكتب الاستقبال ؟,neutral
17656,لقد أصبت .,neutral
17660,سيغادر قطارك من الرصيف رقم ثمانية .,neutral
17661,عامل التليفون . أود أن أجري مكالمة بعيدة المدى إلى فندق الشيراتون .,neutral
17662,سأصل الفندق في حوالي الساعة العاشرة والنصف مساءاً .,neutral
17663,من فضلك ، اتصل بالسفارة اليابانية .,neutral
17664,الكيمونو هو الزي التقليدي لليابان .,neutral
17665,نعم ، ولكنني قمت بأول جولة منذ شهرين ماضيين . مازلت مبتدئ .,neutral
17666,المقعد خلف الكرسي الخاص بي لا يتحرك .,negative
17667,سيساعدني هذا كثيراً . بالمناسبة ، أتساءل إذا كان بإمكاني أن أقيم فى نفس الغرفة .,neutral
17669,جهاز التكييف لا يعمل . غرفتي باردة جداً .,negative
17673,أبحث عن شنطة بحزام متحرك .,neutral
17674,أود أن تبقي تحت مائة وثمانين دولار .,neutral
17676,هل يمكنني الحصول على تذكرة لمباراة كرة قدم في دوري الدرجة الأولى ؟,neutral
17677,هل يمكنني الحصول على سلطة كرنب بدلاً من مجموعة السلطات هذه ؟,neutral
17678,من فضلك تأكد من حضورك ورؤيتك لي في تمام السابعة صباح غد .,neutral
17681,لقد سرق جواز سفري .,negative
17682,هل أنت حريص على تناول الطعام الإيطالي ؟,positive
17683,أود شريحة من البيتزا بالسجق من فضلك .,positive
17686,أريد كباب .,neutral
17689,هل يوجد لديكم أي عصير برتقال ؟,neutral
17690,أريد فيلم ستة وثلاثون صورة من نوع خمسة وثلاثين مليمتر سالب ، من فضلك .,negative
17691,"من فضلك . أرني حقائب , من فضلك .",positive
17692,كم تبعد أقرب محطة بنزين ؟,neutral
17697,متي القطار التالي لبوسطن ؟,neutral
17699,من فضلك ، أرسل هذا الخطاب بالبريد الجوي .,neutral
17700,أريد أن أؤكد على حجز رحلة الطيران .,neutral
17702,أشعر بالدوران .,negative
17703,ما هو المعدل لكل خيمة ؟,neutral
17704,عندي ميعاد مع السيد ويلسون في تمام الساعة ثلاثة بالضبط .,neutral
17705,هل يمكن تغيير هذه العدسات بعدسات أقوي ؟,neutral
17706,دعني أقول ما أريد .,neutral
17707,ما ثمن هذه ؟,neutral
17709,هل يمكن أن أترك رسالة له ؟,neutral
17711,هل مقهى هارد روك بعيداً عن هنا ؟,neutral
17712,أهلاً . خذ فكرة .,neutral
17713,"حسناً . الآن , هل يمكن شراء تذاكر لـ "" شبح الأوبرا "" لحفلة يوم السبت الصباحية ؟",neutral
17714,هل يمكن أن تُعد لي بيناكولادا ؟,neutral
17717,إنني مستعجل . أريد أن أتصل بتاكسي الآن .,neutral
17719,الجو بارد هذا الصباح ، أليس كذلك ؟,negative
17720,قمت بالحجز عن طريق جي تي بي في اليابان منذ أسبوعين .,neutral
17721,نتوقف عند فندق بيفرلي . يمكنك أن تنزل هناك . إنها تبعد دقائق سيراً إلى القمة .,neutral
17726,هل يمكنك أن تحتفظ بهذه الحقائب حتى الساعة الرابعة بعد الظهر ؟,neutral
17727,هل يمكن أن استخدم جهاز العرض في هذه الغرفة ؟,neutral
17728,أري . خذ وقتك من فضلك .,neutral
17729,هل توجد هناك ملاعب جولف ذات الثمانية عشر فتحة ؟,neutral
17731,لا أستطيع فهم أي شيء يقوله الناس من حولي .,negative
17736,المقهى بالدور الأرضي .,neutral
17737,مساء الخير . لدي حجز . اسمي يامادا .,positive
17738,إن أهم شيء لك هو أن تحصل علي استراحة جيدة .,positive
17739,سأسلك بعد أن ألقي نظرة هنا وهناك .,neutral
17740,هل لديك بعض السجائر ؟,neutral
17741,هل يمكن أن أطلب على الحساب ؟,neutral
17742,الآن ، لقد وعدت بأنك ستشتري زوج واحد فقط ، موافق ؟,neutral
17744,هل توجد صيدلية بالقرب من هنا ؟,neutral
17745,نعم ، حجز لمدة ستة أيام من فضلك ، بدء من الثالث والعشرين من يوليو .,neutral
17748,هل يمكنني الحصول علي بعض الفيتامينات ؟,neutral
17749,هل يمكن أن تأخذني من مكاني في تمام السابعة ؟,neutral
17750,إنه يغادر كل عشرة دقائق .,neutral
17755,دعنا نحصل على ورقة فئة عشرة ، وواحدة فئة خمسة والباقي فكة صغيرة .,neutral
17756,الغسيل الخاص بي لم تأتي بعد .,negative
17757,هل يمكنك أن ترني أشياء أخري ذات تصميمات مختلفة .,neutral
17758,نعم ، يوجد واحد علي الجانب الآخر من المبني .,neutral
17759,أين أنزل ؟,neutral
17760,هل يمكن أن تخبرني كيف استخدام تليفون العملة ؟,neutral
17762,هل يجب أن أدفع مقدماً ؟,neutral
17763,هل يوجد محل لعب أطفال بالقرب من هنا ؟,neutral
17765,ما نوع العصير الذي تفضله ؟,neutral
17767,أود قليل من كريم القدم .,neutral
17768,إنه اتصال مباشر من عقل لآخر . وهذا يعني أن شخصا يقرأ ما في عقل شخص آخر بدون استخدام الكلمات .,neutral
17770,هل يمكنني صرف شيك شخصي ؟,neutral
17773,أود عصير برتقال وكورن فليكس باللبن وفطيرة محلاة بالعسل .,neutral
17775,هذا مادة مطبوعة . لا يوجد شيء غالي .,neutral
17776,هل يمكنني أن أحاول ؟,neutral
17777,سأعود براً .,positive
17778,ما المادة المصنوع منها دبوس رابطة العنق هذه ؟,neutral
17779,ما هي قيمة التذكرة درجة أولي ؟,neutral
17780,هل ستعود لبلادك في الاجازات ؟,neutral
17781,هل يوجد لديكم حقيبة أكبر ؟,neutral
17782,أين يمكنني الذهاب لكي أري منظراً رائعاً حقاً ؟,positive
17783,سأرسل لك نسخة . رجاء اكتب عنوانك هنا .,neutral
17784,أين الآثار ؟,neutral
17786,كان هذا مكسوراً بالفعل عندما فتحت الطرد .,negative
17788,"حسناً , سيد أزورا ، لقد تأكدت رحلتك الآن .",positive
17789,من فضلك أعطني تذكرة .,neutral
17790,التاسع والعشرون من أغسطس .,neutral
17791,أين مصعد التزحلق ؟,neutral
17792,أعاني من الإسهال . هل وصفت لي شيء له ؟,negative
17793,الساعة العاشرة إلا عشرة دقائق .,neutral
17795,لا يجب أن تدخل هذه الحديقة ليلا .,negative
17797,أود أن أرسل ذلك إلى اليابان بالبريد الجوي .,neutral
17798,عيد الشكر والعمال ، فهو يوم الشكر لكل الذين ساندوا المجتمع بأعمالهم .,positive
17799,هذه الغرفة صغيرة جداً .,negative
17803,هل يمكنني أن أحصل علي مزيد من الشاي ، من فضلك ؟,neutral
17805,أريد أن أغسل ملابسي في وقت لاحق اليوم .,neutral
17806,ليس ضرورياً عندما لا تتجاوز حد الإعفاء من الضرائب ، ولكن أنصحك أن تقدم تقريراً من أجل تخليص جمركي سهل .,neutral
17808,هل يوجد بنك بالقرب من هنا ؟,neutral
17811,هل من الممكن أن تنظف المنضدة من فضلك ؟,neutral
17812,من فضلك اكوي هذا .,neutral
17814,بالتأكيد . انتظر معي على الخط ، من فضلك . حفلتك بدأت . تفضل من فضلك .,positive
17815,هل لديك مانع أن ألمس ذلك ؟,neutral
17816,متي يبدأ الركوب ؟,neutral
17817,هل هذا الطراز مناسب لي ؟,positive
17818,قل لي عن جدول مواعيدك لهذا الأسبوع ؟,neutral
17819,لا يوجد هنا مكتب أدوات مدرسية .,negative
17821,ماذا تعني بذلك ؟,neutral
17822,أنت مخطئ .,negative
17823,بالتأكيد . سر قدماً .,neutral
17824,هل يمكن أن تحتفظ بحقائبي حتى الساعة الرابعة ، من فضلك ؟,neutral
17825,ليس لدي المال الكاف لشراء واحدة جديدة .,negative
17829,ما ميعاد أول قطار ؟,neutral
17830,هل يمكن أن نحصل على منضدة بالخارج ؟,neutral
17832,علي ما يبدو أنك كنت مخمورا ليلة أمس .,negative
17833,نعم ، سيدي . كم عدد الأشخاص في حفلتك ، وما الوقت الذي تفضله ؟,neutral
17835,أعتقد أنني سأحصل على اثنين أقل سعراً .,neutral
17836,نعم . لقد ألغيت بطاقتك القديمة .,neutral
17837,شكراً كثيراً علي الوجبة .,positive
17838,أين محطة الأتوبيس ؟,neutral
17840,سكين ، من فضلك .,neutral
17841,هذه كلها مطبوعات .,neutral
17842,من فضلك ، اكتب رقم الغرفة في الخلف .,neutral
17844,قف أيها اللص .,negative
17847,نستخدم الأعواد عندما نأكل .,neutral
17848,أين أتوبيس المطار ؟,neutral
17851,مائة دولار في الليلة ، بالإضافة إلى تكلفة الخدمة والضرائب .,neutral
17852,رحلة الطيران دلتا رقم ثمانية وعشرون والمتجهة إلي نيو أورلينز سوف تتأخر حوالي ساعة .,negative
17854,عندما أعود ثانية إلى اليابان ، سأكتب خطاباً . وإذا كان لديك وقت ، من فضلك أرسل لي خطاباً .,neutral
17855,نسيت تذكرة الطيران الخاصة بي في الفندق .,negative
17856,ما السرعة التي نطير بها الآن ؟,neutral
17857,الأضواء في غرفتي لا تعمل .,negative
17858,شكراً جزيلاً . هيا . دعنا نذهب .,positive
17860,في الصيدلية .,neutral
17861,غرفة مفردة بدون دش من فضلك .,neutral
17864,أين أفضل أرض للتزحلق للمبتدئين ؟,neutral
17865,أود مقعد خلفي .,neutral
17868,هل هذا القطار متجهاً إلي ميلبورن ؟,neutral
17869,أشكرك ثانية لأنك ذكرتني . هل يميل كثير من الناس أن ينسوا توقيع أسمائهم ؟,neutral
17870,ما حجم هذا البرج ؟,neutral
17871,فينسنت ، هل أغلقت الباب علي نفسك ؟ أنا مارني .,neutral
17872,مازلت أحتفظ بالمكياج ، ولذلك هلا غسلت وجهي جيداً ؟,neutral
17873,خذ ثلاثة أقراص مرة واحدة .,neutral
17874,ما هو معدل عمولتك ؟,neutral
17877,هل يمكنني إنزال السيارة في فرع آخر ؟,neutral
17879,إنه فاقد الوعي .,neutral
17880,فندق طوكيو . هل من مساعدة ؟,neutral
17881,أنني موجود هنا لزيارة صديقي .,neutral
17882,هل يوجد هناك جهاز تليفزيون ؟,neutral
17883,هذه سلطة وبطاطس مهروسة .,neutral
17886,حسناً . ليس لدينا وقت . هل يمكن أن نكمل هذه المناقشة يوم الخميس في الساعة الواحدة ؟,neutral
17888,هل أخبرتني عن أسرع طريقة لإرسال ذلك ؟,neutral
17889,هل يمكن لي أن آخذ دوري في التدريب على اللعبة ؟,neutral
17891,حقيبة زرقاء . يوجد اسمي والعنوان في القاع . هل ساعدتني في أن أجدها ؟,neutral
17893,أريد المغادرة الساعة الثامنة . هل أخبرتني ما المبلغ المستحق علي ؟,neutral
17894,أريد أن أحجز مقعدين علي رحلة الطيران ثمانية ، سبعة و سبعين .,neutral
17895,من فضلك ، زجاجة شامبو للشعر الدهني .,negative
17896,لمدة أسبوعين تقريباً .,neutral
17898,"نعم , أنا أتناول أدوية لضغط الدم المرتفع .",neutral
17899,أود بعض البيجامات .,neutral
17900,أين الخازنات التي تستعمل بالعملات المعدنية ؟,neutral
17901,هل أحضر لك بعض الحلوي ؟,neutral
17902,هناك أسباب عديدة تمنعني من عدم القيام بهذا الشيء .,negative
17903,هل هذا هو الطريق الصحيح إلى المحطة ؟,neutral
17905,دعنا نري ماذا ستكون التكلفة .,neutral
17907,أقترح أن تجرب حانة جرين .,neutral
17908,معي تسعمائة دولار .,neutral
17909,لا يوجد عندنا حجز لك .,negative
17911,أين ذهب اسمي ؟,negative
17914,سأعود .,positive
17916,من فضلك ، أصلح هذا أثناء وجودي بالخارج غداً .,negative
17917,هل هذه تعد كلمة ؟,neutral
17918,هل من الممكن أن نحصل علي طفاية سجائر ؟,neutral
17919,حسناً . سأتصل بك عندما يكونوا جاهزين .,neutral
17922,لدينا ألوان أخري .,neutral
17923,هنا قليل من المقاعد المتروكة في الحلقة الرسمية .,neutral
17925,نكره التسرع ، ولكن لزاماً علينا أن نرحل .,neutral
17926,أين ومتي نبدأ ؟,neutral
17929,كيف يمكنني الحصول إلى العائد ؟,neutral
17931,أوه . أفهم . هذه هي قنوات نظام الكابلات في الفندق .,neutral
17932,من فضلك توقف عن السخرية من الشعب الياباني .,negative
17933,متي يمكنك إعادة الإصدار ؟,neutral
17935,ماذا عن الغداء ؟,neutral
17936,أود أن أحجز من فضلك .,neutral
17937,أحاول أن أجد ورق لف .,neutral
17940,هل سيتم الإعفاء من الضرائب إذا أرسلت ذلك إلى اليابان من هذا المحل ؟,neutral
17941,آسف ، ولكن أريد أن أناقش بعض الأشياء مع مديري قبل أن أقوم بالتوقيع .,neutral
17942,أريد جهاز تسجيل وراديو من فضلك .,positive
17943,أريد عدد خمسة أجهزة من المكواة .,neutral
17944,هذا طعامي المفضل ، كما تعرف .,positive
17945,شكر لك سيدي . هل من الممكن أن أحصل علي رخصة القيادة الخاصة بك .,positive
17946,أنت محق .,neutral
17947,ستقف الليموزين عند البوابة الشمالية أولاً .,neutral
17949,بالتأمين من فضلك .,neutral
17953,أين متحف مونت ؟,neutral
17955,هل هذا القطار لا يتوقف ؟,negative
17958,حسناً . إنها عشرون ، أربعون ، ستون ، ثمانون ، تسعون ، خمسة وتسعون ، ستة ، سبعة ، ثمانية ، تسعة ، مائة .,neutral
17960,يجب عليك أن تذهب إلي مكتب استعلامات السائح أولاً .,neutral
17961,هذا مؤثر .,positive
17962,هل وصلتني إلي المدينة ؟,neutral
17963,إلى متي يظل مطعم الفندق متاحا للاستخدام من قبلي ؟,neutral
17965,كيف يمكنني معرفة حقائبك ؟,neutral
17966,هل هذا قطار مباشر ؟,neutral
17967,نعم ، أحببتها جداً . شكراً لك .,positive
17968,أين يمكنني تحميض هذا الفيلم ؟,neutral
17969,"آه ، اسمع ، هل أنت , هل تعرف أين يقع ريفرسايد دريف ؟",neutral
17970,هل هذا هو الخط لعرض الساعة التاسعة ؟,neutral
17974,هل لديك أي علاج للإسهال ؟,neutral
17977,"حسنا , الوقت متأخر إلى حد ما . أعتقد أنني يجب على أن أغادر الآن . شكرا جزيلا لك على الأمسية الرائعة .",positive
17978,يبدأ العمل لدينا من الثامنة و النصف إلى الحادية عشرة .,neutral
17983,شركتنا هي خامس أكبر شركة على مستوى العالم من حيث عدد الموظفين .,positive
17984,إنه للأسفل هناك على اليسار .,neutral
17986,هل لي أن أتناول بعض الدواء لآلام في معدتي ؟,neutral
17988,هل ستحتفظ بمعطفي ؟,neutral
17990,"آسف , لقد تم تأجيرها جميعا . هل تريد الحصول على تغطية إضافية ؟",neutral
17993,هل يمكنك أن تعيرني فوطة الشاطئ ؟,neutral
17994,"لا , نحن أيضا نقبل الطلبات التي ترغب فيها .",neutral
17995,"إنه من المناسب أن نحدد التاريخ , و لكن غير ضروري أن نحدد أيام الأسبوع .",neutral
17996,"أريد عصير برتقال , من فضلك .",positive
17997,من فضلك رشح لي مطعم جيد .,positive
17998,ما مظاهر التميز في هذه المدينة ؟,neutral
18003,أود أن أتناول فراخ مشوية .,neutral
18005,لم يعد لي شهية .,neutral
18006,لا تتدخل فيما لا تعرف .,neutral
18008,هل يمكن أن نقوم بالتجول في الأسواق الحرة في المطار ؟,neutral
18009,"أسف , لقد طلبت رقما خاطئا .",negative
18010,لمدة خمسة أيام . سأعيدها يوم الجمعة .,neutral
18011,إنها ليست بعيدة جدا . يمكن أن نصل هناك في حوالي الساعة العاشرة صباحا .,positive
18012,لا شكرا . إنه صغير للغاية . هل لديك آخر ؟,neutral
18013,"المزيد من الإيصالات , من فضلك .",neutral
18014,هل يمكنك أن تبيع هؤلاء بشكل منفصل ؟,neutral
18015,"أريد زجاجة من البيرة , من فضلك .",positive
18017,كم دفعت للحصول على مقعد خاص ؟,neutral
18018,إنه خطئي . ليس خطأك .,negative
18019,فقط دعني و شأني .,negative
18020,هل هناك مجموعة أخرى ؟,neutral
18021,هذا المقعد مشغول .,neutral
18022,هل يجب على أن أقوم بإعادة تأكيد للحجز .,neutral
18026,دعني أري تذكرتك . عليك أن تأخذ رحلة الطيران التالية في الساعة الواحدة .,neutral
18027,هل يوجد من يتحدث الإنجليزية ؟,neutral
18028,عليك أن تحجز مقدما .,neutral
18029,أود أن أخرج شيئا من حقيبتي .,neutral
18031,"نعم , لدينا حجزا بأسمك . هل يمكنك من فضلك أن تملأ هذه الاستمارة و توقعها ؟",neutral
18032,لا أستطع العثور مرشد الجولة الذي من المفترض أن يأتي إلينا في العاشرة و النصف صباحا .,negative
18034,سنحتفظ بهذا الأمر كمفاجأة .,positive
18035,إلى اليابان من فضلك .,neutral
18036,"معذرة , متي ينتهي هذا الفيلم ؟",neutral
18037,لقد اصطدمت بسيارتي في حفرة .,negative
18038,هل لك أن تعطيني بعض الدواء ؟,neutral
18040,"هذا , من فضلك .",positive
18041,هل لك أن تريني الخاتم الثاني من اليسار ؟,neutral
18042,"نعم , هذا الطريق من فضلك .",positive
18043,أعاني قليل من الإرهاق بسبب اختلاف الوقت .,negative
18045,لما لم تحضر الليلة الماضية ؟,negative
18046,سطح السفينة يروق لي .,positive
18047,"أود أن أطلب خدمة الغرفة , من فضلك .",neutral
18050,أي القطارات يتجه إلى وول ستريت ؟,neutral
18054,ما هو رقم بوابة الدخول لرحلات الخطوط اليابانية إلى طوكيو ؟,neutral
18055,"أرني الحقيبة السوداء , الثالثة إلى اليسار في الرف العلوي .",neutral
18057,ربما يطلق عليك رصاص في المدينة إذا و ضعت يدك فجأة في الجيب الموجود ناحية صدرك .,negative
18058,هل معك أية مشروبات كحولية قوية ؟,neutral
18060,"لدينا مقاعد متاحة في الرحلة الجوية رقم ثمانية خمسة يوم الاثنين , السادس و العشرون .",neutral
18065,أود التقدم بطلب لاستصدار جواز سفر لي مرة أخرى .,neutral
18066,حسنا جدا . من الممكن أن يتم إنجازه .,positive
18067,لماذا يتكلف ذلك هذه الكمية ؟,negative
18068,سبعون دولارا .,neutral
18071,مرحبا . هل هذه هي السيدة أونو ؟,neutral
18072,هل يمكن لي أن أشرب الماء من الصنبور ؟,neutral
18076,لدي آلام في المعدة .,negative
18077,لقد سرقت مجوهراتي . أنني بحاجة لتقديم بلاغ .,neutral
18078,"إنها إلى الأمام مباشرة , بعد ذلك استدر إلى اليمين .",neutral
18079,كيف يمكن لي أن أعدل مستوى الطاقة في هذه الماكينة ؟,neutral
18081,هل يمكنك أن توفر لي حجزا للقيام بجولة ؟,neutral
18082,هل على أن أعلن عن المحتويات و قيمتها ؟,neutral
18083,"هاي , حبيبي , هل أنت بمفردك ؟ ستخرج لمشاهدة فيلم أو أي شيء ما ؟",neutral
18084,لا يوجد شيء أحبه . آسف . لا أيد أي شيء .,negative
18085,متي سنصل إلى دي موان ؟,neutral
18086,"اثنين هامبرجر بالجبن وواحد طلب صغير من البطاطس الفرنسية المقلية , من فضلك .",neutral
18088,"أربعة خمسة ستة سبعة ثمانية تسعة صفر , من فضلك .",neutral
18091,في الثالث و العشرين من سبتمبر .,neutral
18092,لقد حددت العاشرة مساء ميعادا للقاء الرئيس .,neutral
18095,هل صنبور المياه هذا صالح للشرب ؟,neutral
18096,أود تناول شريحة من فخذ الخنزير .,neutral
18097,"حسنا , أظن أنني سأحصل على شيء مختلف .",neutral
18098,"خذني إلى المسرح , من فضلك .",positive
18100,متى الاستراحة ؟,neutral
18101,معذرة . هل يمكن أن أسألك سؤالا ؟,neutral
18103,"لحظة فقط , من فضلك . سأوصلك بالسيد جونز .",neutral
18104,"هل لك أن تفحص لي هاتين الحقيبتين , من فضلك ؟",neutral
18105,هذه القبعة لا تناسبني .,negative
18108,"لا توجد سدادة في مصرف البانيو , أيضا .",negative
18110,مرحبا . هذه هي الخطوط الجوية المتحدة .,neutral
18111,متي سيحين موعد مغادرة الفندق ؟,neutral
18114,هل تريدني أن أدفع الآن أم لاحقا ؟,neutral
18116,هل لي أن أتناول طبق الوجبة الرئيسي فقط ؟,neutral
18119,هل تريد تناول أي مشروب أثناء المشاهدة ؟,neutral
18121,هل لديك أي جولات أخرى ؟,neutral
18123,"أود آخذ أتوبيس متجه إلى المحطة . هل لي أن أحصل على بعض الفكة , من فضلك ؟",neutral
18124,هل لديك أي إثبات شخصية مع صورتك ؟,neutral
18125,هل تعتقد أن هناك أي أمل في هذه العلاقة ؟,neutral
18126,"حسنا , أولا يجب أن أتوجه إلى مركز الاستعلامات و أبحث عن فندق .",neutral
18127,أعتقد أنك أسأت فهم ما كنت أحاول شرحه .,negative
18130,من هذه السيدة ؟,negative
18131,أين تعلم السيد جونز اللغة اليابانية ؟,neutral
18134,هل يمكنك أن تبحث لي عنها ؟,neutral
18135,هل يمكنك أن تحفظ أمتعتي خلال الفترة التي أقوم فيها بالجولة ؟,neutral
18136,أي بوابة يجب على أن أتوجه إليها ؟,neutral
18137,كم عدد الكاميرات التي معك ؟,neutral
18138,لدي واحدة صغيرة من نفس التصميم .,neutral
18140,هل لي أن أجد ورقة أو شيء ما ؟,neutral
18141,ما هو سبب زحام المرور هذا ؟,neutral
18143,من فضلك قم بتغيير مساحات الزجاج .,neutral
18146,"هل من الممكن أن تخبرني مرة أخرى ماذا تضمن الإعلان , من فضلك ؟",neutral
18150,هل لديك قائمة طعام باللغة الإنجليزية ؟,neutral
18151,هل هناك أي ألعاب يانكيز نيويورك هذا الأسبوع ؟,neutral
18152,"أعاني من دوار الجو , لكن أشعر أنني أتحسن .",positive
18153,شارع اثنان و سبعون و بارك الإفينيو .,neutral
18154,هل هذا سيجار بريطاني ؟,neutral
18155,هل يمكنك ترتيب هذه البناطيل ؟,neutral
18156,يجب أن تركب أتوبيس رقم سبعة .,neutral
18157,لم يصب أحد إصابة خطيرة .,neutral
18158,أود الحصول على ضمادة مرنة .,neutral
18159,أعتقد أن رقم التاكسي كان واحد أثنين ثلاثة أربع خمس .,neutral
18160,سوف نحصل على هذا .,positive
18161,"مساء الجمعة , في التاسعة .",neutral
18162,سأرسل خادمة في الحال .,neutral
18163,"لكن التكلفة تزداد , أليس كذلك ؟",negative
18164,"في واقع الأمر , جدي الأول أتى من سيسيلي في بداية القرن .",neutral
18165,هل هناك خطأ في هذه الفاتورة ؟,negative
18166,هل هذه هي البوابة إلي لاس فيجاس ؟,neutral
18167,سررت لرؤيتك . كيف حالك ؟,positive
18168,هذا الرداء يناسبني بشكل أنيق .,positive
18170,سأتناول بعض عصير الفاكهة .,positive
18172,ما هي المؤهلات المطلوبة للحصول على هذه الوظيفة ؟,neutral
18175,هل يمكنك أن تقوم بضبطها الآن ؟,neutral
18176,أود بعمل اتصال تليفوني دولي إلي اليابان .,neutral
18177,هل من الممكن أن تقوم بعمل حجز لملعب الجولف ؟,neutral
18179,أود أن أتعلم رياضة التزلج على الماء .,positive
18181,هل لديك أتوبيس من المطار ؟,neutral
18183,هل لك أن تغير لي هذا بواحدة ذات مقاس أكبر ؟,neutral
18184,هذه محفظتي .,neutral
18185,"أود أن أقص شعري , فقط , من فضلك .",neutral
18187,معذرة . أين الصيدلية القريبة من هنا ؟,neutral
18188,أود أن أطلب وجبة سريعة .,neutral
18189,"ملعقة أخرى , من فضلك .",neutral
18190,متى نصل إلى المحطة الأخيرة ؟,neutral
18191,لا . مجرد مربع سكني على هذا الطريق .,neutral
18193,إن أبني يدرس في مدرسة الخريجين في جامعة هارفارد .,neutral
18194,أين حجرة الخزائن ؟,neutral
18195,"أود أن أحصل على مكالمة إيقاظ , من فضلك .",neutral
18197,ماذا تخطط لهذه الليلة ؟,neutral
18201,"مسلوق جيدا , من فضلك .",positive
18204,أنني أعاني من الروماتيزم .,negative
18209,أين يمكنني أن أصرف حوالة مالية دولية ؟,neutral
18211,"إنها مالحة قليلا , لكنني أحبها . هل أحضرتها معك طوال الطريق من اليابان ؟",positive
18212,لقد أصبت بوخزه من الشوك الذي يغطي ظهر قنفذ البحر .,negative
18214,إنها حقيبة حمراء اللون و بها عروة معدنية .,neutral
18216,أود أن أرسل هذا الطرد .,neutral
18224,على الرحب و السعة . إنها جميلة .,positive
18225,ماذا حدث ؟ لا أستطيع أن أرى .,negative
18226,"قم بدفعها من فضلك , إن كان ذلك ممكنا .",neutral
18229,هل لي أن أضيفها إلى فاتورتك ؟,neutral
18234,من فضلك املأ هذه الشهادة و الروشتة .,neutral
18235,"نعم , أريد أن أقوم بعمل اتصال دولي لليابان . على حساب المتلقي . الرقم في طوكيو ثلاثة أربعة سبعة ستة اثنان تسعة ثلاثة ستة .",neutral
18236,ما هي قيمة التكلفة الخاصة بالسيارة ؟,neutral
18237,لقد لدغتني نحلة . تبدو سيئة حقا .,negative
18241,كم سعر سلسلة المفاتيح هذه ؟,neutral
18243,هل لي أن أحصل على واحدة ؟,neutral
18249,هل سمعت ما قاله ؟,neutral
18250,"جاف , من فضلك .",neutral
18251,من فضلك قم بالاتصال بهذا الشخص .,neutral
18253,من فضلك اصرف ورقة فئة عشرة دولارات هذه إلى خمسة ورقات فئة دولار وورقة أخرى فئة خمسة دولارات .,neutral
18254,هل من الممكن أن تدفع مبلغ عشرة دولارات للمقدم ؟,neutral
18255,"لا , ليست بها . و لكن بها دش .",neutral
18256,أريدك أن تقوم بعمل أشعة سينية .,neutral
18257,هل من المناسب أن تعبر من طاولات الاستقبال ؟,neutral
18260,هذا لاستخدامي الشخصي .,neutral
18261,"غرف متجاورة , من فضلك .",neutral
18262,هل لك أن تشارك في التكاليف الخاصة بالترويج وذلك في السنة الأولي كما يفعل جميع ممولينا ؟,neutral
18263,أين المخزن الخاص بالمكتبة ؟,neutral
18264,"نعم . أيقظني من النوم بعد ثلاثة ساعات , من فضلك .",neutral
18266,أنني أعاني من حمة شديدة وأشعر أنني مصاب بدوار .,negative
18267,"هل ستحولها إلى حساب غرفتي , من فضلك ؟",neutral
18269,هل هناك إسطبل بالقرب من هنا ؟,neutral
18270,شكرا جزيلا لك . كيف يمكنني الوصول إلى الفندق ؟,positive
18271,لقد أغلقت الباب و أنا بالخارج . ماذا تقترح على أن أفعله ؟,neutral
18272,أنت لطيف للغاية .,positive
18273,"أود أن أطلب , من فضلك .",neutral
18274,هل يجب على أن أجيب بـ نعم أو بـ لا ؟,neutral
18275,هل هذا يعني أنه لا يجب على أن أدفع بقشيشا ؟,neutral
18276,"إذا , السيد نيتا , هذا كل ما لدينا لنعرضه لك هنا في مصنعنا .",neutral
18277,لقد عانيت من ال تي بي في أوائل العشرينات من العمر .,neutral
18281,هل يمكنني أن أستخدم السخان و الماء الساخن طوال اليوم ؟,neutral
18282,"ملعقتين , من فضلك .",positive
18284,أود أن أقوم بالحجز .,neutral
18285,"آسف , لكن لدينا فقط مقاعد بجوار الممر على الجهة اليسرى في الجزء الأمامي .",neutral
18288,و ليس أنا أيضا . لقد كنت مشغولا جدا .,negative
18289,لم أقم بعمل اتصالا دوليا يوم الجمعة .,neutral
18290,أين الصيدلية ؟,neutral
18291,أين محطة الحافلة ؟,neutral
18292,ما هو رقم هاتفك ؟,neutral
18293,بالتأكيد . غرفة تغيير الملابس على اليمين هناك .,neutral
18295,أنني أراهن على خمسة دولارات .,neutral
18296,من فضلك أخبرني عن عنوانك .,neutral
18298,أين الدير ؟,neutral
18299,أنني أعاني من عرض مزمن .,negative
18301,أرغب في جهاز للاعبين .,neutral
18302,هل من الممكن أن حصل على زجاجة ماء ساخن ؟,neutral
18303,هل من الممكن أن تقوم بعمل كشف نظر و تجهز لي نظارة ؟,neutral
18304,يمكننا أن نجهزها لك في خلال يومين .,positive
18305,هل من الممكن أن أحصل على تذكرة لمقعد في الدور الأول ؟,neutral
18307,"شكرا . حسنا , دعني أرى . في الواقع , ليست هي التي أريدها .",negative
18309,"أريد بكرتين أفلام أبيض وأسود , من فضلك .",neutral
18310,للأسف لم أحصل على الباقي حتى الآن .,negative
18311,"أعطني الـ , أووه , طبق اليوم الرئيسي هذا .",neutral
18313,"لقد كان والدك شخص رائع , وسوف نفتقده .",positive
18314,"حسنا , لا يوجد ما هو شيق الليلة .",negative
18317,لا أريد فحص هذه الأمتعة .,negative
18320,ليست تماما ما أريده .,negative
18321,ما قدر المدة الإضافية التي تستغرقها للوصول إلى شيكاغو ؟,neutral
18323,ما هي المحطة القادمة ؟,neutral
18326,"أود أن أتناول كوبا من القهوة المثلجة , من فضلك .",positive
18328,"إنها ليست قيمة , و لكنها هامة بالنسبة لي .",positive
18330,"الوجبة الكاملة , من فضلك .",positive
18331,أي خطوك الأتوبيس يتوقف بشارع هوب ؟,neutral
18332,"حسنا , لدينا موسيقي جاز ل يوفيس سانت لورنت .",positive
18334,السيارة تصدر صاخبا غريبا .,negative
18335,أعطني صفارة .,neutral
18336,متي يغلق مكتب البريد أبوابه ؟,neutral
18338,لقد دفعت من قبل خمسون دولارا كعربون حينما قمت بتسجيل إجراءات إقامتي بالفندق .,negative
18339,من فضلك قم بالاتصال لإيقاظي غدا في الساعة السادسة صباحا .,neutral
18341,هل تناولت دواء لتقلبات المعدة ؟,neutral
18342,هل أحتاج إلى أن أرتدي معطف و رابطة عنق ؟,neutral
18343,أنني شغوف بعمل جولة في منهاتن .,positive
18344,هل يمكنني أن أحول أموال إلى حساب المدخرات الخاص بي ؟,neutral
18347,"أود الحصول على مقعد في مكان غير مسموح به بالتدخين , من فضلك .",neutral
18348,"لا , يمكنك الحصول عليها في مخزن الأدوية .",neutral
18349,هل شاهدت تايتانك ؟ هل أحببته ؟,neutral
18350,أود الحصول على دبوس للزينة .,neutral
18351,تذكرة ذهاب إلى لوس أنجلس . هل سيكون المقعد الذي حجزته في مكان مسموح أم غير مسموح فيه بالتدخين ؟,neutral
18353,هذه المسرحية مشهورة أيضا في اليابان .,positive
18354,من فضلك الفاتورة هذه الليلة .,neutral
18355,لقد نسيت أن آخذ حقيبتي اليدوية .,negative
18356,"عمت مساء , يا سيد هوسوكاوا . مرحبا بك في الحفل . هل تود أن تناول مشروبا ؟",positive
18357,إنها ليست للبيع فلا تعتني بهذا الأمر .,neutral
18361,ما هي الأماكن المشهورة حول هذه المنطقة ؟,neutral
18362,إنها صغيرة جدا .,negative
18363,"هل أنت السيد إبرت , أهو كذلك ؟",neutral
18364,"الإسم هو تاناكا , شخصين , الساعة الثامنة .",neutral
18369,دعني أرى لونا آخر .,neutral
18370,أي الأماكن أتوجه إليها للحصول عليها ؟,neutral
18374,"أود أن أحمض هذا الفيلم , من فضلك .",positive
18376,أود تناول لحم بقري مشوي وبعض القهوة .,neutral
18377,هل هناك نسخة متبقية من هذه المجلة ؟,neutral
18378,أين أكبر متجر في هذه المدينة ؟,neutral
18382,أود إعادة التأكيد على حجز الرحلة .,neutral
18383,كيف يمكن لي أن أقوم بعمل اتصال هاتفي دولي ؟,neutral
18385,من فضلك أحضر لي تيلينول .,neutral
18387,تؤلمني بعض الوقت .,negative
18388,لنسرع في التسوق .,positive
18389,"هل لك أن تدلني على مقعدي , من فضلك ؟",neutral
18390,يبدو أن الآلة لا تعمل .,negative
18393,اليابان بلد ممتد طوليا من الشمال إلى الجنوب .,neutral
18394,كيف تستطيع أن تعد هذه القمصان في زمن بسيط ؟,negative
18395,"سأقوم بدفع الفارق , لذلك من فضلك اعد الحساب .",neutral
18399,لنشاهد بعض ما يعرضه التلفاز .,neutral
18401,ساعتي . لقد كانت ساعة رقمية ماركة حديثة سويسرية الصنع .,neutral
18402,"بالفعل , لقد اشتريتها اليوم التالي بعد أن انتابتني رغبة مفاجئة من أحد المحلات القريبة من منزلي .",positive
18404,لدي مائتي دولارا نقدا و ألفي دولارا في شيكات سياحية .,neutral
18405,هناك اضطراب في معدتي .,negative
18406,"بالرغم من أنني أحب التمبورا , و لكنني لا آكل كثير من ال سوشي . غالبية الناس غير معتادين على أكل السمك النيئ .",neutral
18408,هذا هو صديقي كوجي .,neutral
18409,لقد اجتزت هذا الاختبار بنجاح كبير .,positive
18412,"أريدك أن تصحبني إلى بعض الأماكن الشيقة . أنني سائح , أنت تعرف .",positive
18413,العاصمة هي طوكيو .,neutral
18418,"متي أقوم بالدفع , الآن أم عندما أسجل خروجي من الفندق ؟",neutral
18419,هل يمكن أن أذهب لمشاهدة المعالم أثناء رسو السفينة في الميناء ؟,neutral
18420,هذا حسن . في هذا التوقيت يبدأ تغيير الحراس . يمكنك أن تشاهد ذلك أو تستمع إلى مجموعة الحراس و هم يلعبون في الساحة الأمامية .,positive
18422,أود أن أمارس بعض الألعاب .,positive
18423,هل نودي على رقم هذا المقعد ؟,neutral
18424,أين الدير ؟,neutral
18425,أود أن أبدل هذا .,neutral
18428,لقد كان اللقاء بك شيئا لطيفا .,positive
18429,هل لديك هذا بلون مختلف ؟,neutral
18430,املأ هذه الاستمارة .,neutral
18433,لحم بقري أم فراخ ؟,neutral
18434,من فضلك أحضر إلي في الساعة السابعة صباح الغد لأخذ حقائبي .,neutral
18435,ما القيمة التي أحتاجها من الين لشراء تسعة و تسعين دولارا ؟,neutral
18437,من الأفضل أن تضبط المرآة العاكسة للرؤية الخلفية .,neutral
18440,ستنتظر حوالي عشرة دقائق أو ما يقارب ذلك .,neutral
18441,هل يمكن أن آخذ الأطباق الخاصة بك ؟,neutral
18443,لدى دبوس معدني .,neutral
18446,كم من الوقت سنضطر للانتظار ؟,negative
18447,إنها يوشي .,neutral
18448,إنها على الخطوط الجوية اليابانية و رقمها سبعة اثنين واحد المتجهة إلى ناريتا .,neutral
18449,هل أنت متأكد ؟ إنه لأمر طيب .,positive
18450,أي الكتب ترشحها ؟,neutral
18451,سأكون سعيدا بذلك . متى ترغب في ذلك ؟,positive
18452,إنها حقيبة زرقاء .,neutral
18453,هل لديك خدمة نقل بالأتوبيس إلى المطار ؟,neutral
18455,أين يجب على أن أنظف الكاميرا ؟,neutral
18457,علبة واحدة ميلر .,neutral
18458,أين يمكنني أن أحصل على بعض الطوابع ؟,neutral
18459,أود الحصول على قلم لتزيين الحاجب .,neutral
18462,هناك عيب ما في الفيلم . هل يمكنك أن تفحصها ؟,negative
18464,لقد بحثت في كل أجزاء الغرفة لأجد جواز السفر المفقود .,neutral
18466,لدينا العديد من الأنواع هناك .,neutral
18469,من فضلك ابحث عن عنوان السفارة اليابانية .,neutral
18472,يجب أن أحصل على بعض التذاكر .,neutral
18475,هل هناك قطار سريع ؟,neutral
18476,لست متأكدا ما إذا كان مقاس هذه الجيبة مناسبا في منطقة الوسط .,negative
18478,إنه معد .,neutral
18479,هل يمكن أن تفعل ما بوسعك لتصل في الوقت المحدد ؟,neutral
18481,هل يمكنك أن تلتقط صورة لي ؟,neutral
18482,ما الذي يشبه هذا ؟,neutral
18483,أود أن أذهب للساونا .,positive
18484,الأطعمة البحرية .,neutral
18487,أعتقد أنني تركت كاميرتي وغادرت عندما كنت أتناول العشاء هنا الليلة الماضية .,neutral
18489,لدينا ملعبا للتنس ، و حمام سباحة و غرفة أثقال .,neutral
18492,اجمعهم عند البوابة .,neutral
18493,هل هذا هو القطار الصحيح المتجه إلى بوسطن ؟,neutral
18495,أين انزل حتى اذهب إلي الشاطئ ؟,neutral
18497,لا تترك السطر ، من فضلك .,neutral
18500,خاص بالنساء ، من فضلك . كم ثمن نصف يوم ؟,neutral
18501,هكذا لدينا واحدة جيدة لك . إنها جولة يوم العطلة الكامل .,positive
18502,أوه ، لا . لن يكون هذا ضرورياً . أستطيع أن اعتني به . لقد قمت بالفعل بما هو اكثر من كاف .,neutral
18508,هذه هي وزارة التجارة الخارجية ، أليس كذلك ؟ أنا تارو تاناكا من اليابان . لدي موعد لمقابلة السيد كوليمان في الثانية .,neutral
18510,هل هذا هو الرصيف الصحيح للقطار المتجه إلى مينيابوليس ؟,neutral
18513,هل لك أن تملأ لي هذه الروشتة .,neutral
18514,هكذا . وأنت ؟,neutral
18516,أظن أنني سآخذ هذه الواحدة .,positive
18517,اعمل بجد فقط و أحاول الحصول علي افضل الدرجات الممكنة بالنسبة لي .,positive
18519,إما أن تصلحها أو تستبدلها ، من فضلك .,negative
18520,اوه ، ياه ، هذا لذيذ جداً . أنت طباخ جيد . أتمنى لو كنت اعرف كيف أعده .,positive
18521,يمكنني القيام بها في وقتا ما الشهر القادم .,positive
18522,فندق جراند ، من فضلك .,neutral
18523,السرير ليس مجهز .,negative
18524,لا ، التالي .,neutral
18526,من فضلك أنزلني عند الناصية التالية .,neutral
18527,من فضلك تروى .,positive
18531,كيف يتم مقارنة هذا المنتج الجديد مع المنتجات الموجودة ؟,neutral
18535,ماذا تعنى ؟,neutral
18537,هذا السعر يتضمن الغداء ؟,neutral
18538,أتعلم المحادثة الإنجليزية مرة بالأسبوع .,neutral
18539,مكالمة مباشرة إلى اليابان ، من فضلك .,neutral
18540,موظفو المبيعات في هذا المتجر لطفاء جداً .,positive
18544,أين قسم المفقودات والأشياء التي عثر عليها ؟,neutral
18546,هل هو مناسب للبشرة الحساسة ؟,neutral
18547,متى يمكنني استرجاعها ؟,neutral
18551,أي وقت سيكون مناسب ؟,neutral
18552,هلا احتفظت بهذا لي ؟,neutral
18554,أريد قهوة بالقشدة ، من فضلك .,positive
18555,لن أدرك قطاري .,negative
18557,قبل أن تمضي سألتقط لك صورة .,neutral
18560,هل لديك مال كاف للإقامة هنا لمدة شهر ؟,neutral
18561,أريد شريط كاسيت .,neutral
18562,دقيقة فقط ، من فضلك .,neutral
18564,علبتين كرتون مايلد سيفن ، من فضلك .,neutral
18566,هل لي بدواء الإصابة بدوار الجو ؟,neutral
18567,حوالي الساعة الثامنة .,neutral
18569,هل لديك بطاقات ادعائك ؟,neutral
18570,دارن وأنا ظننا أن هذا الخط سيكون أسرع .,neutral
18572,أرغب في تأجير سيارة لمدة أسبوع .,neutral
18573,سأدفع ببطاقة الائتمان .,neutral
18574,لابد أن أجد وظيفة جزئية حتى ادفع لدروسي .,neutral
18576,انه ممتع .,positive
18577,لقد أصبت بضربة شمس .,negative
18578,"لا تستبدل الشكل , هذبه فقط ، من فضلك .",neutral
18579,سيكلفك خمسين دولاراً جواً .,negative
18580,"نعم , في بادئ الأمر ، اغسليها على منفصلة .",neutral
18581,لدى بعض الملابس للغسيل . هل ستكون جاهزة صباح الغد ؟,neutral
18582,رحلة جيه ايه إل خمسة صفر ثلاثة في الخامس من مايو ، حجزت في طوكيو .,neutral
18583,من فضلك أرني كيف استخدم هذه الآلة .,neutral
18584,إلى أين يرجع ؟,neutral
18585,من فضلك أرني بعض الساعات الرجالي .,neutral
18586,هل لي أن أفتح النافذة ؟,neutral
18588,الكراتية ، طريقة قتال يدوية تتكون بشكل أساسي من لكمات ورفسات حادة ، هو أيضا واحد من الفنون الحربية باليابان للدفاع النفس .,neutral
18589,هل لي أن أغير المقاس ؟,neutral
18590,متى سيتم تحويلها إلى مصرفي ؟,neutral
18591,هل لديك خيارات مفضلة في المقاعد ؟,neutral
18592,هذه الكاميرات لاستخدامي الشخصي .,neutral
18593,كم عدد الأشخاص لديك ؟,neutral
18594,أفضل طريقة هي أن تعيش في بلد أجنبي .,neutral
18595,إنها أربعة عشرة .,neutral
18597,نعم ، يمكننا القيام بذلك .,positive
18599,أريد إجراء حجزاً لثلاثة في الثامنة هذه الليلة .,neutral
18604,يسمح بتعقب أعراض مثل ألم البطن ، الإسهال ، الحمى ، الصداع ، التهاب الحلق ، الطفح الجلدي ، والتقيؤ التي قد تكون حدثت خلال أسبوعين قبل عودتك .,neutral
18605,كم التكلفة بالنسبة للكلمة إلى اليابان ؟,neutral
18606,أعتقد أن الاقتراحات جيدة ، شرط أن نجد الأشخاص المناسبين .,positive
18607,حسناً ، انطباعي هو عن أرض جبلية ، مزدحمة ، متصلة الحركة ، مليئة بالضوضاء ، نشيطة ، و تقريباً متفجرة . وعن أناس يعملون بجد ، مجتهدون ، لا يهدءون ، فضوليون ، يرغبون في تعلم كل شئ ، يأكلون و يشربون بنهم لكن بمذاق طيب ، يكسبون وينفقون بإفراط .,positive
18608,ذراعها مكسور .,negative
18611,في اليابان ، صنع القرار يبدو اكثر بطأ عنه في بلدنا .,neutral
18612,كم تتكلف الليموزين للذهاب إلى وسط المدينة ؟,neutral
18613,هلا نظرت لتري هل هو هناك ؟,neutral
18614,منذ هذا الصباح .,neutral
18617,من الأفضل أن نسرع . انهم يركبون بالفعل .,neutral
18618,كنت منطلقا بسرعة خمسة وأربعين في منطقة السرعة فيها خمسة و عشرون ميلا في الساعة . قد تذهب للسجن لمدة تسعين يوماً .,negative
18619,كم سيأخذ من الوقت حتى يلتئم ؟,neutral
18620,ما هو اسم هذه الساحة العامة ؟,neutral
18622,إني مسافر بمفردي . هل رشحت لي مرشدا محليا ؟,neutral
18624,احضر لي شوكة أخرى ، من فضلك .,neutral
18626,هلا طلبت تاكسي ؟,neutral
18627,تذكرتين ذهاب و عودة لواشنطن دى سى ، من فضلك .,neutral
18628,هل لديكم أي معدلات يومية ؟,neutral
18629,هلا أخبرتني عن ساعات العمل في مكتب البريد ؟,neutral
18631,كم المدة التي سيأخذها القطار المحلي حتى يصل إلى بوسطن ؟,neutral
18632,أنها مناسبة تماما .,positive
18635,أنت تدفع لي .,neutral
18636,أين إف أربعة عشر ؟,neutral
18639,طلبت دجاجا .,neutral
18640,لمدة عشرة أيام .,neutral
18641,هل لديك بعض الجوارب ؟,neutral
18642,كم عمر هذا الصبي ؟,neutral
18643,كم التكلفة كلها ؟,neutral
18645,عشرون دولار أرباع ، من فضلك .,neutral
18646,أريد نفس الشيء ، من فضلك .,positive
18647,اهتم بنفسك جيداُ حتى تعود إلى الوطن .,positive
18648,على فكرة ، هل أستطيع صرف هذا الشيك أيضا ؟,neutral
18651,هل تريد الذهاب إلى مباراة بيسبول ؟,neutral
18652,لذلك ارغب في استبدالها ؟,neutral
18654,هل أستطيع الحصول على بيان تغطية الإرسال بالفاكس ؟,neutral
18655,سآخذ شريحة .,neutral
18656,أين تفرق شعرك ؟,neutral
18657,أردت ذلك .,positive
18659,أخبرني كيف تبدو الأمتعة ، من فضلك ؟,neutral
18660,أريد أن ارجع هذه .,positive
18661,كم تكلفة الذهاب إلى باريس ؟,neutral
18663,انه ليس معد .,negative
18664,إذا انتظرت لحظة فقط ، سأجيب على أي تساؤل لديك .,positive
18665,لماذا لا يأتي الأتوبيس ؟,negative
18666,كم مرة يجب على تناول هذا الدواء ؟,neutral
18667,من فضلك اختر بلوزه جيدة لي .,positive
18668,أريد أن اتصل بطوكيو ، من فضلك .,neutral
18671,خذ ممتلكاتك القيمة معك ، من فضلك .,neutral
18673,أين الموقف ؟,neutral
18674,ليس لدى وقت . أسرع ، من فضلك .,negative
18675,لا يمكن الموافقة على هذا السعر .,negative
18676,الجو بارد . هل تستطيع عمل شئ ؟,negative
18678,أريد بعضاً من عش الغراب .,neutral
18681,هل لديك كراسة مجانية بالياباني ؟,neutral
18682,الفرع التشريعي هو الدايت .,neutral
18683,اسمى هو تارو يماماتو .,neutral
18685,لقد فقدت شيكاتي السياحية .,negative
18687,من فضلك أعطني دواء للبرد .,neutral
18689,معذرة هل هناك أي معبر للمشاة بالقرب من هنا ؟,neutral
18690,من فضلك ضعها في قمع .,neutral
18692,أنت في وسط شارع الغرب .,neutral
18695,واصل في الاتجاه المستقيم ، من فضلك .,neutral
18696,أريد شامبو و حلاقة .,neutral
18697,هل التقاط صور ممنوع هنا ؟,neutral
18699,أين كشك الاستعلامات ؟,neutral
18700,هل أستطيع عمل موعد غداً بعد الظهر ؟,neutral
18701,أريد كماشة .,neutral
18706,المكان كان في هذا المتجر .,neutral
18709,هل أستطيع التوقف ؟,neutral
18711,هل لك أن تزيل البقعة من هذه الملابس ؟,neutral
18712,استمر في الاتجاه المستقيم حتى نهاية هذا الطريق ، من فضلك .,negative
18714,أريد رواية إنجليزية يسهل قراءتها .,positive
18716,لا ، أنا فقط جامع بسيط . أقوم ببعض التجارة ، على الرغم من ذلك .,neutral
18718,مريض ، منشفة مبلولة ، من فضلك .,neutral
18720,هل ترغب في تناول الغداء معنا ؟,neutral
18723,إنني من السويد .,neutral
18724,هل لديك أكثر من خمسة آلاف دولار في أدوات نقدية ؟,neutral
18725,أراه دائما كل صباح في القطار .,neutral
18726,هل هناك متجر للأقمشة الجيدة للأطفال ؟,neutral
18727,هل تستطيع أن تتناول العشاء معنا هذا المساء ؟,neutral
18729,أريد تحويل ورقة نقدية إلى عملات صغيرة القيمة .,neutral
18730,هلا رتبت لك مضجع نومك .,neutral
18732,اجعلها كما هي ، من فضلك .,neutral
18733,احتاج لرؤية طبيب أطفال .,neutral
18734,أعلام على شكل أسماك مرفوعة و دمى ساموراى معروضة حولنا هذا اليوم .,neutral
18737,لقد كسبنا كثيراً لذلك دعنا نرجع مرة أخرى بلباس رسمي .,positive
18738,المحتويات تستحق نحو مائتي دولار .,neutral
18740,هناك ، من فضلك .,positive
18743,من فضلك اتصل بقسم المفقودات .,neutral
18745,خمسة و ثلاثين دولار و خمسة و تسعين سنتا في اليوم بالإضافة إلى تسعة سنتات للميل بعد أول مائة ميل .,neutral
18747,سأقيم في فندق بي حتى غداً . أكون مسروراً إذا أخبرته أنني هنا .,positive
18748,الفرامل القدم لا يعمل .,negative
18749,أريد مصباح قراءة .,neutral
18750,أريد قص الشعر ، من فضلك .,neutral
18751,ارغب في المغادرة مبكراً صباح الغد . هل أستطيع دفع فاتورتي الآن ؟,neutral
18753,ينبغي على إغلاق الغاز . انتظر دقيقة .,neutral
18754,ماذا لديك من مشهيات ؟,neutral
18759,رقم مقعدك مطبوع على تذكرة القطار السريع .,neutral
18761,هل ستغادر الرحلة في الموعد ؟,neutral
18762,هل لديكم أطباق محلية ؟,neutral
18763,هل لي أن اطلب منك أن تأخذني حتى موقف الأتوبيس ؟,neutral
18765,لثلاثة كبار .,neutral
18770,تأجلت الرحلة الجوية لمدة خمسة وأربعين دقيقة .,negative
18771,اسمى شينو يامادا .,neutral
18772,علبتين من النقود الرمزية ، من فضلك .,neutral
18773,أتمنى أن تأتى مرة أخرى .,positive
18776,"لا , ليس لدى , أشعر بغثيان و لا أستطيع الاحتفاظ بأي شئ في معدتي .",negative
18777,هل تستطيع أن توقف شيكاتي الشخصية ؟,negative
18778,يقال أن طعام التوفو قد نشأ في الصين منذ نحو ألفى عام .,neutral
18779,هل أستطيع الحصول على وصفة طبية ؟,neutral
18780,أود مشاهدة مباراة كرة سلة . هل يوجد أي تذاكر متوفرة ؟,neutral
18784,ما هو تخصص هذا المطعم ؟,neutral
18785,لقد سرق جواز سفري مع خمسة آلاف دولار نقداً .,negative
18786,لقد أخبرت للمجيء إلى هنا للحصول على تقرير الحادثة .,neutral
18788,لقد أصبت بالأنفلونزا .,negative
18792,هل أستطيع الاحتفاظ بقائمة طعامكم كتذكار ؟,neutral
18795,كيف أصل إلى المحطة ؟,neutral
18797,السيد جونز بالخارج الآن . من المقرر أن يعود بعد الثالثة بقليل .,neutral
18798,لدينا نبيذ أبيض ممتاز .,positive
18801,هل سترسلها لي مع بداية الشهر المقبل ؟,neutral
18802,بخير ، شكراً لك ، و أنت ؟,positive
18803,الجو شديد البرودة هذه الليلة .,negative
18807,إلى أين أنت متجه ؟,neutral
18808,هل تحب أن تتناول العشاء ؟,neutral
18811,لحم مفروم ، من فضلك .,neutral
18812,أريد الخضوع لفحص طبي .,neutral
18813,هذه هدية لأصدقائي .,positive
18814,ماذا ستأخذ من الحلوى ؟,neutral
18816,دعني أعرف التكلفة لاحقاً .,neutral
18818,لقد قضيت هناك نحو ستة أعوام .,neutral
18820,أكمل بالعادي ، من فضلك .,neutral
18823,إذا كنا نستطيع خدمتك ، من فضلك لا تتردد في النداء علينا .,positive
18824,هل لي أن اخذ مقاسك ؟,neutral
18825,انه قطن .,neutral
18826,من فضلك خذ هذه الأمتعة لموقف الأتوبيس .,neutral
18828,يوجد القليل ، لكن ماذا ترغب في أن تأكل ؟,neutral
18830,فقط دواء للبرد .,negative
18831,هل ستنادي علي صديقتي الآنسة يوكيكو أودا ؟,neutral
18832,هذه ماسة وزنها قيراط واحد ، صحيح ؟,neutral
18833,اسمه السيد هارادا . شكراً جزيلاً لك .,positive
18834,هل تستطيع إنزال أمتعي إلى الردهة غداً صباحاً ؟,neutral
18836,أوه ، يبدو أنني افقد شيء ما كل وقت أسافر فيه .,negative
18837,هل لديكم متجر اونجارو بالقرب من هنا ؟,neutral
18838,أين الحصن ؟,neutral
18841,سعيد لرؤيتكم ، أيضا .,positive
18842,أنا ذاهب إلى فلوريدا .,neutral
18845,فقدت استخدام الذراع الأيمن .,negative
18847,هالو ، هل هذه تعود إلى روي ؟,neutral
18848,عندئذ ، ستأتي إلى شارع تسوق . إذا سلكت الشارع ستصل إلى المحطة .,neutral
18849,اعتقد أننا قد أنهينا عملنا اليوم ، يا سادة .,negative
18850,سر في الاتجاه المستقيم في هذا الشارع . تجاوز ثلاثة مربعات سكنية وستأتي للحديقة . المتحف في الحديقة .,neutral
18854,أحتاج إلى أسبرين .,neutral
18855,أين أستطيع أن أشتري طوابع ؟,neutral
18857,هل أستطيع الحصول على تذكرتين درجة أولى لنيويورك ، من فضلك ؟,neutral
18861,كيف اطلب ؟,neutral
18862,كم ساعة سيستغرق الذهاب إلى هناك ؟,neutral
18863,أيها الضابط .,neutral
18865,الطعام الياباني يتضمن سمك نيء ، سوشي ، تيمبيورا ، الخ .,neutral
18866,أشعر بالكسل .,negative
18869,ربما كذلك .,neutral
18872,لا ، ليس هنا . هناك حجرة تدخين قرب مؤخرة هذه الحافلة .,negative
18875,متى يغادر هو ؟,neutral
18876,هل قست درجة حرارتك ؟,neutral
18877,هل لي بدليل سياحي ؟,neutral
18878,هل يوجد أي شئ قيم أو قابل للكسر في حقيبتك ؟,neutral
18879,كن هناك بحلول التاسعة ، من فضلك .,neutral
18880,هل أستطيع استبدال هذا الحذاء ذو الرقبة بواحد اصغر ؟,neutral
18881,من فضلك دعها لي .,neutral
18883,لا أحب هذا .,negative
18885,متى الرحلة الجوية المقبلة ؟,neutral
18886,هل لديك عصير جريب فروت ؟,neutral
18887,هذا الطريق ، استدر إلى اليسار .,neutral
18888,من فضلك مرر كرة لي .,neutral
18890,هل لي أن آخذ صورة بكاميرا الفيديو الخاصة بي ؟,neutral
18892,هذه فكرة جيدة .,positive
18894,هل ترغب في أن تقوم بترتيبها ؟,neutral
18895,هذا متأخر إلى حد ما في المساء .,neutral
18896,اسمى ياماماتو .,neutral
18900,المرحاض لا يغسل . من فضلك أرسل أحد إلى أعلى .,negative
18901,كم مساحة موقع المصنع ، بقياسات مترية ؟,neutral
18903,أنا آسف . لكن لا اعرف أين مقعدي .,negative
18905,أريد أن استرجع المال .,neutral
18906,نعم ، سيدي . كيف تريدني أن اقطعها ؟,neutral
18907,أبحث عن شئ ما بعلامة برادا المعدنية .,neutral
18912,اعتقد أن هناك خطأ في الفاتورة .,negative
18914,هل تستطيع أن تريني شئ ما على مقاسي ؟,neutral
18916,إنني في الأتوبيس الخطأ .,negative
18917,زيت و خل فقط سيكون جيداَ .,positive
18918,هل لي أن أرى جواز سفرك ، من فضلك ؟,neutral
18919,لقد فهمت ما أردت أنت بالضبط . هل لي أن اقترح ذلك ؟,positive
18920,سآخذ هذا و هذا وهذا ، من فضلك .,positive
18921,ايكيبانا هو فن ترتيب الزهور . هناك اكثر من ثلاثة آلاف مدرسة ايكيبانا في اليابان .,neutral
18923,رقبتي تؤلمني .,negative
18924,أريد اثنين من الأومليت ، من فضلك .,positive
18926,فقط هذب الأطراف ، من فضلك .,neutral
18927,هل أستطيع الحصول على مجلة معلومات الحفلة ؟,neutral
18929,أعطني خمسين جالون من الرصاص ، من فضلك .,negative
18930,أعاني من فقر دم .,negative
18931,من فضلك أخبرها أن تتصل بي .,neutral
18932,لقد فقط اشتريت هذا .,neutral
18934,كيف أكل مخالب الكابوريا الكبيرة هذه ؟,neutral
18935,هل هذا الأتوبيس يذهب إلى كارميل ؟,neutral
18936,بيضتين ، مسلوقتين .,neutral
18938,قهوة بالسكر .,neutral
18940,هل ستأخذ للخارج أم تأكل بالداخل ؟,neutral
18941,متى وقت الإغلاق ؟,neutral
18942,أريد إعادة تأكيد حجزي .,neutral
18946,الثاني و الثلاثين من نوفمبر هو يوم الشكر العمالي .,neutral
18947,هل من الصعب فهمها ؟,neutral
18948,إنها سبعة عشر ايه . اوه ، انا آسف . لقد أخطأت .,neutral
18949,هل لي أن اشتريها معفاة من الضرائب ؟,neutral
18951,هل سمعت من قبل عن أسبوع ذهبي في اليابان ؟,neutral
18954,أريد الانتظار لعدد قليل آخر من الساعات بعد وقت المغادرة .,neutral
18957,شكراً لك . من فضلك عاود مرة أخرى .,positive
18958,لدينا برتقال ، تفاح ، جريب فروت وعصير طماطم .,neutral
18961,أريد استرجاع المال .,neutral
18962,هل مفاصلك تؤلم ؟,negative
18963,هل هو محجوز بالكامل ؟,neutral
18964,رقم تأكيدي هو خمسة ستة سبعة كيو ال أر .,neutral
18968,لماذا هي ساخنة جداً ؟,negative
18969,خذ هذه الروشتة للصيدلية .,negative
18971,اعمل بشركة سياحة ؟,neutral
18973,الطرف الذي أريد استدعاءه هي السيدة يوكو نيشيهارا .,neutral
18974,هل يمكنني تركها في أي مكان من البلاد ؟,neutral
18977,هل هناك ساحة للتزلج بالقرب من هنا ؟,neutral
18979,"يتعين علىّ العودة قبل خمس دقائق . هل يسعني الذهاب إلى "" مول "" المنفذ ؟",neutral
18982,إنك لم توقف عدادك .,neutral
18984,من فضلك ألغها أمامي .,negative
18985,هل يمكنك تسجيل اسمي بقائمة الانتظار ؟,neutral
18986,ما الرقم الذي أطلب منه هنا ؟,neutral
18987,إني هنا لمشاهدة المعالم .,neutral
18992,هل لك أن تناولني الكاميرا بعد أن أدخل ، من فضلك ؟,neutral
18994,بوسعك أن تمشي . ما عليك إلا اتباع الإشارات .,positive
18995,هل لديك وقت الليلة ؟,neutral
18996,أين مكاتب استئجار السيارات ؟,neutral
19000,كلا كنت في عجلة من أمري . ماذا أفعل ؟,neutral
19001,أهذه هي الحافلة ؟,neutral
19002,كيف يمكنني الذهاب إلى ديزني لاند ؟,neutral
19005,أتظن ذلك ؟,neutral
19006,أظن أني سأخصص الخمس دقائق الأخيرة للرد على أية أسئلة .,neutral
19007,معذرة . أين المطعم الرئيسي ؟,neutral
19008,هل يمكنك أن تزكي لي مطعما إيطالياً جيداً ؟,neutral
19009,أريد الاتصال هاتفياً باليابان .,neutral
19011,لقد سكرت الليلة الماضية ، على ما يبدو .,neutral
19014,ادفع فقط .,neutral
19016,إليك كراسة بها الكثير من الرحلات لمشاهدة المعالم بالحافلة . وهي تشمل رحلات يوم كامل ، ونصف يوم وأخرى صباحية وليلية .,neutral
19017,هل من الممكن أن نكمل هذه الرقصة في أي وقت آخر ؟ إني آسف .,neutral
19018,من أين يمكنني أن أستقل حافلة إلى وسط المدينة ؟,neutral
19019,أريد تمويج أنيق ، من فضلك ؟,positive
19020,هل تبقى قهوة ؟,neutral
19021,أيمكنني مساعدتك في العثور على شيء ؟,neutral
19024,حسنا . بعد حوالي عمارتين أخريين ، فيما أظن .,neutral
19025,إذا قسمنا اثنين وسبعين على تسعة كان الناتج ثمانية .,neutral
19029,أريد كريما للبشرة العادية .,neutral
19032,سمعت أن اليابانيين يجتهدون .,positive
19033,ما رأيك لو استمعنا إلى موسيقى الجاز ؟,neutral
19035,السائحون ، هنا ؟,neutral
19036,رقم مقعدي دي اثنا عشر . أين هو ؟,neutral
19037,ما هذا من فضلك ؟,neutral
19038,ما النمط الذي في مخيلتك ؟,neutral
19039,بكم تريد أن تفتح الحساب ؟,neutral
19042,ما معنى علامة المرور هذه ؟,neutral
19043,هل يسعك أن تخبرني كيفية استيفاء هذه الاستمارة ؟,neutral
19045,أجل . سنصل في الثامنة حسب التوقيت المحلي .,neutral
19046,دعني أفكر في ذلك ولسوف أتصل بك مرة أخرى ؟,neutral
19048,سأقدر تكاليف السفر .,neutral
19049,هل يمكنني الحصول على إيصال للتأمين الصحي ؟,neutral
19050,إن عثرت على شيء ، اتصل بي من فضلك .,neutral
19051,هل يمكنني ترك السيارة في أي فرع من فروعكم ؟,neutral
19052,هل من الضروري تقديم فكة بقيمة تذكرة الحافلة بالضبط ؟,neutral
19053,هل تسكن هنا ؟,neutral
19054,عجل ، ولسوف تلحق بهم .,neutral
19057,هل لي في شيء من لحم الخنزير والبيض ؟,neutral
19058,إني مصاب بحمى .,negative
19060,إنها الخامسة واثنان وثلاثون .,neutral
19063,والآن أجدني بلا عمل يشغلني لبضعة أيام .,negative
19064,شراب الشمام كحلاء ، من فضلك .,positive
19065,من المتحدث الليلة ؟,neutral
19066,كلا ، ليس لدينا ذلك . لدينا فقط من يتحدث الإنجليزية .,neutral
19068,المياه الساخنة ليست ساخنة بالقدر الكافي .,negative
19069,هل يعمل ذلك آليا ؟,neutral
19072,هل هذا مغلق ؟,neutral
19073,انطلق ، من فضلك .,neutral
19074,درجة أولى أم ثانية ؟,neutral
19075,يتعين عليك الوصول هناك قبل السادسة .,neutral
19076,يروقني رقصك .,positive
19077,هل الغوص بالقرب من هنا آمن ؟,neutral
19080,سنخرج للتسوق حالا .,neutral
19081,هل يمكنك الاتصال به في صباح الغد كما وعدت ؟,neutral
19083,مرحبا بك . يسعدنا أنك متفهم .,positive
19085,هل يمكنك توضيح كيفية عمل ذلك ؟,neutral
19090,بكم جالون من البنزين الممتاز ؟,neutral
19092,هل يعلن قاطع التذاكر عن المحطات ؟,neutral
19093,ما رأيك لو التقينا هنا في الساعة الرابعة ؟,neutral
19094,من فضلك سجل عنوان الاتصال بك هنا .,neutral
19095,بالتأكيد . دعني أفكر . هل يمكنني تناول من الخمر الأسباني في البداية ؟,neutral
19096,عمل من هذا ؟,neutral
19097,معذرة . هل يمكنك إخباري هل ثمة مطعم إيطالي بالقرب من هنا ؟,neutral
19099,سأجهزه لك قبل حلول الرابعة النصف .,neutral
19100,هل يمكنني استخدام إِشارة ضوئية ؟,neutral
19101,شكراً . عد إلى غرفتي في نفس الوقت غدا . ستكون الصور جاهزة . قبل ذلك .,positive
19102,كم محطة إلى متحف الفن ؟,neutral
19103,آسف فالآن لا يمكنك الطلب سوى من قائمة الطعام الليلية .,neutral
19104,هل ترغب في أن نطلبها لك .,neutral
19105,هل يتوقف القطار السريع في سان ديجو ؟,neutral
19106,ثمة خدش هنا .,negative
19108,من أين يأتي هذا التفاح ؟,neutral
19109,كيف وجدت هذا المطعم ؟,neutral
19110,أريد الوصول إلى مكتب المدينة .,neutral
19112,أيمكنك لف الهدية ، من فضلك ؟,neutral
19113,برصاص أم بدون رصاص ؟,neutral
19114,أهذه رحلة نصف يومية ؟,neutral
19115,السبت والأحد عطلة .,neutral
19117,من فضلك ذكرني عند وصولي إلى فيكتوريا .,neutral
19118,أريد موعداً عك في عصر غدا .,positive
19120,إذن ، ما هي خططك بالنسبة لباكر ؟,neutral
19121,مكتب الاستقبال أنا ناكمورا . لقد دخلت الفندق من فوري . ولكن هذه الغرفة لا تروقني .,negative
19123,كم من الوقت يستغرق ذلك ؟,neutral
19124,هل لديك شيء لنزلات البرد ؟,neutral
19128,اسمي رزيا كوباياشي ، والرقم هو اثنان صفر اثنان اثنان اثنان صفر اثنان واحد صفر صفر .,neutral
19130,مائدة تطل على منظر جيد في المحيط من فضلك .,positive
19131,من فضلك اعطني بعض الأماكن للاتصال بها في حالة التعرض المشاكل .,neutral
19132,نعم ، لقد تلقيت علاجاً للسكر في اليابان .,negative
19133,نود الجلوس جنباً إلى جنبي .,neutral
19134,هل لي في كوكاكولا دايت ؟,neutral
19135,أي نوع من الغرف تود ؟,neutral
19143,أريد ركوبها .,positive
19144,أشعر بصداع .,negative
19145,بوسعك أخذها عند بوابة المغادرة .,neutral
19147,هذه هي الغرفة اثنا عشر صفر سبعة .,neutral
19148,أريد غرفة أخرى .,neutral
19149,كان بحافظتي بطاقات ائتمان . وأوراق مالية .,neutral
19152,خطئي .,negative
19153,سيتعين عليك أن تقدم طلب تأمين إلى مكتب التأمين باليابان .,neutral
19154,هل يمكنك تبديل هذه ؟,neutral
19156,كم مدة صلاحية هذه الفيزا ؟,neutral
19157,أخشى ألا يكون لدينا أية شيء شاغر .,negative
19159,كم تستغرق بالبريد العادي ؟,neutral
19160,أهذا ذهب ؟,neutral
19161,ليس في وسعي أبداً أن أخمن عمر أي شخص ياباني منكم .,negative
19162,هل ثمة مستشفى قريب من هنا ؟,neutral
19165,هل من الممكن من فضلك أن ترسم خريطة لي ؟,neutral
19166,كان ذلك المحل أرخص من سواه .,positive
19167,أنا آن بروان .,neutral
19170,أريد بزة .,neutral
19171,هل يسعني الاتصال هاتفياً من غرفتي مباشرة ؟,neutral
19172,هل يمكنك أن تضعها في علبة ؟,neutral
19173,إن جواز سفرك لم يعد ساري المفعول .,negative
19175,هذا بالغ السوء . سأتصل هاتفياً بالسفارة اليابانية وأسألهم عما ينبغي عليك صنعه .,neutral
19176,تأكدوا أن أحزمة مقاعدكم مربوطة جيدا .,neutral
19177,أين المرحاض ؟,neutral
19178,أريد استئجار دراجة ذات عشر سرعات .,neutral
19179,ألديك لون أكثر دُكنة ؟,neutral
19181,لا أظن ذلك .,neutral
19182,هل يهم لو كنتُ مبتدئاً ؟,neutral
19184,إني مع أسرتي . ولذا لا يسعني أن أعطيك رقم غرفتي .,neutral
19185,لا أجد بطاقة السعر .,negative
19186,أريد مكالمة إيقاظ في الصباح .,neutral
19187,أين يسعني أن أحجز في الفنادق ؟,neutral
19190,هل يتعين علىّ أن أعيد تأكيد حجزي ؟,neutral
19193,وهو كذلك يا سيدي . سنرسل من يصلحها في الحال . من فضلك انتظر برهة .,neutral
19194,إنها ستة وأربعين . كل مقاطعة يرأسها محافظ ، وكل منها لها مجلس خاص بها .,neutral
19196,ألديك مقاس أوسع ؟,neutral
19197,نعم ، سنتجول في المنطقة ونبيع المنتجات بعد ساعة أو نحوها .,neutral
19198,كان ذلك منذ عشرين دقيقة .,neutral
19200,أيمكنك هجاء ذلك لي ؟,neutral
19201,ما أكثر الأفلام المعروضة تشويقاً ؟,positive
19202,في هذه الحقائب الورقية البنية .,neutral
19203,أرجو أن أراك ثانية .,positive
19209,هذا لأنها مصنوعة من الحرير .,neutral
19211,أريد مقاساً أصغر بنمرة واحدة ، فهذا بالغ الضخامة بالنسبة لي .,negative
19213,هل تناولت هذا من قبل ؟,neutral
19214,إني جائع .,neutral
19215,هل يمكن أن أقيس مقاس تسعة .,neutral
19216,أيمكنك إعطاؤه علاجاً مؤقتا . أيها الطبيب ؟,neutral
19217,أريد فندقاً آمنا يقدم إفطاراً جيدا ، من فضلك ؟,positive
19218,أشكو من حمى .,negative
19219,آسف ، ليس معي أية فكة . هل يمكنك إعطائي تسعة تسعين دولاراً ؟,negative
19221,أهلا ، نحن جيران على ما يبدو .,positive
19226,أين حديقة الحيوان ؟,neutral
19227,هل ثمة حافلة من المطار إلى وسط المدينة ؟,neutral
19228,لا يسعني تشغيل غاسل المرحاض .,negative
19230,أعضاء المجلس يظلون في مراكزهم ست سنوات ، بينما يدخل نصف الأعضاء الانتخابات كل ثلاثة أعوام .,neutral
19231,لا أريد شيئاً آخر ، من فضلك .,negative
19232,هل لديك أحجام أكبر ؟,neutral
19233,قيد في حسابي الآن ، من فضلك ؟,neutral
19235,لقد لعبت المدافع التي أدخلت لليابان في ذلك الوقت دوراً مهماً في كسب المعارك .,neutral
19238,هل لديك أحجام أكبر ؟,neutral
19239,معنى هذا أنك فقدت أيضاً تأشيرتك . يتعين عليك أن تطلب إعادة إصدارها من مصلحة الجوازات والهجرة .,negative
19240,أعاني من ضعف الإبصار .,negative
19241,هل ثمة محل للحلاقة ؟,neutral
19243,معذرة . من فضلك أخبرني كيف أصل إلى محطة شينجوكو .,neutral
19245,من فضلك أرسل بريدي إلى هنا .,neutral
19246,من فضلك أخبر رئيس الطهاة أن هذا الصنف لذيذ جداً .,positive
19250,ثلاثون دولاراً وثمانون سنتا .,neutral
19251,"يتوقف الأمر على درجة حرارة المكان . ولكن في وسط اليابان , في أوائل أبريل .",neutral
19253,إن التلفزيون به عطل .,neutral
19254,أريد تذكرة ذهاب وعودة إلى أكسفورد الساعة التاسعة من اليوم الخامس .,neutral
19255,لا يسعني أداء ذلك .,negative
19256,ما مدى الكفاءة الميلية للسيارة ؟,neutral
19257,أنا ساتو . استأجرت سيارة هذا الصباح .,neutral
19258,أريد سندويتش برجر بالجبن ومقليات .,neutral
19263,صحيح . شكراً . على فكرة ، هل من الضروري ارتداء الزي الرسمي ؟,neutral
19264,هل يسعك إعطائي اسم طبيب ورقم تليفونه ؟,neutral
19266,هل ثمة دواء لدوار السيارة ؟,neutral
19268,أريد عدد من البنطلونات .,neutral
19269,لقد بالغ آخر قطار في التأخر .,negative
19270,هل يمكنك انتظاري هنا ؟,neutral
19271,هل ثمة وسيلة مواصلات إلى بيرث ؟,neutral
19272,نعم . هل يمكننا الإطلاع على قائمة الحلوى ؟,neutral
19273,هل ثمة عرض للصوت والضوء ؟,neutral
19274,نعم ، هو . إذن مسجل هنا يا سيد يامادا ؟,neutral
19275,"في الوسط , من فضلك . هل مقعدين متجاورين ؟",neutral
19276,نعم . أية خدمة ؟,neutral
19277,هل يمكنك عمل خصم في حالة الإقامة ليلتين ؟,neutral
19281,ليس معي فكة صغيرة .,neutral
19282,أريد أن آخذ دشاً .,neutral
19288,متى سيتم إنجازها ؟,neutral
19289,في حالة الإلغاء ، من فضلك اتصل مقدما .,neutral
19291,هناك كاميرا بالداخل . من فضلك احتفظ بها في مكان آمن .,neutral
19293,أين محطة البنزين ؟,neutral
19294,هل أخذت تذكرة الحافلة ؟,neutral
19295,هل يتوقف هذا القطار في بالتيمور ؟,neutral
19296,هل يمكنك أن تحضر لي شيئاً من الماء من فضلك ؟,neutral
19297,كلا . شكراً . سيكون ظلاماً أغلب مدة الرحلة ، على أية حال .,neutral
19298,إني أنظر فحسب . شكراً .,neutral
19299,معذرة ، ولكن لا أظن هذا الرقم صحيحاً .,negative
19300,هل يشمل هذا المشروبات ؟,neutral
19301,كم يتبقى من الدقائق للقطار حتى يصل ؟,neutral
19302,من أية بوابة ستغادر هذه الرحلة ؟,neutral
19304,اسم الفندق الذي ستقيم فيه الليلة ، يا سيدي .,neutral
19305,هل يتعين علىّ أن أحجز مقعداً على القارب في النهر ؟,neutral
19306,البطاقة الائتمانية ، من فضلك .,neutral
19307,كنت على رحلة يونيتد إيرلاينز رقم ثمانية اثنان ثمانية .,neutral
19309,سيأتي شخص واحد فيما بعد .,neutral
19310,هل يمكنك أن تكرر ما قلت ؟,neutral
19313,هل المسرح قريب ؟,neutral
19314,ثمة ستة أشخاص في مجموعتنا . نريد أن نجلس إلى نفس المائدة ، من فضلك .,neutral
19315,إنه ذلك الطريق .,neutral
19317,إن حول غرفتي ضجيجا بالغا .,negative
19318,على الساحل الشرقي ، تجد أيضاً أماكن شهيرة . مثل نيويورك ، واشنطن ، دي دي وبوسطن .,neutral
19320,شكراً على دعوتك لي للبقاء من أجل تناول العشاء .,positive
19323,معذرة ، هل لديك الموعد ؟,neutral
19324,عصير برتقال ، بيرة ، خمر ، ويسكي وكوكتيل .,neutral
19327,هل لديك صحف يابانية ؟,neutral
19329,هذا طيب ، على ما يبدو .,positive
19330,قف في الطابور . وسأذهب واحضر لنا قمعاً من الأيس كريم .,neutral
19334,أية حافلة متجهة إلى فندق جراند ؟,neutral
19335,أريد الحجز لليلة غد .,neutral
19339,أعطاني الطبيب روشتة .,neutral
19342,اجل . وما هو نوع خلطة السلطة .,neutral
19345,كيف تريدها ؟,neutral
19346,هل تمانع في أن أترك حقائبي معك حتى الساعة الواحدة ؟,neutral
19347,هل ثمة رحلة في المدينة ؟,neutral
19351,هل تقبلون شيكات سياحية ؟,neutral
19352,هذا لطف منك ، ولكن أخشى أن لدي بعض الأعمال التي يتعين الانتهاء منها قبل حلول صباح غد .,negative
19353,بدأت أشتاق للارز وشوربة ميسو .,negative
19358,لا . شكرا . هل يسعنا الحصول على كوبين من الماء ، من فضلك ؟,neutral
19360,أجل . أخشى أني مضطر لذلك . ما مدى حفظ الأمن في هذه المنطقة ؟,negative
19363,أنا عاجز عن الحديث بالإنجليزية إلى حد ما .,negative
19367,هل يسعني الحصول على بعض الماء ، من فضلك ؟,neutral
19368,في أي طابق هي ؟,neutral
19373,افضل الشاي .,neutral
19374,لو كان معك ما اضطررت لأن تدفع الأجرة مرة أخرى . عندما تأخذ الحافلة رقم أربعة وأربعين .,neutral
19376,هل يمكنك إعطائي الملح ؟,neutral
19378,هل لك أن بريني ساعة اليد تلك ؟,neutral
19380,الساعة الآن الواحدة .,neutral
19382,"أريد تذكرتين لعرض الأربعاء , من فضلك .",positive
19386,كم ضريبة المبيعات ؟,neutral
19387,من فضلك اطلب الرقم ثمانية .,neutral
19391,أفهم ذلك . أحاول استئجار سيارة سيتروين .,neutral
19392,خذ رحلة الساعة الرابعة إلى نيويورك ، ثم خذ آخر رحلة إلى واشنطن من نيويورك .,neutral
19395,إنها حقيبة يد جلدية بنية اللون .,neutral
19396,واحدة . كنت ، من فضلك .,positive
19398,إنها في الطابق الثاني .,neutral
19401,لدي موهبة فطرية .,positive
19402,متى فقدتها ؟,neutral
19404,أريد مكبر ؟,neutral
19405,من فضلك . اصلح هذا .,negative
19406,طبعا . ستكون جاهزة قبل حلول الثلاثاء .,positive
19407,هل تتناول الخمر بالكوب ؟,neutral
19409,اشعر بالتعب الشديد . من فضلك استدع طبيباً .,negative
19410,هل وصلتني أية فاكسات ؟,neutral
19411,أي طابق ؟,neutral
19413,هذا رائع . أين الخبز ؟,positive
19414,هل يمكن الدفع باستعمال شيك سياحي ؟,neutral
19415,ركن المدخنين ، من فضلك . وشباك بجوار النافذة ، من فضلك .,positive
19419,نتبادل الهدايا مع أصدقائنا المقربين في عيد رأس السنة .,positive
19421,إليك روشتة من د . تومسون .,neutral
19423,كم تتقاضى نظير التفصيل ؟,neutral
19424,أين محطة الحافلات إلى شيكاغو ؟,neutral
19425,هل يمكنك أن تحضر لي بعض الفلفل ، من فضلك ؟,neutral
19426,إني بلا عمل .,negative
19428,نعم . إنها في الطابق الثالث .,neutral
19431,هناك رحلة مشي إلى الأماكن الشهيرة .,neutral
19436,من فضلك خذني إلى أقرب مستشفى .,neutral
19439,إنها شديدة الجمال .,positive
19442,أريد شراء خمسة . حتى في هذه الحال ألا يمكنك تخفيض السعر ؟,neutral
19443,من فضلك اعطني مقعد بجوار النافذة في الخلف .,neutral
19444,أيهما أسرع : سيارة أجرة أم إسعاف ؟,neutral
19445,هل يمكن أن أحضر لك شيئاً ، بلاستر لاصق أو أي شيء من هذا القبيل ؟,neutral
19446,أين الأماكن الجميلة التي يمكنني زيارتها ؟,neutral
19447,لا أستطيع أن أقطع برأي . سأعود فيما بعد .,negative
19449,هل يمكنك التأكد من الإطارات ؟,neutral
19450,عفواً . أية طريق يؤدي إلى الحقائب التي تخلفت ؟,neutral
19451,أريد الذهاب إلى مطعم .,positive
19452,ارني ذلك . من فضلك .,positive
19454,سأكون ممنوناً لو أعدت النظر في تجديد العقد .,positive
19455,أين الأشياء التي فقدت ثم تم العثور عليها ؟,neutral
19457,على أي ارتفاع نحن الآن ؟,neutral
19460,هل لديك ألوان أخرى لهذا التي شيرت ؟,neutral
19461,أريد معطفاً ثقيلاً للعشاء .,neutral
19463,ينبغي ألا تشاهد التليفزيون طوال الوقت .,neutral
19464,إني من محبي الأطباق الأمريكية .,positive
19465,هل يمكنني أن أسأل سؤالاً أخيراً واحدا ؟,neutral
19466,أجل ، إننا على وشك معالجته ، على وشك معالجته .,neutral
19467,من الأفضل لك أن تدخل مستشفانا .,negative
19468,هل يمكنني الحصول على هامبرجر .,neutral
19469,أين يمكنني أن أجد سوبر ماركت ؟,neutral
19470,نود أن تأتي وتقضي بضعة أيام معنا في هذا الربيع .,positive
19472,أهذه البوابة للرحلة المتوجهة إلى طوكيو ؟,neutral
19475,إنه غالي الثمن إلى حد ما . ألا يمكنك منحي خصماً ؟,negative
19476,كم مرة ينبغي علىّ تناوله في اليوم ؟,neutral
19477,شاي بالليمون ، من فضلك .,positive
19478,تؤلمني هذه السنة في أعلى الفم .,negative
19479,كم محطة قبل التحويل ؟,neutral
19480,على أية رحلة وصلت ؟,neutral
19482,آسف لإزعاجك ، ولكن هل يمكنك التفضل بأخذ صورة لنا بهذه الكاميرا ؟,neutral
19483,لقد كسر ذراعي .,negative
19484,هل يقوم الركاب بالركوب الآن ؟,neutral
19487,خذ القطار الأخضر من الرصيف رقم ستة .,neutral
19490,لقد سرق ذلك الرجل كيس نقودي .,negative
19494,حبوب عسر الهضم تختلف عن حبوب ألم المعدة ، أليس كذلك ؟,neutral
19496,من فضلك أخبرني ما هو المطعم الذي يفضله المحليون ؟,neutral
19497,أريد أن أرى الميناء .,positive
19498,لقد سقطت مني الكاميرا . هل يمكنك فحصها ، من فضلك ؟,neutral
19499,آسف . لقد سكبت الخمر على الأرضية .,negative
19500,فكرة جميلة .,positive
19501,كم تستغرق مشياً على الأقدام ؟,neutral
19502,آسف جداً إنه قد خرج . أمعك موعد ؟,negative
19503,الرحلة جي إي إل إلى طوكيو في الثالث من مايو .,neutral
19504,من فضلك أخبرهم أني قد تصرفت على نحو لائق .,neutral
19505,سآخذ عشرين دب لعبة من أكبر حجم .,positive
19507,ما هو رقم الصراف ؟,neutral
19508,الأمر يسير . سأنظر في دليل الهاتف فحسب .,positive
19509,هل لديك غرف أكبر ؟,neutral
19510,هل يمكنك إدخال عدسات طبية في العدسات الشمسية هذه ؟,neutral
19511,على فكرة ، هل سأضطر إلى استعمال رابطة عنق ؟,neutral
19514,أريد تحويلها إلى نفس الرحلة . ولكن في الرابع من مارس .,neutral
19518,إذن ، هل يمكنك ! أخذه إلى الطاولة هناك ؟,neutral
19519,هل ثمة حافلة إلى وسط المدينة ؟,neutral
19520,من فضلك رد على في الصباح .,neutral
19521,اعطني دواء للمعدة ، من فضلك .,neutral
19522,ليس بحقيبتي هذه سوى متعلقاتي الشخصية .,neutral
19523,معذرة . هل يمكنني المرور ، من فضلك ؟,neutral
19526,أريد الذهاب على الحمام ، ولكن معي حقائب كثيرة ، سأضطر إلى الانتظار .,negative
19528,كان بالغ الطول والبطء .,negative
19529,نحن نعتني بالأظافر ونطليها .,neutral
19530,هل من المتوقع أن يصل القطار في موعده ؟,neutral
19531,الغرفة المجاورة بها ضجيج .,neutral
19532,إنه ليس بالصالح ولا بالطالح .,negative
19534,هل يمكنني استعارة مفتاح عمومي ، من فضلك .,neutral
19537,إن وجودي معك يسعدني .,positive
19538,خذني إلى الشرطة .,negative
19539,إن الأقراص المدمج أرخص كثيراً في هذا المحل .,positive
19540,أريد أن يكون جلدي أملساً .,negative
19541,إن الطرف الآخر على الخط . هيا تفضل .,neutral
19542,متى آخذ هذا ؟,neutral
19543,هل يمكنني السداد بشيك سياحي ؟,neutral
19544,لا أستطيع العثور على صديقي . أيمكنك استدعاؤه ؟,negative
19546,ويسكي بدون ماء ، من فضلك .,neutral
19547,كم فاتورة الحساب ؟,neutral
19548,أود الإقامة بهذه الغرفة ليلة واحدة أخرى .,neutral
19549,طبعاً ، في هذه الحال ، ستقدم شركة الطيران تعويضاً .,neutral
19551,هذا قلم جاف .,negative
19553,هذه مخبوزات يابانية .,neutral
19554,كم سيتعين علينا الانتظار على وجه التقريب ؟,neutral
19555,إني على ما يرام . أشعر بأني في حالة طيبة .,positive
19557,إننا متفقان تماما .,positive
19559,لديك محطة أخرى عند شيكاغو .,neutral
19560,معذرة . ولكني أريد تسليم تقرير السرقة .,neutral
19562,كلا . ولكن تستطيع ذلك من الخارج أو في الرواق .,neutral
19564,لقد أودعت وديعة .,neutral
19568,أريد عينة بول .,neutral
19569,كشراً جزيلا .,positive
19570,إني في الانتظار .,neutral
19572,حسنا ، الأمر يتوقف على وسيلة المواصلات التي تأخذها . هل ستذهب بالحافلة أم الطائرة ؟,neutral
19573,ليس لدي حجز ، ولكن هل يمكنني الغوص هذا العصر ؟,neutral
19578,هل تمانع في جلوسي هنا ؟,neutral
19580,ألعب التنس مرتين في الأسبوع .,neutral
19581,هل يمكنني أن أرسل أي ميل واحد فقط قيمته دولار .,neutral
19583,أين أقرب محطة مترو من هذا الفندق ؟,neutral
19585,"من فضلك اكتب في أعلى الطرد البريدي "" حقائب بلا مرافق "" .",neutral
19589,أجل ، من فضلك أرسله إلى الغرفة اثنا عشر أربعة وثلاثون .,neutral
19592,تُرى هل ستمطر غدا ؟,neutral
19593,هذا لطف منك .,positive
19595,أين يمكنني العثور على أقراط ؟,neutral
19596,إنها رائعة . لا يمكن أن تكون تافهة . على العكس .,positive
19597,هل يمكنني أن أستعير مفتاحاً للحمام ؟,neutral
19598,عندما يعود ، من فضلك اطلب منه أن يطلب السيد أوكادا هاتفيا .,neutral
19599,أريد بفتيك جيدة مع بطاطس مشوية .,positive
19601,خمسة عشر إي . أتراني جالس في غير مكاني ؟,neutral
19603,متى ستعود ؟,neutral
19605,أريد بوفتيك .,neutral
19607,هذا صحيح . إن لدينا أيضاً مواقع تاريخية شهيرة في المدينة والمنطقة المجاورة .,positive
19609,حقا . هذه ثاني مرة بالنسبة لنا منذ جاءنا هنا لقضاء شهر العسل .,neutral
19610,"املأ استمارة التسجيل هذه , من فضلك .",neutral
19611,ليس لدي هوايات . فقط الاجتهاد في العمل مثلي مثل أغلب اليابانيين .,neutral
19615,أجل . رغم شعوري وكأنني جئت هنا مرات كثيرة من خلال الأفلام وبرامج التليفزيون .,neutral
19616,أيّ ممر ؟,neutral
19617,أريد تذكرتين ذهاب وعودة إلى أكسفورد .,neutral
19618,إلى المحطة النهائية ، روما ، من فضلك .,neutral
19619,متى يتعين على الوصول إلى المطار ؟,neutral
19620,هذه السرعة بطيئة .,negative
19621,إن البروفيسور كورن يهوي إلقاء الألغاز المفاجئة .,positive
19623,أين يمكنني طباعة الفيلم ؟,neutral
19625,هل الأمر على هذا النحو ؟ إذن ، ماذا سيحدث ؟,neutral
19627,لقد تلفت حقيبة سفري .,positive
19628,هل صادفك شيء لم تكن تتوقعه عن اليابان ؟,neutral
19629,عندما ترى إحداها ما عليك إلا أن تلوح بيدك .,neutral
19635,أريد أن أغادر قبل موعدي بيوم واحد .,neutral
19636,أشعر بعطش شديد . أريد كوباً ضخما ، من فضلك .,negative
19637,إنه سوبر ماركت شديد الضخامة يقع خارج مدينة كبيرة . وبه تسهيلات رحبة لانتظار السيارات .,neutral
19640,تبدو هشة .,negative
19642,هل يمكنك أن تشمل تلك البوابة في الصورة ؟,neutral
19643,كلا ، من فضلك لا تفعل ذلك هلا ادخرت أسئلتك حتى نهاية حديثي ، لحين طلبها .,neutral
19644,هل يشمل ذلك الإفطار ؟,neutral
19646,أحرف مزدوجة ، من فضلك .,neutral
19647,هل هناك سيارات أجرة كثيرة ؟,neutral
19648,أريد مقعداً جيداً .,positive
19649,آسف الحمام به عطل . أحتاج للمساعدة .,negative
19650,نعم ، إنه مفتوح للجمهور ؟,neutral
19651,ليس به صعوبة أو غموض .,neutral
19652,مقاعد بالطابق الأول ، من فضلك .,neutral
19653,إني مطلقة .,neutral
19654,سأذهب بك على مقعدك . من هنا ، من فضلك .,neutral
19656,معذرة ، هل يسعني أن أتوجه إليك بسؤال ؟,neutral
19658,هل يؤدي هذا الطريق إلى الفندق ؟,neutral
19659,معذرة ، ولكن هذا قصير .,negative
19660,على ما يبدو أعاني من خفقان بالقلب .,negative
19661,سأذهب من كالية إلى دوفر بالمعدية .,negative
19664,أريد تذكرة جديدة .,neutral
19665,أريد بتسا مركبة وزجاجتي بيرة ، من فضلك .,neutral
19666,أعتقد ذلك .,neutral
19667,أحتاجها في أقرب وقت ممكن .,positive
19669,نعم ، يتعين علينا أن نتقي الإيدز .,negative
19671,هدية لوالدتي .,positive
19673,لم أكن أعلم أن التفتيش الأمني بهذه الصرامة .,negative
19674,أين أهبط للذهاب على تشاينا تاون ؟,neutral
19675,أهلا . فرصة سعيدة .,positive
19676,سمك مقلي .,neutral
19677,أعمل في بنك .,neutral
19678,معذرة . هل يمكنك اقتراح مطعم جيد ؟,neutral
19681,كم أوقية يمكن إعفاؤها من الضرائب حين أذهب بها إلى اليابان ؟,neutral
19682,أريد لعبة لصبي .,neutral
19683,أود إرسال هذه البطاقة البريدية إلى اليابان بالبريد السريع .,neutral
19684,أريد أن أبعث هذا الخطاب بالبريد الجوي .,neutral
19686,لدينا غرفة مزدوجة بخمسين دولاراً في الليلة .,neutral
19687,آسف ، لا نسمح بارتداء الجينز والتشيرتات .,negative
19689,أريد التسجيل ، من فضلك . اسمي هاروكو أوجاوا . أعتقد أن لدي حجز .,neutral
19691,"أريد فحص هذه الحقائب المتجه إلى طوكيو , من فضلك .",neutral
19693,هل هذه هي الحافلة الصحيحة ، تلك التي تقترب الآن ؟,neutral
19694,هل يمكنك أن تريني حجماً أكبر بقليل ؟,neutral
19696,هل تحضر أية هدايا لأي شخص في هذا البلد ؟,neutral
19697,من فضلك تناول من الأطعمة أسهلها هضماً بقدر الإمكان .,positive
19701,من فضلك أخبرني إجراء الإعفاء الضريبي .,neutral
19702,إنه مكان رائع ، أليس كذلك ؟,positive
19703,أظن أن الملابس المصنوعة في اليابان قد جرى تفصيلها على نحو أفضل بالتأكيد .,positive
19704,هل لديك جدول مواعيد القطارات ؟,neutral
19705,من فضلك ساعدني في العثور على صبي يرتدي قبعة حمراء .,neutral
19706,معذرة ، أريد إرسال هذه إلى اليابان . كم السعر الطابع البريدي على هذه ؟,neutral
19707,لقد جلت أنحاء أمريكا عن طريق خدمة استئجار سيارات .,neutral
19713,وهو كذلك ، الغرفة اثنان صفر ثلاثة . ها هو ذا المفتاح .,neutral
19714,يبدأ الفيلم في العاشرة والنصف مساء . وينتهي في الواحدة صباحاً .,neutral
19715,الأجدر بك أن تكف عن ذلك .,negative
19716,"أعد ذلك , من فضلك .",neutral
19717,"مجعد , من فضلك .",neutral
19718,هل يمكنني الحصول على مكالمة إيقاظ في السابعة صباحا ؟,neutral
19721,أريد كاميرا رخيصة .,neutral
19722,هل يمكنك تسجيل العنوان ورقم الهاتف من أجلي ، من فضلك ؟,neutral
19725,"يستاء اليابانيون من إساءة معاملة الضيوف , أو أن تساء معاملتهم .",negative
19726,هل بها جهاز تدفئة ؟,neutral
19728,هل يمكنني الحصول على بطاقات بريدية ؟,neutral
19730,متى يتم توقيع عقود المكتب ؟,neutral
19731,في هذه الساعة ، يا سيدي ؟ إنها الحادية عشرة صباحاً .,neutral
19732,من أي المطارات سأغادر ؟,neutral
19733,ألم تتلق الاستمارة بالطائرة ؟,neutral
19734,أي خط هذا ؟,neutral
19735,أريد مكواة .,neutral
19737,هل الجميع على ما يرام ؟,neutral
19739,ضع منديلاً فوق فمك .,neutral
19740,خال من الماء .,positive
19743,كم أدفع ثمنا للثلاثة ؟,neutral
19744,أريد خاتم خطوبة .,neutral
19746,ليس كثيراً جدا .,neutral
19749,إليك الفكة ، يا سيدي .,neutral
19750,كلا . إني ياباني .,neutral
19751,وهو كذلك . ستكون مقاعدك هنا .,neutral
19752,لقد بلغ ثمانية وثلاثين دولاراً إجمالا .,neutral
19754,شكراً على إدلائك بأفكارك الفريدة معنا .,positive
19755,إني أتزلك مرتين في الشهر خلال الموسم .,neutral
19757,"استمرت فترة الإيدو , التي لم تتخللها حروب في البلاد , مائتين وخمسين عاماً .",neutral
19760,ولدت في أول أبريل سنة ألف وتسعمائة وخمس وخمسين .,neutral
19762,خذ هذا ثلاث مرات في اليوم بعد الوجبات لمدة ثلاثة أيام .,neutral
19763,هل يمكنك تحميض هذا الفيلم ؟,neutral
19764,"احتاج لاستعارة حاسبك الآلي , من فضلك .",neutral
19766,هل سيمكنك المجيء لتناول مشروب في منزلنا في عصر الأحد ؟,neutral
19767,سآخذ ذلك .,positive
19769,هل يمكنني أن أستأجر مضارب راكيت ؟,neutral
19770,هذا به خدش هنا ، ولذا هل يمكنك أن تعطيني غيره ؟,neutral
19772,هل لي بإبرة وخيط ؟,neutral
19776,تذكرتين ذهاب فقط إلى بوسطن ، من فضلك .,neutral
19777,لقد ذهبت إلى معرضك ثلاث مرات العام الماضي في اليابان .,positive
19779,أيمكنني تناول دجاج في العشاء ؟,neutral
19781,أود أن أعطيك دمية من كيوتو .,neutral
19782,كيف يسعني الذهاب إلى هناك بالمترو ؟,neutral
19783,من فضلك أخبرني كيف أطلب هذا الرقم .,neutral
19784,هل هذا هو الطريق الصحيح ؟,neutral
19785,أريد أن أبلغ عن فقدان وثائق قيمة .,negative
19786,إنها آخر طبعة للرسامين العظام العشرين في أوروبا ، وتضم حوالي مائتي صورة من روائع الفن .,positive
19788,أين يمكنني الحصول على تذكرة رحلة بسعر معقول ؟,neutral
19790,متى ترفع الستار ؟,neutral
19793,تفضل . الإيصال داخل الحقيبة .,neutral
19796,"أين طاولة "" الاكسسوارات "" ؟",neutral
19797,سأتناول مارتيني .,neutral
19799,هل بهذا الهاتف عطل ؟,negative
19800,أي قطار يجب أن آخذه للذهاب إلى أوكلاند ؟,neutral
19801,لقد فقدت حافظة نقودي بداخل هذا المتجر ذو الأقسام المتعددة .,negative
19802,هل يمكنني شرب شيء قبل الوجبة ، من فضلك ؟,neutral
19803,ثلاث شرائح لحم ، وكركند كبير ، وعشرة أنواع من الآيس كريم .,neutral
19806,ما هي أفضل طريقة لارتداء هذه ؟,neutral
19807,يقولون إنها تحت الصفر .,neutral
19808,"أريد مكالمة إيقاظ في السادسة , من فضلك .",neutral
19809,أهذه هي الحافلة التي توصل إلى وسط المدينة ؟,neutral
19810,أجل . إنه لمن الشائق جداً أن يلتقي المرء بأناس مختلفين .,positive
19812,أدرك هذا . هناك واحدً في المائة أجرة إضافية .,neutral
19813,بكم هذا العطر ؟,neutral
19814,ما الغرض منها ؟,negative
19815,سيجتمع البعض لتناول بعض المشروبات . أتود المجيء ؟,neutral
19816,الغسيل لم يجف تماما .,neutral
19817,هل لديك قلم ؟,neutral
19818,ينبغي عليك أن تجرب الطعام الذي يقدم في هذا المكان ؟,neutral
19819,أين يمكنني أداء الإجراءات الرسمية ؟,neutral
19820,اليابانيون بخلاء على الرغم من أنهم أغنياء .,negative
19824,أود أن أعرف شيئاً عن تلك الرحلة .,neutral
19827,هذا اللون مرغوب هذه الأيام .,neutral
19828,أيمكنني أن أضع حقائبي في صندوق السيارة ؟,neutral
19829,أدرك هذا . هل تظن أني سأستطيع الحصول عليها ؟,neutral
19830,إني مريض منذ الليلة الماضية .,negative
19831,من فضلك أحضر لي قطعة من الصابون,neutral
19832,أنا منسحب .,negative
19833,كانت سرعتك خمسة وأربعين ميلاً في الساعة في منطقة لا ينبغي تجاوز السرعة فيها ثلاثين ميلاً في الساعة .,neutral
19837,وشكرا . أتمنى لك يوماً سعيدا .,positive
19838,خمسون جنيهاً .,neutral
19839,أعاني من ألم في معدتي .,negative
19840,أيشمل ذلك الضريبة ؟,neutral
19841,هذه هي أول مرة .,neutral
19842,سآخذ شريحة من هذا .,neutral
19847,أبحث عن سترة ياقتها ضيقة .,neutral
19849,تفضل بيرة .,neutral
19851,أريد أن أضيف إلى حسابي خمسين دولاراً وعشرين ألف ين ياباني .,neutral
19852,"أظن أن ثمة خطأ في هذه "" الفكة "" .",negative
19853,وما هي المثانة ؟,neutral
19854,متى ينتهي عرض المساء ؟,neutral
19855,اسم العائلة ياما جوشي . ي ا م ا ج و ش ي .,neutral
19857,أريد أن أفتح النافذة .,neutral
19859,هناك مطر غزير حقا . أرجو أن يصفو الجو .,neutral
19862,من فضلك استدع سيارة إسعاف .,neutral
19864,سأراهن بثلاثة دولارات على هذا .,neutral
19865,"جميعهم في صحة جيدة , شكراً لك .",positive
19867,باستثناء الإفطار والعشاء ؟,neutral
19871,كيف تسير الأمور ؟,neutral
19872,أظن أنها بالغة الضيق على حد ما .,negative
19873,أتبيع طوابع بريد ؟,neutral
19874,أريد هذا الرسم على إبهاميّ .,positive
19875,أريد استعارة بعض نظارات الأوبرا .,neutral
19876,أعطني الاتجاهات ، من فضلك .,neutral
19878,كم ساعة يستغرقها ذلك ؟,neutral
19879,هل لديك مثال لاستيفاء هذه الاستمارة ؟,neutral
19881,هل يمكنك أن تخبرني أين سنذهب في هذه الجولة ؟,neutral
19882,"استمر في هذا الطريق , وانعطف يساراً عند ثاني إشارة .",neutral
19883,سآخذها إن أعطيتني خصماً قدره عشرة في المائة .,positive
19884,"حصلت لتوي على غرفة , ولكنها لم تجهز بعد .",negative
19887,لا أريد هذه الغرفة . هل لديك غرفة أفضل منها ؟,negative
19888,أية بوابة الرحلة المتجهة إلى شيكاغو ؟,neutral
19889,ليس ثمة طعام لا أحب أكله .,neutral
19891,هل من الممكن تعديلها ؟,neutral
19892,أريد حجز مقعد على رحلة إلى سياتل .,neutral
19896,أريد منضدة يمكن ضمها وطيها .,neutral
19898,ما سعر نصف الإقامة ؟,neutral
19899,عشرون دولاراً على الأقل .,neutral
19901,"قد أعود أدراجي أو أجرب رحلة بالحافلة عبر البلاد , إن لم يكن ذلك باهظ التكاليف .",neutral
19902,"عيد الدستور أو "" كيمبو كينينبي "" عطلة قومية في الثالث من مايو للاحتفال بذكرى وضع الدستور الياباني الحالي .",neutral
19908,"عفواً . من فضلك , لا تقلق من هذه الناحية .",negative
19909,"يتسم عمل باسكيت بالبساطة , ولكن تأليفه ينم عن ثقافة رفيعة .",positive
19911,"ولكنه , سيصير مريحاً بعد أن يُروّض .",neutral
19912,هل تشمل هذه الرحلة زيارة لبرج سيرز ؟,neutral
19913,هل يمكنك أن تريني كيفية أداء هذه اللعبة ؟,neutral
19914,أكون ممنوناً لو حجزت مائدة بجوار النافذة .,positive
19915,سنصل في العاشرة . قبل الموعد بقليل .,neutral
19916,هل سبق لك تناول طعام ياباني ؟,neutral
19918,هل لديك أي شريط للموسيقى الشعبية ؟,neutral
19919,رقم هاتفي هو واحد اثنان ثلاثة أربعة خمسة ستة سبعة .,neutral
19920,أشعر بدوار البحر . هل يمكنك استدعاء طبيب ؟,negative
19921,هل تريد غرفة يسمح فيها بالتدخين أم لا ؟,neutral
19923,هل ثمة محل قريب لبيع الكتب ؟,neutral
19926,أعتقد أنه كان ينبغي على ذلك الرجل أن يتوقف .,negative
19927,أنت مصاب بالأنفلونزا على ما يبدو .,negative
19928,سأحضر المدرسة الصيفية بجامعة هاواي .,neutral
19935,ما هذا المكان الذي نمر به الآن ؟,negative
19936,أحتاج بعض أربطة للحذاء .,neutral
19937,"إني شغوف بالتاريخ , ولذا أريد زيارة المواقع التاريخية .",positive
19938,إذن أود الحجز لسبعة أشخاص .,neutral
19943,"آسف , ولكن ليس لدينا سوى بيرة أو ويسكي .",neutral
19944,إنه خارج المكتب الآن . هل يمكنني أن آخذ رسالة ؟,neutral
19945,اثنان كبار وطفل عمره ثلاث سنوات .,neutral
19947,من فضلك اصرف شيكات سياحية .,neutral
19950,"هل معك "" فكة "" صغيرة ؟",neutral
19953,"لأن في أمريكا , من السهل الالتحاق بالكلية ولكن من الصعب التخرج فيها .",neutral
19954,كيف يمكنني فتح هذا النور ؟,neutral
19956,هل يمكنك أن تتحرك قليلاً لجهة اليمين ؟,neutral
19957,ما هي النقط الإشارية التي بالطريق ؟,neutral
19958,"أجل , إني ذاهب إلى لوس أنجلوس .",neutral
19959,في غرفة انتظار بالمحطة .,neutral
19960,اتركه طويلا .,neutral
19965,لقد نفد بنزين السيارة .,negative
19968,هل يمكنني حجز أي مقعدين لهذه الليلة ؟,neutral
19970,هل لديك مائدة لأربعة أشخاص ؟,neutral
