Sentence_ID,sentence,label,Dialect
1,Tafeh 3ale5er,0,Tunisia
2,Merig bsaraha,0,Tunisia
3,Mala kalb !!!,0,Lebanon
4,Rak Mast hhhhhhhhhh rak Last hhhhh,0,Lebanon
5,ماهيش متربية  و مادام تشجع في لواط هذي موش تونسية و الإسلام متشرفوش وحدة عاهرة,0,Tunisia
6,HHHH chay idha7ek etalfsa walet mahzla vraiment,0,Morocco
7,Maset barcha,0,Morocco
8,Rak masettttttttttt tfouh,0,Iraq
9,بصراحه معادش يعجبني برنامجوا ولا من امسط البرامج,0,Tunisia
10,ملا فصالة,0,Tunisia
11,a3ez 7aja ki hantalha walid ou 3arfha 9derha mela mridha,0,Tunisia
12,راك توجع القلب ولله :'(,0,Algeria
13,ثعلب و ثعلوبة :),0,Libya
14,Massa5,0,Lebanon
15,راك ماصط و راك لصط و غناية حوماني طتاع عليك برشا,0,Tunisia
16,الطحان اللحاس كلب التجمع,0,Tunisia
17,تفوه عليك يا حيوان,0,Tunisia
18,Maset,0,Tunisia
19,Mala ri9 mte3 mhabla w hiya tsi7 .. yeesser vulgaire,0,Syria
20,mamsitha hal mandhir hethi,0,Yemen
21,مسط برشا,0,Tunisia
22,سذاجة,0,Iraq
23,9adech met5alfa chbiha welet haka hedhi,0,Morocco
24,Khayb,0,Lebanon
25,ﻣﺎﺳﻂ..,0,Oman
26,Ti maset :3,0,Algeria
27,الشيب والعيب,0,Yemen
28,maseeeeeeeeeeeet w damou rziiiiiiiiiiiiiiiiiiiiiine pfffff brabi raj3ou nawfel,0,Morocco
29,زبالة حشاكم  !!,0,Qatar
30,Masset,0,Lebanon
31,والله الكلب  حاشاكم  افظل  وأشرف من هالوقح  الرهط المدعو  الجويني,0,Qatar
32,يا حمار آخر مرة قريت الفاتحة وقتاش,0,Algeria
33,Monafe9 w la7ass,0,Lebanon
34,مغرور و ما يعجبنيش تفدليكو و الدنيا ادواق,0,Tunisia
35,مسلسل دعارة وإنحلال أخلاقي,0,Egypt
36,Effffffff masit bliiiiid,0,Egypt
37,ماسط لاسط و قليل تربية,0,Tunisia
38,تعجبني يا تحيفة,0,Tunisia
39,والله عهر و هرج و مرج و ديوث و قلة تربيه و قلة حياء وانصياع و ميوع للثقافة و المجتمع و انحراف,0,Libya
40,من أمسط ما ريت من أمير سلام مسيوو.,0,Tunisia
41,khamej barcha,0,Tunisia
42,قناة الكلام الزائد. موش قناة الحوار التونسي,0,Tunisia
43,tfoouuuuhh 3lik w 3la amthelek mahelkou lebled ken chleyek eli kifek chib wel 3ib,0,Tunisia
44,"مااااااااااااااااااااااسطه""",0,Yemen
45,"moustewe moun7at hiya wghneyetha pffffffffffffffffffffffffff""",0,Syria
46,Mala mas5a 5amja hathi,0,Morocco
47,bkol bassata mast last,0,Lebanon
48,ماسط وقليل تربية.. ومدافع عن النهضة وفترة الترويكة.. تفيييييييييييييييييييييه,0,Tunisia
49,مسكينة تونس,0,Tunisia
50,عيشة  نحسها تتفينس برشا  و ضربتوا    فيروحها برشا و تحسها تزوي برشا كي تبدى تحكي,0,Tunisia
51,بففففففففف ما هذا الكائن الفضائي ???,0,Saudi Arabia
52,ممسط غنايتو,0,Morocco
53,مخيب رسك,0,Oman
54,ماسطة,0,Tunisia
55,Mamsatha,0,Morocco
56,_masset lasset,0,Yemen
57,جهلوت وثقفوت مكانه في السجن فعلا ليتعلم معاني الرجولة واحترام الرجال,0,Saudi Arabia
58,Pfff maja chey lmosalsell,0,Syria
59,توا هده مسلسل في شهر رمضان شهر كريم,0,Libya
60,E7tarem rouhek chwaya rana mosilmiiiiiiiin ya bhima,0,Morocco
61,3amlt l3ar  hhhh :p,0,Tunisia
62,تافه الحق في الجابو متخلف وحسود,0,Tunisia
63,ماسط,0,Tunisia
64,Mastaaaaa,0,Morocco
65,شكيب كلب نهضاوي و كلب غير وفي ناقم ع الامنينين و نداء لكل أمني باش يرد بالو من ها الكلب المكلوب.,0,Iraq
66,mala sél3a zbéla,0,Morocco
67,Ma5yabha,0,Morocco
68,MASTA,0,Lebanon
69,تافه وحتى المخرجين الي اتعامل معاهم يعرفوه هاك علاش ما يعطيوه كان دور قوااد والا عساس والا لحاس,0,Tunisia
70,ساقط وما يحشمش الله يهلكو هو واللي جابو,0,Libya
71,ماااااااااسط حتى بالقارص ميتهضمش,0,Morocco
72,ki bih ki blech,0,Iraq
73,أصل ماعندوش منطق و ما يعرفش يحكي..,0,Tunisia
74,Moch metrobi,0,Morocco
75,Ti mak miboun,0,Tunisia
76,3amltoo el 3ar wlh,0,Morocco
77,تفوووووووووووووووووووووووووه على اشكال هذا النزق,0,Yemen
78,نحسها تافه وعيشه دورها,0,Libya
79,madhroub fi rou7ou barcha,0,Tunisia
80,masta elila,0,Morocco
81,Chbih kalb,0,Lebanon
82,rak mmmmast ya fechel ya semi tardou rahouu fffffechl,0,Tunisia
83,مخيب راسو يهدوو,0,Tunisia
84,bal3out kbir w mounafek ma yedchadech,0,Morocco
85,بربي علاش تجيبو فيه هالبوكيمون خلونا توانسة صافيين,0,Syria
86,Mamessto Hal bacharr,0,Lebanon
87,Yeser remezzzz,0,Lebanon
88,ياكلب ياكاراكوز تفوە عليك وعلي امثالك كان تجي راجل انتي و نوفل راكم عملتو لعار لتونس زايد رخيص ولكلب يقعد كان اكاك تفوەە,0,Tunisia
89,أفففف يا جبالي,0,Morocco
90,hedhi kelba bhima leima 0.0,0,Syria
91,Amset menou maritech,0,Morocco
92,ken mchit mot a7senlek mala 3zouza hhh,0,Tunisia
93,حسيتها متكبرا ملخر !!!!!!,0,Syria
94,Far5,0,Lebanon
95,Marznou,0,Morocco
96,Mabldek w mabled dhyoufek..,0,Lebanon
97,Pffff baktni,0,Syria
98,Jabri,0,Lebanon
99,Mar5sik makich ragel  tfih 3alik,0,Iraq
100,عندنا رجال في الامن اشرف مم ها الكلب,0,Saudi Arabia
101,مسط مقداد,0,Tunisia
102,Masit,0,Sudan
103,Tfih 3alimarik kifik ki 5ouk lemsa5 tawa a3rfit kifécj etbdil bohoum min jrayir hath3alib -_-,0,Tunisia
104,maaaaaaaaaaaaaaaaaaasit wou massakh wou mridh wou bhim wéssir,0,Morocco
105,اكيد باش تقرى الكومنتارات بعد البرنامج ، نقلها راك نكرة و تافهة و دخلت دخلة غالطة طحت قبل ما تقوم,0,Tunisia
106,Mamsatha,0,Morocco
107,Maset lasset w mon7at,0,Morocco
108,Barcha 9elet tarbia n3a Tallah 3lik ya fesed ya masa5 ya tahan yali makch rajel tfouuuuuuuuuuuuuuh alik,0,Tunisia
109,"يا غبي يا غبي""",0,Palestine
110,ماسط,0,Tunisia
111,tefhaaaaaaa,0,Morocco
112,ﺑﺮﺷﺎ ﺧﻤﺞ ﻭ ﻗﻠﺔ ﺣﻴﺎء. ﻭﺍﺣد_x000D_,0,Jordan
113,Ka3eba le,0,Tunisia
114,مضروبة في روحهاا و عاجبتها روحها و تحكي ببرشا إستعلاء,0,Tunisia
115,كبير و ميبون ههه,0,Tunisia
116,الحقارة والنذالة والسفالة لها عنوان واحد توفيق الغربي,0,Yemen
117,ماصط,0,Lebanon
118,Meek taa7aaan,0,Lebanon
119,Mastin wallahi,0,Tunisia
120,3ib  rana  moselmin,0,Tunisia
121,كلب ماسوني كبير ملا هم الشيب و العيب,0,Tunisia
122,Masset lasset,0,Morocco
123,قداش وليت ماسط يا كريم و سخيف أنت و العربي !!,0,Tunisia
124,ما عجبتنیش شخصیتها حتی طررررررف,0,Lebanon
125,تونس تعبان بالشلايك كيفها سامحني شنية هذي المثلية الجنسية في الجزائر كورو بيهم و في تونس عندهم جمعية بفففففففف ينعل بن المخير فيكم,0,Tunisia
126,خزوق على حناكم الكل👣,0,Tunisia
127,هذا عقاب للمتفرجين 👎🏻,0,Iraq
128,"قل أعوذ برب الفلق من شر ما خلق""",0,Modern Standard Arabic
129,"وزير تربية موش متربي""",0,Tunisia
130,Makhyeb dhohktouu,0,Tunisia
131,كركوز كركوز,0,Iraq
132,Pffffff skenti fi elhiwar tounsi,0,Iraq
133,Mamssatha lotf :(,0,Syria
134,ملا عقرب ابي حني,0,Iraq
135,Mal manther pfffff,0,Egypt
136,Manhebhech 😕,0,Oman
137,Taw hadha klam yetgal fi moselsel yet3ada fi ramdhan,0,Saudi Arabia
138,tfih 3alikom,0,Tunisia
139,fdhaya7 fi romdhan mala 7ala tfiiiiih 3likom,0,Tunisia
140,كذاب ومنافق,0,Syria
141,معندوش ثقافة قبول الرأي الأخر,0,Algeria
142,ماعجبتنبش في الدور هذا الحق,0,Tunisia
143,غريبة...تفرج التلحيس لبنات على رهوط ماتسواش كان لحكايات الفارغة....عباد اليوم تموت والاعلام مكبش في تفاهات والشعب اتفه منو....تفووووووه وحشا لميستاهل_x000D_,0,Tunisia
144,يا لطفي انت فين والفكاهة فين,0,Egypt
145,Hatta Hetha echo men remez,0,Tunisia
146,tahane,0,Qatar
147,5alla rou7ou dho7ka yestehel ....,0,Morocco
148,عري روحك و ولي فنانة و ممثلة و نجمة ستاااااار  بروا يعطيكم عاااار فوق عاااار  انشاء الله .   :(,0,Tunisia
149,راك ماسط راك  لاسط,0,Algeria
150,قلة حيا وقلة تربيه ووقاحه وفساد,0,Yemen
151,Botia tetsoumim :p,0,Morocco
152,Maset barrrrrrrcha😁,0,Morocco
153,شريك الاٍرهاب,0,Saudi Arabia
154,Masetttt,0,Sudan
155,chbiha wallet 5ayba,0,Morocco
156,ماسطه لحقيقه,0,Tunisia
157,والله نيكهم يا بهيم ههههههه,0,Iraq
158,maset laset kane chaf 5edmao5ra 5ire,0,Morocco
159,تافه تافه تافه,0,Palestine
160,Tefah,0,Algeria
161,azlam yo93dou toul a3marhom ta77ana,0,Iraq
162,يا سامي الفهري و نوفل الورتاني يعطيكم فضيحة من عند ربي تبقى اجيال تتحاكى بيكم  قلنا سهرية سبت سهرية تفرهيد و فدلكة و ضحك موش عراء و قلة حياء,0,Tunisia
163,Masssssssit mafehimtich 3lech yathe7ko,0,Lebanon
164,Masssittt,0,Lebanon
165,Mela sel3a 3zouza 5arfa tfouuu 3la hal mandher,0,Tunisia
166,Waaaaaaaaak mamestou w akther wehed 9lil torbiya  pffffffffff,0,Lebanon
167,ههههههه ما أتفهك.....!!!!!!!,0,Palestine
168,Brabi la 3ad tjibouh hal ham ywater,0,Lebanon
169,Ya ta7an,0,Yemen
170,يكب سعدو و تفوه عليه كان يجي راجل كيفاش يعمل في بنت الناس هكا في عوض تهز ولادها و تهرب علاء يقلها اكتب الصداق,0,Tunisia
171,متعرفش تحكي...,0,Egypt
172,Chalkou rwe7hom 3ala zouz sourdi.... Eji3an ji3an,0,Tunisia
173,اكبر لحاس وطحان اعوذ بالله من منظرو,0,Tunisia
174,بربي مقداد قداش من مرة تجيبوه افهمونا راهو ماسط و الشعب ما يحبوش,0,Tunisia
175,Lkolkom la7asa,0,Lebanon
176,ملا مستويات منحطة !!!!,0,Tunisia
177,allah le treb7ekkkkkk ma5eybekkkkkkkk,0,Lebanon
178,Hetha baz jeybinou 5atrou ken akbar la7as f 2015,0,Tunisia
179,ما سط,0,Oman
180,Tfouhhhhhh 3likom ye5omej,0,Oman
181,tfih 3la halmanther lemgaleb,0,Lebanon
182,ya mo9ded belahi ma3adech dmed wajhek fi tlf rak maset,0,Egypt
183,mamstouuuuuu w même pas ydha7ik 😖😖😖,0,Tunisia
184,"قناة منافقة وتخدم في الشر""",0,Tunisia
185,Raja3touh el Masset hedha,0,Morocco
186,Maset,0,Tunisia
187,yeser manfou5a walett bozaa,0,Tunisia
188,الفاسق الداعر 😀,0,Saudi Arabia
189,برشا.....تفوه,0,Tunisia
190,برا مخيب وجهك جاية تحكي على المرأة التونسية وانتي أكبر وسمت عار لها برافو لوليد  التونسي كي عطاك درسك,0,Algeria
191,Mal mereg ahaj toulllllll,0,Lebanon
192,هذا الشخص هو مفسد هذا الجيل من الأطفال بإمتياز.. أطفال في الروضة و يغنون مزاطيل!!! هل هذا معقول!!! المفروض يكون رقابة لبعض الأغاني التي لا تليق و لا قيمة لها سوی إفساد الذوق العام..مستوي هابط,0,Yemen
193,leeeeeeeeeeeeeeeee khayb ala hiit :p :p l,0,Syria
194,انسان تافه ماسط لاسط مقرففففففف,0,Tunisia
195,مسلسل فضايح,0,Lebanon
196,التافه يائتي الئ بتفها -_-,0,Iraq
197,mahezla :/ ba9atlou 8ousa fi 9albou #lotfi :v,0,Tunisia
198,أمسط واحد فدنيا,0,Tunisia
199,Makhyeb rasseha 😑,0,Syria
200,Massssssettttttt,0,Iraq
201,قداش رجل مونافق,0,Tunisia
202,حثالة سليم الرياحي,0,Tunisia
203,ena metchamta fiha testahel w el 7agar ymout dhlil ma5yebha wel 3ib mouch fiha fi rajelha eli ba3etha ldlilek mlak,0,Tunisia
204,pffffffffffffffffffffffffffffffffffffffffffffffffffffff,0,Egypt
205,بنديرمان مقعار من قعر الخابية,0,Lebanon
206,برى مخيب هل المنظر وع........ ليك والساحل و محاسن,0,Sudan
207,أمسط من ملايكتو ما راتش عيني ;;; يا ناس راو غلّب عليا ::: تمنيت لو كان جات عندي قدرة نّحيلو الجنسية التونسية و نطيش والديه في زيمبابوي خلّيهم يستغلّوا هاك الراس و يعملوه دربوكة  مأخيب منضروا و م أمسط ملايكتو,0,Tunisia
208,عائشة  ياسر مصطنعة وما تتصرفش على طبيعتها تضحك تقول روبو,0,Tunisia
209,pfffffffff mll fada,0,Syria
210,brjlya a5yb wa7d fi blto,0,Syria
211,سؤال بليد,0,Iraq
212,rak masta,0,Iraq
213,Chbeha walet haka ma5yebha,0,Lebanon
214,سنبل آغا ارجل منك والله ههههههههههههههههههههه مااااااسط و موش متربي و قعر,0,Tunisia
215,Zebla . Zebla. Kaka . Kaka,0,Lebanon
216,mounefi9in gabi gaaabi,0,Tunisia
217,ENA lé me3ejbetnich,0,Morocco
218,اكبري اكبري مالا فضايح كان جيت تعرف راك متحجبة,0,Tunisia
219,"Masta wa kahwa mourra""",0,Morocco
220,Kolhoum mounaf9in,0,Tunisia
221,barcha 9elt torbiya .ili iheb ifased isyemou yetfarej fi hal mouslsel 9elt lahye wetorbiya,0,Iraq
222,ادهنوه بكعبة حلوة ... فماش مايولي حلو... قداشو ماسط,0,Tunisia
223,انسان تافه و مهرج ﻻ عﻻقة له ﻻ بالفن و ﻻ الاخﻻق...متخلف و كغى,0,Saudi Arabia
224,إنسان لا يعرف معنى الحوار و بربي سيب النهضة راك عملت العااار !!!!!!!,0,Tunisia
225,"كتزيد في العلم وتتفلسف وتتعلط .وتتلاعب بابحديات لغة الظاد _x000D_
mala 7ala
كان حكيت على أسباب الفقر و الأرهاب ولقيتول الحل خير",0,Morocco
226,الي  كريم الغربي        كوميديا ماذا ايها الابله شوف نصبة و اخدم علي روحك خير,0,Yemen
227,الكلب الارعن لعنه الله,0,Saudi Arabia
228,لا حول الله لا خير لا فيك و لا في خوك كل انسان اندو حق الرد اما بالطريقة هذي  سامحني فيك قلة تربية,0,Tunisia
229,الله يعتيكم كارثة يا قناة الفساد و العار,0,Algeria
230,لعنت الله عليك احترمنا شويا,0,Tunisia
231,خييييت,0,Lebanon
232,حيوان  المسخ تفووه على جد والديك الكلب,0,Tunisia
233,حلقة فاشلة بامتياز !! توفيق الغربي تقول قاعد في قهوة ، ريان يوسف مسكين ضايع فيها و مواضيع اكبر من عمرو ، يمينة كثرتلها بالانبطاح و الزوز المسرحيين اهاوكم زعمة زعنة فاهمين الحكاية ... !!!,0,Tunisia
234,Barcha 9o7ib ya ta7ana chhar fdhil,0,Tunisia
235,itfouh itfouh alikom allah la ibarkilhom matahchimch la3nitt allah alikom inchalah fi daraki il asfall fi narr,0,Tunisia
236,Mékch rajel ......,0,Morocco
237,Brabbi nahiew manel 3mara masta barcha merci,0,Iraq
238,mastin,0,Iraq
239,واحد فاسد يحب يغني في الخمج,0,Tunisia
240,Kleb etejemo3 yelzimhom 9asan eras💣💣🔪🔫,0,Morocco
241,امصط عباداللهوانذل واتفه انسان ريتو,0,Iraq
242,Tfouh 3lik ya massekh nadhel,0,Morocco
243,9a7ba,0,Lebanon
244,أقسم بالله أمسط منو لا ريت. نحب نقلو حاجة و يتفكرها طول عمرو. والله لا عمرو باش ينجح في الفكاهة. اخيييييت,0,Tunisia
245,يا مقداد سيب عليك راك ماسط راك لاسط,0,Tunisia
246,يا سي امير راك ماسط ماتضحكش جملا والله  :p,0,Tunisia
247,تفووه عليكم,0,Tunisia
248,إنت إنسان مريض,0,Jordan
249,مسلسل رغم الاحزان قريب 5 شهور و احنا نتفرجوا عيايلات و لا فيه حتى احراج اما سامي افلام و مسلسلاتوا يا لطيف و برى قمة البذاءة و الرداءة,0,Tunisia
250,ياسر ماسط و انا ما نحملوش,0,Libya
251,خمج,0,Iraq
252,Mala sel3a,0,Morocco
253,"هذيا ماسطة لاسطة""",0,Tunisia
254,ماتحكيو كان علی المواضيع التافهة تره شكون الي فيه ريحة الرجولية يحكيلنا علی معز بن غربية وينو حيو ميت ولا حي علاش ما تحكوش علی الجماعة شكون باعهم الي في نابل يا إعلام العار,0,Tunisia
255,"برشا فنانين قدمو و إنت ديما اللتالي ليس القدام فيق على وضعك""",0,Tunisia
256,meskina,0,Morocco
257,Tjoubir,0,Lebanon
258,attttfffah menek mariitech massset lasset,0,Yemen
259,لعنة الله عليه ما اقل حياه خييييت ملا مستويات,0,Tunisia
260,"لطفي العماري طيحلهم المورال وكرهم في الفيلم قبل ما يتفرجو وخاصتن هي بعد الكلام الي قالتو على "" الميسيو الاندلسي "" و الرد متاع وليد التونسي",0,Tunisia
261,bravooo mo9ded,0,Morocco
262,ماسط لاسط ..,0,Tunisia
263,يا امين يا سخطه مخلي شيخ و تاخذ في رايها و زيد علا هذا تقص عليه و ما خليتوش يفهمو هذا نورمال,0,Tunisia
264,منشط مستواه صفر وتحت الصفر =  برنامج منحط ومسخرة,0,Iraq
265,Ya 5asra walhi 5alit balstik ya chakib,0,Tunisia
266,mast last 7iwar tafh,0,Yemen
267,Beyen Mn wejhou la7asss w maset tfihhh 3a rojla tneket tounes,0,Lebanon
268,Ya walla 7al malla tafeha,0,Yemen
269,و ما اخيب العلم الي لابسته,0,Saudi Arabia
270,"عملتو العار بالحكايات التافهة تعكس تفكير معقد و خامج لمخرج متخلف ! عندي سوْال للمخرج هذا : عندك مشكلة مع بنات بلادك الي يعيشو في الخليج و تحديدا دبي؟؟؟ فما حاجة من اثنين يا حب طفلة و قطعت لدبي و طفاتو يا قدم فيزا لدبي و ما قبلوهالوش قالولو المناظر الي كيفك ما تشرفناش ! على هذاكا حاطط في مخو الي البنات الي تجي تخدم اهنأ كلهم عاهرات على حسب تفكيرو مش عارف ألي معظم التوانسة الي لنا كلهم اصحاب شهادات علية  و يخدمو في خدم الي تونس ماعطاطهمش الفرصة يخدموها الي التوانسة الي هنا عايشين في بلد كلو أمان و احترام بلاد فيها قانون صحيح فما الي خارج على الطريق لكن لايمثل 10% ! يا سي السيد نعلمك الي في دبي تعيش اكثر من 200 جنسية ! _x000D_
masset  yessser
تفيه على الرهط .. راسو تقول نحاسة متاع حمام ..
nab9a behit kifech ijibo il 3ahra raja bin slama !!!!!!!!!!!!!!!
barcha fdhay7
اوووووه يخي بسيييف تحب تجيبها تذحك راك ماسط ╭(╯^╰)╮
تافه
معجبتنيش حتى طرف مستوى منحط و تحكي بكل ثقة في النفس على موضوع حرام حتى الواحد يخمم فيه 😠😠😠😠
maset laset  mamstek ya wkhayi
M3alem el mezwed
Ma5ybou
توفيق الغربي وسخ اعلامي و ثقافي و سياسي
Ma5ybek
na9es melhazen wenafdhan",0,Tunisia
271,Chay hetha 7ram w le5er i9olek 3malna thawra 3ala 5ater dimo9ratiya mala bled kifech walet (mostawayet) tfffffo,0,Tunisia
272,maseet barchaa,0,Morocco
273,Maset ken mche ked snih 5ir mayetbouled :3,0,Tunisia
274,يلزمني نعمل جام على كل تعليق سب هالمسخ والا نكتب كتاب كامل سبان وشتيمة,0,Tunisia
275,طحين,0,Saudi Arabia
276,Rahou masit 7ata bilfanta mayet3adach,0,Morocco
277,مبلدك اخيت,0,Iraq
278,Ti ch'ha lham !!! Mnin 9a3din yatel3ou ha lmanadher !!! Mala Malhet !! Avec un grand M :3,0,Lebanon
279,مازلتو يا اعلام الماخور تمضغو و تعاودو في لوبانة الملاهط و هلاشكال المسخة راكم فضحتونا و ضحكتو علينا الي يسوا و ما يسواش يا طحانة ينعل بوكم و بو قناتكم وبو تونس معاكم و الحمد لله علي نعمة الغربة,0,Libya
280,يا فاشل ...يافاشل,0,Egypt
281,Masta,0,Lebanon
282,يلعنهم شواطين,0,Tunisia
283,tfouh 3alikom,0,Tunisia
284,Tfouu mala marka Kol mra jaybine chlka 9adch mamstik,0,Morocco
285,"بصراحة ماسط لاسط متعرغش تتكلم حتى طرف اش بيك حصلت في شكيب هو يحكي وانت شفت ليلى كي عرت روحها بفففغغ""",0,Tunisia
286,Masta w besla,0,Lebanon
287,Manè5dhouch 3liiik hehehe mais lmèyt ken yasm3ek taw i9oumm,0,Tunisia
288,نموذج يحتذى به في الطحين الفاخر,0,Yemen
289,5ayba,0,Lebanon
290,Cherir,0,Syria
291,لطفي العماري إبليس في شكل إنسان ! غبي و أحمق و جاهل يدعي العلم وهو لا علاقة له لا بالعلم و لا الإعلام قضى طفولة سيئة و كان  منبوذا من أبناء جيله و أصدقاء المدرسة لم يتقبلونه لغبائه و حقده على أترابه وكان يكره التربية الإسلامية ،سأكتفي بهذا حتى يأتي ما يخالفه,0,Modern Standard Arabic
292,rak mast ..... rak last ..... afchel rapeur choftou f 7yety,0,Morocco
293,Berjouliya tawfi9 rak rzinerzineeeeeee,0,Lebanon
294,ma3jabounich hata tarf,0,Syria
295,Ta7ana,0,Morocco
296,مناش متربين ربي روحك قبل جاي تسيب في عسولك  علينا  😂إنتي أمسط واحد في العالم 😅😅😅😅😅😅😅😅😅😅,0,Lebanon
297,Nekraaha ffffff,0,Syria
298,إنسان معقد وما عندوش اخلاق,0,Tunisia
299,والله والله والله الشيب والعيب,0,Tunisia
300,ماسطه,0,Libya
301,ماسط برشة,0,Tunisia
302,ماسط لاسط الشيب و العيب,0,Tunisia
303,W inti 3andik barcha kithb w taflim,0,Iraq
304,Pfffffffff,0,Egypt
305,كلهم بهايم وثقافتهم محدودة حتى في دينهم ربي قال إذا الشمس كورت موش الأرض يا أحمد كافون,0,Tunisia
306,Mourou min a9wa w akbr lmounaf9in fi tunis .intom ili d5ltou lblad fi 7it w damrtouha,0,Iraq
307,Ya jehél ....,0,Morocco
308,Tffoooo,0,Syria
309,برامجكم زبالة وضيوفكم تافهين. تصنعون من التافه مفكرا ومن المارق فنانا ومن الوغد محاميا. ومن الكلب بن كلب صحافيا. والله اتفه منكم ما ريتش.  قناة الحمار التونسي,0,Tunisia
310,Bellahi hal maset 3leh tjibou fih,0,Lebanon
311,Sa9ta w totlose9 5ater badr may7ebhash men mara loula w o5tha 5ir,0,Iraq
312,هههههههه اي هوما بيدهم شعب منافق,0,Tunisia
313,الصورة التي عرضتوها عليه اوقح من الكلمة لي قالها والكلمة ماشي عيب  العيب فيكم,0,Algeria
314,Matloumhomoch inabara raho itanbir imradh,0,Morocco
315,Tawa hetha rajel masa5,0,Morocco
316,Mella emarek walina ma3adch netfarjou f tv m3a l3ayla edhehbou wahf yhezkom,0,Syria
317,yessserrr maset,0,Morocco
318,"توفيق الغربي عار عار على الثقافة وعلى القناة_x000D_
برجوليا ما يعجبنيش ماسط لاسط ؤ ما يعرفش يحكي.
Allah la tberkilhom
ma5yeb mandareha
Hhhhhhhh hraam 3liiiiiik :( XD
ماسط
Floooooooooop .......
عامل فيها ضامر لكن طلع جالغ و  وقع في فخ  المقدم  الماسط للبرنامج
Mala 7ftrich
لا متعجبنيش
ma3jibnich :(
يا جماعة أخطاكم ما دخلوش الإفريقي في تفدليكم الماسط راهو قدركم باش يطيح هذا كان عندكم قدر أصلا
Maset laset
تفووووو أعليك برشا خمج او قلة حياء الواحد يحشم أعلي روحو عايلة ملمومة او إنتا إتوري كان في الخمج إمتاعك تفوووو او ألف تفوووو شئ إيحشم تحكو كان عالعار او الفضايح راكم أولاد حرام تفووووو
رجعولنا شكيب خير مالكارثة احلام كمرجي راهي كارثة توجع الراااس، انتوما صرفتو كملو بدلونا امين ياسر ماسط
berjouliya me 3ejbetnich   mennek ye amin rajel 4ifek w enty melly d5all tchallek  fih _x000D_
Mala 7ela metfhou wmamstou
يا مقمل
Kolkom 3fech 3fech pffffff
ما يعجبنيش جملة ..وعمري لا تبعتلو مسلسل....
Offfffff mn baya ezzordi ltaw ma 7aba tekber w taaml 39alha
miboun
Khwenji
امسط منوا مريتش سنيه كلفأر ملا رهط تفوووووووووووه عليه
هو مختار اللحاس من مرتزقة التجمع شكونو ؟؟؟
tfouuuuh
ma3ejbetnich fi dawr hasna
Enti ensane malade tefouh
ملا مناظر، حاشى خليقة الرحمان
شبه انسان مقزز و مقرف،
mana3rach 3leh n7esou mounefe9
تفوه عليك و على الى رباك
رخيس استغلها كي عادت غبية كان قادرة ديرلو فيلم من هنا نستنتج انها غبية
maset laset
e3lem l3ar 9anet esra2ileya bi atem ma3na lkelima , fi ch'har fdhil shouf fesh y3almou fil ajyel tfouuuuuuuh 3likom ye kleb ajyel dha3et fi jorrret kamsha masikh
Masseetttt
mamsathom
انا نلوم علي امين قْاره إلي   جابو مصطها الحلقة و اطيّح من مستوا البرنامج
الله لا ترابحكم بجاه أشهر المفضل
يعيش بتفهات لانه ببساطة تافه
Barcha 9ohibb
Bara mamsetkom 5omej homel.
مخيبو و ممسطو
tefeh
Khiiiiiit
نحب نعرف شكون إلي حط مقداد السهيلي نقيب لا ذوق لا منطق كان الفص و قلة الفرص حتى الكاريار متاعوا ما يجيش في جينيريك مسلسل نقابة ماذا أيها الأملس 😒😒
mrid masset lasset
مرزن ملايكتو و مدافع علي الترويكا
بفففففف عملتو العار
Masset el mousselsel w kathrelha bel ketheb
مخيب راسها
ميضحكنيش :-\ :-\
Mathroub fi rou7ou
La79i9a mouch metrobii
من كثر المساطة هاني غيرت القناة ابقو فيها انتم و محرزية و شكيب
Pppppppppffffffffffffff
كل مرة شلاكة جايبين
MAMSTOU
Pff
مسلسل ايباحي هذا شنوا قلة الحياء رانا فى شهر فظيل
مسلسل تافه
Maaaaaasta mbarah khir
مقطع حموم في حموم اللطف و براااا
mast yaser
maset laset bsaraha
بصراحة انت مقزز",0,Tunisia
319,راك ماسط,0,Algeria
320,مستوى منحط يا علام العار,0,Algeria
321,المصاطه والتفاهة والريق البارد مش غريبه يلقاو معجبين في بلاد رئيسها بياع شراب,0,Libya
322,ماسط .بليد .مارزن ز..ام ملايكتو .هو امين شكارة وقارة هزو وامشي ن... الله لا يردكم وخلي يرجع الفرطاس نوفل والله طيارة عليك ويا ليت ترجع مية القصوري .,0,Iraq
323,kalab w frou5  tfoooooooooooooooooooooo,0,Syria
324,masett barcha w 5asaten kif ychamer el compléééé,0,Morocco
325,أكبر غلطة عملها سامي الفهري,0,Egypt
326,taya7 sa3dek hanen,0,Yemen
327,Mabesslouuu,0,Morocco
328,حلقة ماسطة بخلاف بلطي,0,Tunisia
329,ما أتفهكم  .,0,Oman
330,ﺍﻟﻔﻀﻴﻞ  ﺍﻟﻄﺤﺎﻧﺔ ﻟﻲ ﻛﻴﻔﻚ ﻏﻠﻮﺍ ﻋﻠﻴﻨﺎ ﺍﻟﺨﺒﺰﺓ ﺗﻔﻮﻩ_x000D_,0,Tunisia
331,Barcha 9illet torbiya rana 3ailet netfarjo mayjich 3ib,0,Lebanon
332,منين جباه هل البقرة,0,Libya
333,Tfohhhhhhhhhhhhhhhh 3likkkk,0,Lebanon
334,تمجيد المخلوع و نظامه هو قمة الاهانة لهذا الوطن و  قمة الوقاحة والإستهانة بمشاعر الشعب. تب لك ايها الاعلام الماجور,0,Saudi Arabia
335,Mastit ro7ha bmasra7iyit l3efcha  len wlit ki nchoufha net9aziz m3a kamil i7tarami leha ka moumathla tounsiya,0,Tunisia
336,أقسم بالله أمسط منو لا ريت. نحب نقلو حاجة و يتفكرها طول عمرو. والله لا عمرو باش ينجح في الفكاهة. اخيييييت,0,Tunisia
337,ماسط لاسط خخخخخخخخخييييت.,0,Tunisia
338,Msta,0,Lebanon
339,masta,0,Oman
340,floucek wfét yessr tetfoura5,0,Morocco
341,Rak masseta Rak lassita,0,Morocco
342,a3tak elwa9et ya ghafas hhhhh,0,Saudi Arabia
343,maset laset ken hetha motha9af wa 3ala donya salem w n9oulou twatha3 chwaya b rabbi,0,Tunisia
344,tfouuuuuuuuuuuuuuuuuuuuuuh ye maasa5,0,Algeria
345,يحب يعمل فيها مثقف و هو لنهار وصل فكرة... يحب يعمل فيها عبقري يلقى روحو هو بيدو موش فاهم شيقول... انا شخصيا ماعادش نتفرج فيكم خاطر هو موجود ... و ياسر بلونجونات و ضمار ماسط...,0,Tunisia
346,Mala mas5e ppffffff,0,Egypt
347,شياطين الانس أعوذ بالله من الشيطان الرجيم 😡😡,0,Iraq
348,bliida,0,Jordan
349,والله كرهتونا بها المسلسل _x000D_,0,Tunisia
350,قرودة ..بالحق,0,Tunisia
351,ya3tek tarchi9a fi mandhrek,0,Tunisia
352,bourjouliya masta barcha,0,Morocco
353,Pfffff walahi amset wahda fi awled moufida deja nchoufou fiha azza masta barcha 👎,0,Tunisia
354,Brcha 9lt hya,0,Tunisia
355,قناة الفتنة,0,Tunisia
356,Pfffff machabou W ma5yebou maset,0,Lebanon
357,RAK LASET,0,Syria
358,بدون تعليق,0,Sudan
359,3asba,0,Egypt
360,تفووووووه عليها,0,Tunisia
361,برشا خمج و قلة حياء. واحد يحشم علي روحو عايلة ملمومك وانتي توري كان في الخمج متاعك.  الحق فلي يتفرج فيك,0,Tunisia
362,Hak chakib dima mhantelllll,0,Morocco
363,rak maseteuuuuuu 😂😂😂,0,Algeria
364,taw hedha yji rapeur  9alou chbifibika ya3tek walla b nika,0,Tunisia
365,9adech dobbaaaa mouch 5arej aliha :/,0,Tunisia
366,chlaaikkkk a5errrr zemannn malaaaa marekkkk. w ziddd lbarnmejj zadaa i3aifff,0,Syria
367,انسان ياسر بهيم.وعلاش جايبينو اصل.,0,Tunisia
368,عالم منافق,0,Iraq
369,😠😠🙈🙈🙈🙈🙈🙈,0,Oman
370,sihem badi 5iiiiiiiiiiiiiit :/,0,Tunisia
371,مااسقطو راجل توه الحبس تنحات منو الصبة والراقو مكذبك عندي احساس الا عدوه للدراقة هههه خرج يهتري بالحبس تي المهم لكلها لغة باش يكمل عروضو في الحبس,0,Tunisia
372,Ta7an ou sa9et Ou mridh sifet 5ayba lkol fih ou akter haja tefah lfesed ou masa5 nrodouh haja Kbira f bled tfouh 3ala ha mandher,0,Tunisia
373,"تي زح اوول مرة نشوف قرد لاباس لينات""",0,Tunisia
374,maaaaaaaaaaaasssat khamej massakh niveau bas haamel marka adwaaar t9af9if wil 9waada w hadek tab3o,0,Tunisia
375,لا تعجبو فهو زمن التافهين,0,Iraq
376,توفيق الغربي جاهل تافه متعصب وعنصري الثقافة منه براء,0,Yemen
377,Tfouuuuuuuh 3al lemmark,0,Iraq
378,جبالك الرواسي ولاعبدك الثقيل يا فرطاس يا تافه، قالو عامل حزب صوت الفنانين و عيلتو ما صوتولوش ههههه يا فااااااشل,0,Libya
379,الله غالب كمشة طاحنة مخالين الكورة و يتفرجو في قحاب مفيدة,0,Tunisia
380,Ta7an 1000%,0,Algeria
381,Chib wel 3ib,0,Tunisia
382,Khiiiiit,0,Iraq
383,موش متربي,0,Tunisia
384,بري يكب سعدها و سعد الي جابها في التلفزة هاذي كان جات بنتي و لا اختي راني كليتها ماكلة بين سنيا لا تحشم ولا تجعر وينوا والديها تبارك الله التربية والاخلاق ملا كعبة كاسبنها والديك,0,Tunisia
385,مخيبك اووواا,0,Saudi Arabia
386,آه ريق إلبارد وقلة إلحياء,0,Egypt
387,مسكينة إنتي انسانة مريضة واحمد الأندلسي يشرفك ويعرفك يا ماصطة ،شكونك إنتي جرد ممثلة👎👎👎,0,Tunisia
388,Ti bara raye7 ya tha3lab sa7ra ya miboun elja7im,0,Tunisia
389,يا توفيق رك مصت برش,0,Tunisia
390,mahouch rajil,0,Tunisia
391,mouch blastou bsara7a damou rzin,0,Tunisia
392,Ahla ya maset ya laset ya amin,0,Yemen
393,Lokza mamstou 9edech msatek khih,0,Morocco
394,Meskin rabi yechfih,0,Tunisia
395,يعنبو الوقت مقداد يتمزا على بلطي وووووووه _x000D_,0,Tunisia
396,7acha 5li9et rabbi,0,Tunisia
397,يعتك منعولة,0,Tunisia
398,Rhout,0,Lebanon
399,Mouch el mase5 hetha eli mché fih heka sa7afi mta3 jaridét sada fi labés w howa chléka maya3réf ken chléka,0,Morocco
400,"التوانسة لا شافو حاجة ناجحة برا عاد يعبدوها و المعبود ربي للي يكوهوك فيها""",0,Tunisia
401,masit lasit karim il gharbi,0,Morocco
402,mriiiiiiiiiiiiiiiiiiiiiiiiidh mana 9olnalkom ma3adech tjibouh offfffffff,0,Tunisia
403,ماسط كالكلاسة -_- عمروو ما يضحّك :/,0,Tunisia
404,ملا فصايح.........,0,Tunisia
405,اعلم ان اللواط رذيلة من اسوأ الرذائل خصلة من خصال الشر مميتا للحياء فسادا للاخلاق فسادا للقلب اعتداء شديد على الطبيعة التي ركبها الله عز وجل بل جريمة نكراء تعافها البهائم والحيوانات الا تعلم فعل اللواط يغضب الذي يجري الدم في عروقك اما تعلم ان هذه الفاحشة يضيق بها الفضاء وتعج لها السماء ويحل بها اابلاء وطريقا الى دار الشقاء,0,Saudi Arabia
406,لا يستحق لا تعليق و لا اعجاب القامط هذا,0,Saudi Arabia
407,Ouh alia oooooouh.,0,Tunisia
408,Mala chleka,0,Morocco
409,باين من حديثو سياسي ذيب و ميحصلش,0,Tunisia
410,ليس بفنان و لا مثقف... كلوشار و موش راجل... من لخّر أمسط ما فمّا في هالبلاد...,0,Tunisia
411,تفوووووو عليكم ياخماج,0,Morocco
412,عيب عليك الراجل  كعبة لا ثقافة و أنت زدت فرشتوا هههه . كان زدت شوية راهو ولا ظارب و مظروب و الهيكا بطبيعتها تتسبل تكمل تسكر كلام الناس و السبب عدم أحترام الضيف .,0,Tunisia
413,Maset laset,0,Modern Standard Arabic
414,Tahhan,0,Oman
415,منافق وكيما قال كافون: منافقين قبي قبي,0,Tunisia
416,شلاكة تفووووووه علي ها الماركة,0,Libya
417,yéésir masta w téfha 3ali5ir w majééét chay,0,Morocco
418,احمد الاندلسي اشرف ارجل من هاك الميبون الي مد وجهو في كلام الناس وانت شكونك باش تعطي رايك فيه يا ثعلب يا شلاكة تفووووووووه عليك,0,Tunisia
419,غالطة وغلطوك  في روحك  بااااااااارشا,0,Tunisia
420,مستوى منحط,0,Saudi Arabia
421,Behi ama 3andou chwaya msata,0,Lebanon
422,امسط و اخيب قناة ريتها في حياتي. وجوه لوح الي تجيبو فيهم . تشجعو عالجهويات.  ملا قناة كلبة. كعبة لا,0,Tunisia
423,Vraiment ifadeid,0,Tunisia
424,ma3jibnich dawrrik bsara7a w lanti mawatatikch jimla m la5r choix 4alit,0,Tunisia
425,الزبالة انظف منه,0,Saudi Arabia
426,تافه منتفرجش,0,Tunisia
427,Ma5yab mandharha,0,Lebanon
428,Barcha 9elit 7ya w9elit torbia tfouuuh 3lik w3lihm,0,Tunisia
429,تقعدوا طول عماركم اعلام عار .. اوصلوا لمستواه و بعد احكيو,0,Tunisia
430,ممثل فاشل و ماسط,0,Libya
431,حيوااااان,0,Morocco
432,ra7mouni erhebi fi thaweb mouhami,0,Tunisia
433,e3lem el 3ar hata sebsi b tfadlik majbetohouch tahana :),0,Tunisia
434,echi5 el kalb,0,Egypt
435,5wenji monafeg,0,Tunisia
436,tfouh 3lik ya 5amej ya mase5 inta weli stad3ouk kanet l3air nchallah yhlikoum rabi mat5afouch youmhel we la yohmel ya rabi salet 3alihom 3adabek allhom amin,0,Tunisia
437,Rak maseta rak laseta  pfff  m5yb raseka,0,Saudi Arabia
438,Berrasmi khiit lotfi,0,Syria
439,ماسط لاسط كيفو كيف أمين قارة,0,Tunisia
440,ملا رهوط حاشة خليقة الرحمان,0,Tunisia
441,maset laset :3,0,Modern Standard Arabic
442,Malla fdha'yah et malla mostawète bjèh rabbi ostrou aardhkom et raa'iou ennès elli mayhemhomch ichoufou aarkom,0,Morocco
443,لطفي العماري بهيم,0,Lebanon
444,هذا التقدم ولا لوح مستوى المسلسل منحط,0,Tunisia
445,بري روحي مخيبك,0,Iraq
446,"mouch rajel""",0,Morocco
447,Wallah la iwali rajel,0,Morocco
448,7agara,0,Morocco
449,انا بصراحة معادش يعجبني برنامجوا ولا من امسط البرامج.خاصة من جاب حاتم القرمازي ويتمسخر عليه حتى ولو هو غالط في روحو متتعاملش معاه اكاكا.وزادا يدافع على ناس متستاهلش,0,Tunisia
450,بربي نهار جيب أختك القحبة يا راس لبصل، خلي نضحكو عليها شوي,0,Tunisia
451,blidaaaaaaaaaaaaaaaaaaaa,0,Tunisia
452,يا علا يا ولد ىالحرام  يا علا رك ولد حرام وانت مزلت فيك اك الحكية نعرفك وقت تسكان قرب نهج سبخ باب جديد الله لا تربح فضحتنا مع الخمج,0,Tunisia
453,5sara fiiih esem ahmed ! :p,0,Tunisia
454,"تفيه عليك يا خامج 👊""",0,Libya
455,اتفووووووووه حاشاكم جميعا,0,Tunisia
456,barcha beleda hhhhhh,0,Lebanon
457,ياسر ماسط,0,Saudi Arabia
458,Ouiuuuuf vraiment tfadded,0,Algeria
459,برجوزي متعفن ....,0,Syria
460,lotfi !!!!!!! wouh mamstou,0,Syria
461,Ma555yeb rasou w mar5sssou kenou rajelll,0,Syria
462,tfou 3lik  yamalhet,0,Morocco
463,Malla maset tfihh,0,Morocco
464,Mella mandhar,0,Morocco
465,RAK maaaaaaaaaaaaaaaset laaaaaaaaset,0,Tunisia
466,ماسط لاسط,0,Tunisia
467,مستوئ منحط :),0,Syria
468,عيب على البرنامج هذا اللي يجيب فيهم و يعطيهم حق الرد والله مش معقول,0,Tunisia
469,كارها تمثل فيلم الجميلة والوحش  ..ويوززززززززززع خخخخخخخخخخخخ,0,Iraq
470,Ma5ybihe,0,Lebanon
471,يفعل الجاهل بنفسه ما لا يفعله العدو بعدوه.....,0,Tunisia
472,ya3tihoume kassra fi dihoum kleb 7ayawanet,0,Tunisia
473,مسلسلات القحب و الوبنة . رمضان يا زبي راهو,0,Algeria
474,5ayba. Ma fiha chay.,0,Lebanon
475,mala mandher,0,Jordan
476,hayèaweeeeeeeeeeeeen,0,Lebanon
477,Maaaaasat,0,Morocco
478,"فضائح قناة الحمار التونسي ... كلام زايد في المباشر !!_x000D_
شكيب نقص شويا من الكلام #الفارغ
ya3tikom   kleb   elkol  3la  b3athkom
شعب تافه
hhhhh mala hbal
Massat lassat
اولاد القحبة
شلاكة لا أكثر لا أقل
يا مسخة ناس بكري قالوا الدڨلة دڨلة والعليڨ عليڨ""..صعيب ياسر باش تفهموه المثل يا جماعة التونسية المثلية",0,Tunisia
479,Nn masta,0,Morocco
480,Maset laset,0,Modern Standard Arabic
481,Mala marek :-/,0,Morocco
482,توا بربي هذا مستوى متاع فنان مسرحي مثقف ؟ انا نشك الي هذا قاري مسرح ،واحد جاهل منحط,0,Tunisia
483,mastaaaaa pffffff,0,Morocco
484,قاضي مريض وغالط في نفسه ... وحيوان,0,Yemen
485,سلسلة سخيفة جدا و الممثلين بهذلو رواحهم بايديهم .اسخف من هكة ما فماش,0,Tunisia
486,Le kalba mafrouth tesm7 o5tha.,0,Syria
487,Masta,0,Lebanon
488,مله مناظرإمقلبه جابتهم هاثوره إلكلبه تفوه,0,Egypt
489,إشاله ربي يهلكهم,0,Libya
490,شلاكة,0,Yemen
491,تي هو بيدوا موش متربي شو اك المنطق واك الحالة منافق وكذاب وسارق من فوق طمع في فاطمة بو ساحة يرحمها وسرقها وهي بين موت وحياة وجاي يحكي عل الاخلاق والتربية ملا شلاكة,0,Tunisia
492,قليل الحياء غادر _x000D_ طبعا هو مش متربي,0,Libya
493,masta,0,Oman
494,Mamsatha ya rabi pfff program ma tmastou kén hiya :/,0,Syria
495,ثعلوب =D,0,Sudan
496,ماسط والله ماسط,0,Tunisia
497,يا خامج يا حثالة المجتمع,0,Libya
498,صوتها ياسر خشين مفيهاش لفيانة,0,Libya
499,يا وجه البومة,0,Tunisia
500,القحب,0,Qatar
501,راك ماسط,0,Algeria
502,Ta7 m'en 3ini ki dame3a,0,Tunisia
503,yessir massit,0,Morocco
504,مقدم البرنامج حمار يحمل اصفار,0,Yemen
505,"بورحولية الراجل هذا وقفلي مخي ... كيفاه يحب يرجع بن علي .. تي مالا وعلاه احنا عملانا ثورة .. _x000D_
خمر و زنا و فساد .. .و قلة حياء من فوق _x000D_",0,Tunisia
506,ممصتو راهو مايتهضمش,0,Algeria
507,Kadech nakrhou,0,Morocco
508,ماسييييييييط لاسط,0,Saudi Arabia
509,واحد جبري ومسخ ومأ يعرش يحكي,0,Lebanon
510,ماسط و دم رزين,0,Libya
511,ياخي مفما حد قالو راك ماسط لاسط مقداد هذا وكيفاش يجي مسؤول,0,Tunisia
512,Maaaaaaaaasta lasta ew zide ech 3amlet hia,0,Oman
513,ملا لكزة ممصطو هالكازي,0,Tunisia
514,ملا جراثيم في البلاد,0,Algeria
515,هذه حقيقة الإخونج ... الخماج ...,0,Tunisia
516,ماسط لاسط,0,Tunisia
517,Masta,0,Lebanon
518,منك لله يا علي المريض ويا غنوشي انتم السبب اتفووووووووه عليكم يا خونة  يا مرتدين,0,Libya
519,بربي يزي من التجارة بمشاكل الناس واعراضهم حرام عليكم,0,Tunisia
520,ماسط لاسط رجعوولنا نوفل بصراحة امين مش متع تلفزة كعب لا  و الحصة متع البارح هزان و نفضان,0,Tunisia
521,انا شاكة فيه يهودي اللطف,0,Saudi Arabia
522,Mala hala 3ejbikchi,0,Morocco
523,كلاب في بعضهم ...,0,Libya
524,اووووووف قداش ماسط هالبشر...سؤال امين في بلاصتو...اشبيك ما تمثل كان ادوار القواد،والخديم والمتله...فعلا ياسر قديم وياسر تاعب في مخو وفي لسانو وخاصة في قلبو...الله يسامحك امين,0,Yemen
525,ماسط ماسط  ماسط,0,Tunisia
526,Fsedet kif zokret el 3id ya Samir,0,Tunisia
527,Hasbi Allah fikom,0,Iraq
528,Efffff Effffff Efffff brabbi kouloulhhaaa rakkk dakhlaa dakhlaa ghaltaa samhouni dakhlaa fihiiittt,0,Tunisia
529,امثال الرحموني من الحقوقيين السخفاء البهايم نثل سامية عبو و راجلها حقهم الاعدام،ماهلكاها لبلاد كان هوم,0,Tunisia
530,Chbik go3r mamstek 😤😤😤😤👎👎👎👎👎👎,0,Tunisia
531,يلعن بو الوقت. قرد امي جاهل حمار يحكي فن وقانون ودين....,0,Tunisia
532,توفيق الغربي: طحان رهدان سكبان زعبان حصان بليد ركيك ماسط لاسط ومش راجل,0,Tunisia
533,ما يحترم حد و ما يقبلش الفدلكه كيفاه يجي فكاهي مش فاهمة,0,Libya
534,ملي مساطه وبلاده وركاكه اخيت اخيت,0,Iraq
535,قمت التفاهة !!! بري يعطيك وهف ليك و للشريف متاعك,0,Tunisia
536,برشا حب يا مسخ برشا عارر في رمضان,0,Tunisia
537,Aaaa3333333333    a3343343    a5iiiiiiiiiihhhhhhhh  marzanhaaa  7ech  eli   yasma3,0,Tunisia
538,Alah latraba7 .?,0,Iraq
539,ستانس بطحين في عهد بن علي ومينجمش يبطل.,0,Egypt
540,Oustri rou7ek ya baya rak 3malt el 3ar mara mini w mara m3arya ktefha rabi yehdik,0,Tunisia
541,انا بصراحة الفنان هذا ما هضمتوشي بالكل ' ملي ريتو في التلفزة كرهت الفن بصفة عامة مازال كان البهيم حاشاكم ما غناش اهه يا تونس بالحق هرمت و كبرت و عزعزت وجبت 'كافون '',0,Tunisia
542,Karim il gharbi masit i sitcom ma3jibnich,0,Morocco
543,mala 7ala tfouhhhhhhhhhhhhhhhhhhh,0,Yemen
544,يعطيه زلزاااااال مامسطوووووووو وما ارزنوووووو. موش متربي ومش محترم ويتڨوعر برشاااا,0,Tunisia
545,التمقعير على الناس و تشليكهم هو قلة حيا موش ضمار,0,Tunisia
546,Masta w tefha el 7al9a,0,Lebanon
547,لا  تمثل المرأة التونسية,0,Modern Standard Arabic
548,rak massét rak lassét rak sel3a kal4a salem mr,0,Morocco
549,راجل كبير و فاسد,0,Tunisia
550,تفوووووه على هالخليقة راجل كبير وميبون نعلة الله عليك وعلى امثالك يا امسخ وديوث تونس لا تتشرف لا بيك ولا بالميبون الي ادافع عليه  ارجع وين كنت يا بهيم يا كافر  تونس ما تتشرفش بيك  يفرحنا بخبر موتك اشنع موتة لعلك تكون عبرة لامثالك,0,Tunisia
551,فن عفن ولسان طويل وتحيا دوبل كانو,0,Lebanon
552,اكبر منافق في تونس  ...,0,Qatar
553,ti chbih ya7ki hakka 9ouloulou yestarjel we ya7ki ki erjal ma5yab rasou,0,Tunisia
554,Mabldou,0,Lebanon
555,Pfffff meskin,0,Egypt
556,Tefou,0,Algeria
557,مغرور و ما يعجبنيش تفدليكو و الدنيا ادواق,0,Tunisia
558,Haycha w bhim w dhaya3 fiha,0,Iraq
559,ya ras el basla mouch kan tlhit fi rouhk 5ir ma5ybk akther wa7d lazem ytna7a howa enti deja matfout najla bchay na9sek robe kahaw 5itttttttttttttttttttttttt,0,Tunisia
560,الشيب والعيب,0,Yemen
561,"انهم يدعون إلى الفسق و الرذيلة _x000D_
Masetttt
والله  هذوما اكبر مسخين
الاذان يقول الله اكبر .والتلافز متاعنا تبدا في قلة الحياء .ناقص الواحد ييتفرج في mbc يشق عليها الفطر .
3ar wfthay7
شيء  مؤ سف كيفاش ولينا نحكو هكا بعد الثورة قمة العار شيء  محرم
ماااسطييين
Yezina 5tha wa9tou yezih msat bsara7a
نكره جد ولديها ممسطها بفففف
قاهر الجرذان
مسكينة مرزنهااااااااااااااااا
يا نوفل يا ثعلوب، يا نوفل يا ورتاني ،يا بياع السردينة بسوم المناني HHHHHHHHHHHH
pff
يووووووه ياربي ممسطه ع اساس ناقصة تخلف تونس نزيدوها الاشكال هذوما العالم يتقدم ونحن نررجعو التالي :(
امسط انسان في العالم
مسلسل متاع مظاهر سامي فهري الخامج اه لو يرجعوك لمرناقية على خاطر تحلت عينيك ياكلب _x000D_
Masta
اليوم غنات اش اسمها\ منال \عالقطاطس والبارح غنات عالبوخوخو  وغدوة تغني على دجاج المكينة ,,,, ملا مهزلة ,,,,, وين ماشين ب  هالفن الي طايح سعدو
باسل الله غالب
Echib wil 3ibbbb!!! Etfouuuuuuuuuuuuhhhhhh !
انا متأسف جدا على المستوى المنحط الي وصلنالو.
تبالحرام حرام فيكم الضوءالي تستهلكو فيه ملا تفاهات 😠
بالرسمي يا مقداد راك سنبل ! بصراحة راك تحشم و تعمل العار و متعرفش تحكي و ياسر عندك النفاق ،نقلك ربي يفرج عليك
سامي خوياااااا علاش هكااا ملالالا سيناريووو ماسط
tefeh ya7ki 3atha9afa pfffffffff malla msoutiya w 9ilet torbya w mouch rajel
لابس ثوب الحمل
Malla grouda tfooooooooh 3likom ye ms5in
شبيك مااااسط...
ممصطك ومركك عبد  تفوه عليك
mala 5orda
Ya7asra 3la tounes ki kanou mouselsletha ida7kou taw kol 5maj
تافه ماسط
ملا تافه
Massettttt lasset raj3o nawfek
ماسط لاسط
ماسط تقول الفاهم اما متهمم شوية بفففف _x000D_  _x000D_
_x000D_
ena la nahthmou la toul la 3orth yééser damou rzin kifou kif naoufel la wé7ed 5ir min sa7bou
Oujouh lou7 tfouh 3likom
Insaan mriith bill9wii
lmara hathi msaaaat berjoulia
طحان طحان زايد.
9a7ba 3amla feha chrifa
ta77an kbir
منين تجيبو فيهم هالرهوط . و تسحاب روحها فاتن حمامة ياخي الطرحة شلكوها هي و عقاب الفيلم الي مثلت فيه
لحاس وما عندوش اخلاق
أعلن الحرب و اعمل مجهودك che guivara الفن الشعبي التونسي. أكبر رمز الفشل ف الدنيا هو انت
راي في القناة موش فيها قناة العهر الاعلامي بامتياز _x000D_
لعن والديكم و والدين والديكم
3al 7it
7ala e7lila wakahou
شعب تافه مع احترامي للبعض واحد يعدي عمرو يقرى يكمل ببقى بطال باش يتفرج على تلفزتنا الموقره ويعرف علاش هذا معندوش بطاقة احتراف.دوحي يااااااااااااا مباركة
الشيب والعيب
توا بربي هذا مستوى متاع فنان مسرحي مثقف ؟ انا نشك الي هذا قاري مسرح ،واحد جاهل منحط
قمة النذالة...
ما سط و قليل حياء و ميعرش يحكي.",0,Tunisia
562,منحط إخلاقيا,0,Syria
563,malla kholka,0,Tunisia
564,ههههههه شعب منافق,0,Libya
565,Ya haja rak mastaaaaaaaaaaaaaaaaaaaaaaaaaaaaaaaaa,0,Tunisia
566,Yeser maseeeeeeeeeeeeeet,0,Lebanon
567,والله يا سمير راك عملت العار عامل فيها معلم والضيوف تلاميذ راك فارغ في فارغ وبرنامجك كله شغب على كل حال ماعدش نتفرج فيه وان شاءالله الناس الكل يعملو كيفي,0,Tunisia
568,تافه او ماسط كان يرجع علاء ولا نزار الشعري خير بارشا,0,Tunisia
569,"بففففف""",0,Jordan
570,اوسخ واتف مسلسل,0,Lebanon
571,جاهل متاع راس لنبوط ...,0,Tunisia
572,TFOUUUUUUUH 3LIK W3LA LWAKT ILI WALA CHLAKA KIF HADA FI ETALEVZA .WLAHI MOUCH 3LA KATER ANOU MA3A BEN 3LI HADA KOL WA7ED 7OR AMA 3LA KATER T7AAAAAN KBIIIIIR,0,Syria
573,رجال تكساب و طحان تحسيب,0,Tunisia
574,كلها لغة خشبية وتلحيس لنداء,0,Saudi Arabia
575,3ib wlh 3iiiiiib w mouch ma3e9oul,0,Tunisia
576,ملة قعر,0,Oman
577,Lokza :3,0,Algeria
578,Ooooooooh go3ra,0,Tunisia
579,والله ماسته وخارجه من قشرتها متصنعه,0,Oman
580,يا شكيب مااثقل عصك ربك اكبر معفط عرفوا الاعلام كان سكرت رب جلغتك خير,0,Iraq
581,تسبي في احمد اندلسي يامسخة وبري شوفي مراء كيفك ارقد معها يامريضة و عجبني شيخ و وليد كي سخسخوكم معليم و ربي معكوم و نشاله تتقطع ضاهرة هذي,0,Tunisia
582,البرنامج ولاّ فضيحة . جايبين جماعة لكلّها تبندر و تحكي على رجوع بن علي بكلّ وقاحة,0,Tunisia
583,Hhhhhhhhhh 9talni bel msatta malla 3okaa,0,Tunisia
584,مقرف، مستوى متحط، لأول مرة أجد نفسي متعاطف مع النهضة، إضطررت لتغيير القناة لأنه سبب لي الغثيان,0,Sudan
585,ماسط ﻻسط,0,Tunisia
586,Tfouhhh,0,Lebanon
587,ميعجبنش بنسبت 100°/°,0,Tunisia
588,màstà màstà :(,0,Tunisia
589,Bhim,0,Egypt
590,انها تذكرني بقصة زوجة سيدنا لوط ودورها الشيطاني ....وانشاء الله تكون نهايتها على غرارها,0,Oman
591,rak masta rak lasta rak sel3a...,0,Saudi Arabia
592,كلب من لكلاب خماج شهر رمضان المبارك قلت لحيا هاو إلعهراة تتفرج,0,Lebanon
593,marznouuuuuuuuuuuuuuuuuuuuuuuuu w matfhouuuuuu!!,0,Tunisia
594,ماسط لاسط من قبل مش من تو. ...و قداش ظهر hypocrite  في هاك الحلقة متاع ca me di rien متاع التنويم المغناطيسي وكي تفضحو   عملو رواحهم يفدلكو,0,Tunisia
595,YA KALAB YA MOSA5  wmok lamsa5a,0,Syria
596,اووووه نوفل الورتانى لخوس ت حتى حد ماقالو راك عار على التلفزه اخوس,0,Libya
597,ههههههههه يا مسخين توبو لربي قبل ما تصير فيكم كارثة,0,Lebanon
598,kalba rabi yhasbek 3la litrawej fih lines .... allah le ywaf9ek inchallah,0,Tunisia
599,chii5 monef99iin,0,Tunisia
600,مخنثين ! مسيبين بلدانهم حروبات و ناس جواعا و حالة مركبة و جاي لتونس يتفينس و يسيب في انوثتوا 😤 تفوه عليكم و عاللي جايبكم,0,Tunisia
601,Pfffffff mamstek ou mamstek ou mamstek ou markek,0,Saudi Arabia
602,فسّخناكم و رتحنا من وجوه اللـــــــــــــــوح متاعكم....تفوووووووووه...,0,Tunisia
603,الشلايك يجيبوا الشلايك,0,Syria
604,كان جاء انجم يعرض البارا راهو عرض ماسط لاسط,0,Tunisia
605,Mabildou w mamistou  w zid yetmaniek 3le mra kbira titkalim hakeka w zid metwefia,0,Syria
606,ina3bouuu el wa9et eli 5ala amtheeelk tmed wjouha fi télé w t7el fomhaa w taleeb b 7a9haaa ah ya rabiiiiii,0,Tunisia
607,ماصت شويه,0,Iraq
608,مااااااااا سط,0,Morocco
609,Mast last,0,Modern Standard Arabic
610,طحّان كبير,0,Tunisia
611,ملا مناظر,0,Tunisia
612,ماسطة شوية الحلقة بصراحة و كريم الغربي يتصنع في الدور,0,Tunisia
613,لحوار التونسية افسد قناة عار على تونس الحبيبة,0,Tunisia
614,9anet kefra,0,Tunisia
615,Le 3ale9a,0,Algeria
616,ملاعين أسأل الله العظيم رب العرش الكريم أن لا يبلغكم رمضان إلا وقد حلت عليكم مصيبة ياسبب هلاك البلاد والعباد,0,Egypt
617,wow ma5yebha manel w me5yeb 8neha hatha 8né mefich 7eta mante9,0,Tunisia
618,ouuuuuh ech nekerhouuuu yesser yekel dhaww hhhhh,0,Iraq
619,Tefeh,0,Lebanon
620,تافهة,0,Palestine
621,ماسط لاسط,0,Tunisia
622,لا تمثلني ولا تقنعني !,0,Oman
623,الله لا تربحك و لا تربح الي جابك في البرنامج و لا تربح الإعلام الي يحب يروج للخمج الي قاعدين نشوفوا فيه كل يوم,0,Tunisia
624,طحان يبقى حيام كاملة عايش طحين,0,Tunisia
625,.اش.طبا.من.عصا.وكف.ياساقط,0,Iraq
626,Klem fi klem mefhlna chay menkom ya jma3et idin,0,Tunisia
627,يا grand A  برا يعطيك داء بلا دواء احمد الأندلسي سيدك و تزيد تحكي على المثلية الجنسية بربي كان جاء خوك مثلي تقلو هاذي حرية شخصية فضحتونا الله يفضحكم علاش الدنيا ولات هكة تفوووه عليك راك تحطمت قبل ما تبدى,0,Tunisia
628,Marzen mleyiktek w ma9al 7yek tfouh 3la hal mandher,0,Tunisia
629,Tfouuuh ...kalba w ma8roura,0,Iraq
630,مايعجبنيش,0,Yemen
631,فنان معقد برشااااا,0,Tunisia
632,naoufel el wartani ooooooo 9addekech maset,0,Syria
633,يا توفيق العيب موش فيك ، العيب كل العيب في اللي جابك للبلاتو,0,Tunisia
634,mas9etha faza 5ayba 3mletha mathanet ela mafazdet 3la o5tha,0,Tunisia
635,Masta nakrhek,0,Morocco
636,احنا نعانو في الارهاب و نبحث عن طريقة لدحره من بلادنا و سي امين جايبلنا موضوع المثليين وناقشو فيه وكانه قمة التحضر  الا يعتبر هذا استفزازا للمتشددين و الدواعش باش يلقاوا ذريعة لهتك ارضنا  بالله جيبولنا مواضيع تبعث الامل و تعطي صورة مشرقة لتونس,0,Tunisia
637,malla manadher,0,Morocco
638,رقاص و لحاس الحجامة,0,Tunisia
639,Ma7soub 3malt afar kbir pfffffff lik w lak echleka,0,Lebanon
640,Ma5ybha walet,0,Lebanon
641,3afat,0,Morocco
642,مقحف ماجاش حتي شي قدام نوفل رجعولنا نوفل ياولادي,0,Tunisia
643,انحطاط وسفاااله,0,Tunisia
644,قحبة,0,Tunisia
645,Maset laset ma je chay,0,Morocco
646,pfffffffffffffffffff sakhaffaaaa,0,Yemen
647,Yehlekhom rassatli nbadel mala fdhaya7,0,Yemen
648,فسدت برنامج الراجل بضمارك الثقيل,0,Tunisia
649,Hhh mala manather mkalba,0,Yemen
650,ماتنجموش تعديوو البرنامج من غيرواا pfffffff :(,0,Egypt
651,mamsathom ya latif w haka l jomhour li yadh7ak lezmou 7ar9 be nar,0,Syria
652,مارق برش ..مريظ بلكلام,0,Tunisia
653,mé 3ana kén nawfél él masit animateur fi tunis méd wijhou fi lébés w mosaique w klém nés yésir !!!!!!!!,0,Morocco
654,9adech wathe9 min nefssou,0,Tunisia
655,راك ماسط راك لاسط كلكلاسط,0,Tunisia
656,mala manadher,0,Yemen
657,تاااااااافه موش تعمل نقابة كي تعمل أوسكار  او تونس فيها ثلاثة فنانين يتعدو على الصوابع,0,Tunisia
658,Tfiiiiih,0,Yemen
659,3ib walah  mostewiyet,0,Tunisia
660,malla sal3a amnayka salamli a3la nawal 9ahabti la9dima,0,Morocco
661,كلب بن علي,0,Tunisia
662,mssataaaaa,0,Morocco
663,Ama mouch hlow 3aylet rana nitfarjou un peu de respect,0,Tunisia
664,جاهلة حقيرة متخلفة منحطة بلانا بيها ربي كيفهم كيف كهنة معبد امون يسرقو وياكلو و يرقدو ما رينا منكم كين الهم و الهول من نهار ااي جيتو حتى البلاد ضاربا فيها000D_ الزما اطنابها و وجوه اللوح,0,Tunisia
665,Katheritilha bisara7aa,0,Morocco
666,نعلة الله عليكم و على أولاد مفيدة على إلا يتفرج عليكم......,0,Tunisia
667,masittt 5ra w maa se5oun,0,Tunisia
668,Ma5ibek ya masseeeet,0,Lebanon
669,موش. مربي.  و بهيم.,0,Tunisia
670,برشا قلة حيا ميجيش هاكا في شهر فضيل,0,Tunisia
671,ملا مسلسل والله يعمل العار ياخي تتفرجوا قدام داركم هكا الزح عملتوا الريحة ... ناس تمشي تصلي التراويح و هيا تعملوا سلعة مغشوشة ههه حالة و برا :),0,Tunisia
672,بليد وركيك  وتافه  وما ريت كان الحوار التونسي الليقاعدة تعملوا في قدر وتجيب فيه بوجادي  على الآخر,0,Tunisia
673,لطفي راك ماسط فيق علي روحك ا صاحبي,0,Tunisia
674,ما يعجبنيش 0/20,0,Tunisia
675,ما أقل حياك يا سامي ،لا تقدروا عائلات لاشئ! قول انت مقدرتش مرتك و بنتك باش تقدر لعباد ،ممسطك و برا,0,Tunisia
676,ماك طحان,0,Qatar
677,wajiha inhsha 3ala 3sabha chwaya was3 belkk ya wajiha,0,Morocco
678,TEFHA,0,Qatar
679,يعطك داء علي منظرك خول وسخ,0,Tunisia
680,انا ما فهمتش شنوة هالقذارة لي يسمو فيها راب بففففففف ..,0,Tunisia
681,Nakraha fedam,0,Morocco
682,عليكم اللعنة عملتو العارًًًًًًًً,0,Tunisia
683,حتى بالخل والجفال ما يتهضمش,0,Iraq
684,ملهط,0,Egypt
685,marzén mléyéktou,0,Algeria
686,والله عائلة قروده حاشا القروده,0,Libya
687,هذا انسان يحارب في الميوعة وقلة الحياء انا معاك يامعلم,0,Yemen
688,Mast...,0,Algeria
689,و يا منذر قفراش لن يعود بن علي و جماعته _x000D_,0,Libya
690,من بكري و انا نقر في التعاليق.بالحق قداش عندنا مرضة في تونس.ربي يشفي هالناس المريضة بالحقد و الكره لغيرها هاكاكا.يا ناس حبو الناس راهو خوك في الاسلام و و تذكرو رانا في شهر فضيل,0,Libya
691,9ome 3asba 3ala rasek ya mibon,0,Morocco
692,jabri yessir w masit -_-,0,Morocco
693,masta lasta,0,Yemen
694,مساطة إعلامية و تكونيز في الفارغ,0,Algeria
695,راك ماسط و رزين و ما تجيش منشط,0,Algeria
696,Barcha 9elet torbya w9let 7yaaaa 3ala9al e7tarm chehar eli a7na fih 5af men rabi kifech bech t9ablo raho maynf3ek chy gir fe3lek tayeb 👎👎👎👎👎👎👌👌👌,0,Tunisia
697,بلعوط,0,Syria
698,Maset,0,Tunisia
699,و الله لا تحشموا لا أنتم ولا الي جايبينهم ان شاء الله ربي يتولاكم,0,Libya
700,Ya Amine amset menek wmin dhyefek mathamech msatet l9anet,0,Tunisia
701,Karehtouna fih ha safi sa3id,0,Morocco
702,اكيد باش تقرى الكومنتارات بعد البرنامج ، نقلها راك نكرة و تافهة و دخلت دخلة غالطة طحت قبل ما تقوم,0,Tunisia
703,براا لعنة الله عليك يا مسخ يا كلب تفوه,0,Libya
704,malla jard w tfouh 3ali jaibou lil barnaimej,0,Syria
705,vraiment amine masset yeser elbarnemej wtaffhou barcha,0,Morocco
706,zbela,0,Lebanon
707,في كلمة ماصط,0,Qatar
708,7akem massakh tfouhhh,0,Morocco
709,شكيب تحسو رجع يسلك فيها جويني مع  توفيق هههههه,0,Tunisia
710,la wahra la zin la asel wla din fi m5a5kom 7afin flselentkom madhin t7ebou chorïr t9adrou l5atir,0,Tunisia
711,المساطة أون بيرسون :'(,0,Iraq
712,امصط عباداللهوانذل واتفه انسان ريتو,0,Iraq
713,balech 9elet adab :3,0,Tunisia
714,بليد ماسط حثالة زبالة كلوشار .....,0,Tunisia
715,<3 masset lasset amma kifna twanssa el kol,0,Morocco
716,حتى صافي سعيد مليان بالحجج  والادلة الكاذبة  والخائنة,0,Morocco
717,خوانجي و ميبون,0,Tunisia
718,فاشل,0,Egypt
719,Yeser maset,0,Tunisia
720,Bil7a99.. A3outh bilah min chitan rajim 7acha 5li9att rabbi.. 9aswaett...,0,Morocco
721,تفوه عليك يا نجاسة,0,Tunisia
722,T7ebbek laf3a ye wejh ellou7.attoyor 3le achkelha ta9a3,0,Tunisia
723,Klab,0,Lebanon
724,حسبنا الله و نعم الوكيل,0,Tunisia
725,ملهط,0,Egypt
726,Masta lasta,0,Morocco
727,mareg,0,Morocco
728,كسيدي كجوادوا البلاد هاذي موش باش يقيملها قايم مادام نحكوا في مواضيع كيما هذي في التلفزة وزير وقاضي يتعاركوا في المباشر,0,Tunisia
729,يامرتزقة ياخونة يادياثة ويا عهرات..._x000D_,0,Iraq
730,mridhhh,0,Morocco
731,masta wzid majet chay,0,Morocco
732,T7essou akbar ghalta fil barnemej,0,Morocco
733,Blid blid! Rkik!,0,Tunisia
734,برشة قباحة,0,Tunisia
735,ماسط لاسط بفففففففف,0,Tunisia
736,امسط من دالي!,0,Morocco
737,يا خامجين و الله لا تحشموا,0,Libya
738,Nakerheeeeeeeeeeeeék,0,Morocco
739,مستويات منحطة,0,Saudi Arabia
740,ماصططططططططط,0,Morocco
741,حاشه خليقة ربي هالصباح خنافرو كي خنافر البهيم واللهي عندو لحق لطفي يمزبلك انتي و خوك ملا امارك,0,Iraq
742,تافه بالقوي,0,Tunisia
743,Z3im ken fi lklem blablabla,0,Iraq
744,منافق مقداد,0,Tunisia
745,Bâri makhybek hhh,0,Lebanon
746,ما نحملهاش دمها رزين على قلبي,0,Tunisia
747,مكش ناجح,0,Iraq
748,ملهط بنت ملهط و طجان,0,Tunisia
749,معقد و مهلوس,0,Palestine
750,Amset menek maratech 3ini,0,Yemen
751,Malla malhit nakrih halmandhir fidam,0,Morocco
752,للمساطة عنوان واحد : شكيب شخص مقزز ومقرف,0,Iraq
753,Mansto esa5ta 5iiiit,0,Iraq
754,نكرة لاتاريخ لهاولااتصوران لهامستقبل فني....مجردفقاعة في فن التمثيل...وتستمرالرداءة,0,Morocco
755,Kathir pfffff ena 5oft hhh :p,0,Tunisia
756,ya weldi rak mekech dhamer rak raded ekhdhit waktek galou embratour,0,Tunisia
757,حلقة عالحيط..منشط ضايع فيها..لطفي ساكت..الضيوف تشتم في بعضها هههه والله بالعمل هزني النوم :p :D,0,Tunisia
758,بصراحة خليتها بالمساطة متاعك راك,0,Tunisia
759,Mrith nafssani,0,Morocco
760,هاهم طلعوا يهود اكثر من روني ملا مهازل في ها العباد قداشهم انبطاحيين ......,0,Tunisia
761,تفوووووووه على هالرهط المسخ والخامج والله ڨابس تتبرأ من هالشكل هذا,0,Lebanon
762,بغض النضر انو مسلسل متاع قلة حياء اما والله نحلف ع شطر الشعب يستنا فيه و الناس الكل تمد وجوها,0,Libya
763,ملا فاصلة,0,Tunisia
764,zouz 3l7it,0,Tunisia
765,Barcha 9o7eb mouch barcha 7ob,0,Syria
766,كااااااااذب,0,Egypt
767,Tfoooooouuuuh,0,Morocco
768,وهف المكم الكل,0,Iraq
769,راس لمبوط هههه 🤗😅,0,Jordan
770,massset,0,Morocco
771,لحاااااااااااس,0,Lebanon
772,Mastt mastt mastt alech tjibou fih mouch mt3talfza,0,Tunisia
773,امسخ وقواد ورخيص وكلب,0,Saudi Arabia
774,Chbih ta7an yeser na3lbouh l kalb,0,Syria
775,a33333 ch3arhaa 5it,0,Morocco
776,Ta7an kbir,0,Tunisia
777,Maset laset w maydha7akech malla mostawayet :'(,0,Morocco
778,حالة مكربة في تونس توا هذا مسلسل في شهر رمضان لا حولةو لا قوة الا بالله لعظيم,0,Tunisia
779,Masta lasta elle sait pas jouer son rôle ...,0,Morocco
780,Tbarkalah aliha ahsen moutorba fi tounis,0,Iraq
781,برا الله يطرشق عظامك......قولوا امين.,0,Libya
782,5ir bil bera7 ama masta,0,Tunisia
783,Kan la5maj  3ahra,0,Tunisia
784,Teeeeeefha,0,Lebanon
785,Brabiiiii rakkkkk kerthaaaaaa makech mtaa talvza chnéya soueletttt lbhéma mme mehrzéya tetfarej fih lfilm ??? Yekki msatekkkk a ce point ??? Ehtram w taalem kifeh tesell ?!! Vraiment tu es grave bhemaaaaaaa tastikaaaaa tkosss alihom lklem matatach tetsarechh!! Pffffff,0,Tunisia
786,اكبر منافق من انتاج 14 جانفي,0,Algeria
787,مغفل,0,Iraq
788,مازلت غادي إنت مرزن ملايكتك,0,Morocco
789,ارزن من ملايكتوا ما فماش,0,Tunisia
790,Loolll mamestou,0,Lebanon
791,يا لطفي العمري يا أكبر بهيم ريتو في حياتي اللواط هو من الكبائر يا تفه يا جاهل يا متخلف لو كان جيت أمامي راني وقفتك عند حدّك اما صاحة ليك ايها الجهل,0,Sudan
792,Tfouh 3likom ya klab hadhema li 5arbou lblad be5majhom alah y5areb sa7etkom nchala,0,Tunisia
793,Yesr 9o7b,0,Lebanon
794,Masta,0,Lebanon
795,ماسط أمسط من نوفل الورتاني,0,Tunisia
796,حسبي الله ونعم الوكيل,0,Tunisia
797,رمز وماسط .....,0,Libya
798,من لا يستحي فليفعل ما يشاء... ماشي في بالهم قافزين... ملا فضائح...,0,Tunisia
799,سفهاء النوادي حلفاء الاعادي حافظو الفرث و مفسدو الحرث,0,Tunisia
800,mamseto,0,Saudi Arabia
801,men ba3ed choufli 7al  msatet,0,Morocco
802,Tfouh 3likm 9anet lewsa5,0,Algeria
803,ها الممثلات التوانسة تعلمو كان التمعجين و الريق الزايد فضحتونا ......... -_-,0,Libya
804,بففففف تو ها التافهة هاذي تحكو عليها انشاء الله ضو ياكلكم وياكلها,0,Tunisia
805,"شعب منافق""",0,Morocco
806,ماصط لاصط القمار في شهر العبادة ربي يهدينا  عيب,0,Tunisia
807,مريض مسكين,0,Jordan
808,mridhhh,0,Morocco
809,masta,0,Oman
810,خارف,0,Iraq
811,قاعد يكبس في رحو و هوة كي تافشة و حيد اصلع و بهيم حشاكم,0,Tunisia
812,Mamestek ya latif tbadal wala chi5 w mofti mahouch na9ib mala 7ala,0,Tunisia
813,انسان منحط ... مسخ ...,0,Tunisia
814,تاعب ههه,0,Yemen
815,مسخ,0,Tunisia
816,مرزن عصها,0,Libya
817,Mamsetha,0,Syria
818,maset laset -_-,0,Modern Standard Arabic
819,قناة الماخور لا تكتفي أن تكون قناة الدعارة بل تزايد لتكون قناة اللواط,0,Oman
820,مـــــاسططططططططط,0,Oman
821,مسلسل تافه لا علاقة له بالواقع فالواقع اسوء بكثير,0,Oman
822,أكبر طحان تونسي,0,Syria
823,ممسطوا  شكيب طلعلي الدم,0,Tunisia
824,Akber ta7an fi tunis,0,Tunisia
825,عصبي جداً ولا يقبل النقد حتى وإن كان بناءاً !,0,Oman
826,Mas9etha!,0,Algeria
827,الشيب و العيب كنت تنجم تلطفها الكلمة كرمك الله,0,Tunisia
828,tfouuuh,0,Tunisia
829,مرزن دمك يا بهيم سايب عليك وخلي لطفيtranquile.  لي إقد روحو تحسدوه,0,Lebanon
830,تسبو في الحوار أو ساكتين على قناة نسمة الي لكلها عاار و الافلام. الي تجيب فيهم لكلها وسخ و فواحش و هي زادة الي جابت الفيلم يشوه الجلالة و الرسول عليه الصلاة و السلام!!!  علااه نسيتوها و رجعتو تشاهدو فيها كأن شيء  لم يكن و كبشتو في هاذم,0,Tunisia
831,mamsstek yablida,0,Syria
832,احمق,0,Yemen
833,دمو ثقيل و مش محايد,0,Libya
834,Chkon hal 9erd hatha,0,Lebanon
835,حثالة المجتمع.... شكونك إنتي تحكي علي الأندلسي الطيور علي اشكالها تقع .....ونسيتي رجال الي ملقييا صدورها الكرتوش باش ملهط كيفك تمد وجها في Tv....,0,Tunisia
836,Ha9e maset maset wa ma3jabniche,0,Morocco
837,بهيم و طحان و الله ما يموت أشنع موتة بإذن الله..يمهل و لا يهمل,0,Tunisia
838,lkolhom ta7ana,0,Tunisia
839,ما مسطو الكازي هدايا,0,Lebanon
840,Mast last ken b9a f ca medit rien 5ir klem ness f9ed miztou,0,Tunisia
841,ta77an kbir,0,Yemen
842,يا توفيق راك ما فالح في شيء عزك ساكت و إن شاء الله تتعدى,0,Algeria
843,يا بية إحشم على روحك ،جاية تعري في أكتافك راك عملت العار,0,Algeria
844,- tefeh _x000D_,0,Yemen
845,مستوى المسلسلات أزيد في الفساد في البلاد,0,Algeria
846,"خمج""",0,Iraq
847,Ya maset ya graa amthelek ma tcharefnech,0,Tunisia
848,يا مقداد برى روح نني راك ماسط راك لاسط,0,Tunisia
849,Kadekchi go3er erjel ka3da etmout medda sdourha lelkartouch wenti tahki 3ala soum echrak mte3ek pfffffff,0,Morocco
850,قداشو لحاس هذا قول سي الباجي يسود وجهك وجهو انتم قدسو للعباد ورب لعباد قاعد يعاقب فينا بالحاضر,0,Tunisia
851,نافخ روحو ياسر وحاط روحو الفوق منعرفش علاش راك مجرد نقيب من غير نجوم,0,Algeria
852,تافهة......لا تمثل المرأة التونسية,0,Algeria
853,خرّف ..,0,Oman
854,malla go3r,0,Tunisia
855,والله عملة عار يامسخ ياخمج انتانسان مريض بري دوي خير و كان معجبكش كلامي اشكي ماما,0,Tunisia
856,Mekich rajil yesir r5is w 9lil 7ye me3andikch karama,0,Iraq
857,Malla mantak 3andou hedha Ahmed landolsi klem ma yetkalech fi TV w ness tetfarej chnowa hedha? Chneya l émission hedhi ? ........,0,Morocco
858,مستواك ماشي و يزيد يهبط يا ولد سيدي الشيخ، راجع روحك عيش ولدي,0,Tunisia
859,ماهوش صادق و ما يعرفش يسمع باش بعد يناقش ويحلل  وواضحة جدا انتمائه,0,Tunisia
860,لااا ماسط,0,Saudi Arabia
861,يا قرد,0,Jordan
862,لا يليق بالبرنامج صراحة فرق كبير بين مايا الكسوري و شكيب ، فضايح,0,Jordan
863,kolek mrakba,0,Jordan
864,وقحْ موش متربي ...ما يحترمش عائلات الي تشوف فيه,0,Tunisia
865,بصراحة ياسر عظروتة و مجودرة و تقزز ،،،بغلة باتم معني الكلمة,0,Tunisia
866,مقل تربيتك,0,Sudan
867,هذوكم خطر على الصغاروالكبار كلهم امراض اللهم بعدهم علينا ملا شواذ اممسخين اتقوا الله وخافوا عاقبتكم راهي النار باش تحرق جلودكم  ياقطاطس,0,Tunisia
868,Ya3tk ba9la lik w liha,0,Tunisia
869,Maaaaasiiiiiittttt barrrrrchhhhhha,0,Tunisia
870,maset,0,Tunisia
871,هذه المراه لا تمثلني !! نقطه و ارجع لسطر,0,Yemen
872,ملا منظر جداقوا  تقول كونتوار متاع حماص.,0,Tunisia
873,Mamstooooooo,0,Syria
874,Mouche rajel,0,Morocco
875,ya khouia mebeldek w mamsstek,0,Syria
876,تافها وقحة و جاهلة....... التزايد القبح وﻻت شهرى في تونس ............,0,Tunisia
877,لحاس تفوه عليك ربي يهديكم علاه ترجعو فيه هذا ياخي مش  عطاه طريحة اش اسمو تافه ومريض  قالك حكى مع سيدو صخرر وسيدو بالحسن,0,Tunisia
878,Kamcha so9at homell  ilawjoun ken ala flouss w tffffffffffoh🔥🔥🔥⛽⛽⛽,0,Tunisia
879,maaaaaaaaaaaaaaaaammmmmmeeeeessssssstttttttttttteeeeeeeeeeekkkkkkkkk ya rooooooooooooooooooooooo7,0,Syria
880,masset lasset kilklaset,0,Morocco
881,"انا برجوليا بيني وبينو تليكومند  
Nawfil malla miboune w  manel 9ahba kbira
تفوه عليك وعلى الي جابك يا كلب يا خامج والله كان جات عندي سلط نذبحك والغريب من ذلك الي جايبك.تفوه على كل واحد جاي معاكم يا حيونات ربي باش يعمللكم اكثر من قوم لوط
Offfff marzenouu ouhhhh tikouem barawah
Hhh saye fessdet l9aa3da :p
yesser mosrana ( noura we beya ) 5555555iiiiiiiihhhhh maradhtouna
BLECH AKHLEK
ارخص انسان في تونس
مشمئز, مضجر و تعيس
ملا عفن و بلادة
أنت عار على وطني و يا محرزية الفرنسية التي تخلص باليورو",0,Tunisia
882,sidkom elmarzougui ye  kleb ye lahhassa tfouh 3likom,0,Tunisia
883,نحسها بهلوله شويا,0,Libya
884,yé la7asa,0,Morocco
885,hahaaaaa bliida,0,Tunisia
886,مستواكم وتمثيلكم والقصة تافهة ومهياش امتاعنا حسبي الله ونعم الوكيل تمسخوا في ولادنا وبناتنا,0,Tunisia
887,n7eb n9oul l manel 3mara rak wallit karakouz en plus rahou soutek y3ayef,0,Tunisia
888,ماسط -_-',0,Tunisia
889,كلب ابن كلب و موش متربي,0,Tunisia
890,التافه والتافهة محلّمها قناة تافهة........الفتان  يجالس المبدعين في مجالس الابداع والثقافة والعاهرو العاهرة لهم مجالس اللواط والمساحقة,0,Saudi Arabia
891,من يشاھد ھذھ المسلسلا إﻻ قليل الحياء حسبنا اللھ ونعم الوكيل وﻻ حول وﻻ قوة إﻻ باللھ!!!!!!!!,0,Algeria
892,Tafeh 3ale5er,0,Tunisia
893,ماسط لاسط,0,Tunisia
894,Temthilha dima masit :P :D ;),0,Morocco
895,Maset lasset w mon7at,0,Morocco
896,قدّاش تافه تافه تافه مسطلها بالتفاهة وقلّة الحياء,0,Syria
897,Ta7oun,0,Tunisia
898,tfouhhhhhhh  3la  harrahit   ya   khamja   dhahir  fiha  hatta   hia   yarhim  3ammi  mou2nnith  yna3il   bouk,0,Iraq
899,انسان ماصط لاصط قلاب و سارق,0,Tunisia
900,mouch rajel,0,Morocco
901,أصبح مهرج مسكين,0,Modern Standard Arabic
902,rak masset rak lasset,0,Saudi Arabia
903,الكلب هذا،أقسم برب العزة إلا ما ينتقم منو ربي أشد أنتقام،وتذكروا كلامي.فماش مرة ما حاربش فيها ربي والرسول.الله لا ترحملو عظم،آمين,0,Tunisia
904,ممثلة و بابورها زفر,0,Lebanon
905,ettajamo3 3a9liya ya zbéla .. chaine zbééla w amine gara zbééla w lotfi la3mééri anfé9 zbééla,0,Morocco
906,ahouwa echay eli karrahni fi touns,0,Iraq
907,7al9a fachila,0,Tunisia
908,9adech ta7 9adrou elfan,0,Morocco
909,Manti9ouuuuuuch.,0,Algeria
910,9adech tharbou f rou7o,0,Syria
911,ممسطها ومرزنها  وكبرت وهترت وقداه تقص الكلام علي الضيوف وقليلة حياء  يا بنتي احترم سنك   👎👎👎,0,Egypt
912,عنده كان كثرة الكلام,0,Algeria
913,walah ka3ba le mamstk pfffff,0,Qatar
914,ممسطهاااااااااااااااااااااااااااااااااااااااااااااااااااااااا,0,Egypt
915,Barcha 9ellet 7yeeeee,0,Syria
916,9adech tiiiiii7ki y m3alim.sil sil ilficha,0,Tunisia
917,مرا مغرورة ياسر في بالها كان هي مزيانة اما خسارة .....,0,Tunisia
918,الكلب كلب زايد,0,Qatar
919,بربي قولولي     ياخي شكيب درويش وجهو مقزدر الي يجي ينبزو و هو مزال مقحف و جهو في التلفغزة بربي يا شكيب برا شوف حل لحياتك   راهو معادش فاها وراس خويا,0,Tunisia
920,Kalb w mase5 tfouh,0,Lebanon
921,Maasstt -__-,0,Lebanon
922,وجوه مقلبه,0,Libya
923,Ya klebb ya 9afefa,0,Lebanon
924,العرا و قلة الحياء,0,Sudan
925,"و لسان قوله يقول : ان كيدهن لا عظيم _x000D_
9ellet torbya !!
على نفس القناة تكلم نبيل معلول وسب وتكلم كثيرون من الطحانة وسبوا.بلاد طحين......
3alll 7ittt yaser
Ti bari raw7i gotlik bari raw7i mabldik pffffffff
mo9dad eshili akbar mas5ra choftha fi 7yeti milla jabri ech ya7sab rou7ou
pfffff kol manrah nbadl l 9anet man7ch :p
مخيب منظرك
دقعد روح يعتك نخية على نصك  الحق مش  فيك في اللي جايبك في التلفزة  حجورات النساء يا تييييييييبببت ربت صدام حسين وبورقيبة وعمر المختار والدغباجي فاين انت من هؤلاء ايها الابله
Yesser tgo3ir maha9hech
fan mta bléda w 9ilat 7yé ejul mta taw
فعلا قمة الفسق
تڨول كلب ستاف !،
Birasmi 5ayba wziiid
هادى امراة مجنونه
Wah7ed miboun hadka
كلنا يعلم  أن أولاد مفيدة وحكايات تونسية  أكثر اباحية وجرأة ووقاحة من أغنية نجلا  ومناقشة هذا الموضوع في قناة سامي الفهري  يصبح شبيه بإلقاء محاضرة في الشرف في ماخور
Mamstouuu ou memergouu, ya3mél jéri !
Sa5afni bder :'(
Masta 3alle5er w madhabina m3ach nchoufouk mandherha fi TV.....
كثرت على ما وصاووك كشاكشك طالعة وانت تدافع على الترويكا وبطبيعة الحال على نهضتك اللي خربت البلاد
3mali el jayér pff mamstqom a za7y
امريظ.ربي.ايفرج.علبه
ممسطك صبر ياربى
لا كرهتها
تصويرة حلوة تجمع بين ثعلوبة تونسية ماكرة مع كلب عربي ناتن ههههههه
mamset din weldikom ya nawfel ras lebsal
راااك ماااسط والله لبلاد مدخلت في حيط كان بامثالك
#قابسيةومايمثلنيش
Nnn ma3jabnich fela9ta heki yeeser 9ilt 7ya
العيب موش فيك فلي يعيطلك سي مقداد ي واقي
Barcha ri9 w 9elet 7yé
Mskinaaa inesss 7ata fil mousalselll zharhaaa m9awedddd
mala far55555 yemchi yedfenn ro7ou bel 7yiiiiiiii mech 5errrrrrrrrrr pffffffffffffffffffffffffffffffffffffffffffffff
داعشي
Kamcha 5maj
حسبي الله ونعم الوكيل لاحول و لا قوة إلى بالله
صلاح انتهى بعد الثورة. كثرو عليه وتحسو ماعادش طبيعي والصحافين مصاصين دماء
إمرأة رهدن
Masset y'a nami :D
mamstek
Maaaasit
انسان جاهل و متخلف و من ابرز هيواياتوالتلحيس و هزان الطحين وزيد عندو الوبنى في قفلة الصباط نلوم عليكم انتم جايبين واحد رخيص و خامج كيفوا
في رواية اخرى _x000D_",0,Tunisia
926,baya mamestek na7ih el boudi 5ir winti thabet w t3awed,0,Tunisia
927,ma9al 7yekom :),0,Lebanon
928,منافق,0,Tunisia
929,kan mchiti starti rou7k 5ir chib w 3ib 3zouzet stout,0,Tunisia
930,Maset  barcha,0,Morocco
931,ملا ماسط عامل فيها شيخ ورع وهوا ما يشم فيها شي لا فن ولا تربية. برا شد سبحة خيرلك وانت ساق في البر وساق في القبر,0,Tunisia
932,موش ضامر حتي ترفه كريوكا برشا,0,Tunisia
933,ماسط لاسط بصدق مهزلة  هادي التصرفات متاع واحد جاهل والجهل مصيبة,0,Tunisia
934,ماسط لاسط مقعار,0,Tunisia
935,maaaaaaarigue,0,Morocco
936,متكبره وانا منحبهاش,0,Egypt
937,Manather m9alba le manta9 le chakel t3awaj fi fomha ki lba9ra 5iiit,0,Tunisia
938,Karahni Fi lbarnmej,0,Tunisia
939,Tafah pa +,0,Morocco
940,ماسط لاسط نهضاوي جاهل بهيم متخلف إرهابي و طريقة دفاعو على المجرمة و الكفار واضح فهو #لا #يمثلني #degage #شكيب,0,Tunisia
941,الشيب و العيب,0,Algeria
942,Ma5yebha 5ittttt ech msatet sa5ta w zedet bozmett,0,Lebanon
943,Maset,0,Tunisia
944,"الحق مش في هو الحق في الجابو""",0,Libya
945,MASSIT LASSIT,0,Tunisia
946,يعععع,0,Saudi Arabia
947,mella 7ala,0,Morocco
948,"أنتم شعب جاهل فكيف تحكمون على "" أحمد الرحموني "" و تعملون له ألف حساب ( تي هو أحمد الرحموني واحد ميبون  ديوث من أكبر الطحانة و النياكة هو من القصرين  تفووووه عليه",0,Tunisia
949,لا يليق بهذا البرنامج لا هو لا قارة,0,Saudi Arabia
950,Manel ken mchiti chofti 7aja o5ra ta3mleh 5irlk malla sel3a pffff,0,Tunisia
951,زبالة حشاكم  !!,0,Qatar
952,عمركم لكل تتفرجو على المسلسلات التركية و افلام هوليود و بوليود و فاها ما اخمج وحلتو كان في لقطة هذي ولا واليتو تعرفو ربي كان في رمضان....gداشكم منافقين,0,Tunisia
953,ساقط ادافع على امريكا وقطر وتركيا الي امولو في داعش,0,Tunisia
954,tfih alik enti w afkarek a sami,0,Morocco
955,Matfarajtech ema ken ltlafez ltounsia fi romdhan walet haka chay y7achem,0,Tunisia
956,هادا الفاسد عندو 771000 واحد يتبع فيه معناتها شعب ميبون,0,Libya
957,saraha bravo mahleh sidkom tayara wchab3a thahik,0,Tunisia
958,Mahlek nhebek barchaa :),0,Syria
959,Emmarek tfoh 3lihom 7achekom,0,Syria
960,احملة نتواصلة و في رمضان اكثر يا قناة العهر,0,Tunisia
961,ياخويا ياخويا على الانبطاحية والتفاهة ملا مسرحي وملا ثقافة يحملها بففففف,0,Tunisia
962,mamstekkkk,0,Syria
963,مش متربي,0,Egypt
964,مريض بمرض اسمه النهضة_x000D_,0,Jordan
965,rahmouni ya kalib,0,Tunisia
966,والله امسط من هالرهط ما رتش عيني,0,Iraq
967,ياسر معدة ياسر و ديما يعيط يفدد,0,Tunisia
968,مايا الكسوري و لطفي العماري اللي حاسبين رواحهم مالكين للمعرفة و هما عنوان للتفاهة,0,Libya
969,هوايش هازة لبلاد للهاوية ... يا حسرة عليك يا بلادي,0,Tunisia
970,Etfooooh 3lik ya mibooouuon,0,Morocco
971,maaaaaaaaaaaaasit :/,0,Morocco
972,Me3edech netfarej 3lih klem enes sans newfel w maia wela maaaaset,0,Tunisia
973,mamseto,0,Saudi Arabia
974,عندو انفصام في الشخصية لا يغرنك هدوءه كالافعى الواضعة رأسها في الرمل و لدغتها قاتلة,0,Algeria
975,La khir la fih la felli jaybou. Malla karakouz.,0,Lebanon
976,تجمعي ماسط,0,Tunisia
977,Ma5yeb rassou,0,Lebanon
978,mala raht tkoul chitan,0,Morocco
979,Masta,0,Lebanon
980,mamstik,0,Morocco
981,ملا طحان عههههه لا لا زيدو ثبتو فيه طحان محنك,0,Tunisia
982,Hasbi allah wa na3ma alwakil fikom ma5arabtou lebled ken entouma ya firen hbouset,0,Tunisia
983,شبيك ماسط لاسط ،كان عندك حاسسية من شكيب خوذ الارجيكا ،وكانك على المسرح متنجم تعرض كان في الحبس ااش شكون اجيك .راك ماسط.......،،،,0,Tunisia
984,ti ahawa 7ayawennn tla333,0,Tunisia
985,mamistik w marakik 3yich wildi,0,Iraq
986,لطفي يطحن للنداء و شكيب يطحن للنهضة. و عاشت تونس حرة مستقلة,0,Tunisia
987,Mala 5orda,0,Lebanon
988,ماسط,0,Tunisia
989,tfouuuuuuuuuuuuuuuuuuuuuuuuuuuuuuuuuuuuuuuuuuuuuuuuuuuuuuuuuuuuuuuuuuuuuuuuuuuuuuuuuuuuuuuuh   3liiik ken inti tji rajil,0,Algeria
990,وين كان هدا ناقصين مساطة بربي سلع فازدة,0,Tunisia
991,Maset!!,0,Tunisia
992,تحمي في جهلك ب قوانين و فصول يا جاهل تحلل و تحرم وحدك و تحكي على الدستور و القانون تي ربك و ربي و رب لعباد الكل قال راكم قوم لوط ملعونين و م دنيا لجهنم تي فاش تحكيو و فاش تناقشو,0,Tunisia
993,Wahed mast 😣😣😣,0,Egypt
994,masiiiit 3ali5iiir,0,Tunisia
995,يكب سعدك يا مسخ تي نجلا طلعت تلصف قدامك,0,Tunisia
996,عمل الفضح كل حصة اشلكو واحد يا ولدي احترم روحك راك عملت الفضح ايها الابله,0,Iraq
997,قداش سيبت بلادة,0,Tunisia
998,وين ماشي عريت اتونسه يارخيص رهم ابنا بلادك وين رجوليتك وغيريتك علي اصغار بلادك,0,Tunisia
999,Brabbi 5arrjouh 3lina. Hedha ma ymathalch fannanin tounes. Akther l fannanin mahomch mesta3rfin biih.,0,Tunisia
1000,ماسط لاسط فتنشيط راس البصل ميطيح عليه حتى واحد,0,Algeria
1001,"وهاك الديوث سمير ديلو ماد وجهو الطحان""",0,Tunisia
1002,بكل  تربية واخلاق   راكم  اعملتو  العار  يا  قناة التونسية,0,Tunisia
1003,مسكينه تونس الناس الكل طامعه فيها كيف الصبيه ماعادش يحكم فيها حد خذات الحريه تتراقص عليها الذيوبه,0,Tunisia
1004,9adhir !,0,Lebanon
1005,ملا منضر فيه تيماهو استر روحك شي عيف,0,Morocco
1006,Ta7777an,0,Syria
1007,تونس بريئة منك ومن امثالك يا مسخ الشيب والعيب نهايتك مشومة كي وجهك يا متاع المعدنوس موش منك من قناة الحمار التونسي اللي تشجع في امثالك برة يزيك اليوم,0,Tunisia
1008,زايد تقعدو طول عمركم اعلام العار كان تنبرو عالمرزوقي والله وكان تجبدو السبسبي تو الشعب اموت ضحك المرزوقي سيدكم يا كلاب,0,Tunisia
1009,كذّاب كبير,0,Tunisia
1010,مسلسل تافه نتبع فيه من القلق اما اللقطة هدي بكاتني يكذب عليك الخو خو,0,Tunisia
1011,Testehel yeser da3wa t7esha mala lokza,0,Morocco
1012,خماااااج ...يطيح فيكم ربي في هالشهر لفضيل,0,Tunisia
1013,Masettttt,0,Sudan
1014,اتفه ما انجبت تونس,0,Tunisia
1015,استري روحك قبحك الله,0,Yemen
1016,برجولية ممسطك يا لطفي قداكش بلييييد,0,Tunisia
1017,حيوان في حديقة الحيوانات خوار التونسي,0,Tunisia
1018,Mamstek y'a chleka brabi sa7touh,0,Morocco
1019,ملي بدات الحصة وهو كل ما يعطيه أمين الكلمة يعمل مشكلة .حتى من راضية طلبت.ياسر رهدان,0,Algeria
1020,tfuh alik  ya olfa ta3refha enti erjoliya ya hayawana,0,Tunisia
1021,مخيب منظرك,0,Iraq
1022,قمة النفاق واصل سامي,0,Algeria
1023,يا ناري يا تونس على بناويتك كيفاش ولات,0,Tunisia
1024,el jandoubi massta,0,Lebanon
1025,اكيد باش تقرى الكومنتارات بعد البرنامج ، نقلها راك نكرة و تافهة و دخلت دخلة غالطة طحت قبل ما تقوم,0,Tunisia
1026,mastaaaaaaaaaaa kifkkk,0,Morocco
1027,ملا لفعة بسبعة رؤوس,0,Tunisia
1028,Tfouh,0,Lebanon
1029,برجولية ماسطة وكثر من العسل يمساط,0,Tunisia
1030,Malla 5alkaaaaaa,0,Morocco
1031,منافق كذاب   عار  على الشعب التونسي  اللي طرد سيدو  السارق,0,Tunisia
1032,اعوذو بالله منو ومن امثالو,0,Iraq
1033,ماسط وفهمناهعا اما لاسط هل هي نوع من التسلط نسال لطفي العماري للاسط  متسلط متجبر على العباد,0,Tunisia
1034,ممسطو,0,Libya
1035,ملا لعب ماسط واحد اوليلو سكر و دم بش هوما يضحكو,0,Tunisia
1036,Barcha wabna,0,Morocco
1037,تافه,0,Palestine
1038,الناس تترحم على نظام راهن على شباب تافه مثل القفراش,0,Tunisia
1039,اعوذ بالله منك يا حقيرة انا ما نعرفكش و ياريتني ما عرفتك..  تحكي على اساس انك مبدعة و تتكلم على لسان المراة التونسية.. ماتشرفناش لا  كامراة،و لا كمبدعة انت عار على تونس .. الله يسترنا..  الاندلسي قال الحق و هذاك المبدع بالفعل و مثقف اما انت مسكينة,0,Tunisia
1040,#لطفي العماري  السارق تقطع يده ولو فعلنا ذلك كان يكون عبره للناس الكل ويقل عدد السراق للاسف الدمقراطيه متاعنا تحمي فيهم .,0,Libya
1041,"قل أعوذ برب الفلق من شر ما خلق""",0,Modern Standard Arabic
1042,من اتعس و احقر البرامج ةالتلفزية    فسحقا لسامي السارق و نوفل الديوث و لكل من قبل الدعوة   و عصبة للجمهور  الرديء,0,Tunisia
1043,كي تبقى اخر قناه منتفرجش في تافهتكم,0,Tunisia
1044,أكبر لحاسة في تاريخ تونس هههههه,0,Algeria
1045,Rimzzzzzzz,0,Algeria
1046,اكبر طحان ومنافق وكلب و لحاس انت يا سويسي,0,Tunisia
1047,ثعلب  تونس  الله  ﻹتربحها,0,Tunisia
1048,Maaaaset 5iiiiih,0,Morocco
1049,و زينت لكم اعمالكم و انتم في غفلة معرضون_x000D_,0,Tunisia
1050,تبا لك ايها المغرور المتكبر,0,Modern Standard Arabic
1051,ياسر ماسط يا مقداد  نحب نعرف شكون لي عينوا نقيب للفنانين بلاهي,0,Tunisia
1052,والله ماسط هو و خوه و بوه .... رذال الكل,0,Tunisia
1053,توا هذا موضوع تحكوا فيه. ،حرام حرام الله لا تربحكم. وجايب واحد يدافع على روحوا ،يكب كبوبوا,0,Tunisia
1054,دورها في مسلسل موفيد ميعجبنيش,0,Tunisia
1055,ماقالوش انت قليل حياء قلو هاذي قلة حياء,0,Tunisia
1056,karim  massat  lasat,0,Morocco
1057,Masta w 5ayba,0,Lebanon
1058,Mamestou :'(,0,Syria
1059,Masta barcha,0,Morocco
1060,بلاد طحين و عشاقة .. آش تستناو منها .. ؟؟,0,Algeria
1061,بربي نحيوه هاالممثل,0,Tunisia
1062,Maaaaaaaaasssssttttttaaaaaaa,0,Morocco
1063,جايبين واحد مهبول باش اقوللنا ابدان الانبياء تاكلت . الله لا تربحوا ولا تربح الي جايبوا اعداء الدين,0,Tunisia
1064,تو مازلتو تجيبو فيه هل فرخ,0,Libya
1065,علي خاطرك قواد لحاس بيوع كلب,0,Libya
1066,9erd,0,Oman
1067,as9et 5al9 rabi la3nt allah 3lliiikk,0,Tunisia
1068,Tefah,0,Algeria
1069,كمشة امارك,0,Iraq
1070,مخيبها وممسطها محملتهاش وزيد من فوق ادافع على حاجة حرام زدت كرهتها جملا,0,Tunisia
1071,Tfouh ala wlade el kalba,0,Morocco
1072,تجابو كان في الكلاب للحور التونسي هدا مكانه مع الارهاب في الجبل الاخ ناجي جلول اعمل صح كيف ترك البرنامج مايقعدش جانب خنزير الجبل.,0,Libya
1073,انت صفر والصفر اشرف منك  تتعلم في الزلق تحت تكسرت قبل متبدة,0,Tunisia
1074,مسط لاسط لاسططططططط,0,Tunisia
1075,mamsetha manel o ma5yebha o 3ala fekra soutek yesser 5ayeb kifek 9alouu 9atossi tga3diiiiiii,0,Iraq
1076,masta,0,Oman
1077,Ikhiitttt t9oul chitane,0,Syria
1078,ياااااا امين مخيب راسك,0,Tunisia
1079,Meellaaa johheeel edh'heebb wahhhfff,0,Syria
1080,تفيه عليك وعليه وعل سامي الفهري,0,Tunisia
1081,00000 mamsteha,0,Morocco
1082,Marwa tha3louba,0,Tunisia
1083,mechwem wejhek ya nawfal,0,Morocco
1084,يا مغير الاحوال اهو واصبح منفتح يقبل نجلاء في حزبهم ياخي حزبكم ناس شرفاء في عهد التريكا ادخل السلاح والارهاب في الجبال والمساجد مسخوها والفقر اكثر بالله يزي من التنوفيق,0,Tunisia
1085,massit  lassit,0,Yemen
1086,Maset peeeeeeeeefffffffffff,0,Egypt
1087,Mahouch metrobbi w bhiiiim,0,Iraq
1088,الغلطة فلي أستدعاه هذا راجل يكب سعده هذا عار على تونس والمسلمين حسبنا الله ونعم الوكيل,0,Tunisia
1089,جاهل و منافق,0,Tunisia
1090,مالا جماعة جايبهم أمين اليوم تغزر الواحد تنسى خوه تبداهم بمورو و توفاهم بشمس الدين ماشاء الله حاشاى سي علاء :p :p,0,Tunisia
1091,البرنامج هذا مايجيب كان الحثالة,0,Yemen
1092,Anahouma zouz rjel ya3tik man3oula lik wel bouk wel 5ouk wlomk ma5yeb wejhou 3al sbe7 medid 3lina mandhrou tfouuuuh💩,0,Tunisia
1093,اتفوه,0,Iraq
1094,#جبري,0,Lebanon
1095,Mala mridha,0,Morocco
1096,Kalba wdayra 3rjel le bhiem etafhin,0,Morocco
1097,Ta3ba barcha,0,Morocco
1098,وهي تهز في راسها معاه _x000D_,0,Libya
1099,mela 7iwar ken ta7an w 5ouh tfouh 3likom,0,Tunisia
1100,Sel3a zbela,0,Tunisia
1101,نحيتو راس بصل و جبتو راس ثوم 😑 ممسطو ولا حول ولا قوة الا بالله !,0,Lebanon
1102,بااااااااااااارداه ومسمامه,0,Yemen
1103,يا ميمتي كان يسيبوني عليها بشلاكة بلاستيك 44,0,Tunisia
1104,محرزية العبيدي في عينيها برشة خبت وخيانة وضحكتها الصفرة فيها عدة معاني,0,Tunisia
1105,برشة قلة حياء و قلة تربية يا,0,Tunisia
1106,9Adee msatt  mela tahrij,0,Morocco
1107,تافهة و حقيرة,0,Palestine
1108,ﻹنحطاط اﻷخلاقي,0,Iraq
1109,رجل دين لكنو منافق و مراوغ ربي يهديه غلى علينا الخبزه,0,Tunisia
1110,اعوذ بالله هذه العاهرة لا تمثلني و لا تمثل نساء بلادي الشريفات ناكد الشرفات فقط ... ;) و ربي يسترناا دنيا و اخرة ..,0,Tunisia
1111,باش يصيرلو كيف اللحاس الصغير,0,Tunisia
1112,ماسسسسسطططططط,0,Saudi Arabia
1113,ya latif mala chitana,0,Morocco
1114,Tiii ichbiiik it3awiiif ya7 mala sa5ta hadha bila7ram kan ja 9iiriid fiblaste rahom 7aboooh,0,Tunisia
1115,خماج البلاطوات لحاسه القواده تجري في الدم,0,Libya
1116,برا روح موش متاعك الفن,0,Tunisia
1117,Tafah pa +,0,Morocco
1118,جلول م........ ن ميحشمش,0,Tunisia
1119,يا سامي انت تصبحها  بالدعاء والذكر وتختمها بالدعاء والذكر وما بينهما ساكس وفساد وقلة حياء!!!! لا بد أن تعرض نفسك على دكتور نفسي...,0,Saudi Arabia
1120,"ملا فصالة""",0,Tunisia
1121,توفيق يا تافه و الحاجات إلي تعمل فيهم ما يظحكوش كيف ما عملت وقت مدام يمينة تحكي أنتي ماتحترمش لعباد ولكن هي كانت أرقى منك و زادتك حقرة و تقزيم أحترم تحترم  و ةما يعطيوك دور العساس و الصباب على خاتر هاكي حقيقتك صباب  و بيوع,0,Tunisia
1122,حسبي الله ونعم الوكيل فيك يا كلب والله تستاهل الذبح في ها الشهر الفضيل  الطحانة لي كيفك غلوا علينا الخبزة تفوه عليك يا ماكش راجل شهر عبادة عامل بيه هكه ويعدي كان في الفساد يا فاسد والله لعظيم لا تكساب غرام تربية تفكر روحك نهار لي توقف قدام ربي وقتها واجهوا تإلي تعمل فيه تو يا كلب تفوه ألف مرة عليك يا حثالة,0,Tunisia
1123,إرهابي,0,Palestine
1124,Masta,0,Lebanon
1125,توفيق مااااااااسط و امين امسط,0,Morocco
1126,تافه ماسط,0,Tunisia
1127,3AMLET ERI7A,0,Tunisia
1128,Marek tjibo feha,0,Syria
1129,تفوه حاشا خليقة الرحمان,0,Tunisia
1130,اعلام العاااااااااااااااااااااااااار,0,Tunisia
1131,ماسط ياسر,0,Tunisia
1132,المسخ بن حسين . كلمة حيوان ياسر فيه,0,Tunisia
1133,بالله بيه ما عااااااااش تجيبوهاااااا تي زح تتمعجن وهي قد امي من أكثر الناس لتتصنع في طبيعتها,0,Tunisia
1134,Zabel zbela,0,Lebanon
1135,فضايح,0,Iraq
1136,Mastaa,0,Morocco
1137,Massssssta,0,Lebanon
1138,نبزق على القناة و نتعدى تفوووووووووووه.....💣💣💣💣💣💣💣💣,0,Algeria
1139,Ya 5ouya mamstou,0,Tunisia
1140,تعيس و مستواه صفر ما يصلح كان للسجون و الا قواد,0,Libya
1141,حسيتو مساط السنة البرنامج,0,Algeria
1142,إنتم أولاد حرام و ربي ينتقم منكم عاجلا غير آجل,0,Libya
1143,pffffffffffff 7ata be choklata matet3adach,0,Egypt
1144,لا ادري كيف تم اختيارها للحضور لان افكارها تافهة وفاقد الشيئ لايعطيه,0,Oman
1145,Maset wlh :/,0,Tunisia
1146,تفووووو عليكم يا خماج,0,Tunisia
1147,التلفزة الكل ماسطة لاسطة,0,Tunisia
1148,Mamsto,0,Syria
1149,zabor,0,Syria
1150,Bayreeeemm ma5ibouuuu walaaaa,0,Morocco
1151,Nademni 3la enhar eli 7alet fih etlfaza yyyyyyya rabi saberna,0,Tunisia
1152,Mase9tou bayrem dhar fi balich bech ya3mel haka fi belna arjel men haka,0,Tunisia
1153,Mamsathaaaaaaa -_-,0,Morocco
1154,مسلسل ماسط لاسط .. ما عجبنيش,0,Tunisia
1155,Malla miboun jebou amine,0,Morocco
1156,ملا تربية ومستوى هذا الكل ثقافة لا ياللا هاذي قلت حياء,0,Tunisia
1157,ياااااميمتي مامسطو المنشط هذا!!!!! مايصلح كان في برنامج وثائقي يقرا النص واكهو ...كيف جميل الدخلاوي,0,Yemen
1158,ماسطة لاسطة و ملايكتها رزينة من انتم!!!,0,Tunisia
1159,اجهل من صباطي و لاعبة فيها سيد العريف .....,0,Tunisia
1160,"عملو العار . منافقين .... الى الان ""سيد الريس ""؟؟؟ ما هذا ايها الابله !! ما عادش يجيني شيء عجب في هالبلاد ..",0,Yemen
1161,Fassadtouh barnamej 3lah haka ?,0,Morocco
1162,هاي الرهوط الفاسدة .ياخي هالبڤرة آش مخرجها مل الكوري مع البهايم..غريبة!!!!!!!!!!!,0,Tunisia
1163,ممسطوووو و مبلدوو و مخيبووو,0,Lebanon
1164,Tfouhhhhh,0,Morocco
1165,Masit,0,Sudan
1166,ماسط مانحباش,0,Tunisia
1167,Peffffff chleyek,0,Syria
1168,أمسط منو مفماش و شنية مشكلتو مع النهضة ملا  رجعي,0,Tunisia
1169,"أسفي علا زمن يتحدث فيه (مثلي) و تتحدث فيه (عاهره) على الشرف _x000D_
tharbetou fi rou7a akther mel lezim :3
Barcha wsa5 w5maj mta3 zok omkoum l9a7ba allah la trabe7koum noktoulha omha lebled
راك ماسطاااا.....راك لاسطااااا .... ههههه
ماسط يمكن لكن الامسط منو شكيب
Maaaassssssssssset",0,Tunisia
1170,maste,0,Oman
1171,راجل كبير و ميبون,0,Tunisia
1172,مقداد السهيلي كم هائل من المساطة الفنية والفرينة السياسية...,0,Oman
1173,حقيقة شيء مخزي وعار على الامة العرية كل هذه التفاهات التي يقدمها اعﻻمها سواء في تونس او غيرها كل ما يبثونه من برامج ﻻيتناسب مع ما نحن فيه وﻻ يخدم قضيتنا التي تركناها وتفرغنا للمسلسﻻت التافهة والبرامج القذرة التي تنخر افكار شبابنا وعقول صغارنا وهذا ما يريده الغرب ان نبقى غافلين عما نحن فيه امتنا تشتت وثرواتنا تنهب  وشبابنا يقتل ويكفر في بعض تبا لهذا الاعﻻم ولهذه القنوات الفاسدة التي ﻻ تصلح لشيء اﻻ الى زرع الفتنة و اشاعة الفاحشة وتدمير القيم والاخﻻق.....,0,Oman
1174,انسان غير مثقفغ ولا مسرحي وين تكون يا اخي   في سجن الكاف,0,Saudi Arabia
1175,jiboulena ken 9ahba w o5teha,0,Syria
1176,ماسسسطط,0,Saudi Arabia
1177,Masta lasta,0,Morocco
1178,برجولية ممسطك يا لطفي قداكش بلييييد,0,Tunisia
1179,masta lasta,0,Yemen
1180,شكيب نهضاوي منافق,0,Tunisia
1181,marek mgalba,0,Yemen
1182,جهنم وبئس المصير,0,Yemen
1183,امسط واسخف خلق ربي,0,Iraq
1184,bhiiiiiiiiiiiiiiiiiiim wmayji chay,0,Morocco
1185,Oufffff chbik 3bedtelna safi said ye5i on n'a plus de competences politiques fel blad??!!!,0,Morocco
1186,بورجوليا يا سامي نكتلها امها بقلة الحياة,0,Tunisia
1187,Bakeni sa5ta,0,Algeria
1188,عليك اللعنة يا كلب,0,Algeria
1189,"من العار عليكم .شنو مفيده ولد وما تفهم شي منو._x000D_
Akbar masat ou Akbar lasatt ou brabi kifech ijibou fih fil television
الفن ما هلكتو كان انت
Barcha 9elet  tarebia
Base ma tkoun ken lesbienne hhhhhh 5iiiit tfoooh 3liha w 3alli kifha .....
تفووووووووووه عليك يا مسخ  يا خامج
tfaaaaat9 el,moootooooi
Brabi ma3adech tjibouh ytala3 eddam
حنش ههه
قلة حياء
شكيب سيب عليك م صحافة راك تاعب برشا
oh mamsetha lebnaya yali 7abha barhoum
CHIB W 3IB
سارق وكلب من كلاب كمال لطيف
Echeb wel 3eb
معلم يا بو حميد لا للمثلية......يالطفي راو عيب عليك تدافع حثالة المجتمع  المثلبين.....رانا مسلمين
Pffffffffffff mallla hwayech jaybinhom
اكبر منافق و لحاس في تاريخ البشريه
Masett ya sami
مزلت ماسط كيمة قبل ؟؟؟
زبالة المجتمع
ربي يفضلهملك وسمحني ماسط
Tfihh alihhh mala #mostawayet _x000D_",0,Tunisia
1190,لازم يبدلو اسمو في المضمون وي سموه ليلى والعار على قنات كبير مثلى الحوار التونسي تستدعي هذا الشخص,0,Tunisia
1191,برجولية ما تصلح لشي,0,Jordan
1192,بصراحة انا معجبتنيش الفازة... اختي غلطت لكن مستحيل نبيع اختي... نستر عليها موش نصلح الغلط بلغلط.... سامي فهري معلم.... لكن في مسلسلاتو برشة تجاوزات ايديولجية  من صعب المجتمع يقبلها برغم انها موجودة فيه... والله شيء ايوقف المخ....,0,Tunisia
1193,moukhtar etlili  kif ala3da  barcha tbal3it barcha  kithbe  barcha trahdine,0,Morocco
1194,Mala binderman damou  th9il,0,Tunisia
1195,كيف القناة كيف الزلم اللي جاء للبلاطو  الكل طخانةوقوادة,0,Yemen
1196,ya miiiiiiimti mamistou wooh 3liya  manich 3arif chniya nochrib  bech nhathmou,0,Syria
1197,Mamsetouu !! FLOOOOP,0,Morocco
1198,Math9loo,0,Oman
1199,Ka3ba la w maja chay w marzen damo,0,Tunisia
1200,Mala chlayek mnen tjibou fehom,0,Morocco
1201,Balfate ...,0,Oman
1202,قلة حياء و قلة تربية و عمري ما ريت وقاحة لهدرجة هاذي لا عاد حشمة لا أخلاق لا دين و لا ملة العيب في القناة اللي ستقبلتهم ناس كيف هكة معندهم الحق حتي بش يعيشو في تونس,0,Tunisia
1203,sil3aaaaaaaaaa,0,Morocco
1204,tfouh 3likom ya ta77ana,0,Tunisia
1205,chlekaaaaaaaaaaaaa,0,Morocco
1206,malla marek tfouh ...5ommej,0,Tunisia
1207,حسان من الجزاير.تفوووووووو,0,Algeria
1208,Tsakbin w nife9 beyen fi 3iniha w fi klemha w ya amin marznek l3 ta3ref tas2el lé testfaz lé tfadlek chouf 9lam e5er 5irlk,0,Tunisia
1209,Bsara7a ma ta3rafich tmathil jimla,0,Morocco
1210,"هبليه هبليه بسومون و لا بالبرتوقالي (ولله لا طلعت اللون) هبليه هبليه ياااا
3amel rou7ou yefhem fi kol chay o howa la yefhem f chayy
Masat ma5yeb manfare
احترم روحك يا ليلا الشابي وانت عاملة في روحك سبة العري و قلة الحياء وتجي تتكلم على سيدك بورقيبة فلولاه لما كنت و لما درست في المدارس التي شيدها قتلك كانت مناضلة في عهد بورقيبة هههههه
ملا رأس النحاسة...وجه الظبوط....
Tafhineeeeeee.  Wlh
Amset meno ma famach tafeh
a333 mamsatha
تافه و ساذج
Ken tarja3 El rabi hedhi 5ir mol7da kbira ... babour yeser mahi fehma chay w la3betha fey9a
ena man7ebouch w manasem3ouch
Meskina lhiwar ettounssi...
Sel3a gra3
كراوك أخر الزمان
3aycha metkabra yaser 7ata ki wa7ed yaba3thelha message 3al facebook madjawbouch allahou akbar menek barcha"" yaser takabor",0,Tunisia
1211,والله. علة على القلب وعلى الشعب التونسي,0,Tunisia
1212,كراكوز,0,Tunisia
1213,توجع الرأس,0,Libya
1214,neji jalloul ya kadheb!!,0,Syria
1215,اعوذ بالله من ها الرهوط,0,Qatar
1216,هاو بدا الترهدين والتمسكين,0,Iraq
1217,Maset laset,0,Modern Standard Arabic
1218,تاااااااافه,0,Egypt
1219,أمان ما فماش هيئة ضد المساطة في تونس!,0,Tunisia
1220,yesser tetsanna3 baya,0,Tunisia
1221,قوة في القحب والوسخ تفوووه,0,Algeria
1222,Ki lbhim ki 5ouh yomken nawfel b msatou 3al a9al tal9a fach tetfarej mais hadha basil nayy antha na9es tyab,0,Tunisia
1223,maaaasta,0,Tunisia
1224,ملا مستواء منحط برنامج ماسط  قلت حياء كلهم كيف بعضهم أين هي هايكا,0,Tunisia
1225,"تفووووووووه""",0,Tunisia
1226,على انا صوت تحكي على قطوسه تمغوق و تتعصر بربي هالمنضر لاعاد تعطوعا اهميه كبرتولها راسها كان باللهوه اووووف مرزنها,0,Yemen
1227,MASET!,0,Syria
1228,Tahet 9imtouuuu 5saraa :(,0,Tunisia
1229,Tfouuuuuuuh 3a rhout,0,Algeria
1230,امسط مل المساطة,0,Tunisia
1231,مضروبه فروحها بالكدب تقول زايده ريشه عالبنات بفففف,0,Tunisia
1232,MELLA TEFEHA,0,Tunisia
1233,"لا دين و لا ملة""",0,Tunisia
1234,Mkachkha krahtha,0,Morocco
1235,tfouh 3lihom.kamcha fasdin,0,Tunisia
1236,masit lasit,0,Modern Standard Arabic
1237,ta7on,0,Tunisia
1238,تفووووووووه على هل المنظر حاشة خليقة ربي,0,Saudi Arabia
1239,Ensan tafeh,0,Yemen
1240,و كيما قال شكسبير : ماسط لاسط,0,Tunisia
1241,ياسر ماسط 😣,0,Saudi Arabia
1242,Samehni fi soutek la 3ala9a,0,Morocco
1243,امسط منهم ماريتش العربي و كريم و زعيمهم نوفل,0,Tunisia
1244,3iiib mouch haka !!!!!!,0,Tunisia
1245,ما يقنعش جملة و زايد في البرنامج,0,Tunisia
1246,مامسطها هالجلطة مخيب منظرهااااا,0,Qatar
1247,فاشل و كذاب و فيديو نسمه شاهد عليك,0,Libya
1248,"Flob flob ملا رهط العيب موش فيه في الاعلام الماجور اللي عمل لناس هذ قيمة .التافه ولا عندو قيمة فالبلاد
تاااااااافه تفووووووه عليك
Arzen Mel Connexion Fi Tounes :3
Miboun
أحمق
Mamstou pffffff
خماج فولغار..... مالقيت مانقول....... رخس
لا تعليق وكيما gال هاني جاي فالتوالات _x000D_",0,Tunisia
1249,nes jahala,0,Morocco
1250,Kadeeeeeech kharia w briha,0,Morocco
1251,قدكش جبري انت تحكي على اختك,0,Yemen
1252,ماسط لاسط  في كل فقراته,0,Egypt
1253,لطفي  و أولاد النهدي الكل كلاب,0,Libya
1254,نعلة الله عليها ان جزائري نحب الشعب التونسي بصح هذه نكرهها كلبة,0,Tunisia
1255,Yeserrr mastaaa nsibti azizaa y9azizzz,0,Saudi Arabia
1256,لحاااس,0,Libya
1257,مكثركم و مقل بركتكم  ...,0,Tunisia
1258,Tafhaaaaa,0,Morocco
1259,Mala tafahaaaaa,0,Morocco
1260,ENA nakrahaa,0,Morocco
1261,قحبة,0,Tunisia
1262,tfiiiihhh 3ala chleyek,0,Tunisia
1263,لعنة الله على كل طحان بن طحان عاش وترعرع فالطحين !!,0,Tunisia
1264,tafih,0,Iraq
1265,Buuu3 man7ebouch w manahedhmouch howa w amthelou,0,Qatar
1266,مش متروبي,0,Yemen
1267,هذا حال تونس !!!!   الفنانين والنخبة مش قادرين يعطوا جملة مفيدة   !!!   يا  رسول الله فيديو فيه إشارات مرور  مفهموشي  !! هى نجلاء وخيتي خذتلي الجمهور متاعك,0,Tunisia
1268,ya rbi mamsathaaaaaaaaaaaaaaaaaa,0,Tunisia
1269,مافديتوش منو  ، مايعرفش يناقش ، ماعندو حتى إضافة ...,0,Tunisia
1270,كل جمعة شلاكة جديدة عند سي نوفل و تونس بلدي التاني,0,Tunisia
1271,enssen mrith w m3a9ed men 7aja esmha e5wen,0,Tunisia
1272,راك ماسط...  راك لاسط...   بصوت كافون,0,Algeria
1273,العيشة نفاق,0,Egypt
1274,ياشكيب اعلاش ديمة تغزل علي بورقيبة حبيب الشعب اشرف منك ومن امثالك يا حقير يا خوانجي,0,Tunisia
1275,لحاس 😂😂😂😂,0,Morocco
1276,توا وفى مسلسل زازة و نجلاء و كرارز عبلا و هاو جاكم مسلسل منال عمارة و كاديريم و المنقالة و الكبوط و رأس اللمبوط برعاية قناة الحوار ..... الراعي الرسمي لكل ماهو عار و خنار !!!!!_x000D_,0,Tunisia
1277,ربي يهلكم يافساق,0,Tunisia
1278,فولة مسوسة طاح بيها غراب أعور,0,Iraq
1279,Mech menek......akthir moumathel nakrhou,0,Morocco
1280,wallahi hedhi tetsama 9elet torbia w ne9es rjoulia zeyed frou5 fi talvza ...,0,Tunisia
1281,Malla zbela e3333,0,Egypt
1282,نحيتو بصلة حطيتو راس ثوم,0,Tunisia
1283,Pfffffffffff yessir maaaaaaaaaaaaaaastaaaaaaa,0,Morocco
1284,mrith fi mo5o,0,Iraq
1285,amsit insat fil kora al ardhia,0,Tunisia
1286,مامسطكم,0,Yemen
1287,Mela fadhy7,0,Tunisia
1288,والله لا تجي شيء متفهك و ممستك عبد !!!,0,Tunisia
1289,arek nekta mastaaaaaaaaa,0,Morocco
1290,ماسط خاطر باش اهز الجيل في هاوية توا نورمال تسمع طفل صغير اغني في مزاطيل ههه,0,Tunisia
1291,مرضتونا بنفاقكم :o,0,Libya
1292,الشيب والعيب !!!,0,Yemen
1293,maset wala momken 5ater ena nakrho elmoufid  klem nes deja programme intitule! fel7in ken fi t9ach9ich la7nek!,0,Tunisia
1294,هالكلب هذا مزال يمد في وجهو في التلفزة,0,Libya
1295,انسان ماسط وفارغ وانتهازي,0,Iraq
1296,كلكم خرررررررر.  ا,0,Oman
1297,ماسط,0,Tunisia
1298,اكثر وحدة فسدت المسلسل نحوها اي رهج,0,Libya
1299,Matfahkom,0,Lebanon
1300,طحان النهضة,0,Tunisia
1301,Ohhhh mamsatha,0,Yemen
1302,عالحيط,0,Syria
1303,امسط وحدة في المسلسل بسراحة لا علاقة,0,Tunisia
1304,mch rajel w klb,0,Syria
1305,يا كلاب تفوه عليكم  يا اعلام الحجامة. اتحداكم تجبدو السبسي يا اعلام العار,0,Libya
1306,كان جاء انجم يعرض البارا راهو عرض ماسط لاسط,0,Tunisia
1307,لا حول و لا قوة الا لله,0,Tunisia
1308,حتى ما تفوتك بحتى شىء...هي راقصة عاهرة .............و انت راقاص بن علي,0,Tunisia
1309,واللاهي جبري ملا مقدمة عندوا ديما أنا في سنين قعدت بطال ملا جبري Hhhh,0,Tunisia
1310,وعلى تونس وعلى الانفلات تو بللاهي هذا مسلسل تتفرج فيه لعباد في شهر العباده والصيام ...تفااهه لأبعد الحدود😞😞,0,Libya
1311,barcha 9ellet 7yaaaaaaaaa,0,Morocco
1312,Akmaj ma jabtou lelhissa tfouhhhh,0,Morocco
1313,شر,0,Libya
1314,ممصتهم الكل,0,Morocco
1315,maset barcha barcha barcha,0,Morocco
1316,البرنامج مصات عالخر لا يقبل فدلكة لا يقبل نقاش و لاعبها هو الكل في تونس بفف ربي يهديك يا امين,0,Algeria
1317,mahzla w 9elet 7yé tffffffffff,0,Morocco
1318,راك ماسط راك لاسط !!,0,Algeria
1319,عار على المرأة التونسية الإسلامي المعتدلة منافقة و زيد توا كل شئ يحسبو فيه ع الثورة يعطيكم نطحة ثور,0,Tunisia
1320,لكزة هههههههههه....,0,Libya
1321,Wsa5 tounes,0,Lebanon
1322,طاسة فارغة عامله فيها مثقفة,0,Iraq
1323,mamstou,0,Syria
1324,Tfouh,0,Lebanon
1325,Masta laaasta,0,Lebanon
1326,w hia hal lmarik likifha ta3raf siyam wla t9oum lisalat pffffffffffffff,0,Tunisia
1327,ربي يشفيه,0,Qatar
1328,I3lem el3ar,0,Tunisia
1329,tho3fet w walet ma5yebha,0,Tunisia
1330,بربّي هزّوه لا…… وووه,0,Oman
1331,بصراحة بلاتواتنا بدات مهزلة ماتفهم شيء ديما هوما يتنابرو و حنا مافهمين شيء و في هالحالة وزير يوصل الها الدرجة سامحني ماعادش فما سياسة ..,0,Tunisia
1332,ta7an nahdhawi,0,Tunisia
1333,mamstou w-mamrgou yetma3jen ki loubena,0,Syria
1334,مقداد قاهر القحاب :v,0,Tunisia
1335,انا مقاطع كل ما هو عندو علاقة بي قناة المخور و الفساد,0,Sudan
1336,مسلسل فاسد وشهر رمضان مايجوش مع بعضهم فيقوا على وضعكم,0,Tunisia
1337,مكبر راسو ومااقل فهمو هالبهيم,0,Syria
1338,ملا فضيح  ملا حشوم,0,Tunisia
1339,Yasser masset,0,Syria
1340,ماخوركم يعجب التافهين فقط,0,Iraq
1341,توفيق الغربي أبرز مثال للانحطاط .. أي تقافة ينجم يوصلهالنا انسان عديم الثقافة والأخلاق !!!,0,Tunisia
1342,لواط وتحليل شرب الخمر وتشكيك فالنص القرآني لا حول ولا قوة إلا بالله اللهم لا تجعلنا مع القوم الفاسدين,0,Algeria
1343,mala mahboula,0,Morocco
1344,مبيض. الارهاب. المحامي. الهزيل. يمجد. في. الرحموني,0,Tunisia
1345,ملا متخلف و جاهل من دنيتو لجنتو من غير تشهد ههههه,0,Tunisia
1346,رهوت,0,Qatar
1347,Malla rhout tfooooh,0,Lebanon
1348,بصراحة ياسر رزين حلاوته في الإذاعة وموش وحده يلزم معاه شكون,0,Tunisia
1349,تجمعي طحاااااااان,0,Morocco
1350,Masta lasta.....!,0,Morocco
1351,مااااااسطة و مسطت السيتكوم .. مستنسين بيها دمها خفيف و تهبل .. اما المره هذي لا :/,0,Libya
1352,يا سي امين ممسطك وليت والله بففففففففففف,0,Tunisia
1353,مسكينه تونس !,0,Libya
1354,C la honte tfouh alikom,0,Lebanon
1355,شلاكه,0,Iraq
1356,la7asss men now3 r5isssssssssssssssss  :3,0,Syria
1357,برشا تسوميم,0,Tunisia
1358,مخيب وجوهكم شلايك,0,Iraq
1359,أنا مقاطع هذه القناة الكارثة,0,Oman
1360,قرودت بلڥيدار و الله,0,Libya
1361,5iiiiiiiitte y9zez dharbou fi rou7ou barcha mala marek,0,Tunisia
1362,Hlouwa ✌✌✌✌,0,Jordan
1363,Chnkrho hal mandher 5iiiiiiiiiiiiiiiiiit 3lih,0,Iraq
1364,mamsatha •,0,Oman
1365,Ramdam raho msatea heka ☺☺,0,Tunisia
1366,Bsara7a nawfek 5ir menou mamestou aza7,0,Tunisia
1367,راجل طحان,0,Libya
1368,لعنك الله واخزك في الدنيا والاخرة يا خامج هاك لي مازال .الحق ميش فيك في القناة لي جابتك .توا هذا التافه  عملينا قدر وجيبنا في التلفاز,0,Tunisia
1369,شعب طحاااااااااااااااان والله,0,Saudi Arabia
1370,بصراحة موش متربي و جبري انان بو الرجولية كان يجي هذاك راجل,0,Tunisia
1371,_x000D_,0,Jordan
1372,chay y7achem,0,Oman
1373,خشب جهنم,0,Saudi Arabia
1374,Pppffff شى كبير فى المساطة,0,Egypt
1375,tahaaaaaaaaaaan  w  lahaaaaaaaaaaaaaaas thain  fi  damou  fama  neees  rad3etou   f  lhliiib  ya  weldi,0,Morocco
1376,Maset,0,Tunisia
1377,المعتوهة مايا الكسوري والاهبل المسخ لطفي العماري زوز كلاب تنبح على طيارة والفاهم يفهم,0,Tunisia
1378,mmas5a w 9lilet torbya w katheba w thez fet7ine lesyadha,0,Iraq
1379,عيب كبير انو الإعلام يعطي فرصة لمثل هؤلاء الشواذ للظهور على الملأ و التعريف بنشاطهم و ميولاتهم و مطالبهم .... و اعطاءهم حق الرد و السماح لبعض الشخصيات العامة للدفاع عنهم و مهاجمة من هاجمهم ...عيب كبير كي ولينا نشوفو حاجات كي هكة في التلفزة,0,Libya
1380,Sel3a kal5a,0,Tunisia
1381,Maaaaaaaaaaset,0,Morocco
1382,عمري ما نلوم عليه فاش يقول لأنو طحان من أعلى طيراز,0,Tunisia
1383,باللاهي يا شكييب راجع روحك شوية و اعرف شتحكي راك رزيييين :/,0,Tunisia
1384,إعلام العار هذا هذااعلام يرحم فمك يا بن بريك والفاهم يفهم,0,Tunisia
1385,Masstinha bi hedha chekib,0,Morocco
1386,يستخف في دمو و بصراحة ظهر دمو رزين و عار على الحصة,0,Tunisia
1387,هو إنسان ماسك لاصط,0,Lebanon
1388,ها مقداد شد دارك راك ماسط لاسط بجاه ربي معادش تدعوه في تلفاز راه ماااااااااسط,0,Morocco
1389,بلادة و ركاكة و قلة همة يمرضو الناس كان جات تضحك على الأقل,0,Tunisia
1390,ما ارزن من لطفي العماري كان لطفي العبدلي ،لطف و برة ربي يصبرنا.,0,Tunisia
1391,سبحان الله ماسط و دمو رزين و مارڨ,0,Tunisia
1392,يا امين علاش مررتها السهرية و جبتو هذا,0,Tunisia
1393,أصل الثعلب في العينين والعينين في الدهن,0,Sudan
1394,Hez el frein main rak walit masset bar rawa7,0,Tunisia
1395,جاهل و متخلف ويحكي على الثقافة كي العاهرة الي تحكي على الشرف,0,Tunisia
1396,ماسط  وأمسط من مقدم البرنامج  يحصر  ع نوفل...,0,Syria
1397,Mer merg merg,0,Egypt
1398,قمة العار تحكي في موضوع محرم برب فيقو شوية يزينا من قلة الحياء,0,Tunisia
1399,mdrrrrrrrrrrrrrrrrrrrrrrrr mala thantila,0,Algeria
1400,كان نشدها نطقطقهولها تو تكره اللواط و المثليين و تولي تحب الرجال اما ظاهرلي لي طاحط باهم الكل يرحم عمي و تليليري #عاهرة _x000D_,0,Tunisia
1401,كان شد دارو وسهر مع دارهم خير من المهزله الي عاملها,0,Libya
1402,مسكينة والله لا يزي ممثلة فاشلة و لا يزي تحل في فمها عل الرجال و تعطي في رايها في موضوع تافه كيفها و تدافع على كمشة مرضى كيفها تفوه عليك يا خامجة,0,Tunisia
1403,Barcha 9elet 7ya,0,Morocco
1404,..ممصتك يا امين قاره,0,Libya
1405,الّي ما عجبوش يبدّل القناة ملاّ متخلّفين متع وذني,0,Tunisia
1406,فففف مل مستوي,0,Morocco
1407,موش بلاصتك يافوزي,0,Tunisia
1408,كيفو كيف بلاش وبلاش بيه خير نهضاوي,0,Tunisia
1409,brabi ken fema kilma ghir msata 9ouloli bil wa3jen bil wa3jen jibbbb jdida rak walit carte ma7rou9a :(,0,Tunisia
1410,Mast laset belehi 3awena besletk enti bdhet,0,Morocco
1411,هذى مثلت فيلم واحد وزيد تافه وتتعدا على سيدها اللندلسي وتتحاور مع وليد انا مع سنا بن عايشة طاحت قبل ما تقوم,0,Tunisia
1412,Monefek wa katheb moch rajel,0,Morocco
1413,طيح سعدك ياسامية يابنت الفهري أنت وياه وقناة التونسية معاك مسلسل عالحيط كان الشلاكة وخوه من هاكة لموشم وصاحب لحجامة ذيل الكلب للفرخ الصغير متاع يرحم عمي حتاش لمفيدة أمهم وهيا النهار الكل وهيا تصيح وتنبح زي الكلبة العربي مسلسل كامل جايبينو على فرخ ولد حرام والشعب التونسي الأبله يستنى باش يعرف ولد شكون ماله تفاهة وماله مستوى منحط وماله ريق كل شي عندهم عادي كلام على الجنس عادي كلمة تتمنيك عادي الله لاتربحكم لا دنيا لا أخرة الله لا تفرحكم بجاه هالشهر لفضيل برا يراكم من مصيبة لمصيبة ياهمال ياجرذان برا يراكم يضربكم لمرض الخايب لكلم ممثلين ومخرجين ومصورين وجماعة المكياج والإضاءة وكل من ساهم في هالعمل الخامج ياخماج,0,Tunisia
1414,ياسر كذب .....,0,Tunisia
1415,Wallah mibouna manel,0,Morocco
1416,"Maset laset_x000D_
ماسطة
akber mareg fi tounes
برشه كلب في راسك ان شاء الله😑😏😏😏
Chlayek
،مااااااااسط لااااااااسط
Masset baaaaaaaaarcha
ماسط
akbar kaleb
بلاهي ملا مريض مقداد بربي لا عاد تجيبوه
ياخي شكيب لتو لا فهم روحو يا ولدي راك وليت كراكوز
amsat mounachat ritou
ممصتو ياسر لاعب فاها فاهم كل شي
maset mabldou w marakou nawfel 5ir menou
Mas9atha ezza7 3leh t9oul bo5tha .
Mast maye3refch. Ye7ki
Masset
Awled 9a7baaaaaa
maset w mouch motrobi
شيء مؤسف
Wejh elou7
la7aaas
اخيب مافي البرنامج لطفي وخاصة مايا بالمناسبة نحب نعرف وين قرات بش نعاودالتوجيه للجامعةاللي قرات فيها
mamstou w mabldou 9adeh ytaya7 la9darrrrr fi belou ythahekkk
سنبل اغا و الطحين قصة حب كبيرة :D
Masta yaser
Rhout hacha khli9t rabi barra yaętk ech bech y9oul fommi kalba w ma taswa chay ki inti keli jebouh hek lkhantha w hek lkalb lekbir tchaj3ou 3l fsed w radhila
استغفر الله و برة الشي الي صاير يحشم نشاله ربي يسمحنا ولله علامات الساعة هاذم و لاخر جاي يمد في وجهو و يدافع خيييييت عيفتوني في حياتي و احمد الاندلسي سيدك يا... لي تحكي عليه ياعاهرة ياعار على لمرا التونسية تڨعدي وهف يهزك
شخصية سياسية لا تفهم في السياسة
Ya mo9ded nagis milgofa rak 3mlt il3ar
Ta7on
rak maseeet raaak lassset rak sel3a kal5a ya mo8et mathmrek wmachabek
Ma5yabha ila9ta
خيييييت ممسط
مقداد سنبل آغا"" بالمساطة هاذي عمرو ما يطلعلك شعر في راسك",0,Tunisia
1417,مرجتنا عاداتها ليلة كاملة و هي تهبط فالمريول و تعريلنا في كتافها بففففففففف,0,Tunisia
1418,Ma3jbtnich,0,Algeria
1419,KERTHA,0,Lebanon
1420,راك ماسط راك لاسط,0,Algeria
1421,ماسط لاسط ا,0,Tunisia
1422,أكبر بلعوط في البلاد,0,Algeria
1423,عبيط واقرع وزمباوي,0,Egypt
1424,Yaaaser maaaasta wajiha fasdet kol chay 7atta la3bed karheto nsibti la3ziza,0,Tunisia
1425,mala maset i7eb yestabandi besiffff,0,Egypt
1426,#اعلام_العار,0,Libya
1427,أسقط وأرذل خلق الله هم أنتم يا حزب النهضة,0,Modern Standard Arabic
1428,Amin mahleek w mahlaa ake dha7ka  :-*,0,Morocco
1429,"يااااااااا قحبة إحترم إناس لتتفرج في هالبرنامج لقحب _x000D_
عيب والله عيب و حرام. إن كانت هذه هي الحرية فلا حاجة لنا بها
maset laset
Barcha ti7in sa7bi.hatha entm tsamou fh ta7athr
Kelb ekbir  ou jerdh nahdhawi tfouh e3leke elwejh
برشا قلة حياء
ما حبوش يفهموا الي هالخامج شكيب تافه ملايكتو رزينة ما يجي شئ
mahoch jari2 kim nawfel fi ta3li9ato
جبري بالقوي باسر متخلف و يدخل في حوايج موش فاهمنا و يسخايل روحو حكاية و هو زيرو
Ma5yebha
ماسطة يا أعلام العار
ماسط لاسط ....يصلح للاذاعة اما التلفزة كعبة لا
Yeser lokza hatta fel 79i9a
ياسر تدكك و ياسر دخل روحها في المواضيع أما قوية ياسر 👊
5omej
قذارة و تفاهة و سخافة...من أنتم ؟؟؟؟؟؟؟؟؟؟؟؟؟؟؟؟؟
Masssa55
ملا مناضر مقلبة
لا حول و لا قوة الا بالله",0,Tunisia
1430,Merig w ma ya3rafech yahki yka3rer fel klem w t7esou ma3andouch 5ibra w Ken tkalim rahou ta3li9 tefeh ma3 kol i7tirami lih w il be9i a3tha il barnemig moula5is il 9awel kifou ki blech,0,Tunisia
1431,كلامه متضارب فقد مصداقيته,0,Libya
1432,A3OUDHou bellah mala rahtt :O,0,Egypt
1433,9emet s9outia 3ib 3liha,0,Morocco
1434,malla mandhar a7raf 5iiitt 3asbééé7 tga3ééd ma5ibék :/,0,Morocco
1435,3ib wlhh,0,Tunisia
1436,ما امسطها هذي رفيقة,0,Qatar
1437,ملة امارك وملة شلايك,0,Iraq
1438,mala nas mortha eli maya3jbouch elmousalsal ybadal lweh leklam etafeh ya mortha.mala 3a9lia,0,Morocco
1439,Wlh mal9itou matjibou mala 7ala fih rabi tehdik ya amir gara mala gasawat,0,Morocco
1440,"Rawa7 5iiiir""",0,Tunisia
1441,3al 7it,0,Yemen
1442,Marzine mlayaktou,0,Morocco
1443,كارثة متنقلة ها الفاسقة,0,Tunisia
1444,تفوه علي جابك و إلي ربك يا جربوع,0,Tunisia
1445,حكان جات مسرحيتو ناجحة راهي تتعدى فالمسارح يا ماسط,0,Algeria
1446,وحدة  نكرة  وبايرة     برى امشي  خوذي وحدة كيفك وتولي امورك كيف هاك المثلي  الي تدافعي عليه,0,Libya
1447,برجوليا جعفور وين دورو يدور راك معلم معلم :*,0,Algeria
1448,9ilit 7ya 9anet fsed w 3ar,0,Tunisia
1449,الي الجحيم يا متثقف يا متاع اليونان,0,Tunisia
1450,mamistou halmasit,0,Morocco
1451,bliiiiiiid  w féirgh w maaaaaasssssit  que nawfel,0,Morocco
1452,hhhhhhhhhhhhhhhhh  maaaaaaaaasta,0,Tunisia
1453,Et9azez ma5yebha,0,Lebanon
1454,Manikou ou manstou ou ma5ibou éch ihez T7inn,0,Morocco
1455,لعنة الله على الشياطين,0,Tunisia
1456,Ech nekerhou w masat lasat,0,Morocco
1457,كافر ^_^,0,Saudi Arabia
1458,من أمسط ما ريت من أمير سلام مسيوو.,0,Tunisia
1459,عنصر مشاغب لا يليق بالبرنامج ولا يليق بتونس,0,Modern Standard Arabic
1460,Wlh mel9it man9ol  kin bar .......... belhi yezik rak a3melt el 3ar rajel meskin mekl tera7a o mes5se5tou wahed mes5a wenti ta7ki hekek wlh 3ib,0,Tunisia
1461,منافق و ماصط لاصط و جبري و تجمعي و طحان,0,Tunisia
1462,الحجرة متذوب و ليلي القحبة متوب!!,0,Tunisia
1463,أعوذ بالله من صناديقيك يا رجل الا تعرف ان القمار حرام ...؟وتتحدث عن الفقراء ....أنتم من سرقتم أرزاقهم ...!,0,Modern Standard Arabic
1464,ياسر ممسطووو,0,Morocco
1465,لعن الله على لي ما يستحي ،,0,Tunisia
1466,سؤال حقير لا يصدر الا من قناة حقيرة معادية للاسلام و الشعب,0,Saudi Arabia
1467,3iib rajil kbir y9oull klém kif heth 3la rim s3idi w amiiiin 3ad ....w hiya rabbi m3aha ki to5rij kima willdit ....w l7a9 fi lotfi le3meri ...,0,Iraq
1468,والله عيب الشيب والعيب,0,Tunisia
1469,انحطاط اخلاقي لا اكثر,0,Iraq
1470,lobza ki rass el fo9ma eli ken 9ablou,0,Tunisia
1471,Tfouhhhhhhhh 3ala 7ayawane.mala sil3a zbella .,0,Morocco
1472,كل مرة يجبولنا جرثومة الله يهلكهم,0,Egypt
1473,بلاهي معادش تجيبوه في البلاتوات احمد الرحموني مرضنا باش يخرج. كلمة تقول باش  يبني في بلاص سي اللعواك كي يعرف يركب جملة و يفهم روحو توا نسمعوه سي المرض و الله حرام عليك يا حمزة,0,Tunisia
1474,amset mel msata,0,Morocco
1475,هي شلاكة و امها شلاكة,0,Saudi Arabia
1476,ملا تافه,0,Tunisia
1477,تحترمنا شوي و تغطي روحها .. ما هذا الجنون,0,Saudi Arabia
1478,كافر,0,Syria
1479,لن تسطتيعي إغرائي يا سافلة,0,Modern Standard Arabic
1480,بيه الزردي كل شويه تهبط في سوريه  مش لازم توارينه كتفك شيب و عيب,0,Libya
1481,wjouh lo7 hacha karim elgharbi,0,Tunisia
1482,باللهي تحطو فالتصويرة هاذي لراجل بلعاني باش تستفزو الناس و يعملو كونتار !! ملة قناة و ملة مستوى !!,0,Tunisia
1483,Cha3eb monafe9,0,Tunisia
1484,ya3tek kleb,0,Saudi Arabia
1485,Rimz we lahas we kawed,0,Jordan
1486,ڨداش نكرهّ لمرا لي تغنّي بالمصري,0,Tunisia
1487,mamstou,0,Syria
1488,Mamestek w mabslek w marzen mlayaktek,0,Morocco
1489,زبالة,0,Qatar
1490,"توفيق الغربي عار عار على الثقافة وعلى القناة_x000D_
ماسطة لاسطة
Masta w rzina
Masataaaaaaaaaaaaaaaaaaaaaaa w zeblaaaaaaaaa
pffffffffffffffffffffffffffffffffffffffffffffffffffffffffffff gadekech tefehe ya mo8ete
اسقط و انذل تونسي يدعي التمثيل و الانسانية و بداخله كره و حقد ايديلوجي اعمى
سيتكوم يُبين بالواضح المستوى المنحط للمنتج والمتفرج _x000D_",0,Tunisia
1491,Kyyyyyyyyt y'a kouya marznou w chkoun houwa akber dawer kdhah,0,Morocco
1492,الشيطان اشب منو الخييييييييييت,0,Iraq
1493,ما ارزن من لطفي العماري كان لطفي العبدلي ،لطف و برة ربي يصبرنا.,0,Tunisia
1494,سلعة كلبة,0,Tunisia
1495,مارك يجيبو فيها باش يزيدو يدخلو البنات في حيط  و,0,Tunisia
1496,maset laset kil klaset tefeh ou mereg,0,Morocco
1497,Rak maseta rak laaaaseta,0,Algeria
1498,Mé watahach etGou3iiiiiR hhhhhhhhhhhhh,0,Tunisia
1499,مسلسل خمج,0,Iraq
1500,عيب عيب عيب,0,Iraq
1501,mamset mleyketha,0,Syria
1502,ملا فضايح بالله ارتقيو شوية ...والله شء يحشم...ملا وجوه حشا خليقة ربي,0,Tunisia
1503,Marzen mlayktek ya mo9ded,0,Morocco
1504,مسخة خامجة تحسايب روحها مزيانة من توا تفيش علينا مالا كان تولي مشهورة آش تعمل ؟؟,0,Tunisia
1505,نكرها على خترها تشبه لطفلة رخيسة نعرفها,0,Algeria
1506,"Chakib
شو هدا عار ما بعده عار
قحبة بنت قحبة
chay ya3mel il 3ar
كي نشوفو قول شفت قرد 
طالما الحصة إسمها كلام الناس و ليت شطيح الناس فأظن أن كلام الناس في هاد اليومين يصب فقط في الكارثة و الجريمة البشعة من مختل عقليا و جنسيا ضد براءة في سن الرابعة (ياسين) رحمه الله و صبر أهله. _x000D_",0,Libya
1507,"حسب برنامج كلام الناس عبدالله قش طلع  ولي صالح و انا نقول شبيها البلاد قحبة و متعيش فيها كان القحبة و متحكمها كان القحبة بنت القحبة!! _x000D_
الحق في البرنامج كل مره إجيب لنا. ،غريبه،نحن دوله مسلمه لازم نأخذ موقف ضد . هاته القناة،قناة العار   ،والكفر.استغفر الله   استغفر الله  استغفر الله
Tafehet
سبحان الله طفل 4 سنوات يخطف و يغتصب و يذبح كالخروف بزجاجة!!!! و الله إنها كارثة إنسانية بامتياز فإن لم نقف عندها فأين سنقف؟أم أن العربي دائما همه الوحيد بطنه و فرجه و لهوه. _x000D_
بدأت ورقة التوت تسقط  ....دولة الهانة
A3outho bellah menkom
الشيب والعيب
برا الله  لا تربحكم يافساد...
الجهل مصيبة و الانا الاعلى الا حكى علها فرويد هي المجتمع هههههه ايسلم قرايتك فضحتنا ههههههه
Maseeeet al le5errr 👎👎👎👎👎👎👎
3maltou l3ar allah la traba7kom lwe7d wala y7chm 3la rou7ou ki ytfarj fi tv mte3kon,law ken li ta3mlou bih fi mosalsat mas5a kifkom 3maltou bih machrou3 yfid lbled 5irelkom ml5maj li ta3mlou fih,allah la traba7kom ya mas5in ya 5omaj
howa ablah w sketet
maset laset w zid mase5 3o9dtou nahdha w 3andou mochkla m3a dine cheka fih mol7ed
y3ayeef
Lokza fedour hetha
هذا المنافق لابد له ان يرحل لانه انتهى وسقط من القلوب والعقول اولا  ولازال الى يومنا يدافع عن ارهابى وهابى داعشى اسمه رضا الجوادى وبالمناسبة اتوجه بتحية الى لطفى العمارى
مهوش راجل معجبنيش في حياة جبنون كي قال المرءة بيضعة
echib w el 3ib , mahou ki sidi ki jwadou ;madem lom patrouna chnow testenna men el bent
واحد منحط و خامج يدعو للرذيلة و حتى هي قاعدة ليه مكة با يمسيلها تفوه عليه
Meskin tounes jebet oujouh l lo7 kima l 7erzét
لعنة الله على اعلام العار ياشلايك هاكا مستواكم يابهايم
Marzen mlayektou ya3tek sa5ta,
سخافة
ياسر يغش ههههه
Moch 5arej edawr a3liha
mala zebla
المرة هذه معجبنيش ماسط و الفازات كلها بايتة
Barou na3el boukom we7ed we7ed
كلام الناس  امساط بيك
نموت و نعرف علاش تضحك  اففف ممسطك و ملسطك
Pffff y5awefff
تافهة جدا مثلها مثل الي معاها
Lokza w en plus nahthawi
mergaa w mjet chay w karim maaaaaseeeeet
Mala 9haba
بصراحة العيب موش فيك العيب في الي جابك والله عار على تونس
التونسية  اعلام  العار
9adech nakrhek w 9adechek maset  maset  pffff w 3amel feha 3a9el hhh
تافهة و حمقاء و اهم حاجة ما تمثلنيش كمرأة تونسية و زيد نقولها من انتي لتتكلمي عن احمد الاندلسي
استر ما ستر الله . قلة حياء
مسلسل كي ... الخرا
5ir men nawfel elmaset
جرذ
ne9sine 3sab na7na :p
والله شىء يحشم وعندك وجه تقابل بيه فى الناس وتناقش ملا رقعة
انا ملي شفت الضيوف وشفت فيهم الغربي عرفت الي الحلقة فاشلة .
هذا معفن وخامج ووجهو ممسوخ وخسارة كبيرة اسمو الطاهر والحمد لله انو ظهر في التلفزة وكشفو الشعب على حقيقتو الوسخة
سيف الدين مخلوف معلم عليك",0,Tunisia
1508,Barnamejj walla masset sans maya et naoufel.,0,Morocco
1509,Merg barcha,0,Morocco
1510,إعلام مرتزقة يدافع علي اللواط,0,Libya
1511,شلاكة !,0,Iraq
1512,sl3a pffffffffffffffffffffff,0,Egypt
1513,الماكر والداهية,0,Algeria
1514,حاشه خليقة ربي هالصباح خنافرو كي خنافر البهيم واللهي عندو لحق لطفي يمزبلك انتي و خوك ملا امارك,0,Iraq
1515,😠😠😠😠😠😠😠😠😠,0,Oman
1516,ياخويا ياخويا على الانبطاحية والتفاهة ملا مسرحي وملا ثقافة يحملها بففففف,0,Tunisia
1517,لا يليق بهذا البرنامج,0,Modern Standard Arabic
1518,Mamstek ya semi ken fi belek suspense rahou maset barcha,0,Syria
1519,ملا سلعة اش تطلع تونس من 💩💩💩💩💩💩💩,0,Iraq
1520,نقيب داعش في تونس,0,Libya
1521,ملخص توفيق الغربي : انحطاط و تفاهة و عدم احترام للآخر,0,Morocco
1522,ممسطو و مخيب صوتو -_-,0,Tunisia
1523,نهضاوي كلب,0,Libya
1524,هده  الاستاذة الفاشلة   خدمت معانا في  المدرسة الاعدادية فوشانة وكانت لا تدرس ابدا   تدخل القسم وتنام  ولا يهمها امر التلاميد ولا الرسالة العلمية والتربوية للمربي    ونراها اليوم اوجدت لنفسها  دور  اولست ادري مادا  في  احد الافلام    واقول لها يا سيدتي   تحكي باسم الحرية   في دفاعك عن المثليين  فهل باسم الحرية  تنحط القيم والاخلاق هل نخرج عراة  الى الشارع باسم الحرية  ؟؟؟ يلعن ابو الحرية بمفهومكم هدا,0,Libya
1525,Mast,0,Oman
1526,Masta,0,Lebanon
1527,ماسطة لاسطة,0,Tunisia
1528,hhhhhhhhhh mabeldou lebsal :D,0,Lebanon
1529,3maltou el3ar,0,Morocco
1530,بالله بعدو علينا ها المارك كيفو كي لوريمي كي البحيري كي ديلو الماكي كي شورو كي اللوز من المنابر والتلافز هما سبب المصايب في البلاد ربي يهلكهم,0,Tunisia
1531,Ana maye3jbnich 3ali tajamo3i,0,Tunisia
1532,ماسط,0,Tunisia
1533,Pffff mamstek,0,Syria
1534,Wallah mabeldou wmaset wmaydahhakch ensen tefeh wablah brabi nehhiweh,0,Syria
1535,ماسط وساذج في تفكيرو ....كلمات تافهة من عبد أتفه,0,Tunisia
1536,باش يقعد مع امك العاهرة ياكلب,0,Tunisia
1537,floooooop,0,Syria
1538,شلاكة، تحكي عالفيلم قالت دخلت أمها تلقاه فوقها ( تو هذا مستوى تع حديث !!!! ؟,0,Algeria
1539,7ayawan bellehi kifch jeybin wa7ed masa5 kima hetha bellehi wala aka eli ta7ki 3la artiste w jeyba ma3andha ki enti msenda wa7ed kima hatheka bara 3aras b antha zeyd cho win wselna,0,Iraq
1540,mas5aaaaa,0,Morocco
1541,مااااااااااسط,0,Saudi Arabia
1542,غبي لدرجة تجعله يتخيل ان المشاهد لم يتفطن للونه النهضاوي من أول ظهوره في هذا البرنامج مقاطعاته المتعمدة لكل متدخل يتكلم في الترويكا و خصوصا النهضة وحلفائها فيه استفزاز الى حد التشويش  .,0,Saudi Arabia
1543,www.Msata.com,0,Syria
1544,انا الحاجة الوحيدة الي نقولهالك يحرق الارحام الي جابت خنثة كيفك يا شاذ يا لوطي تفووووو ع هالرهوط,0,Tunisia
1545,N7ibou barcha w nehtarmou,0,Morocco
1546,تففففففوه  عليكم و على خمجكم يا صقاط  هذا  مسلسل تعديو  فيه  في  شهر  فضيل.,0,Tunisia
1547,Mamstou 😠,0,Morocco
1548,عملت  العاااااااار.  لا ذات ولا صفات,0,Tunisia
1549,😢😢,0,Syria
1550,إسم الطاهر حرام فيه هذا النجس  كلب من كلاب اليسار الراديكالي,0,Tunisia
1551,Bhim,0,Egypt
1552,nhathawi klb,0,Iraq
1553,Southa 5ayeeeb,0,Lebanon
1554,mamsatech menou,0,Syria
1555,"اخخخخخخخخخخخخخ""",0,Jordan
1556,Massetttt,0,Lebanon
1557,maset laset 0:tha9afa 0:dhmar 0:kol chay,0,Saudi Arabia
1558,Mamstah !,0,Syria
1559,شيء يخجّل انو نحنا التوانسة المجتمع الاسلامي انا نجيبوا هالفئة هذه و نعطوهم الكلمة باش يحكيو على رواحهم شيء يبكّي و يزيد يقلك خصوصية و حرية عن أي حرية تتحدث يا عار تونس  بعد ما تتجاوز الدين ما فمّاش حرية يا بني لوط اتّقوا الله لعلّه يغرف لكم أصلا المصايب الي في تونس ما كثرت كان من سخط الله علينا و غضبه علّي صاير,0,Libya
1560,اسطه لاسطه,0,Tunisia
1561,نكرها عللخر ما جات شي أدوارها لكل زبالة حاشاكم,0,Morocco
1562,Chkara w fil b7arr.w Amine ka3ba lé fi tv,0,Morocco
1563,مسكيييييين,0,Lebanon
1564,مرزينكم القوة لله وممصتكم اعوذ بالله من الوجوه النتنة,0,Tunisia
1565,الله لاتربحهم,0,Libya
1566,أشبيه ماسط هاكا إيقول لشكيب نهضاوي علاه ما يسألش لعماري أشبيه من النداء,0,Tunisia
1567,"بصراحة قدييييييييم ياسر""",0,Lebanon
1568,طاهر المخنث,0,Iraq
1569,ifallem 7kaytou fer4a,0,Syria
1570,Bsarraha dhhorli tefah barcha w fekra tefhaa barchaa  majouch hlow jemlaa,0,Tunisia
1571,مسلسل تافه و سخيف و ميعجبنيش,0,Egypt
1572,Malla jabri,0,Lebanon
1573,Masta,0,Lebanon
1574,hhhhhhhj mala boujedi,0,Morocco
1575,مسلسل  تافه لا يعكس واقعنا بل يعكس واقعكم التافه والخامج,0,Iraq
1576,#Maye3jebnich point a la ligne,0,Lebanon
1577,Maaaaaaaseeeeeeet,0,Lebanon
1578,Wlh laye7chmou,0,Lebanon
1579,وووه فكرتني في برنامج ابحث معنا طفي روحك اش تستخايل روحك محسوب هاك الهدرة العزيزة معليك كان مرتزقة سيدك سامي كان الكذب والسفاهة. مستوياتتت مخاخ فارغة,0,Syria
1580,ممسطكم، عندو الحق الزين كي كان نازل عليكم يا اعلام العار، تتمقعرو على المرزوقي ياخي وحدو دخل قصر قرطاج تي ماو الشعب كان السبب، اطلعو بمستواكم برشا موش شويه، ويزي بلا تقشقيش حناك و خليو البلاد تقدم.,0,Tunisia
1581,wouuuuuh 3lik !! mella 7ala !!,0,Morocco
1582,ماسطة ال توة ما فهمتش روحها الي هي عمرها ماتجي فنانة تعوف اصل .....,0,Tunisia
1583,Tfouh 3likom jboura,0,Morocco
1584,مقداد مثال في الرداءة الفكرية و اللغوية ..,0,Tunisia
1585,كان نفاق وتجوعيب,0,Syria
1586,Maaaasit brabi nahiwih rahou 3illa 3al 9alib,0,Tunisia
1587,Barcha 9o7b,0,Lebanon
1588,حسين الجزيري كتسمعو في 2012 و تسمعو في 2016..تتعلم منو المعنى الحقيقي للنفاق السياسي.. ايه نعم نفاق سياسي.. نفاق مفضوح..,0,Morocco
1589,"allah yehlekom rana faykin bikom wino il pétrole""",0,Lebanon
1590,pffffffffffffffffffff chamal geddach masi5,0,Egypt
1591,ماسط ياسر بلاصتو في بوابت عبدالله قش يستقبل الحرفاء,0,Tunisia
1592,ملا متخلف و جاهل من دنيتو لجنتو من غير تشهد ههههه,0,Tunisia
1593,تففف عليك ها الصباح !!! لمرى متوفيه,0,Algeria
1594,قمة النفاق ...الاخواني,0,Tunisia
1595,اخ تفووووووه عليه واحد طحان خماج فاسق فاجر الله لا تربحو,0,Tunisia
1596,شحال تحشوفيه والله ياخي كيما تحبوش الفساد والرذيلة والدعارة فاشقام اتفرجوا فيه اصلا شعب منافق,0,Tunisia
1597,Nakraaaaaahaaaaaaa maaaaastaaaaa,0,Tunisia
1598,مخيبها المرا عبارة سلعة,0,Morocco
1599,Jabriiiiiii,0,Lebanon
1600,يا جماعة مازال وبش آخر شيجيبوه نهار الجمعة في عندي مانقلك .. الله يهلكم .,0,Libya
1601,masetttttttt barcha,0,Iraq
1602,marznouuuuuuuuuuuuuuuuuuuuuuuuu w matfhouuuuuu!!,0,Tunisia
1603,ياخي مش فايق بروحو اللي هو رزين و ماسط و يعيف,0,Tunisia
1604,Maseeeeeeeeeeeeet barcha,0,Lebanon
1605,الام تتوجع برشا كي تلقى ولدها ضعيف،اخيب احساس,0,Tunisia
1606,ملا موبنى,0,Tunisia
1607,malla jourdhen,0,Morocco
1608,Masta barcha,0,Morocco
1609,Maset,0,Tunisia
1610,Mihrzia w zid chakib w zid 3lihom hekik marth amine guara mebldou w mamsstou w marznou he lokza,0,Iraq
1611,قداشو مربط في راسو ميعرش يحكي وميعرش يتصرف    منعرش كفاه وصل للمنصب هذكا,0,Tunisia
1612,do5et mel msata aaaaaaaaaaa33 miskin,0,Morocco
1613,nahdhaoui masakh,0,Morocco
1614,Nekraha ken fi awled moufida,0,Tunisia
1615,Malla khallat hyaa mostawa monhatt,0,Morocco
1616,الشيب و العيب ما عندي ما نقول.,0,Tunisia
1617,حتى خليقتو مقلوبة,0,Morocco
1618,5iiiit i5it i5it,0,Iraq
1619,Massta yessir,0,Morocco
1620,Bjah  rabbi na7ouh 3lina,0,Tunisia
1621,Mella mridh!,0,Morocco
1622,masiii5 mnadhr mou7cha th3alb,0,Tunisia
1623,yeser ri9,0,Yemen
1624,فنان عنصري و غبي,0,Palestine
1625,جرذان,0,Palestine
1626,Mdr milla immarek hhhh,0,Lebanon
1627,matfahha ya dini,0,Yemen
1628,Masta,0,Lebanon
1629,هو و مقداد السهيلي حقهم ياخذو نوبل للمساطة و التفاهة و التبندير,0,Libya
1630,Flop 3ale5rr !!,0,Lebanon
1631,هههه طلعت تشبه لدور عفشة,0,Iraq
1632,فنانة بدون تاريخ لا مستوى و لا اخلاق.,0,Tunisia
1633,تفوه عليك الحق في دوله مسلمه متحربش آفات كيما هادي,0,Tunisia
1634,Mala manadher,0,Yemen
1635,TFOOOO 3LIKOM,0,Lebanon
1636,اولاد قحبة تفو على سامي فهري وكل القناة,0,Tunisia
1637,Masssiiiit,0,Lebanon
1638,Maseeeet,0,Lebanon
1639,alah 8aleb ma yrou9lich  5ater metsayeb yesrr,0,Tunisia
1640,"العرى و الكلسون الراعي الرسمي للرمضان سنا _x000D_
الطحين لا دين له -_-
قاعدين نتفرجو في الخمج و في الفكرة باش تاخذها الناس لخرة على التوانسة و موش مسلسل رمضان هذا
Samahni fik wallah la3ad netfaraj 3lik wallah ma yji nhar w tarja3 leswesra w tfakarni . chnouwa be3telhom ya samir
maaaaaaaaaaasssssit 3alli5ir
راك ماسط
Tfih 3lih tahan w la7as
برا روح
Mela fdhaye7 walat fi ha dawla masatouha l3iiiicha m3akm
لوكان  سترتي روحك خير
Karrrrrrrrrrzetni
3jbkm klemo..malla mant9 ..mas5 5amej..f tv w ya7ki akeka
ماسط لاسط و قفاف و الطحين يجري في دمو -_-
Mamsetha behima
Mala wa9aha
Malla m3afet
SADKOUNI AKTHAR WEHID NAKRHOU FI TOUNIS MOUCH ILGHANOUCH WILKLEB MTA3OU. mais ITTAHHHAAAN LIKBIR ILKABOUL SAAAAMI IL FEHRI  ILKELIB ISSSAKIT. TMA3ACH KIMA HAB FI 3AHID BEN ALI WITRABILSIA. OUTAWA HAOU WELLA WILID KAH........... FI 3AHID INNAHDHA.  TFOUH 3LIH OU 3ALLI DAYRINE BIH MIN SAMIR INNEKIS IL NAOUFEL ILBOUHEL
تفوه عليكم خماج
me5ybouuuu
Tfihh alihhh mala #mostawayet _x000D_",0,Tunisia
1641,Ma9al torbitooo!!!!,0,Lebanon
1642,mamsatha w mamsit labsetha #asma_3othmeni ye5i matfara9ich bin l'elegance witgou3ir !!!,0,Tunisia
1643,كيف سيدي كيف جوادو كيف المنشط و بية وشكيب مامسطكم كلكم,0,Tunisia
1644,Zouz kleeeeb 7achekom rabbi sob7anou y5alihom yekchfou f 79i9et b3adhhom allah yehlkhom,0,Syria
1645,زايد الواطي واطي افهموا ارواحكم واقلبوا اوجوهكم,0,Tunisia
1646,ما امصطك اخخخخخخخخ,0,Iraq
1647,كذاب ونذل,0,Yemen
1648,والله عملتو العار بالشكال إلي تجيبو فيها و المواضيع إلي تحكو فيها  نورمال إنتم تو مرتاحين هكا برو ياراكم محروقين أنتم وتلفزتكم,0,Tunisia
1649,سخيف,0,Lebanon
1650,Malla 7ala fi hal mousalsel rana fi romdhan,0,Yemen
1651,مسلسل يبث في الفساد و الخمج في رمضان . معناها صايم نهار كامل و تحاول تبعد على كل ماهو يبطل صيامك و تصلي و تقرأ القرآن و و و . و في الأخر تتفرج في مسلسل اولاد الحرام . والله غريبة,0,Tunisia
1652,Maset laset. ...maset. .laset,0,Algeria
1653,a7ma9,0,Yemen
1654,يوخياني خرجوه عليا هالهم مقداد السهيلي ركبني لعصاب بربي شكون حطو نقيب هذا... هالانسان مصاب بمرض نفسي نادر ...راهو ماسط لاسط .. فالو نقيب يكب سعد العار... عمرنا ما سمعنا نقيب في مصر والا لبنان والا اي دولة نحاو انخراط فنان رغم العرى والقرا والانحطاط الي عندهم ... بالعكس يدافعو على فنانيهم لاخر لحظة وشفنا موقف اشرف زكي مع الفنانة ميرهان حسين قلب الدنيا وقريب يردها قضية راي عام ... كان ينجم هالعبقري مقداد سهيلي مثلا يعطيها انذار والا توبيخ .. وزيد ياخي ما شافش منال عمارة والا زازا والا غيرهم .. كلهم كي بعضهم .. اكيد بش تجي براسو هالعملة ويطيح فيه دعاء توانسة لكل .  ويا وخياني ممسطو هههه,0,Tunisia
1655,rak masitaaaa rak lasssita,0,Morocco
1656,MOUNEF9INE OU  LA7ASA,0,Tunisia
1657,Me3ejbetnich imed sekine 3ala omo bsaraha,0,Syria
1658,malla chleka jeybinou w malla mostawe,0,Morocco
1659,Mamstou 5sart sout,0,Syria
1660,مريض بمرض اسمه النهضة_x000D_,0,Jordan
1661,توفيق الغربي نوع من الارهاب السمعي و البصري والمعنوي بالنسبه ليا خييبييبببببببت,0,Morocco
1662,كمشه موبن واقحاب يعطونيش مال الدنيا ما نتفرج فيهم هوما و اي قناة تونسية,0,Tunisia
1663,حباتك لفعة 😃,0,Lebanon
1664,ماااااااااااااااااااااااااااااااااااااااااااااااااااااااااااااااااااااااااااسط وربي يهديكم امسط حلقه!!! بطاله وروتين وارهاب وزيد توفيق الغربي!!!!!,0,Libya
1665,ماصط,0,Lebanon
1666,Malla manather tfouh 💩,0,Lebanon
1667,ya3teb 3asba ken tji fannen malla rahet mou3a9 hhhhhhhhhhhhhhh,0,Tunisia
1668,امسط ممثل عرفه التاريخ,0,Iraq
1669,Mala ta7ana makyebha,0,Morocco
1670,شلة الشلالة ورقاد الجبانة .وعد ربى على التوانسة اللى يتفرجوا فى قناة الزبالة و الرذالة.,0,Egypt
1671,mala 97ab pfffff,0,Egypt
1672,برشا وبنة 😑,0,Tunisia
1673,9adechek maset ya lotfi,0,Morocco
1674,مااااااااااسط خخخخخخخخخ راهو كلامو يردد,0,Algeria
1675,yeser ta3ebe fi mou5ou maaaaaaaaaaaaaaaaaaaaaaaaaaaaaaaaaaaset,0,Tunisia
1676,عزوزة كان رجعت لربي خير مسرحية كلها غشت .....,0,Tunisia
1677,..هذه قلة حياء كان لحب عندكم بالشي هذا راهي العاهرات اكثر الناس تحب,0,Tunisia
1678,ممسطك انت و نوفل و اصحابك الي معاكم الكل في الحصة . اخطى مبروكة و مباركة و الباقي الشكاره و البحر .,0,Libya
1679,ماسط كيف ولدو,0,Libya
1680,فضايح ....No comment,0,Algeria
1681,زبلة و طحان و ما ينكر في لحيتو كان البيدون.,0,Libya
1682,Amma Barcha 7echma mch mte3 3ayelet😕😕,0,Tunisia
1683,_x000D_,0,Jordan
1684,N'es mat5afech rabi,0,Tunisia
1685,السيد لعماري انا كرهتو   لا أخلاق ولا مبادء يتشدق بالثقافة وهوا الهم منو ما فماش الي ما يدافعش عالقيم والمبادئ لا قيمة له .....,0,Tunisia
1686,ملًا رويق,0,Syria
1687,هذا ارهابي يساري و لازم يتحاكم كيف الدواعش ما فم حتي فرق بيناتهم 2 متطرفين,0,Tunisia
1688,"كي تجي بيونة تمسطها _x000D_
سامي واتباعه مستوايات منحطة
mosmama testehel makyabha
Masta walet bsara7a
ماصطة لاصطة حتى شي توا يجيكم شكون اندمكم ع الضحك
الناس تفتن بيناتكم و انتي كي البهلول تصدق و تكلاشي",0,Tunisia
1689,sa5if,0,Yemen
1690,5iiiihhhh,0,Yemen
1691,اتمنيت وليد التونسي اصرفق الخامج متاع شمس ابردلي فيه قلبي...مخمجوا و ما صح عينوا الشيخ الفاضل ايقلو ربي قال ايتاء هذا الفعل و التجاهر به حراااااام و هو يناقش و نطالب بحريتي....,0,Yemen
1692,"....و تحسو بوهالي.... و دمو ثفيل  yesser rziiiin maaaaaaaset""",0,Tunisia
1693,راجل ع خاطروا تجمعي نعل بوك و بو التجمع و بو التوانسه الي خلاو التجمع يرجع. في اول ايام الثوره كل واحد قواد و طحان تجمع هج الخلا توه وليت توري في الرجوليه. حشا خلبقه الرحمان .,0,Libya
1694,نسيبتي لعزيزة عندها عامين ملي مصاط وزاد جابو وجيهة لجندوبي  زاد مصاط أكثر,0,Morocco
1695,ZINA ghnak elkol jazayri a7chmi bla sar9a,0,Tunisia
1696,milla mostewa we milla tefeha,0,Morocco
1697,Mala 5anzir,0,Lebanon
1698,Rak Masset rak lasset rak Klaaasset :(,0,Saudi Arabia
1699,امسط مل المساطة,0,Tunisia
1700,تافه و حثالة وعار على تونس وثقافتها,0,Algeria
1701,tfouuuuuuuh :),0,Algeria
1702,Ya mo9ded 9adechek maset,0,Morocco
1703,وهف يهزك,0,Iraq
1704,manasta3rfouch bihoum lyhoud lekleb ya kalb,0,Lebanon
1705,"المعلم <3
بربي بربي بربي رجعو نوفل ة مايا راهو هالمنشط الجديد ياااااااااسر ماسط و بلاصتو في قناة المساطة حنبعل
mass5a kif ghirha !!!
شلح
مااااااسط نفس الفازات أعاود فيهم
massta :p
Tfouh
طحان كبير هههههههههههههه
mahouch  rajel  .
5nena
Mkhybou wmamstou heseb rouhou yefhem fil hya  wedin  wnesi  ili thama rabi fou9 nes elkol kol  wehid masoul 3la af3alou mouch hwa yhalel  wiharem wahdou halwjouh ili kifou houma ili hilkou libled
Massatha lyoum salelm mr
masta yasser
I5awefffd
Tafaheet
إله الطحين
راک ماسط راک لاسط راک سلعة کلخة ما تشيخ الراست !!
Masta
kamcha hmal e5it
مستوى منحط للرجل الي اسمه احمد الرحموني
ya3tih 3ma 3la 3inih dhaher men wejhou mahouch rajel masa5 masa7 ro93tou meded wejhou winekech sobhan alah bel7ak edenya bech toufa
اكا المسمى بلطفي العبدلّي، ملاّ مستوى و ملاّ انحطاط،_x000D_ لطفي العبدلّي ماينجم يكون كان مهرّج، خاطيه الفن مسكين!!!
tahhan
Maaaaasta 3ale5eer wajiha ghalta kbira hatemti rouhek
mal9iit matjib ya amiN pffff
i5it
مهبولة وزعرتوا لها في وذنها
kel 9o7b w lwabna ken mchet tnayek kher
Testehelll hâta  hiya rmettt rou7ha 3alihh bessifff hâta enaa nakraha marzanha
سنبل .. أكبر منافق في تاريخ البشرية
Mamstek ya amine gara
mamsithaaa -_-
7al9aa niveau tayaaaa77
بوهالي هههههه",0,Tunisia
1706,brabi tsami fi rou7ha momathla n7eb nes2lha win mathlet w ela 3la tleth adwar fachlin kifha radet rou7ha momathla w ta7ki 3la ahmed landolsiii nsi7a t7el hanout mlewi 5ir etamthil mech mt3ek w barbi la3ad t9olou 3lha moumthla 5ater Artiste kima 9alt hiya avec un grand A mech mte3 enes eli kifek w kima 9al karim rahi t8iiiiidh rahi tbakiiiiiii wa7da kifek t7seb rou7ha Artiste,0,Tunisia
1707,ya chi5 te7ifa 3ib 3elik tetkalem b laheja hathika fi tv w 9odem ines belek tesete5ayel idanya far8a rahou fama 3aylat w nes kebar 9adek    9a3da tetfarej w b sara7a to7ot men 3inin ines il kol,0,Tunisia
1708,malla jalgha,0,Morocco
1709,برشا قحب,0,Tunisia
1710,تفوووووووه عليك يا كلب,0,Libya
1711,بري روحي,0,Iraq
1712,Matfhek enti wbentek pffffffffff mla hala fik,0,Yemen
1713,hay lifdhaya7 loooooooooooool,0,Syria
1714,أنتم أكبر كارثة,0,Syria
1715,Kadach nakerhou déjà makameltch tfarejet kif ja malla halla,0,Morocco
1716,برنامج تافه فارغ و زيد الضيوف حالة مكربة مخيبك متكلفة ؛هو قنعك إللي الجرأة مطلوبة و مبررة وإنت كان جات شخصيتك قوية راك أقنعتو إللي لو صوتك طيارة من غير ما تعري روحك تنجح,0,Tunisia
1717,Tfouhhhh,0,Lebanon
1718,هبليهم بالوردي حلومة,0,Tunisia
1719,Wallet masta,0,Morocco
1720,mala karakozzz,0,Saudi Arabia
1721,يا توفيق رك مصت برش,0,Tunisia
1722,ti bara rawa7 bara rawa7,0,Tunisia
1723,matfahkom!,0,Qatar
1724,ماااااااااااااااااااسط. ماشي فيبالو ضامر وهو أمسط منو مريتش,0,Tunisia
1725,نكرهم لزوز؟,0,Tunisia
1726,لا تربح الي خمم و جابك !!!,0,Tunisia
1727,ماسط لاسط,0,Tunisia
1728,Pffffffffff enifa9 3eni 3enek hatha el koula 3al korsi,0,Egypt
1729,Meskin meskin fdhah rouhou,0,Tunisia
1730,walah masat yaser bsara7a,0,Morocco
1731,اتف من التفاهه,0,Sudan
1732,masset,0,Tunisia
1733,3tatk dnya ya jabri ya ghafas,0,Morocco
1734,عزوزة متصابية ، ياسر مغرورة و تافهة ، ماسطة وجاهلة,0,Tunisia
1735,اووووه قداش معيوه و ماسط و خامج,0,Libya
1736,تافهة و ماسطة و اغانيها اتفه منها 👎👎,0,Egypt
1737,3arrrr ..tfouhhh,0,Tunisia
1738,الزبلة لميناها يا فهري يا خامج,0,Libya
1739,Mamestou Pff,0,Lebanon
1740,لعنة الله على الفجار ياحسرة على مسلسﻻت رمضان,0,Tunisia
1741,maset f 7keytou fer8a,0,Syria
1742,"احمد الرحموني  يكشف و يفضح في مسرحية باردو الارهابية و محمد امين هوا الشماعة اللي علقو فها قضية باردو""",0,Algeria
1743,بصراحة انا مايعجبنيش هشام ماسط من قبل,0,Yemen
1744,mal9aw ken nwfall !!!!!!! masssetttttt,0,Jordan
1745,amre9 barnamej choftou,0,Morocco
1746,توفيق اللحاس,0,Tunisia
1747,akber ghalta f tounsia houa samir el wzfi tfouuuuuuuuuuuuuuuuuuuuh,0,Morocco
1748,مرزنها ممصتها,0,Morocco
1749,masit w merig,0,Morocco
1750,Maset,0,Tunisia
1751,woooooooh mamstw hal kazi,0,Yemen
1752,Brabi saker fomk à chakib bhim,0,Morocco
1753,إعلام   العار  يا كلاب,0,Palestine
1754,ماسط 😒,0,Tunisia
1755,Chib w l 3ib,0,Lebanon
1756,Akid mastha,0,Morocco
1757,Rak yasser tharebha fi rou7ak w matji hata chay rak thalem rou7ak bel aghani mta3k....,0,Saudi Arabia
1758,Mastaaaaa bkoulhaaaaaa,0,Morocco
1759,تافه,0,Palestine
1760,tfouh 3likom klab,0,Tunisia
1761,ما فهمتش علاش يكرمو فيه رااااك ماااااااسط,0,Morocco
1762,كلب كبير,0,Syria
1763,Mamestek,0,Algeria
1764,merg w masat,0,Morocco
1765,حمزاوي إخيبيييييييت,0,Lebanon
1766,ماسط عمل العار . محابش يحكي مع شكيب خاطر يخاف يواجهو .,0,Tunisia
1767,انتهازي,0,Lebanon
1768,ملا قلة حياه والله شنو صاير تجارب قبل العرس  استر ما ستر العالم يتفرج,0,Iraq
1769,نبزق على القناة و نتعدى تفوووووووووووه.....,0,Algeria
1770,ممسطو,0,Libya
1771,Ya masa5 bara ...... Omek ya ta7an,0,Tunisia
1772,انسان يلوج على البوووز تخللففف,0,Iraq
1773,القابسي البهيم لمسخ الي يستهزئ بسيده المرزوقي ،نقله راك امسط مل المساطة,0,Tunisia
1774,لعنة الله عليكم وعلى المخرج كلكم زلاوجة يا شذاذ الافاق تفاهات الله لا تربحكم خمااااااااج,0,Tunisia
1775,masett :poop:,0,Tunisia
1776,مستوي منحط,0,Libya
1777,Chay ihachem  ichib wel3ib,0,Tunisia
1778,ماسط يمكن لكن الامسط منو شكيب,0,Iraq
1779,mala 7ala fih l8ne taya7lo 9adrou,0,Tunisia
1780,mamsatkom,0,Egypt
1781,لعنة الله عليك انت و طحان فل الباج متعك,0,Tunisia
1782,Malla masssakh hetha,0,Morocco
1783,Amset men Boughalleb barcha,0,Lebanon
1784,Ena me3ejbetnicj,0,Morocco
1785,yesir tefih w w Massit  :P,0,Morocco
1786,بففف ولا ماسط,0,Syria
1787,مخيبها في الدور هذا.و زيد وجها يخوف كيقربوها,0,Tunisia
1788,بري روحي,0,Iraq
1789,حسبي الله و نعما الوكيل,0,Morocco
1790,يا سي امير راك ماسط ماتضحكش جملا والله  :p,0,Tunisia
1791,و انا نتفرج في الحثالة هذا بقيت نتخيل في حالة امو و بوه  لاني اعتقد ان  الاحساس بموت الابن أقل ألما بكثير من الاحساس بفقد الرجولة في مجتمعنا الشرقي ..... أنا ضد معالجة هذه القضايا في بلاتوهات الاذاعات و اتفق مع تحليل لطفي العماري,0,Libya
1792,3amlet lfade7,0,Tunisia
1793,برشا خمج,0,Tunisia
1794,wou 9adech'ha masta w teeeefha ! ya77,0,Syria
1795,مسلسل تافه ومنحط و مافيه حتي تشويق,0,Saudi Arabia
1796,Ikhiiiiit mamstou,0,Iraq
1797,Balti lm3alem,0,Tunisia
1798,العراء والقراء وقلة الحياء,0,Oman
1799,طماع,0,Yemen
1800,ماسط لاسط بصدق مهزلة  هادي التصرفات متاع واحد جاهل والجهل مصيبة,0,Tunisia
1801,تو بربي هاذه عبد تحكيو عليه الراجل ظربو الزهيمر وزيد مستواه منحط يسب في الجمهور,0,Tunisia
1802,أكبر عاهرة في تاريخ الفن التونسي,0,Egypt
1803,الإنسان هذا فاشل فنياً اعلاميا ومفهمتش شبيه الجهل يضحك في تونس! ',0,Tunisia
1804,Mamestou mala 3ouka ya 5ouya mehathamtouch mal9itou matjibou,0,Morocco
1805,تفوه عليه ربي نشاءالله  يسخطو,0,Tunisia
1806,البرنامج   ماسط  و  كوببي_x000D_,0,Libya
1807,ملا اسلوب و ملا منطق متاع .  قالك نقيب .. حاسب روح كل شي و هو حتى شي ... يقزم في العباد و هو قزم ...,0,Tunisia
1808,مسلسل تافه عملو بيه الفضح,0,Tunisia
1809,وزراة الدخلية وزراة ارهابية و البوليسة كلاب,0,Tunisia
1810,ههههه تجارة الجسد,0,Lebanon
1811,فنكم دعارة و عصيان لا أكثر,0,Tunisia
1812,Ema 5aterha lokza,0,Lebanon
1813,Maaasta w ma5yebha wallett :/,0,Tunisia
1814,walahi masta baarcha w 9lilet torbia,0,Iraq
1815,Ye ouled el fesda,0,Lebanon
1816,Kaleb soug mase5 la7asse 9a3ed ehez fi t7ine,0,Tunisia
1817,فارغة,0,Iraq
1818,تفوه عليك يا صامير الطافي يا خدود الزكار يا مخنث يا متحيل يا مرتشي يا مسخ,0,Tunisia
1819,قناة الفساد مسخييين والله أقلية مسخين كيفكم قعدو يتفرجوا فيكم ....اخيييت,0,Libya
1820,Ya mama mali masta lasta :p :p,0,Morocco
1821,Tafeh maytha7iknich jemla  mecro hanen ytha7ikni akthir,0,Tunisia
1822,حسبي الله ونعم الوكيل هدل مريض وتاعب و ايمانه ناقص لازم نعدموهم من الحياة ناس متخافش ربي لعنة الله عليك ياضايع,0,Tunisia
1823,إنسان منافق ولا يصلح ان يكون في هذا البرنامج .... مناااااافق نهضاوي,0,Morocco
1824,علاش حاطين نوفل الورتاني مامصطو ومتفهو !! تي رجعولنا نزار ولا علاء و سيب علينا من راس الروكبا  هذا!! بففففففففففف كنت نعمل عليها كيف كلام الناس فسدتوها والله,0,Tunisia
1825,Entom 9anet kafra,0,Iraq
1826,الشيخ الرهدان,0,Tunisia
1827,Malhet,0,Lebanon
1828,بجد..قليل..الحياء. ......,0,Libya
1829,malla mnayek,0,Tunisia
1830,راك ماسط راك لاسط,0,Algeria
1831,مخيبوا من الناس الي بعاد على الفن,0,Tunisia
1832,Maset laset maja chay,0,Morocco
1833,Mosalsel mte3 ta7ana w 5omej na3lboukom elkalb hadhi elli fasdet elmojtama3,0,Tunisia
1834,يا وخياني هل الكلب الحيوان الديوث كان نشدوا 👹👊👊👊👋👋👋👋👋👋👋👋👋🔫🔫🔫🔫🔫🔫💣💣💣💣💣💣,0,Tunisia
1835,Barcha 9elet 7ya fisidi ramthan hsibkom rabi,0,Yemen
1836,Masi5e,0,Algeria
1837,لهبال وحلة....😑,0,Algeria
1838,ماسقطتكم ومابهم هذا الشعب المسطك اللي مازال يصدق فيك وفي أمثالك قالو مستوصف وقالو مدرسة هععععع تي الله يرحم أيامك يا بونا لحنين يا أكبر حشواجي على الأقل كنت تحشي فيه بالقوة والناس إلكل ساكته وإمبلعه موش توه شعب كامل إمزنك وسامي الميبون شايخ عليه زعمة زعمة مسابقات وأعمال خيرية والفاهم يفهم وحدو آماكنش يمشي يدفن روحو وحدو أشرفلو !!!!,0,Tunisia
1839,Mallla chlaka..,0,Morocco
1840,Y'a 5ouya mamestou,0,Morocco
1841,Hhhhh malla rhout,0,Lebanon
1842,Hram alikom karahtouni fil barnamej,0,Tunisia
1843,ka3ba laaaaaaaaaa,0,Tunisia
1844,اتفه من هيك تفاهة لا يوجد ويقولو لباس هذا يتسمى وجيعة راس .....مع التافه نوفل,0,Oman
1845,مرزن ملايكتو ...عص بالفلس,0,Iraq
1846,ماصت,0,Lebanon
1847,نعمبو الوقت اللي ولا فيه الجرثومة هذا يعبر,0,Algeria
1848,لطفي راو ضمارك ولى مصاطة، سيب عليك بش يوليلك تطييح قدر,0,Tunisia
1849,مااااااااااسط,0,Saudi Arabia
1850,برشا دعارة,0,Tunisia
1851,غالط في روحو,0,Tunisia
1852,ڨلڨني في معدتي :/,0,Tunisia
1853,Ma3jbnech,0,Algeria
1854,Rajel kbiiir ou fase9,0,Tunisia
1855,طحين فاخر برائحة النهضة أصبحت هذه القناة,0,Modern Standard Arabic
1856,بلاهي نوفل البهيم هزوه فدينا منو,0,Tunisia
1857,كركوز,0,Tunisia
1858,mskina,0,Morocco
1859,Nakrahom elkol essiyasin,0,Lebanon
1860,rak maset aa rak laset aa rak remza aa mabeldek wmarakek aa,0,Saudi Arabia
1861,حصة كاملة و لا واحد تقرب للشعب التونسي فيكم بكلمة طيبة و فيها ذكر للخالق قلوبكم و اعلامكم نفاق و كذب ..نسيتوا ربي ياخي نساكم في ارواحكم .._x000D_,0,Tunisia
1862,قداش نكرهو,0,Tunisia
1863,Kalb mlkleb,0,Lebanon
1864,Jarbou3,0,Lebanon
1865,لعنة الله عليك يا بلال سراول *****طيح و الافريقي ماطيحش,0,Tunisia
1866,تافه ركيك و بليد و مش متربي,0,Palestine
1867,درتوا العار ما عندكم حتى علاقة بالكوميديا حالكم يزعج والفرجة عليكم مملة سيب عليكم شوفوا حاجة اخرى غير الدومان هذا درتوا العار في قناة العار,0,Tunisia
1868,"انتم الفسوق والقمار والعهر والتسيب...الله يهلكم""",0,Iraq
1869,Tfouh 3lik walid nahdi mala 7outhela,0,Morocco
1870,Chbih kalb,0,Lebanon
1871,يا مقداد واللّه ماسط بما تحتويه الكلمة من معنى :'(,0,Tunisia
1872,Wlh fsed hal mousalsel :( w fazdetou maryem ben cha3ben za7 bech yetfer9ou wled moufida,0,Syria
1873,Yezina mel bla bla bla mté3ou!,0,Tunisia
1874,تلافز شادينها الرهوط تفوه,0,Tunisia
1875,allah le treb7ekkkkkk ma5eybekkkkkkkk,0,Lebanon
1876,Maaaarzan mlèyktou 😣😣😣😖😖😖,0,Morocco
1877,صدقني لا نهظمك,0,Iraq
1878,Kethb,0,Lebanon
1879,Pffff mamsto ysaber oumo,0,Syria
1880,malla dholm haka ya rassoul eleh,0,Lebanon
1881,ltawa mafhemtech 3lach tjibou fih .karakouz,0,Morocco
1882,Kn fama wa7ed nakerhouh rahou enti yà kalb,0,Tunisia
1883,قول ياسر قلة حياء و قلة تربياه,0,Sudan
1884,مرمز عبد,0,Egypt
1885,Tfouh,0,Lebanon
1886,Mele hmel,0,Lebanon
1887,عيب عليك يا وليدي نقش في حيوان,0,Libya
1888,وجيهة بيناتنا مسطها فوق لمساط,0,Libya
1889,حصيلوا حتي كان يحطوها في عسل  تقعد ماسطة لاسطة,0,Tunisia
1890,yazina min chlaykk,0,Tunisia
1891,Marek magalba hhh,0,Lebanon
1892,inseen tefahh la akther la a9al...!!:3,0,Tunisia
1893,Mala 7ela metfhou wmamstou,0,Morocco
1894,"بصراحة من أفسد الحلقة هو أنت بتدخلاتك التافهة و التي تدل عن ضعفك في تسير الحوار _x000D_
جلطام .
مسلسل الفسق انا مقاطعتها قناة الفجور محاشتيش
هذي  ما تصلح في  شئ   تقزز ما جات شئ  :/
سكاتش هزيل وهزيل جدا كنا متواقعين سكاتش أحلى من هكا برشا
يا ملا ركاكة !!!!!!!!!!!!!
Tfouh
ena tkarahni fi ro7i kif tebda ta7ki o5ti z8ira tonta9 5ir s7i7 mezyena w naj7a mais tcha9nis yesir 3icht lbara finess  3ana ken fi tunis za3ma hya 5ir men l europe 3zizti ekbis ro7ik chway wlh terba7
بصراحة العيب موش فيك العيب في الي جابك والله عار على تونس
ماسط لاسط اللطف
Barcha 9lt torbya
كمشة ماسيخ عاملين برنامج لباس وهما موش لباس فى امخاخهم ودمهم يجرى فيه الطحين
توا  هي  قليلة  حياء  و  نزيدو نحكيو  عليها  ناقصة  لبلاد  ميوعة  أكثر  من  هكا  ...
هي نجلاء بركه لن تضيف للوسط الفني؟؟؟ هاو بلاتوات التلفزة كل مرة يتحفونا بأنواع و اشكال لا صوت لا ذات لا صفات... يعني وصلنا لمرحلة معادش عنا مواضيع مهمة الا موضوع نجلاء و الحصان؟؟؟؟؟ نقصوا مالرويق بربي و اعملونا بلاتوات مهمة تهمنا، مشاغلنا همومنا اش يزيدنا اش ينقصنا...  قالك فن!!! يا حسرة ع الفن توه فن بودورو الفن الهابط هو الي قاعد يغزو التلفزات
هالمسخ آش جيبو
احقر انسان ريت في حياتي تفوه عليه
راك ماسط راك لاسط !!
Maaaaasta
بهاطريقة نصنع الارهاب
لا يليق بهذا البرنامج  :(
يعمل العار
Raaak masiiit lasiiit  omniti mznich fehmz ech taamil fil nakkaba w elech mkalinik
jaaaaaaaahél !
Tfouh alik we ala waldik ye massakh
9adech tafha w mamsat'ha _x000D_",0,Tunisia
1895,Masit,0,Sudan
1896,يعطك كلب يا سامي الفهري..,0,Tunisia
1897,Tafahaat,0,Morocco
1898,e555 echnkarho !! w7ed tefah masst lassat may3rach ymathel !!,0,Yemen
1899,طردوه اكا شمس الدين بلاهي راو عمل الفضايح,0,Tunisia
1900,وين نتفكر هالبهيم قابسي مخي يحبس ماكش راجل وساقط نحن القوابسية لا نتشرف بيك خييييت عليك,0,Tunisia
1901,Wlh msaaat lmossalssal,0,Yemen
1902,5it 3lih sle7 hhhhhhh,0,Iraq
1903,خماج يروجو لانحطاط الاخلاق لافساد مجتمعاتنا المسلمة و حاجة أخرى أنا باهت فها _x000D_,0,Morocco
1904,العفن متاكم يزي الهم و الغبن و لفده و لبساله و مييوعه و زاد قتلوا الشراب فيه منافع يعطيكم عزاء,0,Tunisia
1905,يا خويا ممسطو بجاه ربي فاش يعمل ماسط بالسخط,0,Morocco
1906,خامجة,0,Sudan
1907,وجيهة الجندوبي برفو اما الفاهم امسط واحد في المسلسل بسراحة,0,Tunisia
1908,توفيق يا لحس يا مسخ يا جبري,0,Libya
1909,Ana n7eb kolha mamsatha mabladha,0,Syria
1910,أنا جزائري لست تونسي لكني أحسست بالفاجعة و تمزق قلبي لها كأنه إبني أو أخي الصغير و تابعتها منذ يوم أمس أول بأول و كنت أظن أن حلقة اليوم ستخصص لها دون غيرها لكن خاب ظني. _x000D_,0,Modern Standard Arabic
1911,Maset laset,0,Modern Standard Arabic
1912,وجوه النحس .كروك .ملهات,0,Morocco
1913,TFOUH    3LIKOM LKOL,0,Tunisia
1914,ماسط وموش متربي,0,Tunisia
1915,واحد طحان مجرم هالرحموني الطحان واحد قليل حياء وقليل رجلة لغنة الله عليك وعلى كل قاضي فاسد كيفك,0,Lebanon
1916,Mastinnnnnn lastinnnnnnnnn,0,Morocco
1917,9lil torebya tfouh 3lih,0,Morocco
1918,كارطة محروقة ما عادش تقوملك قيامة من الليلة عالسلامه وبالسلامه,0,Tunisia
1919,هاك آللحاس لطفي لعماري بدلو وجيب راجل,0,Tunisia
1920,خيييت مللا مناظر,0,Tunisia
1921,تي شبيه طحان بالفطرة بو كرافاة هاذا,0,Tunisia
1922,Masta mat3jebch,0,Morocco
1923,3al 7itttt maset lasetttttt 😊,0,Algeria
1924,توا هذه برامج يجيبوها ومن بعد يقولو شبي الشعب فسد,0,Tunisia
1925,ملا مباشر الحاصل فضايح,0,Iraq
1926,امين لبهيم نطقو مسكين,0,Tunisia
1927,Maset laset w maydha7akech malla mostawayet :'(,0,Morocco
1928,كلب ولد كلب,0,Qatar
1929,khamej w 9lil ettorbia naoufel amset makhlou9,0,Morocco
1930,ماااااااسط,0,Qatar
1931,مش غالطين لي سماكم المأخور التونسي,0,Tunisia
1932,mabslou sakhta,0,Morocco
1933,مقداد البلعوط عاد إليكم من جديد,0,Algeria
1934,Inchala isire fi martek ya kelb,0,Morocco
1935,بصراحة ماسط المسلسل و معجبنيش حتئ ترف,0,Lebanon
1936,و الله عيب عجوز كيف ليلى الشابي تحكي هكة عيب كبير تي انا مل بديت نعرف نراك في التلفزة و لتوا ما فخمت قدرك,0,Tunisia
1937,hayawan  mazi5,0,Tunisia
1938,yaaaser maset,0,Morocco
1939,كي سيدي كي جوادو ، مﻻ رهوط  :-\,0,Algeria
1940,تافه كي عاتو...ماهوش متربي,0,Tunisia
1941,ممسطها بففففف,0,Jordan
1942,Akber katheb w monafe9,0,Tunisia
1943,3andou el7a9 ya3mel masra7itou fel 7abs ti chkoun bech yemchilou el barra,0,Tunisia
1944,hhhh mala bhimm el fnaninn,0,Lebanon
1945,عملتو الفضح ربي يهديكم يا لبنات,0,Tunisia
1946,موش متربي,0,Tunisia
1947,السخطة هاذا كان لقيت راني جبدت والديه من التلفزة و قتلتو والله انت و امثالك عار علينا عار ع تونس و المجتمع و المسلمين حسبي الله فيك و في امثالك,0,Algeria
1948,هو و مقداد السهيلي حقهم ياخذو نوبل للمساطة و التفاهة و التبندير,0,Libya
1949,ممسطو ملا رهوط,0,Tunisia
1950,rak maset rak laset,0,Saudi Arabia
1951,Mabledeha rikeha maset,0,Morocco
1952,masta lasta,0,Yemen
1953,تفوووووووووووه عليك مكش متربي مسخ,0,Libya
1954,راك ماسط راك لاسط راك عالحيط,0,Tunisia
1955,Klem enes meli chadou amin gara msatt maach netfarej fih,0,Tunisia
1956,A5MEEEEEJ 9ANET,0,Tunisia
1957,مقداد ينقص في نسبة المشاهدة ماسط و زيد اصلع و قصير كيفاش يمد وجهوا في التلفزة _x000D_,0,Tunisia
1958,تفوه عليك قداش ميبون,0,Tunisia
1959,7ayawen pas +,0,Morocco
1960,قمة عار انوا ناقشوا في موضوع محرم في دين اسلامي نهى عليه القران والله شي اسف انو نشوفوا كيما هل اشكال في اعلام هدا بلصتوا الحبس موش طالب بحقوق ........زايد والله .ان لم تستحي افعل ماشئت ......,0,Libya
1961,ما امسطكم وما اغباكم  كلكم تفاهة ومساطة,0,Iraq
1962,Chlyk,0,Sudan
1963,تتشرف أنك تجمعي اذا انت في مزبلة التاريخ يا سقط المتاع...,0,Algeria
1964,مقرف، مستوى متحط، لأول مرة أجد نفسي متعاطف مع النهضة، إضطررت لتغيير القناة لأنه سبب لي الغثيان,0,Sudan
1965,أنت تستانى فيك شجرة الزقوم  يا واطي يا منحط,0,Egypt
1966,7assit rou7i bhimt,0,Morocco
1967,برأس أمكم ثبتوا فيها مخيب منظرها!؟!؟!؟!؟!؟!؟؟؟!؟!,0,Syria
1968,تافهة و غناها أتفه منها,0,Palestine
1969,0 maja chy,0,Morocco
1970,شامير الواطي والطحين قصة عشق لا تنتهي,0,Oman
1971,"#منافق""",0,Iraq
1972,tahan mouch rajel,0,Tunisia
1973,عصب ليكم او للباجى امتاعكم,0,Tunisia
1974,met3jbnich assil,0,Iraq
1975,masset lasset mayefhem fi 7ata chay ou nahdhaoui mchala9 3la rou7ou,0,Morocco
1976,مسلسل لوبن هذا ما نتفرجش فيه,0,Tunisia
1977,خوانجي,0,Yemen
1978,مايع ونمطي,0,Iraq
1979,على الاقل ماتنساوش بلي المسلسل ياعدا في شهر فضيل عيييييييييييييب وعار رانا نتفرجو في عايلة,0,Algeria
1980,تفوووووووه على زمن أصبح فيه الطحانة يطالبون بحقوقهم,0,Saudi Arabia
1981,Tfiiiiiiiiiiiiiiiiiiiiiiiiiiiiih 3lik ou 3la amthalek t7arbo fi rabi ou t7ebou tredo 7ram 7lel b sif mouch minek mili jebek ou 3melek 9ima ou 9dar tga3ad wahf ihizkom mantharkom ya9ta3 5mira min dar 💩💩💩💩💩,0,Tunisia
1982,متاع مفرخ والا متاع عزايز  ماسطة ماسطة لاسطة ،وهذيه النوعيه بابورها صفر واندثر,0,Libya
1983,راك ماسط راك لاسط راك سلعة كلخة :O,0,Algeria
1984,Maset laset,0,Modern Standard Arabic
1985,مستويات منحطة,0,Saudi Arabia
1986,للطحين عنوان هو منصف السويسي,0,Iraq
1987,Marznouuu w mamstouuu w marakouuuu,0,Tunisia
1988,Marzin damou,0,Tunisia
1989,7ram 3likom,0,Algeria
1990,ماسط لصت,0,Tunisia
1991,Ya zebi mamstou meyl9ou meyla9tou,0,Syria
1992,افففففففففففف شي يفدد,0,Iraq
1993,Mahouch rajel yejbed fi mr2e meyta,0,Syria
1994,aalammmmmmmmmmmmmmmmmmmmmmm       fachelllllllllllllllllllllllllllllll w   houma koumik,0,Lebanon
1995,mella mehezla nesem3ou feha kol youm winha el mou7esba,0,Syria
1996,مقداد قاهر الفن في البلاد,0,Tunisia
1997,neji #neji_jahloul makch rajl rak 3amil firansi w 9awad w matal3abhach watani ok,0,Syria
1998,mala sel3a,0,Morocco
1999,انا واحد من ناس متفرجتش و مقادش نحب نتفرج على هل مناظر و هل أشكال التافهة,0,Libya
2000,االله لا تربحه‍ا ولا تربح اابرامج إلي تجيبلنا في مواضيع كيف ه‍اذي وانا أدعوا ااجميع إلي مقاطعة ه‍ذه ااقناة اافاجرة ويزيونا من لغة حرية االإعلام ه‍اذي ٱسمه‍ا قلة حياء,0,Tunisia
2001,اين خجل البنات وعيباااه وفضحنا فضحااه,0,Yemen
2002,بية الزردي شبيها هكا ماسطة,0,Tunisia
2003,Mate7chemch ye5i fe tv wmaryoulha ybayn kol chay l7a9 feli rabouk,0,Syria
2004,Ta7et men 3inaya bsara7a...,0,Tunisia
2005,Sami el fehri berasmi 5raj mel 7abs mo5ou fased,0,Tunisia
2006,شفتها تسكر في المندرة مع ناس كرز في سوسة...ملهط,0,Libya
2007,ماسط كالقرع,0,Tunisia
2008,m3affet wmaset le maximum,0,Morocco
2009,awled 3ahra mofida mosalsel da3ara w 5maj w 3aaaaaaaaar ya 5omej,0,Tunisia
2010,بالله يزي من التمقعير ولوج على اصلك منين بالتحديد، ويزينا من راني ولد باب سويقة وما عاجبك شي وانت هو الي ما تعجبش,0,Tunisia
2011,ماسط ومن لاخر عورلها برشه و تحل في لعريض و هو شخصيه هزيله موش هزليه,0,Tunisia
2012,Machmetha,0,Algeria
2013,ميبون و طحان!!! تفوووووه,0,Tunisia
2014,حاشكم شلاكه برشا وقلة حياء,0,Tunisia
2015,maset lasetttt,0,Modern Standard Arabic
2016,mastat,0,Egypt
2017,خمجت 😂😂😂,0,Qatar
2018,مرزن عوص,0,Iraq
2019,miskin  yelzmou  tbib  nafsani  3andou  moraki na9ss  kbiiiiiiiiiiiiiiiiiiiiiiiiiiiiiir,0,Tunisia
2020,اذهب وهف يهزك العيب مش فيك فلي عاملك قيمة و قدر و جايبك تحكي قالو حقوق لا يحقلك حق ، انت ليك واحد يحكلك الفلفل فماشي ما تولي امك تقول جبت راجل و خسرت عليه طهارة، اللهم لا تاخذنا بما فعل السفهاء منا,0,Tunisia
2021,massssett,0,Lebanon
2022,ملاا مسااااطة ياا زااحي بففففففففف :3,0,Algeria
2023,Ma5yebo,0,Lebanon
2024,لحاس وما عندوش اخلاق,0,Tunisia
2025,Mêla moustawayat monhata manather m9alba les deux nahdi w la wahid 5ir Mel la5er 5iiiiiita,0,Morocco
2026,bsara7a mahich mte3 do7k w thmar,0,Tunisia
2027,hram 3lik,0,Tunisia
2028,ياسر كثرت في المساطة يا باسل وكرهتونا في التلفزة انت وامثالك,0,Tunisia
2029,لعنة الله عليك إلى يوم يبعثون,0,Oman
2030,Maaaaaaaaaasettttt amset ma5lou9,0,Tunisia
2031,بللاهي معاش تجيبونا هالمارك بفففف -_-,0,Lebanon
2032,mamstou brojla mokded ma3ach tjibouh belehi :(,0,Tunisia
2033,ma3jebnich,0,Morocco
2034,ماسط لاسط ها الراجل وزيد ما يعرفش يحكي pffffffff,0,Tunisia
2035,MALLA TAFAHA,0,Lebanon
2036,yeser maset rak,0,Yemen
2037,بربي أعلاه تركبولنا في السكر و الدم من دمار امين و شكيب أعلاه اوفاو المنشطين و المعلقين من تونس بربي_x000D_ نحوهم علينا .رانا فديييييييييينا.اووووووف,0,Tunisia
2038,يا شعب القناة هاذي ابعدوها قناة منحطة,0,Tunisia
2039,Ana benisba lia m3a9ed yasir,0,Morocco
2040,Pffff walahi ra5estouna chkounou hwa sama7ni .....😖😲behi Haka dharebtouh fi rouhou ...Wlh kif youzen rouhou dhehab ....pfffff Mala 9asawet,0,Lebanon
2041,Madit lasit .3al 7it,0,Morocco
2042,ya  mhblhom,0,Morocco
2043,Tfouh alikom w ala baramejkom el fesdaa,0,Morocco
2044,يعتبر من اسباب الإرهاب,0,Iraq
2045,يا والله احوال هالحيوان عاملين ليه طاولة و كراسي و هو واحد خامج و كذاب,0,Yemen
2046,امسط منها ما فماش,0,Tunisia
2047,malla msata,0,Morocco
2048,Kalb e nahdha,0,Morocco
2049,hhhhhhhhhhhhhhhhhhhhhhhhhhhhhhhhhhhhhhhhhhhhhh blid :p,0,Yemen
2050,"Dawrha la 3ala9a ... _x000D_
Mamstha floooooop👎
حيوان
ماسط
n
الشيب و العيب
زنديق
9anett eta7anna
Méskinè
تفوه عليكم و علا سامي نشاالله نرو امك في موقف كيما هكا و لا ترحم ولديه المصور و الممثل قلت حيا
ثرثار
ما اكبر راسك يا مقداد
Wahda bhima w mehich fehma chay me thawra w rak tfit 9bal ma tala3 😂😂😁
Masta merga wyeser msad9a rou7ha
tfooooh
مسلسل تافه و يونس الفالحي تحسو معقد من الصفاقسية اسيادو.وكل شيء فيه مبدل لا اللهجة صحيحة وﻻ التصرفات وفوق هذا ماسط لاسط
مسلسل نسيبتي العزيزة كلو هايل بصح هذا الجزء كي زادو مرت المنجي الماسطة ماسطة ماسطة مع انو المسلسل هايل
wsa5
بياع كلام
بجااااااه ربي معادش تجيبوه
ابهيم حيحون
مستويات منحطة إيعايب في مرأة كبيرة ما يعرفش إلي هو باش إيجيه إنهار وولي راجل كبير
ena ma3jibnich n7is fi rou7i nitfarij fi sketchet lebes
rak massét rak lassét :p
Mas9at.ha l far5a
akber maset f tunis jomhoura kane f 7abes hhhhh
Mouch ishih .
mala tfaha...
منافق
الله لا تباركلكم.....وحسبنا الله ونعم الوكيل فيكم
تبقى الأسود أسودا والخنازير كلاب
يا كلب يا كاراكوز اتفوه عليك وعلى امثالك
maaaamstouuuu w 9adéch mi3aaa pfffff
مساكن المساجين:حبس وزيدهم مساطة توفيق الغربي !!ربي يفرج عليهم
مسلسل دعارة بفففف
ملا حيوان تتفرجو فيه تفوه علا شعب ارذل من الرذيلة
mamset rabou manakirhou
Tfouhhhh
ميعجبنيش خلاص معمري مريت كيفوا حكومة كلها غلطة .
عاهرة بو دورو..
شكيب راك ناكر في اصلك و ماينكر في اصلوا كان الكلب تونس الكل تعرف تاريخك مع بن علي و جماعتوا ماتلعبهاش بطل و تبكي ع حال التوانسة و ضد الجهويات خاتر مافماش شكون يحب يشعلها كيفك و ارجع اقرى الستاتي متع البارودي 10 مرات فماش ما تفهم المعنى متاعها اما اكيد ماكش باش تفهمها خاطر فكرك محدود و الجانب البهيمي فيك في نمو سريع  و قاعد يتغلب على عقلك و سيب عليك من لطفي راك ماتجي شيئ قدامو
tfouh 3lik dima ya ..............5ayba
مرزن مليكتو
عملتووو العارررر !! ملاااا شييخ شلاكه هاو عامل جواا عل معازف و الغناء !! سبحان الله كيفاه تقولو شيخ هههههههه   ااهههه يا تونس قداش فييك جهل و بهامة",0,Tunisia
2051,maset ou tahhhhhhhhan ou kallllllllllllllllb,0,Lebanon
2052,راااك ماااسط والله لبلاد مدخلت في حيط كان بامثالك,0,Tunisia
2053,تعمل الجاير,0,Tunisia
2054,Hathaka clips men aslou fthaya7 5iiiiiiiiiit,0,Iraq
2055,باسل وماسط وركيك وتسكرة مايلة ورمز,0,Tunisia
2056,اوف اوف ملا ثور,0,Tunisia
2057,Ya masaaakh,0,Tunisia
2058,ياسر مصطنعة نحسها و مغرورة .... تقعدي ملا حالة فيك اكبسي روحك يا لا شوية رواشكك محلولة ياسر,0,Tunisia
2059,Maset barcha,0,Morocco
2060,Ya mast,0,Algeria
2061,مطهرينك في شعبة و تحكي عالنضال  ؟؟,0,Tunisia
2062,"لا تربحك ا ساامي الفهري 😂😂""",0,Algeria
2063,قداش فما طحانة في هالبلاد تفوه عليكم حتى ترمكم تبيعوها على الفلوس يا انذال,0,Tunisia
2064,mala lebsa piiiiif,0,Morocco
2065,تافهة ومغرورة وجحشة فاهمة الحرية بلغالط مسكينة,0,Tunisia
2066,مايا البهيمة هههههههههه كالسردوك.. صدقوني ماهي فاهمة شيء,0,Algeria
2067,maya ma5ybek  ye cherfa ouuuhhhh,0,Syria
2068,"و من داخل من داخل طحان .""",0,Tunisia
2069,انا نكرهههههههه,0,Iraq
2070,maset barcha -_-,0,Morocco
2071,شلاكة !,0,Iraq
2072,nakrhouuuu mamstou w math9al dammou,0,Morocco
2073,Ta7an,0,Tunisia
2074,قناة دعارة عملتو العار يا ولاد البزولة تفوه,0,Tunisia
2075,حيوان ناطق,0,Iraq
2076,مايجيش رابور حتى بالفلوس,0,Algeria
2077,Ya hasra milli mchat maya hal barnamij walla masit lassit,0,Yemen
2078,راك ماسط آآآ راك لاسط آآآ,0,Algeria
2079,masta,0,Oman
2080,mrjtouna bih hal far5 ..fadadtouna,0,Tunisia
2081,9nanou,0,Morocco
2082,وجيهة الجندوبي هي الماسطة وفسدت المسلسل الكل,0,Morocco
2083,La3net allah 3lik w 3la illi kifk w ili ykhamou kifk tfoooooooouuuuuh 3lik w 3lihm,0,Iraq
2084,"#مسكينة_ياتونس...""""سلام""""""",0,Libya
2085,مرزن دمك يا بهيم سايب عليك وخلي لطفيtranquile.  لي إقد روحو تحسدوه,0,Lebanon
2086,العربي المازني كي الزبلة في البوبالة,0,Morocco
2087,"Wella tefeh""",0,Lebanon
2088,يا طحان,0,Libya
2089,ههههه الشيب و العيب المعنى الحقيقي لفيلسوف ههه يتفلسف ياسر,0,Tunisia
2090,ملّة زبور نشيخ علاهة عذي,0,Tunisia
2091,Mossiba ta3 tounas,0,Morocco
2092,Brabi maedech tjibo heda saif elmetkalef .mouch metrobi w bal3out hata mafehem chay ye3ayet w ysih w yofred f roho mala mostawa.,0,Syria
2093,Yeser maset Moch thamer 7ta taref  yaser b3ida 3lih el comedia,0,Tunisia
2094,Hhhhh yezi mel kethb ya Ahmed 7ram 3lik t8alat fil 3bed nsit rou7ek ki kont menhom loooool Wala 9a7ba tebet 9alet nhar mchoum 3al 97ab,0,Tunisia
2095,يعمل العار,0,Tunisia
2096,الجهل بأم عينه .. اللهم زدهُ علمًا ..,0,Libya
2097,علاش نفس الوجوه معادش تونس فيها رجال و نساء راهو مساط البرنامج و نهايتو قريبة جيب وجوه جدد ولا باش تفلسو على قريب,0,Algeria
2098,شكيب الدرويش أكبر منافق موش معقول في كل حلقة يخلق الفتنة و يتهكم راك إنسان تافه و مكروه تفكيرك داعشي .,0,Algeria
2099,mamstou,0,Syria
2100,maset,0,Tunisia
2101,Maaaaaaaseeeeeeet,0,Lebanon
2102,"Kelmet maset chwaya fih_x000D_
wallahi 7ram 3lik sami elféhri ,hakka yji tarwij sourét chabébna fil kharéj willa lawé7,sada9ni michi rjouliya minék khater inta mridh ,ama matanssech ya sami 3andék zouz bnét ,wou yikbroulik,nchallah mayjich nhar wou téndem 3ala ta3addi 7ormét romdhan ya sami!!!
Massit
مسلسل متاع قحب و وبنا يا قحاب يا موبنا تفوه على زوك أمكم القحبة
عاهرة عاهرة عاهرة عاهرة عاهرة عاهرة عاهرة عاهرة عاهرة عاهرة عاهرة عاهرة عاهرة عاهرة عاهرة عاهرة عاهرة عاهرة عاهرة عاهرة عاهرة عاهرة عاهرة عاهرة عاهرة عاهرة عاهرة عاهرة عاهرة عاهرة عاهرة عاهرة عاهرة
Ma5ybha
ياخي بغل
Maset!
ماسط لاسط  ماسط لاسط ماسط لاسط   ماسط لاسط
Y'a jarbou3 kont  fi 7abes ki 9a7ba
قناة الفحش و الرذيلة ان شاء الله تطهر منها كل دار
اليلة ناقصة كان البحري الجلاصي
Barcha 9elet ehya
مسلسلاتكم فاشلة و باسلة لا لون و لا رائحة و لا طعم ، يا حسرة على ڤمرة المحروس و منامة عروسية و ضفائر و حسابات و عقابات ... يا حسرة
اووووووف قداش ماسط هالبشر...سؤال امين في بلاصتو...اشبيك ما تمثل كان ادوار القواد،والخديم والمتله...فعلا ياسر قديم وياسر تاعب في مخو وفي لسانو وخاصة في قلبو...الله يسامحك امين
نوفل الماسط
خمج !!! خيييييه ملا مسلسل إحترمواا العايلة زح :(
7ata ana faddit men tbezniss ensa2
ههههههه مهبلة
تفوووووووو  حيوان و ماهوش متربي  . الله لا تربح الي جابك و رباك
شعب تاافه الى اقصى درجة فيقو نيكو
Malla 5amej malla masa5 wowh y'a wilo men rabi chnouwa 7alla hedhi
عرس بواحد منهم تو تقعد شادتلو الشمعة.قليلة حياء نعلة الله عليك.في بالك حدثية وإنتي رجعتنا للجاهلية يا جاهلة
men youumekk fessed w9liil 7yaaa
شئ  يأسف
بطبيعتك طحان  لحاس مش غريب عليك
masittt 5ra w maa se5oun
Ye Masa5 ye mnayek tfih
Talvza walat -18 ans alah la trabahkom wahed ma3atch ynajm ytfarj m3a darhom hadha bch ta3mlou el beuzzzz
رمز و تافه و كان لقا حارة يصفقولو ما يمشيش في بالو عاجب الناس الكل
حلقة فاشلة بامتياز !! توفيق الغربي تقول قاعد في قهوة ، ريان يوسف مسكين ضايع فيها و مواضيع اكبر من عمرو ، يمينة كثرتلها بالانبطاح و الزوز المسرحيين اهاوكم زعمة زعنة فاهمين الحكاية ... !!!
جبري
تافه وماسط  وبليد ويقزز  وساقط و واطي وتفوه عليه
ممصت ضمارك يا مقداد  فِشْ روحك شوي راك والله امصت منك ما فاماش  لعباد لكل تكرهك
3alch teda5el yaser fe 7ajat mate3nikch
تجوع الحرة ولا...........................................(قناة الدعارة والفن الهابط)
Essba7 w erba7 mamesstou w ma9al tarbitou zam3a zam3a om lotfi emra ekbira "" ma9al torbitou houwa w khouh mala 7ram 3lih emra mita w zid el kober 3omrou makan 3ar ya met5alef :(",0,Tunisia
2103,ياسر ماسط,0,Saudi Arabia
2104,monafe999999999999999 WMASSA55555555555,0,Jordan
2105,maaaaaaaaaasit laaaaaasit,0,Morocco
2106,مقداد سهيلي مريض مهوش محترم معادش جيبوهلنا,0,Tunisia
2107,مقداد السهيلي أرخص إنسان على وجه الارض و بتاع النقابة الي تكلم نحب نقولو يعطك تيييييييييت,0,Tunisia
2108,La3ale9aaa,0,Morocco
2109,"مسلسل شذوذ الجنسي وقلة الاحترام وتشجيع القحاب على الزنا والخيانة ...""",0,Iraq
2110,يا منافق يا راس فكرون,0,Iraq
2111,برجولية ماسط لاسط.,0,Tunisia
2112,7ram 3likom wllh mat9adrouch pfffff,0,Iraq
2113,Masta,0,Lebanon
2114,wlh ta7ana ya jma3et tounisya,0,Morocco
2115,ماسط لاسط,0,Tunisia
2116,Malla m3afet,0,Tunisia
2117,hagara,0,Morocco
2118,قناة  أقمار ودعاية ومبنى فى رمضان,0,Egypt
2119,Maset,0,Tunisia
2120,Bhima,0,Lebanon
2121,الإسم الحــقيـقي لهذه القناة هو:قـناة الحـوار مع الـملاهـــــــــــط,0,Oman
2122,هاذي بالذات مهزلة و عار و موش متربية كيما قال شكيب (مطب لغوي) ههههه,0,Tunisia
2123,مقداد أول مدمر للفن  وماصط,0,Tunisia
2124,A5yeb i7ses fi denya,0,Tunisia
2125,منحط إخلاقيا,0,Syria
2126,malla wsakh wmalla tafahèt wmalla in77itat,0,Morocco
2127,hhh slee3,0,Tunisia
2128,ربي يهلككم فسدتو الشباب,0,Tunisia
2129,ya benty rak masta rak 3matli ejèèèèèèyer bjeh rabi na7iwha men klem ennes win ma tet3ada nzappi pff >:o,0,Tunisia
2130,العيب في الاعلام اللي جايب شلاكة زي هذا وترلي أعصابي ما يحشمش,0,Yemen
2131,ماسط لاسط اكثر من محمد علي النهدي,0,Tunisia
2132,ماشية و تعدم و تمساط ولات تقزز يا حسرة على بية متاع قبل يا لطيف اللطف.....,0,Tunisia
2133,هذا مصيبة,0,Tunisia
2134,فظائح ومهازل والشعب التونسي يعاني البطالة والفقر والتهميش والحكومة تواصل الكذب والتدليس على شعبها وتحاول ان تغطي على فشلها بمحاولة التركيز على اﻻوظاع في ليبيا وانه لو تم تدخل الغرب في ليبيا سيتدفق الليبيون على تونس واﻻستعداد لمواجهة تداعيات هذا التدخل علما ان الليبيين يدخلون الى تونس باموالهم وليس كﻻجئين ويساهمون في انعاش اﻻقتصاد التونسي منذ دخولهم وحتى مغادرتهم ووفقا لمكتب اﻻمم المتحدة للﻻجئين في تونس فانه ومنذ 2011 م لم تسجل اي حالة ﻻجئ ليبي ولم يتصل بالمكتب اي ليبي طلبا للمساعدة كﻻجئ ولذلك على الحكومة التونسية والسياسيين واﻻعﻻميين التوانسة ان يهتموا بالشأن المحلي لتونس ومعالجة مشاكل شعبهم والمحافظة على عﻻقات طيبة بجيرانها على اساس اﻻحترام المتبادل ﻻن تأزم العﻻقات بين ليبيا وتونس سيؤثر اكثر على الشعب التونسي وبصف خاصة على سكان المناطق الحدودية في بن قردان ومدنين وتطاوين الذين تعرضوا للتهميش من الحكومات التونسية المتعاقبة وتجاهلها في برامج التنمية وكأنهم ليسوا توانسة ولوﻻ امتهانهم للتجارة الموازية مع ليبيا لما استطاعوا ان يواجهوا متطلبات الحياة واخيرا نسأل الله أن يحغظ ليبيا وتونس,0,Oman
2135,"Si abed lahmid a3sabek welsenek _x000D_
mousalsal wlad moufida s7i7 5da 2akthar nisbit mouchahda ama hoya kolo gi kol masit o mahouch mta3 dawla islamiya yasir blada ladan yadin ba7daya o bmada 9odmai 5it
كلب
الصورة المثالية لشياطين الانس
عهر و عراء و فضايح ..الله يهدي .....
 Jibou 7aja jdida  kol 3am nafes la7keya",0,Tunisia
2136,الله لا تباركلكم في ها الشهر الفضيل.,0,Oman
2137,masét bsara7a,0,Morocco
2138,توا هذا كلام يتقال في التلفزا ملا زاندينات تجيبو فيها و الله الإرهاب شواية فيهم تفوه عليك ملا قناة  fuck قناة الحوار التونسي اخ تفوه,0,Tunisia
2139,Masa9tou tfouhh 😝,0,Morocco
2140,ouuuuufffff iji kol chay ken fannene,0,Syria
2141,موش عيب فيك عيب فلي عملك قيمة و ستدعك خطرك عار والمرأة التونسية بربي معاش تورين وجهك انتي طحت قبل ما تطلع,0,Tunisia
2142,بالطبيعة تونس الكل تعرفو.أخي تستبهلو فينا ملا اسئلة تافها كيف برنامجك يا امين,0,Tunisia
2143,ملا فاشل,0,Tunisia
2144,Mella wejh lo7 .enti 3ar 3la touneeeees.9alet 3malna thawra hhhhh,0,Morocco
2145,للاسف ما وصل اليه حال الاسلام والمسلمين في بلد يدعي ان الاسلام دينه عيب وعاااااار عليكم ان تتناولو مثل هاته المواضيع الدنيئة قناتكم كل مرة تخرج لنا باشكل جديدة مرة من تدعون انه دكتور محمد الطالبي يحلل الخمر والزنا ومرة الطاهر بن حسين يحلل الخمر وزد عليها موضوع المثلية للاسف اصبحنا نناقش مثل هاته المواضيع علنا بداعي الحرية اية حرية هذه التي تتكلمون عنها شاطرين غير في معاندة الغرب الا المواضيع التافهة اخذنا القشور وتركنا اللب الذي فيه فائدة عمرها ما كانت الحرية بهذا الشكل الوضيع,0,Yemen
2146,Nakrho,0,Algeria
2147,tfouh 3ala lom lijabeti ya weld la7ram,0,Syria
2148,Tfouuuu,0,Algeria
2149,Maja chay na9es fi tawsil elma3loma jibo safi sa3id,0,Tunisia
2150,Brabi ya 9anat el3ar yeziw mil fsad tawa brabi tjib echlayak kima hathy w ta3erfouha hiya chniya w ba3ed tes2alouna 'chniya raykom fiha ',0,Tunisia
2151,مخيبو لخرى,0,Tunisia
2152,لطفى مهزلة تونس .وانسان شايف روحه على الفاضى,0,Egypt
2153,borjoulia mo5i w9ef taw we7ed m3ah omou zeda bouh  zid 5wetou witfarjou fi jboura kif hadouma mouch normal tfouh 3lihom,0,Tunisia
2154,Louuuuuuuuga masta yah ahna mouche haka,0,Iraq
2155,ya 5ouya manich 3aref 3alech manhadmouch,0,Morocco
2156,بصراحة #نلوم على امين كيفاش جايبوا للبرنامج برجولية #ممسطو ..شكون موافقني يعمل جام خليه يفيق على روحوا هالمصباح ...بففففف,0,Tunisia
2157,maset laset ki lakhra,0,Morocco
2158,Tfouuuuuuuuuh zayd cha3b maw faye9 bchay cha3b howa ygoul allah akbar w ti7 yokl w maw fahm chay 3al ga3d yosl kif lebgar bethabt walah hhhh...tfouhhh,0,Syria
2159,Ma5yb Manfred,0,Lebanon
2160,Masit lasit,0,Modern Standard Arabic
2161,Mala  kalb hacha esmou,0,Lebanon
2162,Masit,0,Sudan
2163,Barcha ebleda,0,Morocco
2164,ma5yeb wejha w ma5yeb tha9afetha w tfiiih 3liha mel fou9 awel mara enra ennes tet3amed et9alle9 la3bed f dyarha nheb n9olha rani nakrhek loooool w ken ta3rathni f chara3 nebse9 3lik,0,Tunisia
2165,Mast last kif lklast,0,Yemen
2166,والله زايد الكلب كلب,0,Qatar
2167,Marzennnnnnnha eza777 arzen  mn sofien ben 7mida,0,Algeria
2168,البت دي خبرة.....مرمدك سيدك وليد يا كلبة ...تونس برجالها و إسلامها و دينها واضح الإسلام والكلاب لتنبح كيفك عندها الرجال لتسكتكم,0,Palestine
2169,"Hali jibtoiha matta kahwa arbi_x000D_
يا سامي يا حيوان يا كلب ..._x000D_",0,Tunisia
2170,ye5i sami eli fehri ma ya3rach eli houwa mahouch mta3 talfza !! yeeeeser maset w mandhrou mahouch mta3 talfza w mahouch alaise w mahouch naturel :(,0,Tunisia
2171,ya la7asaaa el kolkom r5aaas,0,Saudi Arabia
2172,اووووووف تفدد محرزيه والله,0,Libya
2173,mamsetha pfff,0,Egypt
2174,الطمع أو قطعان الرقبة متحاذين و الحقار يموت ذليل روحي وهف يهزك,0,Algeria
2175,mate3jebnich jemla ki kenet matodhhorch fi télé khir,0,Iraq
2176,بكل صراحة الكلمة اللي قلتها عيب و متجيش . إنت تحكي عالثقافة والفكر و هذا تصرف مش متع إنسان مثقف و محترم. مع الأسف إنت محترمتش المشاهد. لو تحب ترجع إعتبارك تعتذر من المشاهدين .,0,Tunisia
2177,Tfooooooohhhh,0,Syria
2178,taw hadha rajel pffffffffff m4altinou fi rou7o bara chouf ro7ek fi lemraya,0,Tunisia
2179,مسقطها ومخيبها رهي قتلو موش هكك اصل شنو نكرها انا,0,Tunisia
2180,ماسط,0,Tunisia
2181,البرنامج  كلو ماسط لاسط,0,Sudan
2182,Masset lasset,0,Morocco
2183,Masta barcha pffff,0,Lebanon
2184,ممسطو اللطف,0,Morocco
2185,toz ;),0,Iraq
2186,مهزلة كبيرة,0,Jordan
2187,Mamstou snaa,0,Morocco
2188,Mast last kif l3ada ya 7asra 3la dali nahdi,0,Morocco
2189,5iiiiiit chbik hakka ya sèmi,0,Tunisia
2190,Rak maset laset,0,Algeria
2191,بعيدا عن تفاهتك الشهيرة  ووقاحتك المعروفة شلاغمك راهي كملت على مرمتك نحيها ما تعرفش يمكن تتنحا معاها قلة الحياء.............,0,Tunisia
2192,Masta,0,Lebanon
2193,"ما يجيي شيييييييي""",0,Lebanon
2194,كلاب سوق,0,Tunisia
2195,Maaaaset,0,Morocco
2196,maset laset,0,Modern Standard Arabic
2197,الكلكم منافقين في البﻻتوات تحكوا زعمة على غﻻء المعيشة والبطالة وانتم تضربو في الفلوس يا كﻻب,0,Tunisia
2198,5it 3alik ya mas5a nhéb n9olek maritech as9et mének mra w matstahelech béch tkoun mra ................. tfouh 3alik ma5mjék,0,Tunisia
2199,كافون شبيك كل مرة زيد تولي تافه.. آااه عطاك الوقت..,0,Tunisia
2200,mamstou hal 5ra,0,Tunisia
2201,Masta belha9 melkit me t3mel ye semi .🙇,0,Iraq
2202,لا حولة و لا قوة إلا بالله,0,Tunisia
2203,mastiiiiiiiiiiiiiiiiiiiiiiiiiin u kamcha ma7ssna,0,Iraq
2204,"الحق في المخرج ميبون وعطاي ماشو في الممثلين.""",0,Tunisia
2205,مسلسل متع موبنة و قحاب,0,Tunisia
2206,Insaan mriith bill9wii,0,Algeria
2207,يا كلب يا مسخ نسيت طحينك و نسيت تاريخك  ؟؟,0,Libya
2208,Zayid kleeeeeeb,0,Lebanon
2209,ههههه اتفه من التفاهة,0,Egypt
2210,قليل الحياء,0,Oman
2211,mamsatha w ma rakha  go3ra zayed,0,Morocco
2212,انت خامج,0,Yemen
2213,ذليل قواد لحاس طحان,0,Tunisia
2214,sami 9edkch kaleb,0,Yemen
2215,كلك شفافية ماكش مريڤلة ..؛'(,0,Tunisia
2216,5amej ta7an,0,Tunisia
2217,Mamsetha fesdetou mosalsel karhetna fih😅,0,Syria
2218,العيب موش فيه لأنو ماسط لاسط كالكلاسط ...اما العيب في اللي جابو,0,Tunisia
2219,هديك فاسقة ربي يهديها جهنم وبءس المصير,0,Morocco
2220,طحان يا سامي,0,Libya
2221,التونسية دخلت في الحملة الانتخابية جهار في النهار تهز في الطحين لترويكا,0,Tunisia
2222,mast rak barcha,0,Morocco
2223,معجبنيش صوته  انحسه نشاج,0,Tunisia
2224,متهور,0,Qatar
2225,"Yarje3 nawfel 5ir""",0,Tunisia
2226,عملتو الريحة ...قناة الحوار التونسي أصبحت من الماضي,0,Algeria
2227,Mamsteeeeeekkkk wooooouuuuuhhhhhhhh e555555iiiiiiihhhhh,0,Syria
2228,Maset barcha,0,Morocco
2229,Jaltam w maandouch rouh riyadhiya w magjrour,0,Iraq
2230,مصاطة ولساطة تقطر اصل,0,Tunisia
2231,حسان من الجزاير تفوووووو,0,Tunisia
2232,ارزن و اعمل عقلك وهف يهزك فمها تقول كونفارس و هي باش تطير مناظر مقلبة _x000D__x000D_,0,Tunisia
2233,مشا مريقل و بعد فسدها عائلات تتفرج عيب والله,0,Morocco
2234,Jil traba 3la klam zayid wil8acha wil 3ra wil gura allah lé trab7ik ya sami fihri ya far 7boussat ya mafyouzi,0,Tunisia
2235,barcha fssed,0,Morocco
2236,لحاسة بن علي ماشين ويكثرو,0,Tunisia
2237,yesser masset aoues meskin,0,Morocco
2238,قناة دخلت في الروتين القاتل خاصة نسيبتي العزيزة الي غلب عليها طابع التهريج ودخلت في برامج n'importe quoi والمرة هذي بطولة وجيهة الجندوبي في المساطه راك بهالدور فسدت مسيرتك الفنية,0,Tunisia
2239,مساط الحق,0,Tunisia
2240,يععععععععععععععععععع لوعلي كبدي,0,Saudi Arabia
2241,كركوز,0,Tunisia
2242,Ensen mriiiiidh maset laset,0,Morocco
2243,Tawa hedha rajel tjibou fih.ye5i tetmanykou 3la nes..eli met w eli mou3a9 jrayer ben ali..w intouma testfazou fel nes.,0,Tunisia
2244,برشا حب والا قلة حياء ؟ ياخي تونس دولة اسلامية والا؟؟؟?,0,Tunisia
2245,ههههه الشيب و العيب,0,Morocco
2246,"الناس تشكي لعندي ما نقلك _x000D_
Mamsetkom
حاشى  خليقة  اارحمان...singe
yeser th9iiiil l7a9
massit w kadhereleha mel messata :3
Mouch motrobi elgarbi
ماسطة لاسطا ملا تفهين
ماسط لاسط ما جا شي
Mela maset w mya3aaaa m5ebik tfouh3alik
ممصتو ماصت لاصت
Mouch ma39oul la79i9a w mouch 7lou chay ya7chem wlh 3ayla kol tebda tetferj fi 7ajet hakaka 9alek 7ob !!
SAMIR ELWAFI 9adekch massa5 w ma3omrek ma kont mou7ayed  tes2el fih w mat5alihouch ijeweb !!! 9adekch tefah wallah
Mela wsa555
mahboulaaaaaaaaa
Mata3rafch etmathel
لا يزي طحانة لا يزي نبارة سيبو الراجل يخدم على روحو
لمين النهدي إنتهت مدة صلوحيتو
وحدة ملهط وقبيحة وشلاكة احسن منها وتعطي في رايها على مثلية الجنسية ومساندتها وتحبها تنشط بربي يا جمعية شمس هزوها معاكم تنشط في لخمج وتفوه عليها كلبة
Masta ilfikra w ilmomatlin
حوارات تافهه و تفتقر اداب النقاش يا حسره على مثقفين تونس
ta3asa
مالا اماسيخ تو هذه حاجة يجيبوها في رمضان !!!! حالة مكربة في هالبلاد زيدو عليها انتم بخمجكم
إعلام العار
القناة مزالت ادجيب فالماسط كريم والجبري المازني تفوووه عليكم
ملاه تفاهه يا ناري على مستوى الفنّ في تونس
الجراة في تونس = العرااء وقلة الحياء
تبا تبا تبا !! لكل هالمناظر
chlayeeek
قليل حياء الشيب و العيب...
Mana3erach achebih mesat
ماسط لاسط
أكبر حيوان نعلة الله علي جابك
يا لطفي قتلك امي يزي مثرثرة (سكر فمك)
Pffff zawdtou bil wsa5
بلعوطة
البرنامج كان نظيف مشيت جبت ملهط وسخت بيها روحك شنية الفائدة الى تحققلك والا تسخن قبل العرس قداقش ساعات مسطك يا وافى
كريم الغربي ، امسط منوا مكانش ، انا ميضحكنيش جملة ، تافه ، ربي ايفضلوا اموا ،
Dima bhiiiim wdaya3 feha
Dima masetttttt
mala monaf9in
بصراحة  انسان استءصالي وتافه برشا يحقد على النهضة ويستهزء بشكيب ومدام زغلامي الي محترمينو اكن الشء مما اتاه لا يستغرب
maaaaset ...
mamstou, fech y9oul brabi ma fhemt chay messa5afa mte3ou, essaber w barrah
مسلسل اولاد مفيدة غير اخلاقي
Chalkka
قول قرد بالشعر الا عندو مخيبهم و مخيب قنتهم
Madhroub fi rouhou barrrchaaaa
Mastiiiiin sna 3allekher mouch Ki 3amnewil khiiir maydhahkouch jimlaa en plus makhibou barhim fi new look
Metkabrrra barcha
والله عيب تكسير كلام ربي كي إنتي لا عمرك حليت كتاب قرآن ماو أسكت لا و الفضيحة سي لطفي العماري و الجمهور لكل يسقفو على أساس قراها بالصحيح
ta7an kbir yakreh el eSlem
nakrho
بفففففففففففففففففففففففففففففف ملا تلافز توة هذا عبد؟؟؟
ماااااااااااااسط و ناقص غلوة
لا يليق بهذا البرنامج لا هو لا قارة
عيب و الله
tfouh ya klab el baji
3al 7iiiit mariem
اشبيه يقول خدم معايا بصراحة ياسر ماسط تسمع كان خدمت و خدمت _x000D_
hetha lezmou ja2izet nobel lel msata wlh yest7a9ha
masta lastamasta lastamasta lastamasta lastamasta lastamasta lastamasta lastamasta lastamasta lastamasta lastamasta lastamasta lastamasta lastamasta lastamasta lastamasta lastamasta lastamasta lastamasta lastamasta lastamasta lastamasta lastamasta lastamasta lastamasta lastamasta lastamasta lastamasta lastamasta lastamasta lastamasta lastamasta lastamasta lastamasta lastamasta lastamasta lastamasta lastamasta lastamasta lastamasta lastamasta lastamasta lastamasta lastamasta lastamasta lastamasta lastamasta lastamasta lastamasta lastamasta lastamasta lastamasta lastamasta lastamasta lastamasta lastamasta lastamasta lastamasta lastamasta lastamasta lastamasta lastamasta lastamasta lastamasta lastamasta lastamasta lastamasta lastamasta lastamasta lastamasta lastamasta lastamasta lastamasta lastamasta lastamasta lastamasta lastamasta lasta
Kalb ekbire o la7as el sido el chi5 o ebrabi ya ejma3at elhiwar el tounsie ma3adech edjiboulna nass houma erhabiyine ye7kiyo 3al erhab kounech edi belnesba likom elli 3amlo tafjirat soussa ma homchi erhabiyine o kima 9alo el ta7an i3ich a7yato ebkolha ta7ane
Ta7an 1000%
دور تاعها ماسط برشة
Mala gerd
Lemmasse5 ettahhane hacha 5li9et errahmen
tfouhhhhhhh 3la ha rahet natenn la7asss ta7annn mch rajell w ya 5ouya chakib enta elghalet tna9ech fi ensan lebhimm motrabii 5irr mnhom.
maset laset maya3rafch ya7kiiii jemla
ياسر مرخوفة ومتصنعة بلاهي نصيحة لبنات الجيل الجديد  اتحزقو في الكلام يزيو متمعجين
S7e9 w l7e9
كارثة برسمي ،شكون نقيب الفنانين_x000D_
Kaaaaq3ba leeeeee maaaast 3alo5or l sitcom
S7i7 najla mjet chay w enta ya mokded amset mel msata wlh effffff rak mast lasset wenti rassik haya emchi m3aya lol :-P maset ched darek w ridh
بربي بية زردي نقص من التزعبين و الترهدين ممسطك و مرزنك عزوزة قداش تتصنع و تتمعجن و هيا أكبر وحدة في بلاتو ...
Mamstou
اللكزة
حشا خليقت الرحمان  ملا مقداد السهيلي جرثوما فتاك
لله لا يكون فيكم يا خماج
ماسط حتى مع الكوكة ما يتهضمش  !!!!!!! مازال كان البهيم ما غناش
7ata kana tmathel mouch metrabia wzid romdhan ya dini mela 7ela fina pfffffffffffffffffffffff
لعنة الله عليكم
أنا لا أحب وليد التونسي كفنان
نهضاوي منافق
مزاودي مضروب في روحو
هههه ارخس منها مارتش عيني
مااااااسط لاسط و قدييييييييم برشاااااا
El chib w el 3iib tfouh 3lih
Maset laset
Mamestoo
9ilet tarbya wmaaaaset ken jina nadha7kou 3la lmanader rak awel we7id yada7kou 3lih 7acha 5li9et erra7men
نجلاء.زازا.منال عمارة.كافون.مقداد السهيلي.كريم شعيب...طيحو قيمة الفن كامل النذالة و الانحطاط
اكثر من كرثا في بلاد هذكا نادرة والله نكرهك
ملا مرقة متع عقد ....هههههههه وانا الي ضحكني قالك ايران ورا ايقافي وبعد خافو سيبوني عيشو صدام حسين:-P:-P;-)
Tfoooooooh  3lik
الله لا تربحك يا آمين قارة ما لقيت ما تعدي وفات المواضيع مثال:كيف نهيء التلميذ نفسانيا للإمتحان؟ ...  ........ مهزلة يا ناري على تونس 😢
9illet torbiya pas plus
maset w 3omrou ma iji animateur . w arja3 lestar
Masit lasit
ماسط ياسر وفارغ وموش متربي وزيد دعوة. موش بلاصتو كلام الناس حالة حليلة
مصالحة ماذا أيها الأبله
سخخخخخخيف   جدا جدا جدااااا.......
Offfffffff hram 3likom kasarli kraymi mamestou
برشا قلة حيا و قلة تربية😞😞😞😞😞😞😞
tafahet
بالله برا روح راك عملت الريحة كان جا فيك الخير راك ماكش مادهم في التلفزة   ما دخلوها في حيط كان ها المارك وجوه اللوح
Massta intii wnawfel limsatek
Nsibti fsed milli mathlete fih wajiha w ma3ad yetfarej fih 7ad yeser masta lasta
عاهرة  وبطرون
MASET WE TAFAH
Maaasta
الله يهلكهم
barcha bleda faha mosalsel
برشا فساد قلو حب
Sade9ny tafeh w madchich 7ata gram merjoulia tfiiiih 3lik w3la lirabbak y'a farekh
mamergou uuuuuuuuuuuuh 3melli jayer
طحااااااانننننننن
Blech bih mosalsel maset laset
yekhi ahna fi tounes!!!!! ma3adch hechma fi hal bled med wejhou la hechma w masa7 ro93tou!!!!
ta7on
Maaaaaaaaaaset
5ommeeeeeeeeeeeeeeeeeej lkolhom
تفيه اند تفوه عالمناظر المقلبة _x000D_
ماسط لاسط  فارينة
نقيب الفنانين._x000D_",0,Tunisia
2247,Chlaka,0,Algeria
2248,شاااارف ...خااارف,0,Yemen
2249,Mamstou w lé hadhmtou,0,Morocco
2250,"3maltou erri7a ufffffff""",0,Tunisia
2251,مخيبو مخيب وجهو هالاحول,0,Lebanon
2252,ماسط ياسر,0,Tunisia
2253,MALA 3obitha,0,Lebanon
2254,Faday7,0,Egypt
2255,Ya fartasse Enti 3ar 3ala El fan,0,Tunisia
2256,tefhin barch,0,Tunisia
2257,قناة الوسخ,0,Tunisia
2258,masta brabi ken zet chwayia fel fente wallah ma tehchem ikeb saadou liberalisme,0,Iraq
2259,قناة الفساد,0,Algeria
2260,ya si   Lotfi   mey charfnech   hdhourik  behdha hel  massa5,0,Saudi Arabia
2261,ماتعرفش اتمثل ماسطة,0,Tunisia
2262,"برنامجكم يستضيف كان الوجوه النكرة والقذرة ولن تفيدو تونس وشعبها باي شي!"" السلام عليكم تونس..",0,Libya
2263,من الوجوه التي تبيض الارهاب,0,Oman
2264,maset laset,0,Modern Standard Arabic
2265,itfoooooooooooooooooooh mala 9a7ba 3ahra,0,Syria
2266,كعورررررر...واعطى للاعورررر,0,Morocco
2267,التمثيل فاشل و في الكلام فاشل و الحوارات فاشل و في كل شيء فاشل,0,Egypt
2268,Mala msata wtafhat wmasgrha,0,Morocco
2269,Mela fdhaey7  bleeed 9a7ba,0,Syria
2270,مقل تربيتك,0,Sudan
2271,موش. مربي.  و بهيم.,0,Tunisia
2272,masset  lasset,0,Morocco
2273,مع الأسف لم يضحك أحد  في ذلك اليوم على خاترو مهوش ظامر حتى طرف,0,Modern Standard Arabic
2274,ماااسط و فخفاخ,0,Lebanon
2275,ممسطو ومركو ملا منطق,0,Tunisia
2276,Maaasit laaasit,0,Morocco
2277,Barcha 5maaaj mouch barcha hob,0,Syria
2278,خسارة تونس اش تهز،ممسطك,0,Syria
2279,bal3ouut,0,Morocco
2280,يا اعلام العار جبتو لتونس العار يا اعلام العار,0,Libya
2281,"لطفي أضمر واحد الباقي لكل ماسطين
رمز ساقط كبير
echaab tounsi mezel jehel mel 3ahd el bay
مغرورة برشا
mala gerda
انعبوكم و بو الفهري معاكم ،، قناة الوبنة و الطحين
mes5aaaaaaaa kalbaaaaaaa
ما تحشموش و ما عندك مش ذرة أخلاق كان العراء و قلة الحياء ...حسبي الله و نعم الوكيل فيكم
مزبلة مصرجلبت لنا العار
عجوز شمطاء
حماااار
gou3er chtar touness tkrhou
شلاكة وايزد امسخة هاذي ثعلب من ااثعالب الكبار.  يلعن بو الحرية
Maset baarrrrrrrcha
ﺗﻔﻮﻩ ﺃﻟﻒ ﻣﺮﺓ ﻋﻠﻴﻚ ﻳﺎ ﺣﺜﺎﻟﺔ_x000D_
فاسق عملتو العار بالهلموضوع
الحق القناة فزدت
مخببو طفل ومقبحو حافظ درسو لسانو يدور بعنقو
Tahan
مستواكم مستوى حمام نساء  و زطلة و شراب و مثلية جنسية و كفر ، لعنة الله عليكم يا كلاب النار   يا حيوانات ، و الله الحيوانات اشرف من جد بوكم
tfouhhh
Ma3jebnich yeser yinbez
mastaa o3ajbitha rwuhitha tishab roha semha hhh masa5fitnich bil3akis golt mahlaha fiha
Raw 5ra 5ra w amsat menou maritech
معجبنيش وثقيل برشا
Sa5iiiiiifa
مرا متحشمش
Marzen mleyektou
الشيب و العيب ، مفكر ماذا ايها ...
جراذ...جراذ ....
tfouh 3lik ye mou3a9 yeli meta7yech  nsa tesma3 ema zeyed omok tiiiiiiiiiiiiiiiiiiiit  w
Mareznouuuu ech nakerhou
العيب مش فيه هو. العيب في امين و القناة و فيا انا و الناس الي تتفرج فيه. يعني تونس ناقصها هذوما باش يلنوها. ان لله و ان اليه راجعون
9ahba
ما سط مفيه مايتفرج تهريج ومضيعت وقت
Ya chlaka mamesstek ya gamit ya m3a9id ya jabri ya ......MDR
ممسطك يا الفهري و ممسطت مسلسلاتك تافهين لا موضوع و لا حكاية
ماكش راجل والله و تقعد طول عمرك بهيم",0,Tunisia
2282,أرجوك يا أخي العزيز مقداد، راجع روحك و شوف السبب علاش الي وليت مكرز و ما فماش ما امسط منك.,0,Tunisia
2283,غالط في روحوا برشاااااااااا,0,Tunisia
2284,tfih 3lik ya mal.............................,0,Tunisia
2285,maaaaaaset laaaaaset ken jebou labes 5ir,0,Morocco
2286,صدقني ماسط و اسطك منه مثاماش.اقزززز.عامل روحااا صاحب جووو.هذه مستويات.ي,0,Tunisia
2287,ربي يهلكهم و يطلع في صغارهم الكلاب وانت يا سند (الاب)ربي يعطيك الصبر و انشاءالله لاباس,0,Tunisia
2288,Alkalb fehom houwa rachd maset laset maji chay,0,Saudi Arabia
2289,اعلام العار بامتياز,0,Jordan
2290,Ma5ybou manahdhmouch jiiiimla,0,Syria
2291,pfffffffffffffffffffffffffff maaaaaaaaaaaaaaaaaaassssssssssssssta ken ichouf gherek blastek fi manouba,0,Syria
2292,من هذا الأبله :o,0,Yemen
2293,امااااااان شكون العريانة اللي يغني معاها هاذيكا ؟ خييييييييت ماشي ف بالو يكتب غناء باهي ؟ ولا صوتو باهي ؟ و هو نهار كامل معلق خمسة ف رقبتو ؟ ع شنوه باش نحسدوه ؟  ع الريق الماسط اللي يغني فيه ؟ قالو مكنتني شهيقة و انا مش مريgل بفففففففف تافه,0,Tunisia
2294,ههههه_x000D_,0,Yemen
2295,bhim barcha chakib hetha .....,0,Morocco
2296,ماسط لاسط عاهرةةةةةةةةةةةةةةة,0,Tunisia
2297,9affef ennahtha,0,Morocco
2298,Machra9ch 3liha edawr,0,Lebanon
2299,ﻋﻠﻴﻚ ﻳﺎ ﻣﺎﻛﺶ ﺭﺍﺟﻞ ﺷﻬﺮ ﻋﺒﺎﺩﺓ ﻋﺎﻣﻞ ﺑﻴﻪ ﻫﻜﻪ_x000D_,0,Tunisia
2300,تي المجتمع التونسي بكلوا كوارث و فساد زادا كملوا عليه القنوات الشيطانية مع العلم أنو رمضان من أفضل الشهور إلا أنو فما شياطين الإنس ما يجيهم النوم إلا ما يفسدوا خلق الله، و كلمة لسامي الفهري كل ذنب يرتكبوا كل إنسان عندك مثلوا و أكثر.,0,Tunisia
2301,"يلعن بوك و بو صلعتك _x000D_
Mekeche metrobi
Tefja3 :o
والله امفسخها يا لحاس يا واطي يا مثلي يا كلب ليك يوم قريب واتهج منها يا ديك احنا رجال بي وعدنا وكلمتنا احرار لا ارخاص نجرو علي شهوتنا نحن اهلها نحن من يتبولون عليك
برنامجْ  تــــــــافه و ضيوف تافهينْ و مواضيع تافهة لا تشغل ألتونسيينْ في خبزهم أليومي  في غلاء ألمعيشة و فشل ألحكومة و أنشقاق ألحزب ألحاكمْ و سقوط ألدينارْ ألتونسي و تفشّي ضاهرة ألرشوة و ...و....و....كـــــلام نــــاسْ فـــارغـــة تعـــدِّي في وقــــيِّـــتْ على ألتــــوانسة...و يزِّي من كـــذبة أّل قاةْ و أنجحْ قناة ...إلّا في ألفسادْ و ألقباحة و قلّة ألحياءْ و ألميوعـــة .
برشا وبنة  :p  :3
تفوه عليك وعليها
Bessel yesser w masset !!!! Pfff
Bellah la3ad yjibouha baya yaaaaaser maaasta 7al9a kamla wheya t3arri fi aktafha w5ayti mak labes mahou 9bal matelbes 9iiiiiiis
اكيد باش تقرى الكومنتارات بعد البرنامج ، نقلها راك نكرة و تافهة و دخلت دخلة غالطة طحت قبل ما تقوم
والله مشيتونا في الرجلين وعطيتوا علينا فكرة تافهة للناس وولاو يقولوا التوانسة الكل فطارين رمضان ومتع دعارة من الهم الي تعديو فيه في برامجكم حسيبكم ربي
اكبر طحان بوجين في تونس
ههههههه جبان و معندوش موقف ثابت و كان جا في طرف نخوه و رجله راه ما يعتذرش و ما يقعدشً ابرر  !!!!!؟؟؟؟ههههههه في كلمه انتي منافق
والله ما امسط من نجلاء كان انت والفن تكب سعدا من نهار لشدية انت نقيب الفنانين برا شوف خدمة اخرى خيرلك انت عملت عار وريحة اكثر من نجلاء ....ياسيدي شيخ .....تحكي على الفن شنوا مستواك انت تي انت ونجلاء كيف كيف انت م .. وهيا ق... ورجال ميتحقرش يابهيم موش ندافع على الدالاجي اما حسب من شوف خير منك وعطى في ميدان متعوا خير منك .....مرخصك حاصيلوا .........يا مسخ تفوه عليك وعلى قدرك كان عندك فدر ............
7lowa
يا زباله
Masta lasta
ملا منطق يحكي بيه و ملا مستوى منحط لكن هذا موش غريب على هالسنبل هذا
تافه بالقوي
y3ayf
تفوووووووووووه
عيب عليك حل مشاكلكم مع بعضكم واش دخل أمك وامه
أمسط منو مفماش و شنية مشكلتو مع النهضة ملا  رجعي
7echa 5li9t arra7man
Masta :-P
تبا لهم منافقين
Chitane
تافه بالقوي
Tfouhhhhh
الشويات الي عملهم القاضي ماشي فيبالوا بش يعمل buzz يسخايب روحوا في عهد بن علي،  يا معلم فما ثورة صارت و ما ربحنا منها كان الحرية و اكثر من هكاكا ديما ماد وجهوا في البلاتوات،  برا اخدم على روحك عملت الريحة ومساطت،  حكاية التعذيب في القرجاني تقول يحكي على كل  غوانتانامو و ابو غريب تي الارهابي مشاولوا وزاروه النواب وحقوق الانسان جوا باهي خبشا لا،،،،،،،،،  يا رحموني شوف كاسات اخرى
بربي مقداد السهيلي معاش تجيبوه راهو ماااااااسط :3
صدقوني البارح طلعلي الدم والسكر كي سمعت النقاش على موضوع ميتحكاش جملا يا وخياني رانا مسلمين راهو ربي نهانا على هالشي هذا رو حراااااام  يحرم جلدو هالمنظر جاي يدافع ويحكي بكل وقاحة ملا مستوى وصلنالو في هالبلاد ولينا نعاندو في الڤورا حتى في الحرام الي نهانا عليه ربي وحرمو
ووه مامسطك ياتوفيق ياغربي.بالله اتفرج في الاعادة وشوف اكا التهريج الي عملتو.ياولدي السماح فيها الثقافة الي تمثلها انت.في الاخير نقلك الحق موش فيك امافي اللي جابك للبلاتو يامهرج. والله حتي كلمة مهرج خسارة فيك.
mabladkom mn7bch fih rahou
Samir echbik mouch motrobbi .t9os 3la les invités elklém. I7chim 3la rou7k
في قلوبهم مرض فزدناهم مرض
ما حبوش يفهموا الي هالخامج شكيب تافه ملايكتو رزينة ما يجي شئ
قحبة
Ya hanen rak masta winti lbaja3a l9abi7a
تافه
عنصر مشاغب لا يليق بالبرنامج
منافق  -_-
مهزلة العصر الاسود
Maset maset maaaaaaaaset 3a le5er
قلة حياء و قلة تربية و عمري ما ريت وقاحة لهدرجة هاذي لا عاد حشمة لا أخلاق لا دين و لا ملة العيب في القناة اللي ستقبلتهم ناس كيف هكة معندهم الحق حتي بش يعيشو في تونس يعمبو المناضر لمڨلبة عملتولنا العار
Maaaaaaàaàaaaaaaaaaaaaaaasseeeeeeeeeeeeeeeet
TA77AN MTE3 ENNAHDHA µ
mas9atha
Pffffffffffff
فاسده شكونك انت يا قليله الحياء باش تحكي علي الدين بري لم روحك خيرلك
بربي ﻻ عاد تجيبولنا الوجوه هذي الشعب يولي يجرش ويحك في راسو منهم ومن كذبهم
Mamstouuuuuuuuuu
ملا خلايق امسط برنامج في التلفزة
rak masset rak lasset rak aenten mel kalasset wooooooooooooooooooooh
Masta yeser
اعلام العار
مريض ربي يشفيه . التجمع والرجلة ما يتقابلوش يا قواد يا مسخ
ملا منافق هالزنديق نسا روحو كيفاش كان بقبوق
هههههه كاارثة و بردلي قلبي في هكا القرد كاايفون هههه قال لطفي
كلمات تافهة من عبد أتفه .. لا خلق لا خليقة لا باب لا سويقة... يعطيه دا على لونها الأزرق يزيد يزرقوا...
تو بربي هذا شكل جايبينو !!! ملا منيك ممسطو و مخيب شكلو و مثقل عصو اللطف يا ربي
يدافع على الثقافة وهو ماهو مثقف
ياسر يتمقعر على لعباد
كلب ساقط
اتفه بشر شفتو. بش يقاصي في حياتو برشة نطلبلو من ربي يتوب عليه و يبدللو تفكيرو
سارق اغنية قلبي معدب .اغنية ليوسف العماني. يا ريت تعمل اغنية ليك مش تسرق
قحب
حاقدة على الإسلاميين
A33333333 mamstou
mamset'ha  akel ma5lou9a pfff
Wooh masit lasit
قناة الحمار التونسي
مستويات منحطة
الشيب ول عيب
قمة عار انوا ناقشوا في موضوع محرم في دين اسلامي نهى عليه القران والله شي اسف
Tfouuuh
5aref hh
Bliiiiid
Mella lokza 😅
ملا مخلوق قداش نكرهو اوووووه
الطاهر بن حسين كلب معروف لكن اللي استدعاه نياك اكثر منو ..
Ma5our
5iiir maka 9lil el torbia #nawfel
masta lasta.
كلاب سامي الفهري في التلفزة وفي الانترنت. الحسوه........
E7tarem chibtek 3zouza  3amla l'3ar 5iiit
كذابه و سفيهه شاحطه وجها لين قالت يزي مناظر مقلبه
وجه الڤرده أحلل في السياسه -_- !! :poop:
mehich metrobya :)
انتهازي
شيب و لعيب كان توب الا ربي خيرلك
Pffff mela Mwabna mamsethoum
تفوه عليها مسخة ويقولو كيفاش يقولو عليهم كفار اينعم كفار كفار وبلاد خامجة وفاسدة بلاد العهر واللواط ربي في الوجود اللهم زلزلها تحت أقدامهم
Tfouh  alikom
Pfffffff ya 9atous manel hhhhhh
masset lasset
pffffff chakib yaser y7eb elmachakel
تحمص علخر و ماهياش ضامرة حتى طرف
Nahdhawi kalb
كلاب تلاويح
el chib wel 3ib !
Peeeef mmstou nahdaoui  ya hassra 3la maya
توفيق الغربي  مجرد مهرج لا يقبل الاختلاف في الرأي منحط اخلاقيا هو اش عمل باش تجيبوه لبرنامج تلفزي هو هز رقاصة دخلها للحبس يتفرجوا فيها المساجين يعني بلوغتنا بطرون توا هذا يستحق يتعدى في التلفزة
تفووووووو عليك يا خالد شوكات يا منافق انت و لطفي يا كلاب خسارة ما فماش شكون خرجلكم عنيكم خاطر شكيب تنجمو تغلبوه يا منافقين بن علي توا ول زعيم يا تافهين في بالكم منعرفوش اللي قبل البرنامج تتفاهمو بش تغطيو على  بعضكم
نشالله كل عام وانت طحان يا طاحون
tawa hedha 3abed ijibou fih ti masa5 diam lebar el bar
أعلام العار زايد الي فيه طب  عمرها ما ونخبة تفوه
اما بية مسكينة جات تقلد في الطاووس ضيعت كل شيء وقعدت تقطع في حوائجها
Tfouh 3lik walid nahdi mala 7outhela
Raciste w mounafa9
ممسطها وماركها
كان جات عندو همة راهو انسحب بعد سماع الصوت الشجي لحمزة الفضلاوي، شتان بين الثرى و الثريا!!!!
mas9tha wallah
ما مسطو كرهنا من وجو ديما تجيبو  فيه
ملايكتو رزينة
Tefeh 3alle5er w niveau 0 w mehouch metrobbi en plus
Maset laset :(
اسءلة تافهة جدددددددددا
هذي انسانة فاشلة نجحت بالفساد لتعمل فيه ربي يهدي
3leh elktheb
Ouh lotfi w maram pfffffff
ولاد الهجالة موش مفيدة !!
ماسط ماسط ماسط ماسط مااااااااااااااااااااااسط أكبر ممثل فاشل في تونس
قولولوا يزى من النفاق",0,Tunisia
2302,Maset laset kn tbadlouh 5ir,0,Morocco
2303,تراباوووو و معادش تعديو تصاور العرا و القرا و قلة الحيا و تستفز بسؤلاتك متع البلادة و الركاكة و البهامة و التسطيكا البقري يا امين قارة يا راس اللحم و تحكيو على الحترام هبطت عليكم التربية تستاهلو مصاب قاللكم اكثر من هكا باش تعرفو شتعديو في التلفزة,0,Tunisia
2304,قناتكم عملت الريحة,0,Tunisia
2305,Marzneek ya lokzaaa !!!,0,Tunisia
2306,Mouselsel tafehh kifek ya samiii,0,Morocco
2307,mamseto el 9a7ba.,0,Egypt
2308,قرده 🤓🤓🤓,0,Libya
2309,يكب سعدوا إنشالله يهلكوا ربي تو هاكا راجل تييييييي قمت العار جاااب العار لتونس,0,Tunisia
2310,Nékrahaaaaaaaaa,0,Morocco
2311,إنسان حقود مسخ منحط سافل ساقط ماسط تافه نعن زك أمو القحبة,0,Tunisia
2312,نور شيبة برّا وهف يهزّك و يلمّك...جبالك الرّواسي ولا عبدك الثقيل...لتوّا ما فقتش بروحك لا تتاكل ولا تتشرب..؟؟؟,0,Tunisia
2313,هذا حيوان وليس انسان حتى الشهادة ماشهدش .,0,Tunisia
2314,مريض ربي يشفيه . التجمع والرجلة ما يتقابلوش يا قواد يا مسخ,0,Libya
2315,اكب سعدك ممصتك اوووووه يا كذاب يا سفيه ملا كوارث والله,0,Tunisia
2316,Ya5ouya mamstouuuuu,0,Tunisia
2317,ملا عملة عملتها,0,Tunisia
2318,مية الكسوري كرهتني في البرنامج قبل ما تتكلم نعرفها آش باش تقول . ليس لها مهنية صحفية ... دائما تميل لجهة واحدة ... مثال الإعلامي المتخلف... شنيا خدمتها الحقيقية؟ أكيد كانت فاشلة,0,Tunisia
2319,Masit,0,Sudan
2320,يدعي النضال و هو اكبر منافق .. عدا سنين يضرب في الأورو في أوروبا و كي تحركت الرجال و نحت بن علي الكلب ركب عالأحداث و رجع يتبكى بدعوى المنفى ..,0,Tunisia
2321,انسان تافه و مهرج ﻻ عﻻقة له ﻻ بالفن و ﻻ الاخﻻق...متخلف و كغى,0,Saudi Arabia
2322,الحق موش فهالخامجة النكرة الحق في جايبها ومدخلها لبيوت الناس ياخي ماعندهمش عايﻻت وصغيرات يخافوا علهم من هالمارك الفاسدة على زوز فرنك يبيعوا أرواحهم وبﻻدهم عار عليك ايتها الحبيبة تونس هؤﻻء اﻷشكال المقيتة,0,Tunisia
2323,3amalto eri7a rakom yesser fdhaye7 allah la trabe7kom,0,Syria
2324,ياسمير برنامجك فقد الصلوحية بطرية اوفات وسمير ولا وافي الانك بكل موضوعية سقطت في الردائة,0,Tunisia
2325,قداااااااش ماسط ططططط متع الوزير في القهوة     تكب سعدها تونس,0,Tunisia
2326,bal3out ya9wa 3lih rabi,0,Syria
2327,Mas9tha touz fik,0,Algeria
2328,Maaaaaaaaaaaaseeeeeeeet b 9ilet torbitou tajem tdha7ek la3bed b torbia,0,Tunisia
2329,حاجة واحدة مفهمتهاش علاش تجيبو فيه في البرامج التلفزية واحد ماسط لاسط  قعر موش متربي  ميجيش ربع  فنان,0,Tunisia
2330,Blid blid! Rkik!,0,Tunisia
2331,"إذا إنعدمت الأخلاق والقيم فمرحبا بك في تونس ، أين يمكث المثقفون الزائفون(""الطاهر بن حسين""...) و أشباه الممثلين(""رأفة عيادي""...) والإعلام المنحاز(""قناة الحوار التونسي""...) دورهم تبييض وإحداث ضجة وزرع الفوضى والدفاع عن مسائل تتعارض مع القيم الإسلامية(ما يسمى ب""المثلية الجنسية"") التي بدورها هي قيم كونية ، فإلى أين بهكذا توجّهات و مقاربات و برامج ؟؟؟من يتصدّى لهذه المسرحيات سيئة الإخراج والإنتاج ؟؟؟ أختم بقول الله سبحانه : "" إِنَّ الَّذِينَ يُحِبُّونَ أَن تَشِيعَ الْفَاحِشَةُ فِي الَّذِينَ آمَنُوا لَهُمْ عَذَابٌ أَلِيمٌ فِي الدُّنْيَا وَالْآخِرَةِ ۚ وَاللَّهُ يَعْلَمُ وَأَنتُمْ لَا تَعْلَمُونَ"" سورة النور الآية 19",0,Modern Standard Arabic
2332,alah yehlekhom elkeleb,0,Syria
2333,لا يليق بابرنامج و لا يستطيع ان يكون صحفي السيد نهظاوي,0,Algeria
2334,لحاس في وقت بن علي و ستبقي عمرك كولو لحاس,0,Tunisia
2335,Ya 5ouya sa3at mamistik dima tinbiz feha,0,Tunisia
2336,Yeeeesser... Mastin.,0,Lebanon
2337,ما تحشمش لعنة الله عليكم,0,Tunisia
2338,باسل يسر,0,Tunisia
2339,Taw hedha mante9 !! Kathroulha,0,Lebanon
2340,إنسان معقد وما عندوش اخلاق,0,Tunisia
2341,Tfo t77ana,0,Morocco
2342,Masta,0,Lebanon
2343,آمين قارة راك مااااااااسط برشة. . . تتضومر وتهرجet sur tous  تتفورخ. . . ما زلت بعيد على مستوى منشط,0,Tunisia
2344,tfouh 3lik w3lehm la mlla lakta 7ot bentek lmarra ejaya fi blasetha,0,Tunisia
2345,تافه وماسط  وبليد ويقزز  وساقط و واطي وتفوه عليه,0,Tunisia
2346,تضحكو عليه وانسيتو الي الطحين في دمو ودم الالاف كيفو هوما يدرعو الخواطر مخيب ماركتو,0,Tunisia
2347,حسبي الله و نعم الوكيل فيك يا سامي الفهري,0,Libya
2348,fas9a  la3natt allah 3lik,0,Tunisia
2349,موضوع فارغ لا يستحق الإهتمام هناك العديد المشاكل الإقتصادية و الإجتماعية  في بلادنا تستحق الحديث عليها و معالجتها,0,Modern Standard Arabic
2350,Ma5yebhaa walit mechya we tesman :p,0,Morocco
2351,pfffff ma5yebha za7,0,Egypt
2352,بصراحة #نلوم على امين كيفاش جايبوا للبرنامج برجولية #ممسطو ..شكون موافقني يعمل جام خليه يفيق على روحوا هالمصباح ...بففففف,0,Tunisia
2353,حتى كان عيب تفوووه علاها جت تو والت تعطي في رايها على الاندلسي تي سيدك هذاك ان شاء الله اول ظهور لها و اخر ظهور و رانا مسلمين و مستحيل كان تلقى شكون جاي معاك كان الي كيفك,0,Tunisia
2354,7acha esmik msaminik taher wenti 5amij,0,Tunisia
2355,ملا سلعة لا أخلاق و لا تربية و لا منظر,0,Tunisia
2356,Ya3tek klab bech ma n9oulech 7aja o5ra lik w lihom,0,Iraq
2357,WWwwhhh ma5ybou,0,Syria
2358,Maaaaset 5iiiiih,0,Morocco
2359,Na7iwhhh,0,Yemen
2360,me houch fanen,0,Jordan
2361,bon ena wa7ed mi nes tounsia chenfassa5ha madem jeha najm lcomidia lmassta marzen rahtou,0,Morocco
2362,Mamstek e mabldek mocjh metrobi,0,Lebanon
2363,Mala kalib,0,Modern Standard Arabic
2364,من الناس الي قلبو الفيستا #الشيخ مورو,0,Libya
2365,مسلسل متع قلة حياء يغرسوا في اولادنا قلة التربية والدعارة والزناء ويقللي ثقافة الله يهلك هالثقافة ويلعن اللي يمثلوا فيه واللي يعرضوا فيه واللي مولوه,0,Qatar
2366,الناس تكبر تعقال..والاقحاب هذوما يكبرو يزيدو يخشوا الخلاء,0,Tunisia
2367,ما ينجمك حد في المصاطة برجولية,0,Tunisia
2368,امسط ممثل عرفه التاريخ,0,Iraq
2369,تحسو احول وماسط شوييييا,0,Libya
2370,رجل دين لكنو منافق و مراوغ ربي يهديه غلى علينا الخبزه,0,Tunisia
2371,mamstou :/,0,Syria
2372,شعب تافه,0,Palestine
2373,الشيب و لعيب,0,Tunisia
2374,hanen chograni 3awra 3awra 3awra,0,Tunisia
2375,Sa9ta,0,Morocco
2376,ماسط ماسط  ماسط,0,Tunisia
2377,بربي يا سمير يزينا من استضافة تجار الدين لان الدين لله  وصافي سعيد هذا  يزينا منه  جيبلنا المعطلين عن العمل  ان تتجراء افتح ملف المتمتعين بالعفو التشريعي العام وانتدابهم في الوظيفة العمومية  ان تجرات,0,Tunisia
2378,mmeeeeereg,0,Morocco
2379,Masta w lasta ki lmarzouki,0,Morocco
2380,Naf5a ro7ha,0,Algeria
2381,حطب جهنم يا تااافهة إلى الجحيم يا مسخة حسيبكم ربي إنت و المسخين لي كيفك,0,Libya
2382,Taw bellehi hadheya rappeur o_O,0,Yemen
2383,مالا شلايك خماج رهوط تعدو فيهم,0,Tunisia
2384,مستوى منحط ... جاهل متاع ...,0,Tunisia
2385,يعن بوك وبو بوك يا مسخ تفوووو عليكم وعلى امثالكم,0,Tunisia
2386,Mmmmmasta,0,Lebanon
2387,ممصطو ها الخياري,0,Iraq
2388,اقمار فى رمضان...ربى يهديكم,0,Egypt
2389,mamstou yebis barcha,0,Syria
2390,"تستدعاو في توفيق الغربي لواش ؟؟ 
الشيب و العيب
tfouh alikom kamcha bheyem
العيب موش فيك. العيب فالجابك للتلفزة
يا سمير راك طيرطلنا الكيف .. خلي الناس تكمل جملتهاااااااااا.. يا رسول الله خلي العباد تتكلم .. تجي في شطر الفكىة وتعطي سؤال تافه ماسط ... اصبر على الأقل حتى ليكمل ومباعد ناقشو وأعطي رايك واسال .. المهم اسكت شوى حتى ليكمل الضيف كلامو
Ensen mriiiiidh maset laset
Pfff msatet el 7al9a bmo9ded shilli mamstou
nahdhaoui w maset
Math9el jad weldih
Sa9ta ines 
جيناهاش تقوللهم التونسية تهز في الطحين لترويكا يقولك صهيوني و ماسوني و كافر
Mamsit wijha
برشا قلة أحياء حبة ليكم
mast last
97ab w mwabna w msaybin s8arhem yetfarjou m3ahom
Dega3di mamestek
klebbbbb
تفوووووووووووووو
ملا  تلوث
قسما بالله لا فرق بين ماخور عبد الله قش و قناة الحوار التونسي  ...دعارة و خمج و فساد و عاهرات و مخنثين ...سكروا علينا هالخمج متع جد بوكم الكلب
أكبر بلعوط و منافق
mleyketha yeser th9ila rahi debile
حللللللللللوفة
ألجبالي بصاص
mas9tou za7 :(
5iiiiit
نهضاوي قذر
Mojrom
9oul barcha fseed",0,Tunisia
2391,دورهااا مااااسط لمرا كانت كرياا ولت ملااكة بففف وهف هههههه سكرلها بدروش الشاهية كككك,0,Morocco
2392,maset laset majet chayyy rak manich 3aref kifah ydha7ek fel 3bed !!!!,0,Saudi Arabia
2393,يكب سعدك وسعد الي جابك,0,Tunisia
2394,ميقنعش. المشاهد نتمنى. يخرجوه من. البرنامج,0,Tunisia
2395,Bsara7a maya3jebnich lé howa lé ghnayatou,0,Morocco
2396,مل منظر,0,Tunisia
2397,كمشة همل,0,Tunisia
2398,ماسط لسط,0,Tunisia
2399,Tfadlik maset masetttttttt mala 7ala,0,Algeria
2400,حلقة اليلة ماسطة,0,Tunisia
2401,هي و شنوه المشكل علاش تقلنا احنا هههههههه ملا تفاهة,0,Tunisia
2402,maset,0,Tunisia
2403,Tfouuuuh,0,Algeria
2404,Mala mostawa wssolnelou fe télé :/ 5it chay y7achem,0,Morocco
2405,برنامج تافه و كلها تعفط و تكذب عشعب و أسلوب رديء فلحوار...,0,Tunisia
2406,امسط انسان في العالم,0,Yemen
2407,ما ثماش ما اسخف منو,0,Tunisia
2408,Nakrhou 5iit maset yarah f chkara,0,Tunisia
2409,لعنة الله عليكم وتزيدو تشهرو بيه هالمسلسل الخشين والله ما يمثلو فيه كان أولاد الحرام انشاء الله ربي يهلكم في هالشهر الفضيل وزيد على هذا ما يتفرج في هالمسلسل متاعكم كان المسخ إلي كيفكم,0,Tunisia
2410,إن شاء الله تنقسوا شويا من قلة الحياء,0,Algeria
2411,حسبي الله ونعم الوكيل فيكم إعلام عار,0,Tunisia
2412,برا مخيبك اندادك شادين الشطاير وانت نهار كامل توري في زنودك,0,Morocco
2413,brabi la3ad djibouhlna haka avocat makhlouf  hala bkol saraha,0,Morocco
2414,زيدو علمو الشباب الفساد,0,Iraq
2415,طول عماركم قفافين,0,Yemen
2416,memsetha m3jbetnech hhh,0,Tunisia
2417,موش بلاصتو,0,Tunisia
2418,تفرج وحدك في قناة الزبالة,0,Algeria
2419,9dech waliiit teeefeh ya sami,0,Morocco
2420,7asna ma3ejbetnich,0,Morocco
2421,نكرة و غالطة في روحها، برا استر روحك خيرلك,0,Libya
2422,malla lokza hhh,0,Tunisia
2423,maset laset w zid mase5 3o9dtou nahdha w 3andou mochkla m3a dine cheka fih mol7ed,0,Morocco
2424,mala tahana mouch rajil bled 9abi 9abi,0,Yemen
2425,ماكش متربيي مستوي منحت.,0,Tunisia
2426,أكبر خاسر في الحكاية هو المتفرج الي يضيع وقت مهم من عمرو باش يشوف مثل هذا الأحمق.,0,Algeria
2427,Mssat !,0,Lebanon
2428,Mala m5anfer,0,Lebanon
2429,بجاه ربي يا كلام الناس هاك مهدي الي جايبينو يعزف على البيانو راهو مصيبة وكعبة لا يرحم واليكم راهو كارثة واسألوا أهل الموسيقى يخبروكم,0,Algeria
2430,تافه و حثالة وعار على تونس وثقافتها,0,Algeria
2431,اتفه ممثل عندو ثﻻثة مسرحيات ردتوه ملك ههه نتخاطر مع أي شخص يتفرج في اعمالو التلفزيونية و يضحك من قلبو,0,Libya
2432,لا تفرجت في مكتوب ولا اولاد مفيدة  #قاطع و الرخ لا قناة الفساد  . رمضان شهر العبادة و انتوما وراكم لوبيات فساد تدعم في الفهري  . اليوم في جوهرة صحفية تدعو الاباء لعدم السماح لابناءهم بمشاهدة المسلسل خاطر  قلة الحياء و الحمد للله مازال فما شرفاء و مسلمين على قاعدة,0,Tunisia
2433,جبرون,0,Syria
2434,ماسيخ زايد تعيشو طول عمركم طحانة,0,Tunisia
2435,نكرهاااا لحااسة برشات,0,Tunisia
2436,Mamsettttouuuuuuuu,0,Algeria
2437,اعوذ بالله من غضب الله مخيبهاوممصطها,0,Morocco
2438,"يخلي داركم كان الطحين و النفاق مرة مع بورقيبة و مرة مع بن علي و تو مع قايد الناقة تو كيف إنت مريض خلي لعباد تدعيلك بالشفاء عﻵه تخليهم يسبوا فيك""",0,Tunisia
2439,Meskina 😢,0,Morocco
2440,حالتو متعبة اصل,0,Syria
2441,Masset lasset asslen houwa nahthawi maghchouch w mahouch metcharef baha just entihazi. Fi 7al9a elli fatet houwa 9al mayetba3ech  ennahdha mais fi les videos wa9et enti5abat houwa loul fi minassat ennahdha w ymajed faha. Bon oumourou ta3ba assel. W 5ssara ja fi blasset maya kssouri mra mettha9fa barcha 3liih,0,Tunisia
2442,شعب منافق كيف ماتجبش المشاهد الخايبة علاش تتفرجو حط طيور الجنة وشيخ معاهم,0,Tunisia
2443,Brabi ili ysebou wena m3ahom ti hana netfarjou zab 3lech et9ou7ib ti ena netfarej w nseb alah ghaleb snasa 5ayba hhhhh,0,Tunisia
2444,"malla mostawa si errahmouni tawa heda klem ""enti houa 9alil 7aye"" kelma hedi tet9al lwazir mahmé ken rahou femma 9dar w hibet dawla sama7ni challektouha el bled",0,Tunisia
2445,من ناحية ماسطة ماسطة.مستوى منحط هكا علاش عمرنا منقدموا!!!!,0,Tunisia
2446,Chab3a fsed w 5maj tfouhh,0,Syria
2447,Mala tafhat mamstha :p,0,Morocco
2448,واحد معدة يالطيف,0,Tunisia
2449,Masta lfaza,0,Lebanon
2450,مرزنك و مرزن ملايكتك 😠😠😠,0,Lebanon
2451,Raht......,0,Tunisia
2452,a5yeb 9annat tounsiyaaa  matmathelnicch,0,Lebanon
2453,Yaser masta 😣,0,Morocco
2454,مسلسل تافه و شعب اتفه,0,Sudan
2455,يا سي عبد الحميد عندنا سنين ما ريناكش يا خويا و نهارة إلي جابوك باش تندم القنوات الأخرى إلي كانو ناوين يجيبوك و يظهرلي باش تعاود تغيب علينا سنين,0,Tunisia
2456,ﻳﺤﺸﻢ ﻋﻠﻲ ﺭﻭﺣﻮ ﻋﺎﻳﻠﺔ ﻣﻠﻤﻮﻣﻚ ﻭﺍﻧﺘﻲ ﺗﻮﺭﻱ ﻛﺎﻥ_x000D_,0,Tunisia
2457,Ma5ybou w marzin damou pfff,0,Lebanon
2458,خييييت يجيب الردان,0,Lebanon
2459,أمسط وأعدم عباد ربّي,0,Tunisia
2460,hhhhh maset,0,Yemen
2461,maaaaaaaasta laaaaasta :/ ▬▬,0,Tunisia
2462,هذا الطحين بعينيه راهو هو مثلي,0,Algeria
2463,Maste barcha,0,Morocco
2464,ماسط لاسط,0,Tunisia
2465,مستوى منحط ... جاهل متاع ...,0,Tunisia
2466,البجعة ههههههه,0,Iraq
2467,"هههه كي تشوف وجهو تضحك و كي تسمع كلامو تندم ... راك ماسط.
AKBER TA7AN FIL 3ALEM
ﻭﻳﻌﺪﻱ ﻛﺎﻥ ﻓﻲ ﺍﻟﻔﺴﺎﺩ ﻳﺎ ﻓﺎﺳﺪ ﻭﺍﻟﻠﻪ ﻟﻌﻈﻴﻢ ﻻ_x000D_
مسلسل تافه تفاهة صاحب قناة الحمار التونسي مع المعذرة ورد خطأ في الحروف
جالغغغ برشاا
كارثه
امسط مالمساطة
Mala 9a7ba
mounafek mansad9ouch kif yasbag idou vert
Yecer maaaaaasta
Tjibou fih w t3awdou ye5i 7add ma 9alou rqhou masset w mouch metrobi
خامج  نتن
Mamsethom..
La9ta cv pas aal lekheer me 3ejbetnich !! :3 ??
La7asse
Mamsssssto rajel
تافه
كلب مل كلاب النقبة المثقبة في تونس
عملتو العار
خير ماكا الرمز نوفل
Malla 5inzira !!!!
Mass9etha
يا كلب
ghalbit  aliya  maya   el  kartha
MASAT..
Yaseer masiiit w tafeeh wzid yakeel fil nabeez w sakiiit (_x000D_",0,Tunisia
2468,Maaaaaaaaasssiiiiiiitttttt,0,Morocco
2469,"واصلوا في تهميش الفنانين الصحاح والمثقفين وجيبولنا الشلايك""",0,Iraq
2470,7cha 5li9ett rahmen sidek ja3four ya bhim ya msattek ya blidd,0,Iraq
2471,ya bayrammm yéssrrr massettt wallit,0,Morocco
2472,راك ماسط براشوف ما يصلح بيك,0,Algeria
2473,قالت ما نمثلش في 2 pièce وهي عريانة ملا رقعة.......,0,Tunisia
2474,توفيق الغربي ردىء ومبتذل,0,Oman
2475,زنديق,0,Yemen
2476,mala fthaye7,0,Tunisia
2477,8nek lkol klem tefeh ya tefeh mamstek w mabldek t,0,Syria
2478,El zouz ta7ana,0,Tunisia
2479,طحان,0,Iraq
2480,تفوه على ولديك لكلب انت و جمعيتك يا مسخين :poop:,0,Tunisia
2481,mouch blasto,0,Syria
2482,Jarbou3 kalb tfoooh,0,Syria
2483,يا خويا أمسط منك ما راتش عيني 😒😒,0,Tunisia
2484,ياسر يشري في الشبوك,0,Tunisia
2485,lehin ken bl l7keyt tefha mdr montalité aal 7iiiiiiiiiit,0,Tunisia
2486,vraiment hamzawi mahwach motrobi hata taref wallah,0,Tunisia
2487,Ma5yebha walet,0,Lebanon
2488,mala jehla,0,Morocco
2489,Mêla fdhay7 tfouh 3al 5omej fi chhar fdhil,0,Tunisia
2490,ماديه برشا برغم اللي هي خارج من وسط فقير لكنها ما ترحمش الزوالي وتحب تخدم كان لناس اللي عندها,0,Tunisia
2491,Ya m3alem na9es mel msata rak kathert,0,Tunisia
2492,Bsara7a dawra masettttt :/ :p mouch emwatiha,0,Morocco
2493,maya akid!!!! nekrahaaaaaaaa!!!,0,Tunisia
2494,مرزن ملايكتو.الشفاعة,0,Tunisia
2495,yesser masta ma jet chay !!!,0,Morocco
2496,ممصطهم الكل على بعضهم,0,Morocco
2497,ماسطة,0,Tunisia
2498,beleh beleh chay ihazen el9alb mela sa5afa chey i9azez,0,Tunisia
2499,Sekta,0,Syria
2500,maseeeeeettt,0,Lebanon
2501,kalb sohyouni,0,Tunisia
2502,ربي يهدي وفيقها بعيوبها هي وجميع اللي يعرو في صدورهم  عيب عيب عيب وخاصة للمرا المسلمة,0,Algeria
2503,mala kamcha zbel,0,Syria
2504,والله والله عيب تمررونا في فساد اخلاقي هلكتونا ضريتوا شبابنا بالفسق والفجور حسيبكم ربي العالي يا فجار,0,Tunisia
2505,أستغفر الله العظيم,0,Syria
2506,ملى تفاهات,0,Lebanon
2507,ماسط ماسط لاسط 💩💩💩💩💩,0,Tunisia
2508,Mal manther pfffff,0,Egypt
2509,Nkollik miskin oubarra  oumiskin lotfi  monfekh illijaibik bech  yikdim bik wibayith souret ben  Ali  mounefik,0,Iraq
2510,ماااسطين برشا مستوى ردييء يا اعلام العار,0,Tunisia
2511,قداش ممسطك و مرمزك,0,Libya
2512,maaaaaaaset tfouuuuuh,0,Morocco
2513,يوحد خمج اتفه اعلك,0,Iraq
2514,2/20 mokrozzzzzzz,0,Algeria
2515,_ ماسط و قفاف و لا يقبل الرأي الأخر دليل على أنوا شخصيتوا ضعيفة و في مخوا حاجة يحب يفسرها ما نجمش إلي هيا أنو يحب يقول راني طحان للنظام السابق هذي أمورك وو أنت حر فيها أما لازم ترتقي بمستواك شويا و تقبل الأسألة مش كي يسألك واحد تقلوا أنت نهضاوي ولا أنت راديكالي علاش هذا أقبل السؤال كشخص و يزيك بلا تفهات إلي تعمل فيها و التهريج متاع عمروا ما يضحك مهما تعمل و كان جيت تحب ترفه على المساجين عمرك ما تاخذ فلوس لكن أنت تحضر في مسرحية أخرى لكن ما لقيتش إمكانيات وليت عملت الحكاية باش الناس تعرف إلي انت قاعد تحضر في مسرحية في المستقبل,0,Tunisia
2516,بصراحة ممصتهم,0,Jordan
2517,أكبر فضيحة هو شيخ اما كان ينجم ينحوها لكلمة ولى يعملو تييييت اما لعيب فيكم كيف تحب تصنصرو تصنصرو وكيف متحبوش متحبوش عيبب عليكم,0,Tunisia
2518,الشيب والعيب.. وبئس المصير,0,Tunisia
2519,Baracha 9ilet 7yè mouch hob !!,0,Morocco
2520,rak maset ou monef9,0,Tunisia
2521,Lotfi Abdelli mouch kayennek kathart b tkoumik masset?,0,Tunisia
2522,منشط فاشل جدا راس اللحم خير منه,0,Egypt
2523,كلك فاسد مسخ يافار لحبس عبيثة نعن زبور أمك ياطحان ياولد قحبة,0,Tunisia
2524,تافه,0,Palestine
2525,ليلي الشابي تبث السموم والفساد وليست نموذج للام التونسية، مدام السيدة تحكي مع بنتها مالحزام واهبط.,0,Tunisia
2526,Mamstouuuu....maya3rafch ya7ki,0,Morocco
2527,طحان و مسخ,0,Tunisia
2528,yeeeeser maset laaaaaaset,0,Morocco
2529,تصنع  الدور واااضح من كريم الغربي مما أفرز نشاز ومساطة وبسالة وقلة خير....,0,Sudan
2530,tfoooooooooooooh,0,Syria
2531,عاهرة قحبة مسبوكة ملهط يراك كالمسكوكة لا حنة لا دربوكة يا وجه الترمة,0,Tunisia
2532,ماسطة ....,0,Tunisia
2533,كراكوز ياغربي,0,Yemen
2534,Mamsetha halokza,0,Lebanon
2535,Mamsteeeeeeeeeeeeek,0,Syria
2536,mamisstou mnin jebou h serih,0,Morocco
2537,rak maset rak laset w homani,0,Saudi Arabia
2538,حاشا خليقة الرحمان ..... الله لا يورينا وجه منكر,0,Tunisia
2539,"ﺣﺴﺒﻲ ﺍﻟﻠﻪ ﻭﻧﻌﻢ ﺍﻟﻮﻛﻴﻞ _x000D_
,ههههه اخا مش قلتو فسختوها قناة و قناة مخور و قناة دعاره الطف يا ربي شعب منافق الله يهدي
Rahou t7in bil 9otra
العيب موش فيك يا بو الحناك..العيب في الي عاملك قيمة و جايبك في البرنامج
ta77an
اشكال موبنة وقحاب درجة اولي
لعنة الله عليه هذيكا كلمة يقولها في المباشر ؟! اماا زايد الي مش متربي يقعد عمرو لكل هكاك
Tfouuuuuuuuuuuh 3ala hallemassa5
Yijbid fil amwat Mala 9ilit torbya wmoustawa mon7at
أعوذ بالله من الشيطان الرجيم،....
Kleb
عملوه تكركيرة ملة فضايح
كان ربيتها تربية اخري و سيبت عليك من تعليمها الفجر و الفسوق كان خير
raaak maset raaak laseeeet -_-
برشا قلة حياء
Kalb wsfih werhebi...
والله لا نعرف اش يحكي هالمسلسل.لكن حسب ما فهمت من هالاشهارات انو فمة ولد.غير.شرعي و لا حشمة ولا جعرة نهار كامل ناس تفركس شكون هو وولات الحكاية كيما هكا بسيطة انو يتناقشوها و يحكوها",0,Tunisia
2540,9anet ta7aaaana w ili fiha lkoll ta7ana !,0,Tunisia
2541,carakouze,0,Tunisia
2542,Maset maset. Maset maset. We howa LAN youdhif chey 7at lizibla ye zibla,0,Tunisia
2543,mar5sk rajl,0,Tunisia
2544,Maseeeeeet -______-,0,Egypt
2545,باااااااااااااااسل,0,Lebanon
2546,Tawfik gharbi mostawa  mon7at,0,Tunisia
2547,كريطة,0,Tunisia
2548,Mamstou mayji chay,0,Morocco
2549,Maset laset,0,Modern Standard Arabic
2550,زينة انتي وصمة عار على تونس,0,Libya
2551,kolkom emas5in,0,Yemen
2552,جبري بلفلس,0,Lebanon
2553,مسلسل معبي بالقحاب,0,Jordan
2554,بهيما,0,Egypt
2555,mala.mahzala.hhhhhhhhhhhhhhhhh,0,Yemen
2556,Mamsto w marsnou chim 3lih rahit chi5 rchouda,0,Morocco
2557,Ya wakhni mamestou lotf w bara,0,Lebanon
2558,قلة تربية لا أكثر لا أقل,0,Tunisia
2559,كثرلها بالمساطة -_-,0,Morocco
2560,مريض,0,Lebanon
2561,mamstou :p,0,Syria
2562,malla in7itat w malla mostawayet,0,Tunisia
2563,rak jabri mate3refech ta7ki,0,Tunisia
2564,Masta,0,Lebanon
2565,شنوة صار ؟؟تفووووه عليكم ملاّ تفاهات .,0,Tunisia
2566,لكن الفاصل طويلا جدا وقد امسط المسلسل,0,Oman
2567,5it. Masta. Offffff,0,Lebanon
2568,تفووووه عليكم يا كلاب....رانا فسخناكم لا مفيدة و جميلة ...,0,Algeria
2569,mamestou w mela met5alef maye9belech il klam iheb ken yechekrou men a5yeb il hal9at mafhemtech amin 3lech ijib fih,0,Tunisia
2570,هذا شيخ اللواط و الوموبنة أمثالكم... الإسلام بريء منكم,0,Saudi Arabia
2571,Mamstek karim,0,Morocco
2572,ﻗﺎﻃﻊ_ﺍﻟﻤﺨﻮﺭ,0,Libya
2573,ملا فضايح بالله ارتقيو شوية ...والله شء يحشم...ملا وجوه حشا خليقة ربي,0,Tunisia
2574,Mamstek w mamrguek 5iiiiit,0,Iraq
2575,هؤلاء قوم لا يمكنهم العيش بكرامة و لا بحرية هؤلاء يعشقون جلاديهم....يرقصون فرحا لعودة أحد كلاب بن علي اليوم كم يتمنون في أنفسهم عودة سيدهم بن علي,0,Modern Standard Arabic
2576,Moght w massit w dammi th9il mouch ta3 talvza,0,Tunisia
2577,Mamstooooooo,0,Syria
2578,5ayiba wa fatracha,0,Lebanon
2579,Maaaaaasssit,0,Morocco
2580,Yeserr tbal3iiit,0,Lebanon
2581,chid darek ahsen,0,Morocco
2582,مالا لحاسة بارا اعمل حل لحياتك خير يا جرو,0,Tunisia
2583,بية ماعيش عادية مخيبها صراحة انا متعجبنيش حتي طرف كل دقيقة وهي تهبط في المريول ياخي نسيت عمرها ولا شو,0,Tunisia
2584,اذهب الى الجحيم ايها الابله,0,Oman
2585,اكبر لحاس وطحان اعوذ بالله من منظرو,0,Tunisia
2586,رخيصة و تافهة,0,Palestine
2587,انا حسين الجزيري برودوي 100٪ نفاق وتبلعيط .. مخيبكم ومخيب سياستكم,0,Qatar
2588,في كلمة واحدة : أبله,0,Sudan
2589,7ayawene,0,Lebanon
2590,خسارة اك الشعر اللي في وجهك يا ناتن يا معفن يا خامج يا جيفة يا خروف تفوه عليك و على اللي يساند فيك.يراك مهلوك انت و امثالك يا كلب الكلاب.هذه دعوة مني عليك في الفجر و انشاء الله ربي يقبل دعوتي.قولو آميين,0,Saudi Arabia
2591,maset bsara7a -_-,0,Morocco
2592,مساطة,0,Iraq
2593,OSKETT A LA7ASS,0,Lebanon
2594,"ما تحشمش ملا ماركة جايبينها  _x000D_
mostawa monhat
malla Karyouka tfouuuuuuuh hacha rjéél
Y'a ami mo9ded rak maseeeet
بلد النفاق
Bsayes katheb o mounefa9
mamstek
ماسطة كيف وجوههم
mamsetkom w mablidkom w mamregkom ken tsamiw rwe7kom birasmi a3mlou sketch 3al beji ya joubane heka fi chcoun fel7in
Pfffff mamsatha w marzen mleyketha tetfines barcha lfanen lezem ykoun spontane..
Kiwjouhkom tfouuuuh
تفووووووووه عليك وعلى البرنامج وعلى صاحب القناة وعلى كامل التقنيين في قناة الحوار الكل
Jabri wsoutou fa9ri
البرنامج رزين شوي .. الإجابات طويلة برشة ... يلزم شوي تبربيش واحراج دون الوقوع في التهريج و الإستهزاء
تبق فتاة برتبة ثعلوبة
ﻗﺪﺍﻡ ﺭﺑﻲ ﻭﻗﺘﻬﺎ ﻭﺍﺟﻬﻮﺍ ﺗﺈﻟﻲ ﺗﻌﻤﻞ ﻓﻴﻪ ﺗﻮ ﻳﺎ ﻛﻠﺐ_x000D_
5iiiiiiiiiit 9adech nakrhou
ma9al torbitou wma9al 7yeh la3nat allahi 3lih
بالبلادة متاعو نحبوه #مهبول_هههه
jabri mala mistawa 3melt l3ar
إلحجرة متذوب و القحبة متوب
معجبنيش كيفاش حكا مع آمو
مل مهزله ومل تفها
mahouch fannen jemla mo5o zebla
ممسطها
مسلسل تافة والاه و سامي الفهري اكثر تفاهة في مسلسلك و برنامجك ما ريتش ما اسقط منك يا سامي تعدي كان في الخمج و قلة التربية في الشهر الفضيل تفوه عليك )؛
ya 5oumejjjjjjjjjjjj matousolchi lichlek emt3ha yamasa5
Ti mel louwel chleka w zedet chalket rou7ha
Amsat nihaya l amsat mousalsel fedenia
قناة الماخور التونسي أكبر فتنة في البلاد..و هي مأجورة للي يدفع أكثر و هدفها الوحيد تشويه الدين..تفوووووو
الطحان اللحاس كلب التجمع
Alah yehlekom
ريح السد
برنامج قمار وحرام
Belehi ma3adech tjibouh aka el merig sombol ega.
برجولية قداكش ماسط لعفش الي تحكي عليهم خليقت ربي اما صدقني تلقاهم ارجل مينك
Mal la masit
جمهورية الطحين",0,Tunisia
2595,Ta77an El nahtha,0,Morocco
2596,عملت العار لتونس,0,Tunisia
2597,tfouh alik w ala chahb tounsi ili yitfarej fikom ya khamij ya massik inti omik w okhtik sava pas ya hamil,0,Tunisia
2598,وحش,0,Libya
2599,كم انت ظعيف و جبان و برنامجك ضعيييييييييييف و مكنك الغرور   يا ابن الواقي  ههههههههههههههه,0,Yemen
2600,ma5yebha,0,Lebanon
2601,Maasta laasta,0,Tunisia
2602,Mamstou Karim,0,Morocco
2603,Souto zebla,0,Lebanon
2604,توفيق الغربي أبرز مثال للانحطاط .. أي تقافة ينجم يوصلهالنا انسان عديم الثقافة والأخلاق !!!,0,Tunisia
2605,ممثّل ماسط ومسلسل ما جاء شيء بطرون لمّ القحاب والموبّن متاع تونس في نفس المسلسل وعدّوهولنا في شهر فضيل اللّه ل تبارلكم!!!,0,Tunisia
2606,nahdaoui monafek 7aja mahiche e8riba a3lihe,0,Tunisia
2607,Kamcha 7outheela tfiih,0,Morocco
2608,mil e5er rak majit chay,0,Tunisia
2609,kaleb berger,0,Algeria
2610,Msata sans commentaire ! Welfehem yefhem !,0,Lebanon
2611,امسط مالمرزوقي,0,Tunisia
2612,Ahhh Mala hmoum jamda,0,Lebanon
2613,Barcha 9ellet 7ye w 9ellet torbia,0,Syria
2614,Pfffffff. Keb sa3d. Fen,0,Tunisia
2615,تفوه,0,Tunisia
2616,mezel 3andek wajeh w te7ki fi tv  3maltou el 3ar   inchalah rabi iti7 fikem,0,Tunisia
2617,الطاهر # المسخ هههههههههههههههه,0,Libya
2618,الشّيب والعيب,0,Iraq
2619,حلقة مع المقدم الماسط اللاسط الفاشل اميييييييييييين !!!!!!!!!!!!!!,0,Lebanon
2620,ياخي ما شبعتوش بالبخس ما ارخصكم,0,Tunisia
2621,Y'a sami fahri y'a masse5 ella mayti7 fi bnetk... . قلة تربية تفووووووووووووو,0,Syria
2622,مسلسل خامج لعام جاي مسلسل فيه بنت سامي الفهري. تغتصب,0,Tunisia
2623,maset laset maye3jebnich damou th9iiiiiiiil hhh,0,Iraq
2624,Mabldha,0,Lebanon
2625,نقابي فاسد شوه الامن,0,Algeria
2626,ENA mata3jebnich,0,Syria
2627,توفيق الغربي جاهل تافه متعصب وعنصري الثقافة منه براء,0,Yemen
2628,سبجان الله .. قداش منحط,0,Tunisia
2629,ماااااااااااااااااااااااااااااااااااااااااااااااااااااااااااااااااااااااااااااااااصط,0,Saudi Arabia
2630,كان جات عندو همة راهو انسحب بعد سماع الصوت الشجي لحمزة الفضلاوي،,0,Algeria
2631,فاشل جدا,0,Egypt
2632,أنا ما يعجبنيش,0,Libya
2633,جايبين مثلي مش راجل و المشكلة برشا موافقينو تفوه عالممارك الي يشجعو عالقباحة ما فاهم الوضع كان وليد التونسي,0,Tunisia
2634,عفشه عفشه,0,Libya
2635,ماسط لاسط,0,Tunisia
2636,massit w kadhereleha mel messata :3,0,Morocco
2637,Masa7 wejhek,0,Morocco
2638,هشام الخلصي ماسط منحبوش يكره الجزائريين,0,Tunisia
2639,ملا سلعة لا أخلاق و لا تربية و لا منظر,0,Tunisia
2640,"kasertelna roussna w mazel ya7ki 3ala ettajama3 
Tafha w atfah Mel tafaha w kif ma kaI walid amta enti jit Bach te7ki ala ahmed ti enti machkouk fi amrek.t3ayfi asaI.
mamastou
Malla 5omej. Monacht mast bhiim maya3rfch ya7ki lokkkkkzaaa lotfi la3mayri Raho 9alb masi7i net7adeh ken i9oul la ilaha Ella Allah bsed9
Tfouhhhh
tfouuuuh
تستمرمناقشة الأمور التافهة طويلاً ،لأن البعض يفهم فيها اكثر من الامور المهمة .
اكبر منيك هوا العربي المازني فرخ ميبون
يا قناة الحمار يا قناة الدعارة يا قناة الماخور تفووووه عليكم و على كل كلب دافع عالمثلية الجنسية يا مسخين يا كلاب يا فساد لعنة الله عليكم و على ولديكم الكلاب يا مسخين يا ولاد الكلب
يا طحان
echib w el3ib rajel 5areffffffff
Ta7an kbir
ياسر ماسط ويوتر الاعصاب.بربي لاعاد تستدعاوه
شخص تافه باتم معنى الكلمة
Mast nsibti l3ziza
wallahi latihchem
غراب أعور وطاح بفولة مسوّسة_x000D_",0,Tunisia
2641,Massssseeettttt,0,Lebanon
2642,malla kertha,0,Tunisia
2643,Brabi barra rawahhhh yeser kofr barra chid darek w ma3adech to5rej,0,Morocco
2644,يعطيك كلب انشاء الله,0,Tunisia
2645,Msata. Com,0,Lebanon
2646,baya mamsetha 3abda,0,Syria
2647,Ya7 El barnamej Howa masset we zid jà hatha,0,Morocco
2648,"مرخوفه برشه""",0,Libya
2649,lokza,0,Tunisia
2650,كعلاف,0,Tunisia
2651,مسخفوو -_-,0,Libya
2652,3mal el 3ar,0,Morocco
2653,kadheb.,0,Qatar
2654,Rak masit lasit,0,Morocco
2655,tharra7touh w taya7toulou 9adrou ...,0,Morocco
2656,الحرباء,0,Tunisia
2657,mella li3eb,0,Morocco
2658,la bil3akis barcha fsad ya fasid,0,Morocco
2659,Ya mamstou mahouch chala9 b rou7ou ghaltouh,0,Tunisia
2660,حفيان جيعان عريان طحان,0,Tunisia
2661,Et5awef,0,Lebanon
2662,التونسية تحاول تبييض اعمال بن علي من خلال تافه و جاهل و منحط... اخي كي ظال هجتكم باش ادغفونا و ترجعو بن علي تي ماو جيبو واحد راجل موش ةاحد اجهل من سباطي.. يا ولدي بن علي راكم اتفهو فيه بها الوجوه المقلبة...كي اطحنو اعرفو قواعد الطحين....,0,Tunisia
2663,ربي يعدّي اللّيلة على خير.. :-D,0,Morocco
2664,الشيب والعيب,0,Yemen
2665,mekch rajil tejbed fil amwett fi chharr romdhan. na3llet allah alik..,0,Tunisia
2666,salem mr maset,0,Tunisia
2667,Mamstouuuuuu,0,Algeria
2668,ماسط وبليد ركيك وًرهدان,0,Tunisia
2669,mamstou,0,Syria
2670,malla mostawaa mta3 talvza w malla manadher tjibou féhom w t3awdou mafaditouch karahtouna fi talvza ma9wékom w makthérkom yétwalékom rabi  !!,0,Morocco
2671,شلايك,0,Iraq
2672,3omrik latji rajel ya sami lfehri  tfouhhh,0,Tunisia
2673,تافه برش,0,Tunisia
2674,والله مسكينا تونس واش تقاسي,0,Morocco
2675,Tfoooh 3ala hal9anet limas5a,0,Morocco
2676,ما نعرفش علاه نحسها متخلفة عقليا,0,Tunisia
2677,بصراحة انا معجبتنيش الفازة... اختي غلطت لكن مستحيل نبيع اختي... نستر عليها موش نصلح الغلط بلغلط.... سامي فهري معلم.... لكن في مسلسلاتو برشة تجاوزات ايديولجية  من صعب المجتمع يقبلها برغم انها موجودة فيه... والله شيء ايوقف المخ....,0,Tunisia
2678,yesser maset amin w rziin fi thmarou mouch mta3 klem ennes,0,Tunisia
2679,مايخرجش عليك لكلام إلي تقول فيه يا شيخ أنت راجل كبير و تقول  في لكلام هذا و نحن مع العائلة عيب عليك :/  :(,0,Tunisia
2680,السيدة مايا تعمل مزية تنقص راو كل ضيف جاي تكرهو في روحو بالحاجات الفارغة والي ما عندها لا ساس ولا راس و راو بسبب وجودك كرهنا الفرجة في كلام الناس,0,Tunisia
2681,zbelt tounes,0,Syria
2682,الطف اللطف اللطف اعوذ بالله من الشيطان الرجيم يا رب كان نحلم إنشاء  الله  انفيق منو اللطف,0,Iraq
2683,"ملا أشكال ...!!!_x000D_
انتداب فاشل
Maset bsara7a
تفوه عليه حاشا خليقة الرحمان",0,Tunisia
2684,اكبر منافق على وجه التاريخ,0,Tunisia
2685,فضيحة ؟؟؟,0,Lebanon
2686,تفووووووووووووووووووووه. بات ليله مع الجران صبح يقرقر,0,Yemen
2687,حسسني بالفشل,0,Sudan
2688,بليدمان :-B,0,Algeria
2689,عيب تقلو علي سي الطاهر هكا هههههه تي والله عيب شويا السبان واحد ملحد كيف هكا لازمو يتسب في جمل طاويلة باش الواحد يقرا و يتبنن فماش ما تبردولي على قلبي.,0,Tunisia
2690,wa7ad kima karim ebhm ma5yab mandrou,0,Morocco
2691,كمشة قرود يضحكو,0,Tunisia
2692,Rak mast aa rak lasat aa,0,Morocco
2693,بالله يا أمين قارا إنسيبو البهيم و إنشدو بردعة . واحد مريظ بالفاحشة,0,Tunisia
2694,Sabar mamestou w mafeklou,0,Morocco
2695,Masta dabdoba,0,Lebanon
2696,Yaser maghrour w maset maha9homech jabouh,0,Morocco
2697,تعيففففف ......,0,Algeria
2698,سخطة قد السخطى,0,Tunisia
2699,ملا بغل .ناقصو ذيل ويقول حو,0,Tunisia
2700,ارهابي متنكر,0,Egypt
2701,ah ya kleib RCD,0,Lebanon
2702,مسهلتش روحك يا سامي نهار هكه تخمم وحدك وتقول شبيني تافه,0,Iraq
2703,نحن فنانين صفاقس ومقداد السهيلي لايمثلناولانعترف به,0,Oman
2704,قناة الحوار التونسي الله لا تربحبكم واحد واحد...عملتولنا العار...يا طحانة...,0,Tunisia
2705,مستوي منحط,0,Libya
2706,انا جاهلة و متخلفة و رجعية و قولو اللي تحبو لكن الله يقصف المثليين و اللي يدافعوا على الحرام,0,Tunisia
2707,والله ما امسط من نجلاء كان انت والفن تكب سعدا من نهار لشدية انت نقيب الفنانين برا شوف خدمة اخرى خيرلك انت عملت عار وريحة اكثر من نجلاء ....ياسيدي شيخ .....تحكي على الفن شنوا مستواك انت تي انت ونجلاء كيف كيف انت م .. وهيا ق... ورجال ميتحقرش يابهيم موش ندافع على الدالاجي اما حسب من شوف خير منك وعطى في ميدان متعوا خير منك .....مرخصك حاصيلوا .........يا مسخ تفوه عليك وعلى قدرك كان عندك فدر ............,0,Tunisia
2708,Mas9atha ines w mahehiyech 3abda,0,Lebanon
2709,8alib a3lihom hhhhh,0,Tunisia
2710,Masete barcha,0,Morocco
2711,"قليل الحياه  و كلب و طحن هرب خاطر الرحموني يكشف في الارهاب السياسي و الامني ما عجبتكمش الحقيقة يا اعلام الزبالة و يا شعب يا رخيص و تموت كان على شكون ينيك بلعصا _x000D_
برشاا قلة حيا و قلة تربيه
مااااااااسط بففففغففف
أمين قارة يا فاشل
اكثر إنسان مضروب في روحوا
حيوااااان
 اتفوووووه عايك و عاى اللي يفرج فيكم",0,Tunisia
2712,مثال للهرج و الميوعة لا مواقف له بكبسة زر تنقلب و لا فن له لكنه أصر على الحظور بالتهريج و المرج,0,Saudi Arabia
2713,Tawfi9 elgharbi makhiiiiiiibek,0,Saudi Arabia
2714,mastaaaaaaaaaaaaaaaaaaaaaaaaaaaaaaaaaaaaaaaaa kifekkkkkkkkkkkk,0,Tunisia
2715,Yeser maset manajamtech nabl3ou hawelt ama manijimtich,0,Morocco
2716,ma9allllll 7ayakommmmmmmmmmmmmmm tifihhhhhhhhh,0,Lebanon
2717,انت خامجة ومكش انسانة بالكل ما نيش عارف منين جيتونا تونس خمجتوها بالخماج الي كيفك,0,Tunisia
2718,Bled 9a7ba,0,Algeria
2719,مخيبوا الكبر,0,Tunisia
2720,Mtkhalif nes win wislit w fech 9a3da tasna3 w nes fin raj3a hatta illi 3mlou hakka 9bal rabbi msa7hm m denia ti hatta lhayawanat mysirch fe,0,Tunisia
2721,سود وجهك وقول راني كوميدي لغة شارع لغة فساد مجموعة من الشواذ على قناة الحوار التونسي ويتك يا هايكا ؟,0,Algeria
2722,ملا منطق يحكي بيه و ملا مستوى منحط لكن هذا موش غريب على هالسنبل هذا,0,Tunisia
2723,شلاكة تدافع على شلايك لكيفك حلال فيكم داعش والله يصفيكم واحد واحد وين ماشين بيك يا تونس ولادك رخصوك و خالاوك كي لوبانة في فم لي يسوى ولي ميسواش :(,0,Tunisia
2724,ياسر ياسر ياسر رزينة,0,Tunisia
2725,ساقطات,0,Tunisia
2726,mala sa5ta mala manther mala zbala ech nakraha sa5ta,0,Saudi Arabia
2727,ممسط عبد بش منقولش راجل خاطر مش موالمتک  مخیب راسک,0,Tunisia
2728,memenhe kleb ta7ana,0,Tunisia
2729,Hala hlila,0,Morocco
2730,ممسطو ممسطو ممسطو ممسطو ممسطو ممسطو ممسطو ممسطو ممسطو ممسطو ممسطو ممسطو ممسطو ممسطو ممسطو ممسطو ممسطو ممسطو ممسطو ممسطو ممسطو ممسطو ممسطو ممسطو ممسطو ممسطو ممسطو ممسطو ممسطو ممسطو ممسطو ممسطو ممسطو ممسطو ممسطو ممسطو ممسطو ممسطو ممسطو ممسطو ممسطو ممسطو ممسطو ممسطو ممسطو ممسطو ممسطو ممسطو ممسطو ممسطو ممسطو ممسطو ممسطو ممسطو ممسطو,0,Yemen
2731,Malla msouta,0,Morocco
2732,ولاه ماسط ولا يعرف إظحك لا شيئ,0,Tunisia
2733,Wouhh dima maset wthmarou th9il w mo5o 5amej,0,Tunisia
2734,Mas5a yesser,0,Saudi Arabia
2735,مساكن جماعت الحبس اوكلهم الي جا و امعيشينهم كما جا زيد عليهم توفيق ماسط ربي اعينهم,0,Tunisia
2736,Rana fadina woooooh,0,Yemen
2737,massssta,0,Lebanon
2738,Mala fatcha ya latife ellllllllotofe,0,Lebanon
2739,تفوه عليك يا مسخ و علي جابك ..كان نلقاك في الشارع الا مانكور بجد بوك الأول ..,0,Libya
2740,Bara dewi mridhh pfff,0,Lebanon
2741,malla wsa5555555555,0,Jordan
2742,ركم كرهتونا فيه هاالبرنامج مالي جبتونا هاالثقيل والتافه شكيب بجاه ربي بعدوه  خلينا نتابعو البرنامج ونعملوا عليه كيف .ملي مشات ميه جبتولنا النهضاوي دمو ا زيت 90 .,0,Tunisia
2743,"ماسطة تقتل بالمساطة""",0,Tunisia
2744,😭😥😦,0,Oman
2745,ملا حالة فيه تقول مطربق عليه منداف...,0,Tunisia
2746,تي برا زمر انت و حصتك معادش يحصلي الشرف باش نتفرج لا برامجك و لا التونسية جملة,0,Tunisia
2747,فاشل,0,Egypt
2748,"يا مقداد طير  محلى  فراقك ، _x000D_
ANI MA3ejbettnich dawrha khayeb
Ma3jbtnich
في كلمتيين :
Mal la chwitin
Mas9atha w makhyabha fama okhet ton9em ala okhtha lahaderja ?! !!!
كان مشات تابت لخالقها خير ليها
Pfff ye3nbou leflous
Mastaaa
هذا الشخص هو مفسد هذا الجيل من الأطفال بإمتياز.. أطفال في الروضة و يغنون مزاطيل!!! هل هذا معقول!!!
tawa hadha wzir
ذئب يلبس ثوب الحمل",0,Tunisia
2749,Amouna ya masset kil 3ada 3awdtna bemsatek wdhyefek kifk,0,Tunisia
2750,mala lokza hhhhh,0,Jordan
2751,Berasmi nhesha merga w masta w ta3mel jayer :p :p :p,0,Iraq
2752,حكايتها فارغة,0,Saudi Arabia
2753,rak maasita rak lassita,0,Morocco
2754,😡,0,Tunisia
2755,كلاب,0,Libya
2756,chouf chkoun 3ad a5yeb moumathel fi tunis,0,Tunisia
2757,تونس في ثوب جديد وقاحة جرائم قوم. لوط بنات بدون قيود تسيب تخلي عن القيم والمبادي ماذا وقع في عقولهم. الله يسطر,0,Tunisia
2758,cha3ebb da5el fi 7itttttttttttt,0,Algeria
2759,كلاب مرتزقة,0,Oman
2760,boulissia klab,0,Syria
2761,يعطك وهف يا فصاله والله منعرفها لكن عرفتها تو انها ملهط.تدافع عالمثليه ههههههه يعطك بقله علا دماغك هههههه مثليه جنسيه .,0,Libya
2762,ناقص رجولة وقح قبيح قليل تربية,0,Iraq
2763,يزيكم من  لغة إفساد الذوق العام  و كافون ماعندوش صوت ولا حضور .. أحمد عندو ناس تحبو و تسمعو عالأقل هو الوحيد إلي نجم نسمعو حتى وأنا قاعدة مع دارنا  موش كيف غيرو شطر الغناية كلام زايد,0,Tunisia
2764,mamstou,0,Syria
2765,E3lem boudourou malla mandher jeybinou mte3 .... wallah chay ynate9,0,Tunisia
2766,خسارة الفن بريئ  منك حتى تحسن الفاضك .المثل يقول الرزانة حكمة..اخجلتنا وسط العائلة...الشيب والعيب.....,0,Tunisia
2767,قداشو ماسط ورخيص,0,Tunisia
2768,mala mahzla,0,Saudi Arabia
2769,لا يليق بهذا البرنامج لا هو لا قارة,0,Saudi Arabia
2770,تعلم في بنتك في القحب مالصغرة,0,Oman
2771,اخساره وصلنا لمستويات منحطه وكلام شوارع   احنا توانسا لينا حرمتنا  يزونا قالك فن  وابداع ملا,0,Tunisia
2772,ملا ناتن,0,Tunisia
2773,barriiii raw7i :p,0,Tunisia
2774,Malla tahhan w rkhis na3mbouh,0,Iraq
2775,Hey le9a7b jet,0,Syria
2776,تافهة,0,Palestine
2777,يا سي سمير،راك عملت العار مع الجوادي،واضح مليح إلى الحبس رباك وجعلك رجل إنبطاحي بإمتياز.,0,Algeria
2778,خير من هاك الماسط متاع سلام مسيو,0,Tunisia
2779,elmaset heda fi kol bo93a nel9ah  elsaber w bara,0,Syria
2780,موش حضاري وزيد تجمعي باز دفعولوا باش يحكي مستوي منحط,0,Tunisia
2781,Hasbi Allah w ni3ma wakil fik,0,Tunisia
2782,Mala maseeeeeeeeet,0,Lebanon
2783,Mêla mon7at ye7sib fi ro7o Frank w noss w howa m jé chay ken masit lasit w lokza,0,Morocco
2784,Makech motrobiya wallah,0,Morocco
2785,موعدكم مع المساطة في لمن يضحك فقط,0,Libya
2786,قرد في هيءة انسان و زيد اضحك ناقصوا طيشولوا  كاكي,0,Tunisia
2787,ناقصين خلايق,0,Tunisia
2788,امين مقدم مسطك جا مع واحد على البصة يشد فران ولى يسلك فها بالسيف ههههه,0,Tunisia
2789,5it ma5yabhhha 9adech nakraha,0,Morocco
2790,Etjibou ghir felmabounattt tfouh alik wa ali jabek,0,Lebanon
2791,Maaaaaaaasta laaaaaaaasta,0,Tunisia
2792,Barcha 9o7b ya ta7an,0,Tunisia
2793,متخلف,0,Yemen
2794,مخيب راسك و ممسطك قداش نكرهك,0,Tunisia
2795,"عساس شعبة""",0,Lebanon
2796,معجبنيش حتى طرف، كان جيت في بلاصتو نلم لفلوس و نسافر,0,Tunisia
2797,Fdhaya7,0,Lebanon
2798,ماسط لاسط,0,Tunisia
2799,Fdhaya7 mouch 7ob,0,Syria
2800,ykeb sa3dk ya wati romdhan raw normal enti,0,Saudi Arabia
2801,Kalb kbir,0,Lebanon
2802,اخخخ تفووووووه على هالرهط,0,Qatar
2803,Wi sa5ftni,0,Yemen
2804,yeser mastine -_-,0,Yemen
2805,Mamsstou,0,Syria
2806,Maaaaaasset,0,Morocco
2807,Ma3jebnich yeser yinbez,0,Syria
2808,بلاهي ناقسوا  من عار ركم فضحتونا رنا تونسا معناش هك  مخدرات وكبابيل ودخان  رنا مسلمين ونفكرك بحاجة اخري رنا في رمضان,0,Tunisia
2809,ma 3ijbitnich 7atta tarf,0,Morocco
2810,masse5,0,Syria
2811,تجبد في مراء متوفية _x000D_,0,Tunisia
2812,لا حول ولا قوة الا بالله تشجعون على الفسق واللواط لعنكم الله لن نسمح بهذه الصورة التي تشوهون فيها صورة بلادنا ،تونس دولة اسلامية اعوذ بالله من هذه الاشكال ومن مشجعيها,0,Tunisia
2813,مسرحيتك مايمشيلها كان المكبوت جنسيا,0,Tunisia
2814,kalb nahdaoui  et je vx pas regrde klam el ness a cause de lui,0,Morocco
2815,ملا حيوان لغة شارع يحكي باها.توه عليك وعلي شكلك.من المفروض تجيبوا الطرف المقابل,0,Tunisia
2816,بصراحة العيب موش فيه العيب في اعلام العار الي مستدعيه.,0,Tunisia
2817,hhhhhh ta7et fih esan3a f kobrou hhh echib wel 3ib,0,Tunisia
2818,أمين ... كل يوم اتزيد في البهاما... قداشك ابهيم بالقوي... برجولية...,0,Tunisia
2819,اتفوه يا اقزام الحجامة,0,Egypt
2820,قعر,0,Libya
2821,شيب و عيب,0,Lebanon
2822,Mast last,0,Modern Standard Arabic
2823,عيب عليكم مخليتولناش بلطي يحكي,0,Tunisia
2824,ملحد ...     .....,0,Syria
2825,Bsaraha hedhi moch la9ta 3ib raho a7na netfarjo l 3ayla lkol  7assit rouhi bch nmout,0,Tunisia
2826,masta barcha w yessir mitsan3a :3,0,Tunisia
2827,malla chleka jeybinha ou mouch menha zeda men heka lebhim elli jebha amine wejh chkara,0,Iraq
2828,Tfouuuh 3likoum enta w ben gamra mta3ek chabeb da5ltouh f 7it na3lett allah 3likoum w 3alii ytabe3 fikoum,0,Tunisia
2829,الذل والهوان لك ولأمثالك,0,Jordan
2830,يا....كلب💪💪💪💪💪💪💪💪💪💪,0,Syria
2831,ملة قعر,0,Oman
2832,الشيب و العيب يا حيفة,0,Tunisia
2833,ياسر متكبر وحاسب روحو خير من الناس مزال منهم برش الانماط هاذي زيد يسب في الراجل عيب عليه,0,Tunisia
2834,ناجي الميبون,0,Tunisia
2835,Mamsit'haaaaaaaaaaaaa,0,Morocco
2836,حنان شقراوي. وجها  من تالي لا تحشم لا والو ههههههههههههههه,0,Tunisia
2837,معادش كعادة .. ماسط,0,Tunisia
2838,5hit a5yeb animateur retouu bazz emision bech t5yebb,0,Tunisia
2839,la7as,0,Morocco
2840,mabeldou chib  wel 3ibe👴,0,Morocco
2841,3emlet l3ar,0,Tunisia
2842,mousalsel tefh mehouche emta3 roumdane chaye i3ayefe,0,Tunisia
2843,9adech nakrhou,0,Morocco
2844,مالا منضر مشوم لاعب فيها مثقف وعندو في مخو انا مريت عندو كاااان الفسااااد و قلة الحياء على تونس السلام بالمناظر هذوا,0,Tunisia
2845,Maaastaaaa kawther linnaaaaaaaaa,0,Tunisia
2846,"ابقو دائما في حمام النساء والتفاهات_x000D_
ديما بالبلادة متاعو ههه 
Ma5yebha
Tala3bouhech boulede1 mala so9at fi tounes 7esou benes pffffffffff
اللعنة  اللعنة اللعنة على هالرهوط إلي ما يحشموش  والأغرب من هذا ماد وجهه وما يحشمش لا خير لا فيه ولا في إلي إستدعاه
مسسسسسسخ
مارق وماسط وجايبها تمقعير على أسياده
3alamet ese3a
Lokza
masit lasit
Masta lyouuuuuum !
Tafah wahed fi lebes maaaaaamstou
بربي هل الكزى معادش تعملولو قيمة وتجيبوه في التلفزة
بععععععععععع من اولاد سالمة الزححح
دعاااااره  100%
Tfih 3lih tahan w lhas
يا سامي المرأة افضحتها في المسلسل بوس و تعنيق و كلام عذب و في الصباح افضحتها بالتصاور_x000D_",0,Tunisia
2847,Akbar miboun w 7ayawen.,0,Morocco
2848,ماسطه.المخو ر.التونسي,0,Libya
2849,Hethi e5retha blech 7echma tfouh a3likom ya kabwel,0,Tunisia
2850,أولاد المفسدة إلى الأمام,0,Sudan
2851,نور ياسر ماسط و ناقص ضمار علموه يخلي غيرو يحكي شوية,0,Tunisia
2852,اكبر عيب على ممثل قدير مثل عبد الحميد ان بتفوه بكلام غير لائق اخلاقيا دون احترام العائلة التونسية بقدر ما كنا مجتمعين حول البرنامج بقدر ما تفرقنا بمجرد تلفظه بكلام نابي هنا وجب منه ان يعتذر من العائلات التونسية,0,Oman
2853,Brabbi chkouni ha chlekka !!sma3tha ta7ki 3la ahmed landolsi !! Malla mri4a!!!,0,Tunisia
2854,Hhhhhh yeser masta,0,Yemen
2855,Mat7chemch 5amjaa,0,Morocco
2856,hhhh walah ena zeda tchemet fiha car hya mesmema w mate9belch etfedliiik,0,Morocco
2857,9alek lmrakeb 3omrou ma yetrakeb fi9ou rakom fdi7a !!!,0,Tunisia
2858,ماسط وكنا ننتظر احسن من هذا العمل من الحوار التونسى لكن مع الاسف .................................,0,Iraq
2859,Malla niveau!! Zeyed 7outhela jad 3lih eli hoa fanen?!!,0,Syria
2860,غرغر يا غراب,0,Syria
2861,MALA MSA7 WIN YIMED WAJHA FI TÉLÉ nfed 3milina l3ar,0,Morocco
2862,ملا تلحيس,0,Tunisia
2863,masit,0,Morocco
2864,شيطان ولد حرام يا عنبوك وبو ولديك يا طحان  الدين اشرف منك ومن الي زيك يا كلب,0,Libya
2865,mamstekkkkkkkkkkkkkkk,0,Syria
2866,Miboune w ta7ann,0,Morocco
2867,تقول عليه مهرج,0,Saudi Arabia
2868,خوانجي,0,Yemen
2869,Ohhhhhhhhhh mino fibelo b rou7o dhamr masssssst,0,Tunisia
2870,masta,0,Oman
2871,Mamst waldh hal jomhour ettafah,0,Morocco
2872,قناة المخور,0,Tunisia
2873,masta lasta ikeb is3oudkom,0,Yemen
2874,Ma5yebhaaaaaa chbiha haka 3amlt fi rou7ha :(,0,Tunisia
2875,marzen mleyektou,0,Tunisia
2876,مفيدة الفاجرة مسلسل شبه ارهابي,0,Tunisia
2877,mala  chelaka,0,Morocco
2878,Bsaraha baya masta w yeser tetsanaa ya hasra kif kenet,0,Iraq
2879,t3ayyyyyyyyyyyyyyyyyef,0,Egypt
2880,التشقنيس نسمع بيه لين ريتو,0,Tunisia
2881,Bikol sara7a mat3jibnich minkol nawa7i,0,Syria
2882,تفاهات .......,0,Lebanon
2883,Allah yosstorna mel kewereth tabi3iya.chay walla b se7et ro93a.,0,Tunisia
2884,لعنة الله عليك و علئ امثالك,0,Libya
2885,ماسطه و الفيناس ما هو طالع عليها وزاد عليها مقرعشه,0,Yemen
2886,العاهرة تشتغل بمخور,0,Iraq
2887,لسانها طويل برشا سبحان الله رجلها كيفاش مزال صابر عليها,0,Tunisia
2888,Maset maydha7aknich jemla,0,Syria
2889,mouch menek mencha3rek elli ki 9ofet el fleles hhhhh,0,Tunisia
2890,ماسط لاسط,0,Tunisia
2891,Massssssset ale5r,0,Lebanon
2892,ﺍﻟﺸﻴﺐ ﻭ ﺍﻟﻌﻴﺐ ﻳﻌﻄﻴﻬﺎ ﻃﺮﺷﻴﻘﺔ ﻓﻲ ﺭﺃﺳﻬﺎ:-D,0,Tunisia
2893,yeser mar5oufa yelzem wa7ed yekbeselha rwachekha maaaaaaaaaaaaaasta laaaaaaaaaaasta,0,Tunisia
2894,Tfiiiiiih,0,Yemen
2895,برشة  مساطة واسقوطية وحط  في بالك رانا نتفرجو  عائلات,0,Tunisia
2896,pffff ma l9aw ma yjibou ellila..hal chawkette na9esha fourchette w twali tastirra harra hhhh,0,Yemen
2897,Maya3jibnich jimla,0,Syria
2898,اصلا قمة العار باش يحكيو فى هذا الموضوع.......,0,Egypt
2899,اولاد العاهرة الحوار التونسي,0,Tunisia
2900,brabi me3adch tjebelna lemlahet ki manel ..5iiiiiit fthi7a la sout la menther ..tet3alem fil finess bissif !!!,0,Tunisia
2901,سيدي الشيخ يمكن برشة ناس ما يعرفوكش  أما انا  نعرفك يمكن تنجم تمثل على برشا ناس أما دور البراءة ما تنجمش تلعبوا عليا و على عيلتي يمكن انتي أخر واحد   تنجم تحكي على الامانة خاطر انتي في خدمتك ما عرفتهاش    على فكرة مانيش من جماعة الزين و ليلى أما حرام عليك إلي كنت تعمل فيه فالعباد  :),0,Tunisia
2902,ماسط لاسط ماسط لاسط ماسط لاسط... اخر واحد يحكي ع الثقافة. فاقد الشیء لا يعطيه,0,Iraq
2903,تعجبني محلها,0,Iraq
2904,برى يعطيكم وهف أتعلمو في شباب في الفساد,0,Tunisia
2905,Tfooooohhhhh,0,Syria
2906,السياسة كلها نفاق وضحك على ذقون الشعب,0,Qatar
2907,mala  marikkkkkk  w hala  moukerbaaaaaaaaaaaa,0,Morocco
2908,تونس غارفة بالفقر و البطالة و الحرقة و السرقة و هذا جاي يحكي على شذوذو ..برى يعيش ولدي انت حر في بدنك,0,Tunisia
2909,Zeblaaaaaa,0,Lebanon
2910,Malla 9elet 7yé vraiment chay y7achem😝😝😝,0,Tunisia
2911,آسفي عليك يا تونس :( قمة العار و الجهل انو يتناقش موضوع كيما هكا في برنامج يتفرج فيه الشعب الكل.... ماللخر الشيء هذا حرام و منافي للأخلاق شئتم أم أبيتم و لازم الأطراف المعنية تتدخل باش توقف هل المسخرة والله عار على دولتنا الاسلامية,0,Tunisia
2912,شخصية ماسطة لاسطة ...يحكي على الحومة الشعبية و هو لوكو  متاع قطاطس منال عمارة,0,Tunisia
2913,ماااااااااااااااسط يدخل بعضو كي يجبدولو على النهضة تاااااااااااااافه و لا يليق ببرنامج كهذا,0,Algeria
2914,مقداد السهيلي يوجع الراس أكثر من حشيشة رمضانمﻻ تافه 😠😠😠😠😠😠_x000D_,0,Tunisia
2915,Maset laset,0,Modern Standard Arabic
2916,Tfoooh 3lik ya kalb ya 3adw ediin ya hamel,0,Tunisia
2917,تجمعي طحاااااااان,0,Morocco
2918,Mamstou mo9ded mabldou marakou il est graaaaaave 😡😡😡😡😡😡,0,Syria
2919,BSARA7A MASET,0,Lebanon
2920,Pffff  ya wallah  kartha  _x000D_kadech t9assi  ya tounes,0,Syria
2921,نيفاق نيفاف...الكل منافقين,0,Morocco
2922,Kan mch yfsedd tfrijj rahou f joreteha mamsateha,0,Syria
2923,البلاد داخلة في حيط.. و هذا واحد ملي يبنيو في الحيط,0,Algeria
2924,"تفوووووه عليك لعنة الله عليك ...حسبنا الله ونعم الوكيل ..._x000D_
5it 3ala hal manthar
malla 9athi bhim w msattek
و من داخل قفاف _x000D_
7ram wlh jaybin 7ayawen kima hedha ya7kiiii 3al fa7che2 w y9olek 7oriya cha5siya bara ya chismikb yirak kil bisclette la 3ajla ta5let 3ala o5tha
Mas9etou
برنامج في قمة السفاهة
حثالة ملخر
Ya latiif ya rabii :o
صوتو ميعجنيش و مضروب ياسر في روحووو سيب عليك بلاصتك في سوق
ya awled 7med ya mte3 nhar la7ad ya maset ya laset tfooooooooooooo
mamstek ya loutfi el3ebdeli walah testehel akther men haka !!
بجاه ربي يا إدارة قناة الحوار التونسي ، توا هذا شلاكة تخدموا فيه معاكم   يا شلاكة يا شكيب
بصراح ستكوم دنياأخرى ماصت لصط,0.0.0
ماسط لاسط مقعار
ملعون
Mala manta9
كثرلها بالمساطة -_-
تفووو عليكم كان تجو عباد كان الوبنة و الطحين
كلها بوتكس أنا متعجبنيش
Mamsetkom
بربي شباها اسئلتك هكا الحق طحت من عيني اليوم ذكرتني بعهد بن علي تجيبو رجل دين و تعفسو فيه باش تطيحو قيمتو
قل للمفكر متاعكم انو سيدنا عيسى عليه السلام رفع عند الله يا جاهل و زيدك زيادة ياخي هوما شافوهم الأنبياء و الرسل في القبورة متاعهم حاسيلو جايب كمشة بهايم
هههههههه عشنا و شفنا مقداد السهيلي يحكي عالأخلاق و هو في الدنيا بين الكلمة الزايدة و الكلمة الزايدة يقول كلمة زايدة .. إنسان منافق كان بدا بأخلاقو خيرلو .. نقابة ماذا أيها ال....
ماااسط بففف مثقل ملايكته بفففففف
TFIH 3LIK W3ALI JEBIK
مااااااسط..._x000D_",0,Tunisia
2925,7ala !!,0,Lebanon
2926,mkacha5 7arby <3,0,Saudi Arabia
2927,أحباء التفريك و التنبير إنضموا❤!! : ﺻﻌﺎﻟﻴﻚ التفريك,0,Syria
2928,Najla tfaraj fiha wahdek malla achkel wjouh louh jeyebhm,0,Iraq
2929,يا تافهين يا لحاسا يا عبيد ...يا من خان الثورة و شهدائها سنلعنكم ويلعنكم الوطن صباحا و مساء حتى نعيد حقنا و حق شهدائنا الأبرار وحق تونسنا,0,Modern Standard Arabic
2930,ملهط,0,Egypt
2931,ياسي شكيب الراجل مايرجعش اما انت طلعت فرخ وبنة,0,Tunisia
2932,Met5alef,0,Lebanon
2933,#maset_lasset,0,Oman
2934,Khiiiiit,0,Iraq
2935,5eh mamsto,0,Syria
2936,نهضاوي كلب كذاب ومنافق,0,Libya
2937,لا يستحق أي تعليق. غير التحقيييير,0,Algeria
2938,"خيييييييت ....""",0,Morocco
2939,Yeziini brebii chnya hal ham mamsthoum aman chbiha manel hkika m3ankcha fih t9oul far ma5yebha _x000D_ Mamstha ohhh,0,Tunisia
2940,اتفه ما شافت عيني,0,Jordan
2941,برنامج يصلح للدعارة,0,Egypt
2942,Tfouuuuuuuuuuh 3la 5majkom,0,Algeria
2943,كلب ابن كلب,0,Qatar
2944,حثالة جرذ طحان,0,Iraq
2945,نوفل ما يجيب كان المنح وخوف ملا زبالة منال عمارة والمصيبة حاسبة روحها فنانة,0,Tunisia
2946,Mala sakhta hhhhh,0,Morocco
2947,تفوه,0,Tunisia
2948,بصراحة ما يحبك حد اكرم لحيتك بيدك وانسحب من النقابة ومن الساحة الفنية ماهيش بلاصتك تحكي على التربية وانت للاسف موش متربي تحكي على الاخلاق وانت موش متخلق اختار العبارات المناسبة كيف تحكي قدام الجمهور والعايلات بالاخص خاصة وقت اللي تكون متغشش,0,Tunisia
2949,Barcha fdhya7,0,Tunisia
2950,tw hadha mosalseeell kan lakmajj w la3raa,0,Syria
2951,أعوذ بالله من الشيطان الرجيم,0,Tunisia
2952,وجوه اللوح,0,Sudan
2953,masta barcha,0,Morocco
2954,ناس مرضى نفيسين جماعة المثلية الجنسية نقولهم برا اقيدوا في الرازي خير,0,Tunisia
2955,hhhh masseeet barchaaa,0,Morocco
2956,Yejib mi jebya w ye7ot fil 5abya,0,Tunisia
2957,barcha 9o7b tfouh,0,Morocco
2958,لعنة الله عليكم فى شهره المبارك,0,Egypt
2959,تي واللە لا فيكم واحد صادق تفيە عليكم الزوز,0,Tunisia
2960,ملا منطق يحكي بيه و ملا مستوى منحط لكن هذا موش غريب على هالسنبل هذا,0,Tunisia
2961,يعطيك كلب يا سامى,0,Tunisia
2962,Masetttttttt,0,Sudan
2963,raj3et lefthaya777,0,Algeria
2964,maset laset malla lokza,0,Morocco
2965,Mala moustawa tayih alakiir,0,Morocco
2966,كم أحتقرك يا طاهر بن حسين,0,Modern Standard Arabic
2967,شعب ميحبش الرجل يحبو كان الطحان ولحاس ،اعلام عااااااار,0,Tunisia
2968,قحاب,0,Iraq
2969,مهرج ...,0,Jordan
2970,9elt 7yaa hedhi mosalslet,0,Tunisia
2971,Rake masete rake lasta,0,Morocco
2972,3al 7itt,0,Tunisia
2973,Rak masta lasta yezi menek basta. Tojlet ekbes ya chesmek ekbes. Meskina Tunis,0,Morocco
2974,والله منعرش كفاش خذاها جائزة افضل  ممثل,0,Tunisia
2975,Sa9et w mech rajel w my7chmech w 9wade w l'kaleb achref menou... w l'3yib fi sami eli m5lyik tet3da en tel!!!!,0,Morocco
2976,توا هذا منظر حاشة خليقة ربي !! ملا رهوط,0,Tunisia
2977,Mala chleka jeya meded wejhou hedhka 7adou Wlh matfhek tejbd fil mouta 7ata houma ma men3ouch yaltiiiiiif zeyed matfhek 3abd 7acha 5li9et ra7men,0,Tunisia
2978,لا يستطيع ان يكون صحفي محايد ............,0,Saudi Arabia
2979,الدلاجي واحد إمسخ عالفلوس إبيع دارهم,0,Lebanon
2980,وبش جرثومة,0,Syria
2981,Marzneek yeser sérieuse w 3a9detha ..,0,Syria
2982,mala mounefi9,0,Morocco
2983,توفيق الغربي فاشل و عمرو ما نجح في حتي عمل مسرحي و قلبو أسود على النهضة خاترو تجمعّي بإمتياز,0,Tunisia
2984,Bsara7a maaaaaaassssssit,0,Morocco
2985,Ena manhebouch .,0,Morocco
2986,a7echmou 3la rwa7kom wallah dertou el 3aaar w baramejkom tafha w 5amja kifkom ya 5ommaj,0,Tunisia
2987,Tfouuuuuuh,0,Algeria
2988,sidkom ya masi5,0,Morocco
2989,الام قحبة والبو فاسد,0,Iraq
2990,Yesser tefeh...jamais da7ekni kifech hede moubde3 w yessme3ech y7eb ken yehki???,0,Tunisia
2991,mala sakhafa,0,Morocco
2992,7ram 3alikom zahhh,0,Tunisia
2993,يا توانسة نظفوا دياركم من قناة الماخور التونسي,0,Tunisia
2994,masta,0,Oman
2995,Sa5afni miskin la wja ya7ki inconsciemment 9al siyedit ra2is 3la ben ali hhhhhhh 😂😂😂😂,0,Tunisia
2996,zouz khab,0,Jordan
2997,محرزية العبيدي تتحول  إلى حداثية عرجاء مشوهة تتقن إزدواجية الخطاب....,0,Morocco
2998,Blid w rkik,0,Iraq
2999,RAK MASET,0,Syria
3000,مساطة مساطة مساطة,0,Tunisia
3001,أمك جابت واحد مش راجل كيفك,0,Egypt
3002,"W #lotfi  3o9detkom""",0,Lebanon
3003,mamstek ya amine .,0,Syria
3004,Wzir ma ya7tarimch idhyouf wilmo9adim mta3 lbarnamej wilmitfarrij wihiz rou7ou wyou5roj kifech t7ib 4odwa tilmidh y9adir ostadhou wis7abou wilidara??????!,0,Tunisia
3005,التونسية زارعة الثقافة المنحطة ....والميوعة.....لست ادري لماذا جميع الحاضرات من النساء ضيوفا أو جمهورا لا يلبسن الا لباسا عاريا ...يبدو ان الطقس حار جدا في استديوهات التونسية,0,Saudi Arabia
3006,Ymchi ychouf 5edma o5ra mch mt3o fen. !,0,Tunisia
3007,bal3ouuuuuut,0,Algeria
3008,ملا حالة,0,Morocco
3009,أنت هو أكثر واحد طيح الفن تحت الساقين!!!,0,Oman
3010,العماري ماريتش في طحينو,0,Tunisia
3011,حتى دخلتو بمساطة ،والله قداش نكرهو,0,Tunisia
3012,وحدة كيفها خامجة عار علي تونس و اهوكا وليد تونسي كركرها في دقيقة قبل ما يخرج,0,Libya
3013,bsela :/,0,Tunisia
3014,"و بعد يقولو شبيه شباب فاسد و الله غريبة""",0,Tunisia
3015,ماسط,0,Tunisia
3016,Mala 5lay9 hcha 5li9t rabi ya fachlin fosad,0,Syria
3017,فنانة بدون تاريخ لا مستوى و لا اخلاق.,0,Tunisia
3018,"mamstou mala ""chbifi bika"" hethy",0,Morocco
3019,Offfff ma7abitech netfarej 5hater houwa mawjoud masettt,0,Yemen
3020,ma5yebhaaaaa wellet 3al 7ittttt,0,Morocco
3021,يا شكيب يا كذاب يا سفيه,0,Iraq
3022,و تتواصــــــــل الإيحــــــــاءات الجنسيّـــة و الكلام الفاحـــــش على ماخــــــورالدعــــارة...قلناها و لا نزال نقولها راكم ماخـــــــــور موش قناة تلفزية...,0,Algeria
3023,ماسطة او ديما سخيف وجه كي زبي,0,Tunisia
3024,ماسط مش عارفة كيفاش جبتوه بعد مايا القصوري,0,Tunisia
3025,amset ou arkhess artiste fi tounes,0,Syria
3026,عندكم كان هو ؟؟ _x000D_,0,Tunisia
3027,في قناة الحوار التونسي ثمة برنامج و حوار و كذا.. ايا طلعوا علاش ؟ عالبطالة ؟ لا.. على الوضع الاقتصادي المزري ؟ لا.. على الفقر ؟ لا..على الفساد ؟ لا..على الثروات المنهوبة ؟ لا.. امالا علاش ؟ عالمثلية الجنسية سيدي خويا...اي نعم وفات مشاكل تونس الكل و قعدولنا كان المثليين نحكو عليهم.. لا و قالك غدوة زادة برنامج اخر على نفس الموضوع في نفس القناة !! يلعن مذهب بوكم الكلب راكم عملتو الريحة ياا سبب نكبتنا.. #اعلام_العار,0,Tunisia
3028,Hal9et lyoum masttaaa bar ha bsarraha,0,Morocco
3029,Le ma3jbtnich,0,Lebanon
3030,متعجبنيش لهي ولا صوتها,0,Tunisia
3031,هذا الرقاصة يدلي بدلوه في شان القاضي احمد الرحموني !!!!عاهرة تتكلم عن الشرف !!!!,0,Tunisia
3032,mamsatha,0,Morocco
3033,rak masta rak lasta,0,Saudi Arabia
3034,ملحد,0,Saudi Arabia
3035,Barcha 9o7b wfsed fi hachhar lifdhil cha3b tefah,0,Tunisia
3036,M3a9ed,0,Morocco
3037,كيف سيدي كيف جوادو مستويات منحطة,0,Libya
3038,msata fi msata mala 7ala a5555,0,Lebanon
3039,راني مش داعشي لكن قولولها تحشم شوية كبيرة راك,0,Algeria
3040,افشل محامي لأعدل قضيه...,0,Yemen
3041,9o7b m3iz,0,Tunisia
3042,ياسر ياسر ياسر  رزينة من لخر  أرزن مالطفل عرفتوه إلي كانو قبل غسلو بيه روسهم,0,Tunisia
3043,هاو الكلب لكبير ملقا ميعمل ولا ماد وجهو فالتلافز والله لعضيم. ....بناتو و مرتو راهم قحاب مل بريمة لعنك الله يا كلب يا مسخ تفوه عليك وعلا والديك,0,Tunisia
3044,mràyédh meskiin ràbii yechfiih,0,Tunisia
3045,كلب,0,Saudi Arabia
3046,Walah ken temchi t3adi 3ala rou7ek 5trek ta7ki fi 7keya mine al 5ayel,0,Tunisia
3047,منشط مصتك ...يستفزوا الضيف و منبعد يلوموه على ردة الفعل متاعو ...,0,Tunisia
3048,Ya mimti mamsetha khit.whakha jat fi 2 pièces khir,0,Iraq
3049,Zebla,0,Lebanon
3050,rass el bhim wejhou mouch mte3 telvza w el dhmar 5atih,0,Morocco
3051,شعب تاافه الى اقصى درجة فيقو نيكو,0,Iraq
3052,مناااااااااااااااااااااااااااااااافقة كبييييييييييييييييييييييييييييييييييييييييييرة,0,Lebanon
3053,Mala chlayek,0,Morocco
3054,اولاد مفيدة عجبتهم تفاهات اولاد مفيدة !!! الطيور على اشكالها تقع ،و الصرصور ما يعيش كان في المجاري .,0,Tunisia
3055,و انت كنقيب كارثة كبيرة,0,Algeria
3056,bayya chbik haka masta lasta w boudi 9rib tcharkou men ketfou w yaser walit madhrouba fi ro7ek,0,Morocco
3057,Maja chayyyý,0,Tunisia
3058,لعنة الله عليكم يا جماعة النهضة ملا رخص فيكم توى الماسط توفيق يتقالو سي و يتسم ممثل و مثقف,0,Tunisia
3059,Jabriya,0,Lebanon
3060,kalb ben kalb,0,Qatar
3061,إنسان لا يعرف معنى الحوار تافه 😅 👎👌,0,Oman
3062,Inchallah ijik elwahf ya hawayen ta3rafni tahki ma3aya ya bhim ech imda5lik inti Abde Rahmen ben gamra istakfa birouhik,0,Iraq
3063,ولّينا مهزلة آخر شيء أن ما يُسمّى بنور شيبة أصبح يفتي في القضاة.منين عندو الثقافة.هو الفن بعيد عنه فما بالك بالقضاء.خسئت يا غريب الفن,0,Tunisia
3064,Meskina,0,Morocco
3065,Pfff mamstek😠😈,0,Sudan
3066,Ilga7ba ga7ba tfoooooooh,0,Syria
3067,Maset w damo th9il  baarcha,0,Tunisia
3068,yeser 5ayb,0,Lebanon
3069,Brabi ya masset ya amine djib 9adhia wmout et tt wmb3d directement dawerha gne wdho7k ya mridh,0,Morocco
3070,Fethayah,0,Iraq
3071,mast last hèdha ws,0,Morocco
3072,Ken 9elet la7ya,0,Tunisia
3073,بصراحة حيوان وجاهل,0,Syria
3074,تافه و ما تجي شي البرنوس متاع المرزوقي انظف منك,0,Morocco
3075,لا يليق بهذا البرنامج,0,Modern Standard Arabic
3076,حيوان و قليل حياء و جاهل و عيب باش تنسبوه للثقافة,0,Tunisia
3077,mala... atfooooooh,0,Morocco
3078,Teeefha,0,Lebanon
3079,انسان فاشل و ممثل فاشل و تافه مستوى قفة و تلحيس المستقبلو الوحيد الشد الحبس وحدو و رتحنا من وجهو,0,Tunisia
3080,ممسطو يا معلم ما يتهظمش,0,Tunisia
3081,تافه و منحط ملا شلاكة جايبنو توا هذا يضحك!!!!! ما مسخفيني كان المساجين الحبس و زيد هالفوgيرة الماسطة,0,Tunisia
3082,Wallahi wallit 5ayfa le yejina i3sare yedamerna fi joret hal manather lem9alba tga3ed bara rawa7 tfouuuuh,0,Iraq
3083,عيب عيب عيب ما امسطك ما تحشمش,0,Iraq
3084,"الله لا تباركلك يا سامي الفهري... يا رب يورينا فيك ايام سودا وتكون عبرة لغيرك الي يفسدوا في الشعب و يولي كل شي مباح""",0,Tunisia
3085,منحط و تافه اخخه,0,Egypt
3086,Mamstek walid,0,Syria
3087,Maaaaaaaaaaset,0,Morocco
3088,درتوا العار يا قناة الحوار مع هاليهودي مداهنة واضحة لليهودية وما تستغربوش شباب جاهلة توانسة يتعدوا لداعش من التبغديد .,0,Tunisia
3089,الكوميديا ماتواتيكش شد الدرامة و ربي معاك,0,Tunisia
3090,بدون تعليق,0,Sudan
3091,ماصط لاصط,0,Iraq
3092,Barcha fséd ya3tek ham,0,Morocco
3093,أنا الأول أكرها,0,Egypt
3094,rak mast ah rak last,0,Morocco
3095,Thhor mouch motrobbi jimla,0,Morocco
3096,Jarbou3 ou massit lasit 😧,0,Morocco
3097,يااأسسسررر مضروبة في روحههههااا للاااا بية نحب نقلها لباسسسسس؟؟,0,Tunisia
3098,MASE5 WE TAFAH,0,Lebanon
3099,ras bsal ras el7am kima t7ebbou semmiyouh ama ytir tiran 3ala halokza elli jebtou Raj3oulna NAWFEL,0,Tunisia
3100,T3ayif lekleb mamsatha,0,Lebanon
3101,شايب التركينة .. النحس,0,Tunisia
3102,لا تمثل المرأة التونسية و حمد الله وليد التونسي بردلي على قلبي....,0,Algeria
3103,ماسط لاسط والله جايبينو زايد سود وجهك تولي تضحك ملا مناظر يجيبو فيها ما عرفتش شني محلو من الاعراب انشالله العام جاي ينقرضوا ناس هاذهم 😈😠,0,Tunisia
3104,Ta7an,0,Tunisia
3105,ماسطة خلقي من غير مانتفرج عليهم,0,Libya
3106,مارق برشة و لكزة,0,Tunisia
3107,امسط انسان ريتو في حياتي .. وشام و منقالة و خلعة و زيد يحكي ..مسكين والله 😒👍😊,0,Tunisia
3108,hhhhhhhhhhh malla ka3ba <3,0,Tunisia
3109,Tir ma5yeb rasik,0,Morocco
3110,Tfouh alik wé ali rabek wé ala mouch rajel nawfel elli 3adek,0,Tunisia
3111,Ynarvez,0,Algeria
3112,النهضة خانة شعب خلي ابناءها. جبناء انتهازين و لاكن لامفر يوم محاسبتها ....,0,Yemen
3113,ماسط لاسط 🙈,0,Tunisia
3114,maset,0,Tunisia
3115,brabbi na7ouh,0,Morocco
3116,شنوة الي قدمتوه لينا كان العيب و النميمة و الشتم.._x000D_,0,Tunisia
3117,تفوه عليگم إلي يدافعوا علي الموبن و القحاب و برافوا وليد التونسي,0,Tunisia
3118,عبيط و اقرع و ماصط,0,Palestine
3119,ETFOOOOOOUH A3LIK YA IMMASSEKH,0,Lebanon
3120,malla 5amij mouch kan mcha .......................,0,Tunisia
3121,اكبر طحان بوجين في تونس,0,Oman
3122,نذل الانذال,0,Yemen
3123,masta lasta ki wjouhkom,0,Morocco
3124,"الله لا يفرج عليه""",0,Tunisia
3125,Yeeesser go3ra mata3rafech telbess jemlaaaaaa w yeeesser rzinaaaaaaa eufffff,0,Morocco
3126,"....و تحسو بوهالي.... و دمو ثفيل""",0,Libya
3127,Masssttaa laasstaa,0,Tunisia
3128,تاعب تاعب,0,Yemen
3129,ikeb sa3dkom ye 5omej,0,Saudi Arabia
3130,اما جانا من غير جبة نهار اللباس التقليدي,0,Tunisia
3131,بف بف شكيب مرزنووووووووو !!!,0,Lebanon
3132,يهز في القفة ....وافكارو مشتتة,0,Libya
3133,Wech nkrhou,0,Syria
3134,توى هاذي غنايا مرخصها,0,Tunisia
3135,هلكك ربي ياكلبة وضهر للناس حقيقتك يا واطية الله لا اقيملك قايمة امين يارب العالمين,0,Tunisia
3136,Tfouh 3la hal kaleb,0,Lebanon
3137,cha3eb tefeh,0,Morocco
3138,امين قاره : أبسل شخص في شمال أفريقيا ههههه,0,Egypt
3139,كلاب,0,Libya
3140,هذا شخص من الذين عودونا بالنفاق والكذب من أجل الكراسي المقلوبه مثلهم مثل النداء الحزب الجائع.. فبحيث تونس دولة نفاق أو لا تكون,0,Oman
3141,"لعنة الله عليهم""",0,Tunisia
3142,Tfooooh,0,Morocco
3143,مقرف لايقبل الحوار الممثل او الفنان ملك الجميع انا مثلا في المستقبل معادش نتفرج فيه  شىء مقرف  قواد شعب  طحان  ميبون,0,Tunisia
3144,تفووووووووووو يا اولادمفيدة القح......,0,Iraq
3145,T bhiiima 7eta lmathal 8alet,0,Tunisia
3146,mousalesel bekolou fesed,0,Syria
3147,marth  ta3mel estres,0,Egypt
3148,Yesr nife9,0,Tunisia
3149,الله ﻻ تربحه و ﻻ توريه فرحة,0,Libya
3150,ya ka7ba,0,Syria
3151,Wa7da 9a7ba 😂,0,Lebanon
3152,MELA 7ALA,0,Tunisia
3153,بالصراحة لا علاقة بالتمثيل,0,Modern Standard Arabic
3154,monafigin,0,Morocco
3155,Ach bikom tafhine awlade lamine i5iiiiiiiiiiiiiiiiiiiiih,0,Tunisia
3156,mamsteeeeeeeeeeeeeeek,0,Syria
3157,قناة الخمج التونسي برا الله لا تربحكم,0,Tunisia
3158,Mamstek wjiha jandibi masta,0,Morocco
3159,تفوه على هلمنضر,0,Tunisia
3160,تفوووووووو  حيوان و ماهوش متربي  . الله لا تربح الي جابك و رباك,0,Tunisia
3161,كلب من كلاب النهضة,0,Syria
3162,"لا يستحق الظهور في وسائل الاعلام ومش محترم وقدم أسوأ مثال ليلة البارحة في عدم الاحترام""",0,Oman
3163,wjh louh,0,Morocco
3164,"فوزي انسان يخاف ربي و باهي
Mala 5maj
Feryell graja tfih
مرجتونا بواحد ما يستاهلش التلفزة ًديما يتيتمً
pfffffffffffffff 9adeh nakerhou hal masset
Fesed w ro9rtou s7i7a
مقاطعينكم يا طحانة
Maset
مارك لا منظر لا مخ خامجة برا مع فيمن تصلح بيك
ساقط
Amsat mennou ma famech awel marra nbadel w ma netfarrej fi klem ennes mal9itou chkoun tjibou ouuuuh math9al ri7ou
Akid bech tatl3 fejra kif boha e5mj wa7d fi tounes
msat programme  méja chay dima rej3in leteli 9admou l9odem chwaya
وجوهكم، وجوه الدعارة
ii   jeffel el beheyem
ماسط ياسر بلاصتو في بوابت عبدالله قش يستقبل الحرفاء
أمسط مخلوق علي وجه الكورة الأرضية و ما جاورها
زوز جبورة مايسواوس دورو....كي لطفي الترتة...ووليد ولد الجبري
Masset masset masset lasset w mouch motrobi h a t a ... Taref
العنكبوتة المجرتلة تفييييه
دور هذا و مرت بيرم متاع دبي ههه لا علاقة و فسدوها بالطمع ...
مبسلو ماسط
9o7eb
مش متربي
amset menha méféméche
حيوان مفترس
Mamstou 😵🔫
ممصتو ياسر لاعب فاها فاهم كل شي
,,يكب سعدك وسعد إللي حطك
عيب عليه ما يجيش نضحكو على حد مش قاري ما حبيتهاش منو وكا لطفي بجاه ربي علاه جايبينو ماسط لاسط
لم تكن ممتعا ولا جريء بل متحاملا على شق من ضيوفك أسئلتك تافهة وادارتك للحوار فضحت لعبتك
Mala maaaarekkk hhhh ma5ibou
رخييييييييس
ka3ba la wbsaraha maset 3alekher wma3atech bech netfarej faha !!!!!!!
masta
Malla masssakh hetha
ماسط لاسط
ليس بهذا المستوى المتدني تصنع الحضارة وليس بهذه البذاءة يولد الإبداع #قذارة  #قشور _x000D_
والله ربي سبحانو لا يضلم وهو ها الجرذ حيوان اسمو على جسمو شراكة شلاكة نهضاوي كلب
راااك ماسط راااك لاصط
معجبتنيش لقطة بيرم وهو اعيط على امو الحق ماسطة
قليل حياء وعديم التربية بأتم معنى الكلمة وجميع تصرفات النذالة عملها والي يزيد ينرفز سكوت أمينة عليه
قداش المسلسل فيه تطييح قدر البنات و قداش حكاية ركيكة و مبتذلة و الي يدهش اكثر قداش جايب نسب مشاهدة!!!! المسلسل ولا كي ما فيهوش ولد حرام على الاقل ما فيهوش نكهة ...الحكايات هاذوما كنا نسمعوا بيهم كان في المسلسلات المكسيكية
Masta lasta
جاهلة
بدا الطحين ليل الباجي بطريقة غير مباشرة
الله لا تربحك يا قناة المخور تفووو عليك واحد واحد
Miskin nat9ouh ilkawereth illi 9odemo
klaaaaaaaaaaaaaaaaaaaaaaab zeyed
ah ya kleb
Tfeeh 3alik kif zebla kifek tatla3 fi tv
manadher m9alba .. Pfff
تففففففووووووووو عليكم واحد واحد .
5iiiiiiiiiit 9ad machoftt ness nawe3 hedha 3omri la ritou th9iiillll masset bhim maya3rach ine9ch uufffffff
فدينا من نهضة ديما كلام و فعل ربي جيبو
mala mandher
زبلة من العال
التمثيل فاشل و في الكلام فاشل و الحوارات فاشل و في كل شيء فاشل
mla 97ba 5555555
Ma5yebha INES elyoum
واحد رخيص و يحب كان الرخص
ma5yeb rassou mahouch mta3 animation
حسان من الجزائر.هناك مثل يقول.الشيب والعيب.اغسل بماء زمزم .وادخل في الاسلام.يا عدو اله.تفووووو
سخيييييييييييييييييييييييييييييييييييييييييييييييييييييييييييييييييييييييييييييييييييييييييييييييييييييييييييييييييييييييييييف
مسلسل قلة الحياء والتربية  ورسالة قذرة تبعث الى المشاهد . عادة في رمضان تبث مسلسلات دينية مسلسلات تاريخية  مسلسلات الابطال والشرفاء وليس مسلسلات البانديا والهمل والجراثيم  والزوفرة . اتقو الله في خلقه * المشاهد* حسنو مواضعكم واخلاقكم  وذوقكم حتي يصل الى المشاهد فتكونو اديتم رسالتكم الصحيحة .
تفوه عليك وعلى برنامجك تتجلطم عالفريقي يا مسخ تفوووووووه
باصتك في سجن غوانتانامو يا بهيم
tfouh 3likom ya kleb entom w awled moufida w moufida
عيب في شهر رمضان و عايلات ملموة و نشوفو حاجات هكة.  شىء يحشم راهو مزال اولاد و بنات عايلات موجودة
شنية هاذي.؟؟؟؟ . لا تمثل المرأة التونسية
haaaaaaaaaaaaaaaaaaaaaaaaa nendebhom
ابتذال وسفالة بدون حدود .
Ya m3alm wasel wmihmkch fli 9a3din enabro ram 5omej kifha wjzek 3and rabi
pffffff mamseth maysa
الله لاتربحكم ولا تخلصلكم وحلة!!_x000D_
من كثرة مساطو رقدت
Bon ena manhebouch
إنسان لا يعرف معنى الحوار تافه 😅 👎👌
الصراحة مش لهذه الدرجة طول لسان معادش فم حشمة  مدام خساره تونس فيك
Mounefe9 befffffff
مااااسط مااااسط مااااسط مااااسط مااااسط مااااسط مااااسط مااااسط مااااسط مااااسط مااااسط مااااسط مااااسط مااااسط مااااسط مااااسط مااااسط مااااسط مااااسط مااااسط مااااسط مااااسط مااااسط مااااسط مااااسط مااااسط مااااسط مااااسط مااااسط مااااسط مااااسط مااااسط مااااسط مااااسط مااااسط مااااسط مااااسط مااااسط مااااسط مااااسط مااااسط مااااسط مااااسط مااااسط مااااسط مااااسط مااااسط مااااسط مااااسط مااااسط مااااسط مااااسط مااااسط مااااسط مااااسط مااااسط مااااسط مااااسط مااااسط مااااسط مااااسط مااااسط مااااسط مااااسط مااااسط مااااسط مااااسط مااااسط مااااسط مااااسط مااااسط مااااسط
5arrreeeeeeeeeeeeeeef milla teeeefha w met5allfa
كمشة مسيخ
inseen tefahh la akther la a9al...!!:3
ماسط ماسط ماسط الى ميوصلش للعنب يقول قارص نجلاء طلعت اخبث منك
مسكينة تونس
5amja
ياسر مضروب في روحو
Mokded shili ya r5is ndadek
خامج
kamcha khab w mabna yhebo ydakhlo liblaid fi balbla jdida w nitelho bahom..._x000D_",0,Tunisia
3165,"Rak matdha7akch) :3""",0,Algeria
3166,طلعت منو ريحة البهامة !!,0,Syria
3167,rak masset rak lasset,0,Saudi Arabia
3168,اللواط رذيلةٌ من أسوأ الرذائل، خصلةٌ من خصال الشر، مميتاً للحياء ، فساداً للأخلاق ، فساداً للقلب ، اعتداءٌ شديدٌ على الطبيعة التي ركبها الله عز وجل،بل جريمةٌ نكراء تعافها البهائم والحيوانات .,0,Modern Standard Arabic
3169,barcha 9el 7yé,0,Tunisia
3170,صحافي بلاش باك طحان الخوانجية,0,Tunisia
3171,Mast last hamzawi ou mich mitrobi,0,Lebanon
3172,لا تسمع كلام أصلع ولا تاخو منو نصيحة كان جا  ربي يحبو مايخليش راسو فضيحة  :D,0,Tunisia
3173,البوليسية كلاب صدق الي قال,0,Tunisia
3174,55555555555555555it wakahaw,0,Oman
3175,بابورك زفر وبديت تهز و تنفض,0,Syria
3176,وزير فاشل....برا شد ملفاتك..وهو الصباح في الإذاعات و العشيا في التلفزة...du jamais vu!!!!!!,0,Libya
3177,3ahirat kol wa7da w wa9tech yjeha el 9o7eb hedhi jeha fel kober,0,Syria
3178,Fdhaye7 wlh...mch mt3 3aylett.... Mayjich vraiment,0,Lebanon
3179,من أكبر المنفقين في هذه البلاد يمثل خطر على البلاد,0,Modern Standard Arabic
3180,walh mela fethay7.belhi chnya e5er me ratidouhch 7orya.9rib bech yrodou el kofer 7orya:(,0,Tunisia
3181,طحين بالبالة,0,Iraq
3182,جهلول يعمل في buzz فماش ما يكبر شعبيتو تي انقرض وهف أقسم بربي هامل و سوكارجي و معظم الأساتذة عارفين هذا مستغرب كان فالأحمرة اللي عاجبتهم أفعالك انقرض نم,0,Tunisia
3183,"باي باي تونس""",0,Iraq
3184,maset -_-,0,Tunisia
3185,الاعتذار و الغباء مايتقابلوش,0,Libya
3186,Mehouch metrabi hata tarf,0,Lebanon
3187,ممسطو. و مبلدو و متفهو,0,Tunisia
3188,Maja chayyyý,0,Tunisia
3189,مخيبو و مخيب راسو,0,Tunisia
3190,Yamiiii mamstou w metfhou vraiment y9azez yji kol chey ken ne9ib ken 3mal n9aba lilsenou ken 5ir madhalouuuu,0,Tunisia
3191,ممسط تيييييييييييت,0,Lebanon
3192,مقرف لايقبل الحوار الممثل او الفنان ملك الجميع انا مثلا في المستقبل معادش نتفرج فيه  شىء مقرف  قواد شعب  طحان  ميبون,0,Tunisia
3193,مسلسل فاشل..انحطاط اخلاقي ..,0,Iraq
3194,توفيق الغربي وسخ اعلامي و ثقافي و سياسي,0,Tunisia
3195,TFOU 3ALIKOM TAW HETHI MOSELSLET  mte3 3eyla,0,Tunisia
3196,Mast haka m9ded maaaaaast.,0,Tunisia
3197,masta,0,Oman
3198,Tfouuh,0,Algeria
3199,راجل كبير وميبون,0,Tunisia
3200,تي مساطتو هي الي تضحك أكثر منو,0,Tunisia
3201,متفهكم يا متعلمين يا بتوع المدارس,0,Egypt
3202,Masete,0,Algeria
3203,مرزنووو و أمسط من حكة الطماطم بو رطل,0,Libya
3204,Mase5 we9leb lvista,0,Lebanon
3205,Mamstou 3ed,0,Morocco
3206,mdr ta7an,0,Yemen
3207,شبيها ولات هكا ماشيا وتمصاط,0,Algeria
3208,maste,0,Oman
3209,امسط اعباد ربي كان تكون راجل معادش توري وجهك في اي قناة. فماش واحد قال فيك كلمة  حلوة.      ارخيس.   واطي    واادلاجي الي تحكي اعلية شهرتو اكثر منك بالف مرة,0,Tunisia
3210,مامسطها,0,Yemen
3211,انا ملي شفت الضيوف وشفت فيهم الغربي عرفت الي الحلقة فاشلة بامتياز.,0,Morocco
3212,"ماسط ...
ماصطه لاسطه
مسلسل تافه_x000D_",0,Yemen
3213,Hatta bendirman wlla 3andou dousiyet pfffffffff malla bzawich,0,Lebanon
3214,ملا فاشل,0,Tunisia
3215,Khiiiit,0,Iraq
3216,طحين فاخر,0,Saudi Arabia
3217,maset yesr !!!!,0,Syria
3218,شو ها العبيثه بسم الله الرحمان الرحيم,0,Oman
3219,khra yesr mamestou,0,Yemen
3220,راك ماسط راك لاسط كلكلاسط,0,Tunisia
3221,شعب يعشق الفساد !!!!!,0,Saudi Arabia
3222,الملامة مش عليه الملامة علي يعيطلو سي مقداد . مثال للثرثرة و الهروب بالموضوع و سوء المنطق امنيتي كلامي يتحطلو بلاكة قدامو,0,Libya
3223,wallahi maaaaaaaaaaaaaaaaasta,0,Tunisia
3224,مقاطع قناة العهر,0,Iraq
3225,maset yesser mayjich monachet,0,Syria
3226,ماااسطييين,0,Morocco
3227,hhhh 5awfni bsara7a,0,Tunisia
3228,Amine Gara mamstik w zedt massetha ki jebt hal cataplasme !!!!! Finik ya Naoufel ya Werteni !!!!!!!,0,Syria
3229,Mabeldou a3tah kaf hh,0,Iraq
3230,خامجة من خامجات المجتمع التونسي الحديث,0,Sudan
3231,Wejhou maktoub 3lih tafehaaaa,0,Lebanon
3232,كلب ولد كلب,0,Qatar
3233,ماسط لاسط  فارينة,0,Tunisia
3234,عيب عيب عيب,0,Iraq
3235,a7sen wa7d fihoum lkol,0,Syria
3236,Mamstouuuuuu👎👎👎👎,0,Oman
3237,Maaaseetttttttttttt,0,Sudan
3238,اكبر مسرحية سخيفة,0,Jordan
3239,wlh akber sa9et,0,Yemen
3240,مستويات منحطة,0,Saudi Arabia
3241,ya masset ya lasset tfouuuuuh 3lik riye7i  sidek hedheka,0,Morocco
3242,لحاس الابله ناس تخدم حايتها الكل ضد الدولة,0,Libya
3243,El mohem mayjibech el masta meya welambouba,0,Morocco
3244,Malla manather harouf,0,Lebanon
3245,Masta lasta,0,Morocco
3246,مخيب منضرو..شوف ربي كفاه ماسخو تو نورمال اللي قاعد يصير ولخرا تقلي حرية شخصية..وهف ليك و ليك و لهاك الشيبة معاكم اش خلاها لبلاد لتالي لاهيين في الحكايات اللي ك صرومكم تفووو,0,Morocco
3247,Maset w may3jebnich jemla,0,Lebanon
3248,hhhhhhhhhhhhhhhhhhhh Mé 5yebha Azà Kheir :D,0,Tunisia
3249,9adakch bhima ma8a3rek .. 7altek 7lila :-O,0,Tunisia
3250,ملا حيوان في الساعة يحكي ساعه و نص اسكت وهف يهزك,0,Libya
3251,Zebla zebla,0,Lebanon
3252,بلاتو كامل من المرتزقة و الجهلة و المتخلفين  هذه هي نخبتنا فيها مقداد الفنان ههههه عمري ما ريت واحد يسمع في غنا مقداد و شكيب الابله ما يعرفش يكون جملة و لطفي اللحاس صاحب نظرية الأنفاق. إنه عصر الرداءة,0,Libya
3253,العاهرات أمثال هذه اللي يلهثو وراء المال والشهرة هما  سبب لدمار المجتمع والفتنة اللهما لا تاءخذنا بما فعل السفهاء منااااا,0,Yemen
3254,Pfffffff mallà kadheb,0,Egypt
3255,Maaaaaaaaassssseeeeeetttttt !! 😒,0,Morocco
3256,يا خويا كلمين كيف ولادوا المساطة و الغرور سبحان الله و علاش ايجيبوا فيهم و زيد لابس بلوطة تفيييه,0,Tunisia
3257,اهل الشقاق والنفاق ،وينو زين العابدين بن علي ،خلي اربيهم ،حتي انت يا سامي راك كيف اخيانك مننننننافق,0,Iraq
3258,MAMSTOU,0,Lebanon
3259,القفاف جملى,0,Yemen
3260,ناقم على الدنيا وعلي عندهم فلوس,0,Tunisia
3261,قدكش ماسطا و ماتجي شي باهي ......,0,Tunisia
3262,Ya masi5 ya sami,0,Saudi Arabia
3263,امسط انسان ومنحط,0,Yemen
3264,تفوه.عليك وعلي أصلك يا كلب يا خنزير يا تافه أنتي وأمثالك يزلزل.العرش متع ولديكم,0,Tunisia
3265,Ce tahan ala baramjou ken 3annik tfouh,0,Tunisia
3266,لا ذات لا صفات عامل روحو متثقف وهو مستواه اولى د اما عندو دراية كبيرة في هزان القفة معلم هههههه,0,Tunisia
3267,بارشة افساد الحمد الله فسختها عندي مدة من الرسيفير,0,Tunisia
3268,Mafheemtech 3lech jeybin sle7 mesbe7 maye3jebnich jemla mast 5atrou -_-,0,Tunisia
3269,Masseeeeeeeeeet,0,Lebanon
3270,"ملا قاضي دوخهم و خرجهم على الموضوع و ضهرهم ما فاهمين شي و ضهر نيتهم الفاسدة وهم لا يشعرون . ملخر ضحك علاهم""",0,Tunisia
3271,مااااااااسط,0,Saudi Arabia
3272,Taw.bech.tbda tmsat,0,Lebanon
3273,ممسطوووووووووووووووووووووو !!,0,Palestine
3274,masta lasta -_-,0,Yemen
3275,masta yeser ou da5al fi rouha  fi kol haja walet tefhem fi kol chay lela mizou,0,Tunisia
3276,في جرتك مشينا في العفس,0,Tunisia
3277,Mast last,0,Modern Standard Arabic
3278,ma5yebha ines w zid 3andha 3am w hiya telbes fi nafs el veste,0,Tunisia
3279,اكبر متحيل العباد قاعدة تخدم وتموت وهو قاعد يدبر في راسو علي اليمين وعلي اليسار وراكب علي الامن والنقابة,0,Libya
3280,Lbled de5la fi 7iiit wntouma tab3ou ettafahett .. tfooooh,0,Tunisia
3281,يدعي العلم وهو جاهل,0,Oman
3282,كلب ديوث,0,Qatar
3283,9a7ba,0,Lebanon
3284,لعنة الله عليك يا خامج الشيب والعيب في التلفزة وعلي المباشر تحكي بكلام زوفره ملا في دارك زعمه كفاش !!!!! أكيد ديوث,0,Libya
3285,ماسطة,0,Tunisia
3286,خارف,0,Iraq
3287,Mamsstou :/,0,Syria
3288,pfffffffffffffffffff sakhaffaaaa,0,Yemen
3289,"بصراحة برامج""الحوار التونسي""فدينا منهم لكلهم ترهدين و تنوفيق",0,Tunisia
3290,malaaaaa klonnnnnnnnnnnnnnnnnnnnnnnnn,0,Oman
3291,ماسط.,0,Tunisia
3292,klab tinba7,0,Iraq
3293,7aiawen tfou 3ali may7chmch,0,Morocco
3294,أذهب فأنت أحد الأغبياء,0,Modern Standard Arabic
3295,Masit lasit mayy itirr bihh ok badlouh,0,Lebanon
3296,ياخي ماقالو جد راك ماسط لاسط,0,Tunisia
3297,amssét men weld enahdi :/,0,Tunisia
3298,توفيق الغربي ممثل فاشل و فكاهي ماسط لاسط,0,Tunisia
3299,Gadech nakrha ha toufla,0,Morocco
3300,كلاب والله كﻻب,0,Tunisia
3301,Mekdad ya lahass ya tahan el hakim tfouhhhh alik,0,Lebanon
3302,maaaaaaset -_-,0,Morocco
3303,طز  فيكم  يا حمير,0,Qatar
3304,ملا منضر وملا قفراشي,0,Tunisia
3305,Fathila  =  balilaaaaa :p,0,Morocco
3306,مستوى منحط، راك ميبون في ترمتك يعطيك عصبة في زك أختك إنت و نوفل راس الفقمة، كمشة ماسيخ تفوووووه عليكم,0,Tunisia
3307,masta w khayba barcha,0,Lebanon
3308,Mamestou w marakou,0,Morocco
3309,ممسط زك امو نحب نشد و نستفعل فيه,0,Tunisia
3310,بصراحة جبري باااااارشا,0,Tunisia
3311,راس المنصبة,0,Tunisia
3312,Me amset men dali nehdi ken howa 😒,0,Tunisia
3313,الجهل مصيبة و التقوعير زادة ما عندك فيه ما تقول أففف الصبر و برة 👎👌,0,Tunisia
3314,ياوخيتي ممسطهاااا,0,Yemen
3315,malla ta5allof chemda5ell louleyaa,0,Morocco
3316,راك ماسطة راك لاسطة,0,Algeria
3317,كلهم بهايم وثقافتهم محدودة حتى في دينهم ربي قال إذا الشمس كورت موش الأرض يا أحمد كافون,0,Tunisia
3318,Hhhhh mala chitan,0,Morocco
3319,ملا مناظر مقلبه....,0,Tunisia
3320,تفوه عليك,0,Tunisia
3321,Massit lassit blastou fi radio,0,Yemen
3322,عليك حمار تفو,0,Morocco
3323,Nitfkrou 9lbi youj3 hhhh,0,Syria
3324,تعملو مزييا معش تجيبوهولنا هال السنبل اغا ..يطلع لعصب ..حاسب روحو  حاجة و هو ولله لا يجي شيييي .,0,Tunisia
3325,Iya kaleb ti Lkalb Achraf minak iya Bouma'  ti lbouma Anwar minak iy ..... . Mounfa9,0,Tunisia
3326,NN masta hal9et lyoum,0,Iraq
3327,مسلسلتافه لممثلين تفه في قناة تافهة,0,Tunisia
3328,Testehel wa7da 7agara,0,Morocco
3329,ensen maset jayebha ensen 9afez w ya3rf kol chay w houwa bhim,0,Morocco
3330,ماسط,0,Tunisia
3331,Masta,0,Lebanon
3332,بصراحه شى حشم فيك,0,Yemen
3333,Mamemstou,0,Lebanon
3334,rak masta rak lasta,0,Saudi Arabia
3335,Yeser cha9noussa,0,Morocco
3336,ملا  رهوت     في قنات  العار,0,Tunisia
3337,اعلام العار مسيبين مشاكل لبلاد و عامللين قاوق على كمشة همال يا مسخين,0,Tunisia
3338,عيب ان نناقش مساءل محرمة مثل شرب الخمر والمثلية الجنسية(اللواط) في برنامج محترم !!!؟؟ ونقولو حرية شخصية عيييييببب,0,Saudi Arabia
3339,معجبنيش بيرم كيفاش يأمر في أمو و يهدد فيها,0,Tunisia
3340,و الله لا شيء جديد على قناة الحمار التونسي سوى انهم يستضيفون ارذل الماركات التونسية,0,Saudi Arabia
3341,melle5er matdha7akch...pffff sel3a kal5a!!!,0,Syria
3342,Ma5yebek 9ad ma kounet nhibk 9ad mawalet nakrhik 😖😖😖,0,Lebanon
3343,هذا مريض بالطحين و هزان القفة موش بالسرطان اللهم لا شماتة ربي يشفيه و يشفي جميع المرضى,0,Tunisia
3344,ملا مارك😏😏,0,Tunisia
3345,tfiih 3la hal manather tfih 3likom tfih 3likom ya bnat  touness,0,Iraq
3346,فريال ممثلة تونسية موش متربية وهبطت قيمة الممثلين التوانسة,0,Tunisia
3347,مايا الكسوري و لطفي العماري اللي حاسبين رواحهم مالكين للمعرفة و هما عنوان للتفاهة,0,Libya
3348,Mala marek,0,Morocco
3349,Barcha tmanyik,0,Algeria
3350,Marajey a3mlou pub chneya bech tjibou el 7al9a jay 5atter hedha bethet mantsawrech fama chkoun i7eb ytfarej fih 5iiiiiiiiiiiiiiiiiiit,0,Tunisia
3351,Masssa55,0,Lebanon
3352,moch 5arje 3lik   lfane,0,Morocco
3353,تتسشكاو من قلة البركه وللرزق من قلة المطر تتشكاو من الجتمع ، تحللو في ماحرم ربي بإسم حقوق الإنسان وبسم الحريه ألا لعنة الله على القوم الفاسقين يافساق ، _x000D_,0,Libya
3354,عمل ضعيف و مقرف الي حد هذه الساعة من 2 حلقات,0,Sudan
3355,أي واحد بش تجيبوه في برامجكم رو سارح و هامل,0,Tunisia
3356,Euuuh wajiha oukhyty chbik masta barchaaa,0,Tunisia
3357,Mamstou!!,0,Syria
3358,كلمات تافهة من عبد أتفه .. لا خلق لا خليقة لا باب لا سويقة... يعطيه دا على لونها الأزرق يزيد يزرقوا...,0,Sudan
3359,kamcha hmallll,0,Syria
3360,مهرج  لا يحسن  الكلام  ولا يحترم  الاخرين   وموش متربي,0,Tunisia
3361,Jarbou3e,0,Lebanon
3362,التونسي طول عمرو منافق,0,Morocco
3363,انسان ياسر بهيم.وعلاش جايبينو اصل.,0,Tunisia
3364,مقداد السهيلي سيدي الشّيخ ياأكبر قفاف منافق في الجمهورية التونسية,0,Libya
3365,عيب,0,Libya
3366,Mala 7ala,0,Lebanon
3367,بلاهي برّا أغسل ساقيك و أرقد ياصمير برنامجك مكرز,0,Tunisia
3368,Amsat 7al9a melli bdet émission klem ennes yesser jahel flop flop flop 3allekher ce soir,0,Syria
3369,Pf mate7chemech 3ala ro7ik te7ki hekaka pf chib wal3ib e7sibha bintik hatheka,0,Tunisia
3370,Mehich chrifa,0,Syria
3371,لعنة الله عليكم,0,Tunisia
3372,Ta7on,0,Algeria
3373,بابورك غرڤ,0,Lebanon
3374,yestehel mamset hal manther  raht ...,0,Yemen
3375,قداش نفد منو اوووووه مرزن ملايكتو و لاعب فها طز حكمة,0,Tunisia
3376,اخرتها جايبين متشرد طحان لحاس لأكبر كلب !!!بن علي هز المليارات وهرب وخلالنا طحانة مربيهم عالرخص والذل بصراحة برافو بن علي عرف يربي كلابو,0,Syria
3377,mastin,0,Iraq
3378,Mala manader mwachmim,0,Morocco
3379,tfiiiiiiih  3ala  hal  mandher,0,Yemen
3380,Masta lasta,0,Morocco
3381,قداش تافه و موش متربي ها الزلم اللي جايبو,0,Tunisia
3382,إعلام العار يمشييو فيكم بالفلس الرخص و الذل,0,Tunisia
3383,افففف توقيت الفطور بالظبط خسارة,0,Egypt
3384,Mostawayet,0,Lebanon
3385,Bssara7a chakib masetou barnemj klem eness,0,Morocco
3386,شيب و االعيب,0,Lebanon
3387,"طحان""",0,Tunisia
3388,ياسر ظارباتو في روحها,0,Tunisia
3389,Mala mostawayet !!,0,Morocco
3390,المتخلف هذا ؟,0,Tunisia
3391,باارشاا قحب :),0,Morocco
3392,مااااااسط,0,Saudi Arabia
3393,Lokza w yeser testa3mel fih este3mel,0,Yemen
3394,ooh maméstou 9adéch nakrhou,0,Morocco
3395,مسلسل منحط حتى اسم المسلسل تافه,0,Tunisia
3396,"افففففف""",0,Tunisia
3397,Tfouuuuuh,0,Algeria
3398,Tfooh 3alikom ya kleeb damrto halblad blosa5 mta3kom,0,Saudi Arabia
3399,ماجيت شيء,0,Saudi Arabia
3400,3iyab 3aliyak ya sami rana mesalmiyan,0,Morocco
3401,ملا ملهط تدافع على المثلية الجنسية  لعنة الله عليك نعلمك انو سيدك احمد الاندلسي,0,Tunisia
3402,لا حول ولا قوة الا بالله.,0,Tunisia
3403,قمة عار انوا ناقشوا في موضوع محرم في دين اسلامي نهى عليه القران والله شي اسف انو نشوفوا كيما هل اشكال في اعلام هدا بلصتوا الحبس موش طالب بحقوق ........زايد والله .ان لم تستحي افعل ماشئت ......,0,Libya
3404,أكثر حاجة خايبة في كلام الناس هي ما يا القصورى و عار على تونس أتحداكم كان تعديو كلامى,0,Libya
3405,زوالي في مخو,0,Tunisia
3406,9alou barcha 7ob_x000D_,0,Morocco
3407,قحبة  من الدرجة الرفيعة,0,Algeria
3408,Maaaaaaareq eghiiiiiiiiit,0,Tunisia
3409,برشا فضايج,0,Tunisia
3410,راك ماسط راك لاسط راك سلعة متشيخش جملة.صاحبي موكش متع فكاهة,0,Tunisia
3411,قداش ما نهضموش ها المخلوق الشيب و العيب,0,Algeria
3412,ماسط أمين البرنامج بلا نوفل و مايا ماسط 😔,0,Tunisia
3413,ممسطو ممسطو,0,Morocco
3414,Nakerhou,0,Lebanon
3415,ملا فن و ملاّ عفن 😏😏,0,Tunisia
3416,ياسر تتسومم و تڨحر لامال علوان,0,Tunisia
3417,Waka lase2la ili sa2louhelou 9ima fi tafeha,0,Morocco
3418,Bhima,0,Lebanon
3419,طحين تلحيس موش راجل,0,Tunisia
3420,Nari 3likom,0,Tunisia
3421,3malty lfade7,0,Tunisia
3422,mamstek ti fiz,0,Morocco
3423,Maaasset ma9itou matjibou,0,Morocco
3424,Masttta barcha,0,Morocco
3425,شئ  يأسف,0,Saudi Arabia
3426,nawfel el3afen,0,Syria
3427,شنواااااا تهردة هاااذي _x000D_,0,Tunisia
3428,خييت مرضة,0,Tunisia
3429,Tfouhhh,0,Lebanon
3430,"حثالة 
ديما نفس الوجوه شي يفدددد
Iiih mamestou ya 7asra 3la lotfi mta3 9bal tawa 9atlou kan etma93ir brabi ya lotfi na9es melmsata chwaya rak kathertelha
ههههههههههههههاااااه نندبهم أش يعمل فحياة هذا لاجي ممثل أو لا جي كوميدي حسيلو اردد سمحوني ميتحتش في وسط مثقفين حلو يخلعل دار من ديار الحزب اويبنيولو فها كشك دخان
9a7ba
حكايات تفها كيف وجهك_x000D_",0,Tunisia
3431,بليد  هههههههههه,0,Tunisia
3432,Eli ykather ml 3sal yamsat w entii maset 3a le5er,0,Tunisia
3433,9a7ba zabour,0,Lebanon
3434,برشا قلة تربية وقلة حياء أسترنا يارب,0,Tunisia
3435,Tfoh,0,Lebanon
3436,Mousalsil zbala,0,Lebanon
3437,mala  tahaaaaaaaaaaaaaaaaaaaaan  etfouh a3lik a3lik +a3la ben a3li emte3k,0,Morocco
3438,شيخ زبالة,0,Lebanon
3439,برشا قحب,0,Tunisia
3440,عرفتك منافق ملي انضميت للارهاب في برنامج التيارات,0,Algeria
3441,تو معدش تعرف احمد الاندلسي و دفع على واحد عار على تونس  راك انثى كيما قال وليد ههههههههههه,0,Tunisia
3442,Ma amsstou 5iiiiiiiit,0,Lebanon
3443,مستوى منحط و اختيار عشوائي لهذه الحلقة,0,Saudi Arabia
3444,مسخر متاع بنات,0,Tunisia
3445,طحان بن علي,0,Tunisia
3446,من وين جيتي انتي لا تمثيل المرأة التونسية,0,Tunisia
3447,mahboula,0,Syria
3448,حلقة  تاااااااااااااافهة.,0,Egypt
3449,طحان الطرابلسية و تاجر مخدرات تحبوا تردوه عبد ومضلوم بالسيف وقت اللي كان احب انيك الحالة و ايعمل الباكوات مالغبرة الي دخلها في الكور هو و الترافكون الواعر أعضاء العصابة الطرابلسية,0,Tunisia
3450,3aaaar,0,Morocco
3451,Masta lasta,0,Morocco
3452,قحبة,0,Tunisia
3453,أمسط واحد في تونس,0,Sudan
3454,نحي راس بصل وحط راس ثوم والزوز بوق واحد اما برجولية امين ماسط تحسوا رزين وسعات يوحل باش يعدي لحكاية .اما سلمونا على حمالة الحطب مايا الي مهمتها وفات ولطفي لعماري ديما اساسي بالروح والدم والعالم الله.,0,Tunisia
3455,damou rzin,0,Tunisia
3456,5mej w wsa5 rcd 9a3ed yo5roj.mala ntouna,0,Morocco
3457,Massit lassit,0,Morocco
3458,Masat maja chay,0,Morocco
3459,حثالة مثل هذا توفيق لا تربية ولا أخلاق مقرف,0,Tunisia
3460,sel3aaa mala mase5,0,Morocco
3461,mala chlaka,0,Morocco
3462,أمثال هذه التفاهة وجب سجنهم في سجن خاص بهم وسحب الجنسية منهم لأنهم عار علي الجنسية التونسية,0,Oman
3463,Marakou hhh 😝,0,Lebanon
3464,Tfiiihh 3la wejhou,0,Iraq
3465,Mastin walah,0,Saudi Arabia
3466,ربي يستر مقداد يهبلشي وكلعادا يبدا يحكي على عام 80 وجهل امتاعوا يهز في ناس للهاوية يا اخ راه تاريخك اوفا مثل الحليب.......يا مقداد وخي راني منيش متربي كيف اجماعة  :p,0,Tunisia
3467,Mich motrobi,0,Syria
3468,برشا ريق,0,Tunisia
3469,Mehouch metrabi hata tarf degage,0,Syria
3470,قناة الحثالات تفوه عليكم,0,Tunisia
3471,ناقص. غلوة,0,Algeria
3472,maset laset,0,Modern Standard Arabic
3473,"توفيق الغربي عار عار على الثقافة وعلى القناة
وزير موش موتربي و زاد عليه اعﻻم العارنفخل كيرشو احمد الرحموني له تاريخ هههههههه
نهضاوي كلب. كرهنا في البرنامج
مايعرش يحكي و مايحترمش الناس الي تحكي ... ياسر يعمل في بلنجوات ... ويني مايا ... رجعولنا مايا ... الانسان هذا عصارة متع ادمغة فارغة و سطحي .. و نهضاوي .
malla 9a7ba
TAw hadha fanen
شيء ياسف،برنامج منحط،سؤال تافه من لطفي العماري..مفهمتش وين تفرج على متنقبة تشطح ولا تغني!!!؟
tfouuhhhhhh alik ya irhebi
😈👎 maset
انسان ماسط وفارغ وانتهازي
manell  ya 9a7ba
ياااااسر سطحي وماسط و تافه حاصيلو شئ ما جاء
علي خاطرو كلب يخدم في قنات الماخور التونسي سلم علي إعلام الحجامة وقلو الشعب فائق بيكم😆
Mela miboun
كيما قال شكسبير:راك ماسط راك لاسط راك سلعة كلخة ما تشيخش الراسط
5arref
شبه انسان مقزز و مقرف،
ma5ybou
لُكزة أكثر منّك !!
Tfouh 3likom elkol ya emasi5 erahmouni arjal mikom
Houwa el7a9 masit
Masta
كلبة
Y nari 3li y tounes
mamstoooo
Bayrem lmasset last
Mamstou . Dali nahdi 2
حسبي الله ونعم الوكيل ما فسدتو أخلاق الناس كان انتم تحبو حرية الصحافة بالانحطاط الأخلاقي
mahboula bbbbbbbbbbbbbassseeeeeeeee
Amset mousalseel fel aalem ✌✌
النفاق 
Massat barcha nsibti laaziza
Damou rzin baaaarcha 9adech bhim
ياسيدي القاضي قلة الحياء هي اسبلاه الشعب و عدم الحكم بالعدل
يكب سعدك و سعد الي يتبعوك و سعد الي ما يقولش سعدك  ؟؟الله لا ترحملكم عظم يا اولاد  العار ؟؟ والله ما عندي القناة جملة اما معروفة ما تجيب كان المزرس في الخمج و خوه ؟؟
MALLA  CHLEIK
الله يهدي  يا شيخ تحيفة الشيب و العيب كرمك الله .
بلاصتو في الحبس
الحق موش فيها الحق في اللي يطرح في ها المواضيع واللي استدعاها نعتبره من قوم لوط والتافه تافه .انا ماتفرجت في البرنامج وحسب ما قريت من الكومانتارات السابقة نقول هذي ما تممثلش المرا التونسية ولا شئ
Tfouuuu
Bravoooo
تفوه على هالمناظر المقلبة
ma5yeb rasoo :3
T3jebni DJ
Ma5yibha welet yesir smina
مغرووور!!
Ba9la liha w lik
Sle3 zbelaa
زباله
bsaraha ma3jbtnich esna
malla mostawayet .........fadhyiiin chghoul
عزا فيك وفي أمك إلي معرفتش تربيك إنتي وخوك، كل مرة تمدو وجوهكم وتكلاشو في لطفي قلشعليكم من عائلة ملكية فيق على روحك إنتي وخوك أمك فنانة لا مشت لا جيت و بوك كلون وإنتي وخوك أتفه منكم مفماش...ملا منظر على صباح
Mamsstou
ma5yabha dam3tek y Badr :'(
Mastaaaaaaa
Pffff mamstou
Masta
بااااا رشا تموسيط وتجبد في فريق اكبر منك.  تي سقف داركم يتيح ولافريقي متا تيحش.
Zibla w maskha tfouu aliha
ya manel ya 3mara rak 5ra brabi 9oli ghneyet fihomchi juste un refrain yasla7walla fih sens. banaaaaaaaaaaaaaaaaaaaale pffffff
أسقط وأتفه وأغبى طحان وقواد وصباب ومريييييييييض في البﻻد... زاااايد الحجرة ماتذوب والم.... مايتوب.
عيب
Tfouh 3lik ya tons  ya blad lfesk nasitom anakom mosslimoun w la3an allh allmofsidin fik 7acha ba3dh allmosli7in ...
masset .on ve naoufel
ماعجبها شىء راسها في سما حتى راجلها قريب نكرت فيه كل حد و قلبو
مهواش متاع رمضان المسلسل هذا بصراحة شي يأسف هذا شهر فضيل شهر توبة ورحوع لربي مش شهر عرا و قلة حيا 😒
امسخين الكلهم
منحبوش ماسط وقبيح ويحترم حتى حد وموش متربي وعندوش اخلاق جله
Mamsitha matji 7atchay
تبا للحرية إن كانت هكذا ...لايزي يعملو الفحشاء وزيد يطلبو في حقوق ... عن أي حرية تتكلمون ... و لاخر يحكيلي عل الحظارة الإغريقية ... شكر خاص للشيخ الذي قام بالرد الصحيح دينيا و علميا  و لوليد التونسي لأنه الوحيد اللذي يمثل التونسي من حيث المواقف و ردود الأفعال ....هذه ليست حرية بل إنها إعتداء على قيمنا الدينية و الأخلاقية و إعتداء على شعب و أختمها بتبا للحرية إن كانت كذلك.
بصراحة الغناية متاع نجلاء تافهة وموش مفهومة اصلا اما لبستها برشا ناس موش فى الفن ويلبسو كيفهاوعادى عندهم كلمات الغناية زبلة على حالها وربى يهدى
MALA ZABALA
هو انسان تافه
بصراحه عيب عيب ياشيخ .. قد ما كنت معاك في كلامك اما عيب تقول كلام هكا على بنت الناس حتى كاني خايبه.. راك عندك بنات .. بصراحه شي يحشم قاعده مع خواتي و بابا .. الله يهدي
Masta... w 0 tamthil
Adna moustawa andhoum
ماسط ...",0,Tunisia
3474,حسات من الجزاير.تفووووووووو تفووووو,0,Morocco
3475,Maset chway walit ..,0,Morocco
3476,ما عجبتنيش الغنايه لا علاقة,0,Libya
3477,مسخ و جاهل و هذا حال الثقافة التونسية للاسف,0,Tunisia
3478,Mamsteek 3abd wejhek kil chitan w math9al dameeek w 9adech maragtha el7al9aaa pfffff 9adeh nekerhek w zedt krahtk,0,Tunisia
3479,أحمد طاحون,0,Tunisia
3480,كلب طحان لحاس.......تفو على الطحانة,0,Tunisia
3481,Mamseeetha,0,Syria
3482,Maaaaaaaaaaassssssettttttt......,0,Morocco
3483,maset 3 le5er w bras omek la3ad tothher fi télé,0,Morocco
3484,تافه,0,Palestine
3485,الله يدمر هم,0,Tunisia
3486,ماتجيس في ظفر أحمد الاندلسي .. ماعنتها إنسانة تافهة .و غالطة في روحها ..,0,Tunisia
3487,عار على المرأة تونسية تحكي بلسانها هذه الجاهلة علميا إذا كبرت المثلية تنقرض البشرية و اشك في كونك مسلمة أو متعلمة لأن الإنسان مختلف عن الحيوان بالعقل وانتي وامثالك لا تمثلون تونس والا الإنسانية,0,Oman
3488,وانا اقول لها انك خنزيره ساقطه واريد ان اسأل ابوها ان كانت بنت شرعيه شنو رايك  وشنو تقول لربك وللمجتمع ناس تربي ذريه صالحه باش تربح دعاء الخير وانت باش تربح كان اللعنه  واعلم ان النبي صلى الله عليه وسلم قال  اذا مات ابن ءادم انقطع عمله الا من ثلاث صدقة جاريه وعلم بثه في صدور الرجال وولد صالح يدعو له,0,Iraq
3489,لا يليق بهذا البرنامج لا هو لا قارة,0,Saudi Arabia
3490,9elt 7ya tfih 3likom 9anet mas5a,0,Tunisia
3491,يهلكم ربى,0,Tunisia
3492,كريوك.. خنث.. تافه.. طحان.. ماسط.. جبري.. فاشل.. لكز.. عفش.. رهط.. فاسد.. متخلف.. مريض...,0,Tunisia
3493,مسكينة تونس وصلت لتفاهات هذي ربي يهدي,0,Tunisia
3494,zbela,0,Lebanon
3495,أزلللللللللللع الجيفة يا ڨرودة,0,Tunisia
3496,Tfooooo3almark,0,Morocco
3497,Màmsitha l5arya,0,Morocco
3498,الشيب و العيب في  اعلام عار ...,0,Libya
3499,يهلكهم ربي,0,Tunisia
3500,Amsset mounachet,0,Syria
3501,امصط (كمودي) واكبر طحان ومسخ,0,Iraq
3502,مسلسل يحكي كان عالعار  و ههه كلهم ولاد في الحرام فضايح قداش نكرهو هالمسلسل,0,Tunisia
3503,tahane,0,Qatar
3504,clochara,0,Morocco
3505,7ata tarf la 3la9a el marzougi my hounech effffffffffffffffffffffffffffffffffffffffffffffffffffffffffffffffffffffffffffffffffffff,0,Egypt
3506,بعد لباس و كلام الناس مازلنا باش نشوفوا هالخليقة في لِسَّه فاكر و اليوم الثامن و ختامها عندي منقلك إعلام العار ناس مستشهدا و هما لاهين بالشلايك هذي و الجنود محكوش عليهم كل جمعة ماد وجهو في هالقناة متاع القحب 😡😡,0,Tunisia
3507,لطفي العبدلي الكلب الصفاقسية اسيادك  ياكلب  ياحيون  ياڨبوط ياكلب 😠😠😠😠😠😠😠😠😠😠😠😠😠😠😠😠😠😠☝,0,Iraq
3508,حقيرة ووقحة,0,Saudi Arabia
3509,mamsetek ya si z...,0,Syria
3510,Chbik ya amine jaybelnaaa ha ta3abb wlh kabdi le3bet mamsto a3333 bch netkaya hachakom,0,Syria
3511,tmaredh bel coulira -_-,0,Yemen
3512,امسط انسان ومنحط,0,Yemen
3513,oui masset barcha w maydhaakech,0,Morocco
3514,يا ناتن فيييييييييييت,0,Lebanon
3515,نكره   وقاحة في الحديث مع من هم اكثر منها علما مثل الشيخ وز ادا مع وليد التونسي الي هو أشهر منها تمادت في تفاهتها.الله يهدي,0,Libya
3516,الشيب والعيب,0,Yemen
3517,عاملة فيها قافزة. إخخخخخخ,0,Lebanon
3518,مشاشو النهضة، منافق,0,Tunisia
3519,أقعد مع الجمهور باش منسمعوكش ! مرزنك عبد 👊,0,Tunisia
3520,الجاير بركا قداش نكرهها,0,Algeria
3521,ممصط دين رب أمك,0,Egypt
3522,Amset encen cheftou f 7yati wouuh ma amset m'en nawfel ken houwa,0,Morocco
3523,chnowa ha elmsata pff,0,Lebanon
3524,قلة حياء و قلة تربية الغلطة في العباد إلي جابتها البرنامج طاح ياسر مستواه باشباه العباد هاذم ايا تراه فيق يا لطفي العماري,0,Tunisia
3525,mamset erab mte3 rab rab erab mte3 ra ommek,0,Tunisia
3526,نسمع بالشيب و العيب لين ريتوا 🙈,0,Tunisia
3527,قناة الشواذ,0,Algeria
3528,أمصط من العربي المازني، سبحان الله,0,Sudan
3529,As9et w amsa5 machoft fi 7yati,0,Tunisia
3530,kalb,0,Qatar
3531,alllah la trab7ek ya AMIN wenchallah weldek yetla3 kifou taw mazelet thez rassek,0,Syria
3532,Mas9etha ines w masswed 9albha asswed ki ch3arha w ki veste li dima telbes fiha!,0,Syria
3533,go3raaaaaaaa,0,Morocco
3534,ماااااااااااااااااااااااااااااااااااااااااااااااااااااااااااااااااااااااااااسط وربي يهديكم امسط حلقه!!! بطاله وروتين وارهاب وزيد توفيق الغربي!!!!!,0,Libya
3535,Mas9atha,0,Morocco
3536,"شيب ولعيب والمسرح معادش""يعنييك يعنييك يعنييك  قلت حياء يا عزوزة",0,Tunisia
3537,كمشة ماسيخ,0,Tunisia
3538,Maasta hia w enti w lmosalsel lkol,0,Lebanon
3539,Rabi ychfilou bouh ama rahoo maset lasetttt :þ,0,Morocco
3540,Azouza w amla hala,0,Tunisia
3541,3amletli esdid fi rasi tga3di wahef ekbsi ro7ek chway pfffffffffff,0,Egypt
3542,ماسطة برشا,0,Tunisia
3543,maset laset,0,Modern Standard Arabic
3544,أسد وسط قطيع من النعاج,0,Modern Standard Arabic
3545,Mamstek w mathkel mleyektek,0,Syria
3546,Masiiiitttt lasittttt,0,Morocco
3547,فسدة,0,Tunisia
3548,إن الإعلام في تونس في ظاهره لا يزيد عن العار و في باطنه كذب و تزوير,0,Sudan
3549,ma3ijbetnich barcha ahawka t7esha tlawej 3ala chohra w kahaw,0,Morocco
3550,ملا مستويات و ملا حوارات مستضيفين وزير برتبة كلوشار,0,Tunisia
3551,L animateur rahou masset. Brabi bedlouh,0,Iraq
3552,mala 3bed ejibou fihem taw bendermen la sot w la a5le9 ya3ref kan yetma93er w yetmanyek w e9oul fil klem elmaset 3ala me9ded ramez men roumouz fan tounsi w 3ala sihem badi ala 3morha majebtetou w la 7kat 3lih la bel bahi w la bel5ayeb,0,Tunisia
3553,Tfoooooooooooooooh 3lik,0,Syria
3554,mase5 matnejim tji ken 3ases tfouh 3lik,0,Tunisia
3555,9alt 7aia,0,Morocco
3556,Awled 9ahba mouch awled mofida,0,Lebanon
3557,Kertha hhhh mouch  3adi,0,Morocco
3558,Massit baaarcha,0,Morocco
3559,غريبة غريبة لا حشمة لا جعرة يحللو و يحرمو وحدهم و عندكم وجوه تقابلو بيها ربي و عبادو يا خماج يا مسخين ربي عطانا نعمة الجنس في ايطارها الشرعي و القانوني و الحلااااااااااااااااااال يا ولاد الحرام ولا حقا انتوما ماكمش رجال خسرة فيكم هال البلاد مسختوها و فضحتونا قدام الشعوب  يا ناري علي وليداتنا فيىالمستقبل,0,Tunisia
3560,سخافة ماسطة,0,Tunisia
3561,البقرة الحلوب حلبها وليد التونسي و روح شفايفها تقول شمبرار متع كرهبة ملا مسخة,0,Tunisia
3562,0% tha9afa,0,Morocco
3563,والله لا عندو حتى موهبة متاع فكاهة جملا,0,Tunisia
3564,9oulelhem isakrou 9anet irhabiya zitouna,0,Algeria
3565,عيب تقلو علي سي الطاهر هكا هههههه تي والله عيب ..,0,Tunisia
3566,Maset maset 3la il 7eyt pfffffff,0,Egypt
3567,أمصاط :/,0,Morocco
3568,يا لطيف ياربي اتقوا الله راهو رمضان.يزيكم من التقطيع والترييش ومس اعراض الناس.كان الغيرة والحسد والكره والشماتة.الناجح عندكم مجرم.شنوا هذا؟شيء ياسف والله شيء يحزن.الواحد لازموا يتجاهلكم ويتجاهل أعمالكم وافعالكم وشتيمتكم .استغفرالله ولا حول ولا قوة الا بالله.يظهرلي الي شفتوا وعرفتوا في الفايسبوك .انوا التونسي للتونسي نقمة مش رحمة.ارحموا من في الأرض يرحمكم من في السماء.,0,Tunisia
3569,ياتوانسه بالله فيقوا فيقوا اعملوا انقلاب علي هالكلاب،،،،،،,0,Libya
3570,توفيق الغربي قمة الانحطاط الأخلاقي.,0,Sudan
3571,كلب نهضاوي كيفو كيف الي يطرد مي  و حل بلاطوواتو لمبيضي الارهاب و مجرمي الخوامجية يلعن والدين كل طحان باعو روحو,0,Tunisia
3572,الرحموني العميل الاخواني الارهابي من عصابة البحيري,0,Tunisia
3573,لطفي العبدلي الكلب الصفاقسية اسيادك  ياكلب  ياحيون  ياڨبوط ياكلب 😠😠😠😠😠😠😠😠😠😠😠😠😠😠😠😠😠😠☝,0,Iraq
3574,لعنة الله عليك,0,Tunisia
3575,ايه فيها ، وحدة رخيصة و متبرجة و درا شتشوف في روحها حمد لله ك ربحت 10 د و ياسر فيها,0,Algeria
3576,قناة الدعارة,0,Tunisia
3577,"مقزز..مقرف.._x000D_
سبب من اسباب انتشار الزطلة في صفوف الشباب هو المخلوق هذا و فن متاعو",0,Tunisia
3578,شد عندك يا سي منذر اللحاسة اللي كيفك الكل ما حسوش بالظلم اما تبننوا بظلم الناس .اللي يصلي و اللي عامل لحية و اللي بمجرد انو يقول السلام عليكم و الحجاب و النقاب ... اللي يعملهم يتعاقب الحاكم ... تونس الكلها عايشا تحت ذاك الحكم كالعبيد و الرئيس و حاشيته و زوجته ينعمون بالخيرات و من الناس من ليس لديه قوت يومه اليس من ابشع انواع الظلم .. و لا يكتفى بهذا بل يتحالف مع اليهود الذين هم اعداؤنا منذ الازل و لا كتفي بل القائمة تطول و باختصار كان عميل و جبان و حقير و لن يعود الى تونس و ان عاد ستصبح تونس كومة من رماد بفضل الفتنة التى ستكون .... انت يا منذر حمار على شكل انسان اذا بن على شاغلك امشيلو و ارقدلو في حضنو يا ميب....,0,Saudi Arabia
3579,Anii nakraha,0,Morocco
3580,elgerd gerd ki nag3ouh fi dhab etffffooooo,0,Morocco
3581,Maset laset,0,Modern Standard Arabic
3582,ماسط و يتذومر,0,Tunisia
3583,Ppppppfffffff mal9aw chkoun yjibou,0,Lebanon
3584,9a7ba,0,Lebanon
3585,إنسان لا يعرف معنى الحوار و بربي سيب النهضة راك عملت العااار !!!!!!!,0,Tunisia
3586,Mastaaaaa lastaaaaa,0,Morocco
3587,"ملا لكزة_x000D_
Bjahrabi nahouh rahou miboun
mla 3bd :v
منااااااظرتفووووووه على التفاهات و التافهين
و وجودك انت مهزلة يا حيوان #مستويات
والله خسارة فيه كرسي مايا القصوري واحد لا يزي مسطك و زيد بيوع و جبان بش ما نقولش حاجات أخرى. وهف يهزو مرات نحسو موش تونسي
5iiiiiit gefach masta kan mchit salit 5irelek
Besla
راك ماااسط
وينو الماسط نوفل
بلاتو النفاق بامتياز
والله عيب على القناة ومقدم البرنامج.جايب واحد يرقص باش يحكم عللى السيد القاضي.يزينا عاد رانا فدّينا.الرجاء قراءة هذا التعليق
الله غالب مااااااااااااااصطا ماعندهاش القبول
العيب مش فيك في ابو صلعه لي جايبك حشمتونا قدام الاجانب جاب ربك لي ميفهموش تونسي برشا
khamej barcha
مكيش لا تاع فن لا تمثيل كون تشري فكرون تربيه خير
طحان كبييييييير
tfouh mella chleka
منافق
bda yemsat
كان التافه و خوه.
لا فلح لا في التمثيل لا و لا السياسة
rahdane ekbire
بيرم اناني برشا
لا تمثل المرأة التونسية وليست مثالا لنساء تونس
بدا یمساط تحسو یحب یضحك العباد بالسیف
massta
Mawatthech lbsa jmla
ماشي وتمساط وننصحك في الموسم القادم باش تجيب جديد ونوع شويا
Maaaast laaaasset !!!
Ma5ibou lonti ly 3mltou
mamestek ;(
Khiiiiittttttttttt 3lik, 9atletkom elghira wel ghazoul min lotfi
etfouhhhhhhhhhhhhhhhhhhhhhhhhhhhhhhh alikkkkkkkkkkkkkkkkkkkkkkkkkkkkkkkkkkk ya omasi5555555555555555555555555555
تافه جدا
Milla baslla
ملا كمشة همل تفوووووووو
الشيب والعيب
ما مسطو كرهنا من وجو ديما تجيبو  فيه
maseta barcha wthrbata fi roheha whiya 3moreha 100 wgoufa babourek zafer chef darek 5erlek memti
A333 cha3rou i9azzzezzz...ihebouh ken sgar hesb manchouf..yekhi clouun??
حسيبهم ربي في شهر فضيل يحكيو علي حكايات العهر والفساد
masettttt .. laseeeeet nakrhou pffffff
Waheed ya3tiih zouz kfouuuf idaw5ou pffffffff maasaa5
ماسط  لاسط. ........... و ماء سخون
marzen chekfa
Ya amine tab9a dima masset wdhyefek mastin w3elmanyin wsoueletek masta wd5alt di matahet ya jabri
Bara rawa7
Tawa hethi ghneya brabbi... pfff ya kafon fi9 naf7tek rehi taret.
منحط.منحط منحط منحط منحط منحط منحط
Aaaaaa33333 marakkou w mabslou
جبري بأتم معنى الكلمة ...وزيد معاه ريان يوسف. هوروزمون جاو فرد حلقة باش ما ترصيلناش نراتيو حلقتين
7al9a mta3 9ou7ab 3meltou 3ar ya twansa rakoum
L 3ib mech feha l 3ib fili istad3awha w mas5oulna wednina!!
mahouch fannen jemla mo5o zebla
Tfouhhh alik ya kelb
karakouz inyouz
bésla yeserrrr
والله العيب في تلفزاتنا اللي تجيبنا في هالاشكال هذي برجولية شيء يحشم
Mala mostawa w mala manta9 .. Famech 7ad Masset 9adouu .. Ya7kii 3laii daleji chneya 3maal kali howa 3mal 7aaja .. Ya7kii 3laii 2estiya2 je crois que ayssou menou .. C'est du bla bla blaaaa .. Il cherche le buzz pas plus
etfor5 wemsata yekleb
ماسط
شلايك
حيوان و قليل حياء و جاهل و عيب باش تنسبوه للثقافة
c pas possible mamstou
Massta
mast last
مفكر ماذا أيها الأبله
zeyd 9a7ba kbira t7eb tnayek  9bal el 3ers pffffffffffff
ربي يهلكم ممصتكم وممصت مسلسلاتكم شلايك
الفن بكلو مريض
انا مستغرب كيفاش ما طلعوش ليه قرون من كثرة الطحين والرخص
ملا حثالة مستدعيه ، قواد ولحاس ، طيح مستوى البرنامج ، ما هذا !!!!!! زبلة
اكبر حقير
Ya 5ouya mamstou
قناة الرذيلة و العهر
Brabiiii saybouh chakib war7mouh wenti ya amin rak kathartelha mamstik
mamstou ou mamset ghnayetou ou mamset 7wayjou t9oul fibelou brou7ou om kalthoum tounes ghana fel 7athra wimayel walleli charle aznavour nsit mamset esmou pfff ghaleb 3leya ou zid chouchouwet 5ayfin menou
انت شكون انت جبري انت فوزي بن ڨمرة..
tfouh 3la hal manather
يا قليييييييييل الادب
برشا نيفاق
شلايك
Maaaaassssttttttaaaaaaa
3amlet l3ar wallah 
الحوارالتونسي _x000D_",0,Tunisia
3588,yaser masta kan mchet th9fet  rou7a 5ire,0,Iraq
3589,fi kelma: maye3jebnich,0,Syria
3590,كلكم منافقين كان جماعت راب تحكي في الواقع الي صاير,0,Tunisia
3591,انا نكرها ملي كانت مشيحة ريق السبوعي,0,Morocco
3592,هذى يا سامى الفهرى جايبها باش توسخ سمعة البنات اللى يعيشو فى دبي حسيبك ربى ان شاء الله صوابع يدك مش كيف كيف والله كل ليله و انا ندعى عليك حسبى الله و نعمه الوكيل فيك,0,Yemen
3593,Ma2sat yjibo w yhmlo,0,Tunisia
3594,خيييت ملا تفاهة,0,Tunisia
3595,ثعلب نتتنا و ميبونا من فوق,0,Tunisia
3596,هذا   عار  تونس,0,Iraq
3597,hhhhhhhj mala boujedi,0,Morocco
3598,Mamsstek... Yesset masset.malla manta9 w Mala mostawé. Ti 9adem isti9altek w 5ali ness tekhdem 3la rwe7ha,0,Morocco
3599,انسان تافه ما عندوش مستوى,0,Tunisia
3600,Yeser ma93aaar,0,Tunisia
3601,rak maseteuuuuuu 😂😂😂,0,Algeria
3602,tfih 3ala hal bled.. lwa7ed y7el fb sbe7 yal9a ken lboumathat,0,Tunisia
3603,Allah yehlekom nchallah ya e3lam la3ra w t7iiin thanou wa3da allah 9ariib wentom ab9ou 8afiloun,0,Tunisia
3604,Taw ebrabi hada ye3jebkom Ti haw maset Ena kif yet3ada houwa Fe tel en9osha jemla tab9a jem3a ma9sous.9alou bendir man hhhhhhhh belehi 3ajbek esmek,0,Tunisia
3605,جاهل,0,Tunisia
3606,allahouma 3afina,0,Morocco
3607,قلاب و سارق_x000D_,0,Tunisia
3608,يا سامي يا فهري التوا ما فقت بيه.. راهو ماااااصط ماصط.. ولله كي يبقا ينكت ال غدوة لا يضحكني,0,Tunisia
3609,"الله لا يفرج عليه""",0,Tunisia
3610,تفيه علي مندرك معدنوس وحه الركبة,0,Libya
3611,و ياسر قلة حيا,0,Tunisia
3612,فعلا مخيفه,0,Libya
3613,مستوي الفني في تونس وصل للحضيض .من لطفي بوشناق للتفاهة هاذي,0,Tunisia
3614,كلاب باعوا هممتهم بالفلوس باش يخرجوا علينا بالكلام الماسخ,0,Tunisia
3615,malla taféhét,0,Morocco
3616,تفوووووه,0,Tunisia
3617,سلام مسيي مارق و رزين وماسط,0,Sudan
3618,،  ،مرتزقة الحجامة,0,Tunisia
3619,Floooop,0,Oman
3620,إزبالة,0,Egypt
3621,Mo7ami mouch moteobi,0,Morocco
3622,هذه القناة لا ارى لها فائدة اصلا لا يهمه المواطنولا مصلحته ولا توعيته في كل ما يخصه ’’’’الذي يهمخا الإثارة وكيف تغنم الكثير من الأموال حتى ولو على حساب الناس ’’’’’  ربي يستر تونس   وخراب تونس من اولادها,0,Saudi Arabia
3623,بلادة وركاكة,0,Morocco
3624,chbik maset el bereh eddrama athret 3lik,0,Morocco
3625,Échksra welb7ar,0,Morocco
3626,haha mabldkk ya sami,0,Saudi Arabia
3627,باز عندو ولدو يرخف على هذاك يشوفلو في عذر ولاونو العذر عندو خارج ١/٢  ميترو ههههههههه ياكلاااااب,0,Tunisia
3628,فتاة متصنعة غير متوازنة نفسيا وزوج مستفز ببرودة أعصابه ..تقولوا منحبكش يقوللها قولي نحبك نكتب عليك صداق. !!!!! الخلاصة قلبي وجعني على ولادهم,0,Tunisia
3629,محلاها الفلجة امون يا غالي هههه,0,Tunisia
3630,Mamesetha lila mager chakib,0,Morocco
3631,بربي نقص من ظهورك في التلافز,0,Tunisia
3632,عاهرة بما تحمله الكلمة من معنى,0,Modern Standard Arabic
3633,عبيطة,0,Egypt
3634,حسبي الله ونعمل وكيل,0,Qatar
3635,العيب موش في سامي الفهري العيب في يلخلي دارهم يتفرجو في القناة أصلا,0,Tunisia
3636,malla r9o3 yjiw ymeddou wjouhom wyabdem yetka3lsou,0,Saudi Arabia
3637,Mamstou 3ed,0,Morocco
3638,عيب عليك الناس تتفرج في ديارهم عائلة معاهم بنات عيب عليك أنتي راجل كبير و ناس الكل كاانت تقدرك أي كانت خاطر بعد الحلقة باش توالي تفريكة 2016,0,Tunisia
3639,مكشر متغشش مافهمتوش لينات كحل بصراحة ماسط,0,Tunisia
3640,Ta7an bn 3li 9awed mzel ymed fi wejhou fi tv malla marek,0,Tunisia
3641,Massatha lyoum salelm mr,0,Lebanon
3642,Manhebbouch,0,Lebanon
3643,Dawrha 5ayeeeeb mouch mta3ha bel7a9 el mouselsl fih 7ajet 5ayba mouch mta3 3ayla ttfarj m3a b3adha,0,Tunisia
3644,عيب عيب مش عيب كي يحطو تصاور خليعة و قلة حياء ويبداو يتمزهتو وسيبوفي فسادهم يلزو في الراجل باش يتفرج علي الفساد كيف نطقوه من جناب قالواما كروش قال .......... قلبي معبي اكثر من هكا علي البﻻدة والميلوس امتع المنشطين,0,Tunisia
3645,mela masa5 w mela ta7an w m.... met5alef w rojla mayasm3ch beha,0,Yemen
3646,Barcha 9elet 7ya mouch 7ob lwa7ed wala 3amel talefza fil koujina bech yeb3ed 3la bouh,0,Tunisia
3647,مااااسطه,0,Yemen
3648,Mabslou 3abd taw hedha ydhahek bjah rabbi ?,0,Lebanon
3649,5amej w massa5 ye massa5,0,Saudi Arabia
3650,Maskina ou5tha :( masta li 7al9a pffff,0,Egypt
3651,عاهرة مراجل,0,Tunisia
3652,Ma3jebnich  m3a omo,0,Syria
3653,maset 3ale5er,0,Tunisia
3654,برجولية سخيف جداا,0,Egypt
3655,hhhhhhhhh yessir blida,0,Jordan
3656,موش بلاصتو بربي  بكفي من هذه الوجوه اللي خنقتونا بيها رجعولنا مايا خلي كلام الناس يرجع الى حيويته,0,Tunisia
3657,Zballa zballa zballa 😈😤,0,Palestine
3658,بلاصتك في الحبس والا الحرق انت وامثالك  حتى الموت,0,Saudi Arabia
3659,Masset,0,Lebanon
3660,Mridh wmet5alef wma9al 7yeh 9adech mahouch metrobi,0,Morocco
3661,amsset  mel mssoutiya bidha  ...........,0,Lebanon
3662,Ouuuhhhhh mamstikkkk imchi or9od,0,Iraq
3663,كارثة 😡,0,Egypt
3664,Malhet,0,Lebanon
3665,Masset lasset,0,Morocco
3666,msta w lsataa,0,Lebanon
3667,mate3jebnich bsaraha marga barcha ta3mali jayer efffffff,0,Syria
3668,ختمت يا بن عروس,0,Tunisia
3669,يعطيه زلزاااااال مامسطوووووووو وما ارزنوووووو. موش متربي ومش محترم ويتڨوعر برشاااا,0,Tunisia
3670,ممصتو زح,0,Iraq
3671,Ihabel,0,Lebanon
3672,اش باش تردوه علاش ملائكة ماو طحان مثل بقية برشة طحانة,0,Tunisia
3673,lehak masseta,0,Tunisia
3674,ناقص تربية يقول على امو جايبة ولد حرام و هو سادة جايب ولد حرام,0,Tunisia
3675,mamstek ya kalb ti inta matjib fik ken lkanet hathi mta3 la7asa,0,Tunisia
3676,(جالطم ),0,Saudi Arabia
3677,"تي ماللخر راك انسان بوهالي تعمل في Buzz و بن علي ماهوش راجع ود""",0,Tunisia
3678,Mouch mennou Melli ijibou fih,0,Morocco
3679,فضايح تلفزات العار,0,Algeria
3680,قداش اعلام تونسي ردي وتافه ومؤسف ولمخل مقدمين بلحق معندهمش ثقافة جملة بلحق اعلام العار توة لمقدم برنامج هذا يقرن في صلاح مصباح بنور شيبة ليغني في لخطأ ويغني تحت لحيوط وفوق سطوحات لاي هو عمر نور شيبة عدها صلاح مصباح يعدل في لعود متاعو هو عمي علي وكلام تافه وضخمو اعلام يا حسارة دنيا وزمان لمعكوس يسكت لكنارو ويغني لخنفوس,0,Tunisia
3681,بش نتفرج في حاجة تنفع خير من العفن متاعكم اشتحوا و غنوا وحدكم تونس اليوم دفنت ملايكة قتلتها افكاركم الارهابية اللي احبوا توصلولها,0,Tunisia
3682,"جبالك الرواسي و لا عبدك الثقيل.. 
امصط مغني شافتوا وذني وسمعتوا عيني
مخيب جلغتك .زعام كان في تمقعير .
masta
OFFFFFFFFFFF malla 3ella
mla fday7
Hhhhh Hertha mradh w na3ref dweh Rabi y enfin ya mo9ded
ما تعجبنيش ...
حسان من الجزاير.لا تمثل المراة التونسية المسلمة.عاهرة بكل المقاييس
insibti la3ziza 3awdouh barcha marate pfffffffffffffffff fadina minou ma3adich fih gou ou zedet a3lih wejiha ouh  ouh ouh 9adechha masta lasta kamlite 3ala mramtou 5iiiiiiiiiiiiiiiiiiiiiiiiiiiiiiiiiiite mamistik
Wino ras ilbasla hhhhh
اعوذ بالله من الشيطان الرجيم حاشا خليقت ربي ثعلب ب أتم معنا الكلمت
تافه بالقوي
المثقفين الفاسدين اتفرجوا فيه وحدكم
Yaaaser maaaasta
راك ماسط راك لاسط راك عالحيط
برشاا طحيييين 😯😯😯😯
حلقة ما عجبتنيش حلقة فاشلة
حقهم سماووه ولاد القحبة
انسان مريض.
توفيق الغربي ترهدين و طحين _x000D_",0,Tunisia
3683,مش حلو ميضحكش ماااااااااااااسط,0,Egypt
3684,"هذا الخفّاش منذر قفراش المهرّج رجّعهونّا شخصية وطنيّة_x000D_
قحب و طرطور
انت تافه
Masta
ماسط، ماسط، ماسط.......
الصراحة...فسدتها خميسة_x000D_",0,Tunisia
3685,Maset laset,0,Modern Standard Arabic
3686,قلت حياء أما  ثلث من الواقع للاًسف,0,Tunisia
3687,Maset 5ra,0,Tunisia
3688,mamastou,0,Morocco
3689,فساد و قلة حياء و عدم احترام لمفهوم العائلة التونسية يا سي المسخ حط في مخك راهو مزالو فمة ناس تحشم و تقدر البو و الخو و الام زادة مسلسل يفرت العائلة موش يلمها انا لتوا ما فهمت شنية الرسالة متاعو ها المسلسل كان لفساد و قلة التربية و الكلام الماسط الله يهلكك,0,Tunisia
3690,الشيب و العيب,0,Algeria
3691,ياسر ثقيل وماسط وبلاسطو في الراديو,0,Tunisia
3692,والله   اكبر   طحان ريتو في اخياتي    زعمة زعمة  فنان  تونس  وجهة اتقولش اعليه  كعبة افطايبر من  امدق  الحلفة    فيق  على وظعك   يا   ولدي          مهما تعمل  راك  ما  توصلش    حبوبة  و  سمير لوصيف,0,Tunisia
3693,ملا خلايق ومناضر,0,Tunisia
3694,أشكون هالعبيثة هاذي زادة,0,Tunisia
3695,يا خويا أمسط منك ما راتش عيني 😒😒,0,Tunisia
3696,توفيق الغربي نوع من الارهاب السمعي و البصري والمعنوي بالنسبه ليا خييبييبببببببت,0,Morocco
3697,يااااااسر ماسط ........من محمد علي النهدي لمحمد الجبالي وبندرمان ......ربي يخفف علينا,0,Libya
3698,Masset yeser,0,Lebanon
3699,زبل في البوبالة,0,Tunisia
3700,ya waliiiiiiiiiiiiiiiiiiiid ya m3alleeeeeeeeeeeeeeem raw3aaaaaaaaaaaaaaa...... ama maram n7eb n9olha rak0 0 0 0 0 0 w mostawek yeser mon7at tfiiiiiiiiiiiiiiiiiih,0,Tunisia
3701,7ayawen pas +,0,Morocco
3702,تفوه ديوث وخامج وصحيح عين ويناقش كونسار ان شاء الله,0,Iraq
3703,fachel,0,Oman
3704,Maset hal khra,0,Yemen
3705,"ماسط وساذج في تفكيرو .....وقت اللي انسان يربط بين الشهادة ( شهادة أن لا الاه الا الله)وبين ما اصطلح على تسميته "" خوانجية"" ....ما تنجم تكون كان بهامة وغباء لا حدّ له",0,Tunisia
3706,Pfffff fi chkon y9aled,0,Tunisia
3707,قحبة كبيرة,0,Tunisia
3708,متفرجتش اما يستحق كلمة كلاب سوق و نماذج مسخ صورة الممثلين كان عندهم صورة,0,Tunisia
3709,Marzan mleykithaaa,0,Algeria
3710,Ach bikom tafhine awlade lamine i5iiiiiiiiiiiiiiiiiiiiih,0,Tunisia
3711,ماسطة لاسطة,0,Tunisia
3712,"و كيما قال كريم الغربي : راك تغيض راك تغيض""",0,Tunisia
3713,أشبيه ماسط هاكا إيقول لشكيب نهضاوي علاه ما يسألش لعماري أشبيه من النداء,0,Tunisia
3714,keleb erahmouni,0,Tunisia
3715,9adech walit nakerhou,0,Morocco
3716,Nakraha,0,Morocco
3717,تفو عااقحاب,0,Morocco
3718,رمز الفشل,0,Saudi Arabia
3719,خليتونا عار بين العرب,0,Iraq
3720,Hiya w tawfi9 tanjra w l9at 8taha fil msata chay y3aif,0,Syria
3721,هههه كي نراك نتفكر قرودة بلفيدار و منيش نتمنيك على خليقت ربي انت رديت روحك تشبه للقرد,0,Tunisia
3722,ماسط ه‍ذا العمل مع الاسف,0,Tunisia
3723,مخيب وجه,0,Oman
3724,el kolkom ta7anna,0,Syria
3725,ملعون أبوك يا فقر يا محوجني للأنذال ذليت عزيز النفس  عشان عديم المال ملعون أبوك يا عوزة ذلت السؤال قتال، آه لو لعبت يا زهر و تبدلت  الآحوال و ركبت أول موجة في سكة الآموال لروح لأول واحد إحتجتلو في سؤال كسر بخطري ساعتها و ذوقني ضيق الحال لعمل معاه الصح أنا  و أسندو لو مال و أقف جنبو  فالمحن و أكون طويل البال و أعلمو الفلوس متصنعش رجال و الحوجة مرة ياما بهزلت أبطال...,0,Egypt
3726,ما خيب مناظركم ،،شكل شياطين,0,Lebanon
3727,يزي من التنوفيق متع النهضاوية.مرمد للطحانة و الشعب معاك.,0,Tunisia
3728,sl3a gzez,0,Tunisia
3729,وجوه مقلبة سبحان الله,0,Algeria
3730,9elet torebya,0,Morocco
3731,والله لا القيت نعت باش ننعت بيه هالمخلوق الشيب والعيب ولا حب اتوب ويرجع لله كل مايزيد في العمر يزيد يكلب و يتمهمش تفووووووووووووووووووووه عليك وعلى امثالك,0,Tunisia
3732,برامج لا أخلاقية يا معلم عايلات تتفرج ولا شنوا تلوجوا عالبوووز #بدون_تعليق,0,Tunisia
3733,mokrez Karim yesser,0,Morocco
3734,Ma3jebniche,0,Morocco
3735,مقرزة و تافهة و وليد التونسي عطاه صرفها تحساب روحا جعبة و هي مجات شئ مكذبش وليد كي قلها إنت شكونك هههه,0,Morocco
3736,9adh nakrahhh,0,Morocco
3737,mamesto,0,Saudi Arabia
3738,Flop,0,Lebanon
3739,Karim maset,0,Morocco
3740,ya5ou fi faset mel facebook w y3awed fahom rak maset rak laset,0,Yemen
3741,"تسيب و انحطاط اخلاق _x000D_
حيونات يراهم مشلولييين
Amsit barnemij fi 9anet ena manich fehma chniya y7eb ta3mil samir wafi ooooohhh mamstouuu
تفووووووووو عَل المستويات المنحطة 😡
Insan jahel !!!! :(
كل مرة تزيد تسقط من عينينا
موش معقول
اكبر طحانة
Barcha tgou3ir+barcha t7in+barcha bhema w msata = taoufik el gharbi
za7..mast ya sa7bi maast
شكيب ممصطك يا راجل ظاهر يا بابا يامي يزيك من التنوفيق
Malla 3elkkkaa !!
Wlh zayed khamej w masakh w matwalich 3abd belahi omek w okhtek tfarjou faha la9ta hadheka?????????
مسط
tfouh 3lik rakom jahaltouna allah le rabahkom 9alou 9ima !! kol wa7ed ydafe3 3lihom rahou minhom
تحبك لفعه يا مسخ
متحيل وقلاب
ضنوه حارمه تفووووووه ...
مهزله عمري ما كنت نتصورو هكا !!
elmouhem thama rhout hacha 5ol9et errahmen ma3ch nhebou nchoufouha'fi labess'
الشعب التونسي العظيم ،،،،,,,,,,الاٍرهاب و الدينار طايح و البلاد عالحديدة .والكلها موضوعها ولاد مفيدة تباااااااااااااا
مستوى متدني للغاية
ye5i mich 9a3id ichouf fi 5litou fil mraya hal kartha
مخمجه
ماسط
امسط عباد الله
في كلمه. زنديق
Kanet 3ahira.Mala mwabna .
La booh amset byaser blada belkhra
3alkaaaaaaaaaaaaaaaazi
marida hay
مااااسط  مااااسط  مااااسط  مااااسط  مااااسط  مااااسط  مااااسط  مااااسط  مااااسط  مااااسط  مااااسط  مااااسط  مااااسط  مااااسط  مااااسط  مااااسط  مااااسط  مااااسط  مااااسط  مااااسط  مااااسط  مااااسط  مااااسط  مااااسط  مااااسط  مااااسط  مااااسط  مااااسط  مااااسط  مااااسط  مااااسط  مااااسط
tfouh
Maset chway walit ..
Mostawa mon7aaaaaaaaaat :3
ملا سلع ههههههه برافووو
Ma3jibnich
مريض
هذا البرنامج اهانه لكل تونسى ..... اخوكم من ليبيا
9a7ab.
اتفه انسانة ريتهاا و تقول ممثلة منين جك الموهبة تفهاااا و ساخيفة ت حمقاء و زيد عفشة و متصلحش فنانة تمشي تحل كيما قلت هي حانوت كسكروتات موش تعلمت كلمتن بسوري ولات تعطي في حقوق لانسان تف تف تف تف عليها و علي . ملا حالة في تونس .
malla chakhsiyya jeybinhaa :33
وزير #التربية طلع قليل حياء!_x000D_
Men7ebhech
y3ayef !!
الله يهديكم جايبين شبه ممثلة تعطي في رايها تتمعجن في الكلام حاسة روحها اش من حاجة افففف تقزز
مهضمتوش ها المسلسل
اتفوه علي هالاشكال
. شكيب يوتر الأعصاب ..مقلق مقلق ....مقلق مقلق يفدد  ....فدة ...غمة على القلب
masit lasit
chellet ettefihinnnnnnnnnnnnnnnnnnnnnnnnnnnnnnnnnnnnnnnnnnnn
بصراحه ميعرفش يحكى ممممممممسط
mela masa5 w mela ta7an w m.... met5alef w rojla mayasm3ch beha
T3ayef
Ma amstou mnin jebouh
Etfouf 3lik
اشك في رجولته؟!!
Hhhh tha3louba
مخيب راسو
التفاهة والسفالة بعينها والحق فلي مستدعيه
كلااش فاشل
3afattt
Mchee mnayek jee anyek
malla ma3da
Ta7aaaaaaan kbir
مرا بألف طحان من الجهال الي يسبوا فيها...
تحسو ضايع طووووول
W #lotfi  3o9detkom",0,Tunisia
3742,ملهط,0,Egypt
3743,Mamset weldin omou mnin jeybinou hal 5ra lokza hetha,0,Tunisia
3744,موش بﻻسطو,0,Tunisia
3745,Tfoo lik w leha,0,Tunisia
3746,ne9ess mel7,0,Tunisia
3747,ملا حيوانات؟,0,Tunisia
3748,إنسان فاشل و جابوه في تلفزة إفهم إشنية باش يصير هههه,0,Tunisia
3749,هذا الشخص بالحق اناني ونصاب,0,Yemen
3750,Essaber w barra,0,Lebanon
3751,cha3bon tafah w ablah,0,Tunisia
3752,نهضاوي متنكر ناكر في أصلو كذيل الكلب ديما معوج,0,Tunisia
3753,Masta,0,Lebanon
3754,شعب منافق,0,Qatar
3755,yeser ta3ebe fi mou5ou maaaaaaaaaaaaaaaaaaaaaaaaaaaaaaaaaaaset,0,Tunisia
3756,مستوى منحط يا علام العار,0,Algeria
3757,عيب والله,0,Libya
3758,الحاصيلو ماسط لاسط يا شمير,0,Tunisia
3759,واحد من البندارة,0,Jordan
3760,نبزق على القناة و نتعدى تفوووووووووووه.....,0,Algeria
3761,mal9iitou matjibou ken manel amara!!!!,0,Tunisia
3762,تمد في ومنضرك زايد اطحين في دمك تفيه,0,Tunisia
3763,ما أحقرَ بعض البشر..,0,Oman
3764,miskina,0,Algeria
3765,يا توفيق  انّك  تكره تيار معيّن لا يعني أن  ترفض  التحاور مع الناس و الضيوف أنت هكذا تثبت ضعفك,0,Algeria
3766,امسخ وقواد ورخيص وكلب,0,Saudi Arabia
3767,"وجوه يوما إذن 
هذا الوزير الفاشل كلما تكلم ملأ الدنيا وشغل الناس بخطاب الفتنة والكذب وقلة التربية_x000D_
نور شيبة البغل ...يسب في القاضي الرحموني ...زمن العهر
توحشتو تكميم الافواه وهزان القفة
مسخ و طحان
5sarteeek ya Tounes 3melna tharwa bech na7kou 3al chams !! w yji wa7ed zay hadha ynadhér 3alena ...
أنا شخصيا متفرجتش فيه و قناه الحوار التونسي ولات مهزلة و شئ احشم و مواضيعها تافهة و الله اسكروه و شوية و هدا من شكل معروف ازح فيق على روحك تعب أمك و بوك طيحتو في الماء ملا حالة لعباد اتقدم و احنا انوخرو
amir maaaaaaaaaaaaaaaaaaaaaaaaaaaaaaaasit 
مااااااااااااااااااااااااااااااااااااااااااارق
Masettttttttttt
و محلاها الساحة الفنية بودنك  ........",0,Tunisia
3768,فضيحه التاريخ الفني التونسي,0,Libya
3769,Malla manta9  w malla  7ala .tfouh 3lih,0,Tunisia
3770,قناة عار ودعارة,0,Iraq
3771,حمار ممسطو عبد ومركو والله يستاهل كفوف,0,Tunisia
3772,Massta lassta,0,Morocco
3773,كلب بن كلب,0,Qatar
3774,هاك البهيم امين المنشط سآل سؤال غبي برشة وقال اما أخطر ارهابي او مثلي .ههههههه يا بهيم تقارن في ارهابي قاتل مجرم بطحان يعطي في ظهرو,0,Tunisia
3775,الله يرحم والديك علي موقفك مالكلب الخوامجي شكيب التافه .حطيطو في بلاصتو,0,Libya
3776,Masat dawerha,0,Morocco
3777,Pffffffffff bélehi ech fikom meyetfarej m5a5 fer5a w tefha 😠 el,0,Tunisia
3778,خسارة الحلقة متع اليوم مش تمسطها بمنصف السويسي ورؤوف بن يغلان بصراحة ما عندهم في السوق ما يذوقوا,0,Tunisia
3779,شي اسف والله,0,Morocco
3780,"عملتولنا العار و شوهتم طبايع التونسي الأصيل تفوه عليكم خماج""",0,Tunisia
3781,nakrho,0,Morocco
3782,mamsatha 7al9et el bera7 wles invités ma5yabhom mastin lastin,0,Morocco
3783,Tfouh a3like,0,Tunisia
3784,Mamstik gdch nakirhik pffffffff,0,Egypt
3785,ماسط لاسط كالكلاسط,0,Tunisia
3786,tijbid fi mra mita tfouh 3lik zeyd torbit ra9asaaa,0,Tunisia
3787,Barcha 9ilet tarbya,0,Algeria
3788,نوفل الورتاني ماعادش تكتب ؛ الحلقة الاولى فاشلة,0,Tunisia
3789,عزوز جايتها في عقاب عمرها,0,Tunisia
3790,ma5emjek ya hanen chograni 9azezetni kifeh tefret fe zebla 7achakoum w fe la5er termet fou9ha masabretech,0,Tunisia
3791,لعنة ألله  عليك,0,Iraq
3792,ملة منظر,0,Tunisia
3793,Tfouh 3lik ya bayou3,0,Tunisia
3794,Y5awef sa5ta,0,Yemen
3795,Mamseethaaa,0,Morocco
3796,"سبحان الله شعب راضع طحين شعب يموت على القمع ههه بربي عطوني سبب واحد يخليكم تسبّو النّهضة علاش ما تسبّوش الأحزاب لي متسمية على التجمّع ؟؟_x000D_
ماسط لاسط ماسط لاسط ماسط لاسط... اخر واحد يحكي ع الثقافة. فاقد الشیء لا يعطيه
ماسط عتيتوه اكثر من قيمتو ضيع الوقت ماااااااسط
يا ناااااااس بالله زيدو ثبتو معايا _x000D_
بصراحة شئ يحشم...عيب والله ... فما حاجات عيب... قلة احترام و تجريح للطفلة
maset laset
استغفر الله في شهر رمضان شياطين الجن مسلسلة قعدولنا شياطين الانس عفانا و عفاكم الله
Baya ana mata3jibnich wi manich 3arif chibaha tharba tharbtin tirikil bi roubitha rabi isabar 3alina la3 9al
Ya7ki 3lla torbya w houwa mouch motrobi
Malla mahezla 7sibkom rabi idaf3ou 3al ihoud i5it a3likom
تي شبيك ماسط حاقهم يحطوك تخدم في مكتب العلاقات مع المواطن
من قلة وجوه اللوح شديت لينا في ها الخشبة؟
حشاكم خرية وريحتو خرجت مالتفزة  . هو مش محترم ومش متربي ويحكي عالتربية كينو الوحيد في تونس متربي . وهو بالعكس الوحيد مش متربي في تونس هو مقداد السهيلي
كرهني في البرنامج
نحي راس بصل حت راس ثوم
شبيها ديما مخها خامج و ماشي كان للفساد بفففففففففففففففففففففففففففففففففف  _x000D_
Masta lasta w majet chay bsara7a
Kalb ihodi ta7an 9awed tfoh 3lih
والله تمنيت القاضي كان زاد بزق على الكلب ناجي جلول
وبربي للجماعة الي يقولو هذا واقعنا..(معادش تعاودوها )",0,Tunisia
3797,برا الله يلعن بوك  وبو أمك العاهرة يا سامي الفهري يا طحان ماكش راجل بايع شرفك يا عديم الأصل يا ديوث تفووووووه عليك وعلى الطحانة اللي تبع فيك,0,Lebanon
3798,فسد كيدخل خشمو فالسياسة,0,Morocco
3799,Elma5our ettounsi,0,Morocco
3800,mhazellllllllllllllllllllll w il bled dima da5la fi 7it w cha3eb yath7ekk sa7itoo dima il 9odamm hakekaa 3maltooo l3arrrr ; w zid 5arjni ya admin na9es kan intaa,0,Syria
3801,باسل برشا  مسكينة تونس,0,Tunisia
3802,تافه,0,Palestine
3803,Tefou,0,Algeria
3804,Mas9atha,0,Morocco
3805,Mala 9hba,0,Lebanon
3806,كلب ساقط,0,Saudi Arabia
3807,طز فيكم و ما امسطكم الكل,0,Tunisia
3808,zero zero zero ka3ba la w maaaaaaaast laaaaaaaaaast,0,Iraq
3809,محلاها,0,Tunisia
3810,Tfouuuuuuh 3lih imasa5,0,Algeria
3811,Yentabe9 3lih 9awl ecchi ya dhebbena mathamma fi denya ken ena !!,0,Tunisia
3812,Pffffff 3ella 3al 9aleb bellah la3dhim dawarli 5watri 😵,0,Tunisia
3813,اللطف ..ولد حرام و جاب ولد حرام و باع ولدو,0,Tunisia
3814,فساد و فسق هلكتو لبلاد و لعباد حليلكم من ربي يا اعلام المجاري,0,Tunisia
3815,Amin gara yeser tefah,0,Lebanon
3816,مخيب مناظركم,0,Iraq
3817,maaaasta,0,Tunisia
3818,Málla sel3a,0,Morocco
3819,ya3tih  wahf  ma9al  tarbitou mala  ghadanfir                 :poop:,0,Morocco
3820,malla mandhar a7raf 5iiitt 3asbééé7 tga3ééd ma5ibék :/,0,Morocco
3821,Mahouch metrobbi w bhiiiim,0,Iraq
3822,ta7an,0,Yemen
3823,هالطحان الكلب المحامي  منير بن صالحة  بن علي عندو احكام مؤبدة ومطالب قضائيا وبن صالحة خايف علي مشاعرو وباش يقاضي كل من اساء اليه في برنامج ألو جدة برا يلعن بو طحينك يا كلب ويلعن بوك و بو  بن علي و ألي يحبوه معاك ،،,0,Tunisia
3824,لطفي بلادة هههه,0,Tunisia
3825,هذي ممثلة الرذيلة سكس,0,Saudi Arabia
3826,راك ماسط راك لاسط راك سلعة متشيخش جملة.صاحبي موكش متع فكاهة,0,Tunisia
3827,maseet meskina tounes...,0,Morocco
3828,"عاهرة ... نكرة في زميلها او بالأحرا استاذها ""احمد الاندلسي"" باش تمجد فرخ ميبون .",0,Tunisia
3829,شيحكي هالابله,0,Syria
3830,Masta,0,Lebanon
3831,ماسط,0,Tunisia
3832,اتفوووووه على اولاد الرقاصة والي يتفرج فيهم,0,Tunisia
3833,شنو كل هذه التعلقات علي فلة لو كان واحد حافظ قرءان متعلقوش عليه ،اتقوا الله يا ناس نسيت عبادة الله و نحن علي ابواب رمضان بدل جيبو دعات اسلام ،جيبو كان في الفنانات، انا هذه فلة متشرفنيش ،حسب روحا عمرها 18،لبس الجينو مشحوط و العري الخزي و العار. نحن بلد المليون شهيد و نصف مسلمون (شعب الجزائري مسلم و الي العروبة ينتسب من قال حاد عن اصله او قال مات فقد كذب)اتقو الله الغناء راهو حرام و الاية تقول (الذي يشري لهو الحديث ليضل به عن سبيل الله)،بدل تواعضوا الناس في هذا الشهر الكريم ، و جيبو مساباقات دينية و حفظ القرءان ،تستضيفو في الفنانات،اين انتم يا مسلمون اتقو الله لا تشجعوا علي معصية الله.,0,Libya
3834,masta lasta ha bou 5cham,0,Morocco
3835,راييييي فيها قحبة ولزبيانة,0,Lebanon
3836,Hata o5tha mas9tha ra9dt m3a rajel li t7bou o5tha tstahl,0,Tunisia
3837,لا يليق بهذا البرنامج بصراحة بلاصة مايا وحدها,0,Algeria
3838,أمسط واحد فدنيا,0,Tunisia
3839,ماسط لاسط,0,Tunisia
3840,Nahdhawi kalib wlotfi tajamo3i kalib kifou,0,Tunisia
3841,Massit barcha,0,Morocco
3842,بصراحة اسقط منك ماريتش ... المسيح و احترمو ديانتنا اقل شي ما يفطروش قدام المسلمين في رمضان .. و انت لخمج الكل ما تتفكرو كان في رمضان..,0,Tunisia
3843,"عبد الفتاح مورو رويبيضة. العصر 
مصقتها
Eli kifou lezeem imoutou   ✌
تافه يتكلم في امر العامة_x000D_
Tfouh alik ya kemja
رجل اعمال وهدرة وحراسة ومال واعمال ومستواه منحط.يحكي كي الفصالة ويسهر في كباريه بدورو ويلوج عل بنات هك وهك.ملا حالة وكابة
Barcha 9ellet torbiya
قمة العارر بلاد تقاوم فالارهاب و ذكوررا تلوج علا الذكوررا
5orda
Barcha 3ar w fdhayah
merg w masat
بلاد الواق واق",0,Tunisia
3844,Tfou,0,Algeria
3845,فضحتنا في تونس والخبزة بالحق مرة,0,Tunisia
3846,بية الزردي مركبة من راسها لساسها,0,Tunisia
3847,مريض والله,0,Tunisia
3848,"يغلي كالبرمه !!!!! شكون إسكتو وترلي اعصابي "" حرام عليكم معادش تعديوه حياتو كامله يسب و إعارك وما عاجبو شي وهو ما جا شئ عندو الحق بندير مان """,0,Tunisia
3849,3asla,0,Saudi Arabia
3850,بلاد طحين,0,Tunisia
3851,Mereg,0,Lebanon
3852,مصح رقعتو,0,Tunisia
3853,Mat3jebnich,0,Lebanon
3854,كريوك.. خنث.. تافه.. طحان.. ماسط.. جبري.. فاشل.. لكز.. عفش.. رهط.. فاسد.. متخلف.. مريض...,0,Tunisia
3855,انذل إنسان ...,0,Syria
3856,فيه الريحة,0,Saudi Arabia
3857,7ala mote3ba asl,0,Morocco
3858,نظف برنامجك يا سامي من الفساد مش غشك للدولة تحطو في التلفزة,0,Tunisia
3859,tfouhhhh and tfihhhhhhh,0,Yemen
3860,برشا وبنى و فساد,0,Tunisia
3861,brcha 9o7b,0,Lebanon
3862,"كذاب واضح عليه 8 سنين ضحك علاها _x000D_
طحان و لحاس
قناه الدعاره
ما يجيي شيييييييي",0,Libya
3863,Ma5yebhom,0,Lebanon
3864,Malla 9liiil  tarbya,0,Tunisia
3865,Maset laset,0,Modern Standard Arabic
3866,برشا قلة حيا و قلة تربية... أٓش باش تلقا في حفرتك نهار آخر يا سامي الواطي,0,Tunisia
3867,يكب ولا سعدو,0,Tunisia
3868,Bsara7a maaaaaaassssssit,0,Morocco
3869,لا فيكم واحد ينفع كان الكذب و النفاق,0,Tunisia
3870,"لغة الحوار مفقودة
Kathrreeelllha blmsouuuutaa melé5errr :/
Masta
Hhhhhhhh ya asla3 ya kaleb
مسلسل أتفه من التفاهة
marmzouuu
حقا القاضي الرحموني لم يكن مقنعا في تبريراته حول سراح المشتبه بهم في قضايا ارهابية لذا كان عليه ان يصمت احسن
lkolkom 7othela
Maset laset
جاهل متاع راس لنبوط ...
اوووه ممسطو  وكان مشي عمل حاجة اخرى خير
ملا مجانين  وسامي معاهم
امسط انسان على وجه البسيطة تجمعي تعيس ماعندوش اخلاق وزايد جايبينو
Ou9sem bellah amsat menou  maritech fi kol chay 3amlin lih tawla warb3a krasi
عمري ما ريت قفة كيما ريتها اليوم برا ربي يخزيكم كيف ما خزى اليهود و يمسخكم كيما مسخهم
بصراحة يخوف يظهر كلوشار . حالة حليلة بالوشم
هز مارق جيب مارق
Maset laset
ماسطة برشة...
مخيبو مخيب وجهو هالاحول
Masta baaaarcha :(
الحمدلله مرتاحين من منذرو هل اسمو شكيب مرزن ملايكتو و طينتو
الكل ماسطين
La3nat allah 3lik hlel fik 9atl 9alou nheb 3la h9ou9i ha9ek houa rajm ya masa5
منحط لا تربيه لا ثقافه تو من قلة المسرحيين جايبينو هنكره و تو هذا تسميوه مسرحي من اصلو
بربي فيق شوية على روحك. إنت ماعندكش أغاني تتسمع أصلا، و راك أتعس نقابي عرفتو تونس و ماكش شيخ
Bleed kedheb w niffe9 8-)
t3ayeeff
Mriiiiiiidh w mahouch bech yabra_x000D_ Kdheb kedhbet w sadde9hol  3omri ma choft tounsi yasme3 fi 8neya mte3 mesbe7 el3affat
اكبر شعب منافق هو الشعب التونسي في الشارع بعد الثورة تسمع كلام يقشعر البدن و في التلفزة نوليو شعب كامل محافظ بربي يزيو من الريق البارد العيب في مقدم البرنامج اللي وضع تلك الصورة لامرأة شبه عارية
انا امي صفاقسية و محسوب صفاقسي مولود و عايش هوني في صفاقس اما الصفق خايبين عنصريين و حقارة و مسمامين و ما يحبوا حد و دينهم الفلوس و المظاهر
مش تسخف تتزعبن
لاعبتها قافزة و تتشنفخ راك مجيت شي و كيما قال كافون راك ماست راك لاسط شكون انت باش تحكي على احمد الاندلسي غير توصلو
مسقتها  إيناس  ومعجبتنيش  الحلقه
مسخة
Massssssstaaaaa
مكانش امصط منكم يا مصطا
Ti bara rawe7777777
rzin
ولاد الفساد وفلة الحياء وقلة المعروف والفجور والفسق والخروج عن طاعة الله في شهر كريم هذا نموذج من الإعلام التونسي الفاسد الرديء  والمشجع   رقم 1   للفساد  والفجور
Mamstha
masset  barcha :p
القوة الربي كل مرة أمسط ملي قبلها ,,,تي برا روح
خلط في خلط. حكاية فارغة و قصة سخيفة لوكان لهوفتوه المسلسل من عمناول خير مالطول الفارغ. سيناريو ردئ و فازات محروقة مسلسل بارد ماسط. قناة الحوار على قد ما عطيناكم ثيقتنا على قد ماقاعدين تخدلوا فينا. احنا مانكرهوكمش أما أنتم ماتحبوناش
tfih 3laik
Mamstou
راك ماسطة،راك لاسطة...🎤
Awled hram
Yaser 9let 7ya 3aylat ttfarej raw sltp
Belehi y'a. Chawket mathabik ma3adech tzid hata kelma . Tounes matetcharafch bik. Bara lben 3li yetcharef bik
Tafha fargha majat chay
مغرور وتافه لا يريد الا الاطراء والتمجيد ويكفي انه يشتغل في قناة السارق سامي الفهر غلام الطرابلسية لقد وضعته الصدفة ليكون في مشهد اعلامي لا يتربع على عرشه الا الاراذل ويني حلقة سامي الفهري الي باش تكسر الدنيا طولت برشا لكن في الأخير طلعت بصاص كيما معز بن غربية و البقية....
masta chwaya mouch kif el 3ada
9adash wsa5
5amja....sa9ta.....r5issa.....3afna....nadhla......7othella.....tfoooouuuh 3leha mete7chemch
فكر متشدد ديني نهضاوي خوانجي
Mamset ghneytou :p
صحيح الكلمة عيب و ما تجيش اما كيما قال يستفزو في الناس بصور خليعة يحترموا شوية الي قدامهم
mamsto brahim euffffffffffffff
ايكب سعدك يا قطعي  يا وبش يا وخياني اش نكرهم جماعة النهضة
الصورة التي عرضتوها عليه اوقح من الكلمة لي قاله عيب عيب
masete lasete wallah tes pas ricoloooooooooooooooooooooooo
بربي بية دقيقة دقيقتين و هي تهبط في المريول و ﻻ هي روبا  راك مرجتنا ...تحب تقول عزوزة و مازلت عندك ما توري ...بربي احشم شوية و اعطي شوية قدر لعمرك..راك غلبت علينا
9ahbe
ووووه اش كرهتو ها المسلسل _x000D_",0,Tunisia
3871,Makhyibha,0,Morocco
3872,والله عائلة قروده حاشا القروده,0,Libya
3873,أحمد الأندلسي سيييييدك يا نكرة.....اشكونك إنت يا ماسطة.....يا فرحة الراجل إلي باش ياخذك وفرحة بوك......وهف يهزك.,0,Tunisia
3874,Masta w 5ayba owwwwaaahhhh,0,Lebanon
3875,maya  el  kartha,0,Lebanon
3876,faza khayba 3amletha ines beli okhetha ghadretha mais ma tjich t3awed masta,0,Syria
3877,عار على تونس ربي قدر الخير,0,Morocco
3878,متكبر شوية,0,Saudi Arabia
3879,5iiiiiit mili jat wajiha jandoubi tahlik,0,Tunisia
3880,''''maya lksouri ''' akber monef9a fi tounes kemla,0,Tunisia
3881,نعلن الله عليكم,0,Tunisia
3882,ربي يشفيه...,0,Qatar
3883,ma yji chay ma na3rach lwah jeybinou mastoulna il sahria,0,Tunisia
3884,يعطيك موصيبة برشاا فسق هادا يااخمااج,0,Tunisia
3885,ممسطك يااا شكيب ومبلدك توا حقا حقا توري في روحك ....قداكشي جاهل ومختلف والله بلاسطك موش غادي أما الله غالب,0,Tunisia
3886,Chnakrhek >:(,0,Syria
3887,حالتو متعبه أصل,0,Syria
3888,wouuuuuuuuh mamssetha 5iiiiiiiiiiiit,0,Iraq
3889,"catastrophe meskina""",0,Iraq
3890,Malla zabboure,0,Lebanon
3891,Barra rawi7 ya masit ya chlaka.,0,Morocco
3892,همل وقمل,0,Iraq
3893,"في الجنوب كلمة خايبة يا ثعلب""",0,Tunisia
3894,Massset laset pifff,0,Yemen
3895,tafha,0,Yemen
3896,Mastaaaaaaa  ma7bitech  -_-,0,Morocco
3897,sob7an alh maala manather,0,Yemen
3898,ضيف غير مرغوووووووووب فيه,0,Saudi Arabia
3899,مقداد السهيلي  معروف حياتك كاملة قفاااااااااف راجل كبير يتضرب بطريقة هاذيكا و هو يقول لازمو هاكاكا زايد جيعان و ساقط,0,Tunisia
3900,حثالة وعميل قطر حرقو لحليب عليها الليله ومنجمش يشد روحو عار على البرنامج وعلى القناة وعلى تونس,0,Tunisia
3901,mamset_hom malla emmarek mgalba -_-,0,Egypt
3902,Timasa5 la7as,0,Morocco
3903,Un malade 👎👎👎,0,Oman
3904,Mellle rkik hhh,0,Lebanon
3905,Maset barchaa,0,Morocco
3906,Yaser   cheyif   rouhik,0,Tunisia
3907,Ma3ejbetnich,0,Algeria
3908,Maset,0,Tunisia
3909,Sa9taaa wlh,0,Morocco
3910,اه يبلد ارخص ما فيكي حاميكي يا ارهابي ادافع علي الي قتلو ولادنا ورجالنا في اشعانبي انتي وامثالك عار علي القضائ,0,Iraq
3911,tfouuuuuuuuuuuuuuuuuuuuu 3la halmanadher,0,Algeria
3912,مكش متروبي,0,Iraq
3913,شنكرهو اوووووووف مله ملقاو شكون يجيبو هذا نقابي 😈😈😈😈😈😈😈,0,Tunisia
3914,masta lasta mayssa,0,Morocco
3915,Tfouh,0,Lebanon
3916,maset w mouch motrobi,0,Morocco
3917,malla mahzla !!,0,Tunisia
3918,انت مريض نفسي شوف طبيب بهايم يقدرش يداويك وما ضهرلي عندك دواء من تدوير صوابعك يا معاق تي من فاطمة بوساحة يوفا تحكي عالشرف  تفوووه,0,Tunisia
3919,الفاجرات من أهل نار,0,Tunisia
3920,"ye pute awel 7aja mekich inty w amthelk illi 3amlou l thawra 2 7aja 3mlna ""thawra"" bech 9awm lout yjiw ?? tfffiiih 3lik  w 3lihm m3ek :)",0,Iraq
3921,ماسط لاسط لعبها مبدع وهو ابداعو الوحيد الطحين والسراب وعداء للنهضة اكب سعدك النهضة لا تتمنى ان يناصرها امثالك يا منحط,0,Iraq
3922,يامريض برر شوف حللل لحياتك,0,Libya
3923,كنتم على شفى حفرة من العار فاسقطكم فيها,0,Tunisia
3924,أمسط وأعدم عباد ربّي.. ناجح كممثل متفاهمين أما لا 👎 أخلاق ولا يعرف يحكي أصلا,0,Tunisia
3925,c vrais m3allem,0,Tunisia
3926,ياااااسر سطحي وماسط و تافه حاصيلو شئ ما جاء,0,Yemen
3927,مسخ القوابسية الكل,0,Tunisia
3928,ge3din ken yjibou fil la5mpaj 3lih metjibouch 9ari2 9or2en,0,Tunisia
3929,Meli chadit enti na9abit fananin zedet da5altha b3atha k fili enti zeyed 7eja lil fen t masto w lasto 9oum rawe7 memrgik,0,Tunisia
3930,مسلسل تافه تفاهة قحب قناة الحمار التونسي تفوه,0,Tunisia
3931,ماسط لاسط بفففففففف,0,Tunisia
3932,عار علينا أمثالكم أيها الشواذ جنسيا وجب سحب الجنسية منكم,0,Modern Standard Arabic
3933,"لا حول ولا قوة الا بالله 
Tfouh 3likom w 3ala 9anét el3oher w nadhèla mta3kom
Mala mander a7ref
تفوههههه
<   3ahra tfihhh",0,Morocco
3934,:O maset ki ..................,0,Tunisia
3935,كي نتذكر زميلى عاطف الجبرى ميت قدامي و الحكوكى المسخ هذا  أحمد الرحموني  يحكي على حقوق ارهابى ما نقول كان داعش حلال فيك يا ولد شحيبر,0,Tunisia
3936,Maset laset,0,Modern Standard Arabic
3937,عيب عليك يابندرمان تونس مهياش (كوريــــــــــــــــــي ) تونس برجالها ونساها ولو جات كوري راهو حالها مثل ليبيا والصومال واليمن إحمد ربي الناس دفعت أرواحها مقابل هذه البلاد باش سيادتك تنعم بالأمن والأمان وتقعد في بلاطو تلفزي وتبدا تسيب في الريق لبارد متاعك وينك يا لطفي لعماري علاه مسكتوش عيب والله عيب,0,Tunisia
3938,Maset,0,Tunisia
3939,mala 9o7b :(,0,Lebanon
3940,mala hala mala ghneya pffffffffffffff,0,Egypt
3941,Tfouh w Kalb yeklbo,0,Syria
3942,Masta,0,Lebanon
3943,الله لا تربحكم ممثلين و مخرجين و منتجين و متفرجين علا هالريق البارد  و خاصة سامي الفهري,0,Morocco
3944,Mala 8acha w mala 7ala pffff,0,Lebanon
3945,Lahes ya tahan,0,Morocco
3946,انسانه ماتعجبنش,0,Yemen
3947,ها الماصت هذا منحبوش هو بالكول ميتعداش,0,Tunisia
3948,لا يليق بهذا البرنامج,0,Modern Standard Arabic
3949,nansa7a kan temchi ta3ml 7aja 5ir tfffih,0,Tunisia
3950,Allah latrab7ek malla chlayk wo mal la rhout,0,Lebanon
3951,offffffffffffffffffffffffffffffffffffffffffffffffffffff,0,Egypt
3952,وانا نقول شبيه ممسطو ... ملا لحاس .  يعطيع عصا على راسو ممسطو. براس امكم طردوه . خايييييببببب,0,Tunisia
3953,مسلسل باسل وتافه,0,Tunisia
3954,mala bay5a bari ighilbi wijhek  mala bay5a!!lol,0,Lebanon
3955,Màaaaaasttttttta yaser,0,Morocco
3956,Meeeeeeeerrrreg,0,Lebanon
3957,ما عمره ما ينجم يكون اعلامي حتى لين يتعلم يكون حيادي,0,Tunisia
3958,ممصطهاااا ومخيبها وهي اصلا شكونهي,0,Tunisia
3959,Ma 3ajbtnichhhhh 3lah onou hakikaaaaa,0,Morocco
3960,Barcha skhat 3la rassek,0,Tunisia
3961,"Kader_x000D_
ماصط ويشنج اﻷصاب مذبية كيف يتكلم يسكت فيسع  وزادى نهضاوي لحد النخاع ونحب نقول الله يهديك ياسامي الفهري  إلي حليتلو قناتك وخدمتو
تعيس و مستواه صفر ما يصلح كان للسجون و الا قواد
قناة الحوار هي قناة الفساد
masat
كلب
mala 5orda siri (3)
ma5ibek
rajel kbir w mibouuuuuuuuuu......n
Mamestak
Masit wmerig wsa5if
بقو كان الكفرة اتبعو فيكم يا فجرة .
5wenji 9dim
Blablabla blabla  باين فيها سهرة مارقة ...نشوف التاسعة اش فمة
و زيد تكذب تقول سبلي أمي
 أمسط و أسقط و أتفه و أحقر و أنذل عباد ربي",0,Tunisia
3962,ti chbik wallit chleka ya maset : ya R5iss sayé be3et rou7ek el iran wel chi3a ya bouhali,0,Tunisia
3963,لطفي العماري حقيقة كلامه كلو مستفز للذوق العام وانا اعتبره داعم رسمي للارهاب رغم يقيني بقيمته الصحفية ....,0,Sudan
3964,Mamsathaaaaaaa !!! Pffff,0,Lebanon
3965,Madh9el damha ppppppfffff,0,Morocco
3966,ملا كارثة..هههههه نطقتو يا امين الله بهديك,0,Lebanon
3967,Pfffffffff rak ghalet fi rouhek???!!!!,0,Syria
3968,ساقطة وموش عبده توه ليليا غلطت ونادمة هي وفايقه بروحها اش عملت وتحب تبعد عليه وتنحيه من مخهها وشوف هالكلبه اش عملت لتخمم كان في روحها ،ساقطة 😈😈😈😈😈😈😡😡😡😡😡👊👊👊👊👊👊👊,0,Tunisia
3969,5iiiiiiiiiiiit 3liha,0,Iraq
3970,Maset laset,0,Modern Standard Arabic
3971,Pfff mamstek😠😈,0,Sudan
3972,ياسر مسمامه,0,Libya
3973,جبرية جااااهلة,0,Morocco
3974,الناتنة هاذي موش معروفة جملة و زيد ولت مكروهة.ما رأيك ان اهديكي حصان تمارسين معه هواياتك التي افصحتي عنها بطريقة غير مباشرة.تحسبين نفسك فنانة و مثقفة.اريد ان اقول لك بأن الحصان الذي سأهديكي اياه فنان و مثقف جدا جدا كما تريدين انتي.لكنه فنان و مثقف ثفافة اخرى.و الفهيم يفهم,0,Saudi Arabia
3975,maset maset,0,Morocco
3976,قحبة,0,Tunisia
3977,Tefeh'000000000000,0,Algeria
3978,Tounsi kif samek tha3louba ma kdebchi! Tfouuuuuuuuuyyyuuuuuuuuhhhhhhhhhh lik w lili yochkor fik!,0,Tunisia
3979,kaleb sa9it mete7chemiche,0,Syria
3980,Masta ma4ir lilya w ines,0,Morocco
3981,أمسط إنسان عرفتو في حياتي،،،،،,0,Tunisia
3982,حثالة مثل هذا توفيق لا تربية ولا أخلاق مقرف,0,Tunisia
3983,ياسر ماسط مااااااسط و مسخ و فاسد لحاس قواد طرطور انسان تافه و lista mezelet يجي كل،شي كان مثقف و لا فنان انسان بهيم مصتك صتوكو,0,Tunisia
3984,"من التعنيق و الاحضان محناش خارجين و ربي يحسن العاقبة""",0,Algeria
3985,انسان فاشل و ممثل فاشل و تافه مستوى قفة و تلحيس المستقبلو الوحيد الشد الحبس وحدو و رتحنا من وجهو,0,Tunisia
3986,تفوووووه على قلة الحياء,0,Saudi Arabia
3987,ملا تهريج وملا مستوي اعلام عار,0,Libya
3988,انسان فرغ,0,Algeria
3989,مستويات,0,Libya
3990,Fara5,0,Morocco
3991,Amir blid w rkik,0,Iraq
3992,Barcha safela,0,Yemen
3993,الشخص هدا  ميبون,0,Libya
3994,يا خويا ممسطو بجاه ربي فاش يعمل ماسط بالسخط,0,Morocco
3995,Tefou,0,Algeria
3996,"Mamstou w marsen mlaiyektou _x000D_
ملا كارثة يخلي بقعك يا شكيب واش تحكي تهز مالجابية و تحط فالخابية  ياخي متكيف حاجة شارب حاجة و لا حبوب هلوسة
Khzit w n3alt ala hal manadher
أمين ڨارة ياسر ماااااصط
شحص جاهل و لا يستحق موجود في البرنامج.._x000D_",0,Tunisia
3997,مرمزك و مبلدك والله كرهتني فيه لقب #السهيلي,0,Tunisia
3998,chouf chkoun 3ad a5yeb moumathel fi tunis,0,Tunisia
3999,حمزاوي محمد امين...ياسر رزين..,0,Tunisia
4000,"عيب تشوه صمعة بنات بلادك انا حشمت قدام أصحابي الي من جنسيات عربية اخرى نحب نوريهم ثقافة بلادي لكن كي شافو هال الخنار المزيف ولاو يتمنيكو ! يلعن بوك يا متخلف ! بنات بلادك في الخليج او في اي مكان في العالم يشرفك ! علاش تونس مافيهاش تملهيط؟ مافيهاش وسخ ؟ خليني ساكتة احتراما لناس النظاف و احتراما الشهر الفضيل ! الوسخ كان في دبي ؟ تي تحلم انت بش تجي و تشوفها البلاد و تشوف مستوى المعيشة الي هنا !!! ...""",0,Tunisia
4001,قداش برشة عباد تافهين,0,Tunisia
4002,لا يستحق أي تعليق. غير التحقيييير,0,Algeria
4003,راك فددتنا يا شكيب فيق على روحك,0,Algeria
4004,Baraaa rawa7 ya chakib marzinik makch cham chay m dinya l tsir,0,Tunisia
4005,يتفرجو فيه كان لكلاب كنيش.,0,Tunisia
4006,ما لقيتو كان ها البهيم النهضاوي تجيبوه للقناة ؟؟؟؟ مواقفو ظاهرة متعاطف جدا مع حكومة الترويكا و مبيض للارهاب بطريقة غير مباشرة,0,Tunisia
4007,بليد وركيك  وتافه  وما ريت كان الحوار التونسي الليقاعدة تعملوا في قدر وتجيب فيه بوجادي  على الآخر,0,Tunisia
4008,الكلب يحب خانقو,0,Tunisia
4009,مناظر مقلبه,0,Libya
4010,Masta ou metji chey,0,Morocco
4011,أمسط منه في تونس ما شفتش وهو ماشي في بالو يضحك,0,Libya
4012,بورجوازي متعفن,0,Syria
4013,Mela maset w mya3aaaa m5ebik tfouh3alik,0,Morocco
4014,Kab sa3dek mella chleka taya7tlou 9adrou El fenn pfff,0,Morocco
4015,لا يحشموا لا يجعروا توا ما يحشمش ها البهيم معناها فرحان عمل سلفي مع بطلة العالم في العهر تي روح ن.......،تفوووووووووووه فضحتونا يا خماج؟؟؟؟؟؟؟,0,Tunisia
4016,mamsetha,0,Syria
4017,قل اعوذ برب الفلق من شر ما خلق,0,Sudan
4018,مثقل عصو,0,Qatar
4019,Derwich  yedderwich,0,Syria
4020,ki yheb  yfadlek yabda maset last,0,Yemen
4021,CHAY YA3MEL EL 3AAAAAAAR,0,Syria
4022,Nakraaahhaaa,0,Morocco
4023,تفوووه,0,Tunisia
4024,enssen mrith w m3a9ed men 7aja esmha e5wen,0,Tunisia
4025,rabi yechfilik bouk ama enti masit w lasit,0,Morocco
4026,افففف ملا ماسط,0,Tunisia
4027,Mamsitha,0,Lebanon
4028,brabi la3ed testad3aouha baya ellzardi mamsathaaaaaaaaaaaaaaaa,0,Morocco
4029,لا حولة و لا قوة إلا بالله,0,Tunisia
4030,ماسط عمل العار . محابش يحكي مع شكيب خاطر يخاف يواجهو .,0,Tunisia
4031,يسكر مع خميس قصيلة في حلق الوادي ، هذا الطحان,0,Tunisia
4032,Mawatehech dawer leila ben khelifa khir,0,Lebanon
4033,باسل يسر,0,Tunisia
4034,"ضايع فيييييييها و مصطك زاده""",0,Tunisia
4035,Mala 5alayek e3,0,Lebanon
4036,Mamsitkom w mala rwayi9 en+ akil baby miskin mati5na9ch fi wist akil lobbe5 bsara7a chay y3yef,0,Tunisia
4037,الشخص الخطأ في المكان الخطأ،تدخولاتو ماسطة و ميولاتو باينة، بالله نحيوه راهو يشوه في البرنامج و يلزنا باش نبدلو باش مانسمعوهش.,0,Tunisia
4038,ههههههههههه أقبح سيلفي شفته في حياتي,0,Jordan
4039,كلب حمر قرد مسخ,0,Libya
4040,أنا نكره الكذب حتى في المسلسلات,0,Oman
4041,Na3lbouh elkaleb hatahan,0,Lebanon
4042,maset ne9es mel7,0,Morocco
4043,rak masta,0,Iraq
4044,يكب سعدو,0,Iraq
4045,Mala chleka jeya meded wejhou hedhka 7adou Wlh matfhek tejbd fil mouta 7ata houma ma men3ouch yaltiiiiiif zeyed matfhek 3abd 7acha 5li9et ra7men,0,Tunisia
4046,كان ينقص من كلامو الماسط ونركزو على مصير تونس وين ماشى مش خير هو  بطبيعة الحال متكبر ونحسو ماخذ موقف من نجلاء الله يهدي ما خلق,0,Libya
4047,Tfoooo klochrat,0,Morocco
4048,M3afta,0,Morocco
4049,ماسط لاسط ... :p,0,Tunisia
4050,"#الدنيا_حظوظ 😒""",0,Egypt
4051,Allah yana3lak ya sami elfehri allah yana3lak allah yana3lak,0,Yemen
4052,Maala sell3a,0,Morocco
4053,الانسان هذا بلييبيييد,0,Iraq
4054,mastin,0,Iraq
4055,Ma7leha ama ken tsaker chwaya chbebik ili 3and.ha c tt,0,Tunisia
4056,Barcha kbaha,0,Tunisia
4057,Wallahi bakkani essa5ta,0,Tunisia
4058,يالاطييييف تلطف بينا فين ماشي يا سامي الفهري ب هالقناة لمسخة يا ولدي توب وارجع الربي راك اعملت الريحة وعارفة نهار ربي باش اهبت صاعقة على قناتك الخامجة الي ماتجيب فيها كان فالواطي وخوه انا ننصحك برا داوي روحك انت وهاك المرضى الي يخدمو معاك وربي ينتقم منك انشاءالله .. موضوع كان الواحد يحشم باش يحكيه حتى بينو و بين نفس ولى يتحكى على الملء بدون حياء,0,Tunisia
4059,Tfoooh 3likim e7chmo 3la rwe7kem mla fseeeeed tfoooo,0,Tunisia
4060,ماسط,0,Tunisia
4061,Mase9etha,0,Algeria
4062,ماسطة برشة,0,Tunisia
4063,MASSET LASSET,0,Tunisia
4064,"ﻓﻲ ﺍﻟﺨﻤﺞ ﻣﺘﺎﻋﻚ.  ﺍﻟﺤﻖ ﻓﻠﻲ ﻳﺘﻔﺮﺝ ﻓﻴﻚ""",0,Tunisia
4065,شكيب تافه واتفه منو مثماس سيدو لطفي العماري,0,Iraq
4066,التمقعير على الناس و تشليكهم هو قلة حيا موش ضمار,0,Tunisia
4067,marthlouuu,0,Algeria
4068,مهرج بلا منازع,0,Syria
4069,Ma7soub si mo9ded adhaf barcha lel fan k sidi k jwedou,0,Morocco
4070,kamcha rhout,0,Syria
4071,#جاهلة,0,Iraq
4072,لتربحك يا سامي في هالشهر لفضيل,0,Oman
4073,"#مانيش_نهضاوي""",0,Tunisia
4074,يا منافقين.._x000D_,0,Libya
4075,Tfouh 3lik wa3lih ya masa5,0,Tunisia
4076,تفاهة,0,Sudan
4077,كلب عليه اللعنة,0,Iraq
4078,شنكرههم هرهوت تفوووه,0,Tunisia
4079,صقيطه فجيره وسيخه قبيحه أعمل بيهوم غنياء,0,Yemen
4080,amset mel msata,0,Morocco
4081,عقربي و جبريا و عل حيط,0,Tunisia
4082,الله يذلكم و يلعنكم يا اعلام العار و الفضايح,0,Tunisia
4083,إنسان حقود مسخ منحط سافل ساقط ماسط تافه,0,Tunisia
4084,منافقين ڨبّي ڨبّي....!,0,Tunisia
4085,لا عاد مسطها خاطر كان يقول فاهم في لباس مش جديدة لحكاية,0,Tunisia
4086,لحم رخيص تفو على اعلامنا و الفهري,0,Tunisia
4087,ملا طحانة ماه‍مش رجال …,0,Tunisia
4088,Boulisia kleeb,0,Lebanon
4089,يا بهيايم جماعة كلام الناس زعمة هذا لمل صدفة نهار 30 مارس يوم الارض جايبين على اليهود ملا طحانة و عملاء,0,Tunisia
4090,مساط السيتكوم,0,Morocco
4091,لقطه تحشم بصراحه !!!,0,Yemen
4092,Mela mandher!!,0,Morocco
4093,يا معلم مرخصك عبد و مذلك انتي مازلت تمشي للحوار التونسي ؟؟؟؟ انا الليلة زدت تاكدت الي انتي موش راجل و رخيص و طحان و بصاص و مستحيل تولي راجل و تستاهل النيك في صرمك,0,Tunisia
4094,مجموعة متاع أنذال تلوج علفلوس بقلة المعروف فكيف لمثلكم أن يتكلم عن المحاماة. سامي الفهري خليك في شكون ولد مفيدة و سي علاء والمثلية.المحاماه أرقى من أفهامكم المنحطة,0,Tunisia
4095,تسالو فى طاهر بن حسين على المثلية الجنسية ههههههه بربي ثمة إبليس ينهى عل المنكر 😈😈😈😈😈😈😈😈😈,0,Tunisia
4096,اخخخخخخخخخخخخخخ تففففففففففففففففففففففففففففففففففففففففف حاشاكم,0,Algeria
4097,عيب عليك حل مشاكلكم مع بعضكم واش دخل أمك وامه,0,Morocco
4098,برشا جهل فى ضيوفكم,0,Tunisia
4099,aalahi yehlkou,0,Syria
4100,لعنكم للله,0,Tunisia
4101,ناس في الرقي وفي التطور وفي المعالي الاخلاقية والحضارية والتربوية...وناس تتخبط في الميوعة والانحطاط والانحلال الاخلاقي ..هذه تونس اولاد مفيدة بفسق جديد وفجور بابعاده الاربعة!! كيف سيكون بيننا جيل راقي حاذق وهو يشاهد في زبالة فكر وقذارة سينما وسفالة تلفزة على قدر هذا المرض المنحط الذي يبثون فيه ..,0,Yemen
4102,naji jaloul 9alil al7aya2,0,Tunisia
4103,Masset,0,Lebanon
4104,الشيب والعيب,0,Yemen
4105,malla sel3a!!!,0,Tunisia
4106,سي جلول تنجم تكون أي حاجة الي وزير تربية,0,Tunisia
4107,تفوه عليها وعلي جابها خسارت رجالك يا تونس ملا منظر الله لتربح إلي جابها وقدمها على أنها فنانة 😝😝😝,0,Tunisia
4108,بصرحة شئ يحشم ومصح  رقعتك جاي لتلفزة وتحب دافع على المثلية راك هنتنا  وهنت التوانسة اللكل شئ يؤسف,0,Tunisia
4109,Ma5yeb rassek,0,Lebanon
4110,بنديرمان بهيم وزيد يناقش في ألفة يوسف   اش لاز حمة يغني ضهر روحو بقرونو,0,Tunisia
4111,Ena sa5fitni barcha wlh bakatni,0,Morocco
4112,Ya3tikom wahef,0,Tunisia
4113,mo9ded jahel w yfalem,0,Morocco
4114,ماسطين كيفك,0,Oman
4115,Tfou,0,Algeria
4116,GO3ER,0,Jordan
4117,besla,0,Jordan
4118,a3333333    nkraha,0,Morocco
4119,Mela tafeh,0,Morocco
4120,ملاّ مستوى متاع وزير,0,Libya
4121,طحان و مسخ,0,Tunisia
4122,قمة التفاهة٠٠٠جبالك الرواسي و لا عبدك الثقيل..... الرخص en personne,0,Algeria
4123,بصراحة طحان ناجي جلول,0,Lebanon
4124,صوتك يشبه نهيق الحمار يا بغل بن علي,0,Saudi Arabia
4125,kamcha hmel,0,Yemen
4126,وجيهة الجندوبي وين ماشية خشمها يقوس عاد قريب تولي ببغاء,0,Tunisia
4127,wjouh lo7,0,Tunisia
4128,Yesser tetma3jen,0,Algeria
4129,مسلسل ترهدين وقحب وطحين وتزحليق من الممثلين والقحاب لطحان الكبير المخرج.,0,Iraq
4130,من انتم انقرضوا ووووه عيفتني يزوغب و لله عار عال الانسانية و امو تحل فمها تقول عندي راجل,0,Tunisia
4131,طحان,0,Iraq
4132,tharbtou fi rou7a barcha w hiya nakira majat chayn w film maset,0,Tunisia
4133,mamstou :p,0,Syria
4134,pffffffff 9adecch nekrahhoo,0,Iraq
4135,وممسط كلامك يا شكيب,0,Egypt
4136,مذيع فاشل يحاور وزير فاشل,0,Yemen
4137,mamsto,0,Syria
4138,Mmsetkm pffff,0,Lebanon
4139,hhhhhhh mak miboun kifha ya hors chrrrrr nayek,0,Tunisia
4140,أحنبعل بليد برشا,0,Tunisia
4141,Tfou 3le ha rhouth,0,Tunisia
4142,rak maset rak laset,0,Saudi Arabia
4143,Tawa kif mech 3ajebkoum lwech tetfarjou fih wta7r9ou fi 3sabkoum mêla mounef9in,0,Tunisia
4144,كافون لا عندو صوت لا حضور وله غلطة جبتوه فاسدتُ به البرنامج,0,Yemen
4145,ملا همجية,0,Tunisia
4146,ملاء رهوط  اخ تفوه,0,Iraq
4147,نكرة,0,Iraq
4148,Masssssssssssta,0,Lebanon
4149,Tahan bil bala,0,Tunisia
4150,Rak massit rak lassit,0,Yemen
4151,m3allim  zawwali    w nas tayba    .. top,0,Morocco
4152,تفييييييييييييه عليكم كيف تضربت باريس البلاتووات والحوارات والبرامج والروبورتاجات الدنيا تقلبت وكان لقيتو راكم هبتوا العلم وعملتو حداد.... اما اليوم ومع اللي صاير في سوريا وفلسطين من ضحايا واشلاء... انتم لاحياة لمن تنادي كان الغناء والفساد والعهر بطبيعة الشيئ مايعنيكمش.... حسبنا الله ونعم الوكيل... ربي يرحم الضمير العربي.,0,Tunisia
4153,ممسطو,0,Libya
4154,جرذان مقملة تفييه عليهم + مولى القهوة ماعملش اشتراك في بين سبور ماكس دونك بلع ماتحكيش عل اورو والبهايم تصدق فيك,0,Tunisia
4155,قمة عار انوا ناقشوا في موضوع محرم في دين اسلامي نهى عليه القران والله شي اسف انو نشوفوا كيما هل اشكال في اعلام هدا بلصتوا الحبس موش طالب بحقوق ........زايد والله .ان لم تستحي افعل ماشئت ......,0,Libya
4156,ملاهط تونس,0,Tunisia
4157,Tfouh 3lik w 3laha,0,Tunisia
4158,Mamestou w marakou,0,Morocco
4159,Malla marek,0,Tunisia
4160,انحطاط اخلاقي و ثقافسي  وحقد ايدولوجي لا مثيل له,0,Iraq
4161,كلب,0,Saudi Arabia
4162,tfuhhh johhell. point,0,Iraq
4163,جاهل,0,Tunisia
4164,9emet i tafaha,0,Tunisia
4165,Tla3 9bi7 echayouba hahahahhaha,0,Tunisia
4166,والله خسارة فيهم كلمة عالم هو ومحمد الطالب اكبر جاهلين رايتهم في حياتي والله هذان الشخصان عار على تونس,0,Tunisia
4167,may3jbnich,0,Jordan
4168,الشكارة و البحر، كمشة بهاليل..,0,Lebanon
4169,maaasta yessser,0,Syria
4170,maset fachiltniii  Issam Taleb Uč Ěf pffffffffffffffffffff,0,Egypt
4171,عيب على ا مين ولطفي اللي يجيبو مواضيع كيف هكذا رانا نتفرجو مع العائلة الله يهديكم,0,Tunisia
4172,متعسو يعمل الجاير,0,Tunisia
4173,chbeha najla sayybouha malla niféééééé9,0,Morocco
4174,Mas9eteha kan sa7bto...each tor5es 3la lflous,0,Tunisia
4175,توفيق الغربي مستوى منحط الى اقصى حد وانا نقلو ارتقي فالقاع ازدحم,0,Morocco
4176,9rouuuda w mordha nafsaniyan,0,Iraq
4177,المنافق,0,Tunisia
4178,Meskina y tounes _x000D_ Temlat kan bechlayek,0,Tunisia
4179,ممسطها ومرزنها  انا نكرها ها العاهرة   👎👎👎,0,Iraq
4180,Nakrheeeek borhen,0,Algeria
4181,Monafe9 w la7ass,0,Lebanon
4182,A7na netfarjou fi klem nes 3la 5ater nawel wmaya mais taw ma3adech bech netfarej msat,0,Tunisia
4183,pffffffffffff ena ma fhemtech nawfel 3la echnoi yadh7ek ????,0,Tunisia
4184,méla tkarkiiira haha,0,Tunisia
4185,تفوه عليكم وعليها يا اعلام العار يا اعلام المثلية قناة الحوار التونسي تستاهل الحرق تجبدو في مواضيع كي وجوهكم يا خماج احنا مسلمين وديننا الاسلام إذا كان ربي قوم لوط قلب بيهم الارض باش دجيو انتوما وتقولوا عندهم الحق وبعد تقولوا شنوما المصائب الي جاونا ربي اجرنا من خزي الدنيا ولا تاخذنا بما فعل السفهاء بنا ...,0,Tunisia
4186,ماااااااسط,0,Qatar
4187,ya ta7an ya ras elbsal ech 3malet bflous fatma bousa7a,0,Tunisia
4188,Kelb ynbeh ala tayara c klem ennes,0,Tunisia
4189,سقاط,0,Egypt
4190,مستواية منحططططط,0,Saudi Arabia
4191,ياسر كذابه نافخه شفايفها و شاحطه وجها و تقول منيش عامله ملا مريضه مناظر مقلبه,0,Tunisia
4192,خرى و ماء سخون,0,Tunisia
4193,Amseet w amreth menou mariiiiitchhh,0,Iraq
4194,al kileb kileb wa aloosoudou asoudou,0,Syria
4195,"ثعلوبة تونسية_x000D_
قناة تشجع عاللواط..هو كتجي تشوف هذاكا مستواهم ..و يحبونا نتقدمو
masset  barcha :p
MESKINA ya TOUNES
يا عباد ربي افهمو راهم كلاب قرودة مسخين واله كي يغسلوهم بالجفال لاينظافو المسخين  الخماج إلى براء بوليس يبزق عليه ويتجنبو هوما كلاب متراهمش في الشارع في القهاوي اما الشرفاء الامنين ديما محبوبين علاش متراهمش في اشتباكات مع المواطن ومتراهش في الكياس يخدموهم كان في الإدارة والهمل العوق ولاد الحرام الكلاب تراهم ملين الشارع
توفيق يا لحس يا مسخ يا جبري
Ma3ajbetnich fe dawer hedha
راك ماسط راك لاسط يا أمير و الله مالي بديت تظهر و لا عمري نتفكر مرة ضحكتني مالإخر ماكش ضامر بالكل
ملا همل قلال تربية تفوه عليكم يا خنازير_x000D_",0,Tunisia
4196,ازبالة الحوار,0,Tunisia
4197,رجل مريض وحاقد,0,Yemen
4198,5it wa7id mol7id ma3andouch dharit il islam chai y2sif,0,Morocco
4199,مااااسط,0,Saudi Arabia
4200,أسئلتك ياسر تافه و ماتعرش تحاور الضيف ننصحك إخدم الأسئلة بالباهى قبل ما تبدا الحلقة,0,Tunisia
4201,خشموو كبيييييييييييير و ماسط مسوس,0,Tunisia
4202,Bhima,0,Lebanon
4203,pfffffffffffffffffff mela msata barra lewij 5idma o5ra 5irlik,0,Yemen
4204,إنسان فاشل و جابوه في تلفزة إفهم إشنية باش يصير هههه,0,Tunisia
4205,فرق كبير بين التفدليك والضمار وبين اللعب الماسط والتخويف و تجودير,0,Morocco
4206,A3lech t9lou si tawfik tfouh a3lih,0,Tunisia
4207,انسنة تافهة وغبية برشة وعفشة مسكينة زعمة خاطرها بهيمة؟,0,Tunisia
4208,افففففففففففف شي يفدد,0,Iraq
4209,malla 7ayawan hadha,0,Tunisia
4210,قرد,0,Oman
4211,يا تونسية بربي نحيوا أمين قارة راهو ماسط و بهيم. ما يعرفش يحاور و زيد ماهوش متثقف.,0,Tunisia
4212,الحقارة والنذالة والسفالة لها عنوان واحد توفيق الغربي,0,Yemen
4213,"مسلسل مظاهر  الخماج متاع رب توانسا الخماج _x000D_
Ma5yeb rasou ki sama7ni na3mel 8atsaa W bllid barchha
مسكين والله،لازموا يمشي يسمع بسيكوم فماش ميفيق شواي على روحة
ايناس اغضبتني
كمشة معاقين و طحانة
كذاب
هذا كلب اخواني .  وحرام يظهر في التلافز
Wajha mamstk
fibelou dhamer ema mehwech motrobi. yetkelem belghacha. wallah meye7chemch
Sel3a zbelaaa
Barcha 9o7 bouloujia
Ras lfakroun ch3amel.fi rouho
من فضيحة تتحول الكلمة إلى #فضوحة هههههه
Maset laset
برشا خمج و قلة حياء. واحد يحشم علي روحو عايلة ملمومك وانتي توري كان في الخمج متاعك.  الحق فلي يتفرج فيك
ممسطو. و مبلدو و متفهو
ماسط لاسط >:(
lmasset yestad3a lmasset en plus 7atta lemission chalektouha
9a7ba
Pppffff شى كبير فى المساطة
كلب نعلت الله عليك يا خمج
مرزن دمك لهم   صغيرا تصخايل روحك
ما يجي شي هو وتونس من 2011 لتوا
Ikazez
تافهة ومنحطة ووسخة وما تفهم شيء في الدنيا وخاسرة منسوبة للمراة التونسية
اسقط و انذل تونسي يدعي التمثيل و الانسانية و بداخله كره و حقد ايديلوجي اعمى
mala fsala far5 ta7an
نكرها برشااا و ڨدااش تيتزعبن و لعبتها فينااااس و هي معرسة بخنزير
Tfouhhhh
برشا قلة تربية وقلة أحياء
كراوك أخر الزمان
Mamstou zayed hathaya tjibou fih
bleda wrkeka
يا خويا أمسط منك ما راتش عيني 😒😒 يا خويا أمسط منك ما راتش عيني 😒😒
مساكن جماعت الحبس اوكلهم الي جا و امعيشينهم كما جا زيد عليهم توفيق ماسط ربي اعينهم
Masta lasta💩💩en plus kerda🙉🙉
انت لا تمثل رجال بلادي انت و امثالك .. صدقني مافماش فرق بينكم و بين الحيونات لا حول و لا قوة الا بالله !!!!!
Maset maset Maste
maaaaasta 3andha complexe ak lemra
تفاهة
Mriiiiiiiiiiiiiiiiidh w m3a9id w tji kol chay illllllllla fannnnnen hadha ken tnajjjem tji haja min aslou  a33333333 3leh yjibou fih min aslou .......meskina ma Tunisie :/
إنسان رخيص
كلب النداء
Ta7an kbirrr
انت احقر انسان انت حثالة المجتمع انت تتاسف منك تونس يا قبيح عيب عليك
Malla chleyek
يوتر الاعصاب ماامسطو اوووف
اخي تحب تشري تونس ب7000مليار تفيههههههههههه عليك و على والديك يا كلب يا ساقط يلي ما تحشمش
ماسط لاسط بجاه ربي اعطيو هملو ها زوز صوردى و قلو معادش يجى. ملا هم
TFOH A3LIK  MAY3JBK CHAY WBINESBA LIDIN NA3RFO 5IR MINK EBARCHA
قبح الله وجهه أكثر مما قبحه
Malla msata kifech tnajem ta3mel hakka ya wejiha ti howa nsibti la3ziza wfet flousou msat w zid 3lih dawrek enti youfa lahné
هذه نسخة من ثعالب تونس القحاب و الملاهط و حاشة بنات الاصل المتربين في حجاب و خمار و الزين و العين .
شقنوسة برشا و ناقصة غلوة
Sel3a zbela rak Ya maset ma amsatech menek fi belek tetthomer wenti raaak 5ariya w me s5oun e3333
سقوطيا
Tfouh alik ya kalbe
يعطيك كلب
chniya hadi manal 3mara mala fan f tounes hbat lel7adhidh
معناتها لعراء في تونس ولا جرأة و نتوما قناة اللواط الجنسي تعديولنا في هالرهوط و تحبونا نتفرجو...
mamsetk
marthlouuu
i5it
ماسط وساذج في تفكيرو ....كلمات تافهة من عبد أتفه
maaasta
مرزن ملايكتو.الشفاعة
massta fou9 lezeem
Allah lé tar7mou wahed kalb
yaser mast walh
الله غالب ما تعجبني في شيء
لعنة الله عليك **لادين**لاحياء** ولاحتى مجرد كرامة؟؟؟؟؟؟؟؟؟؟مستويات!!!!!
tfooh
اثقل من نهار الاثنين
Mamsathom. T9oul. Ma3adich 3ana. Rjelle  fi tounis
لحاس
طاح مالعين
ماستا برشا و النادي الافريقي اكبر منك يا طحان ماك كنت تخدم عندو سليم الرياحي يا ميبون
عملتو العار و الدوانة مع الشعب
تافه وجاهل وهذا الخطير....
lokza
كلب وخنزير كبير
نسيبتي العزيزة الكلها ماسطه وفما برشا ناس ايقواوا ايضحكهم الفاهم بلعكس انا عمري ماضحكني يا والله ايبكي. ..الضحك راهو فن ومش كل الرهود تقتنوا. ..آمين النهدي قبل ما يتكلم ومن غزرتوا بركا ايضحك الناس الكل
3ib ya chi5 👙👙👙👙👙👙👙👙👙
تفوا عليك عاملة روحها ممثلة ،تى وكان يهطونى مال الدنيا ويقلولى اتفرج. نرفض على خاطر فما وحدة خسيسة ،تفففففففففوا عععععععللللليييييك
احقر انسان ريت في حياتي تفوه عليه
Barcha 9elet tarebya
متاجرة بالدين من الصنف الأول و لها من الكذب و الدعارة السياسية و مرجع لتبييض الإرهاب و تمثل حزب متورط في الإرهاب و الإغتيالات السياسية",0,Tunisia
4214,مقداد السهيلي عفاط,0,Iraq
4215,العيب ليس في القناة بل العيب في من يشاهدها اذ لم تستحي ففعل ماشءت,0,Yemen
4216,مجتمعنا حالة مكربة 😔,0,Syria
4217,يسب في الحوار التونسي وراجعلها مرخسو مقداد,0,Tunisia
4218,مهبول و زغرطولو في وذنيه  #راك عكة #راك لكزة -_-,0,Tunisia
4219,قمة التفاهة٠٠٠جبالك الرواسي و لا عبدك الثقيل..... الرخص en personne,0,Algeria
4220,l7al  tabaddel l9anet...mais bennesba liya ..ena fassa5tha 9anet ettathir mte3kom min win...yeser tefhin w ferghin...rako 3maltou erri7a...,0,Tunisia
4221,kamcha  hmal ..malla ri9,0,Saudi Arabia
4222,Maset,0,Tunisia
4223,5îr makà nawfél lmaaaaàset :p,0,Tunisia
4224,Maaasit laaasit,0,Morocco
4225,شعب عندو انفصام في الشخصية .!,0,Palestine
4226,الفاسد هذا من سوسة و الشيئ من مأتاه لا يستغرب ...,0,Tunisia
4227,allah yehlek dhalem,0,Tunisia
4228,مستواكم منحط ،,0,Qatar
4229,Masta barcha,0,Morocco
4230,إن شاء الله تنقسوا شويا من قلة الحياء و زيد مسلسل في شهر فضيل ... :(,0,Tunisia
4231,شعب تافه,0,Palestine
4232,اووووه قداش معيوه و ماسط و خامج,0,Libya
4233,amsat meno ma famech,0,Morocco
4234,ناقص غلوة,0,Iraq
4235,بعد كارثة الجبالي هاي كارثة اخرى,0,Iraq
4236,جرذ,0,Saudi Arabia
4237,ياسر غالطة في روحها و عقلها صغير,0,Tunisia
4238,انت لقيت متجرع المسحية للنخاع تفوه عليك وعلي فلوسك وعلي برامجك,0,Libya
4239,Tounsa kol mamst'haaaaaaaa wmnich nfadhlk😎,0,Jordan
4240,Cha3b monaf9in tfih,0,Tunisia
4241,ماسط لاسط لعبها مبدع وهو ابداعو الوحيد الطحين والسراب وعداء للنهضة اكب سعدك النهضة لا تتمنى ان يناصرها امثالك يا منحط,0,Iraq
4242,ما فهمتش علاش يكرمو فيه رااااك ماااااااسط,0,Morocco
4243,Mas9atha kalba 95tha rahi,0,Morocco
4244,متفهك و قفافة و تدافع علي تافه كيفها و عافسة في لندلسي نفلها راهو ميراكش إنت وين,0,Tunisia
4245,ماسط لاسط و ضمار مصطنع,0,Tunisia
4246,يبان فرنساوي اكثر من تونسي السيد هذا، في الجزائر نقولو ليه: الشيب و العيب.,0,Algeria
4247,hhhhhhhhhhhhhhhhh sel3a,0,Yemen
4248,كلب وخسارة نهدرو عليه,0,Algeria
4249,يوخياني خرجوه عليا هالهم مقداد السهيلي ركبني لعصاب بربي شكون حطو نقيب هذا... هالانسان مصاب بمرض نفسي نادر ...راهو ماسط لاسط .. فالو نقيب يكب سعد العار... عمرنا ما سمعنا نقيب في مصر والا لبنان والا اي دولة نحاو انخراط فنان رغم العرى والقرا والانحطاط الي عندهم ... بالعكس يدافعو على فنانيهم لاخر لحظة وشفنا موقف اشرف زكي مع الفنانة ميرهان حسين قلب الجنيا وقريب يردها قضية راي عام ... كان ينجم هالعبقري مقداد سهيلي مثلا يعطيها انذار والا توبيخ .. وزيد ياخي ما شافش منال عمارة والا زازا والا غيرهم .. كلهم كي بعضهم .. اكيد بش تجي براسو هالعملة ويطيح فيه دعاء توانسة لكل .  ويا وخياني ممسطو هههه,0,Tunisia
4250,mridh rabi yechfih #lotfi hezou 3adiyou 3lihh,0,Syria
4251,تجار ومرتزقة الدين ، وكهان ودجالين آل سعود ومماليك الخليج ، ومنشطي قناة الخنزيرة وأخواتها ، ظهرت فضائحهم واضحة أمام العالم والأمة العربية والإسلامية ، العريفي أو بالأحرى إمام بلاط آل سعود ، فقد عقله وأصبح يهذي مزطول ، يجود كلام عادي مثل تجويد وقراءة القرآن الكريم ، ويقول هذه سورة التفاح ويقصد بها سورة المائدة،خيبك الله يا منحط ويا زنديق منافق عبد لأسيادك ونزواتك وشهواتك ، وكذلك القرضاوي من مخبر جاسوس لجهاز المخابرات المصري ، إلى إمام ومشعوذ يلهث وراء غرائزه الحيوانية ،إلي داعية وجاسوس لإسرائيل ومن يدفع أكثر، يفتي في كل شيء حرام حتى في قتل النفس التي حرم الله قتلها، فجامع الأزهر رغم أنه شيد من قبل الفاطميين على التقوى وحب الله وما أنزل على خاتم النبيين والمرسلين ،إلا أن الأجيال الأخيرة من خريجيه أصبحوا مرتزقة وتجار دين ، يحرضون المسلمين على قتل بعضهم البعض وتدمير أوطانهم بأيديهم ، والعمل على التفرقة بينهم ،والتشكيك في ما جاء به الدين الإسلامي ، وتحريف وتفسير القرآن الكريم على هواهم ،كما يريد الملوك والأمراء ، ليكرهوا الناس في الدين الإسلامي ، وما القاعدة وداعش وجبهة النصرة الإسرائيلية والجماعات الإرهابية ال...,0,Modern Standard Arabic
4252,Jahel,0,Syria
4253,5iiiiit brabi na7iyouh,0,Tunisia
4254,armezz menou ma ritech,0,Algeria
4255,جعبون العبدلي,0,Tunisia
4256,ملا فضايح مستوي منحط معتش نجم نتفرج مع عايلتي,0,Tunisia
4257,MALA MAHZLA,0,Lebanon
4258,mala fsala far5 ta7an,0,Tunisia
4259,T3awef.w mati5rejech 3liha lfinesse,0,Morocco
4260,راك ماسطة،راك لاسطة...🎤,0,Algeria
4261,مفسد الاجيال,0,Tunisia
4262,كلكمم منافقين تتفرجو وتنبرو,0,Tunisia
4263,Masmanha,0,Lebanon
4264,يا طحاااااااااااااااااااان,0,Saudi Arabia
4265,moch motrobii,0,Morocco
4266,مااسقطو راجل توه الحبس تنحات منو الصبة والراقو مكذبك عندي احساس الا عدوه للدراقة هههه خرج يهتري بالحبس تي المهم لكلها لغة باش يكمل عروضو في الحبس,0,Tunisia
4267,لعنة الله عليكم .. يا مفسدين يا كلاب .. تخيبوا في رهوطكم حاسبين الشعب ظحكة يا شياطين ..,0,Tunisia
4268,يا ولدي كل موضوع يدخل فيه الثقافة ونقابة الفنانين. حتى الفن كرهتونا فيه,0,Tunisia
4269,قناة العمالة و الخيانة و المهزلة ...قناة الجنس و الدعارة والعار ...قناة الظلم والافتراء و البهتان ...قناة النذالة و الخقارة والخسة ....قناة الرذيلة و الفحشاء و الفتنة ....قناة تزييف و الكذب و التزوير باختصار شديد قناة الباجي السبسي ...الاعيبكم مملة لانها اصبحت مكشوفة يا عبيد...,0,Tunisia
4270,ne nakraha,0,Tunisia
4271,بررا الله لا يربحك لا في الدنيا و لا في الاخرا والله كان جيت قدامي لاما نعتي لجد بوك دماغ لين نسسيك في دارك وين يا حماااااااااااار,0,Tunisia
4272,اتتففوووووووووه ...على الراجل فيكم ...ياحاوين ...يا خونة,0,Libya
4273,مممممممممممممممامصطك,0,Morocco
4274,كان جات الدنيا دنيا راك شاد سبحة و كتاب قرأن ..شمازال في عمرك...لا سامحني مازال في عمرك برشا...عمر لكلاب طويل,0,Tunisia
4275,Milla chleyek hhhh,0,Lebanon
4276,Malla chleka!!!!,0,Morocco
4277,دوب ما ريت وجهو بدلت القناة ..... امسط منو ما فماش,0,Tunisia
4278,سببتم لنا العار نحن نعاني من صدمات العقلية المتردية وانتم تسببون لنا الاحراج مع المصريين الرخيصين و عندما لايجدون حلا يشتموننا بكم,0,Saudi Arabia
4279,tfoh 3alikom ya ta7anet il baji,0,Tunisia
4280,wallahi 7ram fik kelmet fennen,0,Tunisia
4281,Mala markk,0,Jordan
4282,Tfoooooooooooooooooh mosalsal ro5s w 5ziiiiiiiiih,0,Syria
4283,Mahthamtouch. Ya. Zebyy,0,Lebanon
4284,9liiiil torbyaaa maseeeeeet maset maset,0,Morocco
4285,ملا مادرية يعطيك دقة يا أمين شكون لامم,0,Tunisia
4286,ماسط عتيتوه اكثر من قيمتو ضيع الوقت ماااااااسط,0,Tunisia
4287,3efcha bl7a9,0,Syria
4288,فاشل عمر ما ضحك وزاد هذه قلة تربية الحرية عمرها ما كانت  انك اتهين غيرك هذه قلت احترا,0,Tunisia
4289,7ala mastata mousalsel b dawerha,0,Syria
4290,Barcha 9o7b,0,Lebanon
4291,Chalkka,0,Syria
4292,مسكينه تونس اش لمت,0,Syria
4293,وزير تربية و مش متربي,0,Palestine
4294,Ui wllh meskina :-(,0,Lebanon
4295,ياسر ثرثار!!!!!!!!!!!!!!!,0,Libya
4296,Ya333 ma5ybou t7essou tajer mo5adrat,0,Tunisia
4297,تفددّ,0,Oman
4298,tfouuuuh 3likom metfehkom,0,Tunisia
4299,3aycha nakeerhek,0,Morocco
4300,الجهل المدمر,0,Iraq
4301,ولاه ماسط ولا يعرف إظحك لا شيئ,0,Tunisia
4302,إنسان ماسط برشا و ما يعجبنيش,0,Tunisia
4303,حقو اسمو الماصطة هههه,0,Saudi Arabia
4304,Bara ma5ybek teffff,0,Morocco
4305,Ena nekrha,0,Morocco
4306,barcha rkaka !!!,0,Tunisia
4307,emmaskha,0,Yemen
4308,Tawfik gharbi mostawa  mon7at,0,Tunisia
4309,طول اعماركم  تعيشو طحّانة,0,Tunisia
4310,Baba lamiin entii domarek kbiir wma3adech dahek waliit antika,0,Tunisia
4311,السيد هذا الطحين بيدو لعنة الله عليك وعلي امثالك,0,Iraq
4312,Ma3jbnich elila,0,Morocco
4313,Mastaaaaaa,0,Morocco
4314,طحيحين 💸💸,0,Egypt
4315,Nikraha w ma5yebha pffff,0,Syria
4316,ياسر مقلق وماسط تنبر عالعباد وانتي كعبة لا نفس الحوايج نفس الكلام ياسر ماسط بربي تعملو مزية ماعادش تجيبوه,0,Tunisia
4317,كله مناظرمقلبه,0,Saudi Arabia
4318,منيش متفرج فيكم..,0,Tunisia
4319,marzen damou,0,Tunisia
4320,بصراحة  انسان استءصالي وتافه برشا يحقد على النهضة ويستهزء بشكيب,0,Tunisia
4321,والله ما امسط من نجلاء كان انت  والفن تكب سعدا من نهار لشدية انت نقيب الفنانين برا شوف خدمة  اخرى خيرلك انت عملت عار وريحة  اكثر من نجلاء ....ياسيدي شيخ .....تحكي على الفن شنوا  مستواك انت  تي انت ونجلاء كيف كيف انت م .. وهيا ق... ورجال ميتحقرش يابهيم موش ندافع على الدالاجي اما حسب من شوف خير منك وعطى في ميدان متعوا خير منك .....مرخصك حاصيلوا .........يا مسخ  تفوه عليك وعلى قدرك كان عندك فدر .............,0,Tunisia
4322,Ki sidi ki jwadou,0,Iraq
4323,نقص من الضحك الماسط على خاطر الفلجا موش موتياتك و زيد معاش تتبهلل,0,Tunisia
4324,الجبناء والسفهاء لا يصنعون التاريخ......وكذلك إعلام  العار لا يفهمه سوى السفهاء  مثللكم مكانكم في مزبلة التاريخ ارخص واوسخ منكم ومن برنامجكم مفماش...كلكم ماتجيوش فى ظفر الدكتور المنصف المرزوقي يا حثالة ...,0,Yemen
4325,9a7ba,0,Lebanon
4326,واحد كلب كبير .,0,Lebanon
4327,هو لحاس وقواد بن علي,0,Libya
4328,قمة عار انوا ناقشوا في موضوع محرم في دين اسلامي نهى عليه القران والله شي اسف انو نشوفوا كيما هل اشكال في اعلام هدا بلصتوا الحبس موش طالب بحقوق ........زايد والله .ان لم تستحي افعل ماشئت ......,0,Libya
4329,أعوذ بالله,0,Tunisia
4330,تافه,0,Palestine
4331,تافه وحتى المخرجين الي اتعامل معاهم يعرفوه هاك علاش ما يعطيوه كان دور قوااد والا عساس والا لحاس,0,Tunisia
4332,Wallat masta,0,Morocco
4333,أشبيه ماسط هاكا إيقول لشكيب نهضاوي علاه ما يسألش لعماري أشبيه من النداء,0,Tunisia
4334,#merith w #mounéfi9  jourthouma fil bléd 👎👎👎👎👎 😖,0,Morocco
4335,هوا صحيح ماصت برشا اما الزناطير إلي يسبو فيه أمصت منو,0,Tunisia
4336,كمشة بهايم في البرنامج، وينك يا شكيب يا معذبهم.,0,Tunisia
4337,tfoooh 3la elkomaj mta3kom ganat ekmaj,0,Tunisia
4338,Karim masit ama mosalsil bahi,0,Morocco
4339,barcha s9ata,0,Syria
4340,ma7soub jebet sid min wedhnou,0,Lebanon
4341,كلب و عميل تفوه عليه و على والديه,0,Tunisia
4342,mamsta 😓,0,Morocco
4343,نفسي أعرف المساطة متاعها من وين مستوردتها؟! تعمل الجاير بالعمل!,0,Libya
4344,ثقف نفسك ىا امين وكن في مستوى القناة فانت تافه جدا تفاهة بية المراهقة ارحل عن القناة,0,Egypt
4345,"تحسها حلقة ملوخية بالحوت""",0,Saudi Arabia
4346,Amine gara kelebbb w tefeh,0,Lebanon
4347,عيب والله عيب انتوما صايمين ؟ يا ذنوبي,0,Tunisia
4348,ملا طحان,0,Tunisia
4349,لاحولا ولا قوة إلا بالله,0,Saudi Arabia
4350,bay5aaa dga3eed,0,Morocco
4351,شنوة رجعوا يمدوا في وجوهم هالمارك النحس,0,Tunisia
4352,Ma5yeb chaklek wa7da rdhila mridha w zeied echleka chleka w hedhi ha ethawra ech t5alef ken l`emnayek w 5ou,0,Morocco
4353,barcha bhema,0,Morocco
4354,chakib mochik rajil,0,Morocco
4355,Pffff win talkaw fihom harhout,0,Lebanon
4356,والله مايفيق مع روحوا .....الكومدية ....كي طح قدرها .....للابله و المهرج ....توا هذا راجل .....تفوا عليك ....نيفوا منحط,0,Tunisia
4357,kalb w 7ayawen,0,Yemen
4358,دي عيلة وطيااااااااااااااااااا,0,Egypt
4359,Wallahi jayana fel plateau zayed,0,Lebanon
4360,مش متروبي,0,Yemen
4361,Loutfi machla 3lik Wink hal8iba m3dch tethhour fi tlv,0,Tunisia
4362,tfouh,0,Tunisia
4363,لا نستغرب  شيء من قناة تدعو لحرية المثلية و تشجع لاستهلاك الزطلة و تقف وراء منع الصغار من تعليم القرءان الكريم.,0,Saudi Arabia
4364,ملى كوراث استر ربي  والى راه خرجنا من البلاد ........,0,Morocco
4365,maaaaaaaaaaaasssat khamej massakh niveau bas haamel marka adwaaar t9af9if wil 9waada w hadek tab3o,0,Tunisia
4366,عيب,0,Libya
4367,تافه وساذج ملا مستويات العيب موش منوا ملي مستدعيه,0,Tunisia
4368,قناة الخنار للتونسي والله كان ايحلوها قدام حيوان ما يندبهم .ايجبلك موضوع لواط وبعدها ايقولك الارهاب منين .الشفاعة يا رسول الله .اقسم بالله شي نطق .ياامة ضحكت من جهلها الأمم,0,Tunisia
4369,منحط.منحط منحط منحط منحط منحط منحط,0,Iraq
4370,برنامج متاع موبنا نعنبو زك أمكم يا خماج فيكم كان قحاب و موبنا والله نحلف عليكم تتبادلو بنساء و سامي الفهري ينيك فيكم يا خماج برامج و مواضيع متاع وبنا والله نحلف عليكم كلكم ناقصين عصبا,0,Tunisia
4371,9immat El 3ar,0,Morocco
4372,مقداد بلاهي أرزن هه راجل كبير راك,0,Tunisia
4373,sayeb el maryoul ya baya.yeeeeser masta,0,Morocco
4374,ديما الخمج والسكر في مسلسلات التونسيه,0,Libya
4375,5mejjjjjjjjjjjjjj,0,Tunisia
4376,طحانة التونسية وليتو كل برنامج ادخلو فيه حكاية القاضي الرحموني اتهاجمو فيه عيني عينكم . اليوم سيبوه البلجيكي اللي امورط في حكاية السلاح. عندو الحق القاضي الرحموني أمن فاسد وقضاء فاسد . واعلام فاسد . توا بالحق يظهر آش شكون ابيض في الارهاب بالحق,0,Tunisia
4377,Mêla moustawayat monhata manather m9alba les deux nahdi w la wahid 5ir Mel la5er 5iiiiiita,0,Morocco
4378,Marge,0,Lebanon
4379,كم انت منافق و رهدان يا شعب الخضراء. التوانسة الكل تتفرج فيه المسلسل و حتى الي ما يتفرجش فيه يسأل شنية صار و يجي ينبر و ينقد. شعب ليست له القدرة حتى على تحمل مسؤولية افعاله و اقواله. التونسي معروف عنه ان ما يضوي كان على البراني. المسلسلات و الافلام العربية و الاجنبية نراو فيها العجب و قمة قلة الحياء لكن هاك عادي و حلو و مقبول و رومانسي عند التونسي. و كيف يرى موقف جريء شوية في لقطة في مسلسل في بلادو تولي الطامة الكبرى. و الناس الكل تولي ملائكة و ائمة جوامع و يطيحو سب و شتم باقبح انواح الشتائم الي كيف و جوههم و تربيتهم في المخرج و المسلسل و الممثلين و يردوهم بيهم و عليهم و يزيدو و نقصو. قمة النميمة و العياذ بالله. شعب ضاربو النقص في روحو على كل المستويات. و ما زعام كان في بعضهم. هنيئا لك يا تونس بهذا الشعب.😠😠,0,Tunisia
4380,طبعا الشمطاء مايا اللي تنبح على الضصديق والعدو,0,Morocco
4381,5it,0,Iraq
4382,نوفل قداه نكرهو,0,Tunisia
4383,على الأقل كان من الأجدر جعل حصة الليلة حصة خاصة بالحدث الجلل و إستدعاء ضيوف من ذوي الإختصاص من قانونيين و علماء إجتماع و نفس و إجرام و دين و مجتمع مدني و جمعيات.فلا أقدس بعد الدين من أطفالنا القصر. _x000D_,0,Yemen
4384,"Ya Amine Ken jit inti ki tefah ech tkoun? _x000D_
كلب نهضاوي ما يسواش
أشبيه ماسط هاكا إيقول لشكيب نهضاوي علاه ما يسألش لعماري أشبيه من النداء
الي مزبلة التاريخ..
مقداد مشى يستريح ههههههههههه ملا مسخ هههههههه وهاو تعارك مع وحدة من الجمهور
mas5a 5amja tfoooh 3lik
تفففففففغغغغغغفغففوه. عليكم الكل والله ااعزيز لا تحشموا حسبنا الله فيكم اعلام العار
Ya jehél ....
أمسط واتفه خلق ربي،لعنة الله عليه وعلى امثاله..قال يفذلك خييييت ممسطو
ما ابلدكم تقعدو طول عمركم اعلام العار
Malla mssekh ras lanbout tfouh 3lik
Chammmsedddine wabbbbna  tfiiiiihhhhhhh
Barcha fdhaye7 😑
بولحناك هذا طحان و لحاس
ماسط ما تفدلكش خير
Nahthawi bayou3 ou galtin tjibou fih fi blatouwat tounsiya
شعب منافق والله وحشاء الشرفاء شعب أكثر طحان وديوث
قحبة بكوارتها
ya chakib bara chouf 9asmek 3ala rebi rek mase9 w man9ek maset w bkoulek masset
Mmmmmmmssssssit
Miselech 9ool mestawyette enti fesdaaaaaaaa
مشبكم ملا مارك
جاهل و متخلف ويحكي على الثقافة كي العاهرة الي تحكي على الشرف
Brabi ma3adech tjibouh hel jaheeeel
قليل حياء وعديم التربية بأتم معنى الكلمة وجميع تصرفات النذالة عملها والي يزيد ينرفز سكوت أمينة عليه
Floppp zinna
Ijahl msiba
maaaset  yé5ou fi flous zéyéd famma barcha athmer ménnou 3lé hakka pfffffff téféh barcha
لعنة الله عليكم متعلمو كان الفساد
انت لا تمثلي نساء تونس و لا تمثلي تونس  dégage
Hatta ahna twensa 93adna dho7ka . Fdhaye7 lotof w barra . Allah yfarej 7alkom
mrith wlh bara badel dwa eli tochreb fih rak 3awert mrith ti blastk fi razi ya tafeh wlh makch nrml nakerhk wzedt krahtk
T3ayaf ffffff ffffff
تافه منتفرجش
Enty akaber masa5 y mou9aded Ti bara tttiiiiitttttt
جهنم وبءس المصير لكل فاسق
ماصطة لاسطة وخيتي نشك كان انتي مترجمة تحكي بتونسي بسيف باش تحكي بلغة الغير ؟ هههههه
Ms9tha INES tu o5tha rhi normalement tsam7ha m5yb 9lbha
يا شكيب المبرر متاعك تافه تقدر بن علي كرجل عادي و صاحب غريزه الي هي عاديه جدا لدي كل الرجال لكن لو تعرف ما فعل بن علي لالبلاد ستخجل من البؤر التافه الذي تعطيه و للالاسف الجهل مصيبه
Fadina mel oujouh lemkalba nhar el kol madin ou jouhem fi talfza bel akhas hal kariouka
مايعجبنيش اما ربي معاه
تاكدت انك امسط واحد ريتو في الدنيا يجي بعدك دالي النهدي ربي يستر لا تبرك هالبرنامج
Rabi yahdi ma5lak 😩
الله لا تربح سامي الفهري عالتفاهة وقلة التزبية متاع الساقط شكيب احد صناع البحيري وقفاف النهضة
ti kalb tajamou3i moch metha9ef go3r
wled Sami elkaleb
عزوزة خارفة
عيب عليه ما يجيش نضحكو على حد مش قاري ما حبيتهاش منو وكا لطفي بجاه ربي علاه جايبينو ماسط لاسط
يا ريتني  جيت غادي اقسم بالله انا طفلة و نخرجك ازرق مفرك ... تعرف نعيمة الجاني اش عملت في لسلوسة وكلتو البوزة ... يا خنيث اندادك يا كلب لعنة الله عليك دنيا و آخرة اما العيب موش فيك العيب في الماخور التونسي الي جابك تفو عليك و عليهم ... الله يهلكك خليتني نهبط لمستوى مهوش مستوايا .... وين باش تلقاو قبوراتكم يا تحبو تقطعو النسل البشري .... حرام عليكم حرام حرام حرام الله يحرقكم بالنار و يطفيوكم بقاز كيف محرقتولي اعصابي ... الله لا يحقلك حق و يجعل راسك يتشق انت و امثالك وهف يلمك .... المشكلة الي انا نحب نعايرك اش باش نقلك ماكش راجل ؟؟؟ يا ناري ماكش باش تحسها
من مسلسل خامج ال فيلم اخمج ملا منضر لقرايا و الثقافة متاعك قالولك عري روحك  و أعطي رأيك في المحرمات
Flop👎
أمسط خلق ربي
ya lotefi abdeli na9ase mn baleda
Ma5ieb rasou hal fsala
مسلسل تافه و شعب اتفه
ماسط لاسط 😱😤😝
mafemech chkoum amsset w abhem w arak maka l ma5lou9
ملا ساقط الشيب و العيب حقو راو يعطي فيحق ربي راجل كبير يدا فع عالمثلية
والله خرية مڨجڨج علاها الذبان خيييييت ملا امارك
seel3aa :*
omeke 9a7ba
برنامج دخل في الرتابة و بعض الاحيان التفاهة شخصيا ماعدش نتفرج فيه
Jabri ou mejee chay
مل فظاءح
مثير للاشمئزااااز..",0,Tunisia
4385,نعلة الله عليكم واحد تلو الآخر ....يا مثليين يا خونة يا صهاينة وخاصة الكللللللللاب سامي الفهري  .........اللهم ارنا فيهم يوما .......اللهم اخزهم في الدنيا و الآخرة يا أكرم اﻻكرمين,0,Tunisia
4386,rak masta -rak lasta -rak 3malt riha ki leklasta,0,Saudi Arabia
4387,اتفوه,0,Iraq
4388,masset  yessser,0,Syria
4389,الله يهلكهم,0,Tunisia
4390,ما يعرفش اداب الحوار يضحك من غير سبب مستواه ياسر منحط,0,Tunisia
4391,Tfoooh,0,Syria
4392,Mabladha,0,Lebanon
4393,Tfouuuuuuuhhhhh,0,Algeria
4394,ماسط  و هو  باش يخسر البرنامج,0,Tunisia
4395,شنوا ها المناظر للطف يا ربي ما يفرقوش بين الحرام و الحلال و لله متصورة روحي مانيش في تونس,0,Algeria
4396,ما فيه ما يهبل  ماسط لاسط راسو كيف الزربوط وصوتو إيواحش ولوشام اللطف يا ربي كيف أم البوياه,0,Tunisia
4397,تحكي ياسر بيداها و معندهاش شخصيه و عمرها مكانت فنانه و زيد تتمعجن تتعلم فشويه  تشقنيس و تزعبين ذري حافضه كلمتين جايه تمصمص فاهم و اخيرا اذهبي وهف يهزك,0,Tunisia
4398,تفوه عليك وعلى برامجك يا خامج ياولد مفيدة وعلى المقحبة إلي قاعدين يتبعو فيك ، كيف ما قالت ليلى الحجامة حماتك باش ترد نسا تونس لكل قحاب خاطر قالو عليها حجامة قحبة ، إنت بقيت في تونس باش تكمل تحققلها حلمها ، أما نقولك إلي موش العايلات لكل مسخين كيفكم يا خامج ياديوث ،تفوه عليك,0,Tunisia
4399,خنزيرة,0,Qatar
4400,lmastiin kifou ytay7oulkom men l'odimat ma3adéch tjibouh bjah rabbi,0,Tunisia
4401,مخيب راسو,0,Tunisia
4402,الثعلب الماكر,0,Algeria
4403,تعرفو كرهتوني في قنات تونسي برمجكم اخي اخي بكل مصظين برشا,0,Tunisia
4404,yezew mesiyesa fadina menha,0,Morocco
4405,Mella malhat mellla mandher,0,Morocco
4406,الله لا تربحو انشالله,0,Libya
4407,ياكافون راك ماعدش ادجي شي,0,Algeria
4408,موش معقول هكا تبدا تتفرج انتي و عايلتك و الله تحشم على روحك زحح_x000D_,0,Tunisia
4409,"الشيب و العيب _x000D_
ممسطو هالطحان شكيب
 masettt lasettt
Merakou
masétt laséttt :3
Hada 3ar
التلفزة بلا اولاد مفيدة ماسطة
Ya.masssta
Masekh
Y'a 5ouya mamestou
يمالة جياحة خماج
Ya maset ya laset
مافهمتش شنوا تقصدوا بالحاحكم في طرح مواضيع المثلية الجنسية ؟ كيفكم كيف برنماج عندي مانقلك احترموا العائلات ياسامي الفهري برا الله لا تربحك انت واللي معاك ياكمشة خماج تحبوا تبينوا انكم متحضرين بالعكس والله ماتزيدوا كان تكرهوا المجتمع فيكم الحمد لله مجتمع تونس الاصيل مجتمع متحضر اما بالاحترام والثقافة والحشمة موش كيفكم
Yassser waleeet 5ayba walllah ttjrbeeet f rouuu7ha
Tefeh yeeeeeeessir
Masta
وزير التربية ... قليل تربية
وعن قريب وفي هذه القناة والتي تجاوزت كل الشراءع السماويه واصبحت غايتها نشر الفساد والرذيله في مجتمع بالكاد يكون مسلم  علما وان كل برامجها اصبحت اباحيه ولانقدر علي مشاهدتها مع اطفالنا فويل لهم من سخط الله
Mase5 w 5amej enta w cheltek tfouh 3likom f sedi romdhan mal9itou matjibou
Pfff 9adekch go3er w mekhybek enti w soutek rak yeser dégluasse
hhh mal9it mat3mel ya nawfel 5iiiiiiiiiih ma5ybhaa :(
Cha3b mnayek tfouh 3likom w 3la mofida
والله ماسط هو و خوه و بوه .... رذال الكل
tfuh 3lik ya samir ;tfuuuuuuuuuuuuuuuuuuuuuuu
مااااااسط...",0,Tunisia
4410,عاهرة من عاهرات ابليس🔥,0,Iraq
4411,pfffff mastaaaa,0,Morocco
4412,Ya3téha 3mer fi 3inéha mala tsou9it mskina o5tha,0,Tunisia
4413,Alahh ystourna fi he lebled pefffff chey i7achem waleh 3alemet esse3a,0,Lebanon
4414,9lil tarbia mayjish rajl yejbd f mra mita nshlhh mayajralou kifha w yetjlat kifha,0,Syria
4415,ربي يعدّي اللّيلة على خير.. :-D,0,Morocco
4416,اسوء حلقة شفنها في طريقة التقديم,0,Saudi Arabia
4417,Mala remz,0,Lebanon
4418,عفاط عالحيط و الراب مايفهم منو شيء. .و زب ليك يا قناة اللواط انتم الي تكبرو فالجربوع و خوه.. #زب_لكم 👊💪❌,0,Libya
4419,mamseto !!!,0,Saudi Arabia
4420,Yesr tsayeb f la3aal eli ykathr me l3sal ymsat pffff,0,Saudi Arabia
4421,من قبل نكرهك و ليوم زدت.تحيفة الخنن,0,Tunisia
4422,لا معجبنيش,0,Tunisia
4423,ابا لهب لا مشا ولا جاء اللطف ياربي الشيب والعيب,0,Iraq
4424,Ma5yebk,0,Lebanon
4425,mamstouuuuuu,0,Algeria
4426,"يا استاذة راضية حنانة وخيتي سامحيني واااع 
chleka plastique
ما امسط منو كان دلي النهدي
تفرج الكلاب اللحاسه",0,Iraq
4427,wjouh lo7,0,Tunisia
4428,قردة وما جات شء تفوووووه على منظرك,0,Saudi Arabia
4429,"Ena metfarjtech_x000D_
Kamcha 5maj
maaaasta
Mamstah !
شحص جاهل و لا يستحق موجود في البرنامج..",0,Tunisia
4430,بهيم  وسط مجتمع واعي,0,Yemen
4431,E7chem chwaya ya ham,0,Morocco
4432,سؤال بسيط . كيفش تنجمو تبيعو رواحك للدرجة هذي . قناة الوبنة و القحب,0,Tunisia
4433,"برو الله يعريكم يا وجوه الضبوط -_-""",0,Libya
4434,Hhhhh hhhhhh testaaaaaaahel wa7da 7agara yandra kifeh teg7er w tkallem fi rajel houwa yfathlek 3laha w hia t9oul lsemi ija hezou 3lia chwaya a7leemha lkol illi thazou w tarou hhhhhh marka  kif heka kan reb7et 7atta 5 mlayen rahi  tal9et rajelha wahf youhefha,0,Tunisia
4435,Masta tkaser lkriem,0,Morocco
4436,mabldekoum w marakoum ejma3t labes eb9ytou lehyn ken b marzouki ken 3amltou 7ajja tasla7 5ir mela tafeha nawfel w ejm3tou pffffffffffff,0,Tunisia
4437,maset a8anih el kol mathama feha 7ata ma3na,0,Lebanon
4438,امين عجبني كوستيمك يااااسر مزيان 😍,0,Morocco
4439,مش غريب عليه التبندير,0,Egypt
4440,طيح سعدك و سعد أمك يا خامج تفوه عليك يا مسخ,0,Tunisia
4441,مااااااااااااااااااااااااااااااااااااااااااااااسط...................._x000D_,0,Jordan
4442,ملا شلايك إعلام منحرف,0,Lebanon
4443,Tfouh,0,Lebanon
4444,Masta w mas9th ines ka3brith li a5th mas9th,0,Egypt
4445,bfffff maaaaaaaaaaaaaaaaaset laaaaaaaaaaaaaaaaaset,0,Morocco
4446,مخيبك,0,Saudi Arabia
4447,نكرها,0,Iraq
4448,Maset,0,Tunisia
4449,ماسط  اكبر بهيم !!!  ح ش,0,Sudan
4450,يا قليل التربية السوريات بشرفوكبس الظاهر مو قدران ت صلن لحتى عم تحكي عليهن هيك ماحد خبيث غيرك انت وامثالك ربي يهدك,0,Syria
4451,بصراحة بيرم طلع ساقط,0,Palestine
4452,Kathertoulha mel msouta,0,Morocco
4453,maset f 7keytou fer8a,0,Syria
4454,مقداد السهيلي يعاني مسكين فراغ روحي و فكري و عامل روحو دون كيشوت,0,Tunisia
4455,نحب نقلك راك ممثلة فاشلة ومصابة بجنون العظمة الي يشوفها تحكي يقول هذي ممثلة في هوليود ماخذة الف اوسكار وهي موش معروفة من اصلو,0,Tunisia
4456,Tefehet,0,Algeria
4457,عفشة 😀,0,Saudi Arabia
4458,حسان من الجزاير تفووو داعش ارحم منك.تفووووووو,0,Algeria
4459,الشكارة والبحر,0,Tunisia
4460,Nhadhwiii se9t,0,Morocco
4461,ماسط,0,Tunisia
4462,ميبون، جرذ من جرذان النهضة المنيكة.,0,Tunisia
4463,3abitt hh mouch fahem wala 7aga,0,Morocco
4464,انحطاط اخلاقي و ثقافسي  وحقد ايدولوجي لا مثيل له,0,Iraq
4465,Marzine mlayaktou,0,Morocco
4466,mamstek,0,Syria
4467,شلاكت المسرح التونسي,0,Iraq
4468,مخيب راسك,0,Tunisia
4469,masset lasset,0,Morocco
4470,موش متع راب ... الراب خاطيه ..,0,Tunisia
4471,اخخخ تفووووو. عليه مسخ والله ميحشم وعار.  ملافضائح,0,Tunisia
4472,3andha i3a9a f sotha yeser tetcha9nes,0,Tunisia
4473,ثعلب سورية خبيثة وظاهرة تحب تهج أروبا الراجل غلطتوا ماخذها أصغرمنوا ببرشا صدقوني مفماش أخبث من السوريات ملاهط وإلى عايش البرة يعرفهم شنوه,0,Tunisia
4474,masta masta masta wjouh el lou7,0,Tunisia
4475,و برشة قلّة حياء زادا 😡,0,Tunisia
4476,من الرعاع وسقط المتاع,0,Yemen
4477,تفيه عليكم فردا فردا يا جرذان المسخ سامي الفهري,0,Libya
4478,حلقة البارحة كانت فاشلة في رايي علي جميع المستويات و كان سمير الوافي السبب الرئيسي لهذا الفشل الذريع رغم قيمة الضيوف,0,Libya
4479,وين مشين بها هال البلاد راهو عيب عليكوم يلزمنا نشدوا في ديننا و نرسخوا الأخلاق في أولادنا,0,Algeria
4480,Tefou a3lki w 3alhi,0,Iraq
4481,Mamestou w marakou 😡😨😨,0,Morocco
4482,5ayba....  Tayya7t kadrek w kimtek la7kika,0,Lebanon
4483,ya e5i efhem ro7ek ou ma3adech ytwarina mandhrek mamestek,0,Tunisia
4484,سامي كراكوز,0,Tunisia
4485,5ih 9a7ba nakraha,0,Morocco
4486,قمة في التفاهة والغريب في الامر ان الناس تغني وترقص على انغام هذه الحقيرة الفاجرة,0,Saudi Arabia
4487,Cha3b mounafi9,0,Tunisia
4488,قناة   قذرة   فلوس الامارات,0,Egypt
4489,طحين و دخان,0,Yemen
4490,Ya sourek ya 5oumej tbi3ou fi gerd tath7kou 3l cherih,0,Syria
4491,Msata,0,Lebanon
4492,نحيوا بوها الثقافة مادام هذا المنحط و امثالوا يحبوا يرتقيوا بيها و يمثلوها. لا يصلح الا قواد خلاه بوه الحنين ملقاش شكون يعطيه رضعتوا,0,Tunisia
4493,5555iiiiittttttt,0,Morocco
4494,ماسط برش no comment,0,Tunisia
4495,"بورحولية الراجل هذا وقفلي مخي ... كيفاه يحب يرجع بن علي .. تي مالا وعلاه احنا عملانا ثورة .. _x000D_
شعب بهيم و مستك و جحش و كلاب في نفس الوقت تفوه
Mamstou 😖 amsat mel broudou
تدخلات  فارغة  موش  بلاصتو كلام الناس  و يزينا من  
Kadheb
تفووووووووووه ياولد عاهر
masset barcha
أمين قارة جابوه للحوار التونسي باش يطير عليهم العين هههه أمسط منشط في الدنيا #أمين_قارة_أول_غلطة_لقناة_الحوار_التونسي 
ye5ou fy flouss  7ram fih
البلعوط
pffffffffffffffffff mamset ommek
تفوه علي ما يحشمش تلم وهف يهزك. ملا شلايك عليها من الله ما تستحق.
ماسط ماسطه مالهاش مثال ولا في الخيال و تستاهل هذه 💣.😃
عيب عالاقل استر ماستر رببي جايبينو يحكي مباشر ملا تطور صاير فيالبلاد رانا نتفرجوا صغارر وكبار والله عيب ما ننكروش الي الحوار التونسي تعجبنا ونحبوها اما ننصحكم بلاش محبة الشعب ما يصرير شيء وشكرا
ملة مهزلة بلاهي كي ما تعرفش القرآن أش لزك عليه يا كافون
kalb mchawat zendik
يا حثالة كمشة مثليين و سقاط
رني رني علمو الشعب الدياثة و القحب
قاداشكم ارخاس الشعب الكل اكرهكم
mamset zok omou
Masta 😪😪
راك ماسط راك لاسط راك سلعة كلخة ما تشيخ الراسط واااا حمزاوي فين طاير في السماء كيما قالوا ناس بكري معيز و لو طارت و الفاهم يفهم
mamstik au moins elli keno chedin wizra keno tiba w mohandsin ith7ak 3ala rou7ek w pr critiquer personne 7awel ta7ki bi osloub mit7athar
Tfoooouh
Khiiiiittttttttttt 3lik, 9atletkom elghira wel ghazoul min lotfi
حمزاوي اعتزل الفن بعد ما شهد هذه المهزلة
فضحونا بالعرى .
Massettt
fi belek brou7ek t7azen el galeb
chbik maset el bereh eddrama athret 3lik
Mastaaaaaa
Tfouh...
فنان عنصري و غبي
مزوّر
راك ماسطة راك لاسطة
الشيب والعيب
Farekh tafeh mta3 El Fehri
كراكوز ياغربي
ابتذال وسفالة بدون حدود .
أشبعو صتايك يا قناة المخور
ya  mase5
Malla mestawa2 mon7at me k9itou me tjibou kene hal mander hatha
نكرهك انت هذ سال
ماااااسط
ملا حالة وملا مستوى متاع سي الكبش الفرُك
من اسخف و اوطى الاعمال بصراحة مش متع سهرية وسط العايلة
5wenji tla3 mel brima wzid kadheb wtes2el fina chnowa rayna fih? yemchi yrou7 
تأفه برشا
سحقا لمفيده وأولادها لهمل يعلمو في الشاب بعد عن ربي ودينهم حسبي الله ونعم الوكيل فيكم يا خمج
برنامجكم  في النازل  و اعتذاركم  المتعالي لا يكفي و لن  ننسى  انكم كنتم تسوقون  للمثلية
Maset laset
wallah 7ram 3likom
تحب تعيشوا الناس في الخيال التافه متاعكم رمضان و قلة حيا أش بش تلقوا فعلكم
فرخ
ماسط ﻻسط
خنزير هذا
مقرف
فدينا منوا ماللخر
قمة السخافة
-tefeh _x000D_
Masta lasta
Mamsetha tetcha9nesss  w 7aasbaa rou7ha sghiiiira
malla bahloul whaika ilbhim ,kfaih yithhak  mythahkouch
ممصطها
مقدم تافه  و تفاهه
شلاكة
Masseeeeeettt
الله يهلكءك يا فهري يا مجرم
barcha fsed et wabna
mala emgarabaa
Chlaka
اسمو طاهر وهو مسخ هههه شيخ المثليين
nekraha
init kalb 7ach ismik
عندها حق ماسط يكتل
الطحين لترويكا
جاهل من جهال تونس
مقداد والله كثرت علي ما وصاوك
فاتك القطار
tfouh 3la jed weldikom l kalb
عيب و عااااااااااااااااااااااااااااااااااااااااااااااااااااااااااار",0,Tunisia
4496,masta,0,Oman
4497,Mamsto sahriya kmla w howa ynags ywatr l3sab,0,Morocco
4498,هاهوا مقداد الماسط.اوووه ملا مرج,0,Morocco
4499,Sel3a zbela,0,Tunisia
4500,مخيبو و مخيب راسو,0,Tunisia
4501,هدا برنامج نوفل القفاف  تو كيف شد الباجي رئيس تو يحطك مستشار الخاص هههههههههه ملا بهايم المرزوقي سيدكم  يشرفكم و يعرفكم تفوووووووووووووووووه عليكم يا جهلة,0,Libya
4502,5ayba,0,Lebanon
4503,مقداد السهيلي مريض نفساني يمشي يعدي خير و شدوا كان نجلاء هذي تي شوفو لخرين لعرا و قرا و كلام زايد ماتكم حد توا يحل في فموا و يتكلم بربي شكونوا هو ناس كل خايفا منوا حتى كلام ما يعرفش يحكي,0,Tunisia
4504,Mnayek ala  ro7ou,0,Tunisia
4505,malla ta5allof chemda5ell louleyaa,0,Morocco
4506,مصط برشا برشا برشا,0,Tunisia
4507,، زبالة,0,Egypt
4508,ettuf ettuf ettuf maaaaaaaaaaaaaaaaas5a,0,Morocco
4509,نهضاوي كرهني في كلام الناس,0,Tunisia
4510,Mamstoooooo howa wecharka emta3o,0,Morocco
4511,mamstou sa5ta,0,Morocco
4512,offfffffffffff mamstekkk,0,Egypt
4513,احمد الرحموني مبيض الإرهاب.... واحد مسخ ولم يحترم احد ليعطيه الكلمة لا غلاب و لا غربية و لا صاحب الحوار إذن فهذا الحقير هو بحيوان حقيقي و ليست له أدلة واضحة و كل من يدافع عنه بصفه فهو ايضا بحيوان ......t7annnn inhtha,0,Saudi Arabia
4514,علة راك يا بية,0,Tunisia
4515,A5iab 9anet fi tounes,0,Lebanon
4516,mate3jbnich rim w louk mech mwatiha,0,Tunisia
4517,حقيقتا حطمتو الرقم القياسي في الخمج وقلة الحياء أنتم حثالة حثالة حثالة,0,Tunisia
4518,اتفوووووه عليهم,0,Egypt
4519,Bayrem rak maset,0,Morocco
4520,ماسط ماسط,0,Tunisia
4521,Lokza ye5dim fi siedou le5wenjia,0,Syria
4522,مسكينة تونس بعد  الثورة رينا العجب,0,Tunisia
4523,sel3aaa mala mase5,0,Morocco
4524,Masèeet,0,Algeria
4525,العيب مش فيه العيب في إلي جابو للبرنامج !!!!! تو الحرام رديتوه حرية شخصية !!!! و النقاب رديتوه تخلف و مش متاعنا !!! ربي يهديكم وكاهو !!!!!,0,Tunisia
4526,Blida,0,Algeria
4527,mala mostawa to7nalo tfi 3lik ya sami elfehri sa9et w wati,0,Tunisia
4528,نفولك راك تافهة ومنعرفوكش واحمد الا ندلسي شكونك انت باش تعطي رايك فيه كانك على حكايات تونسبة نفخ وشرب ماه هو هكا مسلسل تحكي عليه,0,Tunisia
4529,Hdhaka wa9a3na wmojtama3na weli mech 3ajbou ma yetfarjch,0,Morocco
4530,راك ماسط,0,Algeria
4531,mamsitha maya pffff,0,Syria
4532,ماراتش عيني امسط من قاضي البهامة والارهااااب..ممسطو..ماعاش تجيبوهولنا..كشاكشو خارجة في تبييض الارهاب..ارهابي يقتل ويفجر ويذبح..تحبهم يعملولو كاغاس..تفو عليك  يا مجرم,0,Tunisia
4533,مغط و ماسط و ملائكته رزينة,0,Tunisia
4534,كمشة كلاب,0,Iraq
4535,Ya3tik wahf ihizik,0,Tunisia
4536,bkolkom jebtoulna ezzebla,0,Lebanon
4537,مسخ و طحان تي تعتذر من يهودي والله طحان,0,Tunisia
4538,برنامج تافه و فنانة أتفه -_-,0,Palestine
4539,الله يسامحكم في هالمنشّط ياسر دمو رزين و ماسط امين,0,Libya
4540,l'marra hadhi rak masét ya mr salem !!,0,Morocco
4541,Kleeeb lkol,0,Lebanon
4542,Mahboul,0,Lebanon
4543,Rak taaafeh wkan tnaber beeef,0,Tunisia
4544,الصببببررررررر يااااربي يزيه هانا حكا سيبوناا راهو فددناااا,0,Tunisia
4545,متصورتكش امسخ لدرجة هاذي يا نا تن يا حقودي لعنة الله عليك وعلي اخلاقك الف مرة,0,Tunisia
4546,شكيب أضعف شخصية في كلام الناس,0,Tunisia
4547,#مانيش_مسامح_x000D_,0,Tunisia
4548,Mamsatha w marakha,0,Morocco
4549,mille5er et7ine fi damkom w ma tjiouch rjél,0,Morocco
4550,#dga3diiiii ma5ybk,0,Tunisia
4551,a79ar ma fama fil a3lam,0,Morocco
4552,mammmstoouuu w ma9al torbitouuuuuuu... !!,0,Iraq
4553,Masta master elmosalsel,0,Modern Standard Arabic
4554,Maset laset,0,Modern Standard Arabic
4555,Masetttttttttt,0,Sudan
4556,Mas9atha,0,Morocco
4557,"الله ﻻ يربحكم يا جماعة قناة الدعارة""",0,Tunisia
4558,ma5yeb wejhouuu sii nawefll mela mantherrr 5ihhhh ou itfiiiiiiiiiiiiiihhh,0,Tunisia
4559,Masset barcha,0,Morocco
4560,أمسط وأعدم عباد ربّي,0,Tunisia
4561,"ماسطه 
معادش نتفرج فيه البرنامج
Maaaaaseeeeeeettttttt
mokrez
maste
راك ماسط لاسط بربي حد يفهمو هذا
Tefah
عيييب والله عييييب ان نناقش مساءل محرمة في ديننا ونقول انها حرية شخصية عييييييبب
ماسط لاسط
Hedheya dhaher fih 5rof w ma3adech 3aref fech y9oul
ملا فظايح مهومش رجال خواتها
قداكشي تافه يا شكيب
يعطيك الجرب
كان مشا ttttttttttt خيرللو :-D
Tfouuuuuuh 3a ratsa mta3 bouk ya masa5 ya 5amej 3tak el wa9t wta7ki 3al club tfouuuuuuuuh
طحان و لحاس ... موش راجل
Ma5ybek w ma5yeb madhrek ya 3efcha👎👎👎👎👎👎
قداش ممسطك و مرمزك
maset barcha
malla chleka jeybinou w malla mostawe
brabbi winou 3alaa ye5i naoufel bech ye7tal el baramej el kol masta barcha le7keya
MA5AYB RASOU
Kalib rcd .
ممسطو
الشيب و العيب
يعرفوه طحان و لحاس و بايع ذمتو للادارة_x000D_",0,Tunisia
4562,tfouhhhhhhhhhhhh a3la haja esmha wabnet twansa,0,Tunisia
4563,مكثر ها عهرات وكان إلقيت ذكر في وصتهم رهو لي عندو في الدار عاهرة تفوه عليكم كان تولوا عباد يا خماج,0,Tunisia
4564,monafe9 w kadeb,0,Iraq
4565,لعبها ولد قحبة,0,Qatar
4566,ملّة سهرية اليلة، شكيب و زيدو محرزية.. أووووووفف,0,Tunisia
4567,ههههه كثر الهم يضحك قال لعائشه كي تقلك امشي زور قريه في مصر اسمها يوسف الصديق و امين باهت في الاسم بالك سمها على خاطر هالزنديق اسمها يوسف الصديق نسبه لنبي يوسف عليه السلام ملا كمشه جهال لموهم اليوم نخبة تونس في الخمش و العار و قله الحياء,0,Tunisia
4568,مااااااااااسط خخخخخخخخخ راهو كلامو يردد,0,Algeria
4569,ڨرودة,0,Tunisia
4570,الانسان هذا بلييبيييد,0,Iraq
4571,برجوليا ما يعجبنيش ماسط لاسط ؤ ما يعرفش يحكي.,0,Tunisia
4572,tha3louba majet chy 3amla fiha 9afza,0,Tunisia
4573,nakrho -_-,0,Saudi Arabia
4574,Tfooooooooh 3leeh,0,Syria
4575,اكبر منافق,0,Saudi Arabia
4576,Massat w blid en plus Nahdhaoui,0,Morocco
4577,كان جا بيدي قسماً برب الكعبة ننفيك من تونس ونبعثك للصومال انت والحثالة الورتاني، أنتم أكبر عار علي تونس,0,Libya
4578,سلعة زبالة.,0,Egypt
4579,Mala masta lasta,0,Morocco
4580,ليلى الشابي لازمها ما عادش تظهر في التلفزة و لا راديو عام آخر.. خلينا نهظمو المساطة اللي سيبتهالنا الجمعة هذي.,0,Libya
4581,Maaaaaaasit,0,Morocco
4582,masit lasit,0,Modern Standard Arabic
4583,Masset lasset,0,Morocco
4584,maset barcha,0,Morocco
4585,"3amlet bou5ou5ou wmba3ed 9atoussi _x000D_
5iiiiiiiit tfouh 3lih
برشة وبنة منك يا مسخ تفووووه عليك
milla mostewe habit
عمل العار 😑
مفكر جاهل
شعب اشدو فيه على جونة وسيكارو مبروم وعبد كيما الخامج هذا سارق ومتحيل وفاسد وقمارجي وتونس كاملة تتفرج فيه وميكلمو حدّ،قلو شكون يربح المليار،
كلب من كلاب المتمرة
Masta
Zbala taya7 9imet elbarnamej
Masit lasit
واخو اكثر من حقو و العيب في الإعلامي الي ستدعاه
Mala fal9a
Mast
masete laset
مسلسل يدرب على الوبنة
mala henda ma5yebha :3
pfffffffffffffffffffffffffffffffff mamstik w marznik: en7eb na3ref echbikom kif et3adiou ala sar fil 7al9a elli fetet al web; met9oulou ken ala 7ajet el behya; 9oulou marra wa7da 9alet mamstek w marznik ya amin gara ;trah ??
يوتّرني حضوره و تعليقاته الموجهة و مداخلاته التي لا تخلو من المغالطات....صدقوني يمرضني وراسي يوجعني و ينرڥزني
mate3jbnich
Masett lasett...
Maaaaaaaaaaaaaaaaaaset 3al le5er
ممثل فاشل و ماسط
Ha binti bari raW7i
rajel ou sed arjel
Mla tafehet
ﺍﻧﺴﺎﻧﺔ ﻣﻀﺮﻭﺑﺔ ﻓﻲ ﺭﻭﺣﻬﺎ
بصراحة حصة كلام الناس ولاة قعدة في قهوة الحومة لعب ذر المقدم فارغ يحب التهريج واللعب وزيد البعض مالضيوف دون المستوى مما يجعل الحصة تافهة مملة فارغة المحتوى
برشه بلاده و قله حياء
ماسط كالكلاسة -_- عمروو ما يضحّك :/
انسان تافه ماسط لاسط مقرففففففف
Mela kafon mamstou 3abed
انها لا تمثل المرأة التونسية و من لا تحترم الرجال لا تحترم دينها هي ايضا  لا تحترم ولدها.
Mathalèkkkkkkkk ya w5ay 5iiiiiiiiiiiiit maratech 3ini
Maaaaaaaaassssta lassssta
nakrhou
hhhhhhhhhh mala sil3a
حيوان
اعلام فسد الشباب وضيع اخلاق الناس ..._x000D_",0,Tunisia
4586,اولاد القحبة,0,Iraq
4587,makhyibha,0,Morocco
4588,Nn ma3jebnich,0,Morocco
4589,Masit barcha...,0,Morocco
4590,واحد مسخ كلب ...طحان التجمع,0,Tunisia
4591,تافها جدااااا,0,Egypt
4592,خاااامج,0,Morocco
4593,لطفي العبدلي كارثة اخلاقية ....الوقاحة تشكوك لقلة الادب,0,Iraq
4594,زمن الدنيا بالمقلوب وزير التربية وهو قليل التربية,0,Saudi Arabia
4595,قناة تافهة ومنشط باسل و ضيوف لاجديد لهم كان تقشقيش الحناك ..أحسن حاجة تعملها خويا وأختي العزيزة تسكر التلفزة ولا تعمل Mute,0,Tunisia
4596,Tfouh 3ar5is,0,Morocco
4597,شكيب درويش اخيب حاجة في البرنامج,0,Tunisia
4598,انا اشك في اسلامه انه يهوهدي متطرف.يريد الفاحشة في المسلمين,0,Yemen
4599,كمشة امارك,0,Iraq
4600,kelb,0,Jordan
4601,بلحرام  بلحرام بلحرام كان جيت حاضر  الا ما نقز و نترمى  على ها الساقط  القاضي  القضقاضي  و نفشخو بطريحة  و ناجبدلو عينيه  نضرب بيهم المنشط  اللي جايب  ها الخامج ومخليه يتكلم   و  بعدها  خلليني نمشي  للحبس,0,Tunisia
4602,maaaaasset amine,0,Morocco
4603,Ritou direct badelet chaîne maaaassseeettt laaaaassseetttt pffff,0,Tunisia
4604,M7lkkkkk,0,Lebanon
4605,أكبر طحان هذا رضع في الحليب والله.بوبه كان طحان كبير في تجمعو الناس كل تعرف في قابس وحنا من تشرفوش بيه فرخ ميبون تفوه,0,Tunisia
4606,نورمال تذكروا ببوه الحنين .. الناس إلي كيفوا يعشقوا التلحيس و التبندير ، ايديه ياكلوا  ما لقى لشكون يصفق و يضرب البندير .,0,Tunisia
4607,Rak masta rak masta rak sel3a kal5a,0,Tunisia
4608,tefeh ya7ki 3atha9afa pfffffffff malla msoutiya w 9ilet torbya w mouch rajel,0,Lebanon
4609,Mamsthaaaaaaaaaaaaaaaaaaaaaaaaaaaa,0,Tunisia
4610,ملة شلاكة بشرى بالحاج حميدة,0,Tunisia
4611,Makyabb southhha,0,Lebanon
4612,ممرڨها و ممسطها,0,Libya
4613,"اما شبيه متغشش""",0,Tunisia
4614,amset ma5lou9 fe denya :poop: :poop:,0,Tunisia
4615,Maset;3oka,0,Algeria
4616,maaaaaaaaaaaassset,0,Morocco
4617,masit w rkik !!!,0,Morocco
4618,والله ما امسط من نجلاء كان انت والفن تكب سعدا من نهار لشدية انت نقيب الفنانين برا شوف خدمة اخرى خيرلك انت عملت عار وريحة اكثر من نجلاء ....ياسيدي شيخ .....تحكي على الفن شنوا مستواك انت تي انت ونجلاء كيف كيف انت م .. وهيا ق... ورجال ميتحقرش يابهيم موش ندافع على الدالاجي اما حسب من شوف خير منك وعطى في ميدان متعوا خير منك .....مرخصك حاصيلوا .........يا مسخ تفوه عليك وعلى قدرك كان عندك فدر ............,0,Tunisia
4619,Ana ma3jbtnich 7ata taref,0,Syria
4620,بربي علاش جايبينو؟ باش ينبر,0,Tunisia
4621,وزير الهانة و رقاد الجبانة العشي اللي ما يحبش يتسلم دار مهدي مليكة ملك الدولة هذا حاميها طلع حراميها,0,Tunisia
4622,maset barcha,0,Morocco
4623,ثرثار و اخاف من راضية,0,Tunisia
4624,Bayrem mamsto,0,Syria
4625,خيييت مخيبهم هالمارك الي جايبهم ليوم و زيد لطفي لعماري مشلق ياسر على روحو الي هو مؤيد للانقلاب في مصر بالعربي كي ما يلقى لشكون يلحس يلحس للسيسي السفاح يطيح سعدك ها لطفي,0,Tunisia
4626,بصراحة  مستواه منحط,0,Syria
4627,wallah i3lem l3aaaaaaaaaaaaaaaaaaaaaar,0,Tunisia
4628,لا فلح لا في التمثيل لا و لا السياسة,0,Tunisia
4629,Mamstw lham hedhee,0,Syria
4630,اكبر جحش في القنات,0,Libya
4631,لا تربح الي خمم و جابك !!!,0,Tunisia
4632,كانو حاسب روحو فنان و يقبل النقد...انا منعتبروش فنان و ميشرفنيش هو و آمثالو...,0,Tunisia
4633,مقريتش فيه يا طحان,0,Tunisia
4634,ماسط لاسط و دموا ثقيل و ميعرفش يناقش يا حسرة على مايا القصوري :/,0,Tunisia
4635,راهوا عيب عيب الي تحكيوا فيه وتجيبوا فيه في التلفزة حرام حرام الله يسترنا,0,Tunisia
4636,مسطوها تقسط علينا كمرت البو صب الحلقه و يزي فك,0,Tunisia
4637,maste w 5ayebe,0,Jordan
4638,مش حلو ميضحكش ماااااااااااااسط,0,Egypt
4639,Loolll mamestou,0,Lebanon
4640,التّملّق و الإذلال,0,Lebanon
4641,Kalib kalib kalib tmout kilkalib,0,Tunisia
4642,chay y3mel il3ar,0,Tunisia
4643,Masset barcha,0,Morocco
4644,Masssta lasssta koul hiya matekelch thaw bellehi barrra ara wejjek kadech kla thaw w botokx,0,Iraq
4645,Ma3jbitniych elfaza,0,Algeria
4646,Mouch mnha mn semi el fehri el miboun  mao tayhouha fih fel habs we mn ghadi bdet lahkeya tfoooooooooooooh alih,0,Syria
4647,قناة العار و الشواذ,0,Algeria
4648,msata,0,Lebanon
4649,انتي ممثلة انتي اكيد من السحاقيات,0,Qatar
4650,بصراحه ياسر تزوفير وقله احياء,0,Iraq
4651,Hamzaoui ya maaaaaaaaaaaset:@,0,Algeria
4652,Pffff chou aka semi 7altou,0,Morocco
4653,mak bhim,0,Morocco
4654,من مآسي الزمان..,0,Lebanon
4655,كيفو كيف عشيرو لعريّض ! تو هذا وقت  ؟؟! يلعن بو الوقت,0,Tunisia
4656,أمسط واحد في تونس,0,Sudan
4657,Ensen tefah ch5aleh mahabech ye7ki m3a chakib 3arfou bech y5arjou min ghir sabatou hhhhhh,0,Tunisia
4658,Mousalsil 3al 7it  . rana fi ramdhan y'a raasol lilah,0,Tunisia
4659,Masta lasta,0,Morocco
4660,barchaaaa lolllllllllllllllllllllllllllllllllll maste,0,Lebanon
4661,أمسط من ملايكتو ما راتش عيني ;;; يا ناس راو غلّب عليا ::: تمنيت لو كان جات عندي قدرة نّحيلو الجنسية التونسية و نطيش والديه في زيمبابوي خلّيهم يستغلّوا هاك الراس و يعملوه دربوكة  مأخيب منضروا و م أمسط ملايكتو,0,Tunisia
4662,Oui ene t3jbni barcha,1,Algeria
4663,تبارك الله عليه,1,Morocco
4664,امرأة أنيقة و سلسة في خطابها و ذكية و متواضعة,1,Saudi Arabia
4665,جعفر يحب بلادو ويعمل في الخير يعاون في الناس والحكومة لا علاقة تسرق في الشعب وتشري في الكوش للباجي,1,Tunisia
4666,Mahleha,1,Lebanon
4667,3imed d8ij bravo wlh rajel mouch kima ba3th essiyessiyin ella7assa,1,Tunisia
4668,Laylouchaaaaaaaa mahlek t-habel to9999tel to9tel <3,1,Tunisia
4669,Mra tounsia b2tam ma3na lklima,1,Morocco
4670,Ma3alme,1,Tunisia
4671,te3jebni barcha,1,Tunisia
4672,والله بكتني برافووووو واصل,1,Morocco
4673,محلاها,1,Tunisia
4674,والله احسن ما صار في قناة الحوار التونسي المنشط هاذا,1,Algeria
4675,نور شيبة فنان يعجبني صوتو حلوا و مزيان :),1,Tunisia
4676,Ya ta7founa ben7oumti,1,Tunisia
4677,احسن ممثل في ادوار الكول,1,Libya
4678,الرجل المناسب في المكان المناسب,1,Yemen
4679,hhhhhh bravo,1,Yemen
4680,Bjr ya 3asouuula,1,Morocco
4681,hmdoulah w rabi ihanihom w  i3inha w nchllah rabi i5alik li ba3thkom amiiin ya rabi,1,Iraq
4682,عسل,1,Palestine
4683,Bravo y'a si neji irajel rajel w il kakb kalb,1,Iraq
4684,M3allem.,1,Morocco
4685,انحبك,1,Yemen
4686,A7sen comedien fi tounes (y),1,Tunisia
4687,Bravo,1,Modern Standard Arabic
4688,m3allem,1,Tunisia
4689,Ta7founaa <3,1,Morocco
4690,Bravo Karim très bien,1,Morocco
4691,Bravo layla chebi 3tat rayha fi el vidéo bsaraha,1,Tunisia
4692,loutfi a m3alim,1,Morocco
4693,صوتها و احساسها يهبلووو مشالله عليها ميسا الماجري قليل وين نلقاو احساس و صوت كيف صوتها نشالله نشوفوها نحمة كبيرة,1,Tunisia
4694,محلا زينها هي,1,Yemen
4695,hbel,1,Lebanon
4696,bravo wlh yaser thamriiinnnn,1,Iraq
4697,Ma7lekoum,1,Lebanon
4698,patron,1,Morocco
4699,Cv ta3jbni Mais kelma chway fiha rabi iwafgek nchala,1,Tunisia
4700,tbarkallah alik walid w ala soutik w 3ala il 7al9 ili inti mnawir feha,1,Tunisia
4701,WA7DEK YA T7IFA M3ALEM,1,Lebanon
4702,Amin bravooooo,1,Syria
4703,Oui bravo😍😘😚,1,Tunisia
4704,Ys ma3lem kebrt fi 3ini!,1,Iraq
4705,عسولة,1,Libya
4706,mahlehom,1,Qatar
4707,Dima mnawra Emouna ❤❤,1,Morocco
4708,تعجبني في أخلاقها و راكزة في كلامها من أحسن الممثلات في تونس :*,1,Tunisia
4709,ممثلة باهية,1,Tunisia
4710,كلام موزون و معقول,1,Sudan
4711,حسين الديك منور تونس وصوتك احلى ما سمعت وراك حفلتها في كلام ناس نحبك بارش,1,Tunisia
4712,ممثلة قديرة و انسانة راقية و رائقة,1,Saudi Arabia
4713,♥♥♥,1,Egypt
4714,جعفور معادش منك برشا في ها البلاد,1,Tunisia
4715,برافو سامي,1,Iraq
4716,Faneeeen ya fanen,1,Syria
4717,Bravo walid,1,Jordan
4718,hssin dik ma7lekkkkkkkkkkkkkkkkk,1,Tunisia
4719,A7la bou ritou fi7yeti rabi ifarj 3lih w yeshfilou bnto <3,1,Tunisia
4720,اتقو الله في هدا الشهر الكريم,1,Libya
4721,3salll,1,Morocco
4722,ممثلة تهبل,1,Algeria
4723,bravo walid baredetli 3l  9albi,1,Lebanon
4724,Ah fora m3lma bsar7a,1,Tunisia
4725,Rak motrb ou dima tzid t7ali 8nek,1,Tunisia
4726,جعفور واصل على نفس المنوال,1,Libya
4727,من أفضل البرامج.,1,Oman
4728,لطفي يا معذبهم ديما فدلاك :v,1,Tunisia
4729,لمين النهدي امبرطور الكوميديا واللون الاحمر ضواه ماحلاك يا لمين,1,Iraq
4730,Machallah 3alike mon bébé ma7lake,1,Tunisia
4731,تبارك الله عليكم,1,Morocco
4732,oui  bravo  kan rajel,1,Tunisia
4733,Mala wahra mala zen mala thakafa .machallah abharna bsara7a.tbarkallah nour Chiba bravo,1,Saudi Arabia
4734,Nmouuut 3liha,1,Tunisia
4735,ماشاء الله,1,Saudi Arabia
4736,فوزي بن كمرة يا معلم,1,Libya
4737,Bravo,1,Modern Standard Arabic
4738,Rajel 👏,1,Egypt
4739,انحبوها إناس,1,Algeria
4740,Mahleha <3,1,Syria
4741,Mahleeeeeeeek,1,Syria
4742,oui ma7leha,1,Tunisia
4743,Tbarkallah 3laha,1,Syria
4744,Bravo karim👍👍👍,1,Jordan
4745,Inti te3jebni m'en awel marra renek,1,Algeria
4746,شخصيه قويه و مستوي عالي حبينا و الا كرهنا. كلام يقنع و طريقه تعبير جيده.  الله غالب المثقف ليس عليه لوم يقنعك حتي ولو هو علي خطاء.,1,Libya
4747,Bravo Walid tounsi ❤ je t'aime bcq❤,1,Iraq
4748,مشاء الله عليك armasta طلة حلوا و غناك أحلى ربي يوفقك و نشاالله بالتوفيق ;) :D,1,Tunisia
4749,برفووووو خديجة,1,Lebanon
4750,تهابل,1,Iraq
4751,bravo,1,Morocco
4752,ملا شخصية صبري تحفون برشا,1,Tunisia
4753,فعلا انسان ممتاز و طقطوقه من طقاطق تونس الله يخليه و نستناو جديدو,1,Libya
4754,مبدعة و فنانة كبيرة...من أحسن الممثلات في تونس,1,Palestine
4755,برافو وليد التونسي ياسر كلامك عجبني والله بردتلي على قلبي يعتيك الصحة,1,Morocco
4756,محلاها الدخلة يا امين ... الضحكة هي الكل,1,Tunisia
4757,ذكريات جميلة مع اغاني فوزي بن قمرة ،ياحسرة فوزي يا معلم,1,Egypt
4758,تعجبني في أخلاقها و راكزة في كلامها من أحسن الممثلات في تونس :*,1,Tunisia
4759,برافوووووو سامى الفهري,1,Tunisia
4760,"Yo93ed lotfi labdeli a9awa momafel f dho7k 
Em3alma wlh
houwa azyen menha :p
jaw 3lih lila hhhhhhhhhhh ma7leh 9addech sa7ib jaw
hhhhhhhhhh bravooooo
7lwa barcha bravo
kima 3awdna dima koumidi naji7  w rajol ijabi bravo ja3four
معلللمممم
Bsaraha bravooo bravoo bravoo
bravooooooooo
Bravooooo
Rabbi yfathal hem
M3alem walah rajel wled assel
m3alem weld djiba
وجيهة  مرأة ياسر طموحة 
M3alma
Bsara7a ma7lakoume w jaw yasser ta7foune
يا شيخ انا من الجزائر احييك انت تحب الخير للبلادك وربي يعاونك
hh hh lkolll m7lakom :*
bravo ya3tik sa7a mayssa
Yaatik  el saha  ya  alaa kima  farahtha  bravo   !!!!!!
Bravo walid ya3tik sa7a
Yenja7 ama ya3mel f barcha zayed fibelou idha7ek .sayeb 3lik
ما شاء الله عليها منورة
Tayara
معلم 
rajel mo7tarm w as2lto nthifa twensa i7bo ijibo we7d yzl3oh bel as2la el masta
rajel
زايد ولد النهضة برافو ;)
وهرة يا شيخ <3
Sa7bi brjlya m3alm rabi m3ak
فين تحطها تقد روحها
الله العظيم طلع راجل
M3alem
Moumathla ta7founa barcha b1 wasel
Bellah na7na 7abina dawrek fi awléd moufida 5atrek rzin w rjouli
3asal
ربي ايوافقكوم
te3jebni barcha ma7leha <3
محلاه مصرارة تعرف تحكي و الكامرا تحبها وين تظهر تعبي بلاصتها بالتوفيق 👍
هذا الانسان رااااقي جدا
bravooooooo
Bou zink ya ja3four dima mnawerna
Tbarkallah soutttttt ou zennnn ou 5ebraaaaa bravooooooooo
Raw3a
Hlowa barcha
هذا بنت بلادي الف مبروك
Rasina wta7founz
Mahlehoum ki hajoura bhbouha w tahki b3afouia ama Honda yeser rzina w thfouna mazel 3ana bnet 7nen a3la waldihoum hajj tfarah rabi  yfadelkoum jam la 5adouja 3arfet trabi w t7ane' bnetha a3la bouhom ra2em howa  b3ed a3lihom
Ui bravo 👏👏👏👏
Ana n7ebha
هشام الخلصي نحبوا من قبل و زيد ظهر إحب الترجي حبيتوا أكثر #bravo_hichem :-*  _x000D_
جميلة أنيقة وفوق من ذلك عفوية ربي يكون في عونها
Wawwwww enta em3alem we7na menek net3almo ma7lak o ma7la tho7ktek hahhhhhhhh
M3alim ya ja3four 9addèkchi til9a2i vraiment tawa ana fi tounis mè tfha7akni kèn inti w ba3dik lotfi el 3ibdilli.... wallahi mè yla3abkom 7ad lè malik w lè soltane wil fèhim yifhim...bravo w rabbi ywaf9ik
Ja3far rak toooooooop
ههههههههههه والله حلقة عالمية _x000D_",1,Tunisia
4761,برافو عليك بدر,1,Tunisia
4762,El m3allemmmmmm,1,Morocco
4763,Nmout 3liha :*,1,Lebanon
4764,hhhh bravoooooooo,1,Syria
4765,إنسان مثقف و واعي و يعرف آش !!!إقول براڤوا و ربي معاه,1,Algeria
4766,wahra temchi w tasger rim mahlek ya rim,1,Tunisia
4767,فوزى رجل فى قمة الادب والتواضع وربى معاه,1,Egypt
4768,Te3jebni,1,Algeria
4769,binisbali min a7sin momathilat fi tounise,1,Tunisia
4770,Dima mwahar sami rabi iwaf9ik,1,Tunisia
4771,ربي يقويها نشالله و الحمد لله,1,Libya
4772,برافو شرفتنا ليوم وزيد صوتك روعة برافو (y),1,Tunisia
4773,M3alem,1,Lebanon
4774,Ma7laaaaaaaha,1,Tunisia
4775,chakib dima wewa9fou s7i7a o fi blasitha ama nchala y5aliwah 3ala ra7tou,1,Tunisia
4776,"Ya w7ayed 5aterha bentek_x000D_
Ja3fourrrrr win yemchi m3ah ejaw w ethmar ma7leeek ja3fer bravo
ممثلة موهوبة :)
Mariouma <3 <3
rached ya m3allaem
يضحك برشا. نحبو
m3alem sa7bi
Bravo ya3tikom saha
Bravooo
برافو يا سي مقداد و نحنا رانا معاك واصل
la grande star kamil hakkkka
يعجبني
 ريم الرياحي "" فنانة في كلامها و في أناقتها و ديما متألقة و عندها الريشة و إنشاء الله ديما من أحسن للأحسن <3",1,Tunisia
4777,Rajel,1,Tunisia
4778,Bravo neji jaloul,1,Morocco
4779,امراءة مثقفة و فيها امل و البسمة زايدتها الشطر ..من منظرها نحبها.... طيبة,1,Tunisia
4780,Rabi m3ah nchallah,1,Tunisia
4781,وجيهة  ديما   منورة و عندها كاريزما خلاتها  ناجحة في مسيرتها,1,Libya
4782,روعة ولاه محلاحة حلقة الليلة,1,Tunisia
4783,actrice charmante ..... bravo !!,1,Syria
4784,تعجبني هاجر زعما نلقى وحد كيفها تعيش معايا في الجزائر,1,Tunisia
4785,Ana  te 3jebni barcha,1,Morocco
4786,Raw3a,1,Tunisia
4787,Jawkem   a7Laaaaa   Jaw       :) :),1,Lebanon
4788,Braaaavooo semi,1,Morocco
4789,walah 3sal,1,Yemen
4790,حلى صباح مع احلى ابتسامة تشع من وجه طفولي بريء.عيشوشة البشوشة يا احلى بنوتة يخليكي يارب ومايحرمناش من ضحكتك العسل <3,1,Tunisia
4791,mra w a3liha liklem,1,Tunisia
4792,Bsara7a walid kber fi 3ini w7assitou RAJEL.,1,Lebanon
4793,عسل حسين عسل,1,Iraq
4794,Bravoo tayyara,1,Morocco
4795,M3aaaaaalllem W rajel,1,Morocco
4796,tbarkallah 3lik wajiha dima mwahra,1,Tunisia
4797,Yeser dhamer amir w bliiiiiiid hhhh bravo :-),1,Iraq
4798,Te3jebni barcha mohtarma,1,Morocco
4799,M7lek fgouwn yessir t3jebni balti,1,Syria
4800,انا عجبتني برشا و مازالت مبتدئة لازم نشجعوهاا ..... ربي معااك محلاك,1,Tunisia
4801,راجل مورو قليل وجودو,1,Tunisia
4802,a7sen la9ta,1,Morocco
4803,ملا زين وملا وهرة لماكياج بدلك complètement,1,Tunisia
4804,معلمممممممممممم كاااااااافون :),1,Lebanon
4805,بالتوفيق والنجاح,1,Syria
4806,برافوا لناجي جلول انك وطني باتم معنى الكلمة موش كيما الي يمدوا وجوههم  باش يبيضوا الارهاب,1,Tunisia
4807,It3adi ro7ha,1,Algeria
4808,Rabi 5alihlek,1,Lebanon
4809,ماشالله عليها,1,Qatar
4810,bravo hanen,1,Libya
4811,من أروع البرامج,1,Palestine
4812,سي جلول يعطيك ألف صحة و ربي يبارك فيك وكأنك شرهة في شباب باش يزيد يقرأ أكثر,1,Tunisia
4813,Bravo Naji jalloul,1,Morocco
4814,Behi mch 5aib,1,Lebanon
4815,9bal ahla,1,Lebanon
4816,Bravo sami  😅😆,1,Iraq
4817,فكاهة و راب حاجة خارقة للعادة Bravo kafon ♥,1,Tunisia
4818,تهبل,1,Algeria
4819,برافو حلوا برشى الحلقة من ألمانيا صحة شريبتكم,1,Tunisia
4820,رجل انت و الرجال قلائل برافو برافوا بالرسمي انت تونسي 100/100 و فنان تونس الاول  وربي يهديك يا امين خليت وليد يعبر على لسان التوانسة الكل على موضوع المثليين,1,Tunisia
4821,معلم,1,Oman
4822,انا نحبها كوثر بلحاج تعجبني اما في شوفلي حل احسن,1,Tunisia
4823,راجل,1,Libya
4824,زينة يا زينة,1,Tunisia
4825,Ma7laha 'd3afit  w 3andha cha5sia maryouma,1,Morocco
4826,معلم,1,Oman
4827,bravo :),1,Tunisia
4828,M3alem,1,Lebanon
4829,Bravo jaw  ta7foun,1,Tunisia
4830,كلامو منطقي,1,Palestine
4831,Ena  baketni bravo,1,Tunisia
4832,"Vraiment ya3tikk sa7a semmi :)""",1,Tunisia
4833,Bravooo a7la fourja ;-),1,Tunisia
4834,Ahla amine <3,1,Sudan
4835,Soutek 3alamiiii,1,Algeria
4836,Walh wa7dike,1,Morocco
4837,Mahlekom rabi ihanikom,1,Oman
4838,انا عحبتني لرشا اما بالله كريم يخلس على كل شلبوق,1,Tunisia
4839,أقوى لقطة في الحلقة بصراحة     برافو ياسين,1,Syria
4840,malek rou7iiiiiiiiiiiiiiiiiiiiiiiiiiiiiiiiiiii,1,Tunisia
4841,a3az moumatla <3,1,Tunisia
4842,Patron,1,Lebanon
4843,"الفرح في عيناها ربي يفضلك بنتك ورمضان مبارك عليك وعلى كافة أعظاء الفريق إلي يعمل معاك""",1,Tunisia
4844,عسله,1,Libya
4845,ya m3alma,1,Tunisia
4846,tayara barcha bravo,1,Tunisia
4847,Wa7id rajel bere777 bilehi na7oulna haka amine rahouu masittttþ,1,Tunisia
4848,الأخت محرزية سياسية راقية في الفكر و التفكير,1,Sudan
4849,3ajbetni chadda mte3 jounta,1,Morocco
4850,M3alem,1,Lebanon
4851,3ssal w soukar,1,Lebanon
4852,Ya wildi zeid  il bogos bogos,1,Syria
4853,ملً رشاقه وملً جمال نهديها جائزة نوبل الأنوثة!!!!!!!,1,Libya
4854,tayaraaa,1,Tunisia
4855,Bravo,1,Modern Standard Arabic
4856,bravo Lotfi,1,Lebanon
4857,9adeh ya3jebni ba7bou7e,1,Syria
4858,نحبكم برشا,1,Tunisia
4859,Bravo,1,Modern Standard Arabic
4860,Bravo samir,1,Tunisia
4861,i3gbni souto,1,Tunisia
4862,تعجبني برشا وياسر متألقة انشاء الله تكملي هكاا  ♥  :*,1,Tunisia
4863,Bravo,1,Modern Standard Arabic
4864,Hlewa barcha bravo sami ☺☺☺,1,Algeria
4865,hhhhhhhhhhhhh souta 7lou barch,1,Lebanon
4866,Mra tounisia w 3liha leklem bsita spontanée wrou7ha yesser khfifa.mahlek zina vraiment ma3adech menik barcha,1,Tunisia
4867,Akiiiiid a7la 5bar walah,1,Morocco
4868,Tayaraa,1,Tunisia
4869,beravouuuuu,1,Tunisia
4870,من اقوى الممثلين في تونس وتبارك الله عليها محلاها,1,Oman
4871,Bravo super yassine,1,Syria
4872,walahi kan jat ennas ilkol kifik rana fi na3ma bravooooooo (y) w in9olik wassel,1,Tunisia
4873,bravo .,1,Morocco
4874,برجوليا عسل عسل عسل النحل أنشالله أنساء تونس كيفها,1,Syria
4875,ممثلة ممتازة و صاحبة قيم عالية,1,Saudi Arabia
4876,Ma7lha we ma7la dha7ktha...hedhi lmra tonsia,1,Lebanon
4877,Bravo hhhhhhhh chab3a dhou7k,1,Tunisia
4878,Ena n7ebou barcha yeser mo7tarem,1,Morocco
4879,7lowa  barchaaa,1,Morocco
4880,zayed rak ma3alemmmmmmmmmmm ... ;),1,Tunisia
4881,Rabi yehanik yesin abda3t w enchallah min 7asan li a7san(Badr) ya m3allllem,1,Syria
4882,a7la w7ed fihm kol ja3four,1,Syria
4883,ربي يعينو :**,1,Tunisia
4884,Mwaher,1,Oman
4885,maaaleeem <3,1,Morocco
4886,برفوا وليد عرفت اش تحكي عجبتني,1,Syria
4887,تحية تقدير واحترام إلى هدا الرجل,1,Palestine
4888,تحية عظيمة لهذا الأب العظيم، صور لنا الابوة بكل معانيها، وربي يشفي رحمة ويرجع اخوها بالسلامة ان شاءالله.,1,Saudi Arabia
4889,rojla,1,Algeria
4890,بصراحة وهرتوا وحدها ديما مشيخنا   لمعلم <3,1,Tunisia
4891,بصاراحا فله شرفت المغرب العربي صوت قوي ومميز روعه,1,Tunisia
4892,من أفضل الحلقات التي شاهدتها حلقة ممتازة و راقية على مستوى النقاش و التفاعل و الأسئلة و تحية الى الضيوف الكرام الذين ارتقوا بهذه الحلقة ...,1,Saudi Arabia
4893,Bravo,1,Modern Standard Arabic
4894,Nmout 3lihhh 😍😍😍😍😍,1,Syria
4895,A7la groube hhhhhhh,1,Yemen
4896,Tayara  bsara7a,1,Tunisia
4897,M3alma,1,Yemen
4898,نحترمو و نقدرو,1,Algeria
4899,Vrais toooop :-) :-) :-) :-) :-) :-),1,Syria
4900,Oui bravoooo,1,Tunisia
4901,A7la mgarb3in ma7lekom,1,Tunisia
4902,Bou zinou ma7leh men a7sen mou8nin rap bnessba lya,1,Tunisia
4903,3alamiyaaaa,1,Morocco
4904,"Wlhhh ydhha7kouu mch nrmlll_x000D_
تحفونة ❤️حبيتها 😘😘
M3alm
حنان شقراوي... قنبلة الساحة، بأتم معنى الكلمة
ما شاء الله عليه أخلاق عالية و كلام موزون
a7ssen 9aney fi touness
تعجبني بارشا وجيهة في تونس ما تلقاش فنانة كيفها
bent 7oumti m3alma
Ma7lhom zouz 😍😍
Hayeeel
Hhhh barcha jaw lyoumm allah laynahik alina
Tbrkllah 3liha rabi yahfadha
وحدك يا جعفور زهيتها السهرية ربي يوفقك ان شاء الله
Vraiment bravoooo
ربي يوفقق ياعلاء
Ana t3jbni 3al5er👏👏👏👏👏👍👍👍👍👍👍👍👍💖
a7la jaa3four dima mnawer
Habibi Rabi y7mik w ytik ma tetmana😚😘
ma7leha ya3tek douda
ma7lehom bravo sami fehri
Yaser tachoui9
Mahleh w Rabi inajho
rak m3alem matsma3 klem 7ad
انسان طيب وعلى اخلاق عالية بارك الله فيه
أبدعت يا وليد التونسي  ألف قبلة علي جبين أمك فقد أنجبت رجلا بحق.شكرا أيها الفنان
lotfi 3ssal edenya <3
To9etel Ya maryouma Ya ta7efouna Ya a3az maryouma fi tounes
Bravoooooo :-) :-)
tfata9 w ma7lek ya maryouma il 4aliya
معلم وحدك وحدك.
احسن سيتكوم عجبتني بالدموع 😂😁😁😃😂😂
أو مل روعة مش نرمال
وهرا وزين تالحصيلو ربي يهنيك ويخليلك المدام
انسان ضامر ومتربي برافو
راجل
تباركله عليها
بنتك  كالقمر خاصة انها عندها اب مثلك لازم انك تفتخر بالامورة رحمة <3 ¡
Bravo sami
نحن نعشق الحوار التونسي
bravoo
صاحب الجو و الربوخ 💖💖
Tabarkala 3laha maliket jamel tounes
ya3tikam saha
Mmmmm tahfouna
Bravo toutou 😙😙😙😙😙
محلاك مروى و نشاء الله من حسن إلى أحسن :) (y)
ضامر و صاحب جو ربي يوفقك :)
Maryouma toktel nhebek barcha
يا جلول يا معلم يا معذبهم احسنت فيما قلتها
حنان الشقراني احسن
تعجبني كإمرأة متزنة مستقيمة و إبتسمتها متفرقهاش
برافو وليد فرهدتلنا على قلوبنا رجال وسيد الرجال
عجبتني اللحمةبين الاخوة
Fanén kbir
Bravooo sami fehrii👏👏👏👏👏
فعلا انت سيدة تونس بإمتياز، كلنا ثقة في آرائك وندعمك دائما، وأتمنى لو نساء تونس الكل يكونو مثل السيدة الفاضله محرزية العبيدي
Wallahi ena n7ebek baaarcha ema avant khir
Te3jebni
Alah yehmiha milhossed
Kol youm 7obak yziiiiiiiiiiiid
Ja3four 3ezz eness
Bravo 3aycha 
T3jebni barcha  
الفة ..فنااااانة في كا شيء.. بكل ما تحمله الكلمة من معنى.. ❤❤❤
Raw3a bravo c'est bien
بصراحة روعة روعة روعة.
لطيف وحدك في الضحك
ماشاءالله تبارك الله ربنا يحفظها ويمد فى عمرها انشاء الله. _x000D_",1,Tunisia
4905,Hhhhhhh thabbbbbbbbl,1,Lebanon
4906,نجمة هذي السهرة بي عفويتها و لابقتها,1,Tunisia
4907,Ja3four ya ja3four rabi ywaf9ek,1,Syria
4908,Ma7la lamtkoum :-*,1,Tunisia
4909,Mala mawe9ef ya3tik esa7a bravo,1,Egypt
4910,e3aycheha lbanota ta7founa,1,Tunisia
4911,Bravo taoufik,1,Tunisia
4912,لامين النهدي ممثل كبير  .,1,Tunisia
4913,ma7lek wajiha nhebekk barcha .brabbi jiboulna 3abd l9ader mo9ded,1,Tunisia
4914,معلم:),1,Syria
4915,تبارك الله عليها,1,Morocco
4916,وليد يا معلم,1,Libya
4917,"هذا ما يسمى بالمرأة الحديدية""",1,Modern Standard Arabic
4918,Bravoooooo,1,Egypt
4919,Ui bravo 3ychoucha :*,1,Tunisia
4920,M3allim raby y3inou w dmou3ek 4alin yé stoufa :*,1,Morocco
4921,Bravo kadyyy rw3aaaa👄👍,1,Egypt
4922,Thabel wajiha,1,Tunisia
4923,.😍😍😍😍😘😘😘😘😘😳😳,1,Algeria
4924,مبروك عليها انشاء الله,1,Qatar
4925,Ta3raf tmathil,1,Tunisia
4926,والله عجبتني الهدة تاع علاء ربي يرحم ميمتو ويبارك فيه وكيما وعدها وفا بوعدوا وربي يفرج على كل مومن خاصة ناس الغربة,1,Algeria
4927,amin motrobi,1,Tunisia
4928,Nour chiba nchallah dima mit2ala9 w nèji7,1,Morocco
4929,تعبني برش مثقفة وصاحبة موقف زيد تمثيلها حلو ومقنع تقنعك بالدور اللي متقمصتو,1,Tunisia
4930,نحن نعشق الحوار التونسي,1,Sudan
4931,Bravooo awel mara y3jebni klamek,1,Saudi Arabia
4932,تقتل,1,Libya
4933,M7lak ya amin 5amsa wo5mis 3lik,1,Syria
4934,والله محلها أنا عجبني,1,Tunisia
4935,احلى جعفور انشاء الله تكون قدوة لبرشا ممثلين و انشاء الله من حسن الى احسن و احلى تحية مني و من اهالي معتمدية بني خلاد الى جعفور :* ربي يكثر منك الناس :*,1,Tunisia
4936,ama metrobbiiii,1,Tunisia
4937,hsin dik tbarkallh a3lik,1,Tunisia
4938,Belle tof rafi9ti,1,Lebanon
4939,صوت غاية في الروعة,1,Sudan
4940,☆☆♡♡3Asla♡♡☆☆,1,Algeria
4941,محلاهم,1,Tunisia
4942,فنانة مبدعة ... تعرف فاش تعمل ...برافو وجيهة,1,Morocco
4943,Bader yam3alem,1,Saudi Arabia
4944,NHEBEK BARCHA  آمنة فاخر,1,Syria
4945,Ma7leha ta3jibni ismha  ki. Isim binti,1,Tunisia
4946,Ma7lehom la5wet haka 😍  😍,1,Syria
4947,3ssaaaaal denyyyyA nhebkk lelllah #5ouya #ja3four,1,Tunisia
4948,ماشاءالله على هالصوت يا اميمة كروان,1,Qatar
4949,انا عجبتني,1,Egypt
4950,جبوره ملخر و تو تخراولو فيه,1,Tunisia
4951,بروجل الراجل المناسب في المكان المناسب,1,Egypt
4952,"ﻣﻤﺜﻞ ﻗﺪﺍﺵ ﻳﻌﺠﺒﻨﻲ ﻭ ﻳﻀﺤﻜﻨﻲ ﺑﺮﺍﻓﻮﺍ.""",1,Tunisia
4953,7lowa braaaaavo,1,Morocco
4954,Ma7lek hajer tounsiya asila netcharef bik,1,Iraq
4955,صورة راءعة تعبر عن رفعة الانسان التونسي وخلقه الرفيعة اخوكم رسيم من الزاءر,1,Iraq
4956,احسنتي عملاً يا محرزيّة  . . تحياتي لكي .,1,Sudan
4957,N7bhhhhaaaaa,1,Morocco
4958,Bravo walid INTA MAALLEM,1,Lebanon
4959,JALOUL YA M3ALLEM,1,Lebanon
4960,وجيهة هي المراة التونسية! من الممثلات القلائل في تونس الي تلعب الدور كيما يلزم! ضحكتني برشة في العفشة مون امور... نستناها في مسرحية اخرى من هذا المستوى,1,Tunisia
4961,روعى بدر,1,Egypt
4962,bravo el zainb,1,Lebanon
4963,من احسن ما انجبت بلادي من ممثلين وليس مثليين. ههه,1,Morocco
4964,الدلاجي شاعر كبير والكبير مايطيحش,1,Tunisia
4965,جلول رجل دولة و وطني ثابت على مواقفه و موقفه هذا نابع من حبه لتونس التي خربها امثال الرحموني الارهابي اللي كان جات الدنيا دنيا ما يمدش وجهه في حتى تلفزة ما ناقصنا كان نطلبوا السماح من الارهابيين عذرا على الازعاج لكم البلاد و ما شئتم نحن عسكر كردونة لعنة الله عليك يا رحموني و على كل ما خذل البلاد و امنها,1,Tunisia
4966,Bravo mekded shili .,1,Morocco
4967,فنان يعجب التوانسة و متالق  في غنيات,1,Tunisia
4968,hahhahahahahha ta3jabni  :*,1,Tunisia
4969,bravo m jaloul,1,Morocco
4970,أبدعت يا نور Bravo Bravo,1,Egypt
4971,lem3alem lotfiiiiiiiiii :),1,Tunisia
4972,mahleek  baya zardi,1,Tunisia
4973,انا انحبها وتمثيلها حسب الدور اما ديما تعجبني موش كيف برشا اشكال كيف اتغطسهم في جره بالعسل يبقاو ابصل,1,Tunisia
4974,Ui ma7leha ki yafra7 ezaweli <3,1,Tunisia
4975,Bravooo  chab3a dhahek,1,Tunisia
4976,جعفور معلم .. حفلتهاا و عملت جو ليلة عال قليلة .. 🙌🙌🙌,1,Lebanon
4977,Vraiment bravo sami wrabi m3ak,1,Algeria
4978,تهبل,1,Algeria
4979,M3alemm,1,Oman
4980,Ahla star fi tounis,1,Lebanon
4981,Bravo lotfi (y) moumathel w comedy naje77 w mayhemek fi klem 7add rahom ghayrinn wasel,1,Syria
4982,Bravooo <3,1,Saudi Arabia
4983,يا معلم يا برنس,1,Egypt
4984,walla baketni bravo,1,Morocco
4985,😉😘😘😘,1,Algeria
4986,تعجبني وجيهة كيف تمثل فالمسلسلات ونحبها ونموت علاها,1,Tunisia
4987,Barvoooo ya 3asola,1,Syria
4988,m3alem ja3four wahdou,1,Morocco
4989,Chapo walid m3alim,1,Morocco
4990,Costa a7sen fanen 3andi  W ya3jibni klemou baaaarcha barrcha w n9olou men 7asen ila a7sen,1,Tunisia
4991,mezyena ama t7esha taw ki tet3alem fi sou9an,1,Tunisia
4992,Hhhhhhhhh 3alami bravooooo,1,Yemen
4993,Mahleha te3jebni,1,Algeria
4994,اتوجه بتحيه خاصه لهذه الفنانه القديرة واتمنى لها التوفيق,1,Yemen
4995,Ma7leeeha ♡♡♡♡♡,1,Egypt
4996,ma7leh :* :*,1,Tunisia
4997,بصراحه معلم ياشيخ واحدك,1,Saudi Arabia
4998,الرجل المناسب في المكان المناسب تحيه تقدير و احترام دمت متالقا,1,Modern Standard Arabic
4999,أحسن كوميدي تونسي و تفدليكو يدخل للقلب فييسع ... تحية ليك و لأخلاقك العالية جعفوور :*,1,Tunisia
5000,Bravo ramroum,1,Yemen
5001,جعفور  متالق  وصل,1,Syria
5002,Bravooo,1,Iraq
5003,عسل راهي عسل محلاها مرا من احسن الممثلين في تونس,1,Algeria
5004,3ijbitni tha7ktou ya5i mazelt mawjouda,1,Tunisia
5005,أحلي جعفور ولد مدنين 😘,1,Egypt
5006,M3alm😍,1,Iraq
5007,Hhhhh😍😘😘😘😘,1,Algeria
5008,Ma7la southa,1,Lebanon
5009,bravo,1,Morocco
5010,جعفور يا معلم,1,Palestine
5011,Bravoooooo ja3four,1,Tunisia
5012,محلاها ريم قداه مثقفة ومتربية انا نحبها برشا,1,Tunisia
5013,ما بنها أو محلاها لبنيّة,1,Lebanon
5014,قوي,1,Yemen
5015,To9tol aycha n7ebha barcha,1,Syria
5016,dharéb w ma7léh,1,Morocco
5017,3ijbitni,1,Morocco
5018,Tahfouna _x000D_,1,Tunisia
5019,تحية واخﻻص لهدا الاب الشجاع و الحنون ...ربي يفرج عليك ان شاء الله,1,Algeria
5020,Ya m3allem ya bendermen <3 :*,1,Saudi Arabia
5021,Mabanha mariem ben chaaben tbarkala 3leha,1,Tunisia
5022,ja3four rabi ya7Fdhek inssen khalou9 barcha w inchalah il khir ili ta3mil fih tal9ah 3and rabi sobhanou w yjazik kol khir,1,Iraq
5023,sawet w jamel w ane9a,1,Syria
5024,3asla,1,Saudi Arabia
5025,برافو وليد التونسي,1,Libya
5026,Dima 4neyeteekkkk tayara,1,Tunisia
5027,Ya3tih essa7a wassel,1,Tunisia
5028,Ma7lehom,1,Lebanon
5029,محلاك و محلى صوتك ياسر دخلت قلبي,1,Tunisia
5030,Rajel w baradli 3la 9albi,1,Tunisia
5031,Tbarkallah 3liha,1,Lebanon
5032,من احسن الممثلين بالكوميديا نحب نقول برافوووو و انشاء الله معاك ربي يا جعفور <3 <3,1,Tunisia
5033,مانجمو كان نقلولو برافو  وليد,1,Tunisia
5034,رجال والله .. صاحب موقف ويعجبني إلي يصارح بكل تلقائية,1,Tunisia
5035,Ma7lhom,1,Lebanon
5036,tayaaaaaaaara.,1,Morocco
5037,Bravo 👏 daleji,1,Tunisia
5038,asssal,1,Syria
5039,تعجبني بااااررشا,1,Tunisia
5040,Bravo  mr le ministre!,1,Lebanon
5041,Un grand bravo walid wlh baradetli ala 9albi,1,Iraq
5042,N9adrou momthel behi,1,Morocco
5043,جعفر يا معلم,1,Egypt
5044,machahll3al rima samoha,1,Yemen
5045,Najla a7na n7ebouk barcha ama svp ma3adch t4ani bou zinek ma7lek :*,1,Tunisia
5046,ما باهي في الحلقة كان امنة جمال صوت ممتاز و قوة شخصية المثال الحقيقي للمراة و الفنانة التونسية الناجحة الله يوفقك امونة :*,1,Tunisia
5047,sout 7lou,1,Syria
5048,حتى هو بقاو كان كعبتين يذكرونا بزمن التمثيل الجميل,1,Morocco
5049,ta7foun,1,Tunisia
5050,Bravo,1,Modern Standard Arabic
5051,M3alem wakahaw,1,Tunisia
5052,معلم و أنتم منوا تتعلم,1,Tunisia
5053,Lorf. Mahleha. Machalah,1,Oman
5054,حلوا يهبلوا عينيك,1,Tunisia
5055,Vrmt 3alamii,1,Morocco
5056,Bravo sami fahri karim chi5a dho7k,1,Tunisia
5057,N7bha,1,Lebanon
5058,Bravo  motrebi,1,Morocco
5059,Akid bravo maryouma,1,Morocco
5060,A7la ja3fer bravo w ya3tik sa7a wasel,1,Tunisia
5061,"Ya Hanouna ya ta7founa dima win temchi hanen b jawha 😂💗 Hasilou ma7lekk
M7leha
Hhhhhh 7louwa 3afsa
Yaser 3ejbetni
محلاك يا آمنة فاخر تعجبني برشا أطيب فنانة و أجمل فنانة تونسية ربي يوفقك أمونة 
قاعد يخدم و ربي عينو معالم
برهوم متسرحش برشة محلاها ربي ها الزين
top w rajel ! w rabi ya7fathlou lweled  nchalah",1,Tunisia
5062,mahlek baya tbarkallah 3lik,1,Tunisia
5063,M3alim,1,Morocco
5064,Bnjjjr Ya 3asel,1,Morocco
5065,Bravo <3,1,Saudi Arabia
5066,M3alem wallah jawek fil la3rouset wa7dou,1,Morocco
5067,bravo,1,Morocco
5068,Ma7la zinhom masab jew fama e5wa kifhom,1,Yemen
5069,bravo,1,Morocco
5070,تمثيلها مزيان برافوووو,1,Morocco
5071,Ya m3aaaaaaaàaalem,1,Tunisia
5072,Bou zinek 😘😍💔💕💖💗💘💝💞💟💜👍👌✋💋💋💋💋💋💋💋💋💋💋💋💋💋💋💋💋💋💋💋💋💋💋💋💋💋💋,1,Lebanon
5073,مورو يا معلللللللللللم,1,Tunisia
5074,من نجاح لنجاح كل التوفيق لقناة الحوار (للنبارة تتفرجو و تنبرو ),1,Tunisia
5075,3wi9la w ndhayfa ama khsara ma3and'hech chaabeya kbira ken jet t3ary w twari momken ray star akther men haka ! Dhaw9 etounssi fi 3inou mech wedhnou,1,Tunisia
5076,معلم .,1,Syria
5077,والله محلاكم,1,Tunisia
5078,مرأة فاظلة,1,Morocco
5079,نحن نعشق الحوار التونسي,1,Sudan
5080,Bravoooooo,1,Egypt
5081,معلم حعفور bravoooooooo,1,Egypt
5082,Mamsathom,1,Syria
5083,برافو وليد التونسي معلم و راجل,1,Libya
5084,Mahleeeeha beketni ana......,1,Tunisia
5085,Mahlek,1,Lebanon
5086,عسيلة 😊😊😊😊,1,Sudan
5087,Ma7lak 3aicha bou zinek,1,Syria
5088,أمنة فاخر نشالا باتوفيق .ومحلاك,1,Tunisia
5089,dima emnaweraaaaaaaaaaaaaaaaaaaaa,1,Morocco
5090,اسمو على جسموا دنيا اخرى دنيا متاع ضحك ملا مبروكه و لميس و صبري و ملا خف عند البرنس ضحكه عالميه,1,Tunisia
5091,روعة برافوووووووو,1,Lebanon
5092,برافو أحمد الأندلسي والله... الله يرحم الأم الي جاباتك راجل ولد حومة عربي,1,Tunisia
5093,إمرأة ذات طابع رجولي. و نشوف فيها فادة برشا من ااسيدة شمس اادين,1,Tunisia
5094,bravo amir,1,Tunisia
5095,ياسر يعجبني ربي معاه,1,Tunisia
5096,Ja3four yaser ya3jebni f klamo mchallh a3lih yefhmelha barcha w bravo vraiment ynajem dawro  rabi e3eno nchallh ♥♥♥ bonne contuniasiont,1,Syria
5097,Bravo,1,Modern Standard Arabic
5098,WA7dk walid,1,Lebanon
5099,قوة صوت هائلةلكن اختار الكلمات الجيدة ومن الاحسن تكون من التراث العريق التونسي مع اختيار الفديو كليب اللائق بالغنية,1,Iraq
5100,ماشاء الله عليك يا و ليد تونسي تعرف كيف تغني,1,Tunisia
5101,hhh walah ahla barmja hiya denya okhra bravooooo,1,Iraq
5102,نحب نقول لجعفر الله يرحم والديك شبعت بالضحك فرهدتلي على قلبي,1,Tunisia
5103,M3aliiiiiimmmm ya walid m3alim,1,Morocco
5104,Rabi m3k wi3awnik,1,Tunisia
5105,hhh raw3a,1,Tunisia
5106,بصراحة عجبتني ليلة و خاصة في موظوع المثليين,1,Algeria
5107,Ja3for eser tayer eliom,1,Lebanon
5108,منور حسين مرحبا بيك في تونس انشاء الله نشفوك في المهرجانات الصيف هذا.,1,Tunisia
5109,Ma7lh lmaryol,1,Lebanon
5110,Rabi waf9ik,1,Iraq
5111,Bravoooooooooooooo walid,1,Egypt
5112,moumathla te3jebni bravoo,1,Morocco
5113,mezyina w fadlika w thamra w te3jibni barcha bravo 3aycha 3tiya,1,Tunisia
5114,Ma7lekkk ma7lek ma7lek mra ta3ref ta7kii w mittha9faa w te3jebnii yesser <3,1,Tunisia
5115,m3allem,1,Tunisia
5116,كيما عودنا باش يقطعنا ضحك,1,Tunisia
5117,Bravooooo sami,1,Saudi Arabia
5118,Bravo,1,Modern Standard Arabic
5119,Allah yonsrek ya walid ettounsi ya3tek essa7a,1,Morocco
5120,Bravo ahsane l9ata fi mosalsel bravo bravo,1,Tunisia
5121,Raw3aaaaa,1,Tunisia
5122,Oui bravooo :-*,1,Tunisia
5123,soutou tayara,1,Lebanon
5124,bravoooo,1,Iraq
5125,وحدك يا فنان ، ابدعت ثم ابدعت,1,Algeria
5126,Bravoooo,1,Egypt
5127,مسلسل عالمي محلاها وللله بدموع ضحك,1,Tunisia
5128,Sava marwa  !!!!!!!!! Ta7fona,1,Morocco
5129,فنان موهوب,1,Saudi Arabia
5130,احلى لقطة,1,Jordan
5131,تونس تحترمك جعفور,1,Tunisia
5132,Hhhh heyl w yda7ek bravo :-P,1,Iraq
5133,ممثل كبير برشا ومن اكثر الممثلين الي يضحكوني واصل جعفور.,1,Tunisia
5134,"aliha w barvo  3liha 😍""",1,Tunisia
5135,ياسر محلاها  أناقة ثقافة و رجولة,1,Tunisia
5136,M3lm bader,1,Tunisia
5137,حبيت الاغنيه من ميوس مع ان مش فاهمتهااا بس غنتها اتهببل,1,Egypt
5138,Zin el zin :*,1,Egypt
5139,فننننننان و معلم,1,Palestine
5140,Bravo  walid,1,Jordan
5141,كل ما يستدعاوك ديما محفلها وديما بالضحكة منورها وبخفة الروح معطرها جعفور يا معلم ...,1,Tunisia
5142,bravo,1,Morocco
5143,A7le welad mofida,1,Tunisia
5144,a7la stopha dima m7afelha bravo wasel & bon courage (y),1,Tunisia
5145,وحدك يا شيخ مورو اما لطفي لعمايري ماصط لاصط,1,Tunisia
5146,Bravo (y),1,Oman
5147,Bravo ma7lekom,1,Tunisia
5148,ما حلاها وياسر spontanée,1,Oman
5149,معلم و راجل ربي معاه و احنا معاه,1,Tunisia
5150,M3alem fi 5edmtou w a5le9ou ... Bravo ❤️❤️❤️❤️❤️,1,Lebanon
5151,وحدك فالوهرة ههها وليد,1,Morocco
5152,bravo olfa,1,Iraq
5153,7louwa,1,Lebanon
5154,lotfi a7la momathel w komidi fi touns bravooooo,1,Syria
5155,ملاّ وهرة فيك يا سامي لفهري,1,Tunisia
5156,شكرا للفنانة,1,Algeria
5157,bravo  bravo ناجي جلول,1,Tunisia
5158,رجل الحلقة برافو وليد,1,Morocco
5159,والله طفلة برافو عليها بكاتني 😢😢,1,Morocco
5160,😂😂😂😉😉😉😘😘😘,1,Syria
5161,عندو خفة روح مش نورمال يدخل للقلب طول و الحاجة الباهية من الخطاب عالباب لتو متبدل فيه شيء ههه تحيفة هذاكة هو,1,Tunisia
5162,Nour mahlakkk,1,Saudi Arabia
5163,احلى جعفووووووور,1,Jordan
5164,من أكثر الممثلات إبداعا,1,Modern Standard Arabic
5165,"نحبوووو برشااا و يعجبني 
m7lek
Inta m3aaaaaalam ya nouuur... notre fierté bravooooooo et bonne continuation
Vraiment a7la sami wnchala rabi ywaf9ek wdima benje7
احلا برنامج والي احلا منه المذيع
Akid a7la mimadhla
جعفور احسن كوميدي في تونس حاليا و ميحبش الجهويات  و يعاون فالمحتاجين ربي يحميك
قدوة و مثال رائع اولاد مفيدة ك أخوة
تبارك الله عليه... معلم
mahlakom raby yhanikom raby yba3ad 3likom bnete lahram
معلللللللللم والله
عسل يختي عسل
bsaraha... Mraa mettha9fa w te3jeebnyy w 9lil manelkaw nsee hakka.. bravo 😍😘❤
mcheeeeee2  allah  <3  t7yetiiiiiiii  wlh  (y)
ani n7ebhaaaaa
روووووعة
محلااااااااهم ومزينهم عجبوبي برشا
أمنة فاخر أحلی و أقوی صوت طربي في تونس و فنانة ملتزمة و محترمة برشااا bravoo emna :*
ma7leha sahriya ma3a kafon <3
Ya weldi zayed elwahra wahra
bravo (y)
bravo  ye m3alem
موهر شيخنا... يرحم والدين كل انسان دخل الضحكة لديارنا...
ربي يحفط تونس # امنورين صفحه ربي يحميكم
ma7la zinha,  inhebha barcha <3 :) :*
Bravo wlh
Vrimon mouselsel efate9 ya3mel el kef
Faza Hayla 👍
3aLamiyà..!! :D
Hhh ma7leha ellamma
 ya m3alem
ربي اوفقك
أحسن و أجمل مراء في تونس :)
yesr tayara vrm
الله يرحم والديك يا وليد التونسي راجل ولد راجل وسيد الرجال اعطيت درس لبعض المايعين والمتخثين. وبرفو والف برافو لاحمد الاندلسي على موقفه الرجولي الصحيح
NUMERO 1 FIL MEZWED
Hhhhhhhh bravo wlh _x000D_",1,Tunisia
5166,بنت بلادي ،ابدعتي ، فلة الحنونة ، قلب الطيب ، معروفة انسانة تحب تعمل الخير ، سلطانة ب فنها ، فنانة ، يا بنت الجزائر,1,Tunisia
5167,انحبوها,1,Iraq
5168,Ma7lék w ma7la martik rabbi ihanik w tamthilik raw3a ti3jibni w twénsa i7ibou il msarwa wil moumathlin il ajénib ama fi b3adhna z3am fi tati7 il moral (Inti w sémi il 7out 3likom),1,Tunisia
5169,عندها صوت حلو برشااا تابعتها في ستار أكاديمي... صوتها بالخليجي روووووعة,1,Tunisia
5170,"Wlhhh ydhha7kouu mch nrmlll_x000D_
bravooo walid tounsi baradli 3ala 9albiii #respect
M3alem ya walid
Rabi ihanikom
اميمة محلاك ومحلا صوتك منورة مبروك علي الاغنية تحفونا كيفك انشالله موفقة
تعجبني
Rajel w sid irjel w ya3tik isa7a fi koul kelma 9oltha :*
محلاها فلة اسم على مسمى
Rajel.
bravooooooo rym actrice bel fom welmlé .
يا جعفور يا تحفون نحبووووووووووووووووووووووووووووووووووووووووووووووووووووووووووووووووووووووووك
Hbel yatikom saha
rak 3asla
Cha9nesa w jari2a w bou zink ganoucha :*
Bayrouma asal
Bravo jaloul
Nafis la9tit awled moufida bravo hbal
Tayara
rajjel
hhh bravo sami
3ejbetni barcha ema metchaw9a chkounou weld chrif
Bravo
Rabi yafdlhalommmmm
انسان نظيف خيير من برشا
احلى لمين معلم ربى يحفظك
M3allim sami  min tawwa nhibou awlad moufida 3
نعم الاخت لازم يتعاون معاها
نورتنا سي عبد الفتاح كلامك الكل مقنع
حلم جميل
7afelhena fi romthan ya3tih essa7a
9atlouni dho7k hahahahahahah (y) ma7lehomm
Hhh tayer barcha
ممثلة متألقة و من أحسن ماعندنا في تونس و متثقفة زادة ان شا الله من حسن إلى أحسن
معلم وليد التونسي
fawzi dima mobdi3 bil mezwed au bien bil anachid bravoo
3ejbetni mouch normal. Bon travail. Bravo
raaaaaaaajel wsid erjeeeel ,,,,,,,
علي الاقل ماهوش سوقي كما اللي كان قبلو
ريم ممثلة من الطرازالرفيع جميلة انيقة وجذابة
Bravo
بصراحة bravo ناجي جلول
hhhhhhhhhhhhh bravo :))
Ma7leeeeeeeek ye lotfi
kol mounachet 3andou wahrtou w houwa mtrabi barcha w ya3ref yahki
Nour a7sen w  ajmel fanen fi tounes rabiii ey5alik
Jaw tayara
Bravo faouzi ben gamra c bien rajel
ممثلة قديرة صعيب برشا تلقي ممثلة كيفها في تونس أنا نحبها برشا تبارك الله عليك و ربي يوفقك
أعجبني لطفي العمري   وتسريحات على لحبيب برقيب  في كلام ناس BRAVO
جعفور ربي يوفقك و ربي يبارك فيك
فنانة تستحق التقدير <3
Hhhhhh ma7leehoum
Vraiment ena 3jebni mala karim yo9tel bedho7ek
m3alem w tsaket nes lkol ba7dhourek walah testehel jayezet ahsen moumathel
Mzyenha martou brjoulya da7adha
معلم ♡
nhibha barcha
m3allem walid
Bahi barcha
Bravo walid berredtelna chwaya 3ala 9loubna
تعجبني مراة مضخمه غير ضحكتها صفرء !!!!!!!!!
الحمدلله يارب. ربي معاها و انشالله ربي يحمييها و يقويها  وما الاعاقة الا اعاقة الاخلاق و المبادئ. برافووو (y) (y) (y) (y)
أنت معلم ♡
Machalah 3liha
انت معلم واحنا منك نتعلم نسكت وانت موجود هههه كلامك حكم يا معلم
mousalsal tahfoun w 5edma tahfouna ka e5raj w ka 9esa  li ytfarj yel9a fih mout3a w tachwi9 w heda kefi bech ne3tbrouh 3amal neja7  w bensba lel 9esa hewa youn9el fi partie mel we9a3 tounsi li ma yejem 7ad yenkrou w mouch ma3nha 5atr lmouslsal fih zina w wachem w 8irou w 8irou bech yfesed el mouchtama3 ma y9oul hak ken li cha5sitou d3ifa w klma tedih klma tjibou
معلم والله  هههههههههه
من احلي.واحسن الممثلين في تونس .برافو وجيهة وفي انتظار جديدك ،بتوفيق  :*
Ta7foun
Tbarkalah nchalah ikamel
tbarkalla 3likk … :)
السيد ناجي جلول أنت في ذاة نفسك top top top تحياتي وتقديري سيدي الوزير 👍👍👍👍👍
M3almaa √√
Bravo y'a batal rabi m3ak
Ta7foun
فنانة كاملة متكاملة بأتم معنى الكلمة ربي يحفضها من العين ونقوللها ya wijwij نشالله من أحسن إلى أحسن bon travail:-)
ma7lak mala wahra  wamelahiya
3andou alef 7a9
zin w3in wwahra wmo7tarma rou7ha filebsetha wfiklemha entt cas 3salll
bravooooooooo  bravoooooo
Mch nrml yesir bravo
Ma3lemmmm
7lowiiiiiiiiiiiiiin bon courage et bon continuation :-) :-) ;-)
Raw3a
Ya m3alem
برافو عليك ناجي جلول 👏👏👏👏👏👏👏👏👏👏👏👏
7lowa
A7la mo5rej fi tounes w a7sen mousalsel  w 7al9a tfaaaaaaaaaaaate9
M3alem sahbi
bravo khir men nawfel
برافوووووووووووووووووووووووووووووووووووووووووووووووووووو
3sal i3jebni barcha
M3alem ya walid
جعفور ربي يعينك و ربي يوفقك
وجيهة ديما كلاس
احسن الفنانين الي في تونس صلاح مصباح و مقداد السهيلي و محمد الجبالي
Bravooooo mais wlh baketniiii ;)
ارمستا فنان كبير و هو مستقبل الراب في تونس ربي يوفقو و نتمنئ ليه النجاح :) :) :*
Tbarkala 3liha bsara7a
فكرة جيدة جدا عرض المسرحيات في السجون لما لا نحارب الجريمة والارهاب بالثقافة
Bravoo
Ya3tek douda ma7lek
m3alemmmmmmmmmmm
bravo welid beratli 3la 9albi wa9t ili dafa3t 3la ahmed lindolssi
Sari7a w hedha li 3jebni fiha
بصراحة اول مرة نتفرج في حلقة كيما اللي تعدات البارح.عفوية وخفيفة الروح الطفلة ربي يبقي عليها الستر.هكة نحبو برامج بعفوية بدون رتوشات
3aichocha yezi bla djaltim
عسل نموت عليه انا
معلم ناجي جلول
Hhhh karim ya m3alm
Sbe7 llyesmin sami ya m3alim
Walhi a fr7tle barcha barcha
hh 7lowa hhhhhhhhhhhhhh
Rajeeeel wlhhh
وجيهة الجندوبي  إنت معلم و إحنا منك نتعلم """,1,Tunisia
5171,Nmout 3lik mannouch bizou,1,Algeria
5172,ya ma3lem,1,Tunisia
5173,"برفو .مع اختك صوفية الرفرافي من ولاية بنزرت""",1,Lebanon
5174,barvo sami,1,Morocco
5175,bou zinek mahlek💕💕,1,Jordan
5176,Bravo karim et encore brenes (y) et rabi fadhelek lewelda,1,Morocco
5177,راك زين وعين وخد وكد يا امونا يا تحفونا,1,Algeria
5178,احترمها.  واحترم.  كل ممثل.  ينقل لنا شخصيات  الواقع التونسي بكل مافيه  من ايجاببات وسلبيات,1,Saudi Arabia
5179,Bravo,1,Modern Standard Arabic
5180,Bravooo ya3tek sa7a :) (y),1,Tunisia
5181,rabi ya3taha el kowa wa jahad,1,Syria
5182,شيخ و افتخر به ربي يبارك فيك سي عبد الفتاح او ربي يفتح عليك,1,Tunisia
5183,3ssal <3,1,Syria
5184,أحلى صافي سعيد,1,Tunisia
5185,Bravo yasen,1,Algeria
5186,ma7lekom,1,Morocco
5187,Waw bravo sami ya m3alem,1,Morocco
5188,Machalha a3lha rabi yeberk,1,Tunisia
5189,ناجي يا معذبهم,1,Tunisia
5190,Bravo Neji jelloul,1,Morocco
5191,mnawra  echacha ramrouma . ma7laha labestek machallah 3lik rak mezyana,1,Tunisia
5192,bravooo badr,1,Syria
5193,احلام كمرجي تبدو انيقة جدا_x000D_,1,Saudi Arabia
5194,Hhh jaw 3lih,1,Lebanon
5195,Machallah 3liha bakitni wallah,1,Tunisia
5196,جعفور عز الناس,1,Tunisia
5197,تحفونة وضحكتها عسل,1,Tunisia
5198,Rawra,1,Yemen
5199,احلى بنات شفتهم في حياتي ربي يخليهم لبعظاهم,1,Saudi Arabia
5200,برافو شيخ انتي اقوا شيخ في الشيوخة الكل,1,Tunisia
5201,محلاكوم ازوز ربي ايهنيكوم,1,Tunisia
5202,waalhii gadetou braavoooo :*,1,Morocco
5203,Ena tbarkala 3leha,1,Tunisia
5204,بصراحة محلاها زين و عين و تربية و رزانة,1,Tunisia
5205,أخلاق عالية شكيب برافو,1,Tunisia
5206,Tfate9 c bien wallah,1,Tunisia
5207,Bravo karim,1,Tunisia
5208,M3aleeeeeeeem bravo,1,Lebanon
5209,Bravoooooo yestehel,1,Iraq
5210,A7sen mata3mel fi 7yetek,1,Tunisia
5211,والله المرزوقي ارجل و انظف منكم,1,Libya
5212,وحدك يا لطفي في ضمار وﻷه مكيفك حد,1,Morocco
5213,من غير كذب يستحق الجوائز لطفي لانو من احسن الكومديين في تونس,1,Jordan
5214,Raj3oulna nawfel yar7im weldikom nawfel wa7dou,1,Tunisia
5215,M3almaaa 💓 b sars7aaa ... tayaara,1,Morocco
5216,مزيانة,1,Morocco
5217,M3alma men m3almiet mousalsel awled moufida,1,Tunisia
5218,باهي برشا ان شاء الله بتوفيق تعجبني بالمسلسلات,1,Tunisia
5219,مورو يا معلم كلك حكم و رصانة,1,Tunisia
5220,bravo wafi ya m3dhebhom...,1,Morocco
5221,Nhebha,1,Lebanon
5222,bravo mostafa ye3jebni stylek bravo bravo,1,Saudi Arabia
5223,اول مرة حلقة من هالبرنامج تعجبني هههههه مالا كعبات,1,Tunisia
5224,بصراحة طيارة  !,1,Syria
5225,bouzinik saami,1,Morocco
5226,Rabi yfadalhom ;),1,Syria
5227,يعجبني يعجبني bien,1,Tunisia
5228,A7lé amrio w n7eb ngolou e5dem 3ale rou7ak w rabi m3ak <3,1,Tunisia
5229,مشاء الله.,1,Saudi Arabia
5230,Ma7leha,1,Lebanon
5231,Bravoo,1,Iraq
5232,Bravo,1,Modern Standard Arabic
5233,وحدك يا الفة,1,Iraq
5234,صوت قوي و روعة,1,Egypt
5235,هي فنانة عندها مستقبل كبير ان شاء الله,1,Libya
5236,Mahlaha martek rabi yhannikom,1,Syria
5237,وليد بردلي على قلبي هههههه برافو ليه 'هو و احمد,1,Morocco
5238,Ma7leeeehem rabi yfadhalhomlek kariiiim,1,Lebanon
5239,Yaser bahiaaaaa,1,Tunisia
5240,انت معلم و احنا منك نتعلم,1,Palestine
5241,7lowa yecer,1,Syria
5242,5ouya rabi m3ak wasel w nchala rabi m3ak,1,Morocco
5243,najla ta3jbni barcha,1,Morocco
5244,برفوا نور,1,Tunisia
5245,3salll,1,Morocco
5246,mashalah,1,Yemen
5247,Mousalsel tayara,1,Morocco
5248,Bou ziiiiiiiiiiiiiiiiiinek mmmmhhh bella :-* <3 <3,1,Syria
5249,A7sin matal3it tounis,1,Tunisia
5250,Ya3tik essaha 3ala citkom,1,Tunisia
5251,M7lek ya dodu ;),1,Tunisia
5252,محلاها البنية و فيه البركة,1,Tunisia
5253,Hhh bou zinou ma7leh,1,Tunisia
5254,معلم,1,Oman
5255,بصراحة bravoooo,1,Syria
5256,tbarkahlh 3la weldi bledi rak bedenya ya kbir,1,Tunisia
5257,مدام محرزيه محلاك نفتخر بك أنت قدوه للمرأة التونسية قمه في الثقافة و الأخلاق العالية براااافوااااا,1,Yemen
5258,والله راجل ويشرف تونس ليس منافق,1,Oman
5259,ma7lha ishariya ya3tikom isa7a w huisse ma7lk rak to9title,1,Iraq
5260,محلاها حرية التعبير,1,Tunisia
5261,Bravo 3liha machalah,1,Oman
5262,Hhhhh ehabel,1,Yemen
5263,محلاها و محلا صوتها ربي يوفقك امونة 😘,1,Tunisia
5264,enta m3alem,1,Algeria
5265,Rim ma7lek yser class 💕💕💕,1,Jordan
5266,من اروع الناس واحلاهم بصراحة شابووووو ليه معلم,1,Morocco
5267,yaser 7lwa w te3jebni bon courage marwa,1,Syria
5268,K2rym وهرة عليك و كل واحد قاعد يحكي عليك بالخايب راو غاير منك .... خاطر منجموش يوصلولك ...,1,Tunisia
5269,bravo leha,1,Tunisia
5270,يعطيها الصحة,1,Morocco
5271,Ya m3alim,1,Tunisia
5272,BRAVO MRA 7ORA,1,Syria
5273,"برافو جعفور""",1,Lebanon
5274,Bsara7a momteez klemou wadha7 wsari7,1,Tunisia
5275,bou zinek,1,Syria
5276,Tayraaaaaa bravooo semiii wlh 4o7ka mouch nrml,1,Tunisia
5277,M3aaaleeeeeemm,1,Lebanon
5278,حلقة اليوم طيارة,1,Saudi Arabia
5279,نور شيبة فنان مبدع وقاعد يخدم علي روحو وإنشاء الله نفرحو بيك وقيت عاد,1,Tunisia
5280,اكبر راجل,1,Tunisia
5281,جعفور ممثل كبير و كوميدي ربي يوفقه برافو  جعفور واصل,1,Palestine
5282,Ma7lakom,1,Lebanon
5283,جعفور يا معذبهم,1,Lebanon
5284,Me7lek,1,Lebanon
5285,7louwa,1,Lebanon
5286,Ma7leha l7al9a mta3 lila 8adhetni barcha,1,Morocco
5287,لطفي العبدلي رفعنا روسنا قدام الجماهير بالجوائز التمثلية وعندو مايقول في روحو قدام كل الفنانين الاخرى,1,Tunisia
5288,Macha allah,1,Tunisia
5289,المعلم 👍👍,1,Jordan
5290,مسرحي بارع،ومثقف،وواعي ويعرف اش يحكي و كل كلمة في بقعتها،وهو من الممثلين المسراحيين،الي عندهم وزنهم في البلاد,1,Saudi Arabia
5291,انا عجبني بصراحة,1,Tunisia
5292,Mahlek💖,1,Algeria
5293,جعفووووووووور,1,Palestine
5294,bravo,1,Morocco
5295,MAHLAHA  KIFECH JABTAHA,1,Syria
5296,Bravo,1,Modern Standard Arabic
5297,ممثلة متألقة و ﺷﺨﺼﻴﺔ ﻛﺒﻴﺮﺓ من أحسن ما عندنا في تونس ﻓﻤﺎ ﺇﺑﺪﺍﻉ ﻓﻲ ﺃﻋﻤﺎﻟﻬﺎ ﻭ ﻫﺬﺍﻙ ﻫﻮ ﺍﻟﻨﺠﺎﺡ ﺍﻟﺤﻘﻴﻘﻲ ﺭﺑﻲ ﻣﻌﻚ و جيهة,1,Libya
5298,Ma3azzouu,1,Algeria
5299,ما شالله عليها في كل شي ثقافه و تربيه و زين برافوووو عيشوشه واصلي,1,Iraq
5300,Bravo rim tbarkala a3lik moathla 7lowa 3al5er,1,Tunisia
5301,Bravo walid,1,Jordan
5302,BRAVO Walid,1,Lebanon
5303,Chakib ya m3alemmm j'aime beaucoup,1,Morocco
5304,Tbarkala 3liha bravoo,1,Lebanon
5305,Tayyara,1,Morocco
5306,برا راك ناجح,1,Algeria
5307,M3LEMM,1,Egypt
5308,والله بكاتني برافووووو,1,Morocco
5309,برافووووو,1,Lebanon
5310,Mnawra,1,Tunisia
5311,حد ماينجم يشكك فيه لهو كل الإحترا وتقدير,1,Algeria
5312,Se3a ena te3jebni etofla litsou9 moutoue'r,1,Morocco
5313,mizyena hhhh,1,Yemen
5314,3sla ja3four,1,Tunisia
5315,مواطن علي درجة عالية من الاخلاق و الانسانية و حب البلاد ربي معاه و ربي يفرحو كيما فرحنا و ضحكنا,1,Tunisia
5316,Tahfoun  .....,1,Tunisia
5317,وجيهة الجندوبي تعتبر من الممثلات المتميزين حقيقتا انا شخصيا من ملاحظتي لاعمالها الدرامية.في عدة مسلسلات تونسية مثل ( منامة عروسية ) وعودة المنيار ) الخ ...تبدع في اتقان الدور  والشخصية حقيقتا انا شخصيا   احترم هاته الفنانة المبدعة وتحية وتقدير لذاتها وشكرا,1,Saudi Arabia
5318,ممثلة قديرة وتستحق كل احترام,1,Saudi Arabia
5319,Ma7leeeeeeeeeeek ya3tek douda ye lotfiiiiiiiiiii a7na bnette chamel nmout 3liiiiiiiiiiiiiik,1,Iraq
5320,K2rhym rak ma3lem,1,Tunisia
5321,bravooooooooooooooo,1,Egypt
5322,Bravo kafon,1,Tunisia
5323,مرأة تونسية متألقة ♡♡,1,Egypt
5324,Couple yfataaa9,1,Lebanon
5325,maalem sahbi,1,Morocco
5326,Jaafour moumathel w mounachet w mo5rej tbarkalah 3lih 3malena barcha jaw fel plato w 7ke men galbou r abi y5alih lé twensa,1,Tunisia
5327,Ya Sii  Mo9Dad  SayeeB  Erajeel  Ye5dm  3ala  Ro7ou  <3  Walla Ala yenj7 yelzmk  Twa9Fou  W  Mat5aliichi   _x000D_  Dallagi  Men a7sen El  Faniine  <3,1,Syria
5328,Mnawar ya ja3four,1,Morocco
5329,3asla momathla 9adira w mo7tarma,1,Morocco
5330,بصراحة يعجبني فنان كبير,1,Syria
5331,tbarkala,1,Lebanon
5332,تعجبني .ربي معاها,1,Tunisia
5333,ما شاء الله,1,Qatar
5334,M3alim (y),1,Iraq
5335,وحدو صبري كعبة موش نورمال   بصراحة....حتى بقية الممثلين برافو,1,Tunisia
5336,yaaaaaaa jaw mela manouu <3 <3,1,Morocco
5337,Bravo بنت عمو ثامى,1,Lebanon
5338,وجيهة ربي ايوفقك,1,Qatar
5339,Wallh Barvo 3ajbni,1,Tunisia
5340,برافو توفيق وراس لحنينة ما فهمت منك شي,1,Lebanon
5341,Berjoulia bravo ahmed,1,Syria
5342,والله روعة,1,Saudi Arabia
5343,S7i7 nakrhek ama lila 3jbtni bravoo,1,Tunisia
5344,احلي قناة تونسيلة,1,Libya
5345,wlh m3lm,1,Iraq
5346,Bourjouliya tal3et 3andha cha5siya kbira sakteet chtar dhouyouf,1,Tunisia
5347,Ti3jibni,1,Algeria
5348,Bravoooo 3lihaaa,1,Morocco
5349,عسلة بالحق,1,Tunisia
5350,تعجبني متخلقة و من أعضم الممتلات,1,Tunisia
5351,Thbel ena 3jbtni,1,Algeria
5352,Rabi 5alikom lel b3athkom,1,Iraq
5353,tbarkallah 3liiiiik mimo sawt men arwaa3 l aswaat rabii ywaf9eeek nchallah :* :*,1,Tunisia
5354,وليد التونسي معلم اشكون باش يتكلم,1,Tunisia
5355,سامي محلاه المسلسل,1,Tunisia
5356,Waaw vraiment bravooo,1,Lebanon
5357,Wajih ejandoubi m'en a7la elmomathlin ou tounes tetcharef bik :*,1,Morocco
5358,nhibhaaa barcha mariyouma,1,Morocco
5359,"wassel wa7na m3ak""",1,Tunisia
5360,Yeser ma7leha,1,Lebanon
5361,معلم يا دب,1,Qatar
5362,Yessr 7lw wlh,1,Syria
5363,رائعه,1,Yemen
5364,a9wa la9taaaaa bravo wlh  nestana fel 7al9a ejeya bd9i9a wdraj,1,Morocco
5365,Mahleha,1,Lebanon
5366,أفضل ممثلة عندي و انشالله بالتوفيق :-D :-*,1,Syria
5367,ahla sami,1,Yemen
5368,ui ma7leha nmout 3leha bkoulha etfata9,1,Tunisia
5369,Rajel we sid rjal,1,Lebanon
5370,iklam ili 9alito is7i7 w t3jibni barcha iklamha ilkoul imla5is,1,Tunisia
5371,hhhhh m3alim,1,Yemen
5372,بلطي أكبر مغني راب تونسي محبوب في دزاير ....لوكان يسمع مقداد السهيلي لغناية تاع عربي في باري يديك تشارع في لاهاي,1,Algeria
5373,و الله معلم و راجل و عجبني كمسح القاعة بهكي التافهة و الله بردلي على قلبي قبل ميخرج مالبرنامج برافوووووو,1,Libya
5374,ماحالاها العائلة كي تحب بعضها و الأولاد يحبو والداهم و يدللاهم في كبرهم... ربي يطول أعمارهم و يطول عشرتهم و يهناهم ❤️💖,1,Tunisia
5375,el7ob ♡,1,Yemen
5376,Mgarb3aaa <3,1,Morocco
5377,5amssa w5miss 3alik ya zina,1,Syria
5378,Bravo dhameur,1,Tunisia
5379,Fanana mouthakfa w t3ejebni ale3ker,1,Morocco
5380,زينة تعجبني برشة تلقائية  واصل عزيزتي ربي معاك,1,Tunisia
5381,صافي سعيد من ضيوف إلي نستفادو منهم على عكس باقي سياسين,1,Tunisia
5382,Bravo sayed elwazir,1,Egypt
5383,ربي يفضلك وليد,1,Tunisia
5384,محلاها تستأهل اكثر اما مبروك عليها,1,Tunisia
5385,behya,1,Tunisia
5386,originalll barcha,1,Jordan
5387,Bravooooooooooooooo bader j'adore,1,Syria
5388,Bravoooo nchalah mabroukin 3leha,1,Tunisia
5389,Mahleha,1,Lebanon
5390,"برافووو طلع أرجل من برشا ""كﻻب""",1,Tunisia
5391,Bravo Karim,1,Morocco
5392,هذا تونسي بالفم و الملا.,1,Tunisia
5393,7al9a 7lowa,1,Tunisia
5394,Ja3four yasr tahoun,1,Tunisia
5395,محلاها مريم بن شعبان,1,Tunisia
5396,M3alim,1,Morocco
5397,En7ebha barcha w tooooooop 3al e5er   😄💗,1,Yemen
5398,itounssiii may7ibech ychouf ilwe9a3 inte3ooo bravouuuuuuu ya a7laa mou5rijj w mounachet semiiiiiiiiiiiii,1,Tunisia
5399,Rabi ma3k samir,1,Morocco
5400,raw3aaaaaaaaaaaaaaaa mayssa ente stare we nchallhe nasm3e jdideke fe a9rebe wa9tweeeeeeeeeeee <3 <3,1,Morocco
5401,برافو وحيدة الدريدي يعجبني الفنان المثقف,1,Tunisia
5402,3lech ena 3ejbetni ! chab3a tho7k !,1,Algeria
5403,حضور ممتاز للمناظل  هذه نورت البرنامج,1,Yemen
5404,"Mle5er amin bravo bravo bravo tawa wala 3ana fi tounes monachtin behin bravo amin gara""",1,Tunisia
5405,خطوة أولى في الطريق الصحيح,1,Modern Standard Arabic
5406,A3az raper 3endi ye3jebni kalamou,1,Tunisia
5407,ربي يحفضهم ان شاء الله محلاهم,1,Morocco
5408,هو باهي  و طيارة,1,Libya
5409,Ena n7eb esayda hedhi 5aterha techbih lil wélda rabi yfadhelheli ♥♡,1,Tunisia
5410,برافو الى سميره الي واقفت مع اخوها في محنتو ربي يعطيها ماتتمني وتراه خواها ارجعه لطريق المستقيم ويتزوج وتراه اولادو هدا ما نتمنو,1,Libya
5411,Wajiha ya m3alma koul kilma fi blasitha,1,Tunisia
5412,Bravo walid tounsi sid rjal,1,Tunisia
5413,الحلقات الكل حلوين. احسن مسلسل ولاد مفيدة و دنيا أخرى برافو,1,Tunisia
5414,نجمة عجبتني برشة طلاقة لا توصف وتعرف تحكي تبركالله عليها,1,Tunisia
5415,Bravo,1,Modern Standard Arabic
5416,شكرا لكل مواطن بسيط يخاف علا تونس و تونس  ديمة واقفة بالرجاله,1,Libya
5417,فنان بمعني الكلمة ربي يوفقو,1,Morocco
5418,borjolia ya3tiha sa7a,1,Morocco
5419,برافو سي جلول هذا الكﻻم الصحيح سلفي و الدواعش خلفي بن قردان تحييك,1,Tunisia
5420,Bravoo karimm,1,Yemen
5421,Bravo sami fehri😊😊😊😊,1,Morocco
5422,Rabbi m3ah 👍 W Inchallah  elley Yjey A7sen,1,Qatar
5423,eza7 malla sout hédha mouch normal ena ye3jebni 3a9el barcha t7essou,1,Tunisia
5424,محلاها اموا,1,Tunisia
5425,Tayaaaara barcha,1,Morocco
5426,محلاه أما ينقص شوى من هاك الشعر,1,Tunisia
5427,Y3tih l sa7a,1,Tunisia
5428,bravo si Naji vous avez raison,1,Iraq
5429,Bravo,1,Modern Standard Arabic
5430,Machallah,1,Oman
5431,3azza nmout 3liha,1,Tunisia
5432,Yesir te3jibni <3 <3,1,Tunisia
5433,3aychoucha Tbarkallah 3lik,1,Tunisia
5434,3assssoulaaaa waktafi😊,1,Morocco
5435,Mahlekom les 3,1,Syria
5436,Bou zinou ma7leh,1,Tunisia
5437,bravoooooo wallah :),1,Syria
5438,برافو استاذ مقداد....نحن معك لتطهير الوسط الفنى من هالاشكال,1,Egypt
5439,bravo sami el mouselsel yasser mezyane,1,Morocco
5440,Raw3a toooop vraiment bravo,1,Iraq
5441,امنه تحفونه وخفيفة روح,1,Iraq
5442,Vraiment bravo,1,Tunisia
5443,بالدموع برافو,1,Lebanon
5444,Bravoooo,1,Egypt
5445,جعفور ملك الكوميديا في تونس  نحبو برشا  <3 <3,1,Tunisia
5446,Ya3tik esa7a ya amir dima em7afelha bravo,1,Tunisia
5447,لكبير كبير نقطة وارجع لسطر ......,1,Tunisia
5448,Bravo samir safi said ne7tarmo barcha liano sadek w fahem l histoire kol,1,Tunisia
5449,mahleeekoum louleeeed nhbkoum,1,Tunisia
5450,wallahi a7sen comedien,1,Morocco
5451,Bravo,1,Modern Standard Arabic
5452,a7san wahed houwa balti,1,Yemen
5453,Bravo costa,1,Jordan
5454,المرأة التونسية فخر لنساء العالم بصبرها وقلبها الكبير ،بأخلاقها وعزيمتها....Bravo,1,Algeria
5455,امرأة تفرض احترامها.,1,Modern Standard Arabic
5456,bravo  walid  tounssi 👏👍,1,Jordan
5457,Walid tounsi ya m3alem,1,Morocco
5458,بصراحة برافووو ياسامي على هاستكوم  والله شبعة ضحك,1,Morocco
5459,Mehdi Bouzoumita écoute,1,Morocco
5460,نحن نعشق الحوار التونسي,1,Sudan
5461,شوف الحجاب قداش يزين البنية,1,Tunisia
5462,Bravo walid rak m3alm elmabda 9bal echohra bravo,1,Egypt
5463,ma7lehoum le5wet kif tel9ahoum ehnen   3ala eb3adhoum <3 <3,1,Tunisia
5464,Chou ma7lek wenti mastoura ya5tyyyyy,1,Morocco
5465,tbarkala  aliiiiiikkk mobd3a #najla mobd3a <3 <3 <3,1,Saudi Arabia
5466,ma7lekom bravo,1,Morocco
5467,برافو,1,Lebanon
5468,Bravooooo haja o5ra bsara7a,1,Tunisia
5469,Tfata9 ma7leha class et charmante,1,Morocco
5470,Rajil ou nos walid itounsi wilandalousi 9al ken is7i7,1,Iraq
5471,Bravo naji jaloul,1,Tunisia
5472,Ma7lha,1,Lebanon
5473,RIM 3SAL,1,Syria
5474,tbarkallah 3léha sawet w soura bravo mayssa <3,1,Tunisia
5475,Hhhhh 7al9a moch normale bravoooo,1,Morocco
5476,محلاه يعجبنى برشا صوتو حلو برافو ايمن واصل نجاح متاعك,1,Tunisia
5477,Moslsel najaa7 barcha ta7yia meni likoum men paris le tunis mahlkoum ya touansa,1,Tunisia
5478,معلم معلم,1,Saudi Arabia
5479,Bravo kafon w 8oneytek ele5ra 3ejbetni,1,Tunisia
5480,والله جعفر القاسمي إنسان خلوق و لا يستهزئ بالناس ولا بالجهويات وهو ضااامر و بشوش ;),1,Algeria
5481,ريم الرياحي محترمة  😴😴😴,1,Iraq
5482,وجيهة بالحوت عليك و على جماعة حمام الانف ..,1,Jordan
5483,حلوة عسل لا شهد,1,Tunisia
5484,Rabi maakoum,1,Tunisia
5485,يعطيه الصحة .,1,Morocco
5486,Mezyena,1,Algeria
5487,Walid ya m3alem,1,Morocco
5488,والله جعفر القاسمي إنسان خلوق وحتى تفدليكو مقبول إنسان إجابي واصل خويا جعفر وعاون الناس ولك كل الإحترام مني خاصة ومن شعبنا عامة,1,Morocco
5489,برافووو😁😁😁😁😁,1,Morocco
5490,k2rhym rak m3allm welli ye7kou 3lik lkol 8ayrin menk w8na touns  mta3 s8ar wasel ya m3allm wenchallah rappeurat touns iwallou kifk #Brins_rak,1,Tunisia
5491,ibravo,1,Lebanon
5492,Bravooooooo,1,Egypt
5493,M3alemmm bravo,1,Algeria
5494,Bravo 👏 walid baredtliii 3la 9albiii ya m3allemm.bravooooo,1,Tunisia
5495,Ya em3alem ya #yassin,1,Libya
5496,والله منور لطفي انا من ليبيا ويعجبني كوميدي من غير هكي تحرق روحك ويسلم عليك محمد علي النهدي,1,Libya
5497,فنانة حلوة.....تعجبني و يعجبني صوتها,1,Saudi Arabia
5498,Ma7lha,1,Lebanon
5499,Tanja7,1,Sudan
5500,"Bravo lotfi""",1,Tunisia
5501,Behya w n7ebha,1,Lebanon
5502,برافو امين حلقة متميزة ...ضيوفك من تراز رفيع بردتنا على قلوبنا من نبارة...ونقلك يا انصاف اليحياوي راك دائما متالقة او مزيانة ..اشنوا السر؟؟؟؟؟,1,Tunisia
5503,bravo  ...matesma3 klem 7ad w a5dem 3la rou7ek rabi i3inek,1,Tunisia
5504,tyara,1,Morocco
5505,M3allem y'a walide allah y5alik .baredli ala galbi,1,Oman
5506,Bravo yassin,1,Saudi Arabia
5507,Ya3tiha saha,1,Morocco
5508,Maallem wallah ye neji jelloul,1,Syria
5509,Nhebha,1,Lebanon
5510,"3sal
Yeser ta7founa
rim ryahi yaaaaaser meth5ma w yaaaaaser metwath3a ma7lek n7ebek barcha <3 <3 <3
ماشاالله عليك يا أميمة صوت و صورة❤️
ايمان شريف فنانة
Ahla emouna 😍
Azyn wa7da fel mousalsel <3
sa777a ya m3allem
Bravo ja3four borjouliya wlid'ha
Bravo semi yesser 7lowa 7al9et lyooooom
tbarkalla3 alik maysa ama awel mara nchouf may mt5ani wlah ya3teha esa7a ya a7la may
Sahitt",1,Tunisia
5511,tahfouna olfa,1,Tunisia
5512,Bravo ja3four dima mitalig allah w a7ad a3lik,1,Tunisia
5513,حاجة جديدية في تونس عجبني الفيديو و الكليب ..  ..,1,Libya
5514,7aja grave 3al le5er !!!!,1,Tunisia
5515,Bravo walid,1,Jordan
5516,Mra wa3liha leklam,1,Tunisia
5517,Bravo,1,Modern Standard Arabic
5518,Rajeeeel ya walid,1,Morocco
5519,3sal n7ebha barcha,1,Morocco
5520,مشالله علیهم الله یعطیهم الوقت الطیب ویحفضهم  ویبعد علیهم الحسد واولاد الحرام,1,Lebanon
5521,Bravooooooooo,1,Egypt
5522,المعلم ولد الشعب,1,Tunisia
5523,Monachet naje7 barcha  libramjou en plus jawist,1,Morocco
5524,n7ebou  ana  ye3jebni,1,Tunisia
5525,وليد التونسي معلم,1,Tunisia
5526,bravoooooooooooo,1,Syria
5527,Brajou wajiha,1,Morocco
5528,wallhi 3andek el 7a9 kalmek sa7i7,1,Morocco
5529,Hhhhh bravo,1,Tunisia
5530,برفو فوزي وبنسبة لزينة القصرينية ممتزة كيما  عرفناها,1,Tunisia
5531,Bravo ناجي جلول,1,Tunisia
5532,Lebrens y'a ma3alm,1,Syria
5533,كلامك صحيح  …,1,Saudi Arabia
5534,رجل واعي و مثقف ♥,1,Egypt
5535,Bent 7oumti 💙💚 bent l hamhama .. matnjm tkoun ken superbe :*,1,Tunisia
5536,الفة فنانة بالحق صوت وحضور,1,Tunisia
5537,mahlekoum naturel w hnain 3la bouhoum,1,Tunisia
5538,وجيهة من أقوى الممثلات التوانسة و انا نحبها برشا,1,Tunisia
5539,Bravoo walid,1,Egypt
5540,عسل,1,Palestine
5541,borjolia ta3jebni maya ki tabda to3bér :D,1,Tunisia
5542,محلاها,1,Tunisia
5543,برافو وليد واحمد 🙌🙌🙌🙌,1,Lebanon
5544,M3alem,1,Lebanon
5545,عسول سامي,1,Tunisia
5546,7al9a tayara wlh,1,Morocco
5547,Ena 3ijbitni bbaarrcchhaa,1,Morocco
5548,Bravo walid,1,Jordan
5549,Bravo bayroma,1,Tunisia
5550,a7la ja3fourrr,1,Morocco
5551,حنان الشقراني .. احسن منشطة في تونس اليوم..,1,Tunisia
5552,جعفور ... عندو برائة  و طيبة في وجهو ما فهمتهمش ... فيسع يدخل للقلب,1,Tunisia
5553,صوت رائع و أخلاق أروع..واصل,1,Palestine
5554,Yam3alem,1,Egypt
5555,tbarkalah  alik  bsaraha  ya  emnaaaaaa,1,Tunisia
5556,Jaafour mahlek ou mathemrek,1,Morocco
5557,Rawwwwww3a,1,Jordan
5558,bravoooo,1,Iraq
5559,يا معلم برجولية جعفور يعجبني و موش نرمال و ربي عينى,1,Tunisia
5560,Me7lekomm,1,Lebanon
5561,Bsara7a wa7dou Karim el gharbi,1,Morocco
5562,3sal  kafon habebtna fi rab ken intti,1,Iraq
5563,جعفور معلم,1,Palestine
5564,مسلسل حلو برشا,1,Tunisia
5565,Bravo ja3four wassil wlh akthér moumathil yé3jébni nchalah dima haka ya rabi mnawér étalifza btaltik,1,Morocco
5566,وحدو في الهشاشة,1,Tunisia
5567,Wallah fr7tlou mabrouk brvoooo byrem :-*,1,Morocco
5568,Ammouna y'a ghaliya nmout 3lik ma7lek wma7la soutek machalla nestenew fi albumek mwaf9a nchallah ❤,1,Iraq
5569,Tbarkalah 3liha ma7leha,1,Lebanon
5570,Bravoo amin,1,Tunisia
5571,Tbarkalla 3aleha 5adija rabi wefa9ha we enaja7ha,1,Lebanon
5572,M3lm,1,Lebanon
5573,te3jebni ya si 3alaa,1,Tunisia
5574,Bravo braaaaaavo fawzi machalla alik,1,Tunisia
5575,A7la dinya,1,Tunisia
5576,Tbarkaalàh 3lééhaà <3,1,Algeria
5577,<3,1,Saudi Arabia
5578,نمووووووت فيييييه,1,Libya
5579,برافو سامي,1,Iraq
5580,behia ta3ref tmathel ama yalzemha tekbess ro7a fi klemha,1,Tunisia
5581,Ya3irfou yahkiw ou bsaraha ifathelkou ♥♥rabi mi3akom,1,Syria
5582,Bravo,1,Modern Standard Arabic
5583,yeser damer ya lotfi,1,Tunisia
5584,Ma7leha fekra ami semi,1,Tunisia
5585,M3alllllmm bibou,1,Lebanon
5586,bravo walid tounsi,1,Morocco
5587,Yeser ta7founa,1,Lebanon
5588,محلاهم هالخوات   واش خص جات عندي وخية ربي يلم شملهم انشاء الله,1,Morocco
5589,الانسان لوحيد المحبوب من التوانسا لكل نطالب بترشح جعفور للانتخابات مع الشكر,1,Libya
5590,Machallah,1,Oman
5591,Bravo wlh bent bledi bravo bravo.incha allah mabrouk ..vraimment la3bet bien...ferchichiya w ra5e la,1,Lebanon
5592,"انت معلم و احنا منك نتعلم 
talent et finesse ma7lek olfa
محلاااكم منورين😉
رزينة في كلامها و نعتبرها من احسن الممثلين التونسيين ..و ملخر عسل عسل عسل
a3az momathela se bien wajiha waseli
7aaflhhhhhhhhhhha
Ma7lhaaa thblaaaa
Rabi maak
A3lech nakerhouha esa3a yaaaaaaser ta7founa w da7ketha thabel w ana n7ebha barcha barcha w adwarha dima mezyana tbarkalla 3leha 😍😍👍❤💖
محلاك يا حميدة تونسي مطبوع👍
Bravo SI neji
معلم يا وليد ♡♥♡
امونة يهبل ناس طيبة والله
مصطفى راك ولد الفن ودموعك غالية مايستحقوهاش
جعفووور هو المعلم ..
Wa7dek ya benet elfehri  wallah bakitini brassmi
M3allem
Barhouuuumtiiii ❤❤❤❤❤
Tthabel
Wahra .m3alem.3sal
Abd3et
ma7lek barhoumaa
Mabrouuuuuuuuuuuuk w marahba
Bravo toutou hhhhhh
Bravoo sami amma 9oulana chkoun wald si chrif
bravoooooo si naji jaloul 3ala sarahtek
Tahfoun barcha bon courage fehri
أحلى مورو
Bravo walid
Mobd3a ou yeeesir mirobiya
wled moufida ma7lahom
Bravo ddj costa
Te3jebni marwa
اولا اشكر البرنامج والقائمين عليه البرنامج جميل جدا بقدر ما يحزن في بعض الاحيان لكنه يفرح دائما والشكر موصول للاشقاء التوانسة.
معلم و بن علي كان يرجع لتونس 70% مسامحينو كان موش اكثر !!
Mazyenha
كم انت رائع يا ابن بلدي
kafon  b1
أمين يا معاااااااااااالم ،برافو :-*
Machaalllah ya3tihaa allf sa7a <3
يا صاحبي فهيم
Ihabel ja3four
ربي يسترك يا علولو
Dima mwhra
Te3jebni yesser classe zine w fiana w sout tbarkallah 3liha
Far7ana 3ale5er b zied sout w 7outhour boo 7oubouk :*
najla yeser 7louwa
Bravooooo Borhéne Bssaiess
Ma7lehem 8adhouni
يسلم الجمال كلو <3'...",1,Tunisia
5593,Wallah m3alem bravo 3lik 👍,1,Egypt
5594,hhhhhhh vraiment bravoo :D,1,Tunisia
5595,Rabi m3ahoum zouz win el mochkoul :/,1,Tunisia
5596,انت لمعلم و مورو منك نتعلم ❤️❤️❤️❤️,1,Tunisia
5597,bravo .. we rabbi iwaf9ek,1,Lebanon
5598,نوفل وحدو,1,Tunisia
5599,احلى فلة...,1,Iraq
5600,Rabi krim w rahmtou wes3a,1,Syria
5601,7al9a behia bravo semi fehri,1,Syria
5602,توتو يا معلم !,1,Libya
5603,Tbarkala aalik ya rym zin w 3in w rzana ; mwaf9a nshalah :*,1,Tunisia
5604,ma7leha lfaza mta3 bayrem w ibrahim,1,Morocco
5605,3asoula,1,Algeria
5606,Mahleha,1,Lebanon
5607,Rabbi yfadhalhomlo,1,Syria
5608,bravo,1,Morocco
5609,Bsara7a nawfele wa7dou,1,Tunisia
5610,3alamiya,1,Saudi Arabia
5611,يعطيهم الصحة و الله,1,Tunisia
5612,M3alma :-) :-) :-),1,Tunisia
5613,mahlek ya hanen,1,Saudi Arabia
5614,ma7leeek ma7leeek ya karim ilal amam ya artiste 5amsa wekhmis 3lik,1,Tunisia
5615,محلك,1,Tunisia
5616,هذا البرنامج انسبلوا نوفل هو عندوا الجرأة والمعرفة اكثر,1,Iraq
5617,احلى #سيتكوم دنيا اخرى الي تفرج وشاخ ضحك يدز جام والله bravooooo .#ههههههه,1,Tunisia
5618,معلم برافو عجبني بصراحة,1,Syria
5619,أحلى زينة نشاله ربي يوفقك و نستناوك فالأنشيد,1,Algeria
5620,Rajel fi kelamou,1,Tunisia
5621,Bravo nawfel,1,Syria
5622,وحدك يا نور راك وهرة,1,Algeria
5623,mahleha,1,Morocco
5624,nice bravooooooooooooo,1,Egypt
5625,T loin y'a amin lmsata tmchi 3la sa9iha,1,Tunisia
5626,rajil wa3lih liklem,1,Tunisia
5627,Barasmi a7ala jaw bravo,1,Tunisia
5628,الابداع,1,Iraq
5629,Baaaaaaaarvoo,1,Morocco
5630,Ma3alim,1,Morocco
5631,تعجبني,1,Iraq
5632,Mech normal walh ya3tikoum sa7a,1,Morocco
5633,محلاها تبركلاه,1,Tunisia
5634,Bravooooooooo,1,Egypt
5635,انا نحبها و نموت عليها عندها . تعرف اش تقول من الفنانات القلائل الي عندها كاريزما و شخصيه.  الله يوفقها متميزه في المسرح و في الدراما و في السنيما.,1,Libya
5636,😍😘💙❤💖💕💓💜💛💚💟💞💝💗💕,1,Oman
5637,Tayara,1,Tunisia
5638,Nhibak barcha w ili fi galbik 3a lsenek  baradli 3a galbi,1,Tunisia
5639,سي صلاح معلم بأتم معنى الكلمة تبقينا كي لعزوزة تمسو تسمع حسو,1,Tunisia
5640,Ti3jibni barcha mraa mas2oula bravo,1,Morocco
5641,بتوفيق ربي معاك وديما منورا إنشاء االه,1,Morocco
5642,برافو وليد فرهدتلي على قلبي من هالثعلوبة,1,Morocco
5643,وجيهة ممثلة تحفونة ونظيفة برشا,1,Tunisia
5644,7louwa yacer ta3jbni ♡♡,1,Saudi Arabia
5645,وليد التونسي يعطيك الصحة كيف جاوبتهم بجواب يستحقوه وربي ابقي علينا الستر,1,Tunisia
5646,برافو وليد بردتنا على قلوبنا,1,Morocco
5647,rabbi yhanihom ! w ya3tih sa7a rajelha (y),1,Yemen
5648,Ma7la zinha,1,Tunisia
5649,نجلاء تعجبني برشة كشخصية,1,Tunisia
5650,Wa7dik ya karoum rabi y5alihelik,1,Syria
5651,walid rajel ;) ..,1,Morocco
5652,"من مصر _x000D_
7lowa rahnan
انسان عنده نضرة باهية ومواقفه تعجبني
تستاهل طيارة يا لطفي.. لا طيارة شوية عليك، أحسن ممثل و كوميدي في تونس لطفي و ماغير تكريم يكفيك الناس الي تحب تمثيلك و ضمارك ؛)
جعفر القاسمي،  انسان خدم على روحو و ضامر و مايمثلش كيف برشا عباد يخرجو فالتلفزة.  تحياتي جعفور و رانا نحبوك.
مبدعة
ماشاء الله …
Mech nrml rabi ya5lehalek
يازينة يلحنينة
سيتكوم يااااسر حلو خدمة مزيانة
قناة قوية b1
هذه درس وقدوة للعباد اللي نفسهم ضعيفة
Yaser mahleh ina kol lila ntaba3 fih bravoo
Bravo folla wallit nmout 3lik
Rak 33soulllla
Brave
صوتك حلو وانتي محلاك وغناياتك محلاهم اما زيد اخدم اكثر انتي فنان باهي يا ايمن
احلا صوت حوماني
Machalah
عسسسسسل ماشاء الله
Walah a9wa mra fi tones ..Bravo madame camerji
M3allem !!!
Bou zink rabi ma3k <3
عبد الفتاح مورو معلم بسراحة مفماش كلمه خير من   forrrrrr
Rak m3aleeeeem w zid bravo 3al prog mt3 #etesi3a
خديجة برافو مستقبل واعد انشاالله
Ma7lek ja3four
te3jebni w n7ebha
الحمد لله يا ربي هاذي الحلقة تعدت خفيفة و تحفونة منغير الهرج متاع السياسيين يعطيكم الصحة ما فقتش بالوقت كيفاش تعداا
b3avooooo
A7la sahra walah m'a hssine deak walah 3malna Jaw bravo bravo
Marmour ya 3assoul
مسلسل عالمي
كوميدي مش عادي
Khamsa w khmis 3lik ya lamin el kef jebet rjel :)
Bravo khidma tayara
التونسية من أفضل القنوات
wwwwwww a3salllllll
ياااا معلم
Bravo faouzi
ta7founa ou m3lma
Bravo machala 3liha
Bravo Ja3four :)
الله يشفيها ياااارب . احلا طفلة واحلا اب واحلا ام❤ الله يقويهم ياااارب تفرجها من عندك وتفرحهم يااااا يا رحمان يا كريم. تحية لعلاء على وقفتو ومشاعرو 💖
برافو يعطكيم الصحه
Mraaa w 3liha lekleeem
صباح الخير يا معلم
M3alem
Rim riehi men a7sen elmoumethlin li ref3ou etemthil n7eb n9oulek bravo wasel haka
Tfatta9 l7al9a
مسلسل ممتاز روعه
Walid ya3tek saha baretli 3ala 9albi
hlowa
m3alllllim Hsin Dik rabbi m3ak
ma7lek wlah
te3jbni 5atrha men a7sen el momathlin♥♥♥♥♥♥
نحن نعشق الحوار التونسي
Wa7dek y'a zina
الشيخ عبد الفتاح مورو يمتاز بالفصاحة و سرعة البديهة و الوضوح في تصزيحاته
وجيهة ممثلة و عليها الكلام مش كي الجماعة لي مشاو للميدان في مصر
ضامر برشه
Beravo sami eklouleid yehebel
منور نور شيبه ودائما متألق
Hhh bravo ma7lekom tdha7kou :*
Bravoooo. Tayra. 🌹
راجل
Dhamer 💜
ولد وطربي    متخلق  معندوش كلام زايد   يرحم من قراء و ورى   يرحم لميمه اش جابت
Soutte w houdourre rai3
Tayara
Vrm sitkom raw3a dha7ek be dmou3
Tayara
N77eeeeebha yaser
Ya 3omriiiiii thebl
وليد التونسي راجل و سيد الرجال. الله يرحم امك
 !!!",1,Tunisia
5653,Tfatte9 bezzin,1,Iraq
5654,3alemiya,1,Lebanon
5655,لطفي العبدلي ... فخامة الإسم تكفي,1,Yemen
5656,Nhebhaaaa 😍😍😍😍😙😙👄💋,1,Tunisia
5657,برنامج عندي مانقلك دائما في تألق. ...تحية إجلال واحترام من بلاد المهجر,1,Algeria
5658,ھھھھھھھھھھھھھھھھھ موش نرمال تقتلللللللللللللللللللللللللل,1,Tunisia
5659,ياسر مزينة و فينو,1,Tunisia
5660,بدون تعليق أقوى رجل سياسة و نقطة وارجع للسطر,1,Algeria
5661,خير من نوفل,1,Tunisia
5662,معلم,1,Oman
5663,مرا كاسحة و ما تعرش تجامل ... نحترمها !,1,Libya
5664,M3alim y'a lotfi,1,Morocco
5665,jaafour ya maaaalem,1,Morocco
5666,Em3almaaa,1,Lebanon
5667,#bravooo....,1,Jordan
5668,ربي يكثر منك الناس,1,Tunisia
5669,تحياتي لهاتة الاستاذة.تحياتي لهاتة الاستاذة.تحياتي لهاتة الاستاذة.تحياتي لهاتة الاستاذة.تحياتي لهاتة الاستاذة. bel 9wiiiiii zadaa,1,Syria
5670,الله يعطيك الصحة خونا علاء ونشاء الله يتلم شمل كل عائلة,1,Morocco
5671,rabbi ikhallik si walid wallah rajel wsid erjel wzid barretli ala 9albi allah yarham weldik,1,Iraq
5672,Samiii wahdouuu,1,Tunisia
5673,"صوت رائع جدا و جمالها غير عادي :* صوتها متاع مباشر ماهيش كيما مطربات الماكينة و الصوت المضروب بالفلسة و المونتاج و التركيب و التحسين""",1,Tunisia
5674,راك معلم يا دلاجي,1,Algeria
5675,bravo,1,Morocco
5676,Machaa allah,1,Tunisia
5677,محلاه شيخ أسلوبو سليس ويدخلاك المعلومة بكل بساطة ويخلاك تحب دينك موش تخاف منو  إنشالله كل الشيخوخ يكون عندهم هالاسلوب وإنشالله ربي يغفرلنا في هالشهر الكريم,1,Tunisia
5678,nour <3,1,Saudi Arabia
5679,عزيمه + إصرار = نجاح . مدرسة من الإحسان ربنا يوفقهم,1,Egypt
5680,😍😍,1,Jordan
5681,يعرف شنيا يحكي,1,Tunisia
5682,تقتل ماشاءالله ربي يحميها الزين الأسمر وحدو,1,Algeria
5683,Mahlah ya3jibni barch,1,Tunisia
5684,يا سي جعفر اطلعة ياسر قلبك حنين,1,Tunisia
5685,ربي يعطينا شوية من قوتها و صبرها و عزيمتها .. 100 منها و تونس تجنّح .. ما أحلاك يا ليلى و بوس لي هندة و قول لها ان شاء الله لاباس <3,1,Saudi Arabia
5686,"محلاك مريومة كلك بساطة وتلقائية وقداش أعبتني في داري _x000D_
Bravooo karim 👏👏
Barvo
Rabbi itawel fi 3omrou moumethel ou 3lih leklem
M3alem
إحتراماتي
To9telll #khalsy
Ahsen moumathel
خير من هاك الماسط متاع سلام مسيو
Inta m3alem j3four
bravo walid (y)
ناجي جلول والله انت الراجل
Bravo Walid mais !!!!
Lim3lma
Kif n9oulou aymen n9oulou 3andou swayet 7outhour n9oulou ljamel l ana9a wel ebtisema ljamila_x000D_",1,Tunisia
5687,Bravoooo,1,Egypt
5688,tbarkallah alik yassine ben guamra,1,Tunisia
5689,Bravo sami,1,Tunisia
5690,Ya chi5 te3jebni wiklemek zin,1,Tunisia
5691,Bravo si era7mouni rabi eberkelek,1,Tunisia
5692,سي عبد الفتاح كﻻمك ديما موزون و في بﻻسطوا أما سايس عليهم شويا :-),1,Tunisia
5693,نحن نعشق الحوار التونسي,1,Sudan
5694,Bravooooooooooooo👍👍👍👍👍3alaa,1,Egypt
5695,أقوى عمل تونسي,1,Jordan
5696,ماشاء الله تبارك الرحمن,1,Saudi Arabia
5697,Mahleha kawnit mostakbalha min sorrha,1,Tunisia
5698,فنان هذا اكيد اما كان نشفوه في ديو مع كلاي يكون عندو اكثر شعبية.,1,Tunisia
5699,Bravo sami,1,Tunisia
5700,معلم بندير,1,Syria
5701,Ta7fon 3jbni,1,Tunisia
5702,En7ebha,1,Lebanon
5703,صطوفة لمعلم,1,Tunisia
5704,soutek bahi b1,1,Tunisia
5705,الصافي سعيد رجل بأتم معنا  الكلمة الحمد لله مازال عنا رجال يقولوا في كلمة الحق,1,Algeria
5706,t3jjibbni,1,Algeria
5707,ربي يوفقوا ..اسانده,1,Tunisia
5708,هاووو الجو بيدو محلاكم و ربي يخليكم 😚😘😘😍😍,1,Lebanon
5709,ما فماش احسن من الأخوة اللي تكون متفاهمة,1,Tunisia
5710,Ahla  walid  we  a7la  klem  bravooo n7ebek  we  7abitek  akther,1,Syria
5711,3aychoucha  dima 7lowa,1,Morocco
5712,روعه حلقه هدي بجد,1,Egypt
5713,سبحان الله برافوووووووو,1,Morocco
5714,اكثر منوا الناس,1,Tunisia
5715,Ja3four y m3a'em,1,Tunisia
5716,moumtazin,1,Tunisia
5717,محترمة و رزينة,1,Tunisia
5718,نور شيبة ... فنان ناجح بأتم معنى الكلمة ، وهرة و قد .. يا نور الله و أحد,1,Tunisia
5719,rajel w sid rjel,1,Tunisia
5720,Lama 7louwa,1,Lebanon
5721,tbarkala 3lih....,1,Lebanon
5722,معلم واالله برشا حب ورومانسية اما لقطة نرفزتني كي قاتلوا عايلتك تحشم بصراحة موجودة في واقعنا هاذي الله غالب,1,Tunisia
5723,Machalla allah allah iberik,1,Tunisia
5724,اداء رائع.. ابداااع قول حقيقة👌👌👍,1,Egypt
5725,نحبها برشة.,1,Tunisia
5726,mààlém wlha yààjbni ànà,1,Morocco
5727,لصفي يا خشين  انت احسن كوميدي ناجح,1,Tunisia
5728,A7la ja3four mnawer esahra,1,Morocco
5729,ta7founa,1,Tunisia
5730,7lowa lfaza,1,Lebanon
5731,رجل تونس الأول,1,Algeria
5732,أنا نحبها بزاف كوثر,1,Algeria
5733,Hhh raw3a,1,Tunisia
5734,M3alem ka3four,1,Tunisia
5735,Bravoooo amine 7al9a tayara 3al le5ir,1,Tunisia
5736,Testa7a9 eta9dir,1,Morocco
5737,ماشاء الله ....عسولة,1,Saudi Arabia
5738,Macheallah,1,Algeria
5739,Bravoo,1,Iraq
5740,7lowa barcha,1,Syria
5741,وجيهة الجندوبي ما انّجم نقوللها كان برافوووو و بتوفيق نشاء الله ^_^ <3,1,Libya
5742,Machaallah aliha,1,Tunisia
5743,ووووووووو ما اجملك,1,Yemen
5744,Wajha dima mnawra,1,Morocco
5745,Mahlaha 3aza,1,Tunisia
5746,محلاااه ههه,1,Tunisia
5747,Bravo bayram,1,Egypt
5748,"مريومة معبودتي الجماهير_x000D_
Mechala 3elihe
Bravo wallah
ti3jibni il moumthla hathi barcha  i9wiya
mrigel  :D
إن شاءالله من حسن إلى   :* <3 أحسن",1,Tunisia
5749,انا نحبها بااااااارشا وهي  بالح فنانة,1,Tunisia
5750,Ma7lekom yasir mwatin b3dhkom,1,Morocco
5751,Bravooo wlh ta9a incroyable,1,Syria
5752,ربي معاها  و انشالله  ربي يحمييها .,1,Libya
5753,Bravo walid,1,Jordan
5754,"جعفر انت انسان _x000D_
Bravooo ye sid irrajjéla :)
Bravo sami tjr au top ☝🏼️❤️👌🏻🔥🔥
باهي
Ma3alm chkib barvo
معلم و ولد بلاد يا #غالي 😃
صوت ممتاز
Wallah fra7tlo barchaaaaaa winchallah rabi isahel lel nas kol
ماشاءالله علها كل ما تكبر تزيان و تحلا مرا و علها الكلام
Bravo
Moumathla mo7trma w mobd3a tcharef tounees <3
BRAVO NAJI JALLOUL RAJEL
وحدك يا بن ڨمرة راك ڨمر يا فوزي واصل في ضيائك و بريقك
يا وجيهة ممشيتش نتفرج اما حكاولي يعطيك الصحة
Bac -4  hhhh
موهرا يا محرزية
Moi bravo  douja
فله الجزايريه ♡♡♥
تحياتي انت  مواطن يلزم يتعلمو منوا باااااارشا عباد و يكون مثال ليهم و قدوة ....  رسالة ياسر حلوة   شكرا  شرفت تونس
m3alleeeem wallah maaah edho7kaaa ml 9allbbbb
Ta7fouuuuuuna barcha bravoooo
3ebdelli 3alami m3alem wahdou sahbi no9ta waarja3 ila satar
يا معذبهم... الي يسكتو يحاسبني. ههه
.3salllll<3
راجل و عليه الكلام أما دلالو جا علي لطفي
يامعلام ياعجبني برشاء والله
جعفور بصراحة تبقى اقوى واحد و اعز بشر في تونس محبوب من جميع الجهات خاطرك متربي و عمرك متعديت حدودك حتى مع جيهة برافو
Bravo
Bravoooo ja3four  sadek sadek fi klamek Rabbi ikhalik il ayeltek
وحدك يا جعفر فى الادب والاحترام وعلى قد ما يجيبوك فى التلفزة ما تفددناش كى برشا وجوه
bravo ministre neji  jaloul
rouhi balti <3
M3alem
3sal hhhhh
متألقة على الدوام
M3alem dima 3andk maw9ef 7lowa barcha  <3
M3ak f klamek bravo.
Ma3azha maryouma
مشرف تونس و ناجح 
نوفل احسن
تحفون ههههههه 😂😂😂
رجل  صادق
نحبها ونموة عليها
تعجبني في المسلسلات
Ja3four l a3mel el 5ayriya bravo
ahmed moumtez ama yelzmek tzid te5dem w tzid thamed des bonne klip chapeaux lik w matansech wasel
خمس و خميس عليه
3sal <3
ماشاء الله عليكم
نحن نعشق الحوار التونسي
برافوا  سامي  بربري  زيد  علمهم  ااحب  كيفاش .فما  برشا  مصطكين  ما  يعرفوش  يحبوا  والا  يعاشروا  .برافوا  زيد  علم  ااجبورة معني  ااحب
Tayara
Bravo sami rabi iwaf9ek
3asoula <3
Jafour kadekch bahi woutdhak itni ani el ghoma
Bravoooooooo
ألفة بن رمصان..فنانة و نصف..أبدعت <3
محله
Rajel mouch fi wejhek 5asatan fi maouthw3 El métliine
معلم شكيب
Tbarkalla 3liha tofla baravo 3liha bellehi lawa7 3likem kol 7aja ta5l9ou menha 7keya bravo 3liha rabbi i5alihelik
سهرة تحفونه و شبعة جو
منشط متربي و مثقف ومن الاحسن ييد ينشط لابا ل
Waw
من الناس الي نحبهم ونحب نتبع أخبارها
Ma7lek nour dima 3amel jaw wtha7ka dima mawjouda rabi ya7fthk wi3alik #feirouz
ِصوت رائع ....
جعفور ولد حومتي الغالي ربي يوفقك فنان رائع وانسان اروع ربي يعطيك على قد قلبك
Bravo Mr le Ministre,
m3alem
ANA NHIBHA
برافو وليد على موقفك ونتي من فننانين إلي إشرفو تونس
Bravo 3lik ya kafon.
Bravo  bader  ya3tik essaha
2wlad moufida Kol lila raw3a bravo ya sami
Hsinn dik raw3a raw3a raw3a..wt3adet 7al9a 3alamya...
Rajel ou m3alem
Bravooo
tayaaaaara w ta3jebni cha5siyetha
3sal asel
ماحلاها الرجلة و محلاهم لخوات كي ياقفو مع بعضهم برافو 😊
3asal
Mahleeeehom <3
صوت جبار
wahdeeeek ja3fouuur tahia kbiiiira mn dzayer lik :*
Ya3tiik essa7a hananan
3aychouche klemek 3sal nawaret el checha w nawaret amine gara ;-)
يا معلم
يعجبني برشة المسلسل ويعجبوني الممثلين الي فيه وربي معهم وبرفو
جعغور المساند الرسمي للنادي الافريقي
raw3a bravooooooo
امرأة  بالف رجل  😍😍😍😍
فنان متألق إنشاالله ربي يوفقه
Walahi m3alma
Bravoooooo tamthil  tayara mahlehom
معلم
نحن نعشق الحوار التونسي
jafour enta m3allem
شكرا علی موقفك الصادق و الصريح و الصحيح في ما يخص المرخوفين"" بأنواعهم  و دفاعك علی القِيم الإسلامية .. و ماعادش تغنّي كان كيف تبدا وحدك :p",1,Tunisia
5755,فنانةراقي ويستحق كل الاحترام تي هوما فنانين شلاويح ويحكيو برواحهم ااف تحية للكبير صلاح مصباح,1,Tunisia
5756,جعفر معااااااااالم,1,Sudan
5757,أنا نحب أولاد مفيدة,1,Libya
5758,برفو سي  الناجي,1,Lebanon
5759,Bravo sami,1,Tunisia
5760,m3alim borjolia 😂,1,Morocco
5761,انا عجبني المسلسل اما نتفرجو وحدي برك ماش مع العايلة صراحة :),1,Tunisia
5762,bravo w ahsen whid el prinz w sabri,1,Lebanon
5763,Bravo bravo,1,Tunisia
5764,جعفر محلاك انت حليت سهر والله,1,Tunisia
5765,الصراحه باهية برشا وقدامها مستقبل كبير  ربي يوفقها,1,Tunisia
5766,نعشق صافي سعيد وانتخبتو في الرئاسية ^__^_x000D_,1,Tunisia
5767,Raw3a raby ya3tik ajmal imraaa,1,Saudi Arabia
5768,em3alem ha4a malike el coumedya houwa ou ja3foura b1 sur ou rabi iwaf9ik :* :*,1,Tunisia
5769,Maître ya maalem,1,Lebanon
5770,Ye chikh wallah m3allem,1,Tunisia
5771,عسسسسولة محلا ثينو,1,Tunisia
5772,Wa7dek ya m3alem,1,Lebanon
5773,m3alem ya si neji,1,Tunisia
5774,hhhhhhhhhhhhhhhhh 7louuuuuuuuuuuuuuuhh,1,Iraq
5775,إنت معلم يا جعغور,1,Egypt
5776,Ma7la zinek wjiha jandobi binseba liy akber momotala fi tuinis bz,1,Lebanon
5777,يا جعفور يا معلم راني نحبك و ربي معاك يا خويا,1,Algeria
5778,bravo rajel,1,Morocco
5779,bravooooooooooooooooooooooo walid (y),1,Egypt
5780,Ana nehibha bezaf,1,Tunisia
5781,في كلمة : معلم و تمنيت كان كملت شديتها من شعرها راك برتلي قلبي على قاعدة,1,Algeria
5782,يعرف آش يقول و واثق من روحو,1,Saudi Arabia
5783,Wlh wahra beki jiba,1,Lebanon
5784,ظهور جيد جدا ولوك جديد حلو,1,Sudan
5785,ههههههه عجبتني تمعوق كيف القطيطسه,1,Libya
5786,houwa soutou 7lou,1,Lebanon
5787,5amssa w 5mis mnawra mryouma,1,Morocco
5788,برافو وليد انتي راجل و نعتزو بلي عندنا فنان كيفك يقول كلمة الحق 👍👍👍,1,Algeria
5789,برافووو ناجي جلول,1,Lebanon
5790,جعفر احسن ممثل بتونس,1,Lebanon
5791,Bravo raw3a enmout fiha walh 3andha mostakbel kebir,1,Tunisia
5792,Ahla  wlled  mofiyda,1,Lebanon
5793,Bravo,1,Modern Standard Arabic
5794,Ana bakit barvoooooo samiiiiiii,1,Morocco
5795,بالرجولية بردتلي على قلبي يا توفيق برافو كلمتك اتقولها,1,Egypt
5796,ملا لطفي وملا جو معاه,1,Tunisia
5797,محلاها ممثلة ممتازة اخلاق وخلق ادوارها الكل راقية,1,Tunisia
5798,Chbik 3saal bou zink,1,Syria
5799,Top top top top top top si Neji jalloule ربي يوفقك لاصلاح المنظومة التربوية و لخدمة تونس,1,Tunisia
5800,"درة والي من خيرة الاساتذة الاتي تكونت على ايديهن._x000D_
Bravoooo khadija
ياسامي احلاه بنات. عندك هك البتيسام عندهم ربي يحفضهم من العين الحسيدين يارب ويخليهم
Ui yeser 7louwa la9ta bravooo louled
أحسن ما عملتوا
2atyeeeb ensaan fi denyaaa
أحن إنسان على وجه الكرة الأرضية
M3alem w weld jam3iya
محلاك يا ريم
انت رجل البلاتو الليلة 👍👏👏 براااافو وليد
Kilma wa7da mousica tayara #bravo
كل ما تقدميه رائع وجميل وانت دائمة التألق (حافظي على جوهرتك الثمينهالحنجره"") ادام الله تألقكِ.  أحلى أمونة في وطن عربي",1,Tunisia
5801,برجولية راجل ومعلم والله لا كنت نتصورك هكا bravo,1,Tunisia
5802,Ya m3alem,1,Tunisia
5803,Hal9a hlowa barcha,1,Morocco
5804,أحسن مسلسل,1,Palestine
5805,"Eu_x000D_
Kelem gamil w kalem ma32oul ma2darch a2oul 7aga 3annou 😋
Bilha9 bravooooooooooo walah bakatni
Wallah 3asal
بصراحة ما شاء الله عليه حسين الديك آش خلا الجمهور التونسي باش يهبل في جرتو
m3allem
Ekhdem Ala rouhou rabi y3inou ama edakhel f rouhou f kol chay w zeda kathrelha b tdhoumir ;)
M3aalim ja3four charaftna barcha bithourik w inti li halit sahriya 😚👍
wlahi rajel ya walid bravo
Nmoutou 3lik ya fannena wa7dek
عجبني الستيكوم
اللي يعجبني فيه نور شيبة ياسر يذكرنا بتراثنا التونسي 👍👍
Bravo amino bravo hiwar tounsi :-*
❤❤❤
Klem ma39oul ya3tih essaha surtout ki 9al lzina estefti 9albek bvo
Ma7lek ya 3aichoucha
Bravo
Raw3aaaaaaaaaa dima b wahartek 3zaiza je t'aime <3
Wlh chappeau lotfi 👏
Karim el 8arbi bravo ♥
Bravo walid
احلى حلقة كيم قال هشام الخلصي رجعتنا لزمان نجيب الخظاب
Bou zinek amouna <3
تباركالله عليه هاو الوالدين بالحق
Non pas de tout .tahfouna
M3alem
معلم جعفور
Lotfi yamhabilhom,,wa7dk yam3aaaaalem
عنا منك كعبة برك..بربي رد بالك علي روحك خلينا ديما نضحكو في جرتك
راجل والناس زادت حباتو على مواقفو الرجولية ._x000D_",1,Tunisia
5806,تحية و تقدير لهذه البنت الشجاعة و نقلها راو مزال الخير في الدنيا و خليك قوية و راك دخلت في قلوب التوانسة و إنشاء الله ربي يشفيك,1,Algeria
5807,Magnifique n7ebbek,1,Morocco
5808,Bravo sami,1,Tunisia
5809,N7ibha barcha mahlaha,1,Morocco
5810,Nour Chiba a7la fannen nchallah dima m'en 7asan ils a7san wrabbi m3ak yq a7la fannen,1,Tunisia
5811,Bravo karim Elgharbi ❤,1,Morocco
5812,Mahla soutek maryouma,1,Morocco
5813,تحية وتقدير لك يا ناجي جلول,1,Modern Standard Arabic
5814,M3alllm,1,Lebanon
5815,احلة ليلة خصتن كي مسكتتش المقداد شكيب رجل متربي برشا ٱو يعرف كيفاش اوصل المعلومة,1,Tunisia
5816,Raw3a,1,Tunisia
5817,rana m3ak ya walid,1,Tunisia
5818,"Moch normel _x000D_
Mnawra el telvza
مليحا
Limra ikmith9fa w ilmobd3a w 3andha thi9a fi rou7haa ma7leha
Tbarkallah 3liha Fe kol chy ta3ref kefech ta7ki
bravo
A7la chila
A7sen site com bedmou3😂😂😂😂 tik sa7a semi
برافو وليد  كلمة الحق تتقال حبا من حبا كره  من كره
Berrasmi tbarkallah 3liha 5w5mis
برفوووو جعفور ..انار الله دربك",1,Tunisia
5819,Barhoum <3,1,Syria
5820,سيدة المسرح ♡,1,Yemen
5821,الحمدلله يارب....ربي يقويها ان شاءالله .الاعاقة ماهيش جسدية ..قد ماهو اعاقة وسواد قلوب وعمى بصيرة.برافووو,1,Yemen
5822,Safi y'a m3allem,1,Morocco
5823,bravoooooo,1,Iraq
5824,تعجبني,1,Iraq
5825,3jbni brav,1,Tunisia
5826,Classe barcha wajiha 💚,1,Jordan
5827,ta7founa,1,Tunisia
5828,الشيخ عبد الفتاح مورو انت معلم و احنا منك نتعلم,1,Tunisia
5829,تربية  و أصالة يباركله عليه,1,Tunisia
5830,3saaaaaaaaaaaal hhhhhhhhhhhhhhhh :p :p,1,Tunisia
5831,Raw3a,1,Tunisia
5832,wow raw3a,1,Tunisia
5833,محل لك يا وجيهة أما أنت راك فنانة هلامية بلاثتك موش في تونس علاش ما تعملش كيما سناء كويس عفوا سناء يوسف,1,Tunisia
5834,Lamine ya m3alem.,1,Morocco
5835,متربي و باهي,1,Tunisia
5836,معلم و تبقى معلم. شخصيا حواراتك تجلب أغلب التونسيين. كاريزما عالية.,1,Algeria
5837,Bravooo :) ;),1,Oman
5838,":-* <3 bravo""",1,Oman
5839,صوت جميل بارعة في التقليد تبارك الله...,1,Libya
5840,سيدة مثقفة حكيمة و اخلاق عالية و مدرسة في فن الخطابة و الاسلوب الحواري المتحضر المرتكز على الاستماع الجيد و حسن التحليل و تالتفسير و التعليل  هذه المراة التونسية .,1,Tunisia
5841,المعلم يبقى ديما معلممممممم,1,Egypt
5842,Bravo,1,Modern Standard Arabic
5843,برافو ماكسي على دفاعك على الفن من العفن الفني، الى الامام.,1,Tunisia
5844,Ahla mariouma,1,Morocco
5845,بية ماشية وتصغار تبارك الله عليها زعمة شنية السر,1,Tunisia
5846,Vraiment zeyintu plateau me7lekom w tha7ktuna barcha,1,Iraq
5847,M3alma bent lgas,1,Morocco
5848,برافو ولييييد نحبك و اليوم زدت حبيتك اكثر ... معلم,1,Lebanon
5849,Tout simplement m3alem,1,Morocco
5850,bravo,1,Morocco
5851,Mahla zinekkkkkkk,1,Syria
5852,Tbarkallah,1,Syria
5853,أحلى جعفور...احلي تلقائية و احلي ضحكة ديما متميز و قريب للقلب 👍,1,Egypt
5854,Thabel se3a,1,Algeria
5855,Bravo naji,1,Tunisia
5856,bel3aks ye3jebni tamthilha <3,1,Saudi Arabia
5857,Ahla mounachite courage,1,Algeria
5858,Rajiiiilll,1,Morocco
5859,محلاها أنا تعجبني برشة  وهي فنّانة أنيقة ورشيقة ربّي تنجّحة في خدمتها و من كلّ خطر,1,Tunisia
5860,Brvou sami ilfihri ichalla rabi ywaf9ik,1,Tunisia
5861,y3tikom essha mech normal,1,Morocco
5862,برافو صحبي ابن القيروان,1,Yemen
5863,برافو على مسلسل اخوة و زمان,1,Saudi Arabia
5864,tbrklh 3leha rim rye7i w ena men akther enes ely en7ebha 3ala 5terha moumathla yeser ta7founa w zid adwarha elkol ye3jbouni allah wahad 3lik ya rourou zeyed m3ak w7dek el7asilou w rani nestana fi mousalslik ejdid w nchaj3ek  w bravo <3,1,Tunisia
5865,Bravo walid افحمتنا هذا هو التونسي الاصيل ولد البلاد في رده علي الرذالة  وانحطاة الاخلاق الي يحبوا ينشروها في مجتمعنا وفي اجيال المستقبل  لتونسنا العزيزة,1,Tunisia
5866,وليد يا معلللللللللللللم,1,Egypt
5867,hhhhhhhhh ma7laik karim,1,Tunisia
5868,طاقة صوتية و صدق مشاعر.,1,Saudi Arabia
5869,اقوى لقطه,1,Yemen
5870,Inmout 3lik y'a nour el8ali omnity nsalem 3lik rak mnawer tounes <3<3,1,Saudi Arabia
5871,انت معلمة,1,Sudan
5872,ma7lahom bou zinhom :*,1,Syria
5873,A7la kafon,1,Syria
5874,7al9a ta7founa w amine na3rfouh m3alem,1,Morocco
5875,ماشاء الله ياماما,1,Saudi Arabia
5876,ya m3alééééééééééééééééééééééééééééééééééééééém 3titha laka lotfi la3meri la ta9ra la téktéb barétli 3la 9albiiiiiiiiiii allah ybérklék,1,Tunisia
5877,nmouuuuuuuuut 3laha,1,Algeria
5878,Ma7leha lfaza tkoun mathal lbarcha 5wet,1,Tunisia
5879,ماشاءالله عليهم البنيات ، يفرهدو عالقلب ، هاجر وهند ، محلاهم محلاهم ، وربي يحفظلهم بوهم ويلم شملهم على خير من احلى حلقات البرنامج _x000D_,1,Tunisia
5880,عجبتني برافو,1,Algeria
5881,احلى كوميدى فى تونس,1,Egypt
5882,تهبل,1,Algeria
5883,ممثلة ممتازة نحبها برشا,1,Tunisia
5884,<3,1,Saudi Arabia
5885,انت معلم و احنا منك نتعلم,1,Palestine
5886,Bravo bravo malla kadija pourtant dawrha sa3ib,1,Tunisia
5887,Bravo bravo nchalla dima haka wasel,1,Morocco
5888,صدقوني اجمل واحلى حصة تعدات في عندي مانقلك,1,Palestine
5889,Chapou lik,1,Morocco
5890,bravo  ya  sin  ma7lak,1,Syria
5891,Bravo bravo,1,Tunisia
5892,الحمد لله يا ربي,1,Sudan
5893,ممثلة من أفضل ممثلين في تونس إلى أمام,1,Oman
5894,A5le9 3alya yesser Bravo wajiha #Respect <3,1,Tunisia
5895,معلم 👍😉,1,Jordan
5896,Malla look ya ryym mahlek w 3jebtniu ki rakzt 3la hkeyt yasine,1,Tunisia
5897,Bravou 5adija m3alma wbint m3alem walah,1,Tunisia
5898,ههههههههه ياااااا معلم ههه :-) :-) :-) :-) :-),1,Egypt
5899,yeser mtwath3a chapeau,1,Morocco
5900,تستحق كل الاحترام و ربي معاك,1,Tunisia
5901,راجل وسيد الرجال,1,Tunisia
5902,محلاه دور حنان  وكريم الغربي,1,Tunisia
5903,Raw3a,1,Tunisia
5904,اصل الزين في العينين والعينين في السمره,1,Yemen
5905,bravo....semi,1,Tunisia
5906,سكاتش تحفونة برشاااا (y),1,Tunisia
5907,Nmout e3lha ta7founa,1,Morocco
5908,حلقة جميلة,1,Saudi Arabia
5909,9wia m3alem nwartna,1,Morocco
5910,hahouma il fananin wala lawa7,1,Syria
5911,ما باهي في الحلقة كان امنة جمال صوت ممتاز و قوة شخصية المثال الحقيقي للمراة و الفنانة التونسية الناجحة الله يوفقك امونة :*,1,Tunisia
5912,Bravooooo,1,Egypt
5913,أنا بالفعل مذهول بإجاباتها الديلوماسية هذه المرأة التونسية ولا لوح,1,Oman
5914,Wlh chapeau lihm,1,Tunisia
5915,Borjliya ma7lakom,1,Tunisia
5916,Ya3tini doda 3assola,1,Tunisia
5917,تحية للاب المناضل,1,Iraq
5918,Te3jebni fi tamthil Wajiha <3 w hiya bel7a9 hiya 'Soltanat Masare7 ' (Y) 9alou 'Chams din becha' Hhhhh :p,1,Tunisia
5919,نور شيبة وين ما يكون ديما ناجح ملا وهرة و ملا فن محلاه عندو تسمع التراث و الكلمة الحلوة المنسية,1,Tunisia
5920,Masetttttttttttt,1,Sudan
5921,Amin tbarkala weklem enes ahla ma4ir maya hhhhh,1,Tunisia
5922,Ena nhebha,1,Lebanon
5923,Bravo ja3vor,1,Tunisia
5924,نور على نور يا نور شيبة محلاكم و محلا جوّكم,1,Tunisia
5925,Walah rajel,1,Morocco
5926,معلم,1,Oman
5927,بصراحة مسلسل هبال يعطيكم الصحة,1,Algeria
5928,مشاءالله على صوتك وانت بكلك محلاك يا اميمة بالتوفيق انشاله,1,Lebanon
5929,محلاه لكلام لي قالو  يرتح و يفرح و يبشر بالخير,1,Tunisia
5930,3alami bravo...,1,Morocco
5931,مشاء الله,1,Saudi Arabia
5932,مبدع شريف رجل قانون نزيه ربي يوفقو,1,Tunisia
5933,M3alem,1,Lebanon
5934,bsara7a barvooo 9anet etounsia a7la 9anet dima dhou7ka mawjouda,1,Morocco
5935,معلم والله ربي معاك,1,Tunisia
5936,Bravo aychoucha👍,1,Morocco
5937,3sal,1,Oman
5938,3asel,1,Egypt
5939,معلم,1,Oman
5940,Ilmoutour raw3a,1,Lebanon
5941,Ma7lékom,1,Morocco
5942,نحن نعشق الحوار التونسي,1,Sudan
5943,Thabeeeeel w n7ebek brcha ka moumathla w ka masra7iya,1,Lebanon
5944,7lowa,1,Lebanon
5945,Bravo sami,1,Tunisia
5946,ربي يكثر منك الناس,1,Tunisia
5947,نموت عليك :*,1,Tunisia
5948,Ro7o 5afifa,1,Morocco
5949,Nchallah rabi m3ak nhebek barcha,1,Iraq
5950,Inta m3alem w a7na minik net3alam. Rak soltan il masra7,1,Tunisia
5951,بصرحة كلام صحيح علي خاطر عمرنا ما بش نقدموا بي دون مصلحة .وربي مع تونس,1,Tunisia
5952,طيارة,1,Syria
5953,rabi  yonsorkom   kanet  raw3a,1,Syria
5954,فنانة رائعة وصوت كبير تذكرنا بالزمن الجميل  زمن الفن الراقي والمحترم  أخوكم من ليبيا,1,Jordan
5955,مروى العقربي طفلة مزيانة او متخلقة او نقلها برافوا واصل,1,Morocco
5956,Mobd3a,1,Lebanon
5957,Bravo,1,Modern Standard Arabic
5958,امرأة فاضلة,1,Iraq
5959,Nnn wlh thfouna mouch normalll,1,Morocco
5960,انا نحبها و خاصة في شوفلي حل,1,Tunisia
5961,ريم الله يبارك عليك راكي غير تزياني وضحكتك عسولة كيفك,1,Algeria
5962,bravo ناجي جلول,1,Tunisia
5963,Bravo 👍wahdek,1,Qatar
5964,Braavooo wlh rajel,1,Syria
5965,A7la ja3four,1,Tunisia
5966,Bravo sami,1,Tunisia
5967,نورشيبة ...... امير الفن التونسي .....مش ملك الفن ....,1,Tunisia
5968,ممثلة ناجحة و محترمة و مهضومة. برافو وجيهة و ربي يوفقك .,1,Lebanon
5969,والله جعفر القاسمي إنسان خلوق و لا يستهزئ بالناس ولا بالجهويات وهو ضااامر و بشوش,1,Libya
5970,Mahlhoum l5weet kii haka <3 faza tbakii,1,Tunisia
5971,بنات سامي الفهري عندهم مستقبل كبير في التمثيل برافووووووو,1,Algeria
5972,toufa erjel ba3dek  ya jlayel bravooooooooooooooooooooo,1,Syria
5973,Yhabel raw3a,1,Yemen
5974,Kafon w5ye barjlya m3lim,1,Morocco
5975,Mahléhoum l5wet ki haka,1,Tunisia
5976,من حلقة إل حلقة يتحسن واصل،و ردبالك يغلبك في الحوار لطفي،دافع على رايك,1,Tunisia
5977,Bsara7a tayara barcha😍,1,Tunisia
5978,ممثلة من الوزن الثقيل,1,Algeria
5979,Bravo,1,Modern Standard Arabic
5980,محلى صوتها,1,Egypt
5981,walah  wahdik  ya  lotfi  nes  lkol  y7ibouk,1,Syria
5982,ta3ref adwarha fi tamthil ken bka w ta8rid,1,Tunisia
5983,يعطيك صحة,1,Algeria
5984,هذيكا المعلمة أنا نموت علها ونتمنی نحضرلها في مسرحية,1,Tunisia
5985,Marwa dima met2l9a ou yeser hlowa ama 3lech dima sekta :),1,Morocco
5986,Merci nawfel ki jibt a7la fanana fi starac a7la i7sas w a7la a5lak nchalah ta3mel haja kbira fi 7yatha courage ma puce,1,Tunisia
5987,ممثله قديره,1,Yemen
5988,عسل عسل,1,Saudi Arabia
5989,عندو شخصية كلامو الكل حكم...منور يا شيخ,1,Tunisia
5990,m3alam,1,Tunisia
5991,رائعة و متألقة دائما ...,1,Algeria
5992,M3alem,1,Lebanon
5993,3alami bourjoulya,1,Morocco
5994,Ya 3aycha ena inhebek ama birsmi ikbes rouhek chwaya,1,Tunisia
5995,Bravooo ❤,1,Iraq
5996,Thaaaabel w math5emha w mo7tarma w bkolha ser w kamouun ♡♡♡,1,Yemen
5997,وليد التونسي يا معلم، والله يبرد عالقلب هالنخبة المثقفة يحبوا يدخلوا التوانسة الكل بكبيرها وصغيرها لجمعية شمس,1,Tunisia
5998,برافو فوزي.,1,Morocco
5999,ui te3jebni barchaaa,1,Tunisia
6000,على حليلتها أمونة ربي ينجحها,1,Tunisia
6001,"Bravo bouhmiid _x000D_
bravo chawket
WA7DIK  YA  JA3FOUR
ما شاء الله
برجولية عجبني صوتها كان غنات انت و بس الي حبيبي
jib essalhi ya m3allem
رائعة
Ma7lek
بلاغة و صياغة
Ma7leh w ye3jebni ama kadhrelha lyoum
امراة صريحة.+.مثققة...+...بشوشة...جدية ...+..محترمة..=محرزية عبيدي..
ابداع
Machal
Ma7lek ama temchich tatla3 enty weld chrif
Tè7founè
Jandoubiya w 3liha lkleeem, bravoo (y)
raw3a 3jibni ana w 3ayilti 3al li5er.Bravo sami.w kol min mathel fih.
Bravo walid rajel sid rjal
خويا علاء ربي يحفظك وحصة عندي ما نقولك تجمعنا كل جمعة  ربي يعطيك صحتك وسلمنا على الفهري رانا توحشناه رانا ايام دليلك ملك
Malem (y)
lem3alem
جعفر القاسمي إنسان مثقف خفيف الدم الله ينجحو
أحسنت كافون واصل
جعفور  واصل 😘
انت معلم و تعرف تتكلم ووحدك في الوهرة و رد بالك من اللبلابي راهو يسمن
Hhhhhhhhhhhhhhhhhhhhhhh dhamer yasser
Behya mouch 5ayba
تمثيلها باهي .. اما يا وجيهة التواضع باهي راو رانا جيران
Ye3jebni barcha moro w klemou s7i7
Bravo wlh (y)
Nour Chiba sout w wahra l7out 3lik
الدور متاعها خلاها هكك اما محلاها في طبيعتها كوثر بالحاج بالاخص عندها ضحكه عالميا
برافوو نور
عجبتني لموتور لكببره لسرقها براهيم
احسنت سي جلول
لطفي العبدلي من احسن الممثلين بالمسلسلات الهزلية .. بالتوفيق لك
امين قارة باهي لكن علاش نوفل ماعادش هو ينشط
Bravo
Walha inhbik  wasel fi  3amel
bravo 3likom 😊
أحسن سيتكوم
Ma7lahom
الحمد لله يا ربي هاذي الحلقة تعدت خفيفة و تحفونة منغير الهرج متاع السياسيين يعطيكم الصحة ما فقتش بالوقت كيفاش تعداا
mnawer chiikh
يعطيك صحا
بسم الله. مشأالله
Bravo
Bravo Si Walid
Kollou aassal mousalsil
m7lek :*
Karim mahleh  ye3jebni ena
Zina ma7lek w ma7la tbi3tek, machallah 3lik spantanée weli fi 9albek 3ala lsenek ma traja3hech l tali, bonne continuation :*
Wlh 5ir mel werteni
Rajil wi3lih liklem rabi yostrok
احتراماتي ليه انسان محترم و مبدع
Ja3four ma7lek oi ma7la idmarik inti il im7ali italvsa oi ena n7bk barcha oi  heoi mouch 5ayeb oi i7eb i3anet ines bravo
N7ebha barcha
نحن نعشق الحوار ت
hhhhh 3ejbetni Maya Ksouri
Thabel :*
Soltan c vrai houta 3lik
معلم 👏👏👏
حشيتهولهم   bravooooooooo
معلم
تعرف تمثل و بربي برنامج الشرطة عدوا جبوه
Bravo walid andek ekhak tkoum nakesna ken hal mawdhou3
برافو وليد
wahdek ya rouhi zyed
3ejbetni maryouma bravo
Dhamer yeser tahifa maelem
جعفور معلم
Chab3a th7ayek bravooooo
صراحة سي مورو تعجبني برشا كشيخ إ سلامي أما السياسة خاتيتك
Rabi ikhlihom
tbakalah 3lik walid raw3aaaaaaa
برافو ملك التتويجات
Mashalla
تفرض الاحترام
Wa7dak ya m3alem
Mraa class
Ma7leh bayram  wlh mch nrml
تبارك الله عليك يا للا محلاك
rjel :like:
BRAVO
Zayed ma3ha
Idhe7ko barcha w 7eja 7lowa 👍👍
يعطيها ألف صحة، أطربتنا  بصوتها الشجي الرائع و بخجلها و حيائها و الله ممتازة.
tayara ya sami cinq et je dis
M3allem zayed
Maaaaaaaaaaaaseeeeeeeet b 9ilet torbitou tajem tdha7ek la3bed b torbia
wa7dek ya m3alem ya mwaher tounes
Sahra 3alamiya
Braaaavoooo etheke lklem s7i7
انا قبل ما يعجبنيش برشا وليد  اما الليلة حبيتو
Neji jalloul a7sen wzir chefettou touness enchallh ysaaybouh es7a7
اه كان جاء عنا منو في تونس_x000D_
كلام  ناس برنامج كبير
Machala...bravooo
جعفور ديما متألق و عجبني كلامك و موقفك ليوم برافووووو
محلاها سامي. ام مش يغدر بيه
ربي يفظلك لميمة
Ma7leha te3jebni personelement
M7lehom l5wet m3a b3thhom
Bravo
Yaaaa mala jwww 😂😁😈😁😁😂😂😂
من احلى النساء و محلى ضحكتها هذي النساء برسمي اناقه و عقوليه وتربيه راجلها خذا و ربح
نحبك جعفور انشاء  الله ديما متالق و ناجح
M3alma
Wa7dek y'a sofi
تبارك الله عليها، موش عارف اش باش نوصف ^^
Sitcom raw3a raw3a bravo l'EL équipe elli 5edmouh elkollll
نشالله الممثلين الكل يوالو كيفها
Bravo shakib sa7it (y)
جعفور المعلم ديما محفلها .. نور شيبة زادة رائع في الغناء و الجو .. بية الزردي ماشاء الله عليها قد ما تكبر تزيان .. نحييكم محلاكم الكل ✌👏👍💖💖
يعجبني و نتمنى  يجيني يغنيلي في عرسي
جعفووور يا باهي محلا طلتك  😀😃😍😍😍😍
برافو مقداد صمتك في بعض الاحيان  و عدم ردك على بعض تدخلات الحاضرين معك يوحي باجابة ترضي المتفرج ....
To9til...ya3tikom esa7a
توفيق فكاهي و نقلوا برافو خاطر تحسوا شعبي و يحب يفرح الناس و المبادرة لعملها في الحبس منذكرش شكون عملها و لا حاول يخمم فاها
Karim garni vraiment bravo
WAHDAK YA JALLOUL
ماشاء لله
تقتل من الزين نيالو اللي بيش ياخوها
Bravooo amin
ممتاز طيح على الكل
ماشاء الله
تستحق الاحترام و اكثر ....سياسيه محنكه ....
southa helou w mezyna zeda
a7la nesss rabi ya7mikoum
hhhhhhh bravoooo ya karim
أمسط مخلوق في دنيا قعد كان يتشاخص على زوالي كيف يبدا بحذا صلاح مصباح يبدا يسلك فاها معاه (•____●
Wallah mahleh se3a dhamer mech normale <3
نموت عليها نجلاء تعجبني في شخصيتها و كلامها و خاصة تمثيلها
وحدك في الوهرة يا أمين قارة
ma7leh barhoum
bsara7a m3allem
Bravo walid haw rjoulia
Bravo amine
وليد التونسي رتحت علئ قلوبنا الليلة برافو ..
n7ebhaaa <3
wahdek olfa
برجولية تبارك الله عليه راجل و أنيق و متربي ... و يزيو من التنبير عليه .... شنية على خاطرو مزيان هبطتو عليه
Te3jeeeeeebni y weld rbat ;)
Mashallah
Mahlek ya emouna raki asal ikater
T3jebni ma7lak
تحية وتقدير للقاضي الشريف
enti 3ad  dima emnwer etlvza win yestadifouk enkali kolchay w entab3ek ya a7la lotfi
7lou 3jebni 👍
Kafon ye m3alem dima m7felha w  3amlena jaw bravo
زينة القصرينية تبارك الله عليك منورة قناتنا الحوار التونسي ربي معاك <3
Mahlahoum
Franchement dis #تعجبني
Yasser e7louwe
أمين متروبي ومحلاه يعطيه دوده
مااحلاك عبد الفتاح مورو.
تبارك الله عليهم",1,Tunisia
6002,برافو وليد,1,Morocco
6003,Yatahem rajel jaloul bravo,1,Lebanon
6004,استاذة من خيرة الاساتذة الموجودين في كلية الحقوق بصفاقس،استاذة عظيمة،برافووو,1,Tunisia
6005,fannena wala arwa3 <3 <3 <3,1,Saudi Arabia
6006,Dima dhamar lotfi,1,Tunisia
6007,على خاطر ولد الجنوب وعلى خاطر تلقائي يعجبني,1,Tunisia
6008,bravo grand artiste :*,1,Morocco
6009,bravo wariweh blastou fin,1,Syria
6010,انالطفي واحد من الناس يعجبني حتي في أخلاق .....,1,Tunisia
6011,امين قارة احسن اعلامي في تونس متربي خدام وزيد ضامر ربي يوفق وان شاء الله من حسن الى أحسن,1,Tunisia
6012,BRAVOOOO LILLA,1,Lebanon
6013,Ma7laha,1,Morocco
6014,"Ena baketni :'( _x000D_
خدام و يحب يوصل،ربي معاك و عمل على روحك
Bravo chi5 ya m3adhebhom
jàw
ممثلة مزيانة و عندها لقبول
M3alam 👍👍
Bravo fama fourja fi idrama w ilkomidya bravo semi
M3alem balti ya3jebni ghneh w bravo 3al ghoneya jdida  5arjet nhar 3id miledi hh
a3az moumathelet tounes klem mawzoun w fi blastou tayara
تنجح 😊
bsara7a wajiha eljandoubi sari7a w ta3ti kilmtha w ti3jebni
LM3alem
Raw3aaaa
هههههههه روعة
Thabel w lmousalsel bkolou tayara
Ma7leha w marzanha
Bravooooooo vraiment  famma. Rjel fel bled
برافو ناجي جلول
Ja3fourr weld echa3ebb
Tbarkalah 3liha rabi isonha
ممثله تحفونه برشا تعودنا بيها في الأدوار الكوميديه
نوفل الورتاني أفضل منشط
3alami .
معلم يا جعفور
Bravo stoufa :-) :-) :-) :-)
وحدك يا شيخ يا تحيفه التلفزه في رمضان مساطت بلا بيك كرمك الله 😂😂😂😂😂😂
Bsara7aa baredli 3la galbi wlhhh
Bravo",1,Tunisia
6015,"Tbarkallah _x000D_
bravo
Machaallah
ربي أنت جميل وتحب الجمال وخلقت الجمال وقلت يا عبادي اتقوا كيف نرى الجمال و لا نعشق
جعفر القاسمي ما فاماش برشا في تونس  ربي معاك  جعفور
Bravo
أحسن برنامج ررررررررررررررررائع الى الامام سامي
إنت معلم وأحنا منك نتعلم .....
تباركالله عليها والله بكاتني برافوووو
Dima tayra 😘 😘
بصراحة #سيتكوم دنيا أخرى مقاتلة ضحك والله bravoo الي عجبوا السيتكوم يدز جام ..#ههههههه
بصراحة كلامو معقول برشة و يعطيه الصحة عطى كف لا يقرى ولا يكتب للي عاملة روحها ممثلة برافوووو وليد هاذم عباد مايفهمو كان بتطيح لقدر أعطيهم شربهم و سيبهم
Bravo
A7la moumathla tounsiya
اقدر ممثلة عربية
Bravo
ممثلة انقدرها برش ..روعة في الابداع و الاتقان برافوووووو🌺🌹🌹🌹🌸🌻🌻🌻🌺🌺
mra bwahritha w 3indha met9oul 3la ro7ha
Bravo
7low barcha vraiment bravo ye 9aherhom hhhhh
Ta7foun barcha we mettha9af
كلمة حق تحيا تونس ويحيا ناجي جلول وزبر التربية
آحسن مسلسل 😃😃😃
Béhi motrobi W gentil ye3jibni mn 9bal
Ma7leha tbarka-Allah 3liha
Machallah 5w5miss  kol howa allahou a7ad
وهرة و فصاحة و اقناع 
Tayara
Nhebha 3aza
Bayrem weld jam3iya w n7ebbo 
Tayara
Bravo mokded
وحدك يا معلم  محلاها بلادنا كي يبدى شبابها متألق برافو
امراءة تهبل يعتيهة الصحة :-)
Wild moufida rajil
Mezyana
نشكر حصة عندي ما نقلّك على بذل المجهود وكل الجزائر تشكركم على عملكم الطيب وجميل وانا نقللكم من فرج كربة اخيه في الدنيا فرج الله كرته في الاخرة
m3alm <3
انا لم اشاهد الحلقة ١من كلام الناس اما اكيد امين سوف يكون احسن منشط لهذا البرنامج او لغيره فهو مبدع في الاذاعة وكذالك في التلفزة احسنت امين واصل
sotek a7low wasel hassen
صوت مزيان و يعرف يغني و عندو مستقبل في الراب التونسي لكن عندو شويا غرور و ربما إقلقو هذا  و إخلفلو مشاكل مع الجمهور في المستقبل.
Bravo 3aychoch
Tbarkalah 3lih mala sout u mala dh5ama u torbya
nhibou w yi3jibni barcha
Bravoooo
ما شاء الله عليها ربي يفضلهالك
Tayer nour chiba bonne continuation
Allah ouahad
الباشا
انا تعجبني مريومة خاطر كيف تاخو الدور تلبسو ماعادش تفرق بين الشخصية الاصل والشخصية المقتبسة برافو
رجل رجل رجل رجل رجل رجلرجل رجل رجلرجل رجل رجلرجل رجل رجلرجل رجل رجلرجل رجل رجلرجل رجل رجلرجل رجل رجلرجل رجل رجلرجل رجل رجلرجل رجل رجلرجل رجل رجلرجل رجل رجلرجل رجل رجلرجل رجل رجلرجل رجل رجلرجل رجل رجلرجل رجل رجلرجل رجل رجلرجل رجل رجلرجل رجل رجلرجل رجل رجلرجل رجل رجلرجل رجل رجلرجل رجل رجلرجل رجل رجلرجل رجل رجلرجل رجل رجلرجل رجل رجلرجل رجل رجلرجل رجل رجلرجل رجل رجلرجل رجل رجلرجل رجل رجلرجل رجل رجلرجل رجل رجلرجل رجل رجلإحترامتي
#نور حفل الجو محلاك
bnet mahlahom we rabi 9awi sa3dhom mazel elkhir fi denya
بارك اللّٰه فيك والطاقم الذي معك
برافو سي ناجي كلامك صحيح باين ثمة قضاة يساندو الارهابيين
Balti mech normal ta7foun w n7ebou barchaaaaaaaaa
M3alma
Rim Iriahi Tahfouna Barcha
OUI T3jebni
hiya m3alma w 5idmitha m3alma
Bravoooo
Bravo
فنان وعليه لكلام
m3allam
♡♥♡♥♡♥
Machala
3alamiya el 7el9a brvo
راجل
تعجبني ذات و صفات
ma7leeeeeekom rakom te3ejbouni 3al le5er
استاذة بكل مقاييس قراتنى فى دروا صفاقس  وكانت شخصية قوية  وفارضة  روحها
صوت رااااائع، و ماتيار برميار اروع
Tayara
Rabbi maakom machaallah ala zawjitik
Bravo
Ya3tiha sa7a bravo
Bravooooooo
wallahi fannen
balti ma3lam ou ya5dam fi 5adma mazeyna w nchala rabi ma3ah wasela ya ma3lam ou na7ena ma3ak
wallahi mahlekoum w
salem monsieu tayara
Bravoooooo
Yhabbil
عبد الفتاح مورو يبقى ديما معلم
احسن ممثلة تعجبني bravo واصل
Te3jebni barcha w southa 7low tbarkalah 3aliha :*
نحبها
Bravo
M3LIM
Ta7founa barcha w rzina fi mo5ha kamal haka rabi m3ak
Bravooooo
Hhh mahlak ya kariiiiiiim hhh
Bravo meryouma
hhhhhhh bravo
bravo walid
m3aleeeeem
Ma7leek 3aychochaa n7eb nshlek rajlek chneya nw3 karhbto hhh. porechh za3ma hh
اني ديما يعجلني بدر
m3alma wajiha ena n7ebha barcha bravooooooooooo wajiha
أحلى شيخ
a7sen comédien f tounes <3
Bravo sami
Bravooo trés bien👍👍
raw3a
Bravoooo bktni wlh
ja3four rabi ykather menek enes rak 3sal :)
برافو وليد تونس بلاد رجال ة الاشكال هذيكة خسارة فيهم الجنسية التونسية
مثقفا و عرفت كيفاه تجاوب برافوووو :)
Machabha tbarakalh 3liha
Thamer behi rabi m3ak fil mousta9bal
Zin e zzin :*
باهي أما مزال يتعلم
خمسه وخمييييييس
هي صح رائعة في الاداء الدرامي لكن تبقا دليلة مفتاحي الاولا ّ
فنان بكل ما في الكلمة من معنى.رجولتك و مواقفك تحكي عليك.نحترمك برشا و كل ما نراك نقول مازال الخير في الدنيا
والله تبقى ديما معلم  .خلي يقولو واش يهم
enta momtez barcha w mouch ghriba 3lina akhle9ek el3alya
louled jawokom a7la jawo . bravo
Si jaloul a7sen ouzir fi tounes
Ysalmli jamlek
ma7laha <3 <3
Bravo
Rajol 3adhim belfe3l
Te3chbeni mouch nourmal
Ya nour bravoooooo ma7leeeek <3 <3
ja3four hesser ma9boulle
ما شاء الله
كلمة شويا فيك وجيهة اما يكفي انك تمثل نموذج للمرأة التونسية المثقفة و الذكية بغض النظر عن جمالك.. ربي يكثر من امثالك
برافو وليد والراجل راجل ويدافع ع الرجال مش كي المدكات مدين وجوهم لحشمه ولا حياه
Bravo maryouma
أنا من أكبر المعجبين بلطفي العبدلي و زيد أنا نحب طريق الثقافة والفنون والسينما. ..
هههههههه عفسة حلوة
hlou
امين اقوى ما عنا توا عسل الدنيا . نقطة و ارجع للسطر من غير نقاش
Bel3ks m7leha
ty adh7ek winti 7esa kemla sekta mat7remnech men dho7tek 3ad
zou ya m3alem 😁👊👊
enaaaaaaaa <3 <3 <3 <3 <3 <3 <3 <3 <3 <3 <3 <3 <3 <3
Hhh yeser ta7founa 9talni tho7k
M3allém bou7mid <3 bonne continuation <3 rabbi ywaf9ék .
Wa7dek
Bravos bader
نحبها كإنسانة من غير ما نعرفها..
Waw ja3four ya m3lem wallah ya3jbni mech normal
ههههه زعيم الكوميديا
تهبل
mala ka3ba hhh
Im3alimmm
mosalsel oled mofida koulo s7i7 heka eli waka3
وليد برافو برافو برافو راجل و سيد الرجال دافعت على كلمة الحق و مسكتش
خمسة و خميس عليك :*
M3alma😍😚😘😙
3sal :*
يا عم نور انت فنان كبير برشا وغناياتك يعجبوني.ان شاء الله من حسن الى احسن
بالتوفيق إنشاءالله
ممثلة كبيرة ولكن اتحسها مش ماخذا حقها او جات في بلاد متقدرش الفنان والمبدع
bravo naji jalloul
To9tel bi dha7ek 7anen
bisaraha barvo
محلاها عسسسسسل
عندنا مدة ماشوفناش ضيف ممتاز في التونسية ...برافو ماتر
Mashallah ♡
bravo amin e
Bravo !
Mècheallah
متثقفة و مزيانة و الدلول مواتيك في قمة الأنوثة :*
Mala tala o mala wahra t9ol injilina jouli :D
Bravo ben gamra wassel
محلى ضحكتها و تدخلاتها وحضورها
Mochhh nrmll 3alamiiii
امين قارة روووووعه برافو من حسن الى احسن ان شاء الله.._x000D_
Zayn :* machalla
Tbarkallah 3lih b sara7a
dima b3okezek 7atta fi klem ennes
a9wa  avocat fi tounes
marzou9i  rak fi 9alab
3ssal
Tayara
الله يبارك اميمة صوتك آلة
بورجولية تعجب مش عادية جملة
m3allma
Sahbii rabii m3ak     bravoo ja3four
Bravooooo
 N7ebha",1,Tunisia
6016,<3 <3,1,Saudi Arabia
6017,Ka insana ta3jabni barcha bsara7a,1,Tunisia
6018,والله عجبني هدا الكوبل الله يبارك,1,Libya
6019,Sami ya sami ya ahla a3lami,1,Tunisia
6020,Bravo,1,Modern Standard Arabic
6021,m3alem w 7afdhou a3lih,1,Morocco
6022,Machalllah,1,Tunisia
6023,mahla zinek nchlh dima nejha :),1,Morocco
6024,M3aaalem weli 3ala lseno y9olou ! W rabi yechfilek El wled !,1,Tunisia
6025,امين يعجبني من قبل,1,Tunisia
6026,معلم بو الهش,1,Libya
6027,😍😘😘😘,1,Algeria
6028,Bravooooooo,1,Egypt
6029,waaw,1,Jordan
6030,rabi ihanihom,1,Iraq
6031,الكبير كبير يا بابا,1,Egypt
6032,Ouiiiii bravooo abda3tom vrm.:-) bekitouna fil le5er bravoo,1,Iraq
6033,يعطيكم  ااصحة  برافواااا,1,Algeria
6034,Bel3aks tahfouna,1,Syria
6035,Raw3a besara7a,1,Tunisia
6036,Vrémon bravoooooo,1,Morocco
6037,محلاهاا مذخمة وخدامه ربي معاااك,1,Tunisia
6038,momanthla yaser tahfouna w rzina,1,Morocco
6039,حلوه برشا ديما ڨليب تبركالله,1,Tunisia
6040,nhabouha barcha,1,Morocco
6041,Wajiha ya ta7founa tet7at 3al jor7 yebra,1,Tunisia
6042,bravo emir :),1,Tunisia
6043,تعجبني برشة مريومة,1,Tunisia
6044,معلم كريم,1,Iraq
6045,Mahlek wajiha je t'aime,1,Oman
6046,Ma7leha,1,Lebanon
6047,ja3four 5amsa w5miss 3lih sara7atan,1,Morocco
6048,ma7lehhhhhhhhhhhhhhha,1,Yemen
6049,Machala,1,Algeria
6050,Bent chebba,1,Syria
6051,Machallah 3aliha,1,Tunisia
6052,نأيدو هو و احمد الاندلسي ... كلامو عجبني و في بلاصتو,1,Libya
6053,صوت رائع,1,Oman
6054,Yasser ma3lem,1,Tunisia
6055,ريم عندو لحق رجلك إغير عليك ي زين وعين وأخلاق محلاهاا _x000D_,1,Lebanon
6056,عسسسسسسللل والله,1,Saudi Arabia
6057,انا عجبتني برشا لرشا خاطر حقيقة و واقعنا التونسي برافو كي نبدا نتفرج نشيخ خاطر نحس روحي نتفرج في حقيقة مش في مسلسل,1,Tunisia
6058,معلمة❤❤,1,Jordan
6059,3ALAMI,1,Lebanon
6060,Mala jaw,1,Lebanon
6061,يا لطفي راك وحدك بصراحة احسن كوميدي ولي يقول غير هذا عندوبيك بونتو,1,Algeria
6062,محلاها,1,Tunisia
6063,راجل. وقلبو ابيض,1,Libya
6064,المعلمة,1,Algeria
6065,Tbarkallah 3ala soutek,1,Lebanon
6066,عبد الفتاح مورو معلم بسراحة مفماش كلمه خير من هكىى,1,Egypt
6067,M3alllimmmm 💪,1,Egypt
6068,Alah wahad,1,Oman
6069,Hhhhh a7la couple mouch normal ftou9 dho7ik,1,Tunisia
6070,Bravooooooo ma7la zinha,1,Tunisia
6071,Bravo bon travail,1,Syria
6072,Bravo lmarwa,1,Tunisia
6073,انت معلم 👌,1,Jordan
6074,zayd m3a nawfel,1,Tunisia
6075,tbarkallah 3lik khalit enas ta3rfek wasel rabi m3ak,1,Tunisia
6076,morou dima ikawer,1,Morocco
6077,bravo,1,Morocco
6078,قوية,1,Saudi Arabia
6079,Bravo,1,Modern Standard Arabic
6080,<3,1,Saudi Arabia
6081,yeser  te3jebni,1,Lebanon
6082,Y3tikom saha elkoul mhlekoum brvooooooooooou,1,Syria
6083,Serwar roug hhhh ya ja3four jaw a7ala jaw ma3a ja3four,1,Tunisia
6084,Bravoooooo,1,Egypt
6085,Bravo,1,Modern Standard Arabic
6086,Wa7dek y'a lotfi y'a m3adhabhom,1,Qatar
6087,"7lwa ... mettha9fa ...ta3ref ta7ki 
Enta m3alem wahna minek net3alem .  Ana nhebou barch w nahtarmou barch nhessou ki baba allah yarahmou
Bravoooo
Dima 7low wld moufida
Ragel
bravoooo
سيدة تونس الاولى , كم احترمها
وحدك يا وجيهة حوت و حويتة عليك 😻
Bravo ‼ bien
صوت حلو  أيمن  خلقه وأخلاق ربي يعينو..
ساعة  محلاها كوثر بالحاج
Bravo Si jelloul
Bravou
Ya3tik esaha naji jalloul
ربي يحفظك يا عايشة اما رد بالك راك مازلت صغيرة و المستقبل قدامك 
Bravoooooo Walid
نموت عليه دخل الضحكة الديار التونسية
Rabby yahfedhha 😃
بالنشبة لامين باهي وعاقل ومتربي .. ونقى كان نقول ربي يوفقو
ياحسره فرحت كريتو
Bl3kis ENA 3ejbtni
Tbarkallah alik
برجولية  محلاها والله  علاش تبرو عليها  فنانة وعليها لكلام   ربي معاها  أخوك من الجزائر <3  ولي تقرى رسايل باهية برشة
hhhhhhhhh ahla wahda bravo
فنان كبير ،هههه   و برفو ربي   يعينو 
Thabal sitkom dinia okra chab3a dhohk ya3tik isaha sami bravo libranc karim bassam ilkol bravo
مروه نشالله ربي يوفقك في دربيك ونشاالله ديما عنديك الجديد
زايد الرخيص يبقى طول عمرو رخيص 😕
فاخر برشة
bkina wallah bravo
Bravo chakib 5alithom lkol fil hors jeux
فوزي معلم موقف ممتاز كنت أتوقعه منك فالرجال مواقف...
3azouztiii nmout 3liha
Vraiment bravo bakatni wallah
خلوقة وكلمة حق
3andou l7a9
m3lem dima 3endek  mawe9ef  7louwa  barcha
جعفراُنت اٍنسان بكل ما تحمله الكلمة من معاني
معلم وولدها
عجبني مال افكار يا سامي
Bravoooooo sami lfehriiiiiii
Bravo  amin
Bravo bravo bravo
mariouma mahlek
بصراحة هاو الضحك الصحيح ممثلين بارعين محلاهم<3<3<3<3
Mahlekom.  Brjouliya
حسين يااجمل و احلى فنان في العالم
يعجبني كلامها و أسلوبها .. من أحسن الممثلات في تونس حظ موفق وجيهة <3 :)
كفاءة معرفة و حرفية. _x000D_
Thabél
Rejeeeeeel
هانا نستناو فيكم !   بالتوفيق ان شاء الله !
نهارك فل لأحسن واحد في الدنيا الكل.
الصافي سعيد أكيد حلقة قوية
Raw3aaaaaa
جزائرية يعطيك الصحة و العافية يا علاء كيما فرحتها الله يفرحك و انا عجبتني منى و عجبني تعلقها بامها ربي يخليهالها و يا ريت كل واحد يحب امو كيما منى
Maktla dhohk... bravooo
محترمة
enti jawharat lbarnamej w rod belek t4ib wela te7remna men dho7ktek lebnina 5alina nadh7kou behi ya hanen
راجل
Vraiment braaaavvvooo :*
انا مالمعجبين بالشيخ تحيفة ونعتبرها زلت لسان
رجل باتم معنى الكلمة يرفض التعليق على موضوع هابط
Bravo walid  :)
Bravo lotfii
Bravo au couple :-*
Machallah
Maset yeser
<3
Braavoo, wlh baketni
نحن نعشق الحوار التونسي
أنت معلم واحنا منك نتعلم _x000D_",1,Tunisia
6088,Rejel,1,Sudan
6089,rajel,1,Morocco
6090,كلام معقول يا شيخ,1,Saudi Arabia
6091,Bravo sami,1,Tunisia
6092,Bravooo semi tayara kif l3ada,1,Tunisia
6093,Walid tounsi ya m3alem bravou wlh baradtli 3le 9albi   7al9et klem enes n9thha walid tounsi  merci 3al mw9ef rojoli mta3k ya walid,1,Tunisia
6094,bsara7a edha7ek wtfarhid m3ak ya ja3four wbelahi raj3elna barnemej chrik la3mor,1,Tunisia
6095,Oui tayra ;-),1,Libya
6096,tayaraa 3al le5err ya3tikk sahaaa,1,Morocco
6097,تمثيل رائع برافو,1,Iraq
6098,محلى زينك ... كل يوم حبك يزيد .. كل يوم و جمالك يزيد ... نورة الحلقة والله ... أنا نحبك و نقلك واصل .. #Bravo 💋😘😇❤,1,Tunisia
6099,والله ما احلكم بنات ما شاء الله عليكم وربي يستركم ولي رايح اتعرس ربي ايكمل بخير ان شاء الله,1,Qatar
6100,Rajil yatih essaha,1,Tunisia
6101,Baravoooooo wahra,1,Syria
6102,كل يوم يزداد إحترامي لهذا الشخص، أرجوكم تعلموا منه فمن الصعب أن يأتي الزمان بشخص مثله,1,Modern Standard Arabic
6103,"M3alem
برافو سيدي الوزير راجل و الله
Mahleha baya :)
l m3allem
متربي وبحبوح ومحترم
فنان يحب فنو ويدافع عليه
<3
Machallla
hadha insen mo7tarem w berasmi ma7boub w rabi m3ak
Mahlek ya zina
وحدك يا سامي في الاخراج تبارك الله
احلا جو تونسي
Bravo lotfi m3alem patron
a7la 3aychoucha
Bravo karim
تعجبني برشا
راجل  يقول في الصحيح
Ma7leh zin wtamthil vraiment 3andna moumathelin sghar momtezin
Bravooooooo
Bravo mokded shili wallahi klemek elkolla s7i7
M3lam
محلاها التلقائية يتصرفو على طبيعتهم
هذه المرأة التونسية الحقيقية و ليست أشباه النساء
Ma7leééha <3
tbrkala 3leha nawret lplato.
bravo walid tounsi yerham el om eli jabetek
برافو_x000D_
Bravoooooooooo sami yeeeeeeeser tahfouuuuuuuna
Moumatla behya mezyana te5dem 3la rou7ha elbagi mayhemnech fih oumourha 
Allah wa7ad mechallah
Élégance
نحن نعشق الحوار التونسي
Lm3almmmmm ja3four
3aslaaaaa
waaaaw sahria tayyara m3a hsine eddik kaddach metrobbi
Wajiha rzinna ma7la taltek
tbarkalah a3liha dima emnawra
عجبتني خويا راك هايل بارك الله فيك
Tbarkalah 3lik hahi rjal  tounis
3jebni bourhen
تبركلا عليك !! :-)
Bravo wahida
wallah bravo ya3tik sehha
Bravo khadija
mahleha !!! malla mgarb3a
من أحسن نساء السياسة في تونس مثقفة و تعرف تحكي
Bravo si Samir
raw3a _x000D_",1,Tunisia
6104,ما الاعاقة اعاقة جسد او حتى عضو من الجسد بل هي اعاقة افكار و عقل تحية كبرى لهذه الاستاذة احييها من كل قلبي,1,Saudi Arabia
6105,a7la maryouma,1,Morocco
6106,ja3fouuur ya m3alem a5le9 3alia wetfathlika mahboula rabi maaak wkamel hakka,1,Tunisia
6107,Woo !! A9wa la9ta !!,1,Lebanon
6108,ma mnawer ya walid,1,Morocco
6109,Mahlek aichoucha,1,Syria
6110,اللهم انت الشافي والمعافي وانت القادر على كل شي _x000D_,1,Tunisia
6111,لمين النهدي أحلى ممثل في بالي كان تشد وزير خير وااااصل,1,Tunisia
6112,bravo ;) #Sami,1,Libya
6113,hhhhh b1 tayra,1,Tunisia
6114,محلها,1,Yemen
6115,خمسة وخميس عليك أحلى فلة,1,Syria
6116,ممثلة محترمة,1,Syria
6117,Machallah,1,Oman
6118,Machala bou zinha,1,Lebanon
6119,مسلسل تحفون,1,Tunisia
6120,M3aleeeeeeeeeeeem,1,Lebanon
6121,Mra w 3liha leklem,1,Lebanon
6122,Rajjjjel fi hal faza,1,Tunisia
6123,مسلسل روعة,1,Algeria
6124,بصح راهي  جميلة جددداا ملقتش واحد يفهمها,1,Algeria
6125,Madame dorra walli bravoooo,1,Morocco
6126,Tahfoun wmetrobi barcha mahlek ya ja3four chaya5tna dhohek..a3az boit fi tounes,1,Tunisia
6127,ريم الرياحي محلاك محلاك محلاك مللخر هذي المرا التونسية.,1,Tunisia
6128,5Amsa w5mis 3liha,1,Lebanon
6129,tbarkala 3lik rod balek mil 3inin maysa :*,1,Tunisia
6130,Bravo tho7ka taamel el kif,1,Tunisia
6131,bravo 3leha mala momathla,1,Morocco
6132,راجل طيب فوزي,1,Egypt
6133,والله عز الناس و معلم ........ربي اعينو,1,Tunisia
6134,برافو اتفرجنا,1,Lebanon
6135,Nour ya a7la chiba hhhhhh ma7lek,1,Morocco
6136,جعفورر <3 يا معذّبهم ديما محفّلها و ديما ضامر وحدك و برّا و متركّزوش مع سروالو =D ياسر مواتيه,1,Tunisia
6137,Nhebha,1,Lebanon
6138,Bravoooo walid m3elem,1,Morocco
6139,Rajel,1,Tunisia
6140,"Sa7bi kafon m3allem dima blastek honi w fi kol el baramej 
bittawfik
Wahdek ya walid nahitli 5amja 3la 9albi.....
مش عادية برافو
فنانة
Bekketni m3aha _x000D_",1,Tunisia
6141,Bravo walid.,1,Jordan
6142,😘😘,1,Algeria
6143,tou7fa,1,Morocco
6144,Borjoliyaa klem ha9 a7sen wehid fi rzaaan howaa,1,Lebanon
6145,ممثلة متالقة ديما .تربية و ثقافة و جمال  قدوة للممثلين علاش لا,1,Tunisia
6146,M3alem walid  ... Sidhom lkol,1,Lebanon
6147,ena te3jebni !,1,Tunisia
6148,Bravo sami bravo dima met2al9,1,Tunisia
6149,معلم معلم معلم ربي معاك نور شيبة,1,Tunisia
6150,رائعة ... مثال للمرأة التونسية المناضلة و يحق للنهضة ان تفتخر بهاته السيدة ....,1,Saudi Arabia
6151,Borjliya 3ejbetni ENA la9ta,1,Lebanon
6152,Hhhhhh 7al9a 3alamia borjoulia😁,1,Morocco
6153,Mala 3ssal,1,Lebanon
6154,BRAVO,1,Lebanon
6155,عسسسسل اما في احلى صباح على موزايييك أحسن.,1,Tunisia
6156,عندها شخصية و ناجحة. تعجبني,1,Tunisia
6157,tfuh,1,Iraq
6158,Bravvvvvooooooooo,1,Egypt
6159,Brvoooo Sami👍,1,Morocco
6160,Tbarkalla,1,Syria
6161,Mille bravooo walid tounsi✌✌✌✌✌✌👍👍👍☝☝☝☝,1,Jordan
6162,برافو #مايسترو_الحوار_التونسي_وليد_التونسي خير كيف خرجت مالبلاتوا وما قعدتش بحذا المرضى كيف ما قال أحمد الأندلسي,1,Tunisia
6163,9telni btho7ek ma7leeeeh hhh :D,1,Tunisia
6164,Thabel la9ta :-D,1,Tunisia
6165,Ma7lek yeser metrobi  el feyda fe torbiya mech fel mathaher wyeziw mel 8ira tbarkala 3lih 7liltou,1,Tunisia
6166,تحفة,1,Egypt
6167,maya bravo,1,Tunisia
6168,ahawa rajel,1,Saudi Arabia
6169,Nejo jalloul bravooo :) mech jdid alik déja wzir walik leklem :) bon couraaaaage!,1,Tunisia
6170,"يعطيه الصحة على الأقل لقينا واحد فاهم الحكاية و يعرف يفرق بين الحلال و الحرام_x000D_
Nawfel 5ir bsara7a
Raw3a bader
Bayroum ye malem
Bravooooooo يقتل بالظحك
ولد الشعب
أحسن فنان
احسن ممثلة في تونس
7alka 3alamya m3a nour chibaaaaa
Tabarkala 3lih w 7dhartlou fi 7fltou w 7aflena Jaw w nasana fil ghorba w rfa3 rayet tounis fi Qatar
ما شاء الله عليه ... الحمد لله  جابولنا شكون يقول لاااا للواط
nmot a3lih
Bravou braaavou brasmi bravou 5adouja
M3ALEM
Wlh yeser tmathel. Bravo
معلّمه
Bravo Amin et bn continuation  w ahsen haja fih yeser metrobi
Ma7lek wajihaaaaa bravo kamelha betawfikkkk
فنانة bravo
Ma7lekom ma7leeeeeeeeeeeekom walah 3ssal bon courage et bon continuation pour vous et sami fehri vraiment talvza lik ya m3aalem :-) ;-)
3asoula barhouma
خمسة وخميس عليها
صوت هبال و روعة  ربي معاك و انشاء الله بالنجاح يا أمونة
Yaser tayara bravo
Mahlahom
تعجبني برشا برافو
ma7la zinek barhom
Yeeeeeeeeeeeesssssser motrobiiii
اصلا جمال روحك  . وربي يشفيك إن الله مع صابيرين  _x000D_",1,Tunisia
6171,Nmout 3liha,1,Lebanon
6172,hhhhh m3alééém,1,Tunisia
6173,ena n7ebha barcha,1,Tunisia
6174,Bismelah wmachalah 3iniha hbel,1,Yemen
6175,يا صطوفة يا معلم ابعثهم الكل,1,Tunisia
6176,ohh raw3a,1,Tunisia
6177,Borjouliya m3alem,1,Tunisia
6178,Ena n7beha,1,Morocco
6179,7louwa ti3jibni ena,1,Tunisia
6180,نموت عليك يا كافون  وهاو برجك طلع  كيما برجي وييييييييييييييي,1,Tunisia
6181,Tbarkala 3lih,1,Lebanon
6182,chapeau,1,Morocco
6183,ماااااااسط  يااااااااسر هههههههههه,1,Saudi Arabia
6184,محلاك انا تعجبني برشا,1,Tunisia
6185,bravoo,1,Iraq
6186,Lotfi ya3tik sa7a charfet tounes wa7dek el7asilou,1,Morocco
6187,Ma7leeeeha,1,Lebanon
6188,يعطيك نقطة ياهجورة دمك عسل والله ضحكت من قلبي 😂😘😘,1,Algeria
6189,أبدع فأذهل,1,Egypt
6190,هذا مواطن أشرف من 1000 سياسي في هذه البلاد,1,Modern Standard Arabic
6191,مشاء الله,1,Saudi Arabia
6192,لطفي يا معذبهم,1,Iraq
6193,Bravooo badar,1,Algeria
6194,لله يرحمو ناس طيبه ياسر,1,Morocco
6195,الصافي محلاه.الجزايريين كل نحبوه,1,Tunisia
6196,Mil bravo,1,Lebanon
6197,Barvoooo,1,Egypt
6198,"سيتكوم هايل و مقلة ضحک 😝😝""",1,Tunisia
6199,Bravo,1,Modern Standard Arabic
6200,ma7la fazt bayrem am3a abrhim w bader am3a omi barvooo,1,Tunisia
6201,صحة أشريبتكم ويعطيكم اصحا والله محله اكا صبيرى اشيضحك اما صخفني كي مات صحبو ..,1,Tunisia
6202,♥♥♥♥♥♥,1,Egypt
6203,Mahekhom wahla alka ynawrou ycharfou ykaliwek thés éli mezel elkir fideniya masab dima haka nafseyet mdamra lenewehi elkol walahi rabi yahfadhhom mahlehom,1,Tunisia
6204,Mahlekom lbnet yzayn sa3dkom,1,Lebanon
6205,Bravo ya3tiha isaha,1,Saudi Arabia
6206,bravo,1,Morocco
6207,3alamiya,1,Saudi Arabia
6208,besra ma7la soutek w ma7lek 7att 9abl ma3ml 3amlit tajmil ma7lk,1,Tunisia
6209,Ma7lek w mazinek,1,Lebanon
6210,Bravo #Aymen mn 7asan l a7sen nch'alah,1,Morocco
6211,N7ebha 3azouzty,1,Tunisia
6212,Rabbi m3ah,1,Iraq
6213,A7la momithil,1,Lebanon
6214,Min arwa3 al moumathelet,1,Tunisia
6215,Ma7leh sami,1,Morocco
6216,nhebha,1,Lebanon
6217,Bravo halka tayara,1,Tunisia
6218,تبارك الله عليها  ياسر محترمة,1,Tunisia
6219,Achref we7ed fel 9a3da elkol,1,Morocco
6220,tbarkallah 3lik zin w sout w galeb hnin,1,Lebanon
6221,MA7lek Ya marwa dima mnawra,1,Morocco
6222,ما كيفك حد ياوليد اتبركالله عليك,1,Lebanon
6223,الف تحية ليك تستاهل كل الاحترام والتقدير مثال لازم الاباء يقتديو بيك ربي يقدرك ويخليلك بنتك ويرجعلك ولدك ان شاء الله  رغم قسوة الحياة عليك مزالك واقف وتقاوم والله اثرت فيا بزاف نعمة الاباء ربي يحفظك لولادك ويخليك تاج فوق راسهم وان شاء الله علاء يعاونك والشعب التونسي يوقف معاك لانك صح تستاهل ربي معاك,1,Algeria
6224,Ja3four y'a tahfoun,1,Morocco
6225,"Bravo""",1,Modern Standard Arabic
6226,مبدعة ...,1,Saudi Arabia
6227,men ahla mat3ada fi andi mankoulek rabi yarda 3likom nchalah ana fel gorba madabiya n3adi hata dkika m3a baba rabi kaliholkom nchalah,1,Tunisia
6228,Bravooooooo. Ya  sami  Rabi  betawfig  enchalla  💖💖💖💖,1,Saudi Arabia
6229,Bsara7a tbarkala 3leha tsa5eeef,1,Tunisia
6230,Wlh mech 5ayba 3a9la ama lazem twali mastoura chway,1,Morocco
6231,lotfi ya madebhom,1,Lebanon
6232,معلم توفيق ربي معاك تحية موش من الحبس من ناس تحبك في الجمهورية التونسية,1,Tunisia
6233,Hlouwa barcha bravo Sami,1,Morocco
6234,معلم و عجبني تصرفو كيف قام و عطا كلمتين و خرج,1,Tunisia
6235,mahlaha <3,1,Saudi Arabia
6236,3JIBNI barcha dawrha fi na3ourit lahwa w spectacle hayil il 3ifcha mon amour sif isna fi binzart <3 grande actrice tout mon respect,1,Syria
6237,الحمد لله برافو,1,Morocco
6238,رجل و سد الرجال,1,Libya
6239,Mahlek,1,Lebanon
6240,رجل محترم وأكد من خلال ذكره لبعض ايات قرآنية أنه مثقف,1,Sudan
6241,وجيهة عسلة,1,Libya
6242,جعفور يا معلم :* نشاء الله نشوفوك ديما في أعمال جديد bravo (y),1,Tunisia
6243,الله يحميكم,1,Qatar
6244,راك عجبتني كي رديت عالمنجمة العرافة  كان تعمل مزية ربي العبدلي,1,Algeria
6245,Ena ta3jebni .ta7founa,1,Tunisia
6246,:*,1,Yemen
6247,Machalah 3aliha,1,Tunisia
6248,سي لطفي متميز بتمبير مس بتمثيل تاخطى لعباد خلاها تخديم,1,Tunisia
6249,Mala 7al9a ithabel,1,Morocco
6250,عبد الفتاح فايقلها ليوم,1,Morocco
6251,عز الناس امرأة ب 100 رجل. برافو محرزية اخلاق و خلق,1,Sudan
6252,Bravoooo :-),1,Tunisia
6253,مسلسل ممتاز ثقافي عائلي,1,Iraq
6254,"قمة في الابداع _x000D_
فايزة المحرصي انسانة عفوية وبنت باب الله وظهرت ارجل من السياسيين اكرمت الضيف دون ان تتاكد من صدق بطولته المزعومة
برافو برافو برافو وليد التونسي إسم على مسمى بأتم معنى الكلمة إنت أعطيتهم مثال لتونسي المسلم الحر و المعتدل و صاحب مبادئ الثورة الحقيقية
bravo maryouma
وجيهة معلمة
مشاء الله
oui vmt bravoo <3
bravo a ce couple
a7la :* ja3four w a7la chat7a  :*
Bravo khadouja
M3alim (y)
Rabi i5lik ya ja3four
rabi m3ak w yatik el9owa ya a7la bou fedéya bravooo
يعجبني بدر
nmouttt 3lihaa <3
منورة البرنامج نادرة لململول بستيلها المزيان و كلامها الموزون و زيد شوقتنا باش نتفرجو في مسلسل اولاد مفيدة 2
ما شاء الله عليك فوزي
hhhhh 7lowa (y)
برافو وايد التونسي.  يعطيك الصحة
عندها صوت و جمال و جمهور حسن واصل
Weld homtii bayrem to7fa w belid w fadlek w dima rekech f 9ahwet 5aled 😂😂😂😂😂
Aham 7aja enno maytsana3ch 3la tbi3to ... Habaltna brouj hhh ...Rabi y5alik ja3four
M3lem
اغاني سماح
M3allim
عبد الفتاح مورو صريح و معلم
ma7leha elfaza
A7la fanen <3 bravo ja3four
مريم محلاك لبارح
انا مصرى متابع للبرنامج من سنتين بس الحلقه اليوم قمه الروعه ناس عندها من الاصرار والعزيمه . تخليك تحس انك حجمك ضئيل جنبهم وانك مهما عنيت فى حياتك فى ناس عانت اكتر من بكتير . تحيه اجلال وتقدير ليهم كلهم والله يعطيكم العافيه وان شاء الله من نجاح لنجاح
barhoumti dima waher bou zinek
Bsara7a te3jebni
toooooooooooppppppppppppppppp
t3jbni
ma7lek we ma7la soutek
اوو ملا كعبة الراجل هذا فنومان. بصراحة فرهدنا الليلة وعملنا جو .يعطيه الصحة.
Mhlha
انا نتفرج فيه و يعجبني  ضمارو نظيف و يضحكني
Bravo tdha7ek barcha w dhamer
الصافي  سعيد  متالق   كالعادة
raw3a ya3tih essa77a karim
J'adore !
M3alem weld lem3alem
Mazal yethassen
Rajil.
عسل كريم برافو
Tayara la9ta
Amouna ya ta7foun :*
عجبني برنامج لعملو معلو اش خص ناس كل كيفو
Oui 3ajntni barcha barvo
ma7leeehom
Alah i5alik Lina ya zina ya mezyana walahi omniti enkon kifek kahaw
Ana 3ejbtni t9etele bezin m7elek
جعفور إنسان متخلق و متحضر و تفدليكو مقبول و محبوب من قبل الشعب التونسي لكل
معلللللللم
Bravoo
Hanounaa ya mezyenaa
M3alma
Bravooooooo
heka lem3alem
تبرك الله عليك انا نحبك
Nhebha azoza
Bravo 🙌🏻🙌🏻🙌🏻🙌🏻🙌🏻
Mezyena w moumathla nej7a
m7leh traktour
والله بكاتني برافو تبركلي اعليها
نتمني لأحمد الخير والنجاح إنشاء الله
برا فو ا ريم مشا ء الله عايك انشا الله ديما متميز ه
hhhhhhh a7sen moumathel 3andi
(y) كافون
M7lek weld bledi nchallh dema mnewerna :-)
الصٌافي سعيد  أذكى سياسي تونسي ....  .
كتير ممتازة
روعة
mwaHer ya amin :) :*
3sal na3cha9ha
اعز حلقة و برافو صافي سعيد
وحدو البرنس ،
M3alem w dhamer yo93ed dima dhhamer bravo lotfi
محﻻه جونا التونسي
Ja3for ya m3alem win tabda enti dima fama tho7ek wthmar ya patro hhhhh 😉😊
Bravo a elle
Bravoooooooo ta7fouuuun barcha
Bravoooo
هذا الانسان رااااقي جدا لانه لا يستهزئ بالناس ولا بالجهويات وهو ضااامر و بشوش
أحسن واحد البرنس 💗💗
rak 3salllllll
Ya m3allllem Ya m3athebhommm
lellet moumathliin tounes allah allah 3liik
احسن ممثلة في تونس
Ena s8ir 3ejbni
الله يبارك احلى خلفة زي مايقولو المصريين بناتو كي العسل يرحم ميمتهم لي ربات///جزائرية
Bravos 3amdouch walah rajel w sid rjell💓💓💓💓
M3alem k2rym
كلام معقول برشا و عقلاني
•••",1,Tunisia
6255,رااااجل الحلقه,1,Egypt
6256,صدقني يا شيخ المحاماة تواتيك خير مالسياسة  فك عليك منهاولسانك تباركالله عليه لي يغلبك بوه باي,1,Libya
6257,برافوا ...راجل في زمان .........,1,Tunisia
6258,Rajeeeeeeeeeel 👏👏👏,1,Egypt
6259,طياااااااارة,1,Tunisia
6260,mabanha w mahla zinha 💋💋💋💋💋💋💋💗💜💟💟💟💟,1,Tunisia
6261,امنة تصلح وزيرة مرأة عالاقل تعطي منظر باهي لتونس تبارك الله وهرة و ريشة .,1,Tunisia
6262,انسان نضيييف و ربي اكثر منوا الناس,1,Tunisia
6263,جمالك ❤,1,Jordan
6264,M3alem,1,Lebanon
6265,ياسيد مقداد التواضع اجمل و اقصر طريق الى قلب الشعب و التوانسة خاصة مانحملوش الى يتكلم من فوق خليك ذكي واستعمل للسلطه الى فى يدك باش. تكسب بيها قلوب التوانسة موش باش تخسر,1,Tunisia
6266,Ene 3ijbitni,1,Algeria
6267,T3jbni wenhbha,1,Tunisia
6268,جعفور يا معلم ربي يوفقك😍😍💓💓,1,Tunisia
6269,Borjlia m3alem💪👌👍👊,1,Morocco
6270,يا تحيفة يا معلم,1,Egypt
6271,"بصراحة ممثلة ممتازة برشا ... _x000D_
bravoooooooooooooooooooooooooooooooo olfa <3 <3 <3
Rabi iwaf9o
Walah raw3a
فنان ذكي. . رغم صوته المتواضع
Y'a m3alem
rou3a
brjoulia mra ou 3liha lklm oun9lh حسن وصل
3andha ma t9oul fi rou7ha
Ma3almi ;)
ma7leeeha <3
تحيا لكي فلة
ya3teh alef sa7a neji jaloul
اني نعشق انسان اسمو حسين الديك برافو كلام الناس كي جبتوه واحلا سهرية تعدات في كلام ناس ربي افضلكم لنا وديما منورين
معلم و تبقى ديما معلم wili kafi kafi
7lowa
Ma7lekom
Tbarkallah alik Amouna Mnawara
To9tel bel wahra ya a7la abdlhmid
شكرا لها في قمة الاخلاق و الطيبة و الرفعة حول قيمة الوالد لها . الله يخليك دايما زاهية . يا رب .
قناة قوية و تمتعت بأعلى نسبة مشاهدة في تونس تصنع في فلوس بطريقة بسيطة. إعلانات و برامج و مسابقات.  تنشيط جيد في الإعلام الإلكتروني! !!! بإختصار قناة الحوار التونسي تمثال تونس دخل البلاد أو خروجه
بصراحة أحسن حلقة تعدت،لاتفليم،لاتمثيل لا والو،بكل تلقائية و عفوية،،،هالخوات دخلو قلبي والله 💟💟💟ربي يخليلنا آباءنا.باللي يصير يبقى ديما تاج فوڨ روسنا،
Semi hal9a tdhahek walah ya3tik sahha
يعطيه صحة ابدع صراحة
em3allem ya lotfi
Hlowa w southa tayara
انت معلم يا وليد برافو على موقفك الرجولي
جعفوووور يا معلم محلك ومحله طلتك متغيبش علينه نحبوك رنا
ba7bou7 w ndhif bonne continuation amine
Ma7lek ya j3four wahraa .........  a7sen komidi fi touness ....♡
برافو مقداد أحييك على دمك البارد
Bravo mousalsel h2yel sami
Ja3four ma7lek dima anik inchala dima mnawerna
(y)
machallah
انت معلم و احنا ،منك نتعلم
rabi y3inha
Bravo :-) :-) :-)
Thabal wentouma thablou zeda
awal mara ta3jbni bsara7a
بصرحه انا نعيش في مصر ونتابع فيكم اول باول برفو سامي
طيارة حلقة اليوم...
فنانة ومن أحسن الممثلين  في تونس
انا تعجبني في شوفلي حل
Wa7dek ye wejiha nmout 3lik
Te3jebni barcha fe tamthil
bravooooooo
Ma7leha ta femme yasin
ja3four enti kbir w 9albek akbar menek n7ebouk <3
Wasel mosetfa rabi me3ak w en7ebouk dima fi jedid
Bravos  bravos
راجل صاحبي
m3alem
بالتوفيق
Bravo sayed elwazir
Mahlekoum sami
A9wa émission t3adét lyoum .. merciiii
m3allim m3alim m3alim
M3liiiim ja3four
kima nawfel ezouz mounachtine momtezine bravo.
محلاكم ربي يوفقكم انشالله
محلاك يا اميمةومحلى صوتك
zayid im3ak kafon  dima fi 4marik  l7low :)
نوفل أفضل منشط :D
bravo sami , sidcom raw3a.
bravoooo",1,Tunisia
6272,klemou dima logique w mathel chari7a kbira min twanssa,1,Tunisia
6273,a7la o arw3 sout tounsi zin torbya 39ala,1,Tunisia
6274,ههههههه ررراك مزيانة,1,Morocco
6275,Bravoooooooooo,1,Egypt
6276,7lew elmousalsel,1,Oman
6277,ja3four,1,Morocco
6278,"Fja3ni _x000D_
محلاها مرتك اله يحفضكم😊😍👍
ma7la zino ;)
9tltna dha7k .
cv southa 7low
Rajil mitroubi ou ikdim a3la rouhou
Bayouta ye mezyenaaaa tbarklh aalik tjrs jeune ma chère 😍
تبرك الله اعليها صوت حلو ومزيانة
راجل.ياوليد.انت.مثلتنا.احسن.تمثيل.برافو.وخروجك.احسن.ماتبقي.مع.الشلايك
معلم.
Mizyén
برافو عالمي
أحسن و أقوي قناة في تونس و أكثر ناس خادمة برافو واصلو و كيما يقولو عين الحسود فيها عود ...  Bravooooooooooo:*
منورة كلام الناس **
wajiha men a7sen el moumathlet fi tunis  w eni cha5siyan te3jebni barcha w n9olha ya3tik sa7a 3ali t9adim fih w inchalah men 7asan l a7sen :)
ديما متألقة بنجاحاتها  و  راح تكون ممثلة  مسرحية و تلفزية  كبيرة
lotfi momatel momtaz 3ale5r
فنّانة متكاملة ...صوت وأناقة ورشاقة وجمال...ان شاء الله ربّي يحفظها وان شاء الله تكمّل وتواصل النجاحات في مسيرتها الفنيّة
bravo jalloul
صوت روعة واصل امنة
راجل متثقف و واعي
Moumathla hayla  ta3rif tiadi dawrha
Raw3a
بلطي يا معلم إنشآء الله ديمة فالعلالي وربي يحميك
thabbbbel :*
ja3four dima nhebouk ma7lek
Bravo ki 9al lel 3arrafa manesm3ekch w mansad9ekch
Bravooo ena ye3jebni na3rfou f mosaique e
والله شكيب إنسان طيب ما احلاك اصلا كلام الناس بدون شكيب سامطة مع احتراماتي لآخرين وتحيا خاصة لتونس نموت عليكم بزاف والله
bravo la9ta 3alamiya
Ya wildi rak m3allim
Bel7a9 ja3far n7iib n9oliik kilmtiiiin a3miil il 5iiir w enseeeh"" w ""rabi ikathar mineek eneees""",1,Tunisia
6279,Bravos  bravos,1,Iraq
6280,محلاك و محلا صوتك وانا من اكبر معجبينك وربي يوفقك :-* <3,1,Qatar
6281,معلم ........ربي اعينو,1,Tunisia
6282,hhh m3alma,1,Yemen
6283,Mala meche normal  a7la mousalsel,1,Morocco
6284,3sal,1,Oman
6285,حلوة فكرتك يا سامي,1,Palestine
6286,Ya3tih saha momtaz,1,Tunisia
6287,بصراحة يزيدني افتخارا هذا المثقف المعتدل .....,1,Saudi Arabia
6288,Hlouwa barchaaaaa,1,Morocco
6289,Mahlak,1,Syria
6290,برافو كلامك عجبني,1,Palestine
6291,مع احلى منشط نووووووووووووووووفل ...الى الامام نوفل وربي معاك ومع جميع العاملين في القناة  نحبكم برشششششششششششة,1,Tunisia
6292,شلغوم شرق عليه لوك جديد,1,Libya
6293,Vraiment bravo,1,Tunisia
6294,Bou zinhom,1,Lebanon
6295,تعجبني برشا ..من أحسن الممثلين في تونس,1,Tunisia
6296,Yaatiha elf sahha,1,Tunisia
6297,Machalah,1,Oman
6298,محلاك <3,1,Tunisia
6299,Te3jebni Mra wa3leha leklem 👌👍,1,Morocco
6300,مااحلاك رانا نحبوك وانت محبوبة و مشهورة خمسة و خميس عليك,1,Algeria
6301,"شرفتوا الفنانين التونسيين👍""",1,Egypt
6302,رااااااجل ولد راااا جل  (y),1,Tunisia
6303,Yeser tahfouna rabi m3aha,1,Tunisia
6304,تبارك الله عليها بصراحة,1,Morocco
6305,Cv 3jebni w motrobi,1,Syria
6306,TahFouna la9ta,1,Tunisia
6307,تعجبني برش..,1,Tunisia
6308,بصراحة نحبها برشة لكن المرة ضهرتلي شريرة,1,Tunisia
6309,lotfi m3alem wem3alem walah wahdek fithmar,1,Iraq
6310,جعفور. اذاكا. لمعلم و خاصة ضماروا لحلوا وانا نحبوا برشا  وزيد برنامج متع. يد وحدة. .تحفون .. وجغفور ميش كيف برشا.عباد هو يحب اعانة الناس..  برجلية  برافوااا برافوااا,1,Tunisia
6311,برافوووووووووووو,1,Lebanon
6312,Tbarkalla 3liha,1,Lebanon
6313,Ja3four wa7dek fi jaw,1,Lebanon
6314,Bravou sami tla3t 3lihom brins,1,Tunisia
6315,عين الحسود فيها قنفود  😂❤ Zin w 3in w 9ad tbarkallah alik 💗 yestana fik most9bel kbiir fi majél el tamtil,1,Tunisia
6316,تميز وابداع **** الله اكبر عليك*,1,Tunisia
6317,راجل راجل,1,Libya
6318,لطفي العبدلي يا معلّم <3,1,Tunisia
6319,ما شاء الله عليكم الف مبروووووووك,1,Qatar
6320,9mar 14 te3jebni,1,Saudi Arabia
6321,برافو برافو برافو أحمد الأندلسي,1,Tunisia
6322,Bravo💜9a3ad te5dem fy mosika heylllla nchallllah raby ywaf9k w diiima l9odem 💘💘💘,1,Iraq
6323,كوميدي باهي برشا  برافو امير 3>,1,Tunisia
6324,سي عبد الفتاح نحبوك و نحترموك,1,Tunisia
6325,Bravo,1,Modern Standard Arabic
6326,te3jebni ma7lhaa,1,Tunisia
6327,ياسر ممتازة و ممثلة أكثر من رائعة! !!!!! ! !!!!!!!!!!!,1,Libya
6328,برافو ملا بونو عتاه ل اكل الممثلة الى منعرش منين جبتوها و موقف بالنسبة الموضوع المثلية الجنسية يستحق التقدير و انا اساند احمد الاندلسي خاطر الشىء له من دينا و لا في تقاليدنا و يلزم يهز يعالجوهم الناس هاذم من باب الانسانية,1,Tunisia
6329,محلاك,1,Tunisia
6330,برافو لهذا العمل والإنجاز الرائع,1,Modern Standard Arabic
6331,Bravoo sami,1,Tunisia
6332,a7la toufa :*,1,Morocco
6333,حلواااا ياسر السهريه الليله,1,Libya
6334,Mahlekom,1,Lebanon
6335,( فوزي بن ڨمرة ) تربية + أخلاق + إنسانية هكة فنانين إمتاعنا إنحبوهم إكونو البرافو فوزي واصل,1,Tunisia
6336,bravo,1,Morocco
6337,معجبني كان ديدجي في وهرة و لكلام  و خاصتا لينات ... لحاصيلو وحدك يا كوستا,1,Tunisia
6338,صوت جميل,1,Egypt
6339,Tayaraaaa,1,Morocco
6340,جعفور يا معلم كوميدي محترف و خدام و زيد محبوب ربي معاك ❤,1,Tunisia
6341,مسلسل عالمي برافو,1,Libya
6342,معلم أكا ناجي..  هو الوحيد لي يخدم بڤلب و رب!!,1,Tunisia
6343,وليد التونسي لحقيقة قبل ما يعجبنيش برشا أما بعد الموقف الي خذاه من هالفئة الجديدة الي تسمي روحها بالجنس الثالث كبر في عيني برشا و عجبني خاصة كي رد على سي رأفة,1,Tunisia
6344,بصراحة وهرتو وحدها ديما  مشيخنا    لمعلم <3,1,Morocco
6345,Wallah m3allem ya mr jallou rabbi maak,1,Saudi Arabia
6346,جعفور يا معلم,1,Palestine
6347,Ma7lekom,1,Lebanon
6348,Bravo sami whl au top cette series,1,Oman
6349,عندوا القبول و انشاء الله ربي معاه,1,Tunisia
6350,موروا انت معلم و احنا منك نتعلم نسكت و انتي موجود ما نرضى نتكلم.,1,Tunisia
6351,Bravo,1,Modern Standard Arabic
6352,فنانة أنيقة و رشيقة و محترمة 😊,1,Jordan
6353,والله بنات بألف راجل,1,Saudi Arabia
6354,Tabarklah 3likom rabi ehanikom,1,Tunisia
6355,حسين الديك شعل لبلاتو الله يبارك عليه وعلی البيبليك احلی جو,1,Iraq
6356,Chab3a dha7ek braco,1,Tunisia
6357,Tooooop de Toooooop 👍👏,1,Syria
6358,ممثل رائع بتلقائيته لا يشعر المتفرج بانه يمثل,1,Saudi Arabia
6359,3ejbeeeeeeetni,1,Lebanon
6360,#برفواااااااااااا,1,Syria
6361,Awel mara ntfarj 3lih wll tl3 m7lha klamou 3akis badnou hhh,1,Tunisia
6362,ja3four Mahlek wlh tounes mestha9a  Lik,1,Morocco
6363,محلاك والله و محلا هدرتك,1,Tunisia
6364,te3jebni berjoliya,1,Lebanon
6365,m3alma,1,Yemen
6366,راجل راجل,1,Libya
6367,yaaaaaa m3alem*,1,Tunisia
6368,allahou akbar 3ala hazzine tabarakallah 3liha,1,Tunisia
6369,Barvo,1,Sudan
6370,Bravooooooo,1,Egypt
6371,نحبها أنا برشا,1,Tunisia
6372,ma yakraha had w sgar w kbar nhebouha wella ala kater mohtarma w mouch za3bena,1,Syria
6373,..حلقة متميزية  جدا,1,Sudan
6374,Bravoooo Laila chebi,1,Morocco
6375,M3llm ye Stoufa ch3liik fihom rak l king,1,Saudi Arabia
6376,وجيهة تعجبني وتشرف التمثيل والمسرح في تونس ربي اوفقها,1,Qatar
6377,Rabi ma3kom nechla,1,Morocco
6378,فوفو يا معلم عندك صوت مشاء الله عليك :) و ربي معاك,1,Tunisia
6379,Bravo,1,Modern Standard Arabic
6380,ربي إخليك لولداتك يا مدام محرزية والله محلاها,1,Syria
6381,إمرأة وعليها الكلام تعرف اش تقول و ما يوقفها حتى سؤال يعطيك الصحة,1,Algeria
6382,M3allem walid,1,Morocco
6383,Ena 3jbteni,1,Algeria
6384,Yam3lm anta,1,Algeria
6385,Lotfi bsara7a klemou dhhab w mawe9fou yeesir te3jebni,1,Tunisia
6386,Ja3fourrr,1,Algeria
6387,Te3jebni meryouma nchallah dima met al9a,1,Morocco
6388,Bravo sami,1,Tunisia
6389,m3alem,1,Jordan
6390,Bravo bendir man,1,Yemen
6391,dima mwahra 7asilou tbarkhalah 3lik,1,Morocco
6392,Sba7 lfol ya 3saal :*,1,Lebanon
6393,machala 3lih,1,Tunisia
6394,هدا الدور الحقيقى للاب و هدا قمت العطاء و التضحية الله يشفيلو بنتو و الله يعطيه القوة و الصبر,1,Libya
6395,برافو امين حلقة متميزة ...ضيوفك من تراز رفيع بردتنا على قلوبنا من نبارة...ونقلك يا انصاف اليحياوي راك دائما متالقة او مزيانة ..اشنوا السر؟؟؟؟؟,1,Tunisia
6396,bravo ya walid ya tounsi cent pour cent ya m3allem,1,Iraq
6397,محلاه.يشجع و يسهل العيشة,1,Tunisia
6398,"مزين
Ja3four m3alem
برافووو وليد ربي يحفطك
مرا تونسية و عليها الكلام  زينة يا بنت القمح و بنت الشعير ما احلاك خليييييك هكاكا ❤️❤️❤️
معلم
Mash'Allah 3lliha , rabbi ysoun w yberik :*
من الممثلين اللي بداو يتفقدو في تونس و صعيب تجي وحده كيفها :/
من حسن الى احسن_x000D_",1,Tunisia
6399,#Barhoom 3ezhom,1,Syria
6400,اخلاقه عالية .ومؤدب ويحترم ضيوفه .وهذا ما يجب ان يكون .اخلاقيات المهنةواحترام الضيوف واحترام المتفرجين ...حتى نفهم محتوى البرنامج ..,1,Oman
6401,mahlehom,1,Qatar
6402,itbarkallah alik,1,Syria
6403,جعفر القاسمي بدون تعليق برافو وربي معاك في صفاقس نحبوك برشا,1,Tunisia
6404,ta7foun w ba7bou7,1,Tunisia
6405,m3allem 3jebni ched gool l chakib yar7em waldik yser ghaleb 3liya dima 3andou may7ki ye5i mafiblouch brou7ou 3mal ri7a 5irek seket,1,Tunisia
6406,Cheikh Allah ibareklek,1,Lebanon
6407,mala jaw che5a mte3 tha7k bravooooooooooooooooooooooooo,1,Tunisia
6408,Laila cheebbi teejebni baarcha,1,Morocco
6409,Waww raw3a,1,Syria
6410,حلقة اليوم عالمية,1,Tunisia
6411,سبحان اللي جمع فيك كل الصفات الجميلة يا جعفور ، عندك من الأخلاق والطيبة ما يوزع على جميع من يفتقرها من سيايسيين و متطفلين على الساحة الفنيية والإعلامية,1,Saudi Arabia
6412,Chakib yam3alimmmmm,1,Morocco
6413,ta7foun 3ale5r,1,Tunisia
6414,m3alem wlh bravoooooooooo karim,1,Syria
6415,محلاها ومحلاا كلامها ملخر تعجبني,1,Tunisia
6416,ahla ziinaaaaaaa te3jebni baaarcha wallah bravoo :*,1,Tunisia
6417,bravooo,1,Iraq
6418,Tbarkallah  3lik  mnawer,1,Tunisia
6419,"لطفي اقوى كوميدي و الفئة لتكرز منو نقلهم  مشكلتكم راكم موش ولاد بلاد هذا علاش ماكمش فاهمين فاش يحكي...
Tbarkala aaaliha
ضحكة جعفور و كلامو بالدنيا و مافيها إنسان محبوب و لي في قلبو على لسانو حنا  نحبوووووووووك جعفور. ربي يطول في عمرك
Ahssene mounachet metkhalak barcha bon courage
برافو وليد التونسي نحبك برشا انا
Mahlek
tbarkallah
جعفور ديما موهر واصل و لا يهمك تكفيك محبة الناس
معللللللم 
m3alem
تعجبني مواقفو صحيح تحسو منرفز آما يلزمو يعمل هكاك خاطر إعلامنا يجيب في الباهي ويحب يطيحلو من قيمتو برافو صلاح
Hhhhhhhhhhhh Raw3a
Behia kawtherrrrr
هايل
أنا منسمعش غناء جملة أما بلطي يعجبني برشا
Sob7ana Allah machallah 3asla
Yser t7foun awlede moufida sirtou badre
ena cha5sien inhebek barcha <3
تبااااركالله عليها موقف اقوى من طاقتها بصراحه و قدرت توصلو الى اعماق قلوبنا ..نتصورها تعبت بعدو ...اسم الله على بنتي و ربي يوفقها وبالله خويا سامي ارحمها شويه...عزت بيا محلاها ومحلى زينها
عسل ؟؟؟ تذكّرني بفاتن حمامه.
Wahra
يعجبني.و نستنى في جديدو
احلي مسلسل
Machlah
برافووووو سامى
Chab3a dhohok 3ajbitni
barvo neji jaloul
ماشاالله عليك يا أميمة صوت و صورة❤️
Bravo bravooo.....
Nmoute 3lik maryouma
3aslaaa
Bravo
tbarkalah 3likkkkkk
اشكر ياعلاء جزيل الشكر على الاعمال الخيرية اي تقوم بها وان شاء الله يوصل كل غريب لاهله
الله يشفيك ويفرجها عليك يا رب",1,Tunisia
6420,عسلة👍👍👍💕💖💞💝,1,Oman
6421,Dh3afet barcha maryouma,1,Morocco
6422,walh m3lem ya kafon,1,Yemen
6423,"Ena rit w masada9tech nes5ayel inviter ki ja3fer gesmi _x000D_
Hlow
بكل سرحة ابداع خاصة سمير تختب نميس يا معلم تريح على قاعد ههههههههههههههه
em3alim amine wasil bravo
انت معلممممم ♡
عبد الفتاح مورو أعتزو و أتشرف به
Ja3four dima mwahre
yassir tahfouna hanene echograni
 تحفونة
كم يعجبني فنيا وثقافيا تحدث بصدق يستحق الاحترام
روووووعه
يعتي الصحة للوزير والقاضي هذه الحرية واللي بلاش في تونسنا اليوم
7low (y)
نحييك يا ولد بلادي و ربي ميخليها بحد براافوو ليك
ana hadha echakhs ya3jabni 3allakher lianno fannen w ya3ref ach ya3mal  bravo kafon wassl
Mahlaaaaaakom
M3alma
Bravo mousalsel tayara barchaaa
3amel 9adech men 7arboucha hh ya m3alem
Tayara
يواتيها دور ليلى بن علي . تنجم تمثلو مليح خاصةً الملامح قريبة برشى
Ana bkit bravo wallh
Kafon isem 3la mosama ;)
صوتها حلو
برهان بسيس من أهم و أكثر إلمنشطين إلي يعجبوني واصل ;-) و سبق الخير تلقا الخير تتلفة وراك تظيع إلي قدامﻻ  خلينا متفؤلين <3
جعفور يا معلم
Ma7lehom Rabi lemchamlhom yarab
ناجي جلول يامعلم واحنا منك نتعلم
Bravo khadija
3ejbetni Moufida , elle fait bien son rôle .
3sal el denya w win t7otou ynawer w lookou yfata9 w mwetih
عسسسسسسسسسل
ya3jibni n9olou bravou wasel
nawfel wahdou
w nahna zeda nehebouk 5atrek henine
Bravoooooooo madam
راو احمد بيدو كان يتبع في المثليين وداخل معاهم هههههههههههههه",1,Tunisia
6424,تعجبني برامج انتاعك الكل تبدع فيها موش رمي ورود لكن الحقبقة اما بابنسبة المفيدة الليلة كانت ضعيفة الشخصية في مواجهة مشكلتها علما وانك فدمتها في صورة المراة القوية من قبل ايضا بيرم في الاول رجلة وبعد اصبح يهدد في والدته..المهم برامجك حلوين برشا وابدعت فيهم,1,Tunisia
6425,Weld asel et  metrobi,1,Morocco
6426,Machallah,1,Oman
6427,Bravo maître naji jalol rajel yokhed rajel,1,Tunisia
6428,swayet,1,Lebanon
6429,بنات عفويين وصيودة  متمسكين بوالدهم ربي يباركلهم,1,Morocco
6430,Ma7lah 3sal,1,Yemen
6431,3asla Ramrouma wlh,1,Morocco
6432,Tbarkalla 3liha zin w 3in w tha9afa machalla 3liha raby ya7miha,1,Iraq
6433,a7la walid twa7achnak fel tatoooooooooooooo,1,Yemen
6434,nour a3ez man3di rabi ya3tih 3la 9ad 9albo,1,Tunisia
6435,جعفور يا باهي,1,Tunisia
6436,Olala m3alem,1,Algeria
6437,مومثلة ناجحة او نتمنلالها مسفقبل مليء بل اعمال الجيدة,1,Iraq
6438,wajiha zinet el7al9a bravooooooooooo,1,Syria
6439,معلم,1,Oman
6440,Ma7léha w ma7la dawrha w wildha 3andha il 7a9 ta3mil hakéka il om ili trabi mouch ili toulid w thamil,1,Tunisia
6441,ملي صغير نعرفها هكا متكبرش يا خي هههه,1,Algeria
6442,مشششششش نورمال,1,Tunisia
6443,"رقي اخلاقي وفكري ..._x000D_
Ma3limeeeeeeeeee
ممثلة  من أحسن الممثلات في تونس
Wahdek ya chi5 ya M3alem dima kalamek fi blastou ama na9sen Mel infi3al ti saysena 3ala a3sabek
ضامر..
روعة مريومة برافو ♥♥
محلاهم بعفويتهم كل واحد فينا يتمنا ولادو يكونو يحبوه ويقبلوهم في اي عمر
hajer ta7founa barcha
ههههههههه مجرد ذكر إسمو نضحك
Lotfy m3alem
Maalem
يعجبني صوتو برشاااااا..
من أحسن الممثلين في تونس وأحنا نفتخروا بالأعمال متاعها
Ta7founa
نور تبركله عليه
ma7leha tounissna haka n7ibouha dima joi
Bravoooooooooooo",1,Tunisia
6444,محلك ومحل مرتك وموتين بعضكم,1,Syria
6445,يا حسرة على نوفل وحدو بصراحة يخلق جو بالسيف.في الحوار التونسي عملتو برشا تغيرات أما راو حد ما ينجم ياخذ بلاسط لآخر مثلا مي القصوري مستحيل تتعوض وإلا هاكي مريم بالقاضي قاعدة تجتهد أما مستحيل تنجم تاخو وإلا توصل إلياس الغربي و حمزة البلومي. مالاخر ارجع يا نوفل لكلام الناس,1,Tunisia
6446,Chakiiiib ya m3alim,1,Morocco
6447,m3allma (y),1,Tunisia
6448,ماأحلاك و مأضمرك و ماأعزك!!!! ❤️😘❤️😘😘,1,Lebanon
6449,Birjoulia m3allim w 9oul fil 7a9 ana inhibbou,1,Syria
6450,bravo dorra <3,1,Tunisia
6451,هايله,1,Libya
6452,كي تفرجت في حسان كنت نتبسم من غير ما نشعر هذا هو الإبداع الحقيقي انت فنان ومهبول ومبدع برافو,1,Algeria
6453,حلوة,1,Saudi Arabia
6454,Bravoo walid klamek manti9i w wathe7,1,Yemen
6455,تونس مستحقة لامثالك #جعفور <3 !!,1,Qatar
6456,Bravooo sami ;-),1,Libya
6457,Tbarkalla 3lihom,1,Lebanon
6458,أحسن ممثلة في تونس,1,Algeria
6459,tbaki barcha,1,Tunisia
6460,موهرة,1,Iraq
6461,معلم واحنا منك نتعلم,1,Qatar
6462,Bravoo ya3taha issa7a,1,Saudi Arabia
6463,أحلي جعفور في دنيا وله فرهتنا علي قلوبنا,1,Egypt
6464,إحتراماتي ليك .و ياريتك فسرتلهم شنوا الفرق بين انشاد الديني والانشاد الصوفي و السلامية الي تمدح في الرسول و الاولياء الصالحين و ناس تمل عليها .ربي يهدي,1,Libya
6465,Bravo,1,Modern Standard Arabic
6466,هذا الرجل يقول كلام معسول,1,Iraq
6467,Wahida dridi dima met2al9a w mezyena w rouge yeser mwetik,1,Iraq
6468,جعفووووووووووووور وحدك يا معلم 😜 يا فرطاس ربي يحفظك يا غالي,1,Lebanon
6469,ممثل بأتم معني الكلمة غير الحظ ما حالفوش,1,Tunisia
6470,شيخ تحيفة تحفة حفة,1,Tunisia
6471,Ana Nhbha,1,Lebanon
6472,Bravo sami,1,Tunisia
6473,Kol elihtiram wettagdir y'a si FAWZI,1,Morocco
6474,oui yhabil southa <3 <3,1,Tunisia
6475,Hhhh mech 3adi :-* me7leh hwa w bedr <3,1,Tunisia
6476,Tbarkala 3lik dima te3jebni enti a7sen moumathla,1,Tunisia
6477,akid 3jbtna,1,Morocco
6478,3asla w thabel,1,Saudi Arabia
6479,Bravo JALLOUL,1,Lebanon
6480,عسل,1,Palestine
6481,بوزينك ❤❤ محلاك 💖💖 ربي معاك,1,Tunisia
6482,فتاة جميلة,1,Oman
6483,احلا  عبد الحميد ربي معك,1,Lebanon
6484,a3az waziir chouftou  bravoo,1,Tunisia
6485,bravooooooooooooo (y),1,Qatar
6486,روعة,1,Saudi Arabia
6487,bravo m3lamm wrabi ykathir minik ness,1,Iraq
6488,محلااااااك و ماحلى كلامك ممثله و عليك الكلام,1,Yemen
6489,Tougtl 3asl yefihri,1,Algeria
6490,3ssaaaal,1,Morocco
6491,walid etounsi tounsi w 3lih leklem,1,Morocco
6492,انت معلّم و احنا منّك نتعلّم,1,Libya
6493,mahléha yeser damra ....bravo.hhhhh,1,Tunisia
6494,Msalli 3la nabi tidkarmiche,1,Syria
6495,Jaw 3liha :p,1,Lebanon
6496,Ya m3lem,1,Tunisia
6497,bravo yeser tahfouna,1,Morocco
6498,رجل سياسي كبير,1,Oman
6499,نحبو و يعجبني برشا,1,Tunisia
6500,souutou behhi,1,Lebanon
6501,يعطيك الصحة بنت بلادي ربي يحفظك,1,Algeria
6502,برافووو..خديجة..لقطة مؤثرة برشا,1,Tunisia
6503,يا علاء يا أحسن و اطيب انسان و مقدم   رأيته في حياتي. و الله الدزاير كامل يحبوك و انا نحبك.  و جزاك الله الله كل خير على واش راك تقدم من افعال خير علبالي موش وحدك. راهو ايكيب انا نوراك لكن احنا نشوفوك انت اللي في الواجهه. و اكمل في طريقك  و خلي الكلاب تعوي.  هههه واحد كي ما لقى ما يعلق قالو. ااااه حرام عليه يحضن في المرأة قدام الناس. و قدام رجلها و ما قال شي  ياخي عباد ياخي.  ربي يوفقك علاء خويا.,1,Libya
6504,Ja3four ya m3athebhom dima 3amlena jaw <3,1,Tunisia
6505,فوزي بن قمرة معلم والله برافو يستفزوك و تعرف كيفاه تسكتهم,1,Tunisia
6506,برافو الرحموني والله بردلي على قلبي,1,Morocco
6507,Tayara sotek,1,Sudan
6508,نحبها ويعجبني كلامها,1,Tunisia
6509,بنات مشاء الله رب يحفظهم بنات ب100راجل,1,Saudi Arabia
6510,ma7leha <3,1,Morocco
6511,a7la ja3fouurr ;),1,Morocco
6512,tfatag,1,Saudi Arabia
6513,MA7LAHA,1,Syria
6514,سهرية عالمية مع الأندلسي ، إنسان شايخ ، واضح و صريح ، احترمك رغم انتمائي للأفريقي . برافو واصل في طريق النجاح و ربي يوفقك خير,1,Tunisia
6515,احلى حسين ربي يحفظك و نشاله من حسن الى احسن بحبك مووووت,1,Tunisia
6516,wajiha il jandoubi wa7adha fi tamthill :D,1,Lebanon
6517,Jaw 3lih karim bravooo,1,Lebanon
6518,Ma7lahom,1,Lebanon
6519,برافو..كلامك عجبني,1,Egypt
6520,motrobi hh,1,Lebanon
6521,جعفووووور صاحبي الغول برى يراك وين تقبل تربح,1,Tunisia
6522,Bravo sami sitcom yfata9,1,Yemen
6523,M3allmiya Rabbi m3akom,1,Tunisia
6524,Tbrkallh 3likom,1,Lebanon
6525,sa7it nour wassel,1,Morocco
6526,bravoo ja3fer enti el fanen el wa7id eli 5demet l cha3b ettounsi w ma5demtech bihom <3,1,Morocco
6527,enta m3aleeeem <3,1,Tunisia
6528,ولد حومتي 😍,1,Tunisia
6529,le meilleur <3,1,Jordan
6530,Mra mounadhla wma3ande man9oul faha,1,Morocco
6531,فنانة مكتملة تمشي مع الاقلام الكل كيما قال شكيب,1,Tunisia
6532,Ma7lakoum thamrine....,1,Algeria
6533,Bravo walah baketni,1,Oman
6534,Tbarkallah 3leha a7la mi. Lilya w o5tha hhhh rabi yhanik,1,Iraq
6535,Ma7léha Ou baaéd L mousalsél zédéét zyénééét <3 <3,1,Tunisia
6536,Mchalh 3aleha wallh,1,Morocco
6537,besreh ma3lem 😂😂,1,Morocco
6538,dhamer,1,Tunisia
6539,تبركالله عليك جعفور قداش تعمل جو وتخلي القعدة حلوى 👍👍👍,1,Tunisia
6540,معلّم و خفيف روح ....يفرّحني برشا إنّو تونسي,1,Tunisia
6541,نعزها و انقدرها برشا,1,Tunisia
6542,Bien Bravo,1,Algeria
6543,Yeser finou wta3jabni barcha,1,Syria
6544,NOUR RAK MALLEM,1,Qatar
6545,بصراحة مثقفة و تعرف تحكي,1,Algeria
6546,مرا تونسية و عليها الكلام تونس كاملة تحبك ❤❤❤,1,Saudi Arabia
6547,والله ثلاثة برافو عليكم,1,Tunisia
6548,bravo,1,Morocco
6549,انحبها برشة,1,Tunisia
6550,Yesser masset,1,Syria
6551,Ja3fouuuuur bou zink :* :* :* :*,1,Tunisia
6552,لمين صريح ورزين في كلاموا على ذاك أنا نحبو.برافو لمين النهدي,1,Tunisia
6553,9ewya barcha,1,Morocco
6554,لمرزوقي خير منكم وخير من أمثالكم,1,Tunisia
6555,برافو وليد وحدك فلوهر,1,Morocco
6556,M3allma borjouleya b8lbha,1,Tunisia
6557,M3aleeeeem chapeau,1,Morocco
6558,هذيكا اجمل فنانة تونسية عبر التاريخ ان شاءالله ديما متألقة,1,Saudi Arabia
6559,Bravo et bonne continuation vraiment une vraie actrice,1,Morocco
6560,Ia9ta hayla ya saber hhhhhhh,1,Lebanon
6561,Wahdek…...hhhhhh,1,Lebanon
6562,كبرت في عنين بارشا توانسا احمد لندلسي.,1,Tunisia
6563,عسل سي عبد الحميد نتمني نراك في مسلسلات رمضان العام هذا,1,Libya
6564,ههه عالمية,1,Palestine
6565,عشششششل مشاء الله,1,Saudi Arabia
6566,"محلاه اسمها ""عائشة""",1,Tunisia
6567,Bravo bravo fawzi wasel w rabi yonsrek,1,Iraq
6568,Bravo samu,1,Tunisia
6569,tbarka la 3lik ya maryouma,1,Morocco
6570,نور شيبة #نحبك,1,Tunisia
6571,bravo lotfi dima chab33a tho7k m3ak,1,Tunisia
6572,حسين الديك يامعذبهم_x000D_ صوت أناقة أبداع خوي ربي معك,1,Saudi Arabia
6573,Toooooooop <3 Bravooooooo (y),1,Saudi Arabia
6574,ديما منور يا شيخ <3,1,Tunisia
6575,اسد البلاطوات,1,Tunisia
6576,يعجبني برشا ياسر متثثف و يعرف يحكي .. انشاأالله ناس كل كيفك,1,Tunisia
6577,Ma7leha,1,Lebanon
6578,مسلسل  روعة وبرفو ليكم,1,Egypt
6579,Hhhhh uii 3ejbetniii,1,Tunisia
6580,olfa 3zizty dina chik w mnawritna :*,1,Morocco
6581,Chapeau et bravo monsieur,1,Morocco
6582,A7laaaaaa ja3fouuuurrr bravooo💟💟💟💟,1,Morocco
6583,mais soutou tayara  bon courage,1,Syria
6584,bravo mahleha rabi y5aliha saghrouna,1,Yemen
6585,Wasel rak mahsoud ya daleji,1,Morocco
6586,5amsa w 5mis 3lik ya si khaled,1,Tunisia
6587,جعفور روعه روعه روعه روعه روعه روعه روعه روعه روعه يارب تحميه و اتخليه و من حسن الصدف اني اتقبلت معاه هو انسان بمعنى الكلمة ان شاء الله من حسن الى احسن امين يارب العالمين,1,Egypt
6588,يضحك ياسامي برفو برفو,1,Tunisia
6589,أما المذيع ظهرلي فيه مُتَخلَّق خير من برشة عُبَّاد كانوا موجودين,1,Tunisia
6590,معلمة عرفت كيفاه تحكي  ❤برافو طاطا ليلى,1,Morocco
6591,3sal,1,Oman
6592,bravo ناجي جلول,1,Tunisia
6593,Oui tayra ;-),1,Libya
6594,el kebire kbire ya 7abibi,1,Morocco
6595,Bsara7a houwa momtez a7sen kif raya7touna men maya lgsouri,1,Tunisia
6596,محلاااااك ألفة,1,Tunisia
6597,a7la Amel,1,Tunisia
6598,Bravo jaloul m3allem,1,Morocco
6599,معلم يعتك الصحة,1,Tunisia
6600,Hia ma7leha,1,Morocco
6601,الشيخ عبد الفتاح مورو علم و ثقافة و دين و أصالة ولازم احترامه وعيب نبيعو ونشرو في العلماء.,1,Libya
6602,ma3allem,1,Morocco
6603,فتاة صغيرة متميزة عن باقي الفتيات...,1,Saudi Arabia
6604,Hhhhhhhh bravo karim 😂😂😂😂😂,1,Jordan
6605,Behi bravo 👍👏,1,Jordan
6606,Ja3four n7ebou barcha :*,1,Morocco
6607,klemha 7lew w mawzoun rabi ya7mik aycha,1,Iraq
6608,انا  نحبك و زدت حبيتك أكثر بعد برنامج يد واحدة <3 ربي يعاونك جعفور <3,1,Tunisia
6609,3sssssal,1,Lebanon
6610,عجبتني وليد الموقف هذا ينجم يكبرليك الكاشي هههه bravoooo,1,Tunisia
6611,Tayaaaaaaaaara chekhna dhohk,1,Morocco
6612,tbrkallh 3la o5tiiii :*,1,Tunisia
6613,Bravoooooo,1,Egypt
6614,M3alem ki yetkalem👍🏿,1,Tunisia
6615,Hahahhah yokteeelll b dhooohkk ❤,1,Syria
6616,tayaraa vraiment bravoo,1,Tunisia
6617,rajel w sid rjel enta m3allem w menk net3llem,1,Tunisia
6618,Wa7dek ye #ja3four 5miiis 3liiik,1,Iraq
6619,N7ebkoum barchaaaaa 😍😍😍😍😍,1,Morocco
6620,Bravoo naji jaloul,1,Tunisia
6621,برافو برافو برافو برافو برافو برافو برافو برافو برافو برافو برافو برافو برافو برافو برافو برافو برافو برافو برافو برافو برافو برافو برافو برافو برافو برافو برافو برافو برافو برافو برافو برافو برافو برافو برافو برافو برافو برافو برافو برافو برافو برافو برافو برافو برافو برافو برافو برافو برافو برافو برافو برافو برافو برافو برافو برافو برافو برافو برافو برافو برافو برافو  والله هذا اش انجم انقلك يا وليدي كان 100000000 برافو وراجل وهذا اش اتخرج لحوم العربي والله هزيتلي راسي وفرحتني بيك برشا يا ولد حومتي يا راجل,1,Tunisia
6622,7lowa warda fi wset hiwar,1,Syria
6623,ديما حلوة,1,Tunisia
6624,بكل بساطة معلم,1,Libya
6625,Momathla behiya ch5aleha 9a3da tmethl 3lina kol,1,Tunisia
6626,Wajiha jendoubiii fanena bel fam w el mlaa teb9a dima mnawra :*,1,Morocco
6627,A7sen chanteur de tunis,1,Algeria
6628,فنك يعجبني و صوت تبارك الله  …,1,Tunisia
6629,"bravo walid tounsi _x000D_
صوتها طايرة تشرف تونس
Tbarkalla 3lik lotfi wa7dek fi dhmar
Bravo
هي محلاها تعجبني اما لواه بدلت عينيها ولات تقول مصاص دماء ربي يعفو
ربي يبارك عليها عسل
Wawww to9tel 3sal
محلاها فيها هههههههههه
To9tel
Bsara7a thabel 5asatan sabri w lebrens
Machallah
M3alem  hhh
أقوى واحد فيكم دماغ ومعلم
top
Malla baya wrahmet bouk tayra
Raw3a
Bravoooo Walid
Tahfoun amine gara wmetrobi
Tbarkala 3alaha
إمرأة مثقفة و فاضلة
3andou kelma
واش خص کان جات بنات تونس الکل هکا نعمة من عند ربي مازال فما الخير
أحلى رمضان على أحلى قناة تونسية و إلي موش عاجبو يعاونا بسكاتو
Bou zink etfate9
Bravo
hhhhh 3alamiya maya t8ani fi 7oumani <3
مرا و عليها الكلام
wa7dek ma7leeeeeek
سي جلول يعطيك ألف صحة و ربي يبارك فيك ..والله انت اسمك باش يدخل لتاريخ تونس المشرق بأخلاقك  و ثقافتك و مبادئك الي مأمن بيها و دافع عليها ..وليداتنا أمانة في رقبتك  و مستقبلتونس بين ايديك و احنا فخورين بيك و عاطيين فيك الثقة  ..ربي معاك و الراجل الحقاني يكرهوه خفافش الظلام خاطر نور الحق و العدل و العلم يعميلهم عينيهم ...برافو سي جلول و يرحم والديك
Raw3a ya maryouma  wsli ahsanti
فنان ذكي. . رغم صوته المتواضع.. عرف كيف يختار طريقه.. و يكون شخص ناجح في مجاله..
M3alemmm .... MIZEL FEMA RJÉL FI TOUNES <3
OLFA mahlek ta soeur ayouta
صوتها  باهي و يعطيك ألف صحة يا سامي المسلسل و را برشا حقائق
محلا زينها مل تحفونة
ممثلة ممتازة
Ja3four ya behi d5alet legloub ettwansa elkol rabbi iwaf9ek
Zin w 3in w surtout sout mach alla 3liha
3jebni Badr ki d5al haz  lbébé w5raj
Bravo Grand Néji.
والله نحبها برشا
3alami bsara7a
وحدك يا جعفور
حلوة...  شار مانت""""",1,Tunisia
6630,7lowa,1,Lebanon
6631,yesser ma7leeeha mais dawr 5raj 3la laila 5ir,1,Tunisia
6632,m3alim sami fihri,1,Morocco
6633,bravoooo walh,1,Yemen
6634,fannen mo7taram fi 8anah illi taw ma3adich minhom fi tounes,1,Syria
6635,A7la walid fi a7la fann,1,Tunisia
6636,👏👏برافو لطفي..واصل إنت ممثل وكوميدي موه‍وب عندك طريقتك الخاصة صحيح أما زادة عندك برشا ناس تحبك وتعتبر ناجح والنتيجة التتويجات ..,1,Tunisia
6637,Franchement Bravooooo,1,Syria
6638,Bravooooo sami wlh chb3a thou7k bravoooo,1,Tunisia
6639,كرمك الله يا منانة دائما في الذكريات الجملية,1,Tunisia
6640,جعفور أنسان طيب و ربي يعطيه عاى قد قلبو  <3,1,Lebanon
6641,معلم امين مريقل,1,Tunisia
6642,3saaaaaaal ya hanene,1,Saudi Arabia
6643,روعة في الاخراج و التمثيل,1,Algeria
6644,Nhbouha bar cha,1,Morocco
6645,برجولية تبركلا علاها,1,Tunisia
6646,nour inchl min hasan ile ahsin bravooooooo,1,Lebanon
6647,M3alma.,1,Tunisia
6648,ولد منطقتي ربي معاك,1,Tunisia
6649,Hhhhhh m3alma,1,Yemen
6650,M3alemmmmmm,1,Algeria
6651,Inssena rakia yeser wmotrobia,1,Lebanon
6652,"حلقه عالميه""",1,Libya
6653,M3alm,1,Lebanon
6654,Ahsen 7al9a fi 2014 hhhhhhhhhhh,1,Yemen
6655,حتى حد ماينجمش يشك في قيمة ناجي جلول bravo,1,Tunisia
6656,راجل و صاحب مبادئ و رايه في قضية  المثلية الجنسية  عجبني برشا,1,Tunisia
6657,Te7foune,1,Algeria
6658,Bravoo kafon  nchalah dimaa hakaa,1,Iraq
6659,راجل,1,Libya
6660,Yfata9 nmout 3lik y'a kafon,1,Syria
6661,صحيح (y),1,Yemen
6662,Ta7founa,1,Morocco
6663,"هههه والله تحفونة الفازة _x000D_
انتي الراجل
fawzi ya m3alem klamek mo9na3 wsari7 ya ben gamra
Ma7la zinhom bech nkaberha w na3milha poster fy dar
ياسز حلوة
jaafour nhebek yesser ama chbik  ma tjich* lkerkennah*
الحوار التونسي باهية في كل شي
Raby y5alilnaa barhoum
N7ebha mout
a7la wa7ed fihom sid a7med khotab 3al bab!!!!!!!
Wahdek ya sami ilfhri
راااجل
Bravo
بنية باهية
Bravo layla w twa7achna bentek khalineha tmathel m3ak wini ?
Ja3four m3allem haka rabi yawf9ou inchala
معلم الشيخ مورو
7louwa w mezyena w yéééésser FINOU""",1,Tunisia
6664,A7sin groupe mout 3likom w rabi ywafa9kom,1,Syria
6665,رووووووعه,1,Yemen
6666,ياسر فييييييييينو,1,Tunisia
6667,قلت الحق يا وليد,1,Tunisia
6668,thabel ha tofla une vrai star southaaa yfata9,1,Tunisia
6669,3aaaasla,1,Morocco
6670,A7sen wzir bravo,1,Tunisia
6671,كلامها واضح و صريح و تعرف توصل الفكرة و لكن شكيب و كلامو وحدو,1,Libya
6672,محلاهم و خاصة الفتاة ♥,1,Tunisia
6673,الكبير كبير,1,Tunisia
6674,Mahleha <3 <3 <3,1,Algeria
6675,جعغر اجمل واحلي ناس في كلام الناس,1,Libya
6676,7Al9 3alamia,1,Yemen
6677,Wahdek ya hannouna,1,Lebanon
6678,M3alam,1,Morocco
6679,Sì lemin 3jibetni lyoum,1,Tunisia
6680,tbarkallah 3laha mra w nos,1,Iraq
6681,A3az wa7ed fihom bayrem,1,Tunisia
6682,Raw3a...bravoooo (y),1,Tunisia
6683,بصراحة ناجي جلول ارجل انسان في تونس,1,Libya
6684,روعة,1,Saudi Arabia
6685,Bravo,1,Modern Standard Arabic
6686,Hassen lim3alam !!,1,Tunisia
6687,بارك الله فيك والله واقفة معاه خير من الف راجل,1,Tunisia
6688,Mahlaha sa3a,1,Morocco
6689,برافو,1,Lebanon
6690,m3alem,1,Jordan
6691,Bravo oooooo,1,Egypt
6692,Bravo walid,1,Jordan
6693,احلى صباح لاحلى بنوتة عسولة,1,Egypt
6694,Ma7léeeh howa a7sen wa7ed ye3jebni,1,Morocco
6695,أحسنت  يا ولييد أبهرتنا كلعادا,1,Lebanon
6696,نور شيبة... فنان ناجح و محبوب ولعباد لكولها تحبوا يارب توصل للي تحب عليه  _x000D_,1,Tunisia
6697,انت معلم واحنا منك نتعلم,1,Qatar
6698,معلم <3,1,Saudi Arabia
6699,Samiii ♡♡♡♡♡,1,Egypt
6700,Maliket jamej w an9a fi tounes w ma jawrha,1,Iraq
6701,جعفووور يا باهي محلا طلتك والله كان مش انت لا نتفرج 😀😃😍😍😍😍,1,Tunisia
6702,صوت قوي و ممتاز,1,Saudi Arabia
6703,احسن حلقة,1,Saudi Arabia
6704,نهارك ازين  ونحنا نحبوك سامي 💜💜💜💜,1,Morocco
6705,M7leha <3,1,Algeria
6706,احلى نور شيبة,1,Iraq
6707,انت الحب بلطي,1,Sudan
6708,برافو وليد برافو احمد والله رجال,1,Tunisia
6709,فنانة. وعليها. الكلام,1,Morocco
6710,Ma7leha simple est belle la 7omiiir la dobiiiii3',1,Tunisia
6711,bravo sami,1,Morocco
6712,Yo9tel b dho7ek 😂😂😂,1,Tunisia
6713,3a9la,1,Algeria
6714,Stouufa yaa faneen e5deem weech 3liik yaa m3aleem !,1,Tunisia
6715,Rajel (y) yarhem lemima li jabetk,1,Syria
6716,bsaraha tayara bravooooo sami el fehri,1,Tunisia
6717,l7a9 dima mwaher,1,Tunisia
6718,بكلهم ابدعووووووو برافو برافو برافو برافو برافو,1,Lebanon
6719,m3allim  jalloul,1,Morocco
6720,ممثلة صاعدة صحيح و انشاله ربي يوفقها...,1,Libya
6721,Yaa m3aaaalmm,1,Tunisia
6722,Rajel wallah ya3tih alf sa7a bravoooo,1,Tunisia
6723,7lowa,1,Lebanon
6724,Bravo,1,Modern Standard Arabic
6725,Bravo y a walid y a tounsi abb 3an jadd,1,Yemen
6726,M3alim👍,1,Oman
6727,ma7lehom 3la b3adhem,1,Tunisia
6728,Yhabeeeel,1,Lebanon
6729,يا عتيك الصحة يا شكيب مواقفك كلها صحيحا او في بلاستها,1,Tunisia
6730,Bsara7a 7al9a 3alamiya,1,Tunisia
6731,ممثلة و عليها الكلام 💕💕,1,Jordan
6732,M3alem,1,Lebanon
6733,A7sen we7d fi syesa,1,Lebanon
6734,<3 <3 ma7lehaaa,1,Morocco
6735,sa7a ja3four :p,1,Morocco
6736,Enti yeser meziena ou ta7founa wena enmout a3lik,1,Morocco
6737,خفيف روح و ذكي و هذي وصفة كل منشط ناجح ...بالتوفيق,1,Saudi Arabia
6738,bravo oulah,1,Iraq
6739,تعجبني خير من برشا invitee جابهم نوفل,1,Tunisia
6740,يا مععععععععلم يا جعفور ملا إنت !!!!!,1,Tunisia
6741,يعطيك الصحة ليك والممثلين الكل,1,Algeria
6742,Metrobi w 5iir min naoufel....,1,Tunisia
6743,Welh m3alma,1,Yemen
6744,جعفر يفكرني بسفيان الشعري الله يرحمو إنسان ذو أخلاق عالية ... إلي في القلب في القلب ... ربي يثبتك,1,Tunisia
6745,M3alem.    Yetkalem,1,Algeria
6746,احلا امين احلا كاف احلا مكي و زكية يعمي راني نقدرك ههههههههه رياض النهدي,1,Tunisia
6747,جعفر من احسن و احب الممثلين في تونس حب للبساطة والبسطاء خلاه يكسب احترام كبير من الناس,1,Yemen
6748,Bravo 7lewa el7al9a,1,Egypt
6749,عسولة,1,Libya
6750,mra ta3rif ech tahki w echta3mil.nhebha barcha,1,Tunisia
6751,Raw3a<3,1,Saudi Arabia
6752,حسين الديك صوت فوق الخيال الله يوفقك,1,Qatar
6753,Yeser class  <3,1,Lebanon
6754,احلى صباح مع احلى ابتسامة تشع من وجه طفولي بريء.عيشوشة البشوشة يا احلى بنوتة يخليكي يارب ومايحرمناش  من ضحكتك العسل.,1,Tunisia
6755,Nour chiba y'a m3almmm <3 <3,1,Saudi Arabia
6756,Allah ahad,1,Yemen
6757,bravo a3liha,1,Morocco
6758,Cha5chou5 m3allem.,1,Morocco
6759,برافو عماد دغيج علقل رفعت روس التوانسة ماخليتش بن علي يضحك علينا الليلة براااااافو,1,Tunisia
6760,ميمو محلاك وكيداهم حسن واصل,1,Tunisia
6761,ENA ya3jebni barcha bsara7a,1,Morocco
6762,افضل ممثلة في تونس,1,Tunisia
6763,Uiiii bravo tbarkallah aliha el banouta 😘😘😘😘😘😘😘,1,Iraq
6764,bou ziiiiiiiiiiinha ma7leeehaaaa,1,Tunisia
6765,taberkala 3lih taajebni fi jaabni ya wajiha jandoubi,1,Lebanon
6766,سمحة ياسر,1,Tunisia
6767,رجل في زمن قل فيه الرجال.خاطر بحياتو اقل حاجه يكافؤه بخدمة ان شاءالله ربي معاااه,1,Libya
6768,الإنسان مواقف وترك السمعة الحسنة هدف ينشده الجميع,1,Iraq
6769,Ma7lakom,1,Lebanon
6770,7asilou wa7dk fil wahra,1,Morocco
6771,Mà3łêm,1,Algeria
6772,ya brince ya m3allem,1,Morocco
6773,Bravooooooooooo c'est bin  c'est manifique,1,Morocco
6774,Rabi ywaf9ek we ykater men amtelik,1,Iraq
6775,Atyab 9alb,1,Lebanon
6776,Wa7dek y m3alem bravo,1,Tunisia
6777,Bravoooo,1,Egypt
6778,بداية محترمة,1,Saudi Arabia
6779,ehsen ma3mel,1,Tunisia
6780,تعجبني كان في شوفلي حل 😂😂,1,Tunisia
6781,برجولية فنان,1,Tunisia
6782,أولاد التونسية سيادكم...,1,Tunisia
6783,"تعجبني برشا انشالله يكون حظها مزيان كيفها
M3alllllllllem
a7la jaw m3a lotfi
hhhhh ama ti3jibni
Dima M3alem
برجولية معلم
Bravo kafon zidna mousika W nzid n9olek #Bravo😁😁
Bravo
ماشاءالله على هالصوت يا اميمة
M3alamm
حسنا فعلت معالي الوزير .
جعفور عاطي للاناقة كارها(y)
barvou 5oya ja3four atyb ensin ritou
oui bravo
M3alem, ma l9ach rou7ou m3ah lotfi la3mari
Zina mahlekkk nmout 3lik wlh f njeh  benti lema njibkkkkkkkk
بالرسمي ممثلة و علاها الكلام تعجبني وقت لي تحكي تحسها عندها منطق و توزن في كلامها
Bravou 7all9a 7lowa
Ma7leha
me7leha hetofla
bouzinek marwa rabi m3ak wa enchalla masira fania naj7a
Bravo oooooo
يا شكيب راك معلم انتي انضف صحفي في تونس
Fekra tayara bravooo sami
ناجي جلول الرجل المناسب في المكان الناسب
Me3alem
Bravo et bonne continuation.
Ismeek nour w intii nour ♥♥♥
M3alemmm
3ejbitni taihet 3la nsibti la3ziza
Bravo
و تنحني لهم الرؤوس ... مبدعة",1,Tunisia
6784,Yasser hlouwa,1,Lebanon
6785,bravo e5dem 3la ro7k men el7asen ila ela7sen,1,Tunisia
6786,مبدعة ذكية و محترمة و نموذج تفتخر به نساء تونس..؟,1,Algeria
6787,3sal :*,1,Oman
6788,Machaallah,1,Tunisia
6789,نور شيبا راك تهبل و كلكم بصراحة تهبلو ر,1,Algeria
6790,مرا باهية اما نقصها شوية مصدقية,1,Tunisia
6791,Rajell ja3four bravoo 💕❤️😘💐,1,Jordan
6792,raw3a,1,Saudi Arabia
6793,Min à7sen el momathlet te3jebni barrcha rabi y3awenha w ya7miha,1,Syria
6794,برافو عليها,1,Morocco
6795,Hhhhhhh ya3tik saha,1,Tunisia
6796,Ena en7ebhaaa,1,Morocco
6797,mizyena barrcha,1,Morocco
6798,Bravo  SAMIR,1,Lebanon
6799,Bravo sami...,1,Tunisia
6800,تعجبني برشا وإلي في قلبها على لسانها اليلا بردة على قلبي كيف عطات حق هكالواطي مقداد ههه,1,Tunisia
6801,برافووووو وليد طلعت سيدهم,1,Morocco
6802,الوهرة ليها ناسها....... قيدوم و محنك 😉,1,Egypt
6803,Bou zinkom,1,Lebanon
6804,معلم,1,Oman
6805,برافو ناجي جلول,1,Lebanon
6806,Bravooooo😄,1,Egypt
6807,Yaaaaser. Ma7leha. Lawken. Galet  moufida. Achkoun. Weld  si. Chrif. 💖,1,Tunisia
6808,برافو وليد,1,Morocco
6809,ممتاز,1,Yemen
6810,مسلسل كوميدي رقم واحد روووعة يخليك تضحك من قلبك يعطيكم الصحة,1,Algeria
6811,ياسر تحفونة..❤❤❤❤❤❤,1,Tunisia
6812,والله .....نعم الاب,1,Iraq
6813,Ne7bouhha 😘💖,1,Iraq
6814,Tbarke Allah als lebnat mahlahoum,1,Syria
6815,عسلة,1,Tunisia
6816,Tbarkallah 3lih,1,Syria
6817,Sout 7lou,1,Lebanon
6818,لولا جعفر البارح ما نتفرجش فيه البرنامج ههه هذا انسان ناجح لأنو صادق في العمل الي يعمل فيه فني أو إنساني,1,Tunisia
6819,tahfouna kaouthar,1,Morocco
6820,Bou zinek to9tl bravo 💖💖💖💖💖,1,Iraq
6821,Bravo ✌,1,Iraq
6822,مشاء الله,1,Saudi Arabia
6823,Mashallah mashallah alikoum ❤❤❤❤,1,Qatar
6824,#m3allem,1,Tunisia
6825,يسلملي جمالك,1,Lebanon
6826,لطفي العبدلي يعجبني ملي احنا صغار نتقابلو في دار الفنان منير لطيف في قرطاج و يعمللنا جو بالنكت والسكاتشات عندو موهبة وطموح وارادة والنجاح الي وصلو عادي جدا و انا فرحانة بيه برافو لطفي,1,Algeria
6827,يابابا محلاك راجل,1,Tunisia
6828,Bravo wajiha,1,Tunisia
6829,Rajel (y),1,Yemen
6830,عجبتني الفازه برشااااا هههع,1,Tunisia
6831,mahlek ya zina mra w 3lik el klem,1,Tunisia
6832,من أحسن السيدكومات هههه برافو,1,Lebanon
6833,Motour  ma7leh,1,Lebanon
6834,جعفور يا معذبهم زايد معاك ديمة الضحكة موجودة انا نحبك برشا و زدت حبيتك في برنامج يد وحدة بكيتنا برشا و فرحتنا برشا برافو و ربي معاك,1,Tunisia
6835,Moumtezzz,1,Tunisia
6836,Machalah,1,Oman
6837,Bravo semi m3alem,1,Tunisia
6838,Rjal barvo yassien ya3tek sa7a ;),1,Morocco
6839,bravo lilkol rabi wafa9om,1,Tunisia
6840,Ma7leh yo9tel 😍,1,Syria
6841,3asel 😙😙,1,Egypt
6842,رجل له مبادئ و أحترمها  !!,1,Saudi Arabia
6843,M3alem ye3jebni morou,1,Tunisia
6844,بصراحه كريم الغربي تحسه متميز و مبدع موهوب وضامر بالحق,1,Saudi Arabia
6845,حتى حنا نحبوك,1,Morocco
6846,صوتها حلو,1,Libya
6847,انا نحبها,1,Libya
6848,Bravo,1,Modern Standard Arabic
6849,borjouliya af7amna btawatho3 mta3ek,1,Tunisia
6850,1000%rajel,1,Morocco
6851,روعة يا سامي الفهري,1,Algeria
6852,Bravo,1,Modern Standard Arabic
6853,Barcha dho7ok wlh,1,Iraq
6854,Raw3a,1,Tunisia
6855,مبدع انشالله داءما متالقا,1,Lebanon
6856,3lamia,1,Algeria
6857,Hanan chokrani bravoo,1,Morocco
6858,Behya w 9wiya fi masrah  bravoo toppp,1,Lebanon
6859,bsara7a m3alem,1,Tunisia
6860,Yser 7louwa  el fekra . bravooo,1,Lebanon
6861,نحترمو برشا الراجل هاذا ، ايمن من ايطاليا,1,Algeria
6862,Yesser hloua halga bravo,1,Lebanon
6863,Tbarkalah aaleha bravo walah,1,Oman
6864,Rabi nchllah m3ak,1,Iraq
6865,Wlhi mabardt 3la 9loubna ken enti bravo,1,Tunisia
6866,tbarkala 3lih klem s7i7 w ya3ref ech y5arej men fomou,1,Tunisia
6867,Amir Ya3tih essa7a  bravo wassel,1,Tunisia
6868,Fanen kbir 9imma fil akhle9 wil hichma win challah ykoun 9odwa lil fanfnin illi lkolhom  lkolhom mechyin lil 3re wil khle,1,Syria
6869,Im3alam,1,Iraq
6870,ممتاز,1,Yemen
6871,عتاه وهرتو البرنامج. ربي يوفقك.,1,Tunisia
6872,Bravo,1,Modern Standard Arabic
6873,:* :* :* :* :* :* beravou meryouwm,1,Tunisia
6874,jaw,1,Jordan
6875,رجل ممتاز وفارس البلاطوات برافو يا سي فتحي,1,Libya
6876,مرا بألف راجل يعطيها الصحة,1,Palestine
6877,تحفونة صغننونة,1,Tunisia
6878,Machaallah. Aliek. Ya. Beya,1,Tunisia
6879,dima tounsiiya a7ssen baraméj wa7ssan sahriya,1,Morocco
6880,امير محلاه يعجبنى اما ادكان يبعد عن نقد ااجارح لى اخرين اتو يعجبنى اكثر ما يعجبنيش كى يبدا ينقد فى ضيوف هم باهم هم علاهم و كاينو هو انسان كامل وما عندو حتى عيب يا امير ااكوميدى ااناجح ما يشتمش و ما ينقدش لعباد بطريقة تحشمهم قدام ناس فى تلفزة,1,Tunisia
6881,رغدة تونس مااحلاها,1,Tunisia
6882,Minssab jét nssé touness lkol kifha rana b5ir... bonne continuation :*,1,Morocco
6883,تحفون برشة,1,Tunisia
6884,عسسسسسسسلللل راك بجعفور 😍😍😍😙😙😙,1,Tunisia
6885,Bravo walid inti m3alim,1,Morocco
6886,3asal,1,Egypt
6887,Bravo naji,1,Tunisia
6888,Yesser rzina w klemha ma39oul,1,Lebanon
6889,آمنة فاخر نستاهل محلاها,1,Tunisia
6890,سامي يا معلم,1,Egypt
6891,mahkeha 3azza,1,Tunisia
6892,برافوو تبارك الله علاها خدوجة ❤,1,Morocco
6893,bravo yaser 7lowa,1,Morocco
6894,Metrobia barcha te3jebni barcha barcha,1,Morocco
6895,Mahleeeeeekom,1,Oman
6896,wa7dek ya 3abd el faate7 ya 9aherhoom,1,Syria
6897,ahla bou fe denya,1,Tunisia
6898,3andou karizma yestha9 eno yohkom harakt nahdha,1,Saudi Arabia
6899,Enta m3alem,1,Algeria
6900,منوره,1,Libya
6901,متربي بارشا ان شاء الله بالتوفيق,1,Tunisia
6902,رجل لطيف وذكي ودائم الابتسامه كان الله في عونه,1,Saudi Arabia
6903,Mar2a fadhila,1,Tunisia
6904,manawarena ya nour,1,Morocco
6905,Yeser hlowa,1,Lebanon
6906,من أحسن الممثلين التوانسة إلي يعجبوني نحب نقلو    برافو برافو برافو,1,Tunisia
6907,Classe hlowa mitrobia,1,Lebanon
6908,جاو موش نورمال مع كافون برافو,1,Tunisia
6909,lotfi ya m3alim tbarkalah 3lik,1,Tunisia
6910,عالميييي,1,Lebanon
6911,Habell ma7leh,1,Morocco
6912,شبو معلم راك .. ! <3,1,Tunisia
6913,Bravooo ja3four w ya3tik essaha 3la barnemjek fitessi3a.belhak nhessek men kalbek thes bezzaweli mekech tetsanna3.nchallah rabbi ywafkek fili ta3mel fih elkol,1,Tunisia
6914,Bravio khdija brasmi bakitni,1,Iraq
6915,3asla w ma5af mléykitha,1,Morocco
6916,Bravo samir,1,Tunisia
6917,walah rajal,1,Morocco
6918,Rabi  m3ak deleji,1,Tunisia
6919,bravo ya3tih essa7a dhamer,1,Morocco
6920,حلوة,1,Saudi Arabia
6921,rabbi ifadlha,1,Lebanon
6922,Te3jebni,1,Algeria
6923,Ma7lek,1,Lebanon
6924,تبارك الله عليكم  ربي اهنيكم,1,Tunisia
6925,Bravo bravo bravo,1,Iraq
6926,(y) bravooooo,1,Yemen
6927,Ma7laha w ma7la southa n7ebk ammouna,1,Morocco
6928,Se3a jawiste :D,1,Morocco
6929,a7la amin,1,Tunisia
6930,Bravo hal9a 3lamia,1,Tunisia
6931,Super comedien bravo,1,Morocco
6932,Bravo,1,Modern Standard Arabic
6933,kariiiiim bravo,1,Morocco
6934,Bravo chakib eli3tidhar behi,1,Morocco
6935,"Kan.3malte.skatich, lisalih.liblad_x000D_
mahlek hanoun
3alaMeya Mariem (y)
ها وخيتي راك عسلا
3jebni bader
Bravo bravo
tou9tel bzein ya3tik douda
madame wajiha lina barcha ma nechoufoukech f talefeza pk tewahecnek barchaaaaaaaaaaaaaaaaaaaaaaaaaaaaaaaaaaaaaaa
Hhhh mala  jaw 😆😄😃😹😸
7al9a. CV  t3adete. bravo
ماشاءالله  وتبارك اللّٰه  علي  جمالها
Raw3a
Balti ? Te3jebni Sa7bi
عسله
3assoula
M3alem ya walid
Tcharref elmra tounsiya
وليد انت الراجل التونسي الاصيل والله بكيت لموقفك لما خرجت من البرنامج وتمنيت كل الموجودين ياخذو نفس الموقف برافو وانحني لك تقديرا
Bou zinek mahlek ena n7ebek barcha barcha <3
tahfouna
rim n7ebek barcha
بعد سفيان الشعري الله يرحمو ما ضحكني كان جعفور بصراحة محلاه و السروال اﻷحمر زاد فيه الشطر 😃 إنشاءالله ديما متألق
Hhhh raw3a bravo
Ma3iya ken n9olek rabi ywaf9ek",1,Tunisia
6936,تحية إكبار و تقدير للقاضي أحمد الرحموني,1,Sudan
6937,Bravoooo sami ma7leh el mouselsel,1,Egypt
6938,machallah,1,Tunisia
6939,W 3inik enti ya sami ma7lahom hhh,1,Lebanon
6940,نحبك يا احسن فنانة,1,Tunisia
6941,لمين انت معلم,1,Egypt
6942,ja3four men dakhltek m3alem wentiy liTzahiy l7al9a diiima,1,Tunisia
6943,m3alem,1,Jordan
6944,محلاكم،ربي،يفضلكم، لبعضكم,1,Tunisia
6945,ناجي  جلول  انت اسد  صحيت الشعب معاك,1,Libya
6946,ماشاء الله يعطيك الصحة…,1,Algeria
6947,فنان كبير مشرف توني يعطيه الصحة,1,Tunisia
6948,Amin 3sal idinya,1,Morocco
6949,Dima mnawer ya amine👍,1,Morocco
6950,فنان تلقائي اللي في قلبو على فمو,1,Tunisia
6951,برافو وليد التونسي خليتهم مثليين في بعضهم وخرجت عملت بالراي برافو 👍 _x000D_,1,Egypt
6952,كلنا ننتظر صافي سعيد الكاريزما و لباقة,1,Algeria
6953,متربي و متخلق,1,Egypt
6954,Rabi iwaf9o,1,Iraq
6955,Le traba7ha mazyenha,1,Lebanon
6956,Wallah baridli al 9albi,1,Tunisia
6957,Wa7dek olfa nchallah dima mwahra,1,Morocco
6958,bravoooooooo,1,Qatar
6959,braveau walid,1,Morocco
6960,Hhhhh bravo,1,Tunisia
6961,امينة ❤. و اكهو,1,Jordan
6962,Yeser ta7founa el la9ta,1,Lebanon
6963,M3alem w rajel walid,1,Tunisia
6964,بصراحة راجل نشهدلو,1,Tunisia
6965,yo9tel b dha7ek wasel hhhhhhhhhhhhhhhhhhhh 3andou barcha dhmar,1,Tunisia
6966,bravooooooo walid,1,Egypt
6967,تحياتي برافوا,1,Morocco
6968,Bravoooooooooo sami,1,Saudi Arabia
6969,Machallah,1,Oman
6970,ممثلة متمكنة حظ موفق ✌❤,1,Qatar
6971,رجل,1,Oman
6972,3aslaa,1,Egypt
6973,جعفور وحدك في جو يا معلم ديما مزاهينا,1,Tunisia
6974,"bravoo 3leha bsar7a _x000D_
تحياتي سيدي المحترم
Bravo jaloul
Bravooooo
ROI3A
برافو مروى واصل
Bou zienikoum mahlekoum 3sal 3sal :* :* <3 <3
waaaaaw tfata9 ma7leek lyouma <3
والله إنتي معلم والتوانسة الكل منك تتعلم،برافو #جعفر
ربي معاك كريم يعجبني برشا
Kolha mizyena
ماشاء اللـّه عسلة
احسن فريق يعجبنى اما ناقص ابراهيم هبليه
برافو بدر
M3aleeeem bravoo
Enhebha
Bravo bravo
يعجبني صوتها أما نحب نقلها واصل ع المنوال إلي تخدم فيه
هههههه وأخيرا برافو سامي :)
Ma7lek aycha :*
هههههههه محلاهم
Bravoo ja3four.bon continuation.rabi ywaf9ik.
تعجبني حضور محترم طيب في الكلام
bravo n jaloul
Bravooooooo
behi swayit w fanen
Bravo
البنت طيبه وجميله
Bravo 👏 Walid  m3lm
Hhh n7ebou w te3jebni ya3tik ya lokza
وحدك يا جلول
Dima mwahar ma7lek w el wahra 3andha nésha  bravooooo bon courage
Ti3jibni barcha
اعز واحد بيروم يعتيه دودة محلاه
wassil ya lotfi ou rabi i3awnik  ou zide i5dem taw tal9a <3  <3  :*
sahrya tahfouna testana fina
Ja3fouuur ya m3alem
محلاك يا بيوتة عمايل تمشي و تزيان تبركله عليك :* :*
Bravooooo bon choix
انسان خدام طلعت برشا ربرات على اكتافو  وكلمتو قوي ماللخر يحب يخدم ربي معاه
صوتك حلو وانتي محلاك وغناياتك محلاهم اما زيد اخدم اكثر انتي فنان باهي يا ايمن ❤💚💜💛
WALLAH M3ALLEM
Sout raw3a.... j'adore...
روعة اليوم و كل يوم
M3alem bravo
ya3jibni n9olou bravou wasel
ظلمناك مالأول أما توا عرفناك صادق ❤واصل مصطفى ...
Hhhh m3alma
مسرحي بارع،ومثقف،وواعي ويعرف اش يحكي و كل كلمة في بقعتها برافو بن يغلان ربي معاك
Bravo lotfi enti  tmathel  elwe9a3 mta3 barch twensa  w kima y9oulouha la79i9a mora
Tabarkala 3lik ya Karim rabi ifadlhomlik
صافي سعيد موسوعة
maryouma wa7dek bi sara7a edawer leya9 3lik tou9tel nmout 3lik
Thabel 3ejbetni barcha w rabi ye7mikom sami
ممثل و فنان تونسي له كل التقدير اما  ما تجيش تلعبها مثقف و سياسي محنك :3 خاترك من الناحية هذي فلووووب
Ma7lek...
bravo ettounsiya
m3allem weld jam3iya <3
نحن نعشقها ونحن نعشق الحوار التونسي
مدام محرزية مرا وعليها الكلام الحكاية حكاية فكرة وثبات....
شرفت الفن في تونس مطربة و فنانة كبيرة
صوت نادر وجميل في فنانة متواضعة
يا معلم!!!!!
walhi m3alem w borjolya 3jbtni kisa5satha w 5rajet
اقوى ممثلة
Mwahir bserwal la7mar y' ja3four hhhhh
الرجولة .
Barvooo 3ajbetni barcha
ممتاز طيح عالكل
عمري لا حبيت وليد التونسي أما ليوم عرفت قيمتوا ...راجل و سيد الرجال
خير. من. برشة.  عباد
Bravo walid
مبدعة و نحبها برشا
Ma7lehem
Ma7leeeeeeeek ya rim mala wahra w mala rzana ya jawharet echacha  etounsiya bravooooo
bravo wajiha 
M3alim
واقعية في كلامها و معندهاش الزايد برافو وجيهة يانوارة البرنامج :* 
bravo sami mouch 3adi you9til bou7ek bien
براڤو سامي
ya ja3four  machalah 3likkkkkkk
chi5 t7ifa to7fa w antika
روعة
Bravo pour welid tounsi
momadhla dhkiyaa
باسم الله ما شاء الله وسبحان الخالق المبدع
Sabhane Allah machaallah
To99tel
برافو معلم عطها لا تقر لا تكتب لشكيب
Lmosalsel bda ya7la
Bravoo samirrrrrrrr
كويسة ممتازة وربى معاها
راجل مناضل الله يعينوا على الايام  ياااارب (y)
bravoo
يعطيه الصحة طلع راجل و مقلبش الفيستة كيف غيرو
7lowa
بالرجولية معلم كيف خرج من الاستوديو
Hlowa barcha bravo Sami bon courage
Ena nhebha
Oui a9wa la9ta
برافو وليد التونسي 👍_x000D_",1,Tunisia
6975,جميلة أنت حينما تبتسمين ، و تصيرين أجمل حينما تتحدّثين ، و أنت كما أنت بما تحملين أجمل الحاضرين ...,1,Saudi Arabia
6976,Tfata9 Hhhbhhh,1,Lebanon
6977,الحمد لله . العزيمة تصنع المستحيل ربي يبارك,1,Morocco
6978,ياسر ياسر حلو المسلسل اتمنيت راني نمثل فيه عندي خبرة ومثلت قبل انشاء الله خويا يامي في انتاجا تك الجايا,1,Algeria
6979,أحسن ممثلة في تونس ❤️❤️,1,Jordan
6980,معلم,1,Oman
6981,Ya3jibni awled mofida kamil mouch kan lakta hedhika ama heki lakta tayara,1,Tunisia
6982,فنان كبيير و ناس ملااااح...,1,Morocco
6983,Tbarklhh alihh,1,Lebanon
6984,برافو بنت بلادي ماكيفها حد,1,Morocco
6985,Bravo sami c'est une belle chaine vraiment. W mousalsel raw3a trés bien,1,Morocco
6986,Ey mala vaza mahleha,1,Morocco
6987,ma7laha bint sami <3,1,Tunisia
6988,موش خايب,1,Tunisia
6989,Mahlehommmmmm,1,Oman
6990,Ma7leeek,1,Lebanon
6991,ريم الرياحي وحدها في الزين و الوهرة كلامها منطقي و معقول,1,Libya
6992,Jaafourrrrrr ya m3alam,1,Morocco
6993,nawfeuil bravooooooooooooooooooooooo,1,Syria
6994,محلا صوتها يهبل <3,1,Oman
6995,تهبل فلة,1,Tunisia
6996,راك أحلى كوميدي,1,Algeria
6997,Yser 3jbtniy,1,Lebanon
6998,men ahlaa el kanoit fi tounes,1,Iraq
6999,Ja3fou ma7lik yaser mzyen,1,Tunisia
7000,Mouch normal ya sami bravo,1,Morocco
7001,M3lem,1,Algeria
7002,رائعة,1,Modern Standard Arabic
7003,hhhhh baravo ya sami,1,Morocco
7004,Ma7la rasek hh,1,Algeria
7005,تقتل بالضحك,1,Algeria
7006,ja3for ya m3alem shart bech netfarej fik,1,Syria
7007,yarham memtik wlid,1,Morocco
7008,Tfate9,1,Oman
7009,أحسن ممثلة في تونس ❤️❤️ تعجبني برشا .. :*,1,Tunisia
7010,ماشاء الله عليهم وربي يحميهم..صحة ليهم شوفوا كيفاش يتبعوا قي رضايت الوالدين..وقداش دمهم خفيف وماربين,1,Tunisia
7011,Didj kosta m3lem w7do fi wahra,1,Morocco
7012,Ja3four #Ma7lek,1,Lebanon
7013,مشأء ألاه,1,Lebanon
7014,mahleh,1,Qatar
7015,"Le ani_x000D_
راجل وعليه الكلام و هذا هو فعل النّاس في كلام النّاس (y)
B Sara7a Ta3jebnii Mais Rahou Tab9a A7sen Ka3ba Fi Tounes Dalila El Mefta7i
Rajeell nawart tunis hmd :D
Te3jebni barcha fi tamthil Bravo Madam wajiha
معلم وربي يعينو  ويدافع على القيم
Bravooo
حبيبي منور و موهر
Wllh chab3a dho7k
Hayla bou zino abrahim
bravooooooo wajiha dima mnawritna :*
Bravo (Y)
Wlh rajel ya walid ya 8oul
Ahla walid
أحمد الأندلسي ممثل صنع روحو و خدم و ولد جمعية أما تحسو مقداد سهيلي جنيور هههه
عسوله
Bravo 👍
ya mostfa eness el kol t7ebek mat5afech
bravo hanen
ماتعجبنيش
وجيهة متاعنا نحبها 3>
بصراحة مسلسل روعة يحكي واقعنا في تونس عندنا براشة ناس كيف كريم  وقت يولي عندو فلوس ينسى اصلو
محلاها
انت معلم سي لمين
wahdek  ya lotfi ya ebdelli :) ;)
Borjuliya 3inik ma7lhom ☝hhhhhhhh
إنت عسولة
3asla
Walh m3lm medbia y8nili fi 3rssi whra
M3allm rabi ywaf9ou😁
Hhhhh tayara 7ale9et elyoum
en fin 3adito hkaya tsharef o tanfe3
mnawer le plato si lamine b rouge dima mwaher w sa7eb dhaw9 ya patron
3jebni
و الله رجل و عجبني زيد ولد جمعية
bravo olfa barredli 3la 9albi
lambratour
waaasel ya chi5 rana m3aak
Bravo sami ilfehri
<3 bayrem <3
برافووووا سامي
بصراحه  برافووووووو مسلسل حلو برشه
ahssèn coumidi borjoulèya wallahi ena behta men la3bed eli mathebouch bell3aks tawa lotfi yetekra7 raw 3ssal el denia
Ye katy raw 3saal <3
برافووووو الليلة عجبني ...
Bravo walah
Mahlehom bourjouliya
Hhhh h ma7laha
شكرًا فوري بن قمره ربي يبارك فيك و يكثر من أمثالك 
جعفور انت انسان مبددددع ممثل موهوب مقدم بحبحوح و بالاخصوص انت مالعباد الياسر انساني احسنت جعفور واصل يا مهبلهم بالاحمر
Bravo
برافو....نحن نعشق الحوار التونسي
ههههه يعطيك الصحة سامي برافو انا والله نتفرج كان على الحوار التونسي
راجل و سيد الرجال
نحبها ❤
وحدك يا معلم
انا من الجزائرب من اشد معجبين بالحوار التونسي أولاد مفيدة مسللسل رائع
Maleeem",1,Tunisia
7016,Ana n7ibha,1,Morocco
7017,برافو وجيهة واصل انشاءالله بالتوفيق,1,Lebanon
7018,Bravoooo neji jaloul,1,Tunisia
7019,Bravoo,1,Iraq
7020,و الله يا هاجر  صحة ليه اللي باش ياخذك و تشرّف أي تونسي يا بنت بلادي و محلاك.,1,Tunisia
7021,bravo. sami. la9ta. miche. normal,1,Morocco
7022,احنا التوانسة موش نورمال ما يعجبنا العجب بربي علاش فنان بهذا الابداع الصوتي خليوه يبدع كيمة هو يرتاح لازم تكسرولو مقذيفو فنان وروعة ودمو عسل وربي معاه,1,Tunisia
7023,RAW3A,1,Tunisia
7024,Weld 7ouma 3arbi w m3alem,1,Morocco
7025,منورين كلكم ربي يستركم,1,Tunisia
7026,Y'a 5ouya y3jebni!!!!!!,1,Tunisia
7027,المعلم   <3,1,Saudi Arabia
7028,bravvooooo,1,Iraq
7029,و الله برافو ليك و لاحمد الاندلسي و ربي اكثر منكم الناس,1,Libya
7030,wa7do,1,Morocco
7031,Rabi m3ak,1,Saudi Arabia
7032,وحدك يا جعفورة يا باهي,1,Tunisia
7033,M3alem (y),1,Oman
7034,ma7leha <3,1,Morocco
7035,Bravo,1,Modern Standard Arabic
7036,للجمال اهلو ومواليه،هاو الزين وله لوح،ريم وريم صح اسم على مسمى,1,Yemen
7037,برافو جعفور واصل إنشاله ااتوانسة ااكل تخمم كيفك وكلنا يد وحدة و نغزرو لورانا (y),1,Lebanon
7038,Bravo meryem ben chaabene continue,1,Morocco
7039,Bravoo,1,Iraq
7040,ma7lah,1,Morocco
7041,زايد معاك لطفي #إنت_معلم,1,Tunisia
7042,اجدع ناس,1,Egypt
7043,فتاة صادقة و مميزة و تعرف ماتقول الرجل مممممم حاب يعود زواج بتونسية و الاخر تبقى ديكور,1,Jordan
7044,bravooo sami fehri ama 3lech met liprince min awel 7al9a,1,Tunisia
7045,bravo wasel,1,Morocco
7046,tbark allah 3lik wa7dhek ya oulfa,1,Syria
7047,ka2rhym 7ayeto 3adeb,1,Iraq
7048,Bravo samsoum,1,Lebanon
7049,Ma7la zinek  samiiiii,1,Morocco
7050,فنان بكل ما في الكلمة من معنى.رجولتك و مواقفك تحكي عليك.نحترمك برشا و كل ما نراك نقول مازال الخير في الدنيا و في هلبلاد اللي الدين اصبح فيها تافه و حاجة ثانوية.و على فكرة محلا ضحكتو,1,Tunisia
7051,اقوى لقطة يعطيه صحى,1,Libya
7052,3asla,1,Saudi Arabia
7053,Ya3tikom douda ma7lakom mab3adkom,1,Oman
7054,Tahfouuuun,1,Tunisia
7055,Bravo ja3four,1,Morocco
7056,Bravo wlh,1,Iraq
7057,جعفور والله معلم وكامل أكيكا وربي معاك ♥♥♥,1,Saudi Arabia
7058,Ma7leh 9addech meziene w swayet 3andou yo9tol,1,Lebanon
7059,Zeyed may 7afalha ken lotfiiii,1,Tunisia
7060,Ma7lek wajiha,1,Morocco
7061,تحفونة..ومتروبية,1,Tunisia
7062,Zayed m3alma bonne chance <3,1,Morocco
7063,المعلم ❤️ زايد قد ما فما des rappeurs في تونس تبقى انت ال boss ❤️ ربي يوفقك,1,Tunisia
7064,respect الله يرضي عليك لوالدين كلامك كل مقياس و موزون و اكثر حكاية عجبتني انك قلت تونس مدنية مسلمة لو انهم قاطعوك  bravo,1,Libya
7065,معلم يا بنديرمان,1,Tunisia
7066,bsar7a momthla raw3a  wenchallaH  betawfi9,1,Tunisia
7067,Aicha ta7founa w ta3jabeni bravo,1,Syria
7068,والله ماذا بيا الممثلين الكل يقتادوا بيها ويكونوا كيفها في الخدمة و الاخلاق,1,Tunisia
7069,Dima classe fi kemla mahlek,1,Syria
7070,لها شان في التمثيل مستقبلا  ربي معاها  وان شاء الله  من حسن الى احسن,1,Morocco
7071,لطفي أحسن حاجة مش نرمال,1,Libya
7072,محلاك هيشام  برافو,1,Tunisia
7073,3asouuul bdour rak,1,Algeria
7074,nhèbha <3,1,Morocco
7075,<3 :D,1,Saudi Arabia
7076,ana man7ebouch ama 3jebni klemou,1,Tunisia
7077,شكرا على المسلسل,1,Saudi Arabia
7078,Hhhh 3jbetni,1,Tunisia
7079,Wahdek y'a Naanouna rabi iffadhlek,1,Syria
7080,Lotfi ye me3lm ❤,1,Jordan
7081,machala,1,Tunisia
7082,Bravooooooo..,1,Egypt
7083,Ma7laaaaaaaaaaaakom,1,Morocco
7084,انتي معللللللللللللم 😉,1,Saudi Arabia
7085,المعلم,1,Tunisia
7086,M3alem jaafour,1,Morocco
7087,Raw3a,1,Tunisia
7088,3jebni,1,Lebanon
7089,#Raw3aaaa,1,Tunisia
7090,الله اكبر علي هالزين,1,Oman
7091,Barvoo جعفورر,1,Syria
7092,Vraiment motrba wa3leha leklem,1,Lebanon
7093,Bravooo walid wallah beredeteliii 3le galbiii bravooo,1,Iraq
7094,wallahi tla3 ma7léh,1,Morocco
7095,inti moumethla hayla bravoooo wasel,1,Tunisia
7096,brjoliya ja3four m3lem ma3ndk fih mt9ol,1,Tunisia
7097,مصطفى الدلاجي يعجبني و صوطو تحفون برش <3 <3,1,Tunisia
7098,أحترماتي,1,Egypt
7099,Te3jebni w tchaya5ni manel bravooo,1,Tunisia
7100,Oui bravo dja la9ta mo2athra barcha,1,Tunisia
7101,yhabal yassir ttyara,1,Yemen
7102,m3aleem,1,Tunisia
7103,مخفك,1,Lebanon
7104,bent bledi <3,1,Syria
7105,برافو فوزي وينو جديدك,1,Tunisia
7106,Hhhhhhhh. Ma7leha. Fih. Hhhhhhh,1,Lebanon
7107,الله ياسي علولو حلقة الليلة تهبل الله يوفقك في برنامجك المفظل,1,Tunisia
7108,Zina dima 3ala tbi3etha w spontané te3jebni barcha,1,Tunisia
7109,<3 <3,1,Saudi Arabia
7110,Bravo ya semi,1,Saudi Arabia
7111,Wa7dak ya nour f wahra,1,Saudi Arabia
7112,Rajel walah,1,Tunisia
7113,3jibtni fil klem likoltu ama leken lkolo fan,1,Tunisia
7114,A9wa la9ta :/,1,Tunisia
7115,Bou zinha macha2llah 3liha,1,Lebanon
7116,ونعمة الاب والله,1,Iraq
7117,a7la zina w a7la gasriniya,1,Syria
7118,والله برافوووو سي مقداد ياريت فما منك في الساحة السياسية يقولو كلمة الحق ومايخافو كان من ربي .... اما الله غالب نقاش حاد الليلة على خاطر فما ناس كيف لطفي وليلى صنعتهم يحطو العصا في الرايون كيف مايقولو ها,1,Tunisia
7119,thabel bint 7oumti ;),1,Algeria
7120,Hhhhhh chab3a dho7k bsara7a bravo,1,Tunisia
7121,من أحسن الممثلين في تونس انشاء الله من حسن الى أحسن,1,Qatar
7122,ماشاءالله,1,Saudi Arabia
7123,برافو الفنان وليد التونسي راجل و سيد الرجال ....الرجولية عندها ناسها يرحم الأم إلي رباتك,1,Tunisia
7124,جعفر من احسن و احب الممثلين في تونس حب للبساطة والبسطاء خلاه يكسب احترام كبير من الناس :),1,Yemen
7125,أحلی نجلاء,1,Egypt
7126,Men a7sen el moumathlin tbarkala 3laha m3alma,1,Tunisia
7127,احترمه كثيرا,1,Modern Standard Arabic
7128,Enta m3alem,1,Algeria
7129,ماسط لاسط,1,Tunisia
7130,نور محلك وجفور صاحب جو,1,Tunisia
7131,Bravoo walid rabbi iba3edna 3lihom 5oya,1,Tunisia
7132,هي من الممثلات. البارعات في تونس  وياسر محلاهة وعندهة الثيق في روحه ياسر تعجبني,1,Tunisia
7133,3asoula,1,Algeria
7134,Bravooo samii,1,Tunisia
7135,N7ibhaaaa,1,Tunisia
7136,Ma chaalah,1,Tunisia
7137,حسين الديك والله حفلها منور كلام الناس و منور تونس و باش تنورنا في سوسه,1,Tunisia
7138,يعطيك الصحة علاء والله يبارك فيك,1,Morocco
7139,سوبرمان هذا,1,Tunisia
7140,دائما أنيقة على الدوام,1,Modern Standard Arabic
7141,Bravo,1,Modern Standard Arabic
7142,هذا انسان راقي,1,Iraq
7143,Wlh m3alme wlh,1,Lebanon
7144,زرعلنا البسمة و الفرحة في صغرنا,1,Saudi Arabia
7145,من ارووووع الحلقات مع اروووع نجوووم مع احلي وردة ريم رياحي اللي نورتنا بجمالها وانقتها وكلامها روووووعة.كليك علي بعضيك حلووووو .,1,Libya
7146,وحدك راجل و سيد ارجال  فن علم ثقافة نتشرف بك كثيرا,1,Algeria
7147,معلم,1,Oman
7148,هاهاهاهاهاهاها برشة ضحك براااافو كريم ❤,1,Tunisia
7149,tayara amin gara,1,Tunisia
7150,3assoula,1,Lebanon
7151,سيتكوم عالمي,1,Tunisia
7152,nmout 3liha w ne7bha :*,1,Syria
7153,Raw3a ya m3lem,1,Tunisia
7154,fanen moutwadha3 w ya3ref ya7ki bravo nour charaft tounes (y),1,Morocco
7155,فنانة ياسر لاهية بروحها...آناقة ورشاقة ومتفائلة وطموحة جداا...أتمنى من بعض الفنانات الاتي يعشن في إهمال فني وذاتي ونفسي أن يقتدين بهاته الفنانة التي شدت إعجاب الملايين من داخل تونس وخارجها...بالتوفيق إن شاء الله,1,Saudi Arabia
7156,Maya Kssouri <3 BRAVO !,1,Morocco
7157,Mariouma sotek tayara,1,Morocco
7158,يا عتيك الصحة يا شكيب مواقفك كلها صحيحا او في بلاستها,1,Tunisia
7159,Bbbarrvvoooo mhouch ji3an ki siysin il mawjdin,1,Iraq
7160,Raw3a hhhhhhhh,1,Yemen
7161,الله يبارك تحياتي ليك,1,Morocco
7162,نحبها برشا,1,Tunisia
7163,Mnawra,1,Tunisia
7164,ma7leha,1,Morocco
7165,Ma7elahom wallh ma7elahom,1,Morocco
7166,من فناني الراب القلائل المحترمين و كلمات أغانيه غير مبتذلة 👍,1,Saudi Arabia
7167,Waaahddek yaa m3alem <3,1,Saudi Arabia
7168,Ma7lek,1,Lebanon
7169,hhh #Ma7leeekoM,1,Lebanon
7170,مقتلة ضحك برافو كريم,1,Libya
7171,3sall bou zink,1,Lebanon
7172,اني نحبها,1,Libya
7173,جميلة جدا,1,Saudi Arabia
7174,ربي ايفضلك يا استاذ تقعد ديمة متألق وناجح والثقافة هي سلاحك .,1,Tunisia
7175,a7la ja3for te3jebni  wrabi ybareklek fi sahtek wrabi y5lik lina,1,Tunisia
7176,Mahleeeha <3,1,Syria
7177,Bravo sami élféhri,1,Algeria
7178,Ma7lek joujou,1,Syria
7179,Bravo nawfel,1,Syria
7180,M3alem sami Wallah,1,Morocco
7181,Ja3four ya bahi ma7lek w ma7la taltek nch rabbi eywaf9ak il fi3al il khir,1,Yemen
7182,برااااافو,1,Lebanon
7183,Enta m3alem,1,Algeria
7184,balti yam7li sahrya,1,Saudi Arabia
7185,ye3jebni barcha .. 3andou cha5seya w kiya7ki mayhmou fi 7ad,1,Tunisia
7186,Bravo,1,Modern Standard Arabic
7187,Tahfona,1,Morocco
7188,M3alemmmm ya kafon,1,Syria
7189,A7laaaa mosaalselll,1,Morocco
7190,معلم <3,1,Saudi Arabia
7191,ya3tik esa7a ya welid nwartha bsoutek,1,Morocco
7192,Baaaaaalti ya 4ali,1,Morocco
7193,محلاها نحبها برشااااا ♡♡♡♡,1,Tunisia
7194,A7la ja3four wlh mtrobi wmt5al9 wmttha9f ravi ihmik,1,Iraq
7195,3ejbetni el song aman n7eb 3liha,1,Tunisia
7196,Sitkoum yfata9,1,Syria
7197,Wlh frehtlo men 9albi,1,Tunisia
7198,ma7lék w nchala dima mnawra,1,Morocco
7199,"Bravo""",1,Modern Standard Arabic
7200,M3alem,1,Lebanon
7201,bsara7a southa 7low,1,Tunisia
7202,Bravoooo ama bayram makarouch aaml hakk,1,Morocco
7203,مرأة بألف رجل,1,Egypt
7204,Ma7lek,1,Lebanon
7205,tbarkall 3likk amna,1,Tunisia
7206,من أحسن ما فما في تونس,1,Tunisia
7207,Tayara,1,Tunisia
7208,Heyla,1,Syria
7209,Klamo s7i7,1,Tunisia
7210,يا ليت عندنا 4 منك في تونس يا جعفور . متربي . ثقة .راجل ...ربي يكثر منك الناس و الله,1,Libya
7211,Bravo lih,1,Tunisia
7212,Enta m3alim jaafour,1,Morocco
7213,moumettel behi w eni ye3jebni w weld jam3ia wasel rabbi m3ak,1,Iraq
7214,Mala Wahra 3lik ya ja3four bsara7a eroug yo9tel tala3 3lik 😉😊❤,1,Tunisia
7215,Oui 3jbni 3ale5er bravoooo #Sami,1,Tunisia
7216,3asoula nmout 3lik,1,Morocco
7217,عسل الله,1,Libya
7218,يا جعفر مارقدنلش واتفرجنا فيك وربي معاك يا جعفور,1,Tunisia
7219,محلاها ربي معاها,1,Tunisia
7220,حلم جميل,1,Saudi Arabia
7221,ديما منور لطفي في تونس وفي العالم الكل انشاء الله ديما القدام,1,Tunisia
7222,Brachaaaaa 3jbtniiiiii,1,Morocco
7223,لمعلم يقعد معلم عمرو ميتعلم,1,Tunisia
7224,معلم..معلم,1,Syria
7225,قوية ..برافو,1,Egypt
7226,Tbarkallah 😍😍😍,1,Jordan
7227,Bravooo,1,Iraq
7228,واحد متثقف و ميخاف من حدّ مش كيف برشا عباد منافقين يهيزوا في القفة -_-,1,Tunisia
7229,بصراحة مرا مثقفة وتعرف أش تقول. تعجبني برافو مدام محرزية,1,Syria
7230,"#أيمن + #مهدي _x000D_
3lech nakerhouha hata walaw tmatel chérira ena jamais nakraha moumatla spontané barcha w nmout 3liha
صوتو باهي مافيش ادنى شك
Tayara
يعطيه الصحة وين تحطو ما تخافش عليه
bravo
هههه ماعرفتش روحي نتفرج في دنيا اخرى ولا في اولاد مفيدة ههههه اما عفسة باهية bravooooo
صوتك روعه لكن الهي بروحوك الشويه   عرفينك الراجل دبرتيه
تحياتي لهاتة الاستاذة. <3
tfouuuuuuuuuuuuuuuuuuuuuuuh 3ala halmandher
wahid tayarraa
wa7dek ya nawfel
نوفل وحدو
مبنِّك ومحلاك يا بيَّة المرأة التونسية بإمتياز بالله ساعة ساعة اعملي علينا طلة نوريلنا القناة
جعفور يا معذبهم
Macchalah
Baravooo sami mousalsel tayara
برافو وليد عندك موهبة في الميدان
Zied Borji قمة في الإحساس فنان بأتم معنى الكلمة♡♡♡♡♡♡
برفوووووووووووووووووووووووووو
جعفر القاسمي من اكثر الكوميدين البارزين في تونس ....يضحكني برشاا
Bayyouta ma7lek temchi wtes4ar bou zink :*
tayyyyara , ya3tikom el sa7777a
Bsara7a ta7fouuuuuun barchaaaaaaa
soutek behi
راجل والله
.. تحفونة .. ويلي عليها
Malla sahirya
الحاذقة
a7la amna :*
برافو ياسين
Rajil (y)
Te3jebni barcha Iove bb 5adouja
بارك الله فيك يا وليد التونسي
Bonjour  .           Khalifa raowwwwwwwwww3a
Rawe3a
برشا جو او تشويق مسلسل حلو حقق اكبر نسب المشاهد توانس تتفرج في ليل او بعد يبداو اسب انا في بالي لي معجبوش المسلسل انجم ابدل
Chahloula
Bravoo semi
bravo walid
مزيانة بارشى و بالنسبة آش عملت بينها و بين الله
Bravo ja3four ya behii ya 7nin rak 9ima f insania ,hmd fama ja3four f tounes wlh
حلو
بصراحة bravo ناجي جلول والله كبرت في عيني كيف كشفت #هالكلب الي يبيض في #الارهاب شكون موافقني ...
Yaaaaaaa n7ebou barcha
ya3tihhhhh saha
bravo olfa
M3alem
بيه ديمه متألق
3saaal
Bravo m3allem
m3alam
Bravo 😘",1,Tunisia
7231,bravo amin btawfi9,1,Tunisia
7232,❤❤❤❤👍👍,1,Jordan
7233,bravoo semi,1,Tunisia
7234,mahleha,1,Morocco
7235,Bravoo ja3four t es le meilleur ;),1,Tunisia
7236,bourjouliya braaaavooo,1,Morocco
7237,Rabi m3akom,1,Iraq
7238,A7la jaw m3a awled Moufida l7out 3lihom,1,Lebanon
7239,Sawtha raw3a,1,Morocco
7240,Mahlek ya zina,1,Syria
7241,مرا هايلة !,1,Algeria
7242,رااااااااااااااااااااااجل و كفى 🙏,1,Egypt
7243,bravo,1,Morocco
7244,Ena bekri makenitech ta3jibni ama l bera7 3ejbetni zin ou 3in ou torobya w rzinna,1,Tunisia
7245,مادام نحترمك ياسر مالا وهرة و كاريزما..قداش بش تكون المرأة التونسية مأثرة لو كانوا الكل كيفك..ربي يخليك,1,Tunisia
7246,Chela tahfouna bravo,1,Morocco
7247,M3aleeeeeeem,1,Lebanon
7248,Ye3jebni ama seket,1,Tunisia
7249,Ahsen momathel ye3jebni bsraha el jaiza eli 5dheha yest79ha,1,Syria
7250,تحيه لأبن الجنوب,1,Lebanon
7251,allah yoster w bara,1,Morocco
7252,ya a7la manou fi tunes,1,Tunisia
7253,Ma7laha fiha,1,Tunisia
7254,عبد الفتاح مورو الوحيد اللي في حزب النهضة كلاموا منطقي و معقول,1,Egypt
7255,وجيهة نحبها في الدراما اكثر من الكوميديا..محلااها,1,Tunisia
7256,"Nchallah dima tji fi TV .
والله عسسسسسسسسسل☺
tbarkallah 3liha esem 3la mousamma
نحن نعشق الحوار التونسي
walh enti nour elmasr7 ou talfza ou bla bik elmasr7 5ayb
Ma7la zinou
ma7lek
raaaaaaaaw3aaaaa vraiment braaaaavooooooo
ناس ملاح
اجمل حلقة اتفرجت فيها الله يوفقكم
A7la groupe
محلاهم
bravo ممثلة عظيمة من أفضل الممثلات في تونس واصلي و ربي يوفقك
إمرأة بألف رجل،،،كم أنتي كبيرة يا بنت الخضراء
Bravo 9alou minhak el3rayef 9alou m'en hak echojra...
tayara
Ta7foun
bravooo
Rabi m3akom bon courage naoufel ya a7la monachet
3assssssssallllllll
heyliiiiin
ma7lak jafour
برافو سلام مسيو
5ouya m3alim wlhi a3az fanen ye3jbni w ye5dem 3la ro7ou
amir rak comidien mekech 3adi w rabi m3ak fi lmosta9bel
mahlaha yasser dhamra masab etwansa elkol yadhekou kifha bravo hanen
Barcha tayara bravo
نور شيبة مزينك محلاها لبستيك إنشاء ربي يحفظك من عينين الحساد
9wi 9wi tayara ya hichem
3assla bayrouumm
راك معللللم جعفووور
عسل شرفنا و شرف تونس انشاالله من حسن إلي أحسن...يعجبني برشا و كلمتو ما يراجعهاش التالي يستحق أحسن ممثل كوميدي تونسي بعد لمين النهدي 😉
Bravo wallah
j'aime maya ksouri ,lbarnej 7lou barcha
ههههه  يبرد على القلب لبرنس_x000D_",1,Tunisia
7257,Ahsen  wahda temathel fihom hanen,1,Yemen
7258,فنانة. وعليها. الكلام,1,Morocco
7259,"A7lla keriim 😂😉💖""",1,Lebanon
7260,أجمال احساس وأجمل اب وبنت في لكون يارب يكون كل الاب مثله ربي يخف عليه مرض بنت ورجعلوا وليدوا ونعولها بشفاء العاجل,1,Tunisia
7261,معلم يا جعفور 😊,1,Egypt
7262,3sal,1,Oman
7263,ميسا كانت احلي شي في حلقه,1,Libya
7264,marouma ahsen wahda,1,Morocco
7265,ممثلة ما فماش كيفها في تونس ممتازة,1,Tunisia
7266,ربي انجحو وياخو ببدو ويوفقو,1,Iraq
7267,Raw3a bsara7a ya  semi,1,Tunisia
7268,ماشاء الله ....تهبل,1,Saudi Arabia
7269,tbarkallah mahlek ya olfa,1,Syria
7270,Bravoooooo,1,Egypt
7271,مبدع شريف رجل قانون نزيه ربي يوفقو,1,Tunisia
7272,bravooooooooooooo chakib yaser tayara kel 3ada hadha mouch chay jdid 3lina mennek walh m3alem ya weld tunis <3,1,Tunisia
7273,ما شاء الله عليها ممثلة و عليها لكلام,1,Libya
7274,m3alem weld 7oumtyy :),1,Tunisia
7275,M3alem.,1,Algeria
7276,bravou wajiha,1,Morocco
7277,Southe beeeeeeeeehi,1,Lebanon
7278,عنده الحق و بلادنا ضايعة من قبل و زادت توا باسم الديمقراطية,1,Tunisia
7279,ti3jibni...,1,Algeria
7280,raou3a,1,Tunisia
7281,Bravo wlh machallah 3liha <3,1,Syria
7282,bravo jiji a3tih w chewaya fih,1,Iraq
7283,Ja3four enchallah dima mnawer ya m3alem enchallah rabi m3ak w waf9ik,1,Morocco
7284,ma7lah maryouma,1,Morocco
7285,enti raki fanena wte3jbi enas wenas t7ebek rabi ya7fdek,1,Saudi Arabia
7286,Bravo rahmoni,1,Tunisia
7287,bravo Ms rahmouni,1,Tunisia
7288,Ahmed landolssi intaa m3alem je t'admire ❤💙❤💙,1,Iraq
7289,لمعلم يتكلم,1,Sudan
7290,m3alem,1,Jordan
7291,يعطيكم الصحة و ربي يقدركم على فعل الخير و بالنسبة لوليد التونسي يعطيه 1000 صحة ابهرني قداش يحفض ما شاء الله,1,Tunisia
7292,معلم ياسين بن قمرة من افضل الممثلين حاليا في تونس برافو,1,Oman
7293,rabi em3ak ya samir,1,Tunisia
7294,Bravo sami,1,Tunisia
7295,le meilleur ♡♡,1,Jordan
7296,yab9a dima m3alem,1,Morocco
7297,Baaaaaaarcha 3ejbetnu,1,Morocco
7298,مبرووووك القناعة باهية,1,Tunisia
7299,ياسر ضامر و دمو بارد,1,Libya
7300,صوتها مزين محله,1,Yemen
7301,vraiment a3az la9taaaaaaaaaaaaa,1,Tunisia
7302,bravo walid 9adech 3jebtni elbara7,1,Morocco
7303,Bravo chkibb,1,Syria
7304,Akiiiiiiiiiiiiid lmnawra lmousalsal hiya,1,Tunisia
7305,هذيكا لمعلمة شكون كيفها وحدك و برا يا وجيهة,1,Tunisia
7306,Ma7leha n7eb n9olha rani n7ebek men kol 9albi rabi y5alik <3,1,Tunisia
7307,Tayaaaaaara. 👍👍👍👍👍👍👍,1,Morocco
7308,ياسر حلوة اللقطة هاذي,1,Tunisia
7309,لمعلم يتكلم,1,Sudan
7310,عبد الفتاح كلامو كبيييير والسانو يغزل لحرير,1,Tunisia
7311,تجننننننننننننن,1,Palestine
7312,Bravo walid tounsi,1,Iraq
7313,الحمد لله تونس مازال فيها رجال كيف أحمد ووليد,1,Algeria
7314,ماشاء الله هذا هو الجهاد,1,Yemen
7315,bravo :*,1,Morocco
7316,bravoooooooooooo,1,Syria
7317,Bravo amin w enchallah men hassan ila ahssan,1,Tunisia
7318,احلى دنيا يا دنيا اخرى منورين منورين منورين,1,Tunisia
7319,Mech normal raw3a,1,Morocco
7320,tbarkalah 3alik rabi 3taha legboule we 7nina baaaaaarcha,1,Tunisia
7321,Ta7founa,1,Morocco
7322,جعفور عسل  حتى الميت يسمعو يفز خاطر جعفر مولا العز ربي يخليه للناس اللي يحبوه :*,1,Tunisia
7323,M3aaaaaalem,1,Algeria
7324,bien,1,Tunisia
7325,احسن ممثل البرنس,1,Tunisia
7326,Tfata9,1,Lebanon
7327,Nawfel ahsen,1,Lebanon
7328,7al9a  7lowa,1,Tunisia
7329,ma7laaaaaaaaaaaaaahom,1,Morocco
7330,Yassir 7low sawtik  maryouna,1,Algeria
7331,c vrais ma7lahem,1,Morocco
7332,Ahsen wahed fihom,1,Syria
7333,Ma7lha,1,Lebanon
7334,Raw3a ya3tik sa7a,1,Tunisia
7335,حصة راقية بأتم معنا الكلمة و ريم زادتها رقي برافو,1,Lebanon
7336,Tbarkalah a3leha,1,Saudi Arabia
7337,ya walid ya m3alem ma7lek kif tabda enta wlotfi,1,Tunisia
7338,Bravoo sami,1,Tunisia
7339,bravo,1,Morocco
7340,M3alma 5ouya sami,1,Morocco
7341,To9tel,1,Algeria
7342,Bravo,1,Modern Standard Arabic
7343,Brvo,1,Lebanon
7344,Mwaher ya ja3four,1,Morocco
7345,وليد يعطيك الصحا برجوليا وغني بردت على قلبي بلاد,1,Tunisia
7346,Barvo ناجي جلول,1,Algeria
7347,احترامي سي رؤوف. .يزداد تقديري لك بعد كل اطﻻلة ....الفنان الذي ﻻ يناقش قضايا شعبه ﻻ يستحق ان يكون فنانا,1,Oman
7348,7lowa w 3andha karizma,1,Morocco
7349,Bravoo baketni hethi machrou3 grand comediene,1,Tunisia
7350,Yeser ma7leh المسلسل,1,Tunisia
7351,شكرا الي السيد نعيم على التضحية والصبر الكبير الذي ابتلى به خاصة إلى ابنة رحمة التي تعاني منذ الصغر من المرض الذي جعل. من حياتها شبه محطمة إلا أنها قاومت هدا المرض و واصلت مسيرتها الدراسية.  وادعوا لها ومن كل قلبي أن يشفيها آلله تعالى أمين. لقد تأثرت كثيرا لحالتكي وأعجبت بطريقة كلامك الرائع ويبقى الأمل.,1,Oman
7352,Nour chiba dima mnawer b dho7ktek lmezyana w lebstek l7lowa mchalah 3lik rabi izidk men 3andi,1,Tunisia
7353,وجيهة مثال للمرا التونسية المتثقفة و الناجحة برافووو,1,Algeria
7354,nmout aliha,1,Tunisia
7355,Enta m3alem!,1,Tunisia
7356,BRAVO ENA BAKTNI LA9ta hathi,1,Lebanon
7357,bravooooooooooooooooooooooooo si jalloul,1,Syria
7358,تبارك الله عليها مبدعة,1,Morocco
7359,Fannen mo7tram yesser w khaddem w 3omrou majbed had .. Rabbi ywaf9ou,1,Syria
7360,منور ربي يحفظك يا شيخ واليد من البيبا,1,Tunisia
7361,محلاااهم,1,Tunisia
7362,Oooui bravooo yesser 7louwa la9ta,1,Morocco
7363,انسان متربي و مخو نظيف موش كيف الفرطاس نوفل حتى بلادتو مستحبة وباش يولي برنامج عائلي,1,Tunisia
7364,عندك كريزمة و وهرة يا وجيهة الحسيلو الحوت عليك,1,Tunisia
7365,Te3jbni barcha,1,Algeria
7366,Yessr sari7 belnesba liya ena te3jbni barchaa bravo wasel,1,Tunisia
7367,مشالله عليها,1,Qatar
7368,kil 3ada w kima mara inti ili tha7akna,1,Tunisia
7369,واو محلاها,1,Tunisia
7370,ماشاالله عليك يا أميمة صوت و صورة  يا ربي زيد علينا هل نعمة💖💖💖💖,1,Algeria
7371,Bravo,1,Modern Standard Arabic
7372,ما نعرفهاش أما عملت مداخلة باهية يعطيها صحة,1,Tunisia
7373,y3jbni barcha 5atrou tel9a2iiii,1,Morocco
7374,vrai mon bravo yassin wlh yaser 7louwa la9ta,1,Syria
7375,ربي يوفقك,1,Tunisia
7376,أحسن كوميدي تونسي .,1,Palestine
7377,Bravo. Neji jalloul,1,Iraq
7378,هائل و هائل,1,Jordan
7379,5awsa w e5mes A3lik ya walid,1,Morocco
7380,محلاهم البنيات و ما احنهم,1,Iraq
7381,حلقة مميّزة,1,Algeria
7382,للاناقة عنوان يدعى نور شيبة,1,Saudi Arabia
7383,Ja3four enti m3alem we7na menek net3alem <3,1,Tunisia
7384,thabal,1,Oman
7385,Borjoliya m3alim,1,Tunisia
7386,جعفور يا غالي ربي يفظلك لينا,1,Morocco
7387,احسن قناة تونسية,1,Tunisia
7388,نمووووت عليه >3,1,Libya
7389,hhhhhhhhhhhhhhhhhhhhhhhhhhhhhhhhhhhhh mala karim wa7dou fi eltfadhlik,1,Iraq
7390,وااااااااااااااااااااااااااااااااااااااااااااااااااااو محـلاهــا تهبـّــــل ،،،،,1,Saudi Arabia
7391,Bi5tisar m3alem yedhakerni b sofiene cha3ri alah yar7mo,1,Tunisia
7392,thabeeeeeeeeeeeeeeel mazyenha,1,Yemen
7393,تحياتي لهاتة الاستاذة. انا شخصيا درست عندها بكلية الحقوق بصفاقس .استاذة عظيمة.وما  الاعاقة الا اعاقة الاخلاق و المبادئ.,1,Jordan
7394,. wlh bravo Karim bon chance w wmwafe9 inchalla,1,Lebanon
7395,7asilo ma7lek w ma7la klamek wallah sa7 lih elrajel eli bech ta5dho 9adech mezhar,1,Morocco
7396,احلى شيخ تحيفة معلم و الله  <3,1,Jordan
7397,يا معلم,1,Egypt
7398,M3aleem enta m3allem,1,Morocco
7399,Feeeeennnan,1,Syria
7400,bsaraha 3jebni  ydhahek,1,Syria
7401,Tahfouna,1,Morocco
7402,اول حلقة برشا ضرب و برشا بكا و برشا اثارة زادا برفوووووووا سامي,1,Tunisia
7403,Berjouliya sitkom mouch 3adi 7ata tarf #bravo 😃😄,1,Lebanon
7404,Ma7leha bourjolya,1,Morocco
7405,masta,1,Oman
7406,kafon ya 8oul wassil ou  rabi i3ink yal5ou  Kafon <3,1,Tunisia
7407,وليد التونسي احتراماتي,1,Iraq
7408,منشط طيارة بدون منازع .برافو ٱمين ٱلى الٱمام,1,Lebanon
7409,ياجليل كملً هكا وربي معاك اما سيً. محمد  قل ردباك علي  قليبك,1,Tunisia
7410,3jebni,1,Lebanon
7411,Raw3a southa,1,Tunisia
7412,"ربنا يشفيكي يا رحمه ويخليلك ابوكي احن اب فعلا تحياتي لشعب التونسي""",1,Egypt
7413,Mra wa3liha leklem 💜,1,Tunisia
7414,تقتل محلها,1,Algeria
7415,Bravo kadija,1,Tunisia
7416,Tahfoun nour,1,Morocco
7417,مازال الخير في الدنيا .. راجل وليد كيما أغلب الفنانين الشعبيين .. ولاد الحوم ..,1,Tunisia
7418,مرااا كلاس برشا و تعجبني برشا و عندها شخصية شأبوا ليك مدام,1,Tunisia
7419,Hhh ma7lah kimo,1,Tunisia
7420,امونة الغالية :*,1,Tunisia
7421,3assla je t aime très fort thabbel Tbarkallah 3liha,1,Syria
7422,محلاك يا راضية,1,Tunisia
7423,soutou tayara bon courage,1,Syria
7424,uiiii c vré bravoooo sami,1,Tunisia
7425,Mahakekch   rak m3alem,1,Saudi Arabia
7426,em 3alem,1,Egypt
7427,m3allem walid di mzahina braveau......,1,Morocco
7428,محلاه  البلاتو سهرية عالمية هشام الخلصي توخشناه ريم الرياحي تاليتها مزيانة انصاف اليحياوي ضخامة وبشاشة علي الوجه اما الكينغ نتع السهرية بدون منازع حسين الديك شيخنا وعملنا جو بلاتو خالي من الكوليستيرول و الماك والماك في السياسة,1,Tunisia
7429,bravoooooooooooo (y),1,Qatar
7430,Mala 5wat antika rwa3a bravo,1,Tunisia
7431,مريم عسل محلاك قداش تعجبني😍,1,Tunisia
7432,تحية لسي ناجي,1,Sudan
7433,Bravo...,1,Tunisia
7434,min arwa3 ilbaramej,1,Tunisia
7435,cv ta7founa ama dawer tofla l calme w l finou ywetik 5ir,1,Tunisia
7436,برافو اميمه كي العاده ديما منورتنا بصوتك <3,1,Libya
7437,احسن ممثلة,1,Jordan
7438,محلاها هيا اما الميكانيك احلى,1,Tunisia
7439,bravo wajiha,1,Morocco
7440,"chapeau !""",1,Morocco
7441,امنة ياسر كلاس,1,Tunisia
7442,to9tel.,1,Iraq
7443,3ejbetni,1,Algeria
7444,معلم فنان وعليه الكلام رجلة وعجبني كيف دافع على احمد بصراحة مايسترو,1,Yemen
7445,tayara,1,Tunisia
7446,Ja3fourr wahdek fel wahra ya ka3bourr,1,Tunisia
7447,Bravo maryouma c vrai 9wiya fi tamthil,1,Tunisia
7448,mahlehom surtout lamiss,1,Morocco
7449,Walid tounsi bravo farhatli à la 9albi ta réaction avec la jolie  fille,1,Morocco
7450,برجولية صلاح مصباح  غنايتو رروعة نتمني تتأقلم مع جيل اليوم,1,Tunisia
7451,برااااااااااااااافو,1,Jordan
7452,A7sen momathel tounsi bravo,1,Tunisia
7453,T3adi ro7ha,1,Algeria
7454,"m3allem sami fehri""",1,Tunisia
7455,Momathel  behi w ena ya3jebni barcha,1,Lebanon
7456,Ani te3jeeeebni,1,Algeria
7457,Tahkki f l ma39oul w adhekka howwa l 7aal tw,1,Yemen
7458,m3alem jebha bedhabt,1,Lebanon
7459,جعفور انسان باهي و طيب و ربي يعطيه على قد قلبو وإنشاء الله ديما متألق و ناجح,1,Palestine
7460,مشالله,1,Qatar
7461,Tbarkallah 3lik oumayma zin w sout 😍,1,Syria
7462,baravo,1,Jordan
7463,يعطيكم الصحة,1,Algeria
7464,Moselsel  raw3a wala mouch 3ajbou mayetfarajech 3lih w haka Ali sayer fi mojtama3. :p,1,Tunisia
7465,bravoooooooooooooo sami kol moussalsil 3amaltou inti tayara,1,Syria
7466,راجل ...,1,Tunisia
7467,Bravo #amin,1,Jordan
7468,Bravo,1,Modern Standard Arabic
7469,Machaallah 3lih :),1,Tunisia
7470,خلي يقولوا واش يهم إنت الناجح و رافواا 😘😍😍😍,1,Morocco
7471,يا معلم برا حجم يهديك ..,1,Libya
7472,Bravoooooo sami wallah m9atel tho7k et surtout karim l 8arbi(sabri),1,Morocco
7473,محرزية العبيدي تمثل المرأة التونسية,1,Tunisia
7474,انسان يعرف شنوة يقول بصراحة يعتيه الصحة,1,Tunisia
7475,Ma7lah 😘😘,1,Egypt
7476,يعطيه الصحه نشا الله يكون محايد,1,Morocco
7477,انشالله ربي يثبتك علي فعل الخير انسان نظيف بأتم معني، الكلمة وتونس،مستحقة لامثالك,1,Libya
7478,#ma7la_zinou 7obi_houwa olfa el 3asoula dima mnawra <3,1,Morocco
7479,Taayaraaa,1,Tunisia
7480,ونعم التربيه,1,Oman
7481,اخلاق و جمال و تربية عيشوشة,1,Tunisia
7482,ma7la zinha ou mabroukin aleha <3,1,Tunisia
7483,M3alem,1,Lebanon
7484,Yaaaaaser taaayara bravo,1,Tunisia
7485,احسن مثال للمرا التونسية الشهلولة و الضحاكة و قلبها صافي,1,Tunisia
7486,عبد الفتاح مورو معلم,1,Tunisia
7487,تعجبني أناقة سي مورو,1,Iraq
7488,wa7ra wirjouliya,1,Morocco
7489,bravo semi,1,Tunisia
7490,Mriiigl enaaa 3jbniii,1,Morocco
7491,ja3four ya roi ma7lek bi rouge nchalah dima mit2ala9,1,Tunisia
7492,Hasna <3,1,Morocco
7493,برافو سامي,1,Iraq
7494,Machalah,1,Oman
7495,N9adarha barcha,1,Morocco
7496,Bravo walid :D,1,Egypt
7497,برافو وليد التونسي,1,Libya
7498,hhhhh mala mgareb3a,1,Morocco
7499,Rajel bsara7a bravo kberet fi 3ini walid,1,Iraq
7500,و نعم الاب,1,Sudan
7501,(y),1,Oman
7502,Wahdek ya amin,1,Syria
7503,7al9a 3alameya wlh,1,Morocco
7504,Ma7lek! Zin ou fannena 7loua.,1,Tunisia
7505,بالفعل قدوة اﻷبوه فعلا منك نتعلم المعنى الحقيقي لكلمة اب ترفع اك القبعه,1,Yemen
7506,Bravo ja3four wasel nchallah rabi m3ak <3 <3,1,Saudi Arabia
7507,M7lahom ana a7sem mesalsel y3jbni hwa wlad mefida,1,Yemen
7508,ti3jibni ya loutfi w yasssir tdha7akni,1,Tunisia
7509,مااحلاها ريم الرياحي زين و تربية و برستيج ان شاء الله ربي يوفقها و نشوفوها في حاجة حلوه في رمضان سنه 😘,1,Libya
7510,Raw3a,1,Tunisia
7511,لطفي العبدلي  أحسن ممثل كميديا,1,Syria
7512,Tayra,1,Tunisia
7513,احلا بنات شفتهم والله,1,Jordan
7514,برفوووووووو وليد اما ما حقكش أخرجت,1,Tunisia
7515,Sout 7lou rabi y3awnek,1,Syria
7516,برافو عليك يا وليد ياولد الغالية,1,Tunisia
7517,ياسامي يعتك الصحة وربي افرحك ببناتك,1,Tunisia
7518,بهي ومحترم حدها حد روح,1,Lebanon
7519,Yarhem weldik si naji yonsrek,1,Iraq
7520,A7la ja3four n7ebouk wenmoutou 3lik wfokek me regime 5alik haka rak 3saaal,1,Tunisia
7521,bravo  wallah <3 <3,1,Qatar
7522,سي عبد الفتاح كلامك باهي,1,Tunisia
7523,تبارك الله علاها,1,Morocco
7524,t3jébni barcha <3 <3,1,Morocco
7525,Sobhan Allah  rabbi yonsorha,1,Syria
7526,الماسطين الكل جبتهم يا قاره,1,Tunisia
7527,كامل الاحترام والتقدير لي مثال الرجل التونسي التقليدي المتمسك باصول التوانسا الاصليين,1,Algeria
7528,يااااسر مقبولة,1,Saudi Arabia
7529,معالم يلزهم برشة باش يخلطولوا وحديك يا شيخ,1,Tunisia
7530,يعجبني دور بسام الحمراوي برافو,1,Iraq
7531,Likbir kbir ya m3alem,1,Morocco
7532,bravo,1,Morocco
7533,Te3jebni barcha,1,Algeria
7534,Hhh!wa7dek Bayrem!,1,Lebanon
7535,Ma7leha,1,Lebanon
7536,Ma7lek wallah,1,Lebanon
7537,والله عجبني الموقف انتاعك اخي نور شيبه غني غير باللهجة التونسية (معجب من الجزائر),1,Morocco
7538,Tbarkala aalik mariouma teejibni yasser,1,Tunisia
7539,Wahdeeeek,1,Syria
7540,bravo,1,Morocco
7541,<3 wseeel sahbi rajel hhh :* ma7laa zineek,1,Morocco
7542,Enti ahla meno maryouma,1,Morocco
7543,كريم طياره,1,Yemen
7544,يعجبني برشا وبسيط ومتواضع 👌👌,1,Tunisia
7545,زوووووووووووووووووووووعه,1,Jordan
7546,انت لمعلم جعفور مصاب جات لعباد الكل كيفك,1,Sudan
7547,Wahra lnessha,1,Lebanon
7548,Bravo,1,Modern Standard Arabic
7549,bsara7a tayara,1,Tunisia
7550,رغم صغر سنه خدام ربي اوفقوا,1,Yemen
7551,منشط يستحق التشجيع,1,Yemen
7552,sahriya hlowa ama manel aman a3lh jay just 3askir kardona hh,1,Yemen
7553,bravo,1,Morocco
7554,m3alem,1,Jordan
7555,Ki nchouf haka n9ol tunis b7ir mhlaha tunis,1,Tunisia
7556,Bravo sami,1,Tunisia
7557,le ma7leha kaouther bel 7aj fi kol el adouer te3jibni,1,Syria
7558,برافو سمير دقة كبيرة في اختيار الضيوف ولو اعاتبك قليلا .. حلقة الصافي سعيد لو كان بمفرده افضل,1,Oman
7559,معلم وراجل ةسيد الرجال,1,Tunisia
7560,mala whra tbarkalh alik jaafour,1,Iraq
7561,أحمد راجل وفاهم,1,Egypt
7562,Bravo,1,Modern Standard Arabic
7563,Inhebha barcha w inheb tmthilha rabi i5alik wajiha,1,Iraq
7564,ربي ىبارك فيك فوزي,1,Morocco
7565,Ya3tik essaha brvoooooo,1,Tunisia
7566,وليد معلم,1,Morocco
7567,😍😍😍,1,Jordan
7568,Wahdou el ebdili el 9ouwa eli fih yel9aha hadhra min ghir ma ya3mel barnemej chbich y9oul tbarkallah 3lih,1,Syria
7569,9atousa,1,Morocco
7570,Mahleeha binti,1,Tunisia
7571,من أرقى النساء آناقة و ثقافة❤,1,Lebanon
7572,وليد يا معلم 💪💪💪💪👍✌✊,1,Libya
7573,ya3tiha ysaha,1,Syria
7574,Bravo,1,Modern Standard Arabic
7575,ناجي جلول ﺍﻟﻮﺯﻳﺮ ﺍﻟﻮﺣﻴﺪ ﺇﻟﻲ ﺳﺎﻫﻢ ﻓﻲ ﻗﻄﺎﻉ ﺍﻟﺘﻌﻠﻴﻢ ﻭ ﺇﻧﺸﺎء الله يواصل عالمعدل هذا باش يكسب محبة الكثيرين ^_^ وأنا نتمنالوا التوفيق و النجاح,1,Tunisia
7576,تعجبني في كل شي,1,Qatar
7577,ماشاء الله,1,Saudi Arabia
7578,محلاك ماشاء الله عليك,1,Tunisia
7579,لطفي من أحسن الممثلين في تونس وأفضل حاجة فيه هي لبلادة متاعو,1,Libya
7580,أحسنت صنعن تونس واقفة على رجالها أكيييييييييد,1,Syria
7581,Amine gara motrobi,1,Syria
7582,Barvo ♥,1,Egypt
7583,3asoula rabi ya7fadhha,1,Syria
7584,Bravo Hannouna dima mnawra el émission tbarkalah 3lik ....,1,Tunisia
7585,صوتك حلو كي تغني آما كي تتكلم قول لطفي بو شناق,1,Algeria
7586,مرحبا مرحبا نورت التلفزة معلمة,1,Syria
7587,A7sen momathellll,1,Lebanon
7588,7louwaaaaaaaaaaaaa sout w soura,1,Morocco
7589,Mahlek sami,1,Oman
7590,Ena bekitni .bravo,1,Morocco
7591,N7ibha barcha. 5assatin fi mousalsal mnemit 3rous siya min konna najmou nitfarjou 3ayla kamla m3a b3adna fi mousalsal,1,Tunisia
7592,bravo,1,Morocco
7593,~t3jebni barcha ~,1,Morocco
7594,Bravo walid baratli galbi fi barcha chlyek,1,Morocco
7595,لباسها محترم ومحتشم مش كيف برشا فنانين,1,Tunisia
7596,Bravo,1,Modern Standard Arabic
7597,wajiha ljandoubi mithel lmra tounsia mra mo7tarma mobd3a et moutha9fa,1,Morocco
7598,Hhhh hhhh ma3lem,1,Tunisia
7599,Nour charaftna bravo wasel w rabi ywaf9ek,1,Morocco
7600,ممثل ناجح و تستحق الجائزة,1,Algeria
7601,بصراحة برافو ليها تحسها موهوبة اتقنت المشهد رغم صعوبته ورغم صغر سنها,1,Saudi Arabia
7602,hhh  Bravo !!,1,Lebanon
7603,walh chab3a tha7ak,1,Tunisia
7604,والله عجبني و زاد احترامي ليه تونسي اعتذر لاخيه التونسي رغم انهم يريدون ترويج صورة مسلم يعتذر ليهودي و ارجو ان اكون مخطئا في تاويلي و الاصل في الانسان حسن النية و انا مؤمن بذلك,1,Libya
7605,borjou liyya rim wahadha,1,Iraq
7606,Machallah rabi ye7miha 3sal,1,Yemen
7607,برافوااااا عليكم,1,Morocco
7608,Bravo tawfik,1,Tunisia
7609,.معلم,1,Syria
7610,Ensen rajel w behyy kamel ki haka,1,Iraq
7611,فيه بزاااااف رجولية محلاهم 👍👍👍,1,Algeria
7612,cv m3alma,1,Tunisia
7613,تحسها رجلة وعجبتني تلقائيتها,1,Saudi Arabia
7614,"مبدع ومتألق دائما"" ياسمير ياوافي 👍🏻",1,Egypt
7615,Ma7lehom ... rabi yfalhomlk kimo,1,Syria
7616,حالة معاك,1,Egypt
7617,احلي حلقة في عندي منقلك,1,Tunisia
7618,Saha rajel wnetcharfou bik,1,Morocco
7619,bravo layla echebi  o9tolhom bdem bered,1,Lebanon
7620,akkkid m3almaa,1,Morocco
7621,تعجبني,1,Iraq
7622,ربي يحفضلك جمالك,1,Tunisia
7623,برا يرحم والدين والديك يا وليد فرهدتلي على قلبي,1,Morocco
7624,Ja3fouuuur n7bouuuu barchaaa,1,Morocco
7625,thessou  ndyef  fi  mokhou,1,Tunisia
7626,تحية لاستاذتي درة والي قريت عندها سنة اولى حقوق اكثر من رائعة,1,Tunisia
7627,أحلا حاجه في برنامج وجيه الجندوبي تباركله عليها  ♡♡♡,1,Libya
7628,نجلاء محلاك في التمثيل و في كل شي,1,Tunisia
7629,Rajel,1,Tunisia
7630,Hhhh wahdek karim,1,Iraq
7631,m3alma,1,Yemen
7632,هههههه احنا اعجبتنا في التمثيل,1,Egypt
7633,le ta7foun dawrha,1,Lebanon
7634,Madam Wajiha mettha9fa barcha w testahak tkoun 3odhwa fi majles chapou lik,1,Tunisia
7635,يعجبني برشااااا امير 😍😘 نحبووو,1,Tunisia
7636,Bravooooo #walid 3titoutou masroufou,1,Morocco
7637,جعفور ديما منور القنوات التونسية,1,Tunisia
7638,a7la sahryaaaaaaaaaaaaaaaaa dima 3la ettounsiyaaaaaaaaaaaaaaaa,1,Morocco
7639,wlh tho7ka 3almiya hhh,1,Iraq
7640,تعجبني تبركلا عليها في تمثيل,1,Tunisia
7641,a3ssal ya baja3a al jamila,1,Tunisia
7642,برشا خفة رووح 😃,1,Tunisia
7643,Ma7lek bravo wasel w walh dmou3ek 5sara fihoum el koul toz a9herhoum be dame el berad,1,Tunisia
7644,لمعلم,1,Sudan
7645,شبعة ضحك,1,Lebanon
7646,رجل دين رغم انف المخنثين الشمسيين,1,Iraq
7647,zeyed ye ja3four jawek wa7do,1,Syria
7648,Allah ibark 3lihom haylin tahfonin,1,Lebanon
7649,Fannan wi3lih liklem Dalí Bach yanta7er houwa w bouh minja7ek 7asan wasel,1,Tunisia
7650,راك معلم يا شكيب.,1,Algeria
7651,Ma7Lah,1,Tunisia
7652,روعة والله,1,Algeria
7653,Raw3a,1,Tunisia
7654,Ta3jebni shouba,1,Morocco
7655,Bravo,1,Modern Standard Arabic
7656,w barnemjek nchalah yfai9 la3bed _x000D_,1,Tunisia
7657,Kafon m3alem w lbrima y3aredh,1,Lebanon
7658,برااافو أستاذ يوسف واصل في تحسن,1,Morocco
7659,Bravoooooooooooo sami,1,Saudi Arabia
7660,7louwa w mizyena w southa zed zinha,1,Syria
7661,mzzelet elbarka bnet 3ayla yarhem weldinlemima eli 3arfet trabihom zeda,1,Iraq
7662,Hahahahahah 3alamiya,1,Tunisia
7663,Bravo,1,Modern Standard Arabic
7664,محلاك يا مي ♡♡♡,1,Tunisia
7665,ya3tih saha rouhou 5fiifa w fadléék  bravo et bon courage amine <3,1,Morocco
7666,للاة النساء,1,Tunisia
7667,amin dima mwahir wy93od toul 3oumro mwaher,1,Iraq
7668,برافو وليد التونسي يعطيك الصحة و راجل من ظهر راجل,1,Algeria
7669,يعطيك الصحة خويا علاء والله يبارك فيك,1,Morocco
7670,Bravoooo jalloul,1,Syria
7671,Behya,1,Lebanon
7672,Bravooooooo,1,Egypt
7673,Hhhhhh 7lowa barcha,1,Lebanon
7674,نورت الحصة يا شيخ ... ربي يباركلك في صحتك,1,Palestine
7675,Hassine dik mal wahra 3alik  mahlak mahlak :* :* tbarkala 3alik nchalh rabi iwaf9ik <3 <3,1,Tunisia
7676,معلم ومايرشفها لحد,1,Egypt
7677,زينة في كل بلاتو محفلتها وين تمشي معاها جوها ربي يزهينة ...,1,Tunisia
7678,عجبتني حلقة اللية حسيتها رايقة برافو حسين الديك واصل هكاك,1,Qatar
7679,BRAVOOOOOOOOOOO,1,Lebanon
7680,ma7lek najla,1,Tunisia
7681,aw sout raw3a,1,Lebanon
7682,Ena n7ebha barcha 3aza wte3jebni cha5seytha w3andha dho7la zeda ma7leha,1,Tunisia
7683,محﻻها او محﻻ صوتها,1,Oman
7684,bravo  hétha ech n7ebou nraw fi télévision :) :),1,Tunisia
7685,مشاء  الله,1,Saudi Arabia
7686,Bravo jalloul,1,Lebanon
7687,kkkkkkkkkkk bravoo Hanén :),1,Tunisia
7688,اب روعه روعه مثالي ربي افضلو والبنوته محلاها ربي يشفيها,1,Iraq
7689,Mahlehom ezoz ye3jbouni,1,Saudi Arabia
7690,اقوى لقطة بصراحة مااحلى لعم وابن الخوه,1,Yemen
7691,محلاكم مع بعضكم قروب هايل,1,Tunisia
7692,M3alem,1,Lebanon
7693,Rabi 3inek ya dalahji Wasel w mahemek fihom 👍👍👍,1,Jordan
7694,والله جعفر القاسمي إنسان خلوق وحتى تفدليكو مقبول إنسان إجابي واصل خويا جعفر وعاون الناس ولك كل الإحترام مني خاصة ومن شعبنا عامة,1,Morocco
7695,اني نحبك بارشا يا وجيها انتي مومثلا شاطرا,1,Tunisia
7696,Top,1,Lebanon
7697,في  كلمة وحدة كاريزما,1,Libya
7698,Bravo 3omda 3jibtni ki 9outlou saker fomek 5ali rjail titkalim   vraiment chapeau,1,Tunisia
7699,شكرا لك علاء الرجاء مدنا بأشخاص مثل هؤلاء لانهم يبعثون في الناس اجمعين حب الحياة والتأمل نحوى الافضل,1,Iraq
7700,M3allllllllllllllem 3ejbetni menk,1,Lebanon
7701,hhhhh Bravo sami 3ajbniii barcha دنيا اخرى,1,Tunisia
7702,Jaafourrr wahdk wbaraaa :*,1,Morocco
7703,ya3tih 1000 sa7a bravo kelmtou y9oulha,1,Tunisia
7704,Beeehiii,1,Lebanon
7705,ma7lk w ma7elha zinek :**,1,Morocco
7706,Bravoooooooooooooooooooo 💜💜💜💜💜💜💜💜💜💜💜💜💜💜💜💜💜💜💜💜💜💜💜💜💜😘😘😘😘😘😘😘,1,Iraq
7707,بنت بلادي فلة..,1,Tunisia
7708,Rabi yechfeha w y3awenha w ya3tih saha boha,1,Syria
7709,Bravooooo,1,Egypt
7710,Brvo  kammel rabi m3ak,1,Saudi Arabia
7711,بالرجولية معلم,1,Tunisia
7712,براڥو جعفور وحدك يا معلم والله زهيتنا وفرهدتنا بروحك لخفيفة ونكتك الحاضرة والي عجبني فيك تعبر بصمتك وبكلامك راك فنان شامل,1,Tunisia
7713,bravoo,1,Iraq
7714,Ma3alem,1,Lebanon
7715,Mra mo7tarma barcha rabi iwafa9ha,1,Tunisia
7716,Te3jebni fi tamthil Wajiha <3 w hiya bel7a9 hiya 'Soltanat Masare7 ' (Y) 9alou 'Chams din becha' Hhhhh :p,1,Tunisia
7717,زياد فنان متكامل مشالله عليه ممثل و ملحن و مغني و اكثر مسلسلاتو اللي عجبوني حلوة,1,Jordan
7718,Ja3four ya #m3alamhom :*,1,Tunisia
7719,سيتكوم عالمي...💖💖💖,1,Saudi Arabia
7720,Wahra Badir,1,Lebanon
7721,bravo nour,1,Morocco
7722,"#تونس بخير""",1,Oman
7723,جعفور ديما محليلنا السهرية برافو,1,Tunisia
7724,محلاه التاتو متاعك 💞💞,1,Tunisia
7725,A7la comedy fi touns,1,Lebanon
7726,Tayara slè7,1,Morocco
7727,لمين وحدو في اافكاهة,1,Tunisia
7728,bou zinek ya zinaa ma7leeek,1,Syria
7729,أنت معلم و أحنا منك نتعلم ;),1,Egypt
7730,Wa7dek w sami barvo,1,Syria
7731,احلي  برنامج تحياتي الى تونس الخظراء ولى سي علاء,1,Tunisia
7732,روعة البجعة في المسلسل,1,Saudi Arabia
7733,Bravo 5adouja wlh :*,1,Morocco
7734,A7la mousalsel wallah tayara,1,Tunisia
7735,bravo hiya mounachta naaaaaaaaaaachta............,1,Tunisia
7736,انسان مثقف :),1,Iraq
7737,بالعكس ضامر ضامر علي الاخر ربي يوفقك ياكريم...,1,Libya
7738,hhhh n7ébha yésér <3,1,Morocco
7739,Top 😍😍😍😍,1,Iraq
7740,محلاها ما شاء الله,1,Tunisia
7741,برافوا يا أحلى وليد بردتلي شوية على قلبي...,1,Morocco
7742,Raw3a wche5na bedho7ek,1,Tunisia
7743,محلاه قداش يعجبني متربي ويخدم على روحو.زين و صوت تبارك الله,1,Tunisia
7744,beha9 momtez raw3a,1,Tunisia
7745,Toppp :*,1,Iraq
7746,Hatha El mathal ili yelzemna n9admouh fel tv wykoun 9odwa El barcha machahir,1,Tunisia
7747,الكل يحبك و سيبق يحبك يا اميرة كلنا نحبك عيون تبتسم و تنظر الى بعيد داالك البعيد سيقترب و يسعد حياتك رغم كل حال الله يسعدك و ينجحك في حياتك,1,Libya
7748,"عسسسسسسسسسسل بس.""",1,Lebanon
7749,تقعد من خيرة الفنانات في تونس,1,Libya
7750,برافوووووو  خديجة,1,Morocco
7751,Te3jebni w n7enha,1,Iraq
7752,الفخامة بأتم معنى الكلمة,1,Egypt
7753,نحبها,1,Tunisia
7754,Etbarkalaah e3lehaa w southaa raw3a💗😊,1,Saudi Arabia
7755,معلم,1,Oman
7756,Tbarkalah 3leha ta3jebni bent semi,1,Tunisia
7757,Sa7a lik,1,Tunisia
7758,Ma7lekom ines ilkol titfarej fikom 7al9a yalamiya braaaaaaaavo,1,Iraq
7759,صحه جعفور راك عالمي,1,Algeria
7760,حلووه ....:-D,1,Libya
7761,7al9a mezyna,1,Morocco
7762,احتراماتي لجعفر و نور,1,Yemen
7763,صوتها حلو .. (ربي معاها ),1,Saudi Arabia
7764,Raw3a machalah asooooooola Toktil😘😘😘😘😘😘😘😘,1,Morocco
7765,Raw3a raw3a,1,Tunisia
7766,راجل صاحب موقف,1,Egypt
7767,عسلة نحبها برشا ممثلة كبيرة ربي يوفقها,1,Tunisia
7768,Variment rajil w a7sen la9ta,1,Syria
7769,رووووووووووووووووعة بكل صراحة,1,Palestine
7770,مسلسل باهي برشا,1,Tunisia
7771,Bravo waselll heka rabi mak,1,Morocco
7772,raw3a,1,Saudi Arabia
7773,dima mcharafna yam3alm,1,Morocco
7774,Bravooo chokooo,1,Saudi Arabia
7775,3asoula ma7la zienha fi kol chay,1,Morocco
7776,bravo.bravo lem3atllem welad asl  walid,1,Morocco
7777,Raw3a hal mra..taajibni ysr,1,Saudi Arabia
7778,"bravo wlh""",1,Tunisia
7779,كريم يا معلم,1,Egypt
7780,Ena nmout a3liha w hedheka tamthil mano7komch a3lih ama fil la79i9a ta7founa,1,Tunisia
7781,ما شاء الله عليهم هو و مرتو و المحامي فخر لتونس,1,Palestine
7782,3Almaya,1,Morocco
7783,ماحلي ﻻخوات كي يبداو احنان على بعضهم,1,Tunisia
7784,أنا جزايري بصراحة ولاد مفيدة هبال,1,Syria
7785,M3allem,1,Morocco
7786,m3alim m3alim m3alim ma3ndi mn9oul enti ensen kamel wlh rabi ywaf9ik,1,Tunisia
7787,rabbi m3ak ya tounsiya,1,Lebanon
7788,من أحسن الممثلات في تونس,1,Libya
7789,Zeyed ja3four yab9a lem3alem,1,Lebanon
7790,متزن في كلامو متخلق مستقبل واعد,1,Tunisia
7791,(y),1,Oman
7792,لقطة تجمع احساس رائع شكرا,1,Saudi Arabia
7793,l'em3alem obhorna,1,Jordan
7794,هشام الخلصي ثقافة وهرة وأخلاق وخلق والله إنت اكبر فخرلتونس..طلعتلنا المورال برافووووو,1,Tunisia
7795,Amin gara wa7dek wma7la dha7ektek,1,Syria
7796,احسن تونسي في العالم,1,Libya
7797,tayarra,1,Tunisia
7798,Oui bravoooo,1,Tunisia
7799,bravo :),1,Tunisia
7800,Bravooooooooo naji jalouulllll,1,Syria
7801,Bravo ?,1,Saudi Arabia
7802,Tayara,1,Tunisia
7803,heyla,1,Syria
7804,Behya,1,Lebanon
7805,bravoooo #jaa3fouuur 7louwa barcha l7al9a surtt 7keyt nedr mt3lmath hhhhhhhhh,1,Tunisia
7806,ma7lek barhouma ya 3asoula,1,Morocco
7807,Tayara fi tamthil bayrem.,1,Tunisia
7808,mi3llllllllmi,1,Lebanon
7809,والله جعفر القاسمي إنسان خلوق وحتى تفدليكو مقبول إنسان إجابي واصل خويا جعفر وعاون الناس ولك كل الإحترام مني خاصة ومن شعبنا عامة,1,Morocco
7810,ما أحلاها,1,Palestine
7811,جميلة,1,Saudi Arabia
7812,برافو عقلية الاعتذار ما فهموهاش جتهم صعيبة عباد خدمتها التنبير والبندير,1,Tunisia
7813,Ana n7abha w hia tmathel 7asb dawrha fil mousalsal ya3ni moch bkifha mai 7ata tamthilha tayara,1,Tunisia
7814,Raw3a elmousalssel bravo bravo sami,1,Tunisia
7815,Machalah 3lih bravo ya3tih esa7a,1,Tunisia
7816,Bravo,1,Modern Standard Arabic
7817,hanen chograni togtel b dhahk.,1,Iraq
7818,مروى صحيح اول مرة تمثل لاكن برافوا اتقنت الدور كما يجب واصل نشاالله بالنجاح,1,Libya
7819,Mastaaaa lastaaaa,1,Morocco
7820,Wahdek walid ya m3allem,1,Morocco
7821,bravo <3,1,Saudi Arabia
7822,عجبتني الفائزة محلها,1,Libya
7823,Raw3a👍🏻👍🏻,1,Jordan
7824,"أبدع البارحة في حصّة "" كلام النّاس """,1,Sudan
7825,شكيب يا معلم,1,Iraq
7826,حلوه برشا,1,Tunisia
7827,A7la amin,1,Syria
7828,a7la kafon,1,Tunisia
7829,Mourou 3ez ennes masab ennahdha kol = mourou <3,1,Morocco
7830,حلوة برشا حلقة الليلة,1,Tunisia
7831,❤️❤️❤️❤️,1,Jordan
7832,:* ma7la chfeyfek w ma7la cha3rek w ma7la klémek ya zin ya 3in :* :*,1,Tunisia
7833,ma7laha,1,Morocco
7834,شكر خاص لتوفيق الغربي <3,1,Morocco
7835,يعطيه الصحة,1,Morocco
7836,❤❤❤❤,1,Jordan
7837,<3,1,Saudi Arabia
7838,M3alim bi douen ta3lia9,1,Tunisia
7839,Ena bkit music yesir tayara,1,Morocco
7840,Sincèrement yesser classe Me7rziyya w salissa w defya w metrobya .. 7abbina or krahna c la vérité,1,Morocco
7841,hhhhhhhhhhhh bravoooo Hanan,1,Yemen
7842,Tayara,1,Tunisia
7843,مااحلاك عبد الفتاح مورو.,1,Yemen
7844,"#bravo_balti""",1,Qatar
7845,جعفوووررر 😍😍😘😘 أحسن ممثل و منشط و كوميدي برافو يعمل في حاجات تشرف بالرسمي 👍👏👌,1,Egypt
7846,baydirman ya m3alem,1,Lebanon
7847,راك معلم يا لطفي و زيد نفس اللقب انا وياه معناها ولد عمي .ههههععهه,1,Algeria
7848,ma7léhom <3,1,Morocco
7849,tayara,1,Tunisia
7850,زين و قد و للنهضة كلامها إبيض الخد,1,Lebanon
7851,mnawra madame w nchalh dima y7touhlna fi klam nass yezina men chakibe,1,Morocco
7852,Fannena b atam ma3na l kalima,1,Morocco
7853,moumathla kbira te3jebni w manajem n9olek kan waaaaaaaaaaaasel,1,Morocco
7854,يا جعفر انشاءالله ربي معاك ويسترك من العين,1,Tunisia
7855,محلاه صوتها,1,Tunisia
7856,Bou zinek,1,Lebanon
7857,روعة,1,Saudi Arabia
7858,😘😘,1,Algeria
7859,برافو شكيب,1,Tunisia
7860,أعجبتني في لخر معلم,1,Tunisia
7861,محلاك عيشوشة نموت عليك 😻😍😘,1,Tunisia
7862,Mithal llmara anajha nhbek wajiha,1,Morocco
7863,محرزية العبيدي ياسر تعجبني وتعرف شتقول,1,Tunisia
7864,برشا ضحك روعة,1,Tunisia
7865,Un grand bravoooooooooooo walid eltounsiii,1,Syria
7866,Ja3fouur bou zinek.   :*,1,Morocco
7867,كل التقدير و الاحترام لوليد التونسى,1,Egypt
7868,Braaaaavo,1,Morocco
7869,ياسر حلوة,1,Saudi Arabia
7870,جعفور قداكش مهضوم و خفيف دم  إنشالله  ديما من حسن إلي أحسن,1,Lebanon
7871,Sbeh nour a7la moumthla,1,Lebanon
7872,Bou zink ma7lek ♥♥♥♥,1,Syria
7873,tbarkala 3lik mayssa w wassel wenchalah rabi m3ak,1,Tunisia
7874,Awal mara ya3mlou 7aja toslo7,1,Morocco
7875,Rim dima met2l9a w motrobiya fi a3mlha il telfziya,1,Tunisia
7876,I5tiyar mowafa9 ana cha5siyan ne7bou bravo sami w idarat el hiwar el tounsi,1,Lebanon
7877,برافو سامي خدمة ياسر تحفونة,1,Tunisia
7878,جعفور ما  فماش واحد كيفك,1,Tunisia
7879,Mahleha <3,1,Syria
7880,m3allem w klemou yeser logique w nsad9ou fi kol harf y9oulou,1,Syria
7881,نموت عليه ياسر يعجبني,1,Tunisia
7882,Walid ya3tih saha wallah rajel fi zmen 9alet fih rjel :),1,Tunisia
7883,برافو ناجي جلول (y) (y) إحتراماتي سيدي الوزير ♥,1,Egypt
7884,3assoula,1,Lebanon
7885,سلطانة المسارح، آما سلطانة بالرسمي موش كيف سي خونا,1,Tunisia
7886,يا بو صلعة محلالالالالالاك ومحلة ضحكتك,1,Lebanon
7887,m'3allem,1,Morocco
7888,انشالله ربي يثبتك علي فعل الخير انسان نظيف بأتم معني، الكلمة وتونس،مستحقة لامثالك,1,Libya
7889,Bravo 👏👏👏Ragel w 3alik leklem,1,Iraq
7890,اعجبني جمالك ولوأنك في عمر أمي,1,Saudi Arabia
7891,A3ssssal 3asl 💞💓💞💓💞💋💋💋💋💋,1,Jordan
7892,ياسر ماحلاها وزيد عنا ممثلين طيارة برافو,1,Tunisia
7893,mnawer 5oya sa7bi oui 3andna rjel,1,Tunisia
7894,beravooooo aymona rabi me3akkkkk wlh tebrkala 3alik rabi iwfe9akk,1,Iraq
7895,Bravo,1,Modern Standard Arabic
7896,bravo,1,Morocco
7897,La meilleure 👄,1,Lebanon
7898,Lotfi a9wa moumathel fi tunis rabi m3ah,1,Tunisia
7899,برااااااااااااااااااااااااااااافوووووووووووووووووووو تفتق موش نورمال,1,Tunisia
7900,m3alem waliiddd :) ;D,1,Jordan
7901,احلى رمضان مع احلى قناة التاسعة :),1,Saudi Arabia
7902,Mahla zaynk ya sami fahri,1,Syria
7903,Ne7bha,1,Lebanon
7904,Bravo neji jalloul,1,Morocco
7905,N7ebek barcha y'a 3aycha,1,Morocco
7906,Mostfa bravo wasel,1,Morocco
7907,M3alemaaa,1,Morocco
7908,عاقلة و رزينة تستحق الاحترام,1,Tunisia
7909,bourjolya m3alemmm we rajel bi atem ma3na el kelima we wa9ftou m3a bouh akbere dalil,1,Morocco
7910,Metroubi w ye3jbni ye5dem barcha w ma ye7kich barch 3akes  barcha rabet rabi m3ah,1,Syria
7911,Bravo,1,Modern Standard Arabic
7912,raw3a,1,Saudi Arabia
7913,برافو برافو برافو سي وليد.,1,Morocco
7914,Ibssara7a me7irzia akthar m'en rai3a wahya Saïda ra9ia,1,Morocco
7915,Bayrem wa7dek.,1,Lebanon
7916,"بلحق حلقة ليلا موش نرمال_x000D_
#تونس بخير",1,Tunisia
7917,Vrm la9ta tayara bravo,1,Lebanon
7918,y3tik sa7a  brvoooooooooooooooooo,1,Saudi Arabia
7919,A3azz ness,1,Algeria
7920,Tbarkallah 3leha zin w sout,1,Lebanon
7921,ma7 zinkkk ya jaloulll hhhh,1,Syria
7922,انا اشهد انك امرءة بنت عايلة ومحترمة ومتربية وهذاليس تبندير ولكن حقيقة اما لما كنت في المجلس التاسيسي هل قدمت الاظافة في سن قانون الارهاب الذي غدر بحماة الوطن رجال تونس,1,Yemen
7923,الله برافو صوت رااااائع ..للاسف من اجمل الاصوات الحلوة والمدهشة عنا في تونس لاكن تلقي كعبتين بركا معروفين في الوسط الفني,1,Libya
7924,مثاال لرجل الدين الميثاليي بتوفيق يا شيخ,1,Libya
7925,Machalah 3lih,1,Oman
7926,التواضع المصنع = محرزية الغبيدي,1,Sudan
7927,3azouztiii.. hhhh ta3jebni barcha.. bravooo kawther :*,1,Tunisia
7928,تبارك الله,1,Morocco
7929,N7ebha <3,1,Saudi Arabia
7930,wahdik  hasilou,1,Morocco
7931,barvo,1,Jordan
7932,Wi 7looooowa barchaaaa,1,Morocco
7933,جعفور نحبّك برشا :-*,1,Tunisia
7934,Bravoooooooo sami a7la jaw,1,Yemen
7935,Amin gara patron,1,Syria
7936,yhabel mosalsel,1,Yemen
7937,بعد لمين النهدي توفا الكوميديا النضيفة فى تونس.كوميديا الأن أغلبها إيحاءات,1,Egypt
7938,جعفور أصدق وأطيب منك مافماش  ربي معاك يا تحفون,1,Tunisia
7939,Wlh n7ebk ya ja3four,1,Syria
7940,روعه والله,1,Libya
7941,Oui bravo Neji jaloul,1,Morocco
7942,عندك صويت روعة و بلحوح اروع,1,Lebanon
7943,Tbarkala 3lik ya 5adouja,1,Tunisia
7944,M3alem,1,Lebanon
7945,برافو أحمد الأندلسي 👍_x000D_,1,Egypt
7946,برافو,1,Lebanon
7947,M3aleeem 3jebnii klemou bsara7a,1,Morocco
7948,Maryouma tebarkala a3likk 😘😘😘😘😘😍😍😍😍😍😍😍,1,Iraq
7949,يا تحفة,1,Iraq
7950,الحلقه 1 حلوه,1,Egypt
7951,Bravoooo nour wasssel,1,Egypt
7952,3igbatni 3ala la5er ow bir7a9 ya 3etik isa7a,1,Tunisia
7953,شكرا نوفل على استضافتك للنجمه المتألقة دوما ملكة الاحساس ميساء الماجري محبوبة الجماهير,1,Tunisia
7954,3asoula te3jebni,1,Morocco
7955,كيف آمين تربيه أخلاق,1,Libya
7956,في كلمة أحسن وحدة bravo إلى الأمام,1,Libya
7957,Hhhhhhh wa7dek y'a bou7mid fiel wahra,1,Morocco
7958,انا نحبها كوثر بلحاج تعجبني اما في شوفلي حل 😜😜,1,Tunisia
7959,أرجل من شموسه هههههههههخ,1,Iraq
7960,"ربي ينجحك ويوفقك نتمنالك كل خير يا سي سامي_x000D_
سيتكوم ممتاز
Ta7founa te3jebni mta3 drama
ma7lek yé ja3four rak top mte3 top !!!!!!!!!
احلي حلقة في عندي منقلك رضاية الوالدين
الاب في قمة الاحترام وقيام بدور الاب على اكمل وجه. والحق يستحق اكبر تحيا من العالم العربي
معلم أحسن كوميدي رانا إنحبوك واصل يا معلم .
تي هاك موهر اليوم
قداش تعجبنى وهرة تعرف تتكلم  برااااااااااااافو
لا تهبل وا نحبها ممثله تعجبني برشااااا.     وا نقولها ربي معاك اختي لعزيزة
Merci Sami ya m3allem
Hhhhhhhh barcha dhohek bravo Karim ou sami 😂😂😄
metrobbi barcha 5ir men naoufel
Bravo sami
wallahi ma7lek
bravo lotfi 3la fikra inty ili zizdet min 9imt il jayza w nchala rabi m3ak
Mahleh w haleh karim
Momathla momteza b1 jouer le role
Wahdek ya bayrem ya weld classi
هادو بنات صح
عسل النحلة :* :* :*
Wahadha tenjah
3ejbetni w mouathra ama klemha mech mafhoum barcha.bravo sami
mehlek ye meryouma
C'est une grande actrice <3<3 tbarkallah 3liha w enchalla ta3mel adwar 5ir barcha melli 3amlethom
بالعكس هي ممثلة ممتازة وأدت دورها على أحسن ما يرام بصراحة المسلسل على بعضو والممثلين الكل إلي فيه طيارة
a5mej wa7da fl mousalsel
lotfi fadlek w ma7leh  nchalah thafelena jaw
Nasim mwaher♡♡♡♡♡♡♡♡♡♡♡¿
Rajel
Bravo wajiha
نجمة إسم على مسمى كثرلونا منهم
Thabbel
Bravooo sami
Wallllah bravo monsieur ministre Naji jaloul yar7am om ili jabitik
Ye3jebeni Amin  We5stan Ki Jebe Ja3four Nmout 3lih Je3four Kelemo 5arej  Men9leb Rabi Ye7mik Ye Je3four
bravooo a9wa la9ta ;)
مرا كلامها موزون وحلو
raw3a raw3a :)
سمير الوافي أحلى شخصية تونسية <3 <3
Mizyana fi role 3ifcha 😍😍☺
لمعلم ..
يعطيك الصحه ابدعتبيييب
نجلاء فنانة ممتزة واصل او متسمع كلام حد
Bravooo meryouma continue
والله محالاها لحلقةيا أمين  ڨارة
باهية و ماهاش متكبرة كيف الممثلين لخرين و تعجبني برشا :*
عائيشة محلاك و محلا زينك أبقاء ديما هكا
روعة
m3alem bravoooo
المعلم لطفي العبدلي
Oui te3jbni ama chbiha m3ach todhor f tv
مرأة مثقفة و مناضلة و كلامها موزون لك منا كل  الإحترام و التقدير",1,Tunisia
7961,behi bravo,1,Tunisia
7962,mahlak wmahla sotak,1,Saudi Arabia
7963,Mahleha 3ajbetni 3ale5r bandi,1,Tunisia
7964,Momtaz,1,Tunisia
7965,kimou ya 8aliii tfaaaata9 hhhh <3,1,Tunisia
7966,M3alma,1,Yemen
7967,manawwar essahriya ya amir,1,Morocco
7968,7nin w 9albou kbir,1,Syria
7969,محلاها ومحلا صوتها اميمة الى الامام ربي معاك,1,Tunisia
7970,برافو توفيق بردت على برشة قلوب,1,Tunisia
7971,Wlahi mousalsil tayara   bravooooooooo,1,Morocco
7972,Machallah 3liha,1,Tunisia
7973,تحية كبيرة لخويا جعفور,1,Sudan
7974,قلب طيب ، صوت راىع  😚,1,Egypt
7975,ما شاء الله,1,Qatar
7976,wlhh m3além kamél :* Bonne contuniations :D :v,1,Morocco
7977,Matahla esahriya ila bik,1,Tunisia
7978,ana te3jebni en plus 5ademma,1,Algeria
7979,Ma7lekom bou zinkom,1,Lebanon
7980,Hhhhhhh bravo karim,1,Tunisia
7981,b1 ;;;;;;;;;; bravooooooooooooo,1,Qatar
7982,Jaloul sidhom zeyd,1,Lebanon
7983,هايلين  و روعة تلقى لبنات خير  من الدكور في الكثير من المرات  ربي  يخليهم #جزايري,1,Algeria
7984,3asslaaaa,1,Morocco
7985,bravo manel amara,1,Tunisia
7986,وليد..كل يوم حبك يزيد..,1,Tunisia
7987,Coumidy hayel ou heni netfaraj,1,Tunisia
7988,Dima Mnawir lamin,1,Morocco
7989,معلم,1,Oman
7990,ja3fourrrr boo zenkkk 😙😙😘😘😘,1,Syria
7991,tbarkalah 3lik,1,Tunisia
7992,Rajil ya walid tbarid 3al 9alib,1,Tunisia
7993,ربي يحفضكم انتم بنات اصل,1,Tunisia
7994,تعجبني برشا,1,Tunisia
7995,VRAIMENT RAJIL W SID ERJEL,1,Lebanon
7996,رجل بكل معنى الكلمة ;),1,Saudi Arabia
7997,heylaaa,1,Syria
7998,Mousalsal ahbell  w moumathline a7la <3 <3,1,Syria
7999,برافو امين في كل مرة تجيبلنا تحفة كيفك هههههههه,1,Jordan
8000,ma7la madam ma7erzia mezyana rou7ha 5ififa weklemha 7lou l7outa 3lik madam,1,Morocco
8001,مصطفى الدلاجي راك فنان و نحبوكككككككككك,1,Algeria
8002,Ma7lek,1,Lebanon
8003,Ma7leh,1,Lebanon
8004,جعفور انسان خلوق و متربي و ولد عايله,1,Yemen
8005,Ahsen halka.,1,Egypt
8006,M3alma <3,1,Tunisia
8007,bravoooooooooooooooo olfaaaa,1,Syria
8008,نسحو يفهم في كل شيء,1,Algeria
8009,A7sn mouselsel bravoo,1,Tunisia
8010,نوفل و ابتسامته اروع ما في كلام الناس <3,1,Libya
8011,a7sen ra2is,1,Morocco
8012,mra rekza ra9ia wmetha9fa 3andha mat9oul fi ro7ha bravo wajiiiha,1,Tunisia
8013,Hhhh toktil bravooo hanen,1,Yemen
8014,ياسر بنيت عمي خليقة ربي مخلات فها شي O.o,1,Tunisia
8015,27la 3la 9alb mil la3sel,1,Tunisia
8016,Lotfi Abdel <3,1,Tunisia
8017,صوت روعة و تحسن برشة على قبل,1,Tunisia
8018,ma7lllllllllllllllllllllek to9telllllllllllllll,1,Lebanon
8019,يعطيه دوده هك الفرخ مااحلاه,1,Libya
8020,برافو الحلقة هاذي منورة كل الضيوف من تراز الرفيع ...بل اخص انس يحياوي تمسي تصغار,1,Tunisia
8021,Bourjoulya badir m3lim ki mcha ililya,1,Morocco
8022,للشهامة عنوان :D,1,Yemen
8023,جعفور تبقئ الأول في تونس فالأخلاق والتربية و الفكاهة ربي يحميييك و يخليلك الوالدة و اكا زوز ولاد 💚,1,Algeria
8024,ربي يكثر منو الناس ;),1,Libya
8025,Ahla thifa fi tounes rabi yfadhlek,1,Syria
8026,raw3a bravo,1,Tunisia
8027,موهر,1,Iraq
8028,a7sen moumathla fi touns,1,Syria
8029,ضمر يسر وفدلك ومعلم,1,Tunisia
8030,احلي كلام وليد,1,Libya
8031,Good amin dima mnawer,1,Tunisia
8032,wahra w class,1,Morocco
8033,9adeh ti3jibni hanen w 9adehechi ma9boula !!,1,Tunisia
8034,mnawra mahlek,1,Saudi Arabia
8035,أريد أن أقول لك انك احسن فناني الراب انا أحد المعجبين بك و اتمنى ان توفق مي مسيرتك الفنية,1,Oman
8036,ممثلة قديرة صعيب برشا تلقي ممثلة كيفها في تونس أنا نحبك برشا تبارك الله عليك و ربي يوفقك,1,Tunisia
8037,Bravo,1,Modern Standard Arabic
8038,تبارك الله عليه الجزيري وهراني و أنيق,1,Algeria
8039,Bravo Olfa !!!!,1,Algeria
8040,معلم,1,Oman
8041,محلاكم ربي هنيكم,1,Syria
8042,الصافي سعيد أكثر إنسان فاهم المسرحية في تونس.تعجبني صراحته و مواجاهاته,1,Saudi Arabia
8043,Ma7leha,1,Lebanon
8044,الله عليكي وعلى صوتي لك صوتك بجنن,1,Syria
8045,طيارة و ولد اصل خذيت بلاصتك في كلام الناس اما نحي نقولك الي التجمع بح,1,Tunisia
8046,نور التونسي الأصيل واحد ملي يحبو تونس بالحق ان شاءالله ديمه من حسن الى احسن,1,Libya
8047,Hhhhhhhhhhhhhhhhhh wlh gtelni bdha7k,1,Iraq
8048,مقنعة و مبدعة خديجة الفهري,1,Tunisia
8049,N7ebhaaaaa,1,Morocco
8050,jawek a7la jaw,1,Lebanon
8051,machaa allah aliha Allah yebarek,1,Tunisia
8052,متثقف و يعرف يحكي ...,1,Tunisia
8053,malla wahra w malla klém ! maallém sahby !,1,Morocco
8054,tbarkalah. A3lik  wa3la. Martik,1,Algeria
8055,Alah wa7ad 3leha,1,Tunisia
8056,tebéraka allah,1,Tunisia
8057,Bravo!! M3allem.,1,Tunisia
8058,Bravoooo,1,Egypt
8059,Bravoooo,1,Egypt
8060,younsi mgharba3 bravo kamel !!!!!,1,Tunisia
8061,Y3jbeni bravo,1,Tunisia
8062,لمين وصل وعن الثيق فيك,1,Lebanon
8063,Bravo bravo bravo très bien continu amiin rabi m3ak yeser yeser rajel amiin w motrobi,1,Tunisia
8064,فنانة,1,Syria
8065,صاحب كلمة و إلي عندو يقولو,1,Tunisia
8066,وحدك يا جعفور في جو وضمار وأنتي ديما علي طبيعتك,1,Libya
8067,لماسط نور  و برهان  هلاش مڨحفين بربي,1,Tunisia
8068,Bsara7a wa7dou Karim el gharbi,1,Morocco
8069,يعجبنييي,1,Iraq
8070,yeser ye3jebni 5atrou 8ni w rapeur behi w ma3rouf,1,Syria
8071,bravooo si 3abd elfateh mourou,1,Morocco
8072,El mousalssal ilkolou raw3a  intej w sinaryo  tayarah bravo,1,Morocco
8073,برافو صافي سعيد كل كلامك منطقي,1,Morocco
8074,alllah allah 3lik ya walid nmout 3lik rabi ykalik w ytawel fi anfesek w ykalina hasout la7lou rabi ya7mik nchala,1,Tunisia
8075,Chakibb yamhabalhom,1,Syria
8076,😍😍😘,1,Algeria
8077,Maryouma vraiment bravooooooo,1,Morocco
8078,ma7lekom rabi ifathelhelkom lomima,1,Lebanon
8079,برافوووووو فنانة واصلي خدوجة,1,Lebanon
8080,Ja3foor il7ooobi kolou :*,1,Syria
8081,M3alel m3alem m3aleeeeeerm,1,Tunisia
8082,3ejbetni barcha ema bakeni barhoum meskin,1,Tunisia
8083,3sssssal,1,Lebanon
8084,Bravo mou9deed,1,Lebanon
8085,tbarkalah  aliha  3andha  ma  tkoul  fi  rouha  bravoo,1,Tunisia
8086,men a3az lmoumathlat fi 3morha hiya,1,Tunisia
8087,Tayara wallah moutt bidha7ik,1,Morocco
8088,معلم (y),1,Oman
8089,Marhbe lotfi,1,Syria
8090,7lawa barcha  <3 :*,1,Sudan
8091,ناجي جلول رجل في عصر تكاد تغيب فيه الرجال قال كلمة حق و لم يستبدلها بباطل...,1,Tunisia
8092,Waaaaw ibda3🙌🙌,1,Lebanon
8093,kil 3ada amin bil wahraaaa ;),1,Tunisia
8094,Hhhhhh oui 7louwa,1,Tunisia
8095,راااجل,1,Egypt
8096,راجل,1,Libya
8097,Bravo,1,Modern Standard Arabic
8098,Te3jebni.met5al9a w hedya w ta7founa,1,Tunisia
8099,معلم عبد للفتاح مورو,1,Tunisia
8100,a7la moselsel wallah yfatta9 😘😘😚😙😍😍😍😍😍😍😍,1,Saudi Arabia
8101,أحلا جعفور.....بصراحة أعدت الأمل و زرعت الفرحة في قلوب الناس....فألف شكر,1,Morocco
8102,rw3a,1,Tunisia
8103,min il momathlin il motmaknin we momtazinne fi tounis bien bien bien  je t'aime,1,Tunisia
8104,متواضع و محترم,1,Palestine
8105,انسان تحفون و ضحاك و ضامر مايمثلش كا يخرج قدام لعباد و يحكي على طييعتوا انت ولد الشعب وتستحق اكثر تقدير على الركح,1,Tunisia
8106,Borjoliwa a3ti9 sah7a,1,Morocco
8107,محلا صوتها هههههه,1,Tunisia
8108,m3lem :*,1,Oman
8109,كريم طيار,1,Oman
8110,bravo walid,1,Morocco
8111,Rajil,1,Tunisia
8112,Barvo sami,1,Tunisia
8113,معلم,1,Oman
8114,عسل عسل عسل عسل,1,Saudi Arabia
8115,الحمد لله انه أصبح عندنا قضاء مستقل يقول الحقيقة و لا يخشى الوزير أو غيره,1,Saudi Arabia
8116,فاخر فخامة إسم تكفيني,1,Modern Standard Arabic
8117,Bsara7a ena ma3nich bech nad7ek  ama ela9ta hedi 9atletni b de7ak bravooooo,1,Tunisia
8118,أنا أرفع القبّعة إحتراما لهذا الأب الفاضل المجاهد  مليون تحيّة لك أيّها الأب العظيم,1,Modern Standard Arabic
8119,l3ez <3 respect (y),1,Algeria
8120,تعجبني كيف تبدى تحكي,1,Tunisia
8121,لطفي العبدلي فنان كبير برشة برشة,1,Tunisia
8122,zouz ma7alekom maryouma,1,Morocco
8123,Ye3jebni w bravo 3ebdelli (y),1,Iraq
8124,Bravo semi weli mouch 3ajbou ma3adech yetfarej,1,Tunisia
8125,m3allem,1,Tunisia
8126,Em3allen <3,1,Saudi Arabia
8127,yesser tayara,1,Jordan
8128,Ta7la sahria m3ah bsara7a weli ma3jbouch l7yout 9odemou,1,Tunisia
8129,baya ezzardi m3alma te3jebni bel hak,1,Tunisia
8130,Rabi am3akom,1,Iraq
8131,Bravo ahmed,1,Saudi Arabia
8132,bravo madame MEHRZYA,1,Morocco
8133,Hbel,1,Lebanon
8134,وهرة و زين و تربية و زيييد فوق من هذا صويت <3 واصل تبارك الله علييييك,1,Tunisia
8135,جعفور انت احسن فنان وانسان قبل فنان نحبوك ياسر اما بيناتنا السروال لحمر زاد فيك الشطر هههههه,1,Tunisia
8136,انا احبها,1,Iraq
8137,Ma7leeeha  chay. Kbir 🌹🌹🌹🌹🌹,1,Syria
8138,te3jebni hanen,1,Tunisia
8139,M9atel dho7ek,1,Iraq
8140,Bravo jalloul ylzemna zouz okhrin kifik fil lahkouma,1,Syria
8141,ma7leha thbel,1,Tunisia
8142,جعفور طلع حساس وولد ناس  يحس بغيرو اكثر مالحكومة,1,Iraq
8143,Rajil,1,Tunisia
8144,Bravo,1,Modern Standard Arabic
8145,m3alem,1,Jordan
8146,ممتاز,1,Yemen
8147,bravo vraiment tayara (y),1,Tunisia
8148,3alamia,1,Yemen
8149,Mooch normal hal9a tayara makontich nitsawir kol chay bich yitjbid fil half à loul ♡,1,Morocco
8150,الانسان هذا يعجبني حدو وحد روحو برافو واصل,1,Tunisia
8151,hhhhhhh wa7dhek,1,Yemen
8152,Bravo RIM etbarkalla alik zine et aklek Raby maak,1,Morocco
8153,3ijbouni chlaghmou,1,Morocco
8154,Bravo naji,1,Tunisia
8155,سهرية حلوة برعاية جعفور,1,Syria
8156,محلاها تعجبني برشا ليلي,1,Tunisia
8157,ناس ملاح,1,Libya
8158,Ta3jebni barcha madam wejiha,1,Morocco
8159,welh ma3llem weld 7oumti,1,Morocco
8160,كرمك الله ربي طول في عمرك و طلتك عملتلنا سهرية سمحة,1,Tunisia
8161,Ya m3alllam,1,Algeria
8162,hhhhhhhhhhhhh m3allem ya karim hhhhhhhhhhh bravo bravo,1,Iraq
8163,توحشانااااااااااكم برشااااااااا,1,Tunisia
8164,Bravooooooooooooo Mr le Ministre,1,Lebanon
8165,ryem al ryhi moumthla br3 wna nhbha yser,1,Tunisia
8166,Maryouma ebkolha 3sal tbarkallah 3liha,1,Morocco
8167,3sal denya :*,1,Tunisia
8168,Zina,1,Saudi Arabia
8169,😘😘,1,Algeria
8170,bravo ja3four n7bek wnmout 3lik wlh ya3tik sa7a wyar7im waldin eli jabouk nchalah eli 3maltou m3a zwewla tal9aha 3and rabbi,1,Tunisia
8171,Behia,1,Lebanon
8172,N7bhaaa,1,Morocco
8173,a7la sitecom tayara bravo 👍👍👍👍,1,Jordan
8174,Ma7leh walet ;-),1,Lebanon
8175,Bravo TAwfik,1,Algeria
8176,3assoulaaaaaaz,1,Morocco
8177,3asla,1,Saudi Arabia
8178,hhhh a7la amir <3,1,Tunisia
8179,Ma7lekom mab3athkom rabi ifathalkom,1,Lebanon
8180,مبدع كريم الغربي,1,Yemen
8181,محلاك يا ريم قداش عندك شخصية ووهرة وكار هههههه,1,Tunisia
8182,Bravo,1,Modern Standard Arabic
8183,تحية تقدير لهذا الرجل المناضل,1,Modern Standard Arabic
8184,أقوى تونسي ربي معاه,1,Morocco
8185,Yasser ifat9 wlh bravo :*,1,Lebanon
8186,ja3four moumathel tayara w etwansa el kol y7ebouh . w inchalah min 7asen ila a7sen,1,Morocco
8187,لو كان جمال الروح انسانا لكانا جعفوروحدك في الوهرة,1,Tunisia
8188,yhabel,1,Syria
8189,bravo wajiha,1,Morocco
8190,M3LEM YA KAFON,1,Tunisia
8191,ماشاءاللة,1,Saudi Arabia
8192,ma7leeehom lbnet rabi ywafa9hom,1,Lebanon
8193,Bravo naji,1,Tunisia
8194,Ma7leha très classe,1,Morocco
8195,ahle jew m3e ja3fer,1,Yemen
8196,لطفي من افضل كومديين في تونس بالنسبة ليا,1,Libya
8197,من احلى النساء و محلى ضحكتها هذي النساء برسمي اناقه و عقوليه وتربيه وزين و عين,1,Yemen
8198,Bravo moussalssal tayara,1,Egypt
8199,EM3AAAAAALLLLLIIIIIIIIM (y) :D,1,Syria
8200,Bravoooooooooooooo mariem,1,Egypt
8201,Drama 9wiya ui mezyeeen,1,Tunisia
8202,برافو سناجي جلول,1,Morocco
8203,احلى صوت تهبل ميمو والله,1,Tunisia
8204,تبركلا عليكم محلاكم,1,Tunisia
8205,a7la barnemej fi tounsia,1,Tunisia
8206,Mahleha maroucha,1,Morocco
8207,حلووووووووووو,1,Palestine
8208,"يا جماعة برافو احمد :| والله عجبتني اليوم :-/ _x000D_
Wa7dek krayem rabi i5alihomlek
والله برافو علا سيتكوم الدنيا اخرى ياسر حلو مقاتل ضحك خاصة كريم الغربي و حنان الشقراني برافو سامي يعطيك الصحة برامجك الكل حلوة
احسن  rappeur يعجبني وهو بدا قبلهم لكل 💜💜
Thabel ma7lak ;)
خدمة ساهلة وفيها برشا ربح
Wja3four m3alam wsaheb jaw wy7afalha dima
برافو أحمد الأندلسي",1,Tunisia
8209,Bravo Kadija,1,Tunisia
8210,فنانة كبيرة,1,Libya
8211,Ma3andi man9oul irajil rajil bravo walid,1,Tunisia
8212,ممثلة قديرة و أعمالها عسل,1,Egypt
8213,Bravo Karim,1,Morocco
8214,Hhhhhhh hhhhhhh ya3teha saha,1,Yemen
8215,Bravo Leila !!!! 😍😍😍😍😍😍😍😍😍😍😍😍😍😍😍😍😍😍😍😍😍😍😍😍😍😍😍😍😍😍😍😍,1,Palestine
8216,واصل معلم <3,1,Syria
8217,Machaallah bentik gadet rou7ha,1,Tunisia
8218,bravo mawhba 7lowa barcha ena wlh lin bkit bravo ♥♡ bon courage,1,Syria
8219,thabil 3inaha,1,Iraq
8220,bravo amine,1,Morocco
8221,بتوفيق ونجاح,1,Syria
8222,Bkatni bravo,1,Tunisia
8223,bravo olfa,1,Iraq
8224,ازين بنية في تونس,1,Saudi Arabia
8225,y3tiha douda m7lahhhhhhhhhha <3,1,Saudi Arabia
8226,Ma7lehoum li5wet ki ye9fou m3a b3athoum nchalah nes tit3alim mil mousalslet :),1,Tunisia
8227,Tayara,1,Tunisia
8228,احلى فوزيات فوزي بن قمرة وفوزي الرويسي وفوزي البنزرتب,1,Qatar
8229,من احسن الممثلات الي عنا يعتاها الصحه وبالتوفيق ان شاء الله,1,Oman
8230,بالعكس هي محبوبة بررررررررشة,1,Oman
8231,عسوله وتتحب  😉😉😉😊,1,Egypt
8232,Ma7leha rabi yfadhelhellek,1,Lebanon
8233,Machalla,1,Tunisia
8234,فنان متواضع وعرف كيفاش ينجح في خدمتو,1,Tunisia
8235,A7la rim wallah bravo,1,Iraq
8236,Wled  7oumti   w bravo wlh   :),1,Lebanon
8237,wa7dek ya walid ki dezet faztek,1,Tunisia
8238,bravo kemche himeel,1,Syria
8239,يعجبني عماد دغيج,1,Tunisia
8240,Bravo !!,1,Tunisia
8241,M3alem w zid mwaher,1,Syria
8242,روعة والله ! Bravo,1,Algeria
8243,hlowa halka merci sami,1,Morocco
8244,wahdek ya em3alen,1,Syria
8245,Yo9tol ❤,1,Syria
8246,RAVoooooooo olfa,1,Syria
8247,Bravo وليد بصاراحة كبرة في عيني و في عين الشعب التونسي,1,Tunisia
8248,Rajellllll,1,Lebanon
8249,احمد يامعذبهم,1,Egypt
8250,كبرت في عيني يا وليد,1,Sudan
8251,ما شاء الله عليك... انشاء الله موفق في مشوارك الفني.... واحلى حاجة فيك اسمك، على اسم راجلي,1,Tunisia
8252,n7ebha barcha,1,Morocco
8253,والله تعجبني إن شاءالله بالتوفيق ونجاح,1,Syria
8254,hhh m3alim,1,Tunisia
8255,برافو وليد,1,Morocco
8256,Mahleek jaafour comme d hab mhalli el kaada,1,Morocco
8257,A7la sahriya fi كلام الناس b a7la jaw mi3a rou7i hissin dik😘💖,1,Tunisia
8258,صوت جميل جدا_x000D_,1,Egypt
8259,M3aaalim,1,Morocco
8260,jeb rabi tla3 thema rajel fi plateau bravooooo walid,1,Tunisia
8261,Amine mwaher ama mouche qui naoufel 3sal,1,Morocco
8262,Ma7lekom wrabi yhanikom,1,Iraq
8263,Bravo kaled chawket n7so hata mo5o yozen bled bravo chawket,1,Saudi Arabia
8264,souték 7louw mayssoun bravo <3,1,Tunisia
8265,Ma7leha 9adech spontanée,1,Tunisia
8266,Bravo épisode tayara 👌👌👌,1,Egypt
8267,برافوووووووووووووووووووو قمة الاحترافية شكيب أثبت حقيقة المثقف التونسي. .....,1,Tunisia
8268,ما شاء الله,1,Qatar
8269,Ya m3allem wa7dek,1,Tunisia
8270,bravo ناجي جلول \,1,Tunisia
8271,من أفضل البرامج.. بالتوفيق,1,Algeria
8272,Meli sma3t esmou walit na8hk wa7di n7eeeebou :*,1,Tunisia
8273,BRAVO JALLOUL,1,Lebanon
8274,Inchallah rabbi m3ak ya rahma ya tahfouna,1,Saudi Arabia
8275,3ssal edenya,1,Iraq
8276,T3jebni mais n7esha metatla3 3liha ken ladwar il finou,1,Tunisia
8277,احسن واحد  في البرنامج  ربي ينورلك حياتك هشام الخلصي,1,Tunisia
8278,Ma7leeeeeeeha maryouma w bravo n7ebk,1,Morocco
8279,ديما متألقة :-),1,Algeria
8280,rak ma3lem ya ci abed feteh,1,Tunisia
8281,A9wa la9ta hhhhhhhh😁😄,1,Morocco
8282,Bravooo,1,Iraq
8283,احلى جعفور,1,Iraq
8284,tabaraka. allah,1,Tunisia
8285,3asouuuuuuuula,1,Algeria
8286,احترم هذه السيده,1,Yemen
8287,M3alem,1,Lebanon
8288,Ja3four ya m3adhebhom,1,Lebanon
8289,Chab3a do7k,1,Sudan
8290,Bravoo,1,Iraq
8291,ye3jebni,1,Saudi Arabia
8292,nnn7bkkk,1,Iraq
8293,n7ibha barchaaaaa a7sen moumathla fi tounis <3,1,Morocco
8294,خبرة,1,Iraq
8295,اميمة منورة اليوم,1,Tunisia
8296,من أحلى المنشطين، برافو أمين و انشاء الله ديما متألق,1,Morocco
8297,Hhhhhhhhhh bravo,1,Yemen
8298,Bravo Ahmed 👍👍,1,Jordan
8299,rajel,1,Morocco
8300,جعفور وللهي نحبوك برشا .. اما سيب علينا مالسراول الحمر #هبليه,1,Tunisia
8301,bravooo,1,Iraq
8302,bravo khadija 😉 ابدعت,1,Jordan
8303,كلام الشيخ مزيان   ......,1,Morocco
8304,أمنة أنت مثيرة جدا,1,Egypt
8305,bravo sidi alwazir 3al akal thama chkoun may5afich fi tounis ilghalia,1,Iraq
8306,بورجولية وحدك لطفي أنا و كان نلقي راك ديما في تلفزة,1,Tunisia
8307,جعفر القاسمي احسن واحد بالرغم من الضحك واللعب والتنكيت اما تعرف تقول كلمتك برا ربي معاك والله يسترك كيما سترت برشة ناس,1,Tunisia
8308,والله جعفر القاسمي إنسان خلوق و لا يستهزئ بالناس ولا بالجهويات وهو ضااامر و بشوش 0,1,Libya
8309,Hhhhhhjhhhhhj m3alemmmm (y),1,Yemen
8310,تباركله تقتتتتتتتتتتتل بزين,1,Morocco
8311,كيما عودتنا ديما محترفة في خدمتها لذلك في كلمة الاحتراف,1,Tunisia
8312,برجولية عجبتني با ميسترو برسمي وليت صاحبي برافوووووو,1,Tunisia
8313,Tfouuuuuuuhhhhh,1,Algeria
8314,ya m3allem,1,Morocco
8315,jaafour ya m3allem,1,Morocco
8316,nour ya m3alam wasel farah tounes w rabi m3ak,1,Morocco
8317,وحدة من احسن الممثلات في تونس,1,Qatar
8318,chab3a dha7ek 3ala badi bravo bendir,1,Tunisia
8319,Bsr7a bravo dima mwaher ou 9a3d t5dim,1,Tunisia
8320,Becha Becha Becha,1,Syria
8321,علاش لا حاجة جديدة وفي تونس كل يوم تسمع غريبة .صوته رائع وقوي,1,Morocco
8322,محلاكم ديما فووووووووووووووووووور,1,Tunisia
8323,نحبك يا لطفي الله يحفضك,1,Tunisia
8324,أحلا صوره أرها في حياتي,1,Modern Standard Arabic
8325,Yessir met5l9a,1,Algeria
8326,ممثلة ناجحة,1,Modern Standard Arabic
8327,Bravoooooo,1,Egypt
8328,M'en a7sen ma3dna fi tounis w tsta7a9 adwar akber m'en liga3da ta3mlhoum,1,Tunisia
8329,Rabbi ywafe9ha,1,Syria
8330,غالبا الجميلات الموهوبات قليلات حظ كل تقدير و الإحترام لك :/ 💝,1,Saudi Arabia
8331,Tberkalah 3leha,1,Oman
8332,Ey ey 3ejbetni 7lowa lfaza hhhhhh,1,Yemen
8333,نحبها محلا ها,1,Tunisia
8334,dima mnawera,1,Morocco
8335,Braaaaavo ya brinss,1,Syria
8336,m3alma,1,Yemen
8337,Rajel w patron wlh,1,Iraq
8338,Bravoooooo,1,Egypt
8339,محلااااااااااه,1,Egypt
8340,Sout w meziana !3ejbetni,1,Lebanon
8341,Ana nmout 3liha 3asoula,1,Morocco
8342,"مفاجأة رائعة منكم""",1,Algeria
8343,Bravo,1,Modern Standard Arabic
8344,وهرة,1,Tunisia
8345,Machalah,1,Oman
8346,Jaloul ya m3adhabhom :D,1,Lebanon
8347,N7beha ❤❤,1,Syria
8348,Mahlahom,1,Oman
8349,انشاء الله ربي يحلها في وجهك يا لطفي ... رانا نحبوك برشااااا 😍 👑👑🎋🎋🎋🎋🎋🎋🎋🎋🎋,1,Algeria
8350,Rabi m3ak nour,1,Tunisia
8351,ya m3alem,1,Tunisia
8352,3alemi,1,Algeria
8353,تحفة,1,Egypt
8354,Bravo,1,Modern Standard Arabic
8355,ma7lek ya ja3four dima mwaher hhh :*,1,Morocco
8356,3asl,1,Algeria
8357,ياريت كل البنات مثل هاجر وهند فيهن الخير كله حافظن على ابوهن الله يستر عليهن ويرزقهن. في الذرية. الصالحة,1,Saudi Arabia
8358,m3alim,1,Egypt
8359,طفلة عاقلة ما شاء الله علاها,1,Morocco
8360,عسل,1,Palestine
8361,اول راجل من رجال تونس في بلاتو يطرشقهالهم احتراماتي بوحميد,1,Tunisia
8362,Olfa ben romthan sout tayara barcha,1,Lebanon
8363,Thabile khadouj,1,Syria
8364,تعجبني,1,Iraq
8365,عسل راو عسل,1,Iraq
8366,metrobbi w rabbi yahfdhek,1,Iraq
8367,Tayaaaaaaaaara 👍 j'aiiiiime 👌,1,Morocco
8368,أحسن ممثلة ربي معاك يا وجيهة,1,Morocco
8369,معلم,1,Oman
8370,ربي معاك نشالله وربي ضهرلك حقك ونحيييك وحظ موفق,1,Saudi Arabia
8371,Ena 3jebtni mech normal vraiment magnifique❤💕💋💞💗💓💝💘,1,Morocco
8372,BRAVO,1,Lebanon
8373,Bravo,1,Modern Standard Arabic
8374,هكا نتفاهمو رجل رجل رجل إحترامتي,1,Tunisia
8375,روعة,1,Saudi Arabia
8376,M3alm tbarkalah 3lik wrabi m3ak wto93id dima lcapo jaw wrbo5,1,Tunisia
8377,rajel,1,Morocco
8378,إنت معلم و أحنا منك نتعلم يا شيخنا,1,Egypt
8379,Mahlehom lzouz,1,Tunisia
8380,Bravooooooo rajel,1,Saudi Arabia
8381,Ja3fer vraiment rabi ya3tik ala 9ad 9albek bravoooo ya m3alem rabi ywaf9ek,1,Tunisia
8382,Rawe3a,1,Tunisia
8383,يا جعفور يا غالي ربي نشاء الله ديما معاك,1,Tunisia
8384,A9waaaa wazyen moumathla tounsiya ....liliii yefhem wkol dawer yelezmou look mou3ayen,1,Tunisia
8385,ma7la di7tou bou zink,1,Tunisia
8386,nmout 3alik..bara rabi y3alik 3ali y3adik...hedha ken thama chkoun y3adik aslan...rabi ywaf9ek..,1,Tunisia
8387,Bra tbarkallah 3la khdija,1,Tunisia
8388,7lowa <3,1,Syria
8389,Bravoooooooooooo,1,Egypt
8390,انشاء الله مبروك عليك بنت بلادي,1,Algeria
8391,ya maalem,1,Morocco
8392,bravo kafon ya m3adhebhoum :*,1,Morocco
8393,Ma7leha,1,Lebanon
8394,te3jebni,1,Tunisia
8395,<3,1,Saudi Arabia
8396,Ena 3ajbetni baaaarcha,1,Morocco
8397,نور شيبة يا عسل الدنيا,1,Tunisia
8398,Bouzinekkkkkkkkkkk,1,Algeria
8399,TAYARA,1,Lebanon
8400,Rak m3aleeem ja3four,1,Tunisia
8401,راجل ولد راجل,1,Tunisia
8402,Oui tayara faza rojla,1,Tunisia
8403,Ena n7ebha,1,Morocco
8404,Ma3azou badoura,1,Morocco
8405,Rajel ou sid rjel bravo yasinou:-*:-*,1,Tunisia
8406,Bravoooooo 👍👍👍👍👍,1,Jordan
8407,nour chiba ye3jebni w men a7sen l fanani 5atrou insen mo5tarem w 8neh mo7tarem w rabi ya3tik ma titmana ya nour,1,Tunisia
8408,Raw3a,1,Tunisia
8409,oppa 3l moubécher   yaser mzyena lfaza  ;) ;) ;),1,Tunisia
8410,أحل جعفور برفو,1,Syria
8411,Ma7leha test7a9 jeyzet a7sen moumathla tounsia,1,Yemen
8412,معلم الشيخ تحيفة,1,Tunisia
8413,Bravo neji Jaloul   mille bravo,1,Tunisia
8414,sout hlow,1,Syria
8415,Mahlakom,1,Syria
8416,bravou kadouja,1,Morocco
8417,Nhbhaa,1,Lebanon
8418,a7la star w a7la mayouus <3,1,Syria
8419,سمحة يا سر رابي وافقها,1,Tunisia
8420,<3,1,Saudi Arabia
8421,m3allem weld bledi w3ab9ari rabi ywafa9 koll tounsi,1,Saudi Arabia
8422,Bravo,1,Modern Standard Arabic
8423,وحدك يا زينة منورة 😍😍😍😍,1,Tunisia
8424,3morha matedbadel :*,1,Tunisia
8425,Tayara,1,Tunisia
8426,بصراحةطيارة,1,Syria
8427,عيشوشة محلاك و محلا زنيك,1,Tunisia
8428,أعز حاجة الروب فتوق ... ياسر جريئة ...,1,Tunisia
8429,ربي معاك ومعانا بنيت عمي,1,Tunisia
8430,Rabi m3ak khoya Algérie kamea,1,Tunisia
8431,bravo mo9ded,1,Morocco
8432,ربي يعينك يا صطوفة,1,Morocco
8433,Wa7dek ya jalol,1,Lebanon
8434,Bravo !!!!,1,Tunisia
8435,ما احلاها ياسر تعجبني،، مزيد من النجاح و التألق...,1,Tunisia
8436,m3alma . f tamthil wel a5le9 . belle dam,1,Tunisia
8437,لمعلم  <3 !,1,Sudan
8438,Hanen brava,1,Tunisia
8439,كم انت تونسي يا وليد ...برافو وليد...,1,Sudan
8440,bravo walid wallah baradtli 3ala 9albi w ya3tik sa7a ki ma skotech,1,Morocco
8441,برافو اولاد مفيدة........... برافو سامي الفهري,1,Tunisia
8442,تقتل بالزين,1,Algeria
8443,معلمة <3,1,Saudi Arabia
8444,oooooooooooooo ale zien,1,Sudan
8445,هههههه طايره,1,Yemen
8446,bsara7a jaw fih,1,Tunisia
8447,Ja3fourrr... Ya m3alem...rabi m3ak,1,Tunisia
8448,بصراحة ... خدمت دورها مليييح ملييح .. يعطيها الصحة <3,1,Algeria
8449,walhi wattk jaba ya lotfi,1,Syria
8450,الله يبارك لبنات هاذو باهيين بزاف ويسكنو القلب,1,Algeria
8451,أحسن لقطة في أخر المسلسل,1,Egypt
8452,Zina nmout 3lik,1,Syria
8453,ana n9tar7 3la sami el fehri ya3ml barnemj l lotfi l3bdili sad9ouni nesbt lmochehda 100% ytay7 hata 3la samir el wafi ...malla kenzzz mte3 tho7k ...lotfi rana n7bouk barcha khali ynabrou ech yhem,1,Tunisia
8454,برافوووووو حلقة عالمية 😍😍😍😘😘😘😘😘😘😘😘😘,1,Algeria
8455,machabkom elotef,1,Morocco
8456,mahlana attounsaa wallah ...,1,Morocco
8457,فيما يخص للأب فأقول له ربي معاك يا حنين انت أب  بأتم معنى الكلمة وصدقني من رغم المشاكل وربي أعطاك نور وزهرة وهرة ووقار قوي فاخي واصل على حبك لأبناء ك وربي معاك,1,Oman
8458,كالعادة ديمة متالقة وهذا موش جديد عليك برافوا,1,Tunisia
8459,n7ebhaaaaa <3 tbarkallah 3la kel swayet,1,Tunisia
8460,Barnemej 7lou  w tbarkallah 3likom surtout ye3jebni si lotfi,1,Iraq
8461,تونسي ولد حومة و نظيف.,1,Tunisia
8462,raw3a,1,Saudi Arabia
8463,Ui 3ejbetni Yasser e5sousi bayrem 3ala omou,1,Lebanon
8464,Top top top,1,Oman
8465,Ohhhhhhhhhh mela 3sel jawk a7la jaw,1,Lebanon
8466,امين ربي معاك و انا ياسر تعجبني bravo,1,Tunisia
8467,Ya ja3four yam3alm touns kol m3ak w kolna yed wahda ;),1,Syria
8468,hhhhh m3alim,1,Yemen
8469,تعرف تمثل,1,Iraq
8470,معلللللللم,1,Saudi Arabia
8471,جعفور هبلهم بل احمر هبلهم *_*,1,Iraq
8472,Ta7foun bravo samii 😚😚,1,Tunisia
8473,Hhh mahlehhh Nidhal,1,Yemen
8474,محرزية مرا ونص هذيكة حركة النهضة,1,Syria
8475,hedhi 7al9a behya (y),1,Yemen
8476,ma7lek idha7ak,1,Tunisia
8477,يهبل جعفور وين مايمشي يحفلها ويضحكنا من غير ما يسيئ لأي شخص (y),1,Libya
8478,.احسان. ...مبدع. ....مفكر. ...عظيم جداً,1,Tunisia
8479,m3alem,1,Jordan
8480,Walah chab3a thahk bravo sami,1,Morocco
8481,محلااااه قداه متربي و اخلاق عالية لا كلاشات و لا سب في زملاؤو...ما شاء الله ان شاء الله يكون مثال للصغار الي طالعين,1,Libya
8482,Ma7leha,1,Lebanon
8483,M3alem ja3fer,1,Tunisia
8484,Brevooo,1,Lebanon
8485,عسسسسسسسسل 😍برافو,1,Lebanon
8486,تهبل سمير نحببببك,1,Tunisia
8487,أحمد يعرف يغني خير,1,Tunisia
8488,A7sen  lagta  3ajbetni. Men  7algat  leyma. 💕,1,Tunisia
8489,فوزي بن ڨمرة كان أحسن فنان شعبي و أصبح أحسن منشد ديني,1,Algeria
8490,وحدك يا جعفور هههه,1,Lebanon
8491,عسلة,1,Tunisia
8492,Bravooo,1,Iraq
8493,عسسسسسسسسل,1,Lebanon
8494,انا تعجبني ...,1,Iraq
8495,عبد الفتاح مورو يبقى ديما معلم,1,Tunisia
8496,bravo wajiha,1,Morocco
8497,ya m3aaaaaaaaaaalem,1,Morocco
8498,Bravo  (y),1,Oman
8499,9wiya el faza ;),1,Syria
8500,والله منور ربي يبارك فيك عرفت تجاوب على دولسي الجديد وهاديك ماش رافة زرافة,1,Iraq
8501,Bent 7oymti te3jebni barcha w yesser ma7leha,1,Syria
8502,وجيهة...وحدة من العائلة,1,Libya
8503,bravo wajiha dima mnwra tounis,1,Morocco
8504,M3alem,1,Lebanon
8505,معلم.,1,Syria
8506,Bravo neji jaloul,1,Morocco
8507,أعز و أحلى و أحسن ممثل قداش يعجبني و يضحكني برافوا لطفي :*,1,Tunisia
8508,Bou zinek yassine rabi ehanik tafhom ya bogosssss,1,Syria
8509,جعفر القاسمي وزير السعادة,1,Lebanon
8510,ما لقيت ما نقول هي مبدعة و ما ينجم حد ينكر في هذا,1,Tunisia
8511,Bdan w zin w 3in w fan w kawen rou7ou b rou7ou bravo k2rym w ma7lek enti w manoula,1,Tunisia
8512,Bravo wassell,1,Morocco
8513,bravo a7la a7la #sitkoum😃 ya3tik sa77a ya sami chab3a dha7ik  3la sabri rabi waf9i9  nchallah,1,Tunisia
8514,رائعين,1,Morocco
8515,نشكر الاب المحترم الحنون اوجهله ألف تحية من الجزائر,1,Oman
8516,Ma7leha,1,Lebanon
8517,جعفووووووووووووووووووو ررررررر جعففوووووووووووورررررررر انت تحفون و ديمااا بجوك و. محفلهاااا ربي يخليك يا معلم,1,Tunisia
8518,Bravo,1,Modern Standard Arabic
8519,9talni bi dha7k. 5fif dam w ma yekberch,1,Syria
8520,Bravo balti :-) :-) :-),1,Tunisia
8521,تعجبني ممثلة وعليها لكلام,1,Tunisia
8522,Tbarkalah 3lih tawfik.metwadha3,1,Tunisia
8523,5sara dima fi a9wa la9ta youfa il mousalsal :\,1,Tunisia
8524,3sal,1,Oman
8525,Bravo  Olfa.,1,Algeria
8526,mahlehom,1,Qatar
8527,الناس الكل تحبهابرشة برشة_x000D_,1,Tunisia
8528,MA7LEH! TOUNSI ASSIL... TRÈS SPONTANÉ...,1,Algeria
8529,Ma7leh badour,1,Lebanon
8530,Bravo,1,Modern Standard Arabic
8531,قداش تعجبني يا كبير وقداكش صريح ربي اطول في عمرك,1,Tunisia
8532,معلم و صاحب الفكاهة في تونس,1,Algeria
8533,A7la la9ta,1,Lebanon
8534,Bravo Mr Jalou,1,Lebanon
8535,Hhhhhh walhi yesr ta7foun ya3tih douda kerim,1,Iraq
8536,Bravo amin,1,Tunisia
8537,مرا classe,1,Syria
8538,محلاها,1,Tunisia
8539,محلاك,1,Tunisia
8540,Wa7do,1,Lebanon
8541,مشاء الله,1,Saudi Arabia
8542,bravo walid 3jebtni,1,Morocco
8543,Ye.m3aaaaaaaaaaaaaaaaaalem,1,Tunisia
8544,Mahleha,1,Lebanon
8545,Me3alllllm ya chi5,1,Syria
8546,3sal,1,Oman
8547,Bravo,1,Modern Standard Arabic
8548,نحن نعشق الحوار التونسي,1,Sudan
8549,brjoulyia b wafretha w ta3ref cht7ki w mra mo7tarma barchaa,1,Morocco
8550,"rajel w sid erjel""",1,Tunisia
8551,tbrklh aliha w rabbi yfathilhalik,1,Iraq
8552,مرا عفوية و تستحق الاحترام,1,Saudi Arabia
8553,RAW3A,1,Tunisia
8554,tayara yhabel,1,Tunisia
8555,3ejbetni surtout ki tahki english,1,Algeria
8556,Maalem,1,Jordan
8557,bravoooooooooooooooooooooooo naji jaloul,1,Syria
8558,lem3allem :* tbarkallah 3lih :D,1,Tunisia
8559,زهير الذوادي محلاك محلاك هههههههههه,1,Tunisia
8560,تحية مفعمة بالإحترام و التقدير  لأحلى منشط و كوميدي ( جعفر القاسمي ) ربي يحميك من العين و الحسد وانشاالله  ربي يوفقك في أعمالك .,1,Lebanon
8561,Nawfoul 5ir b baaaaaarcha,1,Morocco
8562,Raw3a bravo,1,Tunisia
8563,متربي,1,Yemen
8564,Hayel barcha ya3tik esaha,1,Morocco
8565,bravo,1,Morocco
8566,ja3four yaser tayara rou7ou 5fifa ma7leh,1,Tunisia
8567,3jabni barhom kif yebki,1,Syria
8568,Nn kawtheer bel haj j'adore 😍😍😘😘❤❤❤,1,Jordan
8569,Tbarkalah 3laha mra metkhl9a w dhkiya w ani9a w a7sen moumathla binisba liya w nhebha barcha w rabi ywaf9ik wajiha .,1,Iraq
8570,معلم يا مقداد... ثفافة وضمار ولسان طويل في الحق ... ربي يحفظك ويعليك على من يعاديك,1,Yemen
8571,برافو فنانة محترفة يعطيها الصحة مثلاته بإتقان,1,Syria
8572,Mashaallah 💖,1,Qatar
8573,شخص رائع و عندوا مستقبل هايل برافواا جعفور,1,Tunisia
8574,محلاك و ما بنك يا أمير راك عسل و الغناية إلي غنيتها حلوة كيفك ❤️,1,Tunisia
8575,ma7lek rim enti tmatel 9odwa lkol tonsea w tonsi rabi ywaf9ek fi denietek :* :) ;),1,Tunisia
8576,3asouuuula maryouma,1,Morocco
8577,متزنة و أنيقة,1,Algeria
8578,M3allem siwa  fel mezwed walla fi inchad dini ;),1,Lebanon
8579,tohfa wmeziyéna wtoktol b jooolie hhhhh,1,Lebanon
8580,Bravo walid 3tithom 7a9hom wezyada,1,Morocco
8581,رجل عظيم,1,Saudi Arabia
8582,وجيهة في 3 كلمات متخلقة و حنينة و صعيبة .,1,Tunisia
8583,Ma7lekom 😘,1,Egypt
8584,Bravoooooo,1,Egypt
8585,"#respect :)""",1,Sudan
8586,mo7tarma,1,Morocco
8587,عسل و محلاهم البنات عفويين و ما يتصنعوش و ربي يبارك فيهم و بالنسبة للي يتمقعرو و يقولو جبريين .. راكم مساكن في مخاخكم .. بالك إنتوما عايشيين في كوكب آخر,1,Algeria
8588,معلم😘😘نحبو برشا,1,Tunisia
8589,te3jebeni barcha te7eb tobrez cha5siyteha et en plus yesser mezeèyena,1,Morocco
8590,O wahdak. Ya. Ma3aLem.  Rabi.  Em3ak.,1,Tunisia
8591,bravoooooooo,1,Qatar
8592,تعرف وقتاش تظهر وتعرف اش تحكي  وما عندهاش التجغجيغ كيف  برشا ممثلين,1,Tunisia
8593,Thabbil,1,Syria
8594,Sami bravoooo,1,Morocco
8595,عسل,1,Palestine
8596,وحدك يا بلها مثقف و فنان ربي يخليك,1,Tunisia
8597,ماشاء الله مادام محرزية نور واخلاق وتواظع انت رامز لكل مرأة مسلمة وتونسية انا نحترمك برشة وانت راك مناظلة لاكن في بلاد الغاب,1,Algeria
8598,Bravo walahi baketni,1,Tunisia
8599,"lotfi bravo ya tounsi _x000D_
zadit 3ejbitni ki dohret la 3alaka bissiyassa o kol chay makdettou bdohka  wbegnaya . nchallah dima hakka ya zina kallik zina
Wahdek ya neji jalloul wallahi farhetli 3ala 9albi
الإعاقة عمرها ما كانت جسدية .. برافو
Macha alah 3alik n7bouk barcha barcha barcha barcha barcha barcha barcha barcha barcha barcha barcha barcha
الجمال الصفاقسي وحدو
برافو عماد برافو برافو برافو برافو
Bravo louled sit 7lou barcha
برافو ضهرت أرقى برشا من هؤلاء الجهلة إلي إستضافهم أمين
محلاها...عجبتني برشا لبستها ذكرتني بالفنان lady gaga عندها شخصية قوية 
لمين نهدي هو المسرح الذي تأسست عليه الكميديا في تونس
Tayara
Rajel  bravo
ممثلة ممتازة و مثال قيم للمرأة التونسية بالتوفيق 😘
😂 haja behya 😂😂
جميييييل جدا جدا جدا
Hhhhhhhhh 9atlouni bedo7ek vraiment bravo hhhhhhhh
3sal wajiha w ta3jbni
Bravoooo amine
احسن واحد يضحكني
برافو بصراحه سعات تلقىك
Ma7lka sami
برنامج ناجح جدا اتمنى له اﻻستمرارية ومزيدا من التالق والنجاح للصحفي عﻻء وحظ سعيد.
راجل
M3alma
lem3alem yetkalem
Mahleeha te3jbni yessr  😘👍💖
3ASSL
راجل ولد حومة  ومهوش بوجهين كيما برشا ناس شبو 👍  وليد  انت واحد من رجال تونس احرار
لطفي قوتو في لسانو ما يلعبو حد و ما يكبر في عينو حد يعجبني برافو
سيتكوم بصراحة شبعة ضحك ههههه برافوا سامي  الفهري
mahlek malek inhibk w libstek hloua
yhabal mahla zinou
borjoulia baredtelna 3la 9loubna ya walid bravo
Ma7leha Yasser n7ebha ❤️
صاحبي  m3lem
Braaaavooo  bravo sami lfehri
فلة بنت الوطن العربي تحيا ليكي 😃☺
يا جعفور  يا بطي  راك  معلم
Ta7fouma barcha ema tarje3 tmathel 5ir
yè Nour ma7lèk w ma7lè Fannek
lim3alem
Dima jawou behiiiii ma 3la beelou bl wath3 jmlaaa ;-)
bravo nidhal el saadi men arwa3 ma rit lyoum w sami el fehri mech 3adi fi mo5o bsaraha
انموذج للمرأة التونسية المثقفة و المحترمة
Balti mwalla3ha
الشيخ مورو فوح القعدة كيفما اتفوح قطرة الزهر  القهوة
طلعت راجل
Ane9a charkia twetik jaafour maalem wlh
Ma7lek W ma7le sotok W rabbi yechfik. Rabbi ma3k ❤️
ولله منور
Ma7la zinha maryouma
معلم اما غاب لفترة لخرة عالساحة نشالله يرجع و بقوة زادة
Uiiii 7al9a ta7founa
7adoullah mazelet lebled fiha rjel
Bravo bon travail sami
قصرينية مزيانة
Bravo ahmid m3alim
رياضية وفنانة صناافة ممتاز  ربي معاك
بينا من وجها ناس ملاح
حلقة طياارة
ديما متألقة وجيهة محلاك bon courage
مرا كلاس و رزينة و تعرف اش تقول
برجولية ضامر 😆
Bravoo lotfi nawart l7il9a kanit re9da waaaaasil fil jaw mta3ik kil 3ada 💛💛💚💖💕👍👍
Badour ma3aaaaza 3assouuuul eyhabal
إمرأة وعليها الكلام تعرف اش تقول و ما يوقفها حتى سؤال
عسيلة محلاك و انتي تحكي قول عندك النوم حابا نهار نسمعك تحكي بزربي و مكبوسة راو ما ياثرش على شعبيتك و كي يسمعوك تحكي بزربة ما يعطيوكش دور بون
يعطيكم الصحة والله حلقة طيارة نموت على اغاني زياد برجي
راشد الخياري برشا وهرة وضخامة
Taayaraa
واخيرا ظهرت الصورة الحقيقية لبنات تونس زين ودين وطاعت الوالدين هادي الصورة اللي لازم نشوفوها يابنات تونس ماشاء لله وربي يديم الصحة وطول العمر للابوكم ويجمع شملكم ونحبكم برشة برشة ياتوانسة احرار _x000D_",1,Tunisia
8600,مثال للمرأة التونسية الأصيلة,1,Algeria
8601,maitre walid bravo,1,Syria
8602,"Ana baketni😢_x000D_
bouzinek :*
Bravooo  👍👍👍👍
enfin jéb mawdhou3 yasla7
راجل وسيد الرجال
Ma7leeeha :*
A7la sitkom
تبارك الله علاها أخلاق و من أعز الممثلين في تونس
Armasta ya m3alem bsara7a wa7dek🙌
Bravooooooo sami
yar7em bouk ya olfa
كامل الاحترام
عسيلة وربي يعينها  هذا هو دورها ماهو لازم تنوع
معلم يا ولدة وحدك و الله نحبك و زادت جبيتك
ممثلة الاول في تونس كوميديا
معلممممممممممممممممممممممممممممممممم
Bravoooi rajel w sidi rjel enta 5ir menhom kol
m3alimmmmmm
Ya m3alem
جعفور أفضل كوميدي في تونس
ربي يفضلهالك يارب أبدعت
wlh jaw 3lihom mech normal fkol e3ada n3awed netfaraj hhhhhh
Bravo
شيخ تحفون
houwa 3sal ma waktech il barnemij
awal mara ala ijeb 7kéya tosla7
 #bravo #balty
قتلتني بالضحك محلاها عفويه وعلى طبيعتها خير من برشه أقنعه
fanen bi koul el ma3nha .....tayar
mnawer echecha ya m3alem
Ne7biha💜💜💜💜👈👏
Jaww jaw jaw 3alamiii ,bravo
مرة وعليها الكلام
برافو",1,Tunisia
8603,Me3lm bravoo,1,Tunisia
8604,وحدك يا زينة يا قصرينية اسم على مسمى والصوت ما خلاش,1,Tunisia
8605,ya le brens wa7dk,1,Lebanon
8606,M3ALLEMMMMMMMMMMMM BRAVOOOOO,1,Morocco
8607,شكرا على هده الباقة الجميلة من الضيوف. حقا كانت سهرة رائعة,1,Jordan
8608,ena n7ibha,1,Tunisia
8609,bravo,1,Morocco
8610,"البساطة و القلب الطيب و الأخلاق و الفرح و السعادة و الرقي و الأناقة عند آمنة فاخر ربي يخليك و يسعدك انشاالله مبروك البوم ولعت و أنا متأكدة بش يكون ""مولع"" أحسن البوم كيما متعودين بيك ديما أحسن و أفضل فنانة الحمدالله نحبك برشااااا mon adorable MINOU 🌸🌸🌸🌸🌸❤️❤️❤️❤️💕💕💕💖🎤🎤",1,Tunisia
8611,حلقة عالمية علخر خاصة كي بدر خطف بدر الصغير ههههه,1,Algeria
8612,Raw3a,1,Tunisia
8613,bravo olfa,1,Iraq
8614,Rabiiii yberik Fik entiii enseeen ndhiif w 5alou9 rabiii ye7mik w yostrek,1,Iraq
8615,Zayed m3ah bo7mid,1,Tunisia
8616,Sot tbarkallah 3lih,1,Syria
8617,كم أنت كريم يا رب  تباركله عليها مثال عن المرأة  التونسية  برافو,1,Libya
8618,Wajiha ma7lek khassaten fi rrouj,1,Tunisia
8619,جعفور محلاك في سروال احمر رابي خليلك عجوزه و شيب زايد متربي متربي,1,Tunisia
8620,توفيق الغربي عجبتني,1,Libya
8621,نحبها خاطرها ممثلة صادقة,1,Tunisia
8622,3alami,1,Yemen
8623,مسلسل طاير برافوا للي شارك فيه و اثر في المشهد باين المجهود و يعطيكم الصحة,1,Algeria
8624,Oui 3alemiya 😚😍😘💕,1,Tunisia
8625,فنان محترم  متالق و نجم تونس وتاج راسن في دول ااعربيه,1,Egypt
8626,وحدك يا الفة,1,Iraq
8627,Wallah bravo,1,Morocco
8628,برافو سي خالد كلامك صريح مش كيف برشة اللي قلبوا الفيستا و بن علي كان يرجع اكثر من نص التوانسة مسامحتو وبالله نحب نقول ل سي شكيب,1,Tunisia
8629,مرأ مثقف,1,Lebanon
8630,جعفرر يا معلم,1,Tunisia
8631,أجمل زوز إبنات  ألله يسترهم ويحميهم,1,Libya
8632,il capooo lem3alemmm,1,Lebanon
8633,برافو,1,Lebanon
8634,"تحيّة كبيرة لجميع نساء تونس .
Patron dima mnawer <3
وليد التونسي تحسو التونسي الاصيل و الحر...
Thabaaaaaaaaal
انا  نتوقع   امير  باش يكون  اكبر الفكاهين في تونس   في المستقبل
classe... Bravo
5oya ja3four ,toujour 3and rou7ek  w 3ajbetni tic tac tjibha fi sac
معلم راااك يا جعفور...
مزيانة
Tbark allah allik wallid  ettounssi ki bardentena alla klloubna chwaya
امرأة قوية
bravo allah maak
Sa3a tjouc couple tayara
southa mezyen w fanena mou7tarma
امرة ناجحة في مجالها
Bravo amin enchalah dima 9odem
M3aaaaaaaaaaaaaaaalem  ya  yasin
Tbarkallah
حقيقة نجلاء هي من احسن الفنانات في تونس في كل شيء لكن الحظ ليس معها  نقوللها bravo نجلاء
برافو وليد التونسي هاهي الرجولية ولالوح.تواخير الدنيا
mouch nrml  bravoooo kadija
Klemou s7i7. Kol
Rabi ywafguek
Tbarkalh
A7la maryouma.bourjoliya ma3alma.rabi ya5alik
Ma7leha
bravo ja3four mich normal chab3a dhehik
Tayara
أنت ممثل متألق وبارع يا لطفي هناك عوائق في تريقك تصدى لها هناك الكثير من أعداء النجاح تصدى لهم والله معاك
ناجي جلول رجل في عصر تكاد تغيب فيه الرجال قال كلمة حق و لم يستبدلها بباطل...
BRAVOOOOOOOOO WALID
3asla
Bravoo hh ta3ref tmethel
Bravooo safi saide
Ja3four fi klmtin... insèn ma7booob.
ma7elk ya rim 9adech te3jebni <3
شخص صريح و نتمنى نلقى  اشخاص كيفو و تبقى الصراحة امتاعو للابد 😏😏
مسلسل روعة ...
لمعععععللللللللللللم :-*
Raw3a
أبدع في دوره
A9wa faza m3alem
<3
Nosket wenta mawjoud ui ui ui 5atrak lm3alam
Rabi ihanihom w rabi i3inha 3morha ma kanet el i3a9a wala el maredh wala tajerba fachlet bech twa9af el ensen la bel3akas tzid twasal Rabi m3ahom :)
amir bon  chance ya m3alem  zid i5dem ou inchala  min 7assen ila a7ssen
Bravo Mr mekdad
ma7lah  ena dima ntaba3 fih yaser dhamer rabi ywaf9ek
Ye3jebnii
صحيح ممثل كبير و عندوا تاريخو اما نظرتوا تجاه لطفي العبدلي ما تعجبش
Braaavooo saamii
moumathla min a9wa il moumathlin fi tunis nij7it fi drama w komidya koul il adwar tichra9 3liha
bravooo hanounn hhhhhhh
مذهلة...
انسان راقي ذو طابع أخلاقي مميز ملفنانين الي قراب لشعب و مع الي تعمل ازددت فخراً بأني  تونسية وانتمي اليك bravooooo و انت قدوة
wlh bkit _x000D_",1,Tunisia
8635,واصل ولايهمك,1,Yemen
8636,Bravo 👌,1,Yemen
8637,لطفي العبدلي .. يا معذبهم صاحبي يزينا مالمشاكل هههه 😂,1,Tunisia
8638,Bravo. Tayara,1,Tunisia
8639,Bravo,1,Modern Standard Arabic
8640,Bravooo maryouma yeser tamthilek ye3jbni,1,Tunisia
8641,Ma777leeeeeeeeeeeeeeeha ♥♥♥♥♥♥♥♥♥♥♥♥♥♥,1,Jordan
8642,ممثل ممتاز علي كل مستويات و يستحق جواءز علي خدمة متاعو ماي ينقص مالزايد ليعمل فيه ههه,1,Tunisia
8643,ربي يبارك فيك وفي كوووول من يعمل معك....واصل و ان شالله ديما من حسن الى احسن......و تبقى دييييما معلللللم,1,Morocco
8644,Rajel,1,Tunisia
8645,ammmm selfi  ma7lh,1,Tunisia
8646,عندي برشا ما تفرجتش في حصة راقية كيما الليلة برافووو.. أنا بلاصة أمين نعتزل بعد حصة كيما هاذي,1,Tunisia
8647,Bsara7a 3jebni mae9fou fi mawthou3 lmathaliya ljensiya,1,Tunisia
8648,Hhhhhh 7al9a 3alamia elila😁,1,Morocco
8649,Bkatni m3aha wallah bravo,1,Tunisia
8650,Ma7leeekom na9setha dali w rabbi ifadhlellek elwalda rahi hadhika ras elmal,1,Tunisia
8651,bourjouliya fadlek we 4amer,1,Lebanon
8652,سبحان الله ما احلاها,1,Oman
8653,انت معلم و احنا منك نتعلم,1,Palestine
8654,من أفضل ممثلات تونس,1,Algeria
8655,عشرة ملايين توب (top) زينك و كلامك و إنسانيتك .....,1,Iraq
8656,bravo yaatik sa7a,1,Morocco
8657,A7la ja3fouuur barvo ja3fouuur ya m3alam j'aime ja3four,1,Tunisia
8658,والله كبر في عيني كيف عطى رايو في موضوع المثليين  والله راجل,1,Tunisia
8659,محلاها ريم معناش منها برشة في تونس,1,Tunisia
8660,3ssal :*,1,Tunisia
8661,معلم,1,Oman
8662,والله طلع معلم عليهم برافوا عليك,1,Saudi Arabia
8663,إمرأة قوية,1,Modern Standard Arabic
8664,نوفل واصل اجتهادك برافو,1,Tunisia
8665,moumtez+moutrabi,1,Algeria
8666,raw3a malla 9owa ya semi,1,Tunisia
8667,اقوي لقطه بلحق يعطيك الصحه سامي,1,Tunisia
8668,Mahleha machaalah yeser mosrara,1,Morocco
8669,احلى زياد برجي نجاحات مع اليسا,1,Jordan
8670,كافون يا معلم هو حر اش يغني مزاطيل و لا شق شق و لا حوماني و لي موش عاجبو يضرب راسو على الحيط,1,Tunisia
8671,Ma7lèha il 7al9a w mouselsil bèhi barcha <3 <3 <3,1,Tunisia
8672,ناجي جلول ضهر راجل لو يمسك وزارة العدل نجم نظفها حتى شوي و ما تنظفش ناس حطب جهنم العدل اساس العمران هاكم ريتو اللجان الشعبيه متاع القذافي و القضاء معاهم وينه ليبيا و تونس ربي يسترنا اما ربي لن يتسامح  و لن يغفر لمن أخطا في حق الناي  و لو يرقد الدهر كله في الكعبه,1,Libya
8673,a7la moussalsel w a7la awled moufida,1,Syria
8674,Ja3four bon courage rak 3sal denya dima lgodam,1,Morocco
8675,ماحلاها,1,Saudi Arabia
8676,"يعطيه الصحة على الأقل لقينا واحد فاهم الحكاية و يعرف يفرق بين الحلال و الحرام_x000D_
محلا زينو
3sall lmoutourr :'( <3
نضال السعدي برافووو
Ya3tiha sa7a
Mourou m3alem ena ye3jbni barcha wdima sad9 fklemou rajel men rjel tunis
Bravo nehi jaloul
أنت معلم",1,Tunisia
8677,كاريزما وشخصية قوية برافو,1,Saudi Arabia
8678,Ma3azha,1,Tunisia
8679,bravooooooo 9owa fi tamthil,1,Tunisia
8680,A9wa l9ta fiil 7aal9aa 😍😍 raabii ye7aanen le9loub 3aala b3aadhha 💗💗💗,1,Iraq
8681,من أحسن الحلقات اللي تفرجت عليها ...يرحم ميمتك يا علاء و يفرحك كيما فرحت قلب أم و بنيتها ...,1,Algeria
8682,احسن واحد بلطي,1,Palestine
8683,Bravo naji jaloul bravo,1,Tunisia
8684,روعة,1,Saudi Arabia
8685,قصة رووووووعة وخدمة في حقها,1,Saudi Arabia
8686,raw3aaaaaaaaaaaaaaa raw3a   makech normal ya sami a fehri,1,Tunisia
8687,ما شاء الله عليهم و ربي يفضلهم لبوهم ... هاجر كعيبة وحدة في تونس,1,Libya
8688,Wa7dek ya hanona n7ebek barrrrrrrrrcha,1,Lebanon
8689,راجل باهي و تحفون و زيد ضامر ويفكىرنا بالضحك و الذمار و الاكثر يعرف يحكي شيخ تحيفا يا تحفون,1,Tunisia
8690,التونسي ديمة راجل وسيد الرجال,1,Tunisia
8691,Thabeeeeel,1,Oman
8692,youktoul bidhohk bravoooooo karim,1,Syria
8693,ربي معاها,1,Morocco
8694,يا تحيفة قداش تحكي اما تبارك الله عليك,1,Tunisia
8695,لمين النهدي ملك قاعات المسرح ممثل كبير مزال عندو مايقدم برافوو لمين و ربي يطول في عمرك,1,Tunisia
8696,حلووه بشر 😍,1,Libya
8697,mchlh 3lyha khadija ta3rf tmathel,1,Yemen
8698,"لابس خمسة خايف لا ياخذوا غناياتو بالعين_x000D_
Ent bel7a9 ma7lek
Ma7leha  tbarkala 3liha
يا احلا جعفراني في دينا و نحيك عل مجهود الي تعميل فيه
Bourjoleya safa9et el walid etounsi msa7 biha louta el gerda hachakoum bravo walid rajel
Waw to7fa
أنت معلم 
Fadhleka w ta3rf ta7ki .. m3alma
Men a7sennnn elmoumathlinnnn
bravo me7LAH 7IWAR
Raw3a
محلاهم والله ...
Bravo bravo sami
Oui 3ajbtni barcha bravo
ما شاء الله عليهم بنات أصول ربي يكثر منهم الناس
سمرا يا سمرا يا سمرا بروحي نفديك سمرا يا سمرا والله ما احلى عينيك.
hlo klemk
vraiment rajel wallah
Hhhhhhhhhhhhhh tho7ka birrasmi mil 9alib bravo ou layna7ikoum a3lina bon continuation
فوزي بن قمرة انسان يملك من الاخلاق و الادب و التربية ما لا يملكه احد في تونس ...
و الله راجل و كلامو صحيح  ...علاش ما نلقاوش شباب زي خالد شوكات يكونو قدوة لشبابنا 😊😊
baltouch ya 8ali rabbi ya7mik w rana n7abouk men djerba
ربي يوفقك ممثل عندو ما يقول في روحو
Tayara
tbarkalah 3liha w rabi m3aha bravo <3
Ya chkoba ma7lek f tawatha3 mete3ek hay erjel mouch kif la3bed eli f std w ya lotfi ya ma3lem kif kebistou ain goum brawa7
te3jibni
عجبتني برشا كيف ركزة على آهم نقطة في مقتل الطفل ياسين، إلي يلزم مانخليوش ولادنا يروحوا وإلا يمشيوا وحدهم للمدارس . طفلة صغيرة عمرها 6 سنين مستحيل كان تنجم دافع على خوها الصغير قدام وحش كيما هذا . إنشالله يكون درس للأولياء الكل باش نقصوا مالحالات الفظيعة هاذي  !!
رحموشة محلا. زينك ربي ان شاءالله يشفيك و يعافيك و الحمد الله الى عندك بوك قليل امثالو برفووو نعيم و ربى يعطيك القوة باش تتجاوز كل هالمحن و ربك كبير يفرجها و بعد العسر يسر
3jebetni 5assaten ki tjengell Bel anglais
طفل ظامر برشة ربي يوفقو
Ya baj3a ma7lek :-*
ana te3jebni barcha
ماشاء الله
A7la 7al9a wlah.w7sin dik raw3aaa.whchem zeda m3alemm.
Bou zinek ya ja3four
Ja3four lm3alem w rajel
Mahlek mariouma
حلوة العفسة هههههه
Mahlehom lakwet walah
dima m7ali koul shreya be8neyetou
احلي حوار تونسي💙💙💙💙💙👍👍👍
اقسم بالله معلم
الكل يحبك و سيبق يحبك يا اميرة كلنا نحبك عيون تبتسم و تنظر الى بعيد داالك البعيد سيقترب و يسعد حياتك رغم كل حال الله يسعدك و ينجحك في حياتك
Hhhh bravo sami cheb3a dho7ek
Waaay Ya Mazyen <3_x000D_ Chui Algérienne Nmout 3lik ya soltan
M3alem
M3alem
wejiha bel7a9 men a7sen elmoumthlin yesr t3jbni cha5sitha ehom elmouthlin wala lawe7 elmoumthlin ejded chey mejew my3rfouch 7atta yetkalmou
3ejbetni
أميمة أنت شرفتي تونس يا فنانة
محلاك جعفور ومحلى تفدليكك و أمنيتي نقابلك و نحكو برشا  والله أحبك في الله .....أخوك أمير من  الجزائر
ربي يعينو
Kif n9oulou tamthil n9oulou #lamine_Nahdi
برافو وليد التونسي كنت رائعا واعجبني موقفك حتى موقف خروجك كان رائعا فقد اخذ الحوار مجرى لا اخلاقي واصبح حوار منحط وانت ارقى من ان تناقش منحطين
معلم بلطوش
و الله يا سامي أقوى الدرامات عنك إنتي أما تخلينا متشوقين للحلقة إلي بعدها :)
Rabi i5alihomlk ya ahla kimou
راجل
احلى خوااااات فيرومو _x000D_",1,Tunisia
8699,wlh rajil m3alim (y),1,Morocco
8700,تي راك لمعلم ♡,1,Tunisia
8701,واصل,1,Yemen
8702,برافو راجل و كلامو محترم و الرجلة مواقف,1,Libya
8703,Bravooooo,1,Egypt
8704,m3allem,1,Tunisia
8705,Ya3tihom.esaha,1,Tunisia
8706,الله يبارك فيه راجل...,1,Morocco
8707,محلاك يا وليد<3 <3 :* :*,1,Tunisia
8708,ههه لطفي يا معذبهم,1,Iraq
8709,معلم صافي,1,Libya
8710,Mabanhaa 😍 men ahla l momathlet twensa,1,Lebanon
8711,moch 5ayib bidaya mowaf9a,1,Morocco
8712,معلم يا لطفي,1,Egypt
8713,tayara bel7a9 bravo sami chapeau lik,1,Tunisia
8714,برافو احمد,1,Yemen
8715,معلم و منك نتعلم,1,Tunisia
8716,إمرأة تشرف تونس,1,Algeria
8717,"لطفي  ما يلعبو حد و ما يكبر في عينو حد 
Tbarkalh 3liha
7al9a hbel
Ya m3alem
ye3jbni rabi ykawi imeno w imena nasse lkol ..
وجيهة وجيهة في أعمالها ووجتها في التمثيل تشرف
الحمد لله على كل حال وربي يعطيها القوة
Bravo khadouja
Rajel rajel rajel t3ich walid
Bravoooooo
Mhaffa wdamha bered
يا وليد يا معلم .. و الله العظيم راجل و برسمي أثبتت إنك فنان راقي .. و عجبتني كي دفعت على أحمد .برافو ..برافو ..
ياسر محلاه ❤️
M3aalem
مسلسل  جميل طوب
bravooo te3jebni yeser fi tamthil :)
تعجبني
محلاه كلامو ...جزاه الله كل خير
فنان شيك و ساماتيك برافو نور شيبة كمل اكيكا
سلطانة التلفازة
heyel yeser
Moch normal te3jeni 3ale5er
ya3taha sa7a ..
انت المعلم
نحترميك اماااا يا هشام نقص اشوية نفخة....
maryem nhbhaaa baarcha
نحبها
Ya3tihom saha
Rahmouni ndhif w monadhel
mahleha
يا خويا قداشو ارطب
Akid _x000D_",1,Tunisia
8718,احلى فنان و يعجبني,1,Libya
8719,فوزي بن قمرة انسان متميز سوي كفنان شعبي او كمنشد ديني... متربي و متالق ربي يوفقك,1,Yemen
8720,Bravoooo,1,Egypt
8721,ناجي جلول انت كبرت في نضري,1,Libya
8722,3alamia,1,Yemen
8723,Bou zink bint bled nchalla lmaraa jeya terba7 mais sfax hmd ya rabi,1,Syria
8724,Rak m3alem,1,Algeria
8725,rajel wsid erjel,1,Morocco
8726,3adiya,1,Lebanon
8727,Mouch normal mgatel dohek bsaraha chapo sami elfhri a3az mosalsel,1,Tunisia
8728,a7lowa,1,Lebanon
8729,Lotfi rak m3alem bravo wlh :* :*,1,Tunisia
8730,m3alm a7la kafon fi denya,1,Tunisia
8731,انا بكاتني برافو👍,1,Morocco
8732,"راقي وطيب و شعبي منه واليه واصل""",1,Iraq
8733,Bravo Jaloul,1,Lebanon
8734,بصارحة انت معلم,1,Iraq
8735,bravoooooooooooooooooooooooooooooooooooooooooooo...ooooooooo hhhhhhhhhhhhhhh,1,Palestine
8736,"مسلسل مزيان و أحداثو تحب و إلا تكره موجودة في بلادنا _x000D_
يعطيه الصحة بصراحة و الله تأثرت خاطر حسيتو صادق...شكيب خوانجي شوي اما قلبو طيب و ناس ملاح مش خايب و تنجم تتعايش معاه رغم الاختلاف ياريت جماعة النهضة الكل جاو كيفو عالاقل اما ان شاء الله مع التعايش و التوافق بين الاحزاب المختلفة باش نوصلو نهار ينتهي التطرف
<3
راجل برافو وليد والله برادلي على قلبي
el 7a9 metrobbi
يا سامي برافو كل حلقة توفى بتشويق ما فماش حتى طرف تمطيط و تكرار في السيناريو و سيتكوم زادة حلو و خفيف رغم التفاوت في اداء الممثلين
WAW  bravo maysoun
عجبني برشة وجيه الجندوبي
ENA 3ajbni
يعطيها الصحة والله بكاتني
ميساء امنوورا البرنامج
Amira 3asla toufela mitarbi
Wwwew ana nmooot 3la badrrrrrr
يا حنين  يا معلم  ديما يضحكنا ويزهينا ويحن برشا على الزواولة ومنين يدوروه يدور للتمثيل و التنشيط وحتى الغناء عندو ما يقول في روحو انا نحبو برشا ونقولو نشاء آلله ربي يعاونك ومن حسن إلى أحسن
بببببببببببببببررررررررررررشة",1,Tunisia
8737,Machallah,1,Oman
8738,Lhout aliyk 🐬🐡🐟🐟🐋🐳🐋🐟🐟,1,Lebanon
8739,m3alma,1,Yemen
8740,oooh ya m3alem,1,Tunisia
8741,محلاها وجيهة امان وجيهة رجعلنا ايامات مدام كنزة و الا مدام كنزة مشات و معادش راجعة ؟؟؟,1,Tunisia
8742,Oui heyla,1,Iraq
8743,Ouiiii. mahlehhhh jaw kbir,1,Iraq
8744,بسم الله مشاء الله الله يحميك كي وترجع لبلاد وتشوفيي أهلاك يا حبيبتي الله يسعدك,1,Tunisia
8745,انا توا عرفتها وقت نتفرج على المسلسل  تبارك الله عليها,1,Libya
8746,برافوووووو يا أحلى فنان,1,Lebanon
8747,3assoula bsara7a w finou barcha,1,Tunisia
8748,tabarkaALLAH 3LIHA :),1,Tunisia
8749,n7ebha barcha w te3jebni w ena ne3therha fi dawerha,1,Tunisia
8750,برافو سي ناجي يا معلم,1,Egypt
8751,راك نواره و صوتك ياسر طياره,1,Algeria
8752,m7lekom,1,Saudi Arabia
8753,أنيقة برشا محلاها 👍,1,Tunisia
8754,أمير يا معذبهم برافو ;),1,Tunisia
8755,حصة ممتازة ضحك و دموع و حب برفو هاجر و هندة بنات أم مناظلة عرفت تربي صحة ليك يا حاج,1,Sudan
8756,couple tayra,1,Tunisia
8757,ابدعتي حقا و أنا واحد من ناس نتشرف بيك,1,Algeria
8758,ja3foure ya ma3lime rabi em3k w waf9ik enta ensne ra3n bravo,1,Tunisia
8759,Dima mnwer etalfza,1,Morocco
8760,3asla,1,Saudi Arabia
8761,Mousalsel mouch normal ena nmout alih,1,Morocco
8762,Bravo aymen...,1,Algeria
8763,بصراحة مرأة و عليها الكلام أنا,1,Palestine
8764,برافو سامي خدمة ياسر تحفونة,1,Tunisia
8765,انا تعجبني برشا اما ياسر لا تخبش ولا دبش....تفلفل شوية يا الفة...,1,Tunisia
8766,الله يرحم والديك كيف رحمة اناس ربي اجازيك كل خير وربي يعتيك علا قد قلبك bravo,1,Morocco
8767,"🎩""",1,Iraq
8768,سهرية تفتق برافو,1,Tunisia
8769,Ta3raf tmathel w adet dawra 3la a7sen wajh,1,Tunisia
8770,والله تحية وتقدير للاب او ربي يشفيها هيا,1,Saudi Arabia
8771,Arjel men chamous aprt ça mra ou 3liha leklem. ...,1,Tunisia
8772,Jet bmechekel ema ma7leha,1,Tunisia
8773,yé m3allem yé jaziri  7oudour w a5le9  w tha9afa yé 3ini 3lik,1,Morocco
8774,machalah 3liha 3andha cha5sia 9wiya ama 9raytha ahm me tamthli,1,Tunisia
8775,♥,1,Egypt
8776,ياسر متثقف ..يجاوب على اي سؤال ..مخو معبي وكلامو موزون,1,Saudi Arabia
8777,البرنس معلم صراحه,1,Libya
8778,تبارك الله خليقة و خلوق ٠,1,Morocco
8779,Bravo 3rafet cheniya tejawebhom,1,Tunisia
8780,Capo del capo enti wel m3allem landoulsi,1,Morocco
8781,يا معلم,1,Egypt
8782,le el9owa fel   e7weyejj mte3haaa   hhhhh mouch normal,1,Tunisia
8783,كلامك لكل صحيح ;) :d,1,Tunisia
8784,مها من أحسن الممثلات في تونس براااافووووووو <3,1,Libya
8785,Hhhhhh a9wa la9ta :-P,1,Lebanon
8786,مشالله عليه😘,1,Iraq
8787,7Lwa,1,Lebanon
8788,تكلم كلام واقعي وفي مثل هذه الحالات مايلزمش الواحد يتنازل على مبادئه لإرضاء البعض برافووو وليد,1,Yemen
8789,brabi ness illi ynabrou 3la lotfi n9olhom arte7ou 8ir ouslou a3mlou rbo3 illi 3amlou houwa ... lotfi rak m3alem,1,Tunisia
8790,m3aleeeeeeeeeeeeeeeeeeem ( . ) warja3 lstar,1,Tunisia
8791,Macha allah,1,Tunisia
8792,ا احلاهم لخوات كيف يتروجلوا في بعضهم,1,Tunisia
8793,Walah 7al9a mouch normal walhi bravooooooo,1,Morocco
8794,من الجزائر ربي يوقف معاه باين بالي انسان طيب ما بستاهل,1,Syria
8795,نحبها☺☺,1,Algeria
8796,Bravo,1,Modern Standard Arabic
8797,Bravo walid tounsi baredtli ala 9albi,1,Tunisia
8798,تونس كاملة نحب جعفر هو الى نسي في الشعب التونسي همهم والسياسة  برفوا رجعفور,1,Tunisia
8799,Enta m3alem we menek net3alem Wajiha 💗💗,1,Egypt
8800,برافو وليد التونسي بردلنا على قلوبنا,1,Algeria
8801,صوتها مزيان تبارك الله عليها,1,Morocco
8802,Sava bravo,1,Morocco
8803,Ya latofti bou zink mat7ali sahreya ken enti,1,Iraq
8804,Sami el Fehri Mnawar el 7iwar ettounsi vraimen,1,Morocco
8805,أحلى رمضان على أحلى قناة تونسية و إلي موش عاجبو يعاونا بسكاتوok,1,Tunisia
8806,ان شالا ديما  متألق و ناجح يا جعفور,1,Tunisia
8807,hhhhh chab3a thohk walh,1,Yemen
8808,waw ma7la sotha,1,Yemen
8809,كوميدي رقم واحد في تونس و الشيء من مأتاه لا يستغرب زين و عين و زلعاوي من البريمة  <3,1,Oman
8810,Bravo rajel yonsor dinak,1,Saudi Arabia
8811,wlh ma7léha m3alma :*,1,Morocco
8812,نحبها برشا هي الي تمثل المرأه التونسيه أحسن تمثيل !! رزينه و محترمه و مثقفه و كلامها موزون ربي يوفقها !! محتاجين للنساء كيفها في تونس,1,Libya
8813,معلم 👍👍,1,Jordan
8814,M3alem hhhhh,1,Lebanon
8815,a7lowa te3jebni :*,1,Tunisia
8816,Ya3tikom sa7a yo9tol be tho7ek,1,Oman
8817,بشرى بن حميدة امرأة محترمة وجمال المدنى قوله كله صحيح,1,Egypt
8818,Ja3four rak tayer rak m3alem,1,Algeria
8819,جو يضحك,1,Libya
8820,Nmout 3lehaa 💗💗,1,Algeria
8821,M3alem (y),1,Oman
8822,بورجولية راجل وسيد الرجال,1,Tunisia
8823,Lotfi ya m3aaalem,1,Lebanon
8824,محلاك حتى كاننك عزوزة,1,Tunisia
8825,Tounsia 7orr...bravo,1,Tunisia
8826,Ya3tikom saha,1,Morocco
8827,Abda3ta,1,Tunisia
8828,3aycha e7liltek. Tbarkala 3alik,1,Tunisia
8829,Bravo,1,Modern Standard Arabic
8830,ma7lek maryouma dima meal9a,1,Morocco
8831,وخفة دم و روح ..._x000D_,1,Syria
8832,روع المسلسل,1,Egypt
8833,واصل هكا و انشاء الله ديما متألق,1,Tunisia
8834,مستورة و صاينة روحها و صاينة راجلها موش كي غيرها تعري روحها باش يقولو محلاها كلاس غيرها ماشي في بالهم الفن بالعرا,1,Tunisia
8835,mahlek ya kafon toktal bi zayn,1,Syria
8836,vraiment ta3jebni yaser bravoooooooooooooo,1,Saudi Arabia
8837,يامعلم,1,Egypt
8838,لمين في كلمة ملك الكوميديا,1,Libya
8839,انت معلم  خوي لكبير,1,Tunisia
8840,Sa7a l7outa y'a ma3alem,1,Tunisia
8841,M3alam ya si 3ala,1,Tunisia
8842,Bravoo kolhom abd3ou,1,Syria
8843,Bravo yassine 7al9a hlouwa lila w adé2ék Ken raw3a,1,Tunisia
8844,Tayara,1,Tunisia
8845,معزو هالفنان برافووووو,1,Lebanon
8846,Nour tberkalah 3lih wasil,1,Tunisia
8847,السهرية ما حلات كان بهشام الخلصي برجولية عندو وهرة في BEIN SPORT,1,Tunisia
8848,Te3jebni barcha,1,Algeria
8849,إخدم على روحك و ربي معاك   جعفور,1,Tunisia
8850,واصل يا عاءشة مع احترام المشاهدين,1,Lebanon
8851,احلى مسلسل وأحلى قناة الحوار التونسي,1,Egypt
8852,Rim dima mwahra w ma7leha booo zinek haw nsa wala lwa7 :* <3,1,Tunisia
8853,a3az mosalsil kolo dho7k,1,Tunisia
8854,لا واجيهة جندوبي تعجبني,1,Iraq
8855,N7ibha barcha wajiha en plus y9oulouli tichbhilha 😉,1,Tunisia
8856,يا معلم :*,1,Egypt
8857,dima mnwra echacha,1,Morocco
8858,لطفي راك  ناجح    او مدام فمّا ناس كيفك مازالت تونس بخيررفعت رايتها,1,Algeria
8859,7sin dik fenen rai3,1,Tunisia
8860,a7sen moumathla,1,Morocco
8861,M3alem bravou alah ya7mik,1,Tunisia
8862,sahria tayara,1,Morocco
8863,hhhhhhhhhhhh dhamer w 3la ma7leha ydha7ekni moch normal bsara7a wasel,1,Tunisia
8864,tbarkallah a3la soutou,1,Syria
8865,Bravo armast wa nchalh rabi iwaf9ik :),1,Tunisia
8866,عجبني نور شيبة وقت إلي ألغى مشاركتو في إحتفلات نداء تونس و مشى حضر دفينة آمر فوج تدخل سيدي بوزيد لأنو أمن لو حفلتو في مهرجان سيدي بوزيد برافو كل التقدير و كل الإحترام ليك,1,Tunisia
8867,راجل و هاو طلع ارجل من شكيبة,1,Libya
8868,Ma7lahome,1,Morocco
8869,ومحلاك يا سى لطفى,1,Egypt
8870,نحن نعشق الحوار التونسي,1,Sudan
8871,Dima tayara,1,Morocco
8872,thabel <3,1,Oman
8873,tahiya  ila si neji jaloul,1,Syria
8874,محلك الله مصلي علي النبي منور الحوار التونس,1,Tunisia
8875,tet7ab mouch tetkrah 3azouzti,1,Tunisia
8876,قداش كبر في عيني,1,Libya
8877,تستاهلها فتاة باهية,1,Tunisia
8878,ena 3jebni barcha 3mal haja jdida fel musiqua,1,Morocco
8879,Bravo walid t le meilleur,1,Morocco
8880,Hhhhh mazienha,1,Tunisia
8881,راجل,1,Libya
8882,معلم  معلم يامعلم,1,Egypt
8883,tahfoun,1,Tunisia
8884,Tbarkala 3liha,1,Lebanon
8885,Bravooo,1,Iraq
8886,بلطىأحسن مغنى رأب فى تونس مفيش إكلام,1,Egypt
8887,روعة حضور  أسطوري صورا جميلة   لكل الفنانين توانسى .أنا من عشاق الفنانة ذكرا محمد  الله يرحمها,1,Egypt
8888,Momtez,1,Lebanon
8889,راجل ورجال قلال ووجودهم برافو بردتلي على قلبي معععععلم,1,Egypt
8890,حلقة حلوة وبدر احلي 😍,1,Jordan
8891,. تونس برجالها ربي يحميكم,1,Tunisia
8892,مهضوم ومنشط روعة تحياتي,1,Syria
8893,لطفي يخدم على روحوا انا من الناس ليتحبوا,1,Tunisia
8894,mahlék nassim,1,Morocco
8895,souték 7low w enti star arfa3 rasek,1,Tunisia
8896,شكيب انسان متربي والاعتذار من شيم الكبار برافوووو شكيب,1,Iraq
8897,Bravoooo wa7ida.. aussi badr 3andou dawr mch nrml..m3alleeem.. ama akthr 7aja ta3jbni hia reaction bin l'o5wa... bravooo sami elfehri,1,Tunisia
8898,Ma7leh barhouma,1,Morocco
8899,Ja3four ♡♡♡♡♡♥♥♡♥·♥,1,Algeria
8900,M3alem,1,Lebanon
8901,ta7fouuuna yeser,1,Tunisia
8902,Mra s7i7a bsaraha..,1,Tunisia
8903,من زينة النساء التونسيات :d,1,Tunisia
8904,كلام نزيه ومقنع ومحترم .,1,Egypt
8905,احلى برنامج اجتماعي! تحية طيبة لفريق عندي ما نقلك و للاستاذ علاء الشابي من مغربية مقيمة باسبانيا.,1,Saudi Arabia
8906,Nhbkom :*  :*,1,Lebanon
8907,ما شاء الله,1,Qatar
8908,Bravo semi hadha il wa9aa3 ili n3isshou fih tempi barcha g3ar maya3fou chay men 3ishetna f tunis bravo bravo bravo,1,Tunisia
8909,Bravo monsieur le ministre .,1,Morocco
8910,تمتل المراة التونسية و تشرفني باش تمتل تونس,1,Tunisia
8911,هذه احسن واروع الحصص تحياتي لي السي علاء وكل رجال الخفاء  ربي يوفقكم ان شاء اللبه,1,Libya
8912,Walid ya m3alem dima mnawerna w berasmi klemk kol fi blastou (y),1,Iraq
8913,لطفي العبدلي ممثل شامل كميديا تلقاه دراما زادا والحمد الله أحسن ممثل في مهرجان دبي و شماته في العداء. رانا إنحبوك.واصل يا معلم :*,1,Tunisia
8914,Tayara,1,Tunisia
8915,mahlak♥♥♥♥,1,Saudi Arabia
8916,bravo maysa,1,Tunisia
8917,Bravo,1,Modern Standard Arabic
8918,bl7a9 moch 5sara fik kilmit n7bek :*,1,Tunisia
8919,mra b 1000 rajel,1,Tunisia
8920,عجبتني الحلقة اخدم ربي يعينك,1,Tunisia
8921,محلاها و مفينها...بوزينها :*,1,Lebanon
8922,sout  hlou  barchaaaaaaaa,1,Morocco
8923,twetik barcha ejjeba,1,Tunisia
8924,bravo wlh,1,Morocco
8925,Bravo,1,Modern Standard Arabic
8926,m3alem 3ejbetni kichad fiblaset amin hh ta3ref tnachet belgda 😁,1,Tunisia
8927,محلاه و مخف دموا,1,Tunisia
8928,Jaw 7afali w tho7ek maa lotfi,1,Iraq
8929,نور  شيبه ديما متالق ديما يصنع الجو و ربوخ وهره و قد و صوت,1,Tunisia
8930,هذه هي المرأة التونسية الأنيقة,1,Modern Standard Arabic
8931,Inti  ta7founa,1,Algeria
8932,قطوسة أجمل و أحسن ممثلة في تونس :-),1,Egypt
8933,M7laha,1,Lebanon
8934,شتقصد !!!!!! عمرنا مكرهناها كوثر بالحاج بالعكس نحبوها كل,1,Libya
8935,Bravo sami hlowa barcha,1,Morocco
8936,"ياسر محلاها .. عندها ما تقول في روحها 
يا سيدي على عيشوشة والله تمثل مليح وتمثيلها مقنع
Mala wahra mte3 siasia
ربي يطول في عمرك يا شيخنا
Man4yr manab9a nahky barcha ama lotfy maaaaaaaaaaaalem y'a lotfy dyma 9odem raby maak :*
Tebrkalh 3lik ya lotfiii ma7lek. 
ولد حومتى يا معلم  ...
m3alem 5ir men fartas nawfl
Bravo tawfik wallah rajil
A9wa tha7ak lotfi
BRVO #nidhal(bayrem)
😂😂😂karim lm3alleeem
iiiaaaaaa jawwwwwwwwwwwwww
ya3tikom ese7a
oui hada jaw welé lawa7
صحفي معتدل ، مجتهد و حيادي و اتمنى ان يواصل على هذا المنهج
Za3im w moumathel w fanen kbir barcha 
محلهم طلعين على بعضهم
Eni y3jbni
Bravo ettounsiya bravo
نحبك برشاااا     ....و حابك تزورينا في الجزائر (عنابة) ديريلنا جو و زهوو
محلك
emission behia barcha
hanounaaa la3ssal <3
ta7founa 3alli5r jj <3
ja3four a7sen komidi 3ndi wn7bou baaaaaaaarcha akid rahi enes elkol t7ebou
كافون تولد باش يكون فنان برافو بصراحة فخورة بيه كشاب تونسي مع اني ما نسمعش راب و الريقي
Raw333a
Bravo hanen chograni
أنت الأروع و الأكثر حضورا في حلقه مليئه بالنجوم <3
Bravooooo
صباح الفل يا معلم ربي يوفقك
3ssal
dima met2al9a
معلم .
و الله قتلني بالضحك ربي يخاليك لينا
bravo
bravo olfa
Bravo libnét w ni3ma tarbiya rabbi ya7mikom w tbarkallah 3likom ma7lékom 3ssaylét les deux <3
T3jbni Amona
raw3aaaà,nhbeha barcha
Bravo mala 3afsa
نحن نعشق الحوار التونسي
ma7leeeeha !! elle est très spontanè et naturelle
Ta3jebni barcha mosrara essa5ta
نضال السعدي برافووو
مهفّة
ربي معاك ارمستا واصل الديو مع الفنانين الكبار برافو
واحلا جعفور
برافو وليد التونسي  و احمد  الاندلسي :-*
sahreya mezyena
Uii amine gara ta7foun barcha bravo 3lih (y)
Ta7iyatna sayed lwazir
ja3fir ilgassmi a7ssan foukahi  idha7akna bi osloub bassitt w ndhif.  Chaki yabka ilmouthakaf rakèm 1
Brenss ya m3alem
M3alem
Bravooooo errajel rajel zeyed :) w kol youm hobbek yzid ;)
Bravo tawFi9
كلام موزون و معقول
فصاحة و تربية ، مورو اقوى سياسي في تونس
والله بكاتنى برافووووو
kamil 3la rou7ik ya amir w may himmik fi 7ad w rahou dhmarik 3sal
Dima 3andaha mat9oul :p
Madam mehrzia klemek yeser ma7leh mawzoun w metha9af",1,Tunisia
8937,c'est trés joli marwa enti men a7sen enoujoum etwensa <3 <3,1,Morocco
8938,تبارك الله على زينة,1,Morocco
8939,A7la mounachet,1,Tunisia
8940,Ja3four ma7boub el twensa ♡,1,Lebanon
8941,شيخه ظحك,1,Yemen
8942,BRAVO,1,Lebanon
8943,والله وحدك يا أمير,1,Tunisia
8944,klém7a s7i7e ...,1,Algeria
8945,واو مقنع والله ابدعوا,1,Libya
8946,M3alem ;),1,Oman
8947,اووووه محلاك .... اووه ... ليوم بلذات حبيت تونس يا ربي زيد علينا هل نعمة ❤❤,1,Tunisia
8948,Bent bledi ezyen w torbya w glayeb alf mabrouk 😚😘😙,1,Lebanon
8949,جعفور يا معلم انت مثال للفنان التونسي الي نتمنوه اليوم,1,Libya
8950,Wahra bilhakk....bravoooo,1,Syria
8951,berjoulia 3andou swayet w ma fibalouch,1,Morocco
8952,mariouma ma7lek,1,Morocco
8953,يا معذبهم :D:D:D:D,1,Iraq
8954,Oui ti3jibni,1,Tunisia
8955,Tayara 👏👏,1,Egypt
8956,M3alemmmm bravo😇😆😎😜,1,Egypt
8957,Mahla zinek mariyouma,1,Syria
8958,سي جلول راجل و يعطيك الف صحة ..,1,Tunisia
8959,M3alem waliiid rajeel,1,Lebanon
8960,Brvo,1,Lebanon
8961,Men ahsen lmomathlet fi tounes wbitawfi9,1,Lebanon
8962,Me7lehom ytha7kou,1,Syria
8963,جميلة جدا و منورة البرنامج,1,Egypt
8964,wallah chi5a dho7k,1,Tunisia
8965,بصراحة نور شيبا bravoo,1,Tunisia
8966,مصطفى الدلاجي يعجبني و صوطو تحفون برشا  <3 <3,1,Tunisia
8967,Hhhhhhhhhhhhh حلقة عالمية,1,Saudi Arabia
8968,Tabrkalla,1,Lebanon
8969,A7la fawzi ou kelmek kil la3sal 5ouya rabi ibrek fik ...,1,Tunisia
8970,Hedhi el fannena eli tmathal el mar2a tounisia mahlek wajiiha nheebouk barcha :* <3 rabi m3ak nchalalh,1,Tunisia
8971,Bravo,1,Modern Standard Arabic
8972,لباهي فيك انك ولد جمعية,1,Tunisia
8973,7al9a raw3a bravo lebnet ma7lakem,1,Tunisia
8974,يعطيك الصحّه برسمي عجبني موقفك,1,Algeria
8975,nes mle7 :D,1,Morocco
8976,معاااااااااااااااااااااالم  زايد وحدو في التفدليك,1,Tunisia
8977,bravo letfi bere8am ini f hala nifsiya harija ili ini de7aket merci,1,Iraq
8978,Nhiiiiiiibha,1,Algeria
8979,Rabi y3inek ya jaafour ya behi,1,Syria
8980,Sotha ybared 3al 9alb,1,Egypt
8981,Ya3tih douda ma7leh hhhhhh,1,Yemen
8982,Ma7lahaaa 💖,1,Qatar
8983,Borjouliya m3allem ❤💙💚💛💜,1,Egypt
8984,3assoulll 😍😍😘😘,1,Morocco
8985,BRAVO BRAVO OOOOOOOOOOOOOO,1,Lebanon
8986,برافو شكيب..معلم,1,Tunisia
8987,Bravo semi lfehri abda3t bsaraha illi 3jbou sitcom denia o5ra ydea j'aime❤❤👏👍👌,1,Tunisia
8988,Enta m3alem w 7na menak net3alem,1,Tunisia
8989,Alaho ahad 3lih,1,Tunisia
8990,رووووو‘‘وعة,1,Lebanon
8991,Bravo Walid rajel,1,Morocco
8992,Mahleha Roubtek :),1,Syria
8993,3saaalll 3salll 3sal wlh nour habet 3lik alah wa7ad nahthawiya w 3lik lklem ma7lek #Mme_me7erziya  wahertek wa7adha ♥♥♥♥♥♥,1,Syria
8994,HH 3ajbaaaatni barcha,1,Morocco
8995,Bravo,1,Modern Standard Arabic
8996,M3alem el comédie fi tounes,1,Morocco
8997,Tea9f m3a la3bed 7nina yessar ;-(,1,Morocco
8998,ja3four ya m3alem ....,1,Tunisia
8999,tahiya kbira lsamira,1,Tunisia
9000,البساطة و القلب الطيب و الأخلاق  <3,1,Algeria
9001,ما اجملها و ما اجمل عيونها,1,Jordan
9002,اللقطه حسيتها وكانها واقعيه من كثر ماابدعت مفيده فيها برافو وحيده الدريدي ممثله عالميه,1,Saudi Arabia
9003,تحية الي الوزير التربية الي. دخل قلوب التوانسة بمواقفه ضد تبييض الارهاب حقيقة تقال لرجل صادق. يبحث عنه التونسيون ليكون مكان الصيد,1,Saudi Arabia
9004,M3alem 😍,1,Jordan
9005,والله لطفي العماري كان يحطوه رئيس لتونس ما يخدمها مليح و الله فاهم اللعبة في تونس ملييييح مليح برافو كلامك في الصميم يا لطفي عكس شكيب,1,Libya
9006,yhabbal rawwwww3a,1,Syria
9007,عجبتني خويا ربي يحفظك,1,Morocco
9008,ماشاء الله,1,Saudi Arabia
9009,Moche 3adi bravo,1,Morocco
9010,M3alim,1,Morocco
9011,m3allem,1,Tunisia
9012,Na3cha9ha,1,Morocco
9013,Moihra dima,1,Morocco
9014,تحفونة,1,Tunisia
9015,5amsa w 5mise 3la weld tounis a7la jou m3ah :*,1,Tunisia
9016,Bravo walid  haka rojla ctt :-),1,Tunisia
9017,wa7dik filwahra ya amin,1,Morocco
9018,bravooooo,1,Iraq
9019,Inta m3alem ya mouro ..... may9ed 7ad zayed,1,Morocco
9020,Lm3allaaaamm,1,Morocco
9021,"تعجبني ..""",1,Iraq
9022,والله التمثيل التونسي في تقدم كبير ربي وفقكم انشاء الله,1,Tunisia
9023,قوت تمثيل خلتنى نعيش اللحظة و بكيت روووووعه,1,Egypt
9024,tmathel l mra tounsya :),1,Tunisia
9025,احلى سيتكوم,1,Iraq
9026,waaw bayen fiha sahra itfata9 9araret nirkech fi eddar hhhhh kol 3am w kol etwansa ou tounes balf 5iiir amiiiiin,1,Tunisia
9027,جعفورة وحدك في الحطة سروال احمر لا مثيل لك,1,Tunisia
9028,مهف,1,Jordan
9029,سيدة محترمة و مثال للمرأة التونسية,1,Algeria
9030,مراة تعرف وش تقول,1,Saudi Arabia
9031,emission dhamra yesser ..............,1,Tunisia
9032,barjoulia lotfi rak ajebtni yeser rak motrabi wa nchalah ness kol kifek yatlaou foukehiin,1,Syria
9033,راجل,1,Libya
9034,Wahra Samsoum' rabi yahfdhik.,1,Syria
9035,برافو,1,Lebanon
9036,اكثر سياسية تعجبني برافو,1,Tunisia
9037,اكثر شخص يمثلني في الساحة الوطنية وتعجبني افكاره واراه الشخص الوحيد القادر على منصب رئيس الجمهورية..,1,Saudi Arabia
9038,ما شاء الله ربي يعطيك الصحة تحياتي لك أختي الكريمة,1,Morocco
9039,سبحان الله .ربي يقويها ان شاءالله,1,Libya
9040,محلي  زينو بدير,1,Iraq
9041,Bravo maryim,1,Morocco
9042,يا ليت عندنا 4 منك في تونس يا جعفور . متربي . ثقة .راجل ...ربي يكثر منك الناس و الله,1,Libya
9043,Bravo 5adouja :),1,Morocco
9044,إنصاف اليحياوي تذكرنى ببرنامج التذكرة الاخيرة،يا حسرة من الأحلى البرامج إلى عملتها الوطنية و الا تونس 7 في وقتها 😉,1,Libya
9045,Mahleha nmout a3leha,1,Syria
9046,رائع,1,Iraq
9047,Bravo Ja3four rabi m3ak,1,Tunisia
9048,walouda wahra w youfa la7dithe me3ak,1,Morocco
9049,Bravo kadouja abda3ti ......,1,Tunisia
9050,محلاها أما تحسها تزوي برشا كي تبدى تحكي !,1,Tunisia
9051,محلاها ماشالله عليها ربي يهنيكم,1,Tunisia
9052,اصلا جمال روحك و صدقك وحبك لبوك ..  ورضاية الوالدين يكفيك ارفعي رأسك  دائما مهم كانت طبيعة الناس..  وربي يشفيك إن الله مع صابيرين ان الله  يمهل ولا يهمل يا أحباب الله إدعو لها بشفاء.......,1,Saudi Arabia
9053,sa7bi ya3tik isa7a,1,Morocco
9054,انا بنسبة لي مروى هى تفلة او بالاحر مرا تونسية مزيانة و عندها خبرا برشا انا نشجعها و نقوللها واصل,1,Tunisia
9055,Machalah 3aliha,1,Tunisia
9056,يعطيهم.الف.صحة,1,Tunisia
9057,نحسو يضحك الناس من غير مجهود و تهريج .. كيما يعملو برشا .. برفو جعفر,1,Tunisia
9058,yesir 7low,1,Syria
9059,7lowa,1,Lebanon
9060,عسل,1,Palestine
9061,Bravo,1,Modern Standard Arabic
9062,"Tfate9""",1,Iraq
9063,Sa3a ma7leha,1,Tunisia
9064,ظامر,1,Qatar
9065,A7ssen we7ed fihom,1,Syria
9066,احترامي جعفور,1,Iraq
9067,لا عاد عند صوت بصراحة روعة,1,Syria
9068,Ma7leha tafte9 heyy w southa barvo sami,1,Syria
9069,Jaafour ya behi <3,1,Syria
9070,يسر حلوة هههههههه,1,Tunisia
9071,منورتنا,1,Tunisia
9072,Bravo,1,Modern Standard Arabic
9073,"مشاء الله على الناس الكمل ...نور على نور ..
Rajil
تحية واحترام للمرزوقي مع اني اختلف معه في الافكار
الله وحد عليها
m3alim
braavoooo , fra7t bchakib ;)
Bakétni vraiment bravoooooo
ya3tiha esa7a borjolia mra mel la7diid 
نعم الأخت ألف تحيه ليك
Tbarkaallah aalik ya ja3fer dyma mwaher w tbdelna fy jaw
ممثلة تعجبني وعندها كاريزما و ممثلة مبدعة ❤
raw3a
جعفور يا عسل دنيا :* :* :* <3 <3 <3
Tbarkallah 3lik♥♥♥♥😍😍 yestana fik mosta9bel zehi 😍 yeser te3jebni
جعفور وحدك انت معلم""",1,Tunisia
9074,Bravo 👏 wallah baketni😓,1,Egypt
9075,rabi ywaf9k,1,Yemen
9076,Hhhh ma7lehoum wled moufida w lmosalsil bravo very nice,1,Iraq
9077,M3alem,1,Lebanon
9078,Shiih tcheed matsayeeb amaa la79iii9aa edhoohkaa maaak walaa lawaa7,1,Tunisia
9079,صيد وراجل,1,Yemen
9080,Ta7founa mwahra 3jbtini,1,Morocco
9081,نسبة مشاهدة كبيرة رغم التشويش الى صار ...برافو واصل,1,Jordan
9082,Ta7founa bravo,1,Tunisia
9083,Mahlekom,1,Lebanon
9084,Hhhh eyh walah 3ejbetni,1,Yemen
9085,Ya3jebni,1,Algeria
9086,والله جعفر القاسمي إنسان خلوق وحتى تفدليكو مقبول إنسان إجابي,1,Tunisia
9087,صطوفه يا معقد هم معلم راك,1,Tunisia
9088,J3ifer <3,1,Syria
9089,Bravo walid,1,Jordan
9090,M3alem,1,Lebanon
9091,Hhhhh yhbeeeel 😉😉,1,Lebanon
9092,نحبها ..محلا طبيعتها في دنيا ...و قدام الكاميرا,1,Tunisia
9093,yaaaaaa amoun 3ssaaaaal :D,1,Tunisia
9094,Baravooooo بيرم,1,Lebanon
9095,Hhhha  barvo,1,Tunisia
9096,بنيان يهبلوا,1,Tunisia
9097,كل حلقات عجبتني وكانت مذهله Bravoooooo,1,Saudi Arabia
9098,Mahlek ya nour w ya mcharfna w rana nestanew fi jdid mte3k winti rak 4ali 3lina w rana nhebouk barcha,1,Iraq
9099,انت حلوة امت عسلة انت عرؤسة وشيخة عسل بحبك,1,Egypt
9100,معلم كريم الغربي🐝🐝🐝🐝,1,Oman
9101,صوتها مزيان,1,Morocco
9102,Bravo,1,Modern Standard Arabic
9103,الي يعجبني فيه ضمارو التلقائي ... معلم!,1,Tunisia
9104,المعلم ......يتكلم ❤ خدام و ربي يسترو مالعين,1,Tunisia
9105,معلم نور شيبا,1,Saudi Arabia
9106,Bravo :'(,1,Oman
9107,تونسي أصيــــــــــــــــــــــــــل بالرغم إلي يتقال لكل نحييك على أخلاقك برافوووووو,1,Tunisia
9108,Bravoo si neji bel9adha hedha w y7ebou y7arbou lerheb,1,Syria
9109,وجيهة تبقى تبقى دائما وجيهة,1,Tunisia
9110,mahleha 3sal,1,Yemen
9111,m3alem bader ta7iyeti mel gassarnia lkol,1,Tunisia
9112,راجل وسيد الرجال ..ظاهر راجل شبعان وعينوا مليانة رغم الفقر/..والفقر فقر المخ والنفوس..ويستحق أعلى وسام في الدولة..برافو وربي يكثر منو  الناس   ...,1,Algeria
9113,te3jbnii <3,1,Algeria
9114,مزيانة,1,Morocco
9115,طلع صوتو باهي,1,Tunisia
9116,ma7la7a  hanen rou7a 5fifa,1,Tunisia
9117,شيخ و رجل ديني كبييييييير موروووووووو,1,Lebanon
9118,امرأة محترمة جدا,1,Saudi Arabia
9119,ana dohretli yasser mezyana,1,Tunisia
9120,3Alamaya,1,Morocco
9121,wa7dou Karim algharbi,1,Morocco
9122,hayil wlh,1,Lebanon
9123,Bravo jaloul,1,Lebanon
9124,tbarkalah aalih dima pro,1,Morocco
9125,عالمية,1,Algeria
9126,Ya walid bravo 3jibtni ya m3aaaaaalim,1,Morocco
9127,Ma7lha moslesl,1,Morocco
9128,معلم توتو,1,Tunisia
9129,ماشاء الله,1,Saudi Arabia
9130,سامي مبدع بصراحة,1,Syria
9131,ahla mousalsel,1,Yemen
9132,Ta7founa,1,Morocco
9133,هبلهم بالاحمر و الابيض و الازرق ... وحدك في الوهرة جعفور :*  الانسان الوحيد الي قعد يفرهدلنا على قلوبنا مبعد موت سفيان الشعري الله يرحموا 💞👌,1,Tunisia
9134,اقوة لقطة ايهبل,1,Tunisia
9135,7loua,1,Lebanon
9136,نجلاء حضور و أناقة و جمال و ثقافة مشاء الله فعلا نساء تونس فخرة,1,Saudi Arabia
9137,toop 3ajbatni bazeffffff,1,Lebanon
9138,محلك يا حبي يا عمري ....نموت عليك,1,Tunisia
9139,Ya am3alem wa7dak,1,Tunisia
9140,"مع كل احترامتي ""اكبر جبري""",1,Iraq
9141,محلاها يعجبني تمثيلها نحبها برشا,1,Tunisia
9142,rajel 💖👍👏,1,Jordan
9143,Machaallah,1,Tunisia
9144,hhhhh ma7leeeee  j'admire<3,1,Morocco
9145,Yesser 7low <3,1,Syria
9146,Tfattak mahleha,1,Morocco
9147,من اقوى الممثلات في تونس . تشبه غادة عادل,1,Saudi Arabia
9148,أروع الممثلين إتوانسة أو يستحق الجائزة,1,Tunisia
9149,bravo bravo,1,Iraq
9150,barvou rahmoni,1,Tunisia
9151,عسولتين ربى يحفضكم,1,Egypt
9152,lem3allem,1,Morocco
9153,TA7FOUN BARHA,1,Lebanon
9154,معلم شيخنا .. واصل,1,Yemen
9155,mahlakom kol yli etmathlou,1,Syria
9156,Bravo maryouma💕,1,Tunisia
9157,أحلى كعبة مش عادي,1,Egypt
9158,Bravo,1,Modern Standard Arabic
9159,Braoooooooo sami a7la jaw,1,Yemen
9160,Karim ya m3allim,1,Morocco
9161,3aslaa,1,Egypt
9162,bravo walid rajel,1,Morocco
9163,5adam,1,Egypt
9164,Bravoooo9,1,Egypt
9165,jaw ahla jaw :),1,Syria
9166,sa7a wlid,1,Morocco
9167,3asla bravo,1,Morocco
9168,W tab9a mezyena,1,Lebanon
9169,مزيانة,1,Morocco
9170,Bravooooo,1,Egypt
9171,صويت عالمي برافواااااااااا ...مش نرمال .. سيبوااا شكيب هههه,1,Tunisia
9172,Ena bsaraha ydahakni lotfi,1,Tunisia
9173,Hal9a tayara bravo,1,Morocco
9174,بسم الله ماشاء الله,1,Qatar
9175,أحلا نقشه,1,Yemen
9176,7lou barcha ;),1,Syria
9177,محلاها ريم,1,Tunisia
9178,bravo si abdlahmid baredtli 3la 9albi,1,Tunisia
9179,Bravoooooooooo tbarkala 3liha,1,Lebanon
9180,تهبل,1,Algeria
9181,باختصار #معلم,1,Oman
9182,بصراحة bravo سيتكوم دنيا أخرى ياسر طيارة...كان موش هو رانا راقدين....,1,Tunisia
9183,ما شاء الله عليك صوت وصورة من احلى الأصوات اللي سمعتها,1,Saudi Arabia
9184,Bravo lebnet wlh ajebtouni,1,Lebanon
9185,"فنان محترم و يخدم على روحو يعرف الناس شنوة تحب صوت حلو و قاعد يطلع درجة درجة_x000D_
M3alim baltu
Bravo
thabel  ma7leha sobhan el 5ale9
bravooooooooooo
معلم يا وليد
فنانة بكل ما في الكلمة من معنى
Lotfi ya m3adhabhom hhhh nitfarej fih nadh7ek dha7ka mel galb
محلاهم
7al9a 3alamiya
Macha allah
برافو يا شيخ",1,Tunisia
9186,<3,1,Saudi Arabia
9187,Mohamed Dekhil mahleeena,1,Lebanon
9188,امين النهدي مدرسة,1,Tunisia
9189,<3,1,Saudi Arabia
9190,morou 3sal denya,1,Morocco
9191,Bravo,1,Modern Standard Arabic
9192,Ma7leh lila,1,Morocco
9193,A7le 3aycha :),1,Algeria
9194,برجوليا أحسن ممثل في تونس.,1,Algeria
9195,Mraa 9wiya w ena bsara7a makontech fibeli illi hia fedhleka w ba7bou7a rabbi m3aha,1,Tunisia
9196,Souto sem7 we lazmo ye5dem akther,1,Syria
9197,Bravo jaloul,1,Lebanon
9198,عسل,1,Palestine
9199,rak ent ta3jebni bravo kamel haka,1,Tunisia
9200,Ja3four ya m3allem dima mnawer,1,Morocco
9201,A7sen mousalsel hhh 5stan sabri wel lbrness hhh,1,Lebanon
9202,Gayr 3adi ahla sitkom bravo sami,1,Tunisia
9203,تبركالله علاها منورة الحلقة فتانة حلوة رزينة أنيقة علي كل تونس بنسها يا أمونة ♥♥♡,1,Tunisia
9204,A7la j3four enta ltzhina wenta ltbkina bravoo dima b7thena j3fr 3eda chapeau le7la moumthel tounsi,1,Tunisia
9205,Mazynha 😍😍,1,Jordan
9206,يا خو....عجبتني كي دافعت على لهجتك و تراثك في قطر...,1,Tunisia
9207,hloua bracha,1,Morocco
9208,تحية لناجي جلولي حقو القضاء يأخذ مجراه تجاه السيد أحمد الرحموني كان يظهرو برشا كيفو الارهاب يصبح يشطح في تونس .قالو التعذيب ما ايجيش تي مع الناس هاذم انعذبوهم واشويا فاهم,1,Tunisia
9209,تعجبني وجيهة على خاطر تخدم على روحها ومايهمها في حتى شئ,1,Tunisia
9210,Bourjouliaaa baredli 3ala 9albi bklamou  bravo walid,1,Morocco
9211,Ahsan haja fetalfza bravo,1,Saudi Arabia
9212,راجل وسيد ارجال,1,Yemen
9213,Hhhhh ma7la ema 3aziye biya lamis,1,Tunisia
9214,برافووووا وليد.. الحمد لله مازال فما رجال يغاروا علی دينهم ويدافعوا عليه من ها الشواذ والمرتزقة...,1,Algeria
9215,مرحبا نورتونا في تونس,1,Oman
9216,مصطفى فنان هايل كمل اخدم وشيهمك فالعباد برافو صطوفة,1,Tunisia
9217,وي لقطة روعة,1,Iraq
9218,JAAFER YA MALLEM,1,Lebanon
9219,Ya3tak el  se7a rajel,1,Morocco
9220,Rabi 5alilak lemima,1,Morocco
9221,ولله انت اعضم أب,1,Iraq
9222,m3alem,1,Jordan
9223,bravo,1,Morocco
9224,Tbarkallah a3lih,1,Iraq
9225,"Vraiment ya3tikk sa7a semmi :)""",1,Tunisia
9226,شهبندر التجار ، يا معللللللم قداش تشوط,1,Morocco
9227,tabrkala a3lihe,1,Yemen
9228,ربي يوفقو و الله برافو,1,Libya
9229,bravo,1,Morocco
9230,Nmout 3lik,1,Algeria
9231,بالتوفيق والنجاح وصل ربي معك,1,Tunisia
9232,walahi m3alem,1,Saudi Arabia
9233,mahleeeeeeeeeeeeeeeeek hannen.bravooooooooo,1,Syria
9234,Taaaaaaaaaayaaaaaaaara el7al9a ENA nadh7ek bedmou3,1,Tunisia
9235,Wa7dek fek wahra a7santi wasli 3la hedha el men wel,1,Tunisia
9236,انا نحبها و نمو ت عليها,1,Tunisia
9237,bravooooo,1,Iraq
9238,بيرم احسن ممثل في المسلسل,1,Palestine
9239,😙❤👍,1,Oman
9240,وهرة و رزانة و أخلاق برافو سي فوزي,1,Tunisia
9241,Bravo,1,Modern Standard Arabic
9242,Ma7lek bravi,1,Morocco
9243,أحسن الممثلات في تونس bravo wajiha et bon continuation,1,Morocco
9244,ماشاء الله,1,Saudi Arabia
9245,hhhhhhhhhh BRAVOO,1,Yemen
9246,Hhhh ta7founa yeser,1,Lebanon
9247,Sout 7lou ahmed,1,Syria
9248,Bravo..  برافو سيدة. محرزية اخلاق وعلم وموزونموزونة.نعم النساء قدمت تونس ..الجزائري,1,Oman
9249,بن مسعود تعجبني مش عارف علاه بخلاف إنها ممثله باهيه ومش ديما مادا وجهها في البرامج ، عندها حضور وسر ورحمة بابا لاعرفتو...,1,Tunisia
9250,ربي يهنيك,1,Qatar
9251,Bravo,1,Modern Standard Arabic
9252,يعتيك الف صحة يا سي جعفر علي برنامج (يد وحدة) واصل وربي معاك واحنا زادة,1,Libya
9253,عثل,1,Iraq
9254,Bravo,1,Modern Standard Arabic
9255,Tbarkallah sout yhbel w b koulha 3asla,1,Syria
9256,أعز وااااحد ♥♥♥,1,Egypt
9257,ذرية صالحة ما شاء الله كما كرمو اباهم سيكرهم الله في الدنيا ويجازيهم في الاخرة ويرزقهم ذرية تبر بهم فكما تدين تدان .اشكر علاء على حصته الرائعة واقول له لا تستمع للحاقدين عليك من زملاء المهنة او من عامة الشعب فحصتك نا جحة ولك جمهور كبير في الجزائر يحبك ويحترمك.اخوكم من الجزائر,1,Oman
9258,ارمستا راك فووووووور ربي يوفقك تحيا من الجزائر,1,Morocco
9259,ناجي جلول راجل دولة.,1,Tunisia
9260,Bou zinou,1,Lebanon
9261,Ja3four ya m3alem,1,Morocco
9262,وليد يا معلم فى هاذى الحلقة ظهر اشكون راجل واشكون..............,1,Tunisia
9263,Bravo walid tounssi,1,Lebanon
9264,a9wa 9anet 3orfetha tounes,1,Iraq
9265,i3adi rou7ou,1,Tunisia
9266,صادق,1,Yemen
9267,To9teell,1,Lebanon
9268,Ejaw m3a ja3four kima 9olt bel7a9 t3ebna w nlawjou fe tho7ka mel 9alb,1,Tunisia
9269,M3alem landolsi 9leb 3lihom tor7,1,Lebanon
9270,tyarraaa inmout i3leha,1,Tunisia
9271,W a7na ya sami n7ebouk w rabi chahed 3lina,1,Tunisia
9272,بصراحه المخلوق هذا زاد اكدلي اللي جماعة الجنوب  ناس طيبه و راقيه موش كيف لفت العبدلي كان البلاده و الصياح في البلاتوهات,1,Tunisia
9273,أحسن معوض لنوفل الورتاني ربي معاك,1,Tunisia
9274,يا سي مورو معلم ديما كلامك موزون,1,Tunisia
9275,Ma7lehom bnayet w ma7la dho7ka mel 9alb rabbi ydawem far7etkom w rakom tcharfou bnett tunis y9awi sa3dek ye hejer ye 3ssal mooaaahhhhh,1,Iraq
9276,Walahi baketni tbarkalah 3liha,1,Tunisia
9277,Wlh baketni bravooooo,1,Lebanon
9278,Wlh maifarhadni ken howa enchalah dima met2ala9,1,Morocco
9279,عسل ومحلاه احنا مازلنا ما تعودناش عليه اما برافوا امين,1,Tunisia
9280,مع احلى نجوم و احلى امين  :*,1,Jordan
9281,Yeser hlouaa bravooooooooo,1,Lebanon
9282,M3alim,1,Morocco
9283,Bravo el fari9 le5dem 3lih elkoul bela5as el mou5rej sami el fehri bien,1,Tunisia
9284,كاريزما و ثقة بالنفس و ابتسامة صادقة ..اقدّر جدا هذه المراة و احترمها جدا جدا ..دمت فخرا لنا يا محرزية,1,Saudi Arabia
9285,bravo tayara soutek,1,Morocco
9286,أحسن كوميدي تونسي الكوميدية متاعو تدخل للقلب بدون إستءذان  برافو جعفور واصل هكا :*,1,Tunisia
9287,Walah nawfel wertrni we7dou,1,Syria
9288,bravooo  ya3tih saha,1,Morocco
9289,amin m3alim :p,1,Tunisia
9290,nmout 3leha,1,Algeria
9291,حلقة باه‍يا,1,Tunisia
9292,Ya M3alem Ray Bruxelles. ... ya M3alem,1,Morocco
9293,bravo dalleji rak raw3aa,1,Tunisia
9294,الفة نحبو جديدك رانا نستنوو,1,Tunisia
9295,haw el maalem nawartnaa,1,Jordan
9296,المرأة الحديدية احبها فالله,1,Morocco
9297,Bravo sami,1,Tunisia
9298,فنان أشرف من برشا فنانين,1,Tunisia
9299,a7sen Jaweb <3,1,Syria
9300,Bravo kadija,1,Tunisia
9301,massset -_-,1,Egypt
9302,Ili ie3jbni fiih dima iekhdem w i7awel fi kol mara bech i9adem makhir.bravo,1,Iraq
9303,Ahla bik a3az mariouma ana n7b dima ntfarrej fi baramjk,1,Tunisia
9304,Ma7leha,1,Lebanon
9305,M3alem sami yatek esa7a,1,Tunisia
9306,أجمل ما في الدنيا آش مزلت تحب......,1,Tunisia
9307,M3allem,1,Morocco
9308,موش نورمال جو أحلى و أقوى مسلسل و لي معجبوش ميتفرجش و أني نستنى باش نتفرج عليه,1,Tunisia
9309,nes  mleh  yodhor  wmitrobi  fi  klemou,1,Syria
9310,وحدك يا سامي في الاخراج تبارك الله,1,Morocco
9311,Sur tt rayeek fy mawthou3 methleeya _x000D_,1,Lebanon
9312,لطفي يمثل اكبر فكاهي تونسي ل2015 برافو واصل,1,Tunisia
9313,محلاهم ياسرضامرين,1,Tunisia
9314,tbarkalha a3lik walha bravooooo hanan ;),1,Iraq
9315,moumathla ta7founa,1,Morocco
9316,Bravooooooo,1,Egypt
9317,Wajiha tmathel lemra tounssiya le9wiya barcha bravoo  wajihaa,1,Lebanon
9318,bon continuation Amir w nshalah dima 5ir,1,Morocco
9319,Mezyana,1,Algeria
9320,Birjouliya lotfi ya3tik isa7a,1,Tunisia
9321,m3alem   baredli   3la   9albi,1,Tunisia
9322,محلاها الجاااست بكاوني الهموم   :'(,1,Tunisia
9323,دزاير كل تبع في اعمالك كل روعة,1,Tunisia
9324,فنان متربي ومتخلق حتى وقتلي كان  اغنيه مزود  ربي يوفقو في طريقو الجديد,1,Libya
9325,فنان ناجح و صوته جميل,1,Sudan
9326,w howa famma a7la mel 5wet ;) :D ma7leh bayroum <3 *,1,Morocco
9327,7lowa barcha mrèwa :*,1,Tunisia
9328,Bravoooo semi,1,Tunisia
9329,Ygib rouuuu7o,1,Algeria
9330,Haylaaaa,1,Tunisia
9331,tayara,1,Tunisia
9332,ياقو عليك ربي ياسامي,1,Yemen
9333,Vraiment tbrkllh 3lha :*,1,Lebanon
9334,rajelll wlh farhat 3la barcha 9loub,1,Syria
9335,Tohfa w m3alia blasitha,1,Morocco
9336,إنصاف اليحياوي تذكرنى ببرنامج التذكرة الاخيرة،يا حسرة من الأحلى البرامج إلى عملتها الوطنية و الا تونس 7 في وقتها 😉,1,Libya
9337,3aychoucha rabi i5alik bé dnya rak <3,1,Tunisia
9338,سي  سامي برافووووووو,1,Tunisia
9339,صوت جميل و رائع هذه فلة من فلتات الزمان,1,Tunisia
9340,Akther Mara 3jebetni,1,Lebanon
9341,Bravo fawzi,1,Tunisia
9342,مسلسل رائع,1,Saudi Arabia
9343,Hhhhh bravo,1,Tunisia
9344,Nheeeebhaaaaa 3saaaal 💕,1,Morocco
9345,Hanen chograni 3asla,1,Algeria
9346,Ma7lekom zouz tal3in 3ala b3dhkom,1,Tunisia
9347,محلاك و محلى جبتك,1,Tunisia
9348,نحن نعشق الحوار التونسي,1,Sudan
9349,راك معلم والليله زدت كبرت في عيني,1,Algeria
9350,انا نحبك جعفر,1,Tunisia
9351,9adeh ta3ref tmathel tofla bravo  (y),1,Tunisia
9352,Bravo amin  …,1,Tunisia
9353,امين عسل الدنيا وبااااااز,1,Saudi Arabia
9354,محلاه محلاه ياخي باكو جي ولا سرفيس كيسان تقول باش يدخلوه معاهم في الجهاز، الطفل يعرف يغني و محترم و ربي يعينو فقط،,1,Tunisia
9355,Ta3ref chta3mel,1,Algeria
9356,Hhhhh ne7ebouuu yth7k :D:D,1,Tunisia
9357,ma3alem hhhhhhhhhhhhhhhhhhhhhhhhhhhh,1,Yemen
9358,تحفونة برشة حلقة اليوم,1,Tunisia
9359,Mazynik,1,Tunisia
9360,احلا جو,1,Libya
9361,BRAVO CHAKIB.BRAVO.,1,Syria
9362,برافو والله بردلي على قلبي .تونس بلد مسلم#,1,Morocco
9363,"#شباب#ريفي""",1,Libya
9364,tayara,1,Tunisia
9365,M3alem,1,Lebanon
9366,جعفر إنسان خلوق و محترم حتى فدلكتو باهية و محترمة أحلى جعفور :),1,Tunisia
9367,Bravoooooo chab3a thohk 😂😂😂😂😂,1,Morocco
9368,bravo naji jaloul,1,Morocco
9369,Mahleha mohtarma hatta lebsitha mastoura,1,Morocco
9370,bravo wbi tawfik li ja3four,1,Tunisia
9371,يا ولدي راك معلم,1,Algeria
9372,ما شاء الله عليه الشباب بنشاطه و حيويته,1,Jordan
9373,برااااااااافو ناجح 1000%,1,Morocco
9374,بنجاح وتوفيق,1,Syria
9375,Heyla (y),1,Oman
9376,Thabli nmout 3lik rabi ya7mik,1,Algeria
9377,5 w 5mis 3lik stoufa,1,Iraq
9378,Wahdek ya semi barcha ighirou menek bravo,1,Syria
9379,Bien wasel,1,Morocco
9380,ربي يكثر منك الناس .,1,Tunisia
9381,hhhhhhhhh bravooo ;),1,Yemen
9382,Bravo,1,Modern Standard Arabic
9383,Wa7dek ya stoufa ma ta3mel jaw ken inti,1,Lebanon
9384,tfat9999 et sirtout fara5 es5ir,1,Morocco
9385,te3jebni malgré tous kito5rej hiya lechare3 t7es elli twansa mazalou b5ir malgré eli sayer fibladna,1,Tunisia
9386,bravo,1,Morocco
9387,يلطف محلى زينو,1,Tunisia
9388,3assssslaaaa,1,Morocco
9389,Kafon wa7dekk fell wahraaa ichalah dimaaa hakaaa,1,Tunisia
9390,3alamia,1,Yemen
9391,Ani9a yeeeeser,1,Saudi Arabia
9392,Rajil,1,Tunisia
9393,Nmouuuut ala bayrim yfatak,1,Syria
9394,من أكثر الممثلات إبداعا و اكثرهم احتراما,1,Saudi Arabia
9395,tbaarkalah aalik 5adeem o li yon9od fik rao nrmlmnt y9awik o raabi maak,1,Iraq
9396,Rajel  bravo,1,Tunisia
9397,ya3teha esa7a ate9netou dawereha bel3akes 9oul 9adech men wa7ed ye7ebeha,1,Morocco
9398,M3alim bou zinou 😍😍😍😍😍,1,Morocco
9399,محﻻها السورية لنقني بنمشي سوريا نتزوج,1,Syria
9400,hhhhhhhh wahdik ya hanouna,1,Yemen
9401,Ta7founa,1,Morocco
9402,Dima met2al9a w ta3ref kifech ta7ki,1,Tunisia
9403,bravo. bssaraha nehtarmek kbal w taw,1,Morocco
9404,jam3ia bravo,1,Morocco
9405,ريم ماشاء الله عليك زين وعين ورزانة وثقة بالنفس بالنفس برافوووو  😻😻😻,1,Qatar
9406,محلاهم الزوز روعة!,1,Tunisia
9407,ma7lek hhhh,1,Yemen
9408,A7la ja3four,1,Tunisia
9409,3sal denya e5dem 3la rou7k w rabi m3ak,1,Tunisia
9410,Hhhhhhhh wlh raw3aaaaaaa,1,Tunisia
9411,Ya ja3fouuur ya m3alem :*,1,Tunisia
9412,Mwahra tbarkallah mlit leblasa enti b 10 m'en chakib,1,Morocco
9413,nmout 3liha ma7la rou7ha 5fifa,1,Tunisia
9414,برافووووووو تبكي بالحق ماثرة اللقطة,1,Tunisia
9415,Il m3alma,1,Lebanon
9416,tbarkallah 3lih   😊,1,Syria
9417,tabarkalh 3lih,1,Lebanon
9418,جعفور لمتواضع جعفور لمتخلق ربي معاك ❤️💪,1,Tunisia
9419,9ouiya barcha . T3jebni,1,Lebanon
9420,<3  ye3jebni a7sin rappeur tounsi  bravoo 👌✌✌💜❤,1,Qatar
9421,Tayara hathaka dawarha,1,Tunisia
9422,مشاالله عليها اسمر يا اسمراني 😍,1,Iraq
9423,rajell fihom,1,Morocco
9424,انت معلم   ههههههه,1,Jordan
9425,أحترم هذا الرجل كنائب في مجلس الشعب أكثر منه كنائب في المجلس التأسيسي  ربما الخبرة أو قضية بنك لازار التي زادت في شعبية سي مهدي.,1,Modern Standard Arabic
9426,bravo wajiha,1,Morocco
9427,محلها و محلى صوتها,1,Yemen
9428,lemin hkeya kbira ou yo93od dima ostoura,1,Syria
9429,lem3alem numro 1 fi tounes ma9tla dho7k m3ak ya lotfi wasel wnchala men 7asan ila a7san,1,Tunisia
9430,واقعي و عقلاني.,1,Jordan
9431,صوت حلو...,1,Syria
9432,howa wlhi masha2llah 3lih w sem7 barcha,1,Syria
9433,Parfait,1,Modern Standard Arabic
9434,Rajel 3jebniiiiiiii,1,Tunisia
9435,Hhhh tayara ya sami,1,Morocco
9436,Betawfi9 ammouna a7la album .. آمنة فاخر 💖 Hannouna dima 3sel 😊,1,Morocco
9437,M3almaaa😂,1,Morocco
9438,A9wa 7al9a,1,Modern Standard Arabic
9439,M3alem entii ja3four rak k3aybaaaa,1,Morocco
9440,bravo lel wzir 3la 5ater klamou s7i7,1,Tunisia
9441,Bravo sami,1,Tunisia
9442,Rabi i5alilek la7nina,1,Lebanon
9443,bravo jlayell,1,Morocco
9444,تعجبني ممثلة تونسية تهبل,1,Tunisia
9445,ضمار و فدلكة و رجولية و سروال أحمر .. وحدك يا جعفور ،,1,Tunisia
9446,Zina gasrineya ya m3alma ENA n7ebek barcha  w nchallah dima mnawra,1,Morocco
9447,Barvo maryouma,1,Morocco
9448,zyyn ou sout <3 men 7asan ila a7san nchlh,1,Morocco
9449,Tahafouna barcha wajiha,1,Morocco
9450,Machallah wa sob7an allah,1,Yemen
9451,ممتاز,1,Yemen
9452,زينها موش برشا يفهموه😍❤️,1,Tunisia
9453,mala wahra fik ya ja3four w rabi ykather menek nes,1,Iraq
9454,M3alem,1,Lebanon
9455,"يا امين صلي على النبي قلو  ١٠٠٠٠٠تكفيريين في صفاقس""",1,Libya
9456,bravooooo hhh,1,Syria
9457,باولادي تحس موش تمثيل تقول بالرسمي برافووووو,1,Tunisia
9458,منورين,1,Tunisia
9459,Bravou,1,Tunisia
9460,raw3a Ettounsiya,1,Tunisia
9461,Ti3jibni barcha :-*,1,Tunisia
9462,حليلك يا مهدي شنوة باش تقاصي 😑😕😑😕,1,Tunisia
9463,Barvo,1,Sudan
9464,M3alma,1,Yemen
9465,bravoooo chakib,1,Morocco
9466,بلطي راك معلم,1,Algeria
9467,Mahlek,1,Lebanon
9468,Ma7leeeekom :-),1,Syria
9469,bravoooooooooo walid ettounsi yaatik alf sahha,1,Morocco
9470,وجيهة الجندوبي فنانة راقية جداا تنطبق عليها كلمة #محترفة برافو <3,1,Qatar
9471,HANEN CHOGRANI......yessir 3assoula...,1,Morocco
9472,المرزوقي اشرف منكم,1,Egypt
9473,عسل مشا ء الله,1,Morocco
9474,عسل هاجر هههه محلا زينك هههه توهبل,1,Tunisia
9475,Bravooo bent blediiii Nchallah mabrouk 3liiiik 🎉🎈,1,Iraq
9476,W7dek armasta,1,Lebanon
9477,راقية ومتخلقة 3>,1,Syria
9478,رووووووووووووووووعة و ارتحنا من وجه اللوح نوفل  برافو امين,1,Palestine
9479,raw3aa,1,Algeria
9480,جعفور يا معلم انسان باهي رجال متواضع يحب الخير للناس حنين انشاء الله ربي يوفقو في خدمتو وفي حياتو,1,Tunisia
9481,Barvo sami Hasan moslasla fi dinya,1,Morocco
9482,M3alem hhhhhhh,1,Lebanon
9483,فدلاك و ضامر,1,Tunisia
9484,Vraiment a7la 7al9a n7eb n9oul l rim ryehi ma7leha w ma7la klemha bravo wassel w enssaf lya7yeoui rak mwahra tbarkalah 3lik wassel,1,Tunisia
9485,محلاك و محلا غناك ♪♪♥,1,Tunisia
9486,المعنى الحقيقي لكلمة فنانة,1,Saudi Arabia
9487,Aychoucha  <3 Mahleha ^^,1,Saudi Arabia
9488,":-) :-) :-) :-) :-) :-) :-) :) :-) :-)""",1,Libya
9489,Tbarkala 3lih 3ati ma 3andou,1,Tunisia
9490,m3alem,1,Jordan
9491,Raw3a.   Mahlahoum,1,Tunisia
9492,اقل شي دافع علي دينه وطلع راجل وقال كلمة الحق ومسكتش برررررافو  #وليد تونسي  وربي يسترنا من الي جاي بجد الجيل هدا يخوف ولازم نتمسكو بدينا ونقو ايمانا,1,Libya
9493,Male jew,1,Egypt
9494,ممثلة باهية و تحفونة,1,Tunisia
9495,Bahya,1,Algeria
9496,Hhh bravo,1,Tunisia
9497,اكل حلوين واتبارك الله اعليكم وسي لطفي ربي يحميك....,1,Iraq
9498,A7sen monachet w a7sen barnamej sakkartouh ya wled Jerom !!,1,Lebanon
9499,وله محلاهم هاك الأيمات.ومحلاها لمت العايلة.و خطاب عالباب.البشر ديمة يحن للقديم,1,Tunisia
9500,سيدة محترمة و ربي يوفقها في حياتها و نقلها تمنيتك تكون رئيسة المجلس. لأنك في نظري إمرأة قيادية و عظيمة.,1,Algeria
9501,أحبك حتى النخاع يا علاء الشكر والتقدير ربى يحفضك يا أحسن منشط في كل العالم ويقدرك على فعل الخير خاصة مع االزوالي,1,Algeria
9502,ena yésir yé3jibni wa en7eb en9oulou e5dim a3la rou7ik rabi em3ak wa mayhimikch fi eklém la3béd wa kima ey9oulouha eli samék a4nék,1,Tunisia
9503,ريم فنانة و عليها لكلام  ماشاء الله عليها خلقة و خلوق و عمال وتزيد تزيان و حظور راقي منورة الشاشة التونسية _x000D_ بالحق كانت حلقة استثنائية بوجود نجوم كيما ريم و هشام و زيد جابولنا انصاف ..       ......روعة....,1,Tunisia
9504,هي قدوة للناس الكل و هي السبب الي خلاني نتوجه حقوق ... كم اعشق تلك المرأة التي تتحدى العالم لتثبت وجودها,1,Yemen
9505,انا تعجبني و أحبها و يعجبني تمثيلها,1,Saudi Arabia
9506,Eni n7bha barcha w te3jbni barcha,1,Morocco
9507,منشط تحفون وكفئ,1,Iraq
9508,Bravo semi,1,Tunisia
9509,M3allem ibn m3allem,1,Tunisia
9510,ههههههههههههه الله يحفظهم  وخليلكم ابوكم  وامكم,1,Iraq
9511,هههههههه كل ليلة ينتحي القلق بشوية ضحك وتفرهيد وسهرية تفتق البرامج الكل حلوة برافو,1,Tunisia
9512,مسلسل مليح و قصة مليحا نعتقد 60% منها أحداث واقعية،نمير فالناس لي ينتقدو بالسلب ياخي ما عجبكم المسلسل ما تشوفش,1,Tunisia
9513,mourou yè m3333333allim,1,Morocco
9514,Te3jebni,1,Algeria
9515,الكبير ديما يقعد كبير يا فوزي عندك ذوق في كل شيء أما لا زمك توسع بالك على خاطر موش إنت إخترت ضيوفك زينة ناقصها كان تولي تطلب,1,Tunisia
9516,بارشا أنوثة,1,Tunisia
9517,Mezyna tbarkala aliha,1,Tunisia
9518,ربي يعطيها ما تتمنى و بالحق هذاكا  حب كيف تلقى شكون واقف معاك,1,Tunisia
9519,Bogosa,1,Syria
9520,Bravo slah!,1,Tunisia
9521,Nchala rabi yhanikom mahlakom,1,Saudi Arabia
9522,Ekwa wa3z moumthla,1,Tunisia
9523,Raw3a bravo karim,1,Tunisia
9524,Bravooo,1,Iraq
9525,Rajel,1,Tunisia
9526,انت معلم يسكتو وأنت موجود ميقدرو يتكلمو وله معلم,1,Saudi Arabia
9527,محلاها.السمري,1,Tunisia
9528,rabi m3Ah,1,Tunisia
9529,Stoufa ya m3alem ou aghanik dima ya3mlou jaw,1,Tunisia
9530,ma7lahoum,1,Tunisia
9531,ثعلب عزوزة,1,Tunisia
9532,Bint M3alm bravo 👍,1,Qatar
9533,Bravo walid bravo barradti 3la 9albi,1,Tunisia
9534,m3alma,1,Yemen
9535,Mahlek watetek elebsa,1,Lebanon
9536,Hhhhh to9til bil dou7k hhhhhhh,1,Iraq
9537,جعفور انسان محترم,1,Yemen
9538,Bravoooo samir et bonne continuation ..👍👍👌👌,1,Morocco
9539,راجل !,1,Egypt
9540,3ssalllll,1,Lebanon
9541,Bravo hanen,1,Algeria
9542,Ma7lh el basma w da7ka el kolna awled bled,1,Egypt
9543,nour ya ma3llem,1,Morocco
9544,jalouli ya m3allem,1,Morocco
9545,معلم,1,Oman
9546,"Ya3tik essa7a ja3four 3jebtni barcha fil emision bklemek w jawek _x000D_
yhabloooo ��
روعة
Zouz ma7lahom ty ebkatherte mani mrakza em3ohom edou5a la3bet bia hhhhhh
مزالت البركة كرمكالله ❤
Brvoooooo:-O
تلقائية...
😍
Ma7leha
A7LA Couple
Wlh m3alm kol klma fi 7a9ha
بالحق برااااااافو ;-)",1,Tunisia
9547,tayaaara bravoooo,1,Morocco
9548,نور شيبة نور علا  راك وهرة,1,Tunisia
9549,يا ربي ايخليك لينا اما انت الوحيد من نوعك الي اتفرهدنا ربي معاك,1,Libya
9550,Bravo sami 7al9a 3ejbetni barcha,1,Tunisia
9551,Bardli 3ala 9albi :v,1,Morocco
9552,Hhhhhh 7lowa,1,Lebanon
9553,bravo,1,Morocco
9554,wa7dek ya ja3four :* :* :* :*,1,Tunisia
9555,عجبتني الحلقة,1,Algeria
9556,Baya zardiiii mahleek ye5iii mechyaaa w tes4ar??,1,Tunisia
9557,Tayara,1,Tunisia
9558,<3,1,Saudi Arabia
9559,ممثل رائع,1,Iraq
9560,mchallah 3lik rabi m3ak,1,Tunisia
9561,M3allemmmmmmmm,1,Lebanon
9562,برافو رحموني,1,Morocco
9563,A7la mahdouch,1,Morocco
9564,ممثلة طيارة و متمكنة تحياتي لاها,1,Algeria
9565,Raw3aaaaaa,1,Tunisia
9566,انا نحبووو خاطرو نيه و قلبو نضيف,1,Tunisia
9567,Bravo bravo bravo,1,Iraq
9568,Raouwaa,1,Tunisia
9569,Tbarkal 3alih,1,Lebanon
9570,Yeser ya3jebni harajel 9adechou metrobi w ya3ref ech yjeweb mech chleyek lotfi la3meri w chakib lmaset ili yestfazou fih zeyed yhoud,1,Syria
9571,a7la mra tounsiya,1,Tunisia
9572,متربي برشا و روحو خفيفة,1,Tunisia
9573,شبعه ضحك يعتيكم الصحة هههههههههه,1,Iraq
9574,السيدة الفاضلة محرزية انت فخر لنا و انشاالله كل سيدات البلدان الشرقية الاسلاميه يكونوا يخمموا كيفك و عندهم الطموح الي عندك و تونس مهما يصير تبقى ديما لباس هداه فيها مرا كيفك,1,Libya
9575,ممثلة تعجبني متثقفة و من أحسن الممثلات اللي يعجبوني :*,1,Tunisia
9576,Bravo bayrem,1,Lebanon
9577,"تي ماللخر راك انسان بوهالي تعمل في Buzz و بن علي ماهوش راجع ود""",0,Tunisia
9578,Nn mouch 7louwa faza,0,Morocco
9579,mabladkom 3bed tfouuuuh,0,Morocco
9580,تفووووووه عليك و علا والديك على عايلتك و على اصلك و على فصلك و على الي يعرفك و باش يعرفك و على الي مصوحبك و مجاورك و على معارفك و على الارض الي هازتك و على تونس الي قابلتك تفووووووووووووووووووه,0,Tunisia
9581,لا يليق بهذا البرنامج,0,Modern Standard Arabic
9582,رهدان,0,Lebanon
9583,b rjoulia stoufa to7t men3ini .......,0,Tunisia
9584,قردة بهيمة حمارة بغلة......... والمزيد الخ ابشع عفانة شفتها في حياتي لازم يقام عليها الحد,0,Saudi Arabia
9585,tozzzzzzzzzzzzzzzzzzzz fi 9anet el 7iwaer ettounssi 9anet eda3ara,0,Iraq
9586,شنوى هذا شنية هالمسخرة ؟؟؟؟؟؟؟؟؟؟؟؟,0,Tunisia
9587,مرا مخيب راسك يا هايشة,0,Palestine
9588,كلاب أولاد كلاب,0,Egypt
9589,تفو عليكم تعلموا في بناتكم الرخس وقلة التربية نورمالمون تعلموا بناتكم كيفاه يتصرفوا في المواقف هاذي بالطريقة الصحيحة مش تعلموا وحدة مخطوبة تعوم بالبيكيني مع خطيب اختها,0,Tunisia
9590,nari 3lik ya bledi ...._x000D_ Choft fik la3jayeb,0,Tunisia
9591,ملا هامل جبتوه,0,Tunisia
9592,Cha9noussa foug lezem,0,Morocco
9593,المسلسل لي تحكو عليه والله سمعت بيه كان من تعليقاتكم ههههه كفاش تتفرجو عليه و كفاش يطاوعكم قلبكم تشوفو هاذي التفهات.......  الله يهدي....,0,Algeria
9594,TAFHA W MASS5A,0,Lebanon
9595,اعلام الحجامة يل كلاب,0,Iraq
9596,مغروره,0,Oman
9597,خييييت يجيب الردان,0,Lebanon
9598,في رمضان يقولو يغيبو الشواطن اما تحضر قناة الحمار التونسي,0,Libya
9599,مقل حياه,0,Yemen
9600,Borjouleya Msatet L'émission Dima Politique Politique Offffff,0,Morocco
9601,يا همال ما زلتوا ما قلبتوش مناضركم ها الخمج,0,Libya
9602,حسني الله ونعم الوكيل فيكوم,0,Morocco
9603,مريض نفسي والناس لكل تكرهك يا مقداد يا تافه,0,Tunisia
9604,اما والله لقد صدق من قالها اعلام العار وستظلون اعلام العار,0,Libya
9605,هذا الشكل عار وعيب على تونس فتبا للديمقراطية التي أخرجت لنا هذه الأشكال,0,Algeria
9606,Malla clochard etfohhhhh,0,Lebanon
9607,إنسان منحط و مسخ و تاريخو سابقو مع قحاب المسرح اللي بعد ما تعطي و يطلعلها الدور المسرحي معفط تولي تبكي و تشكي ..الحاصل كي سيدي كي جوادو كيف البرنامج كيف ضيوفو ..تاريخ الدهماني عند حبوبة و صلاح مصباح وأش كليتي لوح يا براكة..و صحافي المجاري لطفي سواد رغم أنه في بعض الأحيان يقول كلمة في بلاصتها إلا أنه قواد و صحافي البلاط و شكون يدفع أكثر و معروف عنه أنه متحيل و لحبيب جغام مدفون في الإذاعة على نفس النسق من عهد بورقيبة و يزيد يفرض على الإذاعات الخاصة نفس البرمجة لوغة ناس بكري في ناس ليوم نصيحة مني حاول قدم و هات شيء جديد ومفيد خير من الوحلة اللي واحلها و سمير ديلو أحد لصوص النهضة كرشو و صلعتو كبرت و تقلبت الفيستة يا عفاط و التاريخ لن يرحمك و الترويكا و شيخكم شيخ الوبنة الخريجي و هاك المقدم الباسل و الأسئلة الوبنية الفكرية شنية المغزى من إنك تجيب تصويرة كاترين زيتا جونز لواحد ليبيدو و تسألو تقلو شنية تقول ..أنا نقلك جاب ربي ما جاوبكش إنها تفكرو في أمك .. لستم أهل للحرية و إعلامكم عاهر و داعر و لستم أهل للحرية يليق بكم جائزة أعطي صرمك و هز ساقيك نعملك برنامج ليك .. كادوريم قزمت روحك بحضورك في برامج جايبينك باش ت...,0,Tunisia
9608,"مثقف بودورو . ممثل فاشل راك مقزز""",0,Algeria
9609,masse5,0,Syria
9610,KARIM MASTE BARCHAAAAAAAAAAAAAA,0,Syria
9611,امصاطة انشاء الله تتسكر هالقناة,0,Syria
9612,Maset,0,Tunisia
9613,tfuuuuuuuuuuuuh puuuuuute,0,Algeria
9614,baslin,0,Syria
9615,Tahh mn 3ini,0,Yemen
9616,تافه,0,Palestine
9617,هكذا تنكّرت حركة النهضة لمناضليها...سحقًا لغلافاتكم الحقيرة...,0,Algeria
9618,Cha3b tafeh,0,Tunisia
9619,طاحون,0,Syria
9620,"تقول فرخ صغير 
Ytmanikou  3al  nes   mamstou  hadak  temthil
جاهل و مفسد شبيبه
mala maset i7eb yestabandi besiffff
5ayeb
مساط بفف_x000D_",0,Tunisia
9621,Masta lasta,0,Morocco
9622,Ya mo9ded ma5yeb mandhrek Ken mchit 3malet 7ajja khir,0,Tunisia
9623,تافه كي عاتو...ماهوش متربي,0,Tunisia
9624,3ahra w ta7an,0,Qatar
9625,Masta,0,Lebanon
9626,قداكش فاشل يا مقداد و ماك فاهم منها شيؤ,0,Libya
9627,amsset rajol f tari5 elbachariya,0,Syria
9628,yezzi bla dharbane lougha rana t3ebna rak 7aj ya 7aj hhhh,0,Tunisia
9629,شعب تافه و ساذج  و قناة تافهه,0,Libya
9630,Barch msata w3yaha,0,Morocco
9631,ممسطكم يا زبيييييييييييييييي,0,Lebanon
9632,ضيوف ماسطين و كمل معاهم نوفل بففففففففففففف,0,Libya
9633,Brabi yeziiiii mlkedheb,0,Iraq
9634,ما امصط من ماصطا لاصطا كان خالد شوكات اما هاو طلع مناضل كبير ورجل المواقف الصعبة اما خسارة مبقالوا في الالقاب كان الحرباء,0,Tunisia
9635,Amset menou meritch,0,Morocco
9636,mamsto,0,Syria
9637,صفر مستواك صفرررررررر,0,Saudi Arabia
9638,oooooooh naoufel mamstou,0,Syria
9639,mella kertha,0,Morocco
9640,blid barcha :p,0,Tunisia
9641,da3ara,0,Morocco
9642,Billehi hak elkalb nour chiba tfouh 3lik w 3la ekalb likbir neji jalloul,0,Tunisia
9643,Tfouh,0,Lebanon
9644,Masta mafamech kifha hasba rou7ha franc wenos whiya matjich Chay,0,Lebanon
9645,Massta lassta !!!!,0,Morocco
9646,اخييييييييييت ممسطها تمثيلها مشا مع السبوعي الله يرحم,0,Morocco
9647,Meskina,0,Morocco
9648,maset chway,0,Tunisia
9649,خوانجي ولد كلب,0,Tunisia
9650,Masta mela drama  fi 7alka loula  pfff,0,Tunisia
9651,7asbi Allah wa ne3ma elwakil,0,Morocco
9652,ما نتفرجوش في ها الصنطوعة التافهة اخبارها الكل تاخذ فيها من الفايسنوك,0,Libya
9653,خرامسط,0,Tunisia
9654,تفوووووو,0,Morocco
9655,Ti bari raw7i,0,Tunisia
9656,بفففف مرزن مليكتو,0,Morocco
9657,طحان,0,Iraq
9658,عزيزة بولبيار حايرة في عجب ربي درويش ومصطك _x000D_,0,Tunisia
9659,bhim barcha damo rzin,0,Morocco
9660,قداش طحانة في هالبلاد,0,Tunisia
9661,Malla jarbou3 barra mout,0,Morocco
9662,jbri mal mstw 3melt l3ar,0,Morocco
9663,حت البهيم جنب البهيم ياما يعلمه الشهيق او النهيق,0,Yemen
9664,tfouh alikom hhhhhhhhhhhhh,0,Yemen
9665,أنت يا طاهر بن حسين حمار حيحا حيحا نقص من نهيق موش بهيلك,0,Tunisia
9666,انسان جاهل و متخلف و من ابرز هيواياتوالتلحيس و هزان الطحين وزيد عندو الوبنى في قفلة الصباط نلوم عليكم انتم جايبين واحد رخيص و خامج كيفوا,0,Tunisia
9667,خردة ڨديمة ههه,0,Tunisia
9668,brabi barou lahsou baiid alina nokba morda tjrs les mm sujets pfff,0,Tunisia
9669,ماسط لاسط,0,Tunisia
9670,لاأدعو إلى مقاطعة هاته القناة فقط إنما جميع قنواتنا فيها نفس السموم من إشاعة الفاحشة و الرذيلة والإلحاد والكفر في بعض الأحيان فاتقوا الله في دينكم وإولادكم وأزواجكم وأمهاتكم . أيعقل من مسلم أن يترك هاته السموم في منزله ؟؟ والله الذي لا إله إلا هو سيسأل كل منا  .أسأل الله الهداية لي ولكم,0,Modern Standard Arabic
9671,damha rzin,0,Tunisia
9672,رخص,0,Lebanon
9673,mamstoooooo lotfi,0,Syria
9674,La8maj,0,Lebanon
9675,برشا قلت حي يامسخ هذا شي تعدي فيه في رمضان يافاسد يافاسق,0,Tunisia
9676,Nekeraha fi ill mosalesal awlede moufida akahaw,0,Lebanon
9677,يا توفيق انتي ممثل أش مدخلك تحكي في سياسة حاجه ماتفهمهش,0,Libya
9678,maset laset mafemech monachtin ye5i offff,0,Yemen
9679,ماسط ماسط ماسط ماسط مااااااااااااااااااااااسط أكبر ممثل فاشل في تونس,0,Egypt
9680,منحط اخلاقيا غلطه من اغلاط ثورة البهامة,0,Iraq
9681,Tfouh 3alik ya wati,0,Tunisia
9682,يا لطفي راك غالط في روحك برشة حاسب روحك تعرف كل شيئ وإنت ما تعرف شيء لاعبها ممثل كان مشيت بعت الزطلة خيرلك تصلح بيك,0,Tunisia
9683,مستوى منحط,0,Saudi Arabia
9684,مستوى متدني يدل على مستوى صاحبه,0,Saudi Arabia
9685,ماسط لاسط,0,Tunisia
9686,ملا بغل .ناقصو ذيل ويقول حو,0,Tunisia
9687,ouuuuufffff iji kol chay ken fannene,0,Syria
9688,ma5yeb wejhek,0,Morocco
9689,Ma5ybou w marzin 3osou pfff,0,Lebanon
9690,ثعلب ومعاها ضب,0,Saudi Arabia
9691,Kadheb,0,Lebanon
9692,Mamstek w ta7en yeser la chleka esouri e5555it alik,0,Tunisia
9693,Mahboula wzagrtoulha fi withnha,0,Syria
9694,سلام مسيو خطير جدا على المشاعر,0,Oman
9695,ملا شلاكه ...تفوووه,0,Tunisia
9696,😤😤😤😤 ملا هم اووووووف,0,Tunisia
9697,tfouuuuh,0,Algeria
9698,اعنة,0,Iraq
9699,Ye wekyeti mamstek ou mamste egnek ti aleh hak,0,Tunisia
9700,الفشل بحول الله كالعادة,0,Saudi Arabia
9701,السلسلة فضيحة و 0 ضمار و فاها 60 الف عيب,0,Jordan
9702,Ka7ba,0,Lebanon
9703,5ayba bsaraha,0,Lebanon
9704,نوفل الميبون... قناه الطحين... يعديو كان في القحبه واختها.. مقطعين ليها زكها في مصر,0,Libya
9705,طحانة,0,Tunisia
9706,Chlaka,0,Algeria
9707,nuulll sayi yazziiiii sne akhwa badlou masssssssttttttttttttttttttaaaaaaaaaaa,0,Iraq
9708,mouch mitrobi,0,Morocco
9709,يعععععع ملا مساطة هابطه منو كان مشيت خدمة فالفلاحة خيرلك تو تتعلم الرجولية,0,Tunisia
9710,"الناس لكل خليقة ربي و الي يحب يضحك ما يتعداش على اعراض الناس!!""",0,Tunisia
9711,mela bhima!!,0,Morocco
9712,yser mjoudra w mouch 5arej 3liha idawer,0,Tunisia
9713,masta lasta,0,Yemen
9714,Mamstouuuu,0,Morocco
9715,أنت عنوان المساطة,0,Libya
9716,masééét masééét masééééééét maséééééééééééééééttttttttt,0,Algeria
9717,شارفة و مطيحة تعاند في الصغار هذا هو العهر,0,Tunisia
9718,رقاص و مش متربي. فنان قلوو تقعد وهف. ملا حثالة,0,Tunisia
9719,شعب كرمبيط و كي هو كي لطفي بكلهم شلايك و الفلوس عماتهم,0,Tunisia
9720,masta,0,Oman
9721,اكبر طحان واكبر ساقط هو القاضي مهوش متربي وبايوع كيف جدو الرحموني امتاع تالة كان يمسح في صبااط المرزوقي اتفوه علي مستوا السراح وينك يا بن علي التلفزة ولت مرقصة بالطحانة,0,Libya
9722,مايعجبنيش تمثيلو ياسر مبالغة في لكلام,0,Tunisia
9723,Tfouh ala din waldik ya farkh kabboul,0,Syria
9724,هي ممثلة العهر في قناة الدعارة الاعلامية .....,0,Libya
9725,الله يفضحكم كيما فضحتونا,0,Tunisia
9726,رزين و ماسط اكثر من نهار الاثنين,0,Tunisia
9727,خييييييييييييت.....,0,Lebanon
9728,ماسط لاسط..عاد نوفل الفرطاس خير منو بااارشا,0,Tunisia
9729,تفوه عليك راك عملت الريحة,0,Algeria
9730,Mo9ded fechel ama men 7a9 lol tounsi ydef3 3a l5le9,0,Tunisia
9731,ya s7aybi mamsto,0,Syria
9732,w barcha fssééd tfffiih aalik,0,Morocco
9733,البلادة فن وهو يتقن هذا الفن,0,Tunisia
9734,تفاهة وقلة حياء,0,Saudi Arabia
9735,9liiiil torbyaaa maseeeeeet maset maset,0,Morocco
9736,Amsset mel mssaaata meli ritou hwa badalt el 9anet,0,Lebanon
9737,من على الشابي لأمين قارة:قناة الحوار تحب  تزلزل الأسرة و تبث الرذيلة و الفاحشة في أولادنا,0,Tunisia
9738,مااااسط,0,Saudi Arabia
9739,kleeb,0,Jordan
9740,maaaaaaaaaaaaaaaaaaaaaaaaaaaaaset laaaaaaaaaaaaaaaaaaaaaasssssset !!,0,Tunisia
9741,يا طحان تفووووووووه,0,Tunisia
9742,الجرأة  في العراء و الغناء الماسط و المنحط( رغم أني لم و لن أرى الكليب) هي جرأة فاسدة و انحطاط أخلاقي و سفاسف و رذالة,0,Sudan
9743,تعفيطة الكلب هذا,0,Iraq
9744,Masta 3l le5er 😒👎😑,0,Lebanon
9745,كلب وإبن ستين كلب,0,Syria
9746,wlh fdhaya7 wlh ma5ybek ma5ybek ma5ybek wlh  ya mohamed jbeli ta7 9adrek wta7et 9imtek .wvrmt to7et men 3ini 5it 3lik wlh,0,Iraq
9747,masta kifik,0,Morocco
9748,T7isou tefih,0,Morocco
9749,7al9a masta,0,Morocco
9750,chakib masit masit Masit Masit Masit Masit Masit Masit Masit Masit Masit Masit Masit Masit Masit Masit Masit Masit Masit Masit Masit Masit Masit Masit Masit Masit Masit Masit Masit Masit Masit Masit Masit Masit Masit Masit Masit Masit Masit Masit Masit Masit Masit Masit Masit Masit Masit Masit Masit Masit Masit Masit Masit Masit Masit Masit Masit Masit Masit Masit Masit Masit Masit Masit Masit Masit Masit Masit Masit Masit Masit Masit Masit Masit Masit Masit Masit Masit Masit Masit Masit Masit Masit Masit Masit Masit Masit Masit Masit Masit Masit Masit Masit Masit Masit Masit Masit Masit Masit Masit Masit Masit Masit Masit Masit Masit Masit Masit Masit Masit Masit Masit Masit Masit Masit Masit Masit Masit,0,Tunisia
9751,يا فساد يا خماج يا وجوه لوووووح,0,Libya
9752,Hhhhhhh mala  twansa mabladhom,0,Lebanon
9753,لعنة الله عليك يا مسخ تفوووووووووه على وجهك المسود,0,Algeria
9754,ala latrab7ek ya sami fehri,0,Syria
9755,barcha 9elet torbiya w wsa5,0,Lebanon
9756,كبشلنا في عفشة و خايبة تقول هوا طومكروز بففف_x000D_,0,Tunisia
9757,Hethika tji kol chay ken momathla tsa5ef,0,Tunisia
9758,للسخافة  عنوان و للعاهراة مثال,0,Algeria
9759,bey5a,0,Egypt
9760,لعنت الله عليك مكش متربي...تفوه عليك,0,Tunisia
9761,Awlad el kalba,0,Egypt
9762,tfouuuuuuuuuh,0,Algeria
9763,أنت بالذات كلمة وحدة تكفيك اخييييييييت,0,Yemen
9764,وجيهة الجندوبي هي سبب فشل نسيبتي العزيزة,0,Libya
9765,غطي شعرك وهو عامل كي العبيثة واحترم شيبات الشيخ راهو فيسع يسخن,0,Tunisia
9766,مقاطعة قناة الفساد القناة الأولى في الخراب الأخلاقي في البلاد العربية فسحق لكل من ساهم في بعثها,0,Algeria
9767,سي عبد الفتاح ما يقبلش النقد و يحكي بصوت عالي تقول في قهوة,0,Tunisia
9768,برشا مصاطة يا سي البهيم الواحد يتفرج معا دارهم راو,0,Tunisia
9769,Malla rhat,0,Tunisia
9770,welahi lahou metrebi we kima 9al howa il fom il 7arek ... tiiiiiiiiiiiit n7eb na3ref za3ma omou ta3ref il be9i we ken mata3refech isel o5tek,0,Tunisia
9771,الغنوشي اكبر ثعلب جاء وماجبش خير للبلاد جاب معاه الحقد والخمج الله ينتقم منهم,0,Tunisia
9772,اكبر زلاط وجبري فنان منين ؟ بربي فهموني,0,Tunisia
9773,عديم الأخلام و كذاب حتى لكلام إلي تقول فيه حافظينو ،يا مريض,0,Tunisia
9774,wallahi 3ib eli ta3melou fih zouze erjel edahkou fil ness 3alikom malla torbiya 3anna wallat fi tounnes la techedha la mel metakef walla mel mowaten el 3adi wallahi chay assef,0,Tunisia
9775,bal3out,0,Syria
9776,Marra hethi hasetha masta o moch waktha kderha kima lezem,0,Morocco
9777,يحكي على الجهل و هو اكبر جاهل و منافق,0,Tunisia
9778,كي سيدي كي جوادو السياسيين الكل قلال الحياء.,0,Tunisia
9779,tfouhe 3likeme hakasidkoume ya klabe etajamou3e,0,Tunisia
9780,ما عجبتنيش,0,Libya
9781,pffffff mamsatha ye5ii mete7chemich te3mel hekeke walah chey ybahet  malla wa9a7a O.o,0,Iraq
9782,Masat,0,Egypt
9783,هههههه ما هذا يا أبله pfff😧,0,Modern Standard Arabic
9784,#mamstouuuuuuuu,0,Algeria
9785,Tfouh alik ya masa5 echib w l3i🔫🔫🔫x-(x-(👎👎👎,0,Tunisia
9786,عادي مش أول مرة تتقال كلمة بزولة في قناة حوار الدعارة قالتها قبل وحدة هوينه مسترجلة ومرتين في البرنامج هذا اما مع راس البصل كان تتذكرو,0,Libya
9787,منحط و تافه اخخه,0,Egypt
9788,Monafe9,0,Lebanon
9789,Chirrira,0,Morocco
9790,Kelb ben kelb,0,Syria
9791,mamsettt,0,Syria
9792,يعطيكم كارثة ياكلاب ياهمال يامرتزقة يافجار,0,Algeria
9793,Mastt mastt mastt alech tjibou fih mouch mt3talfza,0,Tunisia
9794,Katheb,0,Lebanon
9795,9athi emasa5,0,Yemen
9796,braby fok 3lina chnoua hétha chnoua hal5onar s9ayéf ach yhémna fy bouha ou omha ou 3arch waldeha ty chay y9azez fi hal barnamej ty sakarli el barnamej si sami taw 3ajbik hanadaba,0,Tunisia
9797,شعب تونس معروف بالنفاق و قلبان الفيسة,0,Tunisia
9798,اش كرهناهم ها السياسيين ما عندهم كان الكذب,0,Syria
9799,ليس بفنان و لا مثقف... كلوشار و موش راجل... من لخّر أمسط ما فمّا في هالبلاد...,0,Tunisia
9800,تفووووه في بلاد الترانني نافق او وافق,0,Tunisia
9801,lé fal7in lé fi ghna lé fi koura lé fi syassa wa lé fi dynn !!! :(,0,Tunisia
9802,يا خويا ما امصتكم وما اركم وقبح الله وجوهكم فردا فردا وعلى راسكم سامي العهري باعث القناة,0,Iraq
9803,raki masta raki sel3a matchyakche rasta,0,Tunisia
9804,ناقصين عبابيث اعظم ملي عندنا,0,Iraq
9805,امصط (كمودي) واكبر طحان ومسخ,0,Iraq
9806,مل سلعة...,0,Tunisia
9807,Yeser maaaaaset,0,Morocco
9808,تو هذا راجل؟ تو هذا بني ادم!!!! يا ربي ارزقنا هجة من هل البلاد يا ربي,0,Tunisia
9809,Tfouuuhhh 3liiiha wa3la mandharhaa خيييييييت قداش صفرررررر و تافهة و انت متمثلش المراااا التونسية 😠😠😠😠,0,Tunisia
9810,مقداد السهيلي اغرب من الخيال تهو اكبر منافق تقولش عليه هو عبد الحليم في زمانو تافه مايستاهلش باش اكون نقيب,0,Tunisia
9811,wallahi 3ib eli ta3melou fih zouze erjel edahkou fil ness 3alikom malla torbiya 3anna wallat fi tounnes la techedha la mel metakef walla mel mowaten el 3adi wallahi chay assef,0,Tunisia
9812,ثعلوبة خرجت من الحفرة متاعها,0,Tunisia
9813,لطفي كمل إخدم على روحك <3,0,Syria
9814,اني قابسي و ما نتشرفش بيه جرذ كيف هذا و ما يشرف حتى قابسي و ما يشرفش قابس يعمل في succès على حساب العباد يجبد في العجرودي تي منين تعرفه العجرودي راك عملت العار ليبيا تستنا فيك,0,Tunisia
9815,Rak masita rak lasita,0,Morocco
9816,"شوكات انا اشك في انك تونسي _x000D_
مخيبها الفازه عالللخر
Tfouh 3a lemarek
Msatet
حسبي اللّه و نعمة الوكيل فيكم هذا شخص عار و كذلك قناة الحوار التونسي
قناة الماخور التونسي تعمل لضرب الهوية الوطنية، في ذكرى يوم الارض يستضيفوا يهودي، لا حول ولا قوة الا بالله.
ملا مساطة
Mella 9ellet torbia 😠
Oh mala mostewe mon7at hetha yejbed fi omou w hetha y3akilou 3la bouh ou memetou mala 7ala
Haka chakib maye3jbou chay ken 5hli9tou
ناجي بهلول.. وزير التربية ناقص تربية.. برنامجو الإصلاحي. . كافون لجماعة الابتدائي.. و قطوس منال عمارة للثانوي و سارة جاي للجامعي.. _x000D_.
Mabslek
msatik
hh tekber w tansa
زنوس مڨلبة
شيب و العيب والله كنت نحبو أما خسارة ما أقل حياه
والله محقهمش يجيبوهم في التلفزة عيب كبير اللواط ولى حرية شخصية قد ما تعيش تتعلم
hhhhhhhhhh cv moch mast
مسلسل تافه  وبعيد على الواقع و الممثلين الي فيه في المسلسل صيودا ويفلمو و البرا جبناء و موبن و اولهم صاحب القناة الفهري ....ولتوا متفرجتش فيه و متحلش في الدار ..شويا الو جدة وبعد نسيبتي لعزيزة و مبعدو ورد وشويا كورة و ترويح  و مبعد سهرية .......
ماكش متربيي مستوي منحت.
Ya 5ouya mamstek w marznek pfffffff mat9el damk
Masst i3ayef
yesser tefeh w masset
الله لتربحهم
mala e7tiram w mala torbia  yseb fi wzir fi wejho
kaleb we met7azeb
ماسطة لاسطة
Chy yhashim
Ma5ybek walah
ملا مستويات منحطة !!!!
Mathil 5maj malla nes
#كلاب  خليهم ياكلو بعضهم شمدخلنا فيهم أحنا
يلحس و قفف و حاول يتقرب لطفي العبدلي يا ولدي راك ماسط
Bsara7a ma3ejbetnich ma5iebha mesmema ejdod ka3ba lė 3al 7it
فريال قحبة
برجوليا معادش عندو نكهة دليلك ملك يا حسرة
wa7da 5amja kif bouha wo omha jaybinne mass5a5dmettha t3arri bzzazelha wo chkoune y7eb yrkeb tfouh ...........
Ta7an kbire
ياسر ماسط -_-
مريض
ماسط لاسط و قفاف و الطحين يجري في دمو -_-
و الله عيب و الله عيب ههه خخخخ
برا واحد يمشي يرقد خييييير",0,Tunisia
9817,أمسط منشط شفتو في حياتي،,0,Tunisia
9818,Mas9etou bayrem,0,Morocco
9819,تافهة بأتم معنى الكلمة,0,Egypt
9820,"توفيق الغربي عطاتو الدنيا و عطاتو قناة الحمار التونسي باش يطلع و يلعبهالنا بطل و مناضل .....
amman marzanha brabi gal3ouha ammmmmmman
ممسط ومبلدك وهف يلمك جمهووور يحب يقلك تڨعدي يااا حنانة --' يااا عيشة
Lkoullhoum 5oummmmmmmmeeeeeeejjjjjjjjjj
شكيب عاطي للذل كارو قدام روني .. كم انت تافه
tfouh 3likom
التفاهة والسفالة بعينها والحق فلي مستدعيه
كان زاد شهر في كرش امو رهو هبط خرية .. ممسطو :)
ابو الركاكه و البلاده 
T Brabi na7iwa7 Hal 9erd mamsto sad9ouni kif yebda yetkalam nbadel chaîne o5ra
maset laset
مستوى منحط
كعبة لا
عبد الحميد الشيب و العيب كرمك الله اه  ها  الشيخ تحيفة (  في سهرية تتقال بزازل موش ف تلفزة )
9ohb m3izz
3aaaaaaaaaaaaaaaaaaaaaaaaar
ماااااااااسط ماااااااااسط
wlh chay ya3ml l3aaar wlh w howa yahki 3ala dostour w .... Ti hatha aslan ma3andouch l7a9 yetkalem  w chay hatha 7araaam raho ! Jaybino yahki  ti normalment hatha direct lechane9 wlh
mala kird ya wijh el fokma
متصورتكش امسخ لدرجة هاذي يا نا تن يا حقودي لعنة الله عليك وعلي اخلاقك الف مرة
Mala mahzla
fashel aale5er
Maasit
انا و الله لا يعجبني لا قبل لا توا و منيش عارف شكون سماه كوميدي  و زيد ميعرفش يحكي رك غلط الي قالك رك ضامر و متكلماني يا سي توفيق
mouch motrabi rached
Mala 5ored
هذا نتاج تربية الراقصة العاهرة سعاد محاسن برا يلعن بوك وبو خوك وبو سعاد وبو لمين معاك عائلة زبالة
العيب مش في شيخ تحيفة العيب في مقدم البرنامج نورمالمون مايساءلوش سؤال كيما هذا ويقولو فسرلي أما بالنسبة للتمثيل فهو مبدع وماصاب يعودلنا المسلسل خطاب علي الباب مسلسل عمرو ما يتنسى
 Pfffff romdhan la yrabhek ye5i a7na haka n3ichou fi tunis ????????",0,Tunisia
9821,5aybaa bsara7sa,0,Morocco
9822,masettt lasettt,0,Modern Standard Arabic
9823,T3ayef 5it 3la halmandar ma5yebha tes5ayed rouha hlouwa tfih 3liha😈😈😈😈😈👹👹👹👹👺👺,0,Tunisia
9824,malla 9anet  tathir !!  hedha mosalsal !! bar w chrab 7acha ha chhar w 9ellet 7ié w da3ara...wchnowa hedha !! wil  ghriba tal9a chkoun y9ollek normal w ma fih chay hal mosalsal.....!! chay ybahhem ..lvirus tghalghel fina ...lmoubi9at w etrahdin w ay 7aja 7ram wallina nestashlouha ....malla coulira  dharbet hal bled..,0,Tunisia
9825,mamstou,0,Syria
9826,تفوه ملا أشكال,0,Tunisia
9827,هذا كافر و الي دافع عليه كافر و بالحرام كان نتيح بواحد منهم الا ما نقتلو والبريما عرض,0,Tunisia
9828,ديما تمثل دور العاهرة .. حتى هو يخرج عليها,0,Algeria
9829,Dhaher masta.5atr mafih kan kmastin,0,Yemen
9830,رااك ماسط راااك لاسط .,0,Algeria
9831,Mabslou w mabldou w 9addech thamer w la3eb feha yefhem fi kol chay w weld errbat.na3mbou halfsala yammimti mabslou.sakroulou fommou pfffffffffffffffffffffffffffffffffffffffffff.go fuck ur self go fuck your self go fuck your self. Ya jarbou3 marznek n7eb narka7 fih belmochta w bel kaf .yammasa5 ya wej ellou7 3omrek makont fannen 7a99ek te5dem fi parking walla fel belvidaire cloon tfiiiiiiiiih 3lik,0,Tunisia
9832,أنت عار على المرأة التونسية,0,Oman
9833,Mokrza barcha hanen,0,Tunisia
9834,هدا هو سبب الفساد اللهم اجرنا من النار,0,Libya
9835,ممسطو ومرمزوً,0,Morocco
9836,ta7an w miboun,0,Tunisia
9837,tafhiin....,0,Tunisia
9838,عار جديد و فضيحة جديدة الله يفضحك يا علا..جيب حكاية نضيفة لازم توريو للعالم الي توانسة زبالة??,0,Tunisia
9839,ya3tihhh 9asa fi cha3rou m5ybou,0,Morocco
9840,بصراحة عمل سخيف جدا لا يستحق الفرجة,0,Saudi Arabia
9841,أمسط منه في تونس ما شفتش وهو ماشي في بالو يضحك,0,Libya
9842,Tefah Aslan mayjich moumathal 9adeh ta7 9adrou tamthil,0,Yemen
9843,حط برشلونة خاسرة في بلادهاا بهييم هههههههههه,0,Tunisia
9844,مستويات منحطة كي سيدي ك جوادو,0,Iraq
9845,"ماسط لاسط.مصطك.بهيم.تافه.جاهل.حاقد.خايب.منحط.حقير..............._x000D_
Nakrhouuuuuu 'la manta9 la chay 'mafhemtech kifech  ne9iiib
يا سي مهدي كلامك نعرفوه اما بربي المره الجاية جيب الجديد رانا فدينة من تسخين الباية البلاد هززها الواد و السياسين يقولو العام صابة
La7ass
قناة الماخور التونسي كل اسبوع تتحفنا ببعض العاهرات هذي القناة رمضان عامناول جايبين مسلسلات فاهم شراب وزنى فرمضان ، ضحكتو علينا لاجانب يلعمبوكم وبو زبورامكم وبو ثوره لجابتكم لينا عاطي ربي تتسكر لقناة هذه واك الفهري الميبون راو فل حبس تلعن زكم عاري ولابس كان انتم اعلام
Karim yeser maset mey3refch imathel 0000
ملا هامل جبتوه
مسكينة وفالها المال وقعدلها الهبال
Barcha klab
ماسط لاسط وكيف يتكلم تقول حاطط في فمو فردة كلاسط بتعاليقو الناتنة
قمة الإستفزاز و النذالة في هالبلاد إنو في برنامج في تلفزة كيما التونسية يجيبو واحد طحان متع بن علي و يحب يرجع الطحانة إلي كيفو في وقت إلي الناس ماتت في الثورة و قبلها و بعدها لأجل الحرية و الكرامة و الشغل و الخبز هذه كانت شعاراتنا و في نفس الوقت المضربين عن  الطعام في الجامعات و إضرابات المعطلين عن العمل  عيب كبير و إستفزاز لشعب كامل _x000D_",0,Tunisia
9846,مخيبكم,0,Iraq
9847,Ma3jebnich jemlaza,0,Lebanon
9848,Maset laset karim,0,Morocco
9849,Borjoliya akthir w akbir 3ala 3al fan w tha9afa fi Tunis mamistouuuuuuu a3333333,0,Tunisia
9850,mamstou,0,Syria
9851,Poulisiya klaaab,0,Lebanon
9852,bkol bassata mast last,0,Lebanon
9853,Maaaassett,0,Morocco
9854,Chleka w m3a99ad w i9azziz w taya7 9dar l émission,0,Tunisia
9855,مسلسل موبنة و طحانة باهي للقحاب و عطايا و نياكة و المهرجين و الي بلاش مبادئ و ووو شعب ميبون رخيص ساقط بُيوع نذل كلب نياك و يستاهل الي يحكمو فيه و يستاهلو سيدي الشيخ و اكثر من هكة,0,Tunisia
9856,#Mounef9in,0,Lebanon
9857,ماسط,0,Tunisia
9858,rabi ydamerkom nchalla,0,Saudi Arabia
9859,ya benti raki maaaaaaaaaaasta w 3malti elfadh7 pffffffffffffffffff,0,Tunisia
9860,عليكم العنة,0,Tunisia
9861,راجل كبير وفاة فلوسو,0,Tunisia
9862,Oui barcha nife9,0,Morocco
9863,Pfffff yeser yfaded,0,Yemen
9864,شلة امتاع قحاب و موبنة,0,Libya
9865,نهار كامل و هوى يتسردك علينا هذا -_-,0,Tunisia
9866,Hatha 9lil 7yaa mouch mitribi jimla lmafrouth waldih y3awdou yrabouh min jdide ech nakrho wa marzin damo,0,Iraq
9867,والله شيء يركب السكر جايبينو باش تمرضونا ياخي,0,Tunisia
9868,Lokza ya saaaaahbi,0,Morocco
9869,Mala efdhey7  Rabi yahdi.🚯,0,Egypt
9870,زينه القصرينيه ربي يتوب عليه لطفي الخماري وهف يهزك و المنشط موش متربي,0,Tunisia
9871,أحترماتي,0,Egypt
9872,تافه و منحط ملا شلاكة جايبنو توا هذا يضحك!!!!! ما مسخفيني كان المساجين الحبس و زيد هالفوgيرة الماسطة,0,Tunisia
9873,ميزالت البركة يا شيخ تحيفة لبلاد داخلة في حيت و انتي تلعب معا k2rim   في براد. ..فايد 😯لا حول و لا قوة إلا بالله .وشوفو آش يحكي لعنة الله عليه يا شيخ عندك بناتك 😡عيب عليك و تفوه علي جابك,0,Tunisia
9874,Dawrha maajebnich,0,Lebanon
9875,بربي مالقيتوا باش اتمسطوا البرنامج كان بهاك الخاري,0,Tunisia
9876,بجااااه ربي معادش تجيبوه  سنبل آغا عار على تونس مقداد تفيه عليك,0,Tunisia
9877,يفكرني ببرشا رهوط تبيض في الإرهاب,0,Tunisia
9878,Masssstaaaaaa,0,Morocco
9879,ممصطوا ومقل ربايتو والحق موش فيه الحق فلي جابو خسارة فرعس مسار الحلقة ومسطها,0,Tunisia
9880,Malla fthaya7 ani 9e3id netfarraj i3lem l3ar !,0,Tunisia
9881,عيب عليك الراجل  كعبة لا ثقافة و أنت زدت فرشتوا هههه . كان زدت شوية راهو ولا ظارب و مظروب و الهيكا بطبيعتها تتسبل تكمل تسكر كلام الناس و السبب عدم أحترام الضيف .,0,Tunisia
9882,masa7ech mata3rach tsou9 hh <3,0,Morocco
9883,kleb,0,Iraq
9884,لعنة الله عليه ما اقل حياه خييييت ملا مستويات,0,Tunisia
9885,Bsara7a sami henen ma 3ejbetnich yaser masta eza7 kif tji nbedel tv,0,Tunisia
9886,تافهة وسطية وبالخصوص كي تضحك سنيها كبار وخايبين وزيد تتصنع وموش مواتيها :/,0,Tunisia
9887,Ma5yebha lvaza walh mchat sabet Saba,0,Lebanon
9888,Bsaraha Eni mati3jibnich :/ :/,0,Algeria
9889,ma fhemtech ena fi kol barnemej i3aytoulou mazel ken nachra jawiya pffffff yasseeer kabartoulou rasou,0,Tunisia
9890,اكبر قحبة عرفها التاريخ مخيب منظرك يعيف زبالة بر صون شرفك واحفظ عرضك خير يا قحبة هههه,0,Yemen
9891,فضحتونا مع العايلة يعتكم فضحة,0,Tunisia
9892,Masetin lkol 😠,0,Lebanon
9893,تبقى الاسود أسود و الكلاب كلاب...والفاهم يفهم,0,Algeria
9894,مسكينة تونس ملي ضهرو هالوجوه مشات ملاتساكر هلكونا صغيراتنا الله لتربحكم,0,Morocco
9895,Mamstouuuuuuu w marakouuuu,0,Morocco
9896,Tfouhhhh 3lik ye5amej yemasa5😡,0,Yemen
9897,القاضى هذا مشكوك فيه فى تبييض التعذيب فى السجون,0,Egypt
9898,brjouliya 3ib wallet fi tlefezna ha rhout tetkelem brabi e7tarmou el 3aylet chwaya ena el bare7 na3ref eni barcha 3aylet tfar9et eli hetha chad chambre mta3ou yezou rakom 3maltou el 3ar raw 7ram eli ta3mlou fih 3ar 3likom koun tkalemtou fil 9athaya echa3eb ess7i7a 5er tfooooouuuuuuuuuuuuuuuuuuuuh,0,Tunisia
9899,"جبالك الرواسي...
allah yostornaaaaa fazdouna chbabna ha le5maj w lkoooolhom pffffffff
زعيم اللحاسة هو و ابنه
كم انت تافه يا توفيق العساس يا شايب لحاس ويا سفساف يا ماسط يالاسط يا بوال
والله غريبة  بربي يا سامي الفهري هو الشيطان الرجيم يتسلسل في رمضان ويتحبس في أسفل النار وانتي عام و12شهر متتعبش ما تحترمش عام كامل فسدت عايلاتنا لبرنامجك التافهة خلية العالم الكل يأخذ فكرة على تونس بلاد الدعارة والدروغ... وتوا حتى في شهر الفضيل تتحفنا كالعادة باخلاقك المنحطة اتقي الله
العيب موش فيه العيب فلي جايبوا ساعات الدنيا تظحك لواحد وهو يطلع على مراد الله
فاشل
Ma5eybouu byremm
L7as enahdha
rak maseta lazem et4aniha 3alik
امسط منو مراتتش عينى
ههههههههههههههه زيدي ترهدني يا يمينة
انسان منحط ... مسخ ...
maset w mlayektou rzina, fi tv, hadha eli na9es, izid 3ad ijina mara o5ra,wfet tunis men les animateurs,?!! el 9asm 3la rabi menou,mechefech rou7ou kif yadh7ak, chet radio w arka7? ......
لعنة الله عليكم يا كلاب
تافه،ومنافق
Wzir lhena wrgoud jabbena..
Masssset
معقد كبير... امين و مصباح و شكيب؟ هذا كم من المساطة
Masettt
كلاب البوليسية وقتاش باش تعملوا عليهم ثورة؟؟؟؟؟
ya masa5 wlh lak rajel
بصراحة نكرهك :-)
وزير تربية موش متربي و أفصل ..
ennah9a essore9 el irhabiiyin ....................
فاشلة تجي كل شي كان ممثلة لا
انت وياه زوز كلاب في سلسلة
Majeet chay
Yeser zebla
لعنة الله عليك و عليه ...زايد شعب لحاس
Walahi rabi yehdikom kifach tjibou 3bad kima haka 5iiiiiiiitt
حفتريش
Mabledha
برا مخيب وجهك
chbih maset ws5if
شكيب من جماعة الفم يسبح و اليدين تقتل
كلب مل كلاب النقبة المثقبة في تونس
maaaaaasssssssseeeeeeettttt ! -_- brabbi 3leh haka !
ماسطة كيفك يا سامي كيف العادة واصل حبيبي..
حلا حليلا مهزلا قرف",0,Tunisia
9900,خرجوه  لا ...............وه  طحان,0,Libya
9901,تعرية الجسد دليل لتغطية الفشل في الغناء.قمم الفن لم يتعروا ولم يتجملوا,0,Modern Standard Arabic
9902,"كركوووووووووززززز_x000D_
وجوه اللوح  !!!!
Masit w ma ydha7akch 7atta tarf
amsat w ath9el men hel ma5lou9 mafamich
Y'a massssssssssse5
Tekrar w msata w...
mala masta bourjoulia :p
Mamsetek ki inta ki 5ouk wborjoliya lotfi 3ando lha9 ki ymazbelkom .....mrith mta3 ...
متحيل  وقلاب
#تفوووووو
كازي جديد كيفو كيف أي بطل خرج بعد الثورة و ركب علينا لحاس مستنهض
منافق من الدرجة الأولى 😑😤😒🙊🙉🙈
Euuff wahda la3weka tkaser lekrayem
Mala raht ou mala  met5alef
Chiiiiib wel 3iiiib ;>
Mamstouuuuuuu
Ma5ibek ya masseeeet
مسلسل كله قلة حياء وشذوذ حتى في المظهر فماهي الرسالة التي يريد سامي الفهري ايصالها للشباب التونسي ؟؟؟؟؟؟؟؟؟؟؟؟؟؟؟؟؟؟؟؟؟
اابلاد ما دمروها كان هالمسخييين تفوووه عليكم و على من جابك لتلفزة
ولا واحد قال فيها كلمة خير خاطرها خامجة مسخة و ما تعرش تحكي
كركوووووووووززززز",0,Tunisia
9903,tahhan wmakch rajel thel fi fammek ala lefriki ...,0,Tunisia
9904,ملا نقييب عمل العار.....,0,Tunisia
9905,Fi kelmatin majet chay la a5le9 w la torbya,0,Morocco
9906,maset laset,0,Modern Standard Arabic
9907,جبري بأتم معنى الكلمة ...وزيد معاه ريان يوسف. هوروزمون جاو فرد حلقة باش ما ترصيلناش نراتيو حلقتين,0,Morocco
9908,ممسطها و ممسط كلامها.أش جايا تعمل بربي,0,Tunisia
9909,يا ميمتي ممسطوا,0,Morocco
9910,Ooooh dawrtli 5watriii,0,Tunisia
9911,ya mase55555,0,Lebanon
9912,ماااااسط لاااااااسط,0,Morocco
9913,يا طحان رخصت باهل الجنوب ما يستاهلوش واحد مسخ يتكلم باسمهم :O,0,Libya
9914,Rak masata rak lasata,0,Saudi Arabia
9915,منافقة و لاعبتها فائقة ملا حالة فيق على روحك مدام,0,Tunisia
9916,اش لزك,0,Syria
9917,Wallah 3ib rana nitfarjou 3ayla lkol en plus tarbia mte3na matisma7ech lina bech nitfarjou fi 9anetkom yikfina nasalou yizi,0,Tunisia
9918,ya nabara etkalmou 3ala sidkom esebsi ya emwabna etfouffffffff 3likoum,0,Syria
9919,mamsteh a3tah elwa9et wsa7a lih :/,0,Tunisia
9920,ملا عار اتقي ربي قبل فوات الاوان ما اسبركم على جهنم,0,Tunisia
9921,شئ  مؤسف المستوى الأخلاقي المنحط  سياسين  و صحافيين .ا,0,Sudan
9922,chnakerhu,0,Morocco
9923,Mastaaaaa,0,Morocco
9924,كلام خامج من شخص خامج في برنامج خامج في قناة خامجه ان لم تستحي فافعل ما شئت يعطيكم عصبه,0,Oman
9925,ma3jbtnich l7al9a hethi,0,Syria
9926,عمري مانتفرج على تفاهاتك,0,Libya
9927,Lmastiiiiin lkoooool surtout eka 7anene,0,Lebanon
9928,الشارع التونسي فيه المستويات الكل فيه الراجل إلي مايحبش الحرام و فما إلي يحب يلعب ببنات الناس و فما الطفلة العفيفة إلي مستحيل تبيع روحها و فما إلي تبيع روحها بلاش و زعمة و زعمة حب. أما بش طريقة هذه نعالجو المجتمع و سامي التافه يحب يبيع المنتوج متاعو مش الغاية متاعو يصلح المجتمع,0,Tunisia
9929,3ayeb kbir kbira ou jayha puffffffff ou nawfal akber batar choftouijib gir fal hayawanettt ksara ya tunise,0,Lebanon
9930,اكبر طحان و اكبر دجال .. ايجا لجربة و شوفوا شيعمل مع اليهود .. خسارت كان هاك الجبة,0,Tunisia
9931,Tga3ed bot jey méded wejhek fi télévision e7chem 3ala rou7ik moustawayet,0,Tunisia
9932,mala mosiba hhhh,0,Lebanon
9933,ياسر ماسط مااااااسط و مسخ و فاسد لحاس قواد طرطور انسان تافه و lista mezelet يجي كل،شي كان مثقف و لا فنان انسان بهيم مصتك صتوكو,0,Tunisia
9934,مسخ,0,Tunisia
9935,نسيبتي لعزيز فيها كان لمسوتيا ملا حاسبين إلمسلسل أضحك أما هو بكل تقوعير,0,Tunisia
9936,اتفه انسانة ريتها في حياتي ملا مستوا منحط ...,0,Tunisia
9937,Mamstuuuuuuu...khiitt,0,Morocco
9938,Pfffff mamstha,0,Egypt
9939,A3outh bel lah min el chaytani el ragim,0,Morocco
9940,Mamstou yefadid,0,Syria
9941,Mamestoo,0,Egypt
9942,Barcha tso9iet,0,Algeria
9943,رجل مريض وحاقد,0,Yemen
9944,tahan wa yelzmou yo5rej men hiwar ettounsi,0,Tunisia
9945,اصلا برنامج تافه قاعدين ينبرو ما فيشو حتى فايدة,0,Tunisia
9946,ماسط.,0,Tunisia
9947,yesser maset,0,Morocco
9948,قليلية تربية و عمرك ما شرفت الفنانين اصلا اول مرة نشوفو خليقتها كيفاش  جاية تحط في روحها مع الفنانين الكبار,0,Algeria
9949,Maaaaamstouuuu w marakou lokzaaa hachekom,0,Morocco
9950,البلاد ناقصا. قحب. و يزيدو. ...قحاب. موفيدة,0,Tunisia
9951,allah latrab7ek ya fehri ya 5amej  wallah enta sahyouni,0,Tunisia
9952,Ena maye3jebnich,0,Morocco
9953,انا منذر قفراش نهز الطحين بلاش,0,Libya
9954,Cv pas .5ayba,0,Egypt
9955,Masseeeeeeeet,0,Lebanon
9956,عاهرة تافهة,0,Syria
9957,ووه مامسطك ياتوفيق ياغربي.بالله اتفرج في الاعادة وشوف اكا التهريج الي عملتو.ياولدي السماح فيها الثقافة الي تمثلها انت.في الاخير نقلك الحق موش فيك امافي اللي جابك للبلاتو يامهرج. والله حتي كلمة مهرج خسارة فيك.,0,Tunisia
9958,Erta7na men maya jena esa5ta hedha,0,Tunisia
9959,maset laset amin fi tounsia,0,Morocco
9960,masset,0,Tunisia
9961,maya ksouri a5yeb 7aja w a5yeb nes fi klam ennas,0,Morocco
9962,مخيبك يا مقداد ومخيب كلامك قداش با ادوملك النقابة يجيك نهار,0,Libya
9963,نهضاوي طحّان,0,Morocco
9964,Yfat9,0,Tunisia
9965,mt3jbnich jmle,0,Iraq
9966,Feriel y'a 9ahba,0,Morocco
9967,maaaaasit pfffff,0,Morocco
9968,Maasta lasta👎🏿,0,Tunisia
9969,Mamstouuu kadech tharbou fi rouhi,0,Tunisia
9970,rak maset ou monef9,0,Tunisia
9971,ملا طحان,0,Tunisia
9972,Akber fdiha houa enta,0,Morocco
9973,Mamsthaaaa,0,Morocco
9974,عار عليك ايها الابله .  لوطي و يدعي بالإسلام و يقول حريه شخصية  fk you,0,Libya
9975,كل ما تنفرج عليه نمرض هالرهط يا معلم راضعو في الحليب الطحين ؟؟؟؟,0,Yemen
9976,la7as,0,Morocco
9977,الله يهلك التلفزه و الفيس بوك و الانترنات الي ضيعت الناس شتتت الافكار و فرقت العايلات تي شباها الدنيا ولات هكا تي شبيها الدنيا فسدت تي شبيها الناس تنحات منها الحشمه و الحياء كل يوم نسمعو بالموت و ماناش حاطين ربي في بالنا و لو شوي )':  يانفسي كفي عن العصيان و اكتسبي فعلا جميلا لعلي #الله يرحمني,0,Tunisia
9978,ouh !!!!! lmsta 3andha nasha kima manel amara ugh !!!!!!,0,Tunisia
9979,Zayed ya weldi eli traba 3ala t7in w tal7is may3ichech rajel hhhhhjh,0,Tunisia
9980,كلبه خامجه هذا راينا بكل بساطه ؛ شكوني هالعافنه بش تقيم احمد الاندلسي ؛ انا اسمها مانعرفوش ؛ مثلت في فيلم خامج كيفها ؛ ولات تعطي في رايها هههه,0,Tunisia
9981,mawatehech el dawr hata tarf,0,Lebanon
9982,Rak masta rak lasta,0,Yemen
9983,mala ba9ara 7aloub 9adech sa5ifa,0,Morocco
9984,كعبة لا البرنامج الفاشل,0,Tunisia
9985,مسلسل موش عائلي يا سامي و لا يمثل صورة المراة التونسية ...خسارة,0,Tunisia
9986,الشيب والعيب,0,Yemen
9987,ماسط لاسط والله جايبينو زايد سود وجهك تولي تضحك ملا مناظر يجيبو فيها ما عرفتش شني محلو من الاعراب انشالله العام جاي ينقرضوا ناس هاذهم 😈😠,0,Tunisia
9988,Bessel yesser w masset !!!! Pfff,0,Syria
9989,pefff mokrza,0,Morocco
9990,Offfffffffffffffff,0,Egypt
9991,Salop et saloppe khmaj khmaj,0,Morocco
9992,masta lasta,0,Yemen
9993,عيب لا تتنابز بالالقاب,0,Iraq
9994,"maaassstttaaaa  . kleb elli ya3emlelkom 9dar w ya3tikom 7oriyetkm ta5rou fih . ataw nchoufoukem f hal 5 ans ach bch ysir fikem ya la7assa ya mwabna
بره الله لا تربحك اقسم بالله تو يبان في زوجتك و بناتك يا مسخ
Tfouhhhhhhhhhh
Ya mo9ded yezzi men tbendir wett7ine.. Sma3touh ech yghani 3la el beji ;) ya3tehom 3… .ezzouz
تفففففوه عليكم وعلى خمجكم يا صقاط هذا مسلسل تجيبو فيه في شهر رمضان المبارك خليتو التونسا ظوحكا بين الدول الإسلامية  تفففففوه عليك يا سامي الفهري وعلى. .........
بصراحة ماسط
Yaaaa33333 mamsetha wlh 3awret
pffffff matfaha
يا شلاكة يا شكيب  بجاه ربي أسكت بجاه ربي برى لوح روحك تحت عجلة ترينو ممسطك يا سخطة يا شلاكة _x000D_
هل الميبون ابعثوه ال جنوب افريقيا
عليه من الله مايستحق هو ومن استدعاه للحديث في برامج ساقط لعنهم الله
هكيكا ديما جيبوه يمد وجهو بل فشل متاعو
الله لا تربحك ولا تربح اللي جابك للتلفزة،تفوه عليك وعلى والديك.أتقو الله في هاالبلاد الله لا تربحكم
Goul barcha 9elet hya 9elet torbya tetfarej Enti w bouk w omek Aich na3mel
tfoooooooo mala marek mgalba
يا خوياةما ريتش امصط منك امين قارا و الله متخلف و فاشل غير الوقت عطاك حتى الأسئلة ما سعرفش يسأل
ثعلب مالثعالب قاعدين ليك نساء تونس بش تمثلهم انت يا بنتي بري روحي قال كريم الغربي ههههه شلكت روحها بروحها تتشقنس تكان تشوفو ساقاها تو تلقاوها طالع فاها لحشيش هههههههه
3AL 7IIIT
قناة فاشله
Maset laset
9erd marakik
هو من برة لحاس و من داخل من داخل كيفها
غناه متاع شارع
9lt ehtrim
مسكينه تونس ماسكينها مجموعه من اللحاسه والمنافقين تفوووووووه على هلمارك
يا أمين إنت إنسان جاهل و ماسط و الحوارات السياسية والثقافية خاطينك. خليك في الشلة متاع العزلكة متاعك خير.
rak maset rak lasseta hhhhhhhhhhh
Ylem ken fi d3a char ena wahda miness mili nchoufo....na3tih d3iwa 3le msato
malla mas5a etfuh
Hassen men el jazeyr  ya lotfi  khraje 3like elmoustache
نسمة امسط قناة شفتها على وجه الارض وعلى مدار التاريخ
نااااكرهو شعر القنفود زعمة قداش من قملة في راسو متفهوا تااااافه علخر
Miskina
Marzen mlayektou ya3tek sa5ta,
قسما بالله شعب غريبة فيه  ,,,جيل فاسد    !!
ابله وموش بلستو هذيك
ماسطة لاسطة
ملاّ رقعة وزيد جاي مورّي، منظرو ويحكي ويناقش الّلطف يا صاحب الّلطف  لا دين لا ملّة كان مشا عالج روحو وعرف ربّي خير ملّا مشكله ربّي يسترنا اجمعين
ياسر ماسط كريم حموم
maset yaser
Enti Esta9se2i w mridh ...allah ya7ra9 dammek 9adeh enti 7a9ir w tefah
Masite  hiya wili imha
سؤال ل لطفي لعماري شبيك خايب و ماسط و لاسط و غراب هول ملا مشوم
Salam mr massat lasset emission bardi blida
Yaser tetcha9nes w tetfines . 7asba rou7ha hadra kbira . Fi9 3la wadh3ek :p
ماصت لاصت
malla    lokza
YASSER TA3ASSA
لحاس
يا معلم راك ماسط !! تقعد مخيب راسك
Malla  emarek ha sbe7
وانا نقول شبيه ممسطو ... ملا لحاس .  يعطيع عصا على راسو ممسطو. براس امكم طردوه . خايييييببببب
ماسط ما يعرفش يحكي و مش مقنع يعاود في اللام بصراحة  لطفي لعماري بالبعيد عليه
ya mass5in atfooh a3likom ya 5omaijj
Alh latbrklhm klib
يستاهل الرخيص
t3ayef
ماسط كيفو كيف الي يقول ها حكومة وخيتي ....سيب علينا من هالمناظر الماسطة ماشي في بالهم يضحكو
غدا يبدأ نشر العهر والفساد
بربي يا مقداد راك كثرت مالمساطة ياخي تسب في الدلاجي وتعاود وهاو يعرفش اللغة العربية؟ هو ديجا قال منعرفش نكتب اعتذار. ممسطك ممسطك
yeser hazen w nafthan
نكرهوا برش
Rak masata Rak lassta
Ytahye7 saadou wejh choum
كثر من العسل يمصاط
تفوه عليك و على قناة الكلاب تفووووووه
maaaaaaaaaaaaaaassssseeeettttttttt ya lasoug ya 3ajla ya no9ba mat7ebouch le7tiram kamcha ta7ana nayeka majitou chay
يا كلب
من انت يا جاهلة الكلام  بلغة الفرنسية لا يعني انك مثقفة؟
na7thawi
ماسطة حلقة اليوم من غير ليليا 😑
tfouh alikom
Mata7yech
هههه كلمة لجدتي بية الزردي و الله كان مشيت احترمت روحك خير و الله عملت العار راك حصة كاملة المريول يطلع و هي تهبط مرا خارفة 🔫💣
ممستوا يحب يكبس في روحوا...لكن مايا خير منواا...قوية عليك يا كبدي...!!!
Enti ya zebla jebt ethawra etfouh 3lik w3ala aslek ken enti mra wbech trabi ajiel 5sara ya tounes 😢😢😢
هذه لا تمثل مرأة تونسية ما تمثل كان رةحها و انا واحد من ناس لا ارفعها اصلا
chkouni hethi ye5i !!! kol marra raht jdid ,,,,
Maset laset
3maltou ri7a
ذليل قواد لحاس طحان
Kaleb yabka kaleb
Tfouh
اخمج واحد في تونس مقداد الميبون
Ouhhhhhhhhhhh mamstouu
انسان يجيب الردان ...
masettt   -_-
A3od belah mala massa5 tfooooooh 3lik
مثلية جنسية ولات حرية شخصية خيت خمج وعفن شئ يقزز
mamisto w mamset klamo
mala  msata :/
لعنة الله عليكم يا جماعة النهضة ملا رخص فيكم توى الماسط توفيق يتقالو سي و يتسم ممثل و مثقف
صباح جديد وليل مضى...ويوم جديد...وغد مجهول....افكار مبعثرة ....بؤساء ومستكرشين....ومنافقين ومنافقات....عقلي ليس معكم....مع خفافيش المغاور والكهوف....لست من ذوي الاحتياجات المخصصة للعشق والحب الكاذب....ابحث عن نجمة وان لم يحالف الحظ وقابلت نجمة....فالسماء مليئة بالنجوم....ربما يأتي يوم وتصادفني القمر
ماسط برشا
Far5 miboun w maset w re5em
العيشة نفاق
قحبة اتعري واتوري
ملا مستويات
اعوض بالله من الشيطان الرجيم
مقداد عندو مفهوم خاطيء للعمل النقابي مقداد الماجري كارثة في المجال الإعلامي مقداد السهيلي كارثة في المجال الموسيقي _x000D_ _x000D_
خيتتتت ممسطهم
تفوووه عليك يا خامج يا مسخ تجبد في أسيادك يا وبش يا مريض برا ألقى حل لروحك خير الإفريقي تشرفك و تعرفك و مسخ كيفك مايجبدش الإفريقي بجلغتو خاطرك خامج ماكش متربي ستنا تطيح بين يدينا والله لا نرحموك أتو على قريب تجيك غير حضر روحك برك والله نشوفك نبزقلك على منضرك يا رخيص كي إنتي كالحوار التونسي كي إعلام العار لكلم خماج و عقدتكم الإفريقي نحب نقلك داركم تطيح و الإفريقي لا يا جبري و الإفريقي عقلية و ساكنة فينا غصبا عنكم لكل و حاولو تعملو حاجة أخر حاجة بش نقولهالك تفوه عليك يا وبش يا رخيص أندادك
Walahi sava ama sa3et yabda maset
Mamstou bsaraha zeyed hatinou  3andou 4 aswat y9aled fihom yhot fihom fi sketchetou lkol wlaw enhom mch sketchet
بيرم اطلع ساقط
Malla jabri
hhh cha3b da5el fi 7et walh
إنسان رخيص
نgولو خليك غادي هاذيكا هيا بلاصتك اللي تليق بيك التوالات _x000D_
Yezziw ble t7in ???
Mella mante9 ye7ki bih 7asseb rou7ou 7aja Kbira tafcha
ربي يشفيلو بوه أما رمز و ماسط
Mamstk wma5yeb soutk mocch mriguel wili y7eb gunek kifek
peeeeeeeeeeef malla wachkaaaa yahki 3ala thakafa whowa ras malou kas wdabbouza martou marradhha wyheb yimarredh el masajine msaken ba3delli ma yetfarrej fih had fi civil chkoune el madhroub 3ala rassou bech yechri billet wyetfarrej fih
تاعب ياسر مقداد. عقلية ديكتاتورية و كأنه مفتي الجمهورية  !!!!!
Tawa hatha mawthou3 jabdinou tfouh 3likom
حلقة تافها....... بدون تعليق
مقرف
ykeb sa3d l3ar
10 ملاين تونسي ضد المثلية. تي شبيكم تكرهو في رواحكم. راكم تعملو هكا باش الناس تتفرج و تربحو الاشهار. تي راكم تافهين. كرهتو الشعب في روحوا. حللتو الشراب و الزنا و اللواط. تي بن علي طحان لكن مكانش يقبل بالحكايات هاذي. انتخبنا رئيس و قلنا باش يحسن البلاد. هو يرا فيها تفور و ساكت. من بعد يقلك شبيه الشعب هاج
حلقة  ماسطة من غير شكيب
Masta 3ale5er
ta7an kbir.
ماامسطهاا غناايتو
A3leeeeem l3aaaar 9anet l7imar tounsi fsed zatla w mo7ami yjib lbnet w ......._x000D_",0,Tunisia
9995,مسسستويات,0,Iraq
9996,"على قد ما كليتو بخس و تهنتيل. و النافع ربي.. ما أصح رقعتكم._x000D_
الخارف
قناة عاهرة وبمثابة ماخور على المباشر ... لعنة الله عليكم  و الله إلا ما تتحاسبو على السم إلي تروجو فيه للناس و حسبنا الله و نعم الوكيل فيكم .
تفوه عليه
تفووووه
ممسطو
Mamstouuu kadech tharbou fi rouhi
y amine ou5ay 3leh rim ilbana 3emla fi rou7ha akaka .libsitha masta lasta ou makyajha i5awef
maaaaaaaaaaaassset
حاشاكم هذا كلب
mase5 matnejim tji ken 3ases tfouh 3lik
lmasset yestad3a lmasset en plus 7atta lemission chalektouha
tafeeeeeeeeeeeha -_-
malla 9a7ba
مندس و فاضح روحو ما فهمتش اش يعمل معاك يا امين  مثال للمخترقين
Bsara7a lkol maye3jbounich ken kimou bou zinou 9adech nmout 3lih
صراحه عيب عيب ياشيخ
تاريخ كبير من الطحين ... تفوه على المخير فيكم ....
اشبيه ميبون ها رحموني
massette w 3la el hitte salou
الفاسق الداعر 😀
عاهرة الماسونية",0,Tunisia
9997,الغراب هو قناة #الحمار والفولة هي هذه التافهة_x000D_,0,Yemen
9998,Kol mara yjiboulna wahda tha3lib ravi yehdi hal oma ach ga3da tjib min hayawanet Lima haka,0,Tunisia
9999,والله متحشموا ربي ينتقم منكم,0,Morocco
10000,ماسط ما نهضموش وهذاكا علاش البرنامج هذا ما عادش نتفرج فيه,0,Tunisia
10001,Maset laset,0,Modern Standard Arabic
10002,Kalib rcd .,0,Saudi Arabia
10003,Le din la mella kallou horriya,0,Morocco
10004,الفازه ماسطه بارشا وهي امسط,0,Tunisia
10005,7ram 3likom. 7okoma dalma,0,Algeria
10006,Katheeeeb saffsouf,0,Lebanon
10007,قاضي ناتن,0,Tunisia
10008,يا منافق ثما صراع في نداء تونس احكو عليه شويا و جيب زقزوق ولى ولد الباحي يا قواد,0,Tunisia
10009,قناة لخمج للخماج,0,Tunisia
10010,Ya ta7ann,0,Tunisia
10011,klleeeeeb tfouh a3lihom,0,Syria
10012,"ما تفرجتيش فيه مي نقلك حاجة سامي راهو رمضان و عيب تجيب حاجات كما هاكا عيب عايلات قاعدة تتفرج _x000D_
7ata bil 9aris ma yet3adech maaaaaaaaaaaaaaaaaaaaaaasiîiiiiit
عائلة مريييييضة ربي يشفي لمرضاااا
Tfouh a3likom 9anat da3ara wt7ni maw9aa azra9 ya 5omej rahou
منيك. احقروه
مايتفرج في التفاهة كان التافهين
ابو الركاكه و البلاده
تفووووه عليه عالزنديق
كثرلها من المسوطية
Maseeeeet
تفيه على هالفاطشة بعت روحك بزوز فرنك خليت روحك و ولديك لسبان باش ترضي عليك شوية انذال كيفك... يا سلعة السياسة تحبلها واحد مهف و راجل موش فرج بزاق مفعول به كيفك الي يدزو فيك اليوم غدوة باش يدزوهولك لين يخرج من حلقك و اهي مرشومة سلام ع رجال بلادي و الطحانا يقطع سبرهم
Yasser massetttttttt
ملا بهيم زعيم كان في التصفيق ولد التجمع الدستوري حتى هو..
انسان ماصط لاصط_x000D_",0,Tunisia
10013,ممصتو رجعونا نوفل خير,0,Libya
10014,قسما  بالله  اكثر  واحد  نكره   في  حياتي   ولا  حطط  عليه  خواطري لله  في  سبيل   الله,0,Libya
10015,و خشام الخلصي يتكلم بالسيف داخل لبلاطو في حالة  فضحطونا قدام العالم !!!!!سكر !خيييييتت عليكم و برا.,0,Tunisia
10016,حسبنا الله ونعم الوكيل,0,Tunisia
10017,قناة الدعارة تبا لكم ............,0,Saudi Arabia
10018,Mamsto,0,Syria
10019,ماسط,0,Tunisia
10020,ربي يهلكم يا اعداء الدين,0,Tunisia
10021,"بدون تعليق "")",0,Saudi Arabia
10022,Marzen chekfou pffff mbayen alih sabab kif ladwar liyakhedh fiha fil mosalsalet,0,Syria
10023,العرا و قلة الحشمة  اصبح جرأة,0,Sudan
10024,masttt el hammmm,0,Egypt
10025,pffffffffffffff mamstou 3abed rak masseta rak lasseta,0,Saudi Arabia
10026,Metfhkom 5iiiiiiiit,0,Iraq
10027,Tfouuuuuuuhhhhh,0,Algeria
10028,هاي الفتنة,0,Iraq
10029,ماسط برش no comment,0,Tunisia
10030,Mnin jebouh mamstou,0,Syria
10031,مزية مزية ماعادش تجيبهالنا ليلى الشابي راهي امسط من المساطة وتافهة فاشلة,0,Tunisia
10032,مع الحيوان عديم التربية والاصل المسمى العبدلي اتفووووووووووووووووووووووووووووووووووووووووه,0,Yemen
10033,إعلام سخيف كانكم رجال أحكيو على كوش التبسي,0,Palestine
10034,ملا متخلف تعملو مزية معادش تستدعيوه o_O,0,Tunisia
10035,بصرحا مش الحق عليه هوا الحق على الي عرض الصور تع مرا عرينا وذالك اكبر سقوط للاعلام واهم دلاله ان الاعلام لا يخدم مصلحة المواطل باليخدم مصلحة الجيب,0,Algeria
10036,Moumathel Tefeh yeserr saber ya rabi echib wel3ib w zid 9elt a7yet,0,Tunisia
10037,Barcha 9elet adab w a5le9 tfo 3lik w 3ala 9anetek,0,Tunisia
10038,حرا يمي,0,Morocco
10039,شنو هالجاهل اللي جبتوه الليلة,0,Qatar
10040,هذا حيوان وليس انسان حتى الشهادة ماشهدش .,0,Tunisia
10041,يا كلب يا مسّخ قمار في رمضان إنشاء اللَّه تلقاه في الدُّنْيَا قبل الأخرة يا فرخ لحرام يا رڤّاص,0,Egypt
10042,"ناجي جهلول إنسان بهيم ياسر.. أستاذ التاريخ الذي ادعى أن أهل الجنوب تنقصهم الوطنية... وكأن بأستاذ التاريخ لم يقرأ في كتب التاريخ عن فرحات حشاد والطاهر الحداد وأبي القاسم الشابي ومحمد علي الحامي ولزهر الشرايطي وعبد العزيز العكرمي...وغيرهم _x000D_
Tfeeeeh 3al podeiet 5raw feh_x000D_ Ti o9tlo lehmom jemda w homa ya7kiw 3al insenia ama insenia ta7kiw 3liha te 7ata 7ayawenia matjiiiich l7ayawen we3i 3lik ya mrifh ya mo3a9 ya met5alef
Maskha
تفوووووه على المستويات
منافق كبييييير
سبب من اسباب التطرف الديني ان تستفز غيرك في دينه حتى عن غير قصد هذه ليست اخلاقنا .حنان وزينة والمثلية ولطفي العماري كوارث تونس ودعاة للكفر وسبب تدعيش العقول البسيطة
يستخف في دمو و بصراحة ظهر دمو رزين و عار على الحصة
Mamstou
7al9a 3al 7ittt
حسان من الجزاير تفوووووو
الدنيا أذواق وكل حد يجبدوا أصلو وإلي أصلو خامج أكيد يتفرج في الخمج ويعحبوا
يجيب كان في حثالة المجتمع ما يسمى بالفنانين، نعم فنانين في الانحطاط الأخلاقي، فنانين في الموضة و الدعارة، و صرف الشباب و البنات لمثل هذه الأشياء، لماذا لم يتكلم عن هذا اللباس و العري من قد تكلموا بالأمس القريب في الحجاب و النقاب، ياله من شعب تافه، منافق، كاذب، الا من رحم ربي، ولا حول ولا قوة الا بالله
Raw 5ra 5ra w amsat menou maritech
mamsto 
Maaaaaaareq eghiiiiiiiiit
Amsat mino ma famech
hhhhhhhhhhhhhhhhhhhhhh mala mousiba mnin tla3 hedha kother lham ydha7ek
yeser  mathrouba fi rou77a yeser mra hethi
انا نكرهو و نفد منوو كي نشوفو يعملي الجاير
mech 5arej 3lik el role
Loooooool mriiiiiiitha ....
قاطعوا قناة العهر و الفسوق يا قوم
برافو فوزي وعندك حق والله شئ يأسف ملا موضوع يحكي فيه سي لطفي ويقول ثقافة غربية  الدول العربية تعاني من الجهل وتونس تعاني من المثقفين  مثلك يا لطفي  انا نقلك هذه ثقافتك انت وحدك
Mousasel fasedetou wajihaw khmissa
شايب كلب طحان
قحبة من أكبر قحاب تونس
Yeser wala mareg il mosalsall :/
منافقين
اي ونبعد  وين تحب طوسل غريت الشلهقين في في شهر رمضان لفظيل يخي  مقطوعين من شجرة لا عندكم لا امالي ولا تالي والا غارينهم باللفلوس التمثيل سبحان الله ولا حولة ولا قوة الا بالله حسبي الله ونعمي الوكيل  كان فمي تافه احب يمدحك له المجال مفتوح الدنياه ليك
Maset barcha 👎
Maset barcha
Akbir kalb
أصبحت تستضيف من تراهم في بلاتو برهان عسيس.. أتفه و أرخص شخص هذا المسمى فريد الباجي... الصافي سعيد يستحق كل الأحترام كذلك سيف الدين
الله لا يفرج عليه",0,Tunisia
10043,من أمسط ما ريت في حياتي حتى بالعسل ما تتعداش،كان مشيت شاديت تركينه و تبت لربي خيرلك,0,Libya
10044,"انا اتفرجت عليه ربع ساعة عرفته يكذب""",0,Egypt
10045,والله باسل و ما صط,0,Iraq
10046,ملا إمارك هههههه,0,Tunisia
10047,sel3a ma8chocha hhhhhhhhh,0,Morocco
10048,M3adech 7echma,0,Morocco
10049,جلطام .,0,Tunisia
10050,Tal3at kalba,0,Yemen
10051,5amjetha,0,Morocco
10052,Akahou lwahed ychouf 9anet o5ra ykamel biha sahriya,0,Tunisia
10053,بربي يزي متنوفيق  مبعد معتيتها بطاقة الاحتراف توا ولات مش فنانة ماك تعرفها من قبل,0,Tunisia
10054,عجوز متصابية,0,Saudi Arabia
10055,حركة النهظة  لن  يأتوك  يا اختي  جماعة النهظة ارتدو  على كل  اخوتهم وعلى كل من ناظل معهم  جماعة طحانة ما فيهم واحد  راجل,0,Saudi Arabia
10056,يا توفيق لو كان يخلطوك بالعسل زايد راك ديما ماصط لاصط .يا بناغا...,0,Algeria
10057,لا يليق بهذا البرنامج ثقيل  وشلق برشة في انتماءات السياسية  عندوا حزب واحد يدافع عليه وبكل لطف اطلب من معد البرنامج ازاحته من البرنامج.....,0,Tunisia
10058,Rak masita rak lasita,0,Morocco
10059,مسلسل ماسط لاسط يعقد الأعصاب و الحمد لله منتبعش فيه,0,Tunisia
10060,قمة عار انوا ناقشوا في موضوع محرم في دين اسلامي نهى عليه القران والله شي اسف انو نشوفوا كيما هل اشكال في اعلام هدا بلصتوا الحبس موش طالب بحقوق ....زايد والله .ان لم تستحي افعل ماشئت ....,0,Libya
10061,Houwa blid w hiya ablad w arak w amssat minou w zouze ichabhou leb3a4hom fel bleda w rkeka w el lemsata.,0,Lebanon
10062,فرغتلي قللبي في عيشة بتقوعييير تاعك ههههه,0,Tunisia
10063,Masett lasett,0,Morocco
10064,ثعلب🐺🐺🐺,0,Oman
10065,hhhhh ya bliiiiiiiida ya Hanen,0,Saudi Arabia
10066,majnoun,0,Tunisia
10067,TO7T MEN 3INNI,0,Lebanon
10068,تفووووووووه عليكم يا كلاب,0,Saudi Arabia
10069,Tfoh 3liik chiib wel3iib wel9beha la3nett allah 3liik,0,Tunisia
10070,Kamcha tahana,0,Morocco
10071,حيوان,0,Qatar
10072,توفيق اللحاس,0,Tunisia
10073,ما قنعنيش :/,0,Yemen
10074,Mala awbéch ech3amlou El 3ar chay i3ayef tfih 3lihom elkol,0,Morocco
10075,masta lasta,0,Yemen
10076,mella 9ird,0,Morocco
10077,تحبو دخلو في المخاخ العباد الي الحرام نورمااال 😡😡_x000D_,0,Tunisia
10078,vat mo9ded ya massittt ya 9adida pffff mamstikkk,0,Morocco
10079,ماسطة,0,Tunisia
10080,Ma 9alou 7aad raak meeereg w maaasett  pfffff :/,0,Morocco
10081,مقداد السهيلي اغرب من الخيال تهو اكبر منافق تقولش عليه هو عبد الحليم في زمانو تافه مايستاهلش باش اكون نقيب,0,Tunisia
10082,وجوه اللوح,0,Sudan
10083,Traaahdiiiin 3mlo l3aaaar tfooooh,0,Tunisia
10084,Barcha 9ilet 7yé vrm wa7ed ye7chim yetfarij ba7dha Bouh mandher ki heka Pfff 😡😡😡,0,Tunisia
10085,Sel3a zbela rak Ya maset ma amsatech menek fi belek tetthomer wenti raaak 5ariya w me s5oun e3333,0,Tunisia
10086,نعلت الله عليك يامسخ وليد راجل سيد الرجال,0,Tunisia
10087,mamestou adeya a5yeb mouwaten tounsi,0,Iraq
10088,ماسط لاسط,0,Tunisia
10089,ماسط ماسط ماسط متاع tou de suit,0,Tunisia
10090,هذا انسان لا ينتمي الى اي سلك فني لديه فقر الفن و التمثيل عليه كان الراقو,0,Saudi Arabia
10091,ياسر ماسط و انا ما نحملوش,0,Libya
10092,Mamsto,0,Syria
10093,"بالتمهبيل انتاعها...الله لا تربحك ياخميسة...والله يرحمك ياالمرحوم..""",0,Saudi Arabia
10094,"من برا تجمعي _x000D_
مقزز..مقرف..",0,Palestine
10095,Maaaaastaaaaa,0,Tunisia
10096,Akber jrbou3 fi tri5 lensaneya,0,Syria
10097,مخيبك و ممسك يا ربي.. كيف تصلح حاجة صلحها بالصحيح عالقليلة.. قسوات والله..,0,Tunisia
10098,3ib kbir maysirech heka,0,Tunisia
10099,ماسط  ﻻسط,0,Tunisia
10100,شماتة وفي شهر رمضان.قداش شفت العجب في الفيسبوك.وكان الناس الكل ما عندهاش ضمير ولا قلب ولا خوف من ربي.الي يتشمت يجي يوم ويتشمتوا فيه.اتقوا الله في خلقه.وما تنساوش .... دين تدان.,0,Tunisia
10101,Maseeet bliiid...chbihom houma jebou m'en Hannibal w nessma ! Ye5i mafamech mounachtin jdod lezem dima nafss loujouh w zid taw wallew fi chaîne wa7da !!!,0,Tunisia
10102,"كثرلها من المسوطية""",0,Morocco
10103,walah ka3ba le mamstk pfffff,0,Qatar
10104,Yessir bidoun ou rkik,0,Tunisia
10105,العيب موش إنه مثلي العيب إلي راجل يحكي معاه و هو يقول أنت ربي بش  تحسبني يعني ميبون و يوخر و زيد قليل تربية,0,Tunisia
10106,هالرهوط الي تجيبو فيها,0,Tunisia
10107,Maseeeeeeet laset wallah en7ire fi la3bed kifech tadh7k 7ata Nawfel maset kifo mandher m9alba chlayk,0,Morocco
10108,عملتو العار كان تقصوه خير,0,Tunisia
10109,حتى دخلتو بمساطة ،والله قداش نكرهو,0,Tunisia
10110,منحط لا تربيه لا ثقافه تو من قلة المسرحيين جايبينو هنكره و تو هذا تسميوه مسرحي من اصلو,0,Tunisia
10111,chid imchoumik layji machwim ....,0,Morocco
10112,Kalb kalb kalb;>,0,Lebanon
10113,mawatehech el dawr hata tarf,0,Lebanon
10114,"Rasou kil karkaden .""",0,Morocco
10115,mch battala,0,Morocco
10116,mnaika  fazdetou ilmousalsel,0,Tunisia
10117,il mastet il 7al9a manel 3mara mamsatha pffff,0,Iraq
10118,ماكم وقفتوه برنامجها علاش تكذبو ارتحنا منها ومن منظرها,0,Tunisia
10119,Tefaaah kif samiii fehriii 9anet l7imar tounsi,0,Tunisia
10120,Rahmouni miboune wa irhebi,0,Tunisia
10121,مااااااااااااسط اخيييييه 0000000 zeroooooOOOOOOOOOO,0,Lebanon
10122,"#منافق""",0,Iraq
10123,ملاّ امّارك,0,Iraq
10124,barcha 9elet torbiya,0,Lebanon
10125,صهيوني و لا أريد أن اتكلم أكثر,0,Oman
10126,اكثر. من ماسط,0,Qatar
10127,Ken chadet darha 5irrr,0,Morocco
10128,تافهة هي و غناياتها,0,Morocco
10129,إنسان كارثة على البلاد ومريض ومتخلف ومنحط أخلاقيا ومهوش متربي,0,Tunisia
10130,لا تعليق,0,Modern Standard Arabic
10131,masit yassir kleim nass walla jibouln rapeur bahi,0,Morocco
10132,خيت عل وشم ألا في بدنك  ...,0,Tunisia
10133,تونس ناقصة إنحراف بربي بففف,0,Syria
10134,قلة أدب وسفاله متاع  مخرج برجوازي معفن,0,Libya
10135,الشخص هذا تنطبق عليه صفة أبله,0,Oman
10136,إلى مزبلة التاريخ يا تافه بن سعيد,0,Modern Standard Arabic
10137,امصط حاجة في كلام الناس حنان الشقراني,0,Tunisia
10138,اكثر ما يقال علييييه مااااااسط,0,Jordan
10139,الخمج و النتن,0,Iraq
10140,تافه,0,Palestine
10141,Bidoun t3li9,0,Tunisia
10142,كلبة بنت كلب,0,Saudi Arabia
10143,لعنة الله على الفساق والي لازم يتلام القناة الي جايبة هلمناضر على المباشر وفى الكلام ملقينا فاش نحكو ياخي هو مثلي والي جابو لدنيا شكون لقا زوز رجال ولا زوز نساء يا حيوان,0,Tunisia
10144,باين فيه ماااسط,0,Saudi Arabia
10145,يلزمني نعمل جام على كل تعليق سب هالمسخ والا نكتب كتاب كامل سبان وشتيمة,0,Tunisia
10146,Mala la7es,0,Morocco
10147,علاه هكة تصويرة في حمام الرجال حرام راه فما عايلات تتفرج مايجيس منو  عيب,0,Tunisia
10148,مايعجبنيش,0,Yemen
10149,قناة الحوار خطيرة تلعب على الجهويات مريقل في الجنوب قبيحة حذاري من النعرات,0,Algeria
10150,mala manadher tfouuuuuuuuuuuhh,0,Morocco
10151,ضيوف تاعبين برشا,0,Tunisia
10152,يكب سعده أكثر ملئ هو مكبوب,0,Tunisia
10153,توفيق يا تافه و الحاجات إلي تعمل فيهم ما يظحكوش كيف ما عملت وقت مدام يمينة تحكي أنتي ماتحترمش لعباد ولكن هي كانت أرقى منك و زادتك حقرة و تقزيم أحترم تحترم  و ةما يعطيوك دور العساس و الصباب على خاتر هاكي حقيقتك صباب  و بيوع,0,Tunisia
10154,ماسط، ماسط، ماسط.......,0,Tunisia
10155,عيب  عليك  حتىى  تضهر   في  التلفزة  ما  تستحيش  على  نفسك   انك  في  بلد  مسلم  وكل  من  يتعاطف  معك  مثلك,0,Tunisia
10156,ادا جاءك حديث الثورة و رايت شيخا في التسعين يحكم شبابا قامو بالثورة . و رايت سارقا للتلفزة التونسية اصبحت له تلفزة خاصة كسامي الفهري و رايت ممجدا لبن علي اصبح مليونيرا .معز بن غربية كمثال لا للحصر . فاعلم ان الشعب حقق كل مطالبه واستحقاقاته و لا يبالي بما حققه الفاسدون ... الثورة مستمرة يا ازلام شيبوب,0,Algeria
10157,قلة حياء و قلة تربية,0,Sudan
10158,Maseeeet,0,Lebanon
10159,mela 3fatt eli yesma3ik t9oul chi55,0,Morocco
10160,Ensen tefah ch5aleh mahabech ye7ki m3a chakib 3arfou bech y5arjou min ghir sabatou hhhhhh,0,Tunisia
10161,Tfouh 3likom,0,Algeria
10162,ما يضحكش جمله ماسط يقعد يخمم ساعه باش يقول نكته و زيد تطلع ماتضحكش!,0,Tunisia
10163,شلة امتاع قحاب و موبنة شلايك,0,Lebanon
10164,Mouharrij massit amssit minou el khertha gara,0,Morocco
10165,العربي الماسط مرجتونا بيه,0,Libya
10166,yeeeessser masta la wetek la tamthil wla tanchit,0,Lebanon
10167,إنسان كارثة على البلاد ومريض ومتخلف ومنحط أخلاقيا ومهوش متربي,0,Tunisia
10168,ya  bouchleka rajja3 IL MILIARD,0,Syria
10169,mamssit ha  sahriat ras el 3am ..,0,Morocco
10170,طحان بقرونو,0,Iraq
10171,مايا الشمطاء و لطفي راهم ماسطين و خاصة مايا . جيبلها داعش هههههه,0,Algeria
10172,Hayder Ali guedd ere7la lahné hhhhh,0,Tunisia
10173,حلقة اليوم معجبتنيش برشة مافيهاش اضافات كبيرة بصراحة,0,Algeria
10174,و الله لا تحشماها تفو عليكم هذوكم نساء تجيبوهم تحبو تلقطو بيهم نسب متع مشاهدة وحدا شطر صدرها عريان و لخرا عرافة لابسة عرية كل شي ظاهر يا ربي نشاء الله الهايكا تنخيه برنامج لاباس جملا,0,Tunisia
10175,جبالك الرواسي و لا المنظر هذا,0,Tunisia
10176,Klab,0,Lebanon
10177,خاااااييييييييييييييبببببببببب تعمل جاير من جرتك متفرجتش فى البرنامج,0,Egypt
10178,Massset,0,Lebanon
10179,7assit rou7i bhimt,0,Morocco
10180,Maset barcha,0,Morocco
10181,Chakib maset maset maset,0,Morocco
10182,جهل و انحطاط اخلاقي و لا مبالاة باعراض الناس و بتقاليدنا و القيم و الثوابت التي تربينا عليها كمجتمع اسلامي محافظ لذلك فهي تستغل هذه المواضيع باعتبارها خطوط حمراء لغاية الشهرة و الفرجة لكنها لم تتوقع انقلاب السحر على الساحر.,0,Saudi Arabia
10183,Tahana,0,Saudi Arabia
10184,ملا رهوط اللطف,0,Tunisia
10185,قيمته لا يعرفها إلا المساجين لا يستحق أن يشاهد,0,Modern Standard Arabic
10186,Mamesetou,0,Morocco
10187,قحبة,0,Tunisia
10188,العشرين مليون قبل 2 مليارات و سبعمائة مليون ملا كارثة ههههههههههه,0,Algeria
10189,Chbi maset ledarja hathi,0,Morocco
10190,برامجكم تافهة و نسبة المشاهدة مش دليل علی النجاح .حاولوا تتفرجو في برامج القنوات العربية توا تعرفوا قداشكم فاشلين بداية من الديكور و الأزياء الی الأسلوب في الحوار و النقاش. وقتاش باش تتعلموا!!!,0,Tunisia
10191,malla  ra7a men hek sa5ta  el masseeèt  chakib derwich,0,Morocco
10192,Ensena jehla ou bhima tfoouuhhh,0,Morocco
10193,منااااااااافقين والله ناقصنا كان اضايا !!!!!!! ماكمش باش تترباو!!!! احكيولنا شوية عالالمانية,0,Tunisia
10194,Boulisiyya kleb emmas5in 5ommej.tfih 3alli essis w kewwin fihom sel3a zbela kill om li jebithom.kil bled li 5addmithom,0,Lebanon
10195,5iiit 9adeh  nakrhou 😒,0,Morocco
10196,kleb mastin ken ghacha yna3en weldikom kaleb,0,Tunisia
10197,Maset laset men 9bal man hathmouch pfffff,0,Yemen
10198,L7a9 mich fih fikom entoma klem enes 3atine 9ima w 9dar w m5alino ya7ki w 3atino korsi . La7as w ta7an,0,Iraq
10199,Barcha wsakh w kilet hya,0,Morocco
10200,ماخمجكم.و.الله.اتفوه.اعليكم,0,Tunisia
10201,نكرها من شوفلي حل موش من اولاد مفيدة -_-,0,Tunisia
10202,قحبة و بالقوي,0,Tunisia
10203,Yassir mostawa monhat bizarre kifeh hathi yjibouh fi télé :(,0,Tunisia
10204,كذابة عاملة عمليات تجميل,0,Saudi Arabia
10205,chaaaaay kabout nssibti laziza masta lasta surtou el fahem,0,Morocco
10206,ملا سلع مجرمة يخدمو في الأمن خلاهملنا بن علي,0,Tunisia
10207,mamstek ya  rihem,0,Syria
10208,Sil3a zbela,0,Tunisia
10209,Irhabi,0,Lebanon
10210,Yaser bleda bourjoulia moch 7ob,0,Morocco
10211,عملت العار بالمرايات متاعك,0,Tunisia
10212,كركوز,0,Tunisia
10213,Ma5yeb rahtou la sifa la a5le9 amset minou w min ghneyetou maratich 3ini,0,Lebanon
10214,mamstek,0,Syria
10215,ضاهر فيه مريض😉😉😉😀😀😁😁😋,0,Syria
10216,الى جهنم و بأس المصير كان يجي للجنوب الا ميروح سقيطة عار على المجتمع او اعلامكم لا يمثلني ههههخخخ تففففففففوا,0,Tunisia
10217,Masta ou nawfel massit ou 9anet il 7iwar masta,0,Iraq
10218,شعب منافق :3,0,Algeria
10219,المنظر الأحرف,0,Algeria
10220,Rak masit rak lasit rak sel3a kal5a .......😉,0,Saudi Arabia
10221,"امين مزلت صعير على تنشيط كلام الناس كي تكبر ايجى تكلم مع شكيب _x000D_
○●⊙ الناس تقول عيب عليك و آني نقولك برافو عليك شيخ ، الحقيقة تقال و الصورة واضحة .
Tfouh al kelb
ما أقل حياك يا سامي ،لا تقدروا عائلات لاشئ! قول انت مقدرتش مرتك و بنتك باش تقدر لعباد ،ممسطك و برا
Chib wl3ib
wlh l9a7ba 9a7ba
حسبنا الله فيكم و في ولات امور تونس..",0,Tunisia
10222,أحمق,0,Saudi Arabia
10223,Hhhhhh m5yeb rasha mamsetha el5arya hhhhh t9oul 3leha 9ayma mjabena,0,Tunisia
10224,Ya5i a7na fi sidi romdan w ela ana 4alta !!!!!!!,0,Iraq
10225,طحت من عيني كنت نحترمك توة معادش,0,Tunisia
10226,راك ماسط راك لاسط,0,Algeria
10227,9erda,0,Morocco
10228,Wzir tarbya yehki bel mante9 hetha ? Kont netsawrou ensen mo7tarem 5sara el ta3lim fe yed ensen ma ye7taremech adeb el 7iwar,0,Tunisia
10229,كان الريق البارد,0,Qatar
10230,انا متعجبنيش,0,Egypt
10231,ما عجبتنيج الغتي ماصط لصط,0,Iraq
10232,زبابيل,0,Libya
10233,مرهزو فيها سامي فهري مطلع راسها كي ثعبان,0,Tunisia
10234,ybaki,0,Jordan
10235,واحد مسخ كلب ...طحان التجمع,0,Tunisia
10236,الشيب والعيب كان مشات تحجبت وسترت ما ستر ربي خير من العرا,0,Morocco
10237,offfffffffffff mamstou w matfho w ma9l torbitou,0,Syria
10238,Mala chleyek,0,Morocco
10239,حيوانات تففففففففففففففففففه عليكم واحد معدش يتفرج مع دار,0,Algeria
10240,ماسطة برشا و دمها ثقيل :3 :3,0,Tunisia
10241,بدون تعلوق,0,Saudi Arabia
10242,منحبوش ماسط وقبيح ويحترم حتى حد وموش متربي وعندوش اخلاق جله,0,Tunisia
10243,الله يهدي توا هذا فن ينعلبو الوقت,0,Tunisia
10244,Mmstou,0,Lebanon
10245,وجودك انت عار على تونس الكل,0,Libya
10246,مشب منظروا وا حد ساقط و هامل و تافه ماشي فيبالوا هدرة وهو ما يجي شئي ملا حالة اش كثروا العربان اللي كيفوا في تونس ، مش منوا من شعروا نحلف عليه راهو ما يغسلوش /: و مازال كلام اخر اما المرا الجاية...,0,Tunisia
10247,احمد الاندلسي مخيب طبيعتو .اول مرة نشوفو يحكي اليوم..فالمسلسلات خير,0,Tunisia
10248,لعنه الله عليك يا سامي الميبون,0,Tunisia
10249,Borjoliya masit,0,Morocco
10250,طاحونة تسكسك بالفرينة و في رواية أخرى رخيص,0,Algeria
10251,5555iiiiittttttt,0,Morocco
10252,ديما فاضحين رواحكم قدام التوريست ههه,0,Libya
10253,امسط انسان على وجه البسيطة تجمعي تعيس ماعندوش اخلاق وزايد جايبينو,0,Tunisia
10254,Masta lasta,0,Morocco
10255,Fessed baaaaaaaaarcha w 5amej,0,Morocco
10256,هههه ما يعرف دواه كان بندير مان .. ماااااسط,0,Yemen
10257,Metji chey,0,Morocco
10258,كمشة همال,0,Tunisia
10259,بالله تصوروا الخامج هذا يعمل في رضعة!!!!! خخخ,0,Tunisia
10260,Lah9i9a maset may3jebnich,0,Iraq
10261,كافون كي عصام جمعة بهيم و ماشية معاه,0,Tunisia
10262,mamstek,0,Syria
10263,Barcha ri9 wmsata,0,Syria
10264,Maset maye3jebnich,0,Syria
10265,وبش,0,Syria
10266,برشا سخافة و رخس و قلت تربية والله اول مرة نتفرج فيه خاطر حطينو في القهوة و اخر مرة زادة,0,Tunisia
10267,الشيب و العيب يعطيها طرشيقة في رأسها عزوزة كبة محرومة مسكينة,0,Tunisia
10268,شكيب متاع النهضة ، المحايد,0,Tunisia
10269,قالو سهرية سخونة مقرونة جارية هي ثبت روحك هذي مهزلة يا معلم,0,Tunisia
10270,bliiiiid,0,Jordan
10271,Malla mousalsel maho mase5 kifkom,0,Morocco
10272,Dz  قالولي متجيش   .... وشنو هاذي الغنية الماسطة  ؟؟؟,0,Tunisia
10273,Maset mereg maya3rech 7ata ya3mel remarque,0,Tunisia
10274,ماسط لاسط,0,Tunisia
10275,3malt l3ar,0,Morocco
10276,ebsaraha yaser masatouha ya amine rak chaleket el barnemej,0,Morocco
10277,tfouh 3likom ya massi5!!!_x000D_,0,Tunisia
10278,Allah la traba7kom kleb dam,0,Syria
10279,Ta7on,0,Algeria
10280,عيل هامل حتى خوه زطل,0,Iraq
10281,خردوووقة,0,Syria
10282,نوفل فتنة النهار الكل يجيب فالناس تسب في بعضها ماللخر هالبرنامج ما يجيب كان المنحطين اخلاقيا انا نتعجب كيف بندرمان يحكي عالشبوبية انا كان عندي بنتي نحطها قديد عالشريطة و ما نعطيهالوش الفة توسف خاطر حاشاها اسم سيدنا يوسف ما عندهاش لبسة اخرى و ترعش جاتني لابسها جن يضهرلي الحجامة عملتلها البخوخو و ركيكة ركيكة حتى تقول يزي,0,Tunisia
10283,ووووه ، سبحان الله نفس الملائكة هو راس البصل ، عرفو بشكون يعوضوه !!,0,Iraq
10284,emassakhhhhhhhhh yesserrrrrrrrrr -_-,0,Yemen
10285,ماسط لاسط :3,0,Tunisia
10286,"فاسد وزيد نحب نقولو حاجة ""إذا الشمس كوّرت"" مش إذا الأرض كوّرت -_- :3",0,Tunisia
10287,maaaaaaaset,0,Morocco
10288,طحان موش راجل ، تو ينحيو مايا و يجيبولنا ها الخوانجي تفوه عليه و على سامي الفهري معاه,0,Tunisia
10289,الحمد الله سكرتها التلفزة قبل ما يبدا يحكي.راهو صفر وفاشل وما يعرفش يحكي.نرقد خير.تصبحون على خير./.,0,Algeria
10290,GO3ER,0,Jordan
10291,"بلاد الهانة !!!! صاحب شهادة عليا و عمره عداه يقرى و حقه انه يخدم تجي الفنانة اللي جايبينها بش تتمزى عليه و توفرله الفلوس!!!!!!!!!!؛؛؛؛!!!!!""",0,Tunisia
10292,Masetttttttt,0,Sudan
10293,il3ib mouch fik filijebek mala mostawa wziiidd maseeeeeeeeeeet,0,Morocco
10294,Moufida salbiya w masta lasta 😠😠😠,0,Lebanon
10295,إڨلب منظرك وهف ليييييك ..... يكب سعدك على ماهو مكبوب.... تو امو و بوه فيبالهم بيه عادي .....إستغفر الللللللله. العظيم,0,Tunisia
10296,Maset,0,Tunisia
10297,كلب كبير,0,Syria
10298,Moustawa monhatt,0,Lebanon
10299,قناة داعرة,0,Tunisia
10300,Na7aw aka lmasta maya jebo wa7ed amset mznha pfffffff,0,Lebanon
10301,مفماش واحد قليل تربية قدك,0,Syria
10302,Mallla chlaka..,0,Morocco
10303,mala jboura fa lbled l3ib mechou fik   pfffffffffffffff,0,Syria
10304,Tfoooooooh,0,Syria
10305,لحاس وما يجي شي هاو جا يلمع في صورة اسيادو,0,Tunisia
10306,maset yesser,0,Morocco
10307,Masset laasset,0,Syria
10308,ta7an,0,Yemen
10309,تافه,0,Palestine
10310,Masiit 3al a5ir,0,Tunisia
10311,ماااااسطه حلقة اليلة على قد ما ستنيتها.كان تنجم تكون خير,0,Tunisia
10312,سوال للقحاب اللواط حرام و القحب حلال,0,Libya
10313,بعمري لا هضمتو و لا عجبني و هو النهار الكل ماد وجهو في التلفزة ياخي ما عندوش خدمة، و ما عندوش عايلة يقعد معاها,0,Tunisia
10314,Tfouh 3lik enti w hiyia,0,Iraq
10315,حلقة اليلة ماسطة من غير شكيب,0,Tunisia
10316,يا خسارة بعد كريار و ضمار طلع مش متخلق جتى طرف,0,Egypt
10317,ميبون كبير ومنافق وسامحوني في الكلمة,0,Tunisia
10318,Mamistou ikheyah,0,Morocco
10319,mas9tou w mas9atha,0,Morocco
10320,rabi ynoub,0,Syria
10321,ملا شلاكة ناتنا هادا كلب مزيان عميل لجماعة الاخوان المسلمين لهاذا متعاطف مع اي طيار إسلامي,0,Algeria
10322,bsara7a mamestou mouch dhamer 7atta tarf mechi f belou tawa houwa 5fif dam w houwa arzen menou mafamech,0,Tunisia
10323,اكبر طحان في تونس,0,Oman
10324,تحسها غالطة في روحها,0,Saudi Arabia
10325,chbih maset t7esou mayrkebech 3la ba3dhou 7ata fi mandhrou y3ayef wlh,0,Tunisia
10326,من أمسط المخلوقات على وجه الأرض .. الحوار التونسي كبيرة عليه بلاصتو مش غادي.,0,Tunisia
10327,Maya w naoufel amset 3béd ffffffff>_<,0,Syria
10328,ماسط لاسط اكثر من محمد علي النهدي,0,Tunisia
10329,مرخصك يامسخ,0,Egypt
10330,mamset din omo,0,Egypt
10331,Rak 3milt l3ar ya fehri fi9 3ala rou7ik,0,Tunisia
10332,"توفيق الغربي ترهدين و طحين 
Mouherij
توفيق الغربي ولا مرة مثل دور ناجح و لاقال كلام معقول طول عمرو ايهز من الجابية و ايحط في الخابية .كان يرتاح احسن
me3jbniche
توفيق الغربي فاشل و عمرو ما نجح في حتي عمل مسرحي و قلبو أسود على النهضة خاترو تجمعّي بإمتياز
wahef lik wléha
اتفه برنامج
Kleeeb lkol
عيب
Brabbi kharjouh 3ar 3al hokouma w 3ar 3la thawra ken tji wahed kif Khaled chawket nate9 rasmi
الله لا تربحكم قناة الفسق والفجور
مقداد السهيلي مريض نفساني يمشي يعدي خير
الله لا تربّحكم ديما بفضايحكم
عندو النقص في روحو وخبي فيه بالغرور.ماسط وميع فش يحكي وديمة يشوف في روحو احسن فنان في تونس وهو معندوش اغاني حلوة
MOL7ED
mast last '
يا مقداد مخيبك راك لا تجي فنان ولا رئيس نقابة من أنت يا سنبل اغا؟؟؟؟؟؟؟؟؟؟؟؟
Harem 3ib w chaieb
Meeeeeeeerrrreg
تكركيرة على المسخرة بيّة الزردي ،،، زايد الحجرة ما تذوب وبيّة ما توب !!_x000D_ #يزّي_سيّب_المريول_امان راك عملت فضح  😂😂😂😂😁
يا سامي يا فهري التوا ما فقت بيه.. راهو ماااااصط ماصط.. ولله كي يبقا ينكت ال غدوة لا يضحكني
ممسطوا
ملخص توفيق الغربي : انحطاط و تفاهة و عدم احترام للآخر
Rkik
Mamestik wmamsat elkleb illi jabouk .mal la kemcha..m....!!!
belehy wa9tèsh y3awdouh ?
برنامج وقناة تلفزية بمساهمة الجمعية المثلية وشمس
تفووووووه عليكم ...نسيناكم   ملا فسخناكم..
شوف انت بطبيعتك ماصت وعمرك ما تولي تنجم ادضك أما إلي ضحكتهم هذوكم مرتزققة جابهم راس البصل باش اصفقو ويضحكو على كل شيئ بما فيهم  التفاهة والمصاتة متاعك ، أما في ما يخص تلغميجك على سي سليم حبيت انسخسكك ياخي لقيت شكون قام معاك بالواجب مشكور
قوم لوط
Manthir
معفطة برشة تي كيلو مكياج ما يزينكش روح يا وجه اللوح حتى تفوه خسارة فيك تحكي على سيدك وقت الي هو يمثل فاش كنت تهدم أنتي يا نكرة
Ana walah tsademt barcha bsarara7a mech mousalsel mta3 romthan allah yehdikom.
Ta7on
Mamestou bsara7a
حركة غير مقبولة و لا تكعس أخلاق مثقف
5et foooooooh 3liiikom
انسان مريض  ..
mamstek
Mouch 5ayib
makch tayara w makch m3alim
عاهرات
حيوان نعلة الله عليه
شخص تافه ويعجب إلى اتفه منو
ياخي ما تحشموش حتّى شويّة، راهي عايلات تتفرّج فيكم؟؟؟",0,Tunisia
10333,😢😢😢,0,Syria
10334,طحان ديوث موش راجل الي مازال ايخلي هالقناة في دارو _x000D_,0,Tunisia
10335,mastek,0,Jordan
10336,mala 9ommaaa y malem w mala manta9 ma5yb klemmoo !!!,0,Tunisia
10337,"كثرلها من المسوطية""",0,Morocco
10338,Maaaaaaaaset amset mel msata bidha,0,Morocco
10339,Maset yaaaaaser,0,Morocco
10340,tir ya kalb tfouh,0,Tunisia
10341,mella marek krahnekom,0,Morocco
10342,mhazil walet ftounis walah wikolo 3liha fanana mhhazzzzzzilllll,0,Tunisia
10343,bras omok ya lotfi na7i leblada,0,Morocco
10344,Maseeeet kl mounachet,0,Lebanon
10345,Amset momathel ritou fi 7yati naf5a moch nrml w Ma5yeb rasou,0,Morocco
10346,ya mereg,0,Morocco
10347,T7EBBOU TRODDOUHA BLED FSEEEEED 3maltou l3aaaaaaaar.....3MALTOU L3AAAAAAAAAAAAR,0,Morocco
10348,Alah latraba7om,0,Iraq
10349,ty barry ma5ybik,0,Lebanon
10350,ياسر بليد تي سايب الطفل حمزة وجهو ولا أحمر,0,Algeria
10351,May3jebnich,0,Lebanon
10352,الشيب والعيب هذا آش نجم نقلك الي كيفك راهو يكون قدوة وتعبر على فخرك بموقف الممثل احمد موش تنقدو تعلم الرجله من احمد الي في سن ابنك وكان المفروض انك تعلم موش تتعلم,0,Tunisia
10353,ناسي روحك إنت زاده قفاف يا ماسط  الإفريقي أكبر من جد بوك يا طحان,0,Tunisia
10354,تهيا بيدها فاشلة  و ماااسطة في تمثيلها.. تحتى الحروف ما تعرفش تنطقها,0,Tunisia
10355,Arzen mel nhar la7ad,0,Tunisia
10356,Akbar la7as fi tones mantcharfouch eb7othalh kifek,0,Iraq
10357,لطفي راك ماسط فيق علي روحك ا صاحبي,0,Tunisia
10358,كلب عمل العار في التلافز,0,Tunisia
10359,عرفناه علي حقيقتو نذل,0,Libya
10360,مسلسل تافه,0,Saudi Arabia
10361,مسكينة تونس...فاش تقاسي العيب موش فيه فلي جابو...,0,Tunisia
10362,mala sel3a :),0,Morocco
10363,احمد الاندلسي يقريك يا بهيمة و الملهط تدافع على الميبون ، و لو كان موش كرني الكريدي ما تدخلش التلفزة,0,Tunisia
10364,برا يعطك وهف يلمك  ؟ شوف عاد شكون الي يقدم في النصيحة .,0,Tunisia
10365,barbi hak hanen mahich tachof fi ro7ha fi meraya smina raw mouch 5arej 3lik beffffff,0,Tunisia
10366,تذهب وهف و 5 لاف ياسر فيها الله لا يردها لا ليوم و لا عام جاي تقمر و تحب تربح و الي ربح فلوسه كلهم حرام يحب يحللهم يبدا من 0 و فلوس لحرام ما تثمرش كيما جات كيف ما بتمشي,0,Tunisia
10367,Barchaa ryy9 :3 barcha khonnaar :3 barchaa dhnouub :3 tounsia en mode rotana cinema looool allah yehdiikom w ysamahkom :/,0,Tunisia
10368,عيب,0,Libya
10369,Yeser tetcha9nes ikbes rou7ek chwaya w5ayti,0,Tunisia
10370,tefhaaaaaaaaaaaaaaaaaaaaaaaaaaaa  3ale5eer w ahmed landolsi ycharfik w y3arfik,0,Morocco
10371,في قناة المحور دائما توجد مواضيع جنسيه واغتصاب ة غيرها من التفاهات .إذا اصبح الاغتصاب شيئ عادي في ذهن المواطن التونسي...هذا نتيجة مستوي برامجكم الهابطه ....للاسف._x000D_,0,Yemen
10372,مكش راجل يا طحان الإفريقي أكبر منك يا رخيص,0,Libya
10373,Maset lasettttttttttttttttt,0,Morocco
10374,Tmarith,0,Oman
10375,Mes9etha,0,Morocco
10376,هذه الانسانة ضاربها الفشل من راسها للساقيها اذن تتوقع منها كل شي,0,Tunisia
10377,mech blastou 5atrou dammou s5oun wfisa3 yech3el wmaye9belech erayé elmou5alef,0,Tunisia
10378,3ahra,0,Tunisia
10379,Mastaaa,0,Morocco
10380,زبلة,0,Libya
10381,offfffffffff karahtna fel fan ya weldi sayb 3lina mn tbahbir ezeyd,0,Tunisia
10382,"يستحقش حتى كلمة نقيب بالكذب.""",0,Tunisia
10383,sa9ettt yeeser,0,Yemen
10384,ﺗﻜﺴﺎﺏ ﻏﺮﺍﻡ ﺗﺮﺑﻴﺔ ﺗﻔﻜﺮ ﺭﻭﺣﻚ ﻧﻬﺎﺭ ﻟﻲ ﺗﻮﻗﻒ_x000D_,0,Tunisia
10385,ملا تفااااهة متاع توفيق الغربي ماااااسط,0,Tunisia
10386,مرا كبيرة فالعمر هذا و بالمنطق هذا ؟ كاااااااارثة,0,Algeria
10387,مريض,0,Lebanon
10388,تفوه على زك أمك يا منيك...,0,Tunisia
10389,Yeser mitkabber w 7ata ftari9t 7dithou ma3ndouch e7tiram lil 3bed li b7dheh . Fi9 ya 3am l7aj. W lfan rahou b7ar mch tkabch f7aja fer4a w tmout 4ati.,0,Tunisia
10390,راك ماسط راك لاسط و ما عادش دجيبوه بربي,0,Tunisia
10391,9ilet torbya ma yjiich menno f romthan,0,Iraq
10392,اعلام المجاري صنعتوا من الطحانة رجالا,0,Tunisia
10393,Belleh la hadhamtou hal ba3loush mamstou !,0,Lebanon
10394,3am taher dhaherli ken chamoussa fi sogrou hhhhhhhhhhh pfffffffffff tiiiiiit,0,Tunisia
10395,fased mouch rajel.kifou kif elli jebou,0,Syria
10396,أنا فديت من تفاهتكم و فسادكم و بيع دينكم و بلدكم و أخلاقكم يا إعلام فرنسا و إسرائيل إعلام المجاري إعلام نوفمبري فاسد حسبنا الله و نعم الوكيل فيكم,0,Palestine
10397,يعيش بتفهات لانه ببساطة تافه,0,Yemen
10398,Marzen damk pfffffffff :3,0,Algeria
10399,Karakouz 😂😂😂,0,Algeria
10400,مخيبو و ممسطو,0,Tunisia
10401,اخيب ممثله شفتها في حياتي,0,Saudi Arabia
10402,نحيوا بوها الثقافة مادام هذا المنحط و امثالوا يحبوا يرتقيوا بيها و يمثلوها. لا يصلح الا قواد خلاه بوه الحنين ملقاش شكون يعطيه رضعتوا,0,Tunisia
10403,مخيبو الغرد الرحموني,0,Tunisia
10404,عقاب للمشاهدين,0,Algeria
10405,Merd mla moustawayet loool,0,Lebanon
10406,Mast,0,Oman
10407,mala mosalslét !!! w9ilit 7yaaa !!!,0,Morocco
10408,مخيبو لخرى,0,Tunisia
10409,لفريقي اكبر منك يا طحان,0,Jordan
10410,Menaiek,0,Algeria
10411,9awm lout,0,Lebanon
10412,ياشكيب خسارة اطيح من مستواك,0,Saudi Arabia
10413,Besla wa masta,0,Lebanon
10414,جالغ برشة وبا يزبّل السّهرية,0,Tunisia
10415,متتهضمش,0,Egypt
10416,malla mostawayet :/ :/ tejbed fil mouta mate7chemech,0,Morocco
10417,تافه,0,Palestine
10418,قناة الفهري ماخور عبد الله قش على الفضائية,0,Tunisia
10419,انسان تافه ما عندوش مستوى,0,Tunisia
10420,ياسر ماسط,0,Saudi Arabia
10421,yeser maset ya amin w mate3jebnich,0,Lebanon
10422,عزا فيك وفي أمك إلي معرفتش تربيك إنتي وخوك، كل مرة تمدو وجوهكم وتكلاشو في لطفي قلشعليكم من عائلة ملكية فيق على روحك إنتي وخوك أمك فنانة لا مشت لا جيت و بوك كلون وإنتي وخوك أتفه منكم مفماش...ملا منظر على صباح,0,Tunisia
10423,Zayed elkalb kalb,0,Yemen
10424,Maaaasit barcha,0,Morocco
10425,5amej,0,Tunisia
10426,efffffffffff tafaha,0,Egypt
10427,لحاس بن علي,0,Tunisia
10428,mamsatkom moch normal !!!!,0,Morocco
10429,N7es'ha lokza,0,Tunisia
10430,blid barch w bidon w masat,0,Iraq
10431,"شعب ابله طحان بهيم كرااكوز_x000D_
والله شيء يمرض مفماش حاجة خائبة موروهاش غدرة،خيانة،جنس،سرقة،كذب،رذيلة يعرضونها لا للنقد بل لغاية نشر الرذيلة وتعويد المشاهد على الفساد بانواعه ومن ورائهم اجندات غربية وصهيونية",0,Tunisia
10432,Barcha fsed ya semi el fehri,0,Lebanon
10433,Ya komaj alah la trabahkom,0,Saudi Arabia
10434,ليلة  مشومة  على  بية  الزردي  و  مريولها,0,Tunisia
10435,منافق,0,Tunisia
10436,Tari9a eli ta7ki biha mawetethech,0,Tunisia
10437,الهايكا تعلن عن إيقاف بث برنامج كلام الناس لكثرة القباحة هههيههههه,0,Egypt
10438,Maset laset....,0,Algeria
10439,Ma5ybou wmebldou menni eni yestehel tri7e behye,0,Lebanon
10440,Barcha kelit torbya rana fi romdhan meskin,0,Tunisia
10441,msat hal brnmj dhouyofo wlw mastin mtl9a mt7ki 3lihm,0,Tunisia
10442,منافق,0,Tunisia
10443,maaaaaaaaaaaaaset  w m yjich mounachet,0,Morocco
10444,بالرجولية ماسط ويا سامي راجع الفريق متاعك,0,Tunisia
10445,لا إحترمتو رمضان، لا شعب، لا دين، لا كبار، لا صغار... الله لا تربحكم لا دينية ولا آخرة,0,Tunisia
10446,ماسط  لاسط  و تافه,0,Tunisia
10447,Klab,0,Lebanon
10448,يهلكك ربي يولد الفهري,0,Tunisia
10449,مسلسل قحاب وموبنة😮😮😮,0,Algeria
10450,كبر وخرف,0,Iraq
10451,ﻓﻴﻚ ﻳﺎ ﻛﻠﺐ ﻭﺍﻟﻠﻪ ﺗﺴﺘﺎﻫﻞ ﺍﻟﺬﺑﺢ ﻓﻲ ﻫﺎ ﺍﻟﺸﻬﺮ_x000D_,0,Tunisia
10452,^^mmmmmmmmm zebla,0,Saudi Arabia
10453,Oui barcha 9ou7eb,0,Morocco
10454,منافقين زايد >:(,0,Tunisia
10455,rakom mastiiiiiiiiiiiin,0,Iraq
10456,Bsaraha  traded  ye mrith :poop:,0,Saudi Arabia
10457,قناة التخلف واعلام العار يلعنكم الله,0,Tunisia
10458,Kaleb men kleb enahdha,0,Algeria
10459,انتوما كان الراي لخسيس كان الكبت كان الفجر  ليلة الخميس كان العري في السبت...ميبون وقحيبة جبت حسبت الفرجة  لحم هموم الناس عليها ركبت العب بزبي بالعضم,0,Tunisia
10460,الخوار التونسي ناس منافقين .باعو رواحهم بالفلوس .تخلوا على دينهم و اخلاقهم و قيمهم ،و يا ليتا تسكر,0,Libya
10461,Tawa hetha rajel masa5,0,Morocco
10462,Mella rahet mchoum hedha ymathel na9aba hedha kan mcha lmostachfa lmajanin dawa rouho kherlo wajh lbouma,0,Syria
10463,jabri wimnayek,0,Syria
10464,mamstou w-mamrgou yetma3jen ki loubena,0,Syria
10465,Maset raj3oulna nawfel lwarteni 5ir,0,Tunisia
10466,لعنه الله على الفاسقين والفاسقات..اللهم اطمس على اموالهم واشدد على قلوبهم واخسف بهم الارض حتى يتبن لهم انه الحق ..اللهم انهم ضلوا واضلو كثيرا من خلقك عن سواء السبيل...اللهم دمر الزناه والزانيات في تونس وطهر بلدنا منهم فانهم تجاهرو بمعصيتك وتمادو فيها ..اللهم ببركه شهرك المبارك افتح عليهم بابا من عذابك يارب العالمين فانهم اشد فسقا من قوم عاد وثمود ولوط. . امين يارب العالمين ..,0,Tunisia
10467,:p tefha barcha kifkom,0,Morocco
10468,باسلة,0,Tunisia
10469,ههههههههه أعوذ بالله من الشيطان الرجيم 😂😂,0,Yemen
10470,نقلها راك نكرة و تافهة و دخلت دخلة غالطة طحت قبل ما تقوم ههههه,0,Algeria
10471,انا بصراحة مايعجبنيش لطفي ماسط وياسر يتمقعر على لعباد راك ماسط راك لاسط راك سلعة ماتشيخش راس ماتضحكش,0,Tunisia
10472,كيفش تجيك الجراة و تمد وجهك في برنامج وتحكي  ملا حالا واله عار على تونس,0,Tunisia
10473,إنت إلي طيحت فنك يا كافون زطلة و شم هذا موش كلام,0,Tunisia
10474,راس اللحم ڨارة ممسطو,0,Morocco
10475,لايليق بهذا البرنامج,0,Modern Standard Arabic
10476,بربي ما عادش تجيبوه في التلافز لأنو مفسد للذوق العام.لا منظر لا ذات لا صفات لا فن لا شي,0,Tunisia
10477,يا سامي لعنة الله عليك يا مفسد الشباب. انت لا تحب الناس الفقراء انت تحب وتعبد الفلوس فقط لا غير.,0,Oman
10478,راكم مجتمع فاسد,0,Algeria
10479,بصراحة تعيّف و خاصة هاك كريم الغربي,0,Libya
10480,توا تأكدت أنو انت صفر و تافه و أبله و اهم حاجة انت قرد شمبنزي(حاشة خليقة الرحمان) هههه ..,0,Tunisia
10481,مايعجبنيييييييييييييييييييييييييش,0,Yemen
10482,قداااه نكرهو هالغمة عالقلب كالشوكة فالحلق و الفن التونسي دمو رزيييين خاطر مقداد نقيب الفنانين اع ععع مكعبر و معقد و اصلع و يحكي تقول سلطان الجن لوول تي اعطيوه كف و لا صبو عليه ماء بارد فيقوه على وضعو..جبالك الرواسي ولا عبدك الثقيل,0,Tunisia
10483,Mokrez,0,Algeria
10484,ya lotfi ken 3andek mrath esmou el 4annouchi taw nab3ethlek edwe rchoudalgan,0,Tunisia
10485,وما تشكيش لربي_x000D_,0,Tunisia
10486,ياخامج يمسخ يولد الحرام  امك جبتك تحت حيط كلام زايد متحشمش,0,Tunisia
10487,مصدق روحو إلي هو يغنى خير منها وهف يهزكم,0,Tunisia
10488,hhhhhhhhhhhhhhhh ya mast,0,Iraq
10489,Maset lassetttt,0,Modern Standard Arabic
10490,Masssset,0,Lebanon
10491,هههههه كارثة,0,Morocco
10492,mastin barcha barcha,0,Morocco
10493,"تعبت.كملوا نتوما""",0,Tunisia
10494,تحسو احول وماسط شوييييا,0,Libya
10495,كان جات فمة جائزة نوبل للكذب و التبلعيط ... راو كل عام يربحها عبد الفتاح مورو عن جدارة ..,0,Tunisia
10496,Ta7on :*,0,Tunisia
10497,Wallah miskin,0,Morocco
10498,مستويات ههععع,0,Libya
10499,لا يليق بهذا البرنامج,0,Modern Standard Arabic
10500,mamsatha,0,Morocco
10501,ass9it mino tawfi9 3omri marit a part t7in ili yhez fih,0,Tunisia
10502,هذا  الظحكة متاع كلام الناس .يستبهل في التوانسة مانجح في شي يحب يعطينا دروس فالدين  وكلعادة المشكل الكرسي  يا فاشل وبهيم . على كل حال راك ضحكتنا على لخر . خوذ العلم من روس الفكارن هههههه,0,Tunisia
10503,حسبنا الله ونعم الوكيل. تونس لزم داعش بش تنظف كلب شنوي بلد كلب تو باهي يحتوا فيه حبس ومسخ خمج يدوره ويسارق لزم ثوره اخره,0,Tunisia
10504,كلب طحان النهضة .,0,Tunisia
10505,Mamsatha fel  mousalsel hedha,0,Syria
10506,متكبر وأسلوبه في التعبير عن رأيه ياسر فيه قلة احترام للغير وهذا عيب ومكره الناس فيه,0,Saudi Arabia
10507,"عندو ""30 ""سنة خدمة في المسرح شكون يقلي اسم مسرحية واحدة شدت انتباه اي مواطن تونسي بصراحة لا يمتّ للفن بصلة
mala klochar masa5 tfih 3la ha erahet
Mala sel3a ? Hhhh
عار عليك يا تونس تجيب في رجال ما همش في المكان المناسب فرده ولقات اءختها ومحسن مرزوق يستنجد بصورة بورقيبه يكب سعد العار ردوا بالكم يا توانسه راه منوم كلامك يا هاذا في النافخات زمرا اءحذرو هاذ البلعوط لا يهمه في تونس شيءا
maset
لا حولة و لا قوة إلا بالله
قحبة و أكيد ميبونة لا شك في هذا
لطفى لعمارى اكبر متطرف يسارى
Kadech masssset wbassel amine
يوسف الزنديق........................ عدك بش تقوللنا مش لازم تصليو جملة ،شياب جهنم إنت و طالبي الله لا تربحكم
Barcha khmaj
Makhybou dawrha mawetethech cherira jmla
كلب كبير
Tfouuuuuuuuuuuh..3lik..wa3la..sami fehri....nik omkimmmmm zouuuuuuuuuuuz!!!!!!????????
امسط منو ما ريتش نبدا نتفرج قلش عليه واحد يكسرلي في كرايمي احفظو ماء الوجه و يزي من نسيبتي العزيزة ااسنا و ستوب هو الحق في المواسم الاولى كان يضحك اما توا يوتر الاعصاب كان الصياح لا يزي الواحد عايش في استراس زيد يشق فطرو على العياط
قمة عار انوا ناقشوا في موضوع محرم في دين اسلامي نهى عليه القران والله شي اسف
ملّا غبي
Masta mas5éfha mech à ce point 3aaad !! -_-
زايد ما ينكر في أصلو كان الكلب
Mamsethom el kol
بدات فلة تخلط ...المصيبة صوت راءع لكن ماتعرفش تتكلم ....حشمت والله
PfffffffFfffff mamstek w marekek  e555555it
تجمعي ماسط
واحد ساقط وطحان وكذاب
Yaser masta bsaraha
Mastaaa
mla chleka
Masssssettt
Mastaaa bsaraha
شلاكة معفطة
Menzli jabri  jzar l7ouma pfff
قناة وسخة ...اتا ديما نتفرج في قناتكم ...اما البارح تاكدت انها قناة قذرة
ma3jbnich
manel amara mahzla vraiment!!
Dharbetou fi rou7aa w hya matji chay en plus sfe9sia donc metestehelch ereb7
Aha ya masa5 ya mak7out ken jit fiblast walid bileh la3dhim maneklik bsinaya ya mal9out >.< tfouh 3lik tfouh
ماسط  لاسط  و تافه
ماااااااسط
mamstou  w m3ndachi a5la9 w mtkber yaser :(
Z3im kan fi logha
Ma3jbtnich 7al9et el ber7
Ye5i fama fi he denya amset men heda nawfel werteni
Oooofffff mamsto
أفسد صورة البرنامج. نهضاوي منافق.يسطاد في الماء العكر. يا حسرة  على مايا   شتان بين الثرى والثريا.
 أمسط و أسقط و أتفه و أحقر و أنذل عباد ربي",0,Tunisia
10508,mahouch mwatek dawer,0,Qatar
10509,ملا مستويات هذومة يتكلموا على الفن وهوما يخرجوا من أفواههم في العفن الحاصل كي سيدي كي جوادوا ،الواحد كرهكم وأنت يامقداد اش بيك ماكش كيف خوك الي في الزيتونة,0,Tunisia
10510,Mala ka3ba mouch normal,0,Morocco
10511,Ejabri jabri  zeyid,0,Syria
10512,الغلطة من كلام الناس لجيبينو واحد جاهل ما يعرفش يحكي,0,Tunisia
10513,معجبتنيش,0,Morocco
10514,Tfouh alih,0,Tunisia
10515,pfffff malla moustawé wsolnelou f mousalslet,0,Morocco
10516,"ظ مش ""ض""  يا جاااهل انت وو الليي حاطك",0,Tunisia
10517,بفففف نكرها ماسطة هذي تمثل على روحها موش ممثلة ربي يهديها وتمشي تقراء على روحها خير,0,Tunisia
10518,كلب الارهاب الناعق الرحموني وأمثاله من العملاء الأنجاس,0,Syria
10519,taoufik elgharbi siyassi fachel m3a ben ali w tawa mou3aredh lilnahdha fachel,0,Tunisia
10520,mamsathhhhhhhhhhhaaaaaa oooofffffff,0,Qatar
10521,Elila  hsara7a mastaaaaaaaa,0,Tunisia
10522,يا لطفي راك غالط في روحك برشة,0,Tunisia
10523,Masta barcha,0,Morocco
10524,Bliiiiiiiiiiiiiiid <3,0,Saudi Arabia
10525,"Massottttttt
Armasta=maset
رجع.ااطحين.كيم.قبل.
معلّم
ربي يهديك يا امين..
قداش نكرهو ياسر ماسط و ما يضحكش
maset laset
Manel khmaj
Chlaka
هو المنظر هاذا يستاهل كل شي نهار كامل وهو يعوعش و عامل فاها صوت وهو واحد ماسط ، مسخ ، حثالة سوق و ماهوش متربي والمشكلة في اعلام العار و البرامج السوقية التافهة لي تجيب فيه و في امثاله في التلفزة
بيانو ياسر ضايع، الغنايات الكل مسطهم
زبالة حثالة إلى الأمام إلى الأمام
Slm mr maset laset.surtt ki yetma93er 3la kafon
أعود بالله منها و من أمثالها
قحبة و عاهرة و خامجة و فاجرة و مومس و فاسدة و كلبة و ميبونة و الله يهلكها هي و عم الطاهر
راجل كبير وواطي
تافه وساذج ملا مستويات العيب موش منوا ملي مستدعيه
البرنامج فسدو كان المارق والبهيم والماسط شكيب لخرا. ..افلم علينا وقتلنا بالبهامة
Massssttta ow mt3rechh etmthell ow m3lihach wahrett wahhda etsou9 f motourat
m3alem
لا لوم ع الطالبي خاطر مضبع و داخل في حيط اما اللوم علي جاب الرهوط
علكة وعلة ...يشد ما يسيب..
Tfouh 3lik w 3la Elli jebek l tele
يا جبان نحبوا شويا نقد للسعودية
المرة هاذي.. ما عجبنيش بالكل يتصنع ياسر في الدور..
ممصطوا ومقل ربايتو والحق موش فيه الحق فلي جابو خسارة فرعس مسار الحلقة ومسطها
منحبوش منعرفش علاش
امسط منها مافماش موش خارج عليها دور جمله _x000D_",0,Tunisia
10526,الممثلة هذي تعيفْ 😬😬,0,Qatar
10527,عيب,0,Libya
10528,ماسط _x000D_ جبالك الرواسي ولاعبدك الثقيل,0,Tunisia
10529,"حاشاهم الڨوابسية منك يا تافه _x000D_
Yeser maset
انا منحبحاش و متعجبنيش
Masta
يا ناس اتّقو الله في انفسكم رااااااهو عييييب وحراااام تناقشو حاجة كيف هاذي. هذا يستاهل السجن بلا قلّو اقلية ومن حقنا....
البلاد داخلة في حيط السراق يسرقوا والفساد بركها الدولة والشعب لاهي بدغيج واولاد مفيدة
mamsatha
nafs rozen dali nahdi
masettttt .. laseeeeet nakrhou pffffff
ma5yeb lounou
amset zouz filhal9a
كرهتونا في المسلسلات 😵
مشكلت شكيب مع بن علي هي إلتقاطه للنساء كم أنت تافه يشكيب إنشاء الله تتعلم من عند لعباد إلي عمرها ما نكرت في أصلها مش كيفك نكرت في إنتمائك للنهضة
تاااااااااااااااافه ومااااااسط لاااااااسط ومنحط ومااااااارق ومساكن كان هاك المساجين ...هم الحبس وزادوا جابولهم هالشلاكة وماشي فيبالو يعمللهم فالمسرح !!!! اخخخخخيت اخخخيت
يجيب الرداد
Marzen mleyiktek w ma9al 7yek tfouh 3la hal mandher
ماصطة
ki zibla fi poubella
قرد و عطوه موزة.
مرييييييييييييييييييييييض
العيب فالي جابو واستدعاه باسم حرية التعبير اما قنات الحوار ضهر شكون اللوبي الي وراها .يا متاع المثلية يا سامي الفهري.العربي موش متاع حرية رجعولنا الدكتاتوريه
maset barcha kyarou fil radio w maya wini ? w rihem ben aliya masatha fi klamha b rjouliya kif maken klem ennes kir barchaaaaa
كلام الناس برنامج مختص في لمان الشلايك
Masta lasta tournage 3l 7ite
ya 5amej ya masa5
Chnakerhou halbhimmm
dharbitou edda3wa
ياسر مضروب في روحو
Pffff matefhek w mamestek 😒
إنسان ماسط برشا و ما يعجبنيش
مريض بمرض اسمه النهضة
Mala marek
امسط مخلوق على وجه الأرض
راك ماسط راك لاسط يا أمير و الله مالي بديت تظهر و لا عمري نتفكر مرة ضحكتني مالإخر ماكش ضامر بالكل
Molhed wild kalb
بصراحة جبري باااااارشا
mamstou  gdiiiiim
5wenji...............demou th8il
Ye w5ayeni mamstou w malkzou mehadhamtouch :/
ممسطها
Ma2sat
كلام الناس ومايا العاه‍رة ولطفي العماري المنافق ، ونوفل الديوث المايع ، وبوغلاب المرتزق.. دون ان ننسى سي علاء لمشاكلم الجنسية على اله‍وا ه‍ذه ه‍ي
خاطر فيه الزناء والفحشاء والشعب احيب يتفرج مع دارهم فى النفاق شعب غبى
يعطيكم هبطة الناس الكل جهنم و بؤس المصير
mahouch metrobi
تاااااااافهة و مستوى منحط فعلا خسارة فيها الجنسية التونسية
5mej w wsa5 rcd 9a3ed yo5roj.mala ntouna
ملا تفاهة
Etfouh 3likom elkol 7ata enachid lwatàni raj3ouh bil mezwed chay y2assef
mas lasit mahouch  idahek idahik ken fil jamhour mtaou bil flous
عورتو ي اماسيخ
ممسطه ومثقل ملايكته هل بدر عملولي منه بطل والبنات الكل هابلة عليه وهو كي الجحش
اتعيف مبلدك
Mossiba ta3 tounas
Tfooh
صعلوك بإمتياز
ماحلاكم
Ma5ybha tawa dahra rala 78i9tha bsmlaih mnha Ma5ybha ou haiya kiii chitan
توفيق الغربي ممثل فاشل و فكاهي ماسط لاسط
Tfouh
W7ed maset ki zebi
خخخخخخ تونس عندكم كلش محلل
Meskine chakib 3a9douh
Yesser masset
Wa7da 5amja we imas5a ou mtmathel 7ata mra tounsia lemra itounseya el 7ora ichrifa ili itala3 irjal wel 7rayer
مخ  الهدرة تحبوا عاللواط والسحاق والشذوذ ....باهي برشة!!!!!! الله يهلكم نحستونا وذليتونا بين البلدان تفو عليكم
Tfouh
مضروبة في روحها، مصطنعة و مخها  فارغ بدون تعليق
chay y3ayef eli ya3jbek fil7keya fi tounes ye5dho flous 3almsata
حمار سياسي
ياسر ماسط و رزين
صوتها خشين و يفجع !!
مخيبها هك
سلع مقلبة ... اذا خلى لك الجو فبيضي و فرخي
استغفر الله العظيم. جايبين شراب و ملهى في سيدي رمضان.!! تفووه عليكم خماج.!!😈
mella rahet mamistou
off marzan masrik inti willi  jebik
ممصطك ياحمزاوى  وبلله نقص من الهشاشة
mast ou blid barcha nans7ek bara trena sine7a 5ir
Ma555yeb rasou w mar5sssou kenou rajelll
Ppppffff
منافق و ماصط لاصط و جبري و تجمعي و طحان
كافون : ماسط و دمك رزين و مافيك ما يعجب هههههههههه",0,Tunisia
10530,"يا زبي ملا بلاد منيكة ولي صالح طول عمرو يعبد في ربي مات ردوه بترون قحاب و انا مقول علاش تونس ديما منيكة و تحت الصفر!! ههههههه""",0,Tunisia
10531,mamstou chbih mast mwa9fou 7ad pffffffffff,0,Iraq
10532,brabi ech mjayebkom fih,0,Lebanon
10533,أسفي على بلدي...هل أصبحنا في زمن نناقش ما حرمه الله,0,Modern Standard Arabic
10534,لعب ماسط وفكرة تافهة أيا كان تحصل مرا حبلا وإلا راجل عندو سكر ولا قلب .....خيت .....,0,Tunisia
10535,ملا حالة قحب حتي في شهر رمضان لا حولة ولا قوة إلا بالله سمحوني علي كلام لازوني,0,Libya
10536,"Masta  baaaaaaarch  _x000D_
Jaya testa3reth fi bdenha !!!!
صلاح مصباح طبيعتو ماهيش كيف العباد يتفلسف ياسر ويكبش وديما ماعاجبو حد والله سعات نشك فيه مريض ولازم يتفقد روحو عند طبيب نفساني.
ti kalb tajamou3i moch metha9ef go3r
مروي العركبي حرقتو المسلسل حكات كل شي ولالي ماسط مبلدها ومرمزها
Sa9ta
Maya 9souri y 9a7ba w Rjél rahi mazélt en tunisie tfohhh 3la zok omék
نذالة ثم جهل ثم موت
حمير تتجادل
ماسط لاسط
mousilsil fsed
mafhemtekch kifach wafakt tahder lel plateaux ma3 zina tayaht men moustawak barcha .ma3jebtnich
عمري ماريت أني..فنان و أصلع...ههههه أصل ما تركبش على بعضها...لاك إنت فنان و لا الوزغة إلي تحكي عليها...الفن متاعنا مات مع الهادي قلال و الهادي الجويني أحمد حمزة...آخر العنقود عندنا مازال فيه لطفي بوشناق..وسكروا جلغكم قلوا فن...فن إيييه أيها الابله...
الطفلة الصغيرة  طلعت ساقطة...باعت. اختها على خاطر راجل...خزوق يشدها  👎
Nee7eeebb naaa3reef chkouun leebhiima om tfool ili 3aatyaa dhneeha yaal3bouu biiha hakaa chaaayy yee39eeddd
mamstek c'est normal yakhi lta3mel fih
هو انسان معقد ما يعجبو شيء تشهر بغناية وبعد بابورو زفر وماسط لاسط
توفيق الغربي ردىء ومبتذل
نهضاوي كلب
لحاس
لا يملك أي صلة لا للثقافة و لا للفن و لا حتى للمناقشة في أي موضوع مهما كان محتواه ملخر فاااااااااااااارغ و ما ربح من التجمع كان البهامة. فنان ماذا ايه الأبله؟ ؟؟؟؟؟ كان انت بالتفاهة هذه و فنان مالا كمال التواتي شنوه أيه الأبله المعتوه المتخلف
الحصان هذا منتشرفوش بيه القوبسية لكل مسخ
بربي يزيو من النفاق امو وين الأمن يلاحق في مجرم يخي هما وحوش خليو الناس تخدم والحق في امو اللي مهيش متلاهية بصغيرها
مخيبك وليت يا فريال 😯😯 مكنتي اقعدا في تونس زي العسل مشيت المصر وليت بصل
Meskin meskin fdhah rouhou
Go3ra chway :/
تواواحدة تافهه كيف هاذى زايد لكلام معاها يكفيها الرد متاع وليد التونسى اما انا نقولها كيف يجيك ميبون  عرس بيه ورينا الى انت قدوة ومستعدة تاخذ مثلى جنسى والا زعام دزون فيهم وتنظرونا الى يلزمنا نقبلو لوابنا في مجتمعنا
Houwa ke cha5ss maset yser w kadheb ema ena m3ah 5ater tajamou3i
Meskin bader
ملخر مقداد السهيلي انسان مريض نفسانيا.. تاخذوش عليه !!!
tafeh
حيوان  المسخ تفووه على جد والديك الكلب
Lik wa7cha ya maalam
Mast lasat
وووووه ممسطها يعطيها صخطة ماشي في بالها عاملة برنامج ناجح هههه ملا جحشة
Tfouuuuuuuh 3la waldin om hathawra,,, Eli jabet ta7777777777an wekhouh, tfff tffffouh tfouh...Fdha7touna godem l3alem... Wmed wejhouho godem le3bed tfouh mella mandher...
السقوطية هاذي الكل تلقاها كان ف تونس ههههههه باعت أختها و من الحب ما قتل :o :o
شفت طحين وعمري ماشفت ارخص من هالطحان
ti ehchemo ya kelab
جعفور من اولها ماهو فاهم شى ههههههههه حقها حكاية الملك ياسر ماسطة
Masta :(
MALLA RAHA MIN BLID DEROUICHE
ya3tikom eklab
قاهر الجرذان
مستويات منحطة إيعايب في مرأة كبيرة ما يعرفش إلي هو باش إيجيه إنهار وولي راجل كبير
mala bleda
طحان يزاحم الإعلام.
raaak maset raaak laseeeet -_-
yesser tefeh w masset
Bjeh rabi le 3ad t3adiwha masta barcha
مااااااااسط برشااااا منحبووووش انا
tfouhhhhhhh 3la ha rahet natenn la7asss ta7annn mch rajell w ya 5ouya chakib enta elghalet tna9ech fi ensan lebhimm motrabii 5irr mnhom.
Rak maseta rak laseta
Ana  nekraha
وزير تربية و مش متربي
أنت واحد مسخ و فاسق و ما تشرفناش لقوبسية جيبتيلنة عار الله لا يربحاك يا كلب
Mala 9assida 3al le5ir massta
ملا فضائح
tfouuuuuuh 3lik
Hattahannnnn dima mad wejhou pfffff mabldou w marakou aabd
ما ينفع فيك كان شلاكة نيلون على اكا المنظر   توريك قدرك  يا خامج
mamsitkome
3maltoulna el3ar bhael mousalsel
ما تعجبنيش
Masatha bayrem m3a moufida
نهضاوي خوانجي مسخ
Pffffff wel ghriba famma 3bed ye3jebhom 7asilou marzen damou
ﺍﻟﻤﺨﻠﻮﻗﺔ ﻫﺬﻩ ﻣﺎ ﻧﻌﺮﻓﻬﺎﺵ ﺷﻜﻮﻥ ؟ ﺃﻣﺎ ﺗﻔﺮﺟﺖ ﺑﺎﻟﺼﺪﻓﺔ ﻋﻠﻴﻬﺎ ﻭﻭﻭﻭﻩ ﻣﺨﻴﺒﻬﺎ جاهلة و ما تعرفش تحكي وسط العباد ﻭ ﻗﺪﺍﺵ ﻣﺼﻄﻨﻌﺔ و ضعيفة شخصية ، ﻭ ﺯﻳﺪ ﻋﺰﻭﺯﺓ ﻭ ﻣﻌﻔﻄﺔ ﻭ ﺗﺤﺐ ﺗﻮﻟﻲ ﻛﻴﻤﺎ ﻣﺎﻳﺎ ﺩﻳﺎﺏ  .!!
ماسطه
جاي تسيب في عسولك و إنت أمسط منك ما فماش، و الدلاجي الي موش عاجبك شهرتو أكثر منك، و تحكي على رباعيات الخيام، إنت شنوه عامل، مكبشلنا في غروضات، و هاني عملت غناية لجورج من عام ككح... ريض لا يجيك بندير مان ولو إني نكرز منو زاده... تفووووو
ملا شلاكه ...تفوووه
زايد نهضاوي كلب
كرهتونا في البﻻد الله يقطع الزريعة متاعكم",0,Tunisia
10537,3lach maset fi klem ennes,0,Algeria
10538,خردة ڨديمة ههه,0,Tunisia
10539,Ilcheb wel3eb,0,Iraq
10540,ممثل لم ينجح الا في ادوار التقفيف والتلحيس والصبة وحتى في الدنيا انسان منافق جباااان ولحاااس,0,Tunisia
10541,tfih tou heth idha7k tfih 3la rmazetkom,0,Iraq
10542,Mastek ya mta3 salam monsieur mamstek ti wlh ma tji chay nans7ek nasi7a 5ouyia kan mchiit dabert nharat mrama 5ir  mala fthaya7,0,Tunisia
10543,الشيب والعيب ووقاحته لا تناسب عمره والكلمة الى قالها وكان يبدى قاعد بحذا بنته يرضى يسمعها   والان عرفنا ليش ما عادش يمثل لانه وقح,0,Yemen
10544,رمضانكم مبروك وكل عام وانتم مقاطعين قناة الحمار التونسي,0,Tunisia
10545,ها كفون وخي راك تحفون و عسل,0,Tunisia
10546,#ممصطووو 😝😝,0,Libya
10547,موش ضامر حتى طرف و زيد قاعد يفرك فيهم على الرجال,0,Tunisia
10548,هذا الكائن هو مفسد الجيل الجديد باغانيه الهابطة جدا كيما قبي قبي الصغار الكل يغنيو فيها و مزاطيل,0,Tunisia
10549,Brabi goul moukded yezi min klem feregh ou kali nes tekdem 3ala roha kol    raw kalamek mouch 3ajebni hata taref,0,Syria
10550,masset,0,Tunisia
10551,Mala sel3a :-P,0,Morocco
10552,Tha3leb,0,Algeria
10553,"ماسط وساذج في تفكيرو .....وقت اللي انسان يربط بين الشهادة ( شهادة أن لا الاه الا الله)وبين ما اصطلح على تسميته "" خوانجية"" ....ما تنجم تكون كان بهامة وغباء لا حدّ له",0,Tunisia
10554,Akber irhabi,0,Lebanon
10555,Merga,0,Morocco
10556,برنامج لمن لا اخلاق له,0,Oman
10557,امسط ما ريت في حياتي هاك شكيب بربي علاش حاطينو  راه ماسط راه لاسط,0,Morocco
10558,أكيد ولد حرام معندوش عائلة هاالعون الخامج,0,Tunisia
10559,ماسط لاسط >:(,0,Tunisia
10560,ملا منطق يحكي بيه وملا مستوى منحط,0,Tunisia
10561,مقداد يحكي على التربية و الأخلاق نسي روحو آش عمل مع فاطمة بوساحة ملا نفاق,0,Tunisia
10562,راك ماصط راك لاصط...راكم سلعه كلخه ما إتشيخشي الراس سخفاااااااااااااااء..._x000D_,0,Tunisia
10563,Bkolhom chkara wel b7ar,0,Morocco
10564,"قليل تربية و متشرفش تونس و كان في بالك تكبر على قاضي خاطرك وزير راك غالط. هو بضراعو ولى قاضي و تبرك الله عليه و انت بانتخبات مزورة وليت وزير و بحزب الكلو تلحيس و إنت تعرف يا وزير. اه يا بلادي موجة و تدعدى انشا الله و رب يجيب خير. _x000D_
Khorda
Ena matfarajtech mai na3rfo yeeesir irzin wmasit nawfil 5ir mafhemtech chya3mil ghadi moch blasto
هذا المهرج الابله الماسط جاي باش يسب النهضة فقط . قريت التعاليق الكل ولا واحد قال فيه كلمة باهية طلع مكروه بنسبة 100%
Teeefeh
Nawfil malla miboune w  manel 9ahba kbira
Ma3ijbitnich barcha
Bilhag nsibti la3ziza sna mastetha
Jabri ou mejee chay
سلعة زبالة وكاذب
حرام عليك ياسي سمير تستضيف هذا الشيء الذي اسمه مخلوف و هو متخلف و ليس مخلوف
اوفففف ممسطه ومثقل دمه الفرجة فيه ثواني توجع الراس
ناجي يا تكركيرة راك لحاس ميبون و محڨور اقعد لحس للحكومة القحبة اما راك كي الكلب باش يطيشوك على قريب
احمد الرحموني خوانجي متخفي مهمته تبييض الارهاب الاسلامي
kalab 7achakom
بروو الله يهلكم  كيما ناوين تهلكو عايلاتنا .شكون مازال يتفرج فيكم لاله لا يربحكم انشاء الله
ماسط لاسط :3
Mosalsel tefeh
Tfouh 3lik w3la lijebik
منافقين حتى النهضة باعت. رجالها.   يوم لا ينفع مال ولا بنون.     يا ويلكم. يا نهضاوية
انسانة تافهة برشة ..وممثلة شلاكة برشة في فيلم تاعب برشة وعاملة روحها ماتعرفش احمد الاندلسي مع انها هي النكرة ....غلط في الدخلة عزيزتى وفوت عليك الطرح ...هههههه
ya choumi
Yeeeeeeser fechel
ملا حالة تقول اماريكان مش بلاد مسلمين عيب عليكم  وحرام تروجوا في الفساد
massat wallah
بصراحة عيب من زوز مسؤلين
mamestou winou naoufel 5ala blastou
الكلب اشرف منك يا راس البصل
أعوذ بالله من الشيطان الر جيم
رجل تافه يحكي بعقلية تجاوزها الزمن
Tfouuuuuuuuuuuuuuuuuuuh
_x000D_
ربنا لا تأخذنا بما فعل السفهاء منا ....",0,Tunisia
10565,تقول ما نلبسش 2pièce في البحر و انت عريانه في الكليب عملتي العار,0,Libya
10566,M3alem mo9defd,0,Tunisia
10567,yesir tefih w w Massit  :P Aucune relation BIL comidie: P,0,Morocco
10568,mala 7ala,0,Tunisia
10569,Tfouh,0,Lebanon
10570,wajiha mastaaaaaaaaaaa,0,Morocco
10571,أكبرمنافق و كذاب الرجاء الإستغناء عنه باش نرجعوا نتفرجوا في البرنامج,0,Algeria
10572,3maltou el3ar. Karehtouna filmosaleslet,0,Morocco
10573,مسلسل اولاد مفيده اخطر حاجة تغزو ديارنا . فانتبهو,0,Libya
10574,Malla emmarek mgallba,0,Lebanon
10575,Maset maset maset,0,Egypt
10576,Mala maaaaaset,0,Morocco
10577,جهنم وبئس المصير,0,Yemen
10578,Ne9sin lkoz pfff,0,Syria
10579,تاتا بية في بالك راك عملت عار لازمة كبسة راك يااااااااااسر مصتنعة و تتشقنش و معاش طالع عليك خاطر أندادك خرجو للتقاعد,0,Tunisia
10580,Chalik barcha masit,0,Morocco
10581,kalebbbb y3awnou fi ereheb lil 5louha libled tfouuuh,0,Lebanon
10582,hhhh lotfi malla chleka,0,Tunisia
10583,"بصراحة تشمتت فيها هههههه على خاطر حقرت الراجل""إلياس الغربي"" و زيد مظروبا في روحها بالفارغ و  هاك جازاء إلي يحقر الرجال (الحقار يموت ذليل)",0,Tunisia
10584,Raja3 rohek w yezi rak karahet enas fik w ma3adch t9oulelna enou sawtek hor  . konet 9bal hor ama tawa la . ma t9oulech mekch khayef ya Samir mchala9 yaser .w chkounou othman batikh yakhi klamou a9wa men klam rabi! Radouk mar3oub testahlou,0,Tunisia
10585,Wlh nakrhou leleh fi sabil ellah,0,Syria
10586,masa5,0,Egypt
10587,خيه ملا تخلف يا ربي هزهم و رتحنا منهم منافقين و عملا كفار,0,Tunisia
10588,يا قناة الحمار يا قناة الدعارة يا قناة الماخور تفووووه عليكم و على كل كلب دافع عالمثلية الجنسية يا مسخين يا كلاب يا فساد لعنة الله عليكم و على ولديكم الكلاب يا مسخين يا ولاد الكلب خاصة الحصان الكبير لطفي العماري و الغلام أمين ڨارة و الكبول النكرة الممثل الي لابس أصفر و العاهرة ألي بجنبوا  شالله يضربكم زلزال  10 درجات و يهزكم طوفان ناري مخلط بالبركان يسحقكم يا طحانة تحاربو فالدين و الله يسحق دولتكم ألي خلاتكم تتكلمو بكل حرية!!! تفوووووووه عليكم و على ولديكم الكلاب,0,Tunisia
10589,بفففف شعندك غلية >_< ميبسك -_-,0,Tunisia
10590,Wooh 9adè nakirhou ma5yibou,0,Morocco
10591,nessta3reeeeeef behaaaa ya maneeel ya ka3baaaa .... hata ana yjini masset lasset y3ayef ghir yetmahbel,0,Yemen
10592,لا يملك أي صلة لا للثقافة و لا للفن و لا حتى للمناقشة في أي موضوع مهما كان محتواه ملخر فاااااااااااااارغ و ما ربح من التجمع كان البهامة. فنان ماذا ايه الأبله؟ ؟؟؟؟؟ كان انت بالتفاهة هذه و فنان مالا كمال التواتي شنوه أيه الأبله المعتوه المتخلف,0,Yemen
10593,كمشا كلاب,0,Tunisia
10594,والله هذي فضيحة قناة  اتروج للمثلية هذي كيما الزنا و أقبح كيم قال أحمد شوقي  انما الامم الاخلاق ما بقيت ان هم ذهبت اخلاقهم ذهبوا,0,Tunisia
10595,mamsatkom,0,Egypt
10596,tfooooouh 3lik ya kelb tawa heda mouhami  ya nessss,0,Tunisia
10597,عضو رزين و ماسط بربي ما عادش تجيبوه في التلفزة يقزززززززز ؛ ((,0,Tunisia
10598,ماسط لاسط .,0,Tunisia
10599,يا معلم راك ماسط !! تقعد مخيب راسك,0,Algeria
10600,Tfoooouuuuh,0,Morocco
10601,5iiiit ech nakraha,0,Tunisia
10602,نكرهو.  خييت,0,Tunisia
10603,وجهو وجه الطحين ورخس,0,Iraq
10604,wouuuuuuuuuuuuuuuh 9adeh mogleg za7 mohamed jbeli,0,Tunisia
10605,Blada werkeka,0,Morocco
10606,قابسي و منتشرفش بيه و راهو ديما متخبي في قابس,0,Algeria
10607,ها الطفل قلولو يسكت امان ناقصين احنا مصاطة,0,Iraq
10608,ممسطكم... هذي هي حرية التعبير إلي تحكيو علاها؟؟؟ الحر هو لي يعرف حدودو ...,0,Tunisia
10609,"الله لا يبارك فيكم و في الي تزرعوا فيه اليوم لاجيال غدوة من قلة حياة و فجور و كلام منحط .._x000D_
El hiwar ettounsi walla as9at 9anet  tfih 3alli ye5dem fiha we7ed we7ed
Alah la trabahkom la daniya w la   a5ra
ملا حثالة مستدعيه ، قواد ولحاس ، طيح مستوى البرنامج ، ما هذا !!!!!! زبلة
Lahess
شبعة خمج.اينما يقيم الجهل
الانسان هذا مافهمتش شنوه دينو وشنوه انتماءاتو علاش الي كيفك تجربوش تمشو لطبيب نفساني وتحاولو تتعالجو خير ملي تبقو تعاركو على ظاهره مرفوضة في مجتمعنا دينيا واخلاقيا وقانونيا واجتماعيا وطالبو بحق نشرها والتشجيع عليها ...انتم مرضى حاولو تتعالجو باش تكونو رجال موش تحاولو انكم اطورو الحاله متاعكم الي ماعندهاش حتى انتماء انساني
عار عليكم اليوم تجيبوا هالمناظر للتلفزة",0,Tunisia
10610,ma5ibha sahrya 5ater enti faha ya ma9ded,0,Tunisia
10611,عدم إحترام المشاهد من جميع الأطراف هي قلة حياء,0,Libya
10612,yar777em weldin weldikk bravooooo,1,Yemen
10613,Bravo amine...j'aime,1,Oman
10614,صراحة bravo أحمد الرحموني .,1,Morocco
10615,Souut w ziiin lee wlh bch tda5llouna f 7iiit,1,Syria
10616,ANAA N7bha,1,Lebanon
10617,Bravooooo walid,1,Egypt
10618,محترم و نموة علها,1,Tunisia
10619,ربي يشفيلك بوك،وان شاء الله غصرة وتتعدى،,1,Iraq
10620,Bravoooooooooooooooo w5ali nabara 3la jnab rak wa7dik m3alim,1,Tunisia
10621,Bravo,1,Modern Standard Arabic
10622,mahleha martek El 7a9 acheb mennek :),1,Tunisia
10623,Hlouwa yasr,1,Morocco
10624,أمنة فاخر أية من الجمال ولكي كل التحية من ليبيا,1,Modern Standard Arabic
10625,7aja 3alamiyaaaaaa ama sa5afni barcha el brinss ki meet 5sara ama vraiment 7aja mizyena barcha,1,Tunisia
10626,ضامرة و خفيفة و الشلابق خدامة ههههههههههههههه,1,Tunisia
10627,"تونسي يمتلك قدرة صوتية كبيرة،  اللي قام بيه ""إبداع""",1,Egypt
10628,maryem bravooo,1,Morocco
10629,Bravo lotfi wassel,1,Tunisia
10630,براافوا وليد انت تمثل الشعب التونسي واحمد الاندلسي زدا ولكلنا معاك,1,Tunisia
10631,جعفور يامهبلهوم مشاء الله نشيخ عليك حتي ونتي ساكت,1,Tunisia
10632,Thabbeeeeeeel 3jbetni,1,Syria
10633,wa7dek ya ja3fer ye3jebni osloubek ki tdha77ek ennas moch 3la 7sab la3bed kima ya3mlou barcha momathlin bon couraje,1,Tunisia
10634,وليد زايد معاك..كلمتك و تقولها..برافوو,1,Tunisia
10635,برافو,1,Lebanon
10636,ما شاء الله,1,Qatar
10637,احترمها .,1,Saudi Arabia
10638,braaaaavooooo enchallahhh lbe9iiiin yaaamlouuu kifouuuu 5ater touniisss tawwa bl 7a99 mest7a9thom,1,Iraq
10639,صوت ناضج وكائن نادر,1,Iraq
10640,برهان ملا وهرى كلام ياسر قوي,1,Tunisia
10641,M3alem dalajinou,1,Morocco
10642,Rajell w m3alem tounsi wakahou,1,Morocco
10643,La bravo mariem raw3a fi tamthil,1,Tunisia
10644,si samir ne7tarmek w baramjek nej7,1,Morocco
10645,Ma7leh lensen kiyebda 3ala tabi3tou mouch normal thebbil hhhhhhhhhhhhhhhhhhhhhhhhhhhhhhhhhhhhhhhhhhhhhhhhhhhhhhhhhhhhhhhhhhhhhhhhhhhhhhhhhhhhhhhhhhhhhhhhhhhhhhhhhhhhhhhhhhhhhhhhhhh,1,Syria
10646,Hhhh vrimou tayara bravou :),1,Lebanon
10647,Bravo wasli,1,Morocco
10648,برافو كريم محلاك و محلا أخلاقك ربي يعاونك,1,Tunisia
10649,صوت رائع جدا,1,Saudi Arabia
10650,محلاها وجيهة ياسر نحبها ممثلة كبيرة و متمكنة و تعرف اش تقول و بالتوفيق ان شاء الله,1,Tunisia
10651,Lotfi abdeli maalem  jibou  lotfi,1,Lebanon
10652,Mitrobi bsaraha .,1,Tunisia
10653,Ma7lehom lawled yecer y7ebou b3adhhom,1,Syria
10654,ممتازة ومتمكنة في التمثيل لكن نريدوا الجديد,1,Iraq
10655,سيدكم,1,Tunisia
10656,يعجبوني الاخوه إلا يبدو يدا وحدة,1,Libya
10657,ma7lk w ma7la zink w bravi 3la el mosalslete el 3malthom,1,Tunisia
10658,برافووووووو وليد و ربي يسترنا دنيا و آخرة,1,Tunisia
10659,a7sen mouselsel 9a3id yet3ada houa we alou jeda,1,Morocco
10660,برافو  شكيب,1,Tunisia
10661,مفكر كبير ...,1,Palestine
10662,رانا نحبوك بزاف فالجزائر.سياسي محنك معتدل.ربي اكون معاك,1,Algeria
10663,sa7bi  wkhoya dima mwaher,1,Morocco
10664,N7bha ou t3rf tmathl,1,Tunisia
10665,…تبقى احلى مذيعة ❤,1,Saudi Arabia
10666,Bravo bravo bravo bravo bravo,1,Iraq
10667,macha2a allah,1,Tunisia
10668,"Rabi y5alilek akel tho7ka""",1,Yemen
10669,tbarkallah 3likom ama wini lamis,1,Tunisia
10670,Bravo...,1,Tunisia
10671,Bravo  amine,1,Tunisia
10672,#براااافووو وليد  عجبني موقفك,1,Algeria
10673,Kafon  <3,1,Syria
10674,معلم لطفي,1,Iraq
10675,3alami kafon n7ebou barcha 😉😘,1,Morocco
10676,m3alemmmmmmmm,1,Saudi Arabia
10677,ريم الرياحي مافماش منها برشا و قليل تلقى ممثلة بالشخصية هذه _x000D_ بصراحة تبارك الله عليها هذه تمثل المرأة التونسية ممثلة و متربية و عندها شخصية توا البعض من الممثلات على خاطرهم معروفين عاملين لعجب _x000D_ نحب نقوللها برافو ريم و ان شاء الله توالي في كل رمضان موجودة في التلفزة التونسية ان شاء الله دائما في نجاح و تقدم,1,Tunisia
10678,تحيا احمد الاندلسي و وليد التونسي رجال تونس صح جازاهم الله كل خير,1,Tunisia
10679,M3allem,1,Morocco
10680,NAWART TV ELILA NCHALLA DIMA  MAWJOUD,1,Syria
10681,Ma7lek wallah 3asla,1,Morocco
10682,mala 3ab9rino ya rayan barvo,1,Lebanon
10683,Wlh baketni bravoo 5adouj :* :*,1,Lebanon
10684,Ja3four inta ili mhaliha sahria bravo 3al barnamej l5ayri,1,Tunisia
10685,يا شيخ راك معلم ومنك نتعلم برافو,1,Algeria
10686,تحفففه قدااه راقيه  عجبتني,1,Tunisia
10687,تبارك الله عليها,1,Morocco
10688,Bravo,1,Modern Standard Arabic
10689,جعفور انسان محترم فدلاك ومحبوب من عند الناس الكل :-),1,Morocco
10690,راجل,1,Libya
10691,Bravo ye3jebni,1,Saudi Arabia
10692,تبارك الله عليك يا نور وحدك و زايد معاك,1,Tunisia
10693,bravooooooo jaloul wallah,1,Syria
10694,Enti Rajel ou nés ...,1,Morocco
10695,مثال للمرأة التونسية,1,Algeria
10696,Bravooo,1,Iraq
10697,Metrobi mouch kif ijale4 la5er,1,Tunisia
10698,Benet  bledi bravo 3lik,1,Tunisia
10699,لطفي انا جزائرية اما نموت عليك شخصية توب ربي يحفظك,1,Tunisia
10700,قناة ناجحة بكل المقاييس و الاكثر مشاهدة في تونس,1,Libya
10701,زيد ظهر روحك في الميدان قادرة بش تتصنف لولة في التمثيل,1,Tunisia
10702,Inhebha,1,Lebanon
10703,Momtez weli ya3jebni fih torbitou wa5le9ou we7tiramou w ta9dirou ledhyoufou,1,Syria
10704,Ti3jibni barcha w min a7san el moumathlin fi tounis,1,Morocco
10705,La9ta hlouwa,1,Lebanon
10706,مشالله عليكم الزوز,1,Libya
10707,Ya 3youuuuuuuniiii  ahh ya 3youniiii <3 <3 <3,1,Tunisia
10708,Bravooooo sami mala dhahik,1,Tunisia
10709,To9tel bedha7k,1,Morocco
10710,Trop classe te3jbni w kol wehed 7or fech yelbes w kil aada ahna ki ti7 lbagra tokthor skekenha saybou tofla te5dem ma7leha w ma7la klemha,1,Tunisia
10711,عجبتني منك هجوا من امثالك,1,Tunisia
10712,حلوة الحلقة,1,Saudi Arabia
10713,Bravoooo,1,Egypt
10714,ونعم الأخلاق,1,Morocco
10715,Bravo 5adija,1,Morocco
10716,مريم مريمتي ......محلاك مريومة وفسخ وبدا من جديد ....,1,Tunisia
10717,Vraiment motrba wa3leha leklem bravo,1,Tunisia
10718,انشاء الله ربى يشفيك يا احلى رحمة في دنيا لكل خالي امانك بربى قوي فان الله على كل شئ قدير و انت يا رحمة راك عسلة و وردة مفتحا انشاء الله ربى يفرجها عليك و على امة محمد اجمعين ♡♡♡♡♡♡♡,1,Tunisia
10719,Bravo Rim <3,1,Oman
10720,محلاهااا لفازة ومحلاهم لخوات هكا <3,1,Tunisia
10721,ﺍﻟﺤﻮﺕ ﻋﻠﻴﻚ ﻛﻴﻒ ﻧﺘﻔﺮﺝ ﻧﺤﺲ ﺍﻟﻲ ﺍﻟﺘﻤﺜﻴﻞ ﻓﻲ ﺗﻮﻧﺲ ﻋﻨﺪﻭ ﻣﺴﺘﻘﺒﻞ 3assal  wjiha jandoubi :*,1,Tunisia
10722,meli tabda sitkom w a7na nadh7kou .............ma7leha  karim 8arbi bravo <3,1,Tunisia
10723,1000 bravoo,1,Morocco
10724,etbarkalh a3lih dhamir w 3ssal,1,Morocco
10725,Ammouna a7na elfans mte3ek n7ebouk wna3 ch9ou soutek nchallah dima nej7a wmnayretna y'a ghalya 😘,1,Tunisia
10726,3assla,1,Lebanon
10727,Dhamr ma7leh,1,Lebanon
10728,احسنت استاذ,1,Saudi Arabia
10729,ja3four ya m3adhebhom,1,Syria
10730,Walahi rajel ya jalele,1,Morocco
10731,Me7leha ti3jibni,1,Algeria
10732,اعز رابارات في تونس بلطي و كافون,1,Tunisia
10733,مشاء الله,1,Saudi Arabia
10734,جعفور ياتحفون ربي يحميك مالعينين ووصل رك top,1,Tunisia
10735,مرا زين و عين و تربية و ضخامة و فيناس و كلام موزون و في بلاصتو برجولية محلاهاا مراا ♥,1,Tunisia
10736,فنان,1,Libya
10737,Machalla,1,Tunisia
10738,Bravoo nour 3la ghnaya kafiya.merci b1.bon courage.,1,Tunisia
10739,Mezyena,1,Algeria
10740,mouch normal  m3allém semi l féhri,1,Morocco
10741,Aymen fanen w 3lih leklem 😍,1,Jordan
10742,احلي سامي,1,Iraq
10743,شيك وسانباتيك,1,Syria
10744,Oui 3ijbitni 😎,1,Morocco
10745,فنانة باتم معنى الكلمة,1,Egypt
10746,Thabel,1,Saudi Arabia
10747,barcha bravooo,1,Morocco
10748,قاهرهم,1,Tunisia
10749,Tayaraaaa,1,Morocco
10750,Bon ta7founa moch 5ayba rabi m3ha,1,Morocco
10751,ta7founa,1,Tunisia
10752,Mnawrin,1,Tunisia
10753,زينة ماحلاها بنت بابالله,1,Tunisia
10754,ja3four mwaher ya 5ouya rak a7la ka3ba ;)<3<3<3<3,1,Tunisia
10755,hhh 7afletha,1,Lebanon
10756,اقوى صوت ومن احلى الفنانات والمطربات في العالم العربي,1,Jordan
10757,Tayara,1,Tunisia
10758,Yfataaaaaaaaaaa9 💛💚💜,1,Egypt
10759,ماشاء الله كلامك تحطوا على الجرح يبرى,1,Saudi Arabia
10760,M3alem badroch,1,Algeria
10761,حلقة اليوم رائعة خاصة مع الفنان المبدع الرائع حسين الديك,1,Saudi Arabia
10762,انت معلم,1,Egypt
10763,hhhhh 9talni b dho7k bravo sami,1,Tunisia
10764,Ma7la zinha 3asla,1,Tunisia
10765,a7sen men nawfel el werteni b 10000 marra,1,Tunisia
10766,يعطيك صحة عطيتهالو تحت وذن كيما قال الفاهم,1,Tunisia
10767,Mahleh wzirna rabbi yfadhlou w ya7mih  w y5alih lbledna,1,Syria
10768,bravo sami el fehri abda3t  :),1,Tunisia
10769,bravo olfa,1,Iraq
10770,ماشاء الله و‘ربي يكون مع الجميع,1,Morocco
10771,مسلسل قوي,1,Yemen
10772,جعغور انسان باهي برشا الناس الكل اتحبو ربي ايخليك جعفور,1,Tunisia
10773,احترامي سي رؤوف. .يزداد تقديري لك بعد كل اطﻻلة ....الفنان الذي ﻻ يناقش قضايا شعبه ﻻ يستحق ان يكون فنانا,1,Oman
10774,يعطك الصحة سامي مسلسل طيارة... و اللي قاعد ينبر برب منغير ماتتفرج😍😍😍,1,Tunisia
10775,Mahlek walah wallit thabbel bezzin :*,1,Saudi Arabia
10776,برافو  والله معلم,1,Tunisia
10777,ربي يجازيكم,1,Qatar
10778,Ma3alem,1,Lebanon
10779,حمد الرحموني أشرف من جميع المرتزقة,1,Morocco
10780,whdék ya daléjiii wécha3b m3akkk ya stoufaa,1,Morocco
10781,tayaaaaraaaa karim el 8arbi ma9tla dho7ik wahdik 3sl <3,1,Tunisia
10782,برافو وليد و لعاقبة للبانبينو,1,Tunisia
10783,3saaaaal maryoumaa :*,1,Morocco
10784,روعة روعة روعة ماشاءالله تبارك الرحمن عليها برافو برافو برافو,1,Saudi Arabia
10785,3aychouchti rani nmout 3lik !,1,Morocco
10786,بصراحة تصلح تمثل ادوار كوميدية اكثر من درامية,1,Saudi Arabia
10787,"👏""",1,Egypt
10788,mala ka3ba bravooooooo,1,Saudi Arabia
10789,bisara7a ja3far 7inin barcha wi ti7is bih i7is bilfou9ara ana ya3jibni wi inchach3ou,1,Tunisia
10790,شخصية كبيرة فما إبداع في أعمالها و هذاك هو النجاح الحقيقي ربي معك إنشاء الله,1,Tunisia
10791,lm3além,1,Algeria
10792,Fanana jamila daeman ani9a,1,Morocco
10793,Ana fatma ta7founa rabi y5alaha arwa3 tofla,1,Tunisia
10794,Bravo kilma 7a9 t9alet fi blassetha,1,Yemen
10795,خمسة و خميس عليه يفهم ياسر في تونس حاوس تفهم,1,Tunisia
10796,Bravo Mme Meherziya,1,Lebanon
10797,Berjouleya kber fi 3ini 3ale5er wallah,1,Iraq
10798,men ar9a el aswat,1,Tunisia
10799,"MAHLEEEEEK YA JA""FOUUUR",1,Lebanon
10800,باج مزيانة و فها خدمة تحفونة الباج,1,Morocco
10801,tbarakkah 3la southa (y),1,Tunisia
10802,ممثلة كبيرة ومحترمة ولايوجد منها الكثير في تونس,1,Oman
10803,y m3alm y chai5  dima mnwarna,1,Tunisia
10804,bravo,1,Morocco
10805,M3aaaaaalm <3,1,Algeria
10806,enta m3alem (y),1,Algeria
10807,Bravoooo,1,Egypt
10808,Lotfiii dima m3allem... Bsara7a lazem ydha7akna,1,Iraq
10809,Ma3lam enta m3alam ya ma3lam enmout 3lik,1,Tunisia
10810,فكره حلوه و تضحك حتى نحن مستحقين الضحكه يعطيك الصحه يا سامى ربى معاك و يوفقك,1,Libya
10811,Bravooo,1,Iraq
10812,نختلف معاك برشا اما راك مبدع يا سامي برافووو,1,Tunisia
10813,Dima mwaher ya si Fawzi,1,Morocco
10814,Hbeeeeeeeeeeeeel hhhhhhhh,1,Lebanon
10815,Hhhhhhhh ma7lehom,1,Yemen
10816,يا أحمد يا كافون راك صاحبي و برجك كيما برجي و أنا نساندك و نشجعك ♡♡♡,1,Algeria
10817,Bravo t3jebni cha5siytha,1,Tunisia
10818,itbarkalah,1,Jordan
10819,lotfi abdeli rak el 7ob 😘,1,Lebanon
10820,hhh yessr masssta,1,Syria
10821,chab3a tho7k bravoooooooooooo,1,Tunisia
10822,Nour  esm 3la mosama,1,Morocco
10823,معلم يرحم والديك برتلي على قلبي,1,Tunisia
10824,bravo Daleja .,1,Morocco
10825,bravo,1,Morocco
10826,yessir daloula ama ma7leha n7isha kifi,1,Tunisia
10827,Wajiha te3jebni,1,Lebanon
10828,صوت جميل تبارك الله...,1,Morocco
10829,3alamiaaaaaaaaa,1,Morocco
10830,3ebdelli a7sen moumathel . 3ebdelli a7sen comédien.,1,Morocco
10831,تبارك الله عليه وربي إوفقو وإنجحوا ويحميه,1,Morocco
10832,Mahlaha lfaza wallah <3,1,Tunisia
10833,شخصيتو تحفونه و ابتسامتو رائعه ظاهر ولد اصل و قاللكم بصريح العباره انا نغني باش نصور الفلوس لذا سيبو صالح.,1,Iraq
10834,يعجبني و محلاه ، و أحسن رابور  .. نشاله ربي يعطيه ما يتمنى,1,Tunisia
10835,الكبير كبير صديقي <3,1,Saudi Arabia
10836,Mahlek ya  zina,1,Syria
10837,Bravo walid,1,Jordan
10838,Bravoooooo,1,Egypt
10839,Badir tayara,1,Morocco
10840,ممثل هايل كرمك الله  rabi ifadhleeek,1,Tunisia
10841,m3alem ja3four lghali je t aime,1,Tunisia
10842,Wajiha mon amour <3,1,Morocco
10843,معلم سيد الرجال ما يشرفوش يقعد بحذ امسخين حشي الرجال,1,Libya
10844,Te3jebni w mahich masta kif barcha minhom inti,1,Syria
10845,zin w 3iin w souut w adab,1,Syria
10846,وجيهة انت ممثلة كيف نتفرج فيها نحس الي التمثيل في تونس عندو مستقبل...واصلي ...مع كل احترتماتي,1,Tunisia
10847,برنامج علاء رائع,1,Saudi Arabia
10848,3sal,1,Oman
10849,wajiha l3asoula rabi ya7afdhk,1,Tunisia
10850,احسن مخرج في تونس حاليا سامي الفهري قوة في الافكار والسيناريوهات شكون موافقني !!,1,Libya
10851,شي يعمل الكيف ،،نحن نعشق الحوار التونسي,1,Sudan
10852,M3elem keep going,1,Lebanon
10853,rak tayer ya semi,1,Tunisia
10854,تبارك الله عليك و دموعك غالية :* و برافو خاتر ما عادش تلقى فنانين يعتذرو في وقنا توا,1,Libya
10855,تحية  وتقدير  لشجاعة هذه البنت و مامدى تخلفنا نحن العرب عندما نرو مخلوق ناقص او مريض و تحية احترام و تقدر  للاب الذي   ضحى من اجل شفاء بنته ولم يرميها في المستشفيات مثل بعض الوالدين...,1,Saudi Arabia
10856,rawwwwwwwwwwwwwwww3aaaaaaaaaaaa,1,Algeria
10857,Bravo wa walid  rajel wa sid irrjal,1,Lebanon
10858,Brravou ana 3jibni,1,Tunisia
10859,moumathla tbarkalah 3liha wmen a7sen moumathlet bravo wajiha,1,Tunisia
10860,احترم هذا الرجل من اليوم لغدوة,1,Oman
10861,معلم,1,Oman
10862,بردلي على قلبي في لي قالوا لشكيب..بارك الله فيك كرمك الله راك من احسن ممثلين,1,Morocco
10863,Hhhhhhhhhhhh y a m3alamm,1,Yemen
10864,سيدة محترمة و مثال للمرأة التونسية,1,Algeria
10865,bravo,1,Morocco
10866,يعجبني تمثيلها كذل زوالية أما يعطيه صحة,1,Tunisia
10867,Dima mnawar,1,Morocco
10868,samir wafi ya m3alem,1,Morocco
10869,ما احلاها رحمة و ما احلى كلامها و ما احلى عائلتها و ربي يفرج عليهم و يحميهم,1,Jordan
10870,Bravoo ta7foun barcha 😍😍👍👍,1,Morocco
10871,محلاها ياريت زوجتي,1,Tunisia
10872,Ye3jibeniii barchaa ...ou rabii m3ah 😂😂😂,1,Tunisia
10873,صحة افطورك عجبتني الحلقة هههه كوميديا 👍,1,Jordan
10874,جعفر ممثل بارز في المجتمع ربي يوفقه,1,Yemen
10875,برافو خالد شوكات ....,1,Morocco
10876,برافو برافو برافو برافو برافو برافو برافو,1,Lebanon
10877,روعة....آداء وصوت جميل,1,Algeria
10878,Bravo 7aja 7lowa,1,Tunisia
10879,ma3llem nour ;-),1,Morocco
10880,رجل قانون و مثقف,1,Algeria
10881,واصل كريم,1,Sudan
10882,لطفي العبدلي احسن كوميدي و احسن ممثل و ديما منور تونس,1,Tunisia
10883,Mousalsel behi barcha bravo,1,Morocco
10884,Eni 3jebni walid elila bravoo,1,Morocco
10885,Mahleha se3a <3,1,Tunisia
10886,جميلة,1,Saudi Arabia
10887,قال كلام ياسر باهي .. بالدات كيف حكى على محمد العياشي ..إللي أعطى مثال في الأخلاق .. والمصالحة  من أجل تونس ..,1,Tunisia
10888,Bravoooooo a3likom 😀😀😀😀,1,Egypt
10889,batal kouya Rajjel w Sid rjel bravo Lkol me 9olt  brabi سلام مسيو fahmou 9adrou  3malhom,1,Syria
10890,بو زينها محلاها,1,Tunisia
10891,Waywaaa!!!!,1,Tunisia
10892,برنامج رائع بالتوفيق,1,Iraq
10893,bravo,1,Morocco
10894,Bravo mariem birasmi bravo ;) :*,1,Tunisia
10895,Bravoooooo   sami,1,Saudi Arabia
10896,mra w 3leha leklam .,1,Tunisia
10897,Ouiii tahfounn,1,Morocco
10898,Barvo,1,Sudan
10899,Ena 3ijbetni barcha,1,Morocco
10900,bravo sami,1,Morocco
10901,bravo olfa,1,Iraq
10902,Maalem ♥,1,Egypt
10903,bravo,1,Morocco
10904,Machalah,1,Oman
10905,لمين النهدي إنني إمبراطور المسرح و الضحك  في تونس,1,Modern Standard Arabic
10906,Tayaraaaa,1,Morocco
10907,جعفور راك امعلم,1,Tunisia
10908,Bravo,1,Modern Standard Arabic
10909,Bravo la9ta kolha ehses w 3arfet twasel ehses lahdha hethika bravo,1,Tunisia
10910,أحن أب لأرق بنت,1,Lebanon
10911,bravoooooooo et bon courage <3 <3 <3,1,Morocco
10912,ممثلة متمكنة من انظف الممثلين في تونس بالتوفيق ان شاء الله,1,Qatar
10913,Mra w a3liha leklem,1,Lebanon
10914,Il wehed ki chouf haka bnet tbarkalah alehom a5lek o 5lou9 i9oul hamdoulah mazel fama il khir fil denya bravoooooo bnet asel  net3almo minhom....mahma keno ilweldin 9asin wala ghaltine dima houma tej fou9 rousna,1,Tunisia
10915,Mahlekoum rab ya5lkoum le ba3thkoum,1,Syria
10916,awel nahthaoui ye3jebni,1,Morocco
10917,صادق عللخر,1,Tunisia
10918,خدام,1,Egypt
10919,bsara7a a7la 7aja tfrajet fihafi ramdhan tayara 3al le5er dha7akni men kol galbi,1,Tunisia
10920,ههههه يعطيها الصحة عطتو كلام حلو مخلط بالعظام,1,Iraq
10921,Assel machallah aliha,1,Tunisia
10922,طيارة....... يلزمنا انشجعوا الفن اتونسي مهما كانت صفتوا.,1,Tunisia
10923,wini  maya  wahadha  bsaraha,1,Iraq
10924,هبااااااال شبعة ضحك,1,Tunisia
10925,كلامو معقول ان شاء الله ربي يحفظ بلادي تونس لعزيزة راهي موش لعبة,1,Tunisia
10926,راجل ومش في وجهك,1,Libya
10927,أحسن حاجة عملها سامي الفهري حاجة متوقعة _x000D_,1,Egypt
10928,3assoulllaaaaaa,1,Morocco
10929,3sallllllll karim 💟💟💟💟,1,Lebanon
10930,Wlhi ta7foun 5ir m'en 3arbi mezni el Marty,1,Tunisia
10931,برافو جعفر وريتهم اصالة و تربية المدنينية موش لازم اطيح قدر العباد و قدرك بش تنجح ربي يوفقك,1,Tunisia
10932,3jbni kan fayzi ben gmra dima 7a9i9i.,1,Tunisia
10933,Msali 3anibi 3leha ta7iya kbira leha waleh mra w 3liha leklem li3a9a i3a9et la5le9 w laysat ljasad hedhi hiya l3azima,1,Tunisia
10934,يخلق الضحكة من أي حاجة بصراحة يضحكني برافو,1,Tunisia
10935,برافو يا شيخ تدخلات في محلها و ردود مقنعة و خاصة مع المتنمر لطفي لعماري,1,Sudan
10936,"Ena baketni :'( _x000D_
في كلمتين وليد يا راجل ويا معلم البارح كنت سيد الموقف موش كان في رأيك على المثلية لا اما في دفاعك على زميلك واحمد الاندلسي 90 في المية من التوانسة معاه
Bravo sami
Ana walhi ma7lha
Machalah 3leha
To9tel bel wahra w klemk na9rawah fel kteb
Bravooooooooo kar8m
M3alem
من احلى الممثلين في كلمة تهبل :*
محبوب وباهي وتستاهل كل خير
Bravo kafon
مبروووووووك ربي يهنيكم :-*
3asla
Ahsen wahad lmoumathel zayad m3ah
rak m3alem
ma7léhom m3ahom rabi nchallah
Bravo
شخصيه بدر حلوه اما انت منعرفوكش بالقدا ربي يهنيك
oui bravo
M7lehom mwahrin dima
ba7bou7 dha7ak mel5er behi
Thabelll
Machaa allah
oui a9wa la9ta
Rajel w sid erjel. Tbarkallah torbia w a5le9 w sout w rzana w nour. W brabbi haka zina el gassrinia orzon wahf 9addekech go3ra w mostawek motadanni
<3 :D
Bou zinou nmout 3lih :* <3
يعطيك الصحة و انت بالامثل
حاحة حلوى عالاقل واحد منا  يلقى  علاس  يتفرح  هههههههه
Tbarklh 3lihom
Wwwwwww mabanhaaa
mahleh southa
Bravo
Ya walid rana n7ebouk ama na9es mi 4a7ek
محلاها و صوتها حلو اما نحسها تتفينس اكثر من لازم
Nmout 3leha
tbarkalah  alik
ديكو  وتصرفاتك التلقائيةإلي خلات البنوتة تحملك ودمعة _x000D_
3ajibni tamthilkom kol 5ater fiha bacha koumidia :* :)
برافوووو جعفر يعطيك الصحة و ربي يتوب عليك مالسوائل...
A9wa tha7ka mousalsal habla 😘😘😝
مبدعة
t3jebni  barcha w n7bha ena mdbeya dima nchoufwha fi jdidha nchalh
Mashallah 3leha 7anan eshograni 3asoula
Kel 3ada ja3four dima tfarhadna w th7akna w ta3mlena jaw rabi iwaf9ak
Rak m3alma
tounseya 100%
جيد واصل ربي معاك
Bravoooo sami
Tayara berjoliya
راجل وعجبتني وبرافو
مادام حكيت موقفك بكل شجاعة ضد الوبنة و الموبنة احترمتك برشا.. راجل بصراحة و عملنا عليك كيف.. واصل
Tfate9 fi tamthil w thabel fi  zeen
Hhhhh bravo wlh
ربي يجازيك خير علاء
nmouuuut 3lih w n3awed el mousalsal 3la 5atrou
يعطيه الصحة
Raw3a
bravo yogtel b de7ek
Bravo walid
3ejbetni 3ale5er 3andha cha5seya ta7founa
Sami braaaaaaaaaavo
Raw3a
وحدك يا معلم
ma7leha 9adach ta3jebni
سيدة محترمة و مثال للمرأة التونسية
شن هالجمال هذا ...
Nour ala nour mchala fawzi be gamra 👍👏✌
مهما يحدث يبقى لمين هرم الكوميديا
نور شيبة فنان صوتو حلو غناياتو باهين ربي يوفقو وزيد يمتعنا بالغيانات لكن بالنسبة لبية زايدة ليوم
أنا احبها يعجبني دورها
نع بوزينكم
Chapeau walid
لمين  النهدي  إمبرتور المسرح   التونسية
اقسم باله بنات عسل ربي يحفظهم ماشاء الله على تربية امهم
Ma7laha essa3a moumathla tayara ta3jebni w tha7ketha thabel rir dawrha hatha matath7akech fih .7a9ha chbik ya sami ma3ayatlich fi dlilek mlak 3malet kasting  w t3ebet n7aretha men 9 7atta el 15 w felle5er ma3ayatlich 5sara sa3a ana bdit ne7lem
كبر في عيني مدام بوه راضي عليه
7al9a 7lowa bravo amin et tous les invités surtt ja3fer <3
Bravo ya3tih sa7a
lakta mouch 3adya tbarkalah wake3iya walah
فوزي بن قمرة نحبوا اغانيك ونحترموا رأيك لأعتزالك الغنى
مااحلاك يا ولد المنستير في صوتك وتربيتك
bravo 5adouja wasel
ليلى متمكنة برشا من المسرح
Hahaha bravo walah ma9tla tha7k :D
صوتو ماشاء الله  ومتكامل فنان محترم و مشرف تونس
سبحنك رب ما اعظمك سبحنك رب ما ارحمك سبحنك رب لك كل الحمد وكل الثناء عليك لا اله غيرك ولا رب سواك بارك لهذه السيدة وبارك عليها وخصها بعزتك وكرمك يا رحيم حوطها بجنودك في حرمة حدودك من اراد بها سوئ دمره بكيده فيه _ اجمل تحياتي بالسلام عليك ايتها المراة المجاهدة
نحب نقول برافو لوليد 👍👍👍👍
Raw3a sitkom hhhhhhhh :-D
برافو امين حلقة متميزة ...ضيوفك من تراز رفيع بردتنا على قلوبنا من نبارة...ونقلك يا انصاف اليحياوي راك دائما متالقة او مزيانة ..اشنوا السر؟؟؟؟؟
برافو و ربينا معاك يا حاج كيما بيقول المصري
مسرحي بارع،ومثقف،وواعي ويعرف اش يحكي و كل كلمة في بقعتها،وهو من الممثلين المسراحيين،الي عندهم وزنهم في البلاد
Bravo
Ya3tiha isa7a baketni wallah
انت احلىىىىىىىىىىىىىىىىىى منهااااااااااااااااااااااااااااااااااااااااااااااااااااااااااااااااااااااااااااا
Maryouma enti 3la tbi3tek a7la
Ma7leha 3azouztiii
Sotha Behi barcha
To7fa ya m3aaaaaalem
Myziena w mosrara
Bravo
رجل
wahdek olfa
.بصراحة ولد عايلة و متربي و يعرف شي خرج من فمو.
Metrobi
برافو لطفي كمل إخدم على روحك
Ma7la zinha
Vraiment tayara l7al9a
Jafour bravou chabou lik
Sot w ibda3 mousi9i raw3a
نهاية تحفونة انا عجبني المسلسل
La79i9aaa yasser classe ouhhh ne7bha
Vrmnt tounsiiiiii ♥♥♥
سى ناجى مرة هادى باش نقلك برافوووووووووووووووووووو و انا الى مستانسة ننقد فيك لا مرا هادى ما نيش باش ننقد الاخاطرك عجبتنى و اقنعتنى بكل مواقفك و اراءك و بكل كلمة قلتها خاصة كى قلت ساحارب اافساد و باش نرجع اامدرسة هيبتها و قيمتها و فرحت زادة كى شكرت اانقابة تعليم ااثانوى ايا باهى انشاءلله ديما علاقتكم فى صحفة ااعسل
Bravo صوت رائع
Wahdekkk ya nour  machaallah ala soutek.
Motrobi wnes mla7 wnchallah ykamel hka ;)
Bravo ja3four . Braditli 3ala 9albi . Ma i7ibouch il mezwid w houma akbar chatta7a hhhhh
مريم أرجعي والله توحشتك أنا كليم نتفرج فيك محلك
برافووو برافووو يعطيك دودة
روووووووعه  .... حبيتكم الكل
Bravo maryouma mahlek
Bl7a9e bravo
3ejbtna w tehabel mais wa9tach yt3awed lmosalsel???
Ya weldi rana 3arfinek m3ares ama rak m3alem👍👍👍👍👍
Bravo kadija
Se3a ma7leha fi koul chay ken na9esto mel bou4edh well 7asad mte3kom w tilhito f rwe7kom Ray lebled b 5ir ken il4iraa mekletkom
Bravoooo sami abda3it
فنانة محترمة ... لأنها تحترم في الخدمة لي قاعدة تخدم فاها
قمة ما شاء الله عليها
قوية برشة اللقطة أداء أكثر من رائع
سامباتيك والله يخليلها شبابها
انا نحبك نموت عليك ياجعفور هذه بوسة من عندي
Bravo 3lih 9ad dawrou bikol confiance",1,Tunisia
10937,نحسها ممثلة متكاملة ثقافة وفن و اخلاق و تواضع.  في كلمة محلاها >3,1,Tunisia
10938,شابة تونسيّة تعرف شقاعد تعمل bravo,1,Morocco
10939,Bravo si naji w rabi m3ak w hmdl l9ina chkoun  ye5dem b thamirou,1,Tunisia
10940,Jaafour habalhom b rouge hhh yeser sympa 9adech nhebou,1,Lebanon
10941,انحب انقول لحسين الديك انت في قلوبنا و قلوب سورين تونس وا لا سوريا بلاد واحدة,1,Tunisia
10942,تحية  و احترا م  للباجي,1,Sudan
10943,ja3four 5ole9 w 5lou9 rabbi ya7mik,1,Syria
10944,Chab3a dha7ek il lila,1,Tunisia
10945,فنانة,1,Syria
10946,Malla dima ani9a,1,Morocco
10947,ربي يوفقك ونشوفوك ديما ناجح ومتالق .,1,Tunisia
10948,3assoula mcharfetna,1,Morocco
10949,ma7lèk 3Aychoucha  w inchallah ta3mel ma5ir :*,1,Morocco
10950,عسل يا زهرة,1,Egypt
10951,Mahlakom thaaaaaablou rabi yohroskom Mel 3in wemel hasdin,1,Yemen
10952,3sall 💝💝 j'adore,1,Morocco
10953,3asla,1,Saudi Arabia
10954,جعفوووور يا معلم واصل ربي معاك 😘,1,Jordan
10955,لمين معلم يبقى ديما معلم,1,Tunisia
10956,Bravo naji 👍👍👍👍👍👍👍,1,Jordan
10957,Bravo alla chabi,1,Tunisia
10958,جعفور هبلهم بالروج 😆,1,Tunisia
10959,مرا تعجبني برشا,1,Tunisia
10960,هههه تهبل,1,Libya
10961,Ma7lahom bakawni 😢😢,1,Morocco
10962,Bsara7a 7lou bravoooo,1,Tunisia
10963,انحبيك و صوتك مزيان,1,Morocco
10964,Walhi yeser metrobya w mettha9fa ta3jebni  yeser meth5ma,1,Iraq
10965,W sami barvo barvo barvo,1,Lebanon
10966,a7sen la9ta,1,Morocco
10967,Tayara,1,Tunisia
10968,Bravoooio,1,Iraq
10969,تعجبني ياسر,1,Tunisia
10970,Ma7lekom,1,Lebanon
10971,Serwel a7mer m7asbi ya m3alem,1,Morocco
10972,Ma7lek 3aycha,1,Algeria
10973,Tayara,1,Tunisia
10974,hhhhhhh ma7la zinou <3 <3,1,Tunisia
10975,Mallemaaaaa,1,Morocco
10976,M3alem w rajel,1,Tunisia
10977,amine metrobbi khir men nawfel b baaaaarcha,1,Iraq
10978,يا جبل مايهزك ريح والمعلم يقعد معلم,1,Oman
10979,Mchlh 3lih bsarah ensen yhabell,1,Syria
10980,ما شاء الله عليها مؤثرة,1,Saudi Arabia
10981,راجل و له الاحترام من الشعب ربي طول في عمره,1,Tunisia
10982,Tbarkala alik wajiha fanana chamla w kamla w thohka 3sal,1,Tunisia
10983,ههههه برافو عجبنيي ياسر المسلسل,1,Morocco
10984,انا نحبهااا,1,Libya
10985,مزيج بين الشجاعة و التلقائية و خفة الظل و قاعدة معلوماتية كبيرة  فيما يتعلق بكل المستجدات  خاصة منها الثقافية,1,Algeria
10986,مشاء الله,1,Saudi Arabia
10987,Ya3tiha essa7a iyeser 7lowa,1,Tunisia
10988,يعجبنى راجل وسيد الرجال,1,Egypt
10989,روع في التمثيل (y),1,Tunisia
10990,جمال و أناقة ماشاء الله,1,Sudan
10991,sawt raw3aaa oumaimaa bravooooo,1,Morocco
10992,كان يعجبني برشا أما يا ليتني ما تفرجت فيه الليلة,1,Tunisia
10993,Bravo 100/100,1,Sudan
10994,برافو وليد محلا كلامك بردتلي على قلبي والله وربي يسترنا,1,Morocco
10995,Mahlek o mahla klamek o mahla lebstek andek 7othir tayara nheebha barcha andha wahreetha,1,Iraq
10996,m3alem si fat7i w klemo lkol s7i7 w la3meriii tha7ekto zeyda,1,Iraq
10997,Ma7leha el7al9a bravo sami et toute l'équipe,1,Morocco
10998,Ne7ebha,1,Lebanon
10999,Oui mahlaha,1,Morocco
11000,te3jebni yesser eleguente,1,Syria
11001,ابصراحه روعه,1,Yemen
11002,ooooww jaw 3lih,1,Lebanon
11003,Bravoooo tayara yeser ya3ref ymathel,1,Yemen
11004,ابدع,1,Iraq
11005,bravoooooooooooooooo,1,Syria
11006,الفضل يرجع لأمهم الفاضلة اللي ربتهم تربية سليمة ة ما خلتهمش يهزو الغل لبوهم كيما بعض النساء اللي اول ما تطلق تكره اولادها في بوهم و اهله ....الله يحفظ البنات ما احنهم,1,Tunisia
11007,وحدك يا وليييييييييييد  انت احسن وحيد,1,Lebanon
11008,"جميلة جدا و منورة البرنامج
إنت معالممممممممممممممم
تباركلا عليها  نجمة الزغيدي
te3jebbni ya jebbni
وحدك يا مدام في الوهرة . مرا وعليها لكلام
Tayaraaaaa
وحدك في الوهرة ...نحن نعشق الحوار التونسي
Vraiment bravo
فنانة رقيقة وياسر كلاس. تعجبي ع الاخر. كاني مش معرسة وعمي يعطيها نخطبها توة والاقربون اولى بالمعروف..
(Y)
مهدي شخصيتو حلوة
من احسن و ارقي الممثلين و كلامها ياسر تحفون
عذرا لم أجد كلمات كي أمدحك ♥♥
Ma7lah sami
machallah
9ema fi jamele wel ana9a
ربي ينجحك و يوفقك نتمنالك كل خير يا سامي برافو واصل
Bravo etofla hathie machalallah 3liha moumathla kbira w koul bi jad mouch tamthil..
A7sen Moumethel ye3jebni barcha
M3alm ra7ma la
برافو توفيق ميحيس بزوالي كان زاولي✌
جعفر حلاها الحلقة
Ahsin",1,Tunisia
11009,يعنبو وينك مرزنك و محلا اخلاقك يا نور شيبة,1,Tunisia
11010,ma7lahoummmmmmm,1,Lebanon
11011,Bravo Taoufik !,1,Tunisia
11012,A7ssen moumatel.,1,Morocco
11013,خمسة و خميس على جعفور ديما محفلها,1,Tunisia
11014,3sal,1,Oman
11015,الغنايه ناجحه الصوت ناجح,1,Iraq
11016,Wa7dek ya barhoum,1,Lebanon
11017,محلاااااااااااه صوتها تقولش طفلة صغيرة كلها احساس ..بصراحة الاصوات القوية موجودة برشة لكن الاصوات الي فيها الاحساس العالي نادرة وقليلة حبيتها,1,Tunisia
11018,bravooooo oumayma,1,Iraq
11019,mahlak ya mde mehrziiya,1,Syria
11020,olfa ben romthan rond point mta3 ané9a w jamel w torbiya w fan yeser n7ebek w netmanelha koll najé7 <3,1,Tunisia
11021,Bravooo wlh da7ka,1,Morocco
11022,Mais bravvvvo tayir il mousalsal il wa7ed 93ad koll lilla yestana fi 7al9it ghodwa.,1,Syria
11023,tbarkala 3lik ya emna sout wzin dima fikemel ane9tek,1,Tunisia
11024,معلم وحدك لسانك يغزل الحرير,1,Yemen
11025,A7la artistowet illila Ja3four+Noor,1,Syria
11026,Behia,1,Lebanon
11027,ye3jebni...ensen mo7aaayed mouch ki laslala3,1,Morocco
11028,raw3aaaa,1,Morocco
11029,7al9aa 3alamiaa __❤❤❤,1,Morocco
11030,ماشاءالله  خويا عليك,1,Morocco
11031,أنا نموت عليك وإنت سيدهم الله يحميك,1,Tunisia
11032,الحلقة اليوم هائلة,1,Algeria
11033,ماشاء الله مالا زين,1,Tunisia
11034,أنا برجولية تعجبني,1,Tunisia
11035,Momathla 9adira te3jebni barcha,1,Morocco
11036,7ouuuuta 3lik bent bledi #wa7dou_zin_l7oudoud :-*,1,Tunisia
11037,B1 wejiha,1,Morocco
11038,جعفر بكل بساطة انسان في زمان فقدت فيه هذهالكلمة قيمتها وجوهرها  فالى الامام ووفق الله.,1,Yemen
11039,mwahar sami,1,Tunisia
11040,Il CHi5 t7ifa m3alim :),1,Morocco
11041,تعجبني برشا هي إمرأة تحفونا,1,Tunisia
11042,Bravoooo,1,Egypt
11043,بِسْم الله ما شاء الله,1,Qatar
11044,Balti bravo a7sen rapeur n7bou,1,Iraq
11045,معلم يا كافون....,1,Tunisia
11046,7low,1,Lebanon
11047,ممثلة تونسية قعدة تخدم على روحها انحب انقوللها كمل اخدم هكا راك في قلب كل شخص تونسي,1,Algeria
11048,Raou3a,1,Tunisia
11049,Ma7leeeha,1,Lebanon
11050,bravo,1,Morocco
11051,احسن انسان ما شاء الله,1,Qatar
11052,Mahlek mariem tbarkallah 3alik,1,Tunisia
11053,"A7la 3youn fi dnya 
احلا جعفور ولد بلادي ولد مدنين ام التمر بلابيه الضحكة ما تحلا
Sem7a
Bravo badar
M3ezhom le5wet :D
<3 <3
امرأة بألف رجل ..اعشقها ❤️
صوووتها يهبل
نمجدوها خاطر مرا تستحق التمجيد هي مثال لكل مرا شخصيتها ضعيفة وهي مهياش مسكينة المسكين هو الجاهل العاجز  عقليا . أنا اثرت في المرا بصراحة خاطر رغم كل شي تحدت نظرة المجتمع ووصلت وراجلها أكيد يستحق التقدير أما هو حبها هي خاطرها إنسانة طموحة تصنع من الضعف قوة وبربي نقصوا من الفكرة الذكورية الي ديما تحب المرا في تبعية للرجل . أنا نحيي كل مرة شخصيتها قوية وتعمل على روحها وماتضعفش
yasser finesse w dho7ek mouch f blastou
ألفة بن رمضان فنانة بكل المقاييس صويت ولا أروع .وإلي محليها أكثر خفة روحها موش كيما بعض الفنانات الي كل مرة تمرجونا بيهم
Rajel Walid dima s7i7
احترم هذا الشخص
yasir ta3jebni nhebha bercha fanana wa3liha leklam hdhour ra9i tbarkalah aliha
m3allem
ماشاءالله
Mate3jebnich bel kol
بصراحةعبد الفتاح مورو اقوى سياسي في تونس
wa7adha
9dche dhamir nmout 3lik karime
Tbarkallah a3lik vraiment mawahoba w yeeeeeeessser yod5ol l9aleb
Bravo najla zine wrzana
معلم في كلمة
Bravo
برافو لطفي نحبك صريح
برافووووو خديجة واصل
Vraiment khadija c'est un star bravo
ربي يطول في عمرك وراك امبراطور الفكاهة لاقبلك ولا بعدك
Mala f5ama ou fyena ou sout 3andek
bravo fekra e7louwa bar8a ya semssoum
Bravo
Weld 7omti kafon w 8neyeto :-)
toktel mahleha
برافو وليد وحدك
vraiment bravo bakewni m3ahom
te3jebni barcha 7ata ena na3ref enmatel semi
أنيقة ^^ و لاهية بروحها.. وحسب الريبورتااج.. ماتفلت شي كل شي حاسبتو بالمليي.. وبالنسبة لفنانة هاذي تعرف خدمتها بالباهي خخخ. #تشجيع :)
و الله تبارك عليه حلى السهرية
bravou tahfoun barcha
Ma7laha dima motal9a
برافوا
Akthaer i3lemi jeri2
m3alma
شحال نحبو
ضحكة  التلفزه راك يا جعفور
بصراحة مرأة و عليها الكلام  أبدعتي حقا...بالفكرة والبسمة التى لا تفارق وجهك...تونس في حاجة لأمثالك
Ma7lekom ena zeda in7ibkom
m3alma berjouliya
تحفونة
بحبوح و ياسر متربي و ربي يوفقك واصل
Klam 7a9 bravo rajel
bravo   tawfik  ..fanene  7asess  w  y7es  b  enes   fi klem   enes
ياسر حلوة اللقطة هاذي
Weld houma 3arbi.......  Maaleeem
وحدك جعفور. ...
انا جزاءري و نقول لبلطي احسنت صوت ماشاء الله اخلاق و تواضع وبنتي سمر 5 سنين اما تموت على اغانيك. ان شاء الله ديما الى الاحسن و تحيا تونس
يعطيك اصحا سامي
M3aleem ama bkayyyyy hhhh
دخلت لقلبي يا ربي محلاها
Tbarkallah 3lik ken jet la3bed lkoul kifek Ray tones b5ir
Bravoooooio
HHHH #CHAKIB😂😂😂😂#HSAIN 😂😂😂😂#BRAVO 3LA JAWEB HHHHH
Ibravo 7anan
Bravooooooo khadoujaaaa
bravoooooo
Bravo amine continue vers la réussite
Bravooo alaa w rabi yleme chamel kol 7ade b3ide 3ala omo
bravooo yeser ta7foun sitcom ma9tla dho7k wbarcha chleba9 hhhh
لا المعلم جملة و بدون منازع
Bravo 👏
Ana n7ebha
mahlek w mahla zinak
Wahdek ya K2rym <3
m3alm ya walid walahi baretli 3la 9alibi
#راجل
tayarra
Enssen ndhif akhle9ou 3alia ye3jebni
Raw3a
Rajel bou zinak
جعفور يا معلم وحدك سهرت نتفرج على خاطرك
behiii
راجل طلع
3ssal
بصراحة رائع تونسي ماهوش منافق
bravoo olfa j'<3
M3alem barcha sur tt ja3four kartha mta3 dho7k
راجل
Nhebha
inti lem3alem rabi iwaf9e9
محلاك يا جعفور
تحية تقدير ناجي جلول
thabel mechallah 3aliha yesser mesrara wmezyena
7out 3lik
bravo  3ala   wa  alf  mabrouk. pour  mona.
❤😘😚❤😉😘❤😘
brvoo lotfiii ente m3lemm• w bch to93ed m3alem kol me etzid nabrtek :) ;)
A9wa monachet ye3jibni bravo
Mettha9fa ou ta3raf ta7ki  wasil haka ya3tik isaha
men a7la elmounachtin fi anja7 9anet
Sa3a 3aza thabell
Yaser bakatni.bravo
أكثر حاجة تعجبني فيها هي كلامها :-p
ena 3jbetniiiii brchaaaaaaaaaaaaaaaaaaaaaaa
Bravo hssiin eddik 9omt belwéjb wzyéda
cha9nosa yaser a5ih :3
bravooooooooooooooooo naji jaloul
احلا كادوريم
Dj costa rak m3alem
La classe <3
وحدك يا رشودة في الوهرة :)
برافو فوزي
Awel mara hal9a behia w tfarhed
والله بردتلي على قلبي يا احمد
ﺃﻋﺰ ﻭ ﺃﺣﻠﻰ ﻭ ﺃﺣﺴﻦ",1,Tunisia
11054,Lkolha 7elwa moch kan 3iniha,1,Morocco
11055,فنان و  عليه الكلام ، عبرة لمن يعتبر في الاخلاق .,1,Tunisia
11056,m3alem bourjilia w illi ma yefehmouch yelzmou ya9ra 5 ans plus le bac,1,Syria
11057,Bravo 👏 wasel w Rabi m3ak . ama enti motroby w machalh 3lik w ana personnellement fanek y3jebni w yeser 7lew,1,Iraq
11058,bravo,1,Morocco
11059,BRAVO SI JALLOUL,1,Lebanon
11060,"انت من الممثيل اللي ترفع لهم القبعات 
Bravo bent bledi :*
Ana y3jebni mhma y9oul
Hhhh mahlahom bnet jaw
Ma7laha sa3a ta3jabni ana
walid+lotfi <3 <3 <3
moumathla kbira w ray3a bravo
برافو امين حلقة متميزة ...ضيوفك من تراز رفيع بردتنا على قلوبنا من نبارة...ونقلك يا انصاف اليحياوي راك دائما متالقة او مزيانة ..اشنوا السر؟؟؟؟؟
ma7léh klem innes bléch chékib :p
أمنة فاخر صوتها حلو .. و مزيانة و  ديما عندها ما تقول صريحة برشا <3
3jebnyy barchhaaa bravooo <3
tayara barcha
wlh tfatta9 bravo wled Moufida
❤
Ma7lek maryouma
Mala tho7ka
Bouhmid ya em3alam rajel ahmar wallah😉
Mnawrin etounisiya
وجيهة الجندوبي فنان راقية جدا و متواضعة و معندهاش الزايد
dima mzahy lbarnemejj
ma7leh wallah
برافو ريم تبارك الله عليك خليقة و خلوق   هاذي المرأة التونسية فنانة و عليك الكلام تعجبني بشرة و محلاك ديما متألقة .....♡♡♡♡♡♡♡♡😁😀😊😅😑😕😙😘👧❤👱💇👄👏👏👏👏👏👏👍👌
M3alemmml
Lsanek y8zel la7rir .bravo
Yaw5ayeeeeeni mala rajel rahou 3saaaaal. W kelmtou y9oulha ...hedhi irjouliya wala lawa7
انت معلم و احنا منك نتعلم 👍👍👍👍👍👍👍👍👍👍👍👍👍👍👍👍👍👍👍👍👍👍👍👍👍👍👍👍👍👍☝👍👍👍👍👍👍👍👍👍👍👍👍👍👍👍👍👍
dima lfou9 ya m3alem
Bravo قوة تمثيل مبدعة
Amiin motrobi
مشاالله
Ma7leha
سي جلول يعطيك ألف صحة و ربي يبارك فيك
Mwaher
ماشاءالله
Ja3four ya ghali. Zeyed m3ak
نحبها وبرشا زادا
Mabrok <3
 بصراحة تعجبني محرزية محترمة،كلامها حلو ،قمة في ادب و حتى حاجة تغششها تأخذها بكل برودة ..ومزيانة و انيقة
hhhhhh mala hanen 3sellll trés spantané
بالنجاح و التوفيق لأمين قارة... نحن بحاجة لمنشط مبتسم و تلقائي و أكيد أول حلقة يكون أي منشط متخوفا قليلا ثم شيئا فشيئا سيتحسن في أداءه و يتعود على البرنامج و يتحكم في البلاتو أكثر... و أنا أرى أنه نجح نوعا ما بالنسبة للحلقة الأولى من كلام الناس... و أرجو أن لا يتأثر بتعليقات بعض التونسيين لأنهم لم يعجبهم أحد و لن يعجبهم أحد و أقترح عليهم أن ينشطوا البرنامج حتى نرى إبداعاتهم... و متأكدة أن التونسي النبار هو أفشل واحد و لو وضع نفسه في مكان من ينتقده و طلبت منه أن يقوم بالعمل بدل المنشط أو الفنان أو الاعلامي الذي لم يعجبه ستكتشف أنه أفشل من الفشل و أنه مبدع فقط في التنبير على الفايسبوك. مشكلتنا أن النبار لا يشجع أحدا بل يحطم كل ناجح قبل أن ينجح و يقود أي إنسان للفشل حتى لو لم يكن فاشلا، فهو لا يترك له فرصة للعمل ليفشل أو ينجح بل يضغط عليه حتى تنهار معنوياته و يستسلم و ينسحب. أمين قارة نصيحة أقولها لك لا تتأثر بأي تعليق سلبي، اعمل و تألق و أبدع و حسن من نفسك و قدم كل ما لديك من طاقة و دع عملك يتحدث عنك في الاخير.  و لا تنتبه لما يقوله عنك الناس لأنك مهما فعلت رضاء الناس غاية لا تدرك.ربي معاك
Bravo olfa wallah
قليل تلقى خوات هكا",1,Tunisia
11061,Bravo semi,1,Tunisia
11062,wa7dek ya layla fra7et b3amek mo9ded,1,Tunisia
11063,klemou logique w ya3ref ya7ki  bravo  :),1,Syria
11064,Raw3a machaalah a3lih,1,Tunisia
11065,اميرو ❤❤,1,Tunisia
11066,برسمي محلاهم اول مرة نرا خوات كيف منهكا روح وحدة  تحسهم هه عينايا دمعت اصل خخخخ,1,Tunisia
11067,Bravooooo si jaloul tmanite ki konet ena na9ra enti wsir nte3na bravoooo et bon continuation,1,Morocco
11068,برجولية زوز بنات ينطبق عليهم مقولة يرحم ولدين الي رباهم,1,Tunisia
11069,Wa7dek ya semi 3andek tal3at hbel bravo,1,Tunisia
11070,Bravooo hanenn  ya jamila rak tdhahek we mahla dhahktek <3,1,Saudi Arabia
11071,Bravoo,1,Iraq
11072,hhhhhh taaaaaaaayeeerr mch 3aadii raak 😘😘😘😘 😍😍😍,1,Tunisia
11073,منعرفهاش أما عجبني كلامها برشا,1,Tunisia
11074,وحدك في الوهرة...,1,Tunisia
11075,Rajel,1,Tunisia
11076,Ma7lek Samia,1,Morocco
11077,Mahleeek ja3fouur dima naje7 w met2ala9  wetfarhed etwanssa met8ibch 3lina,1,Morocco
11078,محلااااها..نحبها برشا و منورة كلام الناس,1,Tunisia
11079,Thabbil moto,1,Lebanon
11080,Lem3alem bravo,1,Tunisia
11081,وحدك في الوهرة يا كيمو و بكلهم غايرين منك.نمووووت  عليك محلاك,1,Tunisia
11082,to9teeel,1,Lebanon
11083,ممثلة تحفونة برشة,1,Tunisia
11084,وجيهة فنانة  <3,1,Qatar
11085,Bravo welid,1,Morocco
11086,معلم و راجل كي خليتهالم و خرجت ناس ما تخافش ربي قلو حرية #حرية_ماذا_أيها_اللوطي,1,Tunisia
11087,Nmout 3liha,1,Lebanon
11088,Bravo klem ennes hal9a 3lamiya et barvo weld jam3iya rabi im3ak,1,Tunisia
11089,hhhhhhhhhhhhh mala jaw 3la slim,1,Iraq
11090,Bravo 😘,1,Egypt
11091,un bon acteur .. bravo (y),1,Iraq
11092,Bravo khadija raw3a ama bakitna ma3ak,1,Tunisia
11093,انتي ممثلة بارعة و متالقة،وفرضت وجودك في بلادك،ومحبيتش تخرج خارج الوطن تلوج علي الشهرة كيما زملاء ك المومثلين برافو,1,Tunisia
11094,nhebk barcha  hiya wwajiha jandoubi,1,Lebanon
11095,Bsara7a ma7leha w ma7la southa,1,Morocco
11096,ممثلة قوية,1,Saudi Arabia
11097,bravo semi,1,Tunisia
11098,A7laaaaaa ja3fouuuurrr bravooo,1,Morocco
11099,Bravoooo,1,Egypt
11100,A7la wa7ed fihem,1,Morocco
11101,7al9a ta3mel lkiif ya3tikom esa7a❤️😂😝,1,Tunisia
11102,Hhhhhhhh. Chab3a. Dho7k  wallah 🍉,1,Tunisia
11103,Mahleh . bravo,1,Tunisia
11104,صافي سعيد ماشي جاي عالبرنامج اعملولو برنامج احسن,1,Morocco
11105,7al9a 3alamia,1,Morocco
11106,معلم من قبل كبير وزاد كبر في عيونا عندو قلب كبير,1,Tunisia
11107,Wallah maalem wahdek ya jaafour,1,Lebanon
11108,Bravo meryem,1,Morocco
11109,بصراحة  دنيا أخرى مقاتلة ضحك والله bravoo  😂😂😂😂😂😂😂😂,1,Morocco
11110,وجيهة الجندوبي من أقوى الممثلين في تونس.,1,Libya
11111,"بنات فحلات و على طبيعتهم،  بنات اصل يرحم الي جاب و يرحم الي ربا""",1,Tunisia
11112,nawfel mtrobi wa rajel 3likom,1,Morocco
11113,محلاهم و محنهم البنيات والله سيودة,1,Tunisia
11114,معلم و كلامك منشبعوش منو (y),1,Tunisia
11115,yeser damer ya lotfi :p,1,Tunisia
11116,محلاها ومحلا صوتها تعجبني,1,Tunisia
11117,ما نبالغش..كنقول تونس كاملة #تحبها كممثلة ناجحة ومن أحسن الممثلات في تونس  <3,1,Morocco
11118,نحبها,1,Tunisia
11119,3andha mat9oul fi rou7ha,1,Tunisia
11120,Hanene ya assla,1,Lebanon
11121,مرا تونسيه و عليها الكلام  زينة يا بنت القمح و بنت شعير ما احلاك خليييييك هكاكا ❤️❤️❤️🇹🇳🇹🇳🇹🇳🇹🇳,1,Libya
11122,bravo,1,Morocco
11123,معلم و تبقى ديما معلم,1,Algeria
11124,تمثل مليح، اما الكلام موش مفهوم,1,Tunisia
11125,"المرزوقي ""أنت رجل والرجال قليلون"" :_x000D_",1,Egypt
11126,Bravooooo,1,Egypt
11127,Beravo si enaji,1,Algeria
11128,Saha lotfi enti lpatron wel kapou bravo 3lik frer,1,Algeria
11129,"bel7a9 tbarkallh 3lih khdija""",1,Iraq
11130,فنانة مبدعة و راقية و عسل ♥♥ نحبها,1,Algeria
11131,bravoooo,1,Iraq
11132,tbarkallah 3leha,1,Tunisia
11133,برافو الصحبي يعطيك الصحة,1,Tunisia
11134,Awel mara yi9oul 7aja tasla7,1,Morocco
11135,هشام الخلصي يا معذبهم والله معلم نقطة وأرجع لسطر (y),1,Tunisia
11136,محترمة أنا تعجبني :*,1,Tunisia
11137,Walid ettounsi ya m3allem. Sidhom,1,Morocco
11138,Tahfouna,1,Morocco
11139,نوووفل خييير,1,Saudi Arabia
11140,راشد يا معلم يا معقدهم,1,Tunisia
11141,Kol le7teram lih fanan bel7a9,1,Syria
11142,Bravvvvvvvvo  tayarrrrrrrrr   lawled,1,Iraq
11143,Nmout 3aliha 3azouztii :*,1,Tunisia
11144,Ma7laha zinha wmahla zinha,1,Tunisia
11145,a7la sout  !! bravo..!,1,Lebanon
11146,Ye3jebni barcha bon courage,1,Syria
11147,انت احسن فنانة في تونس ربي معك وراني نحبك برشششششش,1,Algeria
11148,Bravoooooooo,1,Egypt
11149,جعفورا يعمبو زينك اكثر واحد كل ما نتفرج فيه يضحكني 😘,1,Tunisia
11150,نجلاء انت ممثلة كبيرة و انا نحبك برشا و نتبعك برشا اما نقولك  الصوت و لغناء سيب عليك خليك في  دائرة التمثيل  يزي خليك محبوبة  ^_^,1,Tunisia
11151,A7la wahda fe plateau,1,Syria
11152,حسين الديك منور  تونس راك و صوتك أحلى ماسمعت _x000D_,1,Algeria
11153,برافو احمد الاندلسي راجل وابن راجل وموقفك كله رجوله,1,Yemen
11154,Rabi yfathlek wye7mik 3amou t7ifa,1,Tunisia
11155,ديمة منور امين بوجود (:,1,Tunisia
11156,ARTISTE W FENEEN KIBIR YANA N9OULW BRAVOO,1,Lebanon
11157,bravo sahriya tayera w inchalleh dima heka min ghire siyesiyine ili jew kasroulna rousna,1,Iraq
11158,حسين الديك كريزمة وفنان فريد في فنه,1,Tunisia
11159,جعفور صحيح إنت ضامر و الناس لكل نحبوك أما أحسن حاجة فيك عجبتني كيف كل مرة تظهر في لون المرة هذي في اﻷحمر,1,Tunisia
11160,والله جعفر القاسمي إنسان ضااامر و بشوش انشالله ربي يثبتك علي فعل الخيرp:,1,Libya
11161,M3alma,1,Yemen
11162,ربي يوفقك وانشاء الله من حسن الى احسن,1,Morocco
11163,راجل وسيد الرجال هو و الاندلسي بردولي على قلبي,1,Algeria
11164,Ta7founa,1,Morocco
11165,rabi ysounek,1,Syria
11166,3sal :),1,Oman
11167,طيارة 😊😊,1,Sudan
11168,معلم,1,Oman
11169,مزينة,1,Morocco
11170,والله يعطيكم صحة  bravo,1,Morocco
11171,yhabél na3mbou zinou ena w tt la famille nmoutou 3lih ♥,1,Syria
11172,Wi moumathla ta7founa 3al5r <3,1,Tunisia
11173,rajel w sid erjel,1,Tunisia
11174,Yaambou zinou yhabbell,1,Syria
11175,تعجبني بصراحة,1,Iraq
11176,Mra o 3liha l klem (y) 3sal denya o sha5seya 9weya :D,1,Tunisia
11177,Ma3lem ye sami,1,Syria
11178,ملا وهرا,1,Tunisia
11179,hhhhhhhhhhhhh wlh mala ka3ba hedhaaaa byraasmyyy maalimmm,1,Lebanon
11180,ربي يفضلها. ..أنا بصراحة يعجبني,1,Libya
11181,فنانة بڤد. ونقطة وأرجع لسطر,1,Egypt
11182,Thabel,1,Saudi Arabia
11183,Bravo,1,Modern Standard Arabic
11184,me3lem badar,1,Morocco
11185,Ja3fou  m3alem,1,Algeria
11186,برافووووا وليد قلت كلمة حق وعبرت على راي نص الشعب التونسي,1,Morocco
11187,حلقة ممتازة,1,Saudi Arabia
11188,Machaalah tbarkallah,1,Tunisia
11189,Heyel,1,Syria
11190,اول مرى ماشي في بالي فنان لاكن ظهر في الاخر فنان  كم انت كبير يا ابن الخضراء,1,Libya
11191,♥♥♥,1,Egypt
11192,Bravo  ناجي جلول,1,Tunisia
11193,Bravo rajil,1,Tunisia
11194,احلى النساء,1,Jordan
11195,Mahleha 3aycha n7ebha barcha,1,Syria
11196,احلى تنائي,1,Iraq
11197,M3aaaalma,1,Morocco
11198,3ajbatni barcha barcha baaaaaaarcha,1,Morocco
11199,waaaaw bravoo,1,Morocco
11200,برفو وجيهة وقعية في كلامها وامرأة ذات شخصية متكملة آناقة وثقافة,1,Tunisia
11201,Mawhra dema tab9a sa8era,1,Tunisia
11202,bravo,1,Morocco
11203,Ja3four ya mhabelhom rak tayer 7ota 3lik,1,Tunisia
11204,Bravo landolssi,1,Lebanon
11205,أحسن برنامج,1,Jordan
11206,Tayaraa,1,Tunisia
11207,عسل,1,Palestine
11208,Tahfouna,1,Morocco
11209,M3alem,1,Lebanon
11210,اي مشكورة,1,Qatar
11211,Vraiment tayara barcha,1,Morocco
11212,M3aalam,1,Morocco
11213,Bsaraha mkatel dohk .bravoooo,1,Tunisia
11214,احلى بية في تونس,1,Egypt
11215,ena 😊❤👍,1,Morocco
11216,بتوفيق وجيهة الجندوبي انت احسن ممثله تونسيه  نتمنولك التوفيق و رنا نحبوك الكل,1,Libya
11217,Hhhhhhhhhhhhhhhh hayla,1,Lebanon
11218,ممثلة ناجحة و ممتازة w nshallh mn 7asèn 2ila 2èsin,1,Morocco
11219,تهبل فلة محلاها كلامها,1,Tunisia
11220,ja3fouuuuuuuuuuuuuur bonne courage,1,Algeria
11221,بنت القيروان برافو,1,Libya
11222,انت معلم و احنا منك نتعلم يا جعفور 😉,1,Palestine
11223,bravo ;),1,Qatar
11224,Mahla zinkom,1,Lebanon
11225,أحسن كوميدي تونسي الكوميدية متاعو تدخل للقلب بدون إستءذان  برافو جعفور واصل هكا :*,1,Tunisia
11226,ماللخر محلاك وحدك يا جعفور,1,Tunisia
11227,كلام جميل مالوش بديل.,1,Egypt
11228,يا شيخ عبد الفتاح مورو يا معلم,1,Egypt
11229,Ya3jebni osloubou w 5adem 3la rou7ou Nchallah les rappeur twansa ykounou kifou,1,Syria
11230,👍❤️🌹,1,Jordan
11231,ما شاء الله,1,Qatar
11232,تبارك الله عليها كيما زينها كيما خفة روحها انا بصراحة نعشقها,1,Tunisia
11233,Tayyyara tbarkallah 3lik,1,Tunisia
11234,نهاية باهية ممتاز برافو انا ما نحبش نشكر أما كريت السبان علاش لا مسلسل كما المسلسلات العالمية الطرح ممتاز و النهاية روعة,1,Tunisia
11235,جعفر القاسمي فنان إنساني بأتم ما في الكلمة من معاني ... ربي يفضلو ويجازيه كل خير,1,Tunisia
11236,أحسن ممثلة في تونس ♥♥,1,Egypt
11237,Taaaaaaaaayer,1,Morocco
11238,wa7dek 3aychoucha bravo 3and'ha mosta9bel kbir nchllh tkamel haka m3a eni m3ardhek 3al masra7ya eli bech ta3melha :),1,Tunisia
11239,M3alimmm,1,Oman
11240,برافو سامي الفهري,1,Iraq
11241,3ejbtnyyy mat5aylthechh hakkaaa nice smile you have ♡♡,1,Saudi Arabia
11242,ﺑﺼﺮﺍﺣﺔ ﻣﻼ ﻟﻄﻔﻲ ﻗﺘﻠﻨﺎ ﺑﺎﻟﻀﺤﻚ,1,Tunisia
11243,Yhabel bayrem,1,Lebanon
11244,Bravooooo,1,Egypt
11245,chakib lem3alim w e7na minak net3alim,1,Morocco
11246,خويا الغالي نحبك راني ..ربي يدوم هاك الضحكة المزيانة وانشاء الله ديما مشرفنا,1,Tunisia
11247,Kafooooonnn ya mahmachhom,1,Syria
11248,merci a3liha ya3tiha esa7a,1,Tunisia
11249,انت معلم,1,Egypt
11250,Hhh wa7dk karim,1,Yemen
11251,صافي سعيد راجل,1,Morocco
11252,والله تعجبني نقوللها واصل😋😋😋😋,1,Tunisia
11253,3asla,1,Saudi Arabia
11254,ma7lehhaaaa khouyaa :'(,1,Tunisia
11255,3alamiyaa hhhhhhhhhhhhhhhh,1,Yemen
11256,لطفي العبدلي اجمل فكاهي في تونس ربي معاك,1,Tunisia
11257,موش نورمال والله وقت هو يتكلم كلها تسكت معلم زايد,1,Tunisia
11258,Te3jebni w ye3jebni tamthilha,1,Saudi Arabia
11259,Bravo daleji enta fin w houma fin mrigel hhhhhh,1,Lebanon
11260,Min a9wa lmoumathlet fi tounes te3jebni barcha <3,1,Tunisia
11261,Bravo,1,Modern Standard Arabic
11262,الليلة شيخة ضحك مع جعفور . محلاه ياسر نحبو  كان في تلفزة نتفرج فيه  كان في رديو نسمعو تي الحصيلو مغرم يا ليل :-*,1,Tunisia
11263,يعطيك دودئ يهاجر محلاك مصاب جاتي جرتي,1,Tunisia
11264,انت معلم,1,Egypt
11265,بية مزيانة حليلتها ...والله يبقي الستر على كل ولية,1,Tunisia
11266,"ربي يجمع شملكم _x000D_
Yesser classe, finou wa3la tbi3ethaa yeser te3jbni w tal3et 3ndha swayet 7low zeda <3
مثقف و يحب مجتمع يتثقف #برافو
ti3jibniiii <3
Bouuuu zyyynoouu nmouut fyyyyyh
عسسسسسسسسسسسسسسسسسسسسسسسسسسسسسسسسسسسسسسسسسسسسسسسسسسسسسسسله
3ssal
برافو مبروك بنت القصرين
أنيقة جدا آمنة 😍
يهببببببببل
A7sen
Wlh m3allem ! ;)
Mala bnet wlh ma7lehom . Ti sa3at tel9a l5irr f bnaya 5ir men wlayeed
BatBout Wen7ebbouuuuuh <3
نور شيبة ياسر عجبني باأخص في حديثو عن ناجي جلول
braaavooo mayouuussss
نكون اسعد كان نقابلك يا اروع مثقف
مشاء الله
Karim 3alemy
Ye me3alm
bravo ja3fouuur :*
Te3jebny <3 top <3
A7la hanen
تحية لسميرة الاخت الوفية في زمن غابت كل مشاعر الانسانية برافوووو
NOUR CHIBA RAK WAHDEK FIL WAHRA WMAKIFEK 7AD DIMA SPECIAL BRAVO ET BONNE CONTINUATION
ديمة منورة الله آحد عليك أحلى أمونة <3 <3 ربي يحفظك
hbel
ye walid tbarkala 3lik
a7sen memethle b1 <3 <3
marryouma yeser ta7founa w ta3ref tmathil et tt mais t7es fama haja fil mouslsil mch mechya makhrajich a3liha dawr jimla
Mahleeh mwaher
معلم يا شكيب ربي يكثر منك الاعلاميين
<3 <3
bravo
هو صاحب مبدأ محايد كلامو في بلاصطو برافو
ذكية و جميلة #الجزائر
Wa7dk bent l9ass :*            Bravo bent bledi <3
Machaa lah
أنا شخصيا نحبو برشا و ربي معاه و يوفقو في كل خطوة يعملها",1,Tunisia
11267,Tal3a moumathla ta7founa 7atta 3aychoucha zeda ma7leha,1,Morocco
11268,(Y) ihabl,1,Lebanon
11269,Ena 3jbtni fkra mta3ou ya3tih sa7a ♡♡♡♡♡,1,Tunisia
11270,Bravooo 3lik fananne w sid rjel rabi ibariklik nchalah,1,Iraq
11271,10000000000000000000000 bravoooo,1,Morocco
11272,Wahra  ahmed landolsi :),1,Syria
11273,الدلّاجي معلم. أي واحد يغلط.,1,Qatar
11274,رجل مثقف و يستحق الإحترام,1,Algeria
11275,bravo olfa youssef,1,Syria
11276,Eni n7ibha :) bravo kawther,1,Syria
11277,رجل جليل بصراحة ..ولو ابتعد على النهضة لكان أفضل,1,Algeria
11278,Mousdfa ya ma3alm,1,Morocco
11279,"ابدعتي ..بااخلاق العالية وثقافتك و رقي فكرك""",1,Yemen
11280,Nour ya m3lam bravo wasel rabi m3ak wtwanssa lkol fa5ourin bik,1,Morocco
11281,Wahdo fi fan,1,Lebanon
11282,برافو امين حلقة متميزة ...ضيوفك من تراز رفيع بردتنا على قلوبنا من نبارة...ونقلك يا انصاف اليحياوي راك دائما متالقة او مزيانة ..اشنوا السر؟؟؟؟؟,1,Tunisia
11283,A7la byrouma tbarkallah 3lih,1,Syria
11284,كافون تولد باش يكون فنان برافو بصراحة فخورة بيه كشاب تونسي مع اني ما نسمعش راب و الريقي,1,Algeria
11285,لطفي العبدلي اجمل فكاهي في تونس ربي معاك,1,Tunisia
11286,Yaaaaaaaaaaaser 7lowa to9tel bravo karim,1,Iraq
11287,راااااااااااااااااااجل,1,Egypt
11288,7abaytha mn dawrha fi na3ouret lahwe :* bou zaynha <3,1,Syria
11289,محلاه برهومة,1,Tunisia
11290,m3allam,1,Tunisia
11291,ya weldi ma7lak zeyed maak,1,Morocco
11292,Bravo aychoucha,1,Morocco
11293,وحدك في لوهرة يا زورو,1,Tunisia
11294,Mnawerna,1,Syria
11295,bravo  عفسة باهية ههههه,1,Tunisia
11296,الله يبارك فيهم وتحية للام لخديجة التي ربتهم احسن تربية ..أخوكم من الجزائر معجب بهند تهبلي يعتيك دودة كيما قالت اختك هههههه mrc,1,Tunisia
11297,برافو  راشد الخياري,1,Yemen
11298,yassir amir dhamir bravo,1,Tunisia
11299,rajeeeeeel bravo walid :*,1,Morocco
11300,Ahla baRnamaj malli bda wana ntabb3 fih,1,Tunisia
11301,Very very Good :-*  te3jebni barch :-),1,Tunisia
11302,ya ahmedddddddddd ya m3alemmmmm,1,Syria
11303,عسل,1,Palestine
11304,جعفور عسل  احسن فنان تونسي <3,1,Egypt
11305,Sema7 barcha amine.betawfi9,1,Syria
11306,Mwaher bou zinek ye barhoum,1,Syria
11307,برافو برافووووووووو.,1,Lebanon
11308,Formidable,1,Egypt
11309,محلاها,1,Tunisia
11310,Men a9wa lmoumathlin fi tounes. Bravo wajiha (y),1,Tunisia
11311,ma7lehom <3 <3,1,Saudi Arabia
11312,مبدع هذا الصافي السعيد الاستماع اليه افضل من الاستماع لجميع قمامات الاعلام يستحق جائزة نوبل في الخطابة على ثقافته و ابداعه.,1,Saudi Arabia
11313,7louwa <3,1,Syria
11314,m3alma,1,Yemen
11315,a3az e5ti2r wrabi m3ah,1,Tunisia
11316,La classe,1,Lebanon
11317,جعفور بدون تعليق معلم,1,Libya
11318,يعجبني في الغناء,1,Tunisia
11319,M3alem amin,1,Tunisia
11320,Bravo,1,Modern Standard Arabic
11321,ريم زين و عين و رضاية الوالدين متواضعة و ياسر تحفونة و سهرية ممتازة اول مرة تعملوا حلقة مزيانة,1,Tunisia
11322,a7san 7aja m3lemmmmmmmmmmmmmmm,1,Tunisia
11323,Ma7lakom 3la b3adhkom w rabi y5Alicom lb3adhkom,1,Lebanon
11324,رجل والرجال قلائل,1,Oman
11325,حادة في كلامها و فاهمة فاش قاعدة تحكي تعجبني برشا,1,Tunisia
11326,والله زويز روعه ربي يبارك,1,Libya
11327,Bravooo wlhhh,1,Iraq
11328,Ja3four ma7lek   w ma7la tibtek.nchlh tkoun 9odwa lbarcha w bravo 3la 'yed wahda',1,Tunisia
11329,Yasser hlowa,1,Lebanon
11330,و الله يعطيه الصحّة وليد التونسي تقريب كان هوّ طلع موش يرحم عمِّي,1,Tunisia
11331,"bravooo""",1,Iraq
11332,Bravooooo,1,Egypt
11333,Machallah,1,Oman
11334,Bravo Mr le juge,1,Syria
11335,الصراحة مميز,1,Iraq
11336,الصافي سعيد أكثر شخصيه تونسيه تخرج في الاعلام و تقول حقائق  وهو ذكي جدا و كلامه حلو و فيه نكت  بحيث أحنا نحبوه   و نحترموه  * أتمنى أن يتحفنا بكتاب ينشر فيه حقائق المافيا السياسيه و الماليه في العالم و في تونس خاصة *,1,Egypt
11337,محلاها وبرشى صنعة,1,Tunisia
11338,برافو الدلاجي عالمي يا فنان,1,Libya
11339,T7founa 😚,1,Algeria
11340,Yesser ji3ana,1,Tunisia
11341,صوتها حلو أتمنى لها النجاح :-*,1,Saudi Arabia
11342,اجمل صوت و اجمل فنانة تونسية و اجمل امرأة تونسية,1,Algeria
11343,تبارك الله وماشاء الله عسسسسل 😍,1,Qatar
11344,hhhhhhhh 3alamiiya b saraha <3 <3,1,Tunisia
11345,محلا ها ريم الرياحي مرا بأتم الكلمة تحسها صادقة وثابتة وتعرف حق قدرها,1,Saudi Arabia
11346,وجيهة معندهاش اكا الكلام الفارغ كي تسألها تجاوبك على قدر السؤال يعطيك الصحة وماذابيا كان يتعرض هاذا في كلام الواب :),1,Algeria
11347,يا وليد يعطيك ألف صحة الي لازم يتقال قلتو كفيت و وافيت برافو,1,Tunisia
11348,ma7lehom la5wet ky y7essou beb3adhom,1,Syria
11349,oui bravoooooo,1,Tunisia
11350,wlah m3alm wlh mch nrml mch 3adi,1,Tunisia
11351,انت معلم 😃❤,1,Jordan
11352,نور شيبة أسم كبير تبارك الله عليه قاعد يخدم على روحو أ,1,Tunisia
11353,يعطك دوووودة يا أحلى جعفووووووور,1,Tunisia
11354,WA7DEK SAMI,1,Lebanon
11355,braaavo (y),1,Oman
11356,Mahlakome wa rabi yifarahkome wa yitawal fi 3omor waldikome incha allah 3ajabtouni bazar bazar,1,Morocco
11357,تقتل,1,Libya
11358,Nmouuuuuuuuut 3liha a7la moumathla,1,Morocco
11359,Mala jaw,1,Lebanon
11360,bravooo amine👌👌👍👍👍👍,1,Jordan
11361,insana tayaaaara hlowa barcha  bitbi3a noksed southa,1,Morocco
11362,مسكينة  تحسها  تتحمل في شمس  فوق من  قلبها  !,1,Libya
11363,thabel,1,Oman
11364,بصراحة تعجبني خاطرها عاملة قدر ال خدمتها و تستاهل كل خير,1,Libya
11365,Behya,1,Lebanon
11366,وجيهة صاريحة في كلامها معندهاش الزايد و هي من أحسن الممثلات في تونس برافو وجيهة و نشالله من أحسن إلى أحسن بتوفيق وجيهة,1,Libya
11367,Bravo,1,Modern Standard Arabic
11368,Rajel 3alami mafamech kifou n7ebouk barcha,1,Tunisia
11369,الله يرحم والديك يا جلول. ويعطيك الصحه,1,Yemen
11370,صحبي راجل والله,1,Sudan
11371,nhbou wld janoub wld bladi,1,Lebanon
11372,محلي زينك يانور,1,Oman
11373,nad7kou a7na tawa !!!!!!!!!!!!!!!!!!!!!!!!!!!!!!!!!!!!!!!!!!!!!!!!!!!! malla ri9,1,Syria
11374,Ta7founa barcha machalllah 3leha hathaka dawerha yezina men choufli 7al,1,Tunisia
11375,bravo rajell,1,Morocco
11376,Ma7la zinha,1,Tunisia
11377,Bravo walid te3jebni ya jibni,1,Lebanon
11378,chay tayera wawawawawa walah,1,Yemen
11379,Mche2 allah,1,Tunisia
11380,walahi mouch normal  me7lehom  rabi ifadhilhom lib3adhhom,1,Tunisia
11381,k2rym bravo ou rabi i3niik,1,Iraq
11382,Fi kilma MaHlEk,1,Tunisia
11383,يعطك الصحة,1,Tunisia
11384,bravooo amin w nch2alh rabi iwaf9o  :),1,Tunisia
11385,Bravooo hal9aa 3alamiya,1,Lebanon
11386,Mahlaha bochra ben hmida,1,Tunisia
11387,mahlekom,1,Qatar
11388,ya ja3four ya m3alam lik wahcha 3a télé wenti nour rak dima mnawarna,1,Morocco
11389,رجلة ويمشي مع الحق,1,Tunisia
11390,Mela faza yesser 9wia,1,Morocco
11391,ra23,1,Iraq
11392,M3alem,1,Lebanon
11393,اب مثالي الله يوفقه,1,Saudi Arabia
11394,Bravoooo,1,Egypt
11395,Brasmi a7sen ni3ma hiya l5wat fi dinia walh Ana 3andi 5oya ma m5alini na9es shay rabi y5alih w rabí y5alilkoum 5watkoum nass kol,1,Tunisia
11396,كلام رائع وحضور جميل,1,Saudi Arabia
11397,روعة طيارة,1,Palestine
11398,M3alem sami,1,Morocco
11399,منشط هايل ديما مبتسم,1,Tunisia
11400,Ahla w anbel insen rabi yewafkou,1,Yemen
11401,Bravo amir,1,Tunisia
11402,kafon <3,1,Qatar
11403,Ui m7laha,1,Lebanon
11404,جعفر يا بطل,1,Lebanon
11405,wajiha  mra hirra w rojla w matkhafesh,1,Morocco
11406,برافو امين حلقة متميزة ...ضيوفك من تراز رفيع بردتنا على قلوبنا من نبارة...ونقلك يا انصاف اليحياوي راك دائما متالقة او مزيانة ..اشنوا السر؟؟؟؟؟,1,Tunisia
11407,Ma7lehom la5wet m3a b3adhhom,1,Tunisia
11408,Bravo sami ya3tikom saha,1,Morocco
11409,باهي إنشاء الله,1,Tunisia
11410,amma assoula ta3reff etmathel ya batbouta,1,Morocco
11411,M3allem,1,Morocco
11412,Rabi m3ak واصل...,1,Algeria
11413,نور منورنا البرة و الداخل,1,Tunisia
11414,A5le9ha jelebt leha  i7tiram annes rabi iwafe9ha,1,Tunisia
11415,"1000\1000_x000D_""",1,Algeria
11416,Te3jebni  w nhebha baaarcha blhk rzina  w mt5alke  . t3jbni k mthle bravoooo,1,Iraq
11417,te3jebni barcha mera siyesiya ta3ref echta7ki ama famma 7aja aka le5atem ilfi foularteha yesser mezeyen hhhh,1,Iraq
11418,Bravou sami,1,Tunisia
11419,Tbarkallah 3luha 5adija wlh baketni,1,Syria
11420,تربية و اخلاق تبارك الله عليه اقوى رجل سياسة في تونس و لسانو يغزل لحرير,1,Tunisia
11421,7louwa,1,Lebanon
11422,Wa7dek ya m3alem ena n7eb 8neyetek elkol,1,Tunisia
11423,Nhebbha,1,Lebanon
11424,رجل في زمن اللارجال,1,Yemen
11425,T3jebni,1,Algeria
11426,Dalloula w 3assoula rabi yehmiha,1,Syria
11427,برافو سامي,1,Iraq
11428,m3aaaaaaaaalam w baridli 3la 9albi ki7ke 3la dali nahedi,1,Morocco
11429,Bravoo wllh,1,Lebanon
11430,تعجبني برشا   صوتها ، ضحكتها ، لوغتها هه ،,1,Tunisia
11431,wa7dek ya m3lem,1,Syria
11432,من احسن الممثلين في تونس بالتوفيق انشاء لله المسرح فن راقي  وابدع فني  انشاء لله بالنجاح في كل الاعمال bravo  <3,1,Egypt
11433,برافو خديجة ممثلة بارعة يعطيها الصحة,1,Algeria
11434,hadeka sid al rjel,1,Tunisia
11435,Walahi  ya  fawzi rabi baraklek khalik inchalah,1,Iraq
11436,معلم و رايو يمثل اكثر من 90% من التوانسة ♥♥,1,Algeria
11437,Ma7léh loulayid  mignon B-),1,Morocco
11438,هاجر بحبوحة و هندة مزيانة هاجر مقربعة و هندة رزينة اما الزوز مترين و بنات اصل ربي يفضللكم سي محمود المفرمي هههههههه برافووو هاجر,1,Tunisia
11439,تعجبني برشا عزة,1,Tunisia
11440,Bravo walid yonser dinek,1,Syria
11441,M3aaaaaaaaaaallllem rabbi i3ino,1,Tunisia
11442,نحبك  عاللخر يا استاذ يوسف تحياتي :**,1,Syria
11443,Franchement Bravo Amine,1,Lebanon
11444,"خوكم من الجزائر الشقيقة ..""",1,Algeria
11445,bravo,1,Morocco
11446,Brabi wa9tach y3awdouh,1,Syria
11447,bravooooooooooooooo walid,1,Egypt
11448,Top top Nchala manasm3ouch bik fi masr  tmathel .... .,1,Morocco
11449,Ya go3er,1,Tunisia
11450,HH m3lm,1,Tunisia
11451,انت معلم ...  #البسمة متفارقش وجهك,1,Tunisia
11452,Mêla wahra y3bou eli yekrhkom,1,Syria
11453,أكثر ممثلة تستحق تضهر في التلفزة,1,Libya
11454,Ma7leha 💞,1,Morocco
11455,m3lem,1,Oman
11456,m3alim,1,Egypt
11457,Thabel,1,Saudi Arabia
11458,"Ma7la zinnnek ya sami _x000D_
Malla rajel
تعجبني
عجبني بلطي قاعد ماشي في تطور واصل هككا ربي يوفقك راك لمعلم
Tbarkala 3leha .. berasmi beketni
ديما منورة
Hhhhhhh vraiment wlh yhabel bravo
owel marra n7is rou7i far7ana wena nitfarej fi 3andi man9ollek rabi farra7hom hek lebnayet kima far7ou bouhom ou far7ouna
Khadija ta3ref tmathel machallah a3liha
محلاهم ❤
fil 3ada maya3jebnich ama lyoum ya3tih allf sa77a
Baketni tbarkala 3liha 😘😘
ميساء  صوتك كله احساس هي ما زالت جديده ما نلوم البرنامج
Hlou barcha
احلى جعفور انشاء الله تكون قدوة لبرشا ممثلين و انشاء الله من حسن الى احسن
ma7leha mra mettha99fa  bravo
jebba char9et 3lik lotfi b1
Bravo
Wahra tbarkala 3luk
bravooooooooooooooo monsieur Sami el FEHRI MOBDI3 WALLAH  <3 :)
تحيفة يا فنان أتحفنا بالأحان
Te3jebni y'a lotfi Ali 9al 3lik klem rahou hasdek
الإنسان مثقف وصاحب معرفة في مجال السياسة.
7lowa
Msali 3la enbi 3la bent bladi rak hbel ya maysa enti w lilia bravooooo
معلم 👍
ﻳﺎ ﺷﻴﺦ ﺭﺑﻲ ﻳﻄﻮﻝ ﻓﻲ،ﻋﻤﺮﻙ
يطوللنا في عمرك يا سي الامين
وااااو تبارك الله على الخالق
برفو ناجي جلول
m3alem
نوفل الورتاني  معلم
Rabi ifadhelkem l b3adhkom
نحبها
برافووووو وليد التونسي لك كل الاحترام والتقدير 👍🏼
السلام عليكم واجمل برنامج في الحوار التونسي
3sal bayrem bou zinou ama bech yfi9 houwa weld chrif w ysefer m3ah l frança
7loo yeser yeser na7thro rwe7na xxl
Bravooooooooooo
Bravo a3jabtni
Vraiment bravo walid
To7fa
Walahi khir m'en Nawfal elwerteni
ماشي ويولي متربي أما باهي موش خايب تحسو زوالي واصل
محلاها ومحلى قصة شعرها
walid ye m3allam wlh rak tayyara f 8nek w rayek bravooooooooooo :)
a7la wajihaaaaaaaaaaa :)
Mnawer
Bravo sami tjr au top ☝🏼️❤️ :* :* :*
أحلى ليلى و أحلى إجابة ضد مقداد الي كثر على ما وصاوه.
ما احلاهم لخوات كيف يتروجلوا في بعضهم <3
احترماتي  سيد الشيخ
Wow Tayara Hal9a 5fifa w Fisa3 Mat3adet
تلقائي على الآخر،ومقبول ذو أخلاق عالية صاحب نكتة...يعجبني ربي معاه
Bravo ya walid te3jbnii dima wasel
إمرأة مثقفة و تعجبني مهما كان إنتماءها السياسي
Mar7ba
morou ya m3alem dima tkwer bihom
wahra haythem abid
fanen behi ou 3andou dhaw9 fil ghne ou dima ya3mil jaw tbarkalah 3lik ya nour wassel hakeke bon chance
انشاله ربي ايطول في عمرك سي الوزير  وانشاالله ربي ايبركلك
Dima mwahher wmosalllsletek yo9tlouuu",1,Tunisia
11459,Ja3feur men ahsen almoumathlin fe tounes nhebo barcha wdema sahib jaw hwa nour chiba,1,Lebanon
11460,Bravoooooooooo dalleji,1,Saudi Arabia
11461,Mecheallah,1,Morocco
11462,Tayara,1,Tunisia
11463,Oui bravo,1,Tunisia
11464,وجيهة من أقوى الممثلات التوانسة و انا نحبها برشا,1,Tunisia
11465,Thablo lkol waslou wrabi  m3a k m,1,Lebanon
11466,rajel ... point a la ligne,1,Morocco
11467,3ejbetny 7al9etlyoum m'en dlilek mlak hh,1,Morocco
11468,والله مسلسل حلوى برشا,1,Tunisia
11469,متألق دائما  بالتوفيق,1,Syria
11470,محلى زيني يا ربي,1,Tunisia
11471,M3aaaaaaaalleeem,1,Morocco
11472,هذيك راجل وخير من الاف راجل,1,Iraq
11473,Yeser mahlek,1,Lebanon
11474,جميلة,1,Saudi Arabia
11475,Tayra yaser bravo 💗,1,Saudi Arabia
11476,Walidd rajel w3ndou maw9eff wnchallh rahou Ahmed ytfarj fihh,1,Saudi Arabia
11477,ما احلاهم لخوات كيف يتروجلوا في بعضهم <3,1,Tunisia
11478,WAHDAK YA AMIN,1,Lebanon
11479,Bravo yistahel hhhhhhhhh,1,Yemen
11480,BRAVO MR JALOUL,1,Lebanon
11481,Wa7dek Ya ma3lem,1,Lebanon
11482,dima 3ssel 3aychoucha,1,Morocco
11483,تعجبني شخصيتها وشهلولة ماراهيش ماصطة الله يبارك,1,Tunisia
11484,inchallah bettawfi9 walmazid mina annje7,1,Iraq
11485,Bravo Ahmed w allah rajel,1,Saudi Arabia
11486,bravo neji,1,Tunisia
11487,Gafour ya behi tbarkalh 3lek...,1,Tunisia
11488,رمضان كريم و رمضان احلى مع الحوار التونسي نحن في الانتظار برافو سامي,1,Sudan
11489,أكثر انسان مقبول من قبل التوانسة,1,Libya
11490,برافو وليد معلم,1,Morocco
11491,Mallem,1,Morocco
11492,خلاصة الحديث انت معلم :*,1,Tunisia
11493,Inta im3alem,1,Algeria
11494,<3,1,Saudi Arabia
11495,Bravo ya djoooo,1,Syria
11496,M3alma,1,Yemen
11497,Ahla mousalsel bsaraha,1,Tunisia
11498,ربي ايوفقك,1,Qatar
11499,Ma7lek ye marwa mnawretna w mnawra tounes lkol rabi iba9i 3lik essetr😘,1,Iraq
11500,جعفور انسان محترم فدلاك ومحبوب من عند الناس الكل,1,Morocco
11501,Patron wahra,1,Morocco
11502,Bravo samiiii 😚😘😍😍,1,Algeria
11503,راجل,1,Libya
11504,اه يعطيك دودة يا نجلووتة محلاك بو زينك يا عسلة,1,Tunisia
11505,Bravo!,1,Algeria
11506,Bravo et contenue,1,Morocco
11507,Bravoooooo,1,Egypt
11508,Ma3alam ou mink nit3alam,1,Morocco
11509,Rajillllll,1,Lebanon
11510,جميلة وحلوة وصوتها جميل ربي يكون معاها,1,Saudi Arabia
11511,Raw3a,1,Tunisia
11512,Mahlaha,1,Lebanon
11513,Bravooooooooooo,1,Egypt
11514,<3,1,Saudi Arabia
11515,هاكا الحب ... انشاء الله ربي يحلها في وجهك يا لطفي ... رانا نحبوك,1,Algeria
11516,malla da7k me3alma .,1,Tunisia
11517,braaaaaaaaaaaaaaavo alaa,1,Morocco
11518,ممثلة كبيرة...,1,Algeria
11519,Ena nemout 3alik,1,Morocco
11520,bravooo,1,Iraq
11521,Ma7leha n7ebha barchaa ❤❤,1,Morocco
11522,كان يموت بلطي يموت الراب في تونس <3,1,Tunisia
11523,Tayarawe raw3a bravoooooooooo,1,Syria
11524,بصراحة تحفونة وتضحك,1,Syria
11525,Jahfourrrrrr ye m3halem kalbou kbir we ttaieb,1,Syria
11526,Bravo,1,Modern Standard Arabic
11527,Raw3a,1,Tunisia
11528,A7la 3youn,1,Tunisia
11529,احلا ضيوف,1,Jordan
11530,معلم,1,Oman
11531,tayara,1,Tunisia
11532,1000 mabrouk iljawéyéz winchalah dima imnawer wémcharif tunis bravo :),1,Morocco
11533,ياسامي والله انك عسل ربي يحميك لاولادك,1,Saudi Arabia
11534,Top,1,Lebanon
11535,مسلسل روعة اختكم من الجزاءر,1,Algeria
11536,اي والله هالطفلة بكاتني برافووووووو بنتي اغلبت اشهر الممثلين عندنا في تونس,1,Qatar
11537,Chay kbire ya 3omri,1,Tunisia
11538,Waw ma7lah :* :*:*,1,Tunisia
11539,برجولية معلم جعفور,1,Palestine
11540,فنان عندو أنسانية كبير مش كيما بقية الفنانين الأخرين كان تفاها و تفشفيش . برنامج يطير بداري ديكو,1,Tunisia
11541,يا اللّه هو في كده هه😍زين و تربية ❤,1,Egypt
11542,Ouiii 7lew barcha,1,Algeria
11543,منوره الحلقه,1,Libya
11544,3andou tha9afa kbira barchaa w yaaréf ech yehky ..m3além <3,1,Tunisia
11545,نور اشالله دايما من حسن الي احسن,1,Lebanon
11546,بصراحة الطفلة محلاها و مزينها و قداش صريحة و متربية,1,Tunisia
11547,Bravo,1,Modern Standard Arabic
11548,مرأة مثقفة,1,Modern Standard Arabic
11549,هههه انت المعلم و احنا منك نتعلم Chapo liik ;) <3 _x000D_,1,Egypt
11550,walahi mat5ibech,1,Morocco
11551,حلوة برشا نبدة نستنى فيها بدقيقة ودرج مقاتل ضحك,1,Tunisia
11552,Ma7lekom,1,Lebanon
11553,أحسن ممثلة في تونس 3 >,1,Libya
11554,يا معلم طلعة رااااااااااجل .قسما بالله موقفك لليلة لو كان نشوفك تعبد في بقرة نپقى نحترمك ما حايية  براااااااااافووووووووو,1,Tunisia
11555,Hedhi hia lmra tounsia dhe9afa w a5le9,1,Iraq
11556,Jaafour lim3alem,1,Morocco
11557,Nahabha,1,Oman
11558,Ya sami ya m3alem,1,Tunisia
11559,7silou wa7dik ya karim,1,Morocco
11560,تستحق كل الاحترام و ربي معاك إنشاء الله,1,Libya
11561,انا يعجبني,1,Iraq
11562,ريم الرياحي تمثل لمرى التونسية بضحكتها و بقوتها .ربي يوفقك يا ريم و ان شاء الله ديما نراوك في التلفزة التونسية,1,Libya
11563,وليييد يا معذبهم معللللللم 👏👏👏,1,Egypt
11564,ههههههه والله عجبتني,1,Libya
11565,Ya em3lil ya walid,1,Saudi Arabia
11566,Ya3jboli awlad mofida,1,Tunisia
11567,يعطيك الصحة وليد بردتلي قلبي لبارح,1,Algeria
11568,Raw3a,1,Tunisia
11569,"زياد برجي من اروع الاصوات في العالم العربي_x000D_
a7la aichoucha :*
A7la 7al9a
تهبّل تقتل
ممثل مبدع ربي اوفقك وبرافو علي كلامك
توفيق انسان فاهم كل شئ وصريح ومعبر جدا بحركات وجهه لا يقدر عليها كل إنسان لا ينافق وأنه يعرض مسرحياته فالسجون فهذا عمل يشكر عليه وهو وصل لدرجة الحقد على النهضة لما صرنا إليه من ألم وحزن بحكم هذا الحزب المقنع
Te3jebni
karim elgharbii yaser tayarA
behya 3andi ena w n7ebha tkamel haka w nchallah betawfi9
eni n7bha
انا في دبي و نتفرج فيه كل يوم مسلسل  حوماني تونسي عالمي
لطفي الي حلى الحلقة معلم""",1,Oman
11570,اشكرك سيد مورو انت انسان تجسد الاخلاق انت شخص تبعث بداخلنا الاحساس انه ما زال في بلادنا رجال شرفاء.شكرا شكرا شكرا....,1,Saudi Arabia
11571,جو عليه :v,1,Libya
11572,برافووووووووووو  للأخت سميرة التي وقفت بجانب أخيها في محنته ولم تستعار منه وتتشرف بيه وتسافر له أسبوعيا لتطبخ له وتنظف وتاخذه للطبيب. هي مثال للأخت الصالحة. وهذا تطبيق للمثل التونسي,1,Sudan
11573,Yesser motrobi,1,Syria
11574,Oui 3ejbetni barcha tike isaha semi il fehri,1,Tunisia
11575,معلم يا سامي معذبهم كل,1,Tunisia
11576,زهير محلاك و مزينة <3,1,Tunisia
11577,معلم,1,Oman
11578,Momtaza,1,Morocco
11579,M3alemmmm lotfi dima m7afelhaaa,1,Tunisia
11580,Hlou,1,Lebanon
11581,walid rajel,1,Morocco
11582,Ya mama ya mama zina bekoulha ma7laha,1,Tunisia
11583,هذا المنشط متربي وقال له ي ما عاد ش تجيبولنا هناك راس تل يصل اللي ماهواش متربي,1,Tunisia
11584,Hlouwa brcha,1,Tunisia
11585,Raby ywaf9ek,1,Lebanon
11586,behi jeyb rouhou,1,Syria
11587,bravoo,1,Iraq
11588,wahdek ya olfa bravoooooooooooooooooo,1,Syria
11589,Bravo 👏 كمل القدام,1,Tunisia
11590,mra w a3liha lklem,1,Yemen
11591,حلقة روعة الجزائريين كامل يسناو فيه,1,Algeria
11592,ربي يعطيك على قد صدقك يا أحلى جعفور,1,Morocco
11593,N7ebha.,1,Lebanon
11594,Ma7leha 9adech n7ebha ena wlh,1,Morocco
11595,ماشاء الله,1,Saudi Arabia
11596,معلم,1,Oman
11597,محلاها امنة فاخر اني نحبها برشة وصوتها ياسر يعجبني بالحق فنانة وعلاها الكلام ان شاء الله بالتوفيق........,1,Tunisia
11598,راجل وسيد الرجال,1,Tunisia
11599,Me7leha le5wat heka bel7a9,1,Lebanon
11600,walahi 7lou southa,1,Syria
11601,Jaaafourrr ya m3llem dhmar torbya w akhle9 3alya w win y7otouk t7aflha,1,Iraq
11602,etbarkala alikom sahra alamia,1,Morocco
11603,ريم بن مسعود ممثلة كبيرة و قوية برشا و تعجبني ياسر و نحبها و عجبني دورها في فيلم نحبك هادي و نحب نقلها Bravo واصل 💪💪,1,Tunisia
11604,F galb wlh ma7lehm la5wa hakeka,1,Lebanon
11605,بارك الله قيك خونا علاء  و علي كل حاجة تقدم فيها .,1,Libya
11606,أي والله بكاتني برافو خديجة,1,Morocco
11607,Bravo shakib,1,Saudi Arabia
11608,ma7laak,1,Morocco
11609,m3alma,1,Yemen
11610,تونسية و عليها لكلام,1,Algeria
11611,7lowa,1,Lebanon
11612,فنان,1,Libya
11613,m3lllem we3jebtni ki 7kit 3le methleyyn ltaw la 7Abbou yefhmou rana moslmin 9bal kol chay :o,1,Tunisia
11614,yhablou b sara7a,1,Syria
11615,يعجبني مخو نظيف ههههه وقتلي جاوب شكيب,1,Iraq
11616,واصل أعمال الخير ، الله في عونك.,1,Saudi Arabia
11617,tahfoun barchha bon courag fehri sami,1,Morocco
11618,سامي الفهري مبدع وعن جدارة بالرغم جراة الاعمال اللي يقدم يقعد ديما مجدد مش كيما جماعة الوطنية الاولي والثانية ونسمة وحنبعل برافو  سامي واصل انت في الصدارة,1,Tunisia
11619,روعة مريومة ونضال ♥♥,1,Algeria
11620,tafte9,1,Tunisia
11621,souteou tayaaaaaaaaaaaaara,1,Morocco
11622,Le meilleur lotfi 💗 to93ed dima wa7dek w test7a9 jawayez ili 5dhitha elkol Tunis mest7a9a nés tfarhadha w traja3lha dha7ka kifek..bravo et bonne continuation 😍😍,1,Tunisia
11623,احلى مسلسل هو اولاد مفيده,1,Iraq
11624,lotfi ya ma3llem enti  numrou 1 fi tounes,1,Tunisia
11625,Braaaaavoooo,1,Morocco
11626,Mabroukkkk mais ken kamlt 5ir w li sir isir,1,Tunisia
11627,Ta7founa 3azouzti,1,Algeria
11628,Borjouliya yesir fort el ma5lou9 hedha. Ja3four y'a m3alim,1,Lebanon
11629,محلاه بدر.أقوى لقطة برفواااا,1,Tunisia
11630,Ta7founa barcha,1,Morocco
11631,Tayarra,1,Morocco
11632,bravooooooooooooooooooo olfa,1,Syria
11633,لحب ههه,1,Tunisia
11634,يا جعفور يا غالي، إنتي الوحيد إلي تخدم وتفدلك بنيتك ومتخدمش مخك و محلا تلقإية متاعك,1,Tunisia
11635,Barvoooooo ama enhbo na3rfo achkon weld chrif haki fayda,1,Tunisia
11636,bravo,1,Morocco
11637,راجل راجل في هاذي عجبتني,1,Tunisia
11638,Rabbi ykather menha l'momathliin fi tunis bravo wajiha (y),1,Iraq
11639,ideal bsara7a,1,Morocco
11640,ya nour chiba nchala dima mnawerna w mnawer tounis <3,1,Morocco
11641,Ahsen men nawfel,1,Egypt
11642,a7sen momathel comedy fi tounes tawa ;),1,Lebanon
11643,M3lam ya ftouhhhh,1,Syria
11644,Ma7lekom,1,Lebanon
11645,"Hahahahahah Raw3aaaa :""D",1,Tunisia
11646,يعجبني,1,Iraq
11647,el lekbiiiiiiiiiiiiiiir ekbiiiiiiiiiiiiiiiiiiiiiiiiiiiiiir,1,Tunisia
11648,ما شاء الله,1,Qatar
11649,dima met2ala9 lotfi bravo,1,Tunisia
11650,A7sen moumathla fi tounes   w mitrobiya  t3ref ta7kiiii mra wa3leha lklam  wech a3lik fi klam nes,1,Tunisia
11651,يهبل,1,Libya
11652,mahlak,1,Qatar
11653,شكون هذا نجلاء من أحسن الفنانين في تونس مرحب بكي في بلادك تونس يانجلاء عندك فانز يحبك برشا,1,Tunisia
11654,❤️❤️😍,1,Jordan
11655,كي تبدا تغني بصراحة تفكرني بالزمن الجميل و العصفور ماليح متاع مسلسل الخطاب ع الباب,1,Tunisia
11656,مومو يااا ضاااامر بو زينك محلاك,1,Tunisia
11657,الصافي سعيد صحيح أنه شخص ذكي جدا ولبق وعنده روح النكتة ومثقف و يصلح أنوا يكون ناقد سياسي لكن من رأي لا يصلح أن يكون في منصب سياسي,1,Oman
11658,Nimout aliha,1,Morocco
11659,walahi rajel,1,Morocco
11660,Bravo wasil,1,Morocco
11661,Wajiha tayyara yesser,1,Morocco
11662,Bravo,1,Modern Standard Arabic
11663,مرووته عسل الدنيا ماشاء الله .. بوزين المسرارة .. بالتوفيق و ان شاء الله من حسن الى احسن يا بنت مفيدة😘,1,Tunisia
11664,Hhh bravo,1,Tunisia
11665,Bravo etbarkaleh e3leha rabi iwafekha,1,Tunisia
11666,محلااااها,1,Lebanon
11667,Machallhhhh,1,Lebanon
11668,كم اتمنى لو كان جو الممثلين لكل كيف جعفور,1,Saudi Arabia
11669,Metrobi w rziiin w competent bravo et bonne continuation amin,1,Morocco
11670,وليد تونسي برافو عليك الحاصيلو راك معلم كي تحكي وهرة راك ... منور  و انا معا أحمد اندلسي,1,Algeria
11671,3Alami fi le5er,1,Tunisia
11672,نشوف فيك الأصالة يا شيخ يا أصيل,1,Algeria
11673,طيارة,1,Syria
11674,رائعة إنت يا فلة..فالصوت وحده جمال..فنانة ملمة لكل الطبوع...سلطانة في زمن الصعاليك...صوت لكل العصور...ظلمت نفسك و ظلموك أكثر...أحبك فلتنا..,1,Algeria
11675,hwoa behi ama nwfel wa7do,1,Tunisia
11676,محلاك جعفور ياسر تحفون وتلقائي والله حلو مووووووت يا جعفر يا باهي,1,Tunisia
11677,ma7lehom le5wet ki yibdewe ihbou ib 3athom et sertou hnane,1,Tunisia
11678,سى عبد فتاح مراوغ ممتاز لا يغلبو لا كبير لا صغير لا يدبى على حصير حتى لطفى لعمارى ما غلبوش برافو سى فتوح كمل اسحرنا بكلامك وهزنا و جيبنا بمرواغاتك جميلة صحة لاها نهضة عندها واحد كيفك,1,Tunisia
11679,ياسر طالعين اعلى بعضكم ربي ايفضلكم,1,Tunisia
11680,ya3taha saha,1,Morocco
11681,A7la siyessi,1,Syria
11682,Rajel baradli 3la galbi bravo (y),1,Tunisia
11683,raw3a,1,Saudi Arabia
11684,Chi5 it7ifa :* nmout alih <3 ana ye3jebnii :),1,Syria
11685,bravo chakib w tabka ilmouthakaf ilmotrobi w tabka le meilleur,1,Lebanon
11686,ربي يسترك ولله انموت اعليك,1,Iraq
11687,Enta m3allem wa7na menek nt3alem nosket wenta mawjoud manerda netkalem,1,Tunisia
11688,Rabi m3ak ya kawther,1,Saudi Arabia
11689,نحبك يا كافو,1,Tunisia
11690,رجل تونس الأول و موحدها    من دون منازع .... نحبك يا شيخ,1,Tunisia
11691,معلم,1,Oman
11692,ana n7ebha 9rat m3aya fi lycee.,1,Tunisia
11693,M3alem,1,Lebanon
11694,حلوة,1,Saudi Arabia
11695,فنان وعليه الكلام .ربي إوفقو..صاحب جو,1,Morocco
11696,تحتة تقدير لناجي جلول,1,Tunisia
11697,#لمعلّمة...❤❤,1,Jordan
11698,شكيب راجل فحل واذا راح خساره للقناة والوقت هذا روا الراجل وصاحب الكلمه والمتخلق يكرهوه الناس ، اقولها وانا جزاءري يكفي شكيب فخرا انه كان صاحب مبدا,1,Iraq
11699,والله نحبها بارشا,1,Tunisia
11700,Mray7a :3,1,Tunisia
11701,mala ka3ba ya m3aaaaaalam hhh,1,Saudi Arabia
11702,Bravoio,1,Iraq
11703,Bravo,1,Modern Standard Arabic
11704,Ma7lhom,1,Lebanon
11705,Macha alah...,1,Tunisia
11706,عسل نحبوووووو,1,Tunisia
11707,M3alem dima m7afelha,1,Tunisia
11708,n77eeeeebha yaser,1,Syria
11709,bravooo,1,Iraq
11710,Ye3tihe sahe bravo,1,Tunisia
11711,m3alem,1,Jordan
11712,bsaraha bravoo dima mwahrinha tv,1,Tunisia
11713,راك معلم.,1,Algeria
11714,bravoooo,1,Iraq
11715,عسل,1,Palestine
11716,Ahdallah Mastour TA7FOUUUUUUNN <3,1,Egypt
11717,bravoooooooo olfa,1,Syria
11718,Lotfi dima mhflha o saheb jew bravo,1,Iraq
11719,Hhhhhhh bravo Sami,1,Tunisia
11720,حنان عسل,1,Libya
11721,Thaaaaaaabel,1,Algeria
11722,yesser hlouwa,1,Syria
11723,5arjet 3lik roba lotfi,1,Tunisia
11724,تونسية و نصف يا الفة,1,Tunisia
11725,سي ناجي أحنا معاك bravoool,1,Egypt
11726,جعفور يا غالي نحبك برشا و نموووت على خفة دمك .. واصل و نشالله من حسن إلى أحسن,1,Tunisia
11727,Aho lelm3alem w la blach ya3ref kifai yetkalem w yo5rej men kol l2as2la bkol arya7iya bsara7a bravo,1,Tunisia
11728,برافو وليد والله معلم,1,Tunisia
11729,جعفور يا معلم خلي مشاريعك تتكلم وانت معلم والكل ياريت منك تتعلم,1,Egypt
11730,Bravooo wlh bakitni,1,Iraq
11731,مالا وهرة عليه ماشاءالله,1,Tunisia
11732,Bravoooooo walid,1,Egypt
11733,فله جزائرية اهلا و سهلا فيك في تونس و انشاالله ديما اتزورنا,1,Libya
11734,"ربي يوفقوو""",1,Morocco
11735,ربي ينورهم واانشاء الله ديما متفوق 😊,1,Algeria
11736,Awell mara ye3jebni bravoo,1,Morocco
11737,سهرة عندي مانقلك اليوم عجبتني بثنائي البنات ربي يعطيهم الصحه والعافيه يتحدثون بعفويا كامله انا من الجزائر معجب بي برنامج عندي مانقلك والمقدم علولو يعطيك الصحه والعافيه,1,Algeria
11738,Bravo bakitni,1,Tunisia
11739,جعفر الڨازمي في التمثيل نجح في التنشيط نجح في الإذاعة نجح حتى مالفن نجح الحوت عليه معلم,1,Tunisia
11740,Braaaaaaaavo rajel w sid rjel,1,Morocco
11741,bravooooooooooooooooooooo,1,Syria
11742,ربي يعينو,1,Morocco
11743,Mehlekom rien à dire,1,Algeria
11744,ما احلي صوتها ايضا اتقنت دورها كما ينبغي وتقمست الدور بشكل مبدع مسلسل يعالج ما تقاسيه المراة شكرا سيد سامي علي طرحك لهذا الموضوع ما اقسي الحياة بالنسبة للمراة التي تواجه الدنيا وعلي عاتقها عايلة مسؤولة منها ميعرفها كتن الي امجربها,1,Yemen
11745,rabi m3akom,1,Qatar
11746,ma7la okazak nourrrrrrr,1,Tunisia
11747,Bravo a7sen la9ta fi 7al9et elyoum,1,Tunisia
11748,Dima class w 3andha mat9oul fi rou7a mra wa3ya w mettha9fa bravo,1,Tunisia
11749,Rajel,1,Tunisia
11750,معلم مدام برشة يحبوك.,1,Tunisia
11751,نحبها هي عسل,1,Tunisia
11752,Mahle7a waw,1,Tunisia
11753,Wajiha wa7dek b sara7 m3alma :),1,Tunisia
11754,Mehleha,1,Lebanon
11755,ihabil Mich normal,1,Syria
11756,Ma7lekom,1,Lebanon
11757,hhhhhhhhhhhhhhhhh m3allém,1,Tunisia
11758,<3,1,Saudi Arabia
11759,برافو جعفر محلا تعليقك على تونس,1,Tunisia
11760,نضال،تحدي و أمل بصراحة أكثر من رائعة سيدتي,1,Algeria
11761,hhhhhhhhhhh a7la wa7ed bassem l7amraoui w karim,1,Morocco
11762,Momteza,1,Tunisia
11763,Erahmoni akber rajel bravo,1,Tunisia
11764,Bravo walid,1,Jordan
11765,الرجلة عندها ناسها برافووووووو وليد,1,Morocco
11766,Wa7dek ya semi l fehri. Équipe 8ayr 3adyya w 3la rasshom ENA kerim l 8arbi. Min edho7k lin chra9t za3maaaa........ Yitwelleh rabbi yo9tok biddo7k hhhhh,1,Syria
11767,Ana nmout 3liha meriem ben chaabane 7louwa fi kol dawir,1,Syria
11768,Hhhhhhhhhhhhhh bravoo,1,Yemen
11769,Mahlehaa yesser te3jbni <3,1,Tunisia
11770,"خمسة و خميس عليك يا صطوفا""",1,Tunisia
11771,M3alem walid,1,Tunisia
11772,Ahla baja3a walllah mhlekk,1,Tunisia
11773,انا نحبها بارشا ااااا ممثلة بارعة,1,Tunisia
11774,من زينة النساء التونسيات ا:,1,Morocco
11775,Tebarkallah 3liha wlh bakteni la9ta 😢,1,Morocco
11776,brince ya m3alem,1,Tunisia
11777,Balti isim kbir yo93ed dima kbir ♡♥,1,Egypt
11778,3sal,1,Oman
11779,amouna il 3assoula  <3,1,Tunisia
11780,محلاها.,1,Tunisia
11781,اسمها فلة وهي فلة  صوت رائع  فنانة بأتم معني الكلة الله يحفضك,1,Syria
11782,Rajelllll,1,Lebanon
11783,Nchallah bi tawfi9 ya nour,1,Morocco
11784,بالرجولية ابداع  برافوووووووووووووو واصلو يجمع بين الهزل و الدراما و تجسيد للواقع,1,Algeria
11785,راجل قوي برشا ...,1,Tunisia
11786,Bravo sami (y),1,Saudi Arabia
11787,Oussama Aissa hedha dhamer barcha,1,Morocco
11788,ياسر طياره يعطيهم الصحه الاولاد الثلاثه,1,Libya
11789,Ma7lek wasel <3,1,Morocco
11790,انسان متربي  و ماشاء الله عليه و ديما منور يا سي فوزي,1,Egypt
11791,tbarkkallah ;),1,Jordan
11792,Sahbi  tayer  rabi  y5alik w yostorek,1,Iraq
11793,Mieu que nawfel bravo amine bravo,1,Morocco
11794,ya lotfi ya m3alam a9wa koumidy fi tounes,1,Syria
11795,ياسي عبد الحميد راك باهي و ناجح,1,Algeria
11796,الحق تعجبني مدام محرزية، مثال المرأة التونسية المثقفة و اللي تعرف اش تحكي..,1,Oman
11797,وليد التونسي راجل ولد راجل تونسي أب عن جد,1,Syria
11798,محلاك يا ريم,1,Tunisia
11799,El kapo,1,Sudan
11800,bravooooooooooooooo,1,Egypt
11801,إنتي فنان قوي  super,1,Egypt
11802,فيصل و بسام نكتهم راقية و مقبولة,1,Libya
11803,الي عجبني فيهم رغم طلاق بوهم من امهم و بوهم غايب عليهم 14 سنة يلوجو على بباهم حاجة باهية  برشة في المجتمع ريتو الفرحة كفاش ...ريتو اللمة  ...بلا بو و ام  مهيش معيشة و اغلا حاجة عندي انا ربي سبحانو و الوالدين ...نقولهم ربي يدوم محبتكم  و ربحتو حاجة في الدنيا هي رضاية الوالدين . اخوكم مراد من الجزائر,1,Tunisia
11804,Nmout 3liha,1,Lebanon
11805,bravo jaloul :),1,Morocco
11806,dima mnawar w mwaher nchallah dima l9odem,1,Morocco
11807,Yaser hlou ma9tla tha7ek bsra7a hhhhhhhh,1,Tunisia
11808,انا نحبها,1,Libya
11809,جمال وصوت راءع وثقة بالنفس  انا عجتني برشا  ربي  يوفقك اميمة,1,Tunisia
11810,Mahlahom yhablou w ili mayi3jbouch lhak yodrob rzssou,1,Syria
11811,Ma7leha,1,Lebanon
11812,machalah 3lik enti whanen echograni,1,Oman
11813,hhhh dhamra,1,Yemen
11814,inta m3alem wa7na menek net3alem,1,Tunisia
11815,Tfattaaaq,1,Tunisia
11816,محلاك عسل,1,Tunisia
11817,Wa7dik ya amouna,1,Morocco
11818,a7taremou barsha w tbarkalla 3lih,1,Morocco
11819,يا بطي يا معلم واصل تونس لكلها وراك,1,Jordan
11820,يعطيك الصحة سامي برافو,1,Morocco
11821,عجبتني,1,Libya
11822,معلم اما ينقص مل كلام الفارغ,1,Tunisia
11823,دور جديد عليك مكياج ياسر قوي اما محلاك مريم.,1,Tunisia
11824,فلة سلطانة الطربة ،سلطنتينى ب صوتك ماشاء الله عليك,1,Egypt
11825,يخدم عاى روحو ..ربي يعينو,1,Tunisia
11826,Hhhhhhhhما احلاهم لخوات كيف يتروجلوا  مع خواه,1,Tunisia
11827,ma3alem wlh,1,Morocco
11828,انا نحبها كوثر بالحاج وخاصة في شوفلي حل,1,Tunisia
11829,نور احسن مغني صاحب جو وتيارة احسن راجل .. شنحبك يا نور,1,Libya
11830,hhh wa7dk kraim,1,Yemen
11831,ما شاء الله عليه شكيب  الدرويش بصراحة صورة مشرفة للمثقف التونسي بغض النظر عن اختلافاتنا الفكرية معاه ، اليوم نقاشو مع ريني الطرابلسي أثبت وأنه كعبه عالي وأنه يغرّد أحيانا خارج السرب ، حتى اعتذاره كان متاع معلّم ...على الأقل خير من برشا منافقين اللي يتلونوا مع الأرياح ..شكيب مكسب لقناة الحوار واصل ، وباهي وجود لطفي وشكيب اختلاف وتناقض ولكن ما يجمعهم حب تونس,1,Tunisia
11832,"طياره_x000D_
Bravo chakib
Bravo bravo :)
جعفور الله أحد عليك و على أعمالك الخيرية ربي كثر منك الناس
raw3a hhhh
Macha allh
أبدعت حقا...بالفكرة والبسمة التى لا تفارق وجهك...تونس في حاجة لأمثالك..انت فخر لنا والى يعرف قيمتك 💓💓💓💓💓
برافو وليد التونسي_x000D_",1,Libya
11833,صوت روعههههههههه برافوووو اميمه انشالله بالتوفيق,1,Lebanon
11834,مرا صنديدة,1,Saudi Arabia
11835,Ye3jibni ! <3 <3,1,Saudi Arabia
11836,متربي برشا واصل,1,Tunisia
11837,إمرأة ذات طابع رجولي. و نشوف فيها فادة برشا من ااسيدة شمس اادين,1,Tunisia
11838,3azaaa nmout 3lihaa 😘😘😘,1,Tunisia
11839,Wa7dik fil wahra y'a ma3alem,1,Morocco
11840,حلقة اليلة ذات مستوي عالي برافو كلام ناس,1,Sudan
11841,محلاكم يا ولاد موفيد,1,Tunisia
11842,مورو يا معذبهم,1,Tunisia
11843,يعطيك الصحة يا سي ناجي جلول في هذا الموقف,1,Tunisia
11844,صلاح مصباح من ارقى الفنانين احساس و فكر,1,Libya
11845,Wallahi 3ssal :D,1,Tunisia
11846,برافو عليك يا معلم والله عجبتني وقت الي طزيتها هاك الكلبه,1,Tunisia
11847,baaaarcha tha7k hhhhhhhhhh,1,Tunisia
11848,Walah rajel,1,Morocco
11849,سمرا عسلة مشبها,1,Tunisia
11850,وليد التونسي برافو..ملك البلاتوه,1,Libya
11851,Maalem,1,Jordan
11852,بنت بلادي برافو,1,Libya
11853,سي عبد الفتاح معلم يستاهل طيارة لا الطيارة شويه عليه،،،معلم,1,Egypt
11854,dhamer,1,Tunisia
11855,برافو  واللهي عندك الحق كي كشفته على حقيقته الامن والجيش هم  حماة  الوطن مش الارهاب الي يدافع عليهم بي شراسة  هاذا القاضي وفي النهاية تونس أمانة  بين أيديكم  كونو في مستواء المسؤلية,1,Algeria
11856,Tayara,1,Tunisia
11857,el7out 3la weld 7oumti,1,Morocco
11858,Sitcom ta7foun w dhamr,1,Iraq
11859,El mousalsel El kol 7low,1,Morocco
11860,Tbarkalah alihom les deux filles 💖,1,Syria
11861,M3alem bravo,1,Algeria
11862,Raw3aaaaa,1,Tunisia
11863,يا لطفي يا معلم براس ولادك دقيقة قري امير سلام MR شوية ذمار راهووو ماسط,1,Tunisia
11864,أنا موافقك من ها اليلة باش نحبوا سامي نموت عليه ياربي يقتلني . مادام يحس بزوالي بلحق نقدروا ونحبو.,1,Tunisia
11865,wahra,1,Jordan
11866,Raw3a fasdha bader moch bch yako lili,1,Morocco
11867,"اخوكم من الجزائر""",1,Tunisia
11868,مشاء الله تقتل عسل,1,Algeria
11869,Ena n3arfw w ya3jbni barch w n7abw barch,1,Syria
11870,m3alem samir losif,1,Morocco
11871,Abda3t ya kafon ama ech3ar wel mrayet mahomch mwetin b3adhhom,1,Tunisia
