Sentence_ID,sentence,label,Dialect
1,أهنئ الدكتور أحمد جمال الدين، القيادي بحزب مصر، بمناسبة صدور أولى روايته,2,Modern Standard Arabic
2,البرادعي يستقوى بامريكا مرةاخرى و يرسل عصام العريان الي واشنطن شئ مقرف,3,Saudi Arabia
3,الوالدة لو اقولها بخاطري حشيشة تضحك بس من اقولها ملل الله وكيلك تعطيني محاضرة عن الفسق والفجور بجنوب الشيشان #ليه كذا يانبع الحنان,0,Saudi Arabia
4,#انتخبوا_العرص #انتخبوا_البرص #مرسى_رئيسى #اين_رئيسى #_ #__,0,Egypt
5,امير عيد هو اللي فعلا يتقال عليه ستريكر صريح #كاريوكي #السكة_شمال,2,Egypt
6,عودة جماعة الإخوان إلى الحياة السياسية بنفس وضعها السابق مستحيلة والطرمخة على جرائم الماضي لن تجعلنا نتقدم شبرا,3,Egypt
7,الصداقة تزرع الحياة أزهارًا #مي_زيادة,2,Iraq
8,الإصرار علي الإستفتاء في ظل وطن ممزق وغليان شعبي وغياب أمني وقضاء معطل واعلام محاصر هو انعدام للإحساس بالمسؤولية نحو مصر,3,Sudan
9,دضياء رشوان: أن الدكتور عبد المنعم أبو الفتوح الأكثر اعتدالاً سياسيًا وديننًا، كما أنه اجتهد فى مقاصد الشريعة,2,Egypt
10,أدين بشدة تقديم كل صاحب رأي أو ناشط سياسي للمحاكمات العسكرية علي المجلس العسكري الالتزام بتعهده بعدم إحالة المدنيين لمحاكمات عسكرية,3,Egypt
11,مش هنسالك وانتا واقف جنبى بتطلب القصاص وكلاب الداخلية ضربوك بالرصاص #جيكا,0,Egypt
12,1 العنف مدان، ضد منشآت عامة أو خاصة، ضد مجمع محاكم أو أقسام للشرطة أو مقر إعلامي حزبي كإخوان أون لاين، من الأجهزة الأمنية أو من المتظاهرين,3,Oman
13,إلى زملائي المحامين الراغبين في الانضمام لمبادرة(سامعين صوتك)التى تهدف لدمج متحدي الاعاقه في المجتمع يسعدنا اشتراككم,2,Modern Standard Arabic
14,إآبني آلمستقبلي ^_^ تشرب #حشيش عآإدي = تصآإحب بنآإأإأت شغآل $$ = تضرب ابوكـ ومآالو :$ = = بس تطلع #زملكاوى هولع في أبوكــــــــــ -_-,0,Egypt
15,هل هناك حضارة دون وجود المرأة؟ يجب أن نثق في قدرات المرأة فهي دائماً جزء من النجاح، من غير المرأة لن تكون هناك,2,Modern Standard Arabic
16,"مؤتمر"" المفكرين"" في أبو ظبي :العالم يعيش ثورة العلم والتكنولوچيا والتواصل الإنساني ونحن نعيش حقبة الجهل والكذب وغياب القيم حزين عليك يا مصر",0,Modern Standard Arabic
17,انا لو نفسي اخطط و ارتب و اصرف فلوس الدنيا عشان اشوه الاخوان مش حاعرف اخترع حد زي صفوت حجازي,3,Egypt
18,"تحالف بين #أنصار_بيت_المقدس و #الحرس_الثوري لتنفيذ عمليات ""إرهابية"" في مصر #مصر #الإخوان #المد_الشيعي #عمليات_إرهابية",3,Modern Standard Arabic
19,#أسم_فيلم_بتحبه أسف على الإزعاج,2,Egypt
20,_ 0 مش عيب تكذب؟ عمري ما عملت ولا هعمل بلوك لحد لا تمدح نفسك,3,Egypt
21,الضعف الانتخابي والجماهيري لا يقتصر على الأحزاب الجديدة ويطال بكل تأكيد قوى راسخة في المشهد السياسي إلا أن عقود سلطوية مبارك الطويلة أنهكتها,3,Modern Standard Arabic
22,#مصر_القوية |11-حذرنا من خطر تحول سلطات الدولة لمجرد سند لسلطة عسكرية لا تفهم سياسة ولا تعي معنى الدولة ومهامها وحدودها خارج فكرة حمل السلاح,3,Modern Standard Arabic
23,منذ عامين وحتى الآن كل ما قدمه أنصار تيارات الشعارات الإسلامية لمصر مجرد مشاريع خناقات مع العالم والكون وأبناء الوطن,3,Modern Standard Arabic
24,#باسم_طلع_حرامى يا حرامي,3,Egypt
25,السلفي سعيد عبد العظيم قال أن مرسي آية من آيات الله ونسي أن الله تعالى أرسل إلى مصر أيام سيدنا موسى آيات منها الجراد والقمل والضفادع والدم,3,Modern Standard Arabic
26,لسان العرب بين الألسنة كزمن الربيع بين الأزمنة #اليوم_العالمي_للغة_العربية,2,Modern Standard Arabic
27,بورك لك في المولود أدعو الله ان يجمع شمل الأسرة في بيتهم الطيب و يجعل من خالد نعم الإبن لنعم الأبوين #,2,Oman
28,"#اكتب_عبارة_على_باب_قلبك ' فراق وجهك ضيق ومواجهك عيد والوقت قاسي والتقاليد قـــشرا""",0,Yemen
29,اكثر شعور يوجع ! ^#لما تجوع في بيت مو بيتكم **,3,Saudi Arabia
30,5 هاتلي اخوان أي حاجة مش تنوين ومش ضمير اخوان وبعدها كلمة مش هتلاقي غير لوط وشياطين!,3,Egypt
31,عايز تكون عضو في حمله المشير السيسي سهل جداًً ساعدنا اننا نعمل مليون شييييييييييييييييييييييييييير #سأنتخب_السيسي,2,Egypt
32,الماظة:لابد من معايرة العدادات وتوحيد التعريفة لكل القاطنين،التقديرات الجزافية ظلم ولابد أن تتوقف,3,Modern Standard Arabic
33,جمهورية مصر الطبيعية جمهورية ديمقراطية حقيقية جمهورية مدنية تحمي حقوق المواطنة و المساواة و العدل,2,Tunisia
34,كنت اكره القراءه و حولني الى مهوسه بها حولت البيت الي #معرض_الكتاب ممتنه لك جدا استاذي,2,Oman
35,الأسواني:ماذا فعلوا الأخوان رداًعلى سحل فتاة وتعريتها وقتل العشرات من قبل العسكر الذين كانوا متحالفين معهم آنذاك؟>,3,Modern Standard Arabic
36,حرية التعبير لا تتضمن التحريض على العنف و الفتنة الطائفية بل هو خطاب كراهية,3,Saudi Arabia
37,قصدي كان موجه لكذبك أني ما كنتش هناك,3,Libya
38,محبين البرنامج بيزيدوا :),2,Jordan
39,مرسي فتح على نفسه فتوحة ضنك بذاته الرئاسية دي ده فيه ناس هيبقى كيفها الشتيمة بعد كده,3,Egypt
40,لا أبدا أنا مسرور من كلامك,2,Jordan
41,بكري قبل مايستقيل خد معاه الميكروفون البيتبكري متن خد غرضه من المجلس,3,Egypt
42,وكامل الاحترام لـ #عباس اللي مسك لسانه وما شتمش,2,Egypt
43,#خلق_جميل نقول الحمد لله على كل حاجة لأن ربنا مش بيعمل حاجة وحشة أبدا,2,Egypt
44,سخرية القدر ان الاخوان بارهابهم حينجحوا #السيسي و الدولة بغباءها حتنجح #حمدين #مصر 6 #6ابريل,0,Egypt
45,ويبقى دائما السؤال: لما إنت جامد قوي ومفترض إن المعارضين بيموتوا بغيظهم شاغل نفسك بيهم ليه ما بتستمتعش بحلاوة إنجازاتكالإجابة:لأنك فاشل,3,Egypt
46,أكتر شيء يهمني معرفته هل ده مشروع إستقلال حقيقي ولا كارت مفاوضات في نفس التوكيل؟,0,Egypt
47,5ج وأنعت الرئيس بعد الحشد المذهبي والطائفي برئيس التكفيريين المنتخب، يمتنع تشويه موقفي وتحويله بعبث إلى أي شيء غير رفض المذهبية والتكفير,3,Iraq
48,الناس لازم تحس إن 30 يونيو جت عليهم بفايدة على المستوى الإقتصادي والاجتماعي#يوسف_الحسيني #نقطة_لقاء، # #مص #,2,Egypt
49,"_: خاف #النظام منه فضيع عينهكمل تحقيق حلمه فاعتقلوهخرج و كمل طريقه فقتلوه #باسم_محسن حكاية #ثورة	
#الكويت #السعوديه #البحرين #قطر #ا?مارات #عمان #العراق #مصر #تونس #الجزائر #المغرب #ا?ردن #السودان #لبنان 21	
اتقي ربنا فيا بزياده حس بيا لوزير #التربيه_والتعليم #ثانوية_عامة	
هامش للديمقراطية طيور الظلام وأصوات الديمقراطية فى صحف وحوليات التاريخ - عمرو حمزاوي - بوابة الشروق	
اللى عايز يساعد غزة محتاجين جراحين مخ وأعصاب،أوعية دموية،عظام السفر بمعرفة اتحاد الأطباءالعرب التواصل مع دهشام	
مقال دعمرو حمزاوي -جريدة الوطن -مبادرة للخروج من الأزمة	
د أبو الفتوح: الحكومة الإسرائيلية تطيل أمد الصراع مع الفلسطينيين لأنه لا يمكنهم الاستمرار و التماسك بدون هذا	
شاهد - د جلال أمين ضيف آخر كلام في محاولة لشرح ما يحدث للمصريين الآن	
مع حفظ الألقاب، منى الطحاوي وسامح موريس وخالد حنفي ومحمد العدل وبسمة ونادر السيد ومصطفى سعيد في آخر كلام 11م	
النهارده ، في تحقيق استقصائي عبقري عن الفساد في البورصة في المصري""للأسف هيتوه في زحمة الأحداث",2,Egypt
50,إستمرار الحراك الطلابي بـ #جامعة_المنصورة #مفيش_عساكر_يحكمونا,3,Egypt
51,7_ أكبر معوقة وخازوق أخذناه كان من الإخوان أنا شايف كده واليوم يجب أن نكمل المشوار دونهم,3,Egypt
52,الراجل بتاع الامن بينف بمعدل نفتين كل ٧ دقايق فتحنا الشبابيك عشان السقعة راحت واشتكينا مراراً وتكراراً ليه عموم الشعب معفن #,3,Egypt
53,حظ العوالم ! :) #الاهلي_الافريقي,3,Yemen
54,منهج الانقلاب قتل وقمع وسجن اى معارض اعلام فاسد وقضاء مسيس ارتفاع للاسعار واقتصاد ينهار عزلة دولية وشحاتة خليجية,3,Egypt
55,الكلاب أوفياء رجاء عدم إهانتهم,2,Syria
56,4 الشريعة وأحكامها كتبت بعد وفاة الرسول ولذلك غلط تربطها بشخصه مش خوف ولكن حرص على أن المعلومة تكون صح,0,Jordan
57,1 3 قتلى وأكثر من 450 مصاب في محافظات مختلفة، هذه مقدمات كارثية لاقتتال أهلي حذرت منه دوما وينبغي رفضه ومواجهته، كل الدم ا,3,Modern Standard Arabic
58,نفسي فيه و تفوو عليه ! #فيفي_عبده =)),3,Egypt
59,أعجبني فيديو على #صاحبة_السعادة | #إبراهيم_عيسى: الواقع,2,Sudan
60,73 الله يبارك فيك الحمدلله شدو الرحال من لندن الى ليفربول كانو واثقين خلفهم العظيم مورينهو #صيعري #صحافه #اعلام,2,Oman
61,_ لا ده بيقوللك وسوري كمان وأعلى حاجة أن بيقوللك عبد البيادة وفي نفس الجملة بيهين الجيش,3,Egypt
62,الذين انتخبوا شفيق ليسوا بالضرورة فلول الفلول ببساطة هم كل من اشترك واستفاد من فساد مبارك لا يمكن للثورة ان تتحالف معهم لانها قامت ضدهم,3,Modern Standard Arabic
63,مصر الانقلاب تطالب بمقعد دائم للدول العربية فى مجلس الامن بينما مصر والعرب فى أضعف حال مثل مريض يطالب اتحاد,3,Oman
64,8 :) كان حي الطبقة المتوسطة العليا في #مصر و ذهب اليه الكتاب و المثقفين المصريين بحثا عن مزيج نادر يتفق مع طبيعته,2,Saudi Arabia
65,عمال مصر هم عماد الوطن، تكرار الإعتداء على العمال يؤكد ان دولة مبارك لم تسقط وان تغيرت الوجوه,3,Yemen
66,المناضل #حمدين_صباحي سيظل يناضل ويناضل حتى يجد نفسه محكوما عليه بالإعدام بتهمة ممارسة النضال في مكان عام وبكرة تشوفوا,2,Modern Standard Arabic
67,انصار الحرية والديمقراطية فى اوروبا وضعوا الشجاعة قبل اى شيئ اخر ناد ايطالي ينتظر موقف الانقلاب من عبد الظاهر,0,Egypt
68,معظم #الاخواآن مشاركوش ف الهشتاآج المسئ للسيسي وبكده يبقى #الاخوان باعونا مرتين مره ف #محمد_محمود ومره ف #هشتاج_هشتوج,3,Egypt
69,ربنا يبارك فيكم,2,Morocco
70,إستخدام المساجد في العمل السياسي ونشر العنف # #,3,Sudan
71,اذا تم العفو عن مبارك ونظامه فهذه رسالة من الشعب الى الرئيس القادم تعالى اسرقنا واستبد بنا وذلنا كما كان مبارك,3,Saudi Arabia
72,"صورة الشهيدة ""رضا رمضان ""42 سنة التي استشهدت برصاص قوات أمن الانقلاب #الفيوم #انتخبوا_العرص",3,Egypt
73,مهو لما الواحد يصتبح علي جدول #الامتحانات كدة مفروض بقيت اليوم هيبقي عامل ازاي -_-,3,Egypt
74,عمرك شوفت إستفتاء على دستور يطيح بالمبادئ الدستورية (المساواة وتكافؤ الفرص) في قواعد مرحلة الإقتراع وإدارتها؟,3,Egypt
75,ايماننا يمحق تهديدهم وسنواصل نضالنا السلمى مع الشعب المصرى وشبابه الثائر لاستكمال ثورتنا والقصاص لدماء شهدائنا ووفاءا لروح الشهيد محمدالجندى,2,Egypt
76,تذكرنا النبيل مصطفى نبيل كاتبنا الكبير وهو حي يرزق ونتمنى أن يتذكره باحثو الإعلام بعد موتهرحمه الله,2,Algeria
77,5 ألم أقل لكم إنها ممارسة فاضحة لازدواجية المعايير وتخوين المعارضين أملي أن لا تبتلع بعض قطاعات الرأي العام الطعم مجددا,3,Modern Standard Arabic
78,ازاي البرادعي يقول ان الهولوكوست مأساة انسانية و ان بوذا ممكن يكون نبي و ان السلفيين متطرفين و يطالب بعودة اليهودايه؟ده عصام العريان؟,3,Egypt
79,من الاخر اى حد فيه الرمق من المعارضة يمكن ينزل انتخابات شعب او شورى بيتقبض عليه لغاية ما تخلص خارطة الطريق وبعدها ربنا يسهل,3,Egypt
80,الأسواني: لهذا لا يوجد فرق بين إرهاب الكنيسة الكاثوليكية في الأندلس على يد الراهب بليدا وإرهاب أسامة بن لادن>>,3,Modern Standard Arabic
81,"الاعلامي محمد فودة يعقد مؤتمرا جماهيريا غدا بمدينة #زفتى بحضور الفنانة #غادة_عبدالرازق لدعم المرشح #عبدالفتاح_السيسي # إلعب ياسيسي:)""",2,Egypt
82,من يفهم في القانون اكثر من الفقيه الدستوري الدكتور ثروت بدوي والدكتور عاطف البنا والاستاذ جمال عيد كلهم أيدوا قرار الرئيس بعودة البرلمان,2,Saudi Arabia
83,الانقلاب اعادنا الى عام 1955 بعيدا عن الحريات الضائعة التخلف يزحف على كل القطاعات وبكره تشوفوا مصر,3,Saudi Arabia
84,#نبض_رابعة | #شاهد معتقلين المنيا في قاعة المحكمة يهتفون ساخرين من القاضي و من فضيحة زوجتة مع مدرب الكراتيه (,3,Egypt
85,لم ادعم مرسي وقاطعت الانتخابات اعتراضا على عدم عزل شفيق وعدم محاكمته لكن مرسي الفائز طبقا لتقارير القضاة المستقلين الثورة إخلاص للحقيقة,0,Modern Standard Arabic
86,"زي النهار الطفل لما ينفلت من بين أيادي الضلمة ويشقشق أنا شفت روح الحق لما إتسللت صرخت وفي وش الخرس إنطق""عمار وفؤاد حجاج",3,Egypt
87,"نأمل أن لا يصل 	
الليل طويل فلا تقصره بمنامك ، والنهار قصير فاغتنمه بأعمالك قم وشارك واصنع الحياة	
ضبط مشرف دعاية طبية بحوزته 2385 قرصا مخدرا وبخاخات ومناديل جنسية بمركز #سوهاج :: حيث أسفرت الجهود الأمنية عن ضبط	
موقف الاخوان من جوه برلمانهمشلت بلطجية،200 جنيه،شريط ترمدول،وجباتنتذكر سوا #السادة_المحترمون 	
_26 لا نريد ان يجعلونا نفعل مثلهم فهم لا دين لهم هم تجار دين #تحيا_مصر #سأنتخ 	
هل ممكن يكون مرسي مختفي الفترة دي عشان مش لاقي شاحن هو راخر؟ آه يادولة العكاكين	
#صدي_الدقهلية|#جامعة_المنصورة| عودة المسيرة مرة أخري لميدان #رابعة أمام كلية هندسة	
وقت #عبدالحليم_حافظ 3	
#متابعة الأنباء من #الفيوم تفيد بدخول سيارة نقل ثقيل فى السيارات التى كانت ستقل العاملين بمصنع الغزل والنسيج من أمام المص 	
عن #الفرح #اللمة #الخروج #ضحك_السنين #الغني #التصوير #اللف_بالعربيه #الشارع #للصبح #الخبرة #عمر_المسخرة #الانبساط يوم فشيخ	
صور مسيرة ميدان التحرير فى طريقها الى الاتحادية	
عبد الناصر عمل وحدة مع سوريا وبدأ بالياميش سيسي هيعمل وحدة مع اسرائيل وبدأها بالطماطم	
#اخر #ساعة #يوم_الجمعة اللهم اني اسألك عيش السعداء وموت الشهداء والفردوس الاعلى بجناتك جنات عدن اللهم امين	
سبحانك يالله وفي ساعة المطر تستجيب لدعواتنا،،، #عادل	
#عبارات_تعشق_الزوجة_سماعها انا برع يلا تعالي	
دورى السيسى #مرار_طافح	
البيت الابيض يقول ان 14 دولة اخرى وقعت بيانا للتحرك بشأن سوريا #السادة_المحترمون	
هم العادلي ومبارك إتحاكموا على إيه؟	
وزير الغلابة #باسم_عودة معتقل ف سجون العسكر لان كل حلمة هو تقديم #افضل_منتج_لاكرم_شعب #انا_مش_رقم #انتفاضة_السجون 	
هاجر نبينا إلى المدينة ومعه أبو بكر الصديق ومولى أبي بكر عامر بن فهيرة، ودليلهم هو عبد الله بن الأريقط الليثي، وكان كافرا #نشر_سيرته #	
قلمين عقب أسبوع من محمد محمود المجد لأبطال محمد محمودهتفضل مصر شايلة جميلهم دائما وأبدا	
#كفاية اسفاف	
#تنويه_البرنامج حبايبى الحلوين جه وقت اىنوم كلو يخش اوضتو ويندهلنا حد كبير يتفرج علينا	
#اللي_يسري_فودة_معملهمش_ريتويت دي فتنة عشان ننقسم ونعادي بعض إلعب غيرها	
نتفق معك في ان الرجال يعرفون بالحق ولا يعرف الحق بالرجال	
#السيسي يلوم الخطاب الديني غير المرتبط بالعصر"" على ما لحق من ضرر بقطاع السياحة في #مصر #مرسي #الاخوان #السعودية #الامارا",3,Egypt
88,الحب اللى بيبقى ف #النور قدام #ربنا #احلى #بكتر من الكلام ف الموبايل بليل وانك #تستخبى من #اهلك,0,Egypt
89,لا أهاجم مرسي لأني أستكثر عليه الرئاسة بل لأنه كذاب ومخلف لوعوده وفي رقبته دماء شبابلا أسميكم خرفانا فحتى الخروف يستحي أن يدافع عن كذاب,3,Modern Standard Arabic
90,عاجبني الإيجابية الخايبة بتاعة الرفاق طيب خليك إيجابي بشوية حنكة سياسية أي منظر مش ستريبتيز مجاني كدة #مرار_طافح #ثورة_,3,Egypt
91,"الانقلابيون قرروا العمل والاقامة فى محيط المطار عشان الى يلحق يهرب يعملها فور سقوط الانقلاب, غوروا فى داهية",3,Egypt
92,نتمنى لرئيس الوزراء الدكتور عصام شرف الشفاء العاجل كما نتمنى ألا يكون مرضه مرضا سياسيا,0,Modern Standard Arabic
93,"أيمن يونس يؤكد:الزمالك لا يشارك فى دورة فى قطر لموقفها من مصر, حكومتك يا كابشن بتتفاوض مع قطر عشان تشحت غاز",3,Egypt
94,و أعتز بمصريتى و صعيدتى,2,Egypt
95,عار عار عار عار عار عار مانحن فيه عار الدماء أنهار والشهداء بالعشرات الرصاص فى الرأس والرقبة والصدر,3,Egypt
96,بلطجة الإخوان والإعتداء على الإعلاميين بمحيط اكاديمية الشرطة #السادة_المحترمون,3,Egypt
97,ومن يرددها هم من لا نريدهم في مصر لا في السياسة ولا في البرلمان القادم، وكفاهم الضرر الذي أحدثوه لثقافتنا ووعينا السياسي بلغتهم وأساليبهم,3,Modern Standard Arabic
98,لابد من حملة إنتخابية على الارض تتواصل مع الناخبين والناخبات ولا تعتمد فقط على الصحافة والتليفزيون,0,Iraq
99,اتمنى ان تكون القوى الإسلامية والليبرالية واليسارية راغبة بالفعل في تشكيل قائمة وطنية موحدة لخوض الانتخابات البرلمانية القادمة #,2,Modern Standard Arabic
100,انا مش فاهم واحد عنده اكتر من عشرين الف متابع لمجرد انه حاطط صورتي و محور في اسمي ريبورت و سبام من فضلكم,3,Egypt
101,فضيحه تانيه أنا لسه ماسك ف مستشفي راس سدر وعرفت ان تم أخذ من الدوله حدود ١٥١ مليون جنيه لم يتم صرف ٦٠٪ منها,3,Egypt
102,اردوجان مستمر في نهجه ويحاول أن يلوث المد الثوري المصري #يوسف_الحسيني #السادة_ال,3,Modern Standard Arabic
103,هنلف ونرجع لنفس النقطةلما تقول إن كل اللي قالوا لا ثورة مضادة يبقى ماتكلمنيش عن التفكير العلمي والمنطقيبس كده,3,Egypt
104,#حمدين_صباحى بيقول برنامجة هيتحقق في ٩ شهور ، بس مقالش هيبقي طبيعي و لا قيصري و في مستشفي اية !!!! الرحمة يا رب,3,Egypt
105,من يوقف قانون العزل ومن يجمد بلاغات الفساد ضد شفيق ومن يهدر طعون التزوير هل سيجرى انتخابات اعادة نزيهة اما تطبيق القانون او مقاطعة شاملة,3,Egypt
106,لما إنت عارف مجموعة الشيوعيين بالإسم ابقى قدم فيهم بلاغ ولاتنشر الكلام على عواهنهكلامك واضح يارجل الحوار,3,Egypt
107,هلْ يزولُ الظُّلـــمُ طــوعًــا *** أو حنــانًــا للضِّعــــافِ؟! أينَـكـمْ فـرســانَ قــــومي *** كـي تـهبُّـوا باصطفـافِ #غزة_تحت_القصف,0,Libya
108,ابراهيم صلاح ضحى ب 3 مليون من الهلال السعودى او اتحاد جدة ، وإختار الزمالك #زملكاوى,2,Egypt
109,8ب وبعد عزل إجباري للرئيس المدني المنتخب كنت أتمنى أن لا يحدث باحترام الإخوان للجوهر الحقيقي للديمقراطية متمثلا في طلب الشعب التغيير,3,Yemen
110,الشيخ حازم ابو اسماعيل يرد على فتوى برهامي الأخيرة !! فك الله اسرك يا بطل منك نتعلم منهج الدين الحق,2,Yemen
111,يا عزيزي حاولت اكثر من مرة من سبتمبر اللي فات وكان موافق ثم اكلم من حوله فلا اجد اجابة شافيةدلوقتي برنامجي خلص خلاص,0,Saudi Arabia
112,#حط_نفسك_مكان_البنت اللي بقيت بتسمع شتايم قذرة من ناس اقذر في الشارع عادي علي اساس ان الولاد كدة بتهزر,3,Egypt
113,في أمريكا دلوقتي المحطات النووية شغالة وبرامج الفضاء شغالة والأبحاث العلمية والاستديوهات والمصانع والأحزاب وحركات الرفضإنت بقى شغال في إيه؟,3,Egypt
114,اطالب بعزل شفيق ومحاكمته ثم عمل انتخابات نظيفة او التحقيق في التزوير واستبعاد الأصوات الباطلة والإعادة بين الثاني والثالث او مقاطعة المهزلة,3,Oman
115,ومع ذلك سقطت بالأمس وإلى الأبد مقولة أن التيارات الديمقراطية لا شعبية لها وأن للإخوان ولحلفائهم احتكار الارادة الشعبية وتوكيل الصناديق,0,Modern Standard Arabic
116,(شمس الحريه بتنادي) يا وطني يا وطني الغالي يلي خنوك و #انتخبوا_العرص #ريتويت,0,Libya
117,# # # ; :: #حوكا,3,Libya
118,من بوابة الأهرام الأسلوب الحقير للصهاينه استخدم من قبل مع اخرين,3,Yemen
119,وهذا ماقلته اليوم مع محمود سعد لمن أراد أن يدرك حقيقة أكذوبة الإستقرار الذي يروجون لهتصبحوا على خير,3,Modern Standard Arabic
120,البرود #اسلوب_حياة,3,Egypt
121,الإخوان جماعة إرهابية وهم من قتلوا ابني,3,Modern Standard Arabic
122,يا #فلول يا ولا المره تفويضكوم جابنا لوره #مكملين #مرسى_رئيسى,0,Libya
123,سنسمو على خلافاتنا السياسية والحزبية وسنعلى فقط المصلحة الوطنية ستنتصر ثورتنا وستكون مصر قوية بإذن الله,2,Modern Standard Arabic
124,حين يصبح مصطفى بكري شبه متحدث باسم المجلس العسكري ، اعلم أن هناك الكثير يجب عمله، حتى تنجح ثورتنا,3,Modern Standard Arabic
125,ان اللون الرمادي ليس له محل من الاعراب يا ابيض يا اسود #علمتني_الثورة,3,Iraq
126,أثار تخريب كنيسة مارجرجس وحرق بيوت الأقباط بقرية دلجا بعد اعتداء الإخوان #السادة_المحترمون,3,Modern Standard Arabic
127,لا شيء يبرر إحالة المدنيين للقضاء العسكري حتى البلطجية القضاء المدني كفيل بهم,3,Oman
128,أهدم نفسك عشان تبني مستقبلك !! #التعليم_في_مصر,3,Jordan
129,يامن تتحدث باسم الاسلام ثم تلقى على من يخالفك في الراى بصندوق قمامة من البذاءات كثيرون ممن تشتمهم اكثر اسلاما منك لانهم مهذبون,0,Modern Standard Arabic
130,#مصر_القوية |10-لقد حذرنا في حزب مصر القوية ولا زلنا نحذر من خطورة تحول سلطات الدولة إلى مجرد سند لسلطة عسكرية لا تفهم الس,3,Modern Standard Arabic
131,_ مازالت المشكلة من الداعى وتحت اى راية نجتمع و اسم التجمع و تيار ثالث و لا تيار شعبىو من يقود هل يعقل,0,Egypt
132,#دوله_التعريص #عسكر حراميه,3,Libya
133,لا يستطيع الرئيس مرسي ان يتنصل من مسئوليته عن الغاء عرض مسرحي على مسرح الدولة هل قرار الأمن أقوى من الرئيساين وعود الرئيس عن حرية الإبداع,3,Modern Standard Arabic
134,أما بالنسبة للشامخ فده يدلَّع ونقوله يا أبو شامخة,3,Tunisia
135,العملية نسر لم تفشل النسر هرب مع طائر النهضة عشان يتجوزوا عرفي و راجعين,3,Sudan
136,الأسواني:لماذا تصر الولايات المتحدة على استمرارها في دعم مرسي للنهاية رغم قتله للمصريين وقمعه للتظاهرات,3,Modern Standard Arabic
137,#أنصار_المعزول تعدى بالضرب والتعذيب على الصحفى بجريدة #فيتو محمد ممتاز,3,Egypt
138,التنظيم الدولي للإخوان تعلم على يد رامسفيلد يقوم بحربين في وفت واحد او #كلام_و_كلام #يوسف_الحسيني #,3,Saudi Arabia
139,قالك :- الإخوان بيزايدوا علي بتوع #الإتحادية طب و جملة مش هننزل نتظاهر مع الإخوان دي إيه ؟ رز بلبن ؟,3,Egypt
140,#حاول_ماتبقاش الوالد اللى بيصاحب مية بنت في الاخر هتجوز واحده #استرجل بقي,3,Egypt
141,#الاهلي #اسلوب_حياة,2,Egypt
142,2011 الله ينور عليك يا دكتور هو ده التفكير اللى عايزينه مش كم مسجد وكم كنيسه,2,Egypt
143,للمرة الاولى فى 40 عاما يأتى يوم 6 أكتوبر والجيش ليس حبيب الشعب الاغلبية بين كاره وغاضب وخائف ومندهش أو لديه ثأر,3,Modern Standard Arabic
144,د أبو الفتوح : رقابة الدولة على الأفكار يحول الناس الى مؤمنين منافقين وهذا ما لانريده ولا نقبله,3,Saudi Arabia
145,ليس بمقدور احد ان يعيد المصريين الى حظيرة الخوف لقد الثورة كسرت حاجز الخوف الى الأبد لن نتراجع عن مطالب الثورة ولو صدر ضدنا الف حكم,2,Modern Standard Arabic
146,"نهنئ الدكتور عبد المنعم أبو الفتوح بتأسيس حزب ""مصر القوية""، وندعو له بالتوفيق وبأن يكون هذا الحزب خطوة نحو بناء",2,Modern Standard Arabic
147,الطاقة البشرية اذا ما احسن استغلالها هى رصيدا و ليست عبئا قوتنا فى عددنا,2,Egypt
148,بسمة أمل - قصة سقراط مع النميمة: في هذه الأيام وللأسف كثرت الشائعات والنميمة وأصبح الكثير -إلا من رحم ربي من,3,Oman
149,) ! #اولاد_ميت_عقبه #الزمالك #حب_الابيض_غير,2,Libya
150,استمعت للعمال: لا حق في انشاء نقابات مستقلة، 8 مليون بعقود مؤقتة، استبعاد 30 ألف مرشح من الاتخابات النقابية، عدم وجود حد إنساني لللأجور,3,Saudi Arabia
151,هو إحنا حا نعمل جلسات مجلس شعب ليه؟ ما الإخوان أهم بيخلصوا كل حاجة من مكاتبهم ولا حوجة للزحمة والمصاريف,3,Egypt
152,رحم الله شهداء الواجب الوطنى على حدودنا، وادعو لجنازة شعبية حاشدة ضد الارهاب والطائفية الدم المصرى حرام,0,Egypt
153,_ طبعا الرئيس الذي تطلق جماعته بلطجية ليعتدوا ويسحلوا ويضربوا بنات بلده هو رئيس فاقد للشرعية تماماً,3,Modern Standard Arabic
154,909 ألف شكر,2,Egypt
155,أسماء الجناة والمتهمين بالنيابة العامة وهي تباشر تحقيقاتها نحن سنكشف الحقائق بالكامل للرأي العام وسنحمل جميع الأطراف مسئولياتها للتوضيح,0,Oman
156,الآن محاضره عن الصحابي الجليل وخليفة رسول الله #عثمان_بن_عفان #ذو_النورين #إذاعه_القرآن,2,Modern Standard Arabic
157,_2012 غلط شوف الاعلام بتاعهم بيمسكوا في اي حاجة حتى لو تافهة,3,Egypt
158,وحياة قلبي وأفراحه #الشباب_الاهلي ٣-٠,2,Egypt
159,موقف محترم حذر الأمير خالد بن طلال بن عبد العزيز عضو العائلة المالكة بالسعودية أن إجازة الخروج على الرئيس مرسي,2,Modern Standard Arabic
160,اصحاب المحلات فى شرم احتفلوا بالانقلاب واذاعوا تسلم الايادى اليوم تظاهروا ضد الانقلاب بكره تشوفو مصر,3,Egypt
161,حالا لأول مره في حياتي متشرف أني أكون في مدينه #المحله الكبري لأحياء احد الأفراح بعد قليل #,2,Yemen
162,_ لم يحدث هذا كذب و افتراء,3,Modern Standard Arabic
163,#حاجة_تستاهل_الحمد كل حاجه ف حياتنا اكيد !!!,2,Egypt
164,#ذات_مومنت لما موبايلك يغطس في البطنيه وتقعد ادور فيه ما تلقشي واخر حاجه تنفض البطنيه يقعد الموبايل ايتخبط فيالوطى :/ اصلا عادي,3,Libya
165,شخص يهدد بإستمرار الإرهاب وعمليات القتل في سيناء حتي عودة مرسي أعتقد أنه مدان بالقانون والسجن في إنتظاره,3,Egypt
166,اهالى #عزبة_النخل يفضحون #السيسى: حملته قالت لنا اعملوا توكيلات للسيسى وهن:,3,Yemen
167,احيي الشيخ حسن عبد البصير امام مسجد سيدى جابر الذي رفض تعليمات الأوقاف بنفاق مرسي في خطبة الجمعةتعلموا الاستقامة أيها الاخوان الكاذبون,0,Egypt
168,_ 25 # تدعون للدين وتنشرون الأكاذيب، لم أكن أبدا عضوا بالوطني انتم تتاجرون بالدين,3,Modern Standard Arabic
169,ولما تبص #حواليك هتعرف انك #احسن من ناس #كتير عشان كده #لازم تقول #الحمد_لله,2,Egypt
170,#اكشن_يا_دوري #النصر_الاهلي النصر سوّى شي ماينتسوّى فاز وتصدر رغم كل الصعوبات لكن موتوا ياجماهير حوّى مع #النصر هيهات هي,0,Syria
171,كنت واثق ان احداث #رابعة والدماء التي سالت سوف تكون لها اثارلكني لم اتخيل ابدا انها تصبح وقود يلهب مشاعر الملايين وتحي,0,Oman
172,مرسي موحد الفتن,3,Tunisia
173,"أخر ما كتبه شهيد اليوم بإذن الله ""عبد الرحمن احمد "" هذه هى نوعية الشباب الذين يقتلهم السيسي حسبنا الله و نعم الوكيل",3,Modern Standard Arabic
174,نيويورك تايمز: الانقلاب دراكولا يبطش بالصحافة,3,Tunisia
175,استمرار تطور وتجديد كوادر التنظيم المسلح لجماعة الإخوان الإرهابية #السادة_المحترمون,3,Modern Standard Arabic
176,#الببلاوي #أنتخبوا_العرص #الهاشتاج,3,Egypt
177,#اللى_رافضين_السيسى_رئيس_بيعملوا_فولوا_لبعض #مرسي_رئيسي #انتخبوا_العرص #سيناء_خارج_التغطية #سأنتخب_السيسى,0,Egypt
178,وماحدش هيضيع البلد غير الجبان والواطي والحقير عديم الذمة اللي عمره ما بيقبل على نفسه ما يقبله على غيره من كتر ما هو خائف وجبان,3,Egypt
179,مفيش حاجة اسمها دولة وطنية في حاجة اسمها الجماعة التنظيم طز في مصر #السادة_المحترمون,3,Egypt
180,7 ماله سمك إسكندرية يافندم؟ طب والله من غير مبالغة لفيت العالم مالقيت مثيله وأتوسل إليكي ماتحطميش أسطورتي الخاصة,2,Egypt
181,الاعتقالات كالامطار بلا مبررات لكن الانقلاب يرفض حضور المحامين لتحقيقات النيابة,3,Yemen
182,عبد المنعم ابو الفتوح اعداء المصريون فى الخارج والداخل يدبرون مؤامرات لاجهاض ثورة يناير # #,3,Egypt
183,قدام بيتي #الربيع #الجمال #نيويورك #بيتي # #مبتعث,2,Yemen
184,#بصـراحـه #عن ناس بيبقى نفسك تقولهم يلا المركب اللى تودى و يا ريت تتقلب و هى بتودى ! #رخامة,3,Egypt
185,الجزار الفاشل يحضر الآن سكينه لكي يذبح بعض كباش الفداء قبل أن يكتشف أن المشكلة أعمق من فشل الأشخاص فهي مشكلة فشل سياسات,3,Oman
186,#النصر_الفيصلي عظيم بجمهورك الله يسعد الحاضرين كلهم والغايبين,2,Yemen
187,نت #فودافون بيعلم الصبر,3,Egypt
188,عصام سلطان فضل عشر سنوات عامل نفسه منشق وضد الاخوان وبعدييين بعد الثوره اتضح انهم منهم ولا انشق ولا يحزنون,3,Sudan
189,كنت تأجل وتيجي منك بجميلة وتعمل فيها قعر مجلس وكبير العائلة بس هتقول إيه الغباء السياسي صنعة,3,Egypt
190,88 إنت باين عليك لجنة أمن دولة مفضوحين جدا,3,Egypt
191,_96 سامي يعبث بتاريخ الزعيم جعل اكبر افراحنا الفوز ببطولة اولمبي #ارحل,0,Yemen
192,مدير جامعة الإمام يستنكر الثناء على #أردوغان ويعتبر #تركيا دولة فاسدة فاسقة فاجرة تنشر الرذيلة #عسير #السعودية # #,3,Yemen
193,لا ينكر أحد ضرورة إجراء إصلاحات شاملة بالقضاء سواء فى كيفية التعيين فى البداية وحتى كيفية المحاسبة داخل القضاءلهذا تقدم,0,Egypt
194,الجبناء يكذبون علنا احدهم يقول ان العسكر لم يحكموا مصر اخر 60 عاما ويطالب بخضوع مصر للجيش واستشارته فى اى حاجة تخصه,3,Egypt
195,الانقلاب يغلق مسجد النصر ب #رفح ومن اظلم ممن منع مساجد الله ان يذكر فيها اسمه وسعي فى خرابها انتظروا عقاب الله,3,Egypt
196,مبادره دستورهم باطل لتعريف الشارع بالمساوئ الاقتصاديه و الاجتماعيه للدستور ببساطة،ريتويت بقا 3 مرات قبل الأ,3,Libya
197,عندما يسكت الإخوان على بذاءات الشيوخ المؤيدين لهم وتطاولهم على الأعراض فوق المنابر فلا تفرحوا كثيرا لأنكم ستكتوون بنار البذاءة والسفالة,3,Modern Standard Arabic
198,كذبة حقيرة الاهرام العربي:مرسي طبع 65 مليار جنيه والبنك المركزى يأسف ويستنكر ويرفض التعقيب,3,Egypt
199,فالانتقاص من صلاحيات البرلمان المنتخب واعطاء صلاحيات تشريعية لمجلس استشاري معين هما أمران ينبغي على كل مؤمن بالديمقراطية أن يرفضهما,3,Modern Standard Arabic
200,قانون منع التظاهروالاعتصام المزمع إصداره يحسم ا مرأمام كل متردد بأننا نواجه سلطة قمعية ليس لها مشروعية تستهين بحريات وكرامة وحقوق المصريين,3,Modern Standard Arabic
201,عدت من الاسماعلية منذ قليل بعد يوم حافل ختمته بمؤتمر جماهيري دفء مشاعر أهل الاسماعلية هون برودة الجو #,2,Syria
202,#اعرفوهم_انقلاب_مصر_يسقط_حكم_العسكر #الداخلية_بلطجية #شهداءالحرية # الشهيد محمد فتحي 20 عاماً #بني_سويف,0,Egypt
203,"أحسن حاجة في أغنية #السكة_شمال هيا ""ايه ايه ايه ايه "" اللي أمير بيقولها قبل ما بيغني علي طول !",2,Egypt
204,أيامنا هذه هى أيام اختلال مفزع لمعايير الحكم على الأمور فى المجال العام فى مصر وفى بلاد العرب,3,Modern Standard Arabic
205,"نحن بحاجة إلى وسطية في المعاملات واعتدال في المواقف و الا تعرضنا لعوامل هدم المجتمعات الكبرى"" #مصر #تونس #لبنان #الإمارات #فلسطين",0,Oman
206,"بيننا وبين ""التقوى"" مخافة الله سبحانه وتعالى لكن بيننا وبين التدين الشكلى مجرد موس حلاقة (جلال عامر) #جلال_عامر",0,Egypt
207,#الامريكان اكتشفو إمكانية وجود مياه على المريخ ^_^ #المصريين اكتشفو ان ب 2 جنيه فول كل جنيه لوحده اكتر من ب 2,0,Egypt
208,شاهد - آخر كلام: مسحت الكلام؟ طب مسحت الدم؟ جبت حق اللي مات؟ #,3,Egypt
209,عايزه اعمل مجتمع ربعاوى بعيد عن الفلول و اللى عايزهم #فلول # شعب بلا اخلاق #ستحاسبووون,3,Egypt
210,"اثنان وثلاثين سببا للتصويت بـ ""لا"" على مشروع الدستور",3,Modern Standard Arabic
211,#الحكومة لا تلتـزم بـ القـانون للأسف #حقيقة,3,Lebanon
212,( فألقيه في اليم ولا تخافي ولا تحزني إنا رادوه إليك وجاعلوه من المرسلين ) هذه الآية تبعث الأمل ،، #ل,2,Modern Standard Arabic
213,#6ابريل صباح الغباء # خلطة نقاء وغباء ثوري النتيجه حزب وطني #نيولوك #الحرية_للمعتقلين #ماهر #دومه #عادل # #,3,Egypt
214,مشاكل العمال تتفاقم ضرورة حوار ثلاثى عاجل بين الحكومة وأصحاب الأعمال و النقابات العمالية لوضع إطار متوازن يحفز الإنتاج ويضمن حقوق العمال,0,Egypt
215,يآجعل دربكَ تسآهيل والفُوز فآلك #النصر_الشباب #نصراوي_لاتكلمني,2,Egypt
216,انتِ قصة عشق لا يفهمها الا النجوانيون #هلا_فبراير #,2,Saudi Arabia
217,يتقدم الشعب المصري بخالص الشكر والامتنان للمشير السيسي لمجهوده الجبار في حل النزاع الوطني بين مرتضي منصور واحمد شوبير #هاشتاج,2,Modern Standard Arabic
218,#حركة_كايدينهم #مصر #قول_كلمه_للسيسي_وخد_فولو_هديه ياسيسى ياجاااااااامد #سأنتخب_السيسي #تحيا_مصر,2,Egypt
219,639 #الراتب_مايكفي_الحاجة #الاتحاد #الهلال #النصر #الاهلي #مرسي,3,Egypt
220,المدن -روجيه عوطة-نينا هاغن وعجينة الفم المتهكِّم #غناء_الصراخ #غناء #فن #ثقافة,0,Tunisia
221,كلما اقترب موعد بدء الحملات الانتخابية، كلما تغيرت لغة الحوار والخطاب بين الأحزاب والسياسيين وأصبحت أكثر عنفا لفظيا,3,Modern Standard Arabic
222,عن اي مشروب غازي كو #حافظ_مش_فاهم,3,Lebanon
223,"الباشا أبو 50% مش واخد باله أنه رمى كل أوراقه , بيهددنا انه هيضرب بكرة ذخيرة حية , على أساس ان قبل كده كانوا بيضربونا بق",3,Egypt
224,مرسي سمع تهديد البلاك بلوك باقتحام القصر من هنا وقام معلي سور القصر بالطوب الأحمر فين فتحة الصدر يا سجين القصر,3,Egypt
225,والمصحف مرتضي منصور بيتلكك لميدو #زمالك,3,Egypt
226,السنين الحلوه بتعدى قوام و آنتآ آسمك فى آلتآريخ بالنور مكتوب #أبو_تريكة,2,Egypt
227,مازلنا نعيش عهد اللافعل,3,Yemen
228,الثورة تريد تحرير العقول التلفزيون المصري يريد تغييب العقول الثورة ستنتصر,0,Modern Standard Arabic
229,تجاهل الاعلام الحقير لضحايا معدية قنا الذين غرقوا فى النيل يكشف انهيار الحق لو أيام مرسي كانت الولولة والدموع للركب مش كده يا منى,3,Egypt
230,الدراما المصرية في تقدم مبهر مسلسل #نيران_صديقة راااائع جداً جداً,2,Egypt
231,هذا ما عندي والله أعلم وبعد كلام زوجة الشهيد طارق الأقطش ليس هناك كلام لمن أراد الحل الدائم والجذريسلام عليكم,0,Modern Standard Arabic
232,ع سبيل النكد #باسم مش جاى النهاردة :(,3,Egypt
233,كانوا رجال #مرسى_رئيسى #كانوا_رجال #الشعب_يرد_تحية_الرئيس #أنا_حازم #سنحيا_كراما,2,Egypt
234,أعتقال الناشط اليساري هيثم محمدين يكشف بوضوح أن العسكر يستهدف المد الثوري أي كان لونه أو شكله أو إنتماءه وأن,3,Modern Standard Arabic
235,ماعنديش فلتر بين مخى ولسانى دى مصيبة الل بفكر فيه بقوله #عادة #زفت #اعتراف,3,Egypt
236,كفاية سياسة بقي,3,Egypt
237,نقطة أخيرة قانون التظاهر الذي يحتاج إلي إعادة النظر في عقوباته كما يقول #الببلاوي أصدره هو في عهده وبنفسه أرائيتم كيف وصل العبث بعقولنا؟!,3,Modern Standard Arabic
238,د أبو الفتوح : مشكلتكم تحتاج لقرار ادارى والحكومة الحاليه ضعيفة لدرجة انها لا تستطيع اتخاذ قرار ولا بد من سرعة,3,Egypt
239,الوزراء اغلبهم أكاديميين من حملت الدكتوراه نتمنى #مجلس_الوزراء يجمع الأكاديمي والناجح من القطاع الخاص,0,Iraq
240,اعلام العار ساند منتخب مصر فى غانا لينسب الفوز لسيسي فخسرنا بالستة وتجاهل الاهلى كرها فى ابو تريكه ففزنا بكاس,3,Egypt
241,المظاهرات أمام سفارة #الامارات_عاهرة_الخليج في #جمعة_الحسم #راجعين_30 #الانقلاب_العسكري,3,Egypt
242,يا رب لك الحمد أن جمعت شمل أسرتي,2,Modern Standard Arabic
243,كيف يمكن مسح الشرائط التى سجلت جرائم العادلي لماذا كان العادلي يضحك بسعادة اثناء محاكمته اتمنى الا تكون إجابة السؤالين واحدة,3,Saudi Arabia
244,تجار الدين يكذبون ويعتدون ويتواطئون ويزورون الاستفتاء ثم يقيمون الصلاة انفصال كامل بين العقيدة والسلوك يستدعي التأمل ويحتاج الى علاج نفسي,3,Oman
245,في الطريق إلى أسوان لأول مرة منذ أكثر من 15 عاما بدعوة كريمة من الدكتور مجدي يعقوب لحضور افتتاح المبنى الجديد بمستشفى القلب هناك,2,Modern Standard Arabic
246,واضح ان بالنسبة لهم لحوم العلماء مسمومة الا لو كانت لحوم المفتي و شيخ الازهر,3,Saudi Arabia
247,في ناس بنشوفها بالالوان وناس جواها مش بيبان وناس اسود وناس ابيض وناس محتاجه بس امان #صلاح_جاهين,0,Egypt
248,علاء الأسواني: لقد حافظ الرئيس مرسي على اعلام مبارك الفاسد وراح يستغله لمصلحته المقال كامل,3,Oman
249,يا غنوة مبتكملش يا دمع يا محبوس ليه كل ما أحلم حلم بقى يتقلبلى كابوس #محمد_محسن,3,Egypt
250,يجب أن نبدأ حملة توعية لحث الناس على التصويت بكثرة لأن ذلك ف,2,Modern Standard Arabic
251,قلب الوطن مجروح لا يحتمل دين ام #عسكر #منير,3,Egypt
252,المصري بيقول حزام ناسف و الشروق بيقول سيارة مستفخخة و الأهرام بيقول شنطة مدارس قوم اوقف ونتا بتكلمني,3,Egypt
253,المفسد عادل فقيه #عادل -فقيه -وزير-للصحه,3,Yemen
254,_4: #هلا_فبراير #اليسا على روتانا مصريه :) الواحد كان مخنوق و فرفش :-* ;-),2,Jordan
255,صامت على الانقلاب مثل رجل شاهد خيانة زوجته فشرب عصير ليمون سئل:ماذا فعلت قال:عملو ليمون لنفسهم,3,Yemen
256,لا اعترف بسفير يدين مواطنه قبل ان يجرى تحقيق محايد وعادل لا تعرفه السعودية هذا سفير مبارك وليس سفير مصر أبدا,3,Saudi Arabia
257,تريكه معانا كل رمز حلو فى مصر من شعبنا وشعبهم بيادة وطرطور وبلاوى ومطرب ورقاصة,0,Egypt
258,درس العربي في الأرياف بيدعيلكوا #محمد_محسن ومستر ممدوح بييدعيلكوا برده :) :),2,Egypt
259,"#الجيزة||#حاميها_حرميها حالة أستاذ بطب طنطا للتحقيق بسبب رأيه على ""الفيس بوك"" قرر الدكتور عبد الحكيم عبد الخالق،",3,Egypt
260,د عبد المنعم أبو الفتوح : جمال عبد الناصر كان مثلنا الاعلى في شبابنا وحتى نكسة 67 في برنامج أنت وضميرك على قناة دريم,2,Iraq
261,قتل صحفيين ابرياء اعتقال وسجن صحفيين ظلما ترهيب صحفيين ومنعهم من عملهم حرية الصحافة ترقص على واحدة ونص,3,Iraq
262,يا أيها المغيبون,3,Modern Standard Arabic
263,"يهنئ حزب الوسط الدكتور عبد الفتاح ماضي بتعيينه رئيسا للمجلس القومى للشباب ويتمنى له التوفيق""",2,Egypt
264,شاركوا معانافى الهاشتاج ده #محبي_حازم_عبدالعظيم_ضد_الخونه عايزينه تريند #ريتويت #جيش_تويتر #سأنتخب_السيسي #باسم_طلع_حرامى #ا,0,Egypt
265,في جولتي اليوم بمدينة بدر أسعدني بشدة لقاء المواطنين من عمال المصانع الذين يمثلون قاعدة عمالية حقيقية تسهم بشكل فعال في تنمية الدائرة,2,Modern Standard Arabic
266,في ناس واقفة بشوم عند الشوارع المؤدية للتحرير بتوقف الناس بشكل عشوائي وقفوا العربية ال قدامي واتجمهروا عليها بدون داع,3,Egypt
267,1 7 _25 من يظن أن هناك أى شخص أو مجموعة قادر على تحريك 30 مليون مصري فهو أما ساذج أو واهم شعبنا جبار,0,Egypt
268,_ ولغايه ماتبنوا الكنايس جوامعنا وبيوتنا وقلوبنا وعيوننا مفتوحه ليكوا تنوروها وتنورونا,2,Egypt
269,حمدين فرصته ضعيفة أبو الفتوح أقوى و بعدين #فسسسسس,3,Lebanon
270,تيار قضاة الإستقلال: مجموعة الأشخاص الذين كان يجب ألا تستقل أبدا بمن يشكك في إنتمائهم لجماعة الإخوان المسلمين,0,Modern Standard Arabic
271,#أوباما: ميانمار لن تنجح إذا استمر قمع الاقلية المسلمة #العرب #مسلمي_الروهينجا,3,Modern Standard Arabic
272,مصر الشعب الواحد والوطن الواحد لن يؤثر فيه حادث الوراق الإرهابى ، خالص العزاء لأسر الضحايا وسلاما على روح إبنتى مريم التى إغتالتها يد الغدر,0,Egypt
273,كلام أم الشهيد محمد مصطفى بيجيب من الآخر: مرسي كذب في وعوده,3,Egypt
274,يعني واحد ما بيعرفش يقرأ أليس من الهراء والعبث أن تأخذ رأيه في كتاب دون أدنى مجهود لشرحه له؟ خاصة لو هيأثر على حياته وحياتي أنا كمان!,3,Egypt
275,مفيش حاجه اسمها #عيب فى حاجه اسمها #حرام الخوف بيكون من #ربنا مش الناس !,0,Egypt
276,شفت كل شي بالحياه بس اول مرة اشوف شب حامل طبلة بالرابية بطبل عشان ال #عشنا_وشفنا,3,Jordan
277,كما تهمنا #مصر تعنينا #دمشق وكما تُشقينا #غزة تقتلنا #بغداد وكما نحب #اليمن نخشى على #ليبيا أما #قطر فهي سيدة النهوض و,2,Modern Standard Arabic
278,#ناشرون_الأخبارية : #حمدي_قنديل قانون الطعن فى العقود دا خلانا طراطير والشعب طرطور والحكومه ومجلس الدوله والشعب طرطو,3,Egypt
279,مشكلة من يقفون في الوسط محاولين الانتقاد دون تعصب والثناء دون تزلف هي أنهم الأكثر عٌرضة للهجوم ممّن هم مؤيدون ومعارضون على طول الخط,0,Oman
280,اسألوا #البرادعي عما فعله في #العراق #البرادعى_طلع_جاسوس #باسم_طلع_حرامي,3,Egypt
281,نحيي شباب حزب الوسط على مجهودهم الرائع فى الانتخابات والذى كان سببا فى حصول الحزب على ما يقرب من مليون صوت ممن صوتوا لنا عن اقتناع,2,Egypt
282,كان يمكن للناس أن تصدق أكاذيب الإخوان عن الفلول لو لم يكن مرسي قد تحدث عن المصالحة الوطنية وشرفاء الحزب الوطني الذين نمد لهم الأياديخلصت,0,Modern Standard Arabic
283,متحمسين جدا للشخصية الجديدة على #حمد_العماني بعد نجاحه في شخصية #يوسف في #توالي_الليل الجمهور ما راح,2,Libya
284,هذه هي نتيجة تخريب عقول مشايخ الفتنة لعقول المصريين ياخفي الألطاف نجنا مما نخاف,0,Tunisia
285,"قرارات مرسي ""انتقامية""",3,Egypt
286,لن أمل من تكرارها: أيام كان رئيسكم مرسي يحسن أحسنت أنا وغيري إليهلكنه منذ أن بدأ الكذب وإخلاف الوعود وتسبب في إسالة الدماء لا يستحق الإحسان,3,Yemen
287,#حلاوتك_وانت عامل نفسك دكر و راجل قدام امك و بتبقى مرمطون و شخشخية ف ايد البنت بتاعتك #استرجل,3,Egypt
288,بتسمع صوت موتور بتفكّرو هلكوبتر بتسمع صوت موّلدة كهربا بتفكّر هلكويتر ياربي دخيلك شو هالحالة #سوريا,3,Lebanon
289,أشعر بالشفقة على من يصف فبركات السيسي يوم30 يونيو بثورة حشد مرتب لمدة ست ساعات لتبرير عملية الخيانة والغدر والإنقلاب على أو,3,Modern Standard Arabic
290,#السعاده اخوية يهتم بيا اكتر من نفسة حتى و هو بعيد عنى,2,Egypt
291,إن كان من عادوا للتأسيسية يرون في هذا عملا وطنيا فهذا لهم ولا يحق لا لي ولا لغيري رغم اختلاف الموقف والتقدير المزايدة على وطنيتهم,0,Modern Standard Arabic
292,لك ـ ـ,3,Saudi Arabia
293,هناك قضايا وطنية عامة دائماً أسعى لبناء توافق حولها مع الجميع أما الانضمام أو العمل تحت مظلة الإخوان أو غيرهم فمرفوض تماما,0,Modern Standard Arabic
294,"الانقلاب يجمع عددا من الفاسدين ليقدمهم لاشتون على انهم المفاوضون من جماعة الاخوان, فضائحهم لم ولن تنتهى",3,Modern Standard Arabic
295,انصار الشرعية يدينون هذه التفجيرات #مصر_الليلة,3,Yemen
296,"#يوسف_الحسيني بالفيديو يفضح كذب قناة الجزيرة ويكشف تمثيل الاخوان دور الموتى!! """,3,Tunisia
297,لولا فيلم الرصاصة لاتزال فى جيبى كنت نسيت ان النهارده عيد #تحرير_سيناء 'مع ان مفيش علاقة بينهم' #مصر,0,Egypt
298,_ قمع الثورة في البحرين بطريقة همجية جريمة تم التغاضى عنها لاسباب طائفية الانسان يجب ان يتمتع بحقوقه مهما يكن دينه او مذهبه,3,Saudi Arabia
299,الأسواني:لماذا تصر الولايات المتحدة على استمرارها في دعم مرسي للنهاية رغم قتله للمصريين وقمعه للتظاهرات,3,Modern Standard Arabic
300,أرفض تماما أي دعاوى تطلق لفرض سلطة ووصاية مؤسسة الرئاسة على القضاء، استقلال القضاء هو الركيزة الأولى في دولة القانون لا,0,Modern Standard Arabic
301,لماذا تحول الباحث المتميز في العلوم السياسية من تأييد مرسي إلى معارضتهمقال رائع لا ينصح بقراءته لجميع أنواع الخرفان,0,Modern Standard Arabic
302,يرفض نسب هجوم سيناء ضد خلية إرهابية إلى إسرائيل,3,Modern Standard Arabic
303,هد دايرة و بنلف فيها ، الداخلية مش عايزة بقي في اولتراس فاخترعت مذبخة بورسعيد فالناس تموت فالجمهور يتمنع من الماتشات #الكورة_للجماهير,3,Egypt
304,#اللهم يا مجيب الدعاء يا مغيث المستغيثين يا راحم الضعفاء أجب دعوتنا وعجل بقضاء حاجاتنا يا أرحم الراحمين,2,Modern Standard Arabic
305,معلش بقى لا #النور ولا #الاخوان ولا الكلام الفاضى دا كله، لو هنقول يا مواقف يبقى الحمد لله على نعمة #حازمون و الشيخ #حازم_ص,0,Egypt
306,ما أحقر القاتل حين يبرر جريمتة ،! #مجزرة_رابعة #مجزرة_سجن_ابوزعبل #رابعة,3,Sudan
307,الليلة11مساء نستمرفي كشف إغراض الجزيرة وحملتها الداعمة لتنظيم الاخوان الإرهابي مستخدمين تقاريربعدسة الجزيرة نفسها #مصر #الإمارات #لبنان #قطر,3,Egypt
308,شكرا إن حضرتك دورت على المعلومة واقتنعتأنا ليس لي مصلحة وأكتب مايرضي ضميري والعلم عند الله,2,Egypt
309,أشكرك يا خالد,2,Sudan
310,الصورة تتحدث عن نفسها #مصر #الداخلية_بلطجية #حريه #محمد_محمود #جرافيتي,3,Egypt
311,ابن مصر مفيش كلام #جدو #الاهلى #مبرووك,2,Egypt
312,لا أعرف لم يعرضون المبالغ على الطفل #فيصل_الغامدي لإغراءه ببيع هدية #الملك ألا يدركوا أنها لا تباع ولا ترد خاصة أنها جاءت من والد الجميع,3,Modern Standard Arabic
313,+ يا غزة انت فخر لينا #انتخبوا_العرص #ريتويت,0,Egypt
314,:))))) سيبك مته ده أهبل !,3,Egypt
315,#انتخبوا_العرص #الببلاوي القاتل اعترف رسميا بانقلاب العسكر على #الرئيس #مرسي,3,Egypt
316,الإمارات اليوم: محلّلون: التصحيح ضرورة لبناء مراكز مالية جديدة - #الإمارات #بالعربي,2,Oman
317,بس ممكن #العرص يموت وساعتها #حمدين_صباحي ينجح بالتزكية ساعتها حيكون له تلات معارضين #الاخوان و #الفلول و #مؤيدين_السيسى_بيعملوا_فولو_لبعض,3,Egypt
318,_712 بصراحة طظ في أي جمهور زي حضرتك وده رأي مش كره والله,3,Egypt
319,ندين أى انتهاك أواعتداء بحق الشباب المعتصم سلميا أمام وزارة الدفاع،متضامن مع حقهم في رفع مطالب يؤمنون بها و يدافعون عنها حتى لواختلفنا معها,0,Egypt
320,تحدثنا عن هذا الكتاب الجميل عن خروج المصريين على السلاطين في وقت كان الحديث فيه عن خنوع المصريين موضةهذا الجزء الأول,0,Saudi Arabia
321,؟؟ !! #,0,Libya
322,#صباحى مشكلتك مش مع #السيسى دى مع #الشعب لأن #السيسى لو مكنش #اترشح كان #شفيق هيترشح ولو مكنش #شفيق هيبقى #موافى وسقوطك مضمون فى كل #الأحوال,0,Egypt
323,سعدت بمحادثة #صاحب_السموالملكي_الامير_نواف_بن_فيصل هنأته ليس بالمدينةالرياضيةأوبنجاح حفل افتتاحها #هنأته على تشريف #الم,2,Oman
324,علمونا نطفي الأغاني اما الأذان يأذن لاكن في الأقامة عادي #عندنا_في_مصر,0,Libya
325,أزمة الفكر فى مصر أن الأعلى صوتاً لا يقول شيئاً والأكثر حكمة لا يسمعه أحد,3,Egypt
326,أي خروف يشوف أعداد النهاردة لازم يتواضع ويهز ليِّته خاصةً ان العيد على الأبواب,3,Egypt
327,انتهاكات الانقلاب القمعية فى جامعة الاسكندرية وصلت مداها باصابات واعتقالات انقذنا يا عزيز يا جبار من طغمة الاستعمار,3,Egypt
328,1 حرية التعبير عن الرأي قاعدة أساسية للديمقراطية، وقد تسفر أحيانا في بعض الدول الغربية عن إساءة مرفوضة للمقدسات وللرموز وللمشاعر الدينية,0,Modern Standard Arabic
329,3 الجزيرة ولا حاجة جنب قناته الشملولة اون تى فى الى بتتوقع الكوارث قبل حدوثها وتسبق لموقع الحدث,3,Egypt
330,ملاحقة باسم يوسف وزملائه من الإعلاميين بتهم لا تعرفها الا الأنظمة الفاشية هو استمرار لممارسات قبيحة و بائسة لإجهاض الثورة التغيير حتمي,3,Libya
331,ذو العقل يشقى في النعيم بعقلة و أخو الجهالة في الشقاوة ينعم #أروع_أبيات_الشعر_العربي,0,Tunisia
332,دماغ الداخلية البايظة,3,Libya
333,"منذ تم التصويت على تعديل قانون انتخابات الرئاسة (العزل),قد انهالت علينا التعليقات المليئة بالسباب الممنهج من اللجان الإلكترونية المأجورة 1-3",3,Modern Standard Arabic
334,انها قنبلة موقوتة استمر فى تطبيق قانون الطوارىء و خاطر بالانفجار,3,Sudan
335,الأنذال كان المخطط ليومنا المنقضى هذا ، من خصوم الوطن والإنسانية ، هو تحقيق أعلى نسبة عنف وحرق واقتحام وقتل ،,3,Iraq
336,إوعي تفرطي في الدورارات اللي معاكيعشان نهضة خيرت الشاطر العظيمة هتمرمط الجنيه وملايين الدورارات هتأمن مستقبلك,0,Egypt
337,النظر إلى وجه الأم عبادة,2,Modern Standard Arabic
338,#كفاية بعد عن ربنا دى النهاية قريبة,0,Egypt
339,مثلهم مثل أنصار مبارك وأنصار كل مستبد يتصورون مشكلتهم مع الكتاب والإعلاميين ثم يفاجأون أن مشكلتهم مع الواقع الذي امتلأ بالمظلومين والمحبطين,3,Modern Standard Arabic
340,اعتراف من نقابة الصحفيين الفاسدة: هناك مناخ معادى لحرية الصحافة بعد الانقلاب أكثر من إى وقت سابق، الصحافة اتهانت,3,Egypt
341,تعليقي للبرنامج لا يعني انسحابي من الساحة أنا مصري و لا أحتاج إذناً من أحد للتعبير عن انتمائي,0,Saudi Arabia
342,ثلاث سنوات و روحه معنا معياراً للمبادئ اللهم ارحم محمود عوض و أدخله فسيح جناتك,2,Algeria
343,أطالب وزارة الخارجية المصرية بالتدخل فورا لحماية المواطن المصري أحمد الجيزاوي انتهي زمن إهانة أي مصري بالخارج كرامة المصري فوق كل اعتبار,0,Egypt
344,لاجديد ! فجمهور #شبكة_المجد يملكون من الوفاء والولاء ما تعجز عنه حروف الشكر والثناء مبادرة #بادرة_مجداوية لا نملك نحوها,2,Oman
345,بادافع عن واحد قال عني شخصيا عميل وخائن وجاسوس وتسبب في تشويه سمعتي عند كثير من المصريين! شفتي إزاي؟!,0,Egypt
346,قوات من #الشرطة و #العسكر لقتل #الطلبة مش ناسيين #عمرو_خلاف #محمد_عادل #شريف_عاطف وغيرهم كتييييير,3,Egypt
347,أي حد عايز ينتخب فرعون يبقى يدور على آلة زمن ترجع به هو لوحده لعصر ما قبل الميلاد,3,Egypt
348,الصلح خير قوم نتصالح #المشير,2,Libya
349,ابتسم فلتلك البسمة الصغيرة أثر كبير في إسعاد قلوب ا خرين,2,Modern Standard Arabic
350,افلاس التليفزيون وصل مداه الغلابة من عمال وموظفين واعلاميين يدفعون الثمن والملايين موجودة لدرية وشلتها,3,Saudi Arabia
351,اى دين او ملة اى رجولة او شهامة اى مهنة او مهمة تسمح لرجال بالمدافع يهاجمون نساء فى منازلهن للقبض عليهن ثم اتهامهن بحمل سلاح مصر اتهانت,3,Egypt
352,متضامن مع الإخوة في غزة فلسطين والفرصة امام مرسي اليوم لإثبات أنه ليس بمبارك الذي هو الآخر إستمات فقط في الشجب والإدانة,0,Sudan
353,إحنا إعلام نكدي والمسئول الأول عن حالة الكأبة الموجودة على وشوش المصريين,3,Egypt
354,علم ابنك القرآن وسوف يعلمه القرآن كل شي #علموا_أولادكم #علم,2,Modern Standard Arabic
355,"حسبنا الله ونعم الوكيل "" #انتخبوا_العرص #بيقولك_أعرف_بلدك #الحرية_للجدعان ناس عا",0,Egypt
356,"شاهد - آخر كلام: ""تأشيرة براني"" نصابون برخصة حكومية #",3,Tunisia
357,المصري اليوم عندما نشرت ملخص المؤتمر وضعت الجملة في غير سياقها وكأن ليس من حق شباب الثورة الوصول للسلطة وهذا عكس مبادئ حزب الوسط تماما,3,Modern Standard Arabic
358,انا مش عايز اخش في مناقشات وافندالهجوم و اثبت منطقي في المقال اذا فيه حوار اتفتح، فده بالنسبة لي شئ رائعمش عايز اكتر من كده,0,Egypt
359,#حمدين_صباحى لو بقى رئيس هيوافق على قانون التظاهر وغلاء الاسعار والكهربا والغاز وبكره يشيلو دعم السولار بطلو فتى وافتكاسات بقى,3,Egypt
360,هاش #احلم_بدولة يورد الالاف الاماني من عقول الحالمين ولأبناء الحالمة نصيب ، احلامنا كتبت فهل من مستجيب #بكفي_حصار #اضبطوا_شركاء_المخلوع #مصر,0,Yemen
361,شيخ المسجد مشغل المكروفون وبيقول بلطجية برا عابزين يموتونا ، وانا واقف برا وشايف بعيني الناس بتحاول تطلعهم وهم رافضين,0,Syria
362,الوصف الحقيقي للميدان هو / جماعة الإخوان المسلمين تحشد أنصارها للضغط على اللجنة المشرفة عل الإنتخابات الرئاسية لدع,3,Tunisia
363,عن الذين ورثوا الهرم المقلوب للظلم الاجتماعي اعدلوا !,3,Tunisia
364,فأن متشدقين بالدفاع عن الحريات يرفضون الرأي الآخر ويقصون المختلفين معهم بديكتاتورية,3,Modern Standard Arabic
365,3: هاننتخبو عشان كدا #انتخبوا_اللي_شال_العرص #سأنتخب_السيسى_و_مش_هنزل_لمستواك,0,Egypt
366,جمعة الأمس كشفت للانقلاب وهمهم فى قدرتهم على قمع الشعب بالحلول الامنية من قتل واعتقال وتعذيب وضرب وايذاء الشعب فاق يا أفاق,3,Egypt
367,مهما حاولتم إقناع أنفسكم أن الشعب إختار دستور الإخوان دون تخويف أو لعب بالدين أو إنتهاكات ستظل الحقيقة أن مرسي كذب على المصريين ليمرر دستوره,3,Modern Standard Arabic
368,الحمد لله حققنا مستهدف حملة ال21 يوم لمحو الأمية شكرا لشباب صناع الحياة و لكل شركاء الحملة يا رب أعنا على,2,Sudan
369,شفيق مين ده مش هيجيب أصوات عيلته وبعدين #فسسسسسسس,3,Egypt
370,هذه هى المناظره تماما كما أتصورها بين #حمدين و #المشير #السيسى ! #الكبير_كبير_متعملش_مناظرات_يا_مشير #سأنتخب_السيسي,0,Egypt
371,13 قتلى وأكثر من 450 مصاب في محافظات مختلفة، هذه مقدمات كارثية لاقتتال أهلي حذرت منه دوما وينبغي رفضه ومواجهته، كل الدم المصري حرام,3,Modern Standard Arabic
372,مفاجأة رد الشيخ حازم على فتوى برهامى الاخيره: فك الله أسرك يا إمام يا من علمتناكيف نحياكراما #سنحيا_كراما بإذن الله,2,Egypt
373,لن تصل مصر مطلقا الى كأس العالم الا عندما تصل الديمقراطية الى مصر بلد تقتل ناسها وتلاحق جمهورها العاشق للكرة,3,Modern Standard Arabic
374,د عبد المنعم أبو الفتوح : يشرفنى ويسعدني في أول عيد بعد الثورة أن ابعث بتحياتى وتهنئتى لأسر الشهداء فهؤلاء,2,Modern Standard Arabic
375,:) #مصطفى_حسني ^__^,2,Egypt
376,78 ثورة طبعاً وسيبك من كذب الإخوان والفلول,3,Egypt
377,"- هل كُل الأساطير خلفه ؟ أو "" #ميسي "" من كوكب أخرْ !",0,Oman
378,لجنة الخمسين تجاوزت اللائحة لتجعل التصويت (50+1) بدلا من 75 صوت بحجة الغاء الشورى! وطبعا القادم محاكمات عسكرية وتحصين وزي,3,Saudi Arabia
379,يا من اذا قلت ي مولاي لباني يا واحداً ماله ف ملكه ثاني أعصي وتسترني أنسى وتذكرني فكيف أنساك ي من لست تنساني لا اله الا انت #,2,Yemen
380,"تقول ""صلي ع النبي"" و أجدعها خناقة تنفض #",2,Egypt
381,بسام الحمرا بتاع حزب النور بيراهن ان يوم 30 مش هيحصل حاجه وانه عداوه على الاسلام !! افضحوهم #حزب_النور,3,Egypt
382,:)) #باسم_يوسف #البرنامج,2,Libya
383,#حاجات_بتفرح_في_مصر انى اسيب مصر,0,Egypt
384,#انتخبوا_البرص,3,Egypt
385,هزيمة الأهلي مثال صارخ لنظام يقوم على وأد الحريات ألا يخجلون #,3,Modern Standard Arabic
386,للعلم ده مهرجان درجة أولى ما لو بالفلوس ما كانش حد غلب,0,Egypt
387,حمى الاعتقال فاقت الواقع والخيال,3,Morocco
388,حملة شباب #ضد_النقطتين ، #ضد_النئطتين ، #ضد_النجطتين ، #ضد_النغطتين بجميع الألسن كي يفهم الجميع وسلامتكم #بكفي_حصار #اضبطوا_شركاء_المخلوع,3,Syria
389,سأنتخب عمرو موسى ما هو أكيد يعنى مش هينتخب يسارى أو إسلامى,0,Egypt
390,السيسي قال للأمريكان ان المصريين كانوا يساقون عنوه للمساجد,3,Yemen
391,هما فاكرين إن البلوك زعلده أنا كنت باحب أخدم بسلكن طالما لازمهم حرق دم ومالهيالله هاروح أفطر سيمون فيميهسلام يامعفنيين,3,Egypt
392,سقوط الانقلاب وشيك لكن انصاره سقطوا فعلا فى عيون كل الاحرار,3,Egypt
393,ما يحدث من الشرطة العسكرية ضد المتظاهرين السلميين غير مقبول ولا يمكن السماح به في مصر الثورة إهانة فى مصري هي إهانة للشعب المصري كله,3,Egypt
394,1540 _ عقاب المخرب هو القتل عند الحقراء عديمي الإنسانية فقط كفاية هذا المنطق الدنيء بتاع الحيوانات عقاب المخرب ليس جريمة قتل,3,Sudan
395,5 وبمناسبة العسكر، لا يعني تأييد تصويت العسكريين وأعضاء الشرطة كأفراد في العمليات الانتخابية استدعاء الجيش والشرطة إلى السياسة,0,Modern Standard Arabic
396,عندما صعد نيل أرمسترونج على سطح القمر قررنا أن يكون إسهامنا الحضاري إصدار إشاعة أنه سمع الأذان هناك وأسلمالإشاعة أوفر بكتير وهدفها الخير,3,Modern Standard Arabic
397,الله يبركلك يا دكتور ابو الفتوح #,2,Tunisia
398,انقلاب لصوصي دموى هل يمكن ان يحالف التوفيق بلدا يديره انقلاب؟ وبكره تشوفو مصر,3,Yemen
399,الورقة التي لم تسقط في فصل الخريف: (خائنــة) في عيون أخواتهـا (وفيــــة) في عين الشجـــرة (متمردة) في عيون,0,Modern Standard Arabic
400,النائب العام الخصوصي بتاع مرسي لغى قرار الافراج عن شباب الاسكندرية المعتقلين !! ده جي يعيد محاكمات الثوار باين,3,Egypt
401,هناك حيوانات متحرشة و في المقابل جهود متطوعين لمقاومتهم و ناس نازلة و مش خايفة و ملايين ضد النظامتركيز الاخوان بس على التحرش قصر ديل,0,Sudan
402,كيف لمرشدٍ تفوَّه للغنمِ بماءٍ تعلو على المرسي هل القائد يدلدل القدم دون أن يمتطي الكرسي تباً للصمت هلال الفشل ودمت أبيّ يا مصري,3,Algeria
403,كيف يحشد الرئيس مرسي الجماهير لاسقاط الاعلان الدستوري فيهتفون يسقط حكم العسكر ثم يشيد الرئيس اليوم بالدور الرائع للمجلس العسكريتناقض مؤسف,3,Modern Standard Arabic
404,التعذيب خط أحمر لا أتصور أن أحدا مهما كان عاقلا أو نصف عاقل أو خائف على مصر يمكن أن يوافق على التعذيب ولوجاء من الجيش ولو,3,Modern Standard Arabic
405,الكوت تويت من غير فولو يُعتبر هتك عرض الكتروني وشكرا #دستور_تويتر,3,Egypt
406,#جواز_الصالونات العريس والعروسه زي البطيخه يا تطلع قرعه يا تطلع حمرا,3,Egypt
407,مصر دولة بس مش أوي #المادة_الأولى,3,Egypt
408,في جنة الخلد يا بطل العبور، في جنة الخلد يا شاذلي في قلوبنا ستبقى # #25,2,Yemen
409,"توقَّف عن قومنا الواتساب ؛ فعاشوا فراغًا وضاقتْ صدور! ألاَ ليتهم يفتحونَ الكتاب فيتلونَ من آي ربي سُطور!* #الواتساب_معلق""",0,Yemen
410,طيب طالما الاكل بقى فاحشه يا ريت #عمرو_اديب يفسرلنا ازاي #لميس_الحديدي كانت في حمله #جمال_مبارك و هو واقف برنامجه,3,Egypt
411,تأجيل الدراسة بالجامعات خوف ورعب جديد للانقلاب ولكن ستهربون الى متى والى اين؟ شعبنا يلاحقكم وارضنا تلفظكم,3,Modern Standard Arabic
412,أهي صهيونية وتدعم #حماس وتُعمّر #غزة بذات الوقت؟ أتريد تدمير الأمة فتقف ضد الانقلاب على من احتفلت #اسرائيل بعزله؟ أكل ت,3,Modern Standard Arabic
413,يقولون والعهدة على الراوي أن استير بولونسكي لما سمعت بترشيح البلتاجي لرئاسة المخابرات نُقلت إلى المستشفى لإصابتها بشرخ في الحلق من فرط الشخر,3,Oman
414,ساويرس ظبطك على الاخر وعملك فورمات لمبادئك كل عيش يابو دم خفيف,3,Egypt
415,اثبت مكانك يا سيسي لا لأمريكا ومشروعها الإخواني الفاشل,0,Egypt
416,#عن #جواز_الصالونات اللي بيتعب الاعصاب,3,Egypt
417,العبوات الناسفة والسيارات المفخخة مسرحيات هزلية عفا عليها الزمن ولم تعد تؤثر على الرأي العام نقول للسيسي كان المالكي أش,3,Algeria
418,مدفن القاهرة للعدالة ماذا يحدث الآن فى مطار القاهرة ، الشرطة تمنع أوائل الحقوق ! وترحب وتفسح للمتأخرين الفاشلين,3,Egypt
419,ضد الانقلاب: اعتداءات وحشية على المتظاهرين المتجهين للتحرير مع الانقلاب: الله يرحم العصير والجوايز للمتظاهرين فى التحرير,3,Egypt
420,السيرة الذاتية للرئيس #محمد_مرسي في موقع ويكيبديا #مصر # #انتخبوا_العرص,0,Egypt
421,الأحمري المتجنس في #قطر يستمر في #تحريض الفتنة في #مصر، ويشبه قواتها الباسلة بجيش الاحتلال الفرنسي!!!,3,Tunisia
422,أحمد الله العلى القدير على ما شاء وقدر، واشكره سبحانه شكراً جزيلاً على تقديره نجاتى,2,Egypt
423,الجيش بيكتب الاخبار للبرامج الجيش بيكتب خطبة الجمعة للمساجد الجيش بيكتب كلمة الصباح للمدارس فاضل الجيش يكتب وصف الماتشات,3,Egypt
424,#محمد_مرسي بميدان #رابعة_العدوية وقت الحملة الإنتخابية هل يستطيع السيسي أن يخرج من مخبأه لترويج لحملته؟ #غرد_بصور,0,Modern Standard Arabic
425,موعد قفز سيسي على الرئاسة يقترب الحق احجز ديل عشان تحضر حفل التنصيب لكنه لن ينال غرضه لأن الشعب سيحرمه ويحاكمه,3,Sudan
426,صناعة الكذب ! #الجزيرة,3,Tunisia
427,مستمتع بإدارة حوار الشباب المصري مع مجموعة 'الحكماء' في دار الأوبرا #,2,Jordan
428,ذهبت لأداء الصلاة وعدت فوجدت بعض المعلقين قد استعملوا أفحش البذاءات ضدي في رمضان لمجرد اننى اختلف معهم في الراى ما أبعدكم عن الاسلام,3,Sudan
429,المضحك إن الصفحات الإسلامية جريت ورا كلام الأستاذة إن مافيش أصلا كتاب من تأليف إسماعيل الامين إسمه العرب لم يغزوا الأندلسشكلكو وحش كالعادة,3,Egypt
430,صفعة لناشطة هي صفعة على وجوهنا جميعا، اعتداءات وحشية أمام مقر جماعة غير شرعية تخرج على القانون وتحكم لتفكيك الدولة، الإخوان في مواجهة مصر!,3,Modern Standard Arabic
431,هل ألمانيا اشترطت على مرسي مايقعدش عندها أكتر من يوم عشان طاقة شبكة مقاومة الكوارث ماتستحملش أكتر من كده؟,3,Egypt
432,"اعتصموا في رابعة, الجيش والشرطة حرقوها قالوا حنعتصم الجمعة 30 اغسطس فى سفينكس العصابة سبقتهم لسفينكس والجيش والشرطة حرقوها",3,Egypt
433,انزلوا في مجطات المترو والشوارع في المانيا و امريكا و فرنسا ناس ملتحين بيوزعوا مصاحف،وناس بتدعوا للاسلام في الشارع ماحدش بيكلمهم,2,Egypt
434,الى كل من ليس لديه امل فى تحقيق اهداف #ثورة_يناير وكل من سقطت آمالهم بعدما حدثت الثوره الثانيه #30_يونيه احب,0,Yemen
435,"نحن أمة إذا وضعت لمستخدمي الإنترنت فيها كلمة ""فضيحة"" في عنوان أي فيديو في يوتيوب ارتفعت نسبة مشاهدته أكثر من الضعف (حقيقة مثبتة رقميا)",3,Modern Standard Arabic
436,البرادعى شريك الانقلاب يهاجم الجيش والشرطة والحكومة والاعلام ويصفها بالفاشية ضد قيمة الحياة الانسانية والتوافق الوطنى لن يفلت ايضا من العقاب,3,Egypt
437,بالفيديو | الجوهري : مصنع أسمنت تيتان اعتداء على حق مواطني وادي القمر في الحياة ##كفاية #اوقفوا_الفحم,3,Egypt
438,من المؤسف ان فيلم بهذه الرداءة يحظى بكل هذا الإهتمام,3,Saudi Arabia
439,في تضليل اعلامي ممنهج ؛ المتحدث العسكري يسمي ما يقوم به الجيش من تفجير وحرق ومصادرة لأملاك أهالي #سيناء ( أعمال قتالية ),3,Oman
440,خليكوا فاكرين ان #6ابريل دول كانوا بيقولوا #مرسي عايز يأخون القضاء لما حب يطهره,3,Egypt
441,"يا حكومة البطىء ""أرجوكم سرعوا (المارش) شوية #يوسف_الحسيني",3,Modern Standard Arabic
442,لأننى احب مصر والثورة فانا افضل ان يصل خصومي السياسيون الى الحكم عن طريق انتخابات نزيهة عن ان يحكم انصاري السياسيون بدعم من الاستبداد,0,Oman
443,عايز تنافق أي سلطة وتلحس جزمها ده اختيارك لكن ليه زعلان أوي إن غيرك بيقول رأي مختلفمش كل الناس عندها ميول للتأييد أو النفاق زيكخلقة ربنا,3,Egypt
444,الحديث عن انتخابات ديمقراطية وتكافؤ الفرص، فى غياب حرية تكوين الاحزاب بمجرد الاخطارخلال الفترة الانتقالية ، هو لغو واستمرار للفكر السلطوى,3,Egypt
445,#مرتضى_منصور و #السيسي 3 #فلول و #عسكر 3 :) :,3,Libya
446,اللى حصل مع محمود شعبان فى التحرير أفترا عليه لأنه ضعيف هي دى اخلاق الثوره مش اخ,3,Egypt
447,زبيدة ثروت #مزز_ما_قبل_البلاستيك,2,Libya
448,انقلاب ضد الاسلام أغلقوا القنوات الإسلامية وفتحوا القنوات الإباحية ويجدون من يصفق لهم ويهتف لسيسي,3,Oman
449,كيف ترجو النهضة والتقدم من شخص يعتقد أن المنحلة أخلاقيا تضع اللولب في جيبها؟,3,Modern Standard Arabic
450,ثمانون عاماً ويزيد وانتم بين ممنوعة ومحظورة ومطاردة وإرهابية وصاحب القرار دائما طاغية إذن انتم اهل الحق امام كل سلطان جائر #انصاف_الاخوان,3,Saudi Arabia
451,الانقلاب يدمر ثورة 25 يناير بدأوا بالاخوان وتحولوا للكتل الثورية من الشباب واليوم يذبحون الالتراس,3,Tunisia
452,انتهيت من أداء العمرة فإنه منظر عظيم أن تجد الملايين يستغيث ون بالله تعالى يا رب انصرنا و احفظ بلادنا و افتح,2,Modern Standard Arabic
453,زي ماكتبت لما شعر السلفيين بغدر الإخوان وإنهم بيستخدموهم وسيلة ضغط ليس إلا وطلع نادر بكار ينتقدهم بدأوا يشتموه ويقولوا عليه طامع في السلطة,3,Egypt
454,نيجي بقى لاستخدام دور العبادةغلط،اكبر غلط،بس لما يبقى في اصرار لطرف على استخدامها،بل و الفتوى بوجوبها حتلاقي رد الفعل المعاكس,3,Egypt
455,احداث العمرانية وصمة على جبين كل مصرىالدين لله و الوطن للجميع,3,Egypt
456,فى هجاء الغتاتة!,3,Egypt
457,البابا شنودة الثالث كان وطنيا مخلصا ومصريا عظيما رحمه الله,2,Modern Standard Arabic
458,انا بحب أخويا,2,Egypt
459,أرى أن النظام المختلط بين النظام البرلماني والنظام الرئاسي هو الانسب لنا هذه الفترة التى تتوزع فيه السلطة,2,Modern Standard Arabic
460,أيها الاخوان لستم ضحايا اننم خنتم الثورة وتواطئتم مع النظام القديم وعذبتم الثوار وقتلتموهم حتى ثار الشعب ضدكم الى متى تخدعون أنفسكم,3,Modern Standard Arabic
461,تحية لقضاة مصر الأجلاء لدفاعهم عن حقوق الشعب المصري وحرياته وتمسكهم بمبدأ استقلال القضاء,2,Modern Standard Arabic
462,نص فريق تنزانيا متآمر على حارس مرماه حاجة تفطّس من الضحك,0,Egypt
463,أدعو المجتمع السكندري لإعادة أكشاك النبي دانيال وحماية بائعيه وعدم التفريط في تراث اسكندرية من أجل محافظ مصاب بالحول الفكري وخلل الأولويات,3,Iraq
464,"#إخوان باعو,,,#عسكر خانو!",3,Lebanon
465,#هتحبك_لو تحاول تقنعها باللى انت عايزه بهدوء مش زعيق وخلاص ;),2,Egypt
466,حبس الصحفي اسلام عفيفي بتهمة إهانة الرئيس امر مشين ومرفوض وهو أسوا ما يمكن ان يبدأ به الرئيس مرسي ولايته اين وعود الرئيس عن حرية الصحافة,3,Yemen
467,عايز تعرف دي ثورة ولا انقلاب ! شوفت قيادات الوطنى لحظة القبض عليهم وهما بيغطوهم بملايات ! طب شوفت قيادات الإخوان وهما بيب,3,Egypt
468,قال رسول الله صلى الله عليه وسلم (سيأتي على الناس زمان القابض فيه على دينه كالقابض على الجمر) #بكفي_حصار #اضبطوا_شركاء_المخلوع #اليمن #مصر,3,Syria
469,أغلب مذيعي قنوات العار تحولوا الى اجهزة تسجيل لاذاعة الاخبار والاراء والتعليمات التى يتلقوها من الانقلاب موديلات,3,Sudan
470,تواجدي خارج المملكة منعني مشاركتهم في تجهيز التيفو واعرف حجم التعب وا رهاق اللي يعانوه حالياً ويارب تضيع لهم تعب #الالتراس,2,Saudi Arabia
471,الليلة #عبد_الرحيم_على يذيع تسريبات جديدة لــ #البرادعى على #القاهرة_والناس العاشرة مساء #البرادعى_خاين #باسم_حرامى #نشطا,3,Egypt
472,الاشتباكات اللي حصلت يتحملها الجميع لكن الخطأ السياسي كان القرار بالدعوة لمظاهرة مؤيدة للرئيس في نفس مكان وزمان مظاهرة معارضة,3,Saudi Arabia
473,المجلس العسكري يعيد إنتاج مصطلحات صفوت الشريف وأنس الفقي من جديد وكأن المطلوب تكميم الأفواه #,3,Modern Standard Arabic
474,كان الأولى أن يكتبوا على جميع حوائط المدينة: حافظوا على نظافة نفسيتكم,0,Modern Standard Arabic
475,بحسب الجزيرة ميدان التحرير يتسع ل 500 ألف مصري أو 2 مليون إسلامي,3,Saudi Arabia
476,شكراً :),2,Syria
477,فالنسيا خيب ظننا للآن كان الدوري لنا لكن ضيعناه قدام اشبيلية والكلاسيكو قبله !! #قهر,3,Saudi Arabia
478,ومجتمع نريد استقراره وبناءه ديمقراطيا يعاني ومجلس عسكري تآكلت شرعيته ويصر على أخطائه التي باتت تهدد تماسك الدولة وتعيدنا للوراء,3,Modern Standard Arabic
479,ما هى أفضل وظيفة فى الحياة ؟ ( مدير شركة - رئيس مؤسسة) ؟ لا والله أفضل وظيفة فى الحياة ان ربنا يشغلك عنده تدل الناس على الخير,2,Egypt
480,تمرير دستور كارثي تحت التهديد بحرب أهلية كأننا بنمضي عقد أو شهادة زور تحت تهديد السلاح شغل يليق بالعصابات,3,Saudi Arabia
481,طبعا لسه متفائل، بل أكثر تفاؤلا بخروج المكبوت إلى النور أي جراحة لا تخلو من ألم؟,2,Jordan
482,الى من الغوا عقولهم و قالوا ان فيديو القصاص مفبرك الفيديو الاصلي اهوايام ترشيح خيرت الشاطرلم ادعي في الحلقة ان مرسي كان رئيسا وقتها 1,3,Yemen
483,القرآن يرفع الناس ويجعلهم في الدنيا والآخرة في أعلى مقام,2,Modern Standard Arabic
484,هل يعرف أنصار شفيق القراءة ؟ الأسواني دعا لجبهة مع مرسي بشروط الثورة فلما لم يستجب الاخوان دعا الاسواني الى مقاطعة الانتخابات الادمن,0,Yemen
485,من لا يحترم السلام الجمهوري لبلده كيف له ان يكتب دستورها,3,Modern Standard Arabic
486,ما يحدث مع المعتقلين السياسيين فى السجون الان جريمة جديدة ضد الانسانية كفاكم جرائم,3,Egypt
487,شرييييفة! #فيفي_عبده,3,Libya
488,للأسف في مصر عندنا جميع أنواع السياحة ومش عارفين نستغلها! #كلام_و_كلام #السادة_المحترمون,3,Egypt
489,سيطرة البلطجية المسلحين على الشوارع ليلا قتلوا ملتحيا أمس فى جسر السويس كارثة أمنية غير مسبوقة,3,Egypt
490,الإخواني اللي داخل يتجشأ ويقولك الخبر نزل في اليوم السابعأيوه نزل متفبرك بفضل حد من رجالتكم أكيدلكن ذلك لن ينفي أنه مفبرك لتخدعوا به الناس,3,Saudi Arabia
491,اوعى تقول عسكرى غلبان هوا و سيده فضوا ميدان #الداخلية_بلطجية,3,Egypt
492,في بنات مستحيل تحط صورها على الفيس لو هيقتلوها ، بس تويتر عادي !! عن #الازدواجية اتحدث,3,Egypt
493,الطريق إلى الديمقراطية يتآكل: محاكمات عسكرية، تقاعس عن حماية التظاهر السلمي، رفض الرقابة الدولية للانتخابات، عدم حسم حق المغتربين في التصويت,3,Modern Standard Arabic
494,الفهم المصري المتحضر للإسلام أسس له الامام محمد عبده عام 1899فانطلقت مصر العظيمة لتبدع في كل مجال حتى وصل إلينا الفكر الوهابي الرجعي المتطرف,0,Oman
495,النضافة ،النظام،الراحة و الحرية اللي بيحس بيها السايح تخليه يسيب بلد زيينا امكانياتها السياحية مرعبة و يروح لبلاد اقل بكتير,0,Egypt
496,_ لم أهاجمه بل أحترمه ولو كان له أخطاء فهو بالتأكيد شخصية تحترم,2,Modern Standard Arabic
497,قلت للرئيس شباب الثورة لفقت ضدهم التهم من اجهزة الأمن وانت تسال اجهزة الأمن عن الأبرياء فيهم هل تتوقع ان تعترف اجهزة الأمن بالتلفيق وتعتذر,3,Saudi Arabia
498,شباب حزب الوسط حاجة تفرح بجد الله يخرب بيتك يامبارك لو شباب البلد دي كان اشتغل سياسة براحته من زمان ماكانش ده حالنا,0,Egypt
499,اي أمرأة تصنع الحب والايثار والاهتمام والعطف والحنان مؤهلة ان تصبح أم مثالية حتى لو كانت مارلين مونرو! #فيفي_عبده_الام_المثالية,2,Oman
500,لازلت معترضا على تشكيل الجمعية التأسيسية لانه يجعل دستور مصر في يد اغلبية تنتمي الى الاسلام السياسي الدستور يجب ان يمثل المصريين جميعا,3,Saudi Arabia
501,من بارز الله بالمعاصي خاب وخسر دنيا وآخرة، وكفاه هذا الهاشتاج وفضائح معاونيه #انتخبوا_العرص,3,Yemen
502,ستظل ذكرى استشهاد البطل عبد المنعم رياض تخليدا لملحمة مضيئة من أنصع صفحات التاريخ المصرى ورمزا لبطولات معركة الاستنزاف تحية له فى ذكراه,2,Egypt
503,كورسيرا أكبر موقع عالمي يحتوى على مناهج جامعات عالمية هي الأفضل في تصنيف 2013! نتعاون معهم لتعريب المناهج، شاركونا!,2,Modern Standard Arabic
504,النضآرآت بقت موضة ! تقويم ا سنآن بقي موضة برضو!! مش بعيد بكره تلاآقي صحبتك جآيالك بكرسي متحرك تفوليلهآ سلآمتك اتشليتي ! #مرار_طافح :),3,Egypt
505,محاكمة المتورطين وذلك بشرط ان تكون الحكومه واجهزتها لديها المصداقيه وليست صاحبة سوابق فى التزوير والتدليس والصاق,3,Egypt
506,#الأقصر مدينة خضراء,2,Sudan
507,#مظهر_شاهين: ماشوفناش وش واحد من مشايخ #السلفيين في #ثورة_يناير لأنهم مايقدروش يقفوا على المنصة,3,Egypt
508,لم انتخب مرسي ودعوت الى مقاطعة الانتخابات في مقال منشور في المصري اليوم لكنى أتفهم تماماً موقف الثوريين الذين اضطروا لانتخابه حماية للثورة,0,Modern Standard Arabic
509,"السياسة #الشرعية التي يعمل بها #السلفيون في بلاد #الحرمين مزورة ومكذوبة على #الاسلام وان صفق لها كبار #العلماء واتحدى في ذلك""""",3,Oman
510,طبعا إستفتاء مارس كان أكثر شرفا من إستفتاء الإخوان على الأقل أشرف عليه قضاء حقيقي وكانت الإنتهاكات فيه لا تقارن بإستفتاء الإخوان,0,Egypt
511,"اللي يشوفك يتمنى يكون مثلك واللي يعرفك يحترمك ويحبك واللي يسمع عنك يتمنى يقابلك ! #حاول""",2,Qatar
512,للشموخ عنوان #السادات,2,Egypt
513,الانفلات الأمني الموجود ليس نتيجة لضعف الأمن وحده، ضعف مؤسسات الدولة وتراخيها أدى إلى تمرد على سلطتهاالدولة في خطر ولابد من إعادة السياسة,3,Modern Standard Arabic
514,لا اعترف بدستور مسلوق على عجل خوفا من حكم المحكمة ببطلان اللجنة التى كتبته0لا اعترف برئيس يعطل القانون رئيسكم ديكتاتور ودستوركم باطل,3,Egypt
515,#محمود_سعد قعد يدافع عن الشباب اياهم ولما جه يقول للمراسل هات لنا واحد نكلمه اتشتم هو والمراسل اتفضل حاورهم قبل ما تقنع الناس تقبلهم #مصر,3,Egypt
516,انا بلا فخر ضد #الفلول و ضد المتطرفين من #السلفيين و ضد #الإخوان و ضد تمييز اي فئة من الشعب على بقية الشعب انا مع #الثورة,0,Saudi Arabia
517,كلام وكلام حملة لا أضحية هذا العام تؤكد حب الإخوان للخرفان #السادة_المحترمون,3,Egypt
518,رأى منقول صادم جدا ليس كله بطبيعة الحال صحيحا ولكنه صارم فى الحق فى نقاط كثيرة وأقدمه لكم كما هو دون اى تدخل نقلا,0,Egypt
519,مذبحة ميدان رابعه العدويه جريمه نكراء وسيحاسب الشعب المصري مرتكبيها #رابعه_العدويه,3,Egypt
520,أعفيك من متابعتي لأنك إما لا تحفظ لسانك أو لا تحفظ لي حقي في الاختلاف لكني سأدافع عنك دوماً إذا ظُلمت شكرًا,0,Modern Standard Arabic
521,المحفوظة في خزائن في الخارج من جانب قيادة النظام البائد وسندان الملفات المحفوظة في واشنطن طيب واضح الثورة لم تكن ضد,0,Sudan
522,و القضاء بقى حلو دلوقتي عشان قفل قناة مش عاجبانا؟مش ده القضاء الفاسد المسيس بتاع مبارك اللي حل المجلس؟ بقى فلة دلوقتي؟,3,Egypt
523,"الدكتور عبد المنعم: ""إن لحم كتافنا من خير أبنا مصر البسطاء في الأحياء الفقيرة و على ضفوف الترع""",2,Modern Standard Arabic
524,__4 ده شفيق اللي متقدم فيه بلاغات الدنيا أخذ نصف الأصوات يعني نصف الناس قبلت العمى ولا قبلتوش أغلبية؟,3,Egypt
525,الدماء التى أريقت في مجزرة ارتكبتها الدولة بماسبيرو لايمكن ان تضيع دون حساب واجب الرئيس أن ينفذ وعده بمحاكمة كل من تورط في قتل ابنائنا,3,Modern Standard Arabic
526,هل الرئيس مرسي شرعي ومنتخب هل الشعب قادر على اختيار ما يفيده هل هدف الثورة ان نتخلص من حكم العسكر اذا الاجابة بالنفى فلماذا قمنا بثورة,0,Saudi Arabia
527,ورضيت أعيشلك انت يا حبيبي كفايه ان انت حبيبي #عمرو_دياب,2,Egypt
528,أولا - غلب على أداء المجلس منذ 23 يناير 2012 أسلوب إطفاء الحرائق ومازال العمل التشريعي والرقابي الهادف لبناء نظام,0,Modern Standard Arabic
529,ماذا تفعل المعدة اذا فاجأها الكبد بضربة قاتلة؟ انها مصر ضرباتنا القاتلة تأتينا ممن كانوا أهلنا وجيراننا وابنائنا,3,Saudi Arabia
530,_ #عايش معاك ايام مفيش فى جمالها زى #الملاك دى اقل كلمه بقولها #بحبك #عمرو #دياب,2,Egypt
531,"الدين ليس حرفة , ولا يصلح لأن يكون حرفة , ولا توجد في الإسلام وظيفه إسمها رجل دين ! #مصطفى_محمود",3,Modern Standard Arabic
532,إلى أحمد الشحات البطل الشعبى الذى أحرق علم الصهاينة بعد أن دنس هواء مصر 30 عاما: ارفع علمك فوق أنت مصرى يا أحمد المصرى يا أحمد العربى,0,Egypt
533,مصر ثالث أعلى الدول ديوناً في العالم - ربنا ينتقم من العصابة واحد واحد ويورينا فيهم يوم!,3,Egypt
534,2 لا مواجهة ناجحة للتطرف ولا إنقاذ للتعايش إلا بتفعيل سيادة القانون وحماية حقوق الأقلية قبل الأغلبية والمحاسبة الناجزة للمتورطين في العنف,0,Modern Standard Arabic
535,آه الناس حواليك بتحب مرسي وماله؟ بس مرسي ماهواش أغلى عند الناس دي من رزق عيالها ومن مستقبلها ولو حست إنه فاشل مش عارف يحل هتقلب عليه وعليك,0,Egypt
536,ا*ا يا سلام روح أم #النائب_العام :),3,Sudan
537,إذا أهمّك أمر غيرك، فـاعلـم بأنّـك ذو طبعٍ أصيـل,2,Algeria
538,أخشى أن الضرر و الدمار الناتج من طريقة و أسلوب إدارة البلاد منذ الثورة حتى الآن لن يمكن إصلاحه !,3,Modern Standard Arabic
539,لو الانتخابات لم تزور لكان شفيق خسر حتما وأتوقع منك الا تشارك في هذه المسرحية التى لديها من المخالفات ما يبطل عشر انتخابات,3,Modern Standard Arabic
540,الاعلام الحكومى المنافق يقول ان الذين اعتدوا على المتظاهرين اهالى عاديون هل اصبحت زجاجات المولوتوف من مستلزمات المطبخ في العباسية,3,Saudi Arabia
541,الذين اتهموا الثورة بانها مكنت الاخوان من مصر هؤلاء ننتظر منهم الان اعتذارا الثورة حررت إرادة الشعب فاختبر الاخوان وتخلص منهم الى الأبد,0,Modern Standard Arabic
542,"يوسف الحسيني يفضح كذب قناة الجزيرة ويكشف تمثيل الاخوان دور الموتي تحت اشراف الجزيرة """"",3,Tunisia
543,ان كان طبعك تصد شوي وتْعوّد فانا تراني مانيب ادآني الصدّه وان شفتني فيك بالثنتين متجوّد فاتلى شروط الضمان نهاية المدّه #سري,0,Yemen
544,حزب النور سيشارك فى لجنة الدستور حزب النور يعمل دوشة فى كل موضوع وفى الاخر يطلع عيل,3,Egypt
545,النصب التذكارى الحقير الذى يتم انشاؤه الان فى ميدان رابعة سيكون اول شيئ يتم اسقاطه بعد اسقاط الانقلاب,3,Modern Standard Arabic
546,#عشان_خاطر_ماسر متحوطيش اخوكى الصغير فى الطرحة,3,Egypt
547,أنا أبكي !! وأدري أن دموع العين خذلان وملح !! #محمود درويش,3,Yemen
548,مجتمع هيفضل طول عمره #حافظ_مش_فاهم حاااجه,3,Egypt
549,الرجوع للحق فضيلة حمد الله على سلامة أحمد السيد النجار,2,Oman
550,#الفيفا يشيد بملعب #الجوهره ويصفه بثاني افضل ملعب بالعالم وارامكو أذهلت #بلاتر #افتتاح_ملعب_الملك_عبدالله,2,Yemen
551,تجديد حبس #ياسر_علي متحدث رئاسة #المعزول 15 يوما في قضية التستر على #هشام_قنديل| ياااااه وحشتونا ووحشتنا نوادركم,0,Egypt
552,قمة المسخره #الببلاوى بيقول انا ليا ملاحظات على قانون التظاهر :) ياعم هو انا اللى مطلعه ؟!,3,Egypt
553,"لدستور يعاملني انا واولادي كمواطنين من الدرجة الثانية بالتإكيد سأصوت عليه ب ""لا"" وألف لا",3,Modern Standard Arabic
554,العسكر خاين كالعاده ؛ دخلوا الجامع بالبياده #مجزرة_العباسيه #عسكر_كاذبون #لن_ننسي #لن_نسامح,3,Egypt
555,بعد تبرئة سائق حمدين صباحى المتلبس بحمل السلاح وسرقة الآثار كتبت لكم انه سيسير مطيعا خلف الانقلاب، امس قال انه يؤيد سيسي لو ترشح للرئاسة,3,Yemen
556,4 من شباب تمرد وحركة 30 يونيو فى لجنة الدستور وشباب 25 يناير الذين دعموا 30 يونيو غاضبون اشربوا يا اغبياء,3,Egypt
557,حكيك يخلق من العدم فرحه ' #م,2,Iraq
558,اسماء شهداء الثورة #المجد_للشهداء #ريتويت كتير جدا بقى,2,Egypt
559,اعتذار سي بي سي عن حلقة الشيطان الاراجوز جزء من التمثيلية لاظهار أنها شملت مساسا بسيسي او الانقلاب لا تصدقوا,3,Algeria
560,بصرف النظر عن شغلها ولا اي حاجة تانية بحب في #فيفي_عبده ان اللي في قلبها علي لسانها ملهاش في النفاق زي معظم الوسط الفني,2,Egypt
561,اغير القناة اللي فيها #فيفي_عبده_الام_المثالية إلى ناشيونال جيوجرافيك أجد برنامج عن شاب أمريكي يصنع صاروخ في بيته ويطلقه في,0,Oman
562,من يريد السفر سيعرف الفارق بين حكم مرسي وزمن العسكر، مفيش دولارات في البنوك ومتقدرش تسحب من حسابك المصرى الا اقل القليل,0,Egypt
563,#اوعى_تنسى عاشوا رجاله وماتوا اسود :(,2,Egypt
564,"ضابط جيش يضرب زياد العليمى أصغر عضو منتخب فى مجلس الشعب و يقول له : "" خلى مجلس الشعب ينفعك "" بداية طيبة لعرس الديمقراطية",3,Egypt
565,#فيفي_عبده طلعت بقناة ام بي سي وتتكلم عن الشرف والاحترام وانها الام المثالية !!! #وقاحة,3,Qatar
566,حتى فى أصعب لحظات عمره لم يفشى مرسي اسرار خيانة سيسي ولم يقل شيئا شائنا ضد الخونة والقتلى,0,Sudan
567,"#عيد_الأم أم صينية ""97"" سنة تعتني بإبنها ""60"" سنة المصاب بشلل رباعي منذ 19 سنة هو قلب الأم مهما تقادمت بها السنون",2,Modern Standard Arabic
568,السفارة المصرية العظيمة في السعودية بتوزع منشورات علي المصريين لكي يصوتوا بنعم في الاستفتاء علي الدستو,0,Egypt
569,من الطبيعي ان تجد شخصا منافقا ومن الممكن ان تجد رجل دين منافقا لكن ما يفعله على جمعه تخطى كل الحدود,3,Modern Standard Arabic
570,راجعت الردود فوجدت المتزمتين دينيا هم الاكثر استعدادا للتطاول بالبذاءات انهم يخافون من النقاش حتى لا تهتز محفوظاتهم التى لم يفكروا فيها,3,Modern Standard Arabic
571,أيها الغيورون على القانون هل سمعتم عن تهريب المتهمين الأمريكان و14 الف مدني في السجن الحربي وإعلان دستوري باطل يمنح الحكم للعسكراين كنتم ؟,3,Modern Standard Arabic
572,#اصعب احساس # #لما يوحشك حد# #مات# #سو#,3,Libya
573,بعض الناس سيرفضون اى تصرف من الرئيس مرسي حتى لو كان صائبا خصومتنا السياسية اذا تحولت لعداوة تعمينا سأساند الحق كما اراه حتى ولو كنت وحدي,0,Oman
574,الشيخ حسان يؤكد ان مرسي يمتلك شرعية قرانية وشرعية نبوية الى متى هذه التجارة بالدين بالمناسبة اين أموال التبرعات التى جمعها الشيخ حسان,3,Modern Standard Arabic
575,نفاق الجموع من آفات مجتمعاتنا فالكثير يعبرون عن مواقفهم في جلساتهم الخاصة ومكالمات الهاتف بينما ينافقون الجماهير في العلن خوفا على شعبيتهم!,3,Modern Standard Arabic
576,الفرد هو الركيزة الأساسية التي تقوم عليها عملية التغيير والإصلاح والتي و إن بدت صعبة إلا أنها ليست مستحيلة ، بل,0,Modern Standard Arabic
577,#الواتساب_معلق,3,Libya
578,قرار رئيس الجمهورية بعودة البرلمان للانعقاد صحيح و التنفيذ الصحيح لحكم المحكمة الدستورية يكون في الإنتخابات القادمة,2,Egypt
579,#ماهر فخامة الاسم تكفى,2,Yemen
580,بالفيديو عكاشة: والله #هيفاء_وهبي ست مش طرية واللى يتجوزها يبقى خد خازوق !! #بوابة_القاهرة #مصر #توفيق_عكاشة,3,Egypt
581,حق شهدائنا يضيع بشكل منظم نظامنا القضائي عاجز عن القصاص والجهات التشريعية والتنفيذية لم تدعمه، ومحاسبة كل من قصر في جمع الأدلة ضرورة,3,Saudi Arabia
582,غالياني وين صفقاتك حق اول يوم كنت تجيب لاعبين من مدريد وبرشلونه و و و تكفى ارجع مثل اول ضبطنا #ميلان,0,Yemen
583,رُبّ من أنضجت غيظاً قلبه *** قد تمنى لي موتاً لم يطع مهداة لمن يقف في أعلى شجرة جوز الهند محاولا اخراس ذكائي لأتوقف عم,0,Yemen
584,اللي عايز يتحاور يروح يتحاور مع أهالي الشهداء والمصابين، لو دول رضوا عنكم ربنا هيرضوا عنكم وإلا فلا أمل أبدا لنا جميعا,0,Egypt
585,أتحدى أي شيخ من المتاجرين يطلع يقول الكلام اللي بيتقال قدام السفارة على الهواليه لإنهم يعشقوا التحريض بس وتسخين الشباب لإن ده بيزود السبوبة,3,Egypt
586,أنت من أستلذ بأحلامي بك واستطعم الحب بحضورك مقتبس من [ __ ] #تصميمي #ميسي #97,2,Oman
587,الانقسام بين القوى الوطنية طبيعي ولكنه حدث قبل إنجاز اهداف الثورة فاستفاد منه النظام القديم يجب ان نضع الثورة قبل المصلحة السياسية,0,Egypt
588,الأسئلة التي هربنا منها أيام المجلس العسكري لا زالت تطاردنا وستظل إلى أن نواجهها ونجيب عليها,0,Modern Standard Arabic
589,سلام اناابنة استاذايمن شويقي أوصاني أبي بان أوصلكم رسالته وهو بخير وصحته جيدة ومعنوياته مرتفعة ويشكر كل من سأل عنه ويبشرك,0,Oman
590,تكوين لجنة الخمسين جامل بشكل كبير القوى السياسية على حساب الشباب والأقباط #السادة_المحترمون,3,Egypt
591,_6666 انا ادعوا دائماً بالرحمة للجميع و لا يعجبني اداء وزير الداخلية خاصة انه موجود من ايام الاخوان المجرمين و لا توجد لديه رؤية,0,Saudi Arabia
592,منع حازم عبد العظيم والسيد البدوى اكبر انصار الانقلاب العسكرى من السفر يمثل تطبيقا لمبدأ صاحب الحمير اضرب المربوط يخاف السائر,3,Egypt
593,اظن ان من افسد شيئا فعليه اصلاحه يجب اعلان الجماعه الاسلاميه والاخوان منظمات ارهابية واصلاح ما افسدو,3,Yemen
594,تأكدوا أن التزام الرئيس بالقانون والحفاظ على استقلال القضاء وتدعيمه هو فى مصلحة الشعب قبل أى طرف آخر,2,Egypt
595,_ ده مش مؤتمر شعبي ده جولة ميدانيه,0,Egypt
596,_70007 الحمارة امك #فطيم_النعاشة وانت ولدها و اذا فكرت تصير ولد حلال اطلب من #فيفي_عبده_الام_المثالية تتبناك هههههههه,3,Qatar
597,وحيات عينيك ،،،، اخذ صوت اخذ وجه حسن وطرب اصييل #مصر #الجيزة #القاهرة #شادية #الاهرامات #اسيوط,2,Tunisia
598,"بجد كدة اوفر اوفر "" انت قررت تنتخب السيسى!! مع ان حمدين صحبك وكنت معاه!! وكأن افكار السيسى غير افكار حمدين!! #محمود سعد #متآ",3,Egypt
599,التوجيهي أصعب فترة تحدي والناس يقولوا ما بتقدري تقدمي والتوجيهي صعب وبدو جهد بس كنت أقول الله بلش معي المشوار أكيد ما,0,Syria
600,تطاولك على شيخ الأزهر تجاوز كل الحدود #السادة_المحترمون,3,Modern Standard Arabic
601,كان #محمد_يسرى_سلامة صاحب رسالة كافح من أجلها طيلة حياته ولذلك فحتى موته كان بمثابة رسالة,2,Modern Standard Arabic
602,"المذيع المحترم بتاع مصر ٢٥ بيقول فيه مظاهرات في شبرا بتهتف ""بالطول بالعرض حنجيب الاسلام الارض"" ثم يتسائل ما دخل الدين في صراع سياسي",3,Sudan
603,عامل كهربائي يستغل وقت فراغه في عشر ذي الحجة في قراءة القرآن كتب الله أجره وغفر ذنبه #عشر_ذي_الحجة,2,Saudi Arabia
604,والد #جيكا هو اللى كان داخل مع #حمدرين يوم تسليم التوكيلات #واحد_مننا,2,Egypt
605,"الدكتور أبو الفتوح: ""محتاجين مصانع محتاجين مزارع محتاجين شقق للشباب لكي يتزوجوا، و لسنا نحتاج لمساجد أو كنائس فهي أكثر من الحاجة""",0,Algeria
606,"أي شيء يحدث سيقول العربي ""لماذا بهذا التوقيت تحديداً"" لما لا تضعوا لنا بالتقويم الأوقات المناسبة بنظركم متى نقاوم ومتى نتكلم #غز",3,Modern Standard Arabic
607,الثورة قامت اساسا من اجل انهاء الحكم العسكري الذي جثم على صدر مصر ستين عاما وأوصلنا الى الحضيض اذا لم يسترد الشعب السلطة بالكامل فقد فشلنا,3,Modern Standard Arabic
608,لن نستسلم لتهديدات الانقلاب العسكرى ومرسى سيظل آمنًا بفضل دعم أمريكا | أخبار الموجز,0,Egypt
609,#بصـراحـه في آلعمر حكاية واحده فقط نجد فيها وطن حقيقي ومادونها مسرحيات متعدده نؤدي دورنا فيها ببراعه,0,Yemen
610,فساد في بعض المستشفيات الغير خاضعة للرقابة,3,Saudi Arabia
611,تحياتي يا بلد,2,Sudan
612,في يوم الارض المجد كل المجد لمن يقاوم بامعائهه الخاوية #سامر_العيساوي #,2,Yemen
613,الثورة والإنتخابات قدمتا لنا عربة مجهزة لننطلق بها كلما اردنا الإنطلاق يدوسون علي فرامل التمسك باللوائح الشكلية فيعلو الصوت ولا حركة حقيقية,0,Modern Standard Arabic
614,الدين الداخلي في مصر يمثل كارثة وليس الدين الخارجي #السادة_المحترمون,3,Modern Standard Arabic
615,كان صلى الله عليه وسلم يحب الطيب والرائحة الحسنة وكان لا يسلك طريقاً فيتبعه أحد إلا عرف أنه قد سلكه من طيب عرفه #نشر_سيرته #,2,Oman
616,خطاب الرئيس يعني أنه صار مجال يسمح لدبلوماسيتنا ودبلوماسيينا بلعب سياسة واستخدام أوراق الضغط المختلفة,0,Jordan
617,مستقبلنا مرهون بأن نخرج أنفسنا من الظلمات الي النور حزب الدستور: قيم إنسانية عدالة اجتماعية عقل علم معا سنغير,0,Sudan
618,بصراحة انا احب #شبكة_المجد بس حظي الردي هو الي رافض ان اشترك فيها,0,Saudi Arabia
619,#يوسف_الحسيني كل ما ندعمه هو عدم سقوط ارض الياسمين ذات التاريخ العظيم,2,Libya
620,ألمصريين أحرار !!!!!,2,Egypt
621,يجب أن ينفذ الرئيس وعده باجراء تغييرات في تشكيل اللجنة التاسيسية للدستور لتكون معبرة بحق عن كل أطياف المجتمع,0,Oman
622,# لانني في الوسط فساقف في مواجهه اي سعي لاقصاء اي تيار شريطه الا يكون ذلك التيار نفسه ا,0,Yemen
623,#كريستيانو_رونالدو صاروخ ماديرا او قاذفة اللهب او الدون او التورنادو او السيداو الامراطور و المهم انه افضل لاعب عالمي,2,Saudi Arabia
624,عدم وجود مصدر محايد للمعلومة بقى شيء مقرف جداً بصراحة,3,Egypt
625,و # يكتبون أ ہ أحب إ نفسي ! انزين ہ : أ ہ نفسيآ,0,Syria
626,"من غادر سوريا بطريقة غير شرعية لا يحق له انتخاب رئيسها #الأسد, #الانتخابات_السورية",3,Modern Standard Arabic
627,فى مصر الانقلاب تعلو اصوات العهر والدعارة وتخفض اصوات الحق والعدل والشرفاء تحكمهم بيادة تلاحقهم رصاصة تأويهم سجون,3,Egypt
628,أنا بعد ما عشت المعاناة السنادي لا يمكن أخلي ولادي يكرروها مالها صناعه ! #ثانوية_عامة,3,Egypt
629,احترامنا للجميع لكن من لديه مشكلة مع صوت عاقل متزن كصوت __ لديه مشكلة حقيقية,0,Saudi Arabia
630,رئيس حزب النور الوهابي ظهر على الجزيرة وظل يلعن في وثيقة السلمي عندما قال له المذيع ان المجلس العسكري المسئول الاول عن الوثيقة رفض التعليق,3,Saudi Arabia
631,#الحرية_للإخوان #انصاف_الاخوان,2,Libya
632,من عيوب وسائل التواصل الاجتماعي أنها أصبحت أداة لرد الفعل وليس الفعل، ننشغل بردود الأفعال اليومية أكثر ما ننشغل بالتخطيط والتفكير للمستقبل,3,Oman
633,حركة تمرد طالبت بإنتخابات رئاسية مبكرة ولا بد من استغلال فرصة الحشد الثوري ضد الإخوان لإيصال مرشح ثوري مثل البرادعي إلى الرئاسة,0,Modern Standard Arabic
634,ههههههه الله يرحمك ي|#عمنا ~` |#ج ل_عامر,2,Saudi Arabia
635,سعيد جداً بزيارة الجزائر بلد جميلة فعلاً!,2,Oman
636,المصرى احسن واحد تزنقه فى الوقت يشتغل! #اه_والله,2,Egypt
637,جعل الغياب اللي خذاك يموت ويحيا بداخلك وصل غاليك #يوسف #بوح,0,Yemen
638,اعلام العار يكذب كالعادة لتشويه صورة الرئيس مرسي مسئولو السجن يؤكدون انه لم يطلب أى ميزة او استثناء دع الكلاب تنبح,3,Egypt
639,"#محمود_عباس: ""#الهولوكوست"" أبشع جريمة في التاريخ الحديث",3,Modern Standard Arabic
640,سنفعل كلّ ما نستطيع لإسقاط هذا الدّستور الباطل,3,Modern Standard Arabic
641,1 هي إنسانة رائعة :),2,Jordan
642,الرمز الانتخابى لل #السيسي #السيسي_رئيسي_2014,2,Egypt
643,مشايخ البيادة عكس اسمائهم احمد الطيب اقسي قلب مسلم على جمعه ألغى صلاة الجمعه احمد كريمة ابخل فى الحق,3,Egypt
644,ننعي الي الانسانية رمزا متألقا للنضال في سبيل الحرية والنهضة والكرامة الانسانية القائدوالمجاهدوالمفكر العربي احمد بن بيللا زعيم ثورة الجزائر,2,Tunisia
645,_4 _2012 _ انتم اسياد النصاري باخلاقكم كنتم خير أمة اخرجت للناس,2,Yemen
646,مرسي مش سبب الكارثة ال احنا فيها مبارك ودولته هما السبب في كل ده أهدروا تعليمنا و أمننا وحقوقنا لأجيال طبيعي نوصل لكده,0,Egypt
647,تبدأ رحلة الشعب المصري مع الحاكم بالثناء على البطن التي أنجبته، وتنتهي بلعن أسفل البطن التي أنجبته,3,Modern Standard Arabic
648,"#احداث_من_الذاكرة مبارك يستنجد بالبلاطجة، عنوان من صحيفة الجمهورية الصادرة من مدينة تعز ""ويبدو العنوان خطأ"" #بكفي_حصار #اضبطوا_شركاء_المخلوع",3,Iraq
649,#ماذا_اعطاك_الوهاب_ الحمد لله انه الوهاب و ليست الهبات في يد البشر,2,Oman
650,قصة إن ده رئيس منتخب ولازم يكمل باطلة والدليل الأرجنتين ونيكسون اللي استقال لما كذبماهياش عافية لو فشل وعاند وصمم يخلف وعوده هيعطل البلد,3,Egypt
651,احببت فيك هذا الضني الناطق المعبر انها الانسانية كلها في قلب رجل #مصطفي_محمود #ضي,2,Oman
652,البطل لا يُهزَم عندما يخسر، بل يُهزَم عندما ييأس ويُغادر لا تترك حلمك,0,Oman
653,دول اوروبا اوقفت رحلات شركاتها الى مصر شركات التأمين ترفض عمل وثيقة للمسافر بكره تشوفو مصر,3,Egypt
654,د عبدالمنعم سعيد: إسرائيل تطالب العالم بالاعتراف بفاشيتها وعنصريتها قانون قسم الولاء ليهودية إسرائيل فاشية,3,Egypt
655,لو عايز تعمل فرق في مواجهة حوادث التحرش والإنتهاكات الجسدية في التحرير ساعد الناس المحترمة دي ولا تسمح للضباع بالمزايدات,0,Egypt
656,أليس الحب هو ان انظر الى وجهك الجميل،فأشعر انني امتلكت كل الدنياو انتِ كل دنياي #كلام_في_الحب #مصر #الإمارات #فلسطين #البحرين #السعودية,2,Oman
657,#اعترافات_ليبروفاشي_خليجي (#الفاشية) تظهر واضحة وضوح الشمس في التنظيم الهرمي #الاخواني الذي أسّسه #حسن_البنا (الأسر، المناطق,3,Saudi Arabia
658,شبرا العظيمة دوماكل يناير واحنا هنا,2,Saudi Arabia
659,_ #_ #اكتوبر #الاخوان_جماعة_ارهابية خرائر الاخوان,3,Libya
660,انا هقولة شرعيتك حمرااااااا,3,Egypt
661,#اللى_رافضين_السيسى_رئيس_بيعملوا_فولوا_لبعض #انتخبوا_العرص #مرسي_رئيسي #سيناء_خارج_التغطية #سأنتخب_السيسي,0,Egypt
662,4 للتوضيح: تماما كما سجلت رفضي في اجتماع سد النهضة لغياب الشفافية في مسألة سيناء وفي كلمة علنية فخرج البعض مدعيا شكري على الشفافية في سيناء,0,Sudan
663,جامعة المستقبل شريكة فى سي بي سي الانقلاب اعادت امتحانا لطالب ساقط بتوصية من الانقلاب ونجحوه,3,Egypt
664,هو مستفز لي مع اني رحت الحرم تلات مرات الحمد لله و ليس فقط لمن لم يذهب يا استاذي العزيز,0,Sudan
665,#الشعب_يرد_تحية_الرئيس #بكار_الديوث #انتخبوا_العرص #مصر_الليلة #نكاح_الكاراتيه #إنصاف_الاخوان #_,0,Libya
666,#حاجات_بتفرح_في_مصر لمة رمضان,2,Egypt
667,إصرار الشعب التونسي على الوصول إلى الكيلومتر الأخير ثورة أخرى في حد ذاته وأهم درس من بين دروس كثيرة 19'11,2,Modern Standard Arabic
668,لما توق تشرب قهوة كليا ويقعد النوم فالقها ما يبيش يزورك تقعد حالتك كويسة #كن_متفائلا,0,Libya
669,88 أعترض على الطريقة والمضمون والتوقيت لا يجوز إصدار مبادئ دستورية ملزمة بدون استفتاء الشعب أصلاً,3,Oman
670,مصر التي تسجن ابو إسماعيل وتعلي شأن الهام شاهين {طارئة},3,Sudan
671,"اللهم إني أعوذ بك من قلب لا يخشع ومن دعاء لا يسمع، ومن نفس لا تشبع، ومن علم لا ينفع #دعوة_الصائم_لاترد	
نبيل الخطيب، رئيس التحرير التفيذي في قناة العربية، يتحدث عن الدراسة في معهد الإعلام الأردني.	
ونسميها جمعة الجي سترينج	
في ناس من أنصار أبو إسماعيل زعلانين ونازلين شتيمة واضح إنهم محبطين عشان مش هيبقى في إعتصام ودبح عجول وكدهمعلهش اطلعوا مدينة الإنتاج تاني	
الأمين العام لجماعة الإخوان المسلمين د محمود حسين بين د عمرو حمزاوي و أ عبد الغفار شكر في آخر كلام 11م	
سبب حريق في اكثر من منزل الرجاء من الاخوان النشر منقووول #رتويت #تحذير #رتويت_للأجر #رتويت_بلآ_توقف #رتويت_فضلا	
#الاتحاد #الهلال #النصر #الاهلي #رتويت #الرياض #السعودية خمس الاف متابع #السعودية 18	
كل شعور انخلق منك وعاش لك ، لا تسمح له يروح لغيرك #حاول	
شاهد - آخر كلام: تطورات الأحداث في مصر وليبيا 01/03/2011	
دراسه عن التاريخ السرى لجماعه الاخوان المسلمين تحت عنوانالاغتيال منهج حياه""من دراسه الكاتب #يوسف_الحسينى اكتر من رائع",3,Egypt
672,فاكر يا #مظهر_شاهين يا امنجي يا ابني لما كنت عايزني احط اسمك في مجلس رئاسي مدني في احداث #محمد_محمود و مر,3,Egypt
673,كلمة هيبة محتاجة تتشال من القاموس عشان ماحدش يتمسح فيها في الرايحة والجاية ده طبعاً غير أنها على نفس وزن خيبة,3,Egypt
674,#قطر الدولة الوحيدة في العالم لها سفير في #غزة وأميرها الحاكم الوحيد الذي جرم #إسرائيل وحملها مسؤولية العدوان بينما مسوخكم جرّموا #حماس,0,Modern Standard Arabic
675,مرسي بيعمل جلسات الحوار الوطني عشان يفرح لما يلاقي حد يقول له السيد الرئيس فينسى اللي حصل وبيحصل له في المحافظات وقدام الإتحادية,3,Egypt
676,خالص العزاء فى الشهيد جندى القوات المسلحة وفى الشهداء المعتصمين سلميا سلامة أرواح وضمان حريات المصريين مسئولية من يديرون البلاد,0,Egypt
677,لولا الانقلاب لظل الجيش والشعب ايد واحده,3,Yemen
678,د عبد المنعم أبو الفتوح على قناة الحرة: أنا ضد مظاهرات ماسبيرو و ضد المظاهرات أمام الكنائس,3,Egypt
679,كل العار الذي عشناه من سنين طويلة يتلخص في هذا الفيديو,3,Modern Standard Arabic
680,خارطة الطريق تستلزم مشاركة وطنية بعيدة عن العنف #السادة_المحترمون,0,Modern Standard Arabic
681,تفاؤلى نابع من إيماني بأن (الله لا يضيع أجر من أحسن عملا)ولا يوجد أحسن وأعظم عملا من أن يضحي الشعب بدمائه من أجل الحفاظ على وطنه وعرضه,2,Modern Standard Arabic
682,إصرار الشعب التونسي على الوصول إلى الكيلومتر الأخير ثورة أخرى في حد ذاته وأهم درس من بين دروس كثيرة # #,2,Modern Standard Arabic
683,بعد وصلة من الأعلام الرسمي التحريضي خرجت علينا جماعة الاخوان بمؤتمر صحفي أكثر انحطاطاًهما بيتنافسوا مع بعض؟,3,Egypt
684,ولو بتقولوا أن أمن البلد هيتححق بعيد عن الحقوق الأقتصادية والأجتماعية تبقوا واهمين،،~ #يوسف_الحسينى,3,Egypt
685,يا عسكرى واقف بالفرس ع جتتى لا انت البطل ولا انت فتوة حتتى يوم ما تقول هاخد البلد هتاخدها بس ع جثتى #صلاح_جاهين,3,Egypt
686,استدعاء نوارة نجم ومظهر شاهين وممدوح حمزه للتحقيق معناه ان مناصرة الثورة اصبحت جريمة عند المجلس العسكري,3,Saudi Arabia
687,لو التعريص بقى رياضة وأنضم للأولومبياد علاء صادق هياخد الذهبيه !,3,Egypt
688,أيها الاخوان من عذب الشهيد الجندي حتى الموت من منح طنطاوي وعنان قلادة النيل من قتل 134 مصريا واعتقل وعذب الآلاف اعترفوا بجرائمكم,3,Modern Standard Arabic
689,1 أجدد التأكيد على أن ترشح المهندس الشاطر خطر على مصر وعلى فرص الديمقراطية، ولا يقل خطورة ترشح عمر سليمان,3,Modern Standard Arabic
690,ليس عندي أدنى شك أن أنصار تيارات الشعارات الإسلامية سيلجأون قريبا جدا لتصفية المختلفين معهم في الرأي هروبا من فشلهم في حل أزمات الواقع,3,Modern Standard Arabic
691,"نسأل الله أن يحفظ شيخنا من كل مكروه ويمن عليه الصحة والعافية #سلامتك_يا_خليفة """,2,Modern Standard Arabic
692,"تسلم لي عيونك يا آحلى #شيرين "" روحي شيرين محمد العراقي الجريح",2,Morocco
693,حزب الوسط الان يتقدم مسيره هائله الي محكمه دمياط لتقديم اوراقه للانتخابات البرلمانيهسعيد جداً بثقتكم _,2,Yemen
694,أنا كتبت النهارده في المعصرة أشهد لك بالفضل إنت والشباب اللي معاك في نزولي يوم خمسة وعشرينشكرا ياخالد ياجميل,2,Saudi Arabia
695,ألظلم يأتي من أشخاص و جماعة و ليس من البلد و بالتالى بحب بلدى بحب بلدى,0,Egypt
696,مهزلة اتهام هيثم محمدين بقلب النظم الاجتماعية للدولة !! #مصر,3,Egypt
697,الثورة المصرية وحدت المصريين في نسيج واحد تكاتف المصريون جميعا لإسقاط النظام وحموا بعضهم بعض في ظل غياب امني كامل,2,Yemen
698,شوف حجم التهليل والتكبير التهليل والتكبير لقتل رجل لم يصوب لك سلاحاً,3,Oman
699,حول لقائي بالرئيس،المضحك في الموضوع إن عمري ماتخيلت اني أخش الاتحادية،غيرانني أقف عالسورأتظاهر #مصر # #السعودية,0,Egypt
700,لما يبقى اللي بينقلوا الأخبار للناس بالعقلية دي إزاي ممكن تثق في شبكة رصد دي وتسلمها عقلك قدرة مدهشة على خداع النفس,3,Egypt
701,الانقلاب يريد قمع 50 مليون مصرى لو حاولت امريكا بجبروتها قمعهم ما نجحت شعب مصر العظيم سينتصر ويدفع العالم لاحترامه,2,Egypt
702,يا صاحب السمو إذا تحول #النائب_العام إلى خائن عام وأمن الدولة لمصنع للكذب فلا نتكلم عن دولة مؤسسات بل شلة عصابات والمستندات موجودة سموك,3,Oman
703,التطبيع احدي المحرمات الوطنية التي اتفقت عليها كل القوي الوطنية و لا يجوز لأي حزب أو جماعة إجازته تحت أي مبررات أو ذرائع,3,Yemen
704,أيها الغيورون على القانون هل سمعتم عن تهريب المتهمين الأمريكان و١٤ الف مدني في السجن الحربي وإعلان دستوري باطل يمنح الحك,3,Modern Standard Arabic
705,الإعلان الدستوري اعتداء غير مسبوق على استقلال القضاء وأحكامه,3,Modern Standard Arabic
706,ضد الفساد مع باسم #ثورة_25_يناير #باسم_رئيسا_لمصر #انتخبوا_العرص,0,Egypt
707,#يوسف_الحسيني يتلقى تهديدات بالقتل من الإرهابي أبو سمرةازاي وليه الناس دي متسابة كده مش بيتحقق معها,3,Egypt
708,إلي المجلس العسكري ووزارة الداخلية : أوقفوا القتل وسفك الدماء فورا الدم المصري خط أحمر,0,Modern Standard Arabic
709,دا خنقنى من ساعة مدخلت على طنيطر والصدمة اللى جبتلى الشلل لما عرفت انه مسيحى ا,3,Egypt
710,أؤكدلك أن إلاخوان أمبارح فى إسكندرية كان معاهم كل أنواع الاسلحةمش سلميينإلاخوان مجموعه إرهاب,3,Egypt
711,من أهم وأكثر المقالات حيادية عن مواد الدستور الملغمة، لا تخن ربك وبلدك وأهلك ونفسك، وإعرف صوتك هيودينا كلمنا فين,0,Egypt
712,سيبك انت بس السيسي راعبهم #انتخبوا_البرص,3,Egypt
713,) من يعطل القانون وجب وقفه ولكن السباب ينافى الكثير من الاخلاق والمبادئ !,0,Yemen
714,لم أتحدث مع ال خلال الأيام الماضية على الإطلاق والخبر المتداول على بعض المواقع والمنسوب إلي بشأن تطورات الأحداث في مصر كاذب ومفبرك,3,Modern Standard Arabic
715,#الببلاوى: اعتبار #الإخوان #جماعة_إرهابية قرار سياسى وليس قانونيا (لن تنقذ رقبتك مهما حاولت أيها المجرم فدماء الآلاف في رقبتك وشركائك),3,Modern Standard Arabic
716,الانقلاب ضاق حتى بمن كان يعتبرهم علماء معتدلين من امثال الشيخ الحوينى !؟والدور ماشى ومش حيخلوا ؟!#انقلاب_3يوليو #مصر_الليلة,3,Egypt
717,شكرا لكل من شارك في البرنامج انتم شركاء في هذه الفرحة احسن فريق اعداد و اخراج و انتاج و كتابة فخور بشغلي معاكم,2,Jordan
718,ال ع الشمال ده زيت #باسم_عودة الإرهابي أما اللي على اليمين ده زيت الإستقرار بتاع #السيسي م ل,0,Egypt
719,مرسى الذى فى خاطرى و فى دمى أحبه من كل روحى و دمى!!,2,Egypt
720,#تحيا_مصر # # #سأنتخب_السيسي !!!!!!!!!!!,0,Egypt
721,مصر مدرسة القمع الحديثة ولهذا ينتشر الضباط حاليا فى المدارس,3,Egypt
722,6 أما طائفة مبرري الاستبداد والسائرين في ركب الإخوان الذين دافعوا عن إعلان الاستبداد واشتركوا في جريمة الدستور، لن تفيدكم بهلوانيتكم اليوم,3,Modern Standard Arabic
723,شباب الحملة ناشط في كل محافظة من أجل مصر المستقبل بارك الله فيكم معاً سنغير,2,Algeria
724,7 يعني الأول يجي #العرص يخطف الرئيس وبعدين يدي راقصة #الأم_المثالية وبعدين #نكاح_الكاراتيه ودلوقت بطولة #شباب_يمص شيشة وبعدين؟,3,Egypt
725,#سر_مش_مكسوف_منه انا كشاب مصرى عنده 26سنه عمرى ما حسيت بشعور الوطنيه وانتمائى لبلدى غير سنه 2011 بسبب 25 يناير لانى حسيت انها هتكون بلدى,0,Egypt
726,والله ما عارف أضحك الله يحرق #ثانوية_عامة على مدرسينها واحد واحد,3,Palestine
727,اليوم مرت ٣ أسابيع على مذبحة #رابعة و النهضة التي تشبه في بشاعتها مذابح صابرا و شاتيلا و سربرنتسيا و ١١سبتمبر لا يفعلها إ,3,Modern Standard Arabic
728,في يوم #عيد_العمال كل الوزراء والمدراء والموظفين وغيرهم مُجاز إلا العمال قبلة حب على جبينكم,2,Saudi Arabia
729,2000: واحد مننا وعايش زينتا واحد مش مننا و عمرة مثلنا دا ممثل ظيطة ولزوم الهيصة #مرار_طافح,0,Sudan
730,#جديد_في_تويتر الرائع هنا انك بتتعلم البلاغة لانك ملزم بـ 140 حرف,2,Saudi Arabia
731,"() نعم تغيرت حينما إكتشفت أني في الحلم وحدي وفي الحب وحدي وفي الألم وحدي *"" #سري",0,Modern Standard Arabic
732,عصام كاريكا .. المطرب المحجب,3,Morocco
733,كونك كحاكم فرحان بآراء المبرراتية اللي لابسين بدل وباصين لمصالحهم براحتك في الآخر عملت مشكلة في الشارع مش هيحلها غير الشارعخليهم ينفعوك,3,Egypt
734,الاخوان يطالبون الشرطة بالاعتذار لأنهم غطوا عيني جمال صابر اثناء القبض عليه وماذا عن 80 شهيدا هل دمهم حلال لأنهم ليسوا إخوانا سقوط أخلاقي,3,Sudan
735,نرفض تقييد حق الاعتصام وإعطاء سلطات مطلقة للأمن في منع التظاهر والمبالغة في العقوبات وتوسيع حرم منع التظاهر لا للقانون بصيغته الراهنة,3,Modern Standard Arabic
736,يوسف الحسيني بالفيديو يفضح كذب قناة #الجزيرة ويكشف تمثيل الاخوان دور الموتي تحت اشراف قناة الجزيرة,3,Iraq
737,إلى المتخاذلون و المتحولون :يقول مارتن لوثر عندما ينتهي كل شيء لن تذكر شيئا من كلمات أعدائك لكن صمت أصدقائك سيترك أثرا لن يزول,3,Modern Standard Arabic
738,نعم بين قيادات جبهة الإنقاذ من لايصلح لإدارة جريدة ولكن ماذا عن إخوانك أليس فيهم من لايصلح إلا لإدارة بقالة أين نقدك لهم,0,Modern Standard Arabic
739,أفرق في حديثي بشكل واضح بين مؤسسة الجيش التى نعتز بها فهو جيش مهنى ووطنى وبين دور المجلس العسكري باعتباره متولى,2,Modern Standard Arabic
740,تغيير اوباما لموقفه لدعم الانقلاب يكشف نجاحا لاسرائيل فى رعاية الانقلاب اليهود بيحركونا ويساعدونا فين ايام شتيمة: انت يهودى,3,Egypt
741,"من اقوال شيخ المعلقين #محمد_رمضان #ماجد_عبدالله لابد ان تكون هناك قناة رياضية متخصصه لنجوميته وابداعه تقديرا"" لتاريخه المجيد لوطنه ولناديه",2,Yemen
742,السؤال اللى محينى بخصوص #الاعدام_للجميع دى هى كانت فين احكامك الناجزة بالاعدام للمخلوع #مبارك وعصابته واللى كان الشعب,0,Egypt
743,صباح الخير عليكي يا مصر يا حلوة و لابسة جديد إن شاء الله هيكون أحسن يوم في اللي فات و كل اللي جاي أحلى,2,Egypt
744,نعم حضرت جلسة استماع واحدة للدستور استمعوا لنا بكل اهتمام ثم ضربوا بملاحظاتنا عرض الحائط لا للدستور,3,Modern Standard Arabic
745,"عباس يصف المحرقة ب""ابشع جريمة"" في العصر الحديث ويدعو اسرائيل لتحقيق السلام #افب #عباس #اسرائيل #المحرقة",3,Oman
746,جامعة هلسنكي(فينلندا)تختار #السادة_المحترمون (بفريق عمله كاملا)البرنامج الأكثرمصداقية وحرفية في #مصر وتم إدراج بحث عنه في دوريتها #فلسطين,2,Modern Standard Arabic
747,مصر اليوم حرة بارك الله في شعب مصر,2,Tunisia
748,اغرب ما يحدث ان تنتقد أشخاصا ينتمون الى الاسلام السياسي فيعاجلونك باتهام رهيب انك ضد الاسلام كيف ولماذا يحس انسان بانه هو الاسلام,3,Modern Standard Arabic
749,المرأه شريك أساسي في مشروعنا للوطن يكفي ما تعرضت له من تمييز وإقصاء بسبب موروثات إجتماعية سيئة وفهم خاطئ للإسلام,0,Yemen
750,بعض الأصدقاء الذين أحترمهم رفضوا فكرتي بفظاظة لازلت مقتنعا بها مهمتنا ان نقضى على الأمية وان نقضى أيضاً على استغلالها لحساب اى فصيل,0,Egypt
751,إما أن عبد الجليل الشرنوبي كذب أو محمد مرسي كذب، شوف كده مين اللي ليه سوابق في الكذب وإخلاف الوعود واحكم براحتك,3,Egypt
752,وجهة نظر ساذجة تقول أن من ناضل في الماضي يحق له أن يتحول إلى ندل اليوم,3,Modern Standard Arabic
753,الله أكبر الله أكبرالله أكبر لا إله إلا الله تكبيرات العيد تبعث فى الوجدان طاقة إيمانية عظيمة كل عام وأنتم بخير,2,Egypt
754,لله الحمد تجوزنا 5000 محب و متابع لصفحة #الأقصى متى نصل لـ 10 آلاف محب ومتابع ؟؟ #تغريدات_الدكتور_عوض_القرني,2,Modern Standard Arabic
755,مكتسبات ثورة #25_يناير راحت في الزبالة عودة لعصور الظلام وأمن الدولة #نظام_زائل,3,Egypt
756,#اوعى_تنسى طوابير السيسي و اخونه المقابر و زرع فى مل عائله جرح عميق لسه فاكر و انت نسيت؟؟,3,Egypt
757,1 مسئولية الأمن هي منع العنف وحماية كل الدم المصري، والشعب العظيم الذي خرج اليوم بسلمية للمطالبة بإنهاء رئاسة فاشلة لن يسمح بالعنف,0,Modern Standard Arabic
758,مرسي بيغير من باسم يوسف عشان باسم الناس بتضحك معاه ومرسي الناس بتضحك عليه,0,Egypt
759,عندما يتهم الجهاز المركزى للمحاسبات رسميا وزيرا بالفساد يبقي عليه العوض فى العدل سيبك احلى من الشرف مفيش,3,Egypt
760,#أوسكار : لقد امضيت سنتان مميزتان حتى الأن، و أريد أن استمر في اللعب هنا لسنوات عديدة مثل تيري ولامبارد,2,Modern Standard Arabic
761,وحكاية إنه يكتب البذاءات دي بقت قديمة خالصده أكثر الأفلام إسفافا أرقى من خطب بعض مشايخكم اللي طلعتوهم على منصة دعم كذب الرئيسإلعبوا غيرها,3,Egypt
762,4 لا مجال للمفاضلة بين أسيوط وغزة، كلاهما واجب وطني وأمن قومي، المزايدة وصراع الأحزاب بشأن ثوابت وطنية يمتنعان,0,Modern Standard Arabic
763,"استفدت كتيير اوي من حلقة انهردة معلومات اول مرة اسمعها بارك الله فيك ^^ #مصطفى_حسني على طريق الله "" روح العبادة """,2,Egypt
764,ارفض البذاءات التى يبثها الشيخ محمود شعبان ضد الثورة لكنى ارفض ما حدث له في ميدان التحرير من إهانات واستهزاء بكرامته الثورة نموذج أخلاقي,0,Modern Standard Arabic
765,2011 الإسلام أم مصر ؟ يزداد إحترامى لك مؤخراً كلما تكلمت مع إنى سأرشح البرادعى,2,Egypt
766,سارة عثمان دخلت على موقع جامعة كولومبيا التي زعم الخبر أن المحاضرة ألقيت بها فلم تجد شيئاوهكذا انفضحت الفبركة الإخوانية البلهاء شر فضيحة,3,Saudi Arabia
767,كرستيانو رونالدو يفصله 75 هدف ليصبح الهداف التاريخي الاول في ريال مدريد #اسطورة,2,Oman
768,تؤكد لي الردود ان بعض الأخوة يعتقدون فعلا انهم الاسلام وانك اذا لم توافقهم فانت عدو للإسلام لا مساحة لديهم في ان تحب الاسلام وتختلف معهم,0,Oman
769,"وأصبح تفجير البيوت وحرق عشش الفقراء ""أعمال قتالية"" في نظر الجيش المصري ! #سيناء #مصر #",3,Modern Standard Arabic
770,شاهد- #فيفي_عبده راقصة سيذكرها التاريخ #الحكم #1,2,Modern Standard Arabic
771,بقالى كتير ماكتبتهاش #السيسى_رئيسى #سأنتخب_السيسى #باسم_طلع_حرامى #هشام_الجخ_طلع_نكسجى_حرامى,0,Egypt
772,#المطرية #انتخبوا_العرص,3,Egypt
773,#فيفي_عبده : الراقصة محترمة جداً ، و أنا قدوة ليش ما أكون قدوة :) #الحكم لا تعليييق !!!,2,Yemen
774,2د بل وأغراهم بالفعلة الإجرامية المتمثلة في تهديد المجتمع بالعنف، وبالتحريض على ممارسته باسم شرعية سقطت، وبالشحن الطائفي والمذهبي,3,Iraq
775,للوطن وللديمقراطية ولدولة مدنية هي حق لنا جميعا: 1) عارضت الإعلان الدستوري المكمل منذ اللحظة الأولى وأؤيد قرار رئيس الجمهورية القاضي بإلغائه,0,Modern Standard Arabic
776,حركة تمرد صاحبة انتصار 30 يونيو طالبت بالبرادعي رئيساً للوزراء ولما اعترض السلفيون تم استبعاده هل خرجنا من حكم الاخوان الى حكم السلفيين,0,Libya
777,الدولة المدنية ليست فقط مضاد الدولة الدينية، بل أيضا مضاد الدولة العسكرية التي تحكم بها المؤسسة العسكرية أو تصبح بها دولة داخل الدولة,0,Modern Standard Arabic
778,الأخوان او #مصر صراع وجود ومعركة بقاء يحاول الأخوان انتاج المشهدالسوري عن طريق توسيع بؤرالإرهاب بين رابعة،النهضة،الألف مسكن ومدينة الانتاج,3,Sudan
779,مع الانقلاب الدموى هزيمة دموية لمنتخب مصر بالستة من يقتل الستات فى الشوارع تقتله غانا بالستات فى التصفيات,3,Egypt
780,المقاطعة الشاملة للانتخابات كان يحب الحشد لها حتى تكون مؤثرة اما المقاطعة الفردية فهى اجمل هدية نقدمها للفلول هم يشترون الاصوات ونحن نبددها,0,Saudi Arabia
781,حرق الكنائس وقتل الناس وتعذيبهم وقطع أصابعهم وألقاؤهم من فوق الأسطح وذبح الضباط كل ذلك في نظر الاخوان من حقهم والا اعتبروا انفسهم ضحايا,3,Oman
782,أبو الفتوح : لا يوجد الأن مواطن مصرى شريف لا يذهب الأنتخاب بعد الأن,0,Modern Standard Arabic
783,بعد دقائق يتحدث حبيبنا دعبد المنعم أبو الفتوح على قناة الحياة عن رؤيته للاوضاع الاخيرة فى مصر ومسقبل البلد,2,Egypt
784,#سما_المصري زيطه وبالونه فاضحه للتغطيه علي امور اخري الالهاء,3,Libya
785,أحيى قواتنا المسلحة والشرطة فى سيناء لقيامهما بتعقب المجرمين، طالبا ألا يقع منهم أي مظالم على أهل سيناء الوطنين حراس الحدود الشرقية لمصرنا,2,Modern Standard Arabic
786,لأن أقول سبحان الله والحمد لله ولا إله إلا الله والله أكبر أحبّ إليّ مما طلعت عليه الشمس #اذكر_الله #غرد_بذكر_,2,Iraq
787,نفسي ارجع لأيام كانت الحاجه الوحيده اللي مش تخليني اعرف انام لما يبقي عندي رحله في المدرسه تاني يوم #ذكريات_مدرسية,2,Egypt
788,7د فأجدت أحيانا، وأخطات أحيانا ودوما ما اعترفت بالأخطاء وسعيت إلى تصويبها كما في حالة قانون العزل السياسي الذي اتسم بعدم الدستورية,0,Sudan
789,_ و عودة مرة أخرى للقاهرة الساحرة :),2,Sudan
790,مازالت أمامنا فرصة لإثبات فقدان هذا المجلس للشرعية: العمل من أجل استقالة نواب المعارضة والمستقلين مصداقيتنا في أفعالنا,0,Modern Standard Arabic
791,3 لا أدعم لا علنا ولا سرا أيا من المرشحين وكبرلماني سيراقب الرئيس القادم أفضل الاحتفاظ باختياري لنفسي، السر الانتخابي,0,Modern Standard Arabic
792,الفلولي مصطفى بكري ينسى اسم ولي أمرهفيكتب (أيوب) بدل (منصور) اللهم لا تزد الانقلابيين إلا ضلالا!,3,Saudi Arabia
793,"عن الفاشية الدينية , الأسواني: الكنيسة الكاثوليكية التى قدمت للعالم قيما عظيمة هي ذاتها التى شنت الحروب الصليبية و",0,Modern Standard Arabic
794,أيها المتحدثون عن شرع الله هل يوجد في شرع الله تهمة اسمها العيب في الذات الملكية هل من شرع الله التعاون العسكري مع امريكا لتحتل العراق,0,Modern Standard Arabic
795,أسامة غريب تشرفت بالدفاع عن الكاتب الساخر المعروف الأستاذ أسامة غريب فى قضايا الرأى التى كان يحاكم فيها أيام,2,Egypt
796,لقاء رائع اجتمعت فيه مع الشيخ #عادل #الكلباني ،وأشكره على كرم ضيافته و الفوائد العلمية التي قدمها لي,2,Oman
797,مصانع شركة النصر للحاصلات تباع بتراب الفلوس لتسديد الديون بعد توقف الانتاج طبعا ساويرس وبقية اللصوص يشتروها من فساد لفساد,3,Yemen
798,ميثاق الشرف الاعلامى الذى اتخذوه ذريعة لاغلاق الفراعين برئ من الانقلاب قتلوا الميثاق ويستشهدوا به,3,Egypt
799,لما الناس تهاجمك عشان ظلمك وكذبك تقوم تطلع لهم فيديوهات لناس كانت بتشكر فيك افتكر إن المنحرفة بدل ما تتوب بتقعد تفتكر شرفها اللي ضيعته,3,Jordan
800,"سحر النوم والراحة مع #مصطفى_حسني ،، جميلة =)""",2,Saudi Arabia
801,33 المسلمين عظماء بالفكر النبيل المتحضر مش بالقتل يا ابى جهل,0,Yemen
802,ادين مثل باقي المصريين جميعا الاعتداء الهمجي علي الاستاذ خالد داوود بواسطه انصار الاخوان الارهابيين الثوره ستنتصر علي الارهاب,3,Yemen
803,العبيد فى اعلام العار لم ينطق بعد تصريح ايهاب رمزى ان الاقباط سيقاطعون انتخابات البرلمان ويصوتون لا للدستور اذا,3,Egypt
804,بعض #الأشكال_الوسخة ف #المرج لما تشوفها تحس انها هربت م الرشاح قبل ما يتردم!,3,Egypt
805,السماح لرموز الحزب الوطنى المنحل بالظهور للإعلام محاولة لخلق حالة تدلس على الرأى العام بان هناك رأى ورأى آخر عص,3,Modern Standard Arabic
806,"بالفيديو عضو بحملته الانتخابية: #السيسي لا يقابلنا لأنه ""مرشح غير عادي"" ويعشق لقب #المشير ولا يزال متمسكا به",2,Modern Standard Arabic
807,الذي لم يلاحظ حتى الان ان مطالب الثورة لم تتحقق اما انه لا يتابع ما يحدث وأما ان رائحة السلطة قد افقدته الرؤية وصفقاته قد أخرسته عن قول الحق,3,Modern Standard Arabic
808,مفروض شباب الإخوان ينزلوا بكرة يطالبوا بإقالة النائب العام الفاسد اللي ضيع حق الشهداء وأفرج عن المتهمين,3,Egypt
809,قوانين أي مرحلة إنتخابية أهم مليون مرة من المرحلة نفسها بمرشحينها وكل المراحل اللي بعد الثورة إتلعب في أساس قوانينها لتدبير النتيجة #باطل,3,Egypt
810,رجل أكرمه الله بمصاهرة أكرم خلقه مرتين زهد في أمواله وتجارته طمعاً في مرضاة الله كانت الملائكة تستحي منه #عثمان_بن_عفان,2,Oman
811,#الداخلية_بلطجية #تعذيب المهندسة داليا رضوان تم الاعتداء عليها بالضرب الخميس الماضي في أحد الكمائن بالعجمي وتم,3,Modern Standard Arabic
812,المحنة المصرية مقال اليوم لمن يسألون دائما عن الحل مع أنه موجود من زمان وقدمه مفكر كبير لمبارك من قبل فسخر منه,0,Modern Standard Arabic
813,ما تفعله قناة الجزيرة هو إعلان حرب على مصر و لا يمكن السكوت عليه !,3,Saudi Arabia
814,#اليوم_العالمي_للغة_العربية يفترض لها كل يوم وكل ساعة؟ لغة القرآن الذي نتلوه يوميا لغة التعليم المدرسي لغة العبادات لغة امة الخير,2,Oman
815,مشاهد مؤلمة لاستمرار الجيش المصري في تفجير منازل اهالي رفح شمال #سيناء #حسبنا الله ونعم الوكيل,3,Modern Standard Arabic
816,سيذكر التاريخ أن الرئيس #محمد_مرسي قاد ودعم #رواد_المساجد وأن #العرص قاد ودعم #رواد_الديسكو و #الخنازير_خائنين,0,Modern Standard Arabic
817,اسمعو هالاغنيه روعه #غلطت_م_الأول_رنا_سماحه 9 # #اللي_أهم_من_شكلك,2,Oman
818,جيد أن تتنوع الآراء حول السياسة وقضاياها وضروري أن يتم التعبير عن هذا التنوع في الإعلام التقليدي وشب,2,Oman
819,"و في النهاية ذهب النشطاء والاشتراكيين والعلمانيين و الكفرة الي غزةوظل الاخوان يهتفون في الازهر ""رايحين شهداء بالملايين""",0,Saudi Arabia
820,الشعب مش لاقي ياكل والاسعار نار والشغل واقف والانقلاب يبنى نصب تذكارى فى رابعة بعشرين مليون مش حاسين بالناس,3,Egypt
821,ومازالت الحفله مستمره بعنوان #باسم_طلع_حرامى,3,Libya
822,#انشر للفائده عشبه الجنسينج من اكثر الاعشاب فائده في تقويه الذاكره وزياده الاستيعاب والحفظ والتركيز يفضل استخدامها للطلاب ك,2,Yemen
823,عادة لا اعلن عن مواقفي السياسيةلكن كله الا الدستور في كلمة واحدة:مهزلةو لو وصلنا لمهزلة الاستفتاء حقول لا,3,Saudi Arabia
824,عبدالرحمن محمد الصوت الفخم! #غناء #أغاني #طرب #فن #عرب,2,Yemen
825,كل يوم بيزيد إحترامى وتقديرى لبرشلونة نكسوا ا علام عشان مدرب سابق مات إحنا طلع ميتين أبونا عشان يلغوا سوبر العار وبرضه متلغاش #إفتكروهم #74,0,Egypt
826,لما أشدت بدور شباب الإخوان في الميدان وأعلنت أني سأنتخب مرسي كنت كاتب حر وطني منصف بمجرد ماأعترض على رئيسهم وقادتهم يبقى فيا العبرإخ وان,0,Yemen
827,احسن ميلف فى مصر #فيفي_عبده_الام_المثالية,2,Egypt
828,الرئيس وجماعته يدفعون بمصر إلى مرحلة ظلامية بامتياز، قرار ديكتاتوري بالاستفتاء على دستور باطل يقسم المجتمع ثم حصار للسلطة القضائية لتعويقها,3,Modern Standard Arabic
829,اتمنى ان نتوحد جميعا لتحقيق اهداف الثورة المشكلة إقصاء المعترضين على فكر الاسلام السياسي أنا مسلم يساري هل يعترف مشايخ السلفية بإسلامي,0,Iraq
830,ما مشروعية الثورة وما الموقف من أولي الأمر بين الطاعة لهم والخروج عليهم وما أساس الخلاف بين فقهاء الثورة وفقهاء السلطة؟,0,Modern Standard Arabic
831,فيلم الجزيرة #الصندوق_الأسود لأحداث #الإتحادية فضح الكثير انتظروا فيلم #المندس اللي هيفضح حاجات كمان وكمان #انتخبوا_العرص,3,Egypt
832,عزيزي السلفي الراغب في قتل نفسك من أجل منع رحلات الطيران القادمة من إيران، بالنسبة لرحلات الطيران الإسرائيلي القادمة إلينا كل يوم، إيه؟,0,Modern Standard Arabic
833,#وائل_جمعة صخرة الدفاع المصرية,2,Egypt
834,لأن مجلس الشعب منتخب على عوار وتشكيل التأسيسية أيضاً بسيطة وواضحة,3,Iraq
835,حفظك الله يا خادم البيتين، وأدامك ذخرا للإسلام والمسلمين #ذكرى #البيعة #التاسعة,2,Modern Standard Arabic
836,وجعتكو التويتة اللي فاتت يا إخوان معلهش تيجي فين دي جنب وجع أمهات الجندي وجيكا وكل اللي إتقتلوا في عهدكم وتحت ظل كذب رئيسكم مخلف الوعود,3,Egypt
837,2050 الخرطوش انا شايفه بعيني في تقارير مصورة لن تقنع عيني أن ما رأيته كان فوتوشوب مهما عملت دي هي الحقيقة اقعد اعند فيها عشان كرسي,0,Saudi Arabia
838,ما كل هذه الأعداد! انا مبهور عجلة ورا يا مرسي وإلا هندخل في مرحلة وا كرساه,0,Sudan
839,باااااااااااااااااطل ياولاد التيت :/ من مسيرة #المطرية #أنا_حازم #مرسي_رئيسي #ياخاين_ياسيسي #حتماً_سنعود,0,Egypt
840,حوار الطرشان,3,Iraq
841,#عبد_الرحيم_علي: اسألوا #البرادعي عما فعله في #العراق #البرادعى_طلع_جاسوس #باسم_طلع_حرامي #تخابر #خونة,3,Modern Standard Arabic
842,#قطر ترفض تسليم 28 شخصا من قيادات #الإخوان المسلمين ما أجملها من تُهمة وما أعظمه من موقف #شكرا,2,Modern Standard Arabic
843,التاريخ حافل برؤساء استقالوا وانتهت حياتهم السياسية تماما بسبب واقعة فساد واحدة وفي مصر يدفعون بمرشح ضده 35 واقعة فساد لم يحقق فيها احد,0,Modern Standard Arabic
844,#الصهاينة يتابكون اليوم لذكرى #الهولوكوست وتناسوا بانهم ابطال الهولوكوست الفلسطيني والداعمين للهولوكوست السوري عن طريق خادمهم #بشار_الاسد,3,Saudi Arabia
845,_ يسعدني أن المرة الوحيدة التي سأظهره فيها في رمضان ستكون مع الأستاذ,2,Modern Standard Arabic
846,#اعرفوهم #انقلاب_مصر #يسقط_حكم_العسكر #الداخلية_بلطجية #الحرية لنور الدين محمود 15سنة #الدقهلية طالب بالثانوي الأزهري,3,Egypt
847,أحيي الذين سيخرجون اليوم معلنين رفض الانقلاب ، فسكوت الشعب استقرار لحكم العسكر الباطل #مصر,0,Modern Standard Arabic
848,قصة العجوز الحكيم و محرك السفينة رااائعة,2,Saudi Arabia
849,انا حاسس ان التناكه شويه تانى هتوصل بالناس هنا وتقولك راعى فرق الفولورز اللى بينى وبينك لو سمحت !!,3,Egypt
850,اعتراف أنتسب لحمله #حازمون وفضلت أهاجم #مرسى_رئيسى بفكر حزب_الزور وانتقد #الإخوان فى كل الأمور أعتذر لك سيدى الرئيس ف #الشعب_يرد_تحية_الرئيس,0,Egypt
851,نصائح مهمة ورائعة لقروبات الواتس اب انشروها #رتويت #واتساب #السعودية #الكويت #قطر #درر,2,Saudi Arabia
852,2002 فيلم جامد جدي فعلاً,2,Egypt
853,الرئيس #محمد_نجيب يصف الضباط الأحرار بالخونة ويندم على انه اطلق عليهم اسم احرار بعد اكتشاف خيانتهم #انتخبوا_العرص,3,Saudi Arabia
854,"قال الرئيس المتصهين #محمود_عباس إن ما حدث لـ #اليهود في ""#الهولوكوست"" هو أبشع جريمة عرفتها البشرية في العصر الحديث #أخبار #ف",3,Modern Standard Arabic
855,"دمحمد الجوادي يشيد بإنجازات مبارك في كتابه ""النخبة المصرية الحاكمة"" #مصر #قطر #الإمارات #السعودية #البحرين #لبنان",2,Egypt
856,#سؤال_برئ لبتوع #تويتر :: ايه الفرق بينك وبين الفيسبوك دلوقتي يابن المره #بروفايل_عره,3,Egypt
857,الحمد لله ان حقن دماء المصريين وأصلح بينهم وعقبال القوى السياسية 3,2,Saudi Arabia
858,تحية لبعثة مصر البارالمبية التى حققت انجازا غير مسبوق وقدمت لنا درسا فى تحدى المصاعب لرفع اسم مصر عاليا شكرا لكم وحمدا لله على سلامة عودتكم,2,Egypt
859,عبر20عاما من عملى الاعلامى هاجمت الاعلام القذر وتعرضت لحرب شرسة الكل تأكد مما قلته من 20عاما,3,Egypt
860,#ذات_مومنت لما تقدم عرض عمل جديد متحمسله عمرك ما إشتغلته لزبون واليوم موعد إجتماعه مع مقره في اليابان وشعورك أنا شن درت إن شاء الله يرفضوا!,0,Saudi Arabia
861,يسعدنى ان تشاركنا برايك في الخطوط العريضة للبرنامج,2,Oman
862,_ !!!! اريد ان اشخر لكن اخشي عليكم من الضجيج #الكورة_للجماهير #رجعوا_الجماهير يا ولاد ال,0,Iraq
863,ما اجمل ان استيقظ على صوت دعبدالمنعم أبو الفتوح في اول محادثة بيني وبينه وهو يقول لي محدش يقدر يجي جنبك ده انتي زي بنتي #,2,Egypt
864,#ماهر زين ناااس تشبهلنا : ^_^,2,Oman
865,المحرقة أبشع جريمة بالتاريخ الحديث,3,Iraq
866,كنت أفضل أن يأتى مجلس رئاسي مدنى من جهات قضائية ولكن تم الاستفتاء ولن نعود مرة اخرى للنقطة صفر ويجب أن تتم الانتخابات وتسلم السلطة,0,Modern Standard Arabic
867,#الببلاوي : #السيسي هينهي #حكم_العسكر و #مبارك راجل وطني !!! و انا احب اقولك انك #ابن_وسخة,0,Egypt
868,لن أُصدق كتب التاريخ بعد اليوم وقد رأيت الحاضر يُزيف بلا حياء فكيف بتاريخ كتبه مُنتصر ؟ #مجزرة_رابعة,3,Modern Standard Arabic
869,من قام ليلة القدر إيماناً واحتساباً غُفر له ما تقدم من ذنبه قف بين يدى الرحمن وأطل الوقوف وقل يا رب أتيتك بذنوب كثيرة و أنت العفو الكريم,2,Egypt
870,من الأمور الهامة لتنمية #الحب بين الزوجين التفاعل مع أزمات شريك #الحياة فلذلك أثر كبير في بناء المودة بين الزوجين وجعلهما أكثر قربًا ومحبة,2,Modern Standard Arabic
871,جمهورية #شبرا_الخيمة :),2,Egypt
872,اللي ضد تطهير الداخلية هو مرسي وجماعته وماحدش منعهم عن دهوياريت تورينا شطارة نقدك على كذب الرئيس وجماعته وفشلهم الذريع,3,Egypt
873,أزف الوقت لإنهاء الاستقطاب البائس الذي نعيشه بأسلوب عقلاني، وأن نتحلى بروح التسامح، لنبدأ في البناء بسواعد كل مصري ومصرية,0,Modern Standard Arabic
874,على الخارجية المصرية تحمل مسئوليتها والعمل على الافراج الفورى عن الصحفية شيماء عادل المحتجزة فى السودان ،كرامة المصريين أهم من رغيف العيش,0,Egypt
875,بتضحكني فكرة إن إخواني أو سلفي يقولك أنتم أتفه من أن نهتم بكم مع إنه بايت تقريبا طول اليوم على تويتر يبعت منشنات شتيمة وتكفيرمن التافه إذن؟,0,Egypt
876,#الأم_المثالية تُخفي دمعتها عن أطفالها حتى لا يدخل الحزن إلى قلوبهم تظهر ابتسامتها لصغارها وإن كان قلبها يعتصر الألم!! قلبها كبير,2,Modern Standard Arabic
877,عنان كان دفاع جوي مع ان دايما رئيس الاركان مشاة او مدفعية الله يرحمك يا ابو غزالة، عبقري المدفعية في القرن العشرين,2,Saudi Arabia
878,اجرأ سيدة فى مصر تعليقا على مجزرة رابعة العدوية,2,Egypt
879,كرنڤال دولي بحضور #الملك مبروك لـ #الشباب_بطل_كأس_الملك ولـ #الشعب_السعودي_الشقيق #ملعب_الجوهرة #نحبك_ياملكنا_عبدالله,2,Saudi Arabia
880,سعدت بلقاء أهالى المنصورة و فخور بأعضاء حملتي بالدقهلية الذين اتاحوا لي هذا اللقاء ورتبوا زيارة الكنيسة ولقاء القوى السياسية,2,Modern Standard Arabic
881,في ناس بتموت هنا \ / #المشرحة,3,Egypt
882,الدول المتقدمة تبنى مستشفيات ومدارس ومصانع واندية ومصر تبنى سجونا بكره تشوفو مصر,0,Egypt
883,فوز الاهلى مرتين متتاليتين بكأس افريقيا من غير دورى يؤكد أن نقص الامكانات لا يمنع الانجازات بشرط توافر النوايا الطيبة ربنا يحفظ تريكه,2,Egypt
884,#مصر مصر سلطات الانقلاب توقف وفد حقوقي بمطار القاهرة ( ) #انتخبوا_العرص,3,Egypt
885,ايه الشياكة دي يا واد اكيد اختك مش نازلة النهاردة ايه دة عرفتي ازاي ؟! ما انت لابس بنطلونها هتنزل هي ازاي ! #استرجل,3,Egypt
886,مراسلنا من #الاسكندرية : #صدقى_صبحى : #القوات_المسلحة ستظل دائما #الدرع_الواقية لهذا #الشعب_العظيم,2,Egypt
887,في كل الدنيا يلتزم المسئولون بتنفيذ تصريحاتهم المشير طنطاوي صرح بان سيوقف إحالة المدنيين الى محاكم عسكرية و كل يوم تتم إحالة مدنيين جدد,0,Saudi Arabia
888,من قال أن دستور الجماعة لا يقسم مصر يجب أن يكشف على نظره فهذا شيء واضح وضوح الشمس,3,Modern Standard Arabic
889,جريدة الأهرام: محاكمة 6 من رجال الشرطة في حلوان لتعذيب مواطن حتى الموت أسلوب متكرر رسالة لوزير الداخلية: أنت المسئول,3,Modern Standard Arabic
890,لقب برنس الاسبوع يذهب الي محمد يسري سلامة,2,Saudi Arabia
891,تخيلو يفاجؤنا المرة هاي ويحكولنا كمان مرة وصلت الى طريق مسدود ها بدي اقلكو مثلا انهم يتصالحوا كش برا وبعيد متجليين والشعب #سيكو_سيكو #فلسطين,0,Jordan
892,حقيقه فجرها شباب بمساعدة #الاخوان ومات فيها الشباب #والاخوان واستفاد منها #عبيد_البيادة #انصاف_الاخوان,3,Yemen
893,الاعلام الفاسد وفئرانه اميركا تساند الاخوان واليوم وفد من الكونجرس يلتقي سيسي والطرطور وبلاوى مجانين رسمى,3,Iraq
894,ألف رحمة ونور عليك يافنان مصر العظيم ياأعذب الناس وأجملهم وأطيبهم,2,Egypt
895,فجاة حبيت السياسة و مجلس الشعب,2,Tunisia
896,خليك كوبري #عسكر #اخوان لايق عليك # #قانون_التظاهر #قصر_الاتحادية #اسقاط_قانون_التظاهر #6ابريل,0,Egypt
897,"الإخوان يمارسون الشحاتة بمنطق ""إنتو كفار وهتروحوا النار بس أبوس إيديكو ساعدونا يا كفار عشان ربنا ينصر الإسلام""",3,Egypt
898,خبراء زراعيون: الشون الزراعية سبب إهدار كميات كبيرة من #القمح وسعر الاردب غير مرضي للفلاح # #مصر,3,Iraq
899,ما نحن فيه الان هو كله بفضل الشهداء و مصابي الثوره لذلك لابد من تاسيس هيئه تكون مهمتها تكريم اصحاب الفضل فيما نحن فيه الان,2,Saudi Arabia
900,انه دائماً من الرائع أن تكسب الجوائز لأن هذا يعني انك قدمت موسماً جيداً #تشلسي #تشيلسي,2,Oman
901,أنا حزين ! مرض #نفسي قاتل ربما يردئ بحالك الى #حياة بائسة جدا ف أحذرؤ منها ، #لان الايجابية حتى لو كان الحزن ع قلبك #لابد,3,Iraq
902,بغض النظر عن نتيجة الاستفتاء سيظل هذا الدستور غير شرعي لانه خرج من لجنة تأسيسية باطلة تم تحصينها بإعلان دستوري باطل سوف يسقط دستور المرشد,3,Modern Standard Arabic
903,#تحيا_مصر #مصر_جميلة #مصر_المحروسة #السيسي_هايصالح #السيسي_رئيسي_2014,2,Egypt
904,رفع الشعارات السياسية في الحج حرام شرعاً وخيانة وطنية,3,Oman
905,اعلام العار ينكر الشمس وانقلاب العار يطفئ الشمس وشباب مصر الحر سيضيئ الشمس,0,Saudi Arabia
906,السباحة إزاى السياح ييجوا و محافظ الأقصر إرهابي,3,Egypt
907,وزير الداخلية كان عصا في يد الإخوان ولا يصح أن يظل في منصبه #السادة_المحترمون,3,Modern Standard Arabic
908,#احمد_شفيق سيرته بتجيب ارتيكاريا لناس كتير بس محبوب من الأغلبية اجدد الدعوة له للترشح للانتخابات,0,Egypt
909,شجاعة بنات مصر الثوريات لا تقلق نظام مبارك فقط لكنها تزعج الجبناء فاقدى النخوة الذين يقبلون الذل من اجل السلامة ويرفضون الثورة لكرامتهم,0,Modern Standard Arabic
910,الاعلامي المحترم يوسف الحسيني يطالب بإعادة فتح التحقيق في حريق مسرح قصر ثقافة بني سويف2005,2,Iraq
911,إلى حد البكاءِ على يديكِ، أحاول أن أغني، و أعرف أنني وطنٌ و منفى، و أني لست مني، و لكني، أحاولُ أن أغني، حين أبكي,0,Modern Standard Arabic
912,أيها الاخوان في أية من القران وفي أى حديث شريف تعلمتم ان المبنى المصنوع من الحجر يكون الدفاع عنه بقتل الناس بالرصاص الحي على أى ملة انتم,3,Egypt
913,لو إستمر مرسي في سياسة العناد الفاشلة سيكون الفرق الوحيد بينه وبين المخلوع مبارك أنه لا يحب أن يقضي أجازته في شرم الشيخ، على الأقل حتى الآن,3,Modern Standard Arabic
914,قال الاستاذ علاء عبدالفتاح على الجزيرة بصراحة نحن نعرف ان خالد على لن يكسب الم يكن الافضل ان ندعم مرشحا ثوريا واحدا بدلا من تفتيت الأصوات,0,Saudi Arabia
915,القانون لا يجب ان يترك للتقدير الشخصي لمن ينفذه لايمكن ان نترك للضابط تقدير من هو البلطجي القضاء المدني كفيل بتحقيق العدالة,0,Saudi Arabia
916,الى كل صحفي صمتك مؤسف امام قتل زميل واعتقال اخر واهانة ثالث ومنع رابع من الكتابة دورك قادم,3,Iraq
917,#تنويه_البرنامج عزيزي المشاهد لو فاكر ابنك مؤدب هيتخدش حياؤه من الألفاظ رجاء مراجعة المتصفح الخاص به بس ياريت,0,Egypt
918,يكرهك نصفي و نصفي فيك ذاايب #عبدالمجيد,0,Tunisia
919,#يوسف_الحسيني لا تستمعوا لكلام البلتاجيفهو لا يريد الا التشويهخسىء وخسأ قومهسلام! #السادة_المحترمون,3,Yemen
920,ميغركيش العدد والله انا اكتر انا اللي مش #اخوان وانا اللي مش #عسكر #المكالمه,0,Egypt
921,طز فيك,3,Saudi Arabia
922,2050 بقوللك إيه محمد محمود، مجلس الوزراء، العباسية، الاتحادية وغيرهم وغيرهم انتم لستم أبرياء وخاصمتم الإنسانية والحق من اجل السلطة,3,Oman
923,النهاردة ومرسي في القفص عرفت ان محافظ سوهاج لسه مسماش اكبر ميدان هناك باسم الشهيد الحسيني ابو ضيف لعل المانع خير يا ب,0,Egypt
924,دبلوماسية محشي الشبت مقال اليوم في الشروق ياريت مرسي يبقى يدي للشعب وصفة محشي الشبت نبقى طلعنا منه بحاجة,3,Egypt
925,شعب مصر العظيم في الشوارع ٥٢ يوما متتالية بلا كلل او ملل رفضا للانقلاب العسكر، متى يفهم سيسي ان مصر ان تستسلم للعسكر؟,0,Saudi Arabia
926,الأقباط المعينين في مجلس الشوري خانوا انفسهم ووطنهم وكنيستهم لقد رفضت عرض أن يكون اسمي ضمن المعينين وكنت اتمني أن ي,3,Modern Standard Arabic
927,عَلِّم في المتبلم يصبح ناسي وناقش في الإخواني يفضل ضاني (من فقرات تلك الأمثال في المعصرة),3,Tunisia
928,"#حمدين_صباحى:سأفوز بـ""الرئاسة"" وشعبية ""#السيسى""تتراجع بانتظام بسبب ""الأخطاء"" -حد يخبطه على دماغة الحزين ده خليه يفوق",3,Egypt
929,"أن تكون علمانيا لا يعني أن تشتم #حسن_البنا وأن تحكم على كتب #سيد_قطب بانها ثرثرة وأن عبارة ""إني اتطبّب بالجوع ""للشيخ #ا",0,Modern Standard Arabic
930,ما حدث في مصر عكس ما يقوله الكثير هو دليل على الوعي الديموقراطي لدى الشعب مرسي كان جاي بشروط وأول ما هو غيرها الشعب غيره,0,Oman
931,فلتذهبوا الى الجحيم #الحرس_الجامعي,3,Oman
932,نفق العروبة واقف تماماً من الاتجاهين بسبب شباب بيغني و يرقص و اللي في العربيات مش متضايقين,0,Egypt
933,من أعذب مفردات #الحياة وأجملها هو #اعطاء العذر لغياب البعض ! [[ لان سيد #البشر تحدث عن #التماس العذر ]] ، صلوات الله ع,2,Iraq
934,الإخوان بغبائهم سيدمرون انفسهم ذاتيا لا تعطيهم قبلة الحياة باتخاذهم مثلا أعلى لممارسة الفاشية و العنصرية لا تفسد انتصارك بتبني أساليبهم,3,Modern Standard Arabic
935,صورة وشهادة الزميلة داليا رضوان عن واقعة الإعتداء عليها من قبل الداخلية بسبب دبوس عليه 6 ابريل #الداخلية_بلطجية,3,Egypt
936,نصيحة لأتباع مرسي ، كفوا عن النواح والهجوم على كل مخالف ،، كنتم سببا في تحويله لديكتاتور بتاييدكم الاعمي له ، فلا تزيدوا من ك,3,Iraq
937,#اذكر_افيهات_الثورة لقينا في خيم المعتصمين عند #الاتحادية #الإتحادية خمرة و مطهرات مهبلية :,0,Libya
938,"وين سارح؟ فاقد الإحساس واضح كنت ترسم ما كتبت وكانت عيونك ""مسارح"" كان يا ماكان،فيك الشوق فاضح #سري",0,Oman
939,البيان ذكر بالنص: اثق في اخلاق الاخوان برفض هذة التصرفات من بعض افرادهم,2,Yemen
940,"الورقة التي لم تسقط في فصل الخريف:(خائنة) في عيون أخواتها,(وفية) في عين الشجرة,(متمردة) في عيون الفصول,فالكل يرى الموقف من زاويته,فما رأيك?",0,Modern Standard Arabic
941,علمو ولادكم إن مفيش حاجه إسمها #تحرير_سيناء وإن بطل الحرب والسلام حمار وإن سيناء هترجع ف اللحظه اللى يقرر العرب فيه رجوع #فلس,3,Egypt
942,أولا: الموضوع مش فيه تفاصيل ثانيا: اللينك لا يعمل ثالثا: التعليق ع الصورة خاص بمقال مختلف تماماً الخلاصة: مفيش فايدة #22,3,Egypt
943,ظابط جيش يهين أهالي مدينة #الشيخ_زويد ويقول والله لنضربكم بالكيماوي زي #بشار الفيديو كارثة وإلي بيعملوه إجرام #سيناء,3,Egypt
944,4 شائعات الفاشيين وطيور الظلام وأصحاب المعايير المزدوجة من نشطاء وسياسيين وإعلاميين ورجال أعمال وموتورين في الخارج ستظل كاذبة,3,Modern Standard Arabic
945,كل الناس شيفنا حبايب إلا عنيكى وأنا من خوفى لتبعدى عنى بخبى عليكى #عمرو_دياب,0,Egypt
946,المؤامرة الحقيقية على مصر هي إعادة إنتاج الاستبداد بإجراءات متسارعة، الآن ينقل نائب عام عينه الرئيس مستشارا جليلا تعسفيا لرفضه احتجاز أبرياء,3,Modern Standard Arabic
947,إيه علاقة مرسي بنصر الإسلام ؟ وهو الإسلام مظلوم في مصر؟,0,Egypt
948,رمز الجد والسخرية,0,Libya
949,"دور الاعلام فى زمن مرسي كان اختلاق ازمات وهمية لذبحه, وتحول الى اخفاء كوارث وفضائح الانقلاب والتطوع لحلها",3,Sudan
950,_ع منطق حقير ولا يتبعه سوى الجبناء هذه نفس تقتل عارف يعني ايه؟ يمكن لو أخوك أو أمك كنت تفهم,3,Egypt
951,ماتدافعش عن الكذب وتقولي أنا مش إخوان مرضك ده ليه علاج على فكرة إنك تبطل تعيش في قطيع الجماعة وتشغل مخك شوية,3,Egypt
952,بلال فضل ومصطفي النجار عن فاشية التعذيب في سجون وأقسام الشرطة بعد الانقلاب يكشف ان مصر ترتد لعصور العبودية، فظائع لا توصف,3,Sudan
953,#محمود_سعد اعلامي قذر بعد اذاعة فيديو خيانة #حمدين قال لم اسمعه جيدا ولم يعلق عليه لانه ليس اعلامي بل افاق ومنافق حقير 4,3,Yemen
954,كل يوم يزداد ايماني ان ربي حبيبي معي يارب لك الحمد جميع الامور ميسره بكل حب,2,Saudi Arabia
955,إشاعة الأمل أبرك من الهري ونشر المعرفة خير من الإنسياق وراء قنابل دخان الإعلامولن يضيع الله دماء الشهداء إذا ظللنا نتمثل سيرهم وأحلامهم,0,Yemen
956,في #يوم_المرأة_العالمي نتذكر ليلى خالد ، فلسطينية مناضلة ضد الإحتلال الإسرائيلي وأول إمرأة تقوم بخطف أكثر من طائرة,2,Modern Standard Arabic
957,تواجدي خارج المملكة منعني مشاركتهم في تجهيز التيفو واعرف حجم التعب وا رهاق اللي يعانوه حالياً ويارب تضيع لهم تعب #الالتراس,0,Saudi Arabia
958,الى من يعتبر الاخوان سلميين شاهد الان ضحايا اعتداءات الاخوان الوحشية على الابرياء في بين السرايات مع الاستاذ وائل الابراشي اخوان مجرمون,3,Saudi Arabia
959,كفاية عندك التايملاين ولو لسه مش فاهم يبقى مش مشكلتي حتى الآن كل الردود اللي بتحاول اما سخافة او قلة أدب او محاولة من واحد مش فاهم لغة,3,Egypt
960,اتوقع ان وجود التذاكر في ايدي بعض #الاتحادية وعرضها بسعر خيالي هو احدى الحلول الممكنة لسداد ديونهم ! #مؤلمة #الاهلي_الشباب,0,Jordan
961,أنا ارشح قيادات وشرعيي #جبهة_النصرة لنيل جائزة #أوسكار في التأليف المسرحي وكتابة القصة الخيالية القصيرة #ريتويت إذا كنت مؤيداً,2,Oman
962,التيار الشعبي وجبهة الانقاذ اكتشفا أخيرا أنهما بلا قيمة فى زمن الانقلاب بعد اعلان قانون التظاهر الجديد,3,Egypt
963,لا للمحاكمات العسكرية,3,Saudi Arabia
964,فى لفتة جميلة من د عبد المنعم ابو الفتوح قام بالأمس بزيارة مفاجئه للمتطوعين فى مقر الحملة بشارع رمسيس,2,Egypt
965,#اخطر_انواع_النساء الخارجيات الحروريات اللاتي تجردن من الخُلق والإنسانية والأنوثة,3,Iraq
966,سأبقى أحبك ولن أندم ويبقى حبك في قلبي والله أعلم,2,Modern Standard Arabic
967,كتب احد السوريين الجيش امتص دمنا اربعين عاما ثم قتلنا نحن فى مصر عانينا نفس المأساة ولكن لستين عاما,3,Sudan
968,الحد الأدنى والحد الأقصى #فسسسسسس,3,Syria
969,شفت فيديو موتني من الضحك في قناة الحافظ المذيع بيقول بلال فضل كاتب القافلة تبكي والخرفان تسيرواخد بالك قصده إيه فالشيخ رد يقصد الإخوان طبعا,0,Egypt
970,من المؤسف ان يتراجع الرئيس عن وعوده لقد وعد الرئيس مرسي المصريين بإصلاح تشكيل لجنة الدستور وهاهو يتراجع عن وعده وينقض العهد شيء معيب,3,Modern Standard Arabic
971,تخبط غير عادي في هذه الحكومة ومن الرئاسة زيادة وإلغاء ضرائب في نفس اليوم يثبت انه ليس لديهما ادنى خطة او رؤية او نضج,3,Saudi Arabia
972,"دي الصفحة الاولى السطر الاول تحت الصورة	
محاسب كرداسة - #الجيزة	
نحن ندعو لاستمرار المليونيات في كافة ميادين مصر، وفي القلب منها ميدان التحرير كأكبر ضمانة لتحقيق مطالب الثورة	
عادي أشوف بنت حاطه بس مو عادي أشوف صبي حاط #استرجل #بطيت_جبدي #جربت_العقال	
1 ده حلم قديم يبدو أنه اقترب تحققه بإذن اللهكان عندي مشروع مسرحية من كام سنة مع الفنانة سهير البابلي بس مااكتملش للأسفيامسهل	
#برشلونة_فياريال يا كل الحب لو طال الزمان اقوللك مشكوور #ميسي	
يعني ناس قعدت تنكر تعرية ست البنات وبعدين قعدت تبرره مستني منهم فجأة ينتفضوا لكرامة الإنسانللأسف كلنا هندفع تمن غياب العدل في هذا البلد	
1 #ضياء_رشوان هو واحد من أسوأ من تولى #نقابة_الصحفيين تآمر مبكرا مع #العسكر ومهد لهم الأجواء الإعلامية ل #الإنقلاب وشارك في قتل 	
أهم حاجة لازم تتعرف هي مين سلح كل الناس دي	
لمشاهدة الحلقة الحادية عشر من برنامج #قصة_الأندلس:	
الف مبرررروك للعالمي ولجماهيرهـ #النصر_الهلال	
في مصر 94 قتيلاً على الطرق في أول 10 أيام من 2011 ولا حد بيعمل حاجة	
اليوم #مدحت_الخولى فى الساقية فى #حفل يذهب ايراده لمصابين و شهداء 25 #يناير 7:30 م #	
أعداد اليوم بمثابة الضربة القاضية لأي خالتي شرعية	
#صباح_الخير #حب #عدستي #عرب_فوتو #فولو #ابوظبي #اماراتي #الناس_الرايئة #دبي #لايك #غرد_بصوره	
#السيسى_هايصالح أحمد عز وزينة وهاياخد العيال يربيهم علشان يتفرغوا لخلفة عيال تانية #الجيش_قتل_رضا #حاميها_حراميها #الداخلية_بلطجية #المشيرة	
#اعتراف #لا_تتكلم_عن_الرجولة_وانت	
غدا ستقرأون في المعصرة مواصلة مني للحديث عن موضوع الأندلس وإشارة إلى مقال قديم لعمنا محمود السعدني عن الإستثمار السياسي للأندلس	
3 فكرتني بمقالة كنت كتبتها زمان في تحليل غنوة أشياؤه الصغرى تعذبها هابقى أعيد نشرها في المعصرة عشان الأجيال الجديدةتصبح على خير	
الليلة مع #يوسف_الحسيني لعصام القوصي،مأمور سجن وادي النطرون،يفجر مفاجأة من العيار الثقيل #السادة_المحترمون، الساعة11مساءً # 	
# اليوم د عبد المنعم أبو الفتوح ضيف الاعلامي / محمود سعد في برنامج ( في الميدان) بقناة	
2050 البرادعي مواقفه انضف بكثير من بتوع أكبر قيادي إخواني أو سلفي ده تاريخ ومش هتعرفوا تغيروه الراجل ما بيريلش ع الكرسي	
الله ينور عليك يا دكتور عبد المنعم ابو الفتوح، الهي ما تنضام ابدا انا من عندياتي باحبك #3",2,Egypt
973,غضب ربنا هينزل علي ابراج السعودين قريب #اسيوط ومحدش يسالني ليه الحق امشي انا بقي,0,Egypt
974,كن شريفاً امينا ً لا لأن الناس يستحقون الشرف والأمانة بل لأنك انت لا تستحق الضعة والخيانة #عباس العقاد,0,Modern Standard Arabic
975,لابد من التوجيه التحيه الى حزب البناء و التنميه ( الجماعه الاسلاميه ) الذى تنازل عن نصيبه فى التاسيسيه من اجل احداث ال,2,Libya
976,الضيوف على القنوات التونسية الرسمية انفك لسانهم فجأة نفسي أصدق أنها مش عملية تنفيس محترفة # #,0,Jordan
977,بيعتوا حريتكم عشان تعيشوا وتاكلوا بس حتى دي استخسروها فيكوا :)) #غلاء_الغاز ومن بعده #البنزين ومش هتقدروا تفتحوا بئكوا,3,Egypt
978,المشكلة هي في أنصار الجدل العقيم، المشكلة هي في أحزاب وتيارات تريد دستورا رجعيا بنتقص من الحقوق والحريات باسم خطر متوهم هو مخالفة الشريعة,3,Egypt
979,شكرًا يا دكتوره هبه,2,Libya
980,#البيض_يتمثل_فى الي يعمل فولو و لما اعمل الباك يعمل انفولو,3,Egypt
981,#فيفي_عبده_الام_المثالية اصلا صارت كلمة مثاليه الحين سبه عجبكم كذا طيب امشي يابن المثاليه ههههههههههههههههه زمن حسبي لله على رجاله,3,Yemen
982,قبائل على بالمنطقة الغربية ممتدة لداخل العمق الليبى ومتعاطفين مع الاسلاميين ولم يايدوا #مبارك او #العسكر بعد #ثورة_يناير ويمكن ان يلعبوا دور,0,Egypt
983,ألف مبروك,2,Palestine
984,حين نناقش قرار للحكومة نتحيز له بحجة :بلاد بره كلها بتنام بدري،تيجي لاطلاق حرية العقيدة: احنا مالنا ببلاد برة؟,0,Egypt
985,واحد بيطبل بقاله 3 سنين وفي الأخر مش عايزينه يبقى في حملة #السيسي؟ الراجل إجتهد و صوابعه ورمت،،عن #حازم_عبد_العظيم أتحدث !!,3,Egypt
986,3 الحتة بتاعة تستبيح خداعي دي دايما باشوف فيها صورة واحدة بشراب شبيكة وسيجارة بمبسم وميك آب تقيل وغمازة عيرة وإنت فاهم بقى,0,Egypt
987,#انتخبوا_العرص #ابن_اليهودية #الام_المثالية #الانقلاب_حلاوة_روح #انتخبوا_العرص,3,Egypt
988,#مرسى_رئيسى #مرسي_رئيسي #انتخبوا_البرص #انتخبوا_العرص آمال,0,Egypt
989,الناس اللي بتحب باسم يوسف ينفع اللي عمله معايا ده؟,0,Egypt
990,قاربت السنه علي ابشع مجزرة في التاريخ الانساني #فض_اعتصام_رابعة و العين مليئة بالحسرة و يمزجها الامل و الصبر علي,3,Libya
991,الدكتور حازم الببلاوى طلع اخوان--------------هههههههههههههههه #الببلاوي: اعتبار الإخوان جماعة إرهابية كان قرارا,0,Egypt
992,اتمني يكون صباحك كله تفكير وعمل من اجل نادينا العظيم #الزمالك_الافريقي,2,Egypt
993,#أفضل عشرة #أطباء في العالم هم: 1- القران الكريم 2- كثرة شرب الماء 3- النوم الكافي ليلاً 4 الهواء الطلق النقي 5-,2,Oman
994,"وقفة تأمل لمجزرة ""الاتحادية"" ادانة واضحة ل",3,Iraq
995,يعني بدل أن تعتذر عن توصيفك تزيد الطين بلة بتشويه ناس دخلوا السجون أيام كنت مشغولا في بيزنس حوار الأديان,3,Sudan
996,مقال النقاب على موقع الشروق وفي كتابي مصر على دكة الاحتياطي ليس هذا موضوعنا الان اردت فقط ان ابين كيف يسلك الفاشيون عندما تختلف معهم,0,Saudi Arabia
997,"المعنى الحقيقي للوطنية المعنى الحقيقي للضحكة الصافية #باسم""",2,Iraq
998,#30 يا أخي أي منصب؟ رفضت المناصب اللي عرضت عليا وقولت اني بقوم بدوري ومش محتاج مناصب، أرحمونا يرحمكم الله، اختلفوا بنزاهة,0,Egypt
999,"#أردوغان معادي للإسلام يقود ""دولة فاجرة وفاسقة""",3,Modern Standard Arabic
1000,انا اللي غلطان يا سيدي، كنت عايز اقف جنبك,0,Egypt
1001,3 القضاء المصري أتى بمرسي رئيس ما تقوله يعني أن نتيجة إنتخابات الرئاسة باطل القضاء سلطة دولة وهكذا مرسي هو الدولة مرفوض,3,Libya
1002,"اليوم السابع تقول : أبو العلا ماضى : ""صباحى والكتاتنى اجتمعا سريا بوساطة عربية "" هذا المانشيت كذب كذب كذب",3,Egypt
1003,"بعض خريجي #الأزهر ""يخرفون"" في خطبة الجمعة #أخبار #مصر",3,Oman
1004,#البنزين بيغلى و #الشعب هيوسع احا يا حكومه,3,Egypt
1005,#تفه_واحده_مش_كفايه لمجتمع متحرش !!,3,Egypt
1006,عندما يكون المتهم بطلا ويكون الحاكم والسجان جبناء مرسي رئيسنا الشرعى والانقلاب ساقط لا محالة,0,Egypt
1007,شوف العقول المفكرة لما تتحاور مع بعضهاده إيه الحلاوة دي كلها؟,2,Egypt
1008,#وانا_صغير_كنت دايم أسوي زي كذا,2,Saudi Arabia
1009,نهضة الغرور والأنانية يدعمها النفاق,3,Tunisia
1010,موقع #اتحاد مكتبات #الجامعات المصريةحاجة مبهرة وخدمة عظيمة للباحثين واضافة رائعة للمحتوي العربي علي الانترنت,2,Sudan
1011,إحنا شعب و إنتوا شعب_علي الحجار في رأيي هذا هو أحقر و أحط عمل فني في تاريخ مصر و حسب,3,Yemen
1012,"صحيفة الفجر/ بيان رسمى""#وايت_نايتس"" تهاجم ""#مرتضى"" : جعلت #الزمالك عزبة لفساد - عبر تطبيق نبض",3,Egypt
1013,ملاحظة غريبة عندما نطالب بشفافية التمويل فان انصار مرشحين محددين يثورون ويكيلون الشتائم يكاد المريب ان يقول خذوني,3,Oman
1014,مخاوف المسلمين من الاخوان لا تقل عن مخاوف الأقباط ولولا تواطؤ الاخوان مع العسكري لما وصلنا الى هذه الورطة الطائفية قضت عليها الثورة نهائيا,3,Saudi Arabia
1015,الناصبي مرسي ف اخر ليلة له استخدم مفردة #الشرعية عشرات المرات لأن عقدة الشرعية عنده وصلت حدها وهذا عقدة نقصه شرعية قيادة البحارنة من زمان,3,Saudi Arabia
1016,#السيسي يحارب رابعة السيسي يحارب سيناء السيسي يحارب دلجا هو الراجل ده تخصص حرب مع مصريين بس ولا إيه ؟!,3,Egypt
1017,على الاخوان انهم يعرفوا ان الشعب بعد شويه هو اللى هيتعامل معهم بالتى هى لو استمروا فى نهجهم الإرهابي و المتطرف,3,Egypt
1018,#خليك_متحضر #معا_نحو_التحضر,2,Modern Standard Arabic
1019,مفيش #باسم :(,3,Egypt
1020,هو كل كلب ولا كلبة يمسك منصب فاكر أنه ممكن يتحكم في تاريخ البلد دي على أشكالكم الضالة #مبارك #أكتوبر #سيناء #نصر,3,Egypt
1021,#الحقيقة_مباشر_مصر|#انقلاب_3يوليو اهالى عزبة النخل يفضحون السيسى: حملته قالت لنا اعملوا توكيلات للسيسى وهنديكم,3,Egypt
1022,لقد قدم قضاة مصر وقواتها المسلحة أرفع المثل في البذل والتفاني من أجل انجاح العملية الانتخابية وتأمين ارادة الشعب ولن تنسي مصر لهم ذلك,2,Modern Standard Arabic
1023,المدرس عبد الغفار محمد ابلغ الشرطة عن طالبة تكتب على الحائط يسقط حكم العسكر فقبضوا عليها رجالة اخر زمن,3,Saudi Arabia
1024,بقى الخولات #محمد_عادل و #احمد_ماهر بتوع #نشطاء_السبوبة #حمدين_صباحي عايز يطلعهم كده عادي ونكرمهم كمان! #احا,3,Egypt
1025,"#صباحي: #عدلي_منصور أصدر قانون ""التحصين"" لخدمة الفساد| أي كلام وتشكيك المهم يوصل للكرسي",3,Egypt
1026,رجُولتكَ وهَبتني أُنوثّه مُختَلفَه ، مَ اَجمَلني بِكَ ! #صباحي,2,Libya
1027,#خلق_جميل غض البصر,2,Iraq
1028,من تونس #سوريا_فى_القلب,2,Egypt
1029,أبرز نشاط للانقلاب تطهير مصر من العلماء والاحرار والشرفاء والموهوبين والمتفوقين فى الجامعات والمدارس,3,Egypt
1030,الإخوان انتقلوا في ظرف نص ساعة من تكذيب خطاب البنك المركزي لأن النهارده السبت إجازة البنوك إلى تحليله لإثبات انه بيأيد كلام مرسيألا تنبهرون,0,Egypt
1031,السذج صدقوا هجوم الاعلام على باسم يوسف اذكرهم بهجوم عماد اديب ولميس وخيرى وتهديدهم بمقاضاته بعد اول حلقة المرة,3,Egypt
1032,كلمة مرسي الموفقة في طهران حيتم توظيفها جيداً في الداخل بصراحة ما أقدرش ألوم الإخوان على استغلال مكاسب سياسية خارجية لخد,0,Egypt
1033,طبعا لو كانت نفس المجلة قالت كلمتين حلوين عن مرسي كان زمان الإخوان مشيرينها في كل حتة وتكبييردلوقتي هيقولك مجلة صهيونية عفنة,0,Egypt
1034,الاشتراك في الاستفتاء البائس اعتراف بشرعيته كل ما فعله مرسي باطل وغير شرعي ولا استبعد على الاخوان تزوير النتائج أنا مع المقاطعة الشاملة,3,Libya
1035,على نفس الأساس دولة البطش وحقارة المواطن دولة اللعنة على الحقوق,3,Tunisia
1036,#توقف_الواتساب,3,Yemen
1037,يعلم #الأقصى أن يوماً سيأتيه رجال يحبُون الشهادة كما يحب المُـتخاذلون الحياة ! #فلسطين,0,Modern Standard Arabic
1038,"اللي متصور إن حل مشكلة الصحافة الحكومية بإنك تجيب حتى ملايكة رؤساء تحرير يبقى غلطانوالدليل كتاب صباح حمامو: يوميات ""صوحفية"" في الأهرام",3,Egypt
1039,الإبتسامه لم تفارقها حتى بعد موتها اللهم تقبلها من الشهداء أسماء صقر,2,Oman
1040,إخلع أي ملابس حمراء ترتديها، جنود الموت حولك لن يرحموك، كما لم تمنعهم براءة أنس وطفولته من قتله ٥ #مذبحة_بورسعيد,3,Modern Standard Arabic
1041,ستظل اسرائيل دائماً العدو الاول لامتنا ولكن بسبب جرائمها وليس دينها ولو كانت اسرائيل دولة بوذية وارتكبت هذه الجرائم لما تغيرت عداوتنا لها,3,Oman
1042,_ مافيش مقارنة في السعر بس معلوماتي إن نسخة الهلال محذوف منها أجزاء أرجو إنك تتأكد من دهطبعا أسعار الهلال أرخص لأنها دار حكومية,0,Egypt
1043,حتى الاراجوز مالوش مكان فى اعلام العار مطلوب قطيع يكرر ما يسمع ويتملي,3,Egypt
1044,الاعلام لا مظاهرات صور القنوات مصر خالية وهادئة الطرطور مصر تدفع ثمنا باهظا بسبب المظاهرات مين الكذاب كلهم,3,Saudi Arabia
1045,", جيرارد ماذا فعلت !!!!!! هل تهدم ما فعله #ليفربول لو جآت من غيرگ ترا كآن هآنت أما تجي منگ يآآآهي قو",0,Oman
1046,اللغة تراث,2,Iraq
1047,ما بتحييش العلمطب ريح تكتب الدستور ليه إنتو بتشتغلونا بقى!! #السادة_المحترمون,0,Egypt
1048,اذا كانت رسالة البرنامج الوحيدة هي كشف التجارة بالدين و كشف قنوات الفتنة فده يكفينا، تاني، يتحرق البرنامج المهم البلد,0,Algeria
1049,اتمنى ان يحقق الرئيس مرسي وعده بإعادة تشكيل اللجنة التأسيسية حتى يجنب مصر صراعات ستدفع ثمنها غاليا لابد من تطهيرالدولة من الفاسدين والفلول,0,Saudi Arabia
1050,#محمود_سعد ( بحب الراقصات وهم فوق رأسي )حوده اصلا صبى عالمه ومابيزعلش و لا بينكر كده خالص حوده متصالح مع نفسه تماما,0,Egypt
1051,#نجيب_ساويرس يتحكم ف النادي الاهلي! احمد سعيد رئيس حزب #ساويرس اصبح نائب رئيس #الاهلي بدل من محمد عبد الوهاب صاحب التاريخ الكبير!,3,Egypt
1052,_ ومش بعيد خالص تكون الشئون المعنوية هي اللي باعتاه من الأساس وهم بغبائهم المعتاد وقعوا في المصيدة دون تردد هيموتوا بغبائهم!,3,Egypt
1053,في حالة تشاور مستمر حول الخطوة القادمة من اجل توافق وطنى على حكومة الانقاذ مع السيد حمدين صباحي ود البرادعي #,0,Sudan
1054,أفَلا أكون عبدًا شكورًا قالها صلى الله عليه وسلم ليخبرنا بأن بالشكر تدوم النعم ويجد الإنسان سعادته الحقيقية #الشكر,2,Modern Standard Arabic
1055,#حمدين لقى #30_يونيو كلها مع #السيسى قالك سيبك منها وخليك مع #25_ينايرالله يكسفك واطى و أهبل,3,Egypt
1056,استهداف مقرات الاخوان ثم التيار الشعبي ثم الوفد هي خطة محكمة لاخلاء هذه الشقق و تأجيرها مفروش,0,Saudi Arabia
1057,مشاهد مذابح 6 اكتوبر دارت حول العالم وأى أكاذيب او تمثيليات للانقلاب لن يصدقها العالم,3,Egypt
1058,أوراق الانقلاب 1 الوقت ويأس الثوار 2 دعم الخليج 3 اسرائيل 4 القتل 5 الاعتقال 6 كذب الاعلام 7 فقهاء الشيطان,3,Iraq
1059,ما ان اذكر المرشد او شفيق او مبارك بنقد حتى تنفتح صفائح القمامة وتنهمر شتائم مقذعة هل يوجد تشابه في طريقة التفكير بين الاخوان والفلول,3,Saudi Arabia
1060,"لوانطلاقا من الموارد اللا محدوده و العزم والإصرارآري انه لو اهتم المجلس العسكري ب""الزبالة"" اهتمامه بال""سفاره"" لتطهرت البلاد يتبع",0,Yemen
1061,ماذا بعد انا شاهد الجميع الإخوان وهم يحاولون حرق #مصر و مذابح ضد المدنين العزل والجنود والضباط هل هناك من لازال يتحدث عن مبادارات و صلح؟!,3,Oman
1062,استقلال الأزهر ضمانة وطنية نحرص عليها ونرفض الهجمة الشرسة ضد شيخه لتقويض استقلاله وننتظر تحقيقا نزيها لمعرفة من سمم أبنائنا في جامعة الأزهر,0,Modern Standard Arabic
1063,تحية للراحل العظيم السيد محمد حسين فضل الله العلامة المقاوم المحاور المتسامح المجتهدالمجدالمجدداللبنانى الفلسطينى العربى الاسلامى الانسان,2,Egypt
1064,3 عجز الحكومة المصرية المتواصل عن التعامل بفاعلية مع الأزمة وإخفاقها في إدارة ملف المفاوضات مع الصندوق بشفافية,3,Modern Standard Arabic
1065,"الفراشة رغم جمالها فهي ""حشرة "" والصبار رغم قسوته فهو ""زهرة"" لا تحكم علي الناس من أشكالهم بل أحكم عليهم بما تحتويه قلوبهم",0,Modern Standard Arabic
1066,برلمان مشكوك في شرعيته سينتخب لجنة نصفها منه أي غير محايدة لوضع دستور لمصر وليس للأغلبية الدستور مصدر السلطات وليس العكس المتاهة مستمرة,3,Modern Standard Arabic
1067,ابو الفتوح علي التحرير الان حوار قوي جدا #,2,Libya
1068,#الحياة_جميلة عندما تستخدم أدوات #السعادة بها #الأمل و#الفأل_الحسن و #الإيجابية و #الإيمان بقضاء الله وقدره خيره وشره,2,Modern Standard Arabic
1069,شاهد - الإخوان: حل البرلمان انقلاب على المسيرة الديموقراطية 16,3,Sudan
1070,سي بي سي:جنايات #شبرا_الخيمة تقضي بمعاقبة سارقي سيارة القيادي الإخواني #محمد_البلتاجي بالسجن 10سنوات مع الشغل شايفه التعريص وساخه,3,Egypt
1071,القنوات الدينية و القاهرة اليوم اتقفلوا وقت مبارك بالقانون برضة بنعيد نفس الغلط حول الشخص للتحقيق بس تقفل قناة ده غلط,3,Egypt
1072,#خلق_جميل إنك تحسن معاملت من اساء اليك,2,Iraq
1073,أنعي إلى كل مصري وكل عربي المناضل زكريا محي الدين الثائر ورجل الدولة من حجز مكانه في أنصع صفحات تاريخنا المعاصر، رحمه الله وألهمنا الصبر,2,Modern Standard Arabic
1074,الانتخابات ألأخيره كانت بين اختياريين كلاهما مر !,3,Yemen
1075,أنا سعيد جداً بما أنجزه شباب أكاديمية الداعية المعاصر في سيناء في يومهم الأول، فقد التف حولهم أهل سيناء الذين,2,Modern Standard Arabic
1076,اعتقال الفتيات دون 20 عاما لرفضهن الانقلاب ثم اجراء اختبارات حمل لبعضهن تصرفان تعكس وضاعة الانقلاب وخسة من ينفذونها,3,Oman
1077,في ناس غاويا كدب وكمان بتخاف فيديو متفبرك تماما مندوبتنا في ليسيه الحرية مادخلتش اللجنة أصلا بس حركات مفضوحة,3,Egypt
1078,الفكرة رائعة وكلما تعملوا ترتيبات ليها إبعت لي منشن عشان أنشرها وبرجاء عمل قسم خاص لحملة الإرباع المخرومة اللي تستحقها الإدارة,2,Egypt
1079,#فودافون العباطه بين ايديك,3,Yemen
1080,متى سيدرك الانقلابيون أن العالم لا يرى نظام #السيسي كما يراه عادل إمام وإلهام شاهين؟ ياشرفاء #مصر أنقذوا مصر تمتلكون المفاتيح كلها فانهضوا,0,Modern Standard Arabic
1081,أخر خاطر قبل النوم: اكبر جريمة في حق الثورة وحق مصر هو ان نحرم انفسنا من الفرصة الحقيقية التي دفع شهداء الثورة بأرواحهم من اجلهاو مازالوا,3,Saudi Arabia
1082,يا مرسي يا خاين يا عميل، عيالك الأمريكان قتلوه,3,Egypt
1083,وبحبك يا #زمالك,2,Lebanon
1084,كلمتين كدا يا و د ا حبه #تمرد الشغل فيها كان نصيف و بأمانهلكن بعد #30_6 بقت معرصهف ما حدش م #ا خوان يشكك ف التوقيعات #نقطه,3,Egypt
1085,قلت للرئيس هناك حملة على حرية التعبير وبدأتم في اغلاق القنوات ومصادرة الصحف بدون سند قانوني معنى ذلك ان كل من يهاجم الاخوان سيتم إغلاقه,3,Oman
1086,اشتموا و قلوا أدبكم كمان وكمان خلينا نتعرف على اخلاق الاخوان #الاخوان_جماعة_ارهابية #الاخوان_قتلوا_مارى_ومياده #الاخوان,3,Yemen
1087,الغشيم فعلا يا هيموتك يا هيزنقك تموته أخطر خصم في الحقيقة,3,Egypt
1088,في مصر 8500 قتيل على الطرق في 2010 ولا حد بيعمل حاجة,3,Egypt
1089,إلى كل مَن يعتقد أن الثورة المصرية قد انحسرت أو انتهت، إلى كل مَن يحلو له ترديد أن الثورة لم تغيّر الناس,0,Oman
1090,محمد شردى لم يهزه السباب الذى وجهه عمرو اديب لمرسي والاخوان ولم يهزه حجم التحريض لقتل الالاف فى رابعة ومزعله انى قلت الانقلاب مش نحس,0,Egypt
1091,"هدم واحراق المساجد والمنازل وحشية لم يفعلها الاحتلال الغاشم, الانقلاب تحول الى ابشع احتلال لمصر وشعبها",3,Modern Standard Arabic
1092,احاول ان اتعاطف مع من رماني بالخيانة والكفر واستخدم الدين لتحريض الناس علي وعرض اسرتي للخطر و شكك الناس في ديني طب ازاي؟,3,Saudi Arabia
1093,ما هو حجم المأساة التى ستحرك الشعور بالمسؤولية والإحساس الانسانى لدى من هم في السلطة ليظهر أحدهم ويخاطب الشعب بشجاعة ومصداقية ؟,0,Modern Standard Arabic
1094,كيف يمكن الغاء الاعلان الدستوري مع الإبقاء على مضمونه وعلى الاثار المترتبة عليه والإبقاء على الاستفتاء في موعده لماذا لايحترم مرسي ذكاءنا,3,Modern Standard Arabic
1095,مااحلى شعارك ومدافعك ياقنرررزز #ارسنال,2,Yemen
1096,ي قلب لا تعشق مليحاً واحدا ، تحتار فيه تدللاً و تذللاً واهوى الملاح جميعهم تلقاهم إن صد هذا كان ذلك مقبلاً *~ #بالعربي اقلب فندق ههههه,0,Yemen
1097,#عن رجولتك وانت بتهزء واحد بيعاكس بنت حتى لو متعرفهاش,2,Egypt
1098,رحم الله الأستاذ سلامة أحمد سلامة، قلم الضمير والإنسانية والتسامح وحب المساواة تعلمت من كتاباته ومنه الكثير ستفتقده مصر في لحظة صعبة,2,Modern Standard Arabic
1099,الشعب انقسم بعد الانقلاب الى جزءين أقلية من الاغنياء مع الاغبياء مع الانقلاب أغلبية من الشرفاء والفقراء لن تهدأ الا باسقاطه,0,Yemen
1100,صدق من قال لاتستطيع شراء الاخوان لانهم قوم لاسعر لهم لايبيعون آخرتهم بدنياهم لايرضون بغيررضى الله بديلا لله درهم وطوبى لهم #انصاف_الاخوان,2,Yemen
1101,رفض الطعون ضد شفيق يدل على انهم سيدفعون به للرئاسة بالتزوير لا يجب ان تستدرج الثورة لمعركة معروفة نتيجتها سلفا لابد من عزل شفيق ومحاكمته,3,Modern Standard Arabic
1102,#فودافون رايحة بينا علي مصنع الكراسي ودة قمة الاستهبال العلمي,3,Egypt
1103,رباعى الانقلاب فوده وربيع والعزباوى وعطيه ضيوف قناة الجزيرة مباشر اتمسح بهم الارض بكل دولار حطوه فى جيوبهم,3,Egypt
1104,لسه يا كلب لسانك طالع لسه بتخطف م الشوارع #طلعت_حرب,3,Egypt
1105,الإخوان يكتبوا بالانجليزي عشان يستقووا بالخارج مافيهاش مشكلة لكن لو انت عملت كده تبقى عميل,3,Egypt
1106,#اعرفوهم #انقلاب_مصر #يسقط_حكم_العسكر #الداخلية_بلطجية #الحرية لمعاذ إبراهيم محمد حسين 18سنة طالب #القاهرة عين شمس,3,Egypt
1107,#توفيق_عكاشة بيقول على هيفا ولية ناشفة امال حياة الدرديري بتاعتك دي ايه ؟؟ يافلاح ميت الغرقا ياحماررر,3,Egypt
1108,كسرنا حاجز الخوف: دستور يجهض حقوقنا و حرياتنا هو دستور سنسقطه اليوم قبل الغد قوتنا في إرادتنا,3,Saudi Arabia
1109,ياجماعه أنا اقترحت يكون اسم البرنامج (اجمل رنوش بعمرنا ) اللي موافقني يعمل ريتويت #مولد_الاعلامية_الساحرة_رناسماحة #,2,Egypt
1110,اسألوا البرادعي عما فعله في العراق #باسم_طلع_حرامي,3,Egypt
1111,"سيسي لم يتلقي أى محاضرات أو تدريب على الكلام او الحوار مع الاعلام, هل يريد أن يكون رئيسا لمصر بهذا القدر من الفقر الفكرى والحوارى؟",3,Modern Standard Arabic
1112,هو توفيق عكاشة مش راح للعرص ليه ؟؟؟؟ #انتخبوا_العرص,3,Egypt
1113,بيان الجيش واضح ولا مجال للحديث عن انقلاب عسكري إلا من كذابي الإخوانمرسي استهان بشعبه وقرر أن يكون رئيسا لعشيرته فقط فأسقطه الشعب,3,Egypt
1114,خطورة تصويت الأمن لشفيق لو تأكد حدوثه انه سلاح سيتم استعماله في الإعادة ليأتي بالنتيجة المرجوة بدون تزوير في الصندوق واجبنا ان نتحقق فورا,3,Modern Standard Arabic
1115,فتنة المنيا تثبت أن هناك من يحاول العبث بوحدة هذا البلد المحمى بعناية الله ويقظة أبناءه،تحقيق فورى وعدالة ناجزة تطمئن الشعب لدولة القانون,0,Egypt
1116,#السيسي_رئيسي_2014 بعد التصريحات الاخيرة لحامدين صباحيي تاكدت انه ليس كائن بشري عادى هو كائن فضائى وسيعودلهيئتة الفضائية يوما ما,0,Egypt
1117,في حد إبن حلال عمل الفيديوهين بتوع ناسا جنب بعض عشان يبطلوا مغالطة ويقولوا ده نفى في فيديو تانيإتفضلوا الفيديو أهوه,0,Egypt
1118,لك ـ ـ # _,0,Libya
1119,- #المصيبه اللي تقربك من #ربنا احسن من #النعمه اللي تنسيك #فضله,0,Egypt
1120,والعسكر سيطر ظلم اتجبر للشر حضر ع الحدود زي الفراخ وع الحريم يتشطر #عسكر_كاذبون,3,Egypt
1121,#الشعب_يرد_تحية_الرئيس #انتخبوا_العرص #مصر_الليلة #إنصاف_الاخوان #يمهل_ولا_يهمل #مرسى_رئيسى #اشتون_قاتله,0,Yemen
1122,ان ينزل لواء من مكتبه ليقاتل العصابات الارهابية وسط جنوده فيستشهد دليل على شجاعته وتفانيه في حماية بلده رحم الله الشهيد اللواء نبيل فراج,2,Oman
1123,رحم الله جمال البنا أتاح مكتبته الضخمة في العباسية للشباب وحرص على مساعدتهمالمكتبة عنوانها 195 شارع الجيش بالقاهرة أتمنى أن تظل تعمل بعده,2,Saudi Arabia
1124,رُب دعاء خالص صادق ترفعه إلي السماء يجلب لك الخير و يأتي بفرج و يُزيل الهم يا رب,2,Algeria
1125,أسرار نشأة السيسي داخل حارة اليهود بالقاهرة #الجمهور |#السيسي #انتخبوا_العرص #السيسي_يهودي #مصر #انقلا,3,Egypt
1126,_ صعب :) ابعتي حاجة تانية وهريتويت إنما مثال الرأسمالية الفاشي ده مش معاه,3,Egypt
1127,لو اقدر اخليك جنبي ع طول ',2,Egypt
1128,الانقلاب يقتل السوريين في البحر قبل ان يدخل على الفلسطينيين من الجو المصريون ذاقوا كل الاصناف,3,Egypt
1129,يا مقرفين ده فيه محجبات بيتم التحرش بيهم دي لو لابسة درع حرب من العصور الوسطى حيتحرشوا بالخوذة العيب فيكم يا معفنين,3,Egypt
1130,قاومت وكنت الشوكة في حلق التنين أرهبت الدبابات العزل بالسكين ! #جنين,0,Sudan
1131,الفرق بين مليونية اليوم ومليونية غيرها ، إن المحلات كانت فاتحة وبتبيع وتكسب فى محيط رابعة العدوية ، بخلاف المحلات,0,Egypt
1132,تحية وتقدير لچورچ اسحاق ستبقى دائمًا رمزًا للشجاعة والوطنية وإنكار الذات الثورة مدينة لك بالكثير,2,Iraq
1133,_ أنا مش حارق دمى غير إن المدعو #عدلى_منصور مصدق نفسه إنه رئيس,3,Egypt
1134,ادعوا الى إتفاق القوى الإسلامية والليبرالية واليسارية على تداول السلطة في إطار الالتزام بمبادئ الشريعة الإسلامية كمصدر أساسي للتشريع,0,Algeria
1135,"بيونغ يانغ تشبه رئيسة #كوريا_الجنوبية بـ""عاهرة"" و #أوباما بـ""قوادها"" #كوريا_الشمالية #أمريكا #العالم",3,Algeria
1136,القافلة تسير و الكلاب تردح :),0,Algeria
1137,ناخد من الرسول عليه الصلاة والسلام قدوة لما كانوا بيشتموه كان هو كمان بيشتمهم تفتكروا؟ كان زماننا بوذيين,0,Egypt
1138,اما ان توافق الاخوان على قتل الناس وتعذيبهم وإحراق الكنائس وتخريب البلد واما ان يعتبروك شامتاالدم المصري كله يحزننا جداً لكن الاخوان مجرمون,3,Yemen
1139,إلي شريك شفيق في مشروعهما الرئاسي الفاشل: عيب عليكما تعاونكما مفضوحتزويركما فج,3,Modern Standard Arabic
1140,إنما المؤمنون إخوة علي شعار رابعة خلفية الزعيم #أردوغان في منظر ولا أروع #مرسي_رئيسي,2,Libya
1141,ما ان تكتب حملة تمرد حتى تنهمر عليك شتائم الاخوان أعصابهم متعبة من تدفق التوقيعات لسحب الثقة من مرسي سوف تهزمكم الثورة التى خنتموها,0,Modern Standard Arabic
1142,والله يانجم إنت الوحيد اللي لما بيغني لمصر بصدقه ربنا يحميك ومبروك # #عيد_تحرير_سي,2,Egypt
1143,"الدين الاخواني بتاعكوا مافيهوش "" لا يسخر قوم من قوم عسى ان يكونوا خيرا منهم"" احنا المسلمين عندنا كدة ف",0,Egypt
1144,حقارة صحيفة الفجر او الفجور علاء صادق يشترى منزلا فى الوكرة ويتخذ قطر وطنا عندما تكذب كما تتنفس,3,Egypt
1145,"أرفض بشدة مساءلة الناشطين السياسين امام محاكم عسكرية, وأؤكد على حقهم في التعبير عن أرائهم بحرية من كلمات د/",0,Modern Standard Arabic
1146,زاهر ده كنز من كنوز مصر علاء وجمال مبارك وراء نجاح دورة حوض النيل #,2,Egypt
1147,"#اللى_رافضين_السيسى_رئيس_بيعملوا_فولوا_لبعض #مرسي_رئيسي #انتخبوا_العرص #سيناء_خارج_التغطية #سأنتخب_السيسى """,0,Egypt
1148,'شباب الإخوان معانا' #باسم_طلع_حرامي #البرادعي_طلع_جاسوس,3,Egypt
1149,مصر دولة بنت ناس بس الزمن معاكس #المادة_لاولى,0,Egypt
1150,وبعدين هو في حد أفشل الرئيس غير كذبه وإخلافه للوعودكثير من اللي بتسميهم ثورة مضادة كانوا بيحترموه وبيتمنوا له النجاح قبل أن يستبد,3,Egypt
1151,وختاما سيكتشف شباب الإخوان قريبا أن دماءهم تستخدم كأوراق تفاوض لضمان مكاسب الجماعة المالية واستمرار بقاء قياداتها على كراسيهم الملطخة بالدم,0,Modern Standard Arabic
1152,١ كل قادة الانقلاب والحكومة والداخلية والاعلام الذين اتهموا الاخوان باستخدام الدين هم أكثر الناس استخداما له،,3,Oman
1153,سواق ميكروباص مؤدب,2,Yemen
1154,كيف تتشدق بهذا الدستور؟,0,Modern Standard Arabic
1155,جاوب يا #حمدين علي ال ده أ- #السيسي مجرم و سأحاكمه ب-#السيسي قائد عظيم و لن احاكمه ج-#حمدين عبيط و عمره ما,0,Egypt
1156,#حمدين_عاوز_يحاكم_السيسي دا مش كلام ياناس ده اتفاق حمضين مع الاخوان -مصيبه لو استبدلنا اهبل بعبيط #سأنتخب_السيسى_و_مش_هنزل_لمستواك,0,Egypt
1157,في فن من أرقي الفنون في العالم تعلمناه من حبيبنا المصطفي إنه فن تجميع القلوب تعالوا نتعرف علي الفن ده و,2,Egypt
1158,السياسة #الشرعية التي يعمل بها #السلفيون في بلاد #الحرمين مزورة ومكذوبة على #الاسلام وان صفق لها كبار #العلماء واتحدى في ذلك,3,Oman
1159,نتهم عصام العريان وحزب الحرية والعدالة بإحداث فتنة وقتل وإصابة مصريين,3,Modern Standard Arabic
1160,الجيل الحالي مثقف ومتفتح ويحسن فهم الناس #السادة_المحترمون,2,Iraq
1161,أنا بحب الرقاصات وهما فوق راسى؟! انت نجس اصلا يا #انتخبوا_العرص,3,Egypt
1162,ده الى جانب والدي الله يرحمه ووالدتي وأخين وأختي كل دول مهندسين أنا بس إختارت أكون البطة السودة,0,Egypt
1163,حلو لما تتحرق مقراتكم بقى حيبقى ده رد فعلك على التويبس اللي بيعارضوا العنف برضه؟,0,Egypt
1164,اليوم عيد ميلاد الدكتور البرادعي الثورة المصرية تمر بلحظة حرجة الثورة تنتظر منه ومنا الكثير كل سنة وانت طيب يا دكتور محمد الثورة مستمرة,0,Modern Standard Arabic
1165,مازالنا فى إنتظار الإعلان عن التحقيق مع الرؤوس الكبرى للنظام هل إقتصر الفساد على قيادات الصف الثانى؟!,0,Egypt
1166,#انتخبوا_البرص مشكلة,3,Egypt
1167,أهطل صفة مش شتيمة,0,Egypt
1168,لست ضد قانون التظاهر ولكني ضد تجريم التجمع السلمي #السادة_المحترمون,0,Modern Standard Arabic
1169,#اللى_رافضين_السيسى_رئيس_بيعملوا_فولوا_لبعض #مرسي_رئيسي #انتخبوا_العرص #سيناء_خارج_التغطية #سأنتخب_السيسى,0,Egypt
1170,عندما يستمر القضاء في التحقيق في بلاغات عبثية تهدف الي تشويه المعارضة وتنتهي بدون معاقبة مقدميها فنحن ننضم بإمتياز الي قائمة النظم البوليسية,3,Sudan
1171,اللعبة القديمة مجلس القضاء يرشح للرئيس بضعة اسماء والرئيس يرى اكثرهم طاعة ويقوم بتعيينه مرسي يحذو حذو مبارك وسيلقى مصيره دستوركم باطل,3,Tunisia
1172,الدولة البوليسية لن تعود,0,Modern Standard Arabic
1173,نقسم بالله العظيم على أن لا نعترف لحظة واحدة بالإنقلاب العسكري وأن لا نتوقف عن مقاومته و أن لا يهنئ أو يستقر حكم مصر للإنقلاب,0,Modern Standard Arabic
1174,تحيه لمن حفظ لمصر كرامتها الرئيس حسني مبارك و انور السادات ورجال القوات المسلحه الذين استشهدوا #تحرير_سيناء,2,Yemen
1175,في مصر توافق الناصريون والسعودية في موقفهما ضد الاخوانوفي سوريا الأول يدعم حليفه بشار والثاني يسعى لإطاحتهنفاق سياسي فج,0,Yemen
1176,ببساطة هذا الدستور بُني على باطل ولذلك فهو حتما سيقود إلى باطل مرسي كذب على المصريين من أجل تمرير هذا الدستور ولا يمكن أن يفلح من يكذب أبدا,3,Modern Standard Arabic
1177,مرسي مثل مبارك سيعين رؤساء الأجهزة الرقابية هل يستطيع رئيس جهاز رقابي عينه مرسي ان يعترض على ميزانية الرئاسة او تمويل الاخواندستوركم باطل,3,Oman
1178,نودع اليوم فقيد الصحافة المصرية صاحب الكلمة الحرة الأستاذ سلامة أحمد سلامة إلى مثواه الأخير وهذا أقل ما يمكن أن نقدمه لقلمه المحترم,2,Modern Standard Arabic
1179,"كيف يتصور الإخوان أن هتاف (مرسي وراه رجالة) سيكون مجديا مع شعب لديه خبرة سلبية مع أتوبيسات النقل العام الزحمة؟ ليس منا من لم ""يوقر"" رئيسنا",0,Modern Standard Arabic
1180,#الداخلية_بلطجية #جهلة_والقمع_حياتهم,3,Egypt
1181,من صكوك جمال مبارك إلى صكوك الإخوان، تعددت الصكوك والقفا واحد,3,Modern Standard Arabic
1182,صباح الخير و الفرح و الأمل و الجمال والحريةو السلام و نهاية كل الأحزان صباح مصر أم الدنيا,2,Algeria
1183,"الرئيس #الفلسطيني محمود #عباس : #الهولوكوست ""أبشع جريمة عرفتها البشرية في التاريخ الحديث"" فلسطيني يقول هذا الكلام ؟!",3,Oman
1184,# الفيلم دا كان لازم ياخد #الاوسكار بجد,2,Egypt
1185,الكائنات الفضائيه كانوا مفكرين واحد قلع شرابه بس أنا قلتلهم ان ده احتفال #شم_النسيم #منظم_رحلات_المريخ,0,Egypt
1186,(وإنما الأمم الأخلاق ما بقيت فـإن هُمُوُ ذهبــت أخـلاقهم ذهــبوا) #خلق_جميل #خلق_جميل,2,Modern Standard Arabic
1187,أطالب بالتحقيق مع الدكتور محمد مرسي بتهمة إهانة فكرة رئاسة الجمهورية,3,Egypt
1188,# #تحيا_مصر #إنزل_26و27مايو_وإنتخب_السيسى #تحيا_مصر #مصر_تنتخب_السيسى #سأنتخب_السيسي #تحيا_مصر,2,Egypt
1189,"صورة مرسى على المسجد الأقصى و أغنية السيسى على التلفزيون الإسرائيلى شتان الفارق""",0,Egypt
1190,عدد المدنيين الذين أحيلوا للقضاء العسكري يقترب من 12 الف مصري في ستة اشهر الرسالة هنا ان التظاهر السلمي قد يكلفك سنوات في السجن الحربي,3,Modern Standard Arabic
1191,تهنئة من القلب لكل مصرى ومصرية بإقرار حق المصريين فى الخارج فى التصويت كلنا مصريون,2,Egypt
1192,العالم سيشهد تجربة انتخابية بمصر لا مثيل لها وتربطنا مصالح مشتركة بإثيوبيا,2,Modern Standard Arabic
1193,و جدير بالذكر ان الدب الروسى بيشجع جماعات مسلحه #بوتين طلع داعم للإرهاب #اوكرانيه #مصر,3,Egypt
1194,لا ارى حل سوى حكومة انقاذ وطنى ذات صلاحيات مطلقة,0,Sudan
1195,النصاب يعلم تماما جريمته ويكملها معتمدا على غباء من ينصب عليهم هذا هو اعلام العار فى مصر يمارس جريمته معتمدا على غباء جمهوره,3,Egypt
1196,انتهاك حرمة المسجد الأقصي علي يد الصهاينة جريمة لن يغفرها التاريخ لكل الصامتين و السؤال عن الدور المصري أصبح مطروحا بقوة,3,Modern Standard Arabic
1197,7 اتكلم عن نفسك ولو الناس كلها مع القتل أنا يا سيدي ضده ولا يوجد أي مبرر ولا انت بتقيس قيمك على رواجها؟,0,Sudan
1198,بمناسبة عيد تحرير #سينا السيد الرئيس السادة صناع القرار يحرقكم الله اسقطوا #كامب_ديفيد,3,Tunisia
1199,#مصر كاريكاتير _ #انتخبوا_العرص,0,Egypt
1200,بين فسيفساء التكفير والتفكير مساحة ليست بالواسعة المنبسطة ولا هي ارض قحط وعرة #مصر #لبنان #تونس #الأردن #الإمارات #السعودية #العراق #فلسطين,0,Yemen
1201,اتهام الاخوان لكل من يخالفهم انهم فلول سيدفع الناس لان يكونوا فلول بالعندالثوار ارتكبوا هذه الغلطة من قبل,3,Yemen
1202,"قانون الثراء الحرام(الحلال)! حلال أن تسرق وحرام ألا ترجع (بعض) ما سرقت! ""إذا سرق فيهم الشريف تركوه""",0,Modern Standard Arabic
1203,في كل إعلاناتهم المدفوعة بملايين الدولارات في صحف اميركا واوروبا يركز الكذابون علي ان الاخوان حرقوا ٩٠كنيسه في,3,Libya
1204,": #عباس: #المحرقة أبشع جريمة"" في التاريخ الحديث "" ""مغازلة ما بعد المصالحة""",3,Iraq
1205,راسك برضو يا حوده #انتخبوا_العرص #فيفي_عبده,0,Egypt
1206,#اتجنن واكتب على غلاف ورقة الاجابه (اوعا تفتح الورقه ارجوكارجوك) واكتب فى الورقه الي بعدها ( برده فتحتها يا حيواااان ؟ ),0,Egypt
1207,2 شكرا أخى و كل الشكر للمملكة على الساندة إدام الله المحبة رمضان كريم,2,Egypt
1208,اللهجة التونسية فعلا من احلى اللهجات في العالم العربي ومش صعبة,2,Egypt
1209,نموذج على مدى عبث القائمين على أمور البلاد #اخوان #مرسي #مصر,3,Yemen
1210,تخيل احساس ظابط الشرطة الى عارف انه مستهدف في كل ثانية من اليوم وفي كل حركة بيعملها حتى لو بعيدة عن طبيعة عمله #الاخوان_جماعة_ارهابية,3,Egypt
1211,"مصر منغيرك ولا حاجة ! "" "" و أنا من غيرها و لا حاجة """,0,Egypt
1212,جالس يتغدا هو وزوجته يتطنزون على امه شوفوا اللي حصل #بر_الوالدين والله ياعيال من أفضل ما سمعت,2,Qatar
1213,روحي تحبك #عبدالمجيد,2,Iraq
1214,اللي حصل في الداخليه ايام 25 #يناير :) هيطلع و اوسخ من الاول هتعود هتعترض او تقف قدام الظابط هيتمسح بكرامتك,3,Egypt
1215,المشكلة ان خطاب الاخوان لو عدوا من تلاتين ستة هو هو الخطاب الفاشي اللي شغال دلوقتي من الليبراليين,3,Egypt
1216,شخص من كل اثنين ايدوا الانقلاب تراجع للخلف ولكنهم مقسمون لاربعة مستويات الضعيف يهاجم ببلاوى والغلاء المتوسط يهاجم,0,Sudan
1217,أتذكر البرلمان الإسلامي الذي طالب بقتل الذين يتهجمون على وزارة الداخلية كما تدين تدان,3,Modern Standard Arabic
1218,أيها الاخوان صفقتم والثوار يقتلون وسخرتم من بنات مصر عندما هتكت أعراضهن وضمنتهم خروجا آمنا لطنطاوي وعنان وعندما خلعكم الشعب هتفتم ضد العسكر,3,Modern Standard Arabic
1219,لم تقم الثورة وتستمر لمدة ثلاث سنوات وتضحي بالكثير من اجل نفوس متعصبة ومريضة تنشر الفتنة بين اطياف الشعب #الثورة #البحرين,3,Oman
1220,أنا ضد من يحاول الكذب في السياسة أو من يعتبرها فن الكذب و ليس فقط من جانب أخلاقي بل لأن هذا أثبت فشله لذلك أنا,3,Modern Standard Arabic
1221,استغرب من المحللين الذين يضخمون من الاعتداء على سفارة إسرائيل بدعوى أنه مخالف للقانون الدولي فهي جنحة مقابل جرائم إسرائي,3,Modern Standard Arabic
1222,_ الحمد لله في أسعد حالاتي إني شفت اليوم ده بيتحقق في أقل من سنة أنا كنت متخيل إنه هييجي بعد ماتمر كذا سنةربنا كريم,2,Egypt
1223,خطاب عاجل إلى وزير التعليم: مدرسة الشهيد أحمد كمال في طنطا مأساة التعامل مع أسر شهداء الثورة:,3,Modern Standard Arabic
1224,#ثوار #المرج #عزبة_النخل #المطرية #عين_شمس ما نبقاش رجالة لو ماطلعناش ال 5 سيدات من #قسم #المرج الليلة #مرسي #الاخوان #انتخبوا_العرص,3,Libya
1225,ورغم ان الكلام اصلا بينقص حاجة كل ما زاد ورغم انى جدع وتقيل وعمرى ما اقولها بالساهل #من_زمان_جدا #محمد_محسن,0,Egypt
1226,"لا يترك مناسبة الا و يرفع شعار #رابعة انه الاسد #أردوغان #مصر #تركيا """"",2,Saudi Arabia
1227,#هتحبك_لو احترمتها فى وجودها او غيابها ;),2,Egypt
1228,الميدان للجميع حقاً ولكن الآن فيه ناس معتصمة وإعلان مظاهرة مناهضة في نفس المكان موقف من الحكمة إجتنابه لأنه يذكرنا بمعركة الجمل,0,Sudan
1229,النجاح له أسرار لكنها معروفة و متكاملة حلمك، سعيك ، إتقانك ،إصرارك،تحدي الصعاب ،الإستعانة بالله مش كفاية انك تحلم قوم اتحرك وحقق حلمك,0,Egypt
1230,: نتهم عصام العريان وحزب الحرية والعدالة بإحداث فتنة وقتل وإصابة مصريين,3,Modern Standard Arabic
1231,الابتذال ملا الشوال! #شبرا #القاهرة #مصر #افريقيا #كوكب_الارض #مجرة_درب_التبانة | شبرا,3,Tunisia
1232,مقتل جنودنا فى رفح بيد إرهاب منظم لا دين له ولا خلق ولا انتماء للوطن فى سيناء والوادى الإرهاب واحد، ومصرالواحدة ستهزم الإرهاب,3,Egypt
1233,الدفع بمواطنين من اجل ملاحقة الصحفيين قضائيا بتهمة إهانة الرئيس طريقة قديمة طالما استعملها مبارك وانتهت به في سجن طره هل يتعظ الرئيس مرسي,0,Modern Standard Arabic
1234,د أبو الفتوح في العاشرة مساء : أنزعج الآن من الأداء الأمني و هناك تباطوء متعمد من الجهات الأمنية في عودة الأمن لمصر,3,Sudan
1235,1: #عبدالله_شعبك_يحبك #الملك اسأل من هو في ملكه مقيم ، وفي جلاله عظيم وعلى عباده رحيم ، وبكل شئ عليم ان يشفيك,2,Yemen
1236,اعلام العار خيرى وباسم ولميس ركزوا سخريتهم ان مرسي نحس انهارده الاتقلاب ما بيفوتش وكل يوم مصيبة اكبر من الى قبله,3,Egypt
1237,يسقط يسقط حكم العسكر #ثورة_25_يناير #باسم_رئيسا_لمصر #انتخبوا_العرص,0,Egypt
1238,يا أستاذة تيريزا خلافي مع الاسلام السياسي معروف لكني لن امارس خلافي على حساب الحقيقة سأحترم اختيار الشعب مهما اختلفت معه,0,Modern Standard Arabic
1239,2) بعضهم يتحدث عن ديمقراطية وتعددية، بينما آخرون يقاضون مبدعين انضمت لقائمتهم مؤخرا رسامة الكاريكتير دعاء العدل,0,Modern Standard Arabic
1240,123 هنا خطأ مننا نحن الأحزاب المدنية فلقد وافقنا على هذا لعدم خبرتنا,3,Modern Standard Arabic
1241,انتهى زمن #الرئيس الذي يمنح وجاء زمن الشعب الذي يجد ويعتز بكرامته؛ وما اعتمدته لكم هو بعض حقكم؛ فأنتم الذين تمنحون ولست,0,Modern Standard Arabic
1242,أجدع حاجة ان التيتى قصدى #السيسى كل ما يحاول يعمل شو اعلامى فى صورة تتقلب عليه #هاشتاج سخرية وده يبين انه حمار اخر حاجة #السيسى_هايصالح,3,Egypt
1243,أرشح صاحب هذا الحساب كأفضل مغرد لإفادتي في مجال ( لعبة 14) #تدوين,2,Modern Standard Arabic
1244,ابتسامتك ^_^ #خلق_جميل,2,Oman
1245,مع جورج إسحق في وفد المجلس القومي لحقوق الانسان للمراقبة، نتحرك في شرق وشمال القاهرة، أدعو الجميع للمشاركة ومنع التجاوزات إن وجدت,0,Modern Standard Arabic
1246,"هما شعب واحنا شعب, يحبون الرقص والنفاق والانحلال نحن نحب العلم والعمل والالتزام يوم امس كان فاصلا بين الشعبين",0,Oman
1247,ازاي واحد من المفترض انه محترف سياسة يتحدث عن المصالحة، تقدر لو رجعت الناس الي اتقتلت لأهاليها، غير كدة متعن,3,Egypt
1248,مجازر سوريا مستمرةأين الأمم المتحدة من حماية الأبرياء؟ أين العروبة والقيم التي لا نتوقف عن التشدق بها؟ الأنظمة في كل مكان تتعري أمام شعوبها,3,Modern Standard Arabic
1249,لم تغلق قناة الفراعين لانها الاكثر كذبا او فجورا ولكن لانها الاقل احترافية فى الكذب والفجور,3,Modern Standard Arabic
1250,حمداً لله على سلامة أبنائنا المجندين المحررين، و نهنئ أهلهم و أحبائهم بعودتهم و نهنئ الشعب المصري بإطلاق سراحهم,2,Algeria
1251,مجلس عسكري و حكومة غير قادرين علي حماية مرشح رئاسي بارز، ناهيك عن توفير الأمن في البلاد، هما المشكلة و ليس الحل,3,Libya
1252,هو كل رئيس عرص يحكم #مصر يتشطر علي #الجزائر ؟! مره بحجة الكورة ودلوقتي بحجة #الارهاب ؟! #انتخبوا_العرص #العرص_يغرد,3,Libya
1253,مدير جامعة الإمام يستنكر الثناء على #أردوغان ويعتبر #تركيا دولة فاسدة فاسقة فاجرة تنشر الرذيلة #مكة #السعودية # #,3,Oman
1254,مقدر إن الشغل بيخليك تتفرج على الداعية الشرشوحة شتايمه بتوصلني من صحابيأنا أحب أضيع عمري في حاجات لذيذة مش قميئة,3,Egypt
1255,تجاوز الحل السياسى واللجوء للحل الأمنى هو فشل للسلطة، واستهتار بالدماء على السلطة منع إراقة دم أى مصرى سواء كان معتصماً أو رجل أمن,3,Egypt
1256,#المجد_للمبتسمين_صباحا,2,Sudan
1257,مسخرة كوميدية من يوسف الحسينى على القبض على احمد عارف وحسن البرنس#حتى وانت بتستخبو بردو اغبية,3,Egypt
1258,لي اصدقاء سعوديون كثيرون معظمهم من الكتاب والفنانين احبهم جداً واعتز بهم جداً لكنىى حزين ان يعامل المصريون بهذه الطريقة في بلد شقيق واسلامي,0,Modern Standard Arabic
1259,فعاليات توزيع البورشور أمام المساجد و التوقيعات كانت رائعة و التجاوب كان استثنائيا سيتم رفع الصور بعد قليل,2,Saudi Arabia
1260,ما يدعو للضحك والرثاء معا انا الإخوان بسبب غبائهم الفطري و نقيصتي الخيانة و الجبن المتأصلتين بهما يظنون ان الفرد يدافع عن بقائه لا وطنه #مصر,3,Saudi Arabia
1261,#عسكر_كاذبون #25يناير القادم يشهد توحد القوي الثورية #قوتنا_في_وحدتنا #6ابريل #اخوان #ليبرالي #يساري #حازمون,0,Egypt
1262,حد فاكر #سانت_كاترين و الناس اللى ماتت و كل واحد كان عامل فيها محلل سياسى شعب زياط من يومه و الحكام,3,Egypt
1263,نفسي حد يغنيلى اغنية #اهواك #عبدالحليم_حافظ فرحه برده :))) #حلم,2,Egypt
1264,الانقلاب ساقط لا محالة وبعدها ستعلو قيمة مصر والمصريين الى عنان السماء فى كل بلاد الدنيا بعد سنوات الذل والهوان لناصر ومبارك وسيسي,0,Egypt
1265,في عهد مرسي تم قتل 134 مواطنا واعتقال 3400 مواطن مورس عليهم تعذيب بشع وهناك عشرون حالة اغتصاب للرجال لماذا لم تعترض امريكا على حليفها مرسي,3,Modern Standard Arabic
1266,مليون خزوق يفلقوه ده ال180الف توكيل زرايبي للعرص #مرسى_رئيسى #انتخبوا_العرص #الشعب_يرد_تحية_الرئيس #مصر #رابعة,3,Egypt
1267,"مؤتمر للرجل الشجاع الامين الحكيم #أردوغان ومن خلفة آية""انما المؤمنون اخوة"" كتبت على هيئة اشارة #رابعة",2,Saudi Arabia
1268,مبارك يوم 24 يناير كان أقوى بكثير من مرسي الان الشعب اسقطه ووضعه في السجنلا تغتروا ببلطجتكم فنهايتكم اقتربتمصر اكبر بكثير من سيدكم المرشد,0,Yemen
1269,ادعو المصريين الى مشاهدة توثيق مذبحة الاتحادية التى جمعها الاستاذ عمر طاهر سحل وضرب رصاص وتعذيب البنات لن تفلتوا من الحساب أيها الاخوان,3,Modern Standard Arabic
1270,"من أجمل ذكريات الطفولة أنك تنام في أي مكان في المنزل وتستيقظ وأنت في سريرك ""ربِ ارحمهما كما ربياني صغيراً""",2,Modern Standard Arabic
1271,هجوم البلطجية تحت حماية الجيش والشرطة انطلق فى بورسعيد والزقازيق وبنها جرائم جديدة فى ملف عصابة الانقلاب الملف اكتظ وفاض,3,Egypt
1272,أهي صهيونية وتدعم #حماس وتُعمّر #غزة بذات الوقت؟ أتريد تدمير الأمة فتقف ضد الانقلاب على من احتفلت #اسرائيل بعزله؟ أكل تلك التناقضات #قطر ؟,0,Modern Standard Arabic
1273,مايغركيش العدد والله أنا #أكتر أنا اللى مش #إخوان وأنا اللى مش #عسكر,0,Egypt
1274,رفض التلفزيون المصري ظهوري في برنامج عمرو خالد حملة التعتيم و التشويه مازالت مستمرة,3,Saudi Arabia
1275,قاللك هيعملوا موقع بدل يوتيوب وهيسموه يوتيوس وهيبقى عليه رقابة من الخرفان,3,Egypt
1276,الانقلاب كشف مئات الحقراء في السياسة والاعلام والاقتصاد والفن والرياضة، لكنه أضاء لغيرهم طريق الحرية شكرًا سيف عبد الفتاح,0,Modern Standard Arabic
1277,مرسي محبوس وخاين ومش هيرجع والتصالح مرفوض #السادة_المحترمون,3,Egypt
1278,طول ما بيشتمك ككاتب الحمقى اللي فاهمين إن مرسي صح والحمقى اللي فاهمين مبارك كان صح والحمقى اللي فاهمين الحل في القمع والعنف فأنت أقرب للحق,0,Egypt
1279,_بل هو العقل لان اسفل النعل ملئ بالقاذورات و القذارة فكيف تكون طاهرا اذا مسحت اسفله بعد مشيك في مكان نجس,0,Saudi Arabia
1280,#مبارك راجل كويس وا خوان اعدااااالم على طول الخط,0,Egypt
1281,"الحديث عن أن شخصًا يحدد من له مكان فى الوطن ومن ليس له مكان ""هزل""",3,Egypt
1282,ندين اعمال العنف التي لجات لها عناصر تخريبية في محيط مبني جامعة الدول العربية #السادة_المحترم,3,Iraq
1283,"مرسي احترمكم فأهنتوه وسيسي اهانكم فقدستموه #سانت_كاترين #مش_اجانب """,0,Egypt
1284,إستفتاء مارس مانفعش طنطاوي وقد كان أكثر شرفا وأشرف عليه قضاء حقيقي فما بالك بإستفتاء ملعوب في أساسه وتفاصيله ومبني على كذب رئاسي فاضح,3,Egypt
1285,"# أنصار مرسي يحرقون محكمة ومتحف ""ملوي"" بالمنيا وأعمال سلب ونهب واسعة بالمدينة",3,Modern Standard Arabic
1286,أرفض الدستور الذي ينص على محاكمة المدنيين عسكرياً,3,Modern Standard Arabic
1287,سلاماعلى شهداء الانتصارالعربى ، وتحية الى قواتنا المسلحة التى عبرت بمصر من الهزيمة الى النصر (إن ينصركم الله فلا غالب لكم),2,Egypt
1288,يفضح كذب قناة الجزيرة ويكشف تمثيل الاخوان دور الموتى,3,Tunisia
1289,#انتخبوا_العرص هذا مافعله العرص في أهل مصر,3,Modern Standard Arabic
1290,اسحبوا الوثيقة الدستورية المشوهة نريد لجنة محايدة تضع ميثاق شرف نلتف حوله جميعاًأولويتنا هى توحيد الصفوف وليس المزيد من الصدام والفوضى,3,Modern Standard Arabic
1291,كونوا على يقين أن هناك شيء ينتظركم بعد الصبر ليبهركم فينسيكم مرارة الألم و الحزن و التضحيات,0,Algeria
1292,إحنا عندنا ثقافة اعتياد للقبح، ثقافة اعتياد للقذارة، آردوغان قدر انه يبدأ نهضته بالنظافة، شيراك لما كان عمدة,3,Egypt
1293,حينما تجد الفرصة لاحتضان أمك أو تقبيل يد أباك فلا تضيعها فقد يأتي عليك وقت تحتاج لاحتضانهما أو تقبيلهما ولا تجدهما,0,Modern Standard Arabic
1294,حين يصبح مصطفى بكري شبه متحدث باسم المجلس العسكري ، اعلم أن هناك الكثير يجب عمله، حتى تنجح,0,Modern Standard Arabic
1295,اهم مطلب الان إيقاف المحاكم العسكرية لانها تستعمل كعصا غليظة للقمع نزول اى واحد فينا للتظاهر الان قد يكلفه شهور وسنوات في السجن الحربي,0,Yemen
1296,رجل تقتل ابنته ويسجن هو ورفاق دربه ثم يبتسم يوم القبض عليه انه الحق اصحابه دائمأ مطمئنون,2,Saudi Arabia
1297,#خلق_جميل تحترم اي امراءة وماتجرحها لابقول ولابعمل,2,Saudi Arabia
1298,3 يتناقض مع واجب الشرطة التورط في العنف أو التصعيد مع المتظاهرين,3,Oman
1299,الشبكة زفت #فودافون #اتصالات #موبينيل,3,Egypt
1300,الذين يتسابقون لتلبيس مرشد الاخوان الحذاء عليهم ان يدركوا انهم يهدرون كرامتهم قبل ان يتحدثوا عن الثورة ما يفعله الشاطر بكم لن يفعله بنا,3,Modern Standard Arabic
1301,لماذا لم يذهب الرئيس الطرطور الى جنازة لواء الشرطة؟ لو كان مرسي كانوا مسحوه,3,Saudi Arabia
1302,قبل عام امضى المسلمانى ساعة كاملة على الهواء للحديث عن عظمة وكفاءة ووطنية اردوغان وعندما اصبح عضوا فى عصابة الانقلاب وصفه بالجهل,0,Egypt
1303,قل لا للدستور تنقذ مصر من العنصرية والدسكتاتورية والتقسيم,3,Modern Standard Arabic
1304,من غرائب الانقلاب كل ضيوف مصر من سياسيين واعلاميين اوروبيين وامريكيين يهود او اعداء للاسلام,3,Yemen
1305,ومفكرتش في المساااجد بيوت الله حرقت وقاعد تفكرلي في الكنائس ةاواي تبنيها تاني !!!!!,0,Egypt
1306,آهـٍ يا #نفسي أما آن لك أن تتوبي وترضخي أما آن لك أن تستسلمي وتقري فالحب و #المشاعر لم تخلق لك ولي أرجوك يانفسي يكفيني عذابا,0,Modern Standard Arabic
1307,أحد ضحايا عنف الإخوان المسلمين المؤيد للفريق السيسي #السادة_المحترمون,0,Modern Standard Arabic
1308,ماعنديش مشكلة نقبل او نرفض القرض على اسس اقتصادية،لكن انك تلوي الدين عشان تحلل و تحرم هو ده اللي ينرفز,3,Egypt
1309,واحد من مجاهدين بيت المقدس وهو بيجاهد قصدي بيراقب اكادمية الشرطة #حركة_كايدينهم,3,Egypt
1310,اذاعت قناة الجزيرة الرئيسية ان شهداء الاتحادية ينتمون الى الاخوان شهداؤنا كلهم واحد ولكن هل الحسيني ابوضيف او كرم جرجيوس من الاخوان عيب,3,Yemen
1311,الألم محسن كبير لأنه يجردنا من الغرور والدعوى #مي_زيادة,2,Syria
1312,ابتسم في وجه الناس فإنها صدقة,2,Modern Standard Arabic
1313,اكبر فوائد الانقلاب مصر الاخير عالميا فى مستوى المعيشة وفى التعليم الاساسي وبكرة تشوفو مصر,3,Egypt
1314,أحيانا بيشتكي أولادي الذكور من تفضيلي للبنات أحيانا في المعاملة وبيكون ردي حديث الرسول : لا يكرمهن الا كريم و لا,0,Jordan
1315,طاقه ايجابيه شبابية في تصوير اليوم الاول من #أرب_ايدول #الموسم_الثالث كان يوم رائع جدا انتظرونا #قريبا,2,Yemen
1316,#عن انك تصاحب باباك ومامتك وتحكيلهم عن كل حاجة من غير ما تخاف منهم لانك واثق انهم هيساعدوك,2,Egypt
1317,الكاتب الامريكي ناعوم تشومسكي المخرج الامريكيً مايكل مور رئيس الوزراءًالنمساوي برونو كرايسكي يهود غربيون مناصرون للعرب معادون لإسرائيل,3,Algeria
1318,#كدبه_ابريل ايه هو احنا هنكدب ع بعض ف ديه كمان ده أنتو طول السنه ما شاء الله,3,Egypt
1319,ليت الليالي تجيب الي على بالي واشوف زوله بعد ما طول الغيبه ان كان ماعاد له جيه بري حالي يمكن على عز هذا العمر اهذريبه #عادل,0,Yemen
1320,"19: ياعيال ياشباب لحد يجاوب بس #البنات نبي نشوف ثقافتهم ""	
انا اللي مش #اخوان و انا اللي مش #عسكر	
انا دخيلك؟ من عيون الخلايق لا عاد؟ تترك في عيوني #علامات	
مقدرش أحترم رأيك لو انت من #الاخوان او من #النكسجيه بتوع #ثورة_يناير ناقص تقولي إحترم رأي أعداءنا الاسرائيليين #مصر #الاخوان_المعرصين	
انا بحترم وبحب فريق #كاريوكى فهما على الاقل اتكلموا بطريقتهم الى هى الفن فى وقت سكت فيه مشايخ ودقون ناس بترقص وناس بتموت	
أهم مواضيع تحدث في مصر الأن #الاخوان #المنيا #السيسي #الشرطة #مرسي	
2 كما أدنت عنف الإخوان أمام الاتحادية وأمام مقرهم العام قبل أيام، أدين أيضا العنف ضدهم وضد منشآتهم بالأمس، لا يصح الاحتجاج على العنف بالعنف	
زمان #لما البنت تيجي تتصور كانت بتقول '' دلوقتي بقت بتقول 'خلووووود' !	
الأهلى يلتقى الشباب بنهائى كأس الملك على أرض الدره #السعوديه #الأهلى #الشباب	
سبب تأجيل التذاكر هم عمال ارامكو ، اجهزت طباعة التذاكر ماركبوها بفروع البريد !!!! #الاتحادية وظعية فواز القرني قدام الاهلي با 	
يارب انت المنتقم انتقم من القذافى واعوانه وانصر ثوار ليبيا البواسل والاشاوس واحمي اهل ليبيا من مكائده يارب	
هذا ما يحدث عندما لا تقول الحق وتمسك بالعصاية من النص وترفض إدانة عنف السلطةهذا هو الأمن على الطريقة الإخوانية	
تبا لك #مارك -_-	
وعد مني ودين عليا مش هسيب حقك اكيد #عمرو_خلاف #محمد_الشنواني #مصطفي_فريد #اسامة_السيد #محمد_بكر	
#صورة - محترف النادي #الأهلي ( إيريك أوليفيرا ) يتابع لقاء #الاهلي و #الاتحاد من المستشفى بعد عملية الرباط 	
البديل | البديل أبو الفتوح: توريط الجيش في السياسة أكثر من اللازم خطر على الأمن القومي",3,Saudi Arabia
1321,1 مصر تتجدد بها دماء الاستبداد، بتشريعات مشبوهة وانتهاكات لحقوق الإنسان وقمع للمعارضين وتجريم للتظاهر السلمي وهو ليس بجريمة في المجتمع الحر,0,Modern Standard Arabic
1322,يسقط إعلان مرسي الديكتاتوري,3,Egypt
1323,#فيفي_عبده_الام_المثالية زمن المؤخرات هزها واكسب عزها,0,Iraq
1324,هاهاهاهاهاها,2,Morocco
1325,سلامة أحمد سلامة، تركت إرثاً من الأخلاق حين عزت و من الحصافة حين اهتزت و من الشجاعة حين كان لها ثمن يرحمك الله,2,Algeria
1326,2 وقوى وطنية توقع على وثيقة الأزهر المتوازنة لنبذ العنف فيزايد عليها بعض جمهورها وفورا يبدأ بعض قياداتها بمكيافيلية في التنصل من الوثيقة,0,Modern Standard Arabic
1327,رئيسكم كان هيطير من السعادة إنه متصور مع هيكل دلوقتي هيطلع هيكل بياخد أوامر من الخليج وأمريكا وإسرائيل وقوى الإستكبار إنهم الإخوان الفاشلون,3,Egypt
1328,النفاق مدمر طاهر ابو زيد يلغي المشاركة في ألعاب الفرانكفون ويحول ميزانية المشاركة لصندوق دعم مصر المناصب للمصائب,3,Egypt
1329,الاعتداء على الثوار غير مقبول ويعبر عن سياسات تنتمى للعهد البائد نطلب محاسبة المسئولين عن جريمة أمس وسرعة الاستجابة لمطالب الثورة,0,Egypt
1330,شاهد - آخر كلام: لم يعد مجدياً أي حديث مع بشار,3,Modern Standard Arabic
1331,نحن وغيرنا ننتظر من الاخوان الكثير، ننتظر ان يغيروا الصورة الذهنية المأخوذة عنهم فى الفترة الأخيرة، ننتظر ايادى ممدودة يتبع,0,Saudi Arabia
1332,كيف لإنسان في كامل قواه العقلية أن يقدم نفسه للشهادة من أجل واحد بهطالة مرسي؟,3,Modern Standard Arabic
1333,المتهم بإزدراء الأديان (مع التحفظ الشديد على سبب الإتهام) ياخد حبس وكل من قتلوا الشهداء ينعموا بالبراءة عدالة عدلات,3,Egypt
1334,٧ بعض الحضور في المنتدى من المصريين المؤيدين لجماعة الإخوان هاجمني وانتقد آرائي، ولكن دون تطاول أو عنف لفظية,0,Oman
1335,أبو الفتوح : الأنفلات الأمنى صناعة ولكن علينا مساعدة رجال الأمن الشرفاء على القيام بواجبه,0,Egypt
1336,#مصطفى_حسني إعجاز يبهر العقول لا يصدق عن البعوض؟؟ اقرأ ثم قل سبحان الله العظيم!! (إِنَّ,2,Oman
1337,أما المتأسلمين الجهال #أدعياء_السلفية #الجامية لا أخلاق ولا مبادئ يتشمتون ويضحكون على جثث #مجزرة_رابعة_العدوية,3,Modern Standard Arabic
1338,محمد مرسي احترمك السيسي انت ظالم,0,Egypt
1339,الجيش لم يخون مرسي فقط بل خان الشعب المصري بأكمله,3,Modern Standard Arabic
1340,#العرص فى #نيويورك,3,Egypt
1341,أحبكَ ربي جميل الصّفاتِ كريم العطايا وجزل الهِبات ِ فأنت الرحيم اللطيف الحليم وأوّل حُبّ يَـلُـمُّ الشتاتِ #أحبك_ربي,2,Oman
1342,اون تى في تجبر ضيوفها على قول ما تريد والمذيعة ترفع ورقة امام الضيف ليقرأ منها اعلام العار,3,Oman
1343,محاربة الظلم بالظلمستنتهي بظلم الطرفين #اخوان #عسكر,3,Yemen
1344,"#خالد_علي: نرحب بـ #الاخوان المشاركين في ""إسقاط #قانون_التظاهر""! شفتوا الخول ده بيقول ايه؟ عايز يحط ايده في ايد بلطجية #رابعة!",3,Egypt
1345,الأسواني يروي عن مؤجر شقة:أنا سأطرد صاحبكم لأنه قتل وكذب وغش ونكث وعوده وليس لأنه ملتح و > المقال كاملاً>,3,Modern Standard Arabic
1346,وأن يسهر على محاسبة قانونية ناجزة وعلنية لمن ارتكبوا العنف واعتدوا على كنيسة دهشور وأن لا ينتهي الحال إلى اللا عقاب واللا عدالة كأحداث سابقة,0,Modern Standard Arabic
1347,احلى أغنية تيتر في رمضان اغنية شيرين - مشاعر من مسلسل حكاية حياة | النسخة الاصلية #مصر #كلام_في_الحب,2,Egypt
1348,كنت اعتقد ان طاهر ابو زيد لا يفهم فى السياسة والان تأكدت انه لا يفهم لا فى السياسة ولا فى غيرها عسكرى شطرنج,3,Egypt
1349,مولانا التيس,3,Tunisia
1350,الرضا #خلق_جميل,2,Iraq
1351,#السيسي هو الكبش اللي هيدفع ثمن عودة الدولة من #الاخوان ل #الجيش وقبلهم نهاية مشروع #التوريث وهيتصالحومع #الاخوان براسه و,3,Egypt
1352,بعد #25_يناير كنا نظن بداية عهد جديدلكن الجديد لم يأت و لن يأت اذا استمر هذا الحال,0,Saudi Arabia
1353,إبداع الفشل بعض أحيان يزيد إلهامه عن إبداع النجاح,0,Yemen
1354,ألى بقايا الخرفان باى باى,3,Egypt
1355,وأخيرا قلتها أنا وغيري مائة مرة: التغيير على وساخة يجيب تسلخات، وفي كل مرة يثبت صحة هذه النظرية ويصمم البعض على الوساخة فهنيئا لهم بالتسلخات,3,Modern Standard Arabic
1356,3) #الطبالة يمارسون #حرب_اللاعنف على المشروع الاصلاحي، فيحاربون جميع المصلحين بالقذف والتخوين مما يساهم جليا في خلق متطرفين راديكاليين,0,Oman
1357,3/كتب انصح بقرائتها اعلام واقزام في ميزان الاسلام سيد عفاني ثورة يوليو الامريكية محمد جلال كشك #انتخبوا_العرص,0,Iraq
1358,"الدعوة للتظاهر اليوم ""لتطهير"" القضاء: الغوغائية في فهم ومعالجة مشاكلنا مازالت السمة الغالبة لنظام الحكم الثورة قامت ""لتحرير"" العقول",0,Sudan
1359,الاستبداد لن يدوم وعلى الجميع أن يتعظ سوريا ستبقى ودولة الظلم ستزولعلينا دعم الشعب السورى وحقه في الحرية والديمقراطية بكامل طاقتنا,0,Modern Standard Arabic
1360,#مرسي_رئيسي,2,Libya
1361,لبيك اللهم لبيك لبيك لا شريك لك لبيك إن الحمد و النعمة لك و الملك لا شريك لك,2,Algeria
1362,صدور قانون تشكيل الأحزاب دون أي حوار ونفس الحال بـالنسبة لقانون مباشرة الحياة السياسية يقلص مضمون أي حوار وطني ويفقده جانب كبير من مصداقيته,3,Oman
1363,رونالدو هو أعظم لاعب في تاريخ #ريال_مدريد #رياضة,2,Modern Standard Arabic
1364,_ هذا هو نص المقال أتحداكم أن تنشروه كاملا لو كنتم رجالا مش هتبطلوا حقارة وتنضفوا شوية من باب التغيير,3,Modern Standard Arabic
1365,#رمضان_الخير قرب,2,Libya
1366,#حركة_كايدينهم #مصر #قول_كلمه_للسيسي_وخد_فولو_هديه ياسيسى يا زعيييييييم #سأنتخب_السيسي #احنا_شباب_هنصوت_للسيسى #سوريا,2,Egypt
1367,شن قادة الانقلاب حملة مستمرة على كل أصحاب الرأي الآخر، حتى من يختلف معهم من حلفائهم، حتى لا يبقى هناك رأي آخر،,3,Modern Standard Arabic
1368,أنتم كذابون وقتلة يسقط حكم العسكر هتاف رج قاعة جامعة سواس عندما بدأ النبوى الذى أوفده الانقلاب لتحسين صورته فى لندن وطردوه من القاعة,3,Egypt
1369,الى مينا وجورج وانطون غيروا اسماءكم على بروفيلكم قبل ما تشتمونى عشان المسألة متبقاش دين وعنصرية وفتنة قلة ادب وغباء كمان,3,Saudi Arabia
1370,#شخصيات_لن_تعوض,0,Modern Standard Arabic
1371,مد العمل بقانون الطوارىء: استمرار للقمع وانتهاك لحقوق الإنسان والحريات الأساسية يوم حزين التغيير حتمي,3,Sudan
1372,علاء الأسواني : من يقبل بانتخابات مجلس الشعب يساعد الإخوان على تغطية جرائمهم >>,3,Modern Standard Arabic
1373,خطاب مرسي بميدان التحرير كان موفقا وقسمه الرمزي ضروريا وتأكيده على أن الشعب مصدر السلطات وعلى الدولة المدنية الديمقراطية وحقوق المواطنة جيدا,2,Modern Standard Arabic
1374,تعريص #برهامي ووساخة حزبه والدعوة السفهية بدأوا من يوم ما دعموا #أبو_الفتوح مش حاجة مستجدة !,3,Egypt
1375,لو لسه مصدق وهم نعم من أجل الإستقرار يعني جرب تسمع كده جايز تغير رأيكألا هل بلغت ونهاركم سعيد,0,Egypt
1376,يا مرسي يا عظيم تسريب سيسي كشف أنه كان عملاقا وليس طرطورا ويكفينا أنه تصدى للقوات المسلحة حتى انقلبوا عليه,2,Modern Standard Arabic
1377,يا من سرق قلبي مني يا من غير لي حياتي يا من احببته من كل قلبي يا من قادني الى الخيال #عشنا_وشفنا #الرياض,0,Modern Standard Arabic
1378,في ضوء الفوضى والتشرذم حان وقت تصحيح المسار: دستور جديد يضيء الطريق ويحدد الثوابت، انتخابات برلمانية عندما يستوي الملعب، ثم انتخابات رئاسية,0,Modern Standard Arabic
1379,#لساها_ثورة_يناير لسه الشعب المصرى ثائر,0,Egypt
1380,خلق إسلامي جميل نحتاجه بشدة في هذه الأيام لبلادنا هو خلق الرفق أي (اللطف واللين في القول والفعل)، الذي نحتاجه في,2,Modern Standard Arabic
1381,اتقدم بالشكر الجزيل للفنانة القديرة هالة فاخر على رايها الذى اعتز به كثيرا,2,Egypt
1382,حوار الأخوان شاركوا من اوي 25 ولا 28 مش مهم، و حتى حوار بطلوا مشاركة امتى مش مهم، المهم عملوا ايه في البرلمان و الرئاسة و التأ,0,Egypt
1383,في المعصرة يوم الأربعاء مع الشروق هانزل فصل من كتاب لعمنا محمود السعدني يبين لكو إن موضوع الأندلس ده سبوبة سياسية للإسلاميين من زمان أوي,0,Egypt
1384,#الحمدلله_علي #كل_حال,2,Libya
1385,عندما يحكم الخروفالحالة العصبية البائسة لبعض أنصار مرسي جعلتهم يحتجون على المقال قبل أن يكملوا قراءته للآخر,3,Modern Standard Arabic
1386,قلت للرئيس نحن سعداء بالتخلص من حكم العسكر ولكننا قلقون من حكم الاخوان انت رئيس منتخب لكنك تنتمي الى جماعة غير قانونية وتمويلها غير معروف,0,Modern Standard Arabic
1387,بعد غيبة و طول انتظار ها قد عاد #الاستقرار من جديد :)) #النور_قطع #الهرم,0,Yemen
1388,نهنئ إخواننا الأقباط باختيار الأنبا تواضروس بابا الأسكندرية وبطريرك الكرازة المرقسية بناء وطننا يحتاجنا جميعاً معا نبني مصر,2,Modern Standard Arabic
1389,يا ديين النبى لو كان #البرادعى اللى قال هنعمل مصالحة !! تشتغل اسطوانة يا خاين يا عميل يا ارهابى يا اخوانى عايز تطلعهم عشان ترضى امريكا !!,3,Egypt
1390,لعل من حكمة الله اعتقال قيادات #الإخوان الان قبل ان تتسع ثورة #مصر ويتصاعد غضبها ليطهر البلد من كل خائنساعتها لن يقال ال,0,Modern Standard Arabic
1391,ثقافتنا في الاعتزاز الزائد بالشهادة الجامعية واحتقار التعليم الفنى والمهنى يجب أن تنتهي وسنعمل على التركيز التعليم,0,Modern Standard Arabic
1392,__ #خلق_جميل احترام اي انسان فقط لأنه انسان مهما كانت ديانته,2,Iraq
1393,الاخوان حولوني للجنايات عشان كتبت تويتة بعد المقطم باقول فيها لما انتوا مش قد العنف بترغوا كتير ليه واتهموني بضرب 125 بناء,3,Egypt
1394,اللهم لك الحمد حتى ترضى ولك الحمد اذا رضيت ولك الحمد بعد الرضا,2,Qatar
1395,الإرهاب نهايته 'مزبلة التاريخ',3,Algeria
1396,مافيش شخصية بيهاجمها الإخوان دلوقتي إلا ورئيسهم ليه فيديو بيمدح فيها حتى الزند وعكاشةالعدو الأول لمرسي بعد نفسه وخيرت هو اليوتيوب حفظه الله,0,Egypt
1397,شكرا كلامك كان رائعا,2,Sudan
1398,الحمد لله أن لي ربايغفر الذنبويقبل التوب حليمستيرغفوررحيمجبارعليمحكيم تعرف إلى الله بأسمائه وصفاته #أح,2,Yemen
1399,ان ينتزع رئيس منتخب صلاحياته القانونية من المجلس العسكري شيء وان يعطل الرئيس القانون ويلغي القضاء شيء اخريدهشني الا ترى الفرق,0,Oman
1400,في الدول المتخلفة يقتل الآلاف و تحرق جثثهم و تلقى في الزبالة ثم تقام الاحتفالات السنوية لأسباب سياسية,3,Modern Standard Arabic
1401,#المجد_للمبتسمين #المجد_للمبتسمين_صباحا,2,Modern Standard Arabic
1402,إغلاق القنوات سياسة مرفوضة ويجب ألا نقبل بها,3,Modern Standard Arabic
1403,سحل متظاهرين بالقصر العيني - ليعلنها #مرسي بصراحة-هل انت فاقد السيطرة على الداخلية؟ أم انت المسؤول؟,0,Sudan
1404,سفر رئيس الجمهورية ورئيس الوزراء إلى الخارج في هذا التوقيت استهانة بالشعب المصري 25,3,Modern Standard Arabic
1405,3 اللشخصي بتاعي ومادخلتش عندك وشتمتك لو مش عاجبك انفولو يا سيدي،لكن انك تخش على الحساب الشخصي لواحد بيقول,0,Libya
1406,الضبطية القضائية فى الجامعة مشينة لسمعة جامعات مصر ومهينة لطلابها ونقيصة فى وجه المجتمع الجامعة علم وحرية وحركة أجيال,0,Egypt
1407,صفوت حجازي يهاجم شيوخ السلفيين اللي قاعدين في بيوتهم آمال فين مقولة لحوم العلماء مسمومة اللي قرفونا بيها,3,Egypt
1408,أنا #أردني وأفتخر ببلادي,2,Jordan
1409,بيقولك دعوة #السيسى دى دعوة لحرب اهلية على اساس ان التلويح بسيناريو سوريا والارهاب فى سينا والدعوة للعصيان وتقسيم ال,3,Egypt
1410,العب بولنج ببلاش فقط بمولد سيدك السيسي = جانب من فعالية المولد لطلاب ضد الانقلاب جامعة حلوان #انتخبوا_البرص #كوهين_مصر,3,Egypt
1411,ممكن تكون ضد مبارك ومرسي ممكن تكون مع مبارك ممكن تكون مع مرسي ،، بس الاكيد كلنا لازم نكون مع المساواة والعدل أما,0,Jordan
1412,الشعب #المصري اجمل حاجه فيه ان في وسط #الهموم بيقدر يخلق #الضحكه,2,Egypt
1413,الى الثوريين المقاطعين لانتخابات الرئاسة المقاطعة ان لم تكن عامة وشاملة ومؤثرة ستصب في صالح الفلول كما ان غيابكم يعنى فتح الباب للتزوير أ,0,Modern Standard Arabic
1414,#مظهر_شاهين و #إلهام_شاهين برنامج العلم والإيمان !!! وهي دي مصر اللي هما عاوزينها!! ممثلة بتقدم مشاهد خليعة يستضيفها رجل دين يكرمها,3,Egypt
1415,الثورة دي لولا الأميين ماكانتش نجحت أصلا أو على الأقل ده اللي أنا شفته يوم 28 ينايرإحنا بس مابنعرفش نكلم الناس صح والله أعلم,0,Egypt
1416,"قال الرئيس الفلسطيني #محمود_عباس إن ما حدث لـ #اليهود في ""#الهولوكوست"" هو أبشع جريمة عرفتها البشرية : : من يومك زمباوى ونتن ياعباس",3,Egypt
1417,عندما يكون طموح انسان أن يبوس البيادة او يجلس تحتها حتى لو باع كرامته وشرفه وأهله ثورة دى ولا انحطاط,3,Egypt
1418,""": بالفيديو: #توفيق_عكاشة: #هيفا ولية ناشفة """,3,Egypt
1419,#سوريا_فى_القلب الله ينصركم يارب ويشفي صدوركم,2,Egypt
1420,#يوسف_الحسيني إعلامنا نكدي والمسئول الأول عن حالة الكأبة الموجودةعلى وشوش المصريين #السادة_المحترمون,3,Egypt
1421,كل مصرى حر فى المانيا يتوجه ظهر غد الى وزارة الخارجية الالمانية فى برلين لاعلان معارضته لمؤتمر الانقلاب وترعاه ملكة الاردن,0,Egypt
1422,الدنيا مش ابيض يااسود دنيا كل الالوان حط لوني على لونك نوصل ابعد مكان كل حلم وله بداية بس شرط تكون معايا #كاريوكى,0,Egypt
1423,العنف والقتل في محيط مقر جماعة الإخوان مدان ومرفوض بالكامل كما في اشتباكات أسيوط وبني سويف، كل الدم المصري حرام، لا تفسدوا ٣٠ يونيو,3,Sudan
1424,لاشهاده لفاسق,3,Tunisia
1425,رجل أكرمه الله بمصاهرة أكرم خلقه مرتين زهد في أمواله وتجارته طمعاً في مرضاة الله كانت الملائكة تستحي منه #عثمان_بن_عفان رضي الله عنه,2,Oman
1426,عزيزى حامل عصا المقشا ومرتدى الخوذة البلاستيك فى اشارة رابعةانت الأمل فى التغطية على هروب بهوات الجماعةليكن شعارك هروب,0,Egypt
1427,#موقف_نفسي_اعيشه_مع_مراتي انى اكون الأمام و نصلى مع بعض!,2,Egypt
1428,ما اجمل ليل القاهرة الساحرة مع موسيقى رائعة و كتاب شيق #مصر #لبنان #الإمارات,2,Jordan
1429,لاول مرة فى تاريخ الاسلام يهتف المصلون ضد خطيب الجمعة (قاتل) الداعية سالم عبد الجليل عبد البيادة نال ما يستحقه,3,Egypt
1430,الاهرام الراكعة للبيادة تحولت الى صحيفة صهيونية تنذر العرب بالحرب عنوان لا تجده الا فى اسرائيل,3,Egypt
1431,من أكبر أخطاء ناصر إعدام سيد قطب الفكر يتم مواجهته بالفكر، لا بالإعدام قتل صاحب الفكرة من أجل فكرته، يزيد هذه الفكرة ان,3,Oman
1432,الاخوان والسلفيون يستغلون الجهل والفقر يدفعون الاميون للتصويت لاى شيء باسم الاسلام ويشترون اصواتهم بالزيت والسكر هذه ديمقراطيتهم للأسف,3,Yemen
1433,"اليوم السابع | ""التوك شو"": ""الجمل"": أبو الفتوح من أقرب مرشحى الرئاسة لقلوب الناس وسرير ""مبارك"" تمثيل",0,Egypt
1434,اسرائيل تدفع مليارات وتتفرغ سياسيا وعالميا لدعم الانقلاب ما حققه لها فى 100 يوم عجز زعماء صهيون عن تحقيقه فى 100 عام,0,Egypt
1435,يا أنصار شفيق الحكمالإجرامي للإخوان لا يعنى أبدا ان يحكمنا شفيق صبي مبارك اذا دعمتم شفيق فالاولى بكم تدعيم جمال مبارك لانهما واحد فكروا مرة,3,Yemen
1436,عداء الانقلاب لكل ما يتعلق بالاسلام فظيع هل هم الصليبيون الجدد باسماء ووجوه جديدة؟,3,Saudi Arabia
1437,فى حكم مرسي حظت مصر باحترام عالمى فى الانقلاب تحول العالم لعزلتها اعلامنا:مرسي اساء لمكانة مصر,0,Egypt
1438,28 اجدع الجدعان #جيكا #جيكا ياولد الحريه بتتولد #محمد_محمود 2,2,Egypt
1439,هاهاها لما انتقد سياسة أوباما فيه أمريكان محترمين بيردوا وبيعبروا أنهم مش معاه أما الإخوان ومن يدعمهم فهم اللي بيهاجموا كلامي مش مصدق,0,Egypt
1440,أحبك حبا لو يفيض يسيره #جوهرة #محمد بن أبي أمية,2,Yemen
1441,#الحب_هو اهتمام، تنازل، كلام، احترام، فعل، دعاء، تغاضي، عتاب، تسامح !,2,Iraq
1442,إعراضنا عن الرد علي كلب السيسي المحامي الفاشل الكذاب المرتشي والبذيءالشتام ليس ضعفا منالا والله ولكنه ترفع وإعراض عن الج,3,Libya
1443,واضح ان الناس اللي ساكنة في 6 اكتوبر بتروح مدارس وتشتغل في القاهرة والجيزة وده سبب كافي لزحمة رهيبة,3,Egypt
1444,ما فائدة ان نتناقش حول دستور كتبه الاخوان وجهزوه في مكتب المرشد ويملكون بتشكيل اللجنة الأغلبية لفرضه علينا نريد دستورا للمصريين جميعا,0,Modern Standard Arabic
1445,الشاات بااايظ ليه يا #مارك -_-,3,Egypt
1446,# #بيروت القديمة والحلوة #,2,Saudi Arabia
1447,#الحب_هو أن تُشْبِعَ حبيبكَ اهتماماً قبل إشباع رغباتِك..!,2,Oman
1448,الشمس لا تنتظر استيقاظك لتمنحك النور ولا الزهر ينتظر اقترابك ليمنحك العطر كن مثلهما وبادر بخدمة من حولك,0,Modern Standard Arabic
1449,رغم إن الصحافة رسالة إلا ان فيه صفحات كاملة بتتكلم عن #صافيناز #سما_المصري #حلاوة_روح ودي كارثة #2014,3,Egypt
1450,حزب النور أول خازوق كان منه ، كان في انتخابات الرئاسة إما عدد كبير منهم انتخبوا #مرسي وكانوا بالكلام مع #أبوالفتوح #انتخبوا_العرص,3,Egypt
1451,_ ولو قرأتي ما كتبت هتلاقيني قولت إخلاء سبيل ومش براءة باين عليكي مناضلة جامدة,0,Egypt
1452,_ شهادة عظيمة للأخوان من ثاني أحقر رجل بالعالم بعد بوش الأبن #إنصاف_الإخوان,0,Egypt
1453,أنت وَطن بنيتُ فِيه جَميع أمنِياتي ، وجَاء ذات ليلةٍ مُظلمة أحتل ذلك الوطن ومِن بعدها أصبحتُ غريب يتسكعُ بين الأحرُف باحثًا عن مَلجأ #سري,0,Modern Standard Arabic
1454,#السيسي عين #عدلي_منصور رئيس مؤقت وعدلي طرطور رقى السيسي لرتبة #مشير الله يديم المحبة #مصر,0,Tunisia
1455,": دفعولك كام يا ساويرس الرد : "" حد قالك انى مزنوق """,0,Egypt
1456,"ونقوم ولا شيئ يوقفنا لا أبو جهل جهله يحرفنا ولا أبو لهب هيخوفنا ماحناش ضعاف قلالات حيلة آه ياجميلة"" عمار وسيد",0,Tunisia
1457,#حركة_كايدينهم #مصر #قول_كلمه_للسيسي_وخد_فولو_هديه ياسيسى يا زعيييييييم #سأنتخب_السيسي #احنا_شباب_هنصوت_للسيسى,2,Egypt
1458,#خالد_علي: رفع الدعم عن الكهرباء والغاز والسولار والبنزين إجرام سياسى ضد الفقراء #حرامية_الدعم اللي بيدعموا,3,Egypt
1459,ـ # ! ^_^,2,Oman
1460,لدينا اكبر رصيد فى العالم لاكاذيب الاعلام على الشاشات والصفحات انتظروا بعد سقوط الانقلاب موسوعة اعلام العار ستكون حديث العالم,3,Egypt
1461,#السيسي_رئيسي_2014 #سانتخب_السيسى,2,Egypt
1462,ليه البنت اللى #تحب فى مجتمعنآ بيعاملوها انها عملت #جريمه وبتبقا بنت مش #محترمه,0,Egypt
1463,2008 بعد ان عرفنا من ابو الفتوح حزب النور مش حزب ديني والاخوان مجرد جمعية سلمية تأكدت ان بن لادن كان مجرد كابتن فري,0,Saudi Arabia
1464,نادر بكار بلاش أحسن اللهم أنى طاهر,0,Egypt
1465,"يا مرعبهم يا مدمرهم :) #محمد_صلاح , #العب_يا_صلاح",2,Egypt
1466,السيسى ضرب فى الشرطة وحملها مسئولية مذبحة الحرس ردت الداخلية بفيلم ان ضابط جيش وراء نفجير سيارة وزير الداخلية ألهم اهلك الظالمين بالظالمين,0,Egypt
1467,حفيد السلطان عبدالحميد مرشح للبرلمان التركي القادم ، بشعار رابعة تحية لك #مرسى_رئيسى #تركيا #كلنا_قطر,2,Egypt
1468,7 ها يا معلماظن حان الوقت للكشف عن التمويل و الحسابات و الاسرار،ماعدش فيه بعبع و لا دولة عميقة,0,Tunisia
1469,": : ""كونوا على يقين أن هناك شيء ينتظركم بعد الصبر ليبهركم فينسيكم مرارة الألم!"" قولى يا رب !",0,Modern Standard Arabic
1470,", , #استرجل",0,Modern Standard Arabic
1471,وزعلانين اذا رفعنا سعر التذاكر .. غصب عنك تدفع وانت ساكت عشان تشوف الاتحاد وجمهوره,3,Saudi Arabia
1472,إلا أولادي وأمهم وإلا شرفي الشخصي والمهني أنا مقتنع بالقانون الذي أصدره مجلس الشعب ولن ترهبني مثل هذه الحملات,0,Modern Standard Arabic
1473,5 من لا يوافق الرئاسة على هذه الرؤية ويعارضها مكانه الوحيد في السجون وغياهبها!,3,Saudi Arabia
1474,48670715 _ قلت وأكرر المجد لعاصري الليمون لأن وجودهم على رأس معارضي مرسي الآن هو ماينفي عنها تهم الفلولية,2,Oman
1475,#الهولوكوست في نظر #عباس المحتاس أبشع جريمة في التاريخ لعنك الله يا عباس #إسرائيل,0,Algeria
1476,لو صح خبر مبادرة قيادات الجيش بالاعتذار لمرسي واعادة هيكلة الجيش ومحاكمة الانقلابيين والقتلة سيكون ذلك أفضل حل للازمة وانقاذ لمصر من الخراب,0,Modern Standard Arabic
1477,"في حفل ""المصريون"" أنا حاسس إني عيل صغنن متذنب في حصة أخلاق عشان حاجة ماعملهاش",0,Egypt
1478,__ #نفسك_فى_أية_فى_الجنة_ ؟ أرتاح بدون نوم آكل بدون هم أضحك بدون نهايه أبي أحط أول رجل فيها أقول هذا الحلم المنت,0,Oman
1479,_ سيبك انت انت شخصية جميلة,2,Egypt
1480,"متحدث #الحرية_والعدالة : عملي مع #الإخوان ""سبوبة"" والنيابة تأمر بحبسه ميمو",0,Egypt
1481,شهداء أسيوط فى جنة الخلد لن يضيع حقكم و لن نرهب من القتلة و الإرهابيينو يوم الحساب لقريب,0,Egypt
1482,"بعد مصادرة فيلم حلاوة روح, منع #سما_المصري من الغناء! متى يرفع مسئولوا هذه الدولة الوصاية على هذا الشعب؟ #لا_للسلطوية",3,Modern Standard Arabic
1483,عاوز ايه من شعب اكتر واحد متفائل فيه مات محروق :) #ابراهيم_الفقى,0,Egypt
1484,ولا يفتح الباب للفوضى والفراغ إن نحن أحسنا إدارة عمليات وضع الدستور وانتخاب الرئيس,0,Modern Standard Arabic
1485,ساعات عينك بتجبرك انها تيجي قدام عيون ناس تانيه متعرفهاش وقتها كل واحد بيسحب عينه و بيمد و يجري عشان يداريها #احساس_غريب,0,Egypt
1486,2525 أنا برضه اللي بتكلم زي عمر سليمان؟ ده شكله متعلم منكم وبكل أمانة أنا كنت أحترمكم أيضاً ولكن كفاية وهم لحد هنا,0,Egypt
1487,لو كل #زملكاوى/ه قعدو يشتمو فـ #ميدو واللعيبة أنا مقدر ظرفكو ماشى وأحب أقولكو عندك 21 فريق تانى ممكن تشجعهم يا كــمك بس متشتمش #الزمالك :/,3,Egypt
1488,العالم لا يملك ترف إهمال مصر أو التدخل بفجاجة في الشأن المصري #السادة_المحترمون,0,Modern Standard Arabic
1489,# فى قلبى ما #أموووووت,2,Egypt
1490,دعم المعتصمين والثوار واجب وطني,2,Iraq
1491,آه فهمت بيفكر المشاهد المحروم انه محروم ماشي موافق بس هو محروم ليه بقى؟ السبب بعيد جداً عن الفن,0,Egypt
1492,عادت حملة التشويه و الأكاذيب بقوة أجهزة النظام السابق تعمل بنفس الكفاءة نظام يحاول قمع الفكر المخالف هو نظام ترتعد فرائصه الثورة ستنتصر,0,Sudan
1493,مجانية التعليم حق لكل مواطن,2,Qatar
1494,قلبوا الدنيا بعد سحل حماده فى زمن مرسي وصمتوا امام قتل معتقلين بالسجون تعذيبا وبعربة ترحيل,3,Egypt
1495,شهداء الاخوان دمهم عزيزنطلب لهم الرحمة لكن الاخوان هم الذين اعتدوا وضربوا وسحلوا وعذبوا البناتيا إخوان لا تتاجروا بالشهداء فتزدادون سقوطا,0,Egypt
1496,ربما اسىء فهم اشارة فى النص متعلقة بالحوار مع البرلمانات و انا لم اطلب التدخل مع هذه البرلمانات و لكن بالحوار بين المنظمات #,0,Sudan
1497,محمود الشامى العضو الجاهل لاتحاد الكرة يقول ان شعار رابعة محرم دوليا الجهل نوروون,3,Oman
1498,مع احترامي لأنصار شفيق ارجو ان يتفهموا ان زعيمهم لم يكن اختيارا ممكنا لكل من اشترك في الثورة لا يمكن لمن ثار ضد مبارك ان ينتخب مبارك اخر,0,Yemen
1499,#الداخليه الفاشلين بتوع 50% وافقت على حضور جمهور فوق سن 29 سنه على #ا لتراس تركيب دقون,3,Egypt
1500,أفضل ممثل لثورتنا#30_يونيو هو قائدهاسيادةالمشير علشان كده #السيسي_رئيسي_2014 #سأنتخب_السيسى_و_مش_هنزل_لمستواك,2,Egypt
1501,لم يترك الانقلاب نقيصة الا وعملها,3,Yemen
1502,الخبر المتداول على بعض المواقع الصحفية والإخبارية والذي يزعم حصولي على تمويل أجنبي عار من الصحة تماما، ينبغي إيقاف حملة الإفك والتشويه فورا,3,Modern Standard Arabic
1503,#عمر_جابر مننا هيه هيه #زملكاوى زيينا هيه هيه #لاعب_بعقلية_أولتراس,2,Libya
1504,بيقولك سكاى نيوز اخوان انما السيسى هيضرب الاسطول الامريكى بالسيف الاوميجا #انقلاب_مصر #مرسي_رئيسي #_,0,Egypt
1505,ليه يوصلوا الواحد في سنة إنه يكره عيشته واليوم إللي إتولد فيه؟ #ثانوية_عامة #علمونا_صح,3,Egypt
1506,واهو كل واحد يعمل اللي يريحو ;) #عمرو #سنة_بيضا #خرة_علي_دماغي,0,Egypt
1507,_ الشعب السعودي الآن مثل خزان الوقود ينتظر عود ثقاب فقط مثل بو عزيزي في تونس وشبه مؤكد ان الثورة ستكون بع,0,Oman
1508,1 فكرة المقالة حلوة وأسلوبك في توصيل الفكرة حلو كان ناقصها بس شوية أمثلة لتأكيد المعنىبس الله ينور عليك,2,Saudi Arabia
1509,2050 بقول لك كنت موجود تقول لي قنوات مبارك؟ خلاص كده مش هينفع أكمل معاك الحوار ده معذرة وربنا يهدينا جميعا للحق,0,Egypt
1510,الإخوان اختاروا رضا الأمريكان خلاص، بانت من زمان وده اللي هيعمق خلافهم مع السلفيين ومش بعيد تلاقيهم بيعايروا السلفيين بعلاقة بعضهم بالأمن,3,Egypt
1511,"لا تنفر من شيء لأنهم قالوا لك عنه خطأ وإنما جربه بنفسك, سر في الطين تتعلم كيف تحفظ توازنك #مصطفى_محمود",0,Modern Standard Arabic
1512,#عبدالمجيد,0,Iraq
1513,ال ع الشمال ده زييت #باسم_عودة الإرهابي أما اللي على اليمين ده زيت الإستقرار هل عرفتم الفرق ؟,0,Egypt
1514,يوم الجمعة هو أحب الأيام للمصريين الأحرار يلتقون معا فى الشوارع بلا موعد ولا ترتيبات يهتفون للحرية وللشرعية ولخير مصر وسقوط الانقلاب,0,Egypt
1515,هيئة مستشارى قضايا الدولة ترفض تعديلات الدستور مؤكدة انه يفتح الباب للفساد وشهد شاهد من اهلها,3,Egypt
1516,#سيناء المهمشة على مدار العصور السابقة واحتمال تكون القادمة,0,Sudan
1517,وزارة الأوقاف بمصر تمنع #برهامي من الخطابة #الجمهور |#مصر #الشيخ_العرص #حزب_النور #الانقلاب_العسكر,3,Egypt
1518,#يحيي_قدري:مخطط #الإخوان ب #سيناء يؤكد أنهم خطر على #الدولة قال #حزب_الحركة_الوطنية المصرية إن التقرير الذي,3,Modern Standard Arabic
1519,الطعم هنا للشعب الغلبان اللي نفسه يخلص من النائب العام يعني بيقوللك قول أيوة على دستور معيوب واحنا نشيله وتلبس انت ابدي!,3,Egypt
1520,يعتبر الأسواني موقفه من شفيق لحظة فخر في تاريخه يمتد الفخر لأولاده وأحفاده عندما وقف امام صبي مبارك وكشفه امام الشعب فاضطر المشير الى طرده,2,Modern Standard Arabic
1521,فى زمن الانقلاب قتل المسلم الملتحى فى مصر ليس ارهابا هى الحرب على الاسلام واستعطاف الغرب نحو الاقباط,3,Egypt
1522,صديقي العزيزكخة كدة #غزة #نهضةـالإنجغة,3,Egypt
1523,غير صحيح وموقفي الرافض سجل في أكثر من مقال بجريدة الوطن وبتصريحات لصحف أخرى من بينها اليوم السابع لكن حق التظاهر السلمي مكفول دوما,0,Saudi Arabia
1524,إيه يا ولاد الوسخة فيه إيه؟؟؟!!!! #ثورة_الانترنت #تي_إي_وساخة,3,Egypt
1525,#عن يوم #حلو مع ناس بتحبهم عمرك ما هتقدر تنساة,2,Egypt
1526,تصرفات القادة !! نعم لأردوغان مصر !,2,Sudan
1527,اين خالد زين رئيس اللجنة الاوليمبية؟ صراخ وتهديد وشجاعة فى زمن مرسي من خاف سلم والجبن سيد الاخلاق,3,Yemen
1528,احرق دم الاخوان و ادبح بدل الخروف اثنين و انصر الغلبان,3,Libya
1529,"#اعتراف : غيابك المر شتت زاهي حضوري !""",0,Yemen
1530,"اذا كنا بنقول انه رحمة للعالمين طب لما تقتل الناس اللي عقيدتها مش عجباك و تشتم الباقي, فضل مين من العالمين؟",0,Egypt
1531,"#ناجح_إبراهيم: #ثورة_يناير ""فككت"" الدولةوالفيوم وبني سويف معاقل للفكر التكفيري #أخبار #مصر",3,Egypt
1532,أزهى عصور اللخفنة,3,Lebanon
1533,134 شهيد و3400معتقل قتل وتعذيب واعلان دستوري يجعل إرادة مرسي فوق القانون لكن اردوغان لم يعترض الا عندما خلع الشعب مرسي الاخوان ملة واحدة,3,Yemen
1534,"اعلام العار يبدأ حملة (نعم للدستور) قبل أن يظهر أو يعتمد أو يعرفه أحد, سياسة القطيع هش عليه",3,Modern Standard Arabic
1535,سمعتها كتير بس اول مرة احسها وافهمها وعرف انها حلوه اووى كدا اغنية #شيرين انا كلى ملكك,2,Egypt
1536,برغم مايظنونه إنتصارا يبدو الإخوان وحلفاؤهم عصبيين جدا يتحدثون عن نخبة معزولة ومع ذلك ينهالون فيها شتما وتخوينا وكل مايشغلهم الآن قمع الخصوم,3,Modern Standard Arabic
1537,شكراً جزيلاً على تعليقاتكم الجميلة ويا رب يعجبكم الفيلم إنتم كمان,2,Egypt
1538,بعد سقوط كل هؤلاء الشهداء ومشهد الرجل المسحول الازال مرسي محتفظا بوضوئه هل تصح صلاته وهل يتقبلها الله وهي مغموسة بالدم سؤال للفقهاء,0,Saudi Arabia
1539,#اعتراف انا مبخفش من اى حاجة تتخيلها #حقيقة #اه_والله,0,Egypt
1540,أصدق مافي تاريخ حسنين #هيكل هو عملة من أجل قطر وعلاقته بأمير #قطر,0,Egypt
1541,# نختلف مع الحكومات العربية ،لكن الحديث عن اسرائيل وكأنها جنة وسط الصحراء ، كلام تافه اسرائيل عنصرية واستعمارية وا,3,Oman
1542,ملف العدالة الاجتماعية هو الملف الاهم و الابرز لمحاربة الافكار المتطرفه,0,Yemen
1543,المصرى الحقيقى كالهرم الشامخ رفقته شرف و التواصل معه حق و نسيانه محال و الدعاء له واجبكل عام و انتم بخير و مصر طيبة و حرة آمنة,2,Egypt
1544,علي فكرة عبد الله السعيد صانع الاهداف الثلاثة الماتش الاخير,2,Libya
1545,اطلقوا اسم رابعة العدوية على مدرسة بالمغرب وحديقة بتركيا والانقلاب يطمسها مع اشارتها ليخفوا اكبر مذبحة فى تاريخ مصر,3,Egypt
1546,الديمقراطية هي السبيل الوحيد للانتقال من النظام الحالي الذي يقمع الحريات الي نظام يحمي حرية الشعب ويصون كرامته قد حان وقت التغيير,0,Modern Standard Arabic
1547,مبدا تهجير الأقباط من منازلهم عند حدوث توتر طائفي جريمة إضافية في حق مواطنين مصريين صدقوا ان هناك دولة لا اصدق ان الشرطة عاجزة عن حمايتهم,3,Saudi Arabia
1548,وهذه الاحداث من شأنها إدخال البلاد فى فوضى وفتنة طائفية، و دفع المجلس الاعلى إلى اتخاذ قرارات تعطل عملية التحول,3,Egypt
1549,_2441 20140 __ لا مرحبا بالخرفان #سأنتخب_السيسى_و_مش_هنزل_لمستواك,0,Egypt
1550,صمت بعض الصحفيين والإعلاميين في صحف الأحزاب ووسائل الإعلام الخاصة عن خطورة تفعيل قانون الطوارئ وتقييد الحريات بل وترحيبها به,0,Modern Standard Arabic
1551,ارتفاع اسعار #الغاز #السولار #البنزين #الدواء #الغذاء في #مصر صدق #السيسي في انه سيرفع الدعم وانه عذاب ومعاناة #انتخبوا_العرص,3,Yemen
1552,الامن والامان في حكم العسكر اصبحنا فعلا اضحوكمة العالم #انتخبوا_البرص,3,Yemen
1553,ربنا يخليك ليا !,2,Egypt
1554,تقرير ناري #الجزيرة تفضح علاقة #وزير #الداخلية بالبلطجي صبري نخنوع _,3,Tunisia
1555,إذا استمرت القيادة المصرية الحالية في نهجها فسنرى تمردا وإرهابا في #مصر,3,Modern Standard Arabic
1556,أنا عمري ما ساندت ولا هساند الإخوان ده أنا قاطعت كل الإنتخابات عشان كانت متظبتالهم وما زلت ثابت على رأيي الإنتخابات اللي جاية لن أقاطع,3,Egypt
1557,"بعض الناس يتميزوا بالثبات على مبدا ""عدم الثبات على مبدأ""",0,Iraq
1558,تحالف الاخوان : الانتخابات الرئاسية باطلة لان مرسي مازال رئيساً #مصر #ميدان_التحرير,3,Egypt
1559,الف مبروك للاخوان ،مبارك فضل يخوفنا بفزاعة الاسلاميين تلاتين سنة و ماخفناش، انتم و حلفاؤكم قمتم بالواجب غباء,0,Sudan
1560,"ثم يصل الاستعلاء إلى مداه بإنهاء الحوار و""الكلام معكم ما فيش منه فايدة"" هكذا ينظر أحد أطراف حرس الاخوان الحديدي للديمقراطية وللحوار",3,Yemen
1561,انت الغالى اللى بقالى سنين بهواه #الزمالك #الزمالك_الافريقي,2,Egypt
1562,مش ممكن تكون صدفة اول مرة نسرق اشارة بث اول مرة نخسر 6 فى افريقيا اول مرة ناس تفرح لخسارة فريقها,0,Egypt
1563,#سوريا_فى_القلب سبحان من وضع في قلب العربي سوريا و اليمن والصومال ومصر وليبيا وتونس والبحرين والكويت بلاد العرب في ال,2,Sudan
1564,ومن أمارات البلاهة الإخوانية: الفرحة بالحديث عن ضعف المعارضة وغياب البديل السياسي مع أن ذلك يستدعي الخوف لأنه يعني انفجارا عشوائيا أخطر,3,Modern Standard Arabic
1565,مبروك على مصر وأهل مصر ا بطال ا شاوس المحترمين المتعلمين المثقفين كل شعب مصر شعب راقي كلمتكم الموحده و #سأنتخب_السيسي,2,Yemen
1566,"واضح ان الجون بتاعنا ده عصبهم دلوقتي ""هالك"" هايخضر ويقوم على الاستاد يدغدغه",0,Egypt
1567,بالنسبة للناس الي بتقول انها #هتحبك_لو ضحكتها وهي بتعيط حضرتك انا مش هسيبها تعيط أصلاً,0,Egypt
1568,و فيا تضاد علي الاخر انا العاجز انا القادر و انا الموجود فيه منه كتير ف نفس الوقت انا نادر #صلاح_جاهين,0,Egypt
1569,صباحي بنظرة عيونك غير ، قوم و غير لي #صباحي,0,Saudi Arabia
1570,المرأه ب النسبه لي ك البحر تغرق فيها لكي تفهما #اليوم_العالمي_للمرأة,0,Yemen
1571,الشباب المتأثر بالفكر الوهابي يحمل نوايا طيبة لكن ليس هذا حال القيادات تاريخياتحالفت الفاشية الدينية مع مع العسكر دائماً كما يحدث الان,0,Saudi Arabia
1572,السيسي أكثرالمسؤلين المصريين في عهدمبارك والمجلس العسكري زيارةلإسرائيل ول يوم يقدم لهم القرابين حتي يرضواعنه فهو كنزهم الإ,0,Sudan
1573,"المجد لشهداء ""#محمد_محمود"" الذين سالت دماؤهم لتروي شجرة النضال",2,Modern Standard Arabic
1574,"مأساة !! عضو العسكري وأحد المسؤولين عن الحكم: المتظاهرين""رفضوا تماماً حمايتهم من المجهولين"" نجاح الثورة لا ريب فيه والنظام السابق الي زوال",0,Libya
1575,#السيسى_هايصالح أحمد عز وزينة وهاياخد العيال يربيهم علشان يتفرغوا لخلفة عيال تانية #الجيش_قتل_رضا #حاميها_حراميها #الداخ,3,Egypt
1576,بابا الازهر دعا لقتال معارضى الانقلابى وكشف جهله بالقرأن الى اقصى درجة تشعر بجهله فى حديثه عن الجزية اخر لخبطة,3,Egypt
1577,كيف تختار البطيخة الحلوة و الجيدة #غرد_بمعلومة #غرد_بصورة,2,Libya
1578,هو اللي عيونه ندوني مالعالم كله خدوني,2,Egypt
1579,أهنئ الدكتور محمد مرسى بفوزه برئاسة جمهورية مصر العربية كأول رئيس يختاره الشعب المصرى ، نتمنى له التوفيق و السداد,2,Egypt
1580,هل ادرك الحقراء الحقيقة؟ اوباما واعوانه خالفوا الدستور الاميركى وتم صرف المساعدات العسكرية لمصر رغم الانقلاب,3,Egypt
1581,#لو_ده_جنان_إتجنن لما تشوف واحد بيعاكس واحده روح اعمل اخوها,0,Egypt
1582,هم خلوني مجنون !!!,3,Iraq
1583,اذا كانت الإعادة بين مرسي وشفيق فواجبنا في حماية الثورة يفرض علينا عمل جبهة وطنية واسعة لكى ندعم الاخوان ضد نظام مبارك الفاسد الدموي,0,Egypt
1584,قصة كفاح حقيقية لشاب مصري من محافظة الفيوم، رغم إعاقته تحدي كل الظروف محمد الكيلاني محمود حميدة، أثناء طفولته,2,Modern Standard Arabic
1585,لماذا يخاف الإسلاميون من الإنتخابات المبكرة إذا كانوا مطمئنين إلى قوتهم في الشارعمصر تستحق فرصة ثانيةأقول قولي هذا وأستغفر الله لي ولكم,0,Oman
1586,اتفرجوا على الإخوان عايزين إيه من الدستور مهزلة !,3,Egypt
1587,يعتدون على خالد داود صائحين يا بتاع جبهة الإنقاذ يا كافر،فليصمت زياد بهاء الدين و رفاقه عن حديث المصالحة و الا سنرد عليهم بحديث الأصابع #مصر,3,Libya
1588,علينا ان نعبر عن غضبنا بطريقة سلمية استعمال العنف ستستخدمه اسرائيل ضدنا على المستوى الدولي يجب ان يكون هناك رد قانوني ودبلوماسي قوى,0,Saudi Arabia
1589,#خليك_مصدق #خليك_مصدق ان الحكومة تبع الاخوان وفيها 11وزير مؤتمر و15محافظ مؤتمر #خليك_مصدق ان هادي من الاخوان,0,Saudi Arabia
1590,"اعلام العار يعترف بالحقيقة ويعلنها: البلد بقت ألعن من أيام مرسي فى كل حاجة, هو انتم لسه شفتوا حاجة, التقيل ورا",3,Egypt
1591,صحف العالم تتحدث بدهشة عن صمود وعظمة وبسالة المصري فى مواجهة دموية الانقلاب هل هتاك شعب يحب بلده مثل المصريين؟ نصرنا قادم ان شاء الله,2,Egypt
1592,إمسك فلول !!,3,Egypt
1593,تشيلسي هو الزعيم,2,Morocco
1594,#اكتب_رساله_لشخص_دون_ذكر_اسمه والله لو ادري اني لي في قلبك معزه ومقدر لأجيك بنفسي لكن واثق بأن كل شيء انتهى,0,Yemen
1595,#تويت_كأنك_ناشط_ايام_حرب_اكتوبر الاسرائليين بيضربونا على الحدود يا منى #البرادعى استايل :),0,Egypt
1596,الأسواني: أتوجه الى أصدقائى في جبهة الانقاذ بسؤال واحد:هل نريد الدولة الديمقراطية التى قامت من أجلها الثورة أم نريد,0,Modern Standard Arabic
1597,امريكا تدفع لمصر مساعدات عسكرية بالمليارات ليقتل الانقلاب شعبه ولا عزاء للديمقراطية وحقوق الانسان,3,Yemen
1598,ادعوكم لقراءة مقالة رائعة كتبها آصاحبي محمد يسري سلامة من ٩شهورعن مغبة شيطنة الميدان من اباخوان والتي ستنقلب عليهم,2,Egypt
1599,الاعتقالات وباء وانتشر فى مصر والحبس الاحتياطى فيروس يلاحق المعتقلين,0,Egypt
1600,هذا الفرق بين الشرعي والمغتصب من تغريدات الرئيس بمناسبة #عيد_العمال العام الماضي ولهذا حاربوه عجل الله فرجه #,0,Iraq
1601,صور مفتي الإخوان المسلمين القرضاوي مع حاخام يهود ومع طغاة العرب #إنصاف_الإخوان,3,Egypt
1602,انت بضان ياض؟,3,Palestine
1603,الله يخرب بيت اللى اقتراح استيراد الفحم قولوا امين #أوقفوا_الفحم,3,Egypt
1604,#زملكاوى انا و الفخر ليا,2,Egypt
1605,لا ودلوقتي اكتشفوا إن هيكل ناصري وإنه سلطوي وبيشرب سيجارطب ولما مرسي كان هيطير من السعادة بيه ومد لقاؤه معاه ساعة كان فاكره بيشرب كليوباترا,0,Egypt
1606,علاء الأسواني يروى عن شباب الثورة: إذا لم نعرف من أين ينفق الإخوان والسلفيون فلا شرعية لأى انتخابات >>,3,Modern Standard Arabic
1607,هل #الاخوان هم من سرقوا البلد وباعوا مؤسساتها وشركاتها وثرواتها للصهاينة؟هل عقدوا صلحا مع دولة الكيان الصهيوني؟هل خنقوا,0,Modern Standard Arabic
1608,علشان الورد الي فتح في جنائن مصر مع باسم #ثورة_25_يناير #باسم_رئيسا_لمصر #انتخبوا_العرص,0,Egypt
1609,ادين بشدة استمرار الانتهاكات والاعتداء على المعتصمين السلميين عند مجلس الوزراء,3,Oman
1610,من يمنع الضيقة على قلب مرتاح ومن يحتوي ضخ الغلا داخل الدم هذي هي الدنيا بها هم وأفراح ليت الفرح يقضي على زايد الهم #بيتين من #الواتس_اب,0,Yemen
1611,"حـازم إمـام: جمـاهير الأهـلى ""بتــفهم كـورة""",2,Algeria
1612,الا يستطيع خيرت الشاطر ان يتصل بحازم ابو اسماعيل ليطلب منه ان يكف ارهابه عن المصريين ام ان الشاطر موافق على ارهاب ابواسماعيل الاجابة واضحة,3,Yemen
1613,على فكرة الخطاب ماكانش طائفيو هو بيتكلم عن الاخوان كجماعة سياسية تستخدم الدين على حد قوله في لاغراضها،الطائفية لما يهاجم دين,0,Libya
1614,انفولو بلال مرشح الكنيسة و نصير دولة الفقيه ايوه الاتنين مع بعض,3,Egypt
1615,واضح ان شباب الاخوان رغم ذكائهم مغسولة دماغهم تماماً أدعوكم الى قراءة كتاب البشري الاسلامي لتعرفوا انتهازية قادتكماقرءوا الكتاب لتفهموا,3,Oman
1616,الوفاء الشهامة العفو قصة من روائع الحضارة الإسلامية - استمع لحلقة جديدة من حلقات بسمة أمل,2,Algeria
1617,تحلموا بوطن سعيد فخلف كل #مبارك #مبارك جديد وخلف كل شهيد شهيد جديد فكلهم #حسني_مبارك وكلنا #خالد_سعيد,0,Iraq
1618,ضد الظلم مع باسم #ثورة_25_يناير #باسم_رئيسا_لمصر #انتخبوا_العرص,0,Egypt
1619,درية شرف الدين امرأة على الوشين لا مهنية ولا اخلاق ولا وطنية ولا حياء الملايين ملأوا شوارع مصر وشاشاتها تنقل ميادين اخلاها الجيش للتصوير,3,Saudi Arabia
1620,حيث إن أصل استخدام الكلمة كان للمجند حديثا في الجيش العثمانلي، ودا كان غالبا فلاح، ودي كانت بتعتبر شتيمة #أصل_كلمة_مصرية #لغةمصري,0,Sudan
1621,لن يعود لمصر توازنها الا بحل سياسي يبدأ بالشفافية و المصداقية وبحكومة انقاذ وطني من أجل استعادة الأمن وتعافي الاقتصاد وبدستور لكل المصريين,0,Egypt
1622,طغمة الانقلاب لا تتورع عن اعتقال النساء الذي أصبح ظاهرة تتجاهلها جماعات حقوقية تقرير للجزيرة,3,Modern Standard Arabic
1623,#كدبه_ابريل,3,Egypt
1624,المضمون الوحيد لإعلان مرسي الدستوري هو استبداد رئاسي مطلق، مصر أمام انقلاب مرعب على الشرعية وسيادة القانون واغتيال كامل للتحول الديمقراطي,3,Modern Standard Arabic
1625,#انتخبوا_العرص المفوضية الأفريقية تقبل دعوى ترفض أحكام إعدام بمصر #مصر,3,Egypt
1626,في #عيد_العمال نستذكر ان هناك من ساهم وساعد ووشى وتشمّت وأظهر حقده وكرهه وتسبب بفصل قرابة ٥٠٠٠ موظف ! هنيئا لكم مزبلة التاري,3,Yemen
1627,"أبو تريكة عن صلاح وجدو: ""أحسن اتنين احتياطى فى العالم""",2,Egypt
1628,سؤال:هل ال ١٠ الاف جنية الي بيوعد بيهم صباحي شباب مصر هما نفس ال ٢٠٠ مليار الي وعد بيهم المعزول راعي الارهاب #سانتخب_السيسى #حركة_كايدينهم,0,Egypt
1629,هناك تويتات جميلة منسوبة لي لا أستحقها و أخرى تثير بلبلة نحن جميعاً في غنى عنها,0,Modern Standard Arabic
1630,"أمير العمري: ""الشتا اللي فات"": شهادة سينمائية بليغة عن الثورة",2,Egypt
1631,إلي الدكتور مرسي: في ظل انقسام مصر الواضح و الخطير الي فسطاطين هل ستدرك ضرورة أن تكون رئيساً لكل المصريين ؟ الحكم أمانة,0,Sudan
1632,الصورة مني والتعليق منكم ولكم :) #اسطورة,3,Iraq
1633,يعني اخوان لوط ناس طاهرة؟,0,Saudi Arabia
1634,"رفض الدستور الباطل سيستمر بالاحتشاد في الميادين والتصويت بلا في الاستفتاء والمقاطعة، الدستور باطل واستفتاء ""المرحلتين"" تغيب عنه شروط النزاهة",3,Modern Standard Arabic
1635,678 ماحدش يجبرك على حاجة روحي الفيلم الكويس وقاطعي الوحش,0,Egypt
1636,اوعي تفكر تفكيرك خط احمر #كاريوكى,0,Egypt
1637,معااااااااااااااااااك يا ريسنا معاااااااااااااااااااااااك #تحيا_مصر #السيسي_حبيب_الملايين #سأنتخب_السيسي,2,Egypt
1638,#شوقي : ولد الهدى فالكائنات ضياء وفم الزمان تبسم وثناء/ اللهم صلي وسلم على سيدنا محمد وعلى اله وصحبه وسلم #بكفي_حصار #اضبطوا_شركاء_المخلوع,0,Iraq
1639,فوائد الإلحاد مقال كتبته منذ فترة في الشروق و تعرضت فيه لمغبة التنفير من الدين على يد من يتكلم بإسمه,0,Modern Standard Arabic
1640,احلى #ضحكة بالعالم #كارمن_سليمان #كارمن #محبوبة_العرب #ارب_ايدول #البوم #أخباري #اخباري,2,Jordan
1641,7_ أقرب مما تتصور وإحتمال كبير تلاقيها عند بتاع الطعمية وتترحم عليا وتقول ماكانش يومك يابلال,0,Egypt
1642,القائمة الموحدة هي الوسيلة الانتخابية الوحيدة لإبعاد شبح البرلمان المفتت عن مصر واحتواء خطر إعادة إنتاج النظام القديم,0,Modern Standard Arabic
1643,#أنا_حازم #انصاف_الاخوان#الثائر_البغل #مرسي_رئيسى #سنحيا_كراما #الديوث_برهاميوس#انتخبوا_العرص #_,0,Egypt
1644,بس اعلان فودافون الجديد بتاع عمرو دياب دا حوار .,2,Egypt
1645,عيد فطر سعيد، أعاده الله على مصر والبشرية بالخير والحرية والعدل والتسامح,2,Morocco
1646,إلى كل مناصري الإخوان:لا يستحق مرسي أن تبكوا عليه لحظة واحدة لا تفرطوا في نقطة دم واحدة من أجل هذا الكذاباتقوا الله في بلدكم وأنفسكم,3,Modern Standard Arabic
1647,كيف يعتدى البلطجية ابناء مبارك على الناس امام 5 الاف فرد امن وشاشات التليفزيون ويعترفون بجريمتهم في بيان ولا يقبض عليهم ولا حتى يحقق معهم,3,Yemen
1648,ممكن امك تكون بتحب الفسيخ بس عيالها وجوزها اللي هو ابوك يعني مش بيحبوه وتكون نفسها فيه بس ماتكلوش عشانهم هي ديه #الأم_المثالية,2,Egypt
1649,#مصر_الليلة فياض: الانقلابيون فعلوا ما لم يفعله كفار قريش عبر,3,Modern Standard Arabic
1650,بلاش الخيال المريض ده وكفاية عداء وكره للاخوان,3,Egypt
1651,#خلق_جميل الكرم,2,Iraq
1652,لقي الممثلون المصريون من منافقي سيسي والانقلاب ما يستحقونه من لعنات فى افتتاح مهرجان مالمو بالسويد انها البداية يا عبيد البيادة,3,Modern Standard Arabic
1653,"حاطين جاموسة ع الجوازات بتنادي ع الخواجات كده: ""بِس بسبس بس"" حاجة تعر",3,Egypt
1654,با حضان يا غالية #الجونة,2,Libya
1655,ما علاقة احترامي للبسطاء بذكر الحقيقة الاميون أهلنا نحترمهم لكنهم يصوتون على مواد لا يعرفون قراءتها هل نمجد الأمية ام نعترف انها معوقة,0,Saudi Arabia
1656,نحترم البرادعي لكن سنقف ضد اخطاءة بالمرصاد ،فحن لسنا اتباع مرسي المتواطئين بالصمت على الاخطاء لتتحول الى جرائمعادل عبدالحميد,0,Yemen
1657,صرح عمرو موسى انه سيتصل بشفيق ليشكره على كلامه الطيب عنه وأضاف موسى انه سيناقش تكوين فريق رئاسي مع شفيق شفيق وموسى وجهان لنظام مبارك,0,Modern Standard Arabic
1658,"#ذكريات_مدرسية #جيل_الثمانينات لن يفهما غير العباقرة "" كنت عامل بيه غسالة",0,Sudan
1659,أيها الأصدقاء برجاء قراءة التعليقات ستلاحظون ان الذين يدافعون عن الفكر الوهابي هم الذين يشتمونك بمجرد ان تختلف معهم ما أبعدكم عن الاسلام,3,Modern Standard Arabic
1660,48 نظرة برجماتية يمكن الليما عندوش قلب يفهم من بطنه,3,Algeria
1661,شعرت بالحزن أثناء زيارتي للكنيسة بعد أن تحدث معي العديد من الأقباط عن إحساسهم بالظلم الواقع عليهم كأقلية في مصر,3,Modern Standard Arabic
1662,ندعو الشباب المؤمن بمبادئ الوسط والراغب في المشاركه الفعاله للتواصل معنا واستكمال الاستمارة المرفقه,0,Yemen
1663,زعيم شعب البيادة 50% فى الثانوية وزعيم الشعب الحر دكتوراة من اكبر جامعات العالم,0,Egypt
1664,#الوفد - تأسيس #السيسى لحزب سيصيب الحياة السياسية بالخلل,3,Egypt
1665,الإخوان ذهبوا مهرولين ليكونوا راعي المشروع الأمريكي الفاشل في المنطقة هم فاشلين ومشروع الأمريكان فاشل الطيور على أشكالها تقع,3,Egypt
1666,"ياسر أبو عمّار في #سياسة_في_دين : غيّرت موقفي من حزب #النور بسبب مواقفه المخزية مع الرّئيس #محمد_مرسي ووقوفه مع """,3,Egypt
1667,اللي اختشوا إنشقوا لذلك لا أراهن إطلاقا على ضمائر المنتمين للإخوان لأن نطاعة السمع والطاعة قتلتهاأراهن فقط على البشر اللي هيكتشفوا الكذب,0,Egypt
1668,أيها الاخوان عرفت منكم شخصيات جيدة لكن نظام الجماعة يلغى تفكيركم تماماً مادمتم تعتبرون ان تلبيس مرشد الاخوان حذاءه شرف لكم لن تفهموا أبدا,0,Modern Standard Arabic
1669,مرسي رئيسي #هاشتاج انتخبوا العرص,0,Egypt
1670,نزلنا نأييدك ومفيش حاجة اتغيرت وبقينا مسخة للعالم,3,Egypt
1671,وزير البيادة نائم داخلها قرعة المونديال فى القاهرة وليست فى الاقصر كما قال الكذابون,3,Egypt
1672,تعرضت لكل هذا من معسكر أخر بعد قانون العزل وواجهته وفندت زيفه أرى نفسي في كتلة ثالثة ليست مع عودة النظام القديم ولا مع هيمنة فصيل واحد,3,Modern Standard Arabic
1673,# # مؤتمر ناجح لحزب الوسط بالسويس وكلمة عصام سلطان التي قاطعها الحضور بالتصفيق عدة مرات,2,Oman
1674,ما حجم اعمال الشاطر وكم تبلغ ثروته وما مصادرها وهل دفع الضرائب طبقا لنفس القانون الذي يطبق على ساويرس التطبيق الانتقائي للقانون فساد فاحش,3,Modern Standard Arabic
1675,حياتنا السياسية بها استقطابات حادة بعض من صوتوا لحمدين وأبو الفتوح سيصوتون لمرسي أو شفيق، وآخرون وأنا بينهم سنكون في معارضة ديمقراطية,0,Modern Standard Arabic
1676,كان سيصبح حظ مرسي أفضل في الحكم لو لم يكن قد اهتم بقراءة سيرة قائد جماعته حسن البنا، بقدر إهتمامه بقراءة سيرة نيلسون مانديلا,0,Modern Standard Arabic
1677,"#خالد_علي: رفع أسعار #الغاز ""إجرام سياسي""",3,Egypt
1678,"عدم السماح لغير المنتمين الازهر الشريف اعتلاء منابر المساجد ""كفاية عك"" #في_حاجة_صح",0,Egypt
1679,اخونا الحبيب نور الدين عبد الحافظ بخير احلى خبر من يوم مجزرة فض رابعة بشرة خير جديدة قبل سقوط الانقلاب ان شاء الله,0,Saudi Arabia
1680,#لو_ده_جنان_اتجنن انزل الشارع اقف قدام عربية واعمل انك بتربط الكوتش وطلع الموبايل وبص فيه واعمل انك بتدور على عنوان وابقى قابلنى لو حد سابك,0,Egypt
1681,#الاماراتييون_يعتدون_على_سيارات_القطريين يجب ان يكون لاحرار #ساحل_عمان وقف ضد التصرفات الطائشة لـ #محمد_بن_زايد ومستشاره #دحلان,0,Yemen
1682,تصويت جماعي برعاية الاخوان داخل 4 لجان بمدرسة الحوامدية الاعدادية المشتركة وبتواطؤ القضاة المشرفين,3,Iraq
1683,في وجود الببلاوي الفاشل تزداد معاناة المواطن في #مصر بعد حادث قطار دهشور #,3,Modern Standard Arabic
1684,حاول اعرف إسلامي من واحد زيك عامل نفسه وصي على إيمان الخلق وتكبر عليهم باسمه ونعم الخلق,3,Saudi Arabia
1685,أشارك في وقفة صامتة بالإسكندرية يدعو إليها شباب مصر تضامنا مع ضحايا التعذيب وإدانة لتلك الممارسات,0,Modern Standard Arabic
1686,لماذا أراك على كل شيء كأنك في الأرض كل البشر كأنك درب بغير انتهاء وأني خلقت لهذاالسفر إذاكنت أهرب منك إليك فقولي بربك أين الم,0,Modern Standard Arabic
1687,#خلق_جميل الحياء/ الرجولة,2,Iraq
1688,مستشارا الطرطور مصطفى حجازى واحمد المسلمانى يتعاركان علنيا للفوز باكبر نصيب من تورتة الانقلاب,3,Egypt
1689,عمرره96 وجاي متعني ليحضر ويفرحكم ويقول الشقيق من محبته لكم وتجون تتقطقون ياشيخ استح على عمرك انت وياه ' جعل عمرهه طويلل #,0,Oman
1690,يسقط دستور جمهورية مرسي الإخوانية,3,Egypt
1691,المحامى عن المتهمين فى تفجيرات دهب: لا متهم بأسم عادل حباره الذى اتهمته الداخلية بتنفيذ مذبحة الجنود فى سيناء دول بيكدبوا فى الكدب,3,Egypt
1692,اذا أجريت الانتخابات بنفس القضاة والضباط الذين اشرفوا على التزوير بنفس النائب العام مع احالة من يعترض الى محاكمة عسكرية النتيجة معروفة,3,Saudi Arabia
1693,#ارتقوا_و مش كل واحد هتشوفوا مختلف معاك في الرأي يبقى حمار ومش بيفهم !,0,Egypt
1694,قطع اذن مواطن واحراق الكنائس والاعتداء على اهالي الشهداء كل هذا مسموح به وعندما يكتب شاب ثوري على الحائط يقدم لمحاكمة عسكرية اين العدل,3,Saudi Arabia
1695,نفاق بديع,3,Iraq
1696,"#البرادعى قال مصالحه يبقى خاين, #السيسى قالها يبقى #لا_للمصالحة بس هو بطل مغوار #تويت_كانك_معرص",0,Egypt
1697,أمي ليس لها يوماً مُحدد !! أمي كُل الآيام لها #عيد_الأم,2,Oman
1698,"عنوان المصري اليوم ""باسم يوسف يظهر ملتحيا""عنوان غريبكأن الذقن حكر على مجموعة من الاشخاص النمطية مرض",3,Saudi Arabia
1699,الانقلاب يقترض 62 مليار اخرى من البنوك فى سبتمبر اموال المصريين تتبخر بكره تشوفو مصر,3,Egypt
1700,كل من يقف ضد مواجهة الإرهاب في مصر إرهابي #السادة_المحترمون,3,Modern Standard Arabic
1701,عندما يتحدث عزمى مجاهد عن المبادئ والأخلاق في الرياضة ويهاجم نجوما ساندوا الحق والشرعية في رابعة والنهضة، نحن في زمن لميس وكل خسيس,3,Modern Standard Arabic
1702,المرأة هي سر توازن الحياة وسر جمال الكون ومصدر المحبة والرحمة في هذا العالم كل عام وأنتن أقوى وأجمل وأفضل #يوم_المرأة,2,Modern Standard Arabic
1703,بلغ التدني بالبعض حد وضع صورتي واسمي على حسابات تويتر مزيفة وإستخدامها للتطاول على حبيبتي وزوجتي وللخوض في عرضي، وتداولها عبر مواقع غير جادة,3,Modern Standard Arabic
1704,بعد أن أسقطت الثورة عنهم الحصانةالإخوان بجهلهم جلبوا التعاطف لبعض أعضاء مجلس مبارك العسكري المتهمين بالفساد و صعبوا,3,Modern Standard Arabic
1705,هناك كلام ركيك منسوب إليّ عن أسئلة بعد تنحي مبارك تم نقله من على الفيس بوك الذي لا أملك صفحات عليه، شكرا لبوابة الأهرام التي حذفت الكلام,0,Modern Standard Arabic
1706,بلد بنت وسخة #المنصورة,3,Egypt
1707,#اوعى_تنسى انو احسن هدفين لعام 2014 وبكل صدق تم تسجيلهم بالدوري الاردني,2,Jordan
1708,إلى المصريين الأحرار إلى شعب مصر العظيم حانت ساعة الاتحاد و الاعتماد على النفس لا بد أن نقف وقفة رجل واحد ضد الإرهاب و داعميه بالخارج,2,Algeria
1709,يعني مثلاً مبسوط إنهم بيتقتلوا وبهرج على الموضوع ده؟ جايز تكوني فهمتي كده لو متربصة بس إنما بدون تربص المعنى واضح جداً,0,Egypt
1710,كيف تعلن اللجنة العليا للانتخابات عن نتائج الاستفتاء قبل التحقيق في الانتهاكات والتزوير الاخوان يستهينون بالشعب مثل مبارك وسيلقون مصيره,3,Oman
1711,مبارك كان بيحكم من شرم الشيخ والسيسي حيحكم من شارع خمسه باب #انتخبوا_العرص,3,Egypt
1712,#عيد_الأم #امي امي يا اجمل ما يبدأ بهِ يومي فَ سبحان من صنّع من دعواتكِ سعادةٌ لي لا تنتهي,2,Oman
1713,"ودا قمة السفه في الصحافة !! ""الفن بعد ثورة 23 يوليو وبعد ثورة 25 يناير #مصر #الثورة """,3,Sudan
1714,تهميش المثقفين والنساء والشباب والمجتمع المدني بتشكيل التأسيسية وتغليب الحسابات الضيقة لبعض الأحزاب المدنية لا يمكن أن يقبله الرأي العام,3,Modern Standard Arabic
1715,الاعتداء الهمجي على المحامين في قسم مدينة نصر يحتاج الى تدخل حاسم من الرئيس مرسي الذي تعهد بالحفاظ على كرامة المصريينأيها الرئيس نفذ تعهدك,0,Oman
1716,وكل عيد قيامة وأنتم ومصر بخير,2,Algeria
1717,تم تقسيم شعب مصر أخلاقيا احرار وشرفاء ومتسامحون ومؤمنون مع الشرعية والعكس بالاضافة لجهلاء واغبياء مع الانقلاب,0,Iraq
1718,#خالد_بن_الوليد قتل رجل مسلم وتزوج امراته في نفس اليوم بلا عدة بلا بطيخ,3,Modern Standard Arabic
1719,بعد الاسرار التى قرر الادلاء بها فى مذكراته مطلوب حماية سامى عنان من نفسه ومن ضباع النظام,0,Egypt
1720,عجبت لفصيل يدعي الاغلبية الكاسحة و يعكر صفوه برنامج اسبوعي لا يتعدى الساعةعايزين سلطة و معارضة تبقى معاهم,3,Tunisia
1721,إنكار سالم عبد الجليل صاحب فتوى قتل الجيش للمتظاهرين علي قناة الجزيرة لأقواله لن يبرئه عند الله ولا عند الناس,3,Libya
1722,"استمرار مأساة غرق شبابنا في محاولات يائسة سعيا وراء ""لقمة العيش""ما هي أسبقياتنا وأين نحن من أهداف الثورة : عيش،حرية،كرامة إنسانية ؟",0,Modern Standard Arabic
1723,عصام سلطان يكتب | فاجعتــان,0,Tunisia
1724,مايمرروهمهما عملوا الدستور ده مش هيعيشلأنه ولد ميتا وبني على باطل وسيقود إلى باطلدي قناعتي ومؤمن بيها,3,Egypt
1725,"شبكة رصد الإخوانية بتسلم ابنها ""عمر فرّاج"" تسليم زفر وبيقولوا انه جاسوس لتركيا ،ويقولك احنا إخوان #سلملي_على_اخلاق_الجماعة #مصر #فلسطين",3,Egypt
1726,مرة واحد مراته عقدها اللي بتحبه اتقطع فسهر طول الليل يلم في حباته عشان متزعلش (: #سيدنا_النبي #السيدة_عائشة #الحب,2,Egypt
1727,# _ _ مش هنسي اي لاعب لبس تيشيرت #الزمالك و لعب علشان الزمالك مش علشان الفلوس و حب الزمالك و جمهور الزمالك من قلبه ^_^,2,Egypt
1728,#مصر #مرسي #رابعة #مكملين #انتخبوا_العرص محاضرة فى السعودية لتعليم العبودية باسم الدين وفى آخرها سحب على آيباد !!!,0,Egypt
1729,واحشني قوي و انا مقصر معاك عندك حق :) كلم شادي و الشباب و خلينا نتقابل يوم الجمعة و العشاء عليا,2,Egypt
1730,الحضيف الجبان يرتوت لتغريدة يتهم فيها الملك عبدالله بالإرهاب ثم يقوم بحذفها !! #رتويت #الارهاب,3,Saudi Arabia
1731,المجلس الانتقالي الليبي يكرم قناة ''اون تي في'' الفضائية المصرية، باعتبارها أفضل قناة فى تغطية أحداث ليبيا #25 #,2,Egypt
1732,طال #غيابك عني #ليه ؟؟ معقول #نسيتني و لا #ايه !!,0,Egypt
1733,طبيعي لأنهم في الخلف !!,0,Sudan
1734,إنجاز الثورة الأعظم أنها فرضت الشعب طرف في معادلة الحياة في مصر بعد ماكان غايب عنها آلاف السنينوإشاعة اليأس سبيلهم لسرقة هذا الإنجاز,0,Egypt
1735,ربي إني استودعتك حياتي فلا تجعل مرها يسقيني و لا حلوها يلهيني,0,Egypt
1736,د عبد المنعم أبو الفتوح : (الخلافة المنشودة) هي العدل والمساواة والحرية ومكافحة الفساد السياسي والاجتماعي وهي,0,Oman
1737,#حاميها_حرميها #الجيزة كفايه عليهم نور عنين #السفاح انتوا حتنهبوا ولا ايه؟؟,3,Egypt
1738,ماحدش له دعوة بيا انا و جيمي اتنين اخوات بيتكلموا ماحدش له دعوة,0,Egypt
1739,"مقتل سعيد فضة أكبر مورد بلطجية فى #شبرا_الخيمة وعميل أمن الدولة """,3,Egypt
1740,الى تواضروس اكثر من 1000شهيد 10 الاف مصاب 20الف معتقل كلهم مسلمون والاقباط فى مأمن تام فى الانقلاب ثم تشكو حقارة,3,Sudan
1741,لا توجد ثورة في التاريخ حققت أهدافها بالاستبداد الاستبداد ينتهي دائما بكارثة لا يمكن ان ندافع عن رئيس يعطل القانون مهما كانت نيته طيبة,0,Modern Standard Arabic
1742,يوسف الحسيني بالفيديو يفضح كذب قناة #الجزيرة ويكشف تمثيل #الاخوان دور الموتي #مصر,3,Saudi Arabia
1743,الاخوان ينزلون علم مصر من على وزارة الزراعة لا وطنية وطنية يعني,3,Qatar
1744,القرداتي لو كان إخوان والقرد بتاعه مات الجماعة بتجيب له قرد إستبن (من المعصرة عدد اليوم),3,Egypt
1745,7 مبدئيا عشان نتفق مافيش أحلى من سمك مصر بشكل عاموالله السمك في نيويورك ولا بريطانيا ولا تركيا ماليه لازمة جنب سمكناعاش سمكنا,2,Egypt
1746,الأرسناليين الي يدافعون عن فينقر وصلون لمستوى حومة تسبد ما عمري وصلته، مدرب محترم وكبير وقدير، بس خلاص ياخي كل شي له عمره! #ارحل #فاردز #طس,0,Tunisia
1747,#حسن_الخلق يستر كثيراً من السيئات كما أن #سوء_الخلق يغطى كثيراً من الحسنات,0,Modern Standard Arabic
1748,كل اناء ينضح بما فيه، عن حمله #السيسي و #حازم_عبد_العظيم اتحدث,0,Egypt
1749,#كلمة_حلوة *اصرف ما في الجيب يأتيك ما في الغيب * إن للحسنة نورا في الوجه وضياء في القلب وأثرا في الخلق #مما_راق_لي,2,Modern Standard Arabic
1750,اليوم بقالي سنه تقريبا ع #تويتر انا واحده من الي اضحك عليهم ف #25_يناير وسبب رئيسي من نشأة الحساب اني افهم ابعاد المؤامره من اصحاب الفكر,0,Egypt
1751,ما يحدث في اركان هو جريمة ضد الانسانية و ليس فقط ضد المسلمين ما يحدث عار على الانسانية كلها,3,Saudi Arabia
1752,#موت_بغيظك_السيسي_رئيسك يعني هل يعقل ان ينتخب الشعب المصري رئيس يقول عن جيشه العظيم و شهدائه #عسكر !!,0,Egypt
1753,الاعتداء على الفنان خالد يوسف من قبل بلطجية ابو اسماعيل يدل على ان مرسي وجماعته قد انتقلوا بمصر من الدولة الى العصابة ستسقطون كما سقط مبارك,3,Oman
1754,ائمة ودعاة وشيوخ البيادة يتحملون وزر قتل الابرياء فى المظاهرات كالقتلة تماما,3,Egypt
1755,ونحن في الجبهة القومية للعدالة والدمقراطية نؤكد رفضنا التام للمشاركة في أي فعاليات تستهدف إعادة مرسي-أياً كانت مسميتها أو,3,Modern Standard Arabic
1756,#ذات_مومنت لما تتخانق مع اختك و مش عايزها تزعق عشان متصحيش باباك حاافظى على هدوءك عشان الاكسجين,0,Egypt
1757,اتفق معك جداً و ان عائلة الأسد قمعيين مستبدين و خلقوا دولة أمنية كما اتضح لي بعد ان خدعت،ان المليشيات المسلحة هناك كارثة,0,Sudan
1758,انا فعلا نفسي تحصل منظره بين #حمدين و #السيسي,2,Egypt
1759,بلدنا مش عايزانا وبتدينا على قفانا #السكة_شمال,3,Egypt
1760,موقف الأسواني من شفيق فخور به جداوهو موقف كل الثوريين من شفيق صبى مباركاذاكنت تدعم شفيق فالأولي بك تدعيم جمال مبارك,2,Yemen
1761,#أوقفوا_الفحم في #مصر,3,Egypt
1762,الصبح لما بيجى عليا ببقى حاسس بانتصاار الليل يعدى عليا وانا واقف ف انكسار ومابينهم عزيمة وقرارات بتضيع ع اخر النهار #وسط_البلد #كراريب,0,Egypt
1763,ايام حلوه الايام #عمرو_دياب,2,Libya
1764,معرض الكتاب عبارة عن شباب كاشخين مسوين مثقفين وبنات كاشخات مسويات فيها مثقفات بينما الأول يبي الثاني والثاني يبي توقيع الكاتب #,0,Qatar
1765,#اعرفوهم #انقلاب_مصر #يسقط_حكم_العسكر #الداخلية_بلطجية #الحرية ل إيهاب عبد السلام جابر 28 سنة مصمم جرافيك #البحيرة,0,Egypt
1766,الله يبارك فيكي يا هند,2,Jordan
1767,يابوب ارجع محتاجينك بجد #ارجع_يا_بوب,2,Egypt
1768,#السيسي_هايصالح وهيخاصم :) زى #شفيق ما قتل و اتقتل,0,Egypt
1769,لجنة فاروق أبوزيد مثال صارخ لنظام يقوم على وأد الحريات سنكسر حاجز الخوف #,3,Modern Standard Arabic
1770,العالم بيتجه للتقليل المنتظم والمستمر من اعتماده على الفحم ومصر عايزة تزيد منه! #أوقفوا_الفحم,3,Egypt
1771,دعبد المنعم ابو الفتوح فى ندوته فى مكتبه أ : أنا ضد الخلط بين العمل الدعوى والعمل الحزبىفالمؤسسه التى تقوم,3,Egypt
1772,"اسكندرية تحذير هام جداً جداً وصلتنا رسالة تحذير بخصوص حالة ""ثبيت وسرقة""",3,Saudi Arabia
1773,"الاعتداء على التظاهرات السلمية مسؤلية من بيده السلطة ،و لا يمكن ان يقال انه ""خطأ غير مقصود"" التعامل الآمنى هو استمرار ""لمصر القديمة "" !",3,Saudi Arabia
1774,ازمات مصر الحقيقية لن تحل بالمتاجرة بالدين ولا بالحديث عن تطبيق الحدود والسياحة الشرعية، بل ببرامج تشريعية وتنفيذية محددة,0,Modern Standard Arabic
1775,اسرائيل تحتل فلسطين من عام 1948 فى 65 عاما لم تعتقل اسرائيل من بنات فلسطين ما اعتقله الانقلاب من بنات مصر فى 4 شهور انحطاط,3,Egypt
1776,#اعتراف ما زلت احب سيريلاك بالقمح,2,Oman
1777,#محمد_علي_خير _:قرار الرئيس #عدلي_منصور بتحصين قرارات الحكومة من الطعن عليها أمام القضاء غير موفق #مساء_الخير #,3,Egypt
1778,#خريجات_جامعيات_قديمات_عاطلات #ظلم #حرمان #طموح #الم #قهر #معلمات,3,Qatar
1779,من يريد الفلول في البرلمان ليمنع الإسلاميين من الأغلبية منافق وبعيد عن الديمقراطية التى تجبرنا على احترام ارادة الشعب مهما اختلفنا معها,0,Modern Standard Arabic
1780,كثير منهم يقولون يعني مش غضبان لسب السيدة عائشة يعني انتو برضه هتزايدوا على سيدنا النبي الذي لم يفعل مافعلتموه من دناءة بمن أذاه في أهل بيته,3,Egypt
1781,نحن نمر بأحداث بعضها يدعو للجنون جهادك الحقيقي أن تحتفظ بقلب مشتعل و عقل بارد,0,Modern Standard Arabic
1782,الإعلان الدستوري الصادر من مرسي كان أشبه بخطاب التمكين لهتلر #السادة_المحترمون,3,Modern Standard Arabic
1783,المفاصلة بين الشعوب العربية وطغاتها الفاشيين مثل #الأسد و #السيسي حربُ وجود لا حدود فلا مجال فيها للحلول الوسط أو التلاقي ف,3,Algeria
1784,لازم كلنا نروح ننتخب اليوم لأنها أمانة وواجب وطني انتخب لتشعر بحق الملكية في بلدك~عمرو خالد,2,Oman
1785,"بحب بلدى و بكره الدم والظلم #سأنتخب_السيسي #تحيا_مصر""",0,Egypt
1786,الهجوم المتوقع على كرداسة متى يتوقفون عن قتل الاحرار؟ الانقلاب يمارس ويزرع الارهاب,3,Saudi Arabia
1787,_ لا ده نتكاتف فيه رغم اى خلافات أو أخطاء حدثت,0,Egypt
1788,37 ماتعلمش من أداء جده القديم اللي قرب من الحاكم واستفاد منه وفاد الناس بذكاء وما اتعاصش بدم على الأقل,0,Yemen
1789,عبفتاح السيسي أوميجا العالمى #انتخبوا_العرص,3,Egypt
1790,#يسقط_حكم_العسكر #انزل_30_اغسطس #مصر_تنتفض_ضد_العسكر #مصر,3,Egypt
1791,100 يوم من فشل الانقلاب 200 دولة ترفضه 400 فندق اغلق 800 مصنع افلس 8000 شهيد 20000 معتقل 30000 مصاب 50000 مسجد,3,Egypt
1792,حركااات الكويت لونها اصفر #حرية_الصحافة,0,Qatar
1793,ارجو الدعاء للراحل العظيم محمود السعدنى __ اليوم ذكرى وفاة الولد الشقي,2,Egypt
1794,سيذكر تاريخ مستشفى الامراض العقلية أن محكمة مصرية اصدرت حكم ببرأة الفلول فاحتج الثوار ونزلوا ضربوا بعض فى ميدان التحرير !!,3,Egypt
1795,الصحافة العالمية ومحاكمة مرسي او جلوبو البرازيلية: مرسي متحديا ومعلنا نفسه الرئيس الشرعي الوحيد ويرفض ارتداء زي,0,Egypt
1796,النخبة المصرية ضعيفة وليست بقوة الشعب، زى الموتور القوى على الشاسيه الضعيف، يعنى العربية لو مشيت بسرعة ممكن تتقلب,0,Egypt
1797,الغاء الاعلان الدستورى المكمل الذى كنا ضده منذ لحظة صدوره خطوة ايجابية ، لكن نرفض انفراد الرئيس وجمعه بين الصلاحيات التنفيذية والتشريعية معا,0,Egypt
1798,اساند من رفض الوقوف للسلام الجمهوري لانه بدعة،بس بالمرة بقى موبيلاتكم وعربياتكم و الدش اللي بتتفرج عليه,0,Egypt
1799,"بطل نميمة و غيبة ""انكما قد اغتبتما و من اغتاب مسلما فقد اكل لحمه"" #حاول:')",3,Saudi Arabia
1800,يجب ووقف فورى للعنف ومحاكمة المتورطين فيه علناً,3,Egypt
1801,عبر الناس داخل الكاتدرائية عن مشاعرهم بحرقة بعد قتل ابناءهم و بسبب التغطية الأعلامية الرسمية المخزية,3,Saudi Arabia
1802,احساس رخم اوى لما تكون عايز تفرح حد معين و مش عارف ازاى! #اه_والله,3,Egypt
1803,هو ليس مكانه طاولة الحوار المحترم إن عمر سليمان لا يؤمن بالحوار إنما يؤمن فقط بالقتل !,3,Modern Standard Arabic
1804,) معلم و واعي يا يوسف,2,Tunisia
1805,نبيل العربي فخر لمصر في علمه و أخلاقه ووطنيته ونقائه ولم يفكر أو يسعي يوماً للترشح للرئاسة لا تزجوا بإسم الرجل في هذا المناخ السياسي الملوث,0,Modern Standard Arabic
1806,"135 مليون جنيه إجمالى خسائر الشركة نتيجة غلق محطتى ""السادات والجيزة"" حتى الآن! #انتخبوا_البرص",3,Egypt
1807,بعد أن قال الإخوان أن مرسي متخصص في تصميم المحركات في ناسا أصبحت أعتقد أن دفاية بيتنا التي تفعل كل شيئ إلا التدفئة موتورها من تصميم مرسي,3,Modern Standard Arabic
1808,"الي تجار الدين : "" قل هل يستوي الذين يعلمون والذين لا يعلمون"" ؛ ""ويل لكل أفاك أثيم """,3,Modern Standard Arabic
1809,#باسم_طلع_حرامي ===== #عاشق_مصر,0,Egypt
1810,عندما تغيب الدولة أو تعمل فيها عبده العبيط، تصبح القاعدة التي لا بد من إتباعها: من جاء ليعمل معك المعروف فافعل معه المنكر,3,Modern Standard Arabic
1811,اعداد كبيرة من الامن بزي مدني خلف الصف الاول للأمن المركزي عند ناصية مجلس الشعب #الداخلية_بلطجية,3,Sudan
1812,#م نوينا نعشق بعض آبد كآنت سالفه 'وصرنا م نعيش من دون بعض (=|,0,Iraq
1813,اشارة رابعة اشبه بنار تحرق الانقلابيين,0,Egypt
1814,صوتك العالي دليل على ضعف موقفك,3,Saudi Arabia
1815,الولد اللي بيقبل يتشتم ب امه حتى لو هزار و يقلب الدنيا لو حد جاب اسم صاحبته بس #استرجل كده عشان امك اللي بقيالك و تعبت عشانك,3,Egypt
1816,عزيزي الإخواني: اللي بيعصبك مش وصفي لرئيسك مرسي بإنه فاشلاللي بيعصبك إنك متأكد إنه فاشل بس لازم تشتم اللي بيقول عليه فاشل لتخفي فشلك وفشله,3,Egypt
1817,كل ما يفعله أبو زيد وزير الرياضة يضر الرياضة اخر شائعة عن تعيين كمال الجنزورى رئيسا للاهلى شباب ثورة 1919 سيعود ليقود الرياضة فى مصر,3,Egypt
1818,عاد إلى مصر خطاب دعائي تحريضي ينتمي إلى مرحلة الستينيات مصر تعود للوراء حتى رئيس الحكومة لا يتوقف عن تمجيد السيسي وهو مجرد,3,Modern Standard Arabic
1819,قرارات الرئيس انقلاب علي الديمقراطية واحتكار كامل للسلطة وطن يبحث عن حلول يدفعه رئيسه لمزيد من المشكلات الثورة لن تقبل ديكتاتورا جديدا,3,Modern Standard Arabic
1820,من العنصرية أن تؤمن أن العربجي مهنة دنيئة عيب على ذقنك يا شيخ,3,Libya
1821,بعيدا عن الهزار بقى وكده من كل قلبي باقولها لك ربنا يسعدك زي ما بتسعد الناسقلبي وربي راضيين عليك يا أمردسلام عليكم,2,Saudi Arabia
1822,مش قادر افهم ازاى عبيد #باسم_طلع_حرامى كانوا بيقولوا على الاخوان خرفان والله مفرقتوا عنهم,3,Egypt
1823,11 فبراير كان يوم نكسة #ثورة_25_يناير لما سيبنا الميدان وروحنا مش 30/6 ولا 3/7 ياريتنا كنا سمعنا كلامك يا شيخ حازم #انا_حازم #مرسى_رئيسى,0,Egypt
1824,نشكرك تكلمتي بلسانا جميعا :),2,Tunisia
1825,"الوطن تي في | #توفيق_عكاشة: شلبية الفلاحة أحسن من #هيفاء لأنها ""طرية مش ناشفة""",0,Egypt
1826,#المصري_اليوم #علاء_عبدالفتاح: #مصر لم تشهد حكمًا مدنيًّا حتى في عهد #الإخوان,3,Sudan
1827,كان هناك شئ يدعي #حريه اللهم ارحم #ثورة_25_يناير واخلف لنا خيرا منها ، اللهم انتقم من كل من أوصلنا إلي هذه الحالة #لكي_الله_ياحريه,3,Egypt
1828,ثانية واحدة مش فى ناس بتقول ع #باسم متأمر وخاين وكده طب اتخيل كده لو الحاجات اللى بيهاجمها انتهت زى تطبيل الاعلام وكده مش #مصر هتبقى احسن,3,Egypt
1829,4 أناشد الجميع الابتعاد عن الاقتتال الأهلي والالتزام بالتعبير السلمي عن الرأي، لا تفرضوا لون الدماء على الميادين والشوارع المصرية، انتبهوا!,3,Modern Standard Arabic
1830,البلد بتغلي والاسعار نار ودماء الشهداء لا تزال ساخنة والانقلابيون بييعملوا دستورهم ابرد خلق الله,3,Egypt
1831,وصل الإفلاس بالإخوان إلى حد فبركة تصريحات على لسان المفكر الأمريكي ناعوم تشومسكي تبرر تخبط قرارات رئيسهم لكنهم إتفضحوا فضيحة المتطاهر,3,Egypt
1832,مرة أخري ولكي لا نحبط، انتخاب رئيس بالإعلان الدستوري المبتسر يحمل معه بذرة الخلاف بين السلطات دستور ديمقراطي جديد هو مفتاح مصر المستقبل,0,Modern Standard Arabic
1833,أعطونا #سيناء و أخذوا السيادة تسقط اتفاقية #كامب_ديفيد,3,Algeria
1834,ف #مصر #شخصية_مريبة متعرفش #بيشتغل لحساب مين بالظبط اسمو #نجيب_ساويرس بيعمل #قناة #لجاسوس اسمه #يسرى_فودة ليستضيف #عميل_برخصة اسمه #جمال_عيد,3,Egypt
1835,من #عيوب_تويتر: الكثير من ردود الأفعال والقليل من الأفعال، الانشغال بشكل مبالغ فيه بالأحداث اليومية عن التخطيط للمستقبل,3,Oman
1836,#هناك_مكان_اسفل_الجحيم لكل واحد بيقعد يدافع عن حد لدرجة انه بيحسسك انه اله مبيغلطش #السيسي #مرسى #باسم #برهامي #يلا_نحفل_علي_احمد_ادم,0,Egypt
1837,سواء اتفقنا او اختلفنا مع الاستاذ خالد صلاح فمن حقه ان يعبر عن رأيه ويقوم بواجبه الاعلامي بحرية كاملة الاعتداء على خالد صلاح ارهاب وبلطجة,0,Saudi Arabia
1838,الله اكبر وتحيا مصر ،الحمد لله وحده، صاحب الفضل كله، انعم علينا بثورة عظيمة واختار من بيننا شهداء ابرار,2,Tunisia
1839,ا منجي #عمرو_اديب و المحامي ا منجي #خالد_ابو_بكر بيروجوا لغلق المحلات من 8 مساءا و رفضوا ان #هشام_قنديل يقفل المحلات 10,0,Libya
1840,اليوم السابع مش بتاعة نجيب!,3,Egypt
1841,# احلي حاجة في الحلقة #رجعوا_الجماهير,2,Egypt
1842,و لو ان الإرهابي صفوت حجازي او غيره قاوم بالسلاح فليقتل اير مأسوف عليه،فهذا هو القانون الذي نجاهد لتطبيقه على الجميع,3,Saudi Arabia
1843,توفني مسلماً والحقني بالصالحين فلا تعش بعيداً عن #الله وتطلب #السعاده,0,Yemen
1844,#دعوة_الصائم_لاترد اللهم طمئن قلب #امي واشفها مما تعاني وارفع عنها ماألم بها اللهم فرج هم #أمي ويسر امرها واكتبها في علي,2,Oman
1845,إنت ماسرقتش دار الشروق إنت سرقت الأستاذ أحمد بهجت وأسرته على فكرة لإن المؤلف هو المستفيد من حقوق النشر,0,Egypt
1846,ف #مصر #شخصية_مريبة متعرفش #بيشتغل لحساب مين بالظبط اسمو #نجيب_ساويرس بيعمل #قناة #لجاسوس اسمه #يسرى_فودة ليستضيف #عميل_برخصة اس,3,Egypt
1847,انا محنيش جبيني غير لرب الخلق ، ولا بالحرق ولا بالشنق أموت والجنه عنواني الله يرحمك #جيكا,0,Egypt
1848,الإرهاب خطر عالمي اعتاد أن يستوطن في مناطق تغيب عنها هيبة وسلطة الدولة ويحولها لملاذ له خلايا القاعدة وتيارات عنفية مختلفة ليست بعيدة عنا,3,Modern Standard Arabic
1849,يا عسكرى واقف بالفرس على جتتى لا انت البطل ولا انت فتوة حتتى يوم ما تقول هاخد البلد هقولك خدها بس على جثتى ع,3,Egypt
1850,حزنى عميق على الجيل القادم لا قدوة فى سياسة اقتصاد ادب فن اعلام قضاء اغلب رموز الانقلاب سيئة,0,Egypt
1851,#تخيل إنك أعمى ؟ أو مكفوف ؟ لا سمح الله أكثر الناس راح يقدرون النعمة إذا فقدوهآ ! #حقيقه,0,Oman
1852,أما بعد الإعلان فلن يرتب الانسحاب الأثر المراد ونكون مع شفيق بمفرده في الإعادة مجددا، لم يكن اقتراحي خيالا بالمعنى القانوني والجدل قائم,0,Modern Standard Arabic
1853,#عمرو_موسى كاتب في ال مواطن مصري ، #أبو_الفتوح كاتب المرشح السابق لرئاسة الجمهورية ، ماهو معندوش حاجة يكتبها وبالتأكيد ولائه مش لمصر,3,Egypt
1854,هذا الفيديو فعلا مؤلم يظهر مدى وحشية البشر وقدرتهم على تدمير أي شئ,3,Modern Standard Arabic
1855,ان ت ي لآ ي خلک قدهٱ ۈل يک و نا وعدک # ر ل,0,Lebanon
1856,يا رب إن عبدك جلال عامر جعلنا جميعاً نبتسم في الدنيا وأدخل السرور إلى قلوبنا، اللهم أجعله مبتسماً عندك، مسروراً في جنتك,2,Sudan
1857,أحياناً يكون الألم النفسي أصعب و أشد ألماً من الألم الجسدي ٣٤ #مذبحة_بورسعيد #المجد_للشهداء #إفتكروهم,0,Egypt
1858,و أحب أفكركو ان الدستور العرة اللي بيحاولوا يفرضوه علينا نتاج عمل نخبة من متعلمي البلد! #اتوكسوا,3,Egypt
1859,دي سياسة مش روضةاطفال,0,Egypt
1860,حشود مظاهرات جمعة الوفاء لدماء الشهداء اصابت الانقلاب بصدمة وخوف على حياتهم رد فعلهم قتل قمع اعتقال,0,Egypt
1861,ارفض المعونه الامريكيه واسرائيل بيننا وبينهم معاهده حقية لا نقبلها ولكن اذا ارادوها فعليهم احترامها اولا,3,Oman
1862,لصوص مصر يسجنون شرفاء مصر عواجيز مصر يريدون ابادة شباب مصر هذا هو العنوان الاكبر للانقلاب العسكرى,3,Saudi Arabia
1863,أكره جملة (ذكرى الثورة) لأنها دائما تذكرني بمصير المطربة الراحلة ذكرى,3,Modern Standard Arabic
1864,ثمه شعله حنين مشتعله في جوفي حرقت كبريائي حتى الرماد ومزجته في كوب زجاجٍ شفاف وسكبته على أزهار الذكرى حتى أرتوت وينعت #اعترا,0,Yemen
1865,"جمال فهمي: تسريبات صباحي ""نفاق صحفي مفضوح"" #مصر #ميدان_التحرير",3,Egypt
1866,أؤيد قرار د مرسي فيما يخص : 1- إبعاد النائب العام 2- محاكمة وإعادة محاكمة كل من لوثت يداه بدماء أو أموال المصريين,2,Oman
1867,إهداء إلى أمى الغاليه,2,Libya
1868,#كلمة_شكر ل عآدل عبدالله ع البلنتي و الطرد اللي حصله ، اصلاً الطرد احلى,2,Egypt
1869,التعليم: ضعف مستوى التعليم الحكومي وازدهار المراكز الخاصة في الدائرة بعيداً عن رقابة وزارة التعليم,0,Oman
1870,لدي مستندات تثبت تورط #السبكي فى تدمير #مصر لصالح #اسرائيل,3,Modern Standard Arabic
1871,#خلق_جميل احترام الكبير والعطف على الصغير,2,Iraq
1872,لو يوسف الحسيني شخص عادي مش إعلامي كان اللواء المحافظ قاله سيادتك ؟!,0,Egypt
1873,أشارك في مسيرات اليوم رفضا للدستور المشوه، ولأخونة الدولة، وللانقضاض على سيادة القانون، ولتجاهل الرئيس وحكومته لمطالب العدالة الاجتماعية,3,Modern Standard Arabic
1874,من أخلاق الأخوان لله دركم ياأبناء البنا ! #مرسي_رئيسي #الشعب_يرد_تحية_الرئيس #انتخبوا_العرص #انصاف_الاخوان,0,Egypt
1875,قفلو الفراعين صادرو الدستور منعو صفحة محاسبة الرئيس من الاهرام بس الحمدلله الثورة نجحت وسقطنا شفيق,0,Egypt
1876,ماتخفش محدش بيتحاسب، ارجع المصريين نسيوا الشهداء اللي ماتوا,3,Egypt
1877,5 سقوط الكنيسة مع البابا المتطرف تواضروس مفهوم ومرتبط بالمصلحة فى تقويض مكانة وهيبة الاسلام فى مصر واستفاد بخبث من مبدأ استعمارى (فرق تسد),3,Egypt
1878,#لو_بقيت_رئيس_جمهوريه هموت السيسى ومرسى وكل اللى هيجيب سيرتهم برضه,3,Egypt
1879,#اعتراف انا بكره الناس اللي بتخسر اعز صحاب عليها علشان خاطر حاجه مالهاش لازمه ـ انا فعلا بكره #الكوره و,3,Egypt
1880,"3 تصدق؟ انت ماتفرقش حاجة عنهم؟ لاني ولا قلت فصيل ""وتني"" و لا ناديت بعدم ""الاكساء""ولا طالبت بالمصالحة",0,Tunisia
1881,عبدالله السلمان مال الخطر معاهم يخرج احسن منّك #ارحل انت الآخر,3,Iraq
1882,بعد الغدر والخيانة اللى شفناها ومن الاخر اللى هنشوفه لابس بدلة #شرطة هيرجع لامه ملفوف في بدلته #ثورة_اسلامية,3,Egypt
1883,هههههخخههههههه #انتخبوا_البرص #يا_رب,3,Egypt
1884,1 وصلتنى رسالة من مشجع كروى الى طاهر ابو زيد: كنت لاعب متميز وللأسف ضيعت كل ذلك بولاءك للأنقلابيين بل أصبحت من قادة الانقلاب,0,Egypt
1885,مسحوا جرافيتى محمد محمود مسحوا حكاية ابطال ثورة يناير للاسف منهم اغبياء وجهلاء ايدوا 30يونيو,3,Egypt
1886,انصار الانقلاب طلعوا سابع سما امس بدعم كيرى لكن نزلوا مع انقلابهم لاسفل ارض فى محاكمة مرسي,0,Sudan
1887,وظني بك يارب ظناً جميلاً #جمعة_مباركة,2,Egypt
1888,أشكرك,2,Sudan
1889,كل البلاوي اللي #الداخليه هتعملها بعد كده فينا هتبقى بإسم #مكافحة_الارهاب وهنرجع تاني نغني لفق لفق في القضيه بتاعت #الالتراس #النظام_هو_هو,3,Egypt
1890,كل عيد و احنا طيبين، مسلمين و مسيحيين و في بلدنا مرتاحين و نشوف اللي قتلوا الشهداء متعلقين، و ان شاء الله علي كل واحد ظلمنا منتصرين يارب,2,Libya
1891,الكتلة الصامية لن تستمر صامتة بعد اليوم انه مستقبلنا ومستقبل أولادنا الذي يختطف والصمت خيانة لمستقبل,3,Modern Standard Arabic
1892,#طيب_نفسي أعيش صح واشتغل صح واكافح صح وانجح صح و #افرح صح بقاااا #بلد_أصعب_مافيها_الطموح,0,Saudi Arabia
1893,مرسي يعطل القانون ويشق الوطن ويخاطر بالصالح العام من أجل تمرير دستور يخدم صالح جماعة في حتة مزنوقة لا تخضع لأي رقابة أو قانون,3,Egypt
1894,يبقى الكلام دائما أرخص من الدم، ويبقى الفقير هو الضحية المفضلة، وتبقى مصر كما هي تحب ولادها مقتولين، ولا حول ولاقوة إلا بالله,3,Algeria
1895,حلوان وروكسي وعين شمس بورسعيد وبنى سويف والمنيا والفيوم والسويس شكرا حشودكم شعب مصر عظيم,2,Egypt
1896,وصل الامر بمصر نائب كويتى يقول لرئيس مصر على الهواء: يا شحات مهانة ما بعدها مهانة رئيسنا شحات يا انقلاب العار يا اعلام العار,3,Modern Standard Arabic
1897,من لا يستطيع أن يفهم أن 'اللهم بلغنا يونيو' كانت توقاً لإجازة بعد عمل شاق مع كل الأطراف بكل احترام ثم يسب و يخوّن سامحه الله,0,Modern Standard Arabic
1898,الرئيس مد التأسيسية شهرين خلافا لاستفتاء مارس والآن نائب الرئيس يقول أنه أُجبر على الدعوة للاستفتاء في 15 يوم التزاما به! احترموا عقولنا!,0,Modern Standard Arabic
1899,نظرة هادئة لمشهد ملتهبمقال اليوم أجيب فيه عمن يسألونني دائما عن الحل ويتهمون الكتاب عامة بعدم الحديث عن الحلول,0,Oman
1900,الفحم وصل يا استاذنا واحنا واقفين نتفرج #أوقفوا_الفحم #حكومه_تقتل_المرضى,3,Yemen
1901,عقول زباله تسئ لرجل كبر اجدادهم فعلا العرب تربيتهم صفر #بالعربي,3,Yemen
1902,لقد قامت الثورة وضحى الاف المصريين بحياتهم من اجل استعادة كرامة الانسان المصري داخل مصر وخارجها اين وزير الخارجية اين عصام شرف,0,Yemen
1903,اسطورة اغلبية الشعب معاه، نصف الشعب طنش الانتخابات، و نصف اللي شارك لم ينتخب مرسي، و نصف اللي انتخبه عاصر لمونة و بيتظاهر ضده,0,Egypt
1904,خرجت النهارده لقيت كل الشوارع وكل الحيطان عليها هاشتاج #انتخبوا_البرص :) لا وحاجات تانيه ألعن من البرص والانقح,3,Egypt
1905,حقيقة 2: خامة صوت آخرين غير حليم وإمكاناتهم درجة أولى لكنهم بالجهل و الكسل حولوها إلى درجة تانية درس عظيم لمن يتفكرون #,0,Sudan
1906,7_ مش أنا اللي لسه بيهري هم بيعملوا كده وطالعين نازلين كذب أسطوري والمفروض يعني أصدقهم لما يبقى فيه دليل بالشكل ده؟ ولا أطنش؟,3,Egypt
1907,عزلة الانقلاب عالميا تتزايد وكل دول العالم تمنع مواطنيها من الذهاب الى مصر حتى حقراء الخليج من ممولى الانقلاب يمنعون أهلهم,3,Sudan
1908,محدش بينجرح اوى غير لما يتفشخ اوى يا عبيد #باسم_طلع_حرامى عشان كدة عاملين #يلا_نحفل_علي_احمد_ادم ههههههههههه هو #احمد_ادم بيوجع اوى كدة *_*,0,Egypt
1909,لصالح من يُلغى مشروع ( محور قناة السويس ) الذي كان من المقرر أن يرفد الخزينة المصرية بمائة مليار دولار سنويا ؟ الجواب,0,Modern Standard Arabic
1910,#اليوم_السافل : #الاخوان يحرضون على #اضراب_الاطباء !! #خالد_صلاح رمز السقالة,3,Yemen
1911,احمد شفيق مقدمة ضده 35 بلاغا إهدار مال عام وفساد منذ عام وقد حماه العسكر من التحقيق هل رأيتم مرشح للرئاسة متهم بهذا العدد من الجرائم,3,Modern Standard Arabic
1912,النفاق أصبح أحد أركان المجتمع ! #اه_والله,3,Jordan
1913,سيصبح 6 أكتوبر يوما للعار وليس لذكري الإنتصار #كلام_و_كلام #يوسف_الحسيني #السادة_المحترمون,3,Modern Standard Arabic
1914,الى #الاخوان أردتموها معركة دون وجه حق فدبروا لكم مذبحة دون وجه حق اقرأ المزيد هنا:,0,Modern Standard Arabic
1915,صورة بها رأيي | إن لم تحترم حق من تعارضه في إختلافه معك بحجة أنه فاشي، إحترس فإنك لا تقل عنه فاشية,3,Modern Standard Arabic
1916,جريمة الأهرام,3,Egypt
1917,#السيسي جاب #كريمه_الحفناوي و اخريات اتصور معاهم #انتخبوا_ابن_الصهيونية #__,3,Libya
1918,- الجيش خائن - الجيش يشوه الرموز الإسلامية #يسقط_حكم_العسر,3,Egypt
1919,كانوا مستكترين على الغلابة دعم الاخوان وانهارده بيتفاخروا بكسوة الامارات للغلابة فعلا يهود ماسكين الاعلام فى مصر,3,Egypt
1920,الشاعر عبدالله حسن اغنية #25_يناير ادي جااامد عشان جااامد مخدش لكل كلاب مجيده,0,Egypt
1921,في نوعية افلام تدخلها تحس ان انت انسان محترم كدة نضيف زي مثلاافلام #عمرو_سلامة #لامؤخذة وفيه افلام تحس انك حقير وعيل سرس زي افلام #السبكي,0,Egypt
1922,ولا أشعر بأدنى تعاطف مع مبارك ونظامه الذي أوصل هذا الشعب إلى ما صار عليه، يستوي في ذلك الإسلاميون وغير الإسلاميين، تد,3,Modern Standard Arabic
1923,حازم الببلاوي هراب ومتراجع ولا يستطيع تحمل المسئوليات وحكومته فاشلة #السادة_المحترمون,3,Egypt
1924,المواطن دعييييييف #الماده_الاولى,0,Yemen
1925,انا رفضت وقف فيلم السبكي ورافضه لالغاء مشهد رفع مبارك العلم في سينا انتوا فاكرنها خطوبة وبتقطعوا الصور ده ايه القرف ده #مرار_طافح,3,Egypt
1926,إستنكر دعبدالمنعم أبو الفتوح بشدة التصرفات الوحشية واللا إنسانية التى ظهرت فى تسجيل فيديو على الأنترنت ، والذى,3,Egypt
1927,#اول_مره_ادخل_تويتر مكنتش متخيل ان انا هلاقى ناس عندها انفصام فالشخصيه بألف وش و الف رأى ناس تاجرت بالدين عشان ريتوي,3,Egypt
1928,روزاليوسف- تحقيق الزميل / رضا رفعت كوارث استخدام الفحم في مصر #أوقفوا_الفحم,3,Modern Standard Arabic
1929,اللي شتموا وكفروبلال والاسواني دلوقتي زي العسل على قلبهم عشان مع القرار واللي اتهموا البرادعي انه عميل بيستشهدوا بيه ضد القرار #عبث,0,Egypt
1930,#ابراهيم_محلب التاجر لما يفلس يدور في دفاتره القديمه، ودفاتر مصر مليئه بالفساد المالي مع رجال أعمال مصرو، هم لصوص ولكن مدللين وظرفاء,3,Yemen
1931,الامارات دفعت للانقلاب 8 مليار دولار لاسقاط مرسي وايقاف مشروع قناة السويس وكسبت 100 مليار من الانتفاع بالمشروع لنفسها,3,Egypt
1932,الخبر المتداول الان عن موضوع الطعن و الهجوم غير صحيح,3,Saudi Arabia
1933,غضب اعلام العار ممن سخروا من هزيمة مصر من غانا حتى لا تكون فرصة لتلميع سيسي والانقلاب رغم ان من سخروا لم يضروا,3,Yemen
1934,لماذا ياأخي تتهمنا بإثارة الفتن عندما نطالب بتحمل مرسي المسئولية السياسية كما كنا نفعل سويا أيام مبارك؟ مش عارف بس هما قالوا لي أقول كده,3,Egypt
1935,"_ ياباشمهندس "" #دومة "" ايه الصايع ده الذى تطالب رئيس الجمهورية بالاعفاء عنه هل فى الدول المتقدمة يقدر أحد يتحدى القانون #",3,Egypt
1936,لا تسمع للكارهين فهم يستحقون الشفقة انت لم تخطئ في التقدير تقريباً منذ 25 يناير لك كل الاحترام و التقدير ويشر,0,Oman
1937,في مثل هذا اليوم 29 اغسطس استشهد البطل عملاق الفكر الاسلامي #سيد_قطب بعد ان اعتقله عبد الناصر وقتله ظلما,2,Oman
1938,ضيف الجزيرة القادم من الاهرام مثل كل مؤيدى الانقلاب قطعية واحدة هى هى نفس الغباوة والبجاحة والوقاحة,3,Egypt
1939,#محاكمة_مرسي الظابط لاقيت مع المتهم موبايل بشريحتين وعليه صور بسلاح القاضي والصور علي انهي شريحة الظابط مش فاكر :),3,Egypt
1940,"#محمود_سعد : ""أنا بحب الراقصات وهم فوق رأسي""",2,Egypt
1941,#احمد_ادم بقى بضان فشخ مش لاقي غير #باسم يوسف,3,Egypt
1942,سبحان الله؛ صار أقوى سلاح في يد أبومازن يهدد به الإسرائيليين هو رحيله ومن معه من مقالي في المصري اليوم غداً,0,Oman
1943,اللى بيقول ان البلد دى بلدنا لما حد بيقوله يا خواجه بيكون سعيد جدا شوفتو احلى من كده وطنيه #لو_جنان #اتجنن,3,Egypt
1944,خطاب مرسي بداية جيدة نتمنى ان يكون ذلك بداية لتوحيد الصفوف ضد العسكر,2,Saudi Arabia
1945,"حمزاوى يؤكد احترامه للشرائع السماوية وتأييده لـ""المدنية""",2,Egypt
1946,كنت حاسه ان الدور عالشعب قرب والنداله حتبقي في اي تجمع وأي مكان #سفله #الارهاب,3,Egypt
1947,"بالمناسبة , صدفة بحتة ان يتم التفجير المزعوم بعد دقائق من وصول وفد امريكي من الكونجرس لبحث الاوضاع في #مصر",0,Modern Standard Arabic
1948,يعني مصر كانت كافرة أيام الفاطميين؟,0,Egypt
1949,كل ما كان يرفضه الاخوان من خطايا الحزب الوطني البرلمانية و إجرامه التشريعي أصبحوا يتبنونه الانمسخرة,3,Sudan
1950,فضيحة من العيار الثقيل لواء شرطة يفضح استعانة الشرطة بنخنوخ والبلطجية #مصر,3,Modern Standard Arabic
1951,جملة اعتراضية ـــــــــــــــــــــــــــــــ هل هذه الانتخابات عادلة ؟!,3,Oman
1952,ومين قال لك انها كانت نزيهة ده كان كمين وش,3,Saudi Arabia
1953,الانقلاب افسد زيت التموين والوزير أبو زيت أفسد الرياضة,3,Egypt
1954,لا للمحاكمات العسكرية للجواسيس اللى بيتعاونوا مع اسرائيل ! #تويت_كأنك_ناشط_ايام_حرب_اكتوبر,3,Egypt
1955,لا يمكن تجاهل التاريخ الدستوري والقول بإنشاء دستور من العدم / خارطة الطريق ومستقبل مصر # #,0,Modern Standard Arabic
1956,"سابقة خطيرة أمريكا تدرس اعتماد السيادة ""#الإسرائيلية"" على #القدس في أوراقها الرسمية",3,Modern Standard Arabic
1957,انا #الأسد انا شجرة كبير مادة جدورها فـ الأرض شايلة ناس كتير اوي ~ بس انا اللي هشيل نفسي، انا هوصل للي فـ دماغي,0,Egypt
1958,أصدقائى لاتنظروا للوراء وإنسوا التجربة الاخوانية بما لها وعليها لنبدأ مرحلة جديدة لمصر بيد واحدة نبنى ونعمر والكل يشارك,0,Egypt
1959,الاخوان لا يحرقوا كنائس يا مروج الكذب,3,Yemen
1960,": عاجل استقالة وزير السياحة احتجاجاً على تعيين محافظ الأقصر "" ما زال فى مصر رجال يفضلون الوطن على المناصب"" الف تحية",0,Egypt
1961,انت بتحور يا مغير، انا و انت متفقين على خطأ استعمال دور العبادة سيبك من دي و جاوبني،فين التحريض على الحرق و العنف,0,Egypt
1962,علاقتي #بالمذاكرة زي علاقتي #بالكيس الشيبسي #الجامبو #افتح : #اقفل : كل #مرة زي #اول_مرة = = #بطوطة,0,Egypt
1963,نقطة ضعفي الحلويات والمكسرات البشامل الاكل عموما,0,Yemen
1964,رحم الله الشهيد محمد بيومي منشداغنيه تتشل الايادى اللى بتقتل ولادى النسخه الاصليه بالكلمات,0,Egypt
1965,ده اللى اسمه تطوير العمل النقابى منهم لله #الإخوان كانوا خاربينها !! #نقابة_المهندسين,3,Egypt
1966,دور رائع ومفاجئ لنساء مصر فى المظاهرات شبابنا ونساءنا يستحقون الصدارة ان شاء الله بعد سقوط الانقلاب,2,Egypt
1967,ترحيل المصريين الذين اجتمعوا في الكويت بطريقة سلمية هو أمر جائر أدعو إلى عودتهم من منطلق إنساني,3,Modern Standard Arabic
1968,لا تنس يادكتور مرسي أنك طلبت من الناس أن تقومك إذا رأت فيك إعوجاجاالشعار دخل مرحلة التطبيق أمام قصركإقرأ الواقع جيدا ولا تقامر بالوطن,0,Modern Standard Arabic
1969,لو حاولنا نحصى جرائم الانقلاب فى شتى فروع الحياة لن نتمكن أبدا عددها اكثر من أن يحصي,3,Egypt
1970,الاعلان الدستوري ناقص : من هو القائد الأعلي؟ما هي سلطات الرئيس في وجود خطر حال حقه في حل البرلمان وحق البرلمان في سحب الثقة من الحكومة الخ,3,Modern Standard Arabic
1971,": ""كونوا على يقين أن هناك شيء ينتظركم بعد الصبر ليبهركم فينسيكم مرارة الألم!"" قولى يا رب !",0,Egypt
1972,جبنا ، جلاب للمخيم ، ويوم درا ابوه زفنا وجان احطها برأس هذا وانخش بالحمام ، والمسكين انطق طق #اعترافات_الطفولة,0,Saudi Arabia
1973,نهب البنوك يسير بشكل يومى واموال الناس تتبخر علنا ولا يوجد مسئول فى القطاع المصرفى يعترض او يستقبل ==,3,Modern Standard Arabic
1974,الدولة تلتزم بتيسير سبل التراحم والتضامن والتكافل حسن لو خاصم ليلي الدولة لازم تصالحهم علي بعض,0,Libya
1975,زمان الواحد كان نفسو يكبر عشان يشتغل و يصرف على نفسه و يتجوز دلوقتى الواحد نفسه يكبر عشان يعرف يحضر ماتش :) #الكورة_للجماهير,0,Egypt
1976,كشف لنا الانقلاب جيش البلطجية فى مصر لم نكن نتخيل ابدا انه بهذه الاعداد الهائلة والسلاح الوفير والعلاقات الطيبة مع الحكومة,0,Modern Standard Arabic
1977,رؤوس النفاق المعرصين #هز_ديلك #انتخبوا_العرص #اعدموا_العرص ##نكاح_الكاراتيه #الداخلية_بلطجية,0,Libya
1978,حبي لاشعآر البدر فاقت الحدود #اعتراف,2,Iraq
1979,لماذا استسلم #الإخوان لفكرة التحول من مقموعين إلى قامعين,0,Modern Standard Arabic
1980,اقتراحاتكم للمادة الاولى على الهاش تاج دهعادة مادة مالهاش لازمة تعالوا نفتكس فيها #المادة_لاولى,0,Egypt
1981,مصنع الرجال وعرين الأبطال صدعوا بكلمة الحق وجاهدوا بالنفس والمال #تعظيم_سلام_للاخوان_المسلمين #حسن_البنا,2,Iraq
1982,الماظة:لابد من تسليط الضوء إعلامياً على مشكلة تملك المساكن وتحقيق العدالة بوضع نظام لتملك الشقق يراعي البعد الاجتماعي والمادي للعاملين,0,Oman
1983,سويرس وممدوح حمزه وجهان لبيادة واحدة لونها وقلبها اسود,3,Iraq
1984,88% من قضايا الابتزاز في السعودية سببها مقاطع وصور البنات #الجوف #دومة #القريات #سكاكا #سكاكا_ال,3,Yemen
1985,حقك تتعملى كإنسانة #مش_ساكتة,0,Egypt
1986,من جنازة شهداء المنيل الذين قتلهم الأخوان المجرمين الارهابيين أمـس,3,Iraq
1987,واللى ماتوا فى #بورسعيد عشان رجال ، لما قاوموا حُكم #عسكر كالجبال,2,Egypt
1988,هوة بالنسبة للأقباط انتوا نسيتة مذبحة #ماسبيرو واللى كان بطلها المجلس العسكر اللى كان #السيسى فيه وكان رئيس,0,Egypt
1989,1 رئاسة منتخبة لم تعصم دماء المصريات والمصريين وقبلت حدوث انتهاكات لحقوق الإنسان دون محاسبة,0,Modern Standard Arabic
1990,شكرا لدعمك,2,Iraq
1991,أخي العزيز: إياك أن تتخيل إني لما أعملك بلوك يعني عدم إيماني بحرية الرأيبالعكس أنا بأميط الأذى عن طريقي وإماطة الأذى عن الطريق صدقة,0,Egypt
1992,محاكمة المدنيين عسكرياً مش مسألة حريات ده شيء يخص العدالة والحقوق العدالة بيتقال عليها حريات؟,0,Egypt
1993,مش كل معارضتك فلول ولا إنتهازيين يا مرسى طمن شعبك بلاش تعمل ودن من طين وودن من عجين الأخوان حيغرقوك,3,Egypt
1994,100 يوم على الانقلاب أسوأ 100 يوم فى 7000 سنة انها 100 يوم من القتل الوحشى الانقلاب حول حضارة مصر فى عيون العالم الى حقارة,3,Sudan
1995,هل الإستفتاء في ظل إشراف قضائي منقوص وانفلات أمني واضح وما نراه من عنف وانتهاكات هو طريق الاستقرار أم عبث بأقدار البلاد؟ الحكم مسؤولية,3,Modern Standard Arabic
1996,#سليمان_خاطر بطل,2,Tunisia
1997,مبارك عليكم الشهر! #رمضان_كريم,2,Egypt
1998,# _ _تحية_الرئيس #انتخبوا_العرص #خليك_مصدق ان حزب النور اسلامي!!!,0,Egypt
1999,هل سيكون هناك ورش عمل في جميع دوائر الإقتراع لشرح الدستور ومعنى كل مادة لكل مواطن أمي؟ ولا هتمشي عبده فهلوة ومحسن فريكيكو؟,0,Egypt
2000,المجتمع زي الرصيف وسخ و عايز يتكنس في ناس بتعرق عالرغيف و ناس بتعرق من التنس #دينا_الوديدي,3,Egypt
2001,#فلسطين #محرقة #الاحتلال_الصهيوني بحسب الجارديان محمود عباس: #الهولوكوست أبشع جريمة في العصر الحديث مع من يود,3,Modern Standard Arabic
2002,وكان حصار المتظاهرين واستئجار البلطجية لضربهم وقتلهم ومنعهم من العلاج كان كل هذه الجرائم لم تحدث ولم يرتكبها احد يا للنفاق الرخيص,3,Modern Standard Arabic
2003,تم بحمد الله القبض علي عصام العريان شوف بالصورة,2,Libya
2004,#حمدين_قدوته_عبدالناصر #مصطفي_محمود عشان ده حبيبك وخدلي بالك أنت بلاش كل مثقفي عصر ناصر بلاش كل أحرار #إنقلاب_52,0,Egypt
2005,صح :),2,Jordan
2006,"صحيفة المصري اليوم/ بالفيديو #توفيق_عكاشة : هيفاء ""ولية ناشفة محشية طوب"" وهت - عبر تطبيق نبض",3,Morocco
2007,# ـ ـ # ـ #مصر #الارهاب,3,Egypt
2008,الصحافة #الإسرائيلية تحاول إنقاذ #آمال_كربول من المساءلة ب''هجوم معاكس'',0,Modern Standard Arabic
2009,تناسوا الشهداء وتذكروا الكورة أول لطمة على قفا كل انقلابي عامل فيها ناسي جات له امبارح من كوماسي,3,Egypt
2010,رحمة الله على المناضل العظيم مصطفى عبد الجليل أحد أعمدة الثورة الليبية,2,Modern Standard Arabic
2011,نادت بك الرسل الكرام فبشرت وملائك الرحمن خلفك سجدا لا يحصى فضلك ناثر او كاتب عددا ولا الشعراء ياغوث الندى #سيدنا_النبي,2,Tunisia
2012,بل إن الله تعالى أقسم بها حين قال (وليالٍ عشر)، وهذا وحده يكفيها شرفاً وفضلاً، فإن العظيم لا يقسم إلا بعظيم فلا يفوتكم الأجر العظيم,2,Modern Standard Arabic
2013,#اختاه بلاش قدام الناس لما تسمعي اغنية شعبي تقولي عليها يع و انتي اصلا بترقصي عليها ف البيت,0,Egypt
2014,اولاد رجال الاعمال الاوساخ واولاد تجار المخدرات واولاد الجنرالات والمعرصين والمعرصات متجمعين فى مكان واحد فقط ! تايم لاين #حازم_عبد_العظيم,3,Egypt
2015,ماقدروش على اللي أمه أمريكية اتشطروا على اللي أمه مصرية عاش مرسي مطهر الداخلية,0,Yemen
2016,فيك عن ميثاقك الوافي جنوح لا انتحيتي كالخيول الجافله من يؤمن في رجوعك به تروح للهموم أللي بسنيـنك حافله #محمد الشمري,0,Yemen
2017,يوما ما سيدرس أولادنا شجاعة المرأة المصرية التى تجلت في الثورة صلابة بنات مصر مثل نوارة وغادة كمال وسميرة ابراهيم تجعلني فخورا باني مصري,2,Modern Standard Arabic
2018,شلون عشرتنا تهون و اشواقنا تذبل و الحيره في وسط العيون عقب الهنا تسأل ؟ تسأل تقول وين الكلام اللي قلناه وين الغرام اللي عشناه #ي,0,Oman
2019,#رايف_العتيبي هم لفاني ياسعد حزة عصير من بين خلق الله قلبي سطابه حتى بحياتي ياسعد عرقل السير اصبحت كني ميت من عذابه #عبدالمجيد العنزي,0,Yemen
2020,أعطي رسول الله المرأة مكانة عالية وجعل لها دور كبير في المجتمع شاهد لتعرف #يوم_المرأة_العا,2,Oman
2021,| فيلم #ثوار #ورق# : #مصر # #مرسي_رئيسي #انتخبوا_العرص,0,Egypt
2022,اعلام العار ادعى الوطنية عند خسارة مصر من غانا 6-1 واليوم يهاجم محمد يوسف بطل العالم للكونج فو لارتداء تيشيرت,3,Saudi Arabia
2023,خلاصة كلامي: خايف من انفراد فصيل سياسي بالسلطة؟ انضم لحزب ينافسه وابذل جهدك لنجاح الحزب في انتخابات مجلس الشعب القادمة والفرص فعلا متاحة,0,Saudi Arabia
2024,أعظم شباب هما اللي بيحرسوا الداخلية دلوقتي، ضد الداخلية و قراراتها و لسة بيحرسوها برضه، عاش # #,2,Egypt
2025,#صافيناز :),2,Syria
2026,+ ثورة توحدنا #انتخبوا_العرص #ريتويت,0,Egypt
2027,#خلق_جميل إذا جفت ينابيع السعادة فهاجر إلي كتاب ربك,2,Modern Standard Arabic
2028,4) إلا أن تركيز السلطات التشريعية والتنفيذية بين يدي الرئيس مرفوض ويثير المزيد من المخاوف بشأن احتكار السلطة من جانب فصيل واحد,3,Modern Standard Arabic
2029,٣-الحل في العقلانية وليس العنترية: التعاون مع أثيوبيا لتحقيق مصلحة الجميع عن طريق التقنيات الحديثة في بناء السدود والزراعة وتوليد الكهرباء,0,Oman
2030,دستور يتوافق عليه الشعب حقوق انسان ثابتة دولة مدنية جيش جزء من السلطة التنفيذيةما لم نتفق على تلك الأساسيات لتوحدنا كمصريين فكلنا خاسرون,0,Modern Standard Arabic
2031,عن فرحتك وانت بتجدد الباقه,2,Egypt
2032,تعرف على تواضع #النبي صلى الله عليه وسلم #كلام_جميييل #تدوين,2,Oman
2033,فى وطنى يموت من لايستحق الموت على يد من لايستحق الحياة #سأنتخب_السيسى_و_مش_هنزل_لمستواك,0,Egypt
2034,"فزاعة ""الفلوليه""",3,Iraq
2035,اعلام العار تفرغ قبل غانا ومصر لشحن الناس للاحتفال ربنا افسد احتفالاتهم لم يحزنوا لخسارة مصر حزنوا لان فرصة نفاق كبيرة راحت عليهم,3,Egypt
2036,بدون دستور ستستمرالامور في التدهور المخرج مازال اعطاء الرئيس المنتخب في الاعلان الدستوري صلاحية تشكيل لجنة توافقية لوضع دستور لكل المصريين,0,Sudan
2037,#الهولوكوست أبشع جريمة عرفتها البشرية في العصر الحديث,3,Jordan
2038,#الاخوان باعونا فالميدان ايام #محمد_محمود و #مجلس_الوزراء واحنا كنا اصحاب مبداء وقضية طيب عاملت ايه دلوقتى وهما,0,Egypt
2039,الشعب المصرى شعب متدين بطبعه -_- #كدبه_ابريل,3,Egypt
2040,ميتين ام الناموس على اللى متعاطف معاه #ارحل,3,Egypt
2041,1981 الله ينور عليك يا أحمد مقالين أروع من بعض المجد للكتابة الحلوة,2,Egypt
2042,وطبعا محدش سمع من مصاب فقد عينه الإثنين أو حصله عجز من يوم 28 يناير 2011 #جمعة_الغضب أن الناس بتقوله خربتوا البلد وهو كل اللي قاله #حرية !!,0,Egypt
2043,يعنى مش عارف بياكلوا الظباط خرا عشان يجى لهم قلب يكهربوا طفل فى سنة سادسه ابتدائى ولا ايه #باسم,3,Egypt
2044,ترقصين بعرس واطالعين فوق وتحركين حلجج يعني حافظه الاغنيه:)؟ #لازم طلقه بالراس:),0,Oman
2045,لكن في أرض النفاق كالعادة يكسب الكداب #كايروكي,3,Algeria
2046,الوعود المتكررة بانتخابات حرة نزيهة فى غياب الضمانات البديهية لنزاهتها هى مجرد كلام اجوف كفانا خداعا للشعب,3,Egypt
2047,#أحبك_ربي الحمد لله,2,Sudan
2048,الله يسامحه #حسني_مبارك اكبر غلطة عملها فينا كشعب هو كمية الجهل الرهيب اللي اتسبب فيه!!,3,Egypt
2049,على سبيل #السعاده انا صديق مجدى,2,Yemen
2050,عمرو عبد الهادى : المواطنين الشرفاء بتوع #الداخليه زي المحامين الشرفاء بتوع #سامح_عاشور و زي ا علاميين الشرفاء بتوع #نجيب_ساويرس,0,Egypt
2051,"بالفيديو #توفيق_عكاشة : هيفاء ""ولية ناشفة محشية طوب"" وهترشح للبرلمان بسببها",3,Egypt
2052,بصرف النظر عن الموضوع ده تحديدا مش مهم رأي النخبة المهم كلنا نسمع الشارع كويس #مصر,0,Egypt
2053,هالايام تمر علي مواقف قديمة لكن مع أشخاص جدد #احساس_غريب,0,Oman
2054,#هذي_مصر العمود الفقري للوطن العربي,2,Saudi Arabia
2055,جابر نصار رئيس جامعة القاهرة انقلابي عايش فى بلد تانية غير مصر يقول: الوزير مايقدرش يطرده لأنه منتخب هو مرسي,3,Egypt
2056,هو الاحتلال عبارة عن ايه؟ دبابات طيارات مجنزرات اعتقالات حظر طوارئ قتلإلخ تبقى ثورة دي ولا احتلال؟؟ احتلال ا,0,Egypt
2057,أيها المتطرف في أي مكان في العالم اسحل المسلمين كما تشاء وإن لامك أحد فقل له هل يرضيك ماحدث للشيعة والبهائيين والمسيحيين في مصرقانون الغابة,3,Modern Standard Arabic
2058,ليه مستكترين إن الست تنفيطيب شكرا ليها إنها نفت كلام طائفي زي دهولازم يتم عمل تحقيقات قضائية لإثبات وجود قرصنة ولو طلع كدب ساعتها تتحاسب,0,Egypt
2059,مصر عمرها ما كانت هيبة في عهد مبارك ده كلام رخيص مصر كانت هيبة في ال18 يوم هيبة بجد والعالم كله وقف يتعلم وده كان الشعب,0,Egypt
2060,ألم يحين الوقت لعمل فيلم عن العملاق إبراهيم الرفاعي؟,2,Modern Standard Arabic
2061,علامة الصرصار بدون تفويض ، تمكن السيسى من قتل 230 شهيد وإصابة 896 ، واغلاق عدد من الفضائيات والصحف واعتقال,3,Egypt
2062,انتهوا من سجن كل قيادات المعارضة وتحولوا الى أبنائهم وبناتهم وزوجاتهم مصر لم ولن تشهد قمعا وشيطانية كما نرى من عصابة الانقلاب,3,Modern Standard Arabic
2063,خالد و البسطويسي و وابو العز مرشحو الثورة شخصيات وطنية عظيمة اتمنى ان يتوحدوا خلف حمدين لانه في رأيي الأقدر والأقرب للفوز,0,Saudi Arabia
2064,#ذكرى وأحلى ذكرى أول واقفة فى #التالتة_شمال #07 #الأهلي,2,Egypt
2065,هو ما ينفعش حد ييجي ويمشي عدل أبداً ده إيه القرف ده,3,Egypt
2066,اقدر التشويش الشديد الذي يمر به المصريون جميعا انا لم انتخب مرسي ومقالي موجود لكنى أتفهم موقف من انتخبوه حتى لا ينجح شفيق الذي هو مبارك,0,Oman
2067,وجاء مرسي وخطب في الناس بدون حماية ،منظر رائع، شئ يدعو للفخر،ثم ظهر صفوت حجازي اللعنة,0,Saudi Arabia
2068,كانوا أقزاما مع ناصر والسادات ومبارك وطنطاوى والان يقولون الا السيسي الخسيسي يفضل طول عمره خسيسي,0,Yemen
2069,يعني لما أقول إن مبارك المخلوع سحب سفيرنا من إسرائيل مرتين قبل كده يوصل اللغط أن النعاج والخرفان يقولوا أني بشكر فيه؟ فعلاً بكل طلاقة #ماء,3,Egypt
2070,الرابط اللي بيقول أني صورت حلقة مع رامز جلال غير صحيح ده فيروس على الفيس بوك رجاء الحذر,3,Egypt
2071,جمال سلطان فضح الانقلاب واعاد الحق لمرسي بعد ان عانده كثيرا,0,Yemen
2072,الشعب ما نزلش علشان تحصل فتنة طائفية غريبة ان امريكا مش بتتكلم عن اضطهاد الأقباط في,0,Egypt
2073,#بلال_فضل مفتقد مقالاتك جدا,2,Sudan
2074,قرار كويس وهايل و مستنيينه من زمانلكن #السادة_المحترمون,2,Egypt
2075,حين يكافئ من تفوه بعبارات كراهية وعنصرية ضد المسيحيين بتعيينه في لجنة الدستور و حين يخرج من مزق الانجيل بكفالة فلا تندهش مما يحدث الان,3,Modern Standard Arabic
2076,المحنة اخرها فرحة #الاهلي_الافريقي,0,Egypt
2077,صباح حنون وهادى بصوت #ماهر زين على كل فولورى الحلوين :) #سمكة_بتصبح,2,Egypt
2078,ثقافة القطيع وحشة جدا زي موضوع تشومسكي اللي جريوا كلهم وراه وطلع متفبرك في الآخر بنص كلام تشومسكي,3,Egypt
2079,2050 لا يا سيدي كنت موجود وهذا أكبر دليل أن هؤلاء المسلحين من داعمي الإخوان اللي كفرونا وهاجمونا في كل مكان ساعتها,3,Sudan
2080,جزاك الله عنا خيراً يا رسول الله #الحبيب,2,Tunisia
2081,#سلامتك_يا_خليفة إن من حق ولي الأمر علينا جميعا أن ندعوا له بظهر الغيب بالشفاء العاجل اللهم ألبس الشيخ خليفة ثوب الصحة ولباس العافية,2,Modern Standard Arabic
2082,يوم جديد وجمعه مباركة لتخليص مصر من الانقلاب وحكم العسكر عشان الى يحكمنا يعرف ربنا ومش لازم يجذب الستات,0,Saudi Arabia
2083,لا حدود لانحطاط أولئك الذين يروّجون أن أهل غزة يريدون احتلال سيناء أي نوع من الأحذية في جماجمكم وجماجم من يصدّقكم؟,3,Modern Standard Arabic
2084,ليت كل مسيحيين مصر زيك #اللى_رافضين_السيسى_رئيس_بيعملوا_فولوا_لبعض #انتخبوا_العرص #مرسى_رئيسى #سيناء_خارج_التغطية,0,Egypt
2085,الحيوان من يتجرد من أنسانيته ويبرر قتلهم لمجرد أختلافه معهم #رابعه_العدويه يا حيواااااان شغل مخك,3,Egypt
2086,لما #عدلى_منصور يصدر قانون لحماية وتشجيع #الاستثمار ويجى واحد #جاهل من #الثوار يقول أن #عدلى_منصور بيهدر المال العام يبقى احنا فى زمن #المسخ,3,Egypt
2087,أقول للشتامين مشكلتكم ليست مع الكتاب والإعلاميين بل مع جيل ثائر خذلتموه وخنتموه ثم أصبحتم تحملون دمهوأختم كلامي بقول المرشد ماذنب النباتات؟,3,Modern Standard Arabic
2088,يقصر بعض الناس سراويلهم لانه نوع من الخيلاء و اذا به ينزل من عربية مرسيدس #عبث,3,Saudi Arabia
2089,أتقدم بخالص التهنئة إلى الإخوة الأقباط بمناسبة عيد الميلاد المجيد أعاده الله على مصر بالأمن والرخاء,2,Modern Standard Arabic
2090,: فيديو: الإخوان #كاذبون_بسم_الدين,3,Iraq
2091,#جلال_عامر الغائب الحاضر,2,Iraq
2092,"باقي على #رمضان 69 يوما تقريباً وتبدا القصه الجميله وتعلو المساجد بأصوات التراويح اللهم بلغنا رمضان لا فاقدين ولا مفقودين """,2,Oman
2093,أمين شرطة يتحرش يراكبة اجنبية بالمطار وزملاؤه يعتصمون اعتراضا على نقله | #مرار_طافح,3,Tunisia
2094,فلتقل خيرا أو لتصمت #خلق_جميل,2,Sudan
2095,قسما بربي لو رأيتك أمامي لجعلتك جثه هامده تأكل منها الكلاب,3,Yemen
2096,الطريق الى جماعة الاخوان المسلمين الارهابية #الاخوان_جماعة_ارهابية,3,Iraq
2097,_97: ههههه عادي مالها ال14 سنه :) أجدع ناس و فخور جداً بيكم,2,Egypt
2098,الدرس المستفاد: لا تظن أن كل الناس خرفان يصدقون ما تقوله لمجرد أنه جاء على لسانك، فلديهم كيبوردات يستخدمونها في البحث وعقول للنقد والتفكير,0,Modern Standard Arabic
2099,شعب يعشق العبودية #اللى_رافضين_السيسى_رئيس_بيعملوا_فولوا_لبعض,3,Egypt
2100,#حازم_عبد_العظيم العرص يكشف لماذا تحول من صفوف #الثوار لصفوف #الانقلاب,3,Egypt
2101,#سؤال_برئ كل الناس يوم الجمعه تنزل صور وتكتب #جمعه_مباركه وكده هيا باقى الايام #نجسه يعني ولا ايه؟,0,Egypt
2102,#فتاوي الدياثة #البرهامي #الهلالي #الاحداث المفتعلة #سما #مرتضي #باسم #نمر في سيرك #الالهاء لتمرير جرائم كبري #انعدام الخيال #ابهار,3,Libya
2103,شكرا على مشاعرك الطيبة,2,Saudi Arabia
2104,إغلاق حسابين على تويتر ينشران فضائح الفساد بسبب #أردوغان #الاخوان_جماعة_ارهابية #تركيا #قمع,3,Egypt
2105,رضا عبدالسلام: كلام دعبدالمنعم أبوالفتوح الاقرب إلى الناس وهو علامة من علامات مصر هو شخصية مصرية مضحية حتى النخاع,2,Iraq
2106,# _ _ _ _ برضو #سأنتخب_السيسى_و_مش_هنزل_لمستواك,0,Egypt
2107,انت مش مضطر تتجوز بالطريقة البضان دي انت بني ادم سواء كنت اجتماعي او انطوائي صدقني دي اسوأ طريقة ممكن تتجوز بيها #جواز_,3,Egypt
2108,مش متخيل أن ف حد ممكن يدعي ع ابوه او امه مهما كانوا خنقيين او عصبيين بس ل سف في #بر_الوالدين ياو د الجزمه,3,Egypt
2109,وزير الغلابة #باسم_عودة معتقل ف سجون العسكر ل #افضل_منتج_لاكرم_شعب #انا_مش_رقم #انتفاضة_السجون,2,Egypt
2110,علاء الاسواني: رأيي أننا متحضرون لكننا نعيش في دولة غير متحضرة أقرأ المقال كامل,0,Modern Standard Arabic
2111,الفائزون عالميا وافريقيا من انصار رابعة والشرعية والفاشلون انصار الانقلاب يا وزير للرياضة يا خسران بالستة يا,0,Egypt
2112,افتخر بلغتي #اليوم_العالمي_للغة_العربية,2,Iraq
2113,ناس كتير قاعدة على #تويتر تحس إنها ناس فاضية بتهري و خلاص #مرار_طافح,3,Egypt
2114,بلغني اليوم أن شركة مصر للطيران رفضت عرض فيلم الشتا اللي فات على متن طائراتها وذلك لأنه يتحدث عن الثورة لو لم يكن من أبلغني أخطأ فهذا عار,3,Modern Standard Arabic
2115,# _ _تحية_الرئيس #انتخبوا_العرص #خليك_مصدق حمو ثورة 25 يناير وانهم مافتحوش الميدان يوم الجمل,3,Egypt
2116,منذ غرس بذرتها الشهيد #حسن_البنا ليسقيها بدمه صاحب الظلال ليتم الفتك ببطل أول صندوق إنتخابي ديموقراطي وشعبية #الاخوان_,2,Modern Standard Arabic
2117,انا مصرى و #ضد_الفحم #أوقفوا_الفحم #فحم_لية لمصلحة مين يتم استخدام الفحم طبعا لمصلحة اصحاب #مصانع_الاسمنت,3,Egypt
2118,أثق تماما ان محاكم التفتيش الإخوانية لن ترهب باسم يوسفانتظر الرد على فاشية الاخوان في الحلقة القادمة المبدع أقوى بكثير من الرئيس المرؤوس,0,Modern Standard Arabic
2119,"مسيرة جت من #التحرير في #طلعت_حرب وصلوا ميدان طلعت حرب وبيهتفوا بحماس جديد يا غراب يا معشش #انشكاح	
توضيح عن المحكمة الدستورية الألمانية وقانون الانتخاب والبوندستاج (مجلس النواب المنتخب بصورة مباشرة ويشكل مع مجلس الولايات السلطة التشريعية)	
#البوابة_نيوز: عمليات التعليم تصدر تقريرها حول سير #الامتحانات على مستوى الجمهورية:	
شاهد - آخر كلام: مستقبل السودان والاستفتاء على انفصال الجنوب	
ولو خيرت في وطن لقلت هواك أوطاني ولو أنساك يا عمري حنايا القلب تنساني إذا ما ضعت في درب ففي عينيك عنواني #فاروق جويدة	
18 تسديدة و11 فرصة و51 هجمة قادت #الزمالك لإسقاط القناة المزيد من أخبار الرياضة على 	
بسمة أمل - استثمر في تعليم أولادك ------------------------------------------ أيها الأباء والأمهات ما هو أفضل	
85% من قرى مصر تخلو من الصرف الصحي وتحتاج لـ 80 مليار جنيه لاستكمالها	
جماعة الإخوان الإرهابيون بقئلهم سنتين و نصف سبب الكآبة و الحزن لكل المصريين إنتظروا رد الشعب - جنازة الشهداء 	
تابعوني الليلة ببرنامج العاشرة مساء عن لجنة تقصي الحقائق الخاصة بمجزرة بورسعيد	
#اماراتي من #دار_زايد وافتخر 	
مدرعه فض شغب قبل سلم السودان علي الكوبري و انت جاي من اكتوبر #بلغ	
77 83 ااتركينوا براحته ولا اقتلك هعهعه #اخر مره	
صور العقود وقد وضع رابط أدناها لتكبيرها كما يلاحظ ان هذه أصول وليست صور ضوئية بالنظر الى ختم النسر الأزرق	
#قطر و #السعودية و #تركيا غذّت المعارضة السورية بالسلاح ورفضت النقاط الست	
#مقدرش_انسى اول مره ادخل على تويتر	
رابط قراءة وتحميل المعصرة عدد اليوم: بلوغ المرام في فضح المتاجرين برؤية النبي في المنام ـ تدوينة: الثورة جاية إمتى	
ومن أراد حكم الأهطل ربنا يتولاه	
الضحك قال ياسم ع التكشير أمشير وطوبة وأنا ربيعي بشير مطرح ماباظهر بانتصر ع العدم إنشالله أكون رسماية بالطباشير	
تراجع تصنيف مصر للمركز الأخير عالمياً فى مستوى المعيشة # #	
قوات الأمن المصرية تقوم بضبط لاب توب"" يحوي أغاني مسيئة لـ""السيسي"" هذه ليست نكتةهذه حادثة حقيقية في مصر بعد",3,Tunisia
2120,امل محمود فى ذمة اللهرحلة عطاء ومقاومة باسلة ستبقى فخرا لجيلنااالهم اجزها خيرا عنا وبواسع رحمتك ادخلها واسع جنتك,2,Egypt
2121,انك عربي و صاحب قضية #اوعى_تنسى,0,Egypt
2122,"نك انت كل حياتي مهما بالدنيا يصير #كلمة_حلوة""",2,Tunisia
2123,اذن فلتحرقنا الحرب جميعا حظ سعيد في محاولة ابادة او اخضاع مئات الالاف,0,Modern Standard Arabic
2124,إحنا مايفرقش معانا هو موافق ولا لأ إحنا عايزين حنان ليس إلا,0,Egypt
2125,أدين بكل قوة العنف بكافة أشكاله وصوره ضد كل إنسان أيا كانت عقيدته أو انتماؤه قوتنا هي الحق وسلميتنا هي السبيل,3,Egypt
2126,"الشتا اللي فات ""فيلم عظيم"" برافو",2,Egypt
2127,"يوسف الحسيني يفضح كذب قناة الجزيرة ويكشف تمثيل الاخوان """,3,Iraq
2128,متفق مع جوانب بمقال أحمد خالد توفيق وأعتقد أن التحفز ضد الحاكم دون فبركة أو كذب هو أمر مهم في بلد تعشق صناعة الفرعون,0,Oman
2129,القراء الأعزاء اعترافا مني بأننا معشر الصحفيين عالم ولاد تيت (الا من رحم ربي) وأننا احيانا نلجأ لكتابة,0,Iraq
2130,"بعد قراءة مادة 219 الصوفيين يعملوا إيه كده؟ ليه نقفلها ع ""السنة والجماعة""؟ ولا دي تمهيد للحرب مع الشيعة؟ دستور مريب ليس للمصريين",3,Egypt
2131,على الـ الان محمد سامي يقول : الحكم على 700 انسان بالاعدام أمر مبهج !! اين وصلت الانسانية !! #مصر #القاهرة #الاخوان #الفلول,0,Saudi Arabia
2132,ازاي؟ على تويتر؟ لقينا حزب عدل وقلنا يع؟ لما يبقى ليك جبهة قوية ماشي غير كده تتفاوض,0,Egypt
2133,الى الشيخ احمد الطيب انا مسلم سنى وانت لا تمثلنى احترم الازهر لكننى احتقرك جدا,0,Egypt
2134,اسمي ميشيل وانا سكرتير دعلاء وبأنقله تويتات المديح والتأييد والنقد العنيفاما الشتائم المبعوتة من الفلول او المتطرفين بارميها في الزبالة,0,Yemen
2135,المطرب الوقح بيشتمنا ويغنى: لما امريكا تؤمر يردوا يقولوا امين واحنا بنقولو لما وقح يغنى لامثاله يقولو: امين,3,Egypt
2136,اشعر بالألم الشديد و نحن نعيش فوضى لا أخلاقية و انحطاط في المبادئ و القيم و صدمة ممن كنا نعتقد أنهم بصدق علماء و دعاة,3,Saudi Arabia
2137,"صاحب قناة الفراعين للمصري اليوم: ""أنا ملك التوك شو"" خبر صحيح و وصف دقيق طيب الله أوقاتكم",2,Egypt
2138,من اتهموا الاخوان بالفاشية الإسلامية استقدموا علماء الدين لإقناع الجنود بقتل إخوانهم المصريين من المتظاهرين,0,Modern Standard Arabic
2139,لا لازدواجية المعايير عند نبذ العنف، لا لتبرير العنف بالسياسة أو أهدافها أو اختلافاتها، لا للإقتتال الأهلي عبر دوائر العنف والعنف المضاد,3,Modern Standard Arabic
2140,: يضاف اليهم البرادعى ضمير الثورة طبعا,2,Egypt
2141,اى والله :) #اسلوب_حياة,2,Egypt
2142,#يوسف_الحسيني امريكا لاتعنيها سوريا ولا الشعب السورى ولا نصره الاسلام، لكن يعنيها الكيان الصهيوني وحماية تركيا,0,Yemen
2143,3 غير صحيح! التوقيع لخالد كان لتمكينه وهو الشاب الوحيد والأكثر جراءة في الدفاع عن المدنية من دخول السباق الرئاسي,2,Saudi Arabia
2144,عودة لسجون مبارك,3,Egypt
2145,ياخى الفجيكات دول يتحبوا من غير مقدمات كده :) #نوبة,2,Egypt
2146,فقط مد اليد والدمج في إطار القانون والسلمية والامتناع عن التوظيف الزائف للدين هي المضامين التي ستمكننا من الدعوة إلى مصالحة وطنية حقيقية,0,Modern Standard Arabic
2147,وحرامية بلدنا طلقاء يحكموا بلدنا النزيه#باسم_عودة فك الله اسرك انت وكل احرار بلدنا,3,Egypt
2148,أحضر المؤتمر العام للمصريين الأحرار فخور و سعيد و شعلة الأمل,2,Lebanon
2149,اللهم بلغنا رمضاااااااااان #نفسي يرجع بقا,2,Egypt
2150,و انت مالك,3,Sudan
2151,رموا على جمعه وجابو خالد الجندى الاحتفالات الدينية حرام على مرسي حلال للجيش,0,Libya
2152,#اعرفوهم #انقلاب_مصر #يسقط_حكم_العسكر #الداخلية_بلطجية #الحرية لمحمد شعبان عبدالقوي 18سنة طالب بكلية العلوم #المنوفية,3,Egypt
2153,قبل كده وبعدما قفلوا النت في البترول كنا نرسل اللنك لسيرفرات برة وهم الله يجزاهم خير يرسلوا الصفحة، ونستمر على كده #تخيل,3,Egypt
2154,المبادرة جميلة كلفتة من العمل المجتمعي لكن ماذا بعد؟هل سننزل للقبض على المجرمين لان #الشرطة متخاذلة,3,Oman
2155,اللهم امطر على قبر #محمد حسين جمعه وعلى قبور جميع موتانا وموتى المسلمين من سحائب رحمتك يارب اللهم اغسلهم بالماء والثلج والبرد,2,Oman
2156,_ يااااااه يا مالك بترد على حالة مر عليها 31 يوم؟! :) حالة الانقسام التي شهدتها القوى الديموقراطية هي التي أدت لذلك,3,Saudi Arabia
2157,تطهير الداخلية الآن وفورا,3,Modern Standard Arabic
2158,في مذيعة بتزغرت على الهوا #الام_المثالية,3,Jordan
2159,الحمد لله والله أكبر التحية للشعب المصرى العظيم القائد والمعلم دائما وأبدا التحية للقوات المسلحة النصر للثورة والمجد للشهداء,2,Egypt
2160,انا مستعد للقيام بأي دور لخدمة الوطن حفاظا على التضحية التى قدمها الشهداء وحماية لمطالب الثورة,2,Egypt
2161,إتفرج ياسلام صلاح جاهين ومحمود السعدني في بروجرام واحدرحم الله الجميع وجزاهم عنا وعن مصر خير الجزاء,2,Egypt
2162,اشارككم قلقكم من حالة الاستقطاب السائدة في الحياة السياسية الآن وقد طالبت بعودة التوافق الوطني بين كل التيارات,3,Oman
2163,9سبتمبر عيد الفلاح الذى ظلمته السلطة واهملته المعارضة نحتاج لاصلاح زراعى جديد و نقابة مستقلة للفلاحين لا تغيير بدون الجماهير وفى قلبها الفلاحين,3,Egypt
2164,"أياكس يسعى لخطف الموهبة المغربية الأصل ""مستور ""من معقل ميلان #ميلان #اياكس",3,Algeria
2165,إِيّاكَ نَعبُدُ وَإِيّاكَ نَستَعينُ,2,Tunisia
2166,د عبد المنعم أبو الفتوح: أبعث بتهنئتى وتحياتي الى شباب الثورة الذي مازال يدافع من أجل استمرار مسيرة الثورة,2,Modern Standard Arabic
2167,هذا يتنافى/يختلف مع كل القواعد التى تعلمناهاجملة تكرس الجمود وعدم التطور فلولا هذا ا ختلاف والتنافي لمكثنا في عصورالظلام #مصر #تونس,0,Modern Standard Arabic
2168,ما يتحدث عنه المجلس العسكري من تفعيل لحالة الطوارئ مرفوض شكلا وموضوعا,3,Iraq
2169,هل الحروب الصليبية التى ارتكبت ابشع الجرائم باسم المسيحية تجعلنا نعادى كل المسيحيين في العالم أنا اعادى الأفعال السيئة ولا أعادى الديانات,3,Egypt
2170,لن تحقق الثورة أهدافها بصفقات مع القتلة,3,Modern Standard Arabic
2171,سيدي الفاضل اعلم جيدا ان #دحلان_عميل و #ضاحي_خلفان إنما هم كلاب ضالة أطلقها أسيادهم,3,Modern Standard Arabic
2172,إعلان الدم الدستورى بمجرد أن انتهت قوات الجيش والشرطة من مذبحة الحرس الجمهورى,3,Egypt
2173,"هل تعرف معنى اسم الله الصمد ؟ ""الصمد"" الذى يُقصد إليه فى قضاء الحوائج ""الصمد"" لا يحتاج إلى أحد و يحتاجه كلُ أحد",2,Egypt
2174,حبيتلكن حب من غير حنان وصحبتلكن صحبة من مالهاش أمان رحت لحكيم واكتر ولقيت بلوتى ان اللى جوه القلب مش ع اللسان ًعجبى #صلاح_جاهين,2,Egypt
2175,القائمة الأولى للخونة الذين خدعوني بتعريف كلمة مبقوق :),3,Modern Standard Arabic
2176,الثورة مكملة #ثورة_25_يناير #باسم_رئيسا_لمصر #انتخبوا_العرص,3,Egypt
2177,#إبراهيم_محلب هايدخل التاريخ وهايحل مشكلة سد النهضة وإبقو إفتكرو إن مدرستى#دى_لاسال قدمت هدية لمصر من أحد خريجيها الناجحين,2,Egypt
2178,"و #السيسي حارب #الارهاب عشان كده بتحصل تفجيرات , حسبنا الله ونعم الوكيل",3,Egypt
2179,هي #سما_المصري تتحسب مع البني ادمين ولا ايه النظام ؟ -_- #ارف,3,Egypt
2180,الدائرة غير متجانسة و لايمكن السيطرة عليها من عصبية او اقلية او من اتجاة سياسي,0,Saudi Arabia
2181,"سامي الجابر يتحمل كل شيء لأنه اعطي الصلاحية كاملة،مين يختار اللعيبة والتشكيلة ومين يضع التكتيك ""اذا كان فيه تكتيك",3,Saudi Arabia
2182,عملاء يكرهون الجيش المصري#عبدالرحمن_يوسف #انتخبوا_العرص #مصر_العربية #الإخوان #بلاش_شتيمة,0,Modern Standard Arabic
2183,كيزاد أفضل منصة لتأسيس الأعمال في المنطقة #الإمارات #بالعربي,2,Algeria
2184,عبدالناصر الخائن الاكبر #الاخوان_المسلمون,3,Yemen
2185,العسكري الكبير عبدالفتاح وية,3,Iraq
2186,اسألوا #البرادعي عما فعله في #العراق #البرادعى_طلع_جاسوس #باسم_طلع_حرامي #تخابر,3,Egypt
2187,عظيم نجاح أجهزة الدولة وبالتعاون مع أهل سيناء في إطلاق سراح الجنود المختطفين دون إراقة للدماء، هذه إدارة أزمة ناجحة ينبغي الإشادة بها,2,Modern Standard Arabic
2188,''وما النصر ا من عند الله'',2,Tunisia
2189,#الاخوان_جماعة_ارهابية يجب التضييق على اخوان الخليج فهم اذناب للتنظيم الدولي للاخوان ولا يقلون خطوره عن اخوان مصر,3,Yemen
2190,اختيارلجنة المائة يجب أن يتم وفق معايير واضحة تراعي تمثيل كافة قطاعات المجتمع من رجال نساء عمال فلاحين مسلمين مسيحين وأهلنا في سيناء والنوبة,0,Modern Standard Arabic
2191,أجور العمال في شركات الأسمنت أقل من تكلفة ورق شكائر الأسمنت #أوقفوا_الفحم,3,Egypt
2192,واضح ان الترمادول ملا البلد: #الببلاوي: تولِّى #السيسي رئاسة مصر معناه انتهاء الحكم العسكري,3,Egypt
2193,ما هي صفة مكتب الارشاد ليجتمع لبحث حكم المحكمة الدستورية، هو مرسي واخد بكرة مرضي؟,3,Sudan
2194,أمراض السياسة حين تؤلم شخصيا,3,Modern Standard Arabic
2195,اللهم احرسني بعينك التي لا تنام، واكْنُفْني بركنك الذي لا يُرام، لا أهْلِكُ وأنت رجائي، رب ! كم من نعمة أنعمت بها,2,Modern Standard Arabic
2196,لا تثقل يومك بهموم غدك فقد لا تأتى هموم الغد و تكون قد حرمت نفسك من سرور يومك صباحكم سعادة و سرور :),0,Saudi Arabia
2197,اطاح الاستفتاء بمبدأ تكافؤ الفرص حينما لم يسمح بالتصويت لكل المقيمين بالخارج الا من قام بالتسجيل في الانتخابات,0,Oman
2198,اللى حصل مع محمود شعبان فى التحرير أفترا عليه لأنه ضعيف,3,Egypt
2199,براءة مبارك في قتل المتظاهرين كانت في جلسة 15 أبريل 2013 يعني في عز حكم الإخوان ولم يتم الإستئناف,0,Egypt
2200,تَحَدَثوآ عَن أيْ شَيء ~ #المدارس بالمجموع #والكليات بالواسطة #والجواز بالفلوس # والصحوبية بالمصلحة #,3,Egypt
2201,اول مرة أشوف مناظرة بدون مقاطعة ولا صراخ وكل طرف واخد وقته في الكلام،أحيي #يوسف_الحسيني لإدارة الحوار بهذا الرقي,2,Egypt
2202,التعادل فى نهاية اللقاء قلل فرحة الاهلى لكنه خير لأنه سيجعل لقاء الاياب فى القاهرة حاسما ودور المصريين خلاله حاسم لاعلاء اسم بلدهم وفريقهم,0,Egypt
2203,منع برنامج الاراجوز باسم يوسف والقضاء اغلق كل القنوات المحترمة قتلوا حرية الرأى والاعلام وحرقوها,3,Egypt
2204,تحية لجميع النساء في #يوم_المرأة_العالمي نحتفي بالمرأة كل يوم أماً وبنتاً وأختاً ورفيقة درب وحياة وصانعة أمم,2,Oman
2205,لا يجوز للسلطة التنفيذية ان تتدخل لمصادرة اي منتج ابداعي فيلما او كتابا او ايا كان نحن في حاجه للمبدعين,3,Saudi Arabia
2206,"انك تدافع عن اي بنت لو لاقيت حد بيدايقها ف الشارع , الرجوله دي #خلق_جميل",2,Egypt
2207,#طارق_الزمر: فتاوى #برهامي تروج لاغتصاب الأمة أو السلطة,3,Egypt
2208,هذا إن أشار أو وشى، فإنما يشي بإنه مفيش أي قيمة وطنية موجودة عند هذا التنظيم ولا أبناء هذا التنظيم,3,Yemen
2209,تدني بعض الصحف الرسمية والحزبية والخاصة إلى مرتبة الصحافة الصفراء الباحثة عن الفضائح والمزكية لمشاعر الانتقام والثأر,3,Modern Standard Arabic
2210,لا زالت مستنداتى الرسمية التى تدل على انك حرامى وسارق تطاردك فى منامك، ولا ولن تستطيع ان تواجهها,3,Modern Standard Arabic
2211,سأصوت بلا على تعديلات دستور سقط علشان نعم ستدخلنا في متاهة سياسية ودستورية، وهي انتكاس للديمقراطية,3,Egypt
2212,#حازم_عبد_العظيم اللي خرج من الوزارة لعلاقاتة المشبوهة بشركات اسرائيلية قيادي في حملة #السيسي #الطيور_علي_اشكالها_تقع!!,3,Egypt
2213,إنت فاكر إن متابعتك لأفلامي أهم من بلدي؟ في ستين ألف داهية وإوعى ترجع في كلامك قبل ما تعتذر على جهلك,3,Egypt
2214,شكراً لك ِأيتها المرأة لجعلكِ العالم أكثر جمالاً و روعة لا تتخلي عن أحلامكِ وحقوقك #اليوم_العالمي_للمرأة #ريتويت,2,Algeria
2215,الأسواني:اذا لم تتوحد القوى الوطنية فورا من أجل استخلاص الدولة المصرية من أيدي الاخوان فلسوف ندفع ثمن غاليا نحن وأولادنا,3,Modern Standard Arabic
2216,نحب اللغة العربية لأنها لغة القرآن ولأن نبيّنا عربي ولأنها لغة أهل الجنة #اليوم_العالمي_للغة_العربية #غرد_بصورة,2,Modern Standard Arabic
2217,انتى عايشه فى مسرحيه عاوزانى اكون كومبارس فى الخلفيه #كاريوكي,3,Egypt
2218,قبضت كام من ساويرس كله في ال #فسسسسسس,3,Egypt
2219,مسيرة مدينة مصر غير مسبوقة يا ويلكم يا انقلابيين من ثورة الشعب العظيم,3,Tunisia
2220,الزقازيق الآن حرب شوارع وعلمت ذلك من خلال اتصال بأحد أقاربي هناك ورائحة الغاز تملأ الشوارع,3,Modern Standard Arabic
2221,يجب على كل ابناء #الزمالك مساندة ميدو ودعمه بشكل كبير ميدو استطاع تغير اشياء كثيرة داخل النادى موجوده منذ زمن بعيد قوي,2,Yemen
2222,أصابع خارجية وراء خسارة مصر في قطر,3,Egypt
2223,شكر خالص للانقلاب جعلتنا نعرف من هم الاخوان,0,Sudan
2224,اقتحام السفارة مش سلمي,3,Egypt
2225,عماد متعب || الضابط وجه لي شتائم وتهزئ آخر قلة أدب وأنا معروف، لو واحد غلبان إيه اللي هيحصل معاه يعني,3,Egypt
2226,الله يخربيتك يا سيسي الكهربا قطعت هوبا فلول ستايل #انتخبوا_العرص #مرسي_رئيسي,3,Egypt
2227,بعد صدام الشرطة بالنيابة فى سوهاج شعار الانقلاب الجيش فوق الجميع والشعب مالوش لازمة,3,Egypt
2228,المجلس العسكري نمتلك ادلة تدين 6 ابريل و تدريبهم في الخارج و في الاخر #فسسسسسسسسسس,3,Egypt
2229,انغام وزيره البهجه على رأى #بلال_فضل,2,Libya
2230,مؤتمر فيينا رائع فضح الانقلاب واكاذيبهم وجرذان لفوا العالم لدعم الانقلاب وينفقون بالملايين من اموال الشعب الغلبان,3,Saudi Arabia
2231,درس التاريخ أن الإعتداء على مصر يبدأ دائما بضرب سوريا الإعتداء على الشعب السورى همجية وبربرية لا يجب أن تسمح بها مصر,3,Egypt
2232,حد يسأل سيسي لما قال بكره تشوفوا مصر يمكن قصده ان احنا هنبقي شحاتين وهنبقي فرجة والدنيا تضحك علينا,3,Egypt
2233,قسوة مخيفة في رفض الآخر الفكري أو السياسي أو الديني وتشويهه وتخوينه تمهيدا لنزع إنسانيته وممارسة العنف ضده,3,Modern Standard Arabic
2234,ألا يعلم الوزير المتدين أن الكذب حرام، وأن الله لن يقبل صلاته إذا كان كاذبا,3,Modern Standard Arabic
2235,يا صباح الخير يا صباح النصر احنا ملوك كل حاجه فى مصر :)) #الأهلى,2,Egypt
2236,لم ولن أتخذ أي موقف يؤيد قتل أبرياء تحت أي ظرف من الظروف ما أقوله عن الإخوان لا يعني تأييدي لقتل أي بريء مهما كان,0,Modern Standard Arabic
2237,انتخاب مرسي بالقطع ليس سبة ولدى اصدقاء لا اشك في ثوريتهم انتخبوه لكني ببساطة لم انتخبه وقاطعت وان كان هو الان الرئيس الشرعي,0,Sudan
2238,اذا صدق خبر تأجير الانقلاب الاهرامات لشركة صينية ستكتمل كل اكاذيب وشائعات اعلام العار ضد مرسي الى حقائق وفضائح نفذها الانقلاب,3,Oman
2239,يوسف_الحسيني يفضح كذب قناة الجزيرة ويكشف تمثيل الاخوان دور الموتي تحت اشراف قناة الجزيرة,3,Iraq
2240,وتتوالى الإبداعات في العالم العربي #ا م_المثالية في مصر #سمير_جعجع رئيساً للبنان #والعرص_ابن_العرص مرشح للرئاسة,3,Sudan
2241,الخطأ القومي عندنا هو التبجيل,3,Sudan
2242,ان دفن جثث بعض الشهداء دون فحص اسباب الوفاة يعتبر مشاركة في جريمة قتلهم مع #اسرائيل هنا #فلسطين,3,Saudi Arabia
2243,خطاب مرسي اليوم نسخة مكررة من خطابات مبارك الانفصال عن الواقع والشعارات الفارغة ومحاولة تجميل التزوير والديكتاتورية هل يصدق مرسي ما يقوله,3,Modern Standard Arabic
2244,إنسان أيا إنسان ما أجهلك ما اتفهك في الكون وما أضألك شمس وقمر وسدوم وملايين نجوم وفاكرها يا موهوم مخلوقة لك عجبي! #صلاح_جاهين,3,Yemen
2245,مشربتش من نيلها؟ طب جربت تغنيلها؟ جربت فعز ما تحزن تحاول تولد فأمريكا عشان الواد ياخد الجنسية؟ #شيرين #نفاق,3,Egypt
2246,لا نزول لميدان التحرير لا نزول لميدان التحرير اكررها والا استوعبتوا فخ قذر منصوب لتكرر مذبحة رابعة,3,Yemen
2247,مصر كلها هتصوت لعبد المنعم أبو الفتوح القـوى الأميــن,2,Egypt
2248,#تويتة فى عشق الكيان #الاهلى,2,Egypt
2249,و انت طيب يا شاعر يا رائع,2,Jordan
2250,تأسيسية مين يا أبو تأسيسية إنت ناس إتقتلت تقوللي تحسيسية يا شيخ روح انت وهي إلهي ينتقم منكم واحد واحد,3,Egypt
2251,حاولت اكتر من مره البس بيجاما في البيت واعمل ابن ناس بس الجينز بيستهويني حتى جوه البيت #افضح_نفسك,0,Egypt
2252,"ملايين فى الشوارع قبل العاشرة صباحا مشهد لم يره بلد فى العالم, كم أنت عظيم يا شعب مصر",2,Modern Standard Arabic
2253,شكرًا تويتر !,2,Iraq
2254,اقطع الصمت التويتري لاهنئ اخويا و شقيقي و كفاءة و كدة بلال فضل بالنص مليون فولور اسبوع و احصلك #حقد_اسود,0,Sudan
2255,انت حر وماحدش زايد عليك لكن احنا بتكلم في حلول برة تويتر مش حل انك تهاجم اللي بيحاول حتى لو ثبت خطأه,0,Egypt
2256,#فيفي_عبده_الام_المثالية تقول حككككم,3,Saudi Arabia
2257,الحمدلله علي التأهل لدور المجموعات بالكونفدراليه و من فوز لفوز ان شاء الله يا #أهلي #عمرو_جمال - يشعر بـ حالة ممتازة,2,Libya
2258,#المصيبه اللي تقربك من #ربنا احسن من #النعمه اللي تنسيك #فضله,0,Egypt
2259,لايمكن لانسان ان يقبل وضعه مع الانقلاب لأن الانقلاب يتعامل مع معارضيه كحشرات يضربهم بالرصاص والغاز والمياه تماما مثل الحشرات,3,Yemen
2260,حتى الدور المشرف الذي لعبه الإخوان في حماية الميدان في موقعة الجمل لطخوه عندما قرروا أن يصنعوا موقعة جمل في كل حتة في مصر من أجل مرسي الكذاب,3,Sudan
2261,يحرم علينا شربك يا جوزه روحى و انتى طالقه ملكيش عوزه ! #محمد_محسن,3,Egypt
2262,#أوقفوا_الفحم ياحكومة بقر يا شوية غجر,3,Egypt
2263,من انتصر على نفسه انتصر على أقوى أعدائه و من إنهزم أمام نفسه إنهزم أمام أضعف أعدائه,0,Yemen
2264,أرفض البيان وادعو للاستجابة لمطلب العزل السياسي للوطني المنحل وإنهاء الطوارئ وجدول زمني لنقل السلطة لرئيس منتخب بعد انتخاب البرلمان,3,Modern Standard Arabic
2265,ساويرس مشغول بالبيزنس وانا والحمدلله لم اقترض من البنوك ولم انحن امام الهانم ولم اشتر اراضي مصر بسعر بخس لابيعها بملايين لا املك الا قلمي,3,Yemen
2266,متابعة الأحداث اليومية والأخبار في الصحف والإنترنت بقت بتستنزف من طاقة الواحد ما لا قبل له بتعويضه،حرقة دم ومناقشة بديهي,3,Sudan
2267,خالد علي: رفع أسعار #الكهرباء و #الغاز و #البنزين ''إجرام سياسي'' بحق #الفقراء,3,Modern Standard Arabic
2268,مصر تستجدى روسيا لاعادة السياح بكره تشوفو مصر,3,Yemen
2269,الانقلابي المليونير حازم عبد العظيم يشكو من ارتفاع فاتورة الكهرباء الله يكون فى عون الغلابة فى الزمن الاسود لحازم وامثاله,3,Egypt
2270,أسلوب النعامة في النقاش غير إنه غبي هو أسلوب حيواني في الأساس داروين كان هيهيص معانا اليومين دول,3,Egypt
2271,مفيش جمهور في الدوري المصري؟ يبقي مفيش كورة اصلا مفيش كورة من غير جمهور #رجعوا_الجماهير,3,Egypt
2272,هو مرسي ما غيرش النائب العام ليه؟ هي دي النهضة؟,3,Egypt
2273,حزن عظيم مسني بالأمس وأنا أشعر بمواطنينا الأقباط يشكرون كل من حضر للكنائس لتهنئتهم بأعياد القيامة وكأنه قام بعمل استثنائي أو غير اعتيادي,3,Modern Standard Arabic
2274,انا مبحبش الناس الأوفر انا مبحبش الناس عموما !! #اعترافات_ليلية,3,Egypt
2275,و لا عاش ولا كان اللي يزعلك يا فوزي,3,Egypt
2276,رحم الله سامر سليمان، كان مصريا مخلصا لقيم المواطنة والديمقراطية وأستاذا متميزا للاقتصاد السياسي، رحمه الله,2,Modern Standard Arabic
2277,#مصطفى_حسني #الطريق_الى_الله ناو :),2,Iraq
2278,مصر لسا فيها خير كتييير نعم لباسم #ثورة_25_يناير #باسم_رئيسا_لمصر #انتخبوا_العرص,0,Egypt
2279,رحم الله جمال البناكان له ككثير من العلماء آراء صادمة وكان لديه النقاء الكافي لإعلانها والدفاع عنها وتحمل ضريبة الهجوملكن عطاءه أوسع بكثير,0,Oman
2280,سايب صاحبك يهزر معاك و يشتمك بامك ؟ معلش اصلها فكرت نفسها جابت راجل طلع #سيكو_سيكو,3,Egypt
2281,عاش محمد مرسي مفجر ثورة ديسمبر وحفظ الله الغباء صديق السياسيين الفشلة الوحيد ورحم الله الشهداء السابقين واللاحقين,0,Tunisia
2282,الطرطور: 30 يونيو رد فعل رافض لاستنساخ النظام الأسبق سؤال للطرطور:ماذا فعل القضاء الشامخ للنظام السابق؟,3,Sudan
2283,أنتم تجعلوا من الناموسة فيل الإخوان تنظيم منتهي,3,Tunisia
2284,يوم ما #السيسى هيكسب الانتخابات هعملها بروفايل واقوله #ارحل,3,Egypt
2285,هناك فارق بين ان يكون المرشح يسعى لهذا المنصب ليلبى طموحا شخصيا لديه فى اعتلاء المناصب وبين أن يترشح لخدمة الوطن,0,Egypt
2286,إستبشروا خير,2,Egypt
2287,عليك نور !,2,Tunisia
2288,فلسطين قضيتنا الأولى ، شعار كاذب فحقد البعض على حماس جعله يقذف بالقضية بعرض الحائط ! #غزة_تحت_القصف,0,Modern Standard Arabic
2289,احنا اسكندرانية ونعجبوك,2,Tunisia
2290,احنا #الحرية ومعناهــــــــا #الثورة هتاخد مجــــــراها #العزّة ليها طريق معــروف #مكملين #يسقط_حكم_العسكر,0,Egypt
2291,#دعوة_الصائم_لاترد يا رب عنا علي انفسنا يا رب و اغفر لنا يا رب فانت اهل الرحمه و المغفره يا رب,2,Libya
2292,لما يتم تفجيرات لمدارس البنات في افغانستان تحت دعوى تعليم البنت حرام يبقى ارهابي,3,Egypt
2293,أثق في رؤيةأحمد سعيد وأعلم التزامه بمبادئه وأنا معجب بتصريحه أن الحزب يستطيع أن يكون حزب الأغلبيةوأتمنى فوزه في الانتخابات لتحقيق تلك الرؤية,2,Oman
2294,"سعيد بمجهود صديقي شادي شريف و فريق جمهورية تي في , ومبروك على البرامج الجديدة لابراهيم الجارحي و حسن حامد",2,Yemen
2295,2008 المنصورة مدرسة احمد زويل لجنة 9 القاضى بيسود بطاقات بايدة ولما اتصور عمل مشكلة وجارى عمل محضر لة,3,Egypt
2296,ومازال الأستاذ جمال عيد حتي الأن ولأكثر من 14 ساعة مابين قسم عابدين ونيابة عابدين دون اي سبب واضح إلا التكدير والإرهاب فقط,3,Sudan
2297,الساكت عن الحق جبان ! لا مال و لا شئء ينفع فى الآخرفمن يقف على الحياد بين الحق و الباطل فهو مع الباطل بالتأكيد,3,Egypt
2298,اهو دا اللي صار: رائعة #سيد_درويش بصوت الجميلة #دينا_الوديدي,2,Saudi Arabia
2299,#اعتراف انهرده كان يوم عالمى وكله بان على حقيقته,3,Egypt
2300,أشكركم جميعاً على وقتكم الثمين والساعة لا تكفي معكم,2,Oman
2301,"البنك المركزى التابع للانقلاب يعلن أن ديون مصر ارتفع لمستوى بشع غير مسبوق وتجاوزت 1,8 تريليون جنيه كارثة لا يشير لها اعلام العار",3,Modern Standard Arabic
2302,الانقلاب ينهب اموال الناس من البنوك وغدا يرحل ويترك المجتمع خرابة من يرد للناس يومئذ فلوسهم,3,Saudi Arabia
2303,لا تقحمونا في سياستكم القذرة #الكورة_للجماهير,3,Egypt
2304,برطمان حنية مليان زيادة وماشي بيدلدق #الأسد,2,Lebanon
2305,#باسم_طلع_حرامى باسيييييم مهزوز علشان اتفيش,3,Egypt
2306,"يقول رسول الله صلى الله عليه وسلم: ""يُقال لقارئ القرآن اقرأ وارتق ورتل كما كنت ترتل في الدنيا، فإن منزلتك عند آخر آية تقرؤها""",2,Modern Standard Arabic
2307,المادة 139: 16 معترض وبعد نقاش 8 دقائق يعاد التصويت على النص يعترض 4 فقط لمنع تأجيل 48 ساعة بحسب اللائحة! #سلق_الدستور,3,Oman
2308,الافلام الجديدة لمذبحة رابعة اقدمها للسفير ابراهيم يسرى ليعيد التفكير فى مبادرته ولكل من يفكر فى عمل مبادرة جديدة,3,Egypt
2309,#حركة_كايدينهم #مصر #قول_كلمه_للسيسي_وخد_فولو_هديه ياسيسى يا اصيييييل #احنا_شباب_هنصوت_للسيسى #سأنتخب_السيسي,2,Egypt
2310,فريق الوعد #إنصاف_الإخوان,2,Egypt
2311,ده تسيب #انتخبوا_البرص,3,Egypt
2312,من يقف على الحياد بين الحق و الباطل فهو مع الباطل و عندما ينتهي كل شيء لن تذكر شيئا من كلمات أعدائك لكن صمت أصدقائك سيترك أثرا لن يزول!!,3,Modern Standard Arabic
2313,# تقريبا دي اكتر حاجة قريتها جسدت المذبحة اللي حصلت لاقرب ما يمكن #مذبحة_بورسعيد,3,Egypt
2314,محاولات الترقيع المستمرة لدستور سلطوى تسير فى الإتجاه المعاكس للديمقراطية دستور مؤقت ثم البدأ فى صياغة دستور ديمقراطى هو مدخلنا للديمقراطية,3,Egypt
2315,يبدو انهم يريدون ارهاقنا بدنيا و نفسيا و ماليا,3,Modern Standard Arabic
2316,#الشبراوية_مع_الشرعية|#حاميها_حراميها الآن من مسيرة #شبرا_الخيمة بالجزيرة مباشر مصر #العز_بن_عبدالسلام,3,Egypt
2317,المجد لله ثم لك انت ياشهيد #جـــيكا #سيد_وزة,2,Egypt
2318,قوة هدفها استكمال نقل السلطة للمدنيين المنتخبين وبناء دولة المواطنة والقانون المدنية ورفض ممارسات الاستبداد والمنافسة الانتخابية الجادة,2,Iraq
2319,الدكتور #مصطفي_محمود بيشرح بطريقة بسيطة,2,Egypt
2320,"الكرامة لا تعوض بالأموال، وهي ليست سلعة تباع وتشترى، والإمارات لديها أموال ولكن ليست لديها ""كرامة"" كالعاهرات تمامًا",3,Modern Standard Arabic
2321,شكرا ياشباب على محبتكم ربنا يجعل كلامنا خالصا لله والوطن ده رابط تحميل المعصرة مقالة أحمد زكي مهمة تصبحوا على خير,2,Egypt
2322,لا يوجد دم إخواني وآخر معارض ومتمرد، فقط دم مصري، نبذ العنف ضرورة والسلمية مسئولية وطنية وإنسانية، أنعي الشهداء,2,Modern Standard Arabic
2323,انقطاع الكهرباء كانت الوجبة الرئيسية لبرامج العار على قنوات الفساد فى زمن مرسي الانقطاع تفاقم اكثر والاعلام صمت القبور,3,Egypt
2324,كانت فين الروح الحلوة دي أيام زمان نص مليون فرق في الفولورز فعلا بيغيروا الإنسان متشكرين يا مبهج الجماهير,2,Egypt
2325,ربي بلغنا رمضان من غير أن نرى دمعة حبيب، ولا فراق غالي، ولا استمرار مرض لقريب، اللهم بلغنا رمضان لا فاقدين ولا مفقودين#رمضان_كريم,2,Egypt
2326,إخفاء الحقيقة بحجة ان الرئيس يعلم ما لانعلمه وهو بيده الامر ويعرف مصلحتنا فكرة خانعة تكرس لتهميش المواطن واحتقاره الرئيس موظف عند الشعب,3,Saudi Arabia
2327,احقر انسان هو اللي سكت عن الانقلاب في مصر وعقبها قال ما يجوز الخروج على السيسي لانه ولي أمر #إنصاف_الإخوان,0,Qatar
2328,اللهم ارزقنا نعيم الجنه آمين,2,Egypt
2329,الأعداد في مسيرة مدينة نصر جبااااااااارة تذكرني ب ٢٨ يناير,2,Egypt
2330,إقالة يحى حسين بكل رقيه الاخلاقى وإخلاصه الوطني وكفاءته المهنية جريمة جديدة لسلطة غشوم جهولسينتصر يحيى مجددا ويندحر الصغار المنتفخون,0,Tunisia
2331,كل عام وأنتم بخير وكل منا في سلام مع نفسه ومع الغير وفي وطن يتسع للجميعمازالت قناعتي أن شباب مصر الثورة هم الحل والأمل:فكر خلاق وقيادة فتية,2,Modern Standard Arabic
2332,لا اعرف الدكتور هشام قنديل و من عدم الإنصاف ان نحكم عليه قبل ان يبدأ لننتظر التشكيل الوزاري و نعطيه فرصة ليعمل ثم نقيم اداءه,0,Saudi Arabia
2333,رئيس يطبق الشريعة دون أن يكون مسلما ولايسير في مواكب مصفحة ولا يكذب على الناس بحركات إستعراضية ويفتح قصره للفقراء,2,Oman
2334,أرفض تماما وأدين ضرب الصحفيين أمام كنيسة السيدة العذراء لا لأخونة الكنيسة,3,Egypt
2335,مساعدة المحتاجين #خلق_جميل,2,Iraq
2336,مواليد برج #الأسد تعجبك صداقتهم كثيراً,2,Iraq
2337,بيقولك #صباحى نفى تصريحاته عن محاكمة #السيسى و قال عنه إنه بطل شعبى -عندة اننفصام فى شخصية الحزين ده والله !,0,Egypt
2338,"مشروع قانون الشوري للمجتمع المدني ومشروع الرئاسة ""المعدل""يعكسان العقلية الأمنية الإستبدادية التي ثورنا ضدهاثم يتساءلون لماذا يتمرد المصريون",0,Modern Standard Arabic
2339,لما تقول لأنسان بسيط كلمه حلوه تسعده #خلق_جميل,2,Oman
2340,المفترض ان حضرتك تبلغي انت وزميلك الشرطة واعطائهم كافة المعلومات ولاتنسوا #باسم_يوسف_طلع_حرامي #اخوان_ابليس #الاخوان_جماعة_ارهابية,3,Saudi Arabia
2341,هل ستستمر مكافحة #الارهاب بالشعارات والأغاني الوطنية ؟! #كفى_عبثا واستهانة بأرواح الأبرياء,3,Modern Standard Arabic
2342,#نبض_الاخوان | #زواج_امريكا_من_مصر_باطل حشود هائلة ل ثوار #المطرية وشبرا الخيمة الجمعه 2/5,3,Egypt
2343,أيها الاخوان الا تذكرون 52 شهيدا قتلتهم شرطة محمد ابراهيم بأوامر من مرسي عندما شكر مرسي القتلة واعلن حظر التجول اعترفوا بجرائمكم,3,Modern Standard Arabic
2344,وزيرة البيئة تعترف ان مشاكل القمامة لن تحل الا بعد 10 سنوات الاعلام ذبح مرسي بعد 100 يوم لانه لم يحلها,3,Egypt
2345,محاولات مستمرة مقيتة منذ أول يوم للالتفاف حول ثورة الشعب المصداقية اليوم على المحك,3,Modern Standard Arabic
2346,اوعى تهدم بلدك - قصة صاحبة القصر,3,Egypt
2347,"مرسي هو السياسي الوحيد الذي حاول أن يصبح طاغية دون إنجاز، ويبدو أنه لم يسمع عن القاعدة العلمية التي تقول ""طاغية دون إنجاز مثل شباك بلا إزاز""",3,Modern Standard Arabic
2348,"يحيطك دائما بما يشغلك #فضيحة_المحلة #مرتضى_سما #ابله_فاهيتا الخ يتغير الزمن ولا يتغيرون يلهونك بقنابل الدخانليطبخ ""برواقه"" الله غالب",3,Tunisia
2349,بطاقة دعوة #زواج حلوه لـ #الواتس_اب من تصميمنا رتويت ي حبايبي :$,2,Saudi Arabia
2350,لا تجبر الإنسان ولا تخيره يكفيه ما فيه من عقل بيحيره اللي النهارده بيطلبه ويشتهيه هو اللي بكره ح يشتهي يغيره عجبي !! #صلاح_جاهين,0,Sudan
2351,امارات الندامة تفرض شروطها لاستمرار دعم الانقلاب قبل اربعين سنة كانت اكبر امنية اى بدوى منهم انه يزور مصر منك لله يا سيسي,3,Egypt
2352,هل عمرك قابلت حد بيفهم وفي نفس الوقت بيدعم المتأسلمين عن قناعة مش للمصلحة؟,3,Egypt
2353,باسم يوسف لذيذ,2,Saudi Arabia
2354,"إذاغيب الموت ""نعناع الجناين""فإن حكاء مصرالأصيل سيظل حاضرافى الوجدان المصرى بأعماله التى جسدت أحلام المهمشين،رحم الله""صياد اللولى""خيرى شلبى",0,Egypt
2355,كل التضامن مع ثورة شعبنا العربى فى اليمن من أجل الحرية والديمقراطية والعدالة والوحدة ثورة الشعب العربى ممتدة من المحيط إلى الخليج حتى النصر,2,Egypt
2356,"الفراج يشن هجوم بطريقة قذرة على اتحاد "" منتخب "" ويتحدث عن العدالة و يبرر العنصرية #فلول #اكشن_يا_دوري",3,Saudi Arabia
2357,العيال الاخوانجية السفلة عاملين مولد لسيادة #المشير #السيسى فى حلوان بالطبلة والصاجات!!,3,Egypt
2358,#مصر لا يوجد خبر أسخف من حل الإخوان ما جرى منذ الانقلاب أسوأ كثيرا من الحل ،البلاد بلا دستور ولا قانون واختطف,3,Modern Standard Arabic
2359,#خليك_مصدق إن فيه ثورة فى العالم قام بيها وزير دفاع ووزير داخلية !!!!!! #هبل_وهطل_شعب!!,3,Egypt
2360,من أعظم نعم الله عليك أن يقضي حوائج الناس علي يديك فاكر آخر إنسان ساعدته؟,2,Egypt
2361,حرية الحركة الطلابية وحقها فى العمل السياسى جزءأصيل من الحريات العامة التى ناضلنا من أجلها منذ السبعينياتالثورة تفرض لائحة طلابية ديمقراطية,2,Egypt
2362,سبحان الله وآلحمد لله ولا إله إلا الله ولآ حول ولآ قوة إلا بالله والله أكبر واستغفر الله #اذكر_الله #غرد_بذكر_الله 41,2,Saudi Arabia
2363,#شاهر_المؤمنين عالم رياضيات #أردني ينضم الى قائمة اهم علماء #الرياضيات #عالمياً ، نفتخر بعلمائنا مبروك للأردن #ا ردن,2,Iraq
2364,لما اعرف ان #محمد_رمضان عامل مسلسل في رمضان الجاي اسمه ابن حلال أمال مين اللي يبئه ابن كلب,3,Egypt
2365,فضلوا يبرروا بمعايير بيئية صارمة لاستخدام الفحم في مصانع الاسمنت وفي الآخر سمحوا باستخدام الفحم بدون موافقة البيئة #أوقفوا_الفحم,3,Jordan
2366,كل همنا انقاذ الوطن وعدم اعادة النظام القديم عن طريق إطالة الطوارئ و الاطاله في الفتره الانتقاليه,0,Yemen
2367,شاركونا على تويتر يا شباب #خلق_جميل تعالوا ننشر على الهاشتاج ده أخلاق نحب نراها فى مجتمعاتنا و يتخلق بها,2,Egypt
2368,انتظرت فى التعليق على مقال فهمى هويدى حتى قراءة الجزء الثانى الذى نشر اليوم وللاسف: ما طلبه هويدى لا يجرؤ اى انقلابي على طلبه,3,Egypt
2369,#اللهم زد أحبتي #عفواً وعافية وتوفيقاًً وسداداً وصلاحاً #وأحفظهم من كل سوء #صباح الخير,2,Egypt
2370,عا أمن الوطن ساهر بنحيي العميد #ماهر انا وياك,2,Lebanon
2371,انخضع للإرهاب؟ هذا ليس حل,3,Saudi Arabia
2372,أبو الفتوح فى الدويقة: كانت تحكمنا عصابة لم نر مثيلا لها فى التاريخ - بوابة الشروق,3,Egypt
2373,7_ أنا نشرت توضيح لفيديو تم إستغلاله بشكل واطي مش معنى إن الأمن مفتري يبقى كل اللي بيقولوه الإخوان صح,0,Egypt
2374,خامس مرة فيه بيان إدانة أو استنكار أو تعزية صدر عن الإخوان فيمن مات أو اختطف أو عذب من الجند والعمال والأهالي غيرالإخوانج,3,Egypt
2375,فوشيا+موف+بنّي+دهبي+ ٢ كيلو دقيق أبيض تحت العينين ياااااظلمة س,3,Egypt
2376,البطل الشرقاوى أحمد الشحات يجدد ذكرى سليمان خاطر وسعد ادريس حلاوة وأيمن حسن تحية لأرواح شهدائنا ونضال المقاومين المستمر ضد العدو الصهيونى,0,Egypt
2377,__ حاضر حنسكت و مش حنقربله بنقد او سخرية عشان هو الاغلبيةحاكون امعة و امشي مع الرايجة حاضر,3,Libya
2378,"? # #"" وجودكم يا شباب وغيرتكم علي بلدكم علي اختلاف افكاركم يملؤني بالتفاؤل",2,Libya
2379,٢ بابا الأزهر وشيخ الكنيسة دعامتان لعصابة الانقلاب ترزى الفتاوى علي جمعه حاضر دائماً لعبوا علي الغرب لكذبة حرق الكنائس واضطهاد الأقباط,3,Egypt
2380,اعتصام عمال ''بلاتنيوم'' داخل ميناء السخنة #حاميها_حرميها #الجيزة,3,Egypt
2381,قد لإ سيد قطب,0,Yemen
2382,(ذلكم بأنه إذا دعي الله وحده كفرتم وإن يشرك به تؤمنوا فالحكم لله العلي الكبير) [غافر:12] #أحبك_ربي,2,Modern Standard Arabic
2383,' كله كاتب فــ الـ #ثانوية_عامة -_- #ثانوية_عامة بقيت موضه -_- -,3,Egypt
2384,ِ ٌ ِ - - ـ #ا # # # # # # #,2,Libya
2385,جالس العلماء وزاحمهم بركبتيك فإن الله يحيى القلوب بنور الحكمة كما يحيى الله الأرض الميتة بوابل من السماء #مصطفى_ح,2,Modern Standard Arabic
2386,حزن أم كره؟,3,Modern Standard Arabic
2387,"عندنا القضاء ""الواقف"" وهو المحاماة والقضاء ""الجالس"" وهو القضاة والعدل ""النائم""!ا #جلال_عامر",3,Saudi Arabia
2388,أَسْتَغْفِرُ اللَّهَ الَّذِي لا إِلَه إِلا هُوَ الْحَيُّ الْقَيُّومُ وَأَتُوبُ إِلَيْه #غرد_بذكر_الله,2,Iraq
2389,#الارهاب خسة وانحطاط تحيا مصر,0,Egypt
2390,#مصطفى_حسني : إلهي وسيدي نفسي أشكرك على أي حاجة هتعملها قبل ما تعملها لإني متأكد إنك مش هتعملي إلا كل خير #أحبك_ربي,2,Egypt
2391,الرابط اهو للاخوة المشككين علي موقع الجزيرة مباشر - إخوان وبقا 60? لا!!,0,Libya
2392,الفرق بين الداعية الديوث والشرشوحة خالتي فرنسا أن خالتي فرنسا تابت ولم يكن لها الحظ بالعمل في تقديم البرامج الدينية,3,Sudan
2393,اللي بيقول التحرش نقص دين في اوروبا معظم النتس مش متدينين ده نقص اخلاق و اللي يقولك حرمان كتير من المتحرشين متجوزين,3,Egypt
2394,الأداء المخزي لبعض الشخصيات التي كنا نسميها مستقلة يثبت أن كل ما في الأمر أنها لم تأخذ فرصتها في النفاق لمبارك لأن كل الكراسي كانت محجوزة,3,Modern Standard Arabic
2395,تلك الايام لما كنا ننتقد الاخوان يقولوا مش وقته تغلطونا دلوقتي،نخلص من العسكر و بعدين اعملوا اللي انتوا عايزينه، هيييه دنيا!!,3,Egypt
2396,#علاء_عبد_الفتاح زعلان أنى الميسيحين #بيصقفو #للسيسى وبيفكر #الميسيحين بى #ماسبيرو علاء #وشلتو #الدم هو #تجارتهم_الرابحة لى,3,Egypt
2397,الأسواني للرئيس: لا تظن أن الكذب يضركبالعكسالكذب اذا تكرر بكثافة سيؤدى الى تشويش أذهان الناس حتى المقال كاملاً >>,0,Saudi Arabia
2398,تعليق صباح على تسجيل #حمدين_صباحي بشأن محاكمة #السيسي #تحيا_مصر #مصر #الاخوان #باسم_طلع_حرامي #حركة_كايدينهم,0,Egypt
2399,#محمود_سعد اعلامي قذر بعد اذاعة فيديو خيانة #حمدين قال لم اسمعه جيدا ولم يعلق عليه لانه ليس اعلامي بل افاق ومن,3,Sudan
2400,"علي سبيل #الآآدمان القـاتل :- "" #ميرنـدآ_تفـآح #شيكولآآته #شيبسي [[ ]] "" لو بتحب حآآجة فيهم لآآيك :)",0,Egypt
2401,رضاك يارب #كلمتين_وبس,2,Iraq
2402,أسف يا ريس،رغم إنتمائي للأخوان إلا أنني إبن ثورة الحرية لذلك ارفض السلطات المطلقة للرئيس مهما كانت السبب وأي كانت المدة,3,Egypt
2403,عملية الاعتقالات المستمرة لرموز رفض الانقلاب هدفها الرئيسي مساومة هؤلاء على حريتهم مقابل التنازل عن حرية شعب!! لكن الله ثب,3,Oman
2404,كام واحد هنا فهم إني قاصد أقول إننا حيوانات في زريبة مش إن ده لسان حال اللي بيقولوا إن حقوق الإنسان سلعة غربية؟ #مرار_طافح,3,Egypt
2405,الأسواني:ان الجرائم التى يرتكبها الاخوان المسلمون تتزايد كل يوم وبالرغم من بشاعتها فهي تكشف حقيقة الاخوان التي,3,Modern Standard Arabic
2406,فيه ناس بتبعتلي رسائل عتاب رقيقة جداً والله يا جماعة أنا ما عنديش أي نية أكون كاهن ولا ملاك وبقول للخروف يا خروف في وشه ومش هتغير,0,Egypt
2407,281 أعتقد إنك لو مقتنع بالكلام ده يبقى دي مشكلة من نفس النوع لو انتم ملايين يبقى روحوا إعملوا عصيان مدني ورِّينا,3,Egypt
2408,أؤكد على حق جماعة الإخوان في الاحتفاظ بترخيصها كجمعية أهلية ومزاولة نشاطها الأهلي في نطاق القانون الذي سنه برلمانها--لا ل,2,Modern Standard Arabic
2409,الروايات متضاربة ومتناقضة حول احداث طريق النصر الحل تحقيق عادل مستقل شفاف لاستجلاء الحقيقة ولا يجب ان يفلت من أجرم من العقاب مهما كان موقعه,0,Saudi Arabia
2410,لا ولن أوظف أبدا عمل الخير للانتخابات أو السياسة دعوت للتبرع للخير قبل رمضان واستخدمت تويتر وفيسبوك كوسيلة للتواصل وليس لمغازلة مصر الجديدة,0,Modern Standard Arabic
2411,_ البراءة من قتل المتظاهرين كانت 15 أبريل 2013 علشان معلوماتك تبقى صح يعني في عقر حكم الإخوان ولم يستأنف قبل ال60 يوم,0,Egypt
2412,لو كان الأمن هيحل فشل السياسة كان حل فشل مبارك وفشل طنطاوي فشل السياسة لا يحله إلا سياسة ناجحة وذكية وغير كده نزيف دم إن كنتم تعقلون,0,Egypt
2413,كائن بوليسي اسمه لواء حمدى بخيت علاقته بالانسانية والكرامة زى علاقته بربه الاتنين مقطوعين,3,Egypt
2414,الفرق بين شجاعة طالبات الثانوي بالمحلة وجبن مسئولي التعليم ونذالة الاخوان هو ذاته الفرق بين مستقبل مصر وماضيها المستقبل قادم وسينتصر حتما,0,Yemen
2415,المناخ.. معاناة تتواصل رغم المحاولات,3,Tunisia
2416,احنا كدة مش بنتشطر غير علي بعضينا #المصريين,3,Egypt
2417,الشعب هو البطل الوحيد!,2,Algeria
2418,#أوقفوا_الفحم :),3,Egypt
2419,بنساعد أي حد عاوز الخير للغير خيرنا هيعرضلك كل الخير إللي ممكن تعمله و يوصلك بكل المبادرات و الجمعيات #مب,2,Egypt
2420,"لمن يعتقد ان صداقتي بجون ستيوارت اليهودي تهمة,شوفوا حلقاته:هاجم منع المآذن في سويسرا,ومنع مسجد منهاتن وهاجم اسرائيل في اللي بتعمله في غزة",2,Saudi Arabia
2421,هل الفرح حرام ؟ كان الخطأ الأول لزملاءنا الإنقاذيين وإعلامهم ، هو امتناعهم عن المساهمة فى إنقاذ وتحرير جنودنا من,3,Egypt
2422,ياريت بس الإخوان يوحدوا الكذبة هوه مرسي جامد قوي وبيحبط مؤامرات شرسة؟ ولا مغلوب على أمره والدولة كلها ضدهكدب مساوي ولا صدق مجعرف يا إخوة,0,Egypt
2423,"يا له من عالم ""مزري"" !!! -_- #تويت_بخطك",3,Sudan
2424,د علاء الأسواني: متى يتحول المواطن في الدول الديمقراطية والتي تكفل حقوقه كاملة الى مجرم يجب محاكمته وعقابه ؟! >,0,Saudi Arabia
2425,تبااااااااااااااااااااا لك ياااااااااااااااااااا #مارك وأخير استطعت تغيير إسمي دعواتكم أصدقائي كي أتمكن من استرجاع إسمي الأول,3,Saudi Arabia
2426,كلما كرر حزب النور افعاله الوضيعة كلما تذكرت الفعلة الحقيرة لممثلهم البرلمانى البلكيمى,3,Sudan
2427,#برنامجي_المفضل #3 #أوسكار,2,Oman
2428,_ مصر خسرت أرواح أبنائها التي لا تعوض بمال السعودية أوالامارات,3,Modern Standard Arabic
2429,البنات اللى بيقولو ألفاظ خارجه دول خصاره فيهم يتسموا بنات اصلاً!!,3,Egypt
2430,حاجات_بتفرح_في_مصر اللمه الحلوه مع اصحابي,2,Egypt
2431,جيل الوسط هو الذي شغلته أسئلة ومشكلات عصره باحثين عن الحقيقة,2,Modern Standard Arabic
2432,ما حدث مع المعتصمين يتحمل مسؤليته المجلس العسكري أين دور رئيس الوزراء في ضوء الصلاحيات الكاملة الممنوحة له #,0,Modern Standard Arabic
2433,#جمعية_الاقل_من1000_فولورز أدركوا اللحظه لن تنعموا بالفولورز مرة اخرى المجد للكادحين لقد ولى زمن النخب,3,Modern Standard Arabic
2434,مليارات الانقلاب للاعلام الاميركى لن تحسن صورته يدفعون للغرباء من اجل عمل حرام ويدفعون شعبهم الى الجوع والهوان,3,Oman
2435,2050 بص يا سيدي انا ضد فض أي اعتصام بالقوة وأعلنت ده بعد الحرس الجمهوري وأيضاً غلق المحطات ولكن هذا لن يجعلني ادعم طفاسة قيادات فاشلة,3,Egypt
2436,إمام مسجد سيدي جابر طلع علي المنبر و استقال و قال الأوقاف عايزاني بالعافية اوجه الناس لتأييد قرارات الرئيس في الخطبة,3,Libya
2437,إن ذكر الرحمن يُذهب الأحزان #أحبك_ربي,2,Modern Standard Arabic
2438,الأسواني: الدم سوف يعلق بيد كل من يشترك في هذه الانتخابات الباطلة فلنقاطع الانتخابات وننضم الى,3,Modern Standard Arabic
2439,دعبد المنعم أبو الفتوح ( التعدديه اثراء وتنوع واكثر فائده للمجتمعالتعدديه مطلوبةوهى ليست انقسام وفرقة),0,Yemen
2440,مبروك ومبروك - ولكل الزملاء واشكر كل من ساهم بانجاح هذا الانجاز الراقي اليوم #نقابة_الصحفيين,2,Oman
2441,ثمان غارات بالطائرات ل #النظام على مدينة #دومة وخمسة عشر على #المليحة في #الغوطة_الشرقية نسأل الله أن يرد كيدهم في نحرهم وأن,3,Algeria
2442,"وحدتنا التي أفسدتها بإخلافك المستمر لوعودك؟ والإعلان غير الدستوري الذي قسم المصريين؟ "": قوتنا في وحدتنا #الرئيس""",3,Modern Standard Arabic
2443,"من كثر التحلطم اللي يسري بدم الكويتي حتى إذا شاف سيارة مكتوب عليها "" ما شاء الله"" #لازم يقول : شدعوه عندك فراري عاد",3,Qatar
2444,ابو اسماعيل امه امريكية لا مش امريكية طب فين الجرين كارد طب ده ماسك عيكم مستندات و فالاخر #فسسسسسس,0,Egypt
2445,#توفيق_عكاشة: #محمد_رمضان دا شمام وسمكري بوابير جاز,3,Sudan
2446,#ابراهيم_عيسى ساخرا : هل يوجد علاقة واضحة بين تاريخنا #السياسي و (الراقصات) #العوالم,3,Saudi Arabia
2447,وكما ادخل المجلس العسكرى نفسه دائرة الشبهات فإن اللجنة قد وضعت نفسها بهذا القرار فى مرمى السهام، اللجنة والمجلس وجهان لعملة واحدة,3,Egypt
2448,تهنئة لكل طالب وطالبة قضوا ما يزيد عن 150 يوماً معتصمين وواجهوا كل انواع التنكيل #جامعة_النيل,2,Iraq
2449,حاميها حراميها,3,Egypt
2450,#نفسك_فى_أية_فى_الجنة_؟ نكلم الرسول صلى الله عليه و سلم =],2,Egypt
2451,ولي ولي العهد!! معالي وزير الوزارتين!! #عشنا_وشفنا,3,Yemen
2452,لن تتقدم #مصر طالما بقيت فيها أبواق للتدليس مثل #هيكل وطالما بقيت فيها آذان تستمع له وعقول تنبهر به وبتخاريفه وحكاياته,3,Modern Standard Arabic
2453,طالما إنت مصدق إن الداخلية كانت بتغطي حمادة مش بتعريه ولا تسحله أنا كمان هاصدق إنكو بتبعتو ناس تغتصب البنات في التحرير وتقتل الناس في كل حتة,3,Egypt
2454,"#السعاده ان يكون من نحب بخير وعافيه فنحن نشعر بهم ونهتم لامرهم حتى لو لم نراهم 3""",2,Yemen
2455,احد ضحايا الاخوان اصابوه برصاصة في قدمه ثم عذبوه ببشاعة داخل الجامع هو احمد ثابت عضو 6 ابريل وهو يعالج الان في مستشفى البترول بالإسكندرية,3,Yemen
2456,لا تنتصر لنفسك و لكن انتصر للحق و تعلم من الإمام الشافعى حين قال : ما ناظرت أحداً قط إلا تمنيت أن يجرى الله الحق على لسانه,2,Saudi Arabia
2457,#اكتب_رساله_لشخص_دون_ذكر_اسمه الحياة ي صاحبي أجمل من بشاعة الحزن لا تحزن ابتسم وتفائل دائما ، وكن على يقين لن يصيبنا إلا,2,Yemen
2458,الصبح لما بييجي ببقي حاسس بإنتصارالليل يعدي عليا وأنا واقف في إنكسارأما ما بينهم في عزيمة وقرارات بتضيع علي أخر النهار #كراكيب #وسط_البلد,0,Egypt
2459,04 _ # تدعون للدين وتنشرون الأكاذيب، لم أكن أبدا عضوا بالوطني انتم تتاجرون بالدين,3,Modern Standard Arabic
2460,مسيرة احرار وجدعان #المعادى الان #حاميها_حراميها #مرسي_رئيسي مكملين,0,Yemen
2461,"منع ""#سما_المصري"" من الغناء بمصر لتحريضها على الفجور #السعودية #الرياض #الدمام #القصيم #تبوك #جدة #القطيف #العوامية",3,Modern Standard Arabic
2462,#دعوة_الصائم_لاترد اللهم أغفر لي ذنبي وأجلي همي وبدد وحشتي وأنر قلبي بذكرك وطاعتك وأجعل الخير مفاتح دربي والصدق نور طريقي,2,Modern Standard Arabic
2463,في مواجهة نظام الملالي المجرم فالحل الوحيد هو الصمود والنضال ضد غاصبي حق سيادة الشعب والعمال والكادحين #عيد_العمال #اي,3,Iraq
2464,اجمل ما رأت عيني في #معرض_الكتاب ،,2,Oman
2465,تفووووووووو #غزة_تحت_القصف,3,Algeria
2466,مضمون كلمة الرئيس، الاستعلاء على المطالب الشعبية والدفاع عن الأخطاء عوضا عن التراجع عنها وتبرير عنف جماعته ودعوة حوار شكلية، لك الله يا مصر,3,Saudi Arabia
2467,دراما رمضان المصرية.. الكباريه الكبير,3,Libya
2468,و الكائن الهلامي المعرض اللي كان مقوم الدنيا على حكومة #هشام_قنديل و ساكت على حكومة #محلب رمز الحزب الوطني #حرامية_الدعم,3,Egypt
2469,#عيد_الأم الام هي عيد الحياة,2,Morocco
2470,أنا ضد التمويل الاجنبي تماماً الغريب ان ينتسب البعض الى الاسلام ويستغلون فقر الناس ويشترون اصواتهم ثم يتبارون في البذاءة اى اسلام هذا,0,Oman
2471,انا الآن اعاني من اقسى انواع الطفش #فكرة_جميلة يحطون غرفة نوم بالجامعة اروح اخذ غفوه بالبريك,0,Oman
2472,#اطفال دول ولا مش اطفال ؟؟؟ظظ يابتوع #المدارس هههههههههههههههههههههههههههههههههههههههههههه,3,Egypt
2473,عمري ما كنت اتخيل اني هتحاور مع قتلة او متورطين في قتليتبع,3,Egypt
2474,بالنسبه للبنات الى لما بترتبط مابتكلمش ولاد دا محن صح :) بصوت عمر مجدى #كفاية #محن #بقي,3,Egypt
2475,عارفين يعني ايه للعدالة وجوه كثيرة!! يعني #كله_ماشي :(,3,Egypt
2476,غياب العدل فى وطنى يبشر بانفجار غضب بركانى شعبى #يسقط_حكم_العسكر #الداخلية_بلطجية #انتخبوا_العرص,3,Egypt
2477,"#مصر رفع شعار رابعة اثناء كلمة اوباما ف ماليزيا المؤمن للمؤمن كالبنيان المرصوص ""( 316) #انتخبوا_العرص",0,Egypt
2478,لا أمل فى دولة تدخل فى حرب مع اعدائها لتحرير ارضها منهم ! #تويت_كأنك_ناشط_ايام_حرب_اكتوبر,3,Egypt
2479,كل الدساتير الماضية سقطت لانها لم تكن وفق ارادة مجتمعية #السادة_المحترمون,3,Iraq
2480,25: #الميدان:مفتي الدم الانقلابي صدق على اعدام 37 من 528 تم احالة اوراقهم اليه,3,Yemen
2481,اذا عارضت المرشد فانت عند الاخوان فلول او علماني عدو للدين الا يمكن ان يكون الانسان مسلما وثوريا ووطنيا ومعارضا لقرارات المرشد ممكن ؟,3,Yemen
2482,تبقى بجد في كوكب القرود إذا إفتكرت إن شعبيتك تزيد بممارسة التسويف والقمع والتدليس والنفاق لتبجيل وتبرير ديكتاتورية فجَّة,3,Sudan
2483,اللهم اغفر لأمواتنا وارحمهم وعافهم واعف عنهم واكرم نُزلهم ووسع مدخلهم واجمعنا بهم في جنانك #دعاء #دعائي #غرد_بذكر_الله #أدعية #يارب,2,Iraq
2484,70 لا يستطيع ان يجزم احد مدى تعب الحمار سوى الحمار نفسه لذلك أرجو الا تكون متأكد من كلامك,3,Oman
2485,: النِعمة تحتاج للشكر،، وَالبَلاء يحتاج للصبر،، وَالذنَب يَحتاجُ للإستغفار،، (فمْن شكرَ و صَبر وَ اسْتغفَر نَال #السعادة) 50,2,Algeria
2486,هل تقرأ القرآن بعد رمضان؟ هل تفهم معانيه وتفكر فيها؟ هل نويت أن تختم القرآن بعد رمضان؟ هل تعرف ثواب قراءة وتدبر,2,Modern Standard Arabic
2487,هل هذه هي الديمقراطية؟ هل وزعت أيضا أموال على طلاب جامعة النيل والقيادات النقابية لزعزعة الاستقرار؟ هل بالأمن والقمع سنتعامل مع الاحتجاجات؟,3,Modern Standard Arabic
2488,يجب فصل الحركة الدعوية عن التنافس على السلطة السياسية,0,Modern Standard Arabic
2489,التليفزيون يعرض ميادين خالية اغلقها الجيش ويترك اربعين مليونا بلا تغطية درية شرف الدين فين مظاهرات الشعب اهوه,3,Iraq
2490,تعرفوا الضابط اللى قبض على #هيثم_محمدين نزله ليه وفتشه !!؟ عشان ذو لحية و شعر طوال ? و كتب كده ف المحضر و اتكسفش على دمه,3,Egypt
2491,هل توافق علي تبكير الانتخابات الرئاسية و الاسراع بنقل السلطة من المجلس العسكري ؟؟ للاشتراك فى الاستفتاء يرجي,0,Libya
2492,الاعتراف بالخطأ #خلق_جميل,2,Iraq
2493,"الله وصف #البنات ب ناقصات عقل و دين , و اعطى #الراجل الغضب و العصبيه و طلب منهم يكونو شعوب و قبائل هههه الي رايح حقو الزلمه هيتحمل كتير",3,Libya
2494,_4: #السعاده: أنتِ بذاتها و الفرحه عيونك,2,Yemen
2495,و زي ما الإخوان و السلفيين اعتبروني عدو للإسلام كتير من الإعلاميين اللي وقفوا معايا حيقلبوا عليا قريب جداً الفاشية لا دين لها,3,Egypt
2496,الحملة الشعبية لمكافحة الأفْورَة,3,Algeria
2497,قالوا السياسة مهلكة بشكل عام وبحورها يابني خشنة مش ريش نعام غوص فيها تلقى الغرقانين كلهم شايلين غنايم والخفيف اللي عام #صلاح_جاهين,3,Yemen
2498,"#قنديل لـ""#السيسى"": عليك تقديم برنامجك الانتخابى وعدم التعالى على الجماهير #أخبار_مصر #الفجر",0,Egypt
2499,الحل هوتوحيد المطالب إقالة النائب العام وتطهير القضاء والشرطة ومنع المحاكمات العسكرية ثم انتخابات تنقل السلطة الى المدنيين بأقصى سرعة,0,Saudi Arabia
2500,هل السرب الذي تطيرخارجه #قطر هوسرب صلاح الدين وابن الخطاب وعلي؟وهل ل #دحلان و #خلفان والأم المثالية-أجنحة؟هل ينبت للزواحف ريش ياقوم؟#احسان,0,Yemen
2501,الاعدام ل #صغار_الخنازير #بديع #المرشد #الاخوان #المنيا #مصر #السيسي,3,Egypt
2502,الطريقة الوحيدة لتعبرك امك فيا أنو تحكيا عالواتس اب -- #عشنا_وشفنا,3,Lebanon
2503,لمن لم يشاهد لقاء مصعب الشاعر مع محمود سعد - نموذج لطهارة ثورتنا التي اتسخت بقذارات السياسة,0,Modern Standard Arabic
2504,ده مش جيل 54 زى ما هيكل كان فاكر ده جيل 25 يناير ورابعة جيل العزة والكرامة والصمود صورة للأسود في الزنزانة,2,Egypt
2505,من لايعرف أمه إلا يوما في #السنة فهو عاق لها ومن يصلها ويهديها ويبرها #كل_يوم فلا معنى لـ #عيد_الأم عنده فعيد الأم مناسبة للعا,0,Modern Standard Arabic
2506,طب لما يغلوا #البنزين و #الكهرباء و #الغاز حيستعملوا #الفحم برضه فى توليد #الطاقه !؟ #لا_لغلاء_المعسل,3,Libya
2507,عزيزي المتطرف: قبل أن تستخدم تعبير أسد في وصف شيخك، فكر قليلا في مشاعر السيدة والدته,3,Modern Standard Arabic
2508,اللهم انتقم منه انتقم من كل من فرح بدماء المسلمين والله لنقف يوم القيامة لنحاسبك اللهم حسرك على ابناءك,3,Saudi Arabia
2509,عادي الدكتوره تجي متاخره ثلث ساعه بس مو عادي الطالبه تتأخر ٥ دقايق #عشنا_وشفنا,3,Yemen
2510,تخيل انك تتشاجر في الشارع انت تضرب خصمك وهو يضربك ثم يظهر شخص لكى يفرق بينكما لكنك تكتشف انه يمسكك ليمكن خصمك منك هذا ما يحدث في مصر الان,3,Modern Standard Arabic
2511,الخازوق الإسبرطى,3,Egypt
2512,ممكن رئيس لسه جايب 51? من الأصوات في الإعادة ضد فل عليه بلاغات ممكن فجأة يلاقي 90? من نفس الشعب مؤيدين لديكتاتوريته؟,3,Egypt
2513,2) اعترف بالمطالب المشروعة المتعلقة بحكومة إنقاذ وطني وتعديل الدستور وتقنين وضع جماعة الإخوان كإطار للحوار، 3) أقر بإلزامية نتائج الحوار,2,Egypt
2514,ثأر #سيد_بلال وغيره سيلاحققك أيها الأفاق #برهامى #شيوخ_السلاطين #تجار_دين,3,Modern Standard Arabic
2515,اللي يشوفك يتمنى يكون مثلك واللي يعرفك يحترمك ويحبك واللي يسمع عنك يتمنى يقابلك ! #حاول,2,Qatar
2516,# اعجبني رأيكوان رفضت التعميم سلبا اتفق معك ان موروث مصر الحضاري هو نواه مشروع الوسط للبناء عليه,0,Sudan
2517,كل عام و أنتم بخير، تقبل الله منا و منكم صالح الأعمال,2,Algeria
2518,يالله فورا أول ما أستعيد السيطرة على الدي إم نتفق بالكتير على يوم الأربعإنت واحشني جدا,2,Egypt
2519,قرار وزير الثقافة يخالف قرار الإتحاد الدولي للمنتجين والسينمائيين في شأن عدم إسناد تنظيم مهرجان القاهرة لدكتور يوسف شريف رزق الله,3,Egypt
2520,حذار يا #عدلي_منصور ان تفرج عن #دومة كما طلب منك #ممدوح_حمزه ومن وقعوا ع بيانه من المهزأين الذين يطلبون التفريط فيما لا يملكون ولاتملك انت,0,Iraq
2521,يوم الوفاء للرئيس؟! مين وفاء دي؟ مش واخد بالي,3,Egypt
2522,#حملة_الا_يوسف_الحسينى #يوسف_الحسيني حرقهم علشان كاشفهم من زمان أويغلطة ومش هيكرروها تاني,0,Egypt
2523,الاختيارات مش عاجبانى,3,Egypt
2524,اعلم أنه كلما نُزع منك في الأرض شيئا جميلاً سيخبئ لك شئ في السماء أجمل,2,Modern Standard Arabic
2525,يارب اجعلها لليلةة فرح لعشاق العالمي بالتوفيق ي نصرنا #النصر_الشباب,2,Sudan
2526,أتممت مهمتي كعضو لجنة تحكيم في مهرجان فينيسيا اليوم شاهدت 20 عرض وراضي بشكل عام عن نتيجة الأوريزونتي التي ستعلن في الختام كمان ساعتين,2,Jordan
2527,كتر خيرهم فعلا بيصلحوا غلطة مش بتاعتهم,2,Egypt
2528,أثبتت تجارب علمية أن مضموناً كالذي يقدمه رامز جلال يفسد الأطفال و ينخفض بمستوى ذكائهم و لهذا تمنعه دول متحضرة,3,Saudi Arabia
2529,مع اشراقة كل شمس نبدأ عملنا بروح نشيطة وهمة عالية ويد واحدة ونية متجددة أحلى صباح لأجمل متطوعين فى اعظم حملة,2,Egypt
2530,الارهاب تطور وصار من الحكومات ترهب الناس بالتفجيرات ثم تعلن انهم ارهابيين ومن يقول لهالا الاعلام ملكها,3,Saudi Arabia
2531,لو أنت من الناس اللي لم تؤيد أو تسكت عن ظلم أو فشل سواء في فترات #مبارك أو #المجلس_العسكري و #مرسي و #السيسي، قول,3,Egypt
2532,هل يتم تنفيذ القانون على امراء السعودية السجون في السعودية مليئة بآلاف المظلومين لمجرد انهم غير سعوديين وخصومهم سعوديون هل نحب لمصر,3,Modern Standard Arabic
2533,تفاؤلى بنجاح ثورتنا نابع من ايماني بأن ( الله لا يضيع أجر من أحسن عملا) ولا يوجد أحسن وأعظم عملا من أن يضحي الشعب,2,Modern Standard Arabic
2534,ميرسي يا يو,2,Lebanon
2535,"أشارك اليوم في مبادرة فودافون لمحو الأمية, العلم قوة, سفيرا للمبادرة ومتطوعا لتحقيق الهدف القومي بأن تصبح مصر بلا أمية",2,Modern Standard Arabic
2536,سأتجه الآن إلى الملتزم (بين الحجر الأسود و باب الكعبة) هناك يستجاب الدعاء و هناك لصق النبي جسده بالكعبة و دعا الله كثيراً سأدعو لكم كثيراً,2,Modern Standard Arabic
2537,الدعم الصهيوني للإخوان أهدافه منع حماس من الهجوم على اسرائيل صراع سني شيعي يمزق المنطقةضمان تخلف مصر الدائم تحت حكم الاخوان الفاشي الفاشل,3,Iraq
2538,ابراهيم عقل نموذجا! #,2,Sudan
2539,يا رب فرج عنا اليوم هماً نراه بضعفنا كبير و هو برحمتك صغير,0,Algeria
2540,طب إيه المشكلة في أشغال طريق فاضي؟ عشان مين يعرف يتحرك بالضبط إذا الناس روحت؟,0,Egypt
2541,مصر رائدة التحولات الكبرى حسمت التحديات التي واجهت كل المنطقة كالغزو المغولي والبريطاني وستضع حداً للتيارالعلما,2,Modern Standard Arabic
2542,اللهم إني أعوذ بك من المزايدين والمزايدات الرجالة منهم والستات,3,Egypt
2543,الاخت الفاضلة حسين فهمى صاحبة أشهر مواقف سياسية ترفض المصالحة مع الاخوان لانهم قتلة حد يقول للامورة أم شعر دهبي بلاش انتى يا حلوة,0,Egypt
2544,"إخلاء سبيل #سما_المصرى وتغريمها 20 ألف جنيه فى قضية بث قناة ""#فلول""",3,Egypt
2545,شكرًا جزيلا,2,Oman
2546,الكلام من برا السلطة حمادة والكلام من جوه السلطة حمادة تانى خالص,0,Egypt
2547,إنت كإخوان عايزني أصدق فعلا إنك مؤمن بالتسامح والتنوع طب عيني عينك في تصريحات وجدي غنيم وشيوخ الطائفية اللي طلعتوهم منصة دعم الرئيس,0,Egypt
2548,واضح إن أمي دعت عليا وأنا صغير وقالتلي روح ربنا يفرّج عليك خلقو، قام ربنا طلعني مذيع #,2,Egypt
2549,نعم انه #خالد_بن_الوليد رضي الله عنه يا من يفتخر ب #هتلر,2,Oman
2550,"ندوة توقيع رواية ""نادي السيارات"" الليلة السبت السابعة مساءً بفرع مكتبة ""أ"" - داندي مول >> التفاصيل :",3,Oman
2551,تدوينة هامة,2,Algeria
2552,صحفي ألماني يروي تفاصيل ليلة مرعبة من التعذيب والإهانة بين المعتقلين المصريين في الأقسام والسجون,2,Modern Standard Arabic
2553,"#الوطن| ""#الخارجية"" تدين الاعتداءات #الإسرائيلية على المصلين في المسجد الأقصى",3,Modern Standard Arabic
2554,عرض الاسبوع 10 ألاف متابع #درر #حكم #حكمه #حكمة #ابيات #النصر #الهلال #الفتح #كلمات #كلمة #بوح #الاتحاد [2287315],2,Oman
2555,ماعندي شي اسمه احترمني انا اكبر منك عندي شي اسمه تحترمني احترمك غير كذا جب #الحكومة,2,Qatar
2556,#عيد_الأم يكفيني بقاء أمي حين يغيبون و حب أمي حين يتغيرون و قلب أمي إن غابت قلوبهم وهم حاضرون,2,Modern Standard Arabic
2557,62 سي بي سي:جنايات #شبرا_الخيمة تقضي بمعاقبة سارقي سيارة القيادي الإخواني #محمد_البلتاجي بالسجن 10سنوات مع الشغل ههههههههه #,0,Egypt
2558,انهم يكتبونني بطل اكتوبر الفريق سعد الشاذلي يكتب عن الكذب على الشعب ورضوى عاشور تكتب عن الثورة بين اليأس والأمل,2,Modern Standard Arabic
2559,خمس الاف #الامارات #الهلال #النصر #السعودية #الكويت #قطر #الرياض #مكة #رتويت # #دبي #الشارقة # #غرد_بصورة 168,3,Sudan
2560,682 #الراتب_مايكفي_الحاجة #الاتحاد #الهلال #النصر #الاهلي #مرسي,2,Egypt
2561,لك منا كل احترام وتقدير يا اخلص وانظف وانقي رئيس وزراء في مصردهشام قنديل #اعتذروا_لهشام_قنديل #مرسي_رئيسي #انتخبوا_العرص #انصاف_الاخوان,3,Yemen
2562,احيي اخواني في حزب البناء والتنمية (الجماعة الاسلامية) علي موقفهم الوطني الرائع، حيث قدموا مصلحة الوطن علي انفسهم،وكانوا سببا في جمع الكلمة1,2,Libya
2563,د علاء الأسواني: هل نذكر معاً المطالب التي خرج من أجلها الملايين ؟! أقرأ المقال كاملاً على هذا الرابظ:,3,Modern Standard Arabic
2564,حسبي الله ونعمه الوكيل فيك يامرسى انت وكلابك وخرفانك تعرية وسحل متظاهر والقبض عليه بقصر الإت,3,Saudi Arabia
2565,"الجزيرة مباشر مصر : حمدي زوبة ينافس باسم يوسف لكن بثقل دممع السنيد سليم عزوز و شاهد ما شافش حاجة حسين عبد الفتاح"" اللى أختشوا ماتوا """,3,Egypt
2566,شكرا لكل من جاوبنى,2,Egypt
2567,انا مع خريطة طريق وجدول زمني للانتقال الديمقراطي ونطمئن من ثم المواطنات والمواطنين بأن مصر لن تكون مع حكم مجلس عسكري يستمر إلى ما لا نهاية,2,Oman
2568,اتصلو بساويرس عشان القناة بتاعته تتولى مهمة خلع شفيق اعلاميا,3,Egypt
2569,القبض على ضابط أمريكى متقاعد بالشيخ زويد وبحوزته وثائق وبيانات عن سيناء وجهات سيادية تبدأ التحقيق معه,3,Egypt
2570,ياقوة الله ياقوة الشعب,2,Yemen
2571,تكاليف محاكمة مرسي تتجاوز 50 مليون جنيه الانقلاب انفق 50 مليون جنيه لمحاكمة فى زمن لم يتجاوز 50 دقيقة والشعب بيشحت,3,Egypt
2572,فيديو ترحيب حار من الأقباط لـ #توفيق_عكاشة و #مظهر_شاهين وتهاني الجبالي و #الزند بالكاتدرائية,3,Egypt
2573,ابعد عنهم ما انتاش قدهم #وايت_نايتس,0,Yemen
2574,طب طلع ايسكو و #نزل_صلاح بقى,0,Egypt
2575,#ثورة_الانترنت احنا بنطالب حركة #6_ميجا بالأنضمام معانا ونبقى ايد واحدة بقى,3,Egypt
2576,#رصد| العاملون بإسعاف #دمنهور يهدّدون بالإضراب الشامل هدّد عدد من العاملين بإسعاف دمنهور، اليوم,3,Egypt
2577,البرادعي قال علي رموز مصر اللي كان يقف معهم زباليين والسيسي قال لعامه الشعب انتو نور عنيناعلشان كده #سأنتخب_السيسي #تحيا_,2,Egypt
2578,"انشرُوا التذكير بالتكبير و أحيُوا سُنّة هذه العشر "" الله أكبر الله أكبر لا إله إلا الله الله أكبر الله أكبر ولله الحمد """,3,Oman
2579,هناك مكان في قاع الجحيم لمن اخترع تويتر,3,Modern Standard Arabic
2580,10 مصابين و 11 وفاة نتيجة التعذيب بمنطقتى رابعة والنهضة,2,Egypt
2581,لا سكر ولا زيت ولا غيره ومن يكتب هذا يردد كلاما فارغا وبالمناسبة سادعو قريبا لجمع تبرعات لقسم الحروق بجامعة أسيوط وهو في حالة سيئة جدا,2,Modern Standard Arabic
2582,#فيفي_عبده_الام_المثالية # آش أقول واش أضيف مالك وصيف اغنية الروعة,3,Morocco
2583,و الله تستاهل ياقلبي ليه تميل مكنت خالي انت اسباب كل كربي وانت اسباب ماجرالي ايه بقي اللي هايواسيني بعد ماتهدت امالي #محمد_محسن,0,Egypt
2584,سيكتب التاريخ ان حركة 6ابريل ( بشقيها ) ضمت مجموعة من انبل واشجع شبان مصر كانوا طليعة الثورة ولازالوا يناضلون من اجل العدل والحرية,3,Yemen
2585,#اتجنن واخرج عن المألوف,3,Egypt
2586,#قضايا و #ملفات : #أطباء #الكبد: الإصابة بــ #فيروس_سى فى #مصر بلغت 200 ألف حالة سنوياً 80% منها تحدث من #المستشفيات,3,Egypt
2587,افتكر شخص تحبه بدعوة في السر فالدعاء في ظهر الغيب من الادعية المستجابة #دعوة_الصائم_لاترد,3,Egypt
2588,للاسف ما يسمى صفحة التراس باسم يوسف بدأوا يستعملوا لغة سيئة جدا وانا بعد ما ساندتها لا استطيع مساندة هذا الاسلوب السيئ,3,Saudi Arabia
2589,ياللا نحضر عيش و حلاوة؟ :),3,Egypt
2590,العصابة الموجودة في سجن طرة لا يزال لها رجالها وأموالها خارج السجن وتدير عملية الانف,0,Modern Standard Arabic
2591,#الجيزة #مصر_مش_تكيه الفاعلية الثالثه لاحرار اكتوبر امام سنترال الحى السادس,0,Egypt
2592,مرفق بالمحتوى لينك للفيديو,2,Egypt
2593,#فودافون,2,Egypt
2594,#وزير_التموين: #الدعم لا يصل لمستحقيه وعودة #المجمعات_الاستهلاكية قبل رمضان || لمزيد من التفاصيل على الرابط,2,Egypt
2595,أطالب بمرسوم عزل سياسى لفلول الوطنى,3,Egypt
2596,"انا لست روميو""?يرونا""اقف مشدوها عاجزا و انت تطلين علي من شرفة،انا أحبك و لن اذهب،انا أحبك و سأمد يدي اتلمسك لنبقى فلقد خلقنا لأحبك #مصر",2,Modern Standard Arabic
2597,طلاب الجامعات قالوها اليوم عاليا لا دراسة ولا تدريس الا بعودة الرئيس صدامات واعتقالات وغدا ايقاف الدراسة او فوضي بالجامعات,2,Iraq
2598,#ديموقراطية بلا معارضة قوية مثل القاطرة بلا كوابح #وعي #سياسة #نهضة,3,Iraq
2599,ريتويت يافنان,3,Algeria
2600,وزارة التخطيط تضع مشروعا لاصلاح الاقتصاد في مارس 2014 ليبدأ فى يونيو التالى طبعا لشعبهم,3,Egypt
2601,أهم لاعب في صناعة الديكتاتور هو من يواجه تجار الباطل والظلم بالصمت والرضا,3,Modern Standard Arabic
2602,#وائل_جمعة عمل المعلق بيقول مش هنعتبر وائل هو اللي عمله خلاص نعتبره #كمال_جمعة او #جمال_جمعة_جيمي :) :) :),3,Egypt
2603,شاهد - آخر كلام: قراءة في رؤية ناعوم تشومسكي لسياسة الولايات المتحدة تجاه مصر #,3,Egypt
2604,يَوْمَ يَفِرُّ ٱلْمَرْءُ مِنْ أَخِيهِ * وَأُمِّهِ وَأَبِيهِ * وَصَٰحِبَتِهِ وَبَنِيهِ * لِكُلِّ ٱمْرِىءٍ مِّنْهُمْ,3,Tunisia
2605,_ أنا برضه اللي يخليه في حاله؟ توب انت وما لكش دعوة بغيرك,3,Saudi Arabia
2606,الحقيقة العارية,3,Iraq
2607,شاهد - آخر كلام: إضراب عمال النقل العام #,0,Egypt
2608,"مقال #عمرو_حمزاوي ""مرحلة جديدة من تزييف الوعي"" مسموعا من موقع #اقرأ_لي",3,Algeria
2609,التعليم في مصر ولله محتاج يتدمر من القاعدة ويتعمل له اعادة تدوير #كلام_و_كلام #يوسف_الحسيني #السادة_,0,Sudan
2610,#لما الموب بتاعي يبوظ #بس الايام مش سيباناااااا مش سيباناااا في حالنا :) :) 2,0,Egypt
2611,كوز درة مشوي مكمورة في الغيط وعبد الحليم بيغني جانا الهوى #,3,Morocco
2612,#كلمه_بتتقال_في_البيت_كل_يوم وين رايح ؟,2,Egypt
2613,جمعة مباركة :),2,Egypt
2614,الفضل يعود اليوم لله ثم لشباب مصر الطاهر وشعبها الحي في ربوع مصر الذي أبهر العالم بسلميته وإصراره علي إستكمال ثورته,3,Libya
2615,الغاء المكمل والتغييرات في قيادات الجيش قرارات تستجيب لقاعدة مستقرة في الدولة المدنية وهي خضوع المؤسسة العسكرية لإشراف المدنيين المنتخبين,0,Saudi Arabia
2616,رسالة لكل أم من أمهات شباب وبنات صناع الحياة كل عام وأنتم بخير وشكراً لكم على تربيتكم لهؤلاء الشباب والبنات فهم,0,Modern Standard Arabic
2617,فش الغل سيؤدي للقتل في النهاية لو انت يا ليبرالي يا بتاع الحريات مانبهتش لكده يبقى على بوصلتنا الاخلاقية السلام,3,Egypt
2618,صوتك للإخوان معناه الفقر يزيد لأنهم لازم يحافظوا عليه ويرعوه وكده قزازة الزيت وكيس السكر يلم أصوات الغلابة وينجحهم,3,Egypt
2619,صناع الحياة: مجموعة من الشباب جمعتهم المودة و الحب في الله و حثهم حبهم للخير في محاولة عمل إيجابي لإرضاء ربهم و,0,Saudi Arabia
2620,وهذا هو الجزء الثاني من مناقشة كتاب خروج المصريين على الخلفاء والسلاطين لمن لايعرفون شيئا عن كفاح آبائهم وأجدادهم,3,Modern Standard Arabic
2621,بسمة أمل - جزاء مَنّ يسخر من الناس,0,Algeria
2622,شاهد - آخر كلام: تعديل مشروع قانون عزل الفلول #,3,Egypt
2623,"ورداً على تساؤل فيما خص ترشحه عن"" دائرة مصر الجديدة ""اجاب دعمرو ان الجامعات هى مساحة للعلم و ليست مساحة للدعاية الانتخابية",3,Egypt
2624,"99: 55: 123 4 #توكل_كرمان هذه عاقه لوالدها ويصفها بقليلة الأدب """"",3,Yemen
2625,بمناسبة #رمضانيات 3 ^_^ استنوا ف رمضان فقرات ومفاجأت كتير عالبيدج :) 5 3 :) وحملات و حاجات,3,Egypt
2626,"بقيت كلما أتفرج على حلقة لباسم أفتكر صديقنا الجميل علاء ولي الدين الله يرحمه وأتخيله وهو بيقول للإخوان ""يالله ياللي باسم يوسف بيفشخ فيكو""",0,Saudi Arabia
2627,للأمانة الفيديواللى انتشر مش من أعتصام رابعة الفيديو من سيناء حسب الوصف اللى مع الفيديو ونازل من 3 أسابيع,0,Egypt
2628,رابط تحميل المعصرة عدد اليوم:مايطلبه المواطنون للرئيس الميمون والأبواب الثابتة ورسوم عمرو سليمأتمنى تعجبكم,3,Iraq
2629,#هذة_مصر عز و فخر لهذه الامة,2,Yemen
2630,مؤتمر حزب العدل لدعم #حمدين_صباحي رئيسا لمصر : حمدين صباحي: مشروعي هو قيام دولة مدنية خالية من الفساد,0,Egypt
2631,شاهد - منتج فيلم مبارك و العائلة حسين الرزاز في آخر كلام #,2,Egypt
2632,شكرا جزيلا على الترجمة وتحياتي للأستاذة نادين،هو بس في آخر فقرة اللي قايل المقولة شاعر العامية ابن عروس وليس عمرو ابن العاص,3,Saudi Arabia
2633,يوسف الحسينى يتابع منذ ايام مايحدث للاقباط فى دلجا ويطالب المسؤولين بالتدخل واليوم سيطرت الشرطه والجيش,2,Yemen
2634,#بيقولك_أعرف_بلدك القاهرةلقا، الأديان في مربع واحد هكذا أراد الله مصر واهلهاآمنين باذن الله #اخوان_ابليس,3,Egypt
2635,دعبد المنعم ابو الفتوح يتحدث عن ذكرياته لواقعة المشادة الكلامية بينه وبين الرئيس السادات,3,Saudi Arabia
2636,ألف صورة لألف شهيد من شهداء مجازر الانقلاب الدموي في #رابعة و #النهضة و #رمسيس و #الدقي,3,Egypt
2637,عرض #لماذا_تتواجد_بتويتر #كذب_البنات #سولف_لنا_عن_طفولتك #لو_بس #ماأجملها_من_كلمة #في_العمق #تعليق_الدراسة [123070],3,Oman
2638,كأن في الآية السابقة دليل على أن الأقرب للواقع يكون الأدرى بالمصلحة #بكفي_حصار #اضبطوا_شركاء_المخلوع # #اليمن #قطر #مصر #تونس,2,Syria
2639,الوقوف دقيقة حداد على ارواح شهداء احداث سيناء وعلى شهداء ثورة 25 يناير في بداية المؤتمر الجماهيري,0,Egypt
2640,#مبارك عنده أبناء و #مرسي عنده جماعة الوحيد اللي غلبان في البلد دي هو عدلي منصور تحسه إنه مقطوع من شجرة !,2,Egypt
2641,الجميل في المسلسل ان ماحدش فيكو بيحاول يقلد الشخصيات المثلت الفيلم,2,Egypt
2642,حتى اللى حكتله عن اللى سابوك و قالك ان معاك مش هسيبك سابك هو كمان #مبقتش_تفرق,3,Egypt
2643,اللقطات التى تنشر من لجنة كتابة الدستور توحى لنا ان مصر دولة بلا دين ولا اخلاق ولا قيم ولا تاريخ ولا رجال,3,Yemen
2644,نادى الاسير في #جنين يدعوا الى مساندة الاسرى الإداريين المضربين عن الطعام رفضا لسياسة الاعتقال الادارى الغير مبني,3,Yemen
2645,للمعلم كتاب موجز وممتع عن التعليم الالكتروني #معرض_الكتاب #معرض_الرياض_للكتاب 2020,3,Oman
2646,3_ 0 لأ ارجوك خلي دمك خفيف إيه ده؟ فين كتالوج الألشة؟,3,Egypt
2647,#رصد | تظاهرات ووقفات احتجاجية منذ صباح اليوم بجامعة #الفيوم نظم طلاب جامعة الفيوم اليوم عدد من الوقفات,2,Egypt
2648,#توفيق_عكاشة بيحكي عن هيفا وهبي هههه!دي كلها عمليات تجميل امبارح شفت صورها ع النت قبل التجميل دي تقرف عشان تعرفو احن,0,Egypt
2649,صفوت حجازي: و سوف تصبح العريش عاصمة للولايات العربية المتحدةبس نتلايم عليها الاول,3,Libya
2650,بنحط جزء منها على تويتر لكن نص البيان بيكون على الفيسبوك او على الموقع /2011,2,Saudi Arabia
2651,#حمزة_نمرة انساان :),2,Egypt
2652,ده فيديو اوضح للناس وهى بتفتح المدرسة علشان تخرج الامن منها,3,Egypt
2653,دعبد المنعم أبو الفتوح لـ : فضلت خوض الانتخابات كمرشح مستقل لأمثل كافة طوائف الشعب المصرى,3,Egypt
2654,شاهد - تميم البرغوثي ومصطفى سعيد في الذكرى الأولى للثورة فى آخر كلام #,2,Egypt
2655,معنى هام جداً نحتاجه بشدة في هذه الأيام في بلادنا,3,Modern Standard Arabic
2656,شاهد - آخر كلام: لماذا مليونية الجمعة 8 يوليو # والد أحد شهداء,2,Modern Standard Arabic
2657,رحم الله السيد منصور حسن ، غفر الله له وألهم أسرته الصبر والسلوان,2,Modern Standard Arabic
2658,بسمة أمل - هدية لعودة الحب لحياتنا,2,Algeria
2659,#الوطن | رئيس المجلس المصري للشؤون الخارجية يغادر إلى #نيويورك #مصر #اخبار,0,Egypt
2660,يا عمر سيبك من كل دة فى حملة منظمة لتشوية ثورة 25 يناير ورموزها أقرأ مقالة مصطفى النجار فى اليوم7النهاردة وشوف,3,Egypt
2661,تابعوا الدكتور عمرو حمزاوي على قناة الجزيرة مباشر في تمام الحادية عشر والنصف مساء,3,Modern Standard Arabic
2662,الطرق السلميه والمتحضرة هي في ظننا احد سبل النضال السلمي والمشروع للضغط علي الحكومات في المنطقه لتنهج منهج استقلالي,3,Libya
2663,"أمل الجمل: عن ""الشتا اللي فات"" وشتاءات أخرى مقبلة",3,Egypt
2664,أون تى في تعيش سكرات الموت وهى تتحرك خلف الشرطة والجيش لتصور علي الهواء تمثيليات القبض علي الإرهاب,3,Libya
2665,"قصة حدثت لي في مطار القاهرة أثناء عودتي من مكة بعد تصويري لبرنامج ""باسمك نحيا"" وكان عن أسماء الله الحسني - وكانت",3,Modern Standard Arabic
2666,نرفض التدخل في تشكيل الحكومة الجديدة من أي جهة أو حزب ونرفض أي شكل من أشكال الضغط على قرارت عصام شرف,3,Egypt
2667,1 كما سجلت أكثر من مرة قبل٣٠ يونيو وبعده، مصر وقعت فريسة لفاشية دينية محرضة على العنف ولفاشية قمع وإقصاء وعنف زيفا باسم المصلحة الوطنية,0,Modern Standard Arabic
2668,#خلق_جميل عندما يفضح احد الاصدقاء اسرارك ولا تقوم انت بالمثل,2,Iraq
2669,": أنا أنتظرك لأنني لا أجد شيئاً آخر يُسليني في غيابگ عنّي ! #اعترافات_ليلية""",3,Modern Standard Arabic
2670,ياسر أبو عمّار في #سياسة_في_دين :علي الجزيره غيّرت موقفي من حزب #النور بسبب مواقفه المخزية مع الرّئيس #محمد_مرسي,0,Libya
2671,تحذيرات قوات الأمن لسكان رابعة والمتظاهرين قبل فض الاعتصام #السادة_المحترمون,3,Egypt
2672,: كاتب فى جريدة القدس يفترض أنه ناصري و مش إخوانى ؟ ؟ ؟ ؟ سليم عزوز,3,Egypt
2673,لابد من إقالة وزير الداخلية ومدير أمن بورسعيد ومحافظها فورا أرسلت للدكتور الكتاتني مطالبا بجلسة استثنائية غدا لمجلس الشعب,3,Egypt
2674,# _ _ _ حضرتك مفيش فكة تاخد بالباقي ريتويتس,3,Egypt
2675,#نبض_نيوز اا #جمعة_الغضب اا بالفيديو موقع أمريكي يرصد مذبحة رمسيس بجمعة الغضب حجارة معارضي الانقلاب في مواجهة,3,Egypt
2676,برحيل صالح تضع ثورة اليمن أقدامها على أول طريق النصر،نثق فى قدرة شعبنا اليمنى على توحيد الصف لاستكمال أهداف الثورة،مبروك لليمن وعقبال سوريا,2,Egypt
2677,حكمة الأسبوع: لكي يصدقك الناس عندما تشكو من إرث الإخفاقات الهائلة التي تركها لك النظام السابق لا ترث عن نفس النظام سياساته الفاشلة,3,Modern Standard Arabic
2678,"القرآن الكريم مُعَّلق في بيوتنا ولكن لم نشعر أننا هجرناه كما شعرنا أن #الواتساب_معلق ! آخر حالة ظهور للمصحف عند البعض""ر",0,Modern Standard Arabic
2679,يحسب للرئيس مبارك انه حكم مصر وهى تتحدث عن نفسها وبعد ربع قرن من الحكم جعلها تتحدث مع نفسها #بلال_فضل,0,Oman
2680,مترو موسكو، أو قصر تحت الأرض كما يوصف أحيانًا بسبب فخامة تصميمه الكلاسيكي،، #عمارة #روسيا #تصميم #تصميم_داخلي #مترو,3,Oman
2681,ماكنتش متخيل إن إعادة نشر تعريفات الجاموس المحيط على تويتر بيخليها تنتشر كده مع إني كاتبها من 2005 ومابعدهكل يوم هانزل شوية كده بإذن الله,3,Egypt
2682,تنمية محور قناة السويس يعد مشروعا قوميا #السادة_المحترمون,2,Modern Standard Arabic
2683,1 تم الاستماع إلى أقوالي اليوم في البلاغ المقدم من أحد المحامين، وليس من قضاة، ضدي في ١٧ يونيو ٢٠١٣ بزعم أن إحدى التغريدات بها إهانة للقضاء,3,Modern Standard Arabic
2684,بيع متابعين #السعودية #الكويت #برشلونة #النصر #الهلال #الإتحاد #الإمارات #الرياض #الدمام #بوح #عمان #دبي #جدة 051,3,Yemen
2685,المصري اليوم| السفير حسام القاويش، المتحدث باسم #مجلس_الوزراء، للإعلامية #جيهان_منصور في برنامج #صباح_التحرير:,2,Egypt
2686,السادة الأفاضل بجريدة المصري اليوم عن الخبر المنشور حول إلغاء ندوة لي بنادي الشمس للدعاية الانتخابية الخبر غير صحيح,2,Sudan
2687,من ذكريات #الأقصر متحف التحنيط,2,Egypt
2688,#في_حاجة_صح ان الجيش المصرى قوى ومتماسك,3,Egypt
2689,"من الذي زار مرسي في مخبئه السري؟! دعلاء الأسواني يكتب مقاله بعنوان : "" كيف للرئيس أن ينام ؟! "" على هذا الرابط >>",2,Modern Standard Arabic
2690,دباسم يوسف عمل برنامج البرنامج و #فسسسسسس,3,Lebanon
2691,لا للصدام بين الشعب والجيش ولا لاستخدام العنف ضد المتظاهرين سلميا وحدة الصف الآن هى أهم ضمانة لاستكمال أهداف الثورة ومسيرتها,3,Egypt
2692,الشعوب لا تنهض بالكلام والظواهر الصوتية لم ولن تحدث فارقا يذكر عبر التاريخ!,3,Modern Standard Arabic
2693,سي بي سي:#إبراهيم_محلب يشارك باحتفالية تنزانيا اليوم بمناسبة العيد الخمسين للوحدةنيابة عن الرئيس #عدلي_منصور #,0,Egypt
2694,وحدوا الله يا جماعة وبلاش إشاعات عن مفاجآت عشان مش عايزين إحباطات كل الحكاية ملف معقد هنحاول نفهمه مع بعض :),2,Egypt
2695,#هننضف_لو بطلنا تحرش,3,Egypt
2696,_ مبارك سحبه مرتين بالفعل راجع معلوماتك,3,Sudan
2697,"عاجل القبض على محمد بديع مرشد الإخوان المسلمين فى شقة سكنية ب "" رابعة العدوية """,3,Egypt
2698,عقبالنا :))),2,Jordan
2699,#أحمد_موسى معروف بقربه من #أمن_الدولة | أخبار الموجز,0,Egypt
2700,لما تتأسف وتعترف بغلطك دا شيء إسمو #خلق_جميل,3,Sudan
2701,بعد قليل ننشر لكم فيديو من ندوة دعلاء الأسواني من ساقية الصاوي بتاريخ 14-6-2012 ويوضح موقف دالأسواني من انتخابات الإعادة الأدمن,3,Egypt
2702,لا شك ان فهمى هويدى أخطأ ومن الاخطاء ما يصل الى مرتبة الكوارث لكنه يمتلك ارثا طيبا يسمح لنا بعتابه دون عقابه,3,Modern Standard Arabic
2703,#إيران: أول اختبار لـ #روحاني بعد رفع سعر #البنزين,3,Sudan
2704,بعد الانفاق في معسكر اعداد وملابس وكتيب المشاركة في العاب الفرانكفون وقبل 24 ساعة من السفر الغى طاهر ابو زيد,3,Oman
2705,دعلاء الأسواني: هل حدث من قبل في نظام ديمقراطي ان سحب شعب الثقة من رئيسه المنتخب ؟! >>,3,Sudan
2706,المعتصمون داخل مسجد الفتح يستخدمون طفايات الحريق ويتهمون الجيش بإطلاق قنابل الغاز عليهم #السادة_المحترمون,0,Modern Standard Arabic
2707,#جمال #خيال #حقيقه #جميل #درر #حكم #أعجبني #حكمه #بقلمي #شوق #بوح #شعر #قصيد #رتويت خمس الاف متابع بـ 200 ريال 458,3,Yemen
2708,علوم الإمارات - | العثور على 3 خادمات هاربات عبر حساباتهن في فيس بوك #الإمارات #,0,Modern Standard Arabic
2709,"#متصدر_لاتكلمني, #النصر_الشباب, #الهلال, #اكشن_يا_دوري شجع ناديك بدون تعصب مع برنامج الايفون الرائع 636",3,Saudi Arabia
2710,تكريم الجنزورى وا?ستعانة بخبرته كمستشار رسالة الى كل رجال العهود السابقة ان مصر فى حاجة الى خبراتهم وأنه ? تهميش و? إ,3,Egypt
2711,كان حلم حلو فى اوله شوقنى انى اكمله #25_يناير,0,Egypt
2712,عندما تقرأ أن السعودية والامارات والكويت والاردن تؤيد التحول الديمقراطى فى مصر بعد الانقلاب تموت من الضحك 4 دول,0,Egypt
2713,أعلنا اليوم تأسيس حزب الدستور الجديد في جو مليء بالحماس والتفاؤل وفقنا الله لما فيه خير الوطن,3,Modern Standard Arabic
2714,علاقة النائب بالناخبين لابد وأن تراجع سنويا في جمعية عمومية مثلما تفعل الشركات مع المساهمين العقد بيننا هو البرنامج والعقد شريعة المتعاقدين,3,Modern Standard Arabic
2715,وصول الثوار لميدان التحرير احد اكبر علامات اسقاط الانقلاب والعلامات الكبرى والاخرى قادمة مع قادم الايام,2,Egypt
2716,تنور !,3,Tunisia
2717,"ننتظركم في ندوة التوقيع الأولى لـ""نادي السيارات"" لدكتورعلاء الأسواني بدار الأوبرا المصرية الجمعة القادمة بإذن الله >>",2,Saudi Arabia
2718,#جبهة ثوار سوريا - القطاع الجنوبي : القنيطرة تمكن المجاهدون ضمن معركة #صدى_الأنفال صباح اليوم بفضل الله من,2,Algeria
2719,تعديل كامب ديفيد ليس رفاهيهنلزم الحكومه بما صدر عنها من بيان بسحب السفير و نصف التراجع بالعار و الخزلانلا شيء يعلو علي كرامه المصري,0,Yemen
2720,78 الدكتور عنده ندوة في الاسكندرية الاسبوع القادم وكان لديه جولة ميدانية في الجيزة الاسبوع السابق,3,Saudi Arabia
2721,من صوتوا لمرسي وشفيق لهم نفس حقوقنا كمواطنين ولا ينبغي، مع الاختلاف في الرؤية للدولة والمجتمع وللحريات والمدنية، الانتقاص من أهليتهم,3,Iraq
2722,قال رسول الله صلى الله عليه وسلم : ( إِنَّ مِنْ عِبَادِ اللَّهِ لَأُنَاسًا مَا هُمْ بِأَنْبِيَاءَ وَلَا,0,Modern Standard Arabic
2723,لمن كان يسأل عن عنوان #ديوان_شيبان الذي يقام فيه #درس_الاثنين #الفحيحيل قطعة 9 شارع المخفر #انشر #الكويت,3,Saudi Arabia
2724,ياباشمهندس لو الرقم اللي هم بينشروه عشان يبعتولك عليه تهديدات ده رقمك بجد، من حقك تبلغ الأمن الوطني يتتبع أتصالا,0,Egypt
2725,د أبو الفتوح : مشروعي يتركز في أربعة محاور، أولها الاهتمام بالتعليم والبحث العلمي لان هذا هو الباب للتقدم ونقل,3,Iraq
2726,_ مايصحش أقول,3,Yemen
2727,من إنجازات الثورة العظيمة هو مشاركة الشعب في المعادلة السياسية ليؤكد أنه أهم لاعب,3,Modern Standard Arabic
2728,قد ترى الأمور مستعصية عليك بعض الشيء لكن اذا ما نظرت من ذاك الباب الذي لا ينظر إليه احد سوف ترى الأمور متجلية واضحة ومفهومة لديك #حاول,2,Modern Standard Arabic
2729,افضل لاعبي الدوري الانجليزي في سنة : ٢٠٠٩ #رونالدو في الصيف الذي يليه انتقل الى الريال ٢٠١٣ #بيل في الصيف الذي,3,Oman
2730,لو #دمعتك نزلت على خدك من كتر ضيقتك اعرف ان #ربنا بيقولك اسند رأسك على #بابى,2,Egypt
2731,"برنامج مش صعبة د حمزاوي شرح مصطلح ""الأمن القومي "":",3,Libya
2732,شايفين العيب و الغلط ومبنسالش حتى ليه وكل واحد بيقول هو يعنى بايدى ايه !! #كاريوكى,3,Egypt
2733,صورة من كواليس إحدى حلقات برنامج (قصة الأندلس) المنتظر عرضه في رمضان القادم يمكنك مشاهدة برومو البرنامج على,3,Modern Standard Arabic
2734,م اظن فيه انسان مسلم يرتضي سفك الدما ! #خليجيون_ضد_الدماء #مجزرة_رابعة_العدوية,3,Yemen
2735,حب البلد بيعيش لما يموت الجوع #حمزة_نمرة مهما كلت وشبعت برضو مش بحبها,3,Egypt
2736,هو بس سؤال رفيع للإخوان: بالنسبة لرجال الأعمال اللي كان رئيسكم بيكلمهم بكل حنية ودلال مش دول برضه الفلول اللي صدعتونا إنهم بيتآمروا عليه؟,3,Egypt
2737,لن يأتى عام 2014 الا وديون مصر تسجل رقما عالميا لم تصل اليه اى دولة ولن ينفعنا مليارات الخليج الملوثة بدماء اولادنا,3,Egypt
2738,هواجس العام الجديد - ثانينا عن مسار الاحتجاج الشعبى والحالة الثورية - عمرو حمزاوي - بوابة الشروق,3,Egypt
2739,البقية فى حياتك كان راجل عظيم,3,Egypt
2740,#جنايات_المنيا : تصدر حكماً بإعدام 37 إرهابيا اخوانياً وبحبك 492 لمده 25 عاما في قضيه اعمال العنف بمطاي بعد عزل الرئيس الخائن #محمد_مرسي,2,Egypt
2741,"في حفل جمعية رسالة "" رد الجميل "" لتكريم سيدات مُسنات من جميع محافظات #مصر بمناسبة #عيد_الأم على مسرح سيد درويش - أكاديمية",0,Oman
2742,هدير طلاب الجامعة يشكل فيضانا لن توقفه سدود الانقلاب الشرعية ستعود ان شاء الله,0,Tunisia
2743,الذين يدعون ان هذه الثورة العظيمة هى انقلاب عسكرى يجهلون او يكذبون وفى الحالتين يهينون الشعب المصرى ويستهينون بتضحياته وبدم شهدائهم الأبرار,0,Modern Standard Arabic
2744,": #تركيا كبير القضاة يتهم #أردوغان بـ فساد الضمير"" ويتعهد صون كرامة الأتراك وحرياتهم """,2,Egypt
2745,الأسواني: لقد أثبت مرسي أن الاسلام الحقيقي العظيم الذى نعتنقه ونعتز به يختلف الى حد التناقض مع المقال كاملاً >>,3,Modern Standard Arabic
2746,الحمد لله تملأ الميزان,2,Sudan
2747,1968 فيما يخص الجانب الفقهي يمكنك سؤال الازهر ودار الافتاء,0,Sudan
2748,مصر تقع في مجموعه ناريه ناريه #مصر #تونس #السنغال #موزمبيق او #جنوب السودان #حسن_شحاته كان بيرتعش وهو بيسحب القرعه #_,2,Yemen
2749,لاحظت المصادر تقدم واضح في أسلحة الجهاديين في سيناء واستخدام مضادات للطائرات والمدرعات استخدمت في مواجهة الجيش ومواطني المد,2,Sudan
2750,خليك بتاع كله عشان كله يبقى بتاعك #اسلوب_حياة,3,Egypt
2751,أذا أقنعت شابا بالكذب بانه يجاهد في سبيل الله ثم أعطيته مسدسا وجعلته يطلق النار على ضابط شرطة فقام بقتله ستكون انت من قتلت الشاب مع الضابط,3,Modern Standard Arabic
2752,احبسونا و امنعونا #البعد عن #الاهلى محااااال,0,Egypt
2753,#جمال #خيال #حقيقه #جميل #درر #حكم #أعجبني #حكمه #بقلمي #شوق #بوح #شعر #قصيد #رتويت خمس الاف متابع بـ 200 ريال 132,2,Yemen
2754,هو ممكن ت #نزل_صلاح :( #ليلة_الابطال,3,Egypt
2755,سوري الرابط اهه,3,Oman
2756,"شاهد - يسري فوده: ومن يأمن لمن قال يوماً ""طز ف مصر"" #",3,Egypt
2757,والله من شين النفس فيني اليوم #اعتراف,3,Qatar
2758,لا إله إلاَّ اللَّه وَحْدَهُ لا شرِيكَ لَهُ، لهُ المُلكُ ، وَلهُ الحَمْدُ ، وَهُوَ عَلى كُلِّ شَيءٍ قَدِيرٌ #غرد_بذكر_الله #كنز_المسلم,3,Iraq
2759,#إبراهيم_محلب يعلن افتتاح خط طيران #القاهرة - #إنجامينا عاصمة تشاد أول أغسطسويكلف وزير الطيران باتخاذ الإجراءات,3,Egypt
2760,و لعل أسوء ما في هذا اليوم غيابك يا #باسم :-( = =,2,Modern Standard Arabic
2761,حشود ضخمة في مسيرة #المطرية اليوم الجمعة 1-5-2014 #شير,3,Egypt
2762,"#ليه بنخاف من الموت و هو الحاجه الحقيقيه في الدنيا !""",2,Egypt
2763,فضلت اتريق على اللي شغلهم الساعة 8 واتريق واتريق لغاية ما مطلوب مني في 10 دقائق اكون لابس ونازل وخمس دقائق وابقى فى الشغل #فجأة,3,Egypt
2764,3 تم الإتصال أكثر من مرة وستكون عندنا بالغد في لجنة حقوق الإنسان,2,Oman
2765,بيدونا اجازة فى عيد العمال عشان نقعد فى البيت نتفرج على فيلم الايدى الناعمة،حرام والله #أوقفوا_الفحم,3,Egypt
2766,مدرسة الطبري بشيراتون,0,Syria
2767,ضبط حشيش مع #لاجئين سوريين بالمفرق #شاهد التفاصيل من هنا:,3,Egypt
2768,#بيع_متابعين #زيادة_المتابعين #تابعني_اتابعك #السعودية #الهلال #النصر #الاتحاد #الأهلي #الأتفاق #الشباب [90332],0,Oman
2769,حتى في فرنسا متأخر عشان الريس معدي!,2,Palestine
2770,إبطال مفعول قنبلة بدائية الصنع بجوار ميدان محطة #المنيا,3,Modern Standard Arabic
2771,استشهاد جنود مصريين على الحدود بنيران صهيونية جريمة غير مقبولة دماء هؤلاء الشهداء تستدعى موقفا جادا حفاظا على كرامتنا وصيانة لحدودنا,3,Modern Standard Arabic
2772,اقولك على حاجه!! الدنيا مش محتاجه! #اه_والله,2,Egypt
2773,شاهد - آخر كلام: سد النهضة ما ينبغي على مصر فعله #,3,Oman
2774,#ثوار #المرج #عزبة_النخل #المطرية #عين_شمس ما نبقاش رجالة لو ماطلعناش ال 5 سيدات من #قسم #المرج الليلة #مرسي #الاخوان #انتخبوا_العرص ~ٍ,2,Libya
2775,لا تجعل الطريق يأخذك حيثما يتجه بل إذهب حيث لا يوجد طريق و اترك آثارك,3,Modern Standard Arabic
2776,#مش_ساكتة عشان الناس #مش_ساكتة عشان ده حقى #مش_ساكتة عشان مش غلطى #مش_ساكتة عشان انتى اقوى من المتحرش,3,Egypt
2777,من مشاكل تويتر هو الشعور بضرورة التعليق على أي حدث بشكل سريع حتى لو كان غير مكتمل التفاصيل، وكل واحد بيبني رأيه حسب انحيازاته واتجاهه الفكري,3,Jordan
2778,#فيلم_نفسك_تعيش_قصته #___,3,Egypt
2779,شموسه شنو احلى اغنية عجبتج من البوم #شيرين,3,Iraq
2780,#يوسف_الحسيني هدف الإخوان في 19نوفمبر الوصول لميدان التحرير والسيطرة عليه #السادة_المحترمون,2,Egypt
2781,مدينة #السادات كانت كل المباني فيها تقريباً (مباني المدينة أو الجهاز) عليها سخانات شمسية,3,Egypt
2782,اعلام النظام السابق مازال قائماً : البلطجة الفكرية أقوى أسلحة اجهاض الثورة ماذا يحدث ؟!,3,Sudan
2783,"متابع للدستور وكل مسوداته منذ شهرين تخيير الناس بين ""نعم"" للدستور و""لا"" لاستمرار إعلان غير دستوري هو ما أتحدث عنه",3,Modern Standard Arabic
2784,وصلت المطار من الدقي في 11 دقيقة فعلا ساعة الحظر ما تتعوضتش,3,Libya
2785,بلاغ للنائب العام مطلوب صاحب هذه الصوره الذى هدد نجيب ساويرس بالقتل والاعدام,3,Yemen
2786,هو انا عشان بعمل الصح وبغير من نفسى للأحسن ابقى كده معقده #مجتمع_مريض #حافظ_مش_فاهم :),3,Egypt
2787,المادة التاسعة وأسباب أخرى لرفض مسودة مبادئ الدستور (1) - عمرو حمزاوي - بوابة الشروق,3,Egypt
2788,مرة جماعة اتبهدلت من عبد الناصر جم عملوا إيه بالظبط #تاتاراراتتت,3,Egypt
2789,بسمة أمل - خلى خيرك لكل الناس --------------------------------------------- يروي لي أسامه و هو شاب سوري,2,Libya
2790,_: #معرض_الكتاب كتاب : المشوق إلى القراءة وطلب العلم لـ الشيخ _,2,Oman
2791,شبح اضطرابات عشية التصديق على عشرات الإعدامات | الأخبار #مصر #القاهرة #محمد,2,Sudan
2792,دعلاء الأسواني: لماذا يتحرش المصريون بالنساء ؟! أقرأ المقال كاملاً ؟! >>,2,Modern Standard Arabic
2793,نسيت أقولك إنك لو مؤمن بعدل ربنا لازم تطلع مبارك من السجن أو تحصله لأنك مسئول سياسيا عن قتل مواطنين مصريينبلوك وريبورت سبام,3,Egypt
2794,الرئيس مرسي المسئول الاول عن حقوق المصريين وكرامتهم اما ان يوقف الرئيس الخطف والضرب والتعذيب والمحاكمات العسكرية للمدنيين واما ان يرحل,0,Egypt
2795,أخشى من أن يشوه بعض من يتكلمون باسم المشروع الاسلامي أن يشوهوا المشروع د عبد المنعم أبو الفتوح أثناء لقائه,2,Modern Standard Arabic
2796,فيديو : د عبد المنعم أبو الفتوح فى حلقة القاهرة اليوم الثلاثاء 16 أغسطس 2011,0,Egypt
2797,مرسي: أحيي السويس الباسلة وبور سعيد الصامدة وهاقول لهم هانيمكو من المغرب,3,Egypt
2798,شــايــف طريقـى اخره نــور و مش انــا اللى اعيـش مكســور و لو ماوصلتش برضو عادى هاعيــش حيــاتــى و هافضــل راضــى #كاريوكى #من_الروائع,3,Egypt
2799,عمرو موسي وسامح عاشور ومنى ذو الفقار فى صدارة لجنة الدستور البقاء لله فى ثورة 25 يناير,3,Egypt
2800,:) :) #هاشتاج #صاحب_يتصاحب تابعونا وكمان تقدروا ع صفحتنا ع فيس بوك وتويتر تشاركونا ومن رابط الاستماع فى أول,3,Egypt
2801,_ مبروووووووووووووووووك للريال حببتى بس الصراحة البايرن هوالى كان احسن #ذا_شامبيووونز,3,Egypt
2802,تأسيس نقابة الفلاحين بعد الثورة خطوة على طريق نضال طويل من أجل استعادة حقوق وكرامة الفلاحكل عام وفلاحى مصر أقدرعلى القيام بدورهم فى النهضة,0,Egypt
2803,اعرف بلادك - المغرب عين أسردون - توجد في بني ملال وهي مدينة مغربية تقع في الوسط الغربي للمملكة المغربية وسهل,2,Oman
2804,السلطة تمارس إجراما سياسيا ضد الفقراء,3,Modern Standard Arabic
2805,من يريد ان يقدم لوطنة سىء لا ينشغل بالدفاع أو إيذاء الآخرين أبو الفتوح يتحدث الآن #,3,Modern Standard Arabic
2806,_70007 الحمارة امك #فطيم_النعاشة وانت ولدها و اذا فكرت تصير ولد حلال اطلب من #فيفي_عبده_الام_المثالية تتبناك هههههههه,3,Qatar
2807,الدكتور الأسواني يهتم جداً بقراءة كل ما يصله من القراء سواء كان نقدا إيجابيا او سلبيا الا الشتائم فانا ازيل قذارتها اولا باول ميشيل الادمن,3,Saudi Arabia
2808,د علاء الأسواني: ماذا يريد أنصار الأخوان من اسكندر طوس ؟! >> أقرأ المقال كاملاً على هذا الرابط :,2,Modern Standard Arabic
2809,صح وعارف انه لا بكاء على دم الارهابي اومن يمارس عملا عدائيا تجاه الوطن او اقترف عملا من اعمال العدو ومصريتنا ليس رقم قومي وحسب,0,Yemen
2810,اتابع بسعادة واعجاب مئات المغردين الشجعان اسلوب شيق وخفة دم ورؤية ناضجة واستنتاجات مذهلة مواهب مصر كثيرة يدفنها الفساد والواسطة واللصوصية,3,Iraq
2811,من لا يعرف أمه إلا يوما في السنة فهو عاق لها، ومن يصلها ويهديها ويبرها كل يوم فلا معنى لـ #عيد_الأم عنده، فعيد الأم من,3,Modern Standard Arabic
2812,"مرحاض مصطفى بكرى في جريدة الوطن: ""طنطاوى قال لى: ""العسكرى"" كان مجتمعاً لمتابعة نتيجة الرئاسة ودخلت الحمام فخرجت لأجد مرسى رئيساً""",3,Egypt
2813,ايه اكتر اغنيه عجبتكم من الفنانه #غادة_رجب في برنامج #احلي_مسا مع النجمه #فيفي_عبده و النجم #هشام_عباس ؟,3,Egypt
2814,برنامج امريكا بالعربي - الحلقه 5 كاملة,3,Egypt
2815,الشيخ حافظ سلامة يؤكد فشل مؤامرة أمريكا لإسقاط الجيش المصري #السادة_المحترمون,3,Modern Standard Arabic
2816,اشاعةمن اشاعات الفيس بوك,3,Iraq
2817,العرس ما ريدتوة ولا المكان حبيتوة بس الحليب هطأ بنهودي و ان يسألوكم مين أبوة قولو دة خدها غضب #دينا_الوديدي #مريم_صالح :)),3,Egypt
2818,48670715 _ من سنة 92 بدأت الكتابة ضد إستبداد مبارك وضد التطرف الديني أيضا وماكانتش لسه المعارضة رخيصة وبتلم,3,Egypt
2819,"#كريستيانو_رونالدو بين الأكثر تأثيرا في العالم بقائمة ""تايم""! التقرير:",3,Modern Standard Arabic
2820,إذا جعلك والديك أميراً مدللاً في صغرك فاجعلهما ملوكاً متوجة في كبرك,3,Modern Standard Arabic
2821,البرنامج - الحلقة 12 كامله:,3,Egypt
2822,الرياض #القصيم #واحد_فاضي #الهلال #السعودية #النصر #النصر_الهلال #البدائع #الزلفي #حفرالباطن #مكة #جدة [2635558],3,Oman
2823,الحمد لله بسمة قامت بالسلامة، وربنا رزقنا بنادية,3,Egypt
2824,أخبار تل أبيض || اتحاد تنسيقيات شباب الكورد في سوريا - تنسيقية الرقة - تحذير و نداء #هام جداُ - داعش,3,Lebanon
2825,#زمكان - #مصر |#أخبار_مراسلينا | ابراهيم #حماد يمنع استخدام عربيات ربع النقل فى نقل الركاب فى #اسيوط اسيوط -,2,Egypt
2826,الانتخابات البرلمانية القادمة محطة كبرى، فإما تقارب بيننا وبين الدولة المدنية بمعانيها غير العسكرية وغير الدينية أو تباعد بيننا وبينها,2,Modern Standard Arabic
2827,# بالصور أنصار مرسي يحرقون كنيسة ومدرعة للجيش بالسويس,2,Modern Standard Arabic
2828,دستور لا يمر بموافقة ثلثين الشعب على الأقل وفقط بالأغلبية المطلقة يبشر بإنقسام الوطن والإطاحة بالإستقرار ولن يعمر,2,Modern Standard Arabic
2829,البيض والطماطم نفذت فى دلجا الاهالى اشتروها انتظارا لوصول صباحى واتباعه,3,Egypt
2830,الجيش والداخلية والبلطجية ايد واحدة لارتكاب جرائم وحشية جديدة ضد شعب مصر فى تظاهراته السلمية 30 اغسطس الشعب يستعيد ثورته,3,Egypt
2831,كل من يظن انه ربما يكون مرصود الحيطة و الحذر و عدم المبيت في المنزل اليوم #شارك #انشر #حذر,3,Saudi Arabia
2832,بالفيديو عبد الرحيم علي يكشف تخابر البرادعي مع المخابرات الأمريكية #باسم_طلع_حرامي,0,Egypt
2833,مع اعلام خالتى فرنسا يؤكدون ان فيديو سيسي المسرب مفبرك ثم يؤكدون (هم بشحمهم ولحمهم) ملاحقة من سرب الفيديو,3,Yemen
2834,لبـستُ ثوب الرَّجا والناس قد رقدوا - وَقمتُ أشكو إلى مولاي ما أجدُ / وقلتُ يـا أمَـلي في كلِّ نائـبةٍ - ومَن عليهِ لكـشفِ الـضُّرِّ أعتمدُ,3,Modern Standard Arabic
2835,اليوم السابع | كلاب بوليسية لتأمين #امتحانات #عين_شمس و #الجامعة: منع دخول المفصولين,3,Egypt
2836,#غرد_بذكر_الله #اذكر_الله #حصن_المسلم,3,Iraq
2837,#يانبى سلام عليك #ماهر زين,3,Oman
2838,__ 1 _ يعني انت مش متابع بس بتشتمني احتياطي؟,3,Jordan
2839,# #لغز_الحياة #مصطفي_محمود #البرنس,3,Libya
2840,#محمد_رمضان و #السبكي: تهاوشوا مع بعض احسن عشان لا نشوفك في افلام زباله,3,Libya
2841,"هذه هي الأيام التي تجعلك تبدأ في التفكير بجدية فيما قاله نيتشه ""عندما تحارب الوحوش إحذر ألا تتحول إلى وحش""اللهم لا تفقدنا إنسانيتنا أبدا",3,Modern Standard Arabic
2842,مشكلة اليسار مش اللي قاله العريان مشكلته إن رغم كونه الفصيل الأكثر فاعلية ونضالية في الثورة المصرية لم يستطع طرح شكل,3,Egypt
2843,لن نسمح أن يزج بنا فى حرب أخرى وتدخلنا بـ #سوريا و #أوكرانيا من أجل الحل السلمي#أميركا #العرب,3,Egypt
2844,أحمد مطر #رابعة #رابعة_العدوية #مجزرة_رابعة #مجزرة_السيسي #مصر,3,Egypt
2845,لا قتل الناس في بورسعيد برصاص الشرطة ولا تعذيب المعتقلين ولا الغاء القانون لصالح مرسي في الاعلان الدستوري لا شيء اقلق أمريكا مثل محاكمة مرسي,3,Saudi Arabia
2846,3 الدم المصري كله حرام، أدين الاعتداءات على مقار الإخوان والحرية والعدالة وكافة أشكال العنف، جميع الضحايا مصريون لا فرق بين إخواني وآخر,3,Modern Standard Arabic
2847,الببلاوي: تصنيف الإخوان تنظيما إرهابيا قرار سياسي #الببلاوي #مصر,2,Egypt
2848,"التويتة السابقة:ايوه العريان قال كل ده مابين جرايد و احاديث صحفية,بطلوا تقرفونا بالبرادعي بقى",3,Egypt
2849,#كلمتين_وبس أحبك جدآ #الى_احدهم,2,Egypt
2850,ألقاكم بعد ربع ساعة من الأن في برنامج (الحياة اليوم) على قناة الحياة، للحديث عن قضية الإساءة لرسولنا الكريم، صلى الله عليه وسلم,2,Modern Standard Arabic
2851,برومو حلقة (بائع الليمون) - ثاني حلقات الأنيميشن من برنامج بسمة أمل انتظروا الحلقة الساعة 7 مساء الخميس,3,Algeria
2852,يارب انا مش طالب كتير انا عايز واحده فى خفة دم #رنوش وجنان #سوكا وجمال #شيرى_عادل ورقة #جنات واى حاجة من #صافيناز ^_^ #,2,Egypt
2853,"هزة وسط ""#صافيناز"" بـ 110 آلاف جنيه يلعن ابو التعليم",3,Egypt
2854,#نبض_الاخوان ا #عصام_سلطان و ثبات على المبدأ احنا مش حانقدم أى تنازل ومش حانعترف وحانتحبس مش مهم كل,2,Egypt
2855,#انقلاب_مصر #الفيوم|25-4-2014 #حاميها_حراميها,0,Egypt
2856,هذا الإعلان لصالح مجموعة وسيعرض بالفواصل في رمضان ان شاء الله صوره من الإعلان # #رمضان,0,Oman
2857,القاضى كريم اسماعيل,3,Egypt
2858,الحل السياسي يهدف للبدء في بناء الاقتصاد ولا يعني التصالح مع من تورطوا في عنف #السادة_المحترمون,2,Modern Standard Arabic
2859,أنصار الإخوان فرحانين قوي بلبانة إحنا لو نزلنا الشوارع هنربيكو وفاهمين إنهم لو نزلوا وعملوا موقعة جمل جديدة وقتلوا كل الناس إنها هتخلص,3,Egypt
2860,ارجو من مذيعي وضيوف الجزيرة الرد على حسام فودة عندما يكرر عبارته اليومية ما هى صفة خيرت الشاطر ليلتقي سفيرة,3,Modern Standard Arabic
2861,"من فضل الإسلام أنه كرم المرأة, وأكد إنسانيتها وأهليتها للتكليف والمسئولية والجزاء ودخول الجنة #",3,Modern Standard Arabic
2862,بإذن الله أشارك المهندس خالد عبد العزيز (رئيس المجلس القومي للشباب) في افتتاح الخيمة الرمضانية الشبابية في,0,Egypt
2863,انتي اصلا مافيك فايده #كلمه_بتتقال_في_البيت_كل_يوم,3,Egypt
2864,#الداخلية_بلطجية واقعة الاعتداء على الزميلة م/ #داليا_رضوان,3,Egypt
2865,46572581 ههههههههههه انا و ام ابني المستقبلية بنفتح من اكونت واحد,3,Jordan
2866,"#متصدر_لاتكلمني, #النصر_الشباب, #الهلال, #اكشن_يا_دوري شجع ناديك بدون تعصب مع برنامج الايفون الرائع 56",3,Yemen
2867,إحترام الحق أهم من إحترام القانون ولا سبيل إلا بجعل القانون ينصاع للحق لكي يحترمه الناس,3,Modern Standard Arabic
2868,آمين من هنا للعشر الأواخر أنا في ديك الساعة يا جميل انت عارف محبتي واعجابي,2,Egypt
2869,(بأي ذنبٍ قُتلت)؟! #مجزرة_رابعة_العدوية #السيسي,3,Syria
2870,الحلقة الثامنة عشر - الجزء الثالث - فرقة صابرين,2,Saudi Arabia
2871,#فى_عالم_موازى كان زمان زعتر هو اللى بيشيلنى و يدلعنى و يأكلنى و ينيمنى جمبه بليل =)) ! #زعتر_القط,2,Egypt
2872,ماذا فعلت مؤسسات الدولة لشرح مسودة الدستور للأميين؟ لمن يذهب الأمي الذي سيصوت على الدستور ليفهم محتواه؟ كيف نقبل هذه المسرحية الرديئة؟,3,Modern Standard Arabic
2873,"الشهيد بيموت مرة واحدة و المعتقل بيموت كل يوم ,,, اللهم فك أسراهم #انا_مش_رقم",3,Egypt
2874,"#موقف_نفسي_اعيشه_مع_جوزي #موقف_نفسي_اعيشه_مع_مراتي انا من رأيى بعد الهاشتاجين دول , نطلع الجمعه على قصر الرياسة بمليونية (عايز",3,Egypt
2875,الي #حمدين_صباحي: لو أنت عاوز تحاكم #السيسي يبقي أنت ما فرقتش كتير #عن اللي حاكم #سليمان_خاطر #نقطة #مصر #الانتخابات_الرئاسية #اليوم_السابع,2,Egypt
2876,الله من نزع ملكم لغدركم وليس السيسي الله من أذهب حكمكم لعدم إخلاصكم الله من إستبدلكم لأنكم خنتم الأمانة ووليتم من لا,0,Tunisia
2877,مترجعوا #مبارك و اقتلوا الشباب اللى باقى هو ده اللى ناقص يا #جيش_كامب_ديفيد #سيسى_كوهن,3,Egypt
2878,تطبيق الشريعة,3,Algeria
2879,ومرسااااااه جابت نتيجة، وامرسااااه جابت نتيجة حكمتك يا رب,0,Egypt
2880,بلغة الملاكمة الرئيس الشرعى أسقط الانقلاب بالضربة القاضية,3,Egypt
2881,الميزة الوحيدة لحزب النور هو توافر مادة جيدة للبرنامج لكن انا بقول ان البلد اهم من البرنامج :),2,Egypt
2882,لَا حًــــوٌلَ وٌلَا قُــــوٌة إلَا بِّالَله سُبْحًانَ الله الْعَظيِم وَبِحَمْدِهْ #اذكار #غرد_بذكر_الله,3,Iraq
2883,رونالدو جاهز للقاء البايرن #ريال_مدريد #كريستيانو_رونالدو,3,Modern Standard Arabic
2884,أنا ضد أنا يكون نائبي إمراة أو مسيحي من أجل دعاية انتخابية ولكن سيتم إختيار الاكفأ في كل مجال سواء # #,3,Oman
2885,"وحدة الكيانات العربية هي جزء من أمنك القومي وحفاظاً على وحدة كيانك,إن لم تعي ذلك #",3,Modern Standard Arabic
2886,2 عندي حق لكن هل أخلاقنا مثل أخلاقهم؟,3,Oman
2887,فكرك هوايا دا صغير ياللي انت ناوي تدوبني #دينا_الوديدي,3,Egypt
2888,لا تكن امعة اذا احسن الناس احسنت واذا اساؤا اسأتحديث صحيحولا يجرمنكم شنآن قوما الا تعدلوا اعدلوا ذلك اقرب للتقوى,3,Yemen
2889,احناا الصوت ساعة لما تحبو الدنيا سكوت #كاريوكى,2,Egypt
2890,ندى قررت حكومة #هشام_قنديل زيادة أسعار الغاز و الكهرباء و إليكم ردود الأفعال عمرو أديب كل دى زيادة,3,Egypt
2891,الثورة كانت تستحق دستورا جديدا محترما تكتبه جمعية تأسيسية منتخبة ربنا يسامح من اوقعنا في هذا المازق عموما الثورة لها جولة اخرى وستنتصر,0,Saudi Arabia
2892,#مصر_العربية |#عاجل| إبطال مفعول #عبوة_ناسفة بـ #شمال_سيناء,0,Egypt
2893,_ منطق فاشل وكاذب دول متصورين بالأسلحة وفيه ضحايا سقطوا من الشرطة في الإعتصامين مش هتعرفوا تغيروا التاريخ,3,Egypt
2894,اذا حدث توافق حول المبادىء العامة للدستور سيفقد المتطرفون اكبر أسلحتهم لابد ان يقنعوا البسطاء ان الاسلام في خطر حتى يفوزوا بمقاعد الحكم,2,Saudi Arabia
2895,سنسعى في كل وقت وتحت كل الظروف ورغم كل القيود أن نكون من الذين يقولون فيعملون ويعرفون فيلزمون ويقدمون فيقبل منهم #مكملين #اثبتوا,3,Modern Standard Arabic
2896,خلينا العيال الصغيره تشرب سجاير #هننضف_لو,3,Egypt
2897,لا تجعل الامتحانات تلهيك عن عن عن الامتحانات اللي بعدها ،، ما هما شهرين طين #امتحانات_ايفري_وير #عشان_خاطر_ماسر,3,Sudan
2898,#السعودية #الرياض #مكة #المدينة #الدرعية صورة من الماضي الجميل لشيخ علي الطنطاوي رحمة الله في شهر رمضان بعد الافطا,0,Yemen
2899,#الفرسان_كورة | اخبار | #محمد_صلاح يقود #تشيلسي لاسقاط #ليفربول,3,Egypt
2900,: #قناة_تغاريد / #كليب_اسمعوني (الفرات السعدون): عبر,0,Iraq
2901,__ مش قصدي عليك يا سلامة,0,Egypt
2902,2 فقط جلسة ودية، موقفي من رفض الحوار مع الرئيس وجماعته وحزبه كما هو وملتزم بموقف الشارع الرافض للحوار بدون ضمانات وهو موقف جبهة الإنقاذ,3,Iraq
2903,نعلم ما تمثله مصر لإفريقيا وندعم خارطة الطريق #السادة_المحترمون,3,Modern Standard Arabic
2904,وزير الداخلية يشارك فى تكريم شهداء ميدان التحرير فى 30 يونيو حكاية استحمار شعب,0,Egypt
2905,أصداء الثورة التونسية قبل أن يحرق العرب أنفسهم في آخر كلام الليلة في العاشرة مساء بتوقيت القاهرة الثامنة مساء,3,Modern Standard Arabic
2906,#الجزيرة اظهرت تسجيلات غير فيها #صباحي رأيه حسب الظروف كانت أمامه فرصة ليكون محترم #مصر #الاعلام #الاخبار #الوطن #رابعة #الشروق,2,Sudan
2907,يا ترى إيه اللى بيشدنا كده فى مصررغم كل المشاكل الى حواليها دى؟ خفة دم شعبنا؟ طيبته؟ شهامته ؟ النيل و الشمس؟ مش عارفرغم المنغصات,2,Egypt
2908,#اللى_رافضين_السيسى_رئيس_بيعملوا_فولوا_لبعض #جميــلة_و_صاحب_تويتر_وابورمان_وعيڈو_وبڈوی_وايمي_ولعوها #الكل_للكل #يلاااااا_تفااااعل_يجدعان,0,Egypt
2909,اليوم السابع | نائب رئيس #جامعة_المنصورة: الدواعى الأمنية سبب تقديم موعد #الامتحانات,2,Egypt
2910,لولا الانقلاب لسارت عجلة البناء والعلم والاقتصاد والحريات والقانون اسرع من احلامنا,2,Modern Standard Arabic
2911,أنا ضد الرقابة الإدارية على الإبداع الفني و الثقافي,2,Jordan
2912,#الشروق غدًا محافظ الغربية يفتتح المعرض السنوي للأنشطة التربوية: يفتتح اللواء محمد نعيم، محافظ الغرب #مصر,3,Egypt
2913,شكرا جزيلا,3,Modern Standard Arabic
2914,"#مصر_العربية |مقالات| مروة رخا تكتب: مونتيسوري مصر ""4"" لقراءة المقال من هنا",3,Egypt
2915,#الكويت #السعوديه #البحرين #قطر #ا?مارات #عمان #العراق #مصر #تونس #الجزائر #المغرب #ا?ردن #السودان #لبنان 358,0,Yemen
2916,#عاملان إثنان يتجاذبان #الجنان : #الحزن و #السرور على أن قطرة #حزن في عمقها توازي #بحر #سرور في اتساعه - #مي_زيادة,3,Modern Standard Arabic
2917,#أشاهد_الآن #أوتار_القلوب على شاهدنت عبر,3,Algeria
2918,القبض على قيادى من حزب النور فى بنى سويف اكيد اخوان ايه المانع اهلاوى بيشجع الزمالك,3,Egypt
2919,نصر محروس,3,Tunisia
2920,2008 الشرطة التركية اليوم تفرق المظاهرات ضد اردوغان بالقوة بينما يندد هو بفض اعتصامات رابعة,3,Saudi Arabia
2921,اللہم أجعل قلوبنا رقيقہ من خشيٺگ ، جميلہ بذگرڳ ، نقيہ بحبگ ! #مصطفى_حسني,3,Egypt
2922,إياكم و المكر السيئ - معنى هام جداً نحتاجه فى هذه الأيام,0,Egypt
2923,#اعترافات_الطفولة احب كونان واحلم يرجع سينشي ونتزوج,3,Saudi Arabia
2924,#أنتخبوا_العرص سؤال فقيق : أنتخابات الرئاسة القادمة بين السيسي وصباحي عبارة عن تمثيلية؟ لأ دى مسرحية بطولة أتنين واحد #هاشتاج والتاني #مشتاج,3,Egypt
2925,# : شمروخ فى الايد يغنى والنار رمز احتفال وان جيت فى يوم تلومنى مش عالبال # : وتعيش الاولتراس بتحارب على مر السنين #الكورة_للجماهير,3,Egypt
2926,مصر حسمت هويتها منذ مئات السنين بأنها دولة مسلمة وعربية وقبل ذلك بأنها أم الدنيا التى تفتح أذرعتها للجميع وتتواصل مع كل الحضارات #,3,Modern Standard Arabic
2927,782 _ _ _ و انتي طيبة يا حنان و كل الناس بخير :),3,Libya
2928,لسنا ضد من عارض مرسي بل لسنا ضد من دعم الانقلاب لكننا ضد من دعم القتل وفوض القاتل,0,Modern Standard Arabic
2929,تحية تقدير وإعزاز لذلك العبقري الذي اخترع الجبنة الرومي الفكرة جت في دماغه إزاي؟,2,Egypt
2930,#الحقيقة_مباشر_مصر|#انقلاب_3يوليو السيسى المتخابر لخطف أول رئيس منتخب يستعين بحلفائه لدعمه بالسلاح للتصدى للإسلاميين,2,Egypt
2931,هل تستخدم الشرطة غير العسكريين لقمع التظاهرات ولماذا ؟! الأسواني يكتب مقاله بعنوان : متى يرحل مرسي >>,0,Modern Standard Arabic
2932,سيناء علي الخريطة اكبر علامة نصر في التاريخ #تحرير_سيناء,0,Libya
2933,يوم 7/7، يوم هام في مشروع (العلم قوة) وهدفه جذب وتسكين 100 ألف أمي داخل الفصول، في يوم واحد، عن طريق 10 ألاف,2,Oman
2934,لو عايزين إنتاجية الشعب المصري تزيد بشكل ملحوظ خلي الإخوان يدعوا للعصيان المدني أتوقع أغلب الناس هتشتغل شيفتين,0,Egypt
2935,#طرب_تايم #ذكرى ياحبيبي وينك انت وين انا الكمان خرررررافي,2,Yemen
2936,شاهد - آخر كلام: جمعة الغضب لا تزال في الذاكرة #,2,Sudan
2937,القبض على المتحدث باسم حزب #الحرية_والعدالة #محمد_ع,3,Iraq
2938,اهلا وسهلا,2,Lebanon
2939,ألرب واجد,3,Libya
2940,3 شكرا للتعديل,3,Sudan
2941,_: عاجل: القضاء الإداري يقرر وقف الانتخابات البرلمانية، وتحيل القانون إلي المحكمة الدستورية,3,Egypt
2942,#السعودية #الرياض #الامارات #دبي #الجبيل تسويق 11:09:54,2,Saudi Arabia
2943,في #تركيا تعمل الدولة جاهده لتفريغ 300 الف عالم للبحث العلمي للوصول الى عام 2023 وبإشراف مباشر من #اردوغان دققوا التصن,0,Oman
2944,د علاء الأسواني: ما هي آليات التحول الديموقراطي الذي تحيد عنه السلطة الحالية ؟!> أقرأ المقال كاملاً >>,2,Modern Standard Arabic
2945,#ولاد_البلد #المنصورة #مصراوي أهالي #المطرية يتضررون من غرق #شارع #مدرسة النصر ورعاية الأمومة بمياه #الصرف_الصحي,0,Egypt
2946,علاء الأسواني يكتب: الصكوك الإسلامية واحدة من كوارث كتيرة عملها حكم الإخوان فى 6 شهور >>,3,Egypt
2947,الوطن | العزل والرئاسة | عمرو حمزاوي:,3,Egypt
2948,2 ألف شكر,2,Jordan
2949,هل ده يرضي ربنا؟ مقال اليوم إذا آلمك ما فيه بادر إلى رد فعل للإنصاف ورفع الظلم ولو حتى بكلمة لكي لا ينالك وزر الصمت,0,Egypt
2950,تدهور الحالة الصحيّة لعائلات شهداء وجرحى #الثورة المضربين عن الطعام,3,Iraq
2951,لماذا نتمسك بانتخابات تحت اشراف دولي ؟! أقرأ المقال كاملا,0,Algeria
2952,شاهد - الرجل الثالث حمدين صباحي في آخر كلام #,0,Sudan
2953,اليوم السابع | #الببلاوى ووزير الأوقاف ومستشار المشيخة يصلون #الكاتدرائية للتهنئة #أخبار #مصر #اليوم_السابع #,2,Egypt
2954,الجيش يطلق التنوير بجزيرة الرمادي بعد مواجهات عنيفة مع الثوار,2,Iraq
2955,سـلبت مـني المـناامـ و العـقل تـوهتـه #اتجنن,3,Egypt
2956,اعمل ايه ف ال أنا حبيته واللى القلب اختاره #عمرو_دياب,3,Egypt
2957,محمود الجوهري هو القائد الوحيد الذي هتفت بحياته وأفتخر بذلك وهتفت بسقوطه وندمت على ذلكرحم الله محمود الجوهري رحمة واسعة,0,Yemen
2958,من تدليس الاخوان قولهم ان مرسي المعزول ليس مسئولا عن جرائم الشرطة التى تتبعه بنفس المنطق فان مبارك ليس مسئولا عن جرائم العادلي الا تخجلون,3,Yemen
2959,# _ _تحية_الرئيس #انتخبوا_العرص #خليك_مصدق ان #الاخوان ارهابيين بدليل ان مات منهم بعد الانقلاب اكثر من 3الاف,0,Egypt
2960,يامبرراتي ياللي مش مكسوف من نفسكماكانش حد هيفتح بقه لو رئيسك قال من الأول انا مااشتغلتش مع ناسا مباشرة ولاعمري رحتها كنت في جامعتي بس,3,Egypt
2961,اليوم السابع | سلاسل بشرية لأنصار #حمدين_صباحى بـ #السويس لتأييده للرئاسة,0,Egypt
2962,القضاء الطبيعى -من خلال تخصيص دوائر إضافية- يستطيع إنفاذ العدالة دون حاجة لمحاكم استثنائية، عسكرية أو أمن دولة طوارئ # #,0,Egypt
2963,#الشروق | إصابة 10 جنود نتيجة إطلاق مجهولين النار على سيارتي أمن مركزي بالشرقية #,3,Egypt
2964,عاجل ؛ هؤلاء هم أشراف #مصر ، وكلام خطير في صميم #الاخوان !! أنصحكم بسماعه ?,2,Egypt
2965,في أول لقاء تليفزيوني له، حسن هيكل يتنصل من جمال مبارك ويدافع عن هيرميس ويشرح رؤيته لاقتصاد مصر آخر كلام ١١م,3,Egypt
2966,اغلقوا معبر رفح واليوم اغلقوا معبر السلوم فاضل يقفلوا مطار القاهرة ويقفلوا البلد عالرايح والجاى خربوا البلد وبرضو مش عارفين يحكموها,0,Egypt
2967,الأسواني : اذا قارنّا نسبة التحرش الجنسي في السعودية بالدول الأوربية كألمانيا وبريطانيا نفاجأ أن >المقال كاملاً>>,0,Algeria
2968,"بعد رفض ضياء رشوان (قطة النظام) تعديلات الدستور التى تجاهلت مقترحات نقابة الصحفيين, انتظروا فتح قضية قديمة لرشوان او اولاده, هتسكت ولا نذيع",2,Egypt
2969,يعني 4 احزاب اسلامية فقط هي من تصوت على مسودة الدستور الان وان 65 عضو رفضوا اللعبة (من الاصل والاحتياطي),3,Saudi Arabia
2970,أنا راجع من الساحل وسأسعى للحضورًباذن الله الف مبروك,3,Egypt
2971,اشاعة زي غيرها، ما هو موسم شكرا على السؤال عمرو,2,Sudan
2972,المشكلة من زمان لما اكتشفنا الغاز حولنا محطات الكهربا من مازوت لغاز ده كان كويس لان السولار اغلى سبع مرات,3,Egypt
2973,لو خايف على الثورة فعلا ارمي مرسي والجماعة الفاشلة ورا ضهرك وضم على صف الثورة كمواطنغير كده خلي الإرهاب ينفعك ومنك للناس الغضبانة بقى,3,Egypt
2974,في اول جولة الإعادة دعا الأسواني لجبهة تدعم مرسي بشروط الثورة فلما رفض الاخوان شروط الثورة دعا الى المقاطعة ومواقفه كلها منشورة وهو فخور بها,2,Saudi Arabia
2975,السلطات تمنع الكثيرين من محامي اسر الشهداء من حضور محاكمة مبارك المحامون من حقهم حضور المحاكمة ولا ستتحول الى شيء اخر غير المحاكمة,3,Saudi Arabia
2976,الجولة الانتخابية للدكتور عبد المنعم أبو الفتوح أثناء مرورها بموقف الميكروباص بالحي العاشر - مدينة نصر ونقاش حولة,0,Egypt
2977,د البلتاجي مخ,3,Sudan
2978,سبحان المعز المذل قصة علي العريض من السجن إلي وزير داخلية تونس,3,Oman
2979,لا ما عرفش المشكلة إنك بتتكلم عن حمل السلاح على أساس إنه حاجة بسيطة أنا كنت بمشي لما يحصل ضرب طوب أصلاً تقول لي سلاح؟,2,Egypt
2980,#المملكةالعربيةالسعودية #جدة #جده #الرياض #الدمام #الخبر #ينبع #الشرقية #مكة #المدينة_المنورة #راقت_لي [2138449],0,Oman
2981,اهمال إدارة المرافق العامة بما يؤدي لقتل متوالِ للمصريين جريمة تستحق العقاب الجنائي افتقاد الرؤية وبرامج الإصلاح فشل يستحق العقاب السياسي,3,Oman
2982,في طريقي الي التوحيد و النور سمعت من واحد مجرب ان بطاطين النمر كفاءة,3,Libya
2983,لابد من الإسراع بنقل الوعي الانتخابي للمواطنين، الكثير من الناس لا يعلمون القواعد للانتخابات وكيفية اختيار القائمة الحزبية والفردي,3,Modern Standard Arabic
2984,#ماهي #علامات #محبة العبد لربه #المحبة #الحقيقية #الشيخ_حمد_العتيق - #السعودية #الكويت #الامارات #السلفية,3,Saudi Arabia
2985,#محمود درويش,0,Iraq
2986,"الإخوان يعتدون على حفيدة مرشدهم الأسبق ويحطمون سيارتها ""فحتى بيوت رموزهم لم تسلم من قلة الادب""",3,Modern Standard Arabic
2987,يارب يا احمد يا ابن سمير يجيلك زهايمر انت و صلاح سليمان و هانى سعيد علشان تنسو نادى الزمالك ده يين و منشوفش وش اللى جبوكو تانى #زملكاوى,3,Egypt
2988,لمن هذا القانون؟! هل قريبا ستبيعون مصر ونصبح نحن مأجورون في بلادنا؟! وربما نحتاج ( كفيل) #عدلي_منصور #محلب,3,Modern Standard Arabic
2989,#حقيقة و #نصيحة الافكار اللي بتجيلك قبل النوم دي لازمالها ورقة و قلم عشان بجد بتبقى جامدة على المدى البعيد #اه_والله,2,Egypt
2990,الفجوة تزداد بين الشعب وحكامه لا بد من استجابة حاسمة وواضحة لمطالب الثورة,3,Algeria
2991,في يومٍ من الأيام قرر جميع أهل القرية أن يصلوا صلاة الاستسقاء تجمعوا جميعهم للصلاة لكن أحدهم كان يحمل معه مظلة ! تلك هي الثقة فى الله,2,Modern Standard Arabic
2992,غير معقول وجود قوات جيش وصاعقة فى المدارس الصور مرعبة للعالم كله وجايين تقولو عايزين سياحة,3,Egypt
2993,يقبض انصار الاسلام السياسي أموالا مجهولة المصدر ثم يشترون بها الأصوات وعندما ينتقدهم احد يفتحون عليه صفيحة قمامة شتائم يعنى دجل وقلة أدب,3,Modern Standard Arabic
2994,كابوس متى ينتهى,3,Modern Standard Arabic
2995,شوال الفلوس سويرس مشغول اوى اليومين دول بقناة الجزيرة ونازل شتيمة وتريقه فيها وفى ضيوفها خدك بيوجعك اوى ياشوال,3,Egypt
2996,أمي ولك في هذا اليوم دعوه ؛ حفظك الله من كل سوء ياجنتي حفظ الله أمي وأمهاتكم وجميع أمهات المسلمين #عيد_الأم,2,Yemen
2997,تنظيم الاخوان اصبحت اياديهم ملطخة بدماء المصريين #السادة_المحترمون,3,Oman
2998,"حبيبان نحن الى ان ينام القمر ! #جوهرة #محمود درويش """,2,Saudi Arabia
2999,طبيبٌ يداوي الناس وهو عليل قصة مأخوذة من صميم الحياة المصرية إذا صح إعتبارها حياة,3,Egypt
3000,#تحيا_مصر #سأنتخب_السيسي,2,Egypt
3001,لم تعد مصر تحتمل تكرر دوائر العنف والعنف المضاد، ولم تعد أيضا تحتمل التهاوي المرعب في قدرات الدولة,3,Modern Standard Arabic
3002,الفلول والثوار يقولون الان نفس الكلام لكن يجب الا يختلط الامرالثوار ضد الاخوان من اجل الثورة والفلول ضد الاخوان من اجل السلطة لا يلتقيان,0,Oman
3003,اقبال المصريين على التصويت فى الانتخابات ضمانة لبرلمان يعبر عن الشعب ، وانتخاب ممثلين لشباب الثورة ضمانة لبرلمان يستكمل مهام ثورتنا,2,Egypt
3004,الفيديو بتاع وجدي غنيم ريحته #فسسسس,3,Egypt
3005,منتخب مصر لازم يغير الفانلة بتاعتو عشان مش لايقة على شيكابالا,3,Egypt
3006,سوريا ترتكب بها جرائم ضد الإنسانية منذ أن بدأت انتفاضة شعبها الشقيق ومن لحظتها ومصر والعرب والعالم يتخاذلون عن نصرة السوريين,3,Modern Standard Arabic
3007,#مصر مش تكية !!! يا #هاشتاج يا #إبن_المثالية,3,Egypt
3008,#أحمد_موسى ما استطاع الرد على #باسم_يوسف وقد جعله مسخرة المصريين ويتطاول فقط على #الرئيس المنتخب من شعب #مصر,3,Oman
3009,"قرار جمهوري بتعيين رئيس الجمهورية أصدق من انتخابات ""تعبيرية"" مقصور حق الترشح فيها على خمسة أفراد لنقاطع هذا العبث كفانا خداع للشعب",0,Modern Standard Arabic
3010,غزَّة إنتهى صوتها وهي تصّرخ، والجميع في / سُبات مميت !! #غزة_تحت_القصف,3,Jordan
3011,جيش السيسي يهدم بيوتنا؛ لإقامة منطقة عازلة بين سيناء وغزة أين أقنية التصهين؟ لا ورواري العربية يلطم، ولا منتهاه,3,Modern Standard Arabic
3012,الى محمد عمر وأمثاله قبل ايام قليلة انتقدت الاخوان بشدة لجلوسهم مع هيكل وقلت انها خيانة للثورة والثوار والشهداء,3,Saudi Arabia
3013,يوم عظيم على شعب عظيم باذن الله حشود المصريين وهتافاتهم وسلميتهم تحرك الصخر النصر قادم وما النصر الا من عند الله,2,Saudi Arabia
3014,الشرطة تاريخها كله أكاذيب لكن الاخوان لم يصدقوا في حياتهم واكاذيبهم اكثر من الشرطة ولديهم ماكينة تبرير تنكر الشمس الساطعة لابد من تحقيق,3,Oman
3015,جمعية تأسيسية كافرة,3,Syria
3016,شبيسى ليز اللى كان عليه طماطمية كبيرة #مقدرش_انسى,2,Egypt
3017,انا بكره الصبح مسافر ،مدايق وفرحان واحد يقولى الاتنين اقوله اه #افكار_ع_المخده,0,Egypt
3018,من أجمل ماشاهدت في حياتي أكبر نجوم هوليود وهما عالمسرح بيتجمعوا لقراية كتاب هوارد زن عن التاريخ الشعبي لتوصيله للناس,2,Jordan
3019,عمر سليمان قتل و تعذيب المصريين في مبني المخابرات بالوكالة عن أمريكا، و قتل إخواننا الفلسطينيين في غزة,3,Egypt
3020,الصلاة في #الأقصى تعادل ١٠٠٠ صلاة هذا ثواب الصلاة فقط لكن ثواب الوصول والجهاد ومقارعة اليهود لا يماثلها ثواب وأجر,2,Oman
3021,أينما وجد العدل فثم شرع الله,2,Modern Standard Arabic
3022,الجيش والشرطة والحكومة والبلطجية والاعلام يلاحقون الشعب لايقافه لو انتم رجالة بصحيح اوقفوا ارتفاع الاسعار الاسعار تقفز بجنون,3,Yemen
3023,لو جيش او شرطه او انصار سيسى يبقى فى داهيه #مصر_الليلة,3,Egypt
3024,ما يجرى فى سيناء إرهاب يروح ضحيته عشرات الشهداء وخيانة لأمننا القومى ، وما يجرى فى رابعة والنهضة ظهير سياسى له,3,Egypt
3025,بدون استعادة الأمن وتصحيح المسار سنظل ندور حول انفسنا غارقين فى الصغائر غافلين عن التدهور الإقتصادى والإستقطاب الإجتماعى,3,Egypt
3026,تحية لأبطال اكتوبر وللشعب الذى ساند قواته المسلحة حتى حقق ملحمة العبور العظيم ، هذا الشعب القادر على تحقيق المعجزات سوف يحقق أهداف ثورته,2,Modern Standard Arabic
3027,#يقين|#شاهد|#فيديو| حكومة الببلاوي ومحلب اعطو شرعية قانونية للفاسدين ولم يعزلو فاسد واحد,3,Iraq
3028,النادي الاهلي هو النادي الرسمي للدولة #المادة_لاولى,2,Egypt
3029,قرارات مرسي إهانة للذات الشعبية والقضائية من اجل الذات الإخوانية,3,Egypt
3030,لكل عملة وجهان الانقلاب الدموى قتل واصاب واعتقل مائة الف مصرى لكنه كشف المعدن الحقيقي لاعظم شعوب الدنيا شاهده العالم باعجاب اليوم,0,Egypt
3031,رئيس المجلس الاعلى للقضاء الحالى من رموز استقلال القضاء وقد صنع مشروعا عظيما مع المستشار احمد مكي من اجل استقلال القضاء الواجب مساندته,2,Egypt
3032,انتظروا ثورة الجياع قريبا جدا #مصر_الليلة,3,Egypt
3033,اجمع ٣ اعلانات دستوريه واحصل علي طائر النهضه مجانا ٠٠ هذا العرض ساري حتي ١٥ديسمبر,3,Yemen
3034,نحن امام انهيار لشرعية المجلس الأعلى للقوات المسلحة,3,Sudan
3035,لما قالها #البرادعى بقى خاين وعميل يقولها #السيسي يبقى البطل العظيم يا سلام على شعبنا لما يعرص,0,Egypt
3036,#عن إحساس إنك تكون في الشارع والنهار يشقشق والنور يملا الدنيا كلها ^_^,2,Egypt
3037,الانقلاب حرق برادعى وصباحى ابو الفتوح وحزب النور الضحية القادمة من عيار ثقيل,3,Egypt
3038,محدش عندو #ضحكة سلف ! :( :- :-,3,Egypt
3039,أرفض تكليف أي مسئول من الفترة الإنتقامية السابقة,3,Egypt
3040,باحييكي من كل قلبي على الكتاب الرائع المهم الجميل والغني بتفاصيله الحزينة والموجعة والمدهشةلو كان عصير الكتب موجود كنت احتفلت بيه,3,Jordan
3041,الجحش بس هو الي يبقي فاكر ان تأييد #شفيق ثم #عمر_سليمان و رجوعاً لشفيق تاني ثم #السيسي من ابناء #مبارك و فلول البلد صدفة,3,Libya
3042,عبد_الرحيم_علي: 30 ديسمبر القادم سيشهد اختفاء #باسم_يوسف من الساحة الإعلامية #باسم_طلع_حرامي,3,Egypt
3043,برميل السيسى يحكى أن سهرة رمضانية جمعت بين السيسى وعدد من الانقلابيين ، القذافى وصدام وعبد الناصر,3,Egypt
3044,رجال الاعمال اللصوص باعوا اسهمهم من بورصة القاهرة لبورصة لندن وحولوا ارصدتهم لبنوك عالمية بيهدموا البلد بعد ما خربوها بالانقلاب,3,Egypt
3045,أهنئ الأساتذة والزملاء الأفاضل مؤسسى حزب الدستور، بمولودهم الجديد،اتمنى ان يكون اضافة حقيقية للحياة السياسية،وقوة دافعة لتحقيق اهداف الثورة,2,Egypt
3046,هو المتقاعد #حمدي_قنديل هيظهر قبل كل انتخابات يلبسنا في الحيط بس ولا ايه؟ هو افتكرنا نسينا دعمه و مساندته مرسي,3,Egypt
3047,"إقالة لبيب السباعى من الطب الشرعى وتعيين د إحسان كميل جورجي بدلاً منه"" الى مزبلة التاريخ وشكرا",3,Egypt
3048,#السيسي عروسة في إيدين #المجلس_العسكري,3,Egypt
3049,ألغيت المسيرات للميادين الخطرة كالتحرير و رمسيس فإذا بهم يقتلون الأطفال بالرصاص الحي في عباس العقاد و يدهسونهم بالمدرعات,3,Modern Standard Arabic
3050,بكرة احسن ولسة في امل,2,Egypt
3051,بعد تدمير الانقلاب لقرية دلجا فى المنيا دمروا وأحرقوا وسرقوا قرية العتامنة فى سوهاج انتظروا غضب الصعيد,3,Egypt
3052,مصر دوله اوضتين وصاله اوضه للمشير واوضه للمرشد والشعب ينام ف الصاله #المادة_لاولى,3,Egypt
3053,بتفرح اووي لما #تبقى انت السبب في #ضحكة حد انت بتعشقه :),2,Egypt
3054,التعامل الأمنى العنيف مع المتظاهرين وأداء الإعلام الحكومي يعيدنا لأجواء ماقبل الثورة,3,Egypt
3055,تحسبهم جميعا وقلوبهم شتى فهم لا يتوحدون إلا على قمع حريات الآخرين فقط,3,Modern Standard Arabic
3056,مقال رائع لخالد منتصر,2,Saudi Arabia
3057,اليوم اختبار حقيقي لمجلس الشعب اما ان يكون على مستوى المسئولية فيكتسب الشرعية و احترام الناس وأمان ان يتواطا مع العسكري فيخسر كل شيء,0,Tunisia
3058,#مرسي_رئيسي #انتخبوا_العرص,0,Egypt
3059,من تكريم الله للمرأة أن خصها بالذكر في كتابه وجعلها أول من سَعى،وأول من أسلم،وأول شهيدة وكلها أولويات رفعت من قدرها و شأنها,2,Saudi Arabia
3060,عن الروقان اللي كانت فيه #دينا_الوديدي فـ اغنيه وحده خيااااال,2,Egypt
3061,وطبعاً لما الداخلية تحتل المدارس لتهاجم الشعب بالموليتوف والرخام ويكسروا عفش المدرسة عشان يحدفوه على الناس كده الدولة هيبة ونحس بأمان,3,Egypt
3062,الرضا بماا كتبه الله لك~ يجعل لك الحياة كما تريد,2,Oman
3063,الابراشى ينتخب الشيطان لو نافس الاخوان وينتخبه لو دخل ضد الرسول الشيطان لازم ينتخب الى زيه,3,Egypt
3064,لو حد قال بعد كدا الإخوان مصريين أوفصيل وطنى لازم يتحاكم بتهمة الخيانة أو الغباء!!,3,Egypt
3065,نحن ندفع الأمل فى عقول و قلوب المصريين,2,Sudan
3066,قتلوا وحرقوا وأصابوا واعتقلوا ولاحقوا وطردوا واهانوا وشوهوا كل الشرفاء، كلنا غداً في الشارع احشد ٣٠ أغسطس لإسقاط الانقلاب,3,Egypt
3067,هل من الممنوع ان يوجه احد انتقادا لقرارت المجلس العسكري الا يكفى العسكري كل هذا النفاق الرخيص في الاعلام الحكومي الثورة تحتاج جولة اخرى,3,Yemen
3068,خُلقت مبرءاً من كل عيبٍ ،، كأنك قد خُلقت كما تشاء #سيدنا_النبي,2,Saudi Arabia
3069,اسمه #مرار_طافح ولسة ولسة هو احنا شوفنا حاجة :(,3,Egypt
3070,لو اجتمع غضب الانس والجن على دولة ما فعل بها من كوارث وجرائم وحوادث مثلما يفعل الانقلاب بمصر شياطين شياطين,3,Saudi Arabia
3071,#فيفي_عبده_الام_المثالية اصلا صارت كلمة مثاليه الحين سبه عجبكم كذا طيب امشي يابن المثاليه,3,Yemen
3072,الواحد كل لما يركب مترو ويجي ينزل منه بيبقي نفسه يكتب ع المترو وهو خارج البؤساء,3,Egypt
3073,#عدلى_منصور :مصر أخلصت فى الحرب والسلام سلام المنتصرين وأخلصت للسلام الذي التزم به الطرف الأخر,2,Egypt
3074,#اسكندرية : محطة الرمل زمان أو دلوقت دايما جميلة :),2,Egypt
3075,البوء المعفن ده انا سمعته فين قبل كدا !,3,Saudi Arabia
3076,أم حامد ابو حامد الاخت الى بتبوس ايد البابا بتهاجم وزير الداخلية وبتهدده بأمارة أيه يا بطوطة,3,Egypt
3077,تجاهل مبارك للفقراء لم يكن نابعا عن إهمال فقط وإنما فلسفة تقوم على احتقار الفقراء لأنهم فشلوا فى الثراء,3,Egypt
3078,إبراهيم عيسى قلم شجاع وضمير يقظ وعلامة بارزة فى تاريخ المهنة تحية له ولفريق الدستور وستبقى حرية الصحافة فى مصر ثمرة مستحقة لنضال الصحفيين,2,Egypt
3079,#علامات: من علامات موت القلب عدم الحزن على مافات وعدم الفرح على ماهو آت,3,Oman
3080,من النهارده هتبتدي كل الوساخات اللي كان نظام مبارك بيرددها عن هيكل تتردد على ألسنة الإخوان وأنصارهم للإنتقام من كلامه عن فشل مرسي وجماعته,3,Egypt
3081,لا يوجد تيار بقوة هذا الشعب العظيم الذي قام بالثوره,2,Modern Standard Arabic
3082,كم هى حقيرة الشمطاء ميرفت التلاوى عدوة الاسلام تسخر من الاسلاميين لاختيار 2 فقط في لجنة الدستور قالت:احمدوا ربنا اننا عبرناكم,3,Sudan
3083,وبإذن الله لن يكون للفكر الصفوي الضال أي تواجد في ارض مصر,3,Yemen
3084,"التغييرلن ياتى الا بواسطة الشباب الحق معكم, المصداقية لديكم و المستقبل امانة فى ايديكم معا سنغير",2,Modern Standard Arabic
3085,اي أمرأة تصنع الحب والايثار والاهتمام والعطف والحنان مؤهلة ان تصبح أم مثالية,2,Oman
3086,جووووووووول #زمااااااااالك #دومينيك,2,Egypt
3087,قذارة الانسان تكمن فى سكوته على وساخة ماحوله من اشخاص عن #حمدين_صباحى اتحدث,3,Egypt
3088,اليوم انتصار للإسلام,2,Morocco
3089,التحريض و خطاب الكراهية و المتاجرة بالدين ليست حرية رأي بل جريمة يدفع الوطن ثمنها في الشارع الآن هذه قنوات فتنة و ليست دينية,3,Modern Standard Arabic
3090,ال ع الشمال ده زييت #باسم_عودة الإرهابي أما ال ع اليمين ده زيت الإستقراااااااااااااااااااارررررررر #هز_ديلك,3,Egypt
3091,بسمة أمل من المستشفى - إسعاد غيرك إسعاد لنفسك,2,Egypt
3092,"اعلام العار قلب الدنيا صراخا على خسارة المنتخب من غانا ولم ينطق على دهس سيارة للطلاب امام جامعة الازهر, شياطين فى صورة مذيعين",3,Egypt
3093,#الديمقراطية صنعها الغرب للتحكم فى الدول المتخلفة بأبواق متعددة مثلك انت و #توكل_كرمان لاحتلالها وزرع قواعدة فيها ولا يطبقها الغرب في بلادة,3,Yemen
3094,شفت السماء فوقك ؟ تخيل مداها ، بنجومها ، بأجرامها باللي فيها ! واللي خلقها من عدم واحتواها إني احبك حُب غطّى عليها #تخيل,2,Yemen
3095,#عادل امام معاهم معاهم عليهم عليهم,3,Egypt
3096,اخبار صباحية هبوط البورصة اليومى وتراجع مؤشرها الرئيسي وخسائرالمستثمرين الباهظة بكره تشوفو مصر,3,Egypt
3097,زول فى الشارع للبنت و كمية شده الاعصاب اللى بتقابلها يجيب الف مشكلة نفسيه فى حد ذاته ! #مصر #تحرش,3,Sudan
3098,إنتا فرحة جات لِ عندي بعد دنيا من التعب السعادة إللي بعشها يَ حبيبي إنتا السبب ضحگتك عقلك جنونك والحنان إللي في عيونك #شير,2,Egypt
3099,"الإسلام شيء غير هذا المعنى الذي أراد خصومه أن يحصروه فيه, الإسلام عقيدة وعبادة ووطن وجنسية وسماحة وقوة وخلق ومادة وثقافة",2,Modern Standard Arabic
3100,بالفيديو يوسف الحسيني بيهزق الحكومة انتوا حكومه بلاميطي,3,Egypt
3101,#هناك_مكان_اسفل_الجحيم للي بيتفرجوا على #فيفي_عبده,3,Egypt
3102,كلامي لم يتغير من يستغلون الإسلام سياسيا هم من صاروا أكثر كذبا و فحشا,3,Algeria
3103,أفضل لاعب يالعالم يرد على المشككين بهدف آخر من ماركة #رونالدو و يعلن نفسه من الشهر الرابع أقوى المرشحين للكرة الذهبية,2,Algeria
3104,إدارة مكتبة اسكندرية الوسخة فصلت #عمر_حاذق المعتقل في مظاهرات محاكمة قتلة #خالد_سعيد #الحرية_للجدعان,3,Egypt
3105,قصه قصيرة : عرف ربه فأحبه فعاش سعيداً,2,Egypt
3106,انا #مسلم وبفتخر,2,Jordan
3107,هدى عبد الناصر تدعو الى انتخاب احمد شفيق في مقال بالأهرام يا دكتورة هدى الا ترين الدماء على يد مرشحك ما ابعدك عن مباديء أبيك يا خسارة,3,Modern Standard Arabic
3108,#ميلان يعيش مهزلة ادارية ليس لها مثيل بتاريخه ميلان الى المجهـول ميلان الى الهاوية ميلان الى الدمار #ميلانستا,3,Oman
3109,#هننضف_لو بطلنا نحكم على الناس من شكلهم و لبسهم و تمن خروجاتهم و انهم بيعرفوا انجلش ولا !,3,Egypt
3110,"علاقة الانقلاب بالامارات والسعودية والمساعدات مثل البلطجى وسكان الحارة والفتوة والاتاوة, اذا الحارة مادفعتش",3,Yemen
3111,#انتخبوا_العرص بقت مكتوبة ف كل شوارع #مصر,3,Egypt
3112,عزيزي #ابراهيم_محلب تغطية عجز الموازنه بزيادة الاسعار سياسة المسئول الفاشل قليل الحيله,3,Yemen
3113,الثائر الحر #عصام_سلطان معتقل في سجون الانقلاب عصام سلطان مش رقم #انا_مش_رقم,0,Egypt
3114,اختيار الدكتور عمرو خالد، ضمن أكثر 10 شخصيات تأثيرًا في العمل الاجتماعي في مصر لعام 2012,2,Oman
3115,من الطبيعي أن تتناثر الإتهامات والتشنيعات والشتائم والرصاصات في كل إتجاه إذا كان رأس الدولة عاجزا عن إتخاذ القرار,3,Modern Standard Arabic
3116,بالصور كارثة عقارية جديدة بالاسكندرية عقار جديد يميل بدرجة 10 سم و يهدد العقارات المجاروة,3,Saudi Arabia
3117,#دعوه_للتفاؤل الحياة بتفاؤل و امل,2,Egypt
3118,أحبك الذي أحببتنى فيه :),2,Modern Standard Arabic
3119,ابتسم فإن هناك من يحبك يعتني بك يحميك ينصرك يسمعك يراك هو الرحمن الرحيم,2,Modern Standard Arabic
3120,#نفسي اوى اشوف مسلسل #يوميات_ونيس :),2,Egypt
3121,هل عرفتم كيف كان يتجول الكلب #حازم_عبد_العظيم باريحية فى يده المولوتوف والحجارة عند قصر #مرسى ؟ عصابة #السيسى كبيرة #انتخبوا_العرص اليهودى,3,Egypt
3122,انت الوحيد اللي قلبي يبتسم لحكيك من جماله,2,Saudi Arabia
3123,لمصر شعب يحميها رب أجعل هذا البلد آمنا مطمئنا,2,Modern Standard Arabic
3124,سيادة الرئيس، أنا أحترمك بقدر احترامك للمحكمة الدستورية,2,Egypt
3125,اخلاء سبيل قتلة الأربع بنات بتوع المنصورة، عجبا ! يفرج عن متهم في جريمة قتل بكفالة، ويعتقل غيره بدون جريرة,3,Sudan
3126,مايكل أوين: أعتقد أن أعظم لاعب لعب لـ ريال مدريد في كل العصور هو كريستيانو رونالدو، يليه بوشكاش #اسطورة,2,Sudan
3127,عايز اقولك بحبك من زمان جدا #محمد_محسن,2,Egypt
3128,تحية لشباب ٦ إبريل على جهدهم غير المسبوق في توعية الشعب من خطر عودة الفلول ؛ وتحية أخرى لهم على الحملة الرائعة (:,2,Modern Standard Arabic
3129,تحية لرئيس جمهورية فنزويلا الذي انحاز بقرار إعادة سفير بلاده للقاهرة لثورة مصر وارادة شعبها وأكد على متانة وعمق العلاقات بين الشعبين,2,Modern Standard Arabic
3130,مصر لشعبها وليست لسويرس والعسكر مصر لن تنام الا عندما تعود الشرعية لن تحكموها أبدا بالرصاص والحديد والنار,3,Modern Standard Arabic
3131,"الانقلاب معه الرصاص والنار والغاز والتعذيب والضرب والسجن والمال والاعلام والجهلاء والجبناء, الشعب وحده سيسقطهم جميعا بالسلمية",3,Yemen
3132,من لا يعرف قدر المستشار مكي وقضاة الاستقلال الأجلاء عليه ان يعود الى معركتهم العظيمة في عام 2005 ضد نظام مبارك ليعرف دورهم التاريخي للوطن,2,Modern Standard Arabic
3133,سخيفة #فيفى_عبده,3,Egypt
3134,عندما يصبح المرشّحون لانتخابات #مصر يخافون من #برنامج_البرنامج و #باسم_يوسف فأعلم انّك في #ثورة_مزعومة و#حريّة_كاذبة,3,Modern Standard Arabic
3135,خلق جميل ثقافة الحوار وتقبل الرأي الاخر,2,Iraq
3136,الصفحة الرسمية لصناع الحياة مصر تهنئكم بقدوم عيد الفطر المبارك كل عام وانتم بخير,2,Modern Standard Arabic
3137,الأ مل هو تلك النافذه الصغيرة التي مهما صغر حجمها إلا أنها تفتح آفاقا واسعة في الحياة,2,Modern Standard Arabic
3138,#حاجات_بتفرح_في_مصر الناس الكبيره في السن اللي بتدعيلك لمجرد انك رديت سؤالهم بأدب او عديتهم الطريق,2,Egypt
3139,كلية استغفر الله العظيم المعيدين عايزين يعملوا فيها دكاترة وبيشتغلوا علي مزاجهم #فنون_تطبيقية #دمياط,3,Egypt
3140,اذا عرفنا ان الذين اتخذوا قرار فض الاعتصام بالقوة لا يؤمنون باليوم الاخر ولا بالجنة ولا بالنار استراح عقلنا المندهش,3,Saudi Arabia
3141,صورة تجمع الساخر العظيم محمود السعدني و الاخ الأصغر الفنان صلاح السعدني,2,Saudi Arabia
3142,فاتورة فودافون الشهر ده أوووووووووفر!!!!! ايه ده؟ ده أنا لو فاتح خطي على الصين ما تجييش نص المبلغ ده طب مش دافع!,3,Egypt
3143,كل من ينزل مظاهرة بسلاح أيا كان انتماءه السياسي هو مشروع قاتل يجب محاكمته,3,Modern Standard Arabic
3144,نهنئ الشعب المصري والأمة العربية بشهر رمضان وليكن هذا الشهر فرصة للمصالحة ولتوحيد الصف وحقن الدماء,2,Modern Standard Arabic
3145,شعب مصر الالفية واع وشجاع ولا يخدعه الاعلام ليس هو شعب جمال عبد الناصر الذى خدعوه بهيكل واعلامه,0,Modern Standard Arabic
3146,ازاى ملكش دعوة بلبس البنت البنت اللى بتلبس لبس ديق هى اللى بتتحرش بالراجل,3,Egypt
3147,تسلم الايادي يا جيش بلادي و يا شعب بلادي #تحرير_سيناء من الصهاينه + الاخوان,2,Libya
3148,لدي رغبة عارمة في الانتقام لو جاءتني الفرصة سأكون اكثر شراسة منهم #اعترافات_ليلية,3,Modern Standard Arabic
3149,مصطفي بكرى النموذج الكامل للبيادة,3,Sudan
3150,12 مليون مصرى لم يدفعوا فاتورة الكهرباء الانقلاب ساقط اصبروا وثابروا واحشدوا واهتفوا سلميتنا سلاحنا,3,Egypt
3151,ناقوس خطر ينبغي أن يدق لدولة متراخية باتت مؤسساتها محدودة الفاعلية,3,Modern Standard Arabic
3152,"دولة #القانون #القضاء_الشامخ أوبهة سجن 42 متهما ما بين3 إلى23 عاما بتهمة""التظاهر وقطع الطريق""بالمنيا #مصر #الثورة",3,Egypt
3153,ساويرس يطالب بمنع المظاهرات منتهى الوقاحة من احد اكبر اللصوص فى تاريخ مصر,3,Egypt
3154,نزلنا نأييدك ومفيش حاجة اتغيرت وبقينا مسخة للعالم,3,Egypt
3155,#مصر #السيسي تنتكس وتعود للعصر الحجري وحكم الغاب يحزنني حال الذين يدعمون هذه الهمجية والنازية الجديدة #مرسي #السعودية,3,Modern Standard Arabic
3156,عندما تشاهد المتسولين والذين يقتاتون من صناديق القمامة فأعلم ان هناك نظام قمعي فاسد يحكمهم #انتخبوا_العرص,3,Modern Standard Arabic
3157,مش مهم المسمي اسمها ثوره، هوجه، موجه، وكسه، نكسه المهم ان الموت و الفقر و الخسائر هما اهم انجازتها #يناير,3,Egypt
3158,حامدين، راضين، عليك متوكلين لك الحمّد #ربنا ف آتمم نعمتك علينا وعافيتك وسترك وآسعدنا في الدنيا والاخره,2,Egypt
3159,ماحدش من معارضي مرسي متصور إنه هيفرض على الشعب رئيس غيره بعضهم انتخبوه بس شافوه كذب وأسال دم ولازم يعتذر ويلتزم بوعوده أو يرحل ويحقن الدماء,3,Egypt
3160,مصر تعيش وضع مأساوي أوصال الدولة تتفكك والعنف في إزدياد النظام بشكله الحالي عاجز عن إدارة البلاد لابد من المراجعة الجذرية قبل فوات الأوان,3,Modern Standard Arabic
3161,صحيفة الجارديان البريطانية التى وصفها المسلمانى الانقلابي الخائن بالكذب توجت الأسبوع الماضي بجائزة فرونت لاين كلوب,0,Modern Standard Arabic
3162,أخص بالشكر د محمد البلتاجى الذى المت به أزمة صحية لجهوده فى تجميع الصف الوطنى لتأسيسية الدستور وأسألكم الدعاء لرجل وطنى بحق,2,Egypt
3163,طيب اذونات الخزانة اللي الحكومة بتبيعها، مش دي ربا؟ طب الدين الداخلي، و المشروعات الممولة من البنك اللي عليها فايدة ولسه,3,Egypt
3164,اللجنة التأسيسية باطلة والاعلان الدستوري باطل والدستور نفسه باطل والاستفتاء سيكون باطلا أقسمتم على طاعة المرشد ونحن أقسمنا على حماية الثورة,3,Modern Standard Arabic
3165,الانقلابي جورج اسحق يشكو من تعسف الانقلاب انت لسه شفت حاجة بكره تبكى بدل الدموع دم وتقول ولا يوم من ايامك يا مرسي,3,Yemen
3166,مذبحة جديدة بحق السعوديين الأبرياء نُفذت في #الغوطة_الشرقية على يد #الحرس_الجمهوري الأسدي الظالم فأين أنتم يا مسلمين #وا_معتصماه,3,Modern Standard Arabic
3167,قرار انسحاب البرادعي خاطىء وتوقيته خاطىء #السادة_المحترمون,3,Egypt
3168,عندى قمر بسهر معاه :) عندى معاد وحبيبى لغاه :( #كاريوكى,2,Egypt
3169,وفشلت #ثورة_الانترنت زي ما فشلت ثورات كتير,3,Egypt
3170,رحم الله الحاضر الغائب أيقونة النضال الفلسطينى محمود درويش ، تحية ودعاء فى ذكراه,2,Egypt
3171,أكبر خسارة خسرناها في ظل نظام مبارك هي الثروة البشرية,3,Modern Standard Arabic
3172,فى #عظمتك ملقتش كتييييير #بتكسب و تفرح #الملايين #الاهلى,2,Egypt
3173,أعظم ما تعلمته من نظام الرئيس مبارك هو كيف ينهزم وطن دون أن يحارب وكيف يتحلل مجتمع دون أن يموت #جلال_عامر,0,Modern Standard Arabic
3174,#في_عالم_موازي اي خول من دول يتمسك فى الشارع يقلع ملط و يركب الحمار بلشقلوب و نزفه ف العشوائيات,3,Egypt
3175,متعودتش اشوف ف الناس غير الجمال #حمزة_نمرة,2,Egypt
3176,عام و انتم بخير تعرفوا علي مظاهر فرحه عيد الفطر المبارك من خلال البوم صور العيد من جميع انحاء العالم,2,Algeria
3177,بسمة أمل جديدة مع لذة العطاء,2,Algeria
3178,"#محافظ_القاهرة: إزالة العقارات المخالفة بالقرب من ""#المحكمة_الدستورية"" لحماية المواطنين",2,Egypt
3179,مصر تواجه صعوبات شديدة لشراء الوقود مع سحب البنوك للغطاء الائتماني وفرض أقساط تأمينية عالية,3,Modern Standard Arabic
3180,فخور أني مصري اولا و اخيرا,2,Saudi Arabia
3181,مين بين كل الناس اللي اتصدمت في تأييدهم للسيسي صدمتي في #حمدي_قنديل لا توصف!! وتأكيد على مبدأ: #أوعى_تتفاجيء !!,3,Egypt
3182,يا شعب مصر العظيم أيها القائد والمعلم ؛ كم أنا فخور بشرف الانتماء لك,2,Modern Standard Arabic
3183,بالنسبة لقناة #فلول و الحاجة #سما_المصري اللي صدعونا بخبر القبض عليها وتراخيص وحوارات القناة لسه شغالة هو كان فيلم هندي عشان يتشهرو اكتر,3,Egypt
3184,الغريب في #يوسف_الحسيني انه بينتقد #ياسر_برهامي و هو اكبر برهامي انا شفته في حياتي #مصر,3,Egypt
3185,#السعاده ؟ ان تجد روحآ تشبهك بكل شي,2,Iraq
3186,#الهولوكوست أبشع جريمة في التاريخ الحديث!صوتي يا انشراح على اساس ان اللي بيحصل للفلسطينيين مش مكفيه,3,Egypt
3187,جميل : ان يكتشفوا حسن نوايك تجاههم بعد ظنهم السيئ وعجيب:انت تكتشف سود نواياهم وانت تعتقد انها بيضاء #بقلمي #يوسف,0,Saudi Arabia
3188,"احضن اللى بتحبه "" بكلامك "" ^_^ ! - قوله كلمة حلوة #فجأة :"") !",2,Egypt
3189,حينما ينتصر الشعب ويشرق شمس الحرية بعد هذه الغيوم الانقلابيه يمكن ان يسترد ما سرق من #ثورة_يناير,0,Libya
3190,"تحية لصحفيي الدستور وشبابه في اعتصامهم من أجل حق الشعب في صحافة حرة، ولتمسكهم بقائدهم الوطني إبراهيم عيسى و""بالدستور"" كصحيفة مستقلة",2,Modern Standard Arabic
3191,المسلمانى أغلي متحدث إعلامى للرئيس وأشهر كذاب ومنافق ومضلل ومحرض تحول الى قليل الأدب ووضع معارضي الجيش في سلة القمامة كلام زبالة,3,Sudan
3192,هذه هي نهاية الغطرسة و العناد مرسي سقطت شرعيته منذ ديسمبر على الإخوان الآن أن يضحوا بخيرت الشاطر ويقننوا وجودهم ويظلوا في حجمهم الطبيعي,3,Modern Standard Arabic
3193,بنات عمارة انت الامل فى العيون #بنات_هندسة,2,Egypt
3194,ماذا فعلت بمصرنا الغالية ياسيسي؟ ماذا فعلت بازهرنا الشريف يا طيب؟ 12 الف طالب ماليزى يرفضون اكمال تعليمهم,3,Saudi Arabia
3195,القائمة السوداء: بعض شيوخ الفضائيات الدينية الذين روجوا لأكذوبة اني ماسوني وأضافوا اليها بهائي وغيرها من الأكاذيب أيضا بحق ليبراليين آخرين,3,Iraq
3196,التحرش الجنسي ظاهرة لا توجد الا في مجتمع همجي مختل القيم الدين عقيدة ومعاملة وليس فقط طقوس وشعارات يجب أن ترقي العقوبة الي مستوي الجريمة,3,Sudan
3197,#شكرا_قطر دولة كسبت إحترام الشرفاء بمواقفها وذكائها من خلال وقوفها مع الشعوب فالكل زائلون ومن يبقى الشعوب,2,Egypt
3198,الارهاب لادين له ولا ارض #الارهاب سوس ينخر فى عظام الوطن وجب علينا جميعا محاربته,3,Egypt
3199,كلما رأيت أطفالا مشردين ، جائعين ، محاصرين ، لاجئين ، نازحين ، أشعر بالخيانة ، الخيانة فقط #سوريا #أطفال_سوريا,3,Modern Standard Arabic
3200,#ا هلى هو اللى دايما مفرحنى الحمد لله على نعمة انى #أهلاوى,2,Egypt
3201,آن الأوان ترحلي يادولة العكاكين,3,Yemen
3202,بعد فضيحة التعاقد مع شركة اسرائيلية لحماية قناة السويس مصطفى بكرى يؤلف كتابا عن دور الاخوان فى المهزلة,3,Egypt
3203,ثلاثين يونيو موجة ثورية ضد الفاشل مرسي والجماعة الكذابة ما أرفضه هو القمع والعقاب الجماعي كفاية كذب وخداع للنفس,3,Modern Standard Arabic
3204,الشوكولاته والقهوه ، فيروز وحليم ، الشتا والليل ، وانت #حاجات_بتفرح,2,Egypt
3205,تدوينة رائعة من خالد بهي الدين ترد على أكاذيب نظام مبارك جماعة الإخوان الكذابين لن تسقط بترويج الأكاذيب عنها,0,Modern Standard Arabic
3206,#خلق_جميل الاحسان الى الجار,2,Iraq
3207,مداخلة نجيب ساويرس مع الإبراشيي وتعليقه على إستقالة دالبرادعي وأحداث مصر,2,Egypt
3208,#سيدنا_النبي كان طيب الرائحة، وإذا صافحه أحد ظل بيده عطره سائر اليوم صلى الله عليك يا سيدي يا رسول الله,2,Modern Standard Arabic
3209,"صوره جميله لعشب استاد #الامارات ! #ارسنال """,2,Yemen
3210,مبرووووك ل#سواريز فاز بجائزة #أوسكار بعد آدائه الرائع في عدت #أفلام !,2,Algeria
3211,الاخوان سيضاعفون اعتصاماتهم الإجرامية وغاراتهم المسلحة لأنهم تحت حماية امريكا وحكومتنا تتفرج وتحدثناعن اهمية التسامح طبقوا القانون اوارحلوا,3,Yemen
3212,البنزين دونت ميكس ويذ الكحول زي الضمير دونت ميكس ويذ الإخوان مرسي اول انجليش مرسي اول ذي تايم,3,Tunisia
3213,الحكومة الحالية غير قادرة على إتخاذ قرارات وهي حكومة مرتعشة,3,Jordan
3214,حكومة #مصر توافق على ترخيص 50 قناة تنصيرية بينما تغلق 20 قناة إسلامية! التنصير أحسن من الإخوان!,3,Modern Standard Arabic
3215,بعض الناس ينطبق عليهم القول لو أمطرت السماء حرية هناك عبيد سترفع الشمسية !!,3,Sudan
3216,اقرا ؟ خطر مشاهدة الافلام الاباحية _تفتك الدماغ,3,Tunisia
3217,ذكرى استعادة #سيناء ستمثل عيدا للعسكرية والدبلوماسية المصرية,2,Modern Standard Arabic
3218,"ما يقال عن صدور ""مذكرة تفسيرية"" للإعلان الدستوري ""ضحك على الذقون",3,Oman
3219,بالفيديو عاكشة: والله هيفاء وهبى ست مش طرية واللى يتجوزها يبقى خد خازوق #مصر #توفيق_عكاشة,3,Egypt
3220,مرسى لم يعد رئيسًا لخروجه على الشرعية وقراراته غير ثورية,3,Egypt
3221,والغاز مش مدعوم يا إنسان؟ وماذا عن الأسمنت والحديد والأسمدة؟ واضح أنك تفهم أقل من الحيوان,3,Modern Standard Arabic
3222,اغلاق كل الساحات والميادين الكبرى لمنع صلاة العيد وصمة عار على الانقلاب وحسابهم فى الاخرة عسير,3,Egypt
3223,#هتحبك_لو صحتها من النوم علشان تقولها بحبك ;),2,Egypt
3224,كل شى كتبته غلط كل شى حسبته غلط فى #الامتحانات,3,Egypt
