Sentence_id,sentence,,,,,,,
1,صفحة يما بديش أتجوز,,,,,,,
2,ما هو حال النت عندكن ? ? ? ?,,,,,,,
3,"للازكياء فقط ما هو الجواب ? ? ? ?",,,,,,,
4,اي اكتر شي بتستخدموا لتروحوا على المدرسة,,,,,,,
5,او الجامعة ? ? ? ? ?,,,,,,,
6,شو اسم هاد السلاح عندكن ? ? ? ? ? ?,,,,,,,
7,في اربع رجال فتحوا سوبر ماركت وحطوا كل دور فيه كاشير دخل زبون بدو جاج رد عليه الرجل قال : حي ولا ميت قال الزبون ميت فقله الرجل روح الدور الثاني راح الدور التاني قال : بدي دجاج ميت فقال الرجل مبرد ولا مثلج رد الزبون مبرد فقال الرجل له روح الدور الثالث فراح الدور الثالث قال بدي دجاج ميت و مبرد فقال الرجل بكياس ولا بدون كياس قال : لزبون بكيا قلوا روح الدور الرابع راح على الدور الرابع وقال : بدي جاج ميت مبرد بكياس فقاله الرجل اصلا ما عندنا دجاج قلوا بس شلون النظام,,,,,,,
8,هههههههههههههه,,,,,,,
9,غبي صدمته سيارة وحصل ع تعويض 50 الف . راح قدام القطار . . وهو بيضحك قال اخبط يابو الملايين اخبط,,,,,,,
10,الاستاز بيحكي لطلاب : الحاسس حالوا غبي يواف فواف ولد,,,,,,,
11,الاستاز : ليش حاسس حالك غبي الطالب : اشفقت عليك اضل واقف لحالك,,,,,,,
12,ههههههه,,,,,,,
13,وحده ضاعت شنطتها راحت تبلغ الشرطه قالولها ولا يهمك روحي البيت وحنا بنطلع الشنطة من تحت الارض وهي رايحه شافت بالشارع عمال البلديه يحفرون قالت لهم شدوا حيلكم ترى لون الشنطة بني,,,,,,,
14,ههههههههه,,,,,,,
15,قال غبي لاغبى منه : لو عرفت ايش داخل الكيس اعطيك منه سمكه قال الاغبى منه : بحر,,,,,,,
16,ههههههه,,,,,,,
17,خدمة مين ياللي تنشك في بطنك,,,,,,,
18,البنت لما تروح على محل الكنادر بتخلي صاحب المحل يفرجيها كل انواع الكنادر,,,,,,,
19,انا بحب افرقع هاد الكيس وانتوا,,,,,,,
20,هاد العزابي بتكاسل يكب لزبالة,,,,,,,
21,نحن شعب اذا كتبنا رساله نقول اسمع و اذا تكلمنا في التلفون نقول شوفحشيش باكستاني ههههههههههههههه,,,,,,,
22,لما اعصب,,,,,,,
23,يطلع مني صوت انا نفسي,,,,,,,
24,بنصدم منه,,,,,,,
25,90 % من العرب الي معهم ايفون مستحيل يغيرو الرنة تبعت الجهاز,,,,,,,
26,قال يعني معي ايفون اكشعيني يا بنت هههههههههههههههه,,,,,,,
27,90 % من العرب الي معهم ايفون مستحيل يغيرو الرنة تبعت الجهاز,,,,,,,
28,قال يعني معي ايفون اكشعيني يا بنت هههههههههههههههه,,,,,,,
29,زهقان . . . . . طفشان . . . . عايف حالك,,,,,,,
30,ملقاش الا صفحه يما بديش اتجوز,,,,,,,
31,ليس الوحيد لكنه الافضل,,,,,,,
32,هل تعلم : مالك نادي موناكو ديميتري ريبولوفيف أهدى هدية لإبنته بمناسبة,,,,,,,
33,يوم ميلادها ال 22 وهي عبارة عن جزيرة يونانية بقيمة 117 مليون يورو !,,,,,,,
34,يا زم زي أهلي بالضبط بس اهلي جابولي مع هاي الجزيره صندوق,,,,,,,
35,ببسي قزايز مشان أمزمز ببسي و انا بتشقلب عالشط,,,,,,,
36,ههههههههههههههههههههههههههههههههههههههههههههههههههه,,,,,,,
37,محشش يقول :,,,,,,,
38,كنا قاعدين بالصالون وقلت : عطشااان !,,,,,,,
39,نط أخوي الصغير وجبلي مي !,,,,,,,
40,استغربت وقلتله : ليه صاير محترم ?,,,,,,,
41,قال : اخذنا اليوم درس في المدرسة .,,,,,,,
42,واحد دخل الجنة . . لأنه شرب كلب .,,,,,,,
43,ههههههههه حرقو حرق ههههههه,,,,,,,
44,محشش دخل الصيدلية,,,,,,,
45,قال للصيدلاني : عندك شريط بندول ? !,,,,,,,
46,قال الصيدلاني : اي عندي,,,,,,,
47,قال المحشش : طب حطو خلينا نسمع,,,,,,,
48,طبعاا الصيدلي صرلو اسبوع قاعد مع حالو بلعب بالمكعبات,,,,,,,
49,هههههههههههههه,,,,,,,
50,جهاز ENGLISHTEXT تقدر تقلب الصفحات بحركة العين . .,,,,,,,
51,رد فعل الناس :,,,,,,,
52,الامريكى : وياترى كيف وصلوا للتقنية . . . هاي وكيف ممكن اعدلها ?,,,,,,,
53,الفرنسى : هل تناسب هذة التقنية تطلعاتنا ?,,,,,,,
54,العربي : طب لو واحد أحول كيف بدو يستخدمها ! ?,,,,,,,
55,شعب مش معقول بحسبها من جميع,,,,,,,
56,النواحي هههههههههههههه,,,,,,,
57,"من علامات ذكاء الشعب الفرنسي",,,,,,,
58,يقلب المخده إذا كان الجو نااار,,,,,,,
59,فيحصل على مخدة أبرد,,,,,,,
60,ابرد من هيك شعب ما شفت ههههههههههههههه,,,,,,,
61,أنا حاسس انو بيوم عرسي,,,,,,,
62,أمي راح تقلي خد الزبالة معك وانت طالع,,,,,,,
63,ههههههههههههههههه,,,,,,,
64,بتعملها الحجه,,,,,,,
65,شب : ألوو ?,,,,,,,
66,البنت : هلا مين ?,,,,,,,
67,"الشب : بس سؤال واحد , , إذا عندك حبيب بسكر السماعة ! !",,,,,,,
68,"البنت : أه عندي , , بس مين ? ? !",,,,,,,
69,الشب : أنا أخوكي يا بنت الكلب استني لأرجع عالبيت ! !,,,,,,,
70,البنت قالت : رحنا فيها,,,,,,,
71,مكالمة مجهولة بنفس اليوم : الشب : ألوو ?,,,,,,,
72,البنت : هلا مين ?,,,,,,,
73,الشب : بس سؤال و إذا عندك حبيب بسكر السماعة ! !,,,,,,,
74,"البنت : لأ ما عندي , , بس مين ?",,,,,,,
75,الشب : أنا حبيبك يا تافهة الله ياخدك نسيتي وبعتي الحب بهالسرعة ?,,,,,,,
76,البنت : أنا أسفة حبيبي فكرتك أخوي,,,,,,,
77,"الشب : أنا اخوكي بس حبيت اتاكد مشان ما اظلمك , , هيني ع الطريق أنا بورجيكي",,,,,,,
78,ههههههههههههههه تب,,,,,,,
79,مره بنت قالة لأبوها :,,,,,,,
80,بابا كل ما امرق من الحارة في شله زعران بيقولولي ليموناضة,,,,,,,
81,راح لعندهم الاب وهددهم . .,,,,,,,
82,تاني يوم مرقت البنت هي و ابوها و الزعران كانوا موجودين وتذكروا التهديد و خافوا,,,,,,,
83,"قام قلا الاول : ماء",,,,,,,
84,التاني : سكر,,,,,,,
85,التالت : ليمون,,,,,,,
86,الاب : سترجي اخلطهم,,,,,,,
87,هههههههههههههههههههههه,,,,,,,
88,بسرعه تروح معنا ولا لا,,,,,,,
89,هاي الجملة تخلي الواحد,,,,,,,
90,يلبس البنطلون بالمقلوب,,,,,,,
91,هههههههههههههههههههههههههه,,,,,,,
92,الأسطورة تقول . . .,,,,,,,
93,إذا طلبت من الحجة شغلة وهي بتصلي ! !,,,,,,,
94,"وقالت : """" الله أكبر """"""""",,,,,,,
95,بتكون موافقه . . .,,,,,,,
96,"بس لو قالت : """" اللللللللللله أكبرررررررررررر """" . .""""""""",,,,,,,
96,"بس لو قالت : """" اللللللللللله أكبرررررررررررر """" . .""""",,,,,,,
97,و علت صوتها . .,,,,,,,
98,يعني لو زلمة إعملها ! !,,,,,,,
99,ههههههههههههههههههه,,,,,,,
100,"في بنت كاتبه : """" من طفولتي مدللة و أعشق الدلال """"""""",,,,,,,
101,وهي كانت حارس مرمى بالسطوح لولاد عمها,,,,,,,
102,وتقولهم : بدون شمط ! هههههههههههههههههههههههههههههههههههههههههههههههههههههههههههههههههههههههههههههههههههه,,,,,,,
103,إمها بتحكيلها مش فاضيه قاعده بطبخ,,,,,,,
104,تعالي,,,,,,,
105,غيري حفاضة عبود عاملها على حاله .,,,,,,,
106,بتصرخ وتقول كل شي أنا أنا,,,,,,,
107,بتدخل غرفتها وتسكر الباب,,,,,,,
108,وتقعد على الفيس وبتكتب,,,,,,,
109,لدي اميرة أنجبتني فيا رب وفقني لطاعتها وبرها,,,,,,,
110,طيب وحفاضة عبود,,,,,,,
111,. . . الولد سمط,,,,,,,
112,هههههههههههههههههههههههههه,,,,,,,
113,الايفون و الجالكسي والبلاك بيري : لو ترش عليهم,,,,,,,
114,نقطتين,,,,,,,
115,مي خربو,,,,,,,
116,أما أبو كشاف لو ترميه بالغسالة بيطلع و يقول لك :,,,,,,,
117,الشامبو و الليفه لو سمحت ههههههههههه,,,,,,,
118,وازا ما بدك عادي بعرف اسبح,,,,,,,
119,"ثلاثة زعران قاعدين بمزرعه كبست عليهم مكافحة المخدرات الاول طلع فوق عامود كهرباء والثاني نزل تحت سيارة",,,,,,,
120,والثالث تخبا تحت حمار,,,,,,,
121,مسكت المكافحه الاول و سألوه واين المخدرات ?,,,,,,,
122,"قالهم : انا موظف الكهرباء و بصلح بالعامود ENGLISHTEXT ENGLISHTEXT مسكوا الثاني سألوه واين المخدرات قلهم : انا ميكانيكي و بصلح بالسيارة ENGLISHTEXT ENGLISHTEXT مسكوا الثالث اللي تحت الحمار و سألوه وين المخدرات قالهم : : شو مخدرات وما مخدرات انا هسة انولدت",,,,,,,
124,اغلق هاتفه بعد مكآلمتهآ . .,,,,,,,
125,صرخ وقآل : . . اححححححححبهاااااااااا,,,,,,,
126,خرجت والدته من خلفه ثم قالت ; !,,,,,,,
127,من هي تلكك !,,,,,,,
128,قبل رأسها وقال انها تلك ;,,,,,,,
129,ENGLISHTEXT ام اولادي !,,,,,,,
130,و حبيبتي,,,,,,,
131,واختياري,,,,,,,
132,مسحت على رأسه وقالت : انت,,,,,,,
133,لهآ يا ولدي,,,,,,,
134,"للقراءة فقط",,,,,,,
135,للأطلاع فقط,,,,,,,
136,امه مو عربيه على فكرة,,,,,,,
137,لاتجربها عشان ماتجيك الزنوبة على غفله,,,,,,,
138,ههههههههههه,,,,,,,
139,البنت لما تشتري شوز جديد,,,,,,,
140,صاحباتها,,,,,,,
141,الأولى : بجنن رووووووعه,,,,,,,
142,التانية : ياااي شو حلو,,,,,,,
143,"الثالثه : طول عمري بحكي إنك زوء",,,,,,,
144,الشب لما يشتري شوز جديد,,,,,,,
145,أصحابه,,,,,,,
146,الأول : خدلك ! ! بشبه بوت أخوي الصغير,,,,,,,
147,إللي بضوي و بطفي,,,,,,,
148,الثاني : شكله من سوق الحرامية,,,,,,,
149,الثالث : إسمع . لا تمشي معي و إنت,,,,,,,
150,لابسه,,,,,,,
151,الرابع : جايب منظر وجهك,,,,,,,
152,الخامس : مبر 9 و 9 و 9 ك وجهك الجديد,,,,,,,
153,جلس الزوجان على الأريكة,,,,,,,
154,فسألها ; بماذا تفكرين ! ?,,,,,,,
155,أجابته برومانسية ; نفس اللي بتفكر فيه,,,,,,,
156,ف شمطها كف,,,,,,,
157,وقال لها ; بدك تتزوجي علي يا حيوانة,,,,,,,
158,ههههههههههههههههههههههههههههه,,,,,,,
159,إذا ركبت قطار الموت . .,,,,,,,
160,خذ معاك براغي و اول ما يطلع القطار فوق . .,,,,,,,
161,احكي للي قاعد قدامك و قوله هذول وقعو من كرسيك,,,,,,,
162,مازال العربي إذا شم ريحه غريبه في السيارة ;,,,,,,,
163,يوطي صوت المسجل مشان يشم منيح . . ! !,,,,,,,
164,إنا لله وإنا إليه راجعون,,,,,,,
165,هههههههههههههههههههههه,,,,,,,
166,امي أزا بدها تناديني ما بتناديني بإسمي,,,,,,,
167,"بتناديني حسب اخر """" فضيحة """" سويتها""""",,,,,,,
168,ههههههههههه,,,,,,,
169,ليش لمآآ آحكي لحد زي وجهك,,,,,,,
170,بيفهمهآ مسبه وبيزعل,,,,,,,
171,يعني لهدرجة وجهك مآ بيساعد,,,,,,,
172,فاقد الأمل,,,,,,,
173,هههههههههههههههههههههه ه,,,,,,,
174,عزيزي مخترع الواتس أب,,,,,,,
175,يعني كآن في ساعتين للدراسة باليوم,,,,,,,
176,اجيت انت لعنت امهم,,,,,,,
177,تبا لك ههههههههههههه,,,,,,,
178,شب بحكي لحبيبتو,,,,,,,
179,جبتلك هديه بتبدأ بحرف الواو,,,,,,,
180,"حكت حبيبتو : يا سلاااااااااااام هديه ! أصبر خليني أفكر , اممم وردة ?",,,,,,,
181,قال : لا,,,,,,,
182,قالت : وجبة من بيتزا هت,,,,,,,
183,قال : لا !,,,,,,,
184,قالت : وصلة ل تلفوني ?,,,,,,,
185,قال : لآ,,,,,,,
186,قالت : ممممم مآ عرفتها,,,,,,,
187,قال : ولآ اشي,,,,,,,
188,مرة واحد راح على جنينة الحيوانات شاف الاسد و فوت راسو بقفصه اجا قلو الحارس هيي شو بتساوي اجا قلو الزلمة ولله منا ماكله,,,,,,,
189,لحام حامل كيس فيه عضام,,,,,,,
190,شافو واحد راح قلو : شو الاخ عازم كلاب الحارة,,,,,,,
191,قلو اللحام : ليش الكرت ما وصلك . . . ? ? ?,,,,,,,
192,ههههههههههههههههههههههههههههههههههههههههههه قويه,,,,,,,
193,قمة النذااااااااااااااله,,,,,,,
194,محشش رن على بنت وقال لها عادي,,,,,,,
195,نطلع مع بعض ?,,,,,,,
196,البنت : ايش,,,,,,,
197,المحشش : شكلك انتي ما فهمتي آنا,,,,,,,
198,ايش قلت ?,,,,,,,
199,البنت : اكيد فهمت,,,,,,,
200,المحشش : طيب انا ايش قلت ! ! وحط ع,,,,,,,
201,السبيكر قدام اصحابه,,,,,,,
202,البنت : عآدي نطلع مع بعض,,,,,,,
203,المحشش : وآلله مشغول اليوم ما,,,,,,,
204,بقدر,,,,,,,
205,وجدت الام احمر الشفاة مكسور,,,,,,,
206,فغضبت,,,,,,,
207,وضربت ابنتها الصغيرة لأن يدها ملطخة به,,,,,,,
208,ثم خرجت لتجد انها رسمت قلبا على الباب,,,,,,,
209,و كتب بجانبه احبك ماما,,,,,,,
210,فرجعت لها مرة اخرى وضربتها,,,,,,,
211,لأنها كتبت عالباب,,,,,,,
213,محشش حب يغازل حبيبته,,,,,,,
214,حكالها ;,,,,,,,
215,بتعرفي نفسي ادعس على وجهك,,,,,,,
216,قالتله : شوووووووو,,,,,,,
217,قلها : عشان اكون اول عربي بدعس على سطح القمر,,,,,,,
218,يا حيوان مش هيك الرومانسية,,,,,,,
219,ههههههههههههههههههه,,,,,,,
220,دايما الاغنيه الحلوه بتيجي وانا نازل من السياره,,,,,,,
221,البنت,,,,,,,
222,اذا اجت تسكر باب السيارة,,,,,,,
223,عندها حالتين :,,,,,,,
224,يا بتسكره ع الخفيف,,,,,,,
225,"لدرجة انه ما بسكر ,",,,,,,,
226,أو بتعطيك هديك الخبطة,,,,,,,
227,الي بعدها ببطل الباب ينفتح من قوتها,,,,,,,
228,مافي ححل وسط,,,,,,,
229,شاب اسباني يهدي حبيبته,,,,,,,
230,سياره وقصر في مدينة مدريد,,,,,,,
231,وعندما سألته لماذا كل هذا,,,,,,,
232,قال : أنتي لي وكل ما أملك هو لك,,,,,,,
233,وعنا بالعالم العربي,,,,,,,
234,بيعطيها دب لعبه . . واول ما يتطاوشوا,,,,,,,
235,بيحكيلها,,,,,,,
236,أعطييييني غرااااضي,,,,,,,
238,قال أحدهم لصديقه بعد ان هجرته حبيبته :,,,,,,,
239,هون عليك سوف تنساها غدا,,,,,,,
240,فأجابه :,,,,,,,
241,كيف انساها و انا مشتري لها ( آي فون ) بالتقسيط لمدة سنه ;,,,,,,,
242,مؤلمة لحد الموت,,,,,,,
243,انت بتحبني,,,,,,,
244,قلها لأ,,,,,,,
245,. قالتلو طيب بتعزني,,,,,,,
246,قلها لأ,,,,,,,
247,البنت صارت تبكي راح الشب قلها طيب انتيي ما سألتيني بتعشقني,,,,,,,
248,مسحت دموعها وقالتلو طيب بتعشقني,,,,,,,
249,. قال لها كمان لا,,,,,,,
250,قمة التناقض :,,,,,,,
251,في توم وجيري طول الوقت من غير ملابس,,,,,,,
252,ولما يروحو ع المسبح يلبسو شورت,,,,,,,
253,اليوم اجا عندي أبن جيرانا الصغير,,,,,,,
254,بحكيلي : أختي بتحكي عنك حلو,,,,,,,
256,فضحها للمسكينه,,,,,,,
257,قمة المسخرة :,,,,,,,
258,تمسك موبايل ولد صغير ويحكيلك بليزز لا تدخل ع الصور,,,,,,,
259,لا يا شيخ !,,,,,,,
260,لا يكون عندك صور سبونج بوب وهو مشلح ?,,,,,,,
261,سألو محشش . . . كيف تفرق بين الذبابه الذكر والانثى,,,,,,,
262,قال إلي ملزقه بالمرايه الانثى,,,,,,,
263,وإلي بلف عند الاكل ذكر,,,,,,,
264,اقنعني اخوو الشلن,,,,,,,
267,خذلك هاي النصابة شو لقيتها كاتبة,,,,,,,
268,أنا بحب ENGLISHTEXT أمي ENGLISHTEXT لدرجة إني باخد,,,,,,,
269,كل الفلوس اللي في,,,,,,,
270,شنطتها,,,,,,,
271,عشان الشنطة ماتكونش تقيلة عليها,,,,,,,
272,و تئدر تحملها و ما تتعب,,,,,,,
273,الله يرضى علي ما احسني,,,,,,,
274,كيف تكونين ام صالحة ?,,,,,,,
275,سمي بنتك الكبيرة صالحة,,,,,,,
276,أكتر من هيك ما بقدر أخدمكم,,,,,,,
277,محشش سألوه ما هو تعليقك بأن نهاية العالم في 2012 ? قال : كله كلام فاضي عندي علبة تونة بتنتهي في 2015,,,,,,,
279,مرة واحد شرب مشروب غازي,,,,,,,
280,غازي مات من العطش هههههههههه,,,,,,,
281,الطالب العربي,,,,,,,
282,"بكل الدروس يقعد يرسم , إلا في درس الفن يقعد يحكي",,,,,,,
283,ليش اللي قاعد جنبك لما يقولك شو اخبارك لازم يلسعك كف حامي ع فخذك ?,,,,,,,
284,شو علاقة الاخبار بالفخذة اصلا,,,,,,,
286,خلوه نايم,,,,,,,
287,", ألعبارة ألتي تشرح صدري",,,,,,,
288,وترسم إبتسأمتي,,,,,,,
289,وتجعلني أبكي من السعاآآدةة,,,,,,,
290,وبطير النوم من عيوني,,,,,,,
291,مع كل كذبة تسقط 5 شعرات من رأس الإنسان,,,,,,,
292,عشان هيك 90 % من الشباب مصلعين,,,,,,,
293,كنت قاعد مع اوباما,,,,,,,
294,سألني : انت عربي ?,,,,,,,
295,حكيتلو : لا انا رياضيات خخخخخخ,,,,,,,
296,من يومها ارتفع سعر البترول,,,,,,,
297,طلع ما بتحمل مزح ابو سمره,,,,,,,
298,يا جماعه انا ابوي اكل راسي بالشمعه كان يدرس عليها وفتح القدس هوي وصلاح الايوبي فيها ماشي ماشي انا مسدق,,,,,,,
299,بس امي تصرخ علي وتحكي وانا قدك كنت اطبخ ع شمعه,,,,,,,
300,لا كثير هيك,,,,,,,
301,وقفولي الكرة الارضيه بدي انزل,,,,,,,
302,يحرق عرظ ه الشمعه,,,,,,,
303,ههههههههههههههههه,,,,,,,
304,اللي بطلع ملابسه من الخزانة,,,,,,,
305,بدون مايخرب الباقي .,,,,,,,
306,- الطريقة لو سمحت,,,,,,,
307,يرحم أمك كيف قبل لاانطرد من البيت,,,,,,,
309,تخيلوا لو احنى صينين,,,,,,,
310,. . تمزح مع أخوك وتشمطه كف,,,,,,,
311,بالأخير يطلع أبوك,,,,,,,
312,"محشش مات ابوه , وكان بالغزآ ببكي",,,,,,,
313,"فجأة رن تلفونه , صآر يبكي أكثر",,,,,,,
314,"سألوه الناس : مالك , شو فيه ? !",,,,,,,
315,"قلهم : أختي اتصلت , أبوها كمان مات",,,,,,,
316,ما بحب أمدح حالي . . . بس ! ! !,,,,,,,
317,كل ما أدخل على المول . .,,,,,,,
318,الباب بفتح لحالو,,,,,,,
319,سالها كاظم الساهر : هل عندك شك,,,,,,,
320,قالتله : لا والله انا بدفع كاش,,,,,,,
321,ومن يومها كاظم الساهر صار يغني راااب ! ! !,,,,,,,
322,تحيه لكل بنت بتغني انا شب وعم أسس حالي,,,,,,,
323,ههههههههه,,,,,,,
324,كفك يا مسطله,,,,,,,
325,مابقهرني الا الأستاذ الي يقول :,,,,,,,
326,روح للادارة وقلهم إنو أنا مشاغب وبحكي في الحصه,,,,,,,
327,وبضحك,,,,,,,
328,والله لو أني مأخذ اقوى نوع حشيش ما بروح اعلم,,,,,,,
329,على حالي,,,,,,,
331,احلا شي لما تزعل البنت منك,,,,,,,
332,"بتعملك بلوك بتسكر موبايلها , , بتختفي من الجامعة .",,,,,,,
333,وبالاخر بتحكي لصاحباتها الحئيييير ما صالحني,,,,,,,
334,هههههههههههههههههههههههههه,,,,,,,
335,. . . تبآ لكي يعني اجيلك بالحلم اصالحك,,,,,,,
337,مرة عربي و اميركي و فرنسي,,,,,,,
338,كانو بطيارة,,,,,,,
339,الأميركي نزل رجله من الطيارة و قال : احنا فوق اميركا,,,,,,,
340,سألوه : كيف عرفت,,,,,,,
341,قال : اجري خبطت بتمثال الحرية,,,,,,,
342,الفرنسي نزل رجله من الطيارة و قال : احنا فوق فرنسا,,,,,,,
343,سألوه كيف عرفت ? ?,,,,,,,
344,قال : اجري خبطت ببرج ايفل,,,,,,,
345,العربي نزل اجره من الطيارة وو قال : احنا فوق الوطن العربي,,,,,,,
346,سألوه : كيف عرفت ? ?,,,,,,,
347,قال : كندرتي انسرقت,,,,,,,
348,الفرق بين الأجنبي والعربي لما يتزحلق صاحبه,,,,,,,
349,الاجنبي : أوووووه,,,,,,,
350,"يا إلهي , هل تريد الذهاب للمستشفى لنتطمن على صحتك",,,,,,,
351,العربي :,,,,,,,
352,ههههههههههههههههه,,,,,,,
353,هههههههههههههههههههههههههههههه .,,,,,,,
354,وبعد . . . سااعة,,,,,,,
355,ههههههههههههههههههه,,,,,,,
358,يتذكر,,,,,,,
362,بعد أسبوع . . . يقلد الوقعه,,,,,,,
364,بعد شهرين . . . شباب تتذكرو,,,,,,,
365,ههههههههههههههه,,,,,,,
366,هههههههههههههههههههههههههه,,,,,,,
367,بعد سنه . . . . تتذكر هالمكان,,,,,,,
369,عنجد ليش احنا هيك ?,,,,,,,
370,الوالد بيقعد يبهدلني,,,,,,,
371,انا مخلف بني آدم والا حمار ?,,,,,,,
372,انا بسكت,,,,,,,
373,بقلي جاوبني بني آدم والا حمار ?,,,,,,,
374,بقلوا بني آدم,,,,,,,
375,بيحكيلي لأ حمار,,,,,,,
376,طيب يا رجل مدامك بتعرف,,,,,,,
377,ليش بتسألني ?,,,,,,,
378,ولد رجع متأخر ع البيت,,,,,,,
379,سأله ابوه ليش اتأخرت لهالوقت ?,,,,,,,
380,الولد : واحد وقع منه خمسين دينار,,,,,,,
381,الاب : اكيد كنت بتدور معاه عليها ?,,,,,,,
382,الابن : لا كنت داعس عليها ومستنيه ليروح,,,,,,,
383,هاد الناقص,,,,,,,
384,وهاد الزائد,,,,,,,
385,تعالو بكره وبعلمكم الضرب والقسمه,,,,,,,
386,طيب طيب خلص ما حدا يدفش بطلع لحالي,,,,,,,
387,هيني مسكر ايدي دقو عليها,,,,,,,
388,دق دق دق,,,,,,,
389,طلع مقص,,,,,,,
390,قص منخآرك,,,,,,,
391,رجع المقص وطول ورده,,,,,,,
392,شم الورده,,,,,,,
393,كذآب كيف شميتهآ وآنت قآصص منخآرك ? ?,,,,,,,
394,محشش قطع رأس أخوه وهو نايم,,,,,,,
395,وقعد يضحك ويقول :,,,,,,,
396,راح ينجن لما يصحى وما يلاقي رأسه,,,,,,,
397,"ألغاااز للاذكياء :",,,,,,,
398,طيب والبنزين لمين,,,,,,,
399,ههههههههههههههههه,,,,,,,
400,طيب خلينا نغير الموضوع,,,,,,,
401,إنتوا بتحكوا شامبو ولا شانبو,,,,,,,
402,ههههههههههههه,,,,,,,
403,"أموت وأعرف من وين بجيبو المخدآت اللي بالأفلام , تخبط واحد فيها بطير الريش و بتناثر ,",,,,,,,
404,"أنا مخدتي اذا ضربت واحد فيها , بفقد الذآكره ثلآث أيام",,,,,,,
405,تعريف التوقيع عند العرب,,,,,,,
406,حط اول حرف من اسمك و بعدها ارفع الهاند بريك,,,,,,,
407,و خمس يا معلم,,,,,,,
408,قال الحكيم اليونآني ارغمنيسآرنطوس,,,,,,,
409,"تعلمو قرآءة آسمي أولآ , قبل ان تتعلمو حكمي",,,,,,,
410,يلا ما قرأ اسمو منيح يشمط لايك,,,,,,,
411,شحادة بتشحد من محشش,,,,,,,
412,بتحكيله : الله يخليك بدي اشي يفرح اولادي,,,,,,,
413,رد عليها :,,,,,,,
414,عطليهم عن المدرسه,,,,,,,
415,ههههههههههههههههه,,,,,,,
416,تكون ناصحة ووزنها 97 كيلو,,,,,,,
417,ولما ترجع من العرس بتحكيلك :,,,,,,,
418,شفتي يا ماما كيف الكل كانوا يتطلعو علي وأنا برقص,,,,,,,
419,طبعا يا حياتي,,,,,,,
420,مستغربين من الهمر اللي كانت تخمس بالقاع,,,,,,,
421,قانون الحلفان عنا,,,,,,,
422,اذا ابتسمت وانت تحلف ! ! يعني انت كذاب,,,,,,,
423,مايقهرني,,,,,,,
424,إلا اللي عندهه نوكيا ابو كشاف وحاط رمز قفل,,,,,,,
425,على ايش رمز القفل,,,,,,,
426,خايف على الثعبان يطلع و يقرصك,,,,,,,
427,بدك تعذب عربي,,,,,,,
428,"احكيلو قصة بدون ذكر اسماء",,,,,,,
429,مستعد يقتل حاله علشان يعرف,,,,,,,
430,مين,,,,,,,
431,امااانة قووولي مييين,,,,,,,
432,طب انا بعرفه,,,,,,,
433,طب هو من قرايبنا,,,,,,,
434,طب من الحارة,,,,,,,
435,طب من العالم,,,,,,,
436,طب من نفس الكوكب,,,,,,,
437,طب من المجموعة الشمسية,,,,,,,
438,طب من نفس المجرة,,,,,,,
439,ههههههههه هههههههه,,,,,,,
440,وقتها تقدر توخذ منه الي بدك اياه,,,,,,,
441,مجربة ومضمونة,,,,,,,
442,ههههههههههههه,,,,,,,
443,"في ثلاثة راحوا السينما . . . . واحد أعمى وواحد اطرم وواحد أحول . . . . . الاعمى يقول : انا سمعت الفلم كله لكن ما شفت منه شيء الاطرم يقول : انا شفت الفلم كله لكن ما سمعت منها شيء الأحول يقول : انا احسن منكم شفته مرتين",,,,,,,
445,شو عكس فوتوشوب ?,,,,,,,
448,اصلا هي بضحك . . . بس انتو نفسيات,,,,,,,
449,يأخي أحلى شعور طفل يمسك اصبعك بكامل يده,,,,,,,
450,بتحس انك ديناصور حنون,,,,,,,
452,كثر وجوه بريئة في العالم . .,,,,,,,
453,أشكال اصحابي قدام اهلي,,,,,,,
454,عزيزي الممثل بالنسبه انو لما تنصاب بأيدك ليش بتعرج ?,,,,,,,
455,قالت له : شو اسمك ?,,,,,,,
456,قال لها : كريم,,,,,,,
457,قالت له : كريم و لا فازلين ?,,,,,,,
458,فضحك و سلخها بلوك و ضحكت وو ضحكت انت و ضحكت أنا و عاش الججميع بسعادة,,,,,,,
459,عزيزتي نجوى كرم,,,,,,,
460,بالنسبه للمقطع : خليني شمك مرة و بعدها روح بغيبوبة,,,,,,,
461,حبيبك جوز جرابات مثلا,,,,,,,
462,محشش بوكل زيت وزعتر,,,,,,,
463,قاله صاحبه,,,,,,,
464,قول بسم الله قبل الآكل .,,,,,,,
465,رد عليه : ليش ? ?,,,,,,,
466,قاله عشان ما ياكل معك الشيطان .,,,,,,,
467,قاله : هلآ الشيطان ترك الناس . .,,,,,,,
468,إلي في ماكدونالز و هارديز وكنتاكي وجاي ياكل زيت وزعتر,,,,,,,
469,بالعربي : اترك,,,,,,,
470,@@Lاط@@Iن @@Lاط@@عنغلِسه : @@Lاط@@Leَثe,,,,,,,
471,دشر ! !,,,,,,,
472,من اي قآمووس اتيتمم بهآآ,,,,,,,
473,دكتور سأل محشش : أمك حيه ?,,,,,,,
474,"قال : لا , عقرب !",,,,,,,
475,قال الدكتور : أقصد عايشة ?,,,,,,,
476,"قال : لا , مريم !",,,,,,,
477,المهم هسا الدكتور يرقص بقناة غنوه,,,,,,,
478,بعض الناس وهو رايح عالامتحان,,,,,,,
479,مثل فلسطين وهي رايحة تلعب مع البرازيل,,,,,,,
480,النتيجة معروفة بس يكفي شرف المحاولة,,,,,,,
481,بس أغني وانا لابس السماعات احس اني جبت نفس الصوت ! بس لما اشيلها,,,,,,,
482,اعوذ بالله من الشيطان الرجيم,,,,,,,
483,الطالب في الامتحان عندي سؤال : ماهي الكربوهيدرات ?,,,,,,,
484,الاستاذ : ماااااااااااااا اااااا هي الكربوههههههههه يدرااااااات ها الكربوهيدرات تذكر,,,,,,,
485,الكررررررربوووو ووووووهيييييييي يييييدراااااااا ااااااااااااااا اااااااااات ركززز مابقدر اوضح اكثر من هيك,,,,,,,
486,لا بصراحه تعبت حالك,,,,,,,
487,يعطيك العافيه مجهود عظيم,,,,,,,
488,خلص انا عرفت الجواب,,,,,,,
489,سرقة البطاطا المقلية من الصحن من,,,,,,,
490,ورا إمك,,,,,,,
491,فن لا يتقنه الكثيرون,,,,,,,
492,قمة الإحراج,,,,,,,
493,تكون طالع من غرفتك تغني وعايش الدور,,,,,,,
494,وتكتشف انه عندكم ضيوف فالبيت ! !,,,,,,,
495,لآ المصيبه لمآ تتدخل عليهم وانت ترقص,,,,,,,
496,ههههههههههههههه بتحس انك حشرة,,,,,,,
497,بدك تقهر البنت,,,,,,,
498,قلد صوتها وهي معصبة,,,,,,,
499,طبعا قبل ما اتقلدها اتأكد انه في,,,,,,,
500,مخرج طوارئ قريب منك,,,,,,,
501,لانها ستخرج جون سينا الصغير من داخله,,,,,,,
502,"جمله عربية حيرت العلماء",,,,,,,
503,ألي سآعه بقلك أصبر دقيقه,,,,,,,
504,أستاذ علوم بسأل محشش ! ! لماذا نشرب الحليب ? ?,,,,,,,
505,قال المحشش :,,,,,,,
506,يعني بعرض اختك ما اغباك على هيك سؤال . . . لانو ما بيتاكل,,,,,,,
507,اقنعني المحشش,,,,,,,
508,ازنخ اشي تنام ع كنباية مزخرفة,,,,,,,
509,تقوم و وجهك بكون عامل نسخ ولصق,,,,,,,
510,من هو الحيوان الذي يأكل و هو شبعان,,,,,,,
511,صاحبك لما تعزمه على مطعم,,,,,,,
512,"هسا ع الصبح اجتني اضافة من بنت اسمها """" رمش العين """"""""",,,,,,,
513,طب انا بهيك حاله شو اعمل اقسم بالله قززتني,,,,,,,
514,ولكم نفسي انتفلها رموشها,,,,,,,
515,اسوأ شعور أيام الطفولة,,,,,,,
516,لما تشلح البلوزه و تكون ديقه,,,,,,,
517,و تعلق برأسك و تحاول تشلحها و ما تقدر,,,,,,,
518,و تنطنط و ترقص و ييجيك الشعور,,,,,,,
519,إللي بتحس أنها النهايه,,,,,,,
520,لازم يطلعوا قانون :,,,,,,,
521,"في فصل الشتاء الجلي على الشباب",,,,,,,
522,كفكو صبآيآ + ارقامكو,,,,,,,
523,نص الشعب العربي واقف عالشبابيك هههههههههههههههههههههههههههههههههههههههههههههههههههههههههههههههههههههههههههههههههههههههه,,,,,,,
524,انفضحنا قدام الأجانب,,,,,,,
525,نصيحه لكل البنات هاي رح تشكروني عليها,,,,,,,
526,الرجل مثل كاسة الشاي وانتي مثل البسكوته,,,,,,,
527,البسكوته تذوب بالشاي . . فيبحث عن بسكوته أخرى,,,,,,,
528,فكوني مثل خبز الحمام مابتطلع إلا وهي شافطه الكاسه,,,,,,,
529,كلها,,,,,,,
531,فضحتونآ قدآاآاآم الآجآاآنب,,,,,,,
532,خلص آعملوا الوضع طبيعي كأنه كل,,,,,,,
533,يوم بنشوف,,,,,,,
534,تلج,,,,,,,
535,بنت كاتبه عبروفايلها :,,,,,,,
536,يا الله الهوا زنخ بضل يصفرلي وانا بستحي,,,,,,,
537,جيبو شباشب والحقوني,,,,,,,
538,وبعدين,,,,,,,
539,اشوفك وين يا مهآجر,,,,,,,
540,ردة فعل الشعوب وقت الكوارث :,,,,,,,
541,الأمريكي : يساعد المصابين . .,,,,,,,
542,الأوروبي : يبدأ حملات إغاثة المنكوبين . .,,,,,,,
543,الياباني : يطور أجهزته للحد من خطر الكوارث مستقبلا,,,,,,,
544,العربي : ببلش يسأل ( في عطله بكره ) . . ?,,,,,,,
546,الأم بس تلبس ابنها للمدرسة,,,,,,,
547,مد ايدك,,,,,,,
548,مد ايدك التانية,,,,,,,
549,يلعن امك,,,,,,,
550,وقف,,,,,,,
551,يلعن ابوك عرص,,,,,,,
552,ارفع رجلك,,,,,,,
553,الله يلعن ابوها امك,,,,,,,
554,وقف منيح,,,,,,,
555,طراخ شمطته كف,,,,,,,
556,الولد فقع من العياط,,,,,,,
557,ولك وقف منيح يا ابن الكلب,,,,,,,
558,يلعنها مرتك,,,,,,,
559,طراخ طراخ,,,,,,,
560,وقف الولد,,,,,,,
561,البس دخل رجلك منيح مع قرصة,,,,,,,
562,الولد سخسخ عياط,,,,,,,
563,واخر اشي بتبوسه وبتقله شاطر حبيب امه الي بسمع الكلام,,,,,,,
564,والولد بروح مشلول عالمدرسة,,,,,,,
565,ذهب شخص مع حبيبه الى محل العطور,,,,,,,
566,قال للبائع . . . اريد عطرآ برائحة انفاسها,,,,,,,
567,قال له البائع,,,,,,,
568,امشي 20 متر ع يمينك في محل خضرا عندو بصل مرتب,,,,,,,
569,أيام الابتدائي,,,,,,,
570,اذا رحت مع أهلك على بيت ناس وتعرفت ع واحد بعمرك . . تسأله : أي صفحة واصلين في العربي ? !,,,,,,,
571,يعني فاتح موضوع,,,,,,,
572,اللي باعك بيعو,,,,,,,
573,و بالصندل ع نيعو,,,,,,,
575,سرك في بير,,,,,,,
576,الكلمه التي فضحت نصف الشعب !,,,,,,,
577,ههههههههههههه,,,,,,,
578,في محشش عصبت عليه امه,,,,,,,
579,قالت : روح أقتل حالك وريحني منك !,,,,,,,
580,قالها : ليش مفكريتني غبي عشان ادخل السجن,,,,,,,
581,في امريكا ! ! يعزف على الجيتار,,,,,,,
582,أبوه و امه بزقفوله !,,,,,,,
583,أنا,,,,,,,
584,بطبل على علبة النيدو,,,,,,,
585,و تأتيني الحفايه من حيث لا اعلم ! !,,,,,,,
586,"ماشاء الله عنا تشجيع رهيب للمواهب",,,,,,,
587,سبب إهتمام البنات بالعلكة ? ?,,,,,,,
588,متعودين على طق الحنك,,,,,,,
589,من ذكريات الطفوله :,,,,,,,
590,تيجو نحط شبساتكم ع شبساتنا و نعمل عزومه ! !,,,,,,,
591,ههههههههههههههه,,,,,,,
592,خيلو الشرطة بنات :,,,,,,,
593,إذا ما قدرت تمسك الشب بتصير تنادي في المايك :,,,,,,,
594,خلص وئف بلا زناخة,,,,,,,
596,"محشش سأل بنت شو إسمك ? , , , قلتله : بدوور , , , قلها مآ بتدووخي ههههههههههههههه",,,,,,,
597,فقط بالبيوت العربية,,,,,,,
598,قوم صار دوري,,,,,,,
599,يلا شويه هسا بقوم,,,,,,,
600,بعد ساعه . . . ولك قلتلك بس شويه هسا بقوم,,,,,,,
601,وبعدين بنشوف الصرامي الطائره . .,,,,,,,
602,وبنشوف الكراسي المتكسره,,,,,,,
603,والأم تسكر غرفة الكمبيوتر,,,,,,,
604,وبنحل المشكله,,,,,,,
605,بس تهدا لقلوب بسألو انبسطت لو قمت مش ااحسن,,,,,,,
606,طيب لو معملتش طوشه مش احسن,,,,,,,
607,ذات مومنت لما : تكون عم تحل معادلة صعبة وتنحل معك بسرعة . أول الشي بيخطر ببالك : يا أخي انا حرام اكون بهالبلد ههههههههههههههههههههههههههه,,,,,,,
608,البنت : حبيبي انا مريضة,,,,,,,
609,الشب : ابوسك علشان اتطيبي,,,,,,,
610,حبيبتي ? !,,,,,,,
611,أنا بشوف انو نسكر مستشفيات,,,,,,,
612,"الوطن العربي , ونعتمد علي",,,,,,,
613,شلاطيف حضرتك يا حيوان,,,,,,,
614,حتاج الرجل 5 دقائق ليعاود الضحك,,,,,,,
615,مع اصحابه بعد ماخلوه مصصخرة,,,,,,,
616,و تحتاج المرأه 10 سنين ضوئيه,,,,,,,
617,"لتتوقف عن الدعاء على وحده قالت لها",,,,,,,
618,شكلك سمنتي,,,,,,,
619,الشعب العربي اذا شاف ذبانة عالتلفزيون,,,,,,,
620,بغير القناة عشان تخاف,,,,,,,
621,الفتاة العربية الاصيلة,,,,,,,
622,هي اللي ترسلهآ وآلدتهآ للمطبخ لتحضر ملعقة,,,,,,,
623,فتدخل المطبخ وتفتح الثلاجة وتنظر إليها لمدة عشر دقائق من دون فآئدة,,,,,,,
624,ثم ترجع لوآلدتهآ قائلة :,,,,,,,
625,ماما شو قلتيلي اجيب,,,,,,,
626,هههههههههههههههههه مولعه معو صاحب المحل ههه,,,,,,,
627,قال لها بثقه : لن تحبي من بعدي,,,,,,,
628,قالت : أكيد لأنك سديت نفسي,,,,,,,
630,عزيزي المتفائل ب 2013,,,,,,,
631,متذكر لما كنت متفائل ب 2012 @@Lاط@@?ê?د?ز?«?ê??G?ز,,,,,,,
632,يلا الكل يعمل حملت تفتيش يالبيت,,,,,,,
633,الي عندو بكيت شيبس حبت شوكلاتة من هون للسنة الجاي بتخرب ياكلها بسرعة,,,,,,,
634,انتبه للزفت الي جاي,,,,,,,
635,عربي بعلم ابنه سواقة,,,,,,,
636,هههههههههههههه,,,,,,,
637,الشاب إذا حكى مع بنت,,,,,,,
638,من ثاني مكالمه يقول الجملة الشهيرة,,,,,,,
639,( ما بتلاحظي أنا وياك متشابهين بكل اشي ),,,,,,,
640,خف علينا يا منتخب كوريا,,,,,,,
641,احقر 7 اصابات جسدية عرفها التاريخ,,,,,,,
642,1 - يضرب كوعك في طرف الطاولة,,,,,,,
643,2 - ينحرق لسانك من شاي ساخن,,,,,,,
644,3 - تدعس وآنت حآفي ع لعبه صغيره,,,,,,,
645,4 - تجرح اصبعك بطرف ورقة,,,,,,,
646,5 - يضرب اصبع رجلك بطرف الباب العن شي,,,,,,,
647,6 - تعض لسانك وأنت بتاكل اشي,,,,,,,
648,7 - تشرب بيبسي وتتشردق ويطلع البيبسي من انفك,,,,,,,
649,إلي جرب وحده من هدوول يشمط لايك,,,,,,,
650,وحدة بتقول لزوجها :,,,,,,,
651,أنا مش عارفة شو عاجبك بنانسي ? !,,,,,,,
652,جسم وعندي,,,,,,,
653,شعر وعندي,,,,,,,
654,شوفيها زيادة عني ? ? ?,,,,,,,
655,قالها : صح,,,,,,,
656,بس هي مرسومة رسم أما أنتي,,,,,,,
657,شخبط شخابيط,,,,,,,
658,لا تقل لي ميسي,,,,,,,
659,ولا تقلي رونالدو,,,,,,,
660,ما في بعد الام هي الوحيدة الي بتعرف,,,,,,,
661,"تسلخ ضربات جزاء",,,,,,,
662,بتيجيك بنت بتحكيلك آنا محجوزة,,,,,,,
663,ليش شو كآينه حضرتك طاولة ?,,,,,,,
664,لما أشوف أمي ترتب وحاطة معطر جو,,,,,,,
665,على طول اسألها : - من بدو يجي عنا ?,,,,,,,
666,و طبعا اسمع المحاضره المعتادهه,,,,,,,
667,وحنا ما نرتب الا إذا جانا احد,,,,,,,
669,نزل يقبل قدميها,,,,,,,
670,قالت الأم ماذا تفعل ?,,,,,,,
671,قال أليست الجنة تحت أقدام الأمهات ?,,,,,,,
672,قالت الأم : قوم بلا فلسفة,,,,,,,
673,"الموبايل مش معطيتك إياه ,",,,,,,,
674,أنقلع ادرس,,,,,,,
676,محشش سألوه تروح عالجنة ولا عالنار,,,,,,,
677,"قال اكيد النار , , قالوله ليش",,,,,,,
678,قال : يا زلمة الشبآب كلها هناك,,,,,,,
680,الأب بحكي لإبنو : جيبلي كآسة مي,,,,,,,
681,الإبن : خود هاي كاسة المي,,,,,,,
682,الأب : الواحد بحكي تفضل يا حمار,,,,,,,
683,الإبن : تفضل يا حمآر,,,,,,,
684,ههههههههههههههههه,,,,,,,
685,بقولو وجهه كان منور ومبستم هو بيتغسل,,,,,,,
686,الله يرحمه . .,,,,,,,
687,ههههههههههههههه,,,,,,,
688,قمه المعاناه انك تركض و انت تضحك,,,,,,,
689,ههههههههههههه,,,,,,,
690,بتحس حالك مبنشر,,,,,,,
691,خصوصا اذا الي كان بلحقك هو الي بتضحك عليه,,,,,,,
692,ههههههههههههههه,,,,,,,
693,أذا شفت أخوك أو اختك الصغيره,,,,,,,
694,عم يتطلع عليك ورآح بدون ما يحكي فأنه,,,,,,,
695,في مهمه فريده من نوعها,,,,,,,
697,اانا وصحابي إذاا ضحكناا كل واحد يطير بجههه,,,,,,,
698,الي يركع واللي يرقص واللي يصفق واللي يصيح من الضحك والي ينقز,,,,,,,
699,و بعدين نرجع إلى نقطة التجمع,,,,,,,
701,الصديق الحقيقي هو :,,,,,,,
702,اللي اذا كنت كذبت على حدا وهو جنبك,,,,,,,
703,يكمل كذبتك ويعطي أكشن زيادة,,,,,,,
704,حتى انت بنفسك تنصدم,,,,,,,
705,وتبدأ رحله النط من سجادة ل سجادة,,,,,,,
706,عشان البلاط بارد,,,,,,,
707,ههههههههههههههه,,,,,,,
708,الزوجة : ليش ما قلتلي إنك فقير قبل ما نتزوج ? !,,,,,,,
709,كان ما اتزوجتك !,,,,,,,
710,الزوج : إنتي ما كنتي تستوعبي,,,,,,,
711,من يوم ما شفتك وأنا بقولك أنتي كل,,,,,,,
712,ما أملك في هالدنيا !,,,,,,,
713,"وإنتي تضحكي وتستحي , زي الهبلة",,,,,,,
714,"هاد اللي شاطرة فيه , , , هههههههه",,,,,,,
715,استيقظ من نومه و التفت,,,,,,,
716,لزوجته,,,,,,,
717,و قال لها : صباح الخير,,,,,,,
718,حبيبتي,,,,,,,
719,فأجابته و عينها مغمضة,,,,,,,
720,توديني عالسوق اليوم,,,,,,,
721,رجع نآم ولهسا ما صحي,,,,,,,
722,ههههههههههههههه,,,,,,,
723,ماما وين رايحة,,,,,,,
724,الام : على جهنم,,,,,,,
725,قصة لن يفهمها الكثيرون,,,,,,,
726,بس يا عمي افتحوا معابر غزة وكثر الله خيركم بدناش تروحوا القدس,,,,,,,
727,فعلا ناقصنا شوية مسيرات,,,,,,,
728,لا حول ولا قوة إلا بالله,,,,,,,
729,مش ناقصين مسيرات وشعارات مزيفة بنا افعال وليس اقوال,,,,,,,
730,جايين من كل الآرض يارب ثبتنا,,,,,,,
731,"بس ضلكم انهبوا في هل الشعب علشان أغانيكم الفارطة مثلكم , كل أغاتيكم هيلا هيل هي هي هيلا هيل هيلا هيل هي هي هي هي هيلا هيل",,,,,,,
732,بس من غزة إلي راح ييجوا على القدس ! ! ! ! ! ! ! الباقي مشغول في الدنيا شوية ! !,,,,,,,
733,"قول لحماس , حماس الي حرمينكم من لقمة العيش بحجة المقاومة",,,,,,,
734,انا باستغرب من اللي حاطين لايكات ع خبر متل هيك . . . مع المهرجان,,,,,,,
735,والله هاد الي بدكم اياه انتفاضة تالتة والقرضاوي عم بيحرم الصلاة بالمسجد الاقصى للي خارج بيت المقدس وكيف بدكم جهاد بيكفي تلميحات لانتفاضة ثالثة,,,,,,,
736,عادي يعني انتو جايبين شي جديد يعني واولا بتفكروو نقلتووونا خبر مهم هاد الاشي عفى علية الزمان صار عادي مين هو نييل العربي على اي خارطة,,,,,,,
737,"الله يجعلهم ينهدين اول ما يخلصو بناء",,,,,,,
738,ههههههههههههههههههههههه هاليهود ما حدا عارف شو بدهم حتى حبيبهم وعمييلهم ببيعوه بنص شيقل,,,,,,,
739,فشروا مهما عملوا القدس ستبقى لنا,,,,,,,
740,كان نصروها زمان . . . زهقنا وزهقت القدس من قلة الافعال,,,,,,,
741,اها . . . هادا الكلام الصح . . . بس ممكن احكي كلمة بعد اذنكو . . . . لا تنسو المسجد الاقصى الذي يتم تهويده بحجة هيكل سليمان المزعوم . .,,,,,,,
742,بين حانا ومانا . . ضاعت لحانا,,,,,,,
743,الله كانت ايام حلوه بس خساره ما عشتهاش,,,,,,,
744,يلا منيح انهم بيعرفو يقتحمو برام الله . . بحكيلك بغزة ما بيعرفو يفكرو مش يقتحموو,,,,,,,
745,ههههه ومالها اوضاعهم,,,,,,,
746,"مش مطولة كتير , اشوية صبر وبس",,,,,,,
747,متى راح انشوف اول طلائع الجيوش العربية الاسلامية في القدس,,,,,,,
748,انا مو شايف اي مشكلة عادي وما يستدعووو اجهزة الدولة الفلسطينة والاستدعوو فلسطينية ي . . . . وصفحتكم ديما تدعو الى الانقسام لانكم تنتقون الفاظ التفرقة والعنصرية,,,,,,,
749,تعلم اللهجة الفلسطينية بدون معلم,,,,,,,
750,قرب جآي,,,,,,,
751,قزعة,,,,,,,
752,مالك ولا ااااااا,,,,,,,
753,قاعد بتسمم,,,,,,,
754,حدق بندوق,,,,,,,
755,ل ينعن شكله ما ازنخو,,,,,,,
756,انطم اسكت,,,,,,,
757,قرفان عيشتي,,,,,,,
758,انقلع من وجهي,,,,,,,
759,شو في ما في,,,,,,,
760,فلطح,,,,,,,
761,القف,,,,,,,
762,بعرفش,,,,,,,
763,فش,,,,,,,
764,"روحت عالدار ورابطت عالتلفزيون وتلفون طالع وتلفون نازل يسألنا عن الشيخ رائد , كل الحسابات أعيدت وقته",,,,,,,
765,"رحت عالمدرسة وكل شوي أطل عالتلفزيون بغرفة لمعلمين , اجا واحد من الاساتزة ناداني برة الصف وقلي اغتالو الشيخ !",,,,,,,
766,"بالفلسطيني . . بقلك عباس جاب من الأمم المتحدة دولة قبل كم شهر . . وبقلك ما بشوفها إلا واحد وطنياته عالية واللي ما بشوفها """" إنسان مغرض """" .""""",,,,,,,
767,الله يديمكو على راسي يابا و يما . .,,,,,,,
768,بالله عليكم ماهو تعليقكم على هذه الصورة ?,,,,,,,
769,! إلي يشوف مصيبة غيره تهون عليه مصيبته ! ! !,,,,,,,
770,شايف بلادك قديش حلوة يا ( غريب ) . . طبريا اشتقنا فهل يوم العودة قريب ! !,,,,,,,
771,"معصب أبو الشباب : ) الصورة اليوم أثناء اقتحام ضاحية شويكة في الضفة المحتلة . .",,,,,,,
772,هادا الإشي الأحمر الي في الصورة اسمو فلسطين مش اسرائيل,,,,,,,
773,"طيب بس اسمعني , بكرة عندي امتحان واذا معملتوش بطردوني من المدرسة , خليني اعملو وبعدين اعتقلوني !",,,,,,,
774,تعال تعال مش خايف منك,,,,,,,
775,فلسطينية عايشة في غزة ع وجه ال 19 حلمي أشوف القدس وأحمل مريم . أبحث عن السعادة والحرية في العالم منحازة لطبقتي . . منحازة للمرأة دائما . وتموت شريعة هولاكو,,,,,,,
776,صحة يا عم ويارب نبقى نتقابل هناك ; ) ايه والله الواحد بشتقلها رغم انو احنا تبهدلنا اصلنا مش @@Lاط@@ثِة زي بعض الناس :,,,,,,,
777,دانة حبيبتي كنا بالقاهرة بنوفوتيل النيل وهلأ بالغردقة بفندق @@Lاط@@Iبeرْتeل @@Lاط@@َقَُمَرِنe @@Lاط@@رeسْرت مصر بتجنن بس ناااااار,,,,,,,
778,بتزاكري من ورايا ههههههه,,,,,,,
779,ليش أنا بحبك ? : ) - علشان قلبك كبير,,,,,,,
780,مليش ع اللون هادا,,,,,,,
781,"شو بتدرسي ? ? ما شاء الله عليكي فخورة بتفكيرك : ) - هندسة بالاسلامية . . شكرا كتير",,,,,,,
782,يلعنننننن ع هالمسااااا !,,,,,,,
783,"جيراننا ولعت معهم , ضرب مرتو وانهال عليها بوابل من الشتائم وانهالت عليه",,,,,,,
784,شايفني طاشة : /,,,,,,,
785,حبيبتي يا سحر . . والله بتشرف بهالحكي ويارب يقدرني بس,,,,,,,
786,"ملاحظة والله , يا ويلي عليا هادا توجيهي كنو ?",,,,,,,
787,"هل تحبين النقاش ? - بحب الحوارات جدا , والنقاش الهادئ مع اني بنفعل لو صار شيء مستفز جدا خلال النقاش",,,,,,,
788,"صايرة اشوف نفسيات كتير , والعياذ بالله أنا بحب الناس المش نفسيات يعني",,,,,,,
789,"اصلو اليوم ابصر شو فيه بشوف كلام بسم البدن ع آسك , عمريش شفت ناس هيك @@Lاط@@O.ْ مفش إلك جائزة يا مقداد",,,,,,,
790,نفسيات والله يا مجد ما تدقي,,,,,,,
791,زي ما تكول بكرا بدي اسافر ع البلاد,,,,,,,
792,مش بس انا نعسانة حتى عضامي نعسانة : ENGLISHTEXT (,,,,,,,
793,ايش ?,,,,,,,
794,قلبي يما,,,,,,,
795,اللي بياخدو نحو بالاسلامية وبكرا امتحانهم هل الامتحان موحد يا بشر ? ? ? ? ?,,,,,,,
796,"ما بعمم حكي وكل النساء على راسي . . بس مين أعطى الحماية أو بناتها يوصلو لهادا المستوى من العدوانية واللانسانية والدونية ? مين آه ?",,,,,,,
797,"انتي سمعتي قصة وحدا بس من ضمن ملايين القصص اللي بنسمعش عنها , بكرا لما تشتغلي رح تشوفي كتير أمور بعينك ! وللأسف فش أمل في التغيير",,,,,,,
798,ما صارش للي انقتل مشان الفلوس والجشع اسبوع يا غزة ! والله ما صار,,,,,,,
799,العقد الاجتماعية هي نتاااااااااائجها ورح تصير والله لغير نضل هيك لحد ما نصير بنآدمين,,,,,,,
800,يا ويلي علينا احنا . . اخ على الغدر والجشع والدونية والوضاعة زمن . . زمننننننننننن,,,,,,,
801,واللللله عارفة والله خلص والله,,,,,,,
802,"راح نتحرر , مية بالمية رح نتحرر احنا",,,,,,,
803,قتلوا روحين الإم والولد اللي تكون وصرلو 7 شهور ببطن امو,,,,,,,
804,مستحيل استوعب هادا الخبر انا,,,,,,,
805,انتو مستوعبين ? يضربوها ويقتلوها وهيا حامل ?,,,,,,,
806,عنا واحد من ولاد عمامي اسمراني وامور بس يا ويلي كل العيلة بتناديه محمود الأسمر ههههههه,,,,,,,
807,يا هوى روح وقلو,,,,,,,
808,لا التلاتا بس مش حقدر لاني مضغوطة كتير امتحانات ولازم اجيب كم شغلة السفر وبدي بوت اسافر فيه كلو سكربينات وهيك : / حنشغل يومها,,,,,,,
809,يارب عقبال اشوفك منبسط ومنشكح لآخر الدرجات يا عبدالله الهليس يا بركتنا,,,,,,,
810,يا ويلي عليا انا ههههه خلص امانة كأنك ما شفت,,,,,,,
811,مية مية بستناكي,,,,,,,
812,مستحيل اقدر اطلع من البيت قبل السفر بيوم اصلا مليون شغلة محتاجة ويدوب نلحق نحضرهم مش عارفة كيف حركز بامتحاناتي,,,,,,,
813,اوووه والله الأردن عراقة وبلاد . . نفسي اغير عن مصر بس منيح اللي صحالي هههههه الله يسهل علينا يارب وننبسط كتيرر كتير,,,,,,,
814,حتعملي زي ما ممكن اعمل انا بما انو احنا واحد وتيجي تودعيني ليلة سفري والا لا بعرفك زلا بتعرفيني,,,,,,,
815,شايفة يختي ! توقعت اسافر بعدك,,,,,,,
816,الله يسلمك يا كاريزما عقبال ما نشوفك متحرر وطالع برا خالص انت فاهمني ; - ),,,,,,,
817,ههههه معلش سامحنا يا سعادة المحامي بس انهرى وبرنا امتحانات كمان : ENGLISHTEXT (,,,,,,,
818,"نوب مين جاب سيرة قرايب ههههههه ما في النا قرايب , طشة عائلية يا رفيقة العطس :",,,,,,,
819,انا بخلص ب 28 وما اظن اكون طالعة لاول ستة ههههه بس بتهابل وبكوي وبعلق من الفرحة : @@Lاط@@ش اشتقت لمصر ضروووري نطلع قبل,,,,,,,
820,بكوي بأواعي السفر ههههههههه هيهيهيهه مش كادرة أستطيع أصبر,,,,,,,
821,أنا ما قدرت أتحمل بس شوفت انو قبل كم يوم كان يحطلها أغاني ويحكي عنها ويكتبلها . . . يا الله كيف,,,,,,,
822,يا لطيييييييف ! بالخليل واحد حارق بيتو من ضغوط نفسية ! ! !,,,,,,,
823,ليش يختي احنا شو بنلبس - - -,,,,,,,
824,ولي . قصدي لابسين أحلى اشي لأنو لمن نتصور باشي منحبو و مع ناس منحبهم بطلع اشي لزيز .,,,,,,,
825,ولي قصدي إلبسوا أحلى اشي . . بس أشوفكوا بالإجازة ! ! بس أرجع من السفر أنا و هبة . .,,,,,,,
826,تيكبر حدا . . لازم يتعب حدا,,,,,,,
827,ليش لما اتجوز واحد غير راح اكون ماخدة معاه كمبيالة يموت بعدي ? يا ريت الله يبعتلي واحد زي يحيى عياش : ),,,,,,,
828,"شو مواصفاتك لرجل احلامك - يكون رجل أحلامي ENGLISHTEXT معنديش , هيا بتيجي بظروفها",,,,,,,
829,ما في تويتر ? ? ? بيزي ? - اييييه امتحانات,,,,,,,
830,"مشكلة المعبر انحلت الصبح : ) وفتح المعبر , ما تخافي راح تطلعي : )",,,,,,,
831,"آه وكنت رايحة أنجح , بس انصدمت وقدمت منيح",,,,,,,
832,"حنسافر يا رنا احنا كمان , عمال بابا حجز الفنادق ! بس ما في بطارية ع الواتس اقلك تفاصيل",,,,,,,
833,"ومن الأول للآخر , يلعن ابو المصاري شو انها وسخ ايدين !",,,,,,,
834,آه والله الأسبوع الفات ما زرتها لإنو امتحاناتي كلها ورا بعض وما بنام وبتعب كتير فبروح بنام ساعة بالنهار : ( اشتقت للصدف هناك,,,,,,,
835,"والله الشعور اللي بيرافقك الواحد يفوت مش عارف وعارف وكل لحظة وكل يوم هادا شعور بجد عذاب , هوا بيني وبينك مش نيال حدا هههه",,,,,,,
836,"يا نياااااااااااالكم ! إحنا بالتنقيط والمعدل يوم بالعلالي ويوم مسخوط لحد ما يستقر , حاجة بتمزع بجد : ENGLISHTEXT ولا عصب بضل شغال",,,,,,,
837,"ذات مومنت وانت بتفتح صفحة الجامعة وبتستنى تحمل صفحتك مشان تطلع العلامات بوجهك , بتحس قلبك تمزع تمزيع ENGLISHTEXT وقديش بترتاح لما ما تلاقي ENGLISHTEXT",,,,,,,
838,"مصر مبلاش الحركات هاي معانا , رسمي ايش هادا !",,,,,,,
839,قال بدنا نخلص بكالوريوس ونفوت ماستر هيني من هلأ بقلكو حدالله غير أقل حاجة اقعدلي سنة سنتين من غير ما اشم ريحة العلم !,,,,,,,
840,يارب يفتح : ( ( ( وإلا بنهربك يا علا من النفف ورسمي اشي تاريخي بيطلع,,,,,,,
841,المهزلة الحقيقية ان ظروف المعبر قاعدة بتتحكم في تواريخ فرحي ومغادرتي لغزة . . هادا اذا اتفتح اصلا,,,,,,,
842,ههههههه زكرتني بالتحشيش,,,,,,,
843,حبيت ليل نهار ادعي ههههههه ولك فش زيك بدي اكمل دراسة يللا ادعيلي : ENGLISHTEXT,,,,,,,
844,"منا طول نهاري مش متفائلة بهالقصة لما اتفاءل بدك تقوليلي لا , ع العموم يختي قتلت حالي احتمالات : \ بضحك من الحلم , حلو لانو !",,,,,,,
845,"منا فهمت , أما قصة شعري فمن هان لكم سنة بيكون طول تقلقيش خلص حرمت اقصو ههههههه",,,,,,,
846,يارب . . كل معلومة دخلت هالمخ تضل فيه وما يتهرب اشي,,,,,,,
847,بتغدا فيهم,,,,,,,
848,"رح يصرلي 4 أيام مش دايقة طعم الأكل , سدت نفس مش طبيعية مشان هيك تعبانة والامتحانات قتلاني",,,,,,,
849,"ع ايش زعلانين ? والله العظيم بننذل ذل في هالمعبر , قضيت أول السنة هاي أكثر من 7 ساعات فيه حتى يسمحولنا بالعبور , بكيت وتعبت وانقهرت",,,,,,,
850,"يارب بس خليني اتزكر الكم الهائل اللي درستو , بديش اكتر من هيك , ياااااارب",,,,,,,
851,"خلصت 18 ومش عارفة لو حخلص ال 19 لاني شكلي رح أروح أنام لآخر الشهر , تحكيليش سنافر انا والله خلص طهقت : ENGLISHTEXT (",,,,,,,
852,كلو كوم . . ولما اتزكر الصيفي ببدا ب 22 6 كوم تاني ! أنا تعبت خلص قصة الجامعة كلها بديش ياها,,,,,,,
853,وبعدين ميزبطش معاكي وابدي عياااااااااااااط,,,,,,,
854,تعبت : ENGLISHTEXT ( أصعب 4 امتحانات ورا بعض من غير أيام وين العدل بس : ENGLISHTEXT ( ( ( ( ( (,,,,,,,
855,يا بختي أنا بس أتمسى بناس هيك عسل : ENGLISHTEXT ع آخر الشهر يا رولا لو ما شفتك رح اعمل مشكلة مليش دعوة,,,,,,,
856,"طيب اضغط بنزيين ع الآخر وضلك خود نفس ههههه الحمدلله , ان شاءالله ربنا بيوفقك وبيعطيك أكتر من تعبك كمان يارب , أي خدمة انا هنا",,,,,,,
857,"ايييه غايصة بالامتحانات يا سديكي , ع آخر الشهر بكون مخلصة ان شاءالله انت كيف امورك ? كلو تمام التمام ? والضغط فل ?",,,,,,,
858,مش بالزبط بالزبط بس شاكة عارفة تفكيرك اصللي هههههههه بس لو حلو وانتي بتعرفي شو بدي فأكيد يارب,,,,,,,
859,"يارب يكون شي حلو : ENGLISHTEXT ) والله نفسي شعري يطول يختي مش كاينة اعطيه فرصة , اشتقت للبرم اليومي",,,,,,,
860,"مش حيخليني اصحى من ارهاق امتحان اليوم غير عدنان ابراهيم والانكفاء ع الامتحان التاني",,,,,,,
861,تحس ان اللهجه الفلسطينيه والبنانيه بتضيف للبنت رقه,,,,,,,
862,ياه زمااااااااااااان ما حسيت بالجوع ENGLISHTEXT,,,,,,,
863,"يييييي يا حبيباتي انتو , آي لاف يو بوث , عنجد كنت نعسانة بطلت لما شفت كلامكو : ENGLISHTEXT (",,,,,,,
864,مبقتش أخاف في الدنيا غير الوداع,,,,,,,
865,"قمة العباطة لما أوقف حسابي وارجعو بعد يومين . لو لسا بتحكو صباح الخير لهلأ , فصباح الخير يعني",,,,,,,
866,اللي بجبلي سيرة القدس ولا الوطن انتو مش بتعذبوني انتو بتموتوني . بدي جرعة أقل ! !,,,,,,,
867,"لا هادا الجزء مني انفرك بالليمون فرك والوجع جزء اساسي صار",,,,,,,
868,لما تشوفوا صحابكو في مأزق متحاولوش تخليهم ينسو ! هاي مصيبة لإنو رح يعيشو حالة الوجع والمأزق هادا مرة تانية في يوم انتو مش موجودين فيه . واسوهم,,,,,,,
869,ههه بالمناسبة كنت سهرانة مع حسن وهديل نتذكر واسترجعت الموقف وبكيت والكل عاش الجو !,,,,,,,
870,بتعرفي شو بتذكر ? بتذكر 19 \ 7 يوم ما جيتي عندي وعيطي اول ما شفتيني وحكتيلي فش اشي بالدنيا مستاهل دمعتك . . رنا يا أختي اللدودة,,,,,,,
870,بتعرفي شو بتذكر ? بتذكر 19 7 يوم ما جيتي عندي وعيطي اول ما شفتيني وحكتيلي فش اشي بالدنيا مستاهل دمعتك . . رنا يا أختي اللدودة,,,,,,,
871,"مريمتي الغالية . . مشتقالك كتير , الله يوفقك ياااااااارب ويعطيكي ليرضيكي : ENGLISHTEXT",,,,,,,
872,والله انك عسل يا سارة صح كلامك مش عارفة كيف نسيت انو في شغلات اعملها ممسك هههههه حياتي,,,,,,,
873,"يعني هي بدها تحمل 9 شهور وتستحمل وجع الحمل والطلق والولادة وبالآخر هو """" بدوش يعجبه الاسم """" "," لا والله ENGLISHTEXT""""",,,,,,
874,والله منا عارفة : ENGLISHTEXT,,,,,,,
875,نفسي احط بالبيو : بشرحش فيزيا وكالكولاس لحد !,,,,,,,
876,أيوا شديها من شعرها الكلبة هي وأضربيها بالكندرة كمان,,,,,,,
877,مريم حبيبتي لما يحكولك امك كانت تعيط 24 ساعة عشان محدش فاهمها تزعليش لانو لما تيجي حيكون في حد فاهمني وقتها وحيكون تغير الوضع : ENGLISHTEXT ) ENGLISHTEXT يما ?,,,,,,,
878,يارب تكونوا شبعتوا لطم ع النكبة,,,,,,,
879,يا الله ليش هيك : ENGLISHTEXT ( : ENGLISHTEXT ( والله ما هو ناقصنا مصر تسكر بوجهنا لما سافرت بعد قتل الجنود في رمضان كان الشعب مليان غللل وهاتك اقنعهم,,,,,,,
880,عباس حاكي عن صفد ? هه,,,,,,,
881,لا يا عم الوعي يقتضي فهم كل حرف : ) بالمفضلة ع آخر الاسبوع الجاي بخلص امتحانات ورح اغلبك معايا كتير وقتها . . ادعيلي بس : (,,,,,,,
882,يا ريت والله ! ما كنت واعيالها هالقصة . . ونورتي الانترآكشن : ),,,,,,,
883,هوا كان بالزبط يحكي عن البقية اللي ضلو في المجدل و قرية هوج اللي بالأول ما مسكوها اليهود .,,,,,,,
884,خلصت هيني .,,,,,,,
885,"قاعدة بغرد عنه , بقتبس كل الأقوال اللي حكاها بالفيديو الكامل مش بالتقرير .",,,,,,,
886,"وبيجي واحد فيلسوف بيحكي ليش أهالينا فرطوا بأرضهم وهربوا , لو ضلوا وصبروا كان ما طلعوهم ! حسبي الله ونعم الوكيل بس",,,,,,,
887,"مزبوط النكبة صارت قبل 65 سنة ! بس بتعرفو شو النكبة الحقيقة ? النكبة الحقيقية هي ان نرضى بتلك النكبة , ان نرضى بها وأن نكتفي بالبكاء على ذاك البحر",,,,,,,
888,لو متت من غير ما أشوف مريم وصوها ما تدرس طب وهندسة أبدا . برضايا عليها ما تعمل هيك,,,,,,,
889,مريم حبيبتي امك لازم تروح تدرس مشان تعرف تشوفك !,,,,,,,
890,"اييه يا بنتي يا مريم , مش عارفة بس تيجي شو بدي احكيلك تاحكيلك عن هاللي بيصير !",,,,,,,
891,مش ضايل غير حدا يجي يحكيلي @@Lاط@@حَةةي @@Lاط@@ٌَكبَ بلاش منها حفلات الرقص وهز الكتف . . . .,,,,,,,
892,يا إمييي : ENGLISHTEXT ( بتصحى مكفهر !,,,,,,,
893,ايييه والله المرأة بتجاهد في هالحياة,,,,,,,
894,فهمناها نسهر مشان ندرس . . بس ما نعرف ننام واحنا بنفكر بالدراسة هاي قتلاني !,,,,,,,
895,ضل واحد بالعالم بجوز بنتو ب 5000 دينار ? ENGLISHTEXT وبيفاصل ENGLISHTEXT,,,,,,,
896,"هادي الجملة الخبيثة اللي كل واحد مش عارف يتصرف معك او مخو غير مخك لازم يحكيلك ياها , تحولت لمرض !",,,,,,,
897,"اييه معك بهالحكي . . بس بحسها معظمها توعية """" غير واعية """" وقليل لما تلاقي حاجة جديدة مستاهلة كلو كلاشيهات . . بيصيبني اكتئاب بهاي الأيام .""""",,,,,,,
898,"وكمان هادا لا يمنع انو يكون في توعية بتصير ع طول وبتزيد في المناسبات هاي بس الاشي ما يتحول لعبء بيترافق مع يوم معين فقط @@Lاط@@#ةت الميدان أهم",,,,,,,
899,"بنفوت ع هالشبكات في المناسبات الوطنية بنلقي عن كاهلنا الحمل والعبء الوطني وبنروح بننام . طب ما هادا أس الخراب # النكبة",,,,,,,
900,مش هادا اللي بيصير يا أحمد بس الاعتيادية والكلاشيهات بتقتل وهاي طريقة للتعذيب من جوا مش رمي الحمل ع الشبكات ويحسو انو الدور انتهى,,,,,,,
901,"رح اعملها بيوم بس اعرف اخدو , ع الاجازة بوعدكم حاجة فاخرة",,,,,,,
902,في يوم من الايام رح الطش كيس الرسائل واعملو كتاب واخلي العالم يتعلم من امي وابويا الحب في المنفى شو معناه,,,,,,,
903,لو ما صارت النكبة كان ما شفت الرسائل اللي كان يبعتها بابا لإمي وهوا مبعد في مرج الزهور . والله هادول رسائل تفوح منهم رائحة الحب والقداسة,,,,,,,
904,ع فكرة في منو لانو ابويا تجوز امي وعرفها من الاعتقالات والشغب والمشاكل اللي كان يعملها مع خوالي وكان يروحلهم ع الدار ويشوفها,,,,,,,
905,هيك جبتها . انا لا شايفة فكر مقاوم ولا شايفة ثوابت وع هيك مفش حد بالموضوع احترمو وشكرا,,,,,,,
906,"ومشان لو في حقيقة إلها مؤيدين ومعارضين . طبعا , ببساطة أحقيتنا في فلسطين حقيقة نص العالم منكرها",,,,,,,
907,"في حقيقة ناس بتختار تشوفها وناس بتتجاهلها , دخلك شو الأحزاب بتعمل مشان القضية ? بس غير صف حكي و وترماية كلام على بعض !",,,,,,,
908,ليش هوا أنا بستنى من حقوق مثلا ? أنا بحكي الحقيقة ما بجيب شي من دار أبويا !,,,,,,,
909,ولا حرق قلبي إلا لما شفتهم كيف بيفوتوا بجزمهم على الحرم الابراهيمي وهيك واقفين كإنوا محل أبوهم . . اييييه,,,,,,,
910,بقدر أعرف مين شخصيات رح تيجي على احتفالية فلسطين للأدب ولا بيحكو متأخرين ولا كيف ?,,,,,,,
911,"طيب بما انو هاي مشكلة , فما تعرض مشاكل جيب حلول : ]",,,,,,,
912,ما بنسوى ذرة حاجة بالدنيا واحنا ما بنقدر نروح ع بقية فلسطين ! أقل حق مش قادرين نطالب فيه وفصائلنا الوضيعة مقضياها فنادق 5 نجوم ! كلو مسخرة,,,,,,,
913,الله يمكت عيشة اللي شحرنا هالشحار,,,,,,,
914,"حكينا بدنا نرتاح """" شوي """" من الشغل . . بس والله زهقنا من قعدة البيت""""",,,,,,,
915,شو عملتوا اليوم يمه ? - اليوم يمه كنا نقول تيرا را را ورى نانسي,,,,,,,
916,هاتي ألف دولار و أنا بدي اضل أهويلك لآخر الصيف وين ما تروحي,,,,,,,
917,لالا غنى ليبي و جزائري الولد طلع لغات,,,,,,,
918,خدو نانسي و أعطوني الورد الي حواليها,,,,,,,
919,عساف @@Lاط@@Vص جوجل ترانزليت,,,,,,,
920,الله الله نخي نخي بس بعيد عني الله يقرفك :,,,,,,,
921,كلو إلا أبو عدنان يا صرامي,,,,,,,
922,يوما ما رح تنفشخوا في الشوارع و ننزل نطرطر على روسكم يا عرصات,,,,,,,
923,الغزازوة نقوا على الجالكسي اس 4 و الله غير يفقع بوجوههم,,,,,,,
924,الي بيعد العصي مش زي الي بياكلهم :,,,,,,,
925,لا بس قاعد بلبس و بدي أنزل هناك عدها قطعت الكهربا عندي,,,,,,,
926,"و الله ع راسي كزدرة دولة الخليل و شعبها الأصيل . . بزبط تعملولي لجوء سياسي عندكم ? و الله بحبكم من صماصيم قلبي",,,,,,,
927,يا ويلي من الخلايله : ) ما حد بيطلع معهم براس : ),,,,,,,
928,"احنا من زمان معلنين استقلال جمهورية الخليل , , , بس شكلكم بعاد شوي عن الأخبار ;",,,,,,,
929,شكلهم اعلنوها و خلصوا ههههه ع راسي الخلايلة و الله,,,,,,,
930,الخلايلة مولعة معهم إنه فش ولا وزير خليلي بالحكومة الجديدة و احتمال كبير يعلنوا استقلال دولة الخليل من هنا لآخر الأسبوع,,,,,,,
931,إزا ما عملت معرض يطن و يرن قبل نهاية 2013 رح أبيع الكام و أفتح عربية ترمس,,,,,,,
932,"بس يكون معرض عاد مش بس طن ورن , فدعوس بطن وبرن يا برنس , ولن يكتمل المعرض إلا بخزاعة",,,,,,,
933,"رنة و طنة ذهب يا عيون مش فالصو إن شاء الله و أكيد نحن نعول على خزاعة و أهلها",,,,,,,
934,انت ولا أي حدا وانت مفلس,,,,,,,
935,كبر العنقود و خلص العنقود و بعدن عم يغفو بقلبي عينيها السود,,,,,,,
936,هههههههههههههههه خطأ مقصود بدي أشوف مين بركز معي و تقريبا محدش انتبه غيرك بكرة قهوتك عليا ; ),,,,,,,
937,وقعتنا مع محامية يافاوية يخو,,,,,,,
938,أنا إزا هاجرت ع أي مكان رح آخد الشلة الي مش عارف شو أسميها معايا لأنه و حيات قرعتي ما إلهم مثيل بأي مكان في هالكوكب اللعين,,,,,,,
939,مشان البهيم الي بيزاود ?,,,,,,,
940,ههههههههههههههههههههههه رقعت ضحكة شبيهة بضحكة منال,,,,,,,
941,الله يبارك فيكي يارب و عقبالك نشوفك في قنوات عالمية و نشخص فيكي,,,,,,,
942,من أهم فوائد الكرش إنك ممكن تستخدمها @@Lاط@@مُْسe @@Lاط@@ةَد لمن تكون منبطح ع سريرك انت و اللاب توب,,,,,,,
943,احنا شعب بحب الحياةوالشوئسمو .,,,,,,,
944,احنا حبنا حب أفعال و ليس حب أقوال و هيكا ; ),,,,,,,
945,أبقدرش أنا بحبه من أيام يا ميمة جنب الخيمة دعس خيول معليمة,,,,,,,
946,نزلت أشتري دوا من الصيدلية وقت برنامج آراب آيدول كان منع تجول في شوارع # غزة فش غيري أنا و البسس المشردة,,,,,,,
947,"هههههههههه أصيلة أصيلة و الله يا منى ENGLISHTEXT طول ما انتوا بضهري أنا حروح اعدام ان شاء الله مش حتلحقي تجبيلي دخان و حلاوة و بلاش بشعر :",,,,,,,
948,ازا بتبعتلي الصبارات تبعونك بعفوا عنك يخو يا مهند :,,,,,,,
949,ههههههههههههه مصيره يوصللهم الحكم الإخواني بخليهم يحاسبوه بأثر رجعي,,,,,,,
950,ضلكم اعملولي ريتويت و الله لأعترف عليكم كلكم من أول كف,,,,,,,
951,هو الغزازوة والفلسطينية متحمسين لمحمد عساف زينا ?,,,,,,,
952,أبو العبد شاف الصورة و التويتة و بعتلي مسج إنه أضحك الله سنك,,,,,,,
953,ومشاريع البزنس الي بيننا لمين تروح,,,,,,,
954,"انت حبيبي و صاحبي و كفاءة بس هاي حصتي خط أحمر",,,,,,,
955,ههههه احنا كنا مبسوطين انك مبسوطة و مركزة في المعركة,,,,,,,
956,و الله الوصفة سرية طلعت عند دار الحاج يخوك,,,,,,,
957,أنا بديش أكون شباك و أحكيلك عوسج ايش عيب ع العصير و القهوة تبعتك,,,,,,,
958,على ذكر قرعتك ; بس يصير عندك أولاد بتزبط بس نقولهم يلعن قرعة أبوكم,,,,,,,
959,و يعلم الله إني شربت عصير ليمون في بيت مولانا طشطش ع قلبي و طاش به عقلي,,,,,,,
960,والله كانت قعدة تجلي يا أخونا في الله,,,,,,,
961,عوسج حاول ينقل الصورة تبعتي على البي سي تبع مولانا قامت لطشته الكهربا و الله,,,,,,,
962,على الله يتمر فيهم و يشغلوا المولد التالت زي ما حكوا,,,,,,,
963,حبايبي و الله الخلايلة,,,,,,,
964,حالة حرمان عاتفي و بعزقة مشاعير تسود التايم لاين,,,,,,,
965,ع فكرة أسلوب الرشاوي بزبزطش مع الأقرع و هيك انتو بتتحركشوا بنزاهتي و قد أعذر من أنذر :,,,,,,,
966,شوف بما انو الصور بتطلع انا ممكن اعطيك مش خمسة شيكل لا نقول عشرين عشان خاطر اللد و متطلعش حاجة بتخصني,,,,,,,
967,بصورش عيال سيس هع هع,,,,,,,
968,الاقرع هاد بدو واحد يستناه عالبوابة واحنا مروحين ويكسر كاميرته,,,,,,,
969,أبوك يا الخوف يا مقطع الركب,,,,,,,
970,ابننا حليوة من يومه و يشهد الله الزنبقة ما بتجيب من دارها,,,,,,,
971,عوسج في لحظة رخرخة و تجلي و زهزهة,,,,,,,
972,بقدرش بعدين العناصر النسائية في تويتر بتتحرك ضدي,,,,,,,
973,ليش على علمي اليوم مريحينهم من وجوهنا,,,,,,,
974,و اللي واقع بالهوى كيف بدو يتوب,,,,,,,
975,عفوا روحي اقري الي كتبتيه كيف كان مكتوب و لمين المنشن محطوط و كيف صياغتك موجهة إلي بدون ذكر للفصائل,,,,,,,
976,اوزني كلامك مرة تانية مشان ما تسمعي جواب يزعلك,,,,,,,
977,سؤالك موجه الي مش للفصائل و الكل شايف منشنك إلي أنا مش ممثل الفصائل ع تويتر مشان تسيئي أدبك معي الرد من جنس السؤال كان,,,,,,,
978,هبل شو ولي ! ! و مين الي بجري وراه ! !,,,,,,,
979,"بلغني مكتبهم الاعلامي انه بكرة بعد صلاة الضهر من المسجد العمري لمفترق السرايا بس حشوفكم بعدها حسب ما وصلتني الانباء",,,,,,,
980,هلقيت لو رجعت الخلافة الاسلامية بيرجع موضوع السبايا من الفرنجة و هيكا ?,,,,,,,
981,بكرة عندي تغطية مسيرة حزب التحرير الي زعلانين على الخلافة الإسلامية,,,,,,,
982,الله يحرق أهله الي خلانا نصير أون لاين ع الفيس حتى و احنا اوف لاين و بعدين مع هالشغلة يالله كل غزة صارت مشتقالي,,,,,,,
983,"حب الاشي الي طلبته مع أسماء المدربين شو بحكوله بالعربي شبابنا ثقافتهم فرنسية زي ما تقول ?",,,,,,,
984,بكرة بس أموت بتصيروا تعملوا هاش تاج تحطوا فيه مقولاتي و حكمي و تشخصوا فيا,,,,,,,
985,يا سلام عليا و أنا حكمي بيتداولها الشعب احم احم,,,,,,,
986,مجنونة هالصبية و الله مجنونة,,,,,,,
987,إلا البحر و الله بحرقهم و بقلبها وحل ع راسهم,,,,,,,
988,هههههه هاتوا ازبطلكم اوضاعكم و تقلقوش عليا,,,,,,,
989,"عدها ولاء شخرتلكم انتو الجوز",,,,,,,
990,ع بروفايلك انتي و هوا بدي أعرف أحب :,,,,,,,
991,أيوا هيك يا قرابة يسعدك ورد و حاجات حلوة هي صحيح الدنيا زووبالة بس بدها تدحل خاوة خاوة,,,,,,,
992,"و الله ياغالي طول ما أنا في هالبلد و بزنس البلد حدخل على الحشيش و الإبر إن شاء الله :",,,,,,,
993,و الله أنا عاطل بعرف : (,,,,,,,
994,مساكين و الله الناس الي ماتوا قبل اختراع التوست :,,,,,,,
995,هما الناس تاعين زمان كيف كانوا عايشين من غير سندويشات الجبنة الصفرا السايحة,,,,,,,
996,أنا عايز بقرش حشيش,,,,,,,
997,أنا شو الي خلاني أقبض السوشيال ميديا جد منا كنت مقضيها هبل و مبسوط,,,,,,,
998,و الله لنكيف يا أماني صبرك بالله بس,,,,,,,
999,حاسس حالي تخوزقت بهالمسبة و بطل إلي أي أمل آجي ع رام الله هدا ازا كان فيه أمل من الأساس :,,,,,,,
1000,عندي فائض حسنات حبيت أبعزق شوي ع هالمسا,,,,,,,
1001,ياجوز النور البنات كل يوم بتقابلوا و احنا النا سنة بدنا نشرب فنجان قهوة مع بعض مش عارفين أحا,,,,,,,
1002,يفظح عرظها البلد الي بتخباش فيها حاجة :,,,,,,,
1003,نصهم باعتين بدهم صورهم ENGLISHTEXT توهمش كتير يعني,,,,,,,
1004,27 رسالة ع الفيس بوك لو بدي عشر دقايق رد لكل رسالة يعني بدي خمس ساعات إلا شوي مشان أخلصهم و أنا عايف حالي من الحر,,,,,,,
1005,الي عجبني أكتر من الكومنت تبعها إنها عملت لحالها لايك بعد ما كتبته,,,,,,,
1006,هدول اللي بيحطوا الهمزات بدل القاف بدوا كل واحد فيهم كفين,,,,,,,
1007,"وحدة بعرفهاش بعتالي رسالة ع الفيس تعليقا ع البوست تبع توقيف دورية الشرطة إلي اليوم """" الشرطة مالئيت غير اتوئفك الك""""",,,,,,,
1008,الشرطة جاية لصاحبي عنده استراحة ع البحر وحكتله ممنوع تنزل شيشة للبنات حكالهم طيب لو واحد جاي مع مرته وطلب شيشة ومد على مرته الشيشة شو أعمل ?,,,,,,,
1009,سرح الشرطي كتير بعدين حكاله و الله هاي الصحيح ما خطرت ع بالنا و ما عنا قرار فيها بس مبدئيا برضو تنزلش شيشة اله كمان,,,,,,,
1010,"مين قال القطة المغمضة بريئة ? بلكي بس هي نايمة وبتحلم بأشياء وسخة ? . . . - أعجبني خيالك الواسع",,,,,,,
1011,لا يا كبير أنا مطلع على مآسي الشباب الي سبقوني إلى طريق التهلكة و مشان هيك بايعها و احنا ع البر :,,,,,,,
1012,"لا ان شاء الله بتتجوز الشهر هاد - هيك خبط لزق بدون ما أخطب ?",,,,,,,
1013,محمود درويش تزوج بحياتو اشي ? ? - مرتين و فركش,,,,,,,
1014,واضح انكم مكيفين وواضح أكتر انكم مش عارفين انتوا ليش مكيفين,,,,,,,
1015,كمية البيض الي فقشوها الفلسطينيين اليوم ع التايم لاين بتعمل عجة تطعمي كل سكان مجرة درب التبانة,,,,,,,
1016,"جزء كبير من مشاكلنا في غزة تنبع من الفضاوة . . احنا شعب فاضي يالله",,,,,,,
1017,ازا رئيس الوزرا تبعنا فاضي و من الفضاوة بيطلع يكزدر كل يوم بالشوارع و بخليش عزا في غزة يفوته و بيزور الختايرة صحبات امه,,,,,,,
1018,"طيب بنلف احنا وياه مش مشكلة , بس هو بيوخد مصاري ع فضاوته , احنا بننفشخ",,,,,,,
1019,آخر انشكاح :,,,,,,,
1020,فكرك أنا بعرف مين و كام واحد مشارك ? بس توي حكوا انه بعد هاي الي بتجعر,,,,,,,
1021,الحمد لله انه دور عساف قرب قبل ما تفقع مرارتي,,,,,,,
1022,الهبل الفلسطيني بطرطش طرطشة ع التايم لاين,,,,,,,
1023,تضيعيش الموضوع يوم السبت بتجيبي حصتي من آخر قبضة قبضتيها انتي و رنا و ياسمين و الا حجرس فيكم :,,,,,,,
1024,بتصير جريمة قتل بغزة بطلعلك حمساوي بيقلك عادي بكل دول العالم بتصير بدك الحكومة تحط شرطي لكل مواطن بس لو انفعصت جاجة بالضفة بقلك فلتان أمني,,,,,,,
1025,توي أجت الكهربا يا فجرة يا كفرة يلعن أكبر شنب فيكي يا حكومة,,,,,,,
1026,كلو بسوابو,,,,,,,
1027,احنا شعب نغش و مهضوم يا إيناس مو بس نوابنا و قياداتنا . . النغاشة أسلوب حياة :,,,,,,,
1028,صحيح بس هما لاطشين الخبر لطش أنا قريته ع وكالة حمساوية نسيت أنهي وحدة فيهم,,,,,,,
1029,نظمنا بيت شعر إجو المهجرين أعدو فيه,,,,,,,
1030,أخدنا موقف ما ضل سيارة ما اجت صفت فيه,,,,,,,
1031,بالحرب مكناش نلاقي وقت نزهق فيه,,,,,,,
1032,تنسوناش من التمويل يا حبايب . . . الي بياكل لحاله بيزور و الماسونية تحب الخفية .,,,,,,,
1033,انا لازم آخد حصتي ع داير مليم من الديوان و الا حفضحهم,,,,,,,
1034,واضح انه ديوان غزة بيسمسر من ورايا و أنا مش عارف,,,,,,,
1035,ما بيقهرني إلا اللي بقلك حط حالك محلي يا حبيبي أنا محلي مش عارف الله وين حاطو,,,,,,,
1036,مش لاقيين الا سيرة الجيزة تفتحوها فتحتوا نفسي يا كفرة ENGLISHTEXT,,,,,,,
1037,يوم ما أبطل أعاتبك اعرف انك بطلت تفرق معي,,,,,,,
1038,"الحكومة السنة هاي بغزة أعلنت انها بتفتخر بالاكتفاء الذاتي من البطيخ و انا بحاول اقززكم منه خليهم يعملوه تتطلي",,,,,,,
1039,كافئتني بكاسة قهوة و حبة شكليطة يبي ما أحسني,,,,,,,
1040,منبهر من أدائي اليوم مصور كام صورة عالميات ع طول مفاجئني أنا,,,,,,,
1041,أووووكيشن و ألف ألف ألف مبروك التخرج عقبال التخرج الرسمي هيك و نيجي نتحلى برام الله ; ),,,,,,,
1042,و الله ياعيون أنا كمان . . غالبا بتلاقيني العصريات و المغربيات متلقح ع غرزة السلام ع البحر كلمني أي يوم فاضي و بنتشاوف,,,,,,,
1043,"واحد ألماني معلقلي ع صورة الخروب """" ENGLISHTEXT ENGLISHTEXT ENGLISHTEXT ENGLISHTEXT ENGLISHTEXT ENGLISHTEXT ? """" شو أقله هدا ? حد يفهمه غلطه يا جماعه""""",,,,,,,
1044,صوت الاباتشي عندي مرتبط بأول ليلة اجيت فيها ع غزة سنة 2002 صار اجتياح و كانت الأباتشي برنسيسة الحفلة و كيفنا آه و الله كيفنا : (,,,,,,,
1045,مهو كيف بدنا نفسخهم ? بدنا نرفع المستوى و السقف ياعيون و نخليهم بلابيص في القاع ; ),,,,,,,
1046,حاسس حالي قاعد معاي,,,,,,,
1047,ههههههههه حبيبي أنوس خلينا نشوفك قريب بس بدون أفلام المرة هاي . . صحيح لقيت شغل ? :,,,,,,,
1048,"و الله لحتى الآن مش عارف كيف وقتي حيكون بس رح أحاول جهدي أحضر ان شاء الله . . صحيح الساعة خمسة حسب اعلانهم :",,,,,,,
1049,أبعتذر عن كلشي إلا الهوى ما للهوى عندي عذر,,,,,,,
1050,اهااا عرفته قريب من بيتي يعني بس ما جربته و لا مرة . . خلص بنجربه مدام ع ضمانتك : ),,,,,,,
1051,هههه وضعكم صعب يا حزين انتو صيف شتى,,,,,,,
1052,لا و الله عرباية بالشارع و أنا ماشي صورتها بس طبعا ما شربت :,,,,,,,
1053,بنصحكاش مشان صحتك و الله و الانسان دعيف أساحبي,,,,,,,
1054,ابشري و زكرتيني و الله عندي كاسيت إمي مسجلة عليه صوتي أول مابديت أحكي,,,,,,,
1055,"خزاعة مولعة بعد حادثة اليوم , والشرطة تحاول ظبط الوضع",,,,,,,
1056,تشدش عليا كتير يخو يا مقداد بلاش أخذلك :,,,,,,,
1057,قاعد في غرزة كل الي فيها بيغنوا مع عساف و قلب الوضع دندرة أول ما طل عساف,,,,,,,
1058,الشباب نسيو عساف و الي جاب عساف بس شافوا الأحمر :,,,,,,,
1059,بدك تضربي سوقي فوق ما هو مضروب :,,,,,,,
1060,بتضلك تضحك ع حالك و تأجل هداك الوقت الي لازم تقعد فيه مع حالك و تاخد قرار حاسم لحد مايجي وقت يصير مطلوب منك تاخد دستة قرارات مصيرية مرة وحد,,,,,,,
1061,فردا يا شعبي فردا,,,,,,,
1062,الخبل ما له عيادة,,,,,,,
1063,والقول في المعقول,,,,,,,
1064,بناقص وله بزيادة,,,,,,,
1065,عمره الحق ما كان حقين,,,,,,,
1066,والباطل ما عاش للستين,,,,,,,
1067,الدمع ساكن هالعين,,,,,,,
1068,وطول عمرنا متغربين,,,,,,,
1069,"بنتنقل من لطمة , لنكبة",,,,,,,
1070,"ومن جولة , لجولة",,,,,,,
1071,ودوم المفاوضات ما بجيب دولة,,,,,,,
1072,الوقت ما عنا اله حساب,,,,,,,
1073,بمر بالمر والسيف عالرقاب,,,,,,,
1074,بنرجي الصبر,,,,,,,
1075,والصبر من القهر ذاب,,,,,,,
1076,العدالة في دنيتنا عملة الكذاب,,,,,,,
1077,و حالنا عالورق بصفحة بيضا,,,,,,,
1078,بتقصر وبتشفر في كل كتاب,,,,,,,
1079,بدعوا للقمة والكل بارد الهمة,,,,,,,
1080,بخطاب بندد وبشجب الارهاب,,,,,,,
1081,برضونا بكرت التموين,,,,,,,
1082,بكابونة عدس وعلبة سردين,,,,,,,
1083,"بالمخيم , ما في واحد ولا اثنين",,,,,,,
1084,في شعب لاجئ بالملايين,,,,,,,
1085,بهتف وين الوحدة وين,,,,,,,
1086,وين الحجر وين السكين,,,,,,,
1087,يا ابو مازن نادي بالثورة,,,,,,,
1088,نادي الكتائب والملثمين,,,,,,,
1089,وقف صوب شعبك ولا تلين,,,,,,,
1090,عن ثوابتنا لحين,,,,,,,
1091,افهم يا محتل,,,,,,,
1092,احنا هيك هيك راجعين,,,,,,,
1093,شعر بالعامية . . أبو مازن نادي بالثورة . . وقف مفاوضاتك,,,,,,,
1094,تم النشر قبل بواسطة عبد الحميد عبد العاطي,,,,,,,
1095,يا جبريل حج فيا لبلادي . .,,,,,,,
1096,يا جبريل,,,,,,,
1097,حج فيا من ابريل,,,,,,,
1098,عيافا عجنين,,,,,,,
1099,وعكا وصفصافا . .,,,,,,,
1100,عالجليل وجبالها,,,,,,,
1101,عكروم الخليل وغزلانها . .,,,,,,,
1102,اطلع فيا عدوار الملك,,,,,,,
1103,عالقدس والدمعة,,,,,,,
1104,وحمام البقعة . .,,,,,,,
1105,اطلع فيا عالمجدل عيبنا,,,,,,,
1106,عجامع ابراهيم سيدنا . .,,,,,,,
1107,اطلع فيا عالكنيسة عالدهيشة,,,,,,,
1108,عنهر طبرية,,,,,,,
1109,عالجولان عالظهرية . .,,,,,,,
1110,اطلع فيا حملي ثقيل,,,,,,,
1111,حامل أشواقي وتهليل,,,,,,,
1112,حامل حسرة جدي,,,,,,,
1113,وهال القهوة والمدة,,,,,,,
1114,حامل رسمه لبلادي,,,,,,,
1115,و مفتاح وثيقة ميلادي,,,,,,,
1116,حامل بندقية,,,,,,,
1117,وعملة عتيقة,,,,,,,
1118,وصورة فلاح بيارة,,,,,,,
1119,لوز وتين وختيارة,,,,,,,
1120,وثوب مطرز بالعنبر,,,,,,,
1121,بالريحان بالحنون الأحمر . .,,,,,,,
1122,بيدي بفرك بيدي,,,,,,,
1123,سنين الغربة,,,,,,,
1124,وبرجلي بدبك للعودة . .,,,,,,,
1125,عيوني ما شافت نكبة,,,,,,,
1126,ولا نكسة ولا حتى وكسة . .,,,,,,,
1127,سمعنا عنهم سمعنا,,,,,,,
1128,من ستي وستك حكايات,,,,,,,
1129,اسمعنا عن جارتنا,,,,,,,
1130,عن شجرة تمورتنا,,,,,,,
1131,عن كرم ابو حسن,,,,,,,
1132,وابو غسان,,,,,,,
1133,مختار حارتنا . .,,,,,,,
1134,عن السبع والضبع,,,,,,,
1135,قطاعين الليل,,,,,,,
1136,عن زفة عريس,,,,,,,
1137,فوق الخيل . .,,,,,,,
1138,عن طهور الولد,,,,,,,
1139,واكلة الكسرات,,,,,,,
1140,وزغروتة البلد,,,,,,,
1141,بوقت الزيارات . .,,,,,,,
1142,عن طربوش البوليس,,,,,,,
1143,وحكمة العواجيز . .,,,,,,,
1144,يا جبريل,,,,,,,
1145,اسري فيا من غزة,,,,,,,
1146,ولا تهدي,,,,,,,
1147,إلا وأنت بأرضي,,,,,,,
1148,ما بدي سما ولا قصور,,,,,,,
1149,ولا حواري ولا نهور,,,,,,,
1150,بدي وطني,,,,,,,
1151,نعنع روحي,,,,,,,
1152,نسيم مخمر,,,,,,,
1153,بجروحي,,,,,,,
1154,بدي عقال جدي,,,,,,,
1155,وعكاز جدك,,,,,,,
1156,بدي لا ما بدي,,,,,,,
1157,ومن قال انه ما بدي,,,,,,,
1158,بدي جنة ربي,,,,,,,
1159,لكن,,,,,,,
1160,بعد ما اقسم,,,,,,,
1161,روحي لأرضي وعرضي,,,,,,,
1162,بدي ولأدي ما يموتوا قهر,,,,,,,
1163,علي وطن لسا بيحتضر,,,,,,,
1164,علي وطن مكتف بالفتنة,,,,,,,
1165,وحدوده قشرة بطيخة,,,,,,,
1166,الوقت اللي إحنا بنكبر فيه,,,,,,,
1167,بتكبر فيه المهاناة,,,,,,,
1168,بتعلم فينا الراعنة,,,,,,,
1169,وبتسلب منا الطاحونة . .,,,,,,,
1170,من جوا صرنا فاضيين,,,,,,,
1171,للكابونة وكيس الطحين,,,,,,,
1172,يا فلسطيني,,,,,,,
1173,يا فلسطيني,,,,,,,
1174,إذا بدك قريتك تعود,,,,,,,
1175,من الخدود للحدود,,,,,,,
1176,اركض . .,,,,,,,
1177,ما تجرب صبر الجدود,,,,,,,
1178,أصلوا جربنا وتعبنا,,,,,,,
1179,إحنا ضعنا من ورا كلمة بكرا,,,,,,,
1180,تم النشر قبل بواسطة عبد الحميد عبد العاطي,,,,,,,
1181,"قصيدة للعملاء الطلقاء",,,,,,,
1182,الخائن ما هو إنسان,,,,,,,
1183,كائن من كان,,,,,,,
1184,"مجوسي , ساقط , شيطان",,,,,,,
1185,نذل ما عنده شرف ولا ديانة,,,,,,,
1186,ولا حتى ذرة كرامة,,,,,,,
1187,متشبه فينا وبأراضينا,,,,,,,
1188,ومن كأس المهانة بيسقينا,,,,,,,
1189,العمالة عنده وجهة نظر,,,,,,,
1190,فلوس ونسوان وسهر,,,,,,,
1191,والمصيبة ولو كانت مبدأ,,,,,,,
1192,متجند بدأها لنبدأ,,,,,,,
1193,حرمة بيوتنا دخلناه,,,,,,,
1194,ومن صدر أمهاتنا أرضعناه,,,,,,,
1195,ومن عنب قوتنا طعمناه,,,,,,,
1196,ويوم إن شب بربوعنا خذلنا,,,,,,,
1197,وينك يا الخضر . . ?,,,,,,,
1198,تعرف,,,,,,,
1199,مين اللي عقرنا,,,,,,,
1200,ومين باقي عالدهرنا,,,,,,,
1201,شهادة بتتولاها جنة,,,,,,,
1202,وحواري بكر مثل الأجنة,,,,,,,
1203,تشرين يمر وتغيب سنين,,,,,,,
1204,والعمر بين الكف والسين,,,,,,,
1205,الخيمة والعكاز حكاية أبونا,,,,,,,
1206,واللوز الأخضر مضلل عالطاحونة,,,,,,,
1207,كيف ترضي يا من كنت أخونا,,,,,,,
1208,توشي عن أبطال من عمرهم وهبونا,,,,,,,
1209,فكرك تهرب منا,,,,,,,
1210,لا وحياتك . . ارجع للتاريخ,,,,,,,
1211,شوف شو سوينا بلي فكر يوارينا,,,,,,,
1212,خذ دروس وعبر ولا تقع تحت الموس,,,,,,,
1213,لأنه اللي بقع ماله جنازة عنا ولا عازة,,,,,,,
1214,لأنه اللي بقع ماله جنازة عنا ولا عازة,,,,,,,
1215,تم النشر قبل بواسطة عبد الحميد عبد العاطي,,,,,,,
1216,للتذكير . . .,,,,,,,
1217,للتذكير,,,,,,,
1218,خريطة دولتنا . .,,,,,,,
1219,ما بتتقسم ولا بتتكسم,,,,,,,
1220,ولا بتتبدل ولا بتتسلم,,,,,,,
1221,خريطة دولتنا . .,,,,,,,
1222,ما بتسع لاثنين,,,,,,,
1223,وإذا قامت دولة,,,,,,,
1224,ما بتصلح لشعبين,,,,,,,
1225,أرضنا عقدنا,,,,,,,
1226,مفصلة تفصيل,,,,,,,
1227,ملامحنا بزرعنا,,,,,,,
1228,صامد يا نخيل,,,,,,,
1229,عزتنا بغزتنا,,,,,,,
1230,مهما طال الويل,,,,,,,
1231,راح نرجع ونحاول,,,,,,,
1232,"بالحجر , بالسكين",,,,,,,
1233,ثورتنا ما ماتت,,,,,,,
1234,لا برفح ولا بجنين,,,,,,,
1235,ثورتنا ما ماتت,,,,,,,
1236,وكيف تموت . . ? !,,,,,,,
1237,وإحنا لاجئين . .,,,,,,,
1238,تم النشر قبل بواسطة عبد الحميد عبد العاطي,,,,,,,
1239,فلسطيني اسمك سورة من القران,,,,,,,
1240,وينك ياللي الأرض دينك,,,,,,,
1241,وقدسك سما الأوطان,,,,,,,
1242,فلسطيني اسمك,,,,,,,
1243,والاسم سورة من القران,,,,,,,
1244,. . . . . .,,,,,,,
1245,وينك . وينك يا غزة,,,,,,,
1246,وين الدمعة اللي بعينك,,,,,,,
1247,وينك وين العزة,,,,,,,
1248,وين الغول اللي بخيلك,,,,,,,
1249,يوم سمعنا بالمعبد,,,,,,,
1250,وبضم السوق والمسجد,,,,,,,
1251,انتشر القول والمعند,,,,,,,
1252,والفعل أنشودة هدد,,,,,,,
1253,. . . .,,,,,,,
1254,وينك يا مخيم العفوية,,,,,,,
1255,ياللي فيك الشبل بمية,,,,,,,
1256,يملثم وينك,,,,,,,
1257,وين الخربوشة . . ? !,,,,,,,
1258,وين الخرطوشة . . ? !,,,,,,,
1259,وين الكوفية . . ? !,,,,,,,
1260,خايف . . .,,,,,,,
1261,من حاجز مستوطن .,,,,,,,
1262,خايف . . .,,,,,,,
1263,من جندي بنشن .,,,,,,,
1264,وله من غارة طيارة,,,,,,,
1265,تعري بيت الكرميد,,,,,,,
1266,وتصفي بالصورة شهيد,,,,,,,
1267,. . . . .,,,,,,,
1268,انتكست بلادنا,,,,,,,
1269,قلنا عالسلامة,,,,,,,
1270,بكرا بنرجع,,,,,,,
1271,بقمة الشماتة والملامة,,,,,,,
1272,ونقتل ولادنا,,,,,,,
1273,قلنا ما بنجود,,,,,,,
1274,هذا واجبنا,,,,,,,
1275,لأجل الأرض تعود,,,,,,,
1276,أتغربنا وصار الحلم بعيد,,,,,,,
1277,وكابوس الوقت مجننا,,,,,,,
1278,بنكبر عخبز الترشيد,,,,,,,
1279,بوكالة بتقنن أملنا,,,,,,,
1280,. . . . . . . . . .,,,,,,,
1281,يا ابني,,,,,,,
1282,يا اخويا,,,,,,,
1283,يا ابن عمي,,,,,,,
1284,يا قاسم الروح من دمي,,,,,,,
1285,قوم أتصدي . .,,,,,,,
1286,اتحدي . .,,,,,,,
1287,علم امة بتغني,,,,,,,
1288,كيف الموت,,,,,,,
1289,لأجل الأقصى بصلي,,,,,,,
1290,تم النشر قبل بواسطة عبد الحميد عبد العاطي,,,,,,,
1291,بان كي مون . .,,,,,,,
1292,دعانا وما ظل حدا ما دعانا,,,,,,,
1293,دعانا بان كي مون,,,,,,,
1294,ومن قبله,,,,,,,
1295,ساركوزي وسولانا . . .,,,,,,,
1296,ودعانا موسي وعبد الله صالح,,,,,,,
1297,لقمة تقسيم المصالح . . .,,,,,,,
1298,وعبد العزيز شيخ الشيوخ بمكة,,,,,,,
1299,أبو العقال والحكة,,,,,,,
1300,ما قدر يركب جمل,,,,,,,
1301,ولا يرقص بالمتكة . . .,,,,,,,
1302,ومبارك أستاذ الجدال,,,,,,,
1303,داير كعب حال,,,,,,,
1304,مختار بقضية صفت بالرمال,,,,,,,
1305,صفت معبر وراتب واقتتال,,,,,,,
1306,على سلطة أصلا,,,,,,,
1307,محتلة من الاحتلال . . .,,,,,,,
1308,شو . . شو . . لوين انتو طايرين,,,,,,,
1309,بغزة وبضفة وبتسلكوا دولة,,,,,,,
1310,مساحتها ما بتتعدى شبر بفلسطين . . .,,,,,,,
1311,الوطن مش كنيسة وقدس,,,,,,,
1312,ولا مواطن بسلم بكابونة عدس . . .,,,,,,,
1313,الوطن ارض وعرض,,,,,,,
1314,وشعب موحد عالامل ما بتعترض . . .,,,,,,,
1315,الوطن مش بالفحالة,,,,,,,
1316,ولا بحكومة شريعة ولا بمقالة . . .,,,,,,,
1317,الوطن بدو وطن ليكون وطن,,,,,,,
1318,بدو نتذكر أسرانا وهجرتنا,,,,,,,
1319,وبيت الطين وبيارتنا,,,,,,,
1320,بدو ما نسل كرامتنا,,,,,,,
1321,وما نساوم بعروبتنا ولا بثورتنا . . .,,,,,,,
1322,بدو جسد من مسد,,,,,,,
1323,ما يفرقوا مال ولا ولد . . .,,,,,,,
1324,بدو نير أفكارنا,,,,,,,
1325,ونحيد عزرانا بكبارنا,,,,,,,
1326,بدو بلد من الحدود للحدود,,,,,,,
1327,وعالكتف رشاش,,,,,,,
1328,وأنشودة حنعود,,,,,,,
1329,ونردد بالعالي,,,,,,,
1330,يا غاصب راح نعود,,,,,,,
1331,بالسلام بالكلام بالبارود,,,,,,,
1332,مش مهم راح نعود,,,,,,,
1333,راح نعود . .,,,,,,,
1334,يا مهد الفدا والجود,,,,,,,
1335,راح نعود . .,,,,,,,
1336,تم النشر قبل بواسطة عبد الحميد عبد العاطي,,,,,,,
1337,حوار حركنجي وزهرة صبار,,,,,,,
1338,ذبحونا يما الواوية,,,,,,,
1339,وخلونا نعاتب القدر,,,,,,,
1340,أتحزموا بغيم القضية,,,,,,,
1341,ونعتونا يما بالغجر,,,,,,,
1342,يما . . يما,,,,,,,
1343,الصبر فاض فيا,,,,,,,
1344,من حوار كله جكر في جكر,,,,,,,
1345,يما كيف أسوي . . ?,,,,,,,
1346,بعقول مثل الحجر,,,,,,,
1347,بكروش شبعانة يوروا ودولار,,,,,,,
1348,بنفوس مريضة,,,,,,,
1349,مسكونة بغل وغدر,,,,,,,
1350,يما دليني علي إلي يهدني,,,,,,,
1351,على إلي يشفي غليلي,,,,,,,
1352,ولا تخبي عليا,,,,,,,
1353,حتى لو كان موتي هدية,,,,,,,
1354,يما : طلبك بنحر فيا,,,,,,,
1355,بسكين اسمه . . الوطنية,,,,,,,
1356,شو بدك مني احكيلك,,,,,,,
1357,وأنا لو حكيت,,,,,,,
1358,راح يقولوا هذى عجوز علمانية,,,,,,,
1359,وأبصر شو . . .,,,,,,,
1360,ويمكن يخلوني صهيونية,,,,,,,
1361,يما : احكيلى عن حضن العروبة,,,,,,,
1362,عن يبنا وعكا وصفد والبلاد,,,,,,,
1363,احكيلى عن عز الدين والشقيري وأبو إياد,,,,,,,
1364,احكيلى عن المغارة وفراش الجبل والجياد,,,,,,,
1365,احكيلى عن وعد بلفور,,,,,,,
1366,والإضراب والانتداب,,,,,,,
1367,يما : هيك عارف ماضيك,,,,,,,
1368,وقاري تاريخك,,,,,,,
1369,ومرسم أراضيك,,,,,,,
1370,يما يا حبيبي هات من الأخر,,,,,,,
1371,ولا تقصر بالحرف الساخر,,,,,,,
1372,يما : بلاقى عندك كيلو كرامة,,,,,,,
1373,يما : رموها بالزبالة,,,,,,,
1374,يما : بلاقي عندك بلوزة شهامة,,,,,,,
1375,يما : إنهرت من كثر الملامة,,,,,,,
1376,يما : بلاقى عندك سلطة نظيفة,,,,,,,
1377,يما : عمرك شفت قحبة شريفة,,,,,,,
1378,يما : الاحتلال . . الاحتلال . . الاحتلال يما,,,,,,,
1379,يما : شو أعملك طول ما أنت جنرال,,,,,,,
1380,يما : شو الحل,,,,,,,
1381,يما : غزة والضفة مش حل,,,,,,,
1382,يما : طيب شو الحل,,,,,,,
1383,يما : فلسطين كلها بتعود,,,,,,,
1384,أنا متأكد يما حتعود,,,,,,,
1385,إذا المفاوضات . .,,,,,,,
1386,إن كتبت بحبر البارود,,,,,,,
1387,إذا سمعنا شعبنا,,,,,,,
1388,ومن جوا كان القرار حنعود,,,,,,,
1389,راح نعود بوحدتنا,,,,,,,
1390,تنكمل المشوار,,,,,,,
1391,راح نعود,,,,,,,
1392,تم النشر قبل بواسطة عبد الحميد عبد العاطي,,,,,,,
1393,يا بلد وين أبوك . . ? !,,,,,,,
1394,ردوا عليا يا أهل الهيل و الهية,,,,,,,
1395,وما يهمكم وطاويط الجمعية,,,,,,,
1396,أنا أبوكم . . أعطوني,,,,,,,
1397,صفحة من الوثيقة,,,,,,,
1398,واعطونى . .,,,,,,,
1399,جرام حرية,,,,,,,
1400,وكل ما بتعلق بالقضية,,,,,,,
1401,واعطونى . .,,,,,,,
1402,5800 راتب بالشهرية . .,,,,,,,
1403,غير النثرية,,,,,,,
1404,وسيارة عيون مصفحة,,,,,,,
1405,وموكب سيار من دير السنود للمياه,,,,,,,
1406,واعطونى . .,,,,,,,
1407,قصر مفروش منفوش,,,,,,,
1408,محمل على ظهور العزابية,,,,,,,
1409,واعطونى . .,,,,,,,
1410,مركز حساس مثل بعض الناس,,,,,,,
1411,وشيخ وساطور و عوطلية,,,,,,,
1412,واعطونى,,,,,,,
1413,سفارة بكل حارة,,,,,,,
1414,وعلقوا صوري بالبيوت,,,,,,,
1415,ع صدور العذارى,,,,,,,
1416,وأعطوني . .,,,,,,,
1417,إذاعة شجن وأحلام,,,,,,,
1418,وشيطان بغرد ما بنام,,,,,,,
1419,واعطونى . .,,,,,,,
1420,فاتورة مفتوحة,,,,,,,
1421,اكلم اوباما وبوحا,,,,,,,
1422,وعن شعبي مفصول,,,,,,,
1423,كل ما بكلم مشغول,,,,,,,
1424,واعطونى . .,,,,,,,
1425,جواز متزوج فيزا,,,,,,,
1426,وطيارة خاصة ومضيفة لذيذة,,,,,,,
1427,واعطونى . .,,,,,,,
1428,شعب مسكين مكتف بالزنازين,,,,,,,
1429,بصدق كلمة . . اصبر . .,,,,,,,
1430,وبكرا راجعين,,,,,,,
1431,وأنا بوعدكم . . .,,,,,,,
1432,بظرف يوم أو يومين,,,,,,,
1433,راح احل مشكلة,,,,,,,
1434,الدولة والدولتين,,,,,,,
1435,بس أعطوني . . .,,,,,,,
1436,رئاسة الحكومتين,,,,,,,
1437,تم النشر قبل بواسطة عبد الحميد عبد العاطي,,,,,,,
1438,فتوش النكبة . . .,,,,,,,
1439,من يوم ما وعيت,,,,,,,
1440,وأنت بتحكيلي . . كشيخ,,,,,,,
1441,عن ترابنا وعاداتنا . .,,,,,,,
1442,أكلاتكم وأكلاتنا,,,,,,,
1443,عن البصارة والفول,,,,,,,
1444,وحب البصل المفحول,,,,,,,
1445,عن قعدتكم تحت الشجرة,,,,,,,
1446,ورغيف خبز بتقسم لعشرة,,,,,,,
1447,عن موسم الزيت والزيتون,,,,,,,
1448,وكيف المغني و اليرغول,,,,,,,
1449,عن أعراسنا وليالينا ما يحول,,,,,,,
1450,ودربكة على دلعونة,,,,,,,
1451,وسقا الله نعاود يا مزيونة,,,,,,,
1452,عن حلاق مطاهر ومداوي,,,,,,,
1453,عن غرفة طين وذياب بتواوي,,,,,,,
1454,عن حمارة فلتت,,,,,,,
1455,ولحقتها الحارة,,,,,,,
1456,ولما رجعوا ما لقوا إلا الختيارة,,,,,,,
1457,عن البساطة والجود,,,,,,,
1458,عن دار الكتاب,,,,,,,
1459,والخيمة الزرقا,,,,,,,
1460,والبحر والسمك المخدود,,,,,,,
1461,عن باص يتيم بطيركم,,,,,,,
1462,من عكا ليافا للسدود,,,,,,,
1463,يا شيخ . .,,,,,,,
1464,زهقت الحكي,,,,,,,
1465,وكثر القيل والقال,,,,,,,
1466,زهقت كلمة أيام البلاد,,,,,,,
1467,أنا وقت الهجرة عشت,,,,,,,
1468,أنا وقت الهجرة ما كنت بس سمعت,,,,,,,
1469,وعن واحد ثاني بقول :,,,,,,,
1470,كنت لساتني بحضن أمي,,,,,,,
1471,لكن دموعها منقوشة بتمي,,,,,,,
1472,يا جدي : أنا راح احكيلك واحكيلك,,,,,,,
1473,حتى تسبق أولاد جيلك,,,,,,,
1474,وتصير عالم بالتاريخ,,,,,,,
1475,وتذوق القصة لغيرك,,,,,,,
1476,يا جدي : أنا بعرضك دخليك,,,,,,,
1477,لا بدي ترويلى ولا ارويلك,,,,,,,
1478,وديني على بلادي,,,,,,,
1479,على يبنا مايو فوادي,,,,,,,
1480,وديني . .,,,,,,,
1481,عكروم العنب والنكبة,,,,,,,
1482,على بير الميا العكرة,,,,,,,
1483,واتركني غريب,,,,,,,
1484,و لا تسال عليا,,,,,,,
1485,يا جدي : بخاف عليك,,,,,,,
1486,يا جدي . . يا جدي,,,,,,,
1487,ما تخاف . . .,,,,,,,
1488,راح تعرفني جبالها . . وسهولها . . وديانها,,,,,,,
1489,راح تعرفني زهورها وطيورها وغزلانها,,,,,,,
1490,راح تعرفني صخورها وجحورها ورمالها,,,,,,,
1491,وخطاك يا جدي متزوجة الأرض . .,,,,,,,
1492,أنسيت . . . ! ?,,,,,,,
1493,غير أولادك ما بحلالها,,,,,,,
1494,يا جدي : اليهود معمرين فيها,,,,,,,
1495,والطريق عليها عيون مفتحة,,,,,,,
1496,من حواجز وأسلاك,,,,,,,
1497,والشجر كله بتكلم,,,,,,,
1498,ما بتعرف مين معهم ومين معاك,,,,,,,
1499,يا جدي : حطني بعلبة كبريت,,,,,,,
1500,وبجيب الصدر خبيني,,,,,,,
1501,واطلع قبل الشمس,,,,,,,
1502,ومن فوق الليل وارميني,,,,,,,
1503,يا جدي : شو بتقول . .,,,,,,,
1504,كلامك مش معقول . . . ! !,,,,,,,
1505,يا جدي : بدى أشوفها,,,,,,,
1506,بدى أكحل حنيني بكفوفها,,,,,,,
1507,بدي لو مرة أبوس قطوفها,,,,,,,
1508,يا جدي : اخ . . اخ ولو بقدر . . .,,,,,,,
1509,يا جدي : طيب ليش بتحكيلي,,,,,,,
1510,يا جدي : عشان تكبر وهي فيك,,,,,,,
1511,وتعمر بأشعارك وأغانيك,,,,,,,
1512,يا جدي : بس عشان هيك,,,,,,,
1513,عشان يقولوا ما انسينا,,,,,,,
1514,لا يا جدي . . لا يا جدي,,,,,,,
1515,بيارتنا اللى بوادي الحمام,,,,,,,
1516,ما بترجع بالكلام,,,,,,,
1517,ولا بقصة ألف ليلة وليلة,,,,,,,
1518,ولا بترجع بالسلام,,,,,,,
1519,ولا بترجع بمفتاح مخبى,,,,,,,
1520,ولا حتى بجيوش الأنام,,,,,,,
1521,هدول مثل الأنعام,,,,,,,
1522,يا جدي : كيف بترجع الأوطان . . ? ! !,,,,,,,
1523,يا جدي : فلسطين بترجع بس . . .,,,,,,,
1524,إذا الوحدة والإرادة سبقتنا,,,,,,,
1525,إذا كنا اثنين بواحد,,,,,,,
1526,والصدق والحب عملتنا,,,,,,,
1527,ويا جدي : فتوش النكبة شلفطتنا,,,,,,,
1528,و اللي ما بقدر . . . ما يأكل بصفرتنا,,,,,,,
1529,عضو صالون القلم الفلسطيني,,,,,,,
1530,تم النشر قبل بواسطة عبد الحميد عبد العاطي,,,,,,,
1531,"في رثاء انقطاع الراتب لموظفين غزة",,,,,,,
1532,عيد الأضحى أجي,,,,,,,
1533,حامل سكين يذبحني,,,,,,,
1534,وبقهر ابني يشرحني,,,,,,,
1535,وبفلس مثل الجرس,,,,,,,
1536,رناته بعيون مكسوفة,,,,,,,
1537,بتنادي الستر . . .,,,,,,,
1538,والستر مل جيوب,,,,,,,
1539,من الوجع مخروسة,,,,,,,
1540,بكره العيد بقولوا,,,,,,,
1541,وينك يا راتب,,,,,,,
1542,ياللي الكل إلك حاسب,,,,,,,
1543,غبت بيوم عزيز علينا,,,,,,,
1544,وكسرت الفرح بأيدنا,,,,,,,
1545,مش مهم,,,,,,,
1546,راح اطلع,,,,,,,
1547,راح افرح,,,,,,,
1548,راح اضحك,,,,,,,
1549,راح أعطي,,,,,,,
1550,راح أكون,,,,,,,
1551,مش عشاني,,,,,,,
1552,عشان أفرجيك . .,,,,,,,
1553,انك أناني,,,,,,,
1554,وعمر العيد ما كان سعيد,,,,,,,
1555,وكل عام وانتم بخير,,,,,,,
1556,تم النشر قبل بواسطة عبد الحميد عبد العاطي,,,,,,,
1557,شعب غزة يا أرقام ما بموت بالاستبداد . .,,,,,,,
1558,سنواجه مصيرنا بشجاعة . . . ولن نستسلم,,,,,,,
1559,صبرنا وضغطنا على الزناد,,,,,,,
1560,وقدمنا براعم باسم الجهاد,,,,,,,
1561,قسينا يا عالم ظلم العباد,,,,,,,
1562,وصمت أنزال تلحفوا بالحياد,,,,,,,
1563,من الشام والحرم وأذناب بغداد,,,,,,,
1564,أعطوا الأمر بضرب الصداد,,,,,,,
1565,شعب غزة يا أرقام,,,,,,,
1566,ما بموت بالاستبداد,,,,,,,
1567,واللي مش عارف يعرف,,,,,,,
1568,إحنا شعب ما بنقاد,,,,,,,
1569,كل وقته مقاومة وعزيمة واسترداد,,,,,,,
1570,صحيح سلبية فينا,,,,,,,
1571,وانقسام سبب فتنة وعناد,,,,,,,
1572,لكن عند المواجهة,,,,,,,
1573,الكل بقسي عالجرح,,,,,,,
1574,وبنثر رماد,,,,,,,
1575,بوجه المحتلصلب و شداد,,,,,,,
1576,ضحية أحيانا لكن صياد,,,,,,,
1577,مرة قصف ومرة استطراد,,,,,,,
1578,هذه حرب مش حب وفؤاد,,,,,,,
1579,اللي بقدر بكون عواد,,,,,,,
1580,واللي بجبن وبهرب مثل الأولاد,,,,,,,
1581,وبحلف بالوطن وهو قواد,,,,,,,
1582,وعارف انه الكل عارف,,,,,,,
1583,أصله وفصله,,,,,,,
1584,وعامل حاله من الجواد,,,,,,,
1585,فلسطين يا نايم معمرة بالعتاد,,,,,,,
1586,نخوة ورجال وكثير الحساد,,,,,,,
1587,عرب ويهود وكتلة أعداد,,,,,,,
1588,والمسحية على أهبة الاستعداد,,,,,,,
1589,بالقدس يا غايب كانوا الأكراد,,,,,,,
1590,وأهل كنعان صاروا أمجاد,,,,,,,
1591,واللي فيها اليوم ناس جداد,,,,,,,
1592,برسموا وبحكموا,,,,,,,
1593,وبقولوا الحق عاد,,,,,,,
1594,هذه أرضنا ارض الميعاد,,,,,,,
1595,ونسيوا شعب مغلوب بالوطن,,,,,,,
1596,ضرب واسر وجرحي,,,,,,,
1597,و المنية بازدياد,,,,,,,
1598,ويا تري هذا كله ارتعاد,,,,,,,
1599,لا والله هذه شعلة نصر,,,,,,,
1600,مزفوفة بذكريات الدم والاستشهاد,,,,,,,
1601,والله ليجي يوم,,,,,,,
1602,ونكون نحنا علم الأسياد,,,,,,,
1603,تم النشر قبل بواسطة عبد الحميد عبد العاطي,,,,,,,
1604,أنا معك وأنت اخويا . . .,,,,,,,
1605,اضغط للاستماع هذه بصوتي,,,,,,,
1606,وين بتكون راح أكون,,,,,,,
1607,كتف بكتف وأيد وبأيد,,,,,,,
1608,وعجنبك سلاحي . . .,,,,,,,
1609,روحي ودمي فداك,,,,,,,
1610,أنت بس اطلب . . .,,,,,,,
1611,فلسطيني مهيوب,,,,,,,
1612,والفخر برفرف من عيونك,,,,,,,
1613,قاسم بصدرك عهد . . .,,,,,,,
1614,ما تضحك ولا تشوف اللي يحبونك,,,,,,,
1615,حتى يعود هالوطن,,,,,,,
1616,وتداوي همومي وهمومك,,,,,,,
1617,اخويا أنت مهما صار . . .,,,,,,,
1618,حامل على ظهرك فؤادي,,,,,,,
1619,رافع علم يجذب الأنظار,,,,,,,
1620,يرهب طامع وكل من يعادي,,,,,,,
1621,بطل والفروسة أنواع . . .,,,,,,,
1622,نوع ملقن من أجدادي,,,,,,,
1623,صابر والصبر أعذب,,,,,,,
1624,والفقر والجوع زادي . . .,,,,,,,
1625,بحلم يا عالم . . . . أنا بحلم,,,,,,,
1626,والحلم والله لبلادي,,,,,,,
1627,بوحدة وطنية . . .,,,,,,,
1628,ودولة فلسطينية,,,,,,,
1629,وسلامات يا شعب الحرية,,,,,,,
1630,تم النشر قبل بواسطة عبد الحميد عبد العاطي,,,,,,,
1631,أخ فوق الأخ طخ . . ! !,,,,,,,
1632,سلم يا اللي بالقدس,,,,,,,
1633,على أهل الهمة,,,,,,,
1634,سلم ووصل رسالة للأمة,,,,,,,
1635,مكتوبة بحروف من دمي,,,,,,,
1636,أول كلمة . . . اشتقتلك,,,,,,,
1637,وثاني كلمة . . . يا أمي,,,,,,,
1638,محروم وبالي مشئوم,,,,,,,
1639,من طفل بلش يعوم,,,,,,,
1640,وأسير بشرعية عصافير,,,,,,,
1641,ومن شعب نسي قضيته,,,,,,,
1642,ونسي تقرير المصير,,,,,,,
1643,لمين أروح . . وين أجي,,,,,,,
1644,لمختار عقله طار,,,,,,,
1645,وله لعربنا أهل العار,,,,,,,
1646,أخ فوق الأخ طخ,,,,,,,
1647,وسلم على عدو ما بنخ,,,,,,,
1648,وقال بتصريح بلاش تجريح,,,,,,,
1649,عودتنا بفتحة معبر,,,,,,,
1650,وكاز وغاز وصورة تسبيح,,,,,,,
1651,وشفونا يا عالم حصار والله بحصار,,,,,,,
1652,وأولاد عمنا نهبوا الدار,,,,,,,
1653,وسرقوا أموال ما بتاكلها النار,,,,,,,
1654,تعالوا شوفوا غزة,,,,,,,
1655,امن وأمان ولقمة ما فيش,,,,,,,
1656,وحكاية خرفان بلون الحشيش,,,,,,,
1657,وسلامات يا شعب . . .,,,,,,,
1658,كل واحد فيكم شاويش,,,,,,,
1659,كل واحد فيكم رئيس,,,,,,,
1660,كل واحد فيكم صح,,,,,,,
1661,والصح اللي فيكم شح,,,,,,,
1662,غلابة بحكم العادة,,,,,,,
1663,وسيرتنا صارت كذابة,,,,,,,
1664,بس فلسطين . . فلسطين,,,,,,,
1665,اكبر من هذا . . هذا,,,,,,,
1666,تم النشر قبل بواسطة عبد الحميد عبد العاطي,,,,,,,
1667,وينك يا ابو عمار . . . .,,,,,,,
1668,وينك يا ابو عمار,,,,,,,
1669,يا جد بزمن العند,,,,,,,
1670,وينك يا معلم,,,,,,,
1671,يا ابو الشعب,,,,,,,
1672,وينك بدنا نسلم . . .,,,,,,,
1673,أروحنا بنهديك بس تعود,,,,,,,
1674,لدقيقة حكم . . ترجع وتقود,,,,,,,
1675,رعية باسم الوطن,,,,,,,
1676,خانت كل العهود,,,,,,,
1677,وكتبت بوصيتك هو السبب,,,,,,,
1678,أتقسمنا يا قائد من بعدك,,,,,,,
1679,وصار الكل بناجي سعدك,,,,,,,
1680,زمان كان في وطن وفرسان,,,,,,,
1681,طفل بشد الموت لعنده,,,,,,,
1682,وبفتح درب بدمه,,,,,,,
1683,ليفجر النسيان,,,,,,,
1684,فارس عودة ترك قضية كرامة,,,,,,,
1685,وسلم صموده لجيوش,,,,,,,
1686,بحكمها نعامة,,,,,,,
1687,فكره راح تقاوم,,,,,,,
1688,وتحمل علم ملون,,,,,,,
1689,بأبيض واحمر,,,,,,,
1690,واسمر واخضر,,,,,,,
1691,وأنشودة نصر نسفها القهر,,,,,,,
1692,عابواب الفتنة سجل يا دهر,,,,,,,
1693,أنا فلسطيني وما راح استني,,,,,,,
1694,القدس بتضيع وإحنا بنتمنى,,,,,,,
1695,عكرسي كذب سلختوا أملنا,,,,,,,
1696,وبشوية نصب هلكتوا اجلنا,,,,,,,
1697,برا إن كنتوا بتستحوا برا,,,,,,,
1698,"صرنا اليوم بنلهث على جره """" أنبوبة غاز """"""""",,,,,,,
1699,وينك يا ابو عمار,,,,,,,
1700,صدقني خربت وكسروها الصغار,,,,,,,
1701,صار لازم تعود إذا بتقدر,,,,,,,
1702,وتجيب معك ابو جهاد,,,,,,,
1703,ودلال وأبو على مصطفي,,,,,,,
1704,والشقاقى والياسين,,,,,,,
1705,وما تنسى ناجي العلى,,,,,,,
1706,ودرويش بطريقك,,,,,,,
1707,صدقني من دونكم ما بتسوي فلسطين,,,,,,,
1708,تم النشر قبل بواسطة عبد الحميد عبد العاطي,,,,,,,
1709,أغنية خاصة بأطفال فلسطين,,,,,,,
1710,يا وطني وربي جايين,,,,,,,
1711,إحنا أطفالك مش خايفين,,,,,,,
1712,بدنا أنقاوم ومش حنساوم,,,,,,,
1713,عتراب مجدك يا فلسطين,,,,,,,
1714,يا أولاد بلدي يالله نقوم,,,,,,,
1715,نسهر نحلم ما في نوم,,,,,,,
1716,نلعب نمرح ننسى هموم,,,,,,,
1717,ونذكر الله دايما دوم,,,,,,,
1718,نبني مدارس تبني أجيال,,,,,,,
1719,نرسم للغازي الزوال,,,,,,,
1720,أحنا أطفالك لنا أمال,,,,,,,
1721,ولازم بكرة نبقى رجال,,,,,,,
1722,يا وطني وربي جايين,,,,,,,
1723,إحنا أطفالك مش خايفين,,,,,,,
1724,تم النشر قبل بواسطة عبد الحميد عبد العاطي,,,,,,,
1725,الغريب أني غريب في طني,,,,,,,
1726,مبارح حكومة وعلم,,,,,,,
1727,واليوم حكومتين وعلمين,,,,,,,
1728,وبكره . . يا خوفي ننسى الاسم,,,,,,,
1729,ننسى . . ما إحنا نسينا,,,,,,,
1730,القضية والقدس والعودة مضينا,,,,,,,
1731,تاريخ بالذل شمعناه بأيدنا,,,,,,,
1732,"ولطمنا و ما تكلمنا , وضمينا",,,,,,,
1733,ببيوتنا كل جرح فينا,,,,,,,
1734,ولسا بنادي عجيوش,,,,,,,
1735,ترهلوا وصار إلها كروش,,,,,,,
1736,ولسا الأمل مدرينا,,,,,,,
1737,المهم النادي والنادي,,,,,,,
1738,ومش مهم مين اللي بعادي,,,,,,,
1739,المهم بدنا اللي يطعمينا,,,,,,,
1740,محتل . . مختل ما كله بدفع,,,,,,,
1741,أصل الانبطاح صار مشلح,,,,,,,
1742,أعطني شويا بعطيك عنيا,,,,,,,
1743,وأعطني كثير . . بجمعلك طراطير,,,,,,,
1744,ولما بتزيد بخلفلك عربيد,,,,,,,
1745,بكون مثلي وبنقلب عليا,,,,,,,
1746,هذا مبدأ الأمة العربية,,,,,,,
1747,انقلاب . . وأحزاب . . وخطة تجهيلية,,,,,,,
1748,وعولمة . . وتقليد . . وكليبات غنائية,,,,,,,
1749,وتعذيب واعتقال لأسباب وطنية,,,,,,,
1750,وكذب ما بنخلف إلا الكذب,,,,,,,
1751,ولسا بتقولوا جايين,,,,,,,
1752,برقصة شاكيرا وكيس طحين,,,,,,,
1753,ابقوا حلوني لو حلتوها,,,,,,,
1754,بدون وحدة انتو بعتوها,,,,,,,
1755,و جعجعوا على الإعلام,,,,,,,
1756,واللي بدو فلسطين ترجع,,,,,,,
1757,يوقف وما ينام,,,,,,,
1758,تم النشر قبل بواسطة عبد الحميد عبد العاطي,,,,,,,
1759,وصية لكل شاب وصبية فلسطينية,,,,,,,
1760,لليوم ما دق الباب,,,,,,,
1761,لليوم ما أجانا جواب,,,,,,,
1762,لليوم وإحنا بنستني,,,,,,,
1763,مر العمر وقتلنا الغياب,,,,,,,
1764,مسكين يا فلسطيني,,,,,,,
1765,أخذوك للبحر ورموك,,,,,,,
1766,وضحكوا بوجهك,,,,,,,
1767,وضحكوا بوجه اللي سرقوك,,,,,,,
1768,هدول عربنا جماعة,,,,,,,
1769,شجبنا واستغربنا,,,,,,,
1770,كلمتهم مجملها انسحبنا,,,,,,,
1771,ولليوم بقولوا جايين,,,,,,,
1772,لليوم مش ناسيين,,,,,,,
1773,لليوم بتحاكوا باللي جاي,,,,,,,
1774,بجيل اصفر مثل الشاي,,,,,,,
1775,بجيل سوبر ستار,,,,,,,
1776,بجيل خلف ولم خلف,,,,,,,
1777,أجاله البكر حمار,,,,,,,
1778,إلا ما رحم ربى,,,,,,,
1779,من شب شايب ختيار,,,,,,,
1780,دفنه الصبر عباب القهر,,,,,,,
1781,ولد هزيمة دمرت هالدار,,,,,,,
1782,فكر بيوم حسرتنا,,,,,,,
1783,فكر بالعودة,,,,,,,
1784,والعودة والفتنة نكبتنا,,,,,,,
1785,جدي مرة قال :,,,,,,,
1786,هذا وطن ما بتحرر بالأقوال,,,,,,,
1787,بتذكر شردوني وأسروني,,,,,,,
1788,وذبحوا كل اللي بحبوني,,,,,,,
1789,بتذكر مرة خطفوني,,,,,,,
1790,وقالوا : تبيع وله تهاجر مثل القطيع,,,,,,,
1791,قلت : اهدموا بيتي . . احرقوه,,,,,,,
1792,معي مفتاح راح يبقى بجبتي,,,,,,,
1793,هذا إلك ما تضيعه,,,,,,,
1794,وإذا ضاع يا جدي . . ?,,,,,,,
1795,خليك صامد وما راح يضيع,,,,,,,
1796,أنت بطل واسمك مقاوم,,,,,,,
1797,وأحفظ بذكرتك ورددها,,,,,,,
1798,قضيتنا ما بترجع وأنت نايم,,,,,,,
1799,تم النشر قبل بواسطة عبد الحميد عبد العاطي,,,,,,,
1800,عيد ميلادي قرب . . واع واع بديش بدى هدية,,,,,,,
1801,عيد ميلادي قرب وصار لازم أحاسب نفسي على السنة اللي فاتت , يوم الاثنين 19 - 5 بعد يوم النكبة بأربع أيام الصبح الساعة 6 الصبح صرخت وشردت من حضن أمي , صار عمري . . . ما راح أقولك . . حزر وفكر على مهل الموضوع اخطر وأصعب ما أنت بتتصور ," """" عيد ميلاد سعيد عمو عبود على الحدود من ارض الصمود """" ", هذه كانت هدية روان بنت اخويا عمرها 9 سنين , حكتها وهي بتضحك وقالت : قبل الكل كتبتلك جملة بعرفك بتحب الشعر . . كيف بتكتب زهقت لما وصلت معي جملة مزبوطة ," بوستها على جبينها وقلتها : شكرا . . وما حكيت كلمة ثانية ودخلت الغرفة وهيني بكتب الكم شو صار .""""",
1802,"أكيد بتقول الموضوع تافه شو دخلنا بعيد ميلادك يا عمى فك عنا قرفان اللي أحسن منك , طيب أنا زعلان منك , ازعل وله انت حر . . . من وين بعرفك انا ? . . ولو أنا فلسطيني أخوك عايش بغزة . . بتعرف يعني شو غزة . . يعني القصف والموت والجرحي والتعذيب والسجن والمعاناة والتشرد والحصار والضياع وسرقة الوقت . . عارف بمر اليوم وبجي اليوم الثاني . . وهو هو ما بتغير . . بحس حالي غريب عايش ومش عايش . . كل يوم بنعد روس والعدد بالليمون , كل لحظة بتذكر اخويا بالعراق واختى في أفغانستان وعمى فى لبنان وجدي بالسعودية وجدتي باليمن وابن خالتي بالسودان وكل يوم بقولهم . . وينكم صدقوني مشتاق كثير الكم مشتاق أحضنكم .",,,,,,,
1803,"من زمان ما طلعت مسيرة النا . . من زمان وإحنا بنستني . . صابرين بنغني وين الملايين , وين الشعب العربي وين . . اجت نكبتنا الستين . . عيد ميلاد سعيد يا فلسطين . . على ناسك اللي باعوكي وله على ناس بتجري على كيس طحين . . بس شعوب بتقول الحكام السبب الأنظمة السبب , وأنت المواطن المسكين . . ياحرام الله يكون في عونك . . راح تعيش طبلة وتموت زبال . . انت مواطن يا مواطن عربي . . انت شو وله شو . . انت حكاية بعيد الاستقلال , مجرور طول عمرك وما راح تتغير إلا إذا راح عمرك .",,,,,,,
1804,"رسالتي الكم يا عرب يا شعوب أمدت للغرب رسالة أخيرة . . . حاسب نفسك . . اعرف أصلك وفصلك . . اعرف وين أنت . . وشو وظيفتك بهذا العالم . . لشو مخلق . . قبل ما نهايتك مش عيد ميلادي . . صدقني مش عارف شو راح يكون موقفك . . أنا بقولك كل عام وأنت بخير . . وعيد موتك راح يكون عيد ميلاد سعيد اذا ما حركت شى , ولا أعملت شى لصالح بلدك فلسطين وإخوتك فى غزة . . قوم ولا قوم بقولك . . انتفض صرخ . . يا حبيبي اقرأ عن بلدك . . غني أغاني وطنية . . كون مجموعة شبابية بتحكى عن الوطن والقضية . . شكرا هذه أجمل هدية .",,,,,,,
1805,تم النشر قبل بواسطة عبد الحميد عبد العاطي,,,,,,,
1806,لن اخرس . . حوار من رحم الحصار,,,,,,,
1807,أكثر من أسبوعين والبلد ما فيها بنزين ولا سولار , والغاز شحيح والكهربا مرة بتيجي ومرة بتقطع , والسوق زى السكين ورطل البندورة صار كيس طحين , والجامعات واقفة لا شغل ولا مشغلة ," والشباب بتلاقيهم قاعدين على الرصيف بشربوا شيشا """" و بقولوا هي هذه عيشة """" "," وأنا لسا بمشي . . شفت سواق قاعد بعرفه رديت السلام . . .""""",,
1808,وسألته : كيف حالك يا ابو فادي .,,,,,,,
1809,رد : هو هذا سؤال بنسال . . عيب عليك يا رجل .,,,,,,,
1810,قلته : شو كفرنا إحنا . . الحق عليا اللي بطمن عليك .,,,,,,,
1811,قلى : يعني أنت مش عارف كيف حالي . . قعدوا ينقوا علينا لحد ما قعدنا . . السيارة واقفة إلها 17 يوم . . لتر السولار صار ب 30 شيكل . . وفى ناس بتعبي سيرج وكاز ابيض وزيت موتور وأبصر شو . . عشان أتدبر حالها . . وإحنا ما حدا سائل فينا نموت نعيش طز فينا .,,,,,,,
1812,"قلته : بعين الله يا ابو فادي بدنا نصمد وهذا مصيرنا , ربنا خلقنا لنقاوم وندافع عن هالامة النايمة .",,,,,,,
1813,قلى : يارجل من نكبة 48 لليوم ما صار فينا هيك . . التنظيمات دمرتنا وخربت علينا وضيعت قضيتنا . . على الطلاق انه في الدار ما في شي . . ولا عارف كيف بدي أدبر حالي . . إذا مش سالين في بعض كيف بدنا نخلى العالم يسال فينا . . . . خليها على الله .,,,,,,,
1814,قلته : يعني إذا صار اجتياح ما راح تطلع تقاوم .,,,,,,,
1815,قلى : عبد بتنكش رأس أنت . . وله لشو بدك تصل فهمني .,,,,,,,
1816,قلته : أنا حابب اعرف بس وأنت عرفني يا ابو فادي .,,,,,,,
1817,"قلى : بشو اطلع أقاوم بجوعي . . وله بظلم اخويا . . وله بصحن فاضي , وله بسكينة حافية من 10 شهور ما قطعت اللحمة . . وله بحجر مهيون , وله بسيارتي اللي ما بتساوي , وله بشو بدك اياني أضحي ولمين . . عشان يطلعوا على ظهورنا زى كل مرة . . إحنا ما بدنا هدول ولا هدول . . وقرفنا الكلام المعسول . . وصدقني اللي جاي أصعب من اليوم .",,,,,,,
1818,قلته : ول لهدرجة واصلة معك الحكاية يا ابو فادي .,,,,,,,
1819,"قلى : لما ما بلاقي الأكل لأولادي والجوع صار فطور وغدا وعشا . . ولما بنسمع علي التلفزيون بتيجي مساعدات . . أنا نفسي اعرف وين بتروح . . ومين أحق مني . . وله لناس وناس الحكاية . . عارف إذا بقينا هيك , عمروا ربنا ما ينصرنا .",,,,,,,
1820,"قلته : الحق علينا انه إحنا ساكتين , أصول ننتفض ونحكي بحرية .",,,,,,,
1821,"قلي : أي حرية يا عبد أي حرية . . والله خايف احكي عن قضيتنا الفلسطينية ليقولوا معارض , وخايف اطلع بالشارع ليقولوا بدو يسبب فتنة , وخايف اطلب بحقي ليقولوا هذا الرجل مجنون , وخايف احكي على الجوال لأنه مراقب , وخايف . . . عارف أنا خايف من نفسي لأنه اعمل في حالي حاجة .",,,,,,,
1822,قلته : لا يا ابو فادي أنت اقوي من هيك . . وعزيمتك اصلب واشد .,,,,,,,
1823,قلى : من اللي بنشوفه . . صار إلنا 10 شهور محاصرين ولا حدا بدور علينا . . مش مسلمين هدول .,,,,,,,
1824,قلته : صحيح لو في إسلام وفى مسلمين بعرفوا الله لكان حالنا غير هالحال . . بس شو تقول . . ماشى عم ابو فادي بدي أروح . . بدك شي .,,,,,,,
1825,قلى : سلامتك الله يسهل عليك . . وما تزعل من كلامي بس بفضفض . . وبجد نفس هالوضع يتغير . . وما تفكر إني ما راح أقاوم لو دخلوا اليهود . . صدقني مش أنا اللي ممكن يخون وطنه .,,,,,,,
1826,"أيها العرب , استحلفكم بما تبقى في هذه الأمة من طفولة وحب وصداقة وأشجار وطيور وسحب وأنهار وفراشات , استحلفكم بتحية إعلامها عند الصباح وإطراقة جبينها عند المساء , لقد جربتم الإرهاب سنين وقرونا طويلة وها أنتم ترون إلى أين أودى بشعوبكم .",,,,,,,
1827,"جربوا الحرية يوما واحدا لتروا كم هي شعوبكم كبيرة وكم هي إسرائيل صغيرة . جربوا أن تنصروا غزة يا فلسطينيين يا عرب يا مسلمين , لا تنسوا غزة وشعب غزة , كلنا أمل بكم , فنحن على يقين أن العزة والكرامة لم تمت بكم , انتفضوا في وجه الظالم واصنعوا حريتكم بأيديكم . . فانتم امة الملايين وابدوا فخير البدء من فلسطين .",,,,,,,
1828,تم النشر قبل بواسطة عبد الحميد عبد العاطي,,,,,,,
1829,جوامع ملجأ مقامع,,,,,,,
1830,جوامع ملجأ مقامع,,,,,,,
1831,بنادي المنادي,,,,,,,
1832,حي على ألعنادي,,,,,,,
1833,حي على الفتنة,,,,,,,
1834,حي على الميلادي,,,,,,,
1835,بالليل هو في لليل,,,,,,,
1836,قتل الليل هو بشادي,,,,,,,
1837,عصفور بفكر صوته,,,,,,,
1838,و ياريت يطربنا بسكوته,,,,,,,
1839,بكفينا حصار وقتل ودمار,,,,,,,
1840,بكفينا كذب واجعار,,,,,,,
1841,مرة مسيرة ومرة نفير,,,,,,,
1842,وإحنا العقل بدو يطير,,,,,,,
1843,بنفكر في شهيد بدنا نزفه,,,,,,,
1844,بنفكر بكره العيد بدنا نشفه,,,,,,,
1845,وبنفكر لما نفكر . . يا جماعة حسوا,,,,,,,
1846,بضيع الوطن وانتو لسا بتحشوا,,,,,,,
1847,معقول اللي بصير . بيت الله,,,,,,,
1848,وشرع المآذن أصبح أسير,,,,,,,
1849,غزة اليوم وكل يوم خايفة,,,,,,,
1850,من الاحتلال ومن الأنذال,,,,,,,
1851,ومن كل واحد ميال,,,,,,,
1852,خس حامل جوال,,,,,,,
1853,وجزر عاملها جكر,,,,,,,
1854,معه سلاح ومعربد وسفاح,,,,,,,
1855,بقول انه بطل,,,,,,,
1856,وهو شريحته بصل,,,,,,,
1857,وسلامات وبكفينا جدل,,,,,,,
1858,وابقوا قبلوني بالمعتقل,,,,,,,
1859,تم النشر قبل بواسطة عبد الحميد عبد العاطي,,,,,,,
1860,"مسرحية """" رجل على الهاوية """"""""",,,,,,,
1861,رجل على الهاوية,,,,,,,
1862,تأليف,,,,,,,
1863,الكاتب : عبد الحميد عبد العاطى,,,,,,,
1864,شخصيات المسرحية,,,,,,,
1865,كريم,,,,,,,
1866,مدير عام ومريض نفسي وهو زوج هبه وأب مريم,,,,,,,
1867,هبه,,,,,,,
1868,زوجة الكريمة الحنونة والمتفهمة وهى أم مريم,,,,,,,
1869,مريم,,,,,,,
1870,هي ابنة كريم وهبه وهى البنت الشاطرة الذكية,,,,,,,
1871,فيروز,,,,,,,
1872,"هي المرأة الحمقاء الثرثارة التي لا تسكت وشخصية تسئ الظن وهى جارة كريم",,,,,,,
1873,فريال,,,,,,,
1874,شخصية مختلفة تمام عن فيروز من ناحية العقلية والتفكير وأيضا جارة كريم,,,,,,,
1875,الدكتور,,,,,,,
1876,شخصية أساسية في المسرحية ويكون بان خالة هبه,,,,,,,
1877,المدير,,,,,,,
1878,صوت خارجي لكنه شخصية موجودة تلعب دور راقي,,,,,,,
1879,وهناك بعض الجنود المجهولين الذين يلعبون الدور الأهم والمميز في إنجاح العمل المسرحي حتى يرتقي للمشاهد الضيف .,,,,,,,
1880,المشهد الأول,,,,,,,
1881,وصف المكان : رسم على جدار المسرح صورة تعبيرية مع إضافة ملحقات الشارع وعمود إنارة قديم وساحة فارغة وعدة أحجار قديمة وتجول بعض النسوة في باحة الشارع وعلي رأسهم بعض الأكياس وبعض السلال .,,,,,,,
1882,"صوت """" المدير """" من خلف المسرح يتكلم ببرود أعصاب قائلا . . . . . . . . : :""""",,,,,,,
1883,المدير : مش عارف شو أقولك يا أستاذ كريم البلد مسكرة والوضع خطير وأنا مضطر,,,,,,,
1884,"أقلص عدد الموظفين ل 80 بالمية , وبس تتعدل الأمور بنرجع بنشغلك , وما تقلق",,,,,,,
1885,المسالة مسالة وقت .,,,,,,,
1886,إضافة موسيقى تصورية,,,,,,,
1887,"كريم : طيب وأنا عندي حل ثاني بس بتمني توافق عليه , أنا مستعد اشتغل متطوع واخذ",,,,,,,
1888,نص الراتب لوقت ما تتعدل . . شو رايك ? .,,,,,,,
1889,"المدير : صدقني ما بقدر , الدول المانحة قطعت كل المشاريع وسحبت الفلوس من البنك",,,,,,,
1890,ومش باقي غير مشروع تنظيف الزبالة . . . . إذا بدك بشغلك فيه .,,,,,,,
1891,"كريم : شو إن هبلت أنت ! ! من مدير عام لتنظيف الزبالة , أي والله انك واحد ما بتستحي .",,,,,,,
1892,"المدير : اطلع برا , اطلع برا بقولك . . . . . أما ناس مقرفة هذه .",,,,,,,
1893,"دخول كريم المسرح مرميا على الأرض وأيضا الحقيبة التي معه """" إضافة موسيقي تصورية حزينة """" ويحاول بصعوبة كريم الترهل للحركة ويفك رابطة القرافة عن عنقه ويسير مترنحا في الشارع حتى وصوله للحارة وتراه بعض جارات الحارة المملات وهن كالعادة جلسات على قارعة الطريق بدقوا حنك "," وتميل فيروز باتجاه فريال والتى هى بدورها تقشر البصل وتقول : :""""",,,,,,
1894,فيروز : شايفة الهامل الهلس جاي على الحارة سكران .,,,,,,,
1895,"فريال : يمكن تعبان يا ولية من الشغل , حرام عليك .",,,,,,,
1896,فيروز : أي ما بحظ بذمتي إذا ما كان متزوج وحدة ثانية .,,,,,,,
1897,"فريال : اسكتي يا ولية شو بتخبصي أي والله كريم ما في أحسن ولا اجدع منه , أي أنا",,,,,,,
1898,"بنسي يوم طلب منه زوجي فلوس وأعطاه , والله ما قصر .",,,,,,,
1899,فيروز : شوفي شوفي بكلم بحاله .,,,,,,,
1900,فريال : أي والله أنا ميش شايفة أشي .,,,,,,,
1901,فيروز : ايي انجرحت .,,,,,,,
1902,فريال : بتستاهلي قاعدة بتحكي وبتنكبي بالراجل .,,,,,,,
1903,فيروز : قومي وحدة عميه ما بتستاهلي الوحدة تقعد معك .,,,,,,,
1904,فريال : أنا عميه . . يا مجنونة .,,,,,,,
1905,"فيروز : أي والله لاوريكي تعالى جاي . """" تركض خلف فريال """"""""",,,,,,,
1906,خروج فريال وفيروز من المسرح وسماع صوت فريال وهى تبكى من شدة ضرب فيروز لها .,,,,,,,
1907,الفصل الثاني,,,,,,,
1908,"كريم يمشى داخل المسرح شمال ويمين بعصبية وبشكل يدعو للخوف """" إضافة موسيقى تصورية تعبر عن مدى الخوف والغضب """" . . . دخول هبه زوجة كريم وهى مستغربة من تصرفات كريم .""""",,,,,,,
1909,هبه : كريم . . كريم شو مالك . . كريم . . كريم,,,,,,,
1910,تقوم هبه بالوقوف أمامه حتى يراها ولكنه لا يعطيها اهتمام وكأنه لم يراها ويقف كريم بشكل مفاجأ ويقول .,,,,,,,
1911,كريم : قال زبالة قال .,,,,,,,
1912,ويستمر بالسير على ما كان عليه,,,,,,,
1913,هبه : كريم رد عليا أحسن ما أروح على دار أهلي .,,,,,,,
1914,فجأة صوت راديو يتحدث عن الأحداث الداخلية وعن توقع هجوم علي قطاع غزة .,,,,,,,
1915,"كريم : سامعة الراديو , بدهم يموتونا , بدهم يحرقونا , بدهم يخلونا زبالة , بدي أموت بدي أموت .",,,,,,,
1916,ويحاول كريم قتل نفسه ولكن هبه تستطيع منعه وتهدئته وتأتى مريم مسرعة وتقوم بحضن أبوها,,,,,,,
1917,وهى تنادى .,,,,,,,
1918,مريم : بابا بابا بابا , أنا بحبك ," مالك احكي لي مالك . """" وتقوم بتقبيله """"""""",,,,,
1919,"لكن حينها يفقد كريم ما تبقى من الإدراك والإحساس وتقوم هبه بمساندة كريم على الوقوف وإخراجه من المسرح , وفى لحظة خروج كريم ومريم وهبه . . تدخل فيروز فريال .",,,,,,,
1920,فيروز : أسمعتي . . . . : :,,,,,,,
1921,"فريال : لاء ما سمعتش .",,,,,,,
1922,"فيروز : ولك كانوا يصرخوا , يمكن طلقها .",,,,,,,
1923,فريال : لا يا فصيحة وشو عرفك .,,,,,,,
1924,فيروز : ما هو أي واحد بصرخ بكون طلق مرته .,,,,,,,
1925,"فريال : هههه باستهزاء , لا . . شاطرة وفهمانه يخزى العين عنك .",,,,,,,
1926,فيروز : اسمعي تعالى تندق علي هبه ونشوف شو الموضوع .,,,,,,,
1927,فريال : ولك سيبى الناس فى حالهم .,,,,,,,
1928,فيروز تمسك يد فريال بقوة وتجرها وهي تقول,,,,,,,
1929,فيروز : أي تعالى . . . . وتنادى . . . يا ام مريم يا ام مريم يا هبه يا شبشب يا كندرة ردى ولي .,,,,,,,
1930,"فريال : تعالى يا ولية بلاش فضائح , سبيكى من الناس .",,,,,,,
1931,"فيروز : ميش راح اسيبهم وبدي أشوف بدها ترد وله لاء .",,,,,,,
1932,"فريال : طب نادي براحتك , وأنا هيني مروحة .",,,,,,,
1933,"فيروز : ما اخف دمك , طيب . . طيب خذني معك .",,,,,,,
1934,المشهد الثاني,,,,,,,
1935,"وصف المكان : غرفة نوم , كنب أو سرير صغير , وتكون هبة في أبهي صورة للزوجة المثالية وهي ترتب ملابسها أو تسرح شعرها ويكون كريم جالس على السرير بشكل يأس وصامت لا يتحرك , وتسير هبه باتجاهه وهي تحاول مداعبته ليخرج من الحالة التي هو فيها وهى تقترب منه وتجلس بجانبه وهى وتراجع الذكريات .",,,,,,,
1936,"هبه : بتذكر أيام زمان , أيام الخطوبة , أيام ما كانوا يسألوك أصحابك مين هذه بتكون , كنت تقولهم هذه",,,,,,,
1937,"حبيبتي وكل حياتي . . . . عارف كنت أحسها منك قد الدنيا , كنت أحس إني اسعد إنسانة واني طايرة",,,,,,,
1938,وانك أنت ملاكي . . . عارف يا كريم عمري ما حبيت ولا عرفت الحب غير معك ولا عمري حأفكر,,,,,,,
1939,"بغيرك . . عارف ليش . . . لأنه أنت ما في منك كثير . . . بس أنا زعلانه منك , هيك بطلت تحكى معي",,,,,,,
1940,زى الأول . . شكلك بطلت تحبني . . . كريم رد عليا . . . . مالك . . . كريم رد بقولك . . . أنا هبه حبيبتك,,,,,,,
1941,وزوجتك .,,,,,,,
1942,"وتصرخ هبه بكريم وتقوم بضربه ولكنه لا يجيب ويحتبس الدموع بعينيه وفي هذه اللحظة """" موسيقي صامتة تعبر عن القهر """" وتخرج هبه من المسرح وهي تبكي وتقابل بطريقها مريم وهي قادمة من المدرسة وتحمل ورقة امتحان اللغة الانجليزية بعلامات كاملة وتقول لامها .""""",,,,,,,
1943,مريم : شو فيه .,,,,,,,
1944,"لكن هبه تستمر بالبكاء وتخرج من المسرح وتقف مريم باستغراب لما حدث وتمتص الصدمة بأقل من نصف دقيقة , وتذهب باتجاه أبوها كريم لتريه ورقة الامتحان .",,,,,,,
1945,مريم : بابا شوف امتحان الانجليزي جبت فيه علامة كاملة .,,,,,,,
1946,لكن كريم لا يرد ويحتبس دموعه ومريم تستمر بالتحدث اله لكنه لا يجيب وتبكي مريم وهى تكلمه .,,,,,,,
1947,"مريم : حبيبي رد عليا أنا مريم بنتك , بديش شيكل منك , رد عليا بس .",,,,,,,
1948,"لا حياة لمن تنادي """" موسيقي تصورية """" وتدخل هبه زوجة كريم بانفعال وتوثر وقد بان عليها قد أخذت قرار "," وتركض مريم باتجاه هبه وهى تقول .""""",,,,,,
1949,"مريم : ماما , ماما . . بابا مش راضى يرد عليا .",,,,,,,
1950,هبه : وكمان مش راضي ترد على بنتك . . . لا هذا وضع ما بقدر أعيش فيه .,,,,,,,
1951,"وتذهب هبه باتجاه الخزانة لتحضير أغراضها للذهاب لبيت أهلها , لكن مريم تنتبه لولدها انه فى حالة غير طبيعية وتسير مريم باتجاه هبه , وتقوم بنفض الحقيبة من ملابسها , وإذا بهبه تضرب مريم كف وهى تصرخ بها .",,,,,,,
1952,هبه : شو اللي بتعمليه يا غبية .,,,,,,,
1953,"تقع مريم وهي تبكي بكاء المغلوب علي أمره وتنظر لامها """" موسيقي تصورية """"""""",,,,,,,
1954,مريم : بابا مش طبيعي . . ما تسبيه بهذه المحنة .,,,,,,,
1955,هبه : لا طبيعي بس هو بتخوت .,,,,,,,
1956,"مريم : لا مش طبيعي , وبابا ما عمره تخوت , بابا مش هيك . . . بابا كل يوم الصبح كان يبوسني",,,,,,,
1957,ويعطيني شيكل . . . بابا عمره ما غلط عليك . . . وكان يحبك أكثر مني . . . شو مالك . . شو صار . .,,,,,,,
1958,فهميني .,,,,,,,
1959,هبه تنظر بحنان لمريم وتحضنها وتقول . . . . : :,,,,,,,
1960,"هبه : خلص يا مريم , مش راح اسيبه , وهلاء بدي أشوف الدكتور هاني ابن خالتي واحكيله عن حالة",,,,,,,
1961,ابوكي .,,,,,,,
1962,"وفي هذه اللحظة يسمع صوت الراديو بأخر الإخبار عن الاقتتال الداخلي واقتحام البيوت وشهداء هنا وهناك . . . وهنا يبكى كريم اشد البكاء حتى أن مريم تحضن أبوها بقوة وتبقي هبه تنظر لحالة زوجها وتذهب مسرعة خارج المسرح وتنادى عليها مريم .",,,,,,,
1963,مريم : وين يا ماما .,,,,,,,
1964,وترد وهي خارج المسرح هبه .,,,,,,,
1965,هبه : بدى أروح أجيب الدكتور .,,,,,,,
1966,"وهنا تأتي لمريم فكرة لتشغيل أغنية """" نانسي عجرم """" شخبط شخبيط """" لترفيه عن ولدها وتقوم بمحاولة استنهاض ولدها لترقص معه . . . . . . وهنا بعد نهاية الأغنية تدخل زوجة كريم هبه والدكتور المسرح وتغلق مريم المسجل وتقوم هبه باجلاس كريم على السرير لكي يتمكن الدكتور من فحصه .""""",,,,,,,
1967,"الدكتور : واضح انه صحته كويسة , لكن فى عنده صدمة كبيرة واكتئاب حاد .",,,,,,,
1968,مريم : يعنى حيطيب يا دكتور .,,,,,,,
1969,الدكتور : انشالله حيطيب وما في شي ما اله علاج .,,,,,,,
1970,هبه : آه يا دكتور شو . . . : :,,,,,,,
1971,الدكتور : والله مش عارف شو أقولك بس لازم يكون في اختلاف علشان يقدر يتحسن ولازم يكون هذا,,,,,,,
1972,"الاختلاف في اقرب فرصة , احسن ما يضيع منا .",,,,,,,
1973,هبه : لهدرجة حالته صعبة .,,,,,,,
1974,"الدكتور : أنا قلت الك انه متعرض لصدمة كبيرة وهذا أدي لأنه يحصل معه هيك , بس انشالله مع هذا",,,,,,,
1975,"العلاج راح يتحسن , بس احكيلى هو شو صار معه .",,,,,,,
1976,هبه : أنت عارف كيف البلد بتمر بوضع عمرنا ما شفنا زيه . . فعلشان الحصار المفروض علينا الدول,,,,,,,
1977,المانحة,,,,,,,
1978,"سحبت الفلوس , وهيك قلصوا عدد الموظفين .",,,,,,,
1979,"الدكتور : آه فهمت خلص , طيب شو أكثر شى بكرهوا ? .",,,,,,,
1980,مريم : نشرت الأخبار . . . بقعد يعيط لما بسمعها .,,,,,,,
1981,"الدكتور : آه . . هو بسمع كل شي وبتأثر من أي شي , يبقي إحنا بخير , بس هو رافض الكلام علشان",,,,,,,
1982,بعرف انه مش راح يغير شي بالواقع فعلشان هيك فضل الصمت .,,,,,,,
1983,هبه : يا دكتور أنا زوجته كيف برفض يحكي معي وهذه بنته يعني إحنا كل شي بحياته .,,,,,,,
1984,"الدكتور : ضروري تفهمي انه المريض بوضعية خاصة , بس أنتي حاولي تعملي تغير يعنى بدل الإخبار",,,,,,,
1985,"يسمع فيروز . . خليه يحس بالحنان والأمان وما تتركوه لحاله , هذا أهم شي .",,,,,,,
1986,هبه : شكرا يا دكتور .,,,,,,,
1987,الدكتور : ولو هذه اقل خدمة بعملها لبنت خالتي ولو احتجتي لأي شي حتى لو كان بنص الليل اتصلي,,,,,,,
1988,فيا .,,,,,,,
1989,هبه : بدري . استني اشرب شاي .,,,,,,,
1990,"الدكتور : يالله معلش مرة ثانية , انشالله بوقت أحسن .",,,,,,,
1991,يخرج الدكتور ويسمع فريال وفيروز من خارج المسرح .,,,,,,,
1992,"فيروز : شوفتى طلع الدكتور من بيتهم , يمكن طعنها بالسكينة .",,,,,,,
1993,"فريال : ياشيخة والله انك وحده فاضية وبتكبري الموضوع , يمكن مريم عيانه .",,,,,,,
1994,فيروز : عيانه قلتلي اه عيانه .,,,,,,,
1995,وفى انتباه شديد تسمع هبه ومريم الحوار وتقول وهي تنظر لمريم,,,,,,,
1996,هبه : انا مش خايفة الا من فيروز لتعرف .,,,,,,,
1997,مريم : وما تعرف . . وشو يعني .,,,,,,,
1998,"هبه : يعنى انه انفضاحنا وصات سيرتنا علي كل لسان , أنتي عارفة لو تسرب خبر هيك وله هيك للحارة",,,,,,,
1999,ما راح يرحمونا وراح يصيروا يحكوا انه ابوكي مجنون . . اصحي تجيبي سيرة لحدا .,,,,,,,
2000,مريم : لحدا مين يعني هو أنا بعرف احكي الله يسامحك .,,,,,,,
2001,هبه : طيب طيب قومي يا فالحة جيبي اللبن والخبز من الثلاجة علشان بعد هيك أبعتك تجيبي العلاج من,,,,,,,
2002,الصيدلية .,,,,,,,
2003,"مريم : حاضر هيني رايحة , خدمات ثانية .",,,,,,,
2004,هبه : يالله ولي روحي انصرفي .,,,,,,,
2005,"وتخرج مريم من المسرح لتأتي بالطعام وتقوم هبه بتغير قميص كريم وتمشيط شعره وتكون في هذه اللحظة """" موسيقي رومانسية """" "," وتدخل مريم وتشاهد أمها وتقول .""""",,,,,,
2006,مريم : يا عيني يا عيني .,,,,,,,
2007,هبه : استحي ولى . . مش جوزي . . . حطي اللي بأيدك وروحي جيبي الدوا من الصيدلية .,,,,,,,
2008,مريم : طيب حاضر يا أستاذة ماما .,,,,,,,
2009,"وتخرج مريم من المسرح وبعد تسريح شعر كريم وإطعامه """" موسيقي لفيروز . . . شايف البحر شو بعيد كبر البحر بحبك """" . . . . . . وبعد إطعامه تقوم هبه وتخرج من المسرح وهى تقول له .""""",,,,,,,
2010,هبه : يالله ارتاح هلأ .,,,,,,,
2011,وتطفئ الأنوار وتخرج من المسرح موسيقي تصورية بعد نصف دقيقة من خروج هبه وهنا اعادة كلام المدير وكأن كريم يحلم .,,,,,,,
2012,"المدير : صدقني ما بقدر , الدول المانحة قطعت كل المشاريع وسحبت الفلوس من البنك",,,,,,,
2013,ومش باقي غير مشروع تنظيف الزبالة . . . . إذا بدك بشغلك فيه . برا . . برا . . برا .,,,,,,,
2014,وهنا ينتفض كريم ويضئ الأنوار ويقول . . . : :,,,,,,,
2015,"كريم : ما بقدر حدا يطلعني من بلدى , ومش راح يقدروا يخلوني اكره حالي , ومش راح يقدروا يخلوني مجنون , هما المجانين , اللى قتلوا , واللى بقصفوا , واللى بدمروا , وبعذبوا وبنتهكوا كل الحقوق",,,,,,,
2016,"الإنسانية . . . . كل واحد فينا مجنون اذا بفكر اصلا بالجنون واذا بفكر بالاستسلام . . . بس الغريب فينا انه إحنا بنقتل بعض , وبنضرب بعض , وبنضحك على بعض , وبنعذب بعض , وبنحاصر بعض , وعمرنا ما",,,,,,,
2017,حبينا الخير لبعض . . . وبتكيفوا لما ننجن ونصير مساكين بتحبوا تكونوا الضحية وبتتصورا بعد اللى صار,,,,,,,
2018,"فى ديمقراطية وحقوق وإنسانية , بنقولهم احنا مش مساكين احنا شعب الصامدين والصابرين احنا شعب بنفتش عن الحرية , وزفينى يا حرية زفينى بشعب ضايع وخايف من الصهيونية . . . ايا والله والله لو انه الصمود انسان لمات من زمان , لكن احنا شعب ما بموت شعب الشهداء شعب الأسري شعب كله انتفاضة وثورة , صحيح قدروا يعملوا حصار وتسكير معابر لكن ميش راح يقدروا يخلوني اكون عابر عن فلسطين أو مهاجر , مكتوب بالهوية فلسطينية الجنسية .",,,,,,,
2019,"ما بدنا دوا ولا علاج ولا رصاص ولا سلاح ولا حتى حكومة بجو احتلال , إحنا محتاجين انه نخاف على بعض ونحترم بعض ونتنازل لبعض إحنا محتاجين الحب والحنان مش مهم أكون مأكل وله جوعان المهم ما بدنا عطف الأمريكان , محتاجين وحده وسلام مش علم اخضر ولا علم اصفر ولا احمر ولا شعارات ولا كلام , محتاجين نخاف الله بشعب قضى عمره مطارد من الحرمان .",,,,,,,
2020,نهاية المسرحية,,,,,,,
2021,تم النشر قبل بواسطة عبد الحميد عبد العاطي,,,,,,,
2022,شباب غزة و رحلة العذاب,,,,,,,
2023,"مرات نفسي اطلع بالشارع واصرخ مثل المجنون لحالي . . أتوحدوا , البلد صار وضعها بخوف , الكل ضايع , الكل بفكر , الكل بحلم والكل يتيم , أنا عن نفسي مش متشائم أو عابس على الدنيا . . لا . . الموضوع باختصار إني بتألم على اللي بصير , ومين ما بتألم من الشعب الفلسطيني على الانقسام الموجود اللي مكسر أيدينا ومخلى الكل يشمت فينا , إلا الطابور الخامس والمستفردين والاحتلال وناس بهمها البلد تخرب .",,,,,,,
2024,"في غزة . . وين ما تروح بتسمع هالسؤال , كيف شايف البلد ? تقول يعني الأفندي مش عارف ! , أنا بدي أقولك كيف شايف البلد اليوم وبكره وبعده . . مجنونة ورخيصة وصارت على الكل بتهون , وللأسف الوطنية والمبادئ والأخلاق والمحبة الحقيقية ذهبت بنزهة متخفية بستار الابتسامة الصفراء , ذهبت ولن تعود كالسابق فلكل شئ سن محدد للشباب والشيخوخة , وألان هي في حالة الإنعاش هذا إذا لم تمت أصلا .",,,,,,,
2025,"اااخ بس . . مبارح وكل يوم بسمع حلم واحد بتردد في وسط الشعب وخصوصا الشباب منهم ألا وهو , موضوع الهجرة واخذ الجنسية والسفر وبعض الأحلام الوردية الممزوجة بطعم الأنانية والنسيان والتنكر من الذات الفلسطينية , كون الفلسطيني اليوم مطارد في داخل بلده وخارج بلده ومضاف إلى القوائم السوداء بالعالم , لان الذي يدافع عن أرضه وعرضه ومقدساته أصبح إرهابيا يهدد الكيان العالمي والوجود الكوني على اصح التعبير , لان الإجراءات التي تتخذ في حق اى مواطن فلسطيني يريد السفر للعلاج لا ترتقي لمستوى العناية بالحيوانات , فما بالك بالذي يفكر بالهجرة اليوم , يا حبيبي يا فلسطيني يا شريف اصحي , لأنه إذا بدك تهاجر على أمريكا راح تلاقى كلاب بوليسية بتفتشك , وإذا بدك تطلع بس من معبر رفح شوف الاهانة والبهدلة وقلة القيمة عند المصريين , وإذا بدك تروح على اى دولة أروبية راح يدخلوك على جهاز ببان كل عورتك وللعلم هذه الأمور ما بتصير إلا مع الفلسطيني , حتى الدول العربية القديرة بتتعامل مع الجنسية الفلسطينية على إنها خطر على الدولة وأحيانا يتم وضع مراقبة او كتابة تعهد .",,,,,,,
2026,"صحيح الأوضاع مترهلة ومنكمشة إلا انه مش لازم ننسى انه أساس معاناة الشعب الفلسطيني أولا وأخيرا هو الاحتلال , وانه كل اللي بصير للشعب هو من ضمن المخططات والتكتيكات الصهيونية لنفي القضية ولضرب البنية الأساسية ألا وهي العزيمة والإرادة لدى الشباب , لأنهم يعلمون يقين العلم أن الأجيال القادمة والعامل الديمغرافي هو الخطر الحقيقي لنهاية عربدتهم على أرضنا السليبة , وان الحصار وتقطيع الطرق وفصل الضفة عن غزة وتفكيك المناطق بالداخل ودمجها لهو خير دليل على عملية المحو التاريخي لدي الشباب الذي تسعي اليه دولة الاحتلال على المدي البعيد .",,,,,,,
2027,"ومن هنا أدعو جميع الشباب والآباء وجميع الشرفاء في هذا الوطن للتمسك بالأرض وحق العودة وعدم التخاذل والبخل عن فلسطين واقصد هنا الشباب الذين بحاجة ماسة للمساعدة ولمد يد العون لهم , فهناك طلاب متميزون ولكن لا يجد لقمة العيش فيطر للجلوس في البيت والانتظار . . انتظار ماذا لا اعلم ? . . لعله الحظ أو ان تتغير الأوضاع , واجو من جميع الأخوة عدم تكرار بعض الكلمات الانهزامية مثل : البلد راحت , ما في وحدة وطنية كلها كذب بكذب , وان ننتبه لمضمون تلك الكلمات جيدا وان نعزز الروح والهوية الفلسطينية بطريقة تدعو للفخر والعزة والثبات .",,,,,,,
2028,تم النشر قبل بواسطة عبد الحميد عبد العاطي,,,,,,,
2029,مكالمتي مع . . . سرية للغاية,,,,,,,
2030,رن الوطن عليا وقال,,,,,,,
2031,أرجوك ما تسكر الجوال,,,,,,,
2032,أرجوك اسمعني,,,,,,,
2033,وخليك طويل البال,,,,,,,
2034,افهم وعلم ولا تفكر,,,,,,,
2035,الحكي موال,,,,,,,
2036,أنا فلسطين يا ابني,,,,,,,
2037,حجر بيتك ومسجلة بالأحوال,,,,,,,
2038,مر عليا سنين وأنا بستني,,,,,,,
2039,وجيل بسلم جيل,,,,,,,
2040,وكل الفعل أقوال,,,,,,,
2041,أزهقت أبطال على بطال,,,,,,,
2042,وهما بالأصل أنذال,,,,,,,
2043,أتلثموا باسم القضية,,,,,,,
2044,واشتروا الحق بالمال,,,,,,,
2045,وصمتك خلي الكل ينهش فيا,,,,,,,
2046,وطمع ظلم الاحتلال,,,,,,,
2047,ونسيتوا الكوفية السمرا,,,,,,,
2048,وعلم ارتسم بشهامة الإجلال,,,,,,,
2049,تحية وألف تحية,,,,,,,
2050,وصلها للي باقي عليا,,,,,,,
2051,وصحي الأمة وسويها يا زلزال,,,,,,,
2052,واعرف أرضك وصون عرضك,,,,,,,
2053,وخاف على بلدك من الاكسال,,,,,,,
2054,وقاوم وما تتردد وخليك مثل الجبال,,,,,,,
2055,شامخ بصبرك عازم للنصر رحال,,,,,,,
2056,فلسطيني أنت . .,,,,,,,
2057,وخليك لشعبك ميال,,,,,,,
2058,ما تنسي هويتك,,,,,,,
2059,رجال ابن رجال,,,,,,,
2060,ما بتموت ألا واقف,,,,,,,
2061,والعالم كله قال,,,,,,,
2062,والشمس يا شمس,,,,,,,
2063,ما بتغطي بغربال,,,,,,,
2064,وهذا أخر كلامي أتوحدا قبل . .,,,,,,,
2065,الموج ما صير شلال,,,,,,,
2066,ونبكي مثل العشاق على الأطلال,,,,,,,
2067,وهذا شعب مهاجر للصومال,,,,,,,
2068,عايش,,,,,,,
2069,بس هذا اكبر مثال,,,,,,,
2070,تم النشر قبل بواسطة عبد الحميد عبد العاطي,,,,,,,
2071,خليها على الله والباقي عندك,,,,,,,
2072,كل شي بجوز,,,,,,,
2073,حطوا الوطن بالكوز,,,,,,,
2074,وصار الكل ينادى,,,,,,,
2075,مين يشترى بلادي,,,,,,,
2076,مين بس مين,,,,,,,
2077,بسيجارة وكيس طحين,,,,,,,
2078,باعوا الجمل بما حمل,,,,,,,
2079,وسلموا الذقن بضحكة أمل,,,,,,,
2080,اليوم وبكره وبعده العيد,,,,,,,
2081,وكل الشعب صفى قعيد,,,,,,,
2082,موضة البطالة صارت همالة,,,,,,,
2083,وبالشارع الكل قاعد بصارع,,,,,,,
2084,عمر . . وعيشه مفروضة عليه,,,,,,,
2085,"وبابا , يا بابا شيكل ما معه بابا",,,,,,,
2086,هارب من الدار وداقق مسمار,,,,,,,
2087,عنوان الفلس . . عامل الاستقرار,,,,,,,
2088,شو هل الحياة اللي ما فيها حياة,,,,,,,
2089,عايش بالحكي عايش,,,,,,,
2090,و أولاد بجيب . . .,,,,,,,
2091,عشان يقولوا ضريب,,,,,,,
2092,يا أخي عايش . . .,,,,,,,
2093,بس مش كسيب,,,,,,,
2094,بالخبز والملح ومقضيها شلح,,,,,,,
2095,ساتر حالي بكابونة وكالة,,,,,,,
2096,ولو ما كانت,,,,,,,
2097,كان إحنا بالزبالة,,,,,,,
2098,هذه فوضى الوحدة,,,,,,,
2099,وحكايتنا طوالة,,,,,,,
2100,بنجري فيها والعمى عميها,,,,,,,
2101,وعمره حدا ما فاز فيها,,,,,,,
2102,وخليك مسكر عقلك,,,,,,,
2103,ومشمع أبوابك,,,,,,,
2104,ليجي النصر,,,,,,,
2105,ويرفعلك أحجابك,,,,,,,
2106,تم النشر قبل بواسطة عبد الحميد عبد العاطي,,,,,,,
2107,هدية طفل فقد أمه وأبوه . . بعيد الأم,,,,,,,
2108,ما بدك تجيب هدية لماما,,,,,,,
2109,أمي . .,,,,,,,
2110,آه . . أمك وين . . ?,,,,,,,
2111,مين . . شو بتحكي . !,,,,,,,
2112,أمك يا حبيبي,,,,,,,
2113,أمي أخدها الله,,,,,,,
2114,لوين . . ! !,,,,,,,
2115,بالسما ساكنة,,,,,,,
2116,تركتني لحالي,,,,,,,
2117,وأنا لسا بهادي,,,,,,,
2118,ليش . . شو صار,,,,,,,
2119,أول مبارح والدنيا شتا,,,,,,,
2120,والبرد بسرق من الليل الدفا,,,,,,,
2121,سمعنا من بعيد صوت الطخ,,,,,,,
2122,واخويا يا حرام من الخوف,,,,,,,
2123,. . . . . شخ . . . . .,,,,,,,
2124,وأنا رميت دموعي بحضنها,,,,,,,
2125,وكمشت فيها . . وقعدت ابكي,,,,,,,
2126,حتى نمت وصحيت,,,,,,,
2127,والأيد ما تعبت,,,,,,,
2128,والجفن شل أضلاعه,,,,,,,
2129,تقول مات النوم,,,,,,,
2130,وهو بالأصل نادر لما بجيها,,,,,,,
2131,كل وقتها مقضيه سهر,,,,,,,
2132,ودموع وحسرة على أبوي,,,,,,,
2133,اللي استشهد فقر,,,,,,,
2134,كنت أقوله بدى عجلة,,,,,,,
2135,بدى شبشب,,,,,,,
2136,كان يقلى بس ترخص العملة,,,,,,,
2137,اسكت وانا عارف,,,,,,,
2138,واطلع بأمي,,,,,,,
2139,واعمل حالي مش شايف,,,,,,,
2140,الله يرحمه,,,,,,,
2141,الله يرحمه,,,,,,,
2142,احكيلي أنت كيف عايش . . ?,,,,,,,
2143,نشكر الله مرخى الشفايف,,,,,,,
2144,بهاتي بأخوي ليسكت,,,,,,,
2145,والدوم للدايم,,,,,,,
2146,وأنا من الجوع دايخ,,,,,,,
2147,مرة زعتر ومرة حاف,,,,,,,
2148,وقف . . وقف ما تكمل,,,,,,,
2149,مليت منك,,,,,,,
2150,شو هل الاستخفاف,,,,,,,
2151,طبعا ما راح تعمل شي,,,,,,,
2152,متعود عليك,,,,,,,
2153,متعود على جبنك وسكوتك,,,,,,,
2154,متعود على لؤمك واخنوثك,,,,,,,
2155,اطلع برا بقولك,,,,,,,
2156,أنت مش عربي,,,,,,,
2157,ويمكن مش مسلم,,,,,,,
2158,شاطر بس تشتم,,,,,,,
2159,يلعن وتعلن وأنت بالأصل ارعن,,,,,,,
2160,هامل وحامل وعبيط ومفرعن,,,,,,,
2161,وراح اكون هدية واكتب وصية,,,,,,,
2162,لكل أم وشب وشيخ وصبية,,,,,,,
2163,أطفال غزة أملهم رسمة حنيه,,,,,,,
2164,بحاجة ليحسوا فيكوا,,,,,,,
2165,إن كان فيكوا باقي نخوة عربية,,,,,,,
2166,يتامى مثل اليمامة,,,,,,,
2167,والحياة لو فيكوا ابعثوا رسالة,,,,,,,
2168,لكل أم فلسطينية,,,,,,,
2169,وخلو عيد الأم عيد,,,,,,,
2170,الأم الفدائية,,,,,,,
2171,تم النشر قبل بواسطة عبد الحميد عبد العاطي,,,,,,,
2172,بتمون يا واطي بالوطن,,,,,,,
2173,شو فيها لو ما فيها,,,,,,,
2174,شعب نايم بكفيها,,,,,,,
2175,اللي بشخر واللى بنطر,,,,,,,
2176,حكاية وطن بنحكيها,,,,,,,
2177,عطول خلقوا التياسة,,,,,,,
2178,ومشيوا بالمال والنجاسة,,,,,,,
2179,وطبلة ورقصة أحوال,,,,,,,
2180,وإحنا شبعنا أقوال,,,,,,,
2181,مرة مقلوبة ومرة محطوبة,,,,,,,
2182,وهذه قضيتنا صارت معيوبة,,,,,,,
2183,والعيب اللي فينا,,,,,,,
2184,مكسر أيدينا,,,,,,,
2185,ومخلى الكل يلط فينا,,,,,,,
2186,أخ لو الكرامة بتجي اليوم,,,,,,,
2187,وبتشوف شو اللي كاوينا,,,,,,,
2188,يمكن انسينا,,,,,,,
2189,ذكريات البطولة,,,,,,,
2190,حطين والقادسية ومؤتة,,,,,,,
2191,وبدر والخندق وعين جالوت,,,,,,,
2192,كلها انتصارات,,,,,,,
2193,فجرت أمل لتحينا,,,,,,,
2194,شو اللي بصير يا أهل الضمير,,,,,,,
2195,بتتركوا شعب يواجه مصير,,,,,,,
2196,الفقر والموت والفتنة والضياع,,,,,,,
2197,حتى التقدير صار أمر حقير,,,,,,,
2198,لولا الله معنا لكان الموت سيدنا,,,,,,,
2199,وصرنا بالدهر عقول وحمير,,,,,,,
2200,سياسية مغلوب فيها,,,,,,,
2201,لو كنت عاليها,,,,,,,
2202,وبتمشى قرار من تحت البساطير,,,,,,,
2203,ضايع ومعلق أمل,,,,,,,
2204,بأطفال الشوارع لتخليها,,,,,,,
2205,راح تبقى صدقني راح تبقى,,,,,,,
2206,بس شو فلسطين,,,,,,,
2207,ملونة بأحزاب وكل شوية دهين,,,,,,,
2208,بتمون يا واطي,,,,,,,
2209,أصلوا إحنا ضايعين,,,,,,,
2210,احتلال من شقة,,,,,,,
2211,وانقسام فرتك السلطة,,,,,,,
2212,وابقي عيش بسلام,,,,,,,
2213,يا نايم وكيف بدك نام,,,,,,,
2214,تم النشر قبل بواسطة عبد الحميد عبد العاطي,,,,,,,
2215,لبيك يا رسول الله بأمة لا تعرف الله,,,,,,,
2216,اضغط هنا لتحميل الشعر بصوتى الان جديد,,,,,,,
2217,مسخرة ورسوم مبعثرة,,,,,,,
2218,وناجي العلي خلف حنظلة,,,,,,,
2219,والوطن العربي كله كندرة,,,,,,,
2220,اللي بسب رسولك,,,,,,,
2221,وأنت زى الهلس,,,,,,,
2222,بتفرجي طولك,,,,,,,
2223,اللي برسم وبلعن خطيبك,,,,,,,
2224,وأنت معلق من شخنيبك,,,,,,,
2225,بهيفا يا هايف ومطعن دواليبك,,,,,,,
2226,بكليب يا كلب بتهدي حبيبك,,,,,,,
2227,ورسولك معيوب بجرائد نصرانية,,,,,,,
2228,بتشكك بالديانة الإلهية,,,,,,,
2229,ومش هيك بس,,,,,,,
2230,حملات تبشيرية,,,,,,,
2231,غزت الأمة الإسلامية,,,,,,,
2232,وإحنا نايمين وبنخمن تخمين,,,,,,,
2233,لسا بنقول عولمة وديمقراطية,,,,,,,
2234,وهذه كلها فتوحاتنا العصرية,,,,,,,
2235,نت . وجوال . وجل . ودش,,,,,,,
2236,ورقصة دعائية,,,,,,,
2237,وبنرد عليهم بمجلات نسائية,,,,,,,
2238,الفخد مشالله والصدر مشالله,,,,,,,
2239,هذه رسومنا الكاريكاتيرية,,,,,,,
2240,"سفرائنا الأعزاء في الدول الغربية",,,,,,,
2241,ما سمعنا لا شجب ولا استنكار,,,,,,,
2242,شكلوا اللي مات واحد ختيار,,,,,,,
2243,قبل زمن وكيف نرجع للدار,,,,,,,
2244,ولأجل العلاقات الدبلوماسية,,,,,,,
2245,راح ندون تحية للشعوب العربية,,,,,,,
2246,مفادها باختصار,,,,,,,
2247,هذه حرية الأحرار,,,,,,,
2248,الدينمارك بريئة بحكم هذا القرار,,,,,,,
2249,وسلامات يا شعوب الاحتضار,,,,,,,
2250,لكن رسول الله مو هين فينا,,,,,,,
2251,هذا نبي للعالمين,,,,,,,
2252,مطرز باسمينا,,,,,,,
2253,قاطعوا . . . قاطعوا,,,,,,,
2254,كل ما هو لينا,,,,,,,
2255,هذه حرب صليبية,,,,,,,
2256,راح تقضى علينا,,,,,,,
2257,أولها رسوم,,,,,,,
2258,وأخرها معدوم,,,,,,,
2259,واللي بدو يعيش,,,,,,,
2260,يروح يأكل حشيش,,,,,,,
2261,مثل البقر شو هالتطنيش,,,,,,,
2262,وصدقوني في هالامة,,,,,,,
2263,رجال ما فيش,,,,,,,
2264,تم النشر قبل بواسطة عبد الحميد عبد العاطي,,,,,,,
2265,كان يا مكان,,,,,,,
2266,نص نهار وربع الليل,,,,,,,
2267,وأنت بتحكي بالسياسة,,,,,,,
2268,ومعلومك فتنكي وقاعد,,,,,,,
2269,ومزهق لسانك,,,,,,,
2270,وحالك مل أقوالك,,,,,,,
2271,مرة بالشارع مع فلان,,,,,,,
2272,ومرة بالسيارة ضد الخرفان,,,,,,,
2273,ومرة بالبيت يعلن ابو السكان,,,,,,,
2274,ومرة قصة نسوان,,,,,,,
2275,ومرة عند الجار بتناقش قرار,,,,,,,
2276,تقول إذاعة أخبار,,,,,,,
2277,قرفنا الكلام وكثر الملام,,,,,,,
2278,مرة مقاومة ومرة سلام,,,,,,,
2279,وفلسطين صارت فكرة,,,,,,,
2280,برسمه وكتاب للذكري,,,,,,,
2281,والاحتلال مشروع وحوت,,,,,,,
2282,وصار الكل بدو يموت,,,,,,,
2283,عايشين لنقول صامدين,,,,,,,
2284,وإحنا بالأصل تايهين,,,,,,,
2285,مجرد شعارات بتنفخنا,,,,,,,
2286,واحد ملثم بخوفنا,,,,,,,
2287,ودبابة بنقبلها بحجر,,,,,,,
2288,وكل وقتنا بنقول قدر,,,,,,,
2289,صابرين وإحنا نايمين,,,,,,,
2290,والسهر قتل السهر,,,,,,,
2291,وخطتنا للحاضر ملح بحر,,,,,,,
2292,بكره بتروق وبنخلف حقوق,,,,,,,
2293,ما تقلق سياسة بندوق,,,,,,,
2294,دولة ومطار في ظل حصار,,,,,,,
2295,وأيام زمان وسكرة حنان,,,,,,,
2296,وكله كله كان يا مكان,,,,,,,
2297,تم النشر قبل بواسطة عبد الحميد عبد العاطي,,,,,,,
2298,وداعا يا حكيم,,,,,,,
2299,زغردة وبارود واسم مهاجر باسمينا,,,,,,,
2300,وصرخة طفل عابواب الوطن,,,,,,,
2301,أرهبت من يعادينا,,,,,,,
2302,من اللد فج الأحمر بجناحانه,,,,,,,
2303,وخلق نسور لتحمينا,,,,,,,
2304,جورج حبش يا حكيم,,,,,,,
2305,لولاك لراحت فسلطينا,,,,,,,
2306,يا معلم يا ابو ميسا,,,,,,,
2307,صدق من قال انتو الاهل فينا,,,,,,,
2308,انتو رجال السلاح والبندقية والتحرير,,,,,,,
2309,وحنا على دربكم حتى تحقيق المصير,,,,,,,
2310,على درب ابو على مصطفي وجيفارا ومحمد الأسود,,,,,,,
2311,و الحكيم سايريناعلى درب فؤاد ابو سرية ومحمد الاسكافي,,,,,,,
2312,واحمد سعداتعلى درب قتلة الخنزير زئيفي,,,,,,,
2313,هذه كلها عنوانا .,,,,,,,
2314,ومصير العلم الأحمر والماركسية,,,,,,,
2315,تلون كل بيت وكوفية,,,,,,,
2316,واحنا على العهد باقين,,,,,,,
2317,يا ابو الجبهه الشعبية,,,,,,,
2318,رفض دخول الوطن باتفاقية,,,,,,,
2319,ورفض كل الصهيونية,,,,,,,
2320,ورفض يشارك بعملية سلمية,,,,,,,
2321,لانه عارف نهج المقاومة,,,,,,,
2322,بعمليات استشهادية,,,,,,,
2323,رفيقنا غسان كان صديق,,,,,,,
2324,للمعلم وكتب هوية,,,,,,,
2325,شارك في رايات البطولة,,,,,,,
2326,عمليات عسكرية,,,,,,,
2327,خطف طائرات,,,,,,,
2328,الأرهابي الأول أعتزاز,,,,,,,
2329,ليلى خالد راية الجبهة الشعبية,,,,,,,
2330,جبال النار كلها بتعرفه,,,,,,,
2331,جنين الثورة قلبه النابضالجليل قبل الخليل,,,,,,,
2332,غزة جيفارا قلبه المفتوح,,,,,,,
2333,"أبناء البلد صاروا على درب العهد",,,,,,,
2334,وشكلوا كتائب قتالية,,,,,,,
2335,رجال ما بهابوا الموت,,,,,,,
2336,على نهجك يا معلم,,,,,,,
2337,أخرها قنص وخطف وتفجير,,,,,,,
2338,وأطفال بحجر ارهبوا دبابة,,,,,,,
2339,وعلموا العالم كيف التحرير,,,,,,,
2340,كلهم شعبية مليون شب وصبية,,,,,,,
2341,"للقدس رايحين شهداء بملايين",,,,,,,
2342,هذه ثقافة الجبهه الشعبية,,,,,,,
2343,وداعا يا صرخت الثائر الماركسي,,,,,,,
2344,وداعا يا طائر النسر الأحمر,,,,,,,
2345,وداعا يا علم الثورة ونهج الاحرار,,,,,,,
2346,وداعا يا مجد الامة وصاحب القرار,,,,,,,
2347,وداعا يا طائر الحرية فلتحلق باحمرار,,,,,,,
2348,وداعا يا رفيق الاسرى يا اب الدار,,,,,,,
2349,وداعا وداعا وداعا يا حلم العودة,,,,,,,
2350,يا انتفاضة القلم والعلم والبندقية,,,,,,,
2351,وداعا ايها المارد الجبهاوي,,,,,,,
2352,صانع شعلة الثوار,,,,,,,
2353,"ولنقل تحيا فلسطين فلسطين ,",,,,,,,
2354,فلسطين حرة عربية,,,,,,,
2355,تم النشر قبل بواسطة عبد الحميد عبد العاطي,,,,,,,
2356,مش مهم الوطن,,,,,,,
2357,صالح تبع مصالح,,,,,,,
2358,وحصانه نملة وزير,,,,,,,
2359,وبيته حجر قدسي,,,,,,,
2360,من اللي بطير,,,,,,,
2361,عنده خروف ونعجة,,,,,,,
2362,وشوية طراطير,,,,,,,
2363,معين حاله مسئول كبير,,,,,,,
2364,بمشي بالبلد مشي الحمير,,,,,,,
2365,طول نهاره بحكي,,,,,,,
2366,مع لمة صراصير,,,,,,,
2367,ولما بزهق بروح ينام,,,,,,,
2368,ونومه تشخير بتشخير,,,,,,,
2369,فكره البلد عايشة بالتحرير,,,,,,,
2370,بتاكل وبتشرب,,,,,,,
2371,وبتزمر تزمير,,,,,,,
2372,وسألناه والاحتلال,,,,,,,
2373,قال اصبر . . .,,,,,,,
2374,راح تتحسن الأحوال,,,,,,,
2375,والقدس والعودة يا صالح,,,,,,,
2376,قال كلها مصلحة مصالح,,,,,,,
2377,وبخصوص الأسري يا فالح,,,,,,,
2378,قال بس نعد البحر المالح,,,,,,,
2379,آه,,,,,,,
2380,يعني قضيتنا صورة,,,,,,,
2381,معلقة ومكسورة,,,,,,,
2382,ودم الشهدا والجرحى,,,,,,,
2383,راح بزفة وفرحة,,,,,,,
2384,والجدار والحصار,,,,,,,
2385,مسالة قرار,,,,,,,
2386,وشعب الثوار,,,,,,,
2387,حطب للنار,,,,,,,
2388,والفلتان السياسي,,,,,,,
2389,خطة للدمار,,,,,,,
2390,أسكمو يا بلد,,,,,,,
2391,ولعبة بقبضة ولد,,,,,,,
2392,وسنون الأمل بطلت تنشاف,,,,,,,
2393,مع هالخلافات احلم ولا تخاف,,,,,,,
2394,كل اللي جاي قشر موز,,,,,,,
2395,مع حكومتين في وطن,,,,,,,
2396,كل شى بجوز,,,,,,,
2397,حتى صالح عنده حكومة,,,,,,,
2398,مش مهم اذا كان بومة,,,,,,,
2399,المهم الحركة تعيش,,,,,,,
2400,تم النشر قبل بواسطة عبد الحميد عبد العاطي,,,,,,,
2401,التصنيفات : شعر بالعامية,,,,,,,
2402,احم احم . . يا ساتر,,,,,,,
2403,احم احم . . يا ساتر,,,,,,,
2404,مستورة أتفضل . . مين,,,,,,,
2405,أنا مواطن غلبان,,,,,,,
2406,ودايخ وحيران,,,,,,,
2407,لا بتعاطي ولا سكران,,,,,,,
2408,خير شو بدك,,,,,,,
2409,بدي حضن يلقى دموعي,,,,,,,
2410,شو بتقول,,,,,,,
2411,بدى اسم وعنوان,,,,,,,
2412,بدى هوية,,,,,,,
2413,وارض و سلام,,,,,,,
2414,ااه . . وشو بدك كمان,,,,,,,
2415,بدى أكون فدائي للقضية,,,,,,,
2416,مش مثل هدول كلاب وحرامية,,,,,,,
2417,مين قصدك,,,,,,,
2418,أنت عارف وأنا عارف,,,,,,,
2419,مش راح تمرقها عليا,,,,,,,
2420,اصلو أنا زهقت,,,,,,,
2421,والحكى كبر فيا,,,,,,,
2422,بس ناقصني علم ورشاش,,,,,,,
2423,وشويه قنابل يدوية,,,,,,,
2424,وصاروخ وطيارة,,,,,,,
2425,ودبابة وبنت صبية,,,,,,,
2426,ولشو الصبية,,,,,,,
2427,علشان يقولوا في ديمقراطية,,,,,,,
2428,طيب ولشو السلاح,,,,,,,
2429,بدى أحارب كل عميل وسفاح,,,,,,,
2430,وأقضى على الرشوة والمحسوبية,,,,,,,
2431,وأحاسب كل واحد برقص على القضية,,,,,,,
2432,وافجر المستوطنات الفلسطينية,,,,,,,
2433,واضرب كل الفصائل والحزبية,,,,,,,
2434,وامشي بالشارع وأشوف النظام,,,,,,,
2435,واحمل على أكتافي اعمي وعجوز مرمية,,,,,,,
2436,واصف بالطابور ليجي دوري,,,,,,,
2437,وأقدم مني بنت خجلانه الشبوبية,,,,,,,
2438,واركب طيارة بسعر السيارة,,,,,,,
2439,وأشوف شرطي جدع بالمركزية,,,,,,,
2440,وعند الحق ما يهاب ضابط ولا عائلية,,,,,,,
2441,وجيش بحمي الوطن,,,,,,,
2442,وإعلام صادق وحرية,,,,,,,
2443,عارفين شو اسمي,,,,,,,
2444,انا الدولة الفلسطينية,,,,,,,
2445,اللى راح تكون,,,,,,,
2446,فى عام 2100,,,,,,,
2447,وصدقوني ما هي أحلام خيالية,,,,,,,
2448,هذا واقع بتمني يكون,,,,,,,
2449,في السنة الحالية,,,,,,,
2450,تم النشر قبل بواسطة عبد الحميد عبد العاطي,,,,,,,
2451,معلش يا غزة,,,,,,,
2452,حمل الان شعر . . . معلش يا غزة بصوتى,,,,,,,
2453,معلش يا غزة بتهون,,,,,,,
2454,ودمعي ودمعك مدفون,,,,,,,
2455,واسمك بين المدن,,,,,,,
2456,من دون . . .,,,,,,,
2457,عاصي عكل مستكبر وملعون,,,,,,,
2458,ومن قال انه البطل مهيون,,,,,,,
2459,تعالوا شوفوا أبطالها,,,,,,,
2460,مثل السيف المسنون,,,,,,,
2461,بأي قانون يا عالم,,,,,,,
2462,بأي قانون,,,,,,,
2463,اسكت للي ضربني,,,,,,,
2464,وارسم ابتسامة مجنون,,,,,,,
2465,. . . . . . . . . . . .,,,,,,,
2466,وان كان إلنا بالموت حظين,,,,,,,
2467,حظ الحصار,,,,,,,
2468,والانتظار . . .,,,,,,,
2469,جبار يا ابن غزة جبار,,,,,,,
2470,عزيمة وإرادة وشعلة نار,,,,,,,
2471,ويقولوا وقعوا القرار,,,,,,,
2472,وبكره يشتد الحصار,,,,,,,
2473,وبعده يغيب الشعب,,,,,,,
2474,وما يفج عليه نهار,,,,,,,
2475,ويقولوا جاينا إعصار,,,,,,,
2476,وكل مرة بنسمع إنذار,,,,,,,
2477,بنسمع صوت المدافع,,,,,,,
2478,والقصف والدمار,,,,,,,
2479,بنسمع صرخة مريض على حاجز,,,,,,,
2480,بحالة الاحتضار,,,,,,,
2481,وبنسمع الصمت الدولي,,,,,,,
2482,وكأنه الميت صرصار,,,,,,,
2483,. . . . . . . . . . . .,,,,,,,
2484,وصحيح قلوبنا متباعدة,,,,,,,
2485,وكأنه الوطن مش شايف وطن,,,,,,,
2486,وخلاف سبب فتنة واستخفاف,,,,,,,
2487,وقتل طفل صار مش اختلاف,,,,,,,
2488,وخطف وتعذيب أصبح أمر شفاف,,,,,,,
2489,وقلوبنا لملمت حقد ما بنشاف,,,,,,,
2490,وسياستنا اطلع أنا وله أنت,,,,,,,
2491,شوف يا أخي هالاستلطاف,,,,,,,
2492,ثقافة لمعت الواطي والكشاف,,,,,,,
2493,بس هذا شعب والله ما بخاف,,,,,,,
2494,من يوم يومه بتصدي,,,,,,,
2495,وكل وقته استنزاف,,,,,,,
2496,. . . . . . . . . . . .,,,,,,,
2497,وان كان الوطيس سيد,,,,,,,
2498,وصار وقت التقديس,,,,,,,
2499,يبقي . . .,,,,,,,
2500,نصمد ونتحاور,,,,,,,
2501,ونتخلي عن كل المقاييس,,,,,,,
2502,ونصون شعب بحكم الله,,,,,,,
2503,ونحترم كل معقد وجليس,,,,,,,
2504,ونحب الأرض,,,,,,,
2505,ونربي أولاد,,,,,,,
2506,ما يعبدوا إلا رب العباد,,,,,,,
2507,ونحلم . . .,,,,,,,
2508,يمكن يكون بكره زمزم,,,,,,,
2509,ونقاوم . . .,,,,,,,
2510,بوحدتنا وعزمتنا,,,,,,,
2511,وسجل يا تاريخ,,,,,,,
2512,غزة ارض العزة,,,,,,,
2513,تم النشر قبل بواسطة عبد الحميد عبد العاطي,,,,,,,
2514,اغبي مقال في العالم,,,,,,,
2515,كبر الذقن وكبر الشعر وكبر الهم وكبر ألاه , وصار لازم نروح لعند الحلاق يمكن يتغير فينا شي , يمكن نرجع نضحك ونحب بعضنا ," يمكن نسمع """" نسم علينا الهوا لفيروز """" أو نسمع قصة جديدة من البلاوي اللي بتصير فالبلد ", قصص كثيرة وحكايتنا ما بتخلص ," ولو قعدنا نحكى من أول الدهر ما راح نكفي حق الهرج المحبوس فينا .""""",,
2516,"الحلاق ما بزهق من الحكي وأنت يا حرام قاعد بتسمع مجبور خايف يخربلك شعرك يا اقرع , وقال شو . . بدو يخليك وسيم بعد الحكى اللي سمعته",,,,,,,
2517,"اضحك يا مسكين لأنه إذا ما ضحكت فاجأه بتقطع الكهربا وبدك نص نهار تستني لتيجى , اخ . . مالك نجرحت . . أصلوا في مشاكل بوجهك بدك علاج , بدك خلطة وحدة وطنية وأصول و ديمقراطية وبدك ناس بتعرف الله وبتخاف على القضية , وعارف شو بدك كمان بدك علم واحد ونشيد واحد وبدك حكومة وحدة , أوف . . هذا وجهي فى كثير مشاكل وموضوعي صعب كثير .",,,,,,,
2518,"لا مش صعب بوجه شعب ما بهاب الموت ولا بهاب القصف ولا القتل ولا الترحيل ولا التهجير ولا ولا , ولا مين بتقصد , بقصد اللى عارف حاله قادر يغير من هالوضع لكن ما بدو , ومين بدو فكرك يتغير هالوضع ? غير الشعب الغلبان , انا . . مين انت يا افندي , انا مواطن من البلد . . طز يا مواطن , بكره بتجيك رصاصة وله قذيفة وبتموت يعني انت مش دائم , بدي واحد يوقف بوجه اللى بصير ويقول . . . انا زعلان منكم . . وشوف شو بصير , شو بصير يعني . . . بصير انه بطير وببطل بطل , بصير المغدور عميل لجهة أجنبية أو جهة غير شرعية .",,,,,,,
2519,"وباسمك يا وطن بنضرب وبنعذب وبنقتل ببعضنا علشان بكره تكون فلسطين حرة عربية , لو سمحت . . باسم مين قلت . . . باسمك يا وطن . . . وعن أي وطن بتقصد اللى هناك وله اللى هون , بطلت تفرق المهم وطن والسلام , وفكرك فى سلام . . . بقولوا في الأحلام بتحقق الأمل وبنشيد دولة فلسطينية بحلول عام 2100 م , ول . . شو فيها لو نحلم . . احلم يا حبيبي احلم .",,,,,,,
2520,"وما تسألني ليش بكتب بالعامية . . راح أقولك يا غلبان يا متخبي يا شارد يا خايف من الكلام . . . راح أقولك انه في كثير ناس بطلت تفهم حكينا وبدهم ساعة للترجمة وساعة للتوضيح . . توضيح شو انك فتح . . لاء . . انك حماس . . لاء . . انك جهاد . . لاء . . يمكن جبهه شعبية . . برضوا لاء . . . . ها مين انت . . ?",,,,,,,
2521,"انا ابن فلسطين ومكتوب بالهوية مسلم من يبنا المحتلة مواليد جباليا ارض الصمود . . كيف فهمني . . . شو أفهمك يا طرازان وأنت متشبع بالحزبية . . انسيتوا فلسطين واللاجئين والأسري والمبعدين والحصار والدمار وبترددوا شعارات عنجهية , وين دم الشهداء وين . . بكفي هبل وتزمت اللى فينا مكفينا وله انسيتو الاحتلال ومجزرة وصبرا وشاتيلاو تل الزعتر ولبنان وجنين وجباليا بكفينا وله بدكوا تقضوا علينا . لاء . . بس بدنا نحرر أرضينا . .",,,,,,,
2522,برضوا أرجعنا,,,,,,,
2523,تم النشر قبل بواسطة عبد الحميد عبد العاطي,,,,,,,
2524,شوف لو أنا رئيس,,,,,,,
2525,شوف لو أنا رئيس,,,,,,,
2526,وعندي حكومة وصياد بط وبربيش,,,,,,,
2527,وماشى بنظام الطوشة,,,,,,,
2528,واللي بدو بدو . .,,,,,,,
2529,واللي ما بدو خسارة يعيش,,,,,,,
2530,شوف الديمقراطية عندي بأمرين,,,,,,,
2531,واحد . . . . .,,,,,,,
2532,نظام وقانون وحب استماع,,,,,,,
2533,واثنين . . . . .,,,,,,,
2534,تحمل اسمي بكل الميادين,,,,,,,
2535,واللي يخالف اله حدين,,,,,,,
2536,حد النفي وحد السكين,,,,,,,
2537,ماشى وماشي بطول عرض,,,,,,,
2538,ومعلم فيها عيون . . بتسد الأرض,,,,,,,
2539,و أنت مين . .,,,,,,,
2540,أنت . . . الشعب المسكين,,,,,,,
2541,شعب الإعارة والاستعارة,,,,,,,
2542,شعب اللي قايم مع اللي عايم,,,,,,,
2543,ومرخص ثمنه بكيس طحين,,,,,,,
2544,أنت مين . . مين . . مين,,,,,,,
2545,أنت . . خايف . . وأنت عارف,,,,,,,
2546,أنت ماشى بسكة اللي مش رجعيين,,,,,,,
2547,يا شعب الجبارين,,,,,,,
2548,"يا أبناء المظلومين",,,,,,,
2549,تعالوا ننسي زمان,,,,,,,
2550,وننسى كل اللى كان,,,,,,,
2551,ونفكر بيوم جديد,,,,,,,
2552,ونخلى الحلم عيد,,,,,,,
2553,وان كان عليا أنا رئيس,,,,,,,
2554,بتخلي عن كل الطلا ميس,,,,,,,
2555,مقابل وطن وسلام وأحلام,,,,,,,
2556,مش مشاكل جمعة وخميس,,,,,,,
2557,وإلا والله بستعمل البربيش,,,,,,,
2558,تم النشر قبل بواسطة عبد الحميد عبد العاطي,,,,,,,
2559,أنت مين ياللى أنت بقلم عبد الحميد عبد العاطي,,,,,,,
2560,أنت مين ياللى أنت,,,,,,,
2561,فول وفلافل وخبز معفن وصحن حمص من زمان,,,,,,,
2562,وعقولنا حبة بصل عمرها ما بتتغير,,,,,,,
2563,وسيرتنا صارت على كل لسان,,,,,,,
2564,واسمك يا فلسطيني مقاوم صارت موضة قديمة,,,,,,,
2565,أنت اليوم سيد واسمك أزعر بين البلدان,,,,,,,
2566,صار الولد فينا حكيم وجد اله عنوان,,,,,,,
2567,والشريف فيك يا وطن شهيد مكتوب على الجدران,,,,,,,
2568,واسمك بالدم مسطر وعلمك بقاع الفنجان,,,,,,,
2569,أنت مين ياللى أنت فلسطيني,,,,,,,
2570,أنت فتح وله حماس وله جهاد وله شعبية,,,,,,,
2571,وله حرف بأخر كلمة إنسان,,,,,,,
2572,و أخ منك يا عكاز جدي ومن قرن فلفل,,,,,,,
2573,ومن جارة بتحسد ناطور على باب الحارة,,,,,,,
2574,أنت مين ياللى أنت,,,,,,,
2575,ياللى همك نفسك وبتجرى وراى كسمك,,,,,,,
2576,وابنك من ضعفه صار زى عود الزعفران,,,,,,,
2577,واش نقول بشعب مدمر نسى الله,,,,,,,
2578,وكل فصل بدينه متجبر وفرحان,,,,,,,
2579,أطلال يا غزة أطلال زبالة,,,,,,,
2580,صرصور مات والعمر ما فات,,,,,,,
2581,وقضيتنا عدس وملوخية,,,,,,,
2582,واثنين يتقاتلوا على بنت معمية,,,,,,,
2583,وأنت مين ياللى أنت,,,,,,,
2584,أنا بطلت وأنت بعرفش,,,,,,,
2585,مين فينا بعرف,,,,,,,
2586,إذا أنا وأنت ضايعين,,,,,,,
2587,وفلسطين بلشنا ننسى,,,,,,,
2588,هويتنا وقضيتنا وعودتنا,,,,,,,
2589,وبلشنا ننسى انه إحنا عايشين,,,,,,,
2590,ومين فينا اللى عايش مين,,,,,,,
2591,أنت مين ياللى أنت,,,,,,,
2592,أنا ولاشى,,,,,,,
2593,وأنت . . . . ! ! !,,,,,,,
2594,تم النشر قبل بواسطة عبد الحميد عبد العاطي,,,,,,,
2595,ازهقنا . . وبعدين . . . ?,,,,,,,
2596,"ولك مالك صاير زى البغل , شو مالك قرفان , وين الدين اللى عليك ,",,,,,,,
2597,"كمان يومين بتصلك الكابونة , مال الولد عيان , بدهم يقطعوا الكهربا بقولوا ,",,,,,,,
2598,"نزلت الرواتب عالصراف , الزنانة قصفت سيارة , ما روحت على عزى فلان",,,,,,,
2599,"ما في علاج بالمستشفى , أبصر مين أنخطف , ولك بدي أهاجر من البلد",,,,,,,
2600,"الأسعار صارت زى النار , انقطع راتب فلان يا حرام , ولك وين رايح . . عجهنم",,,,,,,
2601,"ايش بتعمل . . قاعد , متى بدهم يفتحوا المعابر , والله انخنقنا , بقولوا في شهداء برفح وبجنين , هات الشيشة يا ولد , العيد أجي وما معنا نعيد , فكرك نرجع مثل الأول , بقولوا في مفاوضات سرية لحل الأزمة بين فتح وحماس ,",,,,,,,
2602,"يقصف عمرهم دمرونا , البلد واقفة , سحلب يا أولاد , يلعن . . . . . .",,,,,,,
2603,"إذا أنت فلسطيني بتكون هالعبارات أو بعض منها صقلت من شخصيتك نوع من العفن القهري , أو انك تداولاتها في حديثك مع الأهل أو الأصدقاء أو أتت بالصدفة على مسامعك .",,,,,,,
2604,"فكلما أردنا الراحة والهروب من الواقع المتزمت وذهبنا للبيت لنرتفأ دفئ السرير أو لمداعبة أطفالك , تفاجأت انك تبكي أو تنظر على الواقع المظلم الذي ينتظر أبناءك , فأنت لا تستطيع تغير نفسك لتستطيع تحقيق الأحلام التي رسمتها أنت وزوجتك لأطفالك .",,,,,,,
2605,"فتكرار هذه العبارات يوحي أننا لا نتقدم ولا نري أي مستقبل مشرق حتى مع تهافت الخطابات التي تطمئن الشعب وفحواها , أن العمل والبناء والإصلاح وتحقيق الحلم الموعد بإقامة دولة وجميع الترهات الطفولة التي رسمتموها , قد اقتربت فاصبروا .",,,,,,,
2606,"على ماذا نصبر ونحن نسمع من مثل هذه الشعارات ونحن لم نولد فهي التي أطربتنا للحياة وجعلتنا نلفظ الملائكة ونأتي لنعيش معكم , الم تنتهوا بعد من الكذب والنفاق والرياء والاحتيال والاحتلال لهذا الشعب المنكوب المسلوب الضائع في أجواف سياطكم , الم تنتهوا بعد من الشجب والاستنكار ومن لفظ نعرات الصغار , الم تنتهوا يا سادة من ترجمة ثقافتكم الوضيعة والمسمومة في عقول الكبار والصغار , الم تكتفوا من اللعب بدماء الشعب وكأنها لعبة قمار .",,,,,,,
2607,"وأتوقف عند صرخة أم فقدت ابنها أو عند بكاء شاب فقد نظره من الأحداث الأخيرة , فعندما يراق في حديث الناس الذي لا ينتهي عن الأحداث وضياع القضية ومن نهب وسلب وقهر وظلم والاستبداد والتفرد بالقرارات , انظر بعجب لتلك الثقافة القبلية , فأنا خائف فعلا من نقلها للأجيال القادمة , فان حدث الحدث الاجم وطلع الولد مثل أبوه سلامتك وتسلم على القضية .",,,,,,,
2608,"أرجوكم يا أخواتي يا أبي وأمي , يا جدي و يا صديقي يا شعب فلسطين لا تدعوا أبنائكم بالشارع بعد اليوم , لا نريد أن يتخرج أبناءنا كما تخرج هؤلاء للقتل والضرب وللعصيان , نريد أن نربي أبناءنا على الإبداع والبناء والحرية وعلي المقاومة الصحيحة وعمليات التكتيك الجيد للمعركة , نريد أن يفهم العالم اجمع أننا انتصرنا على معالجة أنفسنا , فهي دعوة صحيحة لتحقيق الحلم بنهضة أبناءنا .",,,,,,,
2609,"ولا اقصد تغير الأخلاق الحميدة أو اعتناق سياسة الغرب في نهج التعامل والتربية مع الأبناء , إنما نريد الوصول لحال الأمة والثقافة في العهد العثماني قبل الاستعمار .",,,,,,,
2610,مكالمتي مع جورج دبليو بوش,,,,,,,
2611,"رن هاتفي الخاص بمنتصف الليل مزعجا صولة أحلامي , فالتصقت بسريري والتحفت وكأنني امسك النوم بأسناني ورفضت النهوض , ولكنه عاود الاتصال ومازلت أتمسك بالنوم حتى أخر انتفاضة جسد ,",,,,,,,
2612,"لكن صوت جوالي مزعج ما دفعني للنهوض وبعصبية وارتباك من هذا الاتصال وخصوصا أن الساعة الواحدة والنصف يعنى """" عز دين النوم """" فأمسكت الجوال وقمت بالضغط على زر الرد . فقلت """" الو مين معي """" فقال """" معك الرئيس """" فقلت """" رئيس مين بالضبط """" فقال """" جورج بوش رئيس الولايات المتحدة الأمريكية """" فقلت """" اهلا أهلا يا سيادة الرئيس "," بس أنا على حد علمي انه الرئيس جورج بوش بتكلم اللغة الانجليزية فكيف أنت بتحكي عربي """" بوش """" انأ بتكلم اللغة العربية جيدا حتى أنى ممكن أحكى باللهجة الغزواية . فقلت """" مشالله عليك اه خير شو مالك متصل فيا وكيف عرفت رقمي """" بوش """" ما في شي قلت أسال كيف أهل غزة بجو الحصار أما كيف عرفت رقمك فقلت لمديرة مكتبي أعطيني اتصال مباشر مع اى شخص من غزة """" فقلت """" غزة ااه بدك تعرف أخبار غزة صامدين صامدين ومش راح نتخلى عن الثوابت الفلسطينية لو شو ما تعملوا """" بوش """" يعنى بدك تقنعني انه ما فى نتيجة من الحصار """" فقلت """" لا ما في نتيجة لأنه إحنا بنخاف على بعض وبنحب بعض حتى رغيف الخبز مرات بنتقاسموا """" بوش """" اه واضح حتى التعذيب بتتقاسموه بالضفة وغزة """" فقلت """" يا عمى هيك عارف كل شى "," شو بدك من الأخر لأني بدى أنام """" بوش """" شو رأيك تحضر مؤتمر انابولس """" فقلت """" احضر شو "," شمعنا أنا يعني """" بوش """" هيك اجت فى بالى الفكرة """" فقلت """" لا لا مش فاضى "," ميش مستعد اضيع وقتي في شي عارف نهايته """" بوش """" طيب تابعنا على التلفزيون منه بتعرف شو صار """" قلت """" صدقني وقتي فل "," بكون بقرا بكتاب """" الجنة لا تبعد كثيرا """" بوش """" غريبة أول إنسان عربي ادعوه على المؤتمر ويكون وقته مشغول """" قلت """" شكلوا الكل مضيوف بالبيت الأبيض """" بوش """" اه مليان مش عارف أتحرك براحتي مخنوق """" فقلت """" اذا انت مخنوق شو نقول احنا """" بوش """" عارف بحاول معهم لكن لا حياة لمن تنادى من الطرفين وحابب اخذ رايك بالموضوع هل فى امل ? """" فقلت : رأي انك تستقيل قبل مؤتمر انابولس واكسب بياض الوجه وسيبك من الشرق الأوسط صدقني ما بتستاهلوا شي """" بوش : لا وحياتك راح يستقيل اولمرت وعباس اذا صار شي """" فقلت : اسمحي بدى أنام نعسان "," بس دير بالك على العراق وأفغانستان اصلو بسمع انه في قتلي بشكل غريب """" بوش : وما تقلق راح أتوصي بإيران كويس وراح نعمل الوطن العربي كله سلطة """" قلت : طيب يالله سلام بوش : بس ما تنسانى """" قلت : له / هو فى حدا راح ينساك """" وانقطع حلمي برنه جوال حقيقة شرذمت ما تبقى من الحلم "," فاعذروني فما هذه المكالمة إلا من عتمة أفكاري فأتمنى للرئيس عباس كل التوفيق وأرجو الا يكون هذا المؤتمر هو رحلة حب قصيرة الأمد ."""""
2613,تم النشر قبل بواسطة عبد الحميد عبد العاطي,,,,,,,
2614,التصنيفات : مقالات,,,,,,,
2615,موضوع مصطلحات فلسطينية,,,,,,,
2616,مصطلحات,,,,,,,
2617,بنغل نغل,,,,,,,
2618,"انخم , انطم , سد بوزك , حط هوى في ثمك و اخرس , اخرس",,,,,,,
2619,برة = طلطميس / / يعنى واحد ما بيفهم شى,,,,,,,
2620,ابو هطل / / / / برضو واحد هبيلة يعنى,,,,,,,
2621,عارض = مش عارف كيف أعبرلكم عنها . . بس يعني مرات بنقول عارض ياخدك ايش هوة العارض مش عارف,,,,,,,
2622,الكوربة = راس الشارع = لفة آخر الشارع,,,,,,,
2623,ضاوي = فاقد = ما بفهم اشي,,,,,,,
2624,براد = بكرج = إبريق بنقول براد الشاي أو بكرج الشاي,,,,,,,
2625,ششبرك = هوة نو طبيخ مرات بتتسمى ودن القط وهي عجين بنحشي لحمة أو كفة مفرومة وبنطبخ مع اللبن,,,,,,,
2626,بشكير = منشفة اللي بنشف فيها وجهنا على الصبح,,,,,,,
2627,خاوا = بالغصب,,,,,,,
2628,سوكة = زاوية الشارع,,,,,,,
2629,عشمني = وعدني,,,,,,,
2630,هلقيت = الآن,,,,,,,
2631,حاكورة = قطعة أرض صغيرة,,,,,,,
2632,بيخرط = يكذب,,,,,,,
2633,مشحر : مشحمط :,,,,,,,
2634,"عزااااااااااااااااااا : : هي كلمة بتنقال للاستهجان أو الإستغراب من شيء ما",,,,,,,
2635,عايف حاله,,,,,,,
2636,عايف التنكة,,,,,,,
2637,مهوي,,,,,,,
2638,ولا حبة,,,,,,,
2639,خاص كازه,,,,,,,
2640,عالآخر,,,,,,,
2641,سلامتك,,,,,,,
2642,كل ما سبق يعني أنه منتهي وفيوزاته ضاربة,,,,,,,
2643,أو مؤجر الطابق الفوقاني بعقد إيجار أبدي,,,,,,,
2644,خوصة : سكين,,,,,,,
2646,المشكلة انه هاى الكلمات بنحسش بفرق لما بنحكيها فصعب نتذكرها,,,,,,,
2647,بس فى أكمن وحدة أجن عبالى,,,,,,,
2648,شفيطة = واحد ملوش رأى ذنب يعنى,,,,,,,
2649,لبطة = يعنى واحد تصرفاته فظة وفش عنده زوق,,,,,,,
2650,معاطة = آلة نتف ريش الدجاج,,,,,,,
2651,غووور = يعنى ممممم ( اغرب عن وجهى,,,,,,,
2652,بس هى الى طلع معى,,,,,,,
2653,على فكرة يخرب حريشك أم يحرق حريشك,,,,,,,
2654,أنا,,,,,,,
2655,الله يسامحك خيتا,,,,,,,
2656,ويسخطني سخط إذا إلي خص,,,,,,,
2657,أكيد واحد منتحل إسمي وطيرلك هظاك الموضوع اللي بدناش نجيب سيرته,,,,,,,
2658,أولا قطاع الزراعة - سجرة = شجرة,,,,,,,
2659,دونم = قطعة أرض مساحتها 1000 م مربع,,,,,,,
2660,البابور = ماتور استخراج المياه من الآبار,,,,,,,
2661,السقية = سقاية الزرع,,,,,,,
2662,عمال ( بفتح العين وتشديد الميم ) = خطوط مواصلات المياه التي يتم تشكيلها على شكل طرق ترابية قصتنا بتحزن في الشرح,,,,,,,
2663,الطورية = ( والله مانا عارف ايش اللي بده يشرحها ) = أداة حفر يستخدمها المزارعون,,,,,,,
2664,السكة = محراث يدوي عن طريق ربط المحراث بدابة تسحب المحراث,,,,,,,
2665,ينكش الأرض = يحرثها باليد وينظفها ويقلبها,,,,,,,
2666,"المواصي = هي أراض ذات تربية رملية ( كرمل الصحراء ) تكون محاذية للشواطئ ( مثل تلك الموجودة على امتداد ساحل مدينتي خان يونس ورفح ) وهي ذات مواصفات عالية اذا ما استصلحت وهي التي أفشلت المثل المعروف بزرعوا في البرص بطيخ",,,,,,,
2667,"البرص ( بفتح الباء والراء ) = هو نوعية الرمل الصحراوي الذي تتمتع به أراض المواصي",,,,,,,
2668,ثانيا قطاع المطلحات الشعبية - الحارة = الحي,,,,,,,
2669,أخو الشلن = هو شخص ذكي لماح سريع البديهي ( بس شعبي خالص . . . مش يجي أخ من الوطن العربي بده يبسط دكتوره الفلسطيني في الجامعة ويقله بصراحة انتا أخو الشلن ) وقعته عسل أسود / ويماثلها أخو الشليتة ( ايش معناها بعرفش,,,,,,,
2670,غاد = هناك ومنها يشتق لغاد,,,,,,,
2671,جاي = قريب . . . . مثل قوله : تعال جاي ( هذه تقال حين يرغب الحج مثلا يخلع واحد من الولاد كف يلوحه ينادي عليه . . . . تعال جاي,,,,,,,
2672,قبلة ( بكسر القاف ) = جنوبا وكان يرمز في الماضي إلى كون قبلة الصلاة جنوبا لكافة مناطق فلسطين ولازال الكثير من اهل فلسطين يستخدمها,,,,,,,
2673,"الحطة والعقال = هي الكوفية الفلسطينية المعروفة أو تلك البيضاء يوضع عليها العقال بما يماثل ما يضعه إخواننا في الخليج",,,,,,,
2674,عليها وجه = وهي مصطلح يعني أنني كفيل بهذا الأمر أو لهذا الشخص,,,,,,,
2675,انقلع = بشكل ألطف تعني الله يسهل عليك . . . . وتقال مثلا حين يأتي على الصبح احد الأولاد ليصحي ابيه قائلا له هات المصروف . . . فالرد حينها يكون : طيب روح انقلع,,,,,,,
2676,قطاع الأماكن والأبنية - الديوان / الشق = هو المكان الذي يجتمع فيه أفراد العائلة ( ليس الأسرة وانما الأكبر ) في المناسبات أو في الأيام العادية يتجاذبون اطراف الحديث ويشربون القهوة السادة / وما بتفلت من لسانتهم لا شاردة ولا واردة بجيبوا أخبار البلد كلها,,,,,,,
2677,قطاع الأطعمة - الفتة = أكلة شعبية معروفة وهي عبارة عن خبز رقيق ( رقاق ) يخبز يدويا يتم وضعه في صينية ويرش عليه مرق اللحم ( دجاج - ضاني - عجل ) ومن ثم يوضع فوقه الرز وفوق الرز اللحم . انفتحت نفسي,,,,,,,
2678,"المقلوبة = في الأساس عبارة عن رز + خضار ( باذنجان - بندورة - بطاطس - قرنبيط ) + أي نوع من اللحم يوضع اللحم في قاع الطنجرة ومن ثم الخضار ومن ثم الرز وتطبخ ثم تقلب بعد الاستواء في صينية ولذا سميت مقلوبة تشلوحت",,,,,,,
2679,"المحشي وفي رواية المحاشي = وهي أنواع من الخضار مثل : الكوسا - الباذنجان - الفلفل الأخضر الحلو - وحتى حبات البندورة الكبيرة , يتم حشوها بالرز النيء المضاف اليه اللحم المفروم أو الخضار المفرومة , والبهارات وتطبخ , ومنها محشي ورق العنب الذي يستعيض عن الخضار بورق العنب ويلف ويطبخ يا جماعة حد يجيب القشاطة . . . . الريالة ملت الدار )",,,,,,,
2680,الدقة ( بفتح الدال ) = البندورة المقطعة مع الفلفل وعين الجرادة الناشفة . . . . تدق في الزبدية ثم يضاف إليها زيت الزيتون يا لطيف,,,,,,,
2681,الدقة ( بفتح الدال أيضا ) = فلفل حراق يتم دقه في الزبدية مع أو بدون ثومثم يضاف إليها الليمون وتقدم مضافة إلى أكلات مثل الفتة والمقلوبة وخلافه,,,,,,,
2682,"( طبعا إخوانا في الشجاعية بالعكس , بعملوا الدقة الأساس وبحطوا عليها شوية رز وللا أي حاجة جنبها )",,,,,,,
2683,فارط = وضعه متدهور,,,,,,,
2684,أخي عيون الليل,,,,,,,
2685,علي الطرشاق انك من خانيونس أو من حواليها,,,,,,,
2686,هههههههههههههههههههههههههههههههههههههههههههههههههه هههههههههههههههههههههههههههههههههههههههههههههههههه ههههههههههه,,,,,,,
2687,أذا بتقلي ايش معناة الطرشاق بقلك آه وللا لأ ! ! بعدين . . . . كل غزة قديش ماهي غزة حوالين خان يونس والسبع حوالين خان يونس والعريش حوالين خان يونس,,,,,,,
2688,"وبعدين تع جاي . . . . . . . . . . . . . . . . . . شفتني حكيت . . . . . """" سطل كولا """" . . . . . . . . . . . . . . . عشان تحكي من خان يونس . . . . . ههههههههههههههههههههههههههههه""""",,,,,,,
2689,آه يا خو بس بلاش تشخر,,,,,,,
2690,وين ما حدا جاب مصطلحات جديدة . . . . . . . . . . . . . . . . . . . . . . . . . . . . . خليتو الخانونسية لحالهم . . . . . . يطهبجوا,,,,,,,
2691,يا فرج الله . . . . . . . . . . . . . . . . . . . . . . . . . . . . عرفت من وين انا وللا لسة,,,,,,,
2692,"طيب يا اخو الشلن اطلع لي على المسنجر , لأنه أبو محمد عندي وبدنا نطلع انطش على شارع اكسفورد",,,,,,,
2693,"قنيه = قنينة = وهي عبارة عن زجاجة الماء او زجاجة البيبسي او اي مشروب",,,,,,,
2694,يقال : ناولني القنية ياولد = اي : اعطني الزجاجة يا فتى,,,,,,,
2695,سبيطار : : يعني مستشفى وقريبة من هوسبيتل على فكرة,,,,,,,
2696,"ابطيني : : يعني بياكل اكل ما شاء الله ولا هو داري عن حاله",,,,,,,
2697,زرفيل = قفل الباب,,,,,,,
2698,احلق / يعنى الله ايسهل عليك ( والحدق يفهم,,,,,,,
2699,عمرك شفت دمك بكبى / لما ايكون الواحد معصب حياتك فى خطر,,,,,,,
2700,واحنا يا شباب بنقول لكل مشرف طابب حزف بهالمواضيع اذا بدك اتشوف دمك فى كباى وسنانك مسبحة,,,,,,,
2701,طاولة صغيرة : اسكملة,,,,,,,
2702,و عند الصدمة او التفاجؤ : يأ,,,,,,,
2703,انطري هنا : شني,,,,,,,
2704,"الحذاء اجلكم الله : مشاية",,,,,,,
2705,من جنين,,,,,,,
2706,عن الكيس : شيس,,,,,,,
2707,سكينة : خوصة,,,,,,,
2708,احكي : خرفي,,,,,,,
2709,والله خرافك فيه منه,,,,,,,
2710,ذكرتيني بكلمة اسكملة . . . . . . . . . . . هههههههههههههههه كنت ناسيها,,,,,,,
2711,مين بعرف شو معناة : يووووووووووووو ( مع التغيير في طبقات الصوت,,,,,,,
2712,وماهي الدحية ! ?,,,,,,,
2713,زكا معنى يتشندل ? ?,,,,,,,
2714,طيب شو رايكو بكباية شاي بمرميه,,,,,,,
2715,بلشت راسي تجعني,,,,,,,
2716,أهلا و سهلا بالجميع,,,,,,,
2717,مع شوية زعيتمان ولحسة ستشر بعدها بتنتشفي وبتنام,,,,,,,
2718,ملاحظة,,,,,,,
2719,تكدش الخلكة,,,,,,,
2720,ايش يا مراقب عجبتك كلمة سطل بشوف ايش رايك تروح غاد وبنخلي الشباب يجيبولك أحلى سطل كولا وتقعد بفيات المواصي وتشلح الحفاية وتتربع جمب عمال المي ومع سطل الكولا أحلى دقة بخبز فرن لعيونك بالك اصدق والحقك,,,,,,,
2721,الله لا يوطرزلك,,,,,,,
2722,على الحديدة مفلس,,,,,,,
2723,"رزة ( بفتح الراء وتشديد الزاي ) القطعة التي تمسك الباب مع الحلق",,,,,,,
2724,تقال للشخص الذي يلتصق بشخص أخر ليساعده,,,,,,,
2725,ملص - تفلت من موضوع أو تهرب ( ملص مليص,,,,,,,
2726,ارتزي اقعد أو اجلس,,,,,,,
2727,شرشوحة / الامرأةالغير مرتبة,,,,,,,
2728,مشعوطة / برضو الامرأة التى تعانى من الهبل,,,,,,,
2729,مبارح و انا نازل عالبلد شفت أم العبد شايلة عراسها صرة أواعي وفي ايدها مطلة باين عليها رايحة تزور اختها في اسبيتار,,,,,,,
2730,يعدمني ياك,,,,,,,
2731,هادي برضه مأصلة في شعبنا الفلسطيني بس الها استخدامات مختلفة يعني,,,,,,,
2732,اذا بنت راحت على دار سيدها وفي راوية جدها ( ابو ابوها ) وكسرتلها شغلة بقلولها الله يعدمنا اياكي بس اذا أخوها عمل هيك بقلوله يعدمنا امك لا يواخذونا اخواتنا بحكي اهل زمان بس هلقيت وفي رواية اخرى هلأ بقلوله وبقلولها يعدمنا اياك / ي انتو واللي خلفوكوا,,,,,,,
2733,أختي عصفورة الحذر بدك أحكيلك الكصة من أولها وللا أخرفك خرافية نوغر,,,,,,,
2734,لا خيي الكصة مو الرواية,,,,,,,
2735,الكصة : تعني في جنين ساحة صغيرة ارضيتها من الاسمنت تكون بين البيوت و يجلس عليها اهل الحارة و يتحدثون,,,,,,,
2736,في ناس بتحكيلها بسطة و لكن الكصة اكبر بقليل من البسطة,,,,,,,
2737,"الجنبية : الفرشة , و هي فراش يفرش على الارض",,,,,,,
2738,ماعون : الطنجرة,,,,,,,
2739,خابية ? ?,,,,,,,
2740,طحا يطحو ? ?,,,,,,,
2741,سهلة ? ?,,,,,,,
2742,هفسة ? ?,,,,,,,
2743,خطرة ? ? ?,,,,,,,
2744,زردية ? ? ?,,,,,,,
2745,رابور ? ?,,,,,,,
2746,طومبيل ? ? ?,,,,,,,
2747,من أخو الشلن اللي بدو يعرفهم,,,,,,,
2748,مكنسة,,,,,,,
2749,او مقشة,,,,,,,
2750,قصة صبحية و الظبع ( ليلى و الذئب ) من منتديات حلم فلسطين,,,,,,,
2751,بعد ما لكطت صبحية الزتونات طلعت من الأرظ رايحة توصل تنتشة هالزتون لستها و مشت بنصاص هالليالي بين هالشجر و هي بتغني عزاريف الطول,,,,,,,
2752,و شوي ولا بنطلها ظبع و مسكها و كلها استني ولي وين رايحة بهالليالي ?,,,,,,,
2753,كلاتلو و انت ايش دخلك يا . . . ما عندكش خوات ? ?,,,,,,,
2754,و يم طالت صبحية هالعصاية من الأرظ و بلشت .,,,,,,,
2755,و بعد ما بهدلته و كلت كيمته دارت ظهرها و توكلت,,,,,,,
2756,عاد هون الظبع ما كبلهاش عحاله صبية زغيرة تبهدله كدام أهل بلده,,,,,,,
2757,و أخذ هالتاكسي و نط طيران عبلد ست صبحية,,,,,,,
2758,دك الباب عالحجة ام مفلح ست صبحية,,,,,,,
2759,و كعد يستنى تنو هالختيارة توصل باب الدار,,,,,,,
2760,و لما و صلت الحجة عباب الضار كالت : أنووو ?,,,,,,,
2761,كلها أنا صبحية يا ستي,,,,,,,
2762,جايبتلتش تنتشة هالزتون ملكطتها كبل شوي,,,,,,,
2763,فتحت الباب هالحجة و هي بتكول الله يرظى عليتش يا صبحية,,,,,,,
2764,و بعد ما فتحت الباب جحر فيها الظبع جحرة,,,,,,,
2765,و ظحتشلها ظحتشة صفرة وكلها يا فكيرة انت مين ما كلك أنا صبحية بتفتحيلو,,,,,,,
2766,كعدت تردح ام مفلح بدها تشرد من الظبع,,,,,,,
2767,كلها وين رايحة يابا دخول الحمام مش مثل طلوعه,,,,,,,
2768,ويم بلعها مرة وحدة مثل حبة بنادول,,,,,,,
2769,و كعد يستنى الظبع بصبحية عشان يكعدها جمب ستها,,,,,,,
2770,وصلت صبحية عبيت ستها و دكت الباب,,,,,,,
2771,كلها الظبع مين,,,,,,,
2772,كالت أنا صبحية يا ستي,,,,,,,
2773,كلها ادخلي يا ستي الباب مفتوح,,,,,,,
2774,دخلت صبحية عالغرفة و شافت الظبع,,,,,,,
2775,كالتلو ايش بتسوي هون ولاا . . وين ستي ?,,,,,,,
2776,كلها فبطني,,,,,,,
2777,كالتلو بتتخوث يا ملوث,,,,,,,
2778,و سحبت موس كباس أبو ثلاث براغي 20 صانتي,,,,,,,
2779,و فزرت كرشة الظبع و طلعت ستها المستشينة,,,,,,,
2780,كعدت ام مفلح تدعي لبنت ابنها اللي طلعتها من كرشة الظبع,,,,,,,
2781,بعدين تعشين عالزتونات و نامت صبحية عند ستها,,,,,,,
2782,و هاي كصة صبحية و الظبع,,,,,,,
2783,حكاية قبل النوم باللهجة الفلسطينية من منتديات عمانيات,,,,,,,
2784,كان مرة زلمة ومرته,,,,,,,
2785,المرة لا بتحبل ولا بتجيب,,,,,,,
2786,أجا زلمة ببيع جبنة ولبنة,,,,,,,
2787,شرت المرة منه جبنة وفاتت على بيتها وقالت,,,,,,,
2788,يا ربي يا حبيبي,,,,,,,
2789,تطعمني بنت بيضة مثل قرص الجبنة واسميها,,,,,,,
2790,جبينة,,,,,,,
2791,روح يا يوم وتع يا يوم,,,,,,,
2792,المره حبلت وخلفت بنت طلعت شلبية,,,,,,,
2793,وسمتها إمها,,,,,,,
2794,جبينة,,,,,,,
2795,كبرت البنت وصارت صبية,,,,,,,
2796,أجا مرة أمير عندهن وشافها واعجبته,,,,,,,
2797,طلب من إم جبينة إنو يتجوزها,,,,,,,
2798,قالتله,,,,,,,
2799,أنا بغربش,,,,,,,
2800,لكن في النهاية وافق اهلها,,,,,,,
2801,وكان عندهن خدامة فطلبوا منها ان ترافقها,,,,,,,
2802,لما قرب موعد العرس ," ركبوا """" جبينة """" على الفرس""""",,,,,,
2803,مزينة ومزبطه,,,,,,,
2804,وساقت فيها الخادمة ع بلد العريس,,,,,,,
2805,"قبل ما تمشي """" جبينة """" امها اعطتها خرزة تعلقها بصدرها""""",,,,,,,
2806,وقالتلها,,,,,,,
2807,بس تكوني بضيق نادي,,,,,,,
2808,هي يما,,,,,,,
2809,بسمعك وبرد عليكي,,,,,,,
2810,مشيت العروس هي والخادمة,,,,,,,
2811,"بالطريق الخادمة تعبت , قالت لجبينه",,,,,,,
2812,انزلي بدي اركب مطرحك,,,,,,,
2813,نادت جبينه,,,,,,,
2814,هي يما,,,,,,,
2815,أمها قالت للخادمة,,,,,,,
2816,سوقي ياخادمة,,,,,,,
2817,ساقت الخادمة مسافه كبيرة . ولما تعبت قالت لجبينة,,,,,,,
2818,انزلي بدي أركب مطرحك قالت جبينه,,,,,,,
2819,صارت جبينه تنادي أمها,,,,,,,
2820,معدتش أمها ترد عليها,,,,,,,
2821,"قالتلها الخادمة : """" خلص لا في امك هون ولا إشي""""",,,,,,,
2822,"أجت الخادمة نزلت """" جبينه """" عن الفرس وركبت مطرحها""""",,,,,,,
2823,بالطريق وصلوا ارض مشحره,,,,,,,
2824,"أجت العبده مرمغت """" جبينه """" بتراب المشحره السودة""""",,,,,,,
2825,ودهنت الخادمة حالها بالشيد فصارت بيضه,,,,,,,
2826,مثل جبينه,,,,,,,
2827,ركبت الخادمة الفرس ," و """" جبينه """" تسوق فيها""""",,,,,,
2828,تاوصلوا دار العريس,,,,,,,
2829,فاتت واستقبلوها وتجوزت الخادمة الأمير,,,,,,,
2830,قالت الحماة للخادمة اللي عملت حالها عروس,,,,,,,
2831,قومي اشلحي واتغسلي بتتريحي,,,,,,,
2832,قالت العروس,,,,,,,
2833,أنا نظيفة وبديش افوت اتغسل,,,,,,,
2834,أهل العريس عندهن وز وغنم,,,,,,,
2835,راحت جبينه اللي هي العروس المزبوطة,,,,,,,
2836,ترعى الوز والغنم بالوعر وصارت تغني وتقول,,,,,,,
2837,يا طيور يا طايره,,,,,,,
2838,يا وحوش غايره,,,,,,,
2839,سلموا ع أمي وأبوي,,,,,,,
2840,وقولوا جبينه بالوعر راعيه,,,,,,,
2841,"صار العريس يلحق """" جبينه """" ع الوعر""""",,,,,,,
2842,ليشوف شو بتساوي,,,,,,,
2843,ولما سمعها بتحكي هيك عرف انها هي,,,,,,,
2844,العروس الحقيقية,,,,,,,
2845,روح العريس ع الدار,,,,,,,
2846,وقال لإمو انها تقول للعروس تفوت تتغسل وتفرفك حالها,,,,,,,
2847,فلما تغسلت بينت على حقيقتها,,,,,,,
2848,ولما تغسلت جبينه صارت,,,,,,,
2849,بتوج وج,,,,,,,
2850,يعني بتلمع لمع,,,,,,,
2851,وهيك عرفوا الحقيقة وسجنوا الخادمة,,,,,,,
2852,"و """" جبينه """" تجوزها الأمير""""",,,,,,,
2853,وعاشوا بثبات ونبات,,,,,,,
2854,وخلفوا صبيان وبنات,,,,,,,
2855,فلنعلم أطفالنا,,,,,,,
2856,اللهجة الفلسطينية,,,,,,,
2857,قصة سندريلا باللهجة الفلسطينية من منتديات سيدتي,,,,,,,
2858,لبست الفسطان وراحت جري عالكصر وشافها الأمير وحبها وركضو سوا,,,,,,,
2859,وفجأة,,,,,,,
2860,دكت الساعة طنعش وجراي وصارت ترمح و ترمح ووكعت ببوجها عالدرج,,,,,,,
2861,"سندريلا راحت عالبيت واتمنت لو انو الساعة ما دكتش على الطنعش , بس",,,,,,,
2862,شو تسوي بحظها المعتر مثل حظ هاظا الشعب,,,,,,,
2863,"الأمير حط فردة البابوج على مخدة يمكن لونها زركة أو خضرة , المهم صار",,,,,,,
2864,"ينادي بالصوت على كل البنات عشان يكيسن البابوح , كل البنات كاسوا البابوج إلا",,,,,,,
2865,سندريلا,,,,,,,
2866,"سندريلا نزلت على الساحة ومعها فردة البابوج , وحطتها على المخدة",,,,,,,
2867,"الي عليها الفردة الثانية , ولما كربت ( اقتربت ) عشان تكيسها ضربها الأمير كف",,,,,,,
2868,"وحكالها : وين جايه يما ,",,,,,,,
2869,"حكتلو : يقطع وجهك ما أزنخك , مش شايفني بدي أكيس البابوج",,,,,,,
2870,حكالها : وحدة مثلك كيف بدها تكون مزة,,,,,,,
2871,مثل هذيك الكمر,,,,,,,
2872,حكتلو : هسا بفرجيك وأحط على عينك,,,,,,,
2873,"ولما اجت تكيسها , ما طلعت كد اجرها , لأنها كانت ورمانه من كثر",,,,,,,
2874,الشغل,,,,,,,
2875,"ويا حرام ما حدا صدكها , وانجنت المعترة ودارت في الشوارع , والأمير",,,,,,,
2876,اتزوج غيرها وحكى : لوينتا بدي أظل ادور عليها الله لا يردها هي,,,,,,,
2877,الخسرانة,,,,,,,
2878,قصه مضحكه جدا جدا جدا,,,,,,,
2879,"كان يا ما كان في قديم الزمان , ملك عنده ثلاث بنات .",,,,,,,
2880,حب في يوم من الايام انه يختبر حبهم اله . جاب الكبيرة وقالها : يابا يا حبيبتي قديش بتحبي ابوك الملك,,,,,,,
2881,البنت من غير تفكير : بحبك قد ما السمك بحب البحر,,,,,,,
2882,الملك فكر وقال في باله : ايهو السمك بقدر يعيش بدون بحر . هاي البنت بتحبني كتير . وقال الها : انا كنت عارف انك بتحبيني بس مش لهدرجة . وقام اعطاها قصر كبير ومجوهرات,,,,,,,
2883,جاب البنت التانية وسألها نفس السؤال . فقالتله : بحبك قد ما الطير بحب السما . انبسط الزلمة وكيف . واعطاها قصر جنب اختها ومجوهرات,,,,,,,
2884,بعدين جاب البنت الصغيرة ( اخر العنقود اللي بموت فيها ) وسألها نفس السؤال . قامت جاوبته : بحبك قد ما الدقة ( يعني زعتر ) بتحب الشطة,,,,,,,
2885,الزلمة زعل وعصب وقام لفحها كف . ومسكها من شعرها وزتها برة القصر . وما رضي يسمع منها ولا نص كلمة . البنت دارت بالحواري وعلى ارصفة الطرقات وتسمع كلمة من هاد وكلمتين من هداك . لغاية ماجاها مزارع مسكين حبها وحبته وراحوا تزوجوا و سكنوا بالكوخ تبعه اللي بنص الغابة,,,,,,,
2886,ودارت الايام ومرت الايام . وفي يوم من الايام كان الملك قاعد بتصيد بالغابة ونسي حاله وسرح وضاع بالغابة . دور على المرافقين . ولا هم هون . طب الحرس . فص ملح وداب . ضل الملك يمشي ويمشي لغاية ما لقي هالكوخ لصغير . قال بفوت برتاح وباكلي لقمة . دق على الباب فتحلوا صاحب البيت وهو مش عارفه . دخلوا جوا وهو شايفه تعبان . وصار يحكي مع الزلمة .,,,,,,,
2887,مرته مش خافي عليها الصوت . . . . . . . . قام الزلمة بيقول للمرة اذبحيلنا جاجتين خلينا نتعشى ونعشي الضيف . المرة مين طبعا ? ? ? ? ? ? ? ? ? واضحة بنت الملك المقصوفة الصغيرة,,,,,,,
2888,بدت تشتغل بالجاجات وخطر على بالها فكرة . نادت جوزها وقالتله خذ شوية الدقة ( يعني زعتر ) هاي مع صحن زيت سلكو فيهم على بين ما يخلص الاكل شكله الزلمة ميت جوع . والله الزلمة عجبته الفكرة وقام حط الزيت والدقة قدام الملك وقاله : اتفضل يا عمي على بين ما يجهز الاكل . الملك ميت جوع وهو بحب الدقة ( كمان يعني زعتر ) كتير . ما بلع اول لقمة ولا صار بده يستفرغ . وصاح بالزلمة : ولك شو هاد دقة من غير شطة ? ? ? كيف بتاكلوها هاي ? ? ? ? خخخخخخخ ( هاي ضحكه صفرا ) ? ? ? ? ?,,,,,,,
2889,وفجأة اتذكر بنته الصغيرة وصار يعيط زي الهبايل . قاله الزلمة : . شو مالك يا زلمة,,,,,,,
2890,انت العاقل . كل هاد مشان شوية دقة ( زعتر يا جماعة ) هسة الجاج بخلص . قلعطتني ( هاي ما بدها شرح ) . شو . راح الملك حكى للزلمة القصة . وهو خلص من هون نطت البنت وقالت : بخ كيفك بابا ? عرفت اديش بحبك يا فالح . ? ? ? ? ? ? ?,,,,,,,
2891,وهيك عرف الملك قديش بتحبه بنته . وجابتله دقة بشطة . طبعا ما اكل منها ولا لقمة لانه نزل بالجاج جرد,,,,,,,
2892,واعطاها قصرين ومجوهرات و سوبر ماركت و كروز دخان وشغل جوزها ضريب مواس عنده,,,,,,,
2893,وتوته توته خلصت الحدوتة,,,,,,,
2894,هذه القصة ملطوشة,,,,,,,
2895,"الغرة و الجرة لفداء زيدان من موقع دنيا الوطن",,,,,,,
2896,"بنت فلسطينية كانت قاعدة مع ستا بسيعة صفا , قالتا",,,,,,,
2897,دخلك يا تيتا ! إنتي تجوزتي جدي عن حب ?,,,,,,,
2898,"إنتبهت الختيارة من كبؤتها وصحصحت آخر صحصحة ! ! ! والمسبحة إم حبة كبيرة بايدا , والنقاب الأبيض كاشف ثلج راسا , وبلشت لحكاية",,,,,,,
2899,"آآآآآآآخ يا ستي يا حبيبة كلبي , زكرتيني بالغااااااالي ! ! ! إسمعيني وما تكاطعيني احسن انسى شو بكول , ماشي ?",,,,,,,
2900,اللهم صلي عليك يا نبي :,,,,,,,
2901,هاظ يا ستي أيام زمان لما كنت بعزي صبية بتصدكي ? كنت أحلى منك !,,,,,,,
2902,وفرطت البنت من الضحك,,,,,,,
2903,لك وجع يفلخ نيعك بتضحكي عليي ? يما منك شو وكحة وكوية ! والجدة طبعا فرحانة وفرفح قلبا عهالسيرة :,,,,,,,
2904,بسك عاد يا بنت . . . . غسبالك,,,,,,,
2905,"شو كنت بكول ? آه : كنت حلوة وخدودي كبار مرصوصين مثل الفخار , وشعري كان طوييييييييييييل , مكنا نتباها بطولو , مش زيكو بنات هالايام ما بنعرف الصبي من البنت ! كال شو ? الصبي بربطو , والبنت بتكصو ! !",,,,,,,
2906,"آه يا ستي , كنا أيامها ما نطلع من البيت , عيب ! البنت بتضلها بالدار بتساعد امها بشغل البيت . كنا نعجن ونخبز عالحطب والتنور والصاج . كنا نفيك كبل الفجر , نكوم نصلي , ونشمر عن كمامنا ونحضر العجين كبل اي إشي . . .",,,,,,,
2907,والبنت مستعجلة : يا تيتا كيف عرفتي جدي ? ? ?,,,,,,,
2908,"جاييتك بالحكي , بلا طول سيرة : . . . . . . . . . . . ياستي كنا نعجن ونخبز ونحط هالغسيل باللجن , مش مثلكو اليوم , بنات كلال حيلة ! بتزتوا هالغسيلات بالمكنة اللي بتبرم عالفاظي ! ! ! كانت امي تروح عالحكلة مع أبوي تساعده بلفلاحة , وكنا نظل بالدار , وما نطلع إلا عالنبعة لنعبي جرار المي الفخار . تبكا الوحدة منا مثل العروس , حاطة جرتها عراصا . . . . وان شالله كنا نطلع مكشوفات ? ? العوذو بالله ! ! ! والله كانوا بذبحونا ! . . . . لأ يا ستي , كنا مستترات , نحط مناديل ونربطها لورا . بس بيني وينك : ( كنت لما اطلع اعبي المي من النبعة , كنت أطلع وراي , وحواليي , ولما ما ألاكي حدا شايفني . . . . . , كنت أنزل غرة , ابينلي كم شعرة من نفسي ) بس ان شالله اهلي يعرفو ? . . . . . . والله كانو بدبحوني عالعتبة . كنا صبايا وجاهلات ! ! !",,,,,,,
2909,"وبيوم يا ستي يا حبيبتي , ونا حاملي الجرة عراصي ومروحة الدار , . . . . لكيت زلمة طووول بعرظ , بهد الحيط , . . . . وسبحان اللي خلكلو هالهيبة ! ! ! شواربو كباار وعيونو يا ستي تكولي مكحلين ? ! . . . . آه والله يا ستي , زي ما بكلك . . . . . . . . . ياااصباااح الشووووووووووم عليي ! ! ! ! . . . . . هاظ الزلمة كرب مني يحكيني ! ! . . . . وكوم اركظ كد ما فيي . . . . . . يااااااااامشحرين إذا حد مارك وشافني بحكيه ! ! ! ليكول عني عايبة ! ! ! ! . . . . ترى يا ستي هالشغلات كانت عنا كبيرة وبتطير فيها ركاااب ! ! !",,,,,,,
2910,"بكيت اركظ بالحكلة وهو يكلي وقفي يا بنت , بدي اسألك وين دار ابو عارف ?",,,,,,,
2911,"هاظ أبو عارف , كان جارنا . بس مين رد عليه ? ? ? ! ! ! ! الله وكيلك بكيت اركظ وكلبي يدك , لحد ما وكعت مني الجرة . . . . . . . . . . . . . . ياااااامشحرة يااااااااااروكية . . . . . . . شو بدك تساوي بحالك ? . . . . . . . . . . . . ياويلي من امي , وأبوي هظاك التاني بكون كاعد بالدار واستعوكني ! ! ! . . . شو بدي اكلهن ? كسرت الجرة ! ! بدن يكولولي كيف وليش ! . . . ومافينيش أكذب عليهن يا ستي , يااااااااصبااح الشووووووووم علينا , ليه كنا نكدر نحط عيونا بعين أبونا ? ? كنا نعملها تحتنا , بس بجكرة منو .",,,,,,,
2912,"بكيت أركظ زي الكردة من خوفي لحد ما وصلت الدار , ومن خوفي من أبوي كام خط عكلبي ووكعت وما صحيت إلا على كفوف إمي الكوية . لكااان ? كانت فينا موية , مش زيكو بنات هالايام ! بتطكوا من كثر الضعف ! ! ! كانت الوحدة منا تتباهى كمان بنصاحتها , كل ما تكون ناصحة يا ستي ووراكا كبااار , كل ما تكون خرج جيزة وبتكون ولادة .",,,,,,,
2913,"إلا شو ? قالت الختيارة وبنت ابنا فرطانة من الضحك , الزلمة بدو يوخذ وحدي معظمة ? آه شو بدو فيها ? لأ يا ستي , كانو يدوروا على اللحم . أنا بكلك : إسا اذا كنتي ميتة جوع ? وحطوا كدامك صحن فيه عظم , والثاني فيه لحمة هبرة او خروف , أيا بتوكلي ? ? ? أكيد اللحم . أهاااااا !",,,,,,,
2914,"مش تبكى الوحدة فيكو مكبولة وزي الكمر , بتظل تجوع بحالا لتصير زي لمكشة الكديمة لا فيها لون ولا خير",,,,,,,
2915,"وين كنا يا ستي ? آه . . . إتذكرت . بالصلاة على النبي , . . . . . . . . . هاظ انا لما وصلت الدار وكسرت الجرة وتركتا وراي من خوفي وصحيت على كفوف امي الكوية وهيي ترش عليي الماي والمازهر , كان صار أبوي واكف عباب الدار , أبصر مع مين بحكي ! ! وأنا يا ستي . . . . . . . . . شخيت تحتي من خوفي . يااااااااامشحرة ياااااااااروكية , إن كان حدا شافك وفسد لبوكي ! ! ! شو اسوي بحالي يا ربي ? . . . . . . . . يا رب دخلك تستر عليي . ظليت ادعي يا ستي ومش مسترجيي اطلع من الغرفة , لحتى يا ستي شو ? ? ? ? ? ? ? ?",,,,,,,
2916,البنت بكل لهفة وتركيز وحماس : شو يا تيتا ?,,,,,,,
2917,"اتريه الشب لحليوا اللي لحكني وهربت منو ووكعت الجرة , . . . . . . أتريه طلع شهم يا ستي , حمل الجرة ولحكني وهو اللي دك الباب وحكى أبوي . أنا كلت أكلت هوا يا روكية , بس الله بحبني يا ستي وما بدو يفظحني . الزلمة كال لبوي : يا عمي هاي الجرة وقعت من ايد بنت دخلت الدار عندكو . كالوا ابوي : مين ? . . . . . . ولي روكية ! ! ! . . . . . . . . . . . . . . . . . . . . . . تعالي جاااي . . . . . . . . . . . . . . . . . . . . يا مشحرين يا روكية , والله ما بكى من العمر بكية ! ! ! ! ! ! ! ! ! ! ! ! !",,,,,,,
2918,"بس الله كبير يا ستي . كانوا رجالنا شهام وكلن نخوة وحمية . كانوا يدوروا علبنات الآدميات . كام كالوا لأبوي : صلي عالنبي ياعمي , . . . . . . . . . . لأحكيلك , وحكالو الكصة وانا كلبي كان راح يوكف من الخوف . أتاريه يا ستي حبني , ودخلت كلبو من اول ما شافني , وحبي أكثر لما هربت وكسرت الجرة ! ! ! . . . . . . فكالك هاي البنت بنت أصل وبتنظب ببيوت . وكالو لأبوي : ما بشرب كهوتك إلا لتلبيلي طلبي , ونا داخل عبيت احرار . . . . . . كالوا أطلب إذا بكدر ! ! ! هاظ ابوي اللي كال . كام كلوا الشب : ياعمي , أنا جيت أسأل عن دار أبو عارف . والله حطلي الجرة بطريكي , . . . . . . . . وأنا طالب إيد بنتك الحرة , اللي كسرت هالجرة .",,,,,,,
2920,"آآآآآآآآآآآآآآخ يا ستي رجعتيني اكثر من ستين سنة لورا . شفتي يا ستي ? هيك كنا وهيك صار النصيب . عشنا بالكلة وكنا راظيين وبالنا مرتاح . كنا نحب بعظنا البعظ , وتلاكينا نركظ عبعظ ونتساعد . مش مثل اليوم ! ! ! ! اللي ماعاد الجار يعرف مين ساكن كبالو ! ! ! !",,,,,,,
2921,طيب يا تيتا احكيلي يوم العرس شو صار معك ?,,,,,,,
2922,"إستحي يا بنت , وكعدي عاكلة . خلص يا بنت , هسا بتنكظيلي وظوئي . . . . . . وكرب العشا يئذن . . . طبعا والجدة قلبا مفرفح ومنعنش ورد اللون لخدودا الدبلانة . . . . . . . . .",,,,,,,
2923,آخ منكو يا بنات هاليوم شو بارحااااااااات ! ! ! ! ! ! ! !,,,,,,,
2924,"إتجوزنا . . . . . . . عملنا عرس كان فيه كل أهل الكرية , كبير وصغير , ورجال ونسوان , كلو كان يكوم بالواجب .",,,,,,,
2925,"زفوني علحصان وكان لحصان مزين ويطلع صوت , ونا لابسة البدلة وفرحانة ومستحية وخايفة بنفس الوكت . أبوي كالي شوفي يا روكية : هاظ البيت رباكي , ولبيت جوزك وداكي . ما إلك رجعة عليه . من بيت جوزك لكبرك يابا , ولا بكون غظبان عليكي . . . . . . . . . . . . . , وامي كالتلي : وبيني بينها عاد : إسمعي يا روكية , ترى هاظ الزلمة صار حلالك ولازم تطيعيه , إوعي ثم إوعي ثم إوعي . . . تكوليلو لأ عشي , فاهمة يما ? وشو ما يعملك اكبلي , وشو ما يساوي بتكولي حاضر وعالسكت , فاهمة يما ? كلتلها حاظر يما زي ما بدكو .",,,,,,,
2926,"وزفونا لدارنا انا وعريسي , طبعا بدار اهلو , وبكيت مستحية كيف بدي أشيل الطرحة عن راسي كدامو ? ووين بدي انام انا واياه لحالنا ? ? ? ? ? انا شو بدريني برجال وعمايلن ? . . . . . . . . . . . عزا الله يشحروا ويشحرك يا روكية ! ! ! ! ! ! ! ! ! ! ! ! ! . . . . . . . . . . . . . . . . هاظ الزلمة اللي فكرتو شهم لأنو اتجوزني وستر علي بعد ما نزلت الغرة وكسرت الجرة ! ! ! ! ! ! ! ! ! ! ! ! طلعت نيتو مش منيحة عليي ! ! ! ! ! ! ! ! ! ! ! وبلش يعملي شغلات مش منيحة , كال شو بدو ياني ( . . . . . . . . . . ) يااااااااااااااااااااااامشحرة يااااااااروووكية ! ! ! ! ! ! ! ! شو بدك تكولي لأبوكي ? ? ? إتزعرن عريسي عليي ? ? ? ? ? ? ? ? ? ? ? ? بس اتذكرت بسرعة كلام ابوي وامي , وخليتو يعمل اللي بدو ياه وهه ! ! ! ! ! ! عالسكت . هو جوزي وحر يعمل اللي بدو ياه , وبيني وبينك يابنت كلي كلام خلاني ادوخ , كان محتااااال ضحك عليي . . . . . .",,,,,,,
2927,ههههههههههههه ههههههههههههههههه ههههههههههههههههههه,,,,,,,
2928,آآآآآآآآآآآآآآآآآآآآآآآآآآآآآآخ يا ستتتتتتتتتتتتتتتتييييييييييييييييي,,,,,,,
2929,"وهيك صار , وخلفنا ابوكي وعمتك لطفية , وعمك ابو مصطفى وعمتك نجية , وعمتك وعمك . لحد ما طلعونا اليهود ولاد الحرام من ديارنا ورزقنا وببلادنا , هيك تعرفت عل سيدك ابو سماعيل . مش زيكو بنات هالإيام بارحااات وكواايا وبتعرفو كل إشي",,,,,,,
2930,"كومي يا بنت , وجع يكسر نياعك , كومي اكفزي وعمليلي كباية شاي , نشفتي ريكي قد ما سألتي , وينك يا بنت . كثري فيها المرامية",,,,,,,
2931,"تأليف : فداء زيدان",,,,,,,
2932,ام جميل : مين هالبنت الي ماشية,,,,,,,
2933,ام رافت : هاي بنت ام رزق . . بنت مؤدبة بس بقوله عنها مصاحبة ابن ام عزو,,,,,,,
2934,ام جميل : ابن ام عزو مصاحب بنت ام رزق ? عزاااا,,,,,,,
2935,ام رافت : يييي وانت مش دارية . . مش بحبه بعض الهم 5 سنين,,,,,,,
2936,ام جميل : اه وسمعت انو ام رزق بدهاش ابن ام عزو,,,,,,,
2937,ام رافت : والله مني عارفة يختي . . هو بتلاقي ام رزق احسن من ابن ام عزو,,,,,,,
2938,ام جميل : ييي ييي اسكتي وتخلنيش احكي . . خلي الناس بحالهم,,,,,,,
2939,ام رافت : عزااااااااا شو في احكي . . احكي يا ام جميل,,,,,,,
2940,ام جميل : مهو هاذ ابنها لام عزو داير ورا صبية ثانية بنت ام ثروت,,,,,,,
2941,ام رافت : يي يي يي يعلينا وامه دارية بالموضوع ?,,,,,,,
2942,ام جميل : امه بالمستشفى . . مش جلطها من خراريفه,,,,,,,
2943,"ام رافت : والله يختي يا ام جميل , بنت ام ثروت هاي مشيها مش ولا بد",,,,,,,
2944,ام جميل : بعرف بعرف يا ام رافت . . . مش عارف ليش بخلفو ا وبرموا,,,,,,,
2945,ام رافت : يا لطيف ومين هاي الي ماشية بالشارع ?,,,,,,,
2946,ام جميل : يسعد يومها هاي بنت ام محمود,,,,,,,
2947,ام رافت : الامانة لله بنت مؤدبة ومحترمة بس ثمها اجكم . .,,,,,,,
2948,ام جميل : يعلينا . . ثمها اجكم . . وبقول مالها ام حسن ما وافقت ابنها حسن يخطبها,,,,,,,
2949,ام رافت : دشرك من حسن وسيرته هذا فاضي ومش لاقي حدا يؤدبه,,,,,,,
2950,ام جميل : ليش يا ام رافت مالو مقصوف هالعمر,,,,,,,
2951,ام رافت : هاذ داير ورا بنتي الو سنتين واحنا مش موافقين عليه,,,,,,,
2952,ام جميل : اوعي يي اوعي يا خايسة . . . بنتك بتستاهل ثقلها ذهب,,,,,,,
2953,ام رافت : بدك تقوليلي عن بنتي يا ام جميل,,,,,,,
2954,ام جميل : والله يختي يا ام رافت . . . لبنتي انا تقدمه بشهرين 45 عريس . . اشي دكتور واشي جراح واشي طبيب جراح لجورج وسوف . . واشي مهندس . . بس البنت لسا زغيرة سع ما قطعتش ال 28,,,,,,,
2955,ام رافت : يييييي تقوليليش عن بنتك . . بنتك ملاك بنتك يا ريت تبقى وحدة مثل اخلاقها . . بنت ثقلها ذهب وماس ( وبينها وبين حالها بتقول ثقلها بصل مقشر,,,,,,,
2956,شوفوا حماية مو راضية بعروس ابنها يعني مو حاببتها,,,,,,,
2957,وقفت قبالها بالعرس وآاهت,,,,,,,
2958,آويها يلي قاعدة جنب ابني,,,,,,,
2959,آويها ما فيكي شي عاجبني,,,,,,,
2960,اويها هلأ بتقولي حبني,,,,,,,
2961,اويها بكرة بتقولي كبني,,,,,,,
2962,اويها و ان ما مشيتي دغري,,,,,,,
2963,اويها لتلاقي بيت الضرة مبني,,,,,,,
2964,لي لي لي لي ليش,,,,,,,
2965,بس شوفو مقصوفت العمر شو ردت ما كلك الا حماة وكنتها,,,,,,,
2966,آويها وحيات شالك وشنشالك,,,,,,,
2967,آويها بعد اسبوع لافضالك,,,,,,,
2968,"اويها و انشاء الله فال الله و لا فالك",,,,,,,
2969,"و اويها و داء الفالج جالك",,,,,,,
2970,اويها لأشغل بالك و انهب مالك,,,,,,,
2971,اويها و ابنك ما بيهنالك,,,,,,,
2972,اويها و بعدها لفرجيكي حالك,,,,,,,
2973,لي لي لي لي ليش,,,,,,,
2974,عمي كلو بالفلسطيني حكي وثرثرة والي بدو يرد على الموضوع قلدو اللهجة الفلسطينية في ردودكم حرف القاف خلو ك هههههههههه,,,,,,,
2975,تم جمع هذه المادة من منتديات شبكة فلسطين للحوار بتاريخ 1 - 6 - 2013,,,,,,,
2976,كل اتنين طلعوا في الشارع بدنا نعمل لهم متابعة ? ? ! ! 1,,,,,,,
2977,"2 - أعمال عنف تتعامل معها الحكومة بكل توازن فلم يقتل شخص واحد على الرغم من ان المتظاهرين اعتدوا ودمروا مؤسسات عامة وخاصة يا ريت نظام الشبيحة وأعوانه يتعلموا كيف يتعاملوا مع البشر مثل أردوغان , بعدين الموضوع مش كبير لحتى نفتح له محور للمتابعة كل القصة متنزه الحكومة بدها تشيلوا وتبني مكانوا مجمع تجاري وين المشكلة يعني الموضوع مش موضوع حزب له متربع على الحكم 40 سنة وبيمنع الناس يتنفسوا , حكومة تركيا الشعب اختارها ثلاثة فترات انتخابية متتالية لما وجده من نجاح لحزب العدالة والتنمية",,,,,,,
2978,3 - اتنين,,,,,,,
2979,شكلك مش عايش بالدنيا,,,,,,,
2980,فوق ال 100 ألف روح شوف التلفزيون,,,,,,,
2981,"4 - 100 ألف هم تبع أتاتورك فيرجونا حشودهم في الانتخابات , أردوغان بفوز لمدة 12 سنة باكتساح",,,,,,,
2982,ما تتضحكوا على حالكوا .,,,,,,,
2983,هو هدول شو اللي فهمهم بهيك حاجات,,,,,,,
2984,ما بعرفوا أن أوردغان لديه قاعدة شعبية ضخمة,,,,,,,
2985,وكل انتخابات بخدها باكتساح,,,,,,,
2986,بفكروا أردوغان زي صاحبهم الأسد المجرم,,,,,,,
2987,هو أنت اللي بتتلقى الدعم وأنا مش عارف,,,,,,,
2988,ولا يكون حماس بتعطيك تقرير بالدعم الإيراني ? ? ! !,,,,,,,
2989,لا يزعجني إلا الحقد الذي يغيب العقل,,,,,,,
2990,بدون لت وعجن .,,,,,,,
2991,والله حرام عليكم تتلاعبوا بعواطف الناس 1000 واحد بدكم منهم فقط 100 أي النسبة 1 من كل 100 فرد هل هذا يعتبر استهتار بعواطف هالشباب اتقوا الله,,,,,,,
2992,"يعني هي الداخلية كانت أجبرتهم على التقدم للاختبارات , هم اتقدوموا وهم يعلمون أن الحكومة تحتاج ل 100 من 1000 يعني لا في استهتار ولا بطيخ أصفر",,,,,,,
2993,كل يوم الف مش كلهم الف يعني بدهم 100 من 10000 هاد اذا كان بدهم 100 ما كان اقل,,,,,,,
2994,الف مبروووووووك @@Lاط@@ّ,,,,,,,
2995,صرصور,,,,,,,
2996,من وين بجيبو فلوس هادول وبتزوجو تنين وثلاث ورباع,,,,,,,
2997,في حين اغلب شباب غزة لا تستطيع الزواج ودفع المهر,,,,,,,
2998,الي واسطة في الحركة بدعموه وبزبطوه,,,,,,,
2999,عقبال عندي,,,,,,,
3000,مدام الشيخ وائل في القصة,,,,,,,
3001,"بيزبطه وهيجيبله الرابعة ان شاء الله",,,,,,,
3002,بالرفاه والبنين يا بطل,,,,,,,
3003,وعقبالنا يارب ENGLISHTEXT مثنى وثلاث ورباع ENGLISHTEXT . .,,,,,,,
3004,لو اشكالك قدمت ربع اللي قدموا الاسير المحرر صاحب اطول اضراب عن الطعام كان ما تكلمت هالكلام . . .,,,,,,,
3005,صراحة ردك يمثلك مستواك . . وكفى,,,,,,,
3006,اها امل لازم اروح ازور اليهود كاام سنة,,,,,,,
3007,واخرج الاقي شقة وعروسة وظيفة بستنوني,,,,,,,
3008,الف مبروك,,,,,,,
3009,لازم افكر في الامر,,,,,,,
3010,"وإضرب عن الطعام 8 شهور وتعا قابلني اذا ضليتك عايش ياقطة وابعاد عن اهلك في اعضاء في الشبكة نهفة",,,,,,,
3011,مبينة القصة انو الشاب مش من غزة يمكن بدرس بغزة واهله خارج غزة وتوفى ومالو قريب هان يمكن . . . .,,,,,,,
3012,عمموا صورته,,,,,,,
3013,في شب فلسطيني فقد على شاطئ تل أبيبت ومفقود من أسبوع,,,,,,,
3014,مش بالضرورة يكون من خارج القطاع,,,,,,,
3015,اذا بتتذكر السنة الماضية شاب انحطت صورته وكان مجهول الهوية,,,,,,,
3016,"وهو استشهد في بيت لاهيا , واللي صار يقول باكستاني واللي يقول من الوفود المتضامنة مع غزة",,,,,,,
3017,واللي يقول قاعدة وكثر الكلام وضل يمكن عشرين يوم او اكثر مجهول الهوية,,,,,,,
3018,بالآخر طلع الشاب من عائلة الفار من مخيم الشاطئ ربنا يرحمه ويتقبله,,,,,,,
3019,مش هادا الي كان لابس كنزة حمرا وبنطلون جينز ? ? ? ? ?,,,,,,,
3020,انتا شفته اخي ? ? شوف اذا واحد من المفقودين هادول .,,,,,,,
3021,مع اني مشغول مش فاضي,,,,,,,
3022,بس فتت احكيلك انته كذااااب,,,,,,,
3023,انته كذاااااب ! الضفة فيها رفاهية لسيدك عباس يلي بتعبدو,,,,,,,
3024,اذا انته معاك مشكلة دماغية مش كل الناس متلك,,,,,,,
3025,"لا تحكي باسم اهل الضفة , من ت انت لتتلكم باسمهم",,,,,,,
3026,ههههههههههههههههههههههههههههههههه حسستني اني عايش في مدغشقر ? ? ? ? ?,,,,,,,
3027,اما انك عبيط . . . او انك اجهزة امنية . . او انك عايش في جنوب السودان ? ?,,,,,,,
3028,لن افتي بما في غزة فلا اعيش فيها ولا اعلم وضعها .,,,,,,,
3029,ولكن اؤكد لك ان الضفة هي أسوأ مكان على وجه الكرة الأرضية .,,,,,,,
3030,الاقتصاد متدهور والفقر من اعلى النسب على كوكبنا . والتهميش والواسطات والمحسوبيات,,,,,,,
3031,"والفلتان الامني وعدم الشعور بالامان . والخيانة والتنسيق الامني ومحاربة المقاومة وتهميش الشرفاء وتكريم العملاء",,,,,,,
3032,وتصرفات الاجهزة الامنية من قتل واعتقال وبطش وتعذيب وكتم الافواه وقمع الحريات وخنق الناس . .,,,,,,,
3033,"والغلاء والضرائب والاسعار الملتهبة والجوع والكساد والاحباط ونسبة الهجرة العالية جدا",,,,,,,
3034,وموت المؤسسات العامة والخاصة والبلديات . . والبنية التحتية المعدومة . .,,,,,,,
3035,وقروض البنوك والديون و . . و . . . بدنا الف مجلد,,,,,,,
3036,وسلملي على حالك معابطة يما,,,,,,,
3037,"والله الوضع بالضفة يسوء يوما عن يوم قال عايشين احسن عيشة والله اعرف ناس يعيشون قوت يومهم ولا يتوفر لهم لليوم الثاني الارحمة الله طبعا هذا الي بشتغل ما بالك في الي ما بشتغل . . . . حرامية ومرتزقق ومنتفعين . . . والباقي الله يرحم ? ? ? ? ? ? ? ? ?",,,,,,,
3038,هادا جو الحريه الذي نتمناه بغزة,,,,,,,
3039,.,,,,,,,
3040,صلاة النبي . . يخزي العين علي الشباب و علي المسيرات و ثورة الجياع,,,,,,,
3041,"انا شايف ان الشباب ما شاء الله حلوين اللي لابس بنطلون منحوت و اللي لابس نظارة و طقية و بشكي الفقر و اللي ما شاء الله لابس زهر بقهر قهر و بقول ذبحتونا و الاخ الثالث ابو الجوال ما شاء الله عليه مش مبين عليه الجوع و الفقر",,,,,,,
3042,انا شايف ان الصورة معبرة بل معبرة جدا عن حجم حرية التعبير و الاحتجاج في الضفة بعكس ما تهول له حماس و اعلامها ليل نهار لدرجة ان المواطن خرج للاحتجاج علي اتفاقية باريس,,,,,,,
3043,.,,,,,,,
3044,.,,,,,,,
3045,وين هاد الحزب اول مرة اسمع,,,,,,,
3046,شكلك تخصص افلام قديمة,,,,,,,
3047,لا قصة ولا حوار ولا حبكة . . . . . . . باين النتج معوش مصاري,,,,,,,
3048,بعرض الله . . . . . ارحمونا . . وارحموا عقولنا,,,,,,,
3049,بكفي تخيلات وبيكفي قصص خيالية . . . . هو انتا بتفكرنا من جزر الواق واق . . . . وناس غمي وطرش,,,,,,,
3050,خاف الله بالقلم اللي بتكتب فيه,,,,,,,
3051,بلاش حفدك وكرهك يعميك,,,,,,,
3052,واتقوا فتنة لا تصيبن اللذين ظلموا منكم خاصة,,,,,,,
3053,ولك الفتنة تعم كل بيت وكل اسرة وكل جيل . . . . . والله ياللله حرام عليكوا . . . . .,,,,,,,
3054,ايمتي بدنا ندعي لبعض بالهداية والصلاح,,,,,,,
3055,ايمتي بدنا نكفف جراح الغلابة,,,,,,,
3056,ايمتي بدنا نمشي علي درب الرسول,,,,,,,
3057,يارب . . . . اهدهم وارحمهم انهم لا يعلمون,,,,,,,
3058,يارب كل من نصب نفسه حاكما باسمك ولا ياتيه الباطل من تحته ولا من فوقه ولا يرحم الناس . . . . . فخذه اخذ عزيز مقتدر,,,,,,,
3059,يارب كن لشعبنا رحيما ووفقنا لما تحب وترضي,,,,,,,
3060,.,,,,,,,
3061,الله لا يطرحلهم بركة . . .,,,,,,,
3062,طيب احبسوهم وخليهم يعفنو بالسجن,,,,,,,
3063,كلاب وبسوووها والله,,,,,,,
3064,اتعس عربي,,,,,,,
3065,المشهد الأول :,,,,,,,
3066,"خارج مبنى المسابقة نرى شاب مقدم للبرنامج , يتحدث الى الكاميرا ويستقبل المتسابقين .",,,,,,,
3067,"المقدم : سيداتي سادتي بدأ المتسابقون بالوصول الى أرض المعركة , قصدي الى أرض البرنامج . . . يا الله شو انو الوضع مأساوي , الاقبال على المسابقة كتير شديد , عم بوصلونا المتسابقين من كل انحاء الوطن العربي . . . . هي وصل احد المتسابقين .",,,,,,,
3068,( نرى سيارة فيات 127 وبها شخص مكسر وملفوف ب باندج ومعه السائق الخاص به ),,,,,,,
3069,المقدم : من يون الشباب ?,,,,,,,
3070,المتسابق : من مينامار,,,,,,,
3071,المقدم : الله يسهل عليك ضلك مكمل,,,,,,,
3072,السائق : مالك يا زلمة احنا مسلمين,,,,,,,
3073,المقدم : هاذي المسابقة بس للعرب خيي ضلك ساحب,,,,,,,
3074,( يغادر وتأتي سيارة اسعاف ),,,,,,,
3075,المقدم : سيداتي سادتي وصول متسابق جديد . . . من وين الشباب,,,,,,,
3076,السائق : سوريا سوريا . . . افتحوا الصندوق شباب,,,,,,,
3077,( ينزلون شخص على حمالة كل جسمع ملفوف بشاش أبيض ولا يتكلم بتاتا ),,,,,,,
3078,"المقدم : يا لطيف يا لطيف واضح انو راح يكون من المنافسين الاقوياء",,,,,,,
3079,( تاتي سيارة قديمة جدا بها شخص اسود اللون ),,,,,,,
3080,المقدم : اهلا وسهلا بالاخوة السودانية,,,,,,,
3081,الشاب : ENGLISHTEXT ENGLISHTEXT انا مالي مالي,,,,,,,
3082,"المقدم : وانا مالي ومالك ضلك كاوي , هاذي المسابقة للعرب بس",,,,,,,
3083,( المقدم يساعد في ادخال السوري الى قاعة المسابقة ),,,,,,,
3084,المشهد الثاني :,,,,,,,
3085,ستوديو المسابقة : الجميع يقف خلف ستاند مرتفع وامام كل متسابق جرس صغير اما المقدمة فلديها جهاز كمبيوتر,,,,,,,
3086,السوري نائم في سريره + الاردني + الفلسطيني + المصري + الخليجي,,,,,,,
3087,المقدمة : ( تضرب على الطاولة بحبل او بربيج اسود اللون وهي لابسة اسود ),,,,,,,
3088,"اهلا وسهلا فيكم في برنامجنا اتعس عربي . بدون لت وعجن وحكي زيادة , اتعس واحد فيكو بوخد الجائزة , البرنامج بنقسم على قسمين , الاول الاسئلة المباشرة وتأكيد الكمبيوتر على الاجابات الصحيحة , لف ودوران ودراما بدهاش , القسم الثاني هو تصويت الجمهور . الي بجيب اكتر عدد اصوات هو اللي بربح ( تضرب على الطاولة ) . الجائزة عبارة عن مليون دولار + سيارة رينو + لجوء سياسي على السويد . ( تضرب على الطاولة ) . البرنامج مقسم على عدة اجزاء وصعب نتسوعب كل الوطن العربي بحلقة , بس 5 متسابقين كل حلقة , في الاجزاء التانية انشاء الله بنجيب اخوتنا من تونس واليمن وليبيا والشباب . عرفوا الجمهور على حالكوا .",,,,,,,
3089,عبير : اختكم عبير من مصر ام الدنيا,,,,,,,
3090,المقدمة : بلاش كتر حكي لا ام الدنيا ولا اخت الدنيا,,,,,,,
3091,"علي : علي من فلسطين , قضية العرب الاولى",,,,,,,
3092,المقدمة : بدهاش فلسفة كل واحد يحكي اسمو واسم بلدوا ونقطة,,,,,,,
3093,صقر : اخوكم صقر من الاردن ـ أقول,,,,,,,
3093,صقر : اخوكم صقر من الاردن . أقول,,,,,,,
3094,المقدمة : انطم اللي بعدو,,,,,,,
3095,نمر : اخوكم نمر بن جدعان من الخليج العربي,,,,,,,
3096,المقدمة : بتحب تضيف اشي اخ نمر,,,,,,,
3097,نمر : سلامتك,,,,,,,
3098,( المقدمة تضرب على الطاولة ),,,,,,,
3099,"المقدمة : نبدا المسابقة , السؤال الاول : اغلى جرة غاز في الوطن العربي نسبة الى دخل الفرد",,,,,,,
3100,( الجميع يضغط على الجرس ),,,,,,,
3101,المقدمة : الكمبيوتر اعطى الاجابة الصحيحة هي الاردن . ونقطتين لاخونا صقر من الاردن,,,,,,,
3102,الخليجي : حنا عنا النفط,,,,,,,
3103,المقدمة : السؤال الثاني : اطول مفاوضات في التاريخ ولسى ما خلصتش ولا راح تخلص ولا جايبة اشي,,,,,,,
3104,الفلسطيني هو الوحيد الذي يضغط على الجرس,,,,,,,
3105,المقدمة : صحيح والكمبيوتر اكد اجابتك نقطتين للفلسطيني,,,,,,,
3106,الخليجي : حنا عنا النفط,,,,,,,
3107,المقدمة : السؤال الثالث : ثورة ودخلت في الحيط وشافت الديك أرنب,,,,,,,
3108,( الفلسطيني والمصري يكبسون على الجرس ),,,,,,,
3109,المقدمة : نقطتين لمحمود المصري هيك بقول الكمبيوتر,,,,,,,
3110,الخليجي : حنا عنا النفط,,,,,,,
3111,المقدمة : شعب بشتغل وبقبضش,,,,,,,
3112,( الجميع يضغطون على الجرس ما عدا الخليجي ),,,,,,,
3113,المقدمة : نقطتين للفلسطيني وهيك علي بصير مجموع نقاطو 4,,,,,,,
3114,"الاردني : مش مزبوط هذا الحكي , هي انا بشتغل وبقبضش",,,,,,,
3115,"الفلسطيني : بدينا ننق , انت بتفهم اكثر من الكمبيوتر ?",,,,,,,
3116,"المقدمة : ( الى الاردني ) لليش بتتفلسف , انت بتقبضش , كيف بتقبضوا في الاردن",,,,,,,
3117,صقر : صح بنقبض بس بنشوفش,,,,,,,
3118,المقدمة : مش بيحصل مبلغ كبير كل شهر 150 ليرة ? بتمسك العملة بايدك ولا لأ ?,,,,,,,
3119,صقر : اول ما استلمها من البنك بمسكها,,,,,,,
3120,المقدمة : طيب الفلسطيني لا بمسك ولا بصل البنك,,,,,,,
3121,علي : خلص يعني بدك تنق على هالنقطتين انت بتفهم اكتر من الكمبيوتر,,,,,,,
3122,"عبير : اخونا صقر , هو الدينار بعمل كم جينيه ?",,,,,,,
3123,صقر : الدينار بساوي تقريبا 10 جينيه,,,,,,,
3124,عبير : 10 جينيه ? وانت بتقبض تقريبا 150 دينار ( يحسبها ) ده في الشهر ? ? ?,,,,,,,
3125,صقر : اه في الشهر ملك ?,,,,,,,
3126,عبير : ده في الشهر ? اللهم لا حسد . قال وايه بمسكوا وبشفوش,,,,,,,
3127,الخليجي : حنا عنا النفط,,,,,,,
3128,"المقدمة : ( تضرب على الطاولة ) السؤال التالي : اذا ربحت الجائزة وهي عبارة عن مليون دولار + سيارة رينو + لجوء على السويد , شو راح تسوي فيهان ونبدا مع علي",,,,,,,
3129,"علي : انا بالنسبة الي متنازل عن المليون دولار لانو اذا اعطيتوني اياهم بدهم يوخدو ضريبتهم بصفيلي منهم 100 دولار , انا اعطوني اللجوء والسيارة الرينو .",,,,,,,
3130,عبير : انا عاوزة اسال سؤال صغير قبل ما اجاوب,,,,,,,
3131,المقدمة : تفضل,,,,,,,
3132,عبير : في اخوان مسلمين في السويد ?,,,,,,,
3133,المقدمة : لا بد في بخلاش الوضع,,,,,,,
3134,"عبير : ما دام هنا اخوان وهناك اخوان يبقى ما فرقتش , انا ادوني المليون والرينو ومتنازل عن اللجوء لأخونا صقر",,,,,,,
3135,صقر : انا بدي اسال اول المليون اكم قرش بسوي ?,,,,,,,
3136,المقدمة : بنحكيلك مليون بتحكيلي اكم قرش ?,,,,,,,
3137,صقر : ايوة انا فاهم تنو مليون بس كم قرش بسوي ?,,,,,,,
3138,"المقدمة : استغفر الله العظيم , المليون بسوي 10 مليون قرش منيح",,,,,,,
3139,"صقر : والله ممتاز , انا اعطوني اياهن هن والرينو وبديش اللجوء . . . انا بحب الاردن",,,,,,,
3140,المقدمة : ننتقل للسؤوال اللي بعدو,,,,,,,
3141,نمر : وانا يا الاخت ما سألتيني وانا مش عربي ?,,,,,,,
3142,المقدمة : انت اخ نمر اكبر من هيك سؤال,,,,,,,
3143,نمر : حنا عنا النفط,,,,,,,
3144,"المقدمة : مش حكيتلك انت اكبر من هيك سؤال ( على جنب مع نفسها ) مفرقة عليك مليون دولار . طيب خلينا نكمل , أخر سؤال بتمنى تركزوا فيه منيح . بدنا كل واحد يغني اغنية بتعبر عن بلدو واقوى اغنية راح تاخد النقاط , تفضل ونبدأ مع محمود",,,,,,,
3145,عبير : ( تغني ) غلطة وندمان عليها وبقولك واسمعيها,,,,,,,
3146,المقدمة : خلص وصلت لا عارف تمسك ايقاع ولا عارف تمسك اشي,,,,,,,
3147,"علي : ( يغني ) تيجي نقسم البلد انا نص وانت نص تيجي نكتب ع الشجر حزبين فصيلين وبس . ( الجميع يغني خلفه , السوري من تحت الغطاء يعطي اشارة اوك باصبعه )",,,,,,,
3148,صقر : ( يغني ) يا الدولار لو تشوفك شيبي غزا شعراتي يا الدولار شيبني ( يغنون معه ),,,,,,,
3149,"نمر : حنا ما نغني , حنا نقول الشعر ( يخرج ورقة )",,,,,,,
3150,"يا بعد عمري وعدتيني نلتقي في المول في هارديز . . حلقتيلي ورحتي ع ستاربكس . . مسجتلك على البلوتوث وقلتلك نطلع لفة يا بعد عمري في الهامر . . قلتيلي نوت ماي ستايل . . يا بعد عمري ويش اللي جرين غردالك ع تورتر سويتيلي بلوك من الفيس . . قلتلك واتس أب ودقيتلك ع الفايبر . . ادق ادق ادق بيزي بيزي بيزي . . ويش غير أحوالك يا بعد عيني جالاكسيكي لا يوخد ولا يعطي جالكسي قلبي صار اوت اوف سيرفس . . ما عادلوا نبض وان ضل الوضع هيك يريدلوا فورمات وعملية جالاكسي مفتوح . . اخ يا بعد عمري , ترى ما اريد من هالحياة غير بوك وحدة منك , بوك بوكيني بوكييني بوكيكي",,,,,,,
3151,"( نرى الجميع متأثر بالقصيدة . السوري يعطي اشارة اوك , المقدمة على وشك الانهيار . . . تضرب على الطاولة )",,,,,,,
3152,"المقدمة : نمر نطقت فأبدعت فأوجعت فآلمت فحرقت القلب . . نراكم في الحلقة القادمة ومع النتائج النهائية بناءا على تصويت الجمهور , ويبدا التصويت من هذه اللحظة . صوتوا",,,,,,,
3153,المشهد الرابع : مقابلات سريعة مع اشخاص في الشارع يتحدثون عن البرنامج,,,,,,,
3154,شخص 1 : بصراحة الفلسطيني كان اكتر واحد مؤثر,,,,,,,
3155,شخص 2 : بصراحة صقر من الاردن وبس,,,,,,,
3156,شخص 3 : اخوان محمود من مصر اتعس عربي بلا منازع,,,,,,,
3157,"فتاة : نمر نمر نمر وبس نو واي , القصيدة ثتلتني لما ما لقاها على التويتر",,,,,,,
3158,المشهد الاخير :,,,,,,,
3159,في الاستوديو . موسيقى توتر وانتظار,,,,,,,
3160,المقدمة : ( تضرب على الطاولة ) وصلنا للحسم . . اليوم نتيجة تصويت الجمهور وبنعرف مين اتعس عربي لهذا العام,,,,,,,
3161,( تفتح المغلف ) والفائز في البرنامج أتعس وضع عربي معانا الفائز اخونا نمر بن جدعان من الخليج العربي,,,,,,,
3162,"فرحة عارمة يهجمون عليه ويهنئونه , مجموعة من الورد تنزل من السقف نمر يبكي من شدة الفرحة",,,,,,,
3163,موسيقى فرحة وأغنية مبروك مبروك,,,,,,,
3164,اغنية نحنا ماعنا شباب تتوظف بشهادتها,,,,,,,
3165,"خلال موسيقى البدايه , نرى مجموعة شباب على مواسير الشوارع في حالة ملل . . . .",,,,,,,
3166,الشباب مع بعض يقولون ( بدل كلمات الفتاة في الكليب ) ياالله بدنا نشتغل,,,,,,,
3167,موسيقى الاغنيه بدون كلمات,,,,,,,
3168,"خلال الموسيقى نشاهد مجموعة الشباب ترتدي ملابس انيقه واقفين امام مكتب مدير الشركه , حاملين طلبات توظيف , تدخل فتاه مغريه , تمشي امام الشباب تتجاوزهم وتدهب باتجاه المدير وتعطيه طلب توظيفها .",,,,,,,
3169,المدير يعجب بالفتاة,,,,,,,
3170,المدير يغني : نحنا ماعنا شباب تتوظف بشهادتها عنا البنت بتتغنوج كل الشركه بخدمتها,,,,,,,
3171,نحنا ما عنا شباب تتوظف بشهادتها عنا البنت بتتغنوج كل الشركه بخدمتها,,,,,,,
3172,شغلك غنجي وعاطفتي ودلالي مش راح تفضي لاي شغل تاني بكفي اني حطيتك مديرة مكتبي .,,,,,,,
3173,"خلال المقطع الثاني من الموسيقى , نرى مجموعة الشباب تطلب من الفتاة التواسط لهم لدى المدير .",,,,,,,
3174,"الشباب : انتي بتموني , انا اتخرجت معاي ماجستير , انا بس اطلع دخاناتي , ياعمي يحطني مراسل .",,,,,,,
3175,المدير : شيل الفكره من راسك احلالك ليش بتجيب المشاكل لحالك . . . . شيل الفكره من راسك احلالك ليش بتجيب المشاكل لحالك,,,,,,,
3176,مجموعة الشباب تغني وتقول للفتاة : بكرا المدير بيزهق وبيتغير احساسو وطبيعي انو يخلع وحده زيك من راسو,,,,,,,
3177,خلال موسيقى الاغنيه نرى المدير مع الفتاة في سياره فخمه يدلل بها,,,,,,,
3178,فجأه نشاهد مجموعة الشباب تغلق الطريق امام المدير,,,,,,,
3179,المدير يغني لهم : حقوق الشباب ع عيني وع راسي,,,,,,,
3180,بس ياريتكو بتراعو احساسي,,,,,,,
3181,وجودكو بوجهي بكئبني وبلعن ابو اساسي,,,,,,,
3182,يغني للفتاة : وجودك جنبي بيقويني وهدا شي اساسي,,,,,,,
3183,على موسيقى الاغنية بدون كلمات في غرفة اوتيل او غرفة نوم نرى المدير يلبس روب حمام,,,,,,,
3184,ويغني : شغلك غنجي وعاطفتي ودلالي مش راح تفضي لاي شغل تاني . . . بكفي انك رئيسة جمهورية قلبي,,,,,,,
3185,تنتهي الاغنيه يرن هاتف المدير,,,,,,,
3186,المدير : الو اه حبيبتي انا باجتماع لا مش ناسي عيد ميلاد الولد اليوم الساعه 4 بكون في الدار,,,,,,,
3187,( يغلق الهاتف ),,,,,,,
3188,المدير : شكلك غرتي,,,,,,,
3189,الفتاة : ولا على بالي,,,,,,,
3190,المدير : اي يالله عاد,,,,,,,
3191,البرنامج 3,,,,,,,
3192,عماد في الاستوديو,,,,,,,
3193,نشاهد صورة للقرضاوي على يمين عماد,,,,,,,
3194,"عماد : يوسف , الليلة ليلتك يا شيخنا بدك تتحملنا , انا هيك هيك عمري ما راح اوصلها لقطر , المهم جماعة الجسر علاقتي ممتازة معهم , ولا عمري جبت سيرتكم ولا راح , جرنتي",,,,,,,
3195,فيديو : خطير القرضاوي يطلب من امريكا ان تحتل سوريا,,,,,,,
3196,عماد : ( في منتصف الفيديو ) مسدسات بلاستيك او فرود مي,,,,,,,
3197,يكمل الفيديو,,,,,,,
3198,عماد : 60 مليون يا دوبي تتروا حبة بوظة,,,,,,,
3199,يكمل الفيديو,,,,,,,
3200,عماد : من وين يا حبتيه جايبين هذا الحكي هي ابو اليس بحكي فش منو,,,,,,,
3201,يكمل الفيديو,,,,,,,
3202,"عماد : الله عليك يا شاعر , قطرات النسيم تترحها الديدو والحرير يدنو تندندينو / شو حكى ?",,,,,,,
3203,يكمل الفيديو,,,,,,,
3204,عماد : في غزة ?,,,,,,,
3205,نهاية الفيديو يقول القرضاوي نريد امريكا ان تقف وقفة عز,,,,,,,
3206,"يظهر فيديو بعنوان الجيش الاسرائيلي المغوار لا يقهر هههه صور جنود يبكون على الموسيقى , يدخل على الموسيقى صوت",,,,,,,
3207,"عماد : ( تسجيل صوت ) مش حلوة منك يا يوسف ليش تطلب من امريكا ما هينا شبرين بنكون واصلين والنبي وصى على سابع جار - شايفنا ولدة يا يوسف مش عيب - نسيت شهداء جيش الدفاع - خلص يا تهاني مزعتي حالك من العياط - مش معبين عينك يا ابو اليس - خلص يا ديفيد وحد الله - بدي احشش عشان انس - بدي اشلح وارمي حالي في النهر - نواح يا الله شو عملت فينا يا ابو اليس - عبطوا بعض يا شباب .",,,,,,,
3208,عماد في الاستويدو,,,,,,,
3209,"عماد : مش حكيتلك الليلة ليلتك يا ابو اليس , من زمان بستناها",,,,,,,
3210,فيديو : القرضاوي زيارة القدس لغير الفلسطينيين حرام شرعا,,,,,,,
3211,"عماد : تقلقش يا شيخ الطير الطاير بدخلش القدس لا فلسطينية ولا غيروا , احنا باركنج اند تيرن اوف",,,,,,,
3212,فيديو : امير قطر يطالب القرضاوي بفتوى لزيارة القدس,,,,,,,
3213,عند كلمة امير قطر : الشيخ القرضاوي كبير في السن,,,,,,,
3214,عماد : شو قصدوا ابو اليس زهمر ?,,,,,,,
3215,امير قطر يكمل حتى النهاية,,,,,,,
3216,عماد : ( يضحك ) حلوة حلوة منك احرجوا,,,,,,,
3217,"يدخل فيديو اغرب ضحكات في العالم كان الجميع يضحك على القرضاوي , خلال صور ضحك من العالم نشاهد ردة فعل القرضاوي من فيديو بعنوان : السؤال الذي ارعب الشيخ القرضاوي وادعى انه لا يفهمه",,,,,,,
3218,نشاهد فقط تعابير وجه القرضاوي وهو يستمع وكانه محرج من الضحك عليه,,,,,,,
3219,نشاهد فيديو : كلمة الشيخ يوسف القرضاوي الى الرئيس مبارك على قناة الجزيرة,,,,,,,
3220,يظهر القرضاوي وهو يتحدث على الهاتف,,,,,,,
3221,صوت عماد على الصورة : آه اخ ابو العبد سامعني,,,,,,,
3222,نشاهد صورة لهنية,,,,,,,
3223,"هنية : سامعك يا شيخ قرضاوي سامعك , جاي بكرا ?",,,,,,,
3224,القرضاوي : ليش صورتك واقفة ?,,,,,,,
3225,"هنية : تقلقش هذا فيديو كونفرنس صوت بدون صورة , شغالين على الجنريتر",,,,,,,
3226,"القرضاوي : انا بكرا انشاءالله يكون في غزة , اخذت الاذن من الإسرائيليين وبعتولي تصريح الزيارة ومختوم",,,,,,,
3227,"هنية : تقلقش تقلقش احنا في الانتظار المهم ترش , بعتوا معاك الشباب الشنتة",,,,,,,
3228,القرضاوي : بعتو امعاي شنتة صغيرة وبقولولكوا الشنتة الكبيرة عند الاعتراف بيهودية الدولة,,,,,,,
3229,"هنية : تقلقش تقلقش المهم ترش , احنا انشاءالله بكرا محضرينلك الغدا قلاية بندورة مع قرن فلفل غزاوي بس بعديها بنصحك ما تروحش على الحمام",,,,,,,
3230,القرضاوي : انا مش مظول لاني بعديه محضر فتوة اخت شلن امريكا تضرب السلطة عشانهم كفرة,,,,,,,
3231,عماد : شوفوا شو صار بعد المكالمة مباشرة,,,,,,,
3232,فيديو : مجاهدي فلسطين يردون على المفترين على الشيخ القرضاوي,,,,,,,
3233,يظهر عماد في الاستوديو ومعه عدة دولارات ويرش على الطاولة,,,,,,,
3234,نكمل الفيديو,,,,,,,
3235,"عماد : شو قصدوا عني , لسى الحلقة ما خلصطش",,,,,,,
3236,عماد : والان مع فاصل دعائي مع الاخ محمد مرسي عينة من المرضي عليهم من ابو اليس,,,,,,,
3237,"فيديو : الرئيس مرسي تفيض """" مشاعره """" في حضور جوليا جيلارد""""",,,,,,,
3238,عماد : سنتر يا ابو مرسي سنتر,,,,,,,
3239,فيديو : د . مرسي يتعرض لموقف طريف فوق البساط الاحمر,,,,,,,
3240,نهاية الفيديو,,,,,,,
3241,عماد : لورا يا ريس لورا,,,,,,,
3242,"فيديو : محمود عباس يخطئ باسم الرئيس المصري ويقول """" محمد حسني """" ( يتكرر المقطع عدة مرات )""""",,,,,,,
3243,عماد : مرسي لسى مش داخل في الهارد ديسك تبع ريسنا,,,,,,,
3244,بنشوفكم بكرا,,,,,,,
3245,البرنامج 4,,,,,,,
3246,عماد ( في الاستوديو ) : قناصه مش قناصه . . . . ارجعوا ورا خلي حماس اطخني . . . . . . . . ليلتنا أنس,,,,,,,
3247,فيديويوتيوب بعنوان : القائد الكبير محمد دحلان يتحدى حماس,,,,,,,
3248,مقطع مديلج لقناص امريكي في افغانستان يوتيوب بعنوان :,,,,,,,
3249,@@Lاط@@اًGحاٌIصطاٌ @@Lاط@@سنِةeر @@Lاط@@ْنe @@Lاط@@سهْت @@Lاط@@كِلل ! ! !,,,,,,,
3250,الدبلجه :,,,,,,,
3251,"جندي واحد : مش مبين منيح الدحلان , حارسه ابو شنب بضل يغطي عليه دبحني يلعن حريشه , مبين صاحبه المشهراوي اجبدوا وحلص عليه ?",,,,,,,
3252,جندي 2 : لا يازلمه وحد الله . . . المشهراوي زلمه مسحم بدنا دحدح,,,,,,,
3253,"عماد ( في الاستوديو ) : الاستاز دحلان بعتبروه هاند سم فتح , وسيم فتح . . . . مع اني مش شايف عندو اي شكل من اشكال الوسامه , لا عيونو حضر ولا كتافوا عراض متلي متلا . . .",,,,,,,
3254,"وبسموه كمان الرجل الجرئ المتمرد المكشاكس , وكمان بطلقوا عليه الطفل المعجزه , مع اني مش شايف فيه اي لمسة طفوله , الزلمه نط الخمسه وخمسين .",,,,,,,
3255,فيديو يوتيوب بعنوان : كلام حقيقي محمد دحلان,,,,,,,
3256,"عماد في الاستوديو : علي الطلاق انك زلمه يا ابو فادي , مش لازم سموك ابو فادي لازم سموك ابو اشي كبير , ابو حديد , ابو دراع , ابو فخاد ابو ( يؤشر كما البضات )",,,,,,,
3257,يظهر فيديو بعنوان : دحلان يظهر في فيديو وكأنه خادم لأمير ابو ظبي,,,,,,,
3258,ينزل الامير من السياره ودحلان خلفه ( سهم على دحلان ) يتكرر المشهد مرتين,,,,,,,
3259,عماد في الاستوديو : نظرة استغراب,,,,,,,
3260,نعود الى نفس الفيديو عند الدقيقه 2 : 10 مدير النادي يعطي اميرابو ظبي ملابس هدايا والامير يعطيها الى دحلان ودحلان يصفطها,,,,,,,
3261,يتكرر المشهد عدة مرات,,,,,,,
3262,عماد في الاستوديو : ابو فادي صاير صفيط اواعي ! ! ! ! ! !,,,,,,,
3263,نعود الى المشهد نفسه,,,,,,,
3264,عماد في الاستوديو يحمل لافته مكتوب عليها : دحلان دراي كلين,,,,,,,
3265,لكوي وطي وغسيل جميع انواع الملابس,,,,,,,
3268,شعارنا : فشرتوا تلاقوا جعلوكه وحده بالقميص,,,,,,,
3269,عماد في الاستوديو : فاصل غنائي وبنرجع,,,,,,,
3270,فيديو يوتيوب : صائب عريقات والحاج نبيل زغير في حفلة ايتام اريحا دقيقه 33.00,,,,,,,
3271,فيديو يوتيوب 2 : ناصر الفارس دبكة شباب بيت امر حفلة نجل د . صائب عريقات دقيقه 4 : 50,,,,,,,
3272,بالفيديوهات صائب يدبك,,,,,,,
3273,عماد في الاستوديو : ايوا دكتور صائب اطعج اطعج رحرح يا وطن رحرح . . . . تيرشرشرش تيرشرش,,,,,,,
3274,نعود الى صائب يدبك,,,,,,,
3275,عماد في الاستوديو : اطعج ابو الصب والله لنكيف تيرشرشرش تيرشرش,,,,,,,
3276,نعود الى صائب يدبك,,,,,,,
3277,عماد في الاستوديو يغني موال : 30 سنه وانت تفاوض والله لليوم مافي نتيجه,,,,,,,
3278,نعود الى صائب يدبك,,,,,,,
3279,عماد في الاستوديو يغني موال : سألتني الاسم قلتلها صائب قالتلي والله كلك مصائب,,,,,,,
3280,صائب يدبك,,,,,,,
3281,عماد في الاستوديو : للتنويه هون الاخ صائب بدبك بعرس ابنوا بالرفاه والبنين . . . بلاش اتصيروا تتبلوا على الزلمه ابصر وين بدبك,,,,,,,
3282,"اخ صائب , اليوم حاب اهديك اغنيه مني انا شخصيا لالك .",,,,,,,
3283,"عماد في الاستوديو امام مايكرفون اضواء ديسكو يغني ساريه السواس بس اسمع بس اسمع",,,,,,,
3284,يوتيوب : ساريه السواس . بس اسمع مني ( فيديو كليب ),,,,,,,
3285,"عماد في الاستوديو : شفتوني ونا ساريه السواس بهبل هبلان , حلينا ندحل بالجد يؤشو الى صورة محمود الهباش وينظر الى الكاميرا",,,,,,,
3286,فيديو بعنوان : الوزير محمود الهباش وحطبة الجمعه بتاريح 09 - 11 - 12,,,,,,,
3287,عند الدقيقه 14 : 35 نفول لهم كما قال نوح لابنه وهو يوعظه سفينة فلسطين اقلعت سفينة الدوله اقلعت اركبوا فيها,,,,,,,
3288,عماد في الاستوديو ( يلبس ملابس بحر ونضارات سباحه ومعه عجل للسباحه ) يتكلم على الهاتف :,,,,,,,
3289,"اه يما , يلا ياوليه بدنا نبحر , ابو الهباش بقول التجمع عند الدوار , لليش تناك الجبنه والزيت ? بس جيبي البكيني وبتلاقا ع الدوار , اسمعي جبيلي معك علبة سمن بلدي بدي ادهن جسمي وعمل برونزاج",,,,,,,
3290,نعود الى فيديو الهباش يطلب من الجميع الركوب بالسفينه,,,,,,,
3291,تدحل اغنية سيلين ديون الحاصه بالتايتنك وعليها مشاهد من السفينه والبحر ونسمع صوت الهباش بالحلفيه يطلب الركوب بالسفينه,,,,,,,
3292,بعد مقطع الاغنيه نشاهد مقطع من التايتنك مدبلج,,,,,,,
3293,فيديو يوتيوب :,,,,,,,
3294,@@Lاط@@طِتَنِc @@Lاط@@B @@Lاط@@3ض ( 2012 ),,,,,,,
3295,عند الدقيقه 2.06.00 البطله تحمل بلطه وتدحل على البطل,,,,,,,
3296,الدبلجه :,,,,,,,
3297,البطله : طاهر,,,,,,,
3298,البطل : سهام,,,,,,,
3299,البطله : جبت بلطه احت شلن,,,,,,,
3300,البطل : لو جبتي بوكلة شعر احسن . . . يلا,,,,,,,
3301,( البطله تحاول ضرب الكلبشات بالبلطه ),,,,,,,
3302,البطل : انتي نجنيتي وله . . . اتدربي على الخزانه كم هواي,,,,,,,
3303,البطله : حاضر حاضر,,,,,,,
3304,البطل : تلحسي . . . . ركزي منيح ياحوله ركزي الضربه,,,,,,,
3305,تضرب الحزانه مره احرى,,,,,,,
3306,البطل : عفارم عليكي يلا تعالي قصي الكلبشات مش تقصي ايدي . . . بمزع شعرك . . . شوي شوي وله يلا . . . سهام يلا . . . امسكيها من الكاع . . امسكيها من الكاع,,,,,,,
3307,البطله : بحبك ولا,,,,,,,
3308,البطل : سهام انا بموت بلغاليغك يلا قولي يا الله . . . . يلا,,,,,,,
3309,( تقص الكلبشات ),,,,,,,
3310,البطل : شو هاضا بحبك وله بحبك . . . اجري غرقت السفينه غرقت يالهوي,,,,,,,
3311,( تظهر مشاهد عدة من غرق السفينه ),,,,,,,
3312,المشهد الاحير,,,,,,,
3313,"البطل والبطله بالماء والبطل يبدو يموت من البرد",,,,,,,
3314,دقيقه : 2.50.00,,,,,,,
3315,البطله : بردان,,,,,,,
3316,"البطل : علي الطلاق منا حاس برجلي ميكل هوا شايفك حبة ثلج , اسمعي بدي عشرين ليره من شاهر صاحب الدكان لما اموت ابعتولي اياهن ويستريونيون مش تهفي نصهم",,,,,,,
3317,البطله : الهباش كحلنا,,,,,,,
3318,"عماد في الاستوديو : يم عشرين ليره ياحراط , كلهن ليره ونص",,,,,,,
3319,عماد ( في الاستوديو ) نروح دولي شوي,,,,,,,
3320,"@@Lاط@@ٍCطV @@Lاط@@Cٍِم @@Lاط@@جْنغ @@Lاط@@ُن @@Lاط@@ceلeبرَتس @@Lاط@@تهe @@Lاط@@َننِثeرسَري @@Lاط@@ْف @@Lاط@@ٍْرeَن @@Lاط@@cهِلدرeنسءس قيديو يوتيوب : مقطع من خطاب الرئيس الكوري @@Lاط@@U.... ( 6 : 33 @@Lاط@@Mِن)",,,,,,,
3321,"الدبلجة : سنضرب امريكا وننسفها نسف , سنمحي نيو يورك عن الخريطة راح نخلي اوباما يركض على حضن مرتو ويعيط زي الاولاد الصغار من الخوف",,,,,,,
3322,عماد ( في الاستوديو ) كوريا ضربت امريكا,,,,,,,
3323,@@Lاط@@MP4 فيديو يوتيوب : اقوى جيش في العالم,,,,,,,
3324,نعود الى الرئيس الكوري نفس الكلام,,,,,,,
3325,"عماد ( في الاستوديو ) اسمع ولا اطلع من راسي , ابوك الله يرحمو ويعفي عنو 25 سنة وهو يهدد امريكا تجنينوناش , لسى شعر دقنك مش طالع , بدنا نخلع امريكا ننوي وبدنا نخلع , احكيلك انا بدي اخلعك ننوي ( عماد كأنه يضرط )",,,,,,,
3326,نعود الى مقطع الرئيس الكوري,,,,,,,
3327,"@@Lاط@@Oبَمَءس @@Lاط@@َنغري @@Lاط@@فُنني @@Lاط@@ثِدeْ بعدها فيديو : اوباما معصب مقطع مضحك . . .",,,,,,,
3328,عماد يترجم كلام اوباما ( ليس دبلجة ),,,,,,,
3329,"الترجمة : هذا ولد مشلط ومهلس انا بعرف كيف اربي , اذا مزعتو شلوط بجيبوا في المحيط النهدي ناقصني ولدة",,,,,,,
3330,"يظهر فيديو آخر مباشرة واوباما يضرب الباب بقدمه : اوباما اتعصب اثناء القاء الخطاب ورزع الباب برجله",,,,,,,
3331,عماد ( في الاستوديو ) أي ايوة ولاجي العين الحمرا ابو رياله جننا ( عماد يقلب الطاولة بيده تظهر انها اسفنج ) هيه هذي الطاولة طلعت اسفنج شوه التلفزيون اللي بتخوت على الناس .,,,,,,,
3332,يظهر على الشاشة صوت وصورة اقفال التلفزيون ( تششششش ),,,,,,,
3333,@@Lاط@@هتتة://ووو.َلقُدس.cْ.ُك/?ة=46213 يظهر على الشاشة كتابة خبر,,,,,,,
3334,عماد ( في الاستوديو ) انا مش فاهم شو يعني خفض مستوى الرجولة,,,,,,,
3335,يعني شباب غزة لازم يكونو هيك ( صور لاعبي حديد وكمال اجسام ضخمة جدا وممكن ان تكون مضحكة ),,,,,,,
3336,ولا هيك ( صورة لشباب السبعينات والشعر المنكوش قبل اختراع الجيل ),,,,,,,
3337,ولا هيك ( ترتب الصور في استوديو المونتاج مع عماد ),,,,,,,
3338,"عماد : خلص اتركوا هالشباب في حالهم , كرهتوهم في البلد , الشباب صارت بدها تهج , الله يعينهم على حياتهم",,,,,,,
3339,اغنية راب : حملة ارفع البنطالون وقص شعرك او تكون مهان - في غزة فقط,,,,,,,
3340,البرنامج 3,,,,,,,
3341,عماد في الاستوديو يبدا الحلقة بالحديث عن مخالفة السير التي اخذها,,,,,,,
3342,"عماد في الاستوديو : مساء الخير منورين , حلقتنا اليوم جزئيين نص سياسي ونص مش سياسي . نبدأ بتشكيل الحكومة . الحجاج اعضاء اللجنة التنفيذية تهربلهم خبر ممكن يكونوا هم وزراء الحكومة المقبلة كيفوا وبلشوا رقص , يلا شباب",,,,,,,
3343,فيديو : مجوز مع دبكة ختايرة - اضحك للصبح هههه,,,,,,,
3344,يتم وضع وجوه احمد مجدلاني وملوح وقيس ابو ليلى,,,,,,,
3345,عماد : ارشق يسعدو الحج ملوح,,,,,,,
3346,نعود للمقطع,,,,,,,
3347,"عماد : الحجة حنان عشراوي عضو اللجنة استقبلت الخبر بالغناء والمواويل",,,,,,,
3348,فيديو : من سابع طابق لارميلك حالي ( ملاحظة : حجتنين اردنيات يغنين ),,,,,,,
3349,عماد : الحجة الي في الاوركسترا بتردد ربيحة دياب,,,,,,,
3350,نعود للفيديو,,,,,,,
3351,"عماد : ( بجانبه صورتان رامي الحمد الله ومحمد اشتيه ) الاستاذ رامي الحمد الله صار رئيس الوزراء وقبل ما يكون رئيس وزراء كان مرشح هو ومحمد اشتية , محمد اشتية مسك رامي الحمد الله على البسكايت وهو في الشارع وجبدو بدن اخو فلاته",,,,,,,
3352,فيديو : هتمووووووت من الضحك وخلي بالكم من ابو عجلة,,,,,,,
3353,"عماد : ( صورة حسن الشيخ بجانب عماد , عماد ينظر الى الصورة باستغراب وينظر الى الكامير لا يتحدث )",,,,,,,
3354,"يظهر فيديو بعنوان : افضل بكاء على الاطلاق",,,,,,,
3355,الدبلجة :,,,,,,,
3356,"حسن الشيخ راح يكون في الحكومة الجديدة 100 % , يلعن ابو هالشغلة",,,,,,,
3357,الاب يبكي,,,,,,,
3358,"عماد : ( في الاستوديو يبكي , يشرب لبن اب ) بدي اسكر عشان انسى حسون راح يضل راح يضل",,,,,,,
3359,فيديو : رجال يبكي بسبب وفاة ناقته,,,,,,,
3360,عماد : نشوف سوا حلف اليمين للحكومة الفلسطينية الجديدة,,,,,,,
3361,فيديو : حكومة الفريق شفيق تؤدي اليمين الدستورية امام الرئيس مبارك,,,,,,,
3362,"عماد : ( يدخن , ينتبه ) شو هذا شو جاب شفيق في الهاذا طلعوا تش تش",,,,,,,
3363,يظهر على الشاشة صورة توقف البث,,,,,,,
3364,عماد : البرلمان الاردني,,,,,,,
3365,"يظهر فيديو بعنوان : الفيديو الكامل : اعتداء يحيى السعود على جميل النمري / @@Lاط@@Rْيَ",,,,,,,
3366,الدبلجة :,,,,,,,
3367,"المنسف العجلوني بسوا مليون منسف كركي , اهل الكرك بحطوا على وجه المنسف كاتشاب , وبدل لبن الكشك بحطوا سيرلاك",,,,,,,
3368,( من الفيديو الاصلي ) النائب الثاني يخطف المايكريفون ويقول له والله انك كذاب بكندرة ويضربه,,,,,,,
3369,"عماد : ( في الاستوديو ) بدها تولع مش مزبوط هالحكي المنسف الكركي كنج المناسف والمنسف العجلوني كخ المناسف , قال بحطوا على الوجه كاتشاب , لا من مرة بحطوا على الوجه ايس كريم",,,,,,,
3370,فيديو : هجوم سعود على حدادين,,,,,,,
3371,الدبلجة,,,,,,,
3372,"انا بتفق تماما مع زميلي , المنسف العجلوني بلط مليون منسف كركي اصلا المنسف الكركي بدل الشراك بحطوا خبز همبرغر",,,,,,,
3373,طوشة في الفيديو,,,,,,,
3374,"عماد : خبز همبرغر لهانا وبس بدي اشوف مين الزلمة في عجلون اللي بدو يطلع من دارو , اسحبوا السلاح شباب",,,,,,,
3375,فيديو : نائب اردني يرفع سلاحه في داخل قاعة البرلمان الاردني,,,,,,,
3376,"عماد : خلص يا شباب فضحتونا في البرلمان الاردني , انا هيني بحكيلكوا قررت احط حد للي بصير حضروا حالكوا انا بكرا نازل على الجسر بدي اشتري غروس دخان وارجع",,,,,,,
3377,عماد الى الكاميرا الثانية : اكيد رابح بيك على الجسر راح يقولي ميل شوي ندوقك المنسف العجلوني الصح,,,,,,,
3378,"عماد : اتعلموا من البرلمان الفلسطيني , بتدب الابرة بتسمع صوتها , ولا حدا بتطاوش مع الثاني بنسمع بعض وبنحترم بعض",,,,,,,
3379,فيديو : التمويل الاجنبي في المنتدى العربي ! 2 شباط 2013,,,,,,,
3380,يظهر في نهاية الفيديو شخص يلبس نظارات وهو الذي صور القاعة,,,,,,,
3381,"عماد : بتتذكروا الرقصات , اللمضات , المساحات , الاباط",,,,,,,
3382,فيديو : شيكو ابو شكة يا مولعها محمود الحسيني 1 ومحمود الليثي,,,,,,,
3383,ملاحظة : بداية الفيديو رقصة الاباط,,,,,,,
3384,"عماد : رقصة ايدي دبحوني حك , رقصة جديدة",,,,,,,
3385,فيديو : @@Lاط@@ثِدeْ-2013-04-19-23-33-26ـ001ـ001ـ001 ( من عند دقيقة 2 : 52 ),,,,,,,
3386,عماد : رقصة الستيرنج,,,,,,,
3387,فيديو : اراب ايدول غزة خالد فرج دقيقة 0 : 58,,,,,,,
3388,عماد : رقصة الطيارة,,,,,,,
3389,ملاحظة : نفس فيديو رقصة الحكة دقيقة 4 : 49,,,,,,,
3390,عماد : في عنا رقصة فلسطينية جديدة اخترعناها مبنية على عدة حركات اسمها انا انهبلت,,,,,,,
3391,فيديو : ادحك وفرفش مع اغنية وين الراتب فش فش,,,,,,,
3392,عماد : فش بعد عمان هي رقص الرجال ولا بلاش,,,,,,,
3393,فيديو : حفلة مخنثين في عمان @@Lاط@@.مة4,,,,,,,
3394,عماد يلبس باروكة ومتميكيج ومتحومر,,,,,,,
3395,"عماد : يلعن عينك يا حمودة , بكفي هز",,,,,,,
3396,نعود الى الفيديو,,,,,,,
3397,"عماد : ( يخلع الباروكة ) بتتذكروا سامية ملكة الشاشة , ولك يا سامية انزلي ارقصي , مش جاي ع بالي , ولك يا هند صبري يا انجلينا جولي ارقصي , مش جاي ع بالين واخيرا وجدنا وعرفنا مين سامية",,,,,,,
3398,"فيديو : وطن ع وتر الاعراس المقطع الاخير سامية , وفيديو بعنوان : حرمة ترقص رقص مضحك",,,,,,,
3399,عماد : ( امامه مايكريفون ) ستاند اب الرقصات,,,,,,,
3400,البرنامج 5,,,,,,,
3401,"عماد في الاستوديو : مسا الخير ( تظهر صورة رامي الحمد لله على الشاشة ) ننتقل الان الى ملاعب برلين لنقل الالعاب الاولمبية ومسابقة اسرع رئيس وزراء في التاريخ",,,,,,,
3402,يظهر فيديو : اسرع رجل في العالم في سباق 100 م ببرلين,,,,,,,
3403,"الدبلجة : سيداتي سادتي نرحب بكم على الهواء مباشرة ويستعد العدائون بالانطلاق والعيون كلها تتجه الى الفهد الاسود رامي الحمدلله الملقب بالمدفعية لينال لقب اسرع رئيس وزراء يستقيل في التاريخ . رامي الحمدالله برخرخ عضلاتو بحمي , نسال الله الا تخذلنا يا رامي , اللعيبة فصعوا 1 2 3",,,,,,,
3404,"رامي رامي رامي يالله يالله يا مدفعية , رامي سبق الكل , الله الله عليك يا ابو الروم اسرع رئيس وزراء في التاريخ 15 يوم كان مستقيل , لسى الكرسي ما سخنش , ما قدرتش يتحمل , النجم المدفعية .",,,,,,,
3405,"عماد في الاستوديو : هو صح استقال وهلا تسير اعمال بس هي شنبي اذا ما ضل 6 سنين تسير اعمال , هي فياض قعد 20 سنة تسير اعمال .",,,,,,,
3406,"ما ناب الخلايلة الا يطلعوا ويحرقوا البلد عشان بدهم وزير من الخليل , وهيو اعطوكوا الثقافة وحطولكوا وزير انبسطوا . راح على اراب ايدول وغير جو , رجع يحكي لبناني على خليلي , لك تئبر ئلبي . على سيرة اراب ايدول",,,,,,,
3407,"نروح شوي لابو العساسيف محبوب العرب , ابو العساسيف ( تظهر صورة عساف ومنيب المصري ) شباب مش هاذي الصورة . ابو العساسيف نجم العرب ( تظهر صورة اخرى عساف ومنيب المصري ) مالكو شباب بتخربطوا مش هذي الصورة",,,,,,,
3408,"ابو العساسيف فرحت ( تظهر صورة اخرى عساف ومنيب المصري ) يا عمي منشان الله مش هادي الصورة , ابو العساسيف محبوب العرب كل التحية ( تظهر صورة اخرى عساف ومنيب المصري ) ( عماد ينزفز ) مين الراجل اللي ورا عساف ده",,,,,,,
3409,مشهد تمثيلي بين عماد وخالد,,,,,,,
3410,داخل الاستوديو منصة مع مايكريفونات كمؤتمر صحفي,,,,,,,
3411,عساف : اول شغلة انا للامانة وبكل صراحة بشكركوا لحضوركوا وسابقى كما عهدتموني اغني الاغنية الوطنية,,,,,,,
3412,منيب يلقن عساف : الثوابت الوطنية,,,,,,,
3413,"عساف : انا للامانة وبكل صراحة لن اتخلى عن الثوابت الوطنية , وللامانة انا بشكركوا جميعا من القلب للقلب للامانة",,,,,,,
3414,منيب : شعب الجبارين,,,,,,,
3415,عساف : للامانة وبكل صراحة بشكر كل شعب الجبارين انا ابن هالشعب وابن هالبلد وللامانة لن اتخلى عنكم,,,,,,,
3416,منيب : الانقسام,,,,,,,
3417,"عساف : للامانة وبكل صراحة يجب انهاء الانقسام وعودة اللحمة للشعب",,,,,,,
3418,منيب : دحر الاحتلال,,,,,,,
3419,"عساف : للالامانة سابقى اغني حتى دحر الاحتلال واقامة الدولة , وانا يا اخوان للامانة مرهق جدا من السفر",,,,,,,
3420,"منيب : لنا لقاءات اخرى",,,,,,,
3421,"عساف : للامانة انا زهقت الاندروير تاعي منك , خلص يا راجل طنيب على ولاياك يستر على عرضك حل عني , يلعن ابو اليوم اللي صرت فيه ايدول , اذا بدك اللقب خدو , في",,,,,,,
3422,"63 مليون صوت صوتولي وبحبوني يس بشوفش حدا غيرك , انت لازم يعطوك لقب اراب لزقة . انا للامانة بناشد القيادة الفلسطينية في الضفة وغزة وبناشد الرفيق راغب علامة والعصفورة احلام التدخل لفك اللزقة .",,,,,,,
3423,منيب : خلص اهدا هلا عندك حفلة في دبي بنحكي هناك,,,,,,,
3424,عساف : ليش انت كمان جاي معاي على دبي,,,,,,,
3425,منيب : شور,,,,,,,
3426,"عساف يخرج هاتفه : الو شركة المنيوم قصدي بلاتينيوم ? الغي حفلة دبي , انا بطلت اراب ايدول انا صرت مخنوق ايدول",,,,,,,
3427,مشهد 2,,,,,,,
3428,عساف نائم وبجانبه يجلس منيب بعد لحظة يفيق عساف من النوم,,,,,,,
3429,منيب : غنيلي يا طير الطاير,,,,,,,
3430,عساف يشخر,,,,,,,
3431,المشهد الثالث,,,,,,,
3432,"عساف يلبس ملابس امراة ويتنقل في عدة اماكن ,",,,,,,,
3433,شاب يطقس على عساف : شو نوعو هالقمر,,,,,,,
3434,عساف : نايل سات,,,,,,,
3435,الشاب : طب اعطينا التردد,,,,,,,
3436,عساف : تفو عليك ( الى الكاميرا ) الحمد لله ما عرفش اني محمد عساف,,,,,,,
3437,عساف يمشي,,,,,,,
3438,منيب يفاجئ عساف,,,,,,,
3439,منيب : شو ابو العساسيف عرفتك من ورا,,,,,,,
3440,عساف يخرج مسدس : ما هو يا بتطخ حالك يا بطخ حالي احنا الاثنين نضل سوا مستحيل .,,,,,,,
3441,منيب : غنيلي يا ريت في خبيها,,,,,,,
3442,"عساف : يا ريت في اعدمك وما خلي حدا يعرفك , بسقيك دموع عيني بس تحل شةي عني ويا ريت",,,,,,,
3443,نعود الى الاستوديو : فاصل اعلاني وبنرجع,,,,,,,
3444,"عماد : ضهرك بوجعك , رجليك بوجعوك , مش لاقي حل لوجع قفاك , ازهقت من تجريب انواع اللزقات ودهن زيت الزتون",,,,,,,
3445,"احنا اليوم جبنالكو الحل لزقات منيبكو , , افضل ما توصلت له التكنولوجيا توضع على جميع انحاء الجسم , الظهر والقفا والرقبة , مع لزقات منيبكوا مش حتقدر تحرك جسمك .",,,,,,,
3446,"دعاية 2 : سوبر غلو منيبكوا , اقوى انواع الغلو في العالم , نقطة وحدة بتشبك شيارتين في بعد , لو اجت كل الامة العربية مستحيل تفصلهم",,,,,,,
3447,"دعاية 3 : بكلة شعر منيبكو بتحط الصناعات الصينية والتركية في جيبتكوا , اذا مسكت في شعرك لو اتدخل النيتو مستيل يفصلها .",,,,,,,
3448,دعاية 4 : ( صورة ملقط حواجب ) ملقط منيبكو اذا لقطك بتكون امك داعية عليك,,,,,,,
3449,نعود الى الاستوديو,,,,,,,
3450,"عماد : ما حدش يزودها على الزلمة , مواقفوا بتشهدلوا وهي الفيديو",,,,,,,
3451,فيديو : كلمة محمد عساف للجماهير التي استقبلته فور وصوله الى غزة ( مقطع منيب دحر الاحتلال ),,,,,,,
3452,"عماد : ينصر دينك , هي المواقف ولا بلاش , الزلمة واضح دحر الاحتلال يعني دحرو يعني دبح من الاخر فش مجال للمساومة ولا المفاوضات",,,,,,,
3453,فيديو : منيب المصري يستقبل قائد الجيش الاسرئيلي في بيته,,,,,,,
3454,"عماد : الزلمة في شو غلط , فرجاهم على القصارة والبلاط وقلو بطاطا وبيض وروحوا",,,,,,,
3455,"عماد : هو منيب احسن مني معنا على الهواء مباشرة من تل الربيع الرئيس الوزراء الاسرائيلي بنيامين نتنياهو , سيد نتنياهو الله يمسيك بالخير , تفضل سمعنا",,,,,,,
3456,نتنياهو : فيديو : بنيامين نتنياهو يوجه كلمة للمسلمين بمناسبة رمضان,,,,,,,
3457,رمضان كريم وكل عام وانتو بخير,,,,,,,
3458,"عماد : وانت بخير يا خوي يا نتنياهو كلك زوق , شو الكلمة اللي بتحب توجهها للشعب الفلسطيني بمناسبة رمضان",,,,,,,
3459,الدبلجة : احنا محظوظين جدا بوجود السلطة في الضفة وبوجود حماس في غزة للامانة يا عماد,,,,,,,
3460,نظرة من عماد,,,,,,,
3461,"هذي من اروع الاوقات اللي بتمر فيها دولة اسرائيل , علي الحرام احنا مش مصدقين شو اللي بصير , في الضفة الشباب رافعين شعار المقاومة الجميلة وهذي اريح اشي للجيش عنا , وبنطمن الشعب الفلسطيني انو الاستيطان في ازدهار اخو فلاته",,,,,,,
3462,"عماد : وسيد نتنياهو في الضفة الامور واضحة لوز , شو بالنسبة لغزة ?",,,,,,,
3463,"الدبلجة : والله يا عماد الامور في غزة مش لوز الامور ذهب , عمرنا ما حلمنا حماس تعتقل او تصفي اي حدا بطخ او برمي حوالينا صواريخ , علي الحرام ولا في الاحلام كنا نحلم هيك شغلة , كنا زمان بقينا نطلع الطيارة الزنانة هلقيت بطلنا , زنانات حماس شغالة لحالها , اللي بطلع بزنوا . وانا بتوجه بالشكر لمرسي لانو اللي بصير من ثمار ما زرعه في اتفاقية وقف اطلاق النار الاخيرة .",,,,,,,
3464,عماد : ابو النتن كيف شايف المستقبل,,,,,,,
3465,الدبلجة : بالنسبة لالكو شايفوا زي وجهك اسود في اسود,,,,,,,
3466,عماد لا يعجبه الكلام,,,,,,,
3467,"الدبلجة : ما اخفيش عليك كيري راح على رام الله واقترح عليهم السلام الاقتصادي , السلطة سالتوا شو يعني السلام الاقتصادي , فقام كيري وراح سال الاوروبيين شو قصدكوا بالسلام الاقتصادي , الاوروبيين اتصلو علي وسالوني شو قصدك بالسلام الاقتصادي , فانا قمت اتصلت على رام الله وسالتهم كيف بنحبوا يكون السلام الاقتصادي مع فلفل اسود ولا شوية كمون ?",,,,,,,
3468,عماد : انت فصل واحنا بنلبس,,,,,,,
3469,الدبلجة : الله يخليلنا الجهتين يا رب,,,,,,,
3470,"عماد : امين , يالله طير . شفتوني لما قلت من تل الربيع , قال يعني انا بعترفش بتل ابيب ولا 67 ولا 48 , حسرة علينا بس نوخد ال 2008 اول .",,,,,,,
3471,"قلبي من الحامض لاوي , تصبحوا على خير",,,,,,,
3472,تظهر صورة منيب المصري خلف عماد,,,,,,,
3473,عماد يجفل وكان منيب المصري خلفه,,,,,,,
3474,الحلم الفلسطيني,,,,,,,
3475,على الشاشه طباعه ( نادي هلال القدس ضد فريق برشلونه ),,,,,,,
3476,يظهر فيديو لمباراة برشلونه والريال مدريد . . . . ( المباراة التي انتهت 3 . 1 لصالح الريال مدريد ),,,,,,,
3477,المقطع موجود على يوتبوب بعنوان,,,,,,,
3478,ENGLISHTEXT ENGLISHTEXT ENGLISHTEXT ENGLISHTEXT ( 3 - 1 ) ENGLISHTEXT ENGLISHTEXT ENGLISHTEXT ENGLISHTEXT 26 / 2 / 2013 ENGLISHTEXT ENGLISHTEXT ENGLISHTEXT,,,,,,,
3479,"صوت المعلق : يدخل فيها سامي الكوبري ( كرستيانو رونالدو ) اسحب اسحب اكوي داخل خط الجزاء عرقلوا يلعن ابو اللي نفضك ياشير بيكيه عرقلوا . . . ضربة جزاء لمنتخب هلال القدس ولعت فرجوهم اللعب ياشباب ربي يحفظك يافلسطين ويحفظ اهل القدس . . . سامي الكوبري بجهز حالوا لضربة الجزاء ويشوووووط جوووووووووووووووووووول الله عليك يا ابو السوس في جرزاي مرميه جنب الجول ياقاهرهم اللعيبه بلشو يبوسوا في بعض الله عليكي ياقدس على فكره مش ضايل في القدس الا المسجد الاقصى وسنة زمان بشطبوه البرشلونيه تفاجأو من الفلسطينيه الحارس بغلط كلام سافل اتكلمي ياقدس انفجري غضب لعبنا البرشلونيه على اصبع سامي الكوبري اغلى لاعب بالعالم 400 دولار . . . لمين ? ? ? علي النابلسي اطلع طالعه طالعه اسحب ويشوط لابوالسوس وجووووووووووووول علي النابلسي بفكر حالوا هو اللي جاب الجول سامي بحكيلوا تعال ياهبل انا اللي دخلت عناصر الامن الوقائي كيفوا . . . نادي هلال القدس تخطا حدود ال 67 وال 48 جماهير العيساويه تنفجر من الفرحه ارفعي راسك ياقدس ياعروس الأمه العربيه وفخرها ييي مسكين ابو شعر انسيت شو اسمه فصعوا رجليه ومعرفش يوقف . . ابو رامي يشرب ميه مهما طال الزمان ستعود ياقدس . . . . ضربه ركنيه في الراس سالم الريحاوي صاروخ فجر 5 . . . عبط ابو رامي وصاروا ينطوا سالم الريحاوي رفع علامة النصر ابو رامي بحكيلهم هاتو سيجاره حششت معي بعبطوا في بعض وبحكو بدهم يعملوا حفلة كعك وفلافل . . . . برشلونه داخل خط الجزاء ديرو بالكو وجول لبرشلونه تسلل واضح هيو تسلل الحكم مشري الحكم امريكي تسلل واضح . . بعدين شو هالجول الهامل ولد في الحضانه بجيبو . . . على مايبدو وصل اوامر من القياده خلوا البرشلونيه يجيبوا جوول مش حلوه يروحوا على الصفر .",,,,,,,
3480,مشهد 2,,,,,,,
3481,المطار :,,,,,,,
3482,"نشاهد مطار حقيقي من الارشيف , مطار حديث , هناك مسافرين يتجولون في المطار",,,,,,,
3483,"النص : السادة المسافرين نرحب بكم في مطار قلنديا الدولي ونشكركم على اختياركم الطيران على الخطوط الجوية الفلسطينية . . السادة المسافرين حملة هويات الضفة الغربية الرجاء التوجه الة تيرمنال الكونتينر او تيرمنال حاجز الحمرا . . . اما السادة المسافرين المغضوب عليهم حملة هويات القدس فعليهم التوجه الى تيرمنال قلنديا بوابة حزما . السادة المسافرين المسخمطين حملة هوية غزة , اللي معاه تنسيق يتوجه الى تيرمنال ايرز واللي معوش تنسيق الو الله شو نعملوا .",,,,,,,
3484,"السادة المسافرين في الترانزيت نود اعلامكم انو ممنوع التدخين المطار الا في الاماكن المخصصة , يعني في كل المطار بتقدر تدخن . خلال فترة انتظاركم ننصحكم بتذوق حبات الذرة المغلية وكباب لحم مثلج مشوين عربيات الكباب وشعر البنات موجودة في جميع مرافق المطار .",,,,,,,
3485,"للسادة المسافرين الراغبين في التسوق الرجاء التوجه الى الديوتي فري , يوجد العديد من العروض المغرية على الكلسات , العطورات المحلية , لوازم حدادة ونجارة جكات ومناشير , واكيد دخان عربي لف مهرب",,,,,,,
3486,"السادة المسافرين نود اعلامكم ان تيرمنال 7 مغلق بسبب المواجهات وقنابل الغاز والمطاط , اللي ما لحقش حالو وانحشر في التيرمنال يدور على بصلة عشان الغاز , وننصح بعدم فرك الوجه بالماء لانو بعمل تفاعلات . نرجو من المسافرين عدم القلق الموضوع كتير بسيط حتى الان 55 اصابة منها 3 في حالات الخطر .",,,,,,,
3487,"نتمنى السلامة للجميع وسفر امن انشاءالله",,,,,,,
3488,( نسمع صوت اطلاق نار بجانب المذيعة ) اعطيني حبة بصلة ع السريع ع السريع,,,,,,,
3489,مشهد 3,,,,,,,
3490,"جاط مليئ بالماء أو حفره في احدى السهول او الجبال كراسي بحر منقذ على برميل قوارب ورقيه 2 عشاق على البحر . . . الجميع يلبس ملابس البحر",,,,,,,
3491,النص عباره عن سرد,,,,,,,
3492,"علاقتي بالبحر صعب أوصفها . . . علاقتي بالبحر اشي كبير . . . انا اصلا سمكه . . . لازم اشوف البحر كل يوم . . ادا ماشفتوا بصير زي المدخن برمضان محشش على سيجاره . . . اول مره شفتها كانت هون , على نفس الشط و وقتها بتزكر كانت بدها تغرق وصارت تأشر وتحكي",,,,,,,
3494,"ع طول نطيت على الصخره وصرت احكيلها حاولي حاولي يلا تعي تعي انا بعرفش اسبح . . . الله سترها وطلعت , بس الخبيثه غرئتني بحبها , ومن يومها صار لازم نيجي على الشط كل يوم , لكن من يوم ماصار معها حادث الغرق بالجاط قصدي بالبحر وهي صارت معئده من البحر , بتقربش الا على لطراف , بتغمقش جوا . . ونا دايما بحاول اكسر حاجز الخوف اللي عندها من البحر , , , , لأني بحبش اضل اسبح لحالي . . . بس اللي بدوا يحب بدوا يضحي بشغلات . . . صح بتعرفش تسبح بس بطبيخ ربنا الله معلمه وصاحبة جوا",,,,,,,
3495,@@Lاط@@Gَنغَم @@Lاط@@ستيلe نراهم يرقصون,,,,,,,
3496,نشاهد الان فيديو المشادة الكلامية بين عزام الاحمد وعزيز دويك,,,,,,,
3497,مشهد 4,,,,,,,
3498,"غرفة مظلمة بعض الشيء , وكأنها عيادة طبيب , طبيبة ومريض يلبس روب ابيض .",,,,,,,
3499,"الطبيبة : الك من 94 بتشوف نفس الاحلام والصور , يا اخي شفلنا حلم او صورة جديدة , شوفلنا اياهم انسحبوا , بلاش يا سيدي من 48 خليها مؤقتل من 67 . انت اكتر مريض عنا في المستشفى حالتو مستعصية , الحبوب بطلت تجيب نتيجة معك , ما الناش الا الكهرباء بلكي بتصحيك .",,,,,,,
3500,"( تضغط على الجرس , يدخل ممرض يلبس ثوب ابيض ) خوده واكبسلي اياه كهرباء 20 فولت",,,,,,,
3501,المريض : ( الى الممرض ) مش انت المنقذ تاع البحر,,,,,,,
3502,الممرض : ( الى الطبيبة ) انا بحكي خليهم 30 فولت,,,,,,,
3503,الضرائب,,,,,,,
3504,المشهد الاول : مكاتب الضريبة,,,,,,,
3505,"مكتب عليه لافتة مكتوب عليها للمواطنين العاديين , ومكتب عليه لافتة مكتوب عليها @@Lاط@@VIP",,,,,,,
3506,3 مواطنين واقفين في مكتب الضريبة للمواطنين العاديين,,,,,,,
3507,"الموظف : يا حبيبي المبلغ 300 دولار , اخصم منو 10 % قديش بضل",,,,,,,
3508,مواطن 1 : شو الدعوة 10 %,,,,,,,
3509,"الموظف : مش انت رياضي , الرياضي بدفع 10 %",,,,,,,
3510,"مواطن 1 : أي هو انا كاين ميسي ? هو دوري اللي عملناه وحاسبونا عليه 300 دولار , وما جبتش ولا جول",,,,,,,
3511,"الموظف : لعبت دوري , لعبت كأس عالم , مورينو دخلك معاه في فريق الريال ورحت ع اسبانيا , انا ماليش , 10 % راح تدفعها حتى لو رحت مع الريال بدي الحقك على اسبانيا ادفعك اياهن",,,,,,,
3512,مواطن 1 : الله يلعن ابو كرة القدم بدي اصير العب تنس طاولة,,,,,,,
3513,الموظف : حتى لو بتصير تلعب جمباز بدك تدفع ال 10 % . الله معك,,,,,,,
3514,يخرج المواطن . تدخل فتاة مرتبة ولا بسة نظارات شمس,,,,,,,
3515,الفتاة : مرحبا استاز,,,,,,,
3516,الموظف : اهلين,,,,,,,
3517,الفتاة : انا معاي عقد عمل فني وجاي بدي اخد خصم ضريبة,,,,,,,
3518,الموظف : خصومات بطلنا نعطي,,,,,,,
3519,"الفتاة : شو شكلك مش عارفني , ممكن عشان النظارات ( تشلح نظاراتها ) لسى مش عارفني ?",,,,,,,
3520,الموظف : لا والله مش عارفك,,,,,,,
3521,الفتاة : انا الممثلة تاعت وطن ع وتر,,,,,,,
3522,الموظف : شو بتشتغلي حضرتك,,,,,,,
3523,الفتاة : بقولك ممثلة,,,,,,,
3524,الموظف : حسب الكتيب الفنان 10 %,,,,,,,
3525,"الفتاة : ول وانا كاينة هند صبري , يا خوي الله يخليك كل المسلسل 30 حلقة 2000 دولار , بدك تخصم 10 % شو بضللي , يستر عليك , وهو مرة في السنة",,,,,,,
3526,الموظف : يا اختي تحاوليش للقانون 10 %,,,,,,,
3527,"الفتاة : بنقدر نعمل استثناء لاني فنانة وادفع 5 % ?",,,,,,,
3528,الموظف : بنقدر نشوف عرض كتافك ?,,,,,,,
3529,"الفتاة : يا لطيف , هذا وضع لا يطاق في البلد , لا بتحرموا فنان ولا بتحترموا غيروا ( تخرج )",,,,,,,
3530,"الموظف : اف ما ابيخ تمثيلكم في هالوطن ع وتر , عمري ما طقتكوا , احنا الفلسطينية بلبقلناش كوميديا , تقال دم",,,,,,,
3531,ننتقل الى مكتب @@Lاط@@?د?„VIP,,,,,,,
3532,مدير الضريبة + مستثمر فلسطيني + شخص اسود من كينيا,,,,,,,
3533,المدير : اخ مهيب الشركة مرخصينها عند الاخوان في كينيا,,,,,,,
3534,"مهيب : الرخصة صادرة من غرفة التجارة الكينية , هيها ( يخرج ورقة ) شركة مهيبكوا لرعاية الصيصان",,,,,,,
3535,المدير : والاستاذ ابو سمرا هو شريكك الكيني ?,,,,,,,
3536,مهيب : أي نعم,,,,,,,
3537,( يرن هاتف المدير ),,,,,,,
3538,"المدير : الو ? يا هلا يا هلا . بدو يفتح مطعم ? تحت بند الاستثمار وتشجيع السياحة ? جاب ورقة ? ممتناز هذا بدفعش احنا بندفعلوا . الله معك ( الى مهيب ) استاذي القانون واضح , اذا الشركة مرخصة من دولة اجنبية وفتحت فرع عنا تعتبر تشجيع استثمار صفر ضريبة .",,,,,,,
3539,مهيب : اوك شكرا الك,,,,,,,
3540,يخرجون,,,,,,,
3541,"ننتقل الى مكتب المواطنين العاديين : يدخل عامل حاملا طورية , قبل ان يفتح فمه",,,,,,,
3542,العامل : السلام عليكم,,,,,,,
3543,الموظف : الك شهر رايح جاي قلتلك 12 % وعلي الطلاق لو تجيب كتاب من الرئيس الا 12 %,,,,,,,
3544,العامل : السلام عليكم,,,,,,,
3545,على باب العمارة نرى مهيب والرجل الكيني اما سيارة فخمة,,,,,,,
3546,مهيب : هي 100 @@Lاط@@ش وتذكرتك واوعى اشوف وجهك,,,,,,,
3547,الكيني : @@Lاط@@Pُت @@Lاط@@مe ع الجسر,,,,,,,
3548,مهيب يركب السيارة ويغادر والكيني خلفه يردد @@Lاط@@Pُت @@Lاط@@مe ع الجسر,,,,,,,
3549,"امام دكان صغيرة وقديمة , نرى 3 اشخاص من بعيد يراقبون الدكان . يدخل مولطن ويشتري باكيت دخان . يدخل عليه رجال الضريبة .",,,,,,,
3550,رجل 1 : ايد لفوق,,,,,,,
3551,صاحب الدكان : سطو مسلح ?,,,,,,,
3552,"رجل 2 : لا ضريبة , ورجيني فواتيرك",,,,,,,
3553,صاحب الدكان : انيه فواتير طول اليوم ما بعناش غير بكيت الدخان,,,,,,,
3554,رجل 3 : ليش الدخان فش عليه ضريبة ?,,,,,,,
3555,"صاحب الدكان : يا عمي فيه , بس اصبروا تأحوشلكوا 10 باكيتات",,,,,,,
3556,المشهد التالي :,,,,,,,
3557,"رجال الضريبة يختبئون ويراقبون الدكان , تدخل امرأة وتشتري كيش ارز صغير . يدخل رجال الضريبة فروا",,,,,,,
3558,رجل 1 : الكل ايديه لفوق,,,,,,,
3559,"صاحب الدكان : اشترت بكيت رز , وهي حكوا والله يسهل عليكزا",,,,,,,
3560,المشهد الاخير :,,,,,,,
3561,"صاحب الدكان يبدو كالأهبل على باب احدى المؤسسات , تبدو حكومية او في الشارع يمشي وينادي",,,,,,,
3562,"صاحب الدكان : الله اكبر من الحكومة , الله أكبر من الحكومة",,,,,,,
3563,زوجته وشخص أخر يطاردون خلفه,,,,,,,
3564,الزوجة : ولك تعال يا عايد,,,,,,,
3565,"عايد : الله اكبر من الحكومة , يلعن هاضا , وينو ?",,,,,,,
3566,الزوجة : ولك انو اللي وينو ? الك 3 شهور داير في الشوارع هديتلي كعابي,,,,,,,
3567,عايد ( يركض ) الله اكبر من الحكومة,,,,,,,
3568,"الزوجة : ( تطارد خلفه ) ولك تعال , بس رد علي , بس تعال اقولك . . هبلوه للزلمة",,,,,,,
3569,العائلة,,,,,,,
3570,"عماد : صحيح الجنة تحت اقدام الامهات بس اللي عندي مجننتني , وكلها شبرين ونص . . . اشتريت بنطالون ممزوع ع الموضة , من عند الركبة زي زي هالشباب بدي البس",,,,,,,
3571,تدخل الام على المشهد تحمل شورط جينز,,,,,,,
3572,"الام : لاقيتلك بنطالون في الخزانة ممزوع من الركبة , قصيتو وسويتلك اياه شورط يما . . . حرام نكبو بتستفيد منو",,,,,,,
3573,عماد : حدا يطخها ويريحني منها,,,,,,,
3574,تظهر على الشاشة كتابة : حوار عائلي يومي,,,,,,,
3575,كنباية مع كرسيين او كنبايتين مع طاولة وسط,,,,,,,
3576,الاب والام جالسين,,,,,,,
3577,الاب : ( ينادي على ابنه ) خليل تعال ولا,,,,,,,
3578,الابن : نعم,,,,,,,
3579,الاب : نعامة اللي ترفصك تعال جاي,,,,,,,
3580,الابن : ليش شو سويت ?,,,,,,,
3581,الاب : سواك عزرائيل يخاع رقبتك,,,,,,,
3582,الابن : شو في ?,,,,,,,
3583,الام : شاوي يشوي وجهك . . . . احكي مع ابوك بأدب,,,,,,,
3584,الابن : انا شو حكيت ?,,,,,,,
3585,الام : يحك جنابك اوقف عدل يا حيوان,,,,,,,
3586,الابن : حاضر,,,,,,,
3587,"الاب : يحضروا على قبرك وارتاح منك , لما امك بتحكي انت بتخرس",,,,,,,
3588,الابن : أخرس ?,,,,,,,
3589,الام : خرسة تخرسك وتخرس لسانك,,,,,,,
3590,الابن : ماشي,,,,,,,
3591,الاب : مشاي تمشي على حناكك,,,,,,,
3592,الابن : شو المشاي ?,,,,,,,
3593,الام : اما انك قليل حيا وبترد على ابوك كمان,,,,,,,
3594,الابن : شو حكيت يابا ?,,,,,,,
3595,الاب : بو يخلع نيعك ويخلع وجهك خلع,,,,,,,
3596,الابن : يماااا,,,,,,,
3597,الام : مو . . . موا وكفة عما . . . ريتني خلفت قرد ولا خلفتك,,,,,,,
3598,الاب : يلعن ابو هالترباية يا مسكع انصرف من وجهي,,,,,,,
3599,الابن يخرج,,,,,,,
3600,"هدوء",,,,,,,
3601,الام : مالك ?,,,,,,,
3602,الاب : يميل حيلك وحيل اليوم اللي تجوزتك فيه .,,,,,,,
3603,ستاند اب عماد,,,,,,,
3604,"- ايام المدرسة كنا ما نصدق يجي يوم الخميس تاني يوم عطلة ونسهر براحتنا . فش 10 , 10 وربع امي تنسحب ما حدش يحس فيها , فش يا دوب 5 دقائق ابوي يلحق . . . وقال يسكروا الباب شوي شوي . . . احيانا يقعدوا 10 دقايق ويفتح الباب , مرات ربع ساعة , يعني اكثر مرة دقيقة . لليش هالاحراج يا بتخلوا الباب مسكر يا بتخلو مفتوح . . تخلوا الواحد يشك اشو في جوا ? والواحد صغير وجاهل مش داري شو بصير . احيانا كانو يوم الاثنين يسكروا الباب , بس في المجمل الخميس متفق عليه .",,,,,,,
3605,"- المتجوزين الجداد الباب كل ليلة مسكر , بعد سنة بصير سبت ثلاثاء خميس يتسكر . . . بعد 3 سنين بس خميس . . . بعد 7 سنين بخلعوا الباب وبهدوا الواجهة .",,,,,,,
3606,"- وانا صغير كان ابوي يضل ينيمني جمبهم في التخت بس ايام اصحى على حالي في الليل الاقي حالي طاير في الهوا يحطوني محل تاني , بعد نص ساعة الاقي حالي طاير كمان مرة في الهوا وراجع بينهم , فش ساعة زمن الاقي حالي حامليني ومطيريني على غير محل . . . خلص يا زلمة جننتني خليني نايم وروح سوي اللي بدك اياه جننتني يلعن ابوه يوم الخميس شو بكرهوا .",,,,,,,
3607,"- هالحجة مجننتني يا جماعة الخير عندها كم صاحبة , بيجوا صاحباتها بشربوا قهوة . . . بس عندها صاحبة عندها بنت بتهبل زكل ما بتيجي عنا بتجيب بنتها معها طبعا انا ببرخ . المرة الماضية بتقولي والله يا عماد ما شاء الله عنك يا خالتي انك نوارة هالطول وهالعرض والحلاوة ورايق , يلا حلحل حالك خلينا نجوزك , ام الشبرين امي نطقت , تيشلح جربانو ويغسل اجريه ريحتهن قتلتنا . في حدا منكو مشكور يطخها ?",,,,,,,
3608,"- كل ما اصحى الصبح بقول يا فتاح يا عليم لسى بدي اشرب فنجان قهوة وادخن سيجارة بتجيني قمت يلا فوت ع الحمام وخلص عشان بدي اليف الحمام وراك , اي هو انا بشخ ع الحيطان ولا بمسح في البلاط ?",,,,,,,
3609,مشهد في المنزل السابق,,,,,,,
3610,الاب + الام + الابن + ضيف,,,,,,,
3611,الاب : اهلا وشهلا اهلين,,,,,,,
3612,"الام : ماما حبيبي بس قرب السكملة , حبيبي بدك شاي ?",,,,,,,
3613,"الاب : بدي اغلبك حبيبتي , درست بابا حبيبي ?",,,,,,,
3614,الام : ماما حبيبي بدك شاي ?,,,,,,,
3615,الاب : حبيبي بابا اغلبك القداحة,,,,,,,
3616,( عماد : روح الضيف ),,,,,,,
3617,الابن : بابا,,,,,,,
3618,"الاب : بو اللي يخلع اهلك , بتحكيلي بابا بدك تطلع خول",,,,,,,
3619,الولد : ماما,,,,,,,
3620,"الام : مو من وين متعلم هالجلاكة , انا بدي اياك زلمة , احزك حالك",,,,,,,
3621,"الاب : ضايل تحكي بدي اعمل بيبي , بدي اطير واقرص زي الزلام , انا لما كنت بجيلك كنت اعمل هيك اطولها للسيبانة .",,,,,,,
3622,الام : حبيبي بدك كمان كاسة شاي تروق,,,,,,,
3623,الاب : حبك برص و 10 خرس من وين متعلمة هالحكي,,,,,,,
3624,الام : طب انطم,,,,,,,
3625,مشهد العائلات,,,,,,,
3626,لوحة ا,,,,,,,
3627,طباعة على الشاشة الام كاثرين والابن دانييل من السويد,,,,,,,
3628,الام متمددة على الكنباية تقرأ في كتاب والابن يعزف على الجيتار . لا يتحدثون ( اقتراح موسيقى كلاسيكية في المشهد ),,,,,,,
3629,لوحة 2,,,,,,,
3630,طباعة على الشاشة ام علي والابن حمودة من هان,,,,,,,
3631,الام والابن جالسين كل على فرشته على الارض . الام امامها قناني مخلل + متربنات جبنة + قناني بندورة + ورق دوالي + ملوخية,,,,,,,
3632,الابن جالس وامامه لاب توب ودخان,,,,,,,
3633,الام : هي البندورة سويت صحارتين بس لسى بدي كمان 3 صحارات اسويهن قناني الشتوية طويلة,,,,,,,
3634,الابن : الي ساعتين مش داخل ع الفيس بلاش يفكروني متت,,,,,,,
3635,الام : هذي الجبنة حصة اختك سعاد وهذي حصة دار اخوك علي وهذي حصة طليعة,,,,,,,
3636,"الابن : ( يكتب ستاتوس ع الفيس ) لا تتحدثوا عن الوجع اكثر الاشياء وجعا قلب بلا حبيب . . . .",,,,,,,
3637,"الام : شايف يما خايفو المخللات يخسوا علينا , والله طليعة ما يطلعلها الا نص قنينة",,,,,,,
3638,الابن : لا تقلق اذا استمرت احلامك بالتبخر . انت نائمة وانا ازداد تبخر,,,,,,,
3639,"الام : طليعة ان طلعلها نص قنينة , خطية بدي اعوضها في التطلي هلقيت بنزل المشمش , والله خوف الله بدي 3 صحاحير مشمش",,,,,,,
3640,الابن : انا اختلف معك يا ميادة في نعمة النسيان فانا لا املك هذه النعمة ( نسمع مقطع من اغنية ميادة الحناوي نعمة النسيان ),,,,,,,
3641,"الام : هلقيت بفرش الملوخية في السدر ويحطها انشفها , المنشفة ازكى من المفرزة , والشتوية طويلة يما",,,,,,,
3642,الابن : بين ريتا وعيوني موس كباس \ الدنيا نار برعاية ابو لهب,,,,,,,
3643,"الام : ( على الهاتف ) طلي يما انا بقدرش اسويلكن كعك ومعمول مع بعض , الخميس بتيجي طليعة والجمعة سعاد وبخلي دار اخوكي للاخر , انتو بس جيبولي السميد وانا ببسبس",,,,,,,
3644,"الابن : ( على الهاتف ) بدك تسرق ستاتوسات حط منقول او شير او غير مش زي ما بكتب بالزبط , انت نائمة وانا ازداد تبخر , غير حط ازداد تسحر .",,,,,,,
3645,برنامج البرنامج / افلام,,,,,,,
3646,مسا الفل و اهلا وسهلا فيكم في حلقتنا الليله وين الزقفه شباب . . . . .,,,,,,,
3647,صورة مصطفى البرغوثي,,,,,,,
3648,ابو صطيف ? ابو صطيف شخص رائع من جماعة شاهر الشحام,,,,,,,
3649,فيديو من يوتيوب بعنوان المخفي اعظم د . مصطفى البرغوثي 5.9 دقيقه 2.20,,,,,,,
3650,المذيع في البرنامج يسأل مصطفى : حزب الشعب هل هو الخسران بروجك منه ?,,,,,,,
3651,مصطفى يجاوب : علاقتنا جيده وطيبه مع الحزب,,,,,,,
3652,عماد في الاستوديويو : لا ياشيخ . . . . . علاقتنا جيده وطيبه مع الحزب ? ليش هو في حزب ?,,,,,,,
3653,فيديو من يوتيوب بعنوان مصطفى البرغوثي - ما أخذ بالقوة لا يسترد إلا بالقوة . . . . دقيقه 1.36,,,,,,,
3654,عماد في الاستوديو ( يحمل بلطه ) ما احد بالقوه لايسترد الا بالقوه .,,,,,,,
3655,@@Lاط@@طرْي فيديو من يوتيوب بعنوان افضل مشهد من فلم,,,,,,,
3656,دبلجه : الجنود يهتفون : ابو صطيف ابو صطيف ابو صطيف ابو صطيف,,,,,,,
3657,جندي : مصطفى وحد الله ونسانا ولينا مقاومه سلميه بشرف امك انسانا من المشاكل,,,,,,,
3658,براد بيت : بلا سلمي بلا بطيح ولعت معي,,,,,,,
3659,جندي 2 : مصطفى لينا سلمي ننف بلالين ونضرب ع الطناجر ونتصور في نعلين امسح وجهك بالرحمان وكول ياهادي,,,,,,,
3660,براد بيت : بدي افرجيهم مين مصطفى ولعت,,,,,,,
3661,( يتقدم باتجاه الجندي العدو ),,,,,,,
3662,جندي واحد : راح يحسر شبابه ياويلي عليه الله يصبر اهله,,,,,,,
3663,جندي 2 : معك عشرين شيكل ?,,,,,,,
3664,جندي واحد : من وينلي .,,,,,,,
3665,عماد في الاستوديو : الله يستر الله يستر الله يحميك يامصطفى,,,,,,,
3666,براد بيت يقتل الجندي,,,,,,,
3667,عماد : لعن ابو اللي جابو,,,,,,,
3668,"براد بيت للجنود الاعداء : يا مشلفين . . . . يا هلسات",,,,,,,
3669,"قائد جنود الاعداء : من وين الشاب",,,,,,,
3670,براد بيت : مصطفى من كوبر,,,,,,,
3671,عماد في الاستوديو : عماد فراجين من بير السبع,,,,,,,
3672,نشاهد صورة ياسر عبد ربه,,,,,,,
3673,"عماد : وسيم الشاشه الفلسطينيه في الستينات ابو بشاي , معنا على الهواء مباشره وعبر الهاتف ياسر عبد ربه امين سر اللجنه التنفيذيه لمنظمة التحرير",,,,,,,
3674,"استاز ياسر مسا الخير واهلا وسهلا فيك . . . . سؤالي هو بعد ما نحلقك من التلفزيون وصفيط وطفيت , الك فتره بتضل تسافر بتضل برا البلد وانت معروف ابو الانشقاقات ولسعتك والقبر لمين عمالك بتطبح ?",,,,,,,
3675,فيديو يوتيوب,,,,,,,
3676,ياسر عبد ربه يتهجم على مذيع البي بي سي . . . . . جواب ياسر عبد ربه انت واحد وقح ورحيص,,,,,,,
3677,عماد : مالك يازلمه شو حكينا,,,,,,,
3678,ياسر عبد ربه : انت واحد وقح ورحيص,,,,,,,
3679,"عماد : مالو عصب شو سألناه احنا ? . . . . سؤال بريء جدا . . .",,,,,,,
3680,"عماد : وهلا فاصل اعلاني مع رئيس الوزراء د . فؤش",,,,,,,
3681,"فيديو من يوتيوب بعنوان سلام فياض يشرح قانون الضريبة الجديد مركب عليه اغنية الاطفال الف باء بوبيه الفيديو على اليوتيوب بعنوان كليب ألف باء بوباية ENGLISHTEXT للطفلة أمل قطامي ENGLISHTEXT برعاية بسمله . . . . دقيقه 0.50",,,,,,,
3682,"اثناء الاغنيه يظهر عماد في الاستوديو وفي فمه بز كداب ويهز رأسه",,,,,,,
3683,بعد الاغنيه عماد في الاستوديو : هلا لازم نفوت بالجد .,,,,,,,
3684,فيديو يوتيوب بعنوان جبريل الرجوب اعلان الدولة في نهاية الفيديو يقول لن نعيد السيف الى غمده الى النهايه ادا في ط خ احنا بنطخ,,,,,,,
3685,عماد في الاستوديو : ولعت ابو رامي ابو رامي ابو رامي ابو رامي,,,,,,,
3686,نشاهد فيديو ماتريكس على يوتيوب بعنوان,,,,,,,
3688,الدبلجه : الشرطي : ابو رامي ادا معك فراطه براغي سوامين اي شي حديد,,,,,,,
3689,يفتح الممثل جاكيته,,,,,,,
3690,الشرطي : شو هاضا ?,,,,,,,
3691,تبدأ معركه,,,,,,,
3692,شرطي 2 : اجا ابو رامي وشايف الديك ارنب,,,,,,,
3693,تأتي الممثله وتقتله,,,,,,,
3694,عماد في الاستوديو : لولا الله وسميه,,,,,,,
3695,نعود للمقطع تستمر المعركه,,,,,,,
3696,شرطي 3 : اشلح,,,,,,,
3697,تستمر المعركه,,,,,,,
3698,يظهر عماد في الاستوديو يحمل رشاش ويطح,,,,,,,
3699,تستمر المعركه,,,,,,,
3700,عماد في الاستوديو : بعد الطح بدنا نريح اعصابنا مع مطرب السهره الاح ابو العبد هنيه,,,,,,,
3701,يظهر فيديو من اليوتيوب,,,,,,,
3702,ENGLISHTEXT ENGLISHTEXT ENGLISHTEXT انشاد رائع للأستاذ اسماعيل هنية في الكويت,,,,,,,
3703,"بعد المقطع الاول يظهر مقطع ثاني لهنيه ينشد . . . . . . غرباء غرباء بصوت اسماعيل هنيه فقط يكرر غرباء غرباء",,,,,,,
3704,بعدها يظهر الفيس بريسلي بفيديو على يوتيوب بعنوان,,,,,,,
3706,"يظهر عماد في الاستوديو يعزف على القيثار ويعزف نعود لالفيس وهنيه غرباء غرباء",,,,,,,
3707,بعد نهاية الاغنيه : يظهر فيديو للجنة ارب ايدول تقيم صوت متسابق بدون ظهوره,,,,,,,
3708,"في النهايه نعود الى لستوديو نشاهد الطاوله فارغه بدون وجود عماد , يظهر عماد فجأه ويؤشر الى الجمهور بالنهايه ويغادر",,,,,,,
3709,برنامج البرنامج من فلسطين,,,,,,,
3710,"استوديو شبيه باستوديو برنامج البرنامج , طاولة مذيع , جمهور , موسيقى البرنامج الأصلية",,,,,,,
3711,يدخل المذيع مقلدا دخول باسم يوسف,,,,,,,
3712,التصفيق من الجمهور,,,,,,,
3713,موسيقى البرنامج ما زالت تعمل,,,,,,,
3714,"المذيع : مساء الخير , اليوم حلقتنا من فلسطين , دولة عضو مراقب , و من راقب الناس مات هما , عضو فعال مش فعال هذا مش موضوعنا , معنا اليوم الضيفة المميزة الفنانة أليسا , و عملنالها تصريح و تنسيق و تشبيك و دخلناها عن طريق الجسر و ووووو مزكاكي",,,,,,,
3715,( يتم أخذ مقطع وجود إليسا من النسخة الأصلية لباسم يوسف ),,,,,,,
3716,"المذيع : إليسا على فكرة أنا بحبك كثير , و خاصة أغنيتك أنا مو ولهان أنا",,,,,,,
3717,( إلى الجمهور : صفقوو و اضحكوو ),,,,,,,
3718,"إحنا السياسيين عنا كثير واضحين في الحكي , بس آخر فترة صارو يشدو شوي , آخر شوتاتهم",,,,,,,
3719,( مونتاج بجانب المذيع مقطع فيديو عزيز الدويك يقرأ صورة الفيل و أدخل في الآية أنواع سلاح و عدة ),,,,,,,
3720,المذيع : لما نزلت صورة الفيل كان في أم - سكستين ? مش تحكولي بلال كان معاه مسدس بلجيكي ? إيهود باراك كان في أحد ? و صواريخ أم - 75 في الخندق كاينه ? يعني فيلم الرسالة كلو تخوت ? عزيزي راجل : سووو كيوووووت,,,,,,,
3721,يظهر فيديو آخر من اليوتيوب ( فيديو هل سيتم حل السلطة الفلسطينية ? أبو مازن يتحدث ),,,,,,,
3722,"المذيع ( عند كلمة خطير جدا ) : يا ساتر ! ولعت ولا صوت ! إحنا مالناش دخل ! ( و عند كلمة وين رايحين ? ) العوجا , أبو ديس , آخر راكبين على دورا ! ( و عند كلمة إحنا سلطة و مش سلطة ) : بقدر أستعين بصديق ? !",,,,,,,
3723,"( عند كلمة إحنا بنصرف فلوس ) : يحاول المذيع أن يقول شيئا فتنقطع الكهرباء عن الاستوديو",,,,,,,
3724,( ظلام ) صوت المخرج : كااات لو سمحتوا خليكم زي ما انتو !,,,,,,,
3725,"المذيع : شو القصة ? مش مبارح شحنتو الكهرباء ب 100 شيقل ? ! شو هل التلفزيون الفارط ? !",,,,,,,
3726,صوت المخرج : يا عمي الأمانات مرفوعة !,,,,,,,
3727,المذيع : معناته من الشركة !,,,,,,,
3728,( تعود الإنارة إلى الاستوديو ),,,,,,,
3729,"( رجوع إلى مقطع فيديو أبو مازن , إحنا بنصرف فلوس )",,,,,,,
3730,المذيع : شو في ورانا ?,,,,,,,
3731,"( تنقطع الكهرباء مرة أخرى )",,,,,,,
3732,"المذيع : ينعن عرض الكهرباء",,,,,,,
3733,صوت المخرج : يا عمي مش من عنا ! هاي من الشركة !,,,,,,,
3734,المذيع : منيح إنو إحنا مش لايف ! كان انفضحنا ! شغلوا الجنريتر !,,,,,,,
3735,صوت المخرج : ليش شايفنا أم بي سي ? بنقولك شاحنين الكرت ب 100 شيقل بتقولي جينريتر ? !,,,,,,,
3736,"( تعود الكهرباء , و نعود إلى نفس المقطع )",,,,,,,
3737,المذيع : شو ورانا ?,,,,,,,
3738,صوت تماس كهربائي و كأن الاستوديو انفجر,,,,,,,
3739,الجمهور يصرخ و يهرب,,,,,,,
3740,المذيع : خلص نط عن هذا المقطع ! انحرق بنطلوني ! فانيلتي فحمت !,,,,,,,
3741,( فاصل زمني : مانشتات جرائد في عناوين مختلفة تقول :,,,,,,,
3742,"تم استدعاء مقدم برنامج البرنامج من فلسطين بسبب إطالة اللسان و قذف المقامات العليا",,,,,,,
3743,النيابة العامة تحقق في قضية برنامج البرنامج لخروجه عن الصف الوطني,,,,,,,
3744,نقابة المهندسين تشجب برنامج البرنامج,,,,,,,
3745,حماية المستهلك تطالب بمحاكمة المذيع,,,,,,,
3746,تفاصيل هروب مقدم برنامج البرنامج,,,,,,,
3747,وفاة أحد معدي برنامج البرنامج في حادث سير مروع,,,,,,,
3748,زوجة مقدم برنامج البرنامج ترفع عليه قضية خلع لتزاوجه حدود الأخلاق و التربيةة,,,,,,,
3749,فيديو يكشف تعاون مقدم برنامج البرنامج مع الاحتلال ! طلع جاسوس !,,,,,,,
3750,شاهد الفيديو قبل أن يتم رفعه عن اليوتيوب : مقدم برنامج البرنامج في مشاهد خلاعة ( فوق 18 سنة ),,,,,,,
3751,( تنتقل الكاميرا إلى الاستوديو ),,,,,,,
3752,( نرى المذيع في حالة ذهول من العناوين التي ظهرت ),,,,,,,
3753,"( يظهر بجانبه فيديوهات مسجلة و مصورة للقاءات مع المواطنين حول الموضوع )",,,,,,,
3754,"( لقاء واحد : مع شيخ )",,,,,,,
3755,الشيخ : يجب رجمه ! إذا مش رجم عل الأقل ثمانين جلدة !,,,,,,,
3756,"( لقاء اثنان : مع حجة )",,,,,,,
3757,"الحجة : هذا سافل و وقح و قليل حيااا , و إذا بحسب إحنا ما بنفهم ع كلامة المبطن لأ بنفهم ! هذا البرنامج عيب ينحط عل الساعة تمنية , هذا البرنامج بنحط بعد الساعة 12 في الليل , بس أبقى مطمنة إنو الأولاد نايمين ! الحج زمان أعطاك عمره !",,,,,,,
3758,"( لقاء ثلاث : مع مسؤول )",,,,,,,
3759,"صوت يسأل : أخ أبو عوض , هل يوجد في الدستور و القانون مادة تتعلق بإطالة اللسان و قذف مقامات عليا ? و شو بالزبط المقصود بالمقامات العليا ?",,,,,,,
3760,"المسؤول : أنو دستور ? ليه هو في عنا تشريعي ? ما إلو 8 سنين نايم ? بعدين في ولا مافش , ينطم و يحط لسانه في فمه و يخرس ! إحنا في عنا قضية أعمق , إللي هي قضية الإحتلال !",,,,,,,
3761,"( لقاء أربعة : مع مواطن )",,,,,,,
3762,"المواطن : إحنا اللي علمنا الوطن العربي شو يعني ديمقراطية و تعدد آراء ! إحنا أول ناس كنا نحكي من قبل الربيع العربي ! ما حدش يتفلسف عل الزلمة !",,,,,,,
3763,( الكاميرا على وجه المذيع و المذيع يضحك ),,,,,,,
3764,"ما كنش حد يحكي غيرنا , هلأ صرنا نمشي عكس إعكاس ?",,,,,,,
3765,( نرى كف على رقبة المواطن ),,,,,,,
3766,مالك يا زلمة ? مممممم ما حكناش إيشي !,,,,,,,
3767,"( حلقة جديدة من برنامج البرنامج , يدخل المذيع على موسيقى البرنامج , و بطاقة عالية )",,,,,,,
3768,"المذيع : مساء الخير و أهلا و سهلا فيكم في موسم جديد من برنامج البرنامج في فلسطين",,,,,,,
3769,"( تفتح الكاميرا للجمهور , نرى الجميع في ملابس شرطة و جيش , و يصفقون له )",,,,,,,
3770,"المذيع : نوجه تحية لكل الألوية و العمداء و ضباط الصف و المساعدين و الملازمين !",,,,,,,
3771,( يبدأ المذيع بسرد نكت عن المحششين و الأموات ),,,,,,,
3772,( الجمهور و الشرطة يضحكون و يصفقون بقوة ),,,,,,,
3773,( المذيع يسحب نفس أرجيلة و يعطي نظرة إلى الكاميرا ),,,,,,,
3774,بنزين,,,,,,,
3775,مشهد الكازية,,,,,,,
3776,عامل في كازية يخاطب مجموعة من الناس ( يفضل الكل حامل غلن بنزين ),,,,,,,
3777,"العامل : ما فيش بنزين ولا سولار للسيارات ولا للماتورات , البنزين والسولار بس لطلاب التوجيهي عشان يشغلوا الماتور ويدرسوا , اللي مش توجيهي الله معاه",,,,,,,
3778,يدخل الطالب,,,,,,,
3779,الطالب : عبيلي,,,,,,,
3780,العامل : انت توجيهي,,,,,,,
3781,الطالب : اه,,,,,,,
3782,العامل : علمي ولا ادبي ولا تجاري ?,,,,,,,
3783,الطالب : ادبي,,,,,,,
3784,العامل : اشوف بطاقة الجلوس ورقم المقعد ( الطالب يعطيه البطاقة ),,,,,,,
3785,"العامل : استنى بدي احكي مع مدير المدرسة اتأكد , لانو صورتك مش واضحة ( يتصل ) الو ابو خالد عندك طالب توجيهي اسمو محمد سمعان شعراتو سبايكي ? شاطر في المدرسة , ساقط 3 امتحانات لهلقيت , ماشي سلام",,,,,,,
3786,( يعبئ له الغلن . . . . . تدخل عجوز حاملة غلن وبطاقة ),,,,,,,
3787,العجوز : السلام عليكم يما,,,,,,,
3788,العامل : فش بنزين يا حجة ولا سولار الله يسهل عليكي,,,,,,,
3789,العجوز : بتتخوت ? مش بتعطوا تبعين التوجيهي,,,,,,,
3790,العامل : اه بس لطلاب التوجيهي,,,,,,,
3791,العجوز : ما انا توجيهي,,,,,,,
3792,العامل : بتتخوتي,,,,,,,
3793,"العجوز : ولا انت اللي بتتخوت , هو التعليم الو سن , حرة انا بدي اقدم توجيهي ع 80 سنة , وهي بطاقتي",,,,,,,
3794,"العامل : حجة بتتخوتي , هذي بطاقة توجيهي سنة 52 زمن الانتداب البريطاني",,,,,,,
3795,"العجوز : وشو خص , مش المهم بطاقة مدرسة وانتو طلبتوا البطاقة . . هيها",,,,,,,
3796,"العامل : يا حجة توجيهي 2013 مش 52 , من مرة دجيبيلي شهادة المترك",,,,,,,
3797,العجوز : هلقيت يا بومة انت ضد تعليم المرا,,,,,,,
3798,العامل : هلقيت يا حرباية شو دخل البنوين في المرأة,,,,,,,
3799,العجوز : انا عارفة اشكالك بدها تقمع النسوان وضد تعليم وحرية المرأة,,,,,,,
3800,"العامل : مالك يا حجة انهبلتي , بدك تسويلي فيها نوال السعداوين روحي",,,,,,,
3801,العجوز : مش عيب عليك تتحرش في وحدة قد امك,,,,,,,
3802,"العامل : هذي رسمي مشطوبة , هلقيت بدير عليك غلن بنزين وبحرقكي , روحي من هانا",,,,,,,
3803,العجوز لا يعجبها وتذهب,,,,,,,
3804,مشهد معرض الحمير,,,,,,,
3805,مزرعة حمير,,,,,,,
3806,بياع + مشتري + سيارة فخمة @@Lاط@@BMW تصف جانب الحمير,,,,,,,
3807,"البياع : حمير جانط عريض , فتحة في السقف , ماتور 2800 , حمار الماني فل اوبشن صفر كيلومتر",,,,,,,
3808,يدخل المشتري,,,,,,,
3809,"المشتري : ع العافية , بدنا حمار هيك مرتب مزوق زيك",,,,,,,
3810,"البياع : موجود , بدك اياه سبور بتبين لشمات الهوا ولا فاميلي حمار كبير",,,,,,,
3811,المشتري : لا فاميلي,,,,,,,
3812,"البياع : موجود , فتحة في السقف ولا عادي",,,,,,,
3813,المشتري : والله يا ريت فتحة في السقف,,,,,,,
3814,"البياع : عندك هذا الماني وصلنا ميارح صفر كم وقطعوا متوفرة , اذا بدك تغير كلاوي , كبد , دينين , خصاوي كل قطعوا متوفرة",,,,,,,
3815,"المشتري : ممتاز , قديش بسوا ?",,,,,,,
3816,"البياع : هذا عشانك وللامانة ما انا ربحان في اشي , بس انا خلص حبيتك , الك بحسبوا 120.000 دينار",,,,,,,
3817,"المشتري : هذا عشاني وعشان حبيتني , ول شو الدعوة يا زلمة 120.000 دينار",,,,,,,
3818,"البياع : ما انت يا خوي طالب فل اوبشن , اذا بدكاش خود @@Lاط@@BM 100 ليرة بس لاقيلها بنزين وامن ورخص",,,,,,,
3819,المشتري : لا انساني لا @@Lاط@@BM ولا غيروا انا قلتلك بدي حمار مرتب زيك يسلكني,,,,,,,
3820,البياع : من الاخر قديش مصرياتك,,,,,,,
3821,المشتري : انا ناوي اخذوا تقسيط ع البنك,,,,,,,
3822,"البياع : لا بنك ولا شيكات ولا غيروا انا معروف بالسوق بس كاش , يلا انصرف . . . لا بدي اعطيك حمار مرتب زي ولا غيروا",,,,,,,
3823,يطرده,,,,,,,
3824,مشهد 3,,,,,,,
3825,"شاب في سيارته القديمة , الشاب يحاول تشغيل السيارة ولكنها لا تعمل لعدم وجود البنزين فيها ( معه قنينة ويسكي )",,,,,,,
3826,"الشاب : حطيتلك مي ما اشتغلتيش , حطيتلك زيت زتون ما اشتغلتيش , حطيتلك حليب بودرة ما اشتغلتيش , هلا بدي افرجيكي شو بدي احطلك",,,,,,,
3827,"يدير قنينة الويسكي في تنك البنزين , تشتغل السيارة لوحدها وتنطلق بسرعة صاروخية , نرى السيارة بعدة شوارع تتمايل يمينا ويسارا وتدور حول نفسها , تقف ثم تنطلق ,",,,,,,,
3828,الشاب : ( يحاول ان يوقفها ) حدا يوقفها . . . السيارة سكرت . . . . اتصلوا في الدفاع المدني . . . فنجان سادة خليها تصحصح يا شباب,,,,,,,
3829,"( يدير عليها ماء بارد ) سميرة صحصحي . . . . مسكتي راس , طلع راسك خفيف",,,,,,,
3830,مشهد 4,,,,,,,
3831,شاب وفتاه في سيارة متوقفة ولكن السيارة تهز,,,,,,,
3832,"الفتاة : سواقتك كتير ناعمةبحسش فيها الواحد , وعلى المطبات اجرك خفيفة وعلى البنزين اجرك خفيفة كتير الواحد بحسش انو بسيارة . . . خلص دخت من كتر اللف في الشوارع , خسارة ع البنوين يا زلمة",,,,,,,
3833,"الشاب : انا بسوق ومن عمري 9 اشهر , بديت اسوق وانا في الكوت , حبيبتي السواقة اذا بدك تتعلميها لازم تتعلميها وانت صغيرة ما بزبط . . . . بعدين خلينا ننبسط يا شيخة يلعن ابو البنزينات , حطي الحزام بدي اشد",,,,,,,
3834,الفتاة : بالله ما تسرع,,,,,,,
3835,الشاب : بس عشان صرنا في الخط السريع لازم اشد ( يخرج رأسه من الشباك نشاهد 3 شباب تهز بالسيارة ) شدو يا شباب يدنا نسرع,,,,,,,
3836,الفتاة : خليهم يخففوا في شرطة,,,,,,,
3837,الشاب : شرطة شرطة يا جماعة خففوا خففوا الرادار مسكنا,,,,,,,
3838,يهربون جميعهم من السيارة,,,,,,,
3839,تخاريف,,,,,,,
3840,"المشهد الاول : في مقهى شباب , مجموعة من الشباب تلعب شطرنج وشدة وطاولة زهر . شاشة تلفزيون مفتوحة على محطة دينية .",,,,,,,
3841,شاب : ( الى صاحب المقهى ) يا زلمة غير حطلنا على تشلسي وميلان,,,,,,,
3842,صاحب المقهى : استنى شوية سيدنا الشيخ بحكي كلام مهم ( يعلي صوت التلفاز ),,,,,,,
3843,نشاهد على الشاشة مقطع فيديو الشيخ احمد نقيب : لعب الشطرنج كبيرة من الكبائر ولا اساس للقول بانه يحفز العقل,,,,,,,
3844,نعود الى المقهى : صمت,,,,,,,
3845,"يخرج شخص 1 بهدوء",,,,,,,
3846,شخص 2 : استغفر الله العظيم الي سنتين برتكب معاصي وانا معيش خبر,,,,,,,
3847,تبدأ بقية الشباب بالانسحاب من المقهى,,,,,,,
3848,"صاحب المقهى : وين يا شباب لسى 5 دقائق ببدأ تشلسي وميلان , وين يا شباب",,,,,,,
3849,لا أحد يجيب . . . نرى المقهى فارغ,,,,,,,
3850,"صاحب المقهى : انا اللي جبتوا لحالي , لبست حالي خازوق مرتب , عاد انا والله الي سنة مش حاطط على هالمحطة . . . الله يسامحك يا سيدنا الشيخ , قطعت رزقي .",,,,,,,
3851,"نرى صبي المقهى يذهب الى التلفاز ويعلي الصوت , يخرج فيديو : الشيخ اسحق الحويني : حكم لعب الطاولة والشطرنج",,,,,,,
3852,صبي القهوة وصاحب المقهى يشاهدون الفيديو بتركيز عالي ( مبلمين في التلفاز ),,,,,,,
3853,صبي القهوة : معلمي انا خلصت شغل,,,,,,,
3854,صاحب المقهى : وين خلصت لسى النهار بأوله,,,,,,,
3855,صبي القهوة : لا انا خلص بطلت اشتغل,,,,,,,
3856,صاحب المقهى : الله يسهل عليك,,,,,,,
3857,"المشهد الثاني : نشاهد فيديو الشيخ المغربي سعيد الكملي : الشيطان يضرط عند سماع الاذان واليك الفرق بين الضراط والفساء",,,,,,,
3858,بعد المقطع نشاهد مشهد تمثيلي شبيه جدا بمشهد مدرسة المشاغبين بين سعيد صالح والمعلمة,,,,,,,
3859,"عماد : منطق اللي بحكيه ولا مش منطق ? فهمتي الفرق بين الفسو والضرطة يا متعلمة يا تاعت المدارس يا تاعت الماجستير , عرفت انو في ضرط بصوت وضرت بدون صوت ? شو بتعرفي عن الفساء يا متعلمة . مقنع كلامو ولا مش مقنع , جاوبي",,,,,,,
3860,"منال : مقنع , مقنع جدا",,,,,,,
3861,عماد : انا اصلا بعرف كل انواع الضراط بس مدكن .,,,,,,,
3862,المشهد الثالث : نشاهد فيديو الداعية رضوى ام معاذ : لا يجوز للزوجة مغادرة منزل الزوجية لان زوجها قد يحتاج نكاحها,,,,,,,
3863,نرى مشهد تمثيلي :,,,,,,,
3864,الزوج في المنزل,,,,,,,
3865,"الزوج : ( على الهاتف ) الو , وينك ? تعالي جراي , جراي تعالي , اجري , تطلعيش بالتاكسي ارجعي ع الدار",,,,,,,
3866,نشاهد الزوجة في الشارع تركض,,,,,,,
3867,نرى الزوجة داخل البيت مفزوعة,,,,,,,
3868,الزوجة : ولك مالك شو في ? هبطت قلبي شو في ?,,,,,,,
3869,الزوج : فوتي جوا ع الغرفة,,,,,,,
3870,الزوجة : الولد مالو اشي ?,,,,,,,
3871,"الزوج : انا اللي مالي اشي , فوتي فوتي",,,,,,,
3872,"تدخل الزوجة على الغرفة مفزوعة . الزوج يأكل عسل وجرجير او حبة زرقاء",,,,,,,
3873,نسمع صوت الزوجة من داخل الغرفة,,,,,,,
3874,الزوجة : ولك مالك الولد نايم شو في رجعتني ? ما انت عارف عندي موعد مع د . الاسنان,,,,,,,
3875,يدخل الزوج الغرفة ويغلق الباب نسمع صوتهم من خلف الباب,,,,,,,
3876,الزوج : يلا فش وقت,,,,,,,
3877,"الزوجة : مش وقتو , هلقيت فطنت حالك لما جيت اروح ع الدكتور ?",,,,,,,
3878,"الرجل : ما الاشي أجا فجأة هو بإيدي , يلا يلا نبلش",,,,,,,
3879,"الزوجة : طب حل عني , سناني بتوجعني",,,,,,,
3880,الزوج : سنانك بتوجعك ليش احنا بدنا نكسر لوز,,,,,,,
3881,الزوجة : طب اطاع من راسي واطلع من الغرفة,,,,,,,
3882,"الزوج : اطلعي انت من راسي , في عقد بيني وبينك ودافع مصاري وانت ماضية عليه , 4 الاف دينار مهر دافع انا , بدي اطلع مصرياتي . ومين قالك اصلا تطلعي من الدار انت لاوم تكوني 24 ساعة جاهزة , هي الشغلة بايدي هذي بتيجي فجأة",,,,,,,
3883,"الزوجة : طب خلص اسكت , زي ما بدك",,,,,,,
3884,"الزوج : خلص طلعت من المود خليها للضهر , بس انشاءالله الاقيكي رايحة تشتري خضرة , انا يمكن الساعة 12 - 12 : 30 تجيني الحالة .",,,,,,,
3885,الزوجة : تجيك موجة يا رب,,,,,,,
3886,المشهد الرابع :,,,,,,,
3887,نشاهد فيديو الشيخ على الكردي : تحرير بيت المقدس عند أهل غزة امر مفروغ منه,,,,,,,
3888,مشهد تمثيلي :,,,,,,,
3889,4 رجال يلبسون دشاديش قصيرة ولديه لحى . خارطة اسبانيا معلقة على الحائط,,,,,,,
3890,"شخص 1 : الدخول الى غرناطة بدو يبدأ من مدريد , الطيران بفاجئهم من جهة صالون اليخاندرا للسيدات , بقصف كل المطارات الحربية وبنفس الوقت بتكون كتيبة المشاة غزتع برشلونة من جهة دكان فرناندو خوان للاعشاب الطبية . مهمتها تدمير كل المضادات الارضية والاسلحة الجرثومية . بس المشكلة عنا عدد كبير من قواتنا المشاة في القدس ( يسأل شخص 2 ) قديش بدكوا تتخلصوا من موضوع القدس طولتوا الكوا 4 ايام",,,,,,,
3891,"شخص 2 : انشاءااله اليوم المسا بكون كلشي جاهز",,,,,,,
3892,"شخص 1 : بارك الله فيكم , عشان يا اخوان بعد الاندلس بدنا نضل ساحبين على امريكا والصين , والله الصين بدها شغل كبيرة بدها شغل كتير , بدها ساعتين زمن",,,,,,,
3893,المجموعة : توكلنا على الله,,,,,,,
3894,المشهد الخامس :,,,,,,,
3895,"نشاهد فيديو يتحدث عن انواع وطرق ضرب النساء",,,,,,,
3896,مشهد تمثيلي :,,,,,,,
3897,"في الاستوديو , مدرب كاراتيه لابس بدلة كاراتيه وحزام اسود , فتاة متطوعة يشرح لها حركات ضرب النساء دون ان تظهر على اجسادهن",,,,,,,
3898,مشهد ضرب الفتاة,,,,,,,
3899,المدرب : التتسي اوكي - الففسي اوكي - كوكاتس اوكي - كبسة اوكي ( على الدان ) نزيف داخلي فش اشي ببين من برا,,,,,,,
3900,ضربات الرجلين - ركبة اوكي - هذي خطرة لانو بتندفها بتكسر الحوض - احسن روح للكعب اوكي - بس قرض بتندفها على عصب الرجل بكسرش بس بشل العصب شلل اسبوع وهي تتوجع,,,,,,,
3901,بعد عملية شرح الضرب نرى الفتاة مكسرة ونازل دمها ووجهها ازرق,,,,,,,
3902,"الفتاة : ملعون ابو اهلها الي بدها تتجوز لا ففسي اوكي ولا تتسي اوكي فسي زوزي من اصلو , يا محلا العزوبية وقعدة الدار خطيتكوا في رقبتي , الكبس اوكي ( تصنع الحركة الدان ) بتخليكي تسوفي نجوم الضهر , يما ما اصعب الكعب اوكي . . . . . . الخ",,,,,,,
3903,تركي,,,,,,,
3904,المشهد الأول :,,,,,,,
3905,"( عائلة عربية تجلس في الصالون و تشاهد مسلسل تركي , الأم و بناتها الثلاث , الزوج يدخل إلى الصالة )",,,,,,,
3906,الزوج : صباح الخير,,,,,,,
3907,( الجميع يهز رأسه ),,,,,,,
3908,( يذهب الزوج إلى المطبخ و يصنع لنفسه فنجان قهوة ),,,,,,,
3909,الزوج : بدك السيارة اليوم ?,,,,,,,
3910,( الزوجة تهز رأسها بلا ),,,,,,,
3911,الزوج : أفطرتوا يابا ?,,,,,,,
3912,( الأطفال يهزون رأسهم بنعم ),,,,,,,
3913,"الزوج : أنا كمان شوي طالع , بدكم إيشي ?",,,,,,,
3914,فتاة : أااي خلص !,,,,,,,
3915,الزوج : ماشي ! أنا طالع !,,,,,,,
3916,( الزوج يخرج ),,,,,,,
3917,المشهد الثاني :,,,,,,,
3918,"( الزوج في سيارته , يدير الراديو , و تخرج أغنية تركية لابراهيم تاتلاس , يغلق الراديو )",,,,,,,
3919,المشهد الثالث :,,,,,,,
3920,"( في المنزل ما زالت الأم و بناتها على التلفزيون , ما زالو يشاهدون المسلسلات التركية )",,,,,,,
3921,الأم : يكسرها ! تركت زوجها اللي مثل الوردة و طلعت مع حدا !,,,,,,,
3922,فتاة 1 : لو مصطفى بيعرف لينجن !,,,,,,,
3923,فتاة 2 : أي خلص !,,,,,,,
3924,المشهد الرابع :,,,,,,,
3925,"( نرى الزوج في محل للملابس , يقيس ملابس )",,,,,,,
3926,"البائع : للأمانة , عليك بجنن , خاصة هاي بدها واحد طويل , البضاعة التركية بتيجي عل الواحد لابسيته لبس ! هذا نفس الجكيت اللي لابسه كريم التركي ! من نفس الشركة !",,,,,,,
3927,الزوج : بديش تركي ! في إيشي تاني ?,,,,,,,
3928,"البائع : طبعا موجود , شوف هل الجكيت هاد !",,,,,,,
3929,الزوج : هذا تركي ?,,,,,,,
3930,البائع : لأ هذا مش تركي ! هذا من اسطنبول !,,,,,,,
3931,الزوج : بتنكت يعني ? ! يييي ما أخف دمك !,,,,,,,
3932,المشهد الخامس :,,,,,,,
3933,"( الزوج يدخل المنزل , ما زال مشهد الأم و بناتها على حاله )",,,,,,,
3934,"الزوج : مساء الخير",,,,,,,
3935,( لا أحد يجيب ),,,,,,,
3936,الزوج : أنا روحت من الشغل !,,,,,,,
3937,( لا أحد يجيب ),,,,,,,
3938,( الزوج يدخل على المطبخ و يسلق بيضتين ),,,,,,,
3939,المشهد السادس :,,,,,,,
3940,"( الزوج في ملابس النوم , يشاهد التلفاز , نسمع صوت الأم في المطبخ )",,,,,,,
3941,الأم : يللا خلص إنتي و إياها ! ما تمتمطوش في الأكل ! معنا ربع ساعة بس !,,,,,,,
3942,"( يرن جرس المنزل , يدخل الجار و زوجته )",,,,,,,
3943,"الزوج : أهلا و سهلا , أهلين أبو يوسف , أهلين مدام",,,,,,,
3944,"ينادي الزوج : شيرين , أجوو دار أبو يوسف !",,,,,,,
3945,"صوت الزوجة : يييي , وقتهم هلأ !",,,,,,,
3946,صوت فتاة : شو جابهم هدول !,,,,,,,
3947,"الزوج : هههه , محلا شعرك يا مدام , تفضلوو تفضلووو",,,,,,,
3948,( تدخل الزوجة ),,,,,,,
3949,"الزوجة : يا ميت أهلا و سهلا , شرفتونا , نورتونا",,,,,,,
3950,الجار للزوج : كيف هل الأشغال ?,,,,,,,
3951,الزوج : أني أشغال ? و الله ع حطت إيدك ! إضربني في الحيط برن !,,,,,,,
3952,"الجار : يللا , بعين الله !",,,,,,,
3953,( تدخل البنات ),,,,,,,
3954,فتاة : صارت تسعة !,,,,,,,
3955,الزوجة : جييتكم نستنى حالنا ! حدا بيجي في هيك وقت !,,,,,,,
3956,الجارة : ما خف دم مرتك !,,,,,,,
3957,"الزوج : اه , بتحب تمزح",,,,,,,
3958,"( نسمع صوت مسلسل تركي , و الجميع يشاهد , بما فيهم الجار و الجارة ! )",,,,,,,
3959,"الزوج للجار : سامحني يا جار , أنا عارف , طولت عليك في الدينة , بس ما إنتا شايف ! إن شاء الله آخر الشهر بسلكك بخمسة ستة دولار !",,,,,,,
3960,"الجار : يا زلمة أني دينة ? أنا مش جاي عشان هاد الموضوع ! الستالايت عنا ضرب , و جايين نحضر الحلقة !",,,,,,,
3961,الزوج : شو بتحبو تشربوا ? نعمل شاي بالنعنع ?,,,,,,,
3962,الجارة : يييييي خلص,,,,,,,
3963,الزوج : طيب أنا بدي أروح أنام !,,,,,,,
3964,المشهد السابع,,,,,,,
3965,"( نفس المنزل و لكن بترتيب أكبر , مع شمع و نبيذ )",,,,,,,
3966,( الأم و الفتيات يلبسون على الموضة كالمسلسلات التركية ),,,,,,,
3967,"( صورة أتاتورك معلقة على حائط الصالون , و علم تركي , الأم جالسة و تقرأ بمجلة )",,,,,,,
3968,( الممثلون يتحدثون بالعربية و التركية ),,,,,,,
3969,"الزوج يدخل و يلبس ملابس مرتبة جدا , و يضع سنسال )",,,,,,,
3970,"الزوج : مساء الخير شيرين خانوو !",,,,,,,
3971,الزوجة : أهلين حبيبي !,,,,,,,
3972,الزوج : إذا البنات جاهزين فينا نتحرك للمطعم !,,,,,,,
3973,"الزوجة : آي حبيبي , كلشي تمام !",,,,,,,
3974,"الزوج : بدي فووت بدل تيابي , خمس دئايء و بنطلع !",,,,,,,
3975,"( يدخل الزوج , يرن جرس البيت , الزوجة تفتح الباب , لا أحد , تجد ظرف على الأرض )",,,,,,,
3976,( موسيقى تصويرية ),,,,,,,
3977,"( تفتح المغلف , ترى صورة زوجها مع فتاة أخرى )",,,,,,,
3978,( موسيقى تصويرية ),,,,,,,
3979,( يدخل الزوج يزرر قميصه ),,,,,,,
3980,الزوج : مين عل الباب ?,,,,,,,
3981,"( الزوجة تنظر إليه عميقا , و تعطيه الصورة , يرى الصورة , موسيقى تصويرية , ينهار )",,,,,,,
3982,الزوجة : يا خاين يا غدار ! و مع مين ? مع هدى خانوم ? أعز رفيقة لإلي ? الخاينة الغدارة !,,,,,,,
3983,"الزوج : شيرين خانوم , بلاش البنات تسمع !",,,,,,,
3984,"الزوجة : اسكت لا تحكي ولا كلمة , من إيمتى هل الحكي ?",,,,,,,
3985,الزوج : من زمان,,,,,,,
3986,الزوجة : قديش زمان ?,,,,,,,
3987,الزوج : من تمن سنين,,,,,,,
3988,الزوجة : لا تقولي شفيق ابنها بكون ابنك !,,,,,,,
3989,الزوج : ايييه ابني !,,,,,,,
3990,"الزوجة : و أنا بقول كيف طالع بشبهك هل القد ! العمى ! و أنا بقول الخالق الناطق إنت ! إنت لازم تتركني , أنا ما بقدر أكون مع واحد خاين !",,,,,,,
3991,( الزوج يخرج صورة من جاكيته ),,,,,,,
3992,الزوج : هدي صورة مين ? إحكي يا شيرين خانووم ? مش هاي صورتك مع مصطفى الشوفير تبعي ?,,,,,,,
3993,"( موسيقى تصويرية , صمت )",,,,,,,
3994,الزوجة : أنا بحبو لمصطفى !,,,,,,,
3995,الزوج : من إيمتى هل الحكي ?,,,,,,,
3996,"الزوجة : من زمان , من عشر سنين !",,,,,,,
3997,الزوج : مريم بنتنا بنت مين ?,,,,,,,
3998,الزوجة : بنتو لمصطفى !,,,,,,,
3999,الزوج : و أنا بقول قديش بتشبهوو ! الخالق الناطق هووو ! و سونيا بنتنا بنت مين ?,,,,,,,
4000,الزوجة : مو متأكدة !,,,,,,,
4001,الزوج : و تالا بنت مين ? اه يا شيرين خانوم ?,,,,,,,
4002,الزوجة : تالا بنتك فارس بيك !,,,,,,,
4003,"الزوج : ايييييه , طمنتيني ! المليح اللي طلعلي إيشي !",,,,,,,
4004,الزوجة : بس اللي في بطني مش الك !,,,,,,,
4005,الزوج : شوووووو ? ابن مين ?,,,,,,,
4006,الزوجة : ابن شاهر الخضرجي ?,,,,,,,
4007,الزوج : شووووووو ? كمان ملحقة ع ابن شاهر الخضرجي ? هذا انت فرد 12 راكب !,,,,,,,
4008,"( يغضب الزوج و يخرج مسدس , موسيقى تصويرية )",,,,,,,
4009,( تدخل الفتاة 1 ),,,,,,,
4010,"الفتاة : بابا , بترجاك خلص ! مش مهم إحنا بنات مين ! المهم نعيش بسعادة !",,,,,,,
4011,"( يبدأون في البكاء , و يحضنون بعضهم البعض )",,,,,,,
4012,( تدخل فتاة 2 ),,,,,,,
4013,"الفتاة : بابا , ماما , تالا مش في الأوضة !",,,,,,,
4014,الزوجة تنظر للكاميرا و تصرخ : أين ابنتي ?,,,,,,,
4015,ستاند اب كوميدي,,,,,,,
4016,"عماد : الكل بنصح ادا بدك تتجوز اتجوز خليليه , في الطبيخ معلمات وحلوات ياعمي",,,,,,,
4017,انت من وين ? من رام الله,,,,,,,
4018,من رام الله رام الله,,,,,,,
4019,رام الله عمي رام الله,,,,,,,
4020,من نفس رام الله ?,,,,,,,
4021,لا انا المزبوط عمي من نابلس,,,,,,,
4022,نابلس نابلس ?,,,,,,,
4023,من بلاطه . . . .,,,,,,,
4024,يعني 09 اعطينا تسع سنين نفكر,,,,,,,
4025,. . . . . . . . .,,,,,,,
4026,منال : من وين العريس ? من يطا ? ليش ياختي شايفيتني بايره .,,,,,,,
4027,"عماد : الله يرضا عليك ياما شفنالك عريس من اريحا , ليش قالولك عني بنفعش .",,,,,,,
4028,"عماد : ياعمي اللي بحب بدو يضحي . . . حبيتها للخليليه . . . . ياعمي انا بصراحه مش من بلاطه . . . انا من الداخل , 052 من وين يعني من الداخل ?",,,,,,,
4029,من حيفا . . . . . . بهائييييييييييي اعطينا 100 سنه نفكر,,,,,,,
4030,يازلمه انا من لبنان . . . . سني ولا شيعي ?,,,,,,,
4031,يلعن ابوه اللي بدو يتجوز بنتك اتجوز بسه احسنلي .,,,,,,,
4032,"منال : اول ماشتغلت سألوني من وين المزه ? من جنين , تايلنديه هههههههههههههههه",,,,,,,
4033,عماد : اسى قوليلي كيف هاللبسه ?,,,,,,,
4034,"منال : من فوق بسيدر , بس من تحت زي الضفاويه .",,,,,,,
4035,( منال تسأل عماد ),,,,,,,
4036,منال : من وين الاخ ?,,,,,,,
4037,"عماد : محسوبك نابلسي , وينو اخوكي الصغير ?",,,,,,,
4038,"عماد : الو معك الراحه هوتيل , في غرف ,80 غرفه موجود , من وين الجروب ? من الداخل ? خخخ حرامية المناشف .",,,,,,,
4039,"منال : صح الشاب مسلم , بس لا عنجد غير للامانه ادمي .",,,,,,,
4040,"عماد : صح البنت مسيجيه , بس للامانه محترمه اخلاقها ممتازه .",,,,,,,
4041,منال : يما اجاكي عريس من بيت ساحور . . . . . . شو ساحوري ? . . . . . اخرسي خودي ساحوري ولا تبوري .,,,,,,,
4042,"عماد : انا كتير ناس بتصدقش اني من رام الله , ليش انا مش بني ادم يعني ? . . . بشرف امي مولود وطول عمري عايش برام الله , صح انا اصلي بدوي من بير السبع من عرب الجهالين , بس انا بغطرش وبحكيش , عفى الله عما مضى ياجماعه , الانسان بغلط .",,,,,,,
4043,"بنزل ع الشارع بتجيلك صبيه جمل , مش انت تاع وطن ع وتر الطويل والاسمر وبمثل معك القصير الاصلع , ايوا انا , بدي اسئلك انت اصلك غزاوي , وحدي الله ياشيخه انا بدوي من بير السبع فخد العمارين مالك .",,,,,,,
4044,يافا . . . . غزة,,,,,,,
4045,هو : الو . . . سندس شو اخبارك ? قلت ما بتسأليش اسال انا,,,,,,,
4046,هي : مين معي,,,,,,,
4047,"هو : عاطف من غزة , ماكي ?",,,,,,,
4048,"هي : اهلا يا غيفر , وين هالغيبة عاش مين سمع صوتك , ما شلوم خا ?",,,,,,,
4049,هو : عاطف عاطف,,,,,,,
4050,هي : ايوة ايوة,,,,,,,
4051,هو : شكلك مشغولة في صوت فوضى عندك,,,,,,,
4052,هي : لا لا انا في التاحاناة,,,,,,,
4053,هو : طب تتطلعي من الحمام بنحكي,,,,,,,
4054,"هي : بحكيلو تاحاناة بحكيلي حمام , يا زلمة في المحطة",,,,,,,
4055,هو : اه موقف الفوردات,,,,,,,
4056,"هي : هادي كيف اشرحلوا اياها الحمار , اه اه",,,,,,,
4057,"هو : انا والله في الحرب استحيت اتصل عليك , قلت هالقيت متوترة وخايفة ومش طايقة اشي اسمو غزاوي",,,,,,,
4058,"هي : لا بالعكس اتسلينا في الحرب نضل سهرانين للصبح , والله انا حاولت اطمن عليك , بس البلفون شيتك فش كليتا",,,,,,,
4059,هو : ما انا كنت لابد في النفق . . . اخباركي ?,,,,,,,
4060,هي : والله توف توف على كيف كيفك,,,,,,,
4061,"هو : شوفي انا بعرف وضعكوا في الداخل الله يعينكوا , مجبورين تندمجوا ما حدا بلومكوا . . . سؤالي صاحبتكي زاهافا ما طرقهاش صاروخ غراد",,,,,,,
4062,هي : لا زاهافا ممتازة اجاها عريش,,,,,,,
4063,هو : وين تعرفت عليه ?,,,,,,,
4064,"هي : في ماسورة المجاري وهم متخبيين وقت الحرب , 8 ايام هدول فترة كافيه",,,,,,,
4065,هو : بس ما تكونش علاقتكي فيها خربت عشان احنا فلسطينية,,,,,,,
4066,هي : زاهافا عندها الفلسطينية كوم والغزاوية كوم,,,,,,,
4067,"هو : تبقيش تروحي عليها كثير لانو الصاروخ احيانا ببقى صايبو حول بعرفش وين بنزل ومرات بدوخ من المسافة مش بايدنا احنا بنضرب الصاروخ وين ما يقع يقع . . . ولعلمكي نص الصواريخ اللي نزلت عليكوا من القبة الحديدية , احنا لما بنضرب صاروخ بطلقوا عليه من القبة 5 . . . . صاروخنا اخو الشلن بضل يتزروق يتزروق بينهم وبشرد , هم بدوخوا وبقعوا عليكوا وصاروخنا فوقهم . لدرجة شكينا انو الشباب اللي بتشتغل ع القبة الحديدية من حماس او الجهاد الاسلامي .",,,,,,,
4068,"بعد اول 3 صواريخ اتصل ابوي قالي يا ملعون ايو اهلك مش لاقين تضربوا الا الحارة اللي بشتغل فيها , غيروا الاحداثيات 10 سم ع القليلة . شو الاحداثيات عيب علي فاهم",,,,,,,
4069,هي : يا زلمة تفطنيش بهديك الايام متت مش عارفة وين اروح اتصل عليك قلت بدي اروح ع غزة أأمن اقعداي اسبوع زمن ع بال ما تخلص الحرب . . . أأمن,,,,,,,
4070,"هو : ول شو الدعوة اهلا وسهلا فيكي . . . واذا بتجيبي زاهافا معاكي احسن واحسن , بنروحلنا 2000 اسير",,,,,,,
4071,"هي : شو اوضاع الاوتيلات عندكوا في غزة , انا اذا باجي بحب انزل في اوتيل ع البحر",,,,,,,
4072,هو : الله يخليكي انا سمعتي زي الذهب في غزة وسمعتكوا في الاوتيلات زي الكندرة,,,,,,,
4073,"هي : لاما , ليش ?",,,,,,,
4074,"هو : حرامية المناشف زي الجراد , ولا علبة شامبو بضل في الاوتيل , في شرم الشيخ بموتوا منكو , في الصيف لما بسمعوا انو جروبات ال 48 وصلوا بصيروا يحكوا لبعض وصل الجراد وصل الجراد .",,,,,,,
4075,بدي احكي معك في موضوع جدي . . . . شور ايك تتجوزيني . ?,,,,,,,
4076,"هي : لاما حبيبي , ليش اني بايرة اتجوز غزاوي ? اوعك عمرك تفتح هالموضوع بسيدر تيشتوك تيشتوك",,,,,,,
4077,هو : ريغا شنيا ريغا شنيا,,,,,,,
4078,هي : عنجد الغزاوية بنعطوش عين طيب طيب بسيدر . . . انا هلا في التحاناة بدي اركب في الشيروت بحكيك بس اوصل ع البيت . . . يلا ليلا توف,,,,,,,
4079,"هو : لمات بدينا نحكي طراة صارت بدها تروح , ياء هذي زي الكهرباء لما يجي منظر الفيلم عند الذرو بتقطع . . . خلتنا وصلنا للمهم وقطعتنا . خليني اروح ع الشيروتيم اقعد مع حالي احسنلي",,,,,,,
4080,سيارة اوباما,,,,,,,
4081,كراج قديم ميكانيكي ومساعده,,,,,,,
4082,على صوت اغنية اضرب اضرب تل ابيب,,,,,,,
4083,يبدو الميكانيكي ومساعده يصلحون سياره قديمه,,,,,,,
4084,"الميكانيكي ( لمساعده داخل السياره ) : انقر , كمان نقره , انقر , انقر , كمان نقره , نقره صغيره , انقر , كمان نقره , انقر , انقر بدون بنزين , انقر مع بنزين , كمان نقره .",,,,,,,
4085,المشهد الثاني :,,,,,,,
4086,مشهد 3,,,,,,,
4087,فتاة جالسه وخلفها العلم الامريكي .,,,,,,,
4088,الفتاة : ( على الهاتف ),,,,,,,
4089,"ENGLISHTEXT ENGLISHTEXT , ENGLISHTEXT ENGLISHTEXT ENGLISHTEXT ENGLISHTEXT ENGLISHTEXT ENGLISHTEXT ENGLISHTEXT ENGLISHTEXT ENGLISHTEXT",,,,,,,
4090,جلال في الكراج,,,,,,,
4091,"جلال : النمره غلط يا اختي ( يغلق الهاتف ) كمان نقره , انقر , نقره على الخفبف",,,,,,,
4092,"الفتاة : ( تعاود الاتصال بلغه عربيه مكسره ) : نسيت انوا بحكيش انجليزي . . . . الو الهرامي جلال . . . . مرحبا جلال , احنا سألنا وقالولنا انت اشطر خرامي سيارات في البلد و أي قطعه بالموتور والبودي بتجيبها بنص ساعه .",,,,,,,
4093,جلال : شو نوع السياره ?,,,,,,,
4094,الفتاة : لاموزين,,,,,,,
4095,جلال : لاموزيخ ? لمين الاموزيخ ياختي ?,,,,,,,
4096,"الفتاة : لمستر اوباما السياره موجوده في تل ابيب ولازم يتحرك فيها على رام الله بكرا , بدل مايحط الشوفير فيها بنزين حط سولار",,,,,,,
4097,"جلال : ادا لا اوباما ببندق قطع , انا مبارح لسى دابح 3 سيارات غير المدفون , انتو بدكم اياني اطلع اكشف , ولا تجيبو السياره عندي ?",,,,,,,
4098,الفتاة : احنا بنوديلك اف بي اي بوخدك من ابو شخيدم وبحطك في تل ابيب .,,,,,,,
4099,"جلال : ادا بدكوا توخدوني كشفيه برا العياده , قصدي برا الكراج بطلع عليكوا غالي كثيرانا باخد 5 دولار على الساعه .",,,,,,,
4100,الفتاة : غالي كتير بس مضطرين ( تغلق الهاتف ),,,,,,,
4101,"جلال : ( للمساعد ) نقره صغيره , انقر",,,,,,,
4102,مشهد 4,,,,,,,
4103,3 جيبات ( سيارات فخمه ) محضره جلال في مهمه سريه . . . . يبدوا من احدى الجيبات ومن خلال الشباك جلال يحمل جاك سيارات وخائف من السرعه .,,,,,,,
4104,امام كراج سيارة اوباما,,,,,,,
4105,"( سجاده حمراء امام الكراج )",,,,,,,
4106,"يمشي جلال على السجاده الحمراء محاط بالحراس الامريكان وبوجود الفتاة من السفاره ويحمل جاك السيارات",,,,,,,
4107,على موسيقى السلام الوطني الامريكي,,,,,,,
4108,جلال : بطلت بديش .,,,,,,,
4109,منال : واي ? ليش ?,,,,,,,
4110,جلال : انا بمشيش على السلام الامريكي بدي السلام الوطني الفلسطيني .,,,,,,,
4111,منال : حطوله السلام الوطني الفلسطيني,,,,,,,
4112,"جلال : ون مينوت , مش بلادي بلادي , بدي فدائي فدائي حر انا .",,,,,,,
4113,الفتاة : الله يجيبك ياطولت الروح حطولوا فدائي .,,,,,,,
4114,"( يمشي جلال , على موسيقى فدائي , و اخر السجاده يوجد علمان فلسطيني وامريكي جلال يؤدي التحيه للعلم الفلسطيني )",,,,,,,
4115,داخل كراج سيارة اوباما منال خلف المقود,,,,,,,
4116,جلال : انقري اشوف,,,,,,,
4117,( منال يحاول تشغبل السياره ),,,,,,,
4118,"جلال : كمان نقره , انقري , كمان نقره , نقره على الخفيف , تنقرش غير لما اقلك انقر , انقر , كمان نقره .",,,,,,,
4119,منال : شو بدنا نقضيها نقر ? افتح الماطور وشوف شو فيها ?,,,,,,,
4120,جلال : سوري انا بشتغلش بايدي,,,,,,,
4121,الفتاة : وليش بتشتغلش بايدك,,,,,,,
4122,"جلال : انا عندي برستيج بس بكشف , الصبي تاعي اللي بفك .",,,,,,,
4123,منال : وليش ماجبتوا معك,,,,,,,
4124,جلال : انا عندي برستيج مابطلعوا معي بنفس الموكب .,,,,,,,
4125,منال : جيبولوا الصبي .,,,,,,,
4126,"( موكب السيارات نفسها تاتي مره اخرى محضره الطيطي , الطيطي معلقا في احدى الجيبات من الخلف )",,,,,,,
4127,مشهد 5,,,,,,,
4128,"جلال يضع سماعات طبيه على اذنه , والطيطي يضع مقدمة السماعه على قطع السياره )",,,,,,,
4129,"جلال : شوفلي البوجيات , بخاخ البنزين , ( الى منال ) اغلبك تنقرنقره .",,,,,,,
4130,منال : حاضر بنقرلك نقره .,,,,,,,
4131,"جلال : حطلي على الكرنك , انقري , حطلي على فلتر الزيت , انقري حطلي على البطاريات اتقري .",,,,,,,
4132,( جلال ينادي على منال ) لو سمحتوا اجتماع على جنب,,,,,,,
4133,الطيطي : بدي اجي معكم,,,,,,,
4134,جلال : خليك عند العده,,,,,,,
4135,الطيطي : بلاش تخوني,,,,,,,
4136,جلال : ليش انا جايب منك ولدين وبنت عشان اخونك .,,,,,,,
4137,جلال مع الفتاة على جنب,,,,,,,
4138,"جلال : شوفي ياسهام كلشي بالحياة قضاء وقدر والرب بعطي والرب بوخد الروح امانه والمولى طلب امانته , ومابنقدر نعترض على حكمه , عشان هيك ياختي انتي لكبيره وانتي اكثر وحده لازم تكوني شاده حيلك , وامك الحجه دانييلا مره كبيره المرض ميكلها عشان هيك انتي لازم تكوني في هيك مصيبه لازم تكوني ابو شنب في الدار , للاسف السياره وضعها صعب ويمكن اخر النهار تعطيها .",,,,,,,
4139,"منال : احيه الك ساعه بتقولي الرب اخد اخد والرب اعطا وبدي اياكي ام شنب , بتتهبل ? شو بدها السياره اعمللها",,,,,,,
4140,"جلال : بدها كرنك وراح تكلفكوا . . . . وبصراحه انتو جماعه فش عليكوا امان , روحنا على الامم المتحده وقفتوا عنا المساعدات سنه تخوزقنا . . . انا قبل ما امد ايدي وشتغل بدي اوك من لمعلم انوا الدفع كاش .",,,,,,,
4141,منال : انو معلم ?,,,,,,,
4142,جلال : معلم الجميع اوباما ابو سمرا .,,,,,,,
4143,"منال : انت انجنيت , اوباما يحكي معك يامشلف .",,,,,,,
4144,"جلال : براحتك بطلت العب , قصدي بطلت اصلح , طلعت لم العده .",,,,,,,
4145,طلعت : جاهزه سير .,,,,,,,
4146,جلال : لتس جو . . ( يمشون قليلا ),,,,,,,
4147,منال : تعال تعال مستر اوباما بدو يحكي معك . . .,,,,,,,
4148,جلال : ع العواف . . . وضع سيارتك زي اللي برجلي مكشنطه وبدها كاسكيت راس وكفات استيرنغ دايبه,,,,,,,
4149,طلعت : قولوا كرتونة البيض عنا نطت العشره دولار,,,,,,,
4150,جلال : متسرخش انا بعمل شغلي بس انت كمان اعمل شغلك . . . انظروا لبعيد هلا عندكم مصالح مشتركه مع اسرائيل لقدام ممكن تصير مصالحكم معنا . . . قلقان على سياره مكشنطه مش قلقان على شعب الو 65 سنه مكشنط تحت احتلال . . كنا مفكرين اللوبي الصهوني مسيطر على امريكا طلع مسيطر بس 2 في الميه,,,,,,,
4151,طلعت : قولوا كيلوا كبدة الجاج بدون لقلوب نطت الخمسه دولار,,,,,,,
4152,جلال : مالك الك علي يامين يا اوباما وبشرف اختك ماضايل سم في البلد الاستيطان اكلنا بدناش نضل نعيد في نفس الحكي اول ماجيت على الحكم اشبعتنا حكي صدقناك طلعت اسمر وكداب ليه صدقتك الحق عليا الحق الحق عليا والله الفضا محنا شايفينوا,,,,,,,
4153,طلعت : قولوا الكرشات لحالها بدون المعاليق نطتت العشرين دولار,,,,,,,
4154,جلال : انت اهبل بحكي مع اوباما وانت نازل تحكيلي معاليق وكبده وقوانص وخصاوي . . . يازلمه بحكي بامور امن دوله حمار انت ? مش انت اوباما بحكي لشغيلي . . . اسمع يا اوباما وحطها حلقه في منخارك . . . السلام الاقتصادي والشعب الفلسطيني ادا بنعطيه مصاري بتغنغ وبسكت . . . هادا الحكي بمشي على كم واحد . . . ادا الاسرى والقدس والاجئين والجدار الي ستحى هتلر يبني زيوا وال 67 منتهتش وشرفك ع الطيب لتقوم انتفاضه اتضلها الدهر كلوا شغاله . . . وانت شو دخلك في الانقسام اشي بينا حرين احنا احيانا بنحس كاكا واحيانا بنحس بيبي ويامتدخل بين الكناين مابنوبك غير الفيفي واللحمه مع العشره بتخاوي والرز مع الزهره بنكز والبينجان بلزك . . . والله يخليك وانت جاي بتزور قبر رمزنا الشهيد ابو عمار . . . شو بدكاش تزورو ?,,,,,,,
4155,( يغلق الهاتف ),,,,,,,
4156,لهان وستوب ابو عمار خط احمر . . . . طلعت لم العده,,,,,,,
4157,طلعت : حاضر سير,,,,,,,
4158,منال : مالك شو في,,,,,,,
4159,جلال : ابو عمار رمزنا بطل في حكي بينا,,,,,,,
4160,منال : هو على خاطرك . . . . شباب اعطوه نقره,,,,,,,
4161,"يتقدم مجموعه من الامن باتجاه طلعت وجلال , ( طلعت وجلال يخرجون مفكات من جيوبهم )",,,,,,,
4162,طلعت : هلا بخليلك وجهك هاي وي,,,,,,,
4163,جلال : بركبلك تلي فريك بين دنيك,,,,,,,
4164,يهجم الامن على طلعت وجلال تدور معركه,,,,,,,
4165,في نهاية المعركه نشاهد قدم شخص وكندرته على وجه جلال وفي الخلفيه العلم الامريكي,,,,,,,
4166,جلال : خلص بصلحها كل اللي بدها اياه بخاخ بنزين نص ساعه وبتكون جاهزه,,,,,,,
4167,فاخر والعيله,,,,,,,
4168,المشهد الاول,,,,,,,
4169,نرى فاخر نائما على الكنباي ومغطى بحرام .,,,,,,,
4170,يطلب رقم على هاتفه,,,,,,,
4171,"فاخر : ليش فتحت الخط , ارجعلي . . ( يرن هاتفه ) شو الوضع ? اقوم ولا اسحبها ? اضراب طب سلام .",,,,,,,
4172,تأتي زوجة فاخر,,,,,,,
4173,"فخريه : شو يافاخر ? مش ناوي تقوم , الك 6 اشهر نايم , بدك تضلك نايم , انت معاشك وافي يادوب ايكفينا اسبوع , شحال بنص معاش ? . . . . قوم فز . . . على لحساب موظف قد الدنيا والناس قدام مكتبك طوابير تمشي معاملاتهم . . . مشي معاملتنا اول . . . مش معدتنا انا وهالاولاد , انقتلنا عدس وقلاية بندوره . . . نفسنا في بروتين جاج بيض بلاش بيض البيض غالي , بس جاج على الاقل بفهم لحمة الخروف اشي مستحيل والسمك ولا بالاحلام , مشينا بجاجه . . . اسمع هن كلمتين , انا طفرت واصله معي لهان . . . اذا متغدناش جاج رايحه على المحكمه وخالعتك . . .",,,,,,,
4174,يرن هايف فاخر,,,,,,,
4175,"فاخر : الو . . انو صلاح ? اي معامله ? اه معاملتك هيها عند الوكيل . . . اه انا في المكتب . . . لا ليش تيجي , بكرا انا بوصلها لعندك .",,,,,,,
4176,المشهد الثاني,,,,,,,
4177,العائله جالسه على الطاوله تأكل دجاج وتوابعه,,,,,,,
4178,"فاخر : بدك تخلعيني يافخريه عشان جاجه , بس انا اصيل وبضحيش فيكي , . . . . . لسا ماشفتوش المفاجأه . . . بس انا خايف عليكم تنشلوا من الفرحه . . . . غمضوا عيونكم .",,,,,,,
4179,فاخر يخرج كرتونة بيض,,,,,,,
4180,فاخر : فتحوا,,,,,,,
4181,الجميع : بيض بيض .,,,,,,,
4182,فخريه : مش معقول . . . بحبك بحبك . . . انا اصلا تجوزتك على هبلك وطيبتك وكرمك . . . . لازم سموك كريم مش فاخر .,,,,,,,
4183,البنات : بنحبك يابابا,,,,,,,
4184,فاخر : فش ازكا من البيض . . . خلص دمعتي بدها تنزل محلا لتنغنغ .,,,,,,,
4185,( يرن جرس الباب ) العائله تنتفض ويخبئون الاكل قبل فتح الياب يخفون اثار الاكل .,,,,,,,
4186,فاخر : هدول الجيران شموا الريحه ضبوا ضبوا يسرعه .,,,,,,,
4187,فخريه : ( للبنات ) تفتحيش . . . . . ادا بسالوا اكلنا وخلصنا ويادوب كفتنا,,,,,,,
4188,فاخر : ( للبنات ) اوعوا تجيبوا سيره انوا عنا بيض . . . بكلكوا اكل بفجر الدار .,,,,,,,
4189,( يرتبون كل شي كان شيا لم يكون ),,,,,,,
4190,يدخل الجيران,,,,,,,
4191,ابو محمد : والله ياعمي الف مبروك على الجاجه صبرتوا ونلتوا,,,,,,,
4192,فاخر : الله يبارك فيك عقبال عندك وعند كناينك . مين هادي ?,,,,,,,
4193,ابو محمد : مرتي مالك يا زلمة,,,,,,,
4194,فاخر : والله ما عرفتك مسوية حواجبك تاتو,,,,,,,
4195,ام محمد : نظرك متحسن مع الجاج . . . . ما اسقعك والله يافخريه انبسطلك من قلبي . . . بس عتبانه عليكي . . . كان بعتي وراي نحشي الجاجات .,,,,,,,
4196,فخريه : اننه اجات كلها جاجه وحده وكيلوا ونص حشيتها بصله وعلى الماشي .,,,,,,,
4197,( يرن جرس البيت يدخل ابو علي وزوجته ),,,,,,,
4198,ابو علي : الف الف مبروك الجاجه .,,,,,,,
4199,فاخر : يبارك فيك انشالله بنردلك اياها لما تشتري سمكه .,,,,,,,
4200,ابو علي : الهي يسمع منك .,,,,,,,
4201,فاخر : مين هادي ?,,,,,,,
4202,ابو علي : مرتي يا زلمة مالك ?,,,,,,,
4203,فاخر : هييك حاطة رموش عيرة والله ما عرفتك,,,,,,,
4204,ام علي : احكي وسمع يا خوي يا فاخر . . . الحمار اللي عندي الو اسبوع مش منتبه,,,,,,,
4205,فخرية : شو تعمل المشاطة في الوجه العكر,,,,,,,
4206,ام علي : مبروك الجاجة,,,,,,,
4207,فخرية : يبارك فيكي,,,,,,,
4208,فاخر : تفضلوا تفضلوا ( يتحدث الى الكاميرا ) كيف لو يعرفو اني جبت كرتونة بيض .,,,,,,,
4209,المشهد الثالث,,,,,,,
4210,في غرفة نوم فاخر وزوجته . . . فخريه نائمه وفاخر جالس .,,,,,,,
4211,في السرير يدخن ويبدو قلق ( ممكن استعمال اغنيه في هذا المشهد ),,,,,,,
4212,فاخر : فخريه .,,,,,,,
4213,فخريه : مم . . . ممم .,,,,,,,
4214,"فاخر : انتي فخريه ولا ابو علي جارنا . . . . في موضوع عاملني نيرفس شوي , انا بافخريه ضحيت في موزز كتير وخترتك انتي , الحب اللي بينا مش لازم يفرقوا لا جاجه ولا كرتونة بيض , وحبنا اكبر من كيلوا لحمه عجل , لو لحمة خروف بحكي الواحد . . . . انا يافخريه عمري ماخنتك بس بدي احكيلك وريح ضميري . . . . الجاجتين وكرتونة البيض اخدت فيهم 300 دولار قرض",,,,,,,
4215,المشهد الاخير,,,,,,,
4216,"بيت عزاء تراتيل دينيه حزينه . . . . فاخر يلبس حطه ويجلس مع شخصان , يدخل ابو علي",,,,,,,
4217,ابو علي : عظم الله اجركم على القرض .,,,,,,,
4218,"فاخر : شكر الله سعيكم , نشالله بنردلك اياها لما تموت مرتك .",,,,,,,
4219,ابو علي : امين يارب العالمين .,,,,,,,
4220,"ابومحمد : والله صعبه ضربه صعبه , بس ربنا بلهم الصبر .",,,,,,,
4221,"فاخر : لاصبر ولا صابر , اللي بموت بنتسى بس القرض بنتساش فوائد لعشرين سنه",,,,,,,
4222,"ننتقل الى غرفة النساء . . . فخريه لابسه اسود والنساء لابسات اسود وتنوح .",,,,,,,
4223,فخريه : ياريتوا انكسرت رقبتوا ولا وصل البنك .,,,,,,,
4224,ام محمد : خلص وحدي الله يابنت الحلال . . . الله يصبركوا .,,,,,,,
4225,"فخريه : انا مش على 300 دولار , انا على ال 2000 دولار فوائد",,,,,,,
4226,ام علي : بس ماانتو اكلتوا . . . اللي بدو الدح بحكيش اح,,,,,,,
4227,ام محمد : كمان كرتونة بيض . . كل الحارة مش عارفة هو جاب كرتونة ولا نص كرتونة,,,,,,,
4228,ام علي : والله في ناس بتقول انو البيض بلدي مش بيض مزارع,,,,,,,
4229,"فخرية : ايوة يا اختي انت واياها زيدي علي زيدي . . . زي الردادة والنواحة . جايات تعزوا ولا جايات تتشمتوا في ? اطلعي برا انت واياها يا ام رموش عيرة , وانت صدقت انك محلوة , هذا فاخر لما حكالك هيك كانت نفسياتو منيحة ماك لجاج . ( تطردهم )",,,,,,,
4230,ننتقل الى غرفة الرجال,,,,,,,
4231,ابو محمد : ( مازحا ) هذا كيف لونك اشتريت كرتونة بيض هههه,,,,,,,
4232,فاخر : متعرفناش على حضرتك . . . . انصرف اطلع برا .,,,,,,,
4233,"ابو علي : يا خوي يا فاخر بدنا نفهم . . . في ناس بتقول انك جبت كرتونه وفي ناس بتقول انك جبت نص , يا اخي كم بيضة",,,,,,,
4234,"فاخر : بيضتين . . . اطلع انصرف برا , يلعن ابوكو هلسات . ( الى الكاميرا ) ياريتها اجت في وحده من البنات ولا اجت في الراتب",,,,,,,
4235,فافيز ( طنطات ),,,,,,,
4236,المشهد الأول :,,,,,,,
4237,"( سمير و حمادة يسيرون في شارع فخم في منطقة الطيرة , و معهم كلب صغير جدا جدا , و الاثنان يأكلون البوظة و يتحدثون مع بعضهم البعض , سيارة يوجد بداخلها شابان يتحرشون بهم ) ( بعد المرة الثالثة )",,,,,,,
4238,"سمير : ييي آي خلص , يا الله دايئتنا !",,,,,,,
4239,حمادة : بتعرفنا شي ?,,,,,,,
4240,"سمير : آي خلص , شو أول مرة بتشوف كلب ?",,,,,,,
4241,"الشاب : باختصار , حابين نتعرف على الحلوين !",,,,,,,
4242,حمادة : و مين ئلك إنو إحنا حابين نتعرف عليك ?,,,,,,,
4243,سمير : خلص روح من هون ! يا بجيبلك ماما هلأ تبهدلك !,,,,,,,
4244,( الشاب يغادر ),,,,,,,
4245,المشهد الثاني :,,,,,,,
4246,"( في منزل , الأم و ابنها , الأم جالسة , يدخل سمير )",,,,,,,
4247,"سمير : ماما الضو عندي في الأوضة بضل يلمع , يضوي و يتفي ! يضوي و يتفي !",,,,,,,
4248,الأم : بدو حزق ! بدو حزق يما !,,,,,,,
4249,"سمير : تب ئومي بليز إحزئيه , بخاف من الكهرباء !",,,,,,,
4250,الأم : بدي أجيب مفك أحزقلك كل براغيك ! انصرف من وجهي مايع !,,,,,,,
4251,سمير : بليز ماما ! شو حكيت أنا ! كل اللي تلبتوو منك تحزئيلي الضوو !,,,,,,,
4252,"الأم : ولك خلص ! كرهتني في حالي ! كرهتني في الرجال ! كرهتني في اليوم اللي خلفتك فيه ! ولك شد حيلك , يخرب بيتك لمين طالع رخو ! ولك أبوك كان الصقر يوقفوا ع شواربة ! بس يقولوا أبو سمير كل الرجال توقف على رجليها !",,,,,,,
4253,سمير : ماما . . .,,,,,,,
4254,الأم : ماما اللي يخلع نيعك ! بنطلونك واصل لركبك ! مقضيلي إياها شو لون البوكسر اللي نازل جديد ! تويتر ! آي فون ! نفسي وحدة تطلع عليك ! حاسبينك صاحبتهم الرابعة ! رحنا نطلبلك ! أهل البنت سألونا جايين تخطبوا البنت ولا أخوها ?,,,,,,,
4255,سمير : ماما . . .,,,,,,,
4256,الأم : ولك أسكت ! نفسي مرة أسمع عندك موقف ! عند رأي زي هل الشباب !,,,,,,,
4257,سمير : ماما ! ليش هيك بتحكي معي ? نسيتي كلشي بعملو ? مين بنزل الزبالة كل يوم ?,,,,,,,
4258,الأم : انصرف من وجهي يا مايع !,,,,,,,
4259,سمير : إذا هل الئد مدايئة مني ! أيم ليفينغ ذا هاوس !,,,,,,,
4260,الأم : تترك البيت ? بس بالآخر راح ترجع ! ما انت بتخاف من العتمة ! عبيتوا البلد !,,,,,,,
4261,( سمير يخرج ),,,,,,,
4262,المشهد الثالث :,,,,,,,
4263,"( في موقف عمارة فخمة , سمير ينتظر صديقه و هو غاضب , نرعى حمادة قادم و هو فزع و منفعل )",,,,,,,
4264,حمادة : سيموو حبيبي ! إيش في ? ئلئتني عل التفلون ! ليش الآئنتي زعلانة منك ?,,,,,,,
4265,سمير : أنا خلص مئبعة معي ! إتس أن فير !,,,,,,,
4266,حمادة : مش مئول الآئنتي تحكي هيك ! بس بضلها الماما يا سيموو !,,,,,,,
4267,"سمير : ئال بتئولي إنو الصئر كان يوقف ع شوارب بابا ! حمادة , معئول هل الحكي ? معئول في صقر بوئف عل الشوارب ! بخرمشش الشفايف ?",,,,,,,
4268,حمادة : لأ يييييي لأ ما بتخيل ! بتبالغ الآئنتي !,,,,,,,
4269,سمير : أنا بدي أسبتلكم من هوي سيموو و مين هوي الصئر !,,,,,,,
4270,المشهد الرابع :,,,,,,,
4271,"( مسيرة فافيز يحملون لافتات ضد غلاء الأسعار , مكتوب على اللافتات : 1 : الله كتير أكبر من الحكومة : 2 : من أجل أطفالنا خفضوا سعر عصير البقر ! : 3 : مش معقول علبة الواكس تنط الخمسة دولار : 4 : حكومة , عنجد بلا بياخة )",,,,,,,
4272,( يهتفون في المسيرة ),,,,,,,
4273,سمير : آي آي راسي ! البلد وضعها آاسي !,,,,,,,
4274,( يعيدون من خلفه ),,,,,,,
4275,حمادة : كت كات سناك دروبس ! هلأ رخصوا الخبز !,,,,,,,
4276,سمير : إذا ئبعت معنا بنضرب تل أبيب بتامر أربعة !,,,,,,,
4277,"( نسمع صوت انفجار , يبدأون بالتراكض و الهرب , و يهتفون , سلمية , سلمية )",,,,,,,
4278,سمير : بليز ستنوني ! شكلي تصاوبت في ال آس !,,,,,,,
4279,"( حمادة مغمى عليه , سمير يحاول مساعدته )",,,,,,,
4280,"سمير : يا ماما , يا ماما , صملا عليك , صملا عليك !",,,,,,,
4281,"( نرى سيارة عجلها مفقوع , و صاحب السيارة ينظر إلى العجل )",,,,,,,
4282,السائق : شو اللي فقعوا هل العجل ?,,,,,,,
4283,( نعود إلى حمادة و سمير ),,,,,,,
4284,سمير إلى حمادة : يللا ئوموا بلاش يضربوا كمان صاروخ ! يللا ئوموا !,,,,,,,
4285,فيلم أمريكي,,,,,,,
4286,المشهد الاول :,,,,,,,
4287,"امام مبني فخم , شجادة حمراء مفروشة على مدخل المبنى . مسؤول ومرافقه ( او مرافقين وهم عبارة عن امن ) واقفان امام باب المبنى في انتظار الوفود .",,,,,,,
4288,"سيارة فخمة تصل الى المكان , تنزل فتاة موديلز تجر نعجة , النعجة تلبس جرافتة",,,,,,,
4289,المسؤول : اهلا اهلا وسهلا نورتي ( ينظر الى الفتاة ) شو هالطعجة يا نعجة ( يقبل النعجة على الخدين ) اتفضلي اتفضلي 10 دقائق وببدأ ا جتماع,,,,,,,
4290,"تأتي سيارة اخرى تنزل فتاة ونعجة اخرى , النعجة ترتدي بابيونه",,,,,,,
4291,"المسؤول : اهلا وسهلا شرفتوا البلاد , 10 دقائق وببدأ الاجتماع ( ينظر الى الفتاة ) الاجتماع راح يكون حامي حامي . . . ما الاوضاع حامية الوطن العربي بغلا غلي ( يقبل النعجة على الخدين ) اتفضل اتفضل سيادتك",,,,,,,
4292,"تأتي سيارة اخرى تنزل فتاة مع نعجة , النعجة تلبس لفحة",,,,,,,
4293,"المسؤول : طول عمر سياتك مزوق في اللبس , لفحة وساعة بتلمع , يا ميت اهلا وسهلا , 10 دقائق وببدأ الاجتماع ( ينظر الى الفتاة ) اليوم لو بنضل للصبح لازم نطلع بقرارات , الاوضاع بتغلي غلي",,,,,,,
4294,"تأتي عدة نعجات , المسؤول ومرافقيه يتصرفون كالرعيان ويوجهون النعجات الى داخل القاعة .",,,,,,,
4295,المشهد الثاني :,,,,,,,
4296,"داخل قاعة الاجتماع , النعجات جالسات والمسؤول يتحدث عبر مايكريفون",,,,,,,
4297,"المسؤول : سيدي رئيس الجلسة قلت عن الذئاب , الذئاب تأكل النعاج وللاسف هم ليسوا ذئاب ولكن اغلبنا اصبحنا نعاج . لما ليلى الحمرا يا اخوان بعتت الطبخات لجدتها , ابن الحرام الذيب ضل يلف حواليها زاكل جدتها ونام محلها , اجت الهبلة ليلى بدها تطعمي الذيب بتفكروا جدتها , لولا الله من فوق بعت الصياد ولا راحت ليلى زي كيف راحت جدتها . احنا اللي بصير فينا زي ليلى بسما اجاناش الذيب . الثورة المصرية دخلت في الحيط , يا احمد شفيق يا اخوان مسلمين , احيه , وهذا الاخ بتقعدش مع نسوان لانو بنفعل والكاميرا بتلقطوا . الاخوان التوانسة شردوا من عزرائيل اجاهم قباض الرواح , العراق مشكلتها صارت معقدة اكثر من فلسطين , وسوريا مأساة العرب المعاصرة وفلسطين ( )",,,,,,,
4298,"اي طفرتونا مين مع ايران ومين مع سوريا ومين مع امريكا ومين مع الصين ومين مع تركيا ومين مع البرشا ومين مع الريال , اي خلص .",,,,,,,
4299,"صوت نعجة ماء ماء",,,,,,,
4300,"المسؤول : بدك تنسحب الله معك , مش عشان طالعلك قرنين تشوف حالك علينا",,,,,,,
4301,"صوت نعجة اخر ماء ماء , ثم اصوات جماعية للنعاج ماء ماء ماء",,,,,,,
4302,"المسؤول : هذا بطل اجتماع هذا صار بطيخ , احترم حالك انا مش راح اقل ادبي معك , بسيطة , لو بس الله يحولني تيس لاربيكوا واحد واحد , بكرا بيجي عيد الاضحى وبدي اشوف انو اللي راح يطلع صوتوا",,,,,,,
4303,"تدور معركة بين المسؤول والنعاج , المرافقين عبارة عن فزيعة",,,,,,,
4304,المشهد الثالث :,,,,,,,
4305,"في حقل , النعجات ترعى في الحقل , يظهر رجل يلبس كاوبوي على فرس ويقود القطيع , يطلق النار بالهواء",,,,,,,
4306,الرجل : ( بالانجليزي ) @@Lاط@@ىَللَ @@Lاط@@Bَبِeس @@Lاط@@تِمe @@Lاط@@تْ @@Lاط@@ةرْدُce @@Lاط@@مِلك,,,,,,,
4307,المشهد الرابع :,,,,,,,
4308,نكتشف بأن المشاهد السابقة هي عبارة عن فيلم تشاهده عائلة من خلال التلفاز . العائلة مكونة من رجل وزوجاته الثلاث,,,,,,,
4309,احدى الزوجات منقبة والاخرى حامل والثالثة نائمة على الفرشة . المنزل مكون من فرشات على الارض وطبلية,,,,,,,
4310,"الزوجة الحامل : ييه لو اخدوك ترعى معهم بدل ما انت قاعد , ع القليلة بحلبوك بنستفيد منك",,,,,,,
4311,( الرجل ينظر اليها ولا يتحدث ),,,,,,,
4312,الرجل : حسب الجدول انا وين الليلة ?,,,,,,,
4313,"الزوجة الحامل : انا بالنسبة الي قيموا اسمي من البرنامج , انا هذا الفيلم وضحلي كتير شغلات , وانتن خليكن نساء حائرات على هبلكن . . . . . ( لحظة صمت ) ربنا بحبني طلعت حامل في بنت مش نعجة",,,,,,,
4314,زوجة 2 : ( تسأل الزوجة الحامل ) هي النعجة كم سنة بتعيش ?,,,,,,,
4315,الزوجة الحامل : اسألي النعاج ( تشير الى الزوج ),,,,,,,
4316,"الزوجة المنقبة : شو الفرق بين السخلة والنعجة , كلهم أناثي",,,,,,,
4317,الزوج يغضب ويفش خلقه في المنقبة,,,,,,,
4318,"الزوج : وانت ليش مغطية ع وجهك في الدار , ارفعي",,,,,,,
4319,الزوجة المنقبة ترفع نقابها,,,,,,,
4320,الزوج : انا حسب الجدول وين ?,,,,,,,
4321,الزوجة المنقبة : عندي,,,,,,,
4322,الزوج : لسى بدري الليل بأوله,,,,,,,
4323,الزوجات تدير ظهورها للزوج,,,,,,,
4324,"الزوجة الحامل : تنقل محطة التلفزيون , يظهر على الشاشة فيلم وثائقي عن النعاج",,,,,,,
4325,صوت من الفيلم : تعيش النعاج ضمن جماعات في المراعي والجبال . . . . . الخ,,,,,,,
4326,كوفي شوب لاجئ,,,,,,,
4327,المشهد الاول :,,,,,,,
4328,"يصور المشهد بالأبيض والاسود ليعبر عن زمن لجوء الفلسطينيين عام 48 .",,,,,,,
4329,"في احدى الجبال رجل وامرأة . المرأة تركب على حمار والرجل يجر الحمار . الرجل يبدو عليه مثقف ( أستاذ ) يلبس بنطالون وقميص وجاكيت موديل 48 , يحمل حقيبة وبيده الاخرى يجر الحمار . الزوجة راكبة على الحمار , تلبس فستان طويل ومنديل على رأسها . الحمار محمل ايضا بفرشات وبعض الصرر .",,,,,,,
4330,"الرجل : انت بدك تضلك راكبة على الحمار , صارلي 6 ساعات بسوق فيكي , صرنا بدنا نوصل اربد . . . السماط ذبحني , بدلي",,,,,,,
4331,المرأة : امشي كمان ساعة تنخلص هالتلة,,,,,,,
4332,الرجل : يلعن ابو الحب شو بذل,,,,,,,
4333,"المرأة : انت قلتلي يومين وبنرجع ع الناصرة , صارلك يومين بتمشي في",,,,,,,
4334,"الرجل : اه قلتلك يومين او ثلاث بس ع بال ما يوصل الجيش العراقي والمصري , مسافات بينا وبينهم بدهم شوية وقت",,,,,,,
4335,"المرأة : انا بقول نرجع , بجوز هلقيت حسموا المعركة بعدين الذهبات حطيتهن تحت التينة , قلتلك احملهن معي",,,,,,,
4336,"الرجل : جننتيني في هالذهبات , من وقت ما طلعنا وانت تقولي الذهبات , اللي بسمع بقول عندك خوات الماز , كلو حلق وإسواره فضة , انزلي ركبيني يا بنت الحلال السماط ذبحني",,,,,,,
4337,"المرأة : حسب توقعاتك بما انك استاذ تاريخ ومتعلم , قديش بدها المعركة تتخلص ?",,,,,,,
4338,"الرجل : حسب توقعاتي نص ساعة زمن , 10 جيوش هدولا والله لو تفوا عليهم ليغرقوهم , هي بالكثير جمعة زمان , والله لنرجع تلاقي الذهبات محلهن , ركبيني السماط قتلني",,,,,,,
4339,"المرأة : تنخلص هالتلة , اسحب اطلع يلا",,,,,,,
4340,الرجل : طالعة طالعة,,,,,,,
4341,المرأة : تصدر صوت مشي الحمار,,,,,,,
4342,الرجل : اسحبي اسحبي بس انت طالعة,,,,,,,
4343,"نرى ونسمع صوت طائرة قديمة في السماء",,,,,,,
4344,الرجل : ها مش قلتلك هي الجيش العراقي وصل بالطيران يركضون خلف الطائرة فرحين جدا,,,,,,,
4345,"المرأة : ( تؤشر للطائرة ) غاد غاد فلسطين , اضرب غاد الله ينصركوا",,,,,,,
4346,"الرجل : ( الى الطائرة ) طالعة طالعة من عندك اضرب , اسحب",,,,,,,
4347,"المرأة : غاد غاد ضلك ساحب , شد يا عاطف بدنا نرجع ع الدار",,,,,,,
4348,الرجل : ع مهلك علي السماط قتلني,,,,,,,
4349,نراهم يركضون خلف الطائرة .,,,,,,,
4350,المشهد الثاني :,,,,,,,
4351,"في منطقة خلاء كأنها حدود بين الدول . مقهى عليه آرمة كبيرة مكتوب عليها ( كوفي شوب لاجئ بإدارة عاطف )",,,,,,,
4352,"بعض من مستلزمات القهوة مثل كاسات , فناجين , غلايات , طاولات وكراسي قديمة , راديو قديم في المقهى . جميع مستلزمات المقهى بسيطة جدا ومهترئة نسبيا .",,,,,,,
4353,مجاميع من المهاجرين قادمة بإتجاه المقهى يحملون حقائب وفرشات . . . الخ,,,,,,,
4354,"عاطف : يا ميت اهلا وسهلا بالاخوان , نور البار قصدي الكوفي شوب",,,,,,,
4355,يبدأ الوافدون التسليم على عاطف,,,,,,,
4356,"عاطف : يا هلا بالليبية , زنقة زنقة , ارتاحوا ارتاحو , بعرفكوا بتموتوا ع النوم انتو الليبية , جوا اللي بدو ينام . شاكو ماكو يا الاخو يا هل يا هلا بالعراقية ( يغني لهم يا البرتقالة ) ( ينادي على صبي القهوة ) مهند ولك يا مهند حرك حالك الشغل حبطرش صار .",,,,,,,
4357,مهند : انا مش ملحق بدي بارت تايم,,,,,,,
4358,"عاطف : بارت شو ولا ? ( يشده من رقبته ) ولا انشاءالله بتحسب حالك مهند التركي , فز ع الشغل ولا",,,,,,,
4359,مهند : @@Lاط@@سهِت,,,,,,,
4360,يدخل لاجئ بحريني يلبس دشداش ولفة راس,,,,,,,
4361,"عاطف : وصل النفط , وصل الدولار . . . يا هلا يا هلا , اكيد الاخوان قطرية , هذا مش ربيع هذا مربعنية , هلا بالقطرية",,,,,,,
4362,"البحريني : علامك تخربش , اخوك من البحرين",,,,,,,
4363,"عاطف : مش المهم في نفط . يا هلا يا هلا . اهلا وسهلا في الجميع , وما حدش يقولي سني ولا شيعي , احنا هونا واحد , في كوفي شوب لاجئ لا مجال للطائفية وفصل الدين عن الدولة . ( ينظر الى مهند الواقف بشكل صنم لا يفهم ما يجري حوله )",,,,,,,
4364,"مهند , مالك مبلم مالك ملصم , حرك حالك , اسمع البحرينية دير بالك عليهم دفيعة الشباب , اسمع اخوانا في الخليج بحبوا السهر والجو . بدي اطج تلفون لسرين عبد النور الليلة ضروري تيجي تحيي حفلة عنا",,,,,,,
4365,مهند : ليش سيرين عبد النور ? ما هيني انا مالي ?,,,,,,,
4366,"عاطف : ولك روح , روح عليت قلبي",,,,,,,
4367,تدخل عائلة سورية امرأة وزوجها . نرى العائلة من بعد 10 متر من موقع المقهى يتصايحون . الرجل يجر في المرأة وهي لا تريد ان تمشي .,,,,,,,
4368,"الرجل : لك صباح حبيبة ألبي , لك مهجة عيني امشي والله انا خايف عليكي",,,,,,,
4369,"صباح : قصي حبيبي قلتلم ما بدي اطلع من حلب , ومش مصدقتك اسبوع وبنرجع , لك دار اختي سهى طلعوا من دير الزور والون شهرين وما رجعوا , ومو باين راح يرجعوا عن قريب , رجعني هلا ع حلب لو بموت هنيك . قصي افهمني",,,,,,,
4370,"قصي : لك يا بنت عمي يا صباح , انا خايف عليكي حرقوا الاخضر واليابس , يلعن ابو المصاري ع ابو البيوت ع ابو الاوطان كلها , أي هو الوطن بدون الانشان شو بسوى ? لك يلا مشي",,,,,,,
4371,"عاطف : صباح لك فوتي اختي , شو الدعوة ? اخ قصي يا ميت اهلا وسهلا",,,,,,,
4372,صباح : وحضرتك مين بلا زغرة ?,,,,,,,
4373,عاطف : اخوكي عاطف مدير عام الكرفي شوب,,,,,,,
4374,"صباح : اخي عاطف , قال جمعة زمان وبنرجع ?",,,,,,,
4375,"عاطف : اه خودي منو لقصي جمعة وبترجعي , انا فلسطيني صارلي 80 سنة هون لسى ما كملت ال 100",,,,,,,
4376,"صباح : ايه طمنتني , يفرح قلبلك يا حق",,,,,,,
4377,"عاطف : تفضل اخ قصي , بس عفوا عندي سؤال , حضرتك قصي خولي الممثل ?",,,,,,,
4378,قصي : لا بس بشبهوا كتير,,,,,,,
4379,"عاطف : الخالق الناطق هو , اتفضلوا . . . ( ينظر الى مهند يراه واقفا ومسطول ) انت بس خليك مبلم فيه . . . اسمع هدولا السوية مسخمين مفلسين ENGLISHTEXT , أي اشي بطلبوا سجلوا ع حساب الليبية .",,,,,,,
4380,المشهد الثالث :,,,,,,,
4381,"الدنيا مساء , الجميع جالس حول النار . عاطف جالس في الوسط يؤرجل ومهند يهوي على الارجيلة , الجميع جالس حول عاطف كأنه قائد المجموعة . الجميع فارش فرشاته على الارض , كاسات شاي اما الجميع .",,,,,,,
4382,"البحريني : اقول يا عاطف , انتو الفلسطينية عندكو @@Lاط@@eخةeرِeنce كتير في هذا المجال , لوين تنصحني الفي انا والشباب ?",,,,,,,
4383,عاطف : عفوا,,,,,,,
4384,البحريني : انت حسب ال @@Lاط@@eخةeرِeنce,,,,,,,
4385,عاطف : انا فاهم عليك بس شو يعني الفي انا والشباب ?,,,,,,,
4386,البحريني : يعني وين نصفي ?,,,,,,,
4387,قصي : يعني استاذ عاطف قصدوا لوين يروحوا ?,,,,,,,
4388,صباح : يعني وين يقعدوا ويستقروا قصدون,,,,,,,
4389,البحريني : علامكوا وانا بحكي هندي . بالعربي قولي يا عاطف انيه بلد بتقعدنا عندها,,,,,,,
4390,"عاطف : حسب ال @@Lاط@@eخةeرِeنce الاردن للأمانة كانوا ممتازين معنا وجنسونا وكل شي تمام , اما لبنان اوعى تلفي عليها , غير الزينكوا وصوبة علاء الدين ما فش",,,,,,,
4391,"صباح : لك شو بكن قلبتوها مناحة , ليكن كل العالم بتعرف عنا وواقفة معنا , ووعدونا اسبوع زمان تبقى الخيمة منصوبة والرز والسكر والمونة متوفرة , توكلو على الله , لك استاذ عاطف فرفشنا شوي مش وعدتنا بحفلة , وينها الست سيرين لهلا",,,,,,,
4392,عاطف : مشغولة حكيت مع مريم,,,,,,,
4393,صباح : انيه مريم,,,,,,,
4394,عاطف : مريم فارس,,,,,,,
4395,الجميع يضحكون . مهند يشغل الراديو نسمع أغنية أه يا دنيا . يرقصون على الاغنية . تنتهي الاغنية ويبدأ كل واحد بالمغادرة الى النوم,,,,,,,
4396,عاطف يبقى مكانه . ثم فجأة نرى شخص اسود اللون يبمدو سوداني مهاجر,,,,,,,
4397,السوداني : نسلم ع الزول,,,,,,,
4398,عاطف : يضحك ويغني المامبو السودامي مامبو,,,,,,,
4399,لجنة تصحيح المسار,,,,,,,
4400,"المشهد الاول : رجل واقف يريد القاء كلمة للجمهور وكأنها اعلان بعد اجتماع قيادي مطول . يحيط بالرجل 5 رجال وأمرأة",,,,,,,
4401,"أبو مصعب : اجتمعت تااجنة واتخذت قرارات مصيرية تخدم الشعب والامة وتحافظ على اخلاق المجتمع . حرصا منا على مصلحة ولادنا وبناتنا وخاصة في الفترة الاخيرة قلبولنا اياها طنطات , مناديل بطاسات , ما ضلش ولا طاسة لبن في البلد , الشعر الواقف زي البرج , البنطالون اللي من تحت ضيق ضيق نوع سكيني , اسكيني واشرب على اطلاله انشاءالله . . . هذي بلد عندها عاداتها وتقاليدها . ونظرا للشكاوي اللي وصلتنا اجتمعت القيادة وجميع الاجهزة الامنية ةتم انشاء لجنة لتصحيح المسار . انا الوزير والاخت ام خالد مدير عام اللجنة عشان تلقوط النسوان وتعرف تحكي معهن .",,,,,,,
4402,ام خالد : بس يا اخ مصعب انا وصلني التعيين وكيل وزارة,,,,,,,
4403,ابو مصعب : مش مفرقة يا ام خالد,,,,,,,
4404,"ام خالد : كيف بتفرقش , بتفرق في المعاش",,,,,,,
4405,ابو مصعب : والاخوان هم العين الساهرة,,,,,,,
4406,المشهد الثاني : في صالون حلاقة رجالي . الحلاق يعلق 3 صور وهي موديلات قصات شعر للشباب . يدخل شاب يريد ان يحلق شعره .,,,,,,,
4407,الحلاق : اهلا وسهلا حيا الله بالشباب اهلا وسهلا ( يجلس الشاب على كرسي الحلاقة ) . انيه قصة بتحب ( يريه الثلاث صور ) في عاى جنب وفي فرق من النص وفيه لورا . انت وجهك بلبقلوا الفرق على النص . مع بنطالون قماش وصندل بلاستيك بتطلع خريم .,,,,,,,
4408,"الشاب : شو فرق ع النص وبنطالون قماش وضندل بلاستيك , بتتهبل علي , انا بدي مارينز خط قصير ع الداير",,,,,,,
4409,"الحلاق : يا شيخ والله الفرق ع النص بلبقلك اكثر , صدقني مع قميص اصفر وجرافاته سودا بتطلع ملك .",,,,,,,
4410,"الشاب : لا من مرة جرافاته كموني , بقولك بدي مارينز وخلصني",,,,,,,
4411,"الحلاق : ولا بلبقلك الا فرق ع النص , انسالك من المارينز يا راجل , دقة قديمة",,,,,,,
4412,الشاب : حل عني بطلت احلق,,,,,,,
4413,"الحلاق : خلص انا بحلقلك اللي ع النص وانت بتتحكم فيها على جنب و لورا , تري ان ون",,,,,,,
4414,الشاب : حل عني بديش احلق,,,,,,,
4415,"الحلاق : يا زلمة اذا حلقتلك مارينز لجنة تصحيح المسار بشمعولي المحل , حددولنا 3 قصات . والله الفرق ع النص بحنن عليك",,,,,,,
4416,الشاب : بديش بدي مارينز,,,,,,,
4417,"الحلاق : طب اقعد . هي تعهد امضي انو مش انا اللي حلقتلك ( يحمل ماكينة الحلاقة ويريد ان يبدأ بالحلاقة يرن هاتفه ) الو . . . . لا والله بدي اقصلوا فرق ع النص , انو مارينز ? انا بعرف اقص مارينز اصلا ? بلبقلوش الا فرق ع النص ( الى الشاب ) هي شمعولي المحل وسكروا , مالو الفرق ع النص , انصرف برا , يلعن ابوك ع ابو المارينز",,,,,,,
4418,المشهد الثالث : في محل ملابس ستاتي جلابيب وحجابات,,,,,,,
4419,يوجد فتاة تلبس جلباب واسع جدا وتغطي وجهها,,,,,,,
4420,"البياعة : لابسيتكي لبوس , ليش مش عاجبيتكي , جاي يم ع قد الجسم",,,,,,,
4421,الفتاة : حاسها وسيعة شوية,,,,,,,
4422,"البياعة : هاذي وسيعة ? اصلا انا حاسها ضيقة شوية , بدكي اوسع نمرة ولونها عاكس على عينيكي ببرقن برق",,,,,,,
4423,"الفتاة : اي لا يا شيخة وسيعة , استحت امي تلبسها",,,,,,,
4424,"البياعة : تبقيش دقة قديمة , هذا اخر موديل بس ناقصك صندل اصفر وجزدان زيتي هذي الوان السنة",,,,,,,
4425,الفتاة : بديش وسيعة,,,,,,,
4426,"البياعة : طب تعالب , هي تعهد انك ما شرتيش من عندي , فوتي جوا ( يرن هاتفها ) اه اخت ام خالد ( الى الفتاة ) قلتلكي ضيقة بدك نمرا زيادة .",,,,,,,
4427,المشهد الثالث : محل ملابس رجالي,,,,,,,
4428,الشاب لابس بنطالون واسع جدا وفارق شعره ع النص,,,,,,,
4429,البياع : بجنن,,,,,,,
4430,الشاب : يا زلمة واصل لكتافي,,,,,,,
4431,"البياع : تبقاش دقة قديمة هذي الموضة , وقلتلك توخد دشداش ما رضيتش",,,,,,,
4432,"الشاب : يا عمي وسيع هذا بفوت فيه 4 , مالك يا زلمة",,,,,,,
4433,"البياع : ما هي الشطارة , بلكي بكرا نصحت , ترميه ? صدقني فست مقلم عنابي مع شبشب ابو اصبع بطلع عليك بهبل",,,,,,,
4434,"الشاب : اطلع من راسي بدك تطلعني مضحكة بكفي رضيت انو شعري ينفرق ع النص , بدي بنطالون ثلاث ثمنيات خصر واطي",,,,,,,
4435,البياع : يا راجل تبقاش دقة قديمة راحت الثلاث ثمنيات,,,,,,,
4436,"الشاب : بطلت اشتري , السرم عليكم",,,,,,,
4437,يدخل واحد من اللجنة,,,,,,,
4438,الشاب : حاسو ضيق شوي في نمرا اوسع ?,,,,,,,
4439,البياع : موجود عندي بنطالون بلبس 100 زيك .,,,,,,,
4440,المشهد ا لاخير :,,,,,,,
4441,قاعة محكمة,,,,,,,
4442,1 - احد رجال اللجنة ممسكا شاب والى القاضي,,,,,,,
4443,ابو هشام : سيدي هذا مسكناه قاص قصة كرستيانو,,,,,,,
4444,القاضي : كمان مدريدي ولا ? قصة كرستيانو 6 اشهر,,,,,,,
4445,2 - شاب اخر,,,,,,,
4446,ابو هشام : سيدي هذا مسقع قاص قصة تامر حسني,,,,,,,
4447,"القاضي : ما ابيخك , مش لاقي غير تقلد هالمسقع , سنة , والها قصة شفيق جلال ع جنب",,,,,,,
4448,3 - شاب اخر ولكنه اصلع,,,,,,,
4449,"ابو هشام : سيدي هذا مش منطبقة عليه ولا قصة كيف نتعامل معاه , تهنا ?",,,,,,,
4450,القاضي وابو هشام باهتين ينظرون الى الاصلع,,,,,,,
4451,القاضي : هاذي ما اجتش في بالنا .,,,,,,,
4452,"مدرسة علياء المهدي",,,,,,,
4453,"منزل ( يجلس كريم مع صديقه عوض وشربون قهوه , عوض معه لابتوب ويعمل عليه )",,,,,,,
4454,"كريم : انا مش اخونجي ولا علماني ولا سلفي ولا شيوعي , انا انسان وعندي فكر , بس بحكي محدش بسمع , ولعلمك الي 8 سنين مخلص متخرج من الجامعه وفش شغل اضربني بالحيط برن انا مش مشكله الموضوع اكبر .",,,,,,,
4455,"القوميه العربيه وين ? في طبخه بنسكتش عليها من تونس الخضراء لشام صلاح الدين , ومن مصر ام الدنيا للعراق بلد النواس في مشكله .",,,,,,,
4456,بحكي مع حالي انا ?,,,,,,,
4457,عوض : عليا منزله صور جديده .,,,,,,,
4458,كريم : انيه عليا ?,,,,,,,
4459,عوض : عليا المهدي شلحت كمان مره ضد الدستور ! اسكت . . . . قبلها كانت شالحه مع الثوره بس صور التشليح ضد الدستور احلى كتير .,,,,,,,
4460,"كريم : هات فرجيني . ( ينظر الى شاشة اللابتوب ) شو هاضا . شو هاضا . فرجيني صورها تعات الثوره . . . هادا صاحبها حامل جيتار , شكلهم سهرانين سهره اخت شلن .",,,,,,,
4461,عوض : لسا في صوره الها مش لابسه ولا اشي بس كعب احمر .,,,,,,,
4462,كريم : بس كعب فرجيني وين كاينه غايبه عني هادي .,,,,,,,
4463,"عوض : شوف عليها 3 مليون مشاهد , وعندها مدونه مذكرات ثائره . . . . اسمع البنت نشيطه .",,,,,,,
4464,كريم : حسب منا شايف البنت نشيطه جدا جدا . . طيب لما شلحت اثرت على قرار مرسي ?,,,,,,,
4465,"عوض : ولا يازلمه لما عرف انها شلحت ضد الدستور عمل استفتاء . . . . اخدت لجوء ع السويد وصارت تشلح من برا وصار عندها جروب شليحات , هادي حريه شخصيه البنت وصلت لهدفها .",,,,,,,
4466,"كريم : الهدف واضح , البنت نشيطه جدا .",,,,,,,
4467,"عوض : هلا انت بدل ماكل يوم مستلمني وبتعطيني نس المحاضره , قوميه عربيه ومصر ام الدنيا وتونس الخضرا . . . . اشلح بعديها الكل بصير يسمعلك .",,,,,,,
4468,"كريم : عشانها بنت الناس بتتفرج , انا اذا شلحت على شو بدهم يتفرجو .",,,,,,,
4469,"عوض : هي الضربه , عمرك شفت شاب شلح وصور حاله ? منيموم بتوخد لجوء ع النرويج .",,,,,,,
4470,المشهد الثاني,,,,,,,
4471,"( في حديقة بيت , عوض يحمل كاميرا ويصور كريم عريان )",,,,,,,
4472,"عوض : تعال على جنب شوي , بدي ابين وراك خضار مش حلو يطلع حيط .",,,,,,,
4473,كريم : شو رايك انت تشلح وتحط وجهي على جسمك @@Lاط@@Pهْتْ @@Lاط@@سهْة,,,,,,,
4474,عوض : بزبطش لازم تشلح وتحكي عن تونس الخضرا وعراق النواس لازم تعطيني اكثر من بوزشن .,,,,,,,
4475,كريم : شو اكتر من بوزشن ? انا بس بعمل بوزشن واحد على الواقف .,,,,,,,
4476,عوض : يلا اشلح .,,,,,,,
4477,كريم : طيب يازلمه فكرك انا مفرقه عندي .,,,,,,,
4478,( يبدأ بخلع ملابسه ببطئ ),,,,,,,
4479,"تظهر حجه من وراء شباك",,,,,,,
4480,الحجه : يلا ياخالتي نشفة ريقنا .,,,,,,,
4481,كريم : ديري وجهك ياخالتي انا زي ولادك .,,,,,,,
4482,الحجه : ماعشانك زي ولادي . . . ماانت بدك تشلح ويشوفك ملايين وقفت على خالتك ام اعلي .,,,,,,,
4483,"كريم : هادي نفسها طريه , خلص بتشوفيني على النت ياخالتي .",,,,,,,
4484,"الحجه : لا انا بدي لايف , يلا ياخالتي الطبخه على النار .",,,,,,,
4485,عوض : يلا يازلمه اشلح كل الجماهير بطالب,,,,,,,
4486,كريم : هي عليا احسن مني ها ( يشلح البنطلون ),,,,,,,
4487,"( تظهر على الشاشه صورة جسم شاب بعضلات وعليها وجه كريم , وتخفا الاوضاع الحساسه , مكتوب على الصوره اخوكم الثائر كريم",,,,,,,
4488,) @@Lاط@@Lِكe @@Lاط@@مe @@Lاط@@ْن @@Lاط@@فَceبْْك,,,,,,,
4489,مشهد 3,,,,,,,
4490,"مقهى رجال , فيه شباب تلعب شده او زهر .",,,,,,,
4491,"يدخل كريم متباهيا , يعتقد ان الجمهور شاهده على يوتيوب , لا أحد في القهوه يكترث له .",,,,,,,
4492,صبي القهوه : شو تشرب يامعلم ?,,,,,,,
4493,كريم : مش عارفني وله ?,,,,,,,
4494,صبي القهوه : اول مره بشوفك .,,,,,,,
4495,كريم : بتفتحش نت من مره ?,,,,,,,
4496,صبي القهوه : ولا بعرفلوا,,,,,,,
4497,( كريم ينظر الى الطاوله المجاوره ),,,,,,,
4498,شخص ينظر الى كريم,,,,,,,
4499,كريم : شو مش عارفني ?,,,,,,,
4500,الشخص : عفوا !,,,,,,,
4501,كريم : قلت يمكن شايفني عل اليوتيوب أو فيسبوك أو تويتر ?,,,,,,,
4502,الشخص ( يتحدث إلى الشاب إلى جانبه ) : هذا شكله خالص !,,,,,,,
4503,كريم يقف,,,,,,,
4504,كريم : محدش عارفني ?,,,,,,,
4505,( يخرج و يتصل على عوض ),,,,,,,
4506,"آلو , عوض , أنا في البلد و محدش عارفني , إنت متأكد إنك نزلتلي فيديو و أنا مشلح , شو , بس 2 فيوز !",,,,,,,
4507,"يعني شلحتي راحت عل الفاضي ! يا زلمة أعطيتك أكثر من بوزشن , لازم الفيديو كسر الدنيا !",,,,,,,
4508,يمر رجل من جانب كريم,,,,,,,
4509,كريم : مش عارفني ?,,,,,,,
4510,الرجل : إذا مزعتك شفرة بخلي وجهك شوارع ! اقلب !,,,,,,,
4511,المشهد الأخير :,,,,,,,
4512,نرى كريم و عوض يلبسون لبس مرتب ( و كريم يحمل بوكيه ورد و ذاهبون لخطبة فتاة ),,,,,,,
4513,"عوض : تضلش كلكان يا زلمة , الفيديو صارلو سنة و نص , و مفش غير تنين شافوه , و أنا سويتله ديليت ! بعدين البنت بتعرفها إلك سنة , عمرها جابتلك سيرة ?",,,,,,,
4514,كريم : لا ولا مرة !,,,,,,,
4515,"( نراهم في منزل عائلة الفتاة جالسون في الصالون , الأب و كريم و عوض )",,,,,,,
4516,الأب ينظر إلى كريم بتمعن و كأنه شاكك أنه رآه,,,,,,,
4517,كريم عينيه في الأرض,,,,,,,
4518,عوض : عمي أبو جريس صلي عل النبي,,,,,,,
4519,الأب : عليه الصلاة و السلام ( ينظر إلى كريم ),,,,,,,
4520,كريم عينيه في الأرض,,,,,,,
4521,"عوض : إحنا جايين زيارة أولى و إن شاء الله الزيارة الجاي تيجي خالتي أم كريم و عمي أبو كريم و بتحكو في التفاصيل",,,,,,,
4522,الأب : بالمهلي,,,,,,,
4523,إلى كريم : بس أنا شايفك ! وين مش عارف ! يا زلمة سطلتني !,,,,,,,
4524,"كريم : أنا ابن البلد , أكيد شايفني في إحدى هل المحلات !",,,,,,,
4525,"الأب : لأ , إنت بتطلع في التلفزيون إيشي ?",,,,,,,
4526,"كريم : أنا مهندس كهرباء عمي !",,,,,,,
4527,( عوض و كريم يتوترون ),,,,,,,
4528,"الأب : إنت بتكتب شعر ملتزم ? تونس الخضراء و مصر أم الدنيا ?",,,,,,,
4529,كريم ( لعوض ) : إنت متأكد تنين فيوز بس ?,,,,,,,
4530,عوض : متأكد ! مبارح شيكت ! قبل ما أعمل ديليت . . . صلي عل النبي يا عم أبو جريس !,,,,,,,
4531,الأب : عليه السلام ! أشوف وقف يا كريم !,,,,,,,
4532,كريم يقف و تعابير وجهه مرعوب,,,,,,,
4533,الأب : أشوف لف ?,,,,,,,
4534,كريم يلف,,,,,,,
4535,الأب : علي الطلاق إنك أنت !,,,,,,,
4536,كريم لعوض : قلتلك بلاش البوزشنات ! عرفني من ورا !,,,,,,,
4537,عوض : يا زلمة و الله ما في غير تنين فيوز ! ! !,,,,,,,
4538,الأب : ما أنا واحد منهم !,,,,,,,
4539,عوض : طيب أنا بالإذن عمي !,,,,,,,
4540,الأب : إنت الله يسهل عليك ! بس خليلي كريم شوي !,,,,,,,
4541,يخرج عوض,,,,,,,
4542,"الأب يخرج بلطة من تحت الكنباية , يضرب كريم ضربة واحدة , الشاشة ظلام , صوت كريم , بطلت أشوف , قلتلك بلاش تصورني بوزشنات !",,,,,,,
4544,مسلسل @@Lاط@@ًرِeندس,,,,,,,
4545,حوش دار - تلفزيون خارجي مع كراسي ( جلسة خارجية ) رجل وزوجته ينادون على الجيران لحضور المسلسل . يوجد شاي وبزر وذرة على الطاولة .,,,,,,,
4546,"صافي : ( ينادي ) رباب , رباب بدا المسلسل جهزي الشاي ويلا . . . هذي الحلقة نار راح تكون ( ينادي ) يا عبد يلا يا زلمة بدا المسلسل",,,,,,,
4547,( يدخل ابو خالد وزوجته ) جيتوا والله جابكوا هلا ببدا,,,,,,,
4548,يتجمعون جميعهم حول التلفاز,,,,,,,
4549,الفيديو الاول :,,,,,,,
4550,كلمة خالد مشعل في توقيع اتفاق المصالحة الفلسطينية من دقيقة 2 : 13 - 4 : 25,,,,,,,
4551,يتخلل الفيديو ضحك وتعليقات,,,,,,,
4552,- هذي بقت قوية قتلني فيها,,,,,,,
4553,- اليوم الحلقة نار تحشيش لعادة,,,,,,,
4554,- انا اشوف هالممثل بضحك قبل ما يحكي,,,,,,,
4555,- هذا الممثل في ريا وسكينة عجب بدع,,,,,,,
4556,الفيديو الثاني :,,,,,,,
4557,"عزام الاحمد : الثورات العربية دفعتنا الى انهاء الانقسام",,,,,,,
4558,يتخلل الفيديو ضحك وتعليقات,,,,,,,
4559,- هذا الممثل في الكوميديا لا يعلى عليه بموت عليه,,,,,,,
4560,"- الشعب رافع شعارين , ليش هو في شعب",,,,,,,
4561,"- قالك ساعة ونص بنكون مخلصين ع كلشي , مش ساعة وربع ولا ساعتين الا 10 دقائق , ونص",,,,,,,
4562,- مش طبيعي هالمسلسل لامم اشطر ممثلين الكوميديا في البلد,,,,,,,
4563,الفيديو الثالث :,,,,,,,
4564,"ارتياح فلسطيني لاتفاق فتح وحماس على انهاء الانقسام من دقيقة 0 : 13 ( ملاحظة : تغطية وجه المرأة وتغير صوتها )",,,,,,,
4565,يتخلل الفيديو ضحك وتعليقات,,,,,,,
4566,- هذي دايما صح بتطلع مشهد صغير بس بتفطس ضحك,,,,,,,
4567,"- هذي اللي بتصدق كلشي بنحكالها , عالبركة , دورها رهيب",,,,,,,
4568,- يحرك حريشها ما اخف دمها,,,,,,,
4569,الفيديو الرابع :,,,,,,,
4570,ردود الفعل الاسرائيلية على اتفاق فتح وحماس,,,,,,,
4571,يتخلل الفيديو ضحك وتعليقات,,,,,,,
4572,- صدق صدق الاهبل,,,,,,,
4573,- بس هذا خبيث راح يفسدهم مع بعض,,,,,,,
4574,- يلعن عرض ادوارو كلها شر بشر,,,,,,,
4575,- بس معلم بزبطها,,,,,,,
4576,- ممثل امريكي بندوق,,,,,,,
4577,الفيديو الخامس :,,,,,,,
4578,المصالحة الفلسطينية باتت على الابوب - منيب المصري,,,,,,,
4579,يتخلل الفيديو ضحك وتعليقات,,,,,,,
4580,"- هذا في الستاند اب كوميدي لا يعلي عليه , نمبر , شوفوا هلقيت كيف بدو يعجب",,,,,,,
4581,- - حتى في الانقسام دخل المستثمرين,,,,,,,
4581,هذا قبل التمثيل كان موسرجي,,,,,,,
4582,- نسي اسم الممثل التاني,,,,,,,
4583,- مين ابو عمي موسى ?,,,,,,,
4584,- شو بحكي هذا ? بلش يخربط,,,,,,,
4585,- - حتى في الانقسام دخل المستثمرين,,,,,,,
4586,"- منيب الاحمد . . . بخربط . . . شو مالو ? بدل عزام الاحمد حكى منيب الاحمد , هذا الزلمة دخل في الحيط",,,,,,,
4587,- بس تحشيش عنجد قفلة حلوة,,,,,,,
4588,- المخرج قالو انت تمثلش اطلع زي ما انت,,,,,,,
4589,- ولا فهمنا عليه اشي,,,,,,,
4590,"- منيب الاحمد , موسى ابة عمر , داوود ابو خديجة , عيد الزلمة",,,,,,,
4591,( ينتهي المسلسل ),,,,,,,
4592,"- للأمانة حلقة من الاخر , انشاء الله حلقة بكرا تطلع زيها",,,,,,,
4593,ننتقل الى ستوديو تلفزيون الفلسطينية في برنامج الصباح . مقدمة البرنامج وضيوف الحلقة طاقم وطن ع وتر ولكنهم عجائز بما فيهم المقدمة .,,,,,,,
4594,"المقدمة : سيداتي سادتي يسعد صباحكم في هذا النهار المشمس والجميل والموافق 3 / 7 / 2040 . اليوم حلقتنا راح تكون كتير مميزة مع ضيوف كتير مميرزين وكتير بتحبوهم ممثلين البرنامج الاشهر في فلسطين , وطن ع وتر . معانا الحج عماد كاتب وممثل , ومعانا الحجة منال وردة البرنامج ومعانا ايضا الحج خالد والحج محمد . اهلا وسهلا فيكوا وبنشكركوا انو قدرتوا تقوموا من التخوت وتوصلوا عنا .",,,,,,,
4595,"حج عماد احنا مقبلين ع شهر رمضان المبارك واكيد انتو راح تطلعوا على الشاشة السنة , شو اهم المواضيع اللي راح تطرقولها هاي السنة 2040 ?",,,,,,,
4596,عماد : ها ?,,,,,,,
4597,منال : ( تصرخ في اذنه ) بتسألك شو بدك نقول السنة ?,,,,,,,
4598,عماد : سامع سامع . . . شو قالت ?,,,,,,,
4599,محمد : بتقولك شو بدنا نقول السنة ?,,,,,,,
4600,"خالد : سايسوا يا جماعة سايسوا , انا هلقيت بفهموا , يا حج قصدها عن شو حلقات السنة ?",,,,,,,
4601,عماد : عن المصالحة هذا الموضوع الابرز,,,,,,,
4602,"المقدمة : حجة منال في اشياء اخرى ?",,,,,,,
4603,منال : ما قالك المصالحة هي الموضوع الابرز,,,,,,,
4604,المقدمة : ( تنظر الى خالد ومحمد ) في حدا حابب يضيف,,,,,,,
4605,"خالد : وشو نضيف , ما قالك المصالحة",,,,,,,
4606,"محمد : انا بحب اضيف , غير المصالحة راح نحكي عن انهاء الانقسام",,,,,,,
4607,"المقدمة : حج عماد في وطن ع وتر اتطرقتوا لقضايا كتيرة , ومنها اللي ما زال عايش لغاية اليوم وبنحضر لليوم , في رأيك انو اكتر مقطع ما زال بعبر عن وضعنا ?",,,,,,,
4608,عماد : ( صافن في المقدمة ),,,,,,,
4609,محمد : مالك مبلم ? يلعن هذا تبعت البسبورتات لليوم,,,,,,,
4610,عماد : هذي انيه سنة ?,,,,,,,
4611,محمد : زمان,,,,,,,
4612,منال : يا حج لما تسافر ويقولولك ليش معك اكتر من هذا,,,,,,,
4613,عماد : شو هو هذا اللي بتحكوا عنو,,,,,,,
4614,"خالد : سايسوا يا جماعة سايسوا , حطولوا اياه عشان يفطن",,,,,,,
4615,عماد : شوب دكوا تحطولي يا هلسات ?,,,,,,,
4616,خالد : بدنا نحطلك هذا عشان تفطن,,,,,,,
4617,عماد : شو هو هذا ?,,,,,,,
4618,"المقدمة : ( للمخرج ) كت كت فضحونا مش سامعين اشي ولا فاهمين اشي وبخبصوا في الحكي , هدول لا بوخدوا ولا بعطوا",,,,,,,
4619,منال : فشرتي بنوخد وبنعطي وعلى قد حالنا,,,,,,,
4620,"عماد : انو اللي بوخد وبعطي , حج خالد قولك كلمة ( خالد نائم ) هذا الشاطر فيه , تشخور من فوق وتضرط من تحت",,,,,,,
4621,محمد : بتتذكر يا حج عماد لما مزعتك كف في حلقة عزايم رمضان ?,,,,,,,
4622,عماد : هذا انيه سنة,,,,,,,
4623,منال : خوف الله هذيك بقت ايام ما اخذنا دولة عضو مراقب,,,,,,,
4624,عماد : انو راكب ? في أي سنة مثل معنا,,,,,,,
4625,خالد : يا زلمة وقت حرب غزة,,,,,,,
4626,عماد : انيه غزة ? أي حلقة طاعت معنا ?,,,,,,,
4627,"المقدمة : هدولا شطبوا من مرة , الى هنا بنكون وصلنا لنهاية اللقاء . . . وشكرا الكم , الله اعلم بقدروا يسوا رمضان القادم ولا لأ .",,,,,,,
4628,عماد : انو اللي قادم ?,,,,,,,
4629,موسيقى نهاية البرنامج,,,,,,,
4630,نشاهد مقدم موجز الاخبار من قناة الفلسطينية ( ابو حمدية ),,,,,,,
4631,"المقدم : اعزائي المشاهدين اسعد الله مساءكم ونقدم لكم موجز الانباء ليوم 14 / 9 / 2050",,,,,,,
4632,"انتقل الى رحمته تعالى فريق البرنامج الفلسطيني الساخر وطن ع وتر , هذا وتباينت ردود الافعال من وفاة الطاقم حيث رحبت كافة الفصائل الفلسطينية بموت الطاقم وقامت بتوزيع الملبس على المواطنين والاطفال اللذين يلعبون على البسكليتات . اما على صعيد السياسيين فقد صرح صائب عريقات بأسفه لموت الطاقم وقال اضحكوني في حياتهم واضحكوني في مماتهم وكنت ارغب ان يقرأوا كتابي الجديد كيف تصبح مفاوض محنك . هذا واعرب عزام الاحمد عن أسفه لموت الطاقم وقال تمنيت ان يشهدوا على توقيع اتفاق المصالحة النهائي والذي سيقام في الخرطوم بعد يومين تلات , اما ردود الفعل في دولة غزة الشقيقة فكانت ايضا متباينة , فقد استقبل رئيس الوزراء السيد اسماعيل هنية الخبر بفرحة عارمة وقام بصرف راتب شهر مكافئة لجميع عناصر الحركة .",,,,,,,
4633,المشهد الاخير,,,,,,,
4634,في مقبرة - ليلا - موسيقى - نسمع صوت الممثلين همسا,,,,,,,
4635,خالد : شباب في حدا فيكوا صاحي ?,,,,,,,
4636,محمد : انا صاحي شو بدك,,,,,,,
4637,منال : عماد زهقت لحالي سليني هاتلك نكتة,,,,,,,
4638,عماد : المصالحة,,,,,,,
4639,الجميع يضحكون,,,,,,,
4640,مواقف محرجه,,,,,,,
4641,عماد في الاستوديو,,,,,,,
4642,عماد : انا من كتر ماطلعت على مطاعم مع بنات خلعت سناني . . . . حافظ كل دواوينهم . . . كل اللي بتشفوه مظاهر . . . وللشباب اللي بتريل وبترخي هبلها . . . شد حالك احزك حالك,,,,,,,
4643,( مشهد تصويري يتنقل في الاستوديو بين عماد ومشهد المطعم ),,,,,,,
4644,( منال وشاب في المطعم ),,,,,,,
4645,منال : في عندكم واي فاي ?,,,,,,,
4646,عماد : هادا اول شي بسألوا عنو عشان تكتب على الفيس,,,,,,,
4648,"مش حافظه غير 3 كلمات واي فاي , دون , سالوشن . . . كلمة دون الكل صاير يستعملها حتى امي بقولها رايح ع الشغل سلام بتحكيلي دون , يلا دون احسن من دعوة الله يبعد عنك بنات الحرام قطعت رزقتي احر فتره .",,,,,,,
4649,منال : ( في المطعم الى الجرسون ),,,,,,,
4651,"عماد : غرين سالاد يامفجوعه , ادا مش مازعه 3 ساندويشات شاورما قبل ما تيجي هي شواربي .",,,,,,,
4652,منال تأكل بطريقه رومانسيه وتمسح شفاها باستمرار,,,,,,,
4653,"عماد : ممم ما انعمها . . . اللي بشوفك بقول متربيه في الشانزلزيه يابنت الزرقاء .",,,,,,,
4654,"عماد : ممم اصحي تريلي , شفناكي في الكرشات البن واصل لكواعك ( تمسح مره احرى )",,,,,,,
4655,"بتمسحي منتي في الدار بتمسحي بشريطة المطبح , بوكسر ستك .",,,,,,,
4656,منال : بالاذن بدي روح على لتواليت .,,,,,,,
4657,"عماد : تواليت يابنت وداد , على لحساب اسموا بيت الحارج .",,,,,,,
4658,"( منال تذهب الى الحمام الكاميرا تتبعها , تفتح البنطلون وتريح كرشها ,",,,,,,,
4659,منال : يما انقتلت ولا راضي يرخي هالبنطلون .,,,,,,,
4660,"عماد : طبعا مش راضي يرخي ياغوله , لانو مقاسك 42 وبتلبسي 36 , ولما تلبسي بتنامي ع التخت وبتشدي كرشك لجوا , وبتكون اختك وامك واخوكي لصغير كل واحد بشد من جهه عشان يتزرر .",,,,,,,
4661,( تشلح الكعب لترتاح قليلا ),,,,,,,
4662,"منال : يما رجلي بنقرو نقر , ولا راضيه ترخي الكندرة , قتلتني",,,,,,,
4663,منال تبدا بتزبيط نفسها,,,,,,,
4664,عماد : يا ريت حبة مسكه عشان ريحة التم,,,,,,,
4665,تعود منال الى الطاولة,,,,,,,
4666,مشهد 2,,,,,,,
4667,منال في الاستوديو وعماد في مشهد تمثيلي في المطعم معه حنان,,,,,,,
4668,عماد : ( الى الجرسون ) لو سمحت المنيو,,,,,,,
4669,"منال : منيو يا ابن بديعة , بضلك حمار وبتعرفش انجليزي , شوفوا كيف راح يعك",,,,,,,
4670,عماد : ( الى الجرسون ) رقم 3 كتير زاكي ديليشوس خدي مني,,,,,,,
4671,منال : ديليشوس يا ابن العروب,,,,,,,
4672,الجرسون يحضر الطعام وهو صحن مجدرة,,,,,,,
4673,عماد : هو كاين رقم 3 مجدرة,,,,,,,
4674,منال : مش حكتلكوا حمار,,,,,,,
4675,( عماد يأكل شوي شوي ويمسح فمه بطريقة مؤدبة جدا ),,,,,,,
4676,منال : مم مأدب كتير على الحساب المجدرة في داركو بتوكلها مع خبر وبتكون تفقش في رووس البصل وزيت الزتون يشروط,,,,,,,
4677,عماد : ( يؤشر الى شخص ما ) هاي كيفك ? اكس كيوز مي,,,,,,,
4678,منال : هاي كيفك ? نسيت ع العواف وميل . . . عايد,,,,,,,
4679,يرن هاتف عماد,,,,,,,
4680,"عماد : ييه زهقتني , شو بدها هاي , ليل نهار ترن اف بتنعطاش عين",,,,,,,
4681,"منال : زهقتك , يلعن ابو اشكالك يا خريط",,,,,,,
4682,"عماد : اكس كيوز مي , بالاذن بس بدي اروح على الحمام أفن",,,,,,,
4683,منال : تفن ?,,,,,,,
4684,"عماد : ( على الهاتف ) يلعن ابو اهلهن هال 100 @@Lاط@@ش اللي مجنني تلفونات عليهن خلص وين انت عند الاطفائية , خلص ربع ساعة وبجيك , وجيب الكمبيالة معك عشان نخلص",,,,,,,
4685,عماد في الاستوديو,,,,,,,
4686,عماد : من اصعب المواقف اللي بنحطوا فيها البنات,,,,,,,
4687,نشاهد حنان ويارا لابسات نفس الفستان,,,,,,,
4688,عماد : نفس الفستان وفي نفس المحل . . . مصيبة . . . يعني الواحدة لو تدفن ابوها وامها اهون عليها من هالموقف,,,,,,,
4689,عماد : يا بيي ما اصعب اللي جاي,,,,,,,
4690,"منال في المطعم على سنها الامامي قطعة بقدونس , يدخل شاب يضحك هو ومنال",,,,,,,
4691,عماد : كل تركيز الشاب شو الاخضر اللي على سنانها . . . . هي مسخمة مش منبهة,,,,,,,
4692,عماد : ( يرسل لها اس ام اس ) سوسن انبهي في بقدونسة على سنانك,,,,,,,
4693,منال تحرج وتمرر لسانها فوق اسنانها,,,,,,,
4694,عماد في الاستوديو,,,,,,,
4695,"عماد : في العراس والمناسبات النسوان بتروح ع الحمام 70 مرة , بتحسهم مش جايين على الحفلة جايين على الحمام . انا في البداية كنت افكر انهم بنزنقوا كتير غير انهم بروحوا يريحوا الكرش , طلع الموضوع اشي تاني . بعدين مش وحدة وحدة بروحوا على الحمام يا تنتين تنتين يا فوج فوج ENGLISHTEXT , بكونوا يغمزوا لبعض . . . سامية . . . ول بس اخلص الرقصة . . . الحقيني على الحمام بدي اياكي شوي",,,,,,,
4696,في الحمام,,,,,,,
4697,ممثلة 1 + ممثلة 2 يتمكيجون ويرتبون ملابسهم ويتحثون عن منال,,,,,,,
4698,منال داخل الحمام,,,,,,,
4699,حنان : شوه الفستان اللي لابستوا ما شافتش حالها في المراي قبل ما تيجي,,,,,,,
4700,يارا : يا بي يشو نصحانه مبغلة,,,,,,,
4701,حنان : : سمعن معها الغدد عشان هيك نصحانة,,,,,,,
4702,"يارا : : ولا غدد ولا اشي امها الحية هيك بتحكي , بس المزبوط بعد ما دشرها خطيبها صار عندها اكتئاب",,,,,,,
4703,حنان : : انا مش فاهمة كيف خطبها . . . واحد زيو 100 بنت بتتمناه,,,,,,,
4704,يارا : : وشفتي كيف بترقص زي اللي بتجاكر مجاكرة ومع هالنصاحة اللي عليها بترط رط,,,,,,,
4705,حنان : : بس والله بحزن عليها هذا الثاني اللي بدشرها,,,,,,,
4706,يارا : : تخافيش عليها قوية,,,,,,,
4707,"منال من الداخل تدفش باب الحمام برجلها , الفتيات تجفل",,,,,,,
4708,"منال تغشل يديها بهدوء وترتب نفسها بطريقة المجاكرة",,,,,,,
4709,منال تغني : لاموني اللي غارو مني,,,,,,,
4710,قبل ان تخرج تلتفت لهم : على فكرة هذا التالت يا بايرات,,,,,,,
4711,عماد ومنال في المطعم منسجمان / منال تذهب الى الحمام تاركة موبايلها على الطاولة وجزدانها,,,,,,,
4712,يدخل شاب ( اخو منال ) على المطعم يسلم على عماد ويجلس على الطاولة معه,,,,,,,
4713,عماد يرتبك ويؤمي الجزدان تحت الطاولة,,,,,,,
4714,يتحدث الشابان قليلا بتوتر,,,,,,,
4715,عماد يرسل مسج الى منال ( تطلعيش من الحمام اخوكي رجب قاعد معاي على الطاولة ) يرن هاتف منال على الطاولة - عماد يجفل,,,,,,,
4716,عماد : بلاذن بس دقيقة بدي اروح على الحمام,,,,,,,
4717,"يحاول الدخول الى حمام النساء",,,,,,,
4718,"الجرسون : وين داخل يا هامل ? افلامكوا بتمشيش علينا , انصرف برا",,,,,,,
4719,يعود عماد الى الطاولة,,,,,,,
4720,"تخرج منال من الحمام , تنتبه لوجود شاب على الطاولة عماد يعطيها اشارة بوجهه ان تعود",,,,,,,
4721,منال لا تفهم,,,,,,,
4722,عماد يغمزها ان لا تاتي,,,,,,,
4723,عماد : ( الى الاخ ) هذي سيارتك / يدير وجهه,,,,,,,
4724,عماد يعطي اشارة الى منال ان الشاب اخوها,,,,,,,
4725,منال لا تفهم وتعطيه اشارة / آجي ?,,,,,,,
4726,عماد يعطي اشارة لا ولكن يلعب بشعره,,,,,,,
4727,منال تعطيه اشارة ان يحضر جزدانها وهاتفها,,,,,,,
4728,عماد اشارات كيف احضرهم وصعوبة موقف عماد,,,,,,,
4729,منال تسأله : مين ? ( بالاشارات ),,,,,,,
4730,عماد : ( اشارة حك الاصبع وكانها اخوكي ) ياعن عرض الحكة,,,,,,,
4731,رجب : عشان الجو ناشف . . . . ( الى الجرسون ) واحد قهوة ابو الشباب,,,,,,,
4732,عماد : اشارة وقعنا في الفخ,,,,,,,
4733,منال تذهب باتجاه الطاولة,,,,,,,
4734,"منال : مالك يا زلمة الك ساعة بتأشر مس فاهمة عليك , بدي الجزدان والتلفون . . . تشاهد رجب اخاها",,,,,,,
4735,عماد : بحب اعرفك على على اخوكي رجب,,,,,,,
4736,امزع هالموس وخلصنا عليك عليك,,,,,,,
4737,نكشات,,,,,,,
4738,نكشة 1,,,,,,,
4739,"كهرباء غزة",,,,,,,
4740,لوحة 1 :,,,,,,,
4741,شاب في منزله يشاهد مباراة كرة قدم ( صوت المباراة ),,,,,,,
4742,"الشاب : ( منفعل مع المباراة ) نزل ميسي ما هيو زي الحصان وين الاصابة ? يلعن عرضها 1 : 0 يلعن عرض الالمان ماكينات مش بشر هدول ( يرفع الهاتف ) الو الكهرباء اه شاكر , هينا مغلوبين 1 : 0 علي الطلاق اذا انقطعت الكهرباء قبل ما تخلص المباراة لحرق كل غزة هيني بقولك",,,,,,,
4743,"نرى شاكر في مكتبه بشركة الكهرباء يستقبل مكالمات المواطنين",,,,,,,
4744,"شاكر : اسمع انا بمشي حسب جدول توزيع المناطق , ولو انكو زلام بتنغلبوش على ارضكو",,,,,,,
4745,لوحة 2 :,,,,,,,
4746,حجة في المنزل امام فرن الخبيز,,,,,,,
4747,"الحجة : الو اه شاكر , ليش رفعت الخط ارجعلي ارجعلي",,,,,,,
4748,"شاكر : عارف شو بدها تحكي خابزة 60 رغيف وضايل 10 ترغفة بدهن ثلث ساعة تتخلص خبز , مش تقطع الكهرباء",,,,,,,
4749,"الحجة : عفو عليك , الله يرضى عليك يما",,,,,,,
4750,لوحة 3 :,,,,,,,
4751,"رجل وزوجته في غرفة النوم , الرجل ينظر من الباب ليرى ان اطفاله ما زالوا سهرانين لو ذهبوا الى النوم",,,,,,,
4752,المرأة : انا هيني بقولك 10 دقايق وبنام,,,,,,,
4753,"الرجل : اليوم الخميس بدك تنكدي علينا ? هلقيت بتقطع الكهرباء وبناموا الاولاد",,,,,,,
4754,"المرأة : فك عني انت ولادك , مش طايقة حدا فيكوا , هيني نعست",,,,,,,
4755,"الرجل : أي هو انت كل خميس بتنعسي ? ( يرفع الهاتف ) الو شاكر يا زلمة طولت الكهرباء اليوم اقطعوها",,,,,,,
4756,"شاكر : مالك يا ابو علي لسى ضايللها ساعة ونص على منطقتكوا , حسب السولارات الموجودات",,,,,,,
4757,"الرجل : الليلة الخميس والاولاد مش راضيين ينامو , واللبيب من الاشترة يفهم",,,,,,,
4758,لوحة 4 :,,,,,,,
4759,الشاب الذي يحضر المباراة,,,,,,,
4760,"الشاب : جابو الغول الثاني , نزل ميسي , يلعن عرض الامان وحوش هدول ( يرفع الهاتف ) الو اه شاكر علي الطلاق اذا بتقطع الكهرباء الا احرق كل غزة مغلوبين لهلقيت 2 : 0",,,,,,,
4761,"شاكر : انتو البرشا اليوم من مصلحتكوا تقطع الكهرباء عشان ما حدش يشوفكوا في العتمة , احمد ربك",,,,,,,
4762,"الشاب : مش شغلك يا ريال يا هلس , علي الطلاق بحرق حالي اذا قطعت الكهرباء",,,,,,,
4763,يبقى المشهد على شاكر ويتلقى العديد من المكالمات الهاتفية,,,,,,,
4764,"هاتف 1 : الو شاكر , احنا عند دار الخطيبة والكل قاعد ومش عارف امسك ايدها اقطع الكهرباء",,,,,,,
4765,"هاتف 2 : يا خوي يا شاكر بكرا عندي تسليم بحث التخرج تحملني بس نص ساعة وبخلص طباعة , طنيب على ولاياك",,,,,,,
4766,هاتف 3 : شاكر زبطت وحدة على الفيس بوك بس بدي نص ساعة بكون ماخد رقمها,,,,,,,
4767,"هاتف 4 : شاكر يا خوي الولد حميان , منشان ربك خلي الكهرباء بقدرش يقعد بدون ماكينة الاكسجين",,,,,,,
4768,"الشاب تبع المباراة : شاكر انغلبنا 4 : 0 اذا ما قطعتش الكهرباء عن كل الوطن بحرق غزة . . . بطلنا نكيف",,,,,,,
4769,"شاكر : الو @@Lاط@@MBC اعطيني راغب علامة لو سمحت دقيقة , الو استاذ راغب معك شاكر مدير محطة كهرباء غزة طنيب على ولاياك اطلعوا عساف على السريع تخلوهوش لاخر الحلقة , السولارات من هان لنص ساعة بخلصن واذا قطعتها على عساف بقطعوني , اعطيني نانسي الله يستر عليك يا نانسي اوعي اطلعوا على السريع قبل ما تقطع الكهرباء , اه هذا رقم الشركة اذا بدك خذي رقمي الخاص . لو بدي اضوي كل غزة على حسابي الليلة الا نحضر عساف هم اهل الضفة احسن منا ناصبين شاشات في كل البلد . . . .",,,,,,,
4770,نكشة 2 :,,,,,,,
4771,"في منزل , الام والاب والعريس . يوجد على الطاولة 20 بكيت دخان مصفطات من عدة انواع",,,,,,,
4772,العريس : نشرب القهوة عمي ونتوكل على الله,,,,,,,
4773,الاب : استنى لسى ما اتفقناش على التفاصيل,,,,,,,
4774,"العريس : احنا عمي بندفع زينا زي هالناس , غروسين دخان متقدم وغروس متأخر",,,,,,,
4775,"الام : ومين قالك انو الناس بتوخد هيك , بعدين الناس حرين احنا بنتنا متعلمة وبتشتغل , بدنا 3 غروسات متقدم و 4 متاخر , بدنا نضمن مستقبل البنت .",,,,,,,
4776,"العريس : ول شو الدعوة انا ماخد قرض على غروسين دخان , وانا بيني وبين البنت حب بلاش نخسر بعض عشان بكيت دخان",,,,,,,
4777,"الاب : حبك برص , زي ما قالت ام فتحي 3 متقدم و 4 متأخر غير هيك ما عناش بنات للجيزة",,,,,,,
4778,"العريس : يا عمي مبدئيا خلينا على غروسين متقدم , انا عيني على النقوط ما هو النقوط راح يكون دخان وشو بطلع بعطيك",,,,,,,
4779,الام : وبلكي النقوط كان دخان نفل ?,,,,,,,
4780,"الاب : بلكي كمان طلع عربي منفول , بتقدر تضمن , واحنا بدنا نقعد نلف ?",,,,,,,
4781,"العريس : اسمع عمي انا هلا فورت معي انا بحكيلك معروض علي بنت ابو احمد واحلى من بنتك بنص غروس مقدم و 3 سجاير متأخر والبنت حامل جوزها مات قبل 3 اشهر , بس انا شاري بنتك",,,,,,,
4782,"الام : اسمع ولا , خاي الزيت في جرارو تتغلي اسعارو , احنا مش مستعجاين بنتنا زي كعك العيد بتنفق بسرعة",,,,,,,
4783,"العريس : والله انتو عيلة ما بشتريكوا بقمعة سيجارة , اخر اشي بقولكوا اياه غروس مالبورو شو قلتوا ?",,,,,,,
4784,الاب : اذا مالبورو غروس ونص,,,,,,,
4785,الام : اذا هيك غروس مالبورو وغروس روثمان,,,,,,,
4786,"العريس : غروس روثمان ? هذا بدي ابيع الاندر وير عشان اجيبلكوا اياه , والله انتو عيلة بكيت فكتوري بشتريهاش",,,,,,,
4787,الاب : طب انصرف برا,,,,,,,
4788,الام : اطلع انخلع,,,,,,,
4789,"العريس : صحيح انك قوية , والله بشفطة سيجارة ما بشتريكي الحمد لله عرفتكوا على البدري",,,,,,,
4790,الاب : والله انت سكن سيجارة ما بتسوى يلا انصرف,,,,,,,
4791,"العريس : خلص ولعت معي ( يفتح باكيت مالبورو ) هذا البكيت كنت مخلي لليلة الدخلة , بعت السيارة عشان اشتري , بس خلص لا في دخلة ولا في خرجة",,,,,,,
4792,الاب والام : هات سيجارة,,,,,,,
4793,العريس : مالبورو انت نجنيت,,,,,,,
4794,( يخرج بطوشة ),,,,,,,
4795,نكشة 3,,,,,,,
4796,نشاهد فيديو : معجزة اطلاق اللحية يقوي الانتصاب عند الذكر,,,,,,,
4797,"نشاهد عماد لابس دشداش وله لحية طبيرة جدا , يدخل على دافشا الباب برجله على زوجته الجالسة في الغرفة",,,,,,,
4798,المراة : ( تجفل ) بسم الله الرحمن الرحيم,,,,,,,
4799,"الرجل : انا جاهز , الي سنتين بربي دقني هلا انا جاهز",,,,,,,
4800,"المراة : طب حل عني , انت بسكسوكة ما كناش خالصين منك",,,,,,,
4801,الرجل : اذا انا هلا بنفجر بعبي الدار كاتشتب التستسرون واصل عندي للسما,,,,,,,
4802,المراة : يا ويلي الزلمة انجن,,,,,,,
4803,الرجل : يلا انا جاهز,,,,,,,
4804,المراة : ( تهرب ) يما الحقيني يما الحقيني يا ناس يا عالم الحقوني,,,,,,,
4805,نراها تركض في الشارع والرجل يركض خلفها,,,,,,,
4806,الرجل يشاهد شاب يمسح زجاج سيارته ينظر اليه ويغمزه الشاب يفهم ويبدأ بالركض,,,,,,,
4807,الرجل يلحق به,,,,,,,
4808,ENGLISHTEXT ENGLISHTEXT الاتصالات,,,,,,,
4809,"الو , شو اه حبيبتي الجو امان ? وين جوزك مسافر , ممتاز , قديش اسبوع ? ممتاز حلو . لا لا ليش اتصل عليكي على الارضي خليكي تخافيش على رصيدي ولا رصيديك في حملة للي زي اشكالنا للخونة اللي زي اشكالنا . قلتيلي قديش جوزك مسافر ? اسبوع ? يعني لو بخلي الخط مفتوح اسبوع قديش بطلع علي 4 شيكل حكي فاضي . ها شو طبختي اليومخ ? ملوخية , احكيلي بالتفصيل دقيتي عليها تومة ولا بدون تومة ? احكي يا بنت الحلال ما الخط ببلاش .",,,,,,,
4810,( نرى عماد ما زال على الهاتف ولكن الدنيا ليل وهو يلبس روب النوم ) .,,,,,,,
4811,"( عماد نصف نائم ) اه حبيبتي , مطول جوزك تيروح النا اسبوع بنحكي , انا مش على الرصيد انا مسجل في الحملة الزوج الخائن تاعت اشكالنا , انا بس ديني انخزقوا , بس سامع توتتتتتتتتتت",,,,,,,
4812,"انا نفسي افهم شغلة وحدة في خدمة اسمها ابعت مسج عشان تعرف كيف الوضع على حاجز قلنديا , مأزم مش مأزم ? وهذي الخدمة على مدار 24 ساعة .",,,,,,,
4813,"انا بس نفسي افهم كيف بعرفوا ? حاطين كاميرا على الحاجز مثلا , ما اظنش الاسرائيليين بخلوش حدا يحط كاميرا . معقول مشغلين الولاد الصغار اللي ببيعوا مسكة وآية الكرسي عصافير عندهم ? ولا موظفين واحد بضل ملطوع على الحاجز ليل نهار يحطهم في صورة الوضع ? وانا بقول دايما بشوف واحد لابس جرافة وبنطالون قماش وقاعد على الصخرة وعرقان . اتاريه طلع المندوب تبعهم . ما هو يا الاولاد اللي ببيعوا مسكة وآية الكرسي , يا المندوب ابو جرافة العرقان يا ما ضلش غير الجندي اللي على البرج .",,,,,,,
4814,الو بدي اسألك حاجز تطقوع كيف وضعوا ? طب ليش حاجز الكونتينر فش عليه هذي الخدمة ولا حاجز زعترة ? خسارة عاد بسوي مصاري منيح .,,,,,,,
4815,الو بدكوا موظفين على الحواجز ?,,,,,,,
4816,"انا كل البرامج اللي فيها تصويت وابعت @@Lاط@@سمس ما عنديش فيها مشكلة , على راسي اراب ايدول واراب جوت تايلاند وسوبر ستار , ملك الشيفات , من هو طوبرجي اليوم . مش مشكلة . بس تفسير الاحلام ليش هالقدة غالية الماسيج مش فاهم ? انا امي بتنام زي البني آدمين مرتين في اليوم مرة في الليل وقيلولة الظهر , بس بتسهي 85 مرة في اليوم , كل ما تحط حالها على الكنباية بتسهي , خير اللهم اجعله خير هات الموبايل - سيدنا الشيخ شفت حالي تحت شجرة ما هو تفسيركم @@Lاط@@سeند. ها هي طلعتي يما : مريم شفت حالي تحت شجرة , الشجرة يعني ظل والظل يعني براد في الصيف يعني فرج قريب باذن الله . 8 شيكل",,,,,,,
4817,"بتروح على المطبخ بتجلي صحنين وبترجع بتقعد بتسهي , هات يما هالتلفون سيدنا الشيخ رأيت زوجي لابس قميص @@Lاط@@ْرَنغe . ها هي يما طلعتي رايت زوجي لابس قميص @@Lاط@@ْرَنغe بلاء سوف تبتلون به والله اعلم . 9 شيكل . انا بس اللي فسي اعرفو الشيخ بوخد معاشو من المحطة ولا شركة الاتصالات بتعطيه نسبة ولا بطلع معاشو على ظهري ? ما هو فش غير حلين يا بكسر التلفزيون يا بقتل امي .",,,,,,,
4818,ENGLISHTEXT ENGLISHTEXT الأعراس,,,,,,,
4819,"سهرات الأعراس صبابا , خاصة في الصيف . أولها بكون المطرب متجلي ( يغني ) خليك هنا خليك بلاش تفارق - سيارة سوبارو نمرة صفرا مسكرة الشارع صاحبها يرفعها - بتقول يومين وتغيب سنة - سيارة نمرة طولكرم على اول الطلعة لو صاحبها يرفعها - خايفة من بكرا واللي حيجرا - فيات 27 مسكرة على مرسيدس سودا شيلوها يا شباب - لما تغيب بتقول يومين وتغيب سنة - بسكايت معطل على ممر النسوان لو صاحبو يشيلو - لا يا حبيبي لا - خال العريس من امريكا ببعت تحياتو للعريس - الفراق لا لا شوف كم سنة ضاعوا من عمرنا - اللي الو الولد الصغير اللي لابس بلوزة حمرا وشورت جينز هيو موجود في الجامع بعيط - ضاعوا مننا كم سنة كم سنة ( شخص يناوله ورقة صغيرة ) رابطة نادي شباب اربد بتحيي العريس - كم سنة ضاعو من عمرنا كم سنة . . . . . .",,,,,,,
4820,"المطرب بكمل مرة وحدة ما بتشوف الغبرا فاعت الكراسي طارت النسوان لطم على السطح , يا بيي ولعت ولعت يوسف اخو العريس ولعت معاه وسحب القشاط , وينو ? ولك انو اللي وينو ? وينو ولكو وينو ? الكل بشرد , بيجي أخو العريس الكبير سلامة , ولك شو في يا يوسف , وينو ? ولك مين اللي وينو ? بدي اخلي الدم للركب , ولك اخرس ( كف ) خلي العرس ماشي شكلك مثقل , ولك وينو ? ولك اخرس . بتيجي الشرطة وينو ? بيجي ابو العريس كبير العيلة , يوسف فوت على الدار جوا , حاضر , اخونا المطرب كمل السهرة عادي . المطرب وينو حبيبي وينو قلبي الله يعينوا , وينو ?",,,,,,,
4821,"في الاعراس والسهرات البنات بختلفو تماما , الكعب بلعب دور , في الايام العادية بتكون تحكي مع الوحدة ( ينظر لاسفل ) كيفك يا بنت عمتي رشا , الله يخليك يا ابن خالي . في الاعراس بتغيروا , ولك مين هذي , هذي بنت عمتك رشا , هاذي رشا ? ? ? ? ?",,,,,,,
4822,"احلى فقرة في السهرة زفة العريس , بصير زي شوال الرز , طبعا البدلة بتكون سمرا بتصير كموني من الغبرا شعروا بوقف لحالو بتعرفش ليش , كل العرسان بشوفهم شقر مش صابغين من الغبرا , زي الشوال الرز الكل بحمل فيه وبناول , ايوة يا عريس خود خود تعبت تناول طمل ظهرك , ارقص يا عريس ( كف ) خود تناول فوق , ييه وقع على راسو , قوم بتدلع يوم عرسك خود ( كف ) ام العريس تعال يما النسوان بدهم يشوفوك ENGLISHTEXT , ييه بدك تتجوز يقطع شرك تفو عليك صرت زلمة , برجع شيلو ايوة وقع على ظهروا انخلج قوم ولا بتدلع . بتخلص السهرة , العريس الو وينكوا شباب بس لو حدا يطلبلي الامبالانس .",,,,,,,
4823,ENGLISHTEXT ENGLISHTEXT,,,,,,,
4824,"عماد : انا نفسي افهم شغلة وحدة في خدمة اسمها ابعت مسج عشان تعرف كيف الوضع على حاجز قلنديا , مأزم مش مأزم ? وهذي الخدمة على مدار 24 ساعة انا بس نفسي افهم كيف بعرفوا ? حاطين كاميرا على الحاجز مثلا , ما اظنش الاسرائيليين بخلوش حدا يحط كاميرا . معقول مشغلين الولاد الصغار اللي ببيعوا مسكة وآية الكرسي عصافير عندهم ? ولا موظفين واحد بضل ملطوع على الحاجز ليل نهار يحطهم في صورة الوضع ? وانا بقول دايما بشوف واحد لابس جرافة وبنطالون قماش وقاعد على الصخرة وعرقان . اتاريه طلع المندوب تبعهم . ما هو يا الاولاد اللي ببيعوا مسكة وآية الكرسي , يا المندوب ابو جرافة العرقان يا ما ضلش غير الجندي اللي على البرج .",,,,,,,
4825,الو بدي اسألك حاجز تطقوع كيف وضعوا ? طب ليش حاجز الكونتينر فش عليه هذي الخدمة ولا حاجز زعترة ? خسارة عاد بسوي مصاري منيح .,,,,,,,
4826,الو بدكوا موظفين على الحواجز ?,,,,,,,
4827,"عماد : انا كل البرامج اللي فيها تصويت وابعت @@Lاط@@سمس ما عنديش فيها مشكلة , على راسي اراب ايدول واراب جوت تايلاند وسوبر ستار , ملك الشيفات , من هو طوبرجي اليوم . مش مشكلة . بس تفسير الاحلام ليش هالقدة غالية الماسيج مش فاهم ? انا امي بتنام زي البني آدمين مرتين في اليوم مرة في الليل وقيلولة الظهر , بس بتسهي 85 مرة في اليوم , كل ما تحط حالها على الكنباية بتسهي , خير اللهم اجعله خير هات الموبايل - سيدنا الشيخ شفت حالي تحت شجرة ما هو تفسيركم @@Lاط@@سeند. ها هي طلعتي يما : مريم شفت حالي تحت شجرة , الشجرة يعني ظل والظل يعني براد في الصيف يعني فرج قريب باذن الله . 8 شيكل",,,,,,,
4828,"بتروح على المطبخ بتجلي صحنين وبترجع بتقعد بتسهي , هات يما هالتلفون سيدنا الشيخ رأيت زوجي لابس قميص @@Lاط@@ْرَنغe . ها هي يما طلعتي رايت زوجي لابس قميص @@Lاط@@ْرَنغe بلاء سوف تبتلون به والله اعلم . 9 شيكل . انا بس اللي فسي اعرفو الشيخ بوخد معاشو من المحطة ولا شركة الاتصالات بتعطيه نسبة ولا بطلع معاشو على ظهري ? ما هو فش غير حلين يا بكسر التلفزيون يا بقتل امي .",,,,,,,
4829,"منال : عنا بتطلع بالتكسي . . . ايه ازمة . بتسأل الشوفير شوف س ليش مأزمة ? بقولك ما هو اليوم الخميس هيك . بتطلع السبت يا زلمة شو القصة ليش مأزمة ? بقولك يوم السبت عادة هيك , بتطلع الاثنين له له له شوه الأزمة شو في ? بقولك يوم الاثنين فش مجال دايما هيك . بتطلع الثلاثاء ول ليش كل هالأزمة . يوم الثلاثاء يختي معروف فس نفس . بتطلع الخميس ليش هالقدة الأزمة بقولك يوم الخميس دايما هيك , هذا يوم في الاسبوع طاير",,,,,,,
4830,"عماد : زمان اول ما اجت السلطة وكانت بعزها والمصاري حبطرش , كان الواحد ياي اشتغلت بالسلطة والام تزغرد لولولي مهند اشتغل بالسلطة . بعد ما وقفت المعاشات , ولك يا محمد مهند اشتغل بالسلطة , بستاهل والله عمري ما حبيتو .",,,,,,,
4831,"منال : اللي شاف المطر في الشتاء قالك جابت سمك البحر , الصيفية هاذي راح نقضيها سباحة , الواحد صار يشوف المي ويقول اف قرفناها من كترها اف ما اتقل دمها . امي الصبح لما اخوتي يصحوا على المدارس والاشغال بتوقف زي الرسد على باب الحمام . اسمع ولا انت واياه مش كل واحد يدخل على الحمام يسحب النيجرا ورا كل 4 بيبييات بنيجرا وحدة . الاول وضعوا صبابا ومتجلي بس الرابع اللي بتكحل .",,,,,,,
4832,"عماد : الاطفال صح حلوين بس احيانا بتطاقوش وبسألوا اسألة ما الهاش داعي , بضلوا يسألوا : يابا وقتيش الانتخابات , بعرفش . طب وقتيش المصالحة بدها تصير , بعرفش , طب لوقتيش سلام فياض بدو يضل رئيس وزراء , بعرفش , وقتيش المجلس التشريعي بدو يرجع على الشغل , شوب عرفني . الام خلص يا ولد تزعجش ابوك . الاب لا لا خلي الولد يستفيد .",,,,,,,
4833,اعلام اف ام مكتوب,,,,,,,
4834,على ايقاع اغنية انا مش عارفني,,,,,,,
4835,"المذيعه : وبعد سماعنا للاغنيه العاطفيه انانانا ننتقل الى نشرة قراءه في الصحف المحليه",,,,,,,
4836,"مذيع 1 : مساء الخير نقدم لكم نشرة اخبار صحيفة القدس قبل عشرين عاما",,,,,,,
4837,اقتحم عدد من المستوطنين بحماية جيش الاحتلال المسجد الاقصى يرافقهم عدد من نواب الكنيست الاسرائيلي,,,,,,,
4838,"افتتح رئيس الوزراء سلام فياض معصرة زيتون دير استيا بحضور محافظ نابلس ووجهاء البلد",,,,,,,
4839,توجه وفد فلسطيني من رام الله ووفد فلسطيني من غزه الى القاهره لبحث ملف المصالحه بحضور الرئيس المصري محمد حسني مبارك,,,,,,,
4840,"اعلن رئيس الوزراء ووزير الماليه سلام فياض بان الرواتب هذا الشهر سوف تتاخر ابو اسبوع زمان وذلك بانتظار المنحه الجزائريه",,,,,,,
4841,كنا معكم باخبار صحيفة القدس قبل عشرين عاما,,,,,,,
4842,"مذيع 2 : نقدم لكم نشرة اخبار اليوم الموافق 30.7 .2012 ( يقرء نفس اخبار قبل عشرين عاما )",,,,,,,
4843,"المخرجه : بدل حسني حط محمد مرسي , بدل وزير الماليه حط نبيل قسيس",,,,,,,
4844,فاصل اعلاني,,,,,,,
4845,"المذيعه : شركة الاتصالات اليابانيه , لا للمستحيل خدمة الزوج الخائن احكي للصبح ببلاش",,,,,,,
4846,الاعلام المكتوب,,,,,,,
4847,مشهد ناصر الشحام,,,,,,,
4848,"مذيعه : مساء الخير معكم عالمة الفلك سهام ام سمرا وبرنامج الفلك , معنا اتصال",,,,,,,
4849,صوت : الو يسعد هالطله معك ابو بكر,,,,,,,
4850,"المذيعه : ابو بكر حل عنا كل اسبوع بتتصل زهقتي , اتصال اخر الو",,,,,,,
4851,صوت : انا كتير بحب برنامجك انتي مرتبطه ?,,,,,,,
4852,"المذيعه : اه ياخوي مرتبطه وعندي ولاد خش في المهم , اي ساعه نولدت ?",,,,,,,
4853,"صوت : انا مواليد 12.5.1937 وحده ونص باليل ,",,,,,,,
4854,"المذيعه : انت برجك داخل فيه اورانوس وهدا بعملك بلبله عاطفيه , بس انت محظوظ لانو الزهره كمان ساعه بدخل في برجك بعملك انفراج عاطفي",,,,,,,
4855,صوت : مش فاهم اشي انا مصاحب و اخر فتره حاسها مش طايقيتني,,,,,,,
4856,المذيعه : حسب لمبين عندي انت متجوز وبدك تتجوز ع مرتك,,,,,,,
4857,صوت : يلعن عرضها كيف عرفت جد انها شاطره,,,,,,,
4858,المذيعه : انت حاكي انك رايح ع الصين تجيب بضاعه بس انت مع مرتك التانيه,,,,,,,
4859,صوت : يلعن عرضها كيف عرفت جد انها شاطره .,,,,,,,
4860,المذيعه : بتحب تعرف كمان,,,,,,,
4861,صوت : لاخلص احنا ع الهوا,,,,,,,
4862,انا مسافر يا امي,,,,,,,
4863,على الشاشه طباعه,,,,,,,
4864,السفر عام 1980,,,,,,,
4865,بيت متواضع الاب والام والابن يجلسون بغرفة الجلوس او ممكن جلسه ارضيه,,,,,,,
4866,( الممثلون يشددون ويمطون الكلام وخاصه كلمات يما و يابا كما في المسلسلات الاردنيه قديما ),,,,,,,
4867,الام تحضر شنطة سفر الابن وتضع ملابسه وتبكي,,,,,,,
4868,نسمع أغنية انا مسافر يا امي,,,,,,,
4869,الام : ممممم يما ما حلى ريحت قميصك يما بدك تتركنا وتسافر ع امريكا يما اخ ع ريحت بلاطينك يما الله يلعن الدراسه يما . . محلى ريحت جرابينك يما . . . ا,,,,,,,
4870,الابن : خلص يما . . الك شهر بتشمي بريحت جرابيني منقتلتيش من الريحه يما . . يابا مالك فاتح ثمك وراخي دنيك يابا . . قولك كلمه يابا,,,,,,,
4871,الاب : اخ يابا سفرتك كسرت ظهري يابا . . نفسي اخلعك فاس براسك عشان متسافرش يابا,,,,,,,
4872,( نسمع صوت الباب يدق ),,,,,,,
4873,الابن : مين,,,,,,,
4874,صوت : جعفر صديق عمرك جاي ايودعك,,,,,,,
4875,الابن : خلص يا جعفر هادي المره الالف بتودعني خلص مضلش دخان نفل,,,,,,,
4876,الام : اخ يما مين بدوا يغسلك يما مين بدوا يريح راسك لما تشخور وتريل يما,,,,,,,
4877,الابن : اخ يما غير تفضحيني ع التلفزيون قدام المشاهدين يما . . يما,,,,,,,
4878,الام : هي حضرتلك حجاب عشان يبعد عنك بنات الحرام يما,,,,,,,
4879,الابن : كحلتيني يما . . . انا رايح اشوف اشي طري غاد يما . . يما يابا ? ا,,,,,,,
4880,الام : نعم يما,,,,,,,
4881,الابن : يابا,,,,,,,
4882,الاب : نعم يابا,,,,,,,
4883,( نسمع دقات باب البيت ),,,,,,,
4884,الابن : مين,,,,,,,
4885,صوت : جعفر صاحبك وصديق عمرك جاي يودعك,,,,,,,
4886,الابن : وبعدين يا جعفر ارحمني يا زلمة والله ما ضل دخان نفل,,,,,,,
4887,الابن : يما يابا طيارتي بعد 25 يوم لازم اطلع تاخرت يابا . . التركتور بدوا 25 يوم تيصل المطار يما,,,,,,,
4888,الام : نشا الله تقع ع الدرج وتنكسر رقبتك عشان متسافرش يما . تنساش رقم دار المختار ابو احمد بتتصل وبتقطع بنادونا بدنا 10 دقايق تنصل بترجع تتصل,,,,,,,
4889,الاب : انشا الله يابا بلدعك عربيد بين عنيك عشان متشوفش الطريق وترجع يابا,,,,,,,
4890,الام : اطلع هينا مغمضين يما ( يضعون يدهم على عيونهم ),,,,,,,
4891,"الابن : حسستوني بنلعب الغمايه . . . . . انا كتبتلكوا مكتوب من اليوم عشان اذا بدي ابعتوا من امريكا بدو 5 سنين تيوصل , بس افتحوا بعد اسبوع",,,,,,,
4893,يستعد للخروج نسمع صوت دقات الباب,,,,,,,
4894,الابن : هاضا جعفر بطلت اسافر,,,,,,,
4895,على الشاشه طباعه,,,,,,,
4896,السفر عام 2012,,,,,,,
4897,الام والاب جالسون يلبسون ملابس انيقه وبيت مرتب يجلسون ويدخنون الاثنان,,,,,,,
4898,يظهر الابن يحمل شنطه وياكل مسكه,,,,,,,
4899,الام : وين ماما,,,,,,,
4900,الابن : طالع ع امريكا كمل ماستر . . بدك شي ماما ?,,,,,,,
4901,الام : لا,,,,,,,
4902,الابن : بدك شي بابا,,,,,,,
4903,الاب : لا,,,,,,,
4904,الابن : اوكي باي,,,,,,,
4905,نفس المشهد الام والاب يدخنون وجالسون موبايل الام يعطي صوت وصول مسيج,,,,,,,
4906,الام : هادا سيمون . . انا هيني في المطار ماما . . . حل عني ( ترمي الموبايل ),,,,,,,
4907,"نفس المشهد الام والاب جالسون ويدخنون , موبايل الاب يعطي صوت وصول رساله",,,,,,,
4908,الاب : هادا سيمون . . . انا هيني بطياره واكلت وجبه وبدي اغفى ساعة زمن . . ييي مبيخك ( يرمي الموبايل ),,,,,,,
4909,نفس المشهد الام والاب يدخنون وجالسون موبايل الام يعطي صوت وصول مسيج,,,,,,,
4910,الام : هادا سيمون . . ماما انا وصلت ع امريكا افتحوا سكايب افرجيكم البنت اللي زبطها في الطياره . . مبيخك ( ترمي الموبايل ),,,,,,,
4911,يرن موبايل الاب,,,,,,,
4912,الاب : الو,,,,,,,
4913,صوت الابن : الو بابا بعتلكم برنامج على الانترنت بنئدر نحكي على اي فون ببلاش نزلوه بليز ونزلوا لماما,,,,,,,
4914,الاب : الله ينزل بنات دنيك خلص بكرا . . . مش فاضين انا وماما,,,,,,,
4915,الابن : في شو مشغولين اعطيني اكسبت على الكامير بعتلكم انفايت,,,,,,,
4916,الاب : بدي اسكر الموبايل اريح,,,,,,,
4917,نفس المشهد الام والاب جالسون يدخنون . . يفتح باب البيت نشاهد الابن يدخل,,,,,,,
4918,الاب : شو جابك,,,,,,,
4919,"الابن : اخدت صاروخ فضائي ابو الليره قلت بشرب فنجان قهوه معكم وبرجع , استقتلكوا . . . . . بدي افرجيكوا صور الشاب اللي زبطوا في الطيارة ييه قصدي البنت",,,,,,,
4920,الام : يييه قوم قوم نشوفلنا اوتيل,,,,,,,
4921,جاك وفاخر فاميلي 3,,,,,,,
4922,فاخر قرر يثني,,,,,,,
4923,نرى فاخر يمشي في المنزل رايح جاي يفكر,,,,,,,
4924,نسمع صوت :,,,,,,,
4925,"جاك ومرتوا انفصلوا بنص ساعة , قالتلوا بدي ننفصل قالها @@Lاط@@Oك @@Lاط@@نْ @@Lاط@@ةرْبلeم بس المشكلة فاخر قرر يثني . . . . الله يستر",,,,,,,
4926,مشهد 1 :,,,,,,,
4927,نرى فاخر والشيخ في شقة مهجورة ينظرون حولهم بحذر,,,,,,,
4928,فاخر : أمان أمان . اه سيدنا الشيخ وين وصلنا ? خلص بدي أثني مش قادر,,,,,,,
4929,الشيخ : يجب اعلامها,,,,,,,
4930,فاخر : ومن هانا لهانا ? بدي اشي بدون اعلامها,,,,,,,
4931,"الشيخ : بزبطش , جربتها انا ما زبطتش . هلقيت لازم تعرف",,,,,,,
4932,فاخر : طب الجديدة اللي بدي اخذها يجب ان تهلم اهلها ?,,,,,,,
4933,الشيخ : ولا بدك توخدها خطيفة ?,,,,,,,
4934,فاخر : قول الجديدة مش مشكلة يتيمة بس فخرية كيف بدي اعلمها ?,,,,,,,
4935,الشيخ : في كتاب صاحبي شيخ ألفوا اسمو الطريقة الفضلى عشان تثني . . . . عندو عدة طرق جرب وحدة وحدة,,,,,,,
4936,مشهد 2 :,,,,,,,
4937,فاخر وفخرية في المنزل يشاهدون التلفاز,,,,,,,
4938,"فاخر : بتعرفي يا فخرية البنات نسبتهن اكثر من الشباب ونسبة العنوسة زادت , والله البنات بقطعن القلب يعني لازم المتزوج وحدة يثني واللي بقدر يثلث يثلث . بتعرفي المرأة بتظلم المرأة فكري فيهن يا حرام مش انت زلمة , قصدي مرا , مش حرام يضلبن وحيدات ?",,,,,,,
4939,"فخرية : طب اسكت اسكت بلا هبل , انت التاني قاعد بتتهبل , اللي بسمعك بقول نصير المرأة يا @@Lاط@@Gلَدَِتْر...... انا أخر فترة مش معجبيتني تصرفاتك خربانة اخلاقك صاير تقرأ كتير . قوم سويلنا قهوة قوم . يخرج",,,,,,,
4940,مشهد 3,,,,,,,
4941,فاخر والشيخ,,,,,,,
4942,فاخر : يلعن هاضا ما زبطتش الطريقة الاولى,,,,,,,
4943,الشيخ : هي بتخلف ?,,,,,,,
4944,فاخر : شوب تتخوت يا سيدنا الشيخ عندي 3 يا زلمة وحبلى اسبوعين,,,,,,,
4945,الشيخ : ما خبرتناش الف مبروك هذي بدها حلوان,,,,,,,
4946,فاخر : دشرنا من بطنك يا سيدنا الشيخ هلقيت . بدي كمان طريقة يلا بسرعة قبل ما تيجي الشرطة قصدي مرتي,,,,,,,
4947,"الشيخ : استعمل الطريقة التانية هذي نسبة نجاحها اقوى . اذا خايف توكل قتلة منها اكتبلها رسالة قول فيها اني بحبك وما الحب الا للحبيب الاولي بس انا مضطر اثني تضامنا مع الحد من نسبة العنوسة والنساء الوحيدات هذا واجب وطني",,,,,,,
4948,مشهد 4,,,,,,,
4949,في منزل فاخر,,,,,,,
4950,فاخر مختبئ خلف الحائط ينظر الى زوجته والرسالة في وسط الطاولة,,,,,,,
4951,فاخر : ( من بعيد ) ابصر شوه الورقة اللي قدامك على الطاولة,,,,,,,
4952,"فخرية : هذي فاتورة الكهرباء ما احنا عارفين قديش بعتوها 3 مرات . ( تلقي الرسالة في الزبالة )",,,,,,,
4953,فاخر بدو ينجلط,,,,,,,
4954,مشهد 5,,,,,,,
4955,فاخر مع الشيخ,,,,,,,
4956,فاخر : ما زبطتش ولا طريقة,,,,,,,
4957,الشيخ : قوي قلبك واخبرها مباشرة,,,,,,,
4958,فاخر : سوف اخبرها مباشرة,,,,,,,
4959,مشهد 6,,,,,,,
4960,في منزل فاخر . فاخر واقف مقابل فخرية,,,,,,,
4961,فاخر : فخرية انا بدي أثني,,,,,,,
4962,فخرية : ما قبل شوي تعشيت بدك تثني ?,,,,,,,
4963,"فاخر : عنجد يلعن هاضا هالمرة , بدي أثني بدي اتجوز",,,,,,,
4964,فخرية : شو قلت ?,,,,,,,
4965,"فاخر : بدي أثني , بطلعلي",,,,,,,
4966,فخرية : يطلعلك طله ( تضبره قتلة مرتبة ),,,,,,,
4967,"جاك وفاخر فاميلي جزء 2",,,,,,,
4968,على الشاشه طباعه جاك فاميلي,,,,,,,
4969,الام والاب والابنه,,,,,,,
4970,الام : سويتي رحلة بكرا على متحف اللوفر فيه اكتر من مليون قطعه فنيه في لوحات زيتيه وتماثيل من القرن الثامن عشر,,,,,,,
4971,الاب : الشهر الجاي بنروح على تايلند وبتوخدي معك مجهر عشان نطش في الغابات ونصيد سحالي وصراصير عشان نحللهم وشرحلك عن تاريخهم,,,,,,,
4972,على الشاشه طباعه فاخر فاميلي,,,,,,,
4973,فاخر : في بنات في تايلند ?,,,,,,,
4974,الصديق : مليانه . . . بعدها راح تصير تقول انا متجوز ضبعه,,,,,,,
4975,فاخر : كيف النظام هناك ?,,,,,,,
4976,الصديق : بتفوت على الديسكو وبتختار,,,,,,,
4977,فاخر : فش غير ديسكو واحد ? انا بحب انوع,,,,,,,
4978,الصديق : في الف ديسكو ونا معروف غاد بس احكي انا من طرف ابو اركان,,,,,,,
4979,فاخر : ابو اركان بدي مربربات وشو بطلع علي انا جاهز بدي اقضيها سكر وعربده,,,,,,,
4980,على الشاشه طباعه جاك فاميلي,,,,,,,
4981,"جاك يقرء كتاب ويستمع الى الموسيقى",,,,,,,
4982,يدق باب البيت,,,,,,,
4983,الجار : سوري بس الموسيقى عاليه شوي جارنا ممكن تخفضها,,,,,,,
4984,جاك : انيه موسيقى . . . . في حدا مشغل موسيقى ? اوه سوري هلا سمعتها اسف بيتر اسف,,,,,,,
4985,فاخر فاميلي,,,,,,,
4986,فاخر متمدد على الكنباية يستمع الى اغنية شعبية بصوت عالي جدا يأتي الجار وبصوت مرتفع,,,,,,,
4987,الجار : يا زلمة دوشتنا طرشتنا يلعن ابو هيك سكنة,,,,,,,
4988,فاخر : دوشتك ? طيب خود,,,,,,,
4989,يصفعه صفعة قوية ويهجم عليه,,,,,,,
4990,جاك فاميلي,,,,,,,
4991,المرأة تلعب رياضة وجاك جالس يقرأ كتاب,,,,,,,
4992,جاك : @@Lاط@@سوeeتي عمرها 55 سنة ومبين عليها 18 سنة @@Lاط@@غْد @@Lاط@@بلeسس @@Lاط@@هeر,,,,,,,
4993,فاخر فاميلي,,,,,,,
4994,الزوجة تجلس في الصالون مع الابن وفاخر طنجرة طبيخ على الطاولة والكل يأكلون,,,,,,,
4995,الام : اليوم اكلي خفيف مش عارفة ليش,,,,,,,
4996,الاب : انا حاس حالي زي الحبلة,,,,,,,
4997,الام : لا ضعفان انت,,,,,,,
4998,الاب : عمرك 25 بس مبينة ديناصور .,,,,,,,
4999,جاك وفاخر فاميلي,,,,,,,
5000,على الشاشه طباعه ( عائلة جاك ),,,,,,,
5001,الاب والام والأبنه يشاهدون التلفاز,,,,,,,
5002,الابنه : سوري الساعه صارت 7 لازم انام,,,,,,,
5003,الام : بتقرئي ستوري لساعه 7 : 30 بعدها بتطفي الايت وبتنامي ماما,,,,,,,
5004,الاب : حبيبتي,,,,,,,
5005,@@Lاط@@Gْْد @@Lاط@@بلeسس @@Lاط@@يُْ الله يحفظك,,,,,,,
5006,على الشاشه طباعه ( عائلة فاخر ),,,,,,,
5007,الام الابن والاب جالسين على التلفزيون,,,,,,,
5008,الام والاب يتثاوبون . . . الابن لا يبدو عليه النعاس . . . الاب ينظر بطرف عينه على الابن,,,,,,,
5009,الاب : الساعه صارت 2 نص الليل,,,,,,,
5010,الام : قوم يما نام نعسنا,,,,,,,
5011,"الاب : انا مش قادر افتح عيني بروح على الشغل زي الشريطه , طنيب ع شواربك قوم نام , احكيلك كلمه يا مرا بلاش احرق الدار",,,,,,,
5012,"الام : قوم نام يما بدو يأذن الفجر . . . انا هيني رايحه مش قادره كمان شوي بنام ع الارض دبر حالك انت وابنك , من يوم ماخلفتوا بطلت انام . ( تخرج )",,,,,,,
5013,الاب : اذا بقومك الصبح على المدرسه وبتصير تقولي مش قادر بدي احط اصابعي بدنيك شو اللي بخليك تسهر بتشرب اشي يابا ? قوم يابا والله ليطروني من الشغل لاجلك,,,,,,,
5014,( نشاهد الابن جالس مكانه ونسمع صوت الاذان ),,,,,,,
5015,يدخل الاب : من شان اللي خلقك قوم نام ابوس رجلك قوم نام,,,,,,,
5016,على الشاشه طباعه ( جاك فاميلي ),,,,,,,
5017,الام والاب والفتاة جالسون,,,,,,,
5018,الام والاب متوترين قليلا,,,,,,,
5019,الام : جاك مش ضايل غير 500 دولار لاخر الشهر واحنا صرنا 28 الشهر ضايل 3 ايام,,,,,,,
5020,الاب ( يؤشر للام بالسكوت ) بابا ديدي,,,,,,,
5021,@@Lاط@@عخcُسe @@Lاط@@مe @@Lاط@@غْ @@Lاط@@تْ @@Lاط@@يُْر غرفه,,,,,,,
5022,في جوزين حكي بيني وبين امك,,,,,,,
5023,( الفتاة تدخل مطيعه ) @@Lاط@@ْك,,,,,,,
5024,الام : ما انتبهتش انها موجوده و,,,,,,,
5026,"الاب : هالمره مانتبهتش لانو سمعها خفيف , بس تاني مره ديري بالك",,,,,,,
5027,الام : ضايل 500 دولار لاخر الشهر واحنا اليوم 28 ضايل 3 ايام جاك بليز دبرها,,,,,,,
5028,جاك :,,,,,,,
5030,على الشاشه طباعه ( فاخر فاميلي ),,,,,,,
5031,"في غرفة المعيشه , الام والابن والاب",,,,,,,
5032,الام ( بصوت عالي ) : اليوم 2 الشهر ومش ضايل غير 50 دولار من معاشك,,,,,,,
5033,"الاب ( بصوت عالي ) يلعن ابو امو المعاش نقطة ضعفي , هو عمرو نط 2 الشهر",,,,,,,
5034,"الام : انا متجوزه واحد شحاد . . . جيابك مخزوقه , بدي الم عليك الحاره كلها , بدي افضحك الناس بفكروك هالله هالله وانت من جوا بيعلم الله .",,,,,,,
5035,"الاب : بدك تلمي علي الحاره يابنت طليعه ? انا بدي الم عليكي الوطن كلو , مش بس الضفه , الضفه وغزه بدي اوحد الوطن لاجلك , انا برط رط هلا بفرجيكي",,,,,,,
5036,الابن : يابا يابا,,,,,,,
5037,"الاب : اخرس اخرس , بدي احطك انت و امك في المطبخ وافتح جرة الغاز وموتكوا خنق عشان ماتلبسنيش التهمه",,,,,,,
5038,الام : بدي احطلك سم فيران في الاكل عشان تصير تجري في الشوارع زي الثور,,,,,,,
5039,يبدأون بالتصارع ( مشاهد ضرب كوميديه ),,,,,,,
5040,على الشاشه طباعه ( جاك فاميلي ),,,,,,,
5041,الاب يدق على باب غرفه وينادي ابنته,,,,,,,
5042,"الاب : بابا بابا انا يور فاذر . . . يدق على الباب بهدوء ثم يفتح الباب بهدوء يجد الابنه نائمه",,,,,,,
5045,على الشاشه طباعه ( فاخر فاميلي ),,,,,,,
5046,الاب يضرب الباب برجله,,,,,,,
5047,الاب : شو بتسوي ولا ليش مسكر الباب ? ليش متغطي ارفع لحرام اشوف ? بدخن ولا ? مخبي اشي ? شو بتحضر ? شو بتسوي ولا,,,,,,,
5048,عزايم رمضان,,,,,,,
5049,"في غرفة بيت عائلة متواضعة , زوج وزوجته",,,,,,,
5050,"الزوجة : ( على الهاتف ) انتو شو حطيتولنا على الطاولة لما عزمتونا على الفطور راح انحطلكوا , فيليه , جمبري , ضلعة محشية وعلى الوجه نص كيلو لوز وصنوبر , شوربه فواكه بحرية , غير القطايف انا من عندي بدي أزيد كعكة الترمسو",,,,,,,
5051,( الزوج ينظر اليها بطرف عينه غاضبا ),,,,,,,
5052,"الزوج : انا فاهم الفيلم اللي اكلناه , عزمونا الاسبوع الماضي , عشان نردلهم العزيمة , وهيك بدك تحطيلهم ترترسي",,,,,,,
5053,"الزوجة : انا شوب عزمونا الناس , انا بحب احط دوبل على الطاولة",,,,,,,
5054,"الزوج : وانت دافعة من جيبتك , كل معاشي 1800 شيكل , ارحميني",,,,,,,
5055,الزوجة : رمضان بتيجي رزقتو معاه,,,,,,,
5056,"( يرن الهاتف ) الو ? ايوة يختي , الجمعة عندكو ? ما تغلبيش حالك",,,,,,,
5057,"الزوج : هذا كمين , فخ ناصبينو , بدها تعزمنا الجمعة عشان نعزمها يوم السبت , صرنا 16 رمضان , واحنا عاملين 17 عزومة , اليوم الزيادة من وين اجى ?",,,,,,,
5058,"الزوجة : انت شو بتحطيلنا احنا راح نحطلك , بتحطيلنا فيليه سمك , بنحطلك أبوه للفيليه",,,,,,,
5059,"بس الترمسو اختصاصي ضلعة وصنوبر على الوجه . مممم , شوربة فواكه بحرية اشي فاخر على الاخر",,,,,,,
5060,الزوج يخرج ويلاقيه الجار في الممر يلبس روب نوم,,,,,,,
5061,الجار : كيفو جارنا ?,,,,,,,
5062,الزوج : زي الزفت,,,,,,,
5063,"الجار : انتو يوم الثلاثاء عنا على الفطور , هس ولا كلمة ولا كلمة , بديش أسمع صوتك , الثلاثاء انتو عنا . اسكت على الطلاق بالثلاث اذا بسمع صوتك , لا انت جاري ولا بعرفك , هس الثلاث عنا , واحنا الخميس عندكو , ولا كلمة اوعى تحكي حرف",,,,,,,
5064,"مشهد خارج البيت , الزوج يلبس ملابس مرأة متخفي ويمشي بحذر , الجار 2 يراه من الخلف",,,,,,,
5065,"الجار 2 : شو يا جار عرفتك من ورا , متخفي ? احنا يوم الاربعاء فطوركوا عنا , هس ولا حرف ولا كلمة , دابحلك دبيحة . وانشاءالله يوم الاثنين احنا عندكو",,,,,,,
5066,"الزوج : اوكي , خليني اشلح الباروكة احسنلي . الله يعين الستات كيف بلبسوا كعب عالي",,,,,,,
5067,"في البيت الزوجة ( على الهاتف ) وينك الك يومين مش مروح على الدار , بعدين ليش الخط بعطي دولي ?",,,,,,,
5068,"صوت الزوج : ( موجود في قاعة مليئة بلوحات آسياوية وموسيقى اسياوية وخلفه شتلتان موز , ويلبس قناع اسود ) انا في ماليزيا لما يخلص رمضان برجع . يغلق الهاتف : الواحد حتى في ماليزيا خايف بلاش الاقى واحد من تجار البلد جاي يشتري بضاعة , بتكحل .",,,,,,,
5069,"يأتي شخص آسيوي : اكسكيوز مي , يو مسلم ?",,,,,,,
5070,"الزوج : يس أي ام مسلم , كان أي هيلب يو ?",,,,,,,
5071,الاسيوي : توموروا يور افطار وذ اس,,,,,,,
5072,الزوج : ( يشلح القناع ) اوك ذس بيغ فيلم طلع من عيوني,,,,,,,
5073,الى الكاميرا : علي الطلاق الأكل اللي بنكب في مطاعم الوطن العربي في رمضان بطعمي فقرا العالم سنة لقدام .,,,,,,,
5074,"غزة والكهرباء",,,,,,,
5075,على باب منزل من الداخل عريس وعروس . العريس يتحدث االى الناس خارج الباب,,,,,,,
5076,"العريس : خلص لهانا ويخلف عليكوا , يخلف علي نقط واللي ما نقط , يا الله يابا خوذ امي وتسهل قدامنا شغل كثير",,,,,,,
5077,العروس : خلي امي تفوت شوي,,,,,,,
5078,العريس : شو بدها تفوت تسوي امك ?,,,,,,,
5079,العروس : يا راجل بس بدي اودعها,,,,,,,
5080,"العريس : ما انت من الظهر وانت تودعي فيها وبتعيطي . يالله الله يسهل عليكو , مع السلامة .",,,,,,,
5081,العروس : معقول بعد 12 سنة حي ونظرات انا وياك في دار وحدة ?,,,,,,,
5082,"العريس : معقول اللي 12 سنة نفسي نعمل زي التايتانك , هلقيت فش باخرة بتوقفي على حماية الشباك وانا بوقف وراكي",,,,,,,
5083,العروس : انا اكثر اشي حبيته فيك انو شهامتك واخلاقك ورومانسيتك زي كريم التركي,,,,,,,
5084,العريس : ايوة بدك تبلشي تقوليلي يا ريتك زي كريم وزي اسمر وزي مهند . من هلقيت بطلق لسى ما سويناش اشي .,,,,,,,
5085,"العروس : ( كف صغير ) مش قلتلك شهم , راجل",,,,,,,
5086,العريس : انا بقول نتقدم شوي باتجاه الغرفة,,,,,,,
5087,"( يرفع الطرحة عن وجهها , نظرة حب - تقطع الكهرباء ) انا بقول ما نتقدمش ولا خطوة",,,,,,,
5088,العروس : هذا اللي كنت حاسبة حسابه الغي موضوع التايتانك,,,,,,,
5089,"العريس : كيف قطعت ما اليوم قالو دخلو السولار القطري , هو قديش بدخلو سولار مطرة ? يا شماتة اهل النصيرات في",,,,,,,
5090,"العروس : انا هلقيت ببلش ارج من السقعة , عظامي برقصن رقص , دبر حالك يا بروح عدار ابوي هلقيت",,,,,,,
5091,العريس : انا عارف الليلة مطينة بطين من اولها بدا نهاري في ابوي لما قالي هاتلك 200 دينار نشتري عجول نغذي الناس . شو نسوي هلقيت ?,,,,,,,
5092,"العروس : بتسألني انا , مش انت الراجل",,,,,,,
5093,العريس : راجل هو ضل رجال في البلد .,,,,,,,
5094,المشهد الثاني,,,,,,,
5095,نرى العروس ملفوفة بحرام صوف وترجف من البرد والعريس مشعلا لها قداحة,,,,,,,
5096,العريس : اموت واعرف السولار القطري وين بروح,,,,,,,
5097,العروس : انا مش قادرة تجمدت بدي اروح عدار ابوي في البريج عندهم ماطور,,,,,,,
5098,العريس : وين تروحي ? على جثتي بتطلعي من الدار لسى ما سويناش اشي,,,,,,,
5099,العروس : انا بدي اقوم عند دار اهلي,,,,,,,
5100,العريس : انا بدي امزع حالي سكين,,,,,,,
5101,المشهد الاخير,,,,,,,
5102,الاثنان جالسان حول البانيو . في البانيو يوجد كرتون مشتعل يتدفأون حوله,,,,,,,
5103,"العريس : يحد قطاع غزة من الشمال حاجز ايرز ومن الغرب بيجي البحر , من الجنوب في عنكي معبر رفح والشرق ولاد الحرام .",,,,,,,
5104,العروس : والضفة شو بحدها ?,,,,,,,
5105,"العريس : من الشرق استراحة اريحا والجسر , ومن الغرب معسكر عوفر والشمال أرائيل والحنوب مستوطنة كريات أربع",,,,,,,
5106,العروس : طب حط حطب لاني سقعت,,,,,,,
5107,العريس يخرج جريدة ويضعها في البانيو,,,,,,,
5108,"غلاء الأسعار",,,,,,,
5109,مشهد 1 :,,,,,,,
5110,في منزل بسيط . زوج وزوجته,,,,,,,
5111,هو : قومي معي هنية,,,,,,,
5112,هي : وين وين,,,,,,,
5113,هو : ع رامي ليفي التجارية تشتريلك ارخص اسعار,,,,,,,
5114,هي : مرزوق افهم علي,,,,,,,
5115,هو : خير خير,,,,,,,
5116,هي : رامي ليفي اسرائيلية عيب عيب,,,,,,,
5117,هو : بلا هبل هنية,,,,,,,
5118,هي : ليش ليش,,,,,,,
5119,هو : رامي ليفي التجارية عندو ارخص الاسعار,,,,,,,
5120,هي : مرزوق اطلع في,,,,,,,
5121,هو : ها وشو ?,,,,,,,
5122,هي : قاطع قاطع بضايعهم واشتري بس المحلي,,,,,,,
5123,هو : كولي هوا هنية,,,,,,,
5124,هي : ليش ليش,,,,,,,
5125,"هو : رامي ليفي حاسس في وفيك , بكيت الحليب عنا ب 10 عندو ب 5 , الرز عنا ب 70 عندو ب 40 , فوط الاولاد عنا ب 50 عندو ب 20 . شو قلتي يا هنية ?",,,,,,,
5126,هي : مرزوق افهم علي,,,,,,,
5127,هو : شوش و ?,,,,,,,
5128,"هي : لو ع قطع راسي ما بروح , هذي بضاعة اسرائيلية",,,,,,,
5129,هو : اه وشو ?,,,,,,,
5130,هي : والله ما بتخش داري لو بموت,,,,,,,
5131,"هو : هنية طلي علي . حكومة مصت دمي , ضرايب والغلا قتلني . بتعطيني المعاش باليمين وبتوخدو بالشمال وبدفعلهم فوقوا لسى . انا مش عميل انا معيش . . . يفتحولنا رامي حسنين وعيب على بروح ع ليفي",,,,,,,
5132,هي : مرزوق بس اسمع مني,,,,,,,
5133,هو : ها وشو,,,,,,,
5134,"هي : طول بالك عيني , المسألة وقفة وطني",,,,,,,
5135,هو : ( الى الكاميرا ) بدت تخلع شعارات . هنية طلي علي,,,,,,,
5136,هي : خير وشو ?,,,,,,,
5137,هو : انت طالق بالثلاث,,,,,,,
5138,هي : ( الى الكاميرا ) ها وشو ?,,,,,,,
5139,مشهد 2 :,,,,,,,
5140,في احدى الحقول او المخازن القديمة . رجل 2 جالس لوحده محشش وسارح ويدخن . يأتي عليه رجل 1,,,,,,,
5141,رجل 1 : ع العافية,,,,,,,
5142,رجل 2 : اهلا بالشباب,,,,,,,
5143,رجل 1 : انا جاي لحالي,,,,,,,
5144,"رجل 2 : بعرف , بس الشباب لاحقينك",,,,,,,
5145,"رجل 1 : انا زمان كنت ألومك , اقول بضيع مصاري على الحشيش , بس هلقيت انا بلوم حالي . طلعت ذكي , هلقيت انا اللي بضيع مصاري على الدخان , ارتفع 3 شيكل",,,,,,,
5146,رجل 2 : هلا بالشباب,,,,,,,
5147,"رجل 1 : بديش اطول عليك , هلقيت صار اصبع الحشيشة ارخص من بكيت الدخان , وانا بدي تدلني على جماعتك . وتأكد تمام انو الحكي بينا . الحلو فيك انو دخانك ارخص وبخليك ناسي وبتفكرش في اشي . هاتلك شفطة",,,,,,,
5148,( يدخنون مع بعض ويحششون ),,,,,,,
5149,رجل 2 : هيك مزبطة بدها هيك ختم,,,,,,,
5150,رجل 1 : شو رأيك بالزواج المبكر ?,,,,,,,
5151,رجل 2 : يعني أي ساعة بالزبط ?,,,,,,,
5152,"رجل 1 : مرة واحد راح على الدكان , سأل صاحب الدكان عنك السكر ? قالو طبعا عنا , فقالو الله يشفيك",,,,,,,
5153,رجل 2 : هذا مش بس ارخص هذا بضحك كمان . اهلا بالشباب,,,,,,,
5154,( يجلسون صافنين يعنون اغنية موطني ),,,,,,,
5155,مشهد 3,,,,,,,
5156,في حوش دار عماد مع دجاجة,,,,,,,
5157,"لقاء مع مواطن",,,,,,,
5158,"تبدأ الحلقة بوجود المراسلين في مكتبهم . يأتي مدير البرامج ويطلب منهم النزول الى الشارع وتصوير لقاءات مع المواطنين حول مشاكلهم . يتشاجرون لانهم لا يريدون الخروج في هذه المهمة ثم يجبر عماد على اجراء المقابلات في الشوارع .",,,,,,,
5159,( النص ما زال غير جاهز نهائي ),,,,,,,
5160,"لقاء مع وزيرة الفهمانين",,,,,,,
5161,"المقدم : والان لقاء مع وزيرة اللي بفهموا , حجة , قصدي سيدة ام جبر بدنا تعطينا تصور وتحليل بالوضع الثقافي في البلد والى اين يتجه ?",,,,,,,
5162,الوزيرة : بتحكي معي ?,,,,,,,
5163,المقدم : طبعا معك يا ام جبر,,,,,,,
5164,الوزيرة : عيد السؤال,,,,,,,
5165,المقدم : يعيد نفس السؤال بصوت مرتفع,,,,,,,
5166,"الوزيرة : شو المطلوب , من شهر 4 لشهر 8 واحنا نسويلكوا مهرجانات ونرقص فيكوا ونغنيلكوا , شو المطلوب . . . ومش ب مهرجان واحد في نفس المدينة اقل اشي 7 مهرجانات . يعني لو ما رقصتش في هذا كان رقصت في هذاك . شو نسويلكوا وضليتوا تشكوا وتبكوا بدكوا مشاهير من برا جبنالكوا محمد فؤاد وانسهل . لليش تطعموا مسخن , هو بقدر على زيت الزتون البلدي , لليش طعميتوا مسخن ?",,,,,,,
5167,المقدم : مالك يا حجة انا لا طعميتوا مسخن ولا غيروا انا شو دخلني في القصة . طب يا اختي احيانا بتودوا في مهمات ومهرجانات وبتوقعوا معهم وبتدفعوش,,,,,,,
5168,الوزيرة : مهرجانات السنة ?,,,,,,,
5169,المقدم : السنةت والسنة الي قبلها,,,,,,,
5170,الوزيرة : اه اذا جماعه السنة والسنة اللي قبلها هذي بسيطة يصبروا شوية تنخلص دفعات المراحيم لس علقانين مع الورثة تبعينهم لمين نعطي الشيكات . مهرجان العودة تبع سنة 70 اللي صار في بيت عور في تقريبا 30 دينار لهلقيت بنحصل فيهن . بعدين شو المطلوب بننشر قصص قصيرة على قد ما بنقدر . اذا عنك قصة ولا خاطرة او همسات هاتها بننشرها,,,,,,,
5171,المقدم : حجة طب شو الخطة للنهوض في الوضع,,,,,,,
5172,الوزيرة : انهض من قدامي هلقيت لانك رفعتلي ضغطي وصار ميعاد القيلولة . يلا يا بني الله يسهل عليك,,,,,,,
5173,"المقدم : هو سن التقاعد بسري على الوزراء ولا بس على الشعب . بس للامانة الحجة فهمانة",,,,,,,
5174,الوزيرة : ( تضرب المذيع بشئ ) انت لسى هانا قلتلك بدي اقيلل,,,,,,,
5175,مواطن 3 :,,,,,,,
5176,المقدم : مرحبا احنا من التلفزيون,,,,,,,
5177,مواطن 3 : عاصمة فلسطين القدس هات 50 دولار وشكرا لشركة الاتصالات اليابانية,,,,,,,
5178,"المقدم : احنا مش اللي بنربح , احنا بنسأل عن مشاكلك يعني اذا في اشي بتحب تحكيه للمسؤولين راح يسمعوك",,,,,,,
5179,مواطن 3 : بتتخوت علي انتو اللي بتربحوا وهات 50 دولار,,,,,,,
5180,المقدم : يا عمي بحكيلك انا تاع المشاكل,,,,,,,
5181,مواطن 3 : ( ينادي ) شباب,,,,,,,
5182,المقدم : انت كمان معك شباب شوف الغبرا اللي وراي .,,,,,,,
5183,المواصلات في البلد,,,,,,,
5184,على الشاشه طباعه,,,,,,,
5185,شوفرية التاكسيات,,,,,,,
5186,شخص يقف على احدى الارصفه,,,,,,,
5187,ياتي تاكسي يقف جانبه ويزمر,,,,,,,
5188,السائق : طالع,,,,,,,
5189,الشخص : لا شكرا,,,,,,,
5190,السائق : طالع ولا مش طالع,,,,,,,
5191,الشخص : لا شكرا شكر,,,,,,,
5192,يمشي التاكسي الى الامام قليلا ثم يعود ( يزمر ),,,,,,,
5193,السائق : طالع ?,,,,,,,
5194,الشخص : ياعمي مش طالع بشرف امي ما انا طالع,,,,,,,
5195,السائق : يعني مش طالع,,,,,,,
5196,الشخص : والله ما بدي ااطلع خلص يا عمي,,,,,,,
5197,السائق : انا بقول اطلع,,,,,,,
5198,الشخص : استغفر الله العظيم مش طالع,,,,,,,
5199,السائق كلام نهائي مش طالع,,,,,,,
5200,الشخص : خلص خلص مش طالع,,,,,,,
5201,يدهب التاكسي يختفي للحظه تم يعود ( يزمر ),,,,,,,
5202,السائق : طالع,,,,,,,
5203,الشخص يهرب يلحقه السائق بالتاكسي يهرب في عدة شوارع,,,,,,,
5204,يقف الشخص يبدوا عليه التعب بنظر يمينا يسارا لا يرى احد فجاه يظهر سائق التاكسي بدون التاكسي,,,,,,,
5205,السائق : طالع ?,,,,,,,
5206,على الشاشه طباعه,,,,,,,
5207,الشهامه الفلسطينيه,,,,,,,
5208,شخص يجلس على احدى الطرق تاتي سياره,,,,,,,
5209,السائق : لو سمحت بدي اسئلك دار الحج احمد في اي منطقه ?,,,,,,,
5210,الشخص : دار الحج احمد حرامي الجنطات في حارة الواوي بتظلك ساحب لقدام بعدها بتوخد على ايدك الشمال اخر النزله بتسحب ع الشمال . . . اطلع طالعه ( تمشي السياره يلحقها الشخص ) اسحب اسحب اكوي,,,,,,,
5211,يركض خلف السياره,,,,,,,
5212,على ايدك الشمال اكوي اسحب ( تظهر السياره بعدة شوارع والشخص يركض خلفها ) كمل اسحب على ايدك اليمين اكوي اكوي . . . . تظهر السياره ترجع للخلف الشخص يركض بشكل عكسي ارجع ارجع طالع اكوي اسحب خود ع اليمين سنتر سنتر,,,,,,,
5213,يصلون الى احدى البيوت,,,,,,,
5214,الشخص : عندك هي داروا,,,,,,,
5215,ينزل االزائر للبيت الى البيت,,,,,,,
5216,المشهد الاخر يخرج الزائرمن البيت يركب سيارته يمشي قليلا تنفاجا,,,,,,,
5217,الشخص : من عندك اسحب طالعه اكوي اكوي على ايدك اليمين اسحب اسحب,,,,,,,
5218,على الشاشه طباعه الميكانيكيه ا,,,,,,,
5219,ENGLISHTEXT ENGLISHTEXT منال,,,,,,,
5220,"عنا بتطلع بالتكسي . . . ايه ازمة . بتسأل الشوفير شوف س ليش مأزمة ? بقولك ما هو اليوم الخميس هيك . بتطلع السبت يا زلمة شو القصة ليش مأزمة ? بقولك يوم السبت عادة هيك , بتطلع الاثنين له له له شوه الأزمة شو في ? بقولك يوم الاثنين فش مجال دايما هيك . بتطلع الثلاثاء ول ليش كل هالأزمة . يوم الثلاثاء يختي معروف فس نفس . بتطلع الخميس ليش هالقدة الأزمة بقولك يوم الخميس دايما هيك , هذا يوم في الاسبوع طاير .",,,,,,,
5221,"صار في موضة على السيارات يحطو عليها اشعار , زي فيات 27 بتلاقي كاتب عليها احذر خفاش الليل , ترك المجاري بكون حاطط نسم علينا الهوى , فيات اونو بكون كاتب عليها مخطوبة تلحقنيش . اللي بعجبني بعض التكسيات بكونو حاطين نعم لمقاطعة المنتوجات الاسرائيلية , بتطلع في التاكسي سيداتي سادتي اليكم نشرة الاخبار من صوت اسرائيل طالب رئيس اركان جيش الدفاع الاسرائيلي السابق شاول موفاز اللجوء الى قبرص خوفا من قرار اعتقال النائب العام الفلسطيني له .",,,,,,,
5222,"عنا البنت بتطلع بالفورد بكون لاشوفير فاتح على برنامج في الراديو اشكي همومك بصراحة , بس تركب البنت بصير اليسا عبالي حبيبي عبالي اضمك . انا الي طلب واحد وقت ترويحة الشغا فترة الظهيرة على الراديو بلاش اغاني الاعراس ( نسمع اغني الاعراس الشعبية ) يعني الواحد مروح من الشغل وراسو زي الطبل وقدامو طريق , لليش هذي الاغاني , بتقول للشوفير يا خوي لليش هذي الاغاتي هلا بقولك ما هاذي الرش اور .",,,,,,,
5223,المياه,,,,,,,
5224,"قاعة صغيرة , اجتماع مجلس بلدي",,,,,,,
5225,وفيقة : هذا موضوع المي في ايدك يا رئيس البلدية,,,,,,,
5226,"شفيق : احنا في البلدية اتخذنا عدة اجراءات من ضمنها ارسال مواطن على المستوطنه الي قبالنا ومد بربيج ميه للقريه , لكن الموضوع بدو شخص متدرب للقفز عن الاشياك والجدار وجدنا مواطن ميخد دورة شرطة مرور ارسالناه اول مبارح واليوم اول يوم عزى اله , بقول موضوع صهاريج المي بخفف عليكوا وبسلك",,,,,,,
5227,"عوني : وانا بصفتي الناطق الرسمي لجروب نقطة مي على الفيس بوك , بقول احنا في مخيم الفوار والعزة جربنا موضوع التنكات , لقيناه مش عاطل , لكن كل مواطن بدفع سولار النقلة للصهريج , طلع السولار أغلى من نقلة المي",,,,,,,
5228,شفيق : شو رأيك يا أستاذ طلعت,,,,,,,
5229,"طلعت : انا بقول طول ما مرتي وفيقة موجودة , انا بطلعليش احكي",,,,,,,
5230,"وفيقة : المي معروف وقتيش بتيجي , كل ما المستوطنين ينظفوا ويجددوا مية بركهم , بضخولنا المي العتيكة .",,,,,,,
5231,"عوني : احنا في جروب نقطة مي , بعتنا رسالة للأمم المتحدة على الفيس بوك , وفي 150 شير",,,,,,,
5232,وفيقه :,,,,,,,
5233,انا اللي مش فاهميتوا على شو وقعوا في اوسلو بخصوص الميه,,,,,,,
5234,شفيق : لهان وسكري ثمك احنا ماصدقنا ونرجع نعمل حلقات على التلفزيون,,,,,,,
5235,"طلعت : ( على الهاتف ) شو ? أجت المي , بتنقط ? حط حط السطل تحت الحنفية , حط السطل هيني جاي",,,,,,,
5236,( يخرجون مسرعين فرحين ),,,,,,,
5237,"شفيق : ( على الهاتف ) الو , نايمة ? قومي بقولوا المي جاي بقوة بتنقط , حطي البرميل تحت الحنفية , مش نازلة ? اشفطي اشفطي عسان تنزل",,,,,,,
5238,مشهد في بيت وفيقة وطلعت,,,,,,,
5239,شفيق : مبروك السطل,,,,,,,
5240,طلعت : يبارك فيك استاذ شفيق ( يسلم على الزوجة ),,,,,,,
5241,وفيقة : بسلمش على زلام,,,,,,,
5242,شفيق : انكسفنا,,,,,,,
5243,"عوني : ( يسلم على طلعت ) ما جبيتش اجيب شوكولاته , قلت بنعطش وبنشرب السطل",,,,,,,
5244,طلعت : مش مشكلة بنوخد ناشف,,,,,,,
5245,"وفيقة : بعتنا السطل من الصبح على الصالون , بس الكوفيرجيه عليهم أزمة , موسم اعراس , هي وصل",,,,,,,
5246,"شفيق : إخواني , اخي طلعت واختي وفيقة واستاذ عوني , تحية وبعد : أبت الاسود الا ان تموت واقفة وابت الحناجر ان تموت عطشا . نحتفل اليوم بوصول الماء الى بيت اخي طلعت نصف دقيقة وتمكنه من تعبئة نصف سطل , أقول لكم وبإسمي واسم المجلس المحلي , يتربى بعزكوا وتتهنوا في , وتأكدوا اننا سنقف خلفكم حتى وصول السطل الى بر الامان , ولكن حفاظا على المصلحة الوطنية نطالبكم بالإقتصاد بصرف الماء المتوفر في السطل , ليس هناك داعي الى شاور كامل يا اختي وفيقة , تغسيل وعلى الماشي , اختي وفيقة نطالبك بعدم قش الدرج ومكايدة الجارات , ان السطل عهدة في رقابكم ورقابنا جميعا لنحافظ عليه ونحطه في عيوننان , اخواني في غزه اشكروا الله انوا فش عندكو كهربا وعندكو ميه تنام على العتمه ولا تنام ميت عطش",,,,,,,
5247,"عوني : ما هي مية غزة 95 % منها بنشربش , واذا هلقدة حاسدهم روح عيش في غزة",,,,,,,
5248,"شفيق : لا يا خوي انا هانا مبوط انشاءالله بموت عطش",,,,,,,
5249,يرقصون على اغنية سجل يا قاضي سجل,,,,,,,
5250,"يزفون السطل وهم يرقصون , طل السطل يا هلا والعروس ما اجملا",,,,,,,
5251,يوميات عضو مجلس تشريعي,,,,,,,
5252,على الشاشة طباعة,,,,,,,
5253,يوم السبت,,,,,,,
5254,الرجل يلبس مريول مطبخ ويجلي,,,,,,,
5255,الزوجة : المرة الماضية كان في ريحة زنخة في لجلي قلتلك كتر كلور . اليوم السبت عليك الجلي وبح الغسيل هيو في السلة,,,,,,,
5256,"يرن هاتفه : الو , ايوة استاذي انا في ميتنغ , خليني ارجعلك شوي",,,,,,,
5257,الأحد,,,,,,,
5258,الرجل جالسا عبى طاولة المطبخ ومعه رجل آخر ينقبون ملوخية,,,,,,,
5259,الرجل : احنا ضلينا على نفس البرنامج كنا كل احد نلتقي في التشريعي هلقيت كل احد بدنا نصير نلتقي ننقب ملوخية,,,,,,,
5260,الاثنين,,,,,,,
5261,الرجل في الجبل يبحث عن كراكع : الكراكع وقتهن هلقيت بقدرنش يقاومن الخس,,,,,,,
5262,"الثلاثاء",,,,,,,
5263,الرجل يكوي في الملابس,,,,,,,
5264,"الزوجة : انا الكوي بركنش عليك فيه , بدي اضلني فوق راسك",,,,,,,
5265,"الرجل يرن هاتفه , يأخذ الاذن بالرد عليه من زوجته :",,,,,,,
5266,"برجعلك بس اكوي هالقميص , قصدي انا في ميتنغ",,,,,,,
5267,"الاربعاء",,,,,,,
5268,"الزوجة : اليوم الاربعاء دور الشبابيك",,,,,,,
5269,"الرجل : يلعن عرض يوم الاربعاء بموت منو , الشبابيك لأ , اذا مش عاجبك طلقيني",,,,,,,
5270,"الزوجة : بدك تسويهن , لانو انت بالذات اكثر واحد بطلعهن مراية . يلا قوم بلا كسل",,,,,,,
5271,"الرجل : يلعن عرض يوم الاربعاء شو بكرهوا , لو يرجعوا التشريعي بس يوم واحد في الاسبوع اللي هو يوم الاربعاء",,,,,,,
5272,الخميس,,,,,,,
5273,"العضو والزوجة خارجان من سوبر ماركت , هي تمشي امامه وهو خلفها حاملا اكياس مليئة",,,,,,,
5274,الجمعة يصلي في الغرفة,,,,,,,
5275,"طباعة على الشاشة الاربعاء 25 / 3 / 2025 نعود الى نفس مشهد يوم الاربعاء",,,,,,,
5276,بأولك يا زلمة هئيت بعدي الباص,,,,,,,
5277,مالك بتشد ع حالك يا زلمة شوي و بتفقع من القهر,,,,,,,
5278,بضرب علينا حجار، خلي يضرب بهمش بتستاهلو,,,,,,,
5279,عزا عليها كيف هلبلطلون هاظ لابستو محزك بدو ينفجر,,,,,,,
5280,اوعك تحكي معو شوي و بفكع مولعة معو,,,,,,,
5281,دخيل الله من هدكتور كل يوم وهو بدو كويز هو احنا معناش شغلة غير كويزاتو,,,,,,,
5282,ماخذ كل القعده لز شوي خلينا نعرف نقعد,,,,,,,
5283,ولك وينك افتح ريتاجك بسرعة نزلت العلامة يا كبير,,,,,,,
5284,ولك ليش خايف تنزل مادة الدسكريت اسهل منها بتلاقيش بس سجلها مع الدكتور مصطفى وادعيلي,,,,,,,
5285,يييي سخام ولطام ع هلعيشة وين ما تروح حواجز بوجهك,,,,,,,
5286,هاظ يا سيدي ابو مسعود بغدى ماشي فاهد حالو ع الاخر تقول ابو عنتر,,,,,,,
5287,خسا عرق شاربك,,,,,,,
5288,مالك بتبحر علي الك ساعة,,,,,,,
5289,اسمع تا اقولك ربع ساعة معك و بتكبى واصلني بلاش العن ابو احسن واحد بعيلتك,,,,,,,
5290,امي قالتلي معك ساعة بتبكاش حافظ الدرس يا كشيلك يا ويلي يا سواد ليلي,,,,,,,
5291,تعال يا اخونا زيح سيارتك من باب هلمحل بدنا نعرف نتحرك عاد,,,,,,,
5292,هسا مجاش فبالك ترنلي غير الحين وانا بتغدا طلعت روحي اتشردقت بسببك,,,,,,,
5293,مالك صرتي بدك تروحي يا بنت الحلال هس انجك شربتي فنجان القهوه,,,,,,,
5294,ولك بدر ابوك رن علي اسا وبقولك نط عندو ع المحل مثل الطيارة,,,,,,,
5295,شفت هلعكروت مفكر حالو بقدر يضحك علي بس وين صاحيلو وحياتك,,,,,,,
5296,انطردت من المحاضرة بسببو هو الي كان يحكي سبلها فيا,,,,,,,
5297,طوشت راسي عاد مش قادر تستناني حتة طارت الدنيا هي محسسني,,,,,,,
5298,ولك جار خذ القف هتفاحات من شجرتنا هذول,,,,,,,
5299,لو تشوفي شو عملت لما شافتني شاريه نفس فستانها انصدمت هول وبلمت ع الاخر,,,,,,,
5300,بالله هاظ موديل شعر يابا موقفهن مثل القرود روح شوف شكلك بكلعط ريتها جابت بسكليت بدالك,,,,,,,
5301,ابو محمد زعلان منك مالك عليه ... أجرمنعنو دارير بوزو الو يومين,,,,,,,
5302,لو شفتو كيف مبارح مرق بالسيارة كان طيرنا من كثر ما هو مسرع,,,,,,,
5303,وانت راجع امرق تلاي اشربلك فنجان قهوه,,,,,,,
5304,وهسا هاظ لانو صار موظف بمرق مشنقل بوزو وبسلمش ع شو هلكبره,,,,,,,
5305,مالك صبحت قالب بوزك من الصبح الناس بتحكي صباح الخير,,,,,,,
5306,وليش مبارح مرقت عني و مطرحتش السلام ول يا زلمة السلام لله,,,,,,,
5307,بوخذك معي عند دار عمك بس بتقعد عاقل وبتوخذ حبة شوكولاتة وحده تفضحناش مثل عوايدك ابو بطن كبير,,,,,,,
5308,غاد الوظع احسن . لاع هان احسن !!,,,,,,,
5309,يا مصخمط والله ابوك ليفرمك اذا عرف انك رسبت,,,,,,,
5310,يلا يلا كش كثبك من هان قريت ولا ما قريت عليك واحد,,,,,,,
5311,الله يسخمك يا قاروط ملقيتش غير هاي تخطبها,,,,,,,
5312,نفسي اشوفو مرتب هلولد غير مثل الشحادين يقطع اهلو,,,,,,,
5313,لما تطبخي يا بنت الحلال ظيفي للطبخة سن ثومه بتطلع ازكا,,,,,,,
5314,اخذنا هلولاد مبارح ع كلكيلة يشوفو الحيوانات وريتنا ما رحنا فضحونا,,,,,,,
5315,ابو علي عرف اني جاي اطلب الدين منو فكس من خوف يشوفني,,,,,,,
5316,وانا شبعرفني انو رح ينصب علي تيست ودينتو المصاري,,,,,,,
5317,تعال جيب كتابك وقمبز بجنبي اسمعلك الانشودة,,,,,,,
5318,باجي بدرس عندك بس بشرط تخلي امك تعملنا دبسية حلبه مثل وجهك,,,,,,,
5319,نيالها بهلولد داشر من بنت لبنت ومصدقه حالها مخلفة زلمة,,,,,,,
5320,ما استعييت الا والجيش طابب ع دارنا,,,,,,,
5321,هسا عشان حكيتلك يما بدي مصاري بتضربيني بالشحاطه انتي امي ولا مرت ابوي وول,,,,,,,
5322,ممكن تبعتيلي صورنا بالرحله ... ولك بعتهم ع الواتس من شوي,,,,,,,
5323,"اسمع اسمع بدو يجوز الثالثة يخرابيتو فوحده مش مخلصين ,كيف فثلاث",,,,,,,
5324,صدقي ما بدري جوزي عشو ناوي دايما صافن يخوفي بدو يطقني ضره,,,,,,,
5325,صرت حاكية مليون مره اشلح من رجلك عبيت الارض لاصه من بوتك,,,,,,,
5326,افتحي هنمليه يا بنت وجيبيلي حبة دوا الضغط,,,,,,,
5327,ناوليني القدوم يا حجة ننكش تحت هشجرة بدل ما احنا بنبحر فوجوه بعض من الصبح,,,,,,,
5328,ناولني الطوريه خلينا نخلص من هلورشه طلعت روحنا,,,,,,,
5329,من يوم هلقاروط ما دخل ايتي وهتخصص مخليه ملحوس ع الاخر,,,,,,,
5330,تعال معي عالسكراب نجيب دينمو لهسيارة,,,,,,,
5331,النا يومين مش عارفين طعم النوم من هالناموس بنعف نعف فالجو,,,,,,,
5332,تراني مش متحمل حالي اقلب من وجهي بلاش اطرقك الكرناصة عراسك,,,,,,,
5333,بالله فهمت شو الي شرحو الدكتور اليوم ... انداري عنو ولا فمت اشي,,,,,,,
5334,اطلع ع هاظ كيف مبحلق في هالبنت,,,,,,,
5335,عمين طالع تنح يا مسخمط اكيد ع خوالك,,,,,,,
5336,شمالك يا زلمة شو صاير,,,,,,,
5337,ول عليك مسكعك,,,,,,,
5338,ارمح جيب ربطة خبز,,,,,,,
5339,مظلش ولا حبة لوز ع الشجره,,,,,,,
5340,انا كم مرة قلتلك كم مرة تقربش على لوزات ابو حسن,,,,,,,
5341,ترى بس عشانكم سلخت صحنين مقلوبة,,,,,,,
5342,ما انتي شايف الناس واقفين. روح اندفس جيب كراسي,,,,,,,
5343,ولاي مكبر هلعمارة خاف الله بدا ميتين جبلة باطون للصبه,,,,,,,
5344,بضلها تطبخ وتصور ع الفيس واحنا منتفرج وبنسلخ لايكات بس,,,,,,,
5345,صح حلو الفستان علي .... لا بكرف !,,,,,,,
5346,بندكت اللعبة يا شباب .. اطلعو من بين الخبيزه,,,,,,,
5347,معدتي خربت من المكالي والنواشف ..فاهمة !!,,,,,,,
5348,هاظ المخمج المصدي جاي يعلم علي قال,,,,,,,
5349,يامندرا تثلج !!,,,,,,,
5350,بقلك فلتني عليها بدي اخذ حقي بايدي منها .... وحدي الله يا بنت الناس !!,,,,,,,
5351,امانطالله تيجو تتعشو عنا الليلة .. جيب هلمرة والولاد وتعالو بنستناكم,,,,,,,
5352,هو احنا مطولين تا نصل ... طلعت روحنا من المشي,,,,,,,
5353,بقلك انا مش مجعمص !!,,,,,,,
5354,لا ولك متوروش ور بنكسر,,,,,,,
5355,احلفلكم على الخبزه انو مش انا الي طقست عليها,,,,,,,
5356,ابوكم ع ابو الي جابو الفتيش ع البلد صرعتو راسنا,,,,,,,
5357,تخيلي يكبس علينا اخوكي واحنا بالمطعم مع بعض .,,,,,,,
5358,كيف الوضع عندكم .. زي الي بجرك !,,,,,,,
5359,مطوله امك لتروح من عنا .. فرفطت روحي من كثر حكيها,,,,,,,
5360,والله ما زل عليك بحرف هاظ كل الي صار,,,,,,,
5361,بيش الفراولة اليوم ... بستة شيكل,,,,,,,
5362,شو بدك بالحكي كلشي فرنجي برنجي,,,,,,,
5363,نط جيبلك كاستين شمينت نتعشى,,,,,,,
5364,هيني بستناك عند الرمزون رنيلي لما تقرب توصل,,,,,,,
5365,هات هلفطبول ونزل ع الحارة نلعب,,,,,,,
5366,ولك حط هلفطبول عاد غير تكسر قزاز الشباك,,,,,,,
5367,تاعالي يا ام العبد تا نتخرفلنا شوي عن حفلة مبارح,,,,,,,
5368,لو اضل احكي معك للصبح ع الفاضي .. حضرتك مسرمج مثل الحيط,,,,,,,
5369,ابوي بستنا فيك وناويلك عبهدلة لانك اتأخرت .. حاول ازرق قبل ما يشوفك,,,,,,,
5370,ابوك بدو يناملو ساعتين ... اوعك تتخنفس بلاش يدفنك,,,,,,,
5371,خلص حكيتلك بس يجي ابوكي بحكيلو بدك تروحي عالرحلة تعجكينيش ولا بحلف ما احكيلو اشي والله لا يردك دبري راسك معو,,,,,,,
5372,"هو انا كل ما ارنلك بلاقيك بتتصلقط ولك في بحياتك اشياء غير الاكل والنوم",,,,,,,
5373,هاتي يا بنت الغسيل الي بالطشط وتعالي ساعديني نغسلهن,,,,,,,
5374,الله يلعن حظي من يوم ما تجوزت هزلمة ونفسي يعزمني ع مطعم البين يطسو شو جلده,,,,,,,
5375,قال اتجوزنا لننستر كشل ع هيك حظ,,,,,,,
5376,روح من وجهي بلاش اشلح هالشاحوط واضربك اياه هو انت مفكرني بيرمصاري,,,,,,,
5377,احطلكم عالكيكة ططلي فراوله ولا بدكم مشمش,,,,,,,
5378,مفكر حالو فصح وبنضحكش عليه .. بايعينو موز مطعوج !!,,,,,,,
5379,يا صباح يا فتاح هسا زكم ام العبد حدا بتصبح فيه وبضل نهارو حلو,,,,,,,
5380,شغل هنواسة وانت واقف بلاش انام ع العتمة مثل ايام الجاهلية,,,,,,,
5381,فوق ما انطردنا من المحاضره لساتك بتتصهون فضحتنا قدام الشعب الي هناك,,,,,,,
