Sentence_ID,sentence,label,Dialect
1,هذا الفندق ينقصه بعض الاشياء داخل الغرف مثلا عدم وضوح القنوات التلفزيونية وجود اعطال في الحمامات ولا تستطيع وضع الملابس داخل الحمام الا على المغسلة وليس به وجبة افطار صباحية اما موقعه فهو جيد وقريب على اماكن التسوق وقريب جدا من المطار,2,Saudi Arabia
2,لطيف ولكن الغرف الفندقية تحتاج صيانة كادر الخدمة يجب ان يكون بالمستوى المطلوب,4,Oman
3,مكان جميل جدا وحسن الخلق والضيافه,5,Oman
4,بحاجة الى اعادة تأهيل للمفروشات,3,Iraq
5,فندق ممتاز ومعاملة راقية جدا,5,Saudi Arabia
6,فندق ممتاز ومعاملة راقية جدا,4,Saudi Arabia
7,رائع وجميل,5,Iraq
8,ممتع ..مسلي .. مريح,5,Jordan
9,انه جميل وراقي 😙😙😙😍😍❤❤,5,Oman
10,مكان جيد وقريب من الخدمات,3,Saudi Arabia
11,مكان بعيد عن مركز المدينه . الخدمه ممتازة الوافاي ممتاز الغرف جميله لكن الافطار مش جيد,4,Yemen
12,هو فندق كبير، وذو غرف كبيرة واسعة، وقريب جدا من مطار رفيق الحريري الدولي، ويمتاز بديكوراته الجميلة وخدمته التي تعد ٤ نجوم، واجمل شيء أن سعره مناسب,4,Oman
13,المكان غير جيد,1,Saudi Arabia
14,فندق جيد,3,Saudi Arabia
15,ممتاز وجميل,5,Jordan
16,هذا المكان كبير وضخم متعدد الدرجات وأسعاره مناسبة ينقصه القليل من التنظيم.,3,Modern Standard Arabic
17,اوتيل وصاﻻت اعراس ونادي رياضي على طريق المطار,4,Qatar
18,جيد,4,Saudi Arabia
19,رائع,5,Iraq
20,واسع و مريح و جميل,4,Sudan
21,فندق سيء المعاملة جدا سيئة التبريد سيء لا انصح أحدا بالإقامة فيه,3,Saudi Arabia
22,لا بأس,2,Modern Standard Arabic
23,هادء جميل جداً,5,Saudi Arabia
24,في غرفة؟,1,Qatar
25,جديد,5,Tunisia
26,ماء الفندق مالح غير عذب .. كذلك خدمة الانترنيت سيئة جدا .. وجبات الفطور سيئه .. وكذلك تعاملهم سيئ غير مؤدب ..,1,Saudi Arabia
27,مميز جدا,5,Saudi Arabia
28,عادي جدا,3,Egypt
29,قريب من المطار,3,Algeria
30,جيد,4,Saudi Arabia
31,لابأس,3,Yemen
32,المكان جيد و لكن الأسعار إلى حد ما مبالغ بها,4,Saudi Arabia
33,مناظر خلابه واكل مميز ولذيذ واسعار مناسبة,4,Yemen
34,طعام لذيذ نظيف كريم و ديكور جميل جدا,5,Saudi Arabia
35,المكان جميل ومنسق والخدمة جيدة,5,Oman
36,مكان هادئ بالرغم من وجوده وسط الفوضى والتلوث البيئي,3,Saudi Arabia
37,القعدة رايقة و الاسعار مناسبة جدا …,3,Egypt
38,مطعم رائع و اسعار جيده.,5,Egypt
39,جلسه حلوه واركيله طيبه,4,Iraq
40,اكثر من رائع,5,Saudi Arabia
41,ممتاز جدا,4,Saudi Arabia
42,مكان راقي يمكن اصطحاب العائله والاطفال فيه,4,Oman
43,مكان رووووووعة,4,Saudi Arabia
44,ممتاز و لا أروع,5,Palestine
45,دون المستوى من خلال الطلبات وتقديمها بحيث تنتظر مدة ساعه لتأخذ اذن بالطلب.. وغيرها من الأشياء,1,Iraq
46,ممتاز جدا,5,Saudi Arabia
47,افضل فندق و يوجد فيه مطعم وغرف و مصلى,5,Saudi Arabia
48,جميل,3,Egypt
49,رائع وجميل وعائلي,5,Syria
50,ممتاز وطيب,5,Syria
51,شكرا,5,Libya
52,لحمة مشوية غير ناضجة والحمص غير جيد والفتوش رديئ والبطاطا سيئة لا انصح احد بأكل الطعام الشرقي,1,Oman
53,اروع فنادق بيروت,5,Jordan
54,هذا بيتي الثاني,5,Iraq
55,مطعم بأجواء تراثية ساحرة,5,Modern Standard Arabic
56,تفضل مطعم مطعم الساحة مكان تراثية,5,Iraq
57,من أفضل المطاعم في العالم,5,Modern Standard Arabic
58,مطعم الساحة من افضل المطاعم في العالم,4,Yemen
59,جيده,3,Oman
60,احلى مستشفى و احلى خدمة,5,Jordan
61,انه مستشفى يستحق خمسة نجوم,5,Saudi Arabia
62,هاي أفضل مستشفى بلبنان,5,Jordan
63,ممتازه,5,Libya
64,السلام عليكم والدي يغسل الكلى ونريد ان نجري له عمليه زرع الكلى ولاكن كفائة القلب 51 بالمئه والمتبرع موجود من العائله اريد ان تردو لي الخبر عن نسبة نجاح هكذا عمليات,5,Iraq
65,مستشفى فيه كوادر وأجهزة متطوره,5,Yemen
66,أركيلة ممتازة,5,Jordan
67,خدمة مميزة,3,Saudi Arabia
68,لذيذة الشيشة,3,Morocco
69,كتييير حلو,5,Palestine
70,جميله للمسافر و خدمه سريعه,3,Yemen
71,احلاقعدي يكافئ الريحان,5,Iraq
72,جيد,5,Saudi Arabia
73,محل جيد جداً يوجد فيه البسه ولادي والبسه نسائي والبسه رجالي واحذية لجميع الاعمار ويوجد مكان لادوات منزلية محل عائلي بامتياز واسعار مدروسة جدا لجميع الفئات,2,Saudi Arabia
74,قد تجد اسعار رائعه وليس دائما,1,Modern Standard Arabic
75,مكان جيد للتسوق واسع ومريح والمنتجات تعجبني في كثير من الأحيان,5,Oman
76,هناك عروضات حقيقية، نتمنى المحافظة عليها. وإلى مزيد منها في الأيام القادمة، مع التمني بالمحافظة على الجودة، دآئما وأبداا. نتمنى للقييمين على هذا المشروع الكبير والمهم الدوام والتوفيق لما فيه الخدمة للمواطن الذي ما فتئه ينؤ تحت أعباء الإهمال من قبل المسؤولين، الغير مسؤولين للأسف الشديد. عذرا على الإطالة، دمتم موفقين.,5,Modern Standard Arabic
77,مكان رائع,5,Iraq
78,مناسب بعض الشيئ,5,Oman
79,الاسعار مقبولة,3,Iraq
80,جيد جدا,5,Saudi Arabia
81,احب ذلك,5,Oman
82,يبيع ماركات عالميه,3,Yemen
83,تسوق رائع,3,Iraq
84,لانه…,5,Jordan
85,حلو بس مو انو واو,3,Syria
86,راااااائع,5,Egypt
87,وووووو,5,Lebanon
88,متجر للتسوق,3,Saudi Arabia
89,مفيد,5,Yemen
90,انهو جميل جدا,5,Sudan
91,انهو جميل جدا,5,Sudan
92,بسبب خدماته السريعه,5,Yemen
93,متجر ألبسة شعبي,3,Jordan
94,لابأس,3,Yemen
95,ﻻن المﻻبس فيه وكانها قديمة طريقة العرض تضيع المشتري,3,Saudi Arabia
96,جيد,3,Saudi Arabia
97,وجدت فيه كل ما يريحني,5,Saudi Arabia
98,جيد,3,Saudi Arabia
99,جميل,4,Egypt
100,تشكيله وااااااسعه من الالبسه وادوات مطبخ,5,Yemen
101,للاناقه,5,Iraq
102,جميل,5,Egypt
103,حلو,5,Libya
104,تجد بعض الراحة هناك لكن العاب الاطفال أغلبها صدىء والبعض منها مكسور.,3,Saudi Arabia
105,ممتاز,5,Yemen
106,مكان جميل,4,Saudi Arabia
107,ممتاز,5,Yemen
108,ممتاز,5,Yemen
109,ساندوش مابشبع صوص,1,Tunisia
110,ما رح كتّر حكي عن المطعم ، أول شي ما شفت ولا أم بالمطبخ المكشوف ! ثانيا الكراسي الواطي ضهرُن غير مريحين ، طلبنا حمص باللحمة عادي جداً ، كتير أبيض ومالس ما في طعمة ! المتبّل ضروري تجرّبو لانو كتير طيب ، جرّبنا متبل أمي ، سلطة الروكا والبقلة كتير حامضة مروّحة طعمة الحشايش ، البطاطا مع كزبرا طيّبة بس كان ممكن تكون مقدمة بشكل أحلى خصوصي أنو كان في بعض من البطاطا غامقة ، أطيب شي كان بالنسبة إلي حرّاق أصبعو يلي هي كناية عن عدس مع رمان ، صراحة ضروري تطلبو لتفهمو عن شو عم بحكي . الفلافل طيبين بس كان بيحملو يكونو crunchy اكثر و الرقاقات بالجبنة البيضة ذكّروني لمّا كنّا زغار . أما الحلو صراحة سألت إذا الكنافة هنّي بيعملوها ، طلعو بجيبوها من عند البحصلي إذا بعدني مذكرة ، مش غلط الفكرة بس انا بحب المطعم يكون عندو specialite خاصة في,3,Lebanon
111,احسن من اهم المستشفيات ♡,5,Yemen
112,روعه,5,Saudi Arabia
113,مستشفى حكومي جيد,5,Saudi Arabia
114,خدمة ضعيفة وتأخير في الوقت لا انصح بهاء,3,Saudi Arabia
115,جيد جدا واشكر القائمين على ادارة المشفى,3,Saudi Arabia
116,غير شكل,5,Qatar
117,والله في دكاتره قويه .متل الدكتور ربيع شاهين الله يقوي,5,Libya
118,لا تظلون تكذبنون ولله مستشفى جيد احسن منو مابو يطيب يعتنون بلمريض مثل أهلو اني دخلت المستشفى وظليت 15 يوم,5,Iraq
119,مستشفى حكومي جيد,4,Saudi Arabia
120,الله يرحمك يا حريري,5,Saudi Arabia
121,جيد جداً,5,Saudi Arabia
122,ممتازة,5,Saudi Arabia
123,روووووووووووووعة,5,Jordan
124,نعم „„,5,Modern Standard Arabic
125,جيده,5,Oman
126,) مكان ممتاز لطلب اي شيء من الالكترونيات .. رائع الخدمة .. ويملك بضاعة شبه شاملة .. الاسعار مسبة للسوق تعدغالية بعض الشيئ .. لديه كل ما تحتاج من الثورة الاكترونية المتواجدة بالسوق اللبنانية,3,Saudi Arabia
127,منظم تجد كل ما تطلبه من الكترونيات,5,Iraq
128,تجد عندهم كل ما تحتاجه في المجالات الكترونية,5,Oman
129,جيد، لكن اسعار الصيانة مرتفعة,3,Saudi Arabia
130,) يوجد عنده كل ما يخص الأجهزة الكتروني,5,Oman
131,"Best place to shop for electronics of all sorts. Computers, peripherals, alarms, led products and components. محل الالكترونيات الأول في لبنان. يغطي كل حاجات المتخصصين من المواد الاوليه للالكترونيات إلى الهواتف والكومبيوتر وغيرها. مكان منظم وخدمة الزبائن سريعه ومنظمه",5,Yemen
132,غلوجي نصاب، يدّعي التدين وهو محتكر,1,Iraq
133,اسعار جدا مرتفعه و ليس لديه الخبره الكافيه في كل الاقسام…,1,Saudi Arabia
134,جيد لكن اسعاره جدا غالية,3,Saudi Arabia
135,ممتاز و الاسعار ممتازة,5,Saudi Arabia
136,الخدمات سيئة جداً😡,1,Saudi Arabia
137,بدك الكترونيات وكهربائيات يعني بدك قطرنجي,5,Syria
138,جميع القطع الالكترونيه,5,Iraq
139,متجر اجهزة الكترونية,5,Iraq
140,مقبول,3,Iraq
141,) خدمه ممتازه .ويوجد كل شي من قطع الالكترونيات عندهم,5,Yemen
142,انه ذو خدمة رائعة وافضل خدمة هي خدمة الموضف محمد قسم. كميرات مراقبة,5,Saudi Arabia
143,منظم,4,Algeria
144,مكان ممتاز بكل فروعه,5,Saudi Arabia
145,جميع القطع الالكترونية الحديثة خدمة رائعة عالم الكترونات,4,Iraq
146,غير مهتم بزبون,1,Saudi Arabia
147,كل شي موجود لديه,5,Oman
148,حلو,5,Libya
149,شركة مهمة للالكترونيات,5,Saudi Arabia
150,خدمة رائعة جدا,5,Saudi Arabia
151,جميل,3,Egypt
152,حلو,5,Libya
153,قطرنجي للالكترونيات، كورنيش المزرعة، بيروت,4,Lebanon
154,عنده كل شي,5,Qatar
155,اوك,5,Saudi Arabia
156,سوبر سوبر مخزن الكتروني,5,Yemen
157,جيد,3,Saudi Arabia
158,وزارة كل مين فاتح عحسابو وقت يللي بدو بيسكر و بيمشي ويلي مستلم ملفات أدوية الناس المدعو عادل نجيم دايما غير موجود و لدى السوءال للموظفين عن السيد عادل نجيم اجابوا بانه لم ياتي الى مكتبه منذ اكثر من اسبوعين وخذوا على وزارة صحة وعلى تصريحات عالتلفزيون بتفكر عم يحكوا عن وزارة الصحة بباريس فليتفضل معالي الوزير خاصباني و يسال الموظفين على الأقل عن الدوام حيث ان هذه الوزارة من اهم الوزارات نظرا لحاجة الناس لها فهي ليست وزارة للسياحة و الترفيه حتى يمكن اهمالها بهذا الشكل حيث انه بتاريخ ٥/٧/٢٠١٨ الساعة ١٤:٠٠ لا يوجد اي موظف في الطابق الرابع سوى عنصر أمني يعتقد انه مرافق معالي الوزير,1,Syria
159,خدمة سيئة كوضع البلد بالضبط، يضاف إليها إضراب. كتير حلو.,1,Syria
160,) مش كل الناس عندها انترنت لتحتى تشوف فاتورتها أو تفتش عشي رقم تضربو انتو ويلي قلكم تدخلو اوجيرو بالانترنت,1,Lebanon
161,مكان رائع,5,Iraq
162,جميل لا بأس,1,Sudan
163,لا بأس,3,Modern Standard Arabic
164,روعة,5,Saudi Arabia
165,مكان جميل ويوجد به محتالين,2,Modern Standard Arabic
166,جميل,3,Egypt
167,مهم جدا لذوي الدخل المحدود وجميل وأكثر من رائع,5,Oman
168,جميلة جدا,5,Saudi Arabia
169,مناسب جداً لذوي الدخل المحدود وأيضاً يتميز بالشعبية,4,Saudi Arabia
170,جو وشاطئ لا بأس به لولا بعض اصناف العالم الغير صالحين,4,Oman
171,جيد,5,Saudi Arabia
172,مكان جميل يوجد درك عند المدخل للتفتيش ويوجد منقذين مدربين يراقبون العامة,4,Modern Standard Arabic
173,المسبح الشعبي شاطيء رملي رائع,5,Saudi Arabia
174,مكان راااااااااائع جدا,5,Saudi Arabia
175,جميل جدا,5,Saudi Arabia
176,مكان جميل لتقضية العطلة,4,Modern Standard Arabic
177,حلووو,2,Libya
178,المسبح حلو بس الطولي40$,5,Iraq
179,مسبح رائع,5,Jordan
180,جميل,5,Egypt
181,مسبح رأع,5,Syria
182,مسبح عادي,5,Saudi Arabia
183,جيد,5,Saudi Arabia
184,أجمل مناظر بيروت,5,Jordan
185,ممتاز,5,Yemen
186,صيدا لتهتم بالشعب والبحر,5,Jordan
187,اماكن جميله,5,Yemen
188,الشاطئ جميل لكن حجز الطاولات 20 $ تقفيص,3,Saudi Arabia
189,رائع,5,Iraq
190,ثلاث ايام من التقيؤ والاسهال وقد يكون اكثر بسبب التلوث,1,Oman
191,مسبح شعبي خدمات متوسطة,3,Iraq
192,روعه,1,Saudi Arabia
193,من اكثر ﻻمكن لتي أزورها,5,Oman
194,مكان تعشق الرواق فيه,4,Saudi Arabia
195,خدمة متوسطة,3,Tunisia
196,جيد,3,Saudi Arabia
197,شاطىء الرملة البيضاء - بيروت,4,Oman
198,رائع جدا,5,Egypt
199,رواااق,5,Libya
200,ممتاز,5,Yemen
201,الاسترخاء,5,Oman
202,أنا بحب التصوير وبحب كل شي ممكن يساهم بإظهار كل ماهو جميل وهون لقيت المكان المناسب لعرِّف وأتعرف ع كتير مواقع ..... وشكرا,5,Syria
203,جميل ولكن لايصلح للسباحه,5,Modern Standard Arabic
204,مكان هادئ وشاعري,4,Saudi Arabia
205,يعيبة عدم وجود حمامات وغرف ملابس جيدة بل متهالكة اقترح تجديدها,4,Saudi Arabia
206,حلو كتير,1,Syria
207,مكان جميل... ولكن بحاجة لنظافة البحث اكثر,5,Oman
208,شاطئ مقبول ..الرمل والبحر حلو وجميل لانو من خلق الله...اما الخدمات تعيسة جدا وتعامل سئ..,2,Iraq
209,انه لمكان رائع و جميل,5,Saudi Arabia
210,مكان رائع قال رسول الله صلى الله عليه وآله وصحبه وسلم: (اتق الله حيثما كنت، وأتبع السيئة الحسنة تمحها، وخالق الناس بخلق حسن)(اللَّهُمَّ إِنِّي أَسْأَلُكَ الْعَافِيَةَ فِي الدُّنْيَا وَالْآخِرَةِ، اللَّهُمَّ إِنِّي أَسْأَلُكَ الْعَفْوَ وَالْعَافِيَةَ فِي دِينِي وَدُنْيَايَ وَأَهْلِي وَمَالِي، اللَّهُمَّ اسْتُرْ عَوْرَاتِي وَآمِنْ رَوْعَاتِي، اللَّهُمَّ احْفَظْنِي مِنْ بَيْنِ يَدَيَّ وَمِنْ خَلْفِي وَعَنْ يَمِينِي وَعَنْ شِمَالِي وَمِنْ فَوْقِي وَأَعُوذُ بِعَظَمَتِكَ مِنْ أَنْ أُغْتَالَ من تحتي {يَا أَيُّهَا الَّذِينَ آمَنُوا اتَّقُوا اللهَ وَكُونُوا مَعَ الصَّادِقِينَ}  فاطر السماوات والأرض انت ولي في الدنيا والآخرة توفني مسلما والحقني بالصالحينقَالَ رَسُولُ الله ﷺ : **لأَنْ أَقُولَ : سُبْحَانَ اللَّهِ وَالْحَمْدُ لِلَّهِ وَلا إِلَهَ إِلا اللَّهُ وَاللَّهُ أَكْبَرُ أَحَبُّ إِلَيَّ مِمَّا طَلَعَتْ عَلَيْهِ الشَّمْسُ*. مسلَّم: السلام عليكم ✋🏻🌹😊 كل يوم بدنا نتعرف على دعاء واحد من ادعية انبياء الله عزوجل : لحتى نحاول نحفظهم ونرددهم😉✋🏻 : ودعائنا اليوم دعاء سيدنا يوسف (( فاطر السماوات والأرض انت ولي في الدنيا والآخرة توفني مسلما والحقني بالصالحين))🌹❤🌹اللهم لاتحجب إحسانك عنا بتقصيرنا ، ولا تمنع عنا فضلك بغفلتنا ، وأجعلنا شاكرين لنعمك ، راضين بقضائك ، متلذذين بذكرك ، طامعين برضاك.. اللهم زدنا نوراً في القلب ، وضياء ًفي الوجه ، وسعة في الرزق ، ومحبة في قلوب العباد ، 🌹 واغفر لنا ولوالدينا ومحبينا والمؤمنين والمؤمنات🌹 🌷💐صباح الخير 💐🌷🌹الكلمة الطيبة طائر جميل حين🌹    تطلق سراحه من لسانك       سيغرد في صدور          الآخرين لتكن               أخلاقنا                 باقة              من زهور           الحياة نهديها         لمن حولنا عطرها    الطيبة ولونها نقاء قلوبنا  🌹 ورحيقها الابتسامة 🌹 ❤🌹صباح لخير❤😘🍃🌸🕊 ‏اللهُم إنَي اسألُك فَي بداية هَذا اليوَم .. فَرجاً لكُل مهمُومٍ ، وشّفاءً لكُل مَريض ، ورحمة لكل ميت ، ومغفرة لِكُل ذنبٍ ، وهدَاية لكُل عبَد ،ورزقاً لكُل محتاجٍ وأستجاَبه لكُل دعاءٍ صباح الخير 🍃🌸🕊قَالَ رَسُولُ الله ﷺ : **لأَنْ أَقُولَ : سُبْحَانَ اللَّهِ وَالْحَمْدُ لِلَّهِ وَلا إِلَهَ إِلا اللَّهُ وَاللَّهُ أَكْبَرُ أَحَبُّ إِلَيَّ مِمَّا طَلَعَتْ عَلَيْهِ الشَّمْسُ*. مسلَّم,5,Oman
211,") الرملة البيضاء هو شاطئ عام على ساحل مدينة بيروت, العاصمة اللبنانية. يقع على الطرف الجنوبي من كورنيش بيروت حيث شارع الجنرال ديغول يلتقي بشارع رفيق الحريري وينتهي في شارع فنزويلا. على الرغم من وجوده في منطقة المصيطبة بالقرب من منطقة رأس بيروت الراقية، الا أن معظم رواده من سكان بيروت والضاحية الجنوبية ذوي الدخل المنخفض.",5,Modern Standard Arabic
212,شاطئ جميل ممكن السباحة ومنظر غروب جميل,5,Saudi Arabia
213,مكان رائع وجميل وشاطئ نظيف,5,Iraq
214,مكان جميل وكبير ويوجد به الشخص كل احتياجاتهم الخاصة,4,Modern Standard Arabic
215,) مكان جيد ولكنه مكتظ والمياه غير نظيفة بشكل جيد,3,Saudi Arabia
216,مكان رائع جداااا ومناسب للاطفال انصح بزيارته,5,Saudi Arabia
217,مكان جميل .يمكنك السباحة هناك .ويمكنك ان تدخل المطاعم وبإسعر جيدا انصح بزيارته,5,Oman
218,) غير صحيه لا يوجد فيها خدمات عامه لا يوجد موقف للسيارات خاص به,2,Oman
219,مكان مناسب للمشي و الرياضة على شط البحر.,3,Saudi Arabia
220,جميل للعائلة و بالامكان اصطحاب الطعام,4,Saudi Arabia
221,شاطىء شعبي للسياحة الشعبية,4,Saudi Arabia
222,) بيروت باريس الشرق مدينة تحتوي على الكثير من الاماكن السياحية الجميلة لاطلالتها البهية على البحر الابيض المتوسط ومن هذه الاماكن الرملة البيضاء التي تستطيع بها الاسمتاع باشعة الشمس ومياه البحر والسباحة هناك وايضا الجلوس على رمل البحر وقضاء امتع الاوقات واحلاها في هذا المكان البديع,5,Oman
223,المكان جميل في ايام الصيف وفي الليل المكان رايق,4,Saudi Arabia
224,مكان رائع,4,Iraq
225,مكان مريح وهادئ وصالح للعوائل واصطحاب الاطفال,5,Saudi Arabia
226,الشط مجوي و مقلعط فاتحين المجارير على البحر,1,Palestine
227,) انا احب الترك. منذو القدم العربية والعالمية الآن. وهي تركيا.,3,Oman
228,جوهادئ وممتع بعض الوقت,4,Oman
229,شاطئ وسخ,1,Sudan
230,انا ساكن بالبناء الشاطئ الذهبي وكتيرر مبسوط الحمدلله امان ورواق كتير,5,Syria
231,منظر حلو,5,Saudi Arabia
232,الاسعار والوجبات جدا غاليه مقارنه بالاماكن الاخرى,3,Oman
233,لا يوجد به اَي مقومات المتعة,2,Modern Standard Arabic
234,مكان سياحي,5,Oman
235,كان هاذه رائع,5,Algeria
236,اسوأ كافيهات و مطاعم هيي المطلة على الروشة,1,Lebanon
237,ليست بالمستوى المطلوب,2,Oman
238,رائع للغاية,5,Saudi Arabia
239,ممتع,5,Egypt
240,مكان سياحي وعصري,5,Saudi Arabia
241,الشاطئ ملوث,1,Iraq
242,جميل,2,Egypt
243,مكان رائع,4,Iraq
244,) شاطيء رملي كان نظيف وجميل الان شاطيء وسخ ومليء بمياه الصرف الصحي وذو رائحة كريهة,1,Saudi Arabia
245,منظر روعة,5,Saudi Arabia
246,غني عن التعريف,5,Sudan
247,احلى شاطىء رملي بلبنان,5,Jordan
248,جميل جدا,4,Saudi Arabia
249,تجننن وحركة الامواج تجنن,5,Saudi Arabia
250,روعخ,5,Yemen
251,ليس جيد,2,Oman
252,مكان يطير العقل ويساعد على الاسترخاء,5,Oman
253,اجمل من الروشة وقريب من البحر,5,Tunisia
254,رائعع,5,Egypt
255,انا بعشق البحر والرملة البيضاء مكان هادي ورائع,5,Egypt
256,٠,5,Syria
257,روعة,5,Saudi Arabia
258,بقرف,2,Palestine
259,بيروت ام الدنيا,5,Jordan
260,البحر والرمل أجمل شيء,5,Saudi Arabia
261,افضل مكان للتنزه,5,Iraq
262,جميللللللل,5,Saudi Arabia
263,حلو,5,Libya
264,رااااائعة,5,Egypt
265,مكان جيد جدا واسع وشرح ⊙⊙⊙⊙⊙⊙,4,Saudi Arabia
266,رائعه,5,Yemen
267,رائع,5,Iraq
268,لايوجد مكان للملابس,4,Modern Standard Arabic
269,جيدا,4,Yemen
270,جميل,5,Egypt
271,منيحا,4,Morocco
272,الرملة البيضاء .. بيروت,4,Jordan
273,الرملة البيضاء,5,Tunisia
274,جيد نوعا ما,3,Modern Standard Arabic
275,هدوئ تام وملعب مميز,3,Saudi Arabia
276,إنارة ضعيفة وشباك مخزّئة,1,Egypt
277,بس تلعب بملعب النجمه رح تربح اكيد هههه,5,Syria
278,جميع لعبات الفوتبول خاصتي في هذا المكان,5,Saudi Arabia
279,نحمتنا😍,5,Egypt
280,انا اشجع النجمة واكتر شي عباس عطوي بحبه وبتمنى توصلولو أن انا بحبه,5,Syria
281,نانا وبلا,5,Syria
282,جميل,4,Egypt
283,جيد,3,Saudi Arabia
284,موسى حجيج وبس,5,Iraq
285,لانني احب فريق النجمة,5,Iraq
286,احلى نادي,5,Iraq
287,حلو,4,Libya
288,رؤؤؤؤؤؤؤعة,5,Saudi Arabia
289,كتير مرتب وحلو بس الخدمه والكرسونيه عاطله جدا الا ازا كان شي ضابط او مسؤول اما عامه الشعب لن يتعشوا مع انو الدفع سلف قبل الدخول,2,Libya
290,) كلنا للوطن للعلى للعلم,5,Tunisia
291,) بحطو سعر الاكل على ال menu شي و السعر بكون اغلى انا طلبت صحن ناغتس كل مرا بكون حقو 4 بس هني بعوني يا ب 5 و قالولي انون غلو الاسعار و انا لس ابل بيوم طلبت ناغتس ب 4 الاف,2,Qatar
292,مكان سياحي ممتاز,5,Saudi Arabia
293,جميل جدا,5,Saudi Arabia
294,رائع وممتاز,5,Iraq
295,منتجع سياحي ممتاز,5,Saudi Arabia
296,ممتع نظيف ومنظم,5,Saudi Arabia
297,جيد جدا شكرا ممتاز وراء جيد جدا,5,Saudi Arabia
298,منتجع رائع,5,Iraq
299,النادي العسكري منتجع بحري مطاعم والعاب واسجمام جميل جدا,5,Oman
300,) النادي العسكري هو نادي اجتماعي رياضي للمتقاعدين العسكريين والمدنيين والمهتمين بالشؤون الرياضية بالسباحة وتقوية الجسم والتثقيفية بالمطالعة والتسلية في لعب طاولة الزهر ولعب الورق الليخة وال400 وال 14.,5,Iraq
301,مميز وألوان,5,Syria
302,مكان جميل ويطل على البحر مباشرة,5,Saudi Arabia
303,رائع جداً جداً,5,Iraq
304,رائع,5,Iraq
305,خيالي,5,Jordan
306,جيد جدا,5,Saudi Arabia
307,ملتقى الأحباب.,5,Algeria
308,لا بأس,1,Modern Standard Arabic
309,مكان خاص لافراد الجيش البناني الضباط واسرهم,3,Yemen
310,رائع,5,Iraq
311,احمد الضو,5,Iraq
312,جيد,4,Saudi Arabia
313,ممتاز,5,Yemen
314,النادي الرياضي هو خاصه للممارسه السباحه,5,Iraq
315,شارع الحمراء اهم شوارع بيروت,5,Jordan
316,بيجنن,5,Palestine
317,ممتاز,5,Yemen
318,كلنا للوطن ....,5,Tunisia
319,بدون تعليق,5,Sudan
320,ممتاو,5,Morocco
321,مقبول,5,Iraq
322,جيد,5,Saudi Arabia
323,يعتبر جيد جدا فقط للعسكريين وعائلاتهم وليس لعامة الناس,4,Saudi Arabia
324,الروشة _ لبنان,4,Libya
325,كل الأفراد مهزبين و النجمة لي حطيتها بس بهالشي لان كل الامور الباقية سيئة جدا كخدمة متل اعطاء معلومات و ارشادات للناس خاطئة ،ما بيعرفوا شو الملفات لي بتتقدم بفرع المديرية العامة و شو بتتقدم بفرع المتحف أو مقابل السوديكو . كل النهار الناس رايحة من فرع لفرع و من طابق لطابق و المعاملات بتتاخر لتخلص مش معروف ليش رغم انو بتلاقوا كتير في أفراد جالسة ما عم تعمل شي و ما في ضغط معاملات و فوق هيدا كلو بينتزع عندن السيستام و بتوقف المعاملة و ما حتى بيتصلوا فيك ليخبروك انو تتعطل و في تاخير لانو تغير برنامجك و حجوزات و امورك.كلو تفويت بالحيطان و تضييع وقت و استخفاف بالعالم و تسلاية و قلة قيمة لوقتنا. (,1,Lebanon
326,اسواء ناس بشوفهن بحياتي عناصر الامن العام واحص بالذكر العدليه قمة في قلة الادب و قلة الاحترام جهل بالقوانين محسوبيات و محاصصات طائفيه خربتو سمعة البلد للمغتربين اللبنانيين و الاجانب (,1,Iraq
327,) مكان جدا رائع مكان للعب الاطفال وهو مجاني بشكل كامل ايضا العاب الطفال مجانية وفيه حراسة بشكل دائم,5,Saudi Arabia
328,يوجد في العاب للصغار مجانا . ويوجد فيها حراسه . مكان مناسب للعائلة وصحي,4,Saudi Arabia
329,حديقة الصنائع متنفس جيد لاهالي المنطقة بإمكانك الاسترخاء والتعرض للشمس,3,Oman
330,حديقة رائعة وجميلة ونظيفة و مجانية ممتازة لكل شيئ للرياضين و الدراجات وللعب الاطفال والالعاب فيهل ممتازة وآمنة للعب الاطفال و فيها حراسة بشكل دائم❤❤❤❤❤😘😘😘😘👏👏👏👏,5,Saudi Arabia
331,حديقة كتير حلوة ومرتبة لكن يوم الاحد فقط للعائلات عليكم الانتباه لهذه الملاحظة وهي نظيفة وجميلة وممنوع التدخين عند الاشجار.حديقة كتير حلوة ومرتبة لكن يوم الاحد فقط للعائلات عليكم الانتباه لهذه الملاحظة وهي نظيفة وجميلة وممنوع التدخين عند الاشجار,5,Jordan
332,نظافة انضباط.شيء جميل وراق جدا,5,Saudi Arabia
333,) من الطف الحدائق العامة في لبنان وهي حديقه عامه تتميز بجمال موقعها وهندسة زراعتها وادامتها وهي مكان رائع للشباب والاطفال والعوائل وترى اللون الاخضر الناصع في اشجارها وارضيتها مع وجود الملاعب الصغيره لممارسة الرياضات المختلفه اضافه الى لعب الاطفال وغيرها اتمنى ان تزوروها,4,Yemen
334,مكان جميل .,4,Saudi Arabia
335,حديقه رائعه ونظامها رائع,5,Yemen
336,جميل قعده بتجنان ورواق,5,Egypt
337,منتزه جميل ورائع في تنظيمه وترتيبه ووجود بعض النافورات المائيه منحت للمكان جمال اكثر وهو مناسب للعوائل للجلوس فيه واخذ بعض الراحه بعيدا عن جو المدينه,4,Oman
338,لا مواقف ولا أمان,2,Syria
339,مكان جميل للعائلات,5,Saudi Arabia
340,) حديقة الصنائع - بيروت يُعتبر هذا السبيل من أشهر معالم بيروت القديمة. شُيّد عام ١٩٠٠م (في عهد العثمانيين) وقد كان موقعه سابقاً في ساحة رياض الصلح. نُقل لاحقاً عام ١٩٥٧ إلى حديقة الصنائع وقد تمّ ترميمه حديثاً عام ٢٠١٥.,3,Oman
341,منتزه جميل ولكن مزدحم بعض الشيئ ولكنه مناسب جدا للرياضه الصباحيه,5,Oman
342,جميل وفيه مناضر خلابة ناضفة جبدة,4,Saudi Arabia
343,حديقه مرتبه وجميله تتوسطها نافوره كبيره وتحتوي على اشجار وورود مختلفه وجميلة، هادئه ونظيفه ، انصح بزياراها وقضاء اوقات ممتعه.,4,Yemen
344,مكان جميل ذو اشجار جميلة و نظافة,4,Saudi Arabia
345,جميل ومريح,5,Egypt
346,اجمل حديقة في بيروت,5,Jordan
347,جميل,5,Egypt
348,عندما أطلب الراحة أزور هذا المنتزه هيي بقعة خضراء وسط مدينة سمراء هي مساحة يتنفس بها المتعبون ويفرح بها الأطفال,5,Jordan
349,هدئ وجميل ويمكنني التقاط بعض الصور الرائعة احببته,5,Oman
350,رائع لتنزه,5,Syria
351,حلوة القعدة والخضار بيرد الروح وللطفولة نهفاتها في هذا المكان,5,Saudi Arabia
352,رااائع,5,Egypt
353,مكان جميل 😍,5,Jordan
354,ممتاز,4,Yemen
355,ذكريات الربيع,5,Algeria
356,ممتاز,4,Yemen
357,ذكريات الربيع,5,Algeria
358,روعه,5,Saudi Arabia
359,ممتازه,3,Libya
360,مش منيحة لان اذا بدك تصف مشكلة ولسورين ياعين,1,Jordan
361,يا ريت يكون في نظافة للمكان اكثر,5,Jordan
362,جميل,5,Egypt
363,منتزه رائع,5,Iraq
364,انه مكان رائع جدا. يوجد الكثير من الناس هناك،و يوجد العاب للاطفال و مكان لجلوس الكبار و اشياء كثيرة تلفت النظر و تمتع الزائر,5,Saudi Arabia
365,منسقة وجميلة,5,Saudi Arabia
366,انهو مكان جميل جدااا اعشقها,5,Saudi Arabia
367,مكان رائع,5,Iraq
368,مكان يجنن اكبر واخلى حديقة شفتها بحياتي كلها😙😚😍😘😗,5,Saudi Arabia
369,جنينة جميلة بألب بيروت,5,Syria
370,مكان رائع,5,Iraq
371,فسحة للتنزه والمشاركة,5,Iraq
372,غير مخصص لطلب من قبل شخص واحد و هذا امر غير مستحب انه اذا شخص اجا عباله ياكل لحاله مافي يطلب ديليفري غير ليصير حسابه 24000ل.ل انه الواحد مجبور يطلب بقيمة 24000ل.ل ليوصلولو ديليفري + 2000ل.ل ديليفري شارج شو هل مسخرا,1,Lebanon
373,خدمة رائعة ،  تنوع جيد و شهي  الماذات الباردة رائعة الماذات الساخنة شهية و لذيذة .. شكرا مطعم بيتنا على حسن الاستضافة. بنصح عند كل زيارة كلب كنافة بيتنا,5,Saudi Arabia
374,البارحة ذهبت الى مطعمكم الفضيل ،دخلت و قلت للموظفة ارغب بالجلوس و انني وحدي ،عندما كانت تبحث لي عن مكان للجلوس تدخلت امراة على ما اعتقد انها زوجة صاحب مطعمكم الفضيل لتقول لي ليس هناك مكان كان يجب ان تحجز قبل المجيئ يمكنك الجلوس في المطعم الثاني التابع لنا في الطابق السفلي ..فتدخلت الموظفة التي كنت قد اخبرتها انني جأت للاستماع على عزف شادي العواد انه جاء من اجل شادي فقالت لي صاحبة مطعمكم الفضيل انه لا يمكن لك الجلوس و في كل الاحوال على من يجلس ان يطلعب العشاء !! لا اعتقد انني ذهبت لادرس في مطعم !! لقد ذهبت كي اتناول الطعام و اشرب النرجيلة !اولا كانت الطريقة جدا خاطئة خاصة في ما خص موضوع العشاء !! ثانيا كمطعم مثل مطعمكم الفضيل لا اعتقد انه يصعب تأمين طاولة و كرسي واحد !! ثالثا كانت هذه زيارتي الثانية الى مطعمكم الفضيل و لكن للاسف لم تكتمل و لن تكتمل.. شكرا ل أفندينا على هذا التعامل مع الزبائن...هذه كمشكلة لا حل لها حيث ان المشكلة من اصحاب المحل و ليست من موظفة !! شكرا افندينا على حسن التعامل بالتوفيق !!,1,Saudi Arabia
375,هذه اول مره ازور مطعمكم. الاكل عادي و الخدمة منيحة. و لكن كمية الطعام قليلة مثلا: الطاووق لم يكن معه بطاطا. و اسعارها غاليه بالنسبة لحجم الاكل. و لم توضعوا اشارات المطعم على طول الطريق,1,Yemen
376,عفكرة المطعم بجنن لقمتو طيبة واكلو بشهي وشي ولا اروع من هيك اكل مطعم ستايلو وديكور حلو عندو اكتر من خبزة صاج او مروق ول غريب في خبزة بيتا اذا بتجربوا كتير طيبة غريبة وبتجنن ولفت نظري كبة شاورما ..دجاج ..او لحمة ..مع سوس معا  مطعم بموقعو الحلو بصيدا بجنن وانا ابن صيدا بفتخر بهيك اكل طيب..ولذيذ ..,1,Lebanon
377,مطعم ولا أحلا اكل ولا اطيب بكل الكلام بكل المقاييس مطعم حلبي شرقي بمتياز .اكلنا التوشكا بتجنن . والكبة نيّةالفراكة الحلبية . قعدة حلوة وجو هادء الخدمة جميلة . تهانينا للمطعم وبنصح الجميع زيارة المطعم للتعرف على التراث الحلبي المميز .,5,Saudi Arabia
378,اليوم قررت ان ادوق اكل عند كرم ع الدرب اكل ممتاز جدا جدا جدمة ممتازة الماتر انيق Hygirne 5/5 النظافة 5/5 كل الاكل طيب واسعاره مدروسة و ادارة ممتازة و خدمة سريعة,5,Jordan
379,يوم الاحد عالشخص ٥٠$ بوفيه مفتوح واذ منكتشف انه المياه والبيبسي مش داخلين بال٥٠$!! وكنا ٨ اشخاص وكل واحد طلع عليه ١٠$!! كل واحد دفع حق مياه وبيبسي وبيرييه ١٠$!! يعني اللحمة والدجاج والسمك ارخص من صندوق المياه؟ والبيبسي؟ والبيرييه؟,1,Oman
380,مشاوي ممتازة وخدمة توصيل فعالة. اسعار مناسبة وتشكيلة جيدة لخدمة التوصيل. لقد طلبنا كفته مشوية مع تبولة، الكفته وصلت ساخنة والتبولة مجبولة بشكل جيد والمذاق لا يحتاج لاي اضافات. انني اوصي به,4,Oman
381,"يا جماعة حابب خبركم شو صار معي و مع عيلتي.. مبارح حجزت بمطعم تلة نصر يلي بمنطقة نعص. و لما حجزت عالتلفون خبروني انه المطعم فاضي بعد العيد و انه رح يعطوني طاولة بنص المطعم عالاطلالة. حجزت طاولة كبيرة و طلعت لهنيك عالغذاء مع عائلتي و معنا كان ضيوف. اول ما شافونا بالمطعم و سمعوا لهجتنا السورية قالنا الجرسون انه رح يعطينا طاولة بالقسم المغلق من المطعم. قلتله للجرسون بس انا حاجز برة و المطعم شبه فاضي بقى ليه بده يعطيني جوه المطعم بالقسم المغلق قام قالي انه كل الطاولات محجوزة.  قلتله ما انا عامل حجز من مبارح و على أساس طاولتي بنص المطعم عالاطلالة و ما في مشكلة.  قام عَصّب الجرسون و قال انه هاد الحاضر.  طلبت احكي مع صاحب المطعم مع العلم انه انا عندهم زبون معروف و دايما بطلع مع عائلتي و بيعرفوني منيح. رحت لعند صاحب المطعم و قلتله انه انا مستغرب من هالطريقة بالحكي معي و انه الجرسون يلي حاكاني قليل أدب قام بهدلني صاحب المطعم و قال ""انا ما بسمحلك تحكي هيك عنه و هو احسن منك"" و قال انه اذا ما عاجبني احمل حالي انا و عائلتي و ننقلع من مطعمه لانه ""أنتو من اول العيد هلكتوني"" قلتله مين انتو؟ ما انا ما اجيت لعندك كل العيد!!! قام قالي انتو السوريين هلكتوني و ما عاد بدي ياكم عندي بمطعمي و هاد المطعم الكم وهبوني ياه!!! زوجتي كانت معي عند صاحب المطعم و حاولت تحكي قام الجرسون قالها ""رجلي فيكي!!!!!"" انا بهاللحظة فعلا تفاجأت من نبرة الكراهية يلي بصوته و تفاجأت من الاهانة يلي تعرضنا الها انا و زوجتي و ضيوفنا يلي معنا. قلتله انه قليل أدب و نحنا ما بيشرفنا نفوت لعندك عالمطعم و ما بيشرف لبنان انك تكون لبناني و عندك هالكراهية كلها النا. هي اول مرة بتعرض لهيك إهانة و هيك موقف و بتمنى من الكل يقاطعوا هاد المطعم لانه شخص بهالكمية من الكراهية للسوريين ما لازم ندوس مطعمه رح قدم شكوى رسمية بهاد المطعم لوزارة السياحة اللبنانية يلي اكيد هاد التصرف ما ممكن تقبله بحق اي شخص غريب عّم يفيد قطاع السياحة و المطاعم بالبلد و هيك تصرف ينم عن زعرنة و قلة أدب و بيعطي صورة غير حضارية عن لبنان",1,Lebanon
382,ادارة فاشلة  دخلنا مجموعة اصدقاء طلبنا اراكيل وحلويات لكن الادارة رفضت الطلب لأننا لم نطلب عشاء وبررت الرفض بأنها مؤسسة لتقديم الطعام وليس فقط للاراكيل والمشروبات والحلويات,1,Saudi Arabia
383,حسن الإستقبال وخدمة الزبائن مع الوجه البشوش من أهم صفات المطاعم في العالم ومع الأسف هذا ما يفتقده بعض موظفي هذا المطعم. إذ أظهر البعض الوجه العبوس  مع التحديق بالجالسين عداك عن إظهارهم لعدم رضاهم عن ما طلبت !! وصاروا يتوشوشون فيما بينهم أمامنا مرارا وتكرارا... كانت أول زيارة لي لهذا المطعم ولا شك أنها الأخيرة.,1,Modern Standard Arabic
384,من اطيب المطاعم اللبنانية. كل المازات رائعة وبالاخص العصافير.. اول نظرة عالمطعم فكرتو رح يكون عادي لانو القعدة متواضعة ولكن من اطيب المطاعم .. خدمة سريعة كمان,4,Jordan
385,مطعم شهير وقديم. جلسته رائعة ومتواضعة لكنها قريبة من الطريق العام وغير مزعجة..... طعامه شهي ورائع جدا لناحية النكهة والطعمة وجودة الطهي وحسن التقديم.. العصافير لديه رائعة جدا وطعمها شهي وجميع المشاوي لذيذة جدا.. المقبلات شهية جدا وانصح الجميع بزيارة مطعم السلطان,4,Saudi Arabia
386,الطَّعَام لذيذ ، والطّبيعة ساحرة في المنطقة ، والأسعار مقبولة إجمالًا، لكنّ الخدمة سَيِّئَة جدًّا ، ولا يوجد تنظيم أو ترتيب في تقديم الطَّعَام,3,Oman
387,مطعم مميز بجميع ما يقدم من مشاوي ومازات ومناقيش من اهم اللحم بعجين التي تأكلها موجودة لديه. اطيب سندويشات المشاوي من شقف وكفتة لحمة نية طازجة ونطيفة. جلسته مريحة مطبخه نظيف ولديه فريق عمل محترف.,4,Oman
388,المكان جد مميز هو ملاصق لقلعة صيدا البحرية و يعانق البحر مما يجعلك تشعر بالتاريخ و الحداثة في وقت واحد . الاستقبال جد مميز . الخدمة رائعة من فريق متخصص اما الطعام فهو شهي و طازج. و بخاصة الأسماك و كل ذلك بسعر مدروس جداً  مطعم درجة أولى و اكثر بأسعار وسط ارغب بزيارته دوماً,5,Saudi Arabia
389,اشهى وا طيب وارخص مطعم اهدني في بيت ستي المشهور بكبة النية والمازة اللبنانية والزغرتاوية والاهدنية و الديكور المزهر بألوان الربيع اللون الليلكي والزهري والازرق السماوي وشكرا,5,Egypt
390,بالفعل مطعم كتير حلو الأكل بيشهي البركة كتير بتشرح الصدر إلى الأفضل والله جد مابعرف شو بدي احكي بيعجز الكلام بشكر الإدارة وكل العاملين فيه,5,Syria
391,ممتاز 100/100 مطعم مميز جدا بلقمتهو وبرامجه وخدماته وانا افضله عن بقيت المطاعم انتا نقضي وفى ممتع انا واصحابي عندما نكون فيه ونستمتع جدا لسماع الفنان وائل صعب,5,Saudi Arabia
392,مطعم مميز باكلو وخدمته الرائعة وبرامجه الممتعة  وانا زبونة دائنه رغم أني أعيش في الاغتراب ولكن. اقضي شهر في لبنان وشهر خارج لبنان وعندما ادعي أصحابي لقضاء اجمل السهر في اوتل لا رويا مطعم شهريار تكون سهرتنا مميزه جداً جداً .,5,Oman
393,مطعم روعة... كنت معزومة على صهرة على حركة الحج مبارح، الدكور والاكل والبروغرام روعة مقارنة بالسعر! برافو يهني الادارة على هالمطعم والسرفيس...@احلي استقبال واطيب لقمه,5,Oman
394,اطيب المطاعم. وقعدة روعة........ الاكل كتير طيب وكلو fresh والخدمة سريعة.... اطيب خبز سخن.. واطيب فواكه وحلوايات..... اركيلة طيبة كمان …,5,Lebanon
395,مطعم شرقي لبناني بامتياز....... يتمتع بجلسة رائعة في منطقة دلب بكفيا....... طعامه شهي ورائع ونكهته مميزة..... سرعة في الخدمة..... نظافة في المطعم.....,4,Saudi Arabia
396,اشهى وا طيب وارخص مطعم اهدني في بيت ستي المشهور بكبة النية والمازة اللبنانية والزغرتاوية والاهدنية و الديكور المزهر بألوان الربيع اللون الليلكي والزهري والازرق السماوي وشكرا,5,Egypt
397,كل التقدير والشكر على الجودة والطعم الرائع،كان يوجد فرع العبدلله في محلة كورنيش المزرعة وأغلق منذ فترة طويلة وشدة الإستغراب أن الفرع قد حقق نجاح مبهر قبل اغلاقه . فهل ستطيل فترة إغلاقه أكثر؟ في ظل هذا الوقت هل يوجد خدمة التوصيل إلى منطقة البربير؟ وشكراً,5,Modern Standard Arabic
398,مطعم ابدا مش منيح ما حدن بيجي بياخد الطلبية ولا شي مطعم سيء جدا جدا واكله ابدا مش طيب لقد نطرنا ساعتين ما حدا مرق وسالنا شو بدكن تطلبون من الماتر,1,Lebanon
399,مطعم ذوق راقي وجميل وقعده ولا اروع الاكل اكثر من روعه نفس الاكل في دول الخليج من ناحية النكهه والطعم مثل اكل السعوديه والكويت واختم شكري وتقدير لروم سيرفس من ناحية المعامله والخدمه ممتازه,5,Iraq
400,طلبت مندي لحم و مرقة لحم و سلطة جرجير.. المندي بيكفي لتلات وجبات و سلطة الجرجير و الصوص كمان ... ذكرني بايام المندي في بلادي اليمن .. حبيتو😍,5,Jordan
401,اطيب مطعم كبسه بخلده..رز برياني وصيني ومندي.. كاري /حر /لحمه او دجاج كريم وشعبي واسعاره مقبوله ما حدا بيندم اذا اكل عنده واكيد بيرجع بعيدها,5,Jordan
402,أطيب ناس وأفضل استقبالكم الموظفين وإدارة ولا احسن ، وأطيب اكل ونفس ولا احلى  تعرفت على مطعم كبسة من أكثر من سنة وبأمانة بقول كانك عّم تاكل اكل البيت  الله يديمكم,5,Saudi Arabia
403,جلسة جميلة وهادءة  خدمة ممتازة طعام ممتاز وارجيلة سوبر  حيث كنا 30 شخصا واستمتعنا بالمطرب والقدود الحلبية سهرة جميلة ادعو الجميع لزيارتة ناصر اليافي والاصدقاء,5,Oman
404,مكان جميل جدا في خلدة على الطريق البحري، وانصح به للعائلات. مذاق الاكل لذيذ والاهم فيه الاطلالة عالبحححححر رائعة. خدمة جيدة جدا ومكان هادئ ي,5,Saudi Arabia
405,اطيب سمك كلو طازج و المقبلات شي روعه و خاصة الطاجن. الاستقبال اكتر من رائع مزوئين و كتير مرحبين و الاسعار كتييييييير مقبولة highly recommended,5,Lebanon
406,الدجاج نزل و بعد ٢٠ دقيقه البطاطه و المقبلات. خدمه سيئه جداً ١١ شخص كنه شي بسم البدن و الاراجيل شي تعتير كتير كتير ٥ دقائق كانة الروس محروقه و ربع ساعه ليجو يشيلو الاكل الخالص شي ابدن مش مقبول !!!!!!,1,Lebanon
407,يتميز مطعم حليم بالعصافير الشهية والطازج... مازته شهية ومذاقها رائع... اكله نظيف وخدمته جيدة.......انصح الجميع بزيارته والتمتع باكل العصافير.....,4,Oman
408,واجبة زيارته :)  ساتكلم بالفصحة 😁 من اجمل الاجواء التي يمكن ان تختارها لتناول الغداء او العشاء .. اناقة في التفاصيل والديكور تكاد تعجب جميع الاذواق  Menuمتنوع  الخدمة ممتازة  كمية الوجبة جدا كبيرة 🤰 الطعم لذيذ والمكونات بدت fresh احببت كل الاطباق 👌  والاهم الاهم النظافة !! ساعيد التجربة for sure حتى انه سيصبح اختاري الاول 😊 ملاحظة: فرع antelias لكن لم اجده في السيرتش,5,Saudi Arabia
409,"I will write in Arabic to let everyone understand this Very Bad Experience at the new Saniour Antelias.  ١-الطلبية  chicken seasear salad النتيجة : عضمة صغيرة بالسلطة  Chicken avocados sandwish ( please without mushroom, because i have severe allergie) النتيجة : السندويش مرتين مع فطر  Plate taouk and grilled meet النتيجة : اللحم محروق ، والكمية جدا قليلة هيدا كلو منيح ، لما يشرّف ال supervisor ويربحك جميلة بصحن بسكوي او شوكولا و صحن حلو ثاني، و بزينن بجملة ، أنا ما عم راضيك، بس لازم طعميكن شي ،  NO HAYATSI ,  انا مش ناطرك تضيفني ، وما تربح جميلة مسيو peter  مفروض تجلي صحون الdessert قبل ما تربّح جميلة  (The desserts plate was durty with Kutchup)  طلبنا الفاتورة، وصلت مع قنينة فنتا كنا طالبينا اول ما وصلنا ومع كل هيدا الشي ، المدير ما شرّف عالطولة،  بس لحقنا لبرا الاستاذ بيتر و عم بقلنا لما تجو مرّة ثانية سألوا عني لا حياتي ،  لا انا ، ولا اصحابي ، ولا حدا بشرفو نجي ندفع مصرياتنا بمحل ما بيحترم زبوناتوا و بقدم أكل كتير غالي بالنسبة للنوعية وشكراً",1,Lebanon
410,خدمه سئيه جدا جدا جدا لا انصح به لانه في زوماتو يوجد خدمه التوصيل على حارة حريك حيث تم طلب طلبيه ولك يتم ايصالها والقول بان الحد الاقصى كاليري سمعان والذي يبعد دقيقه على الدراجه الناريه، نامل ايصال هذه الملاحظه للسيد محمد العزيري شكرا والغاء خدمه الدلفري من زوماتو لانه لا يتم التوصيل.,1,Yemen
411,شكراً لمؤسسة برير...بالرغم من كل السنوات يلي مرقت بعدها محافظة على الجودة والنوعية واللقمة الطيبة..استمرارية المؤسسة بتكون قايمة دايما على يلي سهرانين عليها...الف شكر على كل شي ... لقمتكن هي عنوان الثقة والمذاق الطيب.,4,Syria
412,طلوب اليوم وتعشا بكرا ، ساعتين ليوصل الطلب وهيدي اذا وصل بساعتين ما بنصح حدن مخور او جوعان يطلب من المطعم هيدا بيموت الجوع  وما بياكل وكل ما تتصل فيهن لتشوف وين صار الطلب بيقولولك انتا شو طالب سندويش لبني ان هيدا اوردر الصبح . بيضحكو,1,Lebanon
413,ما بطول الديليفري السندويش كان منيح بس الفرنجي شوي ميبسه القريدس طيب والشاورما واللحم بعجين نفس جودة فرع الضاحيه وما كتير فرق بفضل يجي الاكل سخن اكتر ومش بارد,3,Lebanon
414,عنجد ما في احلى من اغا لو مافي اغا كان نخرب بيتي😂 love you اغا ❤ ورايي ب اغا يا ريت بقدر عبر عن رايي ل اغا بس مافيي لان اذا بدي احكي عنها مابخلص لبكرا❤,5,Lebanon
415,اطيب لقمة 🔝👌❤ و الخدمة ممتاز و المطعم جميل و ان شاء الله الى مزيد من النجاح لانو المطعم بيستاهل اكتر و اكتر كل شي فيه ممتاز من موظفين وصولا للقمة الطيبة,5,Egypt
416,من اهم المطاعم الموجودة في بيروت وخاصة فرع راس النبع طعم و جودة ونوعية من اطيب السنديش يلي عندو الشاورما اللحمة و الفرنسيسكو شي ما بنوصف 🤗,4,Palestine
417,طعام شهي ولذيذ  شي ناهي وزاكي باللهجة الدمشقية تذوقت عندكم الكبة النية والدجاج المشوي على الفحم رائع المعجنات جيدة ورق العنب بالزيت روووعة 👍الى الامام,5,Algeria
418,عندي ملاحظة زغيري ليش لموظفين ما بيضحكو للرغيف سخن و بضلن يجئوررو بالعالم و في بنت سمرا و ناصحة وقصيري شوي بضل عم تجئر بالزباين لأفضل انو تعلموا كيف تعامل لعالم قبل ما تشتغل بي مطعم,1,Lebanon
419,السندويش عنده كبير وشهي.......اسعاره جيدة وتتناسب مع مختلف القدرات على مستوى الدخل. انواع متعددة من السندويشات........... عروض مميزة يقدمها بشكل دائم....,4,Saudi Arabia
420,السندويش باردة ☹️وتأخر الدليڤري,3,Egypt
421,سندويش ونص عنوان للقمي الطيبي . طلبت سندويش الطاووق كتير طيّب ونضيف وكل المكونات الزائدة موجودة متل البطاطا ، الكبيس والملفوف ... بالتوفيق لكل طاقم العمَل في المطعم وإلى المزيد من التقّدم,4,Syria
422,"مرحبا , تعليقي موجه لادارة المطعم : للاسف الشديد السرفس عدم شرعي يعني الويتر ماخصو وماعنده خبرة بشي لا بأخد الطلب ولا بلخدمة , منجي للشق التاني وهو نوعية الاكل : طلبنا كرسبي ساندوش وبرغر وطاووق و صحن عرايس وعلبتين بطاطا مقلية وطبعا جابو البطاطا المقلية اول شي وتأخرو شي نص ساعة بلباقي ,البرغر وصلت اللحمة مفحمة وسودا وطبعا ناشفة , الكرسبي ماشي حالها , صحن العرايس يعني ياريت صورت الصحن , والله حتى الشحاد بلشارع بتستحي تقدمله العرايس محروقين , ماعم افهم الويتر كيف اله عين يجيب الصحن , ولو مابدها خبرة بدها بس تحطو اشخاص مناسبين بلمكان المناسب....للاسف دفعنا الحساب وتركنا الاكل ولغينا صحن العرايس من حتى يتبدل....",1,Lebanon
423,شكراً لادارة المحل على الجو والترتيب وخدمة الزبائن الاكل يلي بتعملوه وبتقدموه عنجد طعم مختلف عن باقي المطاعم 💕 وبتشكر الشيف عبد الموجود خلف السناك  شب خدوم ومزوء ❤️❤️ بتمنى تكفوا على هالطريقة وعلى هالاكل   ومرة تانية بتشكر الادارة والشيف عبد هو قائم على كلشي بالصالة من سناك للشاورما والفرن .. 💕💕 شكراً,5,Syria
424,I will be polite and friendly اليوم الساعة ١١:١١ مساءً طلبت ٢ سندويش لحمة شقف ، الموظف شال سيخين اللحمة من البراد لونن كان رمادي غامق ، اوقفته واسترجعت نقودي بوجود المدير ولم اتلقى كلمة إعتذار وكأنني انا المخطئ,1,Sudan
425,الاكل كسرعة ايصاله و طريقة توضيبه و عرضه ممتازة بس !!! للاسف السجق كتييير طيبة اما اللحمة و الدجاج ابداا ما طبيين بعكس الصور بصراحة اشتهينا الصور بس طلعت بالعكس,2,Lebanon
426,من اطيب الاكل واحلى الاجواء ❤❤❤  الخدمة اكتر من ممتازة ❤❤❤ واهم شي الارجيلة 😍😍😍 والشباب بعقدوا (طلال؛ خالد والكل ❤❤❤❤ ام نزيه 👍👍👍👍,5,Syria
427,مكان رائع جدا ... جو كتتير رايق وبذكر بالجو البيروتي بأيام زمان ... الخدمة ذاتية والأكل طيب كتتير وأكتر من رائع والأسعار ابدا مو غالية,5,Syria
428,المطعم جميل و الاكل لذيذ و الاسعار معقوله,5,Yemen
429,مطعم شعبي يحمل الطابع التراثي الجميل للبنان . اجواءه رائعه . ورخيص بالنسبه لغيره اكله لذيذ . ومريح . يقدم حفلات موسيقيه بشكل يومي . اما ليل السبت انسى انك تحصل مكان اذا مافي حجز مسبق . بصراحه روعه واعجبني,4,Yemen
430,فكرة حلوة جديدة طعام جيد أنصح بزيارته,5,Saudi Arabia
431,مكان رائع واسعاره مناسبه,4,Oman
432,مكان لطيف للشباب والبنات,4,Saudi Arabia
433,كل شخص عندو رايي بس انا جو كافي ام نزيه افضل جو ب النسبي,5,Iraq
434,مكان روعه,5,Saudi Arabia
435,الذكريات الحلوة جمعتنا .............والتوديعات هون فرقتنا,5,Syria
436,حلو وسعرة مناسب,5,Saudi Arabia
437,ممتاز,4,Yemen
438,مطعم شعبي رهيب .. أخدم نفسك .. اسعار مناسبة ومذاق لذيذ ..,5,Saudi Arabia
439,من اروع الاماكن التي صادفتها,5,Saudi Arabia
440,لا بأس,2,Modern Standard Arabic
441,كتير رواء,5,Lebanon
442,ممتازة,5,Saudi Arabia
443,الجوده كانت جدا ممتازه والاكل كان طعمه شهي والخدمه كانت منيزه وانا من رواد هذا المطعم اكثر من ثلاث سنوات والسمك هنا مميز وانا اقصده من منطقة صيدا والنظافه مميزه,5,Yemen
444,شي فاخر عالآخر نكرر الحضور بفرح الى هذا المكان ، لما نشعر به من حسن ضيافة واستقبال ان الحضور الى هذا المكان هو متعة حيث تجد واحة من حسن الضيافة والكرم والوجوه الطيبة ، حيث تكون محاطاً بأناس جل اهدافهم خدمة الزبائن😘😘😘😘😘,5,Iraq
445,معاملة جيدا للزبائن&&&&&&&&&&&&&&&&&&& أكل طازج و لذيذ &&&&&&&&&&&&&&&&&&&&&&&&&& سريع تحضير &&o&c من &أفضل مطاعم في لبنان عشتم وعاشا لبنان,5,Algeria
446,منذ خمس سنوات تقريبا وانا أترددعلى o & c ولا يزال بنفس الجودة بل بالعكس يتحسن اكثر واكثروردية الذ فتوش بلبنان ،،،،،،😍😍😍😍😍😍😍😍😍😍😍😍😍😍,5,Oman
447,انظف و اهم مطعم وسوبر ماركت في لبنان موقعه قريب من كل المناطق اللبنانية وخدمة ممتازة وسريعة وكل التقدمات ممتازة والسعربالنسبة للتقدمات يعتبرجيد جدا,5,Saudi Arabia
448,مطعم فنان ولذيذ جدا وانا من عشاقو مو بس انا بحبو العائلة الكريمة كلا و المطعم كتييييييير نظيف و بنصح الكل يجربوه لانه اطعم مطعم سمك بالشرق الاوسط كلووووو,5,Jordan
449,مطعم نظيف واكل طيب واسعار جيدة وستاف رايق وجو جميل ❤❤❤❤❤❤❤❤❤❤❤❤❤❤❤❤❤❤❤❤❤❤❤❤❤❤❤😂😂😂❤❤😍😍😍😍😍😍😍😍😍😍😍😍😍😍😍😍😍😍😍😍😍😍😍😍😍😍😍😍😍😍😍😍😍😍😍😍😍😍😍😍😍😍❤❤❤❤❤❤❤❤❤❤,5,Qatar
450,"مكان هادئ ومناسب للاصحاب، الموظفون خلوقون . طلبنا مشروب ونحن كنا مغلبطين فبدلولنا ياه الشباب من دون تردد. لذلك بكل تاكيد ساعود لجنينة فريد ل ""انفخ عليها تنجلي ""😄",5,Saudi Arabia
451,المحل حلو.. مرتب بس اليوم الافطار كان لاربع اشخاص .. ٤ اشخاص ب ٢٧$ يعني ١٦٢ الف وبالمازة قرصين كبة مقصوصين بالنص يعني ٤ نصاص نص قرص لكل شخص و٤ رقاقات و٤ سبانخ وملعقتين حمص وبدي افهم اذا نزل شخص واحد كيف بينزلو قائمة رمضان؟.. القهوة ضمن قائمة رمضان ودفعنا حقها عجنب وجايبين غاتو ضل ٣ ساعات برا البراد واجا سايح.. المسؤولة عن الاستضافة كانت لئيمة لان طلبنا نغير طاولة بعد الافطار لان جايي عدد اكبر.. تنين منا انكب علين قهوة ومنفضة من الوايتر.. كانت تجربة مجرصة خصوصي انو جايبين ناس من طرابلس لنفرجي المحل قديش حلو..تسود وجنا,1,Syria
452,كتير غالي ، طلبنا حلو و نيسكافيه ب ٣٤٠٠٠ ، ما في كل أنواع الأكل ، و لا المشروبات !! بس خرج أرغيله ، لازم يتسمى قهوة فريد ، اختنقنا من ريحة الأراغيل و الدخان !!,1,Lebanon
453,مرحبا...عفوا بس رغم انو المكان مقبول شوي كمنظر وكجو من موسيقى بس الخدمة جداً سيئة وبطيئة جداً يعني بدك تبحبش على حدا ياخد منك الطلب وشكراً..,1,Jordan
454,عليكم تجربت هذا المكان، لقد تذوقنا تندوري باتر تشيكن و لاري ميت. كما تذوقنا أيضاً الشراب الهندي العيران، يمكنكم الإختيار بين أن يكون الشراب حلو أو مالح. الطعام لذيذ جداً و الخدمة كانت ودية. أنا أنصحكم بتجربته، إن هذا المكان رائع. نعم. رررررااااائئئئئئععععع.,4,Oman
455,يارب,5,Saudi Arabia
456,شهادة بدها ٧ سنين لتطلع. لو عم شقف الشجرة وصنعها وأعملها شهادة كنت خلصت من زمان !,1,Jordan
457,الجامعة اللبنانية هي جامعة الأغنياء والفقراء، منها تخرّج العلماء والأدباء هي جامعة كل اللبنانيين,4,Oman
458,يسرني، ويشرفني أني تخٌرجت من كلية الحقوق / الصنائع، في عهد العميد الدكتور ادمون نعيم !! وشهادة الحقوق التي حصلت عليها، خولتني ان أتقّلد ارفع المناصب !!,5,Oman
459,احلا جامعه بس لو بتنجحو الطلاب السورين وانا واحد منون,5,Palestine
460,افضل جامعة في لبنان و اروع ناس بشوفها بحياتي وافضل دكاترة  واصدقاء ولا احلى,4,Qatar
461,من حقنا يكون عنا ملعب ميني فوتبول بمواصفات جيده  ومن حقنا بفريق لكليه ينافس باقي الكليات وباقي الجامعات,2,Egypt
462,تأمين طلاب من اي منطقة في صيدا او الغازية الى الجمعة اللبنانية الحدث بسيارة وليس باص بأسعار جيدة للتواصل عبر المسنجر,5,Jordan
463,انا زرت مطعم الجواد وتفاجأت ان لائحة الاسعار مختلفة كليا عن zomato واغلى والوجبة ليست كريمة الكمية قليلة بالمقارنة مع السعر ولن أعيد ا زيارته,2,Oman
464,👍 القعدة عالتراس حلوة وفي مظلّات من الشمس كان في عجقة وما كانت الخدمة بطيئة معإنو وقت التحلاية نسيولنا كباية بوظة بس بتصير😅 في فاليه باركينغ للسيارة بالنسبة للأكل: طلبنا مازة أكثر وكانت طيبة وكتحلاية الoreo cup منيحة وكثييير حلوة,3,Lebanon
465,سرعة بالخدمة و اكل كتير طيب و مطعم كتير مرتب و استقبال و مساعدة الموظفين ممتازة شكرا لكم و للإدارة ❤❤👍👍👍👍 فقط ملاحظة صغيرة تم طلب الاوردر و قبل الانتهاء من الطعام قليلا تم تنزيل البطاطا تويستر .. لكن رغم هيدا كلو كان كل شي تمام,5,Lebanon
466,أجمل سهرات الرمضانيه في مطعم الزوات وبصراحه احسن إستقبال واروع برنامج موسيقي متنوع. وايضا المأكولات اللبنانية و العربيه ..أشكر إدارة مطعم الزوات علي جميع الخدمات السريعه ..ورمضان كريم,5,Egypt
467,كان افطاري ممتاز والافطار كان شهي والخدمه ممتازه واستقبالهم لنا كانت جيده جدا وادارة المطعم ممتازه وانا انصاح الجميع بالتجربه ذهبت الي مطاعم عديده ولاكن لم اكنت مبسوطه ومرتاحه مثلا هنا,5,Oman
468,"يلي بيزور مطعم ذوات مرة اكيييييييد بيربح الاستقبال الحلو والاكل الاطيب من الطيب، بيكفي فخامة الاسم ""ذوات""،فكيف اذا كان كمان في جائزة عبارة عن دعوة ل 4 أشخاص؟!!!!!!!!!!!!!!!!!!!!!🌷🌷🌷🌷🌷شكراً للإدارة على حسن الضيافة.... شهادتنا مجروحة لأننا من أهل الدار..رمضان كريم....",5,Jordan
469,احلى مطعم واحلى سرفيس واحلى خدمي وانبسطنا كتييييير بالسهرة عندن عندن اكل كتير طيب وكتير بشهي تعو اسهرو وتعشو وما تهكلو هم كتير بتنبسطو ما تخلو السهرة تروح عليكن,5,Lebanon
470,الخدمة جيدة بشكل عام ، اما الطعام فلا بأس به ، الميراندا كتير طيبة 😂😂 الماي ما دقتها ، المنظر كتير حلو . كتير ضجة من الشارع سيارات رايحة و سيارات جايي . بس اجمالا مقبول …,5,Lebanon
471,المكان الرائع مع الشله الحلوه واحلى مكان وشاي واركيله حلوه على ساحل صيدا والناس الحلوه وقلعة صيدا مكان جميل جدا مع زياد واحمد وابو مريم الذهب,5,Oman
472,الجلسه الحلوه مع الشله الحلوه والاركيله الطيبه بالمكان الحلو مطعم ذوات على بحر صيدا والقلعه الرائعه و شكر لاحلا مدير علي رضا المحترم….....,5,Iraq
473,أفشل مطعم بحياتي ممكن شوفه من الإدارة و الأراجيل و المعاملة و الموسيقى و لو في صفر كنت حاطيت صفر بدل ال ١ .... أرجيلة ما بتنشرب و ٣ كابتشينو من بعد ساعة و نص و طلبنا الحساب لإجووو .... حرام هيك مطعم يكون في هيك إدارة,1,Lebanon
474,ان ادارة هذا المطعم هي ادارة محترفة و ذات مهنية عاليه . بحيث انها تتلقف شكاوي الزبائن في حال وجدت و تتعامل معها بكل جدية و اهتمام و تعمل على حلها لكي يرضى الزبون يشعر بالرضى و القبول.,5,Saudi Arabia
475,كان السرفيس exellent واطيب الرجيلة في الكورة الاردية راس blueberry راس ananas موخيفة اي لوف ية😙😙😙😙😙😗😗😗😗😗😗😚😚😚😚😚😚😚😚❤❤❤❤❤❤🌍🌍🌍🌍😁,5,Qatar
476,أكتر من رائع والاكل عجيب والسيرڤس اكتير قوي وجدا عجيييييييب والحلو والمشاوي وجميع المؤكولات لذيذه ولا اروع وكل يوم السهره من عشيه فيه حبيتو اكتير وحتى السوشي ولا اروع  ونانسي احسن سرڤيس أتمنى تكون المديره بالمكان من خدمتها الحلوه. ووجها البشوش,5,Yemen
477,انا بحب هالمطعم لانو قعدتو حلوة و اكلو طيب ، الاكل طيب بكل انواعو، و خاصة انا حبيت البيتزا الايطالية يلي بيعملوها شكرا كتير للشيف و بتمنالكن الازدهار و التوفيق,5,Palestine
478,مابيردوا على الإتصالات، ممكن تتصل لمدة ساعة و نص و ما حدا يرد ، مش اول مرة بتصير معي. ممكن تكون عازم حدا و يفشلوك لسبب غير معروف، كنت زبون و هلق الحمدالله بطلت.,1,Palestine
479,عوده مميزه ...اداره اكثر من رائعة بقياده السيد البير ...عنوان للذوق ...تميزية المذاق ...خدمه رائعة ...بالتوفيق والتقدم الدائم ❤️❤️❤️❤️❤️❤️❤️❤️,5,Yemen
480,صحن يومي مميز وشهي ومتنوع لناحية الوجبات الشهية والصحية.... كما تتميز الشاورما بطعم رائع ومميز........ ويمكن بالاضافة للطعام شراء اغراض للمنزل.......,5,Iraq
481,الطرطور في الشاورما فاسد اشعرني بالغثيان طعمه جدا مقزز لا يطاق اسوء طبق شاورما في لبنان حتى انني لم اتمكن من بلع لقمة واحدة تدني في مستوى الطهي لا ادري استهتار من الادارة ام سوء تخزين 🤢🤢🤢🤢🤢,1,Saudi Arabia
482,من اسوء المطاعم في بيروت رحنا نعمل عيد ميلاد صاحبنا بهالمطعم و كنا ٥ اشخاص و اخدين معنا ٥ قطع كاتو سواريه gluten free لأن صاحبنا عنده حساسية من القمح و ما بيسوا ياكل شو ما كان المهم بالأول طلبنا اراغيل لبعد شي ٢٠ دقيقة توصلو .. رجعنا طلبنا من menu مشروبات و خبريات لبعد نصف ساعة بالضبط لنزلت الطلبية و يا ريت كانت صح، بتطلب بارد بينزلك سخن و اكتر من مرة يشيل و يحط مش عارف الطلبية الصح عدا عن الموظفين ما عندهم خبرة لا بالاكل و لا بالخدمة و تيجي لعندك لازم يكون عندك واسطة تيقرّب ع طاولتك. منوصل للكاتو، منقللو عمول معروف بدنا ه صحون كرمال نقدر ناكل الكاتو، فبغيييييب اكتر من ٢٠ دقيقة و بيجي بخبرنا بدو ٥٠٠٠ ليرة خدمة عكل صحن! هيدا غير الفاتورة الكلها غلط بغلط ، شايل اشيا و زايد اشيا يعني بالمختصر المفيد اسوء مطعم ببيروت و حرام هيك موقع حلو بهيك مطعم اقل من المستوى,1,Lebanon
483,كان معا حق الماما ما في أطيب من عروس لبنة بل بيت,1,Lebanon
484,"إجمالا"" ما بحب روح نفس المطعم أكثر من مرتين بس ما بلاقي متل أستقبال bay rock على المدخل،منظر و لا أروع، أكل طيب،خدمة توب و أسعار أرخص من غيره ...كل ما بيجي مغترب ضروري يمرق بهيدا المطعم و على مسؤوليتي",5,Palestine
485,من كم يوم رحت على هيدا المطعم ، كنت متغدية لهيك طلبت أيس كابوتشينو و كريب مع شوكولا و اركيلة، كتير حبيت القعدة ، المنظر لحالو بيرد الروح، و الكراسين كتير لايقين,5,Lebanon
486,التقيم لاي شي متكامل فلا جدوى من موقع و اطلاله جيده و خدمه جيده بدون طعام جيد لقد تناولت عده مرات الفطور سابقا فيه و لكن للاسف دوما اجد ان الطعام قديم و لاسيما الفول حيث تستطيع معرفه ذلك ايضا من منظر الخضروات و طعم الاكل لذا لا انصح به لا المنظر تستطيع مشاهدته من الطريق العام دون سداد ثمن طعام قديم و ينتهي بك الى المرض,5,Saudi Arabia
487,أسرع أسرع أسرع أسرع أسرع أسرع أسرع أسرع أسرع أسرع أسرع أسرع أسرع أسرع أسرع أسرع أسرع أسرع أسرع أسرع أسرع أسرع أسرع أسرع أسرع أسرع أسرع أسرع أسرع أسرع,3,Egypt
488,هذا المطعم هادئ، طعامه لذيذ، يقدم أصنافاً غربية وشرقية لذيذة، الموظفون لبقون جداً... المكان ضيق نوعا ما، لكنه هادئ وطعامه لذيذ,4,Modern Standard Arabic
489,يرحب بالزبون ، السوشي ولا اطيب ، بوفيه مفتوح ، كأنك في بيتك وليس بالمطعم ، يا ريت الكل بكونوا هيك ، الجو عامةً لذيذ ، لي ما جرب بعد شو ناطر يلا قوم وتلذذ بالاكل,5,Oman
490,كنا امبارح . المكان مقبول . الاكل محدود جدا و غير لذيذ . الارز ليس ارز اورينتال. و اللحم ليس لحم لكن بلاستيك . الصوص لا دخل له باي صوص اسيوي لا من قريب او من بعيد . العمال مهضومين كتير لكن دون اي نوع من الخبره . صاحب المحل ليس له دخل في الاتيكيت . كان معنا ولاد اول مره بفوتوا عمحل من هذا النوع . لقد سكبوا صحن واحد بكلفة ٢٠$ . و الاحسن من هذا انه بده يشررج عالصحن يللي لم ياكل. نحن اتينا من الخارج و في المره الاولى اشعر هذه المعامله في لبنان او خارجه. كان يرافقنا اجانب و كانوا الاولاد يترجمون لهم ما حصل .و لم يصدقوا . بعد ان زاروا معنا عدة مطاعم ف لبنان من مستوى اعلى و من مستوى اقل بكثير كلفة و اناقه . لكن اول مره نعامل بهذه الطريقه . صاحب المحل اجبر احد العاملين ان يقف وراء طاولتنا و بصوت عالي يامر العامل ان يحصى عددنا. اف اف اف . لم ارى معامله كهذه مع الزبائن ق اي بلد لا في العالم الاول ولا في العالم الثالث,1,Yemen
491,مطعم مميز ولديه عجينة رائعة وشهية ومذاقها لذيذ جدا..... خدمة مميزة.............. واسعار مدروسة وتتناسب مع الجميع....... مطعم نظيف جدا...........,4,Saudi Arabia
492,"اتصلت بهم اليوم لأطلب الصحن اليومي واخترت ""الغمة"" كانت الساعة ١:٣٠ وطلبتان تأتي الطلبية ٢:١٥. اتت الطلبية ٢:٣٥ ولم تكن غمة بل كانت ""كبة"" اتصلت لأبلغهم ذلك فسمعت ضحكات مجموعة من الموظفين وأقفل الخط.  احسن حظي كان موظف التوصيل ما ذال موجود فرددت الطلبية معه وعاد عند ٣:١٥ مع الغمة. كل هذا ولم اسمع منهم اي اعتذار أو تفسير. النتيجة خسروا زبونا",1,Yemen
493,مة جيدة / الأسعار جيدة / الجو  العام جيد / قائمة الطعام واسعة /  الممرات بين الطاولات مريحة /   جودة  الطعام مقبولة / زيارتنا الأولى للمطعم كانت خلال ليلة فيروزيات,3,Sudan
494,أفضل مطعم في المنطقة: من حيث النظافة والخدمة والطعام,5,Oman
495,اكرم من هالمطعم ما وجدت. لما بيقولوا كل شيء مفتوح يعنوها بكل ما للكلمة من معنى. اطلب قدر ما تشاء وهم يلبون طلبك ولا يملون من اسعادك بالاصناف التي تحبها. المهم ان تنتهي وانت راض. خدمه سريعه ومميزة. استقبال جميل. طعم رائع.,4,Oman
496,مطعم وقهوة مميزة....... يتمتع بجلسة جميلة واطباق لذيذة خاصة لناحية الكعك الشهي الذي يقدم مع مختلف انواع الطعام............ .... ارجيله جيدة.................... . صحن يومي مميز وشهي جدا.............,4,Saudi Arabia
497,المطعم يطل على مناظر جميلة من جهتين / صعب الوصول اليه من المرة الأولى / لائحة الطعام متنوعة وغنية / الطعام متوسط النكهة / الخدمة سيئة للغاية / الأسعار عالية بعض الشيء,2,Oman
498,مطعم جدا رائع والاكل ولا اطيب والخدمة من الشباب وخاصة السيد مارسيل شي كتير رائعة,5,Syria
499,اسوأ محل ممكن انو واحد يجربو ... اول شي لازم ينعمل training للموظفين كيف يحكو مع العالم . تاني شي بس واحد يفوت لعندكن عالمطعم ما بتجو بتقولولو لازم يطلع حسابك 50$ و طلوووووع هيدا الشي عيب و بس نسأل عن السبب يخبرنا الشب انو جايبين موظفين اكسترا بدنا ندفعلن nowayyyyyyyyyyyyyyyyy,1,Lebanon
500,بتطلب شاورما و علبة بطاطا بتوصل الشاورما بلا البطاطا بتدفع حق الشاورما والبطاطا بتتصل فيهم بتقلك يالله حنبعتلك بتوصل البطاطا بعد ٤٠ دقيقة بردانة…,1,Lebanon
501,يا عيب شوم على هيك customer service متل كأنو الواحد عام يشحد من عندكن مافي أبداً ترتيب بالتعامل مع زبون ولا حتى نبرة ولا اخلاق بالحكي كلو تدفيش بتدفيش وديليفري مش عرف حالو إذا بلبنان أو بكوالالمبور 20 مكالمة لا يستدل عل عنوان وبالأخر بضل ساعة ونص لا يجي الأكل متلج ومتل كأنك عام تاكل خشب صراحة حرام على هيك محل يكون عندو هيك customer service وهيك معامله لازم توظف ناس ترفع من قيمة المحل مش تبهدلو قدام ناس راقبو اتصالاتكٌم وشوفو كيف عام يتعاملو موظفينكن مع الناس وكمان شغله بيجي ديليفري معو طلبية حامل بجيبتو000 100 مندون صرافة ما معو غيرا وكان إلو ساعة ونص على طريق  It was a very bad,1,Lebanon
502,أطيب لقمة عند poule d'or وأحلا قعدة ونضافة وترتيب واحلا خدمة الله يوفقكن يا رب أطيب شاورما وفروج ومشاوي وسندويشات وارتب صالة فروج ني بلبنان  بيلبقلكن لانكن ولا مرة عاملتونا انو زبونات عطول بنحس المطعم النا,2,Syria
503,شكراً علا الأستقبال الممتاز والطعام الذيذ  والخدمه الممتازه والسرعه في الخدمه  وبالتوفيق لمطعم بيت ورد والعاملين في بيت ورد علا الأخلاق الحميده والجيده مع الزبائن وأتمنى لكم المزيد من التطور  إلى الامام,5,Iraq
504,الاكل كثير طيب البيتزا روعة والكنافة اطيب بكثير من اي مكان آخر لانها سبيسيال ، الموظفين برحبوا بالزبون وهيك مفروض ، ديكور المحل حلو موديرن وبدون عجقة ديكورات بلا طعمة . لي بعد ما جرب لازم يجرب,5,Jordan
505,مطعم ومقهى جيد عائلي جوه محترم  إدارة حاضرة إستقبال ودود خدمة جيدة طعام لذيذ أسعار عالية بعض الشيء الكراسي غير مريحة لائحة الطعام غنية والكمية جيدة,4,Sudan
506,شاورما لحمة من اطيب ما اكلت للصراحة بحياتي سندويش طعمتو مدروسة بكل كدشة طعمة قاسية ما بتنتسى وحجمها منيح وما فيك الا ما تاكل ٢ لانها عنجد طيبة 👍,5,Lebanon
507,خدمة ضعيفة جداً وتأخّرٌ في تسليم الطلبات.طاقم عمل ينقصه الخبرة في خدمة الزبائن أما بالنسبة لنوعيّة الطعام فلا بأس بها.يجب عليهم إعادة النظر بالأسعار,1,Modern Standard Arabic
508,كتير مهضوم المطعم و أكلو طيب في لبناني و أجنبي،خدمتو حلوة ... جربوا متل ما جربتو رح تحبوا 😊..................................................,5,Palestine
509,المكان مريح جدا والاكل بيجنن  والمعاملة رائعة جدا واهم شي للي بيحبو الاركيلة  وانا اكيد راح كون عاطول بهل المطرح الرائع  بنصح فيه اكيد وما راح تندمو ❤😘😘😘😘,5,Jordan
510,كنت من فترة مع رفقاتي عندكن، قهوتكن كتير طيبة و الحلويات يمييييي شو طيبة بس مشكلة اذا الواحد عامل ريجيم عن جد مشكلة ، بتمنالكن التوفيق و الى الامام,5,Lebanon
511,اللحمة قاسية,3,Algeria
512,شِمّ و دوقْ بِأحلا سعر بالسوق 😉 . . . . . . .. . . . . .. .. . . . . . .. . . . . . . . . . . .. . . . . . . . . .. . . . . . .. . . . . . .,5,Palestine
513,ليون أسرع دلفري وأطيب أكل🚀🚀🚀🚀🚀🚀🚀🚀🚀🚀🚀🚀🚀🚀🚀🚀🚀🚀🚀🚀🚀🚀🚀🚀🚀🚀🚀🚀🚀🚀🚀🚀🚀🚀🚀🚀🚀🚀🚀🚀🚀🚀🚀🚀🚀🚀🚀🚀🚀🚀🚀🚀🚀🚀🇦🇲🇱🇧,5,Syria
514,"فعلاً مش كل بيت دار و مش كل دار "" دار القمر ""   عن تجربة شخصية جربت الاكل بالدار وجربت ال catering طلبات المناسبات الخارجية كلشي كان كامل و الشباب مهزبين والعدة جيدة و بتحفظ البرودة و السخونة ويلي حبيتو اكتر الخدمة السريعة و الجلسة الممتعة و الشيشة الطيبة ،  اصحاب المطعم من اهل الكرم وهيدا شي واضح من كمية الاكل والحلويات و الفواكهة يلي بتنزل .  انا شخصيا ما بغير عن الدار و مبارك صالة crystal في القلمون رائع العرس فيا  وصدق يلي قال يلي بدوق بيعرف",5,Lebanon
515,كنت واصل ع زحلة وحبيت اتغدى باللاتور .. كان غدا كتير طيب وفريش بس كان في خلل بسيط بالنت بس هيدا ما بيعني انو اللاتور هوي رقم واحد بالأكل والشرب والأركيلة .. والخدمة كانت بتجنن ..عنجد شي ببيض الوش شكرا,5,Lebanon
516,محل كتير حلو واكل طيب واطلاله بتجنن وقعدي مريحه انا كتير انبسطت في هيك محل وهيك اطلاله بعاليه الاولى واكل بلايات كتير كتير طيبي بس لموسيقا شوي تعباني بتقطش كتير وشي مولع وشي بدا تندرس اكتر وشكرا,5,Jordan
517,كل شيء جميل في المطعم . يختلف هذا الفرع عن باقي الفروع بالتصميم الحجري القديم وبالاطلالة المميزة على البحر عندما تزور بيروت ولا تتوجه الى قريدس الروشة ستكون قد خسرت الكثير من المتعة,5,Modern Standard Arabic
518,"مطعم محترم , السمك المقلي في غاية الروعة والقريدس بكل انواعه طيب مع كل زيارة للبنان مطعم قريدس هو الوجهة الاولى دائما , اتمنى فتح فروع خارج لبنان",5,Saudi Arabia
519,مطعم رائع بحب دايما زوره في العطلات القريدس عنده مختلف عن باقي الاماكن الاولاد بيحبو كتير القريدس البانيه مع البطاطا قريب كتير من وجبات شرمبي بنصح الكل بزيارته .. فرع الروشة مختلف عن باقي الفروع,5,Palestine
520,مطعم جميل احب زيارته باستمرار الخدمة المتميزة والاهتمام بالزوار من اهم اولوياته انصح الجميع بزيارته والتمتع بالماكولات البحرية اللذيذة احب تناول القريدس المكسيكي هناك باستمرار بالنكهة الحارة والقريدس المقرمش ذو النكهة الفريدة,5,Saudi Arabia
521,افضل محل وجبات سريعة زرتو ببيروت كلها شكرا للمحل ولمعاملة الشباب الحلوة مع كل الزباين وافضل وجبة كرسبي بدوقها عندون بكل بيروت والبرغر طبعا يلي مابتتفوت عندون ❤❤❤,5,Syria
522,مطعم رائع واكل اكتر من طيب و ابو وسيم والشباب ما بيقصرو الله يعطيون العافية وما بعتقد في شي اطيب من الشاورما تبع عمي ابو وسيم واكيد بنصح الكل انو يجربو وان شاء الله بالتوفيق والاستمرار يارب,5,Lebanon
523,الموظفة الموجودة على الصندوق بتاريخ ٧/٩/٢٠١٨ الساعة ١٧.٠٠ غير لائقة وتتحدث بطريقة مقززة مع الزبائن وكأنها تعمل غصبا عنها في المطعم..........,1,Modern Standard Arabic
524,كل طيب,5,Oman
525,جيد,4,Saudi Arabia
526,شاورما طيبة و خدمة ممتازة و مكان مريح😍😍,5,Saudi Arabia
527,هاد المكان المناسب لكل شخص و الاكل ولا اروع من هيك 😍,5,Jordan
528,كل طيب,5,Oman
529,جيد,4,Saudi Arabia
530,اجواء جديدة,5,Qatar
531,I was poisonned!!!! ( dahye branch ) NOT RECOMMENDED طلبت سندويش شاورما دجاج عالبيت و كانت كتير طيبة لدرجة حسيت حالي بالجنة بس بعد شي ساعتين صرت بجهنم و كأني اكلت التفاحة اللي الله قلو لآدم لا تقربها !!! تسممت و لو ما لحقت حالي بدوا قوي كتير كنت فتت مستشفى من الوجع اللي صابني !!! اخر مرة بطلب من عندكن ! مع انو اخواتي دايما بيطلبو  و الحمدلله ما بيصرلن شي يمكن صار عندن مناعة ! I ordered a chicken shawarma sandwich from the dahye branch i was so satifstied that it came fast it was very delicious BUT ! 2 hours later ( aprox) i started to feel VERY BAD STOMACHACHE and it was getting worse i started swetting and lost my power but i took a very strong medicine and everything was okay later !,1,Lebanon
532,اطيب لقمة و اطيب اكل و نظافة و ترتيب و استقبال رائع و خدمة سريعة تعدد في الاطباق و الخلطات و الطعمات و السندويشات منظر اكل بشهي بنصح الكل يجرب ما بيندم,5,Lebanon
533,NEW BURGER! So delicious! Its a must try!!  Really a nice idea for falafel abou nabil! Its recommended ولا اطيب من هيك فلافل ابو نبيل هو الافضل على طول😍😍,5,Syria
534,أطيب فلافل لازم تجربوا متل شغل البيت و نظيف جدا!!!!  و حتى بيوصل عالبيت بسرعة و سخنين!  و الخضرا طازة و كتير كريمين كانك عّم تاكل تنين بدل واحد!,5,Lebanon
535,Very clean and calm and veryyyyyy delecious plat du jour. كل يوم بقدموا 3 طبق رئيسيه .منظر شهي ونظافه كامله وطعمه رائعه. Tres deicieux.......,5,Yemen
536,"Very bad place, while it looks nice! service is not good at all, the most horible see food soup is served in that place, waiters are not paying attention, expensive! I informed the waiters that I don't like thr food, they didn't take any action! I asked to meet with the manager, tgey refused!! Generally not recommended at all! المطعم غير جيد بالمرة.. لديهم أسوأ شوربة ثمار البحر على الإطلاق . خدمة العملاء سيئة جداً.. أبلغتهم بأن الطعام لم يعجبني فلم يكن لهم أي رد فعل.. طلبت مقابلة المدير رفضوا!! بالإضافة لأن المطعم غالي بلا مبرر!",1,Modern Standard Arabic
537,مطعم شعبي ممتاز وخدمة دليفري سريعة لكن احيانا يتم نسيان الكثير من الطلابية.. المشاوي في المطعم متميزة واللحم لذيذ و طازج والسناك منوع ارجو لكم الاستمرار,3,Oman
538,الموقع جيد و ما عدا ذلك لا انصح بارتياده .اسعار مرتفعة جدا و نوعية الطعام عادية.المكان غير مريح على الإطلاق.الطاولات متلاصقة بشكل مزعج و كان المطلوب استقبال اكبر عدد عَل حساب راحة الزبائن و نوعية الخدمة,1,Saudi Arabia
539,اطيب فروج مشوي وبطاطا مقلية واطباق متل الكريسبي والكبيس كله طيب ونظيف ومستوي عند ابو عصام... الله يعطيكم العافية وان شاء الله عطول بتبقى لقمتكم طيبة✌🏻,5,Jordan
540,أطيب سندويش دقتو والله بس بليز ما تشيلو كومنت في كذا رأي لازم تحترمو رأي الاخر في ناس بتحب سندويشات في ناس لق اكل أذوق انتو أشخاص بتحترمو رأي الاخر مش هيك,5,Syria
541,لقد طلبت ابنتي من عندكم وجبه غداء شاورما تركيه ولقد تسممت واصابتها حاله من الاستفراغ والاسهال الشديد ولا انصح احد ان ياكل من عندكم يعني متل ما بقولو كول وموت,1,Oman
542,سيء جدا أكلنا من عندو اول يوم العيد سوده و تسممنا و كلنا بالمستشفى 3 أشخاص مع العلم انو كان جيد . و تقدمنا بشكوى لوزارة الصحة. .............,1,Libya
543,بيستاهل اكتر من خمس نجوم - نظافه +طعمه ولا اروع+اهتمام بالزبون_ سرعه بالتوصيل _ الكل لازم يزور الباش طاووق ويجرب اطيب طعم والذ اكل عالفحم . تحياتي للقائمين عليه,5,Egypt
544,مطعم برج السمك هو من المطاعم المتخصصة بالسمك و لكن دون ميالغة في الاسعار. هناك دوما سمك طازج و قريدس. الاكل جيد و السمك طازج و كذلك منظر البحر رائع. ما ينقصه حتى يكون افضل هو الخدمة. فالاشخاص العاملين ليسوا محترفين و طريقة تقديم الطعام تفتقد الى الذوق. و لكن اذا كان ما يهمك اساسا ان يكون السمك طازج و شهي و السعر اكثر من معتدل فهذا المطعم هو حتما من افضل مطاعم السمك في لبنان و من ارخصها سعرا.,4,Saudi Arabia
545,المياه مقطوعه من مده طويله بسب تصليح قسطل خارج الضاحيه .والاهلي في شارع حسين علي ناصر في السوق التجاري اي شارع الذي تعرض سابقآ للتفجير التكفيري. نرجو عدم التنكيل بقطع المياه اكثر. لاسيما وقد علمت البارحه ان المياه اعطيت لشارع مدرسة الرمل الموصل للتحويطه. فنرجو العمل من اصحاب المسؤليه على ذالك وشكرآ سلفآ,3,Iraq
546,ممتاز,5,Yemen
547,عادية إذ كانت قصيرة ومقتصرة على تعبئة الوقود ومتابعة الطريق,3,Modern Standard Arabic
548,مارحت عل هذا لمكان بس شكل حلو,5,Iraq
549,كتير منيح,5,Lebanon
550,كتيررررررررر حلوووووووو والاكل طيب كتيررررررر😘😘😘😘😘😘😘,5,Lebanon
551,جيد من خدمة واكل طيب,5,Saudi Arabia
552,مكان رائع,5,Iraq
553,نعم,5,Morocco
554,لا بأس فيه,3,Saudi Arabia
555,رائعه,3,Yemen
556,جيد جدا,5,Saudi Arabia
557,احب ذالك,5,Oman
558,ممتاز,5,Yemen
559,رائع,5,Iraq
560,خدمه جيده,4,Oman
561,نعم,5,Morocco
562,لا بأس فيه,3,Saudi Arabia
563,روووعة,5,Egypt
564,جيد,3,Saudi Arabia
565,لذيذ,5,Saudi Arabia
566,اكتبو رقم المطعم والعنوان,5,Iraq
567,لابأس,3,Yemen
568,جميل,5,Egypt
569,جيد,5,Saudi Arabia
570,ازدحام,2,Iraq
571,يقدم كل انواع المخبوزات الطازجة كعك خبز افرنجي…,5,Qatar
572,يا رب,5,Syria
573,واو,5,Jordan
574,انا فيا للمدرسة,5,Morocco
575,جيدة,5,Saudi Arabia
576,كثير منيح,5,Jordan
577,احب ذلك,5,Oman
578,جيد,2,Saudi Arabia
579,حلوووو,1,Libya
580,عاطل,1,Lebanon
581,مكان هادئ,5,Saudi Arabia
582,اهلا وسهلا بكافيه ابو علي فقيه,5,Yemen
583,انه مدرسة جميلة وانا فيه,5,Saudi Arabia
584,احلا مدرسة,5,Jordan
585,حلو,5,Libya
586,جميل لكن يحتاج إلى إعادة تأهيل,4,Modern Standard Arabic
587,أنا لا أكره هذا المكان,1,Oman
588,ليسن فيها اهتمام كثير,1,Jordan
589,مستوصف وصيدلية خدمة طبية جميع الأوقات والاختصاصات خدمة جيدة عناية واسعار رمزية,5,Saudi Arabia
590,عيادة كلينك وصيدليه مشهوره يعتبر مستوصف مهم لسكان منطقه المعموره ونواحيها يضم عدد من الاطباء في شتى الاختصاصات زيقدم خدمات كثيره عوضا عن المستشفيات نظرا لغلاء الاسعار,5,Yemen
591,محطة وقود جيدة,4,Saudi Arabia
592,حلو,5,Libya
593,حتى انتو عندكن وسايط الله يعينو السيد بس,1,Lebanon
594,منطقه من مناطق الضاحيه,3,Yemen
595,مش بطالة,5,Egypt
596,محطة وقود جيدة,4,Saudi Arabia
597,حلو,5,Libya
598,شي بيشبه المحطه,2,Yemen
599,مجموعة مطاعم لجميع الاكلات متميز في عمله,4,Yemen
600,محطه صغيره قديمه كتير,4,Egypt
601,جيد,4,Saudi Arabia
602,منطقة متوفر فيها بعض المحلات التي يحتاجها المواطن,3,Saudi Arabia
603,انه الشارع الذي اسكن فيه منذ ثلاثين عام,5,Modern Standard Arabic
604,حارة حريك,5,Syria
605,ان عشت فيه طفولتي,5,Saudi Arabia
606,المعموره شارع سعاده,5,Yemen
607,بعدني مشترك وما عرفنا خيرو من شرو,3,Tunisia
608,روووووووعه,2,Yemen
609,ما في ابشع من هيك,2,Jordan
610,مطعم رائع ، وخصوصاً اكل المالح ! جربو البيزا,5,Tunisia
611,مطعم وجبات سريعه,3,Yemen
612,شكرا على أسعار التجوال,5,Morocco
613,المكان حميم ذو طابع لطيف جدا يحتوي على مكتبة في الدور العلوي لديه جلسات خارجية مطعم شعبي بسيط اسعاره مقبولة نفس اسعار مطاعم الحمراء الاكل لذيذ,3,Saudi Arabia
614,مطعم ومقهى رائع لديه وجبات لذيذة وأسعار معتدلة ولديه مكتبة للقراء في الدور الثاني كل الحب والاحترام للمطعم وطاقمه الجميل,5,Oman
615,مطعم له جو جميل وديكور رائع وطاقم ودود وسعر مناسب,5,Saudi Arabia
616,اكلهم حلو بس الخدمة سيئه,3,Iraq
617,مطعم محترم جدا والعمالة الي موجودة خدومة بجانب طبعا ان طعم الاكل كويس جدا,5,Sudan
618,طعام جيد ومكان جميل,3,Oman
619,احضر لهذا المكان الجميل في كل زياراتي لبيروت .. الطعام لذيذ والمضيفين صبايا وشباب غاية اللطافة ❤️,5,Saudi Arabia
620,قعدة حلوة وأكل طيب على موسيقى وطرب تراثي رائع .. هناك قاعة جلوس ومكتبة للقراءة والندوات واللقاءآت الثقافية,4,Saudi Arabia
621,من اجمل كافيهات بيروت روح المكان فكرتنى بقهاوى وسط البلد فى القاهرة,5,Egypt
622,جوو كاجول لامحادثه واخبار الاصحاب,5,Iraq
623,مطعم ممتاز,5,Saudi Arabia
624,للطعام نكهته هنا,4,Modern Standard Arabic
625,انها تجربة رائعة,5,Oman
626,جيّد جدّاً!,4,Oman
627,جميل وهادي بس الخدمه بطيه,3,Libya
628,رحلة.... لخلق تجارب مبهر,3,Oman
629,المطعم يقدم الماكولات البحريه ولكن الاسعار خياليه ومبالغ فيها لم يعجبني الاكل,2,Yemen
630,موقعه الزيتونه بيه وخالي عن التعريف,5,Iraq
631,مطعم اكل اسماك لذيذ,5,Saudi Arabia
632,المطعم يقدم اكلات بحريه ومره لذيذ بس غالي,5,Saudi Arabia
633,ديكور جميل الخدمة بطيئة نوعا ما في البداية والاسعار مبالغ فيها,3,Saudi Arabia
634,رائعة,4,Modern Standard Arabic
635,غالي شوي ولكن طعامه شهي ولذيذ,4,Saudi Arabia
636,مطعم لابأس به يقدم معجنات ولفائف جيدة,4,Oman
637,انيق و نظيف و لذيذ,4,Saudi Arabia
638,رائع روعة كل شي في شارع بدارو😍,4,Algeria
639,ديكور مميز وغريب والاكل لذيذ جدا,5,Saudi Arabia
640,أكل طيب ... وخدمة ممتازة ... بأسعار جيدة,5,Oman
641,خدمه ممتازه وأكل لذيذ ... النقطه السلبيه هو مدخني الاراكيل والسكاير المزعجين ...حبذا لو لايسمح للمدخن التدخين داخل القاعه...وشمرا,2,Yemen
642,أكل طيب ... وخدمة ممتازة ... بأسعار جيدة,5,Oman
643,الطعام المقلي سيء جداً وطعمة الزيت 😣😣😣 ولكن السمك المشوي كان رائع والفتوش لا بأس به ولكن يجب التحسين اكثر,2,Oman
644,جميل جدا,4,Saudi Arabia
645,مطعم جيد جدا... الأكل درجة أولى و التنظيم عالي المستوى أنصح تجربته .,4,Saudi Arabia
646,مطعم رائع,5,Iraq
647,اطيب شاورما وافضل خدمة,5,Yemen
648,جيد,5,Saudi Arabia
649,خدمه جيده,5,Oman
650,الطعام المقلي سيء جداً وطعمة الزيت 😣😣😣 ولكن السمك المشوي كان رائع والفتوش لا بأس به ولكن يجب التحسين اكثر,2,Oman
651,بيتزا ذات الطعم الرائع,5,Modern Standard Arabic
652,هادئ ورمنسي ويشعرك بالدفئ ويقدم افضل انواع الطعام والذها,5,Oman
653,رائع,5,Iraq
654,هزا المكان يعرض جميع الاكلات البحريه على الطريقه الفرنسيه مطعم مشهور بتاريخه الطويل فى هزا المجال,5,Egypt
655,مطعم اطيب شي لديه الفروج على الفحم ممتاز,3,Oman
656,ولا اطيب,5,Tunisia
657,جيد ولكن المنطقة التي يركن بها المنطقة ليست جيدة,3,Modern Standard Arabic
658,لقمة طيبة واكسترا,5,Syria
659,احلا مطعم,5,Jordan
660,اكله جيد,3,Saudi Arabia
661,اكلت,5,Lebanon
662,جيدة,5,Saudi Arabia
663,اطيب اكل لبناني مميز جدا .. شهي ونظيف وموظفين لطفاء وذوي خبرة .,5,Saudi Arabia
664,ممتازة,5,Saudi Arabia
665,خدمة سريعة جدا وقمة الهدوؤ,4,Sudan
666,اطعمة شهية ويتمتع بشروط النظافة والصحة,5,Iraq
667,نادي رياضي رائع 😎,4,Egypt
668,جيد جدا مقبول بس يرجى الاهتمام اكثر,3,Oman
669,مطعم نظيف واكل طيب وخدمه ممتازه,4,Yemen
670,مطعم راقي ويوجد فيه حمام ساونا شي جميل,5,Saudi Arabia
671,الطعام عشرة على عشرة,3,Saudi Arabia
672,مقهي ...وحمام تركي ...ومطعم ..جيد جدا ...الخدمه ممتازه ..الأسعار مناسبه,4,Yemen
673,شي ولا غي خيال .... نادي رياضي ..... مقهى...الخ,5,Morocco
674,حمام شعبي جميل,5,Sudan
675,ممتاز,5,Yemen
676,ممتاز,5,Yemen
677,رائع,5,Iraq
678,ممتار,5,Yemen
679,عادي,1,Saudi Arabia
680,مميز للقاية,5,Sudan
681,مميز,5,Iraq
682,👍👍👍👍👍👍👍👍👍👍👍👍👍👍👍👍👍👍👍👍👍👍👍👍👍👍👍👍👍👍👍آحۣۗہلَآآآآآ مۣۗہطۣۗہعۣۗہمۣۗہمۣۗہمۣۗہمۣۗہمۣۗہمۣۗہمۣۗہمۣۗہ,5,Egypt
683,ررائع,5,Egypt
684,اكلوا بيجنن ونضيف وانا واصحابي منموت بلألفريدو عندو وكل الموظفين بيعقدو,5,Lebanon
685,مطعم للوجبات السريعة .. نظيف ممتاز يخاف الله في العمل .. ويرضي الزبون قبل ارضاء,5,Qatar
686,اطيب وانضف سناك بطريق الجديدة,4,Yemen
687,لقمة طيبه اسعار جيدة بس ما في مطرح دايما للصفة ..وفي ضغط اخر الاسبوع,4,Sudan
688,اكل جيد جدا,5,Saudi Arabia
689,جيد جدا مطعم الصوصة جماعة أوادم يخافون الله,5,Saudi Arabia
690,قسم المخبز و الحلويات ممتاز جدا و ينافس اهم المحلات خصوصا في الcake على جميع انواعه,5,Saudi Arabia
691,ما كتير طيب,3,Syria
692,العمالة اللبنانية منقرضة و الشاورما غير ناضجة و الخدمة صفر,2,Algeria
693,لا باس,3,Oman
694,ممتاز,5,Yemen
695,كتبر اكل الصوصة طيب وان شاء الله يضل اكلهون اطيب من اكل المطاعم والقعدات حلوي برا وجوا انصحكون تكلو منو الي ما اكل منو والله الله يحميهون يارب وان شاء الله يكسرو كل المطاعم بأكلهن الطيب يارب وانا رح كون معهن ورح ادعمهن بالتعليقات ان شاء الله,5,Jordan
696,جيد جدآ,5,Egypt
697,انا بحبو لدرجة اني بتمنى كون انا صاحبت المحل لحتا كل يوم اكول من عندو,5,Jordan
698,لا تعليق,2,Modern Standard Arabic
699,سعر مقبول واكل طيب,5,Iraq
700,احلا مطعم بطريق الجديده وحتى ببيروت,5,Iraq
701,مهند جحجاح,5,Lebanon
702,طعم رائع,5,Saudi Arabia
703,والكلاسيكية يحتاج إلى حجز فهو مزدحم,3,Oman
704,الاكل لذيذ جدا لكن الاسعار مرتفعه,4,Saudi Arabia
705,لذيذ، جلساته لطيفه، يوجد اوت دور، يفضل غداء، و يفضل الحجز,5,Oman
706,مطعم مميز تشكيله رائعه من الأصناف والأرغيله,5,Yemen
707,الجرسونات بحاجة للمزيد من التدريب للتعامل مع الزبائن,5,Jordan
708,مكان عادي جدا,1,Saudi Arabia
709,زحمه مررره والجلسه جواء مره كتمه برى حلوه الاكل جيد جد,4,Oman
710,جيد,4,Saudi Arabia
711,السويت لذيذ,4,Qatar
712,قصة كبيرة,4,Algeria
713,في العطل لازم تتصل فيهم للحجز,4,Libya
714,مايقال عنه اكثر من ما يستحق,3,Oman
715,جيد جدا,5,Saudi Arabia
716,الإفطار كان رائعا .. المناقيش والبيض بالجبن .,5,Modern Standard Arabic
717,ارنون,5,Iraq
718,من افضل المطاعم ببيروت,5,Iraq
719,احلى من ام شريف المطعم,5,Saudi Arabia
720,مطعم راقي,5,Yemen
721,ولا اطيب,5,Tunisia
722,حلويات ليست بلجودة ويجود شوفت حال,1,Tunisia
723,أطيب أنواع الكيك والشوكولا والحلويات والبوظة مكان مفضل عندي ومميز,5,Jordan
724,الطعمه مقبولا ولكن السعر يا يستاهل البضاعه يعني السعر غالي,3,Yemen
725,احب ذلك,5,Oman
726,جدا راقي وخدمة ممتازة,5,Saudi Arabia
727,غيث,5,Tunisia
728,ولا اطيب,5,Tunisia
729,حلويات ليست بلجودة ويجود شوفت حال,1,Tunisia
730,لأن الحلويات ليست بالجودة المطلوبة,3,Modern Standard Arabic
731,جميل ولكنه يحتاج إلى بئر ارتوازي لكي تمر الماء على جميع البيوت في تلك المنطقة,5,Modern Standard Arabic
732,لابأس به يوجد تقريبا ما تريد,3,Modern Standard Arabic
733,بيپا,5,Lebanon
734,سوبر ماركت الملاح مكان يحتوي على كل ما تطلبه من احتياج المنزل,5,Saudi Arabia
735,مكان رائع,5,Iraq
736,جيد,3,Saudi Arabia
737,مكان جيد للحلويات ، لكن ثمنها غالي بعض الشيء.,4,Saudi Arabia
738,جيد,3,Saudi Arabia
739,اشتريت خبز,5,Lebanon
740,جيدة,4,Saudi Arabia
741,قرب كليه العلوم الحدث ولا اطيب,5,Yemen
742,ممتاز,5,Yemen
743,أطيب بيتزا وأطيب منقوشة لبنه 😋,5,Syria
744,يا عين عالكعك الطرابلسي,5,Lebanon
745,اطيب من هيك بعد ما صار ولا حيصير,5,Jordan
746,أطيب كرواسون ببيروت,5,Syria
747,كرواسون طازج دائماً . طعم جيد و سعر جيد,5,Saudi Arabia
748,لذيذ,5,Saudi Arabia
749,صفوف,5,Tunisia
750,ممتاز,5,Yemen
751,رائع,5,Iraq
752,روعة,5,Saudi Arabia
753,رائع,5,Iraq
754,انتم اذكياى برافو وشكرا لكم,5,Egypt
755,مكان جميل,5,Saudi Arabia
756,نااايس,2,Libya
757,لبنان,2,Lebanon
758,عادي,1,Saudi Arabia
759,احسنتم,4,Tunisia
760,حسن,5,Tunisia
761,برامج رائعة ومفيدة اتمنى لكم النجاح ببرامجكم المييزه,5,Egypt
762,مكان ضيق.. تشكيلة قليلة... قد لا تجد كل ما تريد.,3,Modern Standard Arabic
763,ممتاز,5,Yemen
764,حلوو,5,Libya
765,انا,5,Iraq
766,رائع,5,Iraq
767,تمام,5,Libya
768,عمادرس هونيك كتير منيحة,5,Lebanon
769,مكان منظم و لا باس به,4,Saudi Arabia
770,مركز فني,4,Syria
771,الطعام هنا جيد جدا,5,Saudi Arabia
772,ممتازة وجيدة,5,Saudi Arabia
773,جيد نوعا ما,5,Modern Standard Arabic
774,أنه جميل جدا وفيه خدمة ممتازة,5,Sudan
775,ايى,5,Egypt
776,ولا اطيب,5,Tunisia
777,فرن طيب,4,Jordan
778,كتير حلو,5,Syria
779,وسط ، مقبول ، يحتاج الأمر إلى إهتمام أكبر بالنظافة لا يوجد مواقف سيارات اسعار مقبولة مهما كان الزبون ميسور سوف يبحث عن طعام لذيذ وأسعار مقبولة اصبح اللبناني لا يشبع يريد أن يجمع ثروة بأسرع وقت ممكن كان الطبيب والصيدلي يُضرب بهم المثل حتى أصبح كل صاحب مهنة طبيب وصيدلي ومع ذلك يلعن الدولة والغلاء أصحاب المصالح لم تعد ترحم هذا فضلاً عن الفساد الذي عم البلاد الله يعين الفقير,3,Oman
780,رائع وشهي,5,Morocco
781,مطعم يحتوي على المشاوي والدجاج المشوي، طعامه جيد وصحي وشرعي,5,Saudi Arabia
782,مطعم لذيذ,4,Syria
783,مقبول,3,Iraq
784,احلا زياره عند اهلي,5,Jordan
785,اطيب سندويش في البرج,5,Saudi Arabia
786,لقمة طيبة,5,Saudi Arabia
787,مطعم شعبي طعام لذيذ,4,Iraq
788,اشتري الفروج الطازج من محلات العنان قرب المطعم,5,Oman
789,معروف,4,Iraq
790,احلى عالم,5,Jordan
791,كلو تمام,5,Sudan
792,كلو زباله وخدمه زفت وريحتو طالعه,1,Libya
793,محمود غنوم,3,Tunisia
794,يا زم شو هاد,1,Syria
795,ممتازة,5,Saudi Arabia
796,حتيت,1,Tunisia
797,تسخين,3,Saudi Arabia
798,منطقة مهملة وغير نظيفة,1,Saudi Arabia
799,جيده,4,Oman
800,جيد جدا,5,Saudi Arabia
801,جيد جدا,5,Saudi Arabia
802,مهمه وجيده جدا,3,Egypt
803,اللقمه الشهيه الطعم الاصيل,5,Yemen
804,جمييل,5,Palestine
805,جيد,5,Saudi Arabia
806,جيد,2,Saudi Arabia
807,نظيف وقمة طيبة,4,Oman
808,مهمه وجيده جدا,3,Egypt
809,احب مطعم شمس الدين لانو اكلو طيب,5,Iraq
810,لم ارى اطيب من اكلكم 🍟🍟🍟🍟🍴🍴🍴,5,Oman
811,رائع,5,Iraq
812,الذ همبرغر خدمة ممتاذة للدليفري,5,Oman
813,لقمة طيبة وأسعار مقبولة جدا,5,Egypt
814,حي سلم,5,Qatar
815,جيد,5,Saudi Arabia
816,ممتاز ممتاز ممتاز ممتاز,5,Saudi Arabia
817,الموقع جميل وله اطلالات على ملعب الغولف . جودة الطعام ممتازة قياسا مع الاسعار التنافسية. مشكلتي مع هذا المكان عدم توزيع الطاولات بشكل يمنع حديث الآخرين من الوصول إليك. زيارته سببت لي الصداع إذ تشعر أن كل زوار المطعم يجلسون معك على نفس الطاولة ويصلك صوتهم بشكل قوي ومرتفع علما انني ذهبت باكرا. لكي اكون منصفا لولا ازعاج باقي الزبائن لبقيت وقتا أطول ولنويت تجديد زيارتي.,3,Modern Standard Arabic
818,مكان رائع,5,Iraq
819,حلووووو مكان هادء وجميل,5,Saudi Arabia
820,الاسعار غالية كتير,1,Syria
821,ممتاز,4,Yemen
822,مكان هاديء ورائع,4,Saudi Arabia
823,رائع وعلى البحر 💙,5,Qatar
824,رائعة,5,Modern Standard Arabic
825,مكان رائع اطيب لقم,5,Saudi Arabia
826,حلو,5,Libya
827,لقمة طيبة و نظيفة و خدمة دليفري ليش عالروسة بل في منطقة بءر العبد,5,Lebanon
828,ممتع,5,Egypt
829,مأكولات شهية,5,Modern Standard Arabic
830,الروشة هو ممان على بحر يوجد في صخرة الروشة مكان سياحي,5,Oman
831,لقمة رخيصة ولذيذة,4,Saudi Arabia
832,جيدا جدا,5,Saudi Arabia
833,رائعع,5,Egypt
834,جميله,1,Iraq
835,رووعة,5,Egypt
836,جميلة,4,Saudi Arabia
837,يعني شوي بدو نظافة اكثر بس منيح بيستاهل 4 نجوم و سعره رخيص و ططيب بس مش بكل شي مختص في اشيا بي غير مطاعم اطيب,4,Lebanon
838,صالح للسياحة والسباحة,5,Iraq
839,أفضل مطعم في لبنان,5,Oman
840,الاكل غير لذيذ والخدمه بطيئه والمعامله غير مريحه الحديقه جميله لكن السيارات مزعجه لاتشعر بلهدوء لكن العاب الاطفال ممتعه بلنسبه لهم امان وفرح لكن من الافضل تغيير مكان الحديقه عن الشارع اذا كان ممكن,2,Iraq
841,بدن يسرعو الدلفري شواي,4,Lebanon
842,الاكل غير لذيذ والخدمه بطيئه والمعامله غير مريحه الحديقه جميله لكن السيارات مزعجه لاتشعر بلهدوء لكن العاب الاطفال ممتعه بلنسبه لهم امان وفرح لكن من الافضل تغيير مكان الحديقه عن الشارع اذا كان ممكن,2,Iraq
843,كانت متعتي خلال الصيف المنصرم قضاء أمسياتي في حديقة هذه الاستراحة التي تجمع ما بين الحديث والأصيل، فخدماتها تصل للزبائن بكل ما تحتويه الحداثة من أناقة، بينما الأجواء تشعرك بأنّك في حديقة قرويّة بكل ما فيها من هدوء وسكينة وأيضاً من حيويّة.,5,Modern Standard Arabic
844,لانهو جميل وا نظيف وا جي,5,Iraq
845,مكان جميل ونظيف,5,Saudi Arabia
846,احب ذلك,4,Oman
847,شاورما رائعة و خدمة سريعة!,4,Saudi Arabia
848,شورما على الطريقة التركية,4,Saudi Arabia
849,مطعم محترم ونضافه ممتازة ولكن الشاورما ناشفه بس الفروج طيب,4,Yemen
850,جيد جدا,4,Saudi Arabia
851,راحتك كأنك في بيتك,4,Saudi Arabia
852,ممتاز من حيث الاسعار والجوده,5,Yemen
853,خدمة سريعة واسعار جيدة واكل طازج,5,Iraq
854,انه افضل من رائع حيث اتيت مع العائلة وتناولنا العشاء كان وقت ممتعآ,5,Modern Standard Arabic
855,وين صير المحل لنجرب,5,Oman
856,اسعاره جيدة,5,Saudi Arabia
857,من اكثر المطاعم ترويجا في الضاحية وغير مكلف ويراعي اصحاب الطبقة الفقيرة من حيث المادة يباع كافة انواع الدجاج النئ والمشوي فيه صالة طعام,5,Saudi Arabia
858,بحاجة الى توظيف اكبر عدد من اللبنانيين,1,Jordan
859,مؤسسة عائلية شاملة باسعار تشجيعية وخدمة جيدة,4,Iraq
860,اكل طازة يومي شرعي وذبح حلال ونظافة جيدة واسعار مقبولة ليست مكلفة,5,Oman
861,رائع,5,Iraq
862,مطعم مرتب وجوده واسعار معقوله وعلى مستوى مميز جدا,5,Yemen
863,منيح طيب,5,Syria
864,ممتاز,4,Yemen
865,فروج شي تمام وسعرو جميل وشاورما طيبة,4,Morocco
866,هذا المكن جيد جدآ...يقدم ماكولة شهيا,5,Modern Standard Arabic
867,طيب,5,Yemen
868,جيد,3,Saudi Arabia
869,العشاء رائع جدا هناك والتقديم للطعام سريع جدا ولذيذ,5,Saudi Arabia
870,كتير منيح ونضيف وانا زبون من أكثر ٤ سنوات,5,Palestine
871,غود,5,Tunisia
872,مو زياده ول اكل كلو بارد وخدمه مو منيحا انا بنصح لالالا,1,Iraq
873,لقمة طيبة ومشهور وبيضل أسعارو لا بأس فيها بركي يبعتلنا دعوة يعزمنا ناكل عندو,4,Algeria
874,تمام,1,Libya
875,احسن معامله واجمل طعمه حرقوص,5,Egypt
876,يهتم بزبائن ويقدم طعام لزيز وا شهي وأسعار مدروسه,5,Yemen
877,ممتاز,4,Yemen
878,جميل,5,Egypt
879,حرقوص من افضل المطاعم اخوة وهمن رضى زبونهن بعتقد ورأي انا وكتير من العالم انو حرقوص الافضل تعاملن وجوده ونظافه وسعر شكرا ابو عصام شكرا ابو احمد شكرا ابو علي,5,Iraq
880,كان من قبل جيد,1,Saudi Arabia
881,جيد جدا ..,4,Saudi Arabia
882,البضاعة جيدة جدا,5,Saudi Arabia
883,احلا سمك,5,Palestine
884,عروضات رائعة علي اسعار الدجاج,5,Libya
885,محل شعبي جدا وجربت من عنده الدجاج المقلي وكان لازال الدجاج نيئ 😣😣,2,Saudi Arabia
886,مكان ظريف,1,Syria
887,طعام جيد,3,Saudi Arabia
888,ممتاز,5,Yemen
889,خدمه دلفيريه شي سيئ كتير,1,Iraq
890,سيئه,1,Oman
891,يقدم خدمات جيدة,5,Saudi Arabia
892,خدمه ممتازة,5,Yemen
893,لانه غير نظيف وا الاطباق وسخة,1,Saudi Arabia
894,جيد,5,Saudi Arabia
895,سناك ممتاز,5,Saudi Arabia
896,الخدمة سرعة,4,Libya
897,جيد,4,Saudi Arabia
898,مابعرف ليش,3,Qatar
899,بس في مشكلة انو ما بمشو الزبائن ع السريع,5,Syria
900,لديه افضل انواع الدجاج,4,Oman
901,ﻻ يوجد ادارة جيدة,1,Oman
902,الخدمة بطيئة,1,Saudi Arabia
903,جيد,3,Saudi Arabia
904,ولا أطيب,5,Tunisia
905,يجنن يستهل ألفين نجمة,5,Libya
906,شعبي وخدمه متوسطه,3,Iraq
907,طعام جيّد,4,Oman
908,دجاج حرقوص,4,Saudi Arabia
909,لذيذ,5,Saudi Arabia
910,كتير طيب,5,Lebanon
911,سيئ,1,Iraq
912,جيد,4,Saudi Arabia
913,روووووووعة,5,Jordan
914,جميل,5,Egypt
915,طريقة التعامل,1,Saudi Arabia
916,بيروت,2,Lebanon
917,المطعم نظيف جدا وتشكيلته كتير كبيرة بيقدم مناقيش بكل أنواعها وبإمكانك طلب الإضافات حسب الذوق بيقدم سندويشات شرقية وغربية ومشاوي وكتير انواع جديدة كمان عنده اطباق يومية من طبخ شرقي ع أصوله اسعاره منطقية وحجم الاكل مناسب وعنده جلسات بالطابق الاول وعنده بعده عدة محلات كمان بتقدم انواع تانية متل الفلافل بس ماجربتا بعد بالمجمل تقييم الطعام : 9/10 تقييم النظافة :8/10 تقييم التنوع : 9/10 تقييم الموقع : 3/10 المواقف عنده كتير صعبة بسبب الازدحام وموقعه على شارع رئيسي,5,Jordan
918,اكل طيب وعصير وكل شي طيب عندو,5,Syria
919,لحمة نظيفة سرعة بتوصيل الطلبات سمعة طيبة,5,Jordan
920,من اطيب المطاعم في لبنان و يفتح ٢٤/٢٤ انصح الجميع بالذهاب إليه و الاكل عند,5,Saudi Arabia
921,متميزين جداً ولكن لو تسهلو التواصل معكم عبر الوتس آب بيكون افضل,5,Oman
922,لقمة طيبة ونظيفة بوظة لذيذة عصائر مطعم متكامل,5,Syria
923,اطيب تحية طيبة ممتاز,5,Iraq
924,نعم مطعم جيد وخدمته سريعه,1,Oman
925,مطعم جيد جدايقدمون اصناف متنوعه من الطعام والحلويات والعصائر ويقدم خدمة السندويشات اللذيذه,4,Oman
926,نأمل أن يستمر هذا المطعم بتقديم المأكولات الخاضعة للرقابة الصحية المشددة,5,Modern Standard Arabic
927,لم يكن حسب المعتاد ، الفلافل باردة وشاورما الدجاج احتوت بطاطا مقلية غير طازجة وعندما طلبنا شوكة أحضروا لنا شوكة بلاستيكية..,3,Modern Standard Arabic
928,طيب ومشهور بس حارق سلاف الأسعار غلونجي,5,Lebanon
929,بعرفو جنب بيتنة,5,Lebanon
930,ليس كما يجب,2,Modern Standard Arabic
931,طعام رائع,5,Modern Standard Arabic
932,أكله لذيذ,4,Syria
933,لقمة طيبة,5,Saudi Arabia
934,مطعم جديد جدا,5,Egypt
935,يلعن أبو هل مطعم شو إنو طيبين أكلاتو وفاتح 24\24,5,Lebanon
936,مطعم زفتتت أنا بدق لعندون عشان اطلب أكل بيرفضو لأني قاعد بالليلكي!!!!!!!!!!!! شو هيدا المطعم يللي بيرفض يبعت دليفري !!!!!!!!!,1,Lebanon
937,رائع,5,Iraq
938,حماة,2,Tunisia
939,عا راسي إدارة بيت شمص 👍👍👍 المحل بيعمر فيكون 👍👍👍,5,Lebanon
940,جيد,4,Saudi Arabia
941,ممتاز,5,Yemen
942,احلا الطعمه,5,Oman
943,من المطاعم المشهوره بالمنطقه وجبات سريعه اكلو نضيف اسعارو جيده,5,Iraq
944,جيد جدا,4,Saudi Arabia
945,اللقمة البيتية بنكهة مطعم,5,Egypt
946,احب الأكل بهذا المطعم وكل شيئ مشوي لذيذ في هذا المحل,4,Saudi Arabia
947,لو في اكثر من 5 نجوم يستحق اكثر من افخر المطاعم في لبنان,5,Jordan
948,ممتاززززجدا,5,Morocco
949,جبد,4,Qatar
950,مشاوي على انواعها,4,Qatar
951,شكراً,5,Oman
952,لحم طازج وبشهي بس اسعارو غاليه شوي,3,Oman
953,عجبني,2,Tunisia
954,رائع برنامج ذكي ومريح,5,Jordan
955,طيب كتير,5,Lebanon
956,المشاوي كتير طيبين عندو شوي غالي شوي,4,Syria
957,اثنان من الهمبرقل ي,5,Iraq
958,نضيف ولديه اطيب,5,Libya
959,يس انه لذيذ جد,5,Saudi Arabia
960,شي فاخر عالاخر,5,Syria
961,مطعم جيد,4,Saudi Arabia
962,الفاهيتا لاتقاوم,5,Oman
963,الفاهيتا لاتقاوم,5,Oman
964,مطعم جيد,4,Saudi Arabia
965,الفاهيتا لاتقاوم,5,Oman
966,مطعم جيد الاكل طيب الصالة جميله لاكن يوجد مشكله في الخدمة الاوردر ياتي متقطع يغني اذا جالسين على الطاولة 3 ثلاث اشخاص وطلبو 3 وجبات كل وجبه تاتي لحاله المفروض الطلب ينزل كله مره وحده حته الجميع ياكلون مع بعض وشكرا,3,Oman
967,ممتاز.نظيف.حلال.عائلي.خدمة تستحق كل النجوم.نحن مغتربين نزور فروعه كافة.ونُعّرف به اصدقائنا بكل ثقة.,5,Saudi Arabia
968,طعام لذيذ وخدمة جيدة يوجد خدمة توصيل الأفضل تحسين الأداء ودراسة الأسعار,4,Oman
969,مطعم مميز جدا وهارئ وهناك جلسة رائعة على الهواء الطلق.,5,Oman
970,اولا خدمة ممتاذة جدا ونظافة ممتاذة جدا واكل طيب وجلسة المكان مريحة جدا,4,Saudi Arabia
971,مطعم رائع وخدمة جيدة وطعامه لذيذ ولكن مكلف لأصحاب الدخل المحدود,4,Oman
972,الصراحة ولا شيء سوا الصراحة المكان جميل ولكن الطعام من معظم الاصناف لا طعم كم يجب وبالمناسبة انا لا احب سوى الطعام لا يهمني سوى بطني,1,Saudi Arabia
973,مطعم جميل وخدمة ممتازة الاكل طيب وراقي فضلا إن الأسعار مناسبة جدا,5,Oman
974,تم تغيير اسم المطعم مع فريق عمل جديد والاكل اكثر من رائع,5,Saudi Arabia
975,الحمص عادي الفتوش تأخر البطاطا حرة اوك الخبرة النية ممتازه الدجاج المسحب اوك الستيك الفطر واحد ممتاز والثاني عادي جدأً,4,Oman
976,كل ما تريده من الطعم الرائع ستجده هنا لكل طبق او سندويش نكهته التي تريدها,5,Modern Standard Arabic
977,امنعو التدخين في المطاعم كما هنا في اوروبا،االدخان شى قرف،خاصة في المطاعم،،،على الحكومة اللبنانية منع التدخين في الاماكن العامة بالناس.شئ لا يطاق...قرف,2,Egypt
978,مكان جيد واكله ايضا ولكن ﻻيطل على شيء,4,Oman
979,الأكل ليس غني خدمه بطيئه توقعت الأفضل للأسف..,2,Yemen
980,الاكل لذيذ و الخدمة ممتاذة و النظافة موءكدة 100 بال100,4,Jordan
981,أكثر من جيد,5,Oman
982,روعه,5,Saudi Arabia
983,انتقل مقابل كنيسة مار مخايل,5,Syria
984,اكثر من رائع,5,Saudi Arabia
985,لقمة طيبة واسعار جيدة,5,Saudi Arabia
986,انهوا مطعم رائعه وطعمته لذيذه كتير طيبه حتى انواع عصير طيبين وشكرا,5,Syria
987,مطعم مميز وخدمة رائعة,4,Saudi Arabia
988,مش متل صور,2,Jordan
989,رائع ولا أطيب كتير طيب و ممتاز كتير بس يعني غالي بس بكتر بل أكل منيح مقبول,5,Lebanon
990,خدمه جيده...اكل شرقي وغريبي..اسعار معقوله,4,Yemen
991,خدمة ممتازة واسعار مناسبة,5,Qatar
992,مطعم محترم وخدمات جيدة وعصيرات طبيعية وبوظة لذيذة,5,Saudi Arabia
993,جيد,3,Saudi Arabia
994,مطعم يا سلام,5,Egypt
995,مطعم مميز وشرعي ..الله يرزقكم ويوفقكم,4,Qatar
996,طعم الجواد أسوأ مطعم أفطرت عنده، حجزت على افطار كل شيء من إل مقبلات للخدمة وحتى الطبق الرئسي نزل بعد ساعة ونص من الافطار‎ ولم كلامنا إل مسئوول كان تعاطيه سيئ,1,Tunisia
997,حلوو,5,Libya
998,مطعم جيد ولذيذ,5,Saudi Arabia
999,انا أكره هذا المكان لانو انا رحت ذات يوم وكرهت اكلو الأكل مش طيب,1,Yemen
1000,ممتاز,5,Yemen
1001,لا تخدعكم الصور انه يبيع اطعمة فاسدة انا قد ذهبت اليه قبل سنة ومن ذاك الوقت انا لم اعود اذهب اليه,1,Saudi Arabia
1002,لابأس,3,Yemen
1003,مطعم مميز واكلات بيشهي,5,Yemen
1004,مطعم رائع,5,Iraq
1005,مطعم الجواد اكل وعصير روعة,5,Saudi Arabia
1006,أطيب أكل وأنظف عالم.. شي فاخر..,5,Syria
1007,اطيب اكل و انضف شغل,5,Jordan
1008,مطعم اسماك بكافة أنواعها,5,Syria
1009,مطعم جيد ويقدم اطباق يومية لذيذة الفلافل مميزة في هذا المطعم والمكان مناسب للعائلات ويوجد جميع انواع السندويشات والمشاوي ويوجد بوظة وعصائر واسهاره مقبولة بعض الشيئ المكان بشكل عام جيد جدا,5,Saudi Arabia
1010,مطعم راقي جدا بما يقدم من انواع مأكولات منوعة.وحلويات وبه عدة صالات .كذالك المواقف موئمنة,5,Saudi Arabia
1011,رائع وسريع في خدمة الزبائن,5,Saudi Arabia
1012,مطعم موجود في الضاحية واكله لذيذ عنده وجبات داخل المطعم والخارج والاسعار مقبولة والخدمة جيدة,5,Saudi Arabia
1013,خدمات راقية وطاقم إداري ممتاز وطعام لذيذ ومتطابق للمواصفات الصحية وأسعار مدروسة .. كما يتميز بتشكيلة طعام واسعة ترضي المترددين,5,Oman
1014,انو ايه طيب ولذيذ بس غلونجي شوي على أمل تجيني عزيمة مجانية لعندو,5,Lebanon
1015,روعة وفيه اكثر من خي,5,Tunisia
1016,يقدم اطعمة مختلفة و وجبات سريعة ويمتاز بطعم لذيذ وخدمة جيدة,5,Saudi Arabia
1017,خدمة ممتازة وطعام طيب ونظيف,5,Saudi Arabia
1018,مفيد للوجبات السريعة والعائلية يتميز بالنظافة وسرعة والخدمة و مراعاة الشروط الشرعية في الذبح,4,Saudi Arabia
1019,يوجد هنا كل انواع المأكولات العربية والاجنبية، معجنات، فلافل، سندويشات، مرتباط، مشاوي,5,Iraq
1020,الخدمة جيدة,4,Saudi Arabia
1021,مطعم نظيف ورائع وطعامه لذيذ,5,Saudi Arabia
1022,مطعم للمشاوي والفطاير المقبلات,3,Morocco
1023,نظافه واكل طيب,4,Yemen
1024,طيب كتير,5,Lebanon
1025,المطعم الافضل والانظف من حيث المأكولات.... مطعم راحة البال للأكل الحلال... أفضل الأمنيات بالدوام والأستمرار(L),5,Oman
1026,أصوات العاملين مرتفعة ومزعجة.. عدم احترام راحة الزبائن اثناء تناولهم الطعام,3,Saudi Arabia
1027,رائعه,5,Yemen
1028,مطعم طازج دائما و خدمة سريعة و ذاتية,3,Saudi Arabia
1029,جيد جدأ,5,Jordan
1030,مطعم مرتب واكله جيد والخدمه جيده,3,Oman
1031,جيد,5,Saudi Arabia
1032,جيد,4,Saudi Arabia
1033,مطعم رائع و خدمة ممتازة و طعام لذيذ,5,Saudi Arabia
1034,مطعم خليفه,5,Qatar
1035,ولا اروع ولا اجمل,5,Saudi Arabia
1036,جيد,3,Saudi Arabia
1037,لذيذ,5,Saudi Arabia
1038,من اطيب واشهى المطاعم اللبنانية على الاطلاق,5,Jordan
1039,متوسط الحال,2,Morocco
1040,ممتاز,5,Yemen
1041,جيد,4,Saudi Arabia
1042,جميل ورخيص,4,Saudi Arabia
1043,وسط,3,Libya
1044,شعبي,3,Iraq
1045,طعام طيب مكان نظيف,5,Saudi Arabia
1046,لا بأس بها,1,Modern Standard Arabic
1047,المكان نضيف ومرنب اسعارو مقبوله ديكور حلو واناره جيده,4,Egypt
1048,خدمه ممتازه واكل نضيف,5,Egypt
1049,رائع,5,Iraq
1050,تجربتي لذيذة 😋,5,Qatar
1051,لذيذ وشهي,5,Morocco
1052,صالة ضيقة مليئة بالزبائن والتدخين,2,Iraq
1053,روعه ومميز,5,Iraq
1054,مطعم جيد الخدمة. وأسعار جيدة. وموقع لا بأس فيه,4,Oman
1055,شاورما تركية لذيذة,5,Saudi Arabia
1056,مطعم رائع وراقي طعام جيد خدمه ٥ نجوم لا تعليق على هذا المطعم,5,Oman
1057,مطعم جيد الخدمة. وأسعار جيدة. وموقع لا بأس فيه,4,Oman
1058,شاورما تركية لذيذة,5,Saudi Arabia
1059,حيث اللقمة الشهية,5,Oman
1060,جيد خمسة نجوم,5,Saudi Arabia
1061,اجواء عائلية مريحة طعام لذيذة خدمة جيدة,5,Saudi Arabia
1062,من اطيب مطاعم بيروت بس غالي شوي,5,Jordan
1063,جيد,5,Saudi Arabia
1064,طعم روعة,5,Saudi Arabia
1065,روعه,5,Saudi Arabia
1066,رائع,4,Iraq
1067,طعام لذيذ خدمة ممتازة لم اتوقع هذه الجودة بالمنطقة المحيطة بالمكان انصح جميع الشباب لتجربة الهمبرغر والفيليه أسعار ممتازة,5,Oman
1068,مطعم رائع خدم سرعة دلفير سرعة نشكر فريق العمل,5,Egypt
1069,انهو مطعم رائعا و دلفير سريع نشكر فريق العمل,5,Sudan
1070,طلعلي كرتونه بالساندويش ....ولما خبرت المدير ما كان عندو مشكله,2,Libya
1071,مشاوي وسندويشات طيبة,5,Qatar
1072,مطعم رائع جدااا والاكل اطيب عند العبدالله,5,Jordan
1073,مميز والخدمة تستحق الاحترام,5,Iraq
1074,طعم ونظافة وامان فروج العبدلله رائع اتمنا لكم التوفيق والاستمرار بنجاح,4,Iraq
1075,ممتاز,5,Yemen
1076,شي فاخر ع الاخر,3,Syria
1077,طعم لذيذ,2,Saudi Arabia
1078,لذيذ,4,Saudi Arabia
1079,لا اعلم عنه شيئ,1,Saudi Arabia
1080,جيد,5,Saudi Arabia
1081,طيبين,5,Qatar
1082,انهو مكان رئع و يمكجن التسوق فيه,3,Saudi Arabia
1083,طعمه البيتزا الايطاليه الاصليه,5,Libya
1084,جلسة هادءة جو مريح نظافة تامة خدمة ممتاذة,4,Morocco
1085,اكثر من رائع,5,Saudi Arabia
1086,جيد,3,Saudi Arabia
1087,عمل,5,Tunisia
1088,انه رائع,5,Saudi Arabia
1089,كتيررررررررر حلوووووووو والاكل طيب كتيررررررر😘😘😘😘😘😘😘,5,Lebanon
1090,لذيييييذ جدا ومميز طعم الجين وافلفل الاحمر ميزه عن باقي البرقرات,5,Saudi Arabia
1091,لذيذ جدا .....,5,Saudi Arabia
1092,اسم على مسمى,5,Modern Standard Arabic
1093,لاباس به,3,Yemen
1094,أنه جميل جدا وفيه خدمة ممتازة,5,Sudan
1095,ممتاز,5,Yemen
1096,اطيب شي الفهتا عندو,2,Lebanon
1097,طيب كتير,5,Lebanon
1098,مش غالي,5,Yemen
1099,لوووووووووووووووورد,5,Algeria
1100,بس غالي,3,Saudi Arabia
1101,سيءة,1,Iraq
1102,لذيذ جدا,5,Saudi Arabia
1103,طيب,5,Yemen
1104,اطيب شاورما واطيب فلافل واطيب سندويشات عند مطعم سرور,5,Saudi Arabia
1105,لم يعجبني اكلة,2,Saudi Arabia
1106,مكان العمل,5,Morocco
1107,المطعم هو مكان تقدم فيه المأكولات والمشروبات للزبائن. تم تشغيل المطاعم في بداية الأمر على جوانب طرق السفر ليتمكن المسافرون من التوقف للراحة واستعادة حيويتهم. أما اليوم فإن المطاعم تكاد تكون في كل مكان في الشوارع الهادئة والطرق المزدحمة، وفيالفنادق والمطارات ومحطات الحافلات والقطارات، وكذلك في المتنزهات والمباني التي تضم المكاتب وفي مراكز التسوق. تشكل المطاعم الجزء الأكبر في صناعة خدمة الطعام. وتشكل المحلات التي تقدم الطعام للناس خارج بيوتهم جزءا من هذه الصناعة، بما فيها المدارس والمستشفيات والمصانع والسجون. مطعم لبناني اصيل تاسس بعد خبرة اكثر من ثلاثون سنة في البلدان العربية.يحرص المطعم على مراعاة بنود الصحة العامة ويختص بالاكل الشرقي واللبناني،كما يقدم المشاوي واللحوم النيئة الطازجة.يتعهد المناسبات الخاصة والحفلات عبر اتفاقيات مسبقة.,4,Modern Standard Arabic
1108,مطعم غالي جدا,1,Saudi Arabia
1109,لم يعجبني اكلة,2,Saudi Arabia
1110,مكان العمل,5,Morocco
1111,اكل لزيز,2,Saudi Arabia
1112,لاني اعمل به😄,5,Yemen
1113,جميل جدا,5,Saudi Arabia
1114,ممتاز,5,Yemen
1115,مكان جيد للاطفال,5,Saudi Arabia
1116,جلسة ولا اروع مع خدمة خمس نجوم وانصح الأصدقاء بالحضور الي المطعم,5,Oman
1117,مطعم راقي وممتاز,4,Yemen
1118,اشك في انه مطعم !!,1,Saudi Arabia
1119,هو عبارة عن مطعم 🍴 صالة داخلية وصالة خارجية ويوجد مكان لترفيه الاولاد ويحتوي على مسبح شتوي من الدرجة الجيدة فيه موقف سيارات,5,Oman
1120,رائع وجميل بس غالٍ جداً ذهبت إليه اكتر من مرة 👍👍👍👍🖒🖒🖒🖒🖒,5,Sudan
1121,جميل جدا,5,Saudi Arabia
1122,ممتاز,5,Yemen
1123,اطيب سندويش لحم مشوي واللحم حلال,5,Yemen
1124,نظيف ومرتب وأكله رائع,5,Jordan
1125,تلم,5,Tunisia
1126,مريح نظيف غير رسمي تعجبني اطلالته,1,Saudi Arabia
1127,تمام,5,Libya
1128,نظيف ومرتب وأكله رائع,5,Jordan
1129,تلم,5,Tunisia
1130,بشكل عام جيد,3,Saudi Arabia
1131,ممتاز,5,Yemen
1132,رائع,5,Iraq
1133,روعة,5,Saudi Arabia
1134,رائع,5,Iraq
1135,ديكورات المطعم حلوه بس الاكل فااااشل كانت صدمة لنا توقعنا الافضل 👎👎,4,Saudi Arabia
1136,مطعم بيجنن والمعاملة كتير حلوة ومريح كتير والاكل اطيب واطيب وسريع,5,Jordan
1137,رائع,3,Iraq
1138,مطعم وسهرة رائعة,4,Egypt
1139,ممتاز,5,Yemen
1140,كتير حلو ومرتب,4,Syria
1141,مطعم راقي والاكل طيب والعآملين روعه بالاستقبال نظيف له لمسه لبناني رائعه انصح الذهاب اليه للعائله والافراد....كابتن سعد,4,Yemen
1142,احب ذللك المحل,5,Iraq
1143,انهو جميل وحلو,5,Saudi Arabia
1144,اطعمة لذيدة,5,Saudi Arabia
1145,جميل,5,Egypt
1146,رائهه,4,Iraq
1147,مطعم يحضر مأكولات لذيذه,4,Yemen
1148,لذيذ ونظافه,4,Iraq
1149,منيح,3,Lebanon
1150,جميل,5,Egypt
1151,رائهه,4,Iraq
1152,خدمه ممتازه,5,Yemen
1153,جميلة,5,Saudi Arabia
1154,جيدة,5,Saudi Arabia
1155,جميل,5,Egypt
1156,رائع,5,Iraq
1157,لقمه طيبه,4,Yemen
1158,ظريف جدا تنظيم وعرض,5,Egypt
1159,مطعم لوديز ممتاز مناسب للعائلات,5,Egypt
1160,غلوجي حرامي ابن حرام مفكر حالو roadster's,1,Syria
1161,طعام لذيذ ورائع,5,Modern Standard Arabic
1162,طعام جيد,3,Saudi Arabia
1163,كان المكان هادئ وجميل,2,Oman
1164,طعام جيد,3,Saudi Arabia
1165,رائعه جدا جدا,5,Saudi Arabia
1166,مميز .. من جميع النواحي,5,Saudi Arabia
1167,مطعم مايرق الأرمني يقدم وجبات أرمنية تقليدية بمستوى عال جداً من جودة المواد الأولية ولذة الأكل. أنصح كل من يحب تجربة المطبخ الأرمني أن يزور مايرق والمياس أيضاً,5,Oman
1168,ممممم,5,Jordan
1169,جيد,3,Saudi Arabia
1170,احل. شي,5,Iraq
1171,شوبدي كتب,4,Syria
1172,مذاق رائع وجلوس رائع ومعامله لطيفه وجميله ونظافه ممتازه,5,Yemen
1173,مكان جميل هادئ والخدمة ممتازة والطعام لذيذ ةالأركيلة جدا ممتازة,1,Saudi Arabia
1174,Worse place ever. 7500LL coffee made from a Nescafe packet. What a rip off. فنجان قهوة من ظرف نسكافيه ب7500ل.ل. عيب.,1,Egypt
1175,جيد جدا,4,Saudi Arabia
1176,احلى مكان,5,Jordan
1177,مطعم للعامة مقبول طعامه جيد,3,Iraq
1178,مطعم عنجد بعقد و كتيير طيب و خدمة بتجنن❤,5,Lebanon
1179,خدمة نجمة واحدة,1,Oman
1180,) ممتاز و يفتح ٢٤ ساعة و قعدات رايقة,4,Saudi Arabia
1181,فلمنكي الأشرفية جميل واكله لذيذ ومزدحم عادةً ولا يغلق ابداً وهذي ميزة جميلة فيه لانه يكون خيار لكثير من زوار بيروت عشاق الليل ، ارقيلتهم جميلة خدمتهم رائعة .. عيبه الوحيد ان اثاثه قديم جداً ومتهالك وبحاجة لـ التجديد فلمنكي الروشة راقي وانيق وموقعة عظيييم جداً ، واكلة لذيذ كذلك يغلق عند ٣ صباحاً,3,Saudi Arabia
1182,مكان مريح وواسع بخدمة جيدة وقائمة طعام ومشروبات لذيذة جيد للعب الورق والزهر والأركيلة وجمعات الاصدقاء أسعاره معقولة نوعا ما ويصلح لجمعات الأصدقاء يتميز بمأكولاته الشرقية ومشروباته وديكوره التراثي والتاريخي الذي يحاول أن يجمع فيه تاريخ بيروت كما يتميز بديزاين قائمة الطعام الفكاهية نوعاً ما لا أنصح باصطحاب الأطفال إلى هذا المكان لكونه مليء بدخان الأركيلة والسجائر إذ يسمح التدخين في المطعم,4,Modern Standard Arabic
1183,مقهى محلي جميل والعاملين ودودين جدا يقدم الاكل اللبناني والمعجنات واراجيل .. الوقت فيه ممتع ودائما مزدحم,4,Saudi Arabia
1184,جلسة قديمة في بيروت الحديثة ، تذكرنا بالماضي الجميل ، الموسيقى الأكل,4,Oman
1185,موقعه في بيروت يشعرك كأنك خارج المكان والزمان. كأنه ينقلك الى مناخ الضيعة أو الريف . اولا انصح بركن السيارة في موقف S.S القريب جدا من المطعم لان الموقف أمام المطعم مستقل واحيانا لا تجد مكان لذلك الأنسب موقف sudeco square. ثانيا يعتبر الفلمنكي من افضل المطاعم التي تقدم المطبخ اللبناني. انصحك باطباقهم الخاصة لانها مميزة. طريقة تقديم الطعام مميزة واللائحة غنية . والاسعار قياسا مع جودة الطعام تعتبر جيدة.,5,Saudi Arabia
1186,مطعم يقدم لك كل ماتحتاجه,5,Saudi Arabia
1187,طعام متواضع، موظفين جيّدين، منظر جميل ولكن لا يوجد مكان للصلاة؟!!!!!!!!! واللّه عيب,1,Oman
1188,المكان رائع ولكن الاسعار نار الضيفه في اكواب بلاستك وشراب الورد ما ببستاهل يكون حقو 250 ليرة. من الاخر ما بنصح حداة يزور,1,Yemen
1189,قهوة تاريخية في قلب بيروت ... الشيشه الأفضل والخدمة رائعة جدا مع العلم اني ما أشيش بس اكوردنق تو ذا بيبل اللي شفتهم هناك,5,Yemen
1190,تسممت غذائيا فيه واكله غير نظيف,1,Saudi Arabia
1191,المكان ممتاز ..ويستحق الزياره والشيشه والاكل ممتاز ..والموقع مميز....عيبه الزحمه وبعض الكراسي غير مريحه..بس الجو فيه جميل,4,Yemen
1192,مررره جوهم رايق ومناسب الواحد يتعشى فيه,5,Saudi Arabia
1193,الأكل متوسط المستوي ولا يستحق مايدفع له,2,Oman
1194,مكان ومطعم جميل والشيشة ممتازه . والخدمة ممتازة .,5,Saudi Arabia
1195,كتير روااااق القعدة و الأكل كتير طيب,5,Palestine
1196,مطعم جميل ومكان جيد ومريح انصح بزيارته,4,Saudi Arabia
1197,مطعم تراثي جيد جدا,5,Saudi Arabia
1198,الأسعار مش منطقية ... الجلسات متسخه افضل مالديهم كبه لبنيه ولحم بعجين غير شكل 👌🏻,2,Yemen
1199,ممتاز موقع واكل,5,Iraq
1200,ممتاز,5,Yemen
1201,الدقه مميزه,5,Egypt
1202,روعه,5,Saudi Arabia
1203,ممتاز,5,Yemen
1204,جدا جميل,5,Saudi Arabia
1205,مكان حلو ورائع بيرجع للماضي الاصيل,5,Jordan
1206,روعه,5,Saudi Arabia
1207,ممتاز,5,Yemen
1208,ارجيلتوا ابدا ماطيبه,2,Iraq
1209,ممتاز,5,Yemen
1210,المكان راااااائع,5,Saudi Arabia
1211,الشيشه نار,5,Libya
1212,مكان مهضوووم,4,Lebanon
1213,مطعم فاخر ونظافة خارقة طبعا وخدمة سريعة,4,Saudi Arabia
1214,سيئ الخدم,1,Tunisia
1215,طعامه مميز ولذيذ يتميزون بالكرم,5,Oman
1216,الشاورما كتير طيبة والسعر مناسب الها بس الخدمة زفت انا وقاعد شفت الويتر عطس بنص الوجبة لي كانت ب إيدو نتمنى تحسين الوضع,1,Sudan
1217,للمكان نكهة خاصة حيث تشعر أنك في أحد المطاعم العثمانية في القرن الثامن عشر كما أنه يقدم وجبات لذيذة وشاي تركية شهية جدا .. جيد لجمعات الاصدقاء وكذلك اصطحاب الأطفال وغير مكلف. أنصحكم بزيارته,5,Saudi Arabia
1218,يوجد نظافة واكل جيد,4,Modern Standard Arabic
1219,اصل الشاورما.. تركيا والبطاطا المشوية اللي بقدموها ولا اروع,5,Yemen
1220,جيد جدا انصح به ولذم تجرب الكنف التركيا والبطاطا المشوي,5,Saudi Arabia
1221,الطعام جيد ولكن الأسعار لا تتناسب مع سكان المنطقة,1,Oman
1222,مكان جميل وأكل طيب كثير,5,Jordan
1223,جيد جدا,5,Saudi Arabia
1224,شي نضيف وقعدة حلوة واكلة غير شكل,5,Morocco
1225,طعام لذيذ,5,Modern Standard Arabic
1226,اقل من عادي. وخدمة ٠,1,Syria
1227,رائع بكل معنى الكلمة مكان دافئ ووجوه حسنة تصحبها ابتسامة جميلة من جميع الموظفين اذا زرت بيروت وام تذهب الى مطعم توركي فكانك لم تذق طعم الاصالة في بيروت الاصالة.,5,Oman
1228,اذا حابب يصير معك اسهال كول من عنده,1,Syria
1229,مكان كتير حلو اكل ولا اطيب,5,Jordan
1230,شاورما التركي يقدم افضل واشهى انواع الشاورما التركي بالاضافة الى لبن العيران الطازج ولذيذ ويتوفر هنالك الاركيله الطبيعيه بالفاكهة ولعادية لعشاق الاركيلة وأيضاً هناك مجلس عربي جميل للغاية لعشاق (القعده العربية),5,Yemen
1231,الشاورما اكثر من رائعة. والبطاطا المشوية اكثر من ممتازة.,5,Oman
1232,رائع,5,Iraq
1233,ممتاز,5,Yemen
1234,شي لزيز,5,Morocco
1235,اطيب شاورما,5,Yemen
1236,مطعم طيب وسندويشات مميزة ولكن غلاء بالاسعار,5,Yemen
1237,طعامه لذيذ وخصوصا الشاورما التركي بخبزة التورتيه,5,Yemen
1238,شاورما تركية لذيذة,5,Saudi Arabia
1239,مكان رائع وجميل يستحق الزيارة,4,Iraq
1240,شاورما لايعلى عليها,5,Yemen
1241,كتير لذيذ,5,Syria
1242,والله الشاورما التركية لذيذة جدا,5,Saudi Arabia
1243,شاورما غير شكل وخدمة مميزة,4,Egypt
1244,مكان هادئ مع موسيقى هادئه وطعام لذيذ,5,Yemen
1245,مطعم جميل,3,Egypt
1246,مطعم راقي وخدمه ممتازه,4,Yemen
1247,افضل شاورما ممكن تتذوقها بحياتك 🌸,4,Iraq
1248,جيد وتراثي يستحق,5,Oman
1249,رائعة,5,Modern Standard Arabic
1250,جيد جدن,5,Sudan
1251,مكان تراثي وحضاري تعجبني الحضارة والبيئة التركية هناك,5,Iraq
1252,جيدة,5,Saudi Arabia
1253,جيدة نوعا ما,4,Modern Standard Arabic
1254,اطيب شاورما تركي 😴😴,5,Iraq
1255,مكان جيد وطعام لذيذ,5,Saudi Arabia
1256,طعمه لذيذ,5,Saudi Arabia
1257,لذيذ,4,Saudi Arabia
1258,جيد,3,Saudi Arabia
1259,لطيف.. موسيقى هادئة واكل طيب,4,Iraq
1260,رائع جدااا,5,Egypt
1261,اجواء طربية بتاخد العقل واسعار معقولة,5,Jordan
1262,مكان هادء وراقي,4,Saudi Arabia
1263,كتير حلو,5,Syria
1264,الاكل لذيذ,5,Saudi Arabia
1265,ممتاز,5,Yemen
1266,حسّيت انهم نصبوا علينا الفرد 75 دولار تقريبا جدا مبلغ كبير,3,Saudi Arabia
1267,الاكل لذيذ,5,Saudi Arabia
1268,خدمة مميزة,4,Saudi Arabia
1269,الأكل لذاذة أكل لبناني ع أصوله أسعاره جدا مناسبة صاحب المطعم متواجد يستقبل زوار المطعم بحفاوة من الآخر الأكل اكتير طيب بحبك يالبنان,5,Egypt
1270,اقل من عادي.. السمكان حسيته ضيق وقديم..,2,Saudi Arabia
1271,مطعم سئ بمعنى الكلمة,1,Modern Standard Arabic
1272,جميل وطيب,5,Iraq
1273,مطعم نظيف واكله طيب وخدمه ممتازه,4,Yemen
1274,اكل لذيذ وكثير، المكان جيد نوعاً ما لكنه ليس للعوائل، ابو نعيم واللي معه حبوبين وتعاملهم حلو.,4,Saudi Arabia
1275,خدمة ممتازة بار جيد جدا,5,Saudi Arabia
1276,مأكولات لذيذة ونكهة رائعة,4,Oman
1277,يجنن يستهل ألفين نجمة,5,Libya
1278,الاستقبال لا بأس الطعام سيئ جداً لا طعم ولا شكل ولا رائحة,2,Oman
1279,مطعم ايطالي رائع جدا جدا في الحمرا بلبنان,5,Sudan
1280,رائع,5,Iraq
1281,جميل جدا,5,Saudi Arabia
1282,معامله رائعة,5,Yemen
1283,عند عمو لوريس بتلاقي عريس,5,Palestine
1284,مكان جيد بشكل عام بخيل في صحنه جدا,3,Oman
1285,جودة المنتج والموقع وفريق العمل,5,Oman
1286,افضل مطعم بلبنان,5,Jordan
1287,مطعم رائع، يجعلك ترتاح من اجواء المدينة، اكل لذيذ، خدمة رائعة.,5,Saudi Arabia
1288,مطعم كتير حلو,5,Syria
1289,مطعم جيد,5,Saudi Arabia
1290,اكل طيب جدا و خدمة ممتازة و تعامل راقي,5,Saudi Arabia
1291,ممتاز,5,Yemen
1292,موقعه مناسب مطعم له تاريخ حافل بتقديم المطبخ اللبناني.,4,Saudi Arabia
1293,مطعم لبناني جميل أسعار مرتفعة قليلا,4,Oman
1294,بيروت رملة البيضاء مطعم العجمي,5,Qatar
1295,غالي جدا تم طلب عصافير 25 دولار عددها 7 سيئة جدا تم رميها مباشرة لان الطلب سفري,1,Saudi Arabia
1296,مكان جميل جدا,5,Saudi Arabia
1297,اجمل الاكلات في المطعم العجمي,5,Qatar
1298,حلو,3,Libya
1299,جميل,5,Egypt
1300,جيد جدا,4,Saudi Arabia
1301,"حضاري جدا""",5,Egypt
1302,يل جدا انصحكم بزيارته الاكل لذيذ ونضيف,5,Iraq
1303,الكل كتير طيب ونضيف المطعم كمان,5,Syria
1304,كتير طيب,5,Lebanon
1305,وجبات مميزة وخفيفة والأكل لذيذ وخدمة التوصيل سريعة ومجانية,5,Oman
1306,مطعم اكلو بيجنن وفخامة يقدم جميع انواع الساندويشات والاطباق والسلاد الغربية والشرقية,5,Jordan
1307,سمعنا عنو وحبينا نجرب بس للاسف ما حدا عم يرد ع هاتف مش معقول هيك,1,Syria
1308,ما شاء الله,5,Qatar
1309,محل نضيف و وجبات سريعة شهية,5,Libya
1310,ممتاز,5,Yemen
1311,جيد جدا,5,Saudi Arabia
1312,أبو علي,1,Syria
1313,جميل,5,Egypt
1314,يوجد لديه نكهة خاصة و خدمة سريعة,5,Modern Standard Arabic
1315,شكرن,5,Morocco
1316,احب هذا المكان,5,Iraq
1317,ممتاز,5,Yemen
1318,بيتي,5,Libya
1319,ممتاز,5,Yemen
1320,رائع وطعام لذيذ,5,Iraq
1321,الموقع و المساحة الداخلية ممتازة و خدمتهم كالعادة سريعة,4,Saudi Arabia
1322,انا بشتغل في بقاروط و بفرن الشباك,5,Sudan
1323,جيد جدا,3,Saudi Arabia
1324,لا انصح احد بتجربته,1,Saudi Arabia
1325,وهل يوجد غير أم شريف.... تميز في تميز في تميز,5,Algeria
1326,ممتاز وتجربة جميلة والاكل اكثر من روعة,5,Saudi Arabia
1327,احلى عالم,5,Jordan
1328,ممتازة,5,Saudi Arabia
1329,مطعم ممتاز,4,Saudi Arabia
1330,اطيب اكل لبناني مميز جدا .. شهي ونظيف وموظفين لطفاء وذوي خبرة .,5,Saudi Arabia
1331,مطعم رائع بكل معنى الكلمة يستحق الزيارة. السعر للشخص 66 دولار و لكن بالنسبة للاكل و العرض فالمبلغ عادي جدا,5,Saudi Arabia
1332,مكان رائع العشا و سهرة في بيروت تغير جو و فعاليات طوال الوقت سعر الشخص ٧٥ دولار شامل بوفيه عشاء كامل ينزلك يستحق الزياره للمزيد من التغطيات تابعوا السناب والأنستقرام Ibrahim_86,5,Yemen
1333,الاسعار خيالية وغير معقولة وقائمة الحساب لاتتضمن اي تفاصيل ويخبرونك مقدما ان السعر للشخص الواحد ٦٦ دولار ثم يأتيك الحساب ب١٥٠ دولار عالاقل للشخص الواحد ابدا لا انصح بهذا المطعم,1,Saudi Arabia
1334,صغير وعادي الشخص 77 دولار,3,Syria
1335,عنبر من اسمه... غير دني,5,Tunisia
1336,مطعم شرقي راقي,5,Saudi Arabia
1337,جو عائلي و برنامج سهر ممتع,4,Sudan
1338,جيد ومحترم يصلح للعائلات والمحجبات,5,Saudi Arabia
1339,جميل,5,Egypt
1340,ممتاز,5,Yemen
1341,بعئد,5,Lebanon
1342,لا باس,3,Oman
1343,مطعم جميل وديكور المطعم ممتاز,5,Saudi Arabia
1344,مكان رايق وحميم وديكور دافئ وخدمة رائعه .. اعجبني ان الطاولات قليلة ولكن المكان لطيف جدا ورومانسي والاكل لذيذ جدا,5,Saudi Arabia
1345,مكان لطيف وهادئ والطعام لذيذ جدا جدا والخدمة ممتازة وفيه و موظفين اطفاء والاسعار جيدة,4,Saudi Arabia
1346,مطعم جميل وديكور المطعم ممتاز,5,Saudi Arabia
1347,مكان رايق وحميم وديكور دافئ وخدمة رائعه .. اعجبني ان الطاولات قليلة ولكن المكان لطيف جدا ورومانسي والاكل لذيذ جدا,5,Saudi Arabia
1348,اطيب مطعم ارمني ببيروت,5,Iraq
1349,جيدة,1,Saudi Arabia
1350,جيد جدا,4,Saudi Arabia
1351,اذا اتيت الى بيروت واردت أن تأكل صحن فول نظيف وطيب. اذهب الى هذا المطعم الشعبي المتواضع في منطقة الجامعة العربية. افضل فوال عرفته المنطقة. اسعار ممتازة وخدمة عالمية. توقع في ساعات معينة الانتظار لكثرة الزبائن. بامكانك أن تاخذ حمص بالطحينة وفول مدني وبليلة وغيرها الى منزلك اذا اردت. انا انصحكم به وأكله صحي للغاية.,5,Oman
1352,خدمة جيدة ولقمة طيبة انا على طول باكل عندو,4,Sudan
1353,لن تجد في لبنان كلها اطيب منه وله فرعان واحد في صبرا والثاني في شارع الجامعه العربيه لذيذ فوووق الخيال,5,Oman
1354,اكل كتير طيب صراحة وخدمة نظيفة وممتازة,5,Jordan
1355,لقمة طيبه وخدمة ممتازة,4,Oman
1356,طيب فول وحمص,5,Yemen
1357,جيد جدا,4,Saudi Arabia
1358,اطيب صحن فول بالعالم,5,Jordan
1359,وضع االحمام غير مناسب,3,Iraq
1360,لقمة طيبة,5,Saudi Arabia
1361,اطيب فول و حمص و مسبحة .,5,Jordan
1362,رائع,5,Iraq
1363,ممتاز,5,Yemen
1364,جيد,4,Saudi Arabia
1365,فلافل صهيون شهية لكنها سعرها عالي,5,Modern Standard Arabic
1366,لذيذ وسعره مناسب,5,Saudi Arabia
1367,احلى فلافل يجب ان يجرب,5,Saudi Arabia
1368,مطعم فلافل له عدة فروع في بيروت ويعتبر من اشهر صانعي الفلافل في بيروت,4,Saudi Arabia
1369,كنت عند ملك الطاووق,4,Saudi Arabia
1370,رائع جدن,4,Lebanon
1371,كانت ممتازه,5,Oman
1372,جيد,3,Saudi Arabia
1373,فلافل صهيون من معالم بيروت القديمه والذكرايات الجميله بالاضافه الى اشهى سندوش فلافل,5,Iraq
1374,شيئ جدا وبخيل,1,Oman
1375,سكاي نيوز عربية نقل شقيقان متخاصمان في بيروت خصامهما إلى آفاق جديدة، فأصبحا يديران مطعمي فلافل متلاصقين ومتماثلين في كل شيء تقريبا، حيث يحملا ذات الاسم ويقدما قائمة الطعام ذاتها لزبائنهما. والمطعمان في الأصل كانا واحدا، هو محل فلافل مصطفى صهيون، وهو واحد من أقدم مطاعم الفلافل في العاصمة اللبنانية بيروت، حيث يرجع تاريخ إنشائه إلى عام 1935 تقريبا وأدخل مصطفى صهيون، والد كل من زهير وفؤاد، الفلافل التي أصلها من مصر إلى لبنان، وأجرى تغييرا على مكوناتها الأساسية قبل عشرات السنين. وبحسب رويترز، فقد شهد المحل، في تلك الفترة، العصر الذهبي للبنان، وقدم الفلافل لأجيال. وإبان الحرب الأهلية في لبنان عام 1975، ونظرا للموقع الصعب للمطعم، حيث كان على خط ترسيم الحدود، نقله أصحابه لمنطقة أخرى لكي يستمروا في بيع الفلافل للناس، والاحتفاظ باسم المحل حيا في الأذهان. وبعد وفاة والدهما في عام 1978، احتفظ زهير وفؤاد بمطعمهما معا حتى عام 2007 تقريبا، عندما انفصلا لأسباب غير معروفة. وبعد عام 2007 قسما المطعم نصفين، يدير كل منهما القسم الخاص به بطريقته، وهو ملاصق لمطعم شقيقه. وفي داخل المطعمين يمكن للزائر أن يرى ذات الأشياء تقريبا، فكل من الشقيقين يحتفظ بذات الصورة للوالد، وذات قائمة الطعام، وبمقالات قديمة وحديثة في الصحف حول المطعم. ويكتب أحد الشقيقين على باب مطعمه من الخارج فلافل مصطفى صهيون (ليس لدينا فرع آخر)، بينما يكتب الآخر مصطفى صهيون (المحل الأساسي).,4,Modern Standard Arabic
1376,لذيذه,5,Libya
1377,مطعم ذو طابع تراثي قديم وعريق مختص بالفلافل الشهية الطازجة,5,Modern Standard Arabic
1378,طعم مميز ونكهه خاصه 😍,5,Iraq
1379,جيد جدًّا,4,Saudi Arabia
1380,لابأس,3,Yemen
1381,اطيب فلافل,5,Jordan
1382,طيبه كولش عاشت ايدكم احمد من العراق,5,Iraq
1383,مرتفع السعر سيئة الخدمة,1,Oman
1384,فلافل ممتازة,5,Saudi Arabia
1385,روعه,5,Saudi Arabia
1386,ممتاز,4,Yemen
1387,هاي فلافل فريحه من اطيب الفلافل الفاخره,1,Iraq
1388,ممتاز فلافل بتشهي,1,Jordan
1389,سندويچ لذيذ,1,Egypt
1390,فرن وسناك جميل جدا ويقدم افضل الماكولات واجمل استراحة على الهواء الطلق 😍,5,Saudi Arabia
1391,رائع,5,Iraq
1392,لا بأس .. جيد و فخم ..و خدمة جثدة,3,Sudan
1393,من افضل المطاعم في بيروت ... في منطقة السوليدير ... الاكل طيب جدا جدا و الخدمة و التعامل ممتازة و راقية,5,Saudi Arabia
1394,الخدمه سيئه جدا الطلب يتاخر ، ولما تطلب مويه يقعدو ١٠ دقايق عشان يجيبو مويه ، اتمنى تحسين المستوى والخدمه وجودة الاكل .,2,Yemen
1395,حلوووووو,5,Syria
1396,جيد,5,Saudi Arabia
1397,نعم هوه جيد للغايه,5,Iraq
1398,مطعم أكثر من رائع السلطه الارمنيه و اللحم بالعجين كثيررررر طيب,5,Jordan
1399,ﻷنه معروف بميزته بلمئكولات الطيبة,5,Iraq
1400,اكل جيد لكن الخدمة دون المستوى,3,Saudi Arabia
1401,سيء جدا,2,Saudi Arabia
1402,المطعم جيد لكن مزدحم الطلب يتأخر المكان صغير ..الوجبات متنوعة ولذيذة الكل مؤدبين والمكان يستحق الزيارة,3,Saudi Arabia
1403,اكلاته لذيذه وأسعار معقولة ولايمكن تذهب لشارع الحمرا وما تتعشى في بربر,4,Oman
1404,ممتاز,3,Yemen
1405,جيد جدا,3,Saudi Arabia
1406,اكله نظيف واسعارة مناسبة,5,Saudi Arabia
1407,من اشهر مطاعم بيروت وخدمته ممتازه واسعاره مقبوله,5,Jordan
1408,كينق الشاورما,5,Morocco
1409,مطعم مميز جدا وخيارات طعام متنوعه ورائعه,5,Saudi Arabia
1410,الاكل بيه كلش طيب والخدمه ممتازة,4,Iraq
1411,طعم روعه,5,Saudi Arabia
1412,ممتاز ورائع ولكن الموقف مشكله,4,Yemen
1413,المنقوشة خلوها اطيب من جبنها,2,Qatar
1414,جيد,3,Saudi Arabia
1415,غالي وليس ب المستوى المطلوب لسمعته,2,Saudi Arabia
1416,طيب وممتاز,4,Syria
1417,مطعم نظيف واكله طيب,4,Jordan
1418,ممتاز,5,Yemen
1419,اكل رائع لكن المكان مزدحم عادة ايام السياحة,4,Iraq
1420,لذيذ طازج المناقيش ولحم بعجين وورق العنب والكبة لايعلى عليها.,4,Oman
1421,عجقة,5,Iraq
1422,رائع جدا,5,Egypt
1423,مطعم جدا راقي والاكل طيب بس المكان ضيق جدا,5,Saudi Arabia
1424,رائع اكل طيب وتعامل راقي,5,Iraq
1425,مطعم جميل,5,Egypt
1426,جيد جدن,5,Sudan
1427,مكان كتير حلو واسعاره مناسبه,5,Jordan
1428,مميز,4,Iraq
1429,افضل سلسلة في بيروت,5,Oman
1430,جيد جدا,4,Saudi Arabia
1431,جيد ورخيص,4,Oman
1432,جميل جدا مطعم جيد,5,Saudi Arabia
1433,خيارات كتيرة بمكان واحد,4,Syria
1434,جيد جداً,5,Saudi Arabia
1435,ممتاز جدا جدا,5,Saudi Arabia
1436,اكل لذيذ جدا ومتنوع,5,Saudi Arabia
1437,اللهم صلِ وسلم على نبينا محمد .. سبحان الله وبحمده سبحان الله العظيم,2,Oman
1438,جيد,5,Saudi Arabia
1439,لأنه آكله طيب ويوجد عنده كل شيء,5,Modern Standard Arabic
1440,فطاير ممتازة واسعار حلوة,5,Qatar
1441,خدمات و أكل لا ترتقي للسمعة التي اكتيبها,2,Tunisia
1442,هادئ ونظيف وطيب,4,Oman
1443,الخدمه سيئه,5,Yemen
1444,مطعم وجبات سريعة,5,Saudi Arabia
1445,ممتاز,5,Yemen
1446,مطعم جميل لكن المكان مزدحم,4,Saudi Arabia
1447,فخم لا نه لديه أطعمة صحية مهما كانت الظروف الصعبة,5,Sudan
1448,جيد,5,Saudi Arabia
1449,نظيف و الاسعار مناسبه,5,Libya
1450,تحفه شو هيدا,5,Lebanon
1451,وجبات سريعة ....وسط,2,Saudi Arabia
1452,مكان مزدحم وصغير,1,Saudi Arabia
1453,اسعار مقبولة خدمة سريعة لكن الموظفين في المطعم يتعاملون بنوع من العجرفة مع الزبائن,3,Saudi Arabia
1454,محيط بجميع أنواع المأكولات والمشروبات بأفرع متقاربة من بعضها,5,Jordan
1455,الاسعار مرتفعه كثيرا,3,Oman
1456,صحة وهنا,4,Morocco
1457,واو كلش اكلاته طيبه و كلش حلو,5,Iraq
1458,مكان الجلوس غير صحيح ؟ غالي الثمن ولا وجود اكل صحي فقط لحوم وبأسعار غاليه . الشاورمات غير صحيه وطعمها غير جيد ؟,2,Yemen
1459,طعام جيد لكن مرتفع السعر قليلا,4,Oman
1460,مقنع,4,Yemen
1461,يجنن,5,Yemen
1462,كتير لذيذ والشاورما عنده روعة,5,Jordan
1463,جيد ولاكن بطئ بسبب الزحمة,3,Oman
1464,ظريف,3,Syria
1465,أطيب شاورما,5,Lebanon
1466,ارقى مطعم,5,Yemen
1467,ولا الذ,5,Yemen
1468,جيد,5,Saudi Arabia
1469,مطعم ممتاز ورائع,5,Saudi Arabia
1470,رائع,3,Iraq
1471,كتير طيبة عندو فرانسيسكوو👍👍,5,Palestine
1472,مطعم جيد واكلاته طيبة واسعاره مناسبة,5,Iraq
1473,طيب اكل مالته,4,Iraq
1474,رائع بس اسعاره غالیه,4,Iraq
1475,اكله طيب بس مافيه جلسه,4,Saudi Arabia
1476,ممتاز,5,Yemen
1477,المطعم راااااءع جددددا😘👏👏👌👌👍,5,Saudi Arabia
1478,كل شي عند برير طيب,5,Libya
1479,ما عاد بربر متل قبل,3,Syria
1480,خدمة سناك سريعة مناقيش شاورما مشاوي فلافل,5,Tunisia
1481,نرجو من صاحب المطعم الاهتمام بشكل افضل لان اكله طيب بس الخدمة والديكور بدون شغل اكتر مشان يضلو مطعمو افضل,3,Syria
1482,أكل طيب ونظيف وخدمة ممتازه,5,Yemen
1483,شهي,4,Oman
1484,مطعم ممتاز ومناسب,4,Saudi Arabia
1485,مطعم جيد وخيارات متنوعه,4,Saudi Arabia
1486,مقبول لابأس بأكله,3,Yemen
1487,غالي جدا لازم تبيع عشيرتك حتى تاكل بيه و ظل سدد افلوس الحد ما تموت,1,Libya
1488,جيد,3,Saudi Arabia
1489,الازدحام المروري في موقعه وازدحام الزبائن يسبب في امتعاض بعض رواده وتغيير وجهة تناولهم الطعام عنده..,3,Saudi Arabia
1490,رائع,4,Iraq
1491,الي بس رائع,5,Iraq
1492,ديلفري سريع ومرتب,5,Egypt
1493,جميل جدا,4,Saudi Arabia
1494,غلاء الأسعار وعدم جودة الطعام,2,Oman
1495,اكثر من رائع,5,Saudi Arabia
1496,وجباته لذيذة,5,Qatar
1497,مكاان جميل جدا,4,Egypt
1498,اكل طيب ونظيف ورائع,4,Saudi Arabia
1499,وجبات سريعة,5,Oman
1500,لقمة طيّبة,4,Sudan
1501,منووشة مميزة,4,Algeria
1502,جيد جدا واسعاره مناسبة,5,Saudi Arabia
1503,اكل نظيف وخدمات جيده ولكن المكان ضيق,3,Oman
1504,عندو شاورما طيبة,5,Syria
1505,المطعم جميل واﻻكل رائع,5,Saudi Arabia
1506,من افضل المطاعم الموجودة في بيروت,5,Saudi Arabia
1507,جيد جدا.,5,Saudi Arabia
1508,طيب,3,Yemen
1509,Everything is here كل انواع الاكل متوفرة وبجوده جيده,4,Yemen
1510,الاكل نظيف جدا ً لكن السعر غالي,5,Saudi Arabia
1511,جميل ومكتض جدا,4,Saudi Arabia
1512,جميل جميل جميل جداا,5,Sudan
1513,اكل مميز,5,Saudi Arabia
1514,طعام لذيذ جدا,5,Saudi Arabia
1515,مطعم كثير طيب,5,Jordan
1516,مطعم جدن راقي,5,Syria
1517,اكل جيد جدا,4,Saudi Arabia
1518,جيد جدآ,5,Egypt
1519,يد و متنوع,3,Lebanon
1520,سندويشات.... مكان شعبي . .,3,Saudi Arabia
1521,اكل طيب,5,Yemen
1522,صجة وعجقة جدآ,1,Iraq
1523,جيد جدا,4,Saudi Arabia
1524,مطعم ممتاز,5,Saudi Arabia
1525,لقمة هنية,2,Syria
1526,جيد,1,Saudi Arabia
1527,للاكلات اللبنانية السريعة. . اختار بربر …,3,Jordan
1528,ممتاز,5,Yemen
1529,مجموعة مطاعم .. فد شي ... تموووووت,4,Iraq
1530,جدا لذيذ,4,Saudi Arabia
1531,احلى طعام وطيب جدا وأسعار جيدا نوع ما,5,Saudi Arabia
1532,جيد,3,Saudi Arabia
1533,يعني البرگر مالتة فدشيي اشرررد 😍,5,Iraq
1534,ارجع من صاحب المطعم مراقبة شواي الحم ﻻن غير مراقب,5,Lebanon
1535,الطعام لذيذ,4,Saudi Arabia
1536,لكن غالي,5,Yemen
1537,جيد,5,Saudi Arabia
1538,يبدو جيدا,2,Sudan
1539,جميل,5,Egypt
1540,مطعم ممتاز,5,Saudi Arabia
1541,رائع,5,Iraq
1542,طيب,5,Yemen
1543,المكان ليس واسع,1,Modern Standard Arabic
1544,ممتاز,5,Yemen
1545,مطعم للمأكولات السريعة,3,Syria
1546,ممتاز,5,Yemen
1547,رجوع اله العراق,5,Iraq
1548,لذيذ,4,Saudi Arabia
1549,شاورما,5,Egypt
1550,خراة,1,Qatar
1551,من افضل المطاعم,5,Saudi Arabia
1552,أحبه,5,Modern Standard Arabic
1553,رائع,5,Iraq
1554,جيد جدا ممتاز,5,Saudi Arabia
1555,من الأماكن الجميله خدمه مميزه وطعام فاخى,4,Yemen
1556,فروع كثيره ...وين ما تروح تشوف باربر امامك ....يعني لازم تاكل غصبا عليك ....بس طيب اكلهم …,5,Oman
1557,أكله طيب كثير,4,Jordan
1558,شاورما الدجاج لذيذه,4,Yemen
1559,مجموعه مطاعم بربر ممتازه جدا ونظيفه وتلبي كافة طلبات الزبائن,4,Yemen
1560,مطعم نظيف واكل طيب,4,Syria
1561,مطعم نظيف واكل ممتاز,4,Iraq
1562,من المطاعم المتميزه في بيروت احرض على زيارته,5,Yemen
1563,غني عن التعريف وطعام لذيذ,4,Oman
1564,مزدحم والطلبات تتاخر كثيرا وجودة الطعام ليست كما كانت (لبعض الاطباق) احد مسؤولي اخذ الطلبات عرض علي الغاء طلبي مرتين لاني سألته ان يساعدنا بتسريع الطلبات التي تاخرت اكثر من نصف ساعة,2,Saudi Arabia
1565,أفضل سندويش بالبنان,5,Egypt
1566,طعمه ممتازه ونظافه وسعر مميز . لا يمكن زياره بيروت بدون المرور علي بربر. الخدمه بطيئه بعض الشيء,5,Libya
1567,مكان وقوف جميل,3,Oman
1568,حيد جدا ..انصح بالذهاب لهذا المطعم,5,Iraq
1569,مطعم رائع وفيه تشكيلة كبيرة من الأطعمة,5,Oman
1570,غالي واكله عادي,1,Jordan
1571,مكان يستحق النقود,5,Oman
1572,مكان مريح والطعام لذيذ جدا,5,Saudi Arabia
1573,من اطيب المطاعم وانظفها في بيروت والجميل انو لديه كل شي عن الاكل والشراب,4,Oman
1574,الاستمتاع في نكهة المطبخ اللبناني الاصيل,5,Saudi Arabia
1575,و مع الأحبة كل شيء أجمل ... اللي بدو ياكل ... يروح ع بربر,5,Syria
1576,مطعم وجبات سريعة يقع في شارع الحمراء، وهو يقدم تشكيلة من الوجبات السريعة والساندويتشات المتنوعة وعلى رأسها الشاورما اللبنانية اللذيذة .,4,Modern Standard Arabic
1577,احلى شي على السريع بلبنان,5,Syria
1578,لازم تمر هالمطعم اذا مريت عبيروت 👍👍🏻👍👍🏻👍,5,Qatar
1579,مطعم رائع في بيروت شارع الحمراء .. وأسعاره مناسبة ويقدم تشكيلة جميلة ومتنزعة من المأكولات والمشويات اللبنانية وغيرها,5,Oman
1580,هو غني عن التعريف وطعامه رائع ولذيذ,5,Saudi Arabia
1581,طعامه وسعر جيد جدا,5,Saudi Arabia
1582,تحيه من الاردن الى مطعم بربر العزيز❤ إحلا الماكولات في مطعم بربر الحبيب ❤ بيروت _شارع الحمرا 🌹🌹🌹,5,Yemen
1583,لم يعد كما كان بربر,5,Morocco
1584,) هوا بيروت و احلا اكلات من مطعم Barbar بيروت. شارع. الحمراء,5,Egypt
1585,اطيب لحمربعجين ذقته,5,Saudi Arabia
1586,الطعام رائع بكل معنى الكلمة,5,Saudi Arabia
1587,بربر بعد وهيفاء ماكلة منة,5,Tunisia
1588,مطعم متميز بمأكولاته و سعره المناسب,4,Egypt
1589,جيد واسعاره جيدة نوعا ما,3,Saudi Arabia
1590,الاكل لذيذ جدا 😋..... المكان مزدحم,4,Saudi Arabia
1591,اطيب آكل,5,Iraq
1592,لا يأكل,1,Oman
1593,جميل,5,Egypt
1594,جيد,3,Saudi Arabia
1595,ولا اروع كل شيي عجيييب عند بربر,5,Sudan
1596,شاورمتهم بالراس لذيذة اللي باللحم,5,Yemen
1597,مطعم جميل بس ابعد عن الكول سلو او سلطة ملفوف مع مايونيز,4,Saudi Arabia
1598,مطعم شعبي .. اكل متنوع .. لازم الواحد يزوره من يجي على بيروت,4,Jordan
1599,متنوع ولذيذ وأسعاره جيدة,3,Oman
1600,وسط مو زياده بصراحه,2,Oman
1601,اجمل سناك بلدنيا بدك شاورما ماتنسى طعمتها علبك بربر,5,Lebanon
1602,مطعم ممتاز واكل لذيذ وجوده عاليه والخدمة ممتازه ويوجد به جميع انواع الطعام 👍🏻,5,Yemen
1603,جيد جدا,5,Saudi Arabia
1604,اكل لذيذ وسعر رخيص,4,Saudi Arabia
1605,مطاعم بربر خدمة سريعة وطعام نضيف ولذيذ واسعار مناسبة جدا …,5,Egypt
1606,خدمات جيده وطعام لذيذ,5,Oman
1607,طعم رائع,5,Saudi Arabia
1608,من اطيب المطاعم التي زرتها في لبنان ويعمل ٢٤ ساعه,5,Yemen
1609,بربر... الاسم الأول في الوجبات اللبنانية اليومية السريعة,5,Syria
1610,جميله جدآ,5,Egypt
1611,مطعم ممتاز وإدارة جميلة وأخص المدراء حسن شمص وعباس قبيسي,5,Syria
1612,من افضل واطيب مطاعم لبنان,4,Jordan
1613,ممتاز الطعام والخدمة,5,Oman
1614,ماكولات متنوعه وطيبه ولها نكهه خاصه,3,Iraq
1615,طعام لبناني شهي ومستوى شعبي مقبول,5,Iraq
1616,انه رايع ولزيز,5,Sudan
1617,رائع,1,Iraq
1618,مشكلته ماراح تقدر توقف أكل .... لذيذ وسعر ممتاز 👌🏻 لكن الشورمات ماعجبتني خاصه اللحم,5,Oman
1619,اكلهم نضيف وطيب,3,Egypt
1620,أكله حلو مررره وبالأخص اللحم بالعجين وسعره رخيص جدا مقارنه بالمطاعم الباقية,5,Saudi Arabia
1621,اجمل شي في بربر انه كل شي عنده وكلشي طيب وسعره رخيص لكن المكان ضيق ومزدحم,4,Oman
1622,رائع جداً,5,Oman
1623,مطعم شعبي الاكل لذيذ خصوصا المقبلات والاسعار مناسبه وفي متناول الجميع انصح فيه بشده,5,Saudi Arabia
1624,شاورما لذيذة وزحمه جدا بسبب المطعم ممتاز,4,Saudi Arabia
1625,أرقى انواع الأكلات السريعه و بالأخص الفلافل بالشرق الأوسط,5,Egypt
1626,الاسعار مناسبة وموقع المطعم جيد جدا,4,Saudi Arabia
1627,طعم لذيذ جدا اسعاره كتييير مرتفعه كونه شعبي,3,Egypt
1628,يتميز بإكلاته الشهية والرائعة,3,Oman
1629,انه مطعم رائع,5,Saudi Arabia
1630,يوجد في مشويات و معجنات لكنه مميز في العصيرات و برجر الحم,3,Sudan
1631,أفضل مطعم بالمنطقة,5,Jordan
1632,أفضل امل على مستوى لبنان,5,Iraq
1633,جيد طعام طيب نظيف عأئلي,4,Lebanon
1634,مطعم شعبي، يقدم الأطعمة الشرقية، والشاورما الرائعة، والمقبلات، والسندويشات الباردة والحارة. أنصح به، لا تفوتوا فرصة تناول الطعام هنا عند زيارتكم لبنان، لن تندموا أبدا.,5,Modern Standard Arabic
1635,مطعم رائع مميز بالبرجر والشاورما,5,Saudi Arabia
1636,مطعم مرتفع الاسعار مقابل خدمة بسيطة,2,Oman
1637,بربر يغنيك عن الذهاب لأي مطعم ، كل شيء موجود لديهم من شاورما ومعجنات وفلافل وعصيرات و مشاوي ، رغم الزحمة إلا انهم سريعين بتجهيز الطلبات .,4,Oman
1638,مطعم رائع ومتميز فى شوارع من نار تنوع جميل وفريد من المحلات والمقاهى والكوفى شوبات والبارات والمطاعم عيش اللحظات التى لن تنسى,5,Egypt
1639,مطعم رائع، تقريبا عنده كل شي، نضيف وسريع وجدا لذيذ !,5,Saudi Arabia
1640,رائع وكلامي راح يزيد روعه عن اللي يقال كل سنه انزل بيروت ١٠ ايام و٣ وجبات في بربر صرت من الزبائن المعروفين,5,Oman
1641,مطعم شعبي جميل لكن أسعاره جهنم غالي جدا,5,Sudan
1642,مطعم مناسب طعام ووجبات لذيذة انصح به,5,Saudi Arabia
1643,اكله جدا ممتاز ونظيف ...اتمنى التوفيق لكل طاقم المطعم…,5,Saudi Arabia
1644,اكله طيب بس شوووي غالي,4,Jordan
1645,مطعم مشهور يمتاز بالسعر المعقول واللذة في الطعم,4,Oman
1646,موقع مميز ..وسط العاصمة الحبيبة بيروت,4,Oman
1647,اكلك طيب وخدمة جيدة لكن صالة المطعم صغيرة,4,Saudi Arabia
1648,"بربر عبارة عن عدة مطاعم متجاورة. لابد من تناول الطعام هنا عند زيارة شارع الحمرا الشهير و تجربة الأطعمة المحلية لبيروت. لديهم كل مايخطر بالبال، شاورما- فطاير-مشاوي-السندويتشات الغربية على الطريقة اللبنانية. Eating here and trying lebanon local cuisine is a most when visiting alhamra street. You will find ""western"" food as well, but customized the Lebanese way.",5,Saudi Arabia
1649,روعه نظافه رخص الاسعار خدمه سريعه,5,Yemen
1650,مطعم شعبي طيب ولذيذ,5,Yemen
1651,الصراحه عادي وفي احسن من,4,Qatar
1652,مطعم شعبي كبير جدا جلساته شعبية جدااااا تمام تكون مزعجة ضيقة جدا ولكن من الذ المطاعم التي يمكن أن ناكل بها في بيروت له أكثر من فرع اكله لذيذ جدااااا أسعاره جيدة جداااا الخدمة أكثر من رائعة,5,Saudi Arabia
1653,من اجمل و انضف و ارخص المحلات في بيروت و معظم اكله ممتاز خصوصا الطاووق و الفروخ و شاورما اللحم و الفراخ و الكفته،بس الكباب و الريش اللحمه حلوه بس تتبيل ضعيف جدا و مالهاش طعم، الايس كريم عنده وهمي معظم الأنواع طعمها تحفه ،،الشوكليت و الاوريو و التوت و الفراوله و سنيكرز ، مكان اكله ممتاز و أرخص سعر في بيروت تقريبا,4,Egypt
1654,مطعم بربر مطعم جيد والسندويشات جيده ولكن في محل العصائر ليس جيد لان المعامله غير جيده لان عصير بالنهار شكل وبالعشيه شكل تاني مثل طلبت افوكادو بالنهار كان العامله بيحط كل المكونات الي في عصير الافاكادو ولكن عشيه بطلب نفس العصير وغير عامل بعطيني عصير نقص في مكونات العصير باسئله بيخبرني العامل هو هيك والمعامله سيئه كانه انت بتاخذ بدون مصاري كانه هو بعطيك من عنده ارجو منكم ملاحظة هذا.,4,Oman
1655,مطعم رائع,5,Iraq
1656,ممتاز جدأ,5,Palestine
1657,مأكولات شرقيه وجيده مع اسعار جيده,4,Yemen
1658,مغلق,1,Algeria
1659,سد البوشرية,1,Tunisia
1660,ممتاز,5,Yemen
1661,مكان راقي جدا ومودرن,5,Saudi Arabia
1662,ممتاز,5,Yemen
1663,ممتاز للسهر واكل ممتاز و عروض ممتازه,5,Sudan
1664,المكان جميل سوا الاكل أو الجو العام مكان رومنسي أفضل مكان للسهره مع العايلة,5,Yemen
1665,خدمة مميزة وطعام شهي ونظافة وأجواء جميلة,5,Oman
1666,مكان جميل و سهره احلا,5,Libya
1667,ممتاز,4,Yemen
1668,مطعم شرقي ب امتياز اطباقه لذيذة و اجوائه تأخذك ل عالم آخر و الخدمة ممتازة أنصحكم ب زيارة له,5,Saudi Arabia
1669,طعامه جد لذيذ,5,Jordan
1670,شي بيشهي,5,Qatar
1671,خدمة رائعة ، طعام جيد جدا ، طاوللت مريحة ، مكان مبرد ، تلفزيون ، طاقم عمل ممتاز.,5,Saudi Arabia
1672,ممتاز جدا .. أكل أكثر من ممتاز ... وخدمة مميزة,5,Saudi Arabia
1673,كويس ولذيذ,3,Saudi Arabia
1674,غالي الثمن وواجباته غير شهيا لاكن الحم بعجين جيد جدن,5,Sudan
1675,احلى ابو عبدو ملك المشاوي واللحم بعجين والله,5,Qatar
1676,اسعار  مناسبة,5,Saudi Arabia
1677,روعة,4,Saudi Arabia
1678,مطعم للمشاوي الحلبيه,5,Libya
1679,جيد,5,Saudi Arabia
1680,معلم,4,Oman
1681,جيد جداً كميات الطلب متوسطة السعر متوسط,4,Saudi Arabia
1682,رررررائع ب كل شيء أحببته جدآ أنصحكم ب أن تجربو,5,Egypt
1683,لا تطوفكم الكنافه .. اما المقبلات والاطباق الرئيسيه فهي لذيذه جدا جدا ومميزه .,5,Yemen
1684,مطعم جميل من جميع النواحي .. الاكل لذيذ ومنظر الغروب والإطلاله شي رائع .. يستاهل الزياره,5,Yemen
1685,الخدمة سيئة .. الاكل اسوأ .. طلبنا اكتر من وجبة ولا وحدة قدرنا نخلصها .. الشنكليش و الموزاريلا ستيكس اطيب شي .. الاركيلة بتطفي 10 مرات ليجيبو فحم .. ببساطة هالمحل بس قعدة حلوة عالبحر وانت وحظك بالاركيلة .. المشروبات منوعة و طيبة,1,Lebanon
1686,مكان رائع... والطعام جيد جداً,5,Saudi Arabia
1687,المكاااان جداً جميل ورايق واحلااااااا مكان مريته ببيروت انصحكم فيه خاصه الـ WAITER غسان,5,Egypt
1688,مكان جميل وهادئ وأطلالة رائعة ... جلسنا المرة الأولى في صالة خارجية كان الطاقم جداً محترمين والمرة الثانية في الصالة الداخلية للأسف الطاقم في الصالة الداخلية خلونا نشعر أننا جالسين ببلاش مع العلم أننا أربع اشخاص ودفعنا لا يقل عن ٦٠ دلار فقط أراكيل ومشروبات ... خدمة الصالة الخارجية افضل والختيار صاحب المكان جدا رجل محترم ..,1,Oman
1689,جلسة مطلة على اجمل موقع تاريخي في لبنان الخدمة جيد جدا انصح بزياته,5,Saudi Arabia
1690,مكان رائع وخدمة مميزة موظفون محترمون واجواء فخمة شكرا لكم اصدقائي,5,Saudi Arabia
1691,مكان راقي وخدمة ممتازة,5,Saudi Arabia
1692,مكان راقي جدا وشاعري,3,Saudi Arabia
1693,مكان جميل ارتحت كثيرا,5,Oman
1694,منظر خلاب لصخرة الروشة .. والمكان اجمل .ولكن الأسعار مرتفعة,4,Oman
1695,مطعم ومقهى مطل على صخرة الروشة اسعاره مرتفعة الى حدا ما,4,Jordan
1696,مرسى يخوت وممشى رائع,5,Egypt
1697,مكان رائع بتشوف غروب الشمس وكانك لامس الشمس,5,Jordan
1698,من افضل الأماكن في الروشة والطعام ممتاز,5,Saudi Arabia
1699,من اجمل الاطلالات في العالم,5,Saudi Arabia
1700,مطعم ومقهى على البحر جميل والخدمة فيه ممتازة وهو مناسب لقضاء وقت مريح وخاصة في الليل,3,Saudi Arabia
1701,جميل مقهي ومطل علي روشه,5,Libya
1702,منظر جدا جميل امامك البحر يوجد صخرة كبيرة,5,Saudi Arabia
1703,المطعم لذيذ جدا,5,Saudi Arabia
1704,جدا حلو هالمكان,3,Syria
1705,مايميز المطعم فقط موقعة ،، وولا اكله مشي حالك,1,Iraq
1706,احلا مطعم عالروشه والأكل والأركيلي عندو فخامه وبشكر الطاقم الي فيه عالذوق الي عندن وبالأخص يوسف سمر إنتصار وأنس رائعين بمعنى الكلمه ونشاء الله شوفكن عن قريب,5,Lebanon
1707,شي فخامة منظر الروشة من عند الباي روك,4,Syria
1708,مكان رائع للهروب من صخب الحياة و الاستماع لعزف موج البحر في جلسات خارجية أكثر من رائعة و مطلة على صخرة الروشة... مع احتساء زنجبيل بالعسل في الطقس البارد,4,Modern Standard Arabic
1709,أطلاله ساااااحره عالصخره مباشره 👌🏻😍 الشيشه مو حلوه🔕,5,Egypt
1710,أحلى مطعم عالروشه,5,Egypt
1711,جميل الروشه,5,Libya
1712,اسوء اكل بلبنان كلو,2,Jordan
1713,إطلالة رائعة وجلسة مميزة,5,Modern Standard Arabic
1714,ماحبيته وكلهم مو مره زين. يكتفى بمشروبات فقط. لان اطلالته زينه على صخرة الروشه,2,Iraq
1715,مكان جميل مع خدمة جيدة وطعام لذيذ,5,Saudi Arabia
1716,رائع جداً والاطلالة متميزة,5,Saudi Arabia
1717,جيد,3,Saudi Arabia
1718,ممتع كلش الاكل والخدمه ممتازة أيضا والمنظر مطل على الصخره يعني استمتاع تحياتي,4,Iraq
1719,الكافيه رائع والاكل جيد ومن الإمكان التي انصح بها,5,Oman
1720,عجبني فيه الاكل والاطلالة,4,Saudi Arabia
1721,ممتع,5,Egypt
1722,جميييل و إطلالة جميلة,4,Sudan
1723,اهم مايميزه الجلسة الخيالية و الموقع الممتاز اطلالة مباشرة على صخرة الروشة لكن اعتقد انه لايوجد مكان لغير المدخنين,4,Saudi Arabia
1724,اطلالة جميلة,5,Jordan
1725,كانت تجربه جيدة وممتعة وانه مطعم جميل وانيق يقدم اطيب واشهى الوجبات,5,Oman
1726,جميل,5,Egypt
1727,جيد,4,Saudi Arabia
1728,جدا ممتاز والموظفين تعامل راقي جدا,5,Saudi Arabia
1729,مطعم رائع ومناظر خلابة,5,Iraq
1730,خدمة رائعة ومنظر جميل,5,Saudi Arabia
1731,شكرا لك ، نتمنى أن تزورنا مره ثانية,5,Oman
1732,جيد و لكن هناك استغلال في الطابق العلوي اما الطابق السفلي جيد و انصح به,3,Saudi Arabia
1733,قعدة بتجنن وكتير رواق وأكل طيب والاركيلة كمان كتير طيبة ..عنجد كتير محل مميز,5,Syria
1734,جميل ألموقع والجلسات,4,Saudi Arabia
1735,رائع,5,Iraq
1736,اطلالة جميلة و طعام لذيذ,5,Saudi Arabia
1737,موقع جميل و لطيف,3,Sudan
1738,الجلسات غير جيدة,1,Saudi Arabia
1739,ممتاز لكن يعيبه اسعاره المرتفعة,5,Saudi Arabia
1740,عندما تتجول على شاطيء الروشة .. اجعل الاستراحة في هذا المكان .. جميل و خدمة جبدة ..,4,Saudi Arabia
1741,غنية عن التعريف وعنوان لبنان,5,Jordan
1742,إطلالة رائعة ومكان نظيف,5,Oman
1743,اكلات روعة خدمة ممتازة,4,Saudi Arabia
1744,جيد,4,Saudi Arabia
1745,الروشة,5,Tunisia
1746,الخدمه ما كنت ممتازة,3,Yemen
1747,اطلالة رائعة على صحرة الروشة من سفح مرتفع,4,Saudi Arabia
1748,منظر خلاب,5,Iraq
1749,جيدا,5,Yemen
1750,رائع وشيشة طيبة كتير,5,Syria
1751,أطيب حاجة عصافير التين وكمان السودة 😋😋😋😋😋,5,Egypt
1752,اجمل اوقات للاستراحة .. بعد رحلة على الكورنيش ..,4,Jordan
1753,روووعه,5,Egypt
1754,احلى مطعم عالروشة خصوصي اول طاولة بالزاوية عند البِلور مكاني,5,Syria
1755,اكيد احسن مكان في الروشة واني من كوردستان العراق,5,Iraq
1756,الاطلالة على صخرة الروشة,4,Saudi Arabia
1757,روعه,5,Saudi Arabia
1758,روح بيروت,4,Syria
1759,خخخخخخخ,5,Jordan
1760,اكله لذيذ جدا اسعاره جدا عاديه …,5,Yemen
1761,المكان رائع ونظيف مع خدمة ممتازة باهظ الثمن $$,4,Saudi Arabia
1762,ممتاز جدا .. جودة الطعام و الخدمة و النظافة 👍 و المطل على الروشة,5,Saudi Arabia
1763,المكان ممتاز جدا والاكل حلو بس لازم تنتبه على الفاتوره,4,Yemen
1764,مكان مميز يستحق الزيارة يتميز بإطلالته على صخرة الروشة,4,Saudi Arabia
1765,القعدة حلوة والخدمة جيدة بس الاسعار غالية كتير وفوق هاد بياخدو ع موقف السيارات ..,3,Syria
1766,جيد,2,Saudi Arabia
1767,رائع,5,Iraq
1768,كيفو لشيف زهير,5,Morocco
1769,مطعم لطيف,4,Yemen
1770,مطبخ,5,Morocco
1771,للأسف المطعم لايحمل من حضرموت إلا الإسم .. مع جزيل احترامي للأخوه السوريين اصحاب المطعم ، لايجيدون المندي الحضرمي ولا المظبي الحضرمي وليس هناك صله للمطعم بالأكل الحضرمي نهائياً ، مجرد اسم فقط,1,Yemen
1772,من ناحيه الأكل عادي جداً والنكهه الحضرميه مفقوده تماماً يعني فيه مطاعم سوريه يعملو مندي قريب أكثر للنكهه الحضرميه، اما من ناحيه الديكور 0/10 له علاقه بحضرموت مش فاهم ليش تسمي المطعم حضرموت اذا الزبون لما يدخل المطعم ما بيحس بلجو الحضرمي الديكور كله حديث ومافيش أي شي من التراث الحضرمي أو اليمني بشكل عام، يعني المطعم معجون مش مستقرين على شيء ديكور حديث، شويه أشياء بدويه وأغاني عراقيه!! يعني أنا كاحضرمي الموضوع مستفزني جداً ياكونو قد الأسم أو بطلو. وغالي جداً,1,Yemen
1773,مطعم يمني جيد أسعاره معتدلة و ديكور رائع,4,Sudan
1774,أشهى المأكولات اليمنية الخليجية.. جو هادئ و خدمة ممتازة,4,Saudi Arabia
1775,جميل جدا و اكل لذيذ,5,Saudi Arabia
1776,جيد واللحم المندي طيب,4,Saudi Arabia
1777,مطعم راقي جدا وخلاب يتمتع بموقع جيد وموائد تراثية متألقة لعشاق التراث كما يتميز بتقديم أصناف متعددة من المأكولات,5,Modern Standard Arabic
1778,مطعم مندي حضرموت - مأكولات شعبية خليجية وحضرمية في قلب بيروت النابض حي الحمراء مقابل ممشى الروشة مكان جيد ومناسب لقضاء أوقات ممتعه هناك كما انه يوجد جلسات ارضية وطاولات حسب الرغبة ملاحظة لا توجد مواقف خاصة للسيارات,2,Oman
1779,أكل نضيف وقعدة مرتبه .. ولاكن لايحتوي على طباخ يمني ليطابق نفس المذاق الحضرمي متل مسمى المطعم,3,Yemen
1780,من اجمل المطاعم الخليجية .. جلسة عربية مميزة و اكلات خليجية بأمتياز,5,Egypt
1781,طيب وجلسة مميزة بس غالي شوي,5,Jordan
1782,تنقصه النكهة اليمنية الاصيلة,3,Oman
1783,الطعام والمعاملة والنظافة والخدمة ممتازة مطعم متكامل في كل شيء,5,Oman
1784,جلسة عربية و اكلات خليجية على اصولها,5,Jordan
1785,الطعام الذي يقدمه ليس جيدا,1,Modern Standard Arabic
1786,كتير طيب بس بنصح,4,Syria
1787,جيد,5,Saudi Arabia
1788,جواني,5,Tunisia
1789,انا الآن هنا,5,Modern Standard Arabic
1790,مطعم رائع,5,Iraq
1791,معاملة,1,Tunisia
1792,"مقهى و مطعم قديم حافظ مطولاً على رفضه تقديم "" الخمور "" في محله ( لا ادري إن كان لا يزال محافظ على هذا التقليد الحميد ) , من الجيد لنا كمسلمين فعلاً ان نذهب إلى مطعم في مدينتنا و لا ننصدم بما يتعارض مع تعاليم ديننا الجنيف من تقديم خمور و لحم خنزير",3,Modern Standard Arabic
1793,"Zero star for food, 5 stars for view لا تفكر تطلب أكل ولا كبة ولا شي. اركيلة جيده مع فنجان قهوة",1,Oman
1794,جيد و رائع,5,Saudi Arabia
1795,مكان معفن و قذر و الستاف حراميه و نصابين زي معظم مطاعم الروشه، قعدنا فيه يوم الاربعاء 12-9-2018 الساعه 6:30 مساءا و طلبنا الاوردر ليمون بالنعناع و فجآه نزلنا مياه بالعافيه و احرجته مرتين و قولتله مش واخد المياه لاني ما طلبتهاش،قالي لا لازم تاخدها و بتنزل اجباري علي الحساب قولتله ده شغل سرقه و حراميه و قومت سيبت المكان و مشيت و رغم موقعه المميز قدام سخره الروشه الا انه نتيجه السرقه و الستاف الغير محترم و اسلوبهم اقذر ما يكون فالمكام بتعدي عليه تلاقيه فاضي عشان ما حدش طايق يدخله، تحذير ابتعدوا عن الاماكن الي علي الروشه و خصوصا المكان ده لانه نصاب و العاملين غير محترمين و اتعاملوا معاهم بمنتهي الحزم عشان ما حدش يستغلكم,1,Egypt
1796,مطعم ذو اطلالة جميلة على الروشة,5,Saudi Arabia
1797,اطلالة حلوة واكل جيد وكبة نية ممتاز,4,Iraq
1798,اجمل قعدي بلبنان,4,Jordan
1799,تاريخ ومذاق,3,Saudi Arabia
1800,مكان رائع خدمة ممتازة,5,Saudi Arabia
1801,اطلالة رائعة وخدمة ممتازة,4,Saudi Arabia
1802,مطعم رائع خدمه ممتاز لقمه هنيه اسعار معقوله جدا,5,Syria
1803,موقع جميل و شيشة ممتازة,4,Sudan
1804,اطلالة رائعة وخدمة بتجنن 💕,4,Jordan
1805,اجمل موقع على البحر أمام صخرة الروشة,5,Algeria
1806,مطعم جميل جدا واطلاله جميله على البحر,4,Oman
1807,مطعم تاريخي ومأكولات لذيذة ولكنه يحتاج إلى تجديد فجمال المنظر لا يتناسب مع قدم الديكور والأساس في المطعم,3,Modern Standard Arabic
1808,جيد,3,Saudi Arabia
1809,ولا اروع من هيك اطلاله,5,Jordan
1810,مطعم ومكان جيد لتمضية وقت ممتع من بعد االعمل,4,Oman
1811,مكان جميل والاكل روعه والاسقبال جدا حلو,4,Saudi Arabia
1812,ممتاز يستحق التجربة,5,Saudi Arabia
1813,الاكل اللبناني الاصيل واحسن خدمه واسرع ديليفري الله يديمهم,5,Iraq
1814,لذيذ,4,Saudi Arabia
1815,اكل بيت يومي,5,Iraq
1816,مقبوال,2,Tunisia
1817,مكان جميل,4,Saudi Arabia
1818,مكان مرتب والأجواء كثير حلوى,5,Jordan
1819,فخم و راقي .. جودة الطعام ممتازة,4,Saudi Arabia
1820,مطعم جميل جدا وهو ملك للفنان نفسه الذي يغني فيه يقيمون ب استعراضات جميله وهي فكره جديده في محلات السهر اللبنانيه نظيف جدا جدا ويعتبر فخم كون كراسيه مريحه للغايه والحمام فخم ونظيف جدا يفضل الحجز مسبقا بالذات ليله السبت والاحد والافضل دايما حتى تستطيع الحصزل على طاوله جميله لديهم طريقيتن للدفع اما عشاء او فقط حلويات وفاكهه مع الدفع على الشخصوهذا ما يتم اكتشفه عند التسديد لذا ارى لت فائده من عدم طلب العشاء لان في الاخير سيكون الفارق بسيط ف الافضل طلب العشاء فيه عيب واحد موقع النزول حيث الارض تكون مائله والمواقف جدا صعبه,5,Yemen
1821,برنامج السهره رائع تكلفه الحفله 75 دولار للشخص شامل كل شي,4,Yemen
1822,لا تعليق,5,Modern Standard Arabic
1823,مكان جميل,4,Saudi Arabia
1824,مكان مرتب والأجواء كثير حلوى,5,Jordan
1825,قمة الفخامة والقمة الطيبة,5,Saudi Arabia
1826,جميل ولكن بعيد عن البحر,5,Sudan
1827,فلافل ووجبات سريعة,5,Qatar
1828,جميل وجلسات حلوة وموقع قريب من صخرة الروشة,5,Saudi Arabia
1829,مطعم في قلب المنطقة السياحية للعاصمة بيروت,4,Oman
1830,سعره غالي و الكميات كبيره بس الفراخ مزيته شويه,3,Libya
1831,نظيف دجاج طيب,4,Yemen
1832,موقع حلو ...ولكن عجقه ... فوضى,3,Libya
1833,اروع مكان للدجاج,5,Saudi Arabia
1834,مكان المطعم على ساحل البحر في الروشة لكن ينقصه التبريد,3,Saudi Arabia
1835,ماعجبني لأكل و موظفة صندوق نمرودة,2,Tunisia
1836,الروشي من اجمل الاماكن والجلوس في اطلاله تشرف عليها /بتريح النفس/,5,Yemen
1837,غير منظم واخطاء في الطلبات,1,Oman
1838,جيد,4,Saudi Arabia
1839,موقع رائع,4,Saudi Arabia
1840,موقع مميز وطعام رائع,4,Iraq
1841,ممتاز,4,Yemen
1842,إنه درجة أولى ولذيذ جدا,5,Oman
1843,ممتاز طعم الدجاج طازه,4,Yemen
1844,وجبات لذيذة في ماكن رائع,5,Sudan
1845,جيد جدا,5,Saudi Arabia
1846,طعم و مكان رائع,4,Sudan
1847,زدت نجم لاءنو اكلون بيشه,1,Iraq
1848,رائع ولذيذ,5,Algeria
1849,عادي,1,Saudi Arabia
1850,KFC موقع جميل في منطقة الروشة وقريب جدا من ساحل البحر ومقابل للصخرة .,4,Saudi Arabia
1851,"طعم متميز وتنظيم عالي , بكل تأكيد الخدمة ذاتية ولكن الموظفون متعاونون بشدة",5,Modern Standard Arabic
1852,حلو بس الاسعار وصارو يبخلو علي الثوم والجبنه,1,Oman
1853,لذيذ,4,Saudi Arabia
1854,بيروت,5,Lebanon
1855,يعجبني,5,Iraq
1856,افضل مطعم KFC على الاطلاق,5,Saudi Arabia
1857,مكان رائع و طعم اروع .. وقريب من مجموعة مقاهي و مطاعم كورنيش الروشة ..,3,Saudi Arabia
1858,KFC ممتاز,4,Saudi Arabia
1859,سر الطعم,5,Sudan
1860,كول وموت................................. من لذة الطعمه,5,Yemen
1861,اكثر من رائع الله يحمي لبنان,5,Jordan
1862,عدد الموظفين قليل,3,Saudi Arabia
1863,طعم مميز,5,Saudi Arabia
1864,جيد,4,Saudi Arabia
1865,تعامل راقي,4,Yemen
1866,الموظفين ليسو على المستوى المطلوب,3,Oman
1867,لذيذ,3,Saudi Arabia
1868,ممتاز,5,Yemen
1869,جيد,5,Saudi Arabia
1870,نظافه فائقه وخدمه جيده,5,Iraq
1871,موقع ممتاز,4,Saudi Arabia
1872,جميل جدا,5,Saudi Arabia
1873,ما بيأخذوا ك كارت شو هذا,1,Lebanon
1874,تجربة الطعم .. روعة,4,Saudi Arabia
1875,من اروع مطاعم مصر,5,Egypt
1876,اريد دجاجه,5,Iraq
1877,جيد فقط,3,Saudi Arabia
1878,غالي,3,Lebanon
1879,لاستقبال لا بأس الطعام سيئ جداً لا طعم ولا شكل ولا رائحة,2,Oman
1880,مطعم ايطالي رائع جدا جدا في الحمرا بلبنان,5,Sudan
1881,رائع,5,Iraq
1882,رغم انو سعرها مرتفع بس كبيييير مميزة بكلشي,5,Jordan
1883,ممتاز بالنسبه للموقع و المكان و كانت هناك بعض السلبيات بالنسبه لشواحن الموبايلات لعدم توفره و تم طرح هذه النقطه مسبقاً و نشكر ادارة الفندق على اعادة تواصلهم معنا لمناقشة هذه السلبيه بعد عودتنا للديار و وضع حلول لها و اتمنى اعادة الزياره مره اخرى لهذا الفندق و معي شاحني الخاص 😜,4,Yemen
1884,الموظفون كلهم رائعين واحبهم جميعا ، كل شى راءع وحتى الطعام ممتاز وطيب جدا زوجتى وانا مكسنا 5 ايّام وكانت لنا اجمل ايّام في mövenpick 😘 وسوفى نعود ..,5,Oman
1885,استمتعت باجمل الاوقات بل اللحظات بهذا المنتجع الرائع انة منتجع فاخر واشكر جميل العاملين كلهم متميزون وماهرون.,5,Yemen
1886,فندق جميل يحتوي على أماكن جيدة وقاعات تصلح للمحاضرات والاجتماعات,5,Saudi Arabia
1887,منتجع وفندق جميل جدا و ممتع ومتميز جدا وكادر الفندق متميزين مشكورين وهو من اجمل فنادق لبنان,5,Oman
1888,المكان رائع اكثر مما كنا نتمنى الإدارة منظمة امان وتراتيب رائع امسينا فيه اجمل ايام شهر العسل شكرا للجميع مسيو معلوف المدير المهتم بالتفاصيل . SALAH& NADEEN,4,Saudi Arabia
1889,موقع ممتاز فيه شطاف للحمام الخدمة والتعامل ممتاز مريح لكن محتاج تجديد اللوبي صغير,4,Saudi Arabia
1890,تجربةرائعة مع شركة رائعة. التراميديكا... استاذ Samer Husami الغالي,5,Jordan
1891,جيد بس في عليه علامات استفهام كتير بدو ادارة جديدة بيمشي حالو حرام يستمر هيك لأنو كرمالو لورا ......,3,Lebanon
1892,ممتاز جدا وخاصة مطعم برجع الحمام اطلالة رائعة واطيب لقمة وافضل معاملة,5,Saudi Arabia
1893,انا مندوب توزيع البان واجبان واوتيل موفنبيك اوتيل خمس نجوم وراءع جدا,5,Egypt
1894,انه من المنتجعات الفخمة وعلى البحر مباشرة,5,Saudi Arabia
1895,رائع جدا جدا ومميز ومطعم برج الحمام فيه رائع جدا وتعاملهم رائع بصراحه فندق متميز جدا ويطل على البحر مباشرة وهو في قلب بيروت وقريب من كل مكان في بيروت ونظافه اسثنائيه جدا ومواقف سيارات ومدخل رائع وواسع ومتوفر فيه ممرات مخصصه ل ذوى الاحتياجات الخاصه,5,Yemen
1896,روعا والله والموظفين كتير كتير محترمين ومعاملتون روعا,5,Syria
1897,الخدمة جيدة جدا والكادر تعامله رائع,5,Saudi Arabia
1898,بصراحه خدمه ممتازة من اول من تتم لي الحجز من خلال التليفون الانسه مروه وبعد ذلك الاستاذ شربل مدير الاستقبال والانسه ريان في إتمام الحجز وجميع من بالفندق حتي المطعم ومدير المطعم لهم مني كل الاحترام,5,Yemen
1899,اجمل فنادق لبنان - بيروت,5,Jordan
1900,رائع جدا,5,Egypt
1901,موقع ممتاز وتعامل وخدمة لائقة,4,Saudi Arabia
1902,ممتاز لديه موقع جميل بجوار البحر,5,Oman
1903,المكان علي البحر,4,Libya
1904,فندق رائع والخدمة ممتازة واطلالة جميلة جدا علي البحر المتوسط,4,Egypt
1905,مكان مميز ورائع,5,Saudi Arabia
1906,فندق حلو والاستاف متعاون,4,Iraq
1907,الاطلاله جميلة,5,Oman
1908,رائع جدا وراقي,5,Egypt
1909,فندق خمسة نجوم يقدم كافة الخدمات الفندقيه,5,Yemen
1910,حلو,5,Libya
1911,منتجع راقي وخدمة ممتازة,5,Saudi Arabia
1912,فندق جميل جدا جدا يقع على البحر المتوسط,5,Saudi Arabia
1913,منتجع جميل يطل على البحر,5,Saudi Arabia
1914,منتهى الجمال فندق الموفنبيك,5,Egypt
1915,من افضل المنتجعات السياحية في الوطن العربي موقع مميز مطاعم اطلالة الغرف المسابح الملاصقة للبحر,5,Saudi Arabia
1916,موقع خلاب,5,Iraq
1917,جميل جدا,5,Saudi Arabia
1918,روعه,5,Saudi Arabia
1919,شكرا للمجمع,5,Sudan
1920,جيد,4,Saudi Arabia
1921,جيدجدا,3,Algeria
1922,اوتيل مميز مع مطعم وصالة حفلات ومسبح بحري مركزه كانه تحت الارض مدخله من ناحية الروشه الخروج من الناحيه الثانيه ويوجد بداخله قاعات اجتماعات,4,Yemen
1923,رحلة ممتازة,5,Saudi Arabia
1924,مكان روعة اجواء ولا اروع الي يجي لبيروت بدون ميقضي وقت بهذا المكان عمره خسارة,5,Iraq
1925,اجمل مكان بكل فنادق لبنان,5,Jordan
1926,المكان جميل,5,Saudi Arabia
1927,شيئ غايه بروعه,5,Saudi Arabia
1928,بد نیست,3,Lebanon
1929,ممتاز,5,Yemen
1930,كلش حلووو,5,Iraq
1931,رائع,5,Iraq
1932,انا شغيل ماني ساايح 😂😂,5,Yemen
1933,ممتاذ جدا,5,Saudi Arabia
1934,احلى مكان,5,Jordan
1935,رائع جدا,5,Egypt
1936,رائع جدٱ… !!,4,Lebanon
1937,ما عد في ارقى من هيك اللسان يعجز عن الوصف,5,Lebanon
1938,رائع,5,Iraq
1939,رائع,5,Iraq
1940,فندق ممتاز. موقع جميل جدا. الخدمة جيدة.,5,Saudi Arabia
1941,منتجع راقي في بيروت,5,Oman
1942,ممتاز,5,Yemen
1943,رائع,5,Iraq
1944,رائع جدا والخدمة ممتازه تشعر حالك في البيت والمسابح حلوه كتير,5,Sudan
1945,موقع ممتاز على الروشة واطلالة بانورامية على شاطئ البحر المتوسط والوحيد المتوفر به شاطئ لسباحة,5,Saudi Arabia
1946,فندق رائع وخدماته و القائمين عليها على أعلى مستوى.,4,Saudi Arabia
1947,اكل ولا أطيب,5,Egypt
1948,رائع,5,Iraq
1949,ممتاز,5,Yemen
1950,موقع رائع,5,Saudi Arabia
1951,منتجع ممتاز,5,Saudi Arabia
1952,رائع,4,Iraq
1953,فندق في غاية الروعة والجمال,5,Modern Standard Arabic
1954,ن افضل المنتجعات,5,Sudan
1955,نظيفة الغرف بس غالى والشاطئ يحتاج اهتمام ونظافه,4,Yemen
1956,أجمل مكان في العالم,5,Modern Standard Arabic
1957,منتجع في غاية الروعه,5,Yemen
1958,احلى منتجع,5,Jordan
1959,شكرا,5,Libya
1960,الو,2,Lebanon
1961,مطعم ذو طابع عصري وجبات سريعة...مذاق طيب ....نظافة أكيدة انصح بإختياره,4,Saudi Arabia
1962,جيد جدا,5,Saudi Arabia
1963,اكل مقبول ..شاورما مقبولة لجيد..فيو طاولات,3,Lebanon
1964,الطيب أكل القلعة 👌👌👌 ياويلي,5,Egypt
1965,الطاووق الكرسبي الاسكالوب الفاهيتا,3,Morocco
1966,ادارة ..نظافة...لذة,4,Iraq
1967,أطيب أكل القلعة 👌👌👌👏👍🍡🍗🍖🍟🍝🍢🍔🌍بيروت الحمراء ولآ أطيب,5,Lebanon
1968,اكل لذيذ ونظيف واسعار معقولة,4,Saudi Arabia
1969,انصحكم بتجربة الكفتة ..صحن ممتع جدا وخدمة مميزة,4,Saudi Arabia
1970,روعة ولا اط يب,5,Saudi Arabia
1971,جيد,5,Saudi Arabia
1972,ممتاز,5,Yemen
1973,من زمان كنت عم اشتغل بقلعة تشكن الله يرحم هديك الايام,1,Syria
1974,ممتاز ونظيف وطعامه لذيذ جدا,5,Saudi Arabia
1975,مكان جميل وأكل رائع,4,Egypt
1976,بلال الخلق البرهيم,5,Tunisia
1977,رائع,5,Iraq
1978,الطعم لذيذ و رائع و جميع الاكلات طازجة,5,Saudi Arabia
1979,احلى مطعم اكله نظيف ومميز,5,Saudi Arabia
1980,عادي,3,Saudi Arabia
1981,هناك اجمل اكل عنده بالاخص البرستت,5,Saudi Arabia
1982,القلعة تشكن,2,Tunisia
1983,اوريو ايسكريم🔥,5,Iraq
1984,طعم جميل جداا وخاصة الاجنحة السبايسي,4,Sudan
1985,رائع,5,Iraq
1986,جيد,4,Saudi Arabia
1987,مطعم مميز,5,Yemen
1988,لذيذ,5,Saudi Arabia
1989,اللهم صلِ وسلم على نبينا محمد .. سبحان الله وبحمده سبحان الله العظيم,3,Oman
1990,مطعم جميل لكن غالي,3,Saudi Arabia
1991,الله اكبر,4,Tunisia
1992,بدها كتير شغل عليها ضروري لان موقعها كتير حلو وكبيرة لازم يحسنو فيها اكتر,1,Jordan
1993,جميل جدا,5,Saudi Arabia
1994,انهو جميل جدا واراقي,5,Sudan
1995,اعشق هذا المكان أشعر بالهدوء والراحة والنفسية,5,Modern Standard Arabic
1996,روعه,5,Saudi Arabia
1997,مكان يتيح للمتعب الراحة التي ينشدها على شاطئ البحر وفي جو من دفء الذكريات والحنين لبيروت الأصلية,5,Modern Standard Arabic
1998,جلسة جميلة طعام متواضع وخيارات قليلة الجلسة ممتعة,3,Iraq
1999,قهوة البيارتة الاصليين,3,Tunisia
2000,شعبي نوعا ما,2,Iraq
2001,ابورعد,5,Yemen
2002,جيده,4,Oman
2003,قهوة ومطعم شعبي,1,Qatar
2004,مكان جيد جدا من ناحية الخدمه المقدمه والمكان لان فيه صاله للمدخنين والثانيه لغير المدخنين ومن ناحية الاكل والمشروبات جيد .,4,Iraq
2005,مناسب لاستراحة بعد التسوق، لتناول وجبات خفيفة أو مشروبات باردة أو ساخنة في جو بديع و خدمة جيدة وأسعار مقبولة. كذلك مناسب للأزواج في حال عدم رغبتهم بالتسوق مع زوجاتهم بأن يتناولون الأركيلة العجمي، أو المعسل ذو الجودة العالية.,3,Modern Standard Arabic
2006,مقهى يتميز بديكور تراثي قديم يقدم المشروبات الساخنة والباردة وبعض انواع الكيك ويقدم ايضا الاراكيل وينقسم الى قسمين داخلي وخارجي على شكل حديقة ويقع المقهى في شارع الحمراء ببيروت ومن ناحية الاسعار فهي مرتفعه حاله حال كل شيئ في لبنان,3,Oman
2007,كافيه جدا الجلسة فيه لا تمل,5,Saudi Arabia
2008,قعدة حلوة خصوصا جوا وخدمة ممتازة .. والاسعار مقبولة او عادية,5,Saudi Arabia
2009,مكان رائع,5,Iraq
2010,من افضل الكافيات في بيروت,4,Saudi Arabia
2011,لا يوجد مكان لغير المدخنين، الانترنت يعطى فقط للشخص الذي يطلب شيء. المكان في الداخل ديكوره جميل.,3,Oman
2012,مكان جيد وقعدة حلوة,3,Saudi Arabia
2013,كافية رائع وخدمة ممتازة وسريعة والنركيلة رائعة قضيت اوقات جميلة مناسب للعوائل ..,5,Saudi Arabia
2014,ما حلو وتقليدي واسعار غاليه عالفاضي وبحس حالو الواحد بالبيت,1,Lebanon
2015,جميل,4,Egypt
2016,كافيه ممتاز وموقع جيد وخدمة جيدة,5,Saudi Arabia
2017,مكان راءع جدا,5,Saudi Arabia
2018,البيتزا طيبة والشيشه كويسة,5,Oman
2019,مركز تسوق راقي بكل المقاييس,5,Libya
2020,ممتع,5,Egypt
2021,جيد,2,Saudi Arabia
2022,لجلسات مريحه و الخدمه جيده الاسعار مرتفعه,4,Yemen
2023,المكان جميل ...ولكن الموظفين مزاجيين بعضهم ممتازين الخدمه سريعه...والنت مش بلاش...إلشيشه ممتازه,4,Egypt
2024,الكعدة بالكافيه جميلة,4,Iraq
2025,حديقة في وسط الحمراء,5,Oman
2026,مكان جيد للأرجيلة في شارع الحمرا,5,Saudi Arabia
2027,رومانسي وراق و يحتاج إلى تجديد الديكورات,4,Algeria
2028,جيد,4,Saudi Arabia
2029,ولو نطلب النت ينزل عالفاتورة بعكس كل الكافيات ..,1,Syria
2030,جميل,4,Egypt
2031,احببته,5,Saudi Arabia
2032,خدمة ضعيفة,1,Saudi Arabia
2033,مطعم رائع و هادئ و نظيف ، يقدم الطعام على الطريقة التركية ، والشاي ايضاً على الطريقة التركية ، والأركيلة فيه كتير طيبة 😍😍😍,4,Palestine
2034,رائع جداا,5,Egypt
2035,مطعم جيد واسعاره معقوله,5,Yemen
2036,محل جيد,5,Saudi Arabia
2037,متنوع جدا . طيب,4,Saudi Arabia
2038,لازال مادو محافظ ع ستايله بكل الدول اللي رحت له فيها,5,Saudi Arabia
2039,احلى مافيه انك تعيش اجواء اسطنبولية بنكهة لبنانية .. موفقين دائما ان شاء الله,5,Saudi Arabia
2040,مكان رائع جدا,5,Saudi Arabia
2041,قهوته التركية والكنافة مميزة .. ويقدم الطلبات بطريقة إبداعية,4,Saudi Arabia
2042,ممتاز والاكل رائع بطابع تركي بامتياز,5,Iraq
2043,مادو بتركيا ازبط من بيروت,3,Lebanon
2044,جلسة رائعه مع وصلة طربية,4,Egypt
2045,جيد,4,Saudi Arabia
2046,"ATTENTION MADO YOU ARE:CHEATERS They do not have good manners to the Tourist customers specially in their Branch at Princess Island in Turkey. تحذير هام انتبهوا من محلات مادو لانهم غشاشين وحرامية.لانه في يوم 17 ابريل 2017 كنا في فرعهم في جزيرة الامراء(جزيرة الاميرات) وسألناهم عن سعر كرة البوظة الواحدة فأجابونا بأنها ب 3 ليرات تركية فأخذنا 9 كرات ولازم يكون المجموع 27 ليرة ولكنهم طالبونا ب50 ليرة وقالوا بأنهم وضعوا لنا البوظة في كباية بسكوت فاخرة غالية الثمن مع اننا لم نطلب ذلك ولم ياخذ اي احد رأينا وكنت وقتها مع زوجتي وأولادي الصغار فطلبت ان اتكلم مع المدير فجاء واخبرته بالموضوع فقال لي ادفع 40 ليرة وعندما رفضت لان السعر هو 27 ليرة حسب الاتفاق هجم علي ومسكه احد الموظفين فاضررت لترك زوجتي واولادي في المحل والذهاب لاحضار الشرطة التي حلت الموضوع وقالت لي ان ادفع الثمن المتفق عليه وليس الثمن الذي طلبه مني المدير والموظفون فانتبهوا من هذاه المحلات الغشاشين Attention: In Mado Stores, they are cheaters, and they use Violence against tourist customers, like what happened with us in their store in Princess island in Turkey on Monday 17 April 2017. when the Director attacked me when i refused to pay the amount they asked because the real price was 27 TL but they wanted 50 TL then i called the Police to solve this problem",1,Oman
2047,بالمقارنة مع مادو تركيا كل شي بهالمطعم زبالة,1,Syria
2048,الشاي التركي مش طيب وبايت,2,Yemen
2049,ممتاز,5,Yemen
2050,عادي,1,Saudi Arabia
2051,جيد جدا,5,Saudi Arabia
2052,جميل.,4,Egypt
2053,جيد جدا,4,Saudi Arabia
2054,رائع,4,Iraq
2055,ﻻ باس بها,3,Oman
2056,الطعام لذيذ لكن الخدمه في توصيل الطلبات بطيئه,1,Yemen
2057,أكل رائع توصيل سريع,5,Jordan
2058,فعلا اطيب فروج,5,Jordan
2059,العروضات,3,Morocco
2060,لذيذ ويا ريتو يعزمني لعندو,5,Lebanon
2061,ممتاز الأكل كتير طيب اختصاصي,4,Syria
2062,مطعم يقدم أطباق رئيسية مميزة وطازجة,3,Modern Standard Arabic
2063,المكان ممتاز واطلالة رائعة,5,Saudi Arabia
2064,ممتاز,5,Yemen
2065,لابأس,1,Yemen
2066,إن كنت تريد سمك رائع عليك بهذا المطعم خدمه و نظافه رائع,5,Yemen
2067,من اطيب مطاعم السمك في بيروت والموقع جيد لهو إطلالة رائعة,5,Jordan
2068,سمك طيب . ومنظر على البحر وعلى مدرج المطار . ولكن اسعار غاليه,3,Yemen
2069,) جيد ولكن الاسعار عالية جدا ...كيلو اجاج ٦٦٠٠٠ كرمال ٣ سمكات!!!!,1,Libya
2070,اكل ياخذ العقل,4,Saudi Arabia
2071,كتير غالي,5,Lebanon
2072,الاكل جيد لكنه الاسعار غالية ..مثلا كيلو اجاج مشوي 66 الف ليرة صحن حمص او متبل اوهندباء الصحن 6000 ل ل الاسعار خيالية,4,Saudi Arabia
2073,جید من حیث الخدمات والطعام,4,Iraq
2074,مطعم جميل وطراز فلكلوري الديكور والطعام المقدم متميز ولذيذ والخدمات جيده جدا,4,Iraq
2075,ممتاز,5,Yemen
2076,مكان رائع المنظر والطعام جيد الاسعار مرتفعة عن غير مطاعم يلي بنفس المستوى,3,Palestine
2077,القعدي حلوي بس الأرغيلي مش طيبي,5,Lebanon
2078,من أفضل مطاعم السمك على الإطلاق,5,Modern Standard Arabic
2079,اجمل منتضر واطيب اكل,4,Iraq
2080,خدمة جيدة وطعام لذيذ,5,Oman
2081,جيد,5,Saudi Arabia
2082,المكان حلووو كتير ليلا ونهارا,4,Lebanon
2083,عادي واقل من عادي,1,Saudi Arabia
2084,أنظف مطعم وأطيب لقمة يعني بتاكل وانتا مغمض عيونك👌,5,Jordan
2085,ممتاز,5,Yemen
2086,وجبات سريعه,5,Yemen
2087,لسنوك لخاانو نللامة تلوناتن تببخت,4,Tunisia
2088,مطعم لتناول الوجبات على انواعها,4,Iraq
2089,حلووو,2,Libya
2090,اطيب اكل هوي همبركيل,5,Lebanon
2091,نظافة وطعمة ولا اطيب والسعر لابأس,4,Yemen
2092,احلى salsa,5,Jordan
2093,الطعام ليش جيد جداً,5,Saudi Arabia
2094,الو,5,Lebanon
2095,يميييي,5,Lebanon
2096,احلا عالم بل العالم,5,Syria
2097,لذيذ وشهي,5,Morocco
2098,صالة ضيقة مليئة بالزبائن والتدخين,2,Iraq
2099,روعه ومميز,5,Iraq
2100,لزيز جدا انصح به,5,Saudi Arabia
2101,ممممم اطيب اكل,5,Jordan
2102,لذيذ,5,Saudi Arabia
2103,كتير طيبين,2,Syria
2104,جيد,5,Saudi Arabia
2105,رائع ولذيذ,5,Algeria
2106,لذيذ ويا ريتو يعزمني لعندو,5,Lebanon
2107,سناك - طعام جيد ولذيذ,4,Oman
2108,البرغر جدا رائع ولذيذ,5,Saudi Arabia
2109,هذه المطاعم هي تقدم وجبات عائلية ممتازة ونظيفة ومغذية وذو جودة عالية من كافة النواحي,5,Oman
2110,هادئ... نظيف... مناسب للعائلات,4,Saudi Arabia
2111,روعه,5,Saudi Arabia
2112,رائعه,3,Yemen
2113,دجاج مقلي لذيذ مميز بنكهه فريده من نوعها احب الاك كن هذا المطعم,4,Yemen
2114,😍😍😍😍 انصحكم ان تاتو اليه,5,Iraq
2115,مكان جميل واكل طيب وخدمه ممتازه,4,Yemen
2116,الكل بهاد الفرع اطيب شي,4,Syria
2117,كثير حلو ونظايف واخدمه ممتازه,5,Jordan
2118,سيء جدا جدا جدا جدا جدا ................................................................................................................... ََ............................ َََ,1,Saudi Arabia
2119,جيد,5,Saudi Arabia
2120,ﻻباس به ولكن ﻻاحب اﻻمكان المزدحمة واﻻطفال,4,Oman
2121,احب ذلك الماكينه,2,Oman
2122,مطعم راقي و اكل طعمه اكثر من رائع انصح به لتجربته الاروع و الافضل في عالم البيتزا👍👍👍👍 الى الامام,5,Saudi Arabia
2123,‏ صواني فلفول لازم تزوروه بس تنزلو ع لبنان‏ 🇱🇧🇱🇧🇱🇧 ❤️ ⁦‪Sawani Falfoul Is a perfect choice of breakfast in Beirut‬,5,Syria
2124,"رفع َورجع محل الترويقة اللبنانية مع تقاليده الحلوة لمستوى العصر بشكل كتير شيك Updated the traditional Lebanese breakfast place to gourmet standard. Clean, traditional, reasonably priced, welcoming, smiling staff. A place I can impress a friend with.",5,Syria
2125,للاسعار تتضمن ثمن الاسم,4,Iraq
2126,رائع,5,Iraq
2127,حلويات مميزة 👌🏻 ... لكن الأسعار عاليه,4,Libya
2128,اكثر من راءع,5,Lebanon
2129,جيد نوعا ما,3,Modern Standard Arabic
2130,محترم,4,Egypt
2131,جميل,3,Egypt
2132,جيد,3,Saudi Arabia
2133,تمام,5,Libya
2134,اعشق كريب بلشكولا البلجيكيه,5,Iraq
2135,أكل طيب,5,Syria
2136,غير سخي ....يأخذ ثمن السندويش وزياده مكونات السندويش شبه خاليه من اللحم,2,Oman
2137,أكل طيب,5,Syria
2138,اسعار غير مدروسه,2,Oman
2139,تمييز بين الزبائن,1,Saudi Arabia
2140,كتير حلو ومرتب,4,Syria
2141,مطعم راقي والاكل طيب والعآملين روعه بالاستقبال نظيف له لمسه لبناني رائعه انصح الذهاب اليه للعائله والافراد....كابتن سعد,4,Yemen
2142,احب ذللك المحل,5,Iraq
2143,انهو جميل وحلو,5,Saudi Arabia
2144,اطعمة لذيدة,5,Saudi Arabia
2145,ما بعرف ذبح وين,3,Syria
2146,مكان نظيف ومحترم,4,Saudi Arabia
2147,لذيذ,5,Saudi Arabia
2148,خدمة متميزة وهدوء رائع جدا,5,Egypt
2149,قعدة حلوة و اكل ممتاز,5,Saudi Arabia
2150,عادي لا شيئ مميز وبالاخص لافطار رمضان .....,3,Yemen
2151,عن جد اهل الكرم,3,Jordan
2152,روعة. ..إدارة وخدمة ممتازة,4,Algeria
2153,اكله مش طيب,1,Egypt
2154,خدمة سيئ جدا من يريد أن يدخل المستشفى فل يأكل من هذا المطعم,1,Modern Standard Arabic
2155,من يريد ان يتسمم ليذهب إلى هوتشكن,1,Modern Standard Arabic
2156,احلى عالم معلم ابوعلي,5,Lebanon
2157,مطعم فخم,5,Qatar
2158,ممتاز,5,Yemen
2159,رائع,5,Iraq
2160,مطعم راقي وخدمه ممتازه واسعاره مناسبه,4,Yemen
2161,اطيب لقمه,5,Yemen
2162,احلى معلم,5,Jordan
2163,مكان اكثر من رائع,5,Saudi Arabia
2164,من افضل مقاهي ومطاعم بيروت . الاكل لذيذ جدا والشيشه ممتازه جدا,5,Yemen
2165,مكان جميل جدا وهادى,5,Egypt
2166,مطعم جيد ولديه نظافه جيدا وطعامه جيد وهنالك مكان للعب الاطفال ولديه طاولات خارجيه واعتناء بالزبون,4,Oman
2167,ممتازززززز ويحتوي ع مكان للعب الاطفال وتراس جميل واركيلة طيبة وماكولات شهية وخدمة سريعة وانيقة,5,Iraq
2168,أجواء مريحه وهادئه وطاولات داخليه وخارجيه مريحه جدا ولاكن الخدمه سيئه,3,Oman
2169,اشعر بالارتياح والهدوء عند ارتياده,3,Modern Standard Arabic
2170,خدمة جيدة ولقمة طيبة وسعر مناسب. …,3,Oman
2171,احلا واجمل واحلا خدمه عند افران كيروز,5,Libya
2172,كيروز بيكري المكان المناسب لجميع المؤكولات وانواع الخبز الشهي واصناف كثيره من الحلويات والجاتو انه رائع حقا,5,Saudi Arabia
2173,هل يوجد عمل لدا شاب عمره ١٧ يعطيكن العافيه,5,Morocco
2174,احله مكان,5,Iraq
2175,ممتاز,5,Yemen
2176,انهو.رائع....وانا اعمل لدا كببجي,5,Yemen
2177,مكان جيد,4,Saudi Arabia
2178,زيارة,5,Iraq
2179,لذيذ,4,Saudi Arabia
2180,اطعمة شهية ويتمتع بشروط النظافة والصحة,5,Iraq
2181,جيد اسعار مرتفعة جدآ,4,Egypt
2182,مكان صغير وجميل لتناول وجبة سريعة,3,Saudi Arabia
2183,اهم الشي النظافة,5,Morocco
2184,منطقه شعبيه حتي سكني فيها,5,Libya
2185,ممممممممممممتاز,5,Morocco
2186,اشها مطعم,5,Syria
2187,النظافه والجودة,5,Iraq
2188,كانت جميله اكل لذيذ خدمه رائعه,5,Oman
2189,كتير اكلو طيب ومنيح,5,Lebanon
2190,جيد,4,Saudi Arabia
2191,روعه,5,Saudi Arabia
2192,مكان جميل لتناول وجبة سريعة,3,Saudi Arabia
2193,جيد جد,4,Jordan
2194,حلو ،غير رسمي ، اكله جيد ، سعره عالية شوي ، عبارة عن بيت شعبي فيه مطعم,3,Saudi Arabia
2195,كل شي في لبنان جميل 😍🇸🇦,5,Saudi Arabia
2196,مأكولات طيبه جدا خدمه ممتازه و نظافه ممتازه أسعار مقبوله نوعاًما,5,Egypt
2197,الاكل طيب والديكور لطيف,4,Yemen
2198,مااروعمك يا عنب,5,Yemen
2199,مطعم يقدم الوجبات الشرقية الجيدة,4,Saudi Arabia
2200,هادئ وفيه الكثير من الخيارات,5,Saudi Arabia
2201,مريح,3,Iraq
2202,مش غالي,4,Yemen
2203,روعه روعه واصناف متنوعه واسعار كتير حلوه,5,Egypt
2204,مكان مميز و رائع جداً,5,Saudi Arabia
2205,انه مكان مميز بشكل,5,Saudi Arabia
2206,مطعم جدا راقي واكلاته طيبه والبوضا ب جنن عدهم والعمال اسلوبهم جيد,5,Iraq
2207,شغلة كبيرة بس غالي ومافي نسوان حلوة,1,Syria
2208,جيد,3,Saudi Arabia
2209,اجمل مطعم,5,Jordan
2210,نجمة واحدة بزايدة لا الاكل منيح ولا نظافة منيحة,1,Morocco
2211,اطيب اكل واسعار ممتازة,5,Saudi Arabia
2212,ممتاز,5,Yemen
2213,اطيب مشاوي,4,Tunisia
2214,جيد.,1,Saudi Arabia
2215,لذيذ ومميز,5,Saudi Arabia
2216,يلزمه النظافة اكثر ومراقبة الطعام جيدآ,1,Oman
2217,جيد,5,Saudi Arabia
2218,ممتاز,5,Yemen
2219,الاستقبال لا بأس الطعام سيئ جداً لا طعم ولا شكل ولا رائحة,2,Oman
2220,مطعم ايطالي رائع جدا جدا في الحمرا بلبنان,5,Sudan
2221,رائع,5,Iraq
2222,سيئ جداً,1,Oman
2223,لذيذ جدا كنت في الطريق شعرة بالجوع فراية مطعم فذهبت اليه,4,Sudan
2224,جيد جيد جيد,5,Saudi Arabia
2225,مطعم حلو كتير,5,Syria
2226,يغلق مبكراا,3,Algeria
2227,مكان عائلي جميل وعندهم مطرب يحي الحفله بشكل رائع الاكل لذيذ,4,Yemen
2228,مكان جيد لتناول الطعام وتمضية سهرة رائعه,5,Oman
2229,اعدة روائ وكلشي ظريف جدا😍😍😍,4,Iraq
2230,الأستقبال والمشروبات والارجيلة كلها جيدة جدآ,4,Egypt
2231,مطعم جميل😊,5,Sudan
2232,جميل جدا,5,Saudi Arabia
2233,رااائع,5,Egypt
2234,سهرة حلوة,2,Saudi Arabia
2235,عادي,3,Saudi Arabia
2236,جيد,3,Saudi Arabia
2237,أي,3,Iraq
2238,ممتاز,5,Yemen
2239,يجنن يستهل ألفين نجمة,5,Libya
2240,جيد,4,Saudi Arabia
2241,مكان مميز,5,Saudi Arabia
2242,رائع جدا,5,Egypt
2243,صحن اليومي البامية كثير طيب!,5,Jordan
2244,أرقى كوفي بكل بيروت وتعامل جميل وراقي من الست ليلى صاحبة المقهى,5,Jordan
2245,ارقى مطعم في بيروت,4,Palestine
2246,من أروع المطاعم الشعبية اللي بينصح فيها .. الأكل كتتير طيب وفي تشكيلة فظيعة .. أطيب فطور وترويقة من الفتة للفول والبيض بالقاورما والنخاعات والسودة,5,Jordan
2247,اطيب ترويقه عند السوسي وانصحكم بزياره المطعم لانو روعه في الطعم ورزق الله لما كان خلف البلديه,5,Saudi Arabia
2248,رائع جدا ويستحق التجربة,5,Saudi Arabia
2249,مطعم جميل ورائع جداً اطيب ترويقة,5,Iraq
2250,افضل افطار اكلته في لبنان واسعاره معقوله جدا واحسن والذ من كل المطاعم الفخمه والراقيه التي جربتها في لبنان,5,Oman
2251,بصراحة واحد من افضل مطاعم الفول و الحمص بلبنان و اقدمهم. صاحب المطعم نفسه هو اللي يطبخ الاكل كله. عندو تشكيلة من الفتات و البيض مع الأورما لا تفوت. كمان السودة و النخاع رائعين. اسعارو كتير مقبولة مقارنة بالجودة و الطعم و السرفيس. مشكلة ممكن تواجهك اذا جاي بسيارتك لانو صعب تلاقي موقف حد المحل.,4,Jordan
2252,ابشع وابخل مطعم ممكن تشوفو بحياتكم انا نزلت عليه مع عيلتي ولعنت الساعة وما بنصح اي شخص بتجربته,1,Jordan
2253,ولا اطيب,5,Tunisia
2254,ممتاز,5,Yemen
2255,اللقمة الطيبة والاصالة البنانية أبا عن جد,5,Saudi Arabia
2256,مطعم فول الاول في بيروت,5,Sudan
2257,شي طيب كتير,5,Lebanon
2258,لا باس,1,Oman
2259,اطيب فول بلبنان,5,Jordan
2260,مطعم رائع ماكولاته طيبة المذاق,5,Saudi Arabia
2261,مطعم لبناني من الدرجة الأولى,5,Modern Standard Arabic
2262,مطعم شعبي قديم بسيط واكلات شعبية طعمية وفول,3,Iraq
2263,أكل لبناني للترويقة ممتاز,5,Palestine
2264,كل شي عظيم جدا.,5,Saudi Arabia
2265,رائع,5,Iraq
2266,شكرا على لقمتك,5,Saudi Arabia
2267,ابأس مش عاطل,3,Egypt
2268,اطيب اكله عند شكور,5,Iraq
2269,حلو,5,Libya
2270,بيتاكل بعضامووو,5,Lebanon
2271,جيدة,5,Saudi Arabia
2272,اجمل المطاعم واطيبها وارقى السهرات بصوط محمد الجعفيل يا سلام,5,Jordan
2273,الطعام اللبناني مبالغ بسعره ولكن أجواء الغناء والكاراوكي جيدة أنصح لمحبي الصخب,3,Oman
2274,خدما جيدا جدا وجلسا راقيا,5,Modern Standard Arabic
2275,جربت الشيشة فقط ممتازة,5,Saudi Arabia
2276,جلسات جميلة,3,Egypt
2277,رائع,5,Iraq
2278,احسن ترويقه احسن جلسة,5,Qatar
2279,طعم لذيذ,5,Saudi Arabia
2280,المطعم فاخر أسعار عالية اركيلة سعرها غالي الكل لذيذ جدا لديه حلويات اسمها غزل بيروت راااائعة الاروع من بين مطاعم بيروت,4,Sudan
2281,ماشي الحال. بس اسعار مرة غالية,1,Saudi Arabia
2282,مريح وجيد,4,Iraq
2283,عظيم,5,Lebanon
2284,قهوة مرتبة,5,Sudan
2285,يعني,3,Saudi Arabia
2286,عجيب,5,Qatar
2287,انخ مكان رائع بكل المقاييس خدمة سريعة ورائعة بل ممتازة انصح بالذهاب اليه,5,Iraq
2288,فيه حديقة حلوه بس ما فيه تراس الاكل جيد,4,Saudi Arabia
2289,لطالما أعجبتنا مأكولاته المميزه ذو النكهه اللبنانيه الأصيله,5,Yemen
2290,جيد جدا,4,Saudi Arabia
2291,اكل لبناني رائع,5,Jordan
2292,من احلي الاماكن,5,Jordan
2293,رائع,5,Iraq
2294,فروج حرب تشكن اطيب فروج ني ومشوي,5,Iraq
2295,مطعم رائع جدا,5,Saudi Arabia
2296,ماهراشولاح,5,Tunisia
2297,جيده واطلاله جميله وهواء رائع,1,Oman
2298,كتير راقي,5,Syria
2299,إن كنت تريد سمك رائع عليك بهذا المطعم خدمه و نظافه رائع,5,Yemen
2300,من اطيب مطاعم السمك في بيروت والموقع جيد لهو إطلالة رائعة,5,Jordan
2301,سمك طيب . ومنظر على البحر وعلى مدرج المطار . ولكن اسعار غاليه,3,Yemen
2302,جيد ولكن الاسعار عالية جدا ...كيلو اجاج ٦٦٠٠٠ كرمال ٣ سمكات!!!!,1,Libya
2303,اكل ياخذ العقل,4,Saudi Arabia
2304,كتير غالي,5,Lebanon
2305,الاكل جيد لكنه الاسعار غالية ..مثلا كيلو اجاج مشوي 66 الف ليرة صحن حمص او متبل اوهندباء الصحن 6000 ل ل الاسعار خيالية,4,Saudi Arabia
2306,جید من حیث الخدمات والطعام.,4,Iraq
2307,مطعم جميل وطراز فلكلوري الديكور والطعام المقدم متميز ولذيذ والخدمات جيده جدا,4,Iraq
2308,ممتاز,5,Yemen
2309,مكان رائع المنظر والطعام جيد الاسعار مرتفعة عن غير مطاعم يلي بنفس المستوى,3,Palestine
2310,القعدي حلوي بس الأرغيلي مش طيبي,5,Lebanon
2311,من أفضل مطاعم السمك على الإطلاق,5,Modern Standard Arabic
2312,اجمل منتضر واطيب اكل,4,Iraq
2313,خدمة جيدة وطعام لذيذ,5,Oman
2314,جيد,5,Saudi Arabia
2315,لا بأس جيد,3,Oman
2316,عادي وأكثر,1,Saudi Arabia
2317,بدك تحضر ماتش فوتبول مع قعدة مرتبة ، مطم تايغر هو الحل 😍,5,Syria
2318,طعام رائع، متنوع و لذيذ. جلسة جميلة. تكون أجمل لو كان طاقم العمل ألطف تعاملاً,4,Saudi Arabia
2319,الاكل كميته كبيره و لذيييييييذ جداً جداً .. المكان حلو و الاجواء جميله,5,Jordan
2320,أقل من التوقعات ولا يستاهل طول الانتظار للموعد.,4,Saudi Arabia
2321,الأكل ممتاااز جداً وتنوع الأكل أكثر من رائع ، السعر مرتفع بعض الشيء ، بعض الأحيان لا يتم الإلتزام بقائمه الطعام في لائحه الطعام. الطاقم لطيف و ودود جداً.,5,Yemen
2322,اكل وكل شي رائع,5,Saudi Arabia
2323,مطعم وكافيه مميز,4,Saudi Arabia
2324,اكلون.مش طيب 😑,1,Lebanon
2325,تمام,5,Libya
2326,مكان رائع وممتاز مع إدارة سوبر اكسترا,5,Jordan
2327,مكان هادىء راقي يقدم ماكولات شهيه,4,Yemen
2328,الأكل كتير طيب والخدمة ممتازه والأسعار كتير منيحه بتمنالكم التوفيق,5,Lebanon
2329,ما تحاولو ابدا تطلبو لحمة نية .ما بتسوا.,1,Lebanon
2330,جيد جدا كتير اكلات طيبه ونضافه عالاخر بالتوفيق ان شاءالله,4,Egypt
2331,أطيب الوجباب الغربية والشرقية,5,Morocco
2332,مطعم متخصص بالمأكولات السورية,4,Syria
2333,رائع جدا,5,Egypt
2334,الاكل راااااااائع جدا لكن الجلسات عاديه و الخدمه ممتازه و الاسعار جدا مناسبه,5,Egypt
2335,مطعم راقي وخدمه ممتازه واسعاره مناسبه واكله طيب,5,Yemen
2336,جيد,5,Saudi Arabia
2337,ممتاز,5,Yemen
2338,جيد,3,Saudi Arabia
2339,يوجد لديه أطعمة سورية لذيذة جدا,5,Modern Standard Arabic
2340,كل شيء رائع,5,Saudi Arabia
2341,الستيك جدا لذيذ والتشيز كيك ولكن اللي يخدموا صعب تلاقيهم قريب منك,4,Oman
2342,مطعم جامد,5,Egypt
2343,ررروعة حبيت,5,Jordan
2344,مطعم هادئ وراقي,4,Modern Standard Arabic
2345,بضائع متنوعة تناسب الاذواق المختلفة,4,Iraq
2346,الاستقبال كان ممتاز ، المطعم مغربي لعشاق الأكل المغربي راح يعجبة المطعم كثير,4,Jordan
2347,المأكولات لا باس بها لكن هناك بعض الضجيج,3,Oman
2348,اطيب ما تذوقت,5,Oman
2349,مكان عظيم جدا ، المأكولات لذيذة ، الخدمة ممتازة ، صاحب المطعم محترم جدا و خدوم ، المشروبات لديهم رائعة ، الموسيقى مبهرة .,5,Saudi Arabia
2350,مكان رائع للسهرات، يقدم وجبات شهية، كما يقدم مشروبات مميزة، وحفلات موسيقى مسائية مميزة، تستطيعون أن ترقصوا فيه وتغنوا، وفيه طاولات خارجية للمدخنين، جيد للمجموعات وسهرات الأصدقاء، كما أنه مكان رومنسي، يسمح فيه بالتدخين داخلاً بعد الساعة ١١ ليلاً,4,Oman
2351,ممتع,5,Egypt
2352,مطعم شرقي غربي هادئ,3,Saudi Arabia
2353,بحب هالمكان وبحب الاشخاص اصحابي لبيشتغلو هونيك,5,Lebanon
2354,رائع مميز,5,Iraq
2355,أطيب اسكالوب واطيب كفتة,5,Syria
2356,اطيب سندويش كفته و هامبرغر,5,Yemen
2357,مطعم عجيب ولتستغرب صغر مساحته البانيه😍,5,Iraq
2358,من لطيب و الذ ما تذوقت,5,Tunisia
2359,عادي,3,Saudi Arabia
2360,أنا ابنو لصاحب المطعم,5,Libya
2361,اكل طيب,1,Yemen
2362,مكان يحتوي على معضم الاطعمة اللذيذه وطازجة وذبح هنا شرعي بنسبه للـ(دجاج أو البقر),5,Iraq
2363,مطعم جيد,5,Saudi Arabia
2364,لا يعجبني ابدا لانه بشع,1,Saudi Arabia
2365,مطعم شعبي زرخيص ووجبة كبيرة,1,Qatar
2366,مشاوي ممتازه جدا والسلطات ايضا,4,Saudi Arabia
2367,مطعم راقي ونظيف واسعار مقبوله,4,Yemen
2368,أطباقه غنية وشهية ..,4,Modern Standard Arabic
2369,مطعم رائع,5,Iraq
2370,راعع ومفيد جدآ…,5,Egypt
2371,مطعم دجاج وجبات سريعة,2,Saudi Arabia
2372,امم,1,Egypt
2373,"مكان رائع جميل ومطل والإهتمام جيد جدا"" 👍👍👍",5,Saudi Arabia
2374,رائع ويقدم اطعمة شهية ومشروبات لذيذة,5,Saudi Arabia
2375,مكان رائع وجيد احببته,5,Modern Standard Arabic
2376,مطعم السلطان ابراهيم يعكس صورة فخامة مدينة بيروت الرائعة مطعم فريد من نوعه تحية لكل العاملين بالمطعم وخاصة للشيف و للسيد غسان الذي استقبلنا بأبتسامته الجميلة 🇰🇼🇱🇧🇰🇼🇱🇧🇰🇼🇱🇧🇰🇼🇱🇧🇰🇼🇱🇧🇰🇼,5,Saudi Arabia
2377,من افضل مطاعم بيروت الراقيه واكل ولا اطيب,5,Yemen
2378,ممتاز لكن اسعارة جداً مرتفعة,5,Saudi Arabia
2379,من اجمل وارقى المطاعم في لبنان,5,Jordan
2380,مطعم ذو ديكورات فخمة ، والأسماك طازجة ، المقبلات روعة ، الاكل نظيف ، يعيب المطعم غلاء الأسعار .,5,Saudi Arabia
2381,المكان حلو بس الاكل غير المستوي المطلوب,3,Saudi Arabia
2382,لم أزره لكن من التعليقات والصور عرفته جميل,3,Sudan
2383,من افضل مطاعم بيروت جودة الطعام ولذة الطعم ونظافة المطعم واصطف رائع,4,Iraq
2384,اروع ماتذوقت وخدمه رائعه....,5,Yemen
2385,جيد,5,Saudi Arabia
2386,رائع,4,Iraq
2387,انصح به,5,Saudi Arabia
2388,جيدجدا,5,Algeria
2389,يعتبر غالي جدا مع توفر البديل,3,Saudi Arabia
2390,مناسب,5,Yemen
2391,الراحة وجودة الطعام,4,Algeria
2392,ممتاز,5,Yemen
2393,واو,5,Jordan
2394,اجواء جميلة و موسيقى حية لكن بصوت عالي ..الاكل و الخدمة ممتازة مناسب للافراد و العائلات..غير مهيئ لذوي الاحتياجات الخاصة..اسعارة عالية و خدمة ايقاف السيارة ايضا غالية.,4,Saudi Arabia
2395,كتير رايقة القعدة و الجو فلّاجي وعندن الحلو العربي فيه فن عنجد وخاصة عيش السرايا,5,Lebanon
2396,سياحي ديكور رائع جددا 👌🏻 اكل لذذذذيذ جدا و ابتكارات حلوووه👌🏻 الشيشه حلووه و لعب طاوله المكان غريب تجربه حلوه😍👌🏻😋,5,Egypt
2397,جو المطعم حلو و الاكل لذيذ,5,Saudi Arabia
2398,انصح اي احد يروح للبنان او من شكان لبنان يروح له طراز جميل اكل اجمل,5,Iraq
2399,مطعم تاريخي رائعة,5,Sudan
2400,الجو حلو مطعم حلو جو لبناني بس الاكل عادي يحتاج تحسين,4,Saudi Arabia
2401,أسعار مرتفعه جداً وصحون صغيره,5,Yemen
2402,اكل طيب وتهذيب قد ما بدك... بعطيه خمس نجوم,5,Syria
2403,اكل لذيذ وجالسة رائعة,5,Iraq
2404,احلى مطعم وأطيب اكل الخدمة كثير جيدة,5,Jordan
2405,الموظفات طياب متل الأكل,3,Syria
2406,مركز تسوق راقي ويحمل طابعا متحضرا وعصريا وفيه بضاعه تسر النظر وخدمه جيده ونظام اداره رائع,4,Yemen
2407,مكان مقصود من المراهقين غالبا,3,Saudi Arabia
2408,تجد ما تحب,1,Algeria
2409,جميل,1,Egypt
2410,رهيب,5,Qatar
2411,تمام,5,Libya
2412,باد فوود,3,Libya
2413,أفخر الماركات,5,Jordan
2414,ماركة عالمية,5,Oman
2415,الى حد ما جيد,3,Saudi Arabia
2416,فخامة,5,Morocco
2417,عادي,1,Saudi Arabia
2418,طعم لذيذ جدا و كمية الطعام جيدة و خدماته ممتازه,1,Saudi Arabia
2419,رائع وممتاز وطيب,5,Iraq
2420,مكان راقي جدا,5,Saudi Arabia
2421,مطعم سقراط الحمراء,5,Tunisia
2422,جيد,3,Saudi Arabia
2423,رائع جدا والأكل صحي 100%,5,Egypt
2424,بنجيب فنجال قهوة..نعملك تبولة..,5,Palestine
2425,انه مكان اكثر من رائع انصح الجميع بالقدوم اليه,5,Saudi Arabia
2426,جودة الاكل جيد جدا المكان يعيبه رائحة النفايات قوية جدا الخدمة جيدة,3,Saudi Arabia
2427,مكان جميل وراقي,5,Saudi Arabia
2428,مقبول,3,Iraq
2429,اسعارة مبالغ فيها وكله جيد الى متوسط,2,Saudi Arabia
2430,مايستاهل,2,Yemen
2431,اكل طيب وخدمة مميزة,5,Yemen
2432,المطعم جيد واكله طيب والطاقم مؤدب وسرعة. في تنفيذ الطلب. والبوفيه المفتوح روعه بس مو كل يوم,4,Oman
2433,كرم الضيافة و الترتيب الاكل الشهي,5,Saudi Arabia
2434,موقع سهل والأسعار معقولة والأكل لذيذ,4,Jordan
2435,ممتاز,5,Yemen
2436,جلسة رائعة واكل بحري شهي واسعار جيدة ليست رخيصة ولا غالية,5,Oman
2437,الطعم عادي جدا والاسعار فلكية غالي جدا.,2,Egypt
2438,جيد,4,Saudi Arabia
2439,رائع ..!,4,Oman
2440,مأكولات بحرية لذيذة كانت تجربة ممتعة,5,Saudi Arabia
2441,ايام زمان,5,Saudi Arabia
2442,رائع بكل المقايس,5,Egypt
2443,نرحب بكم دائماً في قريدس الروشة,5,Oman
2444,"من اقدم مطاعم "" البرجر "" في بيروت بإختصار إذا كنت من محبي البرجر التقليدي من المدرسة القديمة مع الـــ "" كول سلو "" و السلطة الروسية هانيز هو مقصدك في بيروت",3,Algeria
2445,اكله لذيذ والبرغر مميزة في هذا المطعم لكن يوجد تأخير بالطلبات والمطعم صغير جدا لا يستوعب كمية الزبائن في بعض الأحيان الناس ينتظرون حتى تخلو طاولة للجلوس انصحهم بتكبير المطعم الخدمة والاسعار بشكل عام مقبولة,4,Oman
2446,لابأس به,3,Yemen
2447,مطعم قديم جدا ازوره منذ ٣٥,5,Modern Standard Arabic
2448,جيد جدا,5,Saudi Arabia
2449,كان اطيب,3,Yemen
2450,طعم مميز وخبره,4,Yemen
2451,جيد,3,Saudi Arabia
2452,هذا مطعمنا واصحاب هذا المطعم هم اعز الناس على قلوبنا شهادتنا مجروحه لانه مطعم الكرم وال والجوده تحياتن القلبيه ل ال نصير جميعا والى مزيد من التقدم ان شاء الله,3,Iraq
2453,جيد,4,Saudi Arabia
2454,مطعم لطيف للإفطار مع ديكور تراثي جميل,5,Saudi Arabia
2455,على الاياري,5,Libya
2456,حبيته,5,Algeria
2457,اكل لذيذ,5,Saudi Arabia
2458,أداره المطعم ممتازه ومدير المطعم جيد الخلق ويستحق 5 نجوم على النظافه ولاكن يقع الوم الأكبر على بعض عمال ذالك المكان كونهم لايتعاملون في لباقه مع الزبائن,3,Yemen
2459,الصراحة اكل كتير طيب بس يلي ع الصندووق كتير وقح,3,Syria
2460,مكان جيد لتناول الاطعمة يقدم عروضات جيدة جدن,3,Egypt
2461,مطعم وجباب لذيذة,5,Qatar
2462,ممممممم طيبة,4,Saudi Arabia
2463,محل مرتب,3,Syria
2464,طيب كثير,5,Jordan
2465,جيد,4,Saudi Arabia
2466,محل جميل وطعام طيب,5,Sudan
2467,احببت هاذ المكان يقدم عروضات جميلة وخدمة سريعة,4,Algeria
2468,تنطر وقت اكثر من اللازم والعمال لا يتعاملو بلباقة مع الناس,1,Oman
2469,أول ما بدأ كان أكثر من جيد اما الأن👎,1,Libya
2470,ممتازة,4,Saudi Arabia
2471,منيح ما بو شي بس ما في أعدة جوا المطعم,3,Lebanon
2472,العنوان طريق الرحاب مقابل جسر المطار,5,Jordan
2473,الفروج صغير,4,Iraq
2474,جيد,3,Saudi Arabia
2475,اطيب فروج,5,Tunisia
2476,جيد,1,Saudi Arabia
2477,للاكل 😍😍😍😍,5,Jordan
2478,ممتاز,3,Yemen
2479,اكل لذيذوطيب,5,Iraq
2480,الو,5,Lebanon
2481,ممتاز,5,Yemen
2482,لا بائس,2,Lebanon
2483,كتير طيب، نضيف ومرتب، متل كأن معمول بالبيت بكل عناية .,5,Syria
2484,الرقم غير صحيح,1,Saudi Arabia
2485,صفر,1,Jordan
2486,وهل يوجد غير أم شريف.... تميز في تميز في تميز,5,Algeria
2487,لا انصح احد بتجربته,1,Saudi Arabia
2488,ممتاز وتجربة جميلة والاكل اكثر من روعة,5,Saudi Arabia
2489,احلى عالم,5,Jordan
2490,ثمنه باهظ، أكله عادي جدا,2,Egypt
2491,اكثر من رائع,5,Saudi Arabia
2492,سندويشات وصحن يومي لذيذ خصوصي المجدرة .,4,Qatar
2493,راقي خدمه ممتازه,5,Yemen
2494,رائع جدا شكرا,5,Saudi Arabia
2495,جيد,5,Saudi Arabia
2496,مكان هادئ,3,Saudi Arabia
2497,المطعم انيق والاكل لذيذ جدا وطريقة التقديم بالنسبه لي جديده تقعد ويحطون كل شي طبعا المقبلات البارده وعقب الحاره والفواكه والحلا الشخص 42 دولارفي الليل لان فيه مطرب 65 يستااااهل 👌🏻,5,Oman
2498,أكلهم لذيذ والخدمة مميزه لكن احرص انك تحجز قبل لأنه. دايم مزحوم,5,Yemen
2499,اطعم اكل في لبنان.. جدا جدا رائع و الخدمه ممتازه جدا,5,Egypt
2500,مذاق رائع خدمة ممتازة,5,Saudi Arabia
2501,مكان رائع ومميز,5,Iraq
2502,للاسف كان محجوز بالكامل,3,Saudi Arabia
2503,أكلهم لذيذ والخدمة مميزه لكن احرص انك تحجز قبل لأنه. دايم مزحوم,5,Yemen
2504,من أحلا المطاعم اللي أكلت فيها ببيروت أكل لذيذ خدمة رائعة وراقية فخامة إن شاء الله بزيارتي الثانية لبيروت بتغدا فيه محمد - السعودية,5,Jordan
2505,هاد ملك المطاعم في بيروت ولا عليه اي كلام,5,Jordan
2506,مطعم جميل جدا,5,Saudi Arabia
2507,مطعم اكله طيب,5,Yemen
2508,سيء,1,Saudi Arabia
2509,مطعم جميل,5,Egypt
2510,من الآخر بيعأد 👍🏻👍🏻,5,Egypt
2511,اطيب شيشة,5,Tunisia
2512,مطعم سمك من الطراز الأول في كل شيئ,5,Modern Standard Arabic
2513,عادي جداً,3,Saudi Arabia
2514,و الله اطيب و اروع سمك و المقبلات طيبه كتير كتير تحيه الى كادر المطعم,5,Egypt
2515,أرواد للذوق عنوان,5,Yemen
2516,مكلف,4,Yemen
2517,مطعم مميز خمس نجوم,4,Jordan
2518,رائعه جدا,5,Saudi Arabia
2519,رائع,5,Iraq
2520,جيد,3,Saudi Arabia
2521,أروع مطعم,5,Palestine
2522,مطعم أرواد خلدة,4,Tunisia
2523,مكان جميل جدا وقعده مميزة ولكن اسعار مرتفعه,4,Oman
2524,خمس نجوم الفتوش شغلة,5,Iraq
2525,أكل لذيذ جدا، خدمة سريعة، إطلالة على البحر مميزة أيضا مع الشعور أنك فعلاً في بيروت ست الحسن.,5,Oman
2526,مكان رائع وجميل والاكل جميل وانصح بشده المطعم هذا وحسن الاستقبال العاملين 🌹,5,Saudi Arabia
2527,استمتعت بالاكل والجلسة,4,Saudi Arabia
2528,جميل وراقي,5,Iraq
2529,مكان رائع وجميل واكلو كتير طيب انصح الكل في هاد المكان,5,Jordan
2530,مطعم جميل من ديكورات واجواء ومذاق واطلالة 👌,5,Qatar
2531,مستوى الطعام متراجع... قبل كان كثير افضل,4,Jordan
2532,من احلا مطاعم بيروت خدمه وطعمه👍👍,5,Jordan
2533,مطعم جيد من حيث الاكل و النظافة,5,Saudi Arabia
2534,مكان مريح وخدمة جيدة لكن اﻻسعار مرتفعة,4,Oman
2535,مرره جميل وانصح فيه الحلويات عندهم خطيره,4,Saudi Arabia
2536,يقدم اطيب ريوق ومكانه رومانسي,5,Qatar
2537,مقبول,3,Iraq
2538,جيد,5,Saudi Arabia
2539,الاكل طيب,4,Yemen
2540,الاكل لذيذ وحلال,5,Saudi Arabia
2541,جيد,1,Saudi Arabia
2542,جميل ولذيذ,5,Saudi Arabia
2543,لا يوجد فاتوره رسميه جاهزه عند الطلب,3,Modern Standard Arabic
2544,عجيب خوووش مطعم انصحكم بتجربة,5,Qatar
2545,خدمات جيدة,3,Saudi Arabia
2546,في بدايتها,2,Saudi Arabia
2547,مكان جميل ومناضر طبيعيه جميله,5,Yemen
2548,من أجمل المطاعم طعم واطلالة,5,Jordan
2549,مطعيم مريح للامهات يوجد العاب للاطفال وخدمة ممتازة,5,Oman
2550,جلسة هادئة وخدمة حلوة,5,Saudi Arabia
2551,اسعار جدا مرتفعة مقارنة بباقي المقاهي المجاورة التي تتمتع بموقع افضل,3,Saudi Arabia
2552,الأسعار جدا جدا مرتفعه قنينة مياه بسعر 4000 ليرة وسندويش ستيك 12 الف وقطعه ستيك مع الخضار 27 الف ليرة ...تنذكر ولن تنعاد ..أسعار مرتفعه جدا,3,Yemen
2553,كتير حلو للاولاد والكبار,5,Jordan
2554,انه مكان رائع,1,Saudi Arabia
2555,خدمة متوسطة بسبب تاخر وصول الطلبات,3,Saudi Arabia
2556,الاركيلة بتقرف طعمتها والفحم سيء,2,Sudan
2557,سيء جدا,1,Saudi Arabia
2558,تجربة ممتعة,5,Saudi Arabia
2559,رائع,5,Iraq
2560,اطيب لئمة واحلى سهرة,5,Lebanon
2561,ممتاز,5,Yemen
2562,مطعم وكافي ناي خلدة,4,Iraq
2563,عادي,1,Saudi Arabia
2564,مطعم غني عن التعريف بجودة ولذة طعامه يكاد يكون احد مزارات لبنان يقع في جبل برمانا رائع بموقعه واطلالته الساحره وحديقة كبيره و خدمه سريعه لكن جافين بعض الشيء الأسعار وسط ويستاهل الزياره . . للمزيد تابعوا السناب والانستقرام Ibrahim_86,5,Yemen
2565,المطعم جميل ...والاطلاله ممتازة ولكن الاهم الموظفين ومقدمي الطلبات اخلاقهم للاسف الشديد دون المستوى خصوصا الاخوة من الجاليه السوريه الكريمه وبالذات الشخص المسؤول الاول عن الخدمه وهو يعرف نفسه من قام بسالفه (هذة طاوله المعلم),5,Yemen
2566,الاكل مميز الاسعار عالية نوعا ما ولكنهم لكل اسف لايتمتعون بكرم الضيافه مقارنة بالاسعار المرتفعة,3,Iraq
2567,المكان جميل والمنظر حلو .. جربت القهوه والحلويات .. الحلويات جداً عاديه.,4,Yemen
2568,مطعم سياحي أطلاله ساحرة اكل لذيذ منطقه لعب للأطفال لكن تصلح للكبار اقل من 4 سنوات خطر عليهم و من ناحيه الجلوس لم يسمحو لنا بالجلوس بالمكان الذي نريده في طاولات فاضيه بالرغم لايوجد حجز - و عَصّب الجرسون أو المسؤول !!,4,Yemen
2569,الاكل زين كان افضل بالتجارب السابقه .. الاجواء حلوه .. الخدمه عاديه الويتر كان شوي مستفز,3,Oman
2570,المكان رائع بكل معنى الكلمة و الاطلالة خلابه ورائعة,5,Yemen
2571,مطعم فخم و رائع ونظيف و اكلة لذيذ و المنظر رائع,5,Saudi Arabia
2572,مطل واكل ممتاز,5,Saudi Arabia
2573,المكان رائع و الاكل ذو جودة ممتازة,4,Saudi Arabia
2574,تعامل والكراسين غير لائق,1,Iraq
2575,اكل ممتاز بس الخدمة تحتاج اهتمام,4,Saudi Arabia
2576,مطعم منير في برمانا من اهم المطاعم واجملها والذها المكان رائع جداً خصوصا الجلسات الخارجيه والاطلاله والخدمة والاكل من الذ الاشياء مكان جميل تستطيع ان تستمتع به طوال النهار انصح بزيارة كل ما انزل لبنان لازم اروح له,5,Oman
2577,المكان و الموقع جميل ...ولكن..منذ دخولك جميع العاملين بالمطعم عابسين و غير مبتسمين ..و غير متعاونين ابدا و يتعاملون بفوقيه وكأن العميل لا يفهم شيء ... ممنوع عندهم اذا جلست بطاولة ان تنتقل الى اخرى بمكان افضل و منظر افضل و كأنهم يعاقبوك على دخولك المطعم..جودة المقبلات لا بأس بها و لكن المشويات سيئة للغاية و كانت نية و بها دم و مازال الجرسون يجادلك و يشرح لك انه طبيعي !! وحتى بالرغم من كل هذا المدير لم يكلف نفسه للاعتذار ...مكان سيء ولا يستحق عناء المشوار ابدا ولا يعكس الكرم اللبناني المعروف,1,Saudi Arabia
2578,كان أول ممتاز الآن كل ماله لورى,3,Libya
2579,اطلالة جميلة جدا ،الاكل عادي، السعر ليس رخيص ابدا,2,Saudi Arabia
2580,مكان جدا جميل ورائع وفي مناضر جميله بس اسعاروا نار ومكان عجئه كثير بس من الضغط الزباين ربي يكون بعونهم,4,Oman
2581,المطعم جميل جدا و لكن غالي,4,Saudi Arabia
2582,الخدمه جيده . يوجد مشكل واحده وهي لا يسمح لك الجلوس علي كيفك ولاكن حسب رائ الجرسون 😏,5,Sudan
2583,الاكل و الخدمة9/10,5,Iraq
2584,المطل وائع جدا وتطل على بيروت والبحر والمطعم واسع جد والخدمه ممتازه الاسعار متوسطه الاكل البناني التقليدي الفواكة رائعه جدا,4,Oman
2585,مكان جميل جدا صيفا شتاء. خدمة ممتازة جدا وطعام لبناني شهي ولذيذ وذو مواصفات عالية من الجودة والاحتراف,5,Saudi Arabia
2586,لقمة وكأس وخدمة مميزة,4,Saudi Arabia
2587,أطيب أكل بالعالم ، أحلى قعدة ، مناظر طبيعية ، خدمة سبع نجوم - أحلى دوا شم الهوا - ما في أحلى من لبنان ،,5,Jordan
2588,أجمل مطعم واطلاله جميله ويقدم اطباقا شهيه وبأسعار تناسب جميع الفئات,5,Yemen
2589,الاسعار غاليه جدا الخدمة جيدا الكراسي غير مريحة,2,Yemen
2590,لقمة طبية و منظر حلو بس المشروبات الكحولية نقطة سلبية بالنسبه الي,5,Iraq
2591,جلسة جملية ولقمة طيبة وطلةحلوى على بيروت,5,Egypt
2592,مكان رائع وممتع وطلته ساحرة,5,Oman
2593,لقمة طيبة خدمة ممتازة مطل خلاب,5,Saudi Arabia
2594,مكان هادئ واسعار مناسبة واكل لذيذ ..,5,Iraq
2595,مطعم منير المطعم الاول بلبنان,5,Jordan
2596,مطعم جميل واجواء رائعة,4,Saudi Arabia
2597,معاملة سيئة اكل غالي ومش طيب,1,Jordan
2598,جميل جدا واطلاله اجمل,5,Saudi Arabia
2599,منتقه جميله جدا,5,Oman
2600,الاطلالة فقط تستحق الطعام عادي ولا يستحق المبلغ طلبت وجبة فاكهة وتفاجئت بست كيلو من الاصناف وعلى حسابي طبعا المطعم لا يقدم اي خضار او مقبلات او سرفيس من خارج المينو بخيل جدا لا انصح به ابدا على الرغم من الدعاية الكبيرة,2,Saudi Arabia
2601,مطعم اكلو طيب ونظيف وعصري,4,Iraq
2602,مطعم ممتاز والماكولات طيبة,5,Saudi Arabia
2603,جيدة جداً مكان رائع واكل لذيذ,5,Oman
2604,غالي جدا وخدمة سيئة وتزوير في الفاتورة ورغم شكوى لمدير الصالة لم نحصل الا على ما تواخزنا…,1,Oman
2605,مرتب وجيد,4,Morocco
2606,اكل طيب مع اركيله بس الاسعار قاسيه,5,Yemen
2607,رائع,5,Iraq
2608,جيد,4,Saudi Arabia
2609,اجواء رائعه اوقات الاجازة لابد من حجز مسبق,5,Saudi Arabia
2610,مطعم روعه روعه روعه يعني لو تروح بيروت وماتزور مطعم منير يروح نص عمرك ... انصح فيه وبقوه لو فيه 10 نجوم عطيته يستاهل ... واتمنى ترجع بيروت مثل اول ... 💔,5,Oman
2611,مكان مميز من ناحية الموقع و الاطلالة,5,Jordan
2612,مكان جميل مطل وخضرة وشلالات صناعية وخيارات بالأكل,5,Saudi Arabia
2613,كتييير فاشل لا خدمة ولحمة نية مو مشوية والسلطة كل قطعة متل ماهيي مو مقطع,1,Syria
2614,اكل طيب,4,Yemen
2615,خدمه متميزه واكل رائع ومنظر جميل,5,Iraq
2616,المعامله سيئه .شايفين حالهم. .. المطعم موقعه ممتاز...,3,Yemen
2617,مطعم غني عن التعريف..ممتاز..وما تكتمل الرحله الي بزيارته..الخدمه والاكل والموقع,5,Yemen
2618,جيد,4,Saudi Arabia
2619,مطعم ممتاز فوق الجبل ترى بيروت من الاعلى,4,Saudi Arabia
2620,ممتاز,5,Yemen
2621,مطل جميل وأكل عادي وخدمه سيئه وأسعار مرتفعه,2,Yemen
2622,افضل مطاعم لبنان,5,Jordan
2623,رائع بالاطلاله والاكل عشر نجوم,5,Iraq
2624,ممتاز بشكل عام..اكل ولا أطيب..خدمة ممتازة,5,Saudi Arabia
2625,اكلات جديده بطعم رائع,5,Egypt
2626,خدمه طيبه و طعام ممتاز و طله ممتازه ليلاً و مساءً اتصل قبل الوصول احجز طاوله على مطل الجبل. مشاويهم و كبتهم ممتازين هذا غير ان تشكيلة الفاكهه بـ4 دولار للشخص. ولا اغاني ولا ازعاج كله صوت الطبيعه.,5,Yemen
2627,المحل ذا نصابين بس يبغو فلوس و اكلهم سيئ نصبو علينا في الفاتوره ولا الجرسون يتشرط بالبخشيش نصب في نصب انصح اي احد سايح لايروح ذا المطعم,1,Oman
2628,زحمه و الفيو على الجبل جزء صغير بس والطلب ياخذ اكثر من ساعه,1,Jordan
2629,جيد جدا,5,Saudi Arabia
2630,جيد,4,Saudi Arabia
2631,الاكل ممتاز ، بس يعيب المكان طاقم العمل تعاملهم سيئ,2,Iraq
2632,مطعم منير من أرقى وأجمل مطاعم لبنان من حيث جودة الطعام والاطلالة الساحرة يعاب عليه سوء تعامل بعض العاملين,5,Oman
2633,معاملة سيئة ووجوة العاملين عابسة لن أكرر الزيارة,1,Modern Standard Arabic
2634,مطعم راقي جدا من جميع النواحي,5,Saudi Arabia
2635,رواق واكل طيب,5,Iraq
2636,هذا المكان في طيته كثير من الذكريات الجميلة ، من افضل المطاعم اللي دخلتها في حياتي,5,Saudi Arabia
2637,مطعم جميل جدا,5,Saudi Arabia
2638,رائع,5,Iraq
2639,كباب خشخاش,4,Libya
2640,غاااااااااالي جدا والاكل فيه مجرد مشاوي وفواكه,3,Egypt
2641,خيال,5,Libya
2642,الاطلالة رائعة جدا,5,Saudi Arabia
2643,لايوجد اهتمام كل ومعاملة الموظفين سيئة,1,Oman
2644,مكان جميل جدا,5,Saudi Arabia
2645,مطعم راقي,4,Yemen
2646,معاملة سيئه من قبل عمال المواقف,3,Saudi Arabia
2647,أكل لذيذ,4,Syria
2648,افضل مطاعم موجودة في بيروت (برمانه ),4,Libya
2649,رائع,5,Iraq
2650,اطيب لقمي عند مطعم منير,5,Saudi Arabia
2651,مرحبا قمة في كل شي الطعام المعاملة السعر المكان سعدت جدا بزيارة هذا المطعم,5,Oman
2652,جيد,4,Saudi Arabia
2653,خدمة مميزة,5,Saudi Arabia
2654,مطعم فخم روعة,5,Saudi Arabia
2655,هاي مرحبا انا من سوريا موجودة في لبنان,2,Jordan
2656,رائع,5,Iraq
2657,متازز,5,Yemen
2658,شرح,3,Libya
2659,حح,5,Morocco
2660,مكان جيد,5,Saudi Arabia
2661,مطعم من أجمل المطاعم جو ولقمة طيبة,5,Saudi Arabia
2662,رااائع,5,Egypt
2663,مكان جميل,4,Saudi Arabia
2664,مطعم حلو,2,Syria
2665,رائع,5,Iraq
2666,هئ,1,Libya
2667,روعة,5,Saudi Arabia
2668,يجنن يستهل ألفين نجمة,5,Libya
2669,ممتاز,5,Yemen
2670,جيد,3,Saudi Arabia
2671,قنابة,3,Tunisia
2672,مناسب للعوائل المشروبات مبالغ في اسعارها,3,Saudi Arabia
2673,كتير حلو,5,Syria
2674,الاكل رائع و الخدمة ممتازة و الجو كتير رايق سعره اعلى من الطبيعي بس المطعم ممتاز للعزائم الخاصة,4,Jordan
2675,خدمة جيدة و جودة عالية,4,Saudi Arabia
2676,حفله خطوبه,5,Egypt
2677,اشتريت وجبة سوبر فاميلي وعندما وصلت الى البيت فوجئت بوجود ٤ علب ثوم بس وهو عدد قليل بالنسبة لوجبة عائلية تحتوي على ١٨ قطعة دجاج,3,Oman
2678,خدمه سريعه وطعم لذيذ,5,Yemen
2679,المشكلة الوحيدة هي اختلاف الاسعار عن باقي فروع الـKFC,4,Saudi Arabia
2680,كنتاكي 💙💚💛💜🖤💣👍💃🍖🍗🍖🍗🍖🍗,5,Libya
2681,الخدمة سيئة,1,Saudi Arabia
2682,لم يكن بلمستوى المطلوب الحمامات ليست نظيفة,1,Modern Standard Arabic
2683,روعة,5,Saudi Arabia
2684,لابأس,1,Yemen
2685,جيد لكن …,3,Saudi Arabia
2686,جيد وخدمه ممتازه,5,Oman
2687,لقمة طيبة ونظيفه,4,Saudi Arabia
2688,مكان جميل,5,Saudi Arabia
2689,) تمام بس لو ما عم يطولو ليردو عل واتساب,5,Lebanon
2690,جيد,4,Saudi Arabia
2691,نايس,5,Libya
2692,جيدة,1,Saudi Arabia
2693,مطعم للاكﻻت السريعة,4,Oman
2694,جيد,5,Saudi Arabia
2695,ممتاز,5,Yemen
2696,جيده,4,Oman
2697,حسن المعاملة والنظافة ومأكولات شهية,5,Iraq
2698,انا اعمل في هذا المكان منذ فتره أنه جيد,5,Saudi Arabia
2699,لذيذ,5,Saudi Arabia
2700,اكل رووووعة,5,Saudi Arabia
2701,بجنن كتير طيب والعالم يلي فيه نزوئين كتير,5,Syria
2702,عادي,3,Saudi Arabia
2703,طعم رائع جدا,5,Saudi Arabia
2704,ممتازه,5,Libya
2705,ممتاز,5,Yemen
2706,ما زرتو بعد,4,Iraq
2707,ظريف ولكن اسعاره واووو,3,Oman
2708,ممتاز ونظيف واكل روعة,5,Iraq
2709,روعة ♡كبابجي,4,Lebanon
2710,ممتاز,5,Yemen
2711,جيد,4,Saudi Arabia
2712,مطعم جميل ويقدم مشاوي برقي ونظافه,5,Yemen
2713,شكرا,5,Libya
2714,جيد جدا,5,Saudi Arabia
2715,عادي جدا,1,Egypt
2716,بالقرب من مطعم كببجي,5,Oman
2717,يعني حلو,5,Saudi Arabia
2718,مقهى و مطعم,5,Saudi Arabia
2719,اسعار غالية,2,Qatar
2720,ممتع,2,Egypt
2721,المطل روعة، الأكل سئ ومعغن والموظفين بيقعدو واقفين عراسك وحدك كانهم عصابات وهي الشي بزعج الزبون كتير,2,Syria
2722,محل حلو اجمل من ما كنت اتوقع وكثير طيب اكله,5,Qatar
2723,مطعم جدا رائع وطعام لذيذ جدااا انصح بزيارته,5,Saudi Arabia
2724,ممتاز وخدمة جيدة جدا.,5,Saudi Arabia
2725,هذا المكان سيء للغايه حيث لا يدفعون حق العمال,1,Modern Standard Arabic
2726,جيد في الاسعار ومتميز في الابان والاجبان,4,Saudi Arabia
2727,طيب ورخيص ومعه باركينج,4,Syria
2728,مكان جيد للتسوق,4,Saudi Arabia
2729,بدو اهتمام ورقابه,5,Iraq
2730,طعمة طبخ ام، سوبر ماركت,5,Saudi Arabia
2731,جيدة,4,Saudi Arabia
2732,عنجد كتير سيئ,1,Syria
2733,يقدم خدمات رائعة ونكهات مميزة بأسعار منافسة,4,Iraq
2734,جيد,5,Saudi Arabia
2735,أكلو كتيييير طيب,5,Palestine
2736,عجقة وليس كل الطعام يؤكل,3,Algeria
2737,رائع وخدمةممتازة,4,Morocco
2738,الوجبات عادية,4,Saudi Arabia
2739,ولا اطيب,4,Tunisia
2740,ممتاذ,5,Tunisia
2741,مطعم جيد بأسعار تنافسية,4,Saudi Arabia
2742,اعجبني,5,Iraq
2743,قرب المكان اسعارمقبولة البضاعة موضبة بشكل مقبول,3,Iraq
2744,ممتاز,5,Yemen
2745,ممتازه,5,Libya
2746,من ارغا وافخم المطاعم والسبرماركت بل اخص المعامله المرحه معه الزبون,5,Iraq
2747,احلى تحيه لحرقوص تشكن,5,Iraq
2748,طيب,4,Yemen
2749,الاطيب والاجود بكل ماتطلب,5,Algeria
2750,لا يعجبني,2,Modern Standard Arabic
2751,منيح,2,Lebanon
2752,رائع جدا,4,Egypt
2753,رائع,5,Iraq
2754,بجنن,5,Syria
2755,كتير حلو واكل جيد وخدمه ممتازه,5,Iraq
2756,مكان مميز اكل شهي خدمة ممتازة ومطل رائع,5,Saudi Arabia
2757,مكان جميل وهادئ خدمة ممتازة,4,Saudi Arabia
2758,اسعار جيدة وطعام شهي وخدمة ممتازة,4,Saudi Arabia
2759,مأكولات سريعة إنما رائعة و أجواء تناسب الجميع والطعمة 100 %,5,Oman
2760,وجبة شهية، جلسة شعبية، جو عائلي.,4,Iraq
2761,افضل واجمل الاجواء الراقية خدمة سريعة,4,Saudi Arabia
2762,اعمل صيانه كهرباء لدى munchease,4,Sudan
2763,مكان رائع,3,Iraq
2764,جيد,4,Saudi Arabia
2765,اكل سريع,4,Saudi Arabia
2766,جيد,3,Saudi Arabia
2767,الهمبرغر بطعمه مختلفه,4,Yemen
2768,عرمون ضيعة,4,Tunisia
2769,رائع,5,Iraq
2770,جيد,1,Saudi Arabia
2771,من افضل مطاعم الهمبرجر في لبنان,2,Sudan
2772,محمد محمد,5,Libya
2773,لم ازور فرع الروشة الجديد بس بيتزا هات ما بدها سؤال انا واثق انو اكتر من رائع وهيك تعودنا عليه,5,Lebanon
2774,delicious Food (بيتزا لذيذه ) 😋😋😋,5,Yemen
2775,مطعم جيد مده انتظار الطلب بي عشر وخمسه عشر دقيقه,4,Yemen
2776,لذيذة جدا,4,Oman
2777,رائع والمعاملة ممتازه.والمكان نظيف جدا.,5,Yemen
2778,كانت البيتزا صغيرة كتير مابتشبع طيبة لاباس بهآ,3,Lebanon
2779,شكرا جدا,5,Egypt
2780,جيد,3,Saudi Arabia
2781,عروض مستمرة,5,Algeria
2782,مكان جيد وأكل طيب ونظيف أتمنى لهم دوام التقدم والنجاح,5,Oman
2783,ليس بالمكان النظيف ولا يقدم وجبات خاصة بالاطفال,2,Saudi Arabia
2784,أحب الشاورما عنده,4,Sudan
2785,كويس,5,Libya
2786,ممتاز,3,Yemen
2787,ريحة المكان سيئة,1,Saudi Arabia
2788,جيدجدا,3,Algeria
2789,مأكولات لذيذة وشهية، باستطاعتك الإختيار من خلال مجموعة متنوعة من المنتجات,5,Oman
2790,اطيب مطعم كبسة بلبنان ...شي كتير طيب ..نضافة وترتيب,5,Syria
2791,الطعام ممتاز الموظفين لطفاء وذوات خبره واسعه بخدمة الزبائن وانصح بشده بالاراكيل من اطيب ما دخنت معسل ممتاز والمنظر رائع والاسعار مقبوله جدا وانا سوف اداوم على زيارت روابينا المسؤول جنتلمان,5,Oman
2792,مكان جميل هو مطعم ذو اطلاله جميله جدا. يمكن الذهاب اليه في جمبع الاوقات نضرا لهدوء وجمال الاطلاله ننصح الجميع بزيارته,4,Saudi Arabia
2793,كتير قعده حلوه وجومحترم ولقمه مرتبه,5,Syria
2794,مكان خيالي وجميل جدا,5,Saudi Arabia
2795,المطل روعة، الأكل سئ ومعفن جدا وقديم لدرجة انهم بعبي لك الصحون مرة ثانية وثالثة من ضمن السعر المدفوع,1,Saudi Arabia
2796,من المطاعم الرائعة جدا بالطلة و بنوعية الطعام المقدم مأكولات لبنانية على أنواعها مشاوي،مازات ، وخضار جبلية رائعة قديم جدا تجد لوحة على مدخله 1936 للوصول اليه من بيروت انت بحاجة الى عشرون دقيقة المناخ في الصيف رائع في الشتاء اقل ازدحام ولكن رائع جداً لطعام مميز وجلسة رومانسية على أغاني فيروز مطعم الصخرة,4,Saudi Arabia
2797,مطعم الصخرة في شملان منذ ١٩٣٦ مطل رائع على بيروت,4,Modern Standard Arabic
2798,المقبلات مرره لذيذه المشاوي جيده جدا متبل الصخره كان ممتاز واسعاره حلوه المكان والمطل حلو,4,Oman
2799,مطعم اثري مطل على الجبل مطعم جميل ولذيذ يستحق الزيارة,5,Saudi Arabia
2800,مطعم ممتاز ولديهم اطلاله جيده ومنضر جميل,5,Oman
2801,اسعار غالية جدا والاكل عادي وغير لذيذ,5,Saudi Arabia
2802,الاكل مميز ولذيذ وخيارات لبنانية منوعة من الاكل الشهي,5,Iraq
2803,جميل,3,Egypt
2804,مكان تعبان,1,Saudi Arabia
2805,ممتاز,4,Yemen
2806,خدمة الزبائن رائعة جداً جداً مميز,5,Saudi Arabia
2807,رائع جداً جداً,5,Iraq
2808,مكان جيد لتناول الطعام,3,Saudi Arabia
2809,الاطلال جميله جدا,5,Saudi Arabia
2810,ممتاز جدا,5,Saudi Arabia
2811,جيد للسهر,4,Saudi Arabia
2812,انها مكان جميل لسهرة جميلة مع افضل الفنانين ايام السبت مع توفر العشاء الشهي وشيشه,5,Oman
2813,خدمة رائعة,5,Saudi Arabia
2814,جمال الموقع والمنظر والخدمة الجيدة والبرنامج الفني,4,Iraq
2815,بلدية عرمون,5,Lebanon
2816,الطعام غير جيد,1,Saudi Arabia
2817,خدمة كويسة لكن الاسعار مبالغ فيها,3,Saudi Arabia
2818,المكان للأولاد رائع بس الأسعار نار,2,Saudi Arabia
2819,ليس جيد في المعاملة,1,Modern Standard Arabic
2820,جميل وجيد جيدا والخدمه جيده,4,Oman
2821,جميل,4,Egypt
2822,خدمة سريعة اكل روعة,5,Saudi Arabia
2823,ممتاز للاولاد,4,Saudi Arabia
2824,رائع,5,Iraq
2825,افضل مطعم اجمل السهرات اطيب لقمه احلى عالم,5,Egypt
2826,خدمات جيده لمكان هادء.,4,Yemen
2827,مطعم ممتاز وأكل رائع وخدمة ممتازه,3,Yemen
2828,"جيد جدا""",4,Saudi Arabia
2829,مكان جميل جدا جدا,5,Saudi Arabia
2830,الاكل جيد والنظافة لا بأس,3,Oman
2831,جيد,4,Saudi Arabia
2832,اطيب اكل واحلى قعدة,5,Saudi Arabia
2833,واووو,5,Palestine
2834,حلو رائع اكل طيب جو حلو مكان جميل,5,Saudi Arabia
2835,احبه,5,Saudi Arabia
2836,كتير حلو الاكل ولسهره روعه مرسي على لسهرا بتجنن,5,Lebanon
2837,الاكل لذيذ والسهرة حلوة وتعامل اجمل ، شكراً لكم.,5,Iraq
2838,) بتشرب فنجان القهوة من كتر مو لذيذ مابتشوف بآخرو ولا نقطة بن بيطلع فنجانك مجلي خالص,1,Syria
2839,رائع #,3,Iraq
2840,خدمه بطيئه واسعار مرتفعه لايوجد اهتمام للزبائن,1,Iraq
2841,جيد جدا,4,Saudi Arabia
2842,مكان جميل,5,Saudi Arabia
2843,الخدمه لا بأس فيها,4,Yemen
2844,مطعم ممتاز,4,Saudi Arabia
2845,جيد جدا,4,Saudi Arabia
2846,رائع,5,Iraq
2847,مكان جميل,5,Saudi Arabia
2848,رائعة,4,Modern Standard Arabic
2849,جيد,3,Saudi Arabia
2850,مقفل منذ اكثر من ثلاث سنوات,1,Modern Standard Arabic
2851,اكل رائع ، واسعار منافسة جداً,5,Iraq
2852,مأكولات طيبة وشهية وخدمة ممتازة,5,Oman
2853,أطيب أكلة عصافير :),5,Syria
2854,مع الاسف لم اذهب الى هناك ☺,5,Oman
2855,جيد جدا,4,Saudi Arabia
2856,روعة,5,Saudi Arabia
2857,رووووووعه اطيب اكل,5,Yemen
2858,غالي جدا ولا يستحق الذهاب له والجلسات عادية جدا,1,Saudi Arabia
2859,روعه,5,Saudi Arabia
2860,جيد,5,Saudi Arabia
2861,رائع,5,Iraq
2862,مطعم السلطان مطعم عصافير,5,Tunisia
2863,طعام لذيذ جداً وخجمة ممتازة واسعار مدروسة,5,Oman
2864,مكان ممتاز لتناول الوجبات الخفيفة .. موقع مميز على طريق صيدا بيروت,5,Jordan
2865,طيب الطيب,5,Yemen
2866,خيار جيد للأكل السريع. الطعام جيد، التشكيلة جيدة جدا والمكان متواضع,4,Oman
2867,الطعام جيد جدا لكن الاسعار مرتفعه بعض الشيئ,4,Oman
2868,مكان ممتاز للاستراحة على الطريق .. معجنات و وجبات سريعة و قهوة لذيذة,5,Saudi Arabia
2869,جيد جدآ,5,Egypt
2870,رائع,5,Iraq
2871,غير شكل ولا اطيب الله يوفق,5,Qatar
2872,مطعم رائع وممتاااااز ونظافة المطعم اهم شيئ فيه,5,Saudi Arabia
2873,جميل,3,Egypt
2874,احلا مطعم,5,Jordan
2875,عائلي بإمتياز ولتذوق الأكل اللبناني الأصيل وسرعة بتلبية الطلبات,5,Syria
2876,مطعم ولا أروع اهم شيء النظافة,5,Saudi Arabia
2877,رائع,4,Iraq
2878,اكل ولا اطيب,5,Saudi Arabia
2879,يحتاج لتحسين نكهة الطعام اكثر,3,Saudi Arabia
2880,جيدة,5,Saudi Arabia
2881,مكان مرتفع السعر بالنظر لباقي المطاعم المجاورة,2,Morocco
2882,والله اكلهن مش طيب اكتر من طيب واسم المطع صح الطيب الله ؤكون معهن يارب وانا بدعم المطاعم الطيبي متل الطيب والصوصة الله يكون معكون يا رب وبتوفيق,5,Lebanon
2883,خدمة ممتازة وسريعة بالإضافة إلى جودة الطعام المستوفية لجميع الشروط الصحية,5,Oman
2884,أكثر من رائع... نظافة ونوعية ومذاق,5,Modern Standard Arabic
2885,مطعم مميز بكل معنى الكلمة,5,Saudi Arabia
2886,أكل طيب ونظيف,3,Syria
2887,اطيب لحمة غنم,5,Jordan
2888,ممتاز,5,Yemen
2889,مشاوي على انواعها ...طازجه,4,Yemen
2890,انظف ملحمة بلبنان,5,Jordan
2891,ممتاز,4,Yemen
2892,رائع,4,Iraq
2893,انظف وأطيب اكل وأحلا خدمة للزبائن,5,Jordan
2894,اطيب اكل,5,Saudi Arabia
2895,ممتعة,5,Egypt
2896,مميز,4,Iraq
2897,طيب,5,Yemen
2898,الاسعار مبالغ بها على مستوى الخدمة المقدمة، موقع المطعم على جوجل خاطئ . من غير اللائق اسلوب الاتاوة الذي يؤخذ عنوة بحجة صف / ايقاف السيارة! لم يلمس السيارة و لم يغسلها....و يطالب بالمال و الذريعة ليس له علاقة بالمطعم و انهم جهة منفصلة باختصار 'عيب',2,Saudi Arabia
2899,حلوه. الاسعار اكتر من وسط اخر شي بيبعصك vallet parking ب 5000 ليش مابعرف,3,Lebanon
2900,موقع رائع خدمة ممتازة نظافه وذوق راقي.لكن الأسعار مبالغ فيها,5,Yemen
2901,الأكل سيء الخدمة سيئة وما في مطعم بيحترم حالو بياخد پاركينغ ٥٠٠٠ خلاصة: لا أنصح أحد بالذهاب إلى هناك,1,Syria
2902,مكان رائع للتسلية,5,Saudi Arabia
2903,خدمة سريعة اكل طيب,5,Saudi Arabia
2904,جيد,4,Saudi Arabia
2905,سيئ جدا,1,Saudi Arabia
2906,راع,5,Yemen
2907,عادي,2,Saudi Arabia
2908,ممتاز,5,Yemen
2909,تمام,5,Libya
2910,كانت التجربة اكتر من رائعة,5,Egypt
2911,راقي مميز,5,Yemen
2912,مكان جميل للاستمتاع بالمناظر الخلابة,5,Modern Standard Arabic
2913,حلو وطبيعه بتجنن وجو عائله بامتياز,5,Jordan
2914,اجمل مكان انصح بزيارته وخدمته جيدة جدا جدا,5,Saudi Arabia
2915,هادء وجميل,5,Saudi Arabia
2916,لازم تروحو وتزوزو,5,Algeria
2917,منطقه في غاية الروعة والجمال,5,Oman
2918,كانت التجربة اكتر من رائعة,5,Egypt
2919,راقي مميز,5,Yemen
2920,مكان هادئ,5,Saudi Arabia
2921,رووعه,5,Egypt
2922,مناخ رائع,5,Egypt
2923,لا أعلم,3,Modern Standard Arabic
2924,رائع لا بل اكثر من رائع وهناك بالقرب منه يوجد جامع فخر الدين المعنى الاول وسوق قديم وساحة جميلة جدا,5,Oman
2925,مكان جميل وهادئ ولكن جيب اخذ الاحتياط وجلب مبيد حشري من اجل الذباب😂,5,Oman
2926,لقد زرت هذا المكان وقد اعجبني كتير مكان راءع,5,Sudan
2927,حلوة,5,Saudi Arabia
2928,خدمة عادية,3,Saudi Arabia
2929,جيد,5,Saudi Arabia
2930,ممتاز جدا من اجل الترفيه,5,Saudi Arabia
2931,جميل وهادئ,5,Saudi Arabia
2932,مرحبا هاد المطعم اسمو الوادي اليمون مش الوادي الاخضر,1,Jordan
2933,طبيعة جميلة,5,Saudi Arabia
2934,مكان جميل وطبيعة خلابة ، المطعم لا بأس به ، الأسعار مقبولة نوعا ما ، بحاجة لعناية أكثر في دورات المياه.,4,Oman
2935,مكان رائع ومريح جدا جدا,1,Saudi Arabia
2936,روعه المكان وتميز الأداء,5,Algeria
2937,مكان هادئ وجميل ويطل على البحر وبيروت والخدمة فيه ممتازة وسريعة,5,Saudi Arabia
2938,مكان جميل لاكن لايوجد فيه كل الاطعمة,3,Saudi Arabia
2939,جميل جدا,5,Saudi Arabia
2940,بحريات جيد,3,Libya
2941,جيد,2,Saudi Arabia
2942,تجربة رائعة وطعم شهي,5,Saudi Arabia
2943,ممتاز وشهي,5,Morocco
2944,من افضل مطاعم الجبل بعمل الشورما بنوعيها لجميع,4,Saudi Arabia
2945,لم اجاربة,5,Iraq
2946,اللحمة شغلة,3,Tunisia
2947,لذيذ,4,Saudi Arabia
2948,مكتن حلو في اهتمام,5,Libya
2949,اكثر من رائعة,5,Saudi Arabia
2950,جميل والخدمة ممتازة والاكل لذيذ وفائض,5,Saudi Arabia
2951,ممتاز,5,Yemen
2952,مكان رائع .. من الأماكن الرائعة في لبنان وتستحق الزيارة,5,Oman
2953,مكان جميل,1,Saudi Arabia
2954,من اجمل مايكون,5,Modern Standard Arabic
2955,الطعام لذيذ و المكان رائع,4,Saudi Arabia
2956,مناظر لا بأس تعكس طبيعة لبنان ولكن طريق الوصول اليه خطر جدا وغير معبده بطريقه صحيحه كما ان الجو عند المطعم ليس بجيد، رطوبه ورائحه غير محببه,3,Oman
2957,روووعة,5,Egypt
2958,مكان طبيعي جميل,4,Saudi Arabia
2959,منظر طبيعي خلاب ومكان للراحة والهدوء,5,Oman
2960,رائع,5,Iraq
2961,فينى نتسبح,3,Egypt
2962,مطعم شلالات الزرقاء بعقلين يستاهل فقط نجمتين,2,Yemen
2963,مطعم من الخيال,5,Oman
2964,رووووووعه,5,Yemen
2965,خدمة سريعة. جلسة في الطبيعة. طعام مقبول,3,Oman
2966,موقع جميل جدا ولكن الاسعار مرتفعة قليلا,4,Saudi Arabia
2967,جميل لكن يحتاج الي الاهتمام اكثر للقعدات ودراسة الاسعار ونتمنى التوفيق,3,Iraq
2968,مطعم رائع مكان هادئ وجميل وطبيعي,5,Iraq
2969,مطعم جيد مع وجود شلالات وأحواض الأسماك وأشجار جوز وزهور,3,Oman
2970,مذاق لذيذ وجلسة جميلة بالتوفيق,5,Saudi Arabia
2971,مكان جدا جميل واتمنا الكل يزورونه,5,Saudi Arabia
2972,مطعم كتير راق ومؤهل جاهز لأستقبال اي عدد من الزوار فقط الطريق يلزمه شوية توسعة وارشادات على الطريق حتى تصل اليه الناس الأغراب عن المنطقة وموفقين,2,Jordan
2973,احلى مطعم احلى مناظر طبيعية اطيب وانظف اكل,5,Iraq
2974,شي روعة ، الغداء بين المياه ، غداء طيب ، خدمة سريعة,4,Yemen
2975,جلسة رائعة وخدمة سريعة طعام جيد,4,Oman
2976,مكان ساحر وخلاب طعام وخدمة ممتازة اسعار جدا مرتفعة غير مناسب لذوي الدخل المحدود,4,Saudi Arabia
2977,جمال الطبيعه والشلال والخدمه ممتازه,3,Oman
2978,في قلب الطبيعة، شلالات و نبع و جلسة رائعة,5,Saudi Arabia
2979,مطعم رائع لقضاء أجمل الأوقات بجانب الشلال وتحت الأشجار المعمرة ولتناول أطيب الماكولات اللبنانية بجو رومانسي مفعم بالحيوية ♡♡♡♡♡,5,Modern Standard Arabic
2980,الجو خرافي الاكل جدا لذيذ الاسعار مناسبة جدا المناظر رائعة جدا باحضان الشلال والطبيعة الخدمة ممتازة وسريعة,4,Saudi Arabia
2981,المذاق عادي الأجواء مريحه المكان محتاج تطوير,1,Egypt
2982,جيد,4,Saudi Arabia
2983,حلو والأكل عادي,3,Jordan
2984,مكان سياحي جميل,5,Saudi Arabia
2985,رائع وخدمة سريعة واطعمة ولا اشها وطبيعة خلابة,4,Saudi Arabia
2986,مكان اكثر من رائع,5,Saudi Arabia
2987,موقع رائع وأطلاله رائعه,4,Yemen
2988,مكان هادى وجو لطيف,5,Egypt
2989,احلا عالم,5,Syria
2990,عجيب ط,5,Iraq
2991,طعام لذيذ جداد جداد ومنظر خلاب للخايه,5,Saudi Arabia
2992,جنة ع الارض,5,Iraq
2993,جيد,5,Saudi Arabia
2994,نبع مرشد,5,Iraq
2995,مطعم كتير حلو واطلالة رائعة ع البحر,5,Syria
2996,لا لكان فاشل,2,Algeria
2997,ممتاز جدا بس ما في مره وصلت خليجية إلا ما رجعو معي عبيروت 🤔,5,Palestine
2998,مكان رائع ونظيف,2,Oman
2999,كتير حلو,5,Syria
3000,جيد,5,Saudi Arabia
3001,منتجع واكتر ومعامله ما شفت من قبل احترام وخدمه سوبر رائع,5,Sudan
3002,رائعة,5,Modern Standard Arabic
3003,أوركيد😍 من اجمل واروع المسابح باللبنان وكل من يزوره لا بد من انه سوف يدمن عليه(إدمان)😍,5,Oman
3004,اطيب وانظف سندوش بشوف كلها,5,Jordan
3005,راءع جدا,5,Lebanon
3006,رائع والخدمة ممتازة والنظافة ممتازة والطعام رااااائع,5,Saudi Arabia
3007,ضعاف خدمة و اركيلة,2,Tunisia
3008,هادئ وخدمة ممتازة,5,Saudi Arabia
3009,جميل,3,Egypt
3010,لا باس,4,Oman
3011,أجواء رائعة و أكل مميز و لقمة لبنانية شهية، مع الطرب الأصيل..,5,Sudan
3012,مطعم جيد خدمة ممتازة ومأكولات لذيذة وموقف سيارة واسع ومجهز لاستقبال الاطفال ونظافة ممتازة في الصالات وفي دورات المياه…,5,Saudi Arabia
3013,رمزا لكرم ونوعية الاكل الجيدة والاستقبال الجيد,5,Iraq
3014,مطعم راقي، واستقبال رائع وخدمة ممتازة,5,Saudi Arabia
3015,مطعم لطيف و مأكولات طيبه و أسعار عاديه وخدمه ممتازه,5,Yemen
3016,رائع خدمة جيدة طعام ممتاز اسعار مقبولة.,5,Saudi Arabia
3017,احببت الموقع والخدمة والاسعار,4,Saudi Arabia
3018,خدمه ممتازه وطعمه طيبة ومكان هادي وراقي,5,Libya
3019,مطعم مازة شرقية مع صالة أفراح,5,Palestine
3020,اطيب اكل واحلى ناس,5,Saudi Arabia
3021,كتير حلو,5,Syria
3022,الجودة والآصالة,5,Modern Standard Arabic
3023,قعده حلوه واكل طيب مع اركيله,5,Yemen
3024,اكل طيب,5,Yemen
3025,الخدمة ممتازة و الأكل طيب بس الأسعار غالية,2,Palestine
3026,فرح عرس,4,Tunisia
3027,روعة واحسن مطعم بوجود بلال سرور,5,Lebanon
3028,ممتاز,5,Yemen
3029,احلا جلسة واطيب لقمة عند المختار,4,Saudi Arabia
3030,ممتاز,5,Yemen
3031,رائع,5,Iraq
3032,مكان رائع,5,Iraq
3033,إلى هم,5,Modern Standard Arabic
3034,رائع,5,Iraq
3035,السيد جهاد 🖒🖒🖒🖒🖒🖒🖒🖒,5,Iraq
3036,خدمة جيدة في المطعم,2,Oman
3037,مطعم ذو طعم مميز بضيعة جميلة,3,Iraq
3038,اجمل مكان بلعالم راءع,5,Lebanon
3039,افضل مطعم وصالة افراح لأسرة عريقة في برجا,5,Saudi Arabia
3040,رائع,5,Iraq
3041,اكل ولا اروع وانصح الكل بذهاب الى مطعم وصالة الشمعة,5,Saudi Arabia
3042,المكان رائع يقع على مكان مشرف. الطعام رائع وكذلك العاملين فيه، السعر متوسط,4,Saudi Arabia
3043,مميز يمكنك بواسطته الاستمتاع بيوم جميل,5,Modern Standard Arabic
3044,أطيب لقمة وأحلا جلسة,5,Syria
3045,طعام جيد اسعار معقولة,5,Saudi Arabia
3046,جيد جدا,5,Saudi Arabia
3047,أسوأ مطعم في لبنان تبوله بايته فتوش كله سماق بابا غنوج مع بصل طالعه ريحته / الاولاد اكلوا اسكلوب طلع طعمتوا جلد الدجاج مقرف وبايت للحقيقة ما فينا نقول شي عن البطاطا المقليه وما لازم ننسى الهندبه معفنه مع العلم انك بحاجه لموعد وحجز مسبق ومش فهمانين على شو,1,Yemen
3048,اني اعمل في هذا المطعم,5,Iraq
3049,اطيب اكل,5,Saudi Arabia
3050,اطلالة رائعة,3,Jordan
3051,مطعم راقي جداً,4,Iraq
3052,مخايل سليم الحداد,2,Iraq
3053,اطيب اكل واهلا جلسة,5,Saudi Arabia
3054,حبيت كتير لخدمات يلي بيقدما ولأرغيلي طيبي كتير ولسلاد ولبيتزا شي رائع .أنا بدعو لجميع يجي يعيش رحلة لطبيعيه ولجو لحلو ولأكل لطيب عند مطعم وكافيه أبو عطايا.....,5,Lebanon
3055,شي حلو كتير,5,Syria
3056,مطعم مرتب وخرج سهرات وعندو امكانيو استقبال افراح,3,Iraq
3057,مطعم وقهوة كثير رواق وحلوة و طلبات طيبة وخصوصا milkshake lots,5,Jordan
3058,مكان راقي وخدمة ممتازة,5,Saudi Arabia
3059,الخدمة ممتازة والمكان هادئ وجميل ونظيف وفقكم الله والى الامام,5,Oman
3060,كتير حلو واكلو طيب,4,Syria
3061,قعدة رواق ... رائعة,5,Libya
3062,جلسات مريحه وأجواء راقيه,4,Yemen
3063,اجمل ارغيلة وقعده,5,Libya
3064,كتيرر حلووو,5,Lebanon
3065,ممتعة,3,Egypt
3066,جرب وما بتندم,5,Syria
3067,منظر راءىع قرب الشلال ومأكولات شهية,4,Oman
3068,ممتاز,5,Yemen
3069,"Worse place ever , bad service , rude waiters , food was mixed up, wanted to fight us over a stupid salad , which he was mistaken , didn't even apologise for it , they are the worst , next time I'm hungry I rather eat myself مكان أسوأ من أي وقت مضى، خدمة سيئة، النوادل وقحا، تم خلط الطعام حتى، أراد أن يقاتلنا على سلطة غبية، الذي كان مخطئا، و لم يعتذار عن ذلك، لا انصح احد بهذا المكان",1,Modern Standard Arabic
3070,جلسة رائعة. أكل ممتاز,4,Saudi Arabia
3071,جزين و مطاعمها المطلة على الشلال تستحق الزيارة. ..رووووعة,5,Saudi Arabia
3072,أعمل لدى صخرة الشلال,5,Modern Standard Arabic
3073,بطاطا حرة ومقانق,5,Saudi Arabia
3074,ولا اكلة طيبة,1,Saudi Arabia
3075,مطعم .. يقدم وجبات جيدا,5,Modern Standard Arabic
3076,اطيب اكلة,5,Saudi Arabia
3077,انى الطعام الذيذن جدن الا يمكنني المقاوما اطيب اكلا وبس,5,Sudan
3078,مكان رائع وجميل للغايه,5,Iraq
3079,هو سناك مطعم وجبات سريعة,3,Sudan
3080,الطعام رائع والخدمه اروع,5,Yemen
3081,ان طعامه لذيذ ونظيف,5,Saudi Arabia
3082,هذه ااأشياء رإعا,5,Lebanon
3083,جيد جداً,5,Saudi Arabia
3084,اسعار جيدة,5,Saudi Arabia
3085,غالي,4,Lebanon
3086,ممناز,5,Yemen
3087,الأسعار صارت خياليه حاسس حالي بال داون تاون يمكن الداون تاون اسعارون ارخص يعني ازا بدي اكول كل يوم وجبه وحده بدي 500.000 بالشهر,1,Jordan
3088,أطيب وأنضف أكل,5,Syria
3089,نصيحتي الوحيدة أنه مطعم جميل ورائع بكل ماأعنيه من كلمة مطعم جداً رائع في كل مافيه سواءً كان المأكولات البحرية والأركيلة والمشروبات مطعم الكابتن اسم ع مسما Captain إطلالة أمام البحر وأجواء في منتهى الروعة,5,Saudi Arabia
3090,المعاملة جيدة والاكل جيد ماعدا الصيادية بلا طعم والهندبة غير مصفاة جيدا ، وعندما سألنا العامل قال: هكذا يتم تحضيرها عندنا، مع العلم أننا زبائن المطعم ونعلم جيدا مهارة الطباخين فيه !!!,2,Oman
3091,مطعم جميل بإطلالته البحرية,5,Jordan
3092,شكرا لحسن الضيافة وطيب الطعام,4,Oman
3093,كان عشاء رائع أسماك متنوعه وإستقبال مميز وعازف عود مميز,5,Yemen
3094,مطعم ممتاز وخدمه جيده,5,Yemen
3095,جيدة افضل طبق هو البايلا,3,Saudi Arabia
3096,اكل طيب لكن السعر غالي,3,Yemen
3097,صالة ابو لونا مؤيد الاسمر,1,Iraq
3098,جميل,3,Egypt
3099,برنامج ممتاز,5,Saudi Arabia
3100,هذا المطعم من أفضل مطاعم العالم خدماته ممتازة وطعام لذيذ جدا و موقع ممتاز اطلالة رائع,5,Saudi Arabia
3101,خدمه سريعه واكل ممتاز👍👍,5,Yemen
3102,لايرجد موقف لسيارات,3,Oman
3103,مكان روعه وأكله ولا اشهى,4,Egypt
3104,مطعم رائع خدمة سريعة ولديه طعام ممتاز,5,Saudi Arabia
3105,ممتاز وخدمة جيدة,5,Saudi Arabia
3106,الطعام ممتاز والجميل نظافة وترحيب كل شيءممتاز,4,Oman
3107,عسسل,5,Saudi Arabia
3108,المكان جيد جدا من كل النواحي العاملين ونوع الاكل المتنوع والخدمه والمنظر الرائع ع البحر,4,Iraq
3109,مكان جميل ومنظر رائع أمام البحر… لكن هذا وحده لا يكفي لأن الطعام سيّء لا طعم له… أسعار الطعام جيّدة نوعا ما ولكن المشروبات غالية جدا خاصة عندما تكون مجبر على دفع سعر قنينة الماء الغالية التي لم تطلبها 5000 ل.ل. تنكة السفن أب 5000ل.ل… موقف السيارة من قبل الفاليه باركينغ محدد ب 5000ل.ل. لمجرد أنه حرك السيارة 10 أمتار… وضع هالمطعم مثل وضع البلد تشبيح وضحك عالناس… كانت أول وآخر مرة لا أنصح أحد بالذهاب الى هناك.,1,Oman
3110,جو ولا أحلى على شط البحر و أكل طيب,5,Palestine
3111,هذا المكان مريح للنظر فهو مطل مباشرة على البحر ، والخدمات ممتازة ،والأهم من ذلك فهي اللقمة الطيبة والذوق اللبناني المتميز في المطبخ الشرقي .,5,Oman
3112,في لبنان لا يوجد امان,5,Modern Standard Arabic
3113,عادي مافي شي مميز,2,Qatar
3114,كان جميل جدا ومنظر مريح للنظر مع قلعة صيدا وبحرها,5,Oman
3115,مكان جميل جدا,5,Saudi Arabia
3116,انا ما بعرف ليه بيعملوا دعايات كاذبة و ببعتلو عن مراتون اكل و اخر شي بيطلع انه من عندهم فيك تشوف المراتون في صيدا. و انا رأيي انه هو أفشل مطعم ب لبنان و ما في مصداقية,1,Lebanon
3117,الطعام والشراب لذيذ جداً,5,Oman
3118,جميل جدا ك مكان وك معاملة، لكن بعض النادلين معاملتهم غير جيدة.,4,Sudan
3119,مطعم راقي ومميز وأطباقه شهية ومنوعة وفيه قاعات واسعة تناسب إقامة الحفلات على أنواعها، يقع على الكورنيش البحري مقابل القلعة البحرية في مدينة صيدا عاصمة جنوب لبنان.,5,Oman
3120,مطعم ممتاز وخدمة ممتازه,5,Yemen
3121,انه مكان رائع بالخدمة والاكل اللبناني الشهي واطلالته البحريه الرائعه مقابل القلعة الأثريه انصحكم بزيارته..,5,Yemen
3122,مطعم فاخر مكان جميل وطعام شهي وإشراف رائع,5,Modern Standard Arabic
3123,مكان جدا رائع,5,Saudi Arabia
3124,و طاقم عمل جيد جدا,4,Sudan
3125,كان اسوا مكان تناولنا فبه الافطار هذه السنة,1,Yemen
3126,مميز,5,Iraq
3127,أجمل مطل في مقابل الشاطيء والقلعه البحريه بالإضافة إلى اللقمة الطيبة التي يحبها اللبنانيين .,5,Oman
3128,احلى جو واطيب لقمة على شط البحر طلة بطير العقل وكل يلي بيشتغلو عندو مهزبين,5,Palestine
3129,رائع جدا منذ أيام كنت فيه، إطلالة ساحرة,5,Modern Standard Arabic
3130,مكان جميل جدا,5,Saudi Arabia
3131,طعام شهي وبأسعار تنافسية,5,Oman
3132,موقع رائع على البحر ومكان مفعم بالحيوية ووجبات رائعه,5,Yemen
3133,غالي جدا,1,Saudi Arabia
3134,الخدمة ممتازة... مع نكهة رائعة في الأكل والاطلالة المميزة علي قلعة صيدا البحرية,5,Jordan
3135,خدمة سيئة,1,Saudi Arabia
3136,خدمة صفر,2,Libya
3137,مكان راقي Taste,5,Egypt
3138,ممتاز,5,Yemen
3139,جيد,1,Saudi Arabia
3140,مكان واطلالة جميلة,3,Iraq
3141,مطعم وكافي الزوات صيدا مقابل القلعه,4,Iraq
3142,رائع,5,Iraq
3143,طعام ممتاز والمكان ممتاز والعاملين مهذبين واخلاق واسعار جيده.,5,Oman
3144,طعام لذيذ جدا وخدمه ممتازه,5,Saudi Arabia
3145,بتمنالك التوفيق ودائما إلى الأفضل مطعم بيت السمك أفضل واطيب سمك أكلت بحياتي بتمنالك التوفيق ناصر الحلبي,5,Syria
3146,الطعم لذيذ لكن الاسعار غالية جدا ومبالغ فيها.,3,Saudi Arabia
3147,الخدمه سيئه وبطيئة جدا ، الطعام لابأس به ليس بتلك الجودة ، المكان سيئ لاتوجد مراوح للتبريد كافية,1,Oman
3148,احلي واجمل سمك اكلنا، تعالي افتح فرع في مصر,5,Egypt
3149,خدمة وسعر سيء تماما,1,Saudi Arabia
3150,تلعب نفسية المكان ( الموقع .. الخدمة .. الطبخ اللذيذ ) على شهية الزائر لياكل اطيب سمك ويتلذذ به ويقصده حتى لو كان من منطقة ثانية ... شكرا لبيت السمك وانصح الجميع بزيارته ☺,5,Saudi Arabia
3151,أكل سيء و خدمه أسوء,1,Libya
3152,احله مطعم واطيب سمك,5,Iraq
3153,غالي ومش واو الاكل عنده بصراحة فكرته حلوه بس بدها تطوير اكثر,1,Jordan
3154,غير متكافئ,1,Saudi Arabia
3155,جيد,5,Saudi Arabia
3156,جيد,5,Saudi Arabia
3157,بالغنى عن التعريف .. الاول,5,Tunisia
3158,السمك طازج الطعم كتير طيب,5,Jordan
3159,لقمة طيبة,5,Saudi Arabia
3160,صيدا,5,Lebanon
3161,صيدا,5,Lebanon
3162,نعم,1,Morocco
3163,ممتاز,5,Yemen
3164,منيح,1,Lebanon
3165,مطعم بيت السمك صيدا,4,Lebanon
3166,روعة روعة روعة كيف بدي ومنين بدي بالش الاكل والشرب والاصناف والموظفون وعلى راسهم الادارة شيئ رائع المسرح متناغم مع الموسيقى الخلابة واطلالة رائعة على النهر صالة مغلقة للشتاء دافئة وتراس خارجي للصيف بارد على ضفاف نهر الاولي في صيدا .... مطعم وادي اشمون تجربة انصح بها كل من يبحس عن الاناقة والمثالية في كل شيئ حتى الاسعار,5,Jordan
3167,جلسه رائعه,5,Oman
3168,لا بأس,1,Modern Standard Arabic
3169,مكان رائع واكل طيب,5,Iraq
3170,روووووعة المنظر في مطعم وادي اشمون,5,Palestine
3171,سى جدا جدا جدا,1,Egypt
3172,رائع,5,Iraq
3173,مطعم وادي اشون الاولي صيدا,4,Iraq
3174,خدمه سيئة اكل سيء,1,Yemen
3175,مناسب جدا للاطفال فيه صالة العاب جميلة,4,Saudi Arabia
3176,البطاطا بالسلاد بار قديمة,1,Tunisia
3177,مطعم مميز لتقديم الوجبات السريعه واسعاره معقوله والعاملين فيه رائعين.,5,Yemen
3178,مطعم ممتاز يقدم الوجبات السريعة باسعار معقولة,5,Saudi Arabia
3179,مطعم شاورما تركي صيني دجاج لحمة,5,Saudi Arabia
3180,مميز,5,Iraq
3181,سيئ بكل معنى الكلمة,1,Saudi Arabia
3182,اسعار جيدة,5,Saudi Arabia
3183,دجاج لزيز جدا,5,Saudi Arabia
3184,لا بأس,3,Modern Standard Arabic
3185,لذيذة,5,Morocco
3186,نتغدا عندها اوقات,5,Libya
3187,يا حلاوة,5,Egypt
3188,يمي يمي 76040182,5,Qatar
3189,جربت كثير اكل عدهن من اطيب مطاعم الهامبرغر بصيدا,5,Jordan
3190,اطيب ما قد تتذوقه من الهامبرغر ، انصحكم بتناول فقط الهامبرغ فانا افضلها عن الوجبات الباقية التي لديه فهي تتفوق على كامل اللائحة. ليس هناك خدمة على الطاولات لكنها نظيفة دائما. جو جميل مكان قريب بحاجة الى يافطة اخرى عند الاتوستراد.,4,Saudi Arabia
3191,وجبات مميزة واسعار تناسب الجميع,5,Qatar
3192,جيد,5,Saudi Arabia
3193,رائع,5,Iraq
3194,روعة,5,Saudi Arabia
3195,رائعه,5,Yemen
3196,نظافه و ترتيب و حسن ضيافه + الأخلاق و المعامله مع الزبون ... بالتقدم المزدهر pepo's dinar,5,Yemen
3197,ممتاز,4,Yemen
3198,اسعاره مقبولة,5,Qatar
3199,عنوان الاكل بصيدا,5,Iraq
3200,ماشاء الله تبارك الله,5,Qatar
3201,طيب,5,Yemen
3202,هذا المكان طعامه رائع ولذيذ جدا جدا أحبه😘,5,Modern Standard Arabic
3203,طعم طيب... نظافة ....وذوق ....واسعار مقبولة,5,Qatar
3204,مطعم ممتاز ديكور جميل وأداره ناجحة تسلم ايدكم,3,Saudi Arabia
3205,ممتاز,5,Yemen
3206,ييمممم رائعه,5,Egypt
3207,روعه,5,Saudi Arabia
3208,شاورما منا طيبه ابدن مطعم فاشله و سعر غالي آخر مره,1,Iraq
3209,جيد جدا و خدمة رائعة,3,Saudi Arabia
3210,اكل طيب وخدمة ممتازة,5,Saudi Arabia
3211,جيد جدا,4,Saudi Arabia
3212,مطعم جيد جدا,5,Saudi Arabia
3213,جيد,4,Saudi Arabia
3214,اطيب شاورما,5,Yemen
3215,صيدا,5,Lebanon
3216,طيب ونظيف والأسعار مقبوله,4,Yemen
3217,سمك طازج وأكل طيب وخدمة حلوة وقعدة رايقة مناسبة للأفراد والعائلات .🌷🌷,5,Egypt
3218,لقريدس المشوي لذيذ جدا,5,Saudi Arabia
3219,خدمة سريعة ومكان مقبول جدا لتناول السمك المقلي والمشوي مع بعض المقبلات المرافقة. مكان صالح لتناول السمك.,4,Oman
3220,جميل جدا,5,Saudi Arabia
3221,ممتاز,5,Yemen
3222,أفخم مطعم في صيدا,5,Palestine
3223,أنضف و أطيب سمك بصيدا,5,Lebanon
3224,جيدة جدا,3,Saudi Arabia
3225,محل جميل واكله لذيذ عجينته خفيفه ولذيذه جداً,5,Oman
3226,طعم طيب ...شكل جميل ...انواع كتير ...وخدمة ممتازة,5,Saudi Arabia
3227,تجربة جديدة لمفهوم جديد في المعجنات,5,Algeria
3228,مكان روعه والاكل اطيب,4,Saudi Arabia
3229,"المكان عادي وأقل شوي كمان، الخدمة سيئة نسبيا""ملاحظات: منقوشة زعتر ورمان : تغيير قليل بطعمة الزعتر والصورة أطيب من النكهة الخبز طازج من الفرن طبق البيض : دون المستوى لبنة: مش بلدية",2,Jordan
3230,اطيب لقمه واحلى خدمه,5,Yemen
3231,ولا اطيب,5,Tunisia
3232,ممتاز,4,Yemen
3233,مقبول,2,Iraq
3234,مكان مريح .....اطلالة جميلة... اكل طيب ..وخدمة ممتازة,5,Saudi Arabia
3235,) مكان مميز و اسعار ممتازة جدا .. ومناسب لاصطحاب الاطفال,5,Saudi Arabia
3236,مطعم المحطه طريق صيدا لقمه طيبه ومعامله جيده,3,Yemen
3237,خدمات حلوه,5,Libya
3238,اعتقد ان طعامه غير صحي وليس مكان نظيف,2,Saudi Arabia
3239,شكرا على جهودكم,4,Qatar
3240,روعه,5,Saudi Arabia
3241,لا ينقصهم شيئ,5,Modern Standard Arabic
3242,ممتاز واكله طيب,4,Jordan
3243,يوصل الطلب غير صحيح وثانيا بنزل ماء بدون طلب وبيحسبا مع الفاتورة,3,Saudi Arabia
3244,ممتاز,4,Yemen
3245,اطيب شاورما,4,Yemen
3246,مناسب ومتوسط الاسعار جيد المذاق وافر الكميه,4,Saudi Arabia
3247,المطعم نظيف والخدمه ممتازة والطعام لذيذ جدا,4,Saudi Arabia
3248,أكل طيب,4,Syria
3249,لذيذ,4,Saudi Arabia
3250,نظافة وكرم وطعم مميز جدا.,5,Saudi Arabia
3251,جميل الله يعطيكن الف عافيه,4,Yemen
3252,كتير طيب وبالذات ابو فؤاد ملك سيخ الشاورما,5,Syria
3253,صاحب المطعم السيد كريم حمزة و شريكه السيد نيبال عيون ورجل اﻷعمال فوزي . مطعم الحمرا يقدم لزبائنه اشهى الأطباق. فريق عمل متكامل يسعى لخدمة الزبائن على اعلى مستوى .,3,Saudi Arabia
3254,الافضل في هذا المجال,5,Yemen
3255,اكل طيب ومكان ظريف خدمة ممتازة,5,Syria
3256,طعم لذيذ وأسعار جيدة,4,Oman
3257,الاكل كتيييير طيب الشاورما والبروستد والاسعار كتير حلوة,5,Egypt
3258,الطعام لذيذ، والخدمة جيدة جدا,4,Oman
3259,مطعم يقدم وجبات لذيذة وسريعة اسعار مناسبة,5,Qatar
3260,مطعم شاورما وفروج.بروستد مشوي كريسبي,3,Syria
3261,من أجمل المطاعم,5,Modern Standard Arabic
3262,رأع وأكثر من ذلك,5,Oman
3263,لا بأس به,3,Modern Standard Arabic
3264,طعم ممتاز وسعر مناسب,5,Saudi Arabia
3265,جيد جدآ,5,Egypt
3266,اشهى مأكولات,5,Jordan
3267,فروج فيه كنير طيب,5,Egypt
3268,جيد,5,Saudi Arabia
3269,يقدم اشهى المأكولات الغربيه على الطريقه السوريه,4,Yemen
3270,جميل جداً,5,Sudan
3271,اي,5,Iraq
3272,النهر هنا جميل والهواء نقي وشاعري ولكن لا يمكننا السباحه في الماء,4,Oman
3273,في 26 \ 8 \ 2018 حين قصدنا منطقة الجنوب وابل السقي كان هذا المطعم مقصدنا اكلنا في هذا المطعم والملفت انه كبير جدا وجميل جدا ورائع جدا الأكل فيه طيب الخدمة فيه رائعة جدا رغم كثرة العدد اجواء المطعم مقبولة ديكوره جميل جدا انصح بزيارته,5,Saudi Arabia
3274,أرقى الجلسات واطيب مأكولات البحصاصة عنوان في عالم الكبار,5,Egypt
3275,خدمة وسط طبيعة خلابة,5,Sudan
3276,ممتاز جدن,5,Palestine
3277,مكان جميل,5,Saudi Arabia
3278,جميل,4,Egypt
3279,رائع وهادئ,5,Iraq
3280,روعة في الجمال والترتيب والأكل المميز والخدمة الرائعه .,5,Egypt
3281,جمبل,5,Oman
3282,انه مكان جميل وراءع يلفت النظر لحظة الدخول اليه,5,Saudi Arabia
3283,رائع جدا,5,Egypt
3284,أكثر من رائع,5,Modern Standard Arabic
3285,من افضل المطاعم. اكل طيب و خدمه ٥ نجوم و قعده رائعه,5,Yemen
3286,ررررررروعة ميه ميه,5,Egypt
3287,من أفضل المطاعم في منطقة مرجعيون.,5,Oman
3288,مطعم نبع البحصاصة - حاصبيا - نهر الحاصباني,4,Lebanon
3289,انا مطعم التوتانجو يقدم خدمات جيدة. وبل أضافة انه يقع في رائس ابجبل لذالك يتمتع بأطلالة رائعة,5,Oman
3290,راق,5,Iraq
3291,روعه واطلاله وبراس الجبل,5,Iraq
3292,طعام لذيذ، مكان مرتب؛ مناظر الطبيعة خلابة؛ والأهم ان معاملة الموظفين راقية ومحترمة,5,Saudi Arabia
3293,جيده نوعا ما,3,Oman
3294,ممتاز,5,Yemen
3295,مكان راق والاكل لذيذ وجلسات مريحة,5,Qatar
3296,مليح,5,Libya
3297,مطعم وناد وصالات افراح ومناسبات رائع,5,Iraq
3298,جلسه مطله وخدمه رائعه ومكان انيق وله تاريخ,5,Yemen
3299,اطيب اكل واجمل منظر مع طله روعه,5,Yemen
3300,مطعم جميل؛ خدمة سريعة ؛ اهتمام بالزوار,5,Saudi Arabia
3301,جميل,4,Egypt
3302,ماكولات لبنانية ومنظر مطل على النبطية,5,Syria
3303,الجودة والنظافه ....,5,Yemen
3304,مناسبة تكريم اشخاص,1,Iraq
3305,انا من نفذ التمديدات الصحيه في هذا المطعم,5,Yemen
3306,جيدا جدا,5,Saudi Arabia
3307,خدمة جيده ونظافه السويت ممتازة واطلاله رائعه. بالاضافه الى اسعارهم جيده. بالنسبه لغير اوتيلات.,5,Iraq
3308,موقع جميل وخدمة جيدة وموتيل جيد,3,Saudi Arabia
3309,مكان جميل ورائع والخدمة ممتازة,3,Saudi Arabia
3310,مطعم موميز أكلة طيب كتير,5,Syria
3311,مكان رائع للكبار والصغار انصح بهذا المكان ممتاز,5,Saudi Arabia
3312,المكان جميل جدا قرب النهر الطريق طويل فيه مكان للعائلات سمك نهري طازج الاكل يجب أن يكون افضل الأكل عادي والأسعار أكبر من مستوى الطعام هاي مشكلتنا مع اللبناني : يريد ربح المال وليس الزبون,3,Oman
3313,رائع ويستحق 6 نجوم.,5,Saudi Arabia
3314,المكان رائع كطبيعة ولكن الطريق المؤدية له سيئة جدا ويحتاج المنتزه لتطوير كبير ليرتقي للحد الادنى من متطلبات السياحة الخارجية,3,Saudi Arabia
3315,مطعم موميز أكلة طيب كتير,5,Syria
3316,مكان رائع للكبار والصغار انصح بهذا المكان ممتاز,5,Saudi Arabia
3317,اكثر من رائع لكن يحتاج الي زيادة في عدد الموظفين,4,Saudi Arabia
3318,مطعم رائع وممتع والخدمة جيده,4,Oman
3319,جيد جدا وأكل طيب,5,Saudi Arabia
3320,اطيب اكلة,5,Saudi Arabia
3321,المكان ممتاز لكن خدمه الطعام بطيئه جدا.,3,Yemen
3322,قعدة روعة وخدمة ممتازة,5,Saudi Arabia
3323,راااائع جداااً,5,Egypt
3324,مكان مكتض في ايام الاعياد,2,Oman
3325,مكان رائع واطيب لقمة,5,Saudi Arabia
3326,تجربتي ممتازة جداجداجدا,5,Egypt
3327,جلسة جميلة جدا واسعار جيدة,5,Saudi Arabia
3328,أروق مكان وأصفاه للرأس,5,Oman
3329,رائع,5,Iraq
3330,لا بأس,5,Modern Standard Arabic
3331,رائعه,5,Yemen
3332,مظهر رائع اجواء جميلة,5,Iraq
3333,جيدا,5,Yemen
3334,مطعم مأكولات محلية يمكن اصطحاب الاولاد نظيف اسعار معقولة,3,Saudi Arabia
3335,مكان أثري هادئ,5,Iraq
3336,جيد,4,Saudi Arabia
3337,مطعم شرقي سياحى تراثى رائع,5,Egypt
3338,صالة اعراس جيدة,3,Saudi Arabia
3339,ما دون الوسط في كل شي لا انصح بالدخول اليه,1,Saudi Arabia
3340,خدمة سريعة، المكان مريح، الطعام لذيذ بالرغم من الإزدحام وعجقة الرواد تستقبلك البسمة على وجوه الموظفين.,5,Iraq
3341,دليت حدا على المطعم ... سودتولي وجي اتصل يطلب دليفيري كانت معاملة سيئة جدا على التلفون,1,Syria
3342,اسعار مناسبه وطعام جيد,4,Oman
3343,مطعم اكلات سريعة اكل جيد اسعار مناسبة,4,Saudi Arabia
3344,مطعم رائع وجميل وأكله طيب,4,Jordan
3345,جيد جدا شيعار النظاف ممتاز,5,Iraq
3346,مطعم ممتاز و اكل رخيص و لذيذ,5,Jordan
3347,افضل شي موجود بصور وشعبي بلبي حاجة كافة الفءات,1,Iraq
3348,سعرو كتير غالي ابو ديب افضل,3,Palestine
3349,أطيب أكله من لقمي هنيه,5,Syria
3350,اكلات طيبة وخدمه رائعه,4,Egypt
3351,اطيب وانجح مطعم على صعيد لبنان,5,Jordan
3352,طعمي شهيه,5,Libya
3353,خدماته جيدة,5,Saudi Arabia
3354,سعر غالي واكل عادي البوظة والكوكتيل مش كتير طيبين بالنسبة للسع,2,Jordan
3355,أطيب ككتيل,5,Iraq
3356,مكان راقي,5,Saudi Arabia
3357,مش منيح,1,Palestine
3358,جيد من حيث الاستقبال مزدحم بعض الشيئ,3,Oman
3359,قرف سراقين,1,Libya
3360,مكان مميز ورائع,5,Saudi Arabia
3361,جيده ممتازه نظيف واكلها روعه,5,Iraq
3362,اكله طيب واسعار معقوله,4,Yemen
3363,الى الامام,5,Oman
3364,ممتاز,5,Yemen
3365,مطعم جيد جداً,5,Saudi Arabia
3366,ممتاز,5,Yemen
3367,اعمل في المطعم,5,Oman
3368,لا بأس بها,3,Modern Standard Arabic
3369,مطعم مميز والنظافة مميزة,5,Iraq
3370,أطيب و أشه الأطعمة موجودة في الجواد The most delicious food is found in Al Jawad Restaurant,5,Saudi Arabia
3371,رائع,5,Iraq
3372,جيد جدا,5,Saudi Arabia
3373,اسعار نار وأكل عادي جدآ,1,Egypt
3374,مكان رائع,5,Iraq
3375,جميل ومعقول,5,Egypt
3376,لذيذ جدا,5,Saudi Arabia
3377,مطعم ممتاز,5,Saudi Arabia
3378,اكل لذيذ,5,Saudi Arabia
3379,رائع,5,Iraq
3380,َممتاز,5,Oman
3381,مريح,3,Iraq
3382,من أفضل المطاعم في لبنان,5,Oman
3383,احلا مطعم,5,Jordan
3384,حلوجدن,5,Lebanon
3385,جيد جدآ,3,Egypt
3386,أصناف الطعام متنوعة ويتميز المطعم بالمأكولات البحرية.,5,Oman
3387,طعام لذيذ,5,Modern Standard Arabic
3388,جيد,4,Saudi Arabia
3389,مطعم شواطينا يعود ريعها للايتام.,5,Iraq
3390,تتوافر جميع الخدمات,4,Oman
3391,مطعم شواطينا، صور,4,Iraq
3392,من أرقى المطاعم,5,Egypt
3393,للترفيه,5,Algeria
3394,ممنتاز,5,Lebanon
3395,كولش طيب الاكل بيه وشعبي يمثل تراث صور واهلها انصح بيه ونظيف الاكل والخدمه زينه,4,Iraq
3396,مطعم مميز متوفر به اصناف شهية ويوجد مواقغ للسيارة.وعنده استعداد للحفلات,4,Saudi Arabia
3397,اطيب لقمه,5,Yemen
3398,مطعم شعبي يقدم الدجاج المشوي والشورما ،والعصائر والبوظة، الشورما ذات طعمة جيدة ،بحاجة للاهتمام بنظافة المكان اكثر,5,Saudi Arabia
3399,اكله طيب واسعاره منيحة مش كتير غالي بنصحكم تجربو بس ما عنده اراجيل,4,Palestine
3400,وجبات لبنانية درجة اولى .. و اكلة طيبة و طلة حلوة,5,Jordan
3401,جيد,3,Saudi Arabia
3402,رائع,5,Iraq
3403,اطيب اكلة و احلى طلة,5,Jordan
3404,كتير جيده جدا,5,Sudan
3405,جميل,3,Egypt
3406,المطعم حلوووووو يجننن,5,Saudi Arabia
3407,أطيب لقمة,4,Egypt
3408,متوسط,3,Tunisia
3409,احلى مطعم والله,5,Iraq
3410,شو ها الصورة كتير مزعجة,4,Jordan
3411,البحر في صور بجنن بس الجو بارد جدا والاثار حلوة كتير,3,Egypt
3412,طعام جيدا مكان نضيف وشاطئ جميل في مشروب,5,Oman
3413,مكان رائع,5,Iraq
3414,منتزه بحري ممتاز و يوجد خدمات مقبولا,3,Saudi Arabia
3415,روعه,5,Saudi Arabia
3416,جيد,4,Saudi Arabia
3417,رائعة جداااا,5,Egypt
3418,نضافه البحر وهدوء المكان,5,Egypt
3419,الاكل لذيذ لكن تقديم الاكل غير احترافي,5,Saudi Arabia
3420,اكلوا طيب,5,Lebanon
3421,اطلالة بحرية مميزة,3,Saudi Arabia
3422,اكلات صحية و جلسة عصرية .. متميز,5,Libya
3423,رائع,5,Iraq
3424,مكان رومانسي و اطلالة رائعة ووجبات ممتازة 🤗🤗,5,Jordan
3425,شهي ولذيذ,5,Saudi Arabia
3426,الطعام ممتاز وبأسعار تنافسية,5,Oman
3427,لا يوجد موقف للسيارات,5,Modern Standard Arabic
3428,أفضل مطعم,5,Modern Standard Arabic
3429,ماكدونالدز المطعم العالمي .. يقدم دائما افضل طرق اعداد البرغر الشهي و البطاطا المقرمشة بمذاق مميز و فريد .. يقع ماكدولندز فرع صور عند المدخل الجنوبي للمدينة و يتميز بموقع فريد حيث يوجد بالقرب من مجموعة مميزة من المقاهي و الاماكن الترفيهية .. مكان مميز يستحق الزيارة و ملائم لاصطحاب الاطفال,5,Saudi Arabia
3430,طعام شهي,4,Modern Standard Arabic
3431,عروض رائعة .. ووجبات قيمة .. احب هذا المكان,5,Saudi Arabia
3432,وجبات سريعة واسعار مرتفعة,3,Qatar
3433,رائع,4,Iraq
3434,مكان رائع و خدمة ممتازة,5,Saudi Arabia
3435,جيد,4,Saudi Arabia
3436,جيد جيدا,5,Saudi Arabia
3437,"لقد زرت محلات حافظ مصطفى في إسطنبول و التي تعتبر من الافحم لكنها لا تقارن بروائع قصر الحلو في طرابلس لبنان و الذي يقدم اكثر من 1000 صنف و تصل طلبات الناس من جهات الارض الاربعة , انصح كل من يزور مدينة طرابلس لبنان ان يأخذ حلويات من قصر الحلو كهديا لمن يحب",4,Saudi Arabia
3438,انا من جده بلسعوديه جاري جاب لي علبة حلو، بصرحه من اطيب الحلويات الي ذوقتها ، ممتاز الله يبارك لكم,4,Yemen
3439,قصر الحلو حلويات عبد الرحمن الحلاب مميز متل نار على علم فخامة واصالة وتاريخه عريق منذ 1881 ولقمة شهية ولذيذة وخدمة وفيرة,5,Syria
3440,حلويات طرابلسية مميزة يمكن ان تحصلوا عليها اين ماكنتم في العالم ..,4,Oman
3441,قصر المر حرام يتسمى قصر الحلو لا طعم ولا ذوق ولا بيعرفوا شي عن الحلو لأ انصح أحد بدخول هذا الكهف المهجور السيء بكل ما يوصف فالخدم أشباح تقشعر من منظرهم الابدان وهو سمعة شنيعة لمدينة طرابلس انصح باغلاقه بالشمع الأحمر مالت عليكم وخسيتم ناقص خمس نجوم,1,Iraq
3442,جيد بس بطيء بتلبية الطلب,1,Iraq
3443,حلاوة الشميسي، زنود الست، مفروكة، حلاوة الجبن. كنافة بقشطة و لحم بعجين,4,Egypt
3444,أفضل محل حلويات قصر حلو عبدالرحمن حلاب,5,Yemen
3445,جيد وخدمه ممتازة ومريح,5,Oman
3446,مكان رائع وحلو عند غير شكل.,5,Saudi Arabia
3447,مكان مميز ومريح وخدمة ممتازة وطعام جيد لذيذ,5,Saudi Arabia
3448,سوء في الخدمة و عدم السرعة في تاديت الطلب و عدم التناسق في تقديم الطلب كميت الاكل ليست كافيه تقديرا بسعرها ولاكن مدير الصالة جدا مهذب و قام بعمله على اجمل وجه ولاكن في الاخر كنت غير سعيد بهذه الوجيه ١: التأخير ٢: عدم التناسق في تقديم الاكل في محل راقي ٣:طلبت اكثر من مره بنوع من انواع الصوص ( طرطور) و طلبت من النادل عدت مرات و يتوعد حتى خلص الاكل و لم يأتي بالطلب ٤: سعر غالي بالنسبه لكميت الاكل ٥: كان مدير الصالة احلى شي و محترم,1,Saudi Arabia
3449,صحن اللحم بعجين ٦،٥٠٠ ل.ل. كتير طيب بس بعد ما تجي الفاتورة بتصير بتفكر بالطعمة ..,4,Syria
3450,في الحقيقة أنا مررت بجانب القصر فقط,5,Modern Standard Arabic
3451,قصر الحلو بكل ما في الكلمة من معنى,5,Morocco
3452,مثل علم مزقت اطرافه الرياح لكنه ما زال يرفرف. #,5,Saudi Arabia
3453,زينة مدينتي الحبيبة طرابلس (قصر الحلو),4,Qatar
3454,مكان جيد وخدمة جيده والنوعية رائعه,5,Oman
3455,اكيب البوظة العربية .. و اشهى الحلويات الطرابلسية,5,Jordan
3456,كل شيء سهل عند الحلاب في طرابلس,5,Saudi Arabia
3457,طعم ومذاق جيد شهي اطيب شيئ البوظة لكن هو مزدحم,4,Sudan
3458,مكان رائع,5,Iraq
3459,جيد جدا 5 نجوم,5,Saudi Arabia
3460,كنت اعمل فيها أنه من أفخم أنواع الحلويات وجودة ممتازة انهه آشهر وأطيب حلو في لبنان كله,5,Egypt
3461,جيد جدا,4,Saudi Arabia
3462,ممتاز,5,Yemen
3463,ي ي الله من فضله إنا نسألك الجنة بلا حدود 🐶🐴🐱🚊🐯🐸🐰📱📷📹,1,Egypt
3464,رائع جدا,5,Egypt
3465,طعم جيد. مزدحم عادة. سعر مرتفع. موقع مزدحم مروريا غالبا. يوفر مواقف مجانية لزبائنه ويقدم ماء الشرب مجانا.,4,Modern Standard Arabic
3466,رائعة جدا وأنصح الجميع بها,4,Oman
3467,اطيب طعم,5,Jordan
3468,فيه كل ماتحتاجونه من حلويات شرقية وغربية,5,Saudi Arabia
3469,انا من طرابلس وكتييييير بحب الحلو يلي منطلبو من عند الحلاب😍,5,Syria
3470,تجربة حلوة,5,Saudi Arabia
3471,غني عن التعريف,4,Sudan
3472,فخامة,5,Morocco
3473,جيدة,4,Saudi Arabia
3474,مع الأحباب,5,Syria
3475,لم تجربه بعد,4,Modern Standard Arabic
3476,أطيب حلو وأطيب بوظة وأطيب كاتو,5,Lebanon
3477,كتير ممتاز,1,Syria
3478,ان هذا الطعام لذيذ جداااااا,5,Saudi Arabia
3479,رااااائع,5,Egypt
3480,"صناعه حلويات فاخره جدا وخدمه ممتازه للزبائن ,,",5,Yemen
3481,اشهى المأكولات واطيب حلويات,5,Saudi Arabia
3482,من بعد حلويات القناعه ما في حلوه,2,Sudan
3483,لقمة طيبة ولكن مكان مزدحم,5,Oman
3484,جيد,4,Saudi Arabia
3485,افضل مكان للحلويات العربية,5,Saudi Arabia
3486,احلى قعده,5,Oman
3487,قصر الحلو فعلا,5,Jordan
3488,جيد,4,Saudi Arabia
3489,حلويات لذيييذة جدا,5,Saudi Arabia
3490,احلى وأطيب حلو بلعالم,5,Syria
3491,بشهي,5,Jordan
3492,اطيب حلو بلعالم,5,Syria
3493,اطيب حلو,5,Tunisia
3494,راق,5,Iraq
3495,ممتاز,5,Yemen
3496,بدكن شو واحد يشتغل,5,Lebanon
3497,ممتاز,5,Yemen
3498,طعام لذيذ وخدمة راقية جداً,5,Oman
3499,اطيب لقمة احلى الاسعار.. شي نظيف مرتب ومميز,5,Morocco
3500,جميل وهادء,3,Saudi Arabia
3501,يقع المطعم في منطقة المرفأ .. في مدينة طرابلس عاصمة الشمال اللبناني و المنطقة جميلة و شارع ملئ بالمطاعم و المقاهي الفاخرة و ذات الاسعار المدروسة الاكل ممتاز و رائع .. السعر ممتاز و ضمن المعقول و الاجواء اكثر من رائعة .. الخدمة ممتازة و الضيافة و طريقتها رائعة .. احببت المكان و انصح جدا بالزيارة .. بالاضافة انه مناسب للاطفال,5,Saudi Arabia
3502,من المطاعم الجيدة في طرابلس,5,Oman
3503,مطعم بمستوى عادي جدا ..الطعم لا بأس به والخدمة جيدة جربت مسقعة الباذنجان كانت جيدة وشقف اللحم المشوي ..,3,Saudi Arabia
3504,مطعم 🍴 راقي ومميز في منطقة راقية ومميزة منطقة الضم والفرز في طرابلس ويتميز بأطباقه الشهية والمميزة والمتنوعة.,5,Oman
3505,لقمة طيبة ونظيفة ..وضيافة مميزة وجو مناسب..,1,Qatar
3506,رائع,3,Iraq
3507,حلوه,5,Iraq
3508,مطعم روعة,5,Saudi Arabia
3509,لكنه لم يعد يهتم كما في السابق كوني اقصده من البقاع خاصة عندما وجدت انه قد تم تمييز بعض الطاولات بالفواكه والحلويات بنوعيات افضل واكثر وطلبنا اعطائنا حسب عددنا حلويات قال لنا البعض انه لا يوجد فوجدنا انه اعطي للغير عندها تم اعطاؤنا للاسف كنت ارسل كل من اعرفه الان اصبحت اذهب الى غير مطعم بطرابلس لذلك اتمنى ان تصل رسالتي هذه الى القيمين على المطعم لاننا كنت من رواده ومشجعيه لكن الان اصبحت اسعاره باهظة مثلا كيلو المشاوي 58000 عند غيره 30000 والخدمة لم تعد كما كانت د.ناجي طويل,3,Oman
3510,لقد اعجبني ممكن الإجابه على سؤالي شكرا,5,Oman
3511,رائع..❤,5,Iraq
3512,"ويستحق مطعم ""بيتنا"" أن يكون واحدًا من أفضل مطاعم مدينة طرابلس. وإلى جانب الطابع الشرقي الرائع للمطعم، وتصميمه الداخلي الذي يوحي بأنك تجلس في خيمة عربية، يقدم المطعم تشكيلة متنوعة ومختلفة من المأكولات والمقبلات اللبنانية، بالإضافة لخدمته المميزة. وأنصحكم بتناول طعام الفطور فيه، حيث يحصل الشخص على تجربة أخرى مختلفة بعض الشيء عن زيارة المطعم للغداء أو العشاء.",5,Modern Standard Arabic
3513,خدمة غير مناسبة,1,Saudi Arabia
3514,اكل جيد وخدمة جيده واسعار ممتازه,4,Oman
3515,مطعم يتميز بمساحات كبيرة وطعام شرقي لذيذ ومتنوع بالاضافة الى الحلويات والفاكهة,4,Saudi Arabia
3516,ريستوران بالضم و الفرز طرابلس لبنان,4,Lebanon
3517,أسعاره فوق المتوسط,3,Saudi Arabia
3518,مكان جميل وخدمة رائعة👍,5,Oman
3519,لديه باقة من المقبلات الرائعة,5,Modern Standard Arabic
3520,طييب,5,Tunisia
3521,اكله طيبه وخدمه سريعه والقعده روعه,5,Oman
3522,جيد,4,Saudi Arabia
3523,كأنك مرتاح ببيتك,5,Syria
3524,لا بأس,1,Modern Standard Arabic
3525,الاكل لذيذ وأسعار معقولة,5,Saudi Arabia
3526,ممتاز,5,Yemen
3527,جيد جدا كرم ضيافه و لقمي طيبه و إهتمام أمره,5,Sudan
3528,مطعم متنوع,4,Qatar
3529,شي روعة عنجد وووووووواو,5,Lebanon
3530,رائع,5,Iraq
3531,وووواوووو,5,Algeria
3532,مطعم نظيف وانيق وهدمته ممتازة,5,Saudi Arabia
3533,موقع على شارع مهم بطرابلس,3,Syria
3534,رائع,5,Iraq
3535,أنا عم دور عل وظيفه أذ بدكن عل موقف سيارات,5,Lebanon
3536,نايس وكريم,4,Egypt
3537,جيد,3,Saudi Arabia
3538,مطعم زقرتي 👍,4,Qatar
3539,ممتاز,5,Yemen
3540,طعام طيب وجلست هادئه,5,Oman
3541,خدمة جيدة,4,Saudi Arabia
3542,سعر مناسب والاكل لذيذ,5,Saudi Arabia
3543,مكان جيد وخدمة ممتازة,5,Saudi Arabia
3544,مطعم مميز في طرابلس يقدم أفضل الوجبات بالنسبة لي,5,Oman
3545,بحب المكان ...والخدمة والاهتمام,4,Syria
3546,جيد,4,Saudi Arabia
3547,مكان هادئ جميل متناغم يتميز باللباقة و السرعة في تلبية الطلبات,5,Saudi Arabia
3548,انه جميل جدآ,5,Egypt
3549,اسعار حلوه واكلو طيب,5,Yemen
3550,راايق و نظييف,5,Egypt
3551,الهدوء والطعام اللذيذ والخدمة المميزة,4,Oman
3552,الافضل بطرابلس,5,Syria
3553,مكان جميل,5,Saudi Arabia
3554,ماشي حالو بس اركيله سيئه,5,Iraq
3555,رائع,5,Iraq
3556,رائع ونظيف ولقمه حلوه نكهه خاصه,4,Yemen
3557,مكان جيد للإفطار وخاصتا لمحبي الحمص والفول والفته على انواعهم,3,Oman
3558,يجب على كل من يأتي الى طرابلس …,5,Oman
3559,مكان لطيف، طعم رائع، وخدمة جيدة جدا,5,Saudi Arabia
3560,احب الطعام عنده وخصوصا الفتة مع البهارات الماليزية,5,Saudi Arabia
3561,جيد جدا وخدمة ممتازة ولكن نهار الاحد زحمة جدا لموقف السيارات,5,Morocco
3562,اكل طيب وخدمة ممتازة,5,Saudi Arabia
3563,انه جميل,5,Saudi Arabia
3564,كتيير حلو والخدمة ممتازه والاكل طيب,3,Libya
3565,مطعم فول وحمص ممتاز,3,Saudi Arabia
3566,بيقول محمد اليوسف(ابن المرحوم ابو هاني)لزيزه,3,Egypt
3567,الفول والحمص الطرابلسي مع مراعاة التراث في اختيار شكل المطعم من الداخل,4,Syria
3568,مطعم للحمص والفول والفتة,4,Iraq
3569,جيد وممكن زيارة مع العائله,4,Saudi Arabia
3570,فشل بامتياز,1,Palestine
3571,لم أزر ذلك المطعم,3,Modern Standard Arabic
3572,مطعم جيد,3,Saudi Arabia
3573,خدمةجيدة وطعام ممتاز,5,Saudi Arabia
3574,مكان رائع,4,Iraq
3575,اطيب اكل والله ما حدا بعرف يعمول هك اكل الله يرزقك,5,Iraq
3576,هادئ جدا,5,Saudi Arabia
3577,وسط,3,Libya
3578,طرابلس,5,Lebanon
3579,اكله طيب وسعره معقول,5,Saudi Arabia
3580,جيد جدا,5,Saudi Arabia
3581,رائع,5,Iraq
3582,مهم,5,Egypt
3583,في متناول جميع الإمكانيات,4,Modern Standard Arabic
3584,اطيب ترويقة,5,Iraq
3585,لذيذ,5,Saudi Arabia
3586,مميز,5,Iraq
3587,نظافة وطعام لذيذ جدا جدا,5,Saudi Arabia
3588,"لذيذ جدا""",5,Saudi Arabia
3589,مكان رائع وجميل ولديه اطلاله رائعه وطعامه لذيذ,5,Saudi Arabia
3590,مطل رائع وطعام لذيذ,5,Iraq
3591,اطباق شهية و كبيرة و مكان رومانسي,5,Saudi Arabia
3592,جميل نظيف وبدون تدخين,4,Saudi Arabia
3593,الطعام سيء جدا,1,Saudi Arabia
3594,المكان حلو و رواق بعيد عن العجقة و الموتارات، مطل على بحر مينتي (الميناء) و فيك تشوف زيرة الرنكين، العالم الموجودة هون محترمة (شغيلة و زبائن)، الأكل طيب بس الصاص تبعيت الدجاج كانت مريئة كتير يا ريت لو دسمة أكتر. مطعم خرج عائلات أو واحد و خطيبتو أو مرتو. برافو هاك مطاعم بترفع من القيمة السياحية لطرابلس الشام و الميناء.,5,Lebanon
3595,مطعم رائع ومميز بمأكولاته الشهية وموقعه الجميل,5,Oman
3596,مطعم طعامه لذيذ ورائع,5,Iraq
3597,بصراحة انا شاب لبناني عمري 27 سنه عامل تنظيف أو جلي خبره 7 سنوات ابحث عن هذا المجال 70408890 هلال لا يهمني المال,5,Oman
3598,جلسه راقيه وأكلو بعقد ونظافه وترتيب وحتى نرجيله غير شكل,5,Iraq
3599,لزيز,5,Libya
3600,ممتاز جدا,5,Saudi Arabia
3601,مطعم إيطالي يقدم سباكيتي والاسماك,5,Qatar
3602,رائع جدا اكل طيب اطلالة حلوة,5,Saudi Arabia
3603,طعامه لذيذ,4,Saudi Arabia
3604,مشلحين أغلى من فرنسا,5,Jordan
3605,خساره فيكن. النجمه لا اكل بيتاكل واسعار اغلى من كازينو لبنان يعني حراميه برخصه,1,Yemen
3606,ممتاز,5,Yemen
3607,مأكولات مميزة اجواء طبيعية رائعة,5,Iraq
3608,جيد ومكان مناسب,5,Saudi Arabia
3609,جيد جدآ,5,Egypt
3610,الخدمة بطيئة والطعام يصل بارد,2,Oman
3611,مكان رائع,5,Iraq
3612,الموقع ممتاز الاسعار سياحية,3,Saudi Arabia
3613,لقد جلسنا في هذا المطعم اكثر من مرة الذي احبه جدا,5,Modern Standard Arabic
3614,كافية ممتع اسعار عادية بالنسبة لبيروت و انواع مختلفة من المشروبات الباردة و الساخة و مكان مناسب للاصدقاء و العائلات و الشباب,5,Saudi Arabia
3615,مكان جميل,4,Saudi Arabia
3616,جميل وخدمة جيدة,4,Oman
3617,أروع المناطق,5,Palestine
3618,كانت قعدة كتير حلوة,1,Jordan
3619,جيدة,3,Saudi Arabia
3620,مناسب للعوائل ومنظر جميل,4,Saudi Arabia
3621,هدواء رائع ومكان نظيف وخدمه ممتازه,5,Oman
3622,منطقة جيدة تحتاج إلى عناية,5,Oman
3623,غير شكل,5,Qatar
3624,الاكل ابدا مش طيب .والانارة داخل المطعم .والاسعار مش مدروسة.,1,Egypt
3625,اكلت. جميل,3,Sudan
3626,رائع,5,Iraq
3627,جيد,5,Saudi Arabia
3628,مكان جيد جيد و مريع,5,Saudi Arabia
3629,بحيرة اصطناعية جميلة فيها بط وقوارب مائية من كافة الأنواع,5,Oman
3630,جيدة,4,Saudi Arabia
3631,قبل يومين تكس علي 03015081,5,Libya
3632,طرابلس,5,Lebanon
3633,رائع,5,Iraq
3634,سرويس دهي كيفيت همه چي عالي,5,Iraq
3635,الاكل المميز الجلسة المميزة الخدمة الرائعة,5,Iraq
3636,كرم في الضيافة وزوق في الخدمات مع طعام لذيذ,5,Oman
3637,جميل جداوخدمة ممتازة,4,Saudi Arabia
3638,مطعم ٥* لقمة طيبة,5,Sudan
3639,من اروع مطاعم طرابلس انصح فيه وبشده,5,Oman
3640,موقع غير جيد,3,Saudi Arabia
3641,ياهك مطاعم يا إما بلا,5,Syria
3642,جيد,5,Saudi Arabia
3643,مطعم راقي ولقمة لذيذة,5,Saudi Arabia
3644,ممتاز,5,Yemen
3645,مكان رائع الاكل افضل من ممتاز و الاسعار مناسبه و المكان راقي جدا و المطرب ممتاز,5,Saudi Arabia
3646,مطعمي المفضل,5,Qatar
3647,خدمة ممتازة,5,Saudi Arabia
3648,هل الاسعار مناسبة أو مرتفعة,1,Oman
3649,رائع,5,Iraq
3650,افضل مطعم بطرابلس,5,Iraq
3651,ريستوران بالضم و الفرز طرابلس لبنان,4,Lebanon
3652,لقمة كتير طيبة خصوصي المنسف والقعدة ولا اروع,5,Syria
3653,جيد جدا,5,Saudi Arabia
3654,المكان الاروع .والطعام الامتع والاكثر لذة والخدمة المميزة,5,Iraq
3655,طعام مميز,4,Saudi Arabia
3656,الطاولات و الكراسي مزعجين جدا بس الخدمة جيدة,3,Saudi Arabia
3657,وسط,3,Libya
3658,رائع,5,Iraq
3659,مكان جيد جدا وراقي,5,Saudi Arabia
3660,مقهى فخمه جميله جدا وطعامها لذيذ,5,Saudi Arabia
3661,يقدم المطعم العديد من الوجبات الجيدة مع وجود قسم خاص للعب الاطفال,4,Oman
3662,مقهى مميز وراقي في منطقة مميزة وراقية منطقة الضم والفرز في طرابلس ويتميز بهدوئه وحسن ضيافته وخدمته وراحة زبائنه.,5,Oman
3663,قعدة حلوه,3,Libya
3664,ممتازة,5,Saudi Arabia
3665,مقهى ولكن مميز …,5,Oman
3666,رائع جدا,5,Egypt
3667,خدمة رائعة و فريق عمل متميّز,5,Sudan
3668,رائع جدا,5,Egypt
3669,حلوة,5,Saudi Arabia
3670,مناسب للعائلات,4,Iraq
3671,جميل جدا,5,Saudi Arabia
3672,جميل وغالي,3,Oman
3673,جيد جدا,4,Saudi Arabia
3674,مكان رائع,5,Iraq
3675,رائع و جميل جدا الاسعار مناسبه جدا و الجو هادئ,4,Saudi Arabia
3676,هادئ و مقبول,2,Yemen
3677,لا باس,5,Oman
3678,الاكل روعة,5,Saudi Arabia
3679,مكان مناسب للتنزه,5,Iraq
3680,مريح,4,Iraq
3681,جلسة حلوة,5,Saudi Arabia
3682,مطعم جيد الطعام لزيز الخدمه جيده الضيافه ممتازه والسعر مقبول,4,Sudan
3683,القعده والخدمه ممتازه من المطاعم الراقيه الاكل طعم لذيذ وافضل طبق حلاوه الرز الطرابلسى 👌,4,Yemen
3684,خدمه ممتازه واكل طيب والاركيله اطيب واطيب شكرا لكل الشباب ومزيد من التقدم,5,Iraq
3685,طعام جيد ولذيذ وخدمة رائعة انصح الجميع بزيارة المطعم,5,Saudi Arabia
3686,كل شي مميز ما شاء الله,5,Qatar
3687,المطعم جيد بخدماته وجودة أطعمته وتنوعها,4,Jordan
3688,"The best. Everything is very good. Meals, service, place, price.Le meilleur. Plats, service, endroit, prix. Formidable. الأفضل بعد تجارب متكررة منذ عامين نوعية الطعام ممتازة و الخدمة رائعة والمكان فسيح و مناسب لمختلف المتذوقين والأسعار معتدلة تماما .",5,Modern Standard Arabic
3689,اللقمة الطيبة ينقصهم ضبط وترتيب موضوع مواقف السيارات اكثر,4,Iraq
3690,مميز للمأكولات الشرقية والارجيله,5,Iraq
3691,جيد و لكن تتأخر الخدمة بسبب ضغط الطلبات في الإفطار,3,Saudi Arabia
3692,المطعم كريم وطعامه طيب واسعاره مقبولة,4,Saudi Arabia
3693,مطعم فيه كل المواصفات السعر والجودة…,5,Saudi Arabia
3694,مركز عمل بيع محروقات جملة,5,Syria
3695,مطعم رائع,5,Iraq
3696,اللقمة الطيبة والمميزة,4,Saudi Arabia
3697,روعة,5,Saudi Arabia
3698,أسوأ جرسونية ، الخدمة مزرية ،,1,Sudan
3699,رائع,5,Iraq
3700,المكان راق و طعامه لذيذ و خدمة ممتازة و لكن...........,4,Saudi Arabia
3701,رائع جدآ ويوجد العاب اطفال آمنة,5,Egypt
3702,ممتاز,5,Yemen
3703,حبيت الكرسبي و بيتزا الخضار 👍 حبيت وجود ألعاب للأطفال في الخلف. التكييف داخل المطعم سيء.. شوبت! المطعم يحتاج الى صيانه و تغير بعض اثاثه. قائمة الطعام العنوانين فقط بالانكليزي و العربي أما وصف الاطباق فهي بالانكليزي فقط...يجب توفير قوائم طعام بالعربي,3,Saudi Arabia
3704,رائع,5,Iraq
3705,روعة,5,Saudi Arabia
3706,طعام لذيذ,5,Modern Standard Arabic
3707,لانني من عشاق لبيتزا,5,Sudan
3708,اطيب لقمه وارخص مطعم جرب وشوف الفرق شي لذيذمممممممممم,5,Oman
3709,اطيب بيتزا بالعالم,5,Jordan
3710,تأخرت البيتزا شوي ، بس لما اجت كانت بتجنن بتعأد ، شو طيبة,3,Syria
3711,طيبا بس السعر شوي زيادا,3,Lebanon
3712,مكان جميل جدا بيحرز المشوار لعنده,5,Egypt
3713,مطعم راقي ومميز بموقعه وأطباقه وخدمته يقدم المأكولات الغربية والشرقية والمازات اللبنانية المشهورة وخصوصاً الكبة النية والتي تشتهر بها منطقة زغرتا حيث يوجد المطعم.,5,Oman
3714,مكان حلو كتيييييييييير بس ما تبعتولي اعلانات مره تانيه,5,Egypt
3715,لقمة طيبة و خدمة ممتازة,5,Saudi Arabia
3716,مطعم الشمال الاول,5,Egypt
3717,مكان رائع,5,Iraq
3718,بصراحة انا شاب لبناني عمري 27 سنه ابحث عن عمل في مجال جلي أو تنظيفيات لديه خبرة 7 سنوات 70408890هلال لا يهمني المال,5,Oman
3719,جيد جدا,5,Saudi Arabia
3720,طله وقعده وجلسه كييف منحب السهر منكرم الضيف,5,Yemen
3721,رائع,4,Iraq
3722,اطيب وأشهى الطعام,5,Oman
3723,مطعم رائع,3,Iraq
3724,مطعم مشهور لكنه لا يقدم الكحول لمن يريد الشرب لكن خدمته رائعة جدا واكله طيب,3,Saudi Arabia
3725,طعم رائع وخدمة ممتازة,4,Saudi Arabia
3726,اطيب لقمة واجمل جلسه,5,Yemen
3727,القاعة المتجددة لاقامة الحفلات التابعة لمطعم الفيصل هي رائعة و يا ليت كل الناس تطلع عليها وكفى الهرولة الى الأماكن البعيدة أي خارج الشمال,5,Oman
3728,مطعم ارستقراطي ذو اسم لامع على مستوى الشمال ...يقع على الاوتستراد البحري في آخر القلمون من الجهة الجنوبية الشرقية ...يوجد موقف واسع للسيارات وصالة واسعة لاستقبال الزبائن مطلة على البحر الذي يفصله عن المطعم الاوتستراد,5,Modern Standard Arabic
3729,مكان رائع ونظيف والطعام لذيذ,5,Oman
3730,من افضل المطاعم,5,Saudi Arabia
3731,اكل شرقي مميز,5,Saudi Arabia
3732,جميل ومريح للعائلات وطعامه لذيذ والأكل فية مريح وممتع,4,Jordan
3733,رائع,5,Iraq
3734,خدمة جدا سيئة في فرع القلمون بعكس المتوقع من هيك مطعم عندو اسم وشهرة فريق العمل غير محترم وقليل فهم,1,Palestine
3735,جيدة,5,Saudi Arabia
3736,نظيف هادئ راقي مأولات لذيذة مميزة اطلالة على البحر مطعم عريق,5,Saudi Arabia
3737,يستاهل اكثر من ٥ نجوم,5,Jordan
3738,تجربه سيئة جدا وستكون ذكرى مؤلمه لدي أنا والعديد من عمال البناء الذين عملوا في هذه المنشأة,1,Oman
3739,اجمل مطل واطيب لقمة في عاصمة الشمال,5,Sudan
3740,ممتاز,5,Yemen
3741,مكان جيد للدعوات العامة,3,Saudi Arabia
3742,جيد,3,Saudi Arabia
3743,جمييييل,5,Yemen
3744,مطل على البحر,3,Saudi Arabia
3745,بيوتيفل,5,Oman
3746,طعام شهي والكباب لحمة مميز و( رز بيستاشيو) لذيذ,4,Saudi Arabia
3747,اكل طيب جدا ومميز عن كافة اماكن الوجبات السريعة,5,Saudi Arabia
3748,مشكورين على جهدكم وهمكم ارضاء كل الاذواق فعلا اسم على مسمى فنانين بالاكل والطعمة ويالخدمة ومع مفاجاتكم يلي ما تخلص والجديد عندكم مالو نهاية........................................................................................................................................................................................................ Thank you for your effort and you will satisfy all the tastes actually named artists by eating and serving and with the service and with your surprises follow what you get rid of and the new you have Malo end,4,Jordan
3749,لقمة طيبة وخدمة جيدة,4,Oman
3750,كوكتيل جيد جدا,5,Saudi Arabia
3751,رائع وشهي,4,Morocco
3752,مكان راقي جدا,5,Saudi Arabia
3753,وجبات لذيذة,4,Saudi Arabia
3754,فعلا مكان رائع بنصح الكل يجربو اللبن يلي بحضّروه😍,5,Palestine
3755,نظيف و خدمة جيدة,4,Saudi Arabia
3756,كان الاكل كتير طيب بس بصراحة آخر مرا بعيد الفطر كان كل الاكل سيئ وقتا دفعت ٥٠ الف ولا شي طيب مستحيل ارجع مرة تانية,2,Jordan
3757,انه مكان رائع وذو طعام ممتاز,5,Saudi Arabia
3758,جميل,1,Egypt
3759,مكان جيد,5,Saudi Arabia
3760,رائع,5,Iraq
3761,يقدم اطعمة لذيذة و شهية لكن اسعاره مرتفعة,4,Saudi Arabia
3762,طعام رائع,5,Modern Standard Arabic
3763,اطيب وجبات السريعة واهم فريق عمل,5,Iraq
3764,شاورما لحوم لذيذة خدمة جيدة,3,Saudi Arabia
3765,رائع وشهي,4,Morocco
3766,طيب و نضيف Tasty and clean,5,Lebanon
3767,ولا اطيب واهم فريق عمل,5,Jordan
3768,ممتاز,5,Yemen
3769,جيد,4,Saudi Arabia
3770,اوك,1,Saudi Arabia
3771,الاسعار مرتفعة قليلا,2,Oman
3772,جيد,3,Saudi Arabia
3773,طعمة ولا ألذ !!!!!!!😋,5,Egypt
3774,كول و شكور 😊,2,Iraq
3775,أروع مقاهي الضم والفرز، جلسة خلابة بين أشجار الليمون، ما يعيد ذكريات الجلسات القديمة التي كان يتمتع بها الطرابلسيون، عندما كانت المدينة جنائن من برتقال وليمون حامض. يقدم المطعم تشكيلة من المشروبات والأطعمة، وهي بالمجمل من المطبخ الغربي، ربما لا تروق لمن يحب الطعام اللبناني التقليدي. المكان مميز لشرب القهوة مع الأصدقاء، أو لكتابة نصوص أدبية في أجواء طبيعية في قلب المدينة.,5,Modern Standard Arabic
3776,مكان رائع,5,Iraq
3777,خدمة مميزة,4,Saudi Arabia
3778,نظيف والخدمة جيدة,4,Oman
3779,مكان جميل جدا,5,Saudi Arabia
3780,جميل جدا,5,Saudi Arabia
3781,افضل مطعم للماكولات الغربية,5,Saudi Arabia
3782,خدمة سيئة,1,Saudi Arabia
3783,رائع جدا,4,Egypt
3784,رائع,5,Iraq
3785,جو هادىء وفي حديقة,3,Saudi Arabia
3786,هي دعا الكطعم حلوا كتير😻,5,Syria
3787,رواء,5,Algeria
3788,محاولة جيد,3,Saudi Arabia
3789,اطيب مطعم وكرم الضيافه عالي جدا,5,Yemen
3790,الطعام جيد والخدمة ممتازة,4,Saudi Arabia
3791,انصح به لقمة طيبة وموقع مميز وادارة محترفة,4,Saudi Arabia
3792,مكان جميل لكن طهام غير لذيذ,1,Modern Standard Arabic
3793,مطعم هادئ وراقي والخدمة ممتازة,5,Saudi Arabia
3794,موقع مميز,3,Saudi Arabia
3795,جميل ومفعم بالتاريخ,4,Modern Standard Arabic
3796,مطعمرائع ومميز بمأكولاته الشهية,5,Egypt
3797,جيد جدا خدمه ممتازه واكل ممتاز,5,Iraq
3798,حسن وليس جيد,3,Oman
3799,مكان رائع بكل ماتعنيه الكلمة,4,Modern Standard Arabic
3800,جيد جدا,3,Saudi Arabia
3801,رايق,4,Syria
3802,كافه رفاعي,1,Iraq
3803,جيد,5,Saudi Arabia
3804,تقدّم رائع! ✌🏻هذا المكان تقدم جدًا منذ اليوم الأول الذي فتح فيه ابوابه. نعم مرّ بأوقات صعبة ولكنه اخيرًا استطاع الوصول الى مستوى جيد جدًا و عرف كيفية التأقلم مع المنطقة و متطلّباتها. ⭐للصراحة يمكن الان اعطائه ٥ نجوم و اتمنى ان يبقى يتقدم للأمام و لا يتراجع ابدًا مثلما حدث له في السابق. 🍖يقدّم اطباق و سندويشات من ابسطها لأكبرها و يتيح للجميع ان يتناول مأكولاته، مع امكانية دراسة بعض الأسعار. 🥩أنصح بتناول الوجبات الرئيسية الجديدة و التغيير عن السنويشات العادية، فهي شهية جدّا و على مستوى و ذوق رفيع، كالsteak و اطباق الchicken. روعة👌🏻 🥦نصيحة سلق الخضروات التي تُقدَّم مع وجبات اللحوم بالمياه النقية فقط دون زيادة الزيت او شيء اخر. 🍔البرغر جيدة و من الممكن تحسينها على انواعها و نقلها الى مستوى اعلى. 👨🏻‍🍳الخدمة جيدة جدًا و سريعة مع عدد نوادل كافٍ و زيادة، و المكان واسع و مريح. 🖥الشاشات في جميع ارجاء المطعم و يمكنك المشاهدة اينما جلست. 🎠يوجد غرفة العاب للأطفال حيث يمكنك ترك الاطفال للاستمتاع. 🚙خدمة توصيل الdelivery جيدة، واصبح يصل الطعام ساخنًا مؤخّرًا و هي على بعد خطوات من الامتياز💯 (أي معلومات اخرى سيتم تعديل المقطع و اضافتها هنا) 👍🏻👌🏻أثبت انه افضل مطعم او محل مأكولات في المنطقة و حركة الزبائن لديه تدل على ذلك و بفارق واسع.🔝,5,Saudi Arabia
3805,الموقع جيد من حيث سهولة الوصول بالاضافة تنوع الوجبات,5,Iraq
3806,لقمة طيبة معاملة مميزة اسعار مناسبة,5,Saudi Arabia
3807,جو حلو اكل طيب خدمي ممتاذي بس اسعار شوي مرتفعه,4,Iraq
3808,يسلم دياتكن على أشهى المأكولات وعلى الملقى الحلو والبرودات الأجمل 😋😘,5,Morocco
3809,جيد ولكن اسعار مرتفعه,2,Oman
3810,الاكل كتيير طيب ونضيف والخدمه ممتازه,5,Libya
3811,مطعم ممتاز والأكل فيه جيد 👍🏻👍🏻,4,Oman
3812,اكل طيب,5,Yemen
3813,خدمات جيدة وطعام لذيذ,4,Saudi Arabia
3814,لم ادخل اليه ابد وعلى الرغم انه جاري,2,Oman
3815,انها رائعة,5,Oman
3816,اجمل مكان و اروق مكان,5,Jordan
3817,تجربة رائعة مكان جميل هادئ محترم,5,Saudi Arabia
3818,مكان هادي وجميل على الطريق العام,4,Saudi Arabia
3819,انا هذا المكان افضل مكان للطعام,5,Saudi Arabia
3820,رائع ولذيذ,4,Algeria
3821,يارب مالي غيرك يالله,5,Qatar
3822,دون الوسط,1,Sudan
3823,جيد,3,Saudi Arabia
3824,رائع خدمة جيدة و أكله لذيذ 😋 😋😋😋,5,Jordan
3825,مطعم ممتاز,4,Saudi Arabia
3826,اقرف شاورما دجاج باكلا السندويش فاضي كلو خبز معجن شي بقرف يا ديعان حقا فيا 😡😡,1,Iraq
3827,من الأماكن المشهورة وممتازة,5,Saudi Arabia
3828,جيد,3,Saudi Arabia
3829,رائع وخدمة جيدة,4,Saudi Arabia
3830,ممتاز جدا,5,Saudi Arabia
3831,تمام,5,Libya
3832,فخامة,5,Morocco
3833,صح,1,Jordan
3834,إمتياز,5,Egypt
3835,اجمل وانظف واحلا مطعم,5,Palestine
3836,اناقة مكان وخدمة ممتازة,5,Saudi Arabia
3837,مكان رائع طعام شهي وكرم الضيافة وخدمة سريعة,5,Oman
3838,أطيب أكلات عند أبو صبحي و أطيب شي الشاورما😌,5,Palestine
3839,إنه أفضل مطعم شوارمة في لبنان,5,Sudan
3840,أفضل شاورما بي كل دني,5,Tunisia
3841,جيد جدا,5,Saudi Arabia
3842,محل صغير نوعا ما لكن الأكل طيب ومن أجود أنواع اللحوم وخاصه الشاورما والكرسبي جيده جدا 👍🏻👍🏻,5,Yemen
3843,شاورما لذيذة,5,Qatar
3844,رائع جداً,5,Oman
3845,كتير طيب,4,Lebanon
3846,ابو صبحي بيحكي اطيب شاورما,5,Jordan
3847,لقمة طيبة وشهية,5,Algeria
3848,راءع,5,Lebanon
3849,احلي اكل,5,Jordan
3850,الخدمة بطيئة ولا يوجد مواقف خاصة للسيارات,1,Modern Standard Arabic
3851,راحة تامة ومميزة,4,Saudi Arabia
3852,الموقع الجغرافي رائع,5,Iraq
3853,جيدة ومسليه,3,Oman
3854,جيدوجميل وطعامه لذيذ وقهوة رائعةالمذاق ومريح,5,Oman
3855,مقهى ممتاز و يقدم الماكولات الخفيفة,5,Saudi Arabia
3856,رائع,4,Iraq
3857,ممتاز لسهرة أصدقاء,5,Saudi Arabia
3858,مقهى جيد,5,Saudi Arabia
3859,جيد,3,Saudi Arabia
3860,مميز جدا بالخدمه والمكان,5,Iraq
3861,جيد,3,Saudi Arabia
3862,عجقة,1,Iraq
3863,جيد المأكولات لديه لزيزه,3,Oman
3864,جميل وطعامه جيد وفيه ملهى للاطفال,5,Saudi Arabia
3865,مكان رائع واثقة انه سينال اعجاب كل من زاره ..,4,Saudi Arabia
3866,جميل وخدمه حلوه,3,Iraq
3867,جيد ولذيذ وخدمة ممتازه,5,Oman
3868,رائع واكل لذيذ,5,Iraq
3869,احلى واطيب اكل وبنصح كل واحد يجربو,5,Jordan
3870,ما بنصح حاد يكول طلبت سطل كرسبي واصل لنصو الدجاج حبه صغير تفه عليكن,1,Iraq
3871,مكان بجنن..❤,5,Syria
3872,خدمة ممتازة وسريع,5,Qatar
3873,مع كثرة مطاعم الوجبات السريعة آن للkfc أن يتواضع قليلا تجربتي معه في رمضان غير مشجعة,2,Modern Standard Arabic
3874,طعم سيء،سعر خيالي،ديلفري خطوة.,1,Sudan
3875,طعام بارد وغير لذيذ وخبز غير طري مقلي بزيت سيء رائحة غير جيدة,2,Oman
3876,جيد جدا,5,Saudi Arabia
3877,جيد,2,Saudi Arabia
3878,جميلة,5,Saudi Arabia
3879,جميلة جدآ,3,Egypt
3880,حرامية,1,Syria
3881,السعر والأطعمة الرائع,5,Jordan
3882,كان لديه عرض رائع,4,Modern Standard Arabic
3883,غير طازج,1,Saudi Arabia
3884,ليس كباقي الأفرع,3,Modern Standard Arabic
3885,موجود في اهم شارع بطرابلس مقابل شركة مرحبا الكترونيكس,4,Syria
3886,جيد جدا,4,Saudi Arabia
3887,جيدة جدا,5,Saudi Arabia
3888,لا يوجد خبز,3,Modern Standard Arabic
3889,رائع,5,Iraq
3890,خدمة سريعة,4,Saudi Arabia
3891,مطعم طراز أميركي,5,Modern Standard Arabic
3892,لزيز,5,Libya
3893,حلو,5,Libya
3894,عادي,3,Saudi Arabia
3895,فيه كل متطلبات الطعام,5,Saudi Arabia
3896,لان هيك,1,Jordan
3897,روووووووووووووووووووووووووعه,5,Yemen
3898,الفرع جميل و يوجد العاب اطفال داخلية و خارجية الوجبات جيدة و لكن لاحظات ان حجم الهبرجر اصغر من حجم هبمرجر الفروع بالدول الاخرى مثل السعودية و الامارات و السعر اغلى من تلك الدول,3,Saudi Arabia
3899,انه مناسب عيد الميلاد و نزهة مع العائلة,5,Saudi Arabia
3900,مأكولات لذيذة ونظافة شاملة,5,Qatar
3901,اطيب برغر,1,Tunisia
3902,لقمة طيّبة,5,Sudan
3903,كالعاده دوشه جداً,3,Libya
3904,جيد جدا,5,Saudi Arabia
3905,عادي جدا,5,Egypt
3906,اكلو طيب,4,Lebanon
3907,الطعم المميز لسندويشات برجر كنج,3,Jordan
3908,جيد,4,Saudi Arabia
3909,الوجبات المقدمة في المطعم لذيذة و تقدم النكهة اللبنانية بشكل مميز من حيث الطعم او التقديم و الضيافة ، الطبلية بحد ذاتها مميزة من حيث الاصناف المرافقة للوجبة الرئيسية ، الملاحظة الوحيدة هي على حجم الساندويش حيث يلاحظ ان الحجم اصغر من ان يكفي شخص واحد رغم ان اصناف الطبلية قد تعوض في حجم الوجبة الاجمالي .,4,Saudi Arabia
3910,اجمال لقمة واشهي اكل وافضل خدمة,5,Egypt
3911,اكلو جيد,3,Iraq
3912,افضل مطعم في طرابلس .. وافضل شيء فيه انه جوّ نظيف خالي من التدخين .. والعاملين فيه كتير طيبين ومتعاونين ..,5,Jordan
3913,مكان مميز للوجبات السريعة والشهية,4,Saudi Arabia
3914,جودة الاكل لاترقى للمستوى الجيد,1,Saudi Arabia
3915,لا بأس,2,Modern Standard Arabic
3916,ممتاز وؤائع,5,Saudi Arabia
