Sentence_ID,sentence,label,Dialect
1,الوزير جبران باسيل تاج راسك يا جربان ممنوع بعد اليوم المساس بمقدساتنا من ربنا والهنا يسوع المسيح,abusive,Syria
2,صديقي انت ابن جامعه اللعبه اكبر من داعش اللعبه سنيه شيعية واعادة توزيع ديموغرافي بسوريا,normal,Iraq
3,و مصلحة لبنان تبدأ باستخراج النفط و الغاز لوقف الشحادة و هذه نقطة ضعف لبنان ليبقى رهن سياسات اقليمية و,normal,Saudi Arabia
4,وليد جنبلاط كاتب الحكمة يا قذر,abusive,Jordan
5,شو بتلبقلك كلمة خنزير بتجي مفصله على قياسك وشكلك,abusive,Jordan
6,يا جبران باسيل يا معلم يا ريس يا استاذ بدك حضن سوريا روح لعندون مبروك علك سلفا هالحضن انما الحلم لعبتحلمو عدمنا مراح يصير,normal,Lebanon
7,ما سمعنا جعاركم مبارح على القصف الإسرائيلي يلي اغتصب سماء سوريا ، نباح و عويل جيش ابو شحاطة وصل لقبرص,hate,Lebanon
8,نصيحة احكي مع الرئيس ميشال عون او هاجم جبران باسيل مليار دولار جابو من قطر شكرا قطر,normal,Lebanon
9,صافي يا بقر,abusive,Egypt
10,لا تعتب عليه هيدا اسمه ابو صرماي,abusive,Lebanon
11,لو الدولة تحترم نفسها كان انت يالبلطجي في السجن,abusive,Egypt
12,مش عم يناموا الليل ليقدمولنا حكومة,normal,Palestine
13,يا عيبو عليكي يا إيران عم تحوي إرهابيين تعلمي من السعودية درسيهم عندك وبعتيهم لبرا,hate,Syria
14,هل تعرف مامعنى أن تدفع دولة نص مليار دولار لدولة أخرى مترنحة إقتصادياً وكانت تستطيع أن تستثمرهم,normal,Oman
15,قنبلة ذزية يروحو فيها الاثنين معا افضل حل,abusive,Algeria
16,مش جايي لعندك و على دولة الخلّفك و فيك تفل إذا مش عاجبك,normal,Lebanon
17,لو فعلا في دولة حضرتك كنت بالحبس هلق بس للاسف,normal,Palestine
18,أووووووف السيد حسن يثبت صدق علاقته مع جبران باسيل بويكيليكس يلي خاطبوا أميركا بالعلن وبالسر خطاب آخر,normal,Syria
19,يستاهلوا,normal,Tunisia
20,لا شرطي روسي يا ابن الستين كلب,abusive,Tunisia
21,في مثل هذا اليوم وقبل ست سنوات قام تنظيم الدولة البراميلية بذبح الأطفال والنساء بالسكاكين وحرق بعضهم أحياء في بانياس لم,normal,Modern Standard Arabic
22,ليش بتنطرب وبتسكر لمن بتجيب سيرة الحذاء يا زلمي مع إن كل واحد بفش خلقو ع ذوقو حسب مفهومو ثقافتو وعقلو,abusive,Syria
23,هيئتك يا ويئو اكل سمك ومتقل الليلة لهيك عم بتكوبس باللواء عثمان لهيك تغطا منيح بس تنام احسن ما تاخد برد,normal,Lebanon
24,فضح الفاسدين مسؤولية كل مواطن شريف,normal,Algeria
25,متظاهر افريقي في باريس يقول يعيش بشار الأسد شكور ربك مش عبتتظاهر بسوريا كان سفقك برميل جابك بافريقيا,normal,Egypt
26,الامير طلال حبيب قلبنا وبيمون عأكتر من هيك,normal,Syria
27,نص اللبنانيي من رأيي انتِ يا رمز الغبا ههههههه,abusive,Iraq
28,ما الغريب الا الشيطان معقول بتستخفوا بعقول مناصرينكن بانه شيخ عقل حطوا عقل الرحمن براسكن وما الكن ال,normal,Lebanon
29,هلق شو على مين انضغط منشان تشكيل الحكومة,normal,Lebanon
30,علاء الخواجة هوي الي شترى البلد و ضمير بعض سياسي البلد,normal,Lebanon
31,هيدا حساب فخامة الرئيس ميشال عون أم حساب فخامة جبران باسيل,normal,Lebanon
32,يا عيب لشوم عليك يا كركوز,abusive,Lebanon
33,لو دولة تحترم نفسها كنت انت ما عم تحكي ولا عم تزت سمك ولا عم تبعت رسايل لو ولة بتحترم نفسها كنت محبوس,normal,Jordan
34,سمج سميك زنخ كمخة,abusive,Tunisia
35,هيد الشعب مش بحاجة لاموالكم هيد شعب بحاجة لضمائركم الغائبة,normal,Lebanon
36,عزيزي وئام هل يجوز نهاد ان يتركك حرا ام يجب سجنك يا بوق الفتنة,abusive,Modern Standard Arabic
37,نتمنى من فخامة الرئيس متابعه هذه القضية ف عماد عثمان مجرم,abusive,Libya
38,يسعد صباحك معالي الوزير,normal,Oman
39,قليل بحقه الحذاء,abusive,Oman
40,كول هوا يا خنزير الخنازير الصهاينة نهايتهم للدعس تفه,abusive,Iraq
41,انشالله عن قريب لازم بقى ينشد هالفار وينرمى بشي زريبة,abusive,Lebanon
42,جبران باسيل رجل شرّير,abusive,Oman
43,عاهر بكلامو بس معلمك شو,abusive,Syria
44,أنا بس شوف نديم و أمثالو كيف بيحكو عن جبران باسيل بتأكّد أكتر انو جبران باسيل عم يشتغل صحّ,normal,Palestine
45,كان الله بعونك وبعون الي دافع عنك,normal,Tunisia
46,بظن من هلأ و رايح و من بعد ما سمعتو السيد شو حكي عن صدق جبران باسيل، كل واحد من يلي بيقولو عن حالن جمهور المقاومة،,normal,Lebanon
47,نحن نثق بال قضاء اللبناني,normal,Sudan
48,بدا ثورة على حطوا روبورتاج صغير عن جبران باسيل وانهوه بجملة ما تكون متل جبران,normal,Syria
49,عقبال يغرقوا التنين بالمجارير,abusive,Syria
50,درس فى التاريخ,normal,Egypt
51,انشالله يضلل حصرمة بعينك وعين غيرك جبران باسيل قرفت سما الله تبعنا انشالله بضلل مقهور وبضلل جبران با,abusive,Lebanon
52,بلبنان منخبر ومنقول الحقائق كما هي لا أعتقد أن عمليات الإغتيال قامت بها الدولة أو ج,normal,Oman
53,كول هوا ابو وجهك,abusive,Iraq
54,بربحك جميل من كيسك انو ناوي يعمل شغلو,normal,Lebanon
55,عم أحكي عن الجعفري يا بهيمة نظام الجعفري قتل نص مليون وهجّر نص الشعب حرفياً لأنه طلعوا مظاهرات ضده وبعدين بتقلي إني أنا يلي ما بفهم بآداب الحوار؟ بهيمة بتجيب المسبة لحالها شو بدنا نقول,abusive,Syria
56,آلوزير جبران باسيل وزير لبناني فقط لا غير,normal,Lebanon
57,بالرغم من صفاقة جبران باسيل وكلامه الثقيل الذي لا يمثل سياسة لبنان الرسمية ولا يمثل اكثرية الشعب اللبناني الا ان العتب,abusive,Saudi Arabia
58,وهاب بعد زيارته الغريب لقاء خلدة مهمته داخلية درزية وليس موجهاً ضد أحد لبنان,normal,Syria
59,كثروا المنافقين اصحاب المصالح هاذا اكبر كلب لأيران في لبنان ، تابع هالفديوا وتعرف هالمرتزق,abusive,Algeria
60,اكل الهوى للواطي دواء الله يشفيك,abusive,Tunisia
61,لا كل الثواار كلاب متل النظام هيك جملة سهل قولها وما بتوجع الراس وبتريحك من كتير وجع راس وتفكير الكل كلاب ليش اهتم او ادعم طرف؟,hate,Syria
62,اباقاش تسكت وله ، اسكت يا قرد العقاب لوهاب وهاب قاتل ابو دياب,abusive,Yemen
63,للاسف لدينا في الخليج بعض من الكتاب والدكاتره والمحللين كالبغال والجحاش ينهق ويهرف بما لايعرف,abusive,Oman
64,سوف تبقى سوريه وفية ومنتصره رغم كل الاوجاع وتبقى صامده في وجه الاعداء سوريا التي حاربت كل الدول العرب,normal,Oman
65,على الرحب يا جماعة السدس,normal,Jordan
66,مهما تستأجر أشخاص وملاحم ولحمه فاسده لا شرعيه لها ولا وجود ولا اعتبار رسمي الف تحيه لشيخ العقل للطائفه,normal,Yemen
67,وقت تشوفوا و تسمعوا جبران باسيل متل لما الشيطان يسمع كلام الإنجيل,abusive,Lebanon
68,كل الاجلال والاحترام الأوفياء بيتذكرو كرم اهل دمشق دمشق احتضنت اللبنانيين في محنتهم والعراقيين والفلسطينيي,normal,Egypt
69,أذا جبران باسيل يقودكم والجاهل شيخ الجاهلية يصفق للقرد اكيد بيكون ي,hate,Tunisia
70,أحقر جريدة بل الوجود,abusive,Tunisia
71,رزق الهبل عالمجانين آه يا هبيلة,abusive,Egypt
72,لما تعلق كل يوم بعجقات سير خانقة لازم تفرح وتتذكر إنك عايش ببلد منتج وقوي اقتصادياً ومالياً وقوي اجتماعياً ومعيشياً وكل شي فيه قوي، أجلّك,normal,Saudi Arabia
73,ما تفضلت به يا أخي هو منتشر منذ عقود ومنذ قررنا كلبنانيين أن,normal,Modern Standard Arabic
74,والله لو في دوله ما تركتك انت ورئيسك,normal,Oman
75,يجب محاربة الفساد,normal,Algeria
76,خلعتك ضربة ع وترك الحساس تا فعت هالفوعة؟؟؟ ههههه الله يشفيك يا حمار يا زبالة,abusive,Syria
77,متل نبيه بري,normal,Syria
78,اننا موحدون توحيديين إلى يوم الدين,normal,Libya
79,يرحمها ويصبر اهلها,normal,Saudi Arabia
80,ولك استحي بقى ما في عا لسانك الا سوريا,abusive,Sudan
81,يا محلا عذاب الغرب من عذاب ايران وما تفعله من عذاب وتنكيل وتجويع وانحطاط اخلاقي لاهل العراق الابي,normal,Iraq
82,وشو بتحب نقلك يا تافه,abusive,Palestine
83,وطن التعايش و الحرية ، وطن الصدق و المحبة هذا كل ما نحن بحاجة إليه لنحصل على هذا الوطن علينا ان نعد شعب واعي,normal,Saudi Arabia
84,ضيعان الفهم يا دكتور ؟؟,abusive,Egypt
85,طيب خلينا بالنص ايران كاميرون,normal,Syria
86,وليد جنبلاط يتحدث عن الشيطان الاكبر والشيطان الاصغرالظاهر نسي يذكر انو هو ابو الشياطين كلها,abusive,Iraq
87,بيكي أندرسون تسأل جبران باسيل المعظم في علم الاقتصاد حول مشاكل لبنان وهو يجيبها بردية زجل عن الشعب اللبناني العظيم,normal,Sudan
88,مين جاب سيرة عقدة أغلبية الشعب اللبناني جبران باسيل؟,normal,Syria
89,نصرالله كلام وزير الخارجية جبران باسيل عن ضرورة حل مسألة اخفاء الإمام الصدر كان مهماً,normal,Syria
90,قطر اختلفت مع كل المحيط العربي لأنو تحالفت مع حليفك الخامنئي ، حليف حليفك يعني حليفك كيف سياستكن يا شياطين ما بعرف,abusive,Palestine
91,يا بلا مخ يا حيوان في الاف بقطر عم يسترزقو مش كرمال يجي راحد متاك صرماية يعمل خلاف روح نقبر ضب زعرانك ع,abusive,Lebanon
92,كلمة جبران باسيل أخجلته وأخجلت كل الأمة العربية,normal,Jordan
93,فعلا زمن الرويبضة ومناسب جدا,normal,Saudi Arabia
94,يا عمي هيدا الزلمي جاهل,abusive,Lebanon
95,العاهر الكبير عون,abusive,Tunisia
96,صباح جميل كجمال قلوبكم,normal,Modern Standard Arabic
97,وانت وبيك شو حقك فرنك فرنسي يعني ولادولار,abusive,Syria
98,دبي رزقها الله ب محمد بن راشد عمل على تنميتها وإدارتها كأحسن ما تكون التنمية والإدارة زرتها قبل س,normal,Saudi Arabia
99,هذه عمامات سوداء طلبت بالابيض,normal,Yemen
100,صحافة أردوغان بلشت تخوّف أوروبا من موجة لاجئين جديدة شكله الحدود التركية رح تتسكر بوش يلي بده يحاول يطلع من إدلب,normal,Syria
101,مرحبا يا رجال قلعة الممانعة، بيسلم عليكن ابن رامي مخلوف من دبي وبيقلكن اصمدو وموتو كمان شوي جاي الصيفية وسفرت الكوت دازور مكل,normal,Syria
102,ما هوي لو بياكل سرماية بعيد عنا بقول يعدمني يا فكروا اذا بصرخوا صوتهن بيوصل,abusive,Lebanon
103,يحمار انت والحبتور كنتو مجتمعين في باريس قبل سنه في فندق الريتس ممكن تحكيلي كم دفعلك؟؟,abusive,Yemen
104,فهمتوا يا حقودين يا جماعة الحركة,hate,Egypt
105,انت صنفتو بخانة الخيانة وهيدا رد على ردك ومش كل الادوية فعالة وان شاء الله الكل بيفتخر بشهادة الحريري,abusive,Jordan
106,هذا ردي له نعم انا سعودي وكلي فخر راسي فوق أنتم ما قهركم وداعس على روس,abusive,Oman
107,ال ً مبلشين من الليلة بالحملة ع جبران باسيل ب منا وجر,normal,Syria
108,هي و صرمايتي سوى,abusive,Yemen
109,ربما يكون عماد عثمان بمثابة صندوق اسود للمشنوق,normal,Sudan
110,سليم عون لا يستطيعون التصويب على الرئيس ميشال عون فيصوبون على رئيس التيار جبران باسيل او علينا، لسنا مكسر عصا لأح,normal,Saudi Arabia
111,دائما انت على حق,normal,Saudi Arabia
112,خليك بي الجاهليه لانو ما الك الى الجهل تبعك قطر ام العرب وام لبنان وستبقى قطر والخليج اسيادك يا فار من العداله,hate,Iraq
113,ياريت شعبك بيسمع واذا سمع يوقف واذا وقف يحدث الفرق شعب لبنان تعبانة,normal,Jordan
114,ماعندنا بارات للاسف البارات ببلدك وينظمها انتي وامك وبنات بلدك,hate,Iraq
115,الوزير جبران باسيل كان اول من طرح موضوع عودتهم الى بلدهم ليس انطلاقاً من موقف عنصري، معتبرا ان الجميع لاحقاً التقوا على ا,normal,Oman
116,دئما يلحق بك الدمااار,abusive,Morocco
117,كل الميليشيات تكتلت تتواجه جبران باسيل مش غريب ما حدا قدر يلاقي دليل يحارب جبران فيه؟؟ مياومو الإعلام,normal,Palestine
118,احييييي يا قضاء,normal,Lebanon
119,هل انت سياسي بالبلد او لأ ؟؟,normal,Sudan
120,وطننا يحتاج الى طبقة حاكمة غير فاسدة,normal,Yemen
121,لا صديقي مو عيب واحد قاتل وواحد اداة بيد قاتل,abusive,Iraq
122,احضر لي تصريح واحد تقول فيه اسرائيل سأحرق ايران و الايرانيين و لبنان و اللبنانيين او سوريا و السوريين,normal,Egypt
123,يلعن روح حافظ ابن ستين الف كلب، دمرت البلد وقتلت مليون وهجرت ملايين وتقول قد ، قد لا يكفي اعدامك لمرة واحدة,abusive,Oman
124,الخول جبران باسيل روح طلع حزب اللات والمليشيات الشيعية من بلدنا ليرجعوا النازحين يلي احتليتوا أراضيهم وهجرتون يا مجرمين,hate,Syria
125,لو سمحت واحد صالونه لحم وعيش شلاني وواحد سف اب,normal,Yemen
126,و هو بذاته يلي عمل فتنة بالبلد و هو كمان يلي بيستخدموا نظام الأسد مثل الدومينو و هو ك,normal,Palestine
127,الرجل ما قال امن اسرائيل حق ، نصيحتي للوزير جبران باسيل يحكي اللغة العربية بأية مق,normal,Yemen
128,كول هوا مش شغلك,abusive,Iraq
129,عايشين على اشحاته هذا طبع اشيعه يعشون مرتزقه,hate,Iraq
130,اشبو ذا يسجل كول حاجه تراها مباراه مو محاضره هوا,abusive,Iraq
131,يا ياسين الزلمه ما عندوه سيوله اخذت منوه بدوه حدا يسكت تمه بشوية مصار,normal,Iraq
132,جبران عفلق، حبش الخ على الطريق,normal,Iraq
133,جبران باسيل جمع يلي ما بينجمعوا,normal,Syria
134,نتائج كتاب العدل تجربة رائدة لم تأخذ أي حساب طائفي أو مذهبي وهي تجربة يجب أن تعمم مبروك لوزير العدل وللجنة القضاة هذا الإنجاز,normal,Modern Standard Arabic
135,فعلاً لا يناسب الا زماننا، في زمان على فيه صوت الرويبضة، لكن عندما تحين الساعة سيعود كل الى حجمه ولو كا,normal,Saudi Arabia
136,فهمان خدمه الناس غلط,normal,Egypt
137,شو بدك من علاء الخوجة؟ ما تعبت وانت تصرخ عليه انسى الموضوع ما رح يعطيك مصاري,normal,Jordan
138,سوف يتحاسبو جميعالان الحق سلطان,normal,Yemen
139,سبحان الله تقولي حقيقة,normal,Tunisia
140,ستموت بحسرة الخواجه ولن يعطيك شرف التحدث معه وابتزازه ايها الازعر السفيه ضبضب,abusive,Yemen
141,جبران باسيل لل ربما علينا أن نعلم واشنطن ولندن كيف يديرون بلداً من دون ميزانية,normal,Modern Standard Arabic
142,زحيف,abusive,Qatar
143,ليش ما قاهركن الا الوزير جبران باسيل لو بتفكوا شوي عن سماه منا وجر,normal,Syria
144,شو راي العماد عون بتعليقك,normal,Syria
145,لك كانت صفر صفر رحت طالعت الكلاب يشخوا كم دقيقة رجعت,normal,Saudi Arabia
146,كم سهرنا من ليال للصباح لا ننم,normal,Modern Standard Arabic
147,لو بتخفف بس كنت اول المعجبين بقطر بس دعمت لجنوب وعمرتو بعد حرب تموز أو اخدت من لغنيمه وس,normal,Lebanon
148,كلمة جبران باسيل في القمة الاقتصادية تحتاج الى سدادات اذن,normal,Saudi Arabia
149,جبران باسيل لا يقل عمالة عن حسن نصرالله,abusive,Modern Standard Arabic
150,انا اتمنى سليمان فرنجية لكن شعوري بان جبران باسيل سيكون الرئيس القادم,normal,Saudi Arabia
151,في مواقف وزير خارجية لبنان جبران باسيل المؤيدة لبشار الأسد ما هو أبعد من السياسة التفسير في الطائفية الفاقعة التي يصدر ع,normal,Modern Standard Arabic
152,شيلللللل للفهم بس ما قلتلنا انت عمين محسوب عل عاهرات او السياسيين,abusive,Lebanon
153,خليك مخبأ ب الجاهلية,normal,Jordan
154,جبران باسيل مهضوم كتير قال بدو يعمر سوريا و هوي ببلدو لبنان مش قادر يعمر مجرور,abusive,Lebanon
155,عن أي دولة عم تحكي؟؟ عن عهد التبعية والفشل والجرائم والفساد والصفقات يللي عحساب كل المواطنين ، العهد يل,normal,Syria
156,ههههههههههه كول هوا,abusive,Iraq
157,انتو يا جماعة اوسكار ما خصكم بعلاقة جبران باسيل فينا,normal,Iraq
158,جبران باسيل يؤكد جرأته مرة اخرى بحديثه في المؤتمر الصحفي مع ابو الغيط عن تأثير الدول الغربية على قرار القُمة السابقة ب,normal,Saudi Arabia
159,وفد يا زلمة شو هال مسخرة انت؟,abusive,Lebanon
160,صباح الانوار انا بس عّم حاول افهم,normal,Saudi Arabia
161,البيوت الحمرا بل المرجة ، والجامع اشرف وأطهر منك,normal,Yemen
162,هيدا الصحيح سلمت يداكي,normal,Lebanon
163,انا بقول الحق على جبران باسيل,normal,Jordan
164,تلات رؤسا متقاسمين الصلاحيّات، أكبرهم سنّا ميشال عون ما بيتدخّل بشي بس بذات الوقت توقيعو أساسي لنفا,normal,Lebanon
165,انو بشرفك الكاميرات ما كانو شغالين,normal,Jordan
166,لما تقلّك أولاً مش طايقتك شو إلو لزوم تانياً؟,normal,Jordan
167,شيء خطير هذه المقالة الأولى,normal,Modern Standard Arabic
168,يحتاج شعب جديد، الى ثوار,normal,Tunisia
169,اخرس يا أيها النجس الخنزير الديوث انت وبشار الكيماوي وحزب الشيطان والمجوس إلى مزبلة التاريخ,hate,Modern Standard Arabic
170,انا وعم بحضر عل اليوم اختصاصية تغذية لاحظت شغلة ليه كل اختصاصيات التغذية بيحكوا بنفس الطريقة؟,normal,Syria
171,شو قصتك انت واللواء عثمان ،، لهالدرجة قاهرك ما في تغريدات الا عنه وعن الشيخ ،,normal,Jordan
172,لو في دولة محترمة واحد متلك اطلق النار على قوى الأمن كان مكانك بالسجن أقل شي,normal,Jordan
173,وهاب يتحدّث عن انجاز يسجّل للرئيس عون,normal,Lebanon
174,يا جماعه اللي بدو يدعي او يكبر او يصلي او يختم القرآن بإمكانو يعمل كل هالحكي بعيد عن تويتر بنوبكون ثواب اكتر لأنو الرياء با,normal,Oman
175,ويل لامة تولي عليها مجموعة من الأرذال,abusive,Tunisia
176,للاسف يا عزيزي نزار زكا لايملك المال وإلا كان تحرك جبران باسيل كما فعل بخصوص كارلوس غصن,normal,Yemen
177,أول شكر كان للوزير جبران باسيل شو رأي الشباب ؟ بتوقيت نصرالله,normal,Palestine
178,مستحيل يكون في اوسخ وانجس منك بالكون يا ديوث,abusive,Saudi Arabia
179,كذبك يا أيوب كذاب ونص جبران باسيل انظف من ضميرك,abusive,Syria
180,شكرا لكل الأبواق المأجورة وغير المأجورة في افتراءاتها اليومية على جبران باسيل أمنتم له شعبية ما كان ليحلم بها الى,abusive,Yemen
181,صباح الكسمك يا ميونخ يا مدينة خرى بنت وسخة,hate,Sudan
182,لبنان علّم العالم الأبجدية وكيف بيمشي البلد بلا دولة,normal,Syria
183,ما عطيوك شي غرفة فيه بلاش,normal,Morocco
184,ليش مننفهم انو نحنا حاقدين عالعالم لأ يا جماعة القصة وما فيا مألهين جبران باسيل وشايفين حالنا فيه وبفتكر بحقلنا لاقوا اذكى,normal,Lebanon
185,يا استاذ وديع انتم جماعة مثقفين معهم لا ينفع اي شىء حرام ان يكون لهذا البلد رئيس مثل العماد عون ومثل جبر,normal,Yemen
186,انت حثالة,abusive,Iraq
187,حماك الله,normal,Tunisia
188,اي يعني شو بدي قلك، علمهن ت يعيشوا بالبحبوحة زي,normal,Syria
189,جبران باسيل كم جميلٌ مثلاً ان نخرجَ على شعوبنا، بسكّة حديد تربط بلداننا، بخط غازٍ يأخذ غاز لبنان الى العراق ونفط العراق الى ل,normal,Oman
190,الإرهاب السعودي إلى مزابل التاريخ وكل مين بشد على مشدها السؤال لماذا هذا الإستهتار ويجب على سوريا,hate,Jordan
191,يعني لو الست ديما كتبتاعتذر عن الخطأ كانت وفرت علي ما لا يقل عن ميغابايت من عجقة التايملاين الناجمة عن احصائياتها الخزعبلية,normal,Libya
192,الاسود للحريمات؛الفوشي يليق بي,normal,Yemen
193,لو في دولي ما كان بعدو عماد عثمان خارج السجن,normal,Libya
194,انه انت بتحكي لتحكي؟؟؟مين جاب سيرة الهبه؟؟؟؟كل الشعب اللبناني الواعي والمثفف عوفان انه واديعه بس انت ش,normal,Lebanon
195,مش شغلتي حبيبي فاضح حالو بلا جميلتنا بس عجبني تفكيرك,normal,Tunisia
196,وطن التعايش و الحرية ، وطن الصدق و المحبة هذا كل ما نحن بحاجة إليه لنحصل على هذا الوطن علينا ان نعد,normal,Saudi Arabia
197,وهاب مع الحكومة الجديدة يجب أن يكون ملف إقالة اللواء عثمان على الطاولة لبنان,normal,Lebanon
198,ايييه هيك حلم جبران باسيل بدو يعمل هيك,normal,Syria
199,هو فقط قال الحقيقة ما قدمت قطر للبنان ليس منحة ا دعم او هدية ه قرض بنسبة,normal,Sudan
200,جبران باسيل لم يقدم هو يأخذ فقط بتحط نفسك بمواقف بايخة,normal,Sudan
201,قبل ما تترحم وسام الحسن كان مشارك بقتل الحريري والحريري كان عارف ومن اغتاله للحسن حتى يأخذ ثئاره لوالده,normal,Saudi Arabia
202,ما بأثر نكون خواريف افضل ما نكون خنازير منبزق بالبير لي شربنا منو متل معلمك لي اكل لكب,hate,Tunisia
203,لاتعرف اسئل حزب الله وخروفه باسيل,abusive,Iraq
204,قل كلمتك واصمد وهاب ما بيهاب,normal,Yemen
205,لا تفرد ولا إلغاء نعم لتحرير الطائفة من براثم الاستبداد,normal,Iraq
206,وأكبر دليل للي بصدقك يا ابن شعبان,normal,Egypt
207,مافي غير جبران باسيل الي عم يلعب ب النار تحت مرأى و مسمع رئيس الحكومة,normal,Lebanon
208,اكيد خلف ومات بس شهيد يا فهمان,abusive,Egypt
209,كان بدري عّم يقبض حق تغريدته مبارح ضد قطر,abusive,Jordan
210,روح عَ دمشق يامان شو بعدك ناطر هههههههههههههههههههههههههههههههههههههههههههههههههههه,normal,Lebanon
211,قويية,normal,Yemen
212,انا اكتشفت ان اللواء عثمان داعس رقبتك وراسك بصباطو الرسمي يا حمااااااار,abusive,Sudan
213,لو ما في سلاح حزب الله كنّا شفناك بالسجن كنّا شفناك عم تتحاكم لانك قتلت محمد بو دياب كنا شفناك متل,normal,Jordan
214,شي بيهوي,abusive,Lebanon
215,هههه موتي بغيظِك لكن,abusive,Libya
216,أمّا علاقتنا مع جبران باسيل فهناك صداقة بيننا وإ,normal,Modern Standard Arabic
217,سينهار اكثر وأكثر لطالما نموذج وئام وهام موجود في مجتمعنا,hate,Modern Standard Arabic
218,اضف الى ذالك انه داعم لايران وحزب اللات,hate,Iraq
219,ارفعوا العشره مشكلتكم ما الو خص علاء الخواجة يا صاحب الصرامي,abusive,Iraq
220,انت بدك طبيب نفسي,abusive,Jordan
221,ليك يا وئام وهاب سماع شو بدي قلك كل يوم عم تحكي على دولة لكانت للغرب أو للشرق وهني مع بعضهون بألف خير ب,normal,Lebanon
222,والله الحذاء خساره فيهم,abusive,Libya
223,كول خرا عقبالك لما تجيك صرمايي بخلقتك,abusive,Iraq
224,انت متهم اول لانك اكبر سرمايه عربيه,abusive,Egypt
225,جبران باسيل رجل عنيد يطالب بإسترداد حقوق المسيحيين التي أخذت منهم في الطائف لهذا هو مكروه من ترويكا الطائف والفساد,normal,Modern Standard Arabic
226,جنسهم جبران باسيل وقبص اللي فيه النصيب لك يلعن هيك سياسيين واطيين,hate,Syria
227,جبران باسيل من حق اسرائيل ان تعيش بسلام بين جيرانها وبالامس من حق اسرائيل ان تضمن امنها,normal,Saudi Arabia
228,كول هوا ما حدا غير امك مركبه راس حمار,abusive,Iraq
229,لك يا رافعة معنوياتي انتي,normal,Yemen
230,قديش صرت كاتب سمعت شي مرة البيك تطلع عليك او رد يا مفتن الطايفة يا ابن شعبان؟ الله لا يوفقك كما قالوا,hate,Lebanon
231,كول هوا خسرتو بأرضك وبين جمهورك بعد ما منعت القطريين من تشجيع جمهورهم انتو فاشلين في كل شئ وهم متفوقين عليكم في,abusive,Libya
232,اصمت أيها الذبابة المريضة العقاب لوهاب وهاب قاتل ابو دياب,abusive,Algeria
233,مهما تآمر المفسدين وتاجرو بأسم سيعرف العالم بأنهم عملاء متصهينين,hate,Modern Standard Arabic
234,كول هوا انت ودانيال,abusive,Tunisia
235,والنعم من تربيتك,normal,Oman
236,شو بدك بأسمي أحترمي حالك وأحترمي ديننا الشريف وتوقفي عن الكذب وقلب الحقائق والتغطيه على من ن,abusive,Jordan
237,يلّي بدّو يجيب سيرة الوزير جبران باسيل بالعاطل بدّو يسمع كلام أوسخ من أعمال حركة أمل,hate,Syria
238,نص البلد من رأيي يا سخيفة,abusive,Egypt
239,والله انت من يحتاج الي طبيب نفسي وعساك ما تطيب,abusive,Oman
240,كل كلاب ال سعود مكانهم قفص القرود,hate,Saudi Arabia
241,خصوصا ان سي ان ان طردت,normal,Libya
242,وانت شو تعتبر حالك وانت موالي لهذا الحرباء جن بلاط ههههه,abusive,Lebanon
243,لايام جاية راسكن بلارض راح يكون يا عملاء إيران,hate,Iraq
244,جبران باسيل، بتحبو او بتكرهو، ما فيك تنكر انو قبضاي وببيض الوج كوزير خارجية سيادي وطني لكن تبقى مشكلتي معه ان حزبه يؤب,normal,Lebanon
245,ههههههههههه يا هبيلة مين جاب سيرة تميم وقطر غيركانت بتقول إنو أمير الإرهاب طميم,hate,Egypt
246,تشتهي تشوف صرماية مقطّعة من شحاحيط السلطان يرد على كلامك؛الشحاحيط حافظين الكلمتين الخرا تبع عرب الشمال و اللاجئين المشردين و بس تتكلم أي كلمة ما تعجبهم لازم يطقعوها من زلاعيمهم مثل الجواميس تفه على شرفك اذا عندك جنس الشرف,abusive,Saudi Arabia
247,وما تنسى انو الشيخ نعيم حسن هو الشيخ العقل المعترف به من الدولة ومن الحكومة ومن الزعيم وليد بيك جنبلاط,normal,Oman
248,معالي لبناني وطني مش سعودي ليسافر,normal,Yemen
249,ومبعوصة من انه الديمقراطية مترجمة من الـ وبدها الملسمين يقولوا شورى طيب يا قلبي الشورى عند داعش والسعودية احنا بدنا ديمقراطية يا كندرة,abusive,Jordan
250,فالرئيس السوري يثمن ويقدر مواقف فخامته ووزير الخارجية جبران باسيل التي تنبع من رؤيتهما الاستراتيجية للصراع في الشرق الاو,normal,Oman
251,بدك تعمل برنامج ينجح؟ حكي عن جبران باسيل مياومو الإعلام,normal,Lebanon
252,كيف بيقدر هالحكم يعلك ويصوفر؟,normal,Lebanon
253,البلد عم ينهار بوجود العهد القوي وليكو عالهبيلة العوني وين راسوا,hate,Syria
254,هيييششش هيييشششش,abusive,Libya
255,منذ الثامنة صباحاً و أنا أتابع خبراً عن تطورات قضية خاشقجي على قناة الجزيرة،و لسة الخبر ما خلص حتى هازهي اللحظة,normal,Egypt
256,واضح ان السيد نصرالله الليلة بكلامه يرمم العلاقة مع التيار الوطني الحر,normal,Jordan
257,وهذا ردا على شِعرك وشَعرك يا اصلع وزارع الشعر المستعار,abusive,Iraq
258,الله يلعنك ويلعن الي ما بيلعنك,abusive,Syria
259,فيلم فاشل يا تعول الأفلام والكاميرات المعطلة,abusive,Iraq
260,وئام وهاب الطائفي سبق ووصف المرأة السعودية بشوال الفحم للأسف الإمارات لم نعد,hate,Morocco
261,قال تعالىمن عمل صالحاً فلنفسه ومَن أساء فعليهاولاتستوي الحسنة والسيئة ادفع بالتي هي أحسن وقل سيروا,normal,Oman
262,لابارك الله بك وبامثالك ياهذا,abusive,Yemen
263,قهرني الله يقهره,abusive,Tunisia
264,كول هوا ماخدا ارهابي غيركن,abusive,Syria
265,يا ريت نفوسنا بجمال ونظافة وطنا شو كان عبالنا المشكلة مش بالوطن أستاذ وئام مشكلتنا بالشعب ثم بالدولة,normal,Lebanon
266,كل ما عنا صلاح بهل طيفه من مشايخنا و ليد بيك لا خوف من ابواق لاسد و تصحيح وزير سابق في حقبة النظام ال,normal,Lebanon
267,عم تحكي بقلوبنا دايما,normal,Syria
268,شي مفتخر للأمانة,normal,Morocco
269,لا ما حدا عم يزايد عليكن بالمقاومة انتو مقدمين الاف الشهداء و اسرائيل بتحسبلكن الف حساب بس جبران باسيل أخطأ بحقكن و حق,normal,Syria
270,عندما يقال يا شحاذ يظهر لك باسيل جبران,abusive,Oman
271,وزير الخارجية اللبناني جبران باسيل امير قطر كسر الحصار على قطر في بادرة لكسر الحصار على القمة العربية التنموية القمة ال,normal,Saudi Arabia
272,الله يلعن لي بشرت فيك وقت خلقت,abusive,Tunisia
273,قدح وجم اذا ربحت رح اعطي نص المبلغ ل جبران باسيل,normal,Lebanon
274,احساسي انو كان بدك تقول ضابط سوري مش سوي بس يمكن لأنو بعدك بلا غدا و جوعان فأكلت ل اعترف اعترف,normal,Lebanon
275,دعهم يتلهون بفتات الاخرينلنا زعيم قائد وشيخ عقل ولا نعترف بمن لا يجرأ ع,normal,Iraq
276,مع انك قذر وواطي بس اوافقك الرأي,abusive,Saudi Arabia
277,الخلع والكسر يستخدمه ابو منشار الأخرق في كل مكان يا جربوع,abusive,Saudi Arabia
278,الله يلعن كل من دمر لبنان وداس ع رقاب اللبنانيين إبتداءً بإسرائيل أبو عمار ناصر حافظ معمر صدام الخميني,hate,Syria
279,الروس المفروض ينشهروا بالوقاحة مو بالڤودكا,hate,Jordan
280,الله يلعن الإخوان المسلمين و بلي بذرهم للمرة الالف على التوالي أُناشد رئيس كوريا الشمالية المحترم كيم,hate,Algeria
281,جوز كذابين منافقين,abusive,Tunisia
282,مين هالشيخ ،، ومين وهاب ومين طلال ،، مع بعضن مش مخلصين لا بالدنيي ولا بالآخرة ،،,normal,Syria
283,لا تندهي يا رابعة ما في حدا,normal,Lebanon
284,بالتأكيد جبران باسيل سيجعل المسيحين ينسون شيء،واعتقد سيكون الحليب الذي رضعوه,normal,Modern Standard Arabic
285,السنّة مفهوم، بس الشيعة ليش؟,normal,Iraq
286,ابنك ذكي يا ثريا بس حمار العقاب لوهاب وهاب قاتل ابو دياب,abusive,Tunisia
287,ضرط الزمان على الاندال فعلاهم,abusive,Tunisia
288,هاهاهاها هاهاهاها عنجد حبيبي شو عم تحكي والله يا بيبي انا ما بعرف شو يعني صهيوني بس شفتو,normal,Lebanon
289,شفيك يادكتور ولا غير متابع هذا ذنب ايران المجوسيه المعديه المتخلفه مالقيت تمدح ألا هذا الشخص للتذكير وئ,hate,Iraq
290,مش مهم متى حصلت، ولكن هذا الفعل نحتاجه في لبنان بشدة من أجل كل ألسياسين بدون إستثناء من كبيرهم إلى صغير,normal,Oman
291,لا انت ولا معلمك فيك تدق بصرمايته يا صرماية عتيقة,abusive,Lebanon
292,يخرب بيتك ذو ذكي من أي حظيرة حيوانات فلت هذا البغل؟؟؟,abusive,Yemen
293,آخر فضيحة,normal,Lebanon
294,لازم يلغي هالنظام المعفن الكائفي الذي لا يستولد سوى طائفيين فاسدين عفنين,abusive,Lebanon
295,سعد الحريري من يوم يومه يخدم الناس سعد الحريري رجل الاعتدال والانسانية والكرامة لو لا سعد الحريري لكان,normal,Yemen
296,ليكو بيكتب عربي هايدا شو اسمو ايه والله لك ليخرب عقل لشو بدك فيما تقلع على حالك و خليك باليت,normal,Lebanon
297,يألله ابدأ لشوف يا بطل نبيه بري، سعد الحريري، حسن نصرالله، أمين الجميل، جبران باسيل، نقولا فتوش، ولي,normal,Lebanon
298,هي وقفت على زعابيط التويتر في زعابيط عملوهم وزراء ونواب,normal,Libya
299,والبلطجي جبران باسيل المال لمعه حلال ولله حراميا شيخة,abusive,Tunisia
300,صح للحقد ولا البغض راح يوصلوا لنتيجة يا ريت بيستحي على كبروا عيب بالنهاية اهلا وسهلا ب,normal,Jordan
301,قبل ما تقترح شوف نفسك على المرايا,normal,Libya
302,انت حقآ وقح عاهرة تحاضر بالعفة,abusive,Oman
303,جبران باسيل لان فيه نشم رائحة الغيرة والحماس لكرامة لبنان,normal,Saudi Arabia
304,وهاب غياب سوريا عن القمة العربية افقدها اهميتها,normal,Algeria
305,نحنا جماعه ديلفيري م منفهم نترجم كلام المثقفين امثال جبران باسيل اوك,normal,Sudan
306,عم تحلم،،،,normal,Syria
307,نتمنى انك تخرس خالص,abusive,Egypt
308,عم يتسابقو بتحريف و بقلب حقايق مقابلة جبران باسيل يلي واضحة متل عين شمس متل ما وطنيتو واضحة متل عين الشمس و إبداعو و فخرو بل,normal,Lebanon
309,بسيطة هلق بيفقعون خطاب كلو مشاعر وشوية طائفية بيمشي الحال وبتروح الريحة,normal,Lebanon
310,مين قدر يوصّل رسالة وجوب مشاركة سوريا بالقمة العربية وعدم مقاطعتها بطريقة افضل، نبيه بري ام جبران باسيل؟ الاول استعمل البل,normal,Jordan
311,فلوس قطر مهمتها السيطره على الحيوانات والبهايم وفي الاخير يشتغلو في القواده هذه نهاية كل شخص يدخل او يهتم بقطر,hate,Yemen
312,اللي ما فهم بعد إنو الأخبار اللي عم تطلع كل يوم ع جبران باسيل هيي تلفيقات أقل ما يقال عنّا تافهة ، بيكون ساذج بأقل,normal,Syria
313,كم تعداد الجيش الاردني؟,normal,Sudan
314,من اعطاك مفتاح بيروت حتى تمنع من تريد ،وتستقبل من تريد بيروت عاصمة مشرعة الابواب,normal,Iraq
315,ما فهمت من المخطئ,normal,Oman
316,صدق الوئام لأن الكتلة السياسية التي تقود اليوم قاطرة العهر السياسي لم تتوانى في هتك المسلّمات وتجاوز ك,abusive,Modern Standard Arabic
317,أنت أكيد بتشبه وليد جان بولاد,normal,Jordan
318,سيرى الناس كيف سيزحف كل من أساء لسوريا وحلفاء سوريا للأعتذار نادمين خانعين,normal,Modern Standard Arabic
319,ما ابيخك ولوووووووه,abusive,Iraq
320,ما بيستقو الا على لضعاف,normal,Lebanon
321,إزا مانك قد الخبز والملح روح كول هوا مع أمثالك ياغالي,abusive,Lebanon
322,جبران باسيل ل كارولين صرنا معودين على الخوزئة قبل امير قطر فيه كارلوس سليم اغنى رجل بالعالم مسحنا صب,abusive,Saudi Arabia
323,انت بوق ايراني مجوسي رخيص سعرك كلفول السوداني,hate,Sudan
324,يجب ان تعمم على كافة وظائف الدولة,normal,Oman
325,صدام بالكندرة خلاه يأسلم,abusive,Iraq
326,والله العظيم انا مش فهمان ولا كلمه قالها وهاب حدا بس يترجملي,normal,Lebanon
327,وقاتلة كمال جنبلاط وقاتلة الحريري وجبران التويني وسمير قصير وسليم اللوزي والشيخ حسن خالد وكتار من الاحرار في بل,normal,Qatar
328,ديما اكتر شخص مستفز عا تي في هوا الحريه,normal,Tunisia
329,شو يلي بيضه؟ العرب مو بيض,normal,Syria
330,الله ينصر المسلمين والعرب من داعم الارهاب المجرم تميم,abusive,Saudi Arabia
331,مي شيدياق ناحسة سما هالحكومة يا جماعة غيروها بركي بيمشي الحال,hate,Lebanon
332,بدنا نيزك او شي قنبلة هيدروجينية,normal,Lebanon
333,هيدا انسان تافه وكاذب كل هدف المقال القواص على جبران باسيل,abusive,Lebanon
334,خليك عم تجرب تفتن، هيدة شغلتك,abusive,Lebanon
335,من أهم الإشارات في حديث السيد نصر الله ذكر وثائق وكيليكس بالنسبة للثقة بالرئيس عون والوزير جبران باسيل,normal,Modern Standard Arabic
336,بعد تأكيده أن لا خلاف إيديولوجي مع اسرائيل، وزير خارجية العهد القوي جبران باسيل يؤكّد في مقابلة مع قناة سيإنإن أن أمن,normal,Lebanon
337,هدا الشعب اللي طرد الاسرائيلي ، لازم يصحى يوم ويطرد أصحاب المواكب ، لبنان كان درة المنطقة ، مو حرام,normal,Palestine
338,كول هوا يامهجن ياخلية نحل قذرة منتشرين من حر ماتونسون,abusive,Iraq
339,وزير الخارجية اللبناني جبران باسيل يبعتلو حمى يقول عمدة قرية شرق سلوى كسر الحصار على قريته بحضور القمة,abusive,Tunisia
340,شكرا معالي وزير العدل,normal,Oman
341,هيك بتزعل عمك السيء نصر الله وعمتكن كلكن شريفة إيران أنت وتميم وأبو صواويخ تحت سيادة إيران وكلكم أل,hate,Syria
342,منيح تعلمت شي منيح من الفرس الصبر,normal,Lebanon
343,من رفع الدعوى ؟ وأيّ الجوابين أفصح وأتمّ قولا,normal,Oman
344,كول هوا مك على ام فالفيردي,abusive,Iraq
345,التنين نفس الخريه,abusive,Libya
346,معك حق اخي ولكن هو من اتى بهم,normal,Sudan
347,روح انقبر ضب حالك,abusive,Syria
348,هههههه أعصابك يا هبيلة,abusive,Egypt
349,ولي انتي قوات انتي مش مع المناصفة ؟ لكن سكري هالدكانة بمعراب ونزلي التحقي بالحزب ال,normal,Lebanon
350,باسيل لإعادة النازحين ودعم قطري للبنان باسيل يبحث لحل عقدة تشكيل الحكومة,normal,Syria
351,لا تخربوا أوطانكم كما فعل العرب,normal,Modern Standard Arabic
352,لو بدا تتاجر كانت من أول يوم أعلنت مرضها بس يا سيد لي كشف أنو مريضة هوي المركز لي تعالجت فيه من بعد شفائها ورجعت هيي أعلنت هلق إذا هيي ضد توجهاتك السياسية مش ضروري تكون رخيصة هيي إمرأة إرادتها قوية وبحقلا متلا متل,normal,Lebanon
353,طيب نحكي منطق معقول الشيخ نعيم حسن يقول على الملأ نؤيد سياسة وليد جنبلاط؟ معقول يعملوا إجتماع من لون,normal,Syria
354,يا استاذ وئام اتحدث معك من السويداء ونحن نقف معك ونشد من ازرك ولكن يبدو ان الشيطان الاكبر يقبع بالمختارة,abusive,Oman
355,ئوبة كلاب خربوها وقعدوا على تلتها,hate,Lebanon
356,دولة رائس حكومي في ولد ما اله كلمة,normal,Tunisia
357,اسأل سيدك حسن نصر الله كم قبض من قطر لبناء الجنوب لن تكون اكثر من عبد,abusive,Modern Standard Arabic
358,إذا كنت تؤيد سياسة جبران باسيل أو تعارضها، إلا أنه لا يمكن لأي لبناني وطني أن يعترض على عبارة واحدة ممّا جاء في كل,normal,Modern Standard Arabic
359,نريد وطن ولاء شعبه وحكامه ومسؤوليه للوطن نريد وطن يعيد لابنائه امواله المنهوبة انا لتشريع قانون استعادة الاموال المنهوبة,normal,Iraq
360,عثمان يحمي الفاسدين في قوى الامن مما يجعله شريكهم,normal,Sudan
361,عفوا أنت مخطئ الموضوع عنزة ولو طارت المواد الإعلامية التي تستعمل لإبراز موقفا ما مش لازم ت,normal,Libya
362,مايحتاج ارد عليك يكفي ردود احلى وأطيب وارقى شعب لبنان دوم في قلب كل قطر ربي يحفظكم ياهل لبن,normal,Yemen
363,وانت اول عاهرة عاهرة بشار الأسد,abusive,Saudi Arabia
364,سوال وجيه,normal,Libya
365,كلو مستفيد طبيعي يتم عدم المبالاة,normal,Sudan
366,سبحان الله وين ما بروح بياخد الخراب معو شو هالبومة هيدا ولك شو هالغراب انشالله يهرب عالسفارة و يبعتوا عاسرائيل يستلم وزار,abusive,Lebanon
367,صح طلعت ريحتكم يا اسخف,abusive,Palestine
368,يا زلمي لي ما عم تفهموليد بيك زعيم الجبل الاول والاوحد حطا بدينتك,abusive,Lebanon
369,جبران باسيل هدد إسرائيل بأمنها وقال إذا كانت إسرائيل تريد حقاً أن تضمن أمنها وهذا من حقها، اذاً عليها,normal,Modern Standard Arabic
370,ولنا أيضاً مهارة تجميل الواقع الزبالة، مثلاً صور شوارع دمشق معالجة بالألوان والفلاتر والإضائة بشكل مبالغ فيه، لدرجة لا تحاكي,normal,Syria
371,رح تبقى دمشق شوكيه بعيونن,normal,Lebanon
372,بريطانيا ومعها توجهات مرتبة بأوروبا متحمضة من روسيا من بعد قصة سكريبال ترامب انسحب من الاتفاق النووي ومتحمض لإيران وممكن يلاقي دعم لأي عملية أو مقاطعة ضدها بعد ما حل مشكلة كوريا فعلياً محور المقاومة بالرغم من انتصاراته العسكرية وضعه السياس,normal,Syria
373,تسلم يا حبيب الشام,normal,Lebanon
374,الملفت بهيك حمار معبا ببنطلون مو انه منظومته الاخلاقية عديمة الأخلاق تماما، وإنما اعتقاده انها متفوقة على غيره,abusive,Syria
375,كلنا اللواء عثمان اما المجرم مهما طال الزمن مكانه السجن والمحاسبه,abusive,Libya
376,كفّوا ألسنتكم عن روح القائد الخالد،يلعن روحك يا جولاني كوليرا,abusive,Algeria
377,تعوا نتفق ع شغلة يا مسؤولين، يللي بدّو يسرق يسرق بس بلا ما يخلينا نعرف,normal,Syria
378,جريدة اخبار وصرمايتنا سوا معانيك هيدا كلام من مدرستك مدرسة صرامي هيك تعلمتها منك هيدي الجملة,abusive,Lebanon
379,هلأ صرت عروبي ما كل عمرك تابع لإيران و تعليمات الحزب,normal,Palestine
380,لنك رخيص,abusive,Oman
381,للخروف عون,abusive,Morocco
382,رغم الظروف الي عاشها لبنان بالمرحلة السابقة من حرب للإغتيالات وغيره ، ما شفت متل الحالة الي ن,normal,Jordan
383,مرة جديدة ضربة متعمدة لل عهد القوي,normal,Libya
384,أقترح عليك ان تسدو لبوزك,abusive,Morocco
385,مصيرك يا وئام الى مزبلة التاريخ والايام بيننا,abusive,Saudi Arabia
386,شكرًا على طول بالك يا اخ نزار وأنك مش عّم تاخود الأمور بشكل شخصي,normal,Egypt
387,يا زلمي بشرفك اقرأ التعليقات الناس قرفتك على فرد نغمة غيِّر,abusive,Sudan
388,ما انت والرئيس من فرد خميرة، واللي جاب الرئيس، وقفك على اجريك ، وماشيين سوا بمخطط التفرقة,normal,Yemen
389,انو هالزلمة الأستاذ جن بلاط مش عارف حالو شو بدو طيب حدا يعلمو ع شي شغلة يلتهي فيها ويفلقنا بريحة طيبة يا قرد,abusive,Syria
390,الوطن يحتاج لرجال تقف معه لا عرصات تقف ضده الوطن غلي الوطن عزيز كما قال المقبور سيدك اية الله حافظ اسدي,abusive,Iraq
391,نعم والف نعم نعتز بك ناطق بكلمة الحق,normal,Oman
392,ما نايكن الا جبران باسيل عن جديد منا وجر,abusive,Lebanon
393,قد يكون كما تدعين لكن له مبدأ واضح مو متل العواهر الي عندك,hate,Oman
394,لا تلومونه وتنتقدوه فأنتم تركتم الساحة خالية له ولأسياده,normal,Modern Standard Arabic
395,راح خبرك شو شايفة ب جبران باسيل,normal,Jordan
396,مبادرة بيروت للسلام عام بحضور الرئيس المقاوم اميل لحود ورئيس مجلس النواب الاستاذ نبيه بري رئيس حركة امل، تحدثت عن سلا,normal,Oman
397,هوا بوجهك يا هوا قليل ادب ع هيك الفاظ كول هوا ونقلع من هون بس فاضي الك ولاشكال ابعتلك ع الصراحة وعفكرة عرفتك وتفكرش,abusive,Iraq
398,الجيش الاسود لا تعليق بس هيك,normal,Jordan
399,يا رب تموت,abusive,Libya
400,القناة السابعة العبرية تقول نصرالله بحوار لقائي انتصر على اسرائيل انقبر كول هوا وتعلم تبتلع سمك متل م,abusive,Syria
401,جبران باسيل وتياره حليف استراتيجي للمقاومة حتى يقول هو غير ذلك او يقول السيد حسن نصر الله غير ذلك كلام البعض عالتويتر,normal,Oman
402,طالما الدليل عند القاضي ليش ما بقول وبخلصنا لازم نعرف القاتل,normal,Syria
403,هل هناك مصلحه مشتركه بين جبران باسيل و نبيه بري بشأن التطبيع مع سوريا ؟ طب ليش الثنائي الشيعي ما بيوثق بف,normal,Yemen
404,ما يسمى مراكز الأبحاث التي تمولها بلدة قطر أطلقت حملة علينا لأننا قلنا لا أهلاً ولا سهلاً لأمير الإرهاب هل كان ينتظ,normal,Modern Standard Arabic
405,خليك مع كلبك واترك البلد ما ناقصو فتن,abusive,Iraq
406,مشكله يوم يتكلم العرص عن الرجوله,abusive,Saudi Arabia
407,لأنك طول عمرك غبية ههههه,abusive,Palestine
408,طيب ياخي تلحس انت ويلي لاحقك علم لا ينفع متل الخرى بس شغل صف كلام بلا اي طعمة,abusive,Lebanon
409,كول خراااااا,abusive,Iraq
410,نشالله بيفركك عزرائيل وانت والصوص تبعك,abusive,Syria
411,يديم هالضحكة قائد,normal,Tunisia
412,وش تغير يادكتور هذا اللي يهاجم السعوديه وقادتها ليل نهار اصبح وطني,normal,Yemen
413,لمين الاهلا وسهلا لبشار الأسد يا عيب الشوم عليك انت عميل صغير وراح بتضل عميل وصغير,abusive,Syria
414,مفتي القتل صهيوني بامتياز امثال القرضاوي مرض عضال في جسد الأمة,abusive,Oman
415,لا يصح الا الصحيح التحيّه والأجلال لمشايخنا الحقيقيين الملتزمين بديننا الشريف فوالله الروح بترخص لكم أيها ال,normal,Algeria
416,إنها لمهزلة حقيقية أن نحوّل الفشل إلى شيء نفتخر به مكابرة ونكران وانعدام تام للمسؤولية,normal,Modern Standard Arabic
417,يا رجل خليهن ورى أمريكا لو لحقوا الصين مشان المصاري وصاروا يمشوا على الستانداردز تبعها بحقوق الإنسان ما عاد تلاقي لا تويتر ولا حذيفة يغرد عليه,normal,Syria
418,لا تجحش محسوبك اجحش خخخخخ,abusive,Iraq
419,اول مرة بعرف انو الصرصور بيضحك,abusive,Jordan
420,كول هوا دعسوا على راسك وراس كل خاين امثالكم,abusive,Iraq
421,حمار الشغل,abusive,Egypt
422,التلك اخرس خراس,abusive,Lebanon
423,لمن يهلل لوديعة قطر عليه ان يعلم أن الوديعة مربحة لمن يودعها لأن فائدتها عالية وهي ليست هبة كما إعتقد البعض ثم لا أ,normal,Modern Standard Arabic
424,افتخر بمدرسة العماد العون,normal,Yemen
425,ولمن يهمّه الأمر ، وليد جنبلاط تزوج من أيرانيه ومن ثم تزوج من شركسيه وأنجب منها ثلاثة أولاد غير دروز وك,normal,Iraq
426,كوووووووول خرااااااا ولاااااك,abusive,Lebanon
427,كلامك مردود عليك,normal,Qatar
428,يكفي جبران باسيل شرفاً انك تهاجمه يا قطيش,normal,Saudi Arabia
429,كلام جبران باسيل بالأمس عن أمير قطر مدفوع الثمن و الفاتورة برسم التسديد من خزينة الشعب القطري المنهوبة ، و يصدق المث,normal,Palestine
430,هاد شرموط شوف أكاونته قاعد بكندا,abusive,Syria
431,كم من مليارات في ذمتهم ؟,normal,Saudi Arabia
432,سخيف,abusive,Lebanon
433,سدّ نيعك انت وعم تحكيني فاهم؟؟؟ ههههه دراما لبنانية,abusive,Syria
434,بيساهل ابن زانية صباحك نور استاذنا,abusive,Lebanon
435,أن ننسى لا ننسى شهداء الدامور ال الذين سقطوا,normal,Tunisia
436,قولارجي طلع اخو الدياني,normal,Tunisia
437,قطيش هو كلب الحراسة الذي وظيفته أن ينبح حماية لأسياده وأولياء نعمته الذين يكرمونه بالعظمة آخر النهار,abusive,Modern Standard Arabic
438,كلو اخرا من بعضو بس ما حدا اخرا منك ومن بشار فكر فيها,abusive,Lebanon
439,اي كول هوا شو دحشك لو امراتي حكا هيك كان طبطبت عليه,abusive,Lebanon
440,خبر يبشر بالخير وببدء بناء الدولة,normal,Jordan
441,عيب الكذب كن صادقاً ولو مرة واحده,normal,Yemen
442,ولاك انت بدك مين يضحك عليك انت كركوز بحد ذاتك حقك فرنك إيام الغلا وكشتبنجي عايش عالتشبيح وكل العالم بتعرف من وين مصرياتك,abusive,Syria
443,ومن اللي رجع سفارته في دمشق ؟ اغبياء انتو؟؟؟,normal,Yemen
444,معالي الوزير خليك بالجاهلية وخازوق الجاهلية وشو بدك بقطر,hate,Syria
445,ما في غبي الي انت ياحوان كول هوا وسكت,abusive,Lebanon
446,مطلوب تعميم هذه التجربة في كافة الوزاراة والاقتداء بعدالة وزارة العدل,normal,Iraq
447,صحيح ميه وانت منهم بس لفرق بينكم انت لمصلحه سوريا وهم لمصلحه جيوبهم,normal,Yemen
448,العوني ما الو رب,hate,Lebanon
449,نحتاج الى قيادات جديدة,normal,Algeria
450,ما جبران باسيل نفسو لي قال بمقابلة تلفيزيونية عالميادين انه ما عندو مشكلة مع اسرائيل و على حصولها على حقها بالامان؟,normal,Sudan
451,زطم مش بيئه؟ حتى كول هوا اشيك,abusive,Iraq
452,حركة امل مستاءة جداً من حزب الله لانه يقدم دعم وتغطية كاملة ل جبران باسيل والتيار بكل الملفات,normal,Jordan
453,عندكم زباله يا رجل اكثر من عدد سكان بيروت ، ولك انتي مبين من شكلك انك زباله نايت كلوب لانك انيق وقذر في نفس الوقت,hate,Oman
454,وزير الخارجية اللبناني إلى سوريا قريبا,normal,Modern Standard Arabic
455,دخلك ليش ما بتسمي حاجي نازل ألغاز، مين الابطال ، شو الخدمات، يا زلمي بق البحصة ولا كل شي بدك تقبض حقو؟,normal,Lebanon
456,صبح ربك او الاوامر جاي بكير لتجعدن ماحده شيطان اكتر منك,abusive,Lebanon
457,ولك حل عنا حروب من ما طلعت ما خلصت الحكايه على أساس انتوا جبتوا الخير على لبنان بيكفي مزبلة هيدا,abusive,Lebanon
458,صدقني مش راح يجيب اخرتك الا اللواء عماد عثمان إن شاء الله على ايدو شفل حلفائك كم عمرو بناية بلا ترخ,normal,Lebanon
459,اخرس يا كلب أيران,abusive,Egypt
460,العلاقة القائمة بيننا وبين رئيس الجمهورية لم تتزعزع مطلقاً مبنية على الثقةنحن حزبين إثنين ولسنا مطلقاً حزباً واحداًأ,normal,Modern Standard Arabic
461,كرهت او أحببت جبران باسيل عليك أن تعترف بأنه قدها وقدود، بالكلام والأفعال,normal,Oman
462,نرجو ذلك يا معالي النائب,normal,Modern Standard Arabic
463,من خلال بعض المعلومات والتسريبات التي حصل عليها أصدقاء الحركة اللبنانية الحرة أكدوا لنا أن كلفة تغطية طلة وزير الخارجية جبران ب,normal,Modern Standard Arabic
464,انو عم تتعاطى خرا بكوكائين ولَك مين انتي ومين شايفك من ارضك قال وفد قال ودخلك الوفد بالستيانات باعتو,abusive,Lebanon
465,اي شرف ليش انتو عندكم شرف,abusive,Iraq
466,هذا يكره السعودية ودايم يسبها بس حاليا يحاول يتقرب منها فقط,normal,Oman
467,بحكيكي بالشرق بتجاوبي بالغرب,abusive,Syria
468,فضائح فساد و فضائح آبار الله يعين المساكين,normal,Yemen
469,يا اخي روح عيش بسوريا كل نهار بتحلف وحياة بشار الأسد روححححححححح و القلب داعيلك ريحنا و أنا بعطيك مطربا,normal,Lebanon
470,كذبك يا أيوب كذاب ونص جبران باسيل انظف من ضميرك,abusive,Syria
471,اراكوز,abusive,Iraq
472,يا بهيم الشاعر عم يحكي عن سوريا الارض مش عن نظام سفاح قاتل ونقطه ع السطر,abusive,Egypt
473,جبران باسيل ل سيإنإن أمن إسرائيل هو حق,normal,Lebanon
474,هههه منهنيك علي لهيدا اللحام اذا دولة ايران العربية هيك طلعت معو و اذا كلكن هيك شي بخري عليكن,hate,Jordan
475,خليك بقضية الخاشقجي شو بدك بالوزير جبران باسيل,normal,Syria
476,محل النقط جنبلاط,normal,Lebanon
477,كل مين بيشد على مشدو كمان,normal,Palestine
478,وهل تعلم انت الفرق بين دمشق المذكورة عاصمة الأمويين و دمشق نظام البعث الحاكم في سوريا، ان كنت لا تعرف ف,normal,Saudi Arabia
479,لك شو صاير معك يا زلمي ارتقي شوي صاير متل الولد يلي بياكل فلقه وجاي يبكي عند ابوه خليني خبرك شي ع طري,normal,Syria
480,اوقفت القوى الأمنية الناس على بعد حوالي كيلومترا من المطار بسبب مرور الوفود العربية الى القمة الفاشلة، تخيلوا عجوزا يهرو,normal,Saudi Arabia
481,دخلك كم شيخ عقل صار في بلبنان بهمتكم؟,normal,Syria
482,اديش عثمان داعس على راسك يا وهاب المنافق على كل حال عثمان هو الكسبان اذا كنت تكره فهو في عقلك وان كنت ت,abusive,Saudi Arabia
483,شو هالدولة لي نحنا عايشين فيها معقول ماحدا قادر يخرسك أو يشلحك بالسجن قاتل وسارق وتطلب السجن لغيرك شو هالوقاحه لي عندك,abusive,Oman
484,كتلة الاخوة كتّاب العدل بيطلعلهم وزير بالحكومة؟ عقدة بيت نعيم,hate,Syria
485,مين هالشيخ ،، ومين وهاب ومين طلال ،، مع بعضن مش مخلصين لا بالدنيي ولا بالآخرة ،، مااااا في متل,normal,Lebanon
486,سؤال اللواء عماد عثمان عاملّك واحد خليفاني بالعرض وموجّعك كتير لحتى كل يوم بتغرّد عنو من الوجع,abusive,Lebanon
487,الجزمة مكانه الحقيقي جبينك,abusive,Saudi Arabia
488,ياسعاتو حاج تهاجم وتلج علينا في عيل عم تعيش عيلتا من هل دوله بقى حاج تزايد علينا خلاص خيي هاجم السعوديه,normal,Libya
489,اكيد مصلحتو اهم من مصلحة البلد هيدا جبران باسيل لم ولن يتغير والآتي اعظم,normal,Lebanon
490,نصيحة ببلاش عندك نقص كتير بال لازم تصير تاخد كل يوم وأول ثلاث اشهر ثلاث مرات بالنهار قبل الاكل وبدون ماء,normal,Syria
491,هذا قضاء عادل نمثل أمامه جميعنا بشرف أما القاضي المسيس فمصيره السجن,normal,Modern Standard Arabic
492,يا وائل كلام جبران باسيل خاطىء وغير مقبول هو وزير في حكومة بيانها يقول ان إسرائيل هي عدو وليس من واجب,normal,Yemen
493,شو رأيك تاخد نفس الوفد وتروح على فنزويلا، وسلامي الى الرفيق مادوروفيك تطرئلك شي بي,normal,Lebanon
494,نتمنى اذا كان بلقمة ما يحك باسم الدروز لانه شيخ فقط لدار خلدة ودار حضرتك لان الجاهلية لا تمثلها انت وخلدة لا,normal,Iraq
495,خبر موت شخص من حركة امل و اشخاص مردة و أشخاص ما الن علاقة بس بيكرهو جبران باسيل بعد كلام السيد نصرالله يكسر الص,normal,Lebanon
496,كمشتك رولا ياوئام عطني نصيبي انا ورولا من المصاري تبع دبي ههههههههههههههههههههههههههههههه,normal,Lebanon
497,ليش حتى اليوم قامت القيامة على شيخ العقل وعلى المجلس المذهبي اللي إلو من سنة وعم بيصي,normal,Syria
498,انا فينيقي عبارة تشبه في بلاهتها لو ان احدهم في المستقبل البعيد قال انا ليڤانتيني ، إنّو يا حمار الكلمة اللي كان يستعملها الاوروبي للدلالة ع منطقة واسعة كيف أخدتها انت كمعرّف اثني، عالقليلة استعمل العبارة اللي كان يستعملها اسلافك,abusive,Lebanon
499,صدقيني مش طبيعي جلطني,abusive,Libya
500,ههههههه كول هوا وزحط,abusive,Iraq
501,الوزير جبران باسيل هو الأكفأ وهو الاقوى مسيحياً,normal,Lebanon
502,اطال الله بعمر شيخ العقل ونعتز بمشاركته في القمة,normal,Tunisia
503,اسود منك ومن كلامك وقلبك وشكلك ما شفت لا تحكي عن القتل يا صاحب الوجه البشع وبشارك قتل الملايين من الشعب,abusive,Syria
504,السيد نصرالله ما عزز الصداقة مع شخص العماد عون والوزير جبران باسيل هي حرب تموز ووثائق ويكيليكس,normal,Syria
505,ان المجرم هو ابن أنيسة يا نكره بس شاطر على اهل السنة يا غبي,abusive,Libya
506,مؤامرات باريس المخملية,normal,Tunisia
507,جبران باسيل هو قليل من بشير جميل و قليل من سمير جعجع وفارس سعيد,normal,Sudan
508,هو بيعرف ومعترف بهالشي بس هلّق المخرج هيك بدّو وهو عمبأدّي الدور بجدارة,normal,Syria
509,حتى فيصل الزفت القاسم,abusive,Iraq
510,فداك ومعك ليوم الدين,normal,Morocco
511,جبران باسيل ل سيإنإن أمن إسرائيل هو حق,normal,Lebanon
512,تركية قاهرتكم الله يحمي الرئيس اردوغان,normal,Tunisia
513,وانت بول شو بتشرب يا بعير,abusive,Lebanon
514,شو هل اعلاميين كيف صايرين الحقد عاميلن قلبن متل كأنو جبران باسيل قاتلهم بيهم,normal,Lebanon
515,دميم الكلب ليس له مكان بين العرب ا شراف انه حثالة وأمير الشواذ والمخنثين مرحبا به في أي مكان أو زمان,hate,Modern Standard Arabic
516,حاجتك تغريد يا سمج والله العالم قرفتك,abusive,Iraq
517,وهاب أتمنى عليك يا وليد بك عدم التدخل بالتحقيق لبنان,normal,Algeria
518,بول بريمر الذي نهب العراق بعد الإحتلال وحل الجيش العراقي يتلقى عام في لندن حذاء الصحافي ياسر السامرائي,normal,Modern Standard Arabic
519,هيدا أكيد ما في شي حيغير وليك ح إحكي جملة خارج قناعاتي برافو عليه جبران باسيل في قصة بنك سيدروس بشك,normal,Sudan
520,يوم ولد ماكرون كان ميشيل عون عقيد ركن و بوتفليقة وزير خارجية و السلطان قابوس كان السلطان قابوس,normal,Tunisia
521,مصادر التيار الوطني الحر تنفي عبر ال او تي في ما تم تداوله عبر بعض وسائل الاعلام,normal,Oman
522,جبران باسيل رجل دوله وطالما الجميع يعمل لطائفته فمن حقه هو ان يعمل لطائفته,normal,Modern Standard Arabic
523,كثروا المنافقين اصحاب المصالح هاذا اكبر كلب لأيران في لبنان ، تابع هالفديوا وتعرف هالمرتزق,abusive,Algeria
524,وين الغلط اذا قال انه ل بيوعظ بموضوع جبران باسيل و بيقبل بالتهجم عشخص الرئيس بري بكون عم يكيل بمكيالين؟,normal,Lebanon
525,يتيم المجد يدفع لكم ملياردولار واخرتها تحطون صورته وتكتبون تميم العنز مالكم حل اخذتم الفل,normal,Qatar
526,هيك قمة بدها هيك مستويات من الحضور,normal,Jordan
527,لولا قانون النسبيه يللي جبران باسيل عرابه ما كنتوا شميتوا ريحة نائب كنتوا بقيتو,normal,Syria
528,الاخبار من سوريا غارات اسرئيلية وانفجارات في اللاذقية واشتباكات مسلحة بين جناحي النظام في حماة وانسحاب أمريكي بذات,normal,Sudan
529,قلتلي ولاحساب طائفي وأنا معك بس فيها حساب عائلي عائلة كاملة من ثلاثة أخوة تنجح فعلاً تجربة رائدة رجاءً,normal,Saudi Arabia
530,ايران هي المسؤله رقم واحد عن تعطيل العهد و مع هيك استاذ جبران باسيل مصر على مصلحه ايران مع الطبيع مع سوريا حتى تفتح,normal,Jordan
531,نسيت انو التيار اسمو التوحيد حتى بالهبل بيتوحدوا اي والحمرنة كمان,hate,Jordan
532,ممكن تفرشي سنانك قبل كل تويت بليز في ريحة خرى قوية,abusive,Palestine
533,أقول أكل تبن بس يا لوليا,abusive,Saudi Arabia
534,كأنك ابنه عم دافع عنه بيخلق من شبه اربعون,normal,Syria
535,ولك كول هوا يازلمه,abusive,Iraq
536,بنعمرها سوا يلا كلنا سوا دبكة الانتصار,normal,Lebanon
537,لو كل كلب عوى ألقمته حجرًا لأصبح الصخر مثقالاً بدينار,abusive,Oman
538,فعلا انك نذل وحقير,abusive,Yemen
539,على من تقرأ مزاميرك يا داوود؟ وليد جان بولاد أصلو تركماني لا يمكن أن تترجى أو تتمنى عليه فهو مجرم موص,hate,Modern Standard Arabic
540,يا جماعة مش ملاحظين بعد كل جولة من الكذب والتضليل على التيار ورئيسه ،,normal,Palestine
541,في جينزات عند الصبايا محتار اذا بصنفهن جينز مخزوق كتير أو شورت بشراريب، رح إخوَت,normal,Syria
542,يلعن روحك يا حافظ,abusive,Syria
543,دخلِك يا زميلتي ، مش حضرته لرفض يسلّم حاله للدولة ؟ وتوفي شاب فداه؟,normal,Egypt
544,يا أمير الشتامين أملك بالفوز مثل أمل إبليس بالجنه,abusive,Iraq
545,كالأسد الرابض,normal,Modern Standard Arabic
546,يا زلمي انت عندك مشكلة لازم تحلها او انو الانكليزي صعب عليك,normal,Jordan
547,قال الشاعر ابو قاسم الشابي إذا الشعب يوما أراد الحياة فلا بد أن يستجيب القدر ولا بد لليل أن ينجلي ولا,normal,Modern Standard Arabic
548,جبران باسيل بِنَجِّح تلات كتّاب عدل من نفس البيت و نفس البطن و نبيه بري بقدّم تلات اخوة شُهدا لَتِبقى الأرض و يِبقى العُ,normal,Lebanon
549,هبلة اتتي صح,abusive,Libya
550,تحية من قلب فلسطين الى قطر والى اميرها الشيخ تميم وليخسأ قتلة الاطفال في الشام,abusive,Saudi Arabia
551,ونحنا الزينات منحن عبعضنا,normal,Tunisia
552,معرفي قطر كل عمرى داعمي الارهاب لا بد من قطع يدهم,hate,Tunisia
553,عفواً بس شو هالتحليل الطيازي هاد من وين لوين الفلسطينية أشعلوا الثورة,abusive,Syria
554,صرمايه عثمان براسك وبراس يلي خلفوك وانت من يجب ان تكون في السجن يا منافق يا وضيع ولن نسكت عنك قبل ان تك,abusive,Libya
555,ما حترمك النوم الا اللواء عثمان والبوط العسكري تاعوا رح يحطوا بي تمك خليك عم تعووي قرب وقت البوط يدوس راسك,abusive,Palestine
556,انت رئس الفساد,abusive,Yemen
557,والامن متفلت، والمحاكم نهشها الفساد، ورجال الدولة خيرهم للخارج، والتلوث باعلى درجاته,normal,Yemen
558,نحتاج الى من يحافض على لشعب ليحيا لوطن لان لوطن اكبر من لشعب ولحكام,normal,Tunisia
559,هذا وتوه ماعطينهم مليون عطاهم الله سقم ولسه بكره بيرجعون يردحون ويسبون عمر ماينعدل,abusive,Qatar
560,حتى لو اجتمع جبران باسيل ب نتنياهو حزب الله سيصمت ف الحزب لا يستطيع ازعاج باسيل لانه بحاجة لغطاء مسيحي يشرع,normal,Yemen
561,هل حساب الرئاسة موقع إخباري لتصريحات جبران باسيل؟,normal,Sudan
562,الرئيس نبيه بري ومن يمثل,normal,Syria
563,هذا العالم مليئ بالتُرّهات ما منستاهل جبران باسيل,normal,Lebanon
564,هاد نفسه بيآمن بعزرائيل,normal,Jordan
565,طز فيك وفيهم إذا حاببهن كثير ظب كلاكيشك وروح او بقلك خذ الزرد معك وفل,abusive,Syria
566,تسلم يا قائد دايما بتحط النقط عالحروق سلطة فاسدة وعاهرة سلبوا ونهبوا البلد,hate,Lebanon
567,نطالب بسحب المليار ونصف من لبنان ردا على تصريح جبران باسيل,normal,Algeria
568,جبران باسيل وصولي مريض بجنون العظمة نستعد يعمل ايا شي ايا شي للوصول إلى الرئاسة ومن بعدها مستعد يعمل أيا شي ليكبر و,abusive,Algeria
569,كول هوا هاد الحكي كذب,abusive,Iraq
570,هوي مختار مش قادر يعمل بضيعتو وااااك واااااااك وااااااااك,normal,Lebanon
571,بس بلبنان ممكن نقول عن حدا انو مشكلجي وزعوري ووِسخ بس خامتو طيبة,normal,Jordan
572,وهاب لمن يهلل لوديعة قطر عليه ان يعلم أن الوديعة مربحة لمن يودعها لأن فائدتها عالية وهي ليست هبة كما اعتقد البعض,normal,Modern Standard Arabic
573,أود أن أسأل سماحتكم، كيف تحدد نوعية العلاقة أو ما هو تشخيصكم للعلاقة القائمة بينكم وبين الحليف ووزير الخارجية ورئيس,normal,Modern Standard Arabic
574,خليك ببرميل الزبالة يا وهيدا بلوك هههه,abusive,Syria
575,قال رسول الله صلى الله عليه وسلم من سب أصحابي فعليه لعنة الله والملائكة والناس أجمعين، لا يقبل الله منه صرفا ولا عدلا,normal,Qatar
576,أجل واحد بيرفض كذب الكفار والتاني بيرفض كذب الإمبريالية,normal,Jordan
577,يجب أن يعلم الجميع أن الشجرة المثمرة ترشق دائما بالحجارة,normal,Modern Standard Arabic
578,بدك شي شاكوش يضرب راسك ليفتح مخك السيد مش لاكشك باجرو,abusive,Lebanon
579,لا هيدي ولا هيدي بس تبطل انت تحكي وتختفي ساعتا بصير عنا وطن ساعتا,normal,Lebanon
580,طبعا الرفيقة أسماء من عضام الرقبة و الرد من باب المونة فقط لا غيراي نعم,normal,Morocco
581,يا ابن اللقيط ابن ال سلول القذر انت ومعلمك الخنزير ابن سلمان المنشار المتعامل مع اليهو,hate,Modern Standard Arabic
582,مشاركة شيخ الغريب لم تأت من وراء ثقلك ومن معك يا كبير ، أتت من مشغليك في الغرف السوداء ونواياهم الإجرامية لزرع الفرقة وال,normal,Modern Standard Arabic
583,انت عم تغردي من كباريهات الاهرامات,abusive,Jordan
584,مستهبل ومن لف لفيفها بصوت واحد الحق على جبران باسيل,abusive,Syria
585,خود هالتويترجي الغبي و سكر,abusive,Lebanon
586,اكيد جبران باسيل ،وهل يخفى الدهاء,normal,Iraq
587,رضوان حبيبي كول هوا,abusive,Iraq
588,كلام سليم وانت ايضا تحت القضاء,normal,Oman
589,حلوة أنا أكتر واحد بنتقد صهر العهد بس انتي يا أمية يلي مش قارية جريدة بحياتك ممنوع تنتقدي ، ولك تضرب يا هبيلة ولك مين مفكر حالك بمنطقك رح ينرد عليك أنت شقفة مهرج وخريج برنامج مع غرور وهيدي بداية النهاية ريس القصة مش بل الشهادات القصة ب,abusive,Syria
590,خلص خراس,abusive,Lebanon
591,اه يا شوقيري انت,normal,Morocco
592,لا تستسلم ابدا مهما واجهتك الصعاب,normal,Modern Standard Arabic
593,والله بكون كتر خيره,normal,Libya
594,قداي بدك نمرة الضبان خبرني حتى شوف اذا في قياسك لانو صباط الاستاذ كبير بغطيك كلك فا بدك وحدي تجي عقياسك,abusive,Lebanon
595,لكل دوله رجالها الا وئام وهاب فهو للامارات وايران معا,normal,Libya
596,وانت نهبت بنك المدينه,normal,Yemen
597,بعد اعتراضات ثم تحفظات ، نجح لبنان ووزير الخارجية جبران باسيل في تضمين البيان الختامي بنداً حول عودة النازحين السوريين ال,normal,Modern Standard Arabic
598,وعندما يدافع رئيس تيارك جبران باسيل عن النظام السوري هل نسي ماذا فعل هذا النظام المجرم في لبنان من تدم,normal,Modern Standard Arabic
599,اللي بيسمع هالمزايدات على جبران باسيل بفكر انو فوزي صلوخ او عدنان منصور كانوا يطلعوا كل يوم يحكوا بازالة اسرائيل من الو,normal,Jordan
600,كل ما استمتع بسرعة بديهة زميلتي ناديا بساط ببرنامجا مين بيعرف بتزيد عندي القناعة انو هي والبرنامج خلقوا لبعض برافو,normal,Jordan
601,يعلن بيك وزير المصالحة علي حيدر باع ولادنا اي نعم علي حيدر يلي ما بيمون على حاله باعهن,normal,Lebanon
602,يا باريس انت حمار ولا بتستحمر,abusive,Jordan
603,يا اخي نقطنا بسكوتك جسمك اخد على البهدله ما بقى تفرق معك,abusive,Libya
604,وهل يجوز ان تكون السبب في قتل الدروز بالسويداء بالتعاون مع المماتعة,normal,Saudi Arabia
605,مشيخة السرقة وباكاوية النهب والكذب والدجل والعمالة,hate,Iraq
606,هلق لما طلعوا السوريين ضد النظام كانوا كلون ارهابيين ومدفوعين من الخارج وما في واحد منون مدني بريء، بس لما غيرون بيعمل نفس الشي بيكون بطل وعم يواجه الفساد الخ، السؤال ليش؟,normal,Syria
607,اللي قالوا الوزير باسيل، وزراء خارجية فلسطين وإيران ما بيسترجوا يقولوه,normal,Jordan
608,تضرب منك اله، الغريب هو شيخ عادي من المشايخ عنا ونا بيمثل الا بالمية من الطايفة، ما تسأل وين راحوا ا,abusive,Lebanon
609,هذا المشروع يعتدي على الأملاك النهرية في منطقة داريا ودون أية رخصة سوى تشبيح عماد عثمان لذا أطالب الرئيس علي ابراهيم بالتدخ,normal,Modern Standard Arabic
610,عيب عليك استحي يكفيك كشفت الحيا العمى ضربك شو وسخة,abusive,Lebanon
611,وزير خارجية لبنان جبران باسيل يتحدث ل عما يبقيه مستيقظا ويؤكد القطريون مستثمرون جيدون,normal,Modern Standard Arabic
612,مقالي اليوم في جريدة المدن جبران باسيل مندوب مبيعات سوري,normal,Algeria
613,صار ضروري يطلع قرار يمنع فيه ذكر اسم جبران باسيل من قبل خفاف العقل والذهن المريض لانه يسبب هلوسات,abusive,Oman
614,نتمنى أن لا ينظر علينا أحد بمحاربة الفساد بعد اليوم إذا لم يتم سجن عماد عثمان فالمذكور في جريدة الأخبار يطيح بدولة,normal,Modern Standard Arabic
615,لا لا بعتقد مي الخرز بخافو منو فا اكيد فرد مي,normal,Lebanon
616,كلام عيب عيب ومليون عيب البدو اللي تحكي عنهم اصبحوا أطباء ومهندسين واطلقوا أقمار الى الفضاء,normal,Oman
617,لسانك حصانك وحسنا فعلت قطر لتلغي مركز الأبحاث لا مرحبا بكم انتم ولا تستاهلون اي عمل لكم ناكرين المعروف,abusive,Yemen
618,جبران باسيل ما يبقيني مستيقظا هو حالة الصمت على الخروقات الإسرائيلية اليومية لاستقلالنا وسيادتنا، لدينا نحو خرقا جويا و,normal,Modern Standard Arabic
619,واحد شرموط متل أحمد جبريل هو واحد من هالقيادات عايش لحد ما صار عمره سنة بدون ما يطلع شي واحد يفلخه ويرميه بمزبلة كلاب وبعدين بدك ردّة فعل ضد يلي بيصير بالمخيم؟,abusive,Syria
620,اكيد مش عن طريقك لأن هيئتك اقرب لعزرائيل,abusive,Lebanon
621,تجامع البرغوث وحمار خوزان والكل فيهم علتة باطنية,abusive,Tunisia
622,وإن الظالمين بعضهم أولياء بعض والله ولي المتقين,normal,Syria
623,منقع صبخ والله مايثمر فيهم مهما نسوي,normal,Tunisia
624,الطريق الجالس اقصر طريق، بس اتعب واثقل طريق,normal,Iraq
625,جبران باسيل صرمايتو بتسوى راسك,abusive,Lebanon
626,شو ياشلكه ؟؟؟؟ حلوه صورتك انتي ولابسه لانجري مره ثانيه بس تجيبي سيرة اسيادك تطهري وتشطفي ون,abusive,Oman
627,من مقابلة جبران باسيل مع سيإنإن أمن إسرائيل هو حق روح يا كبيررررر مين قدك ، ي,normal,Lebanon
628,مش شي عيب القرعة يا فهمانة ، بس كبراني الخسة براسو,abusive,Lebanon
629,طيّب ليك كتير بتحب سوريا و الاسد و دمشق اذا بتطلع بتعيش فوق بترتاح و بتريحنا و الله ما منزعل جوخ مبيّض,normal,Lebanon
630,صحيفة جبران باسيل يزور دمشق قريبًا,normal,Oman
631,راشيل تركيهم شعب تعتير مهتري خالص الحمدلله عنا جبران باسيل قدن كلن,normal,Lebanon
632,هيدا اسلوبهم بالحوار متل معلمهم معودين عحوار الصرامي,hate,Lebanon
633,حمار معبا ببنطلون,abusive,Saudi Arabia
634,لا حبيبي مش كذاب بيسوى رقبتك جبران باسيل بالقليلي ما بيلعب بي صبيع اجرو,normal,Lebanon
635,عسلامتك و سلامتون هي اصلا مش رايحة الا بس عالمعترين,normal,Lebanon
636,وئام وهاب انت مشروع فتنة درزية أنت يا من تتغنى بدرزيتك كل يوم ، كيف سمحت لك درزيتك ان تكون رأس حربة ل,hate,Sudan
637,صباتو بيسوى نعيم حسن تبعك منيح تقل لاتقلك بعد تكرم,abusive,Lebanon
638,لو عنده كرامة طمر حاله بالتراب مجرم,abusive,Syria
639,رغم هزالة حضور ملوك ورووساء العرب لكن يوجد نجوم فخامة الرئيس العماد عون القايد المقاوم البطل الوطني الشهم,normal,Modern Standard Arabic
640,ما خلصت قصة ابريق الزيت؟ قيمتك صارت معروفة عند الكل ما بقى ترخص حالك عنجد العقاب لوهاب وهاب قاتل ابو دياب,normal,Syria
641,سمعوا لهل الشوفة لا والله شوفوا لهل السمعة عاهرة تحاضر بالشرف,abusive,Tunisia
642,لم الحظ في بيان القمه أي تشريع الحشيش هل من تبرير ؟؟,normal,Oman
643,هل جبران باسيل هو من يُدير حساب رئاسة الجمهورية؟ او ان شخصاً واحدا يدير حسابه وحساب فخامة الرئيس؟,normal,Saudi Arabia
644,لو فرنجية قادر يعمل رئيس كان عمل أيام الوصاية السورية، لما كان اسمو مطروح بدل التمديد لإميل لحود,normal,Palestine
645,صار عندن فوبيا من اسم جبران باسيل,normal,Syria
646,خليك بلبنان شو بدك بغير دول عأساس نحنا دولة عظيمة و مأمنة كل شي لشعبها,normal,Lebanon
647,بس يا غالية الوعد الصادق لحاله ما بجيب رئيس جمهورية ولا رئيس وزراء ،,normal,Saudi Arabia
648,بتحس مذيعات عم تنتقم بس تذيع النشرة سمّ و تسمسم خاصة بس تقول جبران باسيل,normal,Palestine
649,ممكن اذا الآلهة عطتني عمر وتقاعدت وصار معي ضجر شديد,normal,Sudan
650,عهد معجبة بأبو زميرة و اماني مغرمة بأبو مخطة بشار الاسد,abusive,Tunisia
651,لك الله يخليلنا الرئيس؛و يخليلنا المخابرات,normal,Yemen
652,شعر حلو,normal,Libya
653,في مثل بيقول كول جوز و هوا عالجوز و ما أهوا من التاني إلّا خيو الأولاني,abusive,Lebanon
654,لا حكومة طول ما جبران باسيل يطمح بالثلث المعطل,normal,Tunisia
655,لو الكل بيرشق هالسياسيين العرب بالسرامي بكون شي كتير منيح على الاقل بيعرفوا قيمتهم عند الشعوب,hate,Syria
656,خليك على موقفك يا بوق لحد ما تنرمى بالزبالة,abusive,Egypt
657,هههه شو بدك في عم تردي عليه هيك معودين بين بعضن يحكوا متل معلمن الشاريهن,normal,Syria
658,يا زلمه ما خرب البلد غير امثالك,abusive,Iraq
659,اكيد اكبر بكتير قدام العاهرات,abusive,Jordan
660,إنها مدرسة الوفاء ، مدرسة ميشال عون ، تحية الى السيّد ، سيّد الصدق والأخلاق والشرف والى حامل الامانة جبران باسيل,normal,Modern Standard Arabic
661,كول نديم قطيش لانو هوا متلك,abusive,Jordan
662,حشرة سودانية إخوانية مهمتك نشر الكذب و العهر حذاء ايراني تموله قطرائيل,hate,Sudan
663,عصابات السطة تتحكم بالبلد,normal,Iraq
664,الاسد لا حضور له مع الخراف,normal,Saudi Arabia
665,لو خبرتي غير خبريه عن سعد كانت الناس صدقتك بس انو يكون سعد الحريري حرامي روحي يا هبلا,abusive,Jordan
666,كمان خطر عبالي سؤال لحضرتك، وين صارت صرمايتك ؟ قصدي المحكمة الدولية,abusive,Lebanon
667,و لحشااا عم تحكي مزبوووططط,normal,Lebanon
668,متل اللي بده يجي يتغزل بالمغول انو فتحوا طرق تجارة وامتزاج حضارات وتسامح ديني، صح الكلام، بالمقابل دبحوا ملايين,normal,Syria
669,ليك أنت بعدك مصدّق الكذبة؟؟ لك أنت زلمي بيّاع وشرّى وفينا نقول خرّا كمان خلص سد نيعك وخراس ايري بموديلك,abusive,Lebanon
670,اتقي شر جبران باسيل نفس الشي,normal,Lebanon
671,ما نايكن الا جبران باسيل عن جديد منا وجر,abusive,Lebanon
672,المؤسف ان الاستقلاليّين والتبعيين وقفوا في وجه الحلول للتدهور البيئي بينما الواجب الوطني لم يتحرك عن,normal,Yemen
673,فالمسؤولين فيه ما عادوا مسؤولين لبنانيين بل اصبحوا طوائفيين,normal,Sudan
674,لعل من يتعظ,normal,Modern Standard Arabic
675,رد يا وئام,normal,Tunisia
676,ههههه سوريا دولة قائمة تستعيد عافيتها وقوتها بسرعة رغم عن أنفك يا بوق سلمان,normal,Yemen
677,كلام جواهر ما بيعرضو عضلاتون غير ع فقير لمال لان فقير لمال غني لاخلاق,normal,Syria
678,كل عمرن مع الف تهديد يطلعوا دقيقة على شاشات التلفزيون المحلية مش بالعين الخبرية جبران باسيل على ومقابلة عل,normal,Syria
679,و الله يا رفيقة طلعلي حب شباب على حبالي الصوتية و انا عم قلهم بس فالج،شعب تنح لا ينخبز و لا ينعجن,hate,Jordan
680,من كم سنة كان واحد عايش بالصين عم يتناقش بمجموعة بالفيسبوك حول المسلمين بالصين فطلع معه انه اللي عم يضطهدوا هنن الاويغور بس بيستاهلوا لأنن مشكلجية,normal,Syria
681,يا استاذ وئام لم يكن الربيع العربي حكر على دولة قطر انما كان بقيادة اميركا واوروبا و بتنفيذ سعودي امارا,normal,Sudan
682,البوطي شاف باسل الأسد يطير في الجنة مع الأنبياء والمرسلين ونوال السعداوي شافت هيلاري كلنتون بتوزع دولارات على متظاهري التحرير,normal,Jordan
683,لك يا حجي مين قلك بوتين الي انتصر ب سوريا؟ الكل انتصروا تقبشني؛باستثناء الشعب السوري,normal,Saudi Arabia
684,لك سيدي كلو بيمشي،المهم تحشيش,normal,Jordan
685,هيدا السيد يلي عم تحكي عنو غبرة صرمايتو بتشرف الأندال يلي مثلكم,abusive,Lebanon
686,ياليت تطلب من بشار يعطيك الجنسية السورية,normal,Saudi Arabia
687,خراس و ما تشوش,abusive,Tunisia
688,خريطة بتوضح توزع القواعد العسكرية الأجنبية ضمن حدود الدولة السورية القائمة والقوية والمكتفية جدير بالذكر إنها تعرضت أكتر من مرة خلال السنين الماضية لغارات اسرائيلية,normal,Jordan
689,سمعتوا منيح سماحة السيد شو قال عن فخامة الرئيس وعن الوزير جبران باسيل بعتقد لا كلام بعد كلام السيد,normal,Lebanon
690,علاء الخواجا مرضى عنه من الرئسات الثلاثة ما تعذب قلبك,normal,Iraq
691,دول الغدر والخراب والعمالة ستنكسر امام جحافل الشرف والشهامة اللبنانية و السورية,normal,Yemen
692,أسوأ شعور لما تحس حدا عم يسرقك ومش قادر توَقفه لأن بيوَقفك,normal,Syria
693,يعني ةلمسيحي ما بيتعاطا مخدرات و ما بيتاجر لكن ابن مستشار جبران باسيل يلي نكمش و طلع بواسطة من الوزير كا,normal,Lebanon
694,يا عزيزتي مريوما، الإمارات تبقى حليفة للملكة وثوابتها واضحة الدكتور علي رجل أكادي,normal,Modern Standard Arabic
695,نحتاج لوعي جديد خال من الايجو والانا وكل مسميات النفس الذائفة,normal,Tunisia
696,مهم انت تقول مين نسمي أهم شي و وين بحب قلك وجودك متل قلتك احترم حالك كرمال ما تضحك عليك الشعب,abusive,Syria
697,شامل روكز و من بعده جبران باسيل,normal,Lebanon
698,عندما يتعلق الأمر في البيت الدرزي الواحد يجب علينا الدعاء لكل من ظل الطريق ان يرجع عن خطأه وأن يتعامل,normal,Oman
699,كل ردودكم المتفلسفة عن غباء كامل ان دلت تدل على كذبكم ونفاقكم وغبائكم وجبنكم وهزالة مواقفكم وضعف بصيرتك,abusive,Yemen
700,شوي جبران باسيل ما عندو خلاف ايديلوجي مع اسرائيل وشوي أمنها هو حق,normal,Syria
701,هذول نفسهم بيحبوا الاسد ومعتقلين ان الثورة السورية مؤامرة ويؤيدون قصف المدنيين بصراحة أزبل من اليمين,hate,Saudi Arabia
702,حمير,hate,Qatar
703,انت وطني شريف احسنت,normal,Yemen
704,تضرب بهالمنظر,abusive,Iraq
705,انت اخرتك دربكات,abusive,Yemen
706,اللهم عليك بالحكام العرب و راموس,normal,Tunisia
707,كل الناس سامعة و قاشعة ما تخمن حالك محجوب عن الرؤية,normal,Yemen
708,حسن نصر الله قال عن جبران باسيل صديق,normal,Lebanon
709,يا جماعة مش ملاحظين بعد كل جولة من الكذب والتضليل على التيار ورئيسه ،,normal,Palestine
710,لو بس تغريدة وحدة لصالح لبنان او للمنفعة بدل الثرثرة والنسنسة لن يضرك الاهتمام بالوضع الداخلي ولكنك ا,normal,Saudi Arabia
711,عرفتك انت الجرثومةيلي قد ما نكب عليها ديتول لا يقضي عليها تضحك بلا سنان,abusive,Tunisia
712,أصلا جبران عندو طيارة وعندو قصر بأوروبا ومحيط الهادىء الى اسهم فيه وتم اكتشاف كوكب جديد مثل زحل وجوبيتير تم شرائه كن قبل ا,normal,Jordan
713,جكارة ببريطانيا والله,normal,Iraq
714,يلعن روحو بهالبرد,abusive,Syria
715,إحتل فخامة رئيس الجمهورية الجنرال ميشال عون مكانةً قياد,normal,Lebanon
716,حكي وما ترك ثغرة اول مرة بحس فيه هيك رواق ع الاخر وبصراحة اقوى رسالة بعتها هي لما شكر جبران باسيل ول,normal,Syria
717,خاءن و ستبقى خاءن,abusive,Lebanon
718,يللا بسيطة المهم خسارتنا مشرفة,normal,Jordan
719,كنا معودين عليك بتحكي جالس بس تفسيرك لجواب جبران باسيل عن السكوت بيدل على سذاجة وهبل منا وجر,abusive,Lebanon
720,وهيدي تاني مقالة يا باطل ههههه,normal,Egypt
721,جبران بيوعى بلبنان ، وبقضي وقت فراغو مع شباب حاطين ثقتن في وبشاركن بمشاريعن جبران بيطلع ب,normal,Lebanon
722,انو الواحد بيحكيك بل الشرق بترد بل الغرب ، هيدا شعار انتخابي يا روح امك بيحمي لبنان الرئيس القوي وجيشو الوطني لي ولائو للبنان بس,normal,Lebanon
723,ياريت كلكم مثلل امير قطر يلي نهض بقطر الى مصافي ادول المتقدمة واذا كان على الارهاب فانتم الارهاب بحد ذا,normal,Algeria
724,سر يا وئام وهاب يا كبير ولا تلتفت لأحد,normal,Morocco
725,ليس سرا موقف وزير خارجية لبنان باسيل جبران المؤيد للنظام السوري المجرم ولكن العجيب هو موقف بعض العرب المتعاطف,normal,Modern Standard Arabic
726,جبران باسيل وزير خارجية لبنان ممنوع يحكي باسمو او باسم تيارو او عنصريتو بدو يحكي بإسم لبنان وبيانو الوزاري واسم عشرات ال,normal,Lebanon
727,لو بتعرف ربك ، لقضيت بقيت حياتك عبادة وإستغفار وطلب السماح عله يتقبل منك وانت المثقل بدماء الابرياء والتخطيط للفتن ونشر الاكاذيب ، شو بدك بعمر المختار شتان بين الثريا والثرى,normal,Syria
728,بعض المغردين لي بينعقوا مع كل ناعق بيقبض يسمعو منيح السيد شو عم يحكي عن الرئيس عون و الوزير جبران باسيل,normal,Lebanon
729,كول هوا وسد بوزك معلمك لجاسوس لمجرم بدو شد شعر لشايب,abusive,Iraq
730,الوزير جبران باسيل التقى في دافوس المبعوث الخاص للأمم المتحدة في سوريا,normal,Syria
731,والله ما قاريك ولا سامع فيك ولا مغبر على صرمايتو زحط,abusive,Tunisia
732,ترانا نحتاج إلى أعجوبة لكي تفهم أن وليد جنبلاط هو زعيمك وزعيم الجبل وكل لبنان ولكن المختارة الوطن لا تحتاج ضم,normal,Oman
733,لعلها تكون قدوة يحتذى بها لبناء الدولة العادلة,normal,Modern Standard Arabic
734,نريد قضاء نظيف، لا يتناسى الفاسدين و المخربين,normal,Iraq
735,سد حلقك و خراس,abusive,Lebanon
736,هذه التجربة التي اعتبرتها خطوة جيدة شو وضع هول الشخصين اللي صاروا كتاب عدل وهني دون السن القانونية بعمر,normal,Syria
737,لاء ووزير خارجيتنا المفصوم جبران باسيل قال ان تميم فكّ الحصار عن نفسه وحضر القمة,normal,Syria
738,دقيقة صمت عذكائك,normal,Saudi Arabia
739,الرئيس ميشال عون و الوزير جبران باسيل غصب عن راسك هول نخبة الناس مش متل معلمك النصّ طبيب,normal,Lebanon
740,فش خلقك فش مصاري ما فش,normal,Lebanon
741,توظيف كتاب عدل من ثلاث اشقاء بالنتائج الاخيرة هم غرايس عصام نعيم، آلان عصام نعيم وايلي عصام نعيم,normal,Iraq
742,وانت وش مضايقك من حديثنا عن ايران لايكون انت الكل,normal,Saudi Arabia
743,اكبر ظلم اذا الرئيس سعد الحريري بيمضي نحنا لليوم مراسيمنا ما انمضت من جبران باسيل بحجة ا,normal,Lebanon
744,نحنا مواطنين مش اوباش,normal,Libya
745,كول هوا يلعن الي نفضك خاين كلب,abusive,Iraq
746,هلق جبران باسيل رجع ع سوريا بس خلصت القمة الاقتصادية العربية؟,normal,Syria
747,الرّئيس التّونسيّ يخسر دعوى قضائيّة رفعها على مواطن تونسيّ والقضاء يعاقبه يعاقب الرّئيس ونحنا عنّا جبران باسي,normal,Algeria
748,ما في دولة بلبنان في مزرعة عاصمتها الجاهالية,normal,Palestine
749,رغم كل ماقاله وما نقلته تبقى سيدة العواصم وست الدنيا بيروت هي فوق هذه المدن,normal,Oman
750,كذب وسلينا مبارح جبران باسيل قال انو معندو مشكله مع إسرائيل وانو من حق إسرائيل انو تعيش بأمان,normal,Syria
751,أين الثرية من الثرى واين العفيسة من الذرة ، بشرفك خلي الشرف على جنب ، شرشفك منشور على سطوح,normal,Yemen
752,اولا انت مش عزيزي,normal,Sudan
753,رأسماله وخبزه اليومي مل بيقدر إ لا ما يتبهدل هل بوم,normal,Lebanon
754,ولك وئام وهاب لأزم فخامة الرئيس يشوف شو عم تحكي ولك عيب عيب مبارح شفت بي شو تبرعت يا عيب بشوم عليك خلصنا انت لازم تتحاسب,normal,Syria
755,وين صارت مذكرة الجلب؟ عم يتهموك انك فار من وجه العدالة، بشرفك مش طلبوا منك توقف هجومك عل قضاء ليشوفو كيف بدن يلفلفولك ياها ؟,normal,Syria
756,من مقابلة جبران باسيل مع سيإنإن أمن إسرائيل هو حق,normal,Jordan
757,يا اخي قلنالك نقول نفوسك على سوريا بتوفر بنزين طالع نازل على الطريق وبتوفر تليفونات وفاكسات الله يباركل,normal,Syria
758,محوا تغريداتكم يا جهلة,abusive,Sudan
759,عاساس انت واحد فهمان,normal,Tunisia
760,ومتل كل مرة السبب في النهاية يكون وراءه نفس الطاقم السياسي,normal,Jordan
761,الزناديق هم من يقومون بتغطية آل جنبلاط المرتدين الناكثين لديننا ، لا تناصر الباطل فهو سيبقى باطل,hate,Modern Standard Arabic
762,قلتلك ألف مرة إنو تفكر قبل ما تحكي أو تتصرف أو تلعب بالنار العقاب لوهاب وهاب قاتل ابو دياب,normal,Lebanon
763,احكيلكون عن أساليب التعذيب والعقوبات تبع الاشوريين اللي بتوقف شعر الجسم من فداحتها؟ انو بدك تتغنى بالتاريخ عالاقل اعرف تاريخك المخزي,normal,Jordan
764,شهم,normal,Oman
765,يستحقوا التشبيه,normal,Tunisia
766,شعوب مرتزقة، أين ما يحل المال تركضون وراءه ولو على حساب شرفكم,hate,Modern Standard Arabic
767,كول هوا لو سمحت يعني مشان ما اجي واتبول عليك ظ,abusive,Syria
768,الظاهر الجزيره بطلت تعطيك مصاري تتنبح كالعاده,abusive,Syria
769,عاد فهم هيك جحش انه لا انا ضد اسرائيل وكل شي بتعمله بس لما نظامك المجرم رح يدبح ناس لانه انقذوا ضحاياه ووثقوا جرايمه فليكن انقاذهم على يد الجن الأزرق، طبعا عبث لان هيك بغل بشري بيدعم بشار الاسد,abusive,Jordan
770,شو النوع يلي ضاربو ههههههههههه,abusive,Palestine
771,اذا كان السيد المسيح لم يعط الحق لليهود باحتلال الهيكل فكيف اعطيتهم هذا الحق يا جبران باسيل؟,normal,Saudi Arabia
772,هذا هو وزير الخارجية جبران باسيل الذي يوظّف الدبلوماسية اللبنانية المقاومة، تطبيقا لشعار العهد لبنان القوي ، لتحصين لبنان,normal,Modern Standard Arabic
773,صدقت جبران باسيل مازال بالزبالة ولم ولن يخرج هو واعوانه,hate,Libya
774,شكرً قطر انقذت الليرة روق يا رجل محن منحب رجوليتك,normal,Lebanon
775,خراس يا كديش,abusive,Tunisia
776,شكراً جبران باسيل لانك ضمانتنا,normal,Yemen
777,هاد سعودي ، وانت خليك بحالك يا سوري ولا انت تقليد سوري,normal,Jordan
778,بغل بني عثمان بيعتقل صحافيين متل بوتين وأوربان وعلى باله يخلص من الديمقراطية متل هتلر وأوربان وخطابه شعبوي ملان جعط متل اليمينيين والشعبويين بأوروبا يلي ليل نهار عم نلطم عليهن,abusive,Syria
779,بفهمك يمكن صعبة عليك تشوف إنسان ناجح و نظيف متل جبران باسيل,normal,Palestine
780,هذهي ثورات شعوب خرجت للمطالبة بلحرية لا تنسبها لهذا الشخص او لتلك الدولة,normal,Iraq
781,مين اللي جزمه يا ابن الجزمه يا رخيص يا مهزء,abusive,Egypt
782,مطموووووزيل انتي ليش مقهورة ؟؟؟؟؟,normal,Lebanon
783,انا بقول بعلبك بتربح المكسيك,normal,Palestine
784,اخدت الحبة تبعت الهستيريا ؟خدا عجل لعمى شو هبيلة,abusive,Lebanon
785,مش دايماً الولاد بيشبهوا أهلُن لأن أوقات بشوف أمهات شفافن دافشين وولادن شفافن مسح,normal,Jordan
786,فشرت بل جن بلاط لي لازم يكون,abusive,Tunisia
787,هههه ولو بعد ألف سنة يعني الامر قطعي لو صبرت الدهر كلو لن,normal,Sudan
788,شو ضعيف وشو مقهور ومش قادر تعمل شيطز فيكم كلكن كلكن بتصبوا بخانة الكذب والنفاق بتدعسوا عا الناس لمصالحهم وفسادكم,abusive,Lebanon
789,بيلبلقو أستاذ غسان لأنو من الأعلاميين المحترمين لي ما بجرحوا بحدا وبيحكوا الحقيقة ومع أنو مش من نفس الخط السياسي لي بأيدوا بس كلمة حق تقال أنو من أشرف الأعلاميين ولي البلد بحاجة لهيك أشخاص,normal,Lebanon
790,جبران باسيل رجل لا يكل ولا يتعب من العمل في سبيل انجاح سياسة لبنان الخارجية,normal,Modern Standard Arabic
791,العمى شو كل سنتين ليقبضوك لحتى تغردي هلأ,abusive,Lebanon
792,اصلا مع هيك عالم لازم نستخدم لغة الصرامي يا نعال الجنبلاط,hate,Palestine
793,معالي الوزير ما تنسى إنوا الأنظمة الديكتاتورية بتدمر نفسها ما بحاجه لقطر وغير قطر إنوا يدمرها وما,normal,Lebanon
794,الله ينتقم من الامريكي اللعين قدر الله ان يظرب مسئولي الامريكان بالحذاء,abusive,Libya
795,جبران باسيل لديك الف متابع مش لأنهم بيحبوك بس ليشوفوا الجحشنة تبعك بالتغريد,abusive,Jordan
796,الاجدب اهوه اسمه جبران باسيل الله يخلف على اللبنانيين ولبنانهم خير,abusive,Saudi Arabia
797,إصرار وزير خارجية لبنان على السير بعكس اتجاه رئيس حكومته، يومياً تقريباً، أسطع دليل على أنه لا وجود لحكومة في البلد لا ل,normal,Modern Standard Arabic
798,الا اللبنانية مستحيل يتعلمو,normal,Palestine
799,انت والعيلة ستنهض ثرواتكم,normal,Modern Standard Arabic
800,عبر عن رأي الدرهم و الريال,normal,Saudi Arabia
801,هذه هي أخلاق الكيني الحقيقي,normal,Modern Standard Arabic
802,جبران باسيل بدو يعمل متل كميل شمعون وبشير الجميل,normal,Syria
803,لقد احتكمت الى القضاء يا أستاذ وهاب بخصوص حادثة الجاهلية اعتقد انه يجب عليك انتظار التحقيق القضائي قب,normal,Modern Standard Arabic
804,وما أكثرهم يا صديقي,normal,Modern Standard Arabic
805,طيب يا عاهة جرحى مو معناها من المعارضة ممكن يكونوا مدنيين كمان وانت لو ماكل شظية بتروح بتتعالج ولا بتضل قاعد لحتى يصفى دمك وتموت؟,abusive,Syria
806,نبيه بري علاقتي ممتازة مع فخامة الرئيس,normal,Saudi Arabia
807,الجرذ جبران باسيل يفتل عضلاته بوضعه لوحة في المنبر الرئيسي لاجتماع القمة كتب عليها وزير الخارجية مخالفا لما جرت علي,abusive,Saudi Arabia
808,مين انت بس؟؟؟ على كل حال هيدي قطر يلي ابو لفة تاعك حسن كذاب فلق سمانا بلوحات شكرا قطر أو نسيتوا يلي بيسمعك بيقول,abusive,Lebanon
809,مهمةهالفكرة,normal,Morocco
810,الفضيحة اليومية مع معالي الوزير جبران باسيل صاحب الصفقات بالملايين ، البلد بموت جوعا و معاليه عمولته مليون دولار,normal,Jordan
811,اخ وليد ليس هو الموقف الاول الذي يتجاوز به جبران باسيل رئيس الحكومة و لأن الشيخ سعد لم يضع له حد,normal,Saudi Arabia
812,مفطر يا كلب عم تتطاول عالدين وتجرح مشاعرنا هئهئهئ,abusive,Syria
813,لمحة سريعة عمعظم الاخبار المتناقلة على وساىل الام، وقد لا يفوت خبر او مقال ما في اسم جبران باسيل بحرب موجهة وممنهجة لت,normal,Lebanon
814,جبران باسيل هدد إسرائيل بأمنها وقال إذا كانت إسرائيل تريد حقاً أن تضمن أمنها وهذا من حقها، اذاً عليها أن تتوقف عن الاعتداء,normal,Modern Standard Arabic
815,كان لازم نسأل صاحب السموّ الامير طال عمرو اذا منخصم تكاليف نقل جثث الجنود اللبنانيين الي ذبحتهم جبهة النصرة من الوديعة,normal,Algeria
816,ايييه هيك حلم جبران باسيل بدو يعمل هيك,normal,Syria
817,بتوصف جبران باسيل بغير المؤهل لرئاسة التيار،,normal,Jordan
818,فوق راسو بس ما حددت أيا راس منن,normal,Syria
819,شو قصتك يا زلمي ؟ بتضلك مرتبك وكأن اللواء عثمان راح يجيب أجلك و يجيب لك عقد نفسية مع إنو إنت بتقول إنو,normal,Palestine
820,لك وهاب حبيبي في دكتور شاطر اذا بتحب ببعتلك العنوان ، بعالجك والله ، انا بس كرمال ما تبليش تلبوس سوبر مان وتكسر ش,normal,Lebanon
821,صديقي حضرتك غلطان طلال ارسلان ما شارك ولا وقع على قانون الإنتخابي المجلس المذهبي يلي نقر بمج,normal,Syria
822,جبران باسيل أنت متعود على تأدية الأدوار القذرة؛ فلا غرابة,abusive,Modern Standard Arabic
823,يا إمّعَة يا ربع رجال بيشرفك اللواء يا جاهل الجاهلية,abusive,Syria
824,يلي بدو يخوّن جبران باسيل بدو يسمع الجواب,normal,Syria
825,عماد عثمان رمز الفساد وكل مين عم يشد عاايدوا,normal,Lebanon
826,لعمى ما اكذب منك الا جريدة الأخبار خراس عند هاالصبح,abusive,Lebanon
827,عجائب آخر الزمان,normal,Algeria
828,ما تعتل هم ، وما بصير غير ع ذوقك ويلي بدك إياه شو بدك طلوب وتمنى و كل حدا ما بتحبو لا,normal,Syria
829,صراع الجبل رسائل سوريّة لجنبلاط؟,normal,Tunisia
830,الرئيس ميشال عون الرئيس العربي الأصيل,normal,Syria
831,انت عم تحكي عين الحق,normal,Syria
832,رائع جدا جدا هذا مثل,normal,Saudi Arabia
833,الله لا يعطيك العافية شو لسانك بيسبك تفكيرك سكوت يا زلمي,abusive,Lebanon
834,يا اسيد انت,normal,Egypt
835,ياااااااااااا كثرهممممممممممم,normal,Jordan
836,وهاب ل المشنوق الذي يستقوي على الصغار ويهاب الكبار يكون رعديداً,normal,Tunisia
837,القمة التنموية أقرت اقتراحا لبنانيا مهما في شأن أزمة النازحين واللاجئين سيذيعه وزير الخارجية والمغتربين في حكومة تصريف ا,normal,Modern Standard Arabic
838,الاناء ينضح بما فيه عثمان رجل دوله وانت قاتل محمد ابو ذياب,abusive,Yemen
839,رئيس مجلس النواب واسطته قوية و,normal,Egypt
840,فيديو وزير الخارجية اللبناني جبران باسيل أمير قطر كسر حصار قطر في بادرة لكسر الحصار على القمة العربية الاقتصادي,normal,Saudi Arabia
841,بدك تعود حالك إنّو ال مليار الدين العام رح يصيرو مليار ورح تضلّك تهتف يا مسطول بالروح بالدم منفديك يا زعيم ، والله ليوصل عواكم على قبرص من الفقر,abusive,Lebanon
842,ولااااااااااا طهر نيعك قبل ما تجيب اسم البيك يا صعلوك,abusive,Iraq
843,اهلا وسهلا بكلامك الوطنى فعلا محترم,normal,Syria
844,بالعكس هنا سيكتب التاريخ,normal,Oman
845,من الآخر، المعيار الأخلاقي الأهم اليوم هو معارضة الأسد، إذا مالك معارض للأسد فأنت إما عندك نقص بالمعلومات، فاستدرك النقص، أو إنك,normal,Modern Standard Arabic
846,يعني أنا كل ما شوف زياد أسود بيحلى بعيني جبران باسيل ما عم بفهم ليش منن أصحاب,normal,Syria
847,منافقين كذابين,abusive,Tunisia
848,يربطوك بمجرور فيو جرذان يا وئام وهاب العقاب لوهاب وهاب قاتل ابو دياب,abusive,Libya
849,انت كون زلمي بالاول او رجال او شي نوع من جنس ادام وما تتخبا بحساب وهمي رجاع تعا بهور وقلل اخلاق,abusive,Iraq
850,لا يزال نِصفُكَ عالِقٌ في الصندوق الأسود فكّر فيا,normal,Oman
851,فَلَو السورين من لبنان بي وكان الدين العام مليار اما في صار الدين العام مليار,normal,Oman
852,كول هوا بترتاح,abusive,Iraq
853,اول واحد لازم يدخل السجن هو انت ايها المفتن,abusive,Yemen
854,هوي بيكره كل العرب ما بفرق والولاء للتومان الإيراني,normal,Lebanon
855,عالم عم تموت جوع وحرق وبرد وتفجير مختلف أنواع الموت موجود ببلادنا لما حدا يفتح تمو بيقلولو خراس انت برا البلد لا عيني مارح نخ,normal,Lebanon
856,بتحس مذيعات عم تنتقم بس تذيع النشرة سمّ و تسمسم خاصة بس تقول جبران باسيل,normal,Palestine
857,صار الصغير يحكي سياسة العقاب لوهاب وهاب قاتل ابو دياب,normal,Algeria
858,خدمات شو يا وئام شو مفتكر الشركتين كرم على درب ع قولة فيرا مثلاً انا لما بدي شرج بعمل اجرائات امنية م,normal,Lebanon
859,بق بق بقيييق أصناف بكى يا لبنان لا تليق فلا تعليق,normal,Tunisia
860,المشكلة انو دكتاتور حقو فرنك عديم الرؤية و الفهم وعاملي فيها خامس الخلفاء و مو شاطر غير بالهوبرة و الزعبرة و اللعي و رح يجيب اجل تركيا عاجلاً غير آجل و مع ذلك الشبيبة مغرمين فيه؛المصيبة انو الحج اردوغان هو نموذج ثلاثي الأبعاد للمقولة ا,abusive,Jordan
861,لله لا يحرمنى هل طلي الله يحميك,normal,Yemen
862,انت خراس وخليك بمنشارك وهيدا اللي عم يحكي عالتويتر كمان يخرس,abusive,Syria
863,هل من المعقول لبنان وشعبه يرضى برئيس وزراء فعل به القحطاني ما فعل عن احتجازه هذه لبنان فوق الجميع,normal,Yemen
864,مجرد ظهور جبران باسيل في اي مؤتمر صحفي او حديث للإعلام في شأن لبناني او غيره يعطي انطباع بأن هناك تعقيد,normal,Saudi Arabia
865,نحن لا ننكر التاريخ صدام ارتكب خطأ كبير جداً ونحن اتخذنا,normal,Oman
866,شخبط شخابيط لخبط لخابيط مسك الألوان و رسم عالحيط عراية نانسي,normal,Lebanon
867,من وين لوين والكاتوليك بيخلفوا زي الأرانب؟,hate,Jordan
868,احلى هدف سجلته العدسات,normal,Saudi Arabia
869,صحيح يا صفيق,abusive,Libya
870,ما حدا مرتد ولعين غيرك يا واطي,abusive,Lebanon
871,وكم نتمى لو اقتدى عماد عثمان بضباط سابقين وحاليين من السلك العسكري وكان مثلهم صاحب مناقبية واخلاق عالية,normal,Libya
872,كذبك يا أيوب بدو علاج جبران باسيل,abusive,Lebanon
873,مابدنا حكومه مرتهنه لاحد نحن نريد حكومة حرة قلبا وقالبا,normal,Iraq
874,وقح,abusive,Iraq
875,عدا عن جحاشة الأخ البلوشي ومعلوماته الخاطئة تماما عن الاشوريين والكلدان,abusive,Iraq
876,لك يقطع عمرن اسم على مسمى,abusive,Yemen
877,وقاحة يلي عم يكتب فرح لتحرير إخواننا الأكراد بعفرين من عصابات الـ هو إما جاهل، أو عنده حقد غير طبيعي للأكراد وبده يستفزهن حط بالخرج,normal,Syria
878,الرساله الأقوى التي جاءت من ثغر السيد حسن نصرالله,normal,Yemen
879,كول هوا وانصرف من هون,abusive,Iraq
880,البغل الخالد,abusive,Tunisia
881,مش بس مختل ، على ذمتى انه حشّاش كمان ، مع إحترامي للحشّاشين,abusive,Egypt
882,ويل لهم اذا اوقظ النائم ،لا يعرفون ما الذي ينتظرهم ، كل سباط من قياس و ما فوق,abusive,Saudi Arabia
883,باسيل جبران وزير خارجية لبنان,normal,Lebanon
884,كتب الشاعر وا ديب العراقي الكبير مظفر النواب هل تعرف من هي أو ماهي دمشق؟ شقيقة بغداد اللدودة ومصيدة بير,normal,Modern Standard Arabic
885,نحن طائفة تعشق الحق والحرية ولا تُحكم بالدكتاتورية,normal,Modern Standard Arabic
886,اذا كان في حدا لازم يكون بالقنينة فهو انت,normal,Lebanon
887,نبيه بري واحد كذاب لعوب ماسوني عّم يلعب فينا منذ ان سلمناه فكرتها انسان شريف بلنهاية طلع ماسوني عميل و,abusive,Iraq
888,الحاصباني باعتراف من يقدر عمل الوزراء هوي من افضلهمانت معيار تقييمك للناس بتقيسو بوزير متل سيزار بو خل,normal,Lebanon
889,كول هوا انت كمان و لا قوي تحكي عليي,abusive,Lebanon
890,وقلت قولة حق,normal,Qatar
891,إن الأجواء التي اشاعها الرئيس نبيه برّي، لا سيما لجهة علاقته مع الرئيس ميشال عون و,normal,Saudi Arabia
892,هيدا المطلوب جادو لانو الوضع صار بدو لطم,normal,Lebanon
893,ما ذال بتحب سورية بشار هل قد نقبر روح قعود هونيك وما تفرجينا صورت وجك,abusive,Lebanon
894,أعلن المكتب الإعلامي لوزير الخارجية والمغتربين في حكومة تصريف الاعمال جبران باسيل في بيان، أنه تقدم بواسطة وكيله ا,normal,Modern Standard Arabic
895,يعني حمار وعارف أن الفلوس لسيدك حسن الزباله,abusive,Egypt
896,أمر عمليات اليوم جبران باسيل ينفذ اوامر الولايات المتحدة وإسرائيل ويريد تغيير عقيدة الجيش,normal,Iraq
897,لا تحية ولا سلام لميشال عون على دوره ومساهمته بشق وحدة الصف الدرزي، ونقول له ولأمثاله نحن بالمرصاد لكل,normal,Oman
898,يا جبران باسيل انت شو دخلك بلموضوع الخليجي حتى تصرح بهيك تفاهة؟ افشلت القمة، افشلت العهد، افشلت البلد,normal,Syria
899,احلى متوالي,normal,Iraq
900,كلامك يديمن بهل همة والنشاط,normal,Iraq
901,كول هوا ياللبناني،،،، انفضحت الله يفضح كل الكلاب اللي مثلك,abusive,Iraq
902,شو موعيك ؟ عم تصلي الفجر ؟,normal,Syria
903,تضرب بالحزاء وتلعق حزاء الحريري فعلا خقير,abusive,Iraq
904,ما خصك ما دخلك افرنقع,abusive,Iraq
905,مهرج، كذاب، منافق، راقص فوق الجثث، مرتهن، عبد مملوك، لا ارادة لك ولا كلمة، حتى كل الصفات البشعة صارت تس,abusive,Iraq
906,العمى الضربو حرامي حقو فرنك,abusive,Iraq
907,قال الفصعون بدو يفطر بالقدس لك يا عمو خلينا نفطر ب حلب بالاول بعدين نتحاكى,abusive,Jordan
908,اللي بيوقف ورا المراسلين و بيقول باي للكاميرا و بيتلفن لأمه تتشوفو عالتلفزيون جايي يتفلسف و يترجملي تصريحات جبر,normal,Lebanon
909,مترجم فاشل و له ذنب,abusive,Saudi Arabia
910,والله يا معالي الوزير متل ما أكيد مبسوطين وعم نهلل لانجاز وزير العدل وللعهد بمباراة كاتبي العدل منتمنى,normal,Syria
911,طيب بشار الاسد بتدعمه حزب الله والامارات بتدعم بشار الاسد من بدايه الازمه فسر لي الموضوع,normal,Yemen
912,انت حمار ولا عم تستحمر,abusive,Syria
913,نحن أبناء الإمام المغيب السيد موسى الصدر لا نقبل ولا نسمح أن يبقى وزير الخارجية اللبنانية جبران باسيل بإطلاق شعارات انه من ح,normal,Modern Standard Arabic
914,الله يمهل ولا يهمل,normal,Algeria
915,حلمت اني تجوزت شبيهة نسرين طافش خير اللهم اجعله خير,normal,Libya
916,قوم فوت نام,normal,Lebanon
917,انا الموقع ادناه ومن موقعي هذا اصرّح بأنني لست مسؤول عن عدم مشاركة الرؤساء الى القمه لا من قريب ولا من بعيد,normal,Oman
918,ولو يا د فياض ما تترك حقدك على جبران باسيل يضيع موضوعيتك,abusive,Libya
919,لوسيل إشادة بمساهمة قطر لدعم إنشاء صندوق عربي للاستثمار في التكنولوجيا دعوة المجتمع الدولي لتحمل مسؤولياته تجاه اللجوء,normal,Modern Standard Arabic
920,لوما عنا مشكلة العَفَن الطائفي بمخوخنا كنا منلاقي قانون انتخاب ع غوغل,normal,Syria
921,كما عدودتنا قاىدنا الغالي على الشجاعة وقول كلمة الحق ،خافوا منك ومن كلامك عنهم وكشفهم لسرقة البلد والماف,normal,Yemen
922,المقارنة بين جبران باسيل والدكتور سمير جعجع لا تجوز،الاول ناشئ في السياسة وا,normal,Saudi Arabia
923,روق يا وءام، يا وءام روق أبقاش تخبّص بالحكي، ركِّز يا أخي و اشرب متّي,normal,Lebanon
924,كيف بتبهدل حالك ب حركات؟؟جيب جبران باسيل، وعملو وزير الخارجية، ويطلع يتحفنا بأفكاره دولياً مش بس محلياً,normal,Palestine
925,الطائفه الموحدين الدروز هناك شيخ عقل واحد وهو الشيخ نعيم حسن وزعيم الجبل وليد بيك جنبلاط,normal,Oman
926,يلا ضبوا تويتات مقابلة جبران باسيل و نزلولنا تويتات التضامن مع الرفيق مادورو,normal,Lebanon
927,روح تعالج يا حمار انت,abusive,Jordan
928,متابعةً لزيارة الوزير جبران باسيل الى وارسو، عقدنا هذا الصباح إجتماع عمل بمعية مدير عام وزارة الزراعة أ لويس لحود وحضور السفير,normal,Saudi Arabia
929,يخدك وياخدو بشي صندوق على سوريا,abusive,Syria
930,بس اسمع تصريحات جبران باسيل اسرائيل شر مطلق,normal,Syria
931,صباح الخير يلعن ترامب,abusive,Tunisia
932,يعلن معهد جبران باسيل للعلوم المالية عن بدء دورات مالية اختصاص إدارة الدولة من دون ميزانية الوظيفة مؤمنة في امريكا وبريطانيا,normal,Oman
933,اين هو العهد القوي من هذه المهزلة بوق مأجور,abusive,Yemen
934,ما بدا كل هالقد عزيزاتي، كل ما في الأمر انو هو قانون الإنتخاب الجديد عويص والنسوان بشكل عام ما عندن إلمام بشؤون السياسة قد الرجال متل بالفوتبول مثلاً يعني لو نكّتت عن رجال عم يحكوا عن الطبخ كان مشي الحال مثلاً؟,hate,Syria
935,عندما سئل ابو الغيط عن امكانية عودة عصابة سفاح الشام الى الجامعة العبرية أجابهم اسألوا جبران باسيل كلبها في بيروت,abusive,Saudi Arabia
936,جبران باسيل قال ان لبنان سيلعب دور رئيسا في اعادة الاعمار في الدول العربية عندما يخرج رأسه من زبالة بيروت يستطيع,abusive,Modern Standard Arabic
937,شعب معوّد يحضر ال بدّو يفهم شو حكي جبران باسيل عل ؟؟ مازال أخدتن ساعة حتى ترجموا شو قال وعملوا ردّة فعل وترجموا,normal,Lebanon
938,وانا بقترح تروح عند حكيم بيطري لان الظاهر انك موجوع كتير,abusive,Egypt
939,وقت عدوان تموز تذكر كلمات ش ك را ق ط ر بكفي عمرولك جسر لتطلع ع الجاهلية هههههههه والله شي بضحك,normal,Syria
940,فعلا اصبحنا في زمن دوار,normal,Oman
941,بدل ما نجيب لكل وزارة وزير حسب إختصاصه منجيبهن حسب طوايفن وأحزابن هَبَل يهبلنا,normal,Libya
942,والدليل اخوة ناجحين ماشالله عليهم بدهم يعملوا نقابة بالبيت,normal,Syria
943,بعرف مغرد واقف ل نوال بري بالمرصاد على كل تغريدة او صورة بتنزلها,normal,Jordan
944,اللعبة التي يمارسها جبران باسيل لحجز مقعده في الانتخابات الرئاسية منذ الآن لا تجدي نفعاً لأن مجلس النواب سيتغيّر وم,normal,Modern Standard Arabic
945,مياومو الاعلام غادة عيد بس يطل الملك جبران باسيل بتركضي بتفتحي الباب وبتوطي راسك بالأرض وما تنطري بخشيش منو لان ما بيد,hate,Lebanon
946,نحتاج الى نفوس جديده,normal,Libya
947,سكربينة عنصرية حقها فرنك فوتي حسابها و شوفي؛بس خدي حب حموضة و مراجعة قبل ما تدخلي,abusive,Saudi Arabia
948,كلامي ان حزب الله الحامي الوحيد للبنان معناه ان في لبنان ما,normal,Sudan
949,دعلي، انت مدان باعتذار شديد للشعب الخليجي عامة وشعب المملكة والإمارات بشكل خاصمن أين اتيت,normal,Sudan
950,سليمان فرنجية ممكن اسمه مطروح اكتر شي بس ما كتير عم يشتغل بهالايام وشامل روكز يمكن افضل بس كمان تعبنا م,normal,Syria
951,وهاب بعد زيارته الغريب لقاء خلدة مهمته داخلية درزية وليس موجهاً ضد أحد,normal,Syria
952,كيف لقضاء يترأسه من يترأس عثمان ان يحاسبه الفساد مغطيهم,normal,Sudan
953,مركز البحوث اللي اتدمر لإلنا مو للنظام لازم نزعل انه اتدمر منين رح نجيب اجهزة وابحاث بس تخلص الحرب هههههههههههههههههههههههههههههههههههههههههههههههههههههههههههه اخ يا خواصري خخخخخخخخخخخخخخخخخخخخخخخخخخخخخخخخخخخخخخخخخخخخخخخخخخخخخخخخخخخخخخخ,normal,Lebanon
954,اقول انت مسكين ويمكن نايم امس من شرب الخمر اخبرك انه امس إسرائيل قصفت دمشق ومطارها تضرر,normal,Oman
955,وئام وهاب عميل مأجور عند نظام الاسد انت ومن معك طائفة الموحدين براء منك ومن افعالك بدي قلك شي وخليهم بر,abusive,Syria
957,قوم شخ على قبر القائد الخالد بلا مؤاخزة,abusive,Iraq
958,لاي حضرتك ما بتتعاطى سياسة؟؟او فنان؟الله يشفيك,normal,Lebanon
959,ناقصين بشهاده ومن دون شهاده حاج تقدر مراجل على الفاضي,normal,Libya
960,عمرو أديب يمسح بالطفل المعجزة جبران باسيل الأرض ويخلي الي مايشتري يتفرج,abusive,Oman
961,الهدف ليس جبران باسيل الهدف هو التفاهم بين التيار وحزب الله,normal,Modern Standard Arabic
962,معالي الوزير انتا مش مشكلتك مع قطر مشكلتك مع ايا رءيس او امير بيجي عل قمه لانو مابدك تنجح لقمه بيين انك مع فريق لي ضدد القمه,normal,Lebanon
963,يجب أن تعمم صحيح,normal,Oman
964,مسكين يا لبنان,normal,Lebanon
965,يوم بعد يوم تؤكد للكثير انك حاقد مأجور قطشة روح نام,abusive,Saudi Arabia
966,اجل مبسوط باذن الله تنجب قريباً,normal,Saudi Arabia
967,اقترح انك تاكل شي صحن خرى افضل ما تسمعنا تويتاتك,abusive,Qatar
968,وهل هناك زمن أحط وأتفه من هذا الزمن، تباً وتعساً لدولة ما لها غير اسمها، ولصوصها,abusive,Modern Standard Arabic
969,يللي عم قوله هو نوع من التهكّم يا بهلة بس شو بدّي أعمل اذا راسك محدود؟,abusive,Syria
970,رح يضل جبران باسيل كابوسكن يا مياومو الإعلام ورح يبني دولة الحقيقة وتفوتوا عالسجن,normal,Syria
971,وضح مين هني الشركات ومين أصحابها ؟,normal,Syria
972,لنصل الى دولة يحكمها القانون والعدالة يجب رفع الغطاء عن الفاسدين,normal,Oman
973,ما حدا غيرك أمير الإرهاب والمجرم السفاح طز بهيك بلد خلف امتالك يا حمار,hate,Syria
974,إلى شركائنا في الوطن من المرده إلى حركة أمل إلى القوات إلى الكتائب إلى الاشتراكي إلى فلنتفق على نقطة عدونا المو,normal,Modern Standard Arabic
975,معالي الوزير إن لبنان لن تقوم له قائمة ، هذا ما قاله احد اكبر العرفاء بالشؤون السياسية عام,normal,Modern Standard Arabic
976,شوف أسماء المقبولين وتاريخ الولادة سنة,normal,Iraq
977,هيك بتبلّش نهارك بالسجال ونعم المسؤولية ما بتعرف تكون ايجابي شي مرّة,normal,Lebanon
978,النسوية هلأ صار بدها تمثيل حسب الكفاءات أما بغير مطارح بتطالب بـ وبحصص لما يكونوا النسوانات قليل التمثيل تبعهن مشان يدحشوهن بكل مطرح غصب,hate,Syria
979,علاء خواجا أو اللواء عثمان تغريدات تدل على إفلاسك من المضمون وعلى غِناك من السخافة,abusive,Sudan
980,يجب ان لا يستلموا معونة قطر,normal,Modern Standard Arabic
981,كله بيشبه كله مين بدو يحاكم مين ما في الا؟سلطة الشعب,normal,Jordan
982,نريد وطن ولاء شعبه وحكامه ومسؤوليه للوطن نريد وطن يعيد لابنائه امواله المنهوبة انا لتشريع قانون استعادة,normal,Iraq
983,عليك التأكيد بعدم وجود ترخيص وأين ابناء المنطقة مع الاسف بالنبطية حجة كرمال خيمة قرميد سجنوها,normal,Iraq
984,يلعن الأسد,abusive,Syria
985,كفاكم هبل أيها السادة الجنبلاطيين لا أوامر من حزب البعث ولا من النظام الأسدي لو فيكم,hate,Tunisia
986,كذلك نرى الوئام هو ليس حيادياً او موارباً هومع التحت مع الفقراء والبسطاء الذين يكونون دائماً عند خط الواجب ال,normal,Oman
987,معلمي ما عند معلم وولا واحد منهم بيعنيني بس العاهرة يلي انت دافعت عنو بكفي انوا جبان ومتخ,abusive,Lebanon
988,مياومو الإعلام وشائعاتكم ما رح تغبروا عل صرماية الوزير الملك جبران باسيل يلي بتشرف إعلامكم وأصحاب محطاتكم المأجورين للخارج تفه,hate,Lebanon
989,كيف كل زمن وإله أتباعه الزقيفة بإيام الإحتلال السوري للبنان، كان أشهرهم ناصر قنديل زال الوجود العسكري وتبخ,normal,Lebanon
990,من وين لوين شقفت لحام عملتو شيخ عقل يا ابو الصرامي وللا كل شي عندكن تزوير ونفاق,abusive,Lebanon
991,مرقت عمخيلتك كلمة متل خراس,abusive,Syria
992,اكيد مهضوم ومحترم,normal,Syria
993,ولك دخيلو المعصّب ههههه,normal,Lebanon
994,والك عين تدافع عن روسيا وهيي عم تعترف انو كل طلعة لأسرائيل عندا علم فيها ، ولشو وجود الروس اذا مش جايين يدافعو عن الشعب والقيادة السورية ، هيدا دليل انو الروس واسرائيل واميركا هني ب ، تفضلوا ردوا يا روس ع إسرائيل ووين الدفاعات الجوية لي,normal,Syria
995,والله خرجوا بيساهل,normal,Jordan
996,قبل ما تحكي هالحكي شوفو الشعب اللبناني يلي عم بيموت قدام المستشفيات ويلي مش قادرين ندفع لنعيش ولا ناكل,normal,Palestine
997,يا لقيط يا ابن الزانية فيك تسد بوزك و هيك قمة بدها هيك مستوى نمسح فيهن الارض لكلن الدول العربية و ما حت,abusive,Lebanon
998,صفقات البلديات ما فهمت والله شو بتقصد، بتقصد صفقة مارسيلينو الحرك مع جبران باسيل ببل,normal,Lebanon
999,طيب خراس,abusive,Lebanon
1000,عندما يذوب التلج يبان المرج واذا ناطر عثمان ليضع الاصفاد منقلك نطور يا كديش ليطلع الحشيش,abusive,Tunisia
1001,هيدا جبران باسيل,normal,Lebanon
1002,كول هوا وخلينا نركز مع الطيب وخليك بصيدك عالتلج عبيط واهبل وزيمبواي,abusive,Lebanon
1003,استرجاع المال المسروق من النواب والزعماء ودكّهم بالحبس الحل الوحيد لهالبلد وبيصير عنّا وطن جديد وشعب جديد,normal,Iraq
1004,يلعن روحه,abusive,Tunisia
1005,التاريخ يعيد نفسه ،هذا هو اديب الشيشكلي الذي قتل و ذبح و هجر و حارب الدروز في سوريا في صورة واحدة في لقاء حميم مع مجيد ارسل,normal,Saudi Arabia
1006,وئومي دخلك ما علقت عالمنظر الميليشيوي يلي صار قدام بيت حسن يعقوب يا شريف يا عفيف فينا نعرف ليش؟؟؟؟,normal,Lebanon
1007,عودوا الى حلقة الجديد مع اصحاب الحقوق في الوسط التجاري تفهمون الخدمة للناس,normal,Tunisia
1008,مرحبا انا بكل فخر لبنانية وبحب لبنان ما عم افهم ليش كلكم ما عاجبكم معالي الوزير جبران باسيل ليش عم يحكي,normal,Syria
1009,عاجل جبران باسيل نخص بالشكر أمير قطر الذي كسر الحصار المفروض على بلاده ووصل إلى بيروت,normal,Algeria
1010,لفتت قنا الى ان الرئيس عون اعرب في بداية الاتصال عن شكره وتقديره لامير قطر على مشاركته في القمة الع,normal,Saudi Arabia
1011,انت حمار يا مارتن ولا بتستحمر؟,abusive,Jordan
1012,اسرائيل عدو قبل موسى الصدر وقبل امل,normal,Iraq
1013,شو هالخره انت تضرب فيك وبي يلي بشد عا مشدك واحد محتال حقق ليره,abusive,Syria
1014,لي بيعرفني بيعرف إنه هالجملة قايلها ألف مرة بكتير مناقشات، وهلأ قالها السيّد,normal,Syria
1015,هي انت عم تشغل مرتك بدعاره وعم تحطها وديعه لقيس الغزعلي الصور رح نرفقها لقيس مع مرتك يا وئام وهاب الديوث,hate,Syria
1016,لبنان علّم العالم كيف منتيّس ع وزير بالزايد حتى لو فرط البلد,normal,Syria
1017,الوزير باسيل غياب سوريا خسارة علينا,normal,Syria
1018,عم بتخايل سليمان فرنجية قال نفس جملة جبران باسيل ، عليم الله اللحيسة كانوا عم يسرحوا ويمرحوا بالتايم لاين ، يا حرام كيف,normal,Syria
1019,عثمان وامثاله يفقدون ثقة اللبنانيين بالأجهزة الأمنية ودورها في الحفاظ على سلامة المواطنين وامنهم,normal,Oman
1020,يا عيب الشوم عليك,abusive,Egypt
1021,بعد صدور القرار الاميركي بمعاقبة داعمي الاسد في اعادة الإعمار ، أنباء عن انعقاد مؤتمر لاعادة إعمار سوريا في العاصمة اليمني,normal,Oman
1022,خلص ولوووو بتلعي النفس ولك ستي ما بتنق وبتحكي قدك متل نسوان الفرن العقاب لوهاب وهاب قاتل ابو دياب,hate,Lebanon
1023,يا حبيبنا استاذ وئام هيدي الوديعه لجياب الحرميه يلي عنا وما حدا عم يردعن ولا حدا قادر يحاسبن بقى متل ما طار ال ملي,normal,Lebanon
1024,شتقنا يا معالي الوزير تكون الصوت العالي للدفاع عن العهد ومن يمثل العهد بعدو صوتك بأذهان الناس,normal,Yemen
1025,او حمار يشنهق ما فيك تقتلن خليهن هيك,abusive,Syria
1026,ما هذه السذاجة معاليك؟؟؟,normal,Yemen
1027,فيك تشرحلنا يا سندباد شو قدم الشخسعد للبلد من وقت ما هل هلالو عالساحة السياسية غير إنو كان,normal,Lebanon
1028,اهلي وان جاروا علي كرام,normal,Yemen
1029,شكلك موظفه في بارات الدوحة او قواده لان مستعربين الشمال وخصوصا اللبنانيين مايملكون غير هالمواهب,abusive,Qatar
1030,من وقت خدمة واتس آب ، و مردود شركات الاتصالات تراجعت في العالم كله، باستثناء تلك التي تحظر الواتس آب,normal,Sudan
1031,هذا في أحلام أمثالك,normal,Tunisia
1032,ارى ان الوطن لا يحتاج الى نوعية زعماء جديدة مثلكم,normal,Saudi Arabia
1033,بعد مقابلة الوزير جبران باسيل على تي في,normal,Syria
1034,اكيد كلهم عاهرات وفاسدين,hate,Yemen
1035,لا تناقش السفهاء فيستدرجونك إلى مستواهم ثم يغلبونك بخبرتهم في النقاش السفيه,normal,Oman
1036,قيادي في التيار الوطني الحر صديق وديع عقل و مقرب من جبران باسيل,normal,Saudi Arabia
1037,كول هوا احلى شي,abusive,Iraq
1038,احترم حالك يا شيخ والله وطات من قيمتك صرت مسخرة ودعوسة بين اجرين وأهالي الجاهلية عيب اذا ما بتعرف العيب,abusive,Syria
1039,معالي الوزير وئام وهاب لا يحق لك أن تشتم قطر و شعبها و أميرها فهذه الدولة العربية الشقيقة هي حرة في خياراتها السياس,normal,Modern Standard Arabic
1040,يا زلمة كمية القرف باخبار جبهة الخرا وفتح الشوئسمو ما بيقرفوا ما حسو حالهم اديش حمير ومتخلفين ومن القرون الوسطي وانو خربو عحالهم وعغيرهم,hate,Lebanon
1041,مش دفاعا عنه ولكن ليس بيده دماء أبرياء بينما اكثر زعماء لبنان مجرمين حرب سابقين و لص,normal,Jordan
1042,قوية أستاذ وهاب ، بتشبه قصة مكافحة الفساد في لبنان ،،،،، شوي,normal,Jordan
1043,اتمنى من الدوله بعد ان صف الجرذ جبران باسيل اللبناني وزير خارجية لبنان بصف دويلة قطر ووصف المقاطعه بالحصاار ان يتم ترحيل اللبن,hate,Iraq
1044,بتصور انو في قيادة حكيمة لحزب الله على رأسها سماحة السيد,normal,Palestine
1045,وئام وهاب وصرمايتي سوا,abusive,Lebanon
1046,شخسعد يا عمي ريحنا من قرفك,abusive,Lebanon
1047,يا لك من عاهرة يا وهاب اللعنة عليك يا ساقطة,abusive,Algeria
1048,والسعودية ؟؟؟؟؟بيرمو ورود في اليمن مثلا,normal,Palestine
1049,مثل القطط تأكل وتنكر,normal,Iraq
1050,بتقعد معي بالكافيه نص ساعة إيد عالأرغيلة وإيد عالوتساب وبتقلي ليش ساكت؟,normal,Syria
1051,كلامك انسان متل هيدا ما في محل الو غير الحبس هوي و امثالهسلطتو ولت,normal,Lebanon
1052,حسب معرفتي بالوزير جبران باسيل ، انا على يقين بانه يقوم بأي شيء يخدم مصلحة لبنان بما في ذلك زيارة سوريا اذا اقتضى الامر خ,normal,Saudi Arabia
1053,كان زهايمر ياتي في عمر متأخر بس ها الزمن بلش الزهايمر من عندك للعمر متأخر محتاج الى حكيم نفساني ليعالج هواجس عقلك,abusive,Iraq
1054,وئام وهاب هذا الشخص سبق ان تهجم ع السعوديه ومعروف انه بوق لحزب الله وعلى فكره تراه مطلوب لد,normal,Yemen
1055,شو هم الكبار من حكي الصغار الوزير الملك جبران باسيل أنت كبير وبتضلك كبير لأنك إنسان شهم ومتواضع وسوبر شغيل,normal,Jordan
1056,جبران باسيل عم ينغل نغل بين المؤتمرات وبين مساعي ومفاوضات تشكيل الحكومة وبين الإجتماعات واللقاءات الحزبية،,normal,Syria
1057,لو في دولة ما كان حدا فيكون من كل الطبقة السياسية الحاكمة الجربانة كنتو كلكم عّم تتعشوا حلاوة وسكر بالحبس,hate,Palestine
1058,نرجوا من جميع محبين الدوله واللواء عثمان عدم الرد على هذا الموتور حتى لا يعطى قيمة اكبر من حجمه وشكراً,normal,Iraq
1059,وزير مالية وجو بيقطع الرزق,abusive,Palestine
1060,نشرتكم مقابلة لوزير الخارجية اللبناني جبران باسيل مع سي أن أن تثير الجدل على منصات التواصل ما السبب؟,normal,Modern Standard Arabic
1061,هرب قد ما هوي جبان,abusive,Lebanon
1062,هيدا جبران باسيل,normal,Lebanon
1063,انت ك* امك عامو للغريب وعلى ام كل درزي معك لان الدروز منك براء يا مفتن يا وغد يا ابن الزنا يا عرس انت,abusive,Iraq
1064,يا قرة العين،السادة الأفاضل شبيحة و حاضنة و أحذية النظام ما عم يشتكوا من السيد الرئيس،الجماعة عم يشتكوا للسيد الرئيس،بقى بلاها تحليلاتك المعمقة عن التململ ضمن البيئة الحاضنة للنظام من النظام و قوم اشربلك كاسة حليب و نام ريتو صحتين على قلبك إلهي منحبك القيادة الحكيمة,abusive,Lebanon
1065,وأنت اضحكتني والله هاهاهاها هيء هيء هيء ومع انو مش قاريك ولا سامع فيك بس عاملك قلق الشيخ سعد وم,normal,Lebanon
1066,فشرتو يا عهار سيذهب بجنازة الطاغي والدعس على قبره النتن,hate,Algeria
1067,شوفتك مبسوط ب الكلام عن العماد عثمان والحريري وغيرن متل شي ولد صغير حاطت عينو ب صندوق الفرجه وما عم يت,normal,Lebanon
1068,للاسف انك من هلبلد وزير الطبل,abusive,Libya
1069,الله محيي أصلك يا استاذ وئام,normal,Sudan
1070,فيكن تمرقوا ع جسر الكولا بس جرّبوا ما تنطنطوا عليه,normal,Syria
1071,الحق يقال القمة قمة جبران باسيل وبس رجل كل المراحل رجل اكبر من القمة ومن حضر,normal,Saudi Arabia
1072,يا سبحان الله اللي يسمعك النهارده يعتقد انك وطني وشريف علما انك منافق ودجال ارجع لتسجيلاتك على المحط,abusive,Egypt
1073,يادكتور علي لقد جانبك الصواب في نعت وئام بالوطني فالوطني يكون عونا في لم الشمل واللحمة الوط,normal,Yemen
1074,من ايمت جماعة المقاومة بيحكوا بفينيقيا,normal,Jordan
1075,شعر حلو,normal,Libya
1076,بشرفك شو نوع الحشيش يلي عم تدخنو شكلو ممتاز,normal,Palestine
1077,على راية يوسف علاونة ربي اغفر لي واعرف انك لن تغفر لي اقترح ان نعرض امك ع طبيب بيطري لنشوف اي جحش ابوك,abusive,Iraq
1078,للاسف الحقيقة تجرح يسعد صباحك,normal,Saudi Arabia
1079,اول امر لازم تكافحوا هوي كلام جبران باسيل عن دولة اسرائيل بنظروا لانو بشكل اهانة الو و لتيارو و و ل,normal,Lebanon
1080,سارقين البيت وحارقينه يلعن الأسد,abusive,Syria
1081,خذوا براداتنا وغسالاتنا وانصرفوا,normal,Qatar
1082,انتو شو دخلكن يا لاجئين كول هوا احسنلك صرماية خريبين بتسوى منتخبك كلو,hate,Lebanon
1083,وانت يا محترمة وقت انخطف كان رئيس حكومتك مش رئيس الطائفة السنية وما هتميتي حضرتك ويمكن شمتي ولي نزلوا يحتجوا نزلوا للتعبير عن الغضب لي دق بل العرض والشخصي وان شاء الله ما حدا شي يوم يهينك بل العرض او الشخصي,abusive,Lebanon
1084,سوريا المنتصرة ستعيد عزة وكرامة الأمة العربية رغم أنوف عملاء,normal,Modern Standard Arabic
1085,وبعدين شو حزورة لزم نحذرا,normal,Lebanon
1086,متشربين العنصرية لدرجة إنّو حتى لما بدهن يحكوا شي متطور وتقدمي بطلع رجعي وكريه,abusive,Syria
1087,اهااا فهمت عليك فرقت معك عل حرف واحد بين سوي و سوري قول هيدا حلمك انت و كتار متلك بس ما فشرت انت و يللي اكبر منك عماد اللو,abusive,Lebanon
1088,كيف يعني حرم الرئيس الحريري؟ للعلم القيادات الكبرى غابت عن هيدا المؤتمر بما فيهن الحريري و تمثلوا,normal,Lebanon
1089,هاد عامل متل القرعة اللي بتتباهى بشعر اختها، بكون هو فاشل بكلشي بس بيفتخر بإنجازات غيره من شيف وستايلست الخ,normal,Jordan
1090,هذا تدخل سافر من عون واعوانه في الطائفه التوحيديه ومن نفس المبدأ لماذا لا يدعى علي الامين وماهر حمود,normal,Yemen
1091,الكلب المتلك بيحب يحس حالو ضيع للاسف انت كلب بشار وحسن حارس رقم,abusive,Lebanon
1092,نريد ان نعيش بسلام في الجبل كفى كفى كفى تنفيذ أوامر حزب البعث الأسدي,normal,Libya
1093,بتفهّم فهم وحدة فهما متدنّي هههه,abusive,Morocco
1094,ما في غيرك بدو بهدلة يا وسخ,abusive,Lebanon
1095,موقفكم من السعودية يدعو للعجب لكن تظل النوايا السليمة تربح,normal,Saudi Arabia
1096,بدنا نضل نسمع تهويش ولسانات فالتة ع جبران باسيل لانو وصّف بكلامو كوزير خارجية ل الموقف الرسمي للدولة الللبنانية,normal,Syria
1097,جبران باسيل بسوق الساسة سعره اقل من ليرة لبنانية خفوووووووها شوي,abusive,Jordan
1098,ذكرني من شهرين مع من كنت و من كنت عم تتهم خليك رجال و اثبت على موقف,normal,Lebanon
1099,وهاب آن الأوان لإقالة العماد عثمان,normal,Lebanon
1100,كنت بدي اكتها لقيت حداً سبقني,normal,Jordan
1101,معك وهاب في محاربة الفساد وللآخر,normal,Yemen
1102,كول هوا بليز,abusive,Iraq
1103,هو المتحدث باسم العدو في فلسطين المحتلة وانت في لبنان ف كول هوا وانضب بلا جعدنة حكي تفهههههه عشكلك واطي,abusive,Lebanon
1104,قد ما يحكوا ما راح يوصلوا لشي الله يحميه الاستاذ ويطويل عمره,normal,Jordan
1105,يا اخي قلنالك نقول نفوسك على سوريا بتوفر بنزين طالع نازل على الطريق وبتوفر تليفونات وفاكسات الله يباركلك نقو,normal,Syria
1106,معك حق بلد جبران خليل جبران صار بلد جبران باسيل وبدل فيروز صار عنا وديع الشيخ,normal,Syria
1107,بحس الوضع بلبنان متل مسابقة جمالية,normal,Syria
1108,أمير قطر يأتي بأوامر أمريكية لمهمة محددة وهي تحويل المؤتمر منصة ضد سورية والتحريض على رئيسها و منع,normal,Modern Standard Arabic
1109,تعطّلون البلد وتتهموننا بالتعطيل,normal,Algeria
1110,جبران باسيل حليف داخلي لدينا ما تعليقكم حول كلامه بأن ليس لديه مشكلة ايدولوجية مع إسرائيل والمفروض,normal,Oman
1111,خليهم القوى الأمنيه كذالك الأمر يفتشو على الرخص الأرتوازيهلا لي عنده حفاره عارف يسترزق ولا متوسط المال عارف يدفع حق بئر مياه,normal,Yemen
1112,مي او حرز,normal,Qatar
1113,سماحتو شيخ العقل ياحماررر,abusive,Libya
1114,ليك شو في بينك وبين تركيا؟ حل عن طيز تركيا,abusive,Libya
1115,كول هوا عاساس مملكة الشر في محاسن ما هي اهوا مملكة ع وجه الارض من تخلف وذكورية وعنجهية وتطرف ودعشنة م هالمملكة بأجري,hate,Iraq
1116,على مين بعدك عم تضحك؟ خلص بيّن معدنك والناس عرفوك على حقيقتك العقاب لوهاب وهاب قاتل ابو دياب,normal,Syria
1117,انت تدعو للاشمئزاز,abusive,Sudan
1118,الاخبار جريدة بخلفية حزب البعص فخليك انت وابراهيم الأمين عايشيين مبعوصيين انت انسان نكرة,hate,Iraq
1119,مازال في لبنان الشقيق أصوات محترمة,normal,Libya
1120,وكان حضور تميم للبنان مُرحب به جداً,normal,Oman
1121,ما زبطت معك يا استاذ وهاب الزلمي دفع مليون يمكن يطلبو منك تقول شكرا قطر,normal,Jordan
1122,إلى اللبنانية الذين انزعجوا من كلام جبران باسيل بحق سورية ويرفضون عودة سورية لحظيرة أسيادهم في مشيخات نتنياهو نقول,normal,Modern Standard Arabic
1123,لا استبعد اَي ش جبران باسيل إنسان بل اخلاق,abusive,Tunisia
1124,عندما تباع الأحذية خلف الزجاج في محلات مكيفه، بينما تباع الكتب ع الأرصفة، عندما تستبدل العقول بالأرجل فعلى البشر السلام,normal,Egypt
1125,هودي ما رح يتغيّروا وما تغيّروا,normal,Lebanon
1126,كذبك يا أيوب وارتهانك للحقودين يلي بيكرهوا الوزير الملك جبران باسيل بس لأنه بيشتغل وما حدا بيوصل لربع شغله ب,abusive,Syria
1127,مليون مرة جبران باسيل ولا ثانية وحدة رياض سلامة,normal,Jordan
1128,حقو للأمانة،مو معقول قاعد بحضنو و ما عم تلحمس دقنو,normal,Syria
1129,مضرطة لها نغم قمم قمم قمم معزة على غنم,abusive,Saudi Arabia
1130,الذين يتبجحون ويدفاع عن حق اسرائيل في حماية حدودها ما عليكم إلا ان تأخذ موقف ان فلسطين هي من البحر الى النهر وان,normal,Oman
1131,قصدك البغل جبران باسيل؟؟؟,abusive,Lebanon
1132,نجحنا بقوتنا شكراً فخامة الرئيس ومعالي الوزير جبران باسيل,normal,Oman
1133,لما يطلع زعيم عربي مسيحي اللي هوي جبران باسيل و يحكي عن تعدي اسرائيل على لبنان على,normal,Lebanon
1134,سورية بلد التصدي والصمود سورية قاهرة العدو الصهيوني الله يحميها,normal,Syria
1135,وحاج حكي مثاليات وامه ومابعرف شو ،اخر هم عندكم الوطن والامن بس تسجيل مواقف ومصالح روحوا عملو بلد ،عملو,normal,Iraq
1136,السؤال برسم جبران باسيل اذا شخص احتل بيتك؟ هل من حق هذا الشخص الدفاع عن امنهِ؟؟ ولماذا هذا حقه؟؟,normal,Saudi Arabia
1137,يا وزير الصدفة نحنا مرخينلك الحبل لاءن في عنا بالطايفة ناس عم يستفيدو منك ،،،، بوظيفة او معاش او واحد ف,normal,Lebanon
1138,ولا واحد انا برشح او جبران باسيل او سامي الجميل,normal,Jordan
1139,يلي بيسمع تقرير رواند ابو خزام على الجديد,normal,Palestine
1140,جبران باسيل يصر على إخراج اللاجئين السورين من لبنان بناء على دوافع لسنا بصدد البحث في مدى مصداقيتها,normal,Modern Standard Arabic
1141,إنتهت القمة و أثبت جبران باسيل، أنه رجل دولة بامتياز، و أنه المفكّر السياسي الأول على صعيد البلد,normal,Sudan
1142,انت بتعرف يا أستاذ فادي انو لبنان احلى بلد بالعالم,normal,Jordan
1143,هيدا اسمو تطبيل يا معالي الوزير,normal,Lebanon
1144,بيت الدعارة مطرح منك ساكنة ، الجامع ألوا أحترام,abusive,Lebanon
1145,تاج راسك المشنوق,normal,Tunisia
1146,سوريا هي الأم,normal,Morocco
1147,رحم الله الشهيد ابو ذياب ونرجوا من الله ان يتحاسب المجرم القاتل هو ومن يدعمه,normal,Libya
1148,الوزير جبران باسيل ظاهرة لن تكرر,normal,Modern Standard Arabic
1149,يا محلى اللطميات قدام انا وياك فرقة رابعة هي,normal,Iraq
1150,اكيد قابظ شي مبلغ مرتب لسكت,abusive,Lebanon
1151,قوة ودور جبران باسيل ومكامن نجاحه كوزير خارجية في المحافل الدولية للدفاع عن لبنان من العدو الإسرائيلي,normal,Jordan
1152,كان هدفها الاسائة للسعودية فقط عبر تلفيق الاكاذيب كعادة هؤلاء الغجر معنا لكن تورطت مع حساب النرويج,hate,Saudi Arabia
1153,عاجل هبوط كائنات فضائية على كوكب الارض في صحراء نيفادا في اميركا,normal,Oman
1154,جبران باسيل يطبّع قُبَل على خدود الدولة الغاصبة,normal,Syria
1155,واضحه كتير متل عين الشمس انت متلك متل اي شخص بيسمع وبينفذ,normal,Syria
1156,انسانة حرة وصادقة مع نفسك ومع الناس الي حواليكي ومابتغير مبدأئك مع تغيير الظروف والداعمين,normal,Oman
1157,زوجة السيسي متأثرة بمقولة انا أنثى والانثى لا تنحني,normal,Modern Standard Arabic
1158,يا أستاذ وهاب هل يعقل هذاًالتزلف للسعودية والإمارات ؟ هل ننسى دعمهم للارهاب بنفس مستوى قطر؟ نرجوكم كفى تزلفا,normal,Modern Standard Arabic
1159,اخونجي متصهين,abusive,Iraq
1160,وإنشاءالله ستبقى نور,normal,Syria
1161,ما تردو عليها هيدي المخلوقة بتتنفس فتن وبدا تعمل فتنة بين جمهور المقاومة وجمهور التيار والوزير باسيل هو,normal,Lebanon
1162,و الناشطات ما طالبوا بالقاء الضوء على بلدكم الزباله,hate,Yemen
1163,لا اكيد مش كل ما عووا كلب منقتلو في كتير احتمالات منكبلن عظمة منضربن بحجر,abusive,Lebanon
1164,لما العاهرة تاضر بالعفة,abusive,Jordan
1165,يعني كمان نحن فينيئيين بلا مؤاخزة؟,normal,Lebanon
1166,يعني هو عندو بنتين محبوسات بقصر مدري وين و بنت محجوزة ب مشفى معرف وين و بنت تشتغل موديل و عندها معرض فن تشكيلي مدري ايش؟ وات ذا هيل؟,normal,Yemen
1167,و صباح الإستيييذ الشريف الوحيد و الأصلي,normal,Algeria
1168,العمر الو حق مبين عليكي الكبر,normal,Lebanon
1169,حلو نشوفك اول رئيسة مجلس نواب وحاملة المطرقة الشاكوش,normal,Syria
1170,هودي اللي عرفنا فيهن ههههه وماذا عن غير قطاعات ؟ الله يستر ماذا سيحمل المستقبل من فضائح أخرى ؟,normal,Lebanon
1171,القمر بيطلع بنهار,normal,Jordan
1172,عن اي دولة يا قائد و القضاء فيها تابع لرجال السياسة,normal,Saudi Arabia
1173,الأفضل ان تهتم بتجارة الحشيش فهي تدر ربح أكثر من العنتريات الفارغة,normal,Modern Standard Arabic
1174,انا مذهولة من كمية الناس المستعدة للدفاع عن النقاب في العالم العربي,normal,Saudi Arabia
1175,هيدا لصح اذا ع إسرائيل أن تحمي حدودها لازم توقف لانتهاكات وين لغلط يا بشعه,abusive,Lebanon
1176,احقر و اتفه الناس انت يا وهاب,abusive,Libya
1177,يا زلمة شو هالإستخفاف بعقول الناس طيب يعني حضرتك ما بتعرف إنو أي حدا في يسجل أي صوت,normal,Palestine
1178,هاد ع فكرة كان صحبة كتير مع جدي وعينه مدير عام الريجي ولما ساووا انقلاب حطوه لجدي بالحبس شوي وبعدين اعتقال جبري,normal,Syria
1179,فعلاً كله سلف ودين,normal,Syria
1180,روح بلط البحر عند معلمك المجرم بشار,abusive,Jordan
1181,ماتعرفش يابن الشتيوي أنه جبران باسيل,abusive,Yemen
1182,ما انت وجريدة الاخبار كلاب تنبح الك عين تحكى يا قاتل الك عين تحكى وفار من العدالة اكيد اهل الجاهلية بقو,hate,Sudan
1183,صباح الوفاء لك ياوئام وهاب,normal,Tunisia
1184,شعب فاسد وانتم افسد,hate,Yemen
1185,انت عم تحكي من منطلق طائفي ويلي ما بشرفك شوف سيد المقاومة شو بعت رسالة للشيخ سعد مسؤول رفيع في حزب الله نقل للحريري رسالة من نصرالله معك ظالماً أو مظلوماً,normal,Syria
1186,يقصف عمرك ما انتنك,abusive,Tunisia
1187,ادام الله ذيل الكلب عاليا خفاقا في سماء الوطن,abusive,Yemen
1188,لما ال تطالع إنسان ذو صفات من فصيلة الرخويات,abusive,Tunisia
1189,ضب زعرانك حسون لقدهرمت زت حالك ف شيئ نفق ياكزااااااااب,abusive,Morocco
1190,انت ومرجعك الكبير و سوا فيك تحط محل النقط كلمتك المشهورة,normal,Yemen
1191,خلص يازلمة ماحدا عم يعبرك خلصنا بقا,normal,Syria
1192,كول هوا صرماية السيد تاج على راسك ورأس رؤساء العرب الانذال المتخاذلين ولك لولا السيد انت كنت,abusive,Iraq
1193,كل مرة بكتشف نوع من الجحشنة فيك يا نديم قطيش,abusive,Palestine
1194,ليش دايما الأشخاص المناح بيروحوا ويبقى أمثال جبران باسيل,normal,Syria
1195,يا عمي يا استاذ وئام ما عاد عندك شي تحكي فيه غير قطر ،صراحا قطر صندوق ابيض وبلاد خير ورزق بس هو الظاهر,normal,Syria
1196,ما احد يربط هالجحش,abusive,Qatar
1197,قبوط وصعلوك وبهلول وهبول ومسطول وعندها واحد زنخ سمج سميك بلبنان,abusive,Syria
1198,وليد جنبلاط بيشه عوينات ستي,normal,Lebanon
1199,بس يا حمار كول هوا وسد بوزك احسن ما اخلعلك نيعك واحد هزء زبالة,abusive,Lebanon
1200,وايضا جنس عددا من اليهود الصهاينة في العراق وهم الآن عملاء الإحتلال الصهيوني والأمريكي وقد يصلون للحكم في العراق,normal,Oman
1201,طيب جربوا انتحروا ل نشوف,normal,Yemen
1202,بتضل حيوان وبدك مليون سنة لتوصل لمستوى صباط السيد نصرالله وتفهم شو عم يقول لانو قلبك مليان حقد ولونو اسود اكتر من سواد الصباط,abusive,Jordan
1203,كلنا ثقا بالقضاء,normal,Saudi Arabia
1204,اه يا هبيلة غنم,hate,Egypt
1205,مفكر حالو شي قصة هيدا الحشرة,abusive,Lebanon
1206,تقتلن يعني لاء ما بيحرزو خليهن عم يهوشو منتسلى فيهن منزهق بلاهن,normal,Syria
1207,جبران باسيل متل حبة العدس يوم الك ويوم عليك,normal,Syria
1208,ياخوان والله مو عنصريه بس أكره السوريين والفلسطينين كره ما يعلم فيه إلا الله,hate,Saudi Arabia
1209,اول واحد بلبنان بتكون انت تريد حكيم نفساني يا معتوه ارحل وروح لا معلمك على سوريا,abusive,Oman
1210,زعلان على اسيادك ياوسخة يا لاعق الاحذية,abusive,Saudi Arabia
1211,لك يخربيتك ما ابيخك لتكون مفكر حالك بتفيد الطايفة لما بتقسموها اذا كنتوا انت والشحاد زلم بتدعوا لانتخا,abusive,Lebanon
1212,وضع جبران باسيل بالواجهة السياسية في القمة العربية أفقد لبنان زوار ومشاركين من رؤساء الى مخاتير,normal,Sudan
1213,إذا الوزير جبران باسيل اعتكف عن التصريح حوالي شهر أو شهرين،،، كم مؤسسة اعلامية بتسكّر ،،، كم صحافي واعلامية بناموا,normal,Syria
1214,كتوب عربي بالحرف العربي يا بغل منك له,abusive,Yemen
1215,استثمر العطل لتغير ديكور المكتب وتجدد إطلالته,normal,Oman
1216,انت قد عماد عثمان ياصوص,abusive,Yemen
1217,وهاب صاحب حق وصاحب الحق سلطان,normal,Tunisia
1218,صهيوني اكتر من الصهاينة يا خروف مرتك,abusive,Libya
1219,والله يا سيد نديم ما أحيون منك ومن لحيسة صرامي السعوديين إلا هوديك الخنازير جماعة حزب الشيطان وأبو جهل تبعهم الله يلعنكم انتو التنين خربتو البلد وشردتو العالم يا ولاد ال كلب,hate,Lebanon
1220,طز فيك وبي يلي بشد عمشدك كنت فرجينا مراجلك ووطنيتك لما كان معلمك عم بي سحسحولو على الرايح والجاي بي مملكة الخير ، على القليله تصاريح الايرانيه تدل على قوة لبنان في وجه الصهاينة اسيادك وبعدين هل المطلوب من المقاومة عدم الرد على اي حماقه اسرائيليه على لبنان؟فشرت يا قذم,abusive,Libya
1221,اذا ارادت اسرائيل حفظ امنها وهذا حقها,normal,Saudi Arabia
1222,دمشق حانيه العرب والام الرحيم والاب الرؤوف والشقيق الحاضن ولكن العرب طمعوا بها وقسوا عليها وارادوا ذب,normal,Iraq
1223,كل واحد بيحكي بأصلو شكراً الك,normal,Lebanon
1224,احلى صباح ل حبيب قلبي جبران باسيل القمر يؤبرني كل الليمون لأجلك,normal,Syria
1225,انت مش قد الوزير جبران باسيل لا بالوطنية ولا بالسياسة الخارجية,normal,Egypt
1226,كول هوا انت,abusive,Iraq
1227,الحرمة بتضل حرمة,hate,Syria
1228,عنجد انو عماد عثمان عملك عقده ولازم تروح انتا عند طبيب نفسي حتي تتعالج منها شكلك اهبل,abusive,Lebanon
1229,قولكم جبران باسيل بيقرا التعليقات اللي بتنزل متل الشتي عليه كل ما اتحفنا بقصيدة عن سوريا سوال وجيه,normal,Jordan
1230,انت عنجد مريض نفسيا لك قعود ساكت شوي العقاب لوهاب وهاب قاتل ابو دياب,abusive,Lebanon
1231,في مثل هذا اليوم وُلِد بغل الوطن منحبك القيادة الحكيمة,abusive,Oman
1232,شارل أيوب هل تعلم أن هذه السندات هي لقطر ولا يحق لأحد أن يتحكم بها؟ فكيف يكون جبران باسيل سارق ل مليون دولار من هذه السندات؟,normal,Modern Standard Arabic
1233,وئام وهاب غريب كيف شايف سعد الحريري انت خليك على مستوى عالي مثل ترامب و امثالو بس فيي قلك رحم الله امرء عرف حده فسكر بوزو,normal,Lebanon
1234,مؤتمر صحافي مشترك للأمين العام لجامعة الدول العربية أحمد أبو الغيط مع وزير جبران باسيل,normal,Jordan
1235,ليش يا شنتير شو كان في مقابلته شي مس منيح ؟ بالعكس يا اصلع كان تهديد قوي لعدوك اذا بتعترف فيه يا مسطل,abusive,Syria
1236,لا وصف يليق بك الا انك رخييص و تافه.,abusive,Saudi Arabia
1237,يازلمه انتو اكبر مخربين انت ونظام الاسد في الفان وسته قلتم شكرا قطر ما عندكم وفاء لا حده,abusive,Libya
1238,لك اكلة لتاكلك هالراس لمحشي تبن وشعير ومعشش في الشلشخون وشي يخلع نيعك خلع وينقص لسانك ويهرو كل اسنانك,abusive,Qatar
1239,بصراحه راضي عن نفسك وانت تدافع عن جبران باسيل هههههههه,normal,Yemen
1240,لاعق أحذية يا قطيش مش بايدك,abusive,Egypt
1241,سد حلقك يا ندوم,abusive,Egypt
1242,نصرالله ما عزز الصداقة مع شخص العماد عون والوزير جبران باسيل هي حرب تموز ووثائق ويكيليكس,normal,Syria
1243,ما ع بقدر أنسى ها التغريدة بتصدقي مساء الخير زينتنا,normal,Syria
1244,طز فيك شو زبالة,abusive,Lebanon
1245,تعرف شو مشكتنا بلبنان انو انت ومعلمينك الكن محل تحكو وتعبرو عن حقدكن وكرهكن لحالكن بزق عحالك لانو ما الي مروه بزق عليك,abusive,Lebanon
1246,بكيييييف بس شوفك مشووب يا بو صلعة,abusive,Lebanon
1247,مع الحشرات يلي متلك هيك لازم يتصرفوا,abusive,Syria
1248,صحيح خبرنا كيف تحتك,normal,Yemen
1249,حرام بوجع القالب سليمان الصغير وصلوا لمفرق قصر بعبدا ورجعو عملو ورقه بيضا حرام ببكي ما في غ,normal,Iraq
1250,هههههههه ولا كلمة ،، زعلان ع بشار والقذافي ومبارك تخبّط فكري لما وئام ما بيقبض غرّد وسلّينا,normal,Syria
1251,الله يلعن صباحك,abusive,Syria
1252,فداك كلنا وهاب,normal,Tunisia
1253,دمي ودمك نفس الدم,normal,Jordan
1254,يا عيني ملا حريدة ، جريدة الاخبار للفتنة و للكذب بتحدى جريدة الاخبار تحكي عن الفساد و السرقة في مجلس الحنوب,hate,Tunisia
1255,جبران باسيل مسوي حكومه لوحده تعادل رئاسه الدوله ورئاسة الحكومه ورئاسة مجلس النواب لمن ينتمي ومن يراجع في الرئا,normal,Yemen
1256,والصرماية حسن نصر الله هو محور التسامح و السلام با طبل ؟؟؟؟,abusive,Tunisia
1257,وشو مقعدك بلبنان طلاع عسوريا,normal,Lebanon
1258,بتاريخ لبنان كله ما في سياسي تعرض ل إعلامي سياسي ممنهج متل جبران باسيل وقبله ميشال عون,normal,Syria
1259,يلا ولا خنزير الله يرحم صدام حسين لي كان داعسكن,hate,Libya
1260,وبلدك سوريا لا تبغي سوا القتل والاجرام,hate,Oman
1261,معالي الوزير نؤمن بك دائما لأنك الدرع المنيع في وجه الفساد و الاقطاع السياسي,normal,Saudi Arabia
1262,حياة سندي مستشارة امين عام الامم المتحدة بان كي مون من عام مسلمة,normal,Tunisia
1263,انت يا جبران باسيل بعقليتك الفجة النتنة تقولربماوربما تفيد الشكك والتردد,abusive,Lebanon
1264,فيديو نادر قطار بعلبك رياق ومحطة اللبوة,normal,Lebanon
1265,كوبسة فيها يا جيمي,normal,Egypt
1266,السوريين بلبنان حيصير وضعهم شبيه بوضع اليهود عشية الهولوكست,normal,Saudi Arabia
1267,سيدي لبنان أصبح تحت سيطرة إيران عن طريق كرسي الرئاسة خذ خطاب جبران باسيل في القمة الع,normal,Modern Standard Arabic
1268,ليك شو رايك تحل عن قطر ؟زهقتنا,normal,Libya
1269,قطر تودع في البنك وتاخذ فوايد واذا في رجال دولة في لبنان يستطيعون ان يديروا هذه الأموال بحكمة وأمانه سيحققون أرباح,normal,Oman
1270,لا مش احسنلا عندا حساسية مع الكرامة والعزة هي من النوع التاني,normal,Lebanon
1271,و الله يا رفيق كل مرة بقول ل حالي الا ما تزبط بس بنت الشؤسمو ماعم تزبط,normal,Lebanon
1272,معالي الوزير ممكن اتواصل معك,normal,Yemen
1273,ما حدا ضربك عايدك تناقشني,normal,Lebanon
1274,انت اوسخ من العاهرات و كل عاهرات العالم اشرف واطهر منك,abusive,Palestine
1275,في واحد ما كان بيعرف مين الأسد,normal,Jordan
1276,و تبقى فلسطين اقرب و اشد مظلومية يا ليتهم نادوا بفلسطين و الباقي يلي,normal,Jordan
1277,إذا خُيِّرت ان تستضيف شخص واحد من شخصين على مائدتك,normal,Modern Standard Arabic
1278,لقد أكلنا هواءاً,normal,Modern Standard Arabic
1279,هل بادروهم اليونانين بالمثل للسورين بيوم الصعوبات التي يمرون بها السوريون ام عملوا عليهم تسكير على شواطئ بحر اليونان,normal,Modern Standard Arabic
1280,متقلة طعمية وفول المدام ما فيا تنحني,normal,Lebanon
1281,احييك علي رؤيتك الصائبه تميم وعائلته ارهابيين ويدعموا الارهاب بكل قوه,hate,Yemen
1282,انه المجرم الاساسي فالسجن هو مكانه ومكان امثاله,normal,Tunisia
1283,كول هوا افضلك,abusive,Iraq
1284,و حضرتك ترددي نفس الإدعائات الناشطات المعتقلات نفس كلام قناة الجزيرة لحقدهم و تآمرهم علي السعودية,normal,Libya
1285,طيب في تكبير نفخ شفط او بس شفاف؟,normal,Libya
1286,خليكي هونيك انتي مثلهم بيكرهوا المنقبين و المحجبين,normal,Lebanon
1287,لو قطر باركت بشار الاسد لكانت الوديعه مهمه ومفيده,normal,Yemen
1288,التفاتة جميلة منك استاذة ديمة,normal,Egypt
1289,العيش المشترك و صرماية وهاب سوى خلص قسموا و اعتقونا المصيبة فينا معشر الملاحدة و ال,normal,Tunisia
1290,بس اسمع تصريحات جبران باسيل,normal,Jordan
1291,البشير قال منتعامل مع الشياطين كرمال مصلحة لبنان اولا وين المشكلة,normal,Lebanon
1292,انقبر كول هوا كل الاحزاب والمليشيات اللبنانية والاحتلالات والارهابيين والعصابات المسلحة قبل الحرب وبعد الحرب أطل,abusive,Iraq
1293,الإمبريالية والصهيونية و الإقطاع إلخ نسمعه منذ سنين والمحاربون والممتنعون نفسهم زادت سلطتهم وأموالهم وزاد فقرنا,normal,Oman
1294,انتي قمر,normal,Libya
1295,ثقل فراغها وخفة وجودها، اهنيء من كتب لك هذه الكلمات رومانسي الاخ،,normal,Oman
1296,وهل يجوز ان تضحي بمرافقك لتمشي مخطط برأسك؟ الذي يقتل نفس له جهنم وبئس المصير,normal,Oman
1297,كلكم مين متل الغنم ، كل الشعب اللبناني أو فئة معينة,normal,Jordan
1298,هيدا جبران باسيل اللي عمل انتخابات مغتربين,normal,Lebanon
1299,خلص حبيبي ولا يهمك منفرك بالموضوع,normal,Syria
1300,صحيح انك واحد اهبل ما بتفهم,abusive,Sudan
1301,كلام وزير الخارجية جبران باسيل كلام سيادي ووطني ويستحق التحية عليه والشكر للصديق على الترجمة,normal,Jordan
1302,الله قمر الطائفة,normal,Tunisia
1303,مين سرقها من التاني انت او راغب علامة؟,normal,Egypt
1304,شاطر ياطرنبه هذا مايريده أعداء ادروز ونت تطبل لهم يالعميل,abusive,Iraq
1305,حسن عليق؟؟؟ كول هوا,abusive,Iraq
1306,واحده من الاثنينيا انت هبيلييا عم تستهبل ويجوز الوجهين,abusive,Lebanon
1307,هل يجوز ان تتاجر وتحتمي بدماء مرافقك,normal,Modern Standard Arabic
1308,احسنت حصاره بالزاوية كفأر جربان عذراً من الفأر,abusive,Saudi Arabia
1309,طيب كول هوا,abusive,Iraq
1310,العمى ما توقعت في ناس بهالجحاشة أمريكا وبريطانيا وفرنسا تلت أعضاء دائمين بمجلس الأمن طلعوا التلاتة عملاء للمملكة البربرية,abusive,Syria
1311,انتي غيرانه فسري منيح شو قال إذا منك معلمه انجليزي بلاكي وبلا اعلامك,normal,Lebanon
1312,هيدا لازم يفتحلك الباب وتقتنعي انه ما يسمى الثورة السورية كانت مجرد مرتزقة لترسيخ معادلات جديدة ضد محور المقاومة,normal,Lebanon
1313,منوره يا ست الستات ،، هيدا جمال هيدا حضور طلتك طله ملكات,normal,Lebanon
1314,جبران باسيل لا يمثلني,normal,Modern Standard Arabic
1315,لازمك سترة صفرا بس وبيمشي حالك بس مشكلتك عندك مغص من اللون الاصفر,normal,Syria
1316,وبعدين مين سأل رأيك ؟,normal,Jordan
1317,بوق سوريا انت وصرمايتي سوى,abusive,Lebanon
1318,هذا هو النهج الصحيح,normal,Yemen
1319,و صاير مهزله هالمغرد,abusive,Oman
1320,جبران باسيل من فشل إلى فشل بقيادة عائلة الفشل العونية المنصب الصحيح له هو مساح احذية في شارع الحمرا,hate,Oman
1321,يلعن هل الشعب شو اهبل,hate,Palestine
1322,مش اكتر منك بهالصورة ابو شعر مزروع بس بيغلبك,normal,Lebanon
1323,لسه بصرعوا طيزنا بدكن نصير متل العراق وليبيا يا حمير تجاوزناهن بأشواط، هلق لو نصير متل العراق وليبيا تحسن كبير جدا,abusive,Jordan
1324,تشرشحت بمعرفتك,normal,Lebanon
1325,لازم تتعيني رئيسة جامعة الدول العبرية فعلاً انت عم تنقطي عروبة وسعودية خليك بحالك ديما العظيما,normal,Lebanon
1326,والله يا محامينا العزيز الايام اثبتت انو جبران باسيل بعرقل كل شي بالبلد وما حدا بيقدرلوا,normal,Jordan
1327,كول هوا كول ضحكت علينا اليهود هههههههه ينعن عرضك شو ضحكت,abusive,Iraq
1328,كتير قوية,normal,Palestine
1329,من مبارح عم تتلج بلاريس من وين جابت الشمس,normal,Lebanon
1330,شكرا جبران باسيل,normal,Lebanon
1331,جبران باسيل هو الرئيس الظل في عهد الرئيس ميشال عون، لذلك بعد انتهاء ولايته نكون كأننا جربنا جبران باسيل في ا,normal,Modern Standard Arabic
1332,ضحكة بلا سنان,normal,Syria
1333,صاير سئيل انتا,abusive,Lebanon
1334,ليدي ديما صادق الله يسعدك حبيبتي وين ما كنت وبحب قلك خليها حلقه يا جبل ما يهزك ريح تحياتي القلبية الك,normal,Syria
1335,لما بيكون فيه شعب سخيف متلك بيهوج بنفس وقت هجوم الإمبريالية فلازم يندعسو مع بعض أنت سخيفة لدرجة التفاهة,hate,Palestine
1336,يا ريت هالغشيم بس يشوف الكومنتس العمى ما اسطلو,abusive,Lebanon
1337,مين قال انو سوريا غائبت عن القمة العربية جبران باسيل قدا و قدود,normal,Lebanon
1338,شو قاهرك؟ لي السم عم ينقط منك حرة برأي ووليد جنبلاط زعيم الدني كلها مش عاجبك ما تحشر,normal,Jordan
1339,هيك مربيهم جنبلاط كل مابدو يسب حدا بفلتهم,normal,Lebanon
1340,اضرب و الريح تصيح,normal,Algeria
1341,يا لهم من عرصات من اين ياتون بهذا التفائل,abusive,Modern Standard Arabic
1342,حكمت ديب لراغب علامة هيدا لازملو قطع لراسو حكمت ديب لديما صادق حَكْيك بلا طعمة,normal,Tunisia
1343,فهمني شو يعني ثورة هدا المخلوق ديما عجيب غريب,normal,Palestine
1344,كأنّوا صايري بالخمسين وشوي؟ مبين عليكي ، والله العمر غفله,normal,Iraq
1345,روح بيع بطاطا بلا كلام فاضي يا فاضي,normal,Syria
1346,ردود عنيفة على وهاب إثر تعليقه على زيارة أمير قطر,normal,Algeria
1347,صاير فيك مع علاء الخواجا متل راجح بالمسرحية مع بياع الخواتم,normal,Syria
1348,خايفه كتير على فنزويلا طالما ابو علي بوتين بالساحه ما تخافي,normal,Lebanon
1349,طيب وين إحترامك للقضاء؟ فورا على السجن وشو سبب توقف هجومك اليومي على الشيخ سعد؟ سبحان الله فجأة إنتطفأت محركات التعدي,normal,Jordan
1350,حلو عنا للمخلوقة ما عم صدق كمية الكره والجهل الموجود بالتعليقات نعم انها رائعة ديما صادق,normal,Syria
1351,اكيد جبران باسيل الاقوى هو من يستحق نائب مش متل بالدفش,normal,Lebanon
1352,حدى يقله خراس من مية سنه وانتي بالإتحاد الرياضي ومن فشل لقشل,abusive,Yemen
1353,في نوع هبل بيطلّع الواحد من تيابو,normal,Palestine
1354,بديني بدك فلقة,abusive,Syria
1355,ميشال عون جبران باسيل,normal,Syria
1356,و انت يا وديع خليك ساكت احسن ما تاكل نصيبك نحن ما حدا بسكتنا و الي بيغلط مندعسو,abusive,Lebanon
1357,حملة مسعورة يقودها قواتيون ضد التيار الوطني الحرّ، بدعم من تيار المستقبل والاشتراكي، بسبب دعوة الوزير جبران باسيل لعودة سو,normal,Iraq
1358,يا فاريس كول هوا وريح حالك ترك الهبل وروح جرب فهام رجاع حضار حلقة مبارح واذا بدك لان كانت عل,abusive,Lebanon
1359,ليك شو انبسطوا بكلام السيد عن الرئيس ميشال عون,normal,Syria
1360,الناس آراء وأذواق قاعدين على الشط عم نطلب كوكتيلات لحتى تقوليلي أذواق صار قتل نص مليون وشلّ وإعتقال قدهن وتهجير مليون بني آدم أذواق,normal,Syria
1361,وئام وهاب كلب يحركة رائحة الدسم من المال لاعقيدة ولاعروبه وابعد مايكون عن الرجوله والشرف,abusive,Yemen
1362,هل انتِ شاذة كي تدافعي عن هؤلاء المنحرفين,abusive,Modern Standard Arabic
1363,شابك على نت بيتنا و بتحكيلي كول هوا ؟ طيب هياني نازل,abusive,Lebanon
1364,الشيخ أسامة بشرف راسك,normal,Jordan
1365,مشان تعرف العالم انو السوري احتوى كل العالم انا بشكرك ديما انك عم تنشري هيك تغريدات بتدل على وقوفك مع الحق,normal,Jordan
1366,مريضة نفسياّ,abusive,Jordan
1367,روحيلك ع شي ندوة ثقافية و خالطي ناس محترمين حالن بركي بتنعدي منن,normal,Lebanon
1368,خااههاهاه خراس ولاك,abusive,Morocco
1369,العيشة بتلبقلك يا ست ديما,normal,Egypt
1370,اخذوه حزب الشيطان,hate,Tunisia
1371,المشكلة يا ست ديما انو الامبريالية الغاشمة نفسها هي حليف الانظمة التي تقمع الشعوب,normal,Jordan
1372,النهفة انو باسيل بالمقابلة قال انو اسرائيل لا تحترم القرار بينما لبنان تحترمه,normal,Libya
1373,خازوق فيك ولي بشد عمشدك عم بيحكي عن جعجع شو خص سعد الحريري ولا عملكن عقدة,abusive,Syria
1374,عمي أي اخلاق راحت الاخلاق صاروا يتطوروا للبهيمية,normal,Syria
1375,سيدة تبحث عن نفسها تائهة بين خبايا القدر كل يوم تنتقل من وتر الى وتر,normal,Saudi Arabia
1376,قطر لديها جهاز دعائي جيد فهي تطلق الاخبار المزيفه عن مساعدات وتمويل للبنان حتى جبران باسيل صدّقها قط,normal,Oman
1377,مابعمركم انتو رح بتحبو بعض لعالم عم بتخطط كيف تقضي علينا وانتوا بزعماتكم لمزيفه بتخرضو لشارع ع بعض كلكم,normal,Syria
1378,على عيونك غشاوه ليس تمجيد ولكن تركيز في الأمور والأحداث تتضح الحقيقه,normal,Oman
1379,اول مرة بشوف وحد مطلوب للقضاء و هلقد وقح,abusive,Palestine
1380,لهيك لازم نغير هالنظام المعفن ونستبدله بنظام مواطنة ويتساوى الجميع امام القانون,normal,Oman
1381,شاطر بالتقليد بس صبت الهدف وليد بيك منك نستفيد,normal,Iraq
1382,عيب بلا ادب,abusive,Iraq
1383,جبران باسيل يلعب بالنار,normal,Syria
1384,هي لازم تكون الك بس لمشكل اذا ضربوك بلحذاء صاحه لحذاء بأيه ذنبن أضربو,normal,Iraq
1385,إلي ساعة عم جرب اكتب تويت بعد حكي باسيل بس ما عم يطلع بلا مسبات خصوصي بعد ما شفت اللحيسة البلا شرف بلشو يطبلو,abusive,Lebanon
1386,فرق بين الدبلوماسية و العمالة و جبران باسيل دبلوماسي,normal,Lebanon
1387,و الله ما يدرون وين الله قاطهم خونة منافقين,abusive,Tunisia
1388,يسعد اوقاتك ابوهادي,normal,Qatar
1389,انت الشيخ الوحيد، وأنت شيخ المشايخ,normal,Egypt
1390,أحلى التواريخ هو شباط ، تاريخ ولادة نجمة مضيئة في سماء الإعلام وأيقونة جمال وأنوثة,normal,Modern Standard Arabic
1391,دخلك مش اسيادك يلي قتلو الشهيد وسام الحسن؟ دخلك مشكنتو تسبو في طالع نازل؟ خراس يا منافق دم زلمتك برقبتكن,abusive,Lebanon
1392,وين كان صوتكم وريحتكم قبل جبران باسيل,normal,Syria
1393,قال عن دمشق وليس عن دمشق الاسد وهو القائل ديوث الشام وهدهده وكلامه للقائد الضرورة الذي باع,abusive,Yemen
1394,ايه رتاحت نفسيتك هلق، يمكن يصير فتنة,normal,Saudi Arabia
1395,شوية غباء على تطبيل جبران باسيل,abusive,Jordan
1396,تركو تركو قاعد بقلب لخسة,normal,Iraq
1397,عقبال ما معلمك يلحق لي سبقو,normal,Tunisia
1398,احلى ديما الله يبسطك,normal,Jordan
1399,لو بتجاوب اي شي غير قصدك بقرتين غير أمك؟,abusive,Syria
1400,سورية بلد الحضارات تربطها بعلية او بحيوان,normal,Oman
1401,مكتوب على الشعب السعودي الجحشنة ومصرّين تضلو حمير يعني,hate,Saudi Arabia
1402,عما بي البك ميل لي عمرك سنه,abusive,Sudan
1403,شر البلية ما يضخك في كل يوم تتدحرجين إلى قعر الهزل من السياسة وضبابية الرؤية,normal,Tunisia
1404,رح يطققك جبران باسيل,normal,Lebanon
1405,أداء مهين لوزير الخارجية جبران باسيل,normal,Syria
1406,كول هوا يارعي البقر,abusive,Iraq
1407,هدا عدالة السماء بسب الشهيد وهو في ودم محمد ابودياب في رقبته ضحاء به انسان بري,normal,Libya
1408,ما زالك مصرة على استعمال نفس الأسلوب فهيدا ردي,normal,Lebanon
1409,روحي تعلمي العربي اول شي تتعرفي تفهمي شو حكي بالانكليزي,normal,Iraq
1410,تشبه اليهود,hate,Saudi Arabia
1411,هوي ذاتو صدق انو محاولة اغتيال,normal,Lebanon
1412,زمن التبعية والتعطيل،يتجسد في سياسة جبران باسيل,normal,Saudi Arabia
1413,فشر برقبته جبران باسيل,abusive,Lebanon
1414,او تری أمثالك بحاجه الی مكان جديد؟ الحبس مثلا؟,normal,Egypt
1415,بكلشي بتدحشي حالك عااساس بهمك الشان العربي ومحروق دمك عالشعوب العربيه,normal,Lebanon
1416,بالفعل صورة تنم عن واقع العالم العربي المخزي,normal,Saudi Arabia
1417,إنتي بالنسبة إلك الثورة زوجة الثور بس هلقد,normal,Lebanon
1418,ريتو ستميت عمرك ان تجوزت و ان ما تجوزت خرا عليك و عاللي بتتجوزك و عاللي بيعجبو هيك حكي,abusive,Lebanon
1419,مرجع كبير منو هوي يا تيس,abusive,Lebanon
1420,وهاب ابن الكلاب,abusive,Tunisia
1421,جبران باسيل كيوووت,normal,Lebanon
1422,ما أوطاك,abusive,Lebanon
1423,كول هوا شقفة عميل و كلب وواطي وحقك فرنكين بسوق الغلا نسيت لما كنت تنام بالقرداحة ناطر بالدور ل,abusive,Iraq
1424,اوبشن فتح طز الشعوب وانتي الصادقة,abusive,Yemen
1425,هلق انت مين داس ع دنبك,abusive,Lebanon
1426,ولي بهييم ايا عربي طعمرك شو بهيم,abusive,Lebanon
1427,ناس مريضة بالتخوين و الجلقان,abusive,Morocco
1428,منور استاذ وئام,normal,Lebanon
1429,الطفل المعجزة جبران باسيل,normal,Syria
1430,سعد فرط,normal,Libya
1431,السوريون كل بلاد الشام شعب مضياف أغاث الأرمن من قبل,normal,Algeria
1432,بس تعرفي تكتبي بالعربي نجاوبك,normal,Libya
1433,الحين تترحم على وسام ونت لم تترك تهمه ولاشتيمه لا وقلتها عليه صحيح انك عفن,abusive,Oman
1434,منوره ست الستات، ويلي مش عاجبتو ديما، ايه خلي ينقبر ومن راسو يقيما,normal,Tunisia
1435,خليك فيه عيشي فيه وخليكي تذكريه يحلا وبرك,abusive,Tunisia
1436,سد بوزك يا حيوان يلعن روح حافظ تبعك,abusive,Lebanon
1437,هذا قبل أن ياتي حزب البعث وال الاسد المجرمين الى السلطة ويحولون البلد الى مزرعة لهم,normal,Oman
1438,منورة ست ديما مساك نور وكل الورد,normal,Tunisia
1439,إنت و حريمك عواهر,abusive,Palestine
1440,ما حدا اسود غير وجك الاسود يلعنك ويلعن شكلك كلب سوري جعاري,hate,Syria
1441,كول هوا خسرتو بأرضك وبين جمهورك بعد ما منعت القطريين من تشجيع جمهورهم انتو فاشلين في كل شئ وهم متفوقين,abusive,Libya
1442,قدح وجم تفه عليك وعلى برنامجك وعلى المحطة لي عم تعرضلك,abusive,Lebanon
1443,ولَك إنتوا والتافهين أمثالكم بس توصلوا لصرماية,abusive,Syria
1444,ما عندو من الوئام شي الأستاذ نشتكين وهاب,normal,Morocco
1445,صحيح انك انسان وضيع,abusive,Saudi Arabia
1446,يلا يا عرص,abusive,Palestine
1447,شو حلو لو منربط لسانك بسلك كهربا بس مش من لبنان من الدولة الشقيقة وتكون فيها الكهربا ونخلي الفولتا,abusive,Jordan
1448,هدا شذوذ منو حرية ويعطيهن الف عافيه ايه خايفين عالجيل م ناقصنا بعد وساخه وحقارة,abusive,Lebanon
1449,لأنه كلاب عالم متل طارق خوري وغيره,abusive,Syria
1450,هذا بغرد بس من شان يتبهدل الآن نسيت قطر التي قدمت المال لبناء ما دمرته حرب تموز فعلآ انتم أمة لا,normal,Yemen
1451,مش سوري؟؟ مين وين حضرتك؟؟ في مسيحي قي بلاد الشام مش سوري؟؟,normal,Egypt
1452,كل دولة بتدعم الاقتصاد اللبناني نحن معها,normal,Jordan
1453,الحقارة حينما تنطق وزير خارجية لبنان جبران باسيل مثالاً,abusive,Modern Standard Arabic
1454,أنا لا أشك للحظة بنية ونوايا المنتسبين للتيار أو المناصرين او المؤيدين,normal,Oman
1455,قولي لضيفك ما يبلع ريقو احسن ما يتسمم ، مش مقبول الحقد هلقد على الشيعة,abusive,Lebanon
1456,الله يسامح الربط الحمار وفلتك,abusive,Saudi Arabia
1457,صحيح انك هبلة,abusive,Egypt
1458,وانت بدك طبيب بيطري,abusive,Jordan
1459,دخيل ربك يا كبير,normal,Lebanon
1460,خليكي بعروض الازياء واستعراضاتك عالانستغرام او شتقتي للبهدلة عتويتر,normal,Yemen
1461,خواجة مادورو عند أصول لبنانية أكيد ملزّق على الكرسي مهما كان الثمن واذا انسأل ليش في فقر وتعتير عندو,normal,Syria
1462,يدومك صوت للحق حضرة الرئيس,normal,Tunisia
1463,حملي سلاحك قصدي سكربينتك ونزلي عالمعركة,normal,Lebanon
1464,لو مانك جبان بلا منقودية يعني كنت كتبت هالتعليق من الاول,abusive,Lebanon
1465,جبران منافق و ما في داعي تعملولو تجميل و تضلو تدافعو عنو لان بالاخر رح تاكلو الخازوق,abusive,Jordan
1466,بعيد الشر عن قلب السودان يتمثلوا بأقذر ثورة,normal,Tunisia
1467,بس تطلب من ابناء العاهرة كلاب ايران ينسحبو من سوريا فورا للاجئين راح يرجعو لاتفكرهم مبسوطين,hate,Iraq
1468,عمر ملحس يلحس,abusive,Tunisia
1469,ايه كولي خرا,abusive,Egypt
1470,انسو كل شي عالتايملاين جبران باسيل صرلو يومين مش طالع حسو حدا يتطمن عنو,normal,Lebanon
1471,هو كوميدي الشيخ سعد,normal,Libya
1472,الله على جمالك وطبيعتك يا باريس,normal,Saudi Arabia
1473,أديب الششكلي الكردي القومي السوري,normal,Lebanon
1474,مبين ادي انت معفن ووسخ نظف حالك ولسانك افضل من انك تنشر وساختك عند النظاف,abusive,Lebanon
1475,آههه يا هبيلة شيلة الصورة شيل ،امن اسرائيل يعني حقها تضرب سوريا و المقاومة حفاظا على أمنها,abusive,Egypt
1476,السودان ك دولة عادت الى سوريا الاسد يبقى المرتزقة جنوب السودان سيدفنون بسوريا واليمن,normal,Saudi Arabia
1477,الان دخلت صفحتك وعرفت انك من اللي مشغلهم نظام الحمارين كلاب تنبح ضد السعودية,abusive,Yemen
1478,اديشك فزيعه بهالطله رعبتينا,normal,Iraq
1479,قوية معاليك العقل الواعي هو القادر على احترام الفكرة حتى ولو لم يؤمن بها,normal,Oman
1480,مرحلة البلاهة التي يعيشها حافظ الصغير خبرناها جيداً، هي المرحلة التي تسبق عادة تسلّم منصب الرئاسة في سوريا,normal,Oman
1481,الرئيس الفنزويلي آخذ دروس خصوصية عند الزعماء العرب,normal,Modern Standard Arabic
1482,وانت صغيرة يجب تجاهلك واضح عندك عقد نفسية من صغرك,normal,Saudi Arabia
1483,اكيد مليح هيك,normal,Lebanon
1484,السوريون استضافوا لبنانيين عشرات السنين هربا من الحرب الأهلية بلبنان ولم يمننوا ذلك عليكم,normal,Modern Standard Arabic
1485,حاج تياسة ما في هيك شي,normal,Lebanon
1486,كما اعتدنا عليك يا قائد صاحب كلمة الحق دمت لنا و للوطن قائد شريف,normal,Saudi Arabia
1487,انت شو خصك بالحجاب بدك تمشي عارية انت حرة بس ما تحاولي تقنعي العالم بوجهة نظرك بكفي عهر هوا الحريه,abusive,Jordan
1488,الأسد إلى الأبد يا وهابي,normal,Modern Standard Arabic
1489,وهلق شو بدي اسأل النائب ابراهيم كنعان بيقدر يفتح موضوع المليار يلي أخدن السنيورة وال مليار يلي أخدن جبران باسيل ؟,normal,Syria
1490,العمى شو مثقفة في منك عبصل,abusive,Lebanon
1491,بالاول اتعلم تكتب عربي ،بعدين تعال احكي عالسوريين,normal,Lebanon
1492,تلحس,abusive,Saudi Arabia
1493,أنتي عربي ما بتفهمي منيح ما رح نتفاجأ إذا ما فهمتي انكليزي,normal,Syria
1494,اهل الشام فيهم خير إلى يوم الدين,normal,Saudi Arabia
1495,يس الله بلاهن بحكومة خرى,abusive,Tunisia
1496,برافو هكذا انتم خواريف الزعيم وانت يا حسين خاااااروف ماااااء,hate,Yemen
1497,انت لازم يقصولك لسانك قبل ان تدمر نفسك,abusive,Libya
1498,لا أسوأ من بيروقراطية فاسدة الا بيروقراطية شريفة,normal,Sudan
1499,أهلا وسهلا فيكي نورتي فرنسا كلها مش بس باريس,normal,Jordan
1500,ديما الرائعة والمتألقة,normal,Tunisia
1501,وئام وهاب وصرمايتي سوى وئام وهاب راسو راس خنزير بجسم انسان العماد عثمان بدو يكسر راسك انت ومعلمينك,abusive,Jordan
1502,حلوه بس أنفك مو مصلي عالنبي,normal,Syria
1503,في القران بلسان النبي إبراهيم عليه السلام اذ قال أتعبدون ما تنحتون ؟ نعمل الزعيم ثم نعبده,normal,Tunisia
1504,فشرتي كلكن بتعرفو وحتى أصحابكم اليهود إنّو السيد بس يفول شي هو قد كلامو هذا السيد البطل الشريف,normal,Lebanon
1505,صرتي زبالة,abusive,Syria
1506,ما بحبك بس حلوي,normal,Lebanon
1507,ولدتك امك حرا ايها السامرائي,normal,Iraq
1508,طيب بيعنا سكوتك او بمعنى آخر كول هوا,abusive,Sudan
1509,لا مع الحق ولا مع الباطل لا ذكر ولا أنثى لا بطاطا ولا باذنجان,normal,Tunisia
1510,فهمنا قصتك مع الحجاب فيكي تفكي عن سمانا ،روحي اشطبي هويتك بس ما تجي تغيريلنا ديننا ، فصلي دين عحجم عقلك يا وج النحس,normal,Lebanon
1511,صدقتي ديما لكن للاسف اللبنانيين من اكثر تخلفا وعنصريه,hate,Libya
1512,عما بقلبك شو سميكة بتحكي ثلاث لغات بالجملة مفكرة حالك كلاس ولا اسخف واجلأ من هيك,abusive,Syria
1513,اذا بين كل يللي عم بيصير وينقال وينكتب استنتجتي انو اسلوبي انا اللي بذيء بتكوني وحدة مهبولة مع احترامي ههههه,abusive,Syria
1514,السيد حسن نصر الله في حوار العام مع يشيد بموقف الرئيس ميشال عون والوزير جبران باسيل في القمة العربية الاقتصادية في لبنان,normal,Oman
1515,يا حسرتي عليه ليش كان ياكل ليخرا كان مقضيها اضرابات عن الطعام,abusive,Sudan
1516,انتا عاهرة أم سياسي أم شيخ عقل؟,abusive,Libya
1517,جبران باسيل متخلف عقلياً,abusive,Lebanon
1518,شعوب بتسوا صرامي,hate,Lebanon
1519,الله يحميك الوطن يبنى بشبابه,normal,Yemen
1520,زوجة السيسي ماعندها لايقة بدنية مثل الفرنسية لتنحني,normal,Saudi Arabia
1521,ديعانك ختيرتي,normal,Morocco
1522,شو هالدفاع البيخري يابا,abusive,Lebanon
1523,مافيا فاسدة وشعب منافق مسّيح جوخ,hate,Morocco
1524,كلهم من حزب الشيطان الله لايكثرهم,hate,Libya
1525,يعني انت سياسي عاهر,abusive,Libya
1526,دمدوم كم مرة صرت مفهمك معاش تستحمري صايرة متل شحاطة الاصبع ما بينضهر فيكي,abusive,Syria
1527,تؤبريني بس ما وزعوا عا سنين معونات، عرفتي كيف يا روحي,normal,Lebanon
1528,معالي الوزير نحتاج الى فكر سياسي جديد,normal,Algeria
1529,النقاب ما يحجب على الخلايا الدماغية على فكرة,normal,Iraq
1530,العما بِقلبك ما أتقل دمّك و ما أسقلك,abusive,Lebanon
1531,دمت يا وئام وهاب يا أمير القلوب,normal,Morocco
1532,ولك انت دب مع كل العالم سكوت,abusive,Lebanon
1533,كم كنا نتمى لو اننا في دولة قانون ومؤسسات لما كان معلم عماد عثمان وصل الى سدة رئاسة الوزارة,normal,Saudi Arabia
1534,انعل أبوكم لا ابو جيش اسرائيل ، كلاب كلكم,hate,Tunisia
1535,انتي اخرسي ومادخلك,abusive,Yemen
1536,يبغالنا نتصل على السفير ثامر السبهان يحط جزمه بحلقك ياخيي ما بدنا نعمل مشكل مع حدا تفوووووووو يا مرتزق,abusive,Lebanon
1537,يلعن الأسد,abusive,Syria
1538,المحجبة ليست أمية ولا جاهلة صورة عنصرية مقززة لا تمت إلى الروعة بصلة,normal,Modern Standard Arabic
1539,العرب جرب انتو حلو مشاكلكم الي صارلها سنه وبعدين شوفو مصير غيركم منافقين,hate,Libya
1540,انت صوت الحق,normal,Libya
1541,الحق عالحجاب,normal,Yemen
1542,الإخوان د واحس و علمانيين عملاتنا لوجه واحده وهي يهود,hate,Egypt
1543,انتي مسخرة بشرفي,abusive,Palestine
1544,انتي كتير بايخة وبتسوي صرماية,abusive,Jordan
1545,أعلن وزير الخارجية اللبناني جبران باسيل اأن لبنان لمس تجاوبا مع فكرة عودة سوريا إلى الحضن العربي,normal,Egypt
1546,آه يا حمارويه,abusive,Egypt
1547,بدك تحرري القدس يا ديما؟ بالسكربينة كعب عالي,normal,Lebanon
1548,انبح ياكلب,abusive,Tunisia
1549,في مثل هذا اليوم فطس بغل الأمة,abusive,Algeria
1550,الله يلعن هيك دولة على هيك زعماء,hate,Syria
1551,بطلي علاك,abusive,Algeria
1552,كل مرة كنت قول انك حلوة والناس بغروا منك بس طلعت غلطان مظبوط حلوة بس درجة الهبل عم تعلى وتعلى وتتعمر يا دار,abusive,Jordan
1553,قبيحة منظر ومخبر,abusive,Iraq
1554,الله يلعنك ويلعن هيك بلد فاسد مثلك,hate,Syria
1555,جبران باسيل اذكى وزير,normal,Jordan
1556,الحياة عربة وانت مجازيا مو حرفيا، محشوم اخي الكريم كلب مربوط بها، والعربة ماشية فبتحب تمشي معها بكيفك أو بتحب تنشحط بالزور، لك كامل الخيار,abusive,Syria
1557,ما تعتبو عليها غبية,abusive,Tunisia
1558,ماهذة الصفاقه والنتانه ياأنسة,abusive,Yemen
1559,معنا عميل جديد لآل حداد ايوا اتفضلي تابعي,normal,Saudi Arabia
1560,نهاركم سعيد ديما شو لابسة اليوم عنجد بعشق شو بتلبسي هيك، يا عمييي في اجمل من هيك صباح,normal,Lebanon
1561,مش معقول كمية الجهل والغباء والحقد الاعمى بالردود شعب بس بعد ناقصوا الرسن المكاري موجود بس هيك,hate,Lebanon
1562,ديري بالك لا تتصاوبي,normal,Tunisia
1563,ديما بحبك كتير وكلي خرا بعرفك بتحبي البهدلة,abusive,Lebanon
1564,يا كلب يا لقيط ما حدا غيرك العاهر ابن عاهرة يا مرتد الله يلعنك ويلعن كل مين ع,abusive,Syria
1565,كتير بايخة وسخيفة,abusive,Syria
1566,زمان بالمقلوب ولا يصح إلا الصحيح,normal,Saudi Arabia
1567,عمى ما أبشعك,abusive,Lebanon
1568,ما شاء الله مثل القمر كثير طالعه حلوه,normal,Jordan
1569,الحين صار إسمه مدعوس باسيل,abusive,Syria
1570,لا والله ساقطة,abusive,Tunisia
1571,لا عيني هول لعونيه وتيارهم ماحزرتي شعبيتكم ع اد مجموعه نمل اسود متل قلبك,hate,Lebanon
1572,كل عام و انت ديوثَة و كل عام و انت نكرة و كل عام و انت ناقصة و كل عام عندك خلل ونقص انت بتشبهي كل الشي ا,abusive,Lebanon
1573,كلب أسود مختلف,abusive,Modern Standard Arabic
1574,كيلو بويا عوجك و مبيني ختيارة,abusive,Lebanon
1575,ما اجحش منك إلّا لي عاملّك,abusive,Yemen
1576,هيدا العلم صار مماسح للصرامي انت عايشه بكوكب تاني حالتك بالويل الشهره مش هيك وحياتك لما بتك,abusive,Lebanon
1577,عم تحكي اصول يا رييس,normal,Lebanon
1578,و لماذا لم تغردي و يبقى احلى التواريخ جانفي لان ذلك هو التاريخ الحقيقي للثورة و للديمقراطية,normal,Saudi Arabia
1579,يا باريس ، احفظي ما عليكي,normal,Yemen
1580,ونسيتي استقبلت الارمن ع ايام العثماني لولا سوريا كنتي فحمه ولحمه مشويه,abusive,Iraq
1581,كلكم منافقين هلق تجي قطر تعطيكم كم دولار بتصيروا كلكم تركعوا لتميم قرطة نصابين,abusive,Syria
1582,وزعنا عاليونانين و اللبنانيين و الارمن و الشركس كلو طلع فيه خير ماعدا حداً بس حزري مين هوي,normal,Lebanon
1583,ولا واحد من الحمير العرب القامعين على السلطة انحنوا لا لكبير ولا لصغير,abusive,Saudi Arabia
1584,وزيركم مخرف,abusive,Qatar
1585,وحمرنتك,abusive,Saudi Arabia
1586,وانتي مال أهلك يا معرضه خليكى فى بلدك,abusive,Oman
1587,روح قدم ادعاء للقضاء بدل ما تعوى هون يا ببغاء,abusive,Iraq
1588,وانت من السياسين ولا العاهرات,abusive,Tunisia
1589,عهدالعلوج ، عهدفاشل استغفر الله من امثالكم,hate,Tunisia
1590,يا مشحرة شو منوب انتي كيف بتضهري لبرا ولك فوتي عن البرندا احسن ما يراشقوكي تعون السترات الصفر بالبيض,abusive,Lebanon
1591,عودة المياه إلى مجاريرها بين سوريا و الإمارات,normal,Algeria
1592,سوريا جاي تدعس راسك,abusive,Iraq
1593,والله ماحده دمر العهد بعد جبران باسيل الا انت,normal,Lebanon
1594,يا هل ترى سواد قلبك مثل سواد عينيكي والشاطر يفهم,normal,Modern Standard Arabic
1595,معك خبر انو بلدة قطر متل ما سميتا مساحتها اكبر من لبنان، لك عيب بقا ارحموا اللبنانية و احترموا حالكم,normal,Jordan
1596,و بيحكوا على جبران باسيل,normal,Jordan
1597,عووي يا كلب,abusive,Syria
1598,المقارنة بين جبران باسيل والدكتور سمير جعجع لا تجوز،الاول ناشئ في السياسة والثاني زعي,normal,Jordan
1599,يابنت لجنوب ما انت اول وحدة مع اسرائيل وضد المقاومة ما فهمتك مفصومة من ايمتى هل شرف والوطنية لدبو عليكي فجاة ما شفت احقر منك,abusive,Lebanon
1600,رب يسعد مساك,normal,Sudan
1601,ياعاهرة,abusive,Tunisia
1602,ايننا والثورة,normal,Yemen
1603,نصر الله يكسر الصمت لما السكوت عن تصريحات جبران باسيل هل فقط لان حزب الله بحاجة الى,normal,Saudi Arabia
1604,لاتقوليلي مابتعرفي جبران باسيل الرمز العربي قاهر الاعداء مزلزل الاوطان هازم اللاجئين ناصر حزب الله عميل ا,normal,Yemen
1605,يجب على القضاء التحرك فوراً لوقف التعدي على الأملاك العامة من قبل هذا الوصولي,normal,Oman
1606,اذا هالمرة بتقولولنا انو رجعت قصة تشكيل الحكومة للمربع الأول، رح نقلكن أختكن ع إخت هاللعبة ما بقى بدنا نلعب,abusive,Syria
1607,سبحان الله وين ما بروح بياخد الخراب معو شو هالبومة هيدا ولك شو هالغراب انشالله يهرب عالسفارة و يبعتوا عاسرائيل,abusive,Lebanon
1608,يسعد مساكي ست ديما جمالك غير طبيعي الله يحميكي,normal,Syria
1609,لقاء خلده والغريب شيخ عقل وما بيعرف اذا ايران عربية او فارسية وبأحد خطاباته قال الجمهورية الار,normal,Yemen
1610,بالفعل عيب عليك تحشر انفك بشي ما بيخصك روح وزبط بلدك وحكومتك وديرو بالكم على مواطنكم وشيلو زبالتكم وبلا ماتدخلو بامور غيركم,normal,Iraq
1611,كلي خرا، الله بشفي كل المعاقين من معلمك ل يوصلك الدور,abusive,Jordan
1612,ما رح يخليلنا صاحب جبران باسيل,normal,Lebanon
1613,بحترم وجهة نظرك ، بس ما ننسى انو القضاء كيف تعامل مع الموضوع، و بما يخص الشهيد لنترك الموضوع ل,normal,Jordan
1614,نعم دمشق كذلك ولكن ليست دمشق الحاضر بل دمشق الاموية دمشق التاريخ والحضارة,normal,Oman
1615,يا ريت قبل ما تحاول تحكي إنك تبحث عن الحقيقة؛ بس إنت كل همك تسجيل موقف,normal,Jordan
1616,سعادتك شو بدك تحاسب لتحاسب، لبنان غرقان بمتاهات الزعرنة والعكرتة، والصفقات المشبوهة على حساب الشعب,normal,Syria
1617,مدام جبران باسيل سرق و عمر بالمصاري قصر بمعراب، لك استحي يا عيب الشوم ع شعب البومة,hate,Lebanon
1618,حاجتها يا أرنب مصاري افش حنجيبك,normal,Libya
1619,يا ليت تنتقد ايران وما فعلته في سوريا والعراق واليمن,normal,Oman
1620,رح نسحبو من شروشو,normal,Libya
1621,جبران باسيل للمرّة الثانية على التّوالي يقرّ بحق اسرائيل بالوجود والأمان,normal,Oman
1622,جبران باسيل يغرد خارج السرب التطبيع مع الكيان الغاصب خيانة عظمى,normal,Lebanon
1623,كسار راس المرتزقة و شذاذ الآفاق,abusive,Tunisia
1624,ما في اتفه و انجس منك يا عبد بشار المجرم,abusive,Palestine
1625,قمة بيروت الاقتصادية وغياب القادة العرب عدا إثنين وضع القمةولبنان في حرج شديد وعزلهم عن محيطهم العربي والدول التي طال,normal,Oman
1626,المضطرب نفسياً جبران باسيل,normal,Oman
1627,مربحة لمن طلبها,normal,Iraq
1628,لو عطوك حصّه، شو بصير رأيك بالوديعة؟ يا ترى بيرجع عهد شكراً قطر؟,normal,Palestine
1629,إستاذ طلال، شخص بعمرك ما بتستحي تحكي هيك حكي؟ في شي شخص استرجى يحكي ضد إسرائيل على ال متل ما حكي جبران باسيل؟,normal,Syria
1630,رجعت من الإمارات معاليك ولا بعدك هونيك؟,normal,Lebanon
1631,خبر موثق او نكتة؟ بس لنعرف كيف نتصرف,normal,Saudi Arabia
1632,يتم محاولة تسويق فكرة ان تعطيل الحكومة هو بأمر خارجي على هذا المنطق يعني ان جبران باسيل ينفذ اوامر الخارج,normal,Saudi Arabia
1633,وكل مين بيشد على مشدو وكل مين مغطية,normal,Palestine
1634,صفات ابليس عليه لعنة الله موجودة فيك العقاب لوهاب وهاب قاتل ابو دياب,abusive,Tunisia
1635,مشتهي اضربو كف و قلوانا بكرهك بكرهك بكرهك,abusive,Yemen
1636,اللذة انو هالحليفين ما بيفضحوا بعضن بالسرقة والفساد الا لما يدبكوها مع بعض,normal,Syria
1637,ما دمت على طريق الحق نحن معك,normal,Modern Standard Arabic
1638,موفقين ونحن معكم وسنقرا لكم,normal,Modern Standard Arabic
1639,الخيانة والاجرام بدمكن ، شو خص تيار المستقبل ، ولي بيطلع ع سوريا بحارب الشعب السوري شو بكون يا كبير او صغير ما بعرف,hate,Syria
1640,بلبنان إذا فتحت مطعم حتى لو سميتو مطعم الهوا ونجح المطعم والله وفّقك بيجيك ألفين واحد بيفتحوا مطاعم جنبك مقلدين الاسم,normal,Syria
1641,خراس وسد حلقك لانو مافي هيك حالات,abusive,Syria
1642,هاد مهبول هاد الزمان قلو خراس شي ماتلحق عصام زهر الدين,abusive,Morocco
1643,يمكن بهالتغريدة عم تحاولي تنسي الناس هبلك وتفاهتك بمقابلة جو معلوف بس بفتكر مش ظابطة عريتي نفسك امرأة سطحية تافهة,abusive,Syria
1644,افهم ما قاله جبران باسيل وأتفهمه، كما افهم موقف حدا جذري متل اسعد ابو خليل، لكن لا افهم ولا اتفهم من يخون هذا او ذا,normal,Oman
1645,جبران باسيل و الحفّاظة وجهان لفائدة واحدة,abusive,Algeria
1646,محاولة بائسة و مذلة للبحث عن الرز,normal,Saudi Arabia
1647,ما هو ضمن عاهرات,abusive,Yemen
1648,تاني شي ليس لإسرائيل اي حق في الوجود,normal,Sudan
1649,ال ً مبلشين من الليلة بالحملة ع جبران باسيل ب منا وجر,normal,Syria
1650,ممكن سؤال ليش حزب الله بيتحمل كلام جبران باسيل حول ان إسرائيل لها الحق بالدفاع عن امنها؟فيمالوقال هذ,normal,Yemen
1651,نحتاج الى رجال لا تكون أبواق وأدت للأنظمة المجرمة,normal,Algeria
1652,نديم لطيش ماريا معلوف البقرة الضا,abusive,Tunisia
1653,كثرة الكلام ثرثرة,normal,Saudi Arabia
1654,بتمنى من اخواننا في الوطن يلي عم يتهموا الوزير جبران باسيل يقرأوا هالتغريدة من صحافي كلنا منعرف توجهه السياسي,normal,Syria
1655,سقوط تفاهم معراب بذكرني بسقوط الاتفاق قبل حرب الالغاء شخص مريض ما بيشبع حروب عبثية حتى لو طلعتو رئيس,normal,Lebanon
1656,مباشر من بيروت مؤتمر صحفي للأمين العام لجامعة الدول العربية أحمد أبو الغيط ووزير الخارجية اللبناني جبران باسيل,normal,Egypt
1657,كول هوا نحن مامنشتغل عند كلبك بشار,abusive,Sudan
1658,قصدك قارطوا,normal,Tunisia
1659,في هذا العصر قلة من الرجال التي تنطق بلحقيقة الله يحفظك,normal,Oman
1660,يا ولاد الهابلة,abusive,Tunisia
1661,منطلب من الجميع عدم التدخل بما فيهم انت لانك اكثر من ضلل القضاء ساعة عم تغسل ساعة عم تفتح طريق و ساعة ح,normal,Sudan
1662,جبران باسيل بلكي بصيرو النواب والوزراء يشتغلو,normal,Syria
1663,معناها حقو الشحاذ يعيط عليكي هههه,normal,Saudi Arabia
1664,طول بالك لا تعرف من وين الخير,normal,Tunisia
1665,على الأقل دحلان بالنهايةعربي قح وليس اسرائيلي كما زلمتكم عزمي,normal,Yemen
1666,الواعي مايروح يتحالف مع حليف حزب الله التيار العوني ويلعب فيهم جب,normal,Syria
1667,شو عاملك عماد عثمان تخمين باعصك,abusive,Lebanon
1668,كل لبنان عهر في كل شي,hate,Sudan
1669,عندما يبدع اللبناني في مصلحته التجارية سيارة نقل الموتى هذه تضمن وتكفل لك الجنة,normal,Oman
1670,تصريح لاحد النواب من حزب الله مشكلة الحكومة ليست عند الوزير جبران باسيل بل عند الرئيس المكلف منطق سياسي سليم ودقيق,normal,Iraq
1671,كل الحق علينا كل اربع سنين منعيد الغلطة ومنجيب نفس الطبقة السياسية,normal,Tunisia
1672,انا بقدر اوقف بوج جبران باسيل وقلو انت شيطان وقرد,abusive,Jordan
1673,انت مين لا تجي تأمر مين انت مين,normal,Saudi Arabia
1674,عيب هيدا المستوى من الحديث,normal,Lebanon
1675,وطن بحجم وخصوصية لبنان من المستحيل أن نحمله مسؤولية سلامة وتحرير وخصوبة ووحدة أمة بكاملها بينما سواه,normal,Modern Standard Arabic
1676,عندما يتطاول الصغار على الكبار نكون في الزمن الردئ وعندما يحاضر امثالك بالعفة فتكون سخرية القدر,normal,Oman
1677,جبران باسيل رقم الصعب و الرئيس عون الرقم الأصعب و اثبت ذلك منذ عودته من المنفى و ليس الآن,normal,Saudi Arabia
1678,أنا بعتز وبفتخر برئيس جمهوريتي فخامة الرئيس العماد ميشال عون وبرئيس تياري الوزير والنائب جبران باسيل وبعرف إنو هني,normal,Jordan
1679,وهذا من حق الوزير الملك جبران باسيل,normal,Yemen
1680,جبران باسيل معتوه,abusive,Jordan
1681,وبعدين بقى شو بدك فيي علقتني بهل الورطة وعملتني نايب,normal,Lebanon
1682,اعتقد الوزير جبران باسيل بسبب مواقفه الداعمة للمقاومة في المحفل الدولية,normal,Saudi Arabia
1683,الدولة بتتمنى عالشعب ما ينق كتير اذا شاف طرقات تجعلكت عالعاصفة، كله بالكَوي بيتزبّط,normal,Syria
1684,ههههههههههههه لك الله يلعن ابوك عهالخلفة العمى ما اسألك واجلطك وكمخ وزنخ وسميك ومقرف تجيك جلطة بنص لسان,abusive,Syria
1685,قال جبران باسيل انو أمير قطر كسر الحصار على قطر و إجا شارك بالقمة,normal,Lebanon
1686,وئام وهاب الطائفي سبق ووصف المرأة السعودية بشوال الفحم للأسف الإمارات لم,hate,Sudan
1687,أحن الى زمن لما كنا اذا اشترينا جينز وطلع في خيط منسّل نرجعلو ياه ونجيب المصريات هههه هلق ما منقبل نلبسوا اذا مش آكلو الكلب,normal,Lebanon
1688,طلع اذكى من ميشال عون و جبران باسيل مجتمعين ، انا معو لرئاسة الجمهورية للموت,normal,Jordan
1689,هيدي الصورة كفيلة تجنن جمهور الحركة,normal,Lebanon
1690,إلى كل من يتهم الوزير جبران باسيل بوضع شروط في تشكيل الحكومة هذه ليست شروط هذه أصوات الناس في الإنتخابات النيابة وهي أمانة,normal,Modern Standard Arabic
1691,وطن يحتاج الى شعب جديد، لانو البشر بتروح وبتجي بس الارض والوطن باقي رغم فساد القوم يلي حاكم فيه هلاء,normal,Palestine
1692,من يسير في توجيهات المشايخ الأجلاء ينصره الله على كل مستبد,normal,Tunisia
1693,القمة ترفض عودة النازحين,normal,Iraq
1694,لا وطن بحاجة لنا ولا حاجة لنا لوطن,normal,Modern Standard Arabic
1695,لاء يا رفيقة هيدا من هو الطبّات يلي بيلزقو عالحيط,normal,Lebanon
1696,نسيت شكرا قطر ؟ طول عمرك بتاكل وبتنكر مثل أسيادك,normal,Jordan
1697,لا تكره شيء لعله خير,normal,Oman
1698,خلص يلا عمول متل وليد المعلم وامحيها عن الخريطة هههههههههه,normal,Syria
1699,معجزة إنه كلنا تربينا هيك بالكندرة وبالآخر طلعنا ثورة,normal,Jordan
1700,هو وهابو نفسو مش فهمان على حالو كيف بدك الناس تفهم عليه هيدا الأنسان بدو يعبي وقتو من ال,normal,Lebanon
1701,من يستحقها ، الاقوى في بيئته اعتقد واجزم أن جبران باسيل سيكون الاقوى من ناحية التمثيل النيابي,normal,Saudi Arabia
1702,ما هذا يادكتور علي خطأ قد يصفه البعض بغير المغتفر لانه في موقع من المسئولي,normal,Yemen
1703,بفرح بس شوف عدد من النوّاب و الصحافيين مقهورين من الوزير جبران باسيل بصيرو يصرحو و يحكو حكي فاضي,normal,Jordan
1704,انا مش عربية انا فينيقية لا يا شطورة إنتي حمارة,abusive,Egypt
1705,عمبتقول راتبك الشهري لجمعياة الخيريه طيب لتصير ناءب بلاول بس بطمنك مرح تشوف النيابي,normal,Lebanon
1706,هي واقفه على عماد عثمان فقط اذا دققنا بوضع البلد نجد أن وضعه انهار وسقط من اسقطه لا أحد من نهبه لا أ,normal,Sudan
1707,هههه ليك مين عم يحكي العاهرة عندما تحاضر بالعفة,abusive,Syria
1708,في كم وزير يمكن مش كذابين بس شكل وجُّن ونبرة صوتُن ما بيوحولك إلا بالكذب، خِلقة,normal,Jordan
1709,أنا بوصلو عنك ماتعتلي هم يلا وئامو هههههههههههههههههههههههههههههههههههههههههههههه,normal,Lebanon
1710,كول هوا عقبالك لما تجيك صرمايي بخلقتك,abusive,Iraq
1711,كيف وجدتم مقابلة الوزير جبران باسيل على قناة ال ؟,normal,Modern Standard Arabic
1712,عنجد عم تحكي وانت شو مفروض يكون مصيرك ؟,normal,Syria
1713,حمير والله حمير ما قبلانين يصدقوا انهن حمير,hate,Libya
1714,وديعة بفواءد عالية لمص ما تبقى من دماء الشعب خليل الكافر في رواية النبي جبران هدم عرش الطغاة,normal,Lebanon
1715,بنقول يلعن روحك يا بشار بتطلع لنا عاهات بتقول لك ادعو لولي الأمر ولا تكن فحّاشا، أي يلعن روحك يا بشار على روح أبوك على,abusive,Saudi Arabia
1716,يخليلنا ياك يا رب,normal,Morocco
1717,ساعة بتقول حرامي وساعة بتقول مفلس وأفلس شركات والده ، يا فهيم لي كان ماسك شركات والده قبل الاغتيال هوي الشيخ سعد ،ومين حضرتك لتقرر ومع مين ، ما مبارح كنت عم تسب الشيخ نعيم من شان الانتخابات ، يا زلمة مختار ما طلعلك وجاي عم تقرر ب لحدا انت,normal,Lebanon
1718,عم أساس انت مهندس,normal,Syria
1719,هل تعلم أن جبران باسيل لا يوافقق الرأي عن وجود إسرائيل,normal,Modern Standard Arabic
1720,وان النصر لقريب,normal,Tunisia
1721,جبران باسيل فاشل بالسياسة صبي مغرور يدعي انه ذكي لايفكر بما يقول مستواه وتصرفاتهفضيحة بحق لبنان,normal,Iraq
1722,بس امت حاقد على جبران باسيل روح صفي حسابك بينك وبينوا وإذا عندك وقائق برزها للراي العام لتحترمك الناس وإذا,normal,Syria
1723,نحتاج الى حكومه جديده والقديم يروح يتقاعد لان الشعب شحد من وراهم وفلسو البلد,normal,Iraq
1724,مافي احلى من الضحك,normal,Qatar
1725,لغويًّا وقف التضليل حضرة رئيس حزب التوحيد العربي على أساس,normal,Saudi Arabia
1726,وكل مين بدو يشد على مشدو,normal,Jordan
1727,ما هم إلا عبيد مأمورين لسيدهم الاميركي والصهيوني ولكن خسئوا تحطمت مؤامرتهم على أسوار دمشق المنيعة تحت ا,normal,Modern Standard Arabic
1728,باسيل بحث ونظرائه العرب عودة سوريا إلى الجامعة العربية,normal,Syria
1729,لا جدوى من السدود، ودراسات عدة اثبتت من سنوات ان السدود مضرّة وخسارة مالية فادحة ومع هذا تباهى وزير الخارجية والنائب,normal,Saudi Arabia
1730,طز فيك و باللقاء تبعكن لقاء الأوباش و قطاع الطرق إن دعوت شيخ عقل الإقطاع الارسلاني هو تدخل بشؤون طائفة الم,abusive,Lebanon
1731,طبعاً لايجوز ولكن لايجوز ايضاً للشام ان يقودها ابن ديوس ديوووس الشام وهدهده,abusive,Yemen
1732,اتمنى على حدا ماالو علاقة بالاجرام وموت الضمير بس هادا وليد مجرم وقاتل بتتمنى عليه,abusive,Jordan
1733,يا معالي الوزير، الوضع نفسه لما تهلل للشقيقة سوريا وتعادي كل العرب مصيبتنا انو كل فريق بهلل للخارج، ال,normal,Jordan
1734,مضيفا نحن بزماننا ما كان عنا غير مجنقات بخارية قال بدهن الكترونية قال حاج اكل خرا,abusive,Lebanon
1735,هوى من يحق له ان يتكلم وامثالكم الخانعين في احظان الغرب والصهاينة ان تخرسو,abusive,Yemen
1736,هذا اخذ جائزة حمار القرن الحادي والعشرين,abusive,Iraq
1737,وهاب يشكر الرئيس عون,normal,Tunisia
1738,ما عمنفهم خلص اخدتو قرار تعزلو لبنان نهائي ؟ مافي شي عاجبكن يا بتلعبوني عدلالي يا بطل بدي العب ، عيب لي عم,normal,Lebanon
1739,أووووووف السيد حسن يثبت صدق علاقته مع جبران باسيل بويكيليكس يلي خاطبوا أميركا بالعلن وبالسر خطاب آخر,normal,Syria
1740,يجب الدعاء لنزول النيزك ومن بعدها ظهور شعب جديد,normal,Iraq
1741,يجعل آخرتنا على ايد مبرمج ابن حلال و بخاف الله,normal,Lebanon
1742,منك عارف انو كل يلي بتمدحون بيضحكو بيتمسخرو عليك,normal,Palestine
1743,التيار العوني كتير وزرا من عندهن عمبيغلطوا واهمهن الوزير جبران باسيل يتصرف وكان كل لبنان تحت امر جماعة الممانعة والمنا,normal,Lebanon
1744,ما لقيت جريدة موضوعية غير جريدة الاخبار؟؟,normal,Jordan
1745,أنت أكيد تقصد شيخ البلاط الجنبلاطي بكلامك,normal,Libya
1746,يعني هيدا الشي يلي إسموا جبران باسيل، لو عمل شغلة وحدة منيحة بحقّ الوطن، من قصة الكهربا، للباسبور اللبناني، لو عمل حا,normal,Lebanon
1747,لا دولة دون محاسبة الفاسدين,normal,Modern Standard Arabic
1748,كبيرررر يا وهاب,normal,Tunisia
1749,يلعن قطر وحكام قطر لان من لعنهم لعن اسرائيل,hate,Qatar
1750,معك حق بس هودي حلفاء أسيادك يا دب,abusive,Lebanon
1751,شيعة جنوب لبنان معروفين عند اللبنانيين بالفوضوية ورفع الصوت وعندما يهزمون بالحجة الحل عندهم الفوضى,hate,Iraq
1752,لبنان هو الوردة وشعبه اريجها لبنان هو شعبه ادمون الخازن,normal,Jordan
1753,لأنكم يا استاذ حبيب انت ومن تمثل من فكر همجي ودموي لا تفهموا الا لغة الحروب والدماء والخراب انتم وثقافتك,abusive,Iraq
1754,في اوروبا والبلدان المتقدمة بعد هيك مقال واحد من اثنان بفوت ع الحبس اما الصحافي اذا كان كاذب او السياسي لانه اخذ,normal,Iraq
1755,المهندس جبران باسيل شاء من شاء وابى من ابى لأنه الاقدر على التنسيق بين الداخل والخارج بالاضافة الى الوقوف الى جانب المقاومة,normal,Oman
1756,هذا لقاء المعروفيين الأصلاء بارك الله جمعكم للخير والصالح العام,normal,Tunisia
1757,الوزير جبران باسيل للمرّة الثانية على التوالي يقرّ بحق اسرائيل بالوجود والأمان,normal,Syria
1758,كلين للتخسيس,normal,Lebanon
1759,قلتلك اغطيني اسم الكتاب ومستعد ناقشك للصبح، يا كمل يا كول هوا,abusive,Iraq
1760,وهجرت مليون ارهابي قذر مع عائلتهم وقتلت من قتلت وبقي القذر المجرم,abusive,Iraq
1761,أيا تخبيص يا سحر؟,normal,Tunisia
1762,سوريا قلب العروبة النابض اعطة الخونة درس بالوطنية والصمود سورية المقاومة,normal,Lebanon
1763,نحتاج الى شعب بفكر جديد لينتخب مسؤولين محبين للوطن وللشعب,normal,Algeria
1764,أمير قطر يأتي بأوامر أمريكية لمهمة محددة وهي تحويل المؤتمر منصة ضد سورية والتحريض على رئيسها,normal,Modern Standard Arabic
1765,هودي يلي حكيت عنن كلن موجدين بتفكيرك وعقلق انت اول مفتن ومخرب والمأجور بس وضح اكتر للقطري حيناديلك,abusive,Lebanon
1766,كلكم من فصيلة الكلاب الخونة المرتزقة لا استثني منكم احد لبنان بحاجة لانتفاضة اذا أراد الخلاص من فسادكم وعهركم,hate,Oman
1767,مياومو الإعلام اللي شالوا كل مشاكل البلد تيركزوا على جبران باسيل,normal,Egypt
1768,لك كراي عليهن العفو منك من هون لعندن,abusive,Syria
1769,اثار وصف وزير الخارجية والمغتربين في حكومة تصريف الاعمال جبران باسيل زيارة الأمير القطري بخرق الحصار حفيظ,normal,Jordan
1770,خلصت القمة وصار وقت الحكي,normal,Syria
1771,أمّا علاقتنا مع جبران باسيل فهناك صداقة بيننا وإحترام و,normal,Modern Standard Arabic
1772,كلماتك ما بطًمن، الله يحمي اللواء عثمان و يرحم وسام الحسن القتله بعدن خارج السجن,normal,Libya
1773,كلنا معك معالي الوزير الملك جبران باسيل,normal,Lebanon
1774,لا أنت ولا عتمان ولا كلاس ولا ارسلان ولا جنبلاط ولا بري ولا الحريري ولا باسيل جعجع فرنجيه الجميل عون جر,normal,Lebanon
1775,كنت بتفضل نهلل للسعودية لو أعطتنا الوديعة ؟؟؟,normal,Jordan
1776,ويقول انه ابو كل السنة في لبنان,normal,Saudi Arabia
1777,كركوز,abusive,Tunisia
1778,جبران باسيل ساجعل المسيحيين في يوم ما ينسون زعامة كميل شمعون و تجربة بشير جميل,normal,Modern Standard Arabic
1779,والله ما فهم لقطر غيرك يا معالي الوزير تقبل حبي وتقديري,normal,Oman
1780,سمعت بك صباب القهوه عند وليد بيك وماصدقت لكن لان بدون شك صادق,normal,Libya
1781,كلنا ثقة فيك ايها القائد,normal,Saudi Arabia
1782,وشو خص اهل السنة يا وكلكن صرتو وطنية و ما تاكل ماكدونالد و و بيبسي وكوكا كولا ونستلة وميسي ورونالدو وكلو يهودي وبيدعم اسرائيل ومين بصنف التاني اذا وطني او عميل ، الخيانة والعمالة بتكون بس الواحد بفضل مصلحة بلد تاني ع بلدو وبي,normal,Syria
1783,وهاب الإستفراد بالتعيينات ومرحلة إلغائنا إنتهيا,normal,Lebanon
1784,لكل يلي عم بزايدوا على جبران باسيل سنة التزم لبنان بمبادرة السلام العربية التي انطلقت من قمة بيروت ويلي قامت على مبدأ,normal,Syria
1785,قل كلمتك وامشي ولايهمك كلام الحاقدين والمتزلفين كن مع الحق ولاتبالي,normal,Morocco
1786,اذا اسرائيل بدها تحافظ على امنها، و هيدا حقها، لازم تبطل تعتدي على الدول الأخرى,normal,Lebanon
1787,بحبك يا زعيم,normal,Lebanon
1788,ادام الله ضحكتك,normal,Yemen
1789,نسيتوا اسرائيل والعدو الغاشم عههههههعهخخهخحجحخخمننه,normal,Iraq
1790,كلنا صوت الحق كلنا صوت القائد وئام وهاب,normal,Tunisia
1791,يا معالي الوزير أتمنى أن يحاكم الظالم وإعطاء الحق للمظلوم ولكن تبقى أمنية، لأن ما تبقى لنا في هذا الوطن,normal,Modern Standard Arabic
1792,و شراميط الاعلام,abusive,Libya
1793,يسعد صباحك يا قائد,normal,Yemen
1794,برّي يقعد بالبيت و تبطل حركة أمل ميليشياو,normal,Libya
1795,وئام وهاب كلب جعاري تعريف الكلب الجعاري كلب مشتية علي الدني بعوي وما بعض بتشبقو صرماية ع خلقتو بسير ينوي متل البسين,abusive,Lebanon
1796,وانا اتمنى يا وهاب الكلب عدم توجيه كلامك الى معلمك وليد بيك الأنو الكلاب لي متلك ما بتح,abusive,Sudan
1797,ملاحظة صغيرة اذا سمحتي مرمورة,normal,Algeria
1798,بس الفرق إنه الوزير الملك جبران باسيل ما بيستذكر إلا العمل الصالح لمصلحة الوطن والمواطن والحمدلله ما,normal,Jordan
1799,وانت الصادق اسما المخ طارة يا كوكو نارة بدي عزبك شي فحمتين,normal,Lebanon
1800,العمى طلع معين المرعبي مش عارف انه الشيخ سعد منسق التفاصيل مع جبران باسيل بموضوع النازحين وسوريا,normal,Jordan
1801,جبران باسيل رئيس اكبر حزب مسيحي يا ريت باقي القيادات بتشتغل قد ربع شغلو انتبه ما تغلط انت وغيرك,normal,Syria
1802,خراس يا خنزير,abusive,Iraq
1803,لماذا لم تسلم ال الاصلي الى الجهزة الامنية وراوغت في الموضوع لتعود وتسلمهم من العام من يضل,normal,Saudi Arabia
1804,قرطاج تحريف لاتيني ل قرط حدشت ومضيق جبل طارق بالزمانات كان مضيق حملقرت اله الشمس الكنعاني,normal,Iraq
1805,اذا عاجبينك شفافي تعا خدلك كم بزقة منن بلكي بتزورك البركة حزومي,abusive,Lebanon
1806,السيد حسن نصر الله يشكر الوزير جبران باسيل,normal,Lebanon
1807,بيت الوسط حامي الوحدة اللبنانية ، وكلكن طالبتو بعودة سيد بيت الوسط ليحمي العيش المشترك واذا في شي ملوث هيي النفوس الضعيفة يلي ما تتقبل وجود رئيس حكومة معتدل وقوي ويلي يستقبل بكل دول العالم على انو الرقم واحد بلبنان,normal,Lebanon
1808,من يومهن الشيعة كيوت و اوبن مايندد,normal,Lebanon
1809,طلعت بالأخير سوريا مشاركة بالقمة العربية في بيروت عن طريق وزير خارجيتها جبران باسيل اللذي عرف عنه رغبته بوضع لوحة جلاء الجيش ا,normal,Saudi Arabia
1810,قال لي شاعر لو أن السياسيين نساء لكن,normal,Modern Standard Arabic
1811,اوقات بحسسنا جبران باسيل انو هو اول انسان هبط على سطح القمر بدعم من العهد الجديد القوي لبنان,normal,Jordan
1812,يا حوينة الطيارين الروسيين راحوا فرق عملة,normal,Libya
1813,عن اي فاسدين ليش ما بيفصح فساد حلفائه او مسمحلون,normal,Lebanon
1814,احكي مع الرئيس ولا ما بتسترجي بس شاطر تهاجم الرئيس سعد رفيق الحريري,normal,Palestine
1815,احلا رواق,normal,Palestine
1816,ست رواند هذا دليل على أن الوزير جبران باسيل لا يُشكل الحكومة,normal,Iraq
1817,كيف بتنزهوها من دون دليل؟ او خلص اذا الحليف اشتراها منغض النظر ؟,normal,Lebanon
1818,بس فعلياً صرت وليد المعلّم مؤخراً,normal,Lebanon
1819,اعتبر وزير الخارجية اللبناني جبران باسيل، أن أمير قطر تميم بن حمد آل ثاني، كسر الحصار المفروض على قطر ، بالمشاركة في ا,normal,Modern Standard Arabic
1820,سماحة السيد نحن بامرك بس جبران باسيل دمو تقيل,normal,Lebanon
1821,لم يسرق المال العام يوماً مثل معلمكم وديعة روتشلد,normal,Oman
1822,اخخخخ يا استاذ نديم معظم الردود عم تحصر الموضوع بالبيان الذي صدر عن معين المرعبي بخصوص عدم وجود سياسة عامة للدو,normal,Syria
1823,عزيزي جبران باسيل بدك تعرف كتييير منيح انو مش شغلتنا نحفظ امن اسرائيل يلي ما منعترف ولن نعترف ب وجودها ابدا,normal,Palestine
1824,هل تتذكر بنك المدينه يا حرامي,abusive,Sudan
1825,للأعلى يا رب والله يطول عمرك رئيسسنا,normal,Morocco
1826,يا ترى من من النظام العربية التي ستساعد الدول المنكوبة على إستعادة عافيتها مو حكام العرب كلهم خونه,normal,Libya
1827,في اليوم عندما جلّس موقفه و اصبح يفكر كإنسان معظمهم قالو عنه انه من مدرسة كمال جنبلا,normal,Sudan
1828,الطرح الجديد من معالي الوزير جبران باسيل حكومه بكون فيها وزراء من اخوانا السنه وهيك بيعطوا الوزير السابع للقاء التشا,normal,Jordan
1829,صدق انو الناس ماشية ومغمضة عينيها فعلا الفوائد سيدفعا الشعب والودائع سيصرفها القرطة نفسها يلي صرفت,normal,Saudi Arabia
1830,هل تعرف مامعنى أن تدفع دولة نص مليار دولار لدولة أخرى مترنحة إقتصادياً وكانت تستطيع أن تس,normal,Oman
1831,مات كلب في المدينة فأسترحنا من عوواه خلف ألملعون جروا فاق في ألنبح أباه,normal,Modern Standard Arabic
1832,طبال بمرتبة طرطور عند ابن انيسه مخلوف,abusive,Tunisia
1833,هاذا مستوا بعض لناس ما بيعرفو انو كل شريف ومحب مكروه من رعاة لقطعان و ملوك لفساد,normal,Palestine
1834,لا والله الوطن بحاجه لا رحيل كل هالسياسيين والزعران والاقطاعيين ساعتها بيظبط,normal,Oman
1835,إنتا كول هوا وما خصك بسوريا انت خلص بالسترات با واطي,abusive,Lebanon
1836,جبران باسيل قال ان لبنان سيلعب دور رئيسا في اعادة الاعمار في الدول العربية عندما يخرج رأسه من زبالة بيروت يستطيع ان يتح,normal,Modern Standard Arabic
1837,شو وقفت عا هيذي مش فهمانا,normal,Palestine
1838,وكأنك تطلب حماية وليد بك يا جاهل حنجيبك,abusive,Libya
1839,استقبل رئيس الحكومة المكلف سعد الحريري في بيت الوسط وزير الخارجية والمغتربين جبران باسيل,normal,Oman
1840,قرعة متي و حبتين,normal,Sudan
1841,ابو ريدا ،عيب عليك تقول دويله قطر ،وانت من دويله او قضاء لبنان,normal,Yemen
1842,يا حرام يا مارك نزلو فيه,normal,Libya
1843,انت حمار ولا بستحمر يا أستاذ زلوم,abusive,Jordan
1844,كول هوا لك ياغبي,abusive,Iraq
1845,شو بدا تنفع الماشطة مع الوج الكشن,normal,Lebanon
1846,هيدا قاهرقم,normal,Lebanon
1847,نحن لكا بالمرصاد الجبل قمه من النضال وانتا غريب عنا انت مرتزقه لايران الدروز احرار ان جهلت التاريخ يا عبد علي المملوك,abusive,Yemen
1848,على الجرح جبتلن هيي,normal,Lebanon
1849,إنه مجرم من أتبع شخ سعد وتلطخت يداه بالدم,abusive,Sudan
1850,ظاهر منك عم تشوف الى الشيخ سعد الله يحمي,normal,Syria
1851,يا كبير ماعم نشوفك عم تجيب سيرة السعودية والامارات,normal,Syria
1852,أنس أزرق عادي يعمل إنترفيو مع معراج أورال بس بينطعج لمّا حدا يكتب كم بوست فيسبوك متضامن مع ضرار خطاب,normal,Lebanon
1853,شو هالحمار من وين جاي,abusive,Lebanon
1854,الله لا يوفقوا,normal,Tunisia
1855,احترم نفسك,normal,Yemen
1856,شو يا استاذ وئام ريح تضرب كف مابدك تبطل عادتك ضرب الوجه شو آخذك عسفارة قبل ما تروح,normal,Syria
1857,يا رجل روح العب باصابع رجليك عسى ان تستلذ فيهم بدل ما كل يوم تعمل كأنك النبي كيكي روح اتطلع بلمراية ان,normal,Oman
1858,شو بدك بأسمي أحترمي حالك وأحترمي ديننا الشريف وتوقفي عن الكذب وقلب الحقائق والتغطيه على من نكث بد,normal,Iraq
1859,يستاهل,normal,Tunisia
1860,ومين بدو يكب فتن ويتشدق على التلفزيونات,normal,Syria
1861,ميل ياغزيل ويا غزيل ميل حكيم زمانك هههه يا وئام,normal,Lebanon
1862,هذا شيخ البلاط الجنبلاطي يسخّر ضميره ويكذب على ديننا ويقوم بالتغطيه على زنديق ناكث لديننا ، كفى قلب,abusive,Iraq
1863,مش جبران باسيل فرض حاله يا اغلى من الغالي الرئيس هيك بدو وكانت ثقته بمحلها وبخصوص الر,normal,Lebanon
1864,انت شخص تافه لدرجة واطية جداً ، أنا بحطك علي مستوا صرصور يا قطوش,abusive,Libya
1865,وهلق شو هلق صار ضروري يسمع ويعرف جبران باسيل انوا التلت المعطل ما بيشوفوا غير بالاحلام,normal,Lebanon
1866,وما زال الخرا ينهمر من ابو فلتر حتى استحت منه المراحيض العامة والمجارير,abusive,Saudi Arabia
1867,سامع يابهيمة,abusive,Egypt
1868,يقصف عمرك ما انتنك,abusive,Tunisia
1869,كوووول خرا يابن الكلب,abusive,Lebanon
1870,يا فاشل انت وجريدتك إذا بصير حرب عالمية تالتة بتحطوا عنوان ضد الحريري لي عاملكن عقدة يا معقد بكفي تنزل تعمل جولة بل السوليدير وبعرف رح تكون مغتاظ من هل المدينة الجميلة لي عملا الشهيد الحريري ولي من أغتيالوا بسبب هل المدينة,normal,Lebanon
1871,صرخة الوئام أن استفيقوا أمافي فجور السلطة والأثرياء هدهدة للشعب كي ينام نامي جياع الشعب ناميحرستك أله,normal,Tunisia
1872,عقبال تموت بالشؤسمو بطيزك متل ابوك,abusive,Lebanon
1873,ليك يا شعبان انت تعبان روح نام نومة بدون قوَمة,abusive,Sudan
1874,كيف اغض النظر عنك وانت تملك ماتملك,normal,Oman
1875,يمكن حاسبه معهون الوفيات بحوادث السير والأخطاء الطبيه والأمراض المزمنه وضحايا جرائم الشرف اظن بتزبط الحسبه,normal,Yemen
1876,أنا سأرد عليك بلهجتي كول هوا ولاك، أنت مثل الكلب الأجرب، النعال اللي تم رميه أطهر منك يا عبد الدرهم,abusive,Sudan
1877,نحتاج الى سياسيين وقادة يحكمون بعقلية الدولة ليس أكثر حتى محمود درويش ما لقطها للمسألة,normal,Tunisia
1878,إلى جبران باسيل مبارح واليوم وبكرة، إسرائيل عدو إيديولوجي,normal,Syria
1879,يحميك رب السما,normal,Morocco
1880,الجبناء امثالكم لا يستطيعون مواجهة الحقائق لأنكم زائفون وحججكم كبيوت العنكبوت خسئتم,normal,Modern Standard Arabic
1881,نجح الرئيس حسين الحُسيني بتوصيف ظاهِرة جبران باسيل,normal,Lebanon
1882,مين المجرم ؟,normal,Lebanon
1883,العهد القوي هو لبنان مش بس جبران باسيل أو ميشال عون يعني الخسارة علينا كلنا، والربح لألنا كلنا لازم نعرف انو ال,normal,Palestine
1884,سعد الحريري معروف ابا عن جد مش وتال غيرو,normal,Lebanon
1885,شو نفع برامج مسابقات الطبخ مهما كان انتاجا ضخم اذا المُشاهد ما رح يدوق؟؟,normal,Syria
1886,جبران باسيل زمن التبعية والتعطيل,normal,Sudan
1887,لطالما في مين يسوق دول الخليج فاالرحمة على الأمة العربية,normal,Libya
1888,يخلع نيعك عيلية اغبياء,abusive,Iraq
1889,صندوق الأسود عند الحرس الثوري الإيراني عم يزرع عنا ورد بنظرك,normal,Syria
1890,أنت ذكي حمار,abusive,Libya
1891,صحيفة الاخبار يا خرى هيدي تابعة للخنازير اتباع نظام بشار بدك ناخد بي كلامهم وشو بيكتبوا روح اعمل رجال و,hate,Lebanon
1892,الدعم من قبل المنظمات الدولية والعربية، للنازحين،يجب ان يكون لتحفيزهم على الرجوع، والمبدأ الذي اقر في القمة الإقتصادية، ب,normal,Oman
1893,فكرت عّم تحكي عن بيروت ، بتشوف حالك بشعر بنت خالتك ، وطنجية بلطجية,normal,Palestine
1894,من مقابلة جبران باسيل مع سيإنإن أمن إسرائيل هو حق,normal,Jordan
1895,بليز لغي المعاهدة، الهيئة وزير الخارجية جبران جرجي باسيل ما بدو ينفذ مذكرة التوقيف، ف سماع مني ولغيا ولو,normal,Lebanon
1896,عم تحكي عن الوزير جبران باسيل هاي استقبلها الحريري وأشرف ريفي سمارة طريق الجديدة,normal,Jordan
1897,لك طول عمركن بتشتموا السعودية وشيوخها وبتسبو الوهابية هلق صارو مناح ايييه الله جمع ووفق ههههههههههه,normal,Lebanon
1898,من مقابلة جبران باسيل مع سي إن إن أمن إسرائيل هو حق,normal,Modern Standard Arabic
1899,قول والله؟,normal,Tunisia
1900,كفو والله هكذا هم العرب هكذا هم الدروز هكذا هم الشرفاء قطر كل أبواب العرب مغلقه,normal,Yemen
1901,يا زلمة والله اذا بتسكر تمك بترتاح وبتريح حاجتك تحكي وتبين انك انسان ناقص عقل ورسمالك كم بيتغير اسلوبك,abusive,Syria
1902,بس يا نجس ملكش دعوه انت روح كول هوا,abusive,Iraq
1903,كب السم على اصوله من سلام الزعتري عالوزير جبران باسيل حول مقابلته مع ال منا وجر,normal,Lebanon
1904,جنون العظمة ما بينلام جبران باسيل على تصريحه بمنتدى دافوس هالقد بيعرف لما نصير نحط الرجل المناسب بالمكان المناسب منصير,normal,Syria
1905,عالم عم تموت جوع وحرق وبرد وتفجير مختلف أنواع الموت موجود ببلادنا لما حدا يفتح تمو بيقلولو خراس انت برا البلد,normal,Lebanon
1906,شكل السهرة مع وزير خارجية لبنان الكلب جبران باسيل كانت حمراء بالحيل واحتمال ارسلووو له شريط الفيديو و,abusive,Jordan
1907,لقد تم سحقهم أيها العزيز,normal,Modern Standard Arabic
1908,قريةٌ للنسوان فقط,normal,Oman
1909,كل تبن,abusive,Saudi Arabia
1910,غريب أمر هاللبنانيي كيف صايرين يتدخّلوا بأمور الوزرا ويعلموهن شغلن هني في شي مرة تدخّلوا بأموركن؟ اتركوهن ما يعرفوا يشتغلوا,normal,Syria
1911,لو عندكن ذرة اخلاق و شجاعة كنتو نشرتو المقابلة كلها مش تقطعو جملة متل يلي عم,normal,Palestine
1912,هذا كابوس له ولعنة الايتام وسب الاموات في قبورهم,normal,Yemen
1913,ع قولة اخوي ميسي كويس بس اللي حواليه عرصات,abusive,Syria
1914,بعض الإعلاميين والمحللين في السياسة ما اشطرهم بتجزئة حديث من مقابلة اذا فهمتوا بس هالكلمة أو هالجملة من مقابلته ؟,normal,Qatar
1915,ايه كول هوا,abusive,Egypt
1916,مين داعمو ؟؟؟؟ لو سمحت تعطي أسماء يا وءام,normal,Lebanon
1917,شوي شوي علينا بالتغريدات مش عم نلحق نقرا ردود المسخره عليك كلها,normal,Palestine
1918,ما عم تقصري بس اسلب فكرة عجبتني بلا ما يضلوا معذبينا بيناتن وجعونا اجرينا,normal,Syria
1919,اكيد مش فاضية بدك تكبي سم بين العالم,normal,Jordan
1920,سؤال ليش نفس الأشخاص تعليقات؟,normal,Oman
1921,العار كل العار جماعة الدجالين وئام وطلال و ناصر الدين وكل من يحالفكم ويدعمكم ، مهزلة المجتمع مهزلة,hate,Tunisia
1922,كان مجتمعنا ينقسم لاسياد و عبيد فجائت الحركة التصحيحية و حققت المساواة بين الجميع و جعلت الكل عبيد,normal,Algeria
1923,جبرا باسيل كل تغريداته بالامس كانت عن سوريا ونسي انه موجود في لبنان دافع دفاع مستميت عن نظام مجرم لدرجة ظن البعض ان جبران,normal,Yemen
1924,بيكفيكن عهر وكذب وتلفيق أخبار بحق جبران باسيل جماعة بلا اخلاق بلا شرف بلا كرامة,abusive,Syria
1925,جبران باسيل من سنة معمّر بنايات ورقم ليس للمبالغة المشروع القديم بنايات والجديد بالبترون، وأن,normal,Iraq
1926,شارك معالي وزير الخارجية والمغتربين جبران باسيل بالاجتماع المغلق الخاص بسوريا والذي ضم عددا من وزراء,normal,Oman
1927,خليك عمالك تضحك يا صرماية ، يا كريكوز الجاهلية ، ما شاطر الا انك متل جرو الكلب تعوي ، المشكلة ما عاد في,abusive,Lebanon
1928,كان الحرباي يدافع عن بشار اكتر من وهاب,abusive,Tunisia
1929,دون شك انو مستاهل الحذاء لكن انغلترا بلد الحريات لو هل تصرفات بيحميها القانون اللبناني ما كنت بتلحق عد صرامي,abusive,Lebanon
1930,يستاهل حقه وماجاه,normal,Saudi Arabia
1931,يا حضرت فيني افهم ليش بس عم تحكي ع فساد الحريري وين انت من فساد حلفائك كلون يعني كل حلفائك اكيد ما بتس,normal,Syria
1932,نريد فقط رجال لديهم من الوطنية وحس المسؤولية لاستبدال طبقة فشلت عند كل استحقاق من,normal,Iraq
1933,ليه في شي وديعة بتجي غير لتتقسم عليهم,normal,Lebanon
1934,يا الله عالأخلاص مابموتوا الا باذن من سيادتو سيدي بتسمحلي اموت حالي ياسرائيل واموت معي كام اسرائيلي,normal,Lebanon
1935,لينا مش مصلحتنا التقاتل و لو كان سلمي مش لازم خصوصي هالايام,normal,Libya
1936,يا جماعة انا كمان بشوف عبارة يلعن روحك يا حافظ مبتذلة ومسفة وتظهر عجز المعارضة المتأسلمة وارتهانها للماضي وأفضل استبدالها بعبارة خراي في قبرك يا حافظ,abusive,Jordan
1937,اكيد نحنا ما منتسعّر يا غشيم اما انتو سعركن معروف ولا ارخص من هيك,abusive,Lebanon
1938,آه يا هبيلي,abusive,Egypt
1939,المصيبة ان هذا الشخص بعثي بمذاق اخواني قطري يخرب بيتك يا عفلق على الاشكال الي تركتها,abusive,Iraq
1940,انت الإرهابي المرتزق تفووو عليك,abusive,Morocco
1941,اخ يالله وهاب قبل عملية تجميل وقت كان خذمجي لا ابو عبدو على فكرة بس اللبنانية بيعرفو مين,normal,Jordan
1942,روحي طلعي بالمراية شوفي حالك,normal,Syria
1943,لو في دولة اصلا كانوا زجوك الك بالسجن فورا,normal,Jordan
1944,هاد اكبر دليل انه الحملة مو ضدو كتركي أو مسلم وانما ضد الموقف السياسي او الرمزية السياسية للموضوع لانه بآخر ال,normal,Syria
1945,صعب كتير صراحة بس ع امل,normal,Syria
1946,ايا شي لو شحاطة،، مهم من ريحة الغالي عليهم مش ناقصنا سياستن جابولنا حدا اسمو شيخ وعملوه,normal,Libya
1947,والله والله أول تغريدة إلك من دون جبران باسيل,normal,Syria
1948,والله ماحدا بدو عرض على طبيب نفسي غيرك شكله العماد عثمان عملك حالة هستيرية,normal,Saudi Arabia
1949,إذا أرادت إسرائيل أن تضمن أمنها وهو حق عليها ان تتوقّف عن الاعتداء,normal,Oman
1950,استحوا وما عاد تدخلو المشايخ في سياسة عيب عليك وعليك وعليهم,normal,Saudi Arabia
1951,وللأسف فنهاد المشنوق واحد ممن يحكمون على اساس انه مسؤول يمثل طائفته لا وطنه فيدافع عن المرتكب والجاني و,normal,Tunisia
1952,نشرته للشهيد وسام الحسن والشهيد رفيق الحريري وترحمت عليهم لما راحوا نشرته للأمير الارسلاني وبعد مِم يوم,normal,Jordan
1953,هيدي طعم مش حبة مسك جعجع بيعرف انو ما في حكومة اذا ما كان راضي,normal,Lebanon
1954,لو في دولة يا معالي الوزير حضرتك مكانك خلف القضبان لبذاءة لسانك وإحتقارك القضاء والتمرد على القوى الشرعية,normal,Jordan
1955,نحتاج إلى شعب جديد، ولكن للاءسف ما فيش أمل,normal,Libya
1956,كيف عملتيه شيخ يا شيخة,normal,Sudan
1957,رجل المهات الصعبة جبران باسيل رفعت اسم لبنان بالعالي وفرجيت الكل قديشك وطنياذا هلق وهيك كيف بس تجي رئي,normal,Lebanon
1958,انت واقتراحك وصرماية اللواء عثمان سوا سوا,abusive,Saudi Arabia
1959,طيب كول هوا ونااااام بحب ابهدلك با ابو ملاييين تشلسي نادي تاريخي على اساس سد هل بووز,abusive,Lebanon
1960,لو في دولة كان زمانك في المجرور,abusive,Egypt
1961,والله ثم والله لايوجد لدبي مثيل في العالم الله يحفظ بوراشد ويديم عزه آمين,normal,Oman
1962,مع احترامنا لالك انو ليش نطرتو لصار خالص جميع المبنه والمسبح وطالع طوابق لهلق تذكرت تحكي,normal,Iraq
1963,زحط يا زبالة,abusive,Libya
1964,لا يمكن ان يكون هناك ضابط اكبر من الدولة,normal,Oman
1965,و عندك هيدا الخرى يللي مستعد يبيع نفسو حتى للشيطان مش بس لأمريكا,abusive,Lebanon
1966,أول حلقة من دون جملة جبران باسيل,normal,Syria
1967,يا كايدهم يا معلم وئام وهاب,normal,Tunisia
1968,قديمة ، الساعرات,normal,Tunisia
1969,والله والله بالسما ما حدا بدو طبيب نفسي غيرك انت,normal,Syria
1970,سؤال يا حضرت لو اليوم قطر فتحت سفارتها ب سوريا كنت هللت انت وغيرك وبطلت ارهابية,normal,Palestine
1971,نتيجة القمة ، نصف مليار سندات ستشتريها قطر ، مواقف مهمة من جبران باسيل ، اطمأن اليها الرئيس بري ، خصوصا لجهة مسؤولية ليب,normal,Jordan
1972,المحتال عينه عا مجد العظماء ومرة وحدة قال بشير الجميل وكميل شمعون,normal,Syria
1973,ما باءى تبخخخخ سم إذا ما عندك شي إيجابي تحكي دخيل عرضك التزم الصمت ما ناقصنا سم,normal,Lebanon
1974,ما قاله السيد نصر الله عن العلاقة مع التيار الوطني الحر وبشكل خاص مع جبران باسيل كفيل بأن يُخجل الكثير من المغردين الفتنوين و,normal,Modern Standard Arabic
1975,انشاءالله يا جبران دايماً خسران,normal,Lebanon
1976,وشو عملت للقدس انت وازلامك يا معلم,normal,Palestine
1977,شو في براسا هيدي يلي بكل صورها بارمتلنا قفاها؟,abusive,Lebanon
1978,مهما فعلت قطر لا يساوي شيىء أمام ما فعلته السعودية الارهابية,hate,Modern Standard Arabic
1979,عم يضكو علينا و بدن ينصبوا و مش عارفين كيف ليش ما عملو نقارن للقمة العربية من عشر,normal,Palestine
1980,فارس سعيد كول هوا,abusive,Iraq
1981,يوم المرأة العالمي بدأ منذ سنة عندها لم يكن هنالك سوشال ميديا ولا انترنت وقف رجل في حجة الوداع وقال استوصوا بالنساء خيرا ياحبيبي يارسول الله صلى الله عليك وسلم منقول اعجبني,normal,Yemen
1982,وين الغلط اذا قال انه ل بيوعظ بموضوع جبران باسيل و بيقبل بالتهجم عشخص الرئيس بري بكون عم يكيل ب,normal,Lebanon
1983,مياومو الإعلام إذا ما ذكروا جبران باسيل بكل أخبارن وبرامجن ما حدا بيحضرن,normal,Syria
1984,عزيزك المشنوق فاتح بسطة امام الوزارة عميعطي رخص معقيبي معاملات في النافعة,normal,Tunisia
1985,من كتر ما عميسرقوا انترنت,normal,Lebanon
1986,قام الحرس الثوري الأيراني ولليوم الثااني على التوالي بتوزيع الورود على أهالي حلب مستخدماً لهذه المهمة الفدان وئام وهاب,normal,Algeria
1987,الحمهورية حزب الله قرر إعطاء التلت الضامن ل جبران باسيل ويذكر ان الحزب لا يتجرأ على ازعاج باسيل وينفذ كل طلباته,normal,Saudi Arabia
1988,بلش بوزراءك من جبران بآسيل ونزول دمرتوا البلد اكتر من هوي مدمّر وقف تغطية السلاح الي خلا البلد,normal,Lebanon
1989,أفادت معلومات من الأمانة العامة للجامعة العربية ان وزير خارجية لبنان جبران باسيل نجح في إخراج صيغة لبيان خاص بعودة,normal,Modern Standard Arabic
1990,مش عارف الحقيقه من هو المجنون ولكن الأفضل عرضكم جميعا على مصح الأمراض العقليه,normal,Yemen
1991,هو كلب وانت كلب اكثر منه وبن زايد سيد الكلاب وزايد كبيركم,abusive,Yemen
1992,سمعتي إش قال جبران باسيل على مريكان و ترامب ؟,normal,Lebanon
1993,شوهاظ اللي بتكولو يازلمي كول خيراً او كول هوا,abusive,Lebanon
1994,اكره البرازيل بس لا تقوليلي خلاص كلشي انتهى بليز,normal,Oman
1995,الكل ينبح والقافلة تسرق,abusive,Algeria
1996,كلمتين سمعهم منيح لا انت ولا اكبر منك ولا الي بشد على مشدك بقلي كيف بدي احكي,normal,Jordan
1997,يا كلب يا إبن الكلب إنت بدك تقسم الطايفة ب صوت الجايبهون بالإنتخابات يا خنزير بدك تقسم مشيخة العقل لبيطلع بإيدك يطلع بإجرك,abusive,Lebanon
1998,اللاعب الأبرز في القمه الاقتصادية هو الوزير السوبر جبران باسيل وكان روح القمه براڤوا معالي الوزير باسيل,normal,Yemen
1999,يلعن اخت الكذب، الزامبي ليس مسلم ومباراته كانت قبل عدة ايام من اللاعب المصري الكويت نيوز لا للحقيقة نعم للهبل,abusive,Oman
2000,كل واحد فاتح عحسابو انت ما بيعجبك فلان و هداك ما بيعجبوا فلان بلد كل من مين ايدو الو,normal,Lebanon
2001,موصفات الرئيس جبران باسيل,normal,Iraq
2002,وانا بدفع الفواتير,normal,Egypt
2003,مع أنو بعدو عقلك ناقص بس حبيبتي بلبنان في ديمقراطية وأكبر دليل إنو أزلامكن و,normal,Lebanon
2004,حمار انت ومعلمك,abusive,Saudi Arabia
2005,الوزير جبران باسيل يطالب بالثلث الضامن ليس لحزبه فقط بل لاربع مكونات الا وهي التيار الوطني الحر وحزب الطاشناق وكتلة,normal,Iraq
2006,لو في دوله انت لازم تكون محبوس,normal,Libya
2007,القمة الإقتصادية العربية,normal,Egypt
2008,هل اصبح وزن الموارنة في لبنان و ايضاً تطلعاتهم و دورهم و تاريخهم و زعاماتهم في حجم جبران باسيل ؟ الذي لم يكن له اي ثق,normal,Saudi Arabia
2009,دمشق كانت وسوف تبقى عاصمة الامة,normal,Oman
2010,طبعا زبالة لمتلك ومتل جبران باسيل,abusive,Lebanon
2011,بيلبقلنا رياضة وصرماية اجلكُن,normal,Lebanon
2012,للأمانة ينتابني شعور بالتقيىء والقرف عندما يأتي أسمكم على مخيلتي معالي الوزير خصوصا عندما استذكر اللغة,abusive,Modern Standard Arabic
2013,أريد خطاب واحد للقوات اللبنانية تقول فيه ان الحريرية سياسية كانت خطأ تجاه لبنان وماليته، وخطاب واحد عن فساد نبيه وحركة ا,normal,Modern Standard Arabic
2014,يعني شايفين حالكم فيين؟ شي ويرقص و شي بغني و شي بينهبل و بلد رحيزبط على بديت مهضومين اشتغلو,normal,Lebanon
2015,السيد الرئيس اردوغان يتنفس الصعداء,normal,Modern Standard Arabic
2016,انو انتي عم تعملي جو تأكدي يا اعلامية مين ورا هيدا الاعلان الممول ورجعي علقي بس عندك عقدة السعودية وعقدة طائفية,normal,Lebanon
2017,نعتز بمن يحارب الفساد علنا نصل الى اعتماد مبدئ الكفاءه في كل وظاءف الدوله,normal,Yemen
2018,كول هوا ولاتضل تحاول تسرق الحساب,abusive,Iraq
2019,أسعد الله صباحك أستاذ وئام أنت صاحب المواقف والكلمة الجريئة ونسر الجبل,normal,Syria
2020,شو قصتو عم بصير معو عثمان فوبيا,normal,Syria
2021,جبران باسيل طوالة لسان على لاش,normal,Tunisia
2022,انفخوا عل القليلة ما اغتالوا كمال جنبلاط والمفتي حسن خالد ورينيه معوض ورفيق الحريري بدك كفي,normal,Syria
2023,الله يحرقهم جميعا ما عدا هل كم واحد الشغالين ع المحطة و بس يخلص المونديال ينحرقوا و تنحرق المحطة و يصبح الجميع سعداء,hate,Syria
2024,لقاء بشار الاسد مضر بالصحة,normal,Modern Standard Arabic
2025,جبران باسيل رجل سياسي فيك تتفق معه وفيك تختلف معه,normal,Syria
2026,الله على سئالتك يا جبران باسيل يا جرصة العرب,abusive,Lebanon
2027,مع بشير الجميل بس كل يوم وكل ساعة مع جبران باسيل منّو ضيوفك صار لازملهم,normal,Syria
2028,كووول خرا يا اجدب مين شايفك يا فار من العدالة يامجرم,abusive,Egypt
2029,لا أحد يواجه العرب غير أسيادك في طهران و الشام,normal,Saudi Arabia
2030,يجب التحرك عل فوركفى تعدي على حقوق الناس شبعنا,normal,Tunisia
2031,اوقفت القوى الأمنية الناس على بعد حوالي كيلومترا من المطار بسبب مرور الوفود العربية الى القمة الفاشلة، تخيلوا عجوزا,normal,Saudi Arabia
2032,وانا معكم انه هذا الميثاق والنظام الخالي اللي خلا جبران باسيل يوقف توظيف,normal,Yemen
2033,من زين ملفّك عاد لا تختلف عنه إلا بالصفة فقط فهو اأمير وأنت مرتزق وكلاكما كشهاب الدين وأخيه,abusive,Oman
2034,وحياة عشك,abusive,Tunisia
2035,وصار تكتب شعر يا هتيلة,abusive,Syria
2036,هي بتنطبق عليك وزير الصدفه,normal,Yemen
2037,كمية الحقد الي عندكن بترضعوها بحليب امهاتكم ضد الحركة,normal,Jordan
2038,ما في لزوم تكون مناصر للوزير بس كمواطن ما بتحب جبران باسيل,normal,Syria
2039,عجبَكْ هيك استاذ وئام فهمنا انّه الولد العاطل بيجيب لأهله المسبّة بس كتير هيك قلّلوا تهذيب معك يلّلا,normal,Syria
2040,مشكلتك مع يلي ما بيرشيك اما الفاسدين من جماعتك فما بتسترجي تجيب سيرتهن,normal,Libya
2041,هيدي الوحيدة يللي بترد يا لأن ما عندن غيرها، يا معودة عالبهدلة والحكي الوسخ، هيدا مزاج هيي هيك بتحب,abusive,Lebanon
2042,انت تطلب من السوريين العودة الى لبنان هل تريد ان اقبل بهذا؟ انت تتكلم بالصراخ وانا اريد عقل وفكر اسمعه,normal,Iraq
2043,الفاسد مش خائن,normal,Egypt
2044,وانت شو دحشك خليك بقضية الخاشقجي وما تتدخل بشي أكبر منك وصعب عقلك يستوعبو,normal,Syria
2045,فيكن تتفلسفوا لتشبعوا,normal,Syria
2046,على نهر الجاهلية,normal,Tunisia
2047,سياسيين جداد مش شعب،الشعب قلبو معتّر و درويش،شعب من طيبتوا السياسيين الاوغاد استغلوها،شعب لي مرق عليه من حروب و,normal,Tunisia
2048,والله ما دمر سوريا غيركو يا بقر,hate,Lebanon
2049,يجب محاسبة كل من زرع الفتن وتاجر بالدين وسيحاسب المسلمين كل من يشوه سمعة الإسلام بتصرفاته المشينة,normal,Modern Standard Arabic
2050,ما عم تنباع معكن الجريدة لحقّوا حالكن واكتبوا اكاذيب عن جبران باسيل بركي بتسترزقوا بكم عدد فلّستوا,normal,Syria
2051,خوش اميديد,normal,Iraq
2052,عوّي بعد عوّي,abusive,Oman
2053,يا بيك عّم تخبرنا عن شي ما فينا تعملو نحن ماًعندنا نواب ولا وزراء بمثلونا بالدولة الا اذا زهقان وعبالك ليك,normal,Lebanon
2054,كلنا معك معالي الوزير الملك جبران باسيل,normal,Lebanon
2055,ياخي خرى نص الصحفيين يلي كاتبين مقالات وبدهن يعملوا موضوعيين إما ما مدورين عن الموضوع وعرفانين خلفيته فياكلوا خرى بيكون أحسن أو متقصدين يكتبوا هيك مشان أجناداتهن وكمان أحسن ياكلوا خرى بتحسه جهاد وانت بتفهم الناس شو مسوي وبيسوي الأسد,abusive,Syria
2056,المشكلة انو اذا مع اللواء عباس ابراهيم ما زبطت لمين منلجأ,normal,Jordan
2057,خلص خراس,abusive,Lebanon
2058,انت زاربينك بمزرعه مبتعرف شي براتها كل ميخلص الشعير عندك بخبروك جملتين تصرحهم حتى يكبولك يرجعو شعير,abusive,Iraq
2059,واللله الخراب من ملككم السادس الي خلى بنات المغرب متعة للقطريين وغيرهم,hate,Oman
2060,عم يقطع ويشلح حكي من دبي وهو للاسف مطلوب للمحكمة وقدر يسافر هاجم أمير قطر وآتَاه المدي,normal,Syria
2061,مان كول هوا,abusive,Iraq
2062,انجاز واحد يقابله مءة فشل و قد يكون تغطية على شيء ما,normal,Saudi Arabia
2063,خلص كول تبن,abusive,Iraq
2064,ناقصكن نحول,normal,Syria
2065,اكبر بلاء على لبنان ثلاث اشخاص هم ميشال عون وطمعه بالرآسة وشجع صهره المعجزة جبران باسيل وضعف سعد الحريري و,normal,Saudi Arabia
2066,فرجونا وجه أمير قطر قاعد على كرسي أوطى من كرسي جبران باسيل بعد ما باسولو طيزو ليجي,abusive,Lebanon
2067,يبدو أن صابر، نائب رئيس التيار الوطني الحر، نسي رفض التيار سابقاً توزير نائب وبالتالي جبران باسيل لن يكون وزير خارجية في,normal,Sudan
2068,لو في دولة لازم انت يا كلب ما تطلع من السجن,abusive,Palestine
2069,مش محبةً بقطر او بالعهد بس عنجد وحياتك ما حدا قاريك ارفتنا يا زلمي و عم تحكي كأنك بريئ و انت متلك متلون,abusive,Lebanon
2070,وانا من كتار بقترح وبطالب يعرضوك عا طبيب بيطري,abusive,Syria
2071,ما في دم،نوايانا واضحة بس في نوايا مش نظيفة عم تحط مكونات درزية راس حربة بلعبتها ضد مرجعيا,normal,Palestine
2072,بس حاب احكيلك كول هوا و انتهى النقاش بنسبة الي,abusive,Jordan
2073,حماك الله يا زعيم كلامك صح,normal,Yemen
2074,ابو البيش مو مضطر يوافق طالما ممكن يبقى رئيس بصلاحيات شبه كاملة؛ستين عمرا البلد تعمرت و لا ما تعمرت؛المهم سيادتو مبسوط و عم يضرب سمك,normal,Syria
2075,لم يكن خطاب الوزير جبران باسيل في إفتتاح القمة الإقتصادية بمستوى تطلعات اللبنانيين فبدل أن يركز لإطلاع الوفود على ما يع,normal,Modern Standard Arabic
2076,قدّملك شي ملف للقضاء وفرجينا متابعتك إلو قد ما سبيناهن ما بيجيب نتيجة,normal,Lebanon
2077,قصدو الاوباش لي بيشبهو رجا الزهيري ولي ع شاكلتو ، إذا بعد ما عمل نائب معو مسلحين بيفتحو جبهة وسكروا الطريق لينزل حضرتو واطلقوا النار ع العالم فكيف ليعمل نائب ، وإذا عم تحكي من منطلق طائفي بدعي كل سني وبش حسب تعبيرك ما يصوت لمعاليك بقضاء الشو,hate,Syria
2078,من بعد حماري ما ينبت حشيش,normal,Iraq
2079,مين قال جريدة الاخبار هههههننن,normal,Jordan
2080,بغض النظر عن صحّة ترجمة تصريح جبران باسيل لل ، الحق في زوال اسرائيل وليس في أمنها,normal,Oman
2081,جبران باسيل بدو يعلم أمريكا ولندن كيف تدير بلد من دون ميزانية ، ونحن آخر انتاج عنا كان بسكوتة الدبكة,normal,Syria
2082,قدم دعوه بيلي عم تحكيه ان كنت صادقا انتظر لاسمع اخبار جيدة,normal,Syria
2083,اجا غصبن عن أنوفكم واستقبلتوه,normal,Iraq
2084,أيا تخبيص يا سحر؟,normal,Tunisia
2085,داعم للإرهاب في كل مكان ليس لبنان فقط وحضر لبنان ليس حباً ولكن نكاية في الذين لم يشاركوا,normal,Oman
2086,هدول صنف معين من البشر ما بيقدر ياخد موقف من جريمة الا اذا عرف مين عملها وحسب المجرم بكون الموقف,normal,Jordan
2087,شو تقبرني؟ مكبرينلك الدفعة الإماراتية؟ بلي تسترك ستر بهل بغل,abusive,Algeria
2088,ايه وشو دخل هاد الكلا ببيت الاسد هاد الكلام كله قبل مايحتلوها اسيادك النصيرين,hate,Jordan
2089,لا ينقص بيروت قمامة حتى تأتيها قمامة قطر,abusive,Oman
2090,مرة مرتو لزكربرغ حبّت تمزح معو، خبّتلو ال تيشرت الرمادية,normal,Tunisia
2091,عندما يكون المنصب أكبر من المسؤول,normal,Modern Standard Arabic
2092,كنا نتمنى أن تأتي هذه الصحوة قبل تدمير البلاد العربية الشقيقة وقتل مواطنيها وتهجيرهم,normal,Modern Standard Arabic
2093,وهّاب تحية للرئيس عون على خطوته الجريئة,normal,Sudan
2094,السوري عدوك اعرف عدوك الي معاني وزير الخارجيه جبران باسيل نتذكر سويا ماذا فعل الجيش السوري في لبنان,normal,Modern Standard Arabic
2095,ما بني على باطل هو باطل يا استاذ الفانون يمنع على الدولة ان تكون تاجر باكثر من الشركات يتم بيع الناس سا,normal,Iraq
2096,خليه عم ينبح الرئيس سعد الحريري مطنشو,abusive,Syria
2097,ويبقى جبران باسيل كابوس السياسيين والإعلاميين,normal,Syria
2098,بالله عليك يا روح طم اسرائيل بالبحر حتى روح ساعدك,normal,Syria
2099,يا الهي ع الهبل طب ما قبل الكنعانيين كان في الحثيين والعموريين الخ الخ,normal,Iraq
2100,هل تعلم ان جبران باسيل لا يعلم,normal,Saudi Arabia
2101,وزير الخارجية اللبناني جبران باسيل دام ظله,normal,Yemen
2102,وأعتذارك من المملكة مش حق كمان ساعة بتقولي مملكة المنشار وساعة بول البعير من عدا التحقير والقدح والذم فيكي تنتقدي الحكم بس ما فيكي تشملي الشعب السعودي أيتها الأعلامية المقاومة القصة قصة طائفية ونحنا اللبنانيين مفكرين حالنا بنفهم كتير طلعي ح,normal,Lebanon
2103,هي ميمونة مؤدبة بس انا مش مؤدب، دراسته العلمية يبرمها ويحطها في طيزه,abusive,Libya
2104,أصلا جبران عندو طيارة وعندو قصر بأوروبا ومحيط الهادىء الى اسهم فيه وتم اكتشاف كوكب جديد مثل زحل وجوبيتير تم شرائه ك,normal,Jordan
2105,لقاء خلدة قادر ان يسمي شيخ فتنة او شيخ تحريض او اي شيخ إلا العقل فاقد الشيء لا يعطيه,normal,Tunisia
2106,مو ذكي ورئيسك عجبك أو لم يعجبك ، والمسخرة هيي لما تشوفي حزب واحد ألو رئيس ويا دوب بتجيبو نائب,normal,Lebanon
2107,اتحفنا يا فلته زمانك ما هو الانجاز,normal,Yemen
2108,نشكر معالي الوزير جبران باسيل ع اختيارو مجال السياسية لانو لولا وجوده كان في كتير اعلاميين مجبورين يقعدوا بالبيت قبل,normal,Syria
2109,بالنسبة الك بدك حبل واسطبل,abusive,Jordan
2110,اللي عنده كلبة يبي يزوجها للكلب ذا يرسلي عالخاص,abusive,Saudi Arabia
2111,متل واحد طايف القبو تبعه وجايين جيرانه يشفطوا المي حتى ما تطوف بيوتهم ويجي واحد يصرخ لك يا حمار هدول ما عم يشفطوا لسواد عيونك,normal,Syria
2112,معك حق بالنسبة للإنتماء الطائفي في لبنان لكن هذا لا يعني أنه لا يوجد ديمقراط,normal,Modern Standard Arabic
2113,جبران باسيل بيستشير امريكا بخصوص حضور سوريا القمة العربية وحلفاء باسيل بقولوا امريكا عم تحارب القمة كلهم ملاعين,normal,Syria
2114,يجعلهم بالحرق لسة ما نشف دمنا من زناختهم بلا مؤاخذة,abusive,Sudan
2115,الأكثر حضوراً على المسرح يكون الطبال اسم الله حولك حضورك دائم ومستمر طبال بحجم طرطور,abusive,Oman
2116,وان أتى الصبر بال ز مش بال ص ، فماذا تفعل؟,abusive,Modern Standard Arabic
2117,جبران باسيل حبيب القلب,normal,Lebanon
2118,لعنة الله عليك يا وئام وهاب الله يذللك لأنك انسان مفتري و كذاب ما طالع بادك شي الا تعوي,abusive,Sudan
2119,بس كان جبران وحزبو عم بقاتلوا الوجود السوري بلبنان، كنتو انتو طالعين نازلين,normal,Syria
2120,مش ألك ولا ألي هودي ألن صفقة بيتقسموها حرام هالشعب شو موهوم,normal,Lebanon
2121,معالي الوزير علاء الخواجى مثله كمثل رفيق الحريري عندما كان في السعودية يدير اتفاق الطائف حتى يستفرد به,normal,Modern Standard Arabic
2122,يوما ما وقريب جدا سنراك في السجن شبيح سوري لا قيمة لك,abusive,Modern Standard Arabic
2123,يا عمي انا مستعدة وصلو ع حسابي بس يحل عننا,normal,Syria
2124,عماد عثمان الخواجا سعد راح يجيبولك جلطة ارحم روحك,normal,Iraq
2125,مما يعني انه كان أيضا,normal,Modern Standard Arabic
2126,متى كان وهاب وطنى، فلا يزيد على انه احد أحذية نصر الشيطان في لبنان فلا تجعل منه وطنى لانه هاجم,abusive,Saudi Arabia
2127,قطر حضرت على الأقل نقطة لصالحها لماذا لم يحضر الآخرون؟,normal,Modern Standard Arabic
2128,نعم إن منعها هو خوفاً من أن يورط صغار القوم كبارهم,normal,Modern Standard Arabic
2129,وين مصريات المستشفى يا طبل فينا نعرف حنجيبك,abusive,Libya
2130,كول هوا يا كلب يا فلسطيني اشرف من عائلتك الجربانه يا لقيط,abusive,Iraq
2131,كل اتباعك أُميين يا ؟,normal,Iraq
2132,بي ما فهمنا شو خص جبران باسيل,normal,Lebanon
2133,فاكر,normal,Egypt
2134,سيطرة عرب الشمال على ملفات الشرق الأوسط الإعلامية بكلمات أخرى صحيفة بتخلي شخص متخصص بمجال وبيعرف فيه يحكي عنه ويجيب أخبار منه كمان الصين بيحكي عنها صينيين، وافريقيا صحافيين أفارقة يعني مو معقول تجيب واحد من المكسيك مثلاً لحتى يحكي عن الشأن السوري,normal,Syria
2135,عالاقل ميسي طابته كانت عالهدف، الأخ تبع بيرو شاطها عالفضاء الخارجي,normal,Lebanon
2136,اثبات جديد انو بلى عقل ولا ضمير ولا حياء مأفلس من الانسانية ما عندو غير بوق يحكي بما يم,normal,Lebanon
2137,شو هالزمن يللي خلا مياومو الإعلام يقيموا انسان شاغل الكون متل جبران باسيل,normal,Syria
2138,انت وامثالك العملاء ما خليته شي من الدولة,abusive,Qatar
2139,كول هوا يا هوا اتفووووه,abusive,Iraq
2140,الجحش يلي عنا ما الو مثيل,abusive,Palestine
2141,طيب وهذا اعترافكم بالصوت والصورة,normal,Saudi Arabia
2142,إذا إتعدى على أملاك النهريه أنتم تعديت على لبنان يا عكاريت,abusive,Yemen
2143,دمشق غاليه مثل ما كل سوريا غاليه ولكن نظام الحكم متهم بجرائم حرب لقتله اكثر من مليون سوري بشار ومن معه,normal,Oman
2144,كول هوا ولاك اخونجي,abusive,Iraq
2145,حبيب البغل روح انقبر كول و نام,abusive,Iraq
2146,هلا يجوز ان تبقى تتهجم على كيان الدولة وعلى زعماء العرب ولم تنسجن حتى اليوم لو كان هناك عدل فيجب ان تكو,normal,Oman
2147,من آخر ما تفتق به ذكاء جبران باسيل ودهاؤه السياسي اقتراح تشكيل حكومة من وزيرا بلا علوي يكون فيها وزراء سنة يعطى واحد م,normal,Modern Standard Arabic
2148,أرادوا حصار قمة بيروت في الشكل فأتتهم الافضل ربما في المضمون شكرا للرئيس ميشال عون وللوزير جبران باسيل إنكما,normal,Modern Standard Arabic
2149,مافي أجمل من صوتك,normal,Qatar
2150,ما في مشكلة على قولة جبران باسيل من حق اسرائيل الدفاع عن نفسها ولا مشكلة ايديولوجية مع اسرائيل,normal,Syria
2151,رئيس روحي؟ تروح روحك انت وكل مين شدّ عمشدّك مش تنعترف بدار خلدة وأميرها الصغير بالأول يا حبيب قلبه لعطوفته,abusive,Syria
2152,هل بدأ مشوار الرئاسة خارجيا عند جبران باسيل وبدأ تقديم اوراق اعتماد,normal,Saudi Arabia
2153,كلما شوف سكارليت بمقابلة بحسها بدا الصرفة تخلّص لأن تاركة الطبخة عالنار,normal,Syria
2154,عماد عثمان قاهر ابواق النظام السوري ولما وئام الحمار يحكي,abusive,Libya
2155,اختنق هو وعم يحضر السيد عم يشيد بالوزير باسيل يلي,normal,Syria
2156,كنت بدي استعمل جملة و انت الصادق بس معك ما فيني استعملها لانك ما بتعرف شي عن الصدق ف رح قول و انت الكذاب لو,abusive,Jordan
2157,وين خطاباتك عن خلدة واميرها وعضلاته وما تركت كلمة قبيحة ما قلت عن تاريخه بدك نذكرك وهلق عم تتقاوى بعضلت,normal,Syria
2158,عزيزي نهاد قبل أن تقوم بكتابة معلقة المدح بعثمان عليك حثه للإجابة على فضائح جريدة الأخبار ومع الحكومة الجديدة يجب أ,normal,Modern Standard Arabic
2159,والسارق الأكبر تبع معامل الكهرباء؟,normal,Lebanon
2160,هل اصبح جميل السيد أقرب الى جبران باسيل من المقاومة؟؟؟,normal,Oman
2161,خابي لفرد المي يا ولد تما تئذي حالك يلا شراب حليب ونام,normal,Tunisia
2162,لول شو بس بداريا معتدين روح فرجي اصحابوا كيف معتدين على نهر العاصي و الليطاني,normal,Lebanon
2163,وهاب ما بيهاب تعلمنا من الوئام أن الشجاعة التي نريدها ونكافئ عليها ليست شجاعة الموت بطريقة مشرّفة بل شجاعة الحياة برجولة,normal,Tunisia
2164,رحم الله وسام الحسن فعلا,normal,Tunisia
2165,مافي حي بينطر حي يمكن انت تموت قبل شو بعرفك,normal,Syria
2166,للأسف أصبح لقب د يرمز للغباء عند كثير من حامليه وهاب يشتم في العام مرة السعودية,normal,Sudan
2167,رجل في زمان قلة الرجال فيه,normal,Yemen
2168,مشكلتك يا بوق بانك سلبي بسليقتك وتحب ان تهاجم الآخرين لكي تظهر من جهة وتنفذ ما يطلبه منك مشغليكالمهم م,abusive,Iraq
2169,بكرا بتجي عنا عالسعوديه بتبوس الكندرا العصملي اخذ مصاري عمك القطري ما بيصير يدفلك مصاري,abusive,Lebanon
2170,حدا سمعك شي كلمة حلوة بتليق بمقامك اكيد لا طيب انا رح سمعك هيي سد نيعك يا كلب يا زمك يلعن شكلك شو واطي وسافل,abusive,Lebanon
2171,الوزير جبران باسيل ردا على سؤال إن كانت التوترات على الحدود الجنوبية للبنان مع إسرائيل تبقيه مستيقظا في الليل قال,normal,Modern Standard Arabic
2172,خفف كوبي بايست,normal,Lebanon
2173,لعمي,normal,Tunisia
2174,هدول بيفهموا شو يعني حرية؟؟؟,normal,Jordan
2175,وهاب آن الأوان لوضع حد لهذا الصندوق الأسود المسمى دولة قطر,normal,Modern Standard Arabic
2176,ماذا عن الفرن المخالف للقوانين عمار بلا رخصة على الأملاك العامة في خلدة والذي يملكه عباس إبراهيم؟ الي,normal,Modern Standard Arabic
2177,تفوووووه عليكم الا تخجل يا هذا من انتم امام وليد جنبلاط لعنة الله على ابواق ماجورة,abusive,Tunisia
2178,و انت يا ابو امارات بنفس الزورق معهم,normal,Jordan
2179,كل عمري إسمع عن أعور الدجيل و حمارو و قول معقول بس طلع مزبوطه يلا واحد منكن دي و الثاني أعور شي طز يالالي,abusive,Lebanon
2180,كول نفسك هوا عالصبح,abusive,Iraq
2181,وسيادتك انت شو محلك من الاعراب حتى اذا دمرت قطرررررررر وقصفتها اكثر من ماسح احذية للسيد وبشار مارح تترفع,abusive,Oman
2182,خيّ نحنا ما منستاهلك و مش مقدرينك محلك مش بالجاهلية محلك بسوريا,normal,Lebanon
2183,يسعد صباحك ريس الله يطولنا بعمرك يا صاحب صوت الحق,normal,Yemen
2184,وزير الأوقاف السعودي على حق فالربيع العربي كان مؤامرة كبرى نفذها تنظيم الإخوان المسلمين لتخريب الأمة وهذا الموقف قد يكون مق,normal,Modern Standard Arabic
2185,كيف تستقبلون هالشي وهذي علومه ادري انت احقر منه يا وئام الكلب ياذنب بشار وحسن خرا لكن للامانه ي,abusive,Oman
2186,يا ريييييت بعد ما خطرت ببال حدا هيدي,normal,Lebanon
2187,معقول ولا مخامي كفوء ينجح بالامتحان ويطلعلنا كاتب عدل واحد وين العدل وييييين,normal,Lebanon
2188,جبران باسيل وزير خارجية لبنان,normal,Lebanon
2189,يا غايظهن يا جبران باسيل انت حبيب القلب,normal,Libya
2190,دغري بدكم تفوتو بخصوصيات الناس طيب ما اموال كتار معروفة و مش معروفة منوين جابتهن بتفتح,normal,Lebanon
2191,يا ريت لو بتسمي بعد ، بس ما بعتقد بتقدري لأنو عندكن خطوط حمر ممنوع تتجاوزوها,normal,Lebanon
2192,إنت بهمك الهلال الخصيب أكثر من خصوبة وأمن وأمان ومستقبل لبنان هلال ولا أجمل من هيك ونحن أيضاً معه,normal,Jordan
2193,النازحين السوريين بكل وقاحة بيطلعوا يطالبوا الدولة اللبنانية,hate,Jordan
2194,لا شمعون ولا بشير جبران باسيل هو جبران باسيل,normal,Syria
2195,يا قرة عيني نظامك الي عم تطالبوا يمنع التطبيع مع إسرائيل أزنخ بمليون مرة من إسرائيل،حاول ترتب مطالبك وفق نظام الأولويات تقبشني ضد التطبيع مع الحكام العرب,normal,Syria
2196,عشان مفيش مدرب خراس مرمي فاهم,abusive,Egypt
2197,صار الك كلمة يا وهاب,normal,Iraq
2198,لاول مرة بتفق معو لانو كلامو صح مية بالمية,normal,Jordan
2199,وجبران باسيل إن ذبح ، فهو بذكائه وحنكته ووفائه المطلق للبنان الموحّد بجميع طوائفه,normal,Yemen
2200,نابوليون رغم قصر قامته احتل نصف العالم,normal,Oman
2201,صرت منبهك الف مرة ما تقل بالعشا ويطلعلك اللواء عثمان يكوبسك بلش باللبنه والله رح تنفعك تعود عليها من هل,normal,Iraq
2202,كول هوا وكفنا شرك احسن منفرجيك بشروط مين منمشي لبنان وعملا اسرائيل لمتلك,abusive,Iraq
2203,عم ينكت ولله مش عجبيك ؟؟؟,normal,Syria
2204,متل ما انت عامل لفيصل القاسم نحنا عاملينلك ههههه,normal,Lebanon
2205,أنا لي صديق قواتي هذا لا يعني انني لي نفس مبادئه وخصه وأفكاره حاج تبذقو وتلحسو جبران,abusive,Iraq
2206,نحنا مين؟ نحنا وطن بلا روح يا اهلا و سهلا بالجميع و كل من يسند لبنان,normal,Libya
2207,نعيما يا دندن انت ومعلمك ما بتوصلوا لصباط جبران باسيل,abusive,Lebanon
2208,يسألونك عن لبنان قل هي دويلة يحكمها حزب الله بأوامر إيرانية,normal,Oman
2209,وقاتلة كمال جنبلاط وقاتلة الحريري وجبران التويني وسمير قصير وسليم اللوزي والشيخ حسن خالد وكتار من ال,normal,Syria
2210,بتجيب كبريت النسر المفشفش يلي كان تقليد الكبريت أبو تلت نجوم الباكستاني,normal,Syria
2211,وزير الخارجية اللبناني جبران باسيل قال في سلسلة تغريداته عقب اختتام القمة العربية التنموية الاقتصادية والاجتماعية لمسنا تج,normal,Oman
2212,هو المهم يحكي ويتفلسف ويرمي الفتن بين الناس انسان حقوووود,normal,Iraq
2213,يا ريت بيمنعوا الأرغيلة بلبنان، لأن غير هيك ما منعمل ثورة,normal,Syria
2214,هلق انت شو بس برميل خرا او برميل زبالة او برميل منفوخ هوا من نكزة بتبج على كل حال تلات براميل منكبهن بالمزبلة,abusive,Lebanon
2215,نشالله حنخليك تعرف شو هيي الشوف,normal,Lebanon
2216,وصف جبران باسيل زيارة الأمير القطري بخرق الحصار اثار حفيظة دول مجلس التعاون الخليجي، وعلمت اللواء ان أعضاء في وفد عر,normal,Saudi Arabia
2217,والله ربنا ليلعن تعاريص عرضه,abusive,Libya
2218,لاء هودي ما بتفوت كرمالن على ما الن اعتبار بالدولة ما بقدمو و بأخرو بشي بس جب,normal,Lebanon
2219,انت بدك حبس، لا وطن و لا شي تاني,normal,Jordan
2220,اللي عم بهلل لقطر هوي الجربان باسيل اللي ما بعرف شو العلاقة بيناتكم,abusive,Lebanon
2221,تجلس المواطنين ع خازوق من قياس,normal,Saudi Arabia
2222,خخخخخخخخ نيال هيك ناس عايشة متل الحمير بتعلف وبتنام وخلص,abusive,Syria
2223,شكرا للمعلومة القيمة يعني المطلوب للقضاء ما عم يطلع من الجاهلية,normal,Syria
2224,شوف ياخي شوف حابكينها كلهن من زمان,normal,Tunisia
2225,اخر صرعات العهر و الشرمطة و النصب و قلة الاخلاق هو جبران باسيل,abusive,Jordan
2226,جبران باسيل الذي تم طرده من السعودية في قمة سابقة ، بعد المقاطعة لم يشاهد تميم وهو في اسطنبول يتجول ولم يشاهده في احضان اردوغا,normal,Yemen
2227,اصلاً جبران باسيل و عمّو عون ما بيقنعونا إلنا لحتى يقنعوكم الكم ،,normal,Lebanon
2228,اداي في كتير مشحرين وقلال عقل في لبنان بقصد الذين يمدحون ويمجدون شخص مخلوق من لحم ونسوا ان الله هو من ي,normal,Oman
2229,بايخ وسخيف,abusive,Yemen
2230,جبران باسيل ب سنين ما جاب كهربا,normal,Lebanon
2231,المال القطري,normal,Iraq
2232,ولك يا زلمي عنجد استحوا على حااكن شوي و احكوا قد حجمكن، اذا معلمك ذات نف,normal,Lebanon
2233,طيب يلا خراس ما حدا بيتشبه لرسول الله لا هو ولا غيرو قال رسول قال,abusive,Lebanon
2234,اذا بري راس الافعى الطائفية شو خليت لأسود القلب ولجبران باسيل طالعين نازلين المسحيين كذ,hate,Algeria
2235,اذا فل الحريري جبران باسيل بيصير يتيم,normal,Jordan
2236,لا بس في فرق بين ولد يهودي مات جريمة ومشفى انقصف ومات فيه خمسين زلمة جريمة حرب في فرق بين تعفيش عفرين أكل خرى وبراميل متفجرة وكيماوي جرائم حرب ضد الإنسانية,abusive,Egypt
2237,استعملو الحكمۃ يا أهل التوحيد,normal,Algeria
2238,خراس تضرب بهالراس,abusive,Tunisia
2239,انت واشكالك عباد المال تبحثون عن الازمات لجل مصالح شخصيه,normal,Iraq
2240,جبران باسيل يقول سوريا يجب ان تكون في حضننا بدل أن نرميها في حضن الأرهاب,normal,Modern Standard Arabic
2241,خليك عم تعوي وحدك وما حدا قاريك و ما حدا معبرك خليك عم تعوي وحدك,abusive,Lebanon
2242,شكرا أستاذ وهاب دمشق رائعه وشاعرنا النواب ذلك الرائع الجميل وتحية لك ذكرتنا بهم ايها الرائع الجميل شكرا,normal,Yemen
2243,ومين هالخرا هذا,abusive,Lebanon
2244,طلع مع انو حدا اتصل فيا وقلا انو الوزير جبران باسيل تلفن للرئيس الروسي وقلو يدق للزعماء المشاركين بالقمة ل,normal,Jordan
2245,لا شيطان إلا أنت يا وهاب,abusive,Modern Standard Arabic
2246,جبران باسيل ما بينحب,normal,Lebanon
2247,رئيس جمهورية عاجز عن محاسبة أي شخص,normal,Modern Standard Arabic
2248,وهاب نتمنّى على علاء الخواجا الإسراع في تشكيل الحكومة,normal,Algeria
2249,و في رواية أدق ما أزنخ من خلف إلا أبو خلف,normal,Palestine
2250,مين بيدفع اكتر بكون معو,normal,Palestine
2251,دولة فاشلة بيد زعماء الحرب الملطخة يدهم بالدم,normal,Modern Standard Arabic
2252,انت اول واخر عاهر وبوق ارهابي للمجرم بشار ورئيس عصابة ولي الفقيه انت احقر انسان واتفه بشر خرااا علي ابو,abusive,Saudi Arabia
2253,لكل من اسمه نصيب اعور بالمخ انت,abusive,Iraq
2254,يقول هتلر أعطوني واحد مثل جبران باسيل وسأجعل اوروبا تزحف تحت اقدامي من الجوع,normal,Oman
2255,البلد لا يتحمل التطاول على الاجهزة الامنية ورؤسائها فاحترم نفسك وكفى اهانة والا سنعرضك على حكيم بيطري او متخصص في عالم الدين,abusive,Modern Standard Arabic
2256,إن الخوازيق قد تكالبت علينا,normal,Modern Standard Arabic
2257,آخ يا جبران باسيل شو قاهر عالم انت معلم منا وجر,normal,Lebanon
2258,انت لو بتهتم بمسرحياتك الكوميديه احله وتروك هيدي لامور للناس ل بتفهم السياسه,normal,Lebanon
2259,هل تعتقد ان الحمار يستطيع القراءة او الفهم يارجل بيكفي لاحياة لمن تنادي,normal,Yemen
2260,ليك يا جربوع يا صرمايه يا واطي بس يخلص فلمك بدن بحرقوق حرق وتصير تولول متل النسوان وينك يا عثمان دخيل ا,abusive,Lebanon
2261,السيد طلب نحب بعض لك يقبرني جبران باسيل انا,normal,Tunisia
2262,وجعنا واحد واللعبه تدار من الخارج والها ناسها في الداخل النا الله,normal,Saudi Arabia
2263,عاهاتك ياوطن,abusive,Yemen
2264,وايضا اذا موجوع قلبك على الارهابية من داعش وجبهة النصرة الي قتلهم الجيش السوري ولي تم ترحيل من,normal,Oman
2265,يبدو أن أسيادك في دمشق يؤلمهم الخازوق القطري ومنزعجين من الموقف اللبناني الرسمي مما يفسر ارتفاع حدة صراخك,abusive,Modern Standard Arabic
2266,ليك يا حب قبل ما تفهم الموضوع ما بحقلك تحكي واذا حابب تعرف تفاصيل فيك تسأل,normal,Syria
2267,ليك يا شعبان لا انت ولا الغريب معترف فيكم واذا ميشال عَون ما بيعرف بامور الموحدين ينزلمن موقعواحسن لانو الغلط بيجر الغلط,normal,Lebanon
2268,لو يا استاذنا الكريم لو كل مين بيحب دمشق اكتر من اهل دمشق بيتخلى عن جنسيتو وبيطلب الجنسية الدمشقية كان البلد بالف خير,normal,Egypt
2269,يا استاذ وئام معك حق لازم ينسجن مع الحريري و كل القرطة شي مرة فشلي خلقي و حكي عن فساد حركة امل كرمال تقنعني,normal,Lebanon
2270,اي شو هل العهد القوي يلي بدو دنب الكلب يتوسطلوا,abusive,Lebanon
2271,التم التيس على العنز,abusive,Qatar
2272,مشكلة جبران باسيل انه يخلط لا بل يبدي مصلحته الشخصية السياسية الوصول الى الكرسي الراءسي باي ثمن منتعلا جزمتي حسن وبشار,normal,Iraq
2273,يا عيني عالغبرة,normal,Lebanon
2274,هي تفاصيل لطيفة بس,normal,Libya
2275,فعلا المذكور بالجريدة خطييييير,normal,Jordan
2276,معالي الوزير الخيارين بيظبطوا,normal,Syria
2277,وشنهق,abusive,Egypt
2278,خصوصا ان سي ان ان طردت,normal,Libya
2279,كول خرا,abusive,Iraq
2280,ما حدا باعصك الا اللواء,abusive,Lebanon
2281,كشفت معلومات ل النشرة أن وزير الخارجية في حكومة تصريف الأعمال جبران باسيل نجح في إخراج صيغة لبيان خ,normal,Palestine
2282,قلتلك من مبارح احتياط خراس يا ادرعي لبنان,abusive,Lebanon
2283,محل نقاط معلمك وئام مع انو اغلى منو,normal,Lebanon
2284,يا وهاب لو بتضللك بالصرماية ما كان احسن الك,abusive,Jordan
2285,أنت الآن تدخل الحرّة من الحدود بين جمهورية أيرلندا وأيرلندا الشمالية,normal,Modern Standard Arabic
2286,أتاتورك قدر يبني أمة تركية تُحترم,normal,Sudan
2287,لمن يدافع عن الإرهابي تميم هل نسيتم ماذا فعل هذا الإخواني اللعين,hate,Modern Standard Arabic
2288,فشرت يا زنديق و طويلة عرقبتك عثمان تاج راسك,abusive,Libya
2289,نحتاج الى عميل سوري يا مفتن جوقة طبلي لزمرلك اولاد انيسة العاهرة,hate,Tunisia
2290,نشر صور الضحايا حركة حقيرة لاستدعاء التدخل الخارجي في سوريا، لأن الطيارات الروسية الي عم تقصفهم هي من طيور البادية السور,normal,Jordan
2291,جبران باسيل اتمنى لاتحط بلدك لبنان في مواجهه مباشره مع السعوديه بشوي تصريحات سخيفه تصل ببلدك الى حد البكاء في كل,normal,Iraq
2292,ليه مستغربين من تصريح جبران باسيل أمن إسرائيل هو حق,normal,Jordan
2293,نحنا مع الوزير المحترم جبران باسيل,normal,Libya
2294,ولعها ولع ولع وأعطيني شحطة العقاب لوهاب وهاب قاتل ابو دياب,normal,Lebanon
2295,ولا عزاء للكلاب,normal,Tunisia
2296,أكيد السياسيين لأن العاهرات أكبر من هيك,abusive,Jordan
2297,خرجه الله لا يقيمه سرماي كثيرة عليه اخص ع الغرب,abusive,Iraq
2298,كل شخص ة واضع صورة جبران باسيل ك بروفايل على صفحتوا وعامل ريتويت لتغريداته ، يعمل لايك لتغريدتي,normal,Syria
2299,انت حبيت تفوت بجدال لعيونك بس كنت خليك محترم سيد حسن بيقولو وتاني شي مع سيد حسن وعلى رأس السطح,normal,Lebanon
2300,تصريح وزير المال كلف البلد مليار دولار خسائر,normal,Iraq
2301,كتبت عن جبران باسيل كل حركة أمل عملولي ريتويت,normal,Lebanon
2302,ضحك ع قرعتك المزروعة حتى الشعر المزروع ما استحملك من تقل دمك يا طبولة اضحكتني,abusive,Syria
2303,والله نحنا رح نجن,normal,Palestine
2304,بس لأن إسمو جبران باسيل عامل فيكن الما بينعمل يا فاسدين,normal,Lebanon
2305,انت خراس,abusive,Tunisia
2306,والله لا يسلم فيك ولا عطمة يا باسيل يا ابن جبران,abusive,Syria
2307,روح ضبضب,normal,Syria
2308,دعوة الشيخ على القمه عملتلو لجنبلاط هزه براسو وهلق بدو ياخد ثئارو بالحكومه بدو يعقدها حتى ينتقم هيدا اول درس له,normal,Lebanon
2309,يسعد صباحك حبيبي لنذكر بعض العملاء بدمشق كي لا ينسوا,normal,Jordan
2310,مش بس وزير الأوقاف من زمان موقف السعودية ضد الربيع العربي من أول ظهور لها وقد عانينا من شيوخ الأخونج داخلياً وخارجياً,normal,Saudi Arabia
2311,محلل يغزي العين عنك,normal,Yemen
2312,الدولة اللبنانية وأقطابها تريد إزالة إسرائيل من الوجود ولا تريد السلام العادل والشامل ولا مبادرة بيروت ولا تريد اتفاق,normal,Modern Standard Arabic
2313,و راح التقى برئيس الجمهورية يعني انت رأيك فيك تكتبو على التلج بس هونيك بينفع,normal,Lebanon
2314,لبنان يحتظر عنوان المقالة,normal,Iraq
2315,ما ازنخكون وأنتو عم تتمقلسوا ع جوليا بطرس وغناها عن الحرية ع أساس بتفهموا بالحرية الحرية اللي بتغنيها جوليا هي من النوع السامي وهو انك حر تبوس صرماية السيد أو تبوس طيزه كما تشاء ودون يملي عليك احد خيارك,abusive,Syria
2316,وهاب الذي يمشي بمباركة مشايخنا الأجلاء منتصر بأذن الله,normal,Tunisia
2317,طول ما جبران باسيل ورا ما بظن كم شهر عطل الحكومة ب ليتوزر,normal,Syria
2318,تكبير قبل ال بيصير حلال,normal,Qatar
2319,عثمان من أنصاف الرجال,abusive,Libya
2320,الله يخزيك يا شيخ,abusive,Saudi Arabia
2321,يا عمي حدا يعطي الجنسية السورية وخلي يحل عنا,normal,Syria
2322,اسمع يا هذا اسمه فضيلة الشيخ أسامة شهاب لازم تعرف كيف تحترم الناس حتى الناس تحترمك بكفيك شنهقة,abusive,Syria
2323,أموال الكون التي تزيد ألسنتكم طولا لن تصل إلا لتمسيح حذاء جبران باسيل,abusive,Modern Standard Arabic
2324,لست أنا الذي يبكي كالحريمات,normal,Modern Standard Arabic
2325,ايها السادة العرب الوزير جبران باسيل يتكلم باسمه الشخصي,normal,Saudi Arabia
2326,الاخ الصغير لبنان يا جبران باسيل لا يسمع كلام الاخ الاكبر لابد ان يترك الاخ الاصغر العناد ولا يعزل حاله,normal,Saudi Arabia
2327,يا مين يشتري مشيخة سعد وباكاوية وليد على دونا على دوّي,normal,Tunisia
2328,معك حق لازم محاربة الفساد منبلش مين دعم فتوش بعين دارة و خرّب الجبل كرمال كسارة مش انت مين قوص,normal,Lebanon
2329,من غيضهم يطلقو مجموعة السفهاء المأجورين للشتم والتهويل عند كل تغريدة,normal,Saudi Arabia
2330,المشكلة يا وئام بانك غير مدرك بانك صغير جدا ولا قيمة لك انت مجرد نكره,abusive,Sudan
2331,لو بتراجع مقابلاتك تصريحاتك اقوالك كتاباتك ترى انك أكثر انسان تتهم الكل تهاجم الكل وتشتم الكل حسب الطق,normal,Saudi Arabia
2332,بلا ما نفوت نقرالك كول هوا عصحة السلامة,abusive,Iraq
2333,انتبه طوق النجاة يخنئك ولك كبرانة الخسة براسك,abusive,Iraq
2334,كنا نعاني من تفرد دويلة حزب الله في قرار السلم والحرب اضيف اليوم معاناة جديدة تتمثل ب دولة,normal,Saudi Arabia
2335,وعدت فصدقت قلت وفعلت انت لست زعيما وحسب انت تملكت ضمائرنا وقلوبنا وعقولنا ادامك الله سندا وأبا وأخا,normal,Modern Standard Arabic
2336,شكلون ما بزنسوك,normal,Syria
2337,اين هي معايير النجاح بالقمة العربية وما هو هذا النجاح أو بالأحرى ما هو مفهوم الوزير جبران باسيل للنجاح هل سيلغى,normal,Modern Standard Arabic
2338,فيما خص مقابلة الوزير جبران باسيل على قناة للأسف مقابلة غير موفقه بحكم الوضع السائد في البلد يعني المفروض نحكي,normal,Jordan
2339,ومحلي هلق من الاعراب اني بكره جبران باسيل متل ما مل هل الطوايف بتكرهو وبرجع بقلك بحكي واقع الناس يلي انتو نهبتو وقمعتوا,normal,Lebanon
2340,سد بوزك انت يا عميل يا وسخ يا ابن العملا,abusive,Tunisia
2341,لو جبران باسيل عم يشتغل يعمل رئيس بعد سنين كان فتح احلى مافيا توظيفات مع البلطجي,normal,Syria
2342,نحتاج أن نكون شعب لنعرف ما هو الوطن و ماذا هذا الوطن,normal,Modern Standard Arabic
2343,بجد كلامك صحيح وانت اول الكلاب طبعا و الكلاب كثرت في هذا الزمن اكيد,abusive,Egypt
2344,وقف تبيض طناجر وقف شحادة و عربشي عن السلم السوري تمرجل بزنودك يا اخي كسرلنا عينا و فرجينا انت شو بتسوى ببلدك بعرف اللحن,normal,Lebanon
2345,وزير الخارجية والمغتربين في حكومة تصريف الاعمال جبران باسيل وصل الى قاعة القمة الإقتصادية العربية,normal,Oman
2346,حضرتك شو بتشتغل قصاب بأي قنصلية كوليرا,abusive,Palestine
2347,القزم جبران باسيل طلع له فانز يدافعون عنه,hate,Qatar
2348,بالله عليك الفتنة والكذب أشد من القتل وانت تتمتع بتلك الصفات ضيعان هل عيلة فيك معالي الوزير,normal,Yemen
2349,انت اكبر مستفيد يا تاجر الدم,abusive,Saudi Arabia
2350,الطريقة الأفضل لتحصل على ريتويت ولايك هل ايام تقتطع جزء من مقابلة للوزير باسيل طبعا جزء غير مكتمل ثم تغرد به وتقول جبران مع التطبيع,normal,Iraq
2351,أوضح تجليات هالظاهرة هو خراي عالاتنين يلي صار بيمثل مواقف أغلب السوريين تجاه أي أزمة أو حدث دولي أو عربي أو اقتتال فصائلي داخل سوريا,abusive,Syria
2352,مش قاصدك انت خراس,abusive,Egypt
2353,مو مشكلة بكرة عمو اردوغان يفرشو بتكويشة,normal,Syria
2354,جبران باسيل يطبّع قُبَل على خدود الدولة الغاصبة,normal,Syria
2355,لا حياة لمن تنادي يا قائد كلن فاسدين و انت النظيف الله يخليلنا ياك,normal,Tunisia
2356,العماد عون رغم قصر قامته من بعد,normal,Sudan
2357,عثمان للمحاكمة لا محال,normal,Sudan
2358,ما حدا غير يلي خلفتك عاهرة يا منحط يا سافل,abusive,Syria
2359,يا اهلا وسهلا بأمير قطر والكل طوبزلها ليوم,normal,Yemen
2360,من وطأة التراث الديني مثلا المعركة الحاصلة الآن على ماهية زكاة الفطر عينية أم نقدية لك والله عيب تخيلوا أن كل زكاة,normal,Modern Standard Arabic
2361,اشترى جبران باسيل خمس عشرة بقرة زرع عشر وترك الباقي يلعبون في الثلاجة فماهي كمية الزيت الموجودة في البيض,normal,Modern Standard Arabic
2362,كول هوا وتابع بصمت,abusive,Iraq
2363,وئام شعبان الزعامة بني معروف عند وليد وجنبلاط اب عن جد,normal,Lebanon
2364,قال رح يطلعوا على ادلب الله يكون بالعون,normal,Syria
2365,حملة مسعورة يقودها قواتيون ضد التيار الوطني الحر بدعم من تيار المستقبل والاشتراكي بسبب دعوة الوزير جبران باسيل لعودة,normal,Syria
2366,وهاب أكبر عميل لايران وبشار وحزب السلاح ويشتم بكم ليل نهار وتدافع عنه أمرك غريب افتح سجلات وهاب لتتعرف عمن تشيد,normal,Oman
2367,كول خرا يا خرا ابن خرا انتا وابو المنشار دب الداشر محدا غيركن دمر وطن العربي الااسلامي يا منافقين,abusive,Iraq
2368,طيب وهاي عملتي تجميل لوجك وصرتي وحدة جديدة وصاروا ولادك يبكوا بدن إمن شو بتعملي,normal,Syria
2369,الله يقوي هالطائفة ويبارك برجالها الأحرار ومشايخنا الي منشوف حالنا فيهن يطول عمرك وعمرو معالي الوزير,normal,Yemen
2370,والنظام السوري لي دمر لبنان ودمر سوريا وباع الجولان وحمى حدود اسرائيل هيدا تطالب فيه يكون بالقمة معلش,normal,Lebanon
2371,كل عمرك انت ومعلمك واقفين بلدور حتى تقبض من هل صندوق,normal,Saudi Arabia
2372,عم انتحر,normal,Syria
2373,فرنجية أو الكتائب كانو يمثّلون الأكثرية الساحقة للموارنة أما الآن فلا يمثلون,normal,Modern Standard Arabic
2374,يا قائد شخ سعد إلى مزابل التاريخ صيصان المستهبل,hate,Yemen
2375,جبران باسيل ممثل سوريا فقط بالقمه الاقتصاديه,normal,Yemen
2376,اكيد سليمان بك فرنجية مع محبتنا و تقديرنا لمعالي الوزير جبران باسيل,normal,Jordan
2377,ناوي تعمل متل بري لتعطيل القمة كل الشعب بيعرف كل دولة شو لعبت دور بس انا بحب تتصرفوا رجال دولة وما تحكوا طالع نازل,normal,Syria
2378,يع لاجئين سوريين مفكرين قيمة السعودية من المفكرين والعلماء والاختراعات بس يخلص النفط والمصاري تعي فرجيني كيف حتاخدي فيزا باسبوع عالمانيا والله لتطلبو لجوء بالسودان وما تلاقوه,normal,Palestine
2379,الدنيا مقامات ومقام المختاره خط احمر ما بننسا تضحيات الاشتراكي وما ببنسا ال جنبلاط,normal,Lebanon
2380,سمارة الحريري كلامها يثلج قلب المظلموين باللبنان ويكشف الاقنعة عن أعداءالانسانيةأولا والحق ثانيا الوزير جبران باسيل وا,normal,Saudi Arabia
2381,بلبنان هي أوطى صنف,abusive,Lebanon
2382,المدعو جبران باسيل موالي أكثر من الموالين ذهب مرتزقه من قبلك و ستذهب معهم إلى مزبلة التاريخ,abusive,Modern Standard Arabic
2383,ما بعرف كيف بدي خبركن ياها بس غير إنو واطي طلع عرص,abusive,Lebanon
2384,من غير المقبول أن يتدخل أحد في التحقيق ومن يضلل جعلنا نشك بأنه يتستر على القاتل,normal,Modern Standard Arabic
2385,يا محلى مين سرق العامود قدام مين سكّر المجرور,normal,Egypt
2386,قال شووو؟ ما تكون متل جبران باسيل والكبير فين اذا شد ب ايديه واجريه ما بيوصل لصرمايتو لجبران بالشغل اللي عم يعملو,normal,Lebanon
2387,الله يطول عمرك حضرة الرئيس وئام وهاب,normal,Qatar
2388,والله يا معالي الوزير ما بيعجبك العجب,normal,Jordan
2389,علوا تخرسي انت وكل اللي عم يرد ع الهبل تبعك شو فرق معك اذا عم تحكي ع الموبايل وهي عم تشتغل؟؟ الشطف والكنس والمسح عمليات معقدة مثلا ما بتصير الا عالساكت؟ وشر دخل الموبايل بغلا المواصلات؟ بدك ياها تبيع موبايلها مثلا بدل ما تشكي الغلا؟,abusive,Syria
2390,الوزير جبران باسيل لعدة اسبابهو يستحق لانه الاقوى في طائفتهايضا هو مصدر ثقة واحترام عند الجنرال والسيّد,normal,Yemen
2391,امننا مستباح و جبران باسيل بيعتبر امن اسرائيل حق بمقابلة مع ال تصديقا على كلام زياد اسود علاقتهم مع اميركا منيحة و حزب الل,normal,Jordan
2392,لا تقلد كلامي يا غبي,abusive,Saudi Arabia
2393,رسالة لذات ماضية عتيقة والله,normal,Tunisia
2394,ودائع الخليجين ذات الفائدة العالية تذهب للدول العربية اما هبات مليارات الدولارات تذهب لماما امريكا,normal,Tunisia
2395,مرجع كبير ههههه تلحس ما احمرك,abusive,Iraq
2396,ههههههههههيحزنني جدا ان مواليهم يصدقونهم,normal,Yemen
2397,زمن الصهر جبران باسيل زمن التبعية والتعطيل,normal,Iraq
2398,الحق عليهالمفروض يركب الكلب يلعن امو على ابوه,abusive,Tunisia
2399,كل البشرية حاسدتنا على نعمة الامن و الامان و ربطة الخبز ام الخمسطعش ليرة,normal,Jordan
2400,جبران باسيل مسخرة,abusive,Palestine
2401,وأطفال سوريا عم يلعبو بدريم بارك,normal,Syria
2402,أكتر شي حبيت معاليك والساطور العربي الموجّه هذه إضافه من المئات,normal,Oman
2403,لاعن نفسك علاء الخواجة حرام خليك عم تنبح,abusive,Syria
2404,شي مؤلم للغاية,normal,Oman
2405,منتخبين زي اوروجواي و روسيا بعد ما قدروا يتخطوا فريق كبير زي مصر اي مرحلة ف كاس العالم بعد كدا سهلة عليهم,normal,Egypt
2406,الحق يقال القمة قمة جبران باسيل وبس رجل كل المراحل رجل اكبر من القمة ومن حضر,normal,Saudi Arabia
2407,الحياة زنخة بس نفهمها,normal,Libya
2408,ابن كلب كان يردح على الحريات وقت الإخوان بس لما العسكر يقمعوا الحريات عادي,abusive,Saudi Arabia
2409,نعم ان الله لا يغير ما بقوم حتى يغيروا ما بأنفسهم وكما تكونوا يولى عليكم صدق الله العظيم,normal,Oman
2410,ولسه بس تموت لحتى ترامب يجي يشخ على قبرك طول بالك بس,abusive,Syria
2411,مستحيل هالعمرو خالد ما ازنخه يخرب دياره شي مو طبيعي,abusive,Qatar
2412,فين وهاب في الصورة عشان نعرف,normal,Libya
2413,مطلوب نفي جبران جرجي باسيل اعتقاله محاكمته على ما وصل إليه لبنان الثقافة والعلم والإنفتاح مش ضرو,normal,Tunisia
2414,معاليك ليش مين ما بل ايدو بالحرب في سوريا,normal,Lebanon
2415,ما احمر منك الا هو,abusive,Yemen
2416,نصرالله يكسر الصمت سيدي ما رايك بكلام جبران باسيل عن حق اسرائيل في الامان,normal,Saudi Arabia
2417,انت بتجيب لايكات وريتويتات بالحكي عال حركة متعود يعني اخدت ايدك,normal,Syria
2418,سوريا بحاجة لك فلتذهب اليها وان واي تيكيت,normal,Oman
2419,اي خراس فوق ماعم اثني عليها,abusive,Syria
2420,شو انك سخيف ولا ابيخ من هيك سياسي بيحكي ليحكي العقاب لوهاب وهاب قاتل ابو دياب,abusive,Jordan
2421,اختي الكريمة غير واضح اذا انت امرأة أو حمارة,abusive,Morocco
2422,شعب بطران يقطع عمرو,normal,Tunisia
2423,لا أحب البرازيل و لا أحب القهوة لا أحب سويسرا لكنني أحب الشكليطة,normal,Modern Standard Arabic
2424,بالفيديو جبران باسيل يعترف بحق الكيان الصهيوني بضمان أمنه,normal,Syria
2425,اصلا اذا انتخبت او ما انتخبت حا يضلن,normal,Lebanon
2426,وشكرا إلكم معاليك بتضوي عالإشيا الحلوة بالبلد وبتعطينا أمل ببكرا,normal,Lebanon
2427,مواقف جبران باسيل بتجي ع طريقة ما يطلبه المستمعون لوحة جلاء الجيش السوري وزاحف لعندو مع محور المقاومة,normal,Syria
2428,خلك بعيد يا كلب حسن عفوآ احمار حسن كان الكلب يركب الحمار لاتتطفل على ادروز يا العميل,abusive,Iraq
2429,جبران باسيل زوج ابنه الرئيس منبوذ من اغلب الاحزاب اللبنانيه فهو مع الرئيس ينفذون اجنده دمشق وايران,normal,Iraq
2430,حاج تعوي بقا,abusive,Sudan
2431,في دارة شيخ العقل الشيخ ناصر الدين الغريب برفقة النائب فادي الأعور لا تفرد ولا إلغاء وتحية للرئيس عون على خطوته الجريئة,normal,Syria
2432,خراس انت وامثالك الجبناء ثلاث سنوات وانت ابكم لاتتكلم ما شأنك بسوريا ام تريد دعم بشار لتحظي برضى,abusive,Modern Standard Arabic
2433,صدقتي حالك ملبك الكل,normal,Yemen
2434,لا يجوز تجاوز الدستور وتطبيق قانون سكسونيا,normal,Iraq
2435,السيد حسن نصرالله يشيد بكلمة الوزير جبران باسيل في القمة الاقتصادية,normal,Saudi Arabia
2436,استقبل رئيس الحكومة المكلف سعد الحريري في بيت الوسط وزير الخارجية والمغتربين جبران باسيل,normal,Oman
2437,طيب خلي إيران تحط ودائع وتربح خيو العما شو إنك تافه,abusive,Jordan
2438,معاليك في ناس كتير بتنسى اصلها على رأي المثل قال بتعرفو شو مشكلة الديك بينسى انو كان صوص,normal,Jordan
2439,انتي و وئام وهاب والصرامي سوى متعودين ع لغة الصرماية السورية يا لحيسة,hate,Syria
2440,صاير بايخ خليك بالصرماي اهضم,abusive,Lebanon
2441,مو بس عنصري رجعي متخلف كمان بشكل عام كأنه مثقف عربي من اياهم,abusive,Syria
2442,طيب شو المشكلة انا بعشق شي اسمو الجنرال عون و ميتم بشي اسمو جبران باسيل,normal,Lebanon
2443,معقول وهاب و ارسلان عم يشربو من الليطاني لتفكيرن هيك خرا,hate,Syria
2444,خلينا شغلة شغلة دون خلط القضايا ببعضها,normal,Syria
2445,مين قتل الشهيد وسام الحسن هني نفسهم جوقة البوم يلي حضرتك معلق بزنارهم,normal,Syria
2446,زعلانة عليك يا رامبو زمانك انت,normal,Egypt
2447,شو هالثقة بالنفس,normal,Lebanon
2448,جمال كول هوا انا مسامحه شو ما يحكي عليي بحضوري و بغيابي,abusive,Iraq
2449,ولو قطر حليفة ايران حالياً وسابقاً حليفة القذافي حليف الرئيس حافظ الاسد,normal,Libya
2450,والله ماحدا مريض نفسي غيرك الله يشفيك,normal,Saudi Arabia
2451,كل زق يا باطني,hate,Saudi Arabia
2452,نحتاج إلى غسيل دماغ جديد وكلّو بيرجع تمام بإذن الله شرعوها للحشيشة,normal,Jordan
2453,أن الوضع النقدي جيد ولا خوف على الليرة فإقتصاد اللبناني نحو إزدهار بوجود فخامة الرئيس العماد ميشال عون,normal,Modern Standard Arabic
2454,والله لو فعلاً في دولة قانون ما كانت تركت امثالك يسرحون ويمرحون وعلى الشرفاء يتجنون,normal,Oman
2455,شو نوع تربيتك يللي عم تشتم شيخ تويتر فضح فاشستية المقيتة والالغائية,normal,Syria
2456,غريب انو خطرلك السؤال مع انو عميق جدا للغاية,normal,Jordan
2457,ياريت بتسكت بكون احسن لانو كلامك متل وجك ما الو معنا,abusive,Jordan
2458,لا لا يوجد اكثر من هذه الهاوية ولكن لا يجب التكلم عن سعد الحريري في هذه الطريقة,normal,Modern Standard Arabic
2459,سآل زعيمك شو عمل كرمالو مش تسأل جبران باسيل العماااااا بعد في مشاكل بيتكن ما تهمتو فيا,normal,Lebanon
2460,وهاب لقاء خلدة ليس موجها ضد أحد,normal,Modern Standard Arabic
2461,انت مريض ولا على كل الكلب اللي حاطط صورته صار حقه ربع فرنك باعوه أسيادك و أسياده اللي,abusive,Yemen
2462,لانو في طرف سياسي بلبنان اول حرف من اسمو جبران باسيل كان مصّر يجيب حيوان سوريا بشار الاسد للقمة,abusive,Palestine
2463,دخيلك مرتك وين سهرانه الليله في أياه كازينو,abusive,Syria
2464,يعني شكرك اعتراف انو ميشال عون وفريقه يوقدون الفتنه بين الدروز بس لعلمك يا استاذ وئام الشيخ الغريب مع,normal,Jordan
2465,لازم نشوف حل مع جبران باسيل وحياتك انتا رئيس وما حدا رح ياخودو منك بس مو لهالدرجة الانبطاح خلي عندك إنسانية,normal,Syria
2466,رويترز وزير الخارجية اللبناني جبران باسيل طالب في ختام القمة الاقتصادية العربية المجتمع الدولي بتشجيع النازحين السوريين,normal,Modern Standard Arabic
2467,أردتم إفشال القمة الإقتصادية فرفعها جبران باسيل بخطاب وطني عروبي أسقط كل مؤامراتكم ومخططانكم الدنيئة الخانعة,normal,Syria
2468,لبنان لا تخسروه لكي لا تخسروا عروبتكم,normal,Modern Standard Arabic
2469,بمعزل عن أداء بعض مناصريه لا سيما على وسائل التواصل الذين يساهمون عن قصد أو غير قصد في ازدياد الشرخ و م,normal,Algeria
2470,عم بتخيل أشكال الأبواق الجبانة وهي تسمع ماذا يقول نصرالله عن فخامة الرئيس وعن جبران باسيل والله زعلانة عليكم,normal,Jordan
2471,وزارة الاشغال المبادرة الفردية من ميشال ضاهر لإنارة ضهر البيدر عمل مشبوه هدفه إنارة مشوار جبران باسيل الى دمشق قريباً,normal,Syria
2472,سنة هي سنة المقامرة بمصير لبنان وشعبه هي سنة تصريف الاموال بحجة تصريف الاعمال هي سنة السرقة عل,normal,Syria
2473,شارك معالي وزير الخارجية والمغتربين جبران باسيل بالاجتماع المغلق الخاص بسوريا والذي ضم عددا من وزراء الخارجية إضافة الى,normal,Oman
2474,اقسم بلله انت واحد غبي مع احترامي الك لك مابتعرف تكذب ولا بتعرف تعمل فتنة خراس وانضب,abusive,Lebanon
2475,ولا بسطة خضرا,normal,Saudi Arabia
2476,اهم شي تعمل سكرين شوت وتبعتها عالسفارة السعودية عشان يعملوا حسابك بالرز,normal,Jordan
2477,رسالة موجّهة إلى كلّ من السيد نصرالله والرئيس برّي والوزير باسيل,normal,Oman
2478,مشاركة شيخ الغريب لم تأت من وراء ثقلك ومن معك يا كبير أتت من مشغليك في الغرف السوداء ونواياهم الإجرامية لزرع,normal,Modern Standard Arabic
2479,تحية لفخامة رئيس الجمهورية ولسماحة شيخ عقل طائفة الموحدين الدروز,normal,Syria
2480,شعوري أني لبناني اجدب,normal,Sudan
2481,عم يطمنونا ما في خطر عالليرة بس الحقيقة غير هيك اقتصادنا منهاروالوضع الاقتصادي ما بيحمل,normal,Syria
2482,شغلة الطب مافيها اي ميزة اذا على هالحكي كل العالم ماتت بسبب الامراض كول هوا هوا عليك وعلى عقلك يع نرفزتني,abusive,Iraq
2483,ما حدا رح يجلطك الا الشيخ سعد استحي ولووووو شئت ام أبيت رضيت او ستين عمرك ما ترضى الشيخ سعد الحريري,normal,Jordan
2484,وقتها أكيد بيصير إنه لازم أعيد الامتحان,normal,Jordan
2485,الحمار بس تقله حااا بيفهم هدون بتقلهن حاا بتلاقي حالك ما عارف من وين جاييك الضرب وبالآخر قاعد بباص أخضر وطالع عإدلب,normal,Lebanon
2486,جبران باسيل ولد والله لح يخرب البلد اذا ما حدن ضبو,normal,Lebanon
2487,والجولان مين رح يعيدا للعرب,normal,Lebanon
2488,لا نشك بعدالة القضاء,normal,Saudi Arabia
2489,بفهم إنك مستور,normal,Jordan
2490,سماحة شيخ عقل الطائفة الدرزية الشيخ نعيم حسن فاخرس يا ايها البرميل,abusive,Saudi Arabia
2491,يا دعدع يا عزيزي ارجو منك ان تترفع عن التخاطب,normal,Sudan
2492,هل يجوز أن يتوظفوا قبلنا ونحنا من سنتين ناجحين وممنوع علينا نتوظف بسبب طائفتنا,normal,Jordan
2493,ع اساس بيروت ناطرة اشارة منك لتستقبل امير قطر او غيره,normal,Iraq
2494,لو في دولة كنت انت بالحبس من زمان و نحنا مرتاحين من تغريداتك,normal,Libya
2495,معالي الوزير السابق ممكن اعرف كيف عرفت انو ما كان في تدخل طائفي وتوزيع حسب الحصص اذا امكن سؤال يعنيني,normal,Oman
2496,على أساس الجحش بشار قمة الأخلاق والإيمان خراي على شرفك وشرفو,abusive,Syria
2497,بدنا وحدة عبشار الأسد بس الخنازير يكونوا وحدة ميشيل عازر وحدة وليد المعلم وحدة لافروف ووحدة بوتين,abusive,Syria
2498,أنا ما بعرفو لعلاء الخواجا بس حبيتو لأن قدر ينشفلو دمّو ويحرقلو أعصابو ويجننو لوئام وهاب,normal,Palestine
2499,مت بغيضك,abusive,Morocco
2500,معالي جبران باسيل فوت عمكتب عمك فتاح الجارور التاني عيمينك بتلاقي المراسيم العشرة للصبايا والشباب فيهون مسيحية ومسلمين,normal,Lebanon
2501,اجلدوهم خونة الاوطان وخونة الأمتين العربية والاسلامية افضحوهم اكشفو أمرهم أمام المخدوعين بهم خونة الاوط,normal,Tunisia
2502,اخرس انت ما لك فيه خلك في المشاكل الي تجيبها ل محور المقاومة,abusive,Saudi Arabia
2503,رفيقة هيدي ثقافتن ولازم نرد علين بحسب ثقافتن وأخلاقن,normal,Lebanon
2504,وهاب ما بيهاب وئامنا بمنارتك نهتدي ونجتمع ويكفينا أننا نعلم أن العواصف تجعل جذور الأشجار تتمسك بال,normal,Tunisia
2505,ذنب يحارب ذنب ما اخس من الكلب الا ذيله تجمعكم الخيانه والتبعيه,abusive,Yemen
2506,حلل وناقش الجملة التالية شعب معوّد يحضر ال بدّو يفهم شو حكي جبران باسيل,normal,Tunisia
2507,بحب ذكرك يا هبيله حلفائك فوتوه علعراق ونهبوه هن ذاتن فريقك الممانعه والأمريكان والصهيانه خلف واحد,abusive,Lebanon
2508,خروات معراب وبقايا اذار والحاقدين,hate,Syria
2509,طيب بس عقدتك جبران باسيل مش هوي المسؤول عن تنظيم القمة في منظمين للقمة,normal,Lebanon
2510,قد ما صايرة الأمور خبيصة بهالترندات أوقات بفوت وإقرا شي نص ساعة تا إفهم مين علقان مع مين وعشو علقانين هههه وفزرة,normal,Lebanon
2511,فرق كتير كبير بين الرئيس ميشال عون وبين جبران باسيل الرئيس بتشوف بوجه نوع من الحب والتعب أما جبران ما بت,normal,Lebanon
2512,يلي مش عاجبو حديث الوزير جبران باسيل عل منتمنى يكون مشروع شهيد مستقبلي بحق إسرائيل,normal,Syria
2513,ومش بس وئام كان عالباب وعون اسقبلهم والامير مجيذ الو مع اليهود جلسات حميمة وبحضور طلال,normal,Lebanon
2514,أيّ خطوة ستتبع لقاءات باريس في الساعات المقبلة,normal,Modern Standard Arabic
2515,والله كنت هيك بدي رد عليه,normal,Jordan
2516,يا محرم انت دخلك عيونك بس بتشوف بعين وحدة وينك من كل التعديات يلي ب حي السلم ومسكرين النهر,normal,Palestine
2517,تقتلون وسام الحسن وتترحموعلية من أي أصناف المخلوقات أنتم,normal,Algeria
2518,نعم قطر مجرمه ولكن المجرم الأكبر عندكم والمدعو حسن نصر الشيطان ومعه ملالي إيران والعثماني اردوغان اتحدو,hate,Oman
2519,بعدين اوعى بعد اسمعك عم تحكي عن جبران باسيل كل واحد بيحكي مع يلي بصفو,normal,Syria
2520,نظرة سريعة على ثروة جبران باسيل صهر الجنرال تدل على ان العونيين ليسوا فقط محترفين في الفساد,normal,Saudi Arabia
2521,مخش ليعرفه الاول أو ليعرف وين الجاهلية,normal,Sudan
2522,كلمة جبران باسيل إختصرت القمه بكلمه,normal,Yemen
2523,خيي اسمحلي كلامك او ما علموك ياه انو الدولة عدوةهيك بدها مقاومتك تخليك تفكر كرمال تست,normal,Lebanon
2524,خراس,abusive,Tunisia
2525,يلعن رب شحادة اللايكات باسم سوريا وبصور ولاد سوريا اخت تعاطفكم بالناقص منو,abusive,Syria
2526,اجمل شي بس يخبص باسيل منرتاح من ناس على تويتر لفترة من الوقت,normal,Qatar
2527,طيب كول هوا و هدي اللعب يا ابو بدر خليك بالصواريخ الي نازله على رأسك مجاري ألي تلفحك انت و اهلك,abusive,Libya
2528,وزير الخارجية جبران باسيل في مقابلته,normal,Modern Standard Arabic
2529,استقبل رئيس الحكومة المكلف سعد الحريري ببيت الوسط بعد ظهر اليوم وزير الخارجية في الحكومة المستقيلة جبران باسيل,normal,Modern Standard Arabic
2530,وهيدي صورة للبنايات مشروع جبران باسيل على طريق إدّه بالبترون,normal,Jordan
2531,لكل يلي عم يتفلسف بالتعليقات ما رح نقول إلا شغلة وحدة بس واللي هيي ملتزمون بما تمناه علينا معاليه بال,normal,Lebanon
2532,تلحس ما احمرك,abusive,Iraq
2533,ولتحقيق مبدأ حرية الرأي والإنتماء السياسي والتنوع في الجبل,normal,Modern Standard Arabic
2534,الله يبارك فيك,normal,Qatar
2535,انت رمز العروبه وثابت لا تدور مثل وليد يدور درجه صمالله خايف عليه يدوخخ,normal,Yemen
2536,إذا كان حسن نصرالله شكر جبران باسيل حقيقي,normal,Syria
2537,مع التحية إلى جبران باسيل والمهرولون العرب,normal,Modern Standard Arabic
2538,انفصام,normal,Qatar
2539,كفاك لعب أيها الصبي يجب أن يوجد من يعلمك الحياة و التعامل مع البشر انك اقذر شخصية مرت على مستوى التاريخ,abusive,Modern Standard Arabic
2540,سد بوزك يا صرصور يا خائن يا عميل انتم الذين يستعبدكم الإقطاعي وليد جنبلاط انتم يا قطعان يكفيكم إذلال وتلبية يكفي تجارة بكم,hate,Tunisia
2541,ثقي سيدني الكريمة انا شخص من الناس يلي مابيقولو النار بتكوي الا بكتوي فيا وعملت بمواقع ومحلات خلتني,normal,Lebanon
2542,هههه انت اميد غبي ولا تعرف شيء الاخونجيه منضمه ارهابيه بالمملكه العربيه السعوديه,hate,Libya
2543,انت وجريدة الاخبار مصداقيه صافيه والنعم منك ومنها بس ولا يهمك اللواء عثمان قاعد ع قلبك ان شاءالله,normal,Iraq
2544,الحمد لله إني ما بحب الملوخية مشان ما اتخيل,normal,Syria
2545,لكل فاسد نهاية و الوقت هو الاهم لن يدوم فسادهم,normal,Saudi Arabia
2546,لن نرضى بغير الرئيس القوي الذي يمثل جبران باسيل رئيس اكبر حزب مسيحي وعندو نايب,normal,Oman
2547,قطر شنت الحرب على اليمن قطر أخرجت سوريا من الجامعة العربية قطر بلد المنشا للداعية محمد بن عبد الوهاب,normal,Sudan
2548,يامعالي الوزير بلا ماتغرد هون رفع سماعة تلفونك وسال رئيس جمهوريتك القوى ليش تلفنلو ودعاه ونسي دماء شهدا,normal,Lebanon
2549,بس بقي قرفنا يا زلمي,normal,Egypt
2550,عدالة الله اقوى والله على الظالم,normal,Tunisia
2551,انت كول هوا,abusive,Iraq
2552,لا انشا الله حج من هلق ليوم القيامة بتلحقواحبيبي الحل الوحيد انو نخلص,normal,Lebanon
2553,ما تكون مفكر جبران باسيل اله لا يا عمي زلمي متلتنا متلو,normal,Lebanon
2554,بما تسمى اسرائيل لا حق له في الوجود على ارض فلسطين يا جبران باسيل,normal,Saudi Arabia
2555,ذميم جاء مرغما بناء على طلب اسيادة في طهران والضاحية كلب مرسله كلب ومستقبله كلب,abusive,Yemen
2556,ليش بتكرهيه جبران باسيل أصدق واحد في لبنان والكذابين أكيد مش راح يحبوه الغيرة قاسية على صاحبها,normal,Jordan
2557,صدقني انت بتضحك اكتر,normal,Egypt
2558,محاولاتكن فاشلة ويائسة دعوة الغريب اجت بس لأن معروفة عنا مين ببقدر يحالس شيخ العقل ومستوى حضور قمتكن م,normal,Syria
2559,يا سيد وئام وهاب تكلم على حجمك وما تمثل كفى عبثا في الجبل وانت تعرف ان وليد جنبلاط حرص على بقائك كفى تزلف وصنع,normal,Oman
2560,كول هوا واسكت نباحك ازعجنا,abusive,Iraq
2561,يلعن روحه من الجد للولد هات طناجر العرعور والحقني,abusive,Saudi Arabia
2562,كلُ سَيأتيك بوقته المحدد لذا عليك ان تتقن الصبر,normal,Saudi Arabia
2563,مرة اخرى تحية للوزير جبران باسيل,normal,Saudi Arabia
2564,ما شبعتو بعد من الخرطوش ولللعب بالسلاح لوين بدكن تودوا الطائفة الله يستر,normal,Lebanon
2565,زمن الصهر جبران باسيل زمن التبعية والتعطيل,normal,Iraq
2566,خنزير ريحتك طالعة صرماية اصغر قطري بتسوى اهلك ويلي جابوك,abusive,Lebanon
2567,قديش ممكن الواحد يكون ندل وواطي لحتى يكون هيك,abusive,Jordan
2568,وهل انت لبناني ومن خولك من اللبنانيين ان تتحدث في امورهم اين صرامي اللبنانيين اللي تعلم ع وشك,abusive,Oman
2569,سياسيين جداد مش شعب الشعب قلبو معتّر و درويش شعب من طيبتوا السياسيين الاوغاد استغلوها شعب لي مرق عليه,normal,Libya
2570,كول هوا انت يلعن زايدك وسلمانك,hate,Tunisia
2571,شو عم يصير معك,normal,Jordan
2572,انت جيتك على الدني فتنه فتنجي,abusive,Iraq
2573,كلي خرا افضل ما عرضك افرمو هلق,abusive,Iraq
2574,في أحلى من انك لما تعرف انو حياتك رح تكون جحيم مع وحدة تجي تقلك بدنا نترك,normal,Palestine
2575,معا لرفض التطبيع مع ميلان كونديرا,normal,Iraq
2576,نحنا معك معاليك,normal,Libya
2577,ولك كول هوا بالمنام ما حتشوفوها لبعبدا وذكرني اذا شفتوها ما بكون حدن منا هون عميل,abusive,Iraq
2578,يا ياسين الزلمه ما عندوه سيوله اخذت منوه بدوه حدا يسكت تمه بشوية مصاري قطرية هؤ,normal,Lebanon
2579,هول ناسيهن منيح ذكرتو فيهن,normal,Lebanon
2580,حماك الله استاذ وئام الكبير,normal,Lebanon
2581,يا قايم الحق ما اكذبك,normal,Yemen
2582,جبران باسيل انت تمثّل كل لبناني عظيم وشريف انت تمثّل كل لبناني طموح انت عدو كل سياسي خمول مهتري هوّي وافكارو انت عدو,normal,Iraq
2583,وشو بالنسبة لطريق المطار والضاحية عندها ازالة عثمان وجماعتك المنطوي تحت عنتريتهم ولكن الله غالب,normal,Morocco
2584,وئام بيعطي شهادات بالفساد العقاب لوهاب وهاب قاتل ابو دياب,normal,Lebanon
2585,مش انت اللي قلت وسام الحسن له علاقة بإغتيال رفيق الحريري في مجال انت وعثمان تبتزوا بعض بعيد عن العالم وتخففو شحن,normal,Yemen
2586,شارل ايوب عم يتخطى حالو كيف بيفهم سياسية واقتصاد لدرجة بيربطن ببعضن وبيطلع لا فاهم شو يعني شراء سندات حكومية وبيتهم جبران,normal,Syria
2587,إلى كل سبايا الصحافه و الأعلام,normal,Libya
2588,هيك شخص بالنسبة لها الجنس الاخر كائن غريب بحياته ما احتك فيه بيصير يفتكر ان شي مثل الطبخ هو فطرة غريزية,normal,Qatar
2589,منشن بلحة,normal,Iraq
2590,هل كلام معالي وزير الخارجيه جبران باسيل في ما يخص موضوع الامام موسى الصدر واثارته في القمه هو دفعه مسبقه لدولة الرئيس,normal,Yemen
2591,وئام وهاب أنقبر سد بوزك يا حقير يا عميل أيراني وأسرائيل ا بايع كرامتك يا ممثل بارع يا بايع أرضك وكرامتك بالمال كفاك متاجرة بدماء ا برياء,abusive,Lebanon
2592,يا ريت عدنا احد في البحرين بيصدح بصوت الحق مثلك تحياتي يا أسد الجبل,normal,Iraq
2593,طيب والسعودية شو عملت ما دعمت الارهاب ب سوريا وانت بآخر طلاتك عم تمدحها ؟ لماذا الكيل بمكيالين,normal,Lebanon
2594,استاذ سامي منحبك ومنحترمك و انت من أذكى الصحافيين و لكن هذا السؤال أخلاقياً و منطقيً ليس بمقبول,normal,Jordan
2595,يا محترم احترمت كل العالم الا جبران باسيل و بدك تتطاول عا حبران باسيل بدي اتطاول عليك,normal,Lebanon
2596,وفي السودان باسم الدين الان هم يدعمون النظام الذي يقتل شعبه,normal,Oman
2597,قليل ادب,abusive,Oman
2598,كول خرا ما إلي جلادتك بس لمعلوماتك جبران باسيل داعس بقلبك,abusive,Lebanon
2599,ام ركبه سودا خرسي يا كلبه غسب عنك تنبحي في منشني هههههههه,hate,Libya
2600,روح انت خاد مناعه منهم وخليك عندهن تيقوى عضمك,normal,Lebanon
2601,طيب نحكي منطق معقول الشيخ نعيم حسن يقول على الملأ نؤيد سياسة وليد جنبلاط؟ معقول,normal,Syria
2602,فعلا سياسيو لبنان حيرونا بالأمس القريب كانوا يوجهون الانتقادات للدولة لأنها لم ترخص لشركات أخرى,normal,Jordan
2603,انه بعض عشان تشيل عن حالك هاي الصفة وانت اكبر مطبل وعرص,abusive,Iraq
2604,شو حيوانة,abusive,Syria
2605,هالاختراع وات دو يو كول ات إن باليستاين,normal,Lebanon
2606,أنا ما عم بحكي بحقها عم بحكي عن يلي عم بهاجموا جبران باسيل مبارح وبال,normal,Syria
2607,كل العرب يتقنون التخريب العرب جرب,hate,Oman
2608,العهد القوي الفنان زين العمر أحب جبران باسيل ومحبتي له نابعة من محبتي للوطن وهو رجل دولة ناجح عم يشتغل,normal,Syria
2609,مع تقديري و محبتي لك أستاذ وئام الا أنه ليست قطر وحدها و لا المنقرض القرضاوي وحده من شكل راس الحربة في,normal,Sudan
2610,ما بستغرب انو الصهيوني يدخل بمقتل الشهيد محمد حتى يخفي ايدو بالموضوع,normal,Jordan
2611,دولة رائعة بس نحنا عرصات,abusive,Syria
2612,ألم يكن من المفترض مشاركة الرئيس الحريري في مؤتمر دافوس,normal,Modern Standard Arabic
2613,وانت شو دخل هلق معلمك جبران باسيل هوي لي بيحكي عنا او نسيت وهاب شو حكي عنك فكر فيها,normal,Lebanon
2614,اوكي خيي بايخ تركتلك الهضامة الك ههههه,normal,Lebanon
2615,هذا ما قاله المفكر آنيس النقاش عن معالي وزير الخارجية جبران باسيل,normal,Modern Standard Arabic
2616,جبران باسيل أمير كاتار,normal,Syria
2617,اذا انت أهضم مني زحّط ههههه,normal,Algeria
2618,كول هوا الله ياخدك,abusive,Iraq
2619,اضرب والريح تصيح جنبلاط عثمان سعدو جعجع كلهم وصرمايتك سوا,hate,Iraq
2620,دمشق العشق,normal,Oman
2621,لو في دولة بتحترم حالها على قولتك كنت المفروض عم تحكي من سجن رومية من تلفون ابو لمبة يا وهابو حط ضبان وحكي على قدك,abusive,Jordan
2622,جبران باسيل قوي واذكى من الدول الغربية ولا راح يرد عليهم,normal,Jordan
2623,نا اللبنانيي ما عنا مشكل نلاقي موضوع ندبكا عليه فينا نقبر بعض ع ماتش بين سوريا واوستراليا هههه شعب واعي أجلكن,normal,Syria
2624,شو بدك في هيدا حقو دولار كلب عميل سوري,abusive,Lebanon
2625,لو في دولة تحترم نفسها كنت إنت و جماعتك يلّي أطلقتوا النار على الدولة بالسجن اليوم,normal,Palestine
2626,كول هوا يا هوا,abusive,Iraq
2627,لازم ع الأقل مرة في اليوم يطلعلي تغريدك تجعلني أفكر معقول في هيك تيوس بالعالم هذه هي تغريدة اليوم,abusive,Palestine
2628,في دولة المزرعة هكذا تكون الأمور يا استاذ بسام سيكون لكل فصيلة وزراه,normal,Modern Standard Arabic
2629,قصدك انه سيرينا بشعة مثلا,normal,Jordan
2630,بس يجي لعندك تبقى ما تستقبله هلق ارتاح و ريحنا من قرفك و شكرا قطر و تميم بقلوبنا غصب عنك انت و يللي بشد,abusive,Lebanon
2631,كيف بيطفوك انت يا حبيبي الجماعة دعموا الدولة مش سعد الحريري خلص سكوت,normal,Jordan
2632,انت حمار يا ول ولا بتستحمر علينا,abusive,Sudan
2633,ما بيصير قهوة عربية مع جبران باسيل نصيحة ما تجربوها,normal,Syria
2634,وزارة الصحة أعلنت عن أسباب ازدياد الأمراض لدى المواطنين ويللي بمعظما ناتج عن تلوث هوا ومياه طيب عال شكراً هلق منشوف كيف فينا نتصل بوزارة البيئة,normal,Lebanon
2635,خرسي يا كلبه يا نوريه,hate,Libya
2636,كول خرا يا نبباح,abusive,Iraq
2637,مش عأساس كنت بحزب المير يا بسام حلاوي,normal,Lebanon
2638,كرمال تزيد نسبة المشاهدة ما عندكن حل غير تحكوا عن جبران باسيل,normal,Syria
2639,الشيطان الاصغر بلط البحر يا عيب الشوم عليك ولك اكلت لشبعت من المختارة بس صار عندك كرش وانتلت جيبتك صرت بدك تعطي,abusive,Syria
2640,اذا قالتلك أولاً مش طايقتك شو إلو لزوم تانيا,normal,Lebanon
2641,وهذا ابلغته لمرجع كيير الا يعد هذا تدخل بعمل القضاء,normal,Iraq
2642,كلمة بتاخدن كلمة بتجيبن,normal,Lebanon
2643,ضحكة عنزة,normal,Tunisia
2644,وئام زرع شعر شالو من طيزو زرعن براسو من وقتا ضاعت لبوصلة صار يتدشا خرا,abusive,Tunisia
2645,أحلى شي لما دولة طفرانة بدّا تشلّح شعب مفلس,normal,Palestine
2646,انت عندك الصيغة الأولية شي,normal,Sudan
2647,صرنا نعرف شو يعني متل الأطرش بالزفة,normal,Syria
2648,رح تظل ايران شوكة بعينك يا صبي,normal,Jordan
2649,في ناس شيعة نجحوا بمجلس الخدمة المدنية بس بعد ما توظفوا لانو جبران باسيل ما وافق لانهم اكتر من المسيحية مش هون الفكرة الف,normal,Jordan
2650,زمن الاوغاد,normal,Iraq
2651,هات كلمة حب جبران باسيل وحبه لأمن الكيان الصهيوني,normal,Syria
2652,ويا بهيم ليه ما بتسد بوزك,abusive,Sudan
2653,بس ولاك ما حدا قاهركن الا جبران باسيل اندال,abusive,Lebanon
2654,حبيب فياض يهاجم جبران باسيل بعنف لم يتجرأ اي مسؤول لبناني بالدفاع عن حق اسرائيل مثلما يفعل باسيل اليوم,normal,Saudi Arabia
2655,ميريام كلينك حالة نادرة لن تتكرر يصلح أن تُدرَس وتُدَرَّس في الجامعات قسم علم النفس,normal,Oman
2656,هلقتني عرفنا جبران باسيل كيف شايف حاله كبير,normal,Lebanon
2657,كيف يعني حرم الرئيس الحريري للعلم القيادات الكبرى غابت عن هيدا المؤتمر بما فيهن الحريري و تمثلوا بوفود,normal,Lebanon
2658,و انت وين لزم تكون,normal,Algeria
2659,وانت من اين لك هذا ع بنا ابوك معتر مساعد قاعد عم تطلع بشكلات الناس من وين الك كل هالاملاك والمصاري,normal,Lebanon
2660,لمجرد التعليق والتوضيح سيد وأم يا ريت تخلي تعليقاتك غير سامه لان مش حضرتك اللي عم تأمن وظائف للبنانيين في لبنان بل,normal,Jordan
2661,وافسم بالله انك كبير المنافقين هي قطر اللي دمرت سوريا و السعوديه بتعمل ايه بالوطن العربي بالله عليك كم,normal,Egypt
2662,يا شو لابقين عبعض,normal,Lebanon
2663,ناطرة ياخدوك عسجن رومية بس كرمال يقصولك شعراتك المزروعين يا قرد الجاهلية,abusive,Lebanon
2664,بدّك تنتقضو اشتغل قد ربعو جبران باسيل بالفعل مش بالحكي,normal,Lebanon
2665,عن أي شركات تتحدثون تحديدا,normal,Modern Standard Arabic
2666,هو خادم امين لكن ليس للناس لمعلمه الأكبر,normal,Yemen
2667,هبل العظمة جبران باسيل سيلو فاشل طائفي فاسد مغرور الحق مش عليك الحق ع الجنرال لي وصلك شامل روكز يمثلني,abusive,Tunisia
2668,هؤلاء الخبثاء والخنازير أينما حلو يحل بارضهم الخراب,hate,Iraq
2669,معو بالعثمان,normal,Lebanon
2670,يجب الحفاظ على هيبة الدولة,normal,Saudi Arabia
2671,أولا بعد بكير على هل حديث ثانيا الله يطول بعمر فخامة الرئيس العماد ميشال عون,normal,Syria
2672,معا نحو قضاء لبناني نزيه,normal,Modern Standard Arabic
2673,معبى,normal,Egypt
2674,ميامو الإعلام معذورين ما في غير جبران باسيل بيجبلكن رايتينغ,normal,Lebanon
2675,ضروري نحكي,normal,Libya
2676,نجحنا بقوتنا شكراً فخامة الرئيس ومعالي الوزير جبران باسيل,normal,Oman
2677,انت كل الهضامة يا هههههه,normal,Egypt
2678,ربما اكثر من اهان رئيس جمهوريتنا ودولتنا بفشل هذه القمة وحجم المقاطعة ومستوى التمثيل والعناد ورفض التأجيل وغياب خطة عمل,normal,Modern Standard Arabic
2679,ولك مبارح أيها المريض النفسي كنت عم تدافع عن العماد عثمان لأنو ما قبل حدا يتدخل بنقل ضباط دروز ولازم تفهم أنو ما حدا أكبر من الدولة وكلوا ألوا حساب ولو بعد حين,normal,Syria
2680,امننا مستباح و جبران باسيل بيعتبر امن اسرائيل حق بمقابلة مع ال تصديقا على كلام زياد اسود علاقتهم مع اميركا منيح,normal,Jordan
2681,ليست المشكلة فقط في أن يعلّم الأمركيين والبريطانيين كيف يديرون ا,normal,Modern Standard Arabic
2682,كان دقيقا في سواله,normal,Libya
2683,يجب على هؤلاك المجرمون الارهابيون وكل من دس فتنة انا يتحاسبو حساب مؤلم لكن سؤال من سيحاسبهن,normal,Libya
2684,غريبين أنتم أهل الجزيرة العربية بتجوا لتعايروا واحد بشكله بتشبهوه لكائن ظريف الشكل والاخلاق يا ريتكم تتعلموا من الكلاب وتصيروا ظريفين بدال الصلف والجلافة والاستعلاء,hate,Egypt
2685,مع كل احترام لكل المتابعين ما بدنا شهادة كرامة وصدق من حدا ميشال عون موزع كرامة على الكل و جبران باسيل صادق ومنعرف,normal,Syria
2686,وضغك صعب يا وئام هههه,normal,Iraq
2687,كلام اكتر من رائع يقال بحق الوزير المقاوم جبران باسيلاتعجب لامر البعض الذين باتوا يحللون,normal,Modern Standard Arabic
2688,طول عمري فهمان يا بضاعة,normal,Tunisia
2689,السيد نصر الله اذا حكا هيك شي كلنا بحقلنا نسأل شو خلا يحكي للي حكاهقصة جبران باسيل عم تكرر فمن هيدا المن,normal,Lebanon
2690,على اساس انت بتدافع عن غاندي انفوخ باللبن يلا منتسلى ولو يا بوق,normal,Lebanon
2691,كلكم أذناب من نفس الفصيلة,abusive,Jordan
2692,كلكن على بعدكن فركوشين ونص من بعد الجمعة طبعا وبقرارة نفسكن بتعرفو هالشي بنسبة من الدروز والك عين,normal,Syria
2693,كلمة الوزير جبران باسيل تمثل الجميع لكن ع شو مختلفين يا عمي القمة الإقتصادية العربية,normal,Syria
2694,هي واقفه على عماد عثمان فقط اذا دققنا بوضع البلد نجد أن وضعه انهار وسقط من اسقطه لا أحد من نهبه لا أحد من الف,normal,Libya
2695,كل العرب جرب,hate,Libya
2696,قطر أصبحت مفهومه من الجميع ولكن البعض مطر للتعامل معها,normal,Sudan
2697,مش انت بسام حلاوي الي شحتك,normal,Iraq
2698,وهاب آن الآوان لإقالة هذا الرجل قبل ان يدمر المؤسسة,normal,Algeria
2699,بس تبقى انت وجبران باسيل تطلقوا رصاصة ضد العدو الاسرائيلي منبقى منحكي ومن هلق لوقتا هيدا نقاش مضيعة للوقت,normal,Lebanon
2700,يتوجه وزير الخارجية والمغتربين في حكومة تصريف الاعمال جبران باسيل الى سويسرا للمشاركة في منتدى دافوس الاقتصادي,normal,Jordan
2701,فقد نقلت وكالة الأنباء القطرية عن محمد بن عبد الرحمن الثاني أن بلاده ستشتري سندات خزينة لبنانية,normal,Modern Standard Arabic
2702,على أساس انو انت من داعمين السلم والسلام في المنطقة انت واحد واطي بتدعم واحد أوطى منك,abusive,Palestine
2703,جبران باسيل ملك التعطيل,normal,Syria
2704,متل العادة,normal,Syria
2705,كمان من الشروط الأساسية والجوهرية على المرشح أن يكون قد أتم ال من العمر في شخصين تحت السن القانون,normal,Sudan
2706,يا زلمي حاج تحكي خلّي أصحابك الإيرانية يشترو سندات خزينه بشي مليون أو مليار دولار ليش لاء؟؟ و,normal,Lebanon
2707,الصقور إجمالا المجموعة الاتية من خلفية شمعونية عراسهم جبران باسيل,normal,Syria
2708,الراية الاخبارية الجزيرة جبران باسيل نخص بالشكر أمير دولة قطر الذي كسر الحصار المفروض على بلاده,normal,Algeria
2709,كول هوا خلينا نركز,abusive,Iraq
2710,راشيل تركيهم شعب تعتير مهتري خالص الحمدلله عنا جبران باسيل ق,normal,Lebanon
2711,دام إن الخارجيه لحزب القوات اللبناني سمير جعجع مو أولى وأفضل بمية مره من جبران باسيل,normal,Yemen
2712,حكونجي اهبل و صعلوك,abusive,Lebanon
2713,انتي ما باعصك غير جبران باسيل,abusive,Lebanon
2714,يا رجل عنجد مافي اكتر من هيك شخص بحب بهدلة انت اد اجرو لا شيخ سعد روح جيب حفاضات هجيز وتحفض ونام احسن شي,abusive,Lebanon
2715,عيب يا ريس,normal,Egypt
2716,انت بس عم تكتب لتفرجي الناس انك بتطااع بالكتب وانت لا تعرف عير لغة الصرامي يا احقر المخلوقات,abusive,Jordan
2717,زمن التبعية والتعطيل عنوان واحد جبران باسيل,normal,Syria
2718,يلعن صباحك وجه الشؤم,abusive,Saudi Arabia
2719,لا تجازي لك رب يجازي يطويل عمرك معاليك,normal,Tunisia
2720,المفروض بس وزير الداخلية الحيوان زيهوفر منه وعليه بيرحل السوريين الحجة يلي أخدوها لما صاروا يقولوا الناس لازم تروح عالسفارة كانت إنه الناس أصلاً كانت تروح بإرادتها على السفارة وحتى في تيوس نازلين سوريا بوثيقة السفر,abusive,Jordan
2721,لعنة الله على الزمن الرديء اللي بيخللي الصرامي امتالك تعوي,abusive,Yemen
2722,يجب سجن هذا المجرم عماد عثمان,normal,Saudi Arabia
2723,اي دموقراطيه عم تحكي عليها انتو النسوان ماعندكن شي اسمو دموقراطيه عدكن نكد واخواته,hate,Iraq
2724,ضابط شو سوي اكيد نسيت الري,normal,Lebanon
2725,لا تغلط هذا صاروخ ادبي بعيد المدى,normal,Oman
2726,روح قعود ب سوريا,normal,Lebanon
2727,الاماراتين يتفوقون على العالم بكثرة الغباء,hate,Qatar
2728,يمكن أفضل لابنك يروح ع الحضانة من انه يتعلم يصير حمار متل أمه,abusive,Syria
2729,متل ما انت بلبنان صوره طبق الأصل لا تتقن إلا طول اللسان,abusive,Lebanon
2730,جبران باسيل دائماً بمواقفه في الاستحقاقات الدولية بيرفع الراس,normal,Lebanon
2731,مساء النور يا زوات كيفكون؟شو الاخبار؟شو في ما في؟شو وضع البلد؟بعدا الرؤوس عم تتحجم وتتدحرج اربا اربا؟,normal,Lebanon
2732,ما بسلم عليك اللواء ب بقلك بس يجيه مذكرة يجيبك بجيبك,normal,Lebanon
2733,ارنب وبضلك ارنب ابكي بترتاح يا صرماية,abusive,Syria
2734,يا زلمة شو انك لحيس و بتغير مبادئك من كم سنة كنت عم تقول عنو الزعيم العربي الكبير,abusive,Palestine
2735,من لاينفعه الدواء لا يعالجه الا الكي,normal,Yemen
2736,ما عم يعملك لي بدك ياه نازل فيه نحت,normal,Palestine
2737,انا بقترح تلحس,abusive,Egypt
2738,يلا طلع لي بقلبك ما حدا معبرك مبارح كنت عم تهاجم ممولينك كيف ما ساعدوك بل الانتخابات وهاجمت امل خلص خسرت بل الانتخابات فهما بقا وما حدا عاملك حساب بعبع قد ما بدك وما حدا حاسس فيك وبس بدك تحكي لازم تاخد إذن زعمائك وليد بك والمير طلال,normal,Lebanon
2739,خليكن بزقوا ع بعضكن ع اساس انت منزه يا عنصري اذا بدك تنشهر ع حساب اهانة الناس من السعودية للشعب الفلسطيني وقت التصويت بآراب أيدول وغيرو وخبرنا لي حذفت تغريداتك ضد باسيل وقت حكي عن الرئيس بري هيدي مش حرية اعلام هيدي الكمية لي حكيت ع,abusive,Syria
2740,الاوصة ما بقى في تلا جبران باسيل,normal,Tunisia
2741,كول خرا انت وممانعتك,abusive,Iraq
2742,استاذ وئام يا ريت تعلق على جبران وحق العدو الاسرائيلي بلامن,normal,Syria
2743,حالتين مر بهم لبنان,normal,Yemen
2744,كل الأوطان لها الحق بالأمان أوليس كل الأوطان فيها أطفال و نساء و بشر لا للغة الحرب لا للغة الموت لا للغة الدم لغة الحرب,normal,Algeria
2745,معاليك معود عالصرامي صار بدك تحكي بالسندات و الاستثمار خليك لا تعرف اريحلك,abusive,Lebanon
2746,سدي بوزك,abusive,Morocco
2747,وفكرة حلوة,normal,Saudi Arabia
2748,اردوغان دمو بترول بالفطرة السيسي سفن أب,normal,Lebanon
2749,اذا يللي انت أذكى منو بتعتبره غبي اذا انت غبي بالنسبة للأذكى منك,normal,Syria
2750,ومين ورا هدر المليارات وبعدو تقنين وصرنا بالعدادات يا سطلة,normal,Syria
2751,بس ترى بقاء الامريكان بالعراق كان رح يفيد المنطقة بشكل جزئي بالفترة يلي صارت فيها الثورات كان وقتها حدّوا طائفية المالكي وما قدرت داعش تنفش ولا تشكل بعدها حشد شعبي طائفي ولا ميليشيات شيعية فاتت سوريا بهالحجم يمكن,normal,Palestine
2752,الإرهابي هو بشار الأسد و كل مؤيديه و داعميه قتلة الأطفال و معذبي الأطفال في سجون النظام السوري الإرهابي,normal,Palestine
2753,قصدك بفضل الاحزاب,normal,Lebanon
2754,لو قلت ان جبران باسيل ما بمثل التيار كنت صدقتك اكتر,normal,Libya
2755,ما قصرتي بس بدو اكثررررر من هيك,normal,Jordan
2756,انتي وكعب صرمايتي القديمه اطهر من نيعك,abusive,Iraq
2757,من كتر المغتربين العزابية شرواك,normal,Tunisia
2758,هل صحيح أن كلفة تغطية اطلالة الوزير جبران باسيل على شاشة ال بلغت ال,normal,Sudan
2759,انتو ما حتبطلو تتكلمو متل النسوان و المطلقات,hate,Palestine
2760,انت واحد قواد يا وهاب مين ما يعرف انك مأجور وتنشرى بكم دولار,abusive,Saudi Arabia
2761,وليد بيك كل احترام اليك بس وضع حسان ولازم يكون اختيار صف ونهج المقاومه لاننو الله يرحم المعلم والقائد,normal,Iraq
2762,مين بعت الإنفلوانسير ما غيره,normal,Lebanon
2763,توضيح سياسي معادلة السلام مقابل الامن التي يحاول جبران باسيل تسويقها بعبارة من حق اسرائيل بالامن شرط ان لا تعتدي,normal,Saudi Arabia
2764,انت الفهيم وانت صاحب العقل النَيِّرٌ وانت القصة كلا بس بلا تفرجينا هلقد أنك بتفهم حرام البشرية ما بتستوعب ذكائك,normal,Lebanon
2765,غصب عن شوارب الكبير والصغير من التابعين للخارج ومن الحرامية بهالبلد صارت بمن حضر وبأمر من الوزير الآدمي اللي بك,normal,Syria
2766,حتى هي بتقول قعد بزاوية وشربها وخلص يعني لو شرب وبعدين صار يموت ولا شرب وقام يخبط بالعالم كان اوك ممكن افهم الانتقاد بس انه شربها بأدبه وخلصت القصة شو المغزى؟,normal,Syria
2767,ما في لزوم شرح,normal,Jordan
2768,يا معاليك انت على حق لكن سؤال المليار دولار عا كم شخص توزعت كل واحد مجرم و ساعد في تدمير سوريه ولي,normal,Yemen
2769,تزوج ابنتي واعطيك وزارة الخارجيه,normal,Oman
2770,يبدو أن رائحة الريال السعودي عبقت في خشمه طال عمرك,normal,Libya
2771,مينك انت شو تاريخك شو ماضيك شو أصلك شو فصلك اللي بيشغلوك بيستحوا فيك مين انت يا صغير يا بلا تهذيب يا,normal,Lebanon
2772,كل واحد مفتري على جبران باسيل بدو محاسبة ما ترحم يا جبران,normal,Syria
2773,قال يعني قطر مهتمي بكلامك بشرفك انت مين معبرك من الدول ككل لك حلفاؤك شالو ايدن منك وقت الانتخابات و حتى سوريا,normal,Yemen
2774,هتلر,normal,Egypt
2775,هل يوجد انسان بكامل قواه الوطنية يتكلم بهذا الشكل؟,normal,Modern Standard Arabic
2776,خيي كلفوا حدا يحظر الشتامين ويلي بعبر عن رأيه بإحترام أهلا وسهلا فيه,normal,Syria
2777,له يا غالي نزعتا معنا معقووووول ولا كاتب عدل علوي ولا وزير وحتى سرقو مننا واحد من مدراء عامين حتى ح,normal,Sudan
2778,يستاهل الدعس,normal,Yemen
2779,يا أبواق الفتن,normal,Libya
2780,اولا جبران باسيل اخطأ وهالشي محسوم وما حدا يحاول يترجم,normal,Jordan
2781,واذا سجنوه بيتعامل معاملة الملوك,normal,Saudi Arabia
2782,فرق كبير بين الإنتقاد والتخوين,normal,Sudan
2783,من الضاحية الابية هنا دمشق,normal,Iraq
2784,لازم جائزة نوبل للكيميا ياخدها دكتاتور البعث الفاشي,normal,Egypt
2785,معالي الوزير كلامك يجرحهم لذلك يهاجمونك خلي صوتك يصدح بهم فانت وامثالك الحق المفقود,normal,Oman
2786,ليش بحسك بتعوي كتير يا كلب بشار مفكر اذا عويت حدن حيرد عليك,abusive,Palestine
2787,الحق على ألشعب ألبهيم أللي بس زعيم طائفتوا أللي مزحفو و مركعو حدا يقرب عليه بيركض وبيصير يصّرخ بالدم,hate,Lebanon
2788,هو توم لخبير نصر الشيطان,normal,Syria
2789,ما لقيت جملة بترد على تغريدة الوزير الذمي جبران باسيل أكتر من هل جملة لي قالها البطريرك مار نصرالله بطرس صفير الحرية,normal,Jordan
2790,سؤال لشيخك وشخ خلدة الغريب ايران بلد عربي ام اميركي ؟ اذا عرف الجواب منعينه,normal,Yemen
2791,قلتلي بلا كذب و احترم عقلك سؤال لو انا قلتلك ياهن كنت اعتبرتني مهذب؟ وبشكرك بكل الأحوال وبكل محبة واحترام,normal,Jordan
2792,كان لازم تترأس الوفد بتطلع عالتلفزيون شبوبية حلوة,normal,Syria
2793,جبران باسيل إنسان بل اخلاق,normal,Syria
2794,كان نفسي حدا يفشللي خلقي ويضرب أبو الغيط بشي صرماية بيروتية,normal,Syria
2795,متل ما بدك بس هيدي حتكون اطول ثانية بتمرق بحياة جبران باسيل و حلمو للرئاسة,normal,Lebanon
2796,هلق كله ضرب عالفلسطينيين فليش التدقيق,normal,Lebanon
2797,الثرموستات القديم بعمره خلال الأربع سنين الماضية من وقت ما سكننا ما تعطل ولا مرة يعني ليش اكل الخرا وثرموستات سمارت حدا يفهمني,abusive,Syria
2798,متل ما فهمت إنو جبران باسيل فجأة صار مستقتل بدّو وزارة البيئة,normal,Lebanon
2799,بعض المغردين لي بينعقوا مع كل ناعق بيقبض يسمعو منيح السيد شو عم يحكي عن الرئيس عون و الوزير جبران باسيل,normal,Lebanon
2800,يا فارس سعيد هيدا جبران باسيل الاصيل لا يخون حالفئه بذكرك في واحد اسمو فارس سعيد حضرتك خنت ريسك ومع,normal,Lebanon
2801,اخي علي أنت لست مدعي عام أو قاضي لتستجوبني أو لتسئلني ماذا,normal,Sudan
2802,طول ما الحمار ساكت راح يبقى الكلب راكب,normal,Jordan
2803,صبيلي كاسة شاي لو سمحتي يا جميلتها,normal,Jordan
2804,كسار راسك وراس معلمك وليد جنبلاط أبو تيمووو,normal,Lebanon
2805,سلمت و سلم لسانك,normal,Yemen
2806,فخر لطائفتنا وعزتها رجل التواضع والكرم والوعد الصادق مناشدا باحقاق الحق والعدل ويا ليت المسؤولين في,normal,Oman
2807,الله يوفقك,normal,Qatar
2808,في اليوم عندما جلّس موقفه و اصبح يفكر كإنسان معظمهم قالو عنه انه من مدرسة كمال جنبلاط و انا,normal,Sudan
2809,جبران باسيل لحاله فيلم,normal,Syria
2810,تذكير بفترة بالتحديد حرب أيار كل الاحزاب قالت شكرا قطر,normal,Lebanon
2811,هذا مجنون رسمى أو يخطط أن يصبح خروف فى بعبدا,normal,Modern Standard Arabic
2812,جبران باسيل مهضوم كتير قال بدو يعمر سوريا و هوي ببلدو لبنان مش قادر يعمر مجرور,normal,Lebanon
2813,أمن الكيان الصهيوني حطلي ياها,normal,Palestine
2814,كتبت تويت من يومين توقّعت فيها اتّهام جبران باسيل بسرقة السندات القطرية حطيتها بال قلت مش معقول نوصل لهالدرجة,normal,Palestine
2815,عودة الشعب سالم غانم بجهود طانت منى غانم,normal,Morocco
2816,له يا ابو شخة ما ضل الا وهاب,abusive,Yemen
2817,عندما يصبح القضاء مستقلا ولم يتبع من خلال سياسي لتعيينه في الجسم القضائي ممكن أن نتخلص من,normal,Modern Standard Arabic
2818,وسام الحسن كان رجلا الله يرحمه صار بديار الحق بس شو منشان زهير الصديق و شهود الزور,normal,Lebanon
2819,يا صوت الحق,normal,Iraq
2820,اللهم زدها سنكحة و عصمصة,normal,Libya
2821,انت مقهور لأن مش طالعلك شي من قطر,normal,Lebanon
2822,تزوج ابنتي واعطيك وزارة الخارجيه,normal,Oman
2823,كل خرا,abusive,Qatar
2824,رياض سلامة مرشح دائم للرئاسة و لكن يبقى جبران باسيل أفضل الشرين,normal,Saudi Arabia
2825,جبران باسيل من اي نوع هاد فريد من نوعو لسع ما نزل موديل متلو فاشل بدرجة برفيسور بلفشل,normal,Lebanon
2826,كذِّب وسلينا ما انت يا بتكذب يا بتْبَعِّق,abusive,Lebanon
2827,نشل حقيبة النائب العام الاستئنافي في جبل لبنان القاضية غادة عون أمام كنيسة قلب يسوع في محلة سامي الصلح,normal,Modern Standard Arabic
2828,كول هوا ما إلي جلادتك بس لمعلوماتك جبران باسيل داعس بقلبك,abusive,Lebanon
2829,طائفة بأمها وأبيها مازالت محرومة,normal,Iraq
2830,هههه سعودي شو هيدا مرتد لولد لولد وتاني شي كردي,hate,Lebanon
2831,خلص كول هوا العمى بقلبك شو حاقد و وسخ الله يحشرك مع يزيد اللي علمك هالحقد,abusive,Lebanon
2832,كول هوا,abusive,Iraq
2833,شو هالمسعور وهاب,abusive,Lebanon
2834,ليش بدها تتشكل الحكومة إذا ما راح يتغير شي لا العقلية ولا النفسيه ولا الشهيه ولا بعد النظر ولا التصرف,normal,Iraq
2835,لحام ولوطي وطبل,abusive,Syria
2836,طرمب اول مبارح سننسحب فوراً من سوريا طرمب مبارح سننسحب خلال ثلاثة أشهر من سوريا طرمب اليوم سننسحب خلال فترة طويلةمن سوريا طرمب بكرة لن ننسحب من سوريا طرمب بعد بكرة أبوكم على أبو سوريا,normal,Syria
2837,يجد عمامت سوداء طليت بالأبيض احزرو المراوغين,normal,Algeria
2838,ونحنا كمان جبران باسيل فتح لتدريب كل الشباب اللبناني على الشغل بالخدمات النفطية لانو عمال لبنانيين هيك القوان,normal,Palestine
2839,قبل نفوق المقبور حافظ واسرائيل تضرب سوريا الى اليوم وبدون رد شو السبب يا وهاب,normal,Oman
2840,وبما انك طلعتي تابعة لحزب روحي حاسبي جبران باسيل والفساد والسرقات,normal,Syria
2841,صعب تشرح لواحد ليش فعلياً لازم يهتم بباقي الناس ويكون عنده و وهو تيس,abusive,Saudi Arabia
2842,الى اين يا فصعون السياسة يا جبران باسيل في زمن التبعيه والتعطيل,abusive,Yemen
2843,شكلو زمان محدا قلكم كلو خرا عموما كلو خرا,abusive,Iraq
2844,خلص كول هوا وروح شخ ونام لعن ابوكن واحد واحد أوهن من بيت العنكبوت,abusive,Iraq
2845,بس جبران باسيل عم يخبص كتيير,normal,Syria
2846,الحماقة هي تبرير أفعال باسيل وصرفها حماقة ليس أحمق بل ذكي,normal,Syria
2847,نعم انا شيعي جعفري اثنا عشري واتشرف بذلك واعشق طائفتي وطائفيتي واعشق كل ابناء طائفتي,normal,Iraq
2848,عنجد اول شي بدي هني اذاعه الجديد لانها اول شي بتهتم بالزعران وبتسوق اخبارهم لك مين هيدا,normal,Lebanon
2849,الحق مش ع بول بريمر الحق ع الحمير اللي سمحه ل بول وغير بول يحتل بلدهم,hate,Egypt
2850,نسيت تقول الشهيد,normal,Tunisia
2851,سيأتي اليوم الذي سيدفع فيه الظالمين كل الظالمين ثمن افعالهم,normal,Modern Standard Arabic
2852,عن جد بأسف لهالعنصرية وتأليه الزعيم والخطب الرنانة بتأسف يكون عنّا بلبنان يلقون اشخاص يرمون,normal,Syria
2853,وانت أبن شو يا لوطي رئيس حكومتك لبناني بأمتياز يحمل عدة جنسيات متل أكثرية نوابك لي بيحملوا كذا جنسية وما بتسترجي تجيب سيرتن ويا جاهل هيدي أكاديمية ولتصحيح نعتك بل الجاهل بعتذر من العصر الجاهلي لي ما أنجب متلك ع فكرة الحريري والطائف,abusive,Lebanon
2854,بدا ثورة على حطوا روبورتاج صغير عن جبران باسيل وانهوه بجملة ما تكون متل جبران,normal,Syria
2855,كول هوا وطلع ع شغلتك,abusive,Iraq
2856,معالي الوزير نحنا شو دخلنا بكرا بيتفقوا قطر وسوريا و بالآخر بنطلع نحنا الخسرانين بالسياسة في مصالح,normal,Palestine
2857,في ع مار مخايل قد ما زغير ما بيساع الا طاولة لشخصين بيقعد عليا صاحب ال وخطيبته,normal,Lebanon
2858,ما لقيت ولا تعليق بقول انك سوي والي مش سوي عندك هو عند كل العالم سوي يعني انت الأهبل ولا واحد علق بصفك,abusive,Oman
2859,طعمرك مازنخك و م اكذبك العقاب لوهاب وهاب قاتل ابو دياب,abusive,Tunisia
2860,مش انت لبتقول مين بيسمي شيخ الطايفة الطايفة بريئة منك ومن امثالك وطالما بالجبل في دروز شرفاء,normal,Lebanon
2861,شكلك متل شكل ابليس روح طم حالك بشي كبيني العقاب لوهاب وهاب قاتل ابو دياب,hate,Lebanon
2862,جبران باسيل عام ما عنا مشكلة ايديلوجية مع اسرائيل من حقها تعيش بسلام,normal,Syria
2863,لي اصلا اكتر بلد عربي قراراته داخلية مية بالمية والدولة بتشتغل فيه بلا ميزانية وبلاحكومة,normal,Sudan
2864,ورح يعملولك اكتئاب وتوحد سعد الحريري تاج راسك وتيار المستقبل خلاص لبنان وبيروت التانية شاهدة ع انتصارات رجال الدولة,normal,Syria
2865,مافي احلا من المصاري مهيك,normal,Syria
2866,كفاكم هبل أيها السادة الجنبلاطيين لا أوامر من حزب البعث ولا من النظام الأسدي,normal,Modern Standard Arabic
2867,ولك هيدي حطيتا هون تويتر كمان هههههه,normal,Lebanon
2868,بتاريخ لبنان كله ما في سياسي تعرض ل إعلامي سياسي ممنهج متل جبران باسيل وقبله ميشال عون,normal,Syria
2869,صبِح ربك يا رجل,normal,Sudan
2870,صامت عليه جاموسة حامل مقملة مجروحة ببطنها و الجرح متقيح و محشى ذباب و خنافس و عناكب و صراصير و نمل احمر عضاض و بق جاقمو الجوع,abusive,Tunisia
2871,بشرفك خراس لأنو كلامك كلّو كذب وإذا زلمي نزال على مكتب المحاماة والد هودي الأشخاص وشوف الهويات,abusive,Syria
2872,الحق على جبران باسيل مش عاجبك روح تشكى عند كوفي أنان,normal,Libya
2873,خبرو هيك للغالي,normal,Lebanon
2874,ما بعرف ليش بتذكرني بنشتكين,normal,Jordan
2875,عثمان إلى حبس ومن ثم إلى مزابل التاريخ,normal,Algeria
2876,كول هوا بالعبري,abusive,Iraq
2877,مبروك للفائزين والله شغلة كبيرة,normal,Syria
2878,للاسف هناك من هو محسوب على نيار المقاومه يشكر قطر على حضورها الموتمر,normal,Yemen
2879,سمّعنا سكوتك يا بغلول,abusive,Iraq
2880,يا عنتر مين عنترك العقاب لوهاب وهاب قاتل ابو دياب,normal,Lebanon
2881,فخامه وين الفخامه الفخامه خروف خروف حولكم حسن زميره خرفان قطيع لخدمة الفرس الصفويه انجسه ليس فى لبنان,hate,Yemen
2882,مع شيخ الشباب معالي الوزير جبران باسيل,normal,Jordan
2883,بخصوص موقف جبران باسيل بالنسبة من العداء مع اسرائيل انه ليس خلاف ايديولوجي اين بيانكم من البحث الذي توعدتم به؟,normal,Saudi Arabia
2884,جلدوك جلد ما قصروا ولله يا لاجئ,hate,Iraq
2885,ولاك انت يمكن سوري او جربوع او حيوان بس كون اكيد انو الحريري بصرماينو داعس عليكم,hate,Lebanon
2886,مين هالحشرة ليرسل وفد هههههههه بجد مجانين انه بأخبار العاشرة بكاراكاس هذا و قد زار وفد م,abusive,Jordan
2887,عنا جبران باسيل بده يعلم امريكا وبريطانيا تدير دولة بدون ميزانية سبقناهم بسنوات ضوئية للمصريين,normal,Jordan
2888,يلعن أهلك بتقلك إيران يا حاقد يا بلا ضمير شو خص إيران يا نجس يا لقيط,abusive,Syria
2889,على شو بدي رد اسمالله بطل طالع بي اسمك,normal,Lebanon
2890,اسمحولي بالمشاركة و انا بعرفه واول حرف من اسمه جبران باسيل وعمه كمان متله نسونجي,normal,Syria
2891,لو كنت سوري يمكن كنا عذرناك بس انك تكون اعرابي وجاي تاكل هوا هون بحط البوط بتمك ولاك,hate,Jordan
2892,ما بتحب جبران باسيل أنت حرّ بس صعبة كتير تتهموا بالسرقة,normal,Syria
2893,كمان انتا سوري ولاك قرد ولاااا,hate,Egypt
2894,كول هوا فطس لملكك انشالله بلكي منخلص من عدد اليهود الموجودين المدعيين انن مسلملين,abusive,Iraq
2895,الدولة اللبنانية وأقطابها تريد إزالة إسرائيل من الوجود ولا تريد السلام العادل والشامل ولا مبادرة بيروت,normal,Modern Standard Arabic
2896,جبران باسيل معتوه,abusive,Jordan
2897,الإنجازات يللي حكي عنا الوزير انو عملها بتضوّي لبنان وقبرص,normal,Syria
2898,دخل هالبسمة يا قاهرهم,normal,Lebanon
2899,هو المُحايِدْ عن الحقّ يا معالي الوزير ملام كيف بالأحرى بدو يكون وضع الي بيكب زيت عالنار وبيضل,normal,Syria
2900,الملاحدة بقر ياخي,hate,Saudi Arabia
2901,انت بس شاطر تغرد هههههه خلصنا بقا ما انت كنت بالسلطة الفاسدة بكرا بس تجي وزير بتغير رايك,normal,Lebanon
2902,بعمره السوري ما رح يكون في خير لهالبلد ولك متحملبن نزوح مليونين سوري ولا بلد بالعالم استقبل هالعدد نسبة لحجمه وتحمل ما تحمل تبعات اقتصادية وأمنية وبيجي نائب سوري جربان بدل ما يشكر لبنان بقول لبنان استفاد من أزمة النازحين! طول عمركم ورح تبقوا نجسين,hate,Syria
2903,جبران سبب ثقب الاوزون باسيل,normal,Lebanon
2904,الشاعر والأديب العراقي يتكلم عن دمشق وليس عن بشار الجزار,normal,Modern Standard Arabic
2905,هيدا واحد سفيه,abusive,Lebanon
2906,انصحك باكل الارنبيط والفاصوليا يوميا لانو ضغط الهوا عندك صار كبير ورح تفقع اخرج بسلام يا جني وريحنا بق,normal,Jordan
2907,يا كلب سوري جربان بيت حريري اصحاب ايادي بيضاء على مدينه طرابلس مش ايدي ملطخه بالدماء والمجازر وتفجير المساجد يا كلب النظام سوري,abusive,Egypt
2908,موضوع أوزيل هو حرفياً قصة يلي ماله قصة وهو حرفياً ما لازم ياخد دقيقتين من وقت الواحد,normal,Syria
2909,صهر الجنرال جبران باسيل تحدث أمس عن الحصار الذي تعرضت له قمة بيروت الاقتصادية,normal,Modern Standard Arabic
2910,غريب في كتير بضحكهن يمكن انت جايي من غير كوكب ع كل حال رح أعملك بلوك ورَيحك هههههه انا بقول هالمرة فهمت النكتة يللا زحّط,normal,Syria
2911,هجوم قوي من وهاب لا تدفع إلا للشر,normal,Libya
2912,البقاء للأزعر,normal,Algeria
2913,السنة تاج راسك يا واطي الله يلعنك ويلعن هل الخلفة,abusive,Saudi Arabia
2914,لا تحزني يا ميرا هذا زمن الصعاليك,normal,Modern Standard Arabic
2915,ما دام كل طائفة لها زعميها وله نفوذه بالدولة وله عبيد له بالشارع لاتحلم بالإصلاح,normal,Yemen
2916,سيد العاقلين سيدي العزيز وئام وهاب يجب طرد الشر من بيننا سيد قرضاوي الاول فزاعة الامة,normal,Tunisia
2917,لا انت ولا انا فينا نقرر عن الكبار بس اللي فيني قولوا انه رئيس التيار اسمه جبران باسي,normal,Syria
2918,العما طلعوا الشباب لا بيعرفوا فرنساوي و لا بيعرفوا أنكليزي,normal,Lebanon
2919,ههههههه شو هال عفيف انت وحش فداك و مستعدين نصير كرمال الحزب نحنا ريس عفيف,normal,Lebanon
2920,بشار حتى الثورة ما بقى تنفع لان ما في توازن قوى,normal,Saudi Arabia
2921,سوري وعم تطاول ع اسيادك ولك انتو ما بتستحو ولا يا كلب يا صرصور هربتو من بلدكن اقل من نسوان وراحوا رجالنا اللبنانيي نضفوا وراكن يا جربان,hate,Syria
2922,انور الخليل عندما قدم للرئيس عون لائحة بالمفسدين والفاسدين وورد اسم جبران باسيل فيهاوضع الرئيس عون اللائحة في خزانة,normal,Saudi Arabia
2923,تفوووو عليك سوري جربان مالنا ومالكم حريصة تحرقكم انتو واهل فلسطين,hate,Tunisia
2924,متلو متل الجسوس اذا ما جاب اخبار ما بيقبض و الخواجة هون نفس الشي كل ما طول لسانو كل ما عبى الجي,normal,Lebanon
2925,في كتير نسوان عالفيسبوك احلى من ولادن هل هالشي تابع لنظرية التطور عند داروين او انو لازم نعمل عمليات تجميل للولاد كمان ما بعرف,normal,Lebanon
2926,واخرتك فلسطيني ابن كلب,hate,Egypt
2927,فليعلم المظلل ان الحقيقة ستظهر والقاتل ومن خلفه الى غياهب السجون,normal,Saudi Arabia
2928,كان الزلمي معتذر رئيس جمهوريتك وصهرو قلقو ربو هني ويتصلو,normal,Syria
2929,فلسطيني كلب الفدافي ولعلكم صوابع شمع ولم يتمر فيكم تفو عليكم وعل اليهود جنس واحد,hate,Tunisia
2930,كم انت عظيم حضرة القائد,normal,Yemen
2931,يا وئام عم تخرب صاير كلو تامر علينا الوهابي والاخونجي فقط للأمانة,normal,Syria
2932,نشالله كل لوظائف تصير علكفائة الله يطول بعمرك معالي لوزير,normal,Syria
2933,بعد الإدانات لتصريح الوزير جبران باسيل لقناة الميادين لازم نذكر انو تصريحو بينسجم مع سياسة لبنان القديمة بالسلام,normal,Palestine
2934,لا تقول انو بدك تشبه الاسد لبثار و الضباع لل المعارضه و الدول التي ثاعدت بثار باالاخوه,normal,Libya
2935,وزير الخارجية اللبناني جبران باسيل سمو أمير قطر كسر الحصار المفروض على بلادنا وحضر لبيروت في مبادرة لكسر الحصار,normal,Jordan
2936,يريد إعمار سوريا والزبالة تطمره في بيروت,normal,Modern Standard Arabic
2937,المشكله هي جبران باسيل يلي بدو يحكي و يشتغل بكل البلد و بكل الوزارات على كيفه,normal,Libya
2938,مش لمظفر النواب هي يا فهيم هي لفادي عزام اذا بيعرف انك سارقها بغباوة بينجلط اساسا هو بهي القصيدة,normal,Jordan
2939,سماحته مامات بس كان عنده اسهال شديد وعنده عقوبة إيرانية وعنده جبران باسيل سماحته بس يفطس ريحته راح تملى العالم,abusive,Iraq
2940,بنت الكلب كانت شمتانة بالكيماوي,abusive,Egypt
2941,كل الاجلال والاحترام الأوفياء بيتذكرو كرم اهل دمشق دمشق احتضنت اللبنانيين في محنتهم والعراقيين والفلسطينيين,normal,Egypt
2942,ذاك الي مبني علي ساس وساس بطيب والجود يوقف من غير حراس مرسوم بالشجاعة والتواضع وين ماخطت رجليه بوخالد أكيد ما,normal,Tunisia
2943,خط الأحمر الوحيد هو القانون يا عمر وكلنا تحته,normal,Saudi Arabia
2944,كانت دمشق مثل ماحكى النواب لحد مااستلموها بيت الاسد ودمشق لم تعد دمشق واصبحت بيد الاسديه,normal,Iraq
2945,طيييط عليك وعلى وهاب يعلن اللي عطاكم الشهادة انتو الاتنين اجحش من بعض,hate,Tunisia
2946,اختبار بسيط لمعرفة اذا كان واحد وسخ هل يستخدم كلمة حثالة لوصف مجموعة من البشر؟,normal,Saudi Arabia
2947,اذا موظف فجعان رئيسو قلو بعطيك كم ساعة زيادة وسب جبران باسيل شغلتنا نقعد ندافع عن نفسنا نحنا ؟؟,normal,Syria
2948,خليت صرمايته لكم ياتسلاب ايران,abusive,Yemen
2949,فعلاً غريب هالمخلوق محاولاتو اليائسة ليتزعّم الطائفة ما بتكلّ ولا بتملّ,normal,Lebanon
2950,الكلمه الوحيده الحق في حياتك النجسه يا لئيم نهاب,abusive,Yemen
2951,وهيدي صورة للحبايب يللي جالطينك صبح وظهر ومسا,normal,Syria
2952,بدال ما تكلم عن تغريدة لئيم ما شفنا دولتكم دولة الحمارات تدعم لبنان وماشفنا حضوركم,hate,Syria
2953,لازم يشيلو من هالدولة عم يعطينا هوا نجس كلو جراثيم,abusive,Syria
2954,هل هي فعلا مراكز أبحاث,normal,Sudan
2955,خراس ولاك,abusive,Syria
2956,قد ما عم نشم الريحة على طريق المطار صار عنا عدوى الاستبقار هيدي لبتجي بعد الاستحمار لانو الحمار بعد كم مشوار بصير يعرف الطريق لحالو بس البقر قد ما تعلمو ما بيتعلم بضل هايش ونحنا هيك صرنا شعب هايش وعنا جنون البقر,normal,Lebanon
2957,جبران باسيل لم يقدم هو يأخذ فقط بتحط نفسك بمواقف بايخة,normal,Sudan
2958,تقبرني جبران باسيل قبل ما تنسينا زعامة كميل شمعون وانجازاتو جيب الكهرباء يلي وعدتنا فيها,normal,Palestine
2959,نقول له حقها صرماية مش حقها الأمان,abusive,Libya
2960,انها المومياء اللبنانية فلبنان اصبح كالمومياء المحنطة تحمل التاريخ ولكن بدون حياة,normal,Morocco
2961,جبران باسيل لانه شخص انتزع رئيس الوزراء من فم الأسد لان صادق و الأهم لانه ذكي,normal,Saudi Arabia
2962,هني ضايعين بين فوبيا العماد عون و فوبيا جبران باسيل,normal,Syria
2963,أنا مش عم قول ما في مشكلة بس المشكلة ليس من جبران باسيل ولا من الرئيس عون,normal,Jordan
2964,النزوح يا اخوان اللجوء يا جماعة الخلفة ماشية ولا من يسأل للامانة جبران باسيل وحده لولب القصة في كل المحافل,normal,Tunisia
2965,زنخ وتقيل الدم ومستنسخ وما حضرتو ولا بدي احضرو قدح وجم,abusive,Lebanon
2966,كول هوا من ع هل صباح مايعجبك انقلع يقطعك انت وياه اللهي,abusive,Iraq
2967,جبران باسيل طلع صاحبو للسيد,normal,Tunisia
2968,هذا المليار ليس حبا للبنان وليس تبرع ولاهديه علشان يشري ضمائر ويشري ناس حقيره تساعده,normal,Yemen
2969,انت روح عا وطن جديد ولا يهمك بندبر حالنا,normal,Lebanon
2970,شكراً لك على هذا الوصف الإناء ينضح بما فيه,normal,Oman
2971,الجواز بأغلب الحالات بيكون مشان السفر برا ألمانيا إلى حد قريب كان في بديل لجواز السفر يلي بيقولوله السوريين الجواز الفضي أو الأحمر هاد بطلوه فصار يلي بده يسافر بده جواز سفر من السفارة,normal,Syria
2972,دائما العناية الإلهية تنقذ لبنان من الشر المتربص به الرئيس ميشال عون رئيس للجامعة العربية لأربعة أعوام,normal,Modern Standard Arabic
2973,فرنسي جزائري اليوم بكل وقاحة واقف قدام السفارة الفرنسية بعلم الأسد وصوره وصور تشافيز وعلم فرنسا الحرة بيحارب الإمبريالية يعلن أبوك,abusive,Egypt
2974,دفع الاموال مقابل ان لا يتطرق لبنان لسوريا ولكن عون تطرق لها في كلمته فخرج امير قطر بعدها مباشرة,normal,Yemen
2975,أعوذ بالله يمكن اليونايين النور الألمان ما بيعملوها أبداً أعوذ بالله,hate,Jordan
2976,من كلمة معالي الوزير جبران باسيل في افتتاحية القمة العربية,normal,Modern Standard Arabic
2977,انتا فلسطيني شو دخلك يازنخ يا ملكوف بالخليج يا جاحد وطنك يا مرتزقك يا كلب,hate,Lebanon
2978,بس لو بتصلح ضابط سوي ل ضابط سوري يا طنبر الجاهلية يعق,abusive,Lebanon
2979,ههههه كووووول خرا يا عرصا,abusive,Lebanon
2980,الكهربا فقاسة صيصان الخارجية سياحة وسفر لجبران وزارة الفساد حاميها,normal,Tunisia
2981,المهم إيمتى رح يستدعوا المجرور عالتحقيق,normal,Syria
2982,نحتاج الى شعب جديد,normal,Algeria
2983,لو ما كان جحش ما كان صار قنصل بلا مؤاخذة,abusive,Palestine
2984,فكرهم دايما رح نسمحلهم يقتلو القتيل ويمشو بجنازتو,normal,Jordan
2985,باسيل من سنة معمّر بنايات ورقم ليس للمبالغة المشروع القديم بنايات والجديد بالبترون وأنا شخصياً بعرف,normal,Syria
2986,انشالله يا بيتر كل السياسيين إلى زوال اولهم جبران باسيل والتيار العوني وبعدين منفكر نرجع نعيش بلبنان,normal,Syria
2987,والله مني عارف شو انت انتو دمرتو البلد انت وامثالك,normal,Lebanon
2988,رئيسك للأبد,normal,Morocco
2989,جبران باسيل ل ربما علينا تعليم الغرب كيف تدار بلد دون ميزانية,normal,Modern Standard Arabic
2990,اخي الحاج اذا شعرت انك محرجا من الانتقادات لتصريح جبران باسيل لا داعي لأن تهاجم المنتقدين,normal,Modern Standard Arabic
2991,مع احترامي الك كرمال لا تبقي عايشة بأوهام للمستقبل هيدا التحالف ماشي مع ميشال عون شخصيا,normal,Lebanon
2992,لعمى بقلبك شو بتنبح,abusive,Lebanon
2993,هيدا حيوان سوري,hate,Lebanon
2994,كنت بدي استعمل جملة و انت الصادق بس معك ما فيني استعملها لانك ما بتعرف شي عن الصدق ف رح قول و انت الكذاب,normal,Jordan
2995,و عودك رنان ضلك عيد يا حلو هههه,normal,Palestine
2996,العمى بعيونكم شو حكا كلكم انبحتوا عليه طبعا لا اهلا ولا سهلا فيه صيروا لبنانية مابدنا تصيروا بشر تحياتي وئام وهاب,abusive,Syria
2997,ودايماً جبران تقيل الدم وتقيل عقلبنا وتقيل عالوطن وبكل اللغات.,normal,Lebanon
2998,مقاوم للناس المريضة هيدا صوص سوري أخي رضا أو ايراني,hate,Lebanon
2999,نفتخر بك جبران باسيل جبران,normal,Algeria
3000,هيدا اصله سوري ويجب سحب الجنسيات من السوريين لان ما النا خير بهيك ناس,hate,Syria
3001,والله العظيم أنتم فعلاً اكبر اكذوبة وأغبى من كذا ما فيه ي,abusive,Saudi Arabia
3002,والله اذا بتسد بلعك بكون اريح العمى ما ازنخك,abusive,Jordan
3003,أكبر من ألحذاء بشوي,normal,Lebanon
3004,بالأذن من وليد بك الصيت لحضرتك والفعل لغيرك بخصوص تقلب المواقف السياسية مش عم نستطيع نلحق على تقلب مواقف الوزير جبران باسيل,normal,Jordan
3005,شو صار بالاخبار المقدّم ضد حضرتك من قبل مجموعة من المحامين بجرم اثارة الفتن والتعرض للسلم الأهلي؟,normal,Jordan
3006,"العمى ما اجحشك روحي اسألي من وزير شؤون النازحين ومين عم بستلم أموال النازحين قبل ما تتفلسفي شو النفع اذا بنت حسب ونسب وجاهله ""ينعقون مع كل ناعق""!",abusive,Syria
3007,لا ولو النازحين بيستهلكوا ميغاواط خلي الأرقام دقيقة,normal,Syria
3008,اعملو لي بدكن ياه كل شي بوقتوا حلو والبحر بكذب الغطاص والله كريم,normal,Lebanon
3009,يقطع عمرك ما ابشعك,abusive,Yemen
3010,معليك الفساد من رأس الهرم البلد كلوا فساد شو وقفت على هيدي المخالفة بس الاهم انو العهد قوي,normal,Lebanon
3011,ليكون بمعلوم معاليك لم ينجح اي علوي بالرغم من الوعود الكثيرة التي وعدنا بها التيار الحر وباقي آذار هذه مهزلة,normal,Saudi Arabia
3012,مياومو الإعلام بدا ثورة على الي عم يمول محطات تلفزيونية لبث شائعات على العهد وفخامة الرئيس وعلى وزيرنا الملك جبران,normal,Syria
3013,عاهرة,abusive,Qatar
3014,قطر لها سياستها و حساباتها و كن اكيد انه لم يكن ليدعس في لبنان لولا خلافه مع السعودية و علاقته الجيدة,normal,Saudi Arabia
3015,فهمه لهالحيوان باسيل,abusive,Libya
3016,شو السر كل ما يعمل جبران باسيل مقابلة مع محطة أجنبية يعطي الحق لاسرائيل بالوجود,normal,Jordan
3017,هيدول النازحين شو طينتهن يرجعوا ع بلدهن ولك يرحموا انفسهن ويرحمونا العمى بقلوبهن شي بيجنن,hate,Syria
3018,يا بهيم قطعنا علاقتنا مع ذيلكم قطر بسبب استضافتها و دعمها للارهاب,abusive,Yemen
3019,بس كيف بتساءب ما بتهاجموا الا جبران باسيل,normal,Lebanon
3020,بدك تسألي معلمك كيف نهب الدولة ومرافقها ومرافئها وكيف نهب الناس ودفّعهن خوات اسأليه عن احواض المرفأ,normal,Syria
3021,عافية الشام عافية الأمة,normal,Morocco
3022,ههههههه خراس البرازيل مهاراتهم اخسن من لاعبين الفريق اللي يلبس مخطط,abusive,Qatar
3023,نحنا اهل الجبل مش معبرينك ومتبريين منك بدك بفنزويلا يعبروك الله يثبت علينا العقل والدين,normal,Palestine
3024,أخي المريض قم بزيارة مستشفى الأمراض العقلية قبل أن يستفحل فيك المرض الخبيث,normal,Modern Standard Arabic
3025,وطننا يحتاج الى مسؤولين جدد,normal,Sudan
3026,شاوري معلمك طنبر الجاهلية بالأول قبل ما تغيرييها بلكي ألو رأي تاني أو مثل عادته بيستعين بصديق حبيت,abusive,Lebanon
3027,خوش معارض واطي والله,abusive,Iraq
3028,يا عفيف يا شريف يا طاهر لازم ينعملك مكان لنصير ناخد بركاتك واخلاصك يا حرامي المدينة وقاتل محمد,normal,Syria
3029,ايه كنتوا رحتوا عند جبران باسيل تشكيتوا هودي حلفائكن إلي قالوا عن شهداء الحزب الإشتراكي الي حموا عرضك,normal,Lebanon
3030,نحن بحاجة الى وطن خالي من امثالك متى ما ذهبت يا وئام الوطن بألف خير,normal,Sudan
3031,جبران باسيل حليف المقاومه بحديث مع,normal,Iraq
3032,هلق جماعة نحنا فينيقيين متلبكين إنّو نكون ضد تونس لانن اسلام ولا نشجعون لأنه سليل الفينيقيين؟,normal,Lebanon
3033,حاطين جبران باسيل وقاعدين جبران قال هيك جبران حكي هيك روح يا بهيم شوف زعيمك لي ناهب البلد من سنة وبعدو,abusive,Lebanon
3034,شكلك مغروم بالصرامي,abusive,Yemen
3035,توقعات ابو الزوز لسنة طالما انت لبناني شو ما كان برجك جاييتك ايام خرا و خوازيق ايفري وير,abusive,Lebanon
3036,حافظ اسد و السلالة اذواق لك هاد كهريس صرف صحي كبينة خرا اذوااق مين يا امة الله,abusive,Saudi Arabia
3037,الف تحية لأمير دولة قطر,normal,Tunisia
3038,ياليت تجارنا مثله,normal,Saudi Arabia
3039,اننا على ثقه انك لن ترتاح قبل انا تبين الحقيقه مهما عمل من تضليل,normal,Libya
3040,ولي كلي حالك بقى وانضبي العمى بقلبك شو وقحة لمعلوملتك بالحرب فيه البريء يفل متل اصحابك النازحين والباقي مانه بريء,abusive,Lebanon
3041,فرنجيه وبرّي وكرامي الى مزابل التاريخ الوراثه السياسيه يجب أن تنتهي وبرّي أمير ومجرم حرب قذر,abusive,Yemen
3042,أصابني الشك انه من عائلة الأسد وتبناه لبناني,normal,Saudi Arabia
3043,جبران باسيل بدو يعلم أمريكا ولندن كيف تدير بلد من دون ميزانية ونحن آخر انتاج عنا كان بسكوتة الدبكة,normal,Syria
3044,انت ما جاوبتي عالسؤال وهاب ماذا عن ثروته يا لولو التوحيد,normal,Yemen
3045,كلام أصاب كبد الحقيقة,normal,Sudan
3046,لعله يكون المدماك الاول لإلغاء المحاصصة الطائفية في الدولة,normal,Sudan
3047,وهاب أقترح عرض عماد عثمان على طبيب نفسي قبل أن يدمر المؤسسة,normal,Lebanon
3048,العاهرات اشرف من طبل الجاهلية,abusive,Yemen
3049,قطرلم تبن بيوت أهل الجنوب قطر ساهمت في إعادة بناء البيوت التي دمرت في بنت جبيل وعيناثا وعيث,normal,Yemen
3050,جبران باسيل هدد إسرائيل بأمنها وقال إذا كانت إسرائيل تريد حقاً أن تضمن أمنها وهذا من حقها اذاً عليها أن تتوقف,normal,Modern Standard Arabic
3051,هل لنا برجل كهذا,normal,Modern Standard Arabic
3052,مياومو الإعلام موضة العصر فقط للهجوم على العهد وعلى جبران باسيل,normal,Algeria
3053,بس حابب شوف كلاب العونية كيف راح يكون تعليقهم على وزير الصحة بس اكيد راحً يطم رؤوسهم بالوحل,hate,Jordan
3054,ازا بآسيل ما صارلو يبلع البلد ما راح تتشكل حكومة صار وقت الحربري يوقف فجع جبران,normal,Jordan
3055,السيد جبران باسيل بعيداً عن أي تصنيفات سلبية واعتبارات سيئة لا تليق بي,normal,Modern Standard Arabic
3056,اخذتوا ارضنا و قتلتوا شعبنا و جاي تدافع عن فلسطينييه بامريكا يا زلمه كول هوا,abusive,Iraq
3057,احترم مشايخنا يا قرد يا حقير يا نتن يا عفن يا كيس باطون,abusive,Libya
3058,كفو,normal,Libya
3059,سكت كلاب العونية فلت كلاب حزب الله القافلة تسير وكلاب حزب الله تنبح,hate,Algeria
3060,نحتاح شعب جديد,normal,Algeria
3061,زبون السوريين منذ اكثر من عشر سنوات,normal,Modern Standard Arabic
3062,عقابك قريب,normal,Saudi Arabia
3063,يللي عملولك شد عصب وانتخبتن روح شد عصبك ودفاع اشتراك موتور عصر الإنجازات,normal,Syria
3064,نحن ما نطلبه من مشيخة العقل ان تكون لكل الدروز وليس لفئه دون أخرى وهناك وقت لتصحيح الخلل أينما ما وجد,normal,Oman
3065,ما تقول الا عوني فلتان من الزريبة لا أهل ربو فيها كلاب العونية ما عندهم غير قلت الأخلاق مثل معلمينهم,hate,Yemen
3066,متى دعمت السعوديه داعش والنصره,normal,Yemen
3067,هل يجوز أن تبقى دولة يقودها مجنون هو يوسف القرضاوي يفتي لها بالقتل والتخريب وهي تدفع لتنفيذ فتاوى هذا المجنون الذي,abusive,Modern Standard Arabic
3068,وقت جبران ما ب كفّي لبنان,normal,Lebanon
3069,تعا لدق راسي فيك يا حيط و بالنسبة للكلاب العونية احلى كلاب ع المزابل,hate,Iraq
3070,ههههه كيف عرفتي,normal,Yemen
3071,كول هوا يا كلب انضب,abusive,Iraq
3072,أنت منافق وفار مز العدالة,abusive,Libya
3073,روح لطوم راسك بالحيط و عيط ما شفت اوسخ من كلاب حركة امل من كبير العيلة و نزول,hate,Jordan
3074,شو خلصنا من العونية طلعولنا كلاب نصرالله يهوشو,hate,Lebanon
3075,كول هوا ولا,abusive,Iraq
3076,يسعد صباحك يا ريس,normal,Egypt
3077,ههههههه على فكرة بس اقرأي رد وليد بيك منيح حاجة تتحمرني,abusive,Libya
3078,أمير قطر يأتي بأوامر أمريكية لمهمة محددة وهي تحويل المؤتمر منصة ضد سورية والتحريض على رئيسها,normal,Modern Standard Arabic
3079,الكل يتكلم عن الفساد والكل يُتهم الطرف الاخر وكأن الاشباح هي الفاسدة وأهل السلطة أهل الخير والشرف مش مقبول,normal,Saudi Arabia
3080,شو قطر ماعم تدفعلك,normal,Syria
3081,كيف تضعون حدا لقطر أخبرنا حضرتك,normal,Oman
3082,انتو العونية ضيعان الحكي معكون ارطيط كلاب كيف الله بلى لبنان فيكون,hate,Lebanon
3083,شكراً جبران باسيل على كل الجهود التي قمت بها من أجل انجاح القمة شكراً لك على مقررات الخاصةً بالنارحين السوريين,normal,Oman
3084,سدو يا خروف قوى نبضك هلق العقاب لوهاب وهاب قاتل ابو دياب,abusive,Tunisia
3085,اردوغان اكل هوا,abusive,Libya
3086,مجتمع من الخراف سيحكمه عاجلاً ام آجلا حكومة من الذئاب برتراند دي جوفنيل,normal,Modern Standard Arabic
3087,مدري مين زبط اخلاقك,normal,Saudi Arabia
3088,العونيه كلاب بدهن عظم يا بيك عمبيعوو مثل الكلاب الجربانه,hate,Lebanon
3089,تركي العونية و جماعة حزب المخدرات يعوا كلاب جربانة,hate,Tunisia
3090,اخت الزمان يللي خلا كلاب المزابل يطلع صوتها لكل الجرادين العونية الالاهية برد و بقللن انو سامي الجميل عندو عنفوان,hate,Syria
3091,عنا تاريخكم ببحمدون ومنعرف مين اقتحم ومن سرق البيوت قلتلك حاور بأحترام,normal,Syria
3092,ليه بتحب تجيب البهدلة لحالك,normal,Syria
3093,عيب ما بجوز هذا التخاطب لو سمحت نحنا أهل,normal,Syria
3094,يجب تطهير المجتمع المسيحي من الجرثومة العونيه انهم كلاب الوطن,hate,Yemen
3095,وقح واطي بلا أدب عاطل يهودي محنك لئيم ومع هيدا أوسكار احلى منك انت روح خلي ايران وإسرائيل يلعبوا معك وفيك,abusive,Lebanon
3096,ما تكون مثل جبران,normal,Oman
3097,المخلوقة بتناقشك بكل احترام و انت قاعد تولول متل العجيان و ما بدك تتبلك؟ حقك بلوك يخلع رقبتك,abusive,Lebanon
3098,كلنا معك جبران باسيل,normal,Lebanon
3099,رح إتركِك لأن تعبت من القلق انو شي يوم تتركيني,normal,Jordan
3100,زرع شعراته ولوووووو فيهن,normal,Syria
3101,هيدا تيار حقود يهودي مفكرين حالن أحسن بشر وهني من أسوأ بشر ربنا جابن,hate,Lebanon
3102,لا ولو عمل كثير خير معنا و مع سوريا ولوووووو,normal,Jordan
3103,بتقصود ممارسات مثل ما قال الحمار وزير الخارجية جبران باسيل؟ والله بهدل حالو وبهدا لبنان على ال,abusive,Syria
3104,خلص زهقنا منك أول فترة كنت مهضوم و نضحك عليك بس,normal,Palestine
3105,هيدا ايراني فارسي يهودي من احفاد القرده و الخنازير,hate,Lebanon
3106,شركة روزنفت خبيرة بدفع الرشاوي جبران باسيل,normal,Syria
3107,يا اخي هيدا يهودي شو بفهمو بالفقه وتعاليم الاسلام يلعنو ويلعن سلالته,abusive,Lebanon
3108,نحن نعمل ضد جبران باسيل لانه العدو الاكبر للمسيحيين في لبنان,normal,Saudi Arabia
3109,وللحق هم كارهون,normal,Tunisia
3110,بصوت ولولة خليعة هدول البقر بيفهموا بالحرية أصلا صحلون سيادة الرئيس ماكرون يقبر قلبي يلعن ابوك يا حمد عم توجه الخونة يخربوا البلد,abusive,Syria
3111,جبران باسيل ما بعتقد حدا يسمح لنفسو يحكي معي هيك,normal,Lebanon
3112,من يحاسب عماد عثمان اذا كان اللص والشرطي والقاضي والسجان شخص واحد,normal,Oman
3113,كنعان يمكن في كتير ما عملوا نوّاب قصدك جبران باسيل,normal,Lebanon
3114,مو مشكلة نحن نشيل عنك بنت العم بدنا خدمة بس,normal,Syria
3115,زعران تيار المستهبل يطلقون النار احتفالا بخيبتهم وفسادهم,hate,Iraq
3116,كل ما تحكي بشم ريحة ما بتسوى,normal,Lebanon
3117,قللو يا حمار انا أصلا ما بتفرج ع يا حمار معبى ببنطلون,abusive,Syria
3118,تيار المستهبل يحكمه الحميري,hate,Yemen
3119,جبران باسيل مالئ الدنيا وشاغل الناس,normal,Lebanon
3120,تيار الفتنه والكذب والتحريض تيار المستهبل,hate,Iraq
3121,صحيح ما في اي شك بس الدروز كلاب و خونة,hate,Jordan
3122,وظيفتو يهاجم جبران باسيل,normal,Syria
3123,كول هوا اختك شو كذاب وابن حرام وابن زنى أربعين سنة وأنتم حاميين اسرائيل وهلق عّم تتوعد بضرب تل ابيب شو هالنفاق,abusive,Syria
3124,الدروز اكبر خونه للامه العربيه وهذا يكفي,hate,Yemen
3125,مثل ما سعادة السفير يبني العلاقات السعوديه اللبنانيه,normal,Yemen
3126,شكرًا قطر وهيدي ألك يا معفن,abusive,Egypt
3127,انت كلب لكن دامك رخيص ماهي مشكلة نعطيك لقمة العيش ولا أوصيك ياالرخيص عليك ف قطر سبها لأنك منت فالح ف غير السب,abusive,Saudi Arabia
3128,يا الدرزي المعفن فيصل قاسم إش تعليقك على السرسري العذبه يا فصعون الدروز خونه,hate,Yemen
3129,ولك ليش حاطط بكعارو ههههه,normal,Syria
3130,سوري وتتكلم عن الأصول ياكنعاني مافيه مقارنة بينك وبين أهل الخليج أنت مو عربي حتى أشكالكم مو عربية بقايا مستعمرين وملقطين من كل قارة ههههههههههههههههه,hate,Saudi Arabia
3131,ولك ستحي عحالك ولك يقذر,abusive,Lebanon
3132,والله لن يأتي جبران باسيل إلى نصف مستوى الشيخ بشير الجميل والرئيس كميل شمعون,normal,Modern Standard Arabic
3133,صادق,normal,Yemen
3134,ناهب الدولة مش خائن,normal,Egypt
3135,سوري بس شو خصك روح شراب يلي بتحب,normal,Syria
3136,أنا واحد من البشر بكره الفلاحين,hate,Egypt
3137,إذا كان حبيبك ضيعجي وقلك بحبك أكتر من موتوري لا تخسريه يا بنت هيدا بيكون بيحبك بعد الرب والله,normal,Lebanon
3138,الف تحية للموحدين الأحرار لا للتفرد بقرار الطائفة وبمقدراتها وليعلم القاصي والداني أن طائفتنا المعروفية ترفض الدكتاتورية,normal,Modern Standard Arabic
3139,واحد مكيف إنه النهيق تبعه أموي شو بده يطلع منه,hate,Jordan
3140,عن جد وقح,abusive,Lebanon
3141,منك عارف كيف بدك تتبهدل عم تشتري البهدله لحالك مشترى البصله بصله بعمرها ما رح تصير فريزه,normal,Lebanon
3142,ظاهرة المذيع الطنبر بلا مؤاخزة,abusive,Tunisia
3143,طبعا جبران باسيل فهو الاكثر ذكاءً نشاطاً وخبرةً وبالتالي سيكون الأفعل والأكفئ مع كامل إحترامي لشخص الو,normal,Lebanon
3144,يا ترى ما هو موقف حماس من القصف الهمجي على مخيم اليرموك,normal,Modern Standard Arabic
3145,بشار الجحش ابن ابو سليمان ضيعجي نصيري خنزير وكتير رح يبقى الى الأبد مثل ابوه الخنزير الكبير ما عاد ألكم محل بسوريا يا خنازير,hate,Syria
3146,شووو بتئول يامعرص هذا حساب حماراتي ريحت وزار وصخ يابو ريكي,abusive,Lebanon
3147,افي بغل وانت بيك جنباط موجودين انتو بغال بجدارة وانتو ملوك الفتنة وبيك كلب اصلي اميركي يا هلا,hate,Iraq
3148,يا فهمان الدولة مش عم تأمن للمواطن اللبن,normal,Jordan
3149,جبران باسيل وعمه جنرال اسرائيل سابقاً العماد ميشال عون يمثلون سياسة الزباله التي قدمها سيدهم نصراللات لهم على طبقاً من الخياسة,hate,Oman
3150,عندما يتوقف شاب بتهمة المخدرات يتسارع بعض المتملقين لإخراجه من السجن فمجددا بفضل المرجع الكبير,normal,Modern Standard Arabic
3151,معالي الوزير حضرتك واعي شو عم تحكي أي نتائج وأي مباراة مطبوخة وخالصة كل مباراة خارج مجلس الخدمة المدنية,normal,Jordan
3152,طلاع من الخسة وشوف حواليك انو نص البلد عم يحكي متلي انو شو بدا شطارة وتخصص تا يحكي الواحد بمواضيع طالعا من مناخيرنا وإبن عشر سنين بيحكي فيها بعدين احترم لأن وحدك بتاكل هوا,abusive,Lebanon
3153,لك بحضي هالرائد أفي منو,normal,Oman
3154,ولاك انت بدك مين يضحك عليك انت كركوز بحد ذاتك حقك فرنك إيام الغلا وكشتبنجي عايش عالتشبيح وكل العالم بتعرف,abusive,Syria
3155,احسن شي تالتا أنو يلي راحوا مش لعبة أمم بس ليه بنشرات الأخبار عندك مش مصدقة أنو حدا مات وكان كل تركيزك أنو مسرحية,normal,Syria
3156,ولن ترضى عنك اليهود ولا النصارى ولا المسلمين ولا النباتيين حتى تتبع ملتهم,normal,Modern Standard Arabic
3157,اسسس شو رامبو انتي حبيب فياض حر برأيه تماما متل ما جبران باسيل حر برأيه و حكيه المستفز كتير روق يا غرندايزر,normal,Lebanon
3158,شو عم تبع رسايل لجماعتك بقطع المي ياعديم الانسانية يافلاح يا ضيعجي ويا فلاح خود الفلسطنين يلي خايف عليهن ع قطر مو ناقصنا قرف بسوريا,hate,Syria
3159,اصلن مدعوس بس زيادة الخير خير,normal,Qatar
3160,كبيييييره,normal,Libya
3161,وطننا ليس فقط بحاجة لضمائر مسؤولين نظيفين القلب والكف بل بحاجة الى شعب يحب هذا الوطن ويحافظ على نظافته,normal,Saudi Arabia
3162,الاستاذ أبراهيم قال أنو كان في تجاهل تام من الوكالة الوطنية للأعلام وتلفزيون لبنان كتغطية وكحضور,normal,Syria
3163,يعني يا انت أهبل يا مصدق حالك,abusive,Palestine
3164,وانت من الدروز يافيصل وبتكتبو الخضر وشعيب وشبعرفني شو نسيت نجمتك الخماسية يا فلاح يا ضيعجي,hate,Lebanon
3165,علي كول هوا من بعد امرك,abusive,Iraq
3166,يازينك ساكت جبران باسيل,normal,Oman
3167,رد السعوديين ع كندا بيخري إنتي حمارة ولا بتستحمري,abusive,Syria
3168,ضحكاتك في عزاءه وفرحتك في اعادة تعويمك من حلفاءك لقطاء ايران خير ادلة معنوية على ضلوعك,normal,Yemen
3169,سوريا منبع الإنتصارات,normal,Lebanon
3170,انت عقدة النقص يلي عندك انك فلاح ودون ابن المدبنة لهلاء ملاحقتك حتى لو تعلمت يا فلاح بتضل ضيعجي وبتضل دون,hate,Palestine
3171,انا مش عم صنف حدا,normal,Jordan
3172,نحتاج الى رؤيويين جداد,normal,Algeria
3173,مش ليكون جنبلاطك درزي بالأول,normal,Syria
3174,اوعا تكون القاضي بحياتك,normal,Egypt
3175,انت حمار يا عبد الله ولا بتستحمر,abusive,Jordan
3176,انت بتطلع الكلمات من طيزك وبتصفها ورا بعض اعتباطيا الفلتر آخذ عقلك الخرا,abusive,Jordan
3177,نعم يافلاح يا ضيعجي ياتافه يا درزي باتحكي عن السوريبن وانت اول من يتمنى موتهم وفنائهم وتبقى طائفتك الدرزية ياحشرة,hate,Oman
3178,يا ترى كيف العالم كله متآمر على البطل بشار وصرله سبع سنين عم يدبح بالسوريين وما حدا لهلا استغل الفرصة ليتخلص منه,normal,Jordan
3179,نحتاج الى دولة جديدة,normal,Algeria
3180,يرحم أبوك,normal,Saudi Arabia
3181,يلعنو ويلعن يلي حاوي بلا خواجا بلا زبالة,abusive,Syria
3182,ما تكون مفكر جبران باسيل اله لا يا عمي زلمي متلتنا متلو,normal,Lebanon
3183,بس عميتنا بنورك وايمانك يا بيك,normal,Syria
3184,تغريدة وموضوع حلقة تافه ومبتذل متلك يافلاح يا ضيعجي ياحاقد طبقيا خمس سنين صامدة بالسنة اكتر من العلوي والقصدعن العدد وليس محبة البلد,hate,Lebanon
3185,قانون طائفي مفصل على قياس الطوائف هو الذي انتج ضباط الأمر الواقع على شاكلة عماد عثمان,normal,Sudan
3186,ما فيك تطلب هيك طلب لأن لازم يتغير اسم تويتر لاسم جبران باسيل,normal,Syria
3187,مو جبران باسيل لي يقرر إن أمن إسرائيل حق والا ما حق,normal,Yemen
3188,سيحاكم هو وليد جنبلاط قريبا على رءيس الجمهورية بلتحرك السريع لانه قاتل ابوا دياب بلتامر مع وليد جنبلاط هذا هو الملف,normal,Yemen
3189,والله وصاير شعراوي يا واوي بعرفك حمار ما بتحكي غير كلمتين حافظن لتسب العالم,abusive,Syria
3190,هذا هو مستوى فهمك وهو دليل على انك حمار,abusive,Saudi Arabia
3191,اعلا شي وصلت له يا فيصل ان تكون لاجئ درزي قذر في قطر هذا انت,hate,Yemen
3192,بحس انو بدك ضبان للسانك لانو اطول منك,abusive,Jordan
3193,و قبل ما نقول معاليه شو سب نتذكر مين الي علقلو مشنقى بي طرابلس و لا مين تابعين نتذكر الصور,normal,Lebanon
3194,لا بس الوطن بدو تكنيس من ل متلك,normal,Lebanon
3195,سعودي كلك اسيد مش فخر,normal,Libya
3196,هل رايتم عصفورايفضل البقاء في قفصه خوفا من رصاص الصياد,normal,Modern Standard Arabic
3197,كول هوا كذاب وفاجر وبابوجي أنضف من لحية حسن البنا وايردوغان الماسوني متعهد الشرق الأوسخ الجديد لكن وعد,hate,Iraq
3198,ليك منقص حرف بكلمة ضابط سوي قصدك سوري,normal,Sudan
3199,جبران بن جرجي باسيل,normal,Lebanon
3200,متعود تنشر قذارتك يا فيصل القاسم درزي قذر,hate,Yemen
3201,الله لايبارك فيك ولامرحب فيك اطلاقا على الكرة الارضيه مابتسوا ليرة بايام الغلا وهل اسيادك اشرف من جزمت امير قطر ياح,abusive,Yemen
3202,تجربة رائعة تفضل معاليك,normal,Qatar
3203,بشار قتل وشرد ويتم شعبه ركز على شعبه مش حرب دول بشار خطف وقتل وذل اللبنانيه بما فيه الكفايه,normal,Yemen
3204,شكلو سيادة اللواء رايح على إدلب بالزمانات مسطهج عالأخير الحجي,normal,Syria
3205,خائن وعميل في بلدي روح فوت بطيزه لبشار وريحنا منك,abusive,Egypt
3206,والسيد حسن مو هو نفسه حسن نصر اللات عبد ايران هذا الي أقصده وسؤالي هل وائم معا سياسته ولا ضده فقط,abusive,Iraq
3207,انت درزي يا كلب يا فيصل زباله القاسم هذا موضوع لا علاقة له بك يا واطي يا قذر يا عميل و مشرد و كلب الدروز النباح عليه كول من البياره اللي انت فيها و قفل نيعك يا كلب,hate,Libya
3208,اذا هو مجرم انت شو بشرفك اصلا لو عنا دولة متل الخلق والعالم كنت هلق يا بالحبس يا مجنس سوري,hate,Lebanon
3209,الله يفصل راسك عن جسدك يا درزي يا قذر,hate,Saudi Arabia
3210,بعد أن قُتل مليون وسجن نصف مليون وهجر ونزح عشر ملايين لازال السوري الأهبل متفاجئ من التعفيش بيجلطوا بلد هالسوريين,normal,Syria
3211,والله أنت شخص أناني لا يمث بصلة لأبناء لبنان الكرماء كم أعطوك أل سعود لتغرذ بهذه التغريذة,normal,Oman
3212,محل نقاط امك يا حلوة,abusive,Egypt
3213,شو محشش هيدا,normal,Lebanon
3214,جبران باسيل الوزير الملك تحياتي لك صديقي الطيب,normal,Yemen
3215,لو مواطن عادي بنى خيمة قرميد ليستر عائلته لتحركة كل اجهزة الدولة وعندما تنهب مافيا السلطة الاملاك العامة لا تحرك,normal,Saudi Arabia
3216,صباح الخير كول هوا,abusive,Iraq
3217,انت سوري درزي اكيد او علوي او خربطلي اخرس ولاك انت وبشارك معك,hate,Syria
3218,أصحاب الرؤوس الفارغة ما عندا شي غير تهاجم الوزير جبران باسيل,normal,Syria
3219,تدري انك علاك وقليل حيى بس مع الاسف انك محسوب عالسوريين ياواطي روح ولاك عرص درزي دورلك على عجل يانذل,hate,Saudi Arabia
3220,رب ضارة نافعة وصول جبران باسيل الى الرئاسة يعني اننا وصلنا الى حالة الاحتضار الكامل,normal,Saudi Arabia
3221,هلأ لحتى حسّوا إنه الوحشية بالآخر بتوصل الكل,normal,Lebanon
3222,كول هوا ولاك درزي الكلب,hate,Iraq
3223,ولاك انت مسيحي شو لويش حاشر منخارك بين المسلمين,hate,Lebanon
3224,من شو بيشكو القصار الرئيس عون قصير و جبران باسيل قصير وغابي بهامس قصير من شو بيشكو,normal,Lebanon
3225,ولاك حيوان بدوي نحن بسوريا اذا حدا بقول ديني علوي او سني مندوس ع راسه نحن دينا سوريا يا كر يابدوي,hate,Syria
3226,عميل وغلام صغير للمخابرات السورية شخص رخيص و سعرك معروف,abusive,Sudan
3227,كول هوا من باب الاحتياط,abusive,Iraq
3228,بتعرفي تقرأي؟ قلت حرية شخصية بس قلة ذوق ووقاحة يعني لو حدا إجى بده يحاكم هديك الوحدة لإنها ما قبلت ترد السلام ما رح أقله ينصر دينك رح أقله يلعن شكلك,abusive,Syria
3229,السيد حسن جبران باسيل صادق,normal,Lebanon
3230,صحيح انما واسطة التيار الوطني الحر ظاهرة في نتايج كتاب العدل اين الكفاءة في جيب جبران باسيل,normal,Yemen
3231,على أساس انتي احسن من البدو اول شي يكون عندك كهربا بعدين بنعيب على الناس,normal,Qatar
3232,هاد تهليل لجبران باسيل قال شحدها من امير قطر عفوا طلبها طلب على اساس يعنل شي نجاح شخصي فاعطاه قرض ونبسطوا عليه لانو اجيت الرزقة,normal,Syria
3233,جبران باسيل فخر الصناعة العونية الباسيلية,normal,Lebanon
3234,الله يطول عمرك حبيب القلب,normal,Tunisia
3235,لو في دوله تحترم نفسها كنت معاليك بالمنفى او الحبس,normal,Oman
3236,يا أستاذ وئام اذا البحر بيحلى بيبطل في فساد بل البلد هلاء انتى مصدق لح ليكافحوا الفساد,normal,Lebanon
3237,صح قتلت مليون سوري ارهابي قذر,hate,Jordan
3238,صحيح بالنسبة لواحد متلك بيعتمد على مصاري ايران لبنان اخر همو,normal,Jordan
3239,القمه العربية الاقتصادية ارادوها النهاية فكانت البداية,normal,Yemen
3240,على فكرة رجلي بالدكتاتور اردوغان سبتويت,abusive,Tunisia
3241,لاء رح صححلك جبران باسيل النحس,normal,Lebanon
3242,انتي ما حدا دعسلك عا ديلك,abusive,Sudan
3243,طرش غنم منعدمة عندون القدرة على التفكير بس اجترار الخطاب الممانعجي المعفن,hate,Iraq
3244,وليد بيك يتعرض لحمله شعواء من قبل طلال ارسلان و وئام وهاب هل هي حرب بين رؤوس زعماء الدروز اشعلها وهاب,normal,Saudi Arabia
3245,لو منك حيوانة وكذابة وجبانة بتحطي كلامك يا قواتجية في ابشع من يكون حثالة متلك بلقوات لينشتموا تافهة مقرفة لاعقة احذية او لاعق احذية جبان,abusive,Lebanon
3246,مش عيب تكوني حمارة خاصة اذا ميولك قواتجية بس تكوني حمارة و مدعية! يا رب ارحم و اشفي هالطفلة البلوي على اهلها و المجتمع إلى الرب نصلي,hate,Jordan
3247,اولا تحرروا من حصار زعيمي عصابة امل وحزب الشيطان,normal,Iraq
3248,ما تكون مفكر حالك مهضوم خليك بل الباصات وخبرياتك البايخة انا أكيد عندك حقد ع الشيخ سعد أكتر من حقدك على العدو الصهيوني,normal,Syria
3249,إنها مدرسة الوفاء مدرسة ميشال عون تحية الى السيّد سيّد الصدق والأخلاق والشرف والى حامل الامانة جبران باسيل وما,normal,Modern Standard Arabic
3250,عم تحكي عن حالك يا خرا,abusive,Palestine
3251,ههههه لاه صراحة شايفن متلك ومتلا يا زبالة,abusive,Syria
3252,هذا شيخ البلاط الجنبلاطي يسخّر ضميره ويكذب على ديننا ويقوم بالتغطيه على زنديق ناكث لديننا كفى قلب للحقائق الدامغه,abusive,Iraq
3253,فكرة حلوي حبيتا,normal,Tunisia
3254,شو لبنان ملك بيك او ملك غيرك شو جايي عالجاهلية هوي,normal,Lebanon
3255,بدا ثورة متل الثورة اللي خلت ناس تعمل تاتو جبران باسيل من بعد مصادرت موتورات بالضاحية مياومو الإعلام,normal,Lebanon
3256,زمن التبعية والتعطيل جبران باسيل وئام طلال و جميع احزاب اذار يمثلون التبعية لنظام الأسدي,normal,Lebanon
3257,يا عمّي عم نحكي قمّة إقتصادية و دعم الاقتصاد و ملف نازحين و صناديق استثمارية كلّو كرمال يتحسّن شوي وضع,normal,Lebanon
3258,فشرتي يا قواتجية يلي كنتي توقفي عالحاجز وتاخدي منا ربطة الخبز اعرفتك من عيونك,abusive,Lebanon
3259,لسه بصرعوا طيزنا بدكن نصير متل العراق وليبيا يا حمير تجاوزناهن بأشواط هلق لو نصير متل العراق وليبيا تحسن كبير جدا,abusive,Syria
3260,هذه هي إسرائيل التي قال عنها جبران باسيل المُقاوم أنه لا يرفض وجود إسرائيل و بأن أمنها هو حقٌ لها,normal,Modern Standard Arabic
3261,جبران باسيل سيجله التاريخ كواحد من أسوأ وأوسخ السياسيين الطائفيين وسفهاء الرأي في لبنان وأكثرهم نجاسة وغباء فعلا,abusive,Modern Standard Arabic
3262,يلا لحيسه بلشو تعويه,abusive,Lebanon
3263,يخي كول هوا و خليك في دولتك فرنسا,abusive,Sudan
3264,جاسوس برتبة وزير,normal,Syria
3265,خرسي يا عونية بدي صب عليكي باطون متل ما صبيت على ظباط الجيش اللبناني,abusive,Lebanon
3266,مكربج راسو جبران باسيل ومش شايف قدامو الا حصة القوات شيل وزير من حصتك ووزير من حصة عمك,normal,Lebanon
3267,خرسي يا بشعة,abusive,Lebanon
3268,هي شخص رهيب بحق يعني ما بعرف كيف ما حدا مكتشفها من قبل,normal,Sudan
3269,أول حلقة من دون جملة جبران باسيل,normal,Syria
3270,خراس ونضب وين وطنيتك يا زمك وقت ابو دشداشة ببهدل دولتك ورئيسك خراس ونضب,abusive,Lebanon
3271,عندما يصبح جبران باسيل رجل دولة ووزير خارجية هذا يعني أننا في اسوأ حالاتنا زمن التبعية والتعطيل,normal,Modern Standard Arabic
3272,انا وحبيبتي متفاهمين ع كل شي بس كل خلافاتنا انو كيف عندي وحدي تانية قال,normal,Syria
3273,بموضوع التيار الوطني الحر و الوزير جبران باسيل و علاقة حزب الله معهم بعتقد لازم كتار يبلعو لساناتهم,normal,Lebanon
3274,لا تعلق على الشعب الخرى بطريقة الشعب الخرى,hate,Egypt
3275,على القضاء ان يتحرك,normal,Tunisia
3276,بكفي تحكي بالسيء عن جبران باسيل بصير برنامج مشهور من اول حلقة,normal,Syria
3277,الرجل ما قال امن اسرائيل حق نصيحتي للوزير جبران باسيل يحكي اللغة العرب,normal,Yemen
3278,جبران باسيل خراس يا زمك طلعت ريحتكم,hate,Lebanon
3279,مش أحسن من شوفت جبران باسيل وعمه,normal,Palestine
3280,يخسون إذا ما مرغوا خشوم تشلاب روسيا بالوحل يا قالي,abusive,Lebanon
3281,هاد معالج نفسي لك يخرب ديارك الله يكون بعون الناس اللي بتتعالج عندك,abusive,Jordan
3282,وهاب مهاجماً قطر لا تتقن إلا التخريب,normal,Algeria
3283,ليك مين عم يحكي عن الفيميه وتسهيل المرور وعلي الأمين وقع ع الدرج,normal,Jordan
3284,اكبر راس ببلدك دسنا راسو جاي انت يا ضيعجي تكبر راس,hate,Tunisia
3285,أنا مش إخوان بس لزج زيهم,hate,Egypt
3286,كيف تحول جبران باسيل لمرتزق لنظام قطر,normal,Sudan
3287,مطلوب نفي جبران جرجي باسيل اعتقاله محاكمته على ما وصل إليه لبنان الثقافة والعلم والإنفتاح مش ضروري,normal,Syria
3288,الله يقطعلك عمرك كلب ابن كلب تفو عليك,abusive,Tunisia
3289,هههه اخ وئام كون واقعي شوي انت بينك وبين حالك عارف انو وليد بيك بمتل الاغلبية الساحقة الدرزية,normal,Iraq
3290,شوي وبيصير عنا ثقافة ولي عهد,normal,Syria
3291,يا نصراني ابن المجرم أنت أخبث من الحمار سبعين ضعفا يا كلب,hate,Modern Standard Arabic
3292,جبران باسيل عام ما عنا مشكلة ايديلوجية مع اسرائيل من حقها تعيش بسلام,normal,Syria
3293,مش غريب يطلع من نيعك هيك كلام يا ريت بتسدو بشي خلده,abusive,Lebanon
3294,الحذاء هو الرد المناسب,normal,Modern Standard Arabic
3295,منتمنى عليك تسكر تمك لانو خلص طفح الكيل العقاب لوهاب وهاب قاتل ابو دياب,normal,Palestine
3296,يلعن صباحك نزعتلي نهاري,abusive,Tunisia
3297,لله درك شد عليهم ولا ترحمهم الخونه,normal,Tunisia
3298,جبران باسيل الرجل الذي لا ينام قدن كلن,normal,Yemen
3299,هنا اللبنانيوون يردون عليك,normal,Iraq
3300,مساؤكم ورد وفل,normal,Oman
3301,انت مش فلسطيني اصلا ف روح امقبر حالك يا حيوان,abusive,Egypt
3302,ماحدا بدو محاكمة ومشنقة غيرك,abusive,Syria
3303,العمى بقلبك شو سخيف إن شاء الله بضل الشيخ سعد عقلبك وحارق دمك,abusive,Syria
3304,يا أبن لحارم حارق قلبك من جوا وحياة الله انك واحد منحط لح تموت من حرقت قلبك العقاب لوهاب وهاب قاتل ابو دياب,abusive,Libya
3305,لبنان و قطر مخترقين داخلياً من ايران فلا تستغرب,normal,Yemen
3306,كرمال هيك عم بدق ل جبران باسيل يقلو ما خصني شو بيحكي,normal,Lebanon
3307,أنت أردني اوسخ من خائن,hate,Libya
3308,يا ريت تخرس وتسد نيعك الوسخ,abusive,Iraq
3309,كلامك على حق دائماالله يحميك,normal,Syria
3310,ومين القنصلية يلي رح تضل بتركيا وما تشك إنه تركيا بتجسس عليها الموضوع حيضر حتى تركيا,normal,Jordan
3311,معاليك و نتائج مجلس الخدمة المدنية مش هيك؟ مش لازم تندعم لانها لناس مشحرة و قدمت على الدولة بكفاءة و بدون واسطة,normal,Jordan
3312,وانت رفعة شي هههه,normal,Syria
3313,ايضا اسم جبران باسيل الو حصة ببرنامج طوني خليفة هاهاهاااااااا,normal,Lebanon
3314,يا ريت تتعلمو تعملو دولة متل قطر انت روح شوف المطار كيف شكلو و شوف انت وين عايش,normal,Jordan
3315,تأبط شرا باسيل جبران,normal,Tunisia
3316,ونعم بالله,normal,Tunisia
3317,لك النظام السوري انتصر وتاج راسك يا درزي يا خاين سد نيعك عمى اللي يعميك,hate,Lebanon
3318,فيصل القاسم أنت درزي وفتان والآن بدأت الفتنة على الأردن سد بوزك واسكت,hate,Jordan
3319,جنبلاط زبال نيويورك يسعى الى كانتون درزي عبر دروز سوريا جنبلوط نقول لك حامض على بوزك,abusive,Oman
3320,من المهين في هذه المرحلة من يخرج ليحاضر علينا ان القصف هذا ليس لحريتكم ولا لسواد عيونكم بالله يا شيخ؟ مفكرنا ما منعرف؟,normal,Tunisia
3321,خلو بالكم قطر ما وراها غير الخراب,normal,Egypt
3322,عثمان وغيرو رح يتحاسبو كل ما في عنا صوت حق بينده للفقير,normal,Lebanon
3323,هيك نكاية فيك بهلول استاذ فلسفة قال ما ناغص عيونكم إلا جبران باسيل موتوا قهر,abusive,Syria
3324,جبران باسيل وزير خارجية لبنان يجب ان تعود سوريا الى الحضن العربي,normal,Saudi Arabia
3325,نحتاج إلى سياسيين جدد عوضاً عن الفاسدين الحاليين,normal,Algeria
3326,انت وراجع أستاذ وئام الله يرضى عليك شي تنين كيلو فيليه للشوي عاملين,normal,Lebanon
3327,رحمه الله قتله أسيادك أيها البوق الكبير,abusive,Modern Standard Arabic
3328,قالو لفرعون مين فرعنك قالن ما لقيت حدن يردني التغريدات ما بتكفي شو ناطرين لنبعتو عند اهلو و حبيبو ابن سوسو,normal,Lebanon
3329,نعم للتوحيد,normal,Sudan
3330,تعرف تقول لنا جدك منين وأصلك منين قبل ما تتكلم انت وتسأل عن التاريخ وانت مجرد كلب نابح نازح لا أصل لك,abusive,Saudi Arabia
3331,جبران باسيل يتحمل مسؤولية إيصال البلد الى هذا الإنحدار المعنوي ويجب على الدولة ان كان هناك من بقايا,normal,Iraq
3332,صدقت وضعت يدك على الجرح,normal,Saudi Arabia
3333,عم بشركم أن جبران باسيل نفسه اطول بكثير من نفس ميشال عون وبعده شاب والله انا ما حبيته الا لأنه عملكم بالقلب,normal,Jordan
3334,طول بالك علينا يا حلو ما هني عم يبينو واحد ورا التاني خدلك سنكرز عبكرا بلكي بتروق,normal,Syria
3335,يلعن عرضك شو منافق يا بيار صوهيوشيوعي,abusive,Lebanon
3336,لازم يغَيرولا إسما من وزارة الطاقة ل وزارة كان بدنا ننجز بس ما خلّونا,normal,Lebanon
3337,القمة العربية الاقتصادية والتنموية والاجتماعية في لبنان و مؤتمر صحفي لوزير الخارجية جبران باسيل,normal,Oman
3338,جبران باسيل قصف جبهتكم هههههههههه,normal,Lebanon
3339,ما تبيّن كأنك مأجور مفضوحة صارت الخبرية سورية تشهد أعنف قصف من العدو الصهيوني و انت حاطط راسك بقطر,normal,Algeria
3340,عادي اصلن كل العظماء ما انفهموا بأيامهن الا ما يطلع جيل واعي و مستنير يتذوق هالشعر و يستطعم و يجعر من فرط السعادة و النشوة,normal,Lebanon
3341,لك طز عليك وعلى معلمك أحمق البيت الأبيض,abusive,Saudi Arabia
3342,بعد ما خلصت مهمتك بعدهم عميدفشوك لتعمله فتنه بلبلد اكيد زادو الدفعه العقاب لوهاب وهاب قاتل ابو دياب,normal,Iraq
3343,فشرت برقبتك يا واطي تاريخنا و حاضرنا و شعبيتنا و مستقبلنا بيسوا رقبتك يا عديم الاخلاق,abusive,Libya
3344,طهر نيعك يا عميل يا مفتن يا صغير و جوت امير قطر بنيعك ملاحظة جوت بالقطري يعني صرماية,abusive,Lebanon
3345,بياخد الأوامر من معلمه حسن نصر الشيطان,abusive,Egypt
3346,طيب وانت بعتبر عن رأيك ماتقعد مع عيلتك شوي,normal,Syria
3347,يعني عنجد يا ريت بتعطي وصف لحالك والله قرفت العالم منك,abusive,Syria
3348,الفيمينستس صاروا يكرهوا العلاقات أكتر من السلفية,normal,Sudan
3349,جبران باسيل قصدك عم يحكي الشباب,normal,Syria
3350,فيصل الجحش انت درزي كلب وبدك تحكي بالدين الإسلامي لك فشرت يا فيصل الجحش أن تتكلم بأسم الدين الإسلامي,hate,Syria
3351,خبرنا بس كنت تدق للواء عثمان بخصوص السماح لأشخاص ببناء مساكن من دون رخصة وكان يرفضلك طلبك,normal,Libya
3352,الملوخية هي سيمبول الحب الجميل اللي من طرفين,normal,Libya
3353,روسيا المنتصر في سوريا على بشار والارانيين وحزب الشيطان,normal,Yemen
3354,سمعني لعنة روحه يلا يا علوي فشرت تكون سني,hate,Tunisia
3355,كلب والله لندوسك يا ابن الحرام لك يلعن ابو النفضك شو ابن حرام فشرت تكون حمصي سني,abusive,Lebanon
3356,علوي وصخ,hate,Iraq
3357,ابن الكلب رح يظل ابن كلب سواء كان مثقف أو عادي البحث عن المشترك نقاط التلاقي توحيد الصف فسبك كمثقف,abusive,Syria
3358,وئام وهاب لامير قطر لا أهلا ولا سهلا بأمير دعم الارهاب وراعي الاخوان المنافقين في بيروت سد نيعك يا صرماية,hate,Lebanon
3359,هو استحق الضرب بقيمته المعنوية والصحافي رائع,normal,Iraq
3360,لما يناغشا قبل الزواج بيقللا مجنونة وبعد الزواج بيقللا مجنونة بس بغير طريقة,normal,Syria
3361,صفقات البلديات ما فهمت والله شو بتقصد بتقصد صفقة مارسيلينو الحرك مع جبران,normal,Lebanon
3362,اهم شي اللبنانين هدول بشرشرو عنصرية بكل معنى الكلمة,normal,Jordan
3363,ما بيسترجي في مصالح شي مره شفت وليد بك انتقد بري,normal,Yemen
3364,ولو نسيت على المنار شكراً قطر وينك يا شيخ حمد,normal,Palestine
3365,مصدقين حالكن يل انتخابات الجاي بصف حدك طلولا المختارة رح تضل فوق راسك,normal,Lebanon
3366,أنا ما قهرني إلّا اللبنانيون الذّين يغردون شكرا قطر وغادر القمة دغري بعد الافتتاحية,normal,Sudan
3367,دخلك انت مش مطلوب عالقضاء,normal,Egypt
3368,يا وئام نحن الدروز لا نسكت ولا ننسا انتا لستا منا ولا تمثلنا تستقوي بحزب الشيطن الى مزبلة التاريخ يا حقير,abusive,Sudan
3369,يا طائفي روح اسأل أهل قانا وهني بخبروك,abusive,Syria
3370,طيب اوك خراس,abusive,Lebanon
3371,بس مين مسيطر على زراعة الحشيش مو كلها بالجنوب,normal,Syria
3372,سميلي سياسي لبناني ما بيشد لطايفتو بعدين عم تحكي معلومة وانت مش متأكد اذا مضبوطة,normal,Palestine
3373,ولك خراس يا زلعوط,abusive,Iraq
3374,شارل منفصم عفكرة عايش بكوكب تاني,normal,Lebanon
3375,لك ياصرمايي محدا سامعك لعمى شو طبل,abusive,Lebanon
3376,سدو لبوزك,abusive,Iraq
3377,عزيزي وئام شو يعني رعديداً,normal,Lebanon
3378,تسلملي انت والنموذجيه المشكله انه نحن الشيعه نبقى ندفع ثمن بقاء غيرنا نسيت انت وغيرك ابناء شهداء,normal,Iraq
3379,انك تتمنى عوليد بك عدم التدخل متل ما بتتمنى عالبسَين ما ينط عالسمكات,normal,Lebanon
3380,فشرت بنص عينك ياكلب,abusive,Syria
3381,اصدر ترامب قراراً يقضي بتأمين الحماية لكل من وئام وهاب امين حطيط وقنديل وانيس النقاش,normal,Oman
3382,بفهمك يمكن صعبة عليك تشوف إنسان ناجح و نظيف متل جبران باسيل,normal,Palestine
3383,وئام وهاب من الامارات يهاجم قطر وهو حليف لحزب الله كل دوله لها رجالها,normal,Oman
3384,انت اجدب ولا عم تجدبا لا اجدب ازبط اول شي لانك فلاح وابن ضيعة تاني شي فشرت,hate,Lebanon
3385,لبنان طاهر بدم الشهدا يا خنزير فشرت انك تحكي علبنان يا خنزير,abusive,Lebanon
3386,خلهم ثنين,normal,Qatar
3387,مصطفى حمدان كول هوا طوني خليفة,abusive,Iraq
3388,انا كمواطن عربي عم بلّش إشعر بتحسّن تنموي,normal,Lebanon
3389,شو بدو بهالدين الأعوج,hate,Lebanon
3390,اية ألله العظمى جبران باسيل قدس الله سره ذكر أن امير قطر تخطاء الحصار وكلامه كذب,normal,Iraq
3391,حاطين جبران باسيل وقاعدين جبران قال هيك جبران حكي هيك روح يا بهيم شوف زعيمك لي ناهب البلد من سنة وبعدو بس الجمل ما بيشوف حردبتو,abusive,Lebanon
3392,اللعنة علي قطر شعبا و حكومة و مقيمين,hate,Libya
3393,بس المحسوب علينا وزير جبران باسيل أقر بوجودها وبحقها في ضمان أمنها هيدا وهو حليف للمقاولة كيف الوضع,normal,Lebanon
3394,خراس بليز,abusive,Syria
3395,ما حدا بالو بطرح اسمك نحن همنا نؤمن ع حقوق المسيحيين من خلال رئيس الحمهورية ت اذا في حال انت وصلت مع اني بشك للرئاسة,normal,Syria
3396,وبمعنى آخرأكرم شهيب سدو لنيعك,abusive,Lebanon
3397,ولله ستحي شوي ولووو عن جد لي ستحوا ماتوا اساسا لو في عنا دولة كنت وامثالك مجردين من الحقوق المدنية,normal,Oman
3398,حاج تنكت فرطو خواصري انت مش مجرم لان,normal,Tunisia
3399,معاليك بس سؤال انت ليش بتغار من معلمك شيخ سعد يا عمي بحس عنجد أنو حارق قلبك وانك بتغار منو صدقني,normal,Syria
3400,آحا,normal,Morocco
3401,هههههههه كنت منتسب او لاء ما بتقدم ولا بتأخر بنسبي النا فهمك كفاية,normal,Lebanon
3402,بدها تقنعنا انه جبران باسيل ملاك,normal,Palestine
3403,سدو لنيعك يا ولد ما حدا طلب شهادة عن المير كفى تمسيح صرامي وجوخ حجمك معروف زمك ورح تبقى زمك,abusive,Lebanon
3404,شو هالعربدة بيفوت طيران حربي بيقصف وبيكزدر وبيضهر ساعة لي بدّو؟ شو الدني سايبة؟ ههه,normal,Lebanon
3405,وهاب هذه الدويلة لا تتقن الا التخريب,normal,Tunisia
3406,شوفوا مين يحكي,normal,Saudi Arabia
3407,عاجل شرموط مجرم حرب يزور شرموط مجرم حرب تاني متله,abusive,Syria
3408,هذا الكلام عار عن الصحة بول بريمر هو من أفضل الدبلوماسيين عرفتهم اميركا في العقدين الماضيين,normal,Oman
3409,وحش,normal,Libya
3410,شكلك مقصرة بواجباتك الوطنية ابيصير,normal,Qatar
3411,لك يا حجي عيفك من بشار الجحش صار في عنا أولويات أهم لا بديل عن إسقاط نصر الحريري لابديل عن إسقاط النظام,abusive,Lebanon
3412,هههه قصدك من مصلحة الى مصلحة,normal,Jordan
3413,والله الذي لا اله الا هو كنت على يقين ان تنطق بطائفيتك,normal,Tunisia
3414,عجبتني هيدة خليك تضوي وتطفي وتعوي عالقافية مش غلط ابدا ابدا,abusive,Lebanon
3415,مين بدو يحاسب مين يا ابني ابتسم انت في لبنان,normal,Palestine
3416,دخلك مش اسيادك يلي قتلو الشهيد وسام الحسن دخلك مش كنتو تسبو في طالع نازل خراس يا منافق دم زلمتك برقبتك,abusive,Palestine
3417,خرا عليك وع رئيس حزبك و ع معلمو الكبير,abusive,Syria
3418,ناس ما تستاهل الا الضرب بالجزمه سحبوا عليهم الدول الثانيه ومحد عطاهم وجه الا تميم المجد وهذا كلامهم,abusive,Qatar
3419,إن تصريحات جبران باسيل حيال إسرائيل نابعة من قناعة دينية مؤيّدة للتوراة اليهودية باعتبارها عهداً قديماً للعهد الإنجيلي,normal,Modern Standard Arabic
3420,لو كنا في دولة لما حصلت غزوة الجاهلية,normal,Libya
3421,نعم إنه عل حق اذا إسرائيل حققت سلام مع فلسطين لبنان اردن والدول العربية وين المشكل بس هيك جبران باسيل,normal,Syria
3422,وين هيدا الشي يا معالي الوزير,normal,Lebanon
3423,وهل يتم السكوت عن تدمير الشعوب والبلدان العربيه من أجل مائة لبناني يعملون بقطر,normal,Modern Standard Arabic
3424,وانت ياحمار لازم كمان تعرف انت ومعلمك الهبيلة انو صرمايت لصغير بي بيت الحريري ابتسوى رقبتكون افهمت ولا برجع بعيد سدو لنيعك ياحقير,abusive,Iraq
3425,وصل بك الامر للتامر علي جنبلاط,normal,Modern Standard Arabic
3426,يعلن الأسد وكل لاعقي الاحذية,abusive,Oman
3427,يعني لازم كل الوقت الك كول هوا لعمى بعيونك شو بتحب تكول هوا,abusive,Jordan
3428,يسعد صباحك بكل خير,normal,Tunisia
3429,كم كول هوا بتعمل بالتويت,normal,Iraq
3430,مش ملاحظ حالك انك زدتها يا حيوان,abusive,Palestine
3431,العمى في عيونك ما أجحشك يا كلاش يا شاوي النجس صاحب واجب يا هوا,hate,Egypt
3432,من كل عقلك بعد في حدا او مرجع كبير بهالبلد؟ من ورا عمايلكم البلد كله بمن فيه صار صغير صغير صغير الله ينتقم منكم,normal,Syria
3433,والله انا متفاجئة كيف بعدو مطول بالو عليك وهذا يحسب له,normal,Saudi Arabia
3434,بدنا نضل ونغير لبقر لمتلك يا خروف خروف,abusive,Palestine
3435,بدي اشوف وين وح تصفي يا شيخ النور انت وكراكيعك اذا طلعت روسيا من سوريا عليم الله غير اهل درعا يحتلو الشام ويربطوك انت ونورياتك بجبل قاسيون,abusive,Jordan
3436,كل حكام العرب أحقر من بعض بعضهم مأمور وبعضهم شحاد متسول,abusive,Jordan
3437,جبران باسيل نكاية برئيس مجلس النواب الفنزويلي يؤيد مادورو حتى لو انزعجت امريكا,normal,Iraq
3438,السياسي الوِسِخ بعين جماعته حربوق,abusive,Tunisia
3439,يلعن شكلك بوط,abusive,Syria
3440,جبران باسيل كذاب منافق عبد للدينار والدرهم,abusive,Syria
3441,ولكن الجواهري الكبير قال سلاما ايها الاسد سلمت ويسلم البلد وتسلم امه فخرت بانك فخر من تلد,normal,Tunisia
3442,الحمرنة وراثة او مجهود فردي,normal,Iraq
3443,جبران باسيل بدو يعلّم لندن و واشنطن كيفية إدارة بلد من دون موازنة,normal,Syria
3444,عفواُ بس لو بتوضحي مين قصدك رئيسي؟,normal,Jordan
3445,والله أنتم أغبى ناس الأرض هناك مثل لبناني يقول نكاية بالطهارة شخاخ,abusive,Saudi Arabia
3446,ما احمرك ياشلاش الخنزير,abusive,Lebanon
3447,منكون هبل اذا مفكرين جبران باسيل مش قابض حق تصاريحو وخاصة أمن اسرائيل وحقها بالوجود,normal,Jordan
3448,الدم بيرخصلك الله محيي اصلك,normal,Lebanon
3449,عنوان غلط اولا هو ولا مرة حكي عن الثلث,normal,Jordan
3450,لأول مره اتفق معك بحظور البهيم تميم إلى لبنان زادت الزباله كيس زباله,abusive,Yemen
3451,بيستاهل اكتر من هيك,normal,Palestine
3452,معك حق ما في دولة والله عجيب أمرك مبارح كنت بعدك عم تسب الدولة والاجهزة الأمنية هلق صار وين الدولة,normal,Syria
3453,مشكور,normal,Qatar
3454,يلعنك منافق,abusive,Tunisia
3455,انتصر على مين ياجحش على شعبو هو صرماية برجل بوتين وخامنئي,abusive,Palestine
3456,هيدا بكرا بيضب اغراضه وببلحق ربعه بس يبطل اله خبز هون,normal,Lebanon
3457,مياوم شخص بيشتغل كل يوم ضد جبران باسيل,normal,Syria
3458,شلة بهايم معاقين,abusive,Qatar
3459,كول خرا يا حمار يا زبالة يا نكرة,abusive,Iraq
3460,وئام قديش قابض عليها هااااي,normal,Palestine
3461,من هيك وقفتو مع جبران باسيل ب انتخابات الجامعة اللبنانية لما قرر يقاطع ب وجه المثالثة,normal,Palestine
3462,انت مين قاريك؟ واحد حقود بدك تمشى العالم على ذوقك,abusive,Jordan
3463,ممجوج ولو,normal,Syria
3464,سخيفة وبجم تدمر بلدكم واساكم تعبدوا اسيادكم,abusive,Iraq
3465,طعمرك بس لانه ما عم يرميلك عضمة لتمصها مقهور منه,abusive,Syria
3466,مؤتمر صحافي يجمع وزير الخارجية جبران باسيل والامين العام لجامعة الدول العربية أحمد ابو الغيط لعرض نتائج اجتماع اللجنة,normal,Syria
3467,ولك احكي عقداك شو خصك بمحمود درويش,normal,Lebanon
3468,قلمك واضح وللحق ينحني للاسف معاليك كانو ناطرين موتك بس الله كتبلك عمر لانك صاحب حق والله يحب الحق,normal,Yemen
3469,لا يصح إلا الصحيح,normal,Oman
3470,يحتاج اكثر من حذاء,normal,Iraq
3471,المذهب أسدي كلب,abusive,Syria
3472,انت القائد,normal,Tunisia
3473,الجولان معن يا أرنب,normal,Syria
3474,سورية قلب الامة العربية,normal,Oman
3475,فاسد,abusive,Tunisia
3476,رحم الله الشهيد وسام الحسن,normal,Tunisia
3477,كلما كثر منتقديك تكون انت المحق دعهم بغيظهم يموتون سوريا تنتصر وحلفائها يحتفلون والسعودية تذل وحلفائها,normal,Iraq
3478,ثم تكون شيوعية على منهاج الماركسية,normal,Modern Standard Arabic
3479,صحيح يا نعال كما انتم يولّى عليكم من دحلان الزفت الى عزمي قذارة,abusive,Yemen
3480,الحقارة حينما تنطق وزير خارجية لبنان جبران باسيل مثالاً,abusive,Modern Standard Arabic
3481,كم نحتاج لشرفاء أمثالك حتى يكون لهذا الوطن عز وأمان,normal,Modern Standard Arabic
3482,جبران باسيل يذكرني بشخصية فهمان فرقة ابو سليم الطبل,normal,Iraq
3483,حبيب فياض مصاب بعقدة باسيلوفوبيا,normal,Modern Standard Arabic
3484,شاحت الوجييه الله يخزيه وين ماكان هو وعزمي فشاره والعصملي حريم السلطان,abusive,Yemen
3485,هو ما قال اسرائيل لها حق بالأمان مين عم يترجملك يا أخ,normal,Jordan
3486,يا جماعة والله الفيس بوك بلشتو مشان طبق بنت وما بعرف كيف وصلت لهون,normal,Syria
3487,شيل عينك عن لبنان انت و كل كلب متلك حكايتك و غير هيك انشالله بتنباع بالعزى,abusive,Jordan
3488,جبران باسيل بدو يعمّر سوريا و المشرق و نحن جسر الكولا صار يفنتر تحتو وقت العاصفة سعاد السعدانة لبنان,normal,Lebanon
3489,ما حارقلكم قلبكم غير لبنان يا كلاب,abusive,Lebanon
3490,نشالله يكون وعي ضميرك وتعترف بجريمتك بما أنا دلأل واضحه,normal,Libya
3491,يلعنك تيس وبالليل بتتحول خنزير,abusive,Syria
3492,ما عطوك الخوة الهيئة,normal,Iraq
3493,انت بتضب لسانك احسن ما ما نقبعو من شلوشو يا شليش طز فيك و بشار قاتل الاطفال,abusive,Libya
3494,خراس سب رمزي و ليو لا,abusive,Tunisia
3495,بفتكر إنت بتتقن المكر والعهر,abusive,Egypt
3496,هلق صاروا ولاد غازي كنعان يا فاشل كنت ترتعب بس تسمع بأسمو,abusive,Lebanon
3497,اذا بيقولولك ما بينضهر ليلة راس السنة لكين مين كل هول يللي بيكونوا عاملين كل هالعجقة السير,normal,Syria
3498,بس يحكي جبران باسيل,normal,Lebanon
3499,جبران باسيل عليه اللعنة,abusive,Syria
3500,على فكرة قطر تأهلت لنصف نهائي كأس آسيا,normal,Palestine
3501,وهل اصبح وئام وهاب قاضيا يبرئ المظلوم ويسجن المذنب بأدلة من فجوره وقوة من عمالته لنظام دمشق وزحفه,normal,Oman
3502,لماذا تنتقد قطر فقط الامارات والسعوديه نفس النهج,normal,Modern Standard Arabic
3503,امممم عادي عساس انت الجميل خراس وسد نيعك,abusive,Lebanon
3504,هدول نفسون وبكل أريحية بقولوا ابو هُريرة رضي الله عنه,normal,Syria
3505,عندما تكون القمة العربية على أرض قرارها مختطف إيرانيا عبر ميليشيا حزب الله,normal,Modern Standard Arabic
3506,سلامة هضامتك من الزناخة ميشان هيك رح أعملك بلوك هون وتابعني عالشاشة,normal,Syria
3507,اخ الحمدالله خسروا الكلاب هلا فيني موت بسلام,hate,Syria
3508,وئام وهاب من أشرف الخلق سياسي صريح صادق وطني مخلص,normal,Morocco
3509,اشتقنا لحوارات دراما من نوع انتِ وحدة كاسرة وفاجرة ولقيطة وبنت حقلة,abusive,Algeria
3510,مدرسة ميشال عون بترفع الراس,normal,Palestine
3511,ياابو ريدا بدك تستشهد بكلام مظفر النواب لازم تكون انسان حر مو انسان طرطور,abusive,Syria
3512,ما حدا شادد ع مشدو غير ولاد عمومتو وجيران القراب والأقرب حاج يعملنا فيها قضية درزية ماحدا قاريه,normal,Syria
3513,كمثل من يقتحم مباني الدولة شو منسمي,normal,Lebanon
3514,اه يا طبل الفتنة انت,normal,Tunisia
3515,لعلها الطريق لدولة المواطنة,normal,Algeria
3516,مسمة مش بانتقاد الموقف بالعكس انتقدوا خيي بس بلا شخصي متل ما انتوا دولة ال,normal,Lebanon
3517,هل تعلم أن عتاد الملازم هو عبارة عن بدلة عسكرية وسلاح بقيمة وقف أمام الصهيوني الذي يرتدي عتاد بقيمة ؟,normal,Modern Standard Arabic
3518,طبيعي تكتشف ناس دجالين بحياتك بس المش طبيعي تكتشف فيهن هالشي وينسّوك ياه كل مرة,normal,Syria
3519,مش مهم المهم انها بتدفعلوا,normal,Egypt
3520,كول هوا شايفني خايف منك يعني هواي عليك وعل امارات شعب ما يجي بالاحترام طز فيك وبلدك,hate,Iraq
3521,انت يا عبد الريال والمنشار ورح ضل قلك كول هوا وارجاع لورا,abusive,Syria
3522,ال العرصى اللي بشغلهن,abusive,Lebanon
3523,معك حق معاليك ما حدا بيعطي ببلاش كلو بدنا ندفع حقو ان كان من قطر او السعودية أو إيران,normal,Lebanon
3524,شكرا تيمور جنبلاط على ترميم طريق الجاهلية منطقة هذا الشاذ وئام وهاب خلي كل العالم تشوف بتطلع بتاكل خرا,abusive,Lebanon
3525,كول هوا هوا كول يا طبل,abusive,Libya
3526,جبران باسيل فخر الصناعة العونية الباسيلية و,normal,Lebanon
3527,المخلوقة متنحةقال يا تطبخني يا ترجعني لبيت أهلي,normal,Iraq
3528,حقيري المنحبكجي البلد خربت لأنو رئيسك الساقط أعدم مجد خولاني و فلت أبو محمد الجولاني وشكراً,abusive,Lebanon
3529,مياومو الإعلام موضة العصر فقط للهجوم على العهد وعلى جبران باسيل,normal,Algeria
3530,لك هادا بيندد هادا بيدين شو القصة مانن عارفين والمراقبين قاعدين سياحة بركن الدين خافوا الله يا عرب يا عرب خذلتونا باب قبلي بوجود بعثة المراقبين العرب,normal,Saudi Arabia
3531,وانت بلا عقل وبلا كرامة,abusive,Syria
3532,فتش عن علاء الخواجة بكل شاردة وواردة,normal,Yemen
3533,ولَك حاج زعرنات يلي ضد القانون انت وبس,normal,Tunisia
3534,انت بشو بتحلم يا حمار تبقى الصبي عند طال منشارو,abusive,Lebanon
3535,ما حدا منكم يتدعي إنه رؤوف رحوم حنون قديس ناسك راهب عفيف لطيف شريف همه الوطن والناس مقيم كان أو مغترب,normal,Lebanon
3536,نعيما يا دندن انت ومعلمك ما بتوصلوا لصباط جبران باسيل,abusive,Lebanon
3537,ومن معلمك ومين دعس على راسك انتي سعد الحريري لح يضل دعس على راسك,abusive,Jordan
3538,قاتل القتيل وماشي بجنازتو وعم توجه تمني لتاج راسك استحي من دم رفيقك الي انت وشيطانك الاكبر تأمرتو على قتلو,normal,Iraq
3539,يا معلمنا يطولنا بعمرك,normal,Tunisia
3540,خراس عشان ناكل,abusive,Libya
3541,خيي هلق قطر ناطرة الفوايد انا مشكلتي انو هوي عم يهاجم قطر و يدافع عن الباقيين مع انو كلن ك,normal,Lebanon
3542,ومين القاضي يلي بدو يحكم,normal,Palestine
3543,جبران باسيل لما كان صغير,normal,Lebanon
3544,طيب وهذا اعترافكم بالصوت والصورة,normal,Saudi Arabia
3545,اذا معلمي زنديق انت معلمك شو ابن متعة انضب احسن ما كمل القصة يللي بتعجبك,abusive,Syria
3546,عن انحسار وتراجع العربية الفصحى في البلاد العربية,normal,Oman
3547,هو حد جاب سيرتك ولا لازم تبوس الجزم و تعيش راكع حتي لو عايش في قطر هما بيدوك احسان ولا مرتب,abusive,Egypt
3548,كلنا ع طريق الشهيد محمد,normal,Syria
3549,وانت يا ويئام انا الي عملتك ووصلتك على سوريا انت تخطيت حدودك تدخلت وقسمت المشايخ تاج راسك والى خلفوك,normal,Libya
3550,عقصة غدر هيدا العهر وناموس يطعن بالضهر حك بصبر بس القهر انك ما تعرف كيف هربِت من الشباك,abusive,Lebanon
3551,بالفيديو نصرالله عن باسيل علاقة مميزة وفي صداقة وصدقية وإحترام وتسريبات ويكيليكس هامة إلي اللي عزز هيدي الصداقة,normal,Lebanon
3552,اولا فخامة الرئيس العماد ميشال عون وثانيا هدف الأستاذ جبران باسيل هو من أجل لبنان اذا انت امثالك,normal,Oman
3553,جبران باسيل ديكور لبناني والمحركات إيراني,normal,Syria
3554,ولاد الحرام حتى كابلات الكهرباء من تحت الأرض نابشينها ومعفشينها ورايحين يشحدوا من الأونروا مصاري,abusive,Tunisia
3555,هذه احدى طرق العمل على تحفيز و مساعدة واقناع اللاجئين السوريين بالعودة الى وطنهم,normal,Saudi Arabia
3556,بشار السفاح يلعن روح بيك بقبرو,abusive,Iraq
3557,إذا الوزير جبران باسيل اعتكف عن التصريح حوالي شهر أو شهرين كم مؤسسة اعلامية بتسكّر كم صحافي واعلامية بناموا بالبيت,normal,Syria
3558,كول هوا يا هوا انت واحد هوا وحكيك هوا وراح تضل تاكول هوا انت شو مين سالان عنك يا هوا كلك شقفة جلبوط هوا,abusive,Jordan
3559,ملك تبييض الطناجر العقاب لوهاب وهاب قاتل ابو دياب,normal,Tunisia
3560,اوعا تفقع او يطقلك شي عرق تروح فيها يقوم يحسبك علينا اوسكار اوعا كل شي ولا اوسكار,normal,Tunisia
3561,اعلام رخيص وبلا منفعة عملوا اد ربع جبران باسيل ورجعو حكوا روحوا عملوا ثورة عا لي هني,normal,Syria
3562,طفل خارجية لبنان,normal,Syria
3563,ليسة حكمة حكيم بل هي جبران باسيل,normal,Syria
3564,عنجد بهيم هلق قطر أودعت المبلغ من شان الفوائد,abusive,Lebanon
3565,مسلسل مكسيكي كرمال نائب لبناني تتأكد اذا الزبالة مغروزة او الا الله يعطيها العافية,normal,Syria
3566,قصدك البغل جبران باسيل؟؟؟,abusive,Lebanon
3567,يلعن هل صباح ما اقرفك,abusive,Sudan
3568,بجامعة حلب عملوا اعتصام بساحة الجامعة وشحطوهن ع فرع الحزب بالجامعة وأكلوا قتلة وكزا واحد انفصلوا,normal,Syria
3569,هاد كان في متلو كتير بحلب بشارع التلل,normal,Syria
3570,محاسبة لمشنوق لعماد عثمان عصفور كفل زرزور والتنين طيارين,normal,Tunisia
3571,لا تندهي ما في حدا,normal,Lebanon
3572,بس أهضمن راشيل وينعاد عليكي,normal,Syria
3573,لما قلنا تميم البرغوثي اخونجي سافل احذروه نطو اشقاءنا المصريين وقالو لااااااع ده شاعر وقومجي طيب يلعن بيك على بي القومجية والقومجيين,hate,Egypt
3574,التعليقات خوتة فظيعة,normal,Egypt
3575,عصابة الفساد والقتل سيأتيكم يوم,normal,Modern Standard Arabic
3576,ابوهادي نعتز بك حضرة الرئيس,normal,Yemen
3577,هيدا مثل عن لبناني دارس علوم سياسية وبيجي بقلك التيار مسؤول عن فساد,normal,Lebanon
3578,انت خراس و انت مين اصلاً لتحكي يا حشرة يا نكرة يا خاين يا ابو ليرة يلا نضب بعد ناقصنا هيك ناس يحكوا,abusive,Lebanon
3579,متل قصة جان ڤالجان يلي بيعطي ربطة خبز لجائع بدنا نحاسبه ونترك جبران باسيل يعمل مليون دولار عمولة من البواخر,normal,Syria
3580,جبران باسيل من حق اسرائيل ان تعيش بسلام بين جيرانها وبالامس من حق اسرائيل ان تضمن امنها,normal,Saudi Arabia
3581,سد بوزك يا كلب انت شقفه عتال بتشتغل ببلدي خراس ولك حشره اذا بدك شغل بدي ناطور لبنايتي بشغلك بتشطف الدرج عندي وبتلم الزباله,hate,Lebanon
3582,لعنة الله على قاتل السوريين و ليش ما تتكلم عن اليمن لعنة الله على قاتل اليمنيين و ليش ما تتكلم عن العراق لعنة الله على قاتل العراقيين و ليش ما تتكلم عن فلسطين لعنة الله على قاتل الفلسطينيين و ليش ما تتكلم عن ليبيا لعنة الله عليك و عالساعة الي شفتك فيها,normal,Oman
3583,ما بدك الجمهورية السورية السنية مثلا,normal,Syria
3584,نحتاج أن نحترم القوانين و الأنظمة في لبنان كما نحترمها في دول الخارج و الباقي تفاصيل,normal,Saudi Arabia
3585,اذا فريق ونص المباريات زبالة شلون وقت بتصير البطولة ب فريق,normal,Qatar
3586,ما منختلف على الاستفادة محسوبك مع تشريع كل المخدرات بس إنه هلأ مين رح يستلم مزارع الحشيش ىيستفيد فعلياً ويعمل مربح من البيع؟,normal,Lebanon
3587,ربي يحميك ويقويك يارب,normal,Morocco
3588,شكلو محشش,normal,Palestine
3589,ليه يعني ليه الأفضل ليش كل شعب بشوف حالو الأفضل كلكن بشر بتاكلو وبتخرو من نفس المحل وكلكن أخرا من بعض,abusive,Jordan
3590,كيف هالحديث قلك في واحد عاهر القضاء,abusive,Qatar
3591,كلمات رائعة جداً,normal,Iraq
3592,بغض النظر عن إنه كلهن كلاب بس حتى الإمارات وصلت للأسد شحنات كيماوي من بعد قطر على الأقل كانت تعطينا مضاد طيران بال بس بتضل تركيا يلي جابتنا كتاف بالآخر,abusive,Syria
3593,جبران باسيل ل ربما علينا أن نعلم رئيس ڤنزويلا كيف يرتدي البيجاما,normal,Modern Standard Arabic
3594,روح بكره السعودية الشيك جاهز و بعدها الامارات وراح تحصل الهدايا لا تنسى بكره,normal,Jordan
3595,مش دفاعاً عن جبران باسيل بس كان لازم تحط المقطع عالقليلة بعد جملتين بعد هالكلمة لنفهم شو قال بدقة,normal,Syria
3596,خراس يا حشرة,abusive,Tunisia
3597,انتقاما للمهاجرين لازم نبيد السوريين,hate,Algeria
3598,خلص كول هوا شو سقيل,abusive,Lebanon
3599,طب يلا خراس و حل عنا يا بضاعة,abusive,Lebanon
3600,شي مرة نديرا حمرنة,abusive,Morocco
3601,انا الموقع ادناه ومن موقعي هذا اصرّح بأنني لست مسؤول عن عدم مشاركة الرؤساء الى القمه لا من قريب ولا من بعيد,normal,Oman
3602,وانا بأقترح عرضك على طبيب نفسي,normal,Egypt
3603,هيدا مستواك يا بلا اخلاق هيك بتحكوا معودين عليكن من قهركن تردوا بمستوى,normal,Lebanon
3604,لا بس هي صدفة بحت انو سوريا كبلد يعتبر بلد سني الاكثرية وكمان بالصدفة تم ابادة هالأكثرية وتهجيرها,normal,Syria
3605,لازم نبيد الغوطة كلها لازم نقتل كل سني لازم نقتل كل شخص رافض ظلم بشار الأسد,hate,Algeria
3606,صيروا زلم ووقفوا بوجه ياللي مسيطرين ع لبنان بقوة السلاح وطلعوا خنازير حزبالة من بلدنا وبعدها تعال واحكي يا طرطور,abusive,Syria
3607,جبران عدونا,normal,Lebanon
3608,كان لازم ينتظر جبران باسيل ياخده معه يساهم بأعادة اعمار سوريا,normal,Jordan
3609,خلينا مهتمين بشؤونن,normal,Syria
3610,ولك خرااااس العمى بقلبك شو كتتتتير حكي ومبعبع عالفاضي كلك وطخنك معبى هوا العمى بقلبك ما أتقل دمك العقاب لوهاب,abusive,Lebanon
3611,منحبك يا جحشنا,abusive,Libya
3612,نحن معك قلبا وقالبا ما دمت على طريق الحق,normal,Modern Standard Arabic
3613,من راقب الناس مات هما قررررررر ربت يا وءام,normal,Lebanon
3614,مشكلتنا في لبنان البعض اعطا انطباع ادفع ثمني واشتريني وعلى هذا يقولون شكرا قطر,normal,Iraq
3615,طالع حزب الله وكلابكون من سوريا وبكرا منرجع,abusive,Syria
3616,معك للاخر ابو هادي,normal,Yemen
3617,ليك يا ولد انا مش من رجال التواصل الاجتماعي انا باخدك عجهنم واذا فيك ٪ رجولة خليني اعرف مين,normal,Lebanon
3618,البلد والشركات عم أفلس صحيح لانه في البلد أمثالك ورؤسائك ومن معك,normal,Jordan
3619,عوي يا كلب السعودية نحن دايسين ع راسك وراسك معلمينك ولاك خنزير,abusive,Syria
3620,يحق للرفيقة ندوووون ما لا يحق لغيرها,normal,Oman
3621,هدول الناس بالذات اوسخ بشر,hate,Jordan
3622,روق يا خروق اجرم من القوات ما خلق الله ومرجوعكن لصرمايتنا ولاك خنزير الله يلعنكم كلاب السعودية,hate,Yemen
3623,قذرين وسخين داعش قليلة عليكن,hate,Syria
3624,اتمنى ان أحاورك ولو مرة ولكن في كل ما تكتبه لاقيمة له للأسف مهضوم بتخلينا نضحك,normal,Syria
3625,ذم الخليج مئة مره وخص قطر بمذمه واحده تحصل على شهاده بالوطنيه حتى لو كنت وئام وهاب,normal,Yemen
3626,يحتاج هذا الحمار حصار ومقاطعه دبلوماس,abusive,Iraq
3627,اين انت يا هاذا احفظ لسانك فقامات الوطنية مثل الاستاذ اكرم وكل رفيق في الحزب الاشتراكي الذي حمى العرض,normal,Yemen
3628,ههههههه قمة مهزلة قمة جبران باسيل الفاشل,normal,Palestine
3629,هيدا إخبار للنيابة العامة يرجى التحقيق بمدى دقة وصحة هالمعلومات,normal,Lebanon
3630,مين طفى الضو,normal,Jordan
3631,وزير خارجية لبنان جبران باسيل اذا ارادت اسرائيل حفظ امنها هذا حقها,normal,Saudi Arabia
3632,خراس طعمرك,abusive,Tunisia
3633,صح كما انتي عميلة صهيونية حلفاء سوريا حلفاء بكل معنى الكلمة يا حية تضربي انتي وحكيك,abusive,Yemen
3634,عيش كتير بتشوف كتير كلنا معك,normal,Syria
3635,يا غيني ما هيدا حليف ايران ة إيران حليفة سوريا و سوريا حليفة حزب الله وانت كلب حزب الله يعني كيف زبطت معك,abusive,Lebanon
3636,لازم يعرضوك على طبيب بيطري مش بشري,abusive,Jordan
3637,يا أخوتنا في لبنان كونوا على حذّر من مدبّر الفتن في الدول العربية,normal,Algeria
3638,والله لو بتراجع كلامك بتبطل الك عين تحكي حما الله لبنان وشعب لبنان العظيم وحما الله بلاد العرب منك ومن امثالك,normal,Syria
3639,بس يا عاهة,abusive,Iraq
3640,وئام جذوةٌ لرفعة الانسان في لبنان ماانفك يلهمنا ثقافة الوعي المقاوم وارادة الجرأة والتغيير صوتك وئام,normal,Oman
3641,نسيت بعض الوصف لشقيقتك سورية حافظ الحمار اللي خلف الكر بشار سورية تعني الجزار بسفك دماء الاحرار,abusive,Oman
3642,يالله ولاك كلب عالحظيرة انتهت مهمتك,abusive,Syria
3643,هاي مثل ميّل يا غزّيل و يا غزّيل ميّل,normal,Iraq
3644,ولاك كلب ابن الكلب يا واطي والله داعسين على راسك,abusive,Saudi Arabia
3645,بعدك عم تعوي يا كلب معراب يلا كوش ولاك مش عم نلحقلكن عضام العمى,abusive,Syria
3646,هل تعلم انو اذا قوّصت ابتهاجاً بشهادة ابنك رح تحصل فوراً ع شهادة حمار وهي أقوى من شهادة ابنك ومعترف فيها عالمياً,abusive,Syria
3647,جحاش البعث نمسح فيهن الارض من الايراني والروسي يا كلب لا بقى تهد مراجل ولاك احكم بلدك بعدان تعى تشاطر,hate,Tunisia
3648,الحركة و جمهورها وزير المالية المردة القوات و البقية متل ديما و نديم و فيرا,normal,Lebanon
3649,شكلك عايش بسوريا و الله يا رفيق,normal,Jordan
3650,هاد فعلا حسابه,normal,Jordan
3651,للامانه قوت الموسم اللي طاف كان هوا بس متحمس حق الجاي لانه الاخير بيتر كول سول غير,normal,Oman
3652,لحكي موجه لجحاش اربعطعش الشهر وكل شي عدا ذلك وخاصة أهل المقاومة عراسي من فوق,hate,Syria
3653,صديقي قانون الإنتخاب المجلس المذهبي لا يسمح بتمثيل الشرائح الأقلية وهذا أصل الإنقسام,normal,Modern Standard Arabic
3654,دويلة القرضاوي إلى زوال,normal,Algeria
3655,علاء الخواجة أصلاً مثلك بيقرا عبراني ما بيعرف يقرا عربي,normal,Yemen
3656,يا خيي هالباخرة الكهربا الشرطوطة شو حقا جديدة من الشركة,normal,Lebanon
3657,قد لا نجد ما يكفي من أحذية لضرب لصوص الهيكل في لبنان في هذه الدنيا ولكن لا شك أنّ حسابنا مع اللصوص يطول يوم القيامة,normal,Modern Standard Arabic
3658,جبران باسيل معك,normal,Lebanon
3659,عيشة لا خدم فيها جدول لا ماء فيه,normal,Tunisia
3660,هيدي ثقافتكم يلي بتفكروا حالكم شاطرين فيها كل ما حدا خالفكم الرأي بتتهموه بالعمالة او الخ,normal,Lebanon
3661,سكووت ولاك كلب خميني,abusive,Iraq
3662,وئام وهاب الوطني مااشتهر الا من كثر ماكان يسب ويهاجم السعودية,normal,Saudi Arabia
3663,كول تين و هوا على الجوز,abusive,Palestine
3664,حط صرماية بتمك وتم يلي خلفك فهمت ولاك كلب,abusive,Syria
3665,وهاب حليف لسوريا سوريا حليفة لايران ايران حليفة قطر قطر حليفة سوريا ما فهمت شو قاهرك من القطريين ارجوك اشرحلي,normal,Syria
3666,مشكلتك يا بوق بانك سلبي بسليقتك وتحب ان تهاجم الآخرين لكي تظهر من جهة وتنفذ ما يطلبه منك مشغليك المهم,normal,Iraq
3667,الله اكبر انتا معك علم انو من ينتسب إلى السلك العسكري يجتاز امتحان نفسي بينما السياسين لا يخضعون لهذا الامتحان,normal,Iraq
3668,صناع الفتن تستفزهم إنجازات اللواء عثمان ماذا عن تبليط البحر؟,normal,Iraq
3669,صحيح بس جبران باسيل بشكل خطورة أكتر من عمو,normal,Lebanon
3670,قطر دويلة الارهاب والشر في العالم,hate,Yemen
3671,وصف حاله هو من يوزع الاتهامات,normal,Iraq
3672,على اساس انو جاي على الجاهليه يا شيئ؟ حتى لو حلمت انو جاي عندك حلمك باطل على فكره مافي شنطة دولارات,normal,Libya
3673,يلعن اخت العسكر عرص إذا ما بيجي من وراهم إلا دمار البلدان,abusive,Lebanon
3674,والله لبنان وتاريخ لبنان الثقافي والأسماءالسياسية الكبيرة اللي مرت عليه مايستاهلون ابدا يكون صورتهم,normal,Saudi Arabia
3675,كول هوا اندعستوا خلص بئا انكتموا,abusive,Libya
3676,صادق يا أخي الكريم حزب الشياطين والحمدين ورطقعان وجهان لعمله واحده,abusive,Modern Standard Arabic
3677,شو خواجة هالخواجا,normal,Lebanon
3678,فيراني صحيح ترباية مخابر بس سود ومشحورين,normal,Lebanon
3679,عزيزي انا شخصيا سألت جبران باسيل وقلي السبب غياب التوازن الطائفي ما حكي بشي تاني ابدا,normal,Syria
3680,ما تفتحي تويتر,normal,Saudi Arabia
3681,قيادة الناس تتطلب مصداقية للاسف مفقودة من الطاقم السياسي الحاكم,normal,Iraq
3682,نريد دولة جديدة قادرة على محاسبة الخونة ووضعهم في السجون,normal,Iraq
3683,جبران باسيل أشرف منكن يا اصحاب الشوارع,normal,Syria
3684,رئيس حكومي فاشل,normal,Egypt
3685,لا ثقة بكل العرب أذا فلسطين وباعوها,normal,Algeria
3686,يا تعتيري,normal,Libya
3687,اليوم الذي يصبح فيه جبران باسيل رئيسا للجمهورية هو اليوم الذي أتخلي فيه عن جنسيتي اللبنانية و نقطة عالسطر,normal,Modern Standard Arabic
3688,نسيت يا شعبان كيف صرت وزير ولو بتنسى لمن انسحبو وزارء الدروز من الوزارة وحاولو يحلوها لاءن طايفة,normal,Lebanon
3689,عم تتمرن منيح عاللهجة السعودية صار لك كم يوم,normal,Syria
3690,الرئيس حسين الحسيني ل الجمهورية الوزير جبران باسيل لم يقرأ الطائف لقد عوّدهم الرئيس ميشال عون على عدم قراءة الطائف,normal,Modern Standard Arabic
3691,انت عن جد قابض حالك جد ومفكر حالك متفهم بالسياسة واحد ماءجور وبتحكي مثل ما معلمينك بقلولك هبيلة,abusive,Lebanon
3692,يحتاج إلى شعب جديد,normal,Modern Standard Arabic
3693,شكلي دعست على دنبو بالغلط تاج راسي,abusive,Iraq
3694,يا جبران باسيل اذا انته حمار ما تفرق بين الحصار والمقاطعه اسأل كارولين يمكن هيه افهم منك,abusive,Iraq
3695,العما طلعوا الشباب لا بيعرفوا فرنساوي و لا بيعرفوا أنكليزي,normal,Lebanon
3696,كول هوا يا كلب الجولاني مبارح جرة فاتت عالنظام من معبر مورك بحاج كذب بحاااااج,abusive,Lebanon
3697,اقترح عالدولة تستحي على حالها و تضبك بشي سجن نرتاح من فتنتك أو ياخدوك ع دير الصليب يعالجوك خلصنا هبل قرفتنا,normal,Syria
3698,هذا المنطق الحاقد و الانتقاد النابع من حقد دفين ليس دفاعا عن الوزير باسيل و لكن هذا الاسلوب الدنيء,normal,Saudi Arabia
3699,ميرسي يا رفيقة تعبناكي معنا,normal,Lebanon
3700,المعنى ان جبران باسيل اشرف من نبيه بري الماسوني,abusive,Yemen
3701,كلام سليم وصحيح ويسعد صباحك يا استاذ وئام,normal,Sudan
3702,قزم العهد,abusive,Tunisia
3703,ما شاء الله تحليلك شوربا مثل كل التغريدات؛ ممكن تنورنا يا أستاذ وئام شو هني الخدمات الي ممكن حدن ثاني,normal,Qatar
3704,انت بعدك عم تحكي افتكرتك محبوس,normal,Jordan
3705,يا استاذ وئام هذا عميل حليفك إيران لماذا لاترحب به وقد امره سيدك بالحضور بدون شروط اهذا حقه عليكم وهو ينفذ ماتريدون,normal,Yemen
3706,كل شي بالزايد بالمعنى نقص طخنت كتير صرت مهزلة بعيون العالم العقاب لوهاب وهاب قاتل ابو دياب,normal,Lebanon
3707,خليك بسافاحك انت لان مابتشوف الا بعين واحدة قرصان,normal,Yemen
3708,له يا عكروت صاير عم تحكي كلام اكبر منك,abusive,Syria
3709,موتني يا بسام عجبتني مزحتك,normal,Palestine
3710,كول هوا يول,abusive,Iraq
3711,انقبري يا عاهرة ما تتلفظي باسماء الذين حموا العرض والدين,abusive,Yemen
3712,ما عنده مبدأ كل يوم مع أحد وينقلب مع الطقس ومصالحه وكم مرة أهان سلمان الملك,normal,Palestine
3713,كم انت كبير يا رفيق ايمن,normal,Yemen
3714,صباح الخيرات,normal,Tunisia
3715,الخراب عندك ومنك يا بوم الخراب,abusive,Lebanon
3716,ومعلمك وجه له دعوة فيك تواجهوا شخصيا,normal,Syria
3717,معاليك يبدو اننا نحتاج الى شعبٍ جديد بكل اسف,normal,Saudi Arabia
3718,العمى بقلبك شو مهضوم,abusive,Lebanon
3719,شو ما كان طالما ضد السعودية أهلا وسهلا,normal,Lebanon
3720,ايامك معدودة,normal,Jordan
3721,الوزير معين المرعبي لا يريد عودة النازحين السوريين الى وطنهم ويعارض وضع هذا البند في البيان الختامي للقمة,normal,Saudi Arabia
3722,تشبهك قطعت نصيبها الله يقطع نصيبك,normal,Tunisia
3723,لا اهلآ ولا سهلاً بالقوما العربية التي كلفات لبنان المديون في الأكل والشرب والفنديق وتسكير الطريقة,normal,Saudi Arabia
3724,وهاب أنت المحرم الذي يستحق الحبس المؤبد,normal,Algeria
3725,انت كلب ووسخة ولاك بعت كردستان سوريا لأردوغان يا واطي يا خاين بدنا نلعن شرفك وشرف جيشك,abusive,Syria
3726,مافشرت ولاك هيدي إدلب مو بيروت إذا بقرب الأسد والنمر منسويهم دنب كلب حيانا الله,abusive,Lebanon
3727,يمكن شريك جبران باسيل,normal,Oman
3728,كان بدبي عم يشم الهوا ضهر تحت غطاء حزبي,normal,Syria
3729,قواتجي ضبضب,normal,Libya
3730,نعم هيدا الخسيس هو اكبر عميل صهيوني من زمن الحرب اللبنانية كان كتائب وبعدين صار قواتجي,abusive,Lebanon
3731,الله عليك يا رولاند شو مهضوم ضيعانك تكون قواتجي يا صديقي العزيز,normal,Lebanon
3732,بس ولي انضبي بقا عمرك شفتي قواتجي بيفهم,hate,Iraq
3733,العمى شو انكن عبيد,hate,Syria
3734,رئيس موريتانيا ووزير الخارجية جبران باسيل وصلا الى مكان إقامة القمة العربية في واجهة بيروت البحرية ليبانون ديبايت,normal,Oman
3735,يا فرحة ما تمت,normal,Iraq
3736,هلق اذا انت واخواتك حمير في بيوت ولادها شاطرين ما تعممي تجربتك على الغير,abusive,Jordan
3737,عشانك حمارة,abusive,Saudi Arabia
3738,الكلب هذا نوعيتو غالية كثير كثير اغلى من صاحبو,abusive,Jordan
3739,اي مزبوط انهيار حيط نفق شكا وغيرو هني تراكمات من وزارة الطاقة وأكيد جبران باسيل هو المعني الأول منا وجر,normal,Syria
3740,خليه يشوف اللي بجنبه القصف الاسرائيلي على ميليشياء ايران ولا حابب يستنكر عن طريق ف,normal,Syria
3741,ايه ما هو طلع داعم القمة وما ش مقاطعا وداعم جبران باسيل وبيحب الرئيس,normal,Yemen
3742,كلام جبران باسيل كلام دبلوماسي وكلامه بحق اسرائيل بالأمن مشروط بأن تكف يدها عن لبنان وعدم الاعتداء عليه,normal,Jordan
3743,انت اخر انسان بيحكي انت لازم من سنين تكون مزتوت ومشلوف بالسجن عميل سوري وانسان تافه وبلا احترام,abusive,Syria
3744,كلام صحيح وبموضوعية من دون تموضع وتوجه سياسي,normal,Syria
3745,يا عدو الاقليات هلا فرضا شي اقلية هون ولا هون زعلت منك من وين انا بجبلك اقلية ومشان الحساسية رش بودرة وحط مرهم,normal,Syria
3746,شو النفع نكون كلنا بهالبلد إيد وحدة بس كل أصبع ضد التاني,normal,Syria
3747,انا مين انت بدك تناقش فكرة ولا شخص فعلا انك قواتجي بهيم,hate,Jordan
3748,دخلك بشار شو عمل بشعبو شو يا وئام ركز شوي,normal,Lebanon
3749,اهلا بكلام مسيلمه الكذب,abusive,Libya
3750,واحد متلك بهيم ووسخ وما بشرفني ناقش حدا قاعد بلبنان وانتماؤؤ لمحل تاني فبرجع قلك بس تصير لبناني منحكي,abusive,Lebanon
3751,اوف كتير سطحي طلعت وفوق هيدا جلييط,normal,Lebanon
3752,جبران باسيل وعمه المجرم الهارب عون,normal,Lebanon
3753,قل لي بربك وبصدق وبكل تجرد أستاذ وهاب من من دول المنطقة فيه شفقة أو رحمة أو دفء أو عطف أو تسامح,normal,Modern Standard Arabic
3754,جبران باسيل وعمو ناطرين شهادتك هني ليعرفو شو يعملو روح شراب ارجيلة انت,normal,Lebanon
3755,ما تكون متل جبران باسيل,normal,Syria
3756,ولك كول هوا يا واطي ولك انت واحد عم يندفعلك لتحكي ع تاج راسك ولك ستخي ع حالك يا صباطو للسيد واعتذر من الصباط لتشبيهه بك,abusive,Syria
3757,كول هوا ولا ادلب ما تقرب لها يا نذل,abusive,Iraq
3758,يا وئام صبح ربك,normal,Tunisia
3759,طول بالك بكرا بتغازل قطر مثل مااستعنت بفيديو شيخ سعودي مبارح فلا تتحمس كثير,normal,Jordan
3760,جبران باسيل ممكن يبيع البلد كرمال مصالحو الخاصة,normal,Syria
3761,واضح انو فتنجي هيدا يا صهيوني يا قواتجي والاثنين واحد,hate,Lebanon
3762,برغوت قواتجي,hate,Iraq
3763,أود أن اصف هذا الكائن البشري بأنه أكثر وزر,normal,Modern Standard Arabic
3764,زحطي يا تفنيصة انتي بلشتي بلوك,abusive,Iraq
3765,زينة انت ليه بتوجعي قلبك وتتجادلي مع واحد معلموا صهيوني عفواً قصدي قواتجي,normal,Egypt
3766,يا حقير روح انضب وصواريخك ادحشن سلاحكم هو لمحاربة السنة وغيرهم في المنطقة وانتو صرتو مرتزقة غب الطلب,abusive,Saudi Arabia
3767,صدقت ياصوت لبنان الحر العابق بالنضال والوطنية المحترم وهاب قطب فاعل ونقي من الدروز الشرفا,normal,Yemen
3768,على اساس معاليك الدول العربية الأخرى امثال سوريا السعودية وغيرها يتقنون فن الاعمار,normal,Oman
3769,يا عم ليه عم تشولح زبالتك من شباك السيارة لأن بطبعي نضايفي وما بطيق شوف زبالة,normal,Lebanon
3770,الحب الحقيقي هو لما تكتبلك تقول بقلبك تقبرني هالضحكة,normal,Syria
3771,متقل بالسهرةهيئتوو خفف عق عرق يا زلمة ما بيسوى هالقد,normal,Lebanon
3772,اللي بيسمع هالمزايدات على جبران باسيل بفكر انو فوزي صلوخ او عدنان منصور كانوا يطلعوا كل يوم يحكوا بازالة اسرائيل,normal,Jordan
3773,درجات متفاوتة باللصوصية لا يعني إن البلد خالي من اللصوص لكن يعني إن هناك لصوص كبار كبار ولصوص أصغر,normal,Sudan
3774,حافظ درسك يا ارهابي انتم نكسة في تاريخ لبنان سينجلي الليل قريبا,abusive,Modern Standard Arabic
3775,فتاوي القتل والتخريب لن تنال من العظماء,normal,Modern Standard Arabic
3776,كلمتنا مقدسة بالسر وعلنا,normal,Iraq
3777,وانتو ياهشام خضتوا اوسخ حرب اهلية تجاوزت عشرين عام ذبحتوا بعضكم على الهوية حتى السالمين ببيوت,normal,Yemen
3778,كلام الوزير باسيل بلا تشويه,normal,Syria
3779,جبران باسيل حليف حزب الزباله حلفاء شياطين ايران لبنان المزبله ومصدر المخدرات ومصدر الاٍرهاب يجب ان تعزل,hate,Yemen
3780,شو الأخت إيفا هلق فايقة بتصدقي ما عرفتك بلا مكياج,normal,Syria
3781,للصراحة و بكل حيادية جبران باسيل شاب و نشيط و عم يثبت كل يوم أنه يستحق هذا الرجل غيّر صورة السياسي,normal,Palestine
3782,وشو فهمك انت يا غبي روح انضب ولك يا واطي واحد حقير ومنحط,abusive,Syria
3783,الله بلعن يلي ربط الحمار وفلتك شو انك فهيم,abusive,Syria
3784,سد بوزك انت جايي تتفلسف هون روح انقبر انضب وضب لسانك يا حقير احقر البشر انت وامثالك ولا تجيب سيرة السيد حسين ع لسانك لان ح يجي يوم وينقطع يا بلا اخلاق,abusive,Sudan
3785,يا كلب انت كلب مجوسي لا تحكي عن الإنسانيه,abusive,Iraq
3786,متلك كتار تاركين الدني ومش شايفين إلا الوزير باسيل قال هيك جبران عمل هيك يا ريت انت وغيرك بتحكوا,normal,Syria
3787,كالعادة يوم جديد مليئ بالتخوين بحق جبران باسيل,normal,Saudi Arabia
3788,انقبر اطلع من الصفحة يا عميل,abusive,Tunisia
3789,لي اصلا اكتر بلد عربي قراراته داخلية مية بالمية والدولة بتشتغل فيه بلا ميزانية وبلاحكومة والبلد,normal,Sudan
3790,صح معروف ما بيشتغل الا يلي بيعملوا علاي آل سعود,normal,Palestine
3791,يا طبل دقت عليها نجاسة نشتكين الذي يقف بجانبك,abusive,Modern Standard Arabic
3792,عنجد اتفه من هيك بني آدم ما صار كول هوا,abusive,Syria
3793,حب عذري سرمدي لان التيار وبالأخص خبرة جبران باسيل كفيل بمساعدة المقاومة على تحرير لبنان وفلسطين وفنزويلا,normal,Iraq
3794,الزعامة والتجربة بدن يكونوا اصحابها رجال مش صيصان خسئت يا جبران باسيل,abusive,Lebanon
3795,ناهيك عن المقاومةكل القواينن اللبنانية تعارض الإعتراف باسرائيل كدولة و لبنان من الدول ال من أعضاء,normal,Algeria
3796,هدفها إقصاء الرأي الآخر بالجبل ونتيجتها إستشهاد محمد أبو دياب مش عيب نقبل ناكل لحمنا بإيدنا,normal,Egypt
3797,جبران باسيل بس هيك نكاية بقلب لي مش عاجبو,normal,Lebanon
3798,انت يا حمار قد حزب الله لضلك تهاجمو انقبر سد بوزك وكول خرى يا صرماية,abusive,Palestine
3799,صاحب القصيدة شريك القرضاوي وحافظ القرآن وإمام الحرم,normal,Modern Standard Arabic
3800,هيدا مش شيخ عقل هيدا اقل بكتير من شيخ عقل هيدا شيخ فكرة بس للمنصب الشيخ الجليل نعيم حسن شيخ عقل الموحدين,normal,Lebanon
3801,قائدنا لا مثيل له الله يحميه,normal,Yemen
3802,انت ما بتستحق الرد يا زبالة انقبر روح من وجي,abusive,Sudan
3803,الى اين يا فصعون السياسة يا جبران باسيل في زمن التبعيه والتعطيل,abusive,Yemen
3804,البيان الختامي للقمة العربية يتلوه وزير الخارجية جبران باسيل,normal,Modern Standard Arabic
3805,تونس عظيمة,normal,Sudan
3806,الله يلعنك يا مفتن الويل لك,abusive,Saudi Arabia
3807,الله يلعن شرفك يا سعدان الجاهلية يا صرماية عتيقة العقاب لوهاب وهاب قاتل ابو دياب,abusive,Tunisia
3808,الوزير جبران باسيل عملّو عصر هضم,normal,Sudan
3809,وكما قال الشاعر الفرزدق السلاح النوعي سيصل قريباً بولشيت,normal,Oman
3810,ولك العما بقلبك عمي يا اوطى مخلوق عوج الارض روح انقبر كول قتلة من مرتك,abusive,Iraq
3811,متعشى ومتقل الظاهر وطالعلك اللوأ عثمان بالكابوس كول خفيف قبل ما تنام بلش درب حالك على اكل اللبنه رح تحتاجها,normal,Lebanon
3812,جبران باسيل قاهركن ورح يضلو قاهركن لا حتى تشفو من مرضكن النفسي,normal,Syria
3813,انو باسيل يطمع للرئاسة,normal,Jordan
3814,ريتها سليلتك يلي طالع منها جحش متلك تروح روحة بلا رجعة الله يرمل حريمك يا ابن الكلب واحد جحش ابن جحش و جحشة روح انقبر,abusive,Palestine
3815,انا مش عم خوفك يا قراع انا عم قلك انقبر انقلع من خلقتي يا قرد صحيح انك كديش وماشي وزكت ولو شو هل المساطر عبكرة الصبح يلا راسمالك بلوك ببلاش روح,abusive,Lebanon
3816,ولعها وهيك بتكون الشقيقة قدمت اكبر خدمة لشقيقتها,normal,Syria
3817,لا ما دخل ال لما بتقولي بتعرفي انه ما بحبو جبران هيدي الاشاعة بالذات ما بتخدم لا باسيل,normal,Lebanon
3818,النائب جهاد الصمد للوزير جبران باسيل من وهلق شو ممنوع المس بالطائف ومن استعجل الشيء قبل أوانه عوقب بحرمانه,normal,Syria
3819,يا حاقد ع الاسلام السياسي,abusive,Iraq
3820,اذا جبران باسيل بدو يكون كميل شمعون او بشير الجميل الثاني طيب ليه ما بكون متل الجنرال؟,normal,Jordan
3821,لا يوجد أقذر و احقر عزمي بشارة و وضاح خنفر الا القذر وئام وهاب,abusive,Lebanon
3822,احكي بحجمك,normal,Iraq
3823,ولك الله انتو شعب بجم روح جبلي مصاري للشعب بعدين احكي,hate,Oman
3824,احتجز الحريري أو لم يحتجز انت شو خصك بتعملوا فلاسفة ع التويتر تفضل تعا ع لبنان وشارك وغيّر بل الحالة الموجودة انا بقول بتكون حضرتك متقاعد وعم تزت تكهنات وأمنيات شبعنا كترت حكي,normal,Syria
3825,فلتكن مثل أعلى في لسانك وآداب الكلام لانني أعتبرك ممثل ممكن انت تمثيلهم معالي الوزير,normal,Sudan
3826,لو بتسد بوزك مش احسنلك وصوتك النشاز ما بدنا نسمعو يا مدعوس بل الصرماية خليك متل الكلب عم تغني بل المطاعم يا عربيد اكتر من هيك ما بيطلعلك مستواك ابن ليل واخدت اذن لتحكي هيك يلا قحط,abusive,Lebanon
3827,بعدان مينك انت يا نكرة بدون اسم وصورة لما يصير عندك اسم منبقى منحكي روح انقبر,abusive,Lebanon
3828,روائع التسديد بنص وجه الخنزير,abusive,Iraq
3829,مفكرين كل العالم متل المعارضة السورية,normal,Jordan
3830,مين انت يعني حتى عم تهدد انقبر احترم حالك يا نكرة,abusive,Syria
3831,صار مستأجرا للنباح وحصل ثروة بزيادة نباحه تحول من وهاب الصياح الى وهاب النباح,abusive,Oman
3832,اليوم صار عنا سنفور باسيلفوب كل النهار,normal,Lebanon
3833,ليه فاجعة؟ بس لإنو بجيب سيرة جبران باسيل؟ عم يدق بالزعيم؟,normal,Lebanon
3834,المهم نحنا فينيقيين مش عرب واللاجئين السوريين ما بيشبهونا,hate,Syria
3835,يا بغل يا إرهابي يا عميل كل ما يهمك انت هو المال فقط اي انقبر اللعنة عليك,abusive,Iraq
3836,ههههههههه اصلا احمد منزل تغريدة هلأ ما فيا جبران باسيل لأول مرة شكلوا اكل خرا,abusive,Lebanon
3837,إذا إنت قريب من بيت جبران باسيل شوف إذا بعدو عالشباك,normal,Syria
3838,لا حول الله يا وئام هههه,normal,Tunisia
3839,اكتر واحد فرحنا بمقابلة السيد هوي جبران باسيل,normal,Lebanon
3840,عقبالك تتشرد يا كلب ولك انقبر سد بوزك,abusive,Syria
3841,انت لازم يحطوك بدير الصليب هيدا اذا قبلو فيك لانو بتصير الصرامي تضهر من تمك وتضرب المرضى الحق على يللي ما كبك بالحبس,abusive,Lebanon
3842,مرتزق ايراني,abusive,Iraq
3843,شانن حملة على قطر شو ما في تحويلات؟ اها صحيح انت تحويلاتك حارة حريك والشام هههه,normal,Jordan
3844,غيرو الدستور وشوف إذا بكون طائفي بعطيك يلي بدك ياه على فكرة إعادة المسحين مش خطأ للبنان وهذا,normal,Palestine
3845,الكلاب تنبح والقافله تسير الله يحميك يا رمزا للشرف والكرامه والاباء,normal,Yemen
3846,انت يا جحش اسمك صهيوني انقبر ضهار من صفحتي وروح تخيب برا يا واطي يا كلب يا جبان,abusive,Palestine
3847,ولك انت ومعلمينك شو مستواكم يا رخاص انقبر اطلع من الصفحة,abusive,Syria
3848,شو ما عملت وشو ما حكيت و قد ما عويت ونبحت وجعرت ونزلك قرق ما حدا رح يرد عليك,abusive,Palestine
3849,هل تعلم يا عزيزي ان كلمة فينيقي كان يستعملها اليونانيون للدلالة على اَي شخص من منطقة شرق المتوسط وان سكان المنطقة ما كانوا يسموا حالن فينيقيين,normal,Oman
3850,قصدك قصر عندك مش بيت فك مصرّك و دفيلك كم عيلة بمنطقتك عم بتموت من الفقر بدل التمثيل قدام الناس,normal,Lebanon
3851,ما رح تشبع لت حكي يا كركوز,abusive,Lebanon
3852,انت الفادي بس للاعور,normal,Iraq
3853,اتمنى ان ترحل عنا فانتا لستا منا ولا تمثلنا حاله شاذه يا حقير العقاب لوهاب وهاب قاتل ابو دياب,abusive,Oman
3854,نستغرب هذا السكوت وعدم الرد على هذه الإتهامات الملفقة والكلام الغير لائق,normal,Modern Standard Arabic
3855,الدعس لك واتباع الصفويين ولاعقي احذيتهم,abusive,Libya
3856,رأيك ونظرتك للعمالة والصداقة احترمها ما عليك الا ان تحترم ما انا اراه عن الصداقة,normal,Saudi Arabia
3857,احقر إنسان,abusive,Syria
3858,أحلامهم وكوابيسهم جبران باسيل,normal,Syria
3859,ما في يراقب او يحاسب مل مين ايده اله,normal,Lebanon
3860,جبران باسيل ل ربما علينا تعليم الغرب كيف تدار بلد دون ميزانية,normal,Modern Standard Arabic
3861,لو نحنا بدولة بتحترم حالها كنت انت اول واحد بينزت بالحبس,normal,Palestine
3862,ههههه يا مسلينا لانه كراكوز,abusive,Jordan
3863,كأنو تلميح لإقصاء أي رأي آخر الدبشة بعينك مسكبة ورد بعين غيرك والعكس صحيح خلينا نحترم الرأي,normal,Syria
3864,وشو خصك يا طبل تتأهل أو ما تتأهل,abusive,Syria
3865,عيلة كتاب عدل من ثلاث اشقاء بالنتائج الاخيرة هم غرايس عصام نعيم آلان عصام نعيم وايلي عصام نعيم جبران باسيل والنعم,normal,Iraq
3866,كذاب ومنافق الريال القطري القذر وصل لحسابك,abusive,Tunisia
3867,اختشي يالمسترجلة,abusive,Iraq
3868,انقبر احترم حالك يا واطي واغبى واهبل من العونية ما في,hate,Palestine
3869,وديعة قطر تشبه لعبة الدين العام,normal,Saudi Arabia
3870,السيد يقرر وانت كول هوا ونفذ اطع عمرك هبيلي,abusive,Iraq
3871,انت كبير وهني صغار,normal,Lebanon
3872,قرو عليك شياطين الجن و الإنس انقبر في البيت لحالك يا امعه تردد كلام اجدادك الجاهلين تف,abusive,Libya
3873,يا شركة الكهربا اذا بدكن تقطعوها كل دقايق ما تجيبوها ما تجيبوها اذا بدكن تقطعوها كل دقايق,normal,Syria
3874,انضب يا حقير منعرفكن كلاب مين يلعنك واطي,abusive,Lebanon
3875,وبلنسبة للتيار الوطني الحر ما الك لسان يحكي ضدهن,normal,Syria
3876,مش معقول شو بيشبهك هالبوست,normal,Syria
3877,شو رأيك قال انت ضد جماعة حزب الله المتطرفة,normal,Palestine
3878,انت من وان بطفوك,normal,Lebanon
3879,يتهمني توصل جيمي وانت خير مين يمثلنا,normal,Tunisia
3880,ابوك الحرامي طبعا يا عيلة وسخة بلا شرف ولا اخلاق,abusive,Lebanon
3881,يا عزيزتي مريوما الإمارات تبقى حليفة للملكة وثوابتها واضحة الدكتور علي,normal,Modern Standard Arabic
3882,طويلة على رقبتك,normal,Libya
3883,سيأتي يوم ينتصر الحق عل باطل وسوف نرى كل المجرمين وراء القضبان,normal,Oman
3884,وئام وهاب من أكابر عبيد ولي السفيه الفارسي الإرهابي في لبنان يا د علي النعيمي و كذلك وئام و,hate,Sudan
3885,مصدر هرا هراء مصدر هري هريان هههه,normal,Yemen
3886,وئامنا تعودناك تلمع في البوح عما يعتمل في الخاطر وفي ألقٍ من غيرة وحميّة تستنبط الأفعال المؤهبة تنث,normal,Tunisia
3887,يبدو أن اسمك لم يكن مدرج في قائمة أموال الشر حاول تكتشف من هو رمز الشر المقبل و سجل اسمك ضمن,normal,Modern Standard Arabic
3888,هاهاها للأسف كان عنا حرب ودول حاكمتنا متل سوريا والسعودية وإسرائيل وغيرن أنا بقول جبران,normal,Syria
3889,ماذا يعلق سماحة السيد على حملة الإفترائات التي تطال رئيس التيار الوطني الحر الحليف الأول لحزب الله معالي الوزير جبران باسيل,normal,Modern Standard Arabic
3890,لك سيدي الله ياخذه مو مشكلة المشكلة بالجني الداشر العم يكتملي هالحسابات دون ادنى درجة من درجات الادب و اللباقة,normal,Oman
3891,سلمت يداك,normal,Yemen
3892,والله لا يكتر خيرك,normal,Tunisia
3893,الله يطول عمرك حضرة الرئيس كل يوم احترامي الك بزيد لأنك الرجل الرجل بكل ما تعني كلمة رجل من معنى,normal,Lebanon
3894,الاعيبكم واضحة يا اوساخ يا مندسين يا منفقين يا متنكرين يا مرتزقة يا انتم مو نحن الارتزاق صفة اللي ما فيهم لا شرف و لا كرامة اعرف منو هههههههههههههههه,abusive,Lebanon
3895,مش حق عليك والله لأنك حمار ما بينعتب عليك بس حق على البيك الخلّاك توصل و سمّعنا صوتك الزبالة على كل حال بسيطة جاييك يوم يا بلا شرف ما بحياتك رح تعلا عن صبّاتو وبس يسير في ضربة كف رح تركض تحتمي في يا جبان يا مرت ولك تفو تفو تفو,abusive,Lebanon
3896,تم ترشيح فيلم كفرناحوم للاوسكار عنا كتير امور نفتخر فيها بلبنان بالرغم من وجود جبران باسيل والحاشية تبعيتو,normal,Lebanon
3897,بتذكرني بالقرد لما زمان كان يطلعوا صاحبه ويدقله على الدف وهو يرقص هلئ مابعرف إنت شو منهم القرد أو الدف لسه مانحسمت,abusive,Syria
3898,خلص الموضوع ما بقا ينسكت عنو,normal,Syria
3899,ابل ما تحكي سلم حالك بل أول يا فار من العداله يا عميل النظام السوري محدا معبرك,normal,Lebanon
3900,يااااا الهي شو عاهر سياسة,abusive,Jordan
3901,التفاهة والنذالة عنوانك الواضح يامير,abusive,Saudi Arabia
3902,كول هوا متل ما قلك,abusive,Iraq
3903,كل عمرك حسود وكتير حكي يا عيب الشوم عليك انت بلا شرف وبلا اخلاق,abusive,Syria
3904,انو انت شو شريف ما انت اكبر لص,abusive,Lebanon
3905,ايه مضبوط يا معاق معلمك الملطوش متلك نكش اوتستراد حالات عم بدور عمقابر وين ما كان في مقابر الا عند نظامك السوري ما هيك يا عوني الذمي العما بعرضكن شو بلا شرف,abusive,Lebanon
3906,يلي لهلا مو عرفان هاد يا اجدب يا اما عم يجدبها,abusive,Syria
3907,يا حبيبنا استاذ وئام هيدي الوديعه لجياب الحرميه يلي عنا وما حدا عم يردعن ولا حدا قادر يحاسبن بقى متل ما طار ال,normal,Lebanon
3908,يا كلب الأن ركعت ياجزمه,abusive,Egypt
3909,هذا أحد أهم عوامل الدمار الداخلي للبلداننا,normal,Modern Standard Arabic
3910,ياجماعة جنبولاد دخلتو عتبة العار والعيب استحو عاحالكم بقا حاج مسترخصين الدم النقي الي نزل من الشهيد,normal,Tunisia
3911,أقرت القمة العربية التنموية الاقتصادية والاجتماعية اقتراحا لبنانيا مهما في شأن أزمة النازحين واللاجئين,normal,Modern Standard Arabic
3912,واحد سافل,abusive,Egypt
3913,الدكتور فياض تغريداته أصبحت تُشبه تغريدات أدرعي عن الوزير جبران باسيل بمعنى الحكي السخيف الذي لا يستند إلى المنط,normal,Modern Standard Arabic
3914,روحي جيبي شرفك من نظام الأسد يا عجوز,abusive,Syria
3915,هذا انت والنعم,normal,Oman
3916,يعني جبران باسيل مقضيها حزك مزك وسفرات ع حسابنا اول شي مين عم يكلفو ؟؟ وتاني شي شو عم يستفيد لبنان من هالسفرات ؟؟,normal,Syria
3917,صباط ورح تضل,abusive,Syria
3918,إسرائيل شر مطلق,normal,Morocco
3919,معتقدين بيقدروا يصلخوا جلد الوزير جبران باسيل بس اذا حدا بدو صلخ جلدو هو الوزير صلوخ,normal,Lebanon
3920,مينك يا شخاخة بدك تعلمي العالم؟ومن ايمتا يا عونية صرتي تفهمي لو فيكي شوية فهم وشرف ما بتمشي ورا معاق باع عرضو للنظام السوري ونام بحضن اسد الاجرام لاغتال رؤوسائنا ونكل فينا ولاحقنا وبعدو عم يفجرنا وماشي تحت جناح ميليشيا حسن نصرالله رجعي شوفي يا عونية كتابك البرتقالي بتفهمي قصدي,hate,Lebanon
3921,لم يقل جبران باسيل غير ذلك كلامه دبلوماسي,normal,Oman
3922,إنّ المنابر لعظم قدرك تستكين,normal,Yemen
3923,طيب رد عليها وبلا اكل خرى,abusive,Syria
3924,أين أنت جبران باسيل يا من لو كان لديك ذرة من الوطنية لعملت جاهدا على إنقاذ كارلوس غصن ونزار زكا من سجون الأجانب,normal,Modern Standard Arabic
3925,مين حضرتك؟ ما تكون مولي العقل و نحنا مش عارفين,normal,Palestine
3926,نعم ياغبي يا زنديق انعق كما تشاء لانك بلا شرف,abusive,Modern Standard Arabic
3927,شو ناويين تغتالوه كما اغتلتم وسام الحسن؟,normal,Syria
3928,روقنا هلأ يفكروا الناس نزلنا عليهن بعصايات وهراوات جلدناهن سلمياً,normal,Syria
3929,صباح الابتسامة,normal,Tunisia
3930,قصدك مليار تحية وبعملة الزلم مليون تريليون تحية,normal,Syria
3931,كلامك جواهر يا ريس,normal,Egypt
3932,شعب تافه وسخ بلا أخلاق وبلا شرف تفه يا عيب الشوم عليهم,hate,Sudan
3933,هيدا بلد بلا شرف لازم كل واحد يتعلم من غلط غيرو بحييك يا جو,abusive,Lebanon
3934,مسألة وقت و كلو بينتسا الادلة بتختفي اوبتبقى بالمحاكم القضية بعد شي أربعين سنة بتمرجحو بالموضوع لاغراض,normal,Lebanon
3935,جبران باسيل بيخربها,normal,Palestine
3936,والله يا أخي الكريم أغلب القطريين بلا ذمه ولا أخلاق ولا شرف للأسف,hate,Syria
3937,الله يلعنك انتي وياه يا بلا شرف,abusive,Qatar
3938,لو بيلاقوا فرص عمل ويكاسرواااا علينا نحنا قبلانين,normal,Egypt
3939,جبران باسيل حمار,abusive,Lebanon
3940,معقولة وصل بهم السفه لهذه الدرجة,normal,Yemen
3941,انتي مين لكشك يا صرماية,abusive,Egypt
3942,الحكومة البحرينية لـ لقاء وزير خارجيتنا بنظيره السوري عابر اول سؤال طبيعي ينطرح هو كيف سايعين الاثنين بصورة واحدة,normal,Yemen
3943,لعنك الله يا موريتاني ياقذر اصلا انت بلا شرف وماتربيت زي الناس يا جزمة الرجال ميت رحمه الله,hate,Saudi Arabia
3944,بدنا ندعس بقلبكن ولي شعب وسخ و مجرم متلكن متل نظامكن مجرمين روحي انقبري الله لا يقيمكن و انشالله بضلكن بهالهمة لتنتهوا,hate,Syria
3945,يا ملحد انت وامثالك نحن مسلمين يا بلا شرف,abusive,Libya
3946,روح انضب يا بلا شرف ما تنسى انو تسعين بالمئة من الطائفة من جبهة البيك,abusive,Lebanon
3947,الحكومة السعودية تعلن عن طلب مناقصات لحفر قنال على طول الشريط الحدودي مع كندا,normal,Saudi Arabia
3948,قال احد اسباب الثلث الضامن يلي بدو يحصل عليه التيار الوطني الحر كرمال حق المسيحي يشرب كحول بالمناطق الاسلامية,normal,Palestine
3949,فخامة الرئيس صرمايته عراسك وراس سليلتك وراس كل واحد بتحبيه يا بلا شرف يا وسخة يا معتوهة صرمايته أشرف منك ومن سليلتك,abusive,Syria
3950,يا عمي عملك شي مشروع ل جماعتك وتسلى فيه وحل عن الشيخ سعد او روح بكي بترتاح فرجينا شي نتيجه عملتها,normal,Lebanon
3951,مش ابشع من نفسيتك الوسخة,abusive,Egypt
3952,نتبه لوضعك لكان ما يطرتشك,normal,Tunisia
3953,سلامتك يا قلبي انشالله هو,normal,Lebanon
3954,التصريح بغض النظر عن فداحته لكم الغباء الذي يحويه فهو يلخص واقع الموارنة المتقهقر منذ نشوء لبنان الكبيرالتصرف على اساس انهم,normal,Sudan
3955,على اساس ابوك وابو اشرف يا بلا شرف تفه على هيك بلد جامعنا مع زبالة البشر,abusive,Lebanon
3956,يا حمار قمة يعني زبالة,abusive,Sudan
3957,لأن الكفن لا يحوي حقيبة,normal,Modern Standard Arabic
3958,جبران باسيل ملك التعطيل,normal,Syria
3959,كل الحملة المسعورة على جبران باسيل اليوم لتغطية هيدا الخبر الخيانة العظمى,normal,Lebanon
3960,هيدي سلالتك يا خنزير يلعن شرفك بلا شرف,abusive,Lebanon
3961,أحلى شي هالإيام تتسمّع ع نسوان عم يشرحوا لبعض قانون الإنتخاب,normal,Syria
3962,هيك بدافعو عن شهيد قائد ؟؟ اجري بتربايتك يا بلا شرف,abusive,Lebanon
3963,أكيد أستاذ بسام هل رأيت أكثر من جبران باسيل مفتن بين اللبنانيين؟؟المردة القوات أمل الأشتراكي الخ هم,normal,Syria
3964,للامانة هالبقرة تحديدا حاصلة على جائزة أكبر بقرة حلوب منذ بدء الخليقة,abusive,Syria
3965,أحسن شي بل الأنتخابات راشيل كرم هضامة وزكا وحضور وبتجيبا ع الطاير,normal,Syria
3966,انتو وياه بفرد لباس,abusive,Syria
3967,حياك الله من سوريا الاسد الاستاذ وئام وهاب,normal,Oman
3968,مين انت يعني حتى عم تهدد انقبر احترم حالك يا نكرة,abusive,Syria
3969,كول خرا منيح ههههه,abusive,Iraq
3970,صدق من قال هذا زمان الدعارة قد تكامل,abusive,Yemen
3971,مذيعة تسأل جبران باسيل في منتدى دافوس عن الاقتصاد اللبناني,normal,Modern Standard Arabic
3972,بتحط صورة بتقول السوري يضب غراضه ويرحل وبعدين بتقول ما في ضرورة لتغذية الحقد إنتي حمارة ولا عم تستحمري,abusive,Syria
3973,طالما امثالك واصدقائك بالطبقة الفاشلة موجودين بالسياسة ايه اكيد الدولة على المحك وكي لا ننسى ونظلم حدا,normal,Saudi Arabia
3974,طيب وشو رايك بتوظيف كتاب عدل اخوه من مفس البيت دون السن من,normal,Yemen
3975,كول هوا مين ما كنت تكون بتسوى صرماية,abusive,Iraq
3976,هيك ما كنتي عم تتعلمي السواقة كنتي عم تتعلمي كيف ترتكبي جريمة,normal,Jordan
3977,اي وطنية يا لص اعد عم تنهب اموال البلد بحجة انك وطني بلا شرف,abusive,Syria
3978,انت ابن حرام واطي حقير عميل بلا شرف هلق بينت عمالتك وحقارتك ومن اتباع الماسونية الصهيونية با بلا شرف يا قاتل ابوك رفيق الحريري سياتي يوم وتحاسب على عمالتك,abusive,Lebanon
3979,دخيل البك شو بحبك,normal,Syria
3980,خليكن تلحسو جزمة السوري يا بلا شرف,hate,Syria
3981,وقت الي بيثبت القضاء استقلاليته أول انسان متضرر هو المغرد وءام وهاب و أخصامه كما حلفا,normal,Saudi Arabia
3982,انت لو بتسد نيعك شو بكون احسنلك يا لبناني با هبيل يا مرتد,hate,Sudan
3983,هيك بدّن بلبنان كلّن سوا,normal,Lebanon
3984,أما حفلة الشيطنة المستمرة فلا اعرف ما جدواها,normal,Modern Standard Arabic
3985,هذه لغة الممانعة والمماتعة التي دوختمونا به أصبحت مكشوفة ومعروفة,normal,Algeria
3986,انت عم تحكي باسمك أغلبية الشعب اللبناني لا تريد ولا تتمنى عودة العلاقات مع سوريا الأسد جبران باسيل,normal,Jordan
3987,طيب ماشي في شي غيرو المرجع الكبير قديش كبير يعني فيك تحجم,normal,Lebanon
3988,كلامك مزبوط معاليك الله يعطيك الصحة والعافية,normal,Jordan
3989,انت مش مجرم يعني مش انت لي قتلتو للمعتر,normal,Tunisia
3990,كول هوا طال عمرك,abusive,Iraq
3991,ولك حل عنه كأنه مدهرك ومش دفعلك,normal,Syria
3992,وانت العاهرة اللي بتحاضر بالعفة,abusive,Jordan
3993,مو حاسيس حالك هبيله روح نئبر نام وما تتغطه يا بلا شرف,abusive,Lebanon
3994,الله يحميك وئام وهاب,normal,Syria
3995,ولك يلعن روح ابوك على ابوه للإسد يا خنزير يا ابن الخنازير بس ولا ارنب بس ولا بلا شرف انت وخنزير الضاحيه,abusive,Iraq
3996,بتخريها يا واطي كم كلب سعودي اجى علبنان وما حكينا شي لانو منقول لبنان بلد العيش المشترك وحر كل واحد يستقبل مين ما بدو بلبنان الاسد بيجي علبنان وبيدعس عراسك وراس اللي بشد عمشدك,abusive,Lebanon
3997,نحتاج لكل حرف من كلمة نحتاج من الغربة افريقيا أغلى سلام,normal,Tunisia
3998,اللهم انتقم,normal,Tunisia
3999,انت خليك نازل لحوسي بصرماية معلمك بشار يا كعب الصرماية ولما الاحرار بيتكلموا انت سد بوزك يا بلا شرف يا عامر بالخيانة,abusive,Egypt
4000,سيسجن وغدالناظره قريب تحياتي لك,normal,Yemen
4001,مياومو الإعلام لما بتصير حرية الرأي و التعبير و مهنة الصحافة و الإعلام مرادف لحرية الشتيمة و تشويه الحقائف و الحمل,normal,Palestine
4002,لا نخشاك ياسفاح الشام بحياة امك تخبرني بشو نتصر اسدك بس فاتح عيونك يا بهيم يلي عم دافع عنو هو يلي قتل ابنك وخيك وبيك وكل عايلتك هو يلي باع شرفك يا بلا شرف ما اقرفك,abusive,Lebanon
4003,هلق رجع لمن قلو الريس تبعو هش قلو مشمو على عيني ؟,normal,Lebanon
4004,جبران باسيل ديكور لبناني والمحركات إيراني,normal,Syria
4005,عم يقصد جبران باسيل,normal,Syria
4006,نسوانات حساسات الله يوخذنا يا شيخ,normal,Saudi Arabia
4007,شو صرت سعودي او اماراتي؟ انا بقول اماراتي بما ان بتضلك هونيك بدي مال و عليتك رايحة جايي على دبي,normal,Lebanon
4008,يتكون بلا شرف اذا ما بتحلقون راح زمانك يا زمك,abusive,Oman
4009,يمكن لو كان ابوك مربيك وضاربك شي كفين على نعيك ماكان وقفتي مع بشار يلي اغتصب النساء يا بلا شرف,abusive,Syria
4010,نشالله يضلو بهالهمة ويبلشو بولاد دولة,normal,Syria
4011,عندي افكار كتير حلوة و بتخدم الحزب,normal,Jordan
4012,وزغرطي يا انشراح,normal,Libya
4013,نتمنى على ابناء الطائفة الكريمة الحرص على طائفتهم ووجودهم موفوري الكرامة وأتمنى ان لا تدخل السياسة,normal,Iraq
4014,قلبه كبير وئام وديموقراطي عكس باسيل هههه,normal,Lebanon
4015,ولعت بين ال والجديد عم يتهموا بعضن بالقبض والتبعية وبيع الضمائر والكرامات,normal,Syria
4016,جبران باسيل ابن حرام مصفى عار على حزب الله التحالف معه,abusive,Syria
4017,طيب بما انك عم تحكي بحياة الماما روحي سأليها مين يلي حمى شرفها ومين يلي ضحى,normal,Syria
4018,منشان هيك انت بلا شوارب يا بلا شرف,abusive,Lebanon
4019,خلص يا هبلة قطر عمرت اربع ضيع بس من كل الجنوب و ايران عمرت الباقي مع البقاع والضاحية,abusive,Jordan
4020,وئام وهاب كلب كبير و تميم كلب صغير,abusive,Lebanon
4021,بصراحه انا ارى ان مقابله جبران باسيل معتدله واصر على ان اسرائيل معتديه,normal,Yemen
4022,خليك بفنزويلااا حللّنا الموضوع انت وجريدة الاخبار وناطرينكن يلا لا تطولو,normal,Lebanon
4023,يعني انت جبران باسيل,normal,Iraq
4024,فخامة الرئيس لو شي فقير عبيعمل غرفة حتى ينيم ولادو كان تمرجل عليه عماد عثمان بس هذا الزلمي اسامه شهاب عامل مشروع بد,normal,Iraq
4025,ياعيب الشوم على قلة الحياء,normal,Saudi Arabia
4026,يا حرام شي ببكي الحجر ما فيش حد يخدم عليها ويقللها يا هانم أين العرب أين المسلمين,normal,Yemen
4027,مناوي تهاجر,normal,Saudi Arabia
4028,عادل صايم لربه مو للناس وما بينطعج اذا شاف ناس مفطرة كونوا مثل عادل,normal,Qatar
4029,عماد عثمان موظف صغير عند الموظف الأكبر وللأسف,normal,Sudan
4030,ما تحكي باسم المردة يا قريع لان الفنيانوس شي والمردة والبيك شي تاني واسأل البيك عن علاقته باللواء قبل ما تنظر يا خرا اكلب من كلب انت,abusive,Iraq
4031,الصحفيين القريبين من المقاومة وانت منهم بتشوفوا الوزير جبران باسيل من منظار واحد ووحيد مدافع عن المقاومة,normal,Jordan
4032,و انت منك سياسي؟ وانت لوما جمهورك شلعوطين و نص كنت نجحت,normal,Yemen
4033,انت كول خرا يا خرا بس بدك تجيب اسم سليمان بيك بتبخر تمك يا بغل,abusive,Syria
4034,النصّ من دون تحريف,normal,Iraq
4035,يلا منيح كل ما زادو الطباخين بتحترق الطبخة والمنطقة ويلااااا,normal,Lebanon
4036,هودي بهائم المردة لشو الرد عليهم اذا سليمان فرنجية عدن وطلعوا معو الف كلب وجحش وحمار ويمكن خنازير,hate,Lebanon
4037,يعني انت شو بتفرق عن العميل بس فرق بين تكون قائد وعندك عملاء وبين تكون طرطور وطبل مفقوع عند مشغلينك,abusive,Jordan
4038,شام يا ذا السيف لم يغب,normal,Tunisia
4039,سليمان فرنجية عبارة عن كلب مسعور لديه حاسة شم قوية جداً شم ريحة كرسي الرئاسة ولكنه لن يجلس عليها ابداً وتصبحو على خير,abusive,Algeria
4040,توني سليمان فرنجية كلب يتم تحضيره لوراثة أبيه الجحش لا تستغربوا ايه عنا بلبنان الجحش بيخلف كلب,abusive,Egypt
4041,بدي قولا ومش فرقاني معي جايي عبالي غيّر هالطقم كله وجيب طقم جديد في واحد حدنا عامل صولد عالبدلات الإيطالية,normal,Lebanon
4042,الصعلوك سليمان فرنجية نحن مع المقاومة في اي زمان ومكان وخصوصا في القصير ليش مينك انت يا أهبل اذا كان جدك باع البلد لحافظ كلب انت بعت عائلتك,abusive,Palestine
4043,كلب مسيحي سليمان فرنجية تابع لتيار مرده لبناني عم يمشطو جماعته منطقة مجليا و لعرينيه,hate,Lebanon
4044,قصف مباشر,normal,Jordan
4045,كل واحد منكم أنجس من الآخر تفوا عليكم,abusive,Tunisia
4046,إعلام القمة العربية التنموية يعلن أن اقتراحا لبنانيا مهما سيقر في شأن أزمة النازحين واللاجئين سيذيعه وزير الخارجية جبران باسيل,normal,Modern Standard Arabic
4047,ما فيك تعيش بلا ما تكب فتن ليل نهار وبكرة قلهم الموضوع عند السيد,normal,Syria
4048,هذا خطاب وزير سابق عجبي,normal,Iraq
4049,وكمان هالمرة أهل الغوطة ضربوا حالهن كيماوي؟,normal,Syria
4050,لا أدري كيف سمح لبنان لنفسه بقبول مثل هذا المسخ أن يكون حاضرا في القمة لبنان التنوع والحضارة والفن,normal,Modern Standard Arabic
4051,لالالا فقط كلاب التيار العوني وخنازير سعدان زغرتا الكلبة الافرنجية,hate,Jordan
4052,مش صحيح هيدا الحكي يا انت حساسة كتير او تتبعين المثل القائل يلي بدو يجوز بنتو بغلي مهرها,normal,Lebanon
4053,اذا لاقيت وحدة عقلها راكز عض عليها بالنواجذ,normal,Algeria
4054,تماماً ولما يشاركوا نفس القناعات بالاخر بيكون الواحد عم يثبت صحة آراءه وبالتالي عم ي حاله,normal,Syria
4055,لم ترى عيني أعهر من مسيحي لبناني يقف جنباً الى جنب مع حسن نصر الشيطان وجماعته,hate,Oman
4056,سوف نرى كلاب زغرتا ولبنان وبيت فرنجيه وسنرى كيف سوف يستطيعون الهرب وتخليص انفسهم,hate,Oman
4057,مصر طيز الدنيا,hate,Egypt
4058,دمشق كانت ولا تزال دمشق عمر بن عبد العزيز رضي الله عنه,normal,Oman
4059,يا عم الله ياخدك,normal,Lebanon
4060,الغلام جبران باسيل بلغة متعثرة لعقلية مضطربة يعتبر ان امير قطر كسر الحصار على الدوحة بحضوره القمة,normal,Saudi Arabia
4061,مقاس صرمايتي والصرماية يلي ع راسك متطابقتان تماما يا عبد المجوس تضرب انته وكلب الفرس المجوسي نصرالشيطان ابن المتعه,hate,Iraq
4062,ينزل صورة لحاله ع أساس عم يشتغل بالمخبر,normal,Syria
4063,يا هبيله بتعرف حالك منيح بطل هبل,abusive,Lebanon
4064,لعنة الله عليك وعلى كل درزى خبيث تمارسون لعبة تبادل الأدوار في لبنان درزى مع ودرزى ضد يهاجم وهذا دأب أقليات الحقد الد,hate,Saudi Arabia
4065,ويل لامة ضحكت لجهلها الأمم,normal,Tunisia
4066,عشان هيك ضلك ضحكني,normal,Jordan
4067,بتطلع ستين خنزير يا رافضي يا مجوسي يا عباد القبور لعنة الله عليك وع معلمينك الخميني وخامنئي ونصرالشيطان والسكستاني اتفوووووووو,hate,Jordan
4068,الله يقويك ويحميك معالي الوزير جبران باسيل,normal,Syria
4069,أمريكا ما لازم تكون شرطي العالم طيب ما تاكل خرى وتروح انت تقرأ تاريخ إي أمريكا عملت بلاوي بس هياته العالم يلي أمريكا ما عملت شرطي فيه الأسد قتل ألف بني آدم وبأسلحة محرمة دولياً وهجر حرفياً نص شعبه وبيعمل ترانسفير طائفي هيك أحسن مين بدك شرطي بدال أمريكا بوتين,abusive,Syria
4070,مناسبة اغتيال الصحفي السعودي خاشقجي رحمه الله لايسعني الا ان اقول يلعن روحك يا حافظ على روح ابنك بشار على روح الي خلفك,abusive,Saudi Arabia
4071,لا يوجد ثوابت يوجد مصالح أنت عراقي وتعيش في أمريكا من أجل مصلحتك فما بالك بدول,normal,Modern Standard Arabic
4072,مش عاجبك شي,normal,Syria
4073,جيش ابو شحاطة النصيري القذر الجيش الوحيد بالعالم يلي بيقتل شعبه كي يبقى الخنزير بشار متخوزق عالكرسي اتفووووو,hate,Lebanon
4074,قصدك تحكي عن نفسك انك ما كان بدك تخبي شي يوم يلي منعت إدخال محمد ابو ذياب إلى مستشفى قريب وأدخلته إلى مستشفى للأسف حزبي,normal,Syria
4075,ههههههه خراس و خريها ههههههههه كلب اسود,hate,Libya
4076,الاهم انو ما اعطانا حقارة ولؤم وخساسة وجع يخلع نيعك,abusive,Lebanon
4077,متل ما اعترف بالشيخ الي كان قبله معترف بهذا حرام خلي يفش خلقه بيرتاح نفسياً ومعنوياً,normal,Iraq
4078,كيتا يازنجي ياحمار تفوو عليك,hate,Tunisia
4079,كفاية تنمر بقى يا زنجي يابن الوسخة,hate,Egypt
4080,العمى شو تشتوش,abusive,Iraq
4081,جماعة سعد الحريري كالحروف كبعض يحترف النصب والبقية يستحقون الكسر البعض ليعمل سيلفي يستحق الرفع وكلهم كلاب سلمان الذي تحت شحاطته يضمهم,hate,Modern Standard Arabic
4082,محتاجين بس نسكر بوازنا ونسكت نحن شعب لا نفقه إلا الثرثرة,normal,Libya
4083,اعذرهم معاليك صوت الحق اربكهم و حب السلطة و المال يتحكم بهم,normal,Tunisia
4084,لعنتوا شرف الثورة يا أندال,abusive,Tunisia
4085,غرد الجحش وظن باءنه حصاناً تتكلم مع العوني بموضوعية فيرد كبهيم حقير جربان مثل اصله,hate,Oman
4086,العوني اذا تمدن متل الجحش اذا تكدن بعمرك شفت عوني بيفهم,hate,Lebanon
4087,ما عم يدعمك ايه هههههه,normal,Syria
4088,خدلك نصيحة خدلك نصيحة عنا الحلبية كلون شبيحة,hate,Syria
4089,اذا معلمهم هبيلة بعمرك شفت عوني بيفهم,hate,Lebanon
4090,لقاء خلدة يلي بيتضمن جعارين مرتدين لا فهم و لا أخلاق عملاء تابعين للجزمة السورية عيني لا انت و لا حليفك,abusive,Lebanon
4091,هربت منو بالبيجامة فا لا تحكي كلام اكبر منك لعاب على قدك يا صغير,normal,Lebanon
4092,منشار,normal,Lebanon
4093,شكرا لصباط امير قطر,normal,Libya
4094,انت طلعت صرماية فعلا العقاب لوهاب وهاب قاتل ابو دياب,abusive,Egypt
4095,هوا عليك و ع بلدك و ع عبودة كمان ليش اسمكن بلد انتو اصغر قرية بسوريا اكبر من بلدك كلها يا قرباط الشرق الاوسط لعن الله من جمعكم حثالة حقكم صرماية تنضربو فيها,hate,Iraq
4096,ما بيسترجي,normal,Lebanon
4097,يعني يا محترمة عم تجملي الكل,normal,Jordan
4098,يرثها عباد الله الصالحين,normal,Tunisia
4099,نحتاج الى مكنسه تكنسك انت وكل محور المماتعه وتكبكم بمزبلة التاريخ,abusive,Iraq
4100,مش عم نفهم عليك هالايام العقاب لوهاب وهاب قاتل ابو دياب,normal,Palestine
4101,و وحدة هبيلة بتزقفلن و بترقصلن,abusive,Palestine
4102,عباس يا نوري يا قرباطي اعرف من هو اباك اعمل ال د ان اي يا حفيد السستالني,hate,Iraq
4103,الكلاب اللبنانيين يداهمون مخيمات عرسال للاجئين السوريين كلاب وستبقون كلاب,hate,Modern Standard Arabic
4104,هههههاي والله مابومات الا البنات الي دوم دايم وهن هبلات,hate,Iraq
4105,بتعرف شو الفرق بين الحر وبين المأجور هذا هو انت بوق للنظام,abusive,Jordan
4106,والإعتداءات على مشاعات الدولة من قبل الممانعين حلفاءك لماذا تغض النظر عنه يا حامل لواء مكافحة الفس,normal,Modern Standard Arabic
4107,يسعد صباحك,normal,Lebanon
4108,الاصلية كانت سافر فأنت لست شجرة على ما اذكر,normal,Oman
4109,عندما نقف أمام هامه سياسية فذة متمثلة,normal,Yemen
4110,لا شمعون ولا بشير جبران باسيل هو جبران باسيل,normal,Syria
4111,الاناء ينضح بما فيه شوف كلمة الزبالة من وين خرجت انا ما بحب الوزير جبران,normal,Jordan
4112,يخليلنا ياك,normal,Morocco
4113,إنت الحق وغيرك مين أب المظلومين,normal,Lebanon
4114,واحد غجري نوري قرباطي,hate,Iraq
4115,لو منو رجل فاسد ما بضل يكشف عن فساده,normal,Jordan
4116,كلاب لبنان أحقر من اليهود لاشرف ولامرؤة ولادين استبقلكم الشعب السوري يوم كنتم كلاب لاجئة هائمة في عرسال ورديتم الجميل بالرصاص عبيد المجوس والترك,hate,Yemen
4117,هيدا اسوأ عهد مرق بتاريخ لبنان,normal,Lebanon
4118,ما مستوطي الا حيط الشيخ سعد لأنه آدمي وجمهوره ما بيقاتل ولأنه مش مستعبرك مش قابل يرشيك او يشتريك,normal,Egypt
4119,لو ما تفكيرك غبي متلك ما بتقلولي نحنا جماعة حزب الله فيا غبية أنا قصدي انتي ولي متلك لي ما عندن شغلة إلا يراقبو شو بيعمل الشيخ سعد والهيقة الخرزة الزرقا عامليتلك عقدة انتي ولي متلك وان شاء الله تفهمي شو بقصد وما تقولي قصدة جماعة فلان,abusive,Lebanon
4120,لك بالقليلة عم تبسط هالدراويش المحرومين,normal,Syria
4121,بيكي أندرسون تسأل جبران باسيل المعظم في علم الاقتصاد حول مشاكل لبنان وهو يجيبها بردية زجل عن الشعب اللبناني العظيم معيب,normal,Yemen
4122,ليك كول هوا وعملي بلوك,abusive,Sudan
4123,شو وايك تحط صرماية عتيقة بنص حنكك انت كمان ما حدا خائن غير سلالة القرود الاسدية باعو البلد للصهيوني والايراني المجوسي,hate,Lebanon
4124,وحدووووووه,normal,Algeria
4125,لك العما بعيون عيونك شو انك حيوان وبهيم وعديم الاحساس العما يا جحش لسه كل ما تنبح وتغرد بتاكل مية بهدلة والف مسبة روح انطم بقى وحط صرماية بحلقك وحاجتك اكل خر يلعنك ويلعن معلمك الحيوان بشار المماتع قال دكتور مناضل قال اتفووووووو ع شرفك وشرفه اذا في عندكم شرف,abusive,Saudi Arabia
4126,يجب على القضاء محاكمة لصوص المال العام ومغتصبي الاملاك العامة,normal,Oman
4127,القاصي والداني بيعرف انو بشار الكر مجرد عبد مأمور عند اسياده الروس والمجوس يعني حقو صرماية عتيقة لابحل ولابيربط لعنة الله عليه,abusive,Jordan
4128,مصلحة لبنان فوق كل مصلحة,normal,Jordan
4129,جيش ابو شحاطة الاثدي والجيش الروسي القذر وجهان لصرماية واحده اما القاذورات التي تعلق باسفلها فهي حتما تمثل حالش وايران,hate,Yemen
4130,والسبع تنعام منك و من هيك لقاء نائب مش قادرين توصلو شيخ عقل الطائفة ينتخبه المجلس المذهبي مش انت,normal,Lebanon
4131,ههههههه داعشي طنط كول هوا ولاك حريمه,hate,Iraq
4132,اديش بتاخد عالتويت,normal,Lebanon
4133,فعلا وبالملموس كلامك صح والف مبروك للناجحين وان شاء الله بتنفرج بالحكومة وخلي هالناس تفرح شوي,normal,Jordan
4134,على اساس ان الاجنبي بيترك الشقر وبيتزوجك يا ام ركبه سودا,hate,Saudi Arabia
4135,اخبار حسيتها متل ورقة النعوة كل اخبارها حقد على العهد وحقدها اكبر على جبران باسيل,normal,Jordan
4136,نحن نفتخر بسماحة الشيخ نصر الدين الغريب شيخ عقل طائفة الموحدين الدروز صاحب الأيادي البيضاء ونعتز به كممثل لنا في القمة العربية,normal,Modern Standard Arabic
4137,يا ريت حدابيعملها معالسياسيين عنا بس بدل الصباط صاروخ ارض جو,normal,Lebanon
4138,اتصالات سكلية يا سحلية انو شو بنفهم منك يا فهمانة طويلة ع رقبتك,abusive,Syria
4139,شوفي وجك انت كيف قبل يا بشعة هاهاها,abusive,Sudan
4140,ممكن تخبرنا مين هني ثلاثة ابطال,normal,Qatar
4141,يا استاذ وئام اذا بدك يانا نصدقك و نمشي معك يجب عليك ان تسمي الفاسد الصديق قبل الغريم القصة فش نكايات,normal,Jordan
4142,الله يكون بعونا عليه على جبران باسيل,normal,Syria
4143,مبروك لبنان ابتداءً من هالليلة صار في انترنت سوبر سريع ببعض المناطق بفضل إطلاق مشروع الألياف الضوئية يللا عقبال ما يصير عنا كهربا,normal,Syria
4144,حبيب فياض مصاب بعقدة باسيلوفوبيا,normal,Modern Standard Arabic
4145,انت و مرجعك الكبير و صرمايتي سوا,abusive,Lebanon
4146,قديمة,normal,Saudi Arabia
4147,أيتها النصرانية البشعة القبيحة فاقدة الأنوثة والجمال والأخلاق أنتي مصابة بداء جنون العظمة تظنين أن لا أحد يفهم في الإعلام إلا أنتي وتظنين أن لا يوجد قناة إلا خنزيرتك وبإمكان خنزيرتك هز الدول واستقرارها شو قالولك مثل بلدك لبنان مغتصب من إيران عبر حزب الله يا بشعة,hate,Modern Standard Arabic
4148,هيدي مش وزيره هيدي شيطان الحكومه عاملي فوق ال عملية تجميل وبعدا بشعه يا محلا المسخ,hate,Lebanon
4149,مي شدياق انتهت صلاحيتك بين الرجال ما عاد الك منفعة هههههه خرسي بقا حطي إيدك البلاستيك ب,hate,Syria
4150,حكم القوي يا ست هانم,normal,Egypt
4151,واصح من ردك انك غبية روحي عالمطبخ يا قلبي,hate,Lebanon
4152,لا يابقرة هاتريك هذا يقولونه للأعب اللي يسجل ثلاث اهداف روحي عالمطبخ بسرعة قبل لا احد يشوفك,hate,Saudi Arabia
4153,الحمدالله الذي كشف دور الامارات الارهابي في حيك المؤمرات ضد السعويه ومشروع محمد بن زايد,normal,Yemen
4154,يخربيتك روحي عالمطبخ لو شافك هتبقي مصيبه,hate,Egypt
4155,جبران باسيل مش اول مرة بيحكي عن حق اسراءيل بالأمن فيعني هيدي قناعاته فعلى اي أساس متحالف مع الحزب,normal,Lebanon
4156,فخر يلي يكسرلك راسك على اساس انتي من اصحاب القرار روحي انقبري عالمطبخ ولا نقبري قعدي قدام قناة بداية وتركي السياسة لأهلها,hate,Syria
4157,شعب إذا ضرب الحذاء برأسه صرخ الحذاء ما ذنبي اضربو كما تكونوا يولا عليكم الله يخليلنا امراء الحرب,normal,Oman
4158,روحي عالمطبخ ياكلبة الدب,hate,Syria
4159,من عجائب آخر الزمان,normal,Algeria
4160,الدفع مقابل النباح على جبران باسيل,normal,Algeria
4161,ضو كول هوا,abusive,Iraq
4162,كانت بايخة و ما كتير ناجحة لان ما جبتو سيرة الوزير جبران باسيل شي مرة,normal,Lebanon
4163,منذ إنتهاء الحرب الأهلية لم يجرؤ أي مسؤول لبناني رسمي أن يتحدث عن حق إسرائيل بالأمن إلا جبران باسيلو قد فعلها أكثر من مرة,normal,Modern Standard Arabic
4164,بيقتل القتيل وبيمشي بجنازته الهيئة الحق على الشبح كاسبر,normal,Lebanon
4165,نعم وئام هذا من اخبث البشر وحليف دائم لحسن زميرة وخامنئي فكيف يكون وطني هو الى الفرس,abusive,Iraq
4166,تؤبريني شو ألبك حنون ما خطفتوه انقذتوه وليه ما ألتلك انو مخك ما بيستوعب روحي عالمطبخ وبلا جعدني,hate,Lebanon
4167,يالطيف شو بشعة روحي عالمطبخ وسكتي حجة,hate,Lebanon
4168,شو خص الرفض بالقبول وكأنو عم بتصوروا هالنص مليار لح ينقلوا الاقتصاد مدري لوين طول,normal,Syria
4169,اول شي منفتخر بي بشير الجميل بي جبران باسيل يا جاهل و ثانيا روح جاهد شو فهم بالسياسة,normal,Sudan
4170,سكتي وليك شرنة هاد جوزي بدنا نضل بسوريا ونطهرا من الجراثيم,abusive,Syria
4171,رئيس الشيشان الكلب,hate,Libya
4172,هل تعلم انه بالحرب اللبنانية كان في إجرام قد ما بدكن بس ما كان في فجور سياسي قد هلق,normal,Lebanon
4173,رفيق لطف شبيح درجة أولى لبشار وزمرته ورئيس قناة الكوثر الطائفية ومحلل سياسي حقير ومذيع معتوه وغباء بحجم الكون,abusive,Syria
4174,يحرق عرضك روحي عالمطبخ فضحتي لدنيا وانت وهبلك,hate,Tunisia
4175,سنبقى معكم لتحقيق منطق العدالة لجميع أبناء الطائفة المعروفية,normal,Modern Standard Arabic
4176,سليل الحسب فعلا سليل الجحش ابن الجحش ابن الوحش سليله حيونه بامتياز,abusive,Libya
4177,حكيك متلك كلو خرا بخرا,abusive,Lebanon
4178,إشتغل ربع لعم يشتغلوا الرئيس ميشال عون والوزير جبران باسيل,normal,Lebanon
4179,هذا شيعي حقير,hate,Iraq
4180,لم ننتظر شهادة عن وفاء العماد عون وعن صدق جبران باسيل لأنهم سطروا التاريخ بقيمهم النبيلة ولكننا نفتخر بكلام سماحته الذي أسكت,normal,Modern Standard Arabic
4181,كلنا معك يا بطل هيدي هيي الرجوله بيضل عموقف واحد مش بيبروم ليحمي حالو ومصالحو اتعلمو من وئام وهاب الشرف,normal,Lebanon
4182,روحي انقبري انشغلي بشي عمستوى تفكيرك الخرا وتركينا من تنظيراتك وفلسفتك لا تدخلي فينا ويلا عالمطبخ,hate,Lebanon
4183,صار من شروطها يدخلوا اخوة سوا,normal,Iraq
4184,ليش غيرانه يا ام ركبه سودا,hate,Sudan
4185,لما السيد قال إنو جبران باسيل صديقو صراحة انا انبسطت لان تذكرت انو الشهيد رفيق الحريري كمان كان صديقو ع كل حال,normal,Syria
4186,انت يا سارق شو مفكر ما منعرف مين سرقلا المصاري و افلست الشركة روح شوف فسادك انت من وين معك كل,normal,Lebanon
4187,لازم نعلمهن يقولوا اختاااااااه,normal,Libya
4188,يا عيني السياسة الاقتصادية قايمة على الدين وحولت البلد من الانتاج للإستهلاك وين الصناعة,normal,Sudan
4189,بتوقيت نصرالله شو رأي السيد اذا منبعت جبران باسيل على فينزويلا لدعم محور الصمود والتصدي ويرتب الأوضاع,normal,Syria
4190,إذا صح الكلام عن قرب توجه جبران باسيل إلى دمشق لدعوة النظام السوري إلى القمة الاقتصادية العربية,normal,Modern Standard Arabic
4191,كول هوا يا ابن الكلب,abusive,Iraq
4192,لعنه الله عليك ي شيعي ي حقير ي واطي يابن ست وستين كلب,hate,Saudi Arabia
4193,آخ يا جبران باسيل شو قاهر عالم انت معلم منا وجر,normal,Lebanon
4194,هوي عميل لبشار في لبنان,normal,Lebanon
4195,انا مع جبران باسيل نكاية بي رب العالم كلن,abusive,Morocco
4196,لا شك انها لامستك بالشكل وبالمضمون يا من مارست العهر على ابناء جلدتك ستحي بقى,abusive,Sudan
4197,شو رأيك يحطوك أنت شيخ ألكذابين بتلبقلك,abusive,Syria
4198,اشم ريحت زباله يمكن سني حقير هنا,hate,Yemen
4199,انت لازمك حكيم بيطري ليعرف وجعك ههههه حرام العماد عثمان عاملة عقدة,abusive,Sudan
4200,الرئيس السابق لمجلس النواب حسين الحسيني يقول الوزير جبران باسيل لم يقرأ الطائف,normal,Iraq
4201,لك طائفي لك حقير أنا سوري مسلم سني و بحب بلدي و رئيسي تفي عليك يا واطي,abusive,Palestine
4202,والله بعد شي نهار تاج راسك و كسارو اللواء عماد عثمان ليجيبك و يعملك عبرة و مسخرة و ممسحة والله,abusive,Morocco
4203,انو غريب يوجعك راسك القواتجية عادة بيكونو بلا راس,hate,Lebanon
4204,أعزائي الأثيوبيي والكينيي بتريدوا انو كل ما تعملوا ماراثون ببلادكُن يربحوا لبنانيي,normal,Lebanon
4205,اجمل شي بس يخبص باسيل منرتاح من ناس على تويتر لفترة من الوقت,normal,Qatar
4206,وهّاب للمشنوق هذا ما يجب أن تفعله قبل المدح بعثمان,normal,Oman
4207,الله يلعن جميع الأديان يلي دمرت البشرية,hate,Syria
4208,انت ليش بين فاصلة ونقطة بتدحشي المقاومة بكلامك بكفيك حقد اسود وبخ سم عليها شو المقاومة لحاكمة البلد احكي مع احبابك حمار خليهن يغيرو القوانين والأنظمة بعدين احكي,abusive,Syria
4209,انا اكيد انو الحق على المهندس جبران باسيل و ما بدها تنين يحكو فيها و بلا نقاش,normal,Jordan
4210,أعلنت جامعة اوكسفورد البريطانية عن منح الوزير جبران باسيل دكتوراه فخرية في العلوم الإقتصادية,normal,Syria
4211,شو عدا مابدا,normal,Lebanon
4212,مظبوط مضيع,normal,Jordan
4213,أو انت ما بتغرد انت بتشنهق,abusive,Sudan
4214,معظم القواتجية صهاينة,normal,Syria
4215,ثقافة الذبح ليست من شيم جبران باسيل,normal,Modern Standard Arabic
4216,مياومو الإعلام اللي شالوا كل مشاكل البلد تيركزوا على جبران باسيل,normal,Egypt
4217,ليش حتى بلبنان مشايخ لعقل مقسمين,normal,Lebanon
4218,دويلة قطر هي راس الأفعى وأم الارهاب وراعية الخراب في الدول العربية والممول الرئيسي لعمليات الارهاب,hate,Egypt
4219,وهاب نتمنى أن لا ينظر علينا احد بمحاربة الفساد وهذا يعني محاربة الفساد فاسدة أيضا,normal,Oman
4220,أقترح ردم اللاجئين بالبحر على طريقة ردم جبل النفايات بصيدا,hate,Lebanon
4221,ما في حظوظ للاتباع الرئيس لازم يكون قوي في بيئته جبران باسيل ما عندو منافس,normal,Palestine
4222,العرب جرب,hate,Yemen
4223,كلام الحق,normal,Libya
4224,لو في دولة بتحترم حالها كنا شفناك عم تغرد من رومية,normal,Jordan
4225,خليكن قاعدين عجنب و ساكتين لان بعدنا عم نصبر عليكن بس كلو الو حدود ما تلعبوا,normal,Palestine
4226,مين هني يلي تحت سن ؟,normal,Syria
4227,ما بتتذكريني اتذكر مين انا بوقف بنص الدرج اتذكر اذا طالعة ولا نازلة,normal,Jordan
4228,انت يا جرذون طهر نيعك قبل ما تحكي عن الأسد,abusive,Sudan
4229,منوزع شرف عالكل جبران باسيل التيار الوطني الحر,normal,Lebanon
4230,لو في دولة بتبعت بتلمك انت وكل الزبالة اللي متلك,abusive,Jordan
4231,جبران باسيل صديقي,normal,Syria
4232,بايرن الكندرة,abusive,Algeria
4233,متل ما بداء جبران باسيل وزمرة التيار بنبش القبور كمل الرئيس الأوي بالتفرقة مش جديدة عليهم هالغة عهد فاشل من تيار عاهر,hate,Lebanon
4234,واساءل حالك يا ذكي وفلتت زمانك مش صعبة عليك اساءلون واحد يلي حوليك اليوم وين كنت قبل ما صرت,normal,Lebanon
4235,الله يشفيك من عقدة النقص ع كل حال جبران باسيل عنوان النزاهة يا كذاب كذبك يا أيوب,abusive,Syria
4236,طيب جيب مساعدات من صاحبك مبز,normal,Yemen
4237,أنت كتلة متكاملة من العنصرية والغباء الفكري والسياسي والاقتصادي كلك على بعضك حمار,abusive,Jordan
4238,يا عيني ملا جريدة الاخبار,normal,Tunisia
4239,كثر انتقادك انت و غيرك هو سبب نجاح جبران باسيل مياومو الإعلام,normal,Jordan
4240,اذا جبران باسيل بدو يكون كميل شمعون او بشير الجميل الثاني طيب ليه ما بكون متل الجنرال,normal,Syria
4241,سؤال لحضرتك أين من تمدحهم بالليل والنهار,normal,Modern Standard Arabic
4242,وانت من اي صفة يا وهاب,normal,Tunisia
4243,من يكون ضنينا على مصالح الناس يجب أن يكون من الناس,normal,Modern Standard Arabic
4244,ما حدا جابرك ضلك هون,normal,Syria
4245,مع الجحش بشار معلمك,abusive,Syria
4246,اهلا و سهلا بالامير الشريف امير قطر,normal,Saudi Arabia
4247,عثمان او حدا تاني؟؟؟ وواثق من نفسه,normal,Libya
4248,ما في كبير بوجودك قائد طال عمرك,normal,Lebanon
4249,لو في دولة اساسا وتحترم نفسها لن تترك بوقا شيطانيا مثلك فتنوي انت وصرمايتك سوا,abusive,Saudi Arabia
4250,واعلم ان العديد من اللبنانيين يعملون فيهافارجوك عادي من شئت اما لبنان الرسمي فلا يستطيع معاداة احد سوى الكيان الصهيوني,normal,Yemen
4251,ما في غيرو الفتنة مأجور حقو فرك ليعمل فتنة وهاب البرميل,abusive,Saudi Arabia
4252,عنجد يا وهاب اوقات بتحط اشيا لابصتك لبص كل انسان بيعرف حاله منيح,normal,Lebanon
4253,اخرس ولا حقير لما وقف وليد جنبلاط ضد النظام السوري عام 2005 كنت حضرتك كلب عند بشار الأسد فسد بوزك ولا تتذاكى,abusive,Palestine
4254,ومين قلك حدا طالب رأيك او انو تسدقي,normal,Jordan
4255,الف تحية لشيخ العقل ومشايخنا الكرام,normal,Iraq
4256,عدم المؤاخذة ايمت اخر مرة صار عندك,normal,Jordan
4257,قطر مرادف الارهاب,hate,Yemen
4258,صه يا طبل حنجيبك,abusive,Libya
4259,وليد جنبلاط علي العربيه من حواره اثبت انه كلب السياسه العربيه والشخصيه المراوغه الاولي,abusive,Yemen
4260,اسكت انت والراقصة السياسية جنبلاط تبعك,abusive,Syria
4261,لكن اضحك على حالك,normal,Iraq
4262,واو واو قمة السادية الوجه الآخر الجميل ل زينتنا,normal,Saudi Arabia
4263,جبران باسيل لم يخترع شيئا جديدا و انما تحدث مثل وزير خارجية ايران افعال اسرائيل سبب مشاكلها,normal,Saudi Arabia
4264,كذلك نرى الوئام هو ليس حيادياً او موارباً هومع التحت مع الفقراء والبسطاء الذين يكونون دائماً عند خط,normal,Oman
4265,وين الف صاروخ ؟ ترى الشام صارت غربول,normal,Saudi Arabia
4266,عربي سني اي فشرت تكون سني انتا وهابي قذر,hate,Sudan
4267,مرعبي كل ما يقوله جبران باسيل اصبح شرعيه و تتبناه الحكومه اللبنانيه و عن لسان رئيس حكومتها سعد الحريري يا منافق,abusive,Libya
4268,هيدا كلام بس للاسف البعض باع الضمير ليشتري قلة الشرف,normal,Lebanon
4269,جبران باسيل ورع اللبنانيين يضحكون عليه,normal,Qatar
4270,كول هوا و سد نيعك,abusive,Iraq
4271,أمة عربية و احدة,normal,Sudan
4272,انت رمز للفتنة وللتبعية و انت محرض للانشقاق اذا كنت غاوي لعب في السياسة فهذا شئ يعنيك انما اقحام الدين,normal,Saudi Arabia
4273,هذا فعل الريال والدرهم لأنك كلب تفضل الريال والدرهم على سمعت بلدك فتميم هو من حول القمه من قمة وزر,abusive,Yemen
4274,بالمباشر يتابع القمة الاقتصادية ما قبلها وما بعدها,normal,Saudi Arabia
4275,يا جماعة استخدام الكيماوي جريمة كبيرة لان الكيماوي النا كلنا مو بس للنظام بس خلصت الحرب مفكرين في حنفية مصاري حتى نشتري كيماوي جديد؟؟ نحنا بحاجة كل برميل,normal,Jordan
4276,وهاب ما نشر في جريدة الأخبار اليوم وفي دولة تحترم نفسها يستدعي توقيف فوري لعماد عثمان وزجه في السجن,normal,Saudi Arabia
4277,فشــــرت يا حشرة حريتنا ورح ناخدها تضرب انت وبشار والملك تبعكم تفو عليكم انت يهودي فشرت تكون عربي الله ياخدكم اشه لفه,abusive,Syria
4278,انت كول هوا وما خصك ب لبنان,abusive,Iraq
4279,كلامك هراء من دون اي قيمة تذكر انت بلوة من البلوات المنتقلة تقتل القتيل وتمشي في جنازته انت عبىء,abusive,Iraq
4280,ما حدا مجنون ومجرم الاّ انت لا غيرك,abusive,Lebanon
4281,كذبك يا أيوب بكفي كذب وافتراء بحق جبران باسيل,normal,Syria
4282,ما في واحد بلبنان بشوف حردبتو,normal,Lebanon
4283,ضاربة الحمي بالنخاشيش,normal,Morocco
4284,ممكن أصواتكم,normal,Jordan
4285,طز بهيك إعلام فاشل و فارط,abusive,Lebanon
4286,عاد الى حضن أنيسة,abusive,Algeria
4287,طز بهيك استحواذ وبهيك نادي صار مع هيك مدرب حمار يلعن خواتك يا فالفيردي,abusive,Syria
4288,جبران باسيل خرّب علاقات اللبنانيين ببعضهم وخرّب علاقة لبنان بدول العالم حتى لم يبق له سوى الانطمة الإرهابية,normal,Modern Standard Arabic
4289,البيان الختامي للقمة العربية يتلوه وزير الخارجية جبران باسيل,normal,Modern Standard Arabic
4290,والله انت اكبر خنفوس,abusive,Tunisia
4291,مزبوط من نفس العيلة عصام نعيم,normal,Palestine
4292,عندما تنهق تضحك الحمير,abusive,Oman
4293,والله مرات هالزلمي معه حق جاري جاب ورقة وعمل شاحط مخالف,normal,Yemen
4294,كلام شعبوي ينم عن جهل بكيفية عمل شركات الخلوي ما في شركات أخذت أي خدمات من الشركات,normal,Jordan
4295,والله ساعة ما تكفي الحاجة بس بنخلقلك وقت,normal,Syria
4296,هههه كيف بدهم يبطلو كل شي بيعملوه بحياتهم,normal,Jordan
4297,فاشل ومتخلف شوف بلدك ياغبي لكن تضل تابع وذنب لحزب الشيطان وهوا الي فشلك بالانتخابات ياغبي,hate,Saudi Arabia
4298,هههه كيف طلعت معك هيدي لا تسأل قديش,normal,Lebanon
4299,صغير وراح تبقى صغير,abusive,Jordan
4300,من لأخر شو بدك يا سعدانة مقهورة انو نحن الشيعة موحدين وايد وحدة وانتو مقسومين وفايتين ببعضكن وبتكرهو بعض وبتحكوا وبتغدرو بعضكن يلا خليكن مقسومين انتو المسيحيين وانشغلو ببعضكن,abusive,Syria
4301,ههههههههه ولك هس خراس ليش انت بتمون عسرماية بهالبلد لتحكي برؤسا دول روح ارعى غنماتك اكتر من هيك ما فيك تعمل,abusive,Lebanon
4302,وينن جماعة القوات من يلي صار اليوم بانتخاب رابطة المعلمين,normal,Syria
4303,مصير الدولة والعهد على محك محاربة الفساد,normal,Modern Standard Arabic
4304,نصرالله ما عزز الصداقة مع شخص العماد عون والوزير جبران باسيل هي حرب تموز ووثائق ويكيليكس,normal,Syria
4305,بس بدك تحكي تحكيش متل الخنازير,abusive,Syria
4306,اول شي فشر انك تكون عزيزي,normal,Sudan
4307,سلّم حالك يا وئام وبلا كلام فاضي العقاب لوهاب وهاب قاتل ابو دياب,normal,Syria
4308,موظف أمريكي لا يقبضون رواتبهم منذ شهرين بسبب عدم وجود ميزانية عجبا كيف أن الوزير جبران باسيل لم يتدخل بعد,normal,Modern Standard Arabic
4309,إن مجرد استطاعة جبران باسيل تحييد جزء من جمهور المقاومة ودفع جزء آخر للدفاع عن آرائه بعدم وجود عداء ايديولوجي مع العدو الاسرائيلي,normal,Modern Standard Arabic
4310,لو بتروح يا وهاب لوحدك افضل وجه لوجه الإستنكار يا بطل,normal,Egypt
4311,نزعتها لما قلت بمواجهة كل العرب كان يجب أن تقول بمواجهة سوريا وهذا يكفي,normal,Oman
4312,شو هم الكبار من حكي الصغار الوزير الملك جبران باسيل أنت كبير وبتضلك كبير لأنك إنسان شهم ومتواضع,normal,Syria
4313,سد بوزك عماد عثمان أشرف من أن يتكلم امثالك عنه,abusive,Sudan
4314,لا أعتقد في غير وهاب الهبيلة,abusive,Tunisia
4315,هيدا لبناني لإنو عميل طز بهيك بلد معفن,hate,Lebanon
4316,جبران باسيل قال ان لبنان سيلعب دور رئيسا في اعادة الاعمار في الدول العربية,normal,Modern Standard Arabic
4317,سئلت من سياسيين عرب صودف وجودهم ع طاولتي عن رأيي بالمرحوم الشهيد رفيق الحريري كان جوابي يومها فيه,normal,Syria
4318,ما مصلحة لبنان من هذا الكلام هل انت فعلاً وطني لبناني,normal,Saudi Arabia
4319,معاليك هيدي ب شباط سنة بعد سنين من حادثة منتظر الزيدي مع جورج بوش,normal,Lebanon
4320,هنن هالبهايم اكتر مخلوقات بيستعملوا التكنولوجيا مشان يقنعوا حالهن انهن بشر,abusive,Syria
4321,ما بدا هل قد وقفو الطائفية بيمشي الحال,normal,Lebanon
4322,ولك يا احمد بتكتب التويت و بتعملها ريتويت لحالك ولك هلقد بطل حدا متابعك انا بوعدك ما رح اتركك باقي,normal,Lebanon
4323,في نكتة بتقول أكتر ناس عنصريين بألمانيا هنة اللبنانيين يلي خلقانين بألمانيا السوريين يلي إجوا طلاب على ألمانيا الروس بعدين النازيين,normal,Syria
4324,كم تملك من اموال لبنان يتساءل مراقبون وشاطئها تلون بالأخضر المتوسط لماذا ايها المناضل,normal,Modern Standard Arabic
4325,جبران باسيل عميل لإسرائيل تحت رعاية حزب الزباله,hate,Jordan
4326,يا زلمة يلي بيصنع معنا معروف بنتشكره شو ما كان يكون وانتم ادعياء الاخوة العرب هول مش ايرانيين ولا عجم عرب متلنا متلهم,normal,Jordan
4327,انت مافهمان شي غير العمالية,normal,Morocco
4328,انو باسيل ارتكب جريمة او حكي شي برات السياق,normal,Lebanon
4329,خليك بحالك يا نعيمي على أساس أنت مش مرتزق و طبل فشخكم تميم,abusive,Palestine
4330,أفحمتني يا محمد هيدي جملة من الإنجيل يعني عالقليلة معترف فينا مش متل غيرك بس يا ريت بتقرا,normal,Lebanon
4331,معناها المسيحية ناجحين اكتر من الاسلام عالتعبير,normal,Syria
4332,مطبلجي بوق متله متل غيره,abusive,Syria
4333,هلق صحيح جبران باسيل ممكن يكون عنيد لدرجة الإزعاج بس بما إنو سماحة السيد بيتحملو وبيوثق فيه لازم نحنا نتحمله كمان,normal,Palestine
4334,اخي الحاج اذا شعرت انك محرجا من الانتقادات لتصريح جبران باسيل لا داعي لأن تهاجم المنتقدين,normal,Modern Standard Arabic
4335,قوم رجاع على حضن الوطن و دافع عن السيد الرئيس الدكتور المهندس الرائد الركن المظلي الفارس الذهبي يا انبطاحي لك قوم,abusive,Yemen
4336,عقبال ما نشوف الدولة لافة حبل المشنقة عليك,normal,Palestine
4337,فيك الخصام وانت الخصم والحكم,normal,Morocco
4338,كلمة تشبيح ماركة مسجلة لمؤيدي طرطور فارس بسوريا وطراطيره بمتصرفية لبنان بدولة فارس,abusive,Syria
4339,بعد كلام سماحة السيد حسن نصر الله البارحة تبين ان كل حملات شيطنة الوزير جبران باسيل قد سقطت,normal,Sudan
4340,طز بهيك بلد وهيك شعب وهيك حكومة,hate,Syria
4341,طز بهك منتخب وطز بهيك لاعبين وطز بهك مدرب وبهك لعب وبهك لاعبين وبالاتحاد الرياضي واخص بالطز المدرب المخرف يشعر بـخيبة الأمل,abusive,Syria
4342,وين عمك الملقي مشان ضرب المستثمر واستقطاب المستثمرين طز بهيك حكومات,abusive,Syria
4343,هذا المنحط والمعروف عنه مخبر حقير واسألوا لبنانيين عنه وهو مستعد يبيع اهله لمن يدفع ومجرم وتجار مخدرات,abusive,Saudi Arabia
4344,للأسف طز بهذا البلد وطز بهيك نواب فعلا نحنا اللبنانيين شعب بيهوي,abusive,Syria
4345,وتعقيباً عل موضوع خدو خبارهم من زغارهم,normal,Lebanon
4346,جبران باسيل يغرّد عن رحيل مي منسى لبنان سيفتقد روحك الجميلة,normal,Lebanon
4347,طيب ليك زحط معو انت كمان يا صرماية,abusive,Palestine
4348,بس مهضوم كتير بضحكني سيلو خاصة بس يحاول يعمل زلمي,normal,Syria
4349,أنت اقذر واوسخ منه,abusive,Libya
4350,عووي وخلي صوت عواك يوصل للسما وكل ما تزيد عواء بنبسط بصوتك بس يا كلب يا وهاب فشرت ارميلك عضمة تا تسكت خليك عم تعووي,abusive,Lebanon
4351,روح كول هوا حاج تهلوس بقى,abusive,Libya
4352,بعد ساعتين حكي ما بينشبع منهم,normal,Lebanon
4353,يا شباب روقو شوي هيدا كل ما نسبو او نبهدلو بينبسط وبزغرط كمان عندو اصحاب ومتابعين اه,normal,Lebanon
4354,اللهم انتقم ممن شرّدنا و أذلنا في هذه الليلة الظلماء الماطرة,normal,Egypt
4355,ممكن تخبرنا مين هني الابطال الثلاثة؟,normal,Qatar
4356,و الله لا يوفقك يا جبران باسيل,normal,Jordan
4357,ما بينعتب عليك جاهلة وهبلة,abusive,Yemen
4358,البلد عم ينهار بوجود العهد القوي وليكو عالهبيلة العوني وين راسوا,abusive,Syria
4359,جبران باسيل بدو يعمل متل كميل شمعون وبشير الجميل,normal,Syria
4360,صحيح كان يجب ان يحضر ذلك الذي زرع الورود وضمد الجراح وواكب الشهداء سفاح وقاتل الاطفال كفاكم كذب,normal,Modern Standard Arabic
4361,هيك بجم بدن هيك مسرطن .طز بهيك شعب وهيك دولة وهيك قضاء,hate,Syria
4362,لبرنامج حوار اليوم كانت كلمة الوزير جبران باسيل واضحة ودقيقة بالنسبة لموضوع النزوح السوري ونتمنى على الدول العربية مشارك,normal,Morocco
4363,زينب الحقير لعمل هيك صورة عنجد كتير وبلا اخلاق وكل صفات الحقارة موجودي عندو اذا مجتمع مدني طز بهيك مجتمع مدني لبدو بس يوصل على السلطة,abusive,Lebanon
4364,حالة تستحق الدراسة كيف حافظ الأسد قدر يدجّن أمة كاملة,normal,Sudan
4365,طز بهيك عرب طز بهيك دولة تفو,hate,Lebanon
4366,ظبعاً ظبعاً اصلن الديرية مو عرب,normal,Qatar
4367,نعم معاليك ستظل دمشق المدينة التي تغنى بها الشعراء وهذه الكلمات خير شاهد فرشت فوق ثراك الطاهرالهدبا,normal,Oman
4368,شو حلو لو منربط لسانك بسلك كهربا بس مش من لبنان من الدولة الشقيقة وتكون فيها الكهربا ونخلي الفولتاج عال,normal,Syria
4369,لكان ما تنسى تلفيله راسه بشريط مزركش الألوان خلينا نستمتع بالمشهد,normal,Syria
4370,دويلة ؟ ودويلة معلمك,normal,Tunisia
4371,كردي بده يكون,normal,Jordan
4372,انت وذميم كلكم من نفس الزبالة,hate,Qatar
4373,طبيعي مو كل الدنيا تكون بتعرف بس يعني شي منه ولا كله,normal,Qatar
4374,لهجة شاوية فصحى,hate,Sudan
4375,صدق وهو كذوب انت اكبر ارهابي و منافق,abusive,Yemen
4376,ليه في دولي بلبنان هي دولي كل مني ايده اله,normal,Palestine
4377,بعد هالحادثة لازم الدولة تصدر قرار انو لازم كل ناطور بناية يكون عندو كرش تما يقدر يمرق من فتحة التتخيتة,normal,Morocco
4378,طز بهيك وطن وطز باللي بده يرجعله,hate,Syria
4379,استاذ وئام انت الشرف والكرامه ويلي ماعجبو ينطح الحيط لانو ماعندو اي حجه عليك,normal,Iraq
4380,انا من ناحيتي نسيتني أميل لحود و الياس الهراوي جبران باسيل بدّك نيزك وقليل عليك,normal,Lebanon
4381,فيك تعتقد متل ما بدك بس المعروف وكل العالم بتعرفو انو سعد هبيلة من اوليتو,abusive,Lebanon
4382,للأسف الشديد تركيا على مشارف أقوى عشر اقتصاديات في العالم و قطر تحلق عالياً و تدفع المال لتحسين الوضع,normal,Algeria
4383,هذا شيخ الفتنه يا ابا الفتنه,normal,Tunisia
4384,فهمنا انك عم بتتمنى على وليد بك عدم التدخل بالقضاء بس ما خبرتنا كيف عرفت انو الأدلة واضحة عند القاضي؟,normal,Jordan
4385,منافق جبران باسيل,abusive,Syria
4386,طز بهيك اوطان حكامها عملاء طز بحكام العرب من المحيط الى الخليج,abusive,Syria
4387,اي قصف رقبتك انشالله ياحمار قول امين هيدا تاج راسك انت ومعلمينك يا بجم,abusive,Lebanon
4388,هل تعلم يا عزيزي ان اي شخص يستعمل كلمة فينيقيا للدلالة على لبنان هو حمار معبا ببنطلون,abusive,Saudi Arabia
4389,ولك والله انتو زلم التواصل الأجتماعي و اصحاب قتلات على الأرض بس ما من رد عليكن منعرفكن موجوعين,normal,Syria
4390,تحدث جبران باسيل عن عار تاريخي سيلحق بجامعة العهر العربي بسبب الإصرار على عدم حضور نظام حيوان الشام لِما يسمى قمة بيروت,abusive,Modern Standard Arabic
4391,المدن جبران باسيل مندوب مبيعات سوري,normal,Syria
4392,جبران باسيل قلق من الخرق الاسرائيلي اليومي ل استقلالهم وسيادتهم ولكن لم ترف عينه من محاولة عصابة السفاح تفجير مساجد في طرابلس,normal,Sudan
4393,جبران باسيل هو كلب نابح للإيرانيين ولا تهمه مصلحة لبنان مثله مثل رئيسه ميشيل عون,abusive,Iraq
4394,علمانية بشار الأسد تجيز له حسب جبران باسيل أن يبقى ويستمر ويصالحه العالم ولو فوق مناجم الجماجم,normal,Modern Standard Arabic
4395,اذا جرابيع الضاحيه هنن اشرف الناس طز بهيك ناس وطز بشرفهم,hate,Iraq
4396,عم تحكي جد سؤال فيه مناصفة طائفية بالنتائج لحتى ما حطوا النتايج بالجارور,normal,Syria
4397,كلامك حق,normal,Saudi Arabia
4398,جبران باسيل حب يعمل حيثيه للقمه الاقتصاديه والواد ابن موزه,normal,Iraq
4399,عثمان طرف تابع لسعد وليس رجل امن مستقل ينفذ ما يطلب منه معلمه,normal,Saudi Arabia
4400,علاء شحاطة مقطعةلا تكون متل علاء,abusive,Iraq
4401,سعد الحريري حرامي يحاضر بالشرف,abusive,Iraq
4402,لا احد يتقن التخريب وانت موجود يا انت,normal,Modern Standard Arabic
4403,وحضرت سوريا الى القمة ممثلة بوزير خارجيتها الوزير جبران باسيل يشعر ب الأسف,normal,Oman
4404,معالي الوزير اعمل بلوك لهذا الحيوان,abusive,Saudi Arabia
4405,كول هوا انت سلالة ال زايد,abusive,Iraq
4406,طز بهيك دولة والف طز بالحريري الفاسد,hate,Syria
4407,قديمة يالوطي,abusive,Qatar
4408,اكيد وطني وابن شهيد استشهد ضد العدو الاسرائيلي ع مثلث خلدة وبين ما رجعت بركي بعمل فحص دم بل الوطنية وب مستشفى الشهيد رفيق الحريري,normal,Syria
4409,يا حضرة وهاب لو نحن نهتم بس ب لبنان شفت حدا من الشعوب بدافع عن وطن غير وطنه قد ما بندافع عن سوريا,normal,Palestine
4410,حين يصبح الحمار زعيماً تختل المقاييس وتنقلب الموازين فيصبح الجميل قبيحاً والجيد رديئاً ويصاب الناس بانحطاط في أذواقهم,normal,Modern Standard Arabic
4411,اسمالله عليك ما اغباك عامل محقق وقاضي كمان آه يا هبيلة,abusive,Saudi Arabia
4412,ما فيك تعمل ماكياج للعَفَن معالي الوزير الماكياج ما بيلقط عالعفن,abusive,Lebanon
4413,بئس زمن تقيم فيه غادة عيد جبران باسيل,normal,Yemen
4414,نرجوا من جميع محبين الدوله واللواء عثمان عدم الرد على هذا الموتور حتى لا يعطى قيمة اكبر من حجمه وشكراً,normal,Iraq
4415,حكومة الحمدين وأضف لهم وزير خارجية لبنان جبران باسيل كلهم كذابين,normal,Egypt
4416,وهاب ما بيهاب وئامنا جذوة الوعي الحر والتمحيص العميق يسير دائماً على مبدأ عش يوماً واحداً كالأسد خير,normal,Tunisia
4417,إذا مفكر كل الناس تساق كالغنم متل ما أنت تساق فأكيد تفكيرك غلط وحسب هيدي الصورة شايفك تيس بس مش كبير تيس كتير صغير آه يا هبيلة,abusive,Lebanon
4418,لبنان حدا من الشباب معو مليار دولار لآخر الشهر,normal,Palestine
4419,بلي تسترك شو حمار لو عندك دم وضمير كنت بتقول الحقيقة مين حاول قتلها وقتل العشرات من قادة ثورة الارز يا بلافهم اه يا هبيله,abusive,Libya
4420,انشالله نكون فاهمين غلط و يكون بحبنا شو منزعل بس تصرفاتوا دايما هجوم علينا,normal,Syria
4421,استاذ وئام انت رجل كبير ولك تقديرك ما نحب ان نجرحك بكلمة بس سيدي لي سؤال ايش حشرك في دول أخرى,normal,Sudan
4422,باسيل ل سي أن أن علينا أن نعلّم واشنطن ولندن كيف تديران بلداً بلا ميزانية,normal,Modern Standard Arabic
4423,هنيئا لنا هذه القمة من السيئ الى الأسوأ دمت لنا فخرا و معلم يا قائد,normal,Modern Standard Arabic
4424,أه يا هبيلة عفوا يا عميلة وهابية على يهودية على سفارات,abusive,Palestine
4425,وليه روح عملك شي شغلي تفيدك احسن ما تجن بتحليلك لحديث السيد كبير عليك.آه يا هبيلة,abusive,Lebanon
4426,الله لا يرحمك بس هيك,normal,Syria
4427,الله يحميلنا الوزير النشيط,normal,Egypt
4428,وفي شي نسيت تقولو انك واحد جاهل ما بتعرف كوعك من بوعك اه يا هبيله قال انا شايف قال مين انت اصلاً انتبه ما يفقع شي بالون حدك وينقزك,abusive,Lebanon
4429,والله لا اعلم على ماذا تضحك على هبلك او على خسارت المعركة الانتخابية في وجه البيك او على العزلة التي وضعوك فيها هههههه,abusive,Oman
4430,سد نيعك يا وسخ شيخ سعد صباطو بشرف عيلتك يا كلب,abusive,Lebanon
4431,مش مفروض تحذره حضرتك مفروض تقبض عليه فساد,normal,Egypt
4432,يلعن ابوكن شبيحة تفو عليكن وعلى الجحش بشار والجحش حسن زميرة,hate,Syria
4433,ما أهضمك لو بتتسلى بشي غير السياسة,normal,Jordan
4434,قبل ما تفكر تنسينا زعامة كميل شمعون وتجربة بشير الجميل بدّك تنسينا إنّك جبران باسيل,normal,Syria
4435,مو سامعة بهنيبعل القرطاجي,normal,Syria
4436,شكراً على المشاركة خرى على مفتي السعودية ليلحق حسّون ليلحق البوطي ليلحق العرعور,abusive,Algeria
4437,تيار العار البرتقالي هو تيار الغدر كما غدرو بالحكيم والقوات وانقلبوا على اتفاق معراب ينقلبون الان على الشيخ سعد الحريري تفوووووو على الشريف فيكم,hate,Tunisia
4438,معالي الوزير شكرا,normal,Oman
4439,روح على دمشق وخدلك خيمه معك هيك بتلطي راسك من الشتاء والامطار بس حط كم كيس رمل,normal,Lebanon
4440,ردود الشعب اللبناني كفاية يا رئيس الحزب توحيد العرب قال انت أصلا معروف مذهبك مره مع ومره ضد ولك,normal,Jordan
4441,هناك قضاة في لبنان لا يمكن شراؤهم,normal,Modern Standard Arabic
4442,سد بوزك,abusive,Egypt
4443,كلما تعالت أصوات المديح للمال الخليجي كلما تستطيع إحصاء الخونة بشكل افضل,normal,Oman
4444,إلى كل من يتهم الوزير جبران باسيل بوضع شروط في تشكيل الحكومةهذه ليست شروط هذه أصوات الناس في الإنتخابات النيابة,normal,Modern Standard Arabic
4445,ضحكو على هالهبيلة جبران باسيل ميشال عون جوزف عون جبران باسيل ميشال عون جوزف عون جبران باسيل ميشال,abusive,Syria
4446,اسرائيل تربح و تحصل على التأييد الدولي لان هناك من يدعو,normal,Saudi Arabia
4447,حزب الزباله و مؤيديه من بلد الزباله تفو عليكم و على الخنزير حسن زميره,hate,Libya
4448,أساء جبران باسيل في مقابلته على إلى لبنان واللبنانيين وأثبت بما لا يدع الشك أنه لا يفقه في السياسة ولا يمتلك,normal,Modern Standard Arabic
4449,ليه في دولة أصلا غير على الفقير والضعيف وكانت نتيجته احمد الله يرحمه,normal,Egypt
4450,كول هوا عاد يازلمة اقل شي الناس هناك عايشة بكرامة,abusive,Iraq
4451,دحلان عربي قح؟ لعن الله غباء أهلك ظلموك فأحضروك إلى هذه الدنيا,abusive,Yemen
4452,هلق اذا بيدفعلو كم دولر ماشي الحال مرقلنا ياها,normal,Lebanon
4453,هلق شفتي اخوة ناجحين بكفائتن وما عجبك بس ما شفتي انه هيدي اول مبتراة بينجح فيها مسيح,normal,Lebanon
4454,ليش ابن الحرام حافظ ولا ابنه خلّوا للواحد بار ولا قهوة ولا مطرح يجتمعوا فيه الناس يلي بدها تعمل تغيير سياسي غير بصدينايا ولا بالمقابر من وين بدها تجتمع العالم غير بصلاة الجمعة يعني والله لو ماركس عاش بسوريا الأسد للقيته طالع من الجامع أول,abusive,Syria
4455,هوي قتلن وشردن او دخول داعش والرعب لصار هوي لشردن,normal,Lebanon
4456,الحق كل مين شايف معو الحق بدها وعي يا صاحبي الدم بين الأخوة تقيل,normal,Lebanon
4457,اي سد نيعك ابو صواووووووويخ جاري دعسك,abusive,Iraq
4458,واضح مين الحقد عامي قلبه والحقد الطائفي كمان نحنا مع الشخص صاحب الكفاءة وليس الإنتماء الطائفي أو السياسي,normal,Syria
4459,في كأس العالم لا كبير غير الجحش,abusive,Lebanon
4460,وبحسب المعطيات المتداولة فإن هناك وعوداً تلقّاها رئيس الحكومة سعد الحريري من دول خليجية بتوظيف أموال,normal,Oman
4461,ما حدا يهاجم الصحابي الجليل جبران باسيل سلام الله عليه,normal,Syria
4462,علاقة روحاني مع طرمب متل الحريمة الي كل يوم بتاكل قتلة من جوزها؛و كل يوم بتقول بكرة بفرجيه لهل كلب؛و كل يوم بترجع تاكل قتلة من جوزها,normal,Lebanon
4463,بتحبو او بتكرهو انشط وزير و رئيس تيار و ديبلوماسيتو بتتدرّس,normal,Lebanon
4464,حسن الشر حسن الكراهيه والمقت حسن يكسر الصمت كسر الله حنكه من سيسمعه؟؟ ميشيل عون نبيه بري جبران باسيل,abusive,Iraq
4465,هيدا سياسي انتهازي عفن ورخيص لو عنا دولة قوية كان هلق بالسجن,abusive,Lebanon
4466,عفون نفعلت وحكيت هيك وزحط ما بدي اسمع نهيقك,abusive,Syria
4467,هاي يا غلن؟إي إنت أول شي ضحكة بقرة معلوفة بمعمل مرتدلة تاني شي يا شريف مكة إنت مع إنو مكة أشرف منك جماعتك شو قدموا,abusive,Lebanon
4468,قتلت كمال جنبلاط ونام ابنه وليد في احضان قاتله كما فعل الحريري وغيره وغيره والشعب الذي قتل,normal,Oman
4469,الرئيس ميشال عون تعرض لحملات شيطنة لسنين عديدة حملات عنيفة,normal,Sudan
4470,لا والله ان مصر عصيه عليه وعلي مليون زي تميم البغل ده,abusive,Egypt
4471,جبران باسيل وزير لبناني أو وزير في الحكومة السورية أصبح سوري أكثر من السوريين أنفسهم أمره عجيب غريب,normal,Modern Standard Arabic
4472,انت قد صباطو للواء عثمان يا مجرم استحي على حالك روح احفر جورة وإنزال فيها وضلك بزق على حالك لتغرق وتموت يا بهيمه,abusive,Yemen
4473,اخت قطر وخنزير قطر وكل مين بيشد ع ايد خنازير قطر,hate,Egypt
4474,اه يا هبيلة,abusive,Egypt
4475,مشكلتهن بينسوا واقعهن المرير حاسبين حالن شغلة كبيرة,normal,Syria
4476,شو هالشي يلي عم بسمعوا,normal,Syria
4477,دايما انت فاعل خير وائل,normal,Yemen
4478,أريد خطاب واحد للقوات اللبنانية تقول فيه ان الحريرية سياسية كانت خطأ تجاه لبنان وماليته وخطاب واحد عن فساد نبيه,normal,Modern Standard Arabic
4479,انا لو ضراب الطبل بقول شي عن جبران باسيل بصدق وبدون ما أتأكد بكون أكيد انه قال,normal,Jordan
4480,كول خرى ياكلب مختوم على طيزك كلب للإيجار سد نيعك يامزبله ووقت بدك تجيب سيرة الشيخ سعد سبع نيعك بالديتول,abusive,Iraq
4481,سد نيعك وطهر لسانك بالرمل الاحمر قبل ماتجيب سيرة سعد لبنان هيدا بلدو وانتو لاجئين وارهابين خون بدل ما تسكت تستحي على على دمك سد نيعك,hate,Lebanon
4482,جبران باسيل ظاهرة صوتية يوم بقول سوريا احتلال و يوم بده يشارك بإعادة اعمارها خطاب طويل عريض بدعم عودة سوريا للجامعة,normal,Syria
4483,دمشق الماضي ليست دمشق الحاضر يا فهيم ويا ريتك تنقلع وتنقبر تروح لعند الجربوع تبعك يا تابع يا قرقور,abusive,Jordan
4484,اذا كنت رجال بطل الحكي يلي ما بينفع وقدم دعوة فيها الأسماء الثلاثة وانا بقلك من هلق لو منك شريك بفساد,normal,Syria
4485,شيت او ماي جاد فاك ماي لايف كول هوا تلحس طيزي,abusive,Iraq
4486,افهم ما قاله جبران باسيل وأتفهمه كما افهم موقف حدا جذري متل اسعد ابو خليل لكن لا افهم ولا اتفهم من يخون هذا او ذاك,normal,Oman
4487,اه يا هبيلة هيدا شربان بول بعير قبل ما يغرد,abusive,Lebanon
4488,هههههههه لقيتوا الدبس والنمس ؟؟؟؟ دعوه بصفته الشخصية مشبصفة شيخ عقل المطران الغريب,normal,Yemen
4489,جيب الصحن وتعا يا خرا,abusive,Lebanon
4490,باسيل من سنة معمّر بنايات ورقم ليس للمبالغة المشروع القديم بنايات والجديد بالبترون وأنا شخصياً بعرف أشخاص شاريي,normal,Lebanon
4491,اخرس يا عميل مخبراتي واطي,abusive,Egypt
4492,عساف كول هوا,abusive,Iraq
4493,ما خرج يرد هوه شريك وداعم وللاسف هذه المرة رهانك خاطئ,normal,Iraq
4494,يا جماعة عيد حضرة مبارك لنا ولكم من الشيخ كوربن بس اذا حدا بيشرحلي شو هاد عيد الحضرة أكن لهم من الشاكرين,normal,Jordan
4495,هذه الشام شامة الدنيا عاصمتنا بكل فخر,normal,Yemen
4496,شو اخبار منشار الخاشقجي يا ديموقراطيين,normal,Jordan
4497,طز بهيك جامعة شو الانجاز الذي فعلتوه الجامعة غير التامر على بعضهم البعض طول الجلسة اغلبهم نايمين,abusive,Oman
4498,نانيا الرجال بتشهدلك يا بنت الجبل,normal,Lebanon
4499,ستين عمرن ليجو طز بهيك روئساء عرب,abusive,Lebanon
4500,طيب الوديعة بشو بتساعد المواطن بالاخير ح تتقسم لكلاب الدولة,normal,Sudan
4501,ارجوك وقف تمسيح جوخ يا اخي,normal,Tunisia
4502,لايصلح العطار ما أفسده الدهر,normal,Modern Standard Arabic
4503,طلعت ريحتكن,normal,Syria
4504,ما حدا من جماعة السدس غير يللي لاحق المرتدين الذين نكثوا لدين الطائفه,normal,Syria
4505,كذبك يا أيوب بدو علاج جبران باسيل,normal,Lebanon
4506,انت و الاخبار من نفس المجرور,abusive,Libya
4507,سيدفع ثمن افعاله المجرمة ولو بعد حين يومها لن ينفعه المال,normal,Modern Standard Arabic
4508,كول هوا واسكت لوما الطرد كان فشخناكم,abusive,Tunisia
4509,بفرح بس شوف عدد من النوّاب و الصحافيين مقهورين من الوزير جبران باسيل بصيرو يصرحو و يحكو حكي فاضي مهم يجرب,normal,Lebanon
4510,نزولا يعني مش من قلبك إذا كول هوا,abusive,Syria
4511,يألله ابدأ لشوف يا بطل نبيه بري سعد الحريري حسن نصرالله أمين الجميل جبران باسيل نقولا فتوش وليد جنبل,normal,Lebanon
4512,صحيح بعدين الوزير جبران باسيل مش مجبور يحكي بمبادئنا هم إلهم نظرة مختلفة تماما عنا,normal,Jordan
4513,قوات سوريا الديمقراطية تتفاوض مع الأسد لتسليم المناطق التي تسيطر عليها الى الدولة السورية التي سيتم تشكيلها بعد رحيل الأسد,normal,Modern Standard Arabic
4514,لو في قضاء نزيه وما في سلاح متفلت كنت انتي وأشكالك وراء القضبان,normal,Jordan
4515,العمى شو كنا بهايم هدنك الساعة,abusive,Syria
4516,ايدي هوكين يا كلب ياحقير ي لبناني السوريين ليسو عرب متى تقهم ان العرب ققط السعوديين والخليج,abusive,Yemen
4517,فالفيردي كلب ابن كلب,abusive,Morocco
4518,انجاز جديد للعهدجبران باسيل,normal,Lebanon
4519,تسلميلي يا قمر,normal,Palestine
4520,وزارة المرأة بتلبقلو كتير,normal,Palestine
4521,حافيظ الفرار,normal,Yemen
4522,قمة الوقاحة عندما تحاصر العاهرة عن العفة,abusive,Modern Standard Arabic
4523,بنت ابوها الله يحميكي ويحمي القائد انتم جبل في جبل,normal,Oman
4524,من كان بيته من زجاج فلا يرمي الناس بالحجر المخبراتي والازعر لا يحق له الكلام,normal,Iraq
4525,بستين جهنم إن شاء الله مابيضل ولا كلب علوي ولا ابن متعه,hate,Syria
4526,جبران باسيل الخائن,abusive,Lebanon
4527,يا صديقي يصطفلوا الكلام الموزون منزقفلو وعلى العهد باقون أوفياء,normal,Algeria
4528,يا لطيف ما كنت عارفة إني زاعجة سعادته هلقد,normal,Lebanon
4529,كلام اصابكم جميعا يا من تتحكمون بهذا البلد وبهذا الشعب المظلوم,normal,Modern Standard Arabic
4530,وانت ياكلب لو في دولة كان لازم تقطعك ستين الف قطعة وتخليك تعفن بالسجن انت اكبر خاين,abusive,Saudi Arabia
4531,عشيرة عجول الها اول ما الها آخر,normal,Iraq
4532,يا قائد نريد امثالكم اشخاص تخاف الله و تقول كلمة الحق و شعب واعي يستطيع التفرقة بين الفساد و العروبة,normal,Saudi Arabia
4533,يا ريت تأكل خرااااا,abusive,Syria
4534,و انتوا كم ارهابي ارسلتوا من طرابلس لسوريا و لا نسيانة,normal,Jordan
4535,عثمان يفقد مؤسسة قوى الأمن الداخلي مصداقيتها,normal,Tunisia
4536,راح خبرك شو شايفة ب جبران باسيل,normal,Jordan
4537,ما تستغربوا اذا ما سمعتوا رصاص ابتهاج بالبريفيه اليوم لأن نا بحالة لبنان القوي,normal,Lebanon
4538,تحملنا واحد كلب علوي نجس سنة وسكتنا عن مجازر أبوه بحماه من سنة وبس إجا حدا عم يضرب ويوجع فيه ماتحملناهم يومين خف علينا ياملك الديمقراطية,hate,Syria
4539,ما حدا شايفاك بس حسن نصرالله يقول خراس بتخرس,abusive,Syria
4540,التعليقات على موضوع مرور الخوذ البيضاء عبر اسرائيل تعليقات مقززة ووين المشكلة بالموضوع؟ بتعرف حضرتك أنو خدمات الطبابة والدفاع ا,normal,Jordan
4541,هذا الكلام ليس صحيح النتائج دليل واضح على تدخل اهل السياسة انظر الى النتائج جيداً من ارادوه زوروا له علامة قوانين اخرى,normal,Saudi Arabia
4542,خراس سليل المجرمين,abusive,Tunisia
4543,يعني لو لابسة حالها كانت وفرت بلاوي على خزينة الدولة,normal,Jordan
4544,الله ينور عليك,normal,Tunisia
4545,يلعن روحو,abusive,Syria
4546,الحل عند جبران باسيل بما انه صاير عنده كل الحلول,normal,Jordan
4547,إذا أرادت إسرائيل أن تضمن أمنها وهو حق عليها ان تتوقّف عن الاعتداء,normal,Oman
4548,هههه قلن هيك لاصحابك هني عم بقسموها على حالن الحمدالله ما دخلنا بهالقمة يلي طلعت بالاخر كلها كرمال وديع,normal,Syria
4549,انت مهبول نسيت جبران باسيل ونبيه بري لتذكر ميشال سليمان,abusive,Jordan
4550,"عيب يا كلبة لما تجيبي سيرة مصر وتقولي عليها شعب فقير ومشرد يا لبنانيين يا انجاس, فعلا ده انتو شعب كلاب",hate,Egypt
4551,السوري علوي كلب هدفه احتلال مكة و المدينة,hate,Palestine
4552,جبران باسيل لا تلوموه وتنتقدوه وحده الذي لا يعمل لا يرتكب الهفوات ومن يبقى بلا حركة لن يكتسب بالطبع لا خبرة,normal,Modern Standard Arabic
4553,انت دائماً كما عهدناك نصير للحق والعدالة,normal,Tunisia
4554,اشترى جبران خمس عشرة بقرة زرع عشر وترك الباقي يلعبون في الثلاجة فماهي كمية الزيت الموجودة في البيض,normal,Modern Standard Arabic
4555,اخرس ياعدو لبنان,abusive,Tunisia
4556,لما يطلع بوِجّك باب مسكّر ما تقول خِلصِت هون لأن الا ما يطلعلك واحد غيره,normal,Syria
4557,جبران باسيل وامن الصهاينة الذي يعترف انه من حقهم طيب جيش لحد كان يعمل لحماية امن اسراءيل فقلنا عنهم عملاء طيب يلي دايما,normal,Palestine
4558,قلتولى نزيهة الله يطوّل بعمر نزيهة شو آدميّة واذا حدا كمان بشوفا بطريقو يقول لنواف,normal,Syria
4559,جبران باسيل طلع صاحبو للسيد,normal,Tunisia
4560,ما بين الغباء وقلة الذكاء ما شفت اغبى منك,abusive,Yemen
4561,طولنا اعماركن يا قائد,normal,Yemen
4562,مؤسف حزب الكتائب من بيار الجميل الكبير الى سامي الصغير الهبيل المستهبل السخيف الذي كل همه مهاجمة حزب كبير,abusive,Saudi Arabia
4563,نحنا معك يا كبير,normal,Libya
4564,معالي الوزير يوسف بن علوي يلتقي في بيروت مع معالي محمد الحكيم وزير خارجية العراق ومعالي جبران باسيل وزير الخارجية والمغتربين,normal,Oman
4565,درس جديد من الدروس الاستراتيجية في رسم السياسات والعمل الدبلوماسي,normal,Oman
4566,لا تحبسنا على غدر الزمان طالما نحن لها في المرصاد,normal,Tunisia
4567,احمد ابو الغيط في مؤتمر صحفي مع جبران باسيل يخبر صحفي بأنه طماع ليسأل ثلاث أسئلة على أساس كلامه ومنصبه للمحروس,normal,Modern Standard Arabic
4568,والتصدي للقوى الأمنية وشهر السلاح في وجهها وتحدي القضاء وأطلاق النار في الجاهلية بشكل عشوائي لترهيب,normal,Oman
4569,شو استفدنا من هاي التغريدة وين منصرفها؟,normal,Jordan
4570,ما حدا قاهرك غير عماد عثمان إنشاءالله بضلو قاعد على قلبك وشوكة بعينك,normal,Syria
4571,لو منك سطلة ما بتقول هيك لأن نص البلد من رأيي يا سطلة,normal,Jordan
4572,وحتى ينال المواطن حقه دون منة من أحد,normal,Modern Standard Arabic
4573,مع احترامي لكثير من اللبنانييين لا أستطيع ان اقول الا ان جبران باسيل مجرد حمار معبى بطقم وكرافة فهو,abusive,Oman
4574,فخامة الرئيس ملقّط بالوزير جبران باسيل بسبب نشاطه وجهوده وذكائه بس مش عارفة دولة الرئيس بري على شو ملقّط بوزير المالية,normal,Jordan
4575,ويفوز جواز السفر السوري بجائزة أخرى جواز سفر بالعالم وأشقاءه العراقي والباكستاني والأفغانستاني هللويا الله أكبر,abusive,Iraq
4576,سامي الجميل تاج راسك يا عميل إيراني,normal,Syria
4577,صرت منبهك مليون مرة وئام ما بقى تاكل خرا,abusive,Lebanon
4578,شو رايك تحلوا عنا وخلولنا هل وطن؟,normal,Syria
4579,كول هوا ياحمار,abusive,Iraq
4580,عندما يأتي اليوم يحترم اللبنانيين بعضهم البعضوعندما تُستعمل المنصات لاغراض ايجابية,normal,Oman
4581,اتمنى من الدوله بعد ان صف الجرذ جبران باسيل اللبناني وزير خارجية لبنان بصف دويلة قطر ووصف المقاطعه بالحصاار ان يتم,abusive,Iraq
4582,انت اسمك ليس هديل بل هبيل كما هو واضح الشيخ سامي الجميل تاج راسك وراس هذا الخروف يلي معك,abusive,Palestine
4583,كل ما اسمعلك شي ما فيي قول إلا سد بوزك,abusive,Lebanon
4584,بوحود الرئيس ميشال عون والوزير الملك جبران باسيل سيستعيد لبنان موقعه وعافيته ونهضته رغم كل العراقيل والمعرقلين الفاسدين,normal,Modern Standard Arabic
4585,لازم كل مسؤول بيقول انو البحر مش ملوث يحط على عيننا ويعمل غطسة قدام الكاميرات,normal,Jordan
4586,أصلن خلفة البنات بتجيب العار,hate,Palestine
4587,شكلك يا هانم هائمة و مش عارفة شو في بجنوب العز و الكرامة بصراحة كلامك هو التنك طلعي وشوف,normal,Palestine
4588,سؤال ماهو رائيك بالقصف الاسرائيلي على المواقع الايرانيه في سوريا سيد وئام اذا كنت شاطر بترد على هذا ال,normal,Saudi Arabia
4589,منظر هيدي الهبلة تبع التيار سينتيا يمين من بعد الخازوق من الشب الاشتراكي بيسوا الكرة الأرضية,abusive,Lebanon
4590,زمط يا محتال,abusive,Egypt
4591,ما تطاول عاسيادك يا زنديق,abusive,Lebanon
4592,عليك بهم يا وئام لا تسكت لا تصمت لا تتراجع رجل ابن رجل وخلك متل ما منعرفك,normal,Syria
4593,فرحان أوييي يهبل؟ انت مين مفكر حالك يا عميل بشار الكلب لا بل حرب طلع نفسك و لا بلسلم بيّنت هلق بدك,abusive,Lebanon
4594,الموت ل وفاء كيلاني طعمرك الهي خطافة الرجالة,abusive,Tunisia
4595,كل من يفصل بين الرئيس ميشال عون والوزير جبران باسيل أراه واهماً,normal,Modern Standard Arabic
4596,ليك مين عم يحكي عن النفاق,normal,Syria
4597,هات يفهم هالحمار,abusive,Oman
4598,كانت اعتذاراتو من الشيخ سعد اخدا بعضا من اذاعه لاذاعه لك تركو بهمو ماعمبيقبضو حيجن,normal,Iraq
4599,مزرعة كل مين إيدو إلو,normal,Lebanon
4600,نعم سوريا قلب العروبة النابض وقاهرة الارهاب الوهابي والاخونجي عملاء الناتوا واسرائيل لقد تكسرت على جدرا,normal,Oman
4601,حط لسانك بتمك وإيدك ع راسك بس تجيب سيرة المستقبل,normal,Syria
4602,هاد طال عمرك لما الحمير بيتناقشوا وبدهم يقنعوا بعض مين احسن كارل ماركس وحافظ وعائلته المجيده نعم المصححين في هذا العالم,normal,Jordan
4603,كول هوا وخلينا بموضوع الغنمات رجعت حلب ولا لسا,abusive,Syria
4604,الراية الاخبارية الجزيرة جبران باسيل نخص بالشكر أمير دولة قطر الذي كسر الحصار المفروض على بلاده ووصل إلى بيروت جريدة,normal,Algeria
4605,معاليك لي ما بتشتغلوا على السكت وبلا حكي وإذا طلع بايدكن ما تقصرو قرفنا منك انضبب,abusive,Lebanon
4606,فشرتي بنص عينك جمايل الاسد عليكن انتوا الشبيحة الجوعانين يلي كرامة اصغر واحد من عنا بتسوا شرفكم ولك استحوا بقا لعن دين بلدكم,abusive,Syria
4607,عزيزي جبران باسيل ع تويتر معش تغرد معش تغرد ع تويتر هكرولو حسابه طعمرك,abusive,Syria
4608,اذا جبران باسيل فاسد,normal,Algeria
4609,حطموا أحلام جبران باسيل بالمساهمة بإعادة الإعمار,normal,Modern Standard Arabic
4610,من غير المقبول أن تبقى الأملاك العامة مستباحة من قبل المافيا الزرقاء,normal,Modern Standard Arabic
4611,لا عتب على الآخر,normal,Modern Standard Arabic
4612,هالمخلوقة ليش حمارة هلقد بدها تحكي سياسة و هي غبية يا الله صبرني,abusive,Lebanon
4613,آه ما رح تفهمي لأنك بلا مخ يا أم هريسه طعمرك ما أسقلك,abusive,Lebanon
4614,نحتاج إلى عقلية جديدة عقلية متحررة إنسانية مدنية بناءة تقاوم الظلم والعدوان والهيمنة تقاتل للتحرر من,normal,Algeria
4615,لمصلحة من توجيه الإهانة تلو الأخرى للرئيس المكلف؟ انت فعلا تهين شريحة كبرى من اللبنانيين إذا فعلا حر,normal,Jordan
4616,جبران باسيل شو مبوجق طعمرك,abusive,Lebanon
4617,كلام جواهر كبير معالبك,normal,Egypt
4618,طعمرك هيدا استفراغ هيدا شعر,abusive,Lebanon
4619,راجع حساباتك دكتور علي مع هذا المنافق؟,normal,Iraq
4620,كان من ضمن برنامج القمة عقد مؤتمر صحافي مشترك بين الشيخ نصر الدين وامير قطر لكن ما ضل وقت,normal,Syria
4621,هون معاليك عم تتحدث باسم ايران وسوريا والمقاومة وووووووو,normal,Syria
4622,حداً يفقعو شوطة لا نديم مقطوش يجيبو بحضن صاحبو الصهيوني افيخاي بتل أبيب و يريحنا من وسخو طعمرك شو,abusive,Tunisia
4623,قديش كبير,normal,Palestine
4624,وليد جنبلاط عميل لليهود كلب متلك ومال أسيادك عملاء حقراء الخنزير اشرف منكم,hate,Syria
4625,هيدا حمار لا يقرأ سياسه هذا ينفذ انه بوق و صرماية بشار,abusive,Lebanon
4626,عندما سئل ابو الغيط عن امكانية عودة عصابة سفاح الشام الى الجامعة العبرية أجابهم اسألوا جبران باسيل كلبها في بيروت,abusive,Saudi Arabia
4627,شو الغريب؟ ما حدا زار ما حدا و حطا عتويتر الصوشيل ميديا للكل,normal,Lebanon
4628,يا عمي روووووح كووول سمك و سكوت,normal,Lebanon
4629,كلاب أهل النار بتحسها اسم ورقة يوغي,normal,Syria
4630,خرا عليك و على جرز الضاحية كلب ايران وليد جنبلاط تاج على راسكن,abusive,Jordan
4631,لا تشتري الجنبلاطي الا والعصا معه انهم لانجاس مناكيد,hate,Yemen
4632,هي التعليم ببلاش ولساتك حمار كيف لو كان بمصاري,abusive,Jordan
4633,الثانية معاليك ههههه,normal,Yemen
4634,كل من سرق خيرات هذا البلد واخص بالذكر فريق الشهر المفسدين الفاسدين سيرحلون وسيحاكمون,normal,Modern Standard Arabic
4635,عساه الوجع الذي ما يهجع أن شاء الله,normal,Oman
4636,لك أحسنت يا أخا العرب إجابةٌ محترمة لا فض فوك,normal,Lebanon
4637,افكار نازية,normal,Iraq
4638,قوووووووية كتير يسعد مساك معالي الوزير,normal,Syria
4639,رح تضلك تعووي نبح لتشبع رص تضل تحت صرماية الشيخ سعد الحريري حثالة متلك لازم تندعس لكنك كل,abusive,Lebanon
4640,اللي مصمم الفونت تبع ارقام القمصان بهالمونديال يكسر أيديه الواحد ما بيفرق عن السبعة,normal,Syria
4641,شو الفرق بين الصيف والشتي؟؟,normal,Jordan
4642,وليد بيك انت الجزمة ونحنا جريك من شعارات الحزن التقدمي,abusive,Libya
4643,عبالي صاروخ بعلبك,normal,Lebanon
4644,وئام وهاب بتعطي قطر كم دولار بغير رأيه وئام دولار,normal,Lebanon
4645,الله يخليلنا جبران باسيل يا ريت كل بلدان العالم عندها متلو كانت الدني بالف خير,normal,Jordan
4646,يا خي مارادونا مدمن مخدرات ويساري عفن والله بيستاهلوا خسروا معه,hate,Lebanon
4647,صار كل كلب عوني بدو ينشهر على تويتر بيتطاول على تاج راسو وليد بيك جنبلاط لان بيعرف حتى لو تعلق على شريط صباطو بيكبر . من تحت حذائك يبدؤون مسيراتهم,hate,Jordan
4648,هاهاهاهاهاهاها يا سيدي مادورو نرى فيك عنفوان فخامة الرئيس عون وحنكة مهندس العهد جبران باسيل وقوة حل,normal,Algeria
4649,كان على الشيخ حسن مغادرة القمة وتركها للقمامة,normal,Modern Standard Arabic
4650,لو كل كلب عوى ألقمته حجراً لأصبح مثقال الحجر بدينار لازم يكون عندك ثروة هلق يا مليونير,normal,Palestine
4651,الله اكبر ع كل كلب بيكره وليد بيك بدنا نقصفلو رقبتوا,abusive,Syria
4652,ما تاكل زق و تنطم يا صالونه,abusive,Libya
4653,انفخ افاك يا حمار يا ابن الحمار,abusive,Iraq
4654,المجرم جبران باسيل اشتاق الى نعل مجرم الحرب بشار الاسد,abusive,Iraq
4655,كول هوا وعمال بلوك هاي الحركات ما بتمرق علينا اذا انت غبي بدك تستغبي العالم؟,abusive,Jordan
4656,بس الحزب يلي تنتمي اليه يا دكتور منو علماني ولا يساري ولا اشتراكي هو عائلة سياسية تتوارث الزعامة على قطيع من البشر,normal,Syria
4657,اسكت يا خنزير وسخ حيوان متلك حرام تظهر للعالم خايك مضبضب تحت الارض بالحفر لانه هونيك محلك اللّٰه يلعنك انت ومعلمينك,abusive,Lebanon
4658,الحريمة بتضل حريمة,hate,Syria
4659,بدك ما تواخذنا سعادة الوزير ما منفهم فينيقي يا ريت ترجمة للعربي,normal,Lebanon
4660,سندات خزينة مش وديعة يعني دين عليه فوائد ما لح يشيلوا الزير من البير هالنص مليار,normal,Lebanon
4661,والله يا محامينا العزيز الايام اثبتت انو جبران باسيل بعرقل كل شي بالبلد وما حدا بيقدرلوا شوف قدي,normal,Jordan
4662,الوئام بمنارتك نهتدي ونجتمع صوت الوعي وانبثاق الأحرار وئامنا غدوت كالطودالراسخ الأشم العظيم,normal,Tunisia
4663,المجرم جبران باسيل وزير خارجية مايسمى بلبنان الذي اصبح مجوسي وليس عربي يطلب عودة المجرم بشار الاسد ونظامه الارهابي,hate,Yemen
4664,الله يحميك وئام وهاب احلا عالم,normal,Syria
4665,يسعد صباحك جيمي بالعكس انا بحب أضحك وضحك الناس على شخص ما عندو لا شغلي ولا عملي الا يضحك العالم عليه,normal,Jordan
4666,انت ابو التنظير وامه طرطور بمتصرفية لبنان بدولة فارس,abusive,Iraq
4667,اضحك مع أرنب الجاهلية حنجيبك,abusive,Libya
4668,وهي والقدس حبيبتا الله ورسوله,normal,Morocco
4669,كل ما تزيد هالإشاعات كل ما يصير عنّا ثقة أكتر و أكتر بالملك جبران باسيل,normal,Lebanon
4670,شو يا وهاب ما علقت على القمه اليوم بس كانت على كيف كيفك,normal,Yemen
4671,انا حدا مأدبة وبحاول ما اغلط بالحكي بس لمن شوف هيد وهيديك عبداللطيف ما فيني ما قول كول هوا احترامي صفاء,abusive,Lebanon
4672,معالي الوزير كان ناطر شنطة يبعتلو ياها على الجاهلية ما ظبتت معك نطور الرة الجاية,normal,Lebanon
4673,ههه الجبان عمل لي بلوك,normal,Yemen
4674,والله انت بتسلينا اوعى توقف كتابي العقاب لوهاب وهاب قاتل ابو دياب,normal,Egypt
4675,ناقص مين يا متخلف انت؟ ليه في انقص منكن؟ انحبستوا و انذليتوا و بعدكن بتعووا عند بن سلمان,abusive,Lebanon
4676,اين تقفون يا سماحة السيد من مسألة القوى والتي من بينها الحلفاء والخصوم لحزب الله والمتوافقة على اجهاض مسيرة العهد,normal,Iraq
4677,مطلع القصيده الشطر الاول وحده يساوي مليون قصيده من الشعر الحالي,normal,Iraq
4678,شيخ العقل منتخب لا عون ولا عهد الفشل قادر يغير بالواقع أو بالنتائج، خليك تابع انت والمير والتاريخ,normal,Yemen
4679,هاذي الشئ الوحيد اللي صدق فيه وئام وهاب,normal,Algeria
4680,باقيين لحتى نموتكن من القهر انتو جماعة معراب وعلى طول قارطينكن,normal,Syria
4681,كول هوا انتو ازا عطس السيد بتنزلو على الملاجئ لانكم جبناء اوهن من بيت العنكبوت,abusive,Palestine
4682,الا الشعب اذا حكى ما بيسمعوا حدا يعني عالجهتين ماكلينا هالدولة متل لي لي بتبزئ عليه بيألك عم تشتي,normal,Lebanon
4683,جبران باسيل والحق يقال ويلّي بدو يزعل يتفضل ويجبلي البديل برجع والقول لبنان القوي بوجود السيد,normal,Syria
4684,انت هلقد شرفك رخيص بعد الك عين تحكي ولك روح ادفن حالك مع ابو دياب يلي قتلتو يا حمار العقاب لوهاب وهاب قاتل ابو دياب,abusive,Lebanon
4685,لو في دوله على قولتك كان لازم انت يا حيوان بالحبس وعم تتدعوس كل يوم بالصرامي يلعن ابو لي خلفك,abusive,Yemen
4686,أنا معاك وكلامك صح مية بالمية لكن إنت تناقض نفسك قطر حليفة إيران وسوريا حليفة إيران طيب فهمني كيف قطر,normal,Libya
4687,نصرالله يكسر الصمت,normal,Syria
4688,حافظ يا روحك يلعن اليوم العالمي للاعسر,abusive,Tunisia
4689,خير الكلام ما قل ودل جبران باسيل المؤلف والمكلف وهلق شو,normal,Syria
4690,بتقتلوا القتيل وبتمشوا بجنازته يا جماعة الخوات اللبنانية والتاريخ لن يرحمكم معراب خانت لبنان,hate,Jordan
4691,للأسف كلن ب مكان مش لايق فيهن ولا خصن فيه يا ريت الكل عندن كرامة وشهامة ووطنينين كنا ب الف خير,normal,Lebanon
4692,هل نديم دندول قطيش اعلامي لبناني كل منشوراته وحلقاته تطبيل لبني سعود لذلك كول هوا,abusive,Iraq
4693,من فترة كنت عم تحيي اللواء عثمان لأنو ما قبل تدخل وليد بيك حسب زعمك وقلت بدنا هيك ضباط اكفاء بس الهيقة,normal,Lebanon
4694,معراب خانت لبنان معراب الخائنة معراب السفاهة معراب التقلب معراب الدم معراب العمالة معراب الشر معراب الوكر معراب العداء,hate,Lebanon
4695,و الشعب التركي يعرف يتصرف مع الدب الداشر قاتل خاشقجي,abusive,Saudi Arabia
4696,واحد خرية كبيره المسخرة وما عنده أي محتوى ذو قيمة جويته,abusive,Libya
4697,اكدت المجاهدة فيرا يمين ب انها لم ولن تغار من لقاء جبران باسيل ب وليد المعلم والحب لا يستمر من دون إهتمام,normal,Modern Standard Arabic
4698,فيصل كرامى لعنة الله عليك كلب حزب الشيطان انت مسمي على السنة بس مش اكتر,hate,Egypt
4699,سد بوزك يا كلب انت واحد بلا كرامي واطي,abusive,Syria
4700,واراهن بأن جعجع أبو كلب اول من نضحي به فلنا عنده رشيد كرامي وغيره من الابرياء ولن ننسى,abusive,Yemen
4701,ناس بهايم بس بدها تتفلسف,abusive,Syria
4702,يلا خراس ما في حدا بيحكي بطائفية غيركم عطيني شي تغريدة لحدا بالحركة عم يحكي بهالمنطق الطائفي,abusive,Syria
4703,جماعة آذار تاج راسك يا كلب ،عامل حالك شيخ تفه عليك وعلى راسك وعلى كل مين بيحترمك واحد حقير وبلا كرامي,abusive,Syria
4704,يا غالي شو لبناني واقف مع امركاني هوي مع كلو امركاني برطاني فرنسي سعودي قطري اماراتي قطب متجمد شمالي شرقي جنوبي وعد شو بدك تعد,normal,Lebanon
4705,جبران باسيل لأنه ذو عقل متطور وملم بخبايا مايحاك ضد أمتنا وضد لبنان المقاومة وضد المسيحيين أنفسهم براچماتي معقول,normal,Syria
4706,هذا كلب إيراني,abusive,Iraq
4707,وشو خص سعد يا مثقفة انتي,normal,Jordan
4708,كلام معاليك صحيح لحد ما وصلت لعند وسام كل التقارير الأخيرة أثبتت أنه من خطط وشارك بمقتل الحريري,normal,Jordan
4709,و الله يا سيد وئام مننسى اللافتات لي علقناها من بيروت الى اقاسي الجنوب ترحيبا بالشيخ تميم و محبيه,normal,Libya
4710,وش فيه الكلب ابن الكلب وئام القذر قلب على قطر,abusive,Saudi Arabia
4711,مع حبي الشديد لر ئيس حزبي جبران باسيل لكن القائد جوزف عون رجل عسكري وكفوء ووطني والبلد بحاجة لعسكري متله,normal,Syria
4712,فضيلة الشيخ وعامل مسبح شو هالصاحب الفضيله,normal,Lebanon
4713,يا علاء انت حمار ولا بتستحمر,abusive,Egypt
4714,شو توقيت غير مناسب القصة كلها هبل نسوان ولا رجال ولا قرود عايشين سوا شو تعمل قرية للنسوان لحالهن,hate,Syria
4715,طيب انت يا استاذ وئام ثروتك من وين ؟ صحيح كنت تبيع بطيخ ؟ لكن البطيخ لا يجني متل هكذا قصر تملكه والله,normal,Syria
4716,عن ايا لبنان عم تحكي ، انت عم بتقول منستحي فيكن يا خرا حشا الخرا منكن ،هيدا حكيك ، كرمال هيك رديت عليك,abusive,Lebanon
4717,فزعة فزعة حملة ريبورت وبلوك للبغل,abusive,Iraq
4718,يا كلب ابن الكلب انتو قتلتو رشيد كرامي,abusive,Libya
4719,انت وياه صرماية يا مجوي من أيمتين الصرماية بيلبس صرماية,abusive,Lebanon
4720,وهيك صار نجح الخواجا ب اقناع فيصل كرامي بالتخلي عن الوزير السني,normal,Syria
4721,فيصل كرامي كلّو كرامة و إنتا شقفة زعطوط و كلب عند السعودية و الإسرائيلية ما تنقبر ترمي صفاتك عا شخص صرمايتو أشرف من راسك و راس معلمك,abusive,Lebanon
4722,يا واطي يا كلب حذاء هاؤلاء الابطال اطهر منك حزب الله شرفك عرضك كرامتك يلي بلى كرامي,abusive,Lebanon
4723,هولاء مغرر بهم ومنهم من دخل للجهاد هناك حتى في بلادنا لم نسلم فجرو المساجد وقتلو العسكر وغالب,normal,Saudi Arabia
4724,بعد ناقص وحد كلب متلك ينقر عا حزب لله لو عندك ضرة كرامي وشرف كنت اليوم من الشهداء بس ماجور متلك مصيرو اخر شي موتة كلاب,abusive,Lebanon
4725,لعنة الله على روحو الطاهرة ناصعة البياض,abusive,Iraq
4726,انت حمار وابن حمار وابن ابن حمار وبدك تبقى حمار م انت حمار يا نديم,abusive,Jordan
4727,عثمان أداة بيد المافيا السياسية لتنفيذ الاغتيالات السياسية,normal,Sudan
4728,ولك خلص بقى، خلص والله ارحم حالك، هيدي الصفات صفات معلمك القتل والاجرام والابادة الجماعية، استر على حالك ليستر الله عليك يا زلمي,normal,Lebanon
4729,يسعد أوقاتك معالي الوزير,normal,Syria
4730,مجرم ارهابي ينادوه بي اميرها وهو انجق صوص يملك المال الحرام وكل افعاله رمي الفتن والقتل والتخريب الى زوال قريبا,abusive,Iraq
4731,اللي عملو للبنان جبران بدن سنة تيعملوا ربعو,normal,Lebanon
4732,اللعبة التي يمارسها جبران باسيل لحجز مقعده في الانتخابات الرئاسية منذ الآن لا تجدي نفعاً لأن مجلس النواب سيتغيّر,normal,Modern Standard Arabic
4733,شو ه النشاط هاد يا حج,normal,Lebanon
4734,رشيد كرامي كلب وفطس هيدا رفيق نجا بضلو يعوي زتولو عضمي,abusive,Lebanon
4735,هيدى اول كلب تفهم قرار السعودي لانو بلا كرامي معود ع الشحادي,abusive,Lebanon
4736,ترانا نحتاج إلى محاكمتكم أمام العالم أجمع لنسترد حقوقنا لنبني مستقبل أجيالنا وجيشنا ودولتنا ونقطه ع السطر,normal,Oman
4737,جبران باسيل مالئ الدنيا و شاغل الناس حسد و لّا ضيقة عين,normal,Lebanon
4738,هاد داير فيها الحلبية شعب طيب والحموية بينحبوا وجبل العرب كلهن شهامة والشوام أحسن ناس والأدالبة أحلى عالم وبالآخر مسمينه أبو عبدو الجحش,abusive,Sudan
4739,هذا ما يهم المواطن كفى تعديات فالمياه لم تعد صالحة للاستعمال,normal,Modern Standard Arabic
4740,عداوة كار,normal,Tunisia
4741,شكرننننن ويلعن روحه بهالمناسبة,abusive,Syria
4742,احد منكم يشرح لنا هل االذين يخونون جبران باسيل تاريخهم حافل بالنضال و اغلبهم مصاب على جبهات الجنوب,normal,Saudi Arabia
4743,هذا واحد عميل كلب قاتل رشيد كرامي,abusive,Tunisia
4744,اللي عملو للبنان جبران بدن سنة تيعملو,normal,Lebanon
4745,كأنك بتشبه الشباب او انا غلطاني يا تومي,normal,Jordan
4746,كم أنت خرا عندما لا تظهر إلا وقت الحاجة,abusive,Sudan
4747,حترق كرت جبران باسيل من فترة وهلق مسايرة فقط لاجل الجنرال,normal,Saudi Arabia
4748,ايمتى موعد خسارة تونس,normal,Lebanon
4749,انت عروض نفسك على طبيب نفسي وكل شي منيح,normal,Jordan
4750,خنزير و فطس كلب من كلاب الشيعة ساند الروافض لو كان اسمه خميني بل عمر كرامي الرافضي,hate,Iraq
4751,روح كول هوا عندما تتكلم عن صدام قف احترام لسيدك وتاج راسك يا ابن المتعه عليك غضب الله,abusive,Iraq
4752,يا محمد شو هالقصف يا كبير,normal,Lebanon
4753,هل تعلم ماذا كتب عن عملاء البعث,normal,Modern Standard Arabic
4754,اول مرة بشوف وقاحة متل هالنوع شفلي شي دولة عندا ذرة كرامي بتقبل انو كلب سياسي متل اشرف ريفي يدافع عن الإرهابيي,abusive,Lebanon
4755,دولة كل مين ايدو اله,normal,Lebanon
4756,الوزير جبران باسيل كان اول من طرح موضوع عودتهم الى بلدهم ليس انطلاقاً من موقف عنصري معتبرا ان الجميع لاحقاً,normal,Jordan
4757,هيدا بغل الجاهلية وئام وهاب فتنة مزروعة بالجبل الله يقبرو منعرف عنو ما بيعرف حمار ما بيعرف يقرا,abusive,Lebanon
4758,يا أستاذ وئام الفيديو من سنين إلي عم يركبلك القصص مش شاطر بعتقد لازم تغيروا على كل حال إنت بدك الفكرة,normal,Lebanon
4759,شاعر او تبع الربع قطيش قبضوك حق تغريدة ضد قطر,normal,Yemen
4760,طيب اذا انت حمار شو بعملك هههه,abusive,Palestine
4761,تركيا أحقر من أن يكون لها مشروع ينفذ ، هو مشروع غربي مسيحي خبيث كخبث دينهم,hate,Modern Standard Arabic
4762,العترة علفقير,normal,Lebanon
4763,تفوووو عليك واحد حقير بدك تخرب الأردن متل ما خربت سوريا انتو شعب حقير حقير الملك خط أحمر يا غبي,hate,Palestine
4764,أما وزير الخارجية جبران باسيل فكان له جهد حثيث وكبير في التوصل الى صيغة عربية مشتركة,normal,Modern Standard Arabic
4765,مهو كمان يلي بينتقد أردوغان وبيمدح ملكه هاد هو يلي جد بغل,abusive,Syria
4766,يلعن روحك رشيد كرامي على روح فيصل الديوس كلب ايران هيدا الكلام من مسلم سني لبناني وطني,abusive,Lebanon
4767,قاوم مين و كيف طول عمرو عميل و مجرم كلب و في المينى رقم و الشهيدين كرامي و فرنجية بيشهدوا على جرائموا,abusive,Lebanon
4768,من مقابلة جبران باسيل مع سيإنإن أمن إسرائيل هو حق,normal,Jordan
4769,كل انسان حزبي او اعلامي بينتقد جبران باسيل بيكون غيران من قوة نجاحو و مستقبلو,normal,Jordan
4770,اول مرة بحياتي تمنيت اضرب واحد ما بعرفو,normal,Jordan
4771,خد حبة كل ست ساعات يمكن يعدل مخك التافه,abusive,Egypt
4772,عنجد انك واحد وقح,abusive,Syria
4773,ما ناقشة جاهلاً إلا وغلّبني,normal,Lebanon
4774,عوي ياحمار,abusive,Syria
4775,الله يطول لنا بعمرك يا تاج راسنا,normal,Qatar
4776,وهاب الجحش ماع ماع ماع,abusive,Tunisia
4777,نفس خبر جبران باسيل ، شفلي مرق على هيدا الموقع شي,normal,Lebanon
4778,دولة الرءيس الشيخ سعد الحريري تاج رأسك واشرف منك ومن عيلتك ومن الي خلفك,normal,Oman
4779,إستحي يا صعلوك يا قليل شرف أنصحك تتعلم اللغه العربيه وتترك العبريه لتحسن فهمك يا غبي,abusive,Egypt
4780,وقد عبر عن ذلك بشكل علني ومباشر وزير الخارجية جبران باسيل في كلمته التي حصدت اجماعا عربيا في القمة العربية التنموية,normal,Oman
4781,فديو جديد لقزم جبران باسيل يصف نبيه بري بلبرعوت وبدو يكسرو راسو,abusive,Lebanon
4782,إنت بالذات سد بوزك وخليك بجلابيتك وعنزاتك احسن,abusive,Jordan
4783,وهاب اتصل بعون مهنئا بنتائج مباراة كتاب العدل,normal,Morocco
4784,وهاب ل المشنوق الذي يستقوي على الصغار ويهاب الكبار يكون رعديداً,normal,Tunisia
4785,عامليتلي بلوك الحيوانة,abusive,Syria
4786,طيب يا بغلة,abusive,Modern Standard Arabic
4787,هشام حداد عامل فيها جون ستيوارت,normal,Syria
4788,كلمة النظام السوري ألقاها بالإنابة عنه جبران باسيل في القمة العربية,normal,Modern Standard Arabic
4789,حتى بالكهريز في كهريز مفتوح على كهاريز فيها كهاريزو تستمر الكهرزة,normal,Tunisia
4790,هذا الوقع أما احلام خليا الكون,normal,Tunisia
4791,طيب ما علينا ورح نجي معك دمشق صنع الله على الارض منيح هيك نحنا بلبنان شو استفدنا وشو استفادت بيروت,normal,Jordan
4792,لك تضرب شو ازعر يا خروف,abusive,Oman
4793,مصادر حزب الله ل القوات لو سمحتو سدو نيعكن العمه شو جحاش,hate,Libya
4794,اللي بالسيارة المفخخة هم من جحاش الثوار والصاروخ اللي فات فين من القوات حماية الشعب يا فهيم,hate,Egypt
4795,حل عن طيز طيزي هلأ صار بدك تزاود على السوريين بڤيتنام يا طيزي؟ وفوقها السوري صار يتعامل مع أمريكا وإسرائيل؟ هو لو بيتعامل معهن يا عاهة كان الأسد ضل قاعد بالسلطة؟,abusive,Syria
4796,صاحب كلمة الحق,normal,Tunisia
4797,كول هوا بشرفك,abusive,Iraq
4798,انت مش الرءيس,normal,Lebanon
4799,بحب قول لكل واحد مش عاجبه كلام الوزير الملك جبران باسيل روح حفرلك شي جورة وشك راسك فيا,normal,Syria
4800,هربان من العدالة بدوا يحاضر بالعفة,normal,Oman
4801,كنت فوبيا الشيخ سعد صرت فوبيا اللواء عثمان ارحم حالك شوي,normal,Oman
4802,أنت أكبر و أشرف و أنبل وأنزه من أن يحاولوا التطاول عليك أو من أن يستهدفوك بتهم و تسريبات مشبوهة,normal,Modern Standard Arabic
4803,سدوا,normal,Tunisia
4804,لكل جلجوق و جحش بيقول انو القوات تاريخا مجازر قتل و الغاء هيدي اسما حرب يا جحاش و لوما كان في قوات لبنانية كنا متل اليزيدية و مسيحية العراق,hate,Lebanon
4805,مساء الخير معاليك,normal,Yemen
4806,وءام وهاب ياغادر ابودياب اخرتك طعام للكلاب وانت واحد كذاب بضلك واقف عالبواب وتشحد الزعامه من اسيادك,abusive,Lebanon
4807,منيح في مين بوصللنا صوتنا دون كزب ونفاق الله يخليك بمواجهة الفساد المحتل هالبلد,normal,Syria
4808,وشكراً يا جحاش عم تقوولي البوست هبل القوات لا مثيل له,abusive,Syria
4809,كيف بتصير مشهور اذا انت صحافي,normal,Jordan
4810,قلتلكم ما تفوتو بالشخصي ما بدكم يلا انقلعي يا بنت الكلب انت كمان شعب مجوي غير هيك ما بتمشوا بتضلكم تهينو الواحد تتنزلو لمستواكم يا كلاب,hate,Lebanon
4811,يعني ما بكفي مرضانة بتجو بتتمسخرو عليها شو انعدام الضمير هاد,normal,Lebanon
4812,هدول جحاش القوات الجوية هههههههه,abusive,Jordan
4813,مشكلتك حمار ورح تبقى طول عمرك حماااااار,abusive,Syria
4814,عملتو ممسحة وكبتو,abusive,Tunisia
4815,الجهابذة اللي عم يطالبو بتقديم دعوى وهيدا مش اخبار يا بطاريق عثمان,normal,Palestine
4816,حدا قلك من قبل كول هوا اذا لا ف انا اول واحد يقلك كل هوا,abusive,Lebanon
4817,مين حاكمك بالديكتاتورية,normal,Lebanon
4818,انت كلكم تبع القوات بهايم أو في جحاش وحمير وخواريف معكم هو وعم بدافع بسلاحو عن لبنان ضد اسرائيل وضد التكفيرية وما خليتو سكين ما طعنتوا فيها ولو قادرين بالسلاح كنتو مستعدين تحاربوا اتدافعوا عن حبايبكم اسرائيل وحلفائها هلأ صار بدك يا يهاجم اسرائيل والاه حيرتو سمانا انتو القوتجية,hate,Syria
4819,جبران باسيل سوريا يجب ان تكون في حضننا ونشعر بثقل فراغها,normal,Modern Standard Arabic
4820,عن جد جحاش القوات و اذار نهيق و نهيق,hate,Lebanon
4821,الوزير السوبر بلبنان جبران باسيل ادام الله ظله وكرم الله وجهه وقدس الله سره,normal,Syria
4822,قلتلي جريدة الاخبار,normal,Libya
4823,اكيد الخدم بيوقفوا برا من شان هيك ما شفنا حدا من جماعتك,abusive,Jordan
4824,انت يلي فرقنا بريحة طيبة يا حشرة ما حدا سالان ولا معبرك,abusive,Lebanon
4825,ما احمرك,abusive,Lebanon
4826,فعلا يلعن ابو الدنيا بتاخد المنيح وبتترك الخرا,abusive,Lebanon
4827,كل يد سوف تمتد على دروز الجبل والشرفاء سوف تقطع ونحنا معك قاىدنا وئام وهاب,normal,Yemen
4828,والله يطول بعمرك يا رب و عمرن,normal,Lebanon
4829,اصلاً انت ما خصك خليك عم تقرقع متي,normal,Jordan
4830,نريد فقط رجال لديهم من الوطنية وحس المسؤولية لاستبدال طبقة فشلت عند كل استحقاق,normal,Iraq
4831,كول خرا ياحمار,abusive,Iraq
4832,تعلموا انكليزي قبل ما ترجموا شو حكي جبران باسيل,normal,Syria
4833,اذا قصدك جبران باسيل أصبحت احبه بعد تقييم السيد حسن له,normal,Saudi Arabia
4834,و عم يبشرونا بضرايب جديدة هلبلد بدو حل ثوري صار,normal,Palestine
4835,"في تحل عن سما ربنا مازالك عايش بأميركا ومش عارف أخبار لبنان المظبوطة فرقنا بريحة طيبة أصلا"" شكلك مبين إنك عميل صهيوني",abusive,Egypt
4836,ديري بالك و خليكي صامدة و قومي افتحي التلفظيون و تابعي انتصارات جيشنا الباسل بسرعة بسرعة,normal,Libya
4837,معك حق والله,normal,Yemen
4838,دير الصليب للبشر هيدا الوسخ المقرف البشع الطبل الاهبل العميل ما بعرف من اي فصيلة,abusive,Lebanon
4839,هههه ليش خلينا عم نفوت نشرشحو لهل خنزير ابو الصرامي وئام,abusive,Syria
4840,قولك بيعرف معنى هل الحكي ؟؟,normal,Lebanon
4841,قوية منك معاليك,normal,Lebanon
4842,ليك يا زمك عروف حالك شو عم تحكي مين انت اساسا لو انك زلمي كنت بتحط اسمك مش اسم مستعار يا لبناني يا هبيل انت فا فرقنا بريحة طيبة احسنلك يا حثالة المجتمع,hate,Lebanon
4843,طز فيك وبالبتشد على مشدو,abusive,Tunisia
4844,كتير حلو يا معالي الوزير بس ما تكون قاصد وزير الخارجية على مشاركته بالاجتماع المغلق المتعلق بي سوريا,normal,Jordan
4845,قولكن بعد القمة العربية بيرجعوا بيطفّوا نفق سليم سلام,normal,Lebanon
4846,غصب عنك وعن معلمينك يا حشرة هني دروز ومعقل الدروز,abusive,Syria
4847,من وراء مواقفكم ومؤمارتكم خسر بلدي لبنان الكثير من شبابه وتشتتوا باصقاع العالم للبحث عن حياة كريمة,normal,Modern Standard Arabic
4848,العما بقلبك قديش بتحب بلبهدلة وئام وهاب انت حقير وكلب وشرشوح وانت قمة الزباله حقير حقير حقير,abusive,Lebanon
4849,طيب سد نيعك و فرقنا بريحة طيبة,abusive,Lebanon
4850,بردت قهوتك يعني خراس تشرب قهوة يعني فرقنا بريحة طيبة,abusive,Tunisia
4851,عاهرات االله يخلصنا منهن يا رب,abusive,Syria
4852,جبران باسيل يطالب المجتمع الدولي بإعادة اللاجئين السوريين لديارهم,normal,Syria
4853,هذه الترجمة كاملة للمقطع تاني مرة تعلمي اصول المهنة والتحقق,normal,Saudi Arabia
4854,كنت حابب علق بعدين قرفت وبطلت حسيتك ماتستاهل,normal,Syria
4855,لهون وصل الاعلام لك تفه على كل واحد بفكر متلك يا زمك مزعوج من استعراض الجيش المطار موجود اوّل طيارة طلاع فيا و ريّحنا و ارتاح يوم عن يوم مستوى الدنائة عم بزيد استحوا بقا,hate,Lebanon
4856,والمرشح الابرز لخلافة نصر الله هو جبران باسيل لما يمتلكه من وساخة وحقارة وقلة شرف,abusive,Modern Standard Arabic
4857,وهاب ما بيهاب,normal,Lebanon
4858,خروات معراب وبقايا اذار والحاقدين,hate,Syria
4859,هذا البطل الذي قاتل وجاذف بحياته لتحيا انت يا واطي يا عيب الشوم,abusive,Yemen
4860,واحد كموسيانجي من وين عّم يدفع قسط ابنه ومعيشته بلندن حوالي الف دولار بالسنة من وين عمر,normal,Jordan
4861,صرماية الخليجي احسن من وجهك النجس فأنت ناكر الجميل وأتباعك انتم أصحاب الفتن والحقد والكذب رجاع ل أيار بتعرف أصلك وحقدك ونجاستك إذا بدّك إيران فرقنا بريحة طيبة أحسن,abusive,Lebanon
4862,وانت شخص فلسطيني تعمل لصالح قطر ومنتحل شخصية عمانية وتتكلم على شخص ادرى في بلدها منك,normal,Saudi Arabia
4863,ميشال عون عون و صهرو الهبيلة جبران باسيل باسو صرماية تميم كرمال تشتري قطر سندات لبنانية لبنان دولة شحادة رسميا,hate,Lebanon
4864,فلنصلي ونناشد الرب بلكي بيوعى ضمير المسؤولين,normal,Lebanon
4865,انّو اذا ما عملو هيك مين بدّو يجيب سيرتن ويذكرن امام الاضواء الذي يسرقها وزراء التيار وخاصّة الوزير الرئيس الملك جبران باسيل,normal,Jordan
4866,يا احمد وين جبران باسيل بالتغريدة ولك شغلتلي بالي بك شي يا حبيبي,normal,Lebanon
4867,هذا فيديو ومنظر، وهل مستندات التعدي بين يديك، إذا كان كذلك فلتتقدم بها إلى القضاء المختص، دون التشهير,normal,Modern Standard Arabic
4868,يلي بدو يخوّن جبران باسيل بدو يسمع الجواب,normal,Syria
4869,عائلة اللالا ما عدا العاق اللالا يتمنون الشفاء العاجل للسيد الرئيس بلحة حفظه الله,normal,Tunisia
4870,حافظ ابن الجحش بشار الاسد يصف السوريين المعارضين بالعميان جحش خلف كر,abusive,Tunisia
4871,مصالح المسؤولين في لبنان فوق كل اعتبار ولازم كل مشروع يسبقه تفاهمات عالحصص ضاربين عرض الحيط البلد,normal,Syria
4872,نجحنا بقوتنا شكراً فخامة الرئيس ومعالي الوزير جبران باسيل لكل شي عملتوه لانجاح القمة التنموية ولانو دايماً بترفعوا البلد,normal,Lebanon
4873,سورية سنية وستبقى سنية وحسبي الله ونعم الوكيل بالعرب الخونة الذين باعوا الشعب السوري بالرخيص فليفرح ابن زايد وكل كلب عربي دعم بشار الجحش,hate,Saudi Arabia
4874,نطالب القضاء بالتحرك,normal,Tunisia
4875,جبران باسيل يغرد خارج السرب التطبيع مع الكيان الغاصب خيانة عظمى,normal,Lebanon
4876,ليك يا كلب بتسد بوزك وحدك احسن ما نسيك اسمك ولا واطي,abusive,Sudan
4877,يعني تش شعر بدني الله يرحم المير مجيد الي عمل هالدار لقاء خلدة الدمشقي,normal,Iraq
4878,اهبل مين يا واطي يا ابن الهبلة انت اتعلم ثقافة الحوار الاول بدل ماجي اعلمها ليك و اربيك يا واطي يا طويل اللسان و فارغ المخ,abusive,Egypt
4879,يا وئام يا وئام عمتلعب بالنار والنار اقتربت ووصلت على عتبة بيتك واطفأها وليد بك وانت بتعرف حق المعرفة,normal,Lebanon
4880,حيضل سعد الحريري داعسك,abusive,Egypt
4881,اليوم الاردن وفلسطين اليوم يتواجه اكثر شعبين ثقيلين دم زنخين اليوم يتواجهون اصحاب ابشع لهجة مرت في تاريخ العرب تصنف كـ اسوأ مباريات الفيفا,hate,Qatar
4882,من زمان وانما رأيي انو السياسيين بلبنان بيقرفو وما زلت قرفان,normal,Jordan
4883,واحد متلك صباط يا مومانع هي لهجتكون الصباط على راسك,abusive,Morocco
4884,نجح رئيس الجمهورية العماد ميشال عون ووزير الخارجية جبران باسيل بفرض موضوع النازحين على البيانين في ختام القمة,normal,Jordan
4885,منحطة بلا أخلاق,abusive,Syria
4886,مستواكم معروف اوطى من الصرامي لانكم بلا شرف وادبكم الشتيمة,abusive,Yemen
4887,نصاااب كلب لبناني عميل لحزب الشيطان,hate,Algeria
4888,وانا واحد من الاشخاص اللي صاروا يحبو جبران باسيل من ورا الهجوم عليه,normal,Saudi Arabia
4889,كل لبناني ملعون والدين لا يحق له الجلوس ب ارض الحرمين لانه واطي وابن ست وستين كلب,hate,Yemen
4890,نيعو ولك لبناني كلب,hate,Syria
4891,يجي يوم وسننتقم من كل كلب لبناني تسبب بأذى للشعب السوري وسيدفعون الثمن غالي,hate,Oman
4892,اقوا شخصيتين لاهذا العام في لبنان سماحة السيد حسن نصرالله ومعالي الوزير جبران باسيل,normal,Yemen
4893,يعني بدك وجود سوري,normal,Jordan
4894,لاني بعلبكي ما برضى الضيم ولا بقبل الذل ، لا بنباع ولا بنشرى ، الوفا نحنا أهلو والشجاعة من عنّا والرجال بتنولد هون ، دخيل رب بعلبك ،، جنوبي,normal,Lebanon
4895,من نتائج الاتفاق الروسي الأمريكي الطيران الروسي يرتكب مجزرة في ادلب ذهب ضحيتها العشرات من المدنيين بين قتيل وجريح,normal,Oman
4896,روح شوف من الي سلح بي ايار يا بسين بس صحيح انك حقير وناكر للجميل متل معلمك,abusive,Lebanon
4897,محمد الساعد وهل حافظت أنت على عروبة لبنان يا باسيل,normal,Modern Standard Arabic
4898,وكله بكياسه يا ولاد الكلب,abusive,Iraq
4899,لبنانى مشرد اى بلد يدخله للبنانى ينشر فيه الفساد والرشوة,hate,Egypt
4900,و معلمك يا قفا البعير حينما يهدد حزب الله ماذا تعتبره انقلع روح شوف شو الطبخة اليوم بقناة العبرية,abusive,Oman
4901,ياكلب بشار يا جزمة السيد انت الزمن الخرى لجابك كلب ابن كلب,abusive,Saudi Arabia
4902,أصحاب الرؤوس الفارغة ما عندا شي غير تهاجم الوزير جبران باسيل,normal,Syria
4903,روح شوف معلمك جبران باسيل و سرقاته بالكهرباء يا حقود يا صاحب الوجه البشع,abusive,Jordan
4904,انت خراس شو هالموديل عبكرة الصبح,abusive,Lebanon
4905,عشت معالي الوزير,normal,Yemen
4906,انت و معلمك اول أعداء سوريا يا بغل و يا حيوان روح شوف شوارع حمص يلي قصفتوها يا أعداء الشعب السوري يلعن شرفكن كلاب,abusive,Palestine
4907,هذا المسخ البشري,abusive,Iraq
4908,ماسامع بهل الشي قبل ، دخلك خبر كان او طار,normal,Yemen
4909,ياصفوي ياعميل لايران حامي اليهود معلمك البعثي الكافر روح شوف ميناء طرطوس كيف بيهرب الذهب معلمك الجحش سقط,hate,Syria
4910,عثمان فاسد ويحميه زعيم فاسد آن الاوان لمحاسبة الفاسدين,normal,Saudi Arabia
4911,الله ياخذك بتقتلو القتيل و بتترحمو عليه انتم مقرفين,abusive,Jordan
4912,الإعلام المأجور لم و لن ينال من سمعة العماد ميشال عون والوزير جبران باسيل,normal,Lebanon
4913,وهاب من كتر الخبيط امسى مريض عقليا يعتقد بانه زلمه وهنا تكمن المشكلة,normal,Oman
4914,شكلك مقروط يا صرماية,abusive,Egypt
4915,للاسف يا ريس الشعب ما عم يوعى عحالو,normal,Lebanon
4916,ليك يا ابن الحرام يا كلب الاسد اذا انت رجال تقول اسمك الحقيقي ودم المعلم لندعس عراسك يا واطي,abusive,Libya
4917,هيدا فايك اكونت ما عندو فلورز بس لازمو بهدلي ليك يا حيوان يا ابن الكلب صباط ونعل صباط بيت الحريري براسك يا كلب نبح عامل اكونت مزيف لانك منك رجال ولك تفه عليك يا واطي وهلق فيني قول ارتحت نفسيا,abusive,Lebanon
4918,ياريت كنا قطريين,normal,Egypt
4919,طيب كلي هوا وخليكي بزباله لبنان,abusive,Syria
4920,السيد نصرالله هناك صداقة بيني وبين جبران باسيل وما عزز العلاقة بيننا هو حرب والويكيليكس لأنهما تحدثا بنفس الكلام,normal,Modern Standard Arabic
4921,كول هوا وانزح لا ورا هيدول مبتعثات ع حساب الدوله يا مرتزق يا مشرد,abusive,Syria
4922,يا ما في ناس مش رح تنام,normal,Jordan
4923,على أساس انت شخصية العصر لك مين قاريك يا قباري الناس بعفويتها رحبت بقطر لا اهلا ولا سهلا فيك,abusive,Saudi Arabia
4924,احلا زلمة والله,normal,Jordan
4925,طلع تحريم الخنزير جايينا من الآراميين من شي سنة,normal,Syria
4926,هذا هو حزب المردة حمير وكلاب وخنازير,hate,Iraq
4927,اية وزارة خارجية هذه وزارة خاصة ومالكها جبران باسيل ولا تختص بالشأن الدولي بتاتاً,normal,Saudi Arabia
4928,يا حمار ما تسمع ضرب الرشاشات واخافة وترويع الأمنيين هذا شغل المرده المجوس,hate,Iraq
4929,عزيزي وئام وهاب و ايه نعم رفعت الكلفة لأن حتّى كلمة استاذ كبيرة عليك انت اكبر منافق و اكبر جبان,abusive,Sudan
4930,وعندك مذيعة الأخبار يللي اليوم معيّرة شفافا بالطرمبة ولازم مكسيموم,abusive,Syria
4931,أخرس ياعميل إيران فأنت أصبحت بوق لأعداء الأمة العربية,abusive,Modern Standard Arabic
4932,كلهم شركاء في نهب المال العام اصبح الوطن فريسة ينهشها الضباع,normal,Yemen
4933,هالعلم وراك بالمحل الغلط غيّر الصورة حط علم سوري,normal,Lebanon
4934,أين المحاسبة النيابية,normal,Modern Standard Arabic
4935,كول هوا بحكي بشكل عام,abusive,Iraq
4936,كل ما تشوفوا قوتجي حمار عم يجرب يلطش التيار بالنسبة لإنتخاب بري فرجوه مرشحهم الحمار شو قال علاقتهم استراتيجية مع بري مع عدم انتخابه,hate,Lebanon
4937,لك ستي مو مشكلة اي شي بيلبق اوكي ماني دلول زيادة,normal,Qatar
4938,انسان براس حمار,abusive,Qatar
4939,بدا ثورة متل الثورة اللي خلت ناس تعمل تاتو جبران باسيل من بعد مصادرت موتورات بالضاحية مياومو الإعلام,normal,Lebanon
4940,هيدا الكلام الصح,normal,Lebanon
4941,كيف سيحاسبه وعثمان موظف لدى معلمهم الكبير وينفذ أوامره,normal,Modern Standard Arabic
4942,شو هالغبية او شو هالحمارة عم يحكي عن رجوع سوريا الى الجامعة العربية فشو دخل لبنان ؟,abusive,Lebanon
4943,هاهاها طول بالك يا حمار مبين من إسمك إنك كلب سوري متل الحمار معلمك,hate,Jordan
4944,أنت متجرّد من الإنسانية تماماً,normal,Oman
4945,حمار من حمير التيار الحر منتمنى انو وزير الاشغال مايكون متل اللي سبقو ووزير الاشغال بعدو هوذاتو,hate,Jordan
4946,فوت عليه يا حمار وصال عالاخر وشوف المصدر,abusive,Syria
4947,يا زلمي لو طالع بإيدك شي كنت مش عم تعوي هيك من مك جمعة خلصنا بقى,abusive,Syria
4948,اي جبران باسيل سربلنا الاسئلة اذا هيك,normal,Lebanon
4949,جحش ابن جحش انت ولي مش موقع القوات ناقلو يلا سلّم على مفجر الكنائس عفوا مفجر صالون الكنائس,abusive,Tunisia
4950,لك يا حمار بس بدك تجيب خبر ما تجيبو من مصدر التيار وتزروا انو من موقع القوات صحيح انكن ازلام سورية ب لبنان نفس فبركاتها عم تعملوا تفه,abusive,Lebanon
4951,جعجع يقصف عمرك ياحشاش ياعميل ياوسخ خراس يبليك باتلك روح انضب يا زبالة,abusive,Tunisia
4952,الله محييك زلمة ابن زلمة اكشفلو فسادو و خلي يتحاكم على يدك,normal,Lebanon
4953,وئام وهاب الوطني مااشتهر الا من كثر ماكان يسب ويهاجم السعودية والخليج,normal,Saudi Arabia
4954,والله انا محامية وما فهمت كيف صار هالاخبار بخبر كان قانوناً,normal,Oman
4955,اكيد جبران باسيل نشيط و بيستاهل,normal,Jordan
4956,من شو خايفين قولها وما تخاف اذا كان منقول جبران باسيل يا جربان شو عم تعمل يا جبران,abusive,Syria
4957,فيك تزحط يا برغشة انت ومخك المعفن تركتلك مجال قلت بركة بتحترم حالك وكرمالك ل ورا يللا غالوبس,abusive,Lebanon
4958,لو في دولة كان ما صار لي صار من الأساس,normal,Qatar
4959,هدا الشعب اللي طرد الاسرائيلي لازم يصحى يوم ويطرد أصحاب المواكب لبنان كان درة المنطقة,normal,Palestine
4960,عافية الشام هل أنت مجنون لقد قتل ذلك المجرم بشار ملايين السوريين لكن ضباع العالم و على رأسهم إسرائيل,normal,Modern Standard Arabic
4961,هههههههههههه ما رح يرد لان شي مخجل صدقيني بس اذا بدك تعرفي وكتير حابي سألي عن ماضي وهاب بتعرفي جواب,normal,Syria
4962,قلو ل جعجع يسد بوزو وانت خراس معو,abusive,Lebanon
4963,انت راح تظل خادم ذليل للفرس يا جزمه,abusive,Iraq
4964,منيح لالك لانو حضرتك مرفوع عليك دعاوى قدح وذم والقاضي والدولة لهلا ماجابتك حضرتك كنت لح تعمل فتنة بلبنان,normal,Lebanon
4965,يعني بدك تسلبها علينا خلي عندك الشجاعة على الأقل تقول إنك عم تسلبها علينا هي الحجج أبو ليرتين تبع ما دخلني وأنا هيك هيك بلاها,normal,Jordan
4966,الله يطول بعمر فخامة الرئيس,normal,Qatar
4967,ولله يا استاذ وئام لو في دولة بتحترم نفسها ما بيبقى واحد منكم برا السجن انتو مجرمون بحق لبنان,normal,Jordan
4968,مو مشكلة تبقي تستوردي بن من اليمن ما تهكليه للهم,normal,Iraq
4969,قطر الارهاب,hate,Yemen
4970,اللي عندو واسطة بينجح والشاطر,normal,Lebanon
4971,لو في دولة بتحترم نفسها كنت انت اوّل واحد بالسجن يا عميل يا قاتل يا مفتن يا خاين يا ماريونيت,abusive,Palestine
4972,شو عامل فوبيا هل وزير والقائد جبران باسيل اذا بالنهار ما بينجاب سيرتوا الف مرة بيكون في شي غلط يعني هوي صح كذبك,normal,Lebanon
4973,لو من تلفزيون الجديد مين بيسمع فيك انت يلعن الساعة عا هيك إعلام مفتن,normal,Syria
4974,انظروا الى الخبر بشان صهر الرئيس,normal,Saudi Arabia
4975,انت مصيرك تكون بالحبس بطلت تستحى موت بغيظك انتو كل شي اسمه دولة خربتوا لعنة الله عليك,abusive,Yemen
4976,كم انت كبير,normal,Yemen
4977,قمة فاشله دعوا اليها الفاشلين ما بتروحوا الا عالقمم بضم حرف القاف بينما الشيخ نعيم حسن بيشارك,normal,Yemen
4978,مين الأخت مقنعة أكتر من سعادة السفير,normal,Egypt
4979,هلق اكيد بدو يفل ورح تتكلف بهية الحريري ورح يطلع من اتفاق جبران باسيل,normal,Lebanon
4980,خلى يعملوا حزب الله فرع هناك مو غلط بقيادة خوسيه ما رينوس,normal,Syria
4981,تيتا النحس ام البوتكس والشد والنفخ العمى ما بتستحي عا كبرتك وشيبتك ولك,abusive,Lebanon
4982,قدي بيعطيك كرمال ترد عنو بحياة حسن تقول,normal,Lebanon
4983,يلقي رئيس التيار الوطني الحر الوزير جبران باسيل حوالى الثالثة والنصف من بعد ظهر اليوم، كلمة يتطرق فيها الى آخر التطورات,normal,Modern Standard Arabic
4984,وشو طللع بايد الرئيس خطيتو,normal,Lebanon
4985,كلُّنا بعثيون كلُّنا أبناء القائد حافظ الأسد,normal,Algeria
4986,أظهرت انو بري ما زال ميليشياوي و جبران باسيل صدق بكامة بلطجي يا زبالة لبنان,abusive,Lebanon
4987,نور العين مش بحاجة ليعرف مكانو وما ماكينات اعلامية تخاض من اجل الشرخ بين المردة وحزب الله,normal,Lebanon
4988,صدقا على كلامك رفيق هيدا صاحبو الجديد بدل امين قلو ياهن,normal,Lebanon
4989,وانا بقترح تروح عند حكيم بيطري لأن صاير عم بتشنهق كتير,abusive,Syria
4990,الله يسامحك يا سيد بس طلباتك أوامر,normal,Jordan
4991,شفافا ولووو وئام ابو الصرامي,abusive,Morocco
4992,اثار وصف وزير الخارجية والمغتربين في حكومة تصريف الاعمال جبران باسيل زيارة الأمير القطري بخرق الحصار حفيظة دول,normal,Jordan
4993,و جبران باسيل ما استنكر ، اي معن حق في خيانة,normal,Lebanon
4994,وبيحكوا انو نحنا دويلة اَي انتو زعران وفلتانه,abusive,Lebanon
4995,شريفة انتبه لكلامك,normal,Saudi Arabia
4996,السيد والرئيس وليش عم تشددددد دخلك كل حجمك أرنب عند معلمك بالقرداحة,abusive,Syria
4997,حركة المياومين والبلطجية بكل فروعها مع الكتبة بيتهموا جبران باسيل انو إسرائيلي,normal,Jordan
4998,بايخ وسخيف,abusive,Yemen
4999,اه يا فاشل افتخر ولا يهمك لأنك انسان انتهازي حقير تابع للسفاحين والموالين والسفلة ولولا تكن تشبههم لما افتخرت بهم مبروكين عليك لأنه وعلى قول المثل اللي متلك روح لعندو,abusive,Jordan
5000,ما شبعت بعد لحوست سرامي ولك طلال,abusive,Lebanon
5001,عمل تويت عم يسأل عن جدوى شيطنة جبران باسيل قاموا شيطنوا إلو وما خلوا إتهام وما اتهموا فيه,normal,Syria
5002,عم يشتغل لإبن زايد هلق مجبور,normal,Syria
5003,اكثر ثلاث كلمات متداولة من الاكثر للاقل باسيل جبران الوزير,normal,Jordan
5004,غصبن عنك وعن امثالك كلام وزير خارجية لبنان جبران باسيل بيمثل السياسة الرسمية للدولة حبيت او ما حبيت مشكلتك,normal,Jordan
5005,كول هوا يا عرص,abusive,Iraq
5006,مين قلك ما نأسر بيي ومين قلك ما تفجر بيتي؟ ومين قلك انه عم باخد رأيك بالأساس؟؟ كول هوا وقحط من صفحتي وبدل ما تتكامخ,abusive,Syria
5007,وئام وهاب يشتم يتيم المجد,normal,Tunisia
5008,بس يا هبيلة بس,abusive,Egypt
5009,اسم الله عليك شعلت زكا,normal,Tunisia
5010,جبران باسيل مسيحي خيب ظن أبناء دينه وجلدته من المسيحيين اللبنانيين بجميع طوائف المسيحيه,normal,Yemen
5011,حيوان هوي وحذبو معوّدين عالزحف والتزقيف,abusive,Lebanon
5012,حما الله لبنان وشعب لبنان العظيم,normal,Syria
5013,أكّدت أوساط الرئيس الحريري أن الأمور تتجه نحو الإنفراج بعد قبول جبران باسيل ب حل وسط بالنسبة الى ممثل اللقاء,normal,Saudi Arabia
5014,ضيعان الفهم يا دكتور,normal,Sudan
5015,الله يطول عمرك يا معلم يا إبن معروف لأصل,normal,Lebanon
5016,دخلك إنت بتعرف معلمك بأي مجرور من مجارير الضاحية مخبى ف خراس,abusive,Egypt
5017,يا ريت نصف السياسيين في لبنان بيحكوا مثل جبران باسيل,normal,Jordan
5018,ماحدا حمار غيرك وغير ملكك هل بغل يا ابن الستين صرماية جايي من ورا الابل والغنم وبدك تحكي خراس وسد تمك احسن مادعس رقبتك يلعن شرفك,abusive,Lebanon
5019,انا برأيي هناك فرصه الآن لنذهب بالطائفه إلى بر الأمان بوجود توافق درزي علهم يفهمون,normal,Iraq
5020,باسيل اذا ارادت اسرائيل حفظ امنها وهذا حقها,normal,Saudi Arabia
5021,مشكلة الوطن بسوء الإنتماء، وتغليب المصالح الخاصة,normal,Iraq
5022,هنن اعتقلو وأنتم قتلتهم في كوباني وعامودا نسيت ولا اذكرك يا طشم,abusive,Egypt
5023,بن جدو الكلب شو بده يطلع منه,abusive,Jordan
5024,يعني نشوب حرب ببلدك دليل على عدم وجود قيادة حكيمة في سوريا,normal,Jordan
5025,كيف بتبهدل حالك ب تلات حركات جيب جبران باسيل وعملو وزير الخارجية ويطلع يتحفنا بأفكاره دولياً مش بس محلياً,normal,Palestine
5026,اكبر جريمة ارتكبها السياسيين اللبنانيين هو اختيار ميشيل عون رئيسا للبنان,normal,Jordan
5027,خليك منتظر ليرجع جبران باسيل الله يرحم ايامك يا ميشيل عون,normal,Jordan
5028,أكد وزير الخارجية اللبناني جبران باسيل الأحد أن بلاده تخطط إقامة تبادل تجاري وخطوط نقل وغاز وسكك حديد مع العراق,normal,Modern Standard Arabic
5029,تضرب انت والفهم يا محترف انت مين انت لتحكي عن السومة هيك الغير احترافي واحد متلك طشم يحكي هيك عن كابتن بحجم انديه كبرى و للعلم السومه اكثر حدا بادر للالحتاق بالمعسكرات للمنتخب ف سدووو لبوزك,abusive,Lebanon
5030,صعبة يغيروا عاداتهم دغري يا ريس نطور عليهن شوي فسادهم متغلغل في نفوسهم,normal,Libya
5031,مع احترامي لكاتب هالقصيدة مين ما كان بالنسبة الي يلي بهمني لبنان وبيروت وشعب لبنان,normal,Syria
5032,اذا كانت الجرعة الزائدة اعطيت له بهدف انه لا يتعذب تحت المنشار يجب ان يعطوهم جائزة نوبل للقتل الرحيم والله اعلم يا طشم,abusive,Libya
5033,مياومو الإعلام قديش قابضة يا فاسدة لتحكي بالسيء عن الوزير جبران باسيل,normal,Palestine
5034,طبعا الكلاب معروفي مين مقصودة,normal,Lebanon
5035,قبل أن يصل جبران باسيل إلى الخارجية كنت أتمنى وصول وزير ديناميكي شجاع قادر على الدفاع عن الثوابت الكيانية,normal,Modern Standard Arabic
5036,فخامة الخروف حوله حسن زميره خروف مثل ما عمل منك جاموس كلكم فى زريبة حسن زميره,abusive,Egypt
5037,ما لفتني إلا موضوع انو لازم تكون لائقة عشان واجهة لبنان ولك يا طشم عم ينضرب فينا المثل بالزبالة والفساد أيا لائقة لمبي آه يا هبيلي,abusive,Lebanon
5038,جبران باسيل اخطأت اعترف بالخطأ وتراجع عنو,normal,Lebanon
5039,تضرب منك لحزب اللات عمللء ياطشم,hate,Lebanon
5040,يا بغل العلم الي حضرتك حاطه هو علم تركيا يا طشم يعني مابعرف غبائك العجيب وراثة ام اجتهاد شخصي بس ترى يلبقلك علم تركيا لان علم الحمير على حساب مستجحش,hate,Libya
5041,في كتير عالم يا خيي ما بتعرف أو ما بدها تعرف حقيقة فكر جبران باسيل,normal,Lebanon
5042,انت بتموت بتبسيط السياسة والمجتمع لكم كلمة مالهن علاقة,normal,Yemen
5043,صهيوني براسك يا صرماية,abusive,Lebanon
5044,معق حق جبران باسيل من وين إلو الحق يحط خطة كهربا من وين إلو الحق ينقب عن النفط,normal,Lebanon
5045,التشكيك بصدق باسيل التشكيك بصدق السيد,normal,Lebanon
5046,ليك يا اهبل احكي ععدد الشعر يللي براسك يا اقرع النحس عاملكم عقدة اللواء يا طشم,hate,Syria
5047,لا والله يلعنك ويلعن تركيا و روسيا و ايران يا ارقى انواع الطشم و هل بعد العلوي طشم يلعنك محتل,hate,Iraq
5048,اشترى جبران خمس عشرة بقرة زرع عشر وترك الباقي يلعبون في الثلاجة فماهي كمية الزيت الموجودة في البيض,normal,Modern Standard Arabic
5049,ليك سؤال كيف بيقدر جبران باسيل بموقعه كوزير خارجية ما بيمضي عهالمرسوم يوقف هالناجحين,normal,Lebanon
5050,اضحكني لك اصحى يا طشم بجوز كلكم تسقطوا ههههه لعنكم الله انتو والملالي,abusive,Yemen
5051,بيطلعلك تنتقد الشعب السوري يا جربان إنتوا أنجس قوم يا أبناء ابوجهل وابولهب رائحتكم نتنة مثل آرائكم يا جهلة,hate,Jordan
5052,يعلن معهد جبران باسيل للعلوم المالية عن بدء دورات مالية اختصاص إدارة الدولة من دون ميزانية الوظيفة مؤمنة,normal,Syria
5053,ابوجهل عم الرسول يا حمااااااار يا مثقف يقطع عمرك روح إلغي صفحتك ولاعاد تشهنق يا بهيم لاني فعلا هزلت,abusive,Syria
5054,يرحم جدك كان يغرد ع السجرة,normal,Syria
5055,انظروا الى الخبر بشان صهر الرئيس,normal,Saudi Arabia
5056,يا زلمة كلهن هيك بالسعودية طشم,hate,Syria
5057,سؤال مفخخ أغلبية التويتريون لا يحبون ولا يطيقون جبران باسيل,normal,Iraq
5058,سكر نيعك يا حقير يا عميل رخيص يا طبل,abusive,Lebanon
5059,اية ألله العظمى جبران باسيل قدس الله سره ذكر أن امير قطر تخطاء الحصار,normal,Iraq
5060,شكراً قطر و أهلاً و سهلاً بأميرها الشيخ تميم بن حمد آل ثاني حفظه الله رغم انفك أيها التافه من انت,abusive,Modern Standard Arabic
5061,كل واحد لا توئيده بدك اتحطوا بالسجن اذا الكل يتبعوا هذا السلوك لا يبقى احد بلبنان خارج السجن,normal,Jordan
5062,هذه الترجمة كاملة للمقطع تاني مرة تعلمي اصول المهنة والتحقق,normal,Saudi Arabia
5063,سعودي عالنوم يا طشم بيكفي هبل لليوم ما بدك تخلي شي لبكرا,hate,Lebanon
5064,كول هوا يا حمار اليوم,abusive,Iraq
5065,عقبال مانكسر راسك يابهيمه,abusive,Yemen
5066,هههه فشرت برقبتك لأنك غيران وهبيلة ههه زحّط روح انقبر اقراهن بالأول يا بسين,abusive,Lebanon
5067,اقسم بالله ما حدا بدو حكيم نفسي الا انت مش طبيعي والله العظيم,normal,Libya
5068,وئام وهاب والله لو وجدت من هو أقذر منك أو أسفل أو أكثر انحطاطا لدفنت نفسك أنت عنوان للرذيلة والدياثة,abusive,Modern Standard Arabic
5069,ع فكرة مو بس المثقفين العرب حمير في مثقفين اجانب بيوزنوا الف مثقف عربي بالتياسة,hate,Jordan
5070,والله يا أخي البلد ما بقي منو غير العظم الله يرحم ايام السنيوره طلع اشطر الشيخ,normal,Libya
5071,وطننا يحتاج إلى شعب جديد,normal,Modern Standard Arabic
5072,شو أشبو سعيد ميرزا يا فهيم ، ما كنت انت وغيرك بدكن رضاه,normal,Lebanon
5073,لا يا دحوم لييييييش البلوك حرام عليك,normal,Saudi Arabia
5074,ما بقى تقول له بك ، أن زمن البكاويي دفن وأنتهى وأصبحت عظامه مكاحل,normal,Oman
5075,قد ما تملقت حنجيبك العقاب لوهاب وهاب قاتل ابو دياب,normal,Libya
5076,هؤلاء إلى مزبلة التاريخ,normal,Modern Standard Arabic
5077,هي تركيا العاهرة ذات الشعب القذر والقومية القذرة ويلي عملتو منها انتو الاخونجية كعبة للمسلمين اللهم دمر تركيا ارضا وشعبا,hate,Tunisia
5078,صح بشار ابن كلب بس قليل اللي عم يعملوا بالسوريين شعب عرص منافق بلا ضمير بيكون لاجئ بيصير بده يتطاول عللي مستضيفه,hate,Syria
5079,هذول اكراد من جماعة معروفة اسنيورت كلهم اكراد عنصريين,normal,Jordan
5080,يخرب بيتك ما ابشعك,abusive,Yemen
5081,كذاب بنص عيونك لعنك الله يا كاذب تكذب وتنافق كي تدافع عن اسيادك الاتًراك المجرمين تف عليك وعلى الاتًراك الارهابين,hate,Algeria
5082,وااله اللي ختشوا ماتو حاج بقى قرفنا كتير واللعبة مكشوفة العقاب لوهاب وهاب قاتل ابو دياب,normal,Egypt
5083,من كان منكم بلا خطيئة فليدعم الشعب السوري,normal,Modern Standard Arabic
5084,إلى شركائنا في الوطن من المرده إلى حركة أمل إلى القوات إلى الكتائب إلى الاشتراكي إلى فلنتفق على نقطة عدونا الموحد,normal,Modern Standard Arabic
5085,هو من حزب الحق والعقل يا بهيمه الاخوان,hate,Yemen
5086,بسكوت وراحة سموها هيك بس بلواقع هني قصدن خراس و ريحنا,abusive,Syria
5087,ما يصير تقول عن البنت ناقصه عقل وانت لاحقها من شارع لشارع يا بهيمه,abusive,Qatar
5088,جوليت چوليت يا بني ادم برأس بهيمة,abusive,Lebanon
5089,لكن حضر حالك يا قمر,normal,Yemen
5090,لن ارد عليك يا ابن المتعه يا لطام النعال ليس لاني اكرهك واكره دينك فقط انا احتقركم,hate,Oman
5091,شكرآ قطر واهلآ وسهلآ بأميرها رغم انفك وانف من يعارض واذا هاي القمة ماكان عندا ولا إنجاز بكفي انجاز,normal,Syria
5092,روح كول هوا واتمرقد,abusive,Iraq
5093,السومه تاج راسك ي كلب,abusive,Saudi Arabia
5094,السومه كلب بشار وبشار كلب ايران,abusive,Syria
5095,لقد كان عاماً مليئاً بال يلعن روحك يا حافظ,abusive,Modern Standard Arabic
5096,شو عم تاكل كتير شاورما من عند معلمك,normal,Syria
5097,ولك ياجحش انتوا من اايوم الاول مطرودين ليش تبكي تبكي امك عليك بجاه ربي يلعن روحك ياحافظ على الخرا لي خلفتوا,abusive,Tunisia
5098,كول هوا انت الثاني,abusive,Iraq
5099,كل المباريات خارج مجلس الخدمة المدنية معرّضة ان تخضع للمحسوبيات والواسطة ونقطة عالسطر,normal,Yemen
5100,بينحب الوزير ملحم رياشي بس ليش الوزير جبران باسيل بدو يكون عطول الحاضر الغايب,normal,Syria
5101,تكرمي بنت العم ؛المهم بالموضوع انو البراظيل ما رح تفوز بالكأس و سوف نرى,normal,Jordan
5102,ويطولنا بعمرك شيخ الجبل,normal,Tunisia
5103,لا مسؤولي عن الاعاقة الفكرية لأمثال معاليك يا بيك,normal,Iraq
5104,عالحق ما حقها شي تحياتي,normal,Lebanon
5105,في فئة من الناس لما تحكي بالسياسة، اي رئيس مو مهم مجرم قاتل مختلس نصاب فاسد المهم انو مؤيد للقضية الفلسطينية ولو بالكلام,normal,Syria
5106,جبران باسيل لا يمثلني يمثل نفسه والعيلة وحزب اللَّات الارهابي,hate,Oman
5107,هدول مستعدين يقتلوا الناس هيك شروي غروي لازم نقتلون كلن,hate,Syria
5108,طيب كول هوا اذا بدك تقلل ادب يلا انقلع ظحط,abusive,Syria
5109,والبري من اين له هذا مافبديكم لالو,normal,Iraq
5110,مش معروف شو بدو شو عدا ما بدا,normal,Lebanon
5111,فراس الخطيب كلب خاين لدماء الشهداء,abusive,Iraq
5112,اللي استقبلوك أتفه منك يا اخونجي ياخائن,hate,Egypt
5113,عوى شي جديد,normal,Lebanon
5114,حذف تغريدته لانه كلب من كلاب الترك شركسي الاصل او يوناني,hate,Qatar
5115,كول خرا,abusive,Iraq
5116,ليس لوزير الخارجية جبران باسيل الحق بدعوة الجامعة العربية لاعادة نظام الأسد اليها بل هذا موقف تتخذه الحكومة اللبنانية,normal,Modern Standard Arabic
5117,مسكين مصدق روحك وأهل لبنان ردو عليك وإيران وروسيا إيش دورهم في سوريا وأنت اكبر داااعم للإرهاب يالمنافق,abusive,Saudi Arabia
5118,الله حيهم بني معروف,normal,Qatar
5119,جورج روق قاصي مرتشي كلب مثلك رح نشوف قديش جورج رزق بدو يبقي قاصي فاسد أنت يا شركسي مش مطول ولا عيلتك في الله,hate,Lebanon
5120,نحن اللبنانين ما بدنا يسلمو سلاح للدولة لان شايفين كتير منيح الدولة شو عم تعمل بالشعب روح كول هوا و نام احسن,abusive,Jordan
5121,كول هوا يابو هلاله,abusive,Iraq
5122,وئام وهاب تتذمر من زياره الكلب وانت ذيل له ماهنا فرق بينكم كلكم خونه وماضيك لايشرف,abusive,Yemen
5123,انت القدوه ابو هادي,normal,Libya
5124,يا فهمان يا مقاوم حرر القدس وشو بدك بل الخزعبلات حرر بلادك وشو بدك بغيرك ونحنا معك إنسى السنة والشيعة ساند حماس وفتح ولا فتح خزعبلات كمان ونقطة ع السطر,normal,Syria
5125,انت كلب واطي بل أخلاق مجرم توأم بشار ألأسد كلب منحط غير درزي شركسي أرحل قبل أن نرحلك الي جهنم يا وليد حزا,hate,Libya
5126,ما حدا بمثلني غير الشيخ نعيم حسن واقتضى التوضيح,normal,Syria
5127,راك شركسي يا كلب و فوقها قاعد تعطي في رايك يا تركي حقير,hate,Libya
5128,عن اي عرب تتكلم روح يا شيخ الله يهديك المهم الجيبة مليانة والمعدة مفولة والدماغ طاير,normal,Qatar
5129,ارمني يوناني يحمل جنسية المانية من مواليد سوريا يعني ابوه كان لاجئ كلب ابن شحاطة بسوريا كاتب على واجهة شركته الخاصة يجب ان ترحل ميركل لك ياحيف على الفول والحمص اللي اكلته بببلدنا يا ابن الصرماية,hate,Qatar
5130,مصاري مافيش لو بتفقع الف مالح تاخد,normal,Egypt
5131,كلكم خروات يا حكام العرب ومخابراتهم وبيجوا اولاد الكلب بقولولك يعني شو البديل يجو الاخوان والقاعدة لو يجو ويدبحوكن واحد واحد بسكينة مصدية قليل عليكون,abusive,Saudi Arabia
5132,عاملك عقده الله يعينك,normal,Iraq
5133,إجراءات إنه يفشل وتطلع بريطانيا بدون صفقة يعني,normal,Jordan
5134,بعده هالبغل عايش,abusive,Lebanon
5135,ارمني كلب حقو فرنكين مرتزقة و حثالة بهدلتو و مسحت فيه الأراضي و ما جاوب,hate,Libya
5136,اصلا كل البنات جاهلات,hate,Iraq
5137,حاج تحلم يا نبباح بشار انتهى الى غير رجعة,abusive,Tunisia
5138,ما حدا بموت و إلو عند التاني شي يا قائد العين بالعين والسن بالسن والبادي أظلم انشالله بكرا بذوب الثلج وببان المرج,normal,Lebanon
5139,هو ماهو بالاساس كلب ارمني لاجيئ,hate,Iraq
5140,كنك شان حمله على قطر شكلك عايز مصاري من السفير السعودي سعادة السفير مش هيعبرك,normal,Egypt
5141,خدوه وبيطلعلكن معو أمير المقعد الشاغر طلال ببلاش,normal,Syria
5142,بصراحه معنا حق اسألت البنات بنص الماتش مستفزي و غبية,hate,Yemen
5143,طلع كلب تفووووو على السومه والله كنت بحبو بس للأسف طلع خاين لبلدة واهله وناسه,abusive,Syria
5144,قصدك قصر المتاجرين الجدد,normal,Yemen
5145,لو في دولة بتحترم حالها كما قلت,normal,Palestine
5146,شي بيعوض عن شي الانجقام ببريطانيا ارحم من الانجقام بسوريا,normal,Lebanon
5147,شو ما كان وبدك كبسون تكرم يا محترم,normal,Syria
5148,كول هوا مرة تانيي وحلوا عن طيزو وطيزنا ومقلعين شوكنا باءيدينا ملا صرماية,abusive,Lebanon
5149,يا لطيف شو هالهضامة عم تشرشر هههههه,normal,Syria
5150,وزير الخارجية اللبناني جبران باسيل شكر أمير قطر وقال إن وصوله إلى بيروت مبادرة لكسر الحصار عن القمة العربية الاقتصادية,normal,Modern Standard Arabic
5151,ساكطة السواكط نازلة هبد بالشوايا على صفحتها الفيسبوتشية و صار لازم ترد عليها بحزم كليلن فكط لا غير يا قالي,abusive,Lebanon
5152,انا برأيي تسد نيعك وما تتفلسف كلهم فاسدين، انا بوافق بس تبييض وتطبيل من المتخلفين الكل,abusive,Lebanon
5153,خليك ع لكل كلمة بيحكيا الزعيم الكبير الكبير وليد بيك جنبلاط قالها منذ يومين صبرنا طويل جدا,normal,Jordan
5154,عندنا مثل يقول البيض الفاسد يدردب على بعضه,normal,Saudi Arabia
5155,مياومو الإعلام وشائعاتكم ما رح تغبروا عل صرماية الوزير الملك جبران باسيل يلي بتشرف إعلامكم وأصحاب محطاتكم المأجورين,abusive,Lebanon
5156,ياخي انا بكره البنات كره العمي,hate,Tunisia
5157,اودع مليار عشان حزب الشيطان بلبنان يمر بمرحله صعبة بعد ما توقف الدعم الايران اثر الحصار عليها,hate,Oman
5158,ضب حالك افضل ماتحكي بشغلي مابتفهم فيا شكور ربك بعد في عرب بيوقفوا حد بعض وقطر تاج راسك وراس الكل,normal,Lebanon
5159,خسئت لبنان وكل الدول اللتي تدعم نظام الفسد لعنة الله عليهم,hate,Saudi Arabia
5160,بكره كل البنات نفس الريحه,hate,Yemen
5161,سارقا من عند اومك مش شايف قديش بتشبها هيدي كانت تقعدك عليها لما تعزب يا نوتي ونسيت قلك كول هوا,abusive,Lebanon
5162,دويلة قطر بحق دولة مارقة فاسدة سيئة السمعة,hate,Yemen
5163,ما خبرونا كلاب تبع قافلة ام تي في بيعووا بالعربي او الفرنسي,abusive,Lebanon
5164,ايوا فضحو حالكن يا كلاب سعودية واحد ورا واحد اعلام سعودي قاطعوا ام تي في,abusive,Saudi Arabia
5165,وأخيرا اعترفتي ليش جبران باسيل مكروه عند البعض,normal,Jordan
5166,بيكفيكن عهر وكذب وتلفيق أخبار بحق جبران باسيل جماعة بلا اخلاق بلا شرف بلا كرامة,abusive,Syria
5167,كلنا معك ويكون عمرك طويل,normal,Palestine
5168,قناة ال ام تي في بتسوى صرماية هية واصحابها والي داعمينها السعودية وبيت الحريري اشرف منكم يا كلاب,abusive,Jordan
5169,قديشك واطي يا مارسيل السيد نصر الله مش بس بي الشيعة هو بي كل لبنان وكل حر عندو كرامة بهالدني واكيد انت ما عندك ياها ولك تفيييي صار الوقت,abusive,Lebanon
5170,توني لازم قال جبران باسيل انه اذا احترمت إسرائيل أمننا بلبنان فنحترم امنها,normal,Oman
5171,هوا عليك وعلى كل الالوان نحنا عنا لون واحد برتقالي غصبا عنك يا ابن الكلب,abusive,Libya
5172,أما وزير الخارجية جبران باسيل فكان له جهد حثيث وكبير في التوصل الى صيغة عربية مشتركة تدعو المجتمع الدولي الى تحمل مسؤولياته,normal,Oman
5173,فيق على حالك و إنتبه ما تقول شكراً قطر بعد عدة أشهرمن شهرين كنت عم بتسب إرسلان,normal,Lebanon
5174,انت حمار باللغة العربية,abusive,Sudan
5175,مبروك عليك ومقاومة عن مقاومة بتفرق وبخصوص التسجيل معك حق بدنا توضيح و يا ريت ينفتح تحقيق,normal,Syria
5176,كل ما تنزل تغريده بتكون حتجن يا هبيلة,abusive,Egypt
5177,زين العمر لهذا احب جبران باسيل,normal,Iraq
5178,جبران باسيل للمرّة الثانية على التوالي يقر بحق اسرائيل بالوجود والأمان,normal,Modern Standard Arabic
5179,خراس ما الك علاقة,abusive,Lebanon
5180,ما انتو بحد ذاتكم الباطل عن اي حق عم تحكي يا جلبوط,abusive,Lebanon
5181,دولة ما زالت قائمة على القانون العثماني عاجزة عن محاسبة عماد العثماني,normal,Saudi Arabia
5182,كلب ابن كلب من كلاب ام تي في,abusive,Saudi Arabia
5183,ع نات شادي مع جبران باسيل شكرا قطر,normal,Syria
5184,يا كلاب يا ام تي في جيبو سيرت فلسطين انتم الصهاينة عملاء,abusive,Libya
5185,وممكن تطويل لسانك على من ينهب الدولة,normal,Qatar
5186,اكبر متخلف عرفتو الدولة اللبنانية انت هيك عم تحرق دين العيش المشترك يا عنصري ولك اني كنت ايد الرئيس,abusive,Jordan
5187,شو خص جبران باسيل ما فهمنا,normal,Lebanon
5188,ومبسوط فيها ابن الحرام متل بعض السياسيين الي عنا بتنشر عرضو بقلك الدنيه عم تشتي,abusive,Yemen
5189,لو بتحييد كنت بترتاح وبترييح,normal,Lebanon
5190,الملك جبران باسيل بوزع شرف و صدق و أخلاق ع كل اللي متلك,normal,Syria
5191,روح جيب كهرباء وبلا هل شعارات الوهمية يلي قوم شتغل يا صبي,normal,Lebanon
5192,ما في حق بيضيع وخاصة حق المظلوم الله يحميك يا كبير,normal,Jordan
5193,مش جايين نسجل نقاط على بعض,normal,Libya
5194,جبران باسيل يأسف لغياب ليبيا عن القمة الاقتصادية ويتحدث عن عودة سوريا إلى الحضن العربي,normal,Modern Standard Arabic
5195,يلي عنده جبران باسيل وبي الكل ما بيلحق ع إنجازات,normal,Syria
5196,ما حد طلب شهادتك يا لوح,abusive,Lebanon
5197,كلام مزبوط مليون بالمية وليد جنمبلاط انت عليك بعبيدك اما نحن الاحرار ما الك هلاقة فينا,normal,Iraq
5198,خدو هالتغريده وروحوا نامو انتزعة السهرة الهارب من العدالة بيحي وزير العدل خبصها مبارح هاجم العدل والعدالة والداخلية,normal,Lebanon
5199,شيخ عقل في دويلة حزب الله وليس في دولة لبنان,normal,Sudan
5200,وائاب وهاب وجريدة الاخبار وصرماية عماد عثمان بتمكم يا فاسدين يا منافقين لك انت ونظام وايرانك على اجرة عثمان,abusive,Saudi Arabia
5201,خود تصبح هيدا شكلو كل ما يسمعك عم تحكي عليه,normal,Lebanon
5202,مو مشكلة رفيق رفع الروح المعنوية و حشد الطاقات فرض عين على كل مواطن,normal,Syria
5203,كرمال هيك الممثلين الحقيقيين لم يأتوا فكر فيها,normal,Syria
5204,فبركت الكذبة وصدقت حالك مفكر الناس مصدقتك العقاب لوهاب وهاب قاتل ابو دياب,normal,Palestine
5205,عم بحكي عنك انت يا خرا,abusive,Palestine
5206,اعتقد ان مارسيل غانم هو واحد حيوان,abusive,Yemen
5207,مارسيل غانم عبارة عن كلب عوائه ونباحه فارغ,abusive,Iraq
5208,جبران باسيل الوزير الملك,normal,Lebanon
5209,كن عزيزاً وإياك أن تنحني مهما كان الأمر ضرورياً فربما لا تأتيك الفرصة كي ترفع رأسك مرة أخرى عمر المختار,normal,Modern Standard Arabic
5210,مارسيل غانم انت واحد كلب حقير مرتشي لاذمة ولا ضمير,abusive,Tunisia
5211,ليسوا كل أبناء المتعة الخنزيرية من النصيرية أو المجوس أو الشيعة بل هناك من بقية الأديان أيضا,hate,Modern Standard Arabic
5212,وبشر الصابرين بالفرج,normal,Iraq
5213,ليش بعد في مؤسسات دولة معالي الوزير بدك شعب ليكون عنده دولة والردود عليك بهيدي الطريقة,normal,Syria
5214,طز فيك وببرنامجك يا مارسيل غانم كلب سعودي تفه لك لو حدا عم بهاجم السعودية متل ما هاجم ضيفك روؤساء لبنان لكنت طردته من الاستديو بس كلب متلك سعودي بتاخد كلامه بابتسامة ولا كأنه حكا شي تفه,abusive,Jordan
5215,آخر فضيحة,normal,Lebanon
5216,ولك إنت مين يا حشرة لحتى تشبه حالك للعملاق مارسيل غانم,abusive,Lebanon
5217,جبران باسيل من الملتقى الاقتصادي العالمي في دافوس ينصح لندن و واشنطن,normal,Lebanon
5218,جبران باسيل وزير الخارجية اللبناني اسلوب وقح في خطاباته الان تاكدت لماذا لبنان بلد تعج بالزبالة,normal,Saudi Arabia
5219,سبحان العاطي وقتها ما كان معو حق قشاط جبران باسيل,normal,Jordan
5220,شيعة بعلبك و الجنوب بيشتغلو بشركات و فنادق في قطر لأنون قرفانين لبنان يلا قررربت,normal,Lebanon
5221,شو النفع في آلاف الفلترات والتطبيقات لتجميل شكل الانسان وولا تطبيق لتجميل نفسيتو,normal,Palestine
5222,منتمنى عالفرق تعطي كم ماتش للسلام زغرتا لأن وضعن مخطر بالهبوط عالدرجة التانية مع الراسينغ,normal,Lebanon
5223,نحتاج الى مسؤولين جدد لادارة الوطن,normal,Tunisia
5224,شحاد بكرافاتة يلعن روحك ع روح ملكك ع روح الأسد,abusive,Syria
5225,اذا العونية السياسية طفت قلبكن جاي الباسيلية السياسية تفلجكن و تخلص عليكن كابوسكن صبح وضهر و عشية جبران باسيل,normal,Lebanon
5226,قذر مقرف حقير سافلة أقل مايقال عم مارسيل غانم,abusive,Sudan
5227,مارسيل غانم انتحر إعلامياً للتو ظهر عن طريق الخطأ بالبث المباشر على فايسبوك في غفلة منه وبتوقيت قاتل ركز على آخر المقطع هذا ديدن اللبنانيين اللسان عسل و القلب قذر,hate,Saudi Arabia
5228,مارسيل غانم سد نيعك,abusive,Tunisia
5229,اين مهنيتك يا أصلع يا عبد المال شكرا لحقدك المدفون تفه على مارسال غانم,hate,Sudan
5230,اذا ارادت اسرائيل حفظ امنها وهذا حقها,normal,Saudi Arabia
5231,كلاب جبران,abusive,Yemen
5232,تعو نفكر ليش الشيعة يلي آكلين البيضة والتقشيرة والدجاجة بالبلد بضلن مزعوجين من جبران باسيل,normal,Syria
5233,تبقى الخراف كل عمرها خائفه من الذئاب علما بأن الخوف الحقيقي هو الراعي,normal,Saudi Arabia
5234,جبران باسيل ضربة عالحافر ضربة عالمسمار ساعة مع المقاومة ساعة مع امن إسرائيل ساعة ما في مشكل ايديولوجي مع العدو,normal,Lebanon
5235,عفكرة اذا حطينا تنين جبران باسيل فوق بعضهن بيطلعو واحد تميم بن حمد,normal,Lebanon
5236,مزرعه وكل واحد فاتح عا حسابو,normal,Syria
5237,أنا كمان وتونس عظيمة,normal,Egypt
5238,والله مافي اهبل منك,abusive,Qatar
5239,يا ريت حركة أمل وبري بردوا عا كلاب المستقبل أمثال القرد علوش وغيره اد ربع ربع ما بردوا عا جميل السيد,hate,Lebanon
5240,قد ما هل العهد قوي فخامتو ميشال عون و صهرو اللي داعمو جبران باسيل اخذوا قرار ينهوا العهد بلا حكومة,normal,Yemen
5241,سحسوح ع رقبتك انتي ومعلمينك أوباش,abusive,Syria
5242,حبيب فياض اعترف بمقابلة تلبفزيونبة بانو زعران حركة امل كلاب بيعضوا,hate,Syria
5243,كول هوا انت وياه يا واطي عرصات من بلادي,abusive,Iraq
5244,وهابو كلمتين بيناتنا ما حدا سامع ولا شايف من بعد ما ضحكك تاج راسك سعد الحريري كم لبناني عم يضحك عليك,normal,Lebanon
5245,الكردي بسوريا ما كان يسترجي يحكي كردي قدام العالم والقبطي بمصر كنيسته بتنهد فوق راسه بس أنو قمع هاد مافي قمع,normal,Syria
5246,كول هوا العمى شو انك حمار,abusive,Iraq
5247,جبران باسيل حطرني لك ليش يا حيوان,abusive,Syria
5248,لقد بنى في الصحراء مدينة رائعة هي دبي ونحن حولنا وطناً رائعاً إلى صحراء بفضل عصابتنا الحاكمة,normal,Modern Standard Arabic
5249,روح لطوم راسك بالحيط و عيط ما شفت اوسخ من كلاب حركة امل من كبير العيلة و نزول,hate,Jordan
5250,تعا لدق راسي فيك يا حيط و بالنسبة للكلاب العونية احلى كلاب ع المزابل,hate,Iraq
5251,ويكيليكس كشفت قديش جبران باسيل والعماد عون طلعو اوفياء للمقاومة مش متل غيرن بس هيك,normal,Jordan
5252,وهاب لا يحارب الفساد وهاب يحارب الاشخاص الشرفاء وهو مدفوع لذلك همه الوحيد الهجوم عالرئيس سعد,normal,Oman
5253,فشرت يا كلب نحنا يلي داعسينكن من وقت مدعسنا الفطيسة بشير,abusive,Palestine
5254,نحتاج الى مسؤولين جدد يعملو على اعادة الوطن الى الاحلى,normal,Tunisia
5255,هول هني ذاتن كانو كلاب الفلسطينية ضد حركة امل,hate,Syria
5256,والامامو علي انه كلاب اربتعش آذار ما بدن الى شباب حركة أمل,hate,Lebanon
5257,انت لا مرحبا بك بلبنان يا وهاب الصرمايه,abusive,Libya
5258,مؤمنون بلا حدود طلعت بالآخر ليتها الحدود,normal,Syria
5259,والله يا استاذ وئام بعتقد انو الشعب صار بدو تغيير لانو غاشي و ماشي,normal,Lebanon
5260,طال عمرك يا قائد يا جبار,normal,Yemen
5261,السياسة هي ملجأ الكاتب الفاشل ميشيل عفلق,normal,Syria
5262,معقول أحمد ياسين عم يشتغل مستشار اعلامي لمعالي وزير الخارجية جبران باسيل,normal,Syria
5263,كلاب حركة أمل فلتانين ع السوريين,hate,Syria
5264,يا عمي روح كب حالك بأرب زباله يا زباله ريحتك طلعت يا معفن,abusive,Jordan
5265,الله أعلم شو في دماء ب رقبتك أنت يا وهاب الكلب العقاب لوهاب وهاب قاتل ابو دياب,abusive,Palestine
5266,جبران باسيل أدان الانتهاكات الإسرائيلية المستمرة يومياً وهذا واجبه، ليس منة ولا موقفاً مقاوماً,normal,Modern Standard Arabic
5267,ههههههههههه من يقول هذا جبران باسيل المسيحيين يريدون تطبيعاً من فوق الطاولة,normal,Oman
5268,الاوغاد تبع تويتر قفلولي حسابي امبارح قال هالتويتة الموجهة لبغل الممانعة شافوها ما هذا الهراء,abusive,Lebanon
5269,كول هوا يزم,abusive,Iraq
5270,وزير خارجية لبنان جبران باسيل اذا ارادت اسرائيل حفظ امنها وهذا حقها,normal,Saudi Arabia
5271,وهاب حبيبي والله ضيعتني بربك انت مع مين صدقني ما بقول لحدا سرك ببير وشوشني حتى ارتاح,normal,Lebanon
5272,روح انتحر كب حالك بالبحر اطهر ارض و انجس قوم,hate,Lebanon
5273,سد نيعك يا صرمايت بشار,abusive,Lebanon
5274,ولله لو عملتوها ع سكايب وبلا هالبلبوشة,normal,Syria
5275,روح كب حالك بالزبالة ولك انت مابتنقبل حتى بتدوير النفايات ولك ياجحش الرئيس عنا مقدس انت شو حشر انفك مشتاق لشي بوط عسكري ولك حيوان,abusive,Syria
5276,نحنا الأخلاق يا حذيفة ولو,normal,Syria
5277,هاد يلي بجيب المسبة لحاله,normal,Syria
5278,باسيل لإعادة النازحين ودعم قطري للبنان باسيل يبحث لحل عقدة تشكيل الحكومة,normal,Syria
5279,العاهره متلك بتدعي العفه والحرامي بيحلف بالبراءه,abusive,Syria
5280,كل الصواريخ وماصار عنا شي اعرف ياحمار الله معنا انتو مين معكن كلاب السعودية سلمان لبغل لي باع شرفوا انصحك بدراسة التاريخ,hate,Tunisia
5281,يا جربوع الأكثرية هي لبتحدد ولوووو بيكفي شهادة عبارتك الشهيرة كمان شاركت بالشحادة وبدكن شيخ الكن طيب,abusive,Lebanon
5282,الله يريحنا من جبران باسيل بليلة ما فيها ضو قمر,normal,Syria
5283,الله يحميك يا بطل,normal,Lebanon
5284,روح ولاك تعلم تاريخ وادب بعدين تعال ناقش يا طائفي يا وهابي,hate,Syria
5285,روح بعيد ولاك سعودي وهابي كلب يا اهل الاجرام والنجاسة يا يهود خيبر,hate,Jordan
5286,هلق هيدا يلي طلع معك جبران باسيل متل جيري ماهر وقطيش,normal,Lebanon
5287,عماد عثمان مجرم الله معك معاليك,normal,Lebanon
5288,انت يافارس يا واطي يا رافضي يا مجوسي العرب والبدوو الشرف منك يا عديم الشرف,hate,Iraq
5289,التيار الوطني الحر ميشال عون,normal,Lebanon
5290,لك من جهة ان شاء بضل حرقة بقلبك وبلاطه ع صدرك و غصة بزلاعيمك الشيخ سعد و من جهة تانيه بضل جالطك اللواء عثمان,normal,Lebanon
5291,عماد عثمان مش قاريك مش قاريك عماد عثمان وهيدا المجننك,normal,Libya
5292,ملايين منكم يشتغل بالخليج لو تم ابعادهم كان اكلتوا الحشرات,normal,Yemen
5293,يلعن روحهم كلهم الأسبوع الجاي ان شاء الله,abusive,Saudi Arabia
5294,نحتاج سليمان فرنجية رئيس للجمهورية و فيصل كرامي رئيس حكومة و بري رئيس مجلس النواب و وهاب و السيد و الشرفاء نواب,normal,Tunisia
5295,فشرت ولاك حيوان وهابي كلب ساعتك قريبة يالقيط,hate,Egypt
5296,نحنا مع إنو القاتل يأخذ عقابه إلى أي جهة وحزب وتيار ومذهب ومرجعية إنتمى وهذا بالنسبة للمرحوم محمد أبو دياب,normal,Libya
5297,اول حرف من اسمو جبران جرجي باسيل,normal,Lebanon
5298,قبل ما يموت كزا واحد من آل سعود رئيسنا ما راح يموت والله ليجننكم ولح تبوسي صرماية كل سوري يا هبلة,abusive,Tunisia
5299,روح من وجهي ولاك وهابي نجس يلا حقك بلوك تفه,hate,Saudi Arabia
5300,مثلها مثل التعديات يلي موجودي على نهر الجاهلية صح اللا لا,normal,Syria
5301,مثل الكليشيه وبشكل يومي في حدا بده يعاير التاني بيقوم بيشبهه بالكلب والله اذا حدا شبهني بالكلب بعتبرها مدح شديد,normal,Lebanon
5302,الدين العام صار مليار,normal,Oman
5303,جبران باسيل ساجعل المسيحيين في يوم ما ينسون زعامة كميل شمعون و تجربة بشير جميل,normal,Modern Standard Arabic
5304,هالانسان اذا بتقطع عنه البهدلة بيختنق ههههههههههههههههههههههههههههههه,normal,Lebanon
5305,تراه يحتاج لمقعد جديد,normal,Saudi Arabia
5306,هلق السعوديه والامارات مناح حيرتن والله كلن اخرى من بعض,hate,Lebanon
5307,حيوان مقمل وهابي قذر نجس يلا ولاك على خيمتك,hate,Syria
5308,اجا الوقت لقلك يا عقاب صقر انك اجحشن جحش بالعالم,abusive,Saudi Arabia
5309,هيدا تدخل بالشؤون اللبنانية ما بيكفي عامل ميليشيا بأرضنا ومحتلنا,normal,Lebanon
5310,مازن عزي جبران باسيل مندوب مبيعات سوري,normal,Lebanon
5311,كلامي ان حزب الله الحامي الوحيد للبنان معناه ان في لبنان,normal,Libya
5312,يهودي منهم وفيهم,normal,Algeria
5313,عجباً لقوم لا يمكنه التمييز بين المحسن والمستغل,normal,Modern Standard Arabic
5314,شر البلية ما يضحك,normal,Tunisia
5315,واحد من زغرتا بيسوى عشرين واحد قوتجي,hate,Jordan
5316,و الله منو قليل جبران باسيل جالطكن انتو كمان,normal,Lebanon
5317,اما انت كا زعيم بي قرية زغرتا بس يسير بدك تتمسك تمسك بي رصن الجحش يا جحش,abusive,Lebanon
5318,ولك أنت سقفك زغرتا فهام بقا إذا بتدعس برا زغرتا ببزقوا عليك العالم وما بتسمع غير كلمة يا خاين,abusive,Syria
5319,انت اخنزر من الخنزير واوسخ من الوساخة حثالة امعة جعر نتن,abusive,Iraq
5320,الحلو بالعهد انو عم ينقلنا ع مراحل جديدة,normal,Syria
5321,الوزير جبران باسيل الافضل لمحاربة الفساد,normal,Jordan
5322,خراس ولا حيوان انا مني من جماعة ريفي لكن أنا بفتخر بالرجال وليس بالطانتات متل معلمك جحش قريطم,abusive,Lebanon
5323,من الشيخ سعد الى الحكيم صفحة وطويتا ومن عمري ورميتا يا خسارة حبيتو وما بيستاهل حب,normal,Lebanon
5324,صار بالمربع الأمني وانسحق,normal,Iraq
5325,معاليك مفهومهم للناس مغاير لمفهومك عندهم الناس مجرد أرقام وحسابات,normal,Yemen
5326,سياسي عاهر,abusive,Iraq
5327,هههههه ما تقلي جبران باسيل,normal,Lebanon
5328,انت وين امك,abusive,Libya
5329,مع حبي الك معاليك اذا كان في عدل يجب وضع الامارات وسعودية قبل قطر قطر كانت واجهة للسعودية,normal,Oman
5330,خراس يلعنلك هالرأس واحد حمار دب حيوان,abusive,Syria
5331,خراس يا دب انت معاق و بلا فهم و احسساس,abusive,Tunisia
5332,نقبر الله يشلك,abusive,Libya
5333,وطننا يحتاج الى زعماء من الوطن واليه,normal,Iraq
5334,كول هوا يا نبباح,abusive,Iraq
5335,ال مليون دولار التي دفعتها قطر هي آخر خرطوشة للوزير جبران باسيل في لبعبته بالهروب إلى الأمام و التي للأسف يجاريه فيها,normal,Sudan
5336,لعمى بعيونك ماأجحشك ولووو,abusive,Lebanon
5337,فيك تقلنا مين قتل وسام الحسن يا كنز المعلومات انت,normal,Lebanon
5338,تفضلوا هاي عيّنة من الظلم يلي خلفوا جبران باسيل والتيار البرتقالي ها نتيجة سكوتنا,normal,Syria
5339,ولك روخ انضب يا خاين شوف مين كان مجتمع معهم اتتو وحلفائكم,abusive,Lebanon
5340,فليفعل ما يشاء ارادتنا اقوى ولو كلف ذلك حرب اهليه,normal,Yemen
5341,خربو بيروت وسرقو المال العام وخربو بيوت الناس هول بيخدمو حالن ما بيخدمو الناس,normal,Lebanon
5342,نحتاج سليمان فرنجية رئيس للجمهورية و فيصل كرامي رئيس حكومة و بري رئيس مجلس النواب و وهاب و السيد و الشرفاء نواب عن الامة,normal,Tunisia
5343,وقصر ابن الحرام,abusive,Oman
5344,روح يا سفير السلام انت,normal,Iraq
5345,هيدا الجيش الاكتروني ضد وهاب شو قصته القافلة تمشي ووو تنبح مع اني ما بحب وهاب بس هيدا الجيش الاكتروني خلني اكتب هذا الكلام,normal,Lebanon
5346,جبران باسيل لل بدنا نعلم أميركا ولندن يمشوا الدولة بلا ميزانية، ولَك وين ما راح جرصة,normal,Syria
5347,لولا اليونان وتركيا عملوا تبادل سكان ب اكبر عملية تهجير قسري في ذلك التاريخ كانوا عم يتحاربوا لهلق سيناريو قبرص مستمر يعني,normal,Jordan
5348,معك خبر انوا اصغر قطري صباطو بيسوى راس يلي خلفك يا صعلوك روح اندحش بي طيز بشار النعجة تاعك,abusive,Palestine
5349,فرجنا عضلات لسانه,normal,Libya
5350,هاد ما بدو خزرة زرقا بدو نعل الجحش,abusive,Syria
5351,لهلهله يا كلب الأمريكان عم تشتم الاستاذ بسام,abusive,Syria
5352,لعمى بعيونك شو مسمة,abusive,Lebanon
5353,قد نسمع احدهم يقول كرامة عماد عثمان من كرامة أهل السنة في بلد كرامة الطوائف فوق كرامة الوطن والمواطن,normal,Saudi Arabia
5354,على الأقلية ان تصبر وتعمل وتشد أزرها لتصبح اكترية لا ان تستقوي وتشبح لتوصل,normal,Sudan
5355,امام كل اللبنانيين الشرفاء فلا تجعلوه طائفيا مثلكم لانه اكيد سيرفض تفكيركم,normal,Saudi Arabia
5356,هيدا بتحطوا بتمك يا حيوان هيدا منطقكن,abusive,Lebanon
5357,ياخي الولاد الصغار من عمر تلات سنين بدهم حرق خاصة لما يطلعوا معك بباص بقرفوا,hate,Lebanon
5358,يللا املنا كبير ع يد سموه تنفصل الحجاز وتهامة عن نجد,normal,Saudi Arabia
5359,والد علي النعيمي راشد عبد الله سكن وعمل ودرس في قطر واخد جنسيتها وارسلته قطر ليدرس هندسه بترول,normal,Egypt
5360,هو الحق على السد يلي عامله جبران باسيل غرد كمناصر,normal,Syria
5361,كل يوم بتتأكد قديش العرب بدهم حرق,hate,Palestine
5362,اتحادكم لخير الموحدين قلب الموازين زيارة وهاب للشيخ الغريب,normal,Algeria
5363,الانستا يوزر كلهم بدهم حرق,hate,Palestine
5364,للاسف في بعض القيادات الخليجية لسا عندها نظرة جدا سطحية من مجرد ماحكا كلمة على امير,normal,Saudi Arabia
5365,هناك من يسعى لجلب قوت يومه مهما كانت الظروف بائع متجول يحتمي تحت مصدر رزقه من شدة المطر لا تُكاسروهم بالأسعار,normal,Modern Standard Arabic
5366,لانو صاحب المشروع سني وهيدا ملكو انت شو يلي قاهرك يا حمار انت عالسيارة بالجاهليه بتاخد تشبيح عالعالم,abusive,Lebanon
5367,التقى وزير الخارجية محمد علي الحكيم مع وزير الخارجية اللبناني جبران باسيل في العاصمة اللبنانية بيروت,normal,Modern Standard Arabic
5368,كلاب الامارات بدهم حرق الله يلعنهم,hate,Jordan
5369,جبران باسيل حليف حزب الزباله حلفاء شياطين ايران لبنان المزبله ومصدر المخدرات ومصدر الاٍرهاب,hate,Yemen
5370,انت كتير حمار يا وئام,abusive,Palestine
5371,كل يوم بتعوي لتلفت النظر وما حدا شايفك خلص احترقت يا اهبل العقاب لوهاب وهاب قاتل ابو دياب,abusive,Lebanon
5372,إنتهت القمة و أثبت جبران باسيل أنه رجل دولة بامتياز و أنه المفكّر السياسي الأول على صعيد البلد,normal,Jordan
5373,العرب كلهم بدهم حرق وبس,hate,Jordan
5374,انت حمار ياض,abusive,Egypt
5375,معالي الوزير حضرتك واعي شو عم تحكي أي نتائج وأي مباراة مطبوخة وخالصة كل مباراة خارج مجلس الخدمة المدنية,normal,Jordan
5376,يا عيب الشوم عليكي شو هل بضاعة,abusive,Lebanon
5377,يتوجه وزير الخارجية والمغتربين في حكومة تصريف الاعمال جبران باسيل الى سويسرا للمشاركة في منتدى دافوس الاقتصادي,normal,Jordan
5378,هؤلاء كلهم لا يردعهم إلا النعال في وجوههم أمراء النجاسة والنفاق والعهر,abusive,Modern Standard Arabic
5379,وين زعيم عربي اللي ما ذل شعبه ودمره,normal,Yemen
5380,النازحين السوريين بكل وقاحة بيطلعوا يطالبوا الدولة اللبنانية,hate,Jordan
5381,انت واحد صرمايي,abusive,Iraq
5382,القمة العربية الاقتصادية والتنموية والاجتماعية في لبنان و مؤتمر صحفي لوزير الخارجية جبران باسيل و لأمين عام الجامعة,normal,Oman
5383,من لبنان معلومات خاصة ل إندبندنت عربية من أوساط الحريري أن الأمور تتجه نحو الإنفراج بعد قبول جبران باسيل رئيس التيار,normal,Modern Standard Arabic
5384,اكيييد الوطن مش بحاجه لحيوانات متلك,abusive,Jordan
5385,اتعجب بكمية بالرد الساخن لما هذه المهاجمة هل أصبحنا في فراغ لا شغلة ولا شيء سوى الكلام السخيف اعتذر,normal,Oman
5386,والله ماحدا حمار غير الشعب اللبناني الأخ طالعو يخت وعامل فيها مدير,hate,Syria
5387,في واحد طلع شرش عليّق ب دارو اهملو وما اهتم فيه اليوم صار دبشة كبيرة بدّا قص,normal,Lebanon
5388,العما شو هالحمار,abusive,Lebanon
5389,كول هوا صارو,abusive,Iraq
5390,يطل جبران باسيل من أرفع منتدى سياسي اقتصادي بالعالم دافوس مدافعا عن نظام الاسد مانحا الحق لإسرائيل في الوجود,normal,Syria
5391,هو وغيره من العملاء ممن يسمون انفسهم زعماء للعرب هم عملاء لدى الصهيوني والامريكي كفانا قرف اسمه زعماء,normal,Yemen
5392,يا عمي انتبه من الحب ما قتل خفف شوي كرمالك,normal,Syria
5393,بيلبقلو يا بس انت واسيادك الاقزام بتحاولوا تكبروا حالكم لما بتنتقدوا امام الأمة وسيدها وحامي كرامتها يا بلا كرامة,normal,Jordan
5394,حتى بالاقتصاد حمار,abusive,Tunisia
5395,عنا جواسيس للتوزير,normal,Lebanon
5396,لا يوجد مشكله مع دمشق لكن المشكله مع النظام الحاكم في دمشق لا يمكن اختصار سوريا بنظام او بشخص بشار الاسد,normal,Modern Standard Arabic
5397,هذا الكلب نصر اللات ما مات اللهم أذقه عذاب الدنيا قبل الأخرة,abusive,Iraq
5398,جبران باسيل هو نفسه لا يتغير في الداخل يعزز الشراكة اللبنانية وفي الخارج يعزز التفاهمات العربية انه مهندس السياسات,normal,Modern Standard Arabic
5399,اذا انتو الفلسطينية منقسمين فتح وحماس كيف السنة والعلوية بدهم يتفقو بعد ماقتل العلويين من السنة اكثر مما قتل اليهود من المسلمين,normal,Jordan
5400,وبالمناسبة المقال يطال الكثيرين ممن يعملون على لفلفة الأمور للأسف ضيعانك يا لبنان,normal,Modern Standard Arabic
5401,فساد,normal,Iraq
5402,مشهد لقطيع من الضباع تهاجم ملك الغابة الأسد وتغير الموقف بعد فزعة أخوه ما أجمل التعاون بين الإخوة,normal,Saudi Arabia
5403,بتوقع بعد شكر السيد حسن للوزير جبران باسيل لازم نخفف اتهامات بلاطعمة,normal,Palestine
5404,لا يحق لأي شخص بلبنان أين من يكن الكلام عن شخص اخر بالفضائح او بالفساد كل من يتكلم عن هذه الأمور يصف نفسه بنفسه,normal,Oman
5405,الرد المناسب في المكان المناسب فهمت يا وئام وهاب الكذاب,abusive,Libya
5406,لو بتخرس ولا احلالك انقلع شقفة مجنس لاجئ عندنا,hate,Syria
5407,كمان السيد نصرالله شو سطحي مقابلة بهالأهمية قال إنو جبران باسيل صديقه مين سألو أصلاً عن أصدقائه,normal,Lebanon
5408,ياا ريت تعمل ل الرئيس الحريري ت يجاوبك,normal,Sudan
5409,طالما أنها تعزز الثقة بالوضع الإقتصادي والمالي اللبناني فما المانع من التهليل,normal,Modern Standard Arabic
5410,معقول عم تقل بالعشا كرمال هيك عم تحكي شعر,normal,Syria
5411,خفف اكل برازء خلصنا,abusive,Lebanon
5412,تشعر بالسعادة لما تشوف أحد الأشقاء متعاطف مع مظلوميتك و بعدها تنصدم انو نفس الشقيق من عشاق سيادة حاكمو المفدى حجي نحنا شعب بجم و همج و دون و بنستاهل كلشي عم يصير فينا شيل تعاطفك و حل عن قفانا يقطع عمرك مأغلظك,normal,Lebanon
5413,بدك ما إلك إلا تكذب عن جبران باسيل,normal,Lebanon
5414,انتي شكلك مو سورية بس عم تزعمي,normal,Syria
5415,كسالى عالات على البشرية كل اطبائكم و مهندسيكم و مدرسيكم سوريين نحن الي عملناكم بشر,hate,Tunisia
5416,جماعة الحركة هلأ اجتن الشهامة والعنفوان حمدااله الله يخليلن التيار اللي علمن شو معنات المقاومة,normal,Lebanon
5417,قبلة تنطح قبلة غرد كأنك فواز اللعبون,normal,Tunisia
5418,لو في دولة كنت أنت بالحبس يا لحيس الصرامه,abusive,Libya
5419,وطننا يحتاج الى من يشبه صدام حسين لاننا شعب لا تليق به الديمقراطية,normal,Modern Standard Arabic
5420,لو كان بيفهم لكان ضب لسانوا من زمانن مقهور من طلال ارسلان بدوا وزير كمان قال يلا بغرد بركي السوري بيشفق عليي,normal,Lebanon
5421,يخرب بيتك ماعرفتك,abusive,Qatar
5422,عاد حمار,abusive,Yemen
5423,انتي شو دورك بحزب الصرامي مسؤولة الشفايف,hate,Syria
5424,في كم شب من الجبل بعدهم عم يشتغلو ويسترزقوا بقطر ومعيشين اهلهم من خيرها تركهم بحالهم خلص فهمنا,normal,Syria
5425,لقاء خلدة يلي بيتضمن جعارين مرتدين لا فهم و لا أخلاق عملاء تابعين للجزمة السورية عيني لا انت و لا,abusive,Lebanon
5426,ما فهمنا شو يعني وهذا ما ابلغته لمرجع كبير وما هي غاية نشر مثل هكذا كلام,normal,Oman
5427,الصحفيين القريبين من المقاومة وانت منهم بتشوفوا الوزير جبران باسيل من منظار واحد ووحيد مدافع,normal,Syria
5428,ياجبل مايهزك ريح معالي الوزير جبران باسيل,normal,Oman
5429,وإنت ع شو احتديت يا حمار هههه,abusive,Syria
5430,اردوغان عبارة عن ابن انيسة اخونجي,hate,Iraq
5431,من دمر سوريا هو المجرم القذر بشار الأسد و لسبيا دمرها معمر,abusive,Palestine
5432,بس وصلت لعند محافظ على تقاليدو ودينو كنت رح أغلط عتقاليدو ودينو,normal,Palestine
5433,اعجب قياسكم للوطنية هذا المخلوق لا وطن له هو خادم لنظام الأسد ونظام الولي السفيه,normal,Iraq
5434,عزيزي جبران باسيل بدك تعرف كتييير منيح انو مش شغلتنا نحفظ امن اسرائيل يلي ما منعترف ولن نعترف ب وجودها ابدا,normal,Palestine
5435,استغرب من كلب من كلاب عرب الشمال المهاجرين من قمع اوطانهم يجي يحاضر علينا كالعاهره تحاضر عن الشرف ياعزيزي ليس كل الحكام مثل بشار الحمار,hate,Yemen
5436,جبران باسيل قبل وبعد,normal,Syria
5437,شو يا وجه العنز عرب الشمال الي برجلهم بتشرفك وبتشرف كل واحد مثلك وانتم الاعراب أشد كفرا ونفاقا سنح الي حامل رايك ما اتيسو,hate,Iraq
5438,الرئيس ميشال عون الرئيس العربي الأصيل,normal,Syria
5439,علاء مفكر تشي غيفارا ناشط حقوق إنسان علاء حمار,abusive,Sudan
5440,لا حول ولا قوة الا بالله,normal,Tunisia
5441,لأسباب كتيرة ، جبران باسيل الأفضل بين المرشحين,normal,Jordan
5442,بس بحكي منطق عالقليلة يا بهلة,abusive,Lebanon
5443,المحسوبيات ما بينعملن ثورة بس جبران باسيل اذا بارز عالساحة اكتر من غيرو منتذكر الثورة,normal,Lebanon
5444,انت كول هوا نحن حرين إنتوا أعداء الله والإنسانية على الأرض,abusive,Sudan
5445,ليش بدك تلزقيني تهمة مالي دخل فيها قال عرب قال اختي الكريمة انا ابن الشام ابا عن جد نحنا اصلنا سريان هدول حضارتن قبل حضارة العرب ازا اللهم كان عندن حضارة بشي سنة,normal,Syria
5446,في الداخل وفي الخارج موقفنا واحد لا يتغير لبنان ولبنان وثم لبنان هذا هو جبران باسيل,normal,Modern Standard Arabic
5447,قمة السعادة لما تحضر منا وجر,normal,Iraq
5448,يا خليك بحالك احلا ما تسير هلق,normal,Lebanon
5449,رسمة قديمة رسمتها لرزان زيتونة رزان تمثل لي أحلى شي بسوريا وأحلى شي بثورة,normal,Syria
5450,البنى التحتية عنا عاملة تحتا,normal,Lebanon
5451,جبران باسيل اكثر الساسة نفاقا,abusive,Jordan
5452,عفكرة اذا حطينا تنين جبران باسيل فوق بعضهن بيطلعو واحد تميم بن حمد,normal,Lebanon
5453,هه والشام مو عرب ياغبي صراحه مررره ذكي كيف تتكلم العربيه وتقولي مو عربي غبى بجد,abusive,Saudi Arabia
5454,هيدا كل ما بيخسر بالقمار بيرفع الهجوم مش عارف إنو جبران باسيل واللي متلو لا يرشوا ولا يرتشوا,normal,Lebanon
5455,هل تعلم يا عزيزي المتفاخر بأن الاورثوذوكسية ما زالت حية في فينيقيا بأن الفينيقيين ما كانوا مسيحيين,normal,Saudi Arabia
5456,الله لا يعطيكم العافية فوق تعبكم لو ضلينا روم افضل و نحنا رومان اصلا و سريان يا امة الجهل و الخرف و الهبل,hate,Libya
5457,ضياع الهوية السورية هلأ نحنا سوريين ولا عرب سوريين ولا كرد سوريين ولا آشور ولا سريان ولا تركمان,normal,Syria
5458,الفرق بينا وبينكم ياعرب انو نحنا مشرقيون و كلدان و اشور و روميون و سريان نحن ابناء الفينيقيين اسلام ومسيحين نحن اهل المشرق وسكانه الاصليين,normal,Iraq
5459,هو ما قال اسرائيل لها حق بالأمان مين عم يترجملك يا أخ,normal,Jordan
5460,نحن فينيقيين ولسنا العرب اعوذ بالله من اصول العرب ههه العرب جرب,hate,Saudi Arabia
5461,لولا الفلسطينيين واللبنانين والشاميين لكان انتو لليوم تشربوا بول البعير تاكلون بصحن وتبزقون منو,hate,Iraq
5462,مش عيب تخبرنا شو بتقلك امك عنك لعمى كل هودي انت يلا ولا صرصور انقبر,abusive,Lebanon
5463,وزير الاتصالات القادم واحد منهم ايه بس هالمرة غير,normal,Lebanon
5464,معلومات الخطوة القطرية اتت اثر مشاركة امير قطر في قمة بيروت وبعد مساع بذلها وزير الخارجية جبران باسيل,normal,Sudan
5465,ملعون هو وابوه وابو عيلتو وابو اسرائيل على ابو الي بدو يروح ع اسرائيل لعمى اوقح من السوريين المعارضين وانذل واخون انا ماشفت ولاعيني رأت,hate,Iraq
5466,معاليك دائما على حق,normal,Saudi Arabia
5467,ترانا نحتاج الى حبة عنفوان ونبذة تعالي ورشة كرامة كما وترانا نحتاج الى تغيير الطبقة السياسية,normal,Oman
5468,اكيد حكي عن حقه بعدد الوزارات يلي بيستحقها التكتل,normal,Palestine
5469,بمناسبة عيد العمال يتقدم شباب لبنان العاطل عن العمل من الأشقاء والعمال السوريين بأحر التهاني,normal,Oman
5470,مياومو الإعلام كل شائعة فيها جبران باسيل بيغلى سعرها,normal,Palestine
5471,طل الملك طل الله القوات والحكيم وبس ولك يقبرني الله,normal,Iraq
5472,بس تفل انت ويلي جابك بيظبط البلد,normal,Lebanon
5473,غلط كل هدول كرمال جبران باسيل,normal,Syria
5474,سوريا لا تعطي شكات بل تعطي الكرامة و عزت النفس و العروبة,normal,Algeria
5475,صدقت وأنت كذوب,abusive,Oman
5476,باسيل من بيت الوسط يتم البحث بأفكار عدة لتشكيل الحكومة,normal,Iraq
5477,طز فيك لك اي عرب انتو يلي دمرتو الأمة العربية وقفتو إسرائيل على قدميها وجعلتوها اكثر أمن وأمان يا عربان قال عرب قحاح قال,abusive,Palestine
5478,إلى الذين ينتقضون جبران باسيل على محطة من دون مايفهموا مضمون الكلام الدبلوماسي لانه يخاطب روءساء دول وشعوبها,normal,Yemen
5479,حبيبي خراس,abusive,Tunisia
5480,شو ما دفعلك,normal,Lebanon
5481,من انت وان كنت عمامة ترتدي فما انت الا لزعيمك السياسي تعبدي فما انت الا حقير يطعمه الزعيم الفاسدي,abusive,Yemen
5482,والله يا ستي حتى عربان بطلوا يلبقوا إلها همه بعران حمير خنازير اشي متل هيك,hate,Syria
5483,المطلوب خروج جبران باسيل من المعادلة السياسية,normal,Syria
5484,الوجبة الشهية رح تكون جبران باسيل المعين مرعبي,normal,Lebanon
5485,الحمد لله كل من يعرف تاريخه جزمة ابن ستين جزمة حريمي يامرتزق,abusive,Egypt
5486,كفوا لسانكم عن القائد الخالد جوز أنيسة,normal,Tunisia
5487,عماد عثمان رح يدعس راسك أن شاء الله وغدا لناظره قريب,normal,Syria
5488,وفِي طبقة مستقلة هي البغال البشرية مثلا الأخ صاحب التغريدة أدناه,abusive,Algeria
5489,هذا رأيك ولكن نقاشنا عقيم لأن الوطنيه هي كل ظفر لبناني و ليس الآلاف ولك حرية التبعيه لوئام,normal,Yemen
5490,السيد الرئيس الكافر بشار الأسد يحتفل بعيد المولد النبوي الشريف القيادة الحكيمة منحبك,hate,Syria
5491,الشيطان الاصغر,normal,Iraq
5492,هههه هاي قمة عربية لمساعدة دول الخليج كل عمرو هيك لبنان و رح يضل هيك يا قائد دمت لنا صوت الحق,normal,Jordan
5493,اسرائيل ترد على جبران باسيل حديثه لل سي ان ان عن حق اسرائيل هو كلام من باب تمسيح الجوخ وتبيض الطناجر ليصل الى رئاسة الجمهورية,normal,Oman
5494,الله يستر الشارع الفرنسي اليوم من خضة راشيل كرم عم تغطي التظاهرة,normal,Syria
5495,هيدا مستواك وهيدي أخلاقك,normal,Lebanon
5496,لماذا السكوت عن تفاهات جبران باسيل اما انتم موافقين على خطابه بالامس اما اصبحت الدولة من اعلى الهرم الى الاسفل وما بينهما,normal,Yemen
5497,طبعاً جبران باسيل ولا مجال للمقارنة مع أي شخص آخر,normal,Modern Standard Arabic
5498,وهاب أقترح عرض العماد عثمان على طبيب نفسي,normal,Lebanon
5499,عهد العمالة,normal,Sudan
5500,الله لا يحرمك من الهبل ان شاء الله,abusive,Qatar
5501,رئيس روحي؟ تروح روحك انت وكل مين شد عمشدك مش تنعترف بدار خلدة وأميرها الصغير بالأول يا حبيب قلبه,abusive,Syria
5502,قطر التي عمرت لبنان بعد حرب تموز انتم تجلبون الخراب للبنان وقطر تبني خرابكم شكرا والف شكرا قطر,normal,Oman
5503,صباحك ورد معالي لوزير,normal,Syria
5504,صدقني اذا كب حاله بالبحر كون على ثقه مابيستقبله رح يبزقه عالشط محدا متحمله الا لبنان,normal,Syria
5505,عندما يغرد القرد جبران باسيل,abusive,Iraq
5506,معقولة امك توحمت على حمار,abusive,Algeria
5507,شخص غير مسؤول بسب قطر وبشيد بالإمارات لان شكلها مادياً عم تساعده,normal,Syria
5508,لغيت الإعجاب الي بالغلط بس طويطر كلب,abusive,Iraq
5509,أصلاً الكرسي الألماني تبادل ثقافي,normal,Oman
5510,رائحة الحقد ظاهرة سؤال أنت من يصرف عليك,normal,Algeria
5511,ياعمي بتحب سورية روح لعندها عيش فيها صرعت سمانا فيها انا لو بدلك بروح بعيش فيها بس بتعرف انك هونيك بتكون ميو بسين,normal,Lebanon
5512,أنا بقلك راح الى جهنم بدك تروح لعندو العمى بقلبكم,abusive,Jordan
5513,يلعن روحك يا هنية على هالتصريح الصرّحتو,abusive,Syria
5514,بعد أن علم أن العهد القوي قد فشل وبعد ان علم ان جبران باسيل هو وزير خارجية لبنان,normal,Modern Standard Arabic
5515,ما قالك الهمالالي ممنوع التملق وتمسيح الجوخ لترضي اسيادك عكل انا حا قول قولتكم الشهيرة شكرا قطر,normal,Tunisia
5516,كلام صحيح الله يخليلنا ياك ويخلي أمثالك صاحب كلمة الحق,normal,Jordan
5517,قويه ياكبير,normal,Yemen
5518,هل نسيت ان اب و ام هذا الامير كانوا اول من زار لبنان بعد حرب و زاوا الجنوب و مولوا,normal,Sudan
5519,بدك تعميل رايتينغ للحلقة؟ هاجم جبران باسيل أو إذكر إسمه مياومو الاعلام,normal,Lebanon
5520,لاء ووزير خارجيتنا المفصوم جبران باسيل قال ان تميم فك الحصار عن نفسه وحضر القمة,normal,Syria
5521,عفكرة وجع عيني عينك واقفين مع نظام فاسد تضربو بهالمنظر كلاب جحاش,abusive,Lebanon
5522,ولا تنسى انه قال ايضاً عن مذبحة تل الزعتر اتهم الماموس النجدي وتابعه ديوووس الشآااام وهدهده,abusive,Saudi Arabia
5523,و اتضحت الصورة المواطنة والعروبة بحسب جبران باسيل و تميم,normal,Lebanon
5524,طز ب فرنسا اوفكورس,hate,Yemen
5525,جبران باسيل مندوب المخابرات السورية وحزب الله,normal,Lebanon
5526,لم يستطيع الكون مواجه اسد واحد كيف اذا كانو اسدين,normal,Oman
5527,اذا كان لواء عثمان عم يدمر مؤسسات الدوله انت عم تعمل فتنه في بلد لعن الله من ايقظها,normal,Syria
5528,هذا يدور قطري مايدري ان امير قطر سلم قطر للتركي الفاسق يعني خليك مشرد,hate,Yemen
5529,والله يامعالي الوزير الهيئه التانيه بتظبط اكتر,normal,Egypt
5530,ماشفت احد يحب جبران باسيل الا جمهور التيار ، اتفق العرب واللبنانيين على كراهية باسيل,normal,Saudi Arabia
5531,تضربو بهالمنظر ياللي عم تقطعو الكهربا عندي امتحان بكرا وبدي ادرس شو مشانكم حسبي الله عليكم بس,abusive,Syria
5532,انا برأيي بركي بتفتحيلو للوزير جبران باسيل ملفات هوي وببطن امو ؟ حلوة الفكرة ما هيك ؟,normal,Lebanon
5533,هههههههه سبق ورأينا من هم أوهن من بيت العنكبوت,normal,Saudi Arabia
5534,فخامة الفراغ,normal,Algeria
5535,فعلاً فعلاً رحم الله وسام الحسن فعلاً كان يميز بين الرجال وأنصاف الرجال إلا انتا ما كان يلاقيلك وصف,normal,Tunisia
5536,اذا الله عاطيهم ذكاء بالعيلة ومش عاطيكم شو ذنبهم,normal,Lebanon
5537,والخراب اللي في اليمن وتقسيم اليمن وتشريد شعبه وتجويع شعبه واحتلال المواني فيه مش خراب,normal,Egypt
5538,وهاب عن الخواجا وتشكيل الحكومة,normal,Tunisia
5539,نشاركك فرحك و ضحكك على طنبر الجاهلية,abusive,Tunisia
5540,انو طلعت صرخت الشعب اللبناني كله و قاعدين بلا شغل و تسكرت محلاتهم بسبب النازحين هلق اذا جبران,normal,Lebanon
5541,اضحكتني لو انت بمكانو رح تسرق اكتر يعمي لازم يكون في شغل حقيقي كل واحد يتعاقب,normal,Lebanon
5542,لازم يعرضوك انت على طبيب بيطري مختص بالامراض النفسية,abusive,Jordan
5543,من أفاتارك يلي شكله مكسور هو أنفك,normal,Palestine
5544,لازم تطبي عالأرض انتي وال وتبوسوا إجر جبران باسيل لان بسببه عم تحصلوا على دعم مالي خليجي,abusive,Syria
5545,تاريخنا مشرف تاريخنا معروف منا بحاجة لحدا يخبرنا عن تاريخنا,normal,Tunisia
5546,اي شو يعني عم تنكت أو عم تخلق جو؟؟ العمى ما ابيخك,normal,Lebanon
5547,قوية,normal,Saudi Arabia
5548,ما بيضحك للرغيف السخن، مثل البهورجي ومن الخلف الستار مجرد ذنب ومرتزق,abusive,Yemen
5549,كل واحد درزي عايش و عمبيشتغل بقطر يلا لبرا ما بدنا ياه لنشوف اذا فيك تتحمل مسؤوليتون يا وئام,hate,Lebanon
5550,نصيحة احكي مع الرئيس ميشال عون او هاجم جبران باسيل مليار دولار جابو من قطر شكرا قطر,normal,Lebanon
5551,يجب أن يعلم الجميع أن الشجرة المثمرة ترشق دائما بالحجارة,normal,Modern Standard Arabic
5552,واستنكر الحسيني في تصريح إلى عكاظ مطالبة حزب الله بدعوة النظام السوري المجمدة عضويته في الجامعة العربية إلى القمة,normal,Modern Standard Arabic
5553,نحن نفتخر بسماحة الشيخ نصر الدين الغريب شيخ عقل طائفة الموحدين الدروز صاحب الأيادي البيضاء ونعتز به كممثل,normal,Modern Standard Arabic
5554,صار يرسل وفود ابن الجاهلية بس مين سامع بإسمه بفنزويلا,normal,Syria
5555,لا بد ان تسقط حين يراهن العهد على ذاك الصبي الذي وصل جائعا للسلطة ولم يساعد في اي إنجاز يذكر,normal,Saudi Arabia
5556,اه يا هبيلة على اساس وقت كنت انت وزير كان عنك مصلحة الوطن يا كلب,abusive,Jordan
5557,صفتو بمسح صرامي ع باب المطار,abusive,Syria
5558,وب بس انضرب لعراق من بوش الاب مابعتو لعرب جيشهم لضرب لعراق دخلك ما كانت سوريا بيناتهم لينفي لجنرال ويوقف لحرب بلبنان,normal,Lebanon
5559,وإذا كان العدد ألوف مثلاً رقم بسيط بحجم سكان لبنان سكان ضيعه فلا يعدوا لإقتصاده بشيء,normal,Modern Standard Arabic
5560,اجواء اوروبيه بواقع صومالي زنجي حقير,hate,Yemen
5561,زنجي حقير يحسب نظام العصابات ينطبق على كل شيء,hate,Saudi Arabia
5562,اكيد عم تستقوي بحدا يا محتال، ولو عملا شي مرة وسمي انت شيخ بعضلاتك شو بدك بخلدة والاوزاعي والكوستا برافا,normal,Syria
5563,طب خود هالكلمتين كول هوا,abusive,Libya
5564,افكار نازية لإبن الجاهلية,normal,Syria
5565,سعدنا بلقائكم أيها الأحبة شكراً لكم جميعاً جداً للغاية قلوب متعملقة حمراء و خضراء و بنفتحية,normal,Saudi Arabia
5566,أنت كول هوا,abusive,Iraq
5567,السيد نصرالله العلاقة مع الرئيس ميشال عون لم تتزعزع ابدا والعلاقة مع رئيس التيار الوطني الحر جبران باسيل لم تتبدل ابداً,normal,Saudi Arabia
5568,سودا كلبه لول حقيرة,hate,Tunisia
5569,بوق لإيران وكلبها وعميلها حسن زميره ومؤيد لإجرامهم وتتكلم وتتهم أمير قطر بدعم مايسمى الإرهاب عجبى,abusive,Egypt
5570,شكلك قاطع الأمل ما يطلعلك ولا دولار,normal,Palestine
5571,جماعة التيار الله يحميك,normal,Syria
5572,عماد عثمان مفكر لبنان كوريدور بيتو,normal,Lebanon
5573,يحق لهم ما يحق لغيرهم,normal,Saudi Arabia
5574,اذا شي ولا حدا منهن بس بعتقد جبران باسيل أكتر واحد مؤهل فيهن,normal,Syria
5575,اكيد حتى جبران باسيل لا يرضى به,normal,Saudi Arabia
5576,ما بكفي الحذاء يجب محاسبتهم جميعا,normal,Syria
5577,نصرالله كلام وزير الخارجية جبران باسيل عن ضرورة حل مسألة اخفاء الإمام الصدر كان مهماً,normal,Syria
5578,ليك يا خريو حبيبي والله ما تزعل مني بس قسم بالله سعد الحريري ما شايفك بس شايف ع طرزك كتير يلله غالوبس ينعن شكلك,abusive,Syria
5579,المدن جبران باسيل مندوب مبيعات سوري,normal,Syria
5580,الوزير جبران باسيل ردا على سؤال إن كانت التوترات على الحدود الجنوبية للبنان مع إسرائيل تبقيه مستيقظا في الليل,normal,Modern Standard Arabic
5581,خراس ياششمة فرنجية خراس واذا مابتعرف شو يعني ششمة هي بيديه مرحاض تلئ راسك يا حقير يا زبالة اصلا تاريخ عيلتكن اسود متل وجك,hate,Syria
5582,فخامة الرئيس لو شي فقير عبيعمل غرفة حتى ينيم ولادو كان تمرجل عليه عماد عثمان بس هذا الزلمي اسامه شهاب عامل مشروع بدون رخصة,normal,Iraq
5583,وديعة بفائدة عالية من مصلحة السياسين اكيد ليسرقوها,normal,Jordan
5584,كل شخص بيفتري و بيتعرّض ل سمعة جبران باسيل مفروض يتحاسب,normal,Lebanon
5585,يستاهل الضرب اكثر قليل عليه هل الشئ,normal,Oman
5586,أعز الله دمشق وأذل طاغيتها وأعوانه,normal,Syria
5587,محل ما بيحط صباطه البراند دولته ما بيحط راسه قرعتك,abusive,Lebanon
5588,لبناني قليل الحياء يستخف بالمشاهد بس هو مع من يدفع أكثر,hate,Oman
5589,كول هوا بتعرف,abusive,Iraq
5590,كان ورجيتوناا شي وانتوو بتحرقو علم قطر,normal,Syria
5591,عاجل وزير الخارجية اللبناني جبران باسيل أمير قطر كسر الحصار الذي كان سيفرض على القمة ونشكره على خطوة مشاركته شخصيا,normal,Algeria
5592,والله كبرت وصرت تبعت وفود,normal,Syria
5593,صرنا عاملين مسرحية الكيماوي خمسين مرة لنعطيهم ذريعة واهية يستخدموها باسقاطه بس عبث ما عمينتهزوا الفرصة يللي عميدفعولنا,normal,Syria
5594,معليش ما رح تتشكل وكل نوابا فاشلين,normal,Palestine
5595,هذا يستهبل و لا اهبل من جد,abusive,Jordan
5596,المسؤول في التيار الوطني الحر ناجي حايك على خطى رئيس التيار جبران باسيل في تبرير التطبيع مع اسرائيل ناجي,normal,Jordan
5597,شو وضع الاعلامي اليهودي اللي نجس الحرم المكي يا واطي ما عندك غير تسأل عن اللي وصل عندنا وانتو شغلكم تحت الطاوله,abusive,Yemen
5598,نهبتني فامض على أثري لا تترك بعضي لأتعاسي,normal,Modern Standard Arabic
5599,يا حرام هالوطن شو صار متحمل,normal,Lebanon
5600,شكراً على ذوقك دائماً مبيضلنا وجنا الشيخ نصر الدين الغريب,normal,Syria
5601,لك سيدي احسن مو قاعدين بلا شغل,normal,Qatar
5602,العمى يعميك شو جحش صحيح انك بلا حياء وما عندك ذرة كرامة يا واطي,abusive,Lebanon
5603,انت سيد الزلام وأكبر الرجال ومعلم وقبضاي أنا آسف إني كفرت بالذات الإلهية تبعك وقلتلك إنك عم تسوي شي غلط عفوك ورضاك يا سيد الرجال يا كاسر عيون الخوانس,normal,Syria
5604,شو هل كلبي انت بطهري لسانك قبل ما تحكي عن وليد جنبلاط وعن الدروز يا واطي,abusive,Lebanon
5605,لعما شو واطي ولوووو انت بشك انك درزي ابصر ما بحط بدمتي انت نذل و القناة يلي ملفيتك انذل صرماية وليد بيك عراصك يا حشرة,abusive,Lebanon
5606,لولا تميم و جبهة النصرة كان بشارك انتهى زمان يا مشلخ,abusive,Jordan
5607,وهاب ردًا على جنبلاط أتمنى عليك عدم التدخل بالتحقيق في إغتيال محمد أبوذياب ووقف التضليل,normal,Syria
5608,العما بقلبو عمي شو حقير وسافل وحاقد هل واطي ولك مع الديمول ما بينهضم,abusive,Lebanon
5609,انت ناقص تحط تسعيرة على كلامك انت مأجور حاج تحكي و تورجينا انك فهيم انت ماجور و سعرك رخيص,abusive,Libya
5610,خذ حياتي يا الهي,normal,Oman
5611,أهلا أهلا بأوطى جنس واطي شو كنت مختفي بمدرسة تدريب الكلاب عملت دورة تعواية يا عوووووو,abusive,Jordan
5612,الأجدى بوزير الخارجية جبران باسيل الذي يستبسل مع رئيس الجمهورية لإعادة سوريا الى الجامعة العربية أن يركز جهوده وجهود العهد,normal,Modern Standard Arabic
5613,ما بقى تنقل شعر شعر ما بقى تنقل حساين,normal,Egypt
5614,بدوا صرماية تسد نيعو وكثير عليه العمى شو واطي,abusive,Lebanon
5615,اكيد اكيد اكيد هذا ما بيتكلم من تمو واكيد فهمنا ولك تفووووو عليك يا شيطان,abusive,Lebanon
5616,بدك شي شاكوش يضرب راسك ليفتح مخك السيد مش لاكشك باجرو,abusive,Lebanon
5617,ما يبقى بعد النظر الا البقر بعد كل مخازي ونكبات ثورات الإخوان الخرفان مازال هناك بقر,hate,Sudan
5618,بدك تقنعني انو النسوان بلا مكياج مش متل الطناجر,normal,Jordan
5619,تفو علي طول عمرو واطي روح نضب ياطلال ياعيب الشوم عليك بس شو بدي يحكي الواحد طول عمرك هيك رخيص,abusive,Lebanon
5620,يا حبيبي سعد الحريري باع دم بيو كرمال يعمر سوريا تفه شو واطي رح تروحو تحت الدعس طول بالك انت بدك تحكي رأيس وليد بيك جنبلاط يا وطي,hate,Lebanon
5621,ثورة متخلفين طائفية من الضيع والقرى والأرياف كلهن تجار دين دمويين مانهن دكاترة عيون دارسين ببريطانيا متل سيادته,hate,Syria
5622,رح اخلعك بلوك قد راسك العما بينص قلبك شو واطي,abusive,Lebanon
5623,شو بدي قول إذا فيك دم روح فل من لبنان مكانك مش لبنان ياعميل بشار عفوا كلب بشار,abusive,Lebanon
5624,وانت صغير يا فتنجي,abusive,Tunisia
5625,كول هوا انت واياه,abusive,Iraq
5626,شو بترد على واطي وحقير مثلك جبان بلا اخلاق تفو يلعن ابو اصلك,abusive,Syria
5627,يستاهل الردود العنيفه طالما لبنان لا تردعه,normal,Oman
5628,لو مواطن عادي بنى خيمة قرميد ليستر عائلته لتحركة كل اجهزة الدولة وعندما تنهب مافيا السلطة الاملاك العامة لا تحركوا ساكن,normal,Saudi Arabia
5629,وهل تسمع له ما يقول,normal,Oman
5630,ولا ساقط اكبر من حجمو,abusive,Libya
5631,بس يا ريت حدا بيعطينا اسم هالفطحل يللي طلع بفكرة انو القطاع العام يسكر السبت,normal,Syria
5632,للمفارقة في بلدي على اليسار باسل الصفدي عبقري خوارزميات ومصنف بين أفضل مفكر عالمي وعلى اليمين حافظ بشار الأسد الحاصل على لقب جحش الرياضيات,abusive,Modern Standard Arabic
5633,قمه بيروت نكتة صدقها جبران باسيل ورأى فيها نفسه مسؤولا عن لبنان فيما هو لا يكبر ولا يمثّل,normal,Yemen
5634,هذه المرة خبصت يا وهابايه تلي حصل قطر وايران اصحاب وايران وحزبله حبايب شو صار قلبت علي قطرما دفع,normal,Iraq
5635,فعلا نطقك وشكلك مقزز جدا,abusive,Egypt
5636,الاستاذ وئام وهاب من ارقى الساسة بالشرق الاوسط صريح شجاع مهني شريف وطني تحياتنا من العراق الجريح,normal,Lebanon
5637,التاريخ بيتذكر رجال لهم قراراتهم كلمتهم تبقى لأجيال وأجيال عندهم خط سياسي واحد ما بزيحوا عنه أصحاب رؤيا,normal,Palestine
5638,اثناء قراءة شعر ايليا ابي ماضي بحب اشكر حظنا جميعنا انو أدباء المهجر ما كانوا من جماعة نحنا مش عرب نحنا فينيقيين,normal,Jordan
5639,وزير خارجية لبنان جبران باسيل هو ممثل النظام السوري بقمة بيروت مادامت سوريا موجودة ليش بري قاطع القمة,normal,Syria
5640,عم بيهاجمو جبران باسيل حقنا نرد ونقللن انو اعلامكم مرتهن وفاجر,abusive,Syria
5641,المباراة حاليا متل فصيل مسلح جربان ضد جيش جربان,normal,Jordan
5642,بس حدا يقول مين هو هيدا النذل الطرطور يلي عمل هيك بامو تفه عليه شو واطي إلك يوم يا عاق واللهِ ولادك رح يكبوك كبة أوسخ من هيك وما تلاقي مين يلمك,abusive,Lebanon
5643,نجحنا بقوتنا شكراً فخامة الرئيس ومعالي الوزير جبران باسيل,normal,Oman
5644,وديع الشيخ هو جبران باسيل الفن,normal,Lebanon
5645,يخرب بيتك شو واطي,abusive,Palestine
5646,مايقدر يرد ابن درزيه واطي,hate,Yemen
5647,لما هشام تصالح مع جبران باسيل صار معو مشكلة مع صديقه جاد,normal,Jordan
5648,فينا نعرف مين المرجع الكبير معاليك؟؟؟,normal,Lebanon
5649,وقال نفس شي عن الحركة المهم سمعته شو قال عن الوزير جبران باسيل صدمت صعقت جلطة جبران حلت عليك,normal,Syria
5650,فين فى التغريده قولت كلنا و نحب احترم رايك بس لا تقولنى مالم اقله,normal,Egypt
5651,بدي تاكل هوا و بس,abusive,Palestine
5652,هذا ليس الكلاب من كلاب إيران وحزب الشيطان,hate,Iraq
5653,ولك يا عمّي خلّولنا شي واحد يوقف كرامة فخامة هلرئيس آخر أيامه حاجتنا بهدلي,normal,Lebanon
5654,حمير المصيبة بينسمع كلامهن,normal,Saudi Arabia
5655,تقبرني جبران باسيل قبل ما تنسينا زعامة كميل شمعون وانجازاتو جيب الكهرباء يلي وعدتنا فيها بال وبس تخلص,normal,Palestine
5656,الله اكبر عليك اللي استحو ماتو العقاب لوهاب وهاب قاتل ابو دياب,normal,Tunisia
5657,لن ينسى أهل سوريا المجرم أبو صووايخ اللي بدو يحرر القدس بس يخلص أول على نساء وأطفال سوريا,normal,Jordan
5658,افيخاي ادرعي شكراً على المواقف المشرفة يا معالي الوزير جبران باسيل,normal,Egypt
5659,كول هوا,abusive,Iraq
5660,حقي يا سافر يا عديم الحشمة و الحياء,abusive,Yemen
5661,وهّاب رداً على جنبلاط لا تتدخل,normal,Syria
5662,والله انك انت بتحكي بأصلك كرمال هيك عم بحاربوك من الضاحية ألف سلام لرجل الجبل وئام وهاب,normal,Syria
5663,في واحد بي المكسيك ناطرينو يطلع من العصفورية بي هل يومين انشالله,normal,Lebanon
5664,بيسي بيسي ناو قومي خراس بقا,abusive,Egypt
5665,زمن التبعيه والتعطيل اكيد مين في غيروا جبران باسيل,normal,Lebanon
5666,مهضوم ما باك شي بس لو قالولن بتشبهوا وئام وهاب، كانو استقالوا,normal,Lebanon
5667,مبلا بيقدر يغضب علينا اكتر ويستقيل ويجي محله جبران باسيل,normal,Sudan
5668,عماد عثمان منو قاريك خليك عم بتعوي من اليوم لبكرا,abusive,Lebanon
5669,عزيزي وجهة نظرك هي وجهة نظري هذه الارض من البحر للنهر هي فلسطين وليس من وجود لكلمة اسرائيل,normal,Oman
5670,نهاد الرعديد هههههه,normal,Morocco
5671,قويه هاي,normal,Libya
5672,أنا لا يمثلني جبران باسيل أن يكون وزير خارجيتي اذا كتير حابب تطبع مع إسرائيل ما في مشكلة معاليك,normal,Jordan
5673,ريتك خ وما حكيت,normal,Lebanon
5674,معالي وزير التخبيص الخارجي,normal,Iraq
5675,قرفتنا يا زلمي,normal,Palestine
5676,اهلا و سهلا بامير قطر تاج راسك يا فاسد يا بوق روح عقطر و شوف التطور و التمدن و الاحترام,abusive,Sudan
5677,اذا اردت ان تشتم انسان فتقول له حمار اما اذا ا دت ان تشتم حمار فما عليك الا ان تقول له انت وئام وهاب,abusive,Sudan
5678,اه والله معاليك معك حق عملوا أضرب من جماعة يلّي هللوا لتدخل أبو علي بوتين بالحرب السورية,normal,Saudi Arabia
5679,شغلتك و مشغلتك بوق,normal,Lebanon
5680,اشترت وزارة الخارجية عالقليلة يقولولنا مرسي,normal,Tunisia
5681,أستاذ فارس هذا هو كلام الحق وهكذا عرفناك لا نريد عودته إلى لبنان لانه لا ينتمي إلى لبنان وشعب لبنان الشرفاء,normal,Modern Standard Arabic
5682,الحريري حليف قوي للمملكة و هو من يؤلف الحكومة، ليش ما بيبعدو عن التشكيلة الحكومية لا بل يعيد و يكرر,normal,Jordan
5683,الأردن بنت ميتين الوسخة قفلت الحدود بشكل كامل مع درعا عشان لا مدني ولا عسكري يعدي لما حملة النظام تبدأ الأردن ياما عطلت,hate,Egypt
5684,جبران باسيل حاقد على مفرزات الطاءف ويعمل للانقلاب عليه ليعيد الى الموقع المسيحي قوته قبل الطاءف,normal,Saudi Arabia
5685,لم يقولوا جبران باسيل,normal,Iraq
5686,إستحوا بقى,normal,Egypt
5687,عمرنا ماتدخلنا بغيرنا ابعدوا كلابكم عنا والمنشار نحطه في ذنبك ياذنب انت ومن يحميك,abusive,Yemen
5688,ما قلتلي بتعيرتي شواربك لمع فيهن صباطي,abusive,Lebanon
5689,جبران باسيل زوجته والدها أحد الضباط السوريين لهيك بحب حافظ وبشار,normal,Syria
5690,جبران باسيل لو كان يريد وطنا لما تطاول على الرئيس بري ووصفه بالبلطجي,normal,Modern Standard Arabic
5691,لوُ عنُا دوله بتحترم حالها إنت ما كنت عملت نائب أو وزير,normal,Egypt
5692,بلشوا بالحرام الكبير جبران باسيل نحنا كفنا نضيف غصب عنكن,normal,Lebanon
5693,جبران باسيل فوبيا العصر,normal,Syria
5694,فعلا اما دولة او لا دولة,normal,Libya
5695,اللي بيوقف ورا المراسلين و بيقول باي للكاميرا و بيتلفن لأمه تتشوفو عالتلفزيون جايي يتفلسف و يترجملي تصريحات جبران,normal,Lebanon
5696,الأمين القطري المساعد لحزب البعث العربي الاشتراكي جبران باسيل,normal,Lebanon
5697,وانتي كمان خرسي,abusive,Syria
5698,يا سيد ابو صفوان انا لا اعرفك ولكن من يقرأ ما غردت به عن حزب الله والدويله,normal,Oman
5699,جبران باسيل يهدد أمن إسرائيل,normal,Modern Standard Arabic
5700,يا سبحان الله وئام زفت يشتم ف أمير قطر الحين و قبلها كان يمدح فيها و يقول منافق و الله انت المنافق,abusive,Libya
5701,لو في دولة محترمة حالا ما كنا صوتك منسمعو ع قولة زياد الرحباني مجرص الحزب فيك,normal,Palestine
5702,اقسم بالله انتي لو قدامي بالمجان ما اسويلك شي يا زنجية جاتك القرف يا سودا,hate,Saudi Arabia
5703,الحقير بيعرف حالو وما الك حق تحتقر حدا ما بدك تحترم رأيو انت حر ، رح الك شي وحر ما تحترموا أنت أثبتت إنك إنسان فاشل ولو بتحترم حالا بتقحطلك ولو في حدا من هول لي بتتمسخر عليهن بيحترموا حالن ليكسرولك راسك والغرور رح يقتلك وأكيد برنامجك,abusive,Lebanon
5704,يا وهاب وقت كانت قطر بل ضاحية قلتم لها شكرا اذا هي صندوق اسود سؤال لحضرتك سنة سوريا ب لبنان,normal,Libya
5705,جبران باسيل بدو يعلم أمريكا ولندن كيف تدير بلد بدون ميزانية,normal,Palestine
5706,تخيل قديش لبنان زبالة اذا وش السحارة تبعه جيسيكا عازار,hate,Jordan
5707,يا لطيف ما ازنخه,abusive,Sudan
5708,معادلة قرآنية هذه معاليك ناتي بقوم غيركم ثم لا يكونوا امثالكم,normal,Tunisia
5709,والله جبتي البهدلة ل الك لانك بتستاهليها انتو ما بيلبقلكن متل الشيخ سعد يحترمكن وما يرد,normal,Syria
5710,يا معاليك انا بدالك بخاف من انو يكون في دولة قوية,normal,Jordan
5711,والله انك كذاب يا اصلع الرأس والاخلاق بس ماقصر الزول نتف باقي الشعر,hate,Sudan
5712,نحترم كل المشايخ الاجلاء ولكن انت مين بعد بيحترمك على لعب دورك الفتناوي داخل الطائفه وشكرا,normal,Yemen
5713,انت ما بتمل من الحكي لك استحييييي,normal,Sudan
5714,فيه متل بيقول إلي بيضحكك احسن من إلي بيضحك عليك معاليك,normal,Egypt
5715,الشيخ سعد حتى اذا تصور عم ياكل ملوخية رح ينتقدوه,normal,Jordan
5716,اسرائيل ستزول حتماً بس جبران باسيل شو إله حل,normal,Lebanon
5717,يا ريت يا استاذ وئام بتتركلي هل طق الحنك شوي علتويتر وبتطلع بتشوف طريق مفرق الجاهلية كيف رح توقع بأي لحظة,normal,Lebanon
5718,صراحة الحق على جابو رئيس,normal,Morocco
5719,كلكم في الهوى سوا هو كلب عند بشار وأنت كلب عند أردوغان هو باع سوريا وانت كذلك بعت سوريا لـ أردوغان الكلب,abusive,Egypt
5720,مين غيرو الفتى الطائر جبران باسيل,normal,Lebanon
5721,الرعاع اللي هاجو بسوريا نحنا قرفانين منهم وقلنا عنهم خونة وجلب بوقت اللي كان سعدو وجعجع عاملين مهرجانات ليدعموهم وهربولهم بواخر سلاح,hate,Yemen
5722,اهلا وسهلا بأمير القمة أمير قطر,normal,Sudan
5723,نكتك سمجة متلك يا ريت شفنا منك شي يوم انو عملت شي انجاز للبنان كل اقوالك وافعالك متل بوالين الصابون,normal,Lebanon
5724,من وين عم تجيب مصاري حتى تدفع قسط ابنك بلندن,normal,Syria
5725,انا اقترح عليك طبيب بيطري,abusive,Iraq
5726,الضاحية الجنوبية بلبنان نفس القرداحة بسوريا المنطقتين بدهن حرق على الزبالة اللي صدروها للعالم,hate,Jordan
5727,تفيييييي على أحسن شيخ بسوريا ازا ما بدهن حرق العمى هدول باعو آخرتهم بدنياهم,hate,Palestine
5728,كبير يا معالي الوزير الملك جبران باسيل,normal,Lebanon
5729,حتى لو بسوريا بالنهاية العيل اللبنانيه والسورية ممتزجين نفس العائله وا جرام بدمهن بدهن حرق مش دعس,hate,Yemen
5730,لبنان عم يتهاوى بوجود كل السياسيين والزعماء بلبنان كلن شي بيهوي,normal,Lebanon
5731,لقاء الأقزام المعتوهين,hate,Modern Standard Arabic
5732,يعدمني ياك يا زيهوفر الحيوان,abusive,Tunisia
5733,لقد رفعت معنويات أكثرية الشعب اللبناني وإذا مش كل الشعب ،في ناس من داخلها بتتشكرك ممكن ما بتقدر تقولها,normal,Jordan
5734,انا كنت جرب احكي انو لبنان و نحن ولازم وحدة وطنية اي شي بيهوي من هيك شعب عميل للعدو الصهيوني و بكل وقاحة بدن يتجرأو على رناجرنا الي اطهر منهم ومن اذعمائهم نشالله رح يجي ليوم ويعرفو انهم لا شيئ فقط ذباب لا اكثر,hate,Jordan
5735,تصريحات جبران باسيل مستلهمة من القرار كفى مزايدة,normal,Egypt
5736,شي بيهوي من هيك بهايم,abusive,Lebanon
5737,وطنا جميل وشعبنا جميل بس هدونا البال بالسياسة شوي بيمشي الحال اي شعب بدو يكون حي وهوي بيتبهدل عباب المستشفيات,normal,Lebanon
5738,مشايخ العقل تبعونك أشرف او احسن منه,normal,Syria
5739,جبران باسيل الوزير الملك تحياتي لك صديقي الطيب,normal,Yemen
5740,عن اي وطن تتكلم,normal,Iraq
5741,نهاد المشنوق متل عثمان واضرب منه عميل للمخابرات معروف قديش سعرو,normal,Syria
5742,سوى ولا سورى,normal,Egypt
5743,كول هوا يازلمة,abusive,Iraq
5744,هيدا صحافي مأجور صرلو سنه هيك بس هلأ طلعت ريحتو,abusive,Lebanon
5745,اكيد اكتشف انه انولد في لبنان و ان في واحد اسمه جبران باسيل يعمل جاهدا ليصبح رئيس جمهورية وعلى حساب مستقبله و صحته,normal,Saudi Arabia
5746,كل المهابيل اللي عم بتعلق ببلد متل لبنان الكل ساحب سكاكينو عالكل سكينة مطبخ ما بسلم لو عندي,normal,Syria
5747,جابتله سيرة الطاقة النووية بالغلط بلش يشرح ليه ما فينا نعمل مصانع طاقة نووية بلبنان وانها خطرة ونا معرضين للهزات الأرضية وهي تقله ما كان قصدي نعمل مصانع وهو يشرح,normal,Syria
5748,الفجوة اللي بجيك منها ريح سدها واستريح وسد نيعك معها,abusive,Qatar
5749,وجود عثمان وامثاله يمس مصداقية قوى الأمن ويسقط هيبتها,normal,Saudi Arabia
5750,جبران باسيل والزبالة,normal,Lebanon
5751,حاصلو يلعن روحك يا حافظ فرنسا بلجيكا,abusive,Tunisia
5752,اشتراكي اصيل على فكرة هناك فرق بين الاشتراكي و الجنبلاطي وما فيك تكون إقطاعي واشتراكي بنفس الوقت ياريت قلت عنو جنبلاطي اصيل كنت بإيدك,normal,Lebanon
5753,هيدي مزرعه و مليانه بهايم و طول عمرها تابعه للاحزاب و بعمرها ما كانت بلد,abusive,Lebanon
5754,ما هذا يادكتور علي خطأ قد يصفه البعض بغير المغتفر لانه في موقع,normal,Yemen
5755,بهلول الدوحة بيتهزأ في مكان يروحه,abusive,Jordan
5756,جبران باسيل سوريا هي الفجوة الاكبر اليوم في مؤتمرنا ونشعر بثقل فراغها بدل ان نشعر بخفّة وجودها سوريا يجب ان تعود,normal,Saudi Arabia
5757,لك زبالتنا بتضل اشرف منكم ياعاهات المجتمع يا اعداء الله والدين يلي عم تتاجرو بل الكعبة,abusive,Syria
5758,واولهم معلمك جبران باسيل بيو كان يبيع ليموناضة كحيان من وين جاب ثروته عون كان قائد جيش من جاب ثروته بس يرجعو أموال الشعب,normal,Lebanon
5759,جبران باسيل عار على العرب ككل ماهو الا فرخ مجوسي أبتليت به الأمة العربية,hate,Yemen
5760,جبران باسيل لا يقصد هذا الكلام مقاوم صف اول,normal,Iraq
5761,اذا فلو أمثالك بنضف لبلد من قذاره بصير لوطن بالف خير,abusive,Lebanon
5762,كلام لابسك لبس,normal,Egypt
5763,شاغل الفاسدين والعاهرين ملك يا جبران باسيل العدرا تحميك,abusive,Lebanon
5764,اذا جبران باسيل خائن,abusive,Algeria
5765,شعبنا مخدر لهيك بدنا شعب جديد,normal,Syria
5766,متأكد اخ نادر انها قديمة؟لانه مطلوب للقضاء والكل عم يتساءل كيف سافر,normal,Jordan
5767,لبنان شامخ بعروبتو بأخواتو العرب بس الفرس ما جلبو للبنان الى الدمار لعنكم الله ايها الفرس المجوس,hate,Iraq
5768,لك ضَل حدا ما بعبص بهالبلد كرمال هالجحش يلعن روحك انت وأبوك,abusive,Lebanon
5769,دور سورية بلبنان شي مشرف نسيت ميشال سماحة,normal,Lebanon
5770,بلعربي لمشبرح كول هوا,abusive,Syria
5771,مياومو الإعلام كل شائعة فيها جبران باسيل بيغلى سعرها,normal,Palestine
5772,وئام وهاب دون كيشوت لبنان الا انه معدل حيث ان دون كيشوت الحقيقي كان رجل نبيل يتخيل ما لا وجود له,normal,Sudan
5773,طب خلص كول هوا بكفي عما ما اسمكك,abusive,Lebanon
5774,على من تقرأ مزاميرك يا موسى الله يحمي معاليك,normal,Libya
5775,قال عم يهاجموا جبران باسيل,normal,Syria
5776,انت اول منحطة,abusive,Libya
5777,شكرا جبران باسيل ما هيك,normal,Lebanon
5778,من راقب الناس مات هما وانت من الهم حتموت موتت الكلاب,abusive,Egypt
5779,لعمى ما اكذب منك الا جريدة الأخبار خراس عند هاالصبح,abusive,Lebanon
5780,تقديمات عينية لعدد من الوزراء رشاوي هههههه,normal,Qatar
5781,هذا ما يتداول بأنه أحدكم و عن الشهيد محمد نطالبكم بالتوضيح او التلفيق او أتحفونا بأكلة سمك,normal,Yemen
5782,لا تنسى ان هذا الوهاب عنصري وحاقد وخادم أمين لمحور الشر الصفوي بلبنان,hate,Iraq
5783,إخزاك الله كنا مخدوعين فيك او انك أفدغ مصحوك عليك تمدح كلب إيران وحزب اللات القذر,hate,Libya
5784,عفوا بس ايمتا بعتيلي لينك غناية انت و انت خراس,abusive,Lebanon
5785,بدو ياخد رضا الكلب بشار حتى يورث عمه برئاسة الجمهورية,abusive,Jordan
5786,وهاب فليسجن هذا المجرم,normal,Tunisia
5787,علي النعيمي انت بهذا الكلام تقر وتعترف انك من داعمي الاٍرهاب الإيراني في المنطقة,normal,Iraq
5788,كذبك يا أيوب,normal,Tunisia
5789,ما حدا بيسترجي يحكي معي هالحكي,normal,Syria
5790,الحمار بس تقله حااا بيفهم هدون بتقلهن حاا بتلاقي حالك ما عارف من وين جاييك الضرب وبالآخر قاعد بباص أخضر وطالع عإدلب,abusive,Lebanon
5791,طيب شو القيمة يلي بيستفيدها المجتمع لو النسوان تحجبوا,normal,Palestine
5792,لطالما كانت أحذية الشرفاء الأحرار خير من تراسانات حكومات العرب والمسلمين الخانعة الذليلة عشت ياابن أمي الأصيل حرا أبيا,normal,Yemen
5793,الشعب اللبناني عندو اهضم زلمي جبران باسيل و لو انو جاي من المريخ بس مهضوم ما هيك يا جماعة,normal,Lebanon
5794,الله يعطيك العافية يا فخامة الجبل ويطول بعمرك والله يعطيك العافي يا معالي الوزير الملك جبران باسيل على هذا النهار الطويل,normal,Oman
5795,كذبك يا أيوب بكفي كذب وافتراء بحق جبران باسيل,normal,Syria
5796,ما ضاع حق وراءه مطالب,normal,Saudi Arabia
5797,وهيدا اللي بدنا اياه الاستثمار مش حسنة شكراً ميشال عون و جبران باسيل رديتوا لنا كرامتنا,normal,Jordan
5798,لو كنا فعلا في دولة لما حصلت غزوة الجاهلية,normal,Libya
5799,قائدنا الغالي شو بتتوقع من هيك دولة فاسدة غير السرقة ووعود الناس الكذابة اغرقوا البلد بالديون والصفقا,normal,Syria
5800,تبا لك يا جبران باسيل على دفاعك عن معذب الشعب اللبناني و قاتل شعبه,abusive,Saudi Arabia
5801,طيب كول هوا واحط من هون,abusive,Jordan
5802,قحط من هون يا غبي,abusive,Lebanon
5803,زمن التبعية والتعطيل،يتجسد في سياسة جبران باسيل,normal,Saudi Arabia
5804,اكيد قلبي عليكن ع طول شفقة,normal,Syria
5805,شراء الذمم مصيبة,normal,Algeria
5806,ما في الا جبران باسيل قد المهمة,normal,Lebanon
5807,الى وزير خارجية لبنان جبران باسيل اذا أردت ان تكون مثل الشيخ بشير الجميل عليك ان تستشهد الآن يا اخي فقط إستشهد و لك,normal,Sudan
5808,دخلك يا حضرة وهاب سؤال وين صار المتهمين بمحاولة قتل بطرس حرب وين المجرم بقتل الضابط حنا وين كل المتهمين,normal,Palestine
5809,عادي قولي يلعن روحك بلا مؤاخزة يا حافظ,abusive,Syria
5810,خراس ولا جاهل حشرة,abusive,Tunisia
5811,لكل منا رأيه شكرا لكم,normal,Yemen
5812,يزلمه موهاديلي طلع على الضيعه لعندك ومجهذ بجيش لعتقالك,normal,Iraq
5813,من الخواجة ثناء وتقدير لسعدنا الثناء والتقدير فهو من أبرز الطلاب النجباء,normal,Oman
5814,حزب الله وكيل إيران بلبنان لو كان القول بلنان لاسرائيل أو لإيران، ما كتير في فرق بالحالتين اللبناني ماكل هوا ليش أكون وكيل طرف ضد طرف تاني، وأدفع دمّي مشان أحافظ على استعبادي أو أغير السيد تبعي,normal,Syria
5815,شو يا كركوز,abusive,Lebanon
5816,يا زلمي شو شاطر بالحكي وهيدا زمن الكذب,normal,Jordan
5817,مع إنطلاق هذا الأسبوع ستولد الحكومة وكل المصادر تؤكد ذلك معالي الوزير جبران باسيل سيعود اليوم من فرنسا وسيلتحق به الرئيس,normal,Modern Standard Arabic
5818,نصرالله العلاقة مع عون طيبة وهناك تواصل بيني وبين رئيس الجمهورية والعلاقة مع جبران باسيل طيبة ومبنية عالاحترام,normal,Syria
5819,جبران باسيل اغبى وزير خارجيه ليس بتاريخ لبنان ولكن بتاريخ الدول كافة,abusive,Yemen
5820,مرة واحد معي بالشغل من كوبا عم يسألني عن الأكراد انو مين وشر بيفرقوا عن العرب صفنت شوي وقلتلله ما بعرف شو أقلك متل بعض تماما بس واحد بيحكي كردي والتاني بيحكي عربي,normal,Syria
5821,قلو كيلاني بقلك كول هوا,abusive,Lebanon
5822,خوش توانسة و الله,normal,Iraq
5823,و هل يجوز لحسن و الإيراني أن ييقتل الشعب السوري كلا الأطراف القرضاوي و ما ذكرتهم أعداء للمنطقة,normal,Modern Standard Arabic
5824,انتو عم تاكلوا هوا لأنو هالدول و الشعوب داعمينكم بلا مؤاخذة,abusive,Palestine
5825,نحتاج الى وطن جديد مع شعب جديد اضافة إلى نظام جديد,normal,Algeria
5826,نحن في بعضٍ من دولة,normal,Oman
5827,مبروك عليك شيخ الجمهورية الايرانية الطبل,abusive,Oman
5828,موجة اعتراض واسعة على مواقع التواصل الاجتماعي بسبب نتائج مباراة كتاب العدل، حيث تم اعلان نجاح اشقاء وهم غرايس عصام,normal,Jordan
5829,كول هوا يا هوا عليك وع داعش,abusive,Iraq
5830,تسلم عبد الله بس يصير عندي فائض معجبات بحوّللك,normal,Qatar
5831,اخر نكتة جرصة عالمية,normal,Egypt
5832,تلحس اجري شقفة جحش,abusive,Saudi Arabia
5833,كول هوا يا هوا عميل كلب,abusive,Iraq
5834,ولو عملك عقدة اللواء كل يوم تويت ابكي بترتاح,normal,Lebanon
5835,هللويا مبروك للشعب اللبناني ولادة حكومة,normal,Lebanon
5836,الفضل بكل اللي صار في هذه القمة يعود إلى رئيس الجمهورية الجنرال والقائد ميشال عون وإلى الوزير جبران باسيل,normal,Oman
5837,طيب حضرتك شو عمبتقدم لبلدك غير لغة الصرامي,abusive,Lebanon
5838,وانا لح قلك مارون غنيم ماتواخذني تلحس رجلي مع أحترامي لرجلي بس انتو متعودين عهالشي,abusive,Yemen
5839,سعد الحريري ينصر جبران باسيل ضد وزيره المرعبي في موضوع النازحين السوريين,normal,Tunisia
5840,و نزار قباني كتب ايضا عن دمشق و هرب منها الى بيروت خوفا من حافظ الأسد فاغتالوا زوجته و كان هو المستهدف,normal,Saudi Arabia
5841,اسم الله عليك فرجيني عرض كتافك يا فهيم على فكرة اذا ما عندك مراية بالبيت ببعتلك وحدة,normal,Jordan
5842,أمير المليشيا مش خائن,normal,Libya
5843,صدقت يناسبك جدا جدا,normal,Yemen
5844,لبخليني حب باسيل شغلتين,normal,Lebanon
5845,ليش تيوس الإمارت والسعودية مع السوريين واليمنيين شو ف خليك بصليبك تلحس بعضك,hate,Lebanon
5846,مش دفاعاً عن جبران باسيل بس كان لازم تحط المقطع عالقليلة بعد جملتين بعد هالكلمة لنفهم شو قال بدقة,normal,Syria
