Sentence_id,sentence
1,"الأب عشقان و الأم غيرانه و البنت بالبيت حيرانه"
2,"انبحتِت متل الأباوة"
3,"ما حدا أبدى من حدا"
4,"الإبرة اللي فيها خيطين ما بتخيَط"
5,"ما بعد الصبر إلا المجرفة و القبر"
6,"أبوك لما كان عايش ما لبس جبه منلو بعد ما مات القبة"
7,"خود من عبد الله و اتكل على الله"
8,"اجا البراني يقلع الجواني"
9,"إجا أجلو"
10,"أجر و عافيه"
11,"بس صارت ورقة التين قد إجر البطة نام ولا تتغطَى"
12,"يللي بيتو من أجاز ما بيرمي الناس بالحجار"
13,"اقتيل ابنك و احسين أدبو ما بيموت ليجي أجلو"
14,"عجِّل و لا تؤجّل"
15,"احترمو بتنحرمو"
16,"كونوا أخوة و تقاسموا بالحق"
17,"القلب و ما يختار"
18,"اللي آخد عقلك يتهنى"
19,"أد القد و زود الزود"
20,"أدِّب ابنك صغير بتفرح منو كبير"
21,"الحذر ما بيمنع القدر"
22,"ما بتاخدها إزا بتأدّن"
23,"كل واحد يحكي على أدو"
24,"إجا مكتوب للكلاب بدك مين يقرا و مين يسمع"
25,"أرايبك لا تقربو بيقرصك عقربو"
26,"الضرب عالأساس"
27,"اللي استحوا ماتوا"
28,"يا مسترخص اللحمة عند المرقه تندم"
29,"يا مستعجل وقف لقلّك"
30,"استوطى حيطو"
31,"إستفتي قلبك"
32,"مين استفقدني بعضمه كنت عندو عظيم"
33,"استكبرها و لو كانت مرّة"
34,"السر ازا تعدى التنين شاع"
35,"كل مين أشاطو تحت باطو"
36,"أشكره خَبَر"
37,"اللي بينشرى ما بينشهى"
38,"أصابعك مو متل بعضهن"
39,"خود الأصيلة و لو كانت عالحصيرة"
40,"أضا و مضى من عقلو"
41,"يَعَلى أطاطك"
42,"متل الأطرش بالزفّه"
43,"عم يعرج قدام مكرسح"
44,"أعلو براسو بيعرف خلاصو"
45,"جيل الأفجع بتحاكيه ما بيسمع بتبعتو عالغرض ما بيرجع"
46,"كبرت البيتنجانه و تدندلت جراصا و نسيت قفة الزبل اللي كانت فوق راسا"
47,"أءرع و دءنو طويلة شي بيغطي شي"
48,"أقسى من الحجر"
49,"أكتر من الهم عالقلب"
50,"كرمال الورد منصقي العليق"
51,"ألبي على ولدي و قلب ولدي عالحجر"
52,"أكلّو أكلاتو و ضحك على أعلاتو"
53,"إلها تم ياكل مالها تم يحكي"
54,"اللي بيبيعك بالفول بيعو بالقشور"
55,"بالألم نشرح"
56,"أهلك أهلك و لو رموك عالمهلك"
57,"مافي أوان بيستحي من أوانو"
58,"أوت لا تموت"
59,"جحه أولى بلحم تورو"
60,"أوَص الضبع"
61,"نيال مين باس إيدو لحالو"
62,"من إيمتى كنا و الشمس ترقعنا"
63,"عرق آس و لا شماته بين الناس"
64,"آن الأوان و انتصب الميزان"
65,"الله يآنسك برحمتو"
66,"يللي بيدق الباب بيسمع الجواب"
67,"الولد إن بار تلتينو للخال"
68,"أبرد من طين الشته"
69,"بارك الله فيمن زار و خفف"
70,"أخد الحق و تلتين الباطل"
71,"الإيد اللي ما بتقدر عليها بوسها و إدعي عليها بالكسر"
72,"بحصه بتسند خابيه"
73,"العين بالعين و السن بالسن و البادي أظلم"
74,"بدك عنب لما بدك تقابل الناطور"
75,"بدّل غزلانو بقرودو"
76,"بيضل البرد قايم طوال مو النصراني صايم"
77,"الفرنجي برنجي"
78,"نيال المتهوم و عند ربو بري"
79,"إجا من البريه و أخد الأوليه"
80,"على قد بساطك مد رجليك"
81,"ساعة البسط ما بتتفوت"
82,"مين قامك بسبرو ما ظلمك"
83,"البطر عمى النّضر"
84,"إزا الأكل مو إلك بطنك مو إلك"
85,"بعيد عن الشر و غنيلو"
86,"وصل البل لدقني"
87,"ما في شي ببلاش إلا العمى و الطراش"
88,"طب الجره على تمها بتطلع البنت لأمها"
89,"بالع الموس عالحدين"
90,"يا بيتي يا بويتاتي يا مستّرلي عويباتي"
91,"بيضه شق اللفت"
92,"رضينا بالبين و البين ما رضي فينا"
93,"شاب و ما تاب"
94,"الله لا يتوّهلنا رأي"
95,"تجيكي مجية"
96,"يا داخل بين البصلة و قشرتها ما بينوبك إلا ريحتا"
97,"الأرض بتقول يا لطيف ياما عليي تقيل و خفيف"
98,"تمر و زيت مونة البيت"
99,"جحه جاب و جحه أكل"
100,"لا تاكل إلا جوعان ولا تنام إلا نعسان"
101,"بدو يفهم البيضه مين باضا و الجاجة مين جابا"
102,"يا جبل ما يهزك ريح"
103,"جخ و رخ"
104,"اللي مالو قديم مالو جديد"
105,"جعجعه بلا طحن"
106,"البعد جفا"
107,"و ما لذة العيش إلا للمجانين"
108,"اللي بيدق الباب بيسمع الجواب"
109,"الجار قبل الدار"
110,"لا بيحلّل و لا بيحرّم"
111,"الشجرة المثمرة كل الناس بتحاجرها"
112,"قللو شو اللي حاجك عالمر قلو اللي أمر"
113,"الخبز الحاف بيعرّض الكتاف"
114,"مشينا لحفينا و بكينا لعمينا"
115,"سبحان مغير الأحوال من حال إلى حال"
116,"تلاتة ما بيتخبوا الحب و الحبل و ركوب الجمل"
117,"حد العقرب لا تقرب حد الحية افروش و نام"
118,"حدّو ستين جهنم"
119,"ما صفي بالميدان إلا حديدان"
120,"محراك الشر"
121,"عين الحسود فيها عود"
122,"اللي بيزرع بيحصد"
123,"الأهل بياكلو الحصرم و الولاد بيضرسو"
124,"قاعد بحضنا و عم ينتف بدقنا"
125,"اللي بيحط عليك وردة منحط بعينو الشوكة"
126,"حظ اعطيني و بالبحر ارميني"
127,"الحزر واجب"
128,"اللي بيحفر حفرة بدو يوقع فيها"
129,"السكافي حافي و الحايك عريان"
130,"الحكي مو متل الشوف"
131,"عجَّز الحكما"
132,"إزا حل السئيل فما على القوم إلا الرحيل"
133,"حطن حلق بإذنيك"
134,"قالولو للحرامي احليف يمين قلَن إجاني الفرج"
135,"إزا حلق جارك بل دقنك"
136,"اللي حلّل حرّم"
137,"الحامي الله"
138,"ما بينام تحت الحمل إلا الندل"
139,"حمّال الأسيه"
140,"متل صبي الحمام إيد من ورا و إيد من قدام"
141,"لا يغرّك حمرة خدودها فتّش على أصلها و جدودها"
142,"متل حمّصة الكي"
143,"أحمض ما عندك طبوخ"
144,"حامل السلم بالعرض"
145,"أول الرقص حنجلة"
146,"حولينا ولا علينا"
147,"طق عرق الحيا من عينو"
148,"اجتمع المتعوس على خايب الرجا"
149,"إزا خليت خربت"
150,"إزا كبر ابنك خاويه"
151,"خبي قرشك الأبيض ليومك الأسود"
152,"إيدو متل المخباط"
153,"يا آخد القرد على مالو راح المال و صفي القرد بحالو"
154,"حواليه خدم و حشم"
155,"الحاق البوم بيدلك عالخراب"
156,"باب النجار مخلوع"
157,"من خلف ما مات"
158,"لو فيها خير ما رماها الطير"
159,"داب التلج و بان المرج"
160,"لو دامت لغيري ما وصلتلي"
161,"ما بعد الضيق إلا الفرج"
162,"عم داريها متل العين الرمدانة"
163,"بيسمع دبيب النملة"
164,"دخّان يعمي و لا برد يضني"
165,"اللي بياكل على درسو بينفع نفسو"
167,"الدفا عفا"
168,"قمنا من تحت الدلف قعدنا تحت المزراب"
169,"أحسن دوا شم الهوا"
170,"ما بيدوم إلا الحي القيوم"
171,"الدنيا دولاب و الدهر قلاب"
172,"الدين معاملة"
173,"محل الديق بيساع ألف صديق"
174,"الديك الفصيح من البيضة بيصيح"
175,"متل شباط ما على كلامو رباط"
176,"رجعت حليمة لعادتها القديمة"
177,"الرجال عند كلمته"
178,"العز للرز و البرغل شنق حالو"
179,"أرسي على بر"
180,"أكلني لحم و رماني عضم"
181,"الرّمد أشوى من العما"
182,"قلو مو رمانة قلو قلوب ملينة"
183,"كلمة يا ريت عمرا ما عمّرت بيت"
184,"على راسو ريشة"
185,"كل شي زاد عن حدو بينقلب ضدو"
186,"حظ متل الزفت"
187,"زكرنا القط إجا ينط"
189,"المال السايب بيعلم الحرامي السرقه"
190,"الله محيي السابت"
191,"لا تنط من فوق الأصاطيح"
192,"اسعى يا عبدي لأسعى معك"
193,"سفقو كف متل فراق الوالدين"
194,"صهري مسند ضهري"
195,"كلنا بالهوا سوا"
196,"يللي بيجيبو السيل بتاخدو الزوابع"
197,"القرش ما بيغطي عالشرش"
198,"االي أولو شرط آخرتو سلامة"
199,"ضربة المعلم بألف و لو شلفها شلف"
200,"اللهم لا شماتة"
201,"يا محاسن الصدف"
202,"صار و تصوّر"
203,"صام صام و فطر على بصلة"
204,"اصروف مافي الجيب يأتيك مافي الغيب"
205,"صعّبها بتصعب هوّنها بتهون"
206,"صافي يا لبن"
207,"ضحكة عنزة بالمسلخ"
208,"الطمع ضر ما نفع"
209,"طاش حجرو"
210,"هالطينة مو من هالعجينة"
211,"العجلة من الشيطان"
212,"عدو جدّك ما بيودك"
213,"عرس المجانين بكوانين"
214,"أعزب دهر و لا أرمل شهر"
215,"يا رايح بلا عزيمة يا رايح بلا قيمة"
216,"شو إلك بالقصر قلو من امبارح العصر"
217,"عطّال بطّال"
218,"خدو البنات من صدور العمّات"
219,"لبّس العود بيجود"
220,"الغالي حقو معو"
221,"فخار يكسر بعضو"
222,"اللي بيتطلع لفوق بتجعو رقبتو"
223,"قامت على طاولتها و أخدت الشنته و طلعت من الكفتيريا"
224,"طلعو اهلي ليطمنو عالبيت و انا لحقتهن و عم حاول استفسر وفهمت انه منيح بس رح يضل بالمستشفى الليله"
225,"انا الو و مستحيل كون إلك ماشي اوعدني"
226,"حلو الشرطه رح تعرف انا من الأول قلت ما في داعي للحكي"
227,"لك وين رايحة ما بدك تحطيلي عشا"
228,"رفعت الغطا عن وشها"
229,"كيف حطت ايدها على بطنها و سبلت بعيونها مو انا حبيبتي هاد الببو الجديد"
230,"امي صارت تدور علي بالشوارع سمعتها وهي عم تعيط علي برا و تقول لجارتنا شفتيها للعقربة هون ولا هون"
231,"طيب انت حاولت تتفاهم معا"
232,"كنتي صغيرة كتير و ما كنتي الا تحبي تلعبي"
233,"افهمي علي لازم تتسكر القضية لك العالم عم تحكي بشرفها و بسيرتها اشكال الوان"
234,"يعني بالفعل ما كنت اعرف كيف أوصل لقاعة الامتحان ما كون حاس برجلي قلبي يصير مكان البنكرياس و معدتي تلعي رهبه فظيعة و حلم واحد بين عيوني جراح مختص"
235,"لازم جوزي يشوف بعيونو انو ظلمني و اني ما رحت وما صار شي بيناتنا مشان الله"
236,"جوزك ما بجي لهون"
237,"لا مو على كيفك ما بكفي دفعت عليها للمعاهد خيرات الله"
238,"لا عمي الي هرب بالمصاري اول مرة بيهرب تاني مرة"
239,"حطيت ايدي على شعرها شوي شوي و قطعت تلات شعرات بسرعه"
240,"بعدين معك امي و انت ليش عم تباصي هيك و تتصفن"
241,"شو عم يصير"
242,"معناها بكون جايبلك هديتك معو"
243,"بس سمعت لهجة ابي نشف الدم بعروقي شو يرمي اليمين هيك بهل بساطه"
244,"لك انا بحبو و هو بحبني كيف عمل فيني هيك"
245,"وقفت و مسكت ببدلة شو عم يحكي ابني"
246,"فاتت ع غرفتها عم تغني و ترقص و عقلها طاير من الفرحه"
247,"انا بورجيكي يا ربي وين وصلنا من وين بدي بلش ما ضل وقت"
248,"بس مع هيك ما كان يهون عليي شوفها جوعانة بالأخص انها مريضة و معا فقر دم حاد و نقص تغذية و انا حبيتها كتير"
249,"لك مافي فايدة ما رح تستفيدو شي ازا عرفتو مين خلص اعملو الي بدكن ياه فيني"
250,"اجا أبي و عمي باتجاهي مسحت دمعتي و نزلت راسي و بس وصلو لعندي حط عمي إيدو على راسي و مزح معي"
251,"حبيبتي انتي ما بتعرفي مين بيكون وما بيعطي بنتو لمين ما كان لهيك ما تتعبي حالك"
252,"هاد انتي لا ما رح اعطيكي مرتي شو من أولها اشتقتيلها"
253,"ما تخاف عليه هو بيعرف يسبح منيح"
254,"حطتلي صحن ملوخية و صرت آكل متل اللي بعمرا مو شايفة ملوخية"
255,"فتحت عيوني و لقيتو قاعد جنبي"
256,"وكلي الله هلا بيجيبوها و منتطمن عليها"
257,"يابي الله يخليك خليني اطلع ابوس على إيدك"
258,"اشرتلي على قصر ضخم الو حديقة كبيرة كتير و محاوط بإنارة قوية و باب استقبال ضخم و مصف خاص للسيارات مشت مريم ولحقناها و قلتلها انو بدنا نقعد بالجنينة ما بدنا نفوت لجوا"
259,"و صارو العالم يطلعو بباصات"
260,"لا يا عمري ما سمعت شي"
261,"ركضت و ضمت بنتها و صارت تغنيلها و تهدهدلها"
262,"انا عم انطر حدا قللو شو صار معي"
263,"لا ما رح اتجوز لا تخافي"
264,"لبست مستعجلة و أخدت معي تفاحة و انا نازلة و نزلت عالسريع و اضطريت اخود تكسي مشان الحئ"
265,"خلص الدوام و ضبت غراضها بسرعة لتطلع بدون ما تشوفو أو يشوفها أخدت تكسي و راحت ع بيت أهلها كان صعب تخبي توترها و خوفها لهيك قررت تروح لعند هبة لأن ما عاد متحملة"
266,"اكلت كم لقمه و حسيتهن وقفو بحلقي و ما عاد نزلو كانت كل الوقت عم تحكي ما سكتت ولا لحظة بتحكي بكل شي و كله حكي فاضي و تافه كانها ما بتعرف شي بالحياة"
267,"تصبحي على خير"
268,"و فجأة شميت ريحة عطرو مسحت دموعي بمريول المطبخ و ركضت حطيت المقلاية عالغاز"
269,"وليه جدبه ما بدها كل هالقد بس شوية رياضة و نظام غذائي و بترجعي متل اول و انا بساعدك شو قلتي"
270,"وصّل سارة عالبيت يوم وفاة أمها كانت تحبو من وقتها و حبو كبر بقلبها كتير هو اكبر منها و هاد الحاجز كان يمنعو عنها بس هي كانت تحب فارق هالعمر بيناتهن كانت تحب ملامحو المنحوته ثقتو و غرورو"
271,"رفعت حواجبها باستغراب"
272,"فات عمي و حمل معو بطانية كبيرة طفى جرة الغاز و فتح شبابيك البيت و طلعوا من جوا"
273,"انا كرامتي فوق كل شي يا بتعيشي معي عالمرة قبل الحلوة او ما رح اجبرك على شي"
274,"رجع الموبايل يرن و ما كان يهدا و صحيت بنتي من نومها و صارت تبكي و انا إيدي تربطو"
275,"التفت علي و لقاني عم ابكي و دموعي معبين وشي التفتت وراي و اتطلعت على أختي الي كانت عم تبكي و تطلع علي"
276,"تماما هاد الي بدي قلك ياه"
277,"رفعت الغطا و اتطلعت باتجاه الباب و انا عم فكر خلص رح احكي كل شي مستحيل لازم احكي بدي احكي"
278,"سحب ايدو و نزل راسو"
279,"مرقو خمس سنين و هي ببيت أهلها خدامة لنسوان الأخوة و أمها الي كانت تحن عليها أحيانا ماتت"
280,"سكت أبي و حسيت الموضوع ما عجبو"
281,"رح دل كل رفقاتي عليكن"
282,"خدي أمي هاد الأكل اتغدو و انتبهي لدراستك أهم شي و من ترجع مرت خالك لعندكن دقيلي و انا بدي ارجع هلاء أعرف شو أعمل"
283,"بتذكر بوقتا قلت يا رب ارحمني"
284,"طيب يلا بتضلك أحسن من أختي الي ما رضيت تقوم معي"
285,"ضلو ساكت و فات قعد بالصاله و حط رجليه على الطاولة الي قدامو و رجع راسو لورا"
286,"انت ما قلتلي انا كنت جاي زور ابوك و انت فوتتني لعندو و لقيناه ميت و بعد ما انصدمنا انت ركضت عالخزنة الي كانت مفتوحة"
287,"نزلت عم تنط عالدرج و بلشت ترن على باب بيتو ضلت ترن الجرس لفتحتلها أمو"
288,"خلص هي خبيناهن منيح هيك"
289,"مشيت عالهدا و انمدت إيد و مسكتني بقوة كتير و سحبتني لورا"
290,"هجمت علي و صارت تضربني و تصرخ ليش عملتي فيني هيك الله ياخدك يا حقيرة"
291,"بعد ما حاولو يجمعونا صوت الرعب و البكي و أحلام أطفال انسرقت و أمهات بقيت بحسرة رحلة الموت ما كانت سهلة الكل كان عم ينطر باقي الأشخاص يللي كانو بالرحلة شي وصل جثث دايبة و شي وصل مأكول لحمو من سمك البحر قعدت أنا و هي نبكي على اللي صار"
292,"صار هو كل شي بالنسبة إلي و ما عاد اهتميت شو بيعمل وشو ما بيعمل ما عاد همني ابدا و لا عاد هز فيني شعره"
293,"ليش بليلة وحدة ملكت قلبو و حستو انو كل الحواجز بينها و بينو انزالت و الصبح اختفت من قدام عينو"
294,"مسك إيدها و مشي معها ليقعدو على عرشهن لأن بهاد اليوم المميز كل شي بيشهد انو هي و ياه ملك و ملكة"
295,"بغضب عليكي ليوم الدين و بيحرم علي شوف وشك او قلك بنتي حتى ازا متت بوصي ما تعرفي وين قبري"
296,"غمرتو لحضنها و شدت عليه بقوة كأنها خايفة يهرب من بين إيديها ذنبك إنو أمك ضعيفة كتير و مكسورة انت بتستاهل يكون عندك أم أحسن مني"
297,"قصتي إنو أنا بنت يتيمة عمري عشرين سنة"
298,"فتت عالمطعم كنت كتير خايفة بس ألبي عم يدئ"
299,"وين بنتي طلعيها وين رحتي ببنتي ياه حراميه"
300,"بدك مساعدة مرت عمي"
301,"رجع يحاول يراضيها بعد سنة رجعت حبلت و نسي الي صار فيها و رجع هددها انو إزا مو صبي رح يتجوز"
302,"مرحبا مرت عمي فيني احكي مع خطيبتي"
303,"لك يا بنتي هو تعرضلك شي"
304,"نحنا منكون عايشين بوهم و مفكرين إنو بالمعجزات فينا نعمل كل شي بس منطلع غلطانين كتير"
305,"بس فهميني ليش ضبيتي غراضك و رحتي"
306,"لك هاد بيت عمي بدي انزل لعندهن"
307,"ايه عنجد ولو التلك انا شربت هالكاس قبلك و ما بدي ياكي ضعيفة هيك لان ازا ضعفتي كتير ممكن تصيري متلي لازم تكوني قوية"
308,"بعد شوي ما قدرت ضل قاعدة كنت حاسة نار جوا جسمي ما كنت قادرة شوف حدا"
309,"فاتو عالمضافة و ركضت انا و شام ورا باب المضافة لنسمع الحديث من طقطق للسلام عليكم يعني من أولو لآخرو"
310,"شفت على الانترنت منزلين انو ابن رجل الأعمال رح يتجوز خدامة"
311,"قربت و قعدت عالأرض على ركبتي"
312,"وقتا كنت عم أمزح معك و ما تخيلت إنك تسدئ إنو اسمي هيك و هلأ شو بدك"
313,"يعني معقول يلاحقوك انت كمان"
314,"كنا كل الوقت نتراسل و يبعتلي صورو و يقلي انو عم يتجاوب مع العلاج ليرجعلي بسرعة"
315,"طيب عمتي خليني اخود هالتياب لانو تيابو توسخو و برجعلك"
316,"ركضت عالشباك و بعد ثواني نزل من البناية و كمل طريقو مشي بالشارع كان يمشي بتعب مو متل مشيتو بالعادة ما كان رافع راسو و حاط إيدو بجيبتو و عم يمشي بثقه"
317,"شو بعدك نايمة وين قميصي الأزرق"
318,"انتي ليش ما بدك ياني"
319,"و بسبب قراري هاد و بسبب عنادي"
320,"تعي احضنك ما عرفان شلون ردلك الجميل انتي غيرتيلي حياتي انتي أنقذتيني رح افديكي بعمري يا حياتي"
321,"مشان تشوف حفيدتها و تفرح فيها"
322,"مشان حدا يجي يخلصها منو"
323,"يا دكتور ما عم اتوهم أنا متأكدة"
324,"كان معي الكشاف وصلت لعند صندوق من الصناديق المتوسطة صرت شوف من الفتحة الصغيرة كان المنظر بشع كل شي فيران عم تمشي حوالين بعض"
325,"حطلي بسرعة حرام في ولاد بدهن سندويشات"
326,"بدك تعرفي شو بيرضيني"
327,"هو بحبني انا متأكدة لو الرسالة الي بعتتها وصلتو كان هلا إجا"
328,"اتركي شعرها لك اتركيها شو عملتيلها"
329,"بدك ترميني بالبحر"
330,"شلون تركتو البنت الصغيرة لحالها بالبيت"
331,"شبك ببساطة بتتخلى عني"
332,"انك مو طايقة تضلي معي بمكان واحد"
333,"بغضب عليك دنيا و آخرة إزا بتضل ورا هالبنت"
334,"وصلنا لمقبرة عن حق هالشي خلاني نازع من البكي و أختي ولا عبالها يا ريتني متت ولا رديت عليكي و جيت شفت الزفت الله ينجدنا و نطلع من هون"
335,"أي هاد جنون الحب"
336,"لا حبيبتي اسمحيلي هي بنت شوارع"
337,"مو انتي ما بدك ياها بدي ارميها اعطيني"
338,"اول مرّة بتزكر شي بهاد الوضوح يمكن بشي محل هون"
339,"ركض عالتلفيزيون و طلع الشريط و صار يكسر لصار مية شقفة و هجم علي و مسكني من شعري"
340,"رفضت المستشفى تخرجها لأنه لسا ما اطمنو عليها"
341,"لا المال و لا البيوت و لا الأملاك عملتني سلطانة"
342,"رجف البي مدري كيف قلتلو جاية و مدري كيف تركت ابي و امي نايمين و رديت الباب شوي شوي و طلعت و انا لابسة بيجامتي و عم اتلفت حواليي متل الحرامية"
343,"متل ما سمعتي و لتتأكدي اتصلي قليلو انو وقعت و شوفي هلا كيف رح يحكي معك ما رح ازعل منك بتعرفي ليش لان أنا وقت حبيت سرقت ابي لهيك ما في عتب عليكي"
344,"سالتو عن صحتو بالأول ما عرفني بس زكرتو بحالي و سالني ازا تجوزت و قلتلو لا"
345,"كأنك نحفانه او وجهك نحفان طبعا حسيت حالي الي سنة ما شفتها معقول بس أسبوع إلي ما شفتها"
346,"وقفت من مكانها و شدتو من إيدو بقوة انا رح خليك تعرف مين انا قوم معي"
347,"و يبعتلي انو بس شافني كان بدو ياني الو و هو متأكد اني أخدته شفقة و ما حبيت اكسر بخاطرو و لانو مشلول"
348,"بخليكي تفوتي بشرط واحد"
349,"صارت تبكي و تضرب حالها بكفي خلص اسكتي"
350,"قامت و لبست عالسريع ركبو بالسيارة و مشيو"
351,"بسم الله شو طالعة قمر يا مرتي و الله بعرف مانو هاين عليكي دخيلك و الله اشتقت لجمالك يا تؤبريني خدي هاي الهدية"
352,"ماشي إزا بدك فلوس كل يوم بترك لالك على الطاولة مصروف ليش ما بتاخديهن ما بكفو زودهن لالك"
353,"و من بيروت على تركيا و هنيك لقاهن بالمطار لان كان متفق معو سلفا و واعدينو بمبلغ محرز لهيك طلع شخصيا"
354,"انتي حطي ركوة القهوة عالغاز لنكمل حديثنا يلا قوام البن هنيك"
355,"حطت الصينية من إيدها و مشت لعندو"
356,"يعني الشاطرة بكل شي بتحسن تعمل كل شي و ما بتقول ما بعرف بتتعلم بسرعة مثلا سحارة البطاطا لو مافي غيرها أكل بالبيت الشاطرة بتحسن تعمل منها عشر أكلات من دون ما بتقول ما عنا افهمتي"
357,"شو ذنبي انا انتي اللي عم تهلوسي بالنوم اتجوزتيني و اتعشيتي بالنوم شو دخلني انا شوي و تبليني بشي طفل و انتي نايمة"
358,"لا شكرا ما عاد بدي وظيفة"
359,"فيه صبية حامل كمان هي رفيقتي أصلا انا بعرفها منيح"
360,"فاتت عالمكتب و البنات لاحظو انها مصدومة وما عم تحكي شي"
361,"بشتهي يقلي كيف كان نهارك حبيبتي"
362,"اه فهمت شبك نحنا وضع مختلف يعني انا واثق انو الي بقلبي تجاهك هو حب"
363,"حديثهم كان عم يزيد قلبي غصة و هو كل شوي يشوف ساعتو متلهف ليوصل البيت و انا نمت و فقت على هبوط الطيارة"
364,"قامت عن السفرة و صارت تلم الأكل إجت اللفاية من بعيد و قالتلها اتركي مدام انا بشيل كل شي"
365,"صارو أهلي يجو لعندنا يسهرو كل يوم و يجيبولنا بإيدهن شي متل فواكي أو خضار أو غيرو"
366,"يا ربي ما كون بحلم يا رب تجبر بخاطري"
367,"الك ساعة بتجلي خلصيني تعي لهون"
368,"سكتو كلهن شوي و كملت ترتيب لحالها"
369,"كان فعلا غير متزن بكل معنى الكلمة ما وصل لمركزو إلا بسبب واسطات و مصاري أبوه شخصيته مهزوزة و ضعيفة بالذات قدامي يمكن كان عايش صراع بين انسانيتو و وحشيتو انجرف بالطريق الغلط"
370,"حطت فرشاية الألوان بتمها و ضيقت بعيونها بعدم رضى"
371,"عملتها يا مغضوب قلتلك ما في جواز لتطلق مرتك عملتها و تجوزت"
372,"دخيل قلبك خجلتني كلو من زوئك"
373,"يا ريت و الله بس هو ما عم يقتنع"
374,"هلا أمك رح تخلينا نتجوز"
375,"رجعت نمت و ربطت المنبه بعد ساعتين"
376,"و كل ما كانت تخلف و يشوفو خلفتها بنت يقاطعوها و ينزعو فرحتها"
377,"كنت عم اتلمس الحيطان و حاول اسمع أي صوت"
378,"لبست الاكسسوارات و رشت عطر ياسمين"
379,"تمددت و حاولت آخود نفس و ارتاح شوي و صرت ابكي لأن الوجع عم يزيد بالتدريج خفت كتير و فكرت حالي رح أجهض بعد كل هالمعاناة ضليت للساعة تلاتة الفجر عم أتوجع"
380,"فتحت باب البيت و تركتو مفتوح وراي رميت حالي على أول كرسي طلع بوشي"
381,"والله منيحة ليكني بالدوام"
382,"متلا متل أي طفلة طلعت تبكي"
383,"كانت قاعدة لحالها قامت و راحت لعندها و قعدت جنبها"
384,"بس أول مرة بتشوف بنتا هيك و الشب شكلو محترم"
385,"اسمعو يا ولاد بدي ياكن مؤدبين تكونو ما تعملو صوت عند دار جدكن"
386,"هو كان متعود على هيك بس هي كانت مبهورة بالي عم تشوفو"
387,"بدي شوف رفقاتي و انبسط معهن بحبك أنا"
388,"دخيلي راح صير تيته"
389,"ماني طايلتك انزل لتحت"
390,"كان قاعد قدام التلفزيون عم يتابع المباراة"
391,"وافق أبي على مضد بس لان الناس بلشت تلت و تعجن شي يقول علقني و هرب و شي يحكي بأخلاقي"
392,"و يسكروه بباب لأن كان مكشوف على الشارع مباشرة"
393,"و توقفي معي لنقدر نمضي هالعرس على خير و بعد هيك وعد إنه ما تدخل فيكي أول تزعجك"
394,"وقفت تكسي و طلعت فيها"
395,"طلعت و لسا مو مسدئه إلي سمعتو الأرض مو حاملتها من فرحتها بعيونها فرحة الانتصار ما كانت متوقعة تربح المعركة بهي السهولة"
396,"والله دلقت هالمي عالدرج و بلشت أشطف"
397,"اجت أمي و حضرو أطيب الأكل و كل الطبخات من الشرقي و الغربي الحلو و الحامض و المالح الفواكي و المكسرات و العصائر"
398,"و الله لنكيف"
399,"خود عكش"
400,"من الجلدة للجلدة"
401,"انضربنا بالامتحان"
402,"طلاع من راسي"
403,"حمول حمالك و تعا"
404,"صرلي ساعة عم قلك دقيقة"
405,"طلاع من هالبواب"
406,"ضايعة الطاسة"
407,"ولي على بعضي"
408,"فتت بالحيط"
409,"قحّط خروء معلاق طفران عمنول الهفا تشنططنا تلحلح سرنوة كركمة كرفتة تتحورئي بلهموطي انطمز"
410,"لا تواخذني بهالكلمة"
411,"مع احترامي إلك"
412,"شو بدك بطول السيرة"
413,"بلا معلمية عليك"
414,"رحنا دبلكة"
415,"سيد راسي"
416,"بدك الصحيح و لا ابن عمو"
417,"عيّن خير"
418,"طاش حجري"
419,"صار الدم للركب"
420,"خود و عطي"
421,"قشة لفة قشة لفة"
422,"الله يستر عليها"
423,"اشتهيناك معنا"
424,"و حياة الخالقك ماني مفارقك"
425,"عقلو جوزتين بخرج"
426,"ما بيعرف الخمسة من الطمسة"
427,"هديك الحسبة"
428,"ما فقست عنو البيضة"
429,"طق حنك"
430,"خطوف رجلك"
431,"حط بالخرج"
432,"قلبو عم يعمل حق بق"
433,"يحرق حريشك"
434,"خنطأ منطأ"
435,"طلع بلعي طلع بلعي"
436,"طقت خواصري طقت خواصري"
437,"وقع قلبي بين رجليي وقع قلبي بين رجليي"
438,"تشرطو حناكي تشرطو حناطي"
439,"انسلق بدني انسلق بدني"
440,"طلع الدم لراسي طلع الدم لراسي"
441,"انعمى عقلبي"
442,"زحل عقلي"
443,"قلبت قد الكمشة"
444,"أزّت نفسي"
445,"انهز بدني"
446,"عصرت مخي"
447,"خبط لزق"
448,"شندي شندي بندي"
449,"شروي غروي شروي غروي"
450,"ولي على قامتي"
451,"شكلين ما بحكي"
452,"تشكل آسي"
453,"طلع من عيوني عامص"
454,"شحو مرستئة مسبسل شنتير زته نمرود مشكشكة مغندرة شئشله بوجئة شهل مبوزم طيلسة لعبجي مدكّن سلبة روكبت متزاول شمئرين كوكش بحبش ينمحق يتحورق يتقوص مجنّط كحته نايط شحاطة أسيع موسوس مئنزع معت محرئص نضايفي دشرو تعسيلة كربوج شلونك أضوي أبضاي كلاكيش شحاري شفاتير بالورب جلموء السيبا خفافة تلقح معلش لعندن أديش جيب خود حط الصرماي جرابات بعّد زيح سداجة مصطهج كماجي / رغيف الخبز يفنكر جورة حردان ضيعانو مأشي"
455,"آبول أبصر أبع اتلسّع إسا استحكيه إشو انقلع انعفطوا إي أيلي اينجنور بحّتو برغاليا برطيل بريديت باردو بزّاقة بعل بلعط بنشر بيّي تاسومة تخّر تضرب بنيعك تخريجة جعاري جفت جلجوق جلموق حرمباية حل عنو حليئ خيّي دجن درمل دشّر دلدوء دينتي سجرة سدو لباجوقك سد بوزك مسطول سلاقي سوركة شبك شحاري صبحية ظميان عيّن غلونجي فدّان فرخ أفوكاتو فوّامات سواجير قبّع ركيد قضّوضة قظما قدّوم كب كحيان كزدانة لاطي طفران مصرات ميتور ناجس هبّور همترة واح ورّو يبلفوهم يحمّك يعركس يكحشوهن ينبّز هريسة / البربارة دوري / عصفور الدوري زكي زاروب قرصو دبانة دبابات"
456,"أنا و أنتي الحب جمّعني بكي لن تعرفي كم أنا مبسوطن معكي و أعزّكي"
457,"بفضلي رقبتي سدادة معلم"
458,"أحبك و الشعرو و البحرو و القرطاسو قد تقولين إنه ليس معو نقودن و ليس لهو طعمتي لكنني و لكنه ميتن فيكي عالآخري"
459,"أحب فيكي كل شيئن العيون منخاروكي التمو المنمنمي فتو بالحيطي أنتي لستي قليلة أنتي جميلة معكي تشعيلة"
460,"أنت بتعرف شو صاير فيك أستاذ .. صاير فيك إنو عيني فيه و تفو عليه أنت بتحبها و بدك تتزوجها بس ما بتقدر تتزوجها ليش ! لأنو هي قادرة و قوية قام شو عملت أنت تزوجتا ل لينا على أساس إنو هديك طابسة فيك للعمى و هي داخلة دخلة ماكنة على أساس إنتو شو يابا أنتو الشواام البلدي ، و هي بنت الضيعة الغبية .. قام شو طلعت ؟؟ ما طلعت البنت الدرويشة و خوزئتكن و خورفتكن بمتقدم و متأخر هالقد قدو و طلعت البنت بدها تلد بالشامي و بدها ديارة من عند"
461,"فيك تخرس ؟"
462,"لا يا سيدي ما رح اخرس"
463,"لهلأ ما عرفت ليش ما خليتني أقف مع أختي بهيك موقف"
464,"هلأ بيتن بيكون مليان ناس هاي"
465,"أيواا أنت هادا الي مضايقك الشغلة مو إنه توقفي مع أختك الشغلة إنك تدخلي بهيك مجتمعات"
466,"و شو عليه ازا الواحد تقرب من المجتمع المخملي يعني لازم تطالع حقدك الطبقي"
467,"حقدي الطبقي !! يعني كتير عاجبِك إلي عاملته أختك !! قال حفل خيري قال لك الي بدو يعمل خير مع الناس المسحوقين ما برميلو الفتات ، و يا ريت هدف إنساني من ورا هالشغلة المصلحة الشخصية هي الي بتحرك شي بيضحك عشان يصرف جلابياته بقوم بيعمل حفل خيري"
468,"طالما معترض على تصرفاته ليش لابس من جلابياته"
469,"هلأ شو دخل الجلابية بالموضوع ، أنا معترض عالمبدأ"
470,"الفنان العظيم المبدع صاحب الروح الحلوة من أبرز وجوه الكوميديا على الساحة الفنية رسم الضحكة على وجوه الملايين من الجماهير العربية خلال مسيرته الفنية الطويلة عبر عشرين عاما ليكون الوجه الثاني لفرح الناس ، الورقة الرابحة في أي عمل يشارك فيه موهبة كبيرة و تنوع مميز في الأداء شخصية محبوبة بكل المجالات كل الاحترام و التقدير للفنان يللي أمتعنا بأعماله المدهشة"
471,"لما يكمشوني رفقاتي طالعة مع حدا من الشلة و اقعد بررلن"
472,"يعني إنتو ما تآخذوني بهالكلمة مو متل صباح خانم تسلملي عينا .... هي متلي زهراوية بتحب البسط إي إنتو الواحد بيقلكن عالطلعة قبل شهر و يا بتروحوا يا ما بتروحوا"
473,"هو و هي عايشين أجار ما في شغل مركز اجتماعي سيء حتى بالعيلة كانو ما يقدروه و مو شايلينو من أرضو روح و تعا و اسكوت"
474,"حتى لما احتاجوه يكتب قصيدة قال بالمشرمحي أنا مو قابضك و محسبك أجدب و عقلك جوزتين بخرج ، أنا قلت عنك فلعوص و عينك جوعانة و شرشوح"
475,"كانت هالنوع من العلاقة تستفزني يعني كنت قول يروح يشتغل مالازم يسمح لحدا يحكي معو هيك لازم يعتمد ع حالو الفجعنة عالأكل كنت ما حبها ب هالشخصية"
476,"رغم هيك لما يكونوا بمشهد بالبيت هي تضل تمدح فيه و تتغزل فيه تضل تشد على إيدو و ترفع معنوياتو الحب اللي جمعهن صبرهن على عدم الإنجاب .. كانو رضيانين ببعض متل ما هنن ما يهمهن أي حكي و ان انزعجوا من موقف يطبطبو لبعض حالة حب فريدة في قمة الفقر"
477,"أنا حكيت لرفقاتي إنو صار لازم أتزوج .."
478,"شوف عمي في عندي وحدة هون بالسوق طلبك و مبتغاك بتشتغل عالماكينة درز عرفت شلون ، بتجيب قرشين حلوين صدقني بتعينك"
479,"بتجنن و بنتها قمر ما شا الله قمر"
480,"شايفة هالمنظر يخرب بيتو قدي بيكون خارب بيوت عالم قوم خلينا نروح عالمخفر خلي يعترف قدامك بكلشي خلي يعترف متل الكلب"
481,"لحظة لحظة هلا هو عرف وين ساكنة !!!"
482,"ليش عم تسأل ؟"
483,"عم اسألك جاوبيني !!!"
484,"من وين بدو يعرف إذا أخدني من على الطريق و زتني بين البساتين يعني معقول نروح لعند الشرطة و نقلون تفضلوا خدوا هي المصاري"
485,"ليش القصة قصة مصاري"
486,"هلأ صارت مصاري"
487,"معقول .."
488,"إي معقول أنا مصدقك و مو بدك ياني صدقك و أنا مصدقك"
489,"و كرامتي"
490,"مو قلتيلي إنو ما لمسك و لا قرب عليكي .. أنا مصدقك أنا جوزك و أنا حبيبك و إنتي حبيبتي و بالأخير صك البراءة بتاخدي مني"
491,"و حقي .."
492,"حقك ليكو الله بعتلنا ياه .. لا تطلعي فيني .. طلعي بحيطان البيت يلي مو إلنا طلعي بحالك طلعي بابنك يلي برا و صرلك سنة ما شفتيه متل الخلق كلو مشان شو مشان تسندينا و تسندي البيت"
493,"من أكتر الحلقات المستفزة و الممثل بهل دور جسد أبشع مثال للنفس البشرية"
494,"لما كل العيلة بتعرف حقيقة نجيب و كيف أنقذ حياتو للمغربي علال بحرب تشرين .. بهلحلقة كلنا اتعرفنا على شخصية نجيب الحقيقية"
495,"نجيب متل ما كلنا منعرفو هوي موظف بسيط و رب أسرة متوسطة الحال و هوي شخص عندو مبادئ و متمسك فيا ما بيقبل مساعدة من حدا خصوصا من عديلو و ما بيسمح لحدا يشوف حالو عليه يعني عندو عزة نفس كبيرة"
496,"بهلحلقة هي بتبينلنا شخصية نجيب من الداخل أنو هوي شخص بسيط و طيب جدا و صاحب نخوة بس ما بيعرف يعبر عن مشاعرو الداخلية"
497,"انو ليش ما حكيت كيف أنقذت حياتو لعلال بلحرب للعيلة ؟"
498,"شو الفايدة إذا حكيت ؟ بكبر بعيونكن يعني يمكن لو حاكيلكن القصة انا ما كنتو صدقتوني .. بس لأنو حدا تاني غيري حكاها لهيك صدقتوا و شفتوها شغلة كبيرة يا عادل نحنا عايشين بدائرة أو خلينا نقول بكرة أرضية و فيا مركز و الناس موزعين على خطوط الطول و العرض .. بس يلي بيكون قريب من المركز بيكون أقوى و مثبت حالو أكتر"
499,"و أنت على أي خط موجود ؟"
500,"لااا أنا خارج الدائرة كلا أنا مع الناس يلي عم تسبح بلفضاء الخارجي معدومة الوزن و الصوت انا واحد من الناس يلي لازم حدا يحكي عنن لانو بدون صوت ."
501,"هلحوار فعلا كان فعلا كان من أجمل الحوارات يلي مرت بلمسلسل فيا كتير ناس بعرفا بالحياة أو قريبة منا بكون قلبا طيب كتير بس ما بيعرفوا يعبروا عن المشاعر يلي جواتن و بدن حدا يفهمن أو يحكي عنن"
502,"كان بدو يعملن مفاجأة إنو ركب سماعة و صار يسمع كان مشتاق يسمع أصواتن و هون كانت الصدمة المؤلمة"
503,"شو فيها هالعلبة ؟ من إيمتى بيطلع منك متليك يا مأنشح .. شو هاد حلو عربي !! يحلا وبرك إلهي .. بذمتك ! يكون حاسس إنك عم تودع و يا رايح كتر ملايح لك رد عليي يا أطرش شبك هيك عم تطلع فيني متل الأهبل و الله أحسن شي بالدنيا انو الواحد يسب التاني ب وشو و هو ما عم يسمع .. وطالما معك كل المصاري ما تكتبلنا هالبيت و تريحنا منك يا ختيار الجن"
504,"ما في أبشع من الوحدة و خصوصي إزا بننجبر عليها و غصب عنا"
505,"احكوا للي بتحبوهن مشاعركن و أحساسيكن و ما تستنوا كتير لانو العمر بيمشي و الأيام بتركض و كله بيمرق من عمرنا"
506,"أنا واثق إنو رح يجي يوم يصير الهوا نضيف و البلد تتعبا بالشجر ، أنا ما رح شوف هداك اليوم بس أكيد أكيد ، لما يكبروا قوليلن إنو كان في واحد اسمو وسيم ، كان واثق إنه هالبلد لسة بيطلع منها خير .. رح تزرع شجر و رح توفر مي مشان يأدي الكل ... شو ما بدك قوليلو إنه هاد البلد لسه بخير و رح تعطي علماء و عباقرة و فلاسفة و فنانين ... كذبي عليه قد ما بتقدري"
507,"الهند نظامها رأس مالي ومع ذلك ما منعها انها تنهض و تتقدم .. الهند بتصدر علماء كمبيوتر لأمريكا .. أمريكا من كتر ما كترو عندها صارت تفتح مكاتب بقلب الهند حتى تحاسبهم على نسبة المعاشات هنيك ... نعم هاد ظلم ! ... بس كل هالشي ما منعهم إنهم يتطورو و يتقدمو أنا بتراودني أفكار سوداوية من وقت للتاني مو لأني وطني بس لأني وحيد"
508,"هاتلك كاسة شاي خمير أكرك عجم و جيب سطل مي شربو للحمار"
509,"ليش من إيمتى كانت القهوة بايكة نطعمي و نشرب فيها الحمير ؟؟"
510,"لاه يا مسلم شو فيها إزا شربت الحمار ! اعتبروا متل أخوك"
511,"أول ما بتشوفوا لاعب خصم استلم الطابة فورا بتهجموا عليه متل القضا المستعجل حتى ينعما على قلبو و ما يعرف شو يعمل بالطابة"
512,"طيب إزا شلحناه الطابة نهجم ؟"
513,"لك شوو نهجم يخرب بيتك ليش نحنا قادرين نهجم إنتو الحشو الطابة لقدام و سلمو أمركن ل الله"
514,"أنا شو بدي ساوي ... شو بدي أعمل أنا عايش على حسك بالبناية بالحارة لمين بدي أشتري بسكويت بحب ريحتك ريحتك يلي بتشبه ريحة الصبح يلي بتشبه ريحة الياسمين بجنينتكن يلي بتشبه طبخ أمي و يلي بتشبه كعك العيد أنا بموت عليكي"
515,"مشفى كامل ما فيه خيوط نايلون عم يخيطو بكروميك بشو كروميك هذا أولاً ، طبيب مناوب بدو ساعة ليوصل ، صور أشعة ما بتنشف لأنه التحميض سيء ، إذا حدا بدو يحلل بول بيتوفى من ريحة التواليتات قبل ما تطلع النتيجة ، و الممرضين بدك تجريهن جر على شغلن إي هذا مو مشفى ،، هاد خان ! هي ما صارلنا كم يوم و لسة ما حكينا عالتعقيم اللي مقتل بعضو ،، يا ستي رضيانين بالنضافة ليش البني آدم ما لو أي قيمة بمستشفياتنا هاا صحيح لأنه حالة"
516,"الله يرضى عليك يا ابني بدك تشفلنا ساعة الكهربا"
517,"ليش شبها ؟؟"
518,"بدك تقملنا الشغلة اللي حاطينها بقلبها"
519,"و شو هي الشغلة ؟"
520,"هذا المغناطيس اللي حطيتوه مشان ما تمرك علينا"
521,"إي إي عرفتو ليش ؟"
522,"عم يدورو من مؤسسة الكهربا عالساعات بالدويلعة .... الله ستر ما لحقنا الدور امبارح"
523,"و إنتِ مين قلك ؟"
524,"العالم كلها عم تحكي بالقصة .. أم نسيم هلا حكتلي و في عالم كتير اتبهدلت و شحطوها عالمخفر"
525,"امي مو أنا اللي حطيتا قولي لفادي لأنه هو بوقتا اللي جاب الكهربجي"
526,"فادي من الصبح طلع عالشغل الله يرضى عليك قوم جبلنا كهربجي"
527,"إي حاضر أمي .. بس ربع ساعة"
528,"ابني لك شو طالعلك بالسقف بتضل عم تطلع فيه ؟؟"
529,"يلا قايم أمي خلاص ليكني قمت"
530,"ليش لهلق ما تزوجتي رغم إنك حلوة و كنتي ملكة جمال البادية عام 2000"
531,"انشا الله"
532,"لا جد ليش يعني سؤال مشروع و إنت حلوة مفروض تكشي العرسان عنك كش"
534,نصيب
535,"معناها إنتي متطلبة او معقول ما في حدا"
536,"لا و الله ماني متطلبة و كان في كتار بس ما صار نصيب"
537,"ندمتي لانو رفضتي العرسان"
538,"إي يعني أكيد كان في أشخاص مناسبين و ما كنت بالوعي الحالي لحتى آخد القرار الصحيح"
539,"ما بصير عانقك مو ؟ طيب عطيني أيدك عالأقل متل زمان نفس القوة نفس الحنان ، نفس اليأس هالمرة كان لازم ودعك ما عد نشوف بعض ؟"
540,"ما حدا بيعرف ممكن تتكرر هالصدفة"
541,"بالحياة ما في صدف كلشي مكتوب"
542,"بيتقرر يتم تصوير مسلسل ببيت شادية و برهوم من بطولة ممثل مشهور بين النّاس بأنّه عطول بيمثّل الفقراء و بيحس بمعاناتهن و على أساس أنو صاحب قضية"
543,"كانت مايا من المعجبين فيه جداً لدرجة بلشت تتقمص مصطلحاتو ، و قدستو جداً و من خلالو فتحت عيونها و اكتشفت أنها شخص بلا قضية حياتية .. كانت ناطرة نهار التصوير لتشوف حلمها عن قريب ، و لتتعرف عصاحب القضية العظيمة .. و المشاعر الإنسانية"
544,"إلا أنها بتتفاجئ بأنو كل هاد كذب و ما هو إلا هالة و وهم عاشت فيه ، بتفوت بحالة اكتئاب عحلمها الضائع و خذلانها اللي كانت هيّ سببو بصراحة !"
545,"نادية بتقلها حالتك هي ذكّرتني بالحلم المخذول اللي كنت عم اقرأ عنو بالكتاب و ذكرتني بالمستشرقين لي ضلّو يحلمو بالشرق و يتخيّلوه و بعدين كتبوا انطباعاتهن عنّو بعد ما رجعوا"
546,"حتى في واحد من بيناتهن بعد ما راح عالشرق بعد طول انتظار و تشوّق قال بما معناه انو أنا لمّا رحت عالشرق و زرته فقدت حلمي"
547,"و كمان كتب انّو زهرة اللوتس لشخص ما راح عالشرق أبداً فهي لساتا زهرة لوتس ! بس بالنسبة إلي فهي مجرد نوع من أنواع البصل"
548,"بترد عليها نعيمة من الأول قلتلها لمّا عرفت انّو القمر هو صخور و تراب و حفر ما عاد صفي عندي قمر ، بقا يا ريتني ضليت على عماها كان أحسن"
549,"المشكلة مو بالشخص المشكلة فينا نحنا ، نحنا اللي منكبر الوهم و منرسم صورة للشخص بخيالنا متل ما نحنا بدنا مو متل ما هو فعلاً كل البشر إلهن سيئات و حسنات بالنهاية ما حدا مُنزّه و مو ذنب الشخص لو حقيقتو طلعت نقيض خيالنا ، نحنا بخيالنا منخلّي الشخص ملاك منزّل هي مو مشكلتو هي أخطائنا نحنا"
550,"الحمد لله أنا خالية من التجميل لاني جميلة من الله و أنا متقبلة جداً للشكل اللي خلقني الله عليه"
551,"شو بدي اعملّك إذا كانوا هالفرنكين الي بتعطينا ياهن الدولة على أساس راتب كأنو مال حرام ب 2 ،3 الشهر بطير"
552,"قلتلك يا جمانة الغنى بالغربة وطن و الفقر بالوطن غربة و قررت سافر لورا المحيط فتحتيلي مناحة إنتي و ولادك شو بدي أعمل رضيت بالهم و الهم ما رضي فيني شو ساوي اشتغل حرامي ؟!"
553,"انتي عم تهولي الأمور شوي يمكن إذا عطيتي فرصة يمكن تتعرفي عليهن أكتر و يتعرفو عليكي"
554,"ما بدي ماني مضطرة ، انا امبارح كنت غيرانه منن كلن ، لأنن عرفوك قبلي و عاشوا معك أكتر مني ، بنفس الوقت انا ما فيني اطلب منك تكون الي لحالي ، بس انا بدي ياك لحالي ما فيني قلك خزق صور ليلى و ماضي ليلى و ذكريات ليلى بس انا بتمنى ما يكونوا موجودين من أصله مبارح لمّا شفت نارا متحاوطة بخالاتها ارتعبت قلت لحالي وين انا منن على فكرة بنتك دوقتني المر لحتى وصلنا لهون كمان انا ما فيني قلك بعّد نارا عني ولا بقدر دوق المر كل يوم عم تفهم عليي عادل ، انا بحبك كتير !! بس بدون ماضي و بدون ذاكرة و مو أنا يللي بتقبل تلغي ماضي و تمحي ذاكرة"
555,"ليش مين أخدها لجمانة ؟"
556,"شنتر حفانا"
557,"دخلك ليش اتطلقوا ؟"
558,"البنت قالت عنو جلدة و بخيل و قالت عنه طباعه حدة و قالت عنه غشيم و قليل دربة .. هو قال عنها بهيمة و دبة .. هي قالت عنه نص مجنون و طبعه نادر ... و هو قال عنها بتكسر صحون و بتهري كنادر"
559,"المهم اتطلقوا ؟"
560,"اطلقوا و ما حدا سمى عليهم بس وين شايفتك أنا ؟"
561,"آه ما بعرف"
562,"طيب جارتنا انا عيوني شو عم تحكي"
563,"عيونك عم تقول يا بنتك وحيدة يا خلفتك كلها بنات"
564,"و كيف عرفتي"
565,"أنا ما بعرف أنا بحس"
566,"آخر غزوة عملتا على المطبخ كم رغيف قرطت ؟"
567,"هو رغيف أكلنا معو مكدوساية !!!!"
568,"مو مزبوط هل حكي ... أنا رحت عديت لترغفة قبل ما تفوت .. قمت رجعت بعد ما طلعت بدي عدون تاني مرة لقيت الكيس عم يصفّر !!!"
569,"يبو على راسي هل حكي من فوق تلت ترغفة أيش بدك تسويني أنا سبب المجاعة"
570,"لأ مو مشان لتلت ترغفة بس مشان المكدوس نحن بالعادة مندهنو هيك على لمرقدة ... أنت بتحطون وحدة ورا وحدة و بتطلع حواليك إذا ما لقيت حدا بلجوز بلجوز صفاً ثنائياً"
571,"الله يلعن أبو العشق و أبو صاحبو"
572,"بتسكتي و لا بقوصك"
573,"الله يرحمو لبيّك"
574,"الله لا يرحمو لكن هاد منخار بتورتني ياه"
575,"مو عيب تحكي هل حكي لك إسماعيل كل مين على خلقة ربو في مين تحبو"
576,"قلي شو قلتلا لسلمى"
577,"قلتلا متل ما قلتلي"
578,"قلي شو قلتلا"
579,"قلتلا بسلم عليكي الأخ إسماعيل كتير كتير و بيقلك إنو هو بحبك و كل يوم ميألفلك مية موال"
580,"مية مية الله يلعنك مأجحشك أنا قلتلك ألف ألف .. يرحمو لبيك رجاع لعندا و قلا ألف و قللا بيقلك مستعد يصيدلك كلشي في عصافير بالضيعة"
581,"تضرب منك إلا .. انخزق بنطلوني"
582,"روح قلو بتقلك سلمى الله لا يطيب عيشاك و الله يلعنك و يلعان هيك مواويل و قلو كمان الله يكبر عقلك قد ماهو منخارك كبير"
583,"ستي بي ستي شو بيساويي"
584,"رو قللا بسلم عليكي الأخ إسماعيل و بقلك الله يبعتلن لعيونك بالعما شو شايفي حالك و الله يبعتلك زيعقة تقضي عليكي و ع كل عيلك"
585,"الله يرحموو لبيك و الله لو كان عاييش مكان خلاك تتمزرط عليي هالمظرطة تفوو الله يلعن هالخلفة"
586,"ست بغال بست بغال يساوي ستا و تليتين بغل"
587,"و قلى لسلمى إذا بتتجوزني بطوبلى قلبي و روحي و الليمونات"
588,"يا ست خديجي يا ست خديجي ريحي حالك"
589,"تعا تعا قطعلي لسيني و الله بدي بفسخ حالي الله يلعن أبو هل عيشة"
590,"و الله بدي فساخ حالي مشانكين"
591,"هالحيوان .. ابن الحيوان .. بيو قتل بيي و ما حكيت ولا كلمة .. وقت تخرجت شافني و قللي أنت جبان ما قلتلي أنت جبان و كمان ما حكيت ولا كلمة متل أبيقولو العفو عند المقدرة .. امبارحة بقى تواقح و ضرب أمي .. ضرب أم عامر .. و بعتقد ما حدا حيلومني عالشي اللي رح ساويه لأني سامحت كتير .. فوق أبتتصورو .. بس هلق و هووون ساعتين بس و رح يبين الخمير و الفطير"
592,"إنسان عايش وحيد بلا عيلة بكون يتوسل لجاره يشرب عنده كاسة زهورات حتى يحس بإنه صار بالبيت نفس و صوت"
593,"عساف شخصية بتمس كل واحد فينا بطريقة أو بأخرى أحيان كتير بكون حواليك ناس بحبوك و بتحبهم بس قلبك لاهف لمكان غير لأشخاص غير مش لأنك ما بتحب يلي حواليك بس هاد شعور شوق و حنين بيولد تلقائياً و لحظياً بتخف وطأته تدريجيا لحد ما تعتاد و بتكتشف بالآخر إنك معتاد و بصير بدك تبني عيلة متماسكة تحب اللمة على كاسة زهورات بلا عزيمة"
594,"يا أبو نبال الله يخليك المرا عم تقلك مالها علاقة ابنها اللي عمل العملة"
595,"أنا مقصرة مقصرة معك حق و الله مقصرة بعرف الحق عليي"
596,"ولك أنا هالحكي ما بيخرط مشطي .. يا بتجيبي ابنك النس لأقطعلو لسانو و كليتو يا اما انتي اللي بدك تتحملي"
597,"اسمع يا معلم .. انت باينتك رجال معلم و بتعطي أوامر قائد يعني مو حلوة القائد انو يتقاوى على مرا .. اعطي هالسكين لولد صغير بيعمل أكتر منك بنصحك إذا ناقحة عليك رجوليتك ما تعمل هيك لأنو التاريخ ما بيررحمك"
598,"تاااريخ !! لك الله يلعن أبو تاريخك على تاريخ هالطينة النسة سمعاان أبو الشباب صارت تحكي بالتاريخ .. بس طالما نطقتي بالتاريخ انا حاضر متل ما بدك رح جبلك مرا اطالعلك كليتك"
599,"انت عن جد طيب و ابن حلال يا عبود"
600,"و الله يا أستاذ طيب يمكن بس قصة ابن حلال هي فيها وجهة نظر . ما بعرف مين أهلي بيجوز يكونو ميتين و بجوز كون يتيم الأم و بيجوز اتنيناتهم عايشين لهلأ ، انا عايش لحالي هيك لوحدي بلا عيلة و بلا شجرة انا غصن طالع لحالي"
601,"قصدك إنك .."
602,"إي إي انا لقيط ليش متلبك هيك . إي فيها قانون بحالو بإسمي"
603,"انا ...... آسف ما قصدت"
604,"لا لا يا أستاذ آسف على شو ؟؟ على وحدة كان مفروض يكون اسمها أمي !"
605,"انا هلق شو بدي اعمل كيف بدي عيش ؟؟"
606,"بدك تعيشي عنا"
607,"على طول ؟"
608,"ما بدك تعيشي عنا على طول ؟"
609,"انا بدي بس انتو ما بتقربولي .. بيصير ؟"
610,"إي طبعا بيصير نحنا أهلك و أخواتك و بيتنا هو بيتك بس نحنا مالنا أغنياء يعني ما عنا كتير مصاري مشان هيك ما بنقدر نجبلك كل اللي بدك ياه"
611,"بس انا ما بدي شي أصلا حتى أمي بتقول أكلي قليل"
612,"بس اللي بدو يقعد عنا بدو ياكل كتير ههه"
613,"و إذا ما قدرت ؟"
614,"انتي كلي اللي بدك ياه و إذا حدا ضايقك أو تغالظ عليكي خبريني"
615,"مين بدو يتغالظ عليي"
616,"رشيد مثلاً"
617,"إذا رشيد انا بقدرلو لحالي"
618,"طيب وإذا حدا من ولاد المدرسة مثلاً"
619,"كمان بدي روح عالمدرسة ؟!"
620,"إي طبعا كل يوم بوصلك على مدرستك و بعدين بروح على مدرستي"
621,"و إذا سألوني مين هاد ؟؟"
622,"قوليلن أخوكي"
623,"لاا رح قول ابن عمي"
624,"ليش ؟!"
625,"مو انت قلتلي بدك تتزوجني بس أكبر"
626,"ههههه إي صح"
627,"و بلا مربى منعيش بلا مربى شو هالشغلة يعني ضلينا سنين عايشين بلا سكر بلا سمنة بلا رز بلا محارم و محرومين و جوعانين و مع زلك بتضل مناخيرنا فوق فوق لك ملوك الصمود و التصدي نحنا"
628,"عجب السبب من الفول أمي فرطت أبوس ربك"
629,"اعده مع حماتي ولا قال اشو حكتها رجلها و اشو قالت مشو درب ولا تعب قلب"
630,"يعني مشي شقد ما بدك ولا توجع قلبك مع حدا جاهل"
631,"عقولت حماتي كل قمحة مسوسة و إلها كيال أعور"
632,"منيح حماتك الها كيال أعور نفقت و خلفت"
633,"انا اللي بعرفو انو حتى تكون حلبي اما عم تدرس أو بإيدك صنعة"
634,"لحتى تكون حلبي لازم تكون عم تشتغل أو اذا قاعد بالبيت تفكر شلون تشتغل"
635,"لحتى تكون حلبي لازم تعطي غيرك ممكن تفكر تزكي او تساعد او أي شي لانو هي سمة كانت بحلب لفترة كتير طويلة"
636,"لحتى تكون حلبي لازم تكون بأي مكان عم تسعى تكون من الأوائل سواء بالدراسة أو بمجال المهنة"
637,"لازم ما تسكت للظالم لانو حلب بتاريخها أكتر من مرة تحاصرت و مرات اكلت الناس الحشيش وما رضخت للظالم"
638,"بيتك لازم دائماً يكون مفتوح وما تطلب من حدا يعمل تلفون و يحدد موعد ليزورك لانك جاهز ديما للضيف"
639,"لازم بأي مكان بتواجد فيو بتعرف اش المشروع اللي ممكن ينجح فيه"
640,"لازم تكون مغامر و قلبك قوي بالشغل و الناس اللي بتشوفو فشل انت بتشوفو محاولة أولى وما بتنكسر و بتكمل لتنجح"
641,"كتير شغلات ضرورية لازم تعملا لحتى تنتمي لروح المدينة بس إزا ضليت طول عمرك تاكل كبة هاد ما بيدل انك حلبي"
642,"شقد بكره اللي بيختزل حلب بالأكل بس ، كتير فيه إجحاف بحق مدينة تعد من التراث العالمي و بؤرة اقتصادية لا يضاهيها أحد ارتقوا شوي يا حلبية مو كلشي أكل"
643,"لحتى تكون حلبي لازم تتذكر المحتاجين قبل ما تتذكر حالك خاصة بالأعياد و المناسبات و لأنك حلبي فهاد بيعني انك صاحب نخوة و ذوء و فهم"
644,"دراويش دراويش يا خيو دراويش عالخبزة و الكبة نحن منعيش اتضلو"
645,"بابا غنوج باله ببو بجم بدلة بح بحبح بحبوح مبحبح بحّر بحش بخن بدار برّة براكة بربر بردعة برّ برم مبروم برطع الكر برطل بَرَك بزمار بسة بص بطح بعج العجين بقبش بقسة بلاط بِلط بهدله بهلول بور بخن"
646,"بتقول نانتي اللي متربى عالنكران بتعطيه العسل بيقول قطران"
647,"بفترة الخطبة بيجبلا الدح و بس يتجوزو بيصير كلشي بح"
648,"يلي حظها قوي بتجيب البنت قبل الصبي"
649,"عند الناس كلها بوشار إلا عندنا نحن الحلبية منفوش أبوس روحنا شقدنا نيقا عن الخليقة"
650,"نحن بنحكي الكلام الموزون المنفوش لأنه بينفش البوشار اش بيعمل يعني"
651,"الخابية الملفحة بالخيش ... مين شرب منها"
652,"مين متزكر هالئبوعة كان يحطها جدي الله يرحمو"
653,"يلي في بيت أهلو على مهلوووو"
654,"خلي العسل بجرارو لتغلا أسعارو"
655,"لا توصي بحريص ولا تبيع برخيص"
657,"إلنا من الحزمة من العود و الله الحزمة هي الأساس إذا الحزمة مدودة لابد العود للكب"
658,"بيت احماي دقا أديمة"
659,"نعناع و فليفلة و ملح ليمون"
660,"ميت مرة لا تتبهور قدام الناس"
661,"راسي تقلان عبشد عليي ميكن ما عبغضر أشيله"
662,"انا مرة ضرسي وجعني قلعته"
663,"انصح ولا تفضح و عاتب ولا تجرح و خلي للصلح مطرح"
664,"قال قتلني قطعتلي راسي صالحتني منين بتجبلي راسي"
665,"قاتلني و كبر الجرح وما ورا الا الصلح"
666,"ان عاتبته وجبته و لو استحا ما قالها العتاب للأحباب العتاب يصفي النفوس"
667,"لا تضرب و تغمّق الجرح ما بعد القتيل إلا الصلح"
668,"طلع جوزي فوزي على أرض الحوش و قطفلي هالبانجانات و البندورات و الفليفلات و البقدونسات و عمل البانجانات الصغار مكدوس و أعور الكبار و قلي يا مرة ساويلنا طنجرة محشي برغل الله يرضى عليكي بس بدون لحمة و هون بقى صرنا ناخد و نعطي ما بصير بدون لحمة و هو يقلي بصير بدون لحمة انتي عمليه بدون لحمة و شوفي شلون بدو يطلع ما رح يفرق شي مالكم بهالطويلة كملت فرم التبلة لانو هو فرم نص و حشيت هالمحشيات و طبقتهم بالطنجرة و طبختهم ... اش طلعلكم محشي !!!! محشي اللايق منظوم نظم"
669,"ماني يا حبيب ماني رح اكل عند الحلواني"
670,"مأطيب المامونية بسكر قلبي عليها تحسر على مين أخدها و بكّر و فطرها عند البستاني و يا أخي ع الشعيبيات اذا كانو صبحيات في بستان الجانكيات بفطرهم مع أخواتي"
671,"اويها و عملنا مكدوس اويها و صفيناها صفوف صفوف اويها و اللي ما بيصلي عالنبي اويها تقرصو حية بسبع روس"
672,"عقولة جدي و خنان"
673,"كانت أمي تقول اذا عجبنا الكحل مندنبو"
674,"اذا عجبنا الكحل مندنبو يعني مناخود اخت الكنة لابننا التاني"
675,"الدنيا بالضيق بتورجيك مين بيبيعك و مين يشتريك"
676,"فقس من الوج"
677,"فقس الحليب"
678,"فقس3 البيض"
679,"إذا انت أمير و أنا أمير مين بدو يرعى الحمير"
680,"سلق إلا سبانخ قلو الدورة علي يستطعم ، يعني مو عرفان سلق من سبانخ"
681,"مو عرفان طيخة من البطيخة"
682,"الأب زرع و جاع و الابن شبع و باع"
683,"جيبو بنات و لا تبركو بطّالات"
684,"أولشتو إلا انشلشتو"
685,"طعميتني و سقيتني عن امي و أبوي ما غنيتني"
686,"حتى تكون حلبي لازم تكون عامل من هالشغلات بزمانك"
687,"صلّيت بجامع الصدّيق وطلعت اشتريت فستق حلبي من بسطة على باب الجامع"
688,"لازم تكون جبت حليب غنم ولبن من عند الصقال بالجميلية"
689,"لازم تكون دايق المشاوي من مطاعم بستان كل آب ومعهم حمص من عوجة الجب"
690,"لازم تكون آكل هيلطية من عند النخيل وحلاوة الجبن من عند سلورة"
691,"نئش بتنقال للمسخرة على حدا طبعا مين كان يستعملها"
692,"تخرتشوف جو منان_هو هاكليوم مجا مينوهاكا دي_دي ساكي مينغل_نغل مزنبر هوكي منقول"
693,"اخوكي الكبير لساتو حنون عليكي ولا غيرو الزمن والبعد"
694,"الشخص اللي عنده القدرة يحسسك بالأمان أفضل من الشخص اللي بيحبك بس بيخليك دائما خايف"
695,"شو الطريقة حتى تخلي الناس اللي حواليك تحبك"
696,"عمرينهن ما يحبوني فيهن عايشة وبلاهن عايشة ومبسوطة أكتر مابيجي من ورا الناس غير وجع الراس"
697,"مافي شي بخفف من نكد يوم الجمعة غير إنك تشرب متة وأركيلة مع حدا مهضوم من برج الحمل أو الحوت"
698,"إي والله القعدة معي بترد الروح هههههه برجي الحمل"
699,"إي منيح ... ناس آكلي هم المدارس والمكدوس والمونة والغاز والكهربا والمي ... وناس مو فرقاني معها ... إي انشاالله خير"
700,"أنواع الكناين بموسم حواش الزيتون"
701,"الكنة المغلوب ع أمرها كل الشغل عليها تلقيط الفرط والنقل وآخر شي لا حمدا ولا شكورا وبتاخد متلها متل غيرها وبتكون بالعادة قاعدة عند حماتها"
702,"الكنة الموظفة هاي ما بتنزل إلا بأيام العطل وحجتها معها أنو عندها وظيفة وموقفين الإجازات وبتنزل متكحلة وكل شوي بتاخد سيلفي وبتنزل عالفيس وبتكتب كان يوماً مرهقاً وجميلاً"
703,"الكنة أم لسان حلو هاي بتنزل آخر النهار حاملة ومحملة وبتبلش تملق بالحكي حقك عليي يا مرت عمي والله الصغير أخد وقتي والله لو عليي أحب ع قلبي إجي معكم من الصبح بس هالصغير مش ساكت"
704,"العروس الجديدة أو المخلفة جديد أو الحامل هاي بخلوها بالبيت مع الصغار ع أساس هايدا يعني دلال وراحة إلها وهي المسكينة بتتحمل ألف جميلة انها مابتنزل مع العلم والله الزيتون تعبه أرحم ألف مرة من شغل البيت والطبخ وطوشة الصغار"
705,"الكنة المخطوبة بتقضيها مع خطيبها ضحك وحكي وكل شوي بيروحوا يعبوا مي"
706,"حالات نص البنات هلق رجع أيلول يلي بيشوف بيقول عايشة قصة حب بهل شهر وهي قاعدة عشغل مكدوس وعمل موني وتجليد كتب"
707,"مو غلط صهرك يعزمك ع هيك مشاوي اليوم عالفاضي الصهر مسند الضهر"
708,"مابقصروا صهوراتي الحمد للله الله يديم العز عليهون ويرجعلنا الغايب بالسلامة"
709,"الزلمة اللي بياخد رأي مرته بالصغيرة والكبيرة ماذا يسمى ؟"
710,"يعني ع أساس بشو عم ياخد رأيا برحلة ع المالديف ولا مشوار ولا ب هدية هوي بياخد رأيا وقت بيبيع الدهبات او اذا بتاخدلو قرض او هيك قرارات الديمقراطية مو إلنا"
711,"رو-ترو جا الباظ لوزمانبيدي منطلايع الضو عند خيتا شدّوق استوتو معقوصة ليبتي وخينتي"
712,"قواعد القهوة العشرة"
713,"لا تحط سكّر عالقهوة"
714,"القهوة بتنعمل بركوة نحاس على نار هادية"
715,"القهوة بتنعمل مي سخنة حتى ما تروح طعمة البن .. اصحك تقلل مروة وتحط البن ع البارد"
716,"فظاعة إنك تشرب قهوة حلوة متل القطر أو حتى لو سكر خفيف هيك عم تهين القهوة"
717,"مهما كنت متأخر اصحك تكرع فنجان قهوة الصبح عالسريع بتزعل منك القهوة بعدين"
718,"وقت تفتح علبة البن شمها وقت تحطها بالركوة شمها وهي عالنار شمها وقبل ما تشربها شمها ... شمها بقلبك مو بأنفك"
719,"لا تصدق يلي بقلك دلق القهوة خير ... بالعكس حرام القهوة تنكب ويمكن فنجان القهوة اللي اندلق هو اطيب فنجان عملتو بحياتك"
720,"حلاوة القهوة بمرارتها اذا ما بتحب مرارة القهوة معناها ما بتحب القهوة"
721,"القهوة عملها بإيدك لا تطلب من حدا بيعملها"
722,"بصراحة يا ماجدة أنا بخجل عبّر عن عواطفي ما بعرف ليش ، يمكن بحكم بيئتي وتربيتي ما تعوّدت على إني بوح أو فضفض يعني المسألة إلها علاقة بالتربية"
723,"مثلا الاحتفال بالمناسبات مسألة إلها علاقة بالتربية مشان هيك أنا لهلق بنسى عيد زواجنا مع إنه صرلنا متزوجين أكتر من 25 سنة وبنسى عيد ميلادك لاني ما تعودت من صغري إنو حدا يحتفل بعيد ميلادي"
724,"مشان هيك كبرت بدون ما إهتم بهالتفاصيل هاي مع إنها تفاصيل لذيذة وحلوة بتخلق جو حلو وبتقرّب الناس من بعضا"
725,"يا لطيف يا عفوفة هي أطيب كاسة متة بشربا بحياتي كلها"
726,"إي بعرف كل أهل الضيعة هيك بقولو هاد الختيار صالح جايب متة جديدة أحسن من القديمة"
727,"شبك ولو عفوفة هلق أنا مستطيبها لأن قديمة أو جديدة"
728,"لكن ليش ؟"
729,"لأني معك وبقربك وبحذائك"
730,"مالك بقلو لعديلو برهوم : برهوم أنت سكوت برهوم اقعود برهوم شو عم تحكي أنت برهوم هلأ مو وقت موضوعك برهوم وقف أكل"
731,"الأوامر اللي انهالت ع برهوم دفعة وحدة وطريقة قمعه وتسكيته وفشة الخلق فيه رغم أنه الموقف الأسري اللي كان صاير هو مالو ذنب فيه أصلا"
732,"السبب الرئيسي لكل هالأوامر هو برهوم بذات نفسه"
733,"مو عاطي حالو قيمة ولا مهتم بحالو ولا عرفان يخلي الناس تحترمو"
734,"مو بس لأنه فقير ، لا"
735,"كمان عديلهن نجيب فقير بس الكل بيخاف منو وبيخاف من ردة فعلو لانو عاطي حالو وزن روزة وقيمة"
736,"إياك تكون مساير دايما متل برهوم إياك تعودهن ع كلمة موافق وجاهز لا تخليهن يستغلوك ويخلوك أداة لتنفيذ مصالحهن"
737,"عبود : أهلين أبو صبير ... ما قلتلي .. عشقان ما ؟ بدك تتزوج"
738,"صابر : آآآآخ لك يا أبو عبيد آآآآخ"
739,"سعدة ما ؟ ايواه .... ايواه"
740,"سعدة إي ، وما تقلي إنها مطلقة ، كل اللي قعدتو عند هداك الكركم سبعين يوم بس"
741,"ما قلتلك شي ! ... ما قلتلك شي ! ... بعدين بيقلولك المطلقة أحسن"
742,"أنا ما بسمح أبداً إنو بنتي تعطس 19 عطسة ، عطسة ورا عطسة وزوجها يستكتر عليها كلمة صحة أو النشو"
743,"بابا قلك النشو شي ؟"
744,"لا أبداً"
745,"قلتلك من قبل أنو أنت حنون كتير"
746,لاء
747,"ليكني هلا عم قلك شيلك عن قصة الإجهاض ... لهفتك علينا مارح إنسالك ياها بحياتي حتى لما رجعنا على البيت ضليت حنون ومنيح معي ... كنت كرهانة الزلم بس راحوا بشفاعتك"
748,"طيب طولي بالك علي شوي لأنو جد بلشت أتلبك"
749,"يي ... طيب أنت حلو ... حلو بتسرق العين"
750,"على راسي ؟ عنجد في بنت بتتغزل بشب بقلا على راسي"
751,"مو الحق عليك الحق على يلي غازلتك"
752,"ممكن على قلة العادة"
753,"وانتي كمان حلوة"
754,"الله يجبر بخاطرك"
755,"والله عنجد عم أحكي مو جبر خواطر ... فيني صورك هلا ؟"
756,"حلا رجب يعني مافي كلام بيوصف موهبتها بكل عمل بتشارك فيه بصمتها واضحة وقوية"
757,"يعرب أنت بدك تضل مقضي هيك كل حياتك"
758,"ع التلفزيون و بحضر أفلام ، عندك شي تاني ؟"
759,"انت بهالبلد شو حياتك إن كنت فوق وإن كنت تحت مافي عندك غير نسوان للتطبيق ، تلفزيون لتحضره ، أكل لتتسممه ، في شي تاني .. ما فيك تحلم بشي ... هاد سقف سقف سقف طموحك فلا عاد تتفلسفوا على مخي"
760,"الحب من طائفة مختلفة دائماً بيكون عائق وشبه مستحيل وبسبب مشاكل كتيرة حتى بأكثر المجتمعات المتطورة فما بالك بمجتمع محافظ"
761,"هل الفلم بسلط الضوء بشكل غير مباشر على هل المشكلة بالإضافة لحب المراهقة يلي بيكون للبعض بمثابة حب أبدي وبالنسبة للبعض مجرد شعور غير واضح"
762,"رانجهانا فلم درامي رومانسي بيتناول قصة شب من الديانة """" البراهمية """" بيحب زويا فتاة مسلمة وبعد محاولات عديدة بيقدر يتقرب منها وبصير في نوع من العلاقة الطفولية البريئة لتكتشف عائلتها هل شي وتقوم بإرسالها لتكفي تعليمها هالشي ماخلاه يستسلم ليقوم بالعمل عند عائلتها وانتظارها لحين عودتها بعد 8سنوات بترجع وبيرجع الأمل بلقاء الحبيبة والحب الأول يلي ماتغير وما تبدّل ولكن الأمر بيختلف عند زويا يللي بلكاد بتتعرّف عليه ومع كل هاد بيكتشف أنو رح تتزوج من شب تعرفت عليه أثناء الدراسة بيكتشف سر خطير عن الشب يلي تعرفت عليه بيوم العرس بيحكي قدام الكل وبيدمر حبها وزفافها ويتخذ الفلم منحى انتقامي ومختلف بنهاية حزينة وصادمة بشكل مزعج"
763,"قدرنا ألا تجمعنا حياة"
764,"أي حياتنا صايرة متل اللحاف القصير ، إذا غطينا راسنا بتتكشف رجلينا وإذا غطينا رجلينا بيبين راسنا"
765,"عجبك البيت ؟"
766,"بجنن بجنن"
767,"يعني ناخدو ؟"
768,"مابدها وقفة أبداً يعني صحاب هل بيت يا أما مجانين يا أما مو عرفانين قيمة البيت"
769,"بعدين شوفي الحارة شو هادية ... بعدين لا تنسي هي حارة مسؤولين ها ... يعني هل ميزة هي بتسوا مليون ليرة"
770,"ليش بقا بعرفك مابتحب الدحوشة فيون"
771,"مومشان هيك أبداً بس لا تنسي هيك منطقة بتكون مدللة كتير ... يعني الكهربا والمي مابتنقطع أبداً .. التلفونات ما بتتعطّل .... المجاري ما بتنصطم .... جورة بنص الطريق ما بتلاقي ... يعني بياع غاز يفوت على هل منطقة هي ويطرطق على القناني مابتلاقي ممنوع يفوت لهيك الحارة ... بياع بطيخ يمسك هل ميكرفون ويجعر مابتشوفي بنوب .... حارة هادية بترمي الإبرة بتسمعي رنتها"
772,"اعمل يللي بدك ياه تزوج ألف مبروك"
773,"نادية أنا مابدي احكي معك من شان ما تقوليلي تزوج"
774,"من شان شو لكان ؟ من شان شو عامل التحليل ؟ من شان تقلي أنك صرت رجال وفيك تجيب ولاد ؟ المشكلة إنه تصرفك ما فيه رجولة"
775,نادية
776,"بلا نادية بلا بطيخ بسرعة روح تزوج وجيب ولد دوبك تلحق تربيه"
777,"نادية نادية ، خلينا نحكي أنتي دكتورة وكل يوم بتنقذي عشرات الحالات نادية هلأ إذا كنت عميا وصار في عملية ترجع لك بصرك تعمليها ولا لاء ؟"
778,"سامر أنا خلصت خلصت من جوا ما عاد عندي شي بينحكى وما عاد أقدر أسمعك حل عني خليني محتفظة بشوية كرامة بدل ما بزق على حالي وعلى غبائي"
779,"نادية أنتي بتعرفي منيح أنو أنا بحبك"
780,"لك العلاقة يلي بيناتنا ما عادت مستاهلة تكذب أنا كتير كتير تحملت خياناتك"
781,"بس أنا بحياتي ما خنتك"
782,"وهي أماني شو ؟"
783,"شو ؟"
784,"لا تجدبا حكيت أنا معها واللي قبلها واللي قبلها كنت قول لحالي يا بنت تجوزنا صغار وروتين عايشينه ** على طول وطبيب تجميل وحواليه بنات ونسوان ما فتح و رزق وأن ياحرام ما بيجيب ولاد يعني بررت لك كتير كتير"
785,"بس والله ما كان في جدي"
786,"معناته أماني شي جدي ؟ على فكرة أنا كتير فكرت إني خونك بس الله يلعن أبو الأخلاق ، شو ارتبط لسانك لا تخف ما خنتك مو مشانك مشاني أنا ، من شان الله لا تعمل حالك متأثر قلت لك العلاقة يللي بيناتنا ما عادت محرزة نتعب حالنا مشانها"
787,"لو في جائزة نوبل للتنظير والشعارات كان ماحدا بياخدها غيرو لربما الحل للواقع الحالي أحد شعارات أبو شيماء الرنانة"
788,"بسم الله الرحمن الرحيم الغالي مطيع أنا لم أعرف كيف كتبتو وأنا ماكتبتو غير أول مرة بس كنت خايفة وقت إيجت سهام و سجعتني ... من زمان وقت الحجة ضاعت قلت يا رب يا رب تطلع من نصيبي مو الحجة أنت .. بس النصيب غلاب عقولة وليد توفيق ... والله يسامح يلي كانت السبب قصدي رمزية .. أنا وقت يلي كنت صافنة بليل شفت قديشك معلم الله يشهد البلاليع ماعد طافت بالمرة وكبرت بعيني كتير كتير .. مطيع الحنون أتمنى فيك ان لاتنقض علينا لأنه مو حاطين """" لست زبقي """" لحمة بس قالت سهام بتنبلع بالسمن ولا حدا بحس عليها وأخيرا أنا بانتظارك ... اذكرني كل مادققت الثوم وغنت أم كلثوم اذكرني كل ماهب النسيم وغنى عبد الحليم اكتب لك بالمقلوب لكي تدوم المحبة بين القلوب"
789,"ليش ما قلتلي ... ليش خبيت عني ... أنا كشخص وارد مايكون عندي مشكلة ... بس أنا مو لحالي أهلي شو قلون أنت بتعرف حجم المشكلة """" جواد """" هي معلومة ما بتتخبى قلي شو أعمل فرضاً تزوجنا و إيجانا ولاد شو بدي ...."
790,"بدي ياكي .. بدي عيش معك .. بدي جيب منك ولاد أيلول أم و أب ولاد أفرح فيون يعرفوا أيمت عيد ميلادن وقلون إيمت إيجو بالصيف أو بالشتي بالليل أو بالنهار ... أنا شو ذنبي إذا أنا هيك"
791,"يمكن معك حق مو ذنبك بس الدنيا هيك"
792,"هي الحلقة جسدت الواقع لآلاف الأشخاص مكتومي القيد وكيف نظرة المجتمع ولو مهما صاروا ولوين ماوصلو بتبقى هل سمة عائق بكل خطوة بيقوموا فيها"
793,"شكاري : لا علاقة لي"
794,"دحِّق : انظر"
795,"وخِّر : ابتعد"
796,"كرمز : قرفص"
797,"طبشي : صحن"
798,"خاشوقة : ملعقة"
799,"دربة : حارة"
800,"جرداق : مطعم على ضفة النهر"
801,"جويدة : جميلة"
802,"بحيل وميل : كثير للغاية"
803,"عقرقة : ضفدع"
804,"شكون : ماذا"
805,"غادي - غاد : هناك"
806,"يازي : يكفي"
807,"شبيك : ماذا بك"
809,"جيدان : ابريق الشاي"
810,"نط الخبز خبازه لو ياكل نصه ) أعط الخبز للخباز ولو أكل نصه ("
811,"يركض يركض و العشا خبيز ) يضرب المثل للشخص الذي يجتهد ويتعب وبدون نتيجة ("
812,"إذا كان طباخنا جعيص اشبعنا مركة ) جعيص رجل فراتي لا يحسن طبخ الطعام ، ويضرب المثل في الشخص يقدم على عمل لا يتقنه ("
813,"ما باقي بالميدان غير حديدان ) ما باقي : لم يبق ، حديدان : رجل فراتي ضعيف وجبان مات الشجعان وبقي وحده ، ويضرب المثل في الشخص يقدم على عمل لا يتقنه ("
814,"يندل بيت بصيص ) يندل : يعرف ، بصيص : رجل ديري له بيت في دير العتيق لا يعرفه أحد إلا القليل ، ويضرب المثل في الشخص يعرف كل شيء مهما خفي ("
815,"درب سعيد درب أخوه ) سعيد : رجل فراتي اقتفى أثر أخيه الذي ذهب ولم يعد ، ويضرب هذا المثل فيمن يقتفي أثر من سبقه وربما يقصدون يكون مصيره الفشل )"
816,"كوْية بزَون ( بزون : رجل فراتي به علة فكووه بالنار فشفي ، ويضرب المثل في العلاج الناجع ويضرب أيضاً في التأديب والردع فلا يعود المذنب إلى ماكان عليه ("
817,"ياكل جفانات أبو عابد ) جفانات : أكفان الموتى ، أبو عابد : رجل صالح مدفون بدير الزور ، ويضرب هذا المثل في الشخص الذي يستبيح أموال الناس بالباطل ("
818,"جيبو مسعود للط الخدود ) مسعود : رجل فراتي يحضر المآتم وجنائز الموتى فيلطم وجهه ويبكي كثيراً ، ويضرب المثل في الساحات الحرجة فيحضر من يزيد الطين بلّة ("
819,"أنا عليّ التعب والخاثر لمشهور ) مشهور : رجل فراتي ، الخاثر : اللبن الرائب ، والمثل قالته امرأة في زوجها ، ويضرب هذا المثل فيمن يجهد نفسه ويأكل غيره ثمار تعبه ("
820,"خش القر بالقعقور ) دخل الضفدع في كومة الحجارة ("
821,"يا قيم الحق ) يا حي يا قيوم ("
822,"آني بطالوا ) أنا أخرجه ("
823,"يا قووش ) معقول ("
824,"هرعوا هون ) موجود هنا ("
825,"جيب موس ) سكين ("
826,"قرر ) غير معقول ("
827,"ضربو بالجمشي ) الحجارة ("
828,"تحت بتونك ) حذائك ("
829,"مش نعسان ، مش جوعان ، مش جاي"
830,"قلتلو ، وقَلّي ، قلبي"
831,"جوّد مليح : تمسّك جيداً"
832,"مِقيلز : فيه ارتفاع بسيط"
833,"عِميشي : وجبة عنصرها الأساسي هو البرغل"
834,"شو بالك مضبّع : ما بالك تمشي كالضبع"
835,"تتعوّاقش : لا تتأخر"
836,"شو بعلتك : ماذا دهاك"
837,"تِواخذنيش : لا تعتب عليي"
838,"عب يثوتن : إنه يدخّن"
839,"شبقو على خلقته : صفعه على وجهه"
840,"حَبلي : سور غير مرتفع من الحجارة"
841,"مزنقر : مكفهر الوجه و عابس"
842,"إنقرف : إنكسر"
843,"جيازي : بالوعة مياه"
844,"فوع : غطاء بالوعة المياه"
845,"قطّف : اسم علم مؤنث"
846,"فِرزان : اسم علم مذكر"
847,"يا نشمي : يا بطل"
848,"زقزوق : طريق ضيّق"
849,"شِفعا : قطعة من الأرض"
850,"فقع : انفجر"
851,"خلقيني : طنجرة كبيرة"
852,"سليقة : قمح مسلوق"
853,"حربوق : ذكي يحسن التصرف"
854,"طبك طبتك العافي : أي قمة الغباء"
855,"هلّق : الآن"
856,"أمساني : في ذلك الوقت"
857,"ما قشِعتوش : لم أراه"
858,"باكي : حظيرة الحيوانات"
859,"الله يعطيكي العافية أخت سها ذكرتيني بكلمات إلي سنين ما سمعتها"
860,"قر: للتعجب أو الحسد"
861,"ما هرعوش : ليس هنا"
862,"هرعو هون : موجود هنا"
863,"محلس : رقبته عريضة"
864,"متيس : عنيد"
865,"معصمص : نحيف"
866,"مدودخ : مختل التوازن"
867,"مترمخ : مسرور"
868,"بتون : حذاء مغلق"
869,"شلوخ : حذاء مفتوح"
870,"خفافي : حذاء رياضي"
871,"صاكو : جاكيت رجالي"
872,"دامر : جاكيت نسائي"
873,"شوصة : شارع"
874,"هوشة : مشاجرة"
875,"واحد راح على كرمو لاقا شب عبيسرقلو عنب إجا هذا الختيار ضرب الحرامي واحد عطبو راح الحرامي اشتكا للشرطة إجت الشرطة أخدت الختيار بس تحول على المحكمي وقف القاضي وحكم الختيار حكم ظالم إجا الختيار قلو طبعاً باللهجة الجبلي القديمي"
876,"حكمك قاسي يا قاضي و اني مظلوم ................ سمعني يا سيدي القاضي وبعدين حكوم"
877,"بدي احكيلك الحكاي من أولها .... بحياتك لا تقطّشني تكمّلها"
878,"مصيبتنا بهالولدي البعظ منها .................. بتستحيش من الشايب يا عيب الشوم"
879,"غريمي يلي قبالي مش من جيلي ................... عبيدعوس على شفافو مش قليلي"
880,"عملي حالو عنتر على قبيلي ................... لازملو فركة ذيني مع قصف خشوم"
881,"مغمقان : وعاء مصنوع من الحجارة"
882,"رجمة : كومة مصنوعة من الحجارة"
883,"بكيري : تعني بكر البقرة"
884,"نبقلوا قر : تعني ظهور ورم في الجسد"
885,"ربدي : حجر مستطيل الشكل"
886,"مطسس : تعني أعمى"
887,"مترغل : تعني مسرور جداً"
888,"مترمخ : تعني مسرور جداً جداً جداً"
889,"متمسح : إشارة إلى الغباء"
890,"مفرهد : تعني بشوش الوجه"
891,"مطخ : تعني بركة الماء"
892,"هبدوا كف فكّلوا نيعو : تعني صفعه على وجهه فخلع فكّه"
893,"خشعة : تلة صغيرة"
894,"ضاربك طساس العما : تعني عدم التركيز"
895,"بقسي : اسم علم مؤنث"
896,"علاي : عليه ، مثل الحق علاي وتعني أنه هو المذنب أو المقصر في الأمر"
897,"شوية اللخر : بعد شوية"
898,"تعا كل يوم : أداة للتخويت"
899,"شوو مشان : أداة للتساؤل"
900,"شووفي ما في : أداة للسؤال عن كل شيء بكلمتين"
901,"خملت : أي حسّبت ) ظننت ("
902,"لسع : ليس بعد"
903,"مصرع : تعني حدوث الشيء بأسرع من المتوقع"
904,"لا ولو : أداة تخويت و مسخرة"
905,"أحِّط : تعني حليق و باللغة الفصحى اذهب من هنا أيها الوغد"
906,"عم تبلتس : يعني فاتح فيس بوك وعم تظبط شي بنت"
907,"تطلع : شوف ) انظر ("
908,"خيوووو : تعني ... هاد يا أخونا الكريم"
909,"حل عني : طلاع من راسي"
910,"مااااااخرج : أداة للنهي والتملص"
911,"كفووووو : أداة نفش"
912,"كبيييير : أيضاً أداة نفش"
913,"وجّع : تعني وحسكة و علّة"
914,"طنط : شب محسوب بالغلط عالشباب"
915,"نيان : متل طنط"
916,"حاج نتمسخر : حاج نتخوت"
917,"دشرو : اتركه"
918,"ماني غضران : غير قادر"
919,"عم يزوغل : يعني عم يغش"
920,"اقطعله كرت : يعني احلقله عالناشف قطعله كرت حلقله عالناشف"
921,"الله يمنترك : لا أعرف شرحها مرة بقولوا لشي منيح ومرة لشي عاطل"
922,"تنزل عليك النزلة ............... دعوة خفيفة على حدا"
923,"مفشكل : أي غير مرتب ولها مرادف مخربط"
924,"بفرد مرة = معاً"
925,"يندفس ..... يعني ينام"
926,"يئبر بعضو ............. يعني يصطفل شو بنعمله"
927,"أبو شمسو : أشهر بياع حمص بأبو العوف"
928,"عمنوّل ...... وتعني السنة الماضية"
929,"أول عمنوّل : وتعني السنة ماقبل الماضية"
930,"حاجي عاد ...... أداة طلب للتوقف عن فعل أو قول"
931,"حبالتاي ........ وا أسفاه عليه"
932,"يتربح خطيتا : يحمل ذنبها"
933,"ولان الجوع ......... جائع كثيراً"
934,"كماجي ....... رغيف خبز"
935,"عم يبرطن ...... عم يثرثر"
936,"عم يأفلم ......... عم يتخوّت"
937,"مشلبن ........ ناعم"
938,"مصرصع : ضعيف جداً"
939,"مسحلل : كمان ضعيف"
940,"منظنظ ....... ناعم زيادة"
941,"مزوزأ ....... شديد الاعتناء بنفسه"
942,"مونون ......... موسوس"
943,"مكرّش .... أي صار له كرش"
944,"مطبلج ...... سمنان"
945,"معجعج ........ سمنان حتى مرحلة العجعجة من وين ما برمته"
946,"متصربع ....... قاعد ومجعوص على شي كرسي"
947,"أريضة ....... لا معنى لها بتقولا إذا شي دايقك أكتر من مرة"
948,"زرز ......... دمه خفيف"
949,"أبّوع ...... وهو مايوضع فيه الايس كريم"
950,"كُبّاي ........ قرص كبّة"
951,"المباراي ....... هي المباراة"
952,"كمشة ...... تعني شوي"
953,"مأآآآطخ ...... آخذ وضعية منحنية"
954,"مطبوز ..... حردان"
955,"هايشي ..... ومعناها أجدب أو جدبي وتطلق على المذكر والمؤنث على حد سواء"
956,"ادعفر : وتعني من تعثّر في الطريق ووقع"
957,"النتوفة : وتعني الشيء القليل جداً"
958,"التختية : تعني السقيفة"
959,"التكاي : الوسادة"
960,"المخل : وهي عصا معدنية طويلة تستخدم لتحريك الصخور الكبيرة"
961,"الجعيلة : وهي وعاء نحاسي كبير نسلق به الحنطة"
962,"الحاكورة : وهي قطعة أرض زراعية صغيرة المساحة وتكون مسورة"
963,"الخمونة : تعني البناء الترابي المخصص للبهائم ووضع مستلزمات العمل الزراعي"
964,"الشير : تعني الصخور العالية وشديدة الانحدار وهي موجودة في الأرض"
965,"الدَجِن : هو الطعام القليل"
966,"التنكة : وعاء معدني متوسط الحجم على شكل مستطيل"
967,"السارود : مجرى مياه الأمطار مثل السيل ولكن أقل غزارة"
968,"الحواش : حديقة المنزل"
969,"الرعش أو الرعيشي : جدار طبيعي من الصخر قليل الارتفاع يكون حافة لشيء ما"
971,"النابورة : عصا T تستخدم لقطاف الزيتون"
972,"الساموك : عمود من الخشب على شكل حرف يحمل سقف البيت الترابي"
973,"الشموط : ثمرة التين"
974,"الطراحة : الوسادة التي نجلس عليها"
975,"الكاسوحة : منجل صغير يستخدم لقطع الحشائش"
976,"القرقة : الدجاجة الحاضنة للبيض"
977,"الكانون : المنقل الذي يشغل فيه الحطب للتدفئة"
978,"القفة : وعاء يصنع من أعواد الريحان يستعمل في نقل الحنطة المسلوقة وهو كالمصفاة"
979,"الكزلك : النظارة"
980,"كومي : الشيء الكثير"
981,"الدروخ : دالية العنب"
982,"تخّر : ارجع للخلف"
983,"خايس : تعني معطّل"
984,"دوارة : تعني الأرض مدورة"
985,"زيعقة : صاعقة وهذه الكلمة الشهيرة من فيلم رسائل شفهية """" الله يبعتلك زيعقة """""
986,"زمك : شخص صغير الحجم"
987,"زمّيتي : يعني برد كتير"
988,"زنطر : تعرض لبرد شديد"
989,"شدوق الخبز : كسرة من الخبز"
990,"شراطيط : قطع ممزّقة من الثياب"
991,"شلوف : هو الفروج"
992,"شحاري : للتعبير عن المصيبة"
993,"طنجر : زعل"
994,"قلشين : الجوارب"
995,"كدوش : لقمة كبيرة"
996,"كهين : أي حقود"
997,"كمشة من الشيء : أي ملء قبضة اليد منه"
998,"مقنصة : مغرورة"
999,"ملبص : وصف للشخص الذي يحل على القوم ولا يعود يتركهم"
1000,"يدقدس : يتحرى عن الشيء"
1001,"بو نمر جاي يشمت ببو نايف لأنه وقع من على ظهر الكديش"
1002,"بعد في كم حرف بدي روح حط عليهن كم نقطة"
1003,"يا جدي ، على قد ما بتفرجوهن العين الحمرا على قد ما بيخافوا منك"
1004,"قلي الرفيق أبو طارق انه عرفوا مين الحرامي بالضيعة ، مين يا سندي .... ما بعرفش"
1005,"عم بشوف حالو قدام عيلتو قام بو نمر عاملو خازوق مرتب"
1006,"ليش عمي بونمر هالخرفان بيعرف عن شو عم يحكي ؟؟ عمي كذاب بس أنا عملت حالي صدقتو ؟؟ قال شو هو اللي رفع قانون الطوارئ"
1007,"اسا بس ارجع يا توفيق بدي فرجيك كيف بتكون حرية التعبير اذا ما بخليها تعلم ع نيعك ؟؟ ما بكون اسمي نفجة"
1008,"دخيل ربا للامبريالية تبعك اذا بدا تعطينا سيارات و كمبيوترات و تاخد هالبقر من وجهن"
1009,"الموت أهون من الوقوع بإيد دكتور الأسنان هاذ"
1010,"الخازوق مش أولاً اني عم مهدلك الأولى يلي هي مش خازوق عشان الثانية يلي هي الخازوق"
1011,"💪💪 توفيق بعد ما عمل حالو رجال هرب وقرر يطلق نوفجة بعدين رجع لاصلو الجبان وتذكر قوة مرتو"
1011,"???????? توفيق بعد ما عمل حالو رجال هرب وقرر يطلق نوفجة بعدين رجع لاصلو الجبان وتذكر قوة مرتو"
1012,"اني أساساً عاش بدي افقس فقسة بهلمبذوق العافية هي فقسة فقسناها وقامت الدنيا"
1013,"اسى مش كل شغلة تعملولي فياض اجحش واحد ببيت بوقعقور ???????????? اني مش أجحش واحد ببيت بوقعقور وبيلتقى أجحش"
1013,"اسى مش كل شغلة تعملولي فياض اجحش واحد ببيت بوقعقور 😂😂😂 اني مش أجحش واحد ببيت بوقعقور وبيلتقى أجحش"
1014,"بقرة معلمو لأكرم ... أحقر من الامبريالية"
1015,"مؤتمر القمة البوقعقوري"
1016,"أنا بديش البقر على ولاد عمي"
1017,"أروع مقطع بتاريخ الخربة وأم الملاحف والمصطبة"
1018,"انا حسبتها أول ماسافرت الدكاترة معبيين البلد"
1019,"يعني ما درست دكتور .... ؟؟؟"
1020,"لا درست بس بيطري"
1021,"😂😂🤨🤨 بيطا شو بدي العن ابوك بصرماية بيطري يا ابن الكلب"
1021,"???????????????? بيطا شو بدي العن ابوك بصرماية بيطري يا ابن الكلب"
1022,"طيب يحسبني حمار الحمار ما بدو فترة راحة تمنو ينتج ولا الحمار مش بني آدم يعني"
1023,"😂😂😂😂 بدو يركب جسر للبقرة"
1023,"???????????????? بدو يركب جسر للبقرة"
1024,"اني راعي عجال و بفهمش"
1025,"هلسايبة بقرة معلمو لأكرم"
1026,"جربت تحط راسك على ميزان"
1027,"ليش حدا قلك راسي راس يخنة"
1028,"ذكريات مراجل وبطولة بو نمر وبو نايف"
1029,"اسة بس خبرك هالخبرية لا اللبن اللي بخيرو ولا المسحوب خيرو بده ينزلط معك"
1030,"أني من يوم يومي الي راس وبفكر مش راس طرش أني بس بالاول مكنش في حرية تعبير"
1031,"في واحد بالساحة بدي روح قله تفه بنص شواربه ، وانتو شاهدين"
1032,"بيت بوقعقور فهنش واحد نظيف ! واحد منهن مزوّر جواز سفر والتاني نقّيش تقارير"
1033,"صار بدنا غرفة عناية مشددة مش غرفة عمليات"
1034,"!! شو يعني عازمينك على منسف معرّم !! ولا عازمينك على حفلة لسميرة توفيق"
1035,"أني قبل لتقول غطاس قلت : شو هالحرمة البشعة اللي نازلة من الباص"
1036,"اتهام فياض بوقعقور بسرقة دكانة عبودي الكازية"
1037,"سايكس بيكو دبّت فيها الروح وصارت الخربة خربتين"
1038,"و أني شو بدي بالعلم ! أني بعرف اقرا واكتب واكثر من هيك بلزمنيش"
1039,"أهالي الخربة وقفوا بوجه بونايف و بونمر ووحدوا شطري الخربة"
1040,"هو صحيح نعمان حرامي بس كمان بطل ???? بيكفي انو سرق بقرة معلمو لأكرم"
1040,"هو صحيح نعمان حرامي بس كمان بطل 😅 بيكفي انو سرق بقرة معلمو لأكرم"
1041,"والله يا عمي مثل ما أنت معك عادة بتحط إيدك ع شواربك انا معي عادة امسح ايدي ببنطلوني"
1042,"نزلها من الباص قبل لتوصل البلد خايف من الفضيحة"
1043,"بدي اخليلكن شوارب بو نمر تشد و ترخي مثل شبلي شبلن"
1044,"زوّرنا الجلاءة تبع هيثم بس افيناش نزوّر الدكتور عاطف"
1045,"طلبت من بو نايف مشان يساعدها قام أكل الضرب و تبهدل قدامها"
1046,"اللي سرق دولاب سيارة معلمو لأكرم حمار أو بيفهم بس مش لابس كوزلك"
1047,"شبعرفني انو فياض أسرع من القرد ???? مصار ع راس العامود قبل ما افتح حلقي"
1047,"شبعرفني انو فياض أسرع من القرد 😅 مصار ع راس العامود قبل ما افتح حلقي"
1048,"نحنا كلنا بقر ما عدا واحد مش بقر ???? أنا وكل أهلي بقر لحالي"
1048,"نحنا كلنا بقر ما عدا واحد مش بقر 😂 أنا وكل أهلي بقر لحالي"
1049,"قاعدين عمي ندوّر ع عريس ????‍♂️ وسمعان قدامنا"
1049,"قاعدين عمي ندوّر ع عريس 🤵‍♂️ وسمعان قدامنا"
1050,"اني بضرب و بهرب .... بلسع كالنحلة و برفرف كالفراشة"
1051,"قال يا خبر بفلوس ???? فاصلة ???? بكرة بيبقى بفضيحة ???? 3نقط و 350 ألف إشارة استفهام"
1051,"قال يا خبر بفلوس 🤣 فاصلة 🤣 بكرة بيبقى بفضيحة 🤣 3نقط و 350 ألف إشارة استفهام"
1051,"قال يا خبر بفلوس 😂 فاصلة 😂 بكرة بيبقى بفضيحة 😂 3نقط و 350 ألف إشارة استفهام"
1052,"رفعو حالة الطوارئ بناء على طلب بو نمر شخصياً ???? و فياض بوقعقور طلع بالعفو"
1052,"رفعو حالة الطوارئ بناء على طلب بو نمر شخصياً 😅 و فياض بوقعقور طلع بالعفو"
1053,"الصراع ع السلطة محتدم بين بو نايف وبين بو نمر ???? واحد الحزب الجمهوري والتاني الحزب الديموقراطي محداش بستلم المخترة غيرهن"
1053,"الصراع ع السلطة محتدم بين بو نايف وبين بو نمر 🤣 واحد الحزب الجمهوري والتاني الحزب الديموقراطي محداش بستلم المخترة غيرهن"
1054,"تهريب بونايف من الكروم للضيعة في عملية سرية معقدة"
1055,"زعبو من بيت بنتو من بعد الي صار"
1056,"يقول رياض لأبو نمر بعزيمة الصلح : يا ضيفنا لو زرتنا لوجدتنا نحن الضيوف وأنت رب المنزل"
1057,"... يرد أبو نمر : عمي رياض يلي بيسمعك بيقول دابحيلنا فدانين وألف خاروف ... عمي خلي كلامك عقد المنسف الله يرضى عليك انتهى"
1058,"... يعني ساعتين كهرباء باليوم مو مستاهلة تطلعوا وتصرحوا وتعملولي فيها ريبورتاجات و منشورات .... بيسواش هيك"
1059,"الى جميع نسوان بيت بومالحة توقيف المناسف حتى إشعاراً آخر"
1060,"العدالة بيهماش غير بقرة وحدة يا زلمي"
1061,"قال شو سمعان بيتطلع من فوق الكوزلك حتى لا يصرف منه"
1062,"الجورة كانت قدامي مبينة ها مش مخباية واضحة مثل عين الشمس قدامي ???? كيف مشيت عليها طب طب ووقعت فيها بعرفش أني"
1062,"الجورة كانت قدامي مبينة ها مش مخباية واضحة مثل عين الشمس قدامي 😅 كيف مشيت عليها طب طب ووقعت فيها بعرفش أني"
1063,"بس أنا عندي نص أوقية حرية بتسوا 700 كيلو هبرة حمرا بدون عروق ها"
1064,"دكتور الحمير اللي عامل حالو دكتور أطفال وقلبية"
1065,"عنا خبير روسي ب هالمناسبات"
1066,"مستعدة تكسر نفسها للقرود السود بس تحل مشكلة جوزها"
1067,"انا هذا اللي صار معي بعد ماضبولي ياها بالكيس للعروس وما ضلش غير أشقل وامشي حرقولي قلبي"
1068,"عمي بونمر بدو يعلق الضيعة كلها زينة لو اضطر يبيع شنتانو"
1069,"الفهم أبجيش من الكتب و الشهادات ???? الفهم أبجيش من جداول الضرب و الفحوصة ???? بدك اتثقل حالك"
1069,"الفهم أبجيش من الكتب و الشهادات 🤣 الفهم أبجيش من جداول الضرب و الفحوصة 🤣 بدك اتثقل حالك"
1070,"😱 جن جنون العيلة كلها بس عرفو انو بدو يجوز بنتو لشب مش من العيلة"
1070,"???? جن جنون العيلة كلها بس عرفو انو بدو يجوز بنتو لشب مش من العيلة"
1071,"سمعان أهم واحد بالضيعة كلها ???????? لانو لولا سمعان كان الوسخ أكلنا أكل"
1071,"سمعان أهم واحد بالضيعة كلها 🤣😂 لانو لولا سمعان كان الوسخ أكلنا أكل"
1072,"فقست فقسة بالغلط طلعت هالعايبة قدامي"
1073,"😂 مشان يقدر يخطب البنت صار يناضل معو"
1073,"???? مشان يقدر يخطب البنت صار يناضل معو"
1074,"ب الكون طلع في أحقر من بونايف"
1075,"بديش قابل القيادة بشنتان مقصّب بدي قابل القيادة بشنتان عادي"
1076,"بعثو بو نايف قام الدكتور أخد منو مصاري"
1077,"عملت عليك إنزال مظلي من السقف إلا شوي كنت عفست بفشتك"
1078,"لابقلن بيت بوقعقور ???? وزيادة عليهم بولية أو هضمية"
1078,"لابقلن بيت بوقعقور 😂 وزيادة عليهم بولية أو هضمية"
1079,"ابن عمي احكيلنا عن البلاد اللي كنت فيها من وقت الوصول لوقت المغادرة"
1080,"ولي نفجة شو عرفك اسا اني عم بهشت ???? شو كنتي معي عند مدير الناحية"
1080,"ولي نفجة شو عرفك اسا اني عم بهشت 🤣 شو كنتي معي عند مدير الناحية"
1081,"ابونمر عرف انه هيام راحت لعند بونايف مشان يتدخل بمشكلة فياض"
1082,"😂 جاب ولد أصغر منو مشان يخطبلو"
1082,"???? جاب ولد أصغر منو مشان يخطبلو"
1083,"الدكتور عاطف لحد اسع مو عرفان مين العريس ???????? غط ع قلبو"
1083,"الدكتور عاطف لحد اسع مو عرفان مين العريس 🤣😂 غط ع قلبو"
1084,"بعد ما لبست هالطقم قلت لحالي لوين بدك تروح يا ولد ???????? ما لقيت غيرك بستاهل الزيارة بالطقم"
1084,"بعد ما لبست هالطقم قلت لحالي لوين بدك تروح يا ولد 🤣😂 ما لقيت غيرك بستاهل الزيارة بالطقم"
1085,"طريقة تحفيظ جدول الضرب مع فياض و سمعان"
1086,"رايحين نقوم بواجب ابونايف لانه وقع عن ظهر الكديش"
1087,"لازم يحسبولك حساب وتحمل السلم بالعرض وشو ما قالولك بتقول عكسه"
1088,"لامبريالية بعد أحقر من بقرة معلمو لأكرم"
1089,"هاي البقرة تحديداً لازمها دكتور نفسي ???? بتعرف كل شي"
1089,"هاي البقرة تحديداً لازمها دكتور نفسي 😃 بتعرف كل شي"
1090,"ليش الخربة فيها وجوه تنعزم"
1091,"الحرامي سرق جزدان عبود الكازية ???? و مهباج بو نمر و سماعة بو نايف ???? و اتهمو فياض و قشوه"
1091,"الحرامي سرق جزدان عبود الكازية 😂 و مهباج بو نمر و سماعة بو نايف 😂 و اتهمو فياض و قشوه"
1091,"الحرامي سرق جزدان عبود الكازية 🤣 و مهباج بو نمر و سماعة بو نايف 🤣 و اتهمو فياض و قشوه"
1092,"الرفيق جوهر بو مالحة المحترم .... !!! لأسباب صحية تم شطب اسمكم من القائمة و دمتم ذخراً للوطن"
1094,"يا حيط قللو لابن عمي يصبحك بالخير"
1095,".. صندوق بويا بالكراجات و كتيرة عليه لهذا يللي اسمه صياح"
1096,"شهادة المدرسة بيكون عليها ختم التربية مش ختم المصرف الزراعي"
1097,"انتو ما تذكرتوا كرامتكون الا من وقت ركبنا الستالايت ، شو رح تعملوا إذا ركبنالك الفيس بوك"
1098,"ما كتير تتدللو عالأكل مشان ما يصير فيكن متل الدكتور فوزي"
1099,"شفتلك يا عمي بونايف واقع من على ظهر الكديش وما عم يعترف"
1100,"اذا انا رحت سألت عنو رح يتهموه بتهمتين : الأولى مشان البقرة و الثانية لأني سألت عنو"
1101,"لما تاخد رفيقك يخطبلك البنت اللي بتحبها"
1102,"هالحرامي بيعرفنا يا جوهر ، الكلب يلي ما بيعرفكش بينبح عليك"
1103,"يعين السيد مزيد سليم بوقعقور يعني عمي بونمر مختار لبيت بوقعقور ???? والسيد فضل الله جديع بومالحة يعني عمي بونايف مختار لبيت بومالحة"
1103,"يعين السيد مزيد سليم بوقعقور يعني عمي بونمر مختار لبيت بوقعقور 😂 والسيد فضل الله جديع بومالحة يعني عمي بونايف مختار لبيت بومالحة"
1104,"بونمر اشترط يقابل أكبر راس بالفرع و يكون يحل و يربط"
1105,"أنا و عمي بو نمر بقر مناخود حقنا بإيدنا يا أما تلبيط"
1106,"هالمرة يا عطرشان ، فردتين صباطي مشكلين فرار"
1107,"تقول يا زلمي دبت فيي الروح من أول و جديد و حابب اتزوج"
1108,"سمعان أكل هريسة ، و الهريسة بتوجع البطن مو القلب"
1109,"الدكتور عاطف وصل بالسلامة بس في خوف يطلعلو لغم بنص الطريق"
1110,"اتمرمغ كل تاريخو النضالي بالوحل و نزلت عليه الصرامي من تحت راس عمي بونمر"
1111,"ما بدي حدا يعرف أنه ابنا دكتور بيطري"
1112,"الهريسة شو بتوجع القلب ولا البطن ؟؟؟"
1113,"كل الضرب من بعد ما قدم استقالتو و عرف ما في بديل"
1114,"يسقط بعين حالو احسن ما يسقط بعين العيلة كلها"
1115,"انا ع الدبابة بركب بتفرقش معي ???? بدي احسب حساب كديش ???? له يا بونمر"
1115,"انا ع الدبابة بركب بتفرقش معي 😂 بدي احسب حساب كديش 😂 له يا بونمر"
1115,"انا ع الدبابة بركب بتفرقش معي 🤣 بدي احسب حساب كديش 🤣 له يا بونمر"
1116,"الدكتور فوزي كره الساعة الي فتح فيها العيادة بالضيعة شوفو شو عم يعمل فيه بونايف"
1117,"اذا أكرم نزل على المظاهرة معلمو رح يعلق مشنقتو"
1118,"بس يطلع حجر الأساس أو التدشين ع التلفزيون كل العالم بتقلب القناه"
1119,"مذكرات طرطور في التداشين ???? مذكرات لقلوق في حجر الأساس"
1119,"مذكرات طرطور في التداشين 😆 مذكرات لقلوق في حجر الأساس"
1120,"البزقة اللي رح تدخل التاريخ ???? بزقة الأجيال"
1120,"البزقة اللي رح تدخل التاريخ 😁 بزقة الأجيال"
1121,"اسا صارت المصيبة جلل ???????? اسا"
1121,"اسا صارت المصيبة جلل 🤣😂 اسا"
1122,"قدم طلب انتساب عندك لانك بتعرفش ومقدمش طلب انتسابو إلي لأني بعرف"
1123,"هي مارقة معي يعني بس فش معرفة شخصية"
1124,"قال بتطلع من فوق الكزلك حتى ما تصرف منو ???? بو يوسف بياع الزيت علق الخربة ببعضها"
1124,"قال بتطلع من فوق الكزلك حتى ما تصرف منو 🤣 بو يوسف بياع الزيت علق الخربة ببعضها"
1125,"عم بشوف حالو قدام عيلتو قام بو نمر عاملو خازوق مرتب"
1126,"الدكتور عاطف طلع مزوّر جواز السفر وقامت الزلاغيط"
1127,"🤣 ملقوش حدا يلزقو بندى 🤣 بدهم يلزقوني فيها 🤣 لأني أنا ناقصني نسوان اصرف عليهن"
1127,"???? ملقوش حدا يلزقو بندى ???? بدهم يلزقوني فيها ???? لأني أنا ناقصني نسوان اصرف عليهن"
1127,"😂 ملقوش حدا يلزقو بندى 😂 بدهم يلزقوني فيها 😂 لأني أنا ناقصني نسوان اصرف عليهن"
1128,"نعمان طلع بالعفو و حاطط عينو على نزيهة"
1129,"ولك مش هون يا أخوث ???? اسع بينزل السقف فوق راسنا"
1129,"ولك مش هون يا أخوث 😂 اسع بينزل السقف فوق راسنا"
1130,"جهزوا حالن للعرس وعملوا الدبكة بحارة بيت بومالحة وبالأخير العريس ما وصل"
1131,"الشعب يريد تركيب الميكروفون"
1132,"فياظ وما أدراك ما فياظ حكيم زمانك يا فياظ"
1133,"...... اي والله فيك عقل أكتر بكتيير من كتييير ناس كنا ( مفكرين ) عندهن عقل و فكر بس"
1134,"ولك يا عمي خلينا نخ بطوعنا أحسن ما هني ينخخونا ....... تنخيختهم ثقيلة"
1135,"طول عمري بطلع بالأرض ، وبخاف أرفع راسي ليش رفعولي راسي لفوق .... ليش فتحولي عيوني و خلّوني أعرف إنو في حب .... كسرولي قلبي .... بيسواش هيك"
1136,"قلك ما أنت أوقات بيجي عبالك تاكل شاورما ....... و بيجي واحد بظيفك شاورما بتاكل ولا بتاكلش"
1137,باكل
1138,"ورجع شلحك السندويشة من نص حلقك بيحترق قلبك ولا بيحترقش"
1139,"والله ما صارتش معي"
1140,"طيب ... خيي عبودي فتاح دفترك لقلك و سجل هالكم غرض بديي 10 علب حلاوة و 13 علبة سردين وعلبتين زيت وحدة بكوليسترول و الثانية بلا كوليسترول"
1141,"زيت زيتون ولا دوار الشمس"
1142,"والله ثنتين هيك وثلاثة هيك وبدي علبتين ثلاثة من هاذي جبنة حروزة و صفط بيض وعشرة كيلو سكر"
1143,"عشرة كيلو سكرر !!!!!"
1144,"اني قلت عشرة ؟؟؟ خمسطعش خيي خمسطعش"
1145,"خيي ضبلك ياهن بكرتونة ولا بكيس ؟"
1146,"بكيس بكرتونة حيلا ... ولا قلك بلاهن بلاهن"
1147,"ياخي كيف بلاهن صرلي ساعة بنزلك ياهن من الرفوف"
1148,"ما اني هذا يلي صار بعد ما ظبطولي العروس بالكيس وما ظل الا أشقل و أمشي حرقولي قلبي"
1149,"شو بنت عمي قاعدة تبحلقي بخلقتي ؟؟ لفت نظرك الطقم مش هيك ؟"
1150,"لا لا ابن عمي ... بيقولوا البيت بسكانه ... بس لفت نظري هالجروحة اللي بخلقتك ... لا تكون علقان أنت وشي بس قبل موجايي لعنا"
1151,"أني و البس هههه يقي ... لا مش هيك القصة ... بس طلعت بماسورة المعجون .... 15 ورقة السايبة ... شو بيحطها الواحد ع ذقنه ؟ حلقت عالناشف قلت أوفر"
1152,"دارتلك ؟"
1153,"إي دارتلي"
1154,"دارتلك عن قناعة ولا بالصرماية ؟؟"
1155,"يعني نص عن قناعة ونص بالصرماية ... متل كل هالشعب"
1156,"اني ما بظرب بايدي اليمين ... بدناش نموتو للزلمي"
1157,"وفي رواية أخرى زقعو كف لمدير الناحية خزقلو طبلة دينتو ... وضل شهر عالشوربة .... ونعمان كان حاضر"
1158,"بتعرف خيي بو نمر"
1159,"لا بعرفش إلا تقول"
1160,"يعني عم فكر بيني وبين حالي ، انو بتخرب الدنيا اذا بيت بوقعقور وبيت بومالحة حبو بعضن"
1161,"بتعرف يا بونايف انو انت أحياناً مالكش طعمة يعني ما تواخذنيش"
1162,"يا زلمة بتمون انت ع رقبتي خينا الكبير انت يابو نمر"
1163,"والله العظيم يا بونايف من زمان بدي قلك نفس الكلمة ، انو تعا نحب بعض .. بس خفت تقول بو نمر نخ ... بتعرف انا بنخّش غيير للي خلقني"
1164,"أجمل ما قيل في الغزل عندما قال طارق لفلوديا ما أحلاه طالع من حلقك اسمي !! كل أهالي الظيعة بقولوا طارق إلا أنتي بتقولي تارء"
1165,"جميل شو عم تعمل"
1166,"عم أنقش النظام الداخلي للحزب"
1167,"طالما بدك تنقشو ليش ما بتصوروا"
1168,"لأ ما عم أنقشو حرفياً ، في شغلات كتير بدي أشطبا متل : طبقة صغار الكسبة هي ما عاد بدي ياها لأن هدول ما بيختلفوا شي عن كبار الكسبة بس مو صاححلن يمصوا دم الشعب"
1169,"الامبريالية نظام سياسي حقير حقير كيف بدي افهمك إياها هاي .... عمي أنت شو أحقر شي عندك بالدنيا"
1170,"بو نايف"
1171,"الامبريالية احقر بكثير من بو نايف"
1172,"الوقت كالسيف إن لم تفتكه فتكك"
1173,"سامع ؟"
1174,"شو ؟"
1175,العصافير
1176,"يقي إي والله عنا عصافير"
1177,"طول عمرو عنا عصافير يا زلمة ... بس عمي بونايف مكنش يخلينا نسمع ... الدنيا صارت مدري كيف ... ركزت ... ركزت لما سكت عمي بونايف"
1178,"إسا : الآن"
1179,"انطمز : زعل"
1180,"أني : أنا"
1181,"بشكير : منشفة"
1182,"بهدلة : مسخة - توبيخ"
1183,"باتون : صباط - حذاء"
1184,"باقَ فيه : خانه"
1185,"بامبيجا : مصاصة لشرب المتة"
1186,"بدبرو : بورجيه"
1187,"بلكوم : لقمة أكل"
1188,"بوز : فم"
1189,"باكة : اسطبل الحيوانات"
1190,"تبّان : مكان لوضع علف الحيوانات"
1191,"تفركش : صدم شيء دون قصد"
1192,"تبكّت : أكل الطعام"
1193,"جزمز : بيض و بندورة ) أكلة شعبية ("
1194,"جلاظيم : شفاتير - شفاه"
1195,"جمش : حجارة"
1196,"حبلة : حائط"
1197,"حلق : فم"
1198,"حومش : أصرّ - عنّد"
1199,"خرّاطة : تنورة"
1200,"خابة : جرة"
1201,"خاشوقة : ملعقة"
1202,"خشم : أنف"
1203,"دَبَسة : هراوة - عصا للقتال"
1204,"دست : وعاء - سطل"
1205,"دعثر : صدم شيء دون قصد"
1206,"داكش : بادل"
1207,"دجني : نكلني - عذبني"
1208,"دمّلّو : دقق النظر فيه"
1209,"ذاري : كلب"
1210,"رجمة : تلة مكونة من الحجارة"
1211,"زقزوق : زقاق - طريق ضيق"
1212,"زنطر : بردَ - شعر بالبرد"
1213,"سحّبان : كاذب"
1214,"شِنتان : شروال - بنطال واسع"
1215,"شحاطة : مشاية - حذاء منزلي"
1216,"شمطو : شد أذنو - لبطو - ضربو"
1217,"شوصا : طريق"
1218,"طجّني : ضربني"
1219,"طحبش : كسّر"
1220,"طرحني : فدغني - جرحني"
1221,"طفاش : طريق غير محدد"
1222,"طفش : هرب"
1223,"ظرسان : ضرسان - شبعان أكل حلو"
1224,"علوّا : عسا - يا ريت"
1225,"غمّس : تناول الطعام"
1226,"غاد : هناك"
1227,"غانمين : أهل الخير"
1228,"فزعة : هب للنجدة أو المساعدة"
1229,"فوطة : منديل للنساء يغطي الرأس"
1230,"قحص : قام - قفز"
1231,"قشع : شاف - نظر"
1232,"قطرميز : مرطبان - وعاء زجاجي"
1233,"قلّوسة : قبعة صغيرة"
1234,"قنّطر : وقع - سقط"
1235,"قنتلة : سرج دابة معدني لحمل تنكتين زيت"
1236,"قِرى : غداء عرس"
1237,"قِرّ : أمر لا يصدّق - استعجاب"
1238,"قِلقاس : بطاطا"
1239,"قنباز : شروال - بنطال واسع"
1240,"قربز : قعود - جلوس"
1241,"قرقة : دجاجة"
1242,"قرقع : شرب متة"
1243,"قرقني : حملني فوق طاقتي"
1244,"قصعة : وعاء على شكل جاط معدني لسكب الطعام"
1245,"قطّأبو : ريتو دايم"
1246,"قعقور : عمود"
1247,"قعمز : قعود - جلوس"
1248,"قفة : سلة من الجلد لنقل الحجارة"
1249,"قلشين : جوارب - كلسات"
1250,"كركرة : كثرة حكي - ثرثرة"
1251,"كرّوسة : درب صغير"
1252,"كشة : شعر غرّة الرأس"
1253,"كابوسة : ساقوطة خشب"
1254,"كزلك : عوينات - نظارة"
1255,"كفكير : وعاء على شكل ركوة لسكب السوائل ) الملحية ("
1256,"كندرة : حذاء نسائي - اسكربيني"
1257,"كوارة : صومعة داخل المنزل لتخزين الحبوب"
1258,"لقطو : كمشو - مسكو"
1259,"لقمطة : كثرة حكي - ثرثرة"
1260,"لعَمَش : العمى - اف منو - هيك صار"
1261,"لكلوك : جوارب - كلسات"
1262,"مطخ : بركة ماء"
1263,"مملوك : مريول له زنار تلبسه النساء فوق الثياب"
1264,"ماهرعوش : ليس موجود"
1265,"متيتير : فرحان"
1266,"مجقة : بوسة - قبلة"
1267,"محقان : قمع"
1268,"مقنزع : شايف حالو"
1269,"منسف : وعاء ع شكل صينية كبيرة لها مسكات للأكلات الشعبية"
1270,"منشل : جرة ماء تنك"
1271,"موس : سكين"
1272,"هرعو : ها هو"
1273,"هيّب : حلو"
1274,"هاكتي : هناك في ذلك الاتجاه"
1275,"هرقة : دلعة"
1276,"هوجة : خوثة - مجنونة"
1277,"هوشة : خناقة - معركة"
1278,"هيني : هنا - هاهي هون"
1279,"يا باري : يا الله الباري"
1280,"يا باقي : يا الله الباقي"
1281,"يا قيم الحق : يا الله القيوم"
1282,"يا شحاطي : يا شحاري - يا ويلي"
1283,"يا قوش : معقول"
1284,"يا ياتي : يا حياتي - يا حبيبي - يا أختي"
1285,"ينقش مغزلو : يعرض حالو أمام الناس"
1286,"أبقدرش : لا أستطيع"
1287,"تعمشق على السجرة : تسلق الشجرة"
1288,"هرعو غادي : إنه هناك"
1289,"شو دينو هذا : ما هذا"
1290,"ما بقشعش : لا أرى"
1291,"منوش هون : غير موجود"
1292,"حبقة : كلمة السر أو التعارف"
1293,"يا قباري : يا بني"
1294,"عندي سَروي : يجب أن أستيقظ باكراً"
1295,"خاثر : لبن رائب"
1296,"تركتور : جرار زراعي"
1297,"طرقو كف عمالو خلقتو : ضربه على وجهه فأفقده صوابه"
1298,"محوقص : متحير"
1299,"متي : مشروب المتة"
1300,"شارع الشعراني : مركز المدينة"
1301,"غفيان بالحاكورة : نائم في حديقة المنزل"
1302,"يا زلامي : يا رجل"
1303,"يا مهجة قلبي : يا حبيبتي"
1304,"جق دقموق : ليس لها معنى"
1305,"شو باك ولا : ماذا دهاك"
1306,"انقلع من هون : اذهب من هنا"
6068,"هنا أبزعل منك بس تروحي مع رفقاتك تتشربوا تلاتة بويحيد انا اذا بقلك رايح بس تألعب شدة شغلة ساعة بتقومي القيامة ليش عنيفة هيك هنتي ولك بيبي"
1307,"بيحاربوك حتى تفشل وبس تنجح بقلولك دبحلنا فروج جعل طز فيكين ويحد يقول للتاني"
1308,"مو كل مشكلة بتنحل بالنقاش يا جماعة .. أحياناً كف عنيع اللي قدامك تلعن اللي نفضو في بحل الموضوع"
1309,"أهالي جبلة من كتر ما معهن مصاري بتشوف قدام كل بيت سيارتين و موتير بطح و خمس سيارات شحن قلاب و خمس ديوك حبيش خلونا سيكتين أحسن شي شو بدنا بالعالم الله يرزقن"
1310,"سديقتي وقت بدك تتصوري قدام باب لعتبي نتبهي من الشحيطيط لبرا هنا مشانك حرام يضيع منظر جمالك بين الشحيطيط"
1311,"شخيرو واصل لإيخر الحارة و بيقلي بدي تزوج مينا هلسينيوريتا لبدا تقبل فيك روح حط خراسة لهل باجوق روح"
1312,"شو نيطر من شعب .. بيسرق المسبحة تيوحد الله"
1313,"صرت قد الجحش وما حفظت جدول الضرب"
1314,"عقد مو منخارك كبير"
1315,"قولتك سلمى بتحبني"
1316,"ب الله ما عندي علم ..."
1317,"ما عندك علم ، و أنت بتحبني ؟"
1318,"والله بحبك قد علمي"
1319,"والله معناتا بتقوم لعند سلمى هلق هلق ، وبتقلها إنو سميعيل بيعبدك عبادي ، قلها أبنام الليل ، بضل بفكر فيكي ، وقلا والله كل يوم مألفلك ألف موال ... وقللا ب الله عنن ع بالو إنك تتجوزيه"
1320,"يا خيّ انزل أنت قلا"
1321,"أبحسن بس شوفا بحس هيك لساني مدري كيف ، لساني صار ببطني ، قوم الله يخليك"
1322,"تعاااا ... تعاااا قطعلي لسيني"
1324,"والله دموعك عندي بيسوو ألف بقرة ... من كلام الغزل بين علي و دلال"
1325,"لك شو هالهيصة يا عمي النا زمان ما سمعنا طبل و زمر"
1326,"حبيبي انا و الحكومة افيه شي بيناتنا يعني أفي لا قتيل ولا عداوة بدكن تقولو يعني فيه شوية عتب و بتنحل"
1327,"آبول : موافق من كلمة قابل"
1328,"أبصر أبصر : أنظر أنظر"
1329,"أبع : هرب"
1330,"اتلسّع : تناول الطعام"
1331,"إسا : ليس بعد"
1332,"استحكيه : تكلم معه"
1333,"إشو : ماذا ؟"
1334,"انقلع : أغرب عن وجهي"
1335,"انعفطوا : انكمشوا : ألقي القبض عليهم"
1336,"أي أي : نعم نعم"
1337,"أيلي : يا أيل"
1338,"اينجنور : مهندس"
1339,"بحتو : ضربه ضرباً مبرحا"
1340,"برغاليا : بلغاريا"
1341,"برطيل : رشوة"
1342,"بريديت باردو : بريجيت باردو"
1343,"تاسومة : حذاء - صرماية"
1344,"تخّر : أفسح الطريق"
1345,"تخريجة : درخوشة - ثغرة"
1346,"ترخ عليه : نتثقل عليه"
1347,"تضرب بنيعك : عليك اللعنة"
1348,"جعاري : عالي الصوت"
1349,"جفت : بندقية الصيد"
1350,"جلجوق : لا قيمة له"
1351,"جلموق : انتهازي"
1352,"حرمباية : الحرباء من أنواع الزواحف"
1353,"حل عنو : دعك منه"
1354,"حليء : اذهب من هنا"
1355,"خيي : أخي"
1356,"دجن : الخبز و مشتقات القمح"
1357,"درمل : اذهب بسرعة"
1358,"دشّر : دع"
1359,"دلدوء : منافق أو من لا قيمة له"
1360,"دينتي : أذني"
1361,"سجرة : شجرة"
1362,"سدّو لباجوقك : سدلي نيعك : سد بوزك : أغلق فمك عن الكلام و يقال بأسلوب إهانة"
1363,"سطيل : مخمور أو فاقد الوعي"
1364,"سلاقي : من أنواع الكلاب و الفصيح هو السلوقي"
1365,"سوركة : اللبن و مشتقاته"
1366,"شبك ؟ ماذا بك ؟"
1367,"ششمة : مرحاض"
1368,"شحّاري : شحميطي : شحّاراسي : يا للمصيبة"
1369,"شيلت الشيء : أي حملته"
1370,"شو بايتو : شو كارو : ما نفعه"
1371,"صبحية : صباح"
1372,"يعطيك العوفة : يعطيك العافية"
1373,"ظميان : عطشان"
1374,"عزرط : لا يقدّم ولا يؤخّر وهي من الكلمة العربية الفصيحة عضروط أي التافه"
1375,"عيّن : انظر"
1376,"غلونجي : أسعاره مرتفعة"
1377,"فهنه : يوجد"
1378,"فدّان : ثور"
1379,"فرخ أفوكاتو : محامي مبتدئ"
1380,"فوّامات سواجير : فلاتر سجائر"
1381,"قبّع ركيد : أسرع بالركض"
1382,"قدّوم : مطرقة"
1383,"قرد : يا قوي"
1384,"قردولو : وتقال بأسلوب تخويفي ) من التركمانية """" قورتولوش """" : اهرب ("
1385,"قضّوضة : سندويشة - شطيرة"
1386,"قظما : فأس"
1387,"قلاشين : جوارب ) المفرد قلشين ("
1388,"كب : اترك"
1389,"كبينة : مرحاض"
1390,"كحيان : ما معه فلوس ، لا يملك مالاً"
1391,"كرفتّة : كرافة"
1392,"كزدانة : باقية"
1393,"كعرو : قلّعو : طرده شر طردة"
1394,"كلاكيش : أغراض متفرقة"
1395,"لاطي : مترقب بحذر"
1396,"لبود : انتظر بهدوء"
1397,"ضحكتو لقراميش دينيه : ابتسامة عريضة"
1398,"طأمش : البس الطقم"
1399,"طفران : ليس لديه المال"
1400,"ما عن طيبي : عن غير قصد مني"
1401,"ماحود : شي ما"
1402,"مجعوز : مزعوج : منزعج أو متضايق"
1403,"مدير الريجي : مدير مؤسسة التبغ"
1404,"مشبوح شبح : ملحوش لحش : ملقى بإهمال"
1405,"مطبقية : صندوق لحفظ الطعام"
1406,"ميتور : دراجة نارية"
1407,"ناجس : بشكل نهائي"
1408,"نسفئون : نطرقن : نتناولهم ) للأطعمة و المأكولات ("
1409,"هبّور : شرشوح"
1410,"هردبشت : صاحب الهندام غير النظيف وغير المرتب"
1411,"هفاه هفي : هفهنه هفي : أزاله تماماً"
1412,"همترة : صراخ"
1413,"وا : أداة نداء بمعنى يا"
1414,"واح : واحد"
1415,"ورّو : رماه بعيداً"
1416,"ولا : أيها ) أداة نداء لغير المحترمين ("
1417,"يا حيفات : وا أسفاه"
1418,"يانك : وينك : أين أنت ؟"
1419,"يبريني عن ديني : قسم بمعنى ( أكون خارجاً عن ديني إذا حصل كذا و كذا ) وهو قسم خطير و مذموم"
1420,"يبلفوهم : يحتالون عليهم"
1421,"يحمّك : دعاء بمعنى فلتصب بالحمى"
1422,"يعركس : يعرقل"
1423,"يكحشوهن : يطردوهم"
1424,"ينبّز : يظهر"
1425,"قرود الأرض : مجنون أو رزيل"
1426,"هريسة : بربارة : عيد يقام فيه طبخ الدجاج مع القمح ويسمى عيد البربارة وهو يقام في قرى محافظة طرطوس أكثر من غيرها من القرى"
1427,"قحّط : انقلع : اذهب من هنا - وتستخدم للإهانة"
1428,"دوري : عصفور"
1429,"زكي : ذكي"
1430,"خواجا : زعيم قريته أو سيد زمانه"
1431,"زاروب : أنبوب في حائط المنزل يتم بواسطته إخراج الماء الناتج عن تنظيف المنزل"
1432,"قرصو : عضّه أو قام بلسعه ) يقصد بها الحشرات ( قرصتو دبانة"
1433,"دبانة : ذبابة"
1434,"دبابات : حشرات لاسعة في الأرض الزراعية وتستخدم بكثرة في ريف محافظة اللاذقية"
1435,"عيّن : انظر"
1436,"اشلفا : ارميها"
1437,"ازركو : احشكو : حاصرو"
1438,"خيسو : اضربوا بالسكين"
1439,"العمىىىىى : تقال في حال الصدمة و غالباً شي مو منيح"
1440,"كت : عبّي"
1441,"إبّا : ارفعها"
1442,"جلموء : مصلحجي"
1443,"معلاء : بيتدخل بكل شيء"
1444,"اشكمو : اخذلوا"
1445,"بالورب : بالمايل"
1446,"اعركا : حكّا"
1447,"كلاكيش : غراض"
1448,"مأنتن : وسخ"
1449,"صفدعة : ضفدعة"
1450,"ملنّص : واصل عل القمة ) توب ("
1451,"مكن : قوي"
1452,"عكيد : أبضاي"
1453,"دربكو : دعترو : أوقعه أرضاً"
1454,"زنزوء : مرجوحة"
1455,"مأنشح : وسخ"
1456,"ألشين : جرابات"
1457,"ألشت : زحطت"
1458,"طروشو : صرعو"
1459,"زلاعيم : لوزات"
1460,"زمأ : مر"
1461,"بحت : مات"
1462,"طشّة : أهبل"
1463,"إيش ياه : شو ياه"
1464,"أهتر : أهبل"
1465,"جيعان : جوعان"
1466,"هبور : شرشوح"
1467,"تليانة : مليانة"
1468,"ريسي : معلمي"
1469,"شو دحشك : شو دخلك"
1470,"حربوء : ذكي"
1471,"كحشو : طردو"
1472,"درمل : احليء : انقلع"
1473,"ليش عم تزاور : ليش عم تتطلع"
1474,"قرقوعة : مهرهرة"
1475,"سيبو : اتركو"
1476,"انتو شغلتكن بتعرفوا اذا دق زمور الخطر بتتخبو ???? فك الاستنفار بتطلعو ???? ليش ما ليش ما دحشكن"
1476,"انتو شغلتكن بتعرفوا اذا دق زمور الخطر بتتخبو 🤣 فك الاستنفار بتطلعو 🤣 ليش ما ليش ما دحشكن"
1476,"انتو شغلتكن بتعرفوا اذا دق زمور الخطر بتتخبو 😂 فك الاستنفار بتطلعو 😂 ليش ما ليش ما دحشكن"
1477,"بدو يبيع الأرض وما نكش ولا منكوش فيها"
1478,"مو انتو بتقولو بالتلفزيون درهم وقاية خير من قنطار علاج"
1479,"حنا سلك كل شي منعرفو ???? لك النسمة اللي بتهب منعرف لوين هبت ???? والمي اللي بتصب منعرف لوين صبت"
1479,"حنا سلك كل شي منعرفو 🤣 لك النسمة اللي بتهب منعرف لوين هبت 🤣 والمي اللي بتصب منعرف لوين صبت"
1480,"لازم نشكل لجنة دفاع وطني تزود عن حياد الوطن برئاستك ???? لانو انت الواح الوحيد اللي بيفهم بالشؤون العسكرية"
1480,"لازم نشكل لجنة دفاع وطني تزود عن حياد الوطن برئاستك 😂 لانو انت الواح الوحيد اللي بيفهم بالشؤون العسكرية"
1481,"جودي أبو خميس بدو يورجي أسعد كيف المرجلة بتكون"
1482,"???? بس أنا بيهمني الولاد ???? ما عدل هاد ما عدل"
1482,"🤣 بس أنا بيهمني الولاد 🤣 ما عدل هاد ما عدل"
1483,"???? إذا النملة قالت لأختا صباح الخير ???? أبو نادر بيعرف"
1483,"🤣 إذا النملة قالت لأختا صباح الخير 🤣 أبو نادر بيعرف"
1484,"🤣 تغرد البلابل تغرد الخراف 🤣 حين يقول لساني ديبة"
1484,"???? تغرد البلابل تغرد الخراف ???? حين يقول لساني ديبة"
1484,"😂 تغرد البلابل تغرد الخراف 😂 حين يقول لساني ديبة"
1485,"أنا بفرجيهن لأهل التخريمة وصلت معن لهون"
1486,"سيدي ولا واح منن من التخريمة"
1487,"اسكت ولك أنا قلت من التخريمة يعني من التخريمة"
1488,"مزبوط سيدي كلام أسعد والحشا ولا واح منن من التخريمة"
1489,"اسكت ولك شنتير أحسن ما أفسخك نصين هاا"
1490,"لك التخريمة بين أوصين بين أوصين ) بين قوسين ("
1491,"هاااااا بين أوصين فكرتا التخريمة بدون قواس"
1492,"اسمع ولك أنت وياه قسما بالله العظيم اذا بسمع واحد فيكن قال مانن من التخريمة لخلي عواك و عواه يوصل لقبرص .... الخ"
1493,"أستاذ حسان ع حسب معلوماتك اجانا شي بلاغ من فوق انو ممنوع الواحد يحب مرتو"
1494,"معك مهلة أسبوع ???? جمعة وحدة ما بيصيروا 8 أيام ???? بدي شوف الولد بين إيدي التنتين فهمانه"
1494,"معك مهلة أسبوع 😂 جمعة وحدة ما بيصيروا 8 أيام 😂 بدي شوف الولد بين إيدي التنتين فهمانه"
1495,"🤣 لعمى بعيونك مشان تسألني ع اسم الولد 🤣 عدمتني بحياتي أجيب ولاد"
1495,"???? لعمى بعيونك مشان تسألني ع اسم الولد ???? عدمتني بحياتي أجيب ولاد"
1495,"😂 لعمى بعيونك مشان تسألني ع اسم الولد 😂 عدمتني بحياتي أجيب ولاد"
1496,"والله الشام غير شكل غير طعم غير عيشة ???? و طلعوني بالأخبار وحطو صورتي بالجريدة"
1496,"والله الشام غير شكل غير طعم غير عيشة 😂 و طلعوني بالأخبار وحطو صورتي بالجريدة"
1497,"لك قال المخرج تيس ما بيفهم ???????? وحياة المعزة من أنا وصغير كان نفسي صير ممثل"
1497,"لك قال المخرج تيس ما بيفهم 🤣😂 وحياة المعزة من أنا وصغير كان نفسي صير ممثل"
1498,"ضرغام لا ???? ضرغام لا ???? ما بدي الولد يترك اسمه و يهرب"
1498,"ضرغام لا 🤣 ضرغام لا 🤣 ما بدي الولد يترك اسمه و يهرب"
1498,"ضرغام لا 😁 ضرغام لا 😁 ما بدي الولد يترك اسمه و يهرب"
1499,"🤣 هلق القنبلة اليدوية مالازم يكون الها مسمار أمان 🤣 يا أمة الله هي ما ألها"
1499,"???? هلق القنبلة اليدوية مالازم يكون الها مسمار أمان ???? يا أمة الله هي ما ألها"
1499,"😂 هلق القنبلة اليدوية مالازم يكون الها مسمار أمان 😂 يا أمة الله هي ما ألها"
1500,"انا بدي أفتح أوتيل ع شط البحر ???? ب الأوتيل النسوان بتغلي غلي"
1500,"انا بدي أفتح أوتيل ع شط البحر 😂 ب الأوتيل النسوان بتغلي غلي"
1501,"ايوا هلق فهمت عليك يعني اذا أشرت الحكومة منجاوب ما أشرت الحكومة ما منجاوب"
1502,"اذا قالت خود باخد ???? واذا قالت ما تاخد ما باخد ???? لانو طراطير الحكومة نحنا"
1502,"اذا قالت خود باخد 😁 واذا قالت ما تاخد ما باخد 😁 لانو طراطير الحكومة نحنا"
1502,"اذا قالت خود باخد 🤣 واذا قالت ما تاخد ما باخد 🤣 لانو طراطير الحكومة نحنا"
1503,"والله هاد اذا فقع بيحرق الأخضر و اليابس"
1504,"كل ما شوف قدامي صبية مارقة بتحسر ???? وبتطلع الآه من جوات قلبي أعلى من فريمات عادل"
1504,"كل ما شوف قدامي صبية مارقة بتحسر 🤣 وبتطلع الآه من جوات قلبي أعلى من فريمات عادل"
1505,"صغّرت حبيبها قدام كل الجامعة و ضهرت قدامو مع ابن الجيران و بالآخر هي يللي زعلت"
1506,"شو يا ابني بتضل حاطط فيروز بالنهار و بالليل"
1507,"هادي فيروز شغلة كبيرة مافي حدا بالدني بغني بإحساسها"
1508,"بس يا أمي حلوة الصبح"
1509,"هلق بالراديو ما بيحطوها غير الصبح فكرت الناس أبتنسمع غير الصبح"
1510,"هلق هنت بتفهم أكتر من الراديو"
1511,"بفهم أكتر من الراديو و التلفزيون كمان ما هنا مهنديز ) مهندس ("
1512,""""" بكل حرب في """" ضحايا ... مو مهمين .. الأهم أنه نبقى أقوياء"
1513,"حتى على حساب ناس ضعاف ؟"
1514,"على حساب البشرية كلها !!! هاد الكون ما بيعترف إلا بالقوي"
1516,"بهدلها قدام كل أهل الضيعة لانو احتاجت تدين منو مصاري"
1517,"زوّجوها إجباري لرجال ضيّعلها حياتها و مستقبلها ???? شوفو شو صار فيها بالآخر"
1517,"زوّجوها إجباري لرجال ضيّعلها حياتها و مستقبلها 😱 شوفو شو صار فيها بالآخر"
1518,"اشتقتلك كتير"
1519,"و هنا"
1520,"هلق هكيا بدك تقلّي هكيا و هنا .... ؟! بعتلك رسالتي .... وصلتك ؟"
1521,"لا والله"
1522,"كتبتلك فيا شغلات كتير"
1523,"أمحسن سامحيك"
1524,"بالله كان الموضوع غصباً عني ... ولك اللي بحب أبينسا ... ؟"
1525,"بس ما الشغلات الكبيري"
1526,"بس قلتلك هنا آسفي ... ليش أبدك تصدقني ... بالله أبقا عيدا"
1527,ماشي
1528,"ولك اشتقتلك"
1529,"و هنا اشتقتلك كتير"
1530,"بتعرف شو ... أول مرة بحياتي بحب الدراسي .. مأدرس من هلق ولك طق قلبي من الضيعة ... الضيعة أبتسوا شي بلاك ، ولك عامر هنت عمري و حياتي .. كنت مأبكي طوال الوقت بالفترة الماضية .... بالله أبقا عيدا"
1531,"ولك وهنا اشتقتلك كتير ... وكل يوم كنت مفكر فيكي ... اتخيلي الشام ... الشام وكلا وكبرا ما خلتني انساكي لحظة وحدي"
1532,"ووووووولو شو اشتقت لحكياتك .... احكيلي احكيلي كمان هلق هنا مو كتير مهمين أموري ... بس هنت قلي في بنات كتير حلوين بالشام .... ؟"
1533,"يا مجنوني أنتي أحلا بنت بالدني كلا مو بس بالشام .. و باللادقية كمان"
1534,مجااا
1535,"ولك إي"
1536,"فسيتين تنينير ???????? لك أهلا بنيرمين أهلا"
1536,"فسيتين تنينير 😂💔 لك أهلا بنيرمين أهلا"
1537,"ما لازم شوفك بقا برا الضيعة ؟"
1538,"و لشوه برا الضيعة ؟!"
1539,"يعني مشان الواحد يخلص من المراقبة ..."
1540,"مانك شايفة هالمجتمع المتخلف اللي ما بيفهم بالعلاقات الإنسانية"
1541,"😳 رفيقتها اعترفت انها ما كانت نايمة عندها و كانت عند حبيبها 😳 و أبوها طحش على أبو حبيبها"
1541,"???? رفيقتها اعترفت انها ما كانت نايمة عندها و كانت عند حبيبها ???? و أبوها طحش على أبو حبيبها"
1541,"😱 رفيقتها اعترفت انها ما كانت نايمة عندها و كانت عند حبيبها 😱 و أبوها طحش على أبو حبيبها"
1542,"طريقة سريعة لتنضيف كاسة المتة ... شراب متة وبس تخلص تركا شي شهر شهر ونص بتطلع معك شقفة وحدة مع المصاصة"
1543,"صحاب العيد بيجيبو لتر نبيت ليحتفلوا بالميلاد .... ????????"
1543,"صحاب العيد بيجيبو لتر نبيت ليحتفلوا بالميلاد .... 😋🎅"
1544,"جماعتنا بجيبو 3 لتر عرق و صندوق بيرة و قنينتين ويسكي و كرتونة ريد بول و دخان و بدورو ع مرتديلا خالية من لحم الخنزير كل هادا ونحنا ما دخلنا بالعيد"
1545,"فات تحمم و لبس بيجامتو البيضا وقلي عمليلي كاسة مليسي و مشي خلص غب مليسي قلي فايت نملي أتوسي لا تفيقيني يا سماااهر اااااااخ الله يرحمو كل تصرفاتو كانت بتوحي أنو قلبو حيسو بدو يموت و فتت لفيقو شفتو مخشب و الابتسامة مرسومي على وجهو شكلو كان ميضحك للملائكي الله يرحمو شو كان هني ولك تخيل نحنا عبيناه بالصحي من هون و هالكريم قلك خود عمطر من هون بتقول رب العالمين ميستقبلو بالجنة لإن متل أبتعرف يلي بيموت بيوم ماطر بيكون الله رضيان عنو واليوم نزلت عالقبر لزورو شفت جوز جقلان ميحومو حوالين القبر بتقول ليحرسوه و يحرسو الريحانات يلي عالقبر تما حدا يسرقين والله و أنا قربت عالقبر شفت فراشي متحوم فوق راسو وعلى ما أعتقد هي المرحومي أمو جاي متسلم عليه يا عيني هي مشتاقتلو و المفاجأة الأعظم انو وقت مات زرعت حديتو زنزرختي كان طولا عشرين سانتي و بأسبوعو صار طولا متر ونص عقد مو طاهر صارت تكبر بسرعة وبعد ما قريت الفاتحة صرت إبكي وما حسيت إلا واحد حط إيدو عكتفي وجاني متل صوت متل صوتو وقلي روحي عالبيت يا سماهر هلق بتيخدي برد و بتنمغصي و بيتسنج كولونك اااااااخ عيني ربو أكل هم كولوني هو وبالقبر"
1546,"و الله أبقا مبسوط هيكي ???? بس ت خيد غفوة عيني انتي"
1546,"و الله أبقا مبسوط هيكي 💔 بس ت خيد غفوة عيني انتي"
1547,"قبل الغلا كان اللي عندو ندر يندر خاروف ..???? بعدين صار يندر فروج ..???? اليوم صار يندر مكعبات ماجي"
1547,"قبل الغلا كان اللي عندو ندر يندر خاروف ..🐑 بعدين صار يندر فروج ..🐑 اليوم صار يندر مكعبات ماجي"
1547,"قبل الغلا كان اللي عندو ندر يندر خاروف ..🐔 بعدين صار يندر فروج ..🐔 اليوم صار يندر مكعبات ماجي"
1548,"متخيلي شقدني بحبك الله يسامحني شقدني بكزب"
1549,"يعني لو ما عنا تدفئة مركزية بالفيلا تبعنا كنّا متنا من الكذب ؟ شو هالبرد هادا ... كل ما فكّر سافر و اتغرب بيطلعلي هيك عروضات ببطّل إلي قلب اترك حضن و سافر الله يرحم لما كانت أمي تبهدلني لاني أنسى قاظان الحمام شغال"
1560,"كل ما رجعت الشتوية بتقلي نرجع ... مفكرتيني لحيف يا عيني ؟؟؟"
1561,"كنت ناطر سرفيس الدريكيش مشان ارجع عالبيت فكان في زلمة واقف جنبي سألتو شقد الساعة هلق !؟ ما رد عليي ???? رجعت سألتو قديش الساعة معك ياخال ؟؟؟ كمان ما رد ... وقفت قدامو و قلتلو ليش ما عم ترد عليي ؟! قلي ما رح قلك ... قلتلو ليش ؟!..... ???? قلي لو قلتلك قديش الساعة رح تقلي أيمت بيجي السرفيس و تضل تحكي معي و تاخد المقعد يلي جنبي و بجوز نصير أصدقاء وأنا عندي بنتي حلوة كتير ناطرتني و رح تشوفا بس نوصل رح تعجبك و أنت كمان شب مرتب و رح تنعجب فيك و رح توقعو بحب بعض و تحطوني بمشكلة كبيرة بحبكن هادا و أنا يا ابني ماني مستعد أبداً زوج بنتي لشب ما معو ساعة متل العالم ... إي بحضي صحي هالحكي"
1561,"كنت ناطر سرفيس الدريكيش مشان ارجع عالبيت فكان في زلمة واقف جنبي سألتو شقد الساعة هلق !؟ ما رد عليي 🙂 رجعت سألتو قديش الساعة معك ياخال ؟؟؟ كمان ما رد ... وقفت قدامو و قلتلو ليش ما عم ترد عليي ؟! قلي ما رح قلك ... قلتلو ليش ؟!..... 🙂 قلي لو قلتلك قديش الساعة رح تقلي أيمت بيجي السرفيس و تضل تحكي معي و تاخد المقعد يلي جنبي و بجوز نصير أصدقاء وأنا عندي بنتي حلوة كتير ناطرتني و رح تشوفا بس نوصل رح تعجبك و أنت كمان شب مرتب و رح تنعجب فيك و رح توقعو بحب بعض و تحطوني بمشكلة كبيرة بحبكن هادا و أنا يا ابني ماني مستعد أبداً زوج بنتي لشب ما معو ساعة متل العالم ... إي بحضي صحي هالحكي"
1561,"كنت ناطر سرفيس الدريكيش مشان ارجع عالبيت فكان في زلمة واقف جنبي سألتو شقد الساعة هلق !؟ ما رد عليي 🙄 رجعت سألتو قديش الساعة معك ياخال ؟؟؟ كمان ما رد ... وقفت قدامو و قلتلو ليش ما عم ترد عليي ؟! قلي ما رح قلك ... قلتلو ليش ؟!..... 🙄 قلي لو قلتلك قديش الساعة رح تقلي أيمت بيجي السرفيس و تضل تحكي معي و تاخد المقعد يلي جنبي و بجوز نصير أصدقاء وأنا عندي بنتي حلوة كتير ناطرتني و رح تشوفا بس نوصل رح تعجبك و أنت كمان شب مرتب و رح تنعجب فيك و رح توقعو بحب بعض و تحطوني بمشكلة كبيرة بحبكن هادا و أنا يا ابني ماني مستعد أبداً زوج بنتي لشب ما معو ساعة متل العالم ... إي بحضي صحي هالحكي"
1562,"حمصي ???????????? مات صاحبو ... قعد يبكي إجاه واحد يواسيه قلو : """" هونها بتهون و إذا كبرتها بتكبر وإذا صغرتها بتصغر """""
1562,"حمصي 🐸🤚🏽 مات صاحبو ... قعد يبكي إجاه واحد يواسيه قلو : """" هونها بتهون و إذا كبرتها بتكبر وإذا صغرتها بتصغر """""
1563,"رد عليه الحمصي وهوي عم يبكي : حل عني يا أخي هلق وقت ألغاز ... ???? الجواب مطيطا"
1563,"رد عليه الحمصي وهوي عم يبكي : حل عني يا أخي هلق وقت ألغاز ... 😒 الجواب مطيطا"
1564,"هالجو بدو قعدة عضفاف نهر الخوابي مع كاسة متة انت وحدا بتحبو .. ❤ مع صوت المي و العصافير مافي أحلى من هيك رواق"
1565,"راحت تشتري جاكيت ... عجبا القميص ، سألت عن سعر الفستان ، واشترت بوط . و جايي هنت تقلا بفهمك من عيونك ! ???????? هنت كر يعني"
1565,"راحت تشتري جاكيت ... عجبا القميص ، سألت عن سعر الفستان ، واشترت بوط . و جايي هنت تقلا بفهمك من عيونك ! 🐸💔 هنت كر يعني"
1566,"طالع اليوم بالمكرو و الإجرة 100 ليرة .. عطتني بنت 200 ادفع عنها وأنا كان معي 200 عطيت 200 لصاحب المكرو قلتلو اتنين وضل 200 معي الي معي ... إلي مية وللبنت مية سألت المكرو يا شباب مين معو صرافة 200 ما حدا رد يا شباب مين معو صرافة 200 ما حدا رد رحت عطيت 200 للبنت وقلتلا انسي إجت البنت قالت حدا معو صرافة 200 ????????‍♀️ و عينك ما تشوف غير الميات و الخمسينات تتطاير ب المكرو لا وفي ختيار آخر مقعد عم يقول خدوا خدوا هي 4 خمسينات جداد عطوها اياااااهن ولسا بتقولولي المرا ضايع حقا"
1566,"طالع اليوم بالمكرو و الإجرة 100 ليرة .. عطتني بنت 200 ادفع عنها وأنا كان معي 200 عطيت 200 لصاحب المكرو قلتلو اتنين وضل 200 معي الي معي ... إلي مية وللبنت مية سألت المكرو يا شباب مين معو صرافة 200 ما حدا رد يا شباب مين معو صرافة 200 ما حدا رد رحت عطيت 200 للبنت وقلتلا انسي إجت البنت قالت حدا معو صرافة 200 🙋🏻‍♀️ و عينك ما تشوف غير الميات و الخمسينات تتطاير ب المكرو لا وفي ختيار آخر مقعد عم يقول خدوا خدوا هي 4 خمسينات جداد عطوها اياااااهن ولسا بتقولولي المرا ضايع حقا"
1567,"من الفقر من تيابي طلعوني وعدرج الشهرة ما رضيوا يطلعوني عطيارة عسيارة عبغل طلعوني عيشة هالبلد صارت للكلاب"
1568,"حضريلي البدلة لأن الليلة عرس صاحبي ..."
1569,"أي بدلة فيهن والله ؟ وليش صاحبك مش عاملو مختلط لتاخدني معاك ؟ شو أنا بنت البطة السودا !! عرس صاحبك ولا رايح تقابلك شي وحدة ؟ أصلاً مين اللي بدا تتطلع فيك غير البقرة اللي متلي ؟؟ دايماً دافني بهالبيت وما بتطلعني .. ولا بتسهر معي دايماً تعبان ، يا عالكمبيوتر ، يا عالتلفون يا قاعد عم تشوف التلفزيون .. لأ وقال تلفونو حاطتلو رقم سري ..... ليش مين مهتم يعرف أسرارك ............. أنا أصلاً كان لازم أشتغل ، كنت كونت شخصيتي وصرت أحسن من غيري . شو مفكر حالك رح تضحك عليي بالمصاري اللي بتعطيني ياها ؟ لتكون مفكر حالك اشتريتني ؟؟ بس شاطر تسأل شو طابخة عالغدا ، وشو عاملة للعشا ... بعدين إيمتا آخر مرة قلتلي بحبك ؟؟ ... قال عرس قال !! و بعدين صاحبك وين رايح شهر عسل من غير شر ؟؟ و إلا بدو يضحك عليها متل أغلب الرجال و ياخدها كم يوم على فندق يا بعدي ؟؟ عن جد انت ما عندك رومانسية و ظالمني معك وما ساويتللي ولا شي بدي ياه بهالحياة !! أنا أصلاً كل مشاكلي الصحية من وراك ..... أخدتني ما فيني شي ولا بشتكي من شي ، شوف حالتي هلأ .... بس الله كبير ........... وشو يعني اذا كنت بتجبلي كم شغلة بدي ياها !! أنا بدي حنان بدي رومانسية بدي اهتمام .... قال عرس قال !!! ما عمري رحت معك ع طلعة إلا و هلكتني يلا يلا يلا ما بدنا نتأخر عالناس .... وبس نوصل بقعد مصمودة جنبك وكل النسوان عم تروح و تيجي قدامك أصلاً أنا غلطانة اللي برد عليك وبروح معك !!! جد بطّل إلي نفس احكي خلليني ساكتة أحسن ليش ما بترد ؟ رد ؟ شو ما عندك لسان ؟؟"
1570,"انتي أصلك من مصياف ؟"
1571,"لا ليش ؟"
1572,"لأنك قلعة"
1573,"مافي عيد و فلان عني بعيد القائل شخص مكلفتو سهرة العيد شي 200 ألف وعم يكتب البوست وهوي عم ينكش سنانو وعم يحط هدول ???????????? لك حبيبي والله محدا مفكر فيك وكلا ع بعضا سهرة و خالصين خلص كول و سهار و نبسط و سكار ضروري تضحك العالم عليك لأ والكل بعلقلو بقلب مكسور عفكرة تبع القلب ... هوي مكسور قلبو لأنو لسا ما تعشّا فقط لا أكتر والله لولا هالولاد ما منعمل شي ???? إنو أنا حزين و ابتغريني السهرات و افي فرح بعد غياب فلان و فلانة عطيني بصلة مشوية ولاا"
1573,"مافي عيد و فلان عني بعيد القائل شخص مكلفتو سهرة العيد شي 200 ألف وعم يكتب البوست وهوي عم ينكش سنانو وعم يحط هدول 😭😭😭 لك حبيبي والله محدا مفكر فيك وكلا ع بعضا سهرة و خالصين خلص كول و سهار و نبسط و سكار ضروري تضحك العالم عليك لأ والكل بعلقلو بقلب مكسور عفكرة تبع القلب ... هوي مكسور قلبو لأنو لسا ما تعشّا فقط لا أكتر والله لولا هالولاد ما منعمل شي ???? إنو أنا حزين و ابتغريني السهرات و افي فرح بعد غياب فلان و فلانة عطيني بصلة مشوية ولاا"
1573,"مافي عيد و فلان عني بعيد القائل شخص مكلفتو سهرة العيد شي 200 ألف وعم يكتب البوست وهوي عم ينكش سنانو وعم يحط هدول 😂😂😂 لك حبيبي والله محدا مفكر فيك وكلا ع بعضا سهرة و خالصين خلص كول و سهار و نبسط و سكار ضروري تضحك العالم عليك لأ والكل بعلقلو بقلب مكسور عفكرة تبع القلب ... هوي مكسور قلبو لأنو لسا ما تعشّا فقط لا أكتر والله لولا هالولاد ما منعمل شي 😂 إنو أنا حزين و ابتغريني السهرات و افي فرح بعد غياب فلان و فلانة عطيني بصلة مشوية ولاا"
1574,"من وقت ما إجا مبعوثنا البدني مبارح اجا واحد ع ساحة المدرسة معو محايات وماعد تحرك وماعم يبيع منن وبس امرق بيتطلع فيي من تحت لتحت و ابتسامة خبيثة وكأنو ميقلي فهمان عليي ما"
1575,"لقد أتت نصف ساعة من دون أي انقطاع وفي اتصال أجراه المبعوث البدني مع جهة مسؤولة قال فيه انهم سيعوضون هذا الإنجاز يوم رأس السنة حيث اننا لن نرى الكهرباء للسنة القادمة"
1576,"انا الساعة طنعش ما بصافح حدا"
1577,"مشان سهرة راس السنة"
1578,"انو إي هيي عبارة عن عشا جماعي فقط"
1579,"بالأمس كنا نختلف عأي قناة بدنا نتفرج ..... الحمدلله هلا مافي كهربا ما منختلف وما منتقاتل"
1580,"وانا الساعة طنعش ما بصافح حدا"
1581,"طبعا ما فينا ننسا هاد الضيف يلي بيفتل ع بيوت الضيعة كلا"
1582,"انو قال خفيف الظل وعم يعايدن وكل بيت بفوت عليه بدو يتعشا"
1583,"والله بعرف شوياتك طيبين"
1584,"لا خيي اذا بكونو سم بدك تاكل بعرفك نفسك دنيي"
1585,"وانا الساعة طنعش ما بصافح حدا"
1586,"عندك فترة النقاش مع امي مشان ما أشرب كولا مع الأكل طبعاً انا بشرب وبآخر السهرة بياخدوني ع بعرين لعند الدكتور لأنو مافي غيرو بيفتح بالليل"
1587,"وحتى هوي صار ينطرني كل سنة وبقلي لا بقا تشرب كولا مع الأكل"
1588,"انو إي هوي هاليوم خلينا نموت من كاسة كولا شو عليه"
1589,"عندك بشكل عام بكل بيت في فقرة شريب العرق يلي من فوتو بدوخ"
1590,"و الأب فورا بيعرق و بيكره تيابو"
1591,"عندك الولاد يلي بدن يجو يوقفو جنب المنقل و بصيرو يرمو حطب و يطلعوا فيك بصمت الله لا يجمعني بهيك ولاد"
1592,"وانا الساعة طنعش ما بصافح حدا"
1593,"في فقرة الدبكة والرقصة و لازم يكون في حدا متحول بحركاتو"
1594,"بيشرب مسحوق اليورانيوم من صغرو و بيجي لعندك و بيحضنك و بيرخي تقلو عليك"
1595,"يخي يلعن أخت هالسالفة كل سنة بلاها هالرقصة إذا بدا تعملي دسك"
1596,"وانا الساعة طنعش ما بصافح حدا"
1597,"والفقرة الأخيرة تقريباً الساعة طنعش ما بعرف بس انو فجأة سبحان مغير الأحوال لك فجأة فجأة بتهوش العالم عبعضا هيك شي ..."
1598,"قبل ما أنسى تاني يوم كلا فيديوهات 30 ثانية لشباب عم يقوصوا وبآخر الفيديو دائماً في كلمة ... شو صورت منيح ؟"
1599,"اي اي صورك وانت عم تقتلو من الضحك لنتنياهو فوت من هالبرد"
1600,"شو ناقص البير ؟ باب للغرفة ... والباب بدو جبلة و طين والطين بدو مي والمي بالبير والبير بدو باب والباب بدو طين والطين بدو مي والمي بالبير"
1601,"بشرى غير سارة .... صحيح إنن توأم بس بشرى طويلة شوي أما سارة أقصر و أنحف"
1602,"بعد مواجهات عنيفة وبين أخد و رد تم بعون الله القضاء على حواشة الفطر ???? ......."
1602,"بعد مواجهات عنيفة وبين أخد و رد تم بعون الله القضاء على حواشة الفطر 🙂 ......."
1603,"انو عنا بالزاملية في فطر بطعمي سوريا بس ليش العالم بتتعامل معو كأنو شي رح ينقرض و كأنو اخر مرة بياكلوه"
1604,"النتائج كانت تقريب الكيلو ❤"
1605,"مع إصابة رجل من رجالنا بعد ما وضع رجلو على السيد ملوص تحت داعي عدم رؤيته مما أدى لرميه بالرصاص الحي ???? لا حدا يطلع عالفطر بلا سلاح"
1605,"مع إصابة رجل من رجالنا بعد ما وضع رجلو على السيد ملوص تحت داعي عدم رؤيته مما أدى لرميه بالرصاص الحي 🤕 لا حدا يطلع عالفطر بلا سلاح"
1606,"كنت عم صلح التلفزيون بالبيت عنا ...."
1607,"قامت طلعتلي قناة سورية الأرضية ..."
1608,"بديني حسيت المذيع تلبك ... الووو زمان مطلع حدا بخلقتو"
1609,"شفتو شقد تعبانين عالشجرة تبع مصياف يا إلهي يا إلهي شو حلوة و الله و الناموسية شفافة"
1610,"لا تغرك صحوة كانون ولا غيمة شباط"
1611,"في كانون كن وعلى الفقير حن"
1612,"في كانون كن عند أهلك يا مجنون"
1613,"في كانون كن ببيتك و كتر من حطبك و زيتك"
1614,"غيمة كانون بتخوف المجنون"
1615,"أجا كانون ولف الفحم و الكانون"
1616,"سيل الزيتون من سيل كانون"
1617,"عرس المجانين بكوانين"
1618,"كانون الأجرد بيخلي الشجر أمرد"
1619,"كانون فحلها و نيسان محلها"
1620,"مية كانون بتشفي كل معلول"
1621,"نارات و جمرات و سوالف و لقش .. بردات و غيوم و الجو شغل تلج .. سيكارة المعلم كل سحبة منها من قلب .. مدري من طيبتها مدري ع سعر الصرف .. كومة جواكي و جرابات ... و تفضلو لنزيد الهرج"
1622,"ليش ما بيعملوا الدوام الساعة تسعة بفيق الواحد مرتاح و نفسيتو طرية شوي"
1623,"قال لبّس العود بجود إي و الوجه شو مشانو بفيمو يعني"
1624,"لما كنا زغار كنا نكره الحمام ليش ؟؟"
1625,"لانه أمهاتنا الله يطول بعمرهن و يرحم المتوفيات منهن كانوا يعذبونا تعذيب لما يحممونا"
1626,"لما تقلي قوم عالحمام أنصرع من الخوف وما أعرف وين بدي أتخبى لاهرب من تحميمها"
1627,"تبدأ رحلة العذاب من تشليح التياب ..."
1628,"تشلحني الكنزة تقول عم تنتف ريش جاج ... و دينيي كل واحدة بجهة .."
1629,"طول ما عم تتحمم بدك تضل قاعد قرفصة .."
1630,"طيب يا ماما عن جد اجريّي وجعوني .."
1631,"عالسريع بتناولني كف و بتقلّي سكّر تمك .."
1632,"بالنسبة للمي يعني بتكون تحت درجة الغليان بنتفة يا يا ماما لحمي داب !"
1633,"بيجي الكف الثاني ... سد بوزك بدي خلص بعد في خيك .."
1634,"لما تفرك راسي بتقول كأنها عم تفرك بمصباح علاء الدين حتى تطلّع المارد"
1635,"و راسي بلولح يمين و شمال و رقبتي ارتخوا عزقاتا"
1636,"و المشكلة لما ينزل الصابون عوجك وبدها تشيلو بتغير ملامح وجهك ... غير حرقة العينين"
1637,"والمشكلة أكبر إذا كانت الصابونة """" ص ع """" أقسى من الحجر ... و الفرك فيها متل يلي عم يدعكك بحجر"
1638,"فقرة التلييف :"
1639,"بتمسك الليفة و بتفركها بالصابونة وهي عم تطلع فيك ... تقول لحّام عم يسن سكاكينو للدبح"
1640,"الحمد لله إنو الجسم بيحمل شوي ... و إلا فركها للجسم بسبب شلل رباعي"
1641,"طيّب .. هدّي شوي يا ماما أنا حاسس كأنك عم تبرشي جبنة"
1642,"طبعا الحمام بالدور ... و الكبير قبل الزغير"
1643,"ولما أسمع خيي الكبير عم يبكي وهي عم تحممو .. أنا بالغرفة التانية بصير أبكي من الخوف"
1644,"بعد الحمام بتطلّع عحالك بالمراية و البخار عم يطلع من جسمك كأنك طنجرة ضغط مفتوحة"
1645,"الأصابع بكونو مجعلكين ولون جسمك أبيض و أحمر من كتر الفرك"
1646,"منجي على تلبيس الأواعي ..."
1647,"راسك قد قبة البلوزة على خمس مرات وبدها تفوتلك ياه بالطول بالعرض مش مهم المهم يفوت"
1648,"بتلبس أول بلوزة و تاني بلوزة ... ويا ويلك إذا فلتت الكم لما تقلك كموش إيدك حتى تلبسك البلوزة التانية"
1649,"منجي لتمشيط الشعر .. وحفاظاً على تنظيف الراس من القمل و الشوائب ... بتغرز المشط براسك وببلش موسم الحراثة والفلاحة ، وطبعاً في احتمال إنه أسنان المشط يوصلو لمخك من الشد"
1650,"فكرة الفيقة بكير بهالأيام أصعب من فكرة هتلر احتلال روسيا"
1651,"مو عيب عليهن مبارح يقطعو الكهربا قبل بنص ساعة كنت عم أحضر الحلقة الأخيرة من الزير سالم وما قدرت كفيا يا عيب الشوم عليهن أبقولو في عالم مو شايفي المسلسل غير 10 مرات"
1652,"بتبلش السهرة ب سكر الباب وراك"
1653,"حط المازوت للصوبيا"
1654,"هاتو شي ناكلوا"
1655,"سكر الباب وراك"
1656,"خفف المازوت"
1657,"مين حط الابريق ع الصوبيا"
1658,"هاتولنا كرمنتينا أو بردقان"
1659,"أسع عن التلفزيون .."
1660,"لعمى هالأبريق بيضل يكب مي"
1661,"وطي صوت الموبايل .."
1662,"طلاع و سكر الباب يا أما فوت و سكر الباب"
1663,"لا تلتزق بالصوبيا أحسن ما ينحرقوا تيابك"
1664,"لا تكب الشاي عالسجادة ..."
1665,"هاتولنا كرمنتينا .."
1666,"شو صار مع هالصوبيا يا بتنطفي يا بتحرقنا"
1667,"ما ضل كرمنتينا ؟"
1668,"لو الدنيا صيف ما كنتوا خليتوا الباب مفتوح وحق الله"
1669,"حط بالأبريق مي نشف من كتر ما بقبق"
1670,"حاج ولاك بس ولاك ..."
1671,"و الله عم يقلّي عقلي قوووم اكسر هالباب لسا بيتركوه مفتوح"
1672,"لا تكب الشاي عالبطيخة"
1673,"العما إذا الواحد جاب طن كرمنتينا يا دوب ياكل وحدة أو تنتين"
1674,"تعوا امسحوا السجادة ما صار إلا كب الشاي"
1675,"سكر الزففففت وراك يا زففت"
1676,"والله كنت عرفان بدك تكب الشاي"
1677,"لو بيعرف العدو الغاشم انو بالبلد في غاز حر بس مافي غاز عالبطاقة كان تأكد أنو لن ولم يوهن عزيمته الجبارة"
1678,"من جهجة الضو بجيك صوت من غامض علمو علييييييييي وبس ..."
1679,"لازم تفهم لحالك انو قوم يا أمي لنبلش حواش الزيتون"
1680,"بتخطف نظرة عالتركتور بتلاقي عالم ملتمة كأنو رايحين نعمل عملية تبادل مخطوفين مع داعش"
1681,"نحن ما نتلتم بس شكلنا الصبح ما بساعد أي شخص بالأرض مهما كان قلبو قوي انو يتجرأ ويقول صباح الخير مثلاً"
1682,"انا بنمغص كتير وقت الصبح وبكون بردان و همي انو أقدر القط كم صورة للشمس وقت الشروق مندون ما يشوفني حدا مشان لا أسمعلي شي كلمة"
1683,"بالأرض بتصير كتير شغلات حلوة متل وقت ناكل او وقت شغل نار وأعمل متة او وقت أتصور انا والطبيعة كلشي بالأرض حلو إلا حواش الزيتون"
1684,"في شجرات بتحس انو هيك هيي ما بدا تخلص قد ماحوشت بتقلك ليك طلع فيي أي ما خلصت اسا"
1685,"وفي زيتون صغير هاد الجلطة بتشد بتشد بتشد لحتى توصل معك إنك تكسر الغصن انو عأساس بالغلط"
1686,"دائما في حدا بالورشة دمو خفيف و بضل يحدث و يغني و بيشتغل"
1687,"وفي حدا بضل مشلوش وكلو ركيد و عأساس انو عم يحرك العالم وهوي ما اشتغل شي"
1688,"وفي عالم بتشتغل من تم ساكت"
1689,"وفي أنا .... ابشتغل و ابحكي و ابركد و اباكل و ابدي شي بدي اتصفن والقط صور"
1690,"بس كتيير بشع وقت تاخد وضعية للتصوير وتجي عيني بعين بيي ... أصلاً أنا عم دور عتغطية مشان وصيلكن ع غدا جاهز معلييم"
1691,"و دخيل حدا يقول جيبولنا مي أو جيبولنا أي شي أخي طلوب لبن العصفور بجبلك ياه المهم اتلهى"
1692,"مع انو أنا بشتغل كتير وما بقعد ... انو بقعد شوي .. هلا أنا بصراحة بقعد كتير"
1693,"ليك هو للأمانة أنا ما بلق شي و محدا عتبان عليي بس أبلاقيها حلوة ضل قاعد بالبيت وفي أكل بالكرم ????"
1693,"ليك هو للأمانة أنا ما بلق شي و محدا عتبان عليي بس أبلاقيها حلوة ضل قاعد بالبيت وفي أكل بالكرم 🙂"
1694,"المهم بيخلص اليوم و منركب بهالتركتور والكل بكون مبسوط والورشة بتصير تغني و شكلنا ونحن طالعين بالضيعة متل يلي جايين من حرب البسوس وهكذا"
1695,"في كل صباح عيد نستيقظ على صوت إغلاق البوابة ........... انه أبي يذهب مسرعاً في ساعات الصباح الأولى إلى القرية ليشتري الأضاحي ( الفراريج ) ليذبحها شيخ القرية معلنا نية عمل الخير"
1696,"أستيقظ أنا مثقلاً ثملا من سهرة البارحة أشحط قدماي أمامي إلى المغسلة لاسمع أمي تقول يا خطيتو بيك راح تحت الشمس ...."
1697,"اتمتم أنا إي والله لسا بكير يعني كان فيه ينتظرني ساعة زمن ولوووو وبرد ابريق المتة مع أول كاسة بدق تلفون للبابا ............"
1698,"يجاوبني صوته البشوش أهلين بابا كلو تمام اشترينا و دبحنا تعالو براحتكم نضفو هالفراريج و وزعوها ....."
1699,"وهون أنا ما بسمع الا براحتكم وبرجع بنام بعد أن ارتويت من المتة ....."
1700,"المهم الضهر بيدق بيبهدلنا انو تأخرنا عليه وانا بدوري بدق ببهدل ياسر انو تأخرنا عبيك و بروح أنا وياسر متبهدلين و قالبين وجهنا"
1701,"وبس يشوفنا بيي بيقلب وجو .... ليش ما اجت امكم معكن بقلو أنا والله تعباني و مريضة بيتمتم شوية كلمات غير مفهومي و بيشيل تلفونو يدقلا يتطمن عليا وبيسأل ياسر شبها أمك ......"
1702,"بيقلو ما شبها شي مليحة كانت عم تتمشى و بطلع أنا كذاب ............"
1703,"المهم بيدقلا و كيفك يا أم وائل ولو جيتي غيرتي جو كذا و مذا و بيسكر بتأفف ........"
1704,"هون منكون نحنا عم نعمل متة وهوي شايفنا بينتظر لنطالع الطاولة لتحت التوتات و نركز بيقلنا لاااااااااااااا باابااااااا قومو غسلو الفراريج ووزعوهن قبل وبيعقد حاجبيه"
1705,"هون منقوم عالصامت"
1706,"أحلى لحظة بالحياة لما ينطمز الإنسان الدبقة"
1707,"الخيطب قيعد مع خطيبتو والمتجوز قيعد مع مرتو والحبيب قيعد مع حبيبتو وهنا قيعد مع ستي كل شوي بتقلي ..... هنت ابن مين .... شحاري يا ستي"
1708,"ذكرني هالتخت بليالي الشتوية الماطرة"
1709,"و بكون جدي تحت لحافو و الراديو عدانو عم ينقل ابرتو من محطة لمحطة"
1710,"وكل شوي تلمع السما وتضوي الغرفة"
1711,"وجدي يقول .... الله أكبر .... الله يبعت الخير"
1712,"و يطلع صوت الرعد ويهز حيطان الغرفة و تبلش تشتي كب"
1713,"وستي تكون عم تجيب كم قرمة من غرفة الحطب و تفوت عالغرفة وهي عم تقول الله أكبر ع هالشتي ...... طافت الدني ..... سرحت المزيريب"
1714,"ابدك تشرب المتة ... ؟؟"
1715,"شعلتي الصوبا .... ؟؟"
1716,"إي شعلتا من الأربعة"
1717,"إي شيلي هالصبي حطيه بالتخت ت انزل أقعد عالفرشة"
1718,"والله تقيل أفيني قيمو ..."
1719,"ستي يا ستي .... قوم نام محل جدك ..........."
1720,"وهيك قوم نام محل جدي وبكون دافي كتير وأكمر حالي بلحافو وصير أتفرج ع جدي و ستي هنن وعم يشربوا متة ويتسولفوا"
1721,"عيّن : انظر"
1722,"ريحة : بارفان"
1723,"خفافة : حذاء للرياضة"
1724,"السيبا : السلم"
1725,"العمىىى .......... تقال في حال الصدمة الشديدة وغالباً شيء مو كويس"
1726,"جلموء : مصلحجي"
1727,"معلاء : بيتدخل بكل شي"
1728,"بالورب : بالمايل"
1729,"شفاتير : شفايف"
1730,"وا  قرود : للتعجب"
1731,"وا قرود الأرض : للتعجب كثيرا"
1732,"كلاكيش : أغراض"
1733,"عمشة : وسخة"
1734,"أمثال شهر شباط"
1735,"راح العاقل كانون وإجا شباط المجنون"
1736,"شباط غيمه وهواه أحسن من شمسو و شتاه"
1737,"شباط شبطنا و ربطنا و روايح الصيف إجتنا"
1738,"الصيت لشباط و الفعل لآدار"
1739,"شباط أوعالو لا يغرك اعتدالو"
1740,"سأل آذار شباط شلون تركت الناس"
1741,"الصيت للمربعانية والفعل لشباط"
1742,"راح شباط الغدار وإجا آدار الهدار"
1743,"غيمة شباط ولا صحوة كانون"
1744,"شمسة شباط وغيمة آذار من نعايم الله الكتار"
1745,"شباط ما بيخبي شمسه"
1746,"شباط بيضحك عالنسوان"
1747,"ما بين شباط والصيف زرقة فارة"
1748,"امش على غيم كانون ولا تمش على غيم شباط"
1749,"بشباط ببييض الجيج عالبلاط"
1750,"شباط مهما شبط و لبط ريحة الصيف فيه"
1751,"شباط فروته مخزقة"
1752,"برد شباط بيمنع الجراد والقحاط"
1753,"شمس شباط بتعلم عالبلاط"
1754,"شمس شباط لكنتي وشمس آذار لأختي وشمس نيسان لبنتي"
1755,"شباط عدو العجايز"
1756,"كل ساعة برأي متل غيمة شباط"
1757,"سرحنا أول شباط ع زراعة العنبات"
1758,"متل شهر شباط ما على كلامه رباط"
1759,"بين شباط و آدار تأخرت كتير يا زارع الأشجار"
1760,"قمح شباط ما بيملي الرباط"
1761,"أمثال شهر آذار"
1762,"في آذار بتساوى الليل و النهار"
1763,"آذار أبو الصواعق و الأمطار وسبع ثلجات كبار"
1764,"كل رعدة بآذار مطرة بنيسان"
1765,"خبي حطباتك ( أو فحماتك أو قرماتك ) الكبار لعمك آذار"
1766,"آذار شمس و أمطار و ينشف الراعي بلا نار"
1767,"إن خلص آذار اللي عمّر عمّر واللي بار بار"
1768,"ملاحة آذار بتقص المسمار"
1769,"غيمة آذار نعمة من نعمات الله الكبار"
1770,"بآذار رد البذار من الحقلة يا حمار"
1771,"بآذار بينتقل الكلب لفية الدار"
1772,"بآذار بينام الأعزب بباب الدار"
1773,"بآذار بتغلى المونة و بيكتر النقار"
1774,"بآذار بتطلع الحيايا من الغار"
1775,"الدنيا بآذار متل العروس بدارها"
1776,"الكرم إذا ما انفلح بآذار بار"
1777,"العشب بآذار قد دينين الفار"
1778,"في آذار طلّع بقراتك من الدار"
1779,"في آذار تمطر سبعة أمطار"
1780,"هوى آذار بيقلّع الأشجار"
1781,"بآذار بتطلع الموائد عالدار"
1782,"آذار الهدار فيه الصواعق والأمطار"
1783,"آذار أبو الزلازل و الأمطار"
1784,"آذار أوله سقعة و آخره نار"
1785,"بآذار بفتح الورد زرار زرار"
1786,"أمثال شهر نيسان :"
1787,"مطرة الرابع من نيسان بتحيي كل إنسان"
1788,"مطر نيسان ذهب كيزان ( كيزان جمع كوز أي الجرة )"
1789,"مطر نيسان خير وصحة للإنسان"
1790,"بنيسان بتزهر البساتين .... وبتحلا السيارين بس يا خسارة هالسنة مافي سيارين بسبب كورونا"
1791,"شتوة نيسان بتساوي قصر السلطان و القرقة و الصيصان"
1792,"نيسان معيكسان ( لأنه بدلا أن يميل للاستقرار يميل للاضطراب )"
1793,"بنيسان بتصير الدنيا عروس و بيخففوا الغطا والملبوس"
1794,"بنيسان أطفي نارك و أفتح شبابيك دارك و اسبح بالشمس لزنارك"
1795,"بنيسان بيفتح التوت و بيقلو للبرد روح موت"
1796,"نيسان النسناس ( بسبب تزايد طول نهاره مما يسبب في إرهاق العاملين في الزراعة )"
1797,"في نيسان انبسطت يد الرحمن ( فيه يجني البدو موسمهم من الخراف و السمن )"
1798,"بنيسان لا تكري نفسك لإنسان ( أي لا تعمل أجيرا عند الناس لكون النهار يصبح طويلا )"
1799,"نيسان بيطعمي الجوعان و بيدفي العريان"
1800,"بنيسان بيدوب التلج وبيبان المرج"
1801,"بنيسان بتفتح شقائق النعمان"
1802,"بنيسان بيخضر الحجل و بيطبش الحجل"
1803,"بنيسان بتسرح الغزلان وبيفتح البستان"
1804,"قمر نيسان متل شمس آذار بنص النهار"
1805,"آذار حبل و نيسان سبل ( أي تبدأ في آذار أعالي نباتات القمح بالانتفاخ لتظهر في نيسان )"
1806,"حشيش نيسان بيحرك الكسلان"
1807,"بنيسان بتفقس الصيصان"
1808,"بنيسان بيدفى كل إنسان"
1809,"مطرة نيسان بتحيي الأرض و الإنسان"
1810,"أمثال شهر أيار :"
1811,"أيار شهر الرياحين و الأزهار"
1812,"بأيار تثمر الأشجار"
1813,"بأيار قعود بين الورد و اتذكّر ليالي البرد"
1814,"بأيار نشور غسيلك عالحبال"
1815,"برد أيار خراب للديار"
1816,"شمس أيار بتعلم ع الحجار"
1817,"أيار مشمش و توت و خيار"
1818,"بأيار الشتي بيشد غراضو وما بيبقى غير مياتو"
1819,"أمثال شهر حزيران :"
1820,"بحزيران الجو نيران"
1821,"حزيران الهاوي و تموز الشاوي و آب الكاوي"
1822,"حزيران شهر البسط و الكيف أوله ربيع و آخره صيف"
1823,"البرد ما بيموت ليستوي التوت"
1824,"حزيران أبو الحلايش ( حيث يتم حلش - أي حصاد البقوليات )"
1825,"شوب حزيران بيعمل اللبن عيران"
1826,"شهر حزيران في الحصاد والنيران"
1827,"حزيران شهر الريان ( الخضار و الفواكه )"
1828,"بحزيران بتدخل الشمس برج السرطان وبتقول للشمس أهلا بأعز الخلان"
1829,"حزيران طباخ المشمش"
1830,"بتموز بتغلي المي بالكوز"
1831,"بتموز كنز مياتك لتعوز"
1832,"شمس تموز بتحرق دنب العصفور"
1833,"بآب الجو عاب"
1834,"آب اللهاب"
1835,"بآب اشلح الجزمة والبس القبقاب"
1836,"بآب بيلتقوا الأحباب"
1837,"آب طباخ العناب"
1838,"بآب التين طاب"
1839,"آب بيجيب الخضرة عالباب"
1840,"بآب اقطوف عنقودك ولا تهاب"
1841,"بآب فوت ع كرمك ولا تهاب"
1842,"عيد التجلي بيقول للصيف ولّي"
1843,"بعيد الرب بينتلى العنقود حب ( عيد الرب هو عيد التجلي )"
1844,"بعيد السيدة صفوا عنب المائدة ( يصادف يوم 15 آب )"
1845,"اللي ما بيذري بآب شحم قلبه داب ( التذرية هي فصل حب القمح والشعير عن التبن بعد عملية الدراس في تموز ) حيث تنجح هذه العملية في آب بسبب رياحه الخفيفة مما لا يسبب بضياع التبن"
1846,"مضى آب وما درّيت يللي بالهوا انغرّيت"
1847,"أيلول ذنبه مبلول ( أيامه الأخيرة لا تخلو من الأمطار )"
1848,"ب 23 أيلول الصيف بيزول"
1849,"إذا ما شتت بعيدنا بنقطع إيدنا ( هذا المثل يقوله المسيحيون ، حيث يصادف عيد الصليب يوم 27 أيلول حسب التقويم الغربي - 14 أيلول حسب التقويم الشرقي ) وهذا تأكيد على سقوط الأمطار في أواخر أيلول"
1850,"يلي ما تمون بأيلول بعيش عيشة بهلول"
1851,"إذا طلع سهيل لا تأمن من السيل"
1852,"تش تش : ابتل"
1853,"فس فس : وشى"
1854,"صح صح : استيقظ تماما"
1855,"فت فت : قطع إلى قطع صغيرة"
1856,"لق لق : ذهب في زيارات لا تناسب مستواه الاجتماعي"
1857,"نق نق : أكل بين الوجبات"
1858,"مز مز : استمتع بالطعام"
1859,"بح بح : زاد و أفاض"
1860,"جر جر : جرّ"
1861,"نه نه : أتعب كثيراً ، يقال نه نه الجلاد الضحية"
1862,"فل فل : غار وشعر بالغيظ ويغلب استعماله مع تاء التأنيث"
1863,"كب كب : سفح الطعام"
1864,"لم لم : رتّب البيت"
1865,"شر شر : سال"
1866,"بع بع : صرخ"
1867,"بس بس : تمتم"
1868,"جع جع : صاح"
1869,"سب سب : شتم"
1870,"شم شم : تقصى الأخبار"
1871,"عس عس : طال مرضه"
1872,"فض فض : باح"
1873,"رص رص : شدّ"
1874,"جه جه : جه جه الضوء تعني بزغ الفجر"
1875,"جق جق : سكب الماء"
1876,"حب حب : تعاطى المخدرات"
1877,"حر حر : خاض في سيرة الناس"
1878,"خم خم : بحث بدأب"
1879,"هرهر : أسقط أجزاء الطعام"
1880,"عن عن : أصدر أنيناً"
1881,"فص فص : تقال حين تناول البذر أو الفستق"
1882,"طف طف : فاض"
1883,"طن طن : روّج له وبالغ بمدحه"
1884,"طب طب : واسى"
1885,"كن كن : صمت بسبب استيائه"
1886,"مط مط : ماطل"
1887,"تخ تخ : اهترأ ، ويقال تخ تخ فلان بالسجن أي مكث طويلاً"
1888,"لع لع : علا صوته"
1889,"بخ بخ : نثر رذاذاً"
1890,"شب شب : بدا أصغر من عمره"
1891,"بص بص : استرق النظر إلى النساء"
1892,"جدبه : يعني مجنونة"
1893,"سكرتون : يعني خزانة"
1894,"أبوس روحك : للمدح"
1895,"ورصاص : يعني دعاء بالموت و أيضاً يبلاك بقتلك يعني دعاء بالقتل والضرب"
1896,"لا تجقجق يعني لا تدوس على الماء ) هي إذا كانت الأرض مغسولة ("
1897,"بتاتا يعنى بطاطا ( البطاطس )"
1898,"مجأجأ : مرطب"
1899,"عوجه : كوع"
1900,"خلق : عالم"
1901,"كما امتازت اللهجة الحلبية ... بأدوات إشارة خاصة فينا ... يعني العرب كلهم كوم ونحن كوم تاني"
1902,"كوهنه : للمذكر القريب"
1903,"كيهنه : للمؤنث القريب"
1904,"كوهاك : للمذكر البعيد"
1905,"كيهاك : للمؤنث البعيد"
1906,"كوهاكييي : لجمع المذكر البعيدين"
1907,"كيهاكين : لجمع المؤنث البعيدين"
1908,"كوهنن : لجمع المذكر القريب"
1909,"كيهنن : لجمع المؤنث البعيد"
1910,"اختصار المذكر القريب .... كو"
1911,"اختصار المؤنث القريب .... كي"
1912,"هههههه الله وكيلكن هي بس مفردات الإشارة .. بس مشان تصدقوا شقد .. لهجتنا نحن الحلبية غنية"
1913,"روح قلبنا نجقجق ومن الاختصارات أيضاً"
1914,"تاااااا بدل من تعال"
1915,"رووووو بدل من روح"
1916,"ما راي بدل مالي رايح"
1917,"أبخالتي بدل من ابن خالتي"
1918,"شأساعه بدل من شقد الساعة"
1919,"أشلك فصتون يعني بالشامي شو بدك فيون"
1920,"نانتي يعني جدتي"
1921,"جنق ... هي الصحن"
1922,"فرتيكه ... هي الشوكة"
1923,"خوليه ... هي البشكير"
1924,"أرمغان ... هي الهدية"
1925,"جمجايه .... هههههه هي يعني معلقة السكب المقعرة"
1926,"خيت و خيتو : يعني أختي"
1927,"خاي و خيو : يعني أخي"
1928,"جلق : دمه ثقيل"
1929,"اشبك : سؤال للاستفسار"
1930,"وجع : دعاء بالألم"
1931,"فلته : واحد شاطر"
1932,"كرتاية : سكجا يلي بتدخل فيها الكندرة"
1933,"أنضرة : الكندرة"
1934,"بانجان : باذنجان"
1935,"دي بقا : لك لك"
1936,"علوّا : أي يا حبّذا"
1937,"عمنول العام الماضي"
1938,"أول عمنول العام قبل الماضي"
1939,"قرم عتيق و كبير بالعمر"
1940,"سيوي دغري"
1941,"ضنضرما بوظة"
1942,"برّاكة كشك - كولابا"
1943,"ونّاسة نوّاسة"
1944,"ترانشكوت مانطو ) جاكيت ("
1945,"فستوكة يقال عن بنت أنها فستوكة أي أنها لا تزال صغيرة مثلي أنا"
1946,"سقسوقة سندويشة جبنة"
1947,"مقرمد يقال عن الشيء اللي ملزق و يبسان عليه وسخ"
1948,"طنفسة سداجة والمثل الشهير : متل طنفسة النديانة شرح المثل : يقال عن الشخص المنيل عديم المروة ويتم تشبيهه بالسداجة عندما تتغسل بالمي تصبح ثقيلة جدا"
1949,"معنطز .. شايف حالو"
1950,"بشقة يعني شغلة كبيرة عظيمة"
1951,"سهسك ضحك بصوت عالي"
1952,"بركي لعل"
1953,"معلاق : تقال للشخص الغليظ"
1954,"طلع راس بعب تقال إذا كانت الشغلة على القد تمام"
1955,"عالهس النس يقال عن الشخص التحتاني ( يعني اللي من تحت لتحت )"
1956,"عرقية القبعة التي توضع على الرأس أثناء الصلاة"
1957,"طشم بهيم"
1958,"مفجلق قليل الحياء"
1959,"مشفتر يعني قليل الأدب"
1960,"طابوية سدادة القناني"
1961,"برطوش حرف أو حد ويكون مرتفع قليلا عن الأرض"
1962,"مشطوط مجلوق = آخد وش = يتدخل فيما لا يعنيه بأريحية"
1963,"سفط علبة"
1964,"جاتين صعب أو مستحيل"
1965,"مافي تشارة = لا أمل"
1966,"مجقة = قبلة"
1967,"جمجاية مغرفة"
1968,"وفي القلب المكاني للأحرف نشير إلى بعض الكلمات الحلبية وهي :"
1969,"سدّاجة : سجادة"
1970,"معْلقة : ملعقة"
1971,"جوز : زوج"
1972,"أهبل : أبله"
1973,"زلغط : زغرد"
1974,"جنزبيل : زنجبيل"
1975,"أما في الإبدال فأيضا يوجد عدة كلمات"
1976,"تلكع : تلكأ"
1977,"عنين : أصلها أنين"
1978,"انقمط : انمقت"
1979,"صنط : نصت"
1980,"سجر : شجر"
1981,"ظغير : صغير"
1982,"خسيل : غسيل"
1983,"فسط : وأصلها في وسط"
1984,"مشان : وأصلها من أجل"
1985,"منين : من أين"
1986,"لسع : ل الساعة"
1987,"اشّو : أي شيء هو"
1988,"بعدين : بعد أن"
1989,"خوخ حمص فريكة تبن فجل سفرجل كبش حردون ساطور"
1990,"إبريق بابوج تازة تخت سنبوسك جاكوجة"
1991,"دمجانة صوج أرمغان قاظان جادر كمر ناظيك بقجة بلطجي راجيته دكمة"
1992,"طاولة جمنتو موضة"
1993,"جاروخ قن تمقلس"
1994,"شنص مازورة مانطو موبيليا دركسيون"
1995,"نيييم : نايم"
1996,"بيرك : بارك"
1997,"إكل : آكل"
1998,"شيرب : شارب"
1999,"محشي بدلا من محشو"
2000,"مقلي بدلا من مقلو"
2001,"شريه بدلا من شروه"
2002,"جرجر بدلا من جرّر وكذلك قصقص شقشق فكفك"
2003,"تثليث الثنائيات :"
2004,"شفة : شفّة"
2005,"دمه : دمّه"
2006,"يد : إيد"
2007,"خالفوا الحلبية في التصغير فعوضوا عن الياء بالواو :"
2008,"قطقوطة كبكوبة بصبوصة قتّورة"
2009,"طوروا بعض الأوزان :"
2010,"تمسكن تملعن تدلعن تولدن تنسون"
2011,"مطّوا بعض الحروف :"
2012,"عمود : عامود"
2013,"خروف : خاروف"
2014,"كم : كام"
2015,"إبط : باط"
2016,"تعال : تعا"
2017,"رايح : راي"
2018,"هجر : هج"
2019,"ضجر : ضاج"
2020,"العباي - العبا - العباية : من العربية أصلها العباءة والعباية : كساء خارجي لا كم له ويسمون من يبيعها : العبهجي والجمع : العبهجية"
2021,"وسوق العبي من أسواق حلب"
2022,"ومن أنواع العبايات : العباية الحردونية والعباية العباسية والعباية الدبوسية والعباية الزنارية"
2023,"من معجزات اللهجة الحلبية :"
2024,"طيب = لذيذ"
2025,"طيب = حاضر"
2026,"طيب = وبعدين شو صار"
2027,"طيب = على قيد الحياة"
2028,"طيب = ماشي يسلمو"
2029,"طيب = خلص خراس"
2030,"طيب = درويش"
2031,"طيب : أنا بورجيك"
2032,"وأنا معدي من التلل شفتلك شقفة بتقلو للقمر غيب لأبرك محلك رقيب"
2033,"رحنا أنا و العينتين أخدنالك شاليه شي فرجه وعلى كيوف كيوفك"
2034,"وانا ريجع عالبيت شفتلك واحد عونطجي سفقتلك ياه كف خليتو يبرم بأرضو"
2035,"اندفس : اذهب إلى النوم"
2036,"عوجه : كوع"
2037,"سيوي : دغري"
2038,"أنضرة : الكندرة"
2039,"تاسومة : السكربينة"
2040,"دوينات : كفوف"
2041,"هلقنة : هلق"
2042,"الضنضرما : بوظا"
2043,"السداجة : للسجاد"
2044,"الديوانة : الكنباية"
2045,"لاصطيكة : مطاطة"
2046,"مصرات : مصاري"
2047,"طاول طاول : أبدا"
2048,"السحّابة : درج"
2049,"طنطويلي : طويل"
2050,"ايخريتا : آخرها"
2051,"يا طخو يا كسور مخو"
2052,"رزق الهبل ع المجانين"
2053,"نص جهيزك يا أمون قماقيم وصحون"
2054,"كار مو كارك بيخرب ديارك"
2055,"ع قد لحيفك مد إجريك"
2056,"يخمّ ولا تاكلو حماتي"
2057,"أعزائي الدارسين والدارسات الكسلانين و الكسلانات الأحياء منكم والأموات"
2058,"طفولي التلفزيون وعلو الصوت وسمعو سقسقة الدهنة يا شحار راسي عهل أصوات البقبقية"
2059,"لحمة بفرن أو محوشة أو سبع دول إش عرفني"
2060,"بعرف إنكن بتعرفوا إش منحطلا"
2061,"هلق بقا خود تعليقات ليش هيك سودة وليش هيك شقرا وليش وليش لك سيدتي إذا ما طلعت معك هيك مقمرة ومشلوطة أبوس إيديكي لا تعمليها وتعذبي حالك ???????? و تحري الحجي آخر النهار"
2061,"هلق بقا خود تعليقات ليش هيك سودة وليش هيك شقرا وليش وليش لك سيدتي إذا ما طلعت معك هيك مقمرة ومشلوطة أبوس إيديكي لا تعمليها وتعذبي حالك 😂😂 و تحري الحجي آخر النهار"
2062,"البنات حناين .... والصبيان للكناين"
2063,"الجار عبسأل جاره مرتك إش جابت ؟"
2064,"جابت بنت ... و أنت ؟"
2065,"مرتي جابتلي الصبي السابع ... أنت صار عندك سبع بنات وأنا عندي سبع صبيان"
2066,"كل ما يشوف جاره يقوله يا أبو البنات والجار يزعل من الكلمة ويسكت"
2067,"وبعد ما انقضى العمر وكل واحد فيهم جوز ولاده السبعة وعاش لوحده في ليلة أبو الصبيان زار جاره أبو البنات لقاه قاعد يتعشى أكل طيب ولبسه نضيف ومكانه نضيف"
2068,"قاله مين اللي عاملك كل هاد"
2069,"قاله كل يوم بتيجي بنت من البنات بتحممني وتنضف البيت وتعملي أكل وتروح"
2070,"قاله كل يوم ؟ كيف بتلحق بيتها و ولادها و زوجها وأنت كمان ؟"
2071,"قاله إي مقسمين الأسبوع عليهم كل وحدة فين يوم"
2072,"أبو الصبيان قعد جنبه وقاله : أبو البنات بنام متعشي و دفيان وأبو الصبيان ينام ع جوع و بردان"
2073,"مراحل الزواج في حلب :"
2074,"شوفت النسوان"
2075,"شوفت العريس للعروس"
2076,"جلسة تعارف للأهل"
2077,"فصل الحق"
2078,"الخطبة مع تلبيس الخواتم"
2079,"كتب الكتيب مع عزيمة الكتيب"
2080,"مد الجهيز مع عزيمة على الغدا"
2081,"العرس : عرس النسوان + تلبيسة الرجال"
2082,"الصبحية ومع عزيمة الصبحية"
2083,"من زمان أنا بسمع أهل أول بئولوا حلب جورة الهم وبالشتي غريء وبالصيف حريء"
2084,"حلب هم للأعداء و شوكه بعيون الحساد بلنسبة إلنا أهلها هي جنتنا و كلشي حلو شفناه بحياتنا"
2085,"بخصوص المربعينية ، المشبك بحلب نلجأ للمشبك في أيام المربعينية البيردة"
2086,"الحلو الي فيو بيعطي دفا كويس ، إضافة لشكلو الظريف جدا وسعرو المنطقي نسبياً"
2087,"في محل بالجميلية قدام فلافل النزهة عالزاوية ، بسوي قطايف ، لقم ومشبك"
2088,"بالإضافة للشغلات اللي بتفرفح القلب عندو من روايح القطر و القرفة اللي معبية الدنيا ومنظر القرص وهو عم يدور ويلف ببرميل القطر والقطايف هنن عم ينزلو للقلي"
2089,"هالمحل عندو شي كتير مميز : الدور"
2090,"ع حد علمي مافي أي مكان تاني بحلب في دور منظم لهل الدرجة"
2091,""""" يا جماعة ....... الميتين لمين ؟ """""
2092,""""" أبو الألف .... القطايف بلبة ولا بجوز """""
2093,"اش في محلات منظومة بحلب بتسوي مشبك غير صاحبنا هاد اللي بالجميلية ؟"
2094,"أبو علي سائق هونداية ، ولكنه يمارس السياسة منذ زمن بعيد ، ويمكن القول أن كثيرين ممن هم في قيادة الحزب الآن انتسبوا إلى هذا الحزب على يدي أبي علي ، غير أن محدودية أبو علي وضحالته الفكرية منعته من الارتقاء في المناصب الحزبية ، ولهذا فإن لأبي علي مكانة في الحزب تفوق مكانته في الحياة بما لا يقارن ، فمن يراه في سوق الهال يرمي السحاحير في صندوق هوندايته وعلى قميصه بقع تركتها عصائر مختلفة لخضار وفواكه متنوعة ، لا يقول أنه الشخص نفسه الذي يدخل إلى مكتب الوزير دون إحم ولا دستور ويخاطبه ويقبل شاربيه : كيفك أبو عبدو"
2095,"ثم يرتمي على الكنبة الوثيرة في مكتب الوزير و ينتزع قدميه المتعبتين من الحذاء و يضعهما على التربيزة الزجاجية : وصيلنا على شاي خاي"
2096,"فيمتثل الوزير لطلبه وينتقل ليسترخي بدوره على الكنبة المقابلة ويبث إليه همومه في الوزارة ، ولعل أبا علي هو الشخص الوحيد الذي شكا إليه الوزير أنه في الوزارة مجرد رجل كرسي لا يحل ولا يربط ، الأمر الذي جعل أبا علي يرد عليه بعبارته التي يرد بها دائما على منتقدي سياسة الحزب الداخلية فيقول : معليش خاي معليش ... طول بالك ... مضطرين ننخ تكتيكيا منشان الهدف الاستراتيجي"
2097,"المهم فإن أبا علي ، وبسبب ما ورد ذكره و إن كانت لا توكل إليه مهمات حساسة إلا أن الحزب يعامله كرفيق ذو مكانة عالية وأهمية خاصة ولذلك عندما مرض في إحدى المرات تمت معاملته مثلما يعامل عضو اللجنة المركزية ، حيث تم إرساله إلى بلغاريا لكي يعالج هناك في مشفى اللجنة المركزية للحزب الشيوعي البلغاري"
2098,"وفي بلغاريا عومل أبو علي على هذا الأساس أيضا ، فتم تعيين مترجم له يرافقه في جولاته على الأطباء و يساعده في تدبير أموره إن احتاج لشيء ، وعلى الأغلب فإن لهذا المترجم صفة أمنية ما ، ويتحمل المسؤولية فيما يخص أبا علي"
2099,"لم يكن أبو علي مسرورا جدا لهذا المترجم ، وكان كلما ترجم له عبارة ، يعلق مغمغما دون لفظ الكلام بشكل واضح لكي لا يفهم المترجم : علي الحلال إذا الجحش بيفهم ألماني أنت بتفهم عربي"
2100,"فقد كان أبو علي مضطرا في كل مرة أن يعيد جملته أكثر من مرة لكي يفهم المترجم ما يقوله ، وهذا كان يضايق أبا علي"
2101,"ولكن القشة التي قسمت ظهر البعير كانت عندما خرج أبو علي من المشفى بعد أن شعر بتحسن ، وسار في الغابة قرب المشفى فوجد نهرا حوله مناظر خلابة أخذ يتنزه على ضفته ، وفي هذه الأثناء حضر المترجم إلى غرفته فلم يجده في غرفته ، وسأل عنه في كل مكان فلم يجده ، و بطبيعة الحال فإن أبا علي لم يترك أي قصاصة تفيد بأي معلومة عن سبب غيابه وقد ازداد قلق المترجم عندما حان موعد الغداء ولم يظهر لأبي علي أي أثر ، ووجد نفسه مضطرا لتناول وجبة أبو علي لكي لا يتساءل الأطباء عن سبب امتناعه عن تناول الطعام ، كما أن المترجم خاف أن يبلغ مسؤوليه باختفاء أبي علي لمعرفته بعواقب ذلك على مستقبله الوظيفي ، ولذلك فضل البحث بنفسه حول المشفى راجيا أن يظهر أبو علي قبل انفضاح الأمر ، فالعقوبة لن تختلف في حال علم المسؤولين بذلك سواء حدث مكروه لأبي علي أم لم يحدث ، فإن ظهر كان به ، وإن لم يظهر أو حدث له مكروه فلا حيلة بأحكام الله هكذا كان يفكر المترجم البلغاري في داخله"
2102,"أين كنت يا رفيق أبو علي ؟"
2103,"كنت عبأزدر على زيء النهر خاي"
2104,"أما المترجم الذي لا يفهم العامية ، خاصة إذا كانت عامية من طراز عامية أبي علي الحلبية الغميقة ، فقط تساءل مرة أخرى ، أين ؟"
2105,"على زيء النهر خاي ، كنت عبأزدر"
2106,"لا أفهمك يا أبا علي ... تكلم بالفصحى من فضلك"
2107,"لا أفهمك .... ليش أنت حدا كزب عليك وقلك بتفهم"
2108,"غمغم أبو علي بطريقته السابقة لكي لا يفهم المترجم ما يقول ثم أردف بالفصحى مشكلا أواخر الكلمات مركزا على نطق مخارج الحروف بشكل سليم : كنت أؤزدر على زيء النهر ... خاي ... يا أخي"
2109,"ولكن المترجم مرة أخرى أعرب له : لم أفهم يا أبا علي"
2110,"فأعاد عليه أبو علي العبارة نفسها بالفصحى بتأن أكبر : كنت .. إشو ؟ كنت .. أؤزدر .. على زيء النهر .... فهمت هلق ؟"
2111,"لم أفهم"
2112,"أجاب المترجم البغو الذي لم يكن يعلم أن أبا علي تثور ثائرته أحيانا ، فما كان من أبي علي إلا أن قال بشكل مسموع هذه المرة وبدون مواربة أو مراعاة لمشاعر المترجم"
2113,"لك خاي إذا هي مانك فهمانها ... إشو اللي بتفمهه لكان ... مانا شغلتك هالشغلة لك خاي .. مانا شغلتك ... دورلك على غير شغلة أحسن"
2114,"ثم توجه إلى باب المشفى وتبعه المترجم الذي لم تتأذ مشاعره لما قاله أبو علي لأنه لم يفهم منه كلمة واحدة أصلا"
2115,"وفي البهو طلب أبو علي من الممرضة أن تعطيه التلفون لكي يتصل فتساءلت الممرضة التي لم تفهم : وط ؟"
2116,"فغضب أبو علي : لك أختي تلفون .. بكل العالم تلفون بدها وط وما وط كمان ؟"
2117,"فهمت الممرضة وناولته جهاز الهاتف فاتصل بممثلي الحزب هناك وقال غاضبا : لك خاي إشو هالمترجم الحمار ، اللي جايبيلنا إياه .. كلمتين ما بيعرف يترجم"
2118,"فوعده الرفاق بالتدخل من أجل حل الموضوع ، وهكذا قضى سائق الهونداية السوري أبو علي على مستقبل المترجم البلغاري ، الذي توجه للعمل في التمديدات الصحية وظل طوال عمره كلما شاهد عربيا يسأله عن معنى """" أؤزدر """" وكلمة """" زيء """""
2119,"شو احكي عن حلب ...."
2120,"بدي موال وعتب .."
2121,"بدي أصرخ للسما .. قلبي لحبك انتسب .."
2122,"ولك يا حلب يا ورد و زهر .. عغيابك ما بصبر شهر ...."
2123,"ما فيني أوصف بشعر ... وما فيني أحكي بالنثر ..."
2124,"أنتي يا حلب عمري .. وبلاكي ما بيسوى العمر ..."
2125,"حلب ... لما كنت أتعب .. أترك كلشي وأركض لعندك ركض وأحضن القلعة وأغفى على سفحا .... متل الولد الصغير اللي بتلفوا أموا ليشعر بالأمان وما يخاف من شي ..... من دون حضنك يامو حلب تعبنا وبردنا وانقهرنا ... رجعينا لحضنك و أرضي علينا ... تعبنا يامو تعبنا"
2126,"ألووو ... لك وينك ... دي بقا رايحة تبلش اللعبة"
2127,"لك جاي جاي بس الطريق زحمة قتل قتول .... وين واقف أنت ..."
2128,"أنا واقف قدام باب مدينة الملاهي عبستناك"
2129,"طيب دقيقتين وبكون عندك ... أش دقلك جبت ... معك القلم الكبير وأخدت بزر وكولا ..."
2130,"إي جبت القلم وجبت بزر بس الكولا مناخدا جوا مشان تضل باردة ..."
2131,"إييييييه ذكريات يوم الجمعة وملعب الحمدانية ..."
2132,"وين الأهلاوية ...."
2133,"حلب قهرني زماني وأبعدني عن حنانك ..."
2134,"ظلمتني ظروفي و حرمتني من جنانك ..."
2135,"هل أنصفتك في وصفي لك ؟"
2136,"أم ظلم الحياة أضاع مني عنوانك ؟؟"
2137,"يا حلوة الطلة في المساء وعبق ياسمينك يعطر ثوبك وفستانك ...."
2138,"وصفتك ببعض من الكلمات وتمنيت الرقص لك على ألحانك ..."
2139,"رقيقة يا شهبائي كالنسمات ..."
2140,"وكم أعشق تفانيك في محبتك لخلانك ..."
2141,"تغار منك كل البلاد ... وأنت تحملين الجميع بأحضانك ..."
2142,"بوركت يا أم الشعوب ... وحماك الرب الساكن داخل وجدانك ..."
2143,"قالو عنها كلام كتير ... وما خلو وصف وتعبير .... اللي قالو ماضي وحاضر ... واللي قالو كنز كبير .."
2144,"بجمالا ما شافت عين .. وخدودا تقول تفاحتين ... كيف ما رحت تلاقي ناس ... عمبتقول مافي متلا اتنين ..."
2145,"عمو و عميمة عندا ... وشبابا إيدا و زندا ... و رجالا ضهرا و جندا ... وبناتا بتربي ولدا"
2146,"حسدوها على كل شي فيها ... وحاضرها صار ماضيها ... ولما قلت بدي شوفا .. قتلوها وكسروا إيدها"
2147,"ومع كل هالشي ما خافت ... وعالبسمة نامت و قامت .. ووعدتني انه راح ترجع ... حتى أحسن ما كانت"
2148,"ضميتا عن بعد بحار ... وجبال وتلال كبار .. وغمضت عيوني وحلمتا ... عمتضحكلي ليل نهار .."
2149,"ثقتي فيكي ما إلها حدود .. يا حلبي يا أرض الجود .. يا نغمة كمنجة وعود ... فنك والله بدو عود ... وحصوة بعين الحسود ... وتاريخك راح بيضل موجود"
2150,"يوميات فريزة :"
2151,"يوم فريزة دي فيقي وحاجتك نوووووم .."
2152,"لك إييييييه عيفيني يوم والله هلكانه من تعبي"
2153,"ليش أبوي عبتكسري حجر روح أمك"
2154,"لأ بس طول اليوم حوسة وشغل وقرف ... كمان الواحد ما يرتاح ببيتو"
2155,"بكرا بس صرتي ببيتك نامي شقد ما بدك"
2156,"هلق لسا دا استنى لاجوز و يصرلي بيت لحتنه أنام"
2157,"هلق قومي وحاجتك لعي لعيتيلي قلبي"
2158,"ما دا أقوم خللي فريدة حبيبة قلبي وملكتك تقوم هيي"
2159,"إش دحش سيرة أختك بالنص هلق"
2160,"لأنو العز للرز والبرغل شنق حالو"
2161,"هههههه .. دي قومي أبوي قومي لك انتي نضري و شقروقة البيت وأنا ما بحسن بلاكي"
2162,"ايوا اضحكي عليي بهالكلمتين و ابلفيني مشان أفيق"
2163,"لك بنتي والله لو إلي قدرة الحوسة كلا لما افيقك ... بس ما بقالي قدرة ... الكبر عبر والصبا ولى و راح"
2164,"لأ دخيلك لا تفتحيلي ياها مناحة ... قايمة قايمة ... الله ياخدني لأخلص"
2165,"انو ما بقى عريريس بهالدني كلا شي واحد انطرق فيه و آخدو و اخلص من هالعيشة هيي"
2166,"اش عبتبربري مع حالك"
2167,"ما عبقول ولا عبربر"
2168,"بكرا بتتجوزي وبتتستتي و بتقولي أمي قالت وأمي عملت وأمي كان ماعا حق"
2169,"ولي إشو هااااد .. ليش هيك أرض الحوش قايمة قييمتا"
2170,"ما فيا شي ... ساويت الظريعة من عبكرا وشلت الورق اليبسان والفليية تنكتا مطقطقة وصارت للكب وغيرتلا ياها ... بقى اتوسخت أرض الحوش طراب أحمر"
2171,"إي واششن هدول بالله ... تقاصيص إلا اشو ..."
2172,"هدول قمصان عتق بركت قصصتن قلت منا بحطن لقنيني الحصرم ومنا دا أرببط فين هالسجرات الكبرانين وما بقالن حيل"
2173,"والله حوشنا صار بدا تغيير ... كلا نيزلة وفنيانه"
2174,"لك بنتي الحوش بتعيش بأنفاس سكانا وبس انهجرت انكبت ... هالحيطان بتاخد نفسنا و بتتنفسو هيي والظرعات بتعطينا نفس وبتاخد مننا ... كلشي بهالحياة ازا عطيتيه محبة بيعطيكي ... بقى شقد من كانت حوشنا صغييرة بس ليممتنا ومدفيتنا"
2175,"يوميات فريزة ... 13 ..."
2176,"ليش وينا أمك .."
2177,"أبوك طلع فايق وهلق عبيحكو مع بعضن"
2178,"يييي ليقوم يحكي ماعا شي"
2179,"يحكي ماعا شي ... لأ اطمني ما راي يحكي ماعا شي ... يوم ليبسه ومتركنة و مغاوايه وشعرا ملفوف يمكن من مية سنة أبوكي ما شافا هيك"
2180,"يااااي شقد مالك وحدة ..."
2181,"دي هلق خلينا نبرك عملتلنا فنجانين قهوة لنتلوقش عتنهة و رواق"
2182,"لك أينا قهوة دا نام عنا صبحية بكرا"
2183,"هلق دا تفهميني انك نعسانة يعني"
2184,"لك مو هيك ..."
2185,"إي دي دي .... فهميني ليش أمك محرورة منك"
2186,"يمووووو لا تزكريني إلا بدا أقوم اترقوص واعمل حركات وانا بتعرفيني راكزة"
2187,"راكزة .... إلا طشمة .... هههههه"
2188,"ورصاص بوجك شقدك قليلة حيا ولسينك بسبع شطلات"
2189,"لك هلق قوليلي ما شفتيلي هالعروس"
2190,"اشبا ... ولي عليهن وعهالتنكه الجيبينا ... أنا اضفري الا مرايه"
2191,"إلا مرت عمك شفتيا عيوش"
2192,"هههههه شفتا شلون هيك سمينة وعبتدركل دركله من ع الدرج .... انو بتعرفي حالك سمينة كل هالسمن لئش المشلح وبا شي مو لبقان"
2193,"لأ وبنتا مطيعة ملبستا إشفي دهب عندا متل الإرباط"
2194,"ايه بس حلوة تقاطيعها نيعمة وتما زريف"
2195,"وبا تقشا هي وتما وإما"
2196,"يمو انتي ما حدا يعلق بلسينك يوم فريزة"
2197,"قال إشو شعري وشعرك ما عجب امك ... بس بنت خالتك عجبا لفا ... هادا العيملتوا متل كأني طنجرة عراسا طالعة"
2198,"هههههه .... إي والله ... لأ وكنة خالتك حيططتلي أضوية عبتشعل وتطفي أم لطفي هههههه ..... صارت مسخرة بالعرس"
2199,"ولي عليكي فروده ... إي انتي ملكة طالعة إلا أنا سبحان الزي خلقني شقدني بشقه وبغرف القلب"
2200,"ياي ياي شفتو أم عبدو جارة بيت جدك ... هالختيارة الجن ليبسه أحمر وشيكله وردة عراسا .... وبناتا ما عافوا طاول عندا والله العاروس مي هيك ..... ومسكت هالمحارم بإيديها وهاتك يا رقص قال رقص عربي"
2201,"وليك انتي وياها اش عبتعملوا لهلق"
2202,"يوم مافيشي كنت عبقلا لفريدة شفتي امي شقد لبقانتلا البدلة ..."
2203,"صعي وليك لبقانتلي هيك أبوكي قللي ..."
2204,"أي وإيش قلك كمان"
2205,"اخرسي وليك ياالله ناموا وجعين جهجه الضو"
2206,"دي نامي فريدة بعدا بنكمل لقش"
2207,"يوميات فريزة 12 ..."
2208,"دي ادخلي قوام فريزة ... دا نلحق نصلي الصبح"
2209,"يلا يوم .... دقيقة بقى بس أغير حويجي"
2210,"انطوش راسي من هالعرس يولي شقد فيه خلق"
2211,"شفتي يوم ... و فريدة ما انبسطت"
2212,"يبسطا عما بعيونا .... نزعتلي كيفي"
2213,"ليش إشبا ما انتبهت"
2214,"أي من وين داك تنتبهي رايح راسك ببنت خالتك العبتترقوصي ماعا"
2215,"اي مو أنتي هلكتي عضامي مشان أقوم أرقص"
2216,"اي قلتلك ارقصي مو تعمليلي بروفات غنى و تمثيل"
2217,"ليش اش عملت شي غلط"
2218,"طول مالك عبترقصي عيونك بعيون بنت خالتك وحكي و لقش قولي قيعدين مالك عبتتحركو ... وضحك و سهوكة وكأنو مافي حدا بالقهوة .... بعدا مو قلتلك خللي الكواية تعملك غرة بدر إلا عملتيا عرف الديك كأني حدا نيتف ريشك مدري شعرك"
2219,"هههههه ... وحق الله ضحكتيني يوم"
2220,"علوالي أكون مشمشة و أسمع هالتوشوشه مع بنت خالتك"
2221,"او الله مافيشي ... عبتحكيلي عمرت أخوا عماد"
2222,"هلق وطي صوتك و روحي غيري ولا تخربي شعرك مشان روحة الصبحية"
2223,"يووووم أبوس ايدك راسي عبيغلي غلي بدي افكو"
2224,"وين تفكيه ... حطينا عليه لا قليل ... عيفيه هلق .... و صيحيلي أختك ان شاء الله بعدما"
2225,"صعي ما حكيتيلي إشبا"
2226,"شي اليشيلا ... يعملولا وما تلاقي ... سودت وجي قدام الخلق ... بيركه و قيلبه خلقتا ومتل الأرامل مقطبه حويجبا .... حتى يقولو الخلق قيتله حالا عالجازة ومو صيححلا"
2227,"يوم كرمال الله حاج بقى ... لسا الخلق قالت والخلق عملت"
2228,"و خواتي إش لبسو عالعرس"
2229,"يولي قل هو الله أحد انت اش فيقك"
2230,"اش فيقني ... فيقني صوتكن ... ينعل أبو هالعراس اش بجي من وراها"
2231,"وليش ماشطح هون بقوضة البركه"
2232,"هلق اش بدك وين متشطح ... كمليلي الكر و اللقش ... لسا ما أصبح الصباح نزلتو بسير الخلق"
2233,"انا ما جبت سيرة حدا عبحكي عبناتي"
2234,"أي هاد أول الغيث ... قلت اعطيكن صوتي تقوموا تكملو عباقي النسوان وانا زلمة بخاف الله ... روحو انضبو ونامو بقى قوام"
2235,"ما بدك احكيلك عخواتك مهيبة و فطينة .."
2236,"لك رو رو ... روحي من وجي"
2237,"يوميات فريزة 11 ...."
2238,"لك يوم فريزة وينك أبوي"
2239,"هون يوم إشفي هلق ... وحوسة وخلصنا .... و طبخ و طبخنا ... إشفي كمان"
2240,"وليك شعي كل ما دا قلك شغلة انبحتي فرد بحته"
2241,"يوم انا ما انبحتت .... بس انتي كل مادا تسرخيلي تقليلي تاعي ابركي والا لهيك لدليليني ... بس حرام ليش أنا ... انا مالي فريدة و إلا بكري وإلا محيو"
2242,"يما ما تروحي إلا فرم ... يخبديار سنتك عهاللسين بسبع شطلات ... و قريضة و فنا إلهي ... لسع ما نطقت ما قلتلك شي ... بكرا شلون دا اجوزك والله والله ليرجعلي ياكي بعد يومين"
2243,"ولي علينا و عسيرة الجازة شعي كل ما دق الكوز بالجرة قليلي جازة ... اش رأيك ما دا أجوز طاول طاول ودا اضل بيركة عقلبكن"
2244,"تفي من تمك فشل هالتم ... مشان بقى الخلق تعيرني فيكي ويقولو بركت عندا من قلة حياها"
2245,"هلق قليلي اش كان بدك مني"
2246,"بدك بد إن شالله .... كنت دا اقلك تروحي تلبسي مشان انزلك ماعي عحمام السوق ... خلص راحت عليكي ..."
2247,"يوميات فريزة 10 ..."
2248,"دوبنا نلحق عجلي"
2249,"يوم والله تملّخت كل دقيقه دا اسحب مي بهالقادوس"
2250,"اي اش بتأمري نعني"
2251,"نعني خللي فريدة تعيوني"
2252,"مهي بيركه و ليفه إجر عإجر ... عبتجلي"
2253,"إي هلق الجلي أهون شي اليوم أصلا مافي جلي .... أكلنا لحمة بالفرن وكلا هالصينية النحاس تبعت القصاب"
2254,"إي وكاسات الجاي وفنيجين القهوة و تغلي المي و الكاسات ..."
2255,"إي حتى لو"
2256,"لك بشتهي شهوة م السما تحوسوا و أنتو سيكتين إلا موشحات منك ومن أختك"
2257,"طيب ها هي سكرنا تمنا وخرسنا ****************"
2258,"يووووم ..."
2259,"إشبك انتي اللخرا"
2260,"إي يوم قصيلي شقفة م الخرطوم نعني احطا عهالحنفية اسما مركبة جديد بهالمطبخ .... صايرة المي عبتطرش طرش علي"
2261,"اي و أنتي لئش فيتحتيا عإيخر عيار .... سكريا شوي ... هلق بعطيكي شقفة"
2262,"ريحة اخلص علق جلي"
2263,"وليك إشو هالجلي النشح"
2264,"اشوووو ... اشبو كمان"
2265,"الكاسات البلور المنظومات كحتو عإيديكي ... ليش مدمعات ... مو قلتلك بتجلين ع سوا شي ما يدمعوا .... بس دمعوا معناتا لسا مهن نضفانات"
2266,"ايواااا ... طبعا نانتي هيك علمتك"
2267,"لأ ... هي نانتك هي العلمتني و انجردت عالحوسة عندا ببيت جدك"
2268,"أي أنا ما بجوز عبيت احما لو طوبولي البيت كلو"
2269,"إي لا ريحة تجوزي ولا ريحين يطوبولك مخده مو بيت عهالرعانة"
2270,"يووووم ... دايما هيك بتكسري مقاديفي"
2271,"لكا شلون داكتتعلمي وتفتحي بيت ... هلق هي صينية .... قفاها متل وجك ... كلوا شحوار"
2272,"يوم هلق انا وجي كلو شحوار"
2273,"إي بيركه بتمي كل كلمة خود صد وهات رد .... ابدا كلك لعماتك خصوصي عمتك رئيفة ... بعدا هيك الجناق حيططين عالبلاطة بلا تنشيف ... كم مرة قتلك حطي خرقة تحتن ..."
2274,"ما لقيتا كني فريزة عبتمسح فيا الأراضي"
2275,"فريزة عبتشطف الحوش ... بعدا إن شالله مساحة الأرض داكتحطيا تحت الفرايغ ... إن شالله بتبلي"
2276,"يوم إش رأيك تروحي تطلعي عفريزة"
2277,"طيب إش أعمل .. أترك المطبخ و اطلع"
2278,"لك بنتي المطبخ روح البيت و الزلمة إذا دخل عالبيت وما كانت ريحة الطبخ غيبقة بهالبيت و المرا متل الصياح عبتبرم برم بهالحوش مالا طعمة الحياة ... والبيت بتضل حيطانو بيرده ***************"
2279,"يووووم عصيتي بالمطبخ"
2280,"جاييييه ...."
2281,"دي تاعي قوضتك بدا مسح"
2282,"لك مو قلتلك شطفيا"
2283,"إي بس قلتيلي ادير بالي عالخشب و اجرين السكرتون .... إي بقى قلت ما خرج اتقئف عليها"
2284,"داكجنوني أنتو ... صرتوا شحوطه ولسا ما بتعرفوا تعتمدو عحالكن"
2285,"وبعدا اشو هاد عتمك"
2286,"ههههه جربت حمرتك"
2287,"الله لا يعطيكي العافية ... مفتحة عينك عالغوا"
2288,"هلق ما كفرنا"
2289,"هلق إذا بشوفك أبوكي ليسبغ لحمك"
2290,"هلق ما راي يلحق يشوفني"
2291,"لأ بلحق ... هي حمرا ما بترو قوام ... روحي صوبني تمك ... يقرف عمرك ... هي رأسا بتتعلموا ... مسقفات"
2292,"يوووم خلص .... اذا ما بركتي بالليل و حكيتيلوا كلشي ما راي يعرف"
2293,"له له يا كهينة"
2294,"إي يوم كلشي بتبخي بإدن أبوي و بتقولي ما بيعرف"
2295,"دي دي اتلملمي و اشطفي هالقوضة وخلصي و صوبني تمك"
2296,"إي دا أصوبنو لتمي ... وأنتي لا تقولي لأبوي"
2297,"ما راي اقلوا حاج تلعي ... اش دا قلو ... عبتتغاوي ... مشان يقلي مسقفاتك عبتعلموا منك"
2298,"صعي يوم انا ما بشوفك بتتحمري طاول"
2299,"يوميات فريزة 9 ......."
2300,"يا ورد مين يشتريك و للحبيب يهديك"
2301,"ماشالله ماشالله ... اشو هالصوت يوووم ..."
2302,"وليك عبتتمسخري علي"
2303,"يا الله ... شعي كل شغلة قوليلي هيك ..."
2304,"بالعكس صوتك حلو يوم ... والوردة الماششكله فيا أحلى وأحلى"
2305,"إي ها قوليلي شي كويس"
2306,"يوم والله أنتي كويسة لكا أنا لمين طالعة قمر"
2307,"ههههه ... بقى عبتحامي عحالك"
2308,"يوم الوردات كتير حلوين وريحة الجوري مغبقة البيت"
2309,"إي اكوس يوم .... هلق ازا بجي أبوكي بنبسط عهالشي"
2310,"أيوااا نعني هالشي مشان أبوي"
2311,"لك بنتي أبوكي بجي تعبان والزلمة قبل الكل لازم تريحيلوا أعصابو و تخليه يرتاح مشان إزا بدك شي بتاخديه منو بطيب خاطر"
2312,"أيوااااا يعني مكولكة"
2313,"لك يعدمني ياكي فريزة ... المرا لك بنتي كتلة عواطف نعني ازا ما حس الزلمه بهالشي لئشا ... خليه عند أمو"
2314,"نعني انتي بتحبي أبوي ..."
2315,"حبك برص إن شالله ... وين متعلمة هالحكي"
2316,"لك أمي مو هلق عبتحكيلي انتي ... ليش كل شغلة ازا ما تنوترتي فيني ما بتقوليا"
2317,"هي ترباية"
2318,"إي ترباية ما بتصير إلا بالعياط والكلام البسم البدن ... والله بفهم عليكي"
2319,"شلون نعني بتفهمي علي"
2320,"نعني ما أشبي شي بلقطا عالطاير يوم ... ما بدو شرح"
2321,"هلق عيفيني من تفتيقاتك ... ونضفيلي تم النافورة بخرقة صغيرة لأنو المي كانت مأجئره ونسيت أنضفا"
2322,"هلق منو شيفا"
2323,"ما بتنشاف بس مشان نضافة البركة"
2324,"طيب هلق بنضفا"
2325,"هلق طويت كم خرقة درزتن عالماكينة جيبي وحدة وامسحيا و امسحي هالمي اللي عزيق البركة ... عمني أبوكي هلق روح قلبو يبرك عالزيق ويشم الورد"
2326,"يوم معلش أنا أتشكل كمان"
2327,"إي تشكلي يوم ... هاتي حباسة أنا بحطلك ياها"
2328,"كو هي حباسة"
2329,"يييييييي ما تبلي ولا تخي زكرتيني بصغرتي كنت متل النفججة"
2330,"وانتي لهلق هيك يوم"
2331,"ديه روحي اعملي القلتلك عليه ... وامسحي الراديو كمان لانو اليوم حفلة أم كلتوم المسا"
2332,"إي نعني إش دخلا بالغبره .... مشان ما تطلع بالغنية مغبرة نعني"
2333,"ههههه وليك والله ما أشبك شي دمك خفيف"
2334,"إي بقى طالعتلك يوم"
2335,"يوميات فريزة 8 ...."
2336,"فريزة تاعي اطبقي باب صقاق وراي"
2337,"يالله يوم جيييي .... يوم ما بتاخدينا ماعك"
2338,"وين دا آخدك ... تروحي تواسي النفسا أبوي .... بنات إيخر زمن"
2339,"طيب طيب خلص"
2340,"حطي الجلخ ولا تفتحي لحدا ... مين ما كان يكون"
2341,"إي ماشي يوم"
2342,"لملمي المطبخ واسمطي هالكاسات الجاي بلا ما يضلوا للمسا"
2343,"مشي يوم"
2344,"يالله ديري بالك عفريدة"
2345,"إي تاعا يوم برهوم .... ريحا لعند أم سطيف"
2346,"إشفي عندا يوم .."
2347,"يولي عزا عراس اليهود ... عيب تسأل يوم ... و خصوصي عقصص النسوان ... يولي ما ضل أدب و حيا"
2348,"إيييييه كفرنا خلص لا تقولي دي يالله عمني ما دا أتعوق عأبوي"
2349,"دي امشي قدامي"
2350,"اشو أمشي قدامك يوم إي إش أنا السيد نعني وإنتي الجارية"
2351,"والله عبتتمنطق علي"
2352,"لك يوم جنكلي فيني إنتي أمي وتاج راسي"
2353,"نعني بعدا الخلق بتخملني مالي مسدقة حالي"
2354,"لك يوم اشلك بالخلق ... حاج بقى خلق و حكي ... انا ابنك وشي عادي"
2355,"إي بس عزمانا كانت عيب هالشغلات"
2356,"إي هي عزمانكن"
2357,"ديه هلق ... البيت كوهنه شلفة حجر .. ما بدا هالشي"
2358,"وصلنا يوم ... إيمت إجي آخدك"
2359,"لا تجي دا أرجع مع عمتك صبحية ... قال دا تجي تتعشا ماعنا"
2360,"إي منيح يكان ... يالله خللي يفتحولك باب صقاق ... اشبن باردين العادة"
2361,"عمهلك يوم هلق بجو ... دير بالك عحالك ... ولا تتعوقوا عالبيت و سلملي عأبوك"
2362,"لك إييييي ... اشبك يوم والله مالي مسيفر"
2363,"أهلين وسهلين ومية السلامة بإم برهوم"
2364,"الله يسلمك نضري"
2365,"دقيقة كني حدا إجا معك أو وراكي ... ها هي أم بكري"
2366,"أهلين وسهلين أم بكري ... يالله عقبيل قيامك بالسلامة إنتي الرخر"
2367,"البركة بطنك وصلانة لحلقك ... صلاة محمد ... قل هو الله أحد ... بس شكلك دا تجيبي صبي أم بكري"
2368,"بالله شلون عرفتي أم برهوم"
2369,"بطنك مكوزة متل الطابة ... حبل البنات بالخويصر والبطن بتكون ريحا بالعرض"
2370,"هههههه الله يسمع منك أنا بحب الصبيان"
2371,"كلو طعمة الله يالله خيت ... كلن الن لزمة ... البنت تفتيلتا بالبيت بتحيي القلب والله ... وبشيلوا كبرتك ... بس بطنك مشيرة لفوق وموعد وليدتك مطول لسا"
2372,"صعي يولي والله تنيزقت طالول من هالحبلة"
2373,"شلون دا تدخلي تسلمي عالنفسا ... ما بصير يالله خيتو"
2374,"يبي أم برهوم حاج بقى شي حكي مالو طعمة كلو خرافات"
2375,"يولي هلق أنا ما بعرف السدق بس بسمع إزا حبلى و نفسا اجمعوا لازم وحدة تقوم والتانية لأ ... لك خيت إش بعرفني"
2376,"هههه إي دي أم برهوم خلينا ندخل الخلق كلا مجموعة"
2377,"دي يالله"
2378,"لك صعي أم برهوم نسيت اسألك ... مالك نيوية تحبلي مرة اللخرا"
2379,"يييي تفي من تمك أبوس إيدك .. حاج كفاها المولى .. إش هي شربة إلا تجرة ... الله يخلين ونربين أحسن ترباية"
2380,"يوميات فريزة 7 .........."
2381,"اشبا بنتك مطموزة ميكن العادة ... اشبا"
2382,"شي البيشيلا إن شالله .. قريضة تقرض البنات وخلفتن"
2383,"هلق سألتك إشبا لئش اللعي الفاضي"
2384,"ما فيا شي .. قرب عرس ابن أختك وجيهة وما عندا بدلة جديدة"
2385,"إي وليش ما عندا .. نعني ليش ما فصلتيلا ... مصرات وفيه بئى ليش"
2386,"لك يا رجال عندا بدلة حضرت فيا عرس ابن أخوي صطيف من كم شهر بس وما لحقت تعتق كلا جعنصات صبايا مالا طعمة"
2387,"لك يا حرمة صبية و بتشتهي بعدا مالن لا طلعة ولا دخله طول النهار محبوسين بين هالاربع حيطان"
2388,"اينا اربا حيطان هلق أرض الحوش صارت اربا حيطان منيح مانا مستكرين قاط متل ابن عمك صبحي وحق كلام الله كنت قلت فيا ما فيا بس بقا مالن حجة نعني الخلق عبترو عالبسيتين و بستانا هو حوشنا"
2389,"لك إشبك انبلقتي متل القبيوة فرد بلقة"
2390,"انت مدللن لمسقفاتك"
2391,"إي نعني بناتي مهن بناتك"
2392,"إي بس ما بحب الجلقة"
2393,"عالحسبة ما كنتي مدللة عند أهلك"
2394,"بييييي يا حصرتي أينا دلال هاد .. إي أمي كانت عيملتني حواسة عند ولادا ما أسترجي أفك تمي بحرف .. بناتك ودحات وعينن صارجية"
2395,"هلق مشان شقفة بدلة عملتيا لبنتك عينا صارجية ... إلا مشان ما تروحي وتجي عالخياطة"
2396,"إي هو هيك تا بقى تملخ بالروحة والجية شي قياس وشي ظبط وشي ما ظبط وانا بتعرفني مونونة بهيك شي بعدين ما بقينا نلحق نفصل شي ... العرس بقيلوا بس طناعش يوم"
2397,"ليش اللبنية هيك .. مو بتعرفيني بحب اللبن يكون إلو خترة"
2398,"هي بنتك فريزة طبختا"
2399,"مو قلتلك إنتي بتشرفي عالطبخ"
2400,"إي صارت هيك قدا شحيطة لسا دا أشرف عليها"
2401,"هي شغلتك صايرة عبتتركي عليها كتير"
2402,"هلق إشبك اليوم عبتحامي عنا ... يا حنيين"
2403,"مهي بنتي إلا بنت الجيران بقوم بلوحك ها لسا كل كلمة قيعدتيلي بنص حلقي .. كلك أمك"
2404,"هلق لا تجيب سيرة أمي"
2405,"وانتي حاج تجيبي سيرة بناتي ... أمن إلا مرت أبون أنتي"
2406,"يوب يا يوب"
2407,"إي يابو إشبك"
2408,"لئش عبتطلع فيني"
2409,"انتي ليش عبتزيويا لبنتك ... يبست بنص حويجبا .. حيوانة"
2410,"يابو .. بدك جاي ... حطيتو ع النار هلق"
2411,"إي يابو بتعرفيني رأسا بعد الغدا دا أشرب جاي"
2412,"طيب شبعت يابو أشيل السفرة"
2413,"إي يابو شيليا ومرة اللخرا خللي اللبن يتختر عالسوا ... وروحي اسرخيلي فريدة خليا ترشرشلي هالظريعات مي بهالخرطوم ... وقشيلي ياسمينات يابو وحطيلي ياهن بصينية الجاي قوام ركد"
2414,"إي حاضر يوب"
2415,"دي قومي أم برهوم صوبني خلينا نشرب الجاي عرواق"
2416,"هلق كنت عبتلحقلي"
2417,"استغفر الله العظيم ... نعني بتريدي اضل فيتح حلقي و عبلحقلك ما بعرف أقندق ماعك ... لفيا بارمة بقا بتعرفيني ما بطيق قلبان الوج"
2418,"هلق بلشنا الحكي عقلبان وج بنتك هلق صرت عندي"
2419,"وبنتك خصمتا .. خصميا بقا انتي"
2420,"إي تكرم أبوي"
2421,"ايوا أبوي نعني من قفا الكيل"
2422,"تكرم روحي كبدي عضامي"
2423,"وليش هيك من طرف تمك عبتقوليا و مجعوصة نصك"
2424,"إي خلصنا بقا كو إجو البنات لف السيرة بلا ما يحسو ع شي"
2425,"عالحسبة أنا فتحتا للسيرة"
2426,"يولي لكا منو بدي"
2427,"إي إي خلص اسكتي وقومي صوبني و ارجعي نشرب الجاي"
2428,"خلينا نشطف تمنا من الزفر وطالعيلي شوية بزرييات نتسلى فين"
2429,"عالحسبة بتنام بعد الجاي"
2430,"هلق خيطرلي أبرك معكن تغييير شكل ما بصير"
2431,"إي بصير لكا لاقوم صوبكن وإجي إزا بيرك ماعنا"
2432,"شفت هالصورة وكنت رايح أبكي"
2433,"آآآآآه على أيام الأهلي و ذكرياته"
2434,"هون يكون طالع الجمهور بعد اللعبة ونازل باتجاه إشارات صلاح الدين ومنا لسيف الدولة وبعدها يتفرق الجمهور وفي حالة الفوز كان في عالم تكمل للجميلية لقدام مقر النادي القديم"
2435,"عكس الصورة يعني من الملاعب باتجاه الحمدانية كان يطلع شوية جمهور للاتحاد وكان جمهور الفريق الخصم يكون حاطين سياراتن عنا بالحارة و يايوب إذا بيكون خسران الاتحاد اللعبة"
2436,"خود بقا على مشاكل و قصص بينا وبين جمهور الخصم وخاصة إذا كان الفريق الخصم تشرين أو حطين أو الكرامة أو الوحدة لان بحارتنا كان في كتير سكان أصلن من حمص و اللاذقية و الشام فكان الجمهور الخصم يشد ضهروا بجيراننا ههههه"
2437,"مرة من المرات أتوقع سنة 2001 كان عبلعب الاتحاد مع الكرامة و انتهت اللعبة تعادل بس كتر الاحتكاك بينا بالحارة وصلت الشغلة لشلف الحجار على السيارات ههههه وقصص"
2438,"يوميات فريزة 6 ......"
2439,"فريزة عين عميمة اعمليلي كاسة جاي اكرك عجم"
2440,"اش يعني اكرك عجم"
2441,"نعني تقليلي ياه يأنو راسي شيدد علي ميكن"
2442,"إي حاضر عميمة ... يوم وانتي بدك جاي"
2443,"إي عمليلي بشرب مع عمتك .... بس نزلي عالقبو جيبي سكر يأنو عالفطور أبوكي حط إيخر معلقتين"
2444,"ييييييي علينا هلق بقا دانشتغل شغلة"
2445,"وليك بقوم بليحك مقلوبة بجقمك ها ... قدام عمتك عبطالعي شفترتك"
2446,"يا مرت أخوي إيدي بزنارك عيفيا ... عبقلك راسي شيدد علي مالي متحملة ملييففة"
2447,"شفتي شلون عمتك انزعجت ... انا الك بس ترو عمتك"
2448,"لك يا مرت أخوي عمهلك عليهن ... مافي مانع انتي معدلة ومتقنة بس ما صرتي بيوم و ليلة خلين يعيشوا وقتن"
2449,"وجعنالك راسك يا أم صطيف"
2450,"لك أنا راسي ويجعني من كنتي يقرف عمرا"
2451,"إشبا كمان كل كم يوم إلا طزة"
2452,"إي والله متل ما عبقلك ... بس بركت بترنخ و بتفنش وكأنيا نفسا ما بتعود تقوم ولا بتزحزح من جمب جوزا ... نعني خصوصي إذا هو بيرك"
2453,"يولي و عزوة كني هالكناين ما عادو استحو ... كل وحدة ما عبتسدق يصرلا جوزا و تنفش حالا ... وانتي بصراحة نعني رحتي جبتيا فقيرة ومن عيلة درويشة وصارت كأني عديم ووقع بقفة تين"
2454,"يولي مرت أخوي حاج تعطي علي ها ..... كو بنحر من كل عقلي"
2455,"لك هلق حسب موانة عبقلشك .... اشبك انطمزتي"
2456,"ما انطمزت بس هلق كليتنا تزوجنا عدروشة بس ما كنا هيك والله إي يخبديار سنتا أخدتا مشينه ... تشرشحت بعد الجازة ... بعدا حد علمي أخدتا بيضة بحللة سودا ... عزا تشحورت صارت غيبقة غبق ... بعدا إلا بهتة شقد بكرهلا ياها هيك بس رخت حنكا بتصير كلا جدبان"
2457,"هههههه يبعتلك إشو يا أم اصطيف والله معطفه تقاطيعا وما إشبا شي"
2458,"إي إي بس قدام الخلق بس يحالا شوفيا ... بقى بيحل عليا حسن ابنك"
2459,"اش قصدك مرت أخوي عبتسمعيني عإبني ... صعي اصطيف أسمر بس سبحان الزي خلقو هالوج متل قرص العسل"
2460,"يييي إي ليش ما بعرفو لصطيف ... بس عبمزح ماعك"
2461,"إي لا بقى تقلي مزح عمني باخد عحاصلي"
2462,"لك فريييييزة وين الجاي إن شالله بعدمكن ... إش هيك قشة"
2463,"إي إي يوم جيت"
2464,"هلق ما قلتيلي إيمت دا يجي أخوي"
2465,"هلق قربت جيتو ... ليش دا تروحي ما لحقنا نبرك ماعك"
2466,"لأ ما دا أرو .. عبسأل عمني دا اسألو إزا خرج يحط سعيد ابن اعتدال سلفتي عندو صانع ... منا بتعلم صنعة ومنا بتخلص منو أمو من وجا بروح هيلك الدني وشيوي نعمتا"
2467,"إي هلق بس إجا قوليلو ... طاب راس م الوجع"
2468,"إي إي طاب خللي فريدة تجبلي عصرة ليمون أحطا للجاي"
2469,"ما ناقصك حموضة ... حاج نفسيتك حامضة"
2470,"عزا اشبك مرت أخوي"
2471,"هههههه عبتبوجق مشان أحرك ع سوا هالمرة .. مية السلامة"
2472,"هي أنتي من يومك مزحك جبيسي"
2473,"يوميات فريزة 5 ..........."
2474,"قومي أم برهوم .. قوليلا لبنتك تلبس شقفة بنطرون تحت روبا يقصف عمرك وعمرا مو قلتلك لا بقى تخلين يطلعوا بلا بنطرون"
2475,"إي والله يا رجال انتفخ قلبي وأنا عبقلن ما بردو"
2476,"اشو ما بردو بتأمري أنا أقلن أنزل قيمتي لهيك علاك ... ملاقيتيا كويسة بحقي وحق هالشوارب"
2477,"يييي يا أب برهوم إن شالله بقتل إزا هيك كان قصدي ... بس نعني إش دا أعملن"
2478,"يعملولك وما تلاقي .. انتي أمن وأولى الخلق بتربايتن ... بعدا بنتك فريدة كل ما بتدخل بتتخسل بتعيف نشحا وراها .. ما خيطرلي إلا أجيب هالاشاط وانزل فين"
2479,"لأ دخيلك طول بالك بخاف ينعقد لسينن متل ما انعقد لسين مهيبة بنت أم كرمو ... أبوا سبغلا جسما"
2480,"عبقلك طيقق منكن ها ... منك ومن مسفقاتك"
2481,"والله يا رجال طول اليوم قللي لقلك يا قصاب يا لحام .. إي إش أعمل ... دوبي الحق عالطبخ والحوسة والجلي والخسيل والشطف"
2482,"هلق عبنا إيدن بإيدك بقى إشو هاللقش إلا عبتتحججي"
2483,"لا وحق كلام الله إشبك يا رجال متحيطط علي .. كني كنتَ عند أمك"
2484,"اسما مرت عمك .. كل ما دق الكوز بالجرة شعي ادحشي أمي بالنص"
2485,"مو هيك قصدي بس انت ما بتكون هيك إلا إزا حدا معبيك علينا"
2486,"يوميات فريزة 1 ........."
2487,"دي حطي عراسك وأمشي قوام أم برهوم"
2488,"يالله يالله جاي اشبك أم كرمو عبططيني ها .. إي ما بقا أعرف ألبس"
2489,"لك دي اتحنكلي حاج تمطمطي الشغلة ... المخلوقة عبتطلق ولازم نكون ماعا ... يولي ما بتعرفيا مصبحة ممسية أم برهوم ... نعني لازم تكوني محضرة حالك ... الله يصلحك"
2490,"منو قلك ماني محضرة حالي ... حويجي رأسا طبيتن علي .. بس بقى مبيرحة كنت عند بيت حماي عندن سهرة واجو كومة خلق ياعندن ... قمت ضيعت باجايتي وما بقيت ألاقيا ... فتلولي عليها الحوش كلها"
2491,"يولي مالك بالعادة ... بالعادة بتحطيا بكم مانطويتك"
2492,"إي بقى صار عبطة وما وعينا ع شي وصار م العجقة كأنو حمام مقطوعة ميتو"
2493,"إي و إش عملتي"
2494,"اشو اش عملت ... قلتلن ما بروح لألاقي الباجايه ... يما كريب أصلي جابتلي ياها مهيبة بنت حماي م الحج ماعا من عشر سنين ... خسل و لبس لا بتخ ولا بتبلى"
2495,"إييييييييه ... يمووو شقد بتكري لسا بتطلعي بقصة يتدخلي بحكاية ... افقي هالدملة بقا"
2496,"اشبك اشبك متل حمصة الكي بدي ادلقلك كلشي هيك بلا تفاصيل شغل سلوقة"
2497,"ها هي خرسنا دي ضمي قندرتك بإجرك و تاعي و عالطريق بنكمل لقش ***************"
2498,"يووووم فريدة تاعي اطبقي باب صقاق وراي"
2499,"يالله يالله يوم ... طمنونا إش بصير ماعكن"
2500,"وشلون دا أطمنك ... تاعي تفضلي روحي معنا ست الحسن ... بركي بتسلي المطلقة"
2501,"خلص يوم إشبك عبمزح"
2502,"إي دي سدي باجوقك ولا تمدي راسك لبرات باب صقاق هدول ولاد أم سعيد سرسرية و بتنيوقو من ورا البرادي"
2503,"إي يوم مشي"
2504,"شعي بتسهوكي مع عيوش بنت الجيران حسك ما بصير حدا يسمعو"
2505,"طيب ماشي يالله الله معكن ************"
2506,"إي إشبك هلكتي البنت"
2507,"خلين بيتربوا أحسن ما يطلعولي متل بنات سلفتي مبوجقات"
2508,"إي و إصار ماعك ببيت حماكي"
2509,"إي عبكملك قلتلن ما برو لاخد باجايتي قامو كلن يدورولي عليها بعدا لقتا بنتي فريدة طيبة تحت زيق التخت عمني كانو حيطيلي المانطو عالتخت و القرمة فريدة قال عرفتا من ريحتا ولمن سألتا قالتلي يوم كل بني آدم إلو ريحة خاصة فيه قال بتشبه ريحة بيتنا"
2510,"إي والله مظبوط انا هيك بعرف غرضي إزا ضاع من ريحتو"
2511,"إي عدت لبستا و جيت عبيتي خسلتا رأسا ... عمني ارض قوضتن النوم نشح وغبره ما بحوسو إلا كل شهر مرة"
2512,"دي حاجتك بقى معقول"
2513,"إي متل ما عبقلك ييييي يا خيت ... طلعي طلعت طالعة بلا جراب"
2514,"إيه هلق ريحين نصل"
2515,"إي بس والله عيب إزا بلمحني أب برهو ليقص عصبي"
2516,"هلق عجلي وبس وصلنا بنعود بناخد من عندن جراب"
2517,"يولي عهالروحة المشحورة ... ماضل غير اشحد جراب يولي عراسي"
2518,"دي دي خفي يمكن المخلوقة ولدت وخلصت"
2519,"إي نعني تولد و تفرح وانا ارجع عبيتي أتبهدل روحي اسبقيني و بلحقك"
2520,"روحي عبستناكي عراس الحارة اركدي قوام قوام"
2521,"يالله مو تروحي بلاي"
2522,"لا لا مستنيتك ... عودي لا تنسي الباجاية كمان و تطلعي بلاها"
2523,"علاي : عليه ، مثل الحق عليه وتعني أنه المذنب أو المقصر في الأمر"
2524,"شوية اللخر ) أو اللخار ( : بعد شوي"
2526,"تعا كل يوم : أداة للتخويت"
2527,"حسن صبي : بنت مستزلمة"
2528,"زكُورت : زلمي ) رجااااال يقبرني شو رجال ( من الخالدية ، باب السباع ، باب الدريب ، باب تدمر ، جورة الشياح وهالحارات القديمة"
2529,"شوووو مشان : أداة للتساؤل"
2530,"خملت : أي حسبت ) ظننت ("
2531,"طلاع من راسي : حل عني"
2532,"ماااااخرج : أداة للنهي والتملص"
2533,"كفووووو : أداة نفش"
2534,"كبيييييير : كمان أداة نفش"
2535,"وجّع : تعني وحسكة وعلة"
2536,"سرسري : شخص صاحب مشاكل كتير ) مشكلجي ("
2537,"محسوبك : خدام شواربك"
2538,"طنط : شب محسوب بالغلط عل الشباب"
2539,"اقطعله كرت : يعني احلقله عالناشف"
2540,"الله يمنترك ؟؟؟ لا أعرف شرحها مرة بقولوا لشي منيح ومرة لشي لأ"
2541,"تنزل عليك النزلة ... دعوة خفيفة على حدا"
2542,"مفشكل : أي غير مرتب ولها مرادف مخربط"
2543,"بفرد مرة : معا"
2544,"يندفس : يعني ينام"
2546,"يئبر بعضو : يعني يصطفل شو بنعمله"
2547,"أبو شمسو : أشهر بيّاع حمص بأبو العوف"
2548,"عمنوّل : تعني السنة الماضية"
2549,"أوّل عمنوّل : و تعني السنة ما قبل الماضية"
2550,"شلافيط تعني ساخن جداً أو حار جداً"
2551,"حاجي عاد ...... أداة طلب للتوقف عن فعل أو قول"
2552,"حبالتاي ..... وا أسفاه عليه"
2553,"يتربح خطيتا ..... يحمل ذنبها"
2554,"ولآن جوع ..... جائع كثيراً"
2555,"كماجي .... رغيف خبز"
2556,"عم يبرطن .... عم يثرثر"
2557,"عم يأفلم ..... عم يتخوّت"
2558,"مشلبن ..... ناعم"
2559,"مصرصع .... ضعيف جداً"
2560,"مسحلل .... كمان ضعيف"
2561,"منظنظ ..... ناعم زيادة"
2562,"مزوزأ ...... شديد الاعتناء بنفسه"
2563,"مون ون .... موسوس"
2564,"مونئ .... ما بيعجبه العجب"
2565,"مبرطم ..... على قد مانه آخد موقف برزت شفته الأمامية"
2566,"مسودن .... شديد النظافة"
2567,"مكرشن ..... مزموم"
2568,"مكرّش ..... أي صار له كرش"
2569,"مطبلج ..... سمنان"
2570,"متصربع ..... جالس ونافش حاله"
2571,"أريضة .... لا معنى لها بتقولا إذا شي دايقك أكتر من مرة"
2572,"زرز .... دمه خفيف"
2573,"أبّوع .... وهو ما يوضع فيه الايس"
2574,"كُبّاي ..... قرص كبة"
2575,"المباراي هي المباراة"
2576,"كمشة تعني شوي"
2577,"جاموقة : بركة المي خاصة بعد المطر"
2578,"مأآآآآآطخ : آخذ وضعية منحنية"
2579,"مطوبز : حردان"
2580,"هايشي : ومعناها أجدب أو جدبي وتطلق على المذكر أو المؤنث على حد سواء"
2581,"مريم مريمتين : أجمل شعارات وترنيمات جماهير الكرامة منذ الثمانينات"
2582,"فيجي فيجي : مصطلح تستخدمه جماهير الكرامة لمشاكسة جماهير الفرق الشامية"
2583,"فز : من فضلك إنهض لفوق عاليا لكي أجلس مكانك"
2584,"لز : من فضلك أفسح لي المجال قليلا لكي أجلس بجانبك"
2585,"بظ : من فضلك أخرج محفظتك و ادفع بالتي هي أحسن"
2586,"كز : أمسك القلم بقوة و اضغط عند الكتابة لتظهر الكتابة بشكل واضح"
2587,"حشات الدكر هي اختصار ( حاشى أن أذكر الله ) وتأتي بمعنى : لا أريد أن أحلف باسم الله وتستخدم مع الأمور الصغيرة التي لا تحتاج القسم"
2588,"مثال : حشات الدكر مالقيتك شحاطتك التفسير : من دون أن أحلف أؤكد لك بأنني لم ألمسه"
2589,الو
2590,"الو أهلين"
2591,"أهلين خالتي شلونيك"
2592,"منعاش من سمع هلصوت شلونكون شو أخباركون"
2593,"ههه الله يسلمك مناح الحمد لله"
2594,"شو وينا أمك الله يمهد فعلا ماعد سمعنا حسا"
2595,"ليكيا هوني كانت عم تخسل لحصير وهلأ عم تونشرا مسكيا إجت"
2596,"أهلين أووووختي شلونك شلونون هلشباب"
2597,"أهلين يا اوختي ببوسو إيديك لوك أوختي اريضا صعي حدي بمد حصير بهلشوب إي الله وكيلك متلئحين هلولاد علبلاط و حاسين هلبلاط بلاط جهنم متل هاد تبع خميس لحلاوي نار عم تغلي"
2598,"هيهيه إي والله ما بعرف صعي عسيرت بلاط جهنم أما شو بشمينة جبلك ياها جوز أوختك مباري بدوبو دوبان بلتم جابون من هداك يلي بلسوء الصافي مدري الصفوي"
2599,"يييييييه أمانتك الله إي تذكرينا بشوي ئطيشي إن شاء الله رحنا علاي هديك لمرة لئيناهون مخشكرين"
2600,"تنزل عليكي النزلي ليش ما حكيتي خلص لمرة لجااي"
2601,"إي الله يرضا عليكي و بتفرحي بهلشمعات ليكي أوختي و زكاتك جيبيلي معك سمسمية وشي صفد راحة راحاتو طيبات و بطريقك مري ع سوء لفيصل جيبيلي معك شي نص كيلو ئطايف زغيري بتعرفي جوز أوختيك مفطوم علئطايف عصفيري"
2602,"إي تكرم عيونك"
2603,"لك دريتي شو صار بإبن أم ماهر لمكنسيان"
2604,"يه شو صار"
2605,"ئال حاطتلك هلموس لكباس ع خصرو وعم يتفتل في بلحارة و تجيكي دورية تأشو نحكم ست شهور يا خطي"
2606,"ييييه الله يهمد فعلو يا حئ لك شو صايرلون هلشباب طايشين بفرد طوشي"
2607,"إي والله الله يجيرنا بس"
2608,"يلا أوختي بدي روح أفئد لعدس بحوصريم علنار وبدي شيل لوجبي لبيضا من لخسالي وحط لملون"
2609,"إي سلميلي علولاد أماني و خلينا نشوفكون"
2610,"ان شاء الله ما بتشوفينا إلا عندك يلا أودعناكون"
2611,معسلامي
2612,"حمصي راح يعزّي سألهم : كيف مات ؟"
2613,"قالولو : رصاصة على جبينه"
2614,"قال : الله ستر عينه !!!!"
2615,"ليش الحمصي بينادي على الدهان يا معلم"
2616,"وعلى الأستاذ كمان يا معلم ؟"
2617,"لأنو الاثنين بيتعاملو مع حيطان"
2618,"حمصي ابنه تسمم .. وداه عالمستشفى"
2619,"قاله الدكتور : إبنك شارب حليب منتهية صلاحيته"
2620,"قال الحمصي : أكيد رضعتو ستو الله يهديها ????????????????"
2620,"قال الحمصي : أكيد رضعتو ستو الله يهديها 😳😳😳😳"
2621,"سألو الحمصي : مين أهم ... الشمس ولا القمر ؟"
2622,"قال : القمر طبعاً ما بدها سؤال لأنه القمر بالليل بنورلنا العتمة أما الشمس بتطلع والدنيا نهار عالفاضي"
2623,"ههههههه يا سبحان الله الذكي"
2624,"حمصي جازف بحياته .. و دخل بيت يحترق وطلع أربع أشخاص بالقوة بالرغم اللي سواه انسجن ليش ؟"
2625,"كل اللي طلعهم كانوا رجال دفاع مدني"
2627,"حمصي اتصل بشركة الاتصالات حكالهم :"
2628,"عندي شريحة و أختي بلعتها !"
2629,"قال الموظف : طيب شلون أخدمك ؟"
2630,"سأله الحمصي إذا أختي تكلمت ينسحب من الرصيد شي"
2631,"سألو حمصي : أيهما أطول الليل أم النهار"
2632,"قال : أنا شخصيا بحياتي ما شفتن واقفين جنب بعض"
2633,"سألو حمصي اشتريت أواعي للعيد ؟"
2634,"حكالهم بس أشتري لحالي بالأول بشتري للعيد"
2635,"لصبح رحت عالمخبر مشان حلل دم"
2636,"سألني الدكتور ) فطران ؟ ("
2637,"قلتلو ) له يا دكتور شو جايين نجربك )"
2638,"ما بعرف ليش لهلئ الدكتور متسطح عضهرو وعم يضحك ("
2639,"اثنيين حماصنة بقول الأول للثاني أي يوم ولدت قالو يوم الاثنين"
2640,"قالو و انت قاللو يوم الجمعة قاللو حاجتك كزب الجمعة عطلة"
2641,"حمصية قالت لجارتها : غريبة صار لي ست أشهر مسجلة بالنادي وما نزل وزني"
2642,"قالت لها جارتها كم مرة بتروحي بالأسبوع ؟؟"
2643,"قالت : ليش لازم أروح ؟؟؟"
2644,"بحبك حب الشباك للبرداية ، بحبك حب الأرنبيط للكوساية .... !"
2645,"بحبك حب الشلمونة للكولاية ، بحبك حب الطشت للكبجاية .... !"
2646,"بحبك حب الزيت النباتي للمئلاية ، بحبك حب الجرابات للصرماية .... !"
2647,"لك بحبك حب سلاحف النينجا لليبتزاية .... !!!"
2648,"يا ريت تكوني شخبرة وكون أنا المحاية"
2649,"ياريت تكوني بريات ... وكون أنا البراية"
2650,"ياريت ما تحطيلي زء ... لما كون أنا جاية"
2651,"بحب ضحكتك يللي متل صوت المعزاية ... بحبك حب الدؤونية لللهاية"
2652,"بحبك حب المألمة للشنتاية"
2653,"يا ريت تكوني طربيزة وكون أنا كنباية"
2654,"يا مدلوئة حياتي و شعيبيات عمري ووربات بئشطة روحي"
2655,"يا أحلى زبدية محلاية"
2656,"بحبك حب الريموت للتلفزيون .. بحبك حب درفة الباب للمندلون"
2657,"بحبك حب بنت أختي الفصعونة لسبيستون"
2658,"بحبك حب أبو السوم للطابة .... بحبك إذا كنتي متنحة أو حبابة"
2659,"بحبك حتى لو كان صوتك متل موتور الدبابة"
2660,"سمعيني شوي لحتى أحكيلك الأصة"
2661,"يا ريت تكوني حنفية مي عم تشرشر ... وأنا بعصّا"
2662,"نشالله ما يبلا هلطول ... متل عرئ الفصة"
2663,"لك ياريت تكون معي هيكة كمشة بزر و أعطيكي نصا"
2664,"بحبك حب المنير الجبان لكلمة صباح الخير"
2665,"بحبك حب جهاد سعد لبرنامج خبرني يا طير"
2666,"لك بتسدئي ؟"
2667,"بحبك حب جورج بوش لطوني بلير"
2668,"بحبك حب الزلائط للمعؤوود"
2669,"بحبك حب السعادين للقرود"
2670,"بحبك إذا كنت ساكتة أو عم تحاكينا"
2671,"بحبك حب ابن أختي الفصعون لبوظة كارينا ... بحبك حب البردان للكرمنتينا"
2672,"حاجه بأه جننتينا !!!!"
2673,"تغيير الأحرف من نفس الجنس كاستخدام حرف د بدلا من ذ فتصبح"
2674,"ذيل : ديل"
2675,"خذ : خد"
2676,"أذن : أدن"
2677,"آذار : آدار"
2678,"آذان : آدان"
2679,"هذا : هادا"
2680,"ظهري : ضهري"
2681,"نظفت : نضفت"
2682,"الظهر : الضهر"
2683,"كثير : كتير"
2684,"ثاني : تاني"
2685,"ثلاثة : تلاتة"
2686,"ثمانية : تمانية"
2687,"قال : آل"
2688,"قمر : أمر"
2689,"قدم : أدم"
2690,"قاد : آد"
2691,"قبر : أبر"
2692,"قلب : ألب"
2693,"مقلب : مألب"
2694,"بيضاء : بيضا"
2695,"هواء : هوا"
2696,"ضوء : ضو"
2697,"وراء : ورا"
2698,"حمراء : حمرا"
2699,"سمراء : سمرا"
2700,"خبئيني : خبيني"
2701,"يأكل : ياكل"
2702,"رأس : راس"
2703,"يأخذ : ياخد"
2704,"ستة أيام : ست يام"
2705,"من أين : منين أو من وين"
2706,"تعال : تعا"
2707,"على : عا"
2708,"بئر : بير"
2709,"بنته : بنتو"
2710,"سلته : سلتو"
2711,"ولده : ولدو"
2712,"ماله : مالو"
2713,"عينه : عينو"
2714,"يعينه : يعينو"
2715,"منه : منو"
2716,"بيدرس بينسى بيستر بقلو بيطعمينا بيجي بيحبو بيجربو منقولو مندرس منطعمي منجي منحبو منجربو"
2717,"جاء : إجا"
2718,"قادم : جاي"
2719,"هكذا : هيك"
2720,"أريد : بدي"
2721,"رجل : إجر"
2722,"يده : إيدو"
2723,"زوج : جوز"
2724,"أتزوج : أتجوز"
2725,"لا أحد : ما حدا"
2726,"البارحة : مبارح"
2727,"امرأته : مرتو"
2728,"امرأة : مره"
2729,"بسرعة : أوام"
2730,"كيف : شلون"
2731,"أحضر : جاب"
2732,"اللي : بمعنى الذي"
2733,"ألو : أي له"
2734,"أللو : قال له"
2735,"بئلو : أقول له"
2736,"ما منو : أي ليس منه"
2737,"مالو : ليس له"
2738,"ب : زائدة تضاف في أول الفعل أو بدل حرف الجر في"
2739,"عا : على"
2740,"حبيبك حبو لو عبد أسود ، قال : ولو كان جنّي أشمط فالحب أعمى ولا يعرف أسود ولا أبيض"
2741,"حبيبي مليح وصادفو ريح : حبيبها إنسان جيد لكن حظه سيء و فقير"
2742,"حبيبي اللي نافعني"
2743,"حبيتوا مرقتلو الظلط كرهتو وقفتلو عالغلط"
2744,"الظلط : هي الحصى الصغيرة . عندما نحب نتجاوز عن الأخطاء الكبيرة لمن نحب ، وعندما نكره ندقق في الأشياء الصغيرة"
2745,"حبيبك عسل لا تلحسو كلو"
2746,"العدو ما بيصير حبيب ليصير الحمار طبيب"
2747,"مين حبنا حبيناه وصار متاعنا متاعو ، ومين كرهنا كرهناه وحرم علينا اتباعو"
2748,"إذا حبيت حب أمير و إذا سرقت اسرق حرير ان عيروك تستاهل التعيير"
2749,"اللي بيشوف أحبابو بينسى أصحابو"
2750,"العضة محبة لو من تم كلبة ، و القرصة بغضة لو بأضافر فضة"
2751,"القرصة بغضة و العضة محبة لو كانت من بوز كلب"
2752,"الإجر بتدب مطرح ما بتحب"
2753,"اللي بيحب ما بيسب اللي بيحب ما بيكره"
2754,"العتاب كلام الحباب كتر العتاب بيفرق الحباب"
2755,"الغيرة تلات أرباع المحبة"
2756,"عند المصايب بينعرفو الحبايب"
2757,"عند المصايب بيبانوا الحبايب"
2758,"الحب بعد السبعين متل ضرب السكاكين"
2759,"الحلو حلو لو قعد من النوم ، و البشع بشع لو غسّل وجهه كل يوم"
2760,"الحلو ما بيخبي حالو"
2761,"جمال الزين مبسم و عين"
2762,"الجرة من دينيها والبنت من عينيها ، أماكن الجمال في الجرة الفخارية والمرأة"
2763,"حلو من حلاوتها ومالح من وحاشتها ، الحلو لا يقدم إلا الحلو والوحش يقدم القباحة"
2764,"ماشي بالبندر عما تتغندر : للفتاة تمشي بغندرة"
2765,"كل جديد إلو بهجة وكل عتيق إلو لهفة"
2766,"الطول تلتين الحلاوة"
2767,"طول متل شجر الحور"
2768,"قامة متل قرن البامة"
2769,"خدود متل زهر الرمان"
2770,"حلوة متل القمر ، متل القمر بين النجوم"
2771,"بيضا متل التلج"
2772,"طلة بهية متل الشمس المستحية"
2773,"خدودها متل التفاح وجه أصفر ووجه أحمر"
2774,"متل الشامة عالخد"
2775,"أحلى منى الله خلقوا ، أشطر مني دم الفلقو : يتحدث المثل عن الغيرة وحب الظهور فالشخص يرضى أن يكون الآخر أجمل منه لأن الأمر خلقة من الرب أما الشطارة والفهم صفات مكتسبة بالتعلم"
2776,"زيّن المكنسة بتصير ست الحسن : كثرة الزينة و التجميل تصنع من القبيحة جميلة وتصبح متل العروس"
2777,"قالوا : حواجبا وعيونا ، قالت : كلو عالمغتسل ببان ، عند غسل ومسح مواد التجميل يظهر الجمال الحقيقي"
2778,"القرد اطلّع بالمراية شاف حالو غزال"
2779,"مطر كانون ذخر ، ومطر شباط محل ، ومطر آذار خير ، ومطر نيسان بركة ومطر أيار هدايا"
2780,"مطرة آذار بتحيي الزرع بين الأشجار"
2781,"مطرة نيسان بيحيي الإنسان و الفدان"
2782,"مطرة أربعة نيسان بتحيي الإنسان"
2783,"فيض نيساني بطم العلياني"
2784,"بأيار بتنزل الأمطار وبتزيد الأنهار"
2785,"بعيد البربارة بتنبع المي بوكر الفارة"
2786,"مطر تشارين طروح : أي لا نفع فيه لأن الأرض لم تزرع بعد"
2787,"إذا تلجت فرجت"
2788,"التلج خميرة الأرض"
2789,"بأيار ياما نفضنا التلج عن الغمار"
2790,"بآذار سبع تلجات كبار ما عدا الصغار"
2791,"الهوا الشمالي بيشيل السمك من المقالي"
2792,"سنين الخير بالهوا الشمالي"
2793,"الشرقي عقيم و الغربي رحيم : الهواء الشرقي والهواء الغربي"
2794,"تغيير الهوا أحسن دوا"
2795,"هوا نيسان بيشق القمصان"
2796,"هوا نيسان بقاسم الضمّان : لأن الهواء في بعض أيام نيسان يسقط الفواكه قبل نضوجها"
2797,"إن كان الهوا قبلي يا ملاتك يا عدلي ، وإن كان الهوا شمالي يا جوعكم يا عيالي"
2798,"هوا شباط لبّاط"
2799,"حمص بأيار هوا و غبار"
2800,"إن قوست باكر احمل زادك وسافر ، وإن قوست عشية دور عا مغارة دافية"
2801,"إذا قوست شرق وغرب افرش ونام عالدرب"
2802,"إذا قوست قبلي و شمال ضب دوابك وارحال"
2803,"إذا ضبضبت باكر اركب و سافر : إذا ظهر الضباب صباحاً أبشر بالصحو"
2804,"إذا ضبضبت عشية لاقيلك قرنة دافي"
2805,"الله يرحم أيام زمان"
2806,"الله يبشرك بالخير"
2807,"اللهم اجعلو خير"
2808,"الله بيستر عالي بيستر"
2809,"الله لا يحيجنا لغيرو"
2810,"الله يجيرنا من الأعظم"
2811,"الله يجيرنا من ساعة الغفلة"
2812,"الله يطعم اللي بيطعم ، الله بيطعم اللي بيطعمينا"
2813,"الله يطعمك متل ما طعمتني"
2814,"الله لا كان جاب الغلا"
2815,"يا مهون يا رب"
2816,"الله يكون في عونو"
2817,"الله يساعد اللي مالو ضهر"
2818,"الله يعطينا خيرك"
2819,"يخلف الله عليك"
2820,"اللهم طولك يا روح"
2821,"الله يجيبك يا طولة البال"
2822,"طميمي إن شالله ) طميمي أن تتطم أو تغرق حتى أذنيك ("
2823,"الله لا يقيك والله لا يقملك قايمة"
2824,"تجيك فصعة"
2825,"سيران المجانين بكوانين"
2826,"عرس المجانين بكوانين"
2827,"السبت الماضي دقلي رفيقي قال جهز حالك المسا عنا عرس قلتلو ماشي والله المسا رحنا رقصنا مع العريس وأكلنا فواكه وكلو تمام"
2828,"و نحنا طالعين قلتلو لرفيقي انت بتعرفو للعريس ولا حدا من طرفو عزمك"
2829,"قلي أينا عريس !! قلتلو هاد يلي جوا"
2830,"قلي يحرم عليي ، سمعتن عند الحلاق عم يحكو وعرفت محل الصالة وقلت منروح نتسلا الله لا يوفقو قال أينو عريس قال"
2831,"كان أحد أجدادنا تاجر قطن كبير كتير"
2832,"كان يجيب قطن من تركيا لحمص بالعربايات"
2833,"وبيوم من الأيام هوي راجع نضربت دواليب العربايات لأن كانت خشب وكانت المنطقة ) جورة ("
2834,"إجا ترك كل شي بأرضو و رجع على حمص بعدين إجو الحموية فكو الدواليب وعملوها نواعير"
2835,"واحد شاف بمنامو أنو عم يضرب مسؤول فلقه ع رجليه"
2836,"الصبح حكى المنام لمرتو راحت مرتو بعد شوي لعند جارتها و حكتلها القصة وبنفس الليلة أجت الشرطة وأخدو الزلمة"
2837,"بعد أسبوع رجع عالبيت منهنه و مكسر من القتل وبعد كم ساعة رجعوا جماعة الشرطة مرة تانية وفاتو لعندو قلن خلص التوبة والله العظيم ما عاد أحلم مرة تانية"
2838,"لا تخاف بس نسينا نسألك مين كان ماسك رجليه للمسؤول وأنت عم ترفعه الفلقة ؟ .... قلن مرتي وجارتنا"
2839,"تعرض شاب حمصي قبل قليل للدهس بسيارة تقودها فتاة ولم يصب بأذى"
2840,"ولكن المفاجأة كانت أن الفتاة التي تقود السيارة أغمي عليها"
2841,"وقام الشاب الحمصي بإسعافها لأقرب مستشفى وتم إيقاظها في المستشفى وسط ضحك كل من تواجد في قسم الطوارئ من المرضى والكادر الطبي"
2842,"لأنهم سألو الشاب الحمصي الي جابها شو صار معها قال دعستني"
2843,"قال في مرة حمصي بدو يعمل عملية انتحارية قام فات على مطعم وضرب حالو بالسكين قام ماتو تلاتة من كتر الضحك"
2844,"في طالبين وصلو المدرسة متأخرين سأل الأستاذ واحد منهم وهو غضبان : وينك لهلا قاله وهو عم يبكي : في ليرة ضاعتلي وكنت عم دور عليها وما معي غيرها مصروف وسأل التاني : وانت وينك لهلا ليش متأخر ؟؟ قال له كنت داعس عالليرة"
2845,"مرة واحد وجعه ضرسه قام راح إلى طبيب حمصي قام الدكتور خلعله كل أسنانه عدا الضرس المنخور صعق المريض وقاله شو عملت قاله إي خليه متل الكلب لحاله"
2846,"عصفور حمصي كان يطير على ارتفاع منخفض فاصطدم بزجاج سيارة وسقط عالأرض ، شفق السائق عليه فأوقف السيارة وحمل العصفور وأخده عالبيت ، وهناك وضعه في قفص فيه ماء وخبز ولما فاق العصفور ووجد حاله وراء الشبك ضرب بجناحه على رأسه قائلا : العمى سجن وقضبان معقول نكون روحناه للزلمة !!"
2847,"حمصي تاجر مخدرات نزل إعلان بالجريدة : عنا طحين من اللي بالي بالك"
2848,"حمصي وقع عالدرج عطوه مرهم قالوله ادهن مكان الإصابة راح دهن الدرج"
2849,"مو النافية : بمعنى ليس ) انت كسرت الكاسة ؟؟ مو أنا ("
2850,"مو الناهية : بمعنى لا ) مو تشعل الضو و تطلع ("
2851,"مو الاستفهامية : بمعنى أليس كذلك ) مو هيك بيعملو المجدرة ؟؟!! ("
2852,"مو السببية : بمعنى لأن ) ليش ما جبت خبز ؟؟؟ مو الفرن مسكر )"
6067,"مو التوبيخية : ( مو قلتلك ما تحكي مع هدول الناس )"
2853,"مو التقريرية : ( مو أنت بتحبني .. عيرني سيارتك اليوم ("
2854,"وآخر وحدة للموافقة على الكلام و التأكيد ) بابا رح تشتريلي اللعبة مووو ("
2855,"شوفيني : فرجيني"
2856,"معطو : ضربو"
2857,"طصو : انظر إليه"
2858,"شاروخ : حذاء"
2859,"جاطي : جاط"
2860,"نربيج : خرطوم"
2861,"بدونة : جالون"
2862,"سختورة : مقادم"
2863,"هونيكه : هناك"
2864,"شوبيك : مابك"
2865,"ناجور : دقر أو قفل الباب"
2866,"باطرش : أكلة حموية"
2867,"معقود : مربى"
2868,"جرجئية : حلاوة حمصية"
2869,"متلقح : متسطح"
2870,"جيجات : دجاجات"
2871,"ابويي : أبي"
2872,"اخويي : أخي"
2873,"ندرج : نتمشى"
2874,"أرواح : هيا بنا"
2875,"سودة عليك : تضرب براسك"
2876,"طوشة : مشكلة ، علقة"
2877,"سجئات : أمعاء الخاروف المحشية بالرز ومن أطيب الأكلات"
2879,"العجيان : الأولاد"
2880,"الأدب : بيت الخلاء"
2881,"شختور : صحن كبير"
2882,"الغانم : شخص غير معروف"
2883,"الجارور : الدرج"
2884,"الحالوب : أكلة حموية بالتوم الأخضر"
2885,"ابوع : بوري بوظة"
2886,"ينكس : يشك في المياه"
2887,"طنبر : تكسي كبير"
2888,"الشاروخ : شحاط بإصبع واحد للرجال هاد بس"
2889,"جبسية : بطيخة"
2890,"شرابة : سكرة"
2891,"سنفور : مكرو"
2892,"طواية : مقلاية"
2893,"ازوط : احول"
2894,"منجنيق : مرجوحة"
2895,"سئاء : حي أو حارة"
2896,"موس : سلاح أبيض لا يكاد يستخدم إلا في المعارك الأهلية"
2897,"أخوت : رجل شديد الغباء"
2898,"ميت السلامة : كناية عن حب الضيف"
2899,"حلوة : فتاة جميلة"
2900,"طرطيرة : سيارة بثلاث عجلات"
2901,"عفسه : ضربه بالسيارة وقضى عليه"
2902,"زلمة : رجل شجاع وقوي"
2903,"شبك : ماذا بك"
2904,"جدي : والد أبي أو أمي"
2905,"ستي : والدة أمي أو أبي"
2906,"كزدورة : مشوار"
2907,"التبسة : المنفضة للسجائر"
2908,"كماجة : رغيف خبز"
2910,"الشايع : مذمة للشخص"
2911,"سهتان : صفنان"
2912,"تلقح : تسطح"
2913,"متنفّس : تعبان"
2914,"ناهي : فاخر"
2915,"سداجة : سجادة"
2916,"وسكان أو وزكان : أي حتى ولو"
2917,"عالحيرك : بسرعة"
2918,"مخلوطا : عبارة عن عدس و خبز"
2919,"باطرش : أكلة من الباذنجان و اللحمة و البندورة"
2920,"جنابة : عصا أو هراوة"
2921,"شنتيانة : سلاح تقليدي في القتال"
2922,"دنيي سليماني : برد قارص"
2923,"عليي السخام : يمين مقدس"
2924,"مليان : ممتلئ"
2925,"دشرو : اتركه"
2926,"لأ ولو : تقال عند التعجب"
2927,"أتورة : برهة من الزمن"
2928,"مكسليت : دراجة هوائية"
2929,"بالزور : رغما عنه"
2930,"معلي : لا بأس"
2931,"عالحارك : بسرعة"
2932,"مي هون : ليست هنا"
2933,"ألفطو منيح : نظفه جيدا"
2934,"شلافيط : حار جدا"
2935,"سطامة : شخص غبي"
2936,"شي إنو : جزء صغير"
2937,"مشفتر : متكبر"
2938,"ماكينة مزوزقة : سيارة جميلة"
2939,"مبروك : مجنون"
2940,"سعره فليفلة يا الله : باهظ الثمن"
2941,"لحم بعجين : امرأة سمينة"
2942,"شايع : تقال للإنسان والجماد"
2943,"حيشاكم : بعيد من قبالكم"
2944,"سخاتير : أكلة عريقة"
2945,"مغنطيس : مغناطيس"
2946,"باجوء : الفم"
2947,"تسومم : تقال عند تناول الطعام"
2948,"معصمص : هزيل البنية"
2949,"مأرفع : وصل إلى حد اليبسان"
2950,"مألف : مسرع جدا"
2951,"زطي : شخص خروء"
2952,"فز : فم"
2953,"بقالة : غالبا ليس لها معنى"
2954,"جاطي : وعاء كبير"
2955,"بركدا : تقال عند وضع الاحتمالات"
2956,"ممضمينة : نوع من أنواع الحلوى"
2957,"لا تأس : لا تخاف"
2958,"دنك : مطأطأ الرأس"
2959,"إلطيلو : انتظره"
2960,"و بعج : وتقال عند التدرع"
2961,"خمير : شاي ثقيل"
2962,"سيلك : طريق ممهد"
2963,"لا تجور : لا تقسو"
2964,"مخشكر : وتقال عند الانتهاء من العمل"
2965,"بينبأ : يوصل إلى الطرف الآخر"
2966,"و إز كان : عدم المبالاة"
2967,"جنأ : صحن صغير"
2968,"أول عمن : أي في قديم الزمان"
2969,"ساقية : منتزه قرب مدينة حماه"
2970,"واحد حموي إجتو فاتورة المي 30000ل.س قال شو المطر نازل على حسابي السنة ؟؟؟"
2971,"س : كيف يبحث الحموي عن الأرنب ؟ ج : بيقلد صوت الجزرة !!!!!!!!!"
2972,"اثنين حموية فاتوا على كلية الطب : واحد طلع محاسب والثاني محامي"
2973,"في واحد حموي باع اللي فوقه واللي تحته واشترى اللي جنبه"
2974,"في واحد حموي سأل البائع : عندك تلفزيونات ملونة ؟ قلو البايع في ئلو الحموي بدي واحد أزرق"
2975,"في مرة واحد حموي اشترى لابنه آلة حاسبة و شال الصفر منشان ما يتصل دولي ؟؟؟؟؟؟"
2976,"في واحد حموي اتصل بالإطفاء وقال شو إذا ما في حريق ما منشوفكن"
2977,"في مرة حموية سمعو إنو جاي عاصفة عاحماه فا كتبو أول حماه : حلب ترحب بكم"
2978,"اثنين حموية كانوا عم يلعبوا شطرنج وعلى قد ما طولت المباراة معهم مات الملك بالجلطة"
2979,"بدوي حموي اشترى سيارة بي إم دبليو حديثة وفتح عل راديو فسمع هنا لندن قال شوووووو يا لطيف شو سريعة !!!!!!!!!!!!!!!"
2980,"ومرة كان في واحد حموي مسافر بالقطار وقعد جنبو واحد فقال اللي جنب الحموي : أنا بردان من الشباك فقاللو الحموي : تشرفنا وأنا حمدان من حماه"
2981,"واحد حموي معه قنبلة عم يلعب فيها إجى واحد وقاله شو عم تعمل هلق بتنفجر ...... فقال له لا تخاف معي قنبلة تاني"
2982,"سألوا واحد حموي : شو رأيك بالزواج المبكّر ؟ فقال : أي ساعة يعني ؟؟"
2983,"ليش الحموية خسروا بتجارة الموز ؟ لأنو كل ما يشوفوا موزة مايلة بيكبوها ؟"
2984,"مرة واحد حموي شاف خمسمية جديدة على الأرض فتلفت حواليه ولما ما شاف حدا قام شال الخمسمية الجديدة وحط محلها خمسمية قديمة"
2985,"حموي بيقول لمرته في عنا لبن قالتلو إيه قال لها في عنا عسل قالتلو إيه قال لها في عنا تمر قالتلو إيه قالها قومي عمليلنا بيتزا"
2986,"في واحد حموي اول مرة بحياتو بياكل علكة قام حلف يمين ما ينام الليل إلا لما يخلصها"
2987,"وحدة حموية قالها أبوها إجاكي أخ صغير قالتلو : بربك ؟ لا تقول لأمي خليها مفاجئة"
2988,"حموي ضرب أخوه كف قام سائلو أخوه هادا جد ولا مزح ؟ قالو جد قام قلو أخوه منيح لأني ما بتحمل مزح"
2989,"في حمويين بمقابلة عالتلفزيون سألت المذيعة الأول : سوريا بالنسبة إلك شو ؟ جاوبها سوريا أمي . سألت التاني سوريا بالنسبة إلك شو ؟ قال ما بقدر أحكي على أم رفيقي"
2990,"واحد حموي عمل عملية شافها نجحت ئام عملها مرة تانية"
2991,"نحني = نحنا"
2992,"سودِه = سودا"
2993,"يستر عالمحشي = يستر عليك"
2994,"لحمة بالصينية = لحمة بالصحن"
2995,"سختورة = أشّة"
2996,"داني = إدني"
2997,"حدي = حدا"
2998,"أترة = شوي"
2999,"أرواح = روح معي"
3000,"علّق الضو = شغل الضو"
3001,"كرجي الأرض = كنسي الأرض"
3002,"آظان = سخان الحمام"
3003,"جودلي = لحاف سميك"
3004,"مضى ، حاج ، خلص = كفى"
3005,"نبريج ، بربيج = خرطوم المياه"
3006,"خراطة = تنورة"
3007,"تتعوقوا = تتأخروا"
3008,"شن لبن = خفق لبن"
3009,"ألشين = يقصد بها الجوارب"
3010,"شوبيك : هي بالحواضري ما بالك وتكون الإجابة ) ما بو بلا ("
3011,"من كعب الدست : شغلة كبيرة أو ( أخت أختها بالشامي )"
3012,"جأمتني : أي طعجتني بكلامك والمجؤوم هو صاحب الحنك الملتوي"
3013,"برطاش : وهو الرخامة التي تكون أمام باب الحمام"
3014,"الشمندور : وهو أول ما يحلب من البقرة بعد أن تلد يؤكل مع القطايف و القطر"
3015,"الحردون : وهو حيوان زاحف يعرف بالضّب وهو من أقرباء أبو بريص"
3016,"حملت درب طْريقي : أي مشيت في طريقي"
3017,"الجئّات : وهي أمعاء الخروف التي تحشى و تطبخ مع الدراكيل لتصبح الأكلة ككل تعرف بالسختورة"
3018,"الدراكيل : جمع دركولة وهي القطعة المكوّرة من كرشة الخاروف والتي تعتبر المكون الرئيسي للسختورة"
3019,"رحت لعند المنّو : أي ذهبت إليه"
3020,"لا ياااااااا : اسم فعل مضارع بقصد الاستنكار معناه بالله عليك مع مراعاة مط الألف قدر المستطاع"
3021,"بغو : يستخدم هذا المصطلح للشيء الصغير والطري بحيث لم يكتمل نموه بعد أو لم يصبح قاص بعد"
3022,"مسخَمة : بمعنى مشحَرة و معترة"
3023,"استنطر : استنى"
3024,"صحلو : ناديلو"
3025,"هبرلو : سماعات الستريو"
3026,"شيعانين : بمعنى عمرو ما حدا يرت"
3027,"بغضر : بقدر"
3028,"ما بغضر : ما بقدر"
3029,"غناية : غنية"
3030,"بوفريوة : وهي الكستناء"
3031,"كرتعت ، ظنطرت : تجمدت من البرد"
3032,"حئااااا ؟ : اسم فعل مضارع يفيد الاستفهام بمعنى هل هذا صحيح"
3033,"ترّك : اترك من يدك"
3034,"اتناوأ : بمعنى اتطلع"
3035,"قبّوع أو أبّوع : هو بوري البوظة أو البوشار ) قمع ("
3036,"تلأح ، تشطح : استلقى"
3037,"لأ إي : وتلفظ بسرعة لئي بمعنى مبلا"
3038,"يقطع خملك : بمعنى يحرء حريشك"
3039,"الله يهمّدك : من الهمود أي الركود"
3040,"الله يلكعك : يلكع أي يعسر أمراً"
3041,"أبو خبيت : بالجهنم"
3042,"و خنان قبرصي : بمعنى وجع"
3043,"ركوة : دولة القهوة"
3044,"عَجو : بذر الزيتون"
3045,"بلا مَرائة ) مشتقة من مرقة الطبخ ( : بلا مياعة و سقالة"
3046,"سمْكة : سمَكة"
3047,"تدقك نقشة : العين تطرقك"
3048,"لا تنحرني : لا تنكشني"
3049,"يا سماااااااا : مثلا بدل ما نادي لشخص باسموا بقلو ياسماااااااا"
3050,"كسر الكندرة من الخلف .... شغلة طبيعية عند الرجل الحواضري أول ما بيشتري الكندرة لازم يكسرها برجله"
3051,"الشاروخ والصندل هذه مفردات لأنواع من الأحذية الصيفية والشاروخ على وجه الخصوص هو من إبتكار حموي وله سمعة عالمية وخصوصا في دول الخليج وذلك للمهارة في صنعته"
3052,"حلاوة الجبن : مشهورة بدون ما أحكي عنها"
3053,"شعيبيات : عجينة محشية قشطة حموية ومنحط فوقها قطر"
3054,"سيالات : عجينة القطايف العصافيري نفسها بس بحجم أكبر منحطهم فوق بعض بعد تسخينهم بالسمن الحموي ومنرش فوقهم سكر وقرفة وجوز"
3055,"بغاجا : عجينة ممدودة بالصينية محشيه قشطة حموية ومرشوش فوقها سكر ناعم"
3056,"مغطوط : خبز تنور منغطه بحليب سميك شوي ومنرش فوقه سكر"
3057,"ملاحظة : جميع الأكل بينعمل بالسمن الحموي مشان هيك الجلطات و عمليات القصطرة شغالة على أبو جنب بحماه"
3058,"ملاحظة تانية : معروفين الحموية بشرب اللبن كتير ولو بيطلع بإيدهم بيشربوه مع البقلاوة"
3059,"لك شو يا خيوه : ماذا تريد"
3060,"اعطيني جبسية : أعطني بطيخة"
3061,"شرابة : قطعة سكر أو بونبونة"
3062,"دفعو صواب بالشنتيانة جاب أجلو .... أي ضربه ضربا مبرّحا بالسلاح الأبيض"
3063,"بايجة : بمعنى حضيرة حيوانات"
3064,"طراحة : بمعنى فراش"
3065,"وسادة : بمعنى مخدة"
3066,"نجقو : بمعنى ضربه ضربا مبرّحا"
3067,"دماج : بمعنى بوكس"
3068,"صنجب : بمعنى حشش"
3069,"حبلة أو سنسالة : سياج من الحجارة"
3070,"سمهدان مجلج : أي بمعنى سندان حديدي متسخ"
3071,"مقعطل : بمعنى متسخ"
3072,"ها : ماذا تريد ؟"
3073,"لكاليك : جوارب"
3074,"كبوت : معطف"
3075,"طريزينة : عربة بثلاث دواليب"
3076,"جماقة : بركة ماء"
3077,"قطك : هل فعلتها مسبقاً"
3078,"هظاك : ذلك"
3079,"مقحطة : باردة جدا"
3080,"يا غبصة : تقال للمرأة قليلة الحظ"
3081,"قهقور : مجموعة من الحجارة مرصوفة فوق بعضها"
3082,"مجن : امسك بحذر"
3083,"بسطار : حذاء"
3084,"مضبجة : بمعنى دخان كثيف"
3085,"حبة : بمعنى قبلة أو بوسة"
3086,"فج : بمعنى فم"
3087,"خشم : أنف"
3088,"انقلع : اذهب من هنا"
3089,"غبص : مشا بالوحل"
3090,"هوشة : مشاجرة"
3091,"دلبوش : حجر متوسط"
3092,"جمشة : حجر كبير"
3093,"قُفة : وعاء يستعمل لنقل المواد من بحص و رمل و خلافه"
3094,"كردن - سطل : وعاء للماء أو الحليب أو اللبن"
3095,"قطوة - حلة : نصف برميل حديد لسلق القمح او غيره"
3096,"حابوز : خزان ماء أرضي مبني من البلوك"
3097,"مطوى : عبارة عن رف من الاسمنت داخل الغرفة يستخدم للفرش بكون اله مكان داخل الجدار"
3098,"لوكندة : مكان للجلوس مثل المخبأ"
3099,"عطول مدكن باللوكندة ????????"
3099,"عطول مدكن باللوكندة 😂😂"
3100,"خلقينة - خابية : وعاء فخاري لحفظ الماء يعني متل الترامس بهالأيام وبتعطي برودة للماء"
3101,"هبدوو هواة عقفاه ، ولا عطس : يعني ضربو ضربة على راسه من وراه بعصاية نشافة أو بعصاية كريك ، وقع بأرضه و أغمى عليه"
3102,"المزراق : رمح قصير أو رمح خفيف يقذف باليد"
3103,"المسلسلات البدوية المشهد الأول :"
3104,"ابن العم : قوج يا بنت العم"
3105,"البنت : هذا أنت يالخسيس"
3106,"ولد العم : له له له ... علامج يا بنت عمي ... السلام لله"
3107,"البنت : عليك السلام ... مير عاد ما هي من علوم العرب أنك تتصيد بنات القبيلة عند الغدير"
3108,"ابن العم : له يا بنت العم أنا جيت اسقي افرسي و شفتج و سلمت عليج"
3109,"البنت : أقول أمش بدربك والله لوكندة يدري أبوي الشيخ بسواياك كان قطع راسك و رماه للجلاب بالبريه ...!!!!"
3110,"المشهد الثاني :"
3111,"الغريب : قوج يا بنت الأجواد"
3112,"البنت : قويت يالأخو"
3113,"الغريب : المن ها الديرة ؟"
3114,"البنت : هاذي ديرة الشيخ مناور كان تعرفه"
3115,"الغريب : والله والنعم والسبعة أنعام بيش وبالشيخ مناور"
3116,"الغريب : وكاد أنك بنت الشيخ ؟؟"
3117,"البنت : عز الله إنك صدقت"
3118,"الغريب : أقول وش إسمك يا بنت الأجواد ؟؟"
3119,"البنت : اسمي ما تشوفه إلا بالليل"
3120,"الغريب : هلا ب قمر ????"
3120,"الغريب : هلا ب قمر 😊"
3121,"البنت : وأنت وش اسمك يا الأخو ؟"
3122,"الغريب : اسمي على جنبي"
3123,"البنت : هلا ب سيف"
3124,"الغريب : هلا بيك والله"
3125,"البنت : أقول يا ضيف الرحمن تفضل عندنا حياك بمجلس الشيخ مناور"
3126,"ثم يتبادلون النظرات و الابتسامات والخسيسة ولد عمها سلم عليها بس سلام مسحت به بلاط الغدير ... ولو أنه الغدير ما فيه بلاط"
3127,"مبارح شفت صديق قديم بخيل بالصدفة وعزمني عالغدا عندو اليوم"
3128,"رحت لعندو وفتت قعدنا وصرنا نتحدث لوقت ما مرتو جهزت الغدا وجابت صحن رز كبير وحطيته عالطاولة ... وصرنا ناكل رز أنا ورفيقي"
3129,"وكل دقيقتين تفوت مرتو من الباب وتسأل : فوت الجاج ؟؟ ويقلها زوجها على مهل ... ترجع بعد شوي تسأل فوت جاج ؟؟ ويقلها على مهل"
3130,"وأنا سلت كرشي صرت قول لرفيقي لك خليها تفوتو وهو يقلي لا على مهل كول رز كول"
3131,"بعدا خلصت وقلتلو الحمدلله شبعت ..."
3132,"صاح لمرتو وقلها يلا فوتي الجاج"
3133,"ولا فوتت جاج عايش عالغرفة ياكل الرز المهرهر عالأرض"
3134,"رح نودع سنة ونستقبل سنة جديدة والكهربا مقطوعة ... والانفيرتر مضروب ... والكهربا ضعيفة لما تجي ما بتشغل شاحن البطارية ... وبرد وبدون مطر و منصكصك ... و 50 لتر مازوت قاطشين منهن 5 لتورة ... والخبز لكل نفر رغيف كل يوم ... وحياة مقعطلة قولة جيرانا الدواعلة ... وفوق هيك في ناس بدها تحتفل قال وتشتري بروستد وكاتو مزين ع هالحياة اللايقة بدهم يحتفلوا يعني ؟؟؟"
3135,"يا صاحبي بعطيك بعض البيانات و اعطيك عني يا بن الأجواد نظرة"
3136,"ما جيت أنا للفيس قصدي علاقات ولا جيت ادور من ورا الفيس شهرة"
3137,"اللي معي بالفيس اخوان و أخوات مع النشاما نقضي الليل سهرة"
3138,"حنا الحوارنة لنا كرامة وعادات الله خلق الطيب بالعرب عامة وبالحوارنة خاصة فطرة"
3139,"و القصد يعلمه علام السموات عساك تأخذ من هل العرف عبرة"
3140,"شبنه يعني أغلقه بإحكام"
3141,"شبنه بعض الناس تعني مو عاجبينك"
3142,"شملة تعني المنديل"
3143,"الشبنه إغلاق الباب بشيء من جنزير مثلا أو غيره"
3144,"و الشملة أي غطاء يوضع على الكتف"
3145,"فعل شَقَّح يلي يستخدم باللهجة الحورانية لوصف تقطيع البطيخة هو فعل عربي قح ... ومعناه كسر .."
3146,"ثليثي يلي تستخدم في اللهجة الحورانية لوصف الرأس الكبير أيضاً كلمة عربية قح تصف الشيء إذا ما تمّت مضاعفته لثلاثة وهي تعبّر عن كبر حجم الرأس"
3147,"وكلمة قوماني أيضاً المستخدمة في اللهجة الحورانية هي كلمة عربية قح معناها الاستفتاح والاستعجاب"
3148,"جُغمة بضم الجيم كلمة من اللهجة الحورانية كلمة عربية فصيحة ، وهي تعني رشفة أي شرب القليل من الماء أو مشروب ما"
3149,"نقول مثلا : اسقني جغمة ماء فعلها يجغم الأمر منها : اجغم"
3150,"عليش : عليك"
3151,"منشِ : منكِ"
3152,"بيشِ : بكِ"
3153,"قال قيس بن الملوّح ) مجنون ليلى ( :"
3154,"فعيناش عيناها و لونشِ لونها ... ولكن عظم الساق منشِ دقيق"
3155,"أنشدنا ابن الأعرابي وقال :"
3156,"عليَّ فيما أبتغي أبغيش .... بيضاء ترضيني ولا ترضيش"
3157,"إذا دنوت جَعَلت تدنيشِ .... و إن نئيت جَعَلت تنئيش"
3158,"يستخدم أهل حوران من لهجة أهل نجد إسناد الفعل إلى نون النسوة مثل قولهم : راحن ، قامن ، مشن"
3159,"و يقولون لجماعة الذكور : امشو ارمو وللمفرد : امشي ارمي ولجماعة النساء امشن ارمن"
3160,"هذاك ، هذيك : أسماء الإشارة للمفرد"
3161,"هذولا : هؤلاء"
3162,"انطي : اعطي"
3163,"أرضايات : جمع أرض"
3164,"هوايات : جمع هواء"
3165,"ميات : جمع ماء"
3166,"تعلم اللهجة الحورانية وما رح تتعلم لو تفطس ، تفطس يعني تموت"
3167,"هاظا : هذا"
3168,"هظهيه : هذه"
3169,"هظاك هوا : هذاك هوا"
3170,"هظهو : هذا هوا"
3171,"هظهم : هاهما"
3172,"وينو : أين هو"
3173,"وين حطيتو : أين وضعته"
3174,"لقيتو : لقد وجدته"
3175,"قرب جاي : اقترب مني"
3176,"بعد غاد : ابتعد قليلا في هذا الاتجاه"
3177,"وخر غاد : ارجع قليلا إلى الخلف"
3178,"هييته ناولني إياها : اعطني ذلك الشيء"
3179,"سولافه : حديث أو قصة"
3180,"سكر فجك أو باجوقك : اخرس أو أغلق فمك"
3181,"جافيني شرك : ارحل واحمل الشر معاك"
3182,"بلا لعلعة و لعمظة : كثير الكلام"
3183,"انجخم : اصمت و بدون حركة"
3184,"اخنب : النطق وإخراج الصوت من الأنف"
3185,"شتفاوي : الشخص الذي يستخدم يده اليسرى"
3186,"مكرسح : مشلول شلل"
3187,"عنقور : أعلى الرقبة"
3188,"اشرم : شق أو جرح قديم في الشفايف"
3189,"اثرم : فقدان الأسنان الأمامية"
3190,"ترعه : سقوط الحجارة من السياج أو الحائط"
3191,"بيدر : قطعة أرض نظيفة يجمع فيها القش"
3192,"باجي بكسر حناجك : تهديد بضرب مبرح على الوجه"
3193,"ما بدي اتلقط خطيتك : عدم الرغبة في حمل الذنب و الضرر في اتجاه شخص ما"
3194,"بهر سنانك : فقدان الأسنان عند الضرب"
3195,"مقلعط : قذر شديد الوساخة"
3196,"كباش : شعر طويل مجعد غير جميل"
3197,"شدوق : خدود أو جوانب الفم"
3198,"جويده أو جويد : جميلة"
3199,"عواذيق عقصة : سالف الشعر الظاهر من تحت الحجاب"
3200,"بلا جقم : منطق أعوج غير مستقيم"
3201,"لدن لهد : قليل الحركة ممل كسول"
3202,"عونطجي : مشاكس"
3203,"جاميليك يجمي : كتمان السر والحيلة بل الخداع"
3204,"متلبد أو لابد : الاختفاء خلف حجر أو حائط"
3205,"نطل أو منطل أو ينطل : هطول أو تسرب سائل مائي"
3206,"شرشر أو مشرشر أو بتشرشر : تسرب سائل دون علم"
3207,"سرتفيكه : شهادة السادس الابتدائي"
3208,"تتن : سجائر دخان"
3209,"يلعن دفه يللي خلفك : لعن وسب وشتم حيث دفه : عظام الصدري القفص الصدري"
3210,"كذه : كلمة تقال عند طرد كلب مثال : كذه يلعن أبو اللي ضابك"
3211,"ضابك : مربي معتني بل حيوان"
3212,"يلوح ، يشوح : إشارة من خلال اليد من بعد"
3213,"نمليه : ثلاجة بدائية الصنع من الخشب"
3214,"طنجيرة ، تنح : عنيد"
3215,"أخوث : أهبل"
3216,"لا تجحر : نظرة غضب ثاقبة"
3217,"اسع بورجيك : سترى ما سيحصل فيك"
3218,"قاروط العزه : الطفل الذي خلق بنفس يوم وفاة والده"
3219,"مباطحة : مصارعة على الأرض"
3220,"مردغة ، تعفير : مصارعة على التراب"
3221,"هواه : ضربه ضربة قاتلة سريعة"
3222,"شلوط : ظربه من القدم مثل الصاروخ"
3223,"جف : صفعه على الوجه"
3224,"دماج : ضربة قوية على الظهر"
3225,"دلبوش : حجر متوسط الحجم يستخدم في العنف"
3226,"جمشه : حجر صغير الحجم دائري يستخدم في العنف"
3227,"قطاعيه أو حنت : حجر مستطيل الشكل"
3228,"شقفه : قطعة من الحجر أثناء التكسير بل مطرقه"
3229,"مهده ، كزمه : مطرقة كبيرة وثقيلة الوزن"
3230,"مراجده : قتال بواسطة الحجارة"
3231,"انسف نسف : ضرب قوي عنيف"
3232,"البدو لبد أو هبدو هبد : المزيد من الضرب"
3233,"ورمو توريم : أورام في جميع أنحاء الجسم"
3234,"ارفش ابطنو : رفس من خلال الأقدام في البطن"
3235,"قدفو دم : التقيء من خلال الضرب"
3236,"كرسحو تكرسح : ضرب مبرح على الساق"
3237,"اكسحو كسح : فوز عليه أو فائز"
3238,"دحبورة لأو دعبولة : جسم دائري أو كروي"
3238,"دحبورة أو دعبولة : جسم دائري أو كروي"
3239,"طفاحيج : أقدام مقاس كبيرة جدا"
3240,"طح أو كرش : بطن"
3241,"اجرت ، املط : الرجل الذي لا يمتلك الشارب و اللحية"
3242,"اقبز ، قزعور ، زقده : رجل قصير القامة والحجم"
3243,"هامل ، داشر ، صايع : رجل لا يمتلك وظيفة أو عمل"
3244,"اشتر : رجل يمتلك عقل شديد الانحراف"
3245,"يعقد اركبك : عدم القدرة على السير بل أقدام"
3246,"حايم : شديد الدوران و البحث"
3247,"احدر أو حدر : انزل"
3248,"حول نقيل : جلوس و ستراحة تحت ظل الشجرة"
3249,"نقيل : استراحة أو قيلولة في الظل"
3250,"فيقني أو قيظني : الصحو والتنبيه من النوم"
3251,"سريت سروه بجير بدري : الانطلاق في الصباح الباكر"
3252,"نيالنا أو هنيالنا : كلمة تقال عند شدة الاهتمام"
3253,"الريق : لعاب الفم بعد شرب الماء قبل لا مستحيل"
3254,"برزه : خيمة أو غرفة العريس أثناء الدخلة"
3255,"ترويقه أو صبوح : الفطور الصباحي"
3256,"مصرمه : انسداد ثقب حلقة الأذن"
3257,"نفيخة : بالون"
3258,"حجله : لعبة شعبية للبنات"
3259,"فطبول : كرة القدم"
3260,"خبايه ، غمايه ، طره : لعبة شعبية للأولاد"
3261,"وحد وااه : لعبة شعبية للأولاد سقلة هذيك الأيام"
3262,"سقله : الرجوع إلى الذاكرة"
3263,"كريزه : لعبة شعبية للأولاد عبارة عند عجلة من الحديد من الدراجة الهوائية"
3264,"بسكليته : دراجة هوائية"
3265,"مازات دحاحل : لعبة شعبية للأولاد من الكرات الزجاجية"
3266,"نقفه ، كرنب : نوع من أنواع لعبة الدحاحل"
3267,"مكشة : مكنسة من القش"
3268,"جخيخة : بنت في سن الزواج مؤدبة و جميلة"
3269,"شنبر شرش عصبه دامر : لباس الزي الحوراني للنساء"
3270,"شطفه : طريقة من طرق لبس الحجاب"
3271,"كدوم كدمه : بروز الأسنان والفم إلى الأمام"
3272,"شناف : قطعة ذهبية توضع على الأنف"
3273,"حواه : عبارة عن قطعة قماشية تضعها المرأة عند حمل شيء ثقيل على الراس"
3274,"زقم بوز : شفايف صغيرة ذات بروز للأمام"
3275,"دناق : دنيء النفس على الأكل"
3276,"مبطون ، فجعان ، مفجوع : ظهور علامات الجوع عليه يعني جوع قديم"
3277,"هباال : بخار"
3278,"غطيطه : طقس في حالة ظباب"
3279,"حوراه : طقس في حالة صقيع جدا وجليد"
3280,"سقعه : طقس بارد جدا صقيع"
3281,"اشته : مطر"
3282,"بردى : مطر من حبات البرد"
3283,"جانون : كانون"
3284,"جماقه : مستنقع من الطين والوحل"
3285,"نقعه : كمية ماء على الطريق"
3286,"غبص : السير في مستنقع من الوحل"
3287,"وطيه صرماية : حذاء بلاستيكي الصنع"
3288,"شحاطة : نعل حذاء صيفي"
3289,"كرحوشة : حذاء قديم ملتعن عرضو من الخدمة"
3290,"جونه : سلة قش ملونة عمل يدوي من التراث"
3291,"منسفه : طبق من القش ملون عمل يدوي من التراث"
3292,"منسف : طبق من المعدن كبير خاص للولائم و المناسبات"
3293,"شكوه : خلاط لبن نوع ) فلبس ( بدائي الصنع من جلد الماعز يستخدم في صناعة الزبدة و السمن"
3294,"برغل : قمح مجروش"
3295,"رفيعه : برغل ناعم"
3296,"مليحي : شوربة لبن"
3297,"قدر : وعاء كبير من المعدن للطبخ"
3298,"موقدة : موقد نار"
3299,"جله : وقود حيواني بدائي الصنع"
3300,"وقيد : نوع من أنواع الحطب و الأعشاب"
3301,"حشيش : أعشاب ضارة"
3302,"شوب : طقس حار شديد"
3303,"القيض : فصل الصيف والحر الشديد"
3304,"حصيده : حصاد الموسم الزراعي"
3305,"بعل : أرض لا يوجد فيها مصدر ماء"
3306,"بوره : قطعة أرض غير مزروعة"
3307,"وعر وعره : أرض مليئة بل حجاره و الحصه"
3308,"قهقور : 5 حجار صغيرة الحجم فوق بعض"
3309,"رجم صبور : كومة من الحجارة الكبيرة"
3310,"روقهة : بقعة صخرية على وجه الأرض"
3311,"تبن : قش القمح والشعير الناعم ويستخدم لأكل البهايم و الأبقار"
3312,"عور : قش خشن ) تبن ("
3313,"قصل : نوع من أنواع التبن والقش"
3314,"خيشه : كيس مقاس كبير من الخيش"
3315,"جنفيص : نوع من أنواع الخيش"
3316,"شرشور : يستخدم لحمل أكياس الحبوب وهو من المعدن الحاد"
3317,"تبان : مخزن قش ) تبن ("
3318,"خان : بيت البهائم"
3319,"خشه : غرفة صغيرة تستخدم للمونة قديما"
3320,"عجلة : بنت البقرة"
3321,"بجيرة : بنت البقرة في سن البلوغ"
3322,"ثور : ذكر البقر"
3323,"نعجه : أنثى الغنم"
3324,"كبش : ذكر الغنم"
3325,"خاروف : ابن الغنم"
3326,"عابوره : بنت الغنم"
3327,"وردي : خاروف في عمر 2 شهر وما فوق"
3328,"عنزة : أنثى الماعز"
3329,"تيس : ذكر الماعز"
3330,"جدي : ابن الماعز"
3331,"صخله : بنت الماعز"
3332,"ثنيه ثليثية رباعية : تحديد عمر للبهائم في عمر سنتين وما فوق"
3333,"بجرية : تقال عند أول ولادة"
3334,"كدانه : شيء ما يوضع على عنق الحمار أثناء الحراثة وهو من التراث"
3335,"جحش : كر ابن لحمار"
3336,"جحشة : كرة بنت لحمارة"
3337,"اقديش : نوع من أنواع الخيول"
3338,"نغل : نوع من أنواع الخيول الأب حصان والأم حمار"
3339,"لجام أو رشم رسن : سلاسل معدنية وحبال تستخدم في ربط الخيل"
3340,"سجه أو وتد : قضيب من المعدن بحلقة تربط فيه البهائم"
3341,"اعتلي اعتليها : الركوب على أعلى ظهر الخيل"
3342,"قرقة : الدجاجة أثناء احتضان البيض"
3343,"صوص : ابن الديك و الدجاجة"
3344,"زغلول زغاليل : فراخ الحمام"
3345,"فرخة : بنت الدجاجة في سن البلوغ و المراهقة"
3346,"خم ، قن : بيت الدجاج"
3347,"جورن : حجر مجوف يوضع فيه الماء للدجاج"
3348,"زرعيه : عصفور الدوري"
3349,"بليقي : عصفور أبو البلق"
3350,"سمنه : عصفور أبو السمن"
3351,"خضارية : عصفور الخضري"
3352,"حنينيه : عصفور أبو الحن"
3353,"طقطقة : عصفور الطقطق"
3354,"جعطون ، مطوان ، فري : عصافير الموسم الزراعي"
3355,"فخ أو فخه : مكان من المعدن لاصطياد الطيور و العصافير"
3356,"مقليعة : مقلاع شريطه من القاش يوضع فيها الحجر"
3357,"زتها : ادفعها أو اقذفها"
3358,"نقيفة : سلاح بدائي الصنع للقتال و الصيد"
3359,"منخل : شبك معدني ناعم"
3360,"شميمتو : اسمنت"
3361,"زعق : مالح جدا"
3362,"خرطوش ، فشك ، طلق : دخيرة صيد"
3363,"كلب سلوقي : كلب صيد"
3364,"ذيخ : ذكر السلوقي"
3365,"ذارية : أنثى السلوقي"
3366,"ترك : تركتور جرار زراعي"
3367,"مطرطر : معطل قديم الصنع"
3368,"مرطرط : هدل"
3369,"رخوه ، سايحة : ذوبان أو ارتخاء"
3370,"ممطوط أو ام مطمط : طويل"
3371,"مطعوج : مائل"
3372,"مرثع : عدم الاهتمام في اللباس"
3373,"مبرقع مزهور : متعدد الألوان"
3374,"اماعيين : ملابس"
3375,"مهيصجي ، مهيصة : عدم الاهتمام في العمل وتأخيره"
3376,"بقصدر أو قصدره : المشي في الهواء الطلق"
3377,"فحجه : خطوة كبيرة"
3378,"ردون أو ردن : أكمام القميص"
3379,"فروه ، بقدليه : لباس فضفاض مصنوع من فراء الخاروف يلبس في فصل الشتاء"
3380,"فجه ، جنابيه : بساط أو فرشة صغيرة رقيقه قديمة توضع جنب مدفئة الحطب"
3381,"عوينات ، كزالك : نظاره"
3382,"سكربينه : حذاء على الموظة"
3383,"كشه ، غرة : الشعر المنحدر على الجبهة"
3384,"حادره ، نزلهة : طريق منحدر من مرتفع"
3385,"جيت أودع مالي قلب ما تتكفكف دمعاتي"
3386,"جيت أودع مالي قلب شلون أودع خيّاتي"
3387,"ما لوم القلب ما لوم يلي بفرقتكم مالوم"
3388,"والليلة ضيفة يا هلي هاتو حنو دياتي"
3389,"هاتو الحنة و حنوني بالمحبة رشوني"
3390,"يا ميمة يا حنونة عندك خبي غريضاتي"
3391,"جيت أودع مالي قلب ما تكفكف دمعاتي"
3392,"و بخاطر كل الجيرة ربوني واني صغيرة و جيرتهم أحلى جيرة و هاتي يا عيني هاتي"
3393,"هاذي بلاادي موطن رجاال حوران"
3394,"ذرعات باسمها وصيتها يرفع الراس"
3395,"و رجالها صلفين في يوم الأكوان و يعذو الرحيل رفعة الشاان"
3396,"نمشي على النيات و قلوبنا بيض"
3397,"و ربي على حسن النوايا رزقنا"
3398,"ما نخلف النية ولا نحمل الغيض ولا نخضع إلا لله اللي خلقنا"
3399,"حوران الغالية أم الحجار السود ’’’’’ و يا ترابك الحنون شبيه الحنة"
3400,"ما خلق مثلك بلد الرب المعبود ’’’’’ يا تاج البلدان يا قطعة من الجنّة"
3401,"أعيذك بكلمات ربي التامة من كل حسود ’’’’’’ يا دوا القلب و دوا كلمن تعنّى"
3402,"قضاضة أبو مازن يا عود النخل متدلي .. يومن تشوفك عيني .. كل الهموم تولي"
3403,"ب الهجيني و بهالجمعة كان للفرح نكهة خاصة"
3404,"كانو يفزعو لبعض بالأفراح و المناسبات"
3405,"على دعج مليحي و على كبكبة كباب"
3406,"الفرح كان من قلب"
3407,"و لما الناس تفرح كانت تفرح من قلب مش مجاملة ولا تمسيح جوخ"
3408,"البخيل متل الكديش بيحمل ذهب و بيوكل حشيش"
3409,"خايف هزك يا غربالي يوقع منك كل عزيز و غالي"
3410,"اللي بيعاتب الرخيص بيرخص"
3411,"اللي بقلبي علساني واللي مش عاجبه ينساني"
3412,"مش كل ورد خلق للشم ولا كل البشر بتنفدى بالدم"
3413,"نامو عندي ليلة فكروا حالهم من العيلة"
3414,"الله يخلينا بعقولنا لوقت نوصل لقبورنا"
3415,"اشكي لربك و نام ولا تشكي لبني آدم و تتهان"
3416,"الدنيا بالضيق بتفرجيك مين ببيعك ومين بيشتريك"
3417,"عقب السلام حبيت أوخذ من عيونك مرحبا"
3418,"سلميلي على البيادر و الزروع ... سلميلي على المصطبة ... سلميلي على كل شي هناك"
3419,"مشتاقلك يا زهوة الفرسان مشتاقلك يا محنّية العرسان"
3420,"هيج كانن يجمعن النسوان حالن و يهجنن بكل مناسبة سواء عزيمة أو عرس"
3421,"من الصبح للعصر واحنا سرينا من الصبح للعصر"
3422,"من طيبات الأصل واحنا خذينا و طيبات الأصل"
3423,"و ليلتين و يوم واحنا مشينا ليلتين و يوم"
3424,"وقت الكباب سكروا الباب ووقت المجدرة نادو للمعثرة"
3425,"ابن آدم نصو خلقة ونصو خرقة و يلي ما بتزينو عروقو ما بتزينو خروقو"
3426,"خدي الفارس ولا تاخدي الدراس"
3427,"قالتلها يا جارة صبيلي من طبيخك ردت عليها بكفوفي ولا بصحونك اللي على رفوفي"
3428,"خليكي عند أهلك عزيزة و شبعي دلال صح كثار الشوارب بس قليلين الرجال"
3429,"بعض البنات قبل ما تركب لأذانها حلق تروح تركب لثمها غلق"
3430,"المرأة مالها غير صحتها لا رجال بيشفع ولا أولاد بتنفع"
3431,"النذل يلي متعود على الهمالة ما بتناسبو بنت الشرف والشهامة"
3432,"أحياناً لما كنا أطفال جميلين مهذبين كان الواحد يروح عدار جدو .. وأغلب الوقت يكونو يصلّو"
3433,"وانت لما تعمل أي صوت أو حركة يعلي صوتو جدك لما يقول الله أكبر وإذا ما صار تجاوب يمطها وتكون المطة و درجة الصوت بحسب الفعل تبعك اذا كان بيهدد الأمن القومي أو لا ، مثل انك تكون مقرب عبريق الشاي او دلة القهوة كتعبير عن امتعاضو و انزعاجو من أي فعل تقوم به"
3434,"فكنت أنت تتجاوب معو و تصمت او ترجع تقعد مكانك وهو بيكون ردعك بدون ما يقطع صلاتو"
3435,"بس إني مرة رحت مع صاحبي كانت باعثيتو أمو عدار جدو يجبلها روبة وكانت جدتو تصلي وفتنا بكل أدب وهدوء وما عملنا أي حركة ولا أي صوت ..."
3436,"بس صارت جدتو تقول الله أكبر بلحن مختلف شوي عن المعتاد .. قلتلو شو بدها جدتك قلي بربيش المي بدو تغيير عشجرة ثانية"
3437,"هبده ... أي ضربه بشيء ثقيل على رأسه ولكن من أعلى"
3438,"بتلبدله .... أي بتخمع أو لاطيله مشان يطلعله عبو غفلة"
3439,"مزوزك ... أي مطقمش وحلو أي مهندز"
3440,"احدر .... أي طيّح أو نزل"
3441,"اتمرقطوه ... أي اتعربشوه و لحقوه و تستخدم في الغالب لمن يتمرقطه كلب"
3442,"اجدي ... أي اقعد على ركبك نص قعدة"
3443,"الخايس ... بمعنى الشيسمو و الهاظ"
3444,"اعزق ... أي ارمي"
3445,"سولافه ... أي قصة قصيرة قد تمتد طوال الليل"
3446,"تعليله ... تعني دبكة و عرس آخر يومين وأحيانا سهرة عند الرفاق"
3447,"الجيعة ... بئر صغيرة الحجم تشرب منه كل الحارة"
3448,"حاووز ... خزان ماء"
3449,"كلاجية ... أي خشة من الزينكو"
3450,"خشة .... بناء صغيرة متعدد الأغراض"
3451,"خم ... بناء صغير يستخدم لتربية الجاج البلدي"
3452,"سطل ... تستخدم كناية عن الوعاء وخصوصا التنكة التي يربى بيها الحمام"
3453,"جخه ... أي ممتاز و مليح ومنها أنواع على لوز وعلى فستق حلبي"
3454,"لكع .... أي شخص خدر و لبد و متكاسل"
3455,"خام .... تقال للشخص السيء"
3456,"اندحر .... بمعنى زيح أو دور هيك"
3457,"مزيون .... بمعنى لايق ومليح جماليا"
3458,"لايق .... متناسق و كويس و ابن ناس"
3459,"سحرة ... أرض مزروعة بالمزروعات الصيفية دون ري"
3460,"حوش ... مساحة من الأرض حويلي الدار"
3461,"حمامية ... صحن مقعر كبير بمعنى زبدية وكان يستخدم للسمن"
3462,"كوارة ... جزء مهم في البيت يستخدم لخزن الحبوب مثل الصومعه"
3463,"غوله ... وحش خرافي أنثى شعرها منكوش مليان قمل يستخدم في قصص ما قبل النوم هو و حديدان لتنويم الولاد"
3464,"قومانا .... تستخدم للاستهجان و الاستغراب مع التمسخر على شيء لم يكن يحسب حسابه"
3465,"لوما ... بمعنى لولا"
3466,"فغم ... طريقة لأكل البندورة والبطيخ بالقضم بكامل الفم والحبة صامدة"
3467,"نبطه .... أي ضربه أو ملأه إلى الباب مثل لا قوي لا تنبط أي لا تأكل كثيرا"
3468,"اذرب ... فعل الأمر من ضرب"
3469,"حيّد ... أي زيح أو تجنب"
3470,"دبية .... وعاء كبير من الألمنيوم وبالجديد من البلاستيك يعبأ بها الحليب"
3471,"لوح ... تقال للشخص الشقفة وحدة ما بفهم"
3472,"قُطمة ... خبزة بمعنى ريحة و ريحة : تقال للشيء القليل مثل تاولني ريحة ميه"
3472,"قُطمة ... خبزة بمعنى ريحة و ريحة : تقال للشيء القليل مثل ناولني ريحة ميه"
3473,"اصطهج ... أي انبسط"
3474,"طريقة العمليه أو الكروزة ... أي الطريق الرئيسي"
3475,"مرحبا .... تقال بعد صفنة ربع ساعة بصباح اللي قبالك بعدين ترفع إيديك و بتقوله مرحبا"
3476,"مسا الخير .... يعني الدنيا مسا الله يمسيك بالخير و تقال بعد جدال طويل دون نتيجة"
3477,"صلاحية .... و هي الشربة التي تستخدم للماء"
3478,"صفاه .... أي صخرة ميت واحد ما بزحزحوها كقولهم : مثل القرد اللي قاعد على صفاه"
3479,"دبشه ..... حجر أصغر من القلعة يستخدم في الهوشات"
3480,"قلعة ... حجر متوسط الحجم بزحزحها واحد أو اثنين"
3481,"لقن ... أي طشط أو طشت و يستخدم للاستحمام"
3482,"تتن .... دخان عادة ما يكون من نوع هيشه سوبر و تتلي غير معبأ في علب"
3483,"تذرايه ..... أي رمي القمح بالهواء منشان ينفصل الحب عن القش"
3484,"رجادة .... نقل المحصول من الحقل إلى البيدر على الجمال و الحمير"
3485,"اتفطن ... يعني اتذكر"
3486,"ببور .... غاز يعمل على الكاز يعني غاز بس بعين وحدة"
3487,"لهده .... أي اقرفوه و أوجع قلبه و علّه"
3488,"هُبال .... بخار كثيف يخرج من الطبخة"
3489,"نقب ... إزالة أطراف بعض الثمار متل البامية"
3490,"هبرو .... أي لعن سلسفيل أهله قد ما ضربو"
3491,"حاش أو نبو .... تكتيك يستخدم في صيد البليقيات و جرها إلى الفخة"
3492,"طاقة .... فتحة بالحيط عالية المستوى ، نافذه صغيرة"
3493,"جبع .... أي جمع الشيء على بعضه دون ترتيب"
3494,"انتلى .... اتعبى"
3495,"قزعر أو قحز .... تقال للشخص الذي حبته قليله"
3496,"شاروط ... أي طويل و تقال طول الشاروط للشخص الطويل"
3497,"عزة ... لفظة استهجان و يكثر استخدامها من قبل النسوان"
3498,"يا ميمتي .... يعني يامه يا محمد هات الشيسمو وحطوه جنب هاظ"
3499,"دوشره .. يعني سبهلله أو يعني الشغلة دوشرة أو سايبة"
3500,"اجقم ... صاحب منطق أعوج"
3501,"امشخمن ... تقال للشخص الناقص أو للخضرة الفاسدة"
3502,"بطيخ امبسمر .... تقال عند القرف من سيرة شيء ما و الغضب منه مثلا بلا حب بلا بطيخ امبسمر"
3503,"جعابير .... فقوس متجعبر اتجعبر"
3504,"حروش ... ابن عم الجعابير وفي رواية أخرى شمام"
3505,"مزطت ... أي فلتت"
3506,"زقم ... كناية عن الوجه ولكن بطريقة اشمئزاز يعني طل شوف كيف هل الزقم اللي عليه تقول تنكة"
3507,"قيافة .... وهي توضيح هيئة الشخص والتقييف تزبيط الملابس لتناسب حجم الشخص"
3508,"سحنه .... أيضا وصف للهيئة و تستخدم في حالات المسخرة"
3509,"لخمة ... أي دوشه أو بمعنى صفعة مثل لخمة اللي تلخمك"
3510,"داشر ..... هامل طول نهاره داير بالشوارع"
3511,"اتخيب ..... يعني انقلع أو اقلب وجهك"
3512,"اتجهنم ..... أي بمعنى انقلع أو انطمر"
3513,"انعثر غاد ..... يعني ابعد عني أو حل عن صباحي و غاد لحالها تعني هناك زي لما يقولوا روح اقف غاد يعني روح اقف هناك مع التأشير باليد طبعا على هناك"
3514,"لعمظجي .... يعني بحكي كثير أو بسولف كثر ثرثار"
3515,"وقّادية .... هي عبارة عن فرن صناعة يدوية لعمل الخبز و تصنع من مادة تتكون من الطين و الماء والشعير المخلوط"
3516,"الطابون .... فرن لخبز المهايد ) خبز المهيدة ("
3517,"مزغمت ... أداة رأسها حاد يعني حجر مزغمت يعني مدبب كيف ما صاب بفشخ"
3518,"بفشخ .... يعني جرح في الراس"
3519,"تَرّح ... أي امسك كويس أو قربط"
3520,"مقولات و كلمات ديرية في متعلقات الطفل : سرير عبارة دراجة خشخاشة رضاعة مصاصة ديارة قماط مرولة كَبع"
3521,"مقولات و كلمات ديرية في وصف الخضراوات و الفواكه :"
3522,"تفاحة امبطخة"
3523,"رمانة متشرنة"
3524,"كوسا خدرانة"
3525,"بيضنجان شبعان مي"
3526,"جارنكة امغمغمة"
3527,"بندورة مخوسة"
3528,"بصل امطوط"
3529,"فجل امفشفش"
3530,"عنب مقزقز"
3531,"دبشي مبسمر"
3532,"بطيخ عسل"
3533,"بطاطا مزرعة"
3534,"برتقان مزي"
3535,"فليفلة زنابير"
3536,"موز ممعوس"
3537,"مقولات وكلمات ديرية بالمضطجع : مجلوخ مبسدل مرتجي مبطوح مجسع منجضع مفلكح مرجود"
3538,"عندما تسير في شوارع أماكن نزوح أهلنا الديريين و تشاهد امرأة تمسك بخرطوم الماء و تشطف الرصيف فاعرف أنها على الأغلب ديرية أصيلة"
3539,"وهذه عادة أهل الدير في تنظيف الشوارع و الدربات و الأرصفة كلما توفرت المياه"
3540,"و يعرف أهلنا بالدير أن مدخل المنزل يعطي فكرة عن نظافة داخل المنزل ويصل الأمر أن تخرب خطبة عروس أو يمتنعوا عن خطبة فتاة مدخل بيت أهلا وسخ"
3541,"فالنظافة في دمهم بشكل عام في كل المناحي بلباسهم و بيوتهم و أولادهم و طعامهم و شرابهم"
3542,"سقف الحبس خشبتين"
3543,"أنا اسفي و أمي تسفي"
3544,"خمش خميس خمس خمشات"
3545,"طلعت الشمس و استطلامطلست و تناطحت الغزلان و استتمايتست"
3546,"اشترى خميس بخمسة قروش خمس خسات"
3547,"مقولات و كلمات ديرية في جمال وصف المرأة :"
3548,"نقطة بمصحف"
3549,"قمر أربعطش"
3550,"تشعل شعل"
3551,"صاغها الصايغ و انكسر كورو"
3552,صورة
3553,"مابيها لولا"
3554,"تضوي ضوي"
3555,مخرطة
3556,"معجونة بميت الورد"
3557,"تهبل هبل"
3558,"مقولات وكلمات ديرية في التأثر و الانزعاج :"
3559,مقهور
3560,مزعوج
3561,"يجمد بكلبه"
3562,"كَلبه يغلي"
3563,"يطلع من صدره دخان"
3564,"مفتوتة جبدته"
3565,"ما يورى زعله"
3566,"شكون أو إشكون : وتعني أي شيء يكون"
3567,"اشكارك : أنت مالك دخل"
3568,"شجابك : عليش جيت"
3569,"اشقلت : ماذا تقول"
3570,"اشدخلك : ما هي علاقتك بالموضوع"
3571,"لا تشك حالك : لا تتدخل أو لا تحشر حالك"
3572,"صم اثمك : اسكت"
3573,"انلصم : اخرس"
3574,"تسطفل : أنت حر"
3575,"يازي : يكفي"
3576,"مقولات و كلمات ديرية تراثية في وسائط النقل : كروان حنتور بوسطة سمتية طرطورة مطور"
3577,"ريكب بسكليت"
3578,"معبي الكميون"
3579,"مقولات و كلمات ديرية في محبة الأكل ... الأكولة : دراخة لفاشة"
3580,"تاكل الحوار وهو حار"
3581,"تاكلني و أنا طيبة"
3582,"مثل البسة تاكل حقتين يزينونها تطلع حقتين"
3583,"أم بنجات"
3584,"صايرة هالعلاتها من اللفش"
3585,"تاكل حام حيم"
3586,"بطنها أغلى من أهلها"
3587,عزيمة
3588,"مو مخلي أحد مو عيزمه"
3589,"صينيتو من هون لا غاد"
3590,"قد العزيمة"
3591,"مو مخلي شغلة مو حيطها"
3592,"خرج الواحد ياكل عندو"
3593,"ذبحلهم ذبيحة"
3594,"كل جمعة يعزم ربعو"
3595,"مقولات وكلمات ديرية على طريقة الأكل السيئة :"
3596,"يكحف كحف"
3597,"يمرطس تمرطس"
3598,"يجغم جغم"
3599,"يلحف لحف"
3600,مجوي
3601,"تاكل مدكَ"
3602,"محل ما يسري يهري"
3603,"تاكل سم و طاعون"
3604,"مقولات وكلمات ديرية في عيوب الطبخ :"
3605,"طبختها جيهطتها مركّة"
3606,"تيربتها ملح"
3607,"طايفة دسم"
3608,"محشيها يا رزو يقرط يا مخبوص"
3609,"ديرخة البامية درخ"
3610,"برغلها ناشف بحيل"
3611,"الراس كييز"
3612,"كاتوها مو نيفش"
3613,"الفصوليا الحب نيية"
3614,"حيرقة اللحمة"
3615,"رزها مرزرز"
3616,"مقولات و كلمات الديرية في طريقة الشراء"
3617,"ينقي نقاوة"
3618,"يدغث دغث"
3619,يقشوول
3620,يقشقش
3621,يبيزر
3622,"ينشف كَلب البياع"
3623,"ما يعرف يشتري"
3624,"يخرب الرزق"
3625,"يطفر البياع"
3626,"من عزل شال"
3627,"عل الخماخم"
3628,"يدور السوق عشر مرات تايشتري شدة بقدونس"
3629,"الاعتقاد بالخرز في وادي الفرات"
3630,"خرزة الجحش : تؤخذ من فك حمار فاطس ، تمكن حاملتها من سوق زوجها"
3631,"خرزة الهدهد : عظمة من طير الهدهد ، رقيتها ) يا هدهد حوالي البيت لا تبعد ("
3632,"خرزة السلوى : بحجم حبة الزيتون المتوسطة . لونها إسود على خضار . تسلى الرجل عندو أمه و أبيه ، رقيتها ) سلوى سلاك عن أمك و أباك ("
3633,"الرببشة : خرزة سوداء و بيضاء مرقطة بحجم نواة الزيتون تعز صاحبها"
3634,"ربشة تقعد على الفرشة : أي تبقى على فرشتها مدللة"
3635,"خرزة الفاس : بشكل الفاس ، يصاغ عليها الذهب و تعلق بكَذل شعر المرأة رقيتها ) فاس تضع صاحبتها على الراس ( أي على رأس زوجها"
3636,"خرزة الحليب : بيضاء بحجم حبة الزيتون ، تعلق برقبة الولد إذا كان يرعف لإيقاف الرعاف وقد توضع فوق النزف الخفيف فيخف أي يتوقف النزف"
3637,"خرزة مقبل : سوداء بحجم حبة الفاصولياء لمقابلة ذوي الشأن و الحكام"
3638,"خرزة الخافق : مدورة مقعرة وسطها أبيض و أطرافها طحينية اللون ضد خفقان القلب الزائد"
3639,"خرزة الكيرب : كيرب ) صموغ طبيعية من الأشجار مدفونة في الأرض من آلاف السنين ( البرتقالي لمداواة الصفار الذي يصيب الأولاد و النساء"
3640,"خرزة الصرصور : تؤخذ من عظم برأس الحمار . رقيتها ) صرصور شايلتها ما تبور ("
3641,"خرزة السلطانية : تجعل المرأة سلطانة على زوجها"
3642,"خرزة الحظ : مثلثة الشكل ذات خطوط سوداء صفراء ، يزعمون أنها وجدت لشخص معين وأنها تنطق باسمه ، ترشد صاحبها إلى ما ينبغي أن يفعله والحصول عليها ثروة لا تعدلها ثروة"
3643,"خرزة السملك : بيضاء مشوبة بسواد ، تمتلك الزوجة بها زوجها رقيتها ) سمولك غيري ما يملك ("
3644,"خرزة الهنا : حمراء تضمن طاعة الزوج لزوجته"
3645,"خرزة الحية : مرقطة ، تزعم أن الحيات تفرزها أثناء صراعها مع بعضها بعض لجعل الزوج يخاف زوجته"
3646,"كما يعلقون الخرز الأزرق في كل مكان يخافون عليه لدرء إصابة العين الحسودة"
3647,"من الألعاب الشعبية الديرية """" دجة رمضان """" لعبة للأولاد من الثامنة فما فوق"
3648,"قبل شهر رمضان بيومين أو ثلاثة يجتمع أولاد عدد من بيوت الشارع و يقررون بناء دجة رمضان ليتناولوا عليها طعام إفطار رمضان . ويحضرون الحجارة والطين والتراب ويقوم أمهرهم بالعمارة : ) المعمر ( بالبناء و يساعده بقية الأولاد ترتفع الدجة بارتفاع 45سم وعرضها 70 سم وبعدها يطينون سطحها و يتركونها لتجف حتى أول أيام رمضان وعندها قبيل الإفطار كل واحد منهم يحضر صحنا من طعام عائلته كما يحضرون الطعام والشراب"
3649,"فإذا سمعوا صوت طوب رمضان بدأوا إفطارهم . وأخذوا ينشدون ترنيمة الآذان : ياوذان موذن يا طبيخ مكدن يا كعيكة رمضان قوم استعجل عل وذان حوقها و طوقها خذلك بيضة و طقها"
3650,"مقولات وكلمات ديرية في الكذاب بمناسبة الأول من نيسان : جذاب زماط ملاص إيهف يجزخ يقص جوايز يملخ يمللح"
3651,"أمثال ديرية في نهاية العمر :"
3652,"فلان غابت أيامه"
3653,"مثل تيلي النهار"
3654,"رجل بالقبر و رجل بالدنيا"
3655,"على حفة قبره"
3656,"طاح الشيب والعمر انقضى"
3657,"الموت ما عنو فوت"
3658,"مقولات وكلمات ديرية في الظهر :"
3659,"ايدو ما تناط ظهرو"
3660,"ظهرو مقروف"
3661,"لا بطنو ولا بظهرو"
3662,"عليكم حنيت ظهري"
3663,"يحجي بظهرو"
3664,"ظهرو محني"
3665,"بطنو لازقة بظهرو من الجوع"
3666,"شييلا ابنها على ظهرها"
3667,"مقولات وكلمات ديرية في أسماء بعض الألعاب الشعبية الديرية"
3668,"عل الأميرة الأميرة - أجرد إيجد"
3669,"حمصة زبيبة - شكام"
3670,"بمو - ضايع - غماية"
3671,"بربقة - دبشية ) ألعاب ماء ("
3672,"منو على الدايرة"
3673,"مقولات وكلمات ديرية في من ضيع كل شي :"
3674,"راح الأولى و التيلى"
3675,"صفا عل الحديدة"
3676,"ما ظل عونة غير الله"
3677,"صار عل مروة الناس"
3678,انكسر
3679,فللس
3680,"معد يحتكم على شي"
3681,"ضيع مالو كلو"
3682,"لا ولد ولا تلد"
3683,"يعينو الله"
3684,"مقولات وكلمات ديرية في حركات الحيوانات"
3685,"تفر الحمامة"
3686,"ايخر النسر"
3687,"يملط الذيب"
3688,"ايعنفص الكر"
3689,"يهنجل الحصان"
3690,"تزرك الحية"
3691,"يثغي الخاروف"
3692,"مقولات وكلمات ديرية في من لبس واستعد لمناسبة :"
3693,اتبزنكَ
3694,"صقل حالو"
3695,جخ
3696,"لممع حالو"
3697,"بويا قندرتو"
3698,"عطعط حالو"
3699,"سببل شعرو"
3700,"نشا قميصو"
3701,"مقولات وكلمات ديرية في ردات الفعل"
3702,"هذا البقانا"
3703,"هذا الناقصنا"
3704,عوزكم
3705,"هاي التريدونها"
3706,عززا
3707,"هاي عاد سالفة"
3708,"ما ظل غير هاي"
3709,"كششت بدنا بهالحجي"
3710,"هاي مي سمعة"
3711,"عطل بطل"
3712,"يووووووم يا حنونة يووووووم"
3713,"أمي الله يرحمجي و يجعل الجنة مثواجي"
3714,"يوووم صحيح ما اتذكر شقد اتعبتي واحنا بحضنجي شايلتنا بس شفناها مع ويلادنا و امهم"
3715,"يووم ما ننسى شقد طعميتينا و شقد قديتنا و مشيتينا معاجي وشقد لبستينا و غسلتينا وشقد حسستينا من النوم وشقد وشقد داريتينا"
3716,"يووم ما ننسى جعجعتنا الزغيرة عل التنور .... يووم ما أنسى كليجايتي اللي تعملينها مثل اللعبة و تشوينها إللي"
3717,"يووم ما أنسى شقد تفرحين لما ننجح بالمدرسة وشقد تتفاخرين بينا"
3718,"يووم ما ننساجي والله كلما تمرض نتذكرجي و ناديجي وكلما ننقهر وكلما ننظلم نصيح وينجي يا أمي يول وينجي"
3719,"يووم حتى أمنا الثانية الدير راحت وما ظلت هيا الأولية الحنونة صارت موحشة وباردة و تخوف"
3720,"يووم كل عام وكل الأمهات الحنونات بألف خير"
3721,"مقولات وكلمات ديرية في مونة الجبن"
3722,"قرص جبن"
3723,"جبن ظهرة"
3724,"يشخل مي"
3725,"مقطع فرض"
3726,"تغلي جبن"
3727,"تشلل جبن"
3728,ناشف
3729,امفشفش
3730,"امحمض و متشتش"
3731,"املح بملح عديد"
3732,"حطوله مستكة و حبة سودا"
3733,"جبسوه بتنكة و لحموها عند التنكجي"
3734,"مقولات وكلمات ديرية في الماضي"
3735,أولي
3736,"من زمان"
3737,"من حفرت الفراه"
3738,"من جم سنا"
3739,"من سنيات"
3740,"محد يعرف إيمت صارت هالشغلة"
3741,"سنة الجوع"
3742,"سنة الفيضة"
3743,"مقولات وكلمات ديرية فيما تفعله الأم لصغيرها : تهششو تناغيه تهديلو تطبطبلو تقمطو تحللو ترضعو تغسلو تلبسسو اطعميه تهزو تنومو"
3744,"تشيلو على إيدها"
3745,"مقولات وكلمات ديرية في طريقة الأكل"
3746,"ينتش تفاحة"
3747,"يمرش برتقانة"
3748,"يقرط جزرة"
3749,"يقرش بزر"
3750,"يلحف ثرود"
3751,"يصرط مصران"
3752,"يمصمص عظام"
3753,"يعرتش لحم"
3754,"يشفط مركَة"
3755,"يزلوت أكل"
3756,"يزرنق مي"
3757,"مقولات وكلمات ديرية في عطاء و جزاء رب العالمين :"
3758,"ربك فتحها عليه من أوسع أبوابه"
3759,"اذا عطى دهش و إذا أخذ فتش"
3760,"حبالو طوال"
3761,"ربك بي ناس يخمرلها وناس يفطرلها"
3762,"ربك قالو خوذ"
3763,"راح الأول و التالي جزاة فعايله"
3764,"ربك ما يضييع مثقال ذرة"
3764,"ربك ما يضيع مثقال ذرة"
3765,"ما يروح شي عند رب العالمين"
3766,"الله فيتح عليه"
3767,"هو اليعطي وهو اليكفي"
3768,"عادة الشوي على الأسطحة بالدير"
3769,"ما يخلى بيت بالدير من منقل و سياخ و الماعندو منقل يشحذ من جاره و المنقل رفيق الديرية بطلعات الشول و الرحلات ومع توفر اللحوم المختلفة لابد من حفلة شوي اذا بي حوش او على السطوح خاصة أيام العطل كيوم الجمعة"
3770,"وفي الماضي كان يقتصر الشوي على لحم الغنم المقطع المشقف او لحم القلوب المقطعة لكن بالسنوات الأخيرة ومع انتشار لحم الفروج المذبوح وأجزاءه كالشيش و الجناحين و قلوب الدجاج و القوانص حيث أصبح تتبيل الدجاج منتشرا و شائعا"
3771,"ويتم الشوي بحرق الأخشاب أو الفحم وكان بالدير عدة محلات لبيع الفحم واحد في محل مقابل المركز الثقافي وواحد عند حلويات محمود وواحد قديما عند المجمع الحكومي و يباع بالكيلو"
3772,"ويجتمع أفراد العائلة حول الشوي و يتحاوط الأولاد حول الأب الذي يشعل النار و يشوي و تلاقي واحد من الولد يشك السياخ وواحد يلكس من الشياخ و الأم تجهز السلطات و اللبن و تحضر شايدان الشاي منشان ينحط بالنار"
3772,"ويجتمع أفراد العائلة حول الشوي و يتحاوط الأولاد حول الأب الذي يشعل النار و يشوي و تلاقي واحد من الولد يشك السياخ وواحد يلكس من السياخ و الأم تجهز السلطات و اللبن و تحضر شايدان الشاي منشان ينحط بالنار"
3773,"وكل واحد يشوي على حسب إمكانياته واحد يشوي قوانص كان سعر الكيلو بين 25 و 30 ليرة وواحد يشوي جناحين وواحد يشوي فخاذ وواحد يشوي شيش متبل وواحد يشوي لحم وواحد يشوي قلب وواحد يشوي كباب من كل الأشكال"
3774,"وتشوف هالدخنة على الأسطحة و الأولاد فرحانين و يناطزون على السطوح وما يخلص الشوي إلا لاكسين نصه"
3775,"و آخرها تبتلي الأم بغسيل الهدوم المعطبة و المواعين وهي فرحانة مع فرح أولادها"
3776,"الدير كانت وستظل بلد الخير بإذن الله"
3777,"مقولات و كلمات ديرية في المفاجأة السعيدة"
3778,"طار من الفرح"
3779,"مي وسعانتو الدنيا"
3780,"ايدق صبعتين"
3781,"ايضاحك حالو"
3782,مزهزه
3783,"ضحكتو معبية الدنيا"
3784,"ما ظل واحد ما دري"
3785,"كل شيلو يضحك"
3786,"سوق المخامر : وهو سوق الخشابة أو النجارة ويقع في الساحة العامة و التسمية نسبة لمخامر العجين و الخبز الذي تباع فيه"
3787,"سوق الجما : وهو سوق موسمي في الساحة العامة لبيع الجما أيام الخير"
3788,"سوق الحبييل : وهو في ساحة الحدادة وهو يبيع الحبال و المرس و الخردوات"
3789,"سوق الحدادة في الساحة العامة وفيه تصنع و تباع الأدوات اليدوية الحديدية"
3790,"سوق الحموية وهو في الساحة الشارع العام و تباع فيه الأحذية و تصنع الكلشة"
3791,"سوق التجار و سوق الظلام و سوق الشوايا لبيع الأقمشة و السمن و الصوف و لوازم الريف"
3792,"سوق العرصة او الحبوب وهو لتجارة الحبوب و السمن والصوف بشكل عام ومعنى العرصة هي الساحة"
3793,"سوق القصابة القديم في الساحة والجديد عند الانطلاق القديم وهو لبيع اللحوم"
3794,"سوق الصياغ ويمتد من الساحة العامة في شارع النهر القديم وهو لبيع و شراء الذهب و الفضة و الانتيكات"
3795,"سوق الجبيلة وهو سوق تجاري يمتد على طول حيي الجبيلة والبعاجين"
3796,"سوق الستة أربع : وهو في وسط المدينة وهو مختص بشكل عام بالنوفوته و المعاطر وفيه نشاطات كثيرة و سمي بذلك نسبة لعرض الطريق ستة إلا ربع متر على أرجح الأقوال"
3797,"سوق النسوان : وهو في نهاية الشارع و سوق التكايا و يبيع الخضراوات و سمي على ما أعتقد لكثرة زبائنه من النساء كونه وسط الأحياء"
3798,"سوق حسن طه : وهو سوق تجاري متنوع النشاطات يمتد من الساحة العامة حتى قرنة جعفر و ينسب لعقد السيد طه الذي كان في بدايته من جهة الساحة"
3799,"سوق الهال : وهو في بداية حيي الجبيلية وفيه تباع الخضراوات و الفواكه مقسوم لقسمين واحد لبيع الجملة و واحد لبيع المفرق"
3800,"سوق شارع سينما فؤاد وهو سوق تنوع تغلب عليه محلات النوفوته و أدوات الزينة و ينسب اسمه لوجود سينما فؤاد فيه"
3800,"سوق شارع سينما فؤاد وهو سوق متنوع تغلب عليه محلات النوفوته و أدوات الزينة و ينسب اسمه لوجود سينما فؤاد فيه"
3801,"سوق الشارع العام : وهو أطول أسواق الدير وفيه نشاطات تجارية كثيرة و متنوعة و يمتد من أول المدينة إلى آخرها تقريبا"
3802,"سوق شارع الوادي : وهو في حيي الجورة وقد انتعش في الآونة الأخيرة"
3803,"سوق الماكَف : لبيع الحيوانات وهو في الصالحية"
3804,"مقولات وكلمات ديرية في طبخة الرووس :"
3805,"سمط الراس"
3806,"حشي المصارين"
3807,"كراعين كمايات مجلييس خشة لسين حشوة ايمرمش"
3808,"يلحف لحف"
3809,"يكسر القرعة"
3810,"ينخت المخ"
3811,"الفورة طبخة ديرية بامتياز"
3812,"لمة الجمعة الديرية ويين ويين طافخة"
3813,"صباح الجمعة تلاقي هالنسوان يعرون بالعربيات حاطة بيها زغيريين و قايدة اثنين و يركضون وراها كم واحد و طايرة"
3814,"وين أم فلان على أهلي مو اليوم الجمعة"
3815,"المهم هذا حال أكثر النسوان الديرية"
3816,"طبعا هي و خواتها و جوازتهم و ويلادهم"
3817,"الجد محضر حاله من الخميس و الحبابة سارية من الصبح تجهز الفورة و على جية البنات يبلش سفق الخواشيق و درقعة الصحون"
3818,"بعدها يندارون على تحضير الغدا يا قدرية محشي ما تخاف من الله يا قدر رووس يا قدرية باميا منشان الثرود"
3819,"الزلم يروحون مع الويلاد على صلاة الجمعة و الزغار يتصاوتون بالبيت والهم صرة"
3820,"بعد صلاة الجمعة يجون هالزلم بهالكلابيات و يتصدرون وعلى تقسيم سوالف و معاتبات ما يسكتون حتى يندار الغدا و يبلش اللفش خذني جيتك"
3821,"بعد ما يشربون الشاي .. يبلش الزغار بعد ما شبعوات بهالكونات و الصياح"
3822,"تقوم عاد كل وحدة تلم زغارها و جوزها و يرجعون على بيوتهم وهما يستنون الجمعة الجاية .... يبا نسوانا اشقد صارلهم يستنون الجمعة"
3823,"مقولات وكلمات ديرية في المغتر :"
3824,"شايف حالو و مو مصدق"
3825,"سبع طابات خام ما تلف راسه"
3826,"شايف حالو و محد بحالو"
3827,"محد معبي عينه"
3828,"يمشي على رووس أصابعه"
3829,"يا أرض اشتدي ما حدا قدي"
3830,"رافعة خشتها بحيل"
3831,"تحجي من طرف لسينها"
3832,"معاناة الموظف النجبر في بناء و تأثيث بيته"
3833,"مراحل البناء قد تمتد العملية لسنوات عديدة أو العمر كله"
3834,"تأمين أرض البناء"
3835,"البدء في الاشتراك بجمعيات او أخذ قرض لعشر أو خمسة عشرة سنة و يسدد بأقساط تأكل الراتب أكل"
3836,"عمل مخطط و رخصة بناء و يركض وراها لأشهر بين صد و رد حتى يحصل عليها"
3837,"البحث عن ورشة لحفر الاساسات و نقل البقايا حتى ينشف ريقه"
3838,"تأمين باطونجي و حديد و شمينتو و مراجعة العمران عشرات المرات و تأمين بحص و رمل"
3839,"صب الأساسات و الدنكات و السقف على مراحل وعلى مروة العمال و تأمين المصاري"
3840,"تأمين معمرجي و بلوك و تقطيع البيت و صب المنافع و الشناجات و أكمال البناء"
3841,"تأمين نجار و عمل قوالب للبواب"
3842,"تأمين أبو المي و نقر الحيطان ومد بواري المي والصحية"
3843,"تأمين كهربجي و مد الكهربا و تسليكها"
3844,"تظطر هنا لبيع ذهب مرتك لتكملة العمل"
3845,"اتجيب مزرق و مسيع و تليص البيت"
3846,"تشتري بلاط و سيراميك و تدور على عشرين بياع تاتختار اللون و النوعية"
3847,"أجا المعلم ما أجا المعلم تركب سيراميك و بلاط"
3848,"ترجع على النجار يركب بواب"
3849,"تروح عل الحداد يركب باب بيت"
3850,"تدين مصاري و تركب مطبخ أمريكاني"
3851,"أناشدك بالله تسامحينا ع الفرقة يا دار"
3852,"جاني اليوم مرسال من صوب الديار"
3853,"رسالة شوق تدمع عين من قراها"
3854,"تقول الدار ما عاد سمعت عنكم أخبار"
3855,"ولا شفت زولكم بالصبح ولا حتى بمساها"
3856,"ولا عاد شفت الدلال ع الضيوف تندار ولا عاد شفت شيوخ الدار تلبس عباها"
3857,"ولا عاد شفت ع الدرب خطاوي زوار"
3858,"ولا عاد سمعت أصواتكم يصدح صداها"
3859,"من يوم فرقاكم صار الورد صبار"
3860,"و ارض الدار مشتاقة تمشو على ثراها"
3861,"لا تخافو يا هلي تراني جبل ما ينهار"
3862,"و عيني تبقى عليكم و تنتظر شوفة غلاها"
3863,"ارد الرسالة برسالة و القلم ع الورق جرار"
3864,"عسى توصل الرسالة و تشوف الدار ما جاها"
3865,"بدم الوريد يا دار أكتبلك زين الأشعار"
3866,"و أشواق قلبي إلك برد الثلج ما طفاها"
3867,"النار تحرق الجوف و الدمع ع الخد مدرار"
3868,"و أشواقي تنده عليك و روحي تمشي وراها"
3869,"الناس صابها ضيم و جاها زمن غدار"
3870,"و شافت مرارة الأيام وما شافت حلاها"
3871,"ومن الغلا إلك داخل القلب مقدار"
3872,"يساوي بعد الأرض عن آخر سماها"
3873,"و بكل مكان فيك قصة و حكاية و تذكار"
3874,"و أيام عزك يا دار قلبي ما طواها"
3875,"و غيبتك مرض ما ينفع فيه وصفة العطار"
3876,"ولا ينفع فيه طب و دواها"
3877,"أناشدك بالله تسامحينا ع الفرقة يا دار"
3879,"و يروح سواد الغيوم و نشوف فسحة سماها"
3880,"راجعين بإذن الله يا دار"
3881,"مقولات وكلمات ديرية تراثية شعبية في تسمية الحشرات و الديدان"
3882,"حبابة قزيزة : أبو العيد ) الدعسوقة ( ذو السبع نقط"
3883,"ذبينة : ذبابة"
3884,"خيرطانة : دودة الأرض"
3885,"سلنبوح : ديدان الإسكاريس"
3886,"ناموسة : بعوضة"
3887,"بريعصي : سحلية"
3888,"صرصر : الصرصور الشرقي المنزلي"
3889,"أبو الجعل : الجعل المقدس لدى الفراعنة"
3890,"خنفسينة : الخنفساء و لديها أنواع عديدة"
3891,"شبثة : نوع من العناكب"
3892,"جرادة : الجراد الصحراوي أو غيره من الأنواع"
3893,"أم أربعة وأربعين رجل وهو اسمها العلمي المعروف"
3894,"يا دار وين ارحلو أهلي و خلاني"
3895,"عنبر طعمنة قبل واليوم خل أني"
3896,"و الجان يواسي القلب يا دار خلاني"
3897,"اكبت الحسرة بألم و اغص باالمية"
3898,"وين صرتم يل عند الغرب نمتم ما عبرتم لا رجعتم لا سألتم جنكم مبسوطين بوضعكم و جنكم مرتاحين بنزلكم و جنكم عالهجرة نويتم"
3899,"اعبروها ... اعبروها بليلة ظلمة و غمضوا عيونكم بيها زحمة اعبروها و انسوا همنا انسوا وقفات التكاسي و انسوا أفران الأماسي وانسوا الغاز ووجع راسي اعبروها بلا ندم و خلي صفنات الوهم للباقي بالحلم و للوطن و أهل الكراسي"
3900,"عالدير لمن تجي مر بالحميدية و ادعي يا رب السما ثبت العقل ليه"
3901,"ما اعرفت كلمن يمر جني غبت ميه شفت الحجر مرتمي و محد درا بيه"
3902,"خفيت مشي الجدم وصلت للعرضي سابقني حزن وألم و دمعي على خدي"
3903,"ما ظل غدير و عكل انهدم بيت جدي صيحت محد يرد الصدى ليه"
3904,"تظل بالكَلب صورة و ظل عين و فقدنا النفس بغيابك و ضلعين"
3905,"يهل الغايب عن الميه وعن العين تعود بخير متعافي من الأذية"
3906,"سألوا الشاعر المميز الأستاذ أحمد الحمود عرفنا عن نفسك ... من أنت .... فرد بقصيدة رائعة"
3907,"احمد الحمود معروف بأبو حمود أنا ديري و نسل الجدود ابن ويسات من عهود ابن الكاع التنثر البارود"
3908,"ابن حارة بني قنير ذول أهل الكرم و الجود أنا ابن التكايا و قرنة المشتل ابن اللبست عبايه و شالت"
3909,"المنجل أنا ابن الدير اليمشي يتمختر أنا الآكل الخبز ديري من المخمر"
3910,"أنا ابن اللبس العكال و ظل هيبة و صدر ديوان و أكثر جاري جان أبو هتور و حج حميد و عنتر والخبازة خيورة و غزالة و أكابر وخنجر"
3911,"و ابن عرفي و ابن بطاح و فتيح و تايه و اهل و أكثر أنا الصليت بالراوي و مريت بكسحة والفرخان ودرت شواخ وجعفر وقنبر و توضيت من الفرات و دعيت الحال يتغير"
3912,"أنا الديري اليظل هيمان حتى بالموت يصيح الدير ... ودوني و دفنوني بجثير تراب من أترابها أتطهر"
3913,"منيت للدار أرد ما أريد كل القصور ما حلا بعيني بلد مهما علا بقصور لا تعتب لحالتي إن بدا منيت قصور تعثرت تالي العمر و زاد الوجع بيا"
3914,"شوف النخل يم النهر سعفات بالجو سارحه تمطرنا خيرات و رطب و تظل بأرضنا شامخة"
3915,"الله يا دير ..... و جسر نسمات منك فايحة حت الورد ينثر عطر تنسينا دمعة سايحة"
3915,"الله يا دير ..... و جسر نسمات منك فايحة حتى الورد ينثر عطر تنسينا دمعة سايحة"
3916,"نتذكرك عند الصبح و بكل وقت و امبارحة تداوينا من كل العلل و تشفينا من كل جارحة"
3917,"تعالي نسكن بغيمة انصوغ من الندى حنه و حبات المطر مرسال لكل عاشق و يتهنه"
3918,"نتسامر مع العصفور نبني من الغرام قصور و نختصر العمر بسطور و ننسى الاوف والونه تعالي نطير فوق لفوق و نتشارك عبير الشوق نرشف من شهدنا نذوق عسل صافي وبس إلنا"
3919,"نعم ديري انا من أتباهي يطلعلي لأني بكل فخر ديري"
3920,"و لان الغيرة هل عندي ما تلقاها عند غيري"
3921,"أنا الشيمة و أنا النخوة و أنا المهيوب تحذيري"
3922,"نعم ديري من أقول شكون بنبرة أصعق اليحجون انا مثل البرق بالليل بلمعته تنكسر العيون"
3923,"انا من أمشي مثل الفرات شايل عالمتن نخلات"
3924,"من أمر بالصحرا جنة تصير و أشبع الدنيا من خيري"
3925,"نعم ديري و أحب الناس وانا السموني تاج الراس"
3926,"انا الخاوني يشهدلي وفي و مثل الذهب أصلي لكل مكسور انا مجبر و إذا خاطر إلي تكسر صعبة بحيل تجبيري"
3927,"نعم ديري و أحب الدير وأموت بكل شبر بيها مثل أمي أحبها بحيل و رخيصة الروح انطيها"
3928,"انا الدلة و المعلك فتوة و العلم ازرك شغلت الدنيا بأفعالي ومحد هزلي تفكيري نعم ديري"
3929,"رحلنا و القلب عدكم أمانة ما خاب الترك يمكم أمانة إن جيتوا ديارنا مروا أمانة نشم ريح الصبح ويالأحباب"
3930,"طفح غيض الشوارب بالفناجين و خبط شطنه على كَبره الماي و الطين"
3930,"طفح غيظ الشوارب بالفناجين و خبط شطنه على كَبره الماي و الطين"
3931,"غضب و تنزرت كل ذرة تراب و نزع لونه العشب فوكَ الروازين عوارض و انتخت مكحولة العين"
3932,"بخّوها و سّرحت زين النساوين وهون مثل أم ولد تتلمس الكّاع جذب من كَال نجفي و تذلين و حكَ ملحج و طيبج والمسافات و حكَ حرج و بردج و الجوانين"
3933,"لون ليل الهوارف رادنه نشيل نشيّلهم جثث و انتي تظلين عزيزة انتي شكثر و أكثر تعزين و أزهى بوجه العزيز الزود و الطيب و حضن شمس العصر من رادت تغيب"
3934,"سليل محالة و مهيوبة ذيال و ابن نخوه و كفو و شيمة معازيب جميل ويا اليجلّه بمر الأيام و شديد على الشديده و طايعه تخيب و سلس مثل الخبز يا طيب الذات"
3935,"و أمر من الأمر ويا ناكر الطيب و سلس مثل فرح بعيون الأطفال و زعل مثل النمر لو واكَحه الذيب اذا نسّه الزعل من سود الأيام يفر دولابهن و اليرضع يشيب و وكَفت الدنيا من الوحام وحالت واكتفت ما غيرنه تجيب"
3936,"على العاقل بعد ما يخطف شراع ولا يخطي الطريدة الليث لو جاع يا شعبي شكثر عانيت و انطيت و خبزتك تنعجن بالهم و الاوجاع يكَطعوني عليك أوصل و أبوس الكّاع كَالولي تبيع ؟ و كَلت ما ينباع"
3937,"ارسم بالشوارع اسمك تبرى لكل كَلب ما تاه بالنيات و اكتب عالجرف اسمك هوية صيت تندله البشر من تكبر الغايات و احبك للنفس لآخر وهج العين"
3938,"حب فرحه و حزن و مصالح و زعلات يا خوف ويا أمان ويا نفاه وضيج و يا صفكَه و بواجي و مآتم و حفلات ويا حب الحبيبه و رفة الكَلبين و رسوم الفرح من تحمر الوجنات"
3939,"ويا أنا و أهلي و صبري و قريب الناس ويا عمري اليجي وعمري العزيز الفات سألوني على لونك لونتهم بيك شافوك بدليلي تحل حلم و تبات سألوني على طولك طاولتهم بيك"
3940,"كَلتلهم عزيز تطخلك هامات ما طول الصبر ما مات هيهات البعد هيهات"
3941,"قصيدة بلهجة أهل البيوت المخاوية أنهار الدير و العراق للشاعر عريان السيد خلف مطلعها أبيات مشهورة تقول :"
3942,"سلام على الدمع حاير بالعيون و سلام على النزف حد صفرة اللون وسلام على الذهول بعيون الأطفال رضعوا در الوفى و باجر يكبرون و سلام على النشامة الوافو الكَاع و مثل موت الشجر شاخص يموتون"
3943,"و بقية القصيدة مو مشهورة لأنه ما قالها إلا مرة بحضور صدام حسين لما التقى بيهم"
3944,"إذا مو ناوية تاخذيني على قد عقلي خذيني على قد قلبي أدري الجواب جاتينه بس تدرين شحلاتها على كلوبنا نسألجي ... شلونجي"
3945,"بي كثيرين ديريين يستخدمون كلمة جاتينه بدون ما يدرون من وين اجت و هي كلمة ديرية تعني """" صعبة """""
3946,"شكون تعني ماذا"
3947,"شكاري : لا علاقة لي"
3948,"دحِق : انظر"
3949,"وخِر : ابتعد"
3950,"كرمز : قرفص"
3951,"انقلع أو انقشط : اغرب عن وجهي"
3952,"لا عاش عمرك : تقال لمن يقوم بعمل سيء"
3953,"يول : للبهدلة"
3954,"عجي : ولد بمرحلة الولدنة"
3955,"جمجة أو جفجير : من أدوات السكب في المطبخ"
3956,"جايدان : إبريق الشاي"
3957,"ثرود : أكلة شهيرة تعني الفتة ) لحم دجاج أو بامية ("
3958,"طرشي : مخلل"
3959,"جزوة : ركوة لصنع القهوة"
3960,"دبشي : بطيخ أخضر"
3961,"العوين : اللوبياء"
3962,"جشج : كشك"
3963,"الفورة : أكلة ديرية من الكشك و اللوبياء"
3964,"كليجة : حلوى ديرية للعيد"
3965,"طبشي : صحن"
3966,"خاشوقة : ملعقة"
3967,"مزمَلة : إناء كبير من الفخار لتبريد الماء"
3968,"دجة : رصيف"
3969,"دربة : حارة"
3970,"راس قرنة : زاوية الشارع"
3971,"الجول : البادية"
3972,"الجرداق : مطعم على ضفة النهر"
3973,"أجكم بوز : قليل الشهية للطعام"
3974,"مدرقع : مكسر و غير صالح للاستعمال"
3975,"بنطرون : بنطال"
3976,"الماصة : الطاولة الصغيرة"
3977,"مجسِع : متكئ"
3978,"دوشك : فراش"
3979,"مسلِقة : امرأة كسولة"
3980,"جكمة : بشعة"
3981,"الزرقة : شديدة السمرة"
3982,"مسلوعة : شديدة النحافة"
3983,"مدروجة : سمينة"
3984,"كاور عين : شديدة الوقاحة"
3985,"حوامة : مرأة كثيرة الخروج من المنزل"
3986,"جويدة : جميلة"
3987,"مهيَفة : مبهدلة"
3988,"جلاق : رفسة"
3989,"نربيش : خرطوم"
3990,"بحيل زين : جيد جدا"
3991,"بحيل و ميل : كثير للغاية"
3992,"قوبيات : قصاصات ورق للغش في الامتحان"
3993,"تفنكة : بارودة"
3994,"لخَة : صدمة"
3995,"ملخوخ : مصدوم"
3996,"مسدوح : مستلقي على الأرض"
3997,"مجلغم : متسخ"
3998,"كونة : مشاجرة"
3999,"ملفع : غطاء الرأس للمرأة ) الحجاب ("
4000,"تعزيب : مجلس عزاء"
4001,"مجنّة : مقبرة"
4002,"طريزينة : دراجة بثلاث عجلات"
4003,"موطور : دراجة نارية"
4004,"مقادير : أساور ذهبية عريضة"
4005,"فتخة : خاتم الزواج"
4006,"هلهولة و هلاهل : زغرودة و زغاريد"
4007,"أثيري : لكن"
4008,"توين : منذ قليل"
4009,"وجعين : تقال وقت بدك تسكت حدى"
4010,"زيدين : أيضاً"
4011,"جييز : عامود كهرباء"
4012,"شكون أنوب : ماذا أيضاً"
4013,"اقضب : أمسك"
4014,"تعال يوال .... اقترب قليلاً"
4015,"شبير الكاع ... قصير القامة"
4016,"شبيك يوال .... ماذا دهاك يا رجل"
4017,"قام يرعى أو قام يتسمم .... انه يأكل"
4018,"الله ياخذو ما يعرف يحجي .... لم يروق لي حديثه"
4019,"كل هوا و اسكت ... لا تتكلم"
4020,"بعد هيج ... ابتعد قليلاً"
4021,"اشلونك ... كيف الحال"
4022,"يخرب بيتو ... ياله من ذكي"
4023,"البيطلع بيدك سويه برجلك .... افعل ما يحلو لك"
4024,"جايينكم خطابة طلبات أهل البنية لما يجيها خطابة ابنهم بأوربا عشر آلاف دولار سياك بعد المفاصلة و مثلهن ذهب و لازم ينزل يسوي عرس بالرقة تا أهلها يفرحون مع بنتهم"
4025,"و الحفلة بأغلى صالة و أغلى مطرب و يدزلها خرجية كل أسبوع و حق تلفون جديد تلفونها خربان و طبعا ما ننسا يسحبا لعندو لما يرجع"
4026,"عليش بابا عجل خاطب انجلينا جولي إلا بريتني سبيرز"
4027,"لو خاطب ملكة إنكلترا بعز شبابها ما طلبت هالطلبات"
4028,"للأسف صارة تجارة و أي واحد بأوربا يدور يخطب من بلدو تبلش عليه الطلبات"
4028,"للأسف صارت تجارة و أي واحد بأوربا يدور يخطب من بلدو تبلش عليه الطلبات"
4029,"و جماعة أوربا ما يعلم بحالهم إلا ربنا و ربعنا مفكرينهم يلمون المصاري بجوايل و يكدسونهن"
4030,"ارحموا من في الأرض يرحمكم من في السماء"
4031,"عالماشي صفحات البنات عالفيس اني الهويت وهو اللي خان"
4032,"صفحات الشباب عالفيس دردحلج ما دردحلج جبش الغنم لذبحلج"
4033,"السكر خلصان لا تنسي تجيبلنا معاك و انت راجع"
4034,"صفنة و حوار مع حالو إذا السكر مقطوع منين أجيبلها ) خلصت الصفنة و جت الفكرة ("
4035,"شلنا بالسكر و إنتي حلا حياتي"
4036,"بضحكة صفراوية عجل لا تنسا المازوت"
4037,"صفنة و حوار يبووو نفذنا من السكر طلعلنا المازوت منين أجيبلها بعد مامنعم البسطات ) خلصت الصفنة ("
4038,"ما يحتاج صوبة و حظني موجود"
4039,"بضحكة العجبتو السالفة ماعدنا غاز تاتبدلنا الجرة"
4040,"صفنة أنوب ... معد نخلص اليوم منين أعبي الحز .. معاملة حصر الإرث أسهل من إنك تقدم و تأخذ جرة"
4041,"بعد الصفنة .. حبي لج يطبلج مية طبخة"
4042,"نست طلباتها و خجلت و تقبعت و فاتت عالدار ثانية و ربيعنا انهزم بأقل الخساير و بلش يفكر شلون يهرب من الطلبات باجر"
4043,"كلما زاد نكد المرأة زاد استغفار الرجل لربه ... ما أجملك أيتها الأنثى تنشرين الإيمان حتى في نكدك"
4044,"ماصدك هالبوز أيتها الأنثى طالعتي ثلاث أرباع الزلم عن دينهم"
4045,"اشخر معد اعرف شسوي معاه ذبحني و عيوني طلعن من قلة النوم"
4046,"خير بنيتي اشتاجسين منو عليج"
4047,"طول الليل اكلبو بلجي يسكت وما بي فايدة من تجوزتو و هو هيج ما أصدق إيمت يقعد و يطلع على شغلة تا اغفيلي ساعتين زمان"
4048,"هاي بسيطة دواها عندي تعالي اعلمج وليدي تخلين زلمتج أول ما ينام و .."
4049,"نار الحقوني يا يابا شنو هذا"
4050,"خير ابن عمي اشبيك فزيت"
4051,"خشتي نار .. بيها سيخ نار نامي انتي قايم اغسلها بلجي تخف و اقدر انام"
4052,"بنت الحلال أمها قايلتلها تحطلو بخشتو فليفلة حمرة مطحونة"
4053,"المسكين كل جم يوم يقعد يولول ومو دريان خطية اللي يعرفو يعلمو صفى جلد و عظم من قلة النوم"
4054,"هيصة و لوصة و محد دريان يناطزون و يكامزون شياب و ويلاد نسوان انهبلت و زلم مخشوفة"
4055,"كلها تدور تصير مشهورة"
4056,"زمان أول تحول و الوقت دار"
4057,"مطرك رمان واسلبهم تايتوهنون و يقولون العيد باجر"
4058,"اللي يسمون حالهم مشاهير خفم علينا شوي الله الله بالطريق"
4059,"اوسخ شي لما تكون نايم بغرفة الكَعدة و يجون ضيوف و يكعدون بنفس الغرفة لا تكَدر تكَوم ولا تكَدر تقلب ولا تتحرك و تظل مدفوس تايروحون"
4060,"اليوم سالفتنا عن زلم السوشيال ميديا"
4061,"هذول تلاقيهم كل النهار مبطحين على بطونهم و السيكارة تعج بثمهم و يتهددون على هالناس بدنا نسوي و نفعل و نقتل و نذبح"
4062,"يتهدد على ناس تبعد الاف الكيلومترات ألا ادفع نص عمري و أكص راسك و اعلقك من كراعينك .. اشتدفع نص عمرك أبو خنان ترى سيكارتك البثمك بايك حقها من زبون أمك"
4063,"يحسسك انو هو مدير المخابرات الامريكية البدوياه يلم عناصرو يطيرون يجيبونو و يجون وهو راس الحارة ما يقدر يوصلو يخاف من الجلب المربوط عند جيرانهم لا يعضو"
4064,"عندي ربع من جماعة المثقفين داوخيني كل النهار نقعد من الشفاك على فنجان قهوة و فيروز و أجواء الهدوء غير شكل و تحس حالك بعالم ثاني و من هالسوالف"
4065,"قلت بقلبي بدي شي يوم أصير مثلهم و أعيش هالأجواء"
4066,"قعدت الصبح شغلت الصوبة و حطيت القهوة عالنار اكشر ماعلي تطمي و تلوص الدنيا قلت لحالي تراها خفيفة لا تخرب يومك من أولو ... بطلت قهوة و سويت جيدان جاي من الكبار اليحبهن قلبكم"
4067,"شغلت فيروز تاتزبط القعدة لسة ما قالت أنا لحبي .... ولا الكهربا تطفي قلت بقلبي أحسن ... كاسة الجاي على صوت صوبة المازوت أحسن من مية فيروز"
4068,"ماسك كاسة الجاي امزمز بيها ولا الصوبة تكبس ... بكبسة الصوبة أفز من الصوت و ادفر الجيدان برجلي و ان الحالة صارت حالة"
4069,"تعوذت من إبليس و تلفلفت بجوديلي ومن يومها حرمت أقعد إلا متضاحي"
4070,"الراحم على أوربا أنواع منهم اللي تعلم صنعة وقام يشتغل بيها"
4071,"ومنهم اللي مداوم على مدرستو يتعلم لغة كل نهار رادع هالجنطة و لفة الزعتر بقلبها ومو فهمان شي من قرايتو ... العربي بالزور يحجيه تا أجنبي"
4072,"ومنهم اللي مقضينها صياعة بالشوارع لافيلو على جم واحد و مقضينها دبج بشوارع أوربا"
4073,"بس الشي المشترك بين الكل كلهم مزبطين من أمهات شعر أشقر و عيون خضر و نازلين صور و فيديوهات عالفيس معاهن"
4074,"و خطايبهم قاعدات يستننهم يبعثولهن ورق تا ياخذونهن .... ول أبوي ما يتركون الشافوه هناك تا يرجعون لزركتج و شعرج السايف ارضي بأول واحد يدك بابج و احمدي ربج لسة حدا يريدج"
4075,"وحده دزت لأم زلمتها عزيزتي حماتي لا تنصحيني شلون أربي ولدي . أني عايشة مع ابنج و شايفة تربيتج تم القصف بصاروخ بعيد المدى"
4076,"وكفم .... كفم القصة ما خلصت ردت عليها حماتها والله انتي الصح وكلامج عالجرح اني لو ربيتو زين ماجان خذاج تم تدمير مواقع العدو"
4077,"بي واحد متجوز امو كَالتلو : وليدي لما تروح على عمامك لا تاكل عدهم تراهم يسوولك سحر بالأكل ... العقربة حماتك و بناتها خابزتهن و عاجنتهن أمهات سحور"
4078,"كَاللها : لا تخافين عليه بدون ما توصين ... آني ماخذ احتياطاتي و أعرف بهالسوالف ... أصلا آني ما أعطيهم مجال آني اطبخلهم و اني أغسل المواعين ... أصلا حتى الزبالة آني اللي أرميها يعني ما يكَدرون يسوولي سحر أبد"
4079,"كالتلو أمو : عفية وليدي عفية جبيري صاحي اسم الله حولك و حواليك أبد مو ساحرتك يالأثول"
4080,"صباح الرقة جمرية فوقها جيدان الجاي يولول من حر الجمر ... و رغيف من خبز الصاج يغني لصحن خاثر"
4081,"ويلاد زغار يسحلون بجناطيهم على مدارسهم"
4082,"و شايب قاعد بالمشراكة جدامو كاسة جاي معتقة يتلكط الدرابة حولم على المقسوم"
4083,"عجوز كاضبة مكشتها و تنظف بهالحوش و تصيح على عزباتها قومن لملمن للحز نايمات غابت الشمس ايمت تخلصن"
4084,"لقيتهم كاتبين واحد كاتب ... يا وطن أفديك بالروح ولو ردت فوق الروح اعطيك روحين أقول بس روح"
4085,"قاعد بنص أوروبا و مقضيها حوامة بالشوارع ومو شاطر إلا تنزل بث مباشر دحكم هاي و دحكم هذيج تحايج بربعك بالوطن"
4086,"على قولة ذاك الواحد كل النهار ببجي انزل عالوطن و شوف الببجي شلون"
4087,"اريد اسألكم سؤال كأنو الناس معد تستخدم الفيس"
4088,"صارلي يومين داير بصفحات الفيس ادورلي على منشور اكتب سالفة عنو ما ألاقي"
4089,"كل شي ألاقيه قام فلان بتغيير صورته الشخصية أو شارك المنشور الفلاني"
4090,"وين زمان أول تلاقي الناس تنسخ و تلصق حكم و مشاعر و أحاسيس و تلاقي التعليقات درر ... صح لسانك و إشهالإبداع و يسلملي الحساس المبدع"
4091,"إذا ظل الوضع هيج تكطعون برزقتنا وما نلاقي شي نكتب عنو لحلحولنا حالكم شوي الله يرضى عنا وعنكم"
4092,"الأسمر اللون العيلوني بيك"
4093,"من كثر ما عيلوني زاد حبي بيك"
4094,"يقال صاحبنا عشكانلو بنية فحمة سودة العيون تطج حمر بالليل و الخشة بيذنجانة بنص ليل أظلم"
4095,"ربيعنا ماهمو حجي الناس ولا بهادل أهلو مايريد غيرها و محارب الكل عليها"
4096,"امو قالت لأبوه و النبي هاي مسويتلو سحر بي ناس شايفينها تروح لأبو طاكية البالجرية الغربية إلا أروح باجر اخلي أبو طاكية يفك السحر لو أبيع كل شي عندي"
4097,"ما كذبت خبر و كدت سراية من الشفاك قالت لابو طاكية سالفة ابنها ومثل كل سحار طلب شي من ريحتو و إجرة الجنون اليشتغلولو وهو تنازل عن إجرتو لوجه الله"
4098,"جابت الحجة المعلوم و كشمة من شليل الوليد ... ربطها أبو طاكية بعظمة جلب على قولو وقرا عليها شوية حجي مدري منين ناكشو و رش عليها شوية مي ولفها بخيشة و قاللها دميها جدام بيت البنية"
4099,"المرة سوت اللي انقال"
4100,"يقال من يومها صاحبنا معد يطيق البنية و اتجوز بنت المختار البيضة ام عيون خضر و البنية مالها مشوار إلا لعند أبو طاكية تايرجع الراح و الراح معد يعود"
4101,"آجس حالي واقع مثل وقعة ربيعنا اليندل أبو طاكية يدزلنا عنوانو بلجي نخلص من هالوقعة"
4102,"واحد كاتب ليتني أعلم أي نوع من المخدر تنثره في حديثك"
4103,"كحز قاد تا أقلك نوعو"
4104,"هذا يا سيدي اول ما كعدت الصبح سخنت جدرية مصقعة بندورة بايتة عدها من البارح و ضربتها عالريج"
4105,"الظهريات سوت كلال و نزلت مخمس بهالمصارين و الكرش و مسوية مثومية جنبها ضاربة منها تادايخة"
4106,"وقبل ما تنام ماجلت شي تامانظلمها بس ربع اخوها جانم سهرانين عدهم و سوتلهم شوية ملوخية و رز و الزاد قضت عليه"
4107,"و نامت طبعا مباشر بعدها و اتخمرن كلهن بثمها وجتك الصبح تتمايل"
4108,"هذا هو مخدر يا حزين هذا دمار شامل زين مامتت يا مصخم"
4109,"حمد جار عواشة و عشكانها من جانم يلعبون سيارات سوا بقنادر أمهاتهم الله يعزكم و جان دايم يخليها تسبقو"
4110,"عواشة متوسطة الجمال بس كل النهار تلط حالها بهالبودرة و كريمات التفتيح وماتطلع إلا ملطمة تاما الشمس تاخذ شقارها"
4111,"و شغلتها عملتها سري مري عالصيدلية البجريتهم تاخد من هالخلطات اليسويهن الصيدلاني و يضحك بيهن على عجيات الجرية وبي إشاعة انو عواشة عشقانة الصيدلاني"
4112,"حمد مدري منين سمعان الإشاعة وقام ينط مايحط و يحلف يابروحي يابروح الصيدلاني"
4113,"بيوم عواشة طالعة العصريات تكب الوسخ بالمصرفان البطارف الجرية و حمد ملاحقها و يمر الصيدلاني"
4114,"عواشة ملاحقتو بعيونها تاتعثرت بحجرة و انجبت وجا سطل الوسخ كلو فوقها"
4115,"جا حمود يركض الله الله اسم الله عليج محروسة من العين هاي أكيد عين شافتج وما صلت عالنبي ويزور بالصيدلاني"
4116,"مابي عين تلط إلا عينك يا العفن تردلو عواشة و تدحك على ربيعها تازعم فزعتلك"
4117,"ويزرك حمد عالصيدلاني ... الصيدلاني مريبيع ... يوال أكطز ماعندك لا شرف ولا ناموس تباوع على بنات الناس"
4118,"المريبيع يدحك حواليه وين البنات الباوعت عليهن"
4119,"يدااااا عجل احنا شنو خيي تزكح عواشة و تتخوصر"
4120,"يندار الأكطز على حمد الحز مو هاذ أخوك عواد ؟ والله كل بالي هاذ عوادكم وأقول لحالي اشبلاه عواد لابس هيج"
4121,"المهم عواشة انقصفت جبهتها بيومها و حمد صار ربع حيل هو و الصيدلاني"
4122,"بس انكسرت صدليتو لان عواشة اقنعت العزبات انو الخلطات يحفرن الوجه"
4123,"الليل قرب يجر ذيولو والشمس تتجهز لطلعتها الحارة هادية مابيها هابوب ولا دابوب"
4124,"جريخ شحاطة بطارف الحارة يقطع سلسلة السكون حمود تونو مخلص تعليلتو ربحان اربع دكوك تركس و راجع مروق و مبسوط ينفش بسيكارتو و يتضاضى حواليه تامحد يشوفو يدخن"
4125,"فتح باب الحوش على مهلو و يصرج الباب أتذكر انو ناسي يزيتو وقام يتسخط باجر ابوي إلا يبهدلني ليش مازيتو"
4126,"طبك الباب ون ابوه بوجهو"
4127,"هدشت توك وين للحز يوال حوام روح نام الحز و حسابي معاك الصبح"
4128,"فات ربيعنا على فراشو يدمدم يابا يهالشايب منين طلعلي و يفكر شلون باجر بدو يتمطعز على ربعو الخسرم"
4129,"اول مابلشن عيونو يتسكرن يفز على رجة البيت الشبابيك صارع بالكاع والباب تخلوع طلع يركض يشوف اللشة مرمية بنص الحوش يركض حمود ويصيح ول يااااااباااااا"
4130,"تطلع امو وخواتو يتراكضن الام وقعت بمكانها و البنيات يلخن يحالهن يوقف حمود سيارة و عالمشفى بلجي يلحقونو"
4131,"وصل هناك المشفى يغص و يبلع زلم و نسوان وويلاد ممدين بالممرات الدماية مغطيتهم"
4132,"دكتور الحقني ابوي اتصوب بالقصف تون"
4133,"يفحصو الدكتور يقلو أبوك مات ضاكت الدنيا بعيون حمود و صورة أبوه جدامو وقت يقلو حسابك معاي الصبح يحضن أبوه و يصيح ول قوم عاتبني قوم اضربني بس لاتروح يابااا"
4134,"احفظو شيابكم وداروهم وطيعوهم قبل لا تفقدونهم وتندمون"
4135,"الله يرحمنا و يرحمكم ويرحم أموات المسلمين و المسلمات"
4136,"من هرجاتنا الأولية ردتني عبد وأعلك غليونك وأكش وجه البيت بالهبرية"
4137,"يقال جان مزردمها طول النهار مجسع ويتأمر هاتي و جيبي وودي وروحي وبالليل مقضيها شرب و تعاليل مايجيها لوجه الصبح"
4138,"حتى كاسة المي اذا يكون كاعد بالمطبخ يقوم تناديلها تاتجيبلو ياها"
4139,"اخر شي وصلت معاها لحدها قامت عليه بالليل بعد ماجا سكران و طفيان وهو نايم شالت هبريتها ولفت رقبتو بيها تاصار وجهو أزرق فكرتو مات"
4140,"قامت بهدوء وثقة لفتو بحصيرة و رمتو بالمصرفان البطارف الجرية خدت حصيرتها و رجعت مكيفة"
4141,"الصبحيات الزلمة فتح عيونو و لقى حالو ملفلف و مرمي ريحة المصرفان صحتو"
4142,"رجع عالبيت يا دوب يمشي ول يا مرة تعالي هين"
4143,"المرة انصدمت وقت شافتو بس مسكت حالها و قالت هااا هدشت وين نايم البارح تون تاتجيني"
4144,"والله مدري يا مرة قعدت الصبح لقيت حالي مرمي عند المصرفان اشوداني هناك ماعرف"
4145,"من البلا التشربو كل يوم مو زين لسة عندك شوية عقل تعرف ترجع على بيتك"
4146,"لج عهد عليي معد أضوكو"
4147,"يقال من يومها ما حط الكاس بثمو و عاشم عيشة هنية و رضية"
4148,"اللي زلمتها متعبها تنزل عالسوق تتناوش هبرية و ترجع ساحبة والله يقدرنا على فعل الخير"
4149,"سوت فطور للويلاد و مسكت التلفون و بلشت تدكدك على جاراتها تهيرهن"
4150,"لبست زبونها و تعصبت بهباريها ... اجتمعن الحبايب وقفن تكسي تكربسن بيها و مشن"
4151,"وصلن الحبايب عالبيت الرايحاتلو و انو يغص ويبلع مابيها مداس رجل سجلن دور و قعدن يستنن و فتحن هرجة و كراضة مع النسوان القاعدات"
4152,"جا دور ربيعتنا فاتت لقت الغرفة كلها دخان و بخور ما تشوف جدامك وواحد مدندش بطارف الغرفة هناك المسابيح على رقبتو و بيدو هاتي اشعندج اشجابج علينا"
4153,"والله يا شيخ زلمتي اجسو متغير علي وما يقعد بالبيت أخاف يكون عشقانلو وحدة من وراي"
4154,"طالع الشيخ من درج جنبو صرة صغيرة بيها شوية اعشاب و قاللها تنقيعهن طول الليل بمي من الحنفية و تصفين المي و تحطينها بعلبة بلاستيك مو محطوط بيها شي قبل و تحطينها بنص الصالون و تعدين من فوقها سبع مرات و تحطينها منها سبع نقط لزلمتج بالجاي مرة الصبح ومرة بالليل"
4155,"طلعت المرة كل مصاريها حق الخلطة باعتبار الشيخ يشتغل لوجه الله ماخذا إجرتو"
4156,"راحت المرة سوت الوصفة والزلمة يكرع بهالجاي ومو دريان العيش بيش"
4157,"بعد أسبوع بلش الزلمة ينمغص وجاه إسهال مزمن و وينك يا درب المشفى"
4158,"قعد يومين بالمشفى و مات"
4159,"انبسطتي الحز بطل يتجوز عليج خلي عاد اسحارج تنفعج روحتي الزلمة بشربة جاي"
4160,"ريت الحرمني الولف ما يشوف بعيونو"
4161,"انحرم من ولفو و خذاها تاجر جبير شنشلها بالذهب من هين لهين"
4162,"و سيارة تخدمها بمشاويرها و بيت طابقين و خدامة"
4163,"بعد فترة افلس صاحبنا طلعت ثروتو و تجارتو كلها قروض و حجزم على كل أملاكو"
4164,"باع ذهبات المرة و السيارة و تجوز الخدامة"
4165,"و قعدهن بغرفة مترين بمتر"
4166,"المهم اشتغل بمحل و اشترا بسكليت يودي توصيلات"
4167,"راح يودي بيوم توصيلة و لطشتو سيارة تكسرن نص عظامو و انضربت شبكيتو معد يشوف"
4168,"جا العاشق شمتان و قال ها يالحارمني الولف"
4169,"الله جبير جازاك راحن عيونك و العرف ربنا استجاب و أعطاك"
4170,"فقر و تعب و هم و حزن هذا النصيب وياك"
4171,"بأحد الأعياد اجتمعم مجموعة من الويلاد و نزلم عالرقة"
4172,"بعد ماخلصم مصاريهم بالملتقى و بالسينما وبعد ماعبم السمرا فروج"
4173,"قررم يستأجرون طريزينة و يروحون على أهلهم"
4174,"الحجي هذا أيام ما جانت الطريزينات هي التكاسي بالرقة الويلاد من جرية قريبه عالبلد"
4175,"المهم وقفم طريزينة مدندشة و صاحبها مركبلها مسجلة و موصل سماعات لليركبون من ورا"
4176,"ركبم معاه بدون مايفاصلونو اول ما قاللهم خمسين ركبم"
4177,"ركب واحد من جدام و الباقي ركبم من ورا"
4178,"اول ما دخلم بطارف الجرية بلشت الويلاد تسلت من الطريزينة"
4179,"كل مترين ثلاث ينط واحد"
4180,"عند آخر الجرية الراكب من جدام قال للشوفير نزلني هين معلم"
4181,"بطارف الجرية بي حارات ضيقة"
4182,"العجي نزل وهو حاط ايدو بجيبو عاساس يطالع مصاري"
4183,"اول مالمسن رجلينو الكاع يبلش يركض و اليحب النبي يخلي و اختفى بالدربات الضيقة"
4184,"نزل الشوفير دحك بالطريزينة من ورا مالقى إلا مسجلتو تلعلع"
4185,"المغربيات اجتمعم الويلاد عند ساحة الجرية و بلشم يخططون لمشوارهم ثاني يوم"
4186,"من ذكريات خلصان يا سايكين الضعن بالله تعيجونو معكم حبيب القلب مانكدر بدونو"
4187,"يقال إنهم سمعم الكلام و مشم على مهلم و أظلمت عليهم الدنيا"
4188,"و طلع عليهم مشلحين ) حرامية ( خذم كل شي عدهم و خطفم حبيب القلب و طلبم عليه فدية عشر ملايين"
4189,"راحم لعند القال هالسالفة قالولو حبيبك انخطف وبدهم عليه فدية"
4190,"قال يا حسرتي عالراحم مابدلم دربهم ... نحن باجر نبدل و نلقى بدلهم"
4191,"يقال المخطوف اختفى محد يعرف شي عنو والعاشق لكى معشوق جديد بس هالمرة صار يقول"
4192,"ياسايقين الضعن بالله تسرعونو معكم حبيب القلب خايف يخطفونو"
4193,"عليش تبعد عنا واحنا نريد كرابك يابو خواصر ضمر غريب وين ديارك"
4194,"يقال انو أبو الخواصر ضمر طلع يشتغل عالأردن فتح محل حلاقة هناك وربنا وفقو و فتح سلسلة محلات حلاقة وصار مشهور حيل"
4195,"لما رجع جا راكب سيارة مترين جدام ومترين ورا وطفران من كثر مصاريو مايعرف وين يروح بيهن"
4196,"المهم شاف العشكانتو بالطريق جان يمر بدون مايعبرها ولا احترفلها"
4197,"قالت بقلبها هينة لك نتواجه"
4198,"بالليل بعثت واحد من ولد عمها تمون عليه حيل راح قطع الفرين بالسيارة ودفشها تاحطها براس علوة"
4199,"قعد صاحبنا لقى سيارتو فوق استغرب طلع ركبها و ينزل مزنح و يتزكلب هو و السيارة و يتدكدكن عظامو و بوجهو عالمشفى زارتو العزبة و قالت"
4200,"عليش تبعد عنا واحنا الردنا كرابك يابو خواصر ضمر تدكدكن عظامك"
4201,"عليش تبعد عنا واحنا الردنا عيونك ليش تمر وما تسلم ولا تقول شلونك"
4202,"عليش تبعد عنا هذي ترا جزاتك واذا رجعت عدتها احسب ترا مماتك"
4203,"ذكريات كَشرة بس علوا ترجع لمن تصير عزيمة عند الأهل أو القرايب"
4204,"نحنا المعزبية لمن تنمد السفرة نظل واقفين برا مشان نصب على ادين الزلم ... وكل واحد شايل بريج ولوح صابون و بشكير"
4205,"ولمن يخلصون اجل و يطلعون .. يجيك واحد من الشياب"
4206,"تعال ابن أخوي تعال روح جاي .."
4207,"الله حي الزلمة الزين"
4208,"انت ابن من خيي ) ابن فلان ("
4209,"لا لا انت ابن فلانة و يعطيها ضحكة بايخة كههه"
4210,"والله و النعم ترى اسوي عليك ها دي صب تقلك"
4211,"والله أبوك زلمة زين ... ) الله يسلمك ("
4212,"انت تحب أبوك إلا أمك ) ثنينهم ("
4213,"اريد اسعلك بيني و بينك"
4214,"هيهو يقدر أبوك إلا أمك ... ) لا أمي ("
4215,"و نفس الضحكة البااااايخة كهههه"
4216,"أنت نمس ي هالعجي"
4217,"و يقلك انت بالمدرسة .. ) إي عمو ("
4218,"أي الصف ... ) صف سادس ("
4219,"شاطر إلا كسلان ... ) لا كسلان ("
4220,"بدّي = أريد"
4221,"شنو ؟ = ماذا ؟"
4222,"شلونك ؟ شحالك = كيف حالك ؟"
4223,"هين = هنا"
4224,"غادي = هنالك"
4225,"هيتش = هكذا"
4226,"مابي = لا يوجد"
4227,"ألحز = الآن"
4228,"يوال = أيها الشخص ) للنداء باحتقار ("
4229,"جفجير = كفكير - أداة لسكب طعام الولائم ) ملعقة كبيرة ("
4230,"كاروك = رفش"
4231,"قزمة = معول"
4232,"جيدان = إبريق الشاي"
4233,"جورة = حفرة"
4234,"لفة = شطيرة"
4235,"خاشوكة = ملعقة"
4236,"هسه = الآن"
4237,"مزبد = أداة لحفظ الزبدة"
4238,"الدفنكة : وهي سلاح ناري فعال يستخدم قديما في الدفاع عن النفس ولا تستخدم إلا عند الضرورة ومن أنواعها العصملية و الإنكليزية و الألمانية"
4239,"الكلنك : أداة تشبه المطرقة ولها طرفين حادين متعاكسين وهي سلاح فعال و قاتل"
4240,"المحذاف : وهو من الأسلحة الفردية الخفيفة ويبلغ طوله من المتر إلى المتر و ربع و مصنوع من خشب السنديان أو الزان"
4241,"السنديانة : نفس المحذاف"
4242,"الدبوس : وهو مصنوع من الخيزران راسه مدبب بشكل متطاول وبه عدد كبير من الدبابيس المغروزة في طبقة من الرصاص"
4243,"الجيرية : نفس الدبوس ولكن راسه مصنوع من الإسفلت القاسي و تستخدمه بعض القبائل في شرق الرقة"
4244,"الفرد : وهو المسدس"
4245,"القندرجية : تشبه الخنجر لكنها صغيرة و حادة جدا"
4246,"الجدوم : وهو الفأس"
4247,"زراكة : أداة قتالية و أداة لصيد العصافير"
4248,"الكرليكة : وهي ما يعرف في الخليج بالثوب وفي الرقة بالجلابية"
4249,"القصيرة : وهي نفس الكرليكة لكن تلبس تحتها و تكون من الأقمشة الخفيفة للرجال و النساء"
4250,"الصاية : وهي من الألبسة النسائية تلبس كساتر فوق الثوب"
4251,"الزبون : وهو نفس الصاية ولكن يصنع من الأقمشة الفاخرة مثل المخمل و الحرائر الغالية"
4252,"المركزيت : وهي الغترة البيضاء على الرأس"
4253,"الجمدانة : وهي الشماغ"
4254,"الهباري : وهي لباس تضعه المرأة على رأسها مصنوع من الحرير الطبيعي وهي غالية الثمن و ذات ألوان جميلة"
4255,"الرانات : وهي الجوارب"
4256,"الخاجية : وهي عبائة يلبسها الرجال للوجاهة و غالبا مصنوعة من الوبر"
4257,"البنطرون : البنطال"
4258,"الصاقو : وهو الجاكيت"
4259,"السير : وهو الحزام"
4260,"البردسون : وهو البالطو"
4261,"صرماية : الحذاء"
4262,"القندرة : الحذاء"
4263,"الداسومة : حذاء مصنوع من الجلد القوي و لونها أحمر"
4264,"شنينة : لبن رائب"
4265,"جريعة : لبن رائب"
4266,"خاثر : اللبن بدون إضافة الماء جامد"
4267,"الهقط : وهو المذكور بالأحاديث الاقط لبن مجمد تحت أشعة الشمس يستخدم عند انقطاع موارد اللبن الطبيعي"
4268,"الجشج : مصنوع من القمح و اللبن"
4269,"قريشة : وهي البقاية الزائدة من تصنيع الجبن"
4270,"اللبه : وهو الحليب الذي يخرج من الغنم بعد الولادة مباشرة"
4271,"القشوة : وهي القشطة"
4272,"الكلال : وهي طعام مصنوع من أمعاء و معدة الغنم مضاف إليها الرأس و الأرجل"
4273,"المنابير : وهو طعام مصنوع من أمعاء الغنم"
4274,"القريظ : وهو مصنوع من الباذنجان و البندورة و تسمى مصقعة"
4275,"الحريرة : طعام مصنوع من الطحين والسمن العربي و تعطى للنساء الحديثات الولادة"
4276,"المهوسة : بطاطا مفرومة مع السمن و التوابل"
4277,"المثومة : وهي لب الكوسة مع الثوم و النعناع"
4278,"الشاكرية : وهي مصنوعة من اللبن و لحم الغنم بالعظم"
4279,"مطبق : باذنجان مقلي و بندورة و بصل مقلي"
4280,"المحشي : معروف في كل البلدان"
4281,"الثردة : مصنوعة من الماء و دبس البندورة و النعناع و البصل بدون لحم وهي ما يسمى حراق اصبعتو"
4282,"السلاق : وهو متعدد المواد اما من السبانخ أو السلق أو الخباز أو الجنبيرة"
4283,"سوقلمة : وهي الباذنجان المشوي مع السمن و اللحمة و الثوم و الرمان"
4284,"اذان الشايب : مصنوع من العجين و اللحم و اللبن على شكل الأذن"
4285,"المقراظة : وهي مصنوعة من الخشب تستخدم لتقطيع الخظروات و اللحوم"
4286,"الجفجير : وهو أداة لتقليب الطبخ وهو على النار و للسكب"
4287,"المقرافة : وهي أداة من الستيل للغرف من القدر"
4288,"الجدرية : وهي أداة الطبخ الرئيسية"
4289,"الساطورة : أداة حادة لتكسير اللحم بعظمو"
4290,"اللكن : وهو وعاء كبير للعجن و عصر البندورة"
4291,"الطشت : وهو اللكن"
4292,"الهاون : وهو أداة لطحن البهارات و الثوم مصنوع من النحاس"
4293,"البتكاز : وهو غاز المطبخ"
4294,"الببور : وهو أداة للطبخ تعمل على الكاز"
4295,"البيدون : وهو إناء من البلاستيك لحفظ الزيوت"
4296,"المعبة : وهي أداة يعبأ من خلالها الزيت في البيدون"
4297,"الفرش : وهو وعاء كبير يقدم فيه الطعام"
4298,"الصاج : وهو أداة تستعمل لصنع الخبز"
4299,"الجزوة : وهي وعاء تصنع فيه القهوة و تسمى أيضا ركوا"
4300,"مفردات التعازي : البقية بحياتك .. يسلم الدين و الإيمان ... يسلم راسك"
4301,"النعاوه : رثاء الميت و مدحه وهو من المحرمات"
4302,"الندب : ضرب النساء لصدورهن عند المصيبة وهو منهي عنه"
4303,"القوالة : المرأة تصعد إلى مكان عالي و تقوم بذكر مناقب الميت وهو محرم بشدة"
4304,"المسيار : وهو ما يأخذه المعزون لاهل الميت من أغنام أو مواد تموينية"
4305,"مفردات التهاني : عيدكم مبارك ... أيامكم سعيدة ... بالرفاه و البنين ... مبروك ما جاك ... على قبال عندك"
4306,"السياق : المهر"
4307,"البقجة : ما تضع بها العروس الأقمشة التي تشتريها من السوق"
4308,"الصرة : قطعة من القماش ملربع لحفظ الملابس"
4309,"الطموح : المطلقة"
4310,"الكازية : محطة الوقود"
4311,"الكازوزة : المياه الغازية"
4312,"الدوندرمة : مثلجات الآيس كريم"
4313,"شبيك : ماذا تريد"
4314,"يوال : أداة للنداء"
4315,"ولوم : أداة نداء للجماعة"
4316,"وليه : أداة نداء للمؤنث"
4317,"ولين : أداة نداء لجمع المؤنث"
4318,"انقلع : اذهب"
4319,"قجق : طريق ترابي وعر"
4320,"جقلاطة : الشوكلاته"
4321,"بردقان : برتقال"
4322,"دار : غرفة"
4323,"طاقة : شباك"
4324,"معظرس : المواد عندما تصبح كتل كالسكر و الملح"
4325,"يتخطرى : يتخطى الرقاب"
4326,"يتدربا : ينزل من مكان مرتفع بسرعة"
4327,"يتمايح : يمشي بشكل متمايل يمنة و يسرى"
4328,"مطرمخ : يحس بالدوار"
4329,"منجب : نومة الغضبان"
4330,"انرجد : سقط"
4331,"انثبر : اسكت و اجلس"
4332,"يدابج : يتحرك حركات رعناء"
4333,"طحوح : بدون سبب"
4334,"قراظة : الغيبة"
4335,"أم علوم : النمامة"
4336,"كالات : مشاكل"
4337,"طباكة : بلوك مصنوع من الفخار"
4338,"الصيرة : مكان تربية الغنم و المواشي"
4339,"حابوسة : مكان حلب الأغنام"
4340,"الستارة : مكان تربية الحمام"
4341,"الكاروك : أداة لتستخدم لخلط الاسمنت مع الرمل"
4342,"طلطميس : الغبي"
4343,"اطرم : غبي"
4344,"مهبول : مجنون"
4345,"خبل : مجنون"
4346,"ينصب : يحب"
4347,"رزالة : شيء معيب"
4348,"سحارة : صندوق لوضع الخضار"
4349,"صرقة : كيس من الليف لوضع الخضار القاسية"
4350,"شوالة : كيس من الخيش"
4351,"مبتق : السيارة عندما تمر بارض رملية أو وحل"
4352,"مغرز : نفس السابقة"
4353,"الدكه : مكان مرتفع عن الأرض مثل الكنب مصنوع من الاسمنت أو الطين"
4354,"بواق : لص"
4355,"سرسري : أخلاقه سيئة و صاحب مشاكل"
4356,"مهيف : صاحب مشاكل و غراميات"
4357,"وصخ : سيء الخلق"
4358,"الدربكة : أداة موسيقية إيقاعية"
4359,"الزابوقة : ممر ضيق يفصل بين المنازل المتقاربة"
4360,"الدربة : الشارع الصغير"
4361,"العوجة : وهو اللفة أو الكوع في الشارع"
4362,"الجرية : القرية"
4363,"عبيان : تقال عند الاستهزاء من أحد"
4364,"مسخرة : السخرية من الغير"
4365,"جذف : تقيء"
4366,"يتهاوع : يحاول التقيؤ"
4367,"زقلبجي : رأيه غير ثابت"
4368,"مزنح : مسرع"
4369,"لز وراه : الحق به"
4370,"الشدحة : العمود الذي يرتكز في وسط البيوت الطينية وهو على شكل حرف y بالانكليزي"
4371,"الشرقاطة : القطعة من الخشب المقطعة بشكل عشوائي"
4372,"السيباط : بيت مصنوع من بقايا الذرة و الحطب و الخشب وعادة يبنى في الأرض الزراعية مؤقتا"
4373,"القاووش : البيت الطيني القديم"
4374,"الجازل : وهو من خشب الرمان و تصنع منه الزراكة"
4375,"الشختورة : القارب الذي له محرك بنزين"
4376,"المازوط : الديزل"
4377,"اللوكس : من أدوات الإنارة يعمل على الكحول و إنارته أفضل من إنارة القنديل"
4378,"الماصة : الطاولة"
4379,"حسيوه : كمية قليلة و غالبا ما تستخدم للمواد السائلة كاللبن و الخاثر و غيرها"
4380,"سناف أو سنيف ) نفس ترجمة حسيوه ("
4381,"قطيمه أو قطمه : كمية قليلة"
4382,"قُردة : كمية قليلة جدا مثل ) قردة علك ("
4383,"مصخم ) حظه تعيس ("
4384,"فاين ) حظه تعيس ("
4385,"طسوقه .. طسوكه ) المكانة أو الحظوة ( مثل ) مالي طسوكة عندك .. أي مالي حظوة و مكنة عندك ("
4386,"زماره ) الناي الذي يستخدم في العزف أثناء الأعراس و الأفراح ("
4387,"الشاعر ) هو عازف الزمارة ("
4388,"عفن ) هو الذكر أو الرجل الضعيف الشخصية أو الجبان ("
4389,"بلاجم أو براطم ) الشفايف ("
4390,"فنطيله ) الأنف الكبير ("
4391,"خُشة : أنف"
4392,"الأثم : الفم"
4393,"الأثرم : من فقد أحد أسنانه الأمامية أو الجانبية الظاهرة للعيان"
4394,"أهَتَم : ليس لديه أسنان أو قليلها"
4395,"أعوص ) عيونه صغيرة و مائلة ("
4396,"كفش ) الشعر الطويل و المنفوش وغير الممشط ("
4397,"أبو أو أم عنق : من يملك رقبة طويلة"
4398,"يتطرهل أو طرهلله : من يمشي برخاوة"
4399,"العريطة : الرقبة العريضة"
4400,"الخربة : الهضبة الصغيرة"
4401,"الجول ) البر ("
4402,"البقجة ) بستان الخضراوات ("
4403,"الفرنجي : البندورة"
4404,"العجور : الخيار أو ما يشبه"
4405,"الجالي : مرتفع بسيط من التراب ممتد بين المزروعات لحجز الماء ضمن إطار محدد أثناء السقاية"
4406,"السقاي : الفلاح الذي يشرف على سقاية الحقل"
4407,"البردايه : ستارة النافذة"
4408,"الشكوه أو الشجوه : جلد الغنم المدبوغ الذي يستخدم في خض اللبن لاستخراج الزبدة منه"
4409,"الركابه ) ثلاثة أوتاد من الخشب تحمل عليها الشكوه ("
4410,"الكيريه ) وتد من الخشب تربط عليها الشكوه على أوله وعلى آخره حين تعليقها على الركابة ("
4411,"التخته ) مستطيل صغير من الخشب المصقول لتمديد قطع عجين الخبز قبل وضعه على الصاج ("
4412,"المنصبة ) الأحجار التي يثبت عليها صاج الخبز ليتسنى للخبازة وضع الحطب تحت الصاج ("
4413,"الخلال ) مستقيم صغير من الحديد معقوف النهاية يستخدم في تربيط أطراف بيت الشعر ("
4414,"المخاط ) نفس إبرة الخياطة اليدوية ولكنه كبير الحجم يستخدم لحياكة المنسوجات الخشنة جدا ("
4415,"الجدر ) وعاء كبير من النحاس لطبخ الذبائح ("
4416,"الجدرية ) وعاء متوسط مصنوع من معدن القصدير يسمى باللهجة الرقاوية المحلية الفافون أو البافون تستخدم لخزن السوائل و الأطعمة ("
4417,"الرغوث : أنثى الغنم الوالدة"
4418,"المتلي : الحامل من الغنم"
4419,"اللجبة : أنثى الغنم التي توفى مولودها"
4420,"الشباق أو الشباك : وهو حبل عريض قليلا يستخدم لربط و رصف و تثبيت الغنم أثناء استخراج الحليب منها"
4421,"الجراره أو الجرار : وهي الدابة المتلفتة باتجاه مناطق الرعي"
4422,"الطلي : وليد الغنم الذكر"
4423,"الفطيمة : وليدة الغنم الأنثى"
4424,"المعطف : المانطو الطويل"
4425,"الفروه : العباءة الشتوية وهي خاصة بالرجال"
4426,"الشعفة : غرة الشعر المرتفعة في مقدمة الرأس"
4427,"القراميل : هي إضافة قماشية ملونة بلون الشعر تجدلها المرأة إلى نهاية جدائلها لتطويلها و تحسين منظر شعرها"
4428,"الجهاديات : قطع ذهبية مدورة و كبيرة مربوطة ببعضها على شكل قلادة تضعها المرأة في عنقها"
4429,"التراجي : حلق الذهب الذي تعلقه المرأة في أذنيها"
4430,"القرمة : تنكة صغيرة ليست كبيرة مثل ) قرمة الحلاوة ("
4431,"عُكّة : جلد خروف صغير مدبوغ و مرطب بالدبس الحلو تستخدم لحفظ السمن العربي"
4432,"ظرف سمن : نفس العكة إنما كبير الحجم"
4433,"الكلاش : النعل الصيفي"
4434,"الشحاطة : نعل خفيف يستخدم داخل المنزل"
4435,"البوط : النعل الطويل والساق المتوسطة مثل البوط العسكرية"
4436,"المازونية : إجازة العسكري لزيارة أهله"
4437,"الزفت : الطريق المعبد"
4438,"الردنيه : المسدس"
4439,"الشرجور : مخزن طلقات المسدس أو البارودة - مخزن الفشك"
4440,"الروسية : الكلاشنكوف"
4441,"الجفت : بندقية الصيد"
4442,"المثقلة : المرأة الحامل"
4443,"الزحوف أو الموذي : الرجل النسونجي"
4444,"القرباطي أو القرجي : هم النور الذين لا أصل أو نسب عربي لهم"
4445,"الشاحوذ : المتسول"
4446,"بُطْلي : هو من يماطل أو ينكر الدين الذي عليها للآخرين"
4447,"العارم أو المعرمة : القوية من النساء أو المسترجلة منهن"
4448,"الحوام أو الحوامة : الرجل أو المرأة كثيري الزيارات لبيوت الآخرين"
4449,"معنفص : شايف حاله ... متكبر"
4450,"بركيل : وقح أو صفة سيئة ما ؟"
4451,"تنح : عنيد"
4452,"دابسيس : قليل الأدب وهي كلمة تركية"
4453,"أسركلك : أبهدلك"
4454,"أطعجك : أتفوق عليك"
4455,"أبو أو أم الهياهي : الرجل أو المرأة صاحبي المشاكل"
4456,"أبو ظْلَفْ أو أم ظْلَفْ : الرجل أو المرأة من لديهم أقدام كبيرة"
4457,"أول تُفال : من بداية الشيء"
4458,"الفخيرية : وهي قوس مبني من الطين في مضافة الرجال تستخدم لتحضير القهوة و فيها موقد النار وهي تشبه محراب المسجد"
4459,"السكِيّه : أرض مصقولة من الاسمنت أمام المنزل"
4460,"وجه البيت : المساحة الخالية أمام المنزل في الريف"
4461,"الحوش : السور الخارجي للمنزل و خاصة في المدينة"
4462,"البترينه : خزانة معدنية لحفظ الأشياء المنزلية"
4463,"السكرتون : خزانة حفظ الملابس وهو من الخشب المصنع و المشغول ويوضع عادة في غرف النوم التقليدية"
4464,"الزهاب : عفش العروس"
4465,"العزيّه : وهي ما يقدّم لأهل المتوفى من المعزين مثل الذبائح من المواشي وبعض المواد التموينية كأكياس الرز و السكر ... وهي عادة أوشكت على الانقراض"
4466,"أصوبك : أين أنت أو أين كنت"
4467,"العليجة : كيس قماشي طولي الشكل يستخدم لحفظ شيء ما داخله مثل عليجة الدابة لوضع غذائها داخلها و تعليقها في عنقها وخاصة الحصان و الحمار"
4468,"ألحز أو ألحزتين أو هساع : الآن"
4469,"عليش : على أي شيء ؟ يذكر حين الاستفسار"
4470,"التفال : البصاق"
4471,"التواه : المقلاية الصغيرة"
4472,"الصوبة : المدفأة التي تعمل على الديزل"
4473,"التقلي أو السلاحية : وعاء صغير طولي الشكل يستخدم لحمل السوائل"
4474,"تيل : سلك معدني رفيع"
4475,"الحدارة : مرتفع صغير"
4476,"جطلاوي : الذي يستخدم يده اليسرى في طعامه و أعماله"
4477,"الجنطة : حقيبة السفر"
4478,"خشروم : الرجل الخائب و الفاشل"
4479,"شعجب : استفسار"
4480,"مكلت : يعني مقفل"
4481,"أكمش : اقبض"
4482,"اقضب : اقبض"
4483,"عرّت : اقبض أو تمسك بشدة"
4484,"دحج : انظر"
4485,"دنجر : انحني"
4486,"وطخ : انحني"
4487,"كُد : امشي"
4488,"العارفة : قاضي القبائل العربية"
4489,"بلاش : بدون ثمن أو رخيص"
4490,"أخوث : غبي"
4491,"ترللي : مهزوز مثل ) فلان عقله ترللي ("
4492,"طنط أو طنطا : الجبان وهي كلمة مستحدثة"
4493,"البشت : سيء الخلق"
4494,"ملقوف أو لقاف : السفيه"
4495,"فجري : الفقير"
4496,"الزنكيل : الثري"
4497,"السرسه : كثرة التفكير في موضوع أو مشكلة ما"
4498,"الحليط : الهموم"
4499,"حردان : زعلان وغالبا ما توصف بها المرأة التي تغادر منزل الزوجية إلى بيت أهلها غاضبة"
4500,"أدقم أو أدغم : النسونجي"
4501,"وجهه متين : وقح"
4502,"سكماني : رامي ماهر أو هداف"
4503,"فالخ : يركض بسرعة مثل ) جاك فالخ ("
4504,"زمال : بليد"
4505,"صفاقة : قطعة صغيرة من الخشب عريضة وليست ثخينة مثل خشب السحارة"
4506,"عفاص أو يعافص : يتصرف بسفاهة و لامبالاة"
4507,"يهذرب : يتكلم بصوت مسموع وهو نائم"
4508,"أعضب : معاق اليد"
4509,"البراوي : ابن الريف"
4510,"جايف : رائحته نتنة و تستخدم كناية عن سوء التدبير مثل ) فلان جايف ("
4511,"البساط : فرش منزلي مخطط مصنوع يدويا"
4512,"اللباد : فرش منزلي يصنع يدويا من صوف الخراف الصغيرة"
4513,"المخدة : الوسادة"
4514,"الود : عصا من الخشب القاسي"
4515,"اللاحة : الشبه مثل ) فلان لاحته على فلان أي يشبهه ("
4516,"اللفاحة : وهي قطعة قماشية يلفها الرجل على عنقه عند البرد"
4517,"طراك : أسفل النعل"
4518,"القونداق : مقبض المسدس أو البارودة"
4519,"الجاكوك : المطرقة"
4520,"السحت : قطيع الغنم"
4521,"الحلال : الماشية"
4522,"البهم : قطيع الخراف الصغيرة"
4523,"العوار : الدابة التي تشرد من قطيعها إلى قطيع آخر مجاور"
4524,"الرشمة : ما يربط بها رأس الحمار أو الحصان عند فمه"
4525,"الزرد : جنزير معدني"
4526,"هيجذان أو هيجذ : هكذا"
4527,"لقح أو زت : حذف الشيء أو قذفه"
4528,"حش : نفس لقح أو زت"
4529,"مجعفل : مجعد"
4530,"موجرز : جالس على رجليه و مقعدته لا تلامس الأرض"
4531,"مكشر : ليس عليه غطاء وهو نائم"
4532,"متجعوج : نائم وهو متداخل الأعضاء و الأطراف بعضها ببعض"
4533,"كحز أو أكحز أو تكحز : ابتعد"
4534,"غاد : هناك مثل ) ابعد غاد ("
4535,"يكرف : يشم"
4536,"يحوحز : يقترب شيئا فشيئا"
4537,"يتشلبى أو يتعربش : يحاول الإمساك أو يحاول التسلق"
4538,"قبشه أو يقبش : يخرج فجرا"
4539,"يحدي : ينشد القصائد البدوية"
4540,"يخورف : يهذي أو يتكلم بلا معنى ولا هدف"
4541,"يدرّب : يرسل"
4542,"بقتنوز : البقدونس"
4543,"شمشيخ : البوشار من الذرة الصفراء"
4544,"البستليك أو البسكليت : الدراجة الهوائية"
4545,"الجبله : الجنوب"
4546,"الستير : صهريج الماء"
4547,"العجي : الولد"
4548,"مخبوص : مخلوط بعشوائية"
4549,"السفير : قش الحنطة و الشعير"
4550,"المشراقة : مكان تسطع عليه أشعة الشمس أيام البرد"
4551,"البريج : ابريق الماء"
4552,"الكرمج : حبل الغسيل"
4553,"السعدان : القرد"
4554,"الكسم : شكل الوجه"
4555,"لطم : حبة الحرارة التي تظهر على الفم"
4556,"السجن : رماد الشيء المحروق"
4557,"العاجوز : المرأة كبيرة السن"
4558,"المرسة : الحبل"
4559,"يجعر : يبكي بقوة و بصوت عالي"
4560,"المطرق : العصا الرفيعة المرنة"
4561,"أكشر : سيء"
4562,"الخراطي : سحاب البنطال"
4563,"جرجي : العاطل عن العمل"
4564,"الحوام : العاطل عن العمل"
4565,"حبانجي : بدون سبب"
4566,"يلوص : الطفل يلعب بالطين أو الكبير الذي لا يعرف انتقاء كلماته"
4567,"بشكد : بكم"
4568,"البصطيق : حلوى مصنوعة من العنب و النشاء"
4569,"متفح : متخم من كثرة الأكل"
4570,"حنقة : تذكر الشيء في وقته وهي الفطنة"
4571,"معبعب : الثوب الفضفاض الأكبر من حجم الجسم"
4572,"مجعم : الشخص النائم وعلى رأسه غطاء"
4573,"ليلي : الأرجوحة"
4574,"بصمان : خبز شديد القساوة و سميك يستخدم قديما و يحتفظ بخواصه الغذائية بدون تعفن لفترة طويلة"
4575,"مزلط : الذي يرتدي ثيابا قصيرة"
4576,"محمرة : الفليفلة الحمراء عندما تفرم و تجفف تجفيف خفيف وهي من المونة"
4577,"مشرشح : من علامات الفقر"
4578,"مبهدل : من علامات الفقر"
4579,"مرزل : الذي يكون عرضة للانتقاد الحاد من الآخرين"
4580,"رزيل : سيء الخلق"
4581,"يسفنج : الذي يمشي في الشوارع من غير عمل مع المقدرة على ذلك"
4582,"العواطلي : العاطل عن العمل"
4583,"عويندي : الذي يرافق المشايخ و رؤساء القبائل"
4584,"خراط : الكذاب"
4585,"جراخ : كذاب"
4586,"ملخوخ : المصاب بالمس"
4587,"المطفوخ : يتصرف بهمجية و بدون أخذ المشورة"
4588,"مطيور : يتصرف بعجلة و سرعة"
4589,"تجة : ما يربط به أعلى السروال من مطاط و غيرها"
4590,"تجة : اللثة و يقال أبو تجة أي لثته كبيرة"
4591,"علقان : محترق"
4592,"وار : محترق"
4593,"سليجة : القمح المسلوق بقشره استعدادا لجرشه لصنع البرغل"
4594,"شعرية : وهي من أدوات البيت قديما تشبه الثلاجة لحفظ الأطعمة من الحشرات و القطط"
4595,"نملية : لحفظ الأطعمة من النمل"
4596,"جونية : لحفظ البيض"
4597,"درد : هم"
4598,"مقنبل : الغضب مع تجهم الوجه"
4599,"متنش : الغضب مع تقطيب الحاجبين"
4600,"سفيفة : حبل عريض من الشعر بعرض 8سم لحزم الأمتعة"
4601,"صمنة : الصامولة"
4602,"الطرنويز : مفك البراغي"
4603,"يتقنص : يمشي مع الحذر الشديد"
4604,"يهنجل : المشي بسرعة مع نقل القدم كاملة"
4605,"يتسردح : المشي ببطء مع الميلان"
4606,"يتمسحل : يمشي مع التعب و الاعياء الشديد"
4607,"يتدبا : مشية الذي ينوي شرا مع الحذر"
4608,"ظجع : الكبير الجسم"
4609,"الهرط : طويل القامة و الجثة وهو من أسماء الشخصيات في القصص الشعبية الخرافية"
4610,"يزقح : ينادي بصوت عالي"
4611,"برنجي : كلمة ثناء و تعزيز أجنبية"
4612,"مربوع : المتوسط القامة"
4613,"طقز : الشديد قصر القامة"
4614,"دفش : السمين القصير"
4615,"أهطل : السمين"
4616,"دبان : السمين ذو الراس الكبير وقد روي في الشعر الشعبي و إليكم القصة شعرا"
4617,"دبان باق الجشج ***** سودة تحلف بيه"
4618,"والله نطب النزل ***** دكتور ما يشفيه"
4619,"غنطوس : الغطس الطويل تحت الماء"
4620,"يلوف : تحرك اليدين أثناء السباحة"
4621,"يندس : سباحة الحيوانات"
4622,"حويجة : الجزيرة الصغيرة في النهر"
4623,"تعفير : رش المبيدات للأرض باله يقال عنها العفارة"
4624,"مونون : الشكاك الغير ثابت على رأي"
4625,"جرع : شرب بعمق و قوة من العطش"
4626,"كيض : الصيف"
4627,"صفري : الخريف"
4628,"جيالة : النوم وقت الضهيرة"
4629,"شكارك : لا دخل لك"
4630,"متعني : الآتي من مكان بعيد و ينتظر أحد ما"
4631,"الكرويت : المكان المصنوع من الخشب لوضع الفرش و أغراض المنزل"
4632,"خطم : مر أمامي"
4633,"يتظلهب : الذي يتوجع من الألم أو المرض و تقال للذي يتمارض أحيانا"
4634,"ختش : لا عقل له"
4635,"طرقة : فلانة طرقة أي طويلة و نحيلة الجسد"
4636,"مطرق : عصا لها عدة استخدامات منها نفش الصوف"
4637,"الفرا : الفرات و للطرفة قلت لأحد الأصدقاء من اللاذقية رحت على الفرا فأستغرب هذا الصديق وقال إيش يعني الفرا فضحكت لأنني كنت أظن عندما أقول الفرا الكل يفهمها"
4638,"المحقن : القمع مثل المعبة"
4639,"دبو المازوت : وعاء يوضع فيه المازوت فوق الصوبا"
4640,"زقال : غشاش"
4641,"عرابانة : عربية وسيلة النقل"
4642,"يصطفل : هو حر الاختيار"
4643,"الشوبة : عريشة مكان مظلل"
4644,"تس : مثل قحز أي ابتعد"
4645,"ما يوكر : كثير الكذب"
4646,"فلتان : عديم الأخلاق"
4647,"جُرك : هذا الشيء العاطل أي خربان ما يسوى"
4648,"جُرن : وعاء صخري لحفظ السوائل"
4649,"العلية : ما توضع فوقه النضيدة"
4650,"السوالف و العلوم و الكالات و الفاينات : الغيبة و النميمة"
4651,"تالي الليل : آخره"
4652,"يختخت : مثل يحوم و يمشي و يتقنص شيء ما"
4653,"أجكم : صاحب الفم الأعوج و تستخدم للسب"
4654,"يكولك و يجحف : يتزلف و يتودد بغرض المصلحة أو الخوف"
4655,"العتيج : القديم"
4656,"القولة : موضع لتجمع الماء العكر"
4657,"يبصبص : يسترق النظر ) يبصبص عالبنات"
4658,"جاهل : الرجل الأعزب لأو الفتى المراهق"
4659,"يتجيهل : يعشق البنات"
4660,"الجودلي : لحاف محشو ببقايا الملابس"
4661,"التتن : الدخان - السكاير"
4662,"جدام : أمام"
4663,"زلم : رجال بلهجات العشائر الشمالية"
4664,"الجمينتو : الاسمنت"
4665,"ببنان : أي في لبنان"
4666,"قمرة : الدنيا قمرة أي طالع القمر"
4667,"ساجرا : أي لا توجد رياح أو نسمة هواء"
6066,"الحكاكة : آخر الطعام في قاع الجدرية ) الطنجرة ( و خاصة للحليب"
4669,"غنية أو غناوي : أي أغنية"
4670,"شين : سيء عكس جيد"
4671,"يتغشمر : يستهبل"
4672,"جاي دبس : شاي حلو جدا"
4673,"سراج : ضوء و تطلق على الكهرباء أيضا"
4674,"جيميلة : اسم علم مؤنث و صفة للجمال"
4675,"قعوير : وهو ما يستخدم في طبخ المحشي ) قعوير البيذجان أو الكوسا ("
4676,"الجادر أو الشادر : بيت الشعر"
4677,"سليجة : سلق القمح لصناعة مونة البرغل في الشتاء"
4678,"تعال جاي : تعال إلى هنا"
4679,"جولاقية : دبكة شعبية"
4680,"جوبي : دبكة شعبية"
4681,"عكُرك : ضفدع"
4682,"جاقر : خط ) افتح جاقر - افتح خط ("
4683,"دبشي : بطيخ - جبس"
4684,"هدوم : ملابس"
4685,"كيش : مياه النهر الغير عميقة"
4686,"مخاضة : مياه النهر التي إلى مستوى الرقبة"
4687,"عدل : مستقيم"
4688,"يناحر : يسبح بعكس جريان النهر"
4689,"أشوص : أحول"
4690,"سلبة : مهبول"
4691,"جعد : و تعني الإنسان يبدأ فعل ما ) مثل جعد ياكل ( أي أنه يأكل بصيغة الاستمرار"
4692,"سد بوزج : يعني إخرس"
4693,"يلوق : يليق"
4694,"أريت : رأيت"
4695,"معلقة : ملعقة"
4696,"عفصور : عصفور"
4697,"أرى : رأى أنا أريتُ ، أنت أريتَ ، أنتِ أريتِ ، هو أرى ، هي أرَت ، نحن أرينا ، أنتن أريتن ، هم أرو"
4698,"صنور : سنور"
4699,"عليكن : عليكم"
4700,"اسمكن : اسمكم"
4701,"ميردين : ماردين"
4702,"جارتكي : جارتك"
4703,"أثمان : نقود ، مصاري"
4704,"أَريد : أُريد"
4705,"أرْقداش : من التركية وتعني صديق"
4706,"إِسوِد : أَسوَد"
4707,"أش تسي : أي ماذا تفعل ؟"
4708,"أكو : أي يوجد و عكسها مَكو"
4709,"أمْف : أنْف"
4710,"أنازي : أي أنا أيضاً"
4711,"أيلون : أيلول"
4712,"بخدونس : بقدونس"
4713,"بَرط : نتف"
4714,"بطلان : منهك القوى"
4715,"بنك عمرو : أوَل عمره"
4716,"بيس : قذر ، متّسخ"
4717,"تشَطَل : شوكة الطعام"
4718,"تشَفْته : بندقية"
4719,"تشَقْمق : ولاعة"
4720,"تَعان : تَعال"
4721,"تِمشين : تَمْشين"
4722,"جبونة : تنّورة"
4723,"جقجوقات : أي ملاقط نشر الغسيل"
4724,"الجوف : البطن"
4725,"الجوقات : المصارين"
4726,"جون : أسود داكن"
4727,"جيهلية : صبية"
4728,"جابوس : كابوس"
4729,"جبير : كبير"
4730,"جَرمز : قرفص"
4731,"جرى : حكى"
4732,"جز : عضّ"
4733,"جوري : أي رأي ، وجهة نظر"
4734,"حزق : شدّ"
4735,"حِكّوي : حكاية ، نادرة"
4736,"حيف : لحاف"
4737,"خربيه : كوخ مهجور"
4738,"خوصه : خاتم مذهّب"
4739,"دهدوهة : نزلة"
4740,"دوشك : فرشة"
4741,"ربيه : ورم"
4742,"رَسْت : من الكردية أي صحيح"
4743,"زاغ : صوص"
4744,"زعق : صاح"
4745,"زَمْبَريشة : وسادة"
4746,"زيب : ذئب"
4747,"صاح : يصيح"
4748,"ساح : يسيح"
4749,"سِبْع : أسد"
4750,"سْتاد : أستاذ"
4751,"سخله : رذيلة"
4752,"سَلْج : ثلج"
4753,"سوز : كلام ، خطاب"
4754,"سيّد : جدّ"
4755,"شَراب : نبيذ ، خمرة"
4756,"شعفه : شَعْر"
4757,"شوشاية : قنّينة"
4758,"صمّكات : أفخاذ"
4759,"صنّورة : قطة"
4760,"صولاحية : إبريق الماء"
4761,"ضلال : حبيبة وهي كلمة من الكردية ، ضلالي ، ضلالتي"
4762,"طاوان : سقف"
4763,"عَشّين : عشرون"
4764,"عقروفة : ضفدعة"
4765,"عوندري : عديم المسؤولية"
4766,"فنجّر : بذّر المال"
4767,"فؤاد : قلب"
4768,"قجم ، قتشم : تكلّم"
4769,"يقجم : يتكلّم"
4770,"قحر : قهر"
4771,"قرّد : قلّص"
4772,"القِرْعان : القرآن"
4773,"قَرمَد : جفّفَ"
4774,"قريشه : حزام"
4775,"قزّ : حرير"
4776,"قصبتي : روحي"
4777,"قفِل : اقفل"
4778,"قلز : زاح"
4779,"قمّر : حمّر"
4780,"قِمْفِذ : قنفذ"
4781,"قوّر : جوّف"
4782,"قيعِد : قاعد"
4783,"كاغض : ورق اللعب"
4784,"كاغضاية : أي ورقة"
4785,"كتيب : كتاب"
4786,"كليب : كلب"
4787,"كدي : هكذا"
4788,"كرع : بلع"
4789,"كرفت : راكم"
4790,"كشم : قطع"
4791,"كفخ : ضرب"
4792,"كلخ : بسم"
4793,"كما : مثل"
4794,"كمر : غطّى"
4795,"كِنِّه : فتاة طويلة"
4796,"كهر : هيّج"
4797,"كوزلكات : نظارات"
4798,"كيا : هذه هي"
4799,"لاونطة : عطر"
4800,"لجخ : لزق"
4801,"لعوص : لاص"
4802,"مبيرحة : البارحة"
4803,"مجر : شرشف"
4804,"مرّخ : مسّد"
4805,"مرّد : ذوّب"
4806,"مرص : عصر"
4807,"مْشِ : إمْشِ"
4808,"مْشَي : إمشي"
4809,"مشَوْ : إمشوا"
4810,"مصع : خلع"
4811,"معس : عصر"
4812,"مهرجل : مقربل ، مبهدل"
4813,"مقعبز : قاعد ، معرّم"
4814,"ملخ : نزع"
4815,"مليح : جيّد"
4816,"موطيق : لا أستطيع"
4817,"ميج : ضباب"
4818,"ميمَة : جدّة"
4819,"ميمتي : جدّتي"
4820,"نبّق : برز"
4821,"نتع : حمل"
4822,"نِجّار : نَجّار"
4823,"نعل : لعن"
4824,"نقز : فزع"
4825,"نمخ : بخيل"
4826,"هاك : ذاك ، ذلك"
4827,"هبط : رعب"
4828,"الهبوه : أي ذارات الثلج الناعمة"
4829,"هجّ : أي رحل مغرماً"
4829,"هجّ : أي رحل مرغماً"
4830,"هَون هَوني أون أوني : هنا"
4831,"هونك هونكي أونك أونكي : هناك"
4832,"وَخت : وقت"
4833,"وراخ : أوراق"
4834,"ورك : لمناداة الرجل"
4835,"وزّ : حرّض"
4836,"يا بُ : يا أبتي"
4837,"يا دِ : يا أمّي"
4838,"يِلِك : صدرية الرجل"
4839,"وا ويلي : وا ويلتاه"
4840,"عتيق : قديم"
4841,"كدي : هكذا"
4842,"صبيحة كلسكرتي قومي روحي نامي أخ ليه ليه صبيحة ..... مو نام ومو نام ضلال لامو تكون فحضاني هاي ليه ليه صبيحة"
4843,"وأنا حيران حبيبي يحلالي و أحلالو أخ ليه ليه صبيحة ..... هوه ابن عمتي وانا ابن خالو هاي ليه ليه صبيحة"
4844,"كنقلبت ماكينة تحت قوناغ الوالي أخ ليه ليه صبيحة ..... كنقتل واحد فيا لا يروح يكون ضلالي هاي ليه ليه صبيحة"
4845,"صبيحة مو تنعطي ابن عما يريدا أخ ليه ليه صبيحة .... صبيحة تشرب عرق عميا بيتكي احترق هاي ليه ليه صبيحة"
4846,"دي روح ورك تفتقو جروحياتي أخ ليه ليه صبيحة .... حاشو عنب زينبي و جابو هو لقدامي هاي ليه ليه صبيحة .... وأنا العنب مو كلو عينيكي تكفاني هاي ليه ليه صبيحة"
4847,"جيرانة هلا هلا بين عينيكي ما شاء الله ... على خدودكي علامة بوسة لخاطر الله ... هلا.......هلا"
4848,"المقسي و المقسية راحو يحوشو بيبون ... قعدو ملاقي بعضن كما ليلى و مجنون ... هلا.......هلا"
4849,"يكفا تروحين و تجين سوفتي الطراحة .... عينين سود مكحلين و الخدود تفاحة .... هلا.......هلا"
4850,"كجا مطر جا مطر كجا مطر نيعم .... كجا مطر عالبنات زين أصابيعهن هلا.......هلا"
4851,"كجا مطر جا مطر و طافت العلية .... و قربان قامة ضلالي وهاك وجو الضوية هلا.......هلا"
4852,"في وسط القامشلية آخ يامو اريتولي صبية اخ يامو"
4853,"قامتا شاق ريحاني اخ يامو و ضحكيويتا ضوية اخ يامو"
4854,"طلي عين الغزالة اخ يامو كدي عيونا مكحلة اخ يامو"
4855,"وهما قومي طلبيا اخ يومي و احلى كنة ترايا اخ يامو"
4856,"ومن محبتكي ليا اخ يامو مثل تتسيري فيا اخ يامو"
4857,"ضلالتي دي حبيني و صوتكي الحلو سمعيني ... صوتكي الحلو سمعيني"
4858,"فعيونكي دي حطيني"
4859,"شمس محبتنا طلعي"
4860,"ديما ضلال دفيني"
4861,"ضلالتي غنيتولا و أحلا كلام قلتولا"
4862,"و الله ضلال قلتولا"
4863,"الليلة ليلة فرحتا"
4864,"تشعل شمعة فطولا"
4865,"يلا قومو غنولا"
4866,"عيونا عيون الغزالة و قامتا شاق ريحانة"
4867,"و الله كما الغزالة"
4868,"ضلالتي لا تنسيني"
4869,"مالي غيركي ضلالة"
4870,"مالي غيركي قربانة"
4871,"لا تنسين يا ضلالة"
4872,"شطوف طراني ربنو اشطوف تراني"
4873,"مو عرف جيراني فالغربة مو عرف جيراني ربنو موعرف جيراني"
4874,"تركنا ديريك ضلالي طمع ف فيلا"
4875,"سيارة و فيديو و رواتب و شي تنتسلا"
4876,"تقول كلمة و اسمع كلامي"
4877,"لاهل الجزيرة وصل سلامي"
4878,"حياة الغربة ربنو قهر و مزلة ربنو قهر و مزلة"
4879,"و الله هالبنت تجنن هالبنت تجنن"
4880,"الله خلقا جكر فالبنات كللن"
4881,"تجيبلا خرزة زرقا"
4882,"تحميها منن .... سرقت قلبي سرقة ومافي شي يطممن"
4883,"حبيتو كرامة عينا تسلملي عينا ...... تروحلا لو هالدنية وقفت بيني و بينا"
4884,"ضحكويتا شمس السما و جبينها يليلي .... قربان ربنا اللي رسم قمر فالعيليي"
4885,"أنا وقت حضرت المسلسل ذكرني بظاهرة غريبة كنت لاحظها وقت أحضر المسلسلات اللي بتحكي عن أوربا بفترة ما قبل الحرب العالمية الأحداث والأفكار بتتشابه بالجوهر بشكل كبير مع واقع العالم العربي هلا"
4886,"حسيت الدنيا عنجد عم تدور بحلقة مفرغة واللي بيدرسو التاريخ بيحاولو يكسروها غالباً بيكون مصيرهم الموت أو التغييب شكراً كتير على المعلومات عندي سؤال بنهاية الجزء التالت كل شي توضّح بقصة الزمن والعوالم إلأا الغرفة اللي كان محبوس فيها هاذا و اللي انقتل فيها هداك هي شو كان سببها"
4887,"هاذا الحكي بينطبق عالموسم الأول والتاني بنهاية التالت نسفو كل هالحكي كتير حلو منك"
4888,"إنك ركزت على إنها موهوبة وأنا أوافقك الرأي"
4889,"والأحلى إنك ذكرت إنها كانت ذكية وهاد الشي قلال بيعرفوه"
4890,"إنها كانت قارئة نهمة"
4891,"بوست جميل"
4892,شكراً
4893,"ماأجملا ما كنت بعرف كل هدول القصص عنها شكرا كتير هلق صرت وقف عندا وأقرأ عنها غير قبل هي يللي بنقلها جاي على المسطرة ماأجملا جميلة القرن وأخيرا حدا حكى عنها بطريقة صادقة و حلوة خلي حسن الظن والشعور الإيجابي مسيطر وصدقوني أهم من اللقاح ياللي عم ينشغل عليه"
4894,"خوان زبّط الوضع الاقتصادي و الديمقراطي كمان خاصة بعد حكم الجنرالات لكنه فاسد"
4895,"و اذا اللي بقمة السلطة فاسد ففيك تتخيّل الوضع تحته صارلها فترة اسبانيا بضيق اقتصادي و اللي عم يدعما الاتحاد الأوربي"
4896,"بس متل هيك قضايا رح ترجع تفتح مواضيع متل انفصال كاتالونيا و إزالة الملكية و غيره مشكلة كورونا كمان زادت الطين بلة باسبانيا و ايطاليا حاليا ماسك ابنه فيليب الملك و رئيس الوزراء بيدرو سانشيز"
4897,"بس مافيني أفتي الصراحة اذا الدولة رايحة لوضع اسوأ أم أفضل وشو سبب قوة البلد للحظة هي يعني على هيك تاريخ وحكي مين اللي مسيطر الآن على الوضع بالبلد"
4898,"أيوا اتحاد أوربي وكرة القدم بظن الها دور وأكيد ما حدا بيعرف شو حيصير بس ملوك اسبانيا من زمان ما بتطلع للإعلان متل ملوك السعودية وغيرها والأخير بدي قلك ما شاء الله عندك كم كبير من المعلومات وبهنيك على امتلاكك هيك معلومات هاد مو نفسه يللي اله فلم عالنت فليكس نسيان اسم الفيلم سقوطا"
4899,"قصدك تحريرا سقوط أو تحرير مو هاد صديقي هدف البوست ناطر التعليق أنا قلت معقول مافي شي ليبرالي ذو الرأي العظيم اللاورائي القادم من اللاشيء محاط بالمادة المظلمة النابعة من أعماق النسبية والكمومي يللي بدو يحكي عالإسلام بأي طريقة"
4900,"الحمدلله لقيت التعليق شو دخل هي بهي الجماعة كانت أرضهم محتلة من القرن التامن وحرروا ما حكينا شي شكرا للمعلومات تاريخ الجمهوريات باسبانيا كان سيء هلق اللي حاكمين من اليسار و هم عم يطالبو بالجمهورية لكن هادا صعب كتير بيضل الملك مدعوم من اليمين و اله شعبية العمى طلعوا أوسخ من جماعتنا نفس الزنخ فيهم شرش عربي من أيام الأندلس واو بصراحة بوست لطيف"
4901,"ما كنت كتير بعرف عن هذه الفترة الزمنية"
4902,"بتمنى تحكي عن الحرب الاسبانية الهولندية يللي بعدا نشأت المملكتين بشكل مستقل كتير كنت حابة اقرأ البوست"
4903,"بس كتير طويلة"
4904,"أنا بموت اذا بقراه بعدما خبّص الزلمة الاختلافات ضلّت ماأخد حقه"
4905,"بالرغم العالم أنو درة نادرة كل كتبه رائعة"
4906,"للاسف المفكر فراس السواح مهضوم حقه كما غيره من المفكرين السوريين"
4907,"أنا بحاول اجمع كل أعمالو"
4908,"لليوم قرأت أربع أعمال لغز عشتار و مغامرة العقل الأولى و الوجه الآخر للمسيح و ملحمة جلجامش بحب هيك أشخاص"
4909,"لسا في الباحث نبيل فياض"
4910,"عندو كتب دينية بتاريخ الأديان كتير من أهم انجازاته كتب رائعة وفعلا مهضوم حقه هون بالبلد"
4911,"مو حرام هيك باحث مايتقدر بزمنه انسان عظيم"
4912,"ومأكول حقه أكتر شي فيه حلو انو ما بيعطيك رأي ديني بيعطي يللي عندو والمعلومة التاريخية بدقة عاد أنت واختيارك"
4913,"بدك تبني عهالمعلومات أو لا ما بعرف شو أحكي عنه"
4914,"بجنن والبطل مو طبيعي أتقن جميع الادوار"
4915,"واغنية المسلسل لحالها شي تاني"
4916,"بتحس حالك بتنفصل عن الواقع بس تتفرج عهيك نوع من الدرامات"
4917,"بس اللي بدو يحضره بدو يكون من محبين الدراما والشغلات اللي ما بتتصدق بواقعنا ما بيناسب الجميع حاولت احضره ماعجبتني أول 3حلقات ما قدرت كمله"
4918,"قلولي بدايته ركيكة بس بعدين بيشد"
4919,"بس ماقدرت شوفو"
4920,"والبطلة غليظة كتير"
4921,"المسلسل حلو كتير وعرض الفكرة بطريقة بسيطة ومؤثرة والأبطال بيجننو ما قدرت تابعو ما شدني"
4922,"هالمسلسل رائع وبيستحق تقييم عالي من كل النواحي حتى الأغاني تبعه شغلة الشي يلي بيدايق إنو بوقت طلع الكل كان بيستهجن فكرة الكورية"
4923,"لهلا لشوي العالم بلشت تتفتح عالموضوع ما ؟ وهون كل ما كانو يحطو شي عالكوري كلو يتمسخر بس يعني انا تقريبا بقول عكل يلي بتابعون حلوين لهيك مافيكون تعتمدو ع رأيي???????? بس بشكل عام اغلب المسلسلات الكورية بتجمع اكتر من تصنيف كوميدي على آكشن على تحقيق على دراما الخ .. واغلبون بكون فيهون قصص جديدة ف كتير بندمج فيهون انا طيب هيك انحرق ولا هالحكي كلو باحداث اول حلقة ؟؟ مشان اعرف احضرو ولا خلص يسلمو"
4923,"لهلا لشوي العالم بلشت تتفتح عالموضوع ما ؟ وهون كل ما كانو يحطو شي عالكوري كلو يتمسخر بس يعني انا تقريبا بقول عكل يلي بتابعون حلوين لهيك مافيكون تعتمدو ع رأيي😂😂 بس بشكل عام اغلب المسلسلات الكورية بتجمع اكتر من تصنيف كوميدي على آكشن على تحقيق على دراما الخ .. واغلبون بكون فيهون قصص جديدة ف كتير بندمج فيهون انا طيب هيك انحرق ولا هالحكي كلو باحداث اول حلقة ؟؟ مشان اعرف احضرو ولا خلص يسلمو"
4924,"بعام ال 1975 مهندس فهيم اسمو """" ستييف """" بيخترع أول كاميرا رقمية بالعالم ضمن شركة """" كوداك """" يلي هيي من أقدم وأضخم الشركات اللي بتشتغل بمجال معدات التصوير والتحميض ( يعني الصور القديمة ) ???? والطباعة???? ، بسعادة عارمة و هو لابس نضارة سودا للوزان خبر إدارته عن الإنجاز الجديد .."
4924,"بعام ال 1975 مهندس فهيم اسمو """" ستييف """" بيخترع أول كاميرا رقمية بالعالم ضمن شركة """" كوداك """" يلي هيي من أقدم وأضخم الشركات اللي بتشتغل بمجال معدات التصوير والتحميض ( يعني الصور القديمة ) 📸 والطباعة📸 ، بسعادة عارمة و هو لابس نضارة سودا للوزان خبر إدارته عن الإنجاز الجديد .."
4924,"بعام ال 1975 مهندس فهيم اسمو """" ستييف """" بيخترع أول كاميرا رقمية بالعالم ضمن شركة """" كوداك """" يلي هيي من أقدم وأضخم الشركات اللي بتشتغل بمجال معدات التصوير والتحميض ( يعني الصور القديمة ) ???? والطباعة🎞 ، بسعادة عارمة و هو لابس نضارة سودا للوزان خبر إدارته عن الإنجاز الجديد .."
4925,"🔻الإدارة شافت الإختراع 🔻الإدارة شافت انو الإختراع ما بيحتاج لفيلم 🔻الإدارة قالت : """" ظريف ، بس ما تخبر حدا عن اختراعك """" بتهكّم 🔻الإدارة كبتلو مي باردة والسبب ببساطة لأنو معظم أرباح الشركة بهداك الوقت ما كان عن طريق بيع آلات التصوير وإنما الفيلم الخاص فيا . ( هالإدارة عندا منظور إستراتيجي وأفهم منو لهالمهندس الفهيم ، مزبوط ⁉ ️ أو هالإدارة ما عم تفكر بمصلحتا بشكل صح ❗ ️ خلينا نشوف ..."
4925,"????الإدارة شافت الإختراع ????الإدارة شافت انو الإختراع ما بيحتاج لفيلم ????الإدارة قالت : """" ظريف ، بس ما تخبر حدا عن اختراعك """" بتهكّم ????الإدارة كبتلو مي باردة والسبب ببساطة لأنو معظم أرباح الشركة بهداك الوقت ما كان عن طريق بيع آلات التصوير وإنما الفيلم الخاص فيا . ( هالإدارة عندا منظور إستراتيجي وأفهم منو لهالمهندس الفهيم ، مزبوط ⁉ ️ أو هالإدارة ما عم تفكر بمصلحتا بشكل صح ❗ ️ خلينا نشوف ..."
4926,") بعام ال1981 في شركة لطيفة اسما """" سوني """" بتطرح “ Mavica ” كاميرا رقمية ما بتحتاج لفيلم وبتعرض الصور على شاشة التلفزيون ❗ ️ و هون بدأ التغيير الحقيقي بعالم التصوير وبلش خبراء دراسة الاسواق يقولوا انو عصر الكاميرا التقليدية تبع التحميض رح ينتهي قريباً شركة كوداك اللي نشأت بال 1880 يعني عمرا قرن ❗ ️قالت من المستحيل انو الناس تنقل على التصوير الحديث وشافو انو الأمور بخير و الوضع ممتاز بعدا بفترة قصيرة المدير التنفيذي لكوداك بقول انو لازم نتصرف بشكل سريع وحطو خطة انقاذية بتعتمد على """" دمج تقنية الأفلام والتحميض مع التكنولوجيا الرقمية الجديدة """" بمعنى آخر ما تقبلو التغيير الجذري واخترعو نظام تصوير جديد اسمو """" Advantex """" كلّفهن 500 مليون دولار بوقتا ، يلي تبين لبعدين انه الناس رح ترفضه ... بنفس الوقت شركات تعتبر ناشئة متل """" فوجي """" و """" سوني """" اليابانيات دخلو عالم التصوير الرقمي وبدأوا بالظهور أمام العملاق كوداك يلي تأخر بإصدار أول كاميرا لحد عام ال1991 وكان كما يقال """" سبقَ السيفُ العذل """" و خسر حصته السوقية . بمعاناة مالية ????استمرت لعقود وأخطاء توصف بأنها أخطاء إستراتيجية قاتلة أعلنت شركة كوداك إفلاسا ???? بعام 2012 لتنهي مسيرتها و تخرج من تاريخ التصوير بالكامل ."
4926,") بعام ال1981 في شركة لطيفة اسما """" سوني """" بتطرح “ Mavica ” كاميرا رقمية ما بتحتاج لفيلم وبتعرض الصور على شاشة التلفزيون ❗ ️ و هون بدأ التغيير الحقيقي بعالم التصوير وبلش خبراء دراسة الاسواق يقولوا انو عصر الكاميرا التقليدية تبع التحميض رح ينتهي قريباً شركة كوداك اللي نشأت بال 1880 يعني عمرا قرن ❗ ️قالت من المستحيل انو الناس تنقل على التصوير الحديث وشافو انو الأمور بخير و الوضع ممتاز بعدا بفترة قصيرة المدير التنفيذي لكوداك بقول انو لازم نتصرف بشكل سريع وحطو خطة انقاذية بتعتمد على """" دمج تقنية الأفلام والتحميض مع التكنولوجيا الرقمية الجديدة """" بمعنى آخر ما تقبلو التغيير الجذري واخترعو نظام تصوير جديد اسمو """" Advantex """" كلّفهن 500 مليون دولار بوقتا ، يلي تبين لبعدين انه الناس رح ترفضه ... بنفس الوقت شركات تعتبر ناشئة متل """" فوجي """" و """" سوني """" اليابانيات دخلو عالم التصوير الرقمي وبدأوا بالظهور أمام العملاق كوداك يلي تأخر بإصدار أول كاميرا لحد عام ال1991 وكان كما يقال """" سبقَ السيفُ العذل """" و خسر حصته السوقية . بمعاناة مالية 💸استمرت لعقود وأخطاء توصف بأنها أخطاء إستراتيجية قاتلة أعلنت شركة كوداك إفلاسا 💸 بعام 2012 لتنهي مسيرتها و تخرج من تاريخ التصوير بالكامل ."
4927,"( طيب أنا حتى كاميرا ما عندي ، شو بدكن هلأ ؟! ) من الصعب يمكن انو نقرأ شكل التغيّر القادم إلنا وبكتير محلات لازم نتخذ قرارات مصيرية رح تكون صعبة كمان .."
4928,"و رح تساهم هالقرارات بتحديد شكل المكان والحالة اللي رح نكون فيها خلال الأعوام القادمة على الصعيد الفردي أو الاجتماعي أو الاقتصادي و أكيد على صعيد الأعمال ..."
4929,"الاستجابة للتغيير عبر التاريخ كانت من أهم سُبل البقاء ، وكل اللي قدروا يستمروا بظل التغيّرات من أشخاص وشركات ومجتمعات وحتى حضارات هنن يلي تأقلموا مع التغيير و قدروا يلاقو حالهن مجدداً من خلاله عالم اليوم مو بعيد عن هي القصة ، والتغيير قادم بالتأكيد ، وأمامنا العديد من المعطيات يلي لازم نقرأها بشكل صحيح لنحدد شكل الاقتصاد والأعمال والعلاقات وأساليب النجاح و التواصل القادمة قريباً .."
4930,"وبيبقى السؤال ⁉ ️ إلى أي حد نحنا اليوم جاهزين للتغيير نحو الأفضل نفس شركة نوكيا بس على فكرة صحيح التطور حلو بس بيضل الماضي والعراقة احن بحب كتير صور التحميض وبحسن اصدق و انا .."
4931,"بتعرفي لانو عنجد بحبهم بطبع صور من الموبايل و بعمل البومات بقول باي لحظة بينمحى كلشي هيك بيضلوا ذكرى و بتتصفحيها ايمتى ما حبيبتي بدون كهربا ا شحن و . أحن متل ما قلتي منشور رائع .."
4932,"أصحاب الرأي الواحد و التناحة ما بيجيبوا لحالهم غير الفشل .."
4933,"و الأسوأ القناعة التامة ب أفكارهم و عدم مناقشة الآخرين يلي ممكن يكونوا فعلا عندهم نظرة تطورية و بترفعهم و بترفع الشركة بس ثقتهم العمياء بأنفسهم و قدراتهم و عدم إيمانهم بمفهوم الشراكة او تقديرهم لقدرات موظفينهم بيمنعهم من النقاش ."
4934,"معظم قصص الفشل يلي منسمعها بتكون لنفس السبب ."
4935,"مابعرف إذا رح يكون النا اساسا دور بالتغيير فينا نبلش بالتغيير على الصعيد الشخصي اول شي"
4936,"انا كتير كنت مع هاد المبدأ .. انو التغيير شو ماكان لازم يبلش عالصعيد الشخصي وبعدين نتائج هالتغيير رح تنعكس حكما عالناس الي حوالينا وهيك .. بس كتير صعب خاصة بظروفنا الحالية ... الناس عم تنتكس ونفسيا عم ترجع لورا الوضع صعب و الكل معه حق يتعب بس ماله مستحيل كتير حلو واساسي بالمرحلة الراهنة وبالمرحلة القادمةواكتر شي مزعج ممكن يمر فيه الشخص . بالحياة انو يكون تحت ايد مدير ضد عقلو الاستجابة للتغيير متل ماصار مع ستيف بس دائما الخواتيم عادلة هاد المدير رح يلاقي حاله برا الشركة بعد مايكون سبب مباشر بتحقيق خسائر نتيجة قصر نظره ."
4937,"انتي مظبوط كلامك تماما .. بس عطيتي المثال بالمكان الغلط مافي شعب بالعالم الا مو متمسك بتراثه وحضارته القديمة على عيني اخي كل الفراعنة والفينيقيين والشعوب والحضارات والالهة وكل ما يُعنى بتاريخ المنطقة .. بس ما رح يغير شي دائما منهتم بالأموات أكتر من الاحياء هالاموال اللي رح تنصرف بهيك موكب بتطعمي كتير عيلات فقيرة بمصر بس للاسف هيك صاير واقعنا كلو مظاهر ورجعت اليوم عالسوق بتغيير بالسياسة ، وبشراكة مع غوغل ، صح مانها رقم واحد بالسوق اليوم ، بس هي رجعت بين أول عشرة مصنعين ."
4938,"وأنا واحد من الأشخاص اللي ما قدرت أعطي ثقتي لأي موبايل باستثناء نوكيا ، ولهلأ بعدني من المستخدمين اللي عندن انتماء للاسم انت والمدير التنفيذي للشركة عاطينا الثقة ولازم كل مانزلو شي جديد يبعتولك نسخة لتعملو مراجعة وتطبلن شوي والله انا هاد الموضوع قريت عنو كتير وحضرت كتير فيديوهات بتشرحو بس ضلت هالنظرية معقدة بالنسبة الي بس كمان مشوقة بنفس الوقت"
4939,"يا ويلي عليك شو مذوق أسلوبك كتير لطيف ومعلومات عميقة كتير شكلك كتير اشتغلت عالموضوع ونيالك فعلا كان عندك الصبر لترضي فضولك وتلخص الحكي عنن بهالطريقة هي حتى لو جبت ألف دليل ، الناس اللي مقتنعة بالابراج ما رح تصدق اي دليل ، ما بعرف شو السبب ، شي غريب معتقدات الناس اللي ما بتنزاح عن راسا فعلا أي معتقدات متوارثة مستحيل تطلع من الراس ولو بألف دليل علمي تسلم كلك ذوق البوست كتير رهييييب يعطيكي العافية طبعا مستحيل صدق الابراج لان كل شخص عندو حياتو الخاصه الي مابتشبه التاني ."
4940,"وبيحي المنجم بيعمم الفكرا انً بكرا عندك رزقه وشغل بعدين بتجيه سياره بتدعسو وبيلتزق بدل مايرتزق في عالم مأمنه بالابراج اكتر من القدر وماشيين عليهن هيي لا انتصرت ولا شي بس ما عندا ولا مورد للدولة وكل اقتصاد الدولة معتمد فقط ع السياحة يعني اذا سكرو السياحة الدولة رح تنهار رغم كرهي للوطن العربي من المحيط للخليج بس تونس مو اول انتصار الها بكون فخور في انتصروا بحكاية الربيع العربي وماخلوا حدا يتدخل فين وانتصروا بوباء عالمي دول عظمى ماقدرت تسيطر عليه كل التقدير والحب للشعب الواعي الراقي التونسي وعقبال ما نتعلم منن شوي بباقي المزارب العربية تونس من أكتر الدول يلي شعبا واعي وراقي ويستحق كل الاحترام والتقدير بتمنى عنجد تكونوا انتصرتو عالكوفيد بلكي بتصيرو درس وعبرة للدول العربية التانية تونس أكتر بلد بتحسو مو من الوطن العربي .."
4941,"عرفانين يشتغلو صح ياريت ننعدا منون شوي ملخص حلو والله عن الكتاب وبالفعل كل متقرأو بتكتشف شي جديد انا قرأتو اول مرة من سنتين ونص ورجعت قرأتو لما حكتلكم عنو كمان اكتشفت شغلات جديدة ما كانت مبينة عندي نشالله ..."
4942,"الاوراق مصفرة بدا ضو كتير بس لاتحطا بالشمس اذا الحرارة مرتفعة كتير ورش ع وراق مي بتحب الرطوبةوسقي كل يوم ضل رطوبة بالتربة"
4943,"إي والله يا سادة ياكرام اليوم جميلتنا من اليونان الشقيق قديمة كتييير .. اسما """" أسباسيا """" خلقت تقريبا ب470 ق . م بإحدى مدن هالبلد بس نشأتها كانت بأثينا العاصمة .."
4944,"المهم انشهرت بعهد """" بركليز """" .."
4945,"بركليز هاد يا معلم سياسي محنك وابن حلااال مصفى اشتهر بالبلاغة وبالخطابة ولبعدين استلم السلطة المالية و الروحية لهداك الوقت وأوعكن حدا يستهين بالسلطة الروحية لهديك المرحلة يعني مو متل هلق شو ما حكي صاحبا بيألفوا نكت المهمممم كل شي قبل معرفتا ب """" بركليز """" مو مذكور .."
4946,"حتى جمالها اللافت كان مقصرين بحقوا شوي جماعة الفلسفة .."
4947,"تخيلوا إنو سقراط بذاتو وأفلاطون بنفسووو كتبوا عنها !! وغيرن من فلاسفة هداك الزمن .."
4948,"بقولوا شعرا كان ذهبي ورجلها كتير صغيرة ونعومة و وصف لهالحلوة """" اسباسيا """" مانو مسهبين فيه صحابو عقولة المؤرخين .."
4949,"بس المعروف أنها كانت ذكية ومستوى تعليما عالي تنافس فيه علماء وفلاسفة هداك الزمان .."
4950,"كانت الملوك تحضر حتى تستمع لخطبتها وبلاغتها .."
4951,"وتسحر العقول بكلاما الموزون يقال انو ست الحسن كانت فمنيست حقيقية متحررة كتير وتؤمن بحرية المرأة و أصلاً ضد أنو هالمرة تركن ببيتا بعد الزواج للطبيخ و للمسح والجلي وتقميع البامية .."
4952,"و انو شجعت نساء هديك الفترة ليقلدوها وينزلوا للحياة العامة بأثينا ويشاركوا فيها ويتعلموا ويساهموا بالسياسة كمان .."
4953,"بس يعني هية كانت أوڤر شوي الصراحة يقال انو كانت صاحبة ماخور بس لهلق علماء التاريخ ما أثبتوا هالشي فاستعاروا عبارة """" لطفية """" تبع باب الحارة ونفخوا وقالوا ماااا منحط بذمتنا .."
4954,"يقال انو هيك أوشااعات كانت من أعداء صاحبا """" بركليز """" اللي كان بمثابة عشيق لاسبازيا .."
4955,"لهلق ناس بتقول تزوجها وناس بتقول العلاقة ضلت غامضة وأنجبت منو ولد برضو """" بركليز """" جونيور استلم الحكم لما كبر لهيك يقال أنو تزوجها فعلاً وهية من الحرائر لأن أصلا إذا كانت سبية أو غير هيك ما بيورت ولدها الحكم .."
4956,"إي شوووو بعرفني على هالورطة أنا اللي ورطت حالي فيها الظاهر سلسلة الجميلات كلا هيك ظنون وذنوب المهمممم كل فنانين هديك المرحلة والشخصيات المهمة زارت هالمخلوقة وانغرمت بثقافتا ملك فارسي مدحها وقال لازم اللي بدو يشتغل بالمحكمة يجي يتعلم من """" اسبازيا """" لأن فعلا كان لكلامها قوة تأثير لما اعتقلت وبعد شوي منشوف ليش .."
4957,"وكان لقبها الملكة التي لم تتوج لأن كان إلها الأثر الواضح بالقرارات السياسية .."
4958,"عرفت برجاحة عقلها اللي خلتها تعمل دار لتعليم الفتيات على طريقة """" سقراط """" وهية طريقة بالحوار بتاخد منحى المحاججة من خلال الأسئلة والتجاوب معها .."
4959,"المهمممم كان إلها دور سياسي بحرب ساموس لما علقوا الساموسيين وأهل مالتوس و إجت أثنيا قالتلون ستوووب بس خصبقى .."
4960,"جماعة ساموس ما ردوا وكملوا حرب قام والله جوز سوسو وكرمال عيونا ولأنها من مالتوس بعت جيش مسح الأرض بالساموسيين وقتل """" ساموس """" شخصيا .."
4961,"هون بقى احمرت العين عليهن استدعوهن للمحكمة والتحقيق راحت سوسو ولقت كل ملفات الكوون بانتظارها .."
4962,"على انتِ افسدتي نسوان أثينا على انتِ قتلتي ساموس على انتِ ضد الآلهة قشة لفة هيك كانت تهم هديك الأيام .."
4963,"ليش سبيتلي إلهي والله لربيك واعدمك بالساحات .."
4964,"ع كل ما اختلف الجو كتير عن هلق بس والله هالسوسو طلعت كفو وطلعت براءة من هالقصص كلا وعرفت شو تحكي وشو تقول انكتب قصائد و أدب كتييير عن سوسو وقصتها مع المغضوب اللي نسيت اسمو وعفكرة يعني الها وزنها بالأدب الحديث وعند شعراء النهضة والرومانسية بالقرن التاسع عشر وهالحكي كلو تعترت أسباسيا بآخر أياما .."
4965,"زوجا اكتأب بعد موت صديق مقرب وولادو تنين من زوجتو الأولى و قبل ما يموت هو بالطاعون غيّر بالدستور ليورت ابنو الجونيور لأن أصلا كان القانون انو أي حاكم لأثينا لازم يكون من أب وأم أثنيين .."
4966,"تزوجت سوسو من جنرال عسكري حكم أثينا بعد زوجا .."
4967,"وانعدم ابنا اللي صار قائد أثينا لما كبر .."
4968,"اي وتوفت بعدين هية وضلت أيقونة الحرية و الجمال والذكاء والفكر السياسي لليونانيين أول صورة رسم متوقع الها تاني صورة صدق أو لا تصدق تمثال الها رخامي لقوه بعثة اثار دنماركية بقلعة حماه السورية بالتسعينات .."
4969,"طبعا الها كتيير تماثيل حبيت هاد انا .."
4970,"هية حاملة وردة عفكرة بايدا اليسار بس محطمة التالتة لوحة زيتية الها ويللي يعني يمكن ما ضل فنان عمر العصور ما رسم أسپاسيا آخر مهم لليوم تضلوا بخير رح حط لينك فيه بوست عن الجميلة السابقة للمهتمين لو متابع بشوية دقة بس عبد كنت عرفت انها خلقت ب مالتوس وانو """" باحدى مدن هالبلد """" ما كانت جملة اعتباطية أبدااا بما يخص الاسلوب الروائي الفخم الذي تتمتع فيه حضرتنا مع التبني بالمطلق ، بحالة قدرة الزوجين على الانجاب او عدم قدرتن عالانجاب .."
4971,"في كتير أطفال صار واجو على هي الدنية وهنن بحاجة يربو بعيلة بعيد عن الشوارع ودور الايتام .."
4972,"مشاعر الأبوة والأمومة المفروض تكون انسانية عند البشر وما تكون غريزية مرتبطة بالجنس وبالتالي الانجاب .."
4973,"التبني هو اللي بيخلي الانسان يحس تجاه انسان اخر بالحب الغير مشروط ( غير مشروط بكونو ابنو البيولوجي ) .."
4974,"بمجتمعنا هاد المنطق مرفوض مع الاسف لأسباب دينية بالغالب واجتماعية تانياً الا علاقة بنظرة سلبية لمجهولي النسب والاصل والفصل و الخ .."
4975,"بالنسبة الي الانفجار السكاني مصيبة والتبني بيحل جزء كبير من هي المشكلة عدد السكان عالارض كبير اصلا فليش لنخلف و نزيدن لا ما بيتناسب مع مجتمعنا بس متل بعضا بيحكو شوي لأن مالين و بعدين بيسكتو العالم الإيجابيات انك ما تجيب حدا جديد تعذبو اكتر بهالعيشة الخيرة اللي كلها هناء و انك تساعد حدا موجود اصلا انو يكبر و يصير قادر وواعي يواجه جمال الحياة انك تتبنى و تخلف ما في مخاطر بس شو السبب اللي دفع العائلة لتقرر هيك هو اللي بيحكم انا اتبنى يتيم و لكن بعمر مناسب انو ربيه صح"
4976,"هلا التبني كلمة فضفاضة شوي انا مع اني جيب ولد يتيم وربي ليكبر مع اني فهمو وعرفو انو مو ابني لانو هاد حقو عليي ومابصير احرمو ياه لحتى يصير بعمر بيخولو انو يعيش لحالو ضد اني جيب ولد يتيم وفهمو انو انا ابو ومرتي امو وخاطر انو يعرف يوما ما نسبو الحقيقي ويسبني ضد انو نترك اليتاما بدون رعاية بحجة انها حرام"
4977,"أنا كثير بشجع التبني وبحسو أكبر حل لكثير مشاكل منها مشكلة الأيتام وبعض مشاكل الإنجاب عند بعض الأزواج"
4978,"للأسف مجتمعنا ما بيتقبل هيك فكرة بس انشالله يوماً ما يقدر يتقبل أو ع الأقل يترك الناس اللي اختارت هيك خيار جميل بحالها"
4979,"الإيجابيات طبعاً إنك تغير حياة بني آدم من حالة لحالة ومو قصدي ع الحالة المادية بالعكس قصدي ع الحالة النفسية من حنان ورعاية وجو شبه طبيعي ليكبر فيه إضافة لأنو العطاء بيسمى بالإنسان وأجمل شعور تكون أم أو أب قادر يعطي من حنانو لطفل سواء من صلبك ولا لاء السلبيات برأي آراء المجتمع والأقارب إذا ما كانوا داعمين لهالشي فممكن تتأثر نفسية الطفل المتبنى"
4980,"بالنسبة لسؤالك الخامس ، أكيد إذا في وعي من الأهل وعدم تفريق واستيعاب لفكرة إنو الطفلين هنن ولادك بتوقع ما رح يكون في مخاطر بس برجع بقلك طالما الأقرباء والمجتمع مش داعم فطبيعي وأقل من طبيعي تتواجد الفروقات وع حساب نفسية الطفلين طبعاً بختار التبني ، لأنو الأطفال محتاجين بيت وعاطفة أكثر من مال كفالة طبعاً أكيد مع التبني نحنا صرنا بالقرن 21 المبررات الدينية مرفوضة تماماً صرنا بالقرن ال 21 لازم نفهم أنو الدين و الإنسانية لا يتعارضان خاصة أنو صاير كل واحد عم يطلع و يفسر عكيفو"
4981,"رأي المجتمع بالنهاية مالازم يعنيك لأنو هاد مجتمع غالبيتو سيئة و بيمشي بس ع البصم و ما بيعتمد لا الفهم ولا التحليل هاد قرارك أنت بالنهاية و أي إنسان مثقف و واعي رح يكون معك لذلك لا يهمك رأي الباقي التبني عمل إنساني و خير إنك تآوي اليتيم و تطعميه و تعيشو ببيئة محروم منا هي هو الخير بعينو و بدي اسألك شو منا الحياة غير هالتفاصيل هي ????"
4981,"رأي المجتمع بالنهاية مالازم يعنيك لأنو هاد مجتمع غالبيتو سيئة و بيمشي بس ع البصم و ما بيعتمد لا الفهم ولا التحليل هاد قرارك أنت بالنهاية و أي إنسان مثقف و واعي رح يكون معك لذلك لا يهمك رأي الباقي التبني عمل إنساني و خير إنك تآوي اليتيم و تطعميه و تعيشو ببيئة محروم منا هي هو الخير بعينو و بدي اسألك شو منا الحياة غير هالتفاصيل هي 💕"
4982,"في الملايين من الأيتام و نحنا لازم نتعامل مع كل البشر بسوية وحدة لا يقلولك دم حرام و حلال هي حكي فاضي و مالو طعم .."
4983,"الولد ما ذنبو شي هي معتقدات غجرية قديمة اي إنسان مجرب و شايف ما بياخود فيا .."
4984,"و اتأكد اتأكد عمل الخير بعمرو ما بيتعارض مع الدين انت لما بتتبنى ولد رح تكون رضيان عن نفسك بكل ليلة و ضل تذكر انو هاد الولد لولاك كان هلا جوعان و بردان اكيد مع لان انت بالنهاي عم تحمي وتآمن مستقبل طفل من الضياع بس انا لو بدي اتبنا رح . فضل الطفل الصفير ( البيبي ) مشان بلش معه حياته من اولها واستمتع بطفولته لان اجمل مراحل الولاد هيي طفولتن وبتثبت روابط الحب بين الطرفين مع انو يكون في تبني لان كمية الاطفال يلي فقدت اهلها كتير كبيرة وهدول يفترض يا اما الدولة تكون قادرة تامنلن حياة كريمة وهاد الشي ما عنا منو لهيك الحل انو يكون في عائلات تتبنى هاد الطفل لان مو ذنبو انو ولد بهيك وضع .."
4985,"اي شي مانو كتير شائع بالمجتمع منفكرو ما بيتناسب بس اذا الاهل اقواياء شخصية وليعرفو يدافعو عن وجهة نظرن بخلو كلشي حواليهن يحترم الموضوع واكيد بدو يصير لت بس هاد عادي ..."
4986,"مخاطر انجاب طفل وتبني اخر بظن انو ممكن تتولد حساسية عند الطفل المتبنة انو هدول مو اهلي الحقيقيين ..."
4987,"اذا خيروني بين تكفل وتبني فختار حسب الحالة اذا عندي اطفال بتكفل بس اذا لا فبتبنى مع التبني لان شو ماكان وضعو بضل طفل تربايتنا اللي رح تأثر فيه مو أهلو اللي ولدوه ...."
4988,"مجتمعي مابيسمح .... مع التبني مقابل الانجاب العالم مو ناقصو ولادات ومافي احلى من انو تجبر بخاطر طفل اكفل او اتبنى ما بتفرق معي بس لو في مجال كنت بكفل لان المحيط اللي انا فيه ومجتمعي مابيسمح بالتبني مع التبني جدا .."
4989,"بكل الأحوال .. وطبعا التبني وليس الكفالة ..."
4990,"لأنو العاطفة هية لي رح تبني هالانسان صح .."
4991,"وأول شي لازم مانفكر فيه هوي القبول الاجتماعي ..."
4992,"بالتبني بتكون عم تزرع فكرة سامية بهالطفل وطفلك الحقيقي وبمحتمعك ..."
4993,"وهالفكرة قادرة تحارب اعقد مجتمع بشوية تصميم ..."
4994,"قد ماتحاربت رح كل واحد عارضك رح يرجع جواتو يقلك شكرا ..."
4995,"يعني هية قضية سامية ..."
4996,"رح تنجح طالما الصدق أساسا .."
4997,"ومهما حدا ذكر سلبيات فهنن أقل بكتير من الايجابيات ."
4998,"مرحبا ، معليش حدا يشرحلي شو يعني يكفل يتيم بلزبط لانو ماني فهمان الفكرة ؟"
4999,"اليتيم بيسكن مع الكفيل لما بيضل بالميتم بس بيكفلو ماديا لما بيزورو ، يمكن سؤال بسيط بس سايرونا هلمرة مع لأنو عمل انساني و كتير حلو انك تعطي انسان فرصة يعيش شعور انو في عندو اب و ام .."
5000,"متل ما الام او الاب ازا ما كان عندن قدرة الانجاب ف كمان هنة رح يقدرو يحسو بشعور الابوة و الامومة الاحصائيات بتقول انو في عدد كتير كبير من الاطفال اللي ما الهن حدا و كل مالو عم يتزايد العدد .."
5001,"فلما بتتبنا طفل انتا هيك بتكون عم تغيرلو كل مستقبلو و عم تمنحو فرص كتير حلوة و كبيرة ."
5002,"المجتمع العربي لحد اللان رافض هاي الفكرة .."
5003,"بس بظن مع الايام رح يصير يتقبلا لأنو عدد هدول الاطفال كل مالو يتفاقم و بظن انو الحل الامثل يصير انو الناس تتبنى ولاد بدال الانجاب .."
5004,"بصراحة المشكلة هية مشكلة دين و حكومات لو هنة بيسمحو بهالشي كان اغلب الشعب اتبنى ( انا ك شخص ما بشوف انو في حكمة من هالشي ) ."
5005,"ايجابياتو : عم تمنح انسان حق العيشة متلو متل اي طفل عندو اهل ، ممكن هالطفل يعمل تغيرات و تطورات كتير بالدنيي و يكون عندو قدرات بدون اهل او ناس يساعدو ما حيقدر يعمل شي ."
5006,"سلبياتو : انو ممكن بالمستقبل يحس حالو مختلف عن الباقيين و ممكن يصير في تفرقة ازا كان في اخوات تانيين بالعيلة ."
5007,"بتبنى وفي فرضية يضل طول عمرو ما بيعرف مين هوي وما كسب شي بالنهاية والمضحك اكتر انو نترك شخص بس لمجرد نحنا عايشين على أمل يجو أهله يوما ما ويتعرفو عليه ، وبالنهاية إذا يلي عم يتبنى الولد فعلا أنسان ف رح يرجع الولد لأهلو في حال فكرو يسألو عليه وبهل حالة بيكون الولد عاش حياة كريمة وما انحرم من شي مع التبني بشروط انو يعرف انو هوي طفل متبنى ابل سن ال١٠ انو ما ينسب اسمو للعيلة الي اتبنتو انو يكون متبنى بعمر زغير طبعا في لغط حيصير انو هل يورث او لا طبعا ضمن احكام الشريعة الاسلامية ما بصير انو يورث بس اكيد مافي مانع انو اهلو او العيلة الي متبنيتو تساعدو ليبني حياتو برضاهن وعلى حياة عينن مع لانو فيي اطفال كتير بالعالم مافي داعي نزيدن عادي شو دخل لمجتمع انك عم تقدم حب وتحس بالحب ، مساؤو تتعلق بقضايا قانونية ممكن اذا غزبك على كبر تكرهو مابعرف احتمال لا بتبنى ولد اكيد و عفكرة انا أكيد رح اتبنى طفل بيوم من الأيام"
5008,"أم أم حالو : وسخ نفسه"
5009,"لسّعتني : لا أزال"
5010,"بركي : احتمال"
5011,"بركدن : احتمال أيضاً"
5012,"تنئ : تلح على الموضوع"
5013,"* : باب زئاء : باب المنزل الخارجي"
5014,"أدَء رئبة : اسوأ من الذي قبله"
5015,"لعنة مكبرتة : شخص مكار"
5016,"بنوب : نهائيا"
5017,"مخَستِك : مريض"
5018,"عواضُن : عوضا عنهم"
5019,"محموء : مهتم للأمر كثيرا"
5020,"مأروء : منزعج"
5021,"رايئ : سعيد"
5022,"أفّعت معو : لم يعد يتحمل وفقد صبره"
5023,"عم تكش علينا : انت تكذب الآن"
5024,"سكملة : طاولة صغيرة"
5025,"الطؤ : كنباية لشخص واحد"
5026,"آطع : كنباية لعدة أشخاص"
5027,"انفلئ : افعل ما شئت فأنا غير مكترث"
5028,"حليئ من هون : اغرب عن وجهي"
5029,"سنجأ عرض : الشخص الذي يعارض كل شيء"
5030,"بمشَئّيتون : بجانبهم"
5031,"وزّن : فعل امر بمعنى اجمد وحافظ على وقارك"
5032,"لحنا : نحن"
5033,"لح أو رح : بمعنى سوف"
5034,"مالي غضران : لا استطيع"
5035,"شحني : أنا هنا امامك"
5036,"ليكني : أنا هنا امامك"
5037,"بدي رو : بمعنى اريد ان اذهب"
5038,"شِه : علامة استفهام تستخدم اذا لم يعجبك الحوار"
5039,"شبك : ماذا بك ؟"
5040,"وشي : وجهي"
5041,"مأنزع : مغرور و متكبر"
5042,"خسل وشك : اغسل وجهك"
5043,"انبَحَت : لم يعد يتوقف عن الكلام"
5044,"سد حلئك : اسكت"
5046,"باجوءك : فمك"
5047,"شيت : تستخدم للملكية / هذا الشيء لي """" شيتو .. شيتي """""
5048,"غليظ / سئيل : كلها تأتي بمعنى دمه ثقيل"
5049,"نشء عليه : نزوره في منزله للإطمئنان على صحته ."
5050,"بأفرك : استطيع ان اكشفك بسهولة"
5051,"ليش بئا : لماذا"
5052,"لا تسلبا / لا تخاتلا : لا تحاول الانكار فقد أرشتك"
5053,"أرشتك : قبضت عليك متلبسا"
6065,"يتناوء فيني : ينظر الي نظرات مريبة"
5055,"مشأرِء : اكثر من مبسوط"
5056,"* : أوام : بسرعة"
5057,"شبك : ما بالك"
5058,"إشتلئ : انتبه للأمر"
5059,"على بنا : على اساس"
5060,"بلا لوفكة : لا تحاول تغيير السيرة"
5061,"روح اندفس : تقال للولد الغليظ عندما يريد أهله منه أن ينام"
5062,"يعلى عيونك : وتستخدم لعدة مواقف"
5063,"اصحك : انتبه ان تتورط"
5064,"أوعك : بمعنى اصحك"
5065,"خطوف رجلك : اذهب الى هذا المشوار القصير"
5066,"ما فشرت ولا : وتستعمل في نهاية نقاش حاد وقبل بداية قتال الشوارع"
5067,"أسٌع : أزح قليلا لو سمحت وأحيانا بدون .. لو سمحت"
5068,"لا تاكل هم : لا تحمل هم الدنيا ومعاناتها"
5069,"ينضرب على آمتو : فليتحمل نتيجة قراره"
5070,"يصطفل : فليتحمل نتيجة قراره .. ألطف من التي قبلها"
5071,"يتحورق ويتأمع : لم نجد لها معنى"
5072,"مجنط : مفلس"
5073,"كحتة : بخيل جدا"
5074,"نعيان : كسلان"
5075,"عقله جوزتين بخرج : تفكيره محدود"
5076,"حاجة تحوص وتلوص : يكفي مناورة"
5077,"خروء : خرطي : جبان"
5078,"معِت : يحب العتعتة"
5079,"بيمزع العئل : جميل جدا"
5080,"فتيلتو طويله : ياخذ وقتا للاستعداد"
5081,"حبزنو : أي ظنَنْت"
5082,"نهو : اسم استفهام بمعنى أي واحد منهم ؟؟؟؟؟؟؟؟؟؟"
5083,"هترة : أي عديمة المسؤولية"
5084,"مقنزعة ، معنطزة ، معنفصة : من درجات الغرور"
5085,"مبوزمة ، مشفترة ، محنترة : من درجات الزعل"
5086,"زارنة : أي شاردة الذهن"
5087,"تعوَّق : أي تأخّر بالعودة"
5088,"لوكا : امضغها جيّدا"
5089,"وتَّبنا : تعبير مجازي يستخدم عند شرب المتة منشان حدا يذوق و يقوم يسخن الأبريق"
5090,"ماني ساغ : أي لست على مايرام"
5091,"عمنوّل : العام الماضي"
5092,"أوِّل : العام قبل الماضي"
5093,"قرد : إشارة تعجب"
5094,"مية قرد : إشارتي تعجب"
5095,"شيخ رب القرد : شي مليون إشارة تعجّب"
5096,"لحفض القرد : أي لجهنم"
5097,"آه يا مات قرد : تقال للسخرية"
5098,"قرد بعينك : أي تباً لك"
5099,"توقا : فعل ماضي يفيد التحسر والندم على ما ضاع بمعنى كنا ومنها الفعلين توقاني توقانا"
5100,"مسلوت : صفة تقال للشخص النحيف المتراخي و الذي لا تعلق ثيابه بخصره"
5101,"القواطيع : وهي القطع الدهنية الصغيرة البيضاء التي تكون متجمّعة حول العين بعد الاستيقاظ"
5102,"يتجقم : أي يعيد كلام المتحدث ولكن بمياعة و نوع من الاستهزاء"
5103,"الشدوق : وهو القطعة من رغيف الخبز"
5104,"الجلوق : وهي قطعة من القماش المهترئ أو غير المناسبة للبس"
5105,"خض خضيضة خضوا : مطلع أغنية شعبية مترافقة مع وضع الطفل على ظهر الشخص"
5106,"الرعش : حائط مبني من الحجارة الصغيرة في الأراضي الزراعية الجبلية ولا يدخل الاسمنت في بنائه"
5107,"الغبيط : مكان تتجمع فيه المياه و غالبا يتم إنشاؤه اصطناعيا من الخشب و الحجارة"
5108,"مقوزل : تقال للشخص عندما يتخذ وضعية القرفصاء"
5109,"فشخة : المسافة المتشكلة بين الرجلين في أكبر اتساع لهما والمساوية لخطوتين وتساوي تقريبا 75 سنتيمتر"
5110,"أبينجقر : أي لا يرتدع ولا يفهم مهما تعددت أساليب و طرق الاقناع"
5111,"بحضي بديني : نوع من القسم و الحلفان العاطفي المؤثر لاقناع الشخص الآخر بأن ما تحدثه به صحيح"
5112,"بوعدل : خرافة قديمة اسطورية تستخدم لإخافة الأطفال حتى يناموا"
5113,"كن بقا ولا : أي بمعنى اهدأ و التزم الصمت و حاجتك نطوطة"
5114,"جا نيبرو كف : أي قام بضربه كفا محكما من جميع الاتجاهات مما أدى إلى ترك أصابع اليدين على وجهه"
5115,"بدي بزقك الدم : أي سوف اشبعك ضربا و أطرحك أرضاً"
5116,"سامر أنا لهلا بحبها اقنعت أهلها إنو أهلي كبار وما خرج يجو وتجوزنا وعشنا أحلى أيام عمرنا"
5117,"وأنا مافهمت شو المقصود بس فهمتو بعد هيك خلصت الحفلة والكل رجع على بيتو ونحنا فتنا ننام بعد شوي"
5118,"سارة لك شو بدك مني أنت مين"
5119,"ريكو لا تئلي حبيبي انو رح نعيش هون"
5120,"ندي بقتل حالي لك بقتل حالي حتى انتي ما بدك تساعديني شو اعمل يا ربي شو اعمل"
5121,"حط أبو محمد ايدو على ايد أمجد و شد عليها بقوة ازا بدك توصل لا تخاف ازا بدك تحميهن لا تفكر بالخوف و تزكر شغلة"
5122,"وحسبت حسابهم معنا و سكبتلهم بصحون و عملتلهم عصير بارد وبس إجا ايمن وأول ما فات البيت ركضت لعندو"
5123,"أنعام هي شهد الي خربتلك عقلك ما تسدئها هي البنت حاقدة عليك لأن أخوها مات وراك على الموتور"
5124,"فتت أنا متل الطيارة بدلت تيابي و عملت كاستين شاي ندفي عظامنا فيهن لان كنا بآخر تشرين و فايتين على شتوية"
5125,"البواب انا تبت من زمان وعم اشتغل بواب على باب الله"
5126,"ام جلال رنا جيبي كاسة مي بسرعة"
5127,"فاتت أم عصام و قعدت جنبا و مسكت إيديها و صارت تبوسهن"
5128,"ميادة بكسرلك ياها يا زياد يا زياد بكسرلك ياها فهمان أنا ماعاد انضرب"
5129,"غبت عن الوعي لساعات ومحا كان عندو وقت يهتم فيني"
5129,"غبت عن الوعي لساعات ومحدا كان عندو وقت يهتم فيني"
5130,"عزام شو مشان بناتي"
5131,"بالبداية كانت هي الوعود نابعة من مبدأ إنساني ولاحقا صارت نابعة من مبدأ لا أخلاقي"
5132,"ضحكو البنات و الأولاد اتطلعو عليهن مستغربين حاول رياض ما ينتبه لحدا"
5133,"طول وانا ماشي وانا حاس انهم بكل مكان ماني لحالي كل ما اقرا قرءان وانا حاسهم حوليه بكل مكان عم يدورو أختك مانها لحالها سقف غرفتها مليان منهن مش لحالها"
5134,"احمد شو شو هاد"
5135,"حبيتك يوم ماتلاقينا لما حكينا أول كلام"
5136,"سحبتي ايدي من ايد عبادة و حضنت خالي وبكيت كتير حسيت صارت الي سند وضهر حسيت في كسر جواتي وهلأ انجبر"
5137,"أكتر شي حلو فيكي شعراتك"
5138,"هي شقفة البنت الي مو عاجبتك رح تعيش بنعيم لا انت ولا كل أهلك بيحلمو في بأحلامهم"
5139,"بعدت عنه واتطلعت بأخي اللي انجرح كتير وانئزى كتير"
5140,"هي أمي اتركينا لحالنا"
5141,"لو في شي بدو يفرقني عن أخي كنا من زمان مشينا ورا حكينا أمك وحكي أم حاتم وبطلنا نسلم على بعض"
5142,"ضليت ساكتة شوي ورجعت قالتلي يلا قومي"
5143,"معلومات عن مهنة الشيف"
5144,"الشيف بسورية اذا كان جديد بياخود أقل شي 600 ألف ليرة شهري ، سواء سندويش أو حلويات"
5145,"إذا كان متمكن وصاحب خبرة وعم يشتغل بمطعم وفندق مهم متل الشيراتون بدك تحكي بال 3 ملايين"
5146,"راتب شيف الحلويات السوري ببغداد مو أقل من 700 دولار شهري وراتب شيف الشاورما بدول افريقيا متل ) أوغندا ، روندا ( ب 2500 دولار"
5147,"وين ما حسبتها وكيف ما ضربتها الشيف فرصتو للعمل كبيرة سواء عنا بالبلد او الخليج و بأوربا و افريقيا وبكل مكان بهالعالم"
5148,"دورات الشيف عادة مقسومة : طبخ شرقي ، حلويات شرقي ، سناك غربي ، حلويات غربي ، شاورما ، باريستا"
5149,"ما بتأثر ع قيمة شهادتك الجامعية وخاصة اذا انت آداب والفرص ضعيفة ضروري تلاقي حلول مؤقتة وبديلة وتحديدا إذا مسافر على عماها"
5150,"الدورات ما بتصنع منك محترف لأنو يا دوب شهرين ، والقسط بحدود ال 400 ألف ليرة ، بسورية لازم تدرب فورا بمطعم لحتى تتعود عالمهنة"
5151,"المصلحة إذا ما اغنتك بتسترك ) كل الإعلانات مطلوب شيف ، مطلوب كوافير ( طلب رهيب عليهن"
5152,"نموذج من صورتنا اللي بتكون بالعادة معلقة على بلور الفيترينا اللي بالصالون عند السوريين"
5153,"اللي قاهرني مو اللبس المبرقع اللي كانوا يلبسونا ياه ، لسه أثاث البيوت كان لحالو نهفة"
5154,"وبضلوا حاطينها للرايح و الجاي يشوف ملامحك قبل التجميل"
5155,"طب حطوا صورنا لما صرنا كبار و بطربوش التخرج من الجامعة ضروري الماضي الأليم و الفضايح رغم هيك بتضل ذكريات حلوة"
5156,"العائلات الشامية التي أصلها تركي ، كانت دايماً تطبخها و يحكولي عنها ف حبيت جربها و خبّص شوي"
5157,"اسم الأكلة ) إمام بايليدي ( ، منيحة طلعت معي و طيبة كتير عفكرة ... يعني باتنجان بس بشكل جديد"
5158,"بالمسلسلات التركية كنت فكر بقولوا حبيبي طابختلك ) إيمان ("
5159,"ما بفضّل المسلسل الطويل أبو ال30 حلقة بحسو ممل و التزام و فيو أحداث مو مهمة و مطمطة"
5160,"أي عمل عظيم من 10 حلقات قادر الكاتب يفهمك القصة و الأحداث ويعمل خاتمة ويكون عمل مشوق"
5161,"الشغلة مو بالكثرة أبداً ، تركيا عندها المسلسل 92 حلقة وكلو عبارة عن زعلها ، رجعلها ، زعلها ، رجعلها ...."
5162,"بيعجبني بالمصريين شغلة مهمة بيعملوا شي اسمو ) ملخصات الدراما ( بتفتح يوتيوب بتلاقي المسلسل تبع رمضان مختصرينو ب 3 حلقات بس وبخلوك تفهم الأحداث المفصلية كلا لأنك ما لحقت تتابع زمان بالصيام"
5163,"حبيت أسلوب ) MBC شاهد ( عم تنزل مسلسلات عربية مهمة و قصصها نار ويا دوب كم حلقة ."
5164,"اختصروا يا جماعة ... حتى أعمالنا السورية هالسنة فيها حوارات كان ممكن الاستغناء عنها"
5165,"رمزية من مسلسل ) كسر الخواطر ( كيف كان نمط حياتها ؟"
5166,"بيعجبها شوفير التكسي و بتعطيه رقمها ، بركي احتاجتو يوصلها شي يوم وما لاقت سيرفيس"
5167,"بتطق حنك مع أبو النوفوتيه وبتاخود رقمو لتوصيه ع خيطان ...."
5168,"بتتعرف ع السمكري اللي اجى يصلح البلوعة الطايفة لأنها حست إنو عريس لقطة"
5169,"شايفة حالها رغم انها مو متعلمة ولا بنت عيلة ، ومشرشحة وحياتها غلط وعلاقاتها كمان غلط واخواتها أصحاب سوابق ... ومو حلوة"
5170,"رمزية ) ظاهريا ( صبية محترمة ومستورة ، مع إنها بالحقيقة فلتانة"
5171,"كل الشباب اللي بيمرقو بالنهار تبعها بتقول عنو ) حليوة مابو شي ("
5172,"مو بقولوا شوف فلان نسونجي هي رسميا """" شبلنجية """" وكتير بنات هيك بس ما بتنتبهوا انو موجودين"
5173,"المجتمع العربي عنا فقط بيتهم الرجل انو بيبحث عن تعارف يومي مع إنو في من رمزية ) رمزيات ("
5174,"ما فيك تلوم شخص على شي كنت بتعرفو من أول لحظة عرفتو فيها و قررت تكمل معو"
5175,"مرضو ، عقيدتو الدينية ، أسلوب حياتو ، مكانتو الاجتماعية ، المهنة الماضي ، العيوب ، العيلة ، وغيرها ...."
5176,"مافي شي اسمو ، انا تحملتك و سكتت عليك كتير ، ومافي تربيح جميلة ومنية بالمسألة عزيزي ..."
5177,"ببساطة كان فيك ما تكمل وما تسمح لعلاقتك فيه تتطور ، لذلك هي العنتريات تبع صبرت عليك ، بلاها"
5178,"انت كملت معو لأنك كنت بوقتها حابو ومقتنع فيه وطاير عقلك و زحفت ع ركبك وكواعك بس ليقبل فيك ، لا تنسى هالشي"
5179,"انت كملت مشانك ، مشان تنتصر إنك حصلت ع حدا منعجب فيه وبحاجة يكون حدك لأنك وحيد وبدك ياه وبدك هي العلاقة تستمر"
5180,"حبيبك الفنان رح يوقفوه البنات بالشارع ويبوسوه ، ومرتك الممرضة عندها مناوبة بالمشفى كل الليل وغصب عنك ... وقيسها عكل الناس ترا وعكل تفاصيل الحياة"
5181,"فكر مرتين بحياة هاد الشريك وادرس تفاصيلو ، اقعود مع حالك و عد للمليار قبل ما تقول لحدا بدياك رغم اعتراضك ع أمور بحياتو هي الاعتراضات لا تمثل إنك ديمقراطي ولا تقبلها هلأ لترفضها بعدين ..."
5182,"بعمري ما حبيت المعايدات الجاهزة تبع ) صورة كل عام وانت بخير عم تلمع ( وباعتها هو للكل"
5183,"صح ما عندو وقت ، والعدد كبير بس احلى شي لما يكتبلك بالعامية ويحكيلك اللي بقلبو بشكل خاص الك انت ) اخ ، حبيب ، صديق ("
5184,"ما بحب اللي بيتصرف لرفع العتب ، وما بحب اللي وجودك بحياتو ما الو أي قيمة خاصة أول تمييز معين وحاطك بنفس الخانة مع الجميع"
5185,"ممكن العابرين والمؤقتين والبعاد مو مطلوب منن حميمية بالمباركة ولكن اللي بيعنيلك بتظن للأسف للحظات انت كمان بتعنيلو"
5186,"صدقاً مافي أحلى من الكلام اللي منتهي بإسمك ، وتمنالك فيه شغلات بتخصك ، مو قال عاملو تحويل رسالة وإرسال للجميع ) تسجيل صوتي فيو كلمتين عالأقل ("
5187,"المجاملات بتزهق و مملة قال بيبعتلك خاروف عم يضوّي وبدك ترد تبعتو للناس ، او بيبعتلك شجرة عم تضوي براس السنة وانت بترد بتبعتها للناس ) حركات مالها فايدة ("
5188,"عندي جيران عرب قراب من بيتي يعني الباب عالباب وقرروا ينزلوا ع الأردن هلأ بالعيد"
5189,"امهن اعطتهن محاضرة قبل السفر وكنت قاعد بجلسة الوداع وعجبني جدا اللي قالتو وقررت خبر فيه الناس المغتربين للتوعية"
5190,"أولادها سابع وتاسع وبكلوريا يعني بعمر المراهقة قالتلن انو كل الأماكن بالدول العربية غالية جدا لهيك بتدفعوا انتو وين ما رحتوا"
5191,"حجم المولات والمباني ومدن الملاهي اكيد أصغر وإمكانية الدول العربية ع قدها من حيث العمران أو التطور لهيك لا تقللوا من قيمة أي مكان بياخدوكن عليه"
5192,"التصرفات اللي عنا هون عادية عندهن مو عادية ، لأنو طبيعة البلد مختلفة ولازم تتفهموا هاد الشي"
5193,"ما بتحكوا عن اميركا بطريقة المجاكرة ، اكتفوا فقط بالحديث عن المدرسة ورفقاتكون والدوام ...."
5194,"تعليقات بلا طعمة ، النت بطيء ، الشوارع فيها حفر ، الأكل دسم كتير هيك شغلات بتضايق أولاد خالتكون"
5195,"بكرر ، بكل الطلعات بتدفعوا انتو ، بالتسوق ، بالشراء ، مو مجبورين يصرفوا علينا بالعيد وعددنا كبير"
5196,"بتقبلوا عزايم ضمن البيت فقط في حال عزمنا خالك أو عمك"
5197,"مشاكل ما بدي ، رايحين نعيد بعد غياب 7 سنين ، يعني النفوس تغيرت وظروف الأقارب مختلفة مو الكل عايش مستقر متلك ومتلها"
5198,"بتحكوا عربي منيح ، لهيك كلام انجليزي مع العيلة ما الو لزوم أبدا حاول قد مافيك تضل عالعربي لانو اللغات عندهن ضعيفة وما رح يفهموا عليك الموضوع بسرعة"
5199,"ونعم التربية ، من أجمل التوجيهات اللي سمعتها من أم واعية مثقفة"
5200,"ما أحلى الأكل والشرب الله يديمها نعمة وما يحرمنا ياها ويفرجها عكل الناس يارب"
5201,"حاسس حالي متل البيبي اللي أمو معلمة مدرسة وتاركتو عند ستو نهار كامل ، بدون رضاعة"
6064,"انفجعت ع القهوة و الدخان ، المشكلة طبيعتي بتعب ضعفين الناس العاديين ، يعني رمضان شهر الخير والإيمان ما اختلفنا ، بس جد عندي معاناة حقيقية بهالشهر"
5202,"بجوز لأننا أشخاص مدخنين ، ومنشرب رطلين قهوة بالساعة ومنأركل لهيك عانينا وحسينا فيها ، ومرق علينا بصعوبة الحمدلله"
5203,"وبجيك شب وزنو 58 بقلك مرق وما حسينا ، ليش أنت بتاكل يا حبيبي ، تعا شوف أبو ال 85 بعدين احكي وعبّر"
5204,"بما انو أول يوم عيد حبايبي :"
5205,"بوستين بكفوا ، بلاه التمجيق تبع عملية شفط الدهون ، مو جايي تعملي حجامة ونحنا واقفين عالباب"
5206,"كيف الجامعة ، كم مادة مرفع ، أسئلة محرجة لأنو الواحد حتى أبوه اللي بزرو لسة مو مصارحو بالعدد"
5207,"خليكون عاملين غدا ، كمان بلاها لا نحنا لحقنا نعمل غدا ، ولا الضيف عندو وقت يتغدى ، دوبو يلحق يكمل معايدات ، المعمول قام بالواجب"
5208,"الخلفة بإيد الله ، والزواج قسمة ونصيب وبعدو ما إجى الشخص المناسب ) خلصنا من هالموضوعين كمان ("
5209,") ما حسينا بالموضوع ( ، جملة مستفزة ، لأنو اللي كانت تجلي طول رمضان وسمعتكن حتتضايق وتكونوا بنظرها ، من جماعة لا حمدا ولا شكورا ولا بتبين معكون المنيحة"
5210,") ليش ما بتزورونا ( كلنا منعرف ليش مامنزور بعض ، ف كمان خلينا نتفهم حساسية وضع الأقارب وما نفتح دفاتر قديمة ، مو وقتها هلأ اللي فات مات يا جماعة الخير"
5211,"خلي الحديث عندو غلاء الأسعار والأزمة الأوكرانية ، وموجة الغبار ودراما رمضان ... والله أحسن للكل"
5212,"هلء بدك تقنعني إنو بعمرك مانك شايف كم واحد عم يتحكموا بكائنات حية من كل الأنواع ؟"
5213,"لاء ! .. بس دائماً بستغرب هيك انو كيف بيقدرو و يتحكمو فيها لهي الكائنات كلها .!؟"
5214,"لا تستغرب ..... أول شي بيعزلوها بقفص كبير مشان تنسى حريتها ، بعدين ببلشو يجوعوها حتى تصير ما تفكر غير بالأكل ، بعدين بيربطو الأكل عند كل شغلة لازم تعملها ، ومرة ورا مرة بتتعود وبتصير تعمل المطلوب مشان ما تموت من الجوع"
5215,"طيب مافي طريقة تانية يتحكموا فيها بدون ما يجوعوها ؟"
5216,"لا لا في طريقة ثانية طبعاً .."
5217,"أحياناً بيستخدمو أسلوب العصا والجزرة ..."
5218,"أحياناً في أسلوب السياسة .."
5219,"أحياناً بالتهديد والخوف"
5220,"أحياناً بيضربوها ... لهيك بتشوف الدب راكب سيارة ، والفيل عم يلعب بالطابة والسعدان عم يغني ويدق عالطبل ، والكلاب عم تمشي على إيديها ، وهيك يعني ..... شبك ليش ساكت ؟"
5221,"ما بعرف .. بس حاسس هاد الحكي كلو .. كأني بعرفو"
5222,"انت ما بس مارق عليك ... انت مجربو كمان بس نسيت ... نسيت"
5223,"اذا أقسمت لك بالله إنو صدفة .. بتصدقي ؟"
5224,"أكيد لاء ؟"
5225,"اقسم بالله صدفة"
5226,"توقعتك أذكى وتكتشف هالمرة أنا يلي خلقت هل الصدفة ... مقروء دانيال .. كتير مقروء"
5227,"وخلصت اليوم حكاية كسر عضم بعد تعب و ضغوطات و صعوبات كتيرة بالتصوير والعمل المتواصل ، بس كل هالشي بيروح بمجرد أنو نشوفكن مستمتعين و حابين العمل ويارب نكون قدرنا نوصل معكن لنهاية حلوة تحبوها ."
5228,"ولأنو منتمنى تكون النهايات بالواقع حلوة ، حبينا تكون الخاتمة فيها أمل وحب وخير ، لنقدر نخلي هي البذرة الطيبة اللي جواتنا لسه عايشة وفيها حياة"
5229,"شكراً لكل الفنانين النجوم والشباب على كل شي قدمتوه ، تعبكم وجهدكم ما رح أنساه وأكيد الناس مارح تنساه"
5230,"شكراً لكل الفنيين ورا الكاميرا اللي ضلوا أيام طويلة عم يتعبوا حتى يطلع المسلسل بأفضل ما يمكن"
5231,"شكراً للكاتب علي معين صالح على النص الممتع المهم ، وأكيد رح نشوف اسمك بأعمال أهم كمان بالأيام الجاي"
5232,"شكراً لجنة صناعة السينما و التلفزيون على كل التسهيلات اللي قدمتوها وعلى رأسهن الأستاذ علي عنيز"
5233,"شكراً للصحافة السورية والعربية على تسليطها الضوء على العمل سواء بالمديح أو بالنقد البنّاء"
5234,"شكراً لفريقي الخاص اللي ساعدني كتير بالتصوير والتنسيق والسوشال ميديا والإدارة"
5235,"وأخيرا الشكر الأكبر للجمهور الكريم بكل كلمة حب قالها وكل انتقاد ، نحنا هدفنا نقدملكن قصة تحبوها بأقل الأخطاء الممكنة ، و انشالله تكونوا حبيتونا ، على أمل يكون اللي جايي أحلى بأعمال أهم ترضيكن وتحكي عنكن ، لأنكن أنتو أبطال كل حكاية"
5236,"بقاضي عسكر كان دور مدراتها جبانات عدى عن انها كانت مصدر رزق بنص شعبان والأعياد لبعض أولاد المنطقة متلها متل كتير مناطق فيها جبانات بحلب ويشتغلو بهلمناسبات شي مسقي وشي مقري ياسين كان بغير أيام مثلا يوم الجمعة الصبح نروح علجبانة لزيارة القبور أو نلعب بتم الجبانة كونها قريبة علينا وما بعدي قدامها سيارات"
5237,"ومرة كنت هنيك عم بلعب وأشفلكن ولاد وجاههن غريبة ع حارتنا وتقولو غير خلقة ؟؟ هلا صح نحن كنا طفيشات وخاصة أنا بس هدول الأولاد اللي بشوفهن مابقول هدول طفيشات ... أشكالهم أشكال مجرمين ومن صغرهم أيديهن مشخطة ومجروحة وايديهن وأجريهن بيشبع منها 100 كلب وإذا بتاخدو واحد منهم بتفيشوه بلمخفر يمكن بيطلع ولدان بلسجن وبيطلع عليه 10 دعاوي وشي 30 معروض و 18 تعهد وزلمة ابن 40 بيتحاشاهن ومابعدي جنبهن"
5238,"المهم أنا بعرف الناس بتصطاد عصافير سمك غزلان قرود طيور جارحة بس هدول أش عم يصطادوا ياسين حزركن ؟ كانو عم يصطادوا كليب ويروضوهن وحتى الكلب سقيقي طفيشة ومأنشح بهدلة لونه بيج من فصيلة الأدنين المطعوجة"
5239,"أخدت رفقاتي ورحنا لعند هلأولاد لنشوف اش بدهن يعملو بهلكليب .. وبصير ملاسنة ورفقاتي بيجو ليشلحو الطفيشات كلب صغير وهدوليك بيأمرو كلب كبير يهجم علينا وفعلا الكلب طلع كلب وهجم علينا ورفقاتي تراكضو وأنا ضليت واقف بحكم أنه الجبانة حارتي وأرضي وجمهوري وبيطلعو هلطفيشات ما عندهم رحمة ولا بقدرو الهدنة ولا عاملوني معاملة الأسير بياخدولي الكمر وبيربطو فيها رقبة الكلب وبقلعوني وكلي امتنان أنهم ما خرطوني شي سكينة لانه أشكالهم ما بتبشر بلخير"
5240,"بروح بجمع رفقاتي ومنستعين بولاد من حارة تانية وبخططلهم هطة ننقض عليهم وأش نعمل فيهم ونرد كيدهن بنحرهن وأحرر كمري اللي أخدولي ياه غنيمة و منهجم ع تم الجبانة ومنحاصرهم ومنبلش نحاجرهم بلحجر وبيستسلمو ومناخدهم منحبسهم بقفص شيخ مدري ولي بدخلة جبانة كرز دادا ع اليمين قريب من الطريق ومنسكر الباب ومنحبسهم متل الكليب وتقريبا المغرب وأنا من برات القفص رعبهن وقلهن رح نخليكن محبوسين لبكرا الصبح وهلا بس تعتم العين رح ينفتح قبر الشيخ ويطلع زلمة لابس أبيض وياخدكن لتحت ويرجعكن الصبح وأنتو مجقومين وشعركن أبيض مشان تعرفو تشلحوني الكمر"
5241,"وفعلا تركناهن ورجعنا وتاني يوم نسيناهم وما تذكرناهم للعصر بحكم عنا كان مدرسة وما مننصرف للساعة 12 إلا ربع ولما رحنا ع القفص لقيناهم مفكوك أسرهن والله أعلم كم واحد وهو معدي بلطريق لما يسمع صوتهم من القفص رتعب وانفلج لحتى إجاهن شي واحد وفتحلهن الجلخ وحررهن ؟؟؟؟؟ العبرة : كل ديك ع مزبلتو صياح والكترة بتغلب الطفيشة والشجاعة ويد الله مع الجماعة وفكر فكر ... الله بدبر"
5242,"سربست : أخلاقو حلوة مو نكدي ومتعصب مابقيد وما عندو نفسية حامضة وما بيدقق على كلشي ولا بنق ولا بزكرك بشغلات صيرة من مية سنة ومساير اسربست الله بحبو وهاد نوع كتير نادر"
5243,"متبرشم : عزم خطيبتو واختا وخالتا وبنات خالتا عالمطعم وفتحولا بالطلبات وخاصة خالتا والأكل ضل بحالو وإجت الفاتورة فانصور ونشف ريؤو وانحول وفوق هاد صار معو إسهال"
5244,"كل عيد منتذكر طقوسه الي كانت بحلب من الوقفة إلى آخر يوم العيد"
5245,"لما كنا ننزل بالوقفة على سوق الهال وناخد من كل نوع سحارة سحارة برتقال سحارة تفاح سحارة يوسفي سحارة موز ونحطهم بالباكاج هذا اول شي"
5246,"وبعدها ننزل على الجديدة ناخد الضيافة اول من الفيض شكولا من أفخم نوع وكان أكتر شي اسمها شكولاته لي هم طيبة وهم صغيرة بتمد أكتر ههههههه"
5247,"وراحة مدورة اسمها الساعة فستق وسط لان الي فيها فستق كاملة بتكون غالية وربع كيلو ملبس لوز وقنينة قهوة مرة طبعا أهم شي وهيك بكون الصيافة والفواكه جاهزين"
5248,"وبعدها منعدي عالبيت مناخد الأولاد لعند الحلاق ونستنى ساعتين لنحلق حلاقة العيد وكري كري مع الحلاق ليخلص الحلاقة ونكبس بجيبو ال100 ليرة للكبار و 50 للصغار و 25 للصغير الي بيشتغل عنده عيدية"
5249,"وبعدها منعدي على المدام مشان نطلع ناخد للصغار لبس العيد يا من التلل يا من شارع النيل يا من سيف الدولة وخود بقى صبر إذا في صبر على هي حلوة يا هي طويلة يا قصيرة يا هاد بدو تطويل يا هاد بدو تقصير هيك ليخلص التبضع"
5250,"وبعدها منعدي على الجميلية لناخط صفط الحلو عند يا مهروسة يا السحلول وأول ما تدخل بدحشلك قطعة بقلاوة بتمك شي ماتطلع من عنده إلا وأنت مشتري"
5251,"ومرتك بتقول لك لا تنسى تكتر المبرومة لان ضيوفي كتيرة ها بدها تتوجب معهم ههههههه المهم بتاخدلك كلوين حلو وبتطلع هيك أمورك جاهزة لاستقبال أول أيام العيد كل عام وانتم بخير"
5252,"الله يسعدلي أوقاتكن وعيدكن مبارك وينعاد عليكن بالخير واليمن والبركة ؟؟ صرلي سبع سنين عايشة بطرطوس يعني العيد كتير عادي كان يمر علينا"
5253,"هالسنة قررنا نعيد مع الأهل بحلب الروح وصلنا الراموسة لسا الضو يا دوب عبجهجه"
5254,"طلعنا بالسيارة وصرنا نعدي عالمناطق أول منطقة كانت صلاح الدين وهيييك لبين وصلنا على ساحة سعدالله و عوجنا مالعزيزية على شارع قسطاكي حمصي ونحن طالعين على آخر التلل لسا الناس بالشوارع وأكتر المحلات فيتحة وهالأكياس النايلو عم تتطاير"
5255,"ونزلت السيارة فينا عالنيال وتذكرت وقت أشتري ضيافة العيد من شوكولا كااتي لساتو محلو ؟؟"
5256,"وعدينا عالحميدية وهيييك لسوق ميسلون ويا عيني على الخضرجية على مد نظركن"
5257,"وبعدا نزلنا نزلت الجبانات يلي على كتف سكنة هنانو قرينا فاتحة لهالأموات ودعينالن بالرحمة"
5258,"والسيارة عم تمشي فينا لبين وصلنا لقهوة الشعار وتعو شوفوا الشعار متل ما تركناها ما تغيرت ولا درجة بياعين الفروج بسطات الخضرة الحلوينية كلو فيتح تقولو ما عدا حرب على هالمنطقة"
5259,"يا جماعة انا عم بنقلكن صورة كم منطقة بيوم العيد فما بالكن بباقي المناطق الفرقان والموكامبو شارع الماركات وغيرن من مناطق حلب وهاد حال شعبنا الحلبي كل يوم يعني في معاناة وفي حزن وفي قهر بس عن جد شعبنا محب للحياة وعم يتحدى كل الصعاب وكل صعب عم يلاقولو حل الله يحميهن ويفرج عليهن وعليكن وتلاجع حلبنا أحلى مما كانت عليه وترجعوا وتنوروا عن جد العيد مع لمة الأهل إلو نكهة حلوة كتير"
5259,"يا جماعة انا عم بنقلكن صورة كم منطقة بيوم العيد فما بالكن بباقي المناطق الفرقان والموكامبو شارع الماركات وغيرن من مناطق حلب وهاد حال شعبنا الحلبي كل يوم يعني في معاناة وفي حزن وفي قهر بس عن جد شعبنا محب للحياة وعم يتحدى كل الصعاب وكل صعب عم يلاقولو حل الله يحميهن ويفرج عليهن وعليكن وترجع حلبنا أحلى مما كانت عليه وترجعوا وتنوروا عن جد العيد مع لمة الأهل إلو نكهة حلوة كتير"
5260,"أتورة = أقل من الأترة = الأترة جزء صغير من الوقت ، إشبك عبتنط بوجهي كل أترة"
5261,"فرفوطة = جزء من الفراطة = الفراطة أجزاء صغيرة من الشيء مثلا : طول فراطة الخبز ، لا تتروك ولا فرفوطة"
5262,"هرهورة = جزء صغير من الهرارة = الهرارة الشيء المتناثر من بقايا الدقيق أو ما يصنع منه ، حاج تهرهر كعك ، شيل الهرهورة من ع السداجة"
5263,"نقوطة = جزء صغير من النقطة ، النقطة المتشكلة من السوائل ، ماما قبل ما تنام صفيا لاتطرئ صينية بالفرشة لا تتروك ولا نقوطة"
5264,"شقوفة = جزء من الشقفة ، مكيال حجم الشيء مثلا كول شقفة جبنة ، لا تترك ولا شقوفة بالصحن"
5265,"طنجورة = طنجرة ذات الحجم الصغير ، خالة قال أمي حطيلنا طنجورة المحشي ببرادكن"
5266,"يسعد مساكم يا حلبية عندي سؤال دائما عم يدور ببالي"
5267,"بالفترة الأخيرة كلنا شفنا البرامج ) الخيرية ( أو المسابقات يلي كانت عم تصير بشوارع حلب ومنها على الفضائيات ، ليش عم يظهرونا على أنه لا نعرف أن نجيب على سؤال 1+1 كم يساوي ؟؟"
5268,"ليش كل الناس يلي عم تطلع هي ناس جاهلة ؟ معقول حلب ما فيا ناس تجاوب على سؤال 2+2 كم ؟؟"
5269,"من يقول أنهم فقراء ، فليس للفقر علاقة بالجهل أو الغباء أبدا ، مو شرط يكون الواحد زنكيل لحتى يعرف يجاوب على هيك أسئلة بتمنى حدا يجاوب جواب عقلاني"
5270,"أنا من مواليد ألف وتسعمية وخشبة بتصدقو بلله اني ما بعرف ميز بين الكرابيج و المعمول ولا بعرف أين هو بيتاكل بسكر نيعم وأين هو بيتاكل بلناطف ؟"
5271,"ما تفكروني عديم وبعمري مو شايفو بس قسم بلله ولا مرة خطرلي فرق بينهم والله لا يفرق بينهم ، الاتنين باكلهن بلناطف ما بحبهن أبدا معقول سكر"
5272,"نحن بعيلتنا ماعنا عادة انه امي تخبي الحلو تحت التخت ، أنا وأخواتي مو أكيلة بلمرة يعني الجماعة مأمنين مارح ينتفض بيوم"
5273,"وكان أبوي الله يرحمو ويرحم أمي ويرحم أمواتكم جميع ، يعطينا مصاري بس مشان ناكل ويغرينا ... ونحن راسنا مصبوب بس بللعب والطلعة ع الشارع وكان كتير ينحر مننا لأنه مو أكيلة متل باقي الأولاد بياكلو الحلفة و التلفة المهم قد ماكان طايف ع معدتنا زمان ع قد ماصرنا بحسرته هلا من بعد أمنا وأبونا"
5274,"ومرة كنت واقف ع المجموعة وعم بتسلى بلكرابيج والمعمول وبغطسهن بلناطف وكل ما أغط وحدة ... تنكسر وتعلق بلناطف أرجع أجيب وحدة تانية واحاول أطالع اللي فرطت بلناطف وينكسر شي 3،4 وحدات لبين أكل نص وحدة مو وحدة واللي بضلو بلناطف اغرقهن لآخر العلبة مشان أمي ما تشوفهن وتبزق بوجهي"
5275,"بلليل أجونا معايدين واجت امي حطت قدمهن جاط هلحلويات وأخدت سطل الناطف لتفضي منه وتحط بصحون صغيرة أكبر من صحن المملحة وأصغر من صحن البوظة بيجي حجمهن .... هون حسيت بلعطب وقلت هلا بدها تكتشف البلاوي بلأرضية ما أحسلكن إلا عم تصيح اسمي من المطبخ دونا عن أخواتي ال 3 الباقيين ... وأنا ما أرد لأنه أنا وأمي أكتر تنين بلدنيا منفهم بعض هي بتعرف انه مافي غيري مئذي وأنا بعرف نبرة صوتها لما تكون ممزوجة بين اللطف وبين بدي أنعن اللي كتبك رحت و ماشي ع مهلي عم بتحسوس بحيط الدهليز ع طريق المطبخ ... وصلت ع المطبخ ومديت راسي لجوات المطبخ لجوات المطبخ ولسة ما لحقت قلها ليش عم تصيحيلي !؟!؟ وما لحق شوف جوات المطبخ اش فيه سفقتني كف متل فراق الوالدين"
5276,"خلتني أشوف جوات الناطف درب فستق ودرب زبيب ... ودرب بياخد مابجيب قالتلي وراء دور ع غرفة النوم يومها اللي بشوف سطل الناطف بفكرو كبة بلبنية والمعمول جواتو هي اللحمة ومن يومها لتاريخ هي اللحظة لما باكل معمولة وكربوجة ماعد غطسها بلناطف صرت جيب معلقة واكلة عضة معمولة وألحس معلقة الناطف ... عفوا أدهن المعمولة بالناطف عن طريق المعلقة"
5277,"علقان بذاكرتي من الطفولة لما كنت أروح مع أمي على حفلات خطوبة من العوائل المتوسطة كانت هالحفلات تصير بالبيوت"
5278,"وغالبا كانت هالبيوت بكون فيهم ثلاث غرف مفتوحين على بعض على شكل حرف L وأهل العروس بغيروا شوي بطريقة الفرش لحتى يتسع المكان لأكبر عدد وكانت الناس تستعير كراسي وترابيزات وحتى كاسات من الجيران"
5279,"والمكان يلي تقعد فيه العروس بتكون محاطة بحماتها وجدتها وجدة العريس والعمات وبعدين باقي المعازيم"
5280,"وكانوا يحطوا مسجلة مع بافلات ويبدلوا كاسيتات غالبا بتكون مسؤولة عنهم أخت العروس"
5281,"بوكيات الورد او سيبة الورد كانت بسيطة وعليها أسماء ومباركات وبوكية العريس بتكون ورا العروس وبتاخدلها شي عشرين صورة مع هالسيبة شي ع بتشم وردة منها وشي حاضنتها وشي كفها ع هالسيبة"
5282,"و بدخل هالعريس ع بتفشكل بخياله وكل هالنسوان حاطينه ع المجهر"
5283,"وبجيبوا أنظم صينية عندن بفرشوها بنتف الورد وبحطوا عليها علب المخمل يلي فيها الدهب وبتبدا حفلة التلبيس ع خلفية أغنية بقولوا لبسها لولو أو أول عشرة محبوبي وبتبلش ضيافة شراب اللوز يلي لون رغوته من لون بدلة العروس يلي غالبا بتكون زهري وغربول الملبس بكون بلون البدلة وعدد الملبسات مفرد طبعا"
5284,"وعلبة الضيافة يلي فيها مالذ وطاب من عند الصباغ أو وطفه او غيرن وعدد قطعها لازم مايقل عن خمسة"
5285,"وانك تشوف عريس يتقن تسكير قفل السلسال او الاسوارة صعب وجاتين لابد ما يستعين بخبرة اخته او امه"
5286,"ورقصة العروس مع العريس يلي ركبه مو حاملته وهمسات البنات ووشوشات المعازيم وايدن على تمن"
5287,"كانت حفلات بسيطة وفيها حميمية كتير"
5288,"وتاني يوم يقوموا ع التنظيف وترجيع الكراسي للجيران وللرد ع التلفون لسماع المباركات والتعليق ع الخطبة بالساعات والعروس بتكون مسهمة ومشيتها بتتقل وما بتعود بتتحكى"
5389,"كراتي على هالضنى : هذه خاصة بأقوال النساء . و الضنى هم الأولاد . والمعنى العين تطرق هؤلاء الأولاد"
5390,"فلان بضلي : تقال في الشخص الفاقد للحيلة"
5391,"فلان خيخا : هو شخص بلا شخصية وبلا عزم . وهو ابن عم البضلي"
5392,"فلان مستهوش : أي ذو عقل قليل"
5393,"فلان هردبشت : هو من أسافل القوم"
5394,"فلان شنترحفانا : يشبه الهردبشت في السلوك"
5395,"شحاري : هذه للنسوان و تقال في الأزمات و المشاكل وتعني العيب أو العار . و الشحار هو الشحوار الذي يطلى به كل من يرتكب جرم حيث يركب على حمار ويدور ضمن المدينة يبصق عليه الناس"
5396,"فلان خروق : أي شخص لا يثق به . و الخروق هي الممسحة وهي جمع"
5397,"فلان جعيص : تقال بغرض الاستهتار بالشخص"
5398,"و كسر الهاء : هذه للنسوان وتقال في القسم أي وكسر الهاء لأفعل بك كذا أي هناك ضرب في الموضوع للولد أو البنت"
5399,"والله لحرطمك : هذه للنسوان . تقولها الأم لابنها الصغير مهددة أي لأحطمك"
5400,"فلان معفن أو جربان : أي شخص وسخ و وضيع"
5401,"يمنتر قطاطك : هذه للنسوان . وتقال للتحبب و المزاح"
5402,"أريشتك : أو قريشتك وهي للنسوان . وتستعمل للعتاب بين النسوان"
5403,"عللي و سفاقة وبا : أو علة و صفاقة وباء : هذه للنسوان و تقال للشتيمة"
5404,"يتدهور : أو ادهور أي وقع من مكان عال بتدرج"
5405,"سلت : أي وقع فجأة من مكان عال بشكل سريع"
5406,"مبئوط أو مبقوط : أي معدوم من شدة الفقر ."
5407,"مسلول : شخص لونه أصفر و ضعيف البنية"
5408,"فلان منعنع : أي شي يتعبه ، و مدلل"
5409,"فلان منظوم : أي جيد يفهم بالأصول و أكل الفول"
5410,"فلانة قرعة : أي صوتها عال"
5411,"فلانة فشتانة : أي لا تؤتمن على سر"
5412,"فلان منشح أو فلانة منشحة : أي قذر أو قذرة لا يتناظف على نفسه"
5413,"فلان مصروع : أي خفيف العقل"
5414,"فلان فيه وشة : أي عقله قليل"
5415,"فلان هلكان : أي مستوي من التعب"
5416,"فلان غرار : أي ثرثار"
5417,"فلان مسطول : أي فاقد لعقله . المسطول هو المحشش"
5418,"فلان مصيف : أي جانن"
5419,"فلان عند بيت خالته : أي بالسجن"
5420,"فلان حبيب القرش : أي بخيل"
5421,"فلان مستكلب : أي طماع"
5422,"فلان مؤجر الفوقاني : أي خفيف العقل"
5423,"فلان نواعم : أي يشبه النسوان ولا يحب العمل"
5424,"فلان مسلوق سلق : أي فقير و معدم"
5425,"فلان رافع مناخيرو : أي شايف حاله"
5426,"فلان ماسكها حمبلية : أي متعصب بشكل أعمى و راسه يابس"
5427,"فلان خابصها : أي مكثر من الطعام على غير العادة"
5428,"فلان زنكيل : أي غني و كثير المال"
5429,"فلان راكب راسو : أي غير قابل للاقناع و عنيد"
5430,"فلان عامل حالو أبو علي : أي قبضاي"
5431,"فلان لسانو طويل : أي غير مؤدب ولا يحترم أحد"
5432,"فلان مز : شبه باللقمة المرة أي لا يهضم ولا يستساغ بالتعامل معه"
5433,"فلان مريء : تقال في الغالب عن الأطفال . أي غير مؤدب"
5434,"مافي خواص : مسألة غير قابلة للعلاج"
5435,"فلان مطقطق : أي عقله قليل"
5436,"فلان طق عرق الحيا عندو : أي لا يخجل"
5437,"فلان أيدو طويلة : أي لص"
5438,"فلان ملخوم : أي لا يفهم ما يقال"
5439,"فلان مجحش : أي يتصرف دون حياء أو خجل"
5440,"فلان مكركب : أي مختلطة عليه الأمور وغير مركز"
5441,"فلان شنتير : أي ناضج وغير صغير ومعالمه غير مهذبة"
5442,"فلان جعمير : له صوت غليظ ومعالمه غليظة أيضاً"
5443,"فلان مفزلك : أي يحاول أن يكون ذكي وهو ليس كذلك"
5444,"فلان مطنش : أي يسمع و يفهم لكنه يتصنع عدم السمع أو الفهم"
5445,"فلان مشرشح : أي غير لائق اجتماعياً . وهو ابن العم المبهدل"
5446,"الدنيا شوب : أي الجو حار"
5447,"فلان مجربع : أي يشبه الجربوع"
5448,"فلان راح فيها : أي وقع في مشكلة قد تقضي عليه"
5449,"فلان هايشي أو مستهوش : الأولى تعني أن عقله قليل و الثانية تعني أنه يقلل عقله بهكذا سلوك"
5450,"فلان ملظلظ أو ملظلظة : أي سمين أو سمينة"
5451,"فلان عيونه مدرخشات : أي صغيرتين وتشبه الثقوب"
5452,"أمالكا : هذه للعجائز . يقولون عن أميركا أمالكا"
5453,"فلان فلتان : أي قليل أدب و تربية ويشبه بالكلب أي غير مربوط"
5454,"عجوز كركمي : أي عجوز متقوسة الظهر بطيئة الحركة"
5455,"فلان زكرت : أي شجاع و قبضاي و يفهم بالأصول"
5456,"فلان يتسلحب : أي يأتي لمكان دون إذن الآخرين وغير مستحب أو مرحب به"
5457,"فلان لسانو أكلو القط : أي يخجل من الكلام أو قليل الكلام"
5458,"فلان القط بياكل عشاه أي مسالم جدا ولا يحب المشاكل"
5459,"فلان مثل الدبور : أي بخيل"
5460,"فلان عايف حاله : أي تعبان ولا يحتمل أحد"
5461,"فلان عم يجخ على نفسه : أي يتكارم على نفسه"
5462,"فلان غير ظابطة معه : أي المسألة ليس لها حل عندو"
5463,"فلان خيرو لبرا : أي بخيل مع أقاربه و كريم على الغريب"
5464,"فلان ساكعها وماشي : أي يعمل دون تخطيط أو عقل"
5465,"فلان لا يتقارش أو يـتأرش : أي لا تستطيع التعامل معه"
5466,"شيء مكرمش : أي مضبوب على بعضه البعض و مجعلك"
5467,"فلان خيّر : أي كريم"
5468,"فلان مزعبر : أي لا يقول الحقيقة و ينافق"
5469,"فلان قمع : أي تافه ولا يثق به ويشبه هنا بقمع الباذنجان إذ أنه يرمى"
5470,"فلان قد حاله : أي يعرف كيف يدبر أموره أي حربوق"
5471,"فلان نسان : أي يدخل و يخرج بمكان دون أن يعلم أحداً . أو يدس من تحت لتحت ضد الآخرين"
5472,"فلان مخاوز : أي لا يقف مع الحق"
5473,"فلان مالو بأوة : أي لا يحفظ الخبز و الملح"
5474,"فلان عوانطجي : أي غشاش لا يؤتمن له"
5475,"فلان غلوجي : أي أسعاره غالية و طماع"
5476,"فلان مصيف : أي ذهب عقله"
5477,"فلان خباص : أي لا يرسي على شغلة أو حال"
5478,"فلان ما بيعرف أبوه : أي مادي ولا يهتم للعلاقات الاجتماعية"
5479,"أكلة مسأسأة : أي فيها كثير من الدهون"
5480,"ما فقصت عنه البيضة : أي مازال غضاً"
5481,"المصاري : النقود"
5482,"عزيمة : وليمة"
5483,"ما دخلو : أي ليس له علاقة بالمسألة"
5484,"فخار يطبش بعضو : أي الشخص لا يهمه ما يحدث"
5485,"فلان مستمرض : ليس مريض لكن يشعر بالمرض"
5486,"فلان ما بيخاف الله : أي ظالم"
5487,"فلان مضيع : أي خرفان"
5488,"الصرماي : أي الحذاء أو الكندرا"
5489,"فلان باجوقو كبير : أي صوته عال و فاجر"
5490,"فلان دمو خفيف : أي طيب العشرة"
5491,"فلان دمو ثقيل : أي لا يستساغ عشرته"
5492,"فلان له منافس محمضة : أي متكبر"
5493,"فلان معشعش عند فلان : أي زياراته كثيرة له لمصلحة"
5494,"فلان ما له ظهر : أي ليس له واسطة"
5495,"فلان عم يجعر : أي صوته عال و غليظ"
5496,"فلان طفران : أي لا يملك من المال شيئاً"
5497,"فلان لا ينعطى وجه : أي غير أهل أن تكون لطيف معه"
5498,"فلان مطنش فلان : أي لا يكترث له"
5499,"فلان نافخ حالو : أي يتصنع القوة"
5500,"فلان عما يقرقر متي : أي يشرب المتة على مهل . والقرقرة هي الصوت"
5501,"ما حدا دعس على طرفك : أي اعتدى عليك لفظاً"
5502,"فلان مكبر راسو : أي عنيد"
5503,"فلان حرام فيه الخبز و الملح : أي ناكر للجميل"
5504,"فلان رفيع : أي نحيل"
5505,"فلان عمّا يعيط : أي يصرخ"
5506,"فلان بلهموطي : أي طماع ولا يتعاشر"
5507,"فلان بيخاف الله : أي تقي و يحفظ المعروف"
5508,"فلان درويش : أي بسيط و طيب"
5509,"فلان على السبحانية : أي درويش و بسيط"
5510,"تجيك نكبي : تأتيك نكبة"
5511,"فلان عم يزفر بالكلام : أي يقول كلام غير لائق وغير مؤدب"
5512,"فلان كبران راسو : أي متشدد في أمر ما"
5513,"فلان محروق الفيوزات عندو : أي يخلط في الأمور"
5514,"فلان عم يظعوط : أي يصرخ بشكل مزعج"
5519,"دراخيش : ثقوب"
5520,"فلان جسمو مهبط : أي في حالة تعب أو مرض"
5521,"فلان يلعي لعي : أي يتكلم بشكل ممل"
5522,"الشيء مجلعص : أي معمول بشكل غير مرتب"
5523,"فلان يجاكر علتان : يتحدى من أجل إثارة الغيرة"
5524,"فلان مبروع بحاله : أي مبسوط على نفسه"
5525,"فلان حاطط حطا فلان : أي يحاسبه على أي صغيرة"
5526,"كوّش على الشيء : حاز عليه بطرق غير شرعية"
5527,"فلان مزوغل : أي عم يغش"
5528,"خشوقة = ملعقة"
5529,"سقرق = كوب"
5530,"بوزك = فمك"
5531,"تبسه = صحن سجائر"
5532,"كييس = جميل و حلو"
5533,"خشم = أنف"
5534,"بشلوقة = شحاط"
5535,"قضوضة = سندويشة"
5536,"تتنوسف ، تتزهرم = تأكل"
5537,"قلاشين = كلسات ، جرابات"
5538,"عزّه = إشارة تدل على الاستغراب و التعجب"
5539,"هايشة = الرجل الطويل الغبي"
5540,"طشم = الرجل الغبي"
5541,"مرخفة = ملعقة السكب الملعقة الكبيرة"
5542,"زووم = المرقة أو عصير الشيء يقال زوم البندورة أي عصيرها وزوم الطبخة أي مرقتها"
5543,"زووم = العلقة أو القتلة أو الضرب المبرح يقال عملت للرجل زووم مرتب أي ضربته بشكل جديد"
5544,"قياس = الفرشة الصغيرة وسميت قياس لأنها على مقاس الجسم ولا تتسع لشخصين"
5545,"خروص = أي الحلق في الأذن"
5546,"الفتبول = الكرة ) تقول الجدة لحفيدها : قرد ولك شيل هلفتبول شو فاتحتلك الملعب البلدي ("
5547,"شلفون = للصبي البالغ من العمر بين 10 سنوات إلى 15 سنة"
5548,"قادوس = سطل المياه"
5549,"سختورة = طبخة تطبخ من أمعاء الخاروف وتحشى بالرز و اللحم وتسمى في دمشق القشة"
5550,"لقش = حكي ، كلام"
5551,"لاقوش = تلفون"
5552,"دربس = سكّر"
5553,"دربس الباب = سكّر الباب"
5554,"حتوك = يعني حاص و لاص كتير"
5555,"كيلون = الحنك أو الفم"
5556,"ما التكش = ما اهتم"
5557,"هيشل = مستعجل"
5558,"حاط = حيط"
5559,"لاش = ليش"
5560,"لاز = لوز"
5561,"جاز = جوز"
5562,"ماز = موز"
5563,"خاخ = خوخ"
5564,"هقف = وقف"
5565,"غاد = هناك"
5566,"انبشمت = شبعت"
5567,"أتورة ، أتوسة = شوي"
5568,"دبينة = ذبابة"
5569,"ليط وجهو = مسح وجهو"
5570,"كيل = كوب"
5571,"لكن ، دست ، طشت = وعاء كبير مسطح للغسيل"
5572,"شخاطة = كبريتة"
5573,"مقرقع = مبهدل"
5574,"شاروخ بو إصبع = شحاط زنوبة"
5575,"مجقة = بوسة"
5576,"شفيتير = شفاه كبيرة"
5577,"شلاضيم = بلاضيم = خدود مكتنزة"
5578,"بلِط = دبق = غليظ"
5579,"شقلو بعيونو = نظر إليه من الأعلى للأسفل"
5580,"حاكورة = قطعة أرض صغيرة بين المنازل"
5581,"شقلعي = أزعر"
5582,"مشقرق = مبسوط"
5583,"زاموقة = دخلة أو طريق صغير مسدود"
5584,"مبهبط = فضفاض"
5585,"كضاضة = كوفية"
5586,"مقرعب = يابس و مجعلك"
5587,"مكرنش = حالة بتصيب الغسيل ... بيصير خشن"
5588,"تخر غاد شوي = ممكن تبعدلي شوي بعد إذنك"
5589,"هاك : ذلك"
5590,"هاكِ : تلك"
5591,"هَوكي : أولئك"
5592,"غادينة : أي هناك للدلالة على المكان البعيد نسبياً"
5593,"هانة : هنا"
5594,"بحلق : نظر و أدام النظر بالشيء"
5595,"شدوقة : أي لقمة أو قطعة خبز كبيرة نسبياً"
5596,"انتفخ قلبي = بمعنى أني لم أعد أحتمل غلاظتك وثقل دمك حلو عني مشان الله"
5597,"طلع على لساني شعر = يعني أنني مللت من كتر ما نبهتك وأنت متل الهطيل ما عما تسمع شي"
5598,"مقلفن = أي منزعج مستعد للدخول في أي مشكلة أو خناقة مع أحد"
5599,"مأفتن = نفس تعريف مقلفن ويمكن القول للرجل لماذا أنت مأفتن أو مقلفن للدلالة على شدة غضبه و سرعة ثورته"
5600,"مشقة = أي زيارة المريض السريعة ويفضل تكون مع كم كيلون برتقال أو موز"
5600,"مشقة = أي زيارة المريض السريعة ويفضل تكون مع كم كيلو برتقال أو موز"
5601,"مونّق = يعني بيحكي وبيسولف وبيساير العالم"
5602,"لبخة = عكس مونّق"
5603,"هلقتيني = هلّق"
5604,"لقوف = يعني لقمة كبيرة"
5605,"انطمز = يعني انزعج وقلب خلقتو"
5606,"حنتر = يعني انزعج وقلب خلقتو و أخد على خاطرو"
5607,"النملية = مكان لوضع الأغذية و المونة بشكل خاص"
5608,"تكرفت = أي خرج مسرع طلع بلا وعي"
5609,"قراقعين = مجموعة أشياء بلا نفع"
5610,"جلنط = قرع"
5611,"زميتة = برد بدون هواء"
5612,"ناسوف = هواء بارد جدا"
5613,"جنق = زبدية"
5614,"زمق = يعني مرّ بسرعة .. حتى ما حدا يشوفو"
5615,"خسيلات = مجموعة ملابس بحاجة للغسل"
5616,"دكونة = دكان صغير جدا مسطمة = مسدودة"
5617,"شكيفك = كيفك"
5618,"اسطتنطرني = انتظرني"
5619,"اسطنطر = انتظر"
5620,"مقليعة = تصنع من الصوف عادة ويستخدمها الراعي من أجل رمي الحجارة لمسافة كبيرة ليخيف بها الأغنام البعيدة"
5621,"نقيفة = لها نفس استخدام المقليعة"
5622,"حكر = وهي المنطقة الصغيرة أو الدخلة في الحارة الصغيرة يقال ) بيته متل الحكر ( للكناية عن صغره ويقال حكرته أي زربته و حصرته في منطقة صغيرة أو نقطة ضعفه"
5623,"قالوشة = المنجل الصغير المستخدم في الحصاد"
5624,"هلقتين = الآن"
5625,"كماتين = أيضاً"
5626,"أيمت = متى"
5627,"الأربعي = يوم الأربعاء"
5628,"موتير = موتور"
5629,"ور ، زت = رمى"
5630,"ديناني = أدني"
5631,"تسلبط سلبطة = حصل على ما يريد باستخدام القوة وليس الحق"
5632,"زوعة = يعني بشعة"
5633,"يجقّر = ينظر بفضول"
5634,"يدحدح = يقترب بهدوء"
5635,"يلبط = يضرب الآخر برجله"
5636,"يدقدس = يبحث عن شيء ما"
5637,"يطحبش = يكسّر"
5638,"حصت ولصت .. ع جمالا اشتلقت"
5639,"ورّيت شو كان بإيدي"
5640,"ومدري شو صرلي تلعبجت"
5641,"دقدست عنا واسما عرفت"
5642,"ومن وقتا بحبا اندرخت"
5643,"ومن شانا ياما تكرفتت و تدعكلت"
5644,"و عالحيطان شقد تعشبقت"
5645,"و براميات الوحل ياما تمرطست"
5646,"لأني بحبا تزردكت و تزربطت ومعد فيني زملطت ، وصار اللي صار وأكلنا الكم فيها ارتبطت"
5647,"وبعدين طلبت إيدا وتجوزت ، بس وقتا لعرفت"
5648,"انو كل هاللعي كان لت وعجن"
5649,"تمنيت لو إني عيوني بلبصت ، ولا شفت اللي شفت"
5650,"مذكرات عشيقة سلمونية :"
5651,"يم دارو وياما هقفت"
5652,"وعشبابيكو ياما ربزت"
5653,"وع حديجة دارو ياما اندبجت ، لسوالفو ياما طقّست"
5654,"ويا سقر راسي لمن أخدتو شو خسبت ، خسبت حالي بالجنة اتدرفقت"
5655,"عيّن = انظر"
5656,"اشلفا = ارميها"
5657,"ازركو = احشكو = حاصرو"
5658,"لمّط = لم = شيل"
5659,"مسكليتة = بسكليتة دراجة"
5660,"جاكيّة = جاكيت"
5661,"باكيّة = باكيت"
5662,"كتّ = عبّي"
5663,"إبّا = ارفعها"
5664,"جلموء = مصلحجي"
5665,"معلاء = بيتدخل بكل شي"
5666,"كلاكيش = غراض"
5667,"مأنتن = وسخ"
5668,"صفدعة = ضفدعة"
5669,"مكن = قوي"
5670,"زنزوءة = مرجوحة"
5671,"زلاعيم = لوزات"
5672,"زَمَأ = مرّ"
5673,"طشّة = أهبل"
5674,"أهتر = أهبل"
5675,"جيعان = جوعان"
5676,"هبّور = شرشوح"
5677,"سيبو = تركو"
5678,"عاين = طلع و شوف"
5679,"سطيلة واحد مخو ما بيجمّع = غبي"
5680,"سنكوح : واحد طويل و ضعيف ما بيلقى كف"
5681,"مشّو = هيا بنا"
5682,"نتوسة = كمية قليلة"
5683,"طيبان = تدل على العلاقة الطيبة بين اثنين"
5684,"أخوي = أخي"
5685,"أت = أنت"
5686,"فهنه = يوجد"
5687,"آي = نعم"
5688,"بربيش = خرطوم"
5689,"فلوكا = مركب الصيد متوسط الطول"
5690,"لنش = مركب الصيد الطويل و الكبير"
5691,"هيكيا = هكذا"
5692,"ديتك = يدك"
5693,"كلو = تناولو الطعام"
5694,"حيج = يكفي"
5695,"طلعني = دخلوا"
5696,"فتني = دخلوا"
5697,"روحو = اذهبوا"
5698,"فرصوع = الكاحل"
5699,"خطمك = أنفك"
5700,"غوش = أصدر ضجة"
5701,"كيفك لك أخوييي انشاء الله منييي ) مع مط الكلمة وحذف آخر حرف ("
5702,"أهلين يا أخوي عروصي حورتااا ) يعني عراسي حارتك ("
5703,"بقلو لك شفت لمحماااا ) يعني شفتو لمحمد ("
5704,"بقلو لا و حيوت أمي وأمااا مو شفتو ) يعني وحياة أمي وأمك ما شفتو ("
5705,"يعني مو شفتو أبدا أبدا لعما بعيونو وينو هادا"
5706,"يعني والله ما بعريييي ) ما بعرف ("
5707,"بقو لكن بدك شيييي"
5708,"سلومتك أخوي انضيفك أهوة شوي يعني هيك شيييي"
5709,"بقلو لك صحا وميت هنا أخوي والله على عيني و روسي"
5710,"سلاطة = سلطة خضار"
5711,"الجقل = الذئب"
5712,"الدبة = الحمار"
5713,"مصطلحات طرطوسية :"
5714,"عازمك عكاسة متة : عازمك لعندي"
5715,"هالحديث بدو كاسة متة : يعني ما بينقال عالواقف أو عالتلفون ، بدو قعدة"
5716,"بتتخيلي كاسة المتة هون ؟ يعني المنطقة جميلة جدا"
5717,"حزرو وين شربت متة ؟ تدل على غرابة مكان زرته"
5718,"حزرو مع مين شربت متة ؟ قعدت مع واحد ما رح تتوقعو أبدا"
5719,"ياما شربان معو متة ؟ كنت صاحبو لهداك الشب ) وبتنقال لما الشب التاني بتعلا مراكزو ("
5720,"سخنو : أنا جاييك عالطريق"
5721,"لسا ما قطعت كاستك ؟ بتنقال إذا ضيفك بدو يروح وما طول القعدة"
5722,"بدنا نجدد ) قعدتنا مطولة ("
5723,"جددنا تلت مرات : يعني الزلمة طول عندي"
5724,"هنا : أنا"
5725,"هنت : أنت"
5726,"هنتي : أنتي"
5727,"هنّي : هم"
5728,"هكيا : هكذا"
5729,"بيّي : أبي"
5730,"خيّي : أخي"
5731,"خيتي : أختي"
5732,"بيّي : أبي"
5733,"سيقاني : رجليّي"
5734,"ديّاتي : إيدي"
5735,"بوزي ، باجوقي : فمي"
5736,"صيباعي : أصابعي"
5737,"قرصوبة : رقبة"
5738,"توقاه : كان"
5739,"توقاها : كانت"
5740,"أبدي : ما بدي"
5741,"أفيني : ما فيني"
5742,"خملت : فكرت"
5743,"تخّر : ابتعد"
5744,"روح ريح : تنحى جانباً"
5745,"مجا ؟ منجا ؟ أليس كذلك ؟"
5746,"علوّاه : يا ريت"
5747,"أيمتى : متى"
5748,"شو حالك : كيفك"
5749,"هيّيتو : أنهيته"
5750,"ديفونة : صوفاية : صوفا"
5751,"قبوعة : قبعة تجمع على قبيبيع"
5752,"سحسوحة : طيارة عالرقبة"
5753,"الزيرة : جزيرة أرواد"
5754,"مزليط : حجر نهري أملس يستخدم للضرب"
5755,"رعش : حائط استنادي صغير"
5756,"موي : ماء"
5757,"حاكورة : خرابة"
5758,"قرقة ، زيغة : دجاجة مراهقة"
5759,"شلوف : ديك مراهق أو فروج مذبوح"
5760,"ضرب : بنت حلوة ، كاسة متة"
5761,"اللاقوش : الموبايل"
5762,"مسبحة : حمص حب"
5763,"حمص ناعم : حمص مطحون"
5764,"خيور : خيار ) لهجة صافيتا ("
5765,"ليمون : برتقال"
5766,"ليمون حامض : ليمون"
5767,"فليفلة حرّة : فليفلة حادّة"
5768,"سقرق : وعاء معدني يستخدم للسلق"
5769,"قادوس : سقرق كبير ، برميل غسيل"
5770,"تاسومة : شحاط"
5771,"مشزلة : مسجلة"
5772,"التليتي : الثلاثاء"
5773,"الأربعي : الأربعاء"
5774,"كيّس : جميل و جيد"
5775,"جقر : وقح"
5776,"نس : خبيث"
5777,"نشح : سيء"
5778,"هتيّ : ضعيف و محلول"
5779,"أهتر - هترة : عديم ، عديمة المسؤولية"
5780,"فدان : شديد الغباء"
5781,"ملعون : فتح ، حدق"
5782,"مفرع : مخفف تياب"
5783,"ضحكتا لقراميش دينيّا : ضحكتها عريضة"
5784,"مقنزعة ، معنطزة ، مشفترة ، معنفصة : درجات للغرور ) مغرورة ("
5785,"مفنطرة ، مبوزمة ، مشفترة ، محنترة : درجات مختلفة من الزعل ) زعلانة ("
5786,"مكرسحة : متعبة و غير قادرة على المشي"
5787,"مقرعبة : مرتعبة أو شديدة النحافة"
5788,"معصمصة : نحيفة جدا"
5789,"حومة : طويلة جدا"
5790,"بقرة العادة : سمينة جدا"
5791,"زارنة : شاردة"
5792,"مقلقزة : غير ثابتة"
5793,"بليد : قليل المروة"
5794,"تعوّق : تأخّر بالعودة"
5795,"جقمر : جادل"
5796,"رخيه ، دشرو ، دشو : اتركه"
5797,"لا تتجقم فيني ، لا تتلاوق فيني : لا تقلدني بالكلام"
5798,"لا تبعق : لا تصرخ"
5799,"يلقش : يثرثر"
5800,"زلطا : كلا بلا مضغ"
5801,"لوكا : امضغا"
5802,"روّجنا : اقتربنا من النهاية"
5803,"عم تنعوص : عم تبكي بصوت مزعج"
5804,"عم يتدرج : عم يتمشى"
5805,"تنقّز : كول الله جعلو فزرة ، تزهرم"
5806,"شق الشباك : افتح الشباك"
5807,"فقعتو لبيط : ركلته بقدمي بشدة"
5809,"جوّش الابريق : اقترب من مرحلة الغليان"
5810,"قطعت الكاسة : رسبت المتة في قاعها"
5811,"طالع بخوندة : مسافر بشركة القدموس"
5812,"شحاري مفقرك : كم أنت درويش وعلى نياتك"
5813,"مي كيسة : ليست جميلة"
5814,"ماني ساغ : لست على ما يرام"
5815,"ما أتيسك : كم أنت عنيد"
5816,"الحساب عندي إذا بتريد ، لو سمحت خلي المحاسب يراجع الفاتورة"
5817,"عنجد في غلط بالحساب"
5819,"مستغبين الناس يمكن افترضوا أنو وجودي معك رح يحرجك وأنو رح تدفع الفاتورة بدون ما تدقق ويمشي الحال بس ما توقعوا أنو أنا اللي عازمتك"
5820,"يا لطيف شو قوية"
5821,"المسألة باختصار أنو ما بقبل كون ضحية ما بقبل حدا يضحك عليي"
5822,"هذا المشهد حصل ذاته في المطعم ولكن بعد زواج رياض المرادي من رياض العمري"
5823,"الحساب عندي إذا بتريد"
5824,"مو معقول لهلق ما صلحوا الآلة الحاسبة"
5825,"هلق كل مرة بدك تعمليلي قصة الآلة الحاسبة ، أدفعي بدون ولدنة أو اعطيني أنا أدفع الفاتورة وبدون هالفضايح"
5826,"إي بس ...."
5827,"ولدنة زمان بدك تنسيلي ياها بعدين حاج تعمليلي فيها مسترجلة قدام الناس أنتي معك زلمة قد الحيط لا تنسيلي يا مدام أنتي زوجة رياض المرادي يعني أنت حاملة اسمي خلصيني"
5828,"لكن ادفعها أنت"
5829,"رجعت أيام الشتا ، الليل بارد اليوم ، الظاهر هي الشتوية قاسية كتير"
5830,"عم فكر بالمهجرين كيف هربوا من الدم والبرد ، وعم حس شعور الدفء هو ترف بالنسبة لي"
5831,"أنا كتير مقهور ... مقهور ومشتقلك يا ماجدة"
5832,"بالمناسبة ، أنا آسف أنّي كنت أنسى عيد ميلادك ، بس هي عادة لأني من أنا و صغير ما كان حدا يعايدني ، بس هلا رح جيب أجندة وسجل فيها كل الأعياد ، عيد ميلادك ، عيد الحب ، عيد المرأة"
5833,"وأنا عم أحكيلك هالحكي ، إلك بالذات ، لأنك مرايتي ، البيت بارد و ولا شي بدونك ، البيت بلاكي سجن ، و أنتِ وطن"
5834,"ما في أبشع من البيت الفاضي ، إلا البيت يلي مانك فيه"
5835,"يبدو أن للتعايش حدود ومعايير خاصة في مجتمعنا لا يجب أن نجتازها"
5836,"ومع ذلك هناك خطوط حمراء يخطّها المجتمع لكن مع مرور الوقت تُمحى تدريجياً"
5837,"ف ما نتقبله اليوم كان مستهجناً في زمن مضى"
5838,"وما نستهجنه اليوم سيكون مقبولا في زمن سيأتي"
5839,"جلال وحنان قصة حب نسجها الكاتب فادي قوقجي في مسلسله ) ليس سرابا ("
5840,"المشكلة انو كل العيلات الأكابر هلق يابي عم يجيبو يا حبشيات يا اندنوسيات يا اما سيرلنكيات ولي على قامتون والله والله ما عم لاقي عيلة بدا بنت البلد لكن كانو قاتلين حالون علينا هلا مو سائلين فينا بنوب"
5841,"يعني سائلة و مدورة"
5842,"أي والله يابي سألت"
5843,"الله يطعمك اللي ببالك يا بنتي ان شاء الله بتصيري أميرة زمانك يا رب"
5844,"أميرة ؟ ادعيلي صير سيرلانكية"
5845,"آمين يا رب ان شاء الله يحققلك مرادك"
5846,"ولك ما عم صدق شو صايرلك ؟"
5847,"إي لا .... صايرلي .... صايرلي كتيير صايرلي ومصورلي ... كنت مشغلتلك العشرة نار .. وإنتا مو عاجبك وعم ترفّس ... هلأ ، دخيلو أسمو ربي ، باعتلي شخص مشعلتلو شمعة وحدة بس ها ... شمعة وحدة وهو قايسني بالمسطرة وطاير عقلو فيني"
5848,"أنا ما بعرف غازل ، ما بعرف قول لبنت إنه إنت حلوة أو شعراتك حلوين ... بس بعرف إنك لما تكوني جنبي بحس حالي كتير منيح"
5849,"في مرحلة أنا ما مرقت فيا بالتمثيل هيي دور البنت الحبيبة يلي بتنحب و بتحب أنا ما عملتا هي"
5850,"أنا دائما البنت الي ممكن لا تتمتع بجمال كافي ، البنت العانس"
5851,"في أعمال كتير أنا بنقهر إني ما كنت فيا مثلا أنا ما اشتغلت بأهل الغرام"
5852,"أنا لهلأ بالنسبة إلي بزعل .. كتير بزعل إنو ليش .. ليش ؟"
5853,"شو مواصفات إلي بحب ؟ مالو مواصفات الي بحبّ كل الكائنات الي الله خلقا بتحب و بتعشق"
5854,"زينة : في شب تقدملي"
5855,"طيف : إي"
5856,"زينة : شو إي ؟ عم قلك في شب تقدملي"
5857,"طيف : سمعت شو مابفهم مين مين هو مين هاد"
5858,"زينة : هلئ هاد يلي بيهمك ؟"
5859,"طيف : لاء بس فاجأتيني"
5860,"زينة : معك حق تتفاجئ طبعا مو أنا محسوبة عليك كيف بيتقدملي حدا غيرك و بيطلبني لازم ما حدا يقرب عليي و يطلبني وانا هيك ضل ناطرة طول العمر طيف انت عندك شك اني بحبك"
5861,"طيف : لاء طبعا"
5862,"زينة : وانت بتحبني"
5863,"طيف : شو هل السؤال"
5864,"زينة : معناها أنت بتتمنالي الخير"
5865,"طيف : طبعا بس شو قصدك من هاد السؤال"
5866,"زينة : ولا شي"
5867,"طيف : لا في شي احكيلي الشب عاجبك ؟"
5868,"زينة : إي عاجبني و عاجبني بشكل ما ببتصورو بس بتعرف ليش ماعم أحسن وافق ؟ لأني بحبك"
5869,"أنا بدي نقول تعي نسكر عالماضي .. تعي ننسى كل التفاصيل يلي صارت من سنتين لهلئ ولا كأنو صار شي ولا كأنو أنتي تركتيني وسافرتي ، نبدا من جديد"
5870,"ما بعرف إذا بئدر ؟"
5871,"بنئدر ؟؟ هي أول مطرة بالموسم"
5872,"لا تخجلوا ... كلنا كبرنا كتير"
5873,"كبرنا لدرجة إنه بطلنا ندور على أصدقاء جداد أو حتى على ناس يحبونا و نحبهم"
5874,"كبرنا لدرجة صرنا نلبس الملابس يومين و تلاتة ورا بعض"
5875,"لدرجة إنه صرنا نخاف على أهلنا بدل ما نخاف منهم"
5876,"بطلنا نجادل حدا لما نعرف إنه نحنا الصح صرنا نترك الأيام تثبة صحة وجهة نظرنا"
5877,"لدرجة إنه ما عاد حكينا لحدا شو اللي بصير معناها ، ولا شو بوجعنا"
5878,"صرنا نفرح عالسكت ، ونبكي عالسكت"
5879,"صار عادي شو ما كان نوع موبايلي ... وشو ما كانت ماركة ملابسي .. ووين ما كنت ساكن"
5880,"وعادي كتير إني أحكي لكل أصحابي : أنا ما معي مصاري ، ما بقدر أطلع معكم اليوم ، بدون ما أخجل من ردة فعلهم"
5881,"صارت النكت البايخة هي يلي بتضحكنا عنجد ، لأني نحنا صرنا بدنا أي سبب لنضحك عليه"
5882,"وما عاد يأثر فينا الحكي الحلو ، صار بدنا أفعال من القلب"
5883,"بطلنا نتمسخر لما نشوف حدا لبسه مو حلو بالطريق صرنا نحكي ) الله يعين العالم ("
5884,"وتعلمنا إنه ما نستنى شي من حدا .. حتى المعجزات بطلنا نستناها ... لازم تعترفوا كلنا كبرنا مهما كان عمرنا"
5885,"ما تعودت كون غير خفيفة دم وروحي حلوة"
5886,"بحب وجودي يكون مرتبط بالضحك و المزح مهما كانت حالتي النفسية ، وبحب وأنا موجودة يكون صوت الضحك عالي ، والناس كلها تبقى قاعدة تبتسم"
5887,"بحب انعكاس حالة الناس عليي لما يقولولي :"
5888,""""" انتي اللي دخلتي الروح و الطاقة الإيجابية لهالمكان """""
5889,""""" القعدة مو حلوة و مملة بدونك """""
5890,""""" دخيل ربك شو مهضومة ... بتشيلي الهم عن القلب """""
5891,""""" ضحكتك حلوة ... خليكي هيك ... ضلي اضحكي """""
5892,""""" انتي كلشي بتحكيه حلو .. متل ضحكتك الحلوة """""
5893,"بفرح لما أقدر ارسم بسمة ع وجه الناس اللي حواليي"
5894,"الحياة صعبة وكل واحد بصارع فيها بشكل ما ، ما عدنا محتاجين لشي أكتر من أننا نضحك ... خلينا نكون شو حلو بحياة البعض"
5894,"الحياة صعبة وكل واحد بصارع فيها بشكل ما ، ما عدنا محتاجين لشي أكتر من أننا نضحك ... خلينا نكون شي حلو بحياة البعض"
5895,"مساكن و أيامكن ضحكات حلوة"
5896,"الخسران الأكبر بحياتو للأسف"
5897,"الشخص الحسّاس ... هو مو حدا كئيب ولا نكدي .. كل الموضوع أنو تركيبتو غير شوي"
5898,"هو حدا بيفرح من قلبو لما يشوف تفصيل صغير بيفرّح .... وكمان بيزعل من قلبو لو صارت شغلة بسيطة أثّرت فيه بشكل سلبي"
5899,"حدا دموعو قريبة و ضحكتو أقرب"
5900,"حدا روحو هشّة ما بتتحمل العلاقات المتعبة و الانتقاد اللاذع و المشاعر المعقدة"
5901,"حدا أي شغلة بتترك جواتو أثر سواء حلوة أو بشعة"
5902,"حتى يبقى الحلو حلو ، ما تقرب منو كتير : هيك بيقولوا ... يمكن هالحكي كتير صح لأنو"
5903,"البعض بيكونوا أحلى من بعيد ..."
5904,"و علمتنا الكتابة انو نترك مسافة بين الكلمة و الكلمة حتى يفهم الناس شو عم نكتب"
5905,"وعلمتنا حركة المرور انو نترك مسافة بيننا وبين السيارة التي قدامنا حتى ما نصطدم فيا"
5906,"و علمتنا حركة الحياة أنو نترك مسافة بيننا وبين الناس حتى نفهمن منيح و نكشف حقيقتن وحتى ما نصطدم فيون أو نتصادم معهن"
5907,"فنصيحة : ما تقرب كتير حتى ما يملو منك الناس أو يحرقوك بنارن ، ولا تبتعد عنهن حتى ما ينسوك و كمان خلقتنا بالفطرة اجتماعيين"
5908,"وتذكر دوم انو من أهم قواعد الحياة قاعدة اسما قاعدة إدارة المسافات ... وهي كمان من أكبر سنن وحتى سير الكواكب الدقيق مرتبط باحترام المسافات فلو قربت الشمس منا ميلا واحدا لاحترقت الأرض ولو بعدت عنا ميلا واحدا لتجمد كل شي ... فتعلموا منيح إدارة المسافات بتعيشوا مرتاحين"
5909,"كتير بنات صارو يحكو جملة """" أنا بنت عز """" ولما تطلع ع تعاملها مع الناس بتشوف قلة تربية مو طبيعية و أخلاق سيئة"
5910,"ترا العز مو مشان أهلك طبخولك صدر منسف عليه لحمة و بعدها أكلتو حلو و تسالي ، ولا مشان بيوم طبشتوها ع الغدا و عملتو جاجتين محشيين ، ولا لأنو يومين ورا بعض وصيتو أكل من برا ، ومو مشان اشتريتي بلوزة ماركة ، ولا مشان وضع أبوكي كلن منيح و طلعلك شهادة سواقة و صرتي تسوقي سيارتو ، ولا ....."
5911,"بنت العز اللي بتعرف تتعامل مع الناس ، اللي ما بتقلل منهم ، اللي بس تشوف موقف قدامها بحاجة لإنسانية بتساعد ، اللي بس تطلع من بيت أبوها لبيت زوجا ما بتنزل فيه و بأهله تلطيش حكي على أهلي بجيبو هيك و بياكلو هيك و بيلبسو هيك"
5912,"بنت العز اللي وين ما دارت وجها بتلاقي الناس بيدعو لأهلها اللي ربوها ، اللي ما بتدخل بحياة حدا ، ولا طول نهارها بتحكي عن العالم وبتعمل مشاكل وفتنة بنت العز اللي ما بتفضح جوزها قدام أهلها والناس إذا قصر معها بسبب ظروفه بالعكس بتسانده و بتعيش معه ع المرة قبل الحلوة"
5913,"العز مو المصاري يا جماعة ؟ المصاري بتجي و بتروح عادي وأي حدا بيقدر يوفرها ، العز هو الأخلاق و الاحترام و التربية"
5914,"عن حنية فيروز لما قالت : ويا قلبي لا تتعب قلبك ... وبحبك على طول بحبك"
5915,"كيف كانت تعبانة من حكي الناس وكيف ريحتلو قلبو و حسستو بالأمان لما عطتو وعد الحب"
5916,"انو شو ماصار وشو ما انحكى مكلنتو بقلبا ما رح تتغير و قلبا إلو وبس"
5917,"وبحبك على طوول بحبك"
5918,"الناس يلي بتسمع فيروز الصبح هي الناس تحديدا قلبها بيوزع حب عالكوكب كله"
5919,"بمسلسل """" ضيوف على الحب """" بتقول شكران مرتجى كلام كتير حلو وحقيقي :"
5920,"أهم شي انتبهي من هدول الأشخاص يلي بيعطوا نص بكل شي ، يلي بيعطيكي نص حب ح يعطيكي نص نص بكل شغلة بتطلبيها منو ، لا تقبلي بالنصاص ، ولا بالرباع ، خاصة بالحب ، الحب يا كامل يا بلاه بالمرة"
5921,"سامح حتى ينزل الشخص من عينك ؟؟؟"
5922,"بهي الجملة بتتلخص علاقاتي المنتهية ، ولا مرة بعدت عن حدا من تصرف أو موقف عابر ..."
5923,"دايماً بعطي الشخص فرص كتير و مساحة كبيرة يعمل فيها اللي بدو يعملو ، يأذي على راحتو ، يحكي و يجرح لحد معين ، للحد اللي بيطلع فيو من قلبي بدون ما حسستو بتأنيب الضمير أو الظلم تجاهو"
5924,"أنا بسامح بسامح ما بنسى المواقف ولا بنسى أصغر تفصيل وجعني لو كانت كلمة كلو بيتراكم بس موقف لحتى عاتب أو انتقم أو عامل بالمثل لا ...."
5925,"أنا ما بنتقم ولا بحقد ولا بعامل بالمثل من ناحية الأذية ما تربيت هيك"
5926,"بس براكمو حتى يطلع الشخص من قلبي تلقائيا ، بدون ما كون ظلمتو أو تسرعت بردة فعلي"
5927,"الحب ... لما تطلبي من أبوكي حبة شوكولاته و يجبلك علبة كاملة"
5928,"الحب .. لما تكوني قاعدة و فجأة يدخل يسألك و يحكيلك بدك شي ... جاي ع بالك شي ... حدا مزعلك ..."
5929,"الحب ... لما تلاقي الحب مليان بعيونو وهو عم يحكي عنك"
5930,"الحب لما قبل ما يجي ع بالك شي يكون عندك .. هاد هو الحب"
5931,"الحب يعني اهتمام"
5932,"و الاهتمام ما بيجي إلا من يلي شاب شعرو عشان خاطرك"
5933,"اللي قضي عمرو يشتغل مشان ما تحسي انو ناقصك شي ولا يحس انو قصر معك ... الله يخليلك إياه يا رب"
5934,"ماشاء الله ماشاء الله ... بتعرفي ! يلبقلا هيك يعني ركب السيارة من قدام ، دارسة عيون؟"
5935,"أي لكاان ، واصلة للكفاءة"
5936,"اهمم .. يعني تؤبريني انا الي بقصدو يعني انو رايحة ع الجامعة ؟! لأنو ازا رايحة ع الجامعة ابني يعني ما بيواتيه ، البنت الي رايحة ع الجامعة يعني فايتة طالعة"
5937,"لأ يوه ! شو جامعة ! كش برا و بعيد ... بناتنا لا فوتة ولا طلعة ، ابوهن هيك بدو"
5938,"عز الطلب ، أصبح بدنا التنين عدايل شو قلتو ؟"
5939,"والله نحنا ما منقول ... رجالنا هنّ الي بيقولوا ... بس إذا بدك مرّي المسا بتكون رجعت بنتي التالتة ، بتشوفيها .. بتعجبك كتير"
5940,"باخر حلقات مسلسل """" الانتظار """" و بمشهد يا دوب مدتو دقيقة"
5941,"احدى الشخصيات الأساسية """" عبود """" الي يكون متربى من صغرو بالشارع و مصطلحاتو و مفرداتو بتوحي الك إياك تغلط أو تفكر تغلط معو"
5942,"هالشخصية الي تمرمغت بكل أحداث و تجارب الشارع و كبرت لتصير لا مكترثة بيك ولا بغيرك و الحرمان علمو شلون يعتمد و يوثق بنفسو فقط و مافي مجال ليعيد النظر بهالقصة"
5943,"بالمشاهد الأخيرة بتتكسر كل الطبقة القاسية و بيظهر الولد الحنيّن الي ما عرف يكبر ولا قدر يهرب .. الولد الي تمنى يكون عندو أخ يحميه أو أم تحنّ عليه .. صديق يسندو .. حبيب يغنيه"
5944,"عبود صار كل هاي الشخصيات ... كل حرمان و نقص كان يحس فيه صار يعوّضو بانو يكون الشخص الي تمنى يوما ما يلتقيه"
5945,""""" لأ مو بقولو انو الطبخ نفس ؟؟ أنا كنت حس اني ما عم رشلك على الطبخ كزبرة و بهارات لأ أنا كنت حاسة عم رشلك روحي """""
5946,"منفوت عالبيت منسأل اول سؤال ) وين امي ( ماما وينك ؟ يا ماما ... و منبحث بكل الغرف"
5947,"متناسيين تماما وجود أفراد تانيين موجودين معنا بالشقة غيرها"
5948,"اول حدا بيخطرلك تقعد تحكيلو شو صار معك بالدوام ومين شفت"
5949,"أكتر حدا بتتصل فيه بغربتك أو بغيابك عن البيت لأسابيع"
5950,"أكتر حدا بتشتقلو و بتفكر تزور سورية اول تروح عالضيعة كرمالو"
5951,"اكتر حدا بيتحملك واكتر حدا بيفهمك واكتر حدا بتتخانق معو و بتندم"
5952,"مافي شخص بالعالم بيحبك قدها"
5953,"الأم هي كلشي بحياتك ... الله يحفظها"
5954,"ما احلاها يبلش نهارك عالبرندة في شمس بس انو الجو بارد فعلا و بخليك تحتار شو تلبس اليوم"
5955,"ركوة قهوة مع صوت فيروز بغنية ) صباح و مسا .. شي ما بينتسى ("
5956,"سيارة تحتار عم تنادي ) بندورة للطبخ ، بندورة للسلطات ، يلا قرب عالبندورة ("
5957,"بتقلب بالفيس و بتشوف المصايب اللي صايرة بالليل وانت نايم و بتقرا الخبر مليون مرة لتخرج عن طورك"
5958,"جراس قداس الأحد واصلتك من حي بعيد و مبشرتك انو بلش اسبوعك و لازم تنزل تعارك الحياة مع مديرك"
5959,"نازلة الرواتب وعم تفكر بالجاكيت اللي صرلك 3 سنين عم تقيسو بالمحل"
5960,"في أشخاص هنن """" كل المكان """" هنن الروح ، هنن الجو كلو و بهونوا عليك صعوبة حياتك الحالية"
5961,"بيتسرح قبلك و بيتركك ، بيرجع عالبلد و بخليك مسافر لوحدك بيرتبط وببعد عنك"
5962,"هالحدا ممكن يكون صديق مرحلة ، وممكن يكون حبيب بس هو اللي كان الملجأ تبعك اللي بيفهم راسك و بسايرك و متحملك و متمسك فيك عنجد"
5963,"حوليك ألف حدا بالدوام و البيت و الحياة ، بس هالحدا حوليه ضو أصفر"
5964,"دبنا ع غيابك ، مو غنية لأ هي اختصار لمشاعر وحدة و غربة و زهق رح تعيشها ببعدك عنو و للأبد خاصة انو مرحلتو انتهت"
5965,"ما كنت متفاهم غيابك معك أخطائي تتحملها ، لهيك متحسر عليك رغم اني من قلبي بتمنالك السعادة"
5966,"عبالي انزل اتمشى الصبح بالشام القديمة ، و جرّب ضيع بالحارات العتيقة لأوصل كنيسة الأرمن"
5967,"اشتري كيروسان من القيمرية و ليموناضة من عند أبو جورج و سندويشة سجق من عند كيفورك"
5968,"اشتري اكسسوارات من سوق مدحت باشا ، وقهوة من عند عيلة نظام"
5969,"اسمع صوت الأدان من الأموي و جراس كنيسة مار جرجس السريانية"
5970,"اشتري فارزة رمل مكتوب فيها اسمي"
5971,"الحارات جوا مالك قلب تطلع منها"
5972,"في شي بالحياة اسمو أنا بزبط حالي """" كرمالي """" ، يعني مو شرط أتمكيج لألفت نظر الشباب"
5973,"بلعب حديد و عملت عضلات لأني حابب وقف عالمراية ولاقي انو جسمي حلو و متناسق و مريحني"
5974,"بلبس مرتب و كتير قطع ، كمان مشاني ، آخر همي رأي فلان او انو الناس تقول عن لبسي انو مميز و أكبر دليل ممكن حب قطعة و أدبقها شهرين وما حل عنها لأني مقتنع فيها"
5975,"انا ما عم بقول أنو الناس مو مهمين ، نحنا بالنهاية عايشين بمجتمع و ضمن بيئة اجتماعية وعنا محيط اجتماعي حولينا و نحنا جزء منو"
5976,"في اختراع بعلم النفس اسمو التصالح مع الذات و حب الذات و الرضا عن الذات ، هاد هو اللي بكون عاملو أنا حابب حالي باللبس الفلاني أو بالموديل الفلاني لهيك ساويتو يا جماعة الخير"
5977,"لك حتى الوشم بيكون الشخص عاملو لأنو وراه قصة معينة و بعبر عن سر مخبيه بحياتو ، بفكروه حابب يلفت نظر بالشعلان و الدبلان و الأميركان و الموكامبو .. تخيلو كيف ظلموه"
5978,"كل هالحكي لقلك منعمل الشغلة لنوقف ع المراي و نبتسم و نشعر بالرضا و السلام الداخلي و النفسي"
5979,"دايما جنب الحدائق عنا بكون في عربايات متواضعة حاطة شاي على الحطب و أم كلتوم و كستناء"
5980,"قعدات الشتا الساعة 8:00 بالليل بتلاقي اللي هربان من نق مرتو و اللي جاي يشوف صاحبو واللي راجع من شغلو و اشتهى يشرب شي ساخن"
5981,"أحيانا بيكون في مباراة ، لهيك بتتشجع الشباب تضل قاعدة"
5982,"عفكرة انت قادر تبسط حالك بأقل التكاليف الممكنة و رغم كل الظروف و الفصول و الأجواء ، بس بدك قابلية"
5983,"فيك تحمّص ) بزر ( بالبيت متل كل يوم ، بس البزر مع الناس هو كسر للروتين الممل ، و تغيير للنفسية"
5984,"بالشام كنت شوف هالأجواء جنب حديقة الجاحظ ، و نواحي المزة الشرقية ، وشفت هالأجواء بأربيل و شفتها بطرابلس اللبنانية ، و باسطنبول"
5985,"حتى بعز دين المطر بحب الطلعة بحب عمرو دياب بالسيارة مع نسكافيه ) الكنكنة بالبيت حلوة بس مو عطول ("
5986,"بتحسو انو البعض وصل لمرحلة نسبة تعلقه و خوفه على فكرة زعل الآخرين و موقفهن منو"
5987,"كيف يعني ؟ يعني رأي عمتك بتخصصك الجامعي اللي مو عاجبها ، صار آخر همك انك تبرر او حتى انو يعجبها ، طيب قيمنا من عمتك لك ذوقك الموسيقي ، لبسك ، آراءك صرت تقصرها مع اللي حوليك و تهز براسك و تقول ) اي اي متل ما بدكون ( بمعنى آخر عم تقلون يلا خلصوا و روحوا"
5988,"بتصل لمرحلة ما عاد همك الناس تحبك ، او تنعجب بحياتك .. واللي ما بدو ياك ، بسرعة الله معو"
5989,"شوي شوي بتصير تعمل أشياء كرمالك انت ، بدون ما تنطر مكافأة او مدح او ذم من اللي حوليك"
5990,"التخلي عن المحيط الاجتماعي بعلم النفس هو بداية مرض ، وهي حقيقة علمية ، بس إذا جيت للجد شوي القطيعة بين صلة الرحم و كترة الغيرة و الحسد و الكراهية و التجارب البشعة بتخليك تتخلى عنن و ضميرك مرتاح ) بس هون انت مانك مريض ( انت أو انتي رسميا واعي شوي بتعمل و ليش عملت"
5991,"النضج بخليك ما تنطر شي منن وما تتأمل شي وما تسأل عن شي وما تبدي اي ردة فعل بفرح او حزن من اي شي هنن حكوه و شايفينو صح او غلط"
5992,"بتقوم بتبعد و بتعيش حياتك بشكل مستقل و بتريح راسك و بتحب حالك و بتزيد ثقتك بنفسك و بتتصالح مع ذاتك و بتركز ع امورك الشخصية فقط"
5993,"ماني ناطر حبيب ، ولا ناطر ابن خالي ، ولا مستني رفيقي ، عايش فيون و بلاهن ، اليوم و بكرى و بعد شهرين ) وجودهن ... و غيابهم ما بيضر ("
5994,"معقول نجيب يصير رومانسي بسبب فيلم التايتنك"
5995,"ماجدة : نجيب"
5996,"نجيب : إه"
5997,"ماجدة : اطلع بعيوني منيح و جاويني بصراحة"
5998,"نجيب : أمر"
5999,"ماجدة : لو صدفت شي مرة و سافرنا أنا و إياك بالبحر و غرقت فينا الباخرة بتعمل منشاني متل ما عمل البطل لحبيبتو بالفيلم"
6000,"نجيب : هاي قلتيها بعضمة لسانك"
6001,"ماجدة : شو قلت ؟"
6002,"نجيب : قلتي متل ما عمل البطل مع حبيبتو ، إنتي حبيبتي شي ؟ هون السؤال"
6003,"نجيب : شو بكي ماجدة ليش لهلا ما لبستي ؟ يعني رح نتأخر على فاتن و مالك هلا بكونو عم يستنونا"
6004,"ماجدة : راسي واجعني"
6005,"نجيب راح جاب مي و حبة دوا"
6006,"و قال نجيب : قومي قومي جبتلك حب وجع راس يا ريت راسي ولا راسك"
6007,"ماجدة : بعد شو ؟ بعد هالكلمتين يلي متل السم الي خليتني أتمسى فيهم امبارح"
6008,"نجيب : شو غلطت بقى أنا شو حكيت شي غلط يعني"
6009,"ماجدة : نجيب لا تجنني ! لكن هاد جواب بتجاوب عليه أنا مو حبيبتك"
6010,"نجيب : طبعا انتي مو حبيبتي وبس ! انتي زوجتي و أم ولادي و رفيقة عمري و شريكة حياتي يعني بعد كل هالشي عم تسأليني هيك سؤال !! يا ستي و أكتر من هيك لو تعرفي أنا هلا شو حاسس"
6011,"ماجدة : بشو ؟"
6012,"نجيب : حاسس أنو راسي واجعني متلك ، لكن انتي إذا بتنكشي ضرسك بصرخ أنا آي ، هاه و رح أشرب أنا حبة كمان من شان وجع الراس"
6013,"أجمل القصائد باللهجة الجزراوية للشاعر جاك إبراهيم :"
6014,"يا زمان"
6015,"ليش تغدرني يا زمان دختو فعذابي .. أعيش دنيتي يا رب محروم أحبابي"
6016,"يا محلا الشقا معك و محلا لذة عذابو .. لجاني الفرح بلاك مو حس بهجة إيامو"
6017,"كرمالك أصبر دلال أتعذب و نا فهل الحال .. دي رجع فرحني قربان أرحمني و ريح هل البال"
6018,"أطلب منك خليلي محبوب قلبي و هنيني .. ليش موتريحني يا رب دوا عطيني و شفيني **********"
6019,"لمن أغني يا رب"
6020,"لمن أغني يارب محبوبي موى بشاني .. ذبتو و ذوبني دردي و دوا ما صار لحالي"
6021,"عشقتو قلتو رتحتو بلكي الشقا ينساني .. ماريتو كدي عشق كتلة وجع سواني"
6022,"ليش مو تحس فيني و تعرف أشون همك خلاني .. أنسى الدنيا و البشر جسمي هد و سلاني"
6023,أريدك
6024,"نذر و نذرتولك و صلاة و صليتولك .. يحرسك رب السما شمعة ضويتولك"
6025,"فشوفتك قلبي يغلي و عيني ملفرحة تبكي .. خوفي منعين الحسود لتشوفك و مو تسمي"
6026,"أحسد حالي عليك و أتمنى بوسة عينيك .. و إيدي لنحطت فيدك موريدا تترك إيديك"
6027,"طلتك دوا للروح من بالي أبد مو تروح .. قلي يكفاني عذاب لين لتريد معك تروح"
6028,"جاني سلامة"
6029,"اهلا و ميت السلامة لجاني من لغربة سلامة .. محد يعرف لذقتو فِرِحتو جاني سلامة"
6030,"حسدوني كلن عليك ومنن كانوا حواليك .. هنيني رادوك تسافر ياما بكوني عليك"
6031,"فجيتك غاروا مني و يريدو كتير يزعلوك .. و همن يحكولك عني بلكي تتركني يخلوك"
6032,"مو عطي لحد فرحتي و أتركن مني ياخدوك .. و أرجع أعيش لوعتي مرادن للغربة يردوك"
6033,"حلوة .. الجزراوية"
6034,"هالبنت الجزراوية كلا حلا و حنية .. طباعا كلن شرقية على راسي و عينية"
6035,"روحي فبنت البلد ولو كانت ضيعاوية .. و الفرحة تحلا و تكبر لكانت من المالكية"
6036,"عيني ما شبعت نظر مرت نجمة مضوية .. صحتو سبحانك ربي قالوا لي حسكاوية"
6037,"كنتو دايخ و سكران الحلوة صحتني هية .. لسيني غنى و تمي قال محروسة القامشلية"
6038,"الأم تلم"
6039,"تسافر نويت تهاجر رايح مبسوط و فرحان .. تنرى الله يجابر مني وي فينا الخسران"
6040,"رايح لبلاد المجهول محد يفهم أيش تقول ... يجرح سبب روحتك كل همك لم المحصول"
6041,"مو تفكر فهاك الغربة أشون تخسر المحبة .. و يذوبوا فيا ولادك علين مالك ولا كلمة"
6042,"هجرتنا صارت قصة دي نسوا بلا غصا .. غير الأم مني يلم أنتن فها الدنية حسا"
6043,"روح الروح"
6044,"من بين كل الناس عيونا صادوني .. رمية سهم قتال والله رموني"
6045,"شو بحكي بحبا ياخدوك ناس لا تحسدوني .. رحمو عاشق ولهان لا تظلموني"
6046,"يا حب يا أبو الأنغام يا سر المعاني .. هيي روح الروح وكل الأماني"
6047,"يا كلمة حب دومي بقربا خليني .. تايفرح قلبي الحزين و بحبا هنيني"
6048,"صبية جزراوية"
6049,"أمي قومي طلبيلي صبية جزراوية .. من لمة هوك البنات ردتولي الحنطاوية"
6050,"جدلوا شعرا الذهب حبكة ورا حبكة .. مزين فشال القصب على الظهر سمكة"
6051,"عينيا عيون الغزال و رموشا سيف ممدود .. و الحويجب تحمين متل حراس الحدود"
6052,"مشوتا مشية خيال و القامة منصوبة .. و طلتا طلة بدر فسما مرسومة"
6053,"أريد تتسير مرادي و فحبا أبقى مسعود .. تمشيا على إيدي ومن العشاق محسود"
6054,"أنا و القدر"
6055,"أيش أقول للقدر بعد حبابي عني .. كبروا يلا رتحتو أخد فرحتو مني"
6056,"لا هنى فلغربة رتاحو وأنا مدرد أغني .. مالي حظ فهل دنية ليش جابتني أمي"
6057,"أسلي حالي و أقول تيجو و جيتن همي .. فل المنام أراهن معي و الناس تجيني تهني"
6058,"يوم فرح ما شفتو عذاب قلبي حملني .. و ضيع عمري هدر القدر فخنجر قتلني"
6059,"لا تنساني"
6060,"إذا تريد تنساني أنا مو أقدر أنساك .. ولا أقدر أتغير و عيش فهدنية بلاك"
6061,"أول نظرة حبيتوك وبكل قلبي حسيتوك .. معبد صلاتي أنت مفتاح قلبي سلمتوك"
6062,"لمحبة حلوة و مرة حلا محبتي يكفاك .. و لمر يوم مو شوفك أجي لعندك تراك"
6063,"أشقد أنت تعذبني مو حس عذابي فملقاك .. ليش تريد تنساني و تبكي عيوني وراك"
