,Sentence_ID,sentence,Tokens,POS_Tags,Dialect
0,1,ليه لما تحب حد من قلبك يطلع واطى ليه لما تلعب على واحد يطلع بيحبك ليه اللى هيموت عليك انت مش طايقه واللى هتموت عليه مش طايقك عجبت لك يا زمن,"['ليه', 'لما', 'تحب', 'حد', 'من', 'قلبك', 'يطلع', 'واطى', 'ليه', 'لما', 'تلعب', 'على', 'واحد', 'يطلع', 'بيحبك', 'ليه', 'اللى', 'هيموت', 'عليك', 'انت', 'مش', 'طايقه', 'واللى', 'هتموت', 'عليه', 'مش', 'طايقك', 'عجبت', 'لك', 'يا', 'زمن']","['PART', 'PART', 'V', 'NOUN', 'PREP', 'NOUN+PRON', 'V', 'ADJ', 'PART', 'PART', 'V', 'PREP', 'NOUN', 'V', 'PROG_PART+V+PRON', 'PART', 'PART', 'FUT_PART+V', 'PREP+PRON', 'PRON', 'PART', 'ADJ+PRON', 'CONJ+PART', 'FUT_PART+V', 'PREP+PRON', 'PART', 'ADJ+PRON', 'V+PRON', 'PREP+PRON', 'PART', 'NOUN']",Egypt
1,2,"عارف بيقولك ايه "" إذا أخطأت فأحسن "" . . يعني متعندش . . و متسألش مين اللي بيقولك .","['عارف', 'بيقولك', 'ايه', '""', 'إذا', 'أخطأت', 'فأحسن', '""', '.', '.', 'يعني', 'متعندش', '.', '.', 'و', 'متسألش', 'مين', 'اللي', 'بيقولك', '.']","['ADJ', 'PROG_PART+V+PREP+PRON', 'PART', 'PUNC', 'PART', 'V+PRON', 'CONJ+V', 'PUNC', 'PUNC', 'PUNC', 'V', 'PART+V+NEG_PART', 'PUNC', 'PUNC', 'CONJ', 'PART+V+NEG_PART', 'PART', 'PART', 'PROG_PART+V+PREP+PRON', 'PUNC']",Egypt
2,3,الحمد لله يا جدعان الفرسان اللي اتمسكوا عند ستاد القاهرة خدوا اخلاء سبيل #ربنا_كبير . . بقالنا 7 سنين ظلم و قهر ده يرضي مين ؟ ؟ ؟ ؟ #الحمد_لله,"['الحمد', 'لله', 'يا', 'جدعان', 'الفرسان', 'اللي', 'اتمسكوا', 'عند', 'ستاد', 'القاهرة', 'خدوا', 'اخلاء', 'سبيل', '#ربنا_كبير', '.', '.', 'بقالنا', '7', 'سنين', 'ظلم', 'و', 'قهر', 'ده', 'يرضي', 'مين', '؟', '؟', '؟', '؟', '#الحمد_لله']","['DET+NOUN', 'PREP+NOUN', 'PART', 'NOUN', 'DET+NOUN', 'PART', 'V+PRON', 'NOUN', 'NOUN', 'DET+NOUN+NSUFF', 'V+PRON', 'NOUN', 'NOUN', 'HASH', 'PUNC', 'PUNC', 'V+PREP+PRON', 'NUM', 'NOUN+NSUFF', 'NOUN', 'CONJ', 'NOUN', 'PRON', 'V', 'PART', 'PUNC', 'PUNC', 'PUNC', 'PUNC', 'HASH']",Egypt
3,4,بحس بشخصيتي القوية لما اقول لاخويا اعمل حاجة . . و يعملها . . حتي لو رخم و قال لأ . . بحس اني شخصية كدا و بتسمع كلامي ^_^,"['بحس', 'بشخصيتي', 'القوية', 'لما', 'اقول', 'لاخويا', 'اعمل', 'حاجة', '.', '.', 'و', 'يعملها', '.', '.', 'حتي', 'لو', 'رخم', 'و', 'قال', 'لأ', '.', '.', 'بحس', 'اني', 'شخصية', 'كدا', 'و', 'بتسمع', 'كلامي', '^_^']","['PROG_PART+V', 'PREP+NOUN+NSUFF+PRON', 'DET+ADJ+NSUFF', 'PART', 'V', 'PREP+NOUN+PRON', 'V', 'NOUN+NSUFF', 'PUNC', 'PUNC', 'CONJ', 'V+PRON', 'PUNC', 'PUNC', 'PART', 'PART', 'V', 'CONJ', 'V', 'PART', 'PUNC', 'PUNC', 'PROG_PART+V', 'PART+PRON', 'NOUN+NSUFF', 'ADV', 'CONJ', 'PROG_PART+V', 'NOUN+PRON', 'EMOT']",Sudan
4,5,@ahmedabodsheesh يا باشا دي مش محتاجه دراسه دي بتبقي موهبه عندك مثلا عيلاء صادق و صفوت حجازي دول تفوقوا علي استاذهم صفوت الشريف كبيرهم,"['@ahmedabodsheesh', 'يا', 'باشا', 'دي', 'مش', 'محتاجه', 'دراسه', 'دي', 'بتبقي', 'موهبه', 'عندك', 'مثلا', 'عيلاء', 'صادق', 'و', 'صفوت', 'حجازي', 'دول', 'تفوقوا', 'علي', 'استاذهم', 'صفوت', 'الشريف', 'كبيرهم']","['MENTION', 'PART', 'NOUN', 'PRON', 'PART', 'ADJ+NSUFF', 'NOUN+NSUFF', 'PRON', 'PROG_PART+V', 'NOUN+NSUFF', 'NOUN+PRON', 'NOUN+CASE', 'NOUN', 'NOUN', 'CONJ', 'NOUN', 'NOUN', 'PRON', 'V+PRON', 'PREP', 'NOUN+PRON', 'NOUN', 'DET+NOUN', 'ADJ+PRON']",Egypt
5,6,و هو في محامين هيعبّرونا بعد اعتقال وتهديد المحامين اللي بيدافعوا عن المظلومين ؟ ؟ ؟ ده غير المحامي اللي قتلوا والدته ! @mohamedwaked @ANohan,"['و', 'هو', 'في', 'محامين', 'هيعبّرونا', 'بعد', 'اعتقال', 'وتهديد', 'المحامين', 'اللي', 'بيدافعوا', 'عن', 'المظلومين', '؟', '؟', '؟', 'ده', 'غير', 'المحامي', 'اللي', 'قتلوا', 'والدته', '!', '@mohamedwaked', '@ANohan']","['CONJ', 'PRON', 'PREP', 'NOUN+NSUFF', 'FUT_PART+V+PRON+PRON', 'NOUN', 'NOUN', 'CONJ+NOUN', 'DET+NOUN+NSUFF', 'PART', 'PROG_PART+V+PRON', 'PREP', 'DET+NOUN+NSUFF', 'PUNC', 'PUNC', 'PUNC', 'PRON', 'NOUN', 'DET+NOUN', 'PART', 'V+PRON', 'NOUN+NSUFF+PRON', 'PUNC', 'MENTION', 'MENTION']",Egypt
6,7,معظم الحاجات اللى مبنقدرش نحكيها بنيجى نكتبها هنا على الأقل بتخفف عنا شوية .,"['معظم', 'الحاجات', 'اللى', 'مبنقدرش', 'نحكيها', 'بنيجى', 'نكتبها', 'هنا', 'على', 'الأقل', 'بتخفف', 'عنا', 'شوية', '.']","['NOUN', 'DET+NOUN+NSUFF', 'PART', 'PART+PROG_PART+V+NEG_PART', 'V+PRON', 'PROG_PART+V', 'V+PRON', 'ADV', 'PREP', 'DET+ADJ', 'PROG_PART+V', 'PREP+PRON', 'NOUN+NSUFF', 'PUNC']",Egypt
7,8,احنا بنزعل لما ربنا يبتلينا أو تحصلنا حاجه وحشه ! مع ان ربنا إذا حب عبد ابتلاه لتكفير عن ذنوبه - يعني خاف لو ربنا مش ابتلاك .,"['احنا', 'بنزعل', 'لما', 'ربنا', 'يبتلينا', 'أو', 'تحصلنا', 'حاجه', 'وحشه', '!', 'مع', 'ان', 'ربنا', 'إذا', 'حب', 'عبد', 'ابتلاه', 'لتكفير', 'عن', 'ذنوبه', '-', 'يعني', 'خاف', 'لو', 'ربنا', 'مش', 'ابتلاك', '.']","['PRON', 'PROG_PART+V', 'PART', 'NOUN+PRON', 'V+PRON', 'CONJ', 'V+PREP+PRON', 'NOUN+NSUFF', 'ADJ+NSUFF', 'PUNC', 'NOUN', 'PART', 'NOUN+PRON', 'PART', 'V', 'NOUN', 'V+PRON', 'PREP+NOUN', 'PREP', 'NOUN+PRON', 'PUNC', 'ADV', 'V', 'PART', 'NOUN+PRON', 'PART', 'V+PRON', 'PUNC']",Egypt
8,9,( 6 ) مش عارف ليه بس الكلمة اللى عمرك ما هتندم عليها الكلمة اللى أنت لسة مقولتهاش . . . بس للأسف لازم يجى عليك وقت و تقولها,"['(', '6', ')', 'مش', 'عارف', 'ليه', 'بس', 'الكلمة', 'اللى', 'عمرك', 'ما', 'هتندم', 'عليها', 'الكلمة', 'اللى', 'أنت', 'لسة', 'مقولتهاش', '.', '.', '.', 'بس', 'للأسف', 'لازم', 'يجى', 'عليك', 'وقت', 'و', 'تقولها']","['PUNC', 'NUM', 'PUNC', 'PART', 'ADJ', 'PART', 'ADV', 'DET+NOUN+NSUFF', 'PART', 'NOUN+PRON', 'PART', 'FUT_PART+V', 'PREP+PRON', 'DET+NOUN+NSUFF', 'PART', 'PRON', 'ADV+NSUFF', 'PART+V+PRON+PRON+NEG_PART', 'PUNC', 'PUNC', 'PUNC', 'PART', 'PREP+DET+NOUN', 'ADJ', 'V', 'PREP+PRON', 'NOUN', 'CONJ', 'V+PRON']",Egypt
9,10,اضحك وبلاش التكشيرة تنسيك شكل الضحكة وشك هيكرمش عالفاضى وهتعجز بدرى خليك ناصح وارمى همومك ورا ضهرك وافرح دى الايام بتفوت وتعدى والعمر بيجرى,"['اضحك', 'وبلاش', 'التكشيرة', 'تنسيك', 'شكل', 'الضحكة', 'وشك', 'هيكرمش', 'عالفاضى', 'وهتعجز', 'بدرى', 'خليك', 'ناصح', 'وارمى', 'همومك', 'ورا', 'ضهرك', 'وافرح', 'دى', 'الايام', 'بتفوت', 'وتعدى', 'والعمر', 'بيجرى']","['V', 'CONJ+PART', 'DET+NOUN+NSUFF', 'V+PRON', 'NOUN', 'DET+NOUN+NSUFF', 'NOUN+PRON', 'FUT_PART+V', 'PREP+DET+NOUN', 'CONJ+FUT_PART+V', 'ADJ', 'V+PRON+PRON', 'ADJ', 'CONJ+V+PRON', 'NOUN+PRON', 'NOUN', 'NOUN+PRON', 'CONJ+V', 'PRON', 'DET+NOUN', 'PROG_PART+V', 'CONJ+V', 'CONJ+DET+NOUN', 'PROG_PART+V']",Egypt
10,11,مش معنى ان حد بيضحك كتير يبقى سعيد يمكن بيضحك كتير من همه الكبير بيضحك عشان يبعد عن حزنه ويعمل نفسه ناسيه,"['مش', 'معنى', 'ان', 'حد', 'بيضحك', 'كتير', 'يبقى', 'سعيد', 'يمكن', 'بيضحك', 'كتير', 'من', 'همه', 'الكبير', 'بيضحك', 'عشان', 'يبعد', 'عن', 'حزنه', 'ويعمل', 'نفسه', 'ناسيه']","['PART', 'NOUN', 'PART', 'NOUN', 'PROG_PART+V', 'ADJ', 'V', 'ADJ', 'V', 'PROG_PART+V', 'ADJ', 'PREP', 'NOUN+PRON', 'DET+ADJ', 'PROG_PART+V', 'PART', 'V', 'PREP', 'NOUN+PRON', 'CONJ+V', 'NOUN+PRON', 'ADJ+PRON']",Egypt
11,12,الاول كنا بعد ماحد ياخد اخلاء سبيل او براءة ندعي ان النيابة ماتستأنفش دلوقتي بندعي كمان ان امن الدولة ما ياخدوهوش #سيسي_لاند #بلالا,"['الاول', 'كنا', 'بعد', 'ماحد', 'ياخد', 'اخلاء', 'سبيل', 'او', 'براءة', 'ندعي', 'ان', 'النيابة', 'ماتستأنفش', 'دلوقتي', 'بندعي', 'كمان', 'ان', 'امن', 'الدولة', 'ما', 'ياخدوهوش', '#سيسي_لاند', '#بلالا']","['DET+NUM', 'V+PRON', 'NOUN', 'PART+NOUN', 'V', 'NOUN', 'NOUN', 'CONJ', 'NOUN+NSUFF', 'V', 'PART', 'DET+NOUN+NSUFF', 'PART+V+NEG_PART', 'NOUN', 'PROG_PART+V', 'ADV', 'PART', 'NOUN', 'DET+NOUN+NSUFF', 'PART', 'V+PRON+PRON+NEG_PART', 'HASH', 'HASH']",Egypt
12,13,مفيش اوحش من انك تكون شخص مزاجي تفاصيل صغيرة ممكن تخليك طاير من الفرحة . . . وكلمة صغيرة بردو تنزلك لسابع ارض وتكئبك . . !,"['مفيش', 'اوحش', 'من', 'انك', 'تكون', 'شخص', 'مزاجي', 'تفاصيل', 'صغيرة', 'ممكن', 'تخليك', 'طاير', 'من', 'الفرحة', '.', '.', '.', 'وكلمة', 'صغيرة', 'بردو', 'تنزلك', 'لسابع', 'ارض', 'وتكئبك', '.', '.', '!']","['PART+PREP+NEG_PART', 'ADJ', 'PREP', 'PART+PRON', 'V', 'NOUN', 'ADJ', 'NOUN', 'ADJ+NSUFF', 'ADJ', 'V+PRON+PRON', 'ADJ', 'PREP', 'DET+NOUN+NSUFF', 'PUNC', 'PUNC', 'PUNC', 'CONJ+NOUN+NSUFF', 'ADJ+NSUFF', 'ADV', 'V+PRON', 'PREP+NUM', 'NOUN', 'CONJ+V+PRON', 'PUNC', 'PUNC', 'PUNC']",Egypt
13,14,عارف انت الصحاب الجدعة دى اللى بتحبلك الخير و دايسة معاك ف كل حاجة ! ! ؟ عارفهم ؟ طب و النبى معندكش اتنيين سلف أكمل معاهم بقية عمرى =),"['عارف', 'انت', 'الصحاب', 'الجدعة', 'دى', 'اللى', 'بتحبلك', 'الخير', 'و', 'دايسة', 'معاك', 'ف', 'كل', 'حاجة', '!', '!', '؟', 'عارفهم', '؟', 'طب', 'و', 'النبى', 'معندكش', 'اتنيين', 'سلف', 'أكمل', 'معاهم', 'بقية', 'عمرى', '=)']","['ADJ', 'PRON', 'DET+NOUN', 'DET+ADJ+NSUFF', 'PRON', 'PART', 'PROG_PART+V+PREP+PRON', 'DET+NOUN', 'CONJ', 'ADJ+NSUFF', 'NOUN+PRON', 'PREP', 'NOUN', 'NOUN+NSUFF', 'PUNC', 'PUNC', 'PUNC', 'ADJ+PRON', 'PUNC', 'ADJ', 'CONJ', 'DET+NOUN', 'PART+NOUN+PRON+NEG_PART', 'NUM+NSUFF', 'NOUN', 'V', 'NOUN+PRON', 'NOUN+NSUFF', 'NOUN+PRON', 'EMOT']",Egypt
14,15,@MahaMaamoun فى ناس بسيطة كانوا بيستلفوا علشان يجيبوا اكل لعيالهم والى محبوسين معاهم من الشباب علشان فى ناس مبيجلهاش حد حاجة مؤلمة,"['@MahaMaamoun', 'فى', 'ناس', 'بسيطة', 'كانوا', 'بيستلفوا', 'علشان', 'يجيبوا', 'اكل', 'لعيالهم', 'والى', 'محبوسين', 'معاهم', 'من', 'الشباب', 'علشان', 'فى', 'ناس', 'مبيجلهاش', 'حد', 'حاجة', 'مؤلمة']","['MENTION', 'PREP', 'NOUN', 'ADJ+NSUFF', 'V+PRON', 'PROG_PART+V+PRON', 'PART', 'V+PRON', 'NOUN', 'PREP+NOUN+PRON', 'CONJ+PART', 'ADJ+NSUFF', 'NOUN+PRON', 'PREP', 'DET+NOUN', 'PART', 'PREP', 'NOUN', 'PART+PROG_PART+V+PREP+PRON+NEG_PART', 'NOUN', 'NOUN+NSUFF', 'ADJ+NSUFF']",Egypt
15,16,بيقولوا اللي بيحبك هيبقى على طبيعته معاك ! بس اللي بيعشقك بقا هيعمل حاجات مش من طبيعته انه يعملها عشان بس يرضيك و يعجبك !,"['بيقولوا', 'اللي', 'بيحبك', 'هيبقى', 'على', 'طبيعته', 'معاك', '!', 'بس', 'اللي', 'بيعشقك', 'بقا', 'هيعمل', 'حاجات', 'مش', 'من', 'طبيعته', 'انه', 'يعملها', 'عشان', 'بس', 'يرضيك', 'و', 'يعجبك', '!']","['PROG_PART+V+PRON', 'PART', 'PROG_PART+V+PRON', 'FUT_PART+V', 'PREP', 'NOUN+PRON+PRON', 'NOUN+PRON', 'PUNC', 'PART', 'PART', 'PROG_PART+V+PRON', 'ADV', 'FUT_PART+V', 'NOUN+NSUFF', 'PART', 'PREP', 'NOUN+NSUFF+PRON', 'PART+PRON', 'V+PRON', 'PART', 'ADV', 'V+PRON', 'CONJ', 'V+PRON', 'PUNC']",Egypt
16,17,بتحب حد روح قوله ، مش تقول لأمه لا إله إلا الله وهو لأ . . . ولو بتكره حد ابعد عنه وكش مضطر تعيش حياتك في تمثيل . . . زعلان من حد روح صفي أمورك معاه,"['بتحب', 'حد', 'روح', 'قوله', '،', 'مش', 'تقول', 'لأمه', 'لا', 'إله', 'إلا', 'الله', 'وهو', 'لأ', '.', '.', '.', 'ولو', 'بتكره', 'حد', 'ابعد', 'عنه', 'وكش', 'مضطر', 'تعيش', 'حياتك', 'في', 'تمثيل', '.', '.', '.', 'زعلان', 'من', 'حد', 'روح', 'صفي', 'أمورك', 'معاه']","['PROG_PART+V', 'NOUN', 'V', 'V+PREP+PRON', 'PUNC', 'PART', 'V', 'PREP+NOUN+NSUFF', 'PART', 'NOUN', 'PART', 'NOUN', 'CONJ+PRON', 'PART', 'PUNC', 'PUNC', 'PUNC', 'CONJ+PART', 'PROG_PART+V', 'NOUN', 'V', 'PREP+PRON', 'CONJ+PART', 'ADJ', 'V', 'NOUN+NSUFF+PRON', 'PREP', 'NOUN', 'PUNC', 'PUNC', 'PUNC', 'ADJ', 'PREP', 'NOUN', 'V', 'V+PRON', 'NOUN+PRON', 'NOUN+PRON']",Egypt
17,18,عايزة أفضفض من غير ماحد يقول لي معلش أو فُكك أو نفضي . . وده مُستحيل . . فبما إنك سبب قرفي فتعالى أفضفضلك إنتَ وحللي مشاكلنا !,"['عايزة', 'أفضفض', 'من', 'غير', 'ماحد', 'يقول', 'لي', 'معلش', 'أو', 'فُكك', 'أو', 'نفضي', '.', '.', 'وده', 'مُستحيل', '.', '.', 'فبما', 'إنك', 'سبب', 'قرفي', 'فتعالى', 'أفضفضلك', 'إنتَ', 'وحللي', 'مشاكلنا', '!']","['ADJ+NSUFF', 'V', 'PREP', 'NOUN', 'PART+NOUN', 'V', 'PREP+PRON', 'NOUN', 'CONJ', 'V+PRON', 'CONJ', 'V+PRON', 'PUNC', 'PUNC', 'CONJ+PRON', 'ADJ', 'PUNC', 'PUNC', 'CONJ+PREP+PART', 'PART+PRON', 'NOUN', 'NOUN+PRON', 'CONJ+V+PRON', 'V+PREP+PRON', 'PRON', 'CONJ+V+PREP+PRON', 'NOUN+PRON', 'PUNC']",Egypt
18,19,الواحد لما بينام كتير ، بيحلم بأحلام - هيا في الأغلب هلاوس او حاجات تانية ، بس المهم مش أحلام يعني - مالهمش اي علاقة ببعض ، متتالية ، وغير منطقية .,"['الواحد', 'لما', 'بينام', 'كتير', '،', 'بيحلم', 'بأحلام', '-', 'هيا', 'في', 'الأغلب', 'هلاوس', 'او', 'حاجات', 'تانية', '،', 'بس', 'المهم', 'مش', 'أحلام', 'يعني', '-', 'مالهمش', 'اي', 'علاقة', 'ببعض', '،', 'متتالية', '،', 'وغير', 'منطقية', '.']","['DET+NOUN', 'PART', 'PROG_PART+V', 'ADJ', 'PUNC', 'PROG_PART+V', 'PREP+NOUN', 'PUNC', 'PRON', 'PREP', 'DET+ADJ', 'NOUN', 'CONJ', 'NOUN+NSUFF', 'ADJ+NSUFF', 'PUNC', 'PART', 'DET+ADJ', 'PART', 'NOUN', 'ADV', 'PUNC', 'PART+PREP+PRON+NEG_PART', 'NOUN', 'NOUN+NSUFF', 'PREP+NOUN', 'PUNC', 'NOUN+NSUFF', 'PUNC', 'CONJ+PART', 'ADJ+NSUFF', 'PUNC']",Egypt
19,20,ف حاجه ظريفه انا شيرت اغنيه رنوش ع صفحات الموضه والاكل وجابت رودو فعل حلوة خصوصا بتاعت الاكل اللى عنده بقى بيج تانى يقولى #RanaSamahaTeam,"['ف', 'حاجه', 'ظريفه', 'انا', 'شيرت', 'اغنيه', 'رنوش', 'ع', 'صفحات', 'الموضه', 'والاكل', 'وجابت', 'رودو', 'فعل', 'حلوة', 'خصوصا', 'بتاعت', 'الاكل', 'اللى', 'عنده', 'بقى', 'بيج', 'تانى', 'يقولى', '#RanaSamahaTeam']","['PREP', 'NOUN+NSUFF', 'ADJ+NSUFF', 'PRON', 'V+PRON', 'NOUN+NSUFF', 'NOUN', 'PREP', 'NOUN+NSUFF', 'DET+NOUN+NSUFF', 'CONJ+DET+NOUN', 'CONJ+V+PRON', 'NOUN', 'NOUN', 'ADJ+NSUFF', 'NOUN+CASE', 'NOUN+NSUFF', 'DET+NOUN', 'PART', 'NOUN+PRON', 'ADV', 'NOUN', 'ADJ', 'V+PREP+PRON', 'HASH']",Egypt
20,21,الدنيـــا دى عبارة عن امتحان و احنا فيه يوم ما الامتحان دة بيخلص حياه الانسان كمان بتخلص ساعتها بقى بيروح يجيب نتيجتة . .,"['الدنيـــا', 'دى', 'عبارة', 'عن', 'امتحان', 'و', 'احنا', 'فيه', 'يوم', 'ما', 'الامتحان', 'دة', 'بيخلص', 'حياه', 'الانسان', 'كمان', 'بتخلص', 'ساعتها', 'بقى', 'بيروح', 'يجيب', 'نتيجتة', '.', '.']","['DET+NOUN', 'PRON', 'NOUN+NSUFF', 'PREP', 'NOUN', 'CONJ', 'PRON', 'PREP+PRON', 'NOUN', 'PART', 'DET+NOUN', 'PRON', 'PROG_PART+V', 'NOUN+NSUFF', 'DET+NOUN', 'ADV', 'PROG_PART+V', 'NOUN+NSUFF+PRON', 'ADV', 'PROG_PART+V', 'V', 'NOUN+NSUFF+PRON', 'PUNC', 'PUNC']",Egypt
21,22,لمـآ تيجي علي نفسك كتير آعرف أنك مـآشي غلط :),"['لمـآ', 'تيجي', 'علي', 'نفسك', 'كتير', 'آعرف', 'أنك', 'مـآشي', 'غلط', ':)']","['PART', 'V+PRON', 'PREP', 'NOUN+PRON', 'ADJ', 'V', 'PART+PRON', 'ADJ', 'NOUN', 'EMOT']",Egypt
22,23,@HanyAEllatif لو ما فيش اڤورة ما فيش مصريين . . ربنا يخلينا ونأڤور كمان وكمان . . p:,"['@HanyAEllatif', 'لو', 'ما', 'فيش', 'اڤورة', 'ما', 'فيش', 'مصريين', '.', '.', 'ربنا', 'يخلينا', 'ونأڤور', 'كمان', 'وكمان', '.', '.', 'p:']","['MENTION', 'PART', 'PART', 'PREP+NEG_PART', 'NOUN+NSUFF', 'PART', 'PREP+NEG_PART', 'NOUN+NSUFF', 'PUNC', 'PUNC', 'NOUN+PRON', 'V+PRON+PRON', 'CONJ+V', 'ADV', 'CONJ+ADV', 'PUNC', 'PUNC', 'EMOT']",Libya
23,24,وبعدين انتوا ازاي تبدأوا دروس من قبل الدراسة ؟ ها ؟ يعني ازاي يكون عندي درس النهاردة ._.,"['وبعدين', 'انتوا', 'ازاي', 'تبدأوا', 'دروس', 'من', 'قبل', 'الدراسة', '؟', 'ها', '؟', 'يعني', 'ازاي', 'يكون', 'عندي', 'درس', 'النهاردة', '._.']","['CONJ+NOUN', 'PRON', 'PART', 'V+PRON', 'NOUN', 'PREP', 'NOUN', 'DET+NOUN+NSUFF', 'PUNC', 'PART', 'PUNC', 'ADV', 'PART', 'V', 'NOUN+PRON', 'NOUN', 'DET+NOUN+NSUFF', 'EMOT']",Egypt
24,25,"كنت خايف السيسي يطلع ذكي وميترشحش , , الحمد لله الحمار هيلبس :D","['كنت', 'خايف', 'السيسي', 'يطلع', 'ذكي', 'وميترشحش', ',', ',', 'الحمد', 'لله', 'الحمار', 'هيلبس', ':D']","['V+PRON', 'ADJ', 'DET+NOUN', 'V', 'ADJ', 'CONJ+PART+V+NEG_PART', 'PUNC', 'PUNC', 'DET+NOUN', 'PREP+NOUN', 'DET+NOUN', 'FUT_PART+V', 'EMOT']",Egypt
25,26,@hananalyaly@ahmedadel755 هو وزير دفاع فاهم كويس حدود منصبه واحترامه ميصحش يتكلم في حاجة لسة مش موجودة,"['@hananalyaly@ahmedadel755', 'هو', 'وزير', 'دفاع', 'فاهم', 'كويس', 'حدود', 'منصبه', 'واحترامه', 'ميصحش', 'يتكلم', 'في', 'حاجة', 'لسة', 'مش', 'موجودة']","['MENTION', 'PRON', 'NOUN', 'NOUN', 'ADJ', 'ADJ', 'NOUN', 'NOUN+PRON', 'CONJ+NOUN+PRON', 'PART+V+NEG_PART', 'V', 'PREP', 'NOUN+NSUFF', 'ADV+NSUFF', 'PART', 'ADJ+NSUFF']",Egypt
26,27,شكلنا بلبس المدرسة ده هيفضل نقطة سودة في حياتنا طول ماحنا عايشين ، مأساه .,"['شكلنا', 'بلبس', 'المدرسة', 'ده', 'هيفضل', 'نقطة', 'سودة', 'في', 'حياتنا', 'طول', 'ماحنا', 'عايشين', '،', 'مأساه', '.']","['NOUN+PRON', 'PREP+NOUN', 'DET+NOUN+NSUFF', 'PRON', 'FUT_PART+V', 'NOUN+NSUFF', 'ADJ+NSUFF', 'PREP', 'NOUN+NSUFF+PRON', 'NOUN', 'PART+PRON', 'ADJ+NSUFF', 'PUNC', 'NOUN+NSUFF', 'PUNC']",Egypt
27,28,"من النهارده هيبدأ الإعلام يتكلم على ان اد ايه مشاكل مصر كتيره وتحقيقها صعب فى سنه او اتنين , ومحتاجه سنين طويله علشان مصر تتقدم , ومحدش يستعجل","['من', 'النهارده', 'هيبدأ', 'الإعلام', 'يتكلم', 'على', 'ان', 'اد', 'ايه', 'مشاكل', 'مصر', 'كتيره', 'وتحقيقها', 'صعب', 'فى', 'سنه', 'او', 'اتنين', ',', 'ومحتاجه', 'سنين', 'طويله', 'علشان', 'مصر', 'تتقدم', ',', 'ومحدش', 'يستعجل']","['PREP', 'DET+NOUN+NSUFF', 'FUT_PART+V', 'DET+NOUN', 'V', 'PREP', 'PART', 'NOUN', 'PART', 'NOUN', 'NOUN', 'ADJ+NSUFF', 'CONJ+NOUN+PRON', 'ADJ', 'PREP', 'NOUN+NSUFF', 'CONJ', 'NUM+NSUFF', 'PUNC', 'CONJ+ADJ+NSUFF', 'NOUN+NSUFF', 'ADJ+NSUFF', 'PART', 'NOUN', 'V', 'PUNC', 'CONJ+PART+NOUN+NEG_PART', 'V']",Egypt
28,29,وعمالين نقول فى نصايح واحنا عاوزين اللى ينصحنا .,"['وعمالين', 'نقول', 'فى', 'نصايح', 'واحنا', 'عاوزين', 'اللى', 'ينصحنا', '.']","['CONJ+ADJ+PRON', 'V', 'PREP', 'NOUN', 'CONJ+PRON', 'ADJ+NSUFF', 'PART', 'V+PRON', 'PUNC']",Egypt
29,30,ياعم اضحك ونبي قولي أخدت إيه من الزعل ؟ ضحكه بسيطه في أي وقت ممكن تديك أمل :),"['ياعم', 'اضحك', 'ونبي', 'قولي', 'أخدت', 'إيه', 'من', 'الزعل', '؟', 'ضحكه', 'بسيطه', 'في', 'أي', 'وقت', 'ممكن', 'تديك', 'أمل', ':)']","['PART+NOUN', 'V', 'CONJ+NOUN', 'V+PREP+PRON', 'V+PRON', 'PART', 'PREP', 'DET+NOUN', 'PUNC', 'NOUN+NSUFF', 'ADJ+NSUFF', 'PREP', 'NOUN', 'NOUN', 'ADJ', 'V+PRON+PRON', 'NOUN', 'EMOT']",Egypt
30,31,مبقتش مشكله انهم يدايقوك ولا حتى يزعلوك عادى اصلا ، المشكله انك كنت فاكرهم حاجه تانيه غير كده #دنيا #اه_والله,"['مبقتش', 'مشكله', 'انهم', 'يدايقوك', 'ولا', 'حتى', 'يزعلوك', 'عادى', 'اصلا', '،', 'المشكله', 'انك', 'كنت', 'فاكرهم', 'حاجه', 'تانيه', 'غير', 'كده', '#دنيا', '#اه_والله']","['PART+V+PRON+NEG_PART', 'NOUN+NSUFF', 'PART+PRON', 'V+PRON+PRON', 'CONJ+PART', 'PART', 'V+PRON+PRON', 'ADJ', 'NOUN+CASE', 'PUNC', 'DET+NOUN+NSUFF', 'PART+PRON', 'V+PRON', 'ADJ+PRON', 'NOUN+NSUFF', 'ADJ+NSUFF', 'NOUN', 'ADV', 'HASH', 'HASH']",Egypt
31,32,عارف اللي بتصحى تكلمه اول واحد و قبل ما تنام يكون هو اخر واحد مكلمه ؟ مفيش اهم منه في حياتك,"['عارف', 'اللي', 'بتصحى', 'تكلمه', 'اول', 'واحد', 'و', 'قبل', 'ما', 'تنام', 'يكون', 'هو', 'اخر', 'واحد', 'مكلمه', '؟', 'مفيش', 'اهم', 'منه', 'في', 'حياتك']","['ADJ', 'PART', 'PROG_PART+V', 'V+PRON', 'NUM', 'NOUN', 'CONJ', 'NOUN', 'PART', 'V', 'V', 'PRON', 'ADJ', 'NOUN', 'ADJ+PRON', 'PUNC', 'PART+PREP+NEG_PART', 'ADJ', 'PREP+PRON', 'PREP', 'NOUN+NSUFF+PRON']",Egypt
32,33,وبما ان سواق الميكروباص فى البلد دى بيتقاله يا يامشمهندس فــ طبيعى جدا ان المهندس يتقاله يا اسطى #مصر,"['وبما', 'ان', 'سواق', 'الميكروباص', 'فى', 'البلد', 'دى', 'بيتقاله', 'يا', 'يامشمهندس', 'فــ', 'طبيعى', 'جدا', 'ان', 'المهندس', 'يتقاله', 'يا', 'اسطى', '#مصر']","['CONJ+PREP+PART', 'PART', 'NOUN', 'DET+NOUN', 'PREP', 'DET+NOUN', 'PRON', 'PROG_PART+V+PREP+PRON', 'PART', 'PART+NOUN', 'CONJ', 'ADJ', 'NOUN+CASE', 'PART', 'DET+NOUN', 'V+PREP+PRON', 'PART', 'NOUN', 'HASH']",Egypt
33,34,مش هعرف اوصل للالف ولا اية . كل ما اقول هانت . الاقي كم حد عملي انفولو . حرام عليكم مش كدة . هتعقدونا في نفسنا يا جدعان .,"['مش', 'هعرف', 'اوصل', 'للالف', 'ولا', 'اية', '.', 'كل', 'ما', 'اقول', 'هانت', '.', 'الاقي', 'كم', 'حد', 'عملي', 'انفولو', '.', 'حرام', 'عليكم', 'مش', 'كدة', '.', 'هتعقدونا', 'في', 'نفسنا', 'يا', 'جدعان', '.']","['PART', 'FUT_PART+V', 'V', 'PREP+DET+NUM', 'CONJ+PART', 'PART', 'PUNC', 'NOUN', 'PART', 'V', 'V+PRON', 'PUNC', 'V', 'NOUN', 'NOUN', 'V+PREP+PRON', 'NOUN', 'PUNC', 'NOUN', 'PREP+PRON', 'PART', 'ADV', 'PUNC', 'FUT_PART+V+PRON+PRON', 'PREP', 'NOUN+PRON', 'PART', 'NOUN', 'PUNC']",Egypt
34,35,إحساس لا يوصف إنك تنزل تعمل شوبينج و تشتري كل إللي عايزه من غير ما تدقق ده بكام و دي بكام . .,"['إحساس', 'لا', 'يوصف', 'إنك', 'تنزل', 'تعمل', 'شوبينج', 'و', 'تشتري', 'كل', 'إللي', 'عايزه', 'من', 'غير', 'ما', 'تدقق', 'ده', 'بكام', 'و', 'دي', 'بكام', '.', '.']","['NOUN', 'PART', 'V', 'PART+PRON', 'V', 'V', 'NOUN', 'CONJ', 'V', 'NOUN', 'PART', 'ADJ+PRON', 'PREP', 'NOUN', 'PART', 'V', 'PRON', 'PREP+PART', 'CONJ', 'PRON', 'PREP+PART', 'PUNC', 'PUNC']",Egypt
35,36,"@Nodygamal93 احساس حلو لما تلاقي حد شبهك في حاجات كتيرة , ويهتم بنفس الحاجات اللي بتحبها . فاكره تؤام تؤام :-D","['@Nodygamal93', 'احساس', 'حلو', 'لما', 'تلاقي', 'حد', 'شبهك', 'في', 'حاجات', 'كتيرة', ',', 'ويهتم', 'بنفس', 'الحاجات', 'اللي', 'بتحبها', '.', 'فاكره', 'تؤام', 'تؤام', ':-D']","['MENTION', 'NOUN', 'ADJ', 'PART', 'V', 'NOUN', 'NOUN+PRON', 'PREP', 'NOUN+NSUFF', 'ADJ+NSUFF', 'PUNC', 'CONJ+V', 'PREP+NOUN', 'DET+NOUN+NSUFF', 'PART', 'PROG_PART+V+PRON', 'PUNC', 'ADJ+PRON', 'NOUN', 'NOUN', 'EMOT']",Egypt
36,37,"انا عايز يبقى عندى ابن عشان اعلمه السباحة بس , , , دى أمتع حاجة ممكن الأب يعملها الحقيقة , , , غير كده الموضوع مش جايب همه","['انا', 'عايز', 'يبقى', 'عندى', 'ابن', 'عشان', 'اعلمه', 'السباحة', 'بس', ',', ',', ',', 'دى', 'أمتع', 'حاجة', 'ممكن', 'الأب', 'يعملها', 'الحقيقة', ',', ',', ',', 'غير', 'كده', 'الموضوع', 'مش', 'جايب', 'همه']","['PRON', 'ADJ', 'V', 'NOUN+PRON', 'NOUN', 'PART', 'V+PRON', 'DET+NOUN+NSUFF', 'ADV', 'PUNC', 'PUNC', 'PUNC', 'PRON', 'ADJ', 'NOUN+NSUFF', 'ADJ', 'DET+NOUN', 'V+PRON', 'DET+NOUN+NSUFF', 'PUNC', 'PUNC', 'PUNC', 'NOUN', 'ADV', 'DET+NOUN', 'PART', 'ADJ', 'NOUN+PRON']",Egypt
37,38,خسارة فيك كلمة راجل لو بتسيب صحابك يتكلموا على بنت أنت تعرفها من غير ماترد عليهم .,"['خسارة', 'فيك', 'كلمة', 'راجل', 'لو', 'بتسيب', 'صحابك', 'يتكلموا', 'على', 'بنت', 'أنت', 'تعرفها', 'من', 'غير', 'ماترد', 'عليهم', '.']","['NOUN+NSUFF', 'PREP+PRON', 'NOUN+NSUFF', 'NOUN', 'PART', 'PROG_PART+V', 'NOUN+PRON', 'V+PRON', 'PREP', 'NOUN', 'PRON', 'V+PRON', 'PREP', 'NOUN', 'PART+V', 'PREP+PRON', 'PUNC']",Egypt
38,39,Serious Question : ليه الواحد لما يبقي مبسوط طول النهار لازم تحصل في الأخر حاجة تنكد عليه ؟ !,"['Serious', 'Question', ':', 'ليه', 'الواحد', 'لما', 'يبقي', 'مبسوط', 'طول', 'النهار', 'لازم', 'تحصل', 'في', 'الأخر', 'حاجة', 'تنكد', 'عليه', '؟', '!']","['FOREIGN', 'FOREIGN', 'PUNC', 'PART', 'DET+NOUN', 'PART', 'V', 'ADJ', 'NOUN', 'DET+NOUN', 'ADJ', 'V', 'PREP', 'DET+ADJ', 'NOUN+NSUFF', 'V', 'PREP+PRON', 'PUNC', 'PUNC']",Egypt
39,40,كل واحد ييجي يقولك مش هقدر أغير إرث سنين من الفساد . طيب حضرتك بتتعب نفسك وجاي تحكم ليه ؟,"['كل', 'واحد', 'ييجي', 'يقولك', 'مش', 'هقدر', 'أغير', 'إرث', 'سنين', 'من', 'الفساد', '.', 'طيب', 'حضرتك', 'بتتعب', 'نفسك', 'وجاي', 'تحكم', 'ليه', '؟']","['NOUN', 'NOUN', 'V', 'V+PREP+PRON', 'PART', 'FUT_PART+V', 'V', 'NOUN', 'NOUN+NSUFF', 'PREP', 'DET+NOUN', 'PUNC', 'ADJ', 'NOUN+NSUFF+PRON', 'PROG_PART+V', 'NOUN+PRON', 'CONJ+ADJ', 'V', 'PART', 'PUNC']",Egypt
40,41,قبل ما تنام اظبت منبه الموبايل على ميعاد صلاة الفجر عشان لو مصحتش تانى النية تشفعلك,"['قبل', 'ما', 'تنام', 'اظبت', 'منبه', 'الموبايل', 'على', 'ميعاد', 'صلاة', 'الفجر', 'عشان', 'لو', 'مصحتش', 'تانى', 'النية', 'تشفعلك']","['NOUN', 'PART', 'V', 'V', 'NOUN', 'DET+NOUN', 'PREP', 'NOUN', 'NOUN+NSUFF', 'DET+NOUN', 'PART', 'PART', 'PART+V+PRON+NEG_PART', 'ADJ', 'DET+NOUN+NSUFF', 'V+PREP+PRON']",Egypt
41,42,حتي لو فشلت ف حاجة هتتعلم منها برضه . الا لو انت غبي,"['حتي', 'لو', 'فشلت', 'ف', 'حاجة', 'هتتعلم', 'منها', 'برضه', '.', 'الا', 'لو', 'انت', 'غبي']","['PART', 'PART', 'V+PRON', 'PREP', 'NOUN+NSUFF', 'FUT_PART+V', 'PREP+PRON', 'ADV', 'PUNC', 'PART', 'PART', 'PRON', 'ADJ']",Egypt
42,43,هو لازم الواحد لما يجى يواظب على الرياضه يدمنها ولا انتوا واخدنها موضه ولا ايه ؟ #bassem #hit,"['هو', 'لازم', 'الواحد', 'لما', 'يجى', 'يواظب', 'على', 'الرياضه', 'يدمنها', 'ولا', 'انتوا', 'واخدنها', 'موضه', 'ولا', 'ايه', '؟', '#bassem', '#hit']","['PRON', 'ADJ', 'DET+NOUN', 'PART', 'V', 'V', 'PREP', 'DET+NOUN+NSUFF', 'V+PRON', 'CONJ+PART', 'PRON', 'ADJ+NSUFF+PRON', 'NOUN+NSUFF', 'CONJ+PART', 'PART', 'PUNC', 'HASH', 'HASH']",Egypt
43,44,اللي يشوفني في عز فرحي ميعرفنيش وقت زعلي .,"['اللي', 'يشوفني', 'في', 'عز', 'فرحي', 'ميعرفنيش', 'وقت', 'زعلي', '.']","['PART', 'V+PRON', 'PREP', 'NOUN', 'NOUN+PRON', 'PART+V+PRON+NEG_PART', 'NOUN', 'NOUN+PRON', 'PUNC']",Egypt
44,45,دآيمآ #آلشخص إللي بيآخد بآله من آلتفآصيل آلصغيره بيبقي أكتر شخص منكد دآيمآ علي نفسه ! #حقيقه,"['دآيمآ', '#آلشخص', 'إللي', 'بيآخد', 'بآله', 'من', 'آلتفآصيل', 'آلصغيره', 'بيبقي', 'أكتر', 'شخص', 'منكد', 'دآيمآ', 'علي', 'نفسه', '!', '#حقيقه']","['ADJ+CASE', 'HASH', 'PART', 'PROG_PART+V', 'NOUN+PRON', 'PREP', 'DET+NOUN', 'DET+ADJ+NSUFF', 'PROG_PART+V', 'ADJ', 'NOUN', 'ADJ', 'ADJ+CASE', 'PREP', 'NOUN+PRON', 'PUNC', 'HASH']",Egypt
45,46,( 2 ) تيجى نتكلم و نقول كام نصيحة على كام كلمة حلوة على حبة أى كلام عشان كام ريتويت,"['(', '2', ')', 'تيجى', 'نتكلم', 'و', 'نقول', 'كام', 'نصيحة', 'على', 'كام', 'كلمة', 'حلوة', 'على', 'حبة', 'أى', 'كلام', 'عشان', 'كام', 'ريتويت']","['PUNC', 'NUM', 'PUNC', 'V+PRON', 'V', 'CONJ', 'V', 'NOUN', 'NOUN+NSUFF', 'PREP', 'NOUN', 'NOUN+NSUFF', 'ADJ+NSUFF', 'PREP', 'NOUN+NSUFF', 'NOUN', 'NOUN', 'PART', 'NOUN', 'NOUN']",Egypt
46,47,فاكر أيام لماا كنت تقف ع الشارع تلاقى واحده محجبه فواحد صاحبك يعاكسها تقوله بس ياض دى محجبه ؟,"['فاكر', 'أيام', 'لماا', 'كنت', 'تقف', 'ع', 'الشارع', 'تلاقى', 'واحده', 'محجبه', 'فواحد', 'صاحبك', 'يعاكسها', 'تقوله', 'بس', 'ياض', 'دى', 'محجبه', '؟']","['ADJ', 'NOUN', 'PART', 'V+PRON', 'V', 'PREP', 'DET+NOUN', 'V', 'NOUN+NSUFF', 'ADJ+NSUFF', 'CONJ+NOUN', 'NOUN+PRON', 'V+PRON', 'V+PREP+PRON', 'PART', 'PART+NOUN', 'PRON', 'ADJ+NSUFF', 'PUNC']",Egypt
47,48,لو رفعنا قضية على الكيان الصهيوني بنقول انهم إرهابيين و بنطالب بقطع أي علاقة بيهم هتتقبل القضية برضو زي حماس ؟ ولا هيقول عيب مش اختصاصنا ؟ !,"['لو', 'رفعنا', 'قضية', 'على', 'الكيان', 'الصهيوني', 'بنقول', 'انهم', 'إرهابيين', 'و', 'بنطالب', 'بقطع', 'أي', 'علاقة', 'بيهم', 'هتتقبل', 'القضية', 'برضو', 'زي', 'حماس', '؟', 'ولا', 'هيقول', 'عيب', 'مش', 'اختصاصنا', '؟', '!']","['PART', 'V+PRON', 'NOUN+NSUFF', 'PREP', 'DET+NOUN', 'DET+ADJ', 'PROG_PART+V', 'PART+PRON', 'ADJ+NSUFF', 'CONJ', 'PROG_PART+V', 'PREP+NOUN', 'NOUN', 'NOUN+NSUFF', 'PREP+PRON', 'FUT_PART+V', 'DET+NOUN+NSUFF', 'ADV', 'NOUN', 'NOUN', 'PUNC', 'CONJ+PART', 'FUT_PART+V', 'NOUN', 'PART', 'NOUN+PRON', 'PUNC', 'PUNC']",Egypt
48,49,دايما الواحد #بيقصر في حق ناس #تستاهل ويسأل علي #ناس #متستهلش :-(,"['دايما', 'الواحد', '#بيقصر', 'في', 'حق', 'ناس', '#تستاهل', 'ويسأل', 'علي', '#ناس', '#متستهلش', ':-(']","['ADJ+CASE', 'DET+NOUN', 'HASH', 'PREP', 'NOUN', 'NOUN', 'HASH', 'CONJ+V', 'PREP', 'HASH', 'NOUN', 'EMOT']",Libya
49,50,"مهو انت ماتحطليش إمتحان صعب و تيجى فى الآخر تقولى "" Good Luck "" عشان ماتجيبش الشتيمه ليك و للست الوالده","['مهو', 'انت', 'ماتحطليش', 'إمتحان', 'صعب', 'و', 'تيجى', 'فى', 'الآخر', 'تقولى', '""', 'Good', 'Luck', '""', 'عشان', 'ماتجيبش', 'الشتيمه', 'ليك', 'و', 'للست', 'الوالده']","['PART+PRON', 'PRON', 'PART+V+PREP+PRON+NEG_PART', 'NOUN', 'ADJ', 'CONJ', 'V', 'PREP', 'DET+ADJ', 'V+PREP+PRON', 'PUNC', 'FOREIGN', 'FOREIGN', 'PUNC', 'PART', 'PART+V+NEG_PART', 'DET+NOUN+NSUFF', 'PREP+PRON', 'CONJ', 'PREP+DET+NOUN', 'DET+NOUN+NSUFF']",Egypt
50,51,واللى كان فى شغله ولسه راجع واللى كان فى مدرسته واللى واقف فى البلكونة بيشرب سيجارة . . نحب نقوله ان اوزيل جاب جول . . . http://t.co/SP1RsPjMxY,"['واللى', 'كان', 'فى', 'شغله', 'ولسه', 'راجع', 'واللى', 'كان', 'فى', 'مدرسته', 'واللى', 'واقف', 'فى', 'البلكونة', 'بيشرب', 'سيجارة', '.', '.', 'نحب', 'نقوله', 'ان', 'اوزيل', 'جاب', 'جول', '.', '.', '.', 'http://t.co/SP1RsPjMxY']","['CONJ+PART', 'V', 'PREP', 'NOUN+PRON', 'CONJ+ADV+NSUFF', 'ADJ', 'CONJ+PART', 'V', 'PREP', 'NOUN+NSUFF+PRON', 'CONJ+PART', 'ADJ', 'PREP', 'DET+NOUN+NSUFF', 'PROG_PART+V', 'NOUN+NSUFF', 'PUNC', 'PUNC', 'V', 'V+PREP+PRON', 'PART', 'NOUN', 'V', 'NOUN', 'PUNC', 'PUNC', 'PUNC', 'URL']",Egypt
51,52,نص الوﻻد اللى ف تويتر فهمين البنت عايزه ايه . . و بتحب ايه ! ! انا بقى اشك ان ف حد بيعمل ب اللى بيقولوا ده . . . #كﻻم من غير فعل,"['نص', 'الوﻻد', 'اللى', 'ف', 'تويتر', 'فهمين', 'البنت', 'عايزه', 'ايه', '.', '.', 'و', 'بتحب', 'ايه', '!', '!', 'انا', 'بقى', 'اشك', 'ان', 'ف', 'حد', 'بيعمل', 'ب', 'اللى', 'بيقولوا', 'ده', '.', '.', '.', '#كﻻم', 'من', 'غير', 'فعل']","['NOUN', 'DET+NOUN', 'PART', 'PREP', 'NOUN', 'ADJ+NSUFF', 'DET+NOUN', 'ADJ+NSUFF', 'PART', 'PUNC', 'PUNC', 'CONJ', 'PROG_PART+V', 'PART', 'PUNC', 'PUNC', 'PRON', 'ADV', 'V', 'PART', 'PREP', 'NOUN', 'PROG_PART+V', 'PREP', 'PART', 'PROG_PART+V+PRON', 'PRON', 'PUNC', 'PUNC', 'PUNC', 'HASH', 'PREP', 'NOUN', 'NOUN']",Egypt
52,53,مش كل حاجه تعملها تقول انك راجل و براحتك . . #لما تموت مش هتقول اصل كنت راجل وكان براحتى #مفيش تفرقه هناك يا صاحبي !,"['مش', 'كل', 'حاجه', 'تعملها', 'تقول', 'انك', 'راجل', 'و', 'براحتك', '.', '.', '#لما', 'تموت', 'مش', 'هتقول', 'اصل', 'كنت', 'راجل', 'وكان', 'براحتى', '#مفيش', 'تفرقه', 'هناك', 'يا', 'صاحبي', '!']","['PART', 'NOUN', 'NOUN+NSUFF', 'V+PRON', 'V', 'PART+PRON', 'NOUN', 'CONJ', 'PREP+NOUN+NSUFF+PRON', 'PUNC', 'PUNC', 'HASH', 'V', 'PART', 'FUT_PART+V', 'NOUN', 'V+PRON', 'NOUN', 'CONJ+V', 'PREP+NOUN+NSUFF+PRON', 'HASH', 'NOUN+NSUFF', 'ADV', 'PART', 'NOUN+NSUFF', 'PUNC']",Egypt
53,54,انك تبقى واطى دى حاجه سهله اوى . . بس انك تبقى راجل دى عايزه مجهود شويه :),"['انك', 'تبقى', 'واطى', 'دى', 'حاجه', 'سهله', 'اوى', '.', '.', 'بس', 'انك', 'تبقى', 'راجل', 'دى', 'عايزه', 'مجهود', 'شويه', ':)']","['PART+PRON', 'V', 'ADJ', 'PRON', 'NOUN+NSUFF', 'ADJ+NSUFF', 'ADJ', 'PUNC', 'PUNC', 'PART', 'PART+PRON', 'V', 'NOUN', 'PRON', 'ADJ+NSUFF', 'NOUN', 'NOUN+NSUFF', 'EMOT']",Egypt
54,55,ليه الناس بتقول لأى حد فى الشارع يابشمهندس ، ما عدا المهندس فعلاً بيقولوا يادكتور !,"['ليه', 'الناس', 'بتقول', 'لأى', 'حد', 'فى', 'الشارع', 'يابشمهندس', '،', 'ما', 'عدا', 'المهندس', 'فعلاً', 'بيقولوا', 'يادكتور', '!']","['PART', 'DET+NOUN', 'PROG_PART+V', 'PREP+NOUN', 'NOUN', 'PREP', 'DET+NOUN', 'PART+NOUN', 'PUNC', 'PART', 'V', 'DET+NOUN', 'NOUN+CASE', 'PROG_PART+V+PRON', 'PART+NOUN', 'PUNC']",Egypt
55,56,جة الزمن اللي الناس تعمل جمايل لبعض ، ، عشان تفكر بعض بية .,"['جة', 'الزمن', 'اللي', 'الناس', 'تعمل', 'جمايل', 'لبعض', '،', '،', 'عشان', 'تفكر', 'بعض', 'بية', '.']","['V', 'DET+NOUN', 'PART', 'DET+NOUN', 'V', 'NOUN', 'PREP+NOUN', 'PUNC', 'PUNC', 'PART', 'V', 'NOUN', 'PREP+PRON', 'PUNC']",Sudan
56,57,انا قربت اتجنن ! انا بحلم حاجات بتتحقق :( وبفكر في حاجات ف خيالي برده بتتحقق ف نفس اليوم ! انا خايفه -_-,"['انا', 'قربت', 'اتجنن', '!', 'انا', 'بحلم', 'حاجات', 'بتتحقق', ':(', 'وبفكر', 'في', 'حاجات', 'ف', 'خيالي', 'برده', 'بتتحقق', 'ف', 'نفس', 'اليوم', '!', 'انا', 'خايفه', '-_-']","['PRON', 'V+PRON', 'V', 'PUNC', 'PRON', 'PROG_PART+V', 'NOUN+NSUFF', 'PROG_PART+V', 'EMOT', 'CONJ+PROG_PART+V', 'PREP', 'NOUN+NSUFF', 'PREP', 'NOUN+PRON', 'ADV', 'PROG_PART+V', 'PREP', 'NOUN', 'DET+NOUN', 'PUNC', 'PRON', 'ADJ+NSUFF', 'EMOT']",Egypt
57,58,أنا مش سامع نص كلام اللي بيكلموني ، بسبب دور البرد اللي عندي ، بهز دماغي زي العبيط كأني سامع,"['أنا', 'مش', 'سامع', 'نص', 'كلام', 'اللي', 'بيكلموني', '،', 'بسبب', 'دور', 'البرد', 'اللي', 'عندي', '،', 'بهز', 'دماغي', 'زي', 'العبيط', 'كأني', 'سامع']","['PRON', 'PART', 'ADJ', 'NOUN', 'NOUN', 'PART', 'PROG_PART+V+PRON+PRON', 'PUNC', 'PREP+NOUN', 'NOUN', 'DET+NOUN', 'PART', 'NOUN+PRON', 'PUNC', 'PROG_PART+V', 'NOUN+PRON', 'NOUN', 'DET+ADJ', 'PART+PRON', 'ADJ']",Egypt
58,59,الناس مش قدرة تفهم أن مفيش حاجة اسمها حب ولا في حد بيحب بجد والي بتحبو بجد بيسيبك والي بيحبك بجد بتسيبو فا ريح بالك أحسن .,"['الناس', 'مش', 'قدرة', 'تفهم', 'أن', 'مفيش', 'حاجة', 'اسمها', 'حب', 'ولا', 'في', 'حد', 'بيحب', 'بجد', 'والي', 'بتحبو', 'بجد', 'بيسيبك', 'والي', 'بيحبك', 'بجد', 'بتسيبو', 'فا', 'ريح', 'بالك', 'أحسن', '.']","['DET+NOUN', 'PART', 'ADJ+NSUFF', 'V', 'PART', 'PART+PREP+NEG_PART', 'NOUN+NSUFF', 'NOUN+PRON', 'NOUN', 'CONJ+PART', 'PREP', 'NOUN', 'PROG_PART+V', 'PREP+NOUN', 'CONJ+PART', 'PROG_PART+V+PRON', 'PREP+NOUN', 'PROG_PART+V+PRON', 'CONJ+PART', 'PROG_PART+V+PRON', 'PREP+NOUN', 'PROG_PART+V+PRON', 'CONJ', 'V', 'NOUN+PRON', 'ADJ', 'PUNC']",Egypt
59,60,فيه ناس كده بيبقى طول عُمرهم معروفين بإسمهم وإسم أبوهم وفجأة كده سُبحان الله بيطلعلهم إسم عيلة رِوش ويفضلوا يقرفوا اللي خلّفونا بيه,"['فيه', 'ناس', 'كده', 'بيبقى', 'طول', 'عُمرهم', 'معروفين', 'بإسمهم', 'وإسم', 'أبوهم', 'وفجأة', 'كده', 'سُبحان', 'الله', 'بيطلعلهم', 'إسم', 'عيلة', 'رِوش', 'ويفضلوا', 'يقرفوا', 'اللي', 'خلّفونا', 'بيه']","['PREP+PRON', 'NOUN', 'ADV', 'PROG_PART+V', 'NOUN', 'NOUN+PRON', 'ADJ+NSUFF', 'PREP+NOUN+PRON', 'CONJ+NOUN', 'NOUN+CASE+PRON', 'CONJ+NOUN+NSUFF', 'ADV', 'NOUN', 'NOUN', 'PROG_PART+V+PREP+PRON', 'NOUN', 'NOUN+NSUFF', 'ADJ', 'CONJ+V+PRON', 'V+PRON', 'PART', 'V+PRON+PRON', 'PREP+PRON']",Egypt
60,61,هو لما ولد يبيع صاحبه عشان بنت بيقولو مش راجل طيب و البنت اللي بتبيع صاحبتها عشان ولد يتقال عليها ايه ؟ !,"['هو', 'لما', 'ولد', 'يبيع', 'صاحبه', 'عشان', 'بنت', 'بيقولو', 'مش', 'راجل', 'طيب', 'و', 'البنت', 'اللي', 'بتبيع', 'صاحبتها', 'عشان', 'ولد', 'يتقال', 'عليها', 'ايه', '؟', '!']","['PRON', 'PART', 'NOUN', 'V', 'NOUN+PRON', 'PART', 'NOUN', 'PROG_PART+V+PRON', 'PART', 'NOUN', 'ADJ', 'CONJ', 'DET+NOUN', 'PART', 'PROG_PART+V', 'NOUN+NSUFF+PRON', 'PART', 'NOUN', 'V', 'PREP+PRON', 'PART', 'PUNC', 'PUNC']",Egypt
61,62,عمرك لسه مخبى حاجات اكتر من كده مستنياك وربك اكيد شايلك خير هيجى فى وقته والدنيا اكيد فيها لحظات حلوه هتعيشها ، بس كله فى وقته . . اصبر,"['عمرك', 'لسه', 'مخبى', 'حاجات', 'اكتر', 'من', 'كده', 'مستنياك', 'وربك', 'اكيد', 'شايلك', 'خير', 'هيجى', 'فى', 'وقته', 'والدنيا', 'اكيد', 'فيها', 'لحظات', 'حلوه', 'هتعيشها', '،', 'بس', 'كله', 'فى', 'وقته', '.', '.', 'اصبر']","['NOUN+PRON', 'ADV+NSUFF', 'ADJ', 'NOUN+NSUFF', 'ADJ', 'PREP', 'ADV', 'ADJ+NSUFF+PRON', 'CONJ+NOUN+PRON', 'ADJ', 'ADJ+PREP+PRON', 'NOUN', 'FUT_PART+V', 'PREP', 'NOUN+PRON', 'CONJ+DET+NOUN', 'ADJ', 'PREP+PRON', 'NOUN+NSUFF', 'ADJ+NSUFF', 'FUT_PART+V+PRON', 'PUNC', 'PART', 'NOUN+PRON', 'PREP', 'NOUN+PRON', 'PUNC', 'PUNC', 'V']",Egypt
62,63,أصل فى ناس مابتحبش التجديد . . الى بيتكيف من الكرباج من زمان . . صعب اوى يجيى على كبر . . يغيروا ! ! #حقيقة #باسم_يوسف #رجعوا_جماهير,"['أصل', 'فى', 'ناس', 'مابتحبش', 'التجديد', '.', '.', 'الى', 'بيتكيف', 'من', 'الكرباج', 'من', 'زمان', '.', '.', 'صعب', 'اوى', 'يجيى', 'على', 'كبر', '.', '.', 'يغيروا', '!', '!', '#حقيقة', '#باسم_يوسف', '#رجعوا_جماهير']","['NOUN', 'PREP', 'NOUN', 'PART+PROG_PART+V+NEG_PART', 'DET+NOUN', 'PUNC', 'PUNC', 'PART', 'PROG_PART+V', 'PREP', 'DET+NOUN', 'PREP', 'NOUN', 'PUNC', 'PUNC', 'ADJ', 'ADJ', 'V', 'PREP', 'NOUN', 'PUNC', 'PUNC', 'V+PRON', 'PUNC', 'PUNC', 'HASH', 'HASH', 'HASH']",Egypt
63,64,"مش اى حد بيعاملك حلو يبقى بيحبك "" المصلحة بتعمل كل حاجة ""","['مش', 'اى', 'حد', 'بيعاملك', 'حلو', 'يبقى', 'بيحبك', '""', 'المصلحة', 'بتعمل', 'كل', 'حاجة', '""']","['PART', 'NOUN', 'NOUN', 'PROG_PART+V+PRON', 'ADJ', 'V', 'PROG_PART+V+PRON', 'PUNC', 'DET+NOUN+NSUFF', 'PROG_PART+V', 'NOUN', 'NOUN+NSUFF', 'PUNC']",Egypt
64,65,و لما تيجي تناقش حد من الجيل بتاع العواجيز هيقولك مش اللي بيتقبض عليهم دوول بيفرج عنهم لو مظلوم هيطلع يابني متخفش ( 1 ),"['و', 'لما', 'تيجي', 'تناقش', 'حد', 'من', 'الجيل', 'بتاع', 'العواجيز', 'هيقولك', 'مش', 'اللي', 'بيتقبض', 'عليهم', 'دوول', 'بيفرج', 'عنهم', 'لو', 'مظلوم', 'هيطلع', 'يابني', 'متخفش', '(', '1', ')']","['CONJ', 'PART', 'V', 'V', 'NOUN', 'PREP', 'DET+NOUN', 'NOUN', 'DET+NOUN', 'FUT_PART+V+PREP+PRON', 'PART', 'PART', 'PROG_PART+V', 'PREP+PRON', 'PRON', 'PROG_PART+V', 'PREP+PRON', 'PART', 'ADJ', 'FUT_PART+V', 'PART+NOUN+PRON', 'PART+V+NEG_PART', 'PUNC', 'NUM', 'PUNC']",Egypt
65,66,و لما هو مظلوم بيتقبض عليه من الاول لييه يعني ايه شاب ابن ناس و مالوش دعوه بحاجه يتقبض عليه و يدخل المعتقل يعني ايه معدش حد بقي بينطق ( 2 ),"['و', 'لما', 'هو', 'مظلوم', 'بيتقبض', 'عليه', 'من', 'الاول', 'لييه', 'يعني', 'ايه', 'شاب', 'ابن', 'ناس', 'و', 'مالوش', 'دعوه', 'بحاجه', 'يتقبض', 'عليه', 'و', 'يدخل', 'المعتقل', 'يعني', 'ايه', 'معدش', 'حد', 'بقي', 'بينطق', '(', '2', ')']","['CONJ', 'PART', 'PRON', 'ADJ', 'PROG_PART+V', 'PREP+PRON', 'PREP', 'DET+NUM', 'PART', 'V', 'PART', 'NOUN', 'NOUN', 'NOUN', 'CONJ', 'PART+PREP+PRON+NEG_PART', 'NOUN+NSUFF', 'PREP+NOUN+NSUFF', 'V', 'PREP+PRON', 'CONJ', 'V', 'DET+NOUN', 'V', 'PART', 'PART+V+NEG_PART', 'NOUN', 'V', 'PROG_PART+V', 'PUNC', 'NUM', 'PUNC']",Egypt
66,67,لما روحنا الموتمر عشان صحابنا . . حضرات النشطاء والمحاميين مارضيوش يتكلمو عن معتقلي المعادي عشان هما مجهولين ومش مشهورين ومالهومش ضهر #يتبع,"['لما', 'روحنا', 'الموتمر', 'عشان', 'صحابنا', '.', '.', 'حضرات', 'النشطاء', 'والمحاميين', 'مارضيوش', 'يتكلمو', 'عن', 'معتقلي', 'المعادي', 'عشان', 'هما', 'مجهولين', 'ومش', 'مشهورين', 'ومالهومش', 'ضهر', '#يتبع']","['PART', 'V+PRON', 'DET+NOUN', 'PART', 'NOUN+PRON', 'PUNC', 'PUNC', 'NOUN+NSUFF', 'DET+NOUN', 'CONJ+DET+NOUN+NSUFF', 'PART+V+PRON+NEG_PART', 'V+PRON', 'PREP', 'NOUN+NSUFF', 'DET+NOUN', 'PART', 'PRON', 'ADJ+NSUFF', 'CONJ+PART', 'ADJ+NSUFF', 'CONJ+PART+PREP+PRON+NEG_PART', 'NOUN', 'HASH']",Yemen
67,68,الكلام لو كان يعبر عن الحنان كنت قولت انى مش طايقة وش امك من زمان,"['الكلام', 'لو', 'كان', 'يعبر', 'عن', 'الحنان', 'كنت', 'قولت', 'انى', 'مش', 'طايقة', 'وش', 'امك', 'من', 'زمان']","['DET+NOUN', 'PART', 'V', 'V', 'PREP', 'DET+NOUN', 'V+PRON', 'V+PRON', 'PART+PRON', 'PART', 'ADJ+NSUFF', 'NOUN', 'NOUN+PRON', 'PREP', 'NOUN']",Egypt
68,69,الوقت هيعودك على حاجات كتير متخيلتش ابدا انك تتعود عليها . . . . بس مش هيقدر ينسيهالك,"['الوقت', 'هيعودك', 'على', 'حاجات', 'كتير', 'متخيلتش', 'ابدا', 'انك', 'تتعود', 'عليها', '.', '.', '.', '.', 'بس', 'مش', 'هيقدر', 'ينسيهالك']","['DET+NOUN', 'FUT_PART+V+PRON', 'PREP', 'NOUN+NSUFF', 'ADJ', 'PART+V+PRON+NEG_PART', 'NOUN+CASE', 'PART+PRON', 'V', 'PREP+PRON', 'PUNC', 'PUNC', 'PUNC', 'PUNC', 'PART', 'PART', 'FUT_PART+V', 'V+PRON+PREP+PRON']",Egypt
69,70,كل أنسان جواه حكاية أو سبب بيتحكموا في أسلوب حياته وطريقته ، فا ماتحكمش علي حد من الظاهر . . حلل وأفهم الأسباب ساعتها ممكن تلاقي له مليون عذر .,"['كل', 'أنسان', 'جواه', 'حكاية', 'أو', 'سبب', 'بيتحكموا', 'في', 'أسلوب', 'حياته', 'وطريقته', '،', 'فا', 'ماتحكمش', 'علي', 'حد', 'من', 'الظاهر', '.', '.', 'حلل', 'وأفهم', 'الأسباب', 'ساعتها', 'ممكن', 'تلاقي', 'له', 'مليون', 'عذر', '.']","['NOUN', 'NOUN', 'NOUN+NSUFF+PRON', 'NOUN+NSUFF', 'CONJ', 'NOUN', 'PROG_PART+V+PRON', 'PREP', 'NOUN', 'NOUN+NSUFF+PRON', 'CONJ+NOUN+NSUFF+PRON', 'PUNC', 'CONJ', 'PART+V+NEG_PART', 'PREP', 'NOUN', 'PREP', 'DET+ADJ', 'PUNC', 'PUNC', 'V', 'CONJ+V', 'DET+NOUN', 'NOUN+NSUFF+PRON', 'ADJ', 'V', 'PREP+PRON', 'NUM', 'NOUN', 'PUNC']",Egypt
70,71,ساعات كتير مبتبقاش عارف أنت بتحس إيه ناحيتهم ولا هما بالنسبالك إيه ؟ ؟ ؟ بس بتحب تتكلم معاهم كل يوم,"['ساعات', 'كتير', 'مبتبقاش', 'عارف', 'أنت', 'بتحس', 'إيه', 'ناحيتهم', 'ولا', 'هما', 'بالنسبالك', 'إيه', '؟', '؟', '؟', 'بس', 'بتحب', 'تتكلم', 'معاهم', 'كل', 'يوم']","['NOUN+NSUFF', 'ADJ', 'PART+PROG_PART+V+NEG_PART', 'ADJ', 'PRON', 'PROG_PART+V', 'PART', 'NOUN+NSUFF+PRON', 'CONJ+PART', 'PRON', 'PREP+DET+NOUN+NSUFF+PREP+PRON', 'PART', 'PUNC', 'PUNC', 'PUNC', 'PART', 'PROG_PART+V', 'V', 'NOUN+PRON', 'NOUN', 'NOUN']",Egypt
71,72,هو عشان مش بسال يبقى مش مهتمة مش ممكن يعنى اكون مش عارفة اتاقلم عل جو ده او مش عايزة نتعامل كدة,"['هو', 'عشان', 'مش', 'بسال', 'يبقى', 'مش', 'مهتمة', 'مش', 'ممكن', 'يعنى', 'اكون', 'مش', 'عارفة', 'اتاقلم', 'عل', 'جو', 'ده', 'او', 'مش', 'عايزة', 'نتعامل', 'كدة']","['PRON', 'PART', 'PART', 'PROG_PART+V', 'V', 'PART', 'ADJ+NSUFF', 'PART', 'ADJ', 'ADV', 'V', 'PART', 'ADJ+NSUFF', 'V', 'PREP+DET', 'NOUN', 'PRON', 'CONJ', 'PART', 'ADJ+NSUFF', 'V', 'ADV']",Egypt
72,73,وانا قاعد بصلي في الحرم واحد مصري بيصلي جنبي بعد ما خلصنا بيقولي حرما قولتله أكتر من كده ! :D,"['وانا', 'قاعد', 'بصلي', 'في', 'الحرم', 'واحد', 'مصري', 'بيصلي', 'جنبي', 'بعد', 'ما', 'خلصنا', 'بيقولي', 'حرما', 'قولتله', 'أكتر', 'من', 'كده', '!', ':D']","['CONJ+PRON', 'ADJ', 'PROG_PART+V', 'PREP', 'DET+NOUN', 'NOUN', 'ADJ', 'PROG_PART+V', 'NOUN+PRON', 'NOUN', 'PART', 'V+PRON', 'PROG_PART+V+PREP+PRON', 'NOUN+CASE', 'V+PRON+PREP+PRON', 'ADJ', 'PREP', 'ADV', 'PUNC', 'EMOT']",Egypt
73,74,يبقى متنميش وخليك قاعده واسهرى بردوه لحد متفصلى خالص بعد كده نامى بليل @sarrahsherrif,"['يبقى', 'متنميش', 'وخليك', 'قاعده', 'واسهرى', 'بردوه', 'لحد', 'متفصلى', 'خالص', 'بعد', 'كده', 'نامى', 'بليل', '@sarrahsherrif']","['V', 'PART+V+PRON+NEG_PART', 'CONJ+V+PRON+PRON', 'ADJ+NSUFF', 'CONJ+V+NSUFF', 'ADV', 'PREP+NOUN', 'PART+V+PRON', 'ADV', 'NOUN', 'ADV', 'V+PRON', 'PREP+DET+NOUN', 'MENTION']",Egypt
74,75,أحلى أكلة هي اللي بتاكلها و أنت ميت من الجوع . . . أحلى شرب و أنت ميت من العطش و أحلى فرحة حتيجي و أنت ميت من اليأس ! ! فإطمن,"['أحلى', 'أكلة', 'هي', 'اللي', 'بتاكلها', 'و', 'أنت', 'ميت', 'من', 'الجوع', '.', '.', '.', 'أحلى', 'شرب', 'و', 'أنت', 'ميت', 'من', 'العطش', 'و', 'أحلى', 'فرحة', 'حتيجي', 'و', 'أنت', 'ميت', 'من', 'اليأس', '!', '!', 'فإطمن']","['ADJ', 'NOUN+NSUFF', 'PRON', 'PART', 'PROG_PART+V+PRON', 'CONJ', 'PRON', 'ADJ', 'PREP', 'DET+NOUN', 'PUNC', 'PUNC', 'PUNC', 'NOUN', 'NOUN', 'CONJ', 'PRON', 'ADJ', 'PREP', 'DET+NOUN', 'CONJ', 'ADJ', 'NOUN+NSUFF', 'FUT_PART+V', 'CONJ', 'PRON', 'ADJ', 'PREP', 'DET+NOUN', 'PUNC', 'PUNC', 'CONJ+V']",Egypt
75,76,فى ناس كدا فاكرة انهم اللى من حقهم بس يزعلوا وان كل الناس أتخلقوا علشان يصلحوهم -_- ! !,"['فى', 'ناس', 'كدا', 'فاكرة', 'انهم', 'اللى', 'من', 'حقهم', 'بس', 'يزعلوا', 'وان', 'كل', 'الناس', 'أتخلقوا', 'علشان', 'يصلحوهم', '-_-', '!', '!']","['PREP', 'NOUN', 'ADV', 'ADJ+NSUFF', 'PART+PRON', 'PART', 'PREP', 'NOUN+PRON', 'ADV', 'V+PRON', 'CONJ+PART', 'NOUN', 'DET+NOUN', 'V+PRON', 'PART', 'V+PRON+PRON', 'EMOT', 'PUNC', 'PUNC']",Egypt
76,77,اللى مبسوطين فى حياتيهم و راضيين على قرارتهم بقوا قليلين فى الزمن ده,"['اللى', 'مبسوطين', 'فى', 'حياتيهم', 'و', 'راضيين', 'على', 'قرارتهم', 'بقوا', 'قليلين', 'فى', 'الزمن', 'ده']","['PART', 'ADJ+NSUFF', 'PREP', 'NOUN+NSUFF+PRON', 'CONJ', 'ADJ+NSUFF', 'PREP', 'NOUN+NSUFF+PRON', 'V+PRON', 'ADJ+NSUFF', 'PREP', 'DET+NOUN', 'PRON']",Egypt
77,78,الغلط مننا لما نكلم حد و نهتم بيه جامد . و ساعات بنحبه ، بس بتبقي عاوز تقوله انا اسف اني حبيتك .,"['الغلط', 'مننا', 'لما', 'نكلم', 'حد', 'و', 'نهتم', 'بيه', 'جامد', '.', 'و', 'ساعات', 'بنحبه', '،', 'بس', 'بتبقي', 'عاوز', 'تقوله', 'انا', 'اسف', 'اني', 'حبيتك', '.']","['DET+NOUN', 'PREP+PRON', 'PART', 'V', 'NOUN', 'CONJ', 'V', 'PREP+PRON', 'ADJ', 'PUNC', 'CONJ', 'NOUN+NSUFF', 'PROG_PART+V+PRON', 'PUNC', 'PART', 'PROG_PART+V', 'ADJ', 'V+PREP+PRON', 'PRON', 'ADJ', 'PART+PRON', 'V+PRON+PRON', 'PUNC']",Egypt
78,79,الاحترام مش مقياس للحب . . ممكن اكون بحترمك بس بكرهك عادي,"['الاحترام', 'مش', 'مقياس', 'للحب', '.', '.', 'ممكن', 'اكون', 'بحترمك', 'بس', 'بكرهك', 'عادي']","['DET+NOUN', 'PART', 'NOUN', 'PREP+DET+NOUN', 'PUNC', 'PUNC', 'ADJ', 'V', 'PROG_PART+V+PRON', 'PART', 'PROG_PART+V+PRON', 'ADJ']",Egypt
79,80,ماهو مفيش #مسخره اكتر من انك تلاقي #بنت بتصلي #استخاره عشان محتاره تصاحب #ادهم ولا #عمر !,"['ماهو', 'مفيش', '#مسخره', 'اكتر', 'من', 'انك', 'تلاقي', '#بنت', 'بتصلي', '#استخاره', 'عشان', 'محتاره', 'تصاحب', '#ادهم', 'ولا', '#عمر', '!']","['PART+PRON', 'PART+PREP+NEG_PART', 'HASH', 'ADJ', 'PREP', 'PART+PRON', 'V', 'HASH', 'PROG_PART+V', 'HASH', 'PART', 'ADJ+NSUFF', 'V', 'HASH', 'CONJ+PART', 'HASH', 'PUNC']",Egypt
80,81,@Osamawad_4 مش عارفة ممكن . انا ما مرتش بالموضوع ده . موقفي محدد و ثابت و الحمد لله طلعت صح ! ! حب الوطن مفيهوش نغلط و نصلح .,"['@Osamawad_4', 'مش', 'عارفة', 'ممكن', '.', 'انا', 'ما', 'مرتش', 'بالموضوع', 'ده', '.', 'موقفي', 'محدد', 'و', 'ثابت', 'و', 'الحمد', 'لله', 'طلعت', 'صح', '!', '!', 'حب', 'الوطن', 'مفيهوش', 'نغلط', 'و', 'نصلح', '.']","['MENTION', 'PART', 'ADJ+NSUFF', 'ADJ', 'PUNC', 'PRON', 'PART', 'V+PRON+NEG_PART', 'PREP+DET+NOUN', 'PRON', 'PUNC', 'NOUN+PRON', 'ADJ', 'CONJ', 'ADJ', 'CONJ', 'DET+NOUN', 'PREP+NOUN', 'V+PRON', 'NOUN', 'PUNC', 'PUNC', 'NOUN', 'DET+NOUN', 'PART+PREP+PRON+NEG_PART', 'V', 'CONJ', 'V', 'PUNC']",Egypt
81,82,انا لما أموت مش هموت من المرض بتاعى أنا لما أموت هموت من المرض اللى عندكوا أنتوا,"['انا', 'لما', 'أموت', 'مش', 'هموت', 'من', 'المرض', 'بتاعى', 'أنا', 'لما', 'أموت', 'هموت', 'من', 'المرض', 'اللى', 'عندكوا', 'أنتوا']","['PRON', 'PART', 'V', 'PART', 'FUT_PART+V', 'PREP', 'DET+NOUN', 'NOUN+PRON', 'PRON', 'PART', 'V', 'FUT_PART+V', 'PREP', 'DET+NOUN', 'PART', 'NOUN+PRON', 'PRON']",Egypt
82,83,@lovly_y@Nour51728751 اللى فاقعنى انه كمان لابس الساعة ( اللى هى مش اوميجا ) فى ايده اليمين - ياعينى على الورع,"['@lovly_y@Nour51728751', 'اللى', 'فاقعنى', 'انه', 'كمان', 'لابس', 'الساعة', '(', 'اللى', 'هى', 'مش', 'اوميجا', ')', 'فى', 'ايده', 'اليمين', '-', 'ياعينى', 'على', 'الورع']","['MENTION', 'PART', 'ADJ+PRON', 'PART+PRON', 'ADV', 'ADJ', 'DET+NOUN+NSUFF', 'PUNC', 'PART', 'PRON', 'PART', 'NOUN', 'PUNC', 'PREP', 'NOUN+PRON', 'DET+NOUN', 'PUNC', 'PART+NOUN+PRON', 'PREP', 'DET+NOUN']",Egypt
83,84,عارفة احساس اني بفتكر كلامك الوحش ابقى مش طايق اشوفك و افتكر ضحكتك الحلوة فا توحشيني !,"['عارفة', 'احساس', 'اني', 'بفتكر', 'كلامك', 'الوحش', 'ابقى', 'مش', 'طايق', 'اشوفك', 'و', 'افتكر', 'ضحكتك', 'الحلوة', 'فا', 'توحشيني', '!']","['ADJ+NSUFF', 'NOUN', 'PART+PRON', 'PROG_PART+V', 'NOUN+PRON', 'DET+ADJ', 'V', 'PART', 'ADJ', 'V+PRON', 'CONJ', 'V', 'NOUN+NSUFF+PRON', 'DET+ADJ+NSUFF', 'CONJ', 'V+PRON+PRON', 'PUNC']",Egypt
84,85,لو مكنتش هتخلف عيل تعرف تربيه صح يبقي بلاش تقرف المجتمع بعيال زياده عدد وخلاص . . .,"['لو', 'مكنتش', 'هتخلف', 'عيل', 'تعرف', 'تربيه', 'صح', 'يبقي', 'بلاش', 'تقرف', 'المجتمع', 'بعيال', 'زياده', 'عدد', 'وخلاص', '.', '.', '.']","['PART', 'PART+V+PRON+NEG_PART', 'FUT_PART+V', 'NOUN', 'V', 'V+PRON', 'NOUN', 'V', 'PART', 'V', 'DET+NOUN', 'PREP+NOUN', 'NOUN+NSUFF', 'NOUN', 'CONJ+NOUN', 'PUNC', 'PUNC', 'PUNC']",Egypt
85,86,العيادات النهاردة كانت جامدة جدا والاضراب كان هايل الحقيقة في مستشفي راس التين العام,"['العيادات', 'النهاردة', 'كانت', 'جامدة', 'جدا', 'والاضراب', 'كان', 'هايل', 'الحقيقة', 'في', 'مستشفي', 'راس', 'التين', 'العام']","['DET+NOUN+NSUFF', 'DET+NOUN+NSUFF', 'V+PRON', 'ADJ+NSUFF', 'NOUN+CASE', 'CONJ+DET+NOUN', 'V', 'ADJ', 'DET+NOUN+NSUFF', 'PREP', 'NOUN', 'NOUN', 'DET+NOUN', 'DET+ADJ']",Egypt
86,87,عندك حد بيهتم بيك و بيخاف عليك طب خلي بالك منه بقا عشان ده مفيش منه كتير أو مفيش منه أصلن #حقييقة,"['عندك', 'حد', 'بيهتم', 'بيك', 'و', 'بيخاف', 'عليك', 'طب', 'خلي', 'بالك', 'منه', 'بقا', 'عشان', 'ده', 'مفيش', 'منه', 'كتير', 'أو', 'مفيش', 'منه', 'أصلن', '#حقييقة']","['NOUN+PRON', 'NOUN', 'PROG_PART+V', 'PREP+PRON', 'CONJ', 'PROG_PART+V', 'PREP+PRON', 'ADJ', 'V+PRON', 'NOUN+PRON', 'PREP+PRON', 'ADV', 'PART', 'PRON', 'PART+PREP+NEG_PART', 'PREP+PRON', 'ADJ', 'CONJ', 'PART+PREP+NEG_PART', 'PREP+PRON', 'NOUN+CASE', 'HASH']",Egypt
87,88,تحية لكل واحد كبر النهاردة ومانزلش ، تنزل اول يوم ! ! دة حتي وحشة لما تتكتب في ال CV .,"['تحية', 'لكل', 'واحد', 'كبر', 'النهاردة', 'ومانزلش', '،', 'تنزل', 'اول', 'يوم', '!', '!', 'دة', 'حتي', 'وحشة', 'لما', 'تتكتب', 'في', 'ال', 'CV', '.']","['NOUN+NSUFF', 'PREP+NOUN', 'NOUN', 'V', 'DET+NOUN+NSUFF', 'CONJ+PART+V+NEG_PART', 'PUNC', 'V', 'NUM', 'NOUN', 'PUNC', 'PUNC', 'PRON', 'PART', 'ADJ+NSUFF', 'PART', 'V', 'PREP', 'DET', 'FOREIGN', 'PUNC']",Egypt
88,89,إنت معصوم من الغلط ؟ ! لاء ؟ ! طب ليه بقي بتحسسني لما بغلط إن دي نهاية العالم يعني !,"['إنت', 'معصوم', 'من', 'الغلط', '؟', '!', 'لاء', '؟', '!', 'طب', 'ليه', 'بقي', 'بتحسسني', 'لما', 'بغلط', 'إن', 'دي', 'نهاية', 'العالم', 'يعني', '!']","['PRON', 'ADJ', 'PREP', 'DET+NOUN', 'PUNC', 'PUNC', 'PART', 'PUNC', 'PUNC', 'ADJ', 'PART', 'ADV', 'PROG_PART+V+PRON', 'PART', 'PROG_PART+V', 'PART', 'PRON', 'NOUN+NSUFF', 'DET+NOUN', 'ADV', 'PUNC']",Egypt
89,90,بنفضل نقول للناس مافيش حاجة تستاهل والمفروض نقول لنفسنا الأول .,"['بنفضل', 'نقول', 'للناس', 'مافيش', 'حاجة', 'تستاهل', 'والمفروض', 'نقول', 'لنفسنا', 'الأول', '.']","['PROG_PART+V', 'V', 'PREP+DET+NOUN', 'PART+PREP+NEG_PART', 'NOUN+NSUFF', 'V', 'CONJ+DET+ADJ', 'V', 'PREP+NOUN+PRON', 'DET+NUM', 'PUNC']",Egypt
90,91,أهو الدكتور بتاع الإسكان بيقول أن الغير متزوجين بيعملوا أزمة سكانية ، وأنا هقف جنب مصر وهساعد في حل المشكلة ، جوزونا بقى,"['أهو', 'الدكتور', 'بتاع', 'الإسكان', 'بيقول', 'أن', 'الغير', 'متزوجين', 'بيعملوا', 'أزمة', 'سكانية', '،', 'وأنا', 'هقف', 'جنب', 'مصر', 'وهساعد', 'في', 'حل', 'المشكلة', '،', 'جوزونا', 'بقى']","['PART', 'DET+NOUN', 'NOUN', 'DET+NOUN', 'PROG_PART+V', 'PART', 'DET+NOUN', 'ADJ+NSUFF', 'PROG_PART+V+PRON', 'NOUN+NSUFF', 'ADJ+NSUFF', 'PUNC', 'CONJ+PRON', 'FUT_PART+V', 'NOUN', 'NOUN', 'CONJ+FUT_PART+V', 'PREP', 'NOUN', 'DET+NOUN+NSUFF', 'PUNC', 'V+PRON+PRON', 'ADV']",Egypt
91,92,المراه مش عايزه احتفالات المرأه عايزه منك احترام وهى ماشيه فشارع متعكسهاش لو راكبه مواصلات قوم انت وهى تعد عايزه احترام وبس,"['المراه', 'مش', 'عايزه', 'احتفالات', 'المرأه', 'عايزه', 'منك', 'احترام', 'وهى', 'ماشيه', 'فشارع', 'متعكسهاش', 'لو', 'راكبه', 'مواصلات', 'قوم', 'انت', 'وهى', 'تعد', 'عايزه', 'احترام', 'وبس']","['DET+NOUN+NSUFF', 'PART', 'ADJ+NSUFF', 'NOUN+NSUFF', 'DET+NOUN+NSUFF', 'ADJ+NSUFF', 'PREP+PRON', 'NOUN', 'CONJ+PRON', 'ADJ+NSUFF', 'PREP+NOUN', 'PART+V+PRON+NEG_PART', 'PART', 'ADJ+NSUFF', 'NOUN+NSUFF', 'V', 'PRON', 'CONJ+PRON', 'V', 'ADJ+NSUFF', 'NOUN', 'CONJ+ADV']",Egypt
92,93,محدش بيختار آهلة أو حياتة بس بتقدر تختار وتحدد صحابك ، مستقبلك ، حلمك متخليش حد يحسسك انك أقل منة مهما كان السبب,"['محدش', 'بيختار', 'آهلة', 'أو', 'حياتة', 'بس', 'بتقدر', 'تختار', 'وتحدد', 'صحابك', '،', 'مستقبلك', '،', 'حلمك', 'متخليش', 'حد', 'يحسسك', 'انك', 'أقل', 'منة', 'مهما', 'كان', 'السبب']","['PART+NOUN+NEG_PART', 'PROG_PART+V', 'NOUN+PRON', 'CONJ', 'NOUN+NSUFF+PRON', 'PART', 'PROG_PART+V', 'V', 'CONJ+V', 'NOUN+PRON', 'PUNC', 'NOUN+PRON', 'PUNC', 'NOUN+PRON', 'PART+V+PRON+NEG_PART', 'NOUN', 'V+PRON', 'PART+PRON', 'ADJ', 'PREP+PRON', 'PART', 'V', 'DET+NOUN']",Egypt
93,94,ممكن يكون العيب فينا ان مش عاجبنا حالنا لازم تبدأ تحب نفسك و تشوفها حلوة عشان الناس كمان تشوفك كدة لأن ببساطة محدش هيحبك وانت مبتحبش نفسك ( 2 ),"['ممكن', 'يكون', 'العيب', 'فينا', 'ان', 'مش', 'عاجبنا', 'حالنا', 'لازم', 'تبدأ', 'تحب', 'نفسك', 'و', 'تشوفها', 'حلوة', 'عشان', 'الناس', 'كمان', 'تشوفك', 'كدة', 'لأن', 'ببساطة', 'محدش', 'هيحبك', 'وانت', 'مبتحبش', 'نفسك', '(', '2', ')']","['ADJ', 'V', 'DET+NOUN', 'PREP+PRON', 'PART', 'PART', 'ADJ+PRON', 'NOUN+PRON', 'ADJ', 'V', 'V', 'NOUN+PRON', 'CONJ', 'V+PRON', 'ADJ+NSUFF', 'PART', 'DET+NOUN', 'ADV', 'V+PRON', 'ADV', 'PREP+PART', 'PREP+NOUN+NSUFF', 'PART+NOUN+NEG_PART', 'FUT_PART+V+PRON', 'CONJ+PRON', 'PART+PROG_PART+V+NEG_PART', 'NOUN+PRON', 'PUNC', 'NUM', 'PUNC']",Egypt
94,95,انتوا مش متخيلين انا بكره الكليه ازاى . . . انا بمشى استخبى من الناس اللى مبحبهاش و دول كتير,"['انتوا', 'مش', 'متخيلين', 'انا', 'بكره', 'الكليه', 'ازاى', '.', '.', '.', 'انا', 'بمشى', 'استخبى', 'من', 'الناس', 'اللى', 'مبحبهاش', 'و', 'دول', 'كتير']","['PRON', 'PART', 'ADJ+NSUFF', 'PRON', 'NOUN+NSUFF', 'DET+NOUN+NSUFF', 'PART', 'PUNC', 'PUNC', 'PUNC', 'PRON', 'PROG_PART+V', 'V', 'PREP', 'DET+NOUN', 'PART', 'PART+PROG_PART+V+PRON+NEG_PART', 'CONJ', 'PRON', 'ADJ']",Egypt
95,96,لما اجى اغسل سنانى واشم ريحة مجارى ف ام المياة تبقى عيشة تقرف حتى المياة مش عارفين نشربها اييييييييييييييييييييييييييييييييييييية الذل دة,"['لما', 'اجى', 'اغسل', 'سنانى', 'واشم', 'ريحة', 'مجارى', 'ف', 'ام', 'المياة', 'تبقى', 'عيشة', 'تقرف', 'حتى', 'المياة', 'مش', 'عارفين', 'نشربها', 'اييييييييييييييييييييييييييييييييييييية', 'الذل', 'دة']","['PART', 'V', 'V', 'NOUN+PRON', 'CONJ+V', 'NOUN+NSUFF', 'NOUN', 'PREP', 'NOUN', 'DET+NOUN', 'V', 'NOUN+NSUFF', 'V', 'PART', 'DET+NOUN', 'PART', 'ADJ+NSUFF', 'V+PRON', 'PART', 'DET+NOUN', 'PRON']",Egypt
96,97,ببقى محرج من الناس اللى عمرى ماشوفت منهم حاجة وحشة بس فيه حاجز نفسى ناحيتهم لمجرد انهم بيفكرونى بأيام زبالة .,"['ببقى', 'محرج', 'من', 'الناس', 'اللى', 'عمرى', 'ماشوفت', 'منهم', 'حاجة', 'وحشة', 'بس', 'فيه', 'حاجز', 'نفسى', 'ناحيتهم', 'لمجرد', 'انهم', 'بيفكرونى', 'بأيام', 'زبالة', '.']","['PROG_PART+V', 'ADJ', 'PREP', 'DET+NOUN', 'PART', 'NOUN+PRON', 'PART+V+PRON', 'PREP+PRON', 'NOUN+NSUFF', 'ADJ+NSUFF', 'PART', 'PREP+PRON', 'NOUN', 'ADJ', 'NOUN+NSUFF+PRON', 'PREP+NOUN', 'PART+PRON', 'PROG_PART+V+PRON+PRON', 'PREP+NOUN', 'NOUN+NSUFF', 'PUNC']",Egypt
97,98,معنديش صحاب في الحقيقة اخرج معاهم والكلام ده عشان كل اللي اعرفهم في الحقيقة بيكرهوا بعض وبيمثلوا انهم بيحبوا بعض . .,"['معنديش', 'صحاب', 'في', 'الحقيقة', 'اخرج', 'معاهم', 'والكلام', 'ده', 'عشان', 'كل', 'اللي', 'اعرفهم', 'في', 'الحقيقة', 'بيكرهوا', 'بعض', 'وبيمثلوا', 'انهم', 'بيحبوا', 'بعض', '.', '.']","['PART+NOUN+PRON+NEG_PART', 'NOUN', 'PREP', 'DET+NOUN+NSUFF', 'V', 'NOUN+PRON', 'CONJ+DET+NOUN', 'PRON', 'PART', 'NOUN', 'PART', 'V+PRON', 'PREP', 'DET+NOUN+NSUFF', 'PROG_PART+V+PRON', 'NOUN', 'CONJ+PROG_PART+V+PRON', 'PART+PRON', 'PROG_PART+V+PRON', 'NOUN', 'PUNC', 'PUNC']",Egypt
98,99,البنت اللى بتسكت كتير بتعيط كتير ! وربنا يكفيك شر البنت لما تكون مبسوطه هتصدعك من كتر الكلام !,"['البنت', 'اللى', 'بتسكت', 'كتير', 'بتعيط', 'كتير', '!', 'وربنا', 'يكفيك', 'شر', 'البنت', 'لما', 'تكون', 'مبسوطه', 'هتصدعك', 'من', 'كتر', 'الكلام', '!']","['DET+NOUN', 'PART', 'PROG_PART+V', 'ADJ', 'PROG_PART+V', 'ADJ', 'PUNC', 'CONJ+NOUN+PRON', 'V+PRON', 'NOUN', 'DET+NOUN', 'PART', 'V', 'ADJ+NSUFF', 'FUT_PART+V+PRON', 'PREP', 'NOUN', 'DET+NOUN', 'PUNC']",Egypt
99,100,المصري الوحيد اللى لو حصلتله مصيبه وعرف انها مش عنده لوحده يرتاح يعنى مثلا لو النور قـطع يروح يبص عند جاره لو لقاه قاطع يرتاح,"['المصري', 'الوحيد', 'اللى', 'لو', 'حصلتله', 'مصيبه', 'وعرف', 'انها', 'مش', 'عنده', 'لوحده', 'يرتاح', 'يعنى', 'مثلا', 'لو', 'النور', 'قـطع', 'يروح', 'يبص', 'عند', 'جاره', 'لو', 'لقاه', 'قاطع', 'يرتاح']","['DET+NOUN', 'DET+ADJ', 'PART', 'PART', 'V+PRON+PREP+PRON', 'NOUN+NSUFF', 'CONJ+V', 'PART+PRON', 'PART', 'NOUN+PRON', 'PREP+NOUN+PRON', 'V', 'ADV', 'NOUN+CASE', 'PART', 'DET+NOUN', 'V', 'V', 'V', 'NOUN', 'NOUN+PRON', 'PART', 'V+PRON+PRON', 'ADJ', 'V']",Egypt
100,101,@ehabammar1 @esslamhassan2 هما عاوزين كد ويبقوا ضحايا بس في ستين الف داهيه خونه خدوا كتير من مصر وفي الآخر خربوها,"['@ehabammar1', '@esslamhassan2', 'هما', 'عاوزين', 'كد', 'ويبقوا', 'ضحايا', 'بس', 'في', 'ستين', 'الف', 'داهيه', 'خونه', 'خدوا', 'كتير', 'من', 'مصر', 'وفي', 'الآخر', 'خربوها']","['MENTION', 'MENTION', 'PRON', 'ADJ+NSUFF', 'ADV', 'CONJ+V+PRON', 'NOUN', 'PART', 'PREP', 'NUM+NSUFF', 'NUM', 'NOUN+NSUFF', 'NOUN+NSUFF', 'V+PRON', 'ADJ', 'PREP', 'NOUN', 'CONJ+PREP', 'DET+ADJ', 'V+PRON+PRON']",Egypt
101,102,#البلد دي مشكلتها ان كل واحد شايف نفسة هو بس ال صح #و مبيشوفش غير غلطات الناس #بس ياريت كل واحد يغير من نفسة الاول :),"['#البلد', 'دي', 'مشكلتها', 'ان', 'كل', 'واحد', 'شايف', 'نفسة', 'هو', 'بس', 'ال', 'صح', '#و', 'مبيشوفش', 'غير', 'غلطات', 'الناس', '#بس', 'ياريت', 'كل', 'واحد', 'يغير', 'من', 'نفسة', 'الاول', ':)']","['HASH', 'PRON', 'NOUN+NSUFF+PRON', 'PART', 'NOUN', 'NOUN', 'ADJ', 'NOUN+PRON', 'PRON', 'ADV', 'DET', 'NOUN', 'HASH', 'PART+PROG_PART+V+NEG_PART', 'NOUN', 'NOUN+NSUFF', 'DET+NOUN', 'HASH', 'PART+NOUN', 'NOUN', 'NOUN', 'V', 'PREP', 'NOUN+PRON', 'DET+NUM', 'EMOT']",Egypt
102,103,#في_عالم_موازي اتنين فضلوا يحبوا بعض وعاهدوا بعض انهم يتجوززوا وحصل واتجوزوا وخلفوا عيال مؤدبة خالص .,"['#في_عالم_موازي', 'اتنين', 'فضلوا', 'يحبوا', 'بعض', 'وعاهدوا', 'بعض', 'انهم', 'يتجوززوا', 'وحصل', 'واتجوزوا', 'وخلفوا', 'عيال', 'مؤدبة', 'خالص', '.']","['HASH', 'NUM+NSUFF', 'V+PRON', 'V+PRON', 'NOUN', 'CONJ+V+PRON', 'NOUN', 'PART+PRON', 'V+PRON', 'CONJ+V', 'CONJ+V+PRON', 'CONJ+V+PRON', 'NOUN', 'ADJ+NSUFF', 'ADV', 'PUNC']",Egypt
103,104,الثوار اللي شايفين البرادعي أيقونة وبيدعموا حمدين اللي الأيقونة قال عليه زبال ومتخلف بيعملوا إيه دلوقتي ؟ أكيد بيدخلوا في الحيطان زي الوطواط,"['الثوار', 'اللي', 'شايفين', 'البرادعي', 'أيقونة', 'وبيدعموا', 'حمدين', 'اللي', 'الأيقونة', 'قال', 'عليه', 'زبال', 'ومتخلف', 'بيعملوا', 'إيه', 'دلوقتي', '؟', 'أكيد', 'بيدخلوا', 'في', 'الحيطان', 'زي', 'الوطواط']","['DET+NOUN', 'PART', 'ADJ+PRON', 'DET+NOUN', 'NOUN+NSUFF', 'CONJ+PROG_PART+V+PRON', 'NOUN', 'PART', 'DET+NOUN+NSUFF', 'V', 'PREP+PRON', 'NOUN', 'CONJ+ADJ', 'PROG_PART+V+PRON', 'PART', 'NOUN', 'PUNC', 'ADJ', 'PROG_PART+V+PRON', 'PREP', 'DET+NOUN', 'NOUN', 'DET+NOUN']",Egypt
104,105,ايوة اتغيرت . . فيها اية يعني ! ! ماهو مفيش حاجة بتفضل علي حالها ، ، اشمعنا انا هفضل علي حالي,"['ايوة', 'اتغيرت', '.', '.', 'فيها', 'اية', 'يعني', '!', '!', 'ماهو', 'مفيش', 'حاجة', 'بتفضل', 'علي', 'حالها', '،', '،', 'اشمعنا', 'انا', 'هفضل', 'علي', 'حالي']","['PART+NSUFF', 'V+PRON', 'PUNC', 'PUNC', 'PREP+PRON', 'PART', 'ADV', 'PUNC', 'PUNC', 'PART+PRON', 'PART+PREP+NEG_PART', 'NOUN+NSUFF', 'PROG_PART+V', 'PREP', 'NOUN+PRON', 'PUNC', 'PUNC', 'PART', 'PRON', 'FUT_PART+V', 'PREP', 'NOUN+PRON']",Egypt
105,106,يعني اللي قعدوا سارقين البلد 30 سنة و قتلوا المتظاهرين بيأخدوا براءات و الشريف يأخد اعدام لمجرد انة نزل فى مظاهرات http://t.co/0pKKpC92Ap,"['يعني', 'اللي', 'قعدوا', 'سارقين', 'البلد', '30', 'سنة', 'و', 'قتلوا', 'المتظاهرين', 'بيأخدوا', 'براءات', 'و', 'الشريف', 'يأخد', 'اعدام', 'لمجرد', 'انة', 'نزل', 'فى', 'مظاهرات', 'http://t.co/0pKKpC92Ap']","['ADV', 'PART', 'V+PRON', 'ADJ+NSUFF', 'DET+NOUN', 'NUM', 'NOUN+NSUFF', 'CONJ', 'V+PRON', 'DET+NOUN+NSUFF', 'PROG_PART+V+PRON', 'NOUN+NSUFF', 'CONJ', 'DET+ADJ', 'V', 'NOUN', 'PREP+NOUN', 'PART+PRON', 'V', 'PREP', 'NOUN+NSUFF', 'URL']",Egypt
106,107,لو عايز تنام ومش عارف ، قوم ذاكر وإن شاء الله ربنا هيوفقك ، وتنام D:,"['لو', 'عايز', 'تنام', 'ومش', 'عارف', '،', 'قوم', 'ذاكر', 'وإن', 'شاء', 'الله', 'ربنا', 'هيوفقك', '،', 'وتنام', 'D:']","['PART', 'ADJ', 'V', 'CONJ+PART', 'ADJ', 'PUNC', 'V', 'V', 'CONJ+PART', 'V', 'NOUN', 'NOUN+PRON', 'FUT_PART+V+PRON', 'PUNC', 'CONJ+V', 'EMOT']",Egypt
107,108,انت الواحيد اللى عارف امتى تقف وامتى تكمل متخليش حد يحبطك انت مفتاح نجاحك :),"['انت', 'الواحيد', 'اللى', 'عارف', 'امتى', 'تقف', 'وامتى', 'تكمل', 'متخليش', 'حد', 'يحبطك', 'انت', 'مفتاح', 'نجاحك', ':)']","['PRON', 'DET+ADJ', 'PART', 'ADJ', 'PART', 'V', 'CONJ+PART', 'V', 'PART+V+PRON+NEG_PART', 'NOUN', 'V+PRON', 'PRON', 'NOUN', 'NOUN+PRON', 'EMOT']",Egypt
108,109,لا انا مش مضايق انا كويس اهو ومش مخنوق كمان انا زي الفل ومن جوايا بقول ل لساني خف كدب,"['لا', 'انا', 'مش', 'مضايق', 'انا', 'كويس', 'اهو', 'ومش', 'مخنوق', 'كمان', 'انا', 'زي', 'الفل', 'ومن', 'جوايا', 'بقول', 'ل', 'لساني', 'خف', 'كدب']","['PART', 'PRON', 'PART', 'ADJ', 'PRON', 'ADJ', 'PART', 'CONJ+PART', 'ADJ', 'ADV', 'PRON', 'NOUN', 'DET+NOUN', 'CONJ+PREP', 'NOUN+PRON', 'PROG_PART+V', 'PREP', 'NOUN+PRON', 'V', 'NOUN']",Egypt
109,110,@CAP_SHADY دي حقيقه للاسف الواحد بقي بيقول الفاظ ملهاش اي علاقه بتربيته ابويا لو عرف هيدبحني شقا عمره منهم لله الباردين,"['@CAP_SHADY', 'دي', 'حقيقه', 'للاسف', 'الواحد', 'بقي', 'بيقول', 'الفاظ', 'ملهاش', 'اي', 'علاقه', 'بتربيته', 'ابويا', 'لو', 'عرف', 'هيدبحني', 'شقا', 'عمره', 'منهم', 'لله', 'الباردين']","['MENTION', 'PRON', 'NOUN+NSUFF', 'PREP+DET+NOUN', 'DET+NOUN', 'V', 'PROG_PART+V', 'NOUN', 'PART+PREP+PRON+NEG_PART', 'NOUN', 'NOUN+NSUFF', 'PREP+NOUN+NSUFF+PRON', 'NOUN+CASE+PRON', 'PART', 'V', 'FUT_PART+V+PRON', 'NOUN', 'NOUN+PRON', 'PREP+PRON', 'PREP+NOUN', 'DET+ADJ+NSUFF']",Egypt
110,111,لما بتحس ان في حد مركز معاك و باصص عليك غبائك و هبلك بيزيدوا بغباء بقى !,"['لما', 'بتحس', 'ان', 'في', 'حد', 'مركز', 'معاك', 'و', 'باصص', 'عليك', 'غبائك', 'و', 'هبلك', 'بيزيدوا', 'بغباء', 'بقى', '!']","['PART', 'PROG_PART+V', 'PART', 'PREP', 'NOUN', 'ADJ', 'NOUN+PRON', 'CONJ', 'ADJ', 'PREP+PRON', 'NOUN+PRON', 'CONJ', 'NOUN+PRON', 'PROG_PART+V+PRON', 'PREP+NOUN', 'ADV', 'PUNC']",Egypt
111,112,لو متهمنيش . . كان من بدري اسيبك واعيش . . ولا كنت ارجع اقول حبيبي . . مين هيبقى عليك كده ؟ ؟ :),"['لو', 'متهمنيش', '.', '.', 'كان', 'من', 'بدري', 'اسيبك', 'واعيش', '.', '.', 'ولا', 'كنت', 'ارجع', 'اقول', 'حبيبي', '.', '.', 'مين', 'هيبقى', 'عليك', 'كده', '؟', '؟', ':)']","['PART', 'PART+V+PRON+NEG_PART', 'PUNC', 'PUNC', 'V', 'PREP', 'ADJ', 'V+PRON', 'CONJ+V', 'PUNC', 'PUNC', 'CONJ+PART', 'V+PRON', 'V', 'V', 'NOUN+PRON', 'PUNC', 'PUNC', 'PART', 'FUT_PART+V', 'PREP+PRON', 'ADV', 'PUNC', 'PUNC', 'EMOT']",Egypt
112,113,خليك #متفائل لدرجة أن لو حصلت لك مشكلة مااتضاايقش على أاد ماا المفروض تفرح علشاان هتقربك أكتر من #ربناا . . .,"['خليك', '#متفائل', 'لدرجة', 'أن', 'لو', 'حصلت', 'لك', 'مشكلة', 'مااتضاايقش', 'على', 'أاد', 'ماا', 'المفروض', 'تفرح', 'علشاان', 'هتقربك', 'أكتر', 'من', '#ربناا', '.', '.', '.']","['V+PRON+PRON', 'HASH', 'PREP+NOUN+NSUFF', 'PART', 'PART', 'V+PRON', 'PREP+PRON', 'NOUN+NSUFF', 'PART+V+NEG_PART', 'PREP', 'NOUN', 'PART', 'DET+ADJ', 'V', 'PART', 'FUT_PART+V+PRON', 'ADJ', 'PREP', 'HASH', 'PUNC', 'PUNC', 'PUNC']",Egypt
113,114,روح هاتلك شيكولاته بتحبها . . انزل اقابل اصحابك . . اقفل النور وشغل فيلم بتحبه . . شغل اغاني دوشة وارقص عليها . . برضه الاكتئاب مش حيروح يا اهبل :D,"['روح', 'هاتلك', 'شيكولاته', 'بتحبها', '.', '.', 'انزل', 'اقابل', 'اصحابك', '.', '.', 'اقفل', 'النور', 'وشغل', 'فيلم', 'بتحبه', '.', '.', 'شغل', 'اغاني', 'دوشة', 'وارقص', 'عليها', '.', '.', 'برضه', 'الاكتئاب', 'مش', 'حيروح', 'يا', 'اهبل', ':D']","['V', 'V+PREP+PRON', 'NOUN+NSUFF', 'PROG_PART+V+PRON', 'PUNC', 'PUNC', 'V', 'V', 'NOUN+PRON', 'PUNC', 'PUNC', 'V', 'DET+NOUN', 'CONJ+V', 'NOUN', 'PROG_PART+V+PRON', 'PUNC', 'PUNC', 'V', 'NOUN', 'NOUN+NSUFF', 'CONJ+V', 'PREP+PRON', 'PUNC', 'PUNC', 'ADV', 'DET+NOUN', 'PART', 'FUT_PART+V', 'PART', 'ADJ', 'EMOT']",Egypt
114,115,ربنا يكفيكوا شر بيت كل اودة فيه قاعد فيها حد وانت مش لاقي مكان تعيط فيه -.-,"['ربنا', 'يكفيكوا', 'شر', 'بيت', 'كل', 'اودة', 'فيه', 'قاعد', 'فيها', 'حد', 'وانت', 'مش', 'لاقي', 'مكان', 'تعيط', 'فيه', '-.-']","['NOUN+PRON', 'V+PRON', 'NOUN', 'NOUN', 'NOUN', 'NOUN+NSUFF', 'PREP+PRON', 'ADJ', 'PREP+PRON', 'NOUN', 'CONJ+PRON', 'PART', 'ADJ', 'NOUN', 'V', 'PREP+PRON', 'EMOT']",Egypt
115,116,اوقات بشوف حاجات غريبه بخاف اقول انها غريبه احسن الناس تقول عليا غريب و ده بقى الغريب فى الموضوع ! !,"['اوقات', 'بشوف', 'حاجات', 'غريبه', 'بخاف', 'اقول', 'انها', 'غريبه', 'احسن', 'الناس', 'تقول', 'عليا', 'غريب', 'و', 'ده', 'بقى', 'الغريب', 'فى', 'الموضوع', '!', '!']","['NOUN', 'PROG_PART+V', 'NOUN+NSUFF', 'ADJ+NSUFF', 'PROG_PART+V', 'V', 'PART+PRON', 'ADJ+NSUFF', 'ADJ', 'DET+NOUN', 'V', 'PREP+PRON', 'ADJ', 'CONJ', 'PRON', 'ADV', 'DET+ADJ', 'PREP', 'DET+NOUN', 'PUNC', 'PUNC']",Egypt
116,117,ما تسجنش نفسك جو حوار معين خليك عارف تتكلم فى اى حاجه دى الحياة والله بس عشها صح هتحبها وحتبك,"['ما', 'تسجنش', 'نفسك', 'جو', 'حوار', 'معين', 'خليك', 'عارف', 'تتكلم', 'فى', 'اى', 'حاجه', 'دى', 'الحياة', 'والله', 'بس', 'عشها', 'صح', 'هتحبها', 'وحتبك']","['PART', 'V+NEG_PART', 'NOUN+PRON', 'NOUN', 'NOUN', 'ADJ', 'V+PRON+PRON', 'ADJ', 'V', 'PREP', 'NOUN', 'NOUN+NSUFF', 'PRON', 'DET+NOUN+NSUFF', 'CONJ+NOUN', 'PART', 'V+PRON', 'NOUN', 'FUT_PART+V+PRON', 'CONJ+FUT_PART+V+PRON']",Egypt
117,118,"بلاش تحكم علي حد من المظهر أو من بره بس , هو ممكن يبان أدامك أنه أسعد واحد في الدنيا بس هو من جواه ميت , , :) !","['بلاش', 'تحكم', 'علي', 'حد', 'من', 'المظهر', 'أو', 'من', 'بره', 'بس', ',', 'هو', 'ممكن', 'يبان', 'أدامك', 'أنه', 'أسعد', 'واحد', 'في', 'الدنيا', 'بس', 'هو', 'من', 'جواه', 'ميت', ',', ',', ':)', '!']","['PART', 'V', 'PREP', 'NOUN', 'PREP', 'DET+NOUN', 'CONJ', 'PREP', 'NOUN+NSUFF', 'ADV', 'PUNC', 'PRON', 'ADJ', 'V', 'NOUN+PRON', 'PART+PRON', 'ADJ', 'NOUN', 'PREP', 'DET+NOUN', 'PART', 'PRON', 'PREP', 'NOUN+NSUFF+PRON', 'ADJ', 'PUNC', 'PUNC', 'EMOT', 'PUNC']",Egypt
118,119,هو انت ي بني مش بتنام غير فى محاضراتى ؟ ؟ ما حضرتك دايما بتوفر الجو المناسب للنوم بصراحه ! #يا_دكتور,"['هو', 'انت', 'ي', 'بني', 'مش', 'بتنام', 'غير', 'فى', 'محاضراتى', '؟', '؟', 'ما', 'حضرتك', 'دايما', 'بتوفر', 'الجو', 'المناسب', 'للنوم', 'بصراحه', '!', '#يا_دكتور']","['PRON', 'PRON', 'PART', 'NOUN+PRON', 'PART', 'PROG_PART+V', 'NOUN', 'PREP', 'NOUN+NSUFF+PRON', 'PUNC', 'PUNC', 'PART', 'NOUN+NSUFF+PRON', 'ADJ+CASE', 'PROG_PART+V', 'DET+NOUN', 'DET+ADJ', 'PREP+DET+NOUN', 'PREP+NOUN+NSUFF', 'PUNC', 'HASH']",Egypt
119,120,الو ماكدونلز ؟ ايوة يا فندم طاب معاك ماما اهو قولها بالظبط بتعملو البطاطس بتاعتكو ازاى خدي يا ماما كلمي,"['الو', 'ماكدونلز', '؟', 'ايوة', 'يا', 'فندم', 'طاب', 'معاك', 'ماما', 'اهو', 'قولها', 'بالظبط', 'بتعملو', 'البطاطس', 'بتاعتكو', 'ازاى', 'خدي', 'يا', 'ماما', 'كلمي']","['NOUN', 'NOUN', 'PUNC', 'PART+NSUFF', 'PART', 'NOUN', 'ADJ', 'NOUN+PRON', 'NOUN', 'PART', 'V+PREP+PRON', 'PREP+DET+NOUN', 'PROG_PART+V+PRON', 'DET+NOUN', 'NOUN+NSUFF+PRON', 'PART', 'V+PRON', 'PART', 'NOUN', 'V+PRON']",Egypt
120,121,انا لما حد يسألني برجك ايه بتكسف اقوله العذاراء بصراحة احا اصلا مين اللي سمي الابراج دي,"['انا', 'لما', 'حد', 'يسألني', 'برجك', 'ايه', 'بتكسف', 'اقوله', 'العذاراء', 'بصراحة', 'احا', 'اصلا', 'مين', 'اللي', 'سمي', 'الابراج', 'دي']","['PRON', 'PART', 'NOUN', 'V+PRON', 'NOUN+PRON', 'PART', 'PROG_PART+V', 'V+PREP+PRON', 'DET+NOUN', 'PREP+NOUN+NSUFF', 'NOUN', 'NOUN+CASE', 'PART', 'PART', 'V', 'DET+NOUN', 'PRON']",Egypt
121,122,و انت ماشي مع حد و بتدور علي حد تاني في وشوش الناس . . اعرف انك مش بتحتجله . . و مش ده اللي انت عاوزوه . .,"['و', 'انت', 'ماشي', 'مع', 'حد', 'و', 'بتدور', 'علي', 'حد', 'تاني', 'في', 'وشوش', 'الناس', '.', '.', 'اعرف', 'انك', 'مش', 'بتحتجله', '.', '.', 'و', 'مش', 'ده', 'اللي', 'انت', 'عاوزوه', '.', '.']","['CONJ', 'PRON', 'ADJ', 'NOUN', 'NOUN', 'CONJ', 'PROG_PART+V', 'PREP', 'NOUN', 'ADJ', 'PREP', 'NOUN', 'DET+NOUN', 'PUNC', 'PUNC', 'V', 'PART+PRON', 'PART', 'PROG_PART+V+PREP+PRON', 'PUNC', 'PUNC', 'CONJ', 'PART', 'PRON', 'PART', 'PRON', 'ADJ+PRON', 'PUNC', 'PUNC']",Egypt
122,123,وفضلوا يتريأوا عليهم وانتوا جايين تعملوا ايه دا انتوا مهما عملتوا ماحدش هيسمع والشيوخ فضلوا يكلموهم عن الحرام والحلال لحد ما الشباب هديوا - 3,"['وفضلوا', 'يتريأوا', 'عليهم', 'وانتوا', 'جايين', 'تعملوا', 'ايه', 'دا', 'انتوا', 'مهما', 'عملتوا', 'ماحدش', 'هيسمع', 'والشيوخ', 'فضلوا', 'يكلموهم', 'عن', 'الحرام', 'والحلال', 'لحد', 'ما', 'الشباب', 'هديوا', '-', '3']","['CONJ+V+PRON', 'V+PRON', 'PREP+PRON', 'CONJ+PRON', 'ADJ+NSUFF', 'V+PRON', 'PART', 'PRON', 'PRON', 'PART', 'V+PRON', 'PART+NOUN+NEG_PART', 'FUT_PART+V', 'CONJ+DET+NOUN', 'V+PRON', 'V+PRON+PRON', 'PREP', 'DET+NOUN', 'CONJ+DET+NOUN', 'PREP+NOUN', 'PART', 'DET+NOUN', 'V+PRON', 'PUNC', 'NUM']",Egypt
123,124,انا غلطانه اني سمعت كلام ماما نجوي لما قالت سامح ياسامح سامح خليك مسامح سامح كان لازم ياخدوا بالجزمه احنا جيل اتربي غلط,"['انا', 'غلطانه', 'اني', 'سمعت', 'كلام', 'ماما', 'نجوي', 'لما', 'قالت', 'سامح', 'ياسامح', 'سامح', 'خليك', 'مسامح', 'سامح', 'كان', 'لازم', 'ياخدوا', 'بالجزمه', 'احنا', 'جيل', 'اتربي', 'غلط']","['PRON', 'ADJ+NSUFF', 'PART+PRON', 'V+PRON', 'NOUN', 'NOUN', 'NOUN', 'PART', 'V+PRON', 'V', 'PART+NOUN', 'V', 'V+PRON+PRON', 'ADJ', 'V', 'V', 'ADJ', 'V+PRON', 'PREP+DET+NOUN+NSUFF', 'PRON', 'NOUN', 'V', 'NOUN']",Egypt
124,125,نفسى امى تقتنع انى لما هطلع العصير لصحابى من غير صينية هيشربوة عادى دول مبيقولوش لأ :D,"['نفسى', 'امى', 'تقتنع', 'انى', 'لما', 'هطلع', 'العصير', 'لصحابى', 'من', 'غير', 'صينية', 'هيشربوة', 'عادى', 'دول', 'مبيقولوش', 'لأ', ':D']","['NOUN+PRON', 'NOUN+NSUFF', 'V', 'PART+PRON', 'PART', 'FUT_PART+V', 'DET+NOUN', 'PREP+NOUN+PRON', 'PREP', 'NOUN', 'NOUN+NSUFF', 'FUT_PART+V+PRON+PRON', 'ADJ', 'PRON', 'PART+PROG_PART+V+PRON+NEG_PART', 'PART', 'EMOT']",Egypt
125,126,"@ibrahem_mhlb @Nsaaemm حزب النور شعارهم "" شغال فى اى مجال ، نساند اى حد ونبوس ايده ما دامت القوة معه "" من الآخر يخافوا مايختشوش","['@ibrahem_mhlb', '@Nsaaemm', 'حزب', 'النور', 'شعارهم', '""', 'شغال', 'فى', 'اى', 'مجال', '،', 'نساند', 'اى', 'حد', 'ونبوس', 'ايده', 'ما', 'دامت', 'القوة', 'معه', '""', 'من', 'الآخر', 'يخافوا', 'مايختشوش']","['MENTION', 'MENTION', 'NOUN', 'DET+NOUN', 'NOUN+PRON', 'PUNC', 'ADJ', 'PREP', 'NOUN', 'NOUN', 'PUNC', 'V', 'NOUN', 'NOUN', 'CONJ+V', 'NOUN+PRON', 'PART', 'V+PRON', 'DET+NOUN+NSUFF', 'NOUN+PRON', 'PUNC', 'PREP', 'DET+ADJ', 'V+PRON', 'PART+V+PRON+NEG_PART']",Egypt
126,127,شايف الواد اللي هناك ده بس متبصلوش ؟ ؟ بقولك متبصلوش ؟ ! ! بصتلو بردو ! !,"['شايف', 'الواد', 'اللي', 'هناك', 'ده', 'بس', 'متبصلوش', '؟', '؟', 'بقولك', 'متبصلوش', '؟', '!', '!', 'بصتلو', 'بردو', '!', '!']","['ADJ', 'DET+NOUN', 'PART', 'ADV', 'PRON', 'PART', 'PART+V+PREP+PRON+NEG_PART', 'PUNC', 'PUNC', 'PROG_PART+V+PREP+PRON', 'PART+V+PREP+PRON+NEG_PART', 'PUNC', 'PUNC', 'PUNC', 'V+PRON+PREP+PRON', 'ADV', 'PUNC', 'PUNC']",Egypt
127,128,ايوه انا اللى بيتغير المود بتاعه على حسب الاغنيه اللى بيسمعها . . حلوه افرح . . وحشه ازعل تحس انى زايط فى الزيطه xD,"['ايوه', 'انا', 'اللى', 'بيتغير', 'المود', 'بتاعه', 'على', 'حسب', 'الاغنيه', 'اللى', 'بيسمعها', '.', '.', 'حلوه', 'افرح', '.', '.', 'وحشه', 'ازعل', 'تحس', 'انى', 'زايط', 'فى', 'الزيطه', 'xD']","['PART+NSUFF', 'PRON', 'PART', 'PROG_PART+V', 'DET+NOUN', 'NOUN+PRON', 'PREP', 'NOUN', 'DET+NOUN+NSUFF', 'PART', 'PROG_PART+V+PRON', 'PUNC', 'PUNC', 'ADJ+NSUFF', 'V', 'PUNC', 'PUNC', 'ADJ+NSUFF', 'V', 'V', 'PART+PRON', 'ADJ', 'PREP', 'DET+NOUN+NSUFF', 'EMOT']",Egypt
128,129,كل واحد فينا اول ما بتيجى سيرة قلة الاصل ادامه . . بيفتكر اتوماتيك شخص معين #حقيقة . .,"['كل', 'واحد', 'فينا', 'اول', 'ما', 'بتيجى', 'سيرة', 'قلة', 'الاصل', 'ادامه', '.', '.', 'بيفتكر', 'اتوماتيك', 'شخص', 'معين', '#حقيقة', '.', '.']","['NOUN', 'NOUN', 'PREP+PRON', 'NUM', 'PART', 'PROG_PART+V', 'NOUN+NSUFF', 'NOUN+NSUFF', 'DET+NOUN', 'NOUN+PRON', 'PUNC', 'PUNC', 'PROG_PART+V', 'ADJ', 'NOUN', 'ADJ', 'HASH', 'PUNC', 'PUNC']",Egypt
129,130,حتى لو بتعمل كل حاجة غلط ف الدنيا ، بس لسة جواك نقطة ضمير حاول تصحيها عشان لو ماتت اعتبر نفسك مش موجود !,"['حتى', 'لو', 'بتعمل', 'كل', 'حاجة', 'غلط', 'ف', 'الدنيا', '،', 'بس', 'لسة', 'جواك', 'نقطة', 'ضمير', 'حاول', 'تصحيها', 'عشان', 'لو', 'ماتت', 'اعتبر', 'نفسك', 'مش', 'موجود', '!']","['PART', 'PART', 'PROG_PART+V', 'NOUN', 'NOUN+NSUFF', 'NOUN', 'PREP', 'DET+NOUN', 'PUNC', 'PART', 'ADV+NSUFF', 'NOUN+NSUFF+PRON', 'NOUN+NSUFF', 'NOUN', 'V', 'V+PRON+PRON', 'PART', 'PART', 'V+PRON', 'V', 'NOUN+PRON', 'PART', 'ADJ', 'PUNC']",Egypt
130,131,بعد ما قفل مع الشيخ جت عربية نص نقل كبيرة زنقت عليه في العربية بتاعته واتقلبت بيه العربية وهو كان راجع من عمل خير وبيدعوا للهداية 14,"['بعد', 'ما', 'قفل', 'مع', 'الشيخ', 'جت', 'عربية', 'نص', 'نقل', 'كبيرة', 'زنقت', 'عليه', 'في', 'العربية', 'بتاعته', 'واتقلبت', 'بيه', 'العربية', 'وهو', 'كان', 'راجع', 'من', 'عمل', 'خير', 'وبيدعوا', 'للهداية', '14']","['NOUN', 'PART', 'V', 'NOUN', 'DET+NOUN', 'V+PRON', 'NOUN+NSUFF', 'NOUN', 'NOUN', 'ADJ+NSUFF', 'V+PRON', 'PREP+PRON', 'PREP', 'DET+NOUN+NSUFF', 'NOUN+NSUFF+PRON', 'CONJ+V+PRON', 'PREP+PRON', 'DET+NOUN+NSUFF', 'CONJ+PRON', 'V', 'ADJ', 'PREP', 'NOUN', 'NOUN', 'CONJ+PROG_PART+V+PRON', 'PREP+DET+NOUN+NSUFF', 'NUM']",Egypt
131,132,"كلامنا كلة تناقض , محدش فاهمة . . عشان اللي كاتبة نفسة مش فاهمة .","['كلامنا', 'كلة', 'تناقض', ',', 'محدش', 'فاهمة', '.', '.', 'عشان', 'اللي', 'كاتبة', 'نفسة', 'مش', 'فاهمة', '.']","['NOUN+PRON', 'NOUN+PRON', 'NOUN', 'PUNC', 'PART+NOUN+NEG_PART', 'ADJ+PRON', 'PUNC', 'PUNC', 'PART', 'PART', 'ADJ+PRON', 'NOUN+PRON', 'PART', 'ADJ+PRON', 'PUNC']",Egypt
132,133,الواححد لما بيعوز حاجة بيفضل #يعافر عشان يوصلها ولما بيوصلها #بيتكبر عليها,"['الواححد', 'لما', 'بيعوز', 'حاجة', 'بيفضل', '#يعافر', 'عشان', 'يوصلها', 'ولما', 'بيوصلها', '#بيتكبر', 'عليها']","['DET+NOUN', 'PART', 'PROG_PART+V', 'NOUN+NSUFF', 'PROG_PART+V', 'HASH', 'PART', 'V+PREP+PRON', 'CONJ+PART', 'PROG_PART+V+PREP+PRON', 'HASH', 'PREP+PRON']",Egypt
133,134,@mar3e مكانش يوصل ابدا لمنصب حساس زي رئيس وكالة الطاقة الذرية . . بالشوكة والسكينة بدل المطوه والسنجه بس,"['@mar3e', 'مكانش', 'يوصل', 'ابدا', 'لمنصب', 'حساس', 'زي', 'رئيس', 'وكالة', 'الطاقة', 'الذرية', '.', '.', 'بالشوكة', 'والسكينة', 'بدل', 'المطوه', 'والسنجه', 'بس']","['MENTION', 'PART+V+NEG_PART', 'V', 'NOUN+CASE', 'PREP+NOUN', 'ADJ', 'NOUN', 'NOUN', 'NOUN+NSUFF', 'DET+NOUN+NSUFF', 'DET+ADJ+NSUFF', 'PUNC', 'PUNC', 'PREP+DET+NOUN+NSUFF', 'CONJ+DET+NOUN+NSUFF', 'NOUN', 'DET+NOUN+NSUFF', 'CONJ+DET+NOUN+NSUFF', 'ADV']",Libya
134,135,أنتوا كلكوا عاملين نفسكوا مبسوطين ، ، و محدش فيكوا أصلا مبسوط,"['أنتوا', 'كلكوا', 'عاملين', 'نفسكوا', 'مبسوطين', '،', '،', 'و', 'محدش', 'فيكوا', 'أصلا', 'مبسوط']","['PRON', 'NOUN+PRON', 'ADJ+NSUFF', 'NOUN+PRON', 'ADJ+NSUFF', 'PUNC', 'PUNC', 'CONJ', 'PART+NOUN+NEG_PART', 'PREP+PRON', 'NOUN+CASE', 'ADJ']",Egypt
135,136,ربنا مش هيخليك ترفع ايديك بـ دعوه معينه نفسك تحققها و هو مش عايز يستجيبلك ، هو الـ سخر الدعاء على لسانك ، علشان هو عايزك تدعي و تلح,"['ربنا', 'مش', 'هيخليك', 'ترفع', 'ايديك', 'بـ', 'دعوه', 'معينه', 'نفسك', 'تحققها', 'و', 'هو', 'مش', 'عايز', 'يستجيبلك', '،', 'هو', 'الـ', 'سخر', 'الدعاء', 'على', 'لسانك', '،', 'علشان', 'هو', 'عايزك', 'تدعي', 'و', 'تلح']","['NOUN+PRON', 'PART', 'FUT_PART+V+PRON+PRON', 'V', 'NOUN+NSUFF+PRON', 'PREP', 'NOUN+NSUFF', 'ADJ+NSUFF', 'NOUN+PRON', 'V+PRON', 'CONJ', 'PRON', 'PART', 'ADJ', 'V+PREP+PRON', 'PUNC', 'PRON', 'PART', 'V', 'DET+NOUN', 'PREP', 'NOUN+PRON', 'PUNC', 'PART', 'PRON', 'ADJ+PRON', 'V', 'CONJ', 'V']",Egypt
136,137,يبصلها ويضحك وهى صدقت حُبه ليها ، لكن فى الحقيقة كان بيضحك شايف حبيبته القديمة فيها,"['يبصلها', 'ويضحك', 'وهى', 'صدقت', 'حُبه', 'ليها', '،', 'لكن', 'فى', 'الحقيقة', 'كان', 'بيضحك', 'شايف', 'حبيبته', 'القديمة', 'فيها']","['V+PREP+PRON', 'CONJ+V', 'CONJ+PRON', 'V+PRON', 'NOUN+PRON', 'PREP+PRON', 'PUNC', 'CONJ', 'PREP', 'DET+NOUN+NSUFF', 'V', 'PROG_PART+V', 'ADJ', 'NOUN+NSUFF+PRON', 'DET+ADJ+NSUFF', 'PREP+PRON']",Egypt
137,138,مفيش ناس بتنام ع الرصيف وﻻ ناس بتاكل من الزبالة ! ! #في_عالم_موازي,"['مفيش', 'ناس', 'بتنام', 'ع', 'الرصيف', 'وﻻ', 'ناس', 'بتاكل', 'من', 'الزبالة', '!', '!', '#في_عالم_موازي']","['PART+PREP+NEG_PART', 'NOUN', 'PROG_PART+V', 'PREP', 'DET+NOUN', 'CONJ+PART', 'NOUN', 'PROG_PART+V', 'PREP', 'DET+NOUN+NSUFF', 'PUNC', 'PUNC', 'HASH']",Egypt
138,139,ممكن تقول كلام هزار بطريقه اللي قدامك ياخده بجديه وممكن تقول كلام جد بطريقه اللي قدامك يتقبله كأنه هزار ، المشكله في الطريقه مش فالكلام,"['ممكن', 'تقول', 'كلام', 'هزار', 'بطريقه', 'اللي', 'قدامك', 'ياخده', 'بجديه', 'وممكن', 'تقول', 'كلام', 'جد', 'بطريقه', 'اللي', 'قدامك', 'يتقبله', 'كأنه', 'هزار', '،', 'المشكله', 'في', 'الطريقه', 'مش', 'فالكلام']","['ADJ', 'V', 'NOUN', 'NOUN', 'PREP+NOUN+NSUFF', 'PART', 'NOUN+PRON', 'V+PRON', 'PREP+NOUN+NSUFF', 'CONJ+ADJ', 'V', 'NOUN', 'NOUN', 'PREP+NOUN+NSUFF', 'PART', 'NOUN+PRON', 'V+PRON', 'PART+PRON', 'NOUN', 'PUNC', 'DET+NOUN+NSUFF', 'PREP', 'DET+NOUN+NSUFF', 'PART', 'PREP+DET+NOUN']",Egypt
139,140,#ﺍﻧﺖ_ﻣﺶ_ﺭﻭﺵ لما تشرب سجاير عشان تورى البنات انك راجل,"['#ﺍﻧﺖ_ﻣﺶ_ﺭﻭﺵ', 'لما', 'تشرب', 'سجاير', 'عشان', 'تورى', 'البنات', 'انك', 'راجل']","['HASH', 'PART', 'V', 'NOUN', 'PART', 'V', 'DET+NOUN', 'PART+PRON', 'NOUN']",Saudi Arabia
140,141,مفيش حاجه اسمها صحاب ، هما بيبقوا شويه ناس حوليك و بيروحوا و يجي غيرهم كل فتره,"['مفيش', 'حاجه', 'اسمها', 'صحاب', '،', 'هما', 'بيبقوا', 'شويه', 'ناس', 'حوليك', 'و', 'بيروحوا', 'و', 'يجي', 'غيرهم', 'كل', 'فتره']","['PART+PREP+NEG_PART', 'NOUN+NSUFF', 'NOUN+PRON', 'NOUN', 'PUNC', 'PRON', 'PROG_PART+V+PRON', 'NOUN+NSUFF', 'NOUN', 'NOUN+PRON', 'CONJ', 'PROG_PART+V+PRON', 'CONJ', 'V', 'NOUN+PRON', 'NOUN', 'NOUN+NSUFF']",Egypt
141,142,"انا والدنيا تقريباً كده كنا ف علاقة حب وفشلت , ودلوقتي رافعة عليا قضية خلع","['انا', 'والدنيا', 'تقريباً', 'كده', 'كنا', 'ف', 'علاقة', 'حب', 'وفشلت', ',', 'ودلوقتي', 'رافعة', 'عليا', 'قضية', 'خلع']","['PRON', 'CONJ+DET+NOUN', 'NOUN+CASE', 'ADV', 'V+PRON', 'PREP', 'NOUN+NSUFF', 'NOUN', 'CONJ+V+PRON', 'PUNC', 'CONJ+NOUN', 'ADJ+NSUFF', 'PREP+PRON', 'NOUN+NSUFF', 'NOUN']",Egypt
142,143,حماس ايه اللي تدخل مصر حد يسيب فلسطين و يجي مصر جتكم القرف ده انتوا خليتوا مصر بلاعة كبيرة لا تطاق,"['حماس', 'ايه', 'اللي', 'تدخل', 'مصر', 'حد', 'يسيب', 'فلسطين', 'و', 'يجي', 'مصر', 'جتكم', 'القرف', 'ده', 'انتوا', 'خليتوا', 'مصر', 'بلاعة', 'كبيرة', 'لا', 'تطاق']","['NOUN', 'PART', 'PART', 'V', 'NOUN', 'NOUN', 'V', 'NOUN', 'CONJ', 'V', 'NOUN', 'V+PRON+PRON', 'DET+NOUN', 'PRON', 'PRON', 'V+PRON+PRON', 'NOUN', 'NOUN+NSUFF', 'ADJ+NSUFF', 'PART', 'V']",Egypt
143,144,عارف انت احساس ان حد يوحشك و ماينفعش تشوفو ؟ وحش . متجربوش,"['عارف', 'انت', 'احساس', 'ان', 'حد', 'يوحشك', 'و', 'ماينفعش', 'تشوفو', '؟', 'وحش', '.', 'متجربوش']","['ADJ', 'PRON', 'NOUN', 'PART', 'NOUN', 'V+PRON', 'CONJ', 'PART+V+NEG_PART', 'V+PRON', 'PUNC', 'ADJ', 'PUNC', 'PART+V+PRON+NEG_PART']",Egypt
144,145,"المرض اللي مسيطر ع الناس اليومين دول , ان مفيش حد عاجبه حاله ولا عاجبها حاجة ولا عاجبه اي حد . . .","['المرض', 'اللي', 'مسيطر', 'ع', 'الناس', 'اليومين', 'دول', ',', 'ان', 'مفيش', 'حد', 'عاجبه', 'حاله', 'ولا', 'عاجبها', 'حاجة', 'ولا', 'عاجبه', 'اي', 'حد', '.', '.', '.']","['DET+NOUN', 'PART', 'ADJ', 'PREP', 'DET+NOUN', 'DET+NOUN+NSUFF', 'PRON', 'PUNC', 'PART', 'PART+PREP+NEG_PART', 'NOUN', 'ADJ+PRON', 'NOUN+PRON', 'CONJ+PART', 'ADJ+PRON', 'NOUN+NSUFF', 'CONJ+PART', 'ADJ+PRON', 'NOUN', 'NOUN', 'PUNC', 'PUNC', 'PUNC']",Egypt
145,146,انا شايف نفسى مبقتش اكتب كويس لو كنت عامل فولو لنفسى كنت هعمل ان فولو كل الكلام بقى جوه ولا بيخرج فى كتابه ولا حتى فى كلام كدا,"['انا', 'شايف', 'نفسى', 'مبقتش', 'اكتب', 'كويس', 'لو', 'كنت', 'عامل', 'فولو', 'لنفسى', 'كنت', 'هعمل', 'ان', 'فولو', 'كل', 'الكلام', 'بقى', 'جوه', 'ولا', 'بيخرج', 'فى', 'كتابه', 'ولا', 'حتى', 'فى', 'كلام', 'كدا']","['PRON', 'ADJ', 'NOUN+PRON', 'PART+V+PRON+NEG_PART', 'V', 'ADJ', 'PART', 'V+PRON', 'ADJ', 'NOUN', 'PREP+NOUN+PRON', 'V+PRON', 'FUT_PART+V', 'PART', 'NOUN', 'NOUN', 'DET+NOUN', 'V', 'NOUN+NSUFF', 'CONJ+PART', 'PROG_PART+V', 'PREP', 'NOUN+NSUFF', 'CONJ+PART', 'PART', 'PREP', 'NOUN', 'ADV']",Egypt
146,147,انتو متعرفوش انتو نور عينننا وﻻ اية ياباشا نور عينك مش ﻻقين ياكلو ومش عارفين يمشو فى الشوارع ومفيش نور ومفيش مياه مفيش حاجة ياباشا,"['انتو', 'متعرفوش', 'انتو', 'نور', 'عينننا', 'وﻻ', 'اية', 'ياباشا', 'نور', 'عينك', 'مش', 'ﻻقين', 'ياكلو', 'ومش', 'عارفين', 'يمشو', 'فى', 'الشوارع', 'ومفيش', 'نور', 'ومفيش', 'مياه', 'مفيش', 'حاجة', 'ياباشا']","['PRON', 'PART+V+PRON+NEG_PART', 'PRON', 'NOUN', 'NOUN+NSUFF+PRON', 'CONJ+PART', 'PART', 'PART+NOUN', 'NOUN', 'NOUN+PRON', 'PART', 'ADJ+NSUFF', 'V+PRON', 'CONJ+PART', 'ADJ+NSUFF', 'V+PRON', 'PREP', 'DET+NOUN', 'CONJ+PART+PREP+NEG_PART', 'NOUN', 'CONJ+PART+PREP+NEG_PART', 'NOUN', 'PART+PREP+NEG_PART', 'NOUN+NSUFF', 'PART+NOUN']",Egypt
147,148,الواحد مش عارف لما اصحابنا يطلعو بالسلامةازاي هقولهم اننا كنا بنروح الجامعة من غيرهم عادي ! ! ! العجز وحش ! ! ! #الحريه_لطلاب_صيدله_المنصوره,"['الواحد', 'مش', 'عارف', 'لما', 'اصحابنا', 'يطلعو', 'بالسلامةازاي', 'هقولهم', 'اننا', 'كنا', 'بنروح', 'الجامعة', 'من', 'غيرهم', 'عادي', '!', '!', '!', 'العجز', 'وحش', '!', '!', '!', '#الحريه_لطلاب_صيدله_المنصوره']","['DET+NOUN', 'PART', 'ADJ', 'PART', 'NOUN+PRON', 'V+PRON', 'PREP+DET+NOUN+NSUFF+PART', 'FUT_PART+V+PREP+PRON', 'PART+PRON', 'V+PRON', 'PROG_PART+V', 'DET+NOUN+NSUFF', 'PREP', 'NOUN+PRON', 'ADJ', 'PUNC', 'PUNC', 'PUNC', 'DET+NOUN', 'ADJ', 'PUNC', 'PUNC', 'PUNC', 'HASH']",Egypt
148,149,هو التسريب بقى عادي كده . . ماحدش اتجرأ ورفع دعوة جنائية على اللي بيسربوا ليه . . هي المخابرات بتستخف دمها . . ولا بتسترزق . . ولا فيه ايه . . ! !,"['هو', 'التسريب', 'بقى', 'عادي', 'كده', '.', '.', 'ماحدش', 'اتجرأ', 'ورفع', 'دعوة', 'جنائية', 'على', 'اللي', 'بيسربوا', 'ليه', '.', '.', 'هي', 'المخابرات', 'بتستخف', 'دمها', '.', '.', 'ولا', 'بتسترزق', '.', '.', 'ولا', 'فيه', 'ايه', '.', '.', '!', '!']","['PRON', 'DET+NOUN', 'V', 'ADJ', 'ADV', 'PUNC', 'PUNC', 'PART+NOUN+NEG_PART', 'V', 'CONJ+V', 'NOUN+NSUFF', 'ADJ+NSUFF', 'PREP', 'PART', 'PROG_PART+V+PRON', 'PART', 'PUNC', 'PUNC', 'PRON', 'DET+NOUN+NSUFF', 'PROG_PART+V', 'NOUN+PRON', 'PUNC', 'PUNC', 'CONJ+PART', 'PROG_PART+V', 'PUNC', 'PUNC', 'CONJ+PART', 'PREP+PRON', 'PART', 'PUNC', 'PUNC', 'PUNC', 'PUNC']",Egypt
149,150,نفسي انزل امشي لوحدى الصبح و اروح اشرب قهوه ف اى حته والهيدفون ف ودنى وبس,"['نفسي', 'انزل', 'امشي', 'لوحدى', 'الصبح', 'و', 'اروح', 'اشرب', 'قهوه', 'ف', 'اى', 'حته', 'والهيدفون', 'ف', 'ودنى', 'وبس']","['NOUN+PRON', 'V', 'V', 'PREP+NOUN+PRON', 'DET+NOUN', 'CONJ', 'V', 'V', 'NOUN+NSUFF', 'PREP', 'NOUN', 'NOUN+NSUFF', 'CONJ+DET+NOUN', 'PREP', 'NOUN+PRON', 'CONJ+ADV']",Egypt
150,151,"الموضوع يابني مش شخصي , أنا مبثقش ف منبه الموبايل بتاعي . . فَ لكَ أن تتخيل بقى","['الموضوع', 'يابني', 'مش', 'شخصي', ',', 'أنا', 'مبثقش', 'ف', 'منبه', 'الموبايل', 'بتاعي', '.', '.', 'فَ', 'لكَ', 'أن', 'تتخيل', 'بقى']","['DET+NOUN', 'PART+NOUN+PRON', 'PART', 'ADJ', 'PUNC', 'PRON', 'PART+PROG_PART+V+NEG_PART', 'PREP', 'NOUN', 'DET+NOUN', 'NOUN+PRON', 'PUNC', 'PUNC', 'CONJ', 'PREP+PRON', 'PART', 'V', 'ADV']",Egypt
151,152,أصلا اللى بيدخلوا حياتنا صدفه هما دول اللى علاقتنا بتستمر بيهم وبيكونوا اجدع من اصحابنا بتوع الطفوله .,"['أصلا', 'اللى', 'بيدخلوا', 'حياتنا', 'صدفه', 'هما', 'دول', 'اللى', 'علاقتنا', 'بتستمر', 'بيهم', 'وبيكونوا', 'اجدع', 'من', 'اصحابنا', 'بتوع', 'الطفوله', '.']","['NOUN+CASE', 'PART', 'PROG_PART+V+PRON', 'NOUN+NSUFF+PRON', 'NOUN+NSUFF', 'PRON', 'PRON', 'PART', 'NOUN+NSUFF+PRON', 'PROG_PART+V', 'PREP+PRON', 'CONJ+PROG_PART+V+PRON', 'ADJ', 'PREP', 'NOUN+PRON', 'NOUN', 'DET+NOUN+NSUFF', 'PUNC']",Egypt
152,153,انت متخيل كم الوضاعة اللي احنا فيها ! ! البنت خايفة تنزل الشارع او تروح في أي حتة عشان فيه كلاب سعرانة بينهشوا فيها ! عليه العوض و منه العوض,"['انت', 'متخيل', 'كم', 'الوضاعة', 'اللي', 'احنا', 'فيها', '!', '!', 'البنت', 'خايفة', 'تنزل', 'الشارع', 'او', 'تروح', 'في', 'أي', 'حتة', 'عشان', 'فيه', 'كلاب', 'سعرانة', 'بينهشوا', 'فيها', '!', 'عليه', 'العوض', 'و', 'منه', 'العوض']","['PRON', 'ADJ', 'NOUN', 'DET+NOUN+NSUFF', 'PART', 'PRON', 'PREP+PRON', 'PUNC', 'PUNC', 'DET+NOUN', 'ADJ+NSUFF', 'V', 'DET+NOUN', 'CONJ', 'V', 'PREP', 'NOUN', 'NOUN+NSUFF', 'PART', 'PREP+PRON', 'NOUN', 'ADJ+NSUFF', 'PROG_PART+V+PRON', 'PREP+PRON', 'PUNC', 'PREP+PRON', 'DET+NOUN', 'CONJ', 'PREP+PRON', 'DET+NOUN']",Egypt
153,154,كل حاجه لو ادناها حقها صح و في الوقت المناسب حياتنا هتتغير كتير للاحسن و الاحلي,"['كل', 'حاجه', 'لو', 'ادناها', 'حقها', 'صح', 'و', 'في', 'الوقت', 'المناسب', 'حياتنا', 'هتتغير', 'كتير', 'للاحسن', 'و', 'الاحلي']","['NOUN', 'NOUN+NSUFF', 'PART', 'V+PRON+PRON', 'NOUN+PRON', 'NOUN', 'CONJ', 'PREP', 'DET+NOUN', 'DET+ADJ', 'NOUN+NSUFF+PRON', 'FUT_PART+V', 'ADJ', 'PREP+DET+ADJ', 'CONJ', 'DET+ADJ']",Egypt
154,155,وهتبقى آخرتكوا وجع و قهر و كل واحد فيكوا فى الآخر يتجوز صالونات » أصلوكوا معملتوش حساب ربنا فى الأول,"['وهتبقى', 'آخرتكوا', 'وجع', 'و', 'قهر', 'و', 'كل', 'واحد', 'فيكوا', 'فى', 'الآخر', 'يتجوز', 'صالونات', '»', 'أصلوكوا', 'معملتوش', 'حساب', 'ربنا', 'فى', 'الأول']","['CONJ+FUT_PART+V', 'NOUN+NSUFF+PRON', 'NOUN', 'CONJ', 'NOUN', 'CONJ', 'NOUN', 'NOUN', 'PREP+PRON', 'PREP', 'DET+ADJ', 'V', 'NOUN+NSUFF', 'PUNC', 'NOUN+PRON', 'PART+V+PRON+NEG_PART', 'NOUN', 'NOUN+PRON', 'PREP', 'DET+NUM']",Egypt
155,156,غالباً حاله من الإكتئاب الشديد هى بتكون رد سؤال . . هو أنا لو جرالى حاجه هفرق مع مين ؟,"['غالباً', 'حاله', 'من', 'الإكتئاب', 'الشديد', 'هى', 'بتكون', 'رد', 'سؤال', '.', '.', 'هو', 'أنا', 'لو', 'جرالى', 'حاجه', 'هفرق', 'مع', 'مين', '؟']","['ADJ+CASE', 'NOUN+NSUFF', 'PREP', 'DET+NOUN', 'DET+ADJ', 'PRON', 'PROG_PART+V', 'NOUN', 'NOUN', 'PUNC', 'PUNC', 'PRON', 'PRON', 'PART', 'V+PREP+PRON', 'NOUN+NSUFF', 'FUT_PART+V', 'NOUN', 'PART', 'PUNC']",Egypt
156,157,@Hazem__Azim ومبررات جاهزه للمتحرش هيقولها طالماال مجتمع بيساعده على خلق المبرر فطبيعي تستمر الظاهره اكتر واكتر,"['@Hazem__Azim', 'ومبررات', 'جاهزه', 'للمتحرش', 'هيقولها', 'طالماال', 'مجتمع', 'بيساعده', 'على', 'خلق', 'المبرر', 'فطبيعي', 'تستمر', 'الظاهره', 'اكتر', 'واكتر']","['MENTION', 'CONJ+NOUN+NSUFF', 'ADJ+NSUFF', 'PREP+DET+NOUN', 'FUT_PART+V+PRON', 'PART+DET', 'NOUN', 'PROG_PART+V+PRON', 'PREP', 'V', 'DET+NOUN', 'CONJ+ADJ', 'V', 'DET+NOUN+NSUFF', 'ADJ', 'CONJ+ADJ']",Egypt
157,158,عاوز اقول للسيسي كلمة واحدة بس : انا رايح الجامعة بكرة اظن الرسالة وصلت :),"['عاوز', 'اقول', 'للسيسي', 'كلمة', 'واحدة', 'بس', ':', 'انا', 'رايح', 'الجامعة', 'بكرة', 'اظن', 'الرسالة', 'وصلت', ':)']","['ADJ', 'V', 'PREP+DET+NOUN', 'NOUN+NSUFF', 'ADJ+NSUFF', 'ADV', 'PUNC', 'PRON', 'ADJ', 'DET+NOUN+NSUFF', 'NOUN+NSUFF', 'V', 'DET+NOUN+NSUFF', 'V+PRON', 'EMOT']",Egypt
158,159,يا شعب نايم ع الرصيف وبالمقشة بتتكنس فيك ناس بتشقي ع الرغيف وناس بتتعب م التنس,"['يا', 'شعب', 'نايم', 'ع', 'الرصيف', 'وبالمقشة', 'بتتكنس', 'فيك', 'ناس', 'بتشقي', 'ع', 'الرغيف', 'وناس', 'بتتعب', 'م', 'التنس']","['PART', 'NOUN', 'ADJ', 'PREP', 'DET+NOUN', 'CONJ+PREP+DET+NOUN+NSUFF', 'PROG_PART+V', 'PREP+PRON', 'NOUN', 'PROG_PART+V', 'PREP', 'DET+NOUN', 'CONJ+NOUN', 'PROG_PART+V', 'PREP', 'DET+NOUN']",Syria
159,160,في مصر فقط : طلاب الثانوية العامة بيذكروا علشان يفرحوا اهاليهم مش علشان نفسهم !,"['في', 'مصر', 'فقط', ':', 'طلاب', 'الثانوية', 'العامة', 'بيذكروا', 'علشان', 'يفرحوا', 'اهاليهم', 'مش', 'علشان', 'نفسهم', '!']","['PREP', 'NOUN', 'ADV', 'PUNC', 'NOUN', 'DET+NOUN+NSUFF', 'DET+ADJ+NSUFF', 'PROG_PART+V+PRON', 'PART', 'V+PRON', 'NOUN+PRON', 'PART', 'PART', 'NOUN+PRON', 'PUNC']",Egypt
160,161,الدنيا مش بتتاخد بالدراع . . والبقاء للي عقله كبير مش عضلاته اكبر,"['الدنيا', 'مش', 'بتتاخد', 'بالدراع', '.', '.', 'والبقاء', 'للي', 'عقله', 'كبير', 'مش', 'عضلاته', 'اكبر']","['DET+NOUN', 'PART', 'PROG_PART+V', 'PREP+DET+NOUN', 'PUNC', 'PUNC', 'CONJ+DET+NOUN', 'PREP+PRON', 'NOUN+PRON', 'ADJ', 'PART', 'NOUN+NSUFF+PRON', 'ADJ']",Egypt
161,162,انا طيبه جداااا وحنينه اه . . اما بتعصب او ابقي زعلانه من حد . . . ربنا يكفيك شري ومايوقعك فيا,"['انا', 'طيبه', 'جداااا', 'وحنينه', 'اه', '.', '.', 'اما', 'بتعصب', 'او', 'ابقي', 'زعلانه', 'من', 'حد', '.', '.', '.', 'ربنا', 'يكفيك', 'شري', 'ومايوقعك', 'فيا']","['PRON', 'ADJ+NSUFF', 'NOUN+CASE', 'CONJ+ADJ+NSUFF', 'PART', 'PUNC', 'PUNC', 'PART', 'PROG_PART+V', 'CONJ', 'V', 'ADJ+NSUFF', 'PREP', 'NOUN', 'PUNC', 'PUNC', 'PUNC', 'NOUN+PRON', 'V+PRON', 'NOUN+PRON', 'CONJ+PART+V+PRON', 'PREP+PRON']",Egypt
162,163,"المشاكل دايما بتبدأ لما تقرب من اي حد زيادة عن اللزوم , العلاقات السطحية قادرة تحمينا من حاجات كتير .","['المشاكل', 'دايما', 'بتبدأ', 'لما', 'تقرب', 'من', 'اي', 'حد', 'زيادة', 'عن', 'اللزوم', ',', 'العلاقات', 'السطحية', 'قادرة', 'تحمينا', 'من', 'حاجات', 'كتير', '.']","['DET+NOUN', 'ADJ+CASE', 'PROG_PART+V', 'PART', 'V', 'PREP', 'NOUN', 'NOUN', 'NOUN+NSUFF', 'PREP', 'DET+NOUN', 'PUNC', 'DET+NOUN+NSUFF', 'DET+ADJ+NSUFF', 'ADJ+NSUFF', 'V+PRON', 'PREP', 'NOUN+NSUFF', 'ADJ', 'PUNC']",Egypt
163,164,السجاير رجعت موضه تاني ؟ مش بتتشرب مزاج يعني ؟,"['السجاير', 'رجعت', 'موضه', 'تاني', '؟', 'مش', 'بتتشرب', 'مزاج', 'يعني', '؟']","['DET+NOUN', 'V+PRON', 'NOUN+NSUFF', 'ADJ', 'PUNC', 'PART', 'PROG_PART+V', 'NOUN', 'ADV', 'PUNC']",Egypt
164,165,علشان انتو طيبين ماحدش أخد باله #خالد_علي بيعمل ايه ، المحامي بيتحايل على قانون الإنتخابات و هايعمل دعاية إنتخابية بحجة تأسيس حزب,"['علشان', 'انتو', 'طيبين', 'ماحدش', 'أخد', 'باله', '#خالد_علي', 'بيعمل', 'ايه', '،', 'المحامي', 'بيتحايل', 'على', 'قانون', 'الإنتخابات', 'و', 'هايعمل', 'دعاية', 'إنتخابية', 'بحجة', 'تأسيس', 'حزب']","['PART', 'PRON', 'ADJ+NSUFF', 'PART+NOUN+NEG_PART', 'V', 'NOUN+PRON', 'HASH', 'PROG_PART+V', 'PART', 'PUNC', 'DET+NOUN', 'PROG_PART+V', 'PREP', 'NOUN', 'DET+NOUN+NSUFF', 'CONJ', 'FUT_PART+V', 'NOUN+NSUFF', 'ADJ+NSUFF', 'PREP+NOUN+NSUFF', 'NOUN', 'NOUN']",Egypt
165,166,بنتعلم حاجات من ابتدائي لحد الجامعه كل ده خيال علمي ! كل الى اتعلمناه مفيش منه فى الواقع ! بندرس حاجات ملهاش اى علاقه بالواقع !,"['بنتعلم', 'حاجات', 'من', 'ابتدائي', 'لحد', 'الجامعه', 'كل', 'ده', 'خيال', 'علمي', '!', 'كل', 'الى', 'اتعلمناه', 'مفيش', 'منه', 'فى', 'الواقع', '!', 'بندرس', 'حاجات', 'ملهاش', 'اى', 'علاقه', 'بالواقع', '!']","['PROG_PART+V', 'NOUN+NSUFF', 'PREP', 'ADJ', 'PREP+NOUN', 'DET+NOUN+NSUFF', 'NOUN', 'PRON', 'NOUN', 'ADJ', 'PUNC', 'NOUN', 'PART', 'V+PRON+PRON', 'PART+PREP+NEG_PART', 'PREP+PRON', 'PREP', 'DET+NOUN', 'PUNC', 'PROG_PART+V', 'NOUN+NSUFF', 'PART+PREP+PRON+NEG_PART', 'NOUN', 'NOUN+NSUFF', 'PREP+DET+NOUN', 'PUNC']",Egypt
166,167,المفروض اني اقوم اذاكر و كده بس الكينج قالي ان كل المفروض مرفوض و انا عايزه اسبت للعالم اني موجوده,"['المفروض', 'اني', 'اقوم', 'اذاكر', 'و', 'كده', 'بس', 'الكينج', 'قالي', 'ان', 'كل', 'المفروض', 'مرفوض', 'و', 'انا', 'عايزه', 'اسبت', 'للعالم', 'اني', 'موجوده']","['DET+ADJ', 'PART+PRON', 'V', 'V', 'CONJ', 'ADV', 'PART', 'DET+NOUN', 'V+PREP+PRON', 'PART', 'NOUN', 'DET+ADJ', 'ADJ', 'CONJ', 'PRON', 'ADJ+NSUFF', 'V', 'PREP+DET+NOUN', 'PART+PRON', 'ADJ+NSUFF']",Egypt
167,168,جملة هذاكر بقا بكرة بجد ونقضيها النهارده سبب اساسي لفشلي,"['جملة', 'هذاكر', 'بقا', 'بكرة', 'بجد', 'ونقضيها', 'النهارده', 'سبب', 'اساسي', 'لفشلي']","['NOUN+NSUFF', 'FUT_PART+V', 'ADV', 'NOUN+NSUFF', 'PREP+NOUN', 'CONJ+V+PRON', 'DET+NOUN+NSUFF', 'NOUN', 'ADJ', 'PREP+NOUN+PRON']",Egypt
168,169,كله يحضر هدية عيد الام . بوسوا أيد امهاتكوا واشكروا ربنا انهم عايشين وسطنا,"['كله', 'يحضر', 'هدية', 'عيد', 'الام', '.', 'بوسوا', 'أيد', 'امهاتكوا', 'واشكروا', 'ربنا', 'انهم', 'عايشين', 'وسطنا']","['NOUN+PRON', 'V', 'NOUN+NSUFF', 'NOUN', 'DET+NOUN', 'PUNC', 'V+PRON', 'NOUN', 'NOUN+NSUFF+PRON', 'CONJ+V+PRON', 'NOUN+PRON', 'PART+PRON', 'ADJ+NSUFF', 'NOUN+PRON']",Egypt
169,170,"من ساعة ما أمي قالتلي "" إوعى ياخدوا منك سندوتشاتك "" في أول يوم مدرسه فهمت ان الدنيا مفيهاش أمان .","['من', 'ساعة', 'ما', 'أمي', 'قالتلي', '""', 'إوعى', 'ياخدوا', 'منك', 'سندوتشاتك', '""', 'في', 'أول', 'يوم', 'مدرسه', 'فهمت', 'ان', 'الدنيا', 'مفيهاش', 'أمان', '.']","['PREP', 'NOUN+NSUFF', 'PART', 'NOUN+NSUFF', 'V+PRON+PREP+PRON', 'PUNC', 'V', 'V+PRON', 'PREP+PRON', 'NOUN+NSUFF+PRON', 'PUNC', 'PREP', 'NUM', 'NOUN', 'NOUN+NSUFF', 'V+PRON', 'PART', 'DET+NOUN', 'PART+PREP+PRON+NEG_PART', 'NOUN', 'PUNC']",Egypt
170,171,ربنا يكفيك شر اللي عامل فيها قريب وهو بيدبرلك عشان يكسرك ! بس علي مين هأو,"['ربنا', 'يكفيك', 'شر', 'اللي', 'عامل', 'فيها', 'قريب', 'وهو', 'بيدبرلك', 'عشان', 'يكسرك', '!', 'بس', 'علي', 'مين', 'هأو']","['NOUN+PRON', 'V+PRON', 'NOUN', 'PART', 'ADJ', 'PREP+PRON', 'ADJ', 'CONJ+PRON', 'PROG_PART+V+PREP+PRON', 'PART', 'V+PRON', 'PUNC', 'PART', 'PREP', 'PART', 'PART']",Egypt
171,172,"يارب نجحنا عشان خاطر اهلينا بس احنا منستاهلش والله ,","['يارب', 'نجحنا', 'عشان', 'خاطر', 'اهلينا', 'بس', 'احنا', 'منستاهلش', 'والله', ',']","['PART+NOUN', 'V+PRON', 'PART', 'NOUN', 'NOUN+PRON', 'PART', 'PRON', 'PART+V+NEG_PART', 'CONJ+NOUN', 'PUNC']",Egypt
172,173,4 - تعالالي انت بقى ياللي بتتكلم مع واحدة زي اختك و بتتعامل معاها زي اختك وبتطمن عليها زي اختك بردو ، بزمتك بتتكلم مع اختك 24 ساعه ف اليوم ؟,"['4', '-', 'تعالالي', 'انت', 'بقى', 'ياللي', 'بتتكلم', 'مع', 'واحدة', 'زي', 'اختك', 'و', 'بتتعامل', 'معاها', 'زي', 'اختك', 'وبتطمن', 'عليها', 'زي', 'اختك', 'بردو', '،', 'بزمتك', 'بتتكلم', 'مع', 'اختك', '24', 'ساعه', 'ف', 'اليوم', '؟']","['NUM', 'PUNC', 'V+PREP+PRON', 'PRON', 'ADV', 'PART+PART', 'PROG_PART+V', 'NOUN', 'NOUN+NSUFF', 'NOUN', 'NOUN+PRON', 'CONJ', 'PROG_PART+V', 'NOUN+PRON', 'NOUN', 'NOUN+PRON', 'CONJ+PROG_PART+V', 'PREP+PRON', 'NOUN', 'NOUN+PRON', 'ADV', 'PUNC', 'PREP+NOUN+NSUFF+PRON', 'PROG_PART+V', 'NOUN', 'NOUN+PRON', 'NUM', 'NOUN+NSUFF', 'PREP', 'DET+NOUN', 'PUNC']",Egypt
173,174,اى راجل بيبرر التحرش لازم يعرف انه كدة بيفضح نفسه هو . . بتفضح نفسك ان رجولتك ناقصة وبتلوم الضحية عشان ماتشعرش بمسئوليتك اللى معملتهاش,"['اى', 'راجل', 'بيبرر', 'التحرش', 'لازم', 'يعرف', 'انه', 'كدة', 'بيفضح', 'نفسه', 'هو', '.', '.', 'بتفضح', 'نفسك', 'ان', 'رجولتك', 'ناقصة', 'وبتلوم', 'الضحية', 'عشان', 'ماتشعرش', 'بمسئوليتك', 'اللى', 'معملتهاش']","['NOUN', 'NOUN', 'PROG_PART+V', 'DET+NOUN', 'ADJ', 'V', 'PART+PRON', 'ADV', 'PROG_PART+V', 'NOUN+PRON', 'PRON', 'PUNC', 'PUNC', 'PROG_PART+V', 'NOUN+PRON', 'PART', 'NOUN+NSUFF+PRON', 'ADJ+NSUFF', 'CONJ+PROG_PART+V', 'DET+NOUN+NSUFF', 'PART', 'PART+V+NEG_PART', 'PREP+NOUN+NSUFF+PRON', 'PART', 'PART+V+PRON+PRON+NEG_PART']",Egypt
174,175,فكر كده في موقف ام كل شهيد او ام كل مسجون لما تشوف ان فيفي عبده بئت أم مثاليه وبيهملوا ولادهم ! موقف يدعو للاشمئزاز وموقف قذر من بلد اقذر . !,"['فكر', 'كده', 'في', 'موقف', 'ام', 'كل', 'شهيد', 'او', 'ام', 'كل', 'مسجون', 'لما', 'تشوف', 'ان', 'فيفي', 'عبده', 'بئت', 'أم', 'مثاليه', 'وبيهملوا', 'ولادهم', '!', 'موقف', 'يدعو', 'للاشمئزاز', 'وموقف', 'قذر', 'من', 'بلد', 'اقذر', '.', '!']","['V', 'ADV', 'PREP', 'NOUN', 'NOUN', 'NOUN', 'NOUN', 'CONJ', 'NOUN', 'NOUN', 'NOUN', 'PART', 'V', 'PART', 'NOUN', 'NOUN', 'V+PRON', 'NOUN', 'ADJ+NSUFF', 'CONJ+PROG_PART+V+PRON', 'NOUN+PRON', 'PUNC', 'NOUN', 'V', 'PREP+DET+NOUN', 'CONJ+NOUN', 'ADJ', 'PREP', 'NOUN', 'ADJ', 'PUNC', 'PUNC']",Egypt
175,176,هما ليه ميعملوش امتحان اخر الاجازه زي امتحان اخر السنه كدة ؟ ونسقط بقى ونعيد الاجازه من الاول وكده .,"['هما', 'ليه', 'ميعملوش', 'امتحان', 'اخر', 'الاجازه', 'زي', 'امتحان', 'اخر', 'السنه', 'كدة', '؟', 'ونسقط', 'بقى', 'ونعيد', 'الاجازه', 'من', 'الاول', 'وكده', '.']","['PRON', 'PART', 'PART+V+PRON+NEG_PART', 'NOUN', 'NOUN', 'DET+NOUN+NSUFF', 'NOUN', 'NOUN', 'NOUN', 'DET+NOUN+NSUFF', 'ADV', 'PUNC', 'CONJ+V', 'ADV', 'CONJ+V', 'DET+NOUN+NSUFF', 'PREP', 'DET+NUM', 'CONJ+ADV', 'PUNC']",Egypt
176,177,@Dr_Wessam البنات زمان كانوا بيطلعوا اتوبيس هيئه النقل العام بالمينى چيب وبينزلوا سالمين غانمين ! ! دلوقتي تبقى محجبه ويشد حجابها ! !,"['@Dr_Wessam', 'البنات', 'زمان', 'كانوا', 'بيطلعوا', 'اتوبيس', 'هيئه', 'النقل', 'العام', 'بالمينى', 'چيب', 'وبينزلوا', 'سالمين', 'غانمين', '!', '!', 'دلوقتي', 'تبقى', 'محجبه', 'ويشد', 'حجابها', '!', '!']","['MENTION', 'DET+NOUN', 'NOUN', 'V+PRON', 'PROG_PART+V+PRON', 'NOUN', 'NOUN+NSUFF', 'DET+NOUN', 'DET+ADJ', 'PREP+DET+NOUN', 'NOUN', 'CONJ+PROG_PART+V+PRON', 'ADJ+NSUFF', 'ADJ+NSUFF', 'PUNC', 'PUNC', 'NOUN', 'V', 'ADJ+NSUFF', 'CONJ+V', 'NOUN+PRON', 'PUNC', 'PUNC']",Egypt
177,178,@_mohamedkhalifa ماتخليش بتوع الخليج يزعلوا مننا بقى يا حماده ;),"['@_mohamedkhalifa', 'ماتخليش', 'بتوع', 'الخليج', 'يزعلوا', 'مننا', 'بقى', 'يا', 'حماده', ';)']","['MENTION', 'PART+V+PRON+NEG_PART', 'NOUN', 'DET+NOUN', 'V+PRON', 'PREP+PRON', 'ADV', 'PART', 'NOUN+NSUFF', 'EMOT']",Egypt
178,179,إنتى كلام فى أغنية بس ماتغنتش ليا إنى سيرة كل يوم إانتى حكاية قبل النوم . . .,"['إنتى', 'كلام', 'فى', 'أغنية', 'بس', 'ماتغنتش', 'ليا', 'إنى', 'سيرة', 'كل', 'يوم', 'إانتى', 'حكاية', 'قبل', 'النوم', '.', '.', '.']","['PRON', 'NOUN', 'PREP', 'NOUN+NSUFF', 'PART', 'PART+V+PRON+NEG_PART', 'PREP+PRON', 'PRON', 'NOUN+NSUFF', 'NOUN', 'NOUN', 'PRON', 'NOUN+NSUFF', 'NOUN', 'DET+NOUN', 'PUNC', 'PUNC', 'PUNC']",Egypt
179,180,لما تبقى محشور فى الحاجه مش هتشوفها كويس من كتر ماهى محوطاك وقريبه من عينك ، لازم تطلع و تشوفها من بره ومن بعيد ، هتلاحظ فرق شاسع .,"['لما', 'تبقى', 'محشور', 'فى', 'الحاجه', 'مش', 'هتشوفها', 'كويس', 'من', 'كتر', 'ماهى', 'محوطاك', 'وقريبه', 'من', 'عينك', '،', 'لازم', 'تطلع', 'و', 'تشوفها', 'من', 'بره', 'ومن', 'بعيد', '،', 'هتلاحظ', 'فرق', 'شاسع', '.']","['PART', 'V', 'ADJ', 'PREP', 'DET+NOUN+NSUFF', 'PART', 'FUT_PART+V+PRON', 'ADJ', 'PREP', 'NOUN', 'PART+PRON', 'ADJ+NSUFF+PRON', 'CONJ+ADJ+NSUFF', 'PREP', 'NOUN+PRON', 'PUNC', 'ADJ', 'V', 'CONJ', 'V+PRON', 'PREP', 'NOUN+NSUFF', 'CONJ+PREP', 'ADJ', 'PUNC', 'FUT_PART+V', 'NOUN', 'ADJ', 'PUNC']",Egypt
180,181,اللي يقول انا مبحبش #اسلوبك . ، أنـا اصلا لو كنت بحبك كنت غيرت #اسلوبي معاك :) . ،,"['اللي', 'يقول', 'انا', 'مبحبش', '#اسلوبك', '.', '،', 'أنـا', 'اصلا', 'لو', 'كنت', 'بحبك', 'كنت', 'غيرت', '#اسلوبي', 'معاك', ':)', '.', '،']","['PART', 'V', 'PRON', 'PART+PROG_PART+V+NEG_PART', 'HASH', 'PUNC', 'PUNC', 'PRON', 'NOUN+CASE', 'PART', 'V+PRON', 'PROG_PART+V+PRON', 'V+PRON', 'V+PRON', 'HASH', 'NOUN+PRON', 'EMOT', 'PUNC', 'PUNC']",Egypt
181,182,فكرك الكلام اللي بيتقال عليا مش بيوصلي ؟ لا بيوصل والله بس انا لو اتكلمت زيك ابقى أبقى قليل الأصل ، و انا أمي علمتني الأصول,"['فكرك', 'الكلام', 'اللي', 'بيتقال', 'عليا', 'مش', 'بيوصلي', '؟', 'لا', 'بيوصل', 'والله', 'بس', 'انا', 'لو', 'اتكلمت', 'زيك', 'ابقى', 'أبقى', 'قليل', 'الأصل', '،', 'و', 'انا', 'أمي', 'علمتني', 'الأصول']","['NOUN+PRON', 'DET+NOUN', 'PART', 'PROG_PART+V', 'PREP+PRON', 'PART', 'PROG_PART+V+PREP+PRON', 'PUNC', 'PART', 'PROG_PART+V', 'CONJ+NOUN', 'PART', 'PRON', 'PART', 'V+PRON', 'NOUN+PRON', 'V', 'V', 'ADJ', 'DET+NOUN', 'PUNC', 'CONJ', 'PRON', 'NOUN+NSUFF', 'V+PRON+PRON', 'DET+NOUN']",Egypt
182,183,ممكن لما تحب حد تحاول متجرحوش لانه هيتعب اوى وهيقوى واول ما يقوى هيقوى عليك انت #نصيحه,"['ممكن', 'لما', 'تحب', 'حد', 'تحاول', 'متجرحوش', 'لانه', 'هيتعب', 'اوى', 'وهيقوى', 'واول', 'ما', 'يقوى', 'هيقوى', 'عليك', 'انت', '#نصيحه']","['ADJ', 'PART', 'V', 'NOUN', 'V', 'PART+V+PRON+NEG_PART', 'PREP+PART+PRON', 'FUT_PART+V', 'ADJ', 'CONJ+FUT_PART+V', 'CONJ+NUM', 'PART', 'V', 'FUT_PART+V', 'PREP+PRON', 'PRON', 'HASH']",Egypt
183,184,"احساس وحش اما يكون قدامك حد هتموت وتسلم عليه بس فى حاجة جواك بتقولك "" انت فاكر هو عمل معاك ايه ""","['احساس', 'وحش', 'اما', 'يكون', 'قدامك', 'حد', 'هتموت', 'وتسلم', 'عليه', 'بس', 'فى', 'حاجة', 'جواك', 'بتقولك', '""', 'انت', 'فاكر', 'هو', 'عمل', 'معاك', 'ايه', '""']","['NOUN', 'ADJ', 'PART', 'V', 'NOUN+PRON', 'NOUN', 'FUT_PART+V', 'CONJ+V', 'PREP+PRON', 'PART', 'PREP', 'NOUN+NSUFF', 'NOUN+NSUFF+PRON', 'PROG_PART+V+PREP+PRON', 'PUNC', 'PRON', 'ADJ', 'PRON', 'V', 'NOUN+PRON', 'PART', 'PUNC']",Egypt
184,185,اجمل احساس انك تبقي قاعد و تيجي عينك علي حد بتحبه تلاقيه باصص عليك . . و الاجمل لما يتكسف . . . . .,"['اجمل', 'احساس', 'انك', 'تبقي', 'قاعد', 'و', 'تيجي', 'عينك', 'علي', 'حد', 'بتحبه', 'تلاقيه', 'باصص', 'عليك', '.', '.', 'و', 'الاجمل', 'لما', 'يتكسف', '.', '.', '.', '.', '.']","['ADJ', 'NOUN', 'PART+PRON', 'V', 'ADJ', 'CONJ', 'V', 'NOUN+PRON', 'PREP', 'NOUN', 'PROG_PART+V+PRON', 'V+PRON', 'ADJ', 'PREP+PRON', 'PUNC', 'PUNC', 'CONJ', 'DET+ADJ', 'PART', 'V', 'PUNC', 'PUNC', 'PUNC', 'PUNC', 'PUNC']",Libya
185,186,الغريبة فعلا إن ماحدش خد باله و لا حتى خريجين الحقوق على تويتر من التحايل على قانون الإنتخابات الي #خالد_علي بيعمله #pt,"['الغريبة', 'فعلا', 'إن', 'ماحدش', 'خد', 'باله', 'و', 'لا', 'حتى', 'خريجين', 'الحقوق', 'على', 'تويتر', 'من', 'التحايل', 'على', 'قانون', 'الإنتخابات', 'الي', '#خالد_علي', 'بيعمله', '#pt']","['DET+ADJ+NSUFF', 'NOUN+CASE', 'PART', 'PART+NOUN+NEG_PART', 'V', 'NOUN+PRON', 'CONJ', 'PART', 'PART', 'NOUN+NSUFF', 'DET+NOUN', 'PREP', 'NOUN', 'PREP', 'DET+NOUN', 'PREP', 'NOUN', 'DET+NOUN+NSUFF', 'PART', 'HASH', 'PROG_PART+V+PRON', 'HASH']",Egypt
186,187,أي حد هايقولي ما كانش فيه الكلام ده أيام مبارك يبقى ما كانش بيروح الجامعة . . . . . كل الوساخة دي كانت موجودة انتو بس كنتوا في الفقاعة . #مغيبيبن,"['أي', 'حد', 'هايقولي', 'ما', 'كانش', 'فيه', 'الكلام', 'ده', 'أيام', 'مبارك', 'يبقى', 'ما', 'كانش', 'بيروح', 'الجامعة', '.', '.', '.', '.', '.', 'كل', 'الوساخة', 'دي', 'كانت', 'موجودة', 'انتو', 'بس', 'كنتوا', 'في', 'الفقاعة', '.', '#مغيبيبن']","['NOUN', 'NOUN', 'FUT_PART+V+PREP+PRON', 'PART', 'V+NEG_PART', 'PREP+PRON', 'DET+NOUN', 'PRON', 'NOUN', 'NOUN', 'V', 'PART', 'V+NEG_PART', 'PROG_PART+V', 'DET+NOUN+NSUFF', 'PUNC', 'PUNC', 'PUNC', 'PUNC', 'PUNC', 'NOUN', 'DET+NOUN+NSUFF', 'PRON', 'V+PRON', 'ADJ+NSUFF', 'PRON', 'ADV', 'V+PRON', 'PREP', 'DET+NOUN+NSUFF', 'PUNC', 'HASH']",Egypt
187,188,هو صحيح مفيش حد بيموت عشان حد . . بس فى حد بيفضل مش سعيد بسبب حد . . و دا و الموت ميفرقوش حاجه عن بعض .,"['هو', 'صحيح', 'مفيش', 'حد', 'بيموت', 'عشان', 'حد', '.', '.', 'بس', 'فى', 'حد', 'بيفضل', 'مش', 'سعيد', 'بسبب', 'حد', '.', '.', 'و', 'دا', 'و', 'الموت', 'ميفرقوش', 'حاجه', 'عن', 'بعض', '.']","['PRON', 'ADJ', 'PART+PREP+NEG_PART', 'NOUN', 'PROG_PART+V', 'PART', 'NOUN', 'PUNC', 'PUNC', 'PART', 'PREP', 'NOUN', 'PROG_PART+V', 'PART', 'ADJ', 'PREP+NOUN', 'NOUN', 'PUNC', 'PUNC', 'CONJ', 'PRON', 'CONJ', 'DET+NOUN', 'PART+V+PRON+NEG_PART', 'NOUN+NSUFF', 'PREP', 'NOUN', 'PUNC']",Egypt
188,189,عارفين انتو الشخصيه الي بتيجي ف وسط عياطك وتقولك انت شكلك كيوت اوي وانت بتعيط ويشد ف خدودك العالم دي هتموت محروقه :D,"['عارفين', 'انتو', 'الشخصيه', 'الي', 'بتيجي', 'ف', 'وسط', 'عياطك', 'وتقولك', 'انت', 'شكلك', 'كيوت', 'اوي', 'وانت', 'بتعيط', 'ويشد', 'ف', 'خدودك', 'العالم', 'دي', 'هتموت', 'محروقه', ':D']","['ADJ+NSUFF', 'PRON', 'DET+NOUN+NSUFF', 'PART', 'PROG_PART+V', 'PREP', 'NOUN', 'NOUN+PRON', 'CONJ+V+PREP+PRON', 'PRON', 'NOUN+PRON', 'ADJ', 'ADJ', 'CONJ+PRON', 'PROG_PART+V', 'CONJ+V', 'PREP', 'NOUN+PRON', 'DET+NOUN', 'PRON', 'FUT_PART+V', 'ADJ+NSUFF', 'EMOT']",Egypt
189,190,هو علاء صادق ماله ومال البابا تواضرس ؟ ليه مصمم يقلبها فتنة طائفية ؟ اللعبة دى اتهرست ف ميت فيلم قبل كده ومانفعتش كان غيرك اشطر شوفلك غيرها,"['هو', 'علاء', 'صادق', 'ماله', 'ومال', 'البابا', 'تواضرس', '؟', 'ليه', 'مصمم', 'يقلبها', 'فتنة', 'طائفية', '؟', 'اللعبة', 'دى', 'اتهرست', 'ف', 'ميت', 'فيلم', 'قبل', 'كده', 'ومانفعتش', 'كان', 'غيرك', 'اشطر', 'شوفلك', 'غيرها']","['PRON', 'NOUN', 'NOUN', 'PART+PREP+PRON', 'CONJ+PART+PREP', 'DET+NOUN', 'NOUN', 'PUNC', 'PART', 'ADJ', 'V+PRON', 'NOUN+NSUFF', 'ADJ+NSUFF', 'PUNC', 'DET+NOUN+NSUFF', 'PRON', 'V+PRON', 'PREP', 'NUM+NSUFF', 'NOUN', 'NOUN', 'PRON', 'CONJ+PART+V+PRON+NEG_PART', 'V', 'NOUN+PRON', 'ADJ', 'V+PREP+PRON', 'NOUN+PRON']",Egypt
190,191,مش لازم تعامل حد بالمثل لان كل واحد بيتعامل بأخلاقه انت ممكن تبعد خالص وتبقا وفرت ع نفسك النفاق ع الاقل !,"['مش', 'لازم', 'تعامل', 'حد', 'بالمثل', 'لان', 'كل', 'واحد', 'بيتعامل', 'بأخلاقه', 'انت', 'ممكن', 'تبعد', 'خالص', 'وتبقا', 'وفرت', 'ع', 'نفسك', 'النفاق', 'ع', 'الاقل', '!']","['PART', 'ADJ', 'V', 'NOUN', 'PREP+DET+NOUN', 'PREP+PART', 'NOUN', 'NOUN', 'PROG_PART+V', 'PREP+NOUN+PRON', 'PRON', 'ADJ', 'V', 'ADV', 'CONJ+V', 'V+PRON', 'PREP', 'NOUN+PRON', 'DET+NOUN', 'PREP', 'DET+ADJ', 'PUNC']",Egypt
191,192,@yehiazak ما أنا قلتلها كده ، ، عارف الكارثه فين ! ! أنها حتربى ولدها ان الفعل ده مبرر و بكده حنشيل قرف تربيه وسخه مريضه تانى,"['@yehiazak', 'ما', 'أنا', 'قلتلها', 'كده', '،', '،', 'عارف', 'الكارثه', 'فين', '!', '!', 'أنها', 'حتربى', 'ولدها', 'ان', 'الفعل', 'ده', 'مبرر', 'و', 'بكده', 'حنشيل', 'قرف', 'تربيه', 'وسخه', 'مريضه', 'تانى']","['MENTION', 'PART', 'PRON', 'V+PRON+PREP+PRON', 'ADV', 'PUNC', 'PUNC', 'ADJ', 'DET+NOUN+NSUFF', 'PART', 'PUNC', 'PUNC', 'PART+PRON', 'FUT_PART+V', 'NOUN+PRON', 'PART', 'DET+NOUN', 'PRON', 'ADJ', 'CONJ', 'PREP+ADV', 'FUT_PART+V', 'NOUN', 'NOUN+NSUFF', 'ADJ+NSUFF', 'ADJ+NSUFF', 'ADJ']",Egypt
192,193,احنا مش عايزين نموت نفسنا . . احنا في حاجات معينة في حياتنا نفسنا نموتها,"['احنا', 'مش', 'عايزين', 'نموت', 'نفسنا', '.', '.', 'احنا', 'في', 'حاجات', 'معينة', 'في', 'حياتنا', 'نفسنا', 'نموتها']","['PRON', 'PART', 'ADJ+NSUFF', 'V', 'NOUN+PRON', 'PUNC', 'PUNC', 'PRON', 'PREP', 'NOUN+NSUFF', 'ADJ+NSUFF', 'PREP', 'NOUN+NSUFF+PRON', 'NOUN+PRON', 'V+PRON']",Egypt
193,194,انا مش فاهمة طلاب المدارس اللي في الاسكندرية رفضين لية ان المدرسة يكون عليها حرص ! ! و طلاب الازهر معترضين كمان اية الهبل دا دول لحميتهم اصلا,"['انا', 'مش', 'فاهمة', 'طلاب', 'المدارس', 'اللي', 'في', 'الاسكندرية', 'رفضين', 'لية', 'ان', 'المدرسة', 'يكون', 'عليها', 'حرص', '!', '!', 'و', 'طلاب', 'الازهر', 'معترضين', 'كمان', 'اية', 'الهبل', 'دا', 'دول', 'لحميتهم', 'اصلا']","['PRON', 'PART', 'ADJ+NSUFF', 'NOUN', 'DET+NOUN', 'PART', 'PREP', 'DET+NOUN+NSUFF', 'ADJ+NSUFF', 'PART', 'PART', 'DET+NOUN+NSUFF', 'V', 'PREP+PRON', 'NOUN', 'PUNC', 'PUNC', 'CONJ', 'NOUN', 'DET+NOUN', 'ADJ+NSUFF', 'ADV', 'PART', 'DET+NOUN', 'PRON', 'PRON', 'PREP+NOUN+NSUFF+PRON', 'NOUN+CASE']",Egypt
194,195,مش هيحصل حاجة لما يخرج من حياتك واحد او اتنين او عشرة خليك مع نفسك و مع ربك هتكسب !,"['مش', 'هيحصل', 'حاجة', 'لما', 'يخرج', 'من', 'حياتك', 'واحد', 'او', 'اتنين', 'او', 'عشرة', 'خليك', 'مع', 'نفسك', 'و', 'مع', 'ربك', 'هتكسب', '!']","['PART', 'FUT_PART+V', 'NOUN+NSUFF', 'PART', 'V', 'PREP', 'NOUN+NSUFF+PRON', 'NOUN', 'CONJ', 'NUM', 'CONJ', 'NUM+NSUFF', 'V+PRON+PRON', 'NOUN', 'NOUN+PRON', 'CONJ', 'NOUN', 'NOUN+PRON', 'FUT_PART+V', 'PUNC']",Egypt
195,196,@Al3askarY @AlMasryAlYoum غلط و علشان يفتحولهم حساب فى أمريكا لأن معندهمش حساب علشان يقفلوه,"['@Al3askarY', '@AlMasryAlYoum', 'غلط', 'و', 'علشان', 'يفتحولهم', 'حساب', 'فى', 'أمريكا', 'لأن', 'معندهمش', 'حساب', 'علشان', 'يقفلوه']","['MENTION', 'MENTION', 'NOUN', 'CONJ', 'PART', 'V+PRON+PREP+PRON', 'NOUN', 'PREP', 'NOUN', 'PREP+PART', 'PART+NOUN+PRON+NEG_PART', 'NOUN', 'PART', 'V+PRON+PRON']",Egypt
196,197,ياريت الناس الي ماتفرجتش على المؤتمر تتفرج تاني و تعيد حسابتها - #خالد_علي مابينسحبش من إنتخابات رئاسة الجمهورية http://t.co/v8taJ2DKvE,"['ياريت', 'الناس', 'الي', 'ماتفرجتش', 'على', 'المؤتمر', 'تتفرج', 'تاني', 'و', 'تعيد', 'حسابتها', '-', '#خالد_علي', 'مابينسحبش', 'من', 'إنتخابات', 'رئاسة', 'الجمهورية', 'http://t.co/v8taJ2DKvE']","['PART+NOUN', 'DET+NOUN', 'PART', 'PART+V+PRON+NEG_PART', 'PREP', 'DET+NOUN', 'V', 'ADJ', 'CONJ', 'V', 'NOUN+NSUFF+PRON', 'PUNC', 'HASH', 'PART+PROG_PART+V+NEG_PART', 'PREP', 'NOUN+NSUFF', 'NOUN+NSUFF', 'DET+NOUN+NSUFF', 'URL']",Egypt
197,198,أنا محتاجة اجيب شخص لبناني يتكلم معايا في اي كلام عشان لهجتهم بتبسطني,"['أنا', 'محتاجة', 'اجيب', 'شخص', 'لبناني', 'يتكلم', 'معايا', 'في', 'اي', 'كلام', 'عشان', 'لهجتهم', 'بتبسطني']","['PRON', 'ADJ+NSUFF', 'V', 'NOUN', 'ADJ', 'V', 'NOUN+PRON', 'PREP', 'NOUN', 'NOUN', 'PART', 'NOUN+NSUFF+PRON', 'PROG_PART+V+PRON']",Egypt
198,199,انا لو ذكرت 10 ساعات و مسكت الموبيل نص ساعة ابويا مش هيشوفنى غير فى النص ساعه دى :D,"['انا', 'لو', 'ذكرت', '10', 'ساعات', 'و', 'مسكت', 'الموبيل', 'نص', 'ساعة', 'ابويا', 'مش', 'هيشوفنى', 'غير', 'فى', 'النص', 'ساعه', 'دى', ':D']","['PRON', 'PART', 'V+PRON', 'NUM', 'NOUN+NSUFF', 'CONJ', 'V+PRON', 'DET+NOUN', 'NOUN', 'NOUN+NSUFF', 'NOUN+CASE+PRON', 'PART', 'FUT_PART+V+PRON', 'NOUN', 'PREP', 'DET+NOUN', 'NOUN+NSUFF', 'PRON', 'EMOT']",Egypt
199,200,أنام مش بشبع نووم أذاكر مش بفهم حاجه أحب متحبش اتحب محبش ! دي دنيا رخمممممممه اوى ! ! خايف أنتحر مموتش,"['أنام', 'مش', 'بشبع', 'نووم', 'أذاكر', 'مش', 'بفهم', 'حاجه', 'أحب', 'متحبش', 'اتحب', 'محبش', '!', 'دي', 'دنيا', 'رخمممممممه', 'اوى', '!', '!', 'خايف', 'أنتحر', 'مموتش']","['V', 'PART', 'PROG_PART+V', 'NOUN', 'V', 'PART', 'PROG_PART+V', 'NOUN+NSUFF', 'V', 'PART+V+NEG_PART', 'V', 'PART+V+NEG_PART', 'PUNC', 'PRON', 'NOUN', 'ADJ+NSUFF', 'ADJ', 'PUNC', 'PUNC', 'ADJ', 'V', 'PART+V+NEG_PART']",Egypt
200,201,"لو فعلا فيه ناس "" نواياهم كويسة "" نزلوا في يناير . . المفروض بنفس "" النوايا الكويسة "" دي ينتحروا بسبب القرف اللي لازم نشوفه علشان بس نرجع لحدود 24 يناير !","['لو', 'فعلا', 'فيه', 'ناس', '""', 'نواياهم', 'كويسة', '""', 'نزلوا', 'في', 'يناير', '.', '.', 'المفروض', 'بنفس', '""', 'النوايا', 'الكويسة', '""', 'دي', 'ينتحروا', 'بسبب', 'القرف', 'اللي', 'لازم', 'نشوفه', 'علشان', 'بس', 'نرجع', 'لحدود', '24', 'يناير', '!']","['PART', 'NOUN+CASE', 'PREP+PRON', 'NOUN', 'PUNC', 'NOUN+PRON', 'ADJ+NSUFF', 'PUNC', 'V+PRON', 'PREP', 'NOUN', 'PUNC', 'PUNC', 'DET+ADJ', 'PREP+NOUN', 'PUNC', 'DET+NOUN', 'DET+ADJ+NSUFF', 'PUNC', 'PRON', 'V+PRON', 'PREP+NOUN', 'DET+NOUN', 'PART', 'ADJ', 'V+PRON', 'PART', 'ADV', 'V', 'PREP+NOUN', 'NUM', 'NOUN', 'PUNC']",Egypt
201,202,"مش لازم يكون ليك "" حبيب "" عشان تكون مبسوط . . ممكن يكون ليه صحاب اجدع واحن من مليون حبيب :)))","['مش', 'لازم', 'يكون', 'ليك', '""', 'حبيب', '""', 'عشان', 'تكون', 'مبسوط', '.', '.', 'ممكن', 'يكون', 'ليه', 'صحاب', 'اجدع', 'واحن', 'من', 'مليون', 'حبيب', ':)))']","['PART', 'ADJ', 'V', 'PREP+PRON', 'PUNC', 'NOUN', 'PUNC', 'PART', 'V', 'ADJ', 'PUNC', 'PUNC', 'ADJ', 'V', 'PREP+PRON', 'NOUN', 'ADJ', 'CONJ+ADJ', 'PREP', 'NUM', 'NOUN', 'EMOT']",Egypt
202,203,كانت فرصة بعد جنات ودياب يطلع المتحدث يعلن اسماء اللي قتلوا جنودنا في رمضان وخطفوا ال 7 اهو مرسي مشي وسينا تحت سيطرتنا تماما . . . عايزين نعرفهم,"['كانت', 'فرصة', 'بعد', 'جنات', 'ودياب', 'يطلع', 'المتحدث', 'يعلن', 'اسماء', 'اللي', 'قتلوا', 'جنودنا', 'في', 'رمضان', 'وخطفوا', 'ال', '7', 'اهو', 'مرسي', 'مشي', 'وسينا', 'تحت', 'سيطرتنا', 'تماما', '.', '.', '.', 'عايزين', 'نعرفهم']","['V+PRON', 'NOUN+NSUFF', 'NOUN', 'NOUN+NSUFF', 'CONJ+NOUN', 'V', 'DET+NOUN', 'V', 'NOUN', 'PART', 'V+PRON', 'NOUN+PRON', 'PREP', 'NOUN', 'CONJ+V+PRON', 'DET', 'NUM', 'PART', 'NOUN', 'V', 'CONJ+NOUN', 'NOUN', 'NOUN+NSUFF+PRON', 'NOUN+CASE', 'PUNC', 'PUNC', 'PUNC', 'ADJ+NSUFF', 'V+PRON']",Egypt
203,204,الناس الاغنيا اللي تلاقيهم معووجين و ولاد وسخه تعرف علي طول ان اصلهم جربوع وإغتنوا ، اللي مأصلين بقي بيبقوا في منتهي الرُقي,"['الناس', 'الاغنيا', 'اللي', 'تلاقيهم', 'معووجين', 'و', 'ولاد', 'وسخه', 'تعرف', 'علي', 'طول', 'ان', 'اصلهم', 'جربوع', 'وإغتنوا', '،', 'اللي', 'مأصلين', 'بقي', 'بيبقوا', 'في', 'منتهي', 'الرُقي']","['DET+NOUN', 'DET+ADJ', 'PART', 'V+PRON+PRON', 'ADJ+NSUFF', 'CONJ', 'NOUN', 'ADJ+NSUFF', 'V', 'PREP', 'NOUN', 'PART', 'NOUN+PRON', 'NOUN', 'CONJ+V+PRON', 'PUNC', 'PART', 'ADJ+NSUFF', 'ADV', 'PROG_PART+V+PRON', 'PREP', 'NOUN', 'DET+NOUN']",Egypt
204,205,يبقى قاعد تحت كوبرى عشان يلمع جزم الناس وهو اصلان خريج جامعة,"['يبقى', 'قاعد', 'تحت', 'كوبرى', 'عشان', 'يلمع', 'جزم', 'الناس', 'وهو', 'اصلان', 'خريج', 'جامعة']","['V', 'ADJ', 'NOUN', 'NOUN', 'PART', 'V', 'NOUN', 'DET+NOUN', 'CONJ+PRON', 'NOUN+CASE', 'NOUN', 'NOUN+NSUFF']",Egypt
205,206,لو تعبتي و انتي وحدك اوعي مرة احس دمعك اتكلمي ويايا و احكي اه فارقتك بس سامعك هاتلاقيني في اي وقت هاتشوفيني تملي جنبك بعيداعن #أبو_صلاح,"['لو', 'تعبتي', 'و', 'انتي', 'وحدك', 'اوعي', 'مرة', 'احس', 'دمعك', 'اتكلمي', 'ويايا', 'و', 'احكي', 'اه', 'فارقتك', 'بس', 'سامعك', 'هاتلاقيني', 'في', 'اي', 'وقت', 'هاتشوفيني', 'تملي', 'جنبك', 'بعيداعن', '#أبو_صلاح']","['PART', 'V+PRON', 'CONJ', 'PRON', 'NOUN+PRON', 'V+PRON', 'NOUN+NSUFF', 'V', 'NOUN+PRON', 'V+PRON', 'NOUN+PRON', 'CONJ', 'V+PRON', 'PART', 'V+PRON+PRON', 'PART', 'ADJ+PRON', 'FUT_PART+V+PRON+PRON', 'PREP', 'NOUN', 'NOUN', 'FUT_PART+V+PRON+PRON', 'ADV', 'NOUN+PRON', 'ADJ+CASE+PREP', 'HASH']",Egypt
206,207,محدش محتاج من حد حاجة الحالة 100 فل ومرضية الفكرة بس فـ التقدير وده مش بفلوس ده كبيره سؤال بصافي نية,"['محدش', 'محتاج', 'من', 'حد', 'حاجة', 'الحالة', '100', 'فل', 'ومرضية', 'الفكرة', 'بس', 'فـ', 'التقدير', 'وده', 'مش', 'بفلوس', 'ده', 'كبيره', 'سؤال', 'بصافي', 'نية']","['PART+NOUN+NEG_PART', 'ADJ', 'PREP', 'NOUN', 'NOUN+NSUFF', 'DET+NOUN+NSUFF', 'NUM', 'NOUN', 'CONJ+ADJ+NSUFF', 'DET+NOUN+NSUFF', 'ADV', 'PREP', 'DET+NOUN', 'CONJ+PRON', 'PART', 'PREP+NOUN', 'PRON', 'ADJ+PRON', 'NOUN', 'PREP+ADJ', 'NOUN+NSUFF']",Egypt
207,208,عـن نـاس أول مـاتعرفك تـهتم بيـك أوووى وكـأن مفيش وراهم حاجه إلا أنت . . ومع الوقت الاهتمام يقل شويه بشوية لـحد مايختفى,"['عـن', 'نـاس', 'أول', 'مـاتعرفك', 'تـهتم', 'بيـك', 'أوووى', 'وكـأن', 'مفيش', 'وراهم', 'حاجه', 'إلا', 'أنت', '.', '.', 'ومع', 'الوقت', 'الاهتمام', 'يقل', 'شويه', 'بشوية', 'لـحد', 'مايختفى']","['PREP', 'NOUN', 'NUM', 'PART+V+PRON', 'V', 'PREP+PRON', 'ADJ', 'CONJ+PART', 'PART+PREP+NEG_PART', 'NOUN+PRON', 'NOUN+NSUFF', 'PART', 'PRON', 'PUNC', 'PUNC', 'CONJ+NOUN', 'DET+NOUN', 'DET+NOUN', 'V', 'NOUN+NSUFF', 'PREP+NOUN+NSUFF', 'PREP+NOUN', 'PART+V']",Egypt
208,209,"بحب أصرف اللي معايا و معملش حساب لكمان خمس دقايق من دلوقتي , المُتعة مبقتش ف إني بصرف . أنا بقيت بستمتع إني معييش فلوس","['بحب', 'أصرف', 'اللي', 'معايا', 'و', 'معملش', 'حساب', 'لكمان', 'خمس', 'دقايق', 'من', 'دلوقتي', ',', 'المُتعة', 'مبقتش', 'ف', 'إني', 'بصرف', '.', 'أنا', 'بقيت', 'بستمتع', 'إني', 'معييش', 'فلوس']","['PROG_PART+V', 'V', 'PART', 'NOUN+PRON', 'CONJ', 'PART+V+NEG_PART', 'NOUN', 'PREP+ADV', 'NUM', 'NOUN', 'PREP', 'NOUN', 'PUNC', 'DET+NOUN+NSUFF', 'PART+V+PRON+NEG_PART', 'PREP', 'PART+PRON', 'PROG_PART+V', 'PUNC', 'PRON', 'V+PRON', 'PROG_PART+V', 'PART+PRON', 'NOUN+PRON+NEG_PART', 'NOUN']",Egypt
209,210,عارفين أحساس الملل بس من جواك مشغول مش عارف مع مين و ايه اللى شاغلك مع إن فى ملل أحساس وحش .,"['عارفين', 'أحساس', 'الملل', 'بس', 'من', 'جواك', 'مشغول', 'مش', 'عارف', 'مع', 'مين', 'و', 'ايه', 'اللى', 'شاغلك', 'مع', 'إن', 'فى', 'ملل', 'أحساس', 'وحش', '.']","['ADJ+NSUFF', 'NOUN', 'DET+NOUN', 'PART', 'PREP', 'NOUN+NSUFF+PRON', 'ADJ', 'PART', 'ADJ', 'NOUN', 'PART', 'CONJ', 'PART', 'PART', 'ADJ+PRON', 'NOUN', 'PART', 'PREP', 'NOUN', 'NOUN', 'ADJ', 'PUNC']",Egypt
210,211,شوية حاجات بتظهر ساعات تخلى السكات يفرض نفسه عليا واروح للى فات واعيش ذكريات من حُب مات وجعه مأثر فيا .,"['شوية', 'حاجات', 'بتظهر', 'ساعات', 'تخلى', 'السكات', 'يفرض', 'نفسه', 'عليا', 'واروح', 'للى', 'فات', 'واعيش', 'ذكريات', 'من', 'حُب', 'مات', 'وجعه', 'مأثر', 'فيا', '.']","['NOUN+NSUFF', 'NOUN+NSUFF', 'PROG_PART+V', 'NOUN+NSUFF', 'V', 'DET+NOUN', 'V', 'NOUN+PRON', 'PREP+PRON', 'CONJ+V', 'PREP+PRON', 'V', 'CONJ+V', 'NOUN+NSUFF', 'PREP', 'NOUN', 'V', 'NOUN+PRON', 'ADJ', 'PREP+PRON', 'PUNC']",Egypt
211,212,مفيش طب كورة حديد تيجي من ورا المسرح كدة و تهرس شيرين,"['مفيش', 'طب', 'كورة', 'حديد', 'تيجي', 'من', 'ورا', 'المسرح', 'كدة', 'و', 'تهرس', 'شيرين']","['PART+PREP+NEG_PART', 'ADJ', 'NOUN+NSUFF', 'NOUN', 'V+PRON', 'PREP', 'NOUN', 'DET+NOUN', 'ADV', 'CONJ', 'V', 'NOUN']",Egypt
212,213,فى ناس بتلقح بالكلام ع ناس تانيه فى التويتس مفكر نفسك قاعد ع المسطبه انت مش فى ع التايم لاين ! !,"['فى', 'ناس', 'بتلقح', 'بالكلام', 'ع', 'ناس', 'تانيه', 'فى', 'التويتس', 'مفكر', 'نفسك', 'قاعد', 'ع', 'المسطبه', 'انت', 'مش', 'فى', 'ع', 'التايم', 'لاين', '!', '!']","['PREP', 'NOUN', 'PROG_PART+V', 'PREP+DET+NOUN', 'PREP', 'NOUN', 'ADJ+NSUFF', 'PREP', 'DET+NOUN', 'ADJ', 'NOUN+PRON', 'ADJ', 'PREP', 'DET+NOUN+NSUFF', 'PRON', 'PART', 'PREP', 'PREP', 'DET+NOUN', 'NOUN', 'PUNC', 'PUNC']",Egypt
213,214,طب العيب في مين ؟ في الفيزيا ؟ لأ عشان في ناس بتفهمها . طب في المستر ؟ لأ عشان في ناس بتفهمه . يبقي العيب فيا أنا و حسبي الله و نعم الوكيل !,"['طب', 'العيب', 'في', 'مين', '؟', 'في', 'الفيزيا', '؟', 'لأ', 'عشان', 'في', 'ناس', 'بتفهمها', '.', 'طب', 'في', 'المستر', '؟', 'لأ', 'عشان', 'في', 'ناس', 'بتفهمه', '.', 'يبقي', 'العيب', 'فيا', 'أنا', 'و', 'حسبي', 'الله', 'و', 'نعم', 'الوكيل', '!']","['ADJ', 'DET+NOUN', 'PREP', 'PART', 'PUNC', 'PREP', 'DET+NOUN', 'PUNC', 'PART', 'PART', 'PREP', 'NOUN', 'PROG_PART+V+PRON', 'PUNC', 'ADJ', 'PREP', 'DET+NOUN', 'PUNC', 'PART', 'PART', 'PREP', 'NOUN', 'PROG_PART+V+PRON', 'PUNC', 'V', 'DET+NOUN', 'PREP+PRON', 'PRON', 'CONJ', 'NOUN+PRON', 'NOUN', 'CONJ', 'NOUN', 'DET+NOUN', 'PUNC']",Egypt
214,215,السعاده حواليك فى كل حته حاجة كده عامله زي . . زي ضربات قلبك لما بتبقى متشيك على الاخر وداخل فرح موجود فيه حد بتحبه,"['السعاده', 'حواليك', 'فى', 'كل', 'حته', 'حاجة', 'كده', 'عامله', 'زي', '.', '.', 'زي', 'ضربات', 'قلبك', 'لما', 'بتبقى', 'متشيك', 'على', 'الاخر', 'وداخل', 'فرح', 'موجود', 'فيه', 'حد', 'بتحبه']","['DET+NOUN+NSUFF', 'NOUN+PRON', 'PREP', 'NOUN', 'NOUN+NSUFF', 'NOUN+NSUFF', 'ADV', 'ADJ+NSUFF', 'NOUN', 'PUNC', 'PUNC', 'NOUN', 'NOUN+NSUFF', 'NOUN+PRON', 'PART', 'PROG_PART+V', 'ADJ', 'PREP', 'DET+ADJ', 'CONJ+ADJ', 'NOUN', 'ADJ', 'PREP+PRON', 'NOUN', 'PROG_PART+V+PRON']",Egypt
215,216,@melzoghby @m_msobhy البناء ف ارض مشروع العشوائيات بدأ من فترة كبيرة و دلوقتي ممكن تروح تشوف المباني كمان . اليوتيوب مليان فيديوهات ياريت تشوف,"['@melzoghby', '@m_msobhy', 'البناء', 'ف', 'ارض', 'مشروع', 'العشوائيات', 'بدأ', 'من', 'فترة', 'كبيرة', 'و', 'دلوقتي', 'ممكن', 'تروح', 'تشوف', 'المباني', 'كمان', '.', 'اليوتيوب', 'مليان', 'فيديوهات', 'ياريت', 'تشوف']","['MENTION', 'MENTION', 'DET+NOUN', 'PREP', 'NOUN', 'NOUN', 'DET+NOUN+NSUFF', 'V', 'PREP', 'NOUN+NSUFF', 'ADJ+NSUFF', 'CONJ', 'NOUN', 'ADJ', 'V', 'V', 'DET+NOUN', 'ADV', 'PUNC', 'DET+NOUN', 'ADJ', 'NOUN+NSUFF', 'PART+NOUN', 'V']",Egypt
216,217,@Hager_Magdy89 كل واحد من جواه بيبقي بيحب حد او معجب بحد ف هيتابعه سواء الشخص ده حس او لا :D النظرات دي هتلاقيها كتير لو ركزتي شوية,"['@Hager_Magdy89', 'كل', 'واحد', 'من', 'جواه', 'بيبقي', 'بيحب', 'حد', 'او', 'معجب', 'بحد', 'ف', 'هيتابعه', 'سواء', 'الشخص', 'ده', 'حس', 'او', 'لا', ':D', 'النظرات', 'دي', 'هتلاقيها', 'كتير', 'لو', 'ركزتي', 'شوية']","['MENTION', 'NOUN', 'NOUN', 'PREP', 'NOUN+NSUFF+PRON', 'PROG_PART+V', 'PROG_PART+V', 'NOUN', 'CONJ', 'ADJ', 'PREP+NOUN', 'CONJ', 'FUT_PART+V+PRON', 'NOUN', 'DET+NOUN', 'PRON', 'V', 'CONJ', 'PART', 'EMOT', 'DET+NOUN+NSUFF', 'PRON', 'FUT_PART+V+PRON+PRON', 'ADJ', 'PART', 'V+PRON', 'NOUN+NSUFF']",Egypt
217,218,@mezo83 انا بأتفرج علي أفلام و بس يا لايت يا كوميدي ، اللي بيتفرجوا علي البرامج دول ربنا يديهم الصحة,"['@mezo83', 'انا', 'بأتفرج', 'علي', 'أفلام', 'و', 'بس', 'يا', 'لايت', 'يا', 'كوميدي', '،', 'اللي', 'بيتفرجوا', 'علي', 'البرامج', 'دول', 'ربنا', 'يديهم', 'الصحة']","['MENTION', 'PRON', 'PROG_PART+V', 'PREP', 'NOUN', 'CONJ', 'ADV', 'PART', 'ADJ', 'PART', 'ADJ', 'PUNC', 'PART', 'PROG_PART+V+PRON', 'PREP', 'DET+NOUN', 'PRON', 'NOUN+PRON', 'V+PRON', 'DET+NOUN+NSUFF']",Egypt
218,219,طب على فكرة احساس حلو ان حد يحكيلك حاجة و تبقى عارف انه بيحكيهالك انت بس ، حتى لو حاجة هبلة :),"['طب', 'على', 'فكرة', 'احساس', 'حلو', 'ان', 'حد', 'يحكيلك', 'حاجة', 'و', 'تبقى', 'عارف', 'انه', 'بيحكيهالك', 'انت', 'بس', '،', 'حتى', 'لو', 'حاجة', 'هبلة', ':)']","['ADJ', 'PREP', 'NOUN+NSUFF', 'NOUN', 'ADJ', 'PART', 'NOUN', 'V+PREP+PRON', 'NOUN+NSUFF', 'CONJ', 'V', 'ADJ', 'PART+PRON', 'PROG_PART+V+PRON+PREP+PRON', 'PRON', 'ADV', 'PUNC', 'PART', 'PART', 'NOUN+NSUFF', 'ADJ+NSUFF', 'EMOT']",Egypt
219,220,الست العظيمة اللي في الصورة بظهرها دي ، ممكن تكون الست الوحيدة في مصر الجديرة اني اقولها كل سنة وانتي طيبة في عيد الام http://t.co/EF5cWot6sJ,"['الست', 'العظيمة', 'اللي', 'في', 'الصورة', 'بظهرها', 'دي', '،', 'ممكن', 'تكون', 'الست', 'الوحيدة', 'في', 'مصر', 'الجديرة', 'اني', 'اقولها', 'كل', 'سنة', 'وانتي', 'طيبة', 'في', 'عيد', 'الام', 'http://t.co/EF5cWot6sJ']","['DET+NOUN', 'DET+ADJ+NSUFF', 'PART', 'PREP', 'DET+NOUN+NSUFF', 'PREP+NOUN+PRON', 'PRON', 'PUNC', 'ADJ', 'V', 'DET+NOUN', 'DET+ADJ+NSUFF', 'PREP', 'NOUN', 'DET+ADJ+NSUFF', 'PART+PRON', 'V+PREP+PRON', 'NOUN', 'NOUN+NSUFF', 'CONJ+PRON', 'ADJ+NSUFF', 'PREP', 'NOUN', 'DET+NOUN', 'URL']",Egypt
220,221,@EtisalatMisr في 2008 قدت حملة لتحويل كل افراد عائلتي من فودافون لاتصالات وحصل . . دلوقتي انا هاعمل العكس وكله هايرجع فودافون تاني .,"['@EtisalatMisr', 'في', '2008', 'قدت', 'حملة', 'لتحويل', 'كل', 'افراد', 'عائلتي', 'من', 'فودافون', 'لاتصالات', 'وحصل', '.', '.', 'دلوقتي', 'انا', 'هاعمل', 'العكس', 'وكله', 'هايرجع', 'فودافون', 'تاني', '.']","['MENTION', 'PREP', 'NUM', 'V+PRON', 'NOUN+NSUFF', 'PREP+NOUN', 'NOUN', 'NOUN', 'NOUN+NSUFF+PRON', 'PREP', 'NOUN', 'PREP+NOUN+NSUFF', 'CONJ+V', 'PUNC', 'PUNC', 'NOUN', 'PRON', 'FUT_PART+V', 'DET+NOUN', 'CONJ+NOUN+PRON', 'FUT_PART+V', 'NOUN', 'ADJ', 'PUNC']",Egypt
221,222,ايه أهمية سجدة اللاعب بعد الجون ؟ لو شكرت ربنا في سرك مش هيتقبل ؟ واشمعني في الكورة ؟ ليه الطباخ مثلاً بعد ما يشوح حتة بفتيك حلوة ما بيسجدش,"['ايه', 'أهمية', 'سجدة', 'اللاعب', 'بعد', 'الجون', '؟', 'لو', 'شكرت', 'ربنا', 'في', 'سرك', 'مش', 'هيتقبل', '؟', 'واشمعني', 'في', 'الكورة', '؟', 'ليه', 'الطباخ', 'مثلاً', 'بعد', 'ما', 'يشوح', 'حتة', 'بفتيك', 'حلوة', 'ما', 'بيسجدش']","['PART', 'NOUN+NSUFF', 'NOUN+NSUFF', 'DET+NOUN', 'NOUN', 'DET+NOUN', 'PUNC', 'PART', 'V+PRON', 'NOUN+PRON', 'PREP', 'NOUN+PRON', 'PART', 'FUT_PART+V', 'PUNC', 'CONJ+PART', 'PREP', 'DET+NOUN+NSUFF', 'PUNC', 'PART', 'DET+NOUN', 'NOUN+CASE', 'NOUN', 'PART', 'V', 'NOUN+NSUFF', 'NOUN', 'ADJ+NSUFF', 'PART', 'PROG_PART+V+NEG_PART']",Egypt
222,223,أي حد بعد كده يتحرش بالستات والبنات في الشارع ولا يهمه . . . أصلها جريمة أخلاقية وكده . . . عادي يعتذر بعدها والمجتمع يقبله تاني مفيش مشكلة .,"['أي', 'حد', 'بعد', 'كده', 'يتحرش', 'بالستات', 'والبنات', 'في', 'الشارع', 'ولا', 'يهمه', '.', '.', '.', 'أصلها', 'جريمة', 'أخلاقية', 'وكده', '.', '.', '.', 'عادي', 'يعتذر', 'بعدها', 'والمجتمع', 'يقبله', 'تاني', 'مفيش', 'مشكلة', '.']","['NOUN', 'NOUN', 'NOUN', 'PRON', 'V', 'PREP+DET+NOUN+NSUFF', 'CONJ+DET+NOUN', 'PREP', 'DET+NOUN', 'CONJ+PART', 'V+PRON', 'PUNC', 'PUNC', 'PUNC', 'NOUN+PRON', 'NOUN+NSUFF', 'ADJ+NSUFF', 'CONJ+ADV', 'PUNC', 'PUNC', 'PUNC', 'ADJ', 'V', 'NOUN+PRON', 'CONJ+DET+NOUN', 'V+PRON', 'ADJ', 'PART+PREP+NEG_PART', 'NOUN+NSUFF', 'PUNC']",Egypt
223,224,اصل دايما الكلام الصح بيجرح ويوجع اوى بس لازم نسمعه عشان بيفوقنا .,"['اصل', 'دايما', 'الكلام', 'الصح', 'بيجرح', 'ويوجع', 'اوى', 'بس', 'لازم', 'نسمعه', 'عشان', 'بيفوقنا', '.']","['NOUN', 'ADJ+CASE', 'DET+NOUN', 'DET+NOUN', 'PROG_PART+V', 'CONJ+V', 'ADJ', 'PART', 'ADJ', 'V+PRON', 'PART', 'PROG_PART+V+PRON', 'PUNC']",Egypt
224,225,فجأة بتلاقى المشاكل كلها ورا بعدها وبتبقى عارف ان دا ابتلاء من ربنا وان ربنا بيختبرك بس وانت فى الموقف بيبقى صعب بس لازم تصبر وربنا هيعدلها .,"['فجأة', 'بتلاقى', 'المشاكل', 'كلها', 'ورا', 'بعدها', 'وبتبقى', 'عارف', 'ان', 'دا', 'ابتلاء', 'من', 'ربنا', 'وان', 'ربنا', 'بيختبرك', 'بس', 'وانت', 'فى', 'الموقف', 'بيبقى', 'صعب', 'بس', 'لازم', 'تصبر', 'وربنا', 'هيعدلها', '.']","['NOUN+NSUFF', 'PROG_PART+V+PRON', 'DET+NOUN', 'NOUN+PRON', 'NOUN', 'NOUN+PRON', 'CONJ+PROG_PART+V', 'ADJ', 'PART', 'PRON', 'NOUN', 'PREP', 'NOUN+PRON', 'CONJ+PART', 'NOUN+PRON', 'PROG_PART+V+PRON', 'PART', 'CONJ+PRON', 'PREP', 'DET+NOUN', 'PROG_PART+V', 'ADJ', 'PART', 'ADJ', 'V', 'CONJ+NOUN+PRON', 'FUT_PART+V+PRON', 'PUNC']",Egypt
225,226,مليون بنت هتحبك ومليون بنت هتسيبك مفيش غير واحدة هتدوملك وتقبل بيك على عيبك,"['مليون', 'بنت', 'هتحبك', 'ومليون', 'بنت', 'هتسيبك', 'مفيش', 'غير', 'واحدة', 'هتدوملك', 'وتقبل', 'بيك', 'على', 'عيبك']","['NUM', 'NOUN', 'FUT_PART+V+PRON', 'CONJ+NUM', 'NOUN', 'FUT_PART+V+PRON', 'PART+PREP+NEG_PART', 'NOUN', 'NOUN+NSUFF', 'FUT_PART+V+PREP+PRON', 'CONJ+V', 'PREP+PRON', 'PREP', 'NOUN+PRON']",Egypt
226,227,الناس ماتعرفش ان الدستور عندنا فى مصر زية زى النيش فى البيت . . بنطلع منة الحاجة اللى احنا عايزنها فى الوقت اللى احنا عايزينة بس,"['الناس', 'ماتعرفش', 'ان', 'الدستور', 'عندنا', 'فى', 'مصر', 'زية', 'زى', 'النيش', 'فى', 'البيت', '.', '.', 'بنطلع', 'منة', 'الحاجة', 'اللى', 'احنا', 'عايزنها', 'فى', 'الوقت', 'اللى', 'احنا', 'عايزينة', 'بس']","['DET+NOUN', 'PART+V+NEG_PART', 'PART', 'DET+NOUN', 'NOUN+PRON', 'PREP', 'NOUN', 'NOUN+PRON', 'NOUN', 'DET+NOUN', 'PREP', 'DET+NOUN', 'PUNC', 'PUNC', 'PROG_PART+V', 'PREP+PRON', 'DET+NOUN+NSUFF', 'PART', 'PRON', 'ADJ+NSUFF+PRON', 'PREP', 'DET+NOUN', 'PART', 'PRON', 'ADJ+NSUFF+PRON', 'ADV']",Egypt
227,228,اكثر ناس بحترمهم اللي لما يغلطوا ميقعدوش يكابروا ويكملوا في غلطهم او يبرروا لا بيعتذروا وبيعترفوا بغلطهم الاعتذار سمة الشجعان !,"['اكثر', 'ناس', 'بحترمهم', 'اللي', 'لما', 'يغلطوا', 'ميقعدوش', 'يكابروا', 'ويكملوا', 'في', 'غلطهم', 'او', 'يبرروا', 'لا', 'بيعتذروا', 'وبيعترفوا', 'بغلطهم', 'الاعتذار', 'سمة', 'الشجعان', '!']","['ADJ', 'NOUN', 'PROG_PART+V+PRON', 'PART', 'PART', 'V+PRON', 'PART+V+PRON+NEG_PART', 'V+PRON', 'CONJ+V+PRON', 'PREP', 'NOUN+PRON', 'CONJ', 'V+PRON', 'PART', 'PROG_PART+V+PRON', 'CONJ+PROG_PART+V+PRON', 'PREP+NOUN+PRON', 'DET+NOUN', 'NOUN+NSUFF', 'DET+NOUN', 'PUNC']",Egypt
228,229,ومين فينا مخسرش ناس متوقعش ف يوم انه يخسرهم و قربوا منه ناس متصورش ف يوم انه هيعرفهم .,"['ومين', 'فينا', 'مخسرش', 'ناس', 'متوقعش', 'ف', 'يوم', 'انه', 'يخسرهم', 'و', 'قربوا', 'منه', 'ناس', 'متصورش', 'ف', 'يوم', 'انه', 'هيعرفهم', '.']","['CONJ+PART', 'PREP+PRON', 'PART+V+NEG_PART', 'NOUN', 'PART+V+NEG_PART', 'PREP', 'NOUN', 'PART+PRON', 'V+PRON', 'CONJ', 'V+PRON', 'PREP+PRON', 'NOUN', 'PART+V+NEG_PART', 'PREP', 'NOUN', 'PART+PRON', 'FUT_PART+V+PRON', 'PUNC']",Egypt
229,230,اكتر حاجه نفسى فى اللى هتجوزه انه يكون طوويل بغض النظر عن ملامحه و عندى احساس انها مش هتحقق,"['اكتر', 'حاجه', 'نفسى', 'فى', 'اللى', 'هتجوزه', 'انه', 'يكون', 'طوويل', 'بغض', 'النظر', 'عن', 'ملامحه', 'و', 'عندى', 'احساس', 'انها', 'مش', 'هتحقق']","['ADJ', 'NOUN+NSUFF', 'NOUN+PRON', 'PREP', 'PART', 'FUT_PART+V+PRON', 'PART+PRON', 'V', 'ADJ', 'PREP+NOUN', 'DET+NOUN', 'PREP', 'NOUN+PRON', 'CONJ', 'NOUN+PRON', 'NOUN', 'PART+PRON', 'PART', 'FUT_PART+V']",Egypt
230,231,@Rababoush انا عارفه انك هاتستغربى التويته دى . . . . بس انا فعلا محتاجه مساعده من دكتور أمراض نفسيه ومش عارفه اسم دكتور كويس,"['@Rababoush', 'انا', 'عارفه', 'انك', 'هاتستغربى', 'التويته', 'دى', '.', '.', '.', '.', 'بس', 'انا', 'فعلا', 'محتاجه', 'مساعده', 'من', 'دكتور', 'أمراض', 'نفسيه', 'ومش', 'عارفه', 'اسم', 'دكتور', 'كويس']","['MENTION', 'PRON', 'ADJ+NSUFF', 'PART+PRON', 'FUT_PART+V+PRON', 'DET+NOUN+NSUFF', 'PRON', 'PUNC', 'PUNC', 'PUNC', 'PUNC', 'PART', 'PRON', 'NOUN+CASE', 'ADJ+NSUFF', 'NOUN+NSUFF', 'PREP', 'NOUN', 'NOUN', 'ADJ+NSUFF', 'CONJ+PART', 'ADJ+NSUFF', 'NOUN', 'NOUN', 'ADJ']",Egypt
231,232,مش فاهم ايه وجه الإنبهار اللي في الطاووس . . يا جدعان ده عباره عن بطه مبالغ فيها ! :D,"['مش', 'فاهم', 'ايه', 'وجه', 'الإنبهار', 'اللي', 'في', 'الطاووس', '.', '.', 'يا', 'جدعان', 'ده', 'عباره', 'عن', 'بطه', 'مبالغ', 'فيها', '!', ':D']","['PART', 'ADJ', 'PART', 'NOUN', 'DET+NOUN', 'PART', 'PREP', 'DET+NOUN', 'PUNC', 'PUNC', 'PART', 'NOUN', 'PRON', 'NOUN+NSUFF', 'PREP', 'NOUN+NSUFF', 'ADJ', 'PREP+PRON', 'PUNC', 'EMOT']",Egypt
232,233,ساعات بضطر اسيب الناس عشان مبقاش تقيله علي حد . .,"['ساعات', 'بضطر', 'اسيب', 'الناس', 'عشان', 'مبقاش', 'تقيله', 'علي', 'حد', '.', '.']","['NOUN+NSUFF', 'PROG_PART+V', 'V', 'DET+NOUN', 'PART', 'PART+V+NEG_PART', 'ADJ+NSUFF', 'PREP', 'NOUN', 'PUNC', 'PUNC']",Egypt
233,234,حاله في مستشفي دمنهور العام محتاجه 60 كيس دم بكره عشان هيتبدلوا ببلازما والموضوع طارئ جدا ولازم الدم يجهز بكره . . . http://t.co/DX7wa3qpAN,"['حاله', 'في', 'مستشفي', 'دمنهور', 'العام', 'محتاجه', '60', 'كيس', 'دم', 'بكره', 'عشان', 'هيتبدلوا', 'ببلازما', 'والموضوع', 'طارئ', 'جدا', 'ولازم', 'الدم', 'يجهز', 'بكره', '.', '.', '.', 'http://t.co/DX7wa3qpAN']","['NOUN+NSUFF', 'PREP', 'NOUN', 'NOUN', 'DET+ADJ', 'ADJ+NSUFF', 'NUM', 'NOUN', 'NOUN', 'NOUN+NSUFF', 'PART', 'FUT_PART+V+PRON', 'PREP+NOUN', 'CONJ+DET+NOUN', 'ADJ', 'NOUN+CASE', 'CONJ+ADJ', 'DET+NOUN', 'V', 'NOUN+NSUFF', 'PUNC', 'PUNC', 'PUNC', 'URL']",Egypt
234,235,لما بيزيد الهرى فى موضوع معين بيبقى رخم . . فبطلو تتريقوا على شيرين إنتو مش ملايكه يعنى عالأقل هيا على طبيعتها مش زيكو مصطنعين ! #MBCTheVoice,"['لما', 'بيزيد', 'الهرى', 'فى', 'موضوع', 'معين', 'بيبقى', 'رخم', '.', '.', 'فبطلو', 'تتريقوا', 'على', 'شيرين', 'إنتو', 'مش', 'ملايكه', 'يعنى', 'عالأقل', 'هيا', 'على', 'طبيعتها', 'مش', 'زيكو', 'مصطنعين', '!', '#MBCTheVoice']","['PART', 'PROG_PART+V', 'DET+NOUN', 'PREP', 'NOUN', 'ADJ', 'PROG_PART+V', 'ADJ', 'PUNC', 'PUNC', 'CONJ+V+PRON', 'V+PRON', 'PREP', 'NOUN', 'PRON', 'PART', 'NOUN+NSUFF', 'ADV', 'PREP+DET+ADJ', 'PRON', 'PREP', 'NOUN+NSUFF+PRON', 'PART', 'NOUN+PRON', 'ADJ+NSUFF', 'PUNC', 'HASH']",Egypt
235,236,حياتك لو ماشي معاها موسيقي تصويرية هتحس إنك ف كابوس مش عارف تخلص منة ، مش عارف نهايتة امتي ؟ مع إن نفسك الفيلم يطول شوية جايز تبقي نهايتة سعيدة,"['حياتك', 'لو', 'ماشي', 'معاها', 'موسيقي', 'تصويرية', 'هتحس', 'إنك', 'ف', 'كابوس', 'مش', 'عارف', 'تخلص', 'منة', '،', 'مش', 'عارف', 'نهايتة', 'امتي', '؟', 'مع', 'إن', 'نفسك', 'الفيلم', 'يطول', 'شوية', 'جايز', 'تبقي', 'نهايتة', 'سعيدة']","['NOUN+NSUFF+PRON', 'PART', 'ADJ', 'NOUN+PRON', 'NOUN', 'ADJ+NSUFF', 'FUT_PART+V', 'PART+PRON', 'PREP', 'NOUN', 'PART', 'ADJ', 'V', 'PREP+PRON', 'PUNC', 'PART', 'ADJ', 'NOUN+NSUFF+PRON', 'PART', 'PUNC', 'NOUN', 'PART', 'NOUN+PRON', 'DET+NOUN', 'V', 'NOUN+NSUFF', 'ADJ', 'V', 'NOUN+NSUFF+PRON', 'ADJ+NSUFF']",Egypt
236,237,بحب اسمع اي حد يحكيلي اللي بيحصله بس مبحبش احكي او بمعنى اصح مبعرفش .,"['بحب', 'اسمع', 'اي', 'حد', 'يحكيلي', 'اللي', 'بيحصله', 'بس', 'مبحبش', 'احكي', 'او', 'بمعنى', 'اصح', 'مبعرفش', '.']","['PROG_PART+V', 'V', 'NOUN', 'NOUN', 'V+PREP+PRON', 'PART', 'PROG_PART+V+PREP+PRON', 'PART', 'PART+PROG_PART+V+NEG_PART', 'V', 'CONJ', 'PREP+NOUN', 'ADJ', 'PART+PROG_PART+V+NEG_PART', 'PUNC']",Egypt
237,238,@vivavivooo أوبا انا كمان من أسيوط علي فكرة بس عمري ما رحت ، ، بس عارف ان الصعايدة اتغيروا عن زمان ، ، وكل اللي بيتعمل في الدراما قلش,"['@vivavivooo', 'أوبا', 'انا', 'كمان', 'من', 'أسيوط', 'علي', 'فكرة', 'بس', 'عمري', 'ما', 'رحت', '،', '،', 'بس', 'عارف', 'ان', 'الصعايدة', 'اتغيروا', 'عن', 'زمان', '،', '،', 'وكل', 'اللي', 'بيتعمل', 'في', 'الدراما', 'قلش']","['MENTION', 'ADV', 'PRON', 'ADV', 'PREP', 'NOUN', 'PREP', 'NOUN+NSUFF', 'PART', 'NOUN+PRON', 'PART', 'V+PRON', 'PUNC', 'PUNC', 'PART', 'ADJ', 'PART', 'DET+NOUN+NSUFF', 'V+PRON', 'PREP', 'NOUN', 'PUNC', 'PUNC', 'CONJ+NOUN', 'PART', 'PROG_PART+V', 'PREP', 'DET+NOUN', 'NOUN']",Egypt
238,239,البنات بتفرح من اصغر كلمة وبتزعل من اصغر اصغر كلمة كائنات غريبه بس حلوة,"['البنات', 'بتفرح', 'من', 'اصغر', 'كلمة', 'وبتزعل', 'من', 'اصغر', 'اصغر', 'كلمة', 'كائنات', 'غريبه', 'بس', 'حلوة']","['DET+NOUN', 'PROG_PART+V', 'PREP', 'ADJ', 'NOUN+NSUFF', 'CONJ+PROG_PART+V', 'PREP', 'ADJ', 'ADJ', 'NOUN+NSUFF', 'NOUN+NSUFF', 'ADJ+NSUFF', 'PART', 'ADJ+NSUFF']",Egypt
239,240,بعد ما رجعت كان رب الأسرة اتوفى والمعايش بقت صعبة فقررت تنزل تدور على شغل ونظرا لأنها بقت مدام وواخدة حريتها شوية عن قبل كده الأسرة وافقت,"['بعد', 'ما', 'رجعت', 'كان', 'رب', 'الأسرة', 'اتوفى', 'والمعايش', 'بقت', 'صعبة', 'فقررت', 'تنزل', 'تدور', 'على', 'شغل', 'ونظرا', 'لأنها', 'بقت', 'مدام', 'وواخدة', 'حريتها', 'شوية', 'عن', 'قبل', 'كده', 'الأسرة', 'وافقت']","['NOUN', 'PART', 'V+PRON', 'V', 'NOUN', 'DET+NOUN+NSUFF', 'V', 'CONJ+DET+NOUN', 'V+PRON', 'ADJ+NSUFF', 'CONJ+V+PRON', 'V', 'V', 'PREP', 'NOUN', 'CONJ+NOUN+CASE', 'PREP+PART+PRON', 'V+PRON', 'NOUN', 'CONJ+ADJ+NSUFF', 'NOUN+NSUFF+PRON', 'NOUN+NSUFF', 'PREP', 'NOUN', 'ADV', 'DET+NOUN+NSUFF', 'V+PRON']",Egypt
240,241,مستني ايه من #بلد علشان تشتغل فيها لازم يبقى معاك شهاده خبره ! وعلشان تجيب شهاده خبره لازم تشتغل :( ^_^,"['مستني', 'ايه', 'من', '#بلد', 'علشان', 'تشتغل', 'فيها', 'لازم', 'يبقى', 'معاك', 'شهاده', 'خبره', '!', 'وعلشان', 'تجيب', 'شهاده', 'خبره', 'لازم', 'تشتغل', ':(', '^_^']","['ADJ', 'PART', 'PREP', 'HASH', 'PART', 'V', 'PREP+PRON', 'ADJ', 'V', 'NOUN+PRON', 'NOUN+NSUFF', 'NOUN+NSUFF', 'PUNC', 'CONJ+PART', 'V', 'NOUN+NSUFF', 'NOUN+NSUFF', 'ADJ', 'V', 'EMOT', 'EMOT']",Egypt
241,242,"@MohamedSalah___ لا لو سمحت :D , , انا عشان مبعرفش اكدب بكح :D , , فى ناس تانية بتكدب ومبيرمشلهاش رمش :D قشطة","['@MohamedSalah___', 'لا', 'لو', 'سمحت', ':D', ',', ',', 'انا', 'عشان', 'مبعرفش', 'اكدب', 'بكح', ':D', ',', ',', 'فى', 'ناس', 'تانية', 'بتكدب', 'ومبيرمشلهاش', 'رمش', ':D', 'قشطة']","['MENTION', 'PART', 'PART', 'V+PRON', 'EMOT', 'PUNC', 'PUNC', 'PRON', 'PART', 'PART+PROG_PART+V+NEG_PART', 'V', 'PROG_PART+V', 'EMOT', 'PUNC', 'PUNC', 'PREP', 'NOUN', 'ADJ+NSUFF', 'PROG_PART+V', 'CONJ+PART+PROG_PART+V+PREP+PRON+NEG_PART', 'NOUN', 'EMOT', 'NOUN+NSUFF']",Egypt
242,243,فاكرين لما قلت عندي امل في البلد انسوا اني قلت كده البلد دي ملهاش غير ربنا انما امل دي تبقي خالتك,"['فاكرين', 'لما', 'قلت', 'عندي', 'امل', 'في', 'البلد', 'انسوا', 'اني', 'قلت', 'كده', 'البلد', 'دي', 'ملهاش', 'غير', 'ربنا', 'انما', 'امل', 'دي', 'تبقي', 'خالتك']","['ADJ+NSUFF', 'PART', 'V+PRON', 'NOUN+PRON', 'NOUN', 'PREP', 'DET+NOUN', 'V+PRON', 'PART+PRON', 'V+PRON', 'ADV', 'DET+NOUN', 'PRON', 'PART+PREP+PRON+NEG_PART', 'NOUN', 'NOUN+PRON', 'PART', 'NOUN', 'PRON', 'V', 'NOUN+NSUFF+PRON']",Egypt
243,244,عايز ايه من بلد الناس اللي عايشه في البلد بتقول عايز ايه من بلد و بعدين تروح تغلط في البلد اللي هي اصلن بلدها,"['عايز', 'ايه', 'من', 'بلد', 'الناس', 'اللي', 'عايشه', 'في', 'البلد', 'بتقول', 'عايز', 'ايه', 'من', 'بلد', 'و', 'بعدين', 'تروح', 'تغلط', 'في', 'البلد', 'اللي', 'هي', 'اصلن', 'بلدها']","['ADJ', 'PART', 'PREP', 'NOUN', 'DET+NOUN', 'PART', 'ADJ+NSUFF', 'PREP', 'DET+NOUN', 'PROG_PART+V', 'ADJ', 'PART', 'PREP', 'NOUN', 'CONJ', 'NOUN', 'V', 'V', 'PREP', 'DET+NOUN', 'PART', 'PRON', 'NOUN+CASE', 'NOUN+PRON']",Egypt
244,245,الموضوع بسيط اقعد مع الناس اللى بتحبهم وبيسعدوك وابعد عن الناس اللى بتضايقك وبتنكد عليك الحياة مش ناقصة كآبة وتعقيد هى منيلة لوحدها ! !,"['الموضوع', 'بسيط', 'اقعد', 'مع', 'الناس', 'اللى', 'بتحبهم', 'وبيسعدوك', 'وابعد', 'عن', 'الناس', 'اللى', 'بتضايقك', 'وبتنكد', 'عليك', 'الحياة', 'مش', 'ناقصة', 'كآبة', 'وتعقيد', 'هى', 'منيلة', 'لوحدها', '!', '!']","['DET+NOUN', 'ADJ', 'V', 'NOUN', 'DET+NOUN', 'PART', 'PROG_PART+V+PRON', 'CONJ+PROG_PART+V+PRON+PRON', 'CONJ+V', 'PREP', 'DET+NOUN', 'PART', 'PROG_PART+V+PRON', 'CONJ+PROG_PART+V', 'PREP+PRON', 'DET+NOUN+NSUFF', 'PART', 'ADJ+NSUFF', 'NOUN+NSUFF', 'CONJ+NOUN', 'PRON', 'ADJ+NSUFF', 'PREP+NOUN+PRON', 'PUNC', 'PUNC']",Egypt
245,246,مهما كان الشخص اللى قدامك عنده حاجات حلوه و ميزات انت بتتمناها تبقى عندك ، لو دورت جواه هتلاقيه هو كمان عنده حاجات ناقصه و بيحسدك عليها :'),"['مهما', 'كان', 'الشخص', 'اللى', 'قدامك', 'عنده', 'حاجات', 'حلوه', 'و', 'ميزات', 'انت', 'بتتمناها', 'تبقى', 'عندك', '،', 'لو', 'دورت', 'جواه', 'هتلاقيه', 'هو', 'كمان', 'عنده', 'حاجات', 'ناقصه', 'و', 'بيحسدك', 'عليها', "":')""]","['PART', 'V', 'DET+NOUN', 'PART', 'NOUN+PRON', 'NOUN+PRON', 'NOUN+NSUFF', 'ADJ+NSUFF', 'CONJ', 'NOUN+NSUFF', 'PRON', 'PROG_PART+V+PRON', 'V', 'NOUN+PRON', 'PUNC', 'PART', 'V+PRON', 'NOUN+NSUFF+PRON', 'FUT_PART+V+PRON+PRON', 'PRON', 'ADV', 'NOUN+PRON', 'NOUN+NSUFF', 'ADJ+NSUFF', 'CONJ', 'PROG_PART+V+PRON', 'PREP+PRON', 'EMOT']",Egypt
246,247,الرجاله مبتحبش البنت الهبله الطيبه الي بتحبهم ! بيحبوا البنت الجامده الي تبهدلهم ويخليهم يلفوا حولين نفسهم :D,"['الرجاله', 'مبتحبش', 'البنت', 'الهبله', 'الطيبه', 'الي', 'بتحبهم', '!', 'بيحبوا', 'البنت', 'الجامده', 'الي', 'تبهدلهم', 'ويخليهم', 'يلفوا', 'حولين', 'نفسهم', ':D']","['DET+NOUN+NSUFF', 'PART+PROG_PART+V+NEG_PART', 'DET+NOUN', 'DET+ADJ+NSUFF', 'DET+ADJ+NSUFF', 'PART', 'PROG_PART+V+PRON', 'PUNC', 'PROG_PART+V+PRON', 'DET+NOUN', 'DET+ADJ+NSUFF', 'PART', 'V+PRON', 'CONJ+V+PRON', 'V+PRON', 'NOUN', 'NOUN+PRON', 'EMOT']",Egypt
247,248,@eman_rm70 @QueenANDDY والله هيا مشاركة بس علشان موللي فرحانه انما احنا اهلاوية حتي النخاع وهيا دي الروح الرياضيه,"['@eman_rm70', '@QueenANDDY', 'والله', 'هيا', 'مشاركة', 'بس', 'علشان', 'موللي', 'فرحانه', 'انما', 'احنا', 'اهلاوية', 'حتي', 'النخاع', 'وهيا', 'دي', 'الروح', 'الرياضيه']","['MENTION', 'MENTION', 'CONJ+NOUN', 'PRON', 'NOUN+NSUFF', 'ADV', 'PART', 'NOUN', 'ADJ+NSUFF', 'PART', 'PRON', 'NOUN+NSUFF', 'PART', 'DET+NOUN', 'CONJ+PRON', 'PRON', 'DET+NOUN', 'DET+ADJ+NSUFF']",Egypt
248,249,لو لقيت واحد ماشي يكلم نفسه ، ماتخفش منه دة غلبان وفي #ثانوية_عامة,"['لو', 'لقيت', 'واحد', 'ماشي', 'يكلم', 'نفسه', '،', 'ماتخفش', 'منه', 'دة', 'غلبان', 'وفي', '#ثانوية_عامة']","['PART', 'V+PRON', 'NOUN', 'ADJ', 'V', 'NOUN+PRON', 'PUNC', 'PART+V+NEG_PART', 'PREP+PRON', 'PRON', 'ADJ', 'CONJ+PREP', 'HASH']",Egypt
249,250,@A_adam_Alhayat شوف دى يا فنان ومبروك رجوع بنى آدم شو صورة تحكى ملخص القصة نزل اعتذار دلوقتى برضه بيستغفلنا https://t.co/9tZG46WbfN,"['@A_adam_Alhayat', 'شوف', 'دى', 'يا', 'فنان', 'ومبروك', 'رجوع', 'بنى', 'آدم', 'شو', 'صورة', 'تحكى', 'ملخص', 'القصة', 'نزل', 'اعتذار', 'دلوقتى', 'برضه', 'بيستغفلنا', 'https://t.co/9tZG46WbfN']","['MENTION', 'V', 'PRON', 'PART', 'NOUN', 'CONJ+ADJ', 'NOUN', 'NOUN', 'NOUN', 'NOUN', 'NOUN+NSUFF', 'V', 'NOUN', 'DET+NOUN+NSUFF', 'V', 'NOUN', 'NOUN', 'ADV', 'PROG_PART+V+PRON', 'URL']",Egypt
250,251,"يوم فرحك انت بتختار مين يجيلك , بس يوم موتك ناس معينه هي اللي هتختار تيجي !","['يوم', 'فرحك', 'انت', 'بتختار', 'مين', 'يجيلك', ',', 'بس', 'يوم', 'موتك', 'ناس', 'معينه', 'هي', 'اللي', 'هتختار', 'تيجي', '!']","['NOUN', 'NOUN+PRON', 'PRON', 'PROG_PART+V', 'PART', 'V+PREP+PRON', 'PUNC', 'PART', 'NOUN', 'NOUN+PRON', 'NOUN', 'ADJ+NSUFF', 'PRON', 'PART', 'FUT_PART+V', 'V', 'PUNC']",Egypt
251,252,كان بيطلع مونولوجست على خشبة المسرح بين فصول الرواية يسلى الجمهور . المرة دي طلع مبتذل . ربنا خده الحمد لله نرجع للجد بقى http://t.co/tShnI1U5W6,"['كان', 'بيطلع', 'مونولوجست', 'على', 'خشبة', 'المسرح', 'بين', 'فصول', 'الرواية', 'يسلى', 'الجمهور', '.', 'المرة', 'دي', 'طلع', 'مبتذل', '.', 'ربنا', 'خده', 'الحمد', 'لله', 'نرجع', 'للجد', 'بقى', 'http://t.co/tShnI1U5W6']","['V', 'PROG_PART+V', 'NOUN', 'PREP', 'NOUN+NSUFF', 'DET+NOUN', 'NOUN', 'NOUN', 'DET+NOUN+NSUFF', 'V', 'DET+NOUN', 'PUNC', 'DET+NOUN+NSUFF', 'PRON', 'V', 'ADJ', 'PUNC', 'NOUN+PRON', 'V+PRON', 'DET+NOUN', 'PREP+NOUN', 'V', 'PREP+DET+NOUN', 'ADV', 'URL']",Egypt
252,253,يا رب انا مش عايز اجيب مجموع عشانى ، انا عايز اجيب مجموع عشان ابويا و امى و عشان فلوس الدروس دى مش مال حرام يعنى ! #ثانوية_عامة,"['يا', 'رب', 'انا', 'مش', 'عايز', 'اجيب', 'مجموع', 'عشانى', '،', 'انا', 'عايز', 'اجيب', 'مجموع', 'عشان', 'ابويا', 'و', 'امى', 'و', 'عشان', 'فلوس', 'الدروس', 'دى', 'مش', 'مال', 'حرام', 'يعنى', '!', '#ثانوية_عامة']","['PART', 'NOUN', 'PRON', 'PART', 'ADJ', 'V', 'NOUN', 'PART+PRON', 'PUNC', 'PRON', 'ADJ', 'V', 'NOUN', 'PART', 'NOUN+CASE+PRON', 'CONJ', 'NOUN+NSUFF', 'CONJ', 'PART', 'NOUN', 'DET+NOUN', 'PRON', 'PART', 'NOUN', 'NOUN', 'ADV', 'PUNC', 'HASH']",Egypt
253,254,مبنفكرش في المستقبل اكتر ما بنتمنى نرجع للماضي عشان نصلح اخطائنا ونكون احسن من دلوقتي !,"['مبنفكرش', 'في', 'المستقبل', 'اكتر', 'ما', 'بنتمنى', 'نرجع', 'للماضي', 'عشان', 'نصلح', 'اخطائنا', 'ونكون', 'احسن', 'من', 'دلوقتي', '!']","['PART+PROG_PART+V+NEG_PART', 'PREP', 'DET+NOUN', 'ADJ', 'PART', 'PROG_PART+V', 'V', 'PREP+DET+NOUN', 'PART', 'V', 'NOUN+PRON', 'CONJ+V', 'ADJ', 'PREP', 'NOUN', 'PUNC']",Egypt
254,255,انا اللى مصبرنى ع المحاضره دى . . المروحه اللى فوقيا . . . يخربيت الطراوه يعنى :D,"['انا', 'اللى', 'مصبرنى', 'ع', 'المحاضره', 'دى', '.', '.', 'المروحه', 'اللى', 'فوقيا', '.', '.', '.', 'يخربيت', 'الطراوه', 'يعنى', ':D']","['PRON', 'PART', 'ADJ+PRON', 'PREP', 'DET+NOUN+NSUFF', 'PRON', 'PUNC', 'PUNC', 'DET+NOUN+NSUFF', 'PART', 'NOUN+PRON', 'PUNC', 'PUNC', 'PUNC', 'V+NOUN', 'DET+NOUN+NSUFF', 'ADV', 'EMOT']",Egypt
255,256,جامدة فعلاً RT@Semary011: واحد امبارح بيهزر قال حاجة مرعبة ، ما تشوف كده اسمك يمكن تلاقيه في ال 529 واحد اللي واخدين اعدام !,"['جامدة', 'فعلاً', 'RT@Semary011:', 'واحد', 'امبارح', 'بيهزر', 'قال', 'حاجة', 'مرعبة', '،', 'ما', 'تشوف', 'كده', 'اسمك', 'يمكن', 'تلاقيه', 'في', 'ال', '529', 'واحد', 'اللي', 'واخدين', 'اعدام', '!']","['ADJ+NSUFF', 'NOUN+CASE', 'MENTION', 'NOUN', 'NOUN', 'PROG_PART+V', 'V', 'NOUN+NSUFF', 'ADJ+NSUFF', 'PUNC', 'PART', 'V', 'ADV', 'NOUN+PRON', 'V', 'V+PRON', 'PREP', 'DET', 'NUM', 'NOUN', 'PART', 'ADJ+NSUFF', 'NOUN', 'PUNC']",Egypt
256,257,الكام شهر اللى جايين دول هيكونوا من أسوأ الشهور اللى عدت عليا فى حياتى . . للأسف .,"['الكام', 'شهر', 'اللى', 'جايين', 'دول', 'هيكونوا', 'من', 'أسوأ', 'الشهور', 'اللى', 'عدت', 'عليا', 'فى', 'حياتى', '.', '.', 'للأسف', '.']","['DET+NOUN', 'NOUN', 'PART', 'ADJ+NSUFF', 'PRON', 'FUT_PART+V+PRON', 'PREP', 'ADJ', 'DET+NOUN', 'PART', 'V+PRON', 'PREP+PRON', 'PREP', 'NOUN+NSUFF+PRON', 'PUNC', 'PUNC', 'PREP+DET+NOUN', 'PUNC']",Egypt
257,258,اللى حط الجدول لو قاصد ينتقم من بتوع علمى رياضة مكنش عمل كدا . . ليه كدا يا بيه ! ! #ثانوية_عامة,"['اللى', 'حط', 'الجدول', 'لو', 'قاصد', 'ينتقم', 'من', 'بتوع', 'علمى', 'رياضة', 'مكنش', 'عمل', 'كدا', '.', '.', 'ليه', 'كدا', 'يا', 'بيه', '!', '!', '#ثانوية_عامة']","['PART', 'V', 'DET+NOUN', 'PART', 'ADJ', 'V', 'PREP', 'NOUN', 'ADJ', 'NOUN+NSUFF', 'PART+V+NEG_PART', 'V', 'ADV', 'PUNC', 'PUNC', 'PART', 'ADV', 'PART', 'NOUN', 'PUNC', 'PUNC', 'HASH']",Egypt
258,259,يعني اعلان اتقل يا شعب الكبير جاي في الاخر طلعت اعلان مكرونة بس الي عمل الفكرة برنس اشتغل الشعب كلة :),"['يعني', 'اعلان', 'اتقل', 'يا', 'شعب', 'الكبير', 'جاي', 'في', 'الاخر', 'طلعت', 'اعلان', 'مكرونة', 'بس', 'الي', 'عمل', 'الفكرة', 'برنس', 'اشتغل', 'الشعب', 'كلة', ':)']","['ADV', 'NOUN', 'V', 'PART', 'NOUN', 'DET+ADJ', 'ADJ', 'PREP', 'DET+ADJ', 'V+PRON', 'NOUN', 'NOUN+NSUFF', 'PART', 'PART', 'V', 'DET+NOUN+NSUFF', 'NOUN', 'V', 'DET+NOUN', 'NOUN+PRON', 'EMOT']",Egypt
259,260,انا اخوياسريره بيبقى فيه كل حاجة بيبقى نايم وحواليه اكل وفاكهة وازايز مياه وشرابات وموبيله واللاب توب والريموت اى حاجة ضايعة فالبيت بنلاقيها,"['انا', 'اخوياسريره', 'بيبقى', 'فيه', 'كل', 'حاجة', 'بيبقى', 'نايم', 'وحواليه', 'اكل', 'وفاكهة', 'وازايز', 'مياه', 'وشرابات', 'وموبيله', 'واللاب', 'توب', 'والريموت', 'اى', 'حاجة', 'ضايعة', 'فالبيت', 'بنلاقيها']","['PRON', 'NOUN+CASE+NSUFF+NOUN+PRON', 'PROG_PART+V', 'PREP+PRON', 'NOUN', 'NOUN+NSUFF', 'PROG_PART+V', 'ADJ', 'CONJ+NOUN+PRON', 'NOUN', 'CONJ+NOUN+NSUFF', 'CONJ+NOUN', 'NOUN', 'CONJ+NOUN+NSUFF', 'CONJ+NOUN+PRON', 'CONJ+DET+NOUN', 'NOUN', 'CONJ+DET+NOUN', 'NOUN', 'NOUN+NSUFF', 'ADJ+NSUFF', 'PREP+DET+NOUN', 'PROG_PART+V+PRON']",Egypt
260,261,هيعجب بيكي عشان شكلك وهيجعب بيكي علشان شخصيتك بس في الاخر هيتقدملك علشان اخلاقك بس,"['هيعجب', 'بيكي', 'عشان', 'شكلك', 'وهيجعب', 'بيكي', 'علشان', 'شخصيتك', 'بس', 'في', 'الاخر', 'هيتقدملك', 'علشان', 'اخلاقك', 'بس']","['FUT_PART+V', 'PREP+PRON', 'PART', 'NOUN+PRON', 'CONJ+FUT_PART+V', 'PREP+PRON', 'PART', 'NOUN+NSUFF+PRON', 'PART', 'PREP', 'DET+ADJ', 'FUT_PART+V+PREP+PRON', 'PART', 'NOUN+PRON', 'ADV']",Egypt
261,262,ايه الاستفزاز ده . . . لو هو هايطلع بكفالة طيب ماطلعهوش بكفالة امبارح ليه او اول امبارح عشان يشارك في الحفله اللي تعب عشانها وكان احد اسبابها,"['ايه', 'الاستفزاز', 'ده', '.', '.', '.', 'لو', 'هو', 'هايطلع', 'بكفالة', 'طيب', 'ماطلعهوش', 'بكفالة', 'امبارح', 'ليه', 'او', 'اول', 'امبارح', 'عشان', 'يشارك', 'في', 'الحفله', 'اللي', 'تعب', 'عشانها', 'وكان', 'احد', 'اسبابها']","['PART', 'DET+NOUN', 'PRON', 'PUNC', 'PUNC', 'PUNC', 'PART', 'PRON', 'FUT_PART+V', 'PREP+NOUN+NSUFF', 'ADJ', 'PART+V+PRON+NEG_PART', 'PREP+NOUN+NSUFF', 'NOUN', 'PART', 'CONJ', 'NUM', 'NOUN', 'PART', 'V', 'PREP', 'DET+NOUN+NSUFF', 'PART', 'V', 'PART+PRON', 'CONJ+V', 'NOUN', 'NOUN+PRON']",Egypt
262,263,قال لك إنقلاب علشان هيرشح نفسه . . . يعنى هو كان كسب يعنى ؟ لسه فى إنتخابات حرة رقيعة #ضحكة_نزيهة,"['قال', 'لك', 'إنقلاب', 'علشان', 'هيرشح', 'نفسه', '.', '.', '.', 'يعنى', 'هو', 'كان', 'كسب', 'يعنى', '؟', 'لسه', 'فى', 'إنتخابات', 'حرة', 'رقيعة', '#ضحكة_نزيهة']","['V', 'PREP+PRON', 'NOUN', 'PART', 'FUT_PART+V', 'NOUN+PRON', 'PUNC', 'PUNC', 'PUNC', 'ADV', 'PRON', 'V', 'V', 'ADV', 'PUNC', 'ADV+NSUFF', 'PREP', 'NOUN+NSUFF', 'ADJ+NSUFF', 'ADJ+NSUFF', 'HASH']",Egypt
263,264,وأي حد هايحكم مصر هادعيله ربنا يوفقه للصح عشان عاوزة بلدي تبقي أحسن ومدام الناس مبسوطة وعاوزاه ربنا يوفقه ويوفقنا معاه,"['وأي', 'حد', 'هايحكم', 'مصر', 'هادعيله', 'ربنا', 'يوفقه', 'للصح', 'عشان', 'عاوزة', 'بلدي', 'تبقي', 'أحسن', 'ومدام', 'الناس', 'مبسوطة', 'وعاوزاه', 'ربنا', 'يوفقه', 'ويوفقنا', 'معاه']","['CONJ+NOUN', 'NOUN', 'FUT_PART+V', 'NOUN', 'FUT_PART+V+PREP+PRON', 'NOUN+PRON', 'V+PRON', 'PREP+DET+NOUN', 'PART', 'ADJ+NSUFF', 'NOUN+PRON', 'V', 'ADJ', 'CONJ+PART+V', 'DET+NOUN', 'ADJ+NSUFF', 'CONJ+ADJ+NSUFF+PRON', 'NOUN+PRON', 'V+PRON', 'CONJ+V+PRON', 'NOUN+PRON']",Egypt
264,265,مينفعش انهى علاقتى بكل الناس إلى أعرفها و يتبدلوا ب ناس جديدة مينفعش صح ؟ - لامينفعش طبعا . - أنا كنت عارف .,"['مينفعش', 'انهى', 'علاقتى', 'بكل', 'الناس', 'إلى', 'أعرفها', 'و', 'يتبدلوا', 'ب', 'ناس', 'جديدة', 'مينفعش', 'صح', '؟', '-', 'لامينفعش', 'طبعا', '.', '-', 'أنا', 'كنت', 'عارف', '.']","['PART+V+NEG_PART', 'V', 'NOUN+NSUFF+PRON', 'PREP+NOUN', 'DET+NOUN', 'PART', 'V+PRON', 'CONJ', 'V+PRON', 'PREP', 'NOUN', 'ADJ+NSUFF', 'PART+V+NEG_PART', 'NOUN', 'PUNC', 'PUNC', 'PART+PART+V+NEG_PART', 'NOUN+CASE', 'PUNC', 'PUNC', 'PRON', 'V+PRON', 'ADJ', 'PUNC']",Egypt
265,266,لو عاوز تبقى مبسوط خلى حياتك كلها بدايات . . بدايات وبس . . مفيش أحلى من البداية فى كل حاجة,"['لو', 'عاوز', 'تبقى', 'مبسوط', 'خلى', 'حياتك', 'كلها', 'بدايات', '.', '.', 'بدايات', 'وبس', '.', '.', 'مفيش', 'أحلى', 'من', 'البداية', 'فى', 'كل', 'حاجة']","['PART', 'ADJ', 'V', 'ADJ', 'V+PRON', 'NOUN+NSUFF+PRON', 'NOUN+PRON', 'NOUN+NSUFF', 'PUNC', 'PUNC', 'NOUN+NSUFF', 'CONJ+ADV', 'PUNC', 'PUNC', 'PART+PREP+NEG_PART', 'ADJ', 'PREP', 'DET+NOUN+NSUFF', 'PREP', 'NOUN', 'NOUN+NSUFF']",Egypt
266,267,قبل ماتقول انا اسف اتأكد من الشخصية اللى قدامك هتستضعفك ولا هتحترمك أكتر . . . . .,"['قبل', 'ماتقول', 'انا', 'اسف', 'اتأكد', 'من', 'الشخصية', 'اللى', 'قدامك', 'هتستضعفك', 'ولا', 'هتحترمك', 'أكتر', '.', '.', '.', '.', '.']","['NOUN', 'PART+V', 'PRON', 'ADJ', 'V', 'PREP', 'DET+NOUN+NSUFF', 'PART', 'NOUN+PRON', 'FUT_PART+V+PRON', 'CONJ+PART', 'FUT_PART+V+PRON', 'ADJ', 'PUNC', 'PUNC', 'PUNC', 'PUNC', 'PUNC']",Egypt
267,268,خلي دايما جواك امل . . ده الأمل بيجيب سعادة لسا جواك يا قلبي ضي . . وصباحك سكر زياده #مادو,"['خلي', 'دايما', 'جواك', 'امل', '.', '.', 'ده', 'الأمل', 'بيجيب', 'سعادة', 'لسا', 'جواك', 'يا', 'قلبي', 'ضي', '.', '.', 'وصباحك', 'سكر', 'زياده', '#مادو']","['V+PRON', 'ADJ+CASE', 'NOUN+NSUFF+PRON', 'NOUN', 'PUNC', 'PUNC', 'PRON', 'DET+NOUN', 'PROG_PART+V', 'NOUN+NSUFF', 'ADV+NSUFF', 'NOUN+NSUFF+PRON', 'PART', 'NOUN+PRON', 'NOUN', 'PUNC', 'PUNC', 'CONJ+NOUN+PRON', 'NOUN', 'NOUN+NSUFF', 'HASH']",Egypt
268,269,لو انت فاكر ان التريقة تمنع العمل تبقي لامواخذة عبيط ، بطل انت تتخانق مع اللي بيتريق وشوف شغلك ، خليك أشطر,"['لو', 'انت', 'فاكر', 'ان', 'التريقة', 'تمنع', 'العمل', 'تبقي', 'لامواخذة', 'عبيط', '،', 'بطل', 'انت', 'تتخانق', 'مع', 'اللي', 'بيتريق', 'وشوف', 'شغلك', '،', 'خليك', 'أشطر']","['PART', 'PRON', 'ADJ', 'PART', 'DET+NOUN+NSUFF', 'V', 'DET+NOUN', 'V', 'PART+NOUN+NSUFF', 'ADJ', 'PUNC', 'V', 'PRON', 'V', 'NOUN', 'PART', 'PROG_PART+V', 'CONJ+V', 'NOUN+PRON', 'PUNC', 'V+PRON+PRON', 'ADJ']",Egypt
269,270,لو حبيت حد ماتخدش راى الناس فيه علشان انت اللى اخترته مش الناس,"['لو', 'حبيت', 'حد', 'ماتخدش', 'راى', 'الناس', 'فيه', 'علشان', 'انت', 'اللى', 'اخترته', 'مش', 'الناس']","['PART', 'V+PRON', 'NOUN', 'PART+V+NEG_PART', 'NOUN', 'DET+NOUN', 'PREP+PRON', 'PART', 'PRON', 'PART', 'V+PRON+PRON', 'PART', 'DET+NOUN']",Egypt
270,271,"#pt من يومين وانا ماشيه في طريق الكليه لاقيت اتنين قاعدين جنب بتاع الخضار بيحبوا في بعض , وشافوني وانا ماشيه وقاعدوا يضحكوا .","['#pt', 'من', 'يومين', 'وانا', 'ماشيه', 'في', 'طريق', 'الكليه', 'لاقيت', 'اتنين', 'قاعدين', 'جنب', 'بتاع', 'الخضار', 'بيحبوا', 'في', 'بعض', ',', 'وشافوني', 'وانا', 'ماشيه', 'وقاعدوا', 'يضحكوا', '.']","['HASH', 'PREP', 'NOUN+NSUFF', 'CONJ+PRON', 'ADJ+NSUFF', 'PREP', 'NOUN', 'DET+NOUN+NSUFF', 'V+PRON', 'NUM+NSUFF', 'ADJ+NSUFF', 'NOUN', 'NOUN', 'DET+NOUN', 'PROG_PART+V+PRON', 'PREP', 'NOUN', 'PUNC', 'CONJ+V+PRON+PRON', 'CONJ+PRON', 'ADJ+NSUFF', 'CONJ+V+PRON', 'V+PRON', 'PUNC']",Egypt
271,272,الحاله الزفت اللي الواحد بيبقي فيها بقت ملازماه علي طول ! ربنا المعين,"['الحاله', 'الزفت', 'اللي', 'الواحد', 'بيبقي', 'فيها', 'بقت', 'ملازماه', 'علي', 'طول', '!', 'ربنا', 'المعين']","['DET+NOUN+NSUFF', 'DET+NOUN', 'PART', 'DET+NOUN', 'PROG_PART+V', 'PREP+PRON', 'V+PRON', 'ADJ+NSUFF+PRON', 'PREP', 'NOUN', 'PUNC', 'NOUN+PRON', 'DET+ADJ']",Egypt
272,273,* لما حد يقولي خارجة فين النهاردة ؟ * هاخرج مع صحابي في الصالة وبعدين نروح الأوضة شوية وممكن نروح كافية المطبخ ناكل اي حاجة .,"['*', 'لما', 'حد', 'يقولي', 'خارجة', 'فين', 'النهاردة', '؟', '*', 'هاخرج', 'مع', 'صحابي', 'في', 'الصالة', 'وبعدين', 'نروح', 'الأوضة', 'شوية', 'وممكن', 'نروح', 'كافية', 'المطبخ', 'ناكل', 'اي', 'حاجة', '.']","['PUNC', 'PART', 'NOUN', 'V+PREP+PRON', 'ADJ+NSUFF', 'PART', 'DET+NOUN+NSUFF', 'PUNC', 'PUNC', 'FUT_PART+V', 'NOUN', 'NOUN+PRON', 'PREP', 'DET+NOUN+NSUFF', 'CONJ+NOUN', 'V', 'DET+NOUN+NSUFF', 'NOUN+NSUFF', 'CONJ+ADJ', 'V', 'NOUN', 'DET+NOUN', 'V', 'NOUN', 'NOUN+NSUFF', 'PUNC']",Egypt
273,274,انا وصلت لمرحلة انى ممكن انام و انا واقفة زى الحصنة عادى :D,"['انا', 'وصلت', 'لمرحلة', 'انى', 'ممكن', 'انام', 'و', 'انا', 'واقفة', 'زى', 'الحصنة', 'عادى', ':D']","['PRON', 'V+PRON', 'PREP+NOUN+NSUFF', 'PART+PRON', 'ADJ', 'V', 'CONJ', 'PRON', 'ADJ+NSUFF', 'NOUN', 'DET+NOUN+NSUFF', 'ADJ', 'EMOT']",Egypt
274,275,- فين السندوتشات ؟ - نعم ؟ - انتي فاكرانا بنفتح الشنط عشان ندور على متفجرات ؟ احنا عايزين نفطر #كلية_لزازة_و_استظراف,"['-', 'فين', 'السندوتشات', '؟', '-', 'نعم', '؟', '-', 'انتي', 'فاكرانا', 'بنفتح', 'الشنط', 'عشان', 'ندور', 'على', 'متفجرات', '؟', 'احنا', 'عايزين', 'نفطر', '#كلية_لزازة_و_استظراف']","['PUNC', 'PART', 'DET+NOUN+NSUFF', 'PUNC', 'PUNC', 'PART', 'PUNC', 'PUNC', 'PRON', 'ADJ+NSUFF+PRON', 'PROG_PART+V', 'DET+NOUN', 'PART', 'V', 'PREP', 'NOUN+NSUFF', 'PUNC', 'PRON', 'ADJ+NSUFF', 'V', 'HASH']",Egypt
275,276,اه بنتريق و نهرج و نسف و نهري ماشي مش مشكله بس برضوا اللي عندوا حاجه يقدمها للشعب ده يتفضل يشتغل . . . . معلومه انا مش بأيد السيسي,"['اه', 'بنتريق', 'و', 'نهرج', 'و', 'نسف', 'و', 'نهري', 'ماشي', 'مش', 'مشكله', 'بس', 'برضوا', 'اللي', 'عندوا', 'حاجه', 'يقدمها', 'للشعب', 'ده', 'يتفضل', 'يشتغل', '.', '.', '.', '.', 'معلومه', 'انا', 'مش', 'بأيد', 'السيسي']","['PART', 'PROG_PART+V', 'CONJ', 'V', 'CONJ', 'V', 'CONJ', 'V', 'ADJ', 'PART', 'NOUN+NSUFF', 'PART', 'ADV', 'PART', 'NOUN+PRON', 'NOUN+NSUFF', 'V+PRON', 'PREP+DET+NOUN', 'PRON', 'V', 'V', 'PUNC', 'PUNC', 'PUNC', 'PUNC', 'NOUN+NSUFF', 'PRON', 'PART', 'PROG_PART+V', 'DET+NOUN']",Egypt
276,277,الانسان ال دماغة حلوة بس غبى ومش بيعرف يستغل الفرص صح ده بيصعب عليا بيخلى انسان اقل منه و امكانياته على قده يبقى احسن منه لمجرد انه بيفكر صح,"['الانسان', 'ال', 'دماغة', 'حلوة', 'بس', 'غبى', 'ومش', 'بيعرف', 'يستغل', 'الفرص', 'صح', 'ده', 'بيصعب', 'عليا', 'بيخلى', 'انسان', 'اقل', 'منه', 'و', 'امكانياته', 'على', 'قده', 'يبقى', 'احسن', 'منه', 'لمجرد', 'انه', 'بيفكر', 'صح']","['DET+NOUN', 'PART', 'NOUN+PRON', 'ADJ+NSUFF', 'PART', 'ADJ', 'CONJ+PART', 'PROG_PART+V', 'V', 'DET+NOUN', 'NOUN', 'PRON', 'PROG_PART+V', 'PREP+PRON', 'PROG_PART+V+PRON', 'NOUN', 'ADJ', 'PREP+PRON', 'CONJ', 'NOUN+NSUFF+PRON', 'PREP', 'NOUN+PRON', 'V', 'ADJ', 'PREP+PRON', 'PREP+NOUN', 'PART+PRON', 'PROG_PART+V', 'NOUN']",Egypt
277,278,مشكله كتير من الناس انها افتكرت الثوره حاجه سعيده و لطيفه لا دي من اقسي التجارب اللي بتمر ببلد,"['مشكله', 'كتير', 'من', 'الناس', 'انها', 'افتكرت', 'الثوره', 'حاجه', 'سعيده', 'و', 'لطيفه', 'لا', 'دي', 'من', 'اقسي', 'التجارب', 'اللي', 'بتمر', 'ببلد']","['NOUN+NSUFF', 'ADJ', 'PREP', 'DET+NOUN', 'PART+PRON', 'V+PRON', 'DET+NOUN+NSUFF', 'NOUN+NSUFF', 'ADJ+NSUFF', 'CONJ', 'ADJ+NSUFF', 'PART', 'PRON', 'PREP', 'ADJ', 'DET+NOUN', 'PART', 'PROG_PART+V', 'PREP+NOUN']",Egypt
278,279,@israaesso :) مفيش حاجة تستاهل ، يارب أقدر على طول أكون سبب في أن لو شخص واحد يضحك من قلبه .,"['@israaesso', ':)', 'مفيش', 'حاجة', 'تستاهل', '،', 'يارب', 'أقدر', 'على', 'طول', 'أكون', 'سبب', 'في', 'أن', 'لو', 'شخص', 'واحد', 'يضحك', 'من', 'قلبه', '.']","['MENTION', 'EMOT', 'PART+PREP+NEG_PART', 'NOUN+NSUFF', 'V', 'PUNC', 'PART+NOUN', 'V', 'PREP', 'NOUN', 'V', 'NOUN', 'PREP', 'PART', 'PART', 'NOUN', 'ADJ', 'V', 'PREP', 'NOUN+PRON', 'PUNC']",Egypt
279,280,كل ما حد يسألنى أنتى فى كلية ايه و أقول طب ألاقى نظرات الشفقه مع الحنان مع الحزن و الألم و الأسى . ده يرضى مين ده بس xD,"['كل', 'ما', 'حد', 'يسألنى', 'أنتى', 'فى', 'كلية', 'ايه', 'و', 'أقول', 'طب', 'ألاقى', 'نظرات', 'الشفقه', 'مع', 'الحنان', 'مع', 'الحزن', 'و', 'الألم', 'و', 'الأسى', '.', 'ده', 'يرضى', 'مين', 'ده', 'بس', 'xD']","['NOUN', 'PART', 'NOUN', 'V+PRON', 'PRON', 'PREP', 'NOUN+NSUFF', 'PART', 'CONJ', 'V', 'NOUN', 'V', 'NOUN+NSUFF', 'DET+NOUN+NSUFF', 'NOUN', 'DET+NOUN', 'NOUN', 'DET+NOUN', 'CONJ', 'DET+NOUN', 'CONJ', 'DET+NOUN', 'PUNC', 'PRON', 'V', 'PART', 'PRON', 'ADV', 'EMOT']",Egypt
280,281,@EgyptianMony30 شعور عالمي لأ يماثله شعور لما تتفاجئي ان النهاردة الخميس مش الأربع :) بتحصيل كتير,"['@EgyptianMony30', 'شعور', 'عالمي', 'لأ', 'يماثله', 'شعور', 'لما', 'تتفاجئي', 'ان', 'النهاردة', 'الخميس', 'مش', 'الأربع', ':)', 'بتحصيل', 'كتير']","['MENTION', 'NOUN', 'ADJ', 'PART', 'V+PRON', 'NOUN', 'PART', 'V+PRON', 'PART', 'DET+NOUN+NSUFF', 'DET+NOUN', 'PART', 'DET+NOUN', 'EMOT', 'PROG_PART+V', 'ADJ']",Egypt
281,282,- فيها ايه لو حبيت حد يجي يخطفني و نروح في أي حته و نعيش في هنا و سرور ؟ - شدي الغطى عليكي شويه كمان .,"['-', 'فيها', 'ايه', 'لو', 'حبيت', 'حد', 'يجي', 'يخطفني', 'و', 'نروح', 'في', 'أي', 'حته', 'و', 'نعيش', 'في', 'هنا', 'و', 'سرور', '؟', '-', 'شدي', 'الغطى', 'عليكي', 'شويه', 'كمان', '.']","['PUNC', 'PREP+PRON', 'PART', 'PART', 'V+PRON', 'NOUN', 'V', 'V+PRON', 'CONJ', 'V', 'PREP', 'NOUN', 'NOUN+NSUFF', 'CONJ', 'V', 'PREP', 'NOUN', 'CONJ', 'NOUN', 'PUNC', 'PUNC', 'V+PRON', 'DET+NOUN', 'PREP+PRON', 'NOUN+NSUFF', 'ADV', 'PUNC']",Egypt
282,283,دة يوم الانتخابات دة هايبقي ولا يوم الاستفتاء الاخير ع الدستور مضروب في عشرين . . . هانضحك ضحك ياجدعان :D,"['دة', 'يوم', 'الانتخابات', 'دة', 'هايبقي', 'ولا', 'يوم', 'الاستفتاء', 'الاخير', 'ع', 'الدستور', 'مضروب', 'في', 'عشرين', '.', '.', '.', 'هانضحك', 'ضحك', 'ياجدعان', ':D']","['PRON', 'NOUN', 'DET+NOUN+NSUFF', 'PRON', 'FUT_PART+V', 'CONJ+PART', 'NOUN', 'DET+NOUN', 'DET+ADJ', 'PREP', 'DET+NOUN', 'ADJ', 'PREP', 'NUM+NSUFF', 'PUNC', 'PUNC', 'PUNC', 'FUT_PART+V', 'NOUN', 'PART+NOUN', 'EMOT']",Egypt
283,284,"أنا بفضل أحكى لواحد صاحبى عن مشاكلى بدل محكي لأهلى ، أهو على الأقل الـ "" معلش "" اللى بتطلع منه ألطف من "" و احنا مالنا ؟ "" اللى بتطلع منهم .","['أنا', 'بفضل', 'أحكى', 'لواحد', 'صاحبى', 'عن', 'مشاكلى', 'بدل', 'محكي', 'لأهلى', '،', 'أهو', 'على', 'الأقل', 'الـ', '""', 'معلش', '""', 'اللى', 'بتطلع', 'منه', 'ألطف', 'من', '""', 'و', 'احنا', 'مالنا', '؟', '""', 'اللى', 'بتطلع', 'منهم', '.']","['PRON', 'PROG_PART+V', 'V', 'PREP+NOUN', 'NOUN+PRON', 'PREP', 'NOUN+PRON', 'NOUN', 'PART+V', 'PREP+NOUN+PRON', 'PUNC', 'PART', 'PREP', 'DET+ADJ', 'DET', 'PUNC', 'NOUN', 'PUNC', 'PART', 'PROG_PART+V', 'PREP+PRON', 'ADJ', 'PREP', 'PUNC', 'CONJ', 'PRON', 'PART+PREP+PRON', 'PUNC', 'PUNC', 'PART', 'PROG_PART+V', 'PREP+PRON', 'PUNC']",Egypt
284,285,نبقى ماشين فى الشارع ونلاقى ابن الحلال اللى سايب الوايرلس بتاعه من غير باسورد . . . . ساعتها بس بنتأكد ان الدنيا لسه بخير,"['نبقى', 'ماشين', 'فى', 'الشارع', 'ونلاقى', 'ابن', 'الحلال', 'اللى', 'سايب', 'الوايرلس', 'بتاعه', 'من', 'غير', 'باسورد', '.', '.', '.', '.', 'ساعتها', 'بس', 'بنتأكد', 'ان', 'الدنيا', 'لسه', 'بخير']","['V', 'ADJ+NSUFF', 'PREP', 'DET+NOUN', 'CONJ+V', 'NOUN', 'DET+NOUN', 'PART', 'ADJ', 'DET+NOUN', 'NOUN+PRON', 'PREP', 'NOUN', 'NOUN', 'PUNC', 'PUNC', 'PUNC', 'PUNC', 'NOUN+NSUFF+PRON', 'ADV', 'PROG_PART+V', 'PART', 'DET+NOUN', 'ADV+NSUFF', 'PREP+NOUN']",Egypt
285,286,مفيش حد عاجبه حاله حتى لو عنده كل حاجة ويبص للى فى ايد غيره لو كان فى حاجة اسمها الرضا كان الكل عجبته حياته و ما بصش لغيره,"['مفيش', 'حد', 'عاجبه', 'حاله', 'حتى', 'لو', 'عنده', 'كل', 'حاجة', 'ويبص', 'للى', 'فى', 'ايد', 'غيره', 'لو', 'كان', 'فى', 'حاجة', 'اسمها', 'الرضا', 'كان', 'الكل', 'عجبته', 'حياته', 'و', 'ما', 'بصش', 'لغيره']","['PART+PREP+NEG_PART', 'NOUN', 'ADJ+PRON', 'NOUN+PRON', 'PART', 'PART', 'NOUN+PRON', 'NOUN', 'NOUN+NSUFF', 'CONJ+V', 'PREP+PRON', 'PREP', 'NOUN', 'NOUN+PRON', 'PART', 'V', 'PREP', 'NOUN+NSUFF', 'NOUN+PRON', 'DET+NOUN', 'V', 'DET+NOUN', 'V+PRON+PRON', 'NOUN+NSUFF+PRON', 'CONJ', 'PART', 'V+NEG_PART', 'PREP+PART+PRON']",Egypt
286,287,طب مع احترامي للجميع انا شايف ان الشغل احسن من الكلام يعني الساحه قدامي ابتدي اشتغل بدل ما اقعد انتقد اللي قدامي و بس,"['طب', 'مع', 'احترامي', 'للجميع', 'انا', 'شايف', 'ان', 'الشغل', 'احسن', 'من', 'الكلام', 'يعني', 'الساحه', 'قدامي', 'ابتدي', 'اشتغل', 'بدل', 'ما', 'اقعد', 'انتقد', 'اللي', 'قدامي', 'و', 'بس']","['ADJ', 'NOUN', 'NOUN+PRON', 'PREP+DET+NOUN', 'PRON', 'ADJ', 'PART', 'DET+NOUN', 'ADJ', 'PREP', 'DET+NOUN', 'ADV', 'DET+NOUN+NSUFF', 'NOUN+PRON', 'V', 'V', 'NOUN', 'PART', 'V', 'V', 'PART', 'NOUN+PRON', 'CONJ', 'ADV']",Egypt
287,288,أحسن حاجة تعيش مع نفسك كده وملكش دعوة بحاجة من اللي بتحصل :D,"['أحسن', 'حاجة', 'تعيش', 'مع', 'نفسك', 'كده', 'وملكش', 'دعوة', 'بحاجة', 'من', 'اللي', 'بتحصل', ':D']","['ADJ', 'NOUN+NSUFF', 'V', 'NOUN', 'NOUN+PRON', 'ADV', 'CONJ+PART+PREP+PRON+NEG_PART', 'NOUN+NSUFF', 'PREP+NOUN+NSUFF', 'PREP', 'PART', 'PROG_PART+V', 'EMOT']",Egypt
288,289,إدينى سبب واحد يخليك تكدب على حد إنت عارف إنه بيصدقك عشان بيحبك,"['إدينى', 'سبب', 'واحد', 'يخليك', 'تكدب', 'على', 'حد', 'إنت', 'عارف', 'إنه', 'بيصدقك', 'عشان', 'بيحبك']","['V+PRON', 'NOUN', 'ADJ', 'V+PRON', 'V', 'PREP', 'NOUN', 'PRON', 'ADJ', 'PART+PRON', 'PROG_PART+V+PRON', 'PART', 'PROG_PART+V+PRON']",Egypt
289,290,"مش محتاجين نحلم كتير , لان احنا طول الوقت عايشين في الخيال وأحلام اليقظة . .","['مش', 'محتاجين', 'نحلم', 'كتير', ',', 'لان', 'احنا', 'طول', 'الوقت', 'عايشين', 'في', 'الخيال', 'وأحلام', 'اليقظة', '.', '.']","['PART', 'ADJ+NSUFF', 'V', 'ADJ', 'PUNC', 'PREP+PART', 'PRON', 'NOUN', 'DET+NOUN', 'ADJ+NSUFF', 'PREP', 'DET+NOUN', 'CONJ+NOUN', 'DET+NOUN+NSUFF', 'PUNC', 'PUNC']",Egypt
290,291,@YoOokaa95 هتفضلى كده كتير ؟ ! وﻻ هيرجع حاجه وﻻ هيقدم حاجه . اتخلصى من السلبيات دى و استمتعى بحياتك :) و دى اقل حاجة تقدرى تقدميها للى بيحبوكى,"['@YoOokaa95', 'هتفضلى', 'كده', 'كتير', '؟', '!', 'وﻻ', 'هيرجع', 'حاجه', 'وﻻ', 'هيقدم', 'حاجه', '.', 'اتخلصى', 'من', 'السلبيات', 'دى', 'و', 'استمتعى', 'بحياتك', ':)', 'و', 'دى', 'اقل', 'حاجة', 'تقدرى', 'تقدميها', 'للى', 'بيحبوكى']","['MENTION', 'FUT_PART+V+PRON', 'ADV', 'ADJ', 'PUNC', 'PUNC', 'CONJ+PART', 'FUT_PART+V', 'NOUN+NSUFF', 'CONJ+PART', 'FUT_PART+V', 'NOUN+NSUFF', 'PUNC', 'V+PRON', 'PREP', 'DET+NOUN+NSUFF', 'PRON', 'CONJ', 'V+NSUFF', 'PREP+NOUN+NSUFF+PRON', 'EMOT', 'CONJ', 'PRON', 'ADJ', 'NOUN+NSUFF', 'V+PRON', 'V+PRON+PRON', 'PREP+PRON', 'PROG_PART+V+PRON+PRON']",Egypt
291,292,مش هسمح للايام تيجى تانى علية و دة يبقى اخر يوم فى حياتى لو ارضاها لية . .,"['مش', 'هسمح', 'للايام', 'تيجى', 'تانى', 'علية', 'و', 'دة', 'يبقى', 'اخر', 'يوم', 'فى', 'حياتى', 'لو', 'ارضاها', 'لية', '.', '.']","['PART', 'FUT_PART+V', 'PREP+DET+NOUN', 'V', 'ADJ', 'PREP+PRON', 'CONJ', 'PRON', 'V', 'ADJ', 'NOUN', 'PREP', 'NOUN+NSUFF+PRON', 'PART', 'V+PRON', 'PREP+PRON', 'PUNC', 'PUNC']",Egypt
292,293,اكذب انت حر . . لكن بلاش تعيش في الدور قوي عشان بيبقا شكلك وحش .,"['اكذب', 'انت', 'حر', '.', '.', 'لكن', 'بلاش', 'تعيش', 'في', 'الدور', 'قوي', 'عشان', 'بيبقا', 'شكلك', 'وحش', '.']","['V', 'PRON', 'ADJ', 'PUNC', 'PUNC', 'CONJ', 'PART', 'V', 'PREP', 'DET+NOUN', 'ADJ', 'PART', 'PROG_PART+V', 'NOUN+PRON', 'ADJ', 'PUNC']",Yemen
293,294,مش طالبه تشاؤم النهارده النهارده الخميس المجيد يعني ويك اند يعني فوكك من اي حاجه,"['مش', 'طالبه', 'تشاؤم', 'النهارده', 'النهارده', 'الخميس', 'المجيد', 'يعني', 'ويك', 'اند', 'يعني', 'فوكك', 'من', 'اي', 'حاجه']","['PART', 'ADJ+NSUFF', 'NOUN', 'DET+NOUN+NSUFF', 'DET+NOUN+NSUFF', 'DET+NOUN', 'DET+ADJ', 'V', 'NOUN', 'NOUN', 'V', 'V+PRON', 'PREP', 'NOUN', 'NOUN+NSUFF']",Egypt
294,295,@salmaabody متنسوش البرسيم الي كان وراه في الخلفيه دي ليها معنى كبييييييير,"['@salmaabody', 'متنسوش', 'البرسيم', 'الي', 'كان', 'وراه', 'في', 'الخلفيه', 'دي', 'ليها', 'معنى', 'كبييييييير']","['MENTION', 'PART+V+PRON+NEG_PART', 'DET+NOUN', 'PART', 'V', 'NOUN+PRON', 'PREP', 'DET+NOUN+NSUFF', 'PRON', 'PREP+PRON', 'NOUN', 'ADJ']",Egypt
295,296,"انا هكتب تويتة أقول فيها "" أنني لن أترشح للرئاسة "" عشان الظاهر كدة ان كل اللي بيقول البوئين دول بيمسك البلد في خلال سنة .","['انا', 'هكتب', 'تويتة', 'أقول', 'فيها', '""', 'أنني', 'لن', 'أترشح', 'للرئاسة', '""', 'عشان', 'الظاهر', 'كدة', 'ان', 'كل', 'اللي', 'بيقول', 'البوئين', 'دول', 'بيمسك', 'البلد', 'في', 'خلال', 'سنة', '.']","['PRON', 'FUT_PART+V', 'NOUN+NSUFF', 'V', 'PREP+PRON', 'PUNC', 'PART+PRON', 'PART', 'V', 'PREP+DET+NOUN+NSUFF', 'PUNC', 'PART', 'DET+ADJ', 'ADV', 'PART', 'NOUN', 'PART', 'PROG_PART+V', 'DET+NOUN+NSUFF', 'PRON', 'PROG_PART+V', 'DET+NOUN', 'PREP', 'NOUN', 'NOUN+NSUFF', 'PUNC']",Egypt
296,297,محلب : نفق على مسافة واحدة من كل مرشي الرئاسية . . وابتدينا الكذب بقى ما هو اللي يلاقي شعب مغفل وميستغفلوش يبقى غلطان,"['محلب', ':', 'نفق', 'على', 'مسافة', 'واحدة', 'من', 'كل', 'مرشي', 'الرئاسية', '.', '.', 'وابتدينا', 'الكذب', 'بقى', 'ما', 'هو', 'اللي', 'يلاقي', 'شعب', 'مغفل', 'وميستغفلوش', 'يبقى', 'غلطان']","['NOUN', 'PUNC', 'V', 'PREP', 'NOUN+NSUFF', 'ADJ+NSUFF', 'PREP', 'NOUN', 'NOUN+NSUFF', 'DET+NOUN+NSUFF', 'PUNC', 'PUNC', 'CONJ+V+PRON', 'DET+NOUN', 'ADV', 'PART', 'PRON', 'PART', 'V', 'NOUN', 'ADJ', 'CONJ+PART+V+PRON+NEG_PART', 'V', 'ADJ']",Egypt
297,298,العيال اللي شايفين إن المشاركة في هاشتاج #انتخبوا_العرص عيب وحرام . . جاتكم البلاوي . . يعني هو اللي عمله العرص مش عيب وحرام ؟ !,"['العيال', 'اللي', 'شايفين', 'إن', 'المشاركة', 'في', 'هاشتاج', '#انتخبوا_العرص', 'عيب', 'وحرام', '.', '.', 'جاتكم', 'البلاوي', '.', '.', 'يعني', 'هو', 'اللي', 'عمله', 'العرص', 'مش', 'عيب', 'وحرام', '؟', '!']","['DET+NOUN', 'PART', 'ADJ+PRON', 'PART', 'DET+NOUN+NSUFF', 'PREP', 'NOUN', 'HASH', 'NOUN', 'CONJ+NOUN', 'PUNC', 'PUNC', 'V+PRON+PRON', 'DET+NOUN', 'PUNC', 'PUNC', 'ADV', 'PRON', 'PART', 'V+PRON', 'DET+NOUN', 'PART', 'NOUN', 'CONJ+NOUN', 'PUNC', 'PUNC']",Egypt
298,299,اوعو تستسلمو لسه الأمل موجود بس انتو متقفلوهاش وقولو يارب :),"['اوعو', 'تستسلمو', 'لسه', 'الأمل', 'موجود', 'بس', 'انتو', 'متقفلوهاش', 'وقولو', 'يارب', ':)']","['V+PRON', 'V+PRON', 'ADV+NSUFF', 'DET+NOUN', 'ADJ', 'PART', 'PRON', 'PART+V+PRON+PRON+NEG_PART', 'CONJ+V+PRON', 'PART+NOUN', 'EMOT']",Egypt
299,300,ما هي لو كانت عرفت انها بعد كل التعب و التربية ديه هتتشتم من واحد صاحبك مكنتش خلفتك من الاساس !,"['ما', 'هي', 'لو', 'كانت', 'عرفت', 'انها', 'بعد', 'كل', 'التعب', 'و', 'التربية', 'ديه', 'هتتشتم', 'من', 'واحد', 'صاحبك', 'مكنتش', 'خلفتك', 'من', 'الاساس', '!']","['PART', 'PRON', 'PART', 'V+PRON', 'V+PRON', 'PART+PRON', 'NOUN', 'NOUN', 'DET+NOUN', 'CONJ', 'DET+NOUN+NSUFF', 'PRON', 'FUT_PART+V', 'PREP', 'NOUN', 'NOUN+PRON', 'PART+V+PRON+NEG_PART', 'V+PRON+PRON', 'PREP', 'DET+NOUN', 'PUNC']",Egypt
300,301,انا الخطوبة في عيلتنا عبارة عن ان العريس بياخد خطيبته و اخواتها البنات و مفيش مانع بنت خالتهم تروح معاهم يغدّيهم بره و يرجعهم البيت,"['انا', 'الخطوبة', 'في', 'عيلتنا', 'عبارة', 'عن', 'ان', 'العريس', 'بياخد', 'خطيبته', 'و', 'اخواتها', 'البنات', 'و', 'مفيش', 'مانع', 'بنت', 'خالتهم', 'تروح', 'معاهم', 'يغدّيهم', 'بره', 'و', 'يرجعهم', 'البيت']","['PRON', 'DET+ADJ+NSUFF', 'PREP', 'NOUN+NSUFF+PRON', 'NOUN+NSUFF', 'PREP', 'PART', 'DET+NOUN', 'PROG_PART+V', 'NOUN+NSUFF+PRON', 'CONJ', 'NOUN+NSUFF+PRON', 'DET+NOUN', 'CONJ', 'PART+PREP+NEG_PART', 'NOUN', 'NOUN', 'NOUN+NSUFF+PRON', 'V', 'NOUN+PRON', 'V+PRON', 'NOUN+NSUFF', 'CONJ', 'V+PRON', 'DET+NOUN']",Egypt
301,302,@raafatelsawy و الله انا عارفة ان في ناس مش راضية بس في ناس تانية عمالة تبرر و خلاص و شايفة ان ده احسن حاجة,"['@raafatelsawy', 'و', 'الله', 'انا', 'عارفة', 'ان', 'في', 'ناس', 'مش', 'راضية', 'بس', 'في', 'ناس', 'تانية', 'عمالة', 'تبرر', 'و', 'خلاص', 'و', 'شايفة', 'ان', 'ده', 'احسن', 'حاجة']","['MENTION', 'CONJ', 'NOUN', 'PRON', 'ADJ+NSUFF', 'PART', 'PREP', 'NOUN', 'PART', 'ADJ+NSUFF', 'PART', 'PREP', 'NOUN', 'ADJ+NSUFF', 'ADJ+NSUFF', 'V', 'CONJ', 'NOUN', 'CONJ', 'ADJ+NSUFF', 'PART', 'PRON', 'ADJ', 'NOUN+NSUFF']",Egypt
302,303,فى حاجات تافهة لو مكبرتش مخك فيها واتعملت معاها صح هتبقى مشكلة كبيرة وانت مش واخد بالك,"['فى', 'حاجات', 'تافهة', 'لو', 'مكبرتش', 'مخك', 'فيها', 'واتعملت', 'معاها', 'صح', 'هتبقى', 'مشكلة', 'كبيرة', 'وانت', 'مش', 'واخد', 'بالك']","['PREP', 'NOUN+NSUFF', 'ADJ+NSUFF', 'PART', 'PART+V+PRON+NEG_PART', 'NOUN+PRON', 'PREP+PRON', 'CONJ+V+PRON', 'NOUN+PRON', 'NOUN', 'FUT_PART+V', 'NOUN+NSUFF', 'ADJ+NSUFF', 'CONJ+PRON', 'PART', 'ADJ', 'NOUN+PRON']",Egypt
303,304,هو يعني الولاد مش بيعرفوا ييجو هم يسلمو ؟ ليه لازم نروح احنا نسلم على سيادتهم ؟,"['هو', 'يعني', 'الولاد', 'مش', 'بيعرفوا', 'ييجو', 'هم', 'يسلمو', '؟', 'ليه', 'لازم', 'نروح', 'احنا', 'نسلم', 'على', 'سيادتهم', '؟']","['PRON', 'V', 'DET+NOUN', 'PART', 'PROG_PART+V+PRON', 'V+PRON', 'PRON', 'V+PRON', 'PUNC', 'PART', 'ADJ', 'V', 'PRON', 'V', 'PREP', 'NOUN+NSUFF+PRON', 'PUNC']",Egypt
304,305,ماهو مش معقول بعد الدعا دا كله والراجل اللي بيقطع الكهربا لسه عايش ! ؟,"['ماهو', 'مش', 'معقول', 'بعد', 'الدعا', 'دا', 'كله', 'والراجل', 'اللي', 'بيقطع', 'الكهربا', 'لسه', 'عايش', '!', '؟']","['PART+PRON', 'PART', 'ADJ', 'NOUN', 'DET+NOUN', 'PRON', 'NOUN+PRON', 'CONJ+DET+NOUN', 'PART', 'PROG_PART+V', 'DET+NOUN', 'ADV+NSUFF', 'ADJ', 'PUNC', 'PUNC']",Egypt
305,306,طلعوا ورقة عشان الامتحان - مذكرناش - مذكرتوش ليه ؟ - النور كان قاطع اعترضي على نور عين السيسي بقى,"['طلعوا', 'ورقة', 'عشان', 'الامتحان', '-', 'مذكرناش', '-', 'مذكرتوش', 'ليه', '؟', '-', 'النور', 'كان', 'قاطع', 'اعترضي', 'على', 'نور', 'عين', 'السيسي', 'بقى']","['V+PRON', 'NOUN+NSUFF', 'PART', 'DET+NOUN', 'PUNC', 'PART+V+PRON+NEG_PART', 'PUNC', 'PART+V+PRON+NEG_PART', 'PART', 'PUNC', 'PUNC', 'DET+NOUN', 'V', 'ADJ', 'V+PRON', 'PREP', 'NOUN', 'NOUN', 'DET+NOUN', 'ADV']",Egypt
306,307,انا من النوع اللي لو شوفت حد مضايق او زعلان معرفش اسيبه كده لازم اسأله واعرف ماله واخفف عنه ! #طبع,"['انا', 'من', 'النوع', 'اللي', 'لو', 'شوفت', 'حد', 'مضايق', 'او', 'زعلان', 'معرفش', 'اسيبه', 'كده', 'لازم', 'اسأله', 'واعرف', 'ماله', 'واخفف', 'عنه', '!', '#طبع']","['PRON', 'PREP', 'DET+NOUN', 'PART', 'PART', 'V+PRON', 'NOUN', 'ADJ', 'CONJ', 'ADJ', 'PART+V+NEG_PART', 'V+PRON', 'ADV', 'ADJ', 'V+PRON', 'CONJ+V', 'PART+PREP+PRON', 'CONJ+V', 'PREP+PRON', 'PUNC', 'HASH']",Egypt
307,308,بصى ياستى متتعبيش نفسك من كتر التفكير هو لو من نصيبك ، عمره ما هيكون لحد غيرك إنتى,"['بصى', 'ياستى', 'متتعبيش', 'نفسك', 'من', 'كتر', 'التفكير', 'هو', 'لو', 'من', 'نصيبك', '،', 'عمره', 'ما', 'هيكون', 'لحد', 'غيرك', 'إنتى']","['V+PRON', 'PART+NOUN+NSUFF', 'PART+V+PRON+NEG_PART', 'NOUN+PRON', 'PREP', 'NOUN', 'DET+NOUN', 'PRON', 'PART', 'PREP', 'NOUN+PRON', 'PUNC', 'NOUN+PRON', 'PART', 'FUT_PART+V', 'PREP+NOUN', 'NOUN+PRON', 'PRON']",Egypt
308,309,الواحد بيبقى نفسه فى حد يفهمه قبل ما يتكلم يبقى مضايق يعرف لوحده الى هو حاجة كده زى نفسك,"['الواحد', 'بيبقى', 'نفسه', 'فى', 'حد', 'يفهمه', 'قبل', 'ما', 'يتكلم', 'يبقى', 'مضايق', 'يعرف', 'لوحده', 'الى', 'هو', 'حاجة', 'كده', 'زى', 'نفسك']","['DET+NOUN', 'PROG_PART+V', 'NOUN+PRON', 'PREP', 'NOUN', 'V+PRON', 'NOUN', 'PART', 'V', 'V', 'ADJ', 'V', 'PREP+NOUN+PRON', 'PART', 'PRON', 'NOUN+NSUFF', 'ADV', 'NOUN', 'NOUN+PRON']",Egypt
309,310,فى ناس كدة لو مش عايزين يتكلموا ميتكلموش خالص و يريحونا احسن ما هما مبينين ان هما بيتكلموا بالعافية .,"['فى', 'ناس', 'كدة', 'لو', 'مش', 'عايزين', 'يتكلموا', 'ميتكلموش', 'خالص', 'و', 'يريحونا', 'احسن', 'ما', 'هما', 'مبينين', 'ان', 'هما', 'بيتكلموا', 'بالعافية', '.']","['PREP', 'NOUN', 'ADV', 'PART', 'PART', 'ADJ+NSUFF', 'V+PRON', 'PART+V+PRON+NEG_PART', 'ADV', 'CONJ', 'V+PRON+PRON', 'ADJ', 'PART', 'PRON', 'ADJ+NSUFF', 'PART', 'PRON', 'PROG_PART+V+PRON', 'PREP+DET+NOUN+NSUFF', 'PUNC']",Egypt
310,311,"لما تبقي متضايق عشان حاجة مش من حقك تضايق عشانها . . . ماتبقاش غبي اتخرس وماتبينش . . . ابسط رد هايتقال لك لو بينت : وانت مالك اصلا ! "" انا حر ""","['لما', 'تبقي', 'متضايق', 'عشان', 'حاجة', 'مش', 'من', 'حقك', 'تضايق', 'عشانها', '.', '.', '.', 'ماتبقاش', 'غبي', 'اتخرس', 'وماتبينش', '.', '.', '.', 'ابسط', 'رد', 'هايتقال', 'لك', 'لو', 'بينت', ':', 'وانت', 'مالك', 'اصلا', '!', '""', 'انا', 'حر', '""']","['PART', 'V', 'ADJ', 'PART', 'NOUN+NSUFF', 'PART', 'PREP', 'NOUN+PRON', 'V', 'PART+PRON', 'PUNC', 'PUNC', 'PUNC', 'PART+V+NEG_PART', 'ADJ', 'V', 'CONJ+PART+V+NEG_PART', 'PUNC', 'PUNC', 'PUNC', 'ADJ', 'NOUN', 'FUT_PART+V', 'PREP+PRON', 'PART', 'V+PRON', 'PUNC', 'CONJ+PRON', 'PART+PREP+PRON', 'NOUN+CASE', 'PUNC', 'PUNC', 'PRON', 'ADJ', 'PUNC']",Egypt
311,312,فوقوا وبلاش زفت ، كل مرة نقول تويتر مش للنقاش ، انت بتفكر بمنهج و هما بمنهج و هي بمنهج ، مش لازم واحد بس اللي صح ، كلكوا صح ، يمكن كلكوا غلط .,"['فوقوا', 'وبلاش', 'زفت', '،', 'كل', 'مرة', 'نقول', 'تويتر', 'مش', 'للنقاش', '،', 'انت', 'بتفكر', 'بمنهج', 'و', 'هما', 'بمنهج', 'و', 'هي', 'بمنهج', '،', 'مش', 'لازم', 'واحد', 'بس', 'اللي', 'صح', '،', 'كلكوا', 'صح', '،', 'يمكن', 'كلكوا', 'غلط', '.']","['V+PRON', 'CONJ+PART', 'NOUN', 'PUNC', 'NOUN', 'NOUN+NSUFF', 'V', 'NOUN', 'PART', 'PREP+DET+NOUN', 'PUNC', 'PRON', 'PROG_PART+V', 'PREP+NOUN', 'CONJ', 'PRON', 'PREP+NOUN', 'CONJ', 'PRON', 'PREP+NOUN', 'PUNC', 'PART', 'ADJ', 'NOUN', 'ADV', 'PART', 'NOUN', 'PUNC', 'NOUN+PRON', 'NOUN', 'PUNC', 'V', 'NOUN+PRON', 'NOUN', 'PUNC']",Egypt
312,313,بالك انت لو وصلنا الهاتشتاج ده مليون ، ، هيجري حاجة ؟ ! ، ، و النبي ما هيجري حاجة #سيناء_خارج_التغطية,"['بالك', 'انت', 'لو', 'وصلنا', 'الهاتشتاج', 'ده', 'مليون', '،', '،', 'هيجري', 'حاجة', '؟', '!', '،', '،', 'و', 'النبي', 'ما', 'هيجري', 'حاجة', '#سيناء_خارج_التغطية']","['NOUN+PRON', 'PRON', 'PART', 'V+PRON', 'DET+NOUN', 'PRON', 'NUM', 'PUNC', 'PUNC', 'FUT_PART+V', 'NOUN+NSUFF', 'PUNC', 'PUNC', 'PUNC', 'PUNC', 'CONJ', 'DET+NOUN', 'PART', 'FUT_PART+V', 'NOUN+NSUFF', 'HASH']",Egypt
313,314,وصول أول مرشح رئاسى لمقر العليا . . ويؤكد : برنامجى فى دماغى > إبتدينا الهبل والعك . دماغك مين يا عم ؟ كبر دماغك شوية طيب,"['وصول', 'أول', 'مرشح', 'رئاسى', 'لمقر', 'العليا', '.', '.', 'ويؤكد', ':', 'برنامجى', 'فى', 'دماغى', '>', 'إبتدينا', 'الهبل', 'والعك', '.', 'دماغك', 'مين', 'يا', 'عم', '؟', 'كبر', 'دماغك', 'شوية', 'طيب']","['NOUN', 'NUM', 'NOUN', 'ADJ', 'PREP+NOUN', 'DET+ADJ', 'PUNC', 'PUNC', 'CONJ+V', 'PUNC', 'NOUN+PRON', 'PREP', 'NOUN+PRON', 'PUNC', 'V+PRON', 'DET+NOUN', 'CONJ+DET+NOUN', 'PUNC', 'NOUN+PRON', 'PART', 'PART', 'NOUN', 'PUNC', 'V', 'NOUN+PRON', 'NOUN+NSUFF', 'ADJ']",Egypt
314,315,لما كنت مع الثورة كان عشان مصلحة البلد و دلوقتي انا ضدها عشان مصلحة البلد بردة,"['لما', 'كنت', 'مع', 'الثورة', 'كان', 'عشان', 'مصلحة', 'البلد', 'و', 'دلوقتي', 'انا', 'ضدها', 'عشان', 'مصلحة', 'البلد', 'بردة']","['PART', 'V+PRON', 'NOUN', 'DET+NOUN+NSUFF', 'V', 'PART', 'NOUN+NSUFF', 'DET+NOUN', 'CONJ', 'NOUN', 'PRON', 'NOUN+PRON', 'PART', 'NOUN+NSUFF', 'DET+NOUN', 'ADV']",Egypt
315,316,في ناس بتفهمنا من غير ما نتكلم و ناس لو اتشقلبنا بردو مش هيفهمونا,"['في', 'ناس', 'بتفهمنا', 'من', 'غير', 'ما', 'نتكلم', 'و', 'ناس', 'لو', 'اتشقلبنا', 'بردو', 'مش', 'هيفهمونا']","['PREP', 'NOUN', 'PROG_PART+V+PRON', 'PREP', 'NOUN', 'PART', 'V', 'CONJ', 'NOUN', 'PART', 'V+PRON', 'ADV', 'PART', 'FUT_PART+V+PRON+PRON']",Egypt
316,317,النور قطع النهارده اكتر ما جه ده ولسا التكيفات مشتغلتش وبكره تشوفوا مصر :( #مفيش_نور,"['النور', 'قطع', 'النهارده', 'اكتر', 'ما', 'جه', 'ده', 'ولسا', 'التكيفات', 'مشتغلتش', 'وبكره', 'تشوفوا', 'مصر', ':(', '#مفيش_نور']","['DET+NOUN', 'V', 'DET+NOUN+NSUFF', 'ADJ', 'PART', 'V', 'PRON', 'CONJ+ADV+NSUFF', 'DET+NOUN+NSUFF', 'PART+V+PRON+NEG_PART', 'CONJ+NOUN+NSUFF', 'V+PRON', 'NOUN', 'EMOT', 'HASH']",Egypt
317,318,الحل الوحيد عشان تعرف اللى جاى عليك من بعيد ده ولد ولا بنت ! تركز معاه لو جاى عليك يبقى ولد . . ولو جايه تبقى بنت,"['الحل', 'الوحيد', 'عشان', 'تعرف', 'اللى', 'جاى', 'عليك', 'من', 'بعيد', 'ده', 'ولد', 'ولا', 'بنت', '!', 'تركز', 'معاه', 'لو', 'جاى', 'عليك', 'يبقى', 'ولد', '.', '.', 'ولو', 'جايه', 'تبقى', 'بنت']","['DET+NOUN', 'DET+ADJ', 'PART', 'V', 'PART', 'ADJ', 'PREP+PRON', 'PREP', 'ADJ', 'PRON', 'NOUN', 'CONJ+PART', 'NOUN', 'PUNC', 'V', 'NOUN+PRON', 'PART', 'ADJ', 'PREP+PRON', 'V', 'NOUN', 'PUNC', 'PUNC', 'CONJ+PART', 'ADJ+NSUFF', 'V', 'NOUN']",Egypt
318,319,رسالة المكان الوحيد اللى بتتعب فيه وأنت مبسوط ^_* خليك دايما صاحب بسمة لكل الى حواليك :) ساعد غيرك واوعى فى يوم . . . http://t.co/aPCoIxREyh,"['رسالة', 'المكان', 'الوحيد', 'اللى', 'بتتعب', 'فيه', 'وأنت', 'مبسوط', '^_*', 'خليك', 'دايما', 'صاحب', 'بسمة', 'لكل', 'الى', 'حواليك', ':)', 'ساعد', 'غيرك', 'واوعى', 'فى', 'يوم', '.', '.', '.', 'http://t.co/aPCoIxREyh']","['NOUN+NSUFF', 'DET+NOUN', 'DET+ADJ', 'PART', 'PROG_PART+V', 'PREP+PRON', 'CONJ+PRON', 'ADJ', 'EMOT', 'V+PRON+PRON', 'ADJ+CASE', 'NOUN', 'NOUN+NSUFF', 'PREP+NOUN', 'PART', 'NOUN+PRON', 'EMOT', 'V', 'NOUN+PRON', 'CONJ+V', 'PREP', 'NOUN', 'PUNC', 'PUNC', 'PUNC', 'URL']",Egypt
319,320,النور بيقطع مره الصبح و مره بالليل عشان الي مكنش موجود في بيته الصبح يحضر الإعاده,"['النور', 'بيقطع', 'مره', 'الصبح', 'و', 'مره', 'بالليل', 'عشان', 'الي', 'مكنش', 'موجود', 'في', 'بيته', 'الصبح', 'يحضر', 'الإعاده']","['DET+NOUN', 'PROG_PART+V', 'NOUN+NSUFF', 'DET+NOUN', 'CONJ', 'NOUN+NSUFF', 'PREP+DET+NOUN', 'PART', 'PART', 'PART+V+NEG_PART', 'ADJ', 'PREP', 'NOUN+PRON', 'DET+NOUN', 'V', 'DET+NOUN+NSUFF']",Egypt
320,321,فى كلام كده بتسمعه مبتعرفش تنساه بجد بيفضل مأثر عليك سلبيا حتى لو بعد فتره طويلة,"['فى', 'كلام', 'كده', 'بتسمعه', 'مبتعرفش', 'تنساه', 'بجد', 'بيفضل', 'مأثر', 'عليك', 'سلبيا', 'حتى', 'لو', 'بعد', 'فتره', 'طويلة']","['PREP', 'NOUN', 'ADV', 'PROG_PART+V+PRON', 'PART+PROG_PART+V+NEG_PART', 'V+PRON', 'PREP+NOUN', 'PROG_PART+V', 'ADJ', 'PREP+PRON', 'ADJ+NSUFF', 'PART', 'PART', 'NOUN', 'NOUN+NSUFF', 'ADJ+NSUFF']",Egypt
321,322,كلنا هنموت . . . . بس يا بخته اللى هيروح لربنا وربنا راضى عنه . . . اللهم لا تأخذنا إلا وأنت راضى عنا .,"['كلنا', 'هنموت', '.', '.', '.', '.', 'بس', 'يا', 'بخته', 'اللى', 'هيروح', 'لربنا', 'وربنا', 'راضى', 'عنه', '.', '.', '.', 'اللهم', 'لا', 'تأخذنا', 'إلا', 'وأنت', 'راضى', 'عنا', '.']","['NOUN+PRON', 'FUT_PART+V', 'PUNC', 'PUNC', 'PUNC', 'PUNC', 'PART', 'PART', 'NOUN+PRON', 'PART', 'FUT_PART+V', 'PREP+NOUN+PRON', 'CONJ+NOUN+PRON', 'ADJ', 'PREP+PRON', 'PUNC', 'PUNC', 'PUNC', 'NOUN', 'PART', 'V+PRON', 'PART', 'CONJ+PRON', 'ADJ', 'PREP+PRON', 'PUNC']",Egypt
322,323,هي لميس الحديدي مش هتجيب مصر وهي ضلمه وتولول زي ماكانت بتعمل ايام مرسي ؟ ! !,"['هي', 'لميس', 'الحديدي', 'مش', 'هتجيب', 'مصر', 'وهي', 'ضلمه', 'وتولول', 'زي', 'ماكانت', 'بتعمل', 'ايام', 'مرسي', '؟', '!', '!']","['PRON', 'NOUN', 'DET+NOUN', 'PART', 'FUT_PART+V', 'NOUN', 'CONJ+PRON', 'NOUN+NSUFF', 'CONJ+V', 'NOUN', 'PART+V+PRON', 'PROG_PART+V', 'NOUN', 'NOUN', 'PUNC', 'PUNC', 'PUNC']",Egypt
323,324,مفيش اوسخ من إنك تكرهه تصرف معين . . و تبقى بتعمل نفس التصرف ده مع كل الناس و مش عايز حد يكرهك .,"['مفيش', 'اوسخ', 'من', 'إنك', 'تكرهه', 'تصرف', 'معين', '.', '.', 'و', 'تبقى', 'بتعمل', 'نفس', 'التصرف', 'ده', 'مع', 'كل', 'الناس', 'و', 'مش', 'عايز', 'حد', 'يكرهك', '.']","['PART+PREP+NEG_PART', 'ADJ', 'PREP', 'PART+PRON', 'V', 'NOUN', 'ADJ', 'PUNC', 'PUNC', 'CONJ', 'V', 'PROG_PART+V', 'NOUN', 'DET+NOUN', 'PRON', 'NOUN', 'NOUN', 'DET+NOUN', 'CONJ', 'PART', 'ADJ', 'NOUN', 'V+PRON', 'PUNC']",Egypt
324,325,وهيفضل الواحد ف حاله توهان . . من كتر تفكير هو اصلا عارف نهايته بس عمال يلعب ف التوقيت على الفاضى ://,"['وهيفضل', 'الواحد', 'ف', 'حاله', 'توهان', '.', '.', 'من', 'كتر', 'تفكير', 'هو', 'اصلا', 'عارف', 'نهايته', 'بس', 'عمال', 'يلعب', 'ف', 'التوقيت', 'على', 'الفاضى', '://']","['CONJ+FUT_PART+V', 'DET+NOUN', 'PREP', 'NOUN+NSUFF', 'NOUN', 'PUNC', 'PUNC', 'PREP', 'NOUN', 'NOUN', 'PRON', 'NOUN+CASE', 'ADJ', 'NOUN+NSUFF+PRON', 'PART', 'ADJ', 'V', 'PREP', 'DET+NOUN', 'PREP', 'DET+NOUN', 'EMOT']",Egypt
325,326,@NorhanSolimanAs تصوير الفيلم كان متعب موووت مش قادرة اوصفلكوا يا جماعة :D ناس عايشة في ماية المخلل بمعني الكلمة يعني :D,"['@NorhanSolimanAs', 'تصوير', 'الفيلم', 'كان', 'متعب', 'موووت', 'مش', 'قادرة', 'اوصفلكوا', 'يا', 'جماعة', ':D', 'ناس', 'عايشة', 'في', 'ماية', 'المخلل', 'بمعني', 'الكلمة', 'يعني', ':D']","['MENTION', 'NOUN', 'DET+NOUN', 'V', 'ADJ', 'NOUN', 'PART', 'ADJ+NSUFF', 'V+PREP+PRON', 'PART', 'NOUN+NSUFF', 'EMOT', 'NOUN', 'ADJ+NSUFF', 'PREP', 'NOUN+NSUFF', 'DET+NOUN', 'PREP+NOUN', 'DET+NOUN+NSUFF', 'ADV', 'EMOT']",Egypt
326,327,و الحاجات اللي خسِرتها للأبد لمجرد إن فيه حاجة جوّاك بتمنعك ترجع تاخد حاجة كنت سيبتها قبل كده,"['و', 'الحاجات', 'اللي', 'خسِرتها', 'للأبد', 'لمجرد', 'إن', 'فيه', 'حاجة', 'جوّاك', 'بتمنعك', 'ترجع', 'تاخد', 'حاجة', 'كنت', 'سيبتها', 'قبل', 'كده']","['CONJ', 'DET+NOUN+NSUFF', 'PART', 'V+PRON+PRON', 'PREP+DET+NOUN', 'PREP+NOUN', 'PART', 'PREP+PRON', 'NOUN+NSUFF', 'NOUN+NSUFF+PRON', 'PROG_PART+V+PRON', 'V', 'V', 'NOUN+NSUFF', 'V+PRON', 'V+PRON+PRON', 'NOUN', 'PRON']",Egypt
327,328,عارف الناس الكل ما الكلام يخلص يفتحوا موضوع تانى عشان عايزين يتكلموا معاك ؟ بحبهم .,"['عارف', 'الناس', 'الكل', 'ما', 'الكلام', 'يخلص', 'يفتحوا', 'موضوع', 'تانى', 'عشان', 'عايزين', 'يتكلموا', 'معاك', '؟', 'بحبهم', '.']","['ADJ', 'DET+NOUN', 'PRON+NOUN', 'PART', 'DET+NOUN', 'V', 'V+PRON', 'NOUN', 'ADJ', 'PART', 'ADJ+NSUFF', 'V+PRON', 'NOUN+PRON', 'PUNC', 'PROG_PART+V+PRON', 'PUNC']",Egypt
328,329,اكبر ميزة ف تجربة الحب الفاشلة انها بتعرفك اخطائك عشان متقعش فيها تاني,"['اكبر', 'ميزة', 'ف', 'تجربة', 'الحب', 'الفاشلة', 'انها', 'بتعرفك', 'اخطائك', 'عشان', 'متقعش', 'فيها', 'تاني']","['ADJ', 'NOUN+NSUFF', 'PREP', 'NOUN+NSUFF', 'DET+NOUN', 'DET+ADJ+NSUFF', 'PART+PRON', 'PROG_PART+V+PRON', 'NOUN+PRON', 'PART', 'PART+V+NEG_PART', 'PREP+PRON', 'ADJ']",Egypt
329,330,#هننضف_لو كل واحد عمل خير فى البلد علشان ربنا مش علشان حد ! :),"['#هننضف_لو', 'كل', 'واحد', 'عمل', 'خير', 'فى', 'البلد', 'علشان', 'ربنا', 'مش', 'علشان', 'حد', '!', ':)']","['HASH', 'NOUN', 'NOUN', 'V', 'NOUN', 'PREP', 'DET+NOUN', 'PART', 'NOUN+PRON', 'PART', 'PART', 'NOUN', 'PUNC', 'EMOT']",Egypt
330,331,هو : انا خايف عليكي . . هي : مش فاهمة يعني ايه ؟ ! هو : مش عارف الصراحة انا حافظها كدا ! بس بيقولوا كدا لما بيخلعوا !,"['هو', ':', 'انا', 'خايف', 'عليكي', '.', '.', 'هي', ':', 'مش', 'فاهمة', 'يعني', 'ايه', '؟', '!', 'هو', ':', 'مش', 'عارف', 'الصراحة', 'انا', 'حافظها', 'كدا', '!', 'بس', 'بيقولوا', 'كدا', 'لما', 'بيخلعوا', '!']","['PRON', 'PUNC', 'PRON', 'ADJ', 'PREP+PRON', 'PUNC', 'PUNC', 'PRON', 'PUNC', 'PART', 'ADJ+NSUFF', 'V', 'PART', 'PUNC', 'PUNC', 'PRON', 'PUNC', 'PART', 'ADJ', 'DET+NOUN+NSUFF', 'PRON', 'ADJ+PRON', 'ADV', 'PUNC', 'PART', 'PROG_PART+V+PRON', 'ADV', 'PART', 'PROG_PART+V+PRON', 'PUNC']",Egypt
331,332,"مش مهم تعرف كام واحد بيحبك , , المهم تعرف كام واحد بيكرهك عشان تعرف انك ماشى فى الطريق الصح ولا لأ . ~","['مش', 'مهم', 'تعرف', 'كام', 'واحد', 'بيحبك', ',', ',', 'المهم', 'تعرف', 'كام', 'واحد', 'بيكرهك', 'عشان', 'تعرف', 'انك', 'ماشى', 'فى', 'الطريق', 'الصح', 'ولا', 'لأ', '.', '~']","['PART', 'ADJ', 'V', 'PART', 'NOUN', 'PROG_PART+V+PRON', 'PUNC', 'PUNC', 'DET+ADJ', 'V', 'PART', 'NOUN', 'PROG_PART+V+PRON', 'PART', 'V', 'PART+PRON', 'ADJ', 'PREP', 'DET+NOUN', 'DET+NOUN', 'CONJ+PART', 'PART', 'PUNC', 'PUNC']",Egypt
332,333,@gihanwaly خليهم يشربوا شوية من القرف اللى احنا عايشين فيه كل ساعة,"['@gihanwaly', 'خليهم', 'يشربوا', 'شوية', 'من', 'القرف', 'اللى', 'احنا', 'عايشين', 'فيه', 'كل', 'ساعة']","['MENTION', 'V+PRON+PRON', 'V+PRON', 'NOUN+NSUFF', 'PREP', 'DET+NOUN', 'PART', 'PRON', 'ADJ+NSUFF', 'PREP+PRON', 'NOUN', 'NOUN+NSUFF']",Egypt
333,334,جمال الشكل دى حاجة من عند ربنا لكن جمال الشخصية دى حاجة انت الى بتعملها .,"['جمال', 'الشكل', 'دى', 'حاجة', 'من', 'عند', 'ربنا', 'لكن', 'جمال', 'الشخصية', 'دى', 'حاجة', 'انت', 'الى', 'بتعملها', '.']","['NOUN', 'DET+NOUN', 'PRON', 'NOUN+NSUFF', 'PREP', 'NOUN', 'NOUN+PRON', 'CONJ', 'NOUN', 'DET+NOUN+NSUFF', 'PRON', 'NOUN+NSUFF', 'PRON', 'PART', 'PROG_PART+V+PRON', 'PUNC']",Egypt
334,335,فكرت قبل كده ليه الدهب غالى ؟ عشان موجود قليل ، كان ممكن الحديد يبقى معدن ثمين والدهب يتعمل منه مسامير . الأقلية مش دايما وحشة .,"['فكرت', 'قبل', 'كده', 'ليه', 'الدهب', 'غالى', '؟', 'عشان', 'موجود', 'قليل', '،', 'كان', 'ممكن', 'الحديد', 'يبقى', 'معدن', 'ثمين', 'والدهب', 'يتعمل', 'منه', 'مسامير', '.', 'الأقلية', 'مش', 'دايما', 'وحشة', '.']","['V+PRON', 'NOUN', 'PRON', 'PART', 'DET+NOUN', 'ADJ', 'PUNC', 'PART', 'ADJ', 'ADJ', 'PUNC', 'V', 'ADJ', 'DET+NOUN', 'V', 'NOUN', 'ADJ', 'CONJ+DET+NOUN', 'V', 'PREP+PRON', 'NOUN', 'PUNC', 'DET+NOUN+NSUFF', 'PART', 'ADJ+CASE', 'ADJ+NSUFF', 'PUNC']",Egypt
335,336,يا طنط أرجوكي كفاية . مش كل ما أطلع أقعد في المترو تيجي تقفي أدّامي أنا بالذات وتعملي تعبانة ! إتعبي في عربيتكوا رجاءًا عشان أنا كمان تعبان,"['يا', 'طنط', 'أرجوكي', 'كفاية', '.', 'مش', 'كل', 'ما', 'أطلع', 'أقعد', 'في', 'المترو', 'تيجي', 'تقفي', 'أدّامي', 'أنا', 'بالذات', 'وتعملي', 'تعبانة', '!', 'إتعبي', 'في', 'عربيتكوا', 'رجاءًا', 'عشان', 'أنا', 'كمان', 'تعبان']","['PART', 'NOUN', 'V+PRON', 'NOUN+NSUFF', 'PUNC', 'PART', 'NOUN', 'PART', 'V', 'V', 'PREP', 'DET+NOUN', 'V+PRON', 'V+PRON', 'NOUN+PRON', 'PRON', 'PREP+DET+NOUN', 'CONJ+V+PRON', 'ADJ+NSUFF', 'PUNC', 'V+PRON', 'PREP', 'NOUN+NSUFF+PRON', 'NOUN+CASE', 'PART', 'PRON', 'ADV', 'ADJ']",Egypt
336,337,ما اللى يترشح يترشح . . مش فهماك ياللى بيتحرق دمك . . . إنزل انتخب اللى على مزاجك . . مش ديموقراطية وحرية . . وإلا اللطم إسلوب حياة,"['ما', 'اللى', 'يترشح', 'يترشح', '.', '.', 'مش', 'فهماك', 'ياللى', 'بيتحرق', 'دمك', '.', '.', '.', 'إنزل', 'انتخب', 'اللى', 'على', 'مزاجك', '.', '.', 'مش', 'ديموقراطية', 'وحرية', '.', '.', 'وإلا', 'اللطم', 'إسلوب', 'حياة']","['PART', 'PART', 'V', 'V', 'PUNC', 'PUNC', 'PART', 'ADJ+NSUFF+PRON', 'PART+PART', 'PROG_PART+V', 'NOUN+PRON', 'PUNC', 'PUNC', 'PUNC', 'V', 'V', 'PART', 'PREP', 'NOUN+PRON', 'PUNC', 'PUNC', 'PART', 'NOUN+NSUFF', 'CONJ+NOUN+NSUFF', 'PUNC', 'PUNC', 'CONJ+PART', 'DET+NOUN', 'NOUN', 'NOUN+NSUFF']",Egypt
337,338,و انا صغيرة ماكنتش بتفرج علي ميكي والكلام دا كنت بقرا قسم الحوادث في الجرنال و كنت استني جرنال الحوادث الي كان بينزل كل يوم السبت واقراه كله,"['و', 'انا', 'صغيرة', 'ماكنتش', 'بتفرج', 'علي', 'ميكي', 'والكلام', 'دا', 'كنت', 'بقرا', 'قسم', 'الحوادث', 'في', 'الجرنال', 'و', 'كنت', 'استني', 'جرنال', 'الحوادث', 'الي', 'كان', 'بينزل', 'كل', 'يوم', 'السبت', 'واقراه', 'كله']","['CONJ', 'PRON', 'ADJ+NSUFF', 'PART+V+PRON+NEG_PART', 'PROG_PART+V', 'PREP', 'NOUN', 'CONJ+DET+NOUN', 'PRON', 'V+PRON', 'PROG_PART+V', 'NOUN', 'DET+NOUN', 'PREP', 'DET+NOUN', 'CONJ', 'V+PRON', 'V', 'NOUN', 'DET+NOUN', 'PART', 'V', 'PROG_PART+V', 'NOUN', 'NOUN', 'DET+NOUN', 'CONJ+V+PRON', 'NOUN+PRON']",Sudan
338,339,"الواحد بيغلط لما بيعامل شوية عيال بالنسبه له اطفال على انهم اخواته الصغيريين , ساعتها بيسوقو فيها اوى ولازم تديهم على دماغهم","['الواحد', 'بيغلط', 'لما', 'بيعامل', 'شوية', 'عيال', 'بالنسبه', 'له', 'اطفال', 'على', 'انهم', 'اخواته', 'الصغيريين', ',', 'ساعتها', 'بيسوقو', 'فيها', 'اوى', 'ولازم', 'تديهم', 'على', 'دماغهم']","['DET+NOUN', 'PROG_PART+V', 'PART', 'PROG_PART+V', 'NOUN+NSUFF', 'NOUN', 'PREP+DET+NOUN+NSUFF', 'PREP+PRON', 'NOUN', 'PREP', 'PART+PRON', 'NOUN+NSUFF+PRON', 'DET+ADJ+NSUFF', 'PUNC', 'NOUN+NSUFF+PRON', 'PROG_PART+V+PRON', 'PREP+PRON', 'ADJ', 'CONJ+ADJ', 'V+PRON+PRON', 'PREP', 'NOUN+PRON']",Egypt
339,340,@KenzyBoosycat انا بدأت اتوغوش ع فكره ؛) كنتي كويسه ايه اللي حصل ! ! اعترفي,"['@KenzyBoosycat', 'انا', 'بدأت', 'اتوغوش', 'ع', 'فكره', '؛)', 'كنتي', 'كويسه', 'ايه', 'اللي', 'حصل', '!', '!', 'اعترفي']","['MENTION', 'PRON', 'V+PRON', 'V', 'PREP', 'NOUN+NSUFF', 'EMOT', 'V+PRON', 'ADJ+NSUFF', 'PART', 'PART', 'V', 'PUNC', 'PUNC', 'V+PRON']",Egypt
340,341,لو كنت استنيت وبصيت في عينه اخر مرة . . جايز كنت فهمت انه زعلان زيك بالظبط ويمكن اكتر . . جايز كنت فهمت ان انتوا اللي اتنين ضحايا القدر .,"['لو', 'كنت', 'استنيت', 'وبصيت', 'في', 'عينه', 'اخر', 'مرة', '.', '.', 'جايز', 'كنت', 'فهمت', 'انه', 'زعلان', 'زيك', 'بالظبط', 'ويمكن', 'اكتر', '.', '.', 'جايز', 'كنت', 'فهمت', 'ان', 'انتوا', 'اللي', 'اتنين', 'ضحايا', 'القدر', '.']","['PART', 'V+PRON', 'V+PRON', 'CONJ+V+PRON', 'PREP', 'NOUN+PRON', 'ADJ', 'NOUN+NSUFF', 'PUNC', 'PUNC', 'ADJ', 'V+PRON', 'V+PRON', 'PART+PRON', 'ADJ', 'NOUN+PRON', 'PREP+DET+NOUN', 'CONJ+V', 'ADJ', 'PUNC', 'PUNC', 'ADJ', 'V+PRON', 'V+PRON', 'PART', 'PRON', 'DET', 'NUM+NSUFF', 'NOUN', 'DET+NOUN', 'PUNC']",Egypt
341,342,@Marmar_TT ههههههههههههههه اه بس للاسف نورك فى الصيف مش هيشغل مروحه ولا تكيف ولا تلاجه . . . استعدى لصيف ساخن,"['@Marmar_TT', 'ههههههههههههههه', 'اه', 'بس', 'للاسف', 'نورك', 'فى', 'الصيف', 'مش', 'هيشغل', 'مروحه', 'ولا', 'تكيف', 'ولا', 'تلاجه', '.', '.', '.', 'استعدى', 'لصيف', 'ساخن']","['MENTION', 'EMOT', 'PART', 'PART', 'PREP+DET+NOUN', 'NOUN+PRON', 'PREP', 'DET+NOUN', 'PART', 'FUT_PART+V', 'NOUN+NSUFF', 'CONJ+PART', 'NOUN', 'CONJ+PART', 'NOUN+NSUFF', 'PUNC', 'PUNC', 'PUNC', 'V+PRON', 'PREP+NOUN', 'ADJ']",Egypt
342,343,حبايبي اسيبكم دلوقتي لأني صاحية من بدري و كان ورايا حاجات كتير نتكلم بكرة إن شاء الله بحبكمممم,"['حبايبي', 'اسيبكم', 'دلوقتي', 'لأني', 'صاحية', 'من', 'بدري', 'و', 'كان', 'ورايا', 'حاجات', 'كتير', 'نتكلم', 'بكرة', 'إن', 'شاء', 'الله', 'بحبكمممم']","['NOUN+PRON', 'V+PRON', 'NOUN', 'PREP+PART+PRON', 'ADJ+NSUFF', 'PREP', 'ADJ', 'CONJ', 'V', 'NOUN+PRON', 'NOUN+NSUFF', 'ADJ', 'V', 'NOUN+NSUFF', 'PART', 'V', 'NOUN', 'PROG_PART+V+PRON']",Egypt
343,344,قبل ما تفكر ترد على حد موجهلكش كلام أو مطلبش رأيك ألطش نفسك قلم و أنزل أشترك في Gym عشان كده معدل الفراغ بقى خطر أوي .,"['قبل', 'ما', 'تفكر', 'ترد', 'على', 'حد', 'موجهلكش', 'كلام', 'أو', 'مطلبش', 'رأيك', 'ألطش', 'نفسك', 'قلم', 'و', 'أنزل', 'أشترك', 'في', 'Gym', 'عشان', 'كده', 'معدل', 'الفراغ', 'بقى', 'خطر', 'أوي', '.']","['NOUN', 'PART', 'V', 'V', 'PREP', 'NOUN', 'PART+V+PREP+PRON+NEG_PART', 'NOUN', 'CONJ', 'PART+V+NEG_PART', 'NOUN+PRON', 'V', 'NOUN+PRON', 'NOUN', 'CONJ', 'V', 'V', 'PREP', 'FOREIGN', 'PART', 'ADV', 'NOUN', 'DET+NOUN', 'V', 'NOUN', 'ADJ', 'PUNC']",Egypt
344,345,و مين فينا مكنش مستني حد يكلمو و هو نايم و كل شوية يصحي يبص ف الموبيل بعين واحدة,"['و', 'مين', 'فينا', 'مكنش', 'مستني', 'حد', 'يكلمو', 'و', 'هو', 'نايم', 'و', 'كل', 'شوية', 'يصحي', 'يبص', 'ف', 'الموبيل', 'بعين', 'واحدة']","['CONJ', 'PART', 'PREP+PRON', 'PART+V+NEG_PART', 'ADJ', 'NOUN', 'V+PRON', 'CONJ', 'PRON', 'ADJ', 'CONJ', 'NOUN', 'NOUN+NSUFF', 'V', 'V', 'PREP', 'DET+NOUN', 'PREP+NOUN', 'ADJ+NSUFF']",Egypt
345,346,"وفي لحظة كدة و انت قاعد مع ناس بتضحك تروح متنح هي دي اللحظة اللي بتكون افتكرت فيها حاجة كانت "" بتضحكك "" كدة زمان وراحت .","['وفي', 'لحظة', 'كدة', 'و', 'انت', 'قاعد', 'مع', 'ناس', 'بتضحك', 'تروح', 'متنح', 'هي', 'دي', 'اللحظة', 'اللي', 'بتكون', 'افتكرت', 'فيها', 'حاجة', 'كانت', '""', 'بتضحكك', '""', 'كدة', 'زمان', 'وراحت', '.']","['CONJ+PREP', 'NOUN+NSUFF', 'ADV', 'CONJ', 'PRON', 'ADJ', 'NOUN', 'NOUN', 'PROG_PART+V', 'V', 'ADJ', 'PRON', 'PRON', 'DET+NOUN+NSUFF', 'PART', 'PROG_PART+V', 'V+PRON', 'PREP+PRON', 'NOUN+NSUFF', 'V+PRON', 'PUNC', 'PROG_PART+V+PRON', 'PUNC', 'ADV', 'NOUN', 'CONJ+V+PRON', 'PUNC']",Egypt
346,347,اللى بيقول مش هينتخب حمدين عشان مش هينجح . . طب وانت ليه عايش وانت عارف انك هتموت,"['اللى', 'بيقول', 'مش', 'هينتخب', 'حمدين', 'عشان', 'مش', 'هينجح', '.', '.', 'طب', 'وانت', 'ليه', 'عايش', 'وانت', 'عارف', 'انك', 'هتموت']","['PART', 'PROG_PART+V', 'PART', 'FUT_PART+V', 'NOUN', 'PART', 'PART', 'FUT_PART+V', 'PUNC', 'PUNC', 'ADJ', 'CONJ+PRON', 'PART', 'ADJ', 'CONJ+PRON', 'ADJ', 'PART+PRON', 'FUT_PART+V']",Egypt
347,348,مفروض ماتزعلش عشان في ناس حالها اوحش من حالك بكتير . . . . . . اشطا خلاص ماتفرحش عشان في ناس حالها احسن من حالتك بكتير,"['مفروض', 'ماتزعلش', 'عشان', 'في', 'ناس', 'حالها', 'اوحش', 'من', 'حالك', 'بكتير', '.', '.', '.', '.', '.', '.', 'اشطا', 'خلاص', 'ماتفرحش', 'عشان', 'في', 'ناس', 'حالها', 'احسن', 'من', 'حالتك', 'بكتير']","['ADJ', 'PART+V+NEG_PART', 'PART', 'PREP', 'NOUN', 'NOUN+PRON', 'ADJ', 'PREP', 'NOUN+PRON', 'PREP+ADJ', 'PUNC', 'PUNC', 'PUNC', 'PUNC', 'PUNC', 'PUNC', 'NOUN+NSUFF', 'NOUN', 'PART+V+NEG_PART', 'PART', 'PREP', 'NOUN', 'NOUN+PRON', 'ADJ', 'PREP', 'NOUN+NSUFF+PRON', 'PREP+ADJ']",Libya
348,349,طب إدونا فرصة نحط فيشة الكشاف في الكهربا عشان يتشحن ! ! ! ! ! #انا_نفسي_أعيش !,"['طب', 'إدونا', 'فرصة', 'نحط', 'فيشة', 'الكشاف', 'في', 'الكهربا', 'عشان', 'يتشحن', '!', '!', '!', '!', '!', '#انا_نفسي_أعيش', '!']","['ADJ', 'V+PRON+PRON', 'NOUN+NSUFF', 'V', 'NOUN+NSUFF', 'DET+NOUN', 'PREP', 'DET+NOUN', 'PART', 'V', 'PUNC', 'PUNC', 'PUNC', 'PUNC', 'PUNC', 'HASH', 'PUNC']",Egypt
349,350,لما تزعل من حد قوله ربنا يسامحك :) أولا اللى قدامك هيحس بالذنب بجد من ناحيك و أنك دعتله و مدعتش عليه . . . و ثانياً هتاخد فيه ثواب,"['لما', 'تزعل', 'من', 'حد', 'قوله', 'ربنا', 'يسامحك', ':)', 'أولا', 'اللى', 'قدامك', 'هيحس', 'بالذنب', 'بجد', 'من', 'ناحيك', 'و', 'أنك', 'دعتله', 'و', 'مدعتش', 'عليه', '.', '.', '.', 'و', 'ثانياً', 'هتاخد', 'فيه', 'ثواب']","['PART', 'V', 'PREP', 'NOUN', 'V+PREP+PRON', 'NOUN+PRON', 'V+PRON', 'EMOT', 'NUM+CASE', 'PART', 'NOUN+PRON', 'FUT_PART+V', 'PREP+DET+NOUN', 'PREP+NOUN', 'PREP', 'NOUN+PRON', 'CONJ', 'PART+PRON', 'V+PRON+PREP+PRON', 'CONJ', 'PART+V+PRON+NEG_PART', 'PREP+PRON', 'PUNC', 'PUNC', 'PUNC', 'CONJ', 'NUM+CASE', 'FUT_PART+V', 'PREP+PRON', 'NOUN']",Egypt
0,1,@tagimlm77 @444Tf هو ثعلب مكار بعد شوي بيقولها اتحداك تسوين احلا منه عشان تسوي ? ? ? ?,"['@tagimlm77', '@444Tf', 'هو', 'ثعلب', 'مكار', 'بعد', 'شوي', 'بيقولها', 'اتحداك', 'تسوين', 'احلا', 'منه', 'عشان', 'تسوي', '?', '?', '?', '?']","['MENTION', 'MENTION', 'PRON', 'NOUN', 'ADJ', 'NOUN', 'ADJ', 'PROG_PART+V+PRON', 'V+PRON', 'V+PRON', 'ADJ', 'PREP+PRON', 'PART', 'V', 'PUNC', 'PUNC', 'PUNC', 'PUNC']",Qatar
1,2,صدز لاقال ان ريحة العود تنعنش وياهي تخلي البال رايق رجعت من الجامعه والقى اميمتي مبخرة البيت . < < اهل الجنون لازم العود مشعلل عندهم ? ?,"['صدز', 'لاقال', 'ان', 'ريحة', 'العود', 'تنعنش', 'وياهي', 'تخلي', 'البال', 'رايق', 'رجعت', 'من', 'الجامعه', 'والقى', 'اميمتي', 'مبخرة', 'البيت', '.', '<', '<', 'اهل', 'الجنون', 'لازم', 'العود', 'مشعلل', 'عندهم', '?', '?']","['NOUN', 'PART+V', 'PART', 'NOUN+NSUFF', 'DET+NOUN', 'V', 'CONJ+PART+PRON', 'V', 'DET+NOUN', 'ADJ', 'V+PRON', 'PREP', 'DET+NOUN+NSUFF', 'CONJ+V', 'NOUN+NSUFF+PRON', 'ADJ+PRON', 'DET+NOUN', 'PUNC', 'PUNC', 'PUNC', 'NOUN', 'DET+NOUN', 'ADJ', 'DET+NOUN', 'ADJ', 'NOUN+PRON', 'PUNC', 'PUNC']",Qatar
2,3,لا تفكرين بالماضي عشان ما تتضايقين ولا المستقبل عشان ما تشيلين هم لا تفكرين بشي بس أبلعي ونامي,"['لا', 'تفكرين', 'بالماضي', 'عشان', 'ما', 'تتضايقين', 'ولا', 'المستقبل', 'عشان', 'ما', 'تشيلين', 'هم', 'لا', 'تفكرين', 'بشي', 'بس', 'أبلعي', 'ونامي']","['PART', 'V+PRON', 'PREP+DET+NOUN', 'PART', 'PART', 'V+PRON', 'CONJ+PART', 'DET+NOUN', 'PART', 'PART', 'V+PRON', 'NOUN', 'PART', 'V+PRON', 'PREP+NOUN', 'PART', 'V+PRON', 'CONJ+V+PRON']",Qatar
3,4,@chanyol_ اي والله اعرف وحده كذا لدرجه انها تتجرأ وتقول تحبها اكثر م زوجها بجد عجزت افهمها ? ?,"['@chanyol_', 'اي', 'والله', 'اعرف', 'وحده', 'كذا', 'لدرجه', 'انها', 'تتجرأ', 'وتقول', 'تحبها', 'اكثر', 'م', 'زوجها', 'بجد', 'عجزت', 'افهمها', '?', '?']","['MENTION', 'PART', 'CONJ+NOUN', 'V', 'NOUN+NSUFF', 'ADV', 'PREP+NOUN+NSUFF', 'PART+PRON', 'V', 'CONJ+V', 'V+PRON', 'ADJ', 'PREP', 'NOUN+PRON', 'PREP+NOUN', 'V+PRON', 'V+PRON', 'PUNC', 'PUNC']",Saudi Arabia
4,5,في عآلم الشعر والأضوآء والشهره والوآقع المر ، والفرقآ ، وحرمآني هذآ قصيدي وگل غآيب معه عذره يمگن . حبيبي يشوف أسمي ويقرآني,"['في', 'عآلم', 'الشعر', 'والأضوآء', 'والشهره', 'والوآقع', 'المر', '،', 'والفرقآ', '،', 'وحرمآني', 'هذآ', 'قصيدي', 'وگل', 'غآيب', 'معه', 'عذره', 'يمگن', '.', 'حبيبي', 'يشوف', 'أسمي', 'ويقرآني']","['PREP', 'NOUN', 'DET+NOUN', 'CONJ+DET+NOUN', 'CONJ+NOUN', 'CONJ+DET+NOUN', 'DET+NOUN', 'PUNC', 'CONJ+DET+NOUN', 'PUNC', 'CONJ+ADJ+PRON', 'PRON', 'NOUN+PRON', 'CONJ+NOUN', 'ADJ', 'NOUN+PRON', 'NOUN+PRON', 'V', 'PUNC', 'NOUN+PRON', 'V', 'NOUN+PRON', 'CONJ+V+PRON']",Iraq
5,6,اقفى . . و لكنہ ترك داخلي شي وانا تركت ( بداخلہ ) الف حاجہ مدري مصير الحي بيلاقي الحي و لا انا وياھ . . ! صعب انتواجہ,"['اقفى', '.', '.', 'و', 'لكنہ', 'ترك', 'داخلي', 'شي', 'وانا', 'تركت', '(', 'بداخلہ', ')', 'الف', 'حاجہ', 'مدري', 'مصير', 'الحي', 'بيلاقي', 'الحي', 'و', 'لا', 'انا', 'وياھ', '.', '.', '!', 'صعب', 'انتواجہ']","['V', 'PUNC', 'PUNC', 'CONJ', 'CONJ+PRON', 'V', 'NOUN+PRON', 'NOUN', 'CONJ+PRON', 'V+PRON', 'PUNC', 'PREP+NOUN+PRON', 'PUNC', 'NUM', 'NOUN+NSUFF', 'PART+V', 'NOUN', 'DET+ADJ', 'PREP+V', 'DET+ADJ', 'CONJ', 'PART', 'PRON', 'NOUN+PRON', 'PUNC', 'PUNC', 'PUNC', 'ADJ', 'V+PRON']",Yemen
6,7,60 : التويتس بتاعك جميل بعض تغريداتك تمثلني ، نفقدك اذا م شفناك ف تايم لاين وبس ? ? ? ?,"['60', ':', 'التويتس', 'بتاعك', 'جميل', 'بعض', 'تغريداتك', 'تمثلني', '،', 'نفقدك', 'اذا', 'م', 'شفناك', 'ف', 'تايم', 'لاين', 'وبس', '?', '?', '?', '?']","['NUM', 'PUNC', 'DET+NOUN', 'NOUN+PRON', 'ADJ', 'NOUN', 'NOUN+NSUFF+PRON', 'V+PRON', 'PUNC', 'V+PRON', 'PART', 'PART', 'V+PRON+PRON', 'PREP', 'NOUN', 'NOUN', 'CONJ+PART', 'PUNC', 'PUNC', 'PUNC', 'PUNC']",Sudan
7,8,". ما أبيك تسأل كيف أنا أغليك وشلون ؟ ! الحب كله فيك أنا أشوفه شوي "" يكفي أشوفك كل شي بهالكون "" ويكفي أشوف الكون دونك ولا شي "" .","['.', 'ما', 'أبيك', 'تسأل', 'كيف', 'أنا', 'أغليك', 'وشلون', '؟', '!', 'الحب', 'كله', 'فيك', 'أنا', 'أشوفه', 'شوي', '""', 'يكفي', 'أشوفك', 'كل', 'شي', 'بهالكون', '""', 'ويكفي', 'أشوف', 'الكون', 'دونك', 'ولا', 'شي', '""', '.']","['PUNC', 'PART', 'V+PRON', 'V', 'PART', 'PRON', 'ADJ+PRON', 'PART', 'PUNC', 'PUNC', 'DET+NOUN', 'NOUN+NSUFF', 'PREP+PRON', 'PRON', 'V+PRON', 'ADJ', 'PUNC', 'V', 'V+PRON', 'NOUN', 'NOUN', 'PREP+PRON+DET+NOUN', 'PUNC', 'CONJ+V', 'V', 'DET+NOUN', 'NOUN+PRON', 'CONJ+PART', 'NOUN', 'PUNC', 'PUNC']",Syria
8,9,وجهك مو غريب علي ^ سعودي يبي يدخل بسالفة مع واحد ما يعرفه ? ?,"['وجهك', 'مو', 'غريب', 'علي', '^', 'سعودي', 'يبي', 'يدخل', 'بسالفة', 'مع', 'واحد', 'ما', 'يعرفه', '?', '?']","['NOUN+PRON', 'PART', 'ADJ', 'PREP', 'PUNC', 'NOUN+NSUFF', 'V+PRON', 'V', 'PREP+NOUN+NSUFF', 'NOUN', 'NOUN', 'PART', 'V+PRON', 'PUNC', 'PUNC']",Qatar
9,10,انت الشعر وانت الفكر وانت المراد في غير حبي لك أناا مالي شؤون تبي الحقيقھ ه و العلم الوكاد يازين حبگ لو وصل حد الجنون ? ” Mالشمري,"['انت', 'الشعر', 'وانت', 'الفكر', 'وانت', 'المراد', 'في', 'غير', 'حبي', 'لك', 'أناا', 'مالي', 'شؤون', 'تبي', 'الحقيقھ', 'ه', 'و', 'العلم', 'الوكاد', 'يازين', 'حبگ', 'لو', 'وصل', 'حد', 'الجنون', '?', '”', 'Mالشمري']","['PRON', 'DET+NOUN', 'CONJ+PRON', 'DET+NOUN', 'CONJ+PRON', 'DET+NOUN', 'PREP', 'NOUN', 'NOUN+PRON', 'PREP+PRON', 'PRON', 'PART+PREP+PRON', 'NOUN', 'V+PRON', 'DET+NOUN+NSUFF', 'NSUFF', 'CONJ', 'DET+NOUN', 'DET+ADJ', 'PART+ADJ', 'NOUN+PRON', 'PART', 'V', 'NOUN', 'DET+NOUN', 'PUNC', 'PUNC', 'NOUN']",Yemen
10,11,اذا سمعت كلمه مع احترامي الشديد فتاكد ان الكلمه اللي بتجيك بعدها راح تشيل الاستهتار من جذوره,"['اذا', 'سمعت', 'كلمه', 'مع', 'احترامي', 'الشديد', 'فتاكد', 'ان', 'الكلمه', 'اللي', 'بتجيك', 'بعدها', 'راح', 'تشيل', 'الاستهتار', 'من', 'جذوره']","['PART', 'V+PRON', 'NOUN+NSUFF', 'NOUN', 'NOUN+PRON', 'DET+ADJ', 'CONJ+V', 'PART', 'DET+NOUN+NSUFF', 'PART', 'PROG_PART+V+PRON', 'NOUN+PRON', 'FUT_PART', 'V', 'DET+NOUN', 'PREP', 'NOUN+PRON']",Saudi Arabia
11,12,الحين مو على اساس نص السعوديه في دبي ، طيب والززززززززحممممممةةةةةةةة هاذذذذي ليييييييشششششش ؟,"['الحين', 'مو', 'على', 'اساس', 'نص', 'السعوديه', 'في', 'دبي', '،', 'طيب', 'والززززززززحممممممةةةةةةةة', 'هاذذذذي', 'ليييييييشششششش', '؟']","['NOUN', 'PART', 'PREP', 'NOUN', 'NOUN', 'DET+NOUN+NSUFF', 'PREP', 'NOUN', 'PUNC', 'ADJ', 'CONJ+DET+NOUN+NSUFF', 'PRON', 'PART', 'PUNC']",Oman
12,13,شكله بس احنا اللي مب لازم نتغدا سمك يوم الجمعه ! ماش شكلنا مب سعوديين ? ? ? ?,"['شكله', 'بس', 'احنا', 'اللي', 'مب', 'لازم', 'نتغدا', 'سمك', 'يوم', 'الجمعه', '!', 'ماش', 'شكلنا', 'مب', 'سعوديين', '?', '?', '?', '?']","['NOUN+NSUFF', 'PART', 'PRON', 'PART', 'PART', 'ADJ', 'V', 'NOUN', 'NOUN', 'DET+NOUN+NSUFF', 'PUNC', 'ADJ', 'NOUN+PRON', 'PART', 'NOUN+PRON', 'PUNC', 'PUNC', 'PUNC', 'PUNC']",Saudi Arabia
13,14,"شربت من عرق ابوي و عرق جداني من الطناخه وايضا الانحياديه صحيح انا بنت يااللي تجهل اوطاني لكن ربيت بعلوم المرجلانيه ايه بالله ? ? ""","['شربت', 'من', 'عرق', 'ابوي', 'و', 'عرق', 'جداني', 'من', 'الطناخه', 'وايضا', 'الانحياديه', 'صحيح', 'انا', 'بنت', 'يااللي', 'تجهل', 'اوطاني', 'لكن', 'ربيت', 'بعلوم', 'المرجلانيه', 'ايه', 'بالله', '?', '?', '""']","['V+PRON', 'PREP', 'NOUN', 'NOUN+PRON', 'CONJ', 'NOUN', 'NOUN+PRON', 'PREP', 'DET+ADJ+NSUFF', 'CONJ+ADV+CASE', 'DET+ADJ+NSUFF', 'ADJ', 'PRON', 'NOUN', 'PART+PART', 'V', 'NOUN+PRON', 'CONJ', 'V+PRON', 'PREP+NOUN', 'DET+ADJ+NSUFF', 'PART', 'PREP+NOUN', 'PUNC', 'PUNC', 'PUNC']",Yemen
14,15,الجنون عيون . .. وعيونك وطن والوطن من غير عينك وش يكون ؟ لا شوارع ، لا اماني ، لا سكن لا حياة ، ولا ممات ، ولا طعون ! !,"['الجنون', 'عيون', '.', '..', 'وعيونك', 'وطن', 'والوطن', 'من', 'غير', 'عينك', 'وش', 'يكون', '؟', 'لا', 'شوارع', '،', 'لا', 'اماني', '،', 'لا', 'سكن', 'لا', 'حياة', '،', 'ولا', 'ممات', '،', 'ولا', 'طعون', '!', '!']","['DET+NOUN', 'NOUN', 'PUNC', 'PUNC', 'CONJ+NOUN+PRON', 'NOUN', 'CONJ+DET+NOUN', 'PREP', 'NOUN', 'NOUN+PRON', 'PART', 'V', 'PUNC', 'PART', 'NOUN', 'PUNC', 'PART', 'NOUN', 'PUNC', 'PART', 'NOUN', 'PART', 'NOUN+NSUFF', 'PUNC', 'CONJ+PART', 'NOUN', 'PUNC', 'CONJ+PART', 'NOUN', 'PUNC', 'PUNC']",Yemen
15,16,اللي يدقق في كلامي بيقراك واللي يركز في عيوني بيشوفك,"['اللي', 'يدقق', 'في', 'كلامي', 'بيقراك', 'واللي', 'يركز', 'في', 'عيوني', 'بيشوفك']","['PART', 'V', 'PREP', 'NOUN+PRON', 'PROG_PART+V+PRON', 'CONJ+PART', 'V', 'PREP', 'NOUN+PRON', 'PROG_PART+V+PRON']",Yemen
16,17,مافي ابشع من شعور تعطي شخص من كل قلبك وبالأخير تلاقي نفسك مثل اي وآحد عنده,"['مافي', 'ابشع', 'من', 'شعور', 'تعطي', 'شخص', 'من', 'كل', 'قلبك', 'وبالأخير', 'تلاقي', 'نفسك', 'مثل', 'اي', 'وآحد', 'عنده']","['PART+PREP', 'ADJ', 'PREP', 'NOUN', 'V', 'NOUN', 'PREP', 'NOUN', 'NOUN+PRON', 'CONJ+PREP+DET+ADJ', 'V', 'NOUN+PRON', 'NOUN', 'PART', 'NOUN', 'NOUN+PRON']",Saudi Arabia
17,18,اللي عنده اي كتاب ( نظم تعليم ) و متكلم فيه عن ( اسكد ) التلفزيون الدولي المقنن لالتعليم من اليونيسكو ( غير اللي في النت ) يساعدنا فيه ? ?,"['اللي', 'عنده', 'اي', 'كتاب', '(', 'نظم', 'تعليم', ')', 'و', 'متكلم', 'فيه', 'عن', '(', 'اسكد', ')', 'التلفزيون', 'الدولي', 'المقنن', 'لالتعليم', 'من', 'اليونيسكو', '(', 'غير', 'اللي', 'في', 'النت', ')', 'يساعدنا', 'فيه', '?', '?']","['PART', 'NOUN+PRON', 'PART', 'NOUN', 'PUNC', 'NOUN', 'NOUN', 'PUNC', 'CONJ', 'ADJ', 'PREP+PRON', 'PREP', 'PUNC', 'NOUN', 'PUNC', 'DET+NOUN', 'DET+NOUN', 'DET+ADJ', 'PREP+DET+NOUN', 'PREP', 'DET+NOUN', 'PUNC', 'NOUN', 'PART', 'PREP', 'DET+NOUN', 'PUNC', 'V+PRON', 'PREP+PRON', 'PUNC', 'PUNC']",Egypt
18,19,لما اجي واحسسك ب اهتمامي واقعد اراضيك لاتصير تعاملني ببرود عشان مااكرهك وصل,"['لما', 'اجي', 'واحسسك', 'ب', 'اهتمامي', 'واقعد', 'اراضيك', 'لاتصير', 'تعاملني', 'ببرود', 'عشان', 'مااكرهك', 'وصل']","['PART', 'V', 'CONJ+V+PRON', 'PREP', 'NOUN+PRON', 'CONJ+V', 'V+PRON', 'PART+V', 'V+PRON', 'PREP+ADJ', 'PART', 'PART+V', 'V']",Qatar
19,20,"اللي مخترع حركة الشحن برقم الهويه . ما أقول إلا الله يشغلك في نفسك ويجعلك إذا تثاوبت ماتقدر تصك فمك إلا برقم الهيكل حق سيارتك "" ?","['اللي', 'مخترع', 'حركة', 'الشحن', 'برقم', 'الهويه', '.', 'ما', 'أقول', 'إلا', 'الله', 'يشغلك', 'في', 'نفسك', 'ويجعلك', 'إذا', 'تثاوبت', 'ماتقدر', 'تصك', 'فمك', 'إلا', 'برقم', 'الهيكل', 'حق', 'سيارتك', '""', '?']","['PART', 'ADJ', 'NOUN+NSUFF', 'DET+NOUN', 'PREP+NOUN', 'DET+NOUN+NSUFF', 'PUNC', 'PART', 'V', 'PART', 'NOUN', 'V+PRON', 'PREP', 'NOUN+PRON', 'CONJ+V+PRON', 'PART', 'V+PRON', 'PART+V', 'V', 'NOUN+PRON', 'PART', 'PREP+NOUN', 'DET+NOUN', 'NOUN', 'NOUN+NSUFF+PRON', 'PUNC', 'PUNC']",Yemen
20,21,كلهم يرجعون ! بس يرجعون بالوقت الخطأ بالوقت اللي م عاد لهم مكان فيه و صار وجودهم وعدمهم واحد,"['كلهم', 'يرجعون', '!', 'بس', 'يرجعون', 'بالوقت', 'الخطأ', 'بالوقت', 'اللي', 'م', 'عاد', 'لهم', 'مكان', 'فيه', 'و', 'صار', 'وجودهم', 'وعدمهم', 'واحد']","['NOUN+PRON', 'V+PRON', 'PUNC', 'PART', 'V+PRON', 'PREP+DET+NOUN', 'DET+NOUN', 'PREP+DET+NOUN', 'PART', 'PART', 'V', 'PREP+PRON', 'NOUN', 'PREP+PRON', 'CONJ', 'V', 'NOUN+PRON', 'CONJ+NOUN+PRON', 'NOUN']",Saudi Arabia
21,22,انا طول وقتي يا نايم يا مزكم يا افكر بأشياء مستحيل تصير,"['انا', 'طول', 'وقتي', 'يا', 'نايم', 'يا', 'مزكم', 'يا', 'افكر', 'بأشياء', 'مستحيل', 'تصير']","['PRON', 'NOUN', 'NOUN+PRON', 'PART', 'ADJ', 'PART', 'ADJ', 'PART', 'V', 'PREP+NOUN', 'ADJ', 'V']",Iraq
22,23,في علاقة بحياتي كلما اتجاهلها اكتشف اني اتورط فيها اكثر . .... ي شين اللي يتعلق بشي مابوه شي على سنع,"['في', 'علاقة', 'بحياتي', 'كلما', 'اتجاهلها', 'اكتشف', 'اني', 'اتورط', 'فيها', 'اكثر', '.', '....', 'ي', 'شين', 'اللي', 'يتعلق', 'بشي', 'مابوه', 'شي', 'على', 'سنع']","['PREP', 'NOUN+NSUFF', 'PREP+NOUN+NSUFF+PRON', 'PART', 'V+PRON', 'V', 'PART+PRON', 'V', 'PREP+PRON', 'ADJ', 'PUNC', 'PUNC', 'PART', 'ADJ', 'PART', 'V', 'PREP+NOUN', 'PART+PREP+PRON', 'NOUN', 'PREP', 'ADJ']",Qatar
23,24,توني استوعب ان هذا اول سمستر بحياتي كلها من التمهيدي الى الانجليزي اللي ما ادرس فيه ماث . .. ياارب لك الحمد اللهم زد وبارك ? ? ? ? ?,"['توني', 'استوعب', 'ان', 'هذا', 'اول', 'سمستر', 'بحياتي', 'كلها', 'من', 'التمهيدي', 'الى', 'الانجليزي', 'اللي', 'ما', 'ادرس', 'فيه', 'ماث', '.', '..', 'ياارب', 'لك', 'الحمد', 'اللهم', 'زد', 'وبارك', '?', '?', '?', '?', '?']","['NOUN+PRON', 'V', 'PART', 'PRON', 'NOUN', 'NOUN', 'PREP+NOUN+NSUFF+PRON', 'NOUN+PRON', 'PREP', 'DET+NOUN+NSUFF', 'PREP', 'DET+NOUN', 'PART', 'PART', 'V', 'PREP+PRON', 'NOUN', 'PUNC', 'PUNC', 'PART+NOUN', 'PREP+PRON', 'DET+NOUN', 'NOUN', 'V', 'CONJ+V', 'PUNC', 'PUNC', 'PUNC', 'PUNC', 'PUNC']",Qatar
24,25,طيعي شوري و اتركيها مرايتك ! هاك عيني شوفي حسنك لو تبين ؟,"['طيعي', 'شوري', 'و', 'اتركيها', 'مرايتك', '!', 'هاك', 'عيني', 'شوفي', 'حسنك', 'لو', 'تبين', '؟']","['V+PRON', 'NOUN+PRON', 'CONJ', 'V+PRON+PRON', 'NOUN+NSUFF+PRON', 'PUNC', 'V+PRON', 'NOUN+PRON', 'V+PRON', 'NOUN+PRON', 'PART', 'V', 'PUNC']",Iraq
25,26,تطفي اللمبات وتشغل البريد وتقول ليش نايمين يا بنات ! أنتي زين ما تسمعين شخير ! ههههههههههههههههههههههههه,"['تطفي', 'اللمبات', 'وتشغل', 'البريد', 'وتقول', 'ليش', 'نايمين', 'يا', 'بنات', '!', 'أنتي', 'زين', 'ما', 'تسمعين', 'شخير', '!', 'ههههههههههههههههههههههههه']","['V', 'DET+NOUN+NSUFF', 'CONJ+V', 'DET+NOUN', 'CONJ+V', 'PART', 'ADJ+PRON', 'PART', 'NOUN', 'PUNC', 'PRON+NSUFF', 'ADJ', 'PART', 'V+PRON', 'NOUN', 'PUNC', 'EMOT']",Oman
26,27,وين كلمه احبك وين ذاك الغرام ليش نزلت قدرك عقب مانت ارتفعت آآآآه ياقو قلبك لك عيونن تنام تجرح اللي يحبك بالكلام وقطعت #حمد_السعيد,"['وين', 'كلمه', 'احبك', 'وين', 'ذاك', 'الغرام', 'ليش', 'نزلت', 'قدرك', 'عقب', 'مانت', 'ارتفعت', 'آآآآه', 'ياقو', 'قلبك', 'لك', 'عيونن', 'تنام', 'تجرح', 'اللي', 'يحبك', 'بالكلام', 'وقطعت', '#حمد_السعيد']","['PART', 'NOUN+NSUFF', 'V+PRON', 'PART', 'PRON', 'DET+NOUN', 'PART', 'V+PRON', 'NOUN+PRON', 'NOUN', 'PART+PRON', 'V+PRON', 'EMOT', 'PART+NOUN', 'NOUN+PRON', 'PREP+PRON', 'NOUN+NSUFF', 'V', 'V', 'PART', 'V+PRON', 'PREP+DET+NOUN', 'CONJ+V+PRON', 'HASH']",Yemen
27,28,ابي اطلع بكوكب لحالي ايه ابي العزله مابي النفاق .,"['ابي', 'اطلع', 'بكوكب', 'لحالي', 'ايه', 'ابي', 'العزله', 'مابي', 'النفاق', '.']","['V', 'V', 'PREP+NOUN', 'PREP+NOUN+PRON', 'PART', 'V', 'DET+NOUN+NSUFF', 'PART+V', 'DET+NOUN', 'PUNC']",Iraq
28,29,وقولوا بسم الله عل غزال طب قولوا بسم الله . .. ^ هالأغنيه لو تشوفون يا عيال بعض الحريم كيف يرقصونها تسجدة سجدت شكر على انك ولد,"['وقولوا', 'بسم', 'الله', 'عل', 'غزال', 'طب', 'قولوا', 'بسم', 'الله', '.', '..', '^', 'هالأغنيه', 'لو', 'تشوفون', 'يا', 'عيال', 'بعض', 'الحريم', 'كيف', 'يرقصونها', 'تسجدة', 'سجدت', 'شكر', 'على', 'انك', 'ولد']","['CONJ+V+PRON', 'NOUN', 'NOUN', 'PREP', 'NOUN', 'V', 'V+PRON', 'NOUN', 'NOUN', 'PUNC', 'PUNC', 'PUNC', 'PRON+DET+NOUN+NSUFF', 'PART', 'V+PRON', 'PART', 'NOUN', 'NOUN', 'DET+NOUN', 'PART', 'V+PRON+PRON', 'V+NSUFF', 'NOUN+NSUFF', 'NOUN', 'PREP', 'PART+PRON', 'NOUN']",Oman
29,30,#افتخر_اني_ولا_مرة جلست أتميلح عند هامور عشان يعزز لي,"['#افتخر_اني_ولا_مرة', 'جلست', 'أتميلح', 'عند', 'هامور', 'عشان', 'يعزز', 'لي']","['HASH', 'V+PRON', 'V', 'NOUN', 'ADJ', 'PART', 'V', 'PREP+PRON']",Saudi Arabia
30,31,لما يجي الاعتذار مره متأخر يصير اكبر من الغلط نفسه !,"['لما', 'يجي', 'الاعتذار', 'مره', 'متأخر', 'يصير', 'اكبر', 'من', 'الغلط', 'نفسه', '!']","['PART', 'V', 'DET+NOUN', 'NOUN+NSUFF', 'ADJ', 'V', 'ADJ', 'PREP', 'DET+NOUN', 'NOUN+PRON', 'PUNC']",Oman
31,32,ادري انه عيب اتخلى عن اي علاقه بحياتي عشان موقف تافه بس قلبي ما عاد يتحمل ضيقة صدر والله .,"['ادري', 'انه', 'عيب', 'اتخلى', 'عن', 'اي', 'علاقه', 'بحياتي', 'عشان', 'موقف', 'تافه', 'بس', 'قلبي', 'ما', 'عاد', 'يتحمل', 'ضيقة', 'صدر', 'والله', '.']","['V', 'PART+PRON', 'NOUN', 'V', 'PREP', 'PART', 'NOUN+NSUFF', 'PREP+NOUN+NSUFF+PRON', 'PART', 'NOUN', 'ADJ', 'PART', 'NOUN+PRON', 'PART', 'V', 'V', 'NOUN+NSUFF', 'NOUN', 'CONJ+NOUN', 'PUNC']",Oman
32,33,@ahmed_ng505 كثير اللي ودي اقابلهم لكن اذا كان من الهلال ياسر القحطاني محمد الشلهؤب ، ،,"['@ahmed_ng505', 'كثير', 'اللي', 'ودي', 'اقابلهم', 'لكن', 'اذا', 'كان', 'من', 'الهلال', 'ياسر', 'القحطاني', 'محمد', 'الشلهؤب', '،', '،']","['MENTION', 'ADJ', 'PART', 'V+PRON', 'V+PRON', 'CONJ', 'PART', 'V', 'PREP', 'DET+NOUN', 'NOUN', 'DET+NOUN', 'NOUN', 'DET+NOUN', 'PUNC', 'PUNC']",Saudi Arabia
33,34,شفت السماء يوم المطر ؟ طيب شفت الحضن ب ليلة شتاء ؟ شفت البكاء لحظة قهر ؟ طيب شفتي مريولك ! اكويه والبسيه ولا يكثر ~ o ) . . ~,"['شفت', 'السماء', 'يوم', 'المطر', '؟', 'طيب', 'شفت', 'الحضن', 'ب', 'ليلة', 'شتاء', '؟', 'شفت', 'البكاء', 'لحظة', 'قهر', '؟', 'طيب', 'شفتي', 'مريولك', '!', 'اكويه', 'والبسيه', 'ولا', 'يكثر', '~', 'o', ')', '.', '.', '~']","['V+PRON', 'DET+NOUN', 'NOUN', 'DET+NOUN', 'PUNC', 'ADJ', 'V+PRON', 'DET+NOUN', 'PREP', 'NOUN+NSUFF', 'NOUN', 'PUNC', 'V+PRON', 'DET+NOUN', 'NOUN+NSUFF', 'NOUN', 'PUNC', 'ADJ', 'V+PRON+PRON', 'NOUN+PRON', 'PUNC', 'V+PRON', 'CONJ+V+PRON+PRON', 'CONJ+PART', 'V', 'PUNC', 'PUNC', 'PUNC', 'PUNC', 'PUNC', 'PUNC']",Saudi Arabia
34,35,""" الحب ماهو بكلمة اهواك واغليك صدق المشاعر تبينه لك الانجليزي ولا الكلام العذب كلن بيعطيك تلقاه مع شاعر وعاشق ومحتال","['""', 'الحب', 'ماهو', 'بكلمة', 'اهواك', 'واغليك', 'صدق', 'المشاعر', 'تبينه', 'لك', 'الانجليزي', 'ولا', 'الكلام', 'العذب', 'كلن', 'بيعطيك', 'تلقاه', 'مع', 'شاعر', 'وعاشق', 'ومحتال']","['PUNC', 'DET+NOUN', 'PART+PRON', 'PREP+NOUN+NSUFF', 'V+PRON', 'CONJ+V+PRON', 'NOUN', 'DET+NOUN', 'V+PRON', 'PREP+PRON', 'DET+NOUN', 'CONJ+PART', 'DET+NOUN', 'DET+ADJ', 'NOUN+NSUFF', 'PREP+V+PRON', 'V+PRON', 'NOUN', 'NOUN', 'CONJ+ADJ', 'CONJ+ADJ']",Yemen
35,36,كتب الفلكي السعودي خالد الزعاق يقول الصيف سوف يكون حارا جدا هذه السنة . حساااافه يعني مهوب نفس كل سنة ثلج ومطر ? ? يعني نبي نفقد ? ? ? ? ? ?,"['كتب', 'الفلكي', 'السعودي', 'خالد', 'الزعاق', 'يقول', 'الصيف', 'سوف', 'يكون', 'حارا', 'جدا', 'هذه', 'السنة', '.', 'حساااافه', 'يعني', 'مهوب', 'نفس', 'كل', 'سنة', 'ثلج', 'ومطر', '?', '?', 'يعني', 'نبي', 'نفقد', '?', '?', '?', '?', '?', '?']","['V', 'DET+NOUN+NSUFF', 'DET+NOUN', 'NOUN', 'DET+NOUN', 'V', 'DET+NOUN', 'FUT_PART', 'V', 'ADJ+CASE', 'NOUN+CASE', 'PRON', 'DET+NOUN+NSUFF', 'PUNC', 'NOUN+NSUFF', 'V', 'PART+PRON+PREP', 'NOUN', 'NOUN', 'NOUN+NSUFF', 'NOUN', 'CONJ+NOUN', 'PUNC', 'PUNC', 'V', 'V', 'V', 'PUNC', 'PUNC', 'PUNC', 'PUNC', 'PUNC', 'PUNC']",Saudi Arabia
36,37,@khaleddlim يارجل م عمر احد لقى فضيحه لالاتحاد او شي يعيب على الاتحاد فيه الى في ادارة عتريس هلت الفضايح من كل جهه والله فشلونا حسبي الله,"['@khaleddlim', 'يارجل', 'م', 'عمر', 'احد', 'لقى', 'فضيحه', 'لالاتحاد', 'او', 'شي', 'يعيب', 'على', 'الاتحاد', 'فيه', 'الى', 'في', 'ادارة', 'عتريس', 'هلت', 'الفضايح', 'من', 'كل', 'جهه', 'والله', 'فشلونا', 'حسبي', 'الله']","['MENTION', 'PART+NOUN', 'PART', 'NOUN', 'NOUN', 'V', 'NOUN+NSUFF', 'PREP+DET+NOUN', 'PART', 'NOUN', 'V', 'PREP', 'DET+NOUN', 'PREP+NSUFF', 'PREP', 'PREP', 'NOUN+NSUFF', 'NOUN', 'V+PRON', 'DET+NOUN', 'PREP', 'NOUN', 'NOUN', 'CONJ+NOUN', 'V+PRON+PRON', 'NOUN+PRON', 'NOUN']",Yemen
37,38,لما ينهزم اليونايتد ضد البديع على طول راح تبدأ صور أسود وأبيض لنهائي 99 وبكائيات على فيرغي . . عشان كذا احفظوا الصور من الحين :p,"['لما', 'ينهزم', 'اليونايتد', 'ضد', 'البديع', 'على', 'طول', 'راح', 'تبدأ', 'صور', 'أسود', 'وأبيض', 'لنهائي', '99', 'وبكائيات', 'على', 'فيرغي', '.', '.', 'عشان', 'كذا', 'احفظوا', 'الصور', 'من', 'الحين', ':p']","['PART', 'V', 'DET+NOUN', 'NOUN', 'DET+NOUN', 'PREP', 'NOUN', 'FUT_PART', 'V', 'NOUN', 'ADJ', 'CONJ+ADJ', 'PREP+NOUN', 'NUM', 'CONJ+NOUN+NSUFF', 'PREP', 'NOUN', 'PUNC', 'PUNC', 'PART', 'ADV', 'V+PRON', 'DET+NOUN', 'PREP', 'NOUN', 'EMOT']",Saudi Arabia
38,39,"أنا أسمي * قومي وجيبي و يدلعوني * ما منك فايدة * "" ? ? احيانا أنتي اساس البلى * "" ? وانتم وش اسمائكم "" ?","['أنا', 'أسمي', '*', 'قومي', 'وجيبي', 'و', 'يدلعوني', '*', 'ما', 'منك', 'فايدة', '*', '""', '?', '?', 'احيانا', 'أنتي', 'اساس', 'البلى', '*', '""', '?', 'وانتم', 'وش', 'اسمائكم', '""', '?']","['PRON', 'NOUN+PRON', 'PUNC', 'V+PRON', 'CONJ+V+PRON', 'CONJ', 'V+PRON+PRON', 'PUNC', 'PART', 'PREP+PRON', 'NOUN+NSUFF', 'PUNC', 'PUNC', 'PUNC', 'PUNC', 'NOUN+CASE', 'PRON+PRON', 'NOUN', 'DET+NOUN', 'PUNC', 'PUNC', 'PUNC', 'CONJ+PRON', 'PART', 'NOUN+PRON', 'PUNC', 'PUNC']",Yemen
39,40,بروح افطر تبون اجيب لكم شيء معي ؟ لالسهرانين بس عشانهم محللين الويكند,"['بروح', 'افطر', 'تبون', 'اجيب', 'لكم', 'شيء', 'معي', '؟', 'لالسهرانين', 'بس', 'عشانهم', 'محللين', 'الويكند']","['FUT_PART+V', 'V', 'V+PRON', 'V', 'PREP+PRON', 'NOUN', 'NOUN+PRON', 'PUNC', 'PREP+DET+ADJ+PRON', 'PART', 'PART+PRON', 'ADJ+PRON', 'DET+NOUN']",Saudi Arabia
40,41,داليندا اللي حطيتي اكاونتاتهم كبر عيالج ? ? خافي الله ? ?,"['داليندا', 'اللي', 'حطيتي', 'اكاونتاتهم', 'كبر', 'عيالج', '?', '?', 'خافي', 'الله', '?', '?']","['NOUN', 'PART', 'V+PRON+PRON', 'NOUN+NSUFF+PRON', 'NOUN', 'NOUN+PRON', 'PUNC', 'PUNC', 'V+PRON', 'NOUN', 'PUNC', 'PUNC']",Qatar
41,42,قادر اتركها ولكن كيف بترك ذكرياتي وهي اجمل شي في دنياي واسوء شي فيها,"['قادر', 'اتركها', 'ولكن', 'كيف', 'بترك', 'ذكرياتي', 'وهي', 'اجمل', 'شي', 'في', 'دنياي', 'واسوء', 'شي', 'فيها']","['ADJ', 'V+PRON', 'CONJ+CONJ', 'PART', 'PROG_PART+V', 'NOUN+NSUFF+PRON', 'CONJ+PRON', 'ADJ', 'NOUN', 'PREP', 'NOUN+PRON', 'CONJ+ADJ', 'NOUN', 'PREP+PRON']",Yemen
42,43,بسالج سؤال وقولي الصج هذي الجمله تخليني إفكر بالجذبه قبل لا أسمع السؤال ‹ ? › !,"['بسالج', 'سؤال', 'وقولي', 'الصج', 'هذي', 'الجمله', 'تخليني', 'إفكر', 'بالجذبه', 'قبل', 'لا', 'أسمع', 'السؤال', '‹', '?', '›', '!']","['PROG_PART+V+PRON', 'NOUN', 'CONJ+V+PRON', 'DET+NOUN', 'PRON', 'DET+NOUN+NSUFF', 'V+PRON', 'V', 'PREP+DET+NOUN+NSUFF', 'NOUN', 'PART', 'V', 'DET+NOUN', 'PUNC', 'PUNC', 'PUNC', 'PUNC']",Oman
43,44,شفت زين الجو لا هبت نسايم هذا حلو شوفك وقربك ولقياك ?,"['شفت', 'زين', 'الجو', 'لا', 'هبت', 'نسايم', 'هذا', 'حلو', 'شوفك', 'وقربك', 'ولقياك', '?']","['V+PRON', 'ADJ', 'DET+NOUN', 'PART', 'V+PRON', 'NOUN', 'PRON', 'ADJ', 'V+PRON', 'CONJ+NOUN+PRON', 'CONJ+NOUN+PRON', 'PUNC']",Oman
44,45,شعور حلو دقايق ما كلمتيه يقلب الدنيا عليج ويدق يزفج ويقول لج ترا اشتقت لج ?,"['شعور', 'حلو', 'دقايق', 'ما', 'كلمتيه', 'يقلب', 'الدنيا', 'عليج', 'ويدق', 'يزفج', 'ويقول', 'لج', 'ترا', 'اشتقت', 'لج', '?']","['NOUN', 'ADJ', 'NOUN', 'PART', 'V+PRON+NSUFF+PRON', 'V', 'DET+NOUN', 'PREP+PRON', 'CONJ+V', 'V+PRON', 'CONJ+V', 'PREP+PRON', 'PART', 'V+PRON', 'PREP+PRON', 'PUNC']",Qatar
45,46,من مهاراتي إذا شفت ذبانہ على التلفزيون أغير القناه عشان تخاف ?,"['من', 'مهاراتي', 'إذا', 'شفت', 'ذبانہ', 'على', 'التلفزيون', 'أغير', 'القناه', 'عشان', 'تخاف', '?']","['PREP', 'NOUN+NSUFF+PRON', 'PART', 'V+PRON', 'NOUN+NSUFF', 'PREP', 'DET+NOUN', 'V', 'DET+NOUN+NSUFF', 'PART', 'V', 'PUNC']",Yemen
46,47,? ? كنت ابتسم ؛ لاللي يخيب ظني ما كان يغمره العتب و ازعاجہ هذا الشعور اللي سرقتہ مني رده على قلبي ترى ، يحتاجہ !,"['?', '?', 'كنت', 'ابتسم', '؛', 'لاللي', 'يخيب', 'ظني', 'ما', 'كان', 'يغمره', 'العتب', 'و', 'ازعاجہ', 'هذا', 'الشعور', 'اللي', 'سرقتہ', 'مني', 'رده', 'على', 'قلبي', 'ترى', '،', 'يحتاجہ', '!']","['PUNC', 'PUNC', 'V+PRON', 'V', 'PUNC', 'PREP+PART', 'V', 'NOUN+PRON', 'PART', 'V', 'V+PRON', 'DET+NOUN', 'CONJ', 'NOUN+PRON', 'PRON', 'DET+NOUN', 'PART', 'V+PRON+PRON', 'PREP+PRON', 'V+PRON', 'PREP', 'NOUN+PRON', 'PART', 'PUNC', 'V+PRON', 'PUNC']",Saudi Arabia
47,48,- خلك بسيط و حب لالعالم الخير حبك لفعل الخير يعكس تواضعك و على كثر منت متواضع مع الغير على كثر ما الله مع الناس يرفعك ! *,"['-', 'خلك', 'بسيط', 'و', 'حب', 'لالعالم', 'الخير', 'حبك', 'لفعل', 'الخير', 'يعكس', 'تواضعك', 'و', 'على', 'كثر', 'منت', 'متواضع', 'مع', 'الغير', 'على', 'كثر', 'ما', 'الله', 'مع', 'الناس', 'يرفعك', '!', '*']","['PUNC', 'V+PRON', 'ADJ', 'CONJ', 'V', 'PREP+DET+NOUN', 'DET+NOUN', 'NOUN+PRON', 'PREP+NOUN', 'DET+NOUN', 'V', 'NOUN+PRON', 'CONJ', 'PREP', 'NOUN', 'PART+PRON', 'ADJ', 'NOUN', 'DET+NOUN', 'PREP', 'NOUN', 'PART', 'NOUN', 'NOUN', 'DET+NOUN', 'V+PRON', 'PUNC', 'PUNC']",Saudi Arabia
48,49,@nfouth يبا كافي ماجاكم شي من اخر درس واهوا اصعب درس :),"['@nfouth', 'يبا', 'كافي', 'ماجاكم', 'شي', 'من', 'اخر', 'درس', 'واهوا', 'اصعب', 'درس', ':)']","['MENTION', 'NOUN', 'ADJ', 'PART+V+PRON', 'NOUN', 'PREP', 'ADJ', 'NOUN', 'CONJ+PRON', 'ADJ', 'NOUN', 'EMOT']",Oman
49,50,شي غريب بصراحه كلامهم كأن الموسم انتهى ممكن يرجعون لالصداره وقتها راح ينسون كل كلامهم إلي اذكروه خصوصا عن تاتا إلي قارنوه بكبار المدربين,"['شي', 'غريب', 'بصراحه', 'كلامهم', 'كأن', 'الموسم', 'انتهى', 'ممكن', 'يرجعون', 'لالصداره', 'وقتها', 'راح', 'ينسون', 'كل', 'كلامهم', 'إلي', 'اذكروه', 'خصوصا', 'عن', 'تاتا', 'إلي', 'قارنوه', 'بكبار', 'المدربين']","['NOUN', 'ADJ', 'PREP+NOUN+NSUFF', 'NOUN+PRON', 'PREP+PART', 'DET+NOUN', 'V', 'ADJ', 'V+PRON', 'PREP+DET+NOUN+NSUFF', 'NOUN+PRON', 'FUT_PART', 'V+PRON', 'NOUN', 'NOUN+PRON', 'PRON', 'V+PRON+PRON', 'NOUN+CASE', 'PREP', 'NOUN', 'PRON', 'V+PRON+PRON', 'PREP+ADJ', 'DET+NOUN+PRON']",Iraq
50,51,النسيان شيء جميل لكن اذا نسيت رقمك السري خل الجمال ينفعك ? ?,"['النسيان', 'شيء', 'جميل', 'لكن', 'اذا', 'نسيت', 'رقمك', 'السري', 'خل', 'الجمال', 'ينفعك', '?', '?']","['DET+NOUN', 'NOUN', 'ADJ', 'CONJ', 'PART', 'V+PRON', 'NOUN+PRON', 'DET+NOUN', 'V', 'DET+NOUN', 'V+PRON', 'PUNC', 'PUNC']",Saudi Arabia
51,52,#هل_تقبل_الزواج_من_فتاة_تلعب_سوني يمقن اي و يمقن لا يا قدمي ? ? عادي بس بشرط ما تكون زي ذيلن اللي فاتحين المايك مع عيال وفالينها ? ?,"['#هل_تقبل_الزواج_من_فتاة_تلعب_سوني', 'يمقن', 'اي', 'و', 'يمقن', 'لا', 'يا', 'قدمي', '?', '?', 'عادي', 'بس', 'بشرط', 'ما', 'تكون', 'زي', 'ذيلن', 'اللي', 'فاتحين', 'المايك', 'مع', 'عيال', 'وفالينها', '?', '?']","['HASH', 'V', 'PART', 'CONJ', 'V', 'PART', 'PART', 'ADJ+PRON', 'PUNC', 'PUNC', 'ADJ', 'PART', 'PREP+NOUN', 'PART', 'V', 'NOUN', 'PRON', 'PART', 'ADJ+PRON', 'DET+NOUN', 'NOUN', 'NOUN', 'CONJ+ADJ+PRON+PRON', 'PUNC', 'PUNC']",Yemen
52,53,من يوم الاحد تبدأ الدوامات وماكو عطله بعد خلاص,"['من', 'يوم', 'الاحد', 'تبدأ', 'الدوامات', 'وماكو', 'عطله', 'بعد', 'خلاص']","['PREP', 'NOUN', 'DET+NOUN', 'V', 'DET+NOUN+NSUFF', 'CONJ+PART', 'NOUN+NSUFF', 'NOUN', 'NOUN']",Qatar
53,54,ي جماعه احط التلفزيون 18 ولا 20 ؟ الا صج شلون الطابور ? ? ? ? ? ?,"['ي', 'جماعه', 'احط', 'التلفزيون', '18', 'ولا', '20', '؟', 'الا', 'صج', 'شلون', 'الطابور', '?', '?', '?', '?', '?', '?']","['PART', 'NOUN+NSUFF', 'V', 'DET+NOUN', 'NUM', 'CONJ+PART', 'NUM', 'PUNC', 'PART', 'NOUN', 'PART', 'DET+NOUN', 'PUNC', 'PUNC', 'PUNC', 'PUNC', 'PUNC', 'PUNC']",Qatar
54,55,التمار : شطبنا أسماء أكثر من 10000 شخص سجلوا انفسهم كمعاقين بس والفلوس اللي خذوها بالتزوير وموظفينك اللي ساعدوهم شسويت فيهم حسافة ياديرة,"['التمار', ':', 'شطبنا', 'أسماء', 'أكثر', 'من', '10000', 'شخص', 'سجلوا', 'انفسهم', 'كمعاقين', 'بس', 'والفلوس', 'اللي', 'خذوها', 'بالتزوير', 'وموظفينك', 'اللي', 'ساعدوهم', 'شسويت', 'فيهم', 'حسافة', 'ياديرة']","['DET+NOUN', 'PUNC', 'V+PRON', 'NOUN', 'ADJ', 'PREP', 'NUM', 'NOUN', 'V+PRON', 'NOUN+PRON', 'PREP+ADJ+PRON', 'PART', 'CONJ+DET+NOUN', 'PART', 'V+PRON+PRON', 'PREP+DET+NOUN', 'CONJ+NOUN+PRON+PRON', 'PART', 'V+PRON+PRON', 'PART+V+NSUFF+PRON', 'PREP+PRON', 'NOUN+NSUFF', 'PART+NOUN+NSUFF']",Qatar
55,56,ان نمت متضايق ترا ضيقتي منك فجأه ہ تغير بين لحظہ ? سااعہ ؟ ان كان حاصل شيء بقولھاا عنك الله معك ? الوقت يفرض وداعہ,"['ان', 'نمت', 'متضايق', 'ترا', 'ضيقتي', 'منك', 'فجأه', 'ہ', 'تغير', 'بين', 'لحظہ', '?', 'سااعہ', '؟', 'ان', 'كان', 'حاصل', 'شيء', 'بقولھاا', 'عنك', 'الله', 'معك', '?', 'الوقت', 'يفرض', 'وداعہ']","['PART', 'V+PRON', 'ADJ', 'PART', 'NOUN+NSUFF+PRON', 'PREP+PRON', 'NOUN+NSUFF', 'NSUFF', 'V', 'NOUN', 'NOUN+NSUFF', 'PUNC', 'NOUN+NSUFF', 'PUNC', 'PART', 'V', 'ADJ', 'NOUN', 'PROG_PART+V+PRON', 'PREP+PRON', 'NOUN', 'NOUN+PRON', 'PUNC', 'DET+NOUN', 'V', 'NOUN+NSUFF']",Yemen
56,57,ترا مو كل شي اكتبه قاصدته ولاكل شي اكتب بتويتر اني قاعده اسويه يعني بالصج انا اسويه ترا اتغشمر فرقوا بين الصج والغشمره,"['ترا', 'مو', 'كل', 'شي', 'اكتبه', 'قاصدته', 'ولاكل', 'شي', 'اكتب', 'بتويتر', 'اني', 'قاعده', 'اسويه', 'يعني', 'بالصج', 'انا', 'اسويه', 'ترا', 'اتغشمر', 'فرقوا', 'بين', 'الصج', 'والغشمره']","['PART', 'PART', 'NOUN', 'NOUN', 'V+PRON', 'ADJ+PRON+PRON', 'CONJ+PART+NOUN', 'NOUN', 'V', 'PREP+NOUN', 'PART+PRON', 'ADJ+NSUFF', 'V+PRON', 'V', 'PREP+DET+NOUN', 'PRON', 'V+PRON', 'PART', 'V', 'V+PRON', 'NOUN', 'DET+NOUN', 'CONJ+DET+NOUN+NSUFF']",Qatar
57,58,"اكره تمر جنبنا سيارة ومشغلين اغنية حلوة ياخي علق ورقة برا باسم الاغنية ، تعبت وانا اغني لقوقل عشان يطلعها . .. ""","['اكره', 'تمر', 'جنبنا', 'سيارة', 'ومشغلين', 'اغنية', 'حلوة', 'ياخي', 'علق', 'ورقة', 'برا', 'باسم', 'الاغنية', '،', 'تعبت', 'وانا', 'اغني', 'لقوقل', 'عشان', 'يطلعها', '.', '..', '""']","['V', 'V', 'NOUN+PRON', 'NOUN+NSUFF', 'CONJ+ADJ+PRON', 'NOUN+NSUFF', 'ADJ+NSUFF', 'PART+NOUN', 'V', 'NOUN+NSUFF', 'NOUN', 'PREP+NOUN', 'DET+NOUN+NSUFF', 'PUNC', 'V+PRON', 'CONJ+PRON', 'V', 'PREP+NOUN', 'PART', 'V+PRON', 'PUNC', 'PUNC', 'PUNC']",Saudi Arabia
58,59,سالفة انج تشرحين على ما الابله الثانيه تدش هذي فيها قبايل ترى,"['سالفة', 'انج', 'تشرحين', 'على', 'ما', 'الابله', 'الثانيه', 'تدش', 'هذي', 'فيها', 'قبايل', 'ترى']","['NOUN+NSUFF', 'PART+PRON', 'V+PRON', 'PREP', 'PART', 'DET+NOUN', 'DET+NOUN+NSUFF', 'V', 'PRON', 'PREP+PRON', 'NOUN', 'PART']",Qatar
59,60,مطيري يصير رئيس قسم بالشؤن 17 يرفعون عليه قضايا 200 يحسدونه 100000 يقولون ليش حطيتوه بس من ربعهم عادي يحطونه وكيل و رئيس هيئه ومحد يسولف,"['مطيري', 'يصير', 'رئيس', 'قسم', 'بالشؤن', '17', 'يرفعون', 'عليه', 'قضايا', '200', 'يحسدونه', '100000', 'يقولون', 'ليش', 'حطيتوه', 'بس', 'من', 'ربعهم', 'عادي', 'يحطونه', 'وكيل', 'و', 'رئيس', 'هيئه', 'ومحد', 'يسولف']","['NOUN', 'V', 'NOUN', 'NOUN', 'PREP+DET+NOUN', 'NUM', 'V+PRON', 'PREP+PRON', 'NOUN', 'NUM', 'V+PRON+PRON', 'NUM', 'V+PRON', 'PART', 'V+PRON+PRON+PRON', 'PART', 'PREP', 'NOUN+PRON', 'ADJ', 'V+PRON+PRON', 'NOUN', 'CONJ', 'NOUN', 'NOUN+NSUFF', 'CONJ+PART+NOUN', 'V']",Qatar
60,61,يا تجي وتشوف وش وضع السهر يا تغيب شوي عن بالي بناام ? ?,"['يا', 'تجي', 'وتشوف', 'وش', 'وضع', 'السهر', 'يا', 'تغيب', 'شوي', 'عن', 'بالي', 'بناام', '?', '?']","['PART', 'V', 'CONJ+V', 'PART', 'NOUN', 'DET+NOUN', 'PART', 'V', 'ADJ', 'PREP', 'NOUN+PRON', 'PROG_PART+V', 'PUNC', 'PUNC']",Saudi Arabia
61,62,تريد ان تكون كامل ؟ لا تشوف الناس بالعين شوفهم بالقلب القلب يحب والعين تفصل ! ! سني شيعي بدوي حضري ابيض اسمر كلنا من تراب #خربشه_عاشق,"['تريد', 'ان', 'تكون', 'كامل', '؟', 'لا', 'تشوف', 'الناس', 'بالعين', 'شوفهم', 'بالقلب', 'القلب', 'يحب', 'والعين', 'تفصل', '!', '!', 'سني', 'شيعي', 'بدوي', 'حضري', 'ابيض', 'اسمر', 'كلنا', 'من', 'تراب', '#خربشه_عاشق']","['V', 'PART', 'V', 'ADJ', 'PUNC', 'PART', 'V', 'DET+NOUN', 'PREP+DET+NOUN', 'V+PRON', 'PREP+DET+NOUN', 'DET+NOUN', 'V', 'CONJ+DET+NOUN', 'V', 'PUNC', 'PUNC', 'ADJ+NSUFF', 'ADJ', 'ADJ+NSUFF', 'ADJ+NSUFF', 'ADJ', 'ADJ', 'NOUN+PRON', 'PREP', 'NOUN', 'HASH']",Iraq
62,63,انا إذا أحد نصحني أتأثر دقيقة وبعدين أرد لوضعي الطبيعي,"['انا', 'إذا', 'أحد', 'نصحني', 'أتأثر', 'دقيقة', 'وبعدين', 'أرد', 'لوضعي', 'الطبيعي']","['PRON', 'PART', 'NOUN', 'V+PRON', 'V', 'NOUN+NSUFF', 'CONJ+NOUN+NSUFF', 'V', 'PREP+NOUN+PRON', 'DET+NOUN+NSUFF']",Qatar
63,64,سميت هجرك ظروف و غلطتك زله عشان يبقى طريق يردني صوبك !,"['سميت', 'هجرك', 'ظروف', 'و', 'غلطتك', 'زله', 'عشان', 'يبقى', 'طريق', 'يردني', 'صوبك', '!']","['V+PRON', 'NOUN+PRON', 'NOUN', 'CONJ', 'NOUN+NSUFF+PRON', 'NOUN+NSUFF', 'PART', 'V', 'NOUN', 'V+PRON', 'NOUN+PRON', 'PUNC']",Yemen
64,65,ما بعد عسر الزمان ا ? تياسيره لو سود الايام تفجعنا حقايقها بنسوقها في رجا اللي مالنا غيره خلاق الانفس ، وكافلها ، ورازقها . .,"['ما', 'بعد', 'عسر', 'الزمان', 'ا', '?', 'تياسيره', 'لو', 'سود', 'الايام', 'تفجعنا', 'حقايقها', 'بنسوقها', 'في', 'رجا', 'اللي', 'مالنا', 'غيره', 'خلاق', 'الانفس', '،', 'وكافلها', '،', 'ورازقها', '.', '.']","['PART', 'NOUN', 'NOUN', 'DET+NOUN', 'CASE', 'PUNC', 'NOUN+PRON', 'PART', 'ADJ', 'DET+NOUN', 'V+PRON', 'NOUN+PRON', 'PROG_PART+V+PRON', 'PREP', 'NOUN', 'PART', 'PART+PREP+PRON', 'NOUN+NSUFF', 'ADJ', 'DET+NOUN', 'PUNC', 'CONJ+ADJ+PRON', 'PUNC', 'CONJ+ADJ+PRON', 'PUNC', 'PUNC']",Yemen
65,66,حتى عيوني م تبي غيرك عيون قلي شسوي داام كلي عشقتك,"['حتى', 'عيوني', 'م', 'تبي', 'غيرك', 'عيون', 'قلي', 'شسوي', 'داام', 'كلي', 'عشقتك']","['PART', 'NOUN+PRON', 'PART', 'V+PRON', 'NOUN+PRON', 'NOUN', 'V+PRON', 'PART+V', 'NOUN', 'NOUN+PRON', 'V+PRON+PRON']",Qatar
66,67,لا تفرح ب كسر خاطر انسان بكره يردها لك انسان ثاني,"['لا', 'تفرح', 'ب', 'كسر', 'خاطر', 'انسان', 'بكره', 'يردها', 'لك', 'انسان', 'ثاني']","['PART', 'V', 'PREP', 'NOUN', 'NOUN', 'NOUN', 'NOUN+NSUFF', 'V+PRON', 'PREP+PRON', 'NOUN', 'ADJ']",Yemen
67,68,شلون تبوني أتخيل إن ربعي يجيبون لي هداياا ؟ وهم يتهاوشون على ولاعه ?,"['شلون', 'تبوني', 'أتخيل', 'إن', 'ربعي', 'يجيبون', 'لي', 'هداياا', '؟', 'وهم', 'يتهاوشون', 'على', 'ولاعه', '?']","['PART', 'V+PRON+PRON', 'V', 'PART', 'NOUN+PRON', 'V+PRON', 'PREP+PRON', 'NOUN', 'PUNC', 'CONJ+PRON', 'V+PRON', 'PREP', 'NOUN+NSUFF', 'PUNC']",Qatar
68,69,المفروض قبل ما نتعرف على أحد نسأله لو سمحت جم يوم بتكون آدمي وبعدها تتحول حق حيوان ؟ <3 <3,"['المفروض', 'قبل', 'ما', 'نتعرف', 'على', 'أحد', 'نسأله', 'لو', 'سمحت', 'جم', 'يوم', 'بتكون', 'آدمي', 'وبعدها', 'تتحول', 'حق', 'حيوان', '؟', '<3', '<3']","['DET+ADJ', 'NOUN', 'PART', 'V', 'PREP', 'NOUN', 'V+PRON', 'PART', 'V+PRON', 'PART', 'NOUN', 'PROG_PART+V', 'NOUN', 'CONJ+NOUN+PRON', 'V', 'NOUN', 'ADJ', 'PUNC', 'EMOT', 'EMOT']",Qatar
69,70,@Estabraq02 @AlfahaQ8 عطوها مزرعه هذي سكرتيره مادري من مالته,"['@Estabraq02', '@AlfahaQ8', 'عطوها', 'مزرعه', 'هذي', 'سكرتيره', 'مادري', 'من', 'مالته']","['MENTION', 'MENTION', 'V+PRON', 'NOUN+NSUFF', 'PRON', 'NOUN+NSUFF', 'PART+V', 'PART', 'NOUN+NSUFF+PRON']",Qatar
70,71,يمه شايله هم عيالي بالمستقبل اذا قالوا درسيني مادري وين اودي ويهي,"['يمه', 'شايله', 'هم', 'عيالي', 'بالمستقبل', 'اذا', 'قالوا', 'درسيني', 'مادري', 'وين', 'اودي', 'ويهي']","['NOUN', 'ADJ+NSUFF', 'NOUN', 'NOUN+PRON', 'PREP+DET+NOUN', 'PART', 'V+PRON', 'V+PRON+PRON', 'PART+V', 'PART', 'V+PRON', 'NOUN+PRON']",Oman
71,72,المفروض قبل مانضغط فيفرت بالغلط ? ? يطلع لنا ! are you sure ? ? ? ?,"['المفروض', 'قبل', 'مانضغط', 'فيفرت', 'بالغلط', '?', '?', 'يطلع', 'لنا', '!', 'are', 'you', 'sure', '?', '?', '?', '?']","['DET+ADJ', 'NOUN', 'PART+V', 'NOUN', 'PREP+DET+NOUN', 'PUNC', 'PUNC', 'V', 'PREP+PRON', 'PUNC', 'FOREIGN', 'FOREIGN', 'FOREIGN', 'PUNC', 'PUNC', 'PUNC', 'PUNC']",Yemen
72,73,النادي حاطين ريميكس فيه مقطع اوبرا ! ! مادري اهد التمرين واقعد أصفق وأبجي,"['النادي', 'حاطين', 'ريميكس', 'فيه', 'مقطع', 'اوبرا', '!', '!', 'مادري', 'اهد', 'التمرين', 'واقعد', 'أصفق', 'وأبجي']","['DET+NOUN', 'ADJ+PRON', 'NOUN', 'PREP+PRON', 'NOUN', 'NOUN', 'PUNC', 'PUNC', 'PART+V', 'V', 'DET+NOUN', 'CONJ+V', 'V', 'CONJ+V']",Qatar
73,74,""" @NawafAl9an3 : ? ? : يما برا عاصفه رمليه ? ? : كله من هالتليفون اللي مو راضي تهده "" ? ? ? ? ? ?","['""', '@NawafAl9an3', ':', '?', '?', ':', 'يما', 'برا', 'عاصفه', 'رمليه', '?', '?', ':', 'كله', 'من', 'هالتليفون', 'اللي', 'مو', 'راضي', 'تهده', '""', '?', '?', '?', '?', '?', '?']","['PUNC', 'MENTION', 'PUNC', 'PUNC', 'PUNC', 'PUNC', 'NOUN', 'NOUN', 'NOUN+NSUFF', 'ADJ+NSUFF', 'PUNC', 'PUNC', 'PUNC', 'NOUN+PRON', 'PREP', 'PRON+DET+NOUN', 'PART', 'PART', 'ADJ', 'V+PRON', 'PUNC', 'PUNC', 'PUNC', 'PUNC', 'PUNC', 'PUNC', 'PUNC']",Qatar
74,75,أحاتيك ، و أشتاقلك . . لكن لا أعلم ماذا يحدث لك . . وأينك و ماذا تفعل ! وهل صحتك وحالتك بخير ؟ ربي يحفظك وين ماكنت,"['أحاتيك', '،', 'و', 'أشتاقلك', '.', '.', 'لكن', 'لا', 'أعلم', 'ماذا', 'يحدث', 'لك', '.', '.', 'وأينك', 'و', 'ماذا', 'تفعل', '!', 'وهل', 'صحتك', 'وحالتك', 'بخير', '؟', 'ربي', 'يحفظك', 'وين', 'ماكنت']","['V+PRON+PRON', 'PUNC', 'CONJ', 'V+PREP+PRON', 'PUNC', 'PUNC', 'CONJ', 'PART', 'V', 'PART', 'V', 'PREP+PRON', 'PUNC', 'PUNC', 'CONJ+PART+PRON', 'CONJ', 'PART', 'V', 'PUNC', 'CONJ+PART', 'NOUN+NSUFF+PRON', 'CONJ+NOUN+NSUFF+PRON', 'PREP+NOUN', 'PUNC', 'NOUN+PRON', 'V+PRON', 'PART', 'PART+V']",Oman
75,76,ياليل ماذكر في حياتي تمنيت مثل ابتسامه تنتشل قلب منصاب مليت ورب البيت ياليل مليت من الجروح اللي تجيني بلا اسباب,"['ياليل', 'ماذكر', 'في', 'حياتي', 'تمنيت', 'مثل', 'ابتسامه', 'تنتشل', 'قلب', 'منصاب', 'مليت', 'ورب', 'البيت', 'ياليل', 'مليت', 'من', 'الجروح', 'اللي', 'تجيني', 'بلا', 'اسباب']","['PART+NOUN', 'PART+V', 'PREP', 'NOUN+NSUFF+PRON', 'V+PRON', 'NOUN', 'NOUN+NSUFF', 'V', 'NOUN', 'ADJ', 'V+PRON+PRON', 'CONJ+NOUN', 'DET+NOUN', 'PART+NOUN', 'V+PRON+PRON', 'PREP', 'DET+NOUN', 'PART', 'V+PRON', 'PREP+PART', 'NOUN']",Yemen
76,77,وين الصديق اللي على الشف والكيف اللي ليا شفته جروحي براها في ساعة الشدات بايدي كما السيف كل الهموم اللي بقلبي جلاها,"['وين', 'الصديق', 'اللي', 'على', 'الشف', 'والكيف', 'اللي', 'ليا', 'شفته', 'جروحي', 'براها', 'في', 'ساعة', 'الشدات', 'بايدي', 'كما', 'السيف', 'كل', 'الهموم', 'اللي', 'بقلبي', 'جلاها']","['PART', 'DET+NOUN', 'PART', 'PREP', 'DET+NOUN', 'CONJ+DET+NOUN', 'PART', 'NOUN+CASE', 'V+PRON+PRON', 'NOUN+PRON', 'V+PRON', 'PREP', 'NOUN+PRON', 'DET+NOUN+NSUFF', 'PREP+NOUN+PRON', 'CONJ', 'DET+NOUN', 'NOUN', 'DET+NOUN', 'PART', 'PREP+NOUN+PRON', 'V+PRON']",Yemen
77,78,في واحد حسسني ان تويتر دوانيه رسميه وفي ناس ماتمون عليهم . . يبا ترى نك مستعار فلها واستانس لاتقص ع نفسك يعني ثقيل وتتصنع علشان البنات ! !,"['في', 'واحد', 'حسسني', 'ان', 'تويتر', 'دوانيه', 'رسميه', 'وفي', 'ناس', 'ماتمون', 'عليهم', '.', '.', 'يبا', 'ترى', 'نك', 'مستعار', 'فلها', 'واستانس', 'لاتقص', 'ع', 'نفسك', 'يعني', 'ثقيل', 'وتتصنع', 'علشان', 'البنات', '!', '!']","['PREP', 'NOUN', 'V+PRON', 'PART', 'NOUN', 'NOUN+NSUFF', 'ADJ+NSUFF', 'CONJ+PREP', 'NOUN', 'PART+V', 'PREP+PRON', 'PUNC', 'PUNC', 'NOUN', 'PART', 'NOUN', 'ADJ', 'V+PRON', 'CONJ+V', 'PART+V', 'PREP', 'NOUN+PRON', 'V', 'ADJ', 'CONJ+V', 'PART', 'DET+NOUN', 'PUNC', 'PUNC']",Saudi Arabia
78,79,جمهور برشلونه اي مسك او شد المفروض بلنتي مالومكم طايحين بربيع 5 سنين :) #سوسيداد_يامخربطهم,"['جمهور', 'برشلونه', 'اي', 'مسك', 'او', 'شد', 'المفروض', 'بلنتي', 'مالومكم', 'طايحين', 'بربيع', '5', 'سنين', ':)', '#سوسيداد_يامخربطهم']","['NOUN', 'NOUN', 'PART', 'NOUN', 'PART', 'NOUN', 'DET+ADJ', 'NOUN', 'PART+V+PRON', 'ADJ+PRON', 'PREP+NOUN', 'NUM', 'NOUN', 'EMOT', 'HASH']",Iraq
79,80,"• على راحتك هالمره بخليك . . أنا اللي عودتك كل ماغبت أدورك ~ (= | ""","['•', 'على', 'راحتك', 'هالمره', 'بخليك', '.', '.', 'أنا', 'اللي', 'عودتك', 'كل', 'ماغبت', 'أدورك', '~', '(=', '|', '""']","['PUNC', 'PREP', 'NOUN+NSUFF+PRON', 'PRON+DET+NOUN+NSUFF', 'PREP+V+PRON', 'PUNC', 'PUNC', 'PRON', 'PART', 'V+PRON+PRON', 'NOUN', 'PART+V+PRON', 'V+PRON', 'PUNC', 'EMOT', 'PUNC', 'PUNC']",Yemen
80,81,السالفه ماهي مشاريه وعتاب السالفه م غير هقوه وخابت,"['السالفه', 'ماهي', 'مشاريه', 'وعتاب', 'السالفه', 'م', 'غير', 'هقوه', 'وخابت']","['DET+NOUN+NSUFF', 'PART+PRON', 'NOUN+NSUFF', 'CONJ+NOUN', 'DET+NOUN+NSUFF', 'PART', 'NOUN', 'NOUN', 'CONJ+V+PRON']",Yemen
81,82,وبعدين چم تكلفه المؤتمر الاسكاني سجل عندك [ بروشورات / دعايات / تأثيث / ديكور / هدايا / دعوات … الخ ] هذا مو هدر على قضية اصلا ماراح تحلونها,"['وبعدين', 'چم', 'تكلفه', 'المؤتمر', 'الاسكاني', 'سجل', 'عندك', '[', 'بروشورات', '/', 'دعايات', '/', 'تأثيث', '/', 'ديكور', '/', 'هدايا', '/', 'دعوات', '…', 'الخ', ']', 'هذا', 'مو', 'هدر', 'على', 'قضية', 'اصلا', 'ماراح', 'تحلونها']","['CONJ+NOUN', 'PART', 'V+NSUFF', 'DET+NOUN', 'DET+NOUN+NSUFF', 'V', 'NOUN+PRON', 'PUNC', 'NOUN+NSUFF', 'PUNC', 'NOUN+NSUFF', 'PUNC', 'NOUN', 'PUNC', 'NOUN', 'PUNC', 'NOUN', 'PUNC', 'NOUN+NSUFF', 'PUNC', 'PART', 'PUNC', 'PRON', 'PART', 'NOUN', 'PREP', 'NOUN+NSUFF', 'NOUN+CASE', 'PART+FUT_PART', 'V+PRON+PRON']",Iraq
82,83,"ميزكك ربي بالحلآ في : محياك عينك وخدك / والوصايف كثيره ولآ جيت أكحل بالجسم حين ممشاك "" مغنيك ربي "" . والأوادم فقيره يالبيه","['ميزكك', 'ربي', 'بالحلآ', 'في', ':', 'محياك', 'عينك', 'وخدك', '/', 'والوصايف', 'كثيره', 'ولآ', 'جيت', 'أكحل', 'بالجسم', 'حين', 'ممشاك', '""', 'مغنيك', 'ربي', '""', '.', 'والأوادم', 'فقيره', 'يالبيه']","['V+PRON', 'NOUN+PRON', 'PREP+DET+ADJ', 'PREP', 'PUNC', 'NOUN+PRON', 'NOUN+PRON', 'CONJ+NOUN+PRON', 'PUNC', 'CONJ+DET+NOUN', 'ADJ+NSUFF', 'CONJ+PART', 'V', 'V', 'PREP+DET+NOUN', 'NOUN', 'NOUN+PRON', 'PUNC', 'NOUN+PRON', 'NOUN+PRON', 'PUNC', 'PUNC', 'CONJ+DET+NOUN', 'ADJ+NSUFF', 'PART+NOUN+NSUFF']",Yemen
83,84,حلو انك تحاول تغير اشياء سلبيه فيك وتطور من فكرك ونظرتك لالحياه مو عشان تمثل الشخص المثالي لعيون الناس لا لنفسك شعور الرضاء جميل,"['حلو', 'انك', 'تحاول', 'تغير', 'اشياء', 'سلبيه', 'فيك', 'وتطور', 'من', 'فكرك', 'ونظرتك', 'لالحياه', 'مو', 'عشان', 'تمثل', 'الشخص', 'المثالي', 'لعيون', 'الناس', 'لا', 'لنفسك', 'شعور', 'الرضاء', 'جميل']","['ADJ', 'PART+PRON', 'V', 'V', 'NOUN', 'ADJ+NSUFF', 'PREP+PRON', 'CONJ+V', 'PREP', 'NOUN+PRON', 'CONJ+NOUN+NSUFF+PRON', 'PREP+DET+NOUN+NSUFF', 'PART', 'PART', 'V', 'DET+NOUN', 'DET+ADJ', 'PREP+NOUN', 'DET+NOUN', 'PART', 'PREP+NOUN+PRON', 'NOUN', 'DET+NOUN', 'ADJ']",Saudi Arabia
84,85,صج اني ماحب ادور سوالف ولا اسال شصاير ومنو وليش لكن ما انكر اني ادود واسكت,"['صج', 'اني', 'ماحب', 'ادور', 'سوالف', 'ولا', 'اسال', 'شصاير', 'ومنو', 'وليش', 'لكن', 'ما', 'انكر', 'اني', 'ادود', 'واسكت']","['NOUN', 'PART+PRON', 'PART+V', 'V', 'NOUN', 'CONJ+PART', 'V', 'PART+V', 'CONJ+PART', 'CONJ+PART', 'CONJ', 'PART', 'V', 'PART+PRON', 'V', 'CONJ+V']",Iraq
85,86,جعلني لآ تبت عن شي و خسرته يرزق الله خاطري في شي غيره تمسون على خير ? ?,"['جعلني', 'لآ', 'تبت', 'عن', 'شي', 'و', 'خسرته', 'يرزق', 'الله', 'خاطري', 'في', 'شي', 'غيره', 'تمسون', 'على', 'خير', '?', '?']","['V+PRON', 'PART', 'V+PRON', 'PREP', 'NOUN', 'CONJ', 'V+PRON+PRON', 'V', 'NOUN', 'NOUN+PRON', 'PREP', 'NOUN', 'NOUN+PRON', 'V+PRON', 'PREP', 'NOUN', 'PUNC', 'PUNC']",Oman
86,87,ليه الوجيه الحمام ما تبتسم لي ! حتى الاجر مستخسرينه عليا :(,"['ليه', 'الوجيه', 'الحمام', 'ما', 'تبتسم', 'لي', '!', 'حتى', 'الاجر', 'مستخسرينه', 'عليا', ':(']","['PART', 'DET+NOUN', 'DET+NOUN', 'PART', 'V', 'PREP+PRON', 'PUNC', 'PART', 'DET+NOUN', 'ADJ+PRON+PRON', 'PREP+CASE', 'EMOT']",Yemen
87,88,ترا ما يضحك إذا عيبة على شكل أو تصرف من شخص بدال ما تعيب أنصحه ما يعيب إلا المعيوب ? ?,"['ترا', 'ما', 'يضحك', 'إذا', 'عيبة', 'على', 'شكل', 'أو', 'تصرف', 'من', 'شخص', 'بدال', 'ما', 'تعيب', 'أنصحه', 'ما', 'يعيب', 'إلا', 'المعيوب', '?', '?']","['PART', 'PART', 'V', 'PART', 'V+PRON', 'PREP', 'NOUN', 'PART', 'NOUN', 'PART', 'NOUN', 'NOUN', 'PART', 'V', 'V+PRON', 'PART', 'V', 'PART', 'DET+ADJ', 'PUNC', 'PUNC']",Saudi Arabia
88,89,تعال احط كفيني على . .. عيونك وأوريك الحياة بغيبتك . .. وشلون ! !,"['تعال', 'احط', 'كفيني', 'على', '.', '..', 'عيونك', 'وأوريك', 'الحياة', 'بغيبتك', '.', '..', 'وشلون', '!', '!']","['V', 'V', 'NOUN+NSUFF+PRON', 'PREP', 'PUNC', 'PUNC', 'NOUN+PRON', 'CONJ+V+PRON+PRON', 'DET+NOUN+NSUFF', 'PREP+NOUN+NSUFF+PRON', 'PUNC', 'PUNC', 'PART', 'PUNC', 'PUNC']",Syria
89,90,يوم قفى . ظن ما فيني حنان ! ينتظر مني أنادي لہ ? أنوح ؟ ما درى إني باقي ب نفس المكان منصدم منه ? أردد ما يروح ~ !,"['يوم', 'قفى', '.', 'ظن', 'ما', 'فيني', 'حنان', '!', 'ينتظر', 'مني', 'أنادي', 'لہ', '?', 'أنوح', '؟', 'ما', 'درى', 'إني', 'باقي', 'ب', 'نفس', 'المكان', 'منصدم', 'منه', '?', 'أردد', 'ما', 'يروح', '~', '!']","['NOUN', 'V', 'PUNC', 'V', 'PART', 'PREP+PRON', 'NOUN', 'PUNC', 'V', 'PREP+PRON', 'V', 'PREP+PRON', 'PUNC', 'V', 'PUNC', 'PART', 'V', 'PART+PRON', 'NOUN', 'PREP', 'NOUN', 'DET+NOUN', 'ADJ', 'PREP+PRON', 'PUNC', 'V', 'PART', 'V', 'PUNC', 'PUNC']",Yemen
90,91,واحد من الربع معاشه 2700 وكل ما نسافر الشباب يضغطونه ادفع انت معاشك مايحتاج بس صاحبنا 11 الف وخرده هذا ودك تسافر معاه ? ?,"['واحد', 'من', 'الربع', 'معاشه', '2700', 'وكل', 'ما', 'نسافر', 'الشباب', 'يضغطونه', 'ادفع', 'انت', 'معاشك', 'مايحتاج', 'بس', 'صاحبنا', '11', 'الف', 'وخرده', 'هذا', 'ودك', 'تسافر', 'معاه', '?', '?']","['NOUN', 'PREP', 'DET+NOUN', 'NOUN+PRON', 'NUM', 'CONJ+NOUN', 'PART', 'V', 'DET+NOUN', 'V+PRON+PRON', 'V', 'PRON', 'NOUN+PRON', 'PART+V', 'PART', 'NOUN+PRON', 'NUM', 'NUM', 'CONJ+NOUN+NSUFF', 'PRON', 'V+PRON', 'V', 'PART+PRON', 'PUNC', 'PUNC']",Qatar
91,92,انا مو نفسيتي تعبانه انا ماعندي نفسيه اصلا خلاص خلصت :) . #كله_من_المدرسة_الله_يلعنها:) :),"['انا', 'مو', 'نفسيتي', 'تعبانه', 'انا', 'ماعندي', 'نفسيه', 'اصلا', 'خلاص', 'خلصت', ':)', '.', '#كله_من_المدرسة_الله_يلعنها:)', ':)']","['PRON', 'PART', 'NOUN+NSUFF+PRON', 'ADJ+NSUFF', 'PRON', 'PART+NOUN+PRON', 'NOUN+NSUFF', 'NOUN+CASE', 'NOUN', 'V+PRON', 'EMOT', 'PUNC', 'HASH', 'EMOT']",Oman
92,93,حتى اللي ما يعرفون سهام ادعوا لها الله يخليكم ! ! !,"['حتى', 'اللي', 'ما', 'يعرفون', 'سهام', 'ادعوا', 'لها', 'الله', 'يخليكم', '!', '!', '!']","['PART', 'PART', 'PART', 'V+PRON', 'NOUN', 'V+PRON', 'PREP+PRON', 'NOUN', 'V+PRON+PRON', 'PUNC', 'PUNC', 'PUNC']",Qatar
93,94,كل إللي صورته ببروفايله چنه مصورينه وهو مايدري ، ، ترى كلنا ندري ! بس انت اللي ماتدري ان كلنا ندري انك تدري,"['كل', 'إللي', 'صورته', 'ببروفايله', 'چنه', 'مصورينه', 'وهو', 'مايدري', '،', '،', 'ترى', 'كلنا', 'ندري', '!', 'بس', 'انت', 'اللي', 'ماتدري', 'ان', 'كلنا', 'ندري', 'انك', 'تدري']","['NOUN', 'PRON', 'NOUN+NSUFF+PRON', 'PREP+NOUN+PRON', 'PREP+PART+PRON', 'ADJ+PRON+PRON', 'CONJ+PRON', 'PART+V+PRON', 'PUNC', 'PUNC', 'PART', 'NOUN+PRON', 'V', 'PUNC', 'PART', 'PRON', 'PART', 'PART+V', 'PART', 'NOUN+PRON', 'V', 'PART+PRON', 'V']",Qatar
94,95,نايمه ها ؟ قاعده بمكانج اصلا و وناسه ماكو ازعاج :' @amnoh95,"['نايمه', 'ها', '؟', 'قاعده', 'بمكانج', 'اصلا', 'و', 'وناسه', 'ماكو', 'ازعاج', "":'"", '@amnoh95']","['ADJ+NSUFF', 'PART', 'PUNC', 'ADJ+NSUFF', 'PREP+NOUN+PRON', 'NOUN+CASE', 'CONJ', 'NOUN', 'PART', 'NOUN', 'EMOT', 'MENTION']",Iraq
95,96,واحب عيونج الي أدورها بين الناس ومن أشوفها يبتسم كل شي فيني وأصد كأني ما كنت أنتظرها @Nero_996,"['واحب', 'عيونج', 'الي', 'أدورها', 'بين', 'الناس', 'ومن', 'أشوفها', 'يبتسم', 'كل', 'شي', 'فيني', 'وأصد', 'كأني', 'ما', 'كنت', 'أنتظرها', '@Nero_996']","['CONJ+V', 'NOUN+PRON', 'PRON', 'V+PRON', 'NOUN', 'DET+NOUN', 'CONJ+PREP', 'V+PRON', 'V', 'NOUN', 'NOUN', 'PREP+PRON', 'CONJ+V', 'PART+PRON', 'PART', 'V+PRON', 'V+PRON', 'MENTION']",Iraq
96,97,تدرون ليش نخاف من العيب اكثر من الحرام ؟ لأن الله يسامح - والناس تذل !,"['تدرون', 'ليش', 'نخاف', 'من', 'العيب', 'اكثر', 'من', 'الحرام', '؟', 'لأن', 'الله', 'يسامح', '-', 'والناس', 'تذل', '!']","['V+PRON', 'PART', 'V', 'PREP', 'DET+NOUN', 'ADJ', 'PREP', 'DET+NOUN', 'PUNC', 'PREP+PART', 'NOUN', 'V', 'PUNC', 'CONJ+DET+NOUN', 'V', 'PUNC']",Qatar
97,98,الموضه الجديده لالبنات يكلمون واحد عنده نمر او اسد او فهد يعني شوفوا حبيبي ماوكلي ‹ ? ›,"['الموضه', 'الجديده', 'لالبنات', 'يكلمون', 'واحد', 'عنده', 'نمر', 'او', 'اسد', 'او', 'فهد', 'يعني', 'شوفوا', 'حبيبي', 'ماوكلي', '‹', '?', '›']","['DET+NOUN+NSUFF', 'DET+ADJ+NSUFF', 'PREP+DET+NOUN', 'V+PRON', 'NOUN', 'NOUN+PRON', 'NOUN', 'PART', 'NOUN', 'PART', 'NOUN', 'V', 'V+PRON', 'NOUN+PRON', 'NOUN', 'PUNC', 'PUNC', 'PUNC']",Iraq
98,99,. . . ليه تستغرب أنا طبعي كذا . .. يا تجي في طيب وإلا لا تجي . . . #محمد_الصواغ http://t.co/RMVxh0phvR,"['.', '.', '.', 'ليه', 'تستغرب', 'أنا', 'طبعي', 'كذا', '.', '..', 'يا', 'تجي', 'في', 'طيب', 'وإلا', 'لا', 'تجي', '.', '.', '.', '#محمد_الصواغ', 'http://t.co/RMVxh0phvR']","['PUNC', 'PUNC', 'PUNC', 'PART', 'V', 'PRON', 'NOUN+PRON', 'ADV', 'PUNC', 'PUNC', 'PART', 'V', 'PREP', 'ADJ', 'CONJ+PART', 'PART', 'V', 'PUNC', 'PUNC', 'PUNC', 'HASH', 'URL']",Qatar
99,100,اصعب شعور لما تسوي نفسك ما تدري بشي يضايقك وانت تدري,"['اصعب', 'شعور', 'لما', 'تسوي', 'نفسك', 'ما', 'تدري', 'بشي', 'يضايقك', 'وانت', 'تدري']","['ADJ', 'NOUN', 'PART', 'V', 'NOUN+PRON', 'PART', 'V', 'PREP+NOUN', 'V+PRON', 'CONJ+PRON', 'V']",Qatar
100,101,@MadihaAlsuliman أستاذه ليش لا الوالده الله يحفظها تسوي كذيه صلصه أو تجمده ف الفريزر وتحتفظ بيه لأيام غلى الطماطم .,"['@MadihaAlsuliman', 'أستاذه', 'ليش', 'لا', 'الوالده', 'الله', 'يحفظها', 'تسوي', 'كذيه', 'صلصه', 'أو', 'تجمده', 'ف', 'الفريزر', 'وتحتفظ', 'بيه', 'لأيام', 'غلى', 'الطماطم', '.']","['MENTION', 'NOUN+NSUFF', 'PART', 'PART', 'DET+NOUN+NSUFF', 'NOUN', 'V+PRON', 'V', 'ADV', 'NOUN+NSUFF', 'PART', 'V+PRON', 'PREP', 'DET+NOUN', 'CONJ+V', 'PREP+PRON', 'PREP+NOUN', 'NOUN', 'DET+NOUN', 'PUNC']",Yemen
101,102,@bn_whga كفو والله . . وحنا معاكم في كل المواقع . .. وقفة أرجال وصناديد . .,"['@bn_whga', 'كفو', 'والله', '.', '.', 'وحنا', 'معاكم', 'في', 'كل', 'المواقع', '.', '..', 'وقفة', 'أرجال', 'وصناديد', '.', '.']","['MENTION', 'ADJ', 'CONJ+NOUN', 'PUNC', 'PUNC', 'CONJ+PRON', 'PART+PRON', 'PREP', 'NOUN', 'DET+NOUN', 'PUNC', 'PUNC', 'NOUN+NSUFF', 'NOUN', 'CONJ+ADJ', 'PUNC', 'PUNC']",Qatar
102,103,مستحيل ألمس شي بعيادة الأطفال ? ? لأن ما شاء الله يدينهم تاخذ جوله بأعضاء جسمهم كله ? ? ? ? ? ?,"['مستحيل', 'ألمس', 'شي', 'بعيادة', 'الأطفال', '?', '?', 'لأن', 'ما', 'شاء', 'الله', 'يدينهم', 'تاخذ', 'جوله', 'بأعضاء', 'جسمهم', 'كله', '?', '?', '?', '?', '?', '?']","['ADJ', 'V', 'NOUN', 'PREP+NOUN+NSUFF', 'DET+NOUN', 'PUNC', 'PUNC', 'PREP+PART', 'PART', 'V', 'NOUN', 'NOUN+NSUFF+PRON', 'V', 'NOUN+NSUFF', 'PREP+NOUN', 'NOUN+PRON', 'NOUN+PRON', 'PUNC', 'PUNC', 'PUNC', 'PUNC', 'PUNC', 'PUNC']",Iraq
103,104,كرهك ل شخص او حبك ل شخص مسأله شخصيه بينك وبين نفسك مبنيه على مشاعرك الشخصيه ، غلط انك تقنع شخص انه يحب او يكره شخص ثاني ل مجرد مشاعرك ? ?,"['كرهك', 'ل', 'شخص', 'او', 'حبك', 'ل', 'شخص', 'مسأله', 'شخصيه', 'بينك', 'وبين', 'نفسك', 'مبنيه', 'على', 'مشاعرك', 'الشخصيه', '،', 'غلط', 'انك', 'تقنع', 'شخص', 'انه', 'يحب', 'او', 'يكره', 'شخص', 'ثاني', 'ل', 'مجرد', 'مشاعرك', '?', '?']","['NOUN+PRON', 'PREP', 'NOUN', 'PART', 'NOUN+PRON', 'PREP', 'NOUN', 'NOUN+NSUFF', 'ADJ+NSUFF', 'NOUN+PRON', 'CONJ+NOUN', 'NOUN+PRON', 'ADJ+NSUFF', 'PREP', 'NOUN+PRON', 'DET+ADJ+NSUFF', 'PUNC', 'NOUN', 'PART+PRON', 'V', 'NOUN', 'PART+PRON', 'V', 'PART', 'V', 'NOUN', 'ADJ', 'PREP', 'NOUN', 'NOUN+PRON', 'PUNC', 'PUNC']",Yemen
104,105,الايميل او البريد الإلكتروني ( مع الباس ) المستخدم في جوالك مهم جدا تحفظه مثل اسمك عادي تنسى اسمك مو مشكلة بس ايميلك اكسر راسك مفهوم ? ? ? ?,"['الايميل', 'او', 'البريد', 'الإلكتروني', '(', 'مع', 'الباس', ')', 'المستخدم', 'في', 'جوالك', 'مهم', 'جدا', 'تحفظه', 'مثل', 'اسمك', 'عادي', 'تنسى', 'اسمك', 'مو', 'مشكلة', 'بس', 'ايميلك', 'اكسر', 'راسك', 'مفهوم', '?', '?', '?', '?']","['DET+NOUN', 'PART', 'DET+NOUN', 'DET+NOUN', 'PUNC', 'NOUN', 'DET+NOUN', 'PUNC', 'DET+NOUN', 'PREP', 'NOUN+PRON', 'ADJ', 'NOUN+CASE', 'V+PRON', 'NOUN', 'NOUN+PRON', 'ADJ', 'V', 'NOUN+PRON', 'PART', 'NOUN+NSUFF', 'PART', 'NOUN+PRON', 'V', 'NOUN+PRON', 'ADJ', 'PUNC', 'PUNC', 'PUNC', 'PUNC']",Saudi Arabia
105,106,أبيخ حركة إنك تسوي فولو حال واحد بالغلط و هو يسويلك فولو باك و أنت ما تريد تسحب الفولو عشان ما تطلع كأنك مال فولو ابو دقيقة,"['أبيخ', 'حركة', 'إنك', 'تسوي', 'فولو', 'حال', 'واحد', 'بالغلط', 'و', 'هو', 'يسويلك', 'فولو', 'باك', 'و', 'أنت', 'ما', 'تريد', 'تسحب', 'الفولو', 'عشان', 'ما', 'تطلع', 'كأنك', 'مال', 'فولو', 'ابو', 'دقيقة']","['ADJ', 'NOUN+NSUFF', 'PART+PRON', 'V', 'NOUN', 'NOUN', 'NOUN', 'PREP+DET+NOUN', 'CONJ', 'PRON', 'V+PREP+PRON', 'NOUN', 'NOUN', 'CONJ', 'PRON', 'PART', 'V', 'V', 'DET+NOUN', 'PART', 'PART', 'V', 'PART+PRON', 'NOUN', 'NOUN', 'NOUN', 'NOUN+NSUFF']",Iraq
106,107,@reem_qarni1 الشيمه بتمرضي انا حدي لحد باب غرفتي واجد برد ياااخي م تقدر تتحرك حتى,"['@reem_qarni1', 'الشيمه', 'بتمرضي', 'انا', 'حدي', 'لحد', 'باب', 'غرفتي', 'واجد', 'برد', 'ياااخي', 'م', 'تقدر', 'تتحرك', 'حتى']","['MENTION', 'DET+NOUN+NSUFF', 'PROG_PART+V+PRON', 'PRON', 'NOUN+PRON', 'PREP+NOUN', 'NOUN', 'NOUN+NSUFF+PRON', 'ADJ', 'NOUN', 'PART+NOUN+PRON', 'PART', 'V', 'V', 'PART']",Oman
107,108,على قد ما أكون مبسوطه واضحك إلاا إنو يومي يكون ناقص بدونكك .,"['على', 'قد', 'ما', 'أكون', 'مبسوطه', 'واضحك', 'إلاا', 'إنو', 'يومي', 'يكون', 'ناقص', 'بدونكك', '.']","['PREP', 'NOUN', 'PART', 'V', 'ADJ+NSUFF', 'CONJ+V', 'PART', 'PART+PRON', 'NOUN+PRON', 'V', 'ADJ', 'PREP+NOUN+PRON', 'PUNC']",Egypt
108,109,@HalaFmradio صباحكم فل زياد ووفاء رايح خط صور ومعي هنود العدد ومصدعينا بسوالفهم وما قادر اسمعكم فالسموحه منكم موضوعكم ما قدرت استوعبه,"['@HalaFmradio', 'صباحكم', 'فل', 'زياد', 'ووفاء', 'رايح', 'خط', 'صور', 'ومعي', 'هنود', 'العدد', 'ومصدعينا', 'بسوالفهم', 'وما', 'قادر', 'اسمعكم', 'فالسموحه', 'منكم', 'موضوعكم', 'ما', 'قدرت', 'استوعبه']","['MENTION', 'NOUN+PRON', 'NOUN', 'NOUN', 'CONJ+NOUN', 'ADJ', 'NOUN', 'NOUN', 'CONJ+NOUN+PRON', 'NOUN', 'DET+NOUN', 'CONJ+ADJ+PRON+PRON', 'PREP+NOUN+PRON', 'CONJ+PART', 'ADJ', 'V+PRON', 'CONJ+DET+NOUN+NSUFF', 'PREP+PRON', 'NOUN+PRON', 'PART', 'V+PRON', 'V+PRON']",Yemen
109,110,هالأيام منتشرة موضة بين البنات لازم أخلي صوتي رقيق كأني عصفور مخنوق ! ? ? ? ? ? ?,"['هالأيام', 'منتشرة', 'موضة', 'بين', 'البنات', 'لازم', 'أخلي', 'صوتي', 'رقيق', 'كأني', 'عصفور', 'مخنوق', '!', '?', '?', '?', '?', '?', '?']","['PRON+DET+NOUN', 'ADJ+NSUFF', 'NOUN+NSUFF', 'NOUN', 'DET+NOUN', 'ADJ', 'V', 'NOUN+PRON', 'ADJ', 'PART+PRON', 'NOUN', 'ADJ', 'PUNC', 'PUNC', 'PUNC', 'PUNC', 'PUNC', 'PUNC', 'PUNC']",Syria
110,111,@Abu_khalid101 @radar_group99 أعتذر كنت اظن يدفوا سيارة مواطن ما دورية شرطه هنا معاكم حق المفروض ما تنشر نفس هذي الصور,"['@Abu_khalid101', '@radar_group99', 'أعتذر', 'كنت', 'اظن', 'يدفوا', 'سيارة', 'مواطن', 'ما', 'دورية', 'شرطه', 'هنا', 'معاكم', 'حق', 'المفروض', 'ما', 'تنشر', 'نفس', 'هذي', 'الصور']","['MENTION', 'MENTION', 'V', 'V+PRON', 'V', 'V+PRON', 'NOUN+NSUFF', 'NOUN', 'PART', 'NOUN+NSUFF', 'NOUN+NSUFF', 'NOUN', 'PART+PRON', 'NOUN', 'DET+ADJ', 'PART', 'V', 'NOUN', 'PRON', 'DET+NOUN']",Yemen
111,112,عن احساس الشرده من الدوام عن احساس البرد والمطر ي الله ترا جالسه أفرح ~ http://t.co/x3ADe2sBYn,"['عن', 'احساس', 'الشرده', 'من', 'الدوام', 'عن', 'احساس', 'البرد', 'والمطر', 'ي', 'الله', 'ترا', 'جالسه', 'أفرح', '~', 'http://t.co/x3ADe2sBYn']","['PREP', 'NOUN', 'DET+NOUN+NSUFF', 'PREP', 'DET+NOUN', 'PREP', 'NOUN', 'DET+NOUN', 'CONJ+DET+NOUN', 'PART', 'NOUN', 'PART', 'ADJ+NSUFF', 'V', 'PUNC', 'URL']",Saudi Arabia
112,113,? ? ? ? ياشاعره يااللي تصيغين الابيات ابيات شعرك كل ابوها جزيله فكره ، وتصوير وجزالة عبارات بالمختصر بقول مافيك حيله ? ? ? ?,"['?', '?', '?', '?', 'ياشاعره', 'يااللي', 'تصيغين', 'الابيات', 'ابيات', 'شعرك', 'كل', 'ابوها', 'جزيله', 'فكره', '،', 'وتصوير', 'وجزالة', 'عبارات', 'بالمختصر', 'بقول', 'مافيك', 'حيله', '?', '?', '?', '?']","['PUNC', 'PUNC', 'PUNC', 'PUNC', 'PART+NOUN+NSUFF', 'PART+PART', 'V+PRON', 'DET+NOUN', 'NOUN', 'NOUN+PRON', 'NOUN', 'NOUN+PRON', 'ADJ+NSUFF', 'NOUN+NSUFF', 'PUNC', 'CONJ+NOUN', 'CONJ+ADJ+NSUFF', 'NOUN+NSUFF', 'PREP+DET+NOUN', 'PROG_PART+V', 'PART+PREP+PRON', 'NOUN+NSUFF', 'PUNC', 'PUNC', 'PUNC', 'PUNC']",Yemen
113,114,"~ ودي احلف ان ماا ف الكون زيك بس اخااف يطمنك حلفي و تمشي ? ? ? ? ""","['~', 'ودي', 'احلف', 'ان', 'ماا', 'ف', 'الكون', 'زيك', 'بس', 'اخااف', 'يطمنك', 'حلفي', 'و', 'تمشي', '?', '?', '?', '?', '""']","['PUNC', 'V+PRON', 'V', 'PART', 'PART', 'PREP', 'DET+NOUN', 'NOUN+PRON', 'PART', 'V', 'V+PRON', 'NOUN+PRON', 'CONJ', 'V', 'PUNC', 'PUNC', 'PUNC', 'PUNC', 'PUNC']",Yemen
114,115,"- إذا صحيت ولقيت المكيف شغال ! أقوم أدور أهلي لايكون فيهم شيء "" ? ""","['-', 'إذا', 'صحيت', 'ولقيت', 'المكيف', 'شغال', '!', 'أقوم', 'أدور', 'أهلي', 'لايكون', 'فيهم', 'شيء', '""', '?', '""']","['PUNC', 'PART', 'V+PRON', 'CONJ+V', 'DET+NOUN', 'ADJ', 'PUNC', 'V', 'V', 'NOUN+PRON', 'PART+V', 'PREP+PRON', 'NOUN', 'PUNC', 'PUNC', 'PUNC']",Saudi Arabia
115,116,فكره جديده : الساعه 45 : 10 ابي الكل يقول شي يستحي يقوووله بل خاص مشروع اكسر الخطأ ? ?,"['فكره', 'جديده', ':', 'الساعه', '45', ':', '10', 'ابي', 'الكل', 'يقول', 'شي', 'يستحي', 'يقوووله', 'بل', 'خاص', 'مشروع', 'اكسر', 'الخطأ', '?', '?']","['NOUN+NSUFF', 'ADJ+NSUFF', 'PUNC', 'DET+NOUN+NSUFF', 'NUM', 'PUNC', 'NUM', 'V', 'DET+NOUN', 'V', 'NOUN', 'V', 'V+PRON', 'PREP+DET', 'NOUN', 'NOUN', 'V', 'DET+NOUN', 'PUNC', 'PUNC']",Yemen
116,117,"تعبنا نداري كل خاطر عشان نعيش و حنا ندور من , يداري خلوها رضينا : بواقعنا لكن يازمن بشويش ترا ما شكينا قسوتك و أنت خابرنا","['تعبنا', 'نداري', 'كل', 'خاطر', 'عشان', 'نعيش', 'و', 'حنا', 'ندور', 'من', ',', 'يداري', 'خلوها', 'رضينا', ':', 'بواقعنا', 'لكن', 'يازمن', 'بشويش', 'ترا', 'ما', 'شكينا', 'قسوتك', 'و', 'أنت', 'خابرنا']","['V+PRON', 'V', 'NOUN', 'NOUN', 'PART', 'V', 'CONJ', 'PRON', 'V', 'PART', 'PUNC', 'V', 'V+PRON+PRON', 'V+PRON', 'PUNC', 'PREP+NOUN+PRON', 'CONJ', 'PART+NOUN', 'NOUN', 'PART', 'PART', 'V+PRON', 'NOUN+NSUFF+PRON', 'CONJ', 'PRON', 'ADJ+PRON']",Yemen
117,118,"لا تغلا عليه "" دامك اليوم غالي لا تجدد جروح القلب كافي جروحه لا تواعد وتخلف ياحسين الدلالي ثم تجي تطلبني العذر والسموحه","['لا', 'تغلا', 'عليه', '""', 'دامك', 'اليوم', 'غالي', 'لا', 'تجدد', 'جروح', 'القلب', 'كافي', 'جروحه', 'لا', 'تواعد', 'وتخلف', 'ياحسين', 'الدلالي', 'ثم', 'تجي', 'تطلبني', 'العذر', 'والسموحه']","['PART', 'V', 'PREP+NSUFF', 'PUNC', 'V+PRON', 'DET+NOUN', 'ADJ', 'PART', 'V', 'NOUN', 'DET+NOUN', 'ADJ', 'NOUN+PRON', 'PART', 'V', 'CONJ+V', 'PART+NOUN', 'DET+NOUN+NSUFF', 'PART', 'V', 'V+PRON', 'DET+NOUN', 'CONJ+DET+NOUN+NSUFF']",Yemen
118,119,مو خبار صديقي ؟ @therealbinbaz يوم بيرد علي بسوي ريتويت حال الرد لا تخافوا ? ?,"['مو', 'خبار', 'صديقي', '؟', '@therealbinbaz', 'يوم', 'بيرد', 'علي', 'بسوي', 'ريتويت', 'حال', 'الرد', 'لا', 'تخافوا', '?', '?']","['PART', 'NOUN', 'NOUN+PRON', 'PUNC', 'MENTION', 'NOUN', 'PROG_PART+V', 'PREP', 'PROG_PART+V', 'NOUN', 'NOUN', 'DET+NOUN', 'PART', 'V+PRON', 'PUNC', 'PUNC']",Oman
119,120,بعض المطاوعة : يتزوج اربع ويطلق خمس وعنده عشرين ولد وإذا شاف شباب رايحين دبي قال : هؤلاء استسلموا لشهواتهم ! خالي انت حتى الشهوة حملتها,"['بعض', 'المطاوعة', ':', 'يتزوج', 'اربع', 'ويطلق', 'خمس', 'وعنده', 'عشرين', 'ولد', 'وإذا', 'شاف', 'شباب', 'رايحين', 'دبي', 'قال', ':', 'هؤلاء', 'استسلموا', 'لشهواتهم', '!', 'خالي', 'انت', 'حتى', 'الشهوة', 'حملتها']","['NOUN', 'DET+NOUN+NSUFF', 'PUNC', 'V', 'NOUN', 'CONJ+V', 'NUM', 'CONJ+NOUN+PRON', 'NUM', 'NOUN', 'CONJ+PART', 'V', 'NOUN', 'ADJ+PRON', 'NOUN', 'V', 'PUNC', 'PRON', 'V+PRON', 'PREP+NOUN+NSUFF+PRON', 'PUNC', 'NOUN+PRON', 'PRON', 'PART', 'DET+NOUN+NSUFF', 'V+PRON+PRON']",Saudi Arabia
120,121,بالنسبة لي عادي اعرف ناس واسمائهم واشياء عنهم و كذا عشاني فضولية والتحقيق هواية روتينية لي ? ? بس اذا احد عرف عني استغرب كيف وليش عرف ? ? ؟ ؟ ! !,"['بالنسبة', 'لي', 'عادي', 'اعرف', 'ناس', 'واسمائهم', 'واشياء', 'عنهم', 'و', 'كذا', 'عشاني', 'فضولية', 'والتحقيق', 'هواية', 'روتينية', 'لي', '?', '?', 'بس', 'اذا', 'احد', 'عرف', 'عني', 'استغرب', 'كيف', 'وليش', 'عرف', '?', '?', '؟', '؟', '!', '!']","['PREP+DET+NOUN+NSUFF', 'PREP+PRON', 'ADJ', 'V', 'NOUN', 'CONJ+NOUN+PRON', 'CONJ+NOUN', 'PREP+PRON', 'CONJ', 'ADV', 'PART+PRON', 'NOUN+NSUFF', 'CONJ+DET+NOUN', 'NOUN+NSUFF', 'ADJ+NSUFF', 'PREP+PRON', 'PUNC', 'PUNC', 'PART', 'PART', 'NOUN', 'V', 'PREP+PRON', 'V', 'PART', 'CONJ+PART', 'V', 'PUNC', 'PUNC', 'PUNC', 'PUNC', 'PUNC', 'PUNC']",Qatar
121,122,قول لالدنيا : ترى م أحنا حبايب و أعط لالذكرى فضا و جناح ريش ! !,"['قول', 'لالدنيا', ':', 'ترى', 'م', 'أحنا', 'حبايب', 'و', 'أعط', 'لالذكرى', 'فضا', 'و', 'جناح', 'ريش', '!', '!']","['V', 'PREP+DET+NOUN', 'PUNC', 'PART', 'PART', 'PRON', 'NOUN', 'CONJ', 'V', 'PREP+DET+NOUN', 'NOUN', 'CONJ', 'NOUN', 'NOUN', 'PUNC', 'PUNC']",Yemen
122,123,يقولون البلطجيه رايحين بيعتصمون في الدوار ياالله نروح وياهم,"['يقولون', 'البلطجيه', 'رايحين', 'بيعتصمون', 'في', 'الدوار', 'ياالله', 'نروح', 'وياهم']","['V+PRON', 'DET+ADJ+NSUFF', 'ADJ+PRON', 'PROG_PART+V+PRON', 'PREP', 'DET+NOUN', 'PART+NOUN', 'V', 'NOUN+PRON']",Qatar
123,124,المرحلة اللي تجي قبل النوم مباشره اكثر مرحلة يشتغل خيالي فيها توصل لخيالات توديني ورى الشمس . . ينفوني #زين_تو_كذاك يتاخر النوم علينا,"['المرحلة', 'اللي', 'تجي', 'قبل', 'النوم', 'مباشره', 'اكثر', 'مرحلة', 'يشتغل', 'خيالي', 'فيها', 'توصل', 'لخيالات', 'توديني', 'ورى', 'الشمس', '.', '.', 'ينفوني', '#زين_تو_كذاك', 'يتاخر', 'النوم', 'علينا']","['DET+NOUN+NSUFF', 'PART', 'V', 'NOUN', 'DET+NOUN', 'NOUN+NSUFF', 'ADJ', 'NOUN+NSUFF', 'V', 'NOUN+PRON', 'PREP+PRON', 'V', 'PREP+NOUN+NSUFF', 'V+PRON+PRON', 'NOUN', 'DET+NOUN', 'PUNC', 'PUNC', 'V+PRON', 'HASH', 'V', 'DET+NOUN', 'PREP+PRON']",Iraq
124,125,ليش م يسويوا شركة اتصال كذا محترمة حال الخليج كامل * بغض النظر عن المشاكل السياسية * ? ?,"['ليش', 'م', 'يسويوا', 'شركة', 'اتصال', 'كذا', 'محترمة', 'حال', 'الخليج', 'كامل', '*', 'بغض', 'النظر', 'عن', 'المشاكل', 'السياسية', '*', '?', '?']","['PART', 'PART', 'V+PRON', 'NOUN+NSUFF', 'NOUN', 'ADV', 'ADJ+NSUFF', 'NOUN', 'DET+NOUN', 'ADJ', 'PUNC', 'PREP+NOUN', 'DET+NOUN', 'PREP', 'DET+NOUN', 'DET+NOUN+NSUFF', 'PUNC', 'PUNC', 'PUNC']",Saudi Arabia
125,126,شي ما شفته بعينك ؟ لا تطلعه من لسانك,"['شي', 'ما', 'شفته', 'بعينك', '؟', 'لا', 'تطلعه', 'من', 'لسانك']","['NOUN', 'PART', 'V+PRON+PRON', 'PREP+NOUN+PRON', 'PUNC', 'PART', 'V+PRON', 'PREP', 'NOUN+PRON']",Iraq
126,127,"اليوم الكونسيرت كلها دونغهي يحكي لهم كيف قابل هيوك وكيف حبه وكيف هيوك يشتري له الي يبي وش سوا بهز بيرثداي وكيف كل شي يسونه مع بعض :""((((((","['اليوم', 'الكونسيرت', 'كلها', 'دونغهي', 'يحكي', 'لهم', 'كيف', 'قابل', 'هيوك', 'وكيف', 'حبه', 'وكيف', 'هيوك', 'يشتري', 'له', 'الي', 'يبي', 'وش', 'سوا', 'بهز', 'بيرثداي', 'وكيف', 'كل', 'شي', 'يسونه', 'مع', 'بعض', ':""((((((']","['DET+NOUN', 'DET+NOUN', 'NOUN+PRON', 'NOUN', 'V', 'PREP+PRON', 'PART', 'V', 'NOUN', 'CONJ+PART', 'V+PRON', 'CONJ+PART', 'NOUN', 'V', 'PREP+PRON', 'PRON', 'V+PRON', 'PART', 'V', 'PREP+PRON', 'NOUN', 'CONJ+PART', 'NOUN', 'NOUN', 'V+PRON+PRON', 'NOUN', 'NOUN', 'EMOT']",Qatar
127,128,في شخص من تويتر رسل لي سؤال ع الاسك و ما لاحظ اني سويت منع السؤال بالمجهول :) ! ستروا ع عمركم ولا تشوهوا صورتكم قدام الناس عشان سؤال,"['في', 'شخص', 'من', 'تويتر', 'رسل', 'لي', 'سؤال', 'ع', 'الاسك', 'و', 'ما', 'لاحظ', 'اني', 'سويت', 'منع', 'السؤال', 'بالمجهول', ':)', '!', 'ستروا', 'ع', 'عمركم', 'ولا', 'تشوهوا', 'صورتكم', 'قدام', 'الناس', 'عشان', 'سؤال']","['PREP', 'NOUN', 'PREP', 'NOUN', 'V', 'PREP+PRON', 'NOUN', 'PREP', 'DET+NOUN', 'CONJ', 'PART', 'V', 'PART+PRON', 'V+PRON', 'NOUN', 'DET+NOUN', 'PREP+DET+ADJ', 'EMOT', 'PUNC', 'V+PRON', 'PREP', 'NOUN+PRON', 'CONJ+PART', 'V+PRON', 'NOUN+NSUFF+PRON', 'NOUN', 'DET+NOUN', 'PART', 'NOUN']",Syria
128,129,"الرزينه الوحيده ف الشله . .. اتمنى يصير لالبقيه عدوى منها . . هاديه وخنفشاريه . .. "" "" الابتسامه تليق بك جدا @qamshoie","['الرزينه', 'الوحيده', 'ف', 'الشله', '.', '..', 'اتمنى', 'يصير', 'لالبقيه', 'عدوى', 'منها', '.', '.', 'هاديه', 'وخنفشاريه', '.', '..', '""', '""', 'الابتسامه', 'تليق', 'بك', 'جدا', '@qamshoie']","['DET+ADJ+NSUFF', 'DET+ADJ+NSUFF', 'PREP', 'DET+NOUN+NSUFF', 'PUNC', 'PUNC', 'V', 'V', 'PREP+DET+NOUN+NSUFF', 'NOUN', 'PREP+PRON', 'PUNC', 'PUNC', 'ADJ+NSUFF', 'CONJ+ADJ+NSUFF', 'PUNC', 'PUNC', 'PUNC', 'PUNC', 'DET+NOUN+NSUFF', 'V', 'PREP+PRON', 'NOUN+CASE', 'MENTION']",Yemen
129,130,أريد مصطفى الأتكيت يحقق لي حلمي و يوديني إسبانيا ، سوولي واسطة له (:,"['أريد', 'مصطفى', 'الأتكيت', 'يحقق', 'لي', 'حلمي', 'و', 'يوديني', 'إسبانيا', '،', 'سوولي', 'واسطة', 'له', '(:']","['V', 'NOUN', 'DET+NOUN', 'V', 'PREP+PRON', 'NOUN+PRON', 'CONJ', 'V+PRON+PRON', 'NOUN', 'PUNC', 'V+PREP+PRON', 'NOUN+NSUFF', 'PREP+PRON', 'EMOT']",Iraq
130,131,#نتائج_الدبلوم_العام إللي يريد يبات برع بيتهم اليوم وما محصل مكان ، يتواصل معي ، ، شقتنا فاضيه فالويكند,"['#نتائج_الدبلوم_العام', 'إللي', 'يريد', 'يبات', 'برع', 'بيتهم', 'اليوم', 'وما', 'محصل', 'مكان', '،', 'يتواصل', 'معي', '،', '،', 'شقتنا', 'فاضيه', 'فالويكند']","['HASH', 'PRON', 'V', 'V', 'NOUN', 'NOUN+PRON', 'DET+NOUN', 'CONJ+PART', 'ADJ', 'NOUN', 'PUNC', 'V', 'NOUN+PRON', 'PUNC', 'PUNC', 'NOUN+NSUFF+PRON', 'ADJ+NSUFF', 'PREP+DET+NOUN']",Oman
131,132,@Badar7_7 امسك يا بدر أول تغريدة لك خف علينا يا متفائل يا مبتسم هههههه احين عرفت ليش مزعج العالم من الصبح . http://t.co/LLsAdb4W1T,"['@Badar7_7', 'امسك', 'يا', 'بدر', 'أول', 'تغريدة', 'لك', 'خف', 'علينا', 'يا', 'متفائل', 'يا', 'مبتسم', 'هههههه', 'احين', 'عرفت', 'ليش', 'مزعج', 'العالم', 'من', 'الصبح', '.', 'http://t.co/LLsAdb4W1T']","['MENTION', 'V', 'PART', 'NOUN', 'ADJ', 'NOUN+NSUFF', 'PREP+PRON', 'V', 'PREP+PRON', 'PART', 'ADJ', 'PART', 'ADJ', 'EMOT', 'NOUN', 'V+PRON', 'PART', 'ADJ', 'DET+NOUN', 'PREP', 'DET+NOUN', 'PUNC', 'URL']",Yemen
132,133,لاصار شبحك بعيد ومحزمك فاضي والوقت حمله ثقيل . . وعلتك عله لاتلتفت في حسايف عمرك الماضي غامر على العز والتوفيق عند الله,"['لاصار', 'شبحك', 'بعيد', 'ومحزمك', 'فاضي', 'والوقت', 'حمله', 'ثقيل', '.', '.', 'وعلتك', 'عله', 'لاتلتفت', 'في', 'حسايف', 'عمرك', 'الماضي', 'غامر', 'على', 'العز', 'والتوفيق', 'عند', 'الله']","['PART+V', 'NOUN+PRON', 'NOUN', 'CONJ+NOUN+PRON', 'ADJ', 'CONJ+DET+NOUN', 'NOUN+PRON', 'ADJ', 'PUNC', 'PUNC', 'CONJ+NOUN+NSUFF+PRON', 'NOUN+NSUFF', 'PART+V', 'PREP', 'NOUN', 'NOUN+PRON', 'DET+ADJ', 'V', 'PREP', 'DET+NOUN', 'CONJ+DET+NOUN', 'NOUN', 'NOUN']",Yemen
133,134,في سياق آخر ، ماتنتظر من أحد يجي يواسيك ويربت على أحزانك تشوكليت غنيه بالكالوريز تفعل مالا يفعله البشر من طبطبه زائفه ومواساه ? ?,"['في', 'سياق', 'آخر', '،', 'ماتنتظر', 'من', 'أحد', 'يجي', 'يواسيك', 'ويربت', 'على', 'أحزانك', 'تشوكليت', 'غنيه', 'بالكالوريز', 'تفعل', 'مالا', 'يفعله', 'البشر', 'من', 'طبطبه', 'زائفه', 'ومواساه', '?', '?']","['PREP', 'NOUN', 'NOUN', 'PUNC', 'PART+V', 'PREP', 'NOUN', 'V', 'V+PRON', 'CONJ+V', 'PREP', 'NOUN+PRON', 'NOUN', 'ADJ+NSUFF', 'PREP+DET+NOUN', 'V', 'PART+PART', 'V+PRON', 'DET+NOUN', 'PREP', 'NOUN+NSUFF', 'ADJ+NSUFF', 'CONJ+NOUN+NSUFF', 'PUNC', 'PUNC']",Yemen
134,135,احترت اعبر عن شعوري من غلاك و احتارت أبيات ن في حقك قليلة كيف الحكي يقدر يوصل مستواك يااللي غلاك الكون عيا يشيله @Zimoya_AlQasmi??,"['احترت', 'اعبر', 'عن', 'شعوري', 'من', 'غلاك', 'و', 'احتارت', 'أبيات', 'ن', 'في', 'حقك', 'قليلة', 'كيف', 'الحكي', 'يقدر', 'يوصل', 'مستواك', 'يااللي', 'غلاك', 'الكون', 'عيا', 'يشيله', '@Zimoya_AlQasmi??']","['V+PRON', 'V', 'PREP', 'NOUN+PRON', 'PREP', 'NOUN+PRON', 'CONJ', 'V+PRON', 'NOUN', 'NSUFF', 'PREP', 'NOUN+PRON', 'ADJ+NSUFF', 'PART', 'DET+NOUN', 'V', 'V', 'NOUN+PRON', 'PART+PART', 'NOUN+PRON', 'DET+NOUN', 'V', 'V+PRON', 'MENTION']",Yemen
135,136,تسألني : صآير شئ ! آبد مآصآر لي آي شئ سوى [ بحة شوق ] تفضحني و حنين زآد بس / شوي,"['تسألني', ':', 'صآير', 'شئ', '!', 'آبد', 'مآصآر', 'لي', 'آي', 'شئ', 'سوى', '[', 'بحة', 'شوق', ']', 'تفضحني', 'و', 'حنين', 'زآد', 'بس', '/', 'شوي']","['V+PRON', 'PUNC', 'V', 'NOUN', 'PUNC', 'NOUN', 'PART+V', 'PREP+PRON', 'NOUN', 'NOUN', 'PART', 'PUNC', 'NOUN+NSUFF', 'NOUN', 'PUNC', 'V+PRON', 'CONJ', 'NOUN', 'V', 'PART', 'PUNC', 'ADJ']",Yemen
136,137,يسعد صباح اهل القلوب النظيفه اللي تحب الخير ولاعندها حقد صباح الخير . .. ? ?,"['يسعد', 'صباح', 'اهل', 'القلوب', 'النظيفه', 'اللي', 'تحب', 'الخير', 'ولاعندها', 'حقد', 'صباح', 'الخير', '.', '..', '?', '?']","['V', 'NOUN', 'NOUN', 'DET+NOUN', 'DET+ADJ+NSUFF', 'PART', 'V', 'DET+NOUN', 'CONJ+PART+NOUN+PRON', 'NOUN', 'NOUN', 'DET+NOUN', 'PUNC', 'PUNC', 'PUNC', 'PUNC']",Yemen
137,138,"الابتسامة من بعيد معناها "" شفتك خلاص مايحتاج تسسلم ~","['الابتسامة', 'من', 'بعيد', 'معناها', '""', 'شفتك', 'خلاص', 'مايحتاج', 'تسسلم', '~']","['DET+NOUN+NSUFF', 'PREP', 'NOUN', 'NOUN+PRON', 'PUNC', 'V+PRON+PRON', 'NOUN', 'PART+V', 'V', 'PUNC']",Saudi Arabia
138,139,مدري الشعر لجل السهر كاره النوم ولا هموم الحديد تجعلك شاعر لا الليل مستوعب سهر كل مهموم ولا السهر قادر يلم المشاعر,"['مدري', 'الشعر', 'لجل', 'السهر', 'كاره', 'النوم', 'ولا', 'هموم', 'الحديد', 'تجعلك', 'شاعر', 'لا', 'الليل', 'مستوعب', 'سهر', 'كل', 'مهموم', 'ولا', 'السهر', 'قادر', 'يلم', 'المشاعر']","['PART+V', 'DET+NOUN', 'PREP+NOUN', 'DET+NOUN', 'ADJ', 'DET+NOUN', 'CONJ+PART', 'NOUN', 'DET+NOUN', 'V+PRON', 'NOUN', 'PART', 'DET+NOUN', 'ADJ', 'NOUN', 'NOUN', 'NOUN', 'CONJ+PART', 'DET+NOUN', 'ADJ', 'V', 'DET+NOUN']",Yemen
139,140,اذا شفت دب جاي لك معصب ‹ › قله تصدق تراك نحفت شوي ‹ ! على طول بينسى ويقولك امانه من جد ? ؟ ^ من كتاب ترويض الدببه في عالم الفيله,"['اذا', 'شفت', 'دب', 'جاي', 'لك', 'معصب', '‹', '›', 'قله', 'تصدق', 'تراك', 'نحفت', 'شوي', '‹', '!', 'على', 'طول', 'بينسى', 'ويقولك', 'امانه', 'من', 'جد', '?', '؟', '^', 'من', 'كتاب', 'ترويض', 'الدببه', 'في', 'عالم', 'الفيله']","['PART', 'V+PRON', 'NOUN', 'V', 'PREP+PRON', 'ADJ', 'PUNC', 'PUNC', 'V+PRON', 'V', 'PART+PRON', 'V+PRON', 'ADJ', 'PUNC', 'PUNC', 'PREP', 'NOUN', 'PROG_PART+V', 'CONJ+V+PRON', 'NOUN+NSUFF', 'PREP', 'NOUN', 'PUNC', 'PUNC', 'PUNC', 'PREP', 'NOUN', 'V', 'DET+NOUN+NSUFF', 'PREP', 'NOUN', 'DET+NOUN+NSUFF']",Oman
140,141,ضاع عمري وأنا صغيره أفتح الثلاجه بشويش عشان أعرف مصدر اللمبه,"['ضاع', 'عمري', 'وأنا', 'صغيره', 'أفتح', 'الثلاجه', 'بشويش', 'عشان', 'أعرف', 'مصدر', 'اللمبه']","['V', 'NOUN+PRON', 'CONJ+PRON', 'ADJ+NSUFF', 'V', 'DET+NOUN+NSUFF', 'NOUN', 'PART', 'V', 'NOUN', 'DET+NOUN']",Egypt
141,142,@Mb06_111 ونسايم البرد ~ واخر مراسيم الموادع لالشتاء ، يشبه فراق اثنين في ظل الظروف كلن يقول لصاحبه ترجع : متى . .,"['@Mb06_111', 'ونسايم', 'البرد', '~', 'واخر', 'مراسيم', 'الموادع', 'لالشتاء', '،', 'يشبه', 'فراق', 'اثنين', 'في', 'ظل', 'الظروف', 'كلن', 'يقول', 'لصاحبه', 'ترجع', ':', 'متى', '.', '.']","['MENTION', 'CONJ+NOUN', 'DET+NOUN', 'PUNC', 'CONJ+ADJ', 'NOUN', 'DET+NOUN', 'PREP+DET+NOUN', 'PUNC', 'V', 'NOUN', 'NUM', 'PREP', 'NOUN', 'DET+NOUN', 'NOUN+NSUFF', 'V', 'PREP+NOUN+PRON', 'V', 'PUNC', 'PART', 'PUNC', 'PUNC']",Yemen
142,143,سويت لك حآجه وانت خاابرني مافيه يوم معك قصرت في حآجه ! وآن كان بعد الوفاء منت معبرني مغنيني الله ونفسي غير محتاجه !,"['سويت', 'لك', 'حآجه', 'وانت', 'خاابرني', 'مافيه', 'يوم', 'معك', 'قصرت', 'في', 'حآجه', '!', 'وآن', 'كان', 'بعد', 'الوفاء', 'منت', 'معبرني', 'مغنيني', 'الله', 'ونفسي', 'غير', 'محتاجه', '!']","['V+PRON', 'PREP+PRON', 'NOUN+NSUFF', 'CONJ+PRON', 'ADJ+PRON', 'PART+PREP+NSUFF', 'NOUN', 'NOUN+PRON', 'V+PRON', 'PREP', 'NOUN+NSUFF', 'PUNC', 'CONJ+PART', 'V', 'NOUN', 'DET+NOUN', 'PART+PRON', 'ADJ+PRON', 'NOUN+PRON', 'NOUN', 'CONJ+NOUN+PRON', 'NOUN', 'ADJ+NSUFF', 'PUNC']",Yemen
143,144,انا القريب وممتلي وجهي أغراب وأنا الغريب . . وكل وجه عرفني لا تشوف كم جاملت ف سنينك غياب حاول تجمل في سنيني وشفني,"['انا', 'القريب', 'وممتلي', 'وجهي', 'أغراب', 'وأنا', 'الغريب', '.', '.', 'وكل', 'وجه', 'عرفني', 'لا', 'تشوف', 'كم', 'جاملت', 'ف', 'سنينك', 'غياب', 'حاول', 'تجمل', 'في', 'سنيني', 'وشفني']","['PRON', 'DET+NOUN', 'CONJ+ADJ', 'NOUN+PRON', 'NOUN', 'CONJ+PRON', 'DET+NOUN', 'PUNC', 'PUNC', 'CONJ+NOUN', 'NOUN', 'V+PRON', 'PART', 'V', 'PART', 'V+PRON', 'PREP', 'NOUN+PRON', 'NOUN', 'V', 'V', 'PREP', 'NOUN+PRON', 'CONJ+V+PRON']",Yemen
144,145,جدي قآل لا تكثر من مديح اللي تحبه ولآ تماشي واحد ما طاع ربه لآ تثرثر ب آلمجالس ولآ تسلم وإنت جالس #تربية http://t.co/W21kc91vjX,"['جدي', 'قآل', 'لا', 'تكثر', 'من', 'مديح', 'اللي', 'تحبه', 'ولآ', 'تماشي', 'واحد', 'ما', 'طاع', 'ربه', 'لآ', 'تثرثر', 'ب', 'آلمجالس', 'ولآ', 'تسلم', 'وإنت', 'جالس', '#تربية', 'http://t.co/W21kc91vjX']","['NOUN+PRON', 'V', 'PART', 'V', 'PREP', 'NOUN', 'PART', 'V+PRON', 'CONJ+PART', 'V', 'NOUN', 'PART', 'V', 'NOUN+PRON', 'PART', 'V', 'PREP', 'DET+NOUN', 'CONJ+PART', 'V', 'CONJ+PRON', 'ADJ', 'HASH', 'URL']",Yemen
145,146,انا اذا نصحت احد ؟ انصدم من نفسي ومن الكلام الجنون والنصايح اللي تطلع مني ? ?,"['انا', 'اذا', 'نصحت', 'احد', '؟', 'انصدم', 'من', 'نفسي', 'ومن', 'الكلام', 'الجنون', 'والنصايح', 'اللي', 'تطلع', 'مني', '?', '?']","['PRON', 'PART', 'V+PRON', 'NOUN', 'PUNC', 'V', 'PREP', 'NOUN+PRON', 'CONJ+PREP', 'DET+NOUN', 'DET+NOUN', 'CONJ+DET+NOUN', 'PART', 'V', 'PREP+PRON', 'PUNC', 'PUNC']",Qatar
146,147,@iSHATHA_OM الله يستر الزائد لازم يخدم نفسه بنفسه بس المشكله الحديد غايب والكوري بعد,"['@iSHATHA_OM', 'الله', 'يستر', 'الزائد', 'لازم', 'يخدم', 'نفسه', 'بنفسه', 'بس', 'المشكله', 'الحديد', 'غايب', 'والكوري', 'بعد']","['MENTION', 'NOUN', 'V', 'DET+NOUN', 'ADJ', 'V', 'NOUN+PRON', 'PREP+NOUN+PRON', 'PART', 'DET+NOUN+NSUFF', 'DET+NOUN', 'ADJ', 'CONJ+DET+NOUN', 'NOUN']",Qatar
147,148,وايضا هاينكس جاب ثلاثية يقولك فينقر بنى ملعب طيب سداسية بيب فينقر بنى ملعب . . تشيلسي خذ الابطال فينقر بنى ملعب . . يحسسونك انه بنى الكعبة,"['وايضا', 'هاينكس', 'جاب', 'ثلاثية', 'يقولك', 'فينقر', 'بنى', 'ملعب', 'طيب', 'سداسية', 'بيب', 'فينقر', 'بنى', 'ملعب', '.', '.', 'تشيلسي', 'خذ', 'الابطال', 'فينقر', 'بنى', 'ملعب', '.', '.', 'يحسسونك', 'انه', 'بنى', 'الكعبة']","['CONJ+ADV+CASE', 'NOUN', 'V', 'ADJ+NSUFF', 'V+PRON', 'NOUN', 'V', 'NOUN', 'ADJ', 'ADJ+NSUFF', 'NOUN', 'NOUN', 'V', 'NOUN', 'PUNC', 'PUNC', 'NOUN', 'V', 'DET+NOUN', 'NOUN', 'V', 'NOUN', 'PUNC', 'PUNC', 'V+PRON+PRON', 'PART+PRON', 'V', 'DET+NOUN+NSUFF']",Saudi Arabia
148,149,يحرسج الرحمن وين ما كنتي يا كل دنيتي ? . #امي,"['يحرسج', 'الرحمن', 'وين', 'ما', 'كنتي', 'يا', 'كل', 'دنيتي', '?', '.', '#امي']","['V+PRON', 'DET+NOUN', 'PART', 'PART', 'V+NSUFF', 'PART', 'NOUN', 'NOUN+NSUFF+PRON', 'PUNC', 'PUNC', 'HASH']",Qatar
149,150,خلوا عنكم سوالف الانجليزي المعرب ياالبنقال ? ?,"['خلوا', 'عنكم', 'سوالف', 'الانجليزي', 'المعرب', 'ياالبنقال', '?', '?']","['V+PRON', 'PREP+PRON', 'NOUN', 'DET+NOUN', 'DET+ADJ', 'PART+DET+NOUN', 'PUNC', 'PUNC']",Saudi Arabia
150,151,ويلي على أدري وش اللي جآيبک كلک هو حب و لآ إنت وآحد من مقاديري و إن كآن تبغآني أحبک . . . و لآ أملک عآملني ب صدق و لآ شوف لک غيري ? ? ? ? ? ? ? ? !,"['ويلي', 'على', 'أدري', 'وش', 'اللي', 'جآيبک', 'كلک', 'هو', 'حب', 'و', 'لآ', 'إنت', 'وآحد', 'من', 'مقاديري', 'و', 'إن', 'كآن', 'تبغآني', 'أحبک', '.', '.', '.', 'و', 'لآ', 'أملک', 'عآملني', 'ب', 'صدق', 'و', 'لآ', 'شوف', 'لک', 'غيري', '?', '?', '?', '?', '?', '?', '?', '?', '!']","['NOUN+PRON', 'PREP', 'V', 'PART', 'PART', 'ADJ+PRON', 'NOUN+PRON', 'PRON', 'NOUN', 'CONJ', 'PART', 'PRON', 'NUM', 'PREP', 'NOUN+PRON', 'CONJ', 'PART', 'V', 'V+PRON', 'V+PRON', 'PUNC', 'PUNC', 'PUNC', 'CONJ', 'PART', 'V+PRON', 'V+PRON', 'PREP', 'NOUN', 'CONJ', 'PART', 'V', 'PREP+PRON', 'NOUN+PRON', 'PUNC', 'PUNC', 'PUNC', 'PUNC', 'PUNC', 'PUNC', 'PUNC', 'PUNC', 'PUNC']",Yemen
151,152,"وش حيلة اللي في هوى حبك رهين ، متولع في سحر عينك يغني ? ? ? ? ؟ ""","['وش', 'حيلة', 'اللي', 'في', 'هوى', 'حبك', 'رهين', '،', 'متولع', 'في', 'سحر', 'عينك', 'يغني', '?', '?', '?', '?', '؟', '""']","['PART', 'NOUN+NSUFF', 'PART', 'PREP', 'NOUN', 'NOUN+PRON', 'ADJ', 'PUNC', 'ADJ', 'PREP', 'NOUN', 'NOUN+PRON', 'V', 'PUNC', 'PUNC', 'PUNC', 'PUNC', 'PUNC', 'PUNC']",Yemen
152,153,تعبت من الصريخ بس حلوه اللعبه صح مريوم @MariamAlFalasi_,"['تعبت', 'من', 'الصريخ', 'بس', 'حلوه', 'اللعبه', 'صح', 'مريوم', '@MariamAlFalasi_']","['V+PRON', 'PREP', 'DET+NOUN', 'PART', 'ADJ+NSUFF', 'DET+NOUN+NSUFF', 'NOUN', 'NOUN', 'MENTION']",Yemen
153,154,اخيس وقت اللي اجلس افكر فيه في كل الاشياء اللي تضايقني,"['اخيس', 'وقت', 'اللي', 'اجلس', 'افكر', 'فيه', 'في', 'كل', 'الاشياء', 'اللي', 'تضايقني']","['ADJ', 'NOUN', 'PART', 'V', 'V', 'PREP+PRON', 'PREP', 'NOUN', 'DET+NOUN', 'PART', 'V+PRON']",Qatar
154,155,لو انا فنانه مشهوره وجاء أحد صورني بركض وراه راوني راوني صورتي ‹ ? ? ? ? ہ,"['لو', 'انا', 'فنانه', 'مشهوره', 'وجاء', 'أحد', 'صورني', 'بركض', 'وراه', 'راوني', 'راوني', 'صورتي', '‹', '?', '?', '?', '?', 'ہ']","['PART', 'PRON', 'ADJ+NSUFF', 'ADJ+NSUFF', 'CONJ+V', 'NOUN', 'V+PRON', 'PROG_PART+V', 'NOUN+PRON', 'V+PRON', 'V+PRON', 'NOUN+NSUFF+PRON', 'PUNC', 'PUNC', 'PUNC', 'PUNC', 'PUNC', 'NSUFF']",Oman
155,156,وش الغياب اللي جبر دمعة العين غير الغياب اللي بلا ذنب وأسباب مشتاق أدري لكن أشكي إلى مين والعين تشكي دمعة بين الأهداب #أحمد_القصير,"['وش', 'الغياب', 'اللي', 'جبر', 'دمعة', 'العين', 'غير', 'الغياب', 'اللي', 'بلا', 'ذنب', 'وأسباب', 'مشتاق', 'أدري', 'لكن', 'أشكي', 'إلى', 'مين', 'والعين', 'تشكي', 'دمعة', 'بين', 'الأهداب', '#أحمد_القصير']","['PART', 'DET+NOUN', 'PART', 'V', 'NOUN+NSUFF', 'DET+NOUN', 'NOUN', 'DET+NOUN', 'PART', 'PREP+PART', 'NOUN', 'CONJ+NOUN', 'ADJ', 'V', 'CONJ', 'V+PRON', 'PREP', 'PART', 'CONJ+DET+NOUN', 'V+PRON', 'NOUN+NSUFF', 'NOUN', 'DET+NOUN', 'HASH']",Yemen
156,157,"عارف ، و فاهم ، و شايف ‹ ? › بس فن الغباء شي جميل ‹ ? › ? ""","['عارف', '،', 'و', 'فاهم', '،', 'و', 'شايف', '‹', '?', '›', 'بس', 'فن', 'الغباء', 'شي', 'جميل', '‹', '?', '›', '?', '""']","['ADJ', 'PUNC', 'CONJ', 'ADJ', 'PUNC', 'CONJ', 'ADJ', 'PUNC', 'PUNC', 'PUNC', 'PART', 'NOUN', 'DET+NOUN', 'NOUN', 'ADJ', 'PUNC', 'PUNC', 'PUNC', 'PUNC', 'PUNC']",Sudan
157,158,“ @bwiwe : #الحوت مو عاجبته الحياة الي جالس يعيشها وده يعيش الاشياء الي في باله . ” @memaz,"['“', '@bwiwe', ':', '#الحوت', 'مو', 'عاجبته', 'الحياة', 'الي', 'جالس', 'يعيشها', 'وده', 'يعيش', 'الاشياء', 'الي', 'في', 'باله', '.', '”', '@memaz']","['PUNC', 'MENTION', 'PUNC', 'HASH', 'PART', 'ADJ+NSUFF+PRON', 'DET+NOUN+NSUFF', 'PRON', 'ADJ', 'V+PRON', 'V+PRON', 'V', 'DET+NOUN', 'PRON', 'PREP', 'NOUN+PRON', 'PUNC', 'PUNC', 'MENTION']",Saudi Arabia
158,159,ولد و اتمد شفايفك عشان تتصور ؟ الله على الرجولة بس ? ?,"['ولد', 'و', 'اتمد', 'شفايفك', 'عشان', 'تتصور', '؟', 'الله', 'على', 'الرجولة', 'بس', '?', '?']","['NOUN', 'CONJ', 'V', 'NOUN+PRON', 'PART', 'V', 'PUNC', 'NOUN', 'PREP', 'DET+NOUN+NSUFF', 'PART', 'PUNC', 'PUNC']",Palestine
159,160,? ? احين كل وحده تكتب راعية الرنج راعية الفتك راعية مدري شنو ليش ما تسمين عمرج ب راعية البيكاب مثلا ولا بؤ شنب ها ! ? ?,"['?', '?', 'احين', 'كل', 'وحده', 'تكتب', 'راعية', 'الرنج', 'راعية', 'الفتك', 'راعية', 'مدري', 'شنو', 'ليش', 'ما', 'تسمين', 'عمرج', 'ب', 'راعية', 'البيكاب', 'مثلا', 'ولا', 'بؤ', 'شنب', 'ها', '!', '?', '?']","['PUNC', 'PUNC', 'NOUN', 'NOUN', 'NOUN+NSUFF', 'V', 'NOUN+NSUFF', 'DET+NOUN', 'NOUN+NSUFF', 'DET+NOUN', 'NOUN+NSUFF', 'PART+V', 'PART', 'PART', 'PART', 'V+PRON', 'NOUN+PRON', 'PREP', 'NOUN+NSUFF', 'DET+NOUN', 'NOUN+CASE', 'CONJ+PART', 'NOUN', 'NOUN', 'PART', 'PUNC', 'PUNC', 'PUNC']",Qatar
160,161,لحد يقول أمر العنابي غريب توقف الدوري مب فمصلحة الوحدة الجزيرة كان يلعب مبارايات يوقفون الدوري 27 يوم عسب الأندية تلعب فاسيا,"['لحد', 'يقول', 'أمر', 'العنابي', 'غريب', 'توقف', 'الدوري', 'مب', 'فمصلحة', 'الوحدة', 'الجزيرة', 'كان', 'يلعب', 'مبارايات', 'يوقفون', 'الدوري', '27', 'يوم', 'عسب', 'الأندية', 'تلعب', 'فاسيا']","['PART+NOUN', 'V', 'NOUN', 'DET+NOUN', 'ADJ', 'NOUN', 'DET+NOUN', 'PART', 'PREP+NOUN+NSUFF', 'DET+NOUN+NSUFF', 'DET+NOUN+NSUFF', 'V', 'V', 'NOUN', 'V+PRON', 'DET+NOUN', 'NUM', 'NOUN', 'PART', 'DET+NOUN+NSUFF', 'V', 'PREP+NOUN']",Libya
161,162,يقهروني الناس اللي مسوتلهم فولو من زمان ومسوين انفولو ? ? .,"['يقهروني', 'الناس', 'اللي', 'مسوتلهم', 'فولو', 'من', 'زمان', 'ومسوين', 'انفولو', '?', '?', '.']","['V+PRON+PRON', 'DET+NOUN', 'PART', 'ADJ+NSUFF+PREP+PRON', 'NOUN', 'PREP', 'NOUN', 'CONJ+ADJ+PRON', 'NOUN', 'PUNC', 'PUNC', 'PUNC']",Egypt
162,163,ما اخاف اعيش من بعدك جروح بس اخاف احب غيرك ثم تجي ! ? ? ? ? ? ? ? ? ~,"['ما', 'اخاف', 'اعيش', 'من', 'بعدك', 'جروح', 'بس', 'اخاف', 'احب', 'غيرك', 'ثم', 'تجي', '!', '?', '?', '?', '?', '?', '?', '?', '?', '~']","['PART', 'V', 'V', 'PREP', 'NOUN+PRON', 'NOUN', 'PART', 'V', 'V', 'NOUN+PRON', 'PART', 'V', 'PUNC', 'PUNC', 'PUNC', 'PUNC', 'PUNC', 'PUNC', 'PUNC', 'PUNC', 'PUNC', 'PUNC']",Iraq
163,164,اذا شفتوني قاعده مؤدبه يعني اللي قاعده وياهم مب مرتاحه وياهم,"['اذا', 'شفتوني', 'قاعده', 'مؤدبه', 'يعني', 'اللي', 'قاعده', 'وياهم', 'مب', 'مرتاحه', 'وياهم']","['PART', 'V+PRON+PRON', 'ADJ+NSUFF', 'ADJ+NSUFF', 'V', 'PART', 'ADJ+NSUFF', 'NOUN+PRON', 'PART', 'ADJ+NSUFF', 'NOUN+PRON']",Qatar
164,165,اللون الأسود فخم ياخي مين الي كذب عليكم و قال أنه كئيب,"['اللون', 'الأسود', 'فخم', 'ياخي', 'مين', 'الي', 'كذب', 'عليكم', 'و', 'قال', 'أنه', 'كئيب']","['DET+NOUN', 'DET+ADJ', 'ADJ', 'PART+NOUN', 'PART', 'PRON', 'V', 'PREP+PRON', 'CONJ', 'V', 'PART+PRON', 'ADJ']",Algeria
165,166,لاعبي الوصل يرحم والديكم بسكم استهتار و تصوير و جلسات وناسه و عشق . . انتوا عايشين عشان الوصل وبس مو لغيره افهموا !,"['لاعبي', 'الوصل', 'يرحم', 'والديكم', 'بسكم', 'استهتار', 'و', 'تصوير', 'و', 'جلسات', 'وناسه', 'و', 'عشق', '.', '.', 'انتوا', 'عايشين', 'عشان', 'الوصل', 'وبس', 'مو', 'لغيره', 'افهموا', '!']","['NOUN+NSUFF', 'DET+NOUN', 'V', 'NOUN+NSUFF+PRON', 'PART+PRON', 'NOUN', 'CONJ', 'NOUN', 'CONJ', 'NOUN+NSUFF', 'NOUN', 'CONJ', 'NOUN', 'PUNC', 'PUNC', 'PRON+PRON', 'ADJ+PRON', 'PART', 'DET+NOUN', 'CONJ+PART', 'PART', 'PREP+NOUN+PRON', 'V+PRON', 'PUNC']",Qatar
166,167,مليت آكتبلك [ مشاعري و تشطبني . ! ياموطني ليه بحرك مشتهي إغراقي . .. ؟,"['مليت', 'آكتبلك', '[', 'مشاعري', 'و', 'تشطبني', '.', '!', 'ياموطني', 'ليه', 'بحرك', 'مشتهي', 'إغراقي', '.', '..', '؟']","['V+NSUFF+PRON', 'V+PREP+PRON', 'PUNC', 'NOUN+PRON', 'CONJ', 'V+PRON', 'PUNC', 'PUNC', 'PART+NOUN+PRON', 'PART', 'NOUN+PRON', 'ADJ', 'NOUN+PRON', 'PUNC', 'PUNC', 'PUNC']",Egypt
167,168,اشتقت لالسجن و جرائم القتل ? ? ? وهو لو تطفى عليه لمبة الحمام طلع بدون سروال ? ?,"['اشتقت', 'لالسجن', 'و', 'جرائم', 'القتل', '?', '?', '?', 'وهو', 'لو', 'تطفى', 'عليه', 'لمبة', 'الحمام', 'طلع', 'بدون', 'سروال', '?', '?']","['V+PRON', 'PREP+DET+NOUN', 'CONJ', 'NOUN', 'DET+NOUN', 'PUNC', 'PUNC', 'PUNC', 'CONJ+PRON', 'PART', 'V', 'PREP+PRON', 'NOUN+NSUFF', 'DET+NOUN', 'V', 'PREP+NOUN', 'NOUN', 'PUNC', 'PUNC']",Saudi Arabia
168,169,والنهايه سبتني ما هي طبوعه قلبك اللي كانت أشواقه شديده سبتني واذنك إلى الواشي سموعه قال لك أخبار ما هي بالأكيده,"['والنهايه', 'سبتني', 'ما', 'هي', 'طبوعه', 'قلبك', 'اللي', 'كانت', 'أشواقه', 'شديده', 'سبتني', 'واذنك', 'إلى', 'الواشي', 'سموعه', 'قال', 'لك', 'أخبار', 'ما', 'هي', 'بالأكيده']","['CONJ+DET+NOUN+NSUFF', 'V+PRON+PRON', 'PART', 'PRON', 'NOUN+PRON', 'NOUN+PRON', 'PART', 'V+PRON', 'NOUN+PRON', 'ADJ+NSUFF', 'V+PRON+PRON', 'CONJ+NOUN+PRON', 'PREP', 'DET+ADJ', 'ADJ+NSUFF', 'V', 'PREP+PRON', 'NOUN', 'PART', 'PRON', 'PREP+DET+ADJ+NSUFF']",Yemen
169,170,هذا شسمه الفونات شكلها فدرج إلماما مثل ما يقولون ? ? ؟,"['هذا', 'شسمه', 'الفونات', 'شكلها', 'فدرج', 'إلماما', 'مثل', 'ما', 'يقولون', '?', '?', '؟']","['PRON', 'PART+NOUN+PRON', 'DET+NOUN+NSUFF', 'NOUN+PRON', 'PREP+NOUN', 'DET+NOUN', 'NOUN', 'PART', 'V+PRON', 'PUNC', 'PUNC', 'PUNC']",Tunisia
170,171,ظهريه ممتعه لالجميع أنا في تركيا مدري كم الساعة عندكم ?,"['ظهريه', 'ممتعه', 'لالجميع', 'أنا', 'في', 'تركيا', 'مدري', 'كم', 'الساعة', 'عندكم', '?']","['NOUN+NSUFF', 'ADJ+NSUFF', 'PREP+DET+NOUN', 'PRON', 'PREP', 'NOUN', 'PART+V', 'PART', 'DET+NOUN+NSUFF', 'NOUN+PRON', 'PUNC']",Saudi Arabia
171,172,من الاشياء اللي مستحيل تاكلها عند الناس ? البطيخ والمنجا يبيلها جلسه خاصة أنواع الأصوآت المرعبة الاتكيت يختفي معها,"['من', 'الاشياء', 'اللي', 'مستحيل', 'تاكلها', 'عند', 'الناس', '?', 'البطيخ', 'والمنجا', 'يبيلها', 'جلسه', 'خاصة', 'أنواع', 'الأصوآت', 'المرعبة', 'الاتكيت', 'يختفي', 'معها']","['PREP', 'DET+NOUN', 'PART', 'ADJ', 'V+PRON', 'NOUN', 'DET+NOUN', 'PUNC', 'DET+NOUN', 'CONJ+DET+NOUN', 'V+PRON+PREP+PRON', 'NOUN+NSUFF', 'NOUN+NSUFF', 'NOUN', 'DET+NOUN', 'DET+ADJ+NSUFF', 'DET+NOUN', 'V', 'NOUN+PRON']",Saudi Arabia
172,173,لاتغرك البسمه وهي تنقص احساس الشوق قاسي لكن . . الفقد اقسى ، انا الحزين الجالس ب / زحمة الناس و يحاول يسولف . . معاهم و ينسى,"['لاتغرك', 'البسمه', 'وهي', 'تنقص', 'احساس', 'الشوق', 'قاسي', 'لكن', '.', '.', 'الفقد', 'اقسى', '،', 'انا', 'الحزين', 'الجالس', 'ب', '/', 'زحمة', 'الناس', 'و', 'يحاول', 'يسولف', '.', '.', 'معاهم', 'و', 'ينسى']","['PART+V+PRON', 'DET+NOUN+NSUFF', 'CONJ+PRON', 'V', 'NOUN', 'DET+NOUN', 'ADJ', 'CONJ', 'PUNC', 'PUNC', 'DET+NOUN', 'ADJ', 'PUNC', 'PRON', 'DET+ADJ', 'DET+ADJ', 'PREP', 'PUNC', 'NOUN+NSUFF', 'DET+NOUN', 'CONJ', 'V', 'V', 'PUNC', 'PUNC', 'PART+PRON', 'CONJ', 'V']",Yemen
173,174,لك الله ي اللي ترقد الليل متهني انا عيني من النوم ماهي ب شبعانه برت حالي الفرقاء ومن سبتك كني شعور اليتيم اللي فقد أخر اخوانه,"['لك', 'الله', 'ي', 'اللي', 'ترقد', 'الليل', 'متهني', 'انا', 'عيني', 'من', 'النوم', 'ماهي', 'ب', 'شبعانه', 'برت', 'حالي', 'الفرقاء', 'ومن', 'سبتك', 'كني', 'شعور', 'اليتيم', 'اللي', 'فقد', 'أخر', 'اخوانه']","['PREP+PRON', 'NOUN', 'PART', 'PART', 'V', 'DET+NOUN', 'ADJ', 'PRON', 'NOUN+PRON', 'PREP', 'DET+NOUN', 'PART+PRON', 'PREP', 'ADJ+NSUFF', 'V+PRON', 'NOUN', 'DET+NOUN', 'CONJ+PREP', 'V+PRON+PRON', 'PREP+PART+PRON', 'NOUN', 'DET+NOUN', 'PART', 'V', 'ADJ', 'NOUN+PRON']",Yemen
174,175,ادعي الله ما يخيب فيك ظني . . يا اصدق انواع المحبه و امنياتي . . قوم اخذ كل : الذي تبغاه مني . . بس لا تاخذ وجودك من حياتي . .,"['ادعي', 'الله', 'ما', 'يخيب', 'فيك', 'ظني', '.', '.', 'يا', 'اصدق', 'انواع', 'المحبه', 'و', 'امنياتي', '.', '.', 'قوم', 'اخذ', 'كل', ':', 'الذي', 'تبغاه', 'مني', '.', '.', 'بس', 'لا', 'تاخذ', 'وجودك', 'من', 'حياتي', '.', '.']","['V+PRON', 'NOUN', 'PART', 'V', 'PREP+PRON', 'NOUN+PRON', 'PUNC', 'PUNC', 'PART', 'ADJ', 'NOUN', 'DET+NOUN+NSUFF', 'CONJ', 'NOUN+NSUFF+PRON', 'PUNC', 'PUNC', 'V', 'V', 'NOUN', 'PUNC', 'PRON', 'V+PRON', 'PREP+PRON', 'PUNC', 'PUNC', 'PART', 'PART', 'V', 'NOUN+PRON', 'PREP', 'NOUN+NSUFF+PRON', 'PUNC', 'PUNC']",Saudi Arabia
175,176,والله م عاد لي نفس ارسل مثل قبل بس احس بمسؤولية تجاهكم مدري ليش ‹ ? ›,"['والله', 'م', 'عاد', 'لي', 'نفس', 'ارسل', 'مثل', 'قبل', 'بس', 'احس', 'بمسؤولية', 'تجاهكم', 'مدري', 'ليش', '‹', '?', '›']","['CONJ+NOUN', 'PART', 'V', 'PREP+PRON', 'NOUN', 'V', 'NOUN', 'NOUN', 'PART', 'V', 'PREP+NOUN+NSUFF', 'NOUN+PRON', 'PART+V', 'PART', 'PUNC', 'PUNC', 'PUNC']",Qatar
176,177,الله يرزقني ع كثر م انصدمت من ناس ذي الفتره :) .,"['الله', 'يرزقني', 'ع', 'كثر', 'م', 'انصدمت', 'من', 'ناس', 'ذي', 'الفتره', ':)', '.']","['NOUN', 'V+PRON', 'PREP', 'NOUN', 'PART', 'V+PRON', 'PREP', 'NOUN', 'PRON', 'DET+NOUN+NSUFF', 'EMOT', 'PUNC']",Oman
177,178,بيرحلون عنك ؟ اتركهم يرحلون اللي يحبك يبقى معك لو فيك ألف عله,"['بيرحلون', 'عنك', '؟', 'اتركهم', 'يرحلون', 'اللي', 'يحبك', 'يبقى', 'معك', 'لو', 'فيك', 'ألف', 'عله']","['PROG_PART+V+PRON', 'PREP+PRON', 'PUNC', 'V+PRON', 'V+PRON', 'PART', 'V+PRON', 'V', 'NOUN+PRON', 'PART', 'PREP+PRON', 'NUM', 'NOUN+NSUFF']",Oman
178,179,هات يدك داخلي زحمة حكي داخلي والله أحزان وشتات هاتها كم لي وأنا ودي ارتكي في يدينك عن تفاهة ه الحياة,"['هات', 'يدك', 'داخلي', 'زحمة', 'حكي', 'داخلي', 'والله', 'أحزان', 'وشتات', 'هاتها', 'كم', 'لي', 'وأنا', 'ودي', 'ارتكي', 'في', 'يدينك', 'عن', 'تفاهة', 'ه', 'الحياة']","['V', 'NOUN+PRON', 'NOUN+PRON', 'NOUN+NSUFF', 'NOUN', 'NOUN+PRON', 'CONJ+NOUN', 'NOUN', 'CONJ+NOUN', 'V+PRON', 'PART', 'PREP+PRON', 'CONJ+PRON', 'V+PRON', 'V', 'PREP', 'NOUN+NSUFF+PRON', 'PREP', 'NOUN+NSUFF', 'PRON', 'DET+NOUN+NSUFF']",Yemen
179,180,"لما اتذكر مواقفي وياك ابتسم ابتسامة توجع "" ياخي فاقدتك قد السما .","['لما', 'اتذكر', 'مواقفي', 'وياك', 'ابتسم', 'ابتسامة', 'توجع', '""', 'ياخي', 'فاقدتك', 'قد', 'السما', '.']","['PART', 'V', 'NOUN+PRON', 'NOUN+PRON', 'V', 'NOUN+NSUFF', 'V', 'PUNC', 'PART+NOUN', 'ADJ+NSUFF+PRON', 'NOUN', 'DET+NOUN', 'PUNC']",Iraq
180,181,في نمله تلحس كل شي قدامها ليه ؟ تقلد مايلي سايرس هههههههههههههههههههههههههههههههههههههههههههههههههههه .,"['في', 'نمله', 'تلحس', 'كل', 'شي', 'قدامها', 'ليه', '؟', 'تقلد', 'مايلي', 'سايرس', 'هههههههههههههههههههههههههههههههههههههههههههههههههههه', '.']","['PREP', 'NOUN+NSUFF', 'V', 'NOUN', 'NOUN', 'NOUN+PRON', 'PART', 'PUNC', 'V', 'NOUN', 'NOUN', 'EMOT', 'PUNC']",Libya
181,182,شكثر احبك انا ؟ قد السماء وأرضنا قد النجوم اللي بكوننا احبك أنا . @Shownzii,"['شكثر', 'احبك', 'انا', '؟', 'قد', 'السماء', 'وأرضنا', 'قد', 'النجوم', 'اللي', 'بكوننا', 'احبك', 'أنا', '.', '@Shownzii']","['PART+ADJ', 'V+PRON', 'PRON', 'PUNC', 'NOUN', 'DET+NOUN', 'CONJ+NOUN+PRON', 'NOUN', 'DET+NOUN', 'PART', 'PREP+NOUN+PRON', 'V+PRON', 'PRON', 'PUNC', 'MENTION']",Qatar
182,183,#الزواج_التقليدي : امك تروح عرس وتختار وحدة رقصها حلو ويجون اهلها يسألون عن صلاتك ! انزين و شكيرا مالتكم تصلي ? ? ؟ ! !,"['#الزواج_التقليدي', ':', 'امك', 'تروح', 'عرس', 'وتختار', 'وحدة', 'رقصها', 'حلو', 'ويجون', 'اهلها', 'يسألون', 'عن', 'صلاتك', '!', 'انزين', 'و', 'شكيرا', 'مالتكم', 'تصلي', '?', '?', '؟', '!', '!']","['HASH', 'PUNC', 'NOUN+PRON', 'V', 'NOUN', 'CONJ+V', 'NOUN+NSUFF', 'NOUN+PRON', 'ADJ', 'CONJ+V+PRON', 'NOUN+PRON', 'V+PRON', 'PREP', 'NOUN+PRON', 'PUNC', 'NOUN', 'CONJ', 'NOUN', 'NOUN+NSUFF+PRON', 'V', 'PUNC', 'PUNC', 'PUNC', 'PUNC', 'PUNC']",Qatar
183,184,عشان بكره يمكن م اكون بحياتك ؟ تذكر كيف اسعدتك وكيف حبيتك وادعي لي,"['عشان', 'بكره', 'يمكن', 'م', 'اكون', 'بحياتك', '؟', 'تذكر', 'كيف', 'اسعدتك', 'وكيف', 'حبيتك', 'وادعي', 'لي']","['PART', 'NOUN+NSUFF', 'V', 'PART', 'V', 'PREP+NOUN+NSUFF+PRON', 'PUNC', 'V', 'PART', 'V+PRON+PRON', 'CONJ+PART', 'V+PRON+PRON+PRON', 'CONJ+V', 'PREP+PRON']",Saudi Arabia
184,185,#غرد_وكأنك_المنظم خصوصيات عبدالله خط احمر احنا هنا فقط لدعم ولا تمونون عليه زياده ? ? لو المنظم الحين موجود طلعت حرتي فيه ? ?,"['#غرد_وكأنك_المنظم', 'خصوصيات', 'عبدالله', 'خط', 'احمر', 'احنا', 'هنا', 'فقط', 'لدعم', 'ولا', 'تمونون', 'عليه', 'زياده', '?', '?', 'لو', 'المنظم', 'الحين', 'موجود', 'طلعت', 'حرتي', 'فيه', '?', '?']","['HASH', 'NOUN+NSUFF', 'NOUN', 'NOUN', 'ADJ', 'PRON', 'NOUN', 'ADV', 'PREP+NOUN', 'CONJ+PART', 'V+PRON', 'PREP+PRON', 'NOUN+NSUFF', 'PUNC', 'PUNC', 'PART', 'DET+NOUN', 'NOUN', 'ADJ', 'V+PRON', 'NOUN+NSUFF+PRON', 'PREP+PRON', 'PUNC', 'PUNC']",Oman
185,186,? ? : حبي ليش حاطين صورتي ? ? : وين حاطتها ? ? : بالعرض عندج ? ? : شكو حاطين صوره ذيب ? ? : أي هذا أنا ? ? : جب لما إحط صوره خروف تكلم كفوو,"['?', '?', ':', 'حبي', 'ليش', 'حاطين', 'صورتي', '?', '?', ':', 'وين', 'حاطتها', '?', '?', ':', 'بالعرض', 'عندج', '?', '?', ':', 'شكو', 'حاطين', 'صوره', 'ذيب', '?', '?', ':', 'أي', 'هذا', 'أنا', '?', '?', ':', 'جب', 'لما', 'إحط', 'صوره', 'خروف', 'تكلم', 'كفوو']","['PUNC', 'PUNC', 'PUNC', 'NOUN+PRON', 'PART', 'ADJ+PRON', 'NOUN+NSUFF+PRON', 'PUNC', 'PUNC', 'PUNC', 'PART', 'ADJ+NSUFF+PRON', 'PUNC', 'PUNC', 'PUNC', 'PREP+DET+NOUN', 'NOUN+PRON', 'PUNC', 'PUNC', 'PUNC', 'PART', 'ADJ+PRON', 'NOUN+NSUFF', 'NOUN', 'PUNC', 'PUNC', 'PUNC', 'PART', 'PRON', 'PRON', 'PUNC', 'PUNC', 'PUNC', 'V', 'PART', 'V', 'NOUN+NSUFF', 'NOUN', 'V', 'ADJ']",Yemen
186,187,يعني عادي اكون قاعدة وياج وابتسم لج واسوي روحي فاهمة وانا ولا ادري عن هوا دارج . .,"['يعني', 'عادي', 'اكون', 'قاعدة', 'وياج', 'وابتسم', 'لج', 'واسوي', 'روحي', 'فاهمة', 'وانا', 'ولا', 'ادري', 'عن', 'هوا', 'دارج', '.', '.']","['V', 'ADJ', 'V', 'ADJ+NSUFF', 'NOUN+PRON', 'CONJ+V', 'PREP+PRON', 'CONJ+V', 'NOUN+PRON', 'ADJ+NSUFF', 'CONJ+PRON', 'CONJ+PART', 'V', 'PREP', 'NOUN', 'NOUN+PRON', 'PUNC', 'PUNC']",Qatar
187,188,الله يرزقني بالشخص اللي اذا مت يدعي لي بكل صلاه . . ? ?,"['الله', 'يرزقني', 'بالشخص', 'اللي', 'اذا', 'مت', 'يدعي', 'لي', 'بكل', 'صلاه', '.', '.', '?', '?']","['NOUN', 'V+PRON', 'PREP+DET+NOUN', 'PART', 'PART', 'V', 'V', 'PREP+PRON', 'PREP+NOUN', 'NOUN+NSUFF', 'PUNC', 'PUNC', 'PUNC', 'PUNC']",Yemen
188,189,عانقني الحزن و أسدل عقبي ستاره . . ليته يشوف الحزن وشلون كبرني,"['عانقني', 'الحزن', 'و', 'أسدل', 'عقبي', 'ستاره', '.', '.', 'ليته', 'يشوف', 'الحزن', 'وشلون', 'كبرني']","['V+PRON', 'DET+NOUN', 'CONJ', 'V', 'NOUN+PRON', 'NOUN+NSUFF', 'PUNC', 'PUNC', 'PART+PRON', 'V', 'DET+NOUN', 'PART', 'V+PRON']",Yemen
189,190,خذ راحتك دام هجراني يزيدگ عمر ماهوب انا اللي يسبب ضيق نفسيتك ما دام غصن المحبه مايجي له ثمر ما عاد تفرق معي روحتگ من جيتك,"['خذ', 'راحتك', 'دام', 'هجراني', 'يزيدگ', 'عمر', 'ماهوب', 'انا', 'اللي', 'يسبب', 'ضيق', 'نفسيتك', 'ما', 'دام', 'غصن', 'المحبه', 'مايجي', 'له', 'ثمر', 'ما', 'عاد', 'تفرق', 'معي', 'روحتگ', 'من', 'جيتك']","['V', 'NOUN+NSUFF+PRON', 'V', 'NOUN+PRON', 'V+PRON', 'NOUN', 'PART+PRON+PREP', 'PRON', 'PART', 'V', 'NOUN', 'NOUN+NSUFF+PRON', 'PART', 'V', 'NOUN', 'DET+NOUN+NSUFF', 'PART+V', 'PREP+PRON', 'NOUN', 'PART', 'V', 'V', 'NOUN+PRON', 'NOUN+NSUFF+PRON', 'PREP', 'NOUN+NSUFF+PRON']",Yemen
190,191,"صح إن الفلوس م تشتري السعادة ? ? بس تقعد بشواطئ المالديف وإنت زعلان أحسن من انك تقعد بالحاره وجنبك كيبل كهرب مكتوب عليه ادري بك تخون ? ? ""","['صح', 'إن', 'الفلوس', 'م', 'تشتري', 'السعادة', '?', '?', 'بس', 'تقعد', 'بشواطئ', 'المالديف', 'وإنت', 'زعلان', 'أحسن', 'من', 'انك', 'تقعد', 'بالحاره', 'وجنبك', 'كيبل', 'كهرب', 'مكتوب', 'عليه', 'ادري', 'بك', 'تخون', '?', '?', '""']","['NOUN', 'PART', 'DET+NOUN', 'PART', 'V', 'DET+NOUN+NSUFF', 'PUNC', 'PUNC', 'PART', 'V', 'PREP+NOUN', 'DET+NOUN', 'CONJ+PRON', 'ADJ', 'ADJ', 'PREP', 'PART+PRON', 'V', 'PREP+DET+NOUN', 'CONJ+NOUN+PRON', 'NOUN', 'NOUN', 'ADJ', 'PREP+PRON', 'V', 'PREP+PRON', 'V', 'PUNC', 'PUNC', 'PUNC']",Yemen
191,192,شكلها بيرفكت :( حسبي الله على الجاكيت و السكيني حرمونا من طلاتك هذي :( ? ? http://t.co/HQwKmaZv04,"['شكلها', 'بيرفكت', ':(', 'حسبي', 'الله', 'على', 'الجاكيت', 'و', 'السكيني', 'حرمونا', 'من', 'طلاتك', 'هذي', ':(', '?', '?', 'http://t.co/HQwKmaZv04']","['NOUN+PRON', 'ADJ', 'EMOT', 'NOUN+PRON', 'NOUN', 'PREP', 'DET+NOUN', 'PRON', 'DET+NOUN', 'V+PRON+PRON', 'PREP', 'NOUN+NSUFF+PRON', 'PRON', 'EMOT', 'PUNC', 'PUNC', 'URL']",Saudi Arabia
192,193,الظاهر انا الوحيد اللي ماعندي احد اهتم فيه ? ? ? ? ؟,"['الظاهر', 'انا', 'الوحيد', 'اللي', 'ماعندي', 'احد', 'اهتم', 'فيه', '?', '?', '?', '?', '؟']","['DET+ADJ', 'PRON', 'DET+ADJ', 'PART', 'PART+NOUN+PRON', 'NOUN', 'V', 'PREP+PRON', 'PUNC', 'PUNC', 'PUNC', 'PUNC', 'PUNC']",Qatar
193,194,اللي اخترع الأتكيت كان جالس على الأكل وهو شبعان ? ?,"['اللي', 'اخترع', 'الأتكيت', 'كان', 'جالس', 'على', 'الأكل', 'وهو', 'شبعان', '?', '?']","['PART', 'V', 'DET+NOUN', 'V', 'ADJ', 'PREP', 'DET+NOUN', 'CONJ+PRON', 'ADJ', 'PUNC', 'PUNC']",Jordan
194,195,أكثر حاجه ممكن تريح ضميري إن الل ہ دايما عارف نيتي,"['أكثر', 'حاجه', 'ممكن', 'تريح', 'ضميري', 'إن', 'الل', 'ہ', 'دايما', 'عارف', 'نيتي']","['ADJ', 'NOUN+NSUFF', 'ADJ', 'V', 'NOUN+PRON', 'PART', 'NOUN', 'NSUFF', 'ADJ+CASE', 'ADJ', 'NOUN+NSUFF+PRON']",Egypt
195,196,مدري هو يحبني ولا يبي ينسى حبه الأولي,"['مدري', 'هو', 'يحبني', 'ولا', 'يبي', 'ينسى', 'حبه', 'الأولي']","['PART+V', 'PRON', 'V+PRON', 'CONJ+PART', 'V', 'V', 'NOUN+PRON', 'DET+ADJ']",Saudi Arabia
196,197,مهما ضحكت وانبسطت يبقى داخلي شعور اللي فاقد له صديق بشكل يوجع ?,"['مهما', 'ضحكت', 'وانبسطت', 'يبقى', 'داخلي', 'شعور', 'اللي', 'فاقد', 'له', 'صديق', 'بشكل', 'يوجع', '?']","['PART', 'V+PRON', 'CONJ+V+PRON', 'V', 'NOUN+PRON', 'NOUN', 'PART', 'ADJ', 'PREP+PRON', 'NOUN', 'PREP+NOUN', 'V', 'PUNC']",Saudi Arabia
197,198,مافيه احدن ، بها الدنيا بلا قصه وكلن على قصته مهموم ومسافر [ ? ? ? ? ? ? ? ? ? ? مع كل قصه جديده تنولد غصه ومع كل غصه جديده ، ينولد شاعر,"['مافيه', 'احدن', '،', 'بها', 'الدنيا', 'بلا', 'قصه', 'وكلن', 'على', 'قصته', 'مهموم', 'ومسافر', '[', '?', '?', '?', '?', '?', '?', '?', '?', '?', '?', 'مع', 'كل', 'قصه', 'جديده', 'تنولد', 'غصه', 'ومع', 'كل', 'غصه', 'جديده', '،', 'ينولد', 'شاعر']","['PART+PREP+NSUFF', 'NOUN+NSUFF', 'PUNC', 'PREP+PRON', 'DET+NOUN', 'PREP+PART', 'NOUN+NSUFF', 'CONJ+NOUN+NSUFF', 'PREP', 'NOUN+NSUFF+NSUFF', 'ADJ', 'CONJ+ADJ', 'PUNC', 'PUNC', 'PUNC', 'PUNC', 'PUNC', 'PUNC', 'PUNC', 'PUNC', 'PUNC', 'PUNC', 'PUNC', 'NOUN', 'NOUN', 'NOUN+NSUFF', 'ADJ+NSUFF', 'V', 'NOUN+NSUFF', 'CONJ+NOUN', 'NOUN', 'NOUN+NSUFF', 'ADJ+NSUFF', 'PUNC', 'V', 'NOUN']",Yemen
198,199,جدا حزين . . وممتلي صدره حكي … لالراحلين . . يشهق انفاسه بذكرى . . و يزفر انفاسه حنين ! الله يعين . . #iglt,"['جدا', 'حزين', '.', '.', 'وممتلي', 'صدره', 'حكي', '…', 'لالراحلين', '.', '.', 'يشهق', 'انفاسه', 'بذكرى', '.', '.', 'و', 'يزفر', 'انفاسه', 'حنين', '!', 'الله', 'يعين', '.', '.', '#iglt']","['NOUN+CASE', 'ADJ', 'PUNC', 'PUNC', 'CONJ+ADJ', 'NOUN+PRON', 'NOUN', 'PUNC', 'PREP+DET+ADJ+PRON', 'PUNC', 'PUNC', 'V', 'NOUN+PRON', 'PREP+NOUN', 'PUNC', 'PUNC', 'CONJ', 'V', 'NOUN+PRON', 'NOUN', 'PUNC', 'NOUN', 'V', 'PUNC', 'PUNC', 'HASH']",Saudi Arabia
199,200,@sh3err_1 حدتني وجيت اداري دمعة عيوني باين علي التلفزيون والضيق وانتاجه ، ، منهار لوني متغير ماهو بلوني,"['@sh3err_1', 'حدتني', 'وجيت', 'اداري', 'دمعة', 'عيوني', 'باين', 'علي', 'التلفزيون', 'والضيق', 'وانتاجه', '،', '،', 'منهار', 'لوني', 'متغير', 'ماهو', 'بلوني']","['MENTION', 'V+PRON+PRON', 'CONJ+V', 'V', 'NOUN+NSUFF', 'NOUN+PRON', 'ADJ', 'PREP', 'DET+NOUN', 'CONJ+DET+NOUN', 'CONJ+NOUN+PRON', 'PUNC', 'PUNC', 'ADJ', 'NOUN+PRON', 'ADJ', 'PART+PRON', 'PREP+NOUN+PRON']",Yemen
200,201,صباح / الانجليزي صباح اللي بقى فيني . . من آثار السهر ل الشمس ! صباح آمالي البارح . . تجيني من عيونك همس . . !,"['صباح', '/', 'الانجليزي', 'صباح', 'اللي', 'بقى', 'فيني', '.', '.', 'من', 'آثار', 'السهر', 'ل', 'الشمس', '!', 'صباح', 'آمالي', 'البارح', '.', '.', 'تجيني', 'من', 'عيونك', 'همس', '.', '.', '!']","['NOUN', 'PUNC', 'DET+NOUN', 'NOUN', 'PART', 'V', 'PREP+PRON', 'PUNC', 'PUNC', 'PREP', 'NOUN', 'DET+NOUN', 'PREP', 'DET+NOUN', 'PUNC', 'NOUN', 'NOUN+PRON', 'DET+NOUN', 'PUNC', 'PUNC', 'V+PRON', 'PREP', 'NOUN+PRON', 'NOUN', 'PUNC', 'PUNC', 'PUNC']",Yemen
201,202,ابي ابدل المكيف اللي في غرفتي و ابي احط هاي المكيف القديم اللي يطلع صوت و تتحكم فيه بالدائره ، والله يحلي الرقده ? ? ? ?,"['ابي', 'ابدل', 'المكيف', 'اللي', 'في', 'غرفتي', 'و', 'ابي', 'احط', 'هاي', 'المكيف', 'القديم', 'اللي', 'يطلع', 'صوت', 'و', 'تتحكم', 'فيه', 'بالدائره', '،', 'والله', 'يحلي', 'الرقده', '?', '?', '?', '?']","['V', 'V', 'DET+NOUN', 'PART', 'PREP', 'NOUN+NSUFF+PRON', 'CONJ', 'V', 'V', 'PRON', 'DET+NOUN', 'DET+ADJ', 'PART', 'V', 'NOUN', 'CONJ', 'V', 'PREP+PRON', 'PREP+DET+NOUN+NSUFF', 'PUNC', 'CONJ+NOUN', 'V+PRON', 'DET+NOUN+NSUFF', 'PUNC', 'PUNC', 'PUNC', 'PUNC']",Oman
202,203,كل ماتخسر شي تاكد انه ربك بيعوضك ب الي احسن منه ? ? ? .,"['كل', 'ماتخسر', 'شي', 'تاكد', 'انه', 'ربك', 'بيعوضك', 'ب', 'الي', 'احسن', 'منه', '?', '?', '?', '.']","['NOUN', 'PART+V', 'NOUN', 'V', 'PART+NSUFF', 'NOUN+PRON', 'PROG_PART+V+PRON', 'PREP', 'PRON', 'ADJ', 'PREP+PRON', 'PUNC', 'PUNC', 'PUNC', 'PUNC']",Qatar
203,204,ابي اضيع نعالي عشان انأم عندكم ! #راحو الطيبين ?,"['ابي', 'اضيع', 'نعالي', 'عشان', 'انأم', 'عندكم', '!', '#راحو', 'الطيبين', '?']","['V', 'V', 'NOUN+PRON', 'PART', 'V', 'NOUN+PRON', 'PUNC', 'HASH', 'DET+NOUN+PRON', 'PUNC']",Qatar
204,205,اخوي اذا قال يلا بطلعج مايمديني اقفل باب الغرفه الا اسمع صوت الهران,"['اخوي', 'اذا', 'قال', 'يلا', 'بطلعج', 'مايمديني', 'اقفل', 'باب', 'الغرفه', 'الا', 'اسمع', 'صوت', 'الهران']","['NOUN+PRON', 'PART', 'V', 'NOUN', 'PROG_PART+V+PRON', 'PART+V+PRON', 'V', 'NOUN', 'DET+NOUN+NSUFF', 'PART', 'V', 'NOUN', 'DET+NOUN']",Oman
205,206,""" @iAlMarri _ : احب اكون المستثنى دايما ، احب الاشخاص اللي يستثنوني من قوانينهم اللي بتمشي على الكل ، ما احب اكون من ضمن الكل ابدا . ""","['""', '@iAlMarri', '_', ':', 'احب', 'اكون', 'المستثنى', 'دايما', '،', 'احب', 'الاشخاص', 'اللي', 'يستثنوني', 'من', 'قوانينهم', 'اللي', 'بتمشي', 'على', 'الكل', '،', 'ما', 'احب', 'اكون', 'من', 'ضمن', 'الكل', 'ابدا', '.', '""']","['PUNC', 'MENTION', 'PUNC', 'PUNC', 'V', 'V', 'DET+ADJ', 'ADJ+CASE', 'PUNC', 'V', 'DET+NOUN', 'PART', 'V+PRON+PRON', 'PREP', 'NOUN+PRON', 'PART', 'PROG_PART+V', 'PREP', 'DET+NOUN', 'PUNC', 'PART', 'V', 'V', 'PREP', 'NOUN', 'DET+NOUN', 'NOUN+CASE', 'PUNC', 'PUNC']",Qatar
206,207,مساي ؟ انتي يااللي طيوفك بالحب تداعبني ? ? . @contessa_7,"['مساي', '؟', 'انتي', 'يااللي', 'طيوفك', 'بالحب', 'تداعبني', '?', '?', '.', '@contessa_7']","['NOUN+PRON', 'PUNC', 'PRON+NSUFF', 'PART+PART', 'NOUN+PRON', 'PREP+DET+NOUN', 'V+PRON', 'PUNC', 'PUNC', 'PUNC', 'MENTION']",Syria
207,208,ما خلقت الضيقه على شان صدري واكيد عند الي خلقها . .. فرجها يارب . .. ما غيرك بالاحوال يدري سهل اموري لو تزايد حرجها,"['ما', 'خلقت', 'الضيقه', 'على', 'شان', 'صدري', 'واكيد', 'عند', 'الي', 'خلقها', '.', '..', 'فرجها', 'يارب', '.', '..', 'ما', 'غيرك', 'بالاحوال', 'يدري', 'سهل', 'اموري', 'لو', 'تزايد', 'حرجها']","['PART', 'V+PRON', 'DET+NOUN+NSUFF', 'PREP', 'NOUN', 'NOUN+PRON', 'CONJ+ADJ', 'NOUN', 'PRON', 'V+PRON', 'PUNC', 'PUNC', 'NOUN+PRON', 'PART+NOUN', 'PUNC', 'PUNC', 'PART', 'NOUN+PRON', 'PREP+DET+NOUN', 'V', 'V', 'NOUN+PRON', 'PART', 'V', 'NOUN+PRON']",Yemen
208,209,ترا كلش مو كشخه اذا جسمت ونفست ومشيت مشية البطه اللي مالها خلق شكلك جنك وحده متنسيه على ريلها #بس_اقول,"['ترا', 'كلش', 'مو', 'كشخه', 'اذا', 'جسمت', 'ونفست', 'ومشيت', 'مشية', 'البطه', 'اللي', 'مالها', 'خلق', 'شكلك', 'جنك', 'وحده', 'متنسيه', 'على', 'ريلها', '#بس_اقول']","['PART', 'NOUN', 'PART', 'NOUN+NSUFF', 'PART', 'V+PRON', 'CONJ+V+PRON', 'CONJ+V+PRON', 'NOUN+NSUFF', 'DET+NOUN+NSUFF', 'PART', 'PART+PREP+PRON', 'NOUN', 'NOUN+PRON', 'PREP+PART+PRON', 'NOUN+PRON', 'ADJ+NSUFF', 'PREP', 'NOUN+PRON', 'HASH']",Iraq
209,210,عط حنانك لغيري لا تسأل عن عنايا . . . . خل ذكراك ليا وانتوا لا تذكروني ياقمر وين نورك غاب واظلم سمايا ليه سود الليالي تحول دونك ودوني,"['عط', 'حنانك', 'لغيري', 'لا', 'تسأل', 'عن', 'عنايا', '.', '.', '.', '.', 'خل', 'ذكراك', 'ليا', 'وانتوا', 'لا', 'تذكروني', 'ياقمر', 'وين', 'نورك', 'غاب', 'واظلم', 'سمايا', 'ليه', 'سود', 'الليالي', 'تحول', 'دونك', 'ودوني']","['V', 'NOUN+PRON', 'PREP+NOUN+PRON', 'PART', 'V', 'PREP', 'NOUN+PRON', 'PUNC', 'PUNC', 'PUNC', 'PUNC', 'V', 'NOUN+PRON', 'PREP+PRON', 'CONJ+PRON+PRON', 'PART', 'V+PRON+PRON', 'PART+NOUN', 'PART', 'NOUN+PRON', 'V', 'CONJ+V', 'NOUN+PRON', 'PART', 'ADJ', 'DET+NOUN', 'V', 'NOUN+PRON', 'CONJ+NOUN+PRON']",Yemen
210,211,لا جيت أبا أدله عن زماني الذي راح قالت ليالي الشوق ، ، وين أنت غادي !,"['لا', 'جيت', 'أبا', 'أدله', 'عن', 'زماني', 'الذي', 'راح', 'قالت', 'ليالي', 'الشوق', '،', '،', 'وين', 'أنت', 'غادي', '!']","['PART', 'V', 'V', 'V+PRON', 'PREP', 'NOUN+PRON', 'PRON', 'V', 'V+PRON', 'NOUN', 'DET+NOUN', 'PUNC', 'PUNC', 'PART', 'PRON', 'ADJ', 'PUNC']",Yemen
211,212,صب المطر وارهى مصبه في قطر والألسنه غنت ترى في الجو غيم كن السماء تبغي تقول ب هالمطر ؟ انتي جنان الأرض ي ديرة تميم,"['صب', 'المطر', 'وارهى', 'مصبه', 'في', 'قطر', 'والألسنه', 'غنت', 'ترى', 'في', 'الجو', 'غيم', 'كن', 'السماء', 'تبغي', 'تقول', 'ب', 'هالمطر', '؟', 'انتي', 'جنان', 'الأرض', 'ي', 'ديرة', 'تميم']","['V', 'DET+NOUN', 'CONJ+V', 'NOUN+PRON', 'PREP', 'NOUN', 'CONJ+DET+NOUN', 'V+PRON', 'PART', 'PREP', 'DET+NOUN', 'NOUN', 'PART', 'DET+NOUN', 'V+PRON', 'V', 'PREP', 'PRON+DET+NOUN', 'PUNC', 'PRON+NSUFF', 'NOUN', 'DET+NOUN', 'PART', 'NOUN+NSUFF', 'NOUN']",Yemen
212,213,@Rfe3t_ALshan_QR عاد انتي استري شوي وراج حنا بتويتر مب في البيت,"['@Rfe3t_ALshan_QR', 'عاد', 'انتي', 'استري', 'شوي', 'وراج', 'حنا', 'بتويتر', 'مب', 'في', 'البيت']","['MENTION', 'V', 'PRON+NSUFF', 'V+PRON', 'ADJ', 'NOUN+PRON', 'PRON', 'PREP+NOUN', 'PART', 'PREP', 'DET+NOUN']",Qatar
213,214,يوم اسمع اغنيه وانا حاطة السماعات وجي وقاع اغني احس صوتي احلى من صوت المطرب ب مراحل بس عقب اكتشف,"['يوم', 'اسمع', 'اغنيه', 'وانا', 'حاطة', 'السماعات', 'وجي', 'وقاع', 'اغني', 'احس', 'صوتي', 'احلى', 'من', 'صوت', 'المطرب', 'ب', 'مراحل', 'بس', 'عقب', 'اكتشف']","['NOUN', 'V', 'NOUN+NSUFF', 'CONJ+PRON', 'ADJ+NSUFF', 'DET+NOUN+NSUFF', 'CONJ+ADV', 'CONJ+V', 'V', 'V', 'NOUN+PRON', 'ADJ', 'PREP', 'NOUN', 'DET+NOUN', 'PREP', 'NOUN', 'PART', 'NOUN', 'V']",Qatar
214,215,@azazzis الله يجزاك خير يابومحمد . . وتصدق اني يوميا امر من عند شارعكم واقول ( ( ياشارغ الغالي خبر عزازي عن اللي يجرالي ) ),"['@azazzis', 'الله', 'يجزاك', 'خير', 'يابومحمد', '.', '.', 'وتصدق', 'اني', 'يوميا', 'امر', 'من', 'عند', 'شارعكم', 'واقول', '(', '(', 'ياشارغ', 'الغالي', 'خبر', 'عزازي', 'عن', 'اللي', 'يجرالي', ')', ')']","['MENTION', 'NOUN', 'V+PRON', 'NOUN', 'PART+NOUN+NOUN', 'PUNC', 'PUNC', 'CONJ+V', 'PART+PRON', 'ADJ+CASE', 'V', 'PREP', 'NOUN', 'NOUN+PRON', 'CONJ+V', 'PUNC', 'PUNC', 'PART+NOUN', 'DET+ADJ', 'V', 'NOUN+PRON', 'PREP', 'PART', 'V+PREP+PRON', 'PUNC', 'PUNC']",Saudi Arabia
215,216,تويتر واتز اب ع حسك والله ياعالم خلوها بس فديته متحمل كل ذلاتي وقلبة مخي التنك الله يخليك لي سعادتي لاتوصف كلماتك بردت جمر قلبي,"['تويتر', 'واتز', 'اب', 'ع', 'حسك', 'والله', 'ياعالم', 'خلوها', 'بس', 'فديته', 'متحمل', 'كل', 'ذلاتي', 'وقلبة', 'مخي', 'التنك', 'الله', 'يخليك', 'لي', 'سعادتي', 'لاتوصف', 'كلماتك', 'بردت', 'جمر', 'قلبي']","['NOUN', 'NOUN', 'NOUN', 'PREP', 'NOUN+PRON', 'CONJ+NOUN', 'PART+NOUN', 'V+PRON+PRON', 'PART', 'V+PRON+PRON', 'ADJ', 'NOUN', 'NOUN+NSUFF+PRON', 'CONJ+NOUN+NSUFF', 'NOUN+PRON', 'DET+NOUN', 'NOUN', 'V+PRON+PRON', 'PREP+PRON', 'NOUN+NSUFF+PRON', 'PART+V', 'NOUN+NSUFF+PRON', 'NOUN+PRON', 'NOUN', 'NOUN+PRON']",Iraq
216,217,#برت هو متى راح يوقف صوب الحشيش عند هالشعب ؟,"['#برت', 'هو', 'متى', 'راح', 'يوقف', 'صوب', 'الحشيش', 'عند', 'هالشعب', '؟']","['HASH', 'PRON', 'PART', 'FUT_PART', 'V', 'NOUN', 'DET+NOUN', 'NOUN', 'PRON+DET+NOUN', 'PUNC']",Oman
217,218,تلقائيا لما يكون عندي أحد وهو يأكل يطلع صوت ، تنسد نفسي,"['تلقائيا', 'لما', 'يكون', 'عندي', 'أحد', 'وهو', 'يأكل', 'يطلع', 'صوت', '،', 'تنسد', 'نفسي']","['ADJ+CASE', 'PART', 'V', 'NOUN+PRON', 'NOUN', 'CONJ+PRON', 'V', 'V', 'NOUN', 'PUNC', 'V', 'NOUN+PRON']",Saudi Arabia
218,219,@s_mmbs هاذي كان هوس تويتر مدري ايش غيرها :),"['@s_mmbs', 'هاذي', 'كان', 'هوس', 'تويتر', 'مدري', 'ايش', 'غيرها', ':)']","['MENTION', 'PRON', 'V', 'NOUN', 'NOUN', 'PART+V', 'PART', 'V+PRON', 'EMOT']",Yemen
219,220,@ABZayed داحل على الله ثم عليك ضاحي يهددني أنا ولدكم وعصاكم اللي ماتعصاكم السبب أني سئلتة عن سالفة قالها أنا بوجهكم http://t.co/Hm5J1cAmvG,"['@ABZayed', 'داحل', 'على', 'الله', 'ثم', 'عليك', 'ضاحي', 'يهددني', 'أنا', 'ولدكم', 'وعصاكم', 'اللي', 'ماتعصاكم', 'السبب', 'أني', 'سئلتة', 'عن', 'سالفة', 'قالها', 'أنا', 'بوجهكم', 'http://t.co/Hm5J1cAmvG']","['MENTION', 'ADJ', 'PREP', 'NOUN', 'PART', 'PREP+PRON', 'NOUN', 'V+PRON', 'PRON', 'NOUN+PRON', 'CONJ+NOUN+PRON', 'PART', 'PART+V+PRON', 'DET+NOUN', 'PART+PRON', 'V+PRON+PRON', 'PREP', 'NOUN+NSUFF', 'V+PRON', 'PRON', 'PREP+NOUN+PRON', 'URL']",Saudi Arabia
220,221,يعني ليه بنآت آلمدرسه يقولون عني مغروره مع آني مب مغروره :(,"['يعني', 'ليه', 'بنآت', 'آلمدرسه', 'يقولون', 'عني', 'مغروره', 'مع', 'آني', 'مب', 'مغروره', ':(']","['V', 'PART', 'NOUN', 'DET+NOUN+NSUFF', 'V+PRON', 'PREP+PRON', 'ADJ+NSUFF', 'NOUN', 'PART+PRON', 'PART', 'ADJ+NSUFF', 'EMOT']",Saudi Arabia
221,222,#ضاحي_خلفان_يتهم_السعوديات_بالدعارة شوفوا ردوده بالله هذي ردود واحد محترم نفسه عيييييب عليك عيب http://t.co/yp0AC01h6P,"['#ضاحي_خلفان_يتهم_السعوديات_بالدعارة', 'شوفوا', 'ردوده', 'بالله', 'هذي', 'ردود', 'واحد', 'محترم', 'نفسه', 'عيييييب', 'عليك', 'عيب', 'http://t.co/yp0AC01h6P']","['HASH', 'V+PRON', 'NOUN+PRON', 'PROG_PART+NOUN', 'PRON', 'NOUN', 'NOUN', 'ADJ', 'NOUN+PRON', 'NOUN', 'PREP+PRON', 'NOUN', 'URL']",Saudi Arabia
222,223,ياخي بعض الناس عبالهم انهم اذا رافجوني صرت ملكك له ، تراا والله العظيم احنا ربع مب ازواج ? ? .,"['ياخي', 'بعض', 'الناس', 'عبالهم', 'انهم', 'اذا', 'رافجوني', 'صرت', 'ملكك', 'له', '،', 'تراا', 'والله', 'العظيم', 'احنا', 'ربع', 'مب', 'ازواج', '?', '?', '.']","['PART+NOUN', 'NOUN', 'DET+NOUN', 'PREP+NOUN+PRON', 'PART+PRON', 'PART', 'V+PRON+PRON', 'V', 'NOUN', 'PREP+PRON', 'PUNC', 'PART', 'CONJ+NOUN', 'DET+ADJ', 'PRON', 'NOUN', 'PART', 'NOUN', 'PUNC', 'PUNC', 'PUNC']",Qatar
223,224,انت دايم فيني سارح . . لا تخبي الحب واضح,"['انت', 'دايم', 'فيني', 'سارح', '.', '.', 'لا', 'تخبي', 'الحب', 'واضح']","['PRON', 'ADJ', 'PREP+PRON', 'ADJ', 'PUNC', 'PUNC', 'PART', 'V', 'DET+NOUN', 'ADJ']",Iraq
224,225,تقول لحبيبها : حبيبي ودي آكلك ويجي العاشق الظريف يقول تاكليني ؟ بعدين ما يصير عندك أنا وتقول : يمه لا خلاص هونت رومنسيات تجيب التوحد,"['تقول', 'لحبيبها', ':', 'حبيبي', 'ودي', 'آكلك', 'ويجي', 'العاشق', 'الظريف', 'يقول', 'تاكليني', '؟', 'بعدين', 'ما', 'يصير', 'عندك', 'أنا', 'وتقول', ':', 'يمه', 'لا', 'خلاص', 'هونت', 'رومنسيات', 'تجيب', 'التوحد']","['V', 'PREP+NOUN+PRON', 'PUNC', 'NOUN+PRON', 'V+PRON', 'V+PRON', 'CONJ+V+PRON', 'DET+NOUN', 'DET+ADJ', 'V', 'V+PRON+PRON', 'PUNC', 'NOUN', 'PART', 'V', 'NOUN+PRON', 'PRON', 'CONJ+V', 'PUNC', 'NOUN', 'PART', 'NOUN', 'V+PRON', 'NOUN+NSUFF', 'V', 'DET+NOUN']",Qatar
225,226,ترى كلش مب كشخه يوم تجوفين بنت مصريه وتروحين تعيبين عليها علشان تضحكين ربعج ترى كلنا من تراب ي الكشخه ? ? ? ? ? ? .,"['ترى', 'كلش', 'مب', 'كشخه', 'يوم', 'تجوفين', 'بنت', 'مصريه', 'وتروحين', 'تعيبين', 'عليها', 'علشان', 'تضحكين', 'ربعج', 'ترى', 'كلنا', 'من', 'تراب', 'ي', 'الكشخه', '?', '?', '?', '?', '?', '?', '.']","['PART', 'NOUN', 'PART', 'NOUN+NSUFF', 'NOUN', 'V+PRON', 'NOUN', 'NOUN+NSUFF', 'CONJ+V+PRON', 'V+PRON', 'PREP+PRON', 'PART', 'V+PRON', 'NOUN+PRON', 'PART', 'NOUN+PRON', 'PREP', 'NOUN', 'PART', 'DET+NOUN+NSUFF', 'PUNC', 'PUNC', 'PUNC', 'PUNC', 'PUNC', 'PUNC', 'PUNC']",Qatar
226,227,“ @nooon_47564 : غيرك في هاي الدنيا كثر ما احب أنا ابقي اسير . .. ”,"['“', '@nooon_47564', ':', 'غيرك', 'في', 'هاي', 'الدنيا', 'كثر', 'ما', 'احب', 'أنا', 'ابقي', 'اسير', '.', '..', '”']","['PUNC', 'MENTION', 'PUNC', 'NOUN+PRON', 'PREP', 'PRON', 'DET+NOUN', 'ADJ', 'PART', 'V', 'PRON', 'V', 'V', 'PUNC', 'PUNC', 'PUNC']",Oman
227,228,تعرفين شعور اللي ودج تاخذين سعادة الدنيا وتحطينها بقلب شخص انا كذا ودي أخذ سعادةة الدنيا كلها واحطها ب قلبه #آمنتي??????.,"['تعرفين', 'شعور', 'اللي', 'ودج', 'تاخذين', 'سعادة', 'الدنيا', 'وتحطينها', 'بقلب', 'شخص', 'انا', 'كذا', 'ودي', 'أخذ', 'سعادةة', 'الدنيا', 'كلها', 'واحطها', 'ب', 'قلبه', '#آمنتي??????.']","['V+PRON', 'NOUN', 'PART', 'V+PRON', 'V+PRON', 'NOUN+NSUFF', 'DET+NOUN', 'CONJ+V+PRON+PRON', 'PREP+NOUN', 'NOUN', 'PRON', 'ADV', 'V+PRON', 'V', 'NOUN+NSUFF', 'DET+NOUN', 'NOUN+PRON', 'CONJ+V+PRON', 'PREP', 'NOUN+PRON', 'HASH']",Qatar
228,229,عادي جدا ادور شي بالدرج والقى روج واحط وانا معصبه واكمل شغلي,"['عادي', 'جدا', 'ادور', 'شي', 'بالدرج', 'والقى', 'روج', 'واحط', 'وانا', 'معصبه', 'واكمل', 'شغلي']","['ADJ', 'NOUN+CASE', 'V', 'NOUN', 'PREP+DET+NOUN', 'CONJ+V', 'NOUN', 'CONJ+V', 'CONJ+PRON', 'ADJ+NSUFF', 'CONJ+V', 'NOUN+PRON']",Oman
229,230,"^ لا صرت واثق لا يهمونك كثير ، اعرف إن الحقران لالمخطي دوا ! دام الكبير ب نضرتك يبقى كبير ، عمر الجبل ما حرك ركونه هوا ? ""","['^', 'لا', 'صرت', 'واثق', 'لا', 'يهمونك', 'كثير', '،', 'اعرف', 'إن', 'الحقران', 'لالمخطي', 'دوا', '!', 'دام', 'الكبير', 'ب', 'نضرتك', 'يبقى', 'كبير', '،', 'عمر', 'الجبل', 'ما', 'حرك', 'ركونه', 'هوا', '?', '""']","['PUNC', 'PART', 'V', 'ADJ', 'PART', 'V+PRON+PRON', 'ADJ', 'PUNC', 'V', 'PART', 'DET+NOUN', 'PREP+DET+ADJ', 'NOUN', 'PUNC', 'V', 'DET+ADJ', 'PREP', 'NOUN+NSUFF+PRON', 'V', 'ADJ', 'PUNC', 'NOUN', 'DET+NOUN', 'PART', 'V', 'NOUN+PRON', 'NOUN', 'PUNC', 'PUNC']",Yemen
230,231,@alhajrimeshal انا متاكده اجابتي غلط لكن ممحوق السرحه اللي سرح بالحلال وضيعه ؟ ؟ واذاغلط شنهي الاجابه,"['@alhajrimeshal', 'انا', 'متاكده', 'اجابتي', 'غلط', 'لكن', 'ممحوق', 'السرحه', 'اللي', 'سرح', 'بالحلال', 'وضيعه', '؟', '؟', 'واذاغلط', 'شنهي', 'الاجابه']","['MENTION', 'PRON', 'ADJ+NSUFF', 'NOUN+NSUFF+PRON', 'NOUN', 'CONJ', 'ADJ', 'DET+NOUN+NSUFF', 'PART', 'V', 'PREP+DET+NOUN', 'CONJ+V+PRON', 'PUNC', 'PUNC', 'CONJ+PART+NOUN', 'PART', 'DET+NOUN+NSUFF']",Yemen
231,232,: شويه ان قلت احتاجك شويه ان قلت اشتاقك وشويه ان قلت انا كلي لك,"[':', 'شويه', 'ان', 'قلت', 'احتاجك', 'شويه', 'ان', 'قلت', 'اشتاقك', 'وشويه', 'ان', 'قلت', 'انا', 'كلي', 'لك']","['PUNC', 'ADJ+NSUFF', 'PART', 'V+PRON', 'V+PRON', 'ADJ+NSUFF', 'PART', 'V+PRON', 'V+PRON', 'CONJ+ADJ+NSUFF', 'PART', 'V+PRON', 'PRON', 'NOUN+PRON', 'PREP+PRON']",Yemen
232,233,اعتذر واللي لك ان عذرك يمشا ما يدقق ب العذر بين ؟ الولايف . #رايف_العتيبي,"['اعتذر', 'واللي', 'لك', 'ان', 'عذرك', 'يمشا', 'ما', 'يدقق', 'ب', 'العذر', 'بين', '؟', 'الولايف', '.', '#رايف_العتيبي']","['V', 'CONJ+PART', 'PREP+PRON', 'PART', 'NOUN+PRON', 'V', 'PART', 'V', 'PREP', 'DET+NOUN', 'NOUN', 'PUNC', 'DET+NOUN', 'PUNC', 'HASH']",Yemen
233,234,مرات لما اطبطب على الناس واوقف معاهم وقت ضعفهم يجيني شعور ” انتي محتاجة ذا الكلام مش هما ” يارب انت عارف اللي جواتي انت قادر تقويني يا الله . ..,"['مرات', 'لما', 'اطبطب', 'على', 'الناس', 'واوقف', 'معاهم', 'وقت', 'ضعفهم', 'يجيني', 'شعور', '”', 'انتي', 'محتاجة', 'ذا', 'الكلام', 'مش', 'هما', '”', 'يارب', 'انت', 'عارف', 'اللي', 'جواتي', 'انت', 'قادر', 'تقويني', 'يا', 'الله', '.', '..']","['NOUN+NSUFF', 'PART', 'V', 'PREP', 'DET+NOUN', 'CONJ+V', 'PART+PRON', 'NOUN', 'NOUN+PRON', 'V+PRON', 'NOUN', 'PUNC', 'PRON+NSUFF', 'ADJ+NSUFF', 'PRON', 'DET+NOUN', 'PART', 'PRON', 'PUNC', 'PART+NOUN', 'PRON', 'ADJ', 'PART', 'NOUN+PRON', 'PRON', 'ADJ', 'V+PRON', 'PART', 'NOUN', 'PUNC', 'PUNC']",Saudi Arabia
234,235,انا الوحيده اللي ماشم ريحه غاز ولا في حد نفسي,"['انا', 'الوحيده', 'اللي', 'ماشم', 'ريحه', 'غاز', 'ولا', 'في', 'حد', 'نفسي']","['PRON', 'DET+ADJ+PRON', 'PART', 'PART+V', 'NOUN+NSUFF', 'NOUN', 'CONJ+PART', 'PREP', 'NOUN', 'NOUN+PRON']",Oman
235,236,لالطيب مشراف صعيب المراقيب ورجمه ذعاذيع الهباايب تهبه يسهل على اللى حاضر بالمواجيب ويصعب على ابن اللاش يرقا مذبه,"['لالطيب', 'مشراف', 'صعيب', 'المراقيب', 'ورجمه', 'ذعاذيع', 'الهباايب', 'تهبه', 'يسهل', 'على', 'اللى', 'حاضر', 'بالمواجيب', 'ويصعب', 'على', 'ابن', 'اللاش', 'يرقا', 'مذبه']","['PREP+DET+NOUN', 'NOUN', 'ADJ', 'DET+NOUN', 'CONJ+NOUN+PRON', 'NOUN', 'DET+NOUN', 'V+PRON', 'V', 'PREP', 'PRON', 'ADJ', 'PREP+DET+NOUN', 'CONJ+V', 'PREP', 'NOUN', 'DET+NOUN', 'V', 'NOUN+NSUFF']",Yemen
236,237,ساكت لاني مقتنع في سكوتي لان الحكي ماا يوم رد الذي راح واللي كتب رزقي وحظي وموتي قادر يعوضني عن الحزن بأفراح,"['ساكت', 'لاني', 'مقتنع', 'في', 'سكوتي', 'لان', 'الحكي', 'ماا', 'يوم', 'رد', 'الذي', 'راح', 'واللي', 'كتب', 'رزقي', 'وحظي', 'وموتي', 'قادر', 'يعوضني', 'عن', 'الحزن', 'بأفراح']","['ADJ', 'PREP+PART+PRON', 'ADJ', 'PREP', 'NOUN+PRON', 'PREP+PART', 'DET+NOUN', 'PART', 'NOUN', 'V', 'PRON', 'V', 'CONJ+PART', 'V', 'NOUN+PRON', 'CONJ+NOUN+PRON', 'CONJ+NOUN+PRON', 'ADJ', 'V+PRON', 'PREP', 'DET+NOUN', 'PREP+NOUN']",Yemen
237,238,لعن بو صوته ومزحه وضحكاته كل ماتمادى شوية يتل قلبي من اقصاه ? ?,"['لعن', 'بو', 'صوته', 'ومزحه', 'وضحكاته', 'كل', 'ماتمادى', 'شوية', 'يتل', 'قلبي', 'من', 'اقصاه', '?', '?']","['V', 'NOUN', 'NOUN+PRON', 'PRON+NOUN+PRON', 'CONJ+NOUN+NSUFF+PRON', 'NOUN', 'PART+V', 'ADJ+NSUFF', 'V', 'NOUN+PRON', 'PREP', 'NOUN+PRON', 'PUNC', 'PUNC']",Tunisia
238,239,“ @HayaALshammri9 : من عيوبك آعشقك و آعشق خطاك يا زين زلاتك و يا زين طبعك ، لا يهمك وش يقولوا من ورآك ! انا لك و انا اهلك و انا ربعك ? ”,"['“', '@HayaALshammri9', ':', 'من', 'عيوبك', 'آعشقك', 'و', 'آعشق', 'خطاك', 'يا', 'زين', 'زلاتك', 'و', 'يا', 'زين', 'طبعك', '،', 'لا', 'يهمك', 'وش', 'يقولوا', 'من', 'ورآك', '!', 'انا', 'لك', 'و', 'انا', 'اهلك', 'و', 'انا', 'ربعك', '?', '”']","['PUNC', 'MENTION', 'PUNC', 'PREP', 'NOUN+PRON', 'V+PRON', 'CONJ', 'V', 'NOUN+PRON', 'PART', 'ADJ', 'NOUN+NSUFF+PRON', 'CONJ', 'PART', 'ADJ', 'NOUN+PRON', 'PUNC', 'PART', 'V+PRON', 'PART', 'V+PRON', 'PREP', 'NOUN+PRON', 'PUNC', 'PRON', 'PREP+PRON', 'CONJ', 'PRON', 'NOUN+PRON', 'CONJ', 'PRON', 'NOUN+PRON', 'PUNC', 'PUNC']",Yemen
239,240,جاء يعتذر عن جرحه اللي قتلني وحزن الوداع ب صوته له عناوين قال ب تنسى قلت م هو ب ضني والجرح مصدر ذكريات المحبين,"['جاء', 'يعتذر', 'عن', 'جرحه', 'اللي', 'قتلني', 'وحزن', 'الوداع', 'ب', 'صوته', 'له', 'عناوين', 'قال', 'ب', 'تنسى', 'قلت', 'م', 'هو', 'ب', 'ضني', 'والجرح', 'مصدر', 'ذكريات', 'المحبين']","['V', 'V', 'PREP', 'NOUN+NSUFF', 'PART', 'V+PRON', 'CONJ+NOUN', 'DET+NOUN', 'PREP', 'NOUN+PRON', 'PREP+PRON', 'NOUN', 'V', 'PROG_PART', 'V', 'V+PRON', 'PART', 'PRON', 'PREP', 'NOUN', 'CONJ+DET+NOUN', 'NOUN', 'NOUN+NSUFF', 'DET+NOUN+PRON']",Yemen
240,241,"الفتره ذي بالذات احتاج شخص كل ما يشوفني يضمني "" ? ~ o ) . زي الحب يعني ):","['الفتره', 'ذي', 'بالذات', 'احتاج', 'شخص', 'كل', 'ما', 'يشوفني', 'يضمني', '""', '?', '~', 'o', ')', '.', 'زي', 'الحب', 'يعني', '):']","['DET+NOUN+NSUFF', 'PRON', 'PREP+DET+NOUN', 'V', 'NOUN', 'NOUN', 'PART', 'V+PRON', 'V+PRON', 'PUNC', 'PUNC', 'PUNC', 'PUNC', 'PUNC', 'PUNC', 'NOUN', 'DET+NOUN', 'V', 'EMOT']",Yemen
241,242,يانفس لا ضقتي من افراق غاليك تجبري باللھ عسى اللھ يعينك اللي يبيك بصدق بيروح ويجيك واللي رحل ماھو يھم ھ ونينك,"['يانفس', 'لا', 'ضقتي', 'من', 'افراق', 'غاليك', 'تجبري', 'باللھ', 'عسى', 'اللھ', 'يعينك', 'اللي', 'يبيك', 'بصدق', 'بيروح', 'ويجيك', 'واللي', 'رحل', 'ماھو', 'يھم', 'ھ', 'ونينك']","['PART+NOUN', 'PART', 'V+PRON', 'PREP', 'NOUN', 'ADJ+PRON', 'V+PRON', 'PREP+NOUN', 'ADV', 'NOUN', 'V+PRON', 'PART', 'V+PRON', 'PREP+NOUN', 'PROG_PART+V', 'CONJ+V+PRON', 'CONJ+PART', 'V', 'PART+PRON', 'V', 'PRON', 'NOUN+PRON']",Yemen
242,243,@hadeir_l على راسي انتو والله والله لا يحرمنا منكم يا اغلى ناس #فانز_يارا,"['@hadeir_l', 'على', 'راسي', 'انتو', 'والله', 'والله', 'لا', 'يحرمنا', 'منكم', 'يا', 'اغلى', 'ناس', '#فانز_يارا']","['MENTION', 'PREP', 'NOUN+PRON', 'PRON+PRON', 'CONJ+NOUN', 'CONJ+NOUN', 'PART', 'V+PRON', 'PREP+PRON', 'PART', 'ADJ', 'NOUN', 'HASH']",Oman
243,244,انه ان راحت احلامي ولا مال وحچي العدل عندي ولامال شلت دنياي وحدي ولامال وحچي الباطل شوف اشعمل بيه,"['انه', 'ان', 'راحت', 'احلامي', 'ولا', 'مال', 'وحچي', 'العدل', 'عندي', 'ولامال', 'شلت', 'دنياي', 'وحدي', 'ولامال', 'وحچي', 'الباطل', 'شوف', 'اشعمل', 'بيه']","['PRON', 'PART', 'V', 'NOUN+PRON', 'CONJ+PART', 'NOUN', 'CONJ+NOUN', 'DET+NOUN', 'NOUN+PRON', 'CONJ+PART+NOUN', 'V', 'NOUN+PRON', 'NOUN+PRON', 'CONJ+PART+NOUN', 'CONJ+NOUN', 'DET+ADJ', 'V', 'PART+V', 'PREP+PRON+NSUFF']",Iraq
244,245,@il_1i انا احب العراقيين ? ? ? ? ? ? ? ? ? ? ? ? . .. على العين والرأس واللي يحقد غيران من تاريخكم واختلاف ثقافاتكم ? ? ? ? . .. أختك من السعودية ? ? ? ?,"['@il_1i', 'انا', 'احب', 'العراقيين', '?', '?', '?', '?', '?', '?', '?', '?', '?', '?', '?', '?', '.', '..', 'على', 'العين', 'والرأس', 'واللي', 'يحقد', 'غيران', 'من', 'تاريخكم', 'واختلاف', 'ثقافاتكم', '?', '?', '?', '?', '.', '..', 'أختك', 'من', 'السعودية', '?', '?', '?', '?']","['MENTION', 'PRON', 'V', 'DET+ADJ+PRON', 'PUNC', 'PUNC', 'PUNC', 'PUNC', 'PUNC', 'PUNC', 'PUNC', 'PUNC', 'PUNC', 'PUNC', 'PUNC', 'PUNC', 'PUNC', 'PUNC', 'PREP', 'DET+NOUN', 'CONJ+DET+NOUN', 'CONJ+PART', 'V', 'ADJ', 'PREP', 'NOUN+PRON', 'CONJ+NOUN', 'NOUN+NSUFF+PRON', 'PUNC', 'PUNC', 'PUNC', 'PUNC', 'PUNC', 'PUNC', 'NOUN+PRON', 'PREP', 'DET+NOUN+NSUFF', 'PUNC', 'PUNC', 'PUNC', 'PUNC']",Saudi Arabia
245,246,؛ أحد ينام وعنده اللي يضمه وأحد ينام ولا لقى من يغطيه مثل اليتيم اللي فقد ريحة أمه سهران ليله ما لقى من يراعيه ؛ #فيصل_الدهمشي #ksa,"['؛', 'أحد', 'ينام', 'وعنده', 'اللي', 'يضمه', 'وأحد', 'ينام', 'ولا', 'لقى', 'من', 'يغطيه', 'مثل', 'اليتيم', 'اللي', 'فقد', 'ريحة', 'أمه', 'سهران', 'ليله', 'ما', 'لقى', 'من', 'يراعيه', '؛', '#فيصل_الدهمشي', '#ksa']","['PUNC', 'NOUN', 'V', 'CONJ+NOUN+PRON', 'PART', 'V+PRON', 'CONJ+NOUN', 'V', 'CONJ+PART', 'V', 'PART', 'V+PRON', 'NOUN', 'DET+NOUN', 'PART', 'V', 'NOUN+NSUFF', 'NOUN+PRON', 'ADJ', 'NOUN+PRON', 'PART', 'V', 'PART', 'V+PRON', 'PUNC', 'HASH', 'HASH']",Yemen
246,247,احب الشخص اللي اسبه وضميري مرتاح ومتأكده إنه ما بيزعل مو مثل اللي بعد كل كلمه لازم أقول امزح .,"['احب', 'الشخص', 'اللي', 'اسبه', 'وضميري', 'مرتاح', 'ومتأكده', 'إنه', 'ما', 'بيزعل', 'مو', 'مثل', 'اللي', 'بعد', 'كل', 'كلمه', 'لازم', 'أقول', 'امزح', '.']","['V', 'DET+NOUN', 'PART', 'V+PRON', 'CONJ+NOUN+PRON', 'ADJ', 'CONJ+ADJ+PRON', 'PART+PRON', 'PART', 'PROG_PART+V', 'PART', 'NOUN', 'PART', 'NOUN', 'NOUN', 'NOUN+NSUFF', 'ADJ', 'V', 'V', 'PUNC']",Oman
247,248,اللي اخترع الرجيم كان جالس على العشاء وهو شبعان الله ياخده ما قدرت نام جوعانة كثير ? ?,"['اللي', 'اخترع', 'الرجيم', 'كان', 'جالس', 'على', 'العشاء', 'وهو', 'شبعان', 'الله', 'ياخده', 'ما', 'قدرت', 'نام', 'جوعانة', 'كثير', '?', '?']","['PART', 'V', 'DET+NOUN', 'V', 'ADJ', 'PREP', 'DET+NOUN', 'CONJ+PRON', 'ADJ', 'NOUN', 'V+PRON', 'PART', 'V+PRON', 'V', 'ADJ+NSUFF', 'ADJ', 'PUNC', 'PUNC']",Jordan
248,249,Keep Smile هاد اليوم العالمي لسعادة بتمنالكم دووم الضحكة ع وجوهكم والسعادة الدايمة #HappyDay #happynessday http://t.co/1ByhylYkgB,"['Keep', 'Smile', 'هاد', 'اليوم', 'العالمي', 'لسعادة', 'بتمنالكم', 'دووم', 'الضحكة', 'ع', 'وجوهكم', 'والسعادة', 'الدايمة', '#HappyDay', '#happynessday', 'http://t.co/1ByhylYkgB']","['FOREIGN', 'FOREIGN', 'PRON', 'DET+NOUN', 'DET+ADJ', 'PREP+NOUN+NSUFF', 'PROG_PART+V+PREP+PRON', 'ADJ', 'DET+NOUN+NSUFF', 'PREP', 'NOUN+PRON', 'CONJ+DET+NOUN+NSUFF', 'DET+ADJ+NSUFF', 'HASH', 'HASH', 'URL']",Syria
249,250,@Salam_Gnb الله يسلمك ما عاش الي يخليك عصبي طنش بابه طنش ولتخلي اي شي يضوجك . .,"['@Salam_Gnb', 'الله', 'يسلمك', 'ما', 'عاش', 'الي', 'يخليك', 'عصبي', 'طنش', 'بابه', 'طنش', 'ولتخلي', 'اي', 'شي', 'يضوجك', '.', '.']","['MENTION', 'NOUN', 'V+PRON', 'PART', 'V', 'PRON', 'V+PRON', 'ADJ', 'V', 'NOUN+PRON', 'V', 'CONJ+PART+V', 'PART', 'NOUN', 'V+PRON', 'PUNC', 'PUNC']",Iraq
250,251,@Nurali8678 عونك ياوطن يابو الحضارات - احضنك لو صرت كلك سجاجين اريد احجي و منهو يصدك هالخرافات - الك حبي سوالف على السلاطين,"['@Nurali8678', 'عونك', 'ياوطن', 'يابو', 'الحضارات', '-', 'احضنك', 'لو', 'صرت', 'كلك', 'سجاجين', 'اريد', 'احجي', 'و', 'منهو', 'يصدك', 'هالخرافات', '-', 'الك', 'حبي', 'سوالف', 'على', 'السلاطين']","['MENTION', 'NOUN+PRON', 'PART+NOUN', 'PART+NOUN', 'DET+NOUN+NSUFF', 'PUNC', 'V+PRON', 'PART', 'V', 'NOUN+PRON', 'NOUN', 'V', 'V', 'CONJ', 'PART', 'V+PRON', 'PRON+DET+NOUN+NSUFF', 'PUNC', 'PART+PRON', 'NOUN+PRON', 'NOUN', 'PREP', 'DET+NOUN']",Iraq
251,252,@Faisalalfadhle كفو الله اشوف الشباب همتهم عاليه بتوفيق انشالله وكلنا معاك يافيصل,"['@Faisalalfadhle', 'كفو', 'الله', 'اشوف', 'الشباب', 'همتهم', 'عاليه', 'بتوفيق', 'انشالله', 'وكلنا', 'معاك', 'يافيصل']","['MENTION', 'ADJ', 'NOUN', 'V', 'DET+NOUN', 'NOUN+NSUFF+PRON', 'ADJ+NSUFF', 'PREP+NOUN', 'PART+V+NOUN', 'CONJ+NOUN+PRON', 'PART+PRON', 'PART+NOUN']",Oman
252,253,@iraq_Mzage لا واليكتلك تكله اني حامل بيه ولد لو بنيه خخخخههههه شلون سؤال,"['@iraq_Mzage', 'لا', 'واليكتلك', 'تكله', 'اني', 'حامل', 'بيه', 'ولد', 'لو', 'بنيه', 'خخخخههههه', 'شلون', 'سؤال']","['MENTION', 'PART', 'CONJ+PRON+V', 'V+PRON', 'PART+PRON', 'ADJ', 'PREP+NSUFF', 'NOUN', 'PART', 'NOUN+NSUFF', 'EMOT', 'PART', 'NOUN']",Iraq
253,254,@aseel_o صباحي بدون شوفہ باهت ن نوره يسعد صباح البعيد اللي على بالي ?,"['@aseel_o', 'صباحي', 'بدون', 'شوفہ', 'باهت', 'ن', 'نوره', 'يسعد', 'صباح', 'البعيد', 'اللي', 'على', 'بالي', '?']","['MENTION', 'NOUN+PRON', 'PREP+NOUN', 'NOUN+PRON', 'ADJ', 'NSUFF', 'NOUN+NSUFF', 'V', 'NOUN', 'DET+NOUN', 'PART', 'PREP', 'NOUN+PRON', 'PUNC']",Yemen
254,255,بصراحه شكد شايفه بنات خفيفات وcheep بس مثل اللي دااشوفها بالتايم مش ممكن يامامي حتموتين هدي حالج,"['بصراحه', 'شكد', 'شايفه', 'بنات', 'خفيفات', 'وcheep', 'بس', 'مثل', 'اللي', 'دااشوفها', 'بالتايم', 'مش', 'ممكن', 'يامامي', 'حتموتين', 'هدي', 'حالج']","['PREP+NOUN+NSUFF', 'PART', 'ADJ+NSUFF', 'NOUN', 'ADJ+NSUFF', 'CONJ+FOREIGN', 'PART', 'NOUN', 'PART', 'FUT_PART+V+PRON', 'PREP+DET+NOUN', 'PART', 'ADJ', 'PART+NOUN', 'FUT_PART+V+PRON', 'V', 'NOUN+PRON']",Iraq
255,256,جاي بكلمه وحده اتجبر المكسور كزازه اتكسرت تنلم بعد صعبه جنت كعبة حياتي وجنت رب الشيخ واجه فيل الخيانه وفلش الكعبه,"['جاي', 'بكلمه', 'وحده', 'اتجبر', 'المكسور', 'كزازه', 'اتكسرت', 'تنلم', 'بعد', 'صعبه', 'جنت', 'كعبة', 'حياتي', 'وجنت', 'رب', 'الشيخ', 'واجه', 'فيل', 'الخيانه', 'وفلش', 'الكعبه']","['V', 'PREP+NOUN+NSUFF', 'NOUN+NSUFF', 'V', 'DET+ADJ', 'NOUN+NSUFF', 'V+PRON', 'V', 'NOUN', 'ADJ+NSUFF', 'V', 'NOUN+NSUFF', 'NOUN+NSUFF+PRON', 'CONJ+V', 'NOUN', 'DET+NOUN', 'V', 'NOUN', 'DET+NOUN+NSUFF', 'CONJ+V', 'DET+NOUN+NSUFF']",Iraq
256,257,@LiliMoonl207 جربيه وشفي راح ترتاحين على كلامهم الحلو وبل اخص اذا اغنيه بيه ركص هههههه,"['@LiliMoonl207', 'جربيه', 'وشفي', 'راح', 'ترتاحين', 'على', 'كلامهم', 'الحلو', 'وبل', 'اخص', 'اذا', 'اغنيه', 'بيه', 'ركص', 'هههههه']","['MENTION', 'V+PRON+PRON', 'CONJ+V+PRON', 'FUT_PART', 'V+PRON', 'PREP', 'NOUN+PRON', 'DET+ADJ', 'CONJ+PREP+DET', 'NOUN', 'PART', 'NOUN+NSUFF', 'PREP+PRON', 'NOUN', 'EMOT']",Iraq
257,258,@abu_looz @AliValco هههههههههههههههه هم صح ترة متنراد هل الحركات علاوي اطبك بعيد لو اطبك وانزل شوف التاير سوي نفسك مو يمهم,"['@abu_looz', '@AliValco', 'هههههههههههههههه', 'هم', 'صح', 'ترة', 'متنراد', 'هل', 'الحركات', 'علاوي', 'اطبك', 'بعيد', 'لو', 'اطبك', 'وانزل', 'شوف', 'التاير', 'سوي', 'نفسك', 'مو', 'يمهم']","['MENTION', 'MENTION', 'EMOT', 'ADV', 'NOUN', 'PART', 'PART+V', 'PRON+DET', 'DET+NOUN+NSUFF', 'NOUN', 'V+PRON', 'NOUN', 'PART', 'V+PRON', 'CONJ+V', 'V', 'DET+NOUN', 'V+PRON', 'NOUN+PRON', 'PART', 'NOUN+PRON']",Iraq
258,259,الأسد يمشي على جرحة ومايبين بيه جريح هذا طبعك يالعراقي ومايصح ا ? الصحيح #العراق_الصين,"['الأسد', 'يمشي', 'على', 'جرحة', 'ومايبين', 'بيه', 'جريح', 'هذا', 'طبعك', 'يالعراقي', 'ومايصح', 'ا', '?', 'الصحيح', '#العراق_الصين']","['DET+NOUN', 'V', 'PREP', 'NOUN+NSUFF', 'CONJ+PART+V', 'PREP+PRON', 'ADJ', 'PRON', 'NOUN+PRON', 'PART+DET+ADJ', 'CONJ+PART+V', 'PART', 'PUNC', 'DET+ADJ', 'HASH']",Iraq
259,260,اكثر شي ممكن يالم ؟ تتنظر شخص ويطلع يتجاهلك,"['اكثر', 'شي', 'ممكن', 'يالم', '؟', 'تتنظر', 'شخص', 'ويطلع', 'يتجاهلك']","['ADJ', 'NOUN', 'ADJ', 'V', 'PUNC', 'V', 'NOUN', 'CONJ+V', 'V+PRON']",Iraq
260,261,شخصيا . . اذا ما نمت كويس ، كل العلل اللي في جسمي تطلع . . تتحول شايب الا خمس دقايق #بس_اقول,"['شخصيا', '.', '.', 'اذا', 'ما', 'نمت', 'كويس', '،', 'كل', 'العلل', 'اللي', 'في', 'جسمي', 'تطلع', '.', '.', 'تتحول', 'شايب', 'الا', 'خمس', 'دقايق', '#بس_اقول']","['ADJ+CASE', 'PUNC', 'PUNC', 'PART', 'PART', 'V+PRON', 'ADJ', 'PUNC', 'NOUN', 'DET+NOUN', 'PART', 'PREP', 'NOUN+PRON', 'V', 'PUNC', 'PUNC', 'V', 'ADJ', 'PART', 'NUM', 'NOUN', 'HASH']",Saudi Arabia
261,262,@Reemaalsaleem1 @nourhraibi91 هلو حبيبت قلبي ممكن اتابعيني على هذا التويتر الجديد لان هذاك التويتير القديم مالتي اتهكر تابعيني اني زهراء,"['@Reemaalsaleem1', '@nourhraibi91', 'هلو', 'حبيبت', 'قلبي', 'ممكن', 'اتابعيني', 'على', 'هذا', 'التويتر', 'الجديد', 'لان', 'هذاك', 'التويتير', 'القديم', 'مالتي', 'اتهكر', 'تابعيني', 'اني', 'زهراء']","['MENTION', 'MENTION', 'NOUN', 'NOUN+NSUFF', 'NOUN+PRON', 'ADJ', 'V+PRON+PRON', 'PREP', 'PRON', 'DET+NOUN', 'DET+ADJ', 'PREP+PART', 'PRON+PRON', 'DET+NOUN', 'DET+ADJ', 'NOUN+NSUFF+PRON', 'V', 'V+PRON+PRON', 'PRON', 'NOUN']",Iraq
262,263,ياقلب لاتندم على طيب مسعاك خل الندم لاهل الفعول الرديه الناس مايدرون وش هي نواياك خلك على النيه تراها مطيه,"['ياقلب', 'لاتندم', 'على', 'طيب', 'مسعاك', 'خل', 'الندم', 'لاهل', 'الفعول', 'الرديه', 'الناس', 'مايدرون', 'وش', 'هي', 'نواياك', 'خلك', 'على', 'النيه', 'تراها', 'مطيه']","['PART+NOUN', 'PART+V', 'PREP', 'NOUN', 'NOUN+PRON', 'V', 'DET+NOUN', 'PREP+NOUN', 'DET+NOUN', 'DET+ADJ+NSUFF', 'DET+NOUN', 'PART+V+PRON', 'PART', 'PRON', 'NOUN+PRON', 'V+PRON', 'PREP', 'DET+NOUN', 'PART+PRON', 'ADJ+NSUFF']",Yemen
263,264,مايقدرون ظروفك ويبغونك تسوين كل شي ف راسهم ، اطلعو من حياتي,"['مايقدرون', 'ظروفك', 'ويبغونك', 'تسوين', 'كل', 'شي', 'ف', 'راسهم', '،', 'اطلعو', 'من', 'حياتي']","['PART+V+PRON', 'NOUN+PRON', 'CONJ+V+PRON+PRON', 'V+PRON', 'NOUN', 'NOUN', 'PREP', 'NOUN+PRON', 'PUNC', 'V+PRON', 'PREP', 'NOUN+NSUFF+PRON']",Qatar
264,265,منو العلمك تصبر بلياي وهذا الصبر كلي منين جبته جنت تنجن اذا انساك لحظات صار ايام ولفك ما ذكرته,"['منو', 'العلمك', 'تصبر', 'بلياي', 'وهذا', 'الصبر', 'كلي', 'منين', 'جبته', 'جنت', 'تنجن', 'اذا', 'انساك', 'لحظات', 'صار', 'ايام', 'ولفك', 'ما', 'ذكرته']","['PART', 'PRON+V+PRON', 'V', 'PREP+PART', 'CONJ+PRON', 'DET+NOUN', 'NOUN+PRON', 'PART', 'V+PRON+PRON', 'V', 'V', 'PART', 'V+PRON', 'NOUN+NSUFF', 'V', 'NOUN', 'NOUN+PRON', 'PART', 'V+PRON+PRON']",Iraq
265,266,لو صحيح ان فيه مثلك اربعين وينهم انا ابيهم كلهم,"['لو', 'صحيح', 'ان', 'فيه', 'مثلك', 'اربعين', 'وينهم', 'انا', 'ابيهم', 'كلهم']","['PART', 'ADJ', 'PART', 'PREP+NSUFF', 'NOUN+PRON', 'NUM', 'PART+PRON', 'PRON', 'V+PRON', 'NOUN+PRON']",Saudi Arabia
266,267,@LiliMoonl207 لأن كتلي مريض البارحة هواي دعيت ألبيك بية يصير ياريت بشرني أنت زين وأحسن اليوم لأن انه مريض اليوم فزيت,"['@LiliMoonl207', 'لأن', 'كتلي', 'مريض', 'البارحة', 'هواي', 'دعيت', 'ألبيك', 'بية', 'يصير', 'ياريت', 'بشرني', 'أنت', 'زين', 'وأحسن', 'اليوم', 'لأن', 'انه', 'مريض', 'اليوم', 'فزيت']","['MENTION', 'PREP+PART', 'V+PRON', 'ADJ', 'DET+NOUN+NSUFF', 'NOUN+PRON', 'V+PRON', 'PRON+PREP+PRON', 'PREP+PRON', 'V', 'PART+PART', 'V+PRON', 'PRON', 'ADJ', 'CONJ+ADJ', 'DET+NOUN', 'PREP+PART', 'PRON', 'ADJ', 'DET+NOUN', 'V+PRON+PRON']",Iraq
267,268,عفت تاج الذهب چا مشتريك بزود ! ؟ ورحت رايد أصيل إبسطة الباله ? تلگا لك چلب كلش سهل يفلان . . ? ن بس الچلاب إتدور إفضاله ? ? #ومضه #د_العيدان,"['عفت', 'تاج', 'الذهب', 'چا', 'مشتريك', 'بزود', '!', '؟', 'ورحت', 'رايد', 'أصيل', 'إبسطة', 'الباله', '?', 'تلگا', 'لك', 'چلب', 'كلش', 'سهل', 'يفلان', '.', '.', '?', 'ن', 'بس', 'الچلاب', 'إتدور', 'إفضاله', '?', '?', '#ومضه', '#د_العيدان']","['V+PRON', 'NOUN', 'DET+NOUN', 'NOUN', 'ADJ+PRON', 'PREP+ADJ', 'PUNC', 'PUNC', 'CONJ+V+PRON', 'ADJ', 'ADJ', 'V+PRON', 'DET+NOUN+NSUFF', 'PUNC', 'V', 'PREP+PRON', 'NOUN', 'NOUN', 'ADJ', 'PART+NOUN', 'PUNC', 'PUNC', 'PUNC', 'PART', 'PART', 'DET+NOUN', 'V', 'NOUN+NSUFF', 'PUNC', 'PUNC', 'HASH', 'HASH']",Lebanon
268,269,كيف ما حبك وهذي صفاتك حنون كالبقرة قوي كالثور صبور كالحمار وفي كالكلب,"['كيف', 'ما', 'حبك', 'وهذي', 'صفاتك', 'حنون', 'كالبقرة', 'قوي', 'كالثور', 'صبور', 'كالحمار', 'وفي', 'كالكلب']","['PART', 'PART', 'V+PRON', 'CONJ+PRON', 'NOUN+NSUFF+PRON', 'ADJ', 'PREP+DET+NOUN+NSUFF', 'ADJ', 'PREP+DET+NOUN', 'ADJ', 'PREP+DET+NOUN', 'ADJ', 'PREP+DET+NOUN']",Yemen
269,270,#خلع_عباءة_عضوة_الشورى يعني اموت ضحك والا استغفر ربي وبس ? ? يوم انها لابسه نفس اللبس بس اسود كانت متحجبه ويوم غيرت اللون صارت خالعه ? ?,"['#خلع_عباءة_عضوة_الشورى', 'يعني', 'اموت', 'ضحك', 'والا', 'استغفر', 'ربي', 'وبس', '?', '?', 'يوم', 'انها', 'لابسه', 'نفس', 'اللبس', 'بس', 'اسود', 'كانت', 'متحجبه', 'ويوم', 'غيرت', 'اللون', 'صارت', 'خالعه', '?', '?']","['HASH', 'V', 'V+PRON', 'NOUN', 'CONJ+PART', 'V', 'NOUN+PRON', 'CONJ+PART', 'PUNC', 'PUNC', 'NOUN', 'PART+PRON', 'ADJ+NSUFF', 'NOUN', 'DET+NOUN', 'PART', 'ADJ', 'V+PRON', 'ADJ+NSUFF', 'CONJ+NOUN', 'NOUN+PRON', 'DET+NOUN', 'V+PRON', 'ADJ+NSUFF', 'PUNC', 'PUNC']",Saudi Arabia
270,271,شيخ جروووحي مات وكلت راح ارتاااح واحد بعد واحد راح اااقللهن اشووو طلعن عراضه ولصبح جيلات واحد مات بيهن هوسن كلهن,"['شيخ', 'جروووحي', 'مات', 'وكلت', 'راح', 'ارتاااح', 'واحد', 'بعد', 'واحد', 'راح', 'اااقللهن', 'اشووو', 'طلعن', 'عراضه', 'ولصبح', 'جيلات', 'واحد', 'مات', 'بيهن', 'هوسن', 'كلهن']","['NOUN', 'NOUN+PRON', 'V', 'CONJ+V+PRON', 'FUT_PART', 'V', 'NOUN', 'NOUN', 'NOUN', 'FUT_PART', 'V+PRON', 'PART', 'V+PRON', 'ADJ+NSUFF', 'CONJ+PREP+NOUN', 'ADJ+NSUFF', 'NOUN', 'V', 'PREP+PRON', 'V+PRON', 'NOUN+PRON']",Iraq
271,272,@noormohammad110 لا بربج مختارت كرار من كبر يلفها ويلف هاي ام حلك اعوج وهم وهذا الي مطلعي من الفرن نايل,"['@noormohammad110', 'لا', 'بربج', 'مختارت', 'كرار', 'من', 'كبر', 'يلفها', 'ويلف', 'هاي', 'ام', 'حلك', 'اعوج', 'وهم', 'وهذا', 'الي', 'مطلعي', 'من', 'الفرن', 'نايل']","['MENTION', 'PART', 'PREP+NOUN+PRON', 'ADJ+PRON', 'NOUN', 'PREP', 'NOUN', 'V+PRON', 'CONJ+V', 'PRON', 'NOUN', 'NOUN', 'ADJ', 'CONJ+ADV', 'CONJ+PRON', 'PRON', 'ADJ+PRON', 'PREP', 'DET+NOUN', 'ADJ']",Iraq
272,273,@BesanSaad1 اني ليش ما اريد اخلي صورتي من وره هاي السوالف ما اريد العالم تكره التويتر ? ?,"['@BesanSaad1', 'اني', 'ليش', 'ما', 'اريد', 'اخلي', 'صورتي', 'من', 'وره', 'هاي', 'السوالف', 'ما', 'اريد', 'العالم', 'تكره', 'التويتر', '?', '?']","['MENTION', 'PRON', 'PART', 'PART', 'V', 'V', 'NOUN+NSUFF+PRON', 'PREP', 'NOUN+NSUFF', 'PRON', 'DET+NOUN', 'PART', 'V', 'DET+NOUN', 'V', 'DET+NOUN', 'PUNC', 'PUNC']",Iraq
273,274,@lave25 سيمور يجنن Egyptian الصراحة فى كتير منهم صوتهم روعة Egyptian عمار خطاب ومروه ناجى,"['@lave25', 'سيمور', 'يجنن', 'Egyptian', 'الصراحة', 'فى', 'كتير', 'منهم', 'صوتهم', 'روعة', 'Egyptian', 'عمار', 'خطاب', 'ومروه', 'ناجى']","['MENTION', 'NOUN', 'V', 'FOREIGN', 'DET+NOUN+NSUFF', 'PREP', 'ADJ', 'PREP+PRON', 'NOUN+PRON', 'ADJ+NSUFF', 'FOREIGN', 'NOUN', 'NOUN', 'CONJ+NOUN', 'NOUN']",Egypt
274,275,_ بعض البنات في المدرسه يناظرونك كأنك انتي إلي مصحيتهم من النوم ? ? ~ o ),"['_', 'بعض', 'البنات', 'في', 'المدرسه', 'يناظرونك', 'كأنك', 'انتي', 'إلي', 'مصحيتهم', 'من', 'النوم', '?', '?', '~', 'o', ')']","['PUNC', 'NOUN', 'DET+NOUN', 'PREP', 'DET+NOUN+NSUFF', 'V+PRON+PRON', 'PART+PRON', 'PRON+NSUFF', 'PRON', 'ADJ+NSUFF+PRON', 'PREP', 'DET+NOUN', 'PUNC', 'PUNC', 'PUNC', 'PUNC', 'PUNC']",Yemen
275,276,امي عادي جدا تصارخ على اخواني الصغار وانا ساكته ومالي دخل فجأه إلا الفنجال براسي تقول : ^ ما خربهم الا انتي ! وش دخلتي انا ي ? نبع الحنان ؟ ? ? .,"['امي', 'عادي', 'جدا', 'تصارخ', 'على', 'اخواني', 'الصغار', 'وانا', 'ساكته', 'ومالي', 'دخل', 'فجأه', 'إلا', 'الفنجال', 'براسي', 'تقول', ':', '^', 'ما', 'خربهم', 'الا', 'انتي', '!', 'وش', 'دخلتي', 'انا', 'ي', '?', 'نبع', 'الحنان', '؟', '?', '?', '.']","['NOUN+PRON', 'ADJ', 'NOUN+CASE', 'V', 'PREP', 'NOUN+PRON', 'DET+NOUN', 'CONJ+PRON', 'ADJ+NSUFF', 'CONJ+PART+PREP+PRON', 'NOUN', 'NOUN+NSUFF', 'PART', 'DET+NOUN', 'PREP+NOUN+PRON', 'V', 'PUNC', 'PUNC', 'PART', 'V+PRON', 'PART', 'PRON+PRON', 'PUNC', 'PART', 'V+PRON+PRON', 'PRON', 'PART', 'PUNC', 'NOUN', 'DET+NOUN', 'PUNC', 'PUNC', 'PUNC', 'PUNC']",Yemen
276,277,قبل 24 سنه قالوا ل سمو الشيخ جابر _ الاحمد ( الديره احترقت ما بقى منها شي ) قال : ابيها لو تراب ? ? http://t.co/mcV3w1c3fo,"['قبل', '24', 'سنه', 'قالوا', 'ل', 'سمو', 'الشيخ', 'جابر', '_', 'الاحمد', '(', 'الديره', 'احترقت', 'ما', 'بقى', 'منها', 'شي', ')', 'قال', ':', 'ابيها', 'لو', 'تراب', '?', '?', 'http://t.co/mcV3w1c3fo']","['NOUN', 'NUM', 'NOUN+NSUFF', 'V+PRON', 'PREP', 'NOUN', 'DET+NOUN', 'NOUN', 'PUNC', 'DET+NOUN', 'PUNC', 'DET+NOUN+NSUFF', 'V+PRON', 'PART', 'V', 'PREP+PRON', 'NOUN', 'PUNC', 'V', 'PUNC', 'V+PRON', 'PART', 'NOUN', 'PUNC', 'PUNC', 'URL']",Yemen
277,278,#اصدم_التايم_بمعلومة_عنك اللي يشوفني يگول مايعه وما اتحمل بس بداخلي جبل مينهز وكول مصيبه اطلع اقوى من قبل واسامح بس ما انسى,"['#اصدم_التايم_بمعلومة_عنك', 'اللي', 'يشوفني', 'يگول', 'مايعه', 'وما', 'اتحمل', 'بس', 'بداخلي', 'جبل', 'مينهز', 'وكول', 'مصيبه', 'اطلع', 'اقوى', 'من', 'قبل', 'واسامح', 'بس', 'ما', 'انسى']","['HASH', 'PART', 'V+PRON', 'V', 'ADJ+NSUFF', 'CONJ+PART', 'V', 'PART', 'PREP+NOUN+PRON', 'NOUN', 'PART+V', 'CONJ+NOUN', 'NOUN+NSUFF', 'V', 'ADJ', 'PREP', 'NOUN', 'CONJ+V', 'PART', 'PART', 'V']",Iraq
278,279,@Teba1235 @miso_mesi10 الأتكيت صوت سامر احلى بهواي وميستاهل يطلع بس مابيدنه شي نسوي بس نضوج,"['@Teba1235', '@miso_mesi10', 'الأتكيت', 'صوت', 'سامر', 'احلى', 'بهواي', 'وميستاهل', 'يطلع', 'بس', 'مابيدنه', 'شي', 'نسوي', 'بس', 'نضوج']","['MENTION', 'MENTION', 'DET+NOUN', 'NOUN', 'NOUN', 'ADJ', 'PREP+NOUN', 'CONJ+PART+V', 'V', 'PART', 'PART+PREP+NOUN+PRON', 'NOUN', 'V', 'PART', 'V']",Syria
279,280,تجرحني وتكلي معاتب احباب ويفز بيه جرح مايقبل ينام بسك ياعتب حجيك سجاجين الاسلوبه حجر ليعاتب الجام,"['تجرحني', 'وتكلي', 'معاتب', 'احباب', 'ويفز', 'بيه', 'جرح', 'مايقبل', 'ينام', 'بسك', 'ياعتب', 'حجيك', 'سجاجين', 'الاسلوبه', 'حجر', 'ليعاتب', 'الجام']","['V+PRON', 'CONJ+V+PRON', 'NOUN', 'NOUN', 'CONJ+V', 'PREP+PRON', 'NOUN', 'PART+V', 'V', 'PART+PRON', 'PART+NOUN', 'NOUN+PRON', 'NOUN', 'PRON+NOUN+PRON', 'NOUN', 'PART+V', 'DET+NOUN']",Iraq
280,281,وان نشدوك الناس وش كان ذنبك قل البدو لاعافوا القاع يمشون,"['وان', 'نشدوك', 'الناس', 'وش', 'كان', 'ذنبك', 'قل', 'البدو', 'لاعافوا', 'القاع', 'يمشون']","['CONJ+PART', 'V+PRON+PRON', 'DET+NOUN', 'PART', 'V', 'NOUN+PRON', 'V', 'DET+NOUN', 'PART+V+PRON', 'DET+V', 'V+PRON']",Yemen
281,282,"الطيب واضح في وجيه المطاليق اللي عن الزلات ( تكرم لحاها ) المرجله هضبه مثل هضبة طويق سلم على اللي لابغاها رقاها ""","['الطيب', 'واضح', 'في', 'وجيه', 'المطاليق', 'اللي', 'عن', 'الزلات', '(', 'تكرم', 'لحاها', ')', 'المرجله', 'هضبه', 'مثل', 'هضبة', 'طويق', 'سلم', 'على', 'اللي', 'لابغاها', 'رقاها', '""']","['DET+NOUN', 'ADJ', 'PREP', 'NOUN', 'DET+ADJ', 'PART', 'PREP', 'DET+NOUN+NSUFF', 'PUNC', 'V', 'NOUN+PRON', 'PUNC', 'DET+NOUN+NSUFF', 'NOUN+NSUFF', 'NOUN', 'NOUN+NSUFF', 'NOUN', 'V', 'PREP', 'PART', 'PART+V+PRON', 'V+PRON', 'PUNC']",Yemen
282,283,إذا قطعتي علاقتج فيني يا ريت تقطعين لسانج عني,"['إذا', 'قطعتي', 'علاقتج', 'فيني', 'يا', 'ريت', 'تقطعين', 'لسانج', 'عني']","['PART', 'V+PRON+NSUFF', 'NOUN+NSUFF+PRON', 'PREP+PRON', 'PART', 'PART', 'V+PRON', 'NOUN+PRON', 'PREP+PRON']",Jordan
283,284,الله و لا عشرة عديمين الاستهتار جحادة الطيب . . و تباعة الإفك اذا تبي تعيش بسلامه مع الناس قلل صداقاتك . . و كثر معارفك !,"['الله', 'و', 'لا', 'عشرة', 'عديمين', 'الاستهتار', 'جحادة', 'الطيب', '.', '.', 'و', 'تباعة', 'الإفك', 'اذا', 'تبي', 'تعيش', 'بسلامه', 'مع', 'الناس', 'قلل', 'صداقاتك', '.', '.', 'و', 'كثر', 'معارفك', '!']","['NOUN', 'CONJ', 'PART', 'NUM+NSUFF', 'ADJ+PRON', 'DET+NOUN', 'ADJ+PRON', 'DET+NOUN', 'PUNC', 'PUNC', 'CONJ', 'ADJ+PRON', 'DET+NOUN', 'PART', 'V', 'V', 'PREP+NOUN+NSUFF', 'NOUN', 'DET+NOUN', 'V', 'NOUN+NSUFF+PRON', 'PUNC', 'PUNC', 'CONJ', 'V', 'NOUN+PRON', 'PUNC']",Libya
284,285,@Wesal_TV مانبي طيارات ولا صوب نبي دمه ودم زملائه ان لايضيع نطلب القصاص من الزائد في اي مكان مايفل الحديد الا الحديد,"['@Wesal_TV', 'مانبي', 'طيارات', 'ولا', 'صوب', 'نبي', 'دمه', 'ودم', 'زملائه', 'ان', 'لايضيع', 'نطلب', 'القصاص', 'من', 'الزائد', 'في', 'اي', 'مكان', 'مايفل', 'الحديد', 'الا', 'الحديد']","['MENTION', 'PART+V', 'NOUN+NSUFF', 'CONJ+PART', 'NOUN', 'V', 'NOUN+PRON', 'CONJ+NOUN', 'NOUN+PRON', 'PART', 'PART+V', 'V', 'DET+NOUN', 'PREP', 'DET+NOUN', 'PREP', 'PART', 'NOUN', 'PART+V', 'DET+NOUN', 'PART', 'DET+NOUN']",Libya
285,286,استهداف رجال الأمن أثناء أثناء قيامهم بأداء واجبهم ) ) . إش هالواجب اللي صار له 3 سنين و في نفس المناطق و مو راضي يخلص ؟ #العكر,"['استهداف', 'رجال', 'الأمن', 'أثناء', 'أثناء', 'قيامهم', 'بأداء', 'واجبهم', ')', ')', '.', 'إش', 'هالواجب', 'اللي', 'صار', 'له', '3', 'سنين', 'و', 'في', 'نفس', 'المناطق', 'و', 'مو', 'راضي', 'يخلص', '؟', '#العكر']","['NOUN', 'NOUN', 'DET+NOUN', 'PART', 'PART', 'NOUN+PRON', 'PREP+NOUN', 'NOUN+PRON', 'PUNC', 'PUNC', 'PUNC', 'PART', 'PRON+DET+NOUN', 'PART', 'V', 'PREP+PRON', 'NUM', 'NOUN', 'CONJ', 'PREP', 'NOUN', 'DET+NOUN', 'CONJ', 'PART', 'ADJ', 'V', 'PUNC', 'HASH']",Lebanon
286,287,اذا شفتوني بمشي وفجأه وقفت ؟ ! وبعدين كملت مشي فاعرفو اني نسيت وين كنت رايحه بعدين تذكرت خلوها على الله بس ?,"['اذا', 'شفتوني', 'بمشي', 'وفجأه', 'وقفت', '؟', '!', 'وبعدين', 'كملت', 'مشي', 'فاعرفو', 'اني', 'نسيت', 'وين', 'كنت', 'رايحه', 'بعدين', 'تذكرت', 'خلوها', 'على', 'الله', 'بس', '?']","['PART', 'V+PRON+PRON+PRON', 'PROG_PART+V', 'CONJ+NOUN+NSUFF', 'V+PRON', 'PUNC', 'PUNC', 'CONJ+NOUN', 'V+PRON', 'NOUN', 'CONJ+V+PRON', 'PART+PRON', 'V+PRON', 'PART', 'V+PRON', 'ADJ+NSUFF', 'NOUN', 'V+PRON', 'V+PRON+PRON', 'PREP', 'NOUN', 'PART', 'PUNC']",Oman
287,288,ما يقهرك إلا الشرطي لما يخالفك : بعد المخالفه يقولك إسمحلنا عاد لا أفا عليك الله يلعنك ? !,"['ما', 'يقهرك', 'إلا', 'الشرطي', 'لما', 'يخالفك', ':', 'بعد', 'المخالفه', 'يقولك', 'إسمحلنا', 'عاد', 'لا', 'أفا', 'عليك', 'الله', 'يلعنك', '?', '!']","['PART', 'V+PRON', 'PART', 'DET+NOUN', 'PART', 'V+PRON', 'PUNC', 'NOUN', 'DET+NOUN+NSUFF', 'V+PRON', 'V+PREP+PRON', 'V', 'PART', 'NOUN', 'PREP+PRON', 'NOUN', 'V+PRON', 'PUNC', 'PUNC']",Yemen
288,289,ولين الحين اي حاجه تضرك تخلي عيني تدمع على طول,"['ولين', 'الحين', 'اي', 'حاجه', 'تضرك', 'تخلي', 'عيني', 'تدمع', 'على', 'طول']","['CONJ+PART', 'NOUN', 'PART', 'NOUN+NSUFF', 'V+PRON', 'V', 'NOUN+PRON', 'V', 'PREP', 'NOUN']",Libya
289,290,@FalconHurr بس فيهم شي واحد مشترك وهو ريحتهم اللي كأنها كيماوي تحت هدب العيون هههههه,"['@FalconHurr', 'بس', 'فيهم', 'شي', 'واحد', 'مشترك', 'وهو', 'ريحتهم', 'اللي', 'كأنها', 'كيماوي', 'تحت', 'هدب', 'العيون', 'هههههه']","['MENTION', 'PART', 'PREP+PRON', 'NOUN', 'NUM', 'ADJ', 'CONJ+PRON', 'NOUN+NSUFF+PRON', 'PART', 'PREP+PART+PRON', 'NOUN', 'NOUN', 'NOUN', 'DET+NOUN', 'EMOT']",Morocco
290,291,""" @MohdMamdooh : ي حظ الناس اللي يشوفون الناس اللي حنا نتمنى نشوفهم","['""', '@MohdMamdooh', ':', 'ي', 'حظ', 'الناس', 'اللي', 'يشوفون', 'الناس', 'اللي', 'حنا', 'نتمنى', 'نشوفهم']","['PUNC', 'MENTION', 'PUNC', 'PART', 'NOUN', 'DET+NOUN', 'PART', 'V+PRON', 'DET+NOUN', 'PART', 'PRON', 'V', 'V+PRON']",Saudi Arabia
291,292,ماصرت افرق بين جمعه وسبت من غبت عني ما احس بالوقت,"['ماصرت', 'افرق', 'بين', 'جمعه', 'وسبت', 'من', 'غبت', 'عني', 'ما', 'احس', 'بالوقت']","['PART+V+PRON', 'V', 'NOUN', 'NOUN+NSUFF', 'CONJ+NOUN', 'PREP', 'V+PRON', 'PREP+PRON', 'PART', 'V', 'PREP+DET+NOUN']",Oman
292,293,هدف تاريخي لي روني شريك مو هين فقعها من نص الملعب,"['هدف', 'تاريخي', 'لي', 'روني', 'شريك', 'مو', 'هين', 'فقعها', 'من', 'نص', 'الملعب']","['NOUN', 'ADJ', 'PREP', 'NOUN', 'ADJ', 'PART', 'ADJ', 'V+PRON', 'PREP', 'NOUN', 'DET+NOUN']",Saudi Arabia
293,294,#اعتراف_تالي_الليل ممكن اقولك اني مااحب الشغله الفلانيه وبعد فتره تلقاني احبها والعكس عادي مافيها شئ اذا غيرت رأي ترى مو جريمه,"['#اعتراف_تالي_الليل', 'ممكن', 'اقولك', 'اني', 'مااحب', 'الشغله', 'الفلانيه', 'وبعد', 'فتره', 'تلقاني', 'احبها', 'والعكس', 'عادي', 'مافيها', 'شئ', 'اذا', 'غيرت', 'رأي', 'ترى', 'مو', 'جريمه']","['HASH', 'ADJ', 'V+PRON', 'PART+PRON', 'PART+V', 'DET+NOUN+NSUFF', 'DET+ADJ+NSUFF', 'CONJ+NOUN', 'NOUN+NSUFF', 'V+PRON', 'V+PRON', 'CONJ+DET+NOUN', 'ADJ', 'PART+PREP+PRON', 'NOUN', 'PART', 'V+PRON', 'NOUN', 'PART', 'PART', 'NOUN+NSUFF']",Oman
294,295,. صباحي أنت ي من غفت عيني على بحة حكاه لهفته وحنينه أجمل صباحاتي معك ي ضنيني ي ورد عمري وعطره وياسمينه ? ~ #ن_ر,"['.', 'صباحي', 'أنت', 'ي', 'من', 'غفت', 'عيني', 'على', 'بحة', 'حكاه', 'لهفته', 'وحنينه', 'أجمل', 'صباحاتي', 'معك', 'ي', 'ضنيني', 'ي', 'ورد', 'عمري', 'وعطره', 'وياسمينه', '?', '~', '#ن_ر']","['PUNC', 'NOUN+PRON', 'PRON', 'PART', 'PREP', 'V+PRON', 'NOUN+PRON', 'PREP', 'NOUN+NSUFF', 'NOUN+PRON', 'NOUN+NSUFF+PRON', 'CONJ+NOUN+PRON', 'ADJ', 'NOUN+NSUFF+PRON', 'NOUN+PRON', 'PART', 'ADJ+PRON', 'PART', 'NOUN', 'NOUN+PRON', 'CONJ+NOUN+PRON', 'CONJ+NOUN+PRON', 'PUNC', 'PUNC', 'HASH']",Sudan
295,296,أصافحك مهما جرى رغم الجراح اصافحك واسامحك بس يا ترى عمري اللي راح بيسامحك ؟,"['أصافحك', 'مهما', 'جرى', 'رغم', 'الجراح', 'اصافحك', 'واسامحك', 'بس', 'يا', 'ترى', 'عمري', 'اللي', 'راح', 'بيسامحك', '؟']","['V+PRON', 'PART', 'V', 'NOUN', 'DET+NOUN', 'V+PRON', 'CONJ+V+PRON', 'PART', 'PART', 'PART', 'NOUN+PRON', 'PART', 'V', 'PROG_PART+V+PRON', 'PUNC']",Jordan
296,297,الشباب العاطل عن العمل فرصتكم سوو شاي حليب وروحوا بيعوه على المتعطلين في زحمة شارع البديع ب100 فلس وياه حب شمسي وفول سوداني #bahrain,"['الشباب', 'العاطل', 'عن', 'العمل', 'فرصتكم', 'سوو', 'شاي', 'حليب', 'وروحوا', 'بيعوه', 'على', 'المتعطلين', 'في', 'زحمة', 'شارع', 'البديع', 'ب100', 'فلس', 'وياه', 'حب', 'شمسي', 'وفول', 'سوداني', '#bahrain']","['DET+NOUN', 'DET+ADJ', 'PREP', 'DET+NOUN', 'NOUN+NSUFF+PRON', 'V+PRON', 'NOUN', 'NOUN', 'CONJ+V+PRON', 'V+PRON+PRON', 'PREP', 'DET+ADJ+PRON', 'PREP', 'NOUN+NSUFF', 'NOUN', 'DET+NOUN', 'PREP+NUM', 'NOUN', 'NOUN+PRON', 'NOUN', 'ADJ', 'CONJ+NOUN', 'ADJ', 'HASH']",Iraq
297,298,بعض الناس ، يجلس يترجاني بالخاص وتكفين وكلمة راس واذا قبلتهم يجي يقول . . علي الحرام انك ورع المهم وش دخلكم انا مره بنوته ومره شنب هههههههه,"['بعض', 'الناس', '،', 'يجلس', 'يترجاني', 'بالخاص', 'وتكفين', 'وكلمة', 'راس', 'واذا', 'قبلتهم', 'يجي', 'يقول', '.', '.', 'علي', 'الحرام', 'انك', 'ورع', 'المهم', 'وش', 'دخلكم', 'انا', 'مره', 'بنوته', 'ومره', 'شنب', 'هههههههه']","['NOUN', 'DET+NOUN', 'PUNC', 'V', 'V+PRON', 'PREP+DET+NOUN', 'CONJ+V+PRON', 'CONJ+NOUN+NSUFF', 'NOUN', 'CONJ+PART', 'NOUN+PRON+PRON', 'V', 'V', 'PUNC', 'PUNC', 'PREP', 'DET+NOUN', 'PART+PRON', 'NOUN', 'DET+ADJ', 'PART', 'V+PRON', 'PRON', 'NOUN+NSUFF', 'NOUN+NSUFF', 'CONJ+NOUN+NSUFF', 'NOUN', 'EMOT']",Yemen
298,299,ماني بخيل شعور جعلك سالم مشاعري ل محبتك مرهونه شوف البدو أكرم بشر ب العالم لا صبو الفنجال م يملونه,"['ماني', 'بخيل', 'شعور', 'جعلك', 'سالم', 'مشاعري', 'ل', 'محبتك', 'مرهونه', 'شوف', 'البدو', 'أكرم', 'بشر', 'ب', 'العالم', 'لا', 'صبو', 'الفنجال', 'م', 'يملونه']","['PART', 'ADJ', 'NOUN', 'V+PRON', 'ADJ', 'NOUN+PRON', 'PREP', 'NOUN+NSUFF+PRON', 'ADJ+NSUFF', 'V', 'DET+NOUN', 'ADJ', 'NOUN', 'PREP', 'DET+NOUN', 'PART', 'V+PRON', 'DET+NOUN', 'PART', 'V+PRON+PRON']",Yemen
299,300,الوفاق الأرهابيه لماذا أنخرست ألسنتكم عندما أستصاب طفلين منكم وفيكم من أرهابكم وين حمايه وحقوق الطفل ياليت منقصه يدهم موبس أصابعهم,"['الوفاق', 'الأرهابيه', 'لماذا', 'أنخرست', 'ألسنتكم', 'عندما', 'أستصاب', 'طفلين', 'منكم', 'وفيكم', 'من', 'أرهابكم', 'وين', 'حمايه', 'وحقوق', 'الطفل', 'ياليت', 'منقصه', 'يدهم', 'موبس', 'أصابعهم']","['DET+NOUN', 'DET+ADJ+NSUFF', 'PART', 'V+PRON', 'NOUN+NSUFF+PRON', 'PART', 'V', 'NOUN+PRON', 'PREP+PRON', 'CONJ+PREP+PRON', 'PREP', 'NOUN+PRON', 'PART', 'NOUN+NSUFF', 'CONJ+NOUN', 'DET+NOUN', 'PART+PART', 'V+NSUFF', 'NOUN+PRON', 'PART+PART', 'NOUN+PRON']",Yemen
300,301,بخصوص البعض من الي يبي يجذب جذبة ابريل انا اقول ماله داعي يجذب جذبة ابريل كافي الجذب الي قاعد يجذبه كل يوم #جذبة_ابريل,"['بخصوص', 'البعض', 'من', 'الي', 'يبي', 'يجذب', 'جذبة', 'ابريل', 'انا', 'اقول', 'ماله', 'داعي', 'يجذب', 'جذبة', 'ابريل', 'كافي', 'الجذب', 'الي', 'قاعد', 'يجذبه', 'كل', 'يوم', '#جذبة_ابريل']","['PREP+NOUN', 'DET+NOUN', 'PREP', 'PRON', 'V', 'V', 'NOUN+NSUFF', 'NOUN', 'PRON', 'V', 'PART+PREP+PRON', 'NOUN', 'V', 'NOUN+NSUFF', 'NOUN', 'ADJ', 'DET+NOUN', 'PRON', 'ADJ', 'V+PRON', 'NOUN', 'NOUN', 'HASH']",Iraq
301,302,ياخي الكويتيين قسمبالله يقولون الغاز وش هالكلام الغريب ذا ? ? ! ! ؟,"['ياخي', 'الكويتيين', 'قسمبالله', 'يقولون', 'الغاز', 'وش', 'هالكلام', 'الغريب', 'ذا', '?', '?', '!', '!', '؟']","['PART+NOUN', 'DET+ADJ+PRON', 'NOUN+PREP+NOUN', 'V+PRON', 'DET+NOUN', 'PART', 'PRON+DET+NOUN', 'DET+ADJ', 'PRON', 'PUNC', 'PUNC', 'PUNC', 'PUNC', 'PUNC']",Qatar
302,303,* اليوم لقانا اللي انتظرته من اسابيع ياالله تعال وازرع الفرح فيني #hilal_sami .,"['*', 'اليوم', 'لقانا', 'اللي', 'انتظرته', 'من', 'اسابيع', 'ياالله', 'تعال', 'وازرع', 'الفرح', 'فيني', '#hilal_sami', '.']","['PUNC', 'DET+NOUN', 'NOUN+PRON', 'PART', 'V+PRON+PRON', 'PREP', 'NOUN', 'PART+NOUN', 'V', 'CONJ+V', 'DET+NOUN', 'PREP+PRON', 'HASH', 'PUNC']",Yemen
303,304,م احتاج احد يسعدنيء بس بالله لحد ينكد علي ~ o ),"['م', 'احتاج', 'احد', 'يسعدنيء', 'بس', 'بالله', 'لحد', 'ينكد', 'علي', '~', 'o', ')']","['PART', 'V', 'NOUN', 'V+PRON', 'PART', 'PREP+NOUN', 'PART+NOUN', 'V', 'PREP', 'PUNC', 'PUNC', 'PUNC']",Saudi Arabia
304,305,تخيلوا نروح السكول و يكون الباب مقفل و مكتوب عليه مفاجأه لقد تم تمديد الاجازه - ^ لا اغديكم ع حسابي,"['تخيلوا', 'نروح', 'السكول', 'و', 'يكون', 'الباب', 'مقفل', 'و', 'مكتوب', 'عليه', 'مفاجأه', 'لقد', 'تم', 'تمديد', 'الاجازه', '-', '^', 'لا', 'اغديكم', 'ع', 'حسابي']","['V+PRON', 'V', 'DET+NOUN', 'CONJ', 'V', 'DET+NOUN', 'ADJ', 'CONJ', 'ADJ', 'PREP+PRON', 'NOUN+NSUFF', 'PART', 'V', 'NOUN', 'DET+NOUN+NSUFF', 'PUNC', 'PUNC', 'PART', 'V+PRON', 'PREP', 'NOUN+PRON']",Oman
305,306,سعودي جالس يتغدا مع أمه ، قالت له أمه وين الأكل إللي جابته جارتنا السورية قال : كبيته في الزبالة قالت أمه ليش قال : هي قالتلي بعطيك رز وكبه,"['سعودي', 'جالس', 'يتغدا', 'مع', 'أمه', '،', 'قالت', 'له', 'أمه', 'وين', 'الأكل', 'إللي', 'جابته', 'جارتنا', 'السورية', 'قال', ':', 'كبيته', 'في', 'الزبالة', 'قالت', 'أمه', 'ليش', 'قال', ':', 'هي', 'قالتلي', 'بعطيك', 'رز', 'وكبه']","['NOUN', 'ADJ', 'V', 'NOUN', 'NOUN+PRON', 'PUNC', 'V+PRON', 'PREP+PRON', 'NOUN+PRON', 'PART', 'DET+NOUN', 'PRON', 'V+PRON+PRON', 'NOUN+NSUFF+PRON', 'DET+ADJ+NSUFF', 'V', 'PUNC', 'V+PRON+PRON+PRON', 'PREP', 'DET+NOUN+NSUFF', 'V+PRON', 'NOUN+PRON', 'PART', 'V', 'PUNC', 'PRON', 'V+PRON+PREP+PRON', 'PROG_PART+V+PRON', 'NOUN', 'CONJ+NOUN']",Jordan
306,307,كل شي في حياتي لين راح ما يرجع نفس ما كان,"['كل', 'شي', 'في', 'حياتي', 'لين', 'راح', 'ما', 'يرجع', 'نفس', 'ما', 'كان']","['NOUN', 'NOUN', 'PREP', 'NOUN+NSUFF+PRON', 'PART', 'V', 'PART', 'V', 'NOUN', 'PART', 'V']",Saudi Arabia
307,308,تقول لي مشتاق ، وتغيب ساعات وترجع بعدها وتقول وحشتيني دامك علي ولهان وينك هالاوقات والا الملل لا عرف دربك تجيني ؟,"['تقول', 'لي', 'مشتاق', '،', 'وتغيب', 'ساعات', 'وترجع', 'بعدها', 'وتقول', 'وحشتيني', 'دامك', 'علي', 'ولهان', 'وينك', 'هالاوقات', 'والا', 'الملل', 'لا', 'عرف', 'دربك', 'تجيني', '؟']","['V', 'PREP+PRON', 'ADJ', 'PUNC', 'CONJ+V', 'NOUN+NSUFF', 'CONJ+V', 'NOUN+PRON', 'CONJ+V', 'V+PRON+PRON', 'V+PRON', 'PREP', 'ADJ', 'PART+PRON', 'PRON+DET+ADJ', 'CONJ+PART', 'DET+NOUN', 'PART', 'V', 'NOUN+PRON', 'V+PRON', 'PUNC']",Qatar
308,309,ممكن تمر من صوب شخص ؟ وعينك ما تلتفت له بس قلبك يلف,"['ممكن', 'تمر', 'من', 'صوب', 'شخص', '؟', 'وعينك', 'ما', 'تلتفت', 'له', 'بس', 'قلبك', 'يلف']","['ADJ', 'V', 'PREP', 'NOUN', 'NOUN', 'PUNC', 'CONJ+NOUN+PRON', 'PART', 'V', 'PREP+PRON', 'PART', 'NOUN+PRON', 'V']",Qatar
309,310,جربت الفهاوه فتعديت مرحلتها ووصلت لمرحلة أني أطالع وجهك وأشوفك تتكلم بس ما أدري وش تقول - لالأسف ما أمزح ؟ !,"['جربت', 'الفهاوه', 'فتعديت', 'مرحلتها', 'ووصلت', 'لمرحلة', 'أني', 'أطالع', 'وجهك', 'وأشوفك', 'تتكلم', 'بس', 'ما', 'أدري', 'وش', 'تقول', '-', 'لالأسف', 'ما', 'أمزح', '؟', '!']","['V+PRON', 'DET+NOUN+NSUFF', 'PREP+V+PRON', 'NOUN+NSUFF+PRON', 'CONJ+V+PRON', 'PREP+NOUN+NSUFF', 'PART+PRON', 'V', 'NOUN+PRON', 'CONJ+V+PRON', 'V', 'PART', 'PART', 'V', 'PART', 'V', 'PUNC', 'PREP+DET+NOUN', 'PART', 'V', 'PUNC', 'PUNC']",Saudi Arabia
310,311,الإماراتي يعمر بلده و يقتل في بلدنا و لين انقتلنا نطلع إرهابيين و لين انقتل يطلع شهيد #الإمارات #البحرين #uae #bahrain,"['الإماراتي', 'يعمر', 'بلده', 'و', 'يقتل', 'في', 'بلدنا', 'و', 'لين', 'انقتلنا', 'نطلع', 'إرهابيين', 'و', 'لين', 'انقتل', 'يطلع', 'شهيد', '#الإمارات', '#البحرين', '#uae', '#bahrain']","['DET+NOUN', 'V', 'NOUN+PRON', 'CONJ', 'V', 'PREP', 'NOUN+PRON', 'CONJ', 'PART', 'V+PRON', 'V', 'ADJ+PRON', 'CONJ', 'PART', 'V', 'V', 'ADJ', 'HASH', 'HASH', 'HASH', 'HASH']",Libya
311,312,"• لو كنت رسام كاريكاتير 6 . . لرسمت برميل نفط قاعد ينزف مو بترول ! ! ! ! قاعد ينزف "" دولارات "" بالملايين ! وعلقت تحت : غرامة الداوو ! ! ! ! ! ! ! ! ! ؟ ! ! ؟","['•', 'لو', 'كنت', 'رسام', 'كاريكاتير', '6', '.', '.', 'لرسمت', 'برميل', 'نفط', 'قاعد', 'ينزف', 'مو', 'بترول', '!', '!', '!', '!', 'قاعد', 'ينزف', '""', 'دولارات', '""', 'بالملايين', '!', 'وعلقت', 'تحت', ':', 'غرامة', 'الداوو', '!', '!', '!', '!', '!', '!', '!', '!', '!', '؟', '!', '!', '؟']","['PUNC', 'PART', 'V+PRON', 'NOUN', 'NOUN', 'NUM', 'PUNC', 'PUNC', 'PART+V+PRON', 'NOUN', 'NOUN', 'ADJ', 'V', 'PART', 'NOUN', 'PUNC', 'PUNC', 'PUNC', 'PUNC', 'ADJ', 'V', 'PUNC', 'NOUN+NSUFF', 'PUNC', 'PREP+DET+NOUN', 'PUNC', 'CONJ+V+PRON', 'NOUN', 'PUNC', 'NOUN+NSUFF', 'DET+NOUN', 'PUNC', 'PUNC', 'PUNC', 'PUNC', 'PUNC', 'PUNC', 'PUNC', 'PUNC', 'PUNC', 'PUNC', 'PUNC', 'PUNC', 'PUNC']",Qatar
312,313,تلفزيون البحرين رجاء لا تحطون لنا نائب دمه ثقيل ينرفزنا ترا مو ناقصين قهر #البحرين,"['تلفزيون', 'البحرين', 'رجاء', 'لا', 'تحطون', 'لنا', 'نائب', 'دمه', 'ثقيل', 'ينرفزنا', 'ترا', 'مو', 'ناقصين', 'قهر', '#البحرين']","['NOUN', 'DET+NOUN', 'NOUN', 'PART', 'V+PRON', 'PREP+PRON', 'NOUN', 'NOUN+PRON', 'ADJ', 'V+PRON', 'PART', 'PART', 'ADJ+PRON', 'NOUN', 'HASH']",Qatar
313,314,لما تدمع عيوني فجأة على شي مكتوم بداخلي ، وبسرعة بمسح دموعي على أساس إني قوية . .. شعور يشبه الإختناق حتى الموت,"['لما', 'تدمع', 'عيوني', 'فجأة', 'على', 'شي', 'مكتوم', 'بداخلي', '،', 'وبسرعة', 'بمسح', 'دموعي', 'على', 'أساس', 'إني', 'قوية', '.', '..', 'شعور', 'يشبه', 'الإختناق', 'حتى', 'الموت']","['PART', 'V', 'NOUN+PRON', 'NOUN+NSUFF', 'PREP', 'NOUN', 'ADJ', 'PREP+NOUN+PRON', 'PUNC', 'CONJ+PREP+ADJ+NSUFF', 'PROG_PART+V', 'NOUN+PRON', 'PREP', 'NOUN', 'PART+PRON', 'ADJ+NSUFF', 'PUNC', 'PUNC', 'NOUN', 'V', 'DET+NOUN', 'PART', 'DET+NOUN']",Jordan
314,315,تسولف معاي كل يوم حتى بالاشياء السخيفه بس عشان مانسكت انت اجمل شي بالدنيا :( ?,"['تسولف', 'معاي', 'كل', 'يوم', 'حتى', 'بالاشياء', 'السخيفه', 'بس', 'عشان', 'مانسكت', 'انت', 'اجمل', 'شي', 'بالدنيا', ':(', '?']","['V', 'PART+PRON', 'NOUN', 'NOUN', 'PART', 'PREP+DET+NOUN', 'DET+ADJ+NSUFF', 'PART', 'PART', 'PART+V', 'PRON', 'ADJ', 'NOUN', 'PREP+DET+NOUN', 'EMOT', 'PUNC']",Oman
315,316,مدريدي قاعد يمي يبي يرقع خسارته يقولي اكثر من تاهل دور الأتكيت 4 بالابطال اهو مدريد شترقع شتخلي شتهبب الشق عود ? ?,"['مدريدي', 'قاعد', 'يمي', 'يبي', 'يرقع', 'خسارته', 'يقولي', 'اكثر', 'من', 'تاهل', 'دور', 'الأتكيت', '4', 'بالابطال', 'اهو', 'مدريد', 'شترقع', 'شتخلي', 'شتهبب', 'الشق', 'عود', '?', '?']","['ADJ', 'ADJ', 'NOUN+PRON', 'V', 'V', 'NOUN+NSUFF+PRON', 'V+PRON', 'ADJ', 'PART', 'V', 'NOUN', 'DET+NOUN', 'NUM', 'PREP+DET+NOUN', 'PRON', 'NOUN', 'PART+V', 'PART+V+PRON', 'PART+V', 'DET+NOUN', 'NOUN', 'PUNC', 'PUNC']",Qatar
316,317,ياالله دعيتك / بصوت دااخلة غصة ارحل - بمثوااي متشهد ، ومتوضي والا بدنيااي ماني عارف ( القصه ) ازعل على الناس ولا على حظي,"['ياالله', 'دعيتك', '/', 'بصوت', 'دااخلة', 'غصة', 'ارحل', '-', 'بمثوااي', 'متشهد', '،', 'ومتوضي', 'والا', 'بدنيااي', 'ماني', 'عارف', '(', 'القصه', ')', 'ازعل', 'على', 'الناس', 'ولا', 'على', 'حظي']","['PART+NOUN', 'V+PRON+PRON', 'PUNC', 'PREP+NOUN', 'NOUN+PRON', 'NOUN+NSUFF', 'V', 'PUNC', 'PREP+NOUN+PRON', 'ADJ', 'PUNC', 'CONJ+ADJ', 'CONJ+PART', 'PREP+NOUN+PRON', 'PART', 'ADJ', 'PUNC', 'DET+NOUN+NSUFF', 'PUNC', 'V', 'PREP', 'DET+NOUN', 'CONJ+PART', 'PREP', 'NOUN+PRON']",Yemen
317,318,حبيتك بقوه مع اني مامسكت يدك وما حضنتك $ ولا حتى اقدر اشوفك بكل وقت لان قلبي اللي عشقك ! مو عيني,"['حبيتك', 'بقوه', 'مع', 'اني', 'مامسكت', 'يدك', 'وما', 'حضنتك', '$', 'ولا', 'حتى', 'اقدر', 'اشوفك', 'بكل', 'وقت', 'لان', 'قلبي', 'اللي', 'عشقك', '!', 'مو', 'عيني']","['V+PRON+PRON+PRON', 'PREP+NOUN+NSUFF', 'NOUN', 'PART+PRON', 'PART+V+PRON', 'NOUN+PRON', 'CONJ+PART', 'V+PRON+PRON', 'PUNC', 'CONJ+PART', 'PART', 'V', 'V+PRON', 'PREP+NOUN', 'NOUN', 'PREP+PART', 'NOUN+PRON', 'PART', 'V+PRON', 'PUNC', 'PART', 'NOUN+PRON']",Yemen
318,319,@alflysy شكل احد محرظك عليا قاعد لي من امس الى الحين,"['@alflysy', 'شكل', 'احد', 'محرظك', 'عليا', 'قاعد', 'لي', 'من', 'امس', 'الى', 'الحين']","['MENTION', 'NOUN', 'NOUN', 'ADJ+PRON', 'PREP+PRON', 'ADJ', 'PREP+PRON', 'PREP', 'NOUN', 'PREP', 'NOUN']",Qatar
319,320,الجو مال يجي تسونامي ويلعن اخته ويفكنا منه . . هد ويش اختنقت ازيد من ما انا مخنوق !,"['الجو', 'مال', 'يجي', 'تسونامي', 'ويلعن', 'اخته', 'ويفكنا', 'منه', '.', '.', 'هد', 'ويش', 'اختنقت', 'ازيد', 'من', 'ما', 'انا', 'مخنوق', '!']","['DET+NOUN', 'NOUN', 'V', 'NOUN', 'CONJ+V', 'NOUN+PRON', 'CONJ+V+PRON', 'PREP+PRON', 'PUNC', 'PUNC', 'NOUN', 'NOUN', 'V+PRON', 'ADJ', 'PREP', 'PART', 'PRON', 'ADJ', 'PUNC']",Iraq
320,321,"مو قادر اصدق ان يوم الاحد بنشوف فيري تيل :"") راح يصير يوم الاحد ل ون بيس وفيري تيل وعييييييييييييييييييييييييييييييش","['مو', 'قادر', 'اصدق', 'ان', 'يوم', 'الاحد', 'بنشوف', 'فيري', 'تيل', ':"")', 'راح', 'يصير', 'يوم', 'الاحد', 'ل', 'ون', 'بيس', 'وفيري', 'تيل', 'وعييييييييييييييييييييييييييييييش']","['PART', 'ADJ', 'V', 'PART', 'NOUN', 'DET+NOUN', 'PROG_PART+V', 'NOUN', 'NOUN', 'EMOT', 'FUT_PART', 'V', 'NOUN', 'DET+NOUN', 'PREP', 'NUM', 'NOUN', 'CONJ+NOUN', 'NOUN', 'EMOT']",Qatar
321,322,": أكبر مني أو أصغر مني ما دام جوك زي جوي ما يهمني عمرك ~ o ) . ""","[':', 'أكبر', 'مني', 'أو', 'أصغر', 'مني', 'ما', 'دام', 'جوك', 'زي', 'جوي', 'ما', 'يهمني', 'عمرك', '~', 'o', ')', '.', '""']","['PUNC', 'ADJ', 'PREP+PRON', 'PART', 'ADJ', 'PREP+PRON', 'PART', 'V', 'NOUN+PRON', 'NOUN', 'NOUN+PRON', 'PART', 'V+PRON', 'NOUN+PRON', 'PUNC', 'PUNC', 'PUNC', 'PUNC', 'PUNC']",Oman
322,323,وش أوصف فيك يا مكثر حلاك ؟ كل شي فيك بالزين امتلأ ? ?,"['وش', 'أوصف', 'فيك', 'يا', 'مكثر', 'حلاك', '؟', 'كل', 'شي', 'فيك', 'بالزين', 'امتلأ', '?', '?']","['PART', 'V', 'PREP+PRON', 'PART', 'PART+ADJ', 'NOUN+PRON', 'PUNC', 'NOUN', 'NOUN', 'PREP+PRON', 'PREP+DET+NOUN', 'V', 'PUNC', 'PUNC']",Yemen
323,324,شفت في عينك حياتي و ملفاي ، و أنت على ما قيل كل أمنياتي,"['شفت', 'في', 'عينك', 'حياتي', 'و', 'ملفاي', '،', 'و', 'أنت', 'على', 'ما', 'قيل', 'كل', 'أمنياتي']","['V+PRON', 'PREP', 'NOUN+PRON', 'NOUN+NSUFF+PRON', 'CONJ', 'NOUN+PRON', 'PUNC', 'CONJ', 'PRON', 'PREP', 'PART', 'V', 'NOUN', 'NOUN+NSUFF+PRON']",Yemen
324,325,الصيف عالأبواب مانبي چذي الله يرحم والديكم ? ? http://t.co/HCnKaIKo8M,"['الصيف', 'عالأبواب', 'مانبي', 'چذي', 'الله', 'يرحم', 'والديكم', '?', '?', 'http://t.co/HCnKaIKo8M']","['DET+NOUN', 'PREP+DET+NOUN', 'PART+V', 'ADV', 'NOUN', 'V', 'NOUN+NSUFF+PRON', 'PUNC', 'PUNC', 'URL']",Iraq
325,326,هو مو بس مآ يتعوض هو حشآ محدن يقدر يآخذ مگآنہ ?,"['هو', 'مو', 'بس', 'مآ', 'يتعوض', 'هو', 'حشآ', 'محدن', 'يقدر', 'يآخذ', 'مگآنہ', '?']","['PRON', 'PART', 'PART', 'PART', 'V', 'PRON', 'NOUN', 'PART+NOUN+NSUFF', 'V', 'V', 'NOUN+PRON', 'PUNC']",Yemen
326,327,ذي التغريدة مجرد كلام فاضي ياخذ بضع ثواني من حياتكم البائسه ? ? .,"['ذي', 'التغريدة', 'مجرد', 'كلام', 'فاضي', 'ياخذ', 'بضع', 'ثواني', 'من', 'حياتكم', 'البائسه', '?', '?', '.']","['PRON', 'DET+NOUN+NSUFF', 'NOUN', 'NOUN', 'ADJ', 'V', 'NOUN', 'NOUN', 'PREP', 'NOUN+NSUFF+PRON', 'DET+ADJ+NSUFF', 'PUNC', 'PUNC', 'PUNC']",Saudi Arabia
327,328,@MajHomesick @ibahrani انجان زيين استيقظ ولكن ضربوا ولده هالمجنسين ! ! ! هالاشكال ما تستيقظ الا بالجزمة يا شيخ,"['@MajHomesick', '@ibahrani', 'انجان', 'زيين', 'استيقظ', 'ولكن', 'ضربوا', 'ولده', 'هالمجنسين', '!', '!', '!', 'هالاشكال', 'ما', 'تستيقظ', 'الا', 'بالجزمة', 'يا', 'شيخ']","['MENTION', 'MENTION', 'PART', 'ADJ', 'V', 'CONJ+CONJ', 'V+PRON', 'NOUN+PRON', 'PRON+DET+ADJ+PRON', 'PUNC', 'PUNC', 'PUNC', 'PRON+DET+NOUN', 'PART', 'V', 'PART', 'PREP+DET+NOUN+NSUFF', 'PART', 'NOUN']",Oman
328,329,والحمدلله على الصديقات اللي يسمعونا رغم إن كل كلامنا معيود ? ? ? ?,"['والحمدلله', 'على', 'الصديقات', 'اللي', 'يسمعونا', 'رغم', 'إن', 'كل', 'كلامنا', 'معيود', '?', '?', '?', '?']","['CONJ+DET+NOUN+NOUN', 'PREP', 'DET+NOUN+NSUFF', 'PART', 'V+PRON+PRON', 'NOUN', 'PART', 'NOUN', 'NOUN+PRON', 'ADJ', 'PUNC', 'PUNC', 'PUNC', 'PUNC']",Egypt
329,330,@Aljazita حكومة الإمارات تجيبهم دعم لالنظام في البحرين وتدريب مجاني وبعضهم يتسلى فينا ، ، اكشن,"['@Aljazita', 'حكومة', 'الإمارات', 'تجيبهم', 'دعم', 'لالنظام', 'في', 'البحرين', 'وتدريب', 'مجاني', 'وبعضهم', 'يتسلى', 'فينا', '،', '،', 'اكشن']","['MENTION', 'NOUN+NSUFF', 'DET+NOUN', 'V+PRON', 'NOUN', 'PREP+DET+NOUN', 'PREP', 'DET+NOUN', 'CONJ+NOUN', 'ADJ', 'CONJ+NOUN+PRON', 'V', 'PREP+PRON', 'PUNC', 'PUNC', 'NOUN']",Qatar
330,331,مومعقوله الي قاعد يصير باليونايتد ماكو هيبه في مسرح الاستهتار شنو قاعد يسوي مويس مهما كان في ضروف بس مومعقوله هذا المستوه,"['مومعقوله', 'الي', 'قاعد', 'يصير', 'باليونايتد', 'ماكو', 'هيبه', 'في', 'مسرح', 'الاستهتار', 'شنو', 'قاعد', 'يسوي', 'مويس', 'مهما', 'كان', 'في', 'ضروف', 'بس', 'مومعقوله', 'هذا', 'المستوه']","['PART+ADJ+NSUFF', 'PRON', 'ADJ', 'V', 'PREP+DET+NOUN', 'PART', 'NOUN+NSUFF', 'PREP', 'NOUN', 'DET+NOUN', 'PART', 'ADJ', 'V+PRON', 'NOUN', 'PART', 'V', 'PREP', 'NOUN', 'PART', 'PART+ADJ+NSUFF', 'PRON', 'DET+NOUN']",Iraq
331,332,اخوي ترا ماله داعي تصارخ كل ما شلت لك حديدة شوي شوي لا تزق بالغلط,"['اخوي', 'ترا', 'ماله', 'داعي', 'تصارخ', 'كل', 'ما', 'شلت', 'لك', 'حديدة', 'شوي', 'شوي', 'لا', 'تزق', 'بالغلط']","['NOUN+PRON', 'PART', 'PART+PREP+PRON', 'NOUN', 'V', 'NOUN', 'PART', 'V', 'PREP+PRON', 'NOUN+NSUFF', 'ADJ', 'ADJ', 'PART', 'V', 'PREP+DET+NOUN']",Qatar
332,333,? كلك غيااب وش تتغلى عليه موعد سواليفك دقيقة وغيبتك عاام ? .,"['?', 'كلك', 'غيااب', 'وش', 'تتغلى', 'عليه', 'موعد', 'سواليفك', 'دقيقة', 'وغيبتك', 'عاام', '?', '.']","['PUNC', 'NOUN+PRON', 'NOUN', 'PART', 'V', 'PREP+PRON', 'NOUN', 'NOUN+PRON', 'NOUN+NSUFF', 'CONJ+NOUN+NSUFF+PRON', 'NOUN', 'PUNC', 'PUNC']",Yemen
333,334,هالمجتمع لازم علاقاتهم تنتهي بتجريح و حكي واطي ماعندهم ثقافه النهايات ترا عادي تنتهون وانتم تذكرون بعض بالخير او حتى تبتسمون لبعض من بعيد .,"['هالمجتمع', 'لازم', 'علاقاتهم', 'تنتهي', 'بتجريح', 'و', 'حكي', 'واطي', 'ماعندهم', 'ثقافه', 'النهايات', 'ترا', 'عادي', 'تنتهون', 'وانتم', 'تذكرون', 'بعض', 'بالخير', 'او', 'حتى', 'تبتسمون', 'لبعض', 'من', 'بعيد', '.']","['PRON+DET+NOUN', 'ADJ', 'NOUN+NSUFF+PRON', 'V', 'PREP+NOUN', 'CONJ', 'NOUN', 'ADJ', 'PART+NOUN+PRON', 'NOUN+NSUFF', 'DET+NOUN+NSUFF', 'PART', 'ADJ', 'V+PRON', 'CONJ+PRON', 'V+PRON', 'NOUN', 'PREP+DET+NOUN', 'PART', 'PART', 'V+PRON', 'PREP+NOUN', 'PREP', 'NOUN', 'PUNC']",Iraq
334,335,من تغير يجيب الله ألف غيرة ومن نسى ماني بحاجته لا ذكر ، يمكن انه في غيابه ألف خيرة والعمر ما يوقف على غيبة بشر,"['من', 'تغير', 'يجيب', 'الله', 'ألف', 'غيرة', 'ومن', 'نسى', 'ماني', 'بحاجته', 'لا', 'ذكر', '،', 'يمكن', 'انه', 'في', 'غيابه', 'ألف', 'خيرة', 'والعمر', 'ما', 'يوقف', 'على', 'غيبة', 'بشر']","['PART', 'V', 'V', 'NOUN', 'NUM', 'NOUN+PRON', 'CONJ+PART', 'V', 'PART', 'PREP+NOUN+NSUFF+PRON', 'PART', 'V', 'PUNC', 'V', 'PART+PRON', 'PREP', 'NOUN+PRON', 'NUM', 'NOUN+NSUFF', 'CONJ+DET+NOUN', 'PART', 'V', 'PREP', 'NOUN+NSUFF', 'NOUN']",Yemen
335,336,وقف وعطني كل شي خذيته شوق ووفا واحساس قلبي وحب واماني ? ? ? ?,"['وقف', 'وعطني', 'كل', 'شي', 'خذيته', 'شوق', 'ووفا', 'واحساس', 'قلبي', 'وحب', 'واماني', '?', '?', '?', '?']","['V', 'CONJ+V+PRON', 'NOUN', 'NOUN', 'V+PRON+PRON+PRON', 'NOUN', 'CONJ+NOUN', 'CONJ+NOUN', 'NOUN+PRON', 'CONJ+NOUN', 'CONJ+NOUN', 'PUNC', 'PUNC', 'PUNC', 'PUNC']",Yemen
336,337,طول عمري انا زعلان غير لما بكون وياك ارجعيلي,"['طول', 'عمري', 'انا', 'زعلان', 'غير', 'لما', 'بكون', 'وياك', 'ارجعيلي']","['NOUN', 'NOUN+PRON', 'PRON', 'ADJ', 'NOUN', 'PART', 'PROG_PART+V', 'NOUN+PRON', 'V+PRON+PREP+PRON']",Iraq
337,338,تبي الفرقا ؟ افرق شعرك نص يمين ونص يسار ، غير كيذا مقدر اساعدك,"['تبي', 'الفرقا', '؟', 'افرق', 'شعرك', 'نص', 'يمين', 'ونص', 'يسار', '،', 'غير', 'كيذا', 'مقدر', 'اساعدك']","['V', 'DET+NOUN', 'PUNC', 'V', 'NOUN+PRON', 'NOUN', 'NOUN', 'CONJ+NOUN', 'NOUN', 'PUNC', 'NOUN', 'ADV', 'PART+V', 'V+PRON']",Yemen
338,339,ما ابالغ بس قسما إنها من اجمل البنات اللي ب هالعمر ، ياخي حتى ملامح البرآءه لسا فيها ما شاء الله @b_damdoom http://t.co/1rmt0mhvwm,"['ما', 'ابالغ', 'بس', 'قسما', 'إنها', 'من', 'اجمل', 'البنات', 'اللي', 'ب', 'هالعمر', '،', 'ياخي', 'حتى', 'ملامح', 'البرآءه', 'لسا', 'فيها', 'ما', 'شاء', 'الله', '@b_damdoom', 'http://t.co/1rmt0mhvwm']","['PART', 'V', 'PART', 'NOUN+CASE', 'PART+PRON', 'PREP', 'ADJ', 'DET+NOUN', 'PART', 'PREP', 'PRON+DET+NOUN', 'PUNC', 'PART+NOUN', 'PART', 'NOUN', 'DET+NOUN+NSUFF', 'ADV', 'PREP+PRON', 'PART', 'V', 'NOUN', 'MENTION', 'URL']",Saudi Arabia
339,340,تخيلوا بس ادق على ديما وجوالها يطلع مو مغلق ? ? ? ? ? ? ? ?,"['تخيلوا', 'بس', 'ادق', 'على', 'ديما', 'وجوالها', 'يطلع', 'مو', 'مغلق', '?', '?', '?', '?', '?', '?', '?', '?']","['V+PRON', 'PART', 'V', 'PREP', 'NOUN', 'CONJ+NOUN+PRON', 'V', 'PART', 'ADJ', 'PUNC', 'PUNC', 'PUNC', 'PUNC', 'PUNC', 'PUNC', 'PUNC', 'PUNC']",Saudi Arabia
340,341,لما تفكر فى حاجة و تلاقى اللى قدامك قالها ! وات ايز زيس ! ! !,"['لما', 'تفكر', 'فى', 'حاجة', 'و', 'تلاقى', 'اللى', 'قدامك', 'قالها', '!', 'وات', 'ايز', 'زيس', '!', '!', '!']","['PART', 'V', 'PREP', 'NOUN+NSUFF', 'CONJ', 'V', 'PRON', 'NOUN+PRON', 'V+PRON', 'PUNC', 'PART', 'V', 'PRON', 'PUNC', 'PUNC', 'PUNC']",Egypt
341,342,كنت اكتئب لما اشوف وجهي بالكاميرا الانجليزي لين ماشفت وجهي على ثلاجة القهوة . اللهم حسن الخطأ فقط,"['كنت', 'اكتئب', 'لما', 'اشوف', 'وجهي', 'بالكاميرا', 'الانجليزي', 'لين', 'ماشفت', 'وجهي', 'على', 'ثلاجة', 'القهوة', '.', 'اللهم', 'حسن', 'الخطأ', 'فقط']","['V+PRON', 'V', 'PART', 'V', 'NOUN+PRON', 'PREP+DET+NOUN', 'DET+ADJ', 'PART', 'PART+V', 'NOUN+PRON', 'PREP', 'NOUN+NSUFF', 'DET+NOUN+NSUFF', 'PUNC', 'NOUN', 'V', 'DET+NOUN', 'ADV']",Saudi Arabia
342,343,نادر ما يتكلم عن نفسه ، ولو حبيت تعرف شيء عنه تقرب منه وهو بنفسه راح يقولك #العذراء,"['نادر', 'ما', 'يتكلم', 'عن', 'نفسه', '،', 'ولو', 'حبيت', 'تعرف', 'شيء', 'عنه', 'تقرب', 'منه', 'وهو', 'بنفسه', 'راح', 'يقولك', '#العذراء']","['ADJ', 'PART', 'V', 'PREP', 'NOUN+PRON', 'PUNC', 'CONJ+PART', 'V+PRON+PRON', 'V', 'NOUN', 'PREP+PRON', 'V', 'PREP+PRON', 'CONJ+PRON', 'PREP+NOUN+PRON', 'FUT_PART', 'V+PRON', 'HASH']",Jordan
343,344,الاستهتار الزائد بالخصم واللامبالاه ! ! كانت هذيه نتائجها لالأسف ! ! اللاعبين مافيه اي تقدير منهم ولا روح لالأسف ! !,"['الاستهتار', 'الزائد', 'بالخصم', 'واللامبالاه', '!', '!', 'كانت', 'هذيه', 'نتائجها', 'لالأسف', '!', '!', 'اللاعبين', 'مافيه', 'اي', 'تقدير', 'منهم', 'ولا', 'روح', 'لالأسف', '!', '!']","['DET+NOUN', 'DET+ADJ', 'PREP+DET+NOUN', 'CONJ+DET+PART+NOUN+NSUFF', 'PUNC', 'PUNC', 'V+PRON', 'PRON', 'NOUN+PRON', 'PREP+DET+NOUN', 'PUNC', 'PUNC', 'DET+NOUN+PRON', 'PART+PREP+PRON', 'PART', 'NOUN', 'PREP+PRON', 'CONJ+PART', 'NOUN', 'PREP+DET+NOUN', 'PUNC', 'PUNC']",Yemen
344,345,كنت آكل جلكسي قلت لإختي جيبي جوال أمي قالت ف يدك (: فهمتوا يحليلها سامجه زي أختها,"['كنت', 'آكل', 'جلكسي', 'قلت', 'لإختي', 'جيبي', 'جوال', 'أمي', 'قالت', 'ف', 'يدك', '(:', 'فهمتوا', 'يحليلها', 'سامجه', 'زي', 'أختها']","['V+PRON', 'V', 'NOUN', 'V+PRON', 'PREP+NOUN+PRON', 'V+PRON', 'NOUN', 'NOUN+PRON', 'V+PRON', 'PREP', 'NOUN+PRON', 'EMOT', 'V+PRON+PRON', 'PART+ADJ+PRON', 'ADJ+NSUFF', 'NOUN', 'NOUN+PRON']",Saudi Arabia
345,346,@Ghazi_alsmiri ياهلا ومية غلا ، ، مساك وأوقاتك وأيامك كمان يارب كلها خير ورضاء ومحبه مع اهلك وناسك ياحلو . ..,"['@Ghazi_alsmiri', 'ياهلا', 'ومية', 'غلا', '،', '،', 'مساك', 'وأوقاتك', 'وأيامك', 'كمان', 'يارب', 'كلها', 'خير', 'ورضاء', 'ومحبه', 'مع', 'اهلك', 'وناسك', 'ياحلو', '.', '..']","['MENTION', 'PART+NOUN', 'CONJ+NUM+NSUFF', 'NOUN', 'PUNC', 'PUNC', 'NOUN+PRON', 'CONJ+NOUN+PRON', 'CONJ+NOUN+PRON', 'ADV', 'PART+NOUN', 'NOUN+PRON', 'NOUN', 'CONJ+NOUN', 'CONJ+NOUN+NSUFF', 'NOUN', 'NOUN+PRON', 'CONJ+NOUN+PRON', 'PART+ADJ', 'PUNC', 'PUNC']",Saudi Arabia
346,347,اكثر شي جذبني لوحة السيارة ههههه رقم جوال مو لوحة سياره يمدي الحرامي يوصل جده وانت تقرا بالارقام ههههه http://t.co/BFpVIQ3ecc,"['اكثر', 'شي', 'جذبني', 'لوحة', 'السيارة', 'ههههه', 'رقم', 'جوال', 'مو', 'لوحة', 'سياره', 'يمدي', 'الحرامي', 'يوصل', 'جده', 'وانت', 'تقرا', 'بالارقام', 'ههههه', 'http://t.co/BFpVIQ3ecc']","['ADJ', 'NOUN', 'V+PRON', 'NOUN+NSUFF', 'DET+NOUN+NSUFF', 'EMOT', 'NOUN', 'NOUN', 'PART', 'NOUN+NSUFF', 'NOUN+NSUFF', 'V', 'DET+NOUN', 'V', 'NOUN', 'CONJ+PRON', 'V', 'PREP+DET+NOUN', 'EMOT', 'URL']",Yemen
347,348,دايما الشخص اللي ينتقدك كثير حاول يكون مثلك بس ماقدر عشان كذا لا تهتم وخلك واثق بنفسك,"['دايما', 'الشخص', 'اللي', 'ينتقدك', 'كثير', 'حاول', 'يكون', 'مثلك', 'بس', 'ماقدر', 'عشان', 'كذا', 'لا', 'تهتم', 'وخلك', 'واثق', 'بنفسك']","['ADJ+CASE', 'DET+NOUN', 'PART', 'V+PRON', 'ADJ', 'V', 'V', 'NOUN+PRON', 'PART', 'PART+V', 'PART', 'ADV', 'PART', 'V', 'CONJ+V+PRON', 'ADJ', 'PREP+NOUN+PRON']",Oman
348,349,ترى لما اكتب تغريده مو يعني اني فاضيه يمكن اني اكتبها وانا انتظر نشافة الملابس توقف =) ! !,"['ترى', 'لما', 'اكتب', 'تغريده', 'مو', 'يعني', 'اني', 'فاضيه', 'يمكن', 'اني', 'اكتبها', 'وانا', 'انتظر', 'نشافة', 'الملابس', 'توقف', '=)', '!', '!']","['PART', 'PART', 'V', 'NOUN+NSUFF', 'PART', 'V', 'PART+PRON', 'ADJ+NSUFF', 'V', 'PART+PRON', 'V+PRON', 'CONJ+PRON', 'V', 'NOUN+NSUFF', 'DET+NOUN', 'V', 'EMOT', 'PUNC', 'PUNC']",Oman
349,350,@150M7mad الله يهديك بس ترا مو خوف والله عادي حسابي لالاسف رايف وربعه يبون يخترقونه لكن ربك أكرم بفضل الناس ودعواتهم,"['@150M7mad', 'الله', 'يهديك', 'بس', 'ترا', 'مو', 'خوف', 'والله', 'عادي', 'حسابي', 'لالاسف', 'رايف', 'وربعه', 'يبون', 'يخترقونه', 'لكن', 'ربك', 'أكرم', 'بفضل', 'الناس', 'ودعواتهم']","['MENTION', 'NOUN', 'V+PRON', 'PART', 'PART', 'PART', 'NOUN', 'CONJ+NOUN', 'ADJ', 'NOUN+PRON', 'PREP+DET+NOUN', 'ADJ', 'CONJ+NOUN+PRON', 'V+PRON', 'V+PRON+PRON', 'CONJ', 'NOUN+PRON', 'ADJ', 'PREP+NOUN', 'DET+NOUN', 'CONJ+NOUN+NSUFF+PRON']",Saudi Arabia
0,1,قاعد عم حاكي حالي بالأحرى صاير مجنون تويتر يا شاغل بالي راسي بي هالتلفون #AKpoems,"['قاعد', 'عم', 'حاكي', 'حالي', 'بالأحرى', 'صاير', 'مجنون', 'تويتر', 'يا', 'شاغل', 'بالي', 'راسي', 'بي', 'هالتلفون', '#AKpoems']","['ADJ', 'PART', 'V', 'NOUN+PRON', 'PREP+DET+ADJ', 'ADJ', 'ADJ', 'NOUN', 'PART', 'NOUN', 'NOUN+PRON', 'NOUN+PRON', 'PROG_PART', 'PRON+DET+NOUN', 'HASH']",Syria
1,2,@Nadahalawi لا خلص بنحكيلو هادي ألعاب نارية فرحانين فيك 0 0 ! !,"['@Nadahalawi', 'لا', 'خلص', 'بنحكيلو', 'هادي', 'ألعاب', 'نارية', 'فرحانين', 'فيك', '0', '0', '!', '!']","['MENTION', 'PART', 'NOUN', 'FUT_PART+V+PREP+PRON', 'PRON', 'NOUN', 'ADJ+NSUFF', 'ADJ+NSUFF', 'PREP+PRON', 'PUNC', 'PUNC', 'PUNC', 'PUNC']",Syria
2,3,طالعوا بس شوفوا الجمال بالله بالله فيه احد يتجرء يزعلها بكلمه او ينتقدها ( مجنونه انا في حبها ) @najwakaram http://t.co/8Mj3TU1ARn,"['طالعوا', 'بس', 'شوفوا', 'الجمال', 'بالله', 'بالله', 'فيه', 'احد', 'يتجرء', 'يزعلها', 'بكلمه', 'او', 'ينتقدها', '(', 'مجنونه', 'انا', 'في', 'حبها', ')', '@najwakaram', 'http://t.co/8Mj3TU1ARn']","['V+PRON', 'ADV', 'V+PRON', 'DET+NOUN', 'PREP+NOUN', 'PREP+NOUN', 'ADV', 'NOUN', 'V', 'V+PRON', 'PREP+NOUN+NSUFF', 'CONJ', 'V+PRON', 'PUNC', 'ADJ+NSUFF', 'PRON', 'PREP', 'NOUN+PRON', 'PUNC', 'MENTION', 'URL']",Saudi Arabia
3,4,#كيف_تغتال_زوجتك قلها شوفي لي السيارة من ورا ولما تنزل ارجع عليها وادعسها,"['#كيف_تغتال_زوجتك', 'قلها', 'شوفي', 'لي', 'السيارة', 'من', 'ورا', 'ولما', 'تنزل', 'ارجع', 'عليها', 'وادعسها']","['HASH', 'V+PRON', 'V+PRON', 'PREP+PRON', 'DET+NOUN+NSUFF', 'PREP', 'NOUN', 'CONJ+PART', 'V', 'V', 'PREP+PRON', 'CONJ+V+PRON']",Saudi Arabia
4,5,صباح الخير والحمدالله عالسلامة لالكل 0 0 0 بموضوع التفجيرات فادي بيحب انو الصحافيين يظهروا الحقيقة متل ما هي لأنو هيدا 0 0 0 http://t.co/VbYJPy2PLU,"['صباح', 'الخير', 'والحمدالله', 'عالسلامة', 'لالكل', '0', '0', '0', 'بموضوع', 'التفجيرات', 'فادي', 'بيحب', 'انو', 'الصحافيين', 'يظهروا', 'الحقيقة', 'متل', 'ما', 'هي', 'لأنو', 'هيدا', '0', '0', '0', 'http://t.co/VbYJPy2PLU']","['NOUN', 'DET+NOUN', 'CONJ+DET+NOUN', 'PREP+DET+NOUN+NSUFF', 'PREP+DET+NOUN', 'PUNC', 'PUNC', 'PUNC', 'PREP+NOUN', 'DET+NOUN+NSUFF', 'NOUN', 'PROG_PART+V', 'PART+PRON', 'DET+NOUN+NSUFF', 'V+PRON', 'DET+NOUN+NSUFF', 'NOUN', 'PART', 'PRON', 'PREP+PART+PRON', 'PRON', 'PUNC', 'PUNC', 'PUNC', 'URL']",Lebanon
5,6,قال لي جبتي هدية لأمك ؟ - أكيد كنت بدي قلك تجيبيلا السنة شي أكيد ما عندا منو - شو ؟ * ظبط قعدتو و ضحك قبل ما يقول * صهررررر Loool,"['قال', 'لي', 'جبتي', 'هدية', 'لأمك', '؟', '-', 'أكيد', 'كنت', 'بدي', 'قلك', 'تجيبيلا', 'السنة', 'شي', 'أكيد', 'ما', 'عندا', 'منو', '-', 'شو', '؟', '*', 'ظبط', 'قعدتو', 'و', 'ضحك', 'قبل', 'ما', 'يقول', '*', 'صهررررر', 'Loool']","['V', 'PREP+PRON', 'V+PRON+PRON', 'NOUN+NSUFF', 'PREP+NOUN+PRON', 'PUNC', 'PUNC', 'ADJ', 'V+PRON', 'NOUN+PRON', 'V+PRON', 'V+PRON+PREP+PRON', 'DET+NOUN+NSUFF', 'NOUN', 'ADJ', 'PART', 'NOUN+PRON', 'PREP+PRON', 'PUNC', 'PART', 'PUNC', 'PUNC', 'V', 'NOUN+NSUFF+PRON', 'CONJ', 'V', 'NOUN', 'PART', 'V', 'PUNC', 'NOUN', 'FOREIGN']",Lebanon
6,7,في ناس وظيفتها في الحياة سد النفس o_O أيوااااااه بالزبط متل إلي خطر ع بالك هلأ :-\,"['في', 'ناس', 'وظيفتها', 'في', 'الحياة', 'سد', 'النفس', 'o_O', 'أيوااااااه', 'بالزبط', 'متل', 'إلي', 'خطر', 'ع', 'بالك', 'هلأ', ':-\\']","['ADV', 'NOUN', 'NOUN+NSUFF+PRON', 'PREP', 'DET+NOUN+NSUFF', 'NOUN', 'DET+NOUN', 'EMOT', 'PART', 'PREP+DET+NOUN', 'NOUN', 'PART', 'V', 'PREP', 'NOUN+PRON', 'NOUN', 'EMOT']",Lebanon
7,8,@joemaalouftv @7kiJelis من الضعف منخلق قوة وكلنا لبنانيين سياسيين بلا تكلفة مالية انو تشارك بالمشروع بتامل سياسيين يتواضعه وينزلو عن كراسيهن,"['@joemaalouftv', '@7kiJelis', 'من', 'الضعف', 'منخلق', 'قوة', 'وكلنا', 'لبنانيين', 'سياسيين', 'بلا', 'تكلفة', 'مالية', 'انو', 'تشارك', 'بالمشروع', 'بتامل', 'سياسيين', 'يتواضعه', 'وينزلو', 'عن', 'كراسيهن']","['MENTION', 'MENTION', 'PREP', 'DET+NOUN', 'PROG_PART+V', 'NOUN+NSUFF', 'CONJ+NOUN+PRON', 'NOUN+NSUFF', 'ADJ+NSUFF', 'PART', 'NOUN+NSUFF', 'ADJ+NSUFF', 'PART+PRON', 'V', 'PREP+DET+NOUN', 'PROG_PART+V', 'NOUN+NSUFF', 'V+PRON', 'CONJ+V+PRON', 'PREP', 'NOUN+PRON']",Syria
8,9,تحية لجمهور ١٤ آذار يللي عم بيعاني مرتين : مرة من تزريك اللبنانيين على مهرجانه ومرة تانية من مستوى كلمات قياداته سامحونا 0,"['تحية', 'لجمهور', '١٤', 'آذار', 'يللي', 'عم', 'بيعاني', 'مرتين', ':', 'مرة', 'من', 'تزريك', 'اللبنانيين', 'على', 'مهرجانه', 'ومرة', 'تانية', 'من', 'مستوى', 'كلمات', 'قياداته', 'سامحونا', '0']","['NOUN+NSUFF', 'PREP+NOUN', 'NUM', 'NOUN', 'PART', 'PART', 'PROG_PART+V', 'NOUN+NSUFF+NSUFF', 'PUNC', 'NOUN+NSUFF', 'PREP', 'NOUN', 'DET+NOUN+NSUFF', 'PREP', 'NOUN+NSUFF', 'CONJ+NOUN+NSUFF', 'ADJ+NSUFF', 'PREP', 'NOUN', 'NOUN+NSUFF', 'NOUN+NSUFF+NSUFF', 'V+PRON+PRON', 'PUNC']",Syria
9,10,وقت تقرا كومنت شخص عالفيسبوك و هو عم يبيض طناجر وانت بتعرفو بالحياة العادية تماما مش هيك يو فيل لايك : وظفك ؟ ؟ ! ! http://t.co/tANWbzvaoq,"['وقت', 'تقرا', 'كومنت', 'شخص', 'عالفيسبوك', 'و', 'هو', 'عم', 'يبيض', 'طناجر', 'وانت', 'بتعرفو', 'بالحياة', 'العادية', 'تماما', 'مش', 'هيك', 'يو', 'فيل', 'لايك', ':', 'وظفك', '؟', '؟', '!', '!', 'http://t.co/tANWbzvaoq']","['NOUN', 'V', 'NOUN', 'NOUN', 'PREP+DET+NOUN', 'CONJ', 'PRON', 'PART', 'V', 'NOUN', 'CONJ+PRON', 'PROG_PART+V+PRON', 'PREP+DET+NOUN+NSUFF', 'DET+ADJ+NSUFF', 'NOUN+CASE', 'PART', 'ADV', 'PRON', 'V', 'NOUN', 'PUNC', 'NOUN', 'PUNC', 'PUNC', 'PUNC', 'PUNC', 'URL']",Syria
10,11,انو هالمسلحين بينزلو على الشوارع وما حدا بيعرف مين هني وبتولع الحرب وبيروح قتلى وجرحى وبعدين بيفلو وما حدا بتم القبض عليه 0 سايبة,"['انو', 'هالمسلحين', 'بينزلو', 'على', 'الشوارع', 'وما', 'حدا', 'بيعرف', 'مين', 'هني', 'وبتولع', 'الحرب', 'وبيروح', 'قتلى', 'وجرحى', 'وبعدين', 'بيفلو', 'وما', 'حدا', 'بتم', 'القبض', 'عليه', '0', 'سايبة']","['PART+PRON', 'PRON+DET+NOUN+NSUFF', 'PROG_PART+V+PREP', 'PREP', 'DET+NOUN', 'CONJ+PART', 'NOUN', 'PROG_PART+V', 'PART', 'PRON', 'CONJ+PROG_PART+V', 'DET+NOUN', 'CONJ+PROG_PART+V', 'NOUN', 'CONJ+NOUN', 'CONJ+NOUN', 'PROG_PART+V+PRON', 'CONJ+PART', 'NOUN', 'PROG_PART+V', 'DET+NOUN', 'PREP+PRON', 'PUNC', 'ADJ+NSUFF']",Syria
11,12,و انت قديش راتبك ؟ قلو العربي : حوالي 200 دولار ! سأله الأمريكي : هدول بدل شو ؟ قلو : بدل ما أشحد,"['و', 'انت', 'قديش', 'راتبك', '؟', 'قلو', 'العربي', ':', 'حوالي', '200', 'دولار', '!', 'سأله', 'الأمريكي', ':', 'هدول', 'بدل', 'شو', '؟', 'قلو', ':', 'بدل', 'ما', 'أشحد']","['CONJ', 'PRON', 'PART', 'NOUN+PRON', 'PUNC', 'V+PRON', 'DET+NOUN', 'PUNC', 'NOUN', 'NUM', 'NOUN', 'PUNC', 'V+PRON', 'DET+NOUN', 'PUNC', 'PRON', 'NOUN', 'PART', 'PUNC', 'V+PRON', 'PUNC', 'NOUN', 'PART', 'V']",Palestine
12,13,عن شغلات كنا نتمناها ميتين لتصير ملكنا بس لمن تجي مأخرة ما بتعود تعني أي شي,"['عن', 'شغلات', 'كنا', 'نتمناها', 'ميتين', 'لتصير', 'ملكنا', 'بس', 'لمن', 'تجي', 'مأخرة', 'ما', 'بتعود', 'تعني', 'أي', 'شي']","['PREP', 'NOUN+NSUFF', 'V+PRON', 'V+PRON+PRON', 'ADJ+NSUFF', 'PREP+V', 'NOUN+PRON', 'PART', 'PART', 'V', 'ADJ+NSUFF', 'PART', 'PROG_PART+V', 'V', 'NOUN', 'NOUN']",Syria
13,14,شعور حقير لما تتدايق من حدا بتحبو وتقله bye 0 0 ويرد يقلك bye 0 .. لك راضيني يا حيوان زعلان أنا ! !,"['شعور', 'حقير', 'لما', 'تتدايق', 'من', 'حدا', 'بتحبو', 'وتقله', 'bye', '0', '0', 'ويرد', 'يقلك', 'bye', '0', '..', 'لك', 'راضيني', 'يا', 'حيوان', 'زعلان', 'أنا', '!', '!']","['NOUN', 'ADJ', 'PART', 'V', 'PREP', 'NOUN', 'PROG_PART+V+PRON', 'CONJ+V+PRON', 'FOREIGN', 'PUNC', 'PUNC', 'CONJ+V', 'V+PRON', 'FOREIGN', 'PUNC', 'PUNC', 'PART', 'V+PRON', 'PART', 'NOUN', 'ADJ', 'PRON', 'PUNC', 'PUNC']",Syria
14,15,#طز_بفخامتك_لانك لانو بعهد فخامتك الزعران بيتفلتو بالشوارع و بيصيرو وزراء و القوادم بينزتو بالحبوس,"['#طز_بفخامتك_لانك', 'لانو', 'بعهد', 'فخامتك', 'الزعران', 'بيتفلتو', 'بالشوارع', 'و', 'بيصيرو', 'وزراء', 'و', 'القوادم', 'بينزتو', 'بالحبوس']","['HASH', 'PREP+PART+PRON', 'PREP+NOUN', 'NOUN+PRON+PRON', 'DET+NOUN', 'PROG_PART+V+PRON', 'PREP+DET+NOUN', 'CONJ', 'PROG_PART+V+PRON', 'NOUN', 'CONJ', 'DET+NOUN', 'PROG_PART+V+PRON', 'PREP+DET+NOUN']",Jordan
15,16,@nadinezeidane يعنى شو بدى احكى يمكن وقت منكون عمنرد عليه عمنكبرو لالصرصور http://t.co/n9eakjAmdg,"['@nadinezeidane', 'يعنى', 'شو', 'بدى', 'احكى', 'يمكن', 'وقت', 'منكون', 'عمنرد', 'عليه', 'عمنكبرو', 'لالصرصور', 'http://t.co/n9eakjAmdg']","['MENTION', 'V', 'PART', 'NOUN+PRON', 'V', 'V', 'NOUN', 'PART+V', 'PART+V', 'PREP+PRON', 'PART+V', 'PREP+DET+NOUN', 'URL']",Jordan
16,17,iriSaad @STLebanon متفقين وضربات العصي ما عم تنزل غير عالشعب ومين سائل كل مسؤول عم يشتغل ليستلم كرسي اكبر من السابقة,"['iriSaad', '@STLebanon', 'متفقين', 'وضربات', 'العصي', 'ما', 'عم', 'تنزل', 'غير', 'عالشعب', 'ومين', 'سائل', 'كل', 'مسؤول', 'عم', 'يشتغل', 'ليستلم', 'كرسي', 'اكبر', 'من', 'السابقة']","['FOREIGN', 'MENTION', 'NOUN+NSUFF', 'CONJ+NOUN+NSUFF', 'DET+NOUN', 'PART', 'PART', 'V', 'NOUN', 'PREP+DET+NOUN', 'CONJ+PART', 'NOUN', 'NOUN', 'NOUN', 'PART', 'V', 'PREP+V', 'NOUN', 'ADJ', 'PREP', 'DET+NOUN+NSUFF']",Syria
17,18,البلد بإمه وأبوه معهم ضاقت بعينكم غرف سرية تحت مبنى المطار ؟ ولوووووو شو عينكم ضيقة أركيلة يا ولد,"['البلد', 'بإمه', 'وأبوه', 'معهم', 'ضاقت', 'بعينكم', 'غرف', 'سرية', 'تحت', 'مبنى', 'المطار', '؟', 'ولوووووو', 'شو', 'عينكم', 'ضيقة', 'أركيلة', 'يا', 'ولد']","['DET+NOUN', 'PREP+NOUN+PRON', 'CONJ+NOUN+PRON', 'NOUN+PRON', 'V+PRON', 'PREP+NOUN+PRON', 'NOUN', 'ADJ+NSUFF', 'NOUN', 'NOUN', 'DET+NOUN', 'PUNC', 'PART', 'PART', 'NOUN+PRON', 'ADJ+NSUFF', 'NOUN+NSUFF', 'PART', 'NOUN']",Syria
18,19,مشهد الدركي ب #ولاد_ولاد_البلد ما بيقطع 0 مش منطقي و واقعي ابدا 0 شو رأيكم ؟ ؟,"['مشهد', 'الدركي', 'ب', '#ولاد_ولاد_البلد', 'ما', 'بيقطع', '0', 'مش', 'منطقي', 'و', 'واقعي', 'ابدا', '0', 'شو', 'رأيكم', '؟', '؟']","['NOUN', 'DET+NOUN', 'PREP', 'HASH', 'PART', 'PROG_PART+V', 'PUNC', 'PART', 'ADJ', 'CONJ', 'ADJ', 'NOUN+CASE', 'PUNC', 'PART', 'NOUN+PRON', 'PUNC', 'PUNC']",Jordan
19,20,حاكم قصر بعبدا زار اليونيفيل اليوم وكلو امل انو يصير متلهم : كل سنة يجددوا له,"['حاكم', 'قصر', 'بعبدا', 'زار', 'اليونيفيل', 'اليوم', 'وكلو', 'امل', 'انو', 'يصير', 'متلهم', ':', 'كل', 'سنة', 'يجددوا', 'له']","['NOUN', 'NOUN', 'PREP+NOUN', 'V', 'DET+NOUN', 'DET+NOUN', 'CONJ+NOUN+PRON', 'NOUN', 'PART+PRON', 'V', 'NOUN+PRON', 'PUNC', 'NOUN', 'NOUN+NSUFF', 'V+PRON', 'PREP+PRON']",Jordan
20,21,واحد سأل محشش : اذا يوم من الايام خلص النفط والبنزين من العالم كيف بدنا نطلع بسيارتنا ؟ ؟ 0 0 المحشش : بعين الله ما النا غير التكاسي,"['واحد', 'سأل', 'محشش', ':', 'اذا', 'يوم', 'من', 'الايام', 'خلص', 'النفط', 'والبنزين', 'من', 'العالم', 'كيف', 'بدنا', 'نطلع', 'بسيارتنا', '؟', '؟', '0', '0', 'المحشش', ':', 'بعين', 'الله', 'ما', 'النا', 'غير', 'التكاسي']","['NOUN', 'V', 'NOUN', 'PUNC', 'NOUN', 'NOUN', 'PREP', 'DET+NOUN', 'V', 'DET+NOUN', 'CONJ+DET+NOUN', 'PREP', 'DET+NOUN', 'PART', 'NOUN+PRON', 'V', 'PREP+NOUN+NSUFF+PRON', 'PUNC', 'PUNC', 'PUNC', 'PUNC', 'DET+NOUN', 'PUNC', 'FUT_PART+V', 'NOUN', 'PART', 'PREP+PRON', 'NOUN', 'DET+NOUN']",Jordan
21,22,عزيزي الشب يلي بتقول لحبيبتك مستعد ابيع الدنيا عشانك 0 0 0 0 0 0 0 0 0 0 طيب احنا المساكين نروح نستأجر كوكب زحل عشان ترضا حضرة جنابا ؟,"['عزيزي', 'الشب', 'يلي', 'بتقول', 'لحبيبتك', 'مستعد', 'ابيع', 'الدنيا', 'عشانك', '0', '0', '0', '0', '0', '0', '0', '0', '0', '0', 'طيب', 'احنا', 'المساكين', 'نروح', 'نستأجر', 'كوكب', 'زحل', 'عشان', 'ترضا', 'حضرة', 'جنابا', '؟']","['NOUN+PRON', 'DET+NOUN', 'PART', 'PROG_PART+V', 'PREP+NOUN+PRON+PRON', 'ADJ', 'V', 'DET+NOUN', 'PART+PRON', 'PUNC', 'PUNC', 'PUNC', 'PUNC', 'PUNC', 'PUNC', 'PUNC', 'PUNC', 'PUNC', 'PUNC', 'ADJ', 'PRON', 'DET+NOUN', 'V', 'V', 'NOUN', 'NOUN', 'PART', 'V', 'NOUN+NSUFF', 'NOUN+PRON', 'PUNC']",Palestine
22,23,الختيار لما يرن تيليفونو : دقيقة ليطلعو من الجيبة دقيقة ليلبس العوينات ثلاث دقايق ليشوف مين المتصل اخر شي بيقول : ليك هل المرت عملي ميسد كول !,"['الختيار', 'لما', 'يرن', 'تيليفونو', ':', 'دقيقة', 'ليطلعو', 'من', 'الجيبة', 'دقيقة', 'ليلبس', 'العوينات', 'ثلاث', 'دقايق', 'ليشوف', 'مين', 'المتصل', 'اخر', 'شي', 'بيقول', ':', 'ليك', 'هل', 'المرت', 'عملي', 'ميسد', 'كول', '!']","['DET+NOUN', 'PART', 'V', 'NOUN+PRON', 'PUNC', 'NOUN+NSUFF', 'PREP+V+PRON', 'PREP', 'DET+NOUN+NSUFF', 'NOUN+NSUFF', 'PREP+V', 'DET+NOUN+NSUFF', 'NUM', 'NOUN', 'PREP+V', 'PART', 'DET+NOUN', 'NOUN', 'NOUN', 'PROG_PART+V', 'PUNC', 'PREP+PRON', 'PRON', 'DET+NOUN+NSUFF', 'V+PRON', 'NOUN', 'NOUN', 'PUNC']",Sudan
23,24,حبيبي اذا زعلت وبدك تاخد موقف ، ما حدا مانعك بس خود موقف الجيران واتركلي موقفي كرمال صف السيارة,"['حبيبي', 'اذا', 'زعلت', 'وبدك', 'تاخد', 'موقف', '،', 'ما', 'حدا', 'مانعك', 'بس', 'خود', 'موقف', 'الجيران', 'واتركلي', 'موقفي', 'كرمال', 'صف', 'السيارة']","['NOUN+PRON', 'NOUN', 'V+PRON', 'CONJ+NOUN+PRON', 'V', 'NOUN', 'PUNC', 'PART', 'NOUN', 'NOUN+PRON', 'PART', 'V', 'NOUN', 'DET+NOUN', 'CONJ+V+PREP+PRON', 'NOUN+PRON', 'PART', 'NOUN', 'DET+NOUN+NSUFF']",Syria
24,25,قالتلي انها انسانية وبتحب الحيوانات 0 ... قلتلها عندي حمامة عم فتش على عش ! ! ! ! #هلوسات_مسائية,"['قالتلي', 'انها', 'انسانية', 'وبتحب', 'الحيوانات', '0', '...', 'قلتلها', 'عندي', 'حمامة', 'عم', 'فتش', 'على', 'عش', '!', '!', '!', '!', '#هلوسات_مسائية']","['V+PRON+PREP+PRON', 'PART+PRON', 'ADJ+NSUFF', 'CONJ+PROG_PART+V', 'DET+NOUN+NSUFF', 'PUNC', 'PUNC', 'V+PREP+PRON', 'NOUN+PRON', 'NOUN+PRON', 'PART', 'V', 'PREP', 'NOUN', 'PUNC', 'PUNC', 'PUNC', 'PUNC', 'HASH']",Syria
25,26,sim _ paul @FirasSuleiman ولك حئك وحىء لكل بنت شريفة بلبنان تفكر هيك ونحنا معكون 0,"['sim', '_', 'paul', '@FirasSuleiman', 'ولك', 'حئك', 'وحىء', 'لكل', 'بنت', 'شريفة', 'بلبنان', 'تفكر', 'هيك', 'ونحنا', 'معكون', '0']","['FOREIGN', 'PUNC', 'FOREIGN', 'MENTION', 'CONJ+PART', 'NOUN+PRON', 'CONJ+NOUN', 'PREP+NOUN', 'NOUN', 'ADJ+NSUFF', 'PREP+NOUN', 'V', 'ADV', 'CONJ+PRON', 'NOUN+PRON', 'PUNC']",Lebanon
26,27,"#ما_في_لزوم تقلي بدي احكيكي بشي مهم و بس تبلش تقلي انسي ! ! من الأول يا انقبر احكي يا ضل مريحني بسكوتك احسن ! ! ""","['#ما_في_لزوم', 'تقلي', 'بدي', 'احكيكي', 'بشي', 'مهم', 'و', 'بس', 'تبلش', 'تقلي', 'انسي', '!', '!', 'من', 'الأول', 'يا', 'انقبر', 'احكي', 'يا', 'ضل', 'مريحني', 'بسكوتك', 'احسن', '!', '!', '""']","['HASH', 'V+PRON', 'NOUN+PRON', 'V+PRON', 'PREP+NOUN', 'ADJ', 'CONJ', 'ADV', 'V', 'V+PRON', 'V+PRON', 'PUNC', 'PUNC', 'PREP', 'DET+ADJ', 'PART', 'V', 'V', 'PART', 'V', 'ADJ+PRON', 'PREP+NOUN+PRON', 'ADJ', 'PUNC', 'PUNC', 'PUNC']",Lebanon
27,28,بحب قول لكل واحد بقول انو لبنان في طائفية انا بعمري ما كنت فرق بين البنت المسلمة والبنت المسيحية لي بتطلع بوجي بلطشا,"['بحب', 'قول', 'لكل', 'واحد', 'بقول', 'انو', 'لبنان', 'في', 'طائفية', 'انا', 'بعمري', 'ما', 'كنت', 'فرق', 'بين', 'البنت', 'المسلمة', 'والبنت', 'المسيحية', 'لي', 'بتطلع', 'بوجي', 'بلطشا']","['PROG_PART+V', 'V', 'PREP+NOUN', 'NOUN', 'PROG_PART+V', 'PART+PRON', 'NOUN', 'PREP', 'NOUN+NSUFF', 'PRON', 'PREP+NOUN+NSUFF', 'PART', 'V+PRON', 'V', 'NOUN', 'DET+NOUN', 'DET+NOUN+NSUFF', 'CONJ+DET+NOUN', 'DET+NOUN+NSUFF', 'PART', 'PROG_PART+V', 'PREP+NOUN+PRON', 'FUT_PART+V+PRON']",Lebanon
28,29,@kindaelkhatib هيدا شي لمستوا بشخصيتك اسم الله مهذبه وكلاس بتعاملك,"['@kindaelkhatib', 'هيدا', 'شي', 'لمستوا', 'بشخصيتك', 'اسم', 'الله', 'مهذبه', 'وكلاس', 'بتعاملك']","['MENTION', 'PRON', 'NOUN', 'V+PRON+PRON', 'PREP+NOUN+NSUFF+PRON', 'NOUN', 'NOUN', 'ADJ+NSUFF', 'CONJ+ADJ', 'PROG_PART+V+PRON']",Lebanon
29,30,@lebaneseneww ما بعتقد تخلو عن البلد ، ، انا بعتذر ما تفهم كلامي هجوم ولكن واجبي ك سوريه بتمثل بلدها صح اني دافع و كون شرسه,"['@lebaneseneww', 'ما', 'بعتقد', 'تخلو', 'عن', 'البلد', '،', '،', 'انا', 'بعتذر', 'ما', 'تفهم', 'كلامي', 'هجوم', 'ولكن', 'واجبي', 'ك', 'سوريه', 'بتمثل', 'بلدها', 'صح', 'اني', 'دافع', 'و', 'كون', 'شرسه']","['MENTION', 'PART', 'PROG_PART+V', 'V+PRON', 'PREP', 'DET+NOUN', 'PUNC', 'PUNC', 'PRON', 'PROG_PART+V', 'PART', 'V', 'NOUN+PRON', 'NOUN', 'CONJ+PART', 'NOUN+PRON', 'PREP', 'ADJ+NSUFF', 'PROG_PART+V', 'NOUN+PRON', 'NOUN', 'PART+PRON', 'V', 'CONJ', 'V', 'ADJ+NSUFF']",Iraq
30,31,@Darine_Hadchiti قدااام الكل > > حلفتلك وحيات عيونك > > قلتلك ما فيي فل كيف بدي فل ! وقبل م فل اشتقتلك,"['@Darine_Hadchiti', 'قدااام', 'الكل', '>', '>', 'حلفتلك', 'وحيات', 'عيونك', '>', '>', 'قلتلك', 'ما', 'فيي', 'فل', 'كيف', 'بدي', 'فل', '!', 'وقبل', 'م', 'فل', 'اشتقتلك']","['MENTION', 'NOUN', 'DET+NOUN', 'PUNC', 'PUNC', 'V+PRON+PREP+PRON', 'CONJ+NOUN+NSUFF', 'NOUN+PRON', 'PUNC', 'PUNC', 'V+PREP+PRON', 'PART', 'PREP+PRON', 'V', 'PART', 'NOUN+PRON', 'V', 'PUNC', 'CONJ+NOUN', 'PART', 'V', 'V+PRON+PREP+PRON']",Lebanon
31,32,بمجرد ما يقلك أنا حدك ومعك دايما وما بتركك لو شو ما بيصير #ما_توثق فيه 0,"['بمجرد', 'ما', 'يقلك', 'أنا', 'حدك', 'ومعك', 'دايما', 'وما', 'بتركك', 'لو', 'شو', 'ما', 'بيصير', '#ما_توثق', 'فيه', '0']","['PREP+ADV', 'PART', 'V+PRON', 'PRON', 'NOUN+PRON', 'CONJ+NOUN+PRON', 'ADJ+CASE', 'CONJ+PART', 'FUT_PART+V+PRON', 'PART', 'PART', 'PART', 'FUT_PART+V', 'HASH', 'PREP+PRON', 'PUNC']",Syria
32,33,بس يلي بدي افهموا إنوا أنا بسأل الدكتور سؤال ليش كل رفقاتي بيتحولوا لدكاترة,"['بس', 'يلي', 'بدي', 'افهموا', 'إنوا', 'أنا', 'بسأل', 'الدكتور', 'سؤال', 'ليش', 'كل', 'رفقاتي', 'بيتحولوا', 'لدكاترة']","['PART', 'PART', 'NOUN+PRON', 'V+PRON', 'PART+PRON', 'PRON', 'PROG_PART+V', 'DET+NOUN', 'NOUN', 'PART', 'NOUN', 'NOUN+NSUFF+PRON', 'PROG_PART+V+PRON', 'PREP+NOUN+NSUFF']",Syria
33,34,الزوجه : ليش ما قلتلي إنك فقير قبل الزواج ؟ ! الزوج : آنتي ماكنتي مركزة من يوم عرفتك وأنا آقولك أنتي كل اللي أملكه في هالدنيا ركزوا يا بنات,"['الزوجه', ':', 'ليش', 'ما', 'قلتلي', 'إنك', 'فقير', 'قبل', 'الزواج', '؟', '!', 'الزوج', ':', 'آنتي', 'ماكنتي', 'مركزة', 'من', 'يوم', 'عرفتك', 'وأنا', 'آقولك', 'أنتي', 'كل', 'اللي', 'أملكه', 'في', 'هالدنيا', 'ركزوا', 'يا', 'بنات']","['DET+NOUN+NSUFF', 'PUNC', 'PART', 'PART', 'V+PREP+PRON', 'PART+PRON', 'NOUN', 'NOUN', 'DET+NOUN', 'PUNC', 'PUNC', 'DET+NOUN', 'PUNC', 'PRON', 'PART+V+PRON', 'ADJ+NSUFF', 'PREP', 'NOUN', 'V+PRON+PRON', 'CONJ+PRON', 'V+PRON', 'PRON', 'NOUN', 'PART', 'V+PRON', 'PREP', 'PRON+DET+NOUN', 'V+PRON', 'PART', 'NOUN']",Oman
34,35,ما فيك تخلف ٧ ولاد و تنق ٧٠ سنة جوعان 0 فيك تجيب شي من الصيدلية من بيت Durex وإذا ما معك حقو ، فكر قديش الولد بكلف 0,"['ما', 'فيك', 'تخلف', '٧', 'ولاد', 'و', 'تنق', '٧٠', 'سنة', 'جوعان', '0', 'فيك', 'تجيب', 'شي', 'من', 'الصيدلية', 'من', 'بيت', 'Durex', 'وإذا', 'ما', 'معك', 'حقو', '،', 'فكر', 'قديش', 'الولد', 'بكلف', '0']","['PART', 'PREP+PRON', 'V', 'NUM', 'NOUN', 'CONJ', 'V', 'NUM', 'NOUN+NSUFF', 'ADJ', 'PUNC', 'PREP+PRON', 'V', 'NOUN', 'PREP', 'DET+NOUN+NSUFF', 'PREP', 'NOUN', 'FOREIGN', 'CONJ+NOUN', 'PART', 'NOUN+PRON', 'NOUN+PRON', 'PUNC', 'V', 'PART', 'DET+NOUN', 'PROG_PART+V', 'PUNC']",Lebanon
35,36,بتروح يمين بيلحقك بيتروح شمال بيلحقك شو ما عملت بيلحقك نعم انه الروتين والزهق,"['بتروح', 'يمين', 'بيلحقك', 'بيتروح', 'شمال', 'بيلحقك', 'شو', 'ما', 'عملت', 'بيلحقك', 'نعم', 'انه', 'الروتين', 'والزهق']","['PROG_PART+V', 'NOUN', 'PROG_PART+V+PRON', 'PROG_PART+V', 'NOUN', 'PROG_PART+V+PRON', 'PART', 'PART', 'V+PRON', 'PROG_PART+V+PRON', 'NOUN', 'PART+PRON', 'DET+NOUN', 'CONJ+DET+NOUN']",Oman
36,37,في بنات نفسي اسألن ؟ ؟ ! ! ! إذا هيك المشي كيف الرقص يا حبيبتي,"['في', 'بنات', 'نفسي', 'اسألن', '؟', '؟', '!', '!', '!', 'إذا', 'هيك', 'المشي', 'كيف', 'الرقص', 'يا', 'حبيبتي']","['ADV', 'NOUN', 'NOUN+PRON', 'V+PRON', 'PUNC', 'PUNC', 'PUNC', 'PUNC', 'PUNC', 'NOUN', 'ADV', 'DET+NOUN', 'PART', 'DET+NOUN', 'PART', 'NOUN+NSUFF+PRON']",Jordan
37,38,بعد ما شفت ڤ يديو كليب نانسي عمفكر وقف مدرسه و بلش شغل ب لبطيخ 🍉 🍉,"['بعد', 'ما', 'شفت', 'ڤ', 'يديو', 'كليب', 'نانسي', 'عمفكر', 'وقف', 'مدرسه', 'و', 'بلش', 'شغل', 'ب', 'لبطيخ', '🍉', '🍉']","['NOUN', 'PART', 'V', 'NOUN', 'NOUN', 'NOUN', 'NOUN', 'PART+V', 'V', 'NOUN+NSUFF', 'CONJ', 'V', 'NOUN', 'PREP', 'DET+NOUN', 'EMOT', 'EMOT']",Lebanon
38,39,أولكون بشو ملزقينو لهل الغطا بطرابلس لحتى ماحدن عم يقدر يشيلوا ؟ كتير ماكن البركة,"['أولكون', 'بشو', 'ملزقينو', 'لهل', 'الغطا', 'بطرابلس', 'لحتى', 'ماحدن', 'عم', 'يقدر', 'يشيلوا', '؟', 'كتير', 'ماكن', 'البركة']","['V+PRON', 'PREP+PART', 'ADJ+NSUFF+PRON', 'PREP+PRON', 'DET+NOUN', 'PREP+NOUN', 'PREP+PART', 'PART+NOUN', 'PART', 'V', 'V+PRON', 'PUNC', 'ADJ', 'ADJ', 'DET+NOUN+NSUFF']",Lebanon
39,40,@YKaisar @GhadaGhadita انا مش سني ونزلت كمان تضامنا مع أهلي بعرسال لانو الظلم ما عندو دين ولبنان لازم ينزل ضد ظلم الدولة بهالموضوع,"['@YKaisar', '@GhadaGhadita', 'انا', 'مش', 'سني', 'ونزلت', 'كمان', 'تضامنا', 'مع', 'أهلي', 'بعرسال', 'لانو', 'الظلم', 'ما', 'عندو', 'دين', 'ولبنان', 'لازم', 'ينزل', 'ضد', 'ظلم', 'الدولة', 'بهالموضوع']","['MENTION', 'MENTION', 'PRON', 'PART', 'ADJ', 'CONJ+V+PRON', 'ADV', 'NOUN+CASE', 'NOUN', 'NOUN+PRON', 'PREP+NOUN', 'PREP+PART+PRON', 'DET+NOUN', 'PART', 'NOUN+PRON', 'NOUN', 'CONJ+NOUN', 'ADJ', 'V', 'NOUN', 'NOUN', 'DET+NOUN+NSUFF', 'PREP+PRON+DET+NOUN']",Syria
40,41,@adelsamia حبيبنا عدول مش لانو بتحكي عن تمثيلنا بالمنيح بس لانك انسان طيب و الله يوفقك بكل شي : ) ),"['@adelsamia', 'حبيبنا', 'عدول', 'مش', 'لانو', 'بتحكي', 'عن', 'تمثيلنا', 'بالمنيح', 'بس', 'لانك', 'انسان', 'طيب', 'و', 'الله', 'يوفقك', 'بكل', 'شي', ':', ')', ')']","['MENTION', 'NOUN+PRON', 'NOUN', 'PART', 'PREP+PART+PRON', 'PROG_PART+V', 'PREP', 'NOUN+PRON', 'PREP+DET+ADJ', 'PART', 'PREP+PART+PRON', 'NOUN', 'ADJ', 'CONJ', 'NOUN', 'V+PRON', 'PREP+NOUN', 'NOUN', 'PUNC', 'PUNC', 'PUNC']",Jordan
41,42,#بخجل بس كون عم فرجي صورة لحدا وياخد التليفون ويسردا ع كل الصور,"['#بخجل', 'بس', 'كون', 'عم', 'فرجي', 'صورة', 'لحدا', 'وياخد', 'التليفون', 'ويسردا', 'ع', 'كل', 'الصور']","['HASH', 'PART', 'V', 'PART', 'V', 'NOUN+NSUFF', 'PREP+NOUN', 'CONJ+V', 'DET+NOUN', 'CONJ+V+PRON', 'PREP', 'NOUN', 'DET+NOUN']",Syria
42,43,يا حبيبتي صرتي صبيه بس عقلك عقل ولد عمرو سنتين وين بعد في منا هيدي اذا ما عملي لايك او تخانئتو بتعملي unfollow لك كبري الله يخليكي,"['يا', 'حبيبتي', 'صرتي', 'صبيه', 'بس', 'عقلك', 'عقل', 'ولد', 'عمرو', 'سنتين', 'وين', 'بعد', 'في', 'منا', 'هيدي', 'اذا', 'ما', 'عملي', 'لايك', 'او', 'تخانئتو', 'بتعملي', 'unfollow', 'لك', 'كبري', 'الله', 'يخليكي']","['PART', 'NOUN+NSUFF+PRON', 'V+PRON', 'NOUN+NSUFF', 'PART', 'NOUN+PRON', 'NOUN', 'NOUN', 'NOUN+PRON', 'NOUN+NSUFF+NSUFF', 'PART', 'NOUN', 'ADV', 'PREP+PRON', 'PRON', 'NOUN', 'PART', 'V+PRON', 'NOUN', 'CONJ', 'V+PRON+PRON', 'PROG_PART+V+PRON', 'FOREIGN', 'PART', 'V+PRON', 'NOUN', 'V+PRON']",Lebanon
43,44,صحيح عنا بطالة وفقر وتعتير وفساد وتفجير وتهجير وخطف وحرب وسرقة واغتيالات وظلم بس فينا نتنفس ، هلق صحيح بيقطعولنا نفسنا 0 0 بس لبنان بالدني,"['صحيح', 'عنا', 'بطالة', 'وفقر', 'وتعتير', 'وفساد', 'وتفجير', 'وتهجير', 'وخطف', 'وحرب', 'وسرقة', 'واغتيالات', 'وظلم', 'بس', 'فينا', 'نتنفس', '،', 'هلق', 'صحيح', 'بيقطعولنا', 'نفسنا', '0', '0', 'بس', 'لبنان', 'بالدني']","['NOUN', 'NOUN+PRON', 'NOUN+NSUFF', 'CONJ+NOUN', 'CONJ+NOUN', 'CONJ+NOUN', 'CONJ+NOUN', 'CONJ+NOUN', 'CONJ+NOUN', 'CONJ+NOUN', 'CONJ+NOUN+NSUFF', 'CONJ+NOUN+NSUFF', 'CONJ+NOUN', 'PART', 'PREP+PRON', 'V', 'PUNC', 'NOUN', 'NOUN', 'PROG_PART+V+PRON+PREP+PRON', 'NOUN+PRON', 'PUNC', 'PUNC', 'PART', 'NOUN', 'PREP+DET+NOUN']",Syria
44,45,مش معقول سبحان الله كيف بكل المسلسلات اللبنانية بيطلعوا كلن بيقربو بعض وهاي بتكون إما لهاي و ستا و جدا بكون عشوي لكلب لأبيض انو معقول !,"['مش', 'معقول', 'سبحان', 'الله', 'كيف', 'بكل', 'المسلسلات', 'اللبنانية', 'بيطلعوا', 'كلن', 'بيقربو', 'بعض', 'وهاي', 'بتكون', 'إما', 'لهاي', 'و', 'ستا', 'و', 'جدا', 'بكون', 'عشوي', 'لكلب', 'لأبيض', 'انو', 'معقول', '!']","['PART', 'ADJ', 'NOUN', 'NOUN', 'PART', 'PREP+NOUN', 'DET+NOUN+NSUFF', 'DET+ADJ+NSUFF', 'PROG_PART+V+PRON', 'NOUN+PRON', 'PROG_PART+V+PRON', 'NOUN', 'CONJ+PRON', 'PROG_PART+V', 'NOUN+PRON', 'PREP+PRON', 'CONJ', 'NOUN+PRON', 'CONJ', 'NOUN+PRON', 'PROG_PART+V', 'PREP+NOUN', 'DET+ADJ', 'DET+ADJ', 'PART+PRON', 'ADJ', 'PUNC']",Lebanon
45,46,لإنو صحتكم بالدنية 0 0 بتزيدو شوية قطر على صحن الكنافة بقشطة عالترويقة اليوم لأن العسولين ما لازم يكتروا حلو كتير ؛ ),"['لإنو', 'صحتكم', 'بالدنية', '0', '0', 'بتزيدو', 'شوية', 'قطر', 'على', 'صحن', 'الكنافة', 'بقشطة', 'عالترويقة', 'اليوم', 'لأن', 'العسولين', 'ما', 'لازم', 'يكتروا', 'حلو', 'كتير', '؛', ')']","['PREP+PART+PRON', 'NOUN+NSUFF+PRON', 'PREP+DET+NOUN+NSUFF', 'PUNC', 'PUNC', 'FUT_PART+V+PRON', 'NOUN+NSUFF', 'NOUN', 'PREP', 'NOUN', 'DET+NOUN+NSUFF', 'PREP+NOUN+NSUFF', 'PREP+DET+NOUN+NSUFF', 'DET+NOUN', 'PREP+PART', 'DET+NOUN+NSUFF', 'PART', 'ADJ', 'V+PRON', 'ADJ', 'ADJ', 'PUNC', 'PUNC']",Lebanon
46,47,@izaynsmile عنا تنتين بندورة جبلية وخمسة عروقة نعنع بيعملو سلطة شلوني معك ؟,"['@izaynsmile', 'عنا', 'تنتين', 'بندورة', 'جبلية', 'وخمسة', 'عروقة', 'نعنع', 'بيعملو', 'سلطة', 'شلوني', 'معك', '؟']","['MENTION', 'NOUN', 'NUM', 'NOUN+NSUFF', 'ADJ+NSUFF', 'CONJ+NUM+NSUFF', 'NOUN+NSUFF', 'NOUN', 'PROG_PART+V+PRON', 'NOUN+NSUFF', 'PART+PRON', 'NOUN+PRON', 'PUNC']",Syria
47,48,@JaberJawad صح بس بتفرق لما نحس انو ( حدا ) هاد بنخليه كل شي و بالاخير مش ( حدنا ),"['@JaberJawad', 'صح', 'بس', 'بتفرق', 'لما', 'نحس', 'انو', '(', 'حدا', ')', 'هاد', 'بنخليه', 'كل', 'شي', 'و', 'بالاخير', 'مش', '(', 'حدنا', ')']","['MENTION', 'NOUN', 'PART', 'PROG_PART+V', 'PART', 'V', 'PART+PRON', 'PUNC', 'NOUN', 'PUNC', 'PRON', 'PROG_PART+V+PRON', 'NOUN', 'NOUN', 'CONJ', 'PREP+DET+ADJ', 'PART', 'PUNC', 'NOUN+PRON', 'PUNC']",Jordan
48,49,عبالي عذب حدا لحد ما يتمنى الموت ! وارجع عذبو بعدها اكتر لانو تمني الموت كفر هيدا شعاري لالانتخابات المقبلة ! #ادعموني,"['عبالي', 'عذب', 'حدا', 'لحد', 'ما', 'يتمنى', 'الموت', '!', 'وارجع', 'عذبو', 'بعدها', 'اكتر', 'لانو', 'تمني', 'الموت', 'كفر', 'هيدا', 'شعاري', 'لالانتخابات', 'المقبلة', '!', '#ادعموني']","['PREP+NOUN+PRON', 'V', 'NOUN', 'PREP+NOUN', 'PART', 'V', 'DET+NOUN', 'PUNC', 'CONJ+V', 'V+PRON', 'NOUN+PRON', 'ADJ', 'PREP+PART+PRON', 'NOUN', 'DET+NOUN', 'NOUN', 'PRON', 'NOUN+PRON', 'PREP+DET+NOUN+NSUFF', 'DET+ADJ+NSUFF', 'PUNC', 'HASH']",Lebanon
49,50,alit _ 59 المحكمة العسكرية فلتانة وفيها قرطة كذابين بلفقوا تهم وبيخلو سبيل يلي بدن ياه ولو عميل معترف,"['alit', '_', '59', 'المحكمة', 'العسكرية', 'فلتانة', 'وفيها', 'قرطة', 'كذابين', 'بلفقوا', 'تهم', 'وبيخلو', 'سبيل', 'يلي', 'بدن', 'ياه', 'ولو', 'عميل', 'معترف']","['FOREIGN', 'PUNC', 'NUM', 'DET+NOUN+NSUFF', 'DET+ADJ+NSUFF', 'ADJ+NSUFF', 'CONJ+PREP+PRON', 'NOUN+NSUFF', 'ADJ+NSUFF', 'PROG_PART+V+PRON', 'NOUN', 'CONJ+PREP+V+PRON', 'NOUN', 'PART', 'NOUN+PRON', 'NOUN+PRON', 'CONJ+PART', 'NOUN', 'ADJ']",Lebanon
50,51,تضامنا مع أهل عرسال من سكر لبنان كلو بس تضامنا مع اللي مخبايين بعرسال ما بهز اصبعي الزغير,"['تضامنا', 'مع', 'أهل', 'عرسال', 'من', 'سكر', 'لبنان', 'كلو', 'بس', 'تضامنا', 'مع', 'اللي', 'مخبايين', 'بعرسال', 'ما', 'بهز', 'اصبعي', 'الزغير']","['NOUN+CASE', 'NOUN', 'NOUN', 'NOUN', 'PREP', 'NOUN', 'NOUN', 'NOUN+PRON', 'PART', 'NOUN+CASE', 'NOUN', 'PART', 'NOUN+PRON', 'PREP+NOUN', 'PART', 'PROG_PART+V', 'NOUN+PRON', 'DET+NOUN']",Lebanon
51,52,حدا يفسرلي جريدة الأخبار ب أديه بتشتري كيلو السم يلي بتكتبو,"['حدا', 'يفسرلي', 'جريدة', 'الأخبار', 'ب', 'أديه', 'بتشتري', 'كيلو', 'السم', 'يلي', 'بتكتبو']","['NOUN', 'V+PREP+PRON', 'NOUN+NSUFF', 'DET+NOUN', 'PREP', 'PART', 'PROG_PART+V', 'NOUN', 'DET+NOUN', 'PART', 'PROG_PART+V+PRON']",Lebanon
52,53,بعرف إنو رح تحلو مشاكل البلد كلا ب هالجلسة العظيمة ، بس يا ريت تبقو تجلسو عالعشرة مثلا لأن مساقبة إنو عنا شغل نحنا بفيد أكتر,"['بعرف', 'إنو', 'رح', 'تحلو', 'مشاكل', 'البلد', 'كلا', 'ب', 'هالجلسة', 'العظيمة', '،', 'بس', 'يا', 'ريت', 'تبقو', 'تجلسو', 'عالعشرة', 'مثلا', 'لأن', 'مساقبة', 'إنو', 'عنا', 'شغل', 'نحنا', 'بفيد', 'أكتر']","['PROG_PART+V', 'PART+PRON', 'FUT_PART', 'V+PRON', 'NOUN', 'DET+NOUN', 'NOUN+PRON', 'PREP', 'PRON+DET+NOUN+NSUFF', 'DET+ADJ+NSUFF', 'PUNC', 'PART', 'PART', 'NOUN', 'V+PRON', 'V+PRON', 'PREP+DET+NUM+NSUFF', 'NOUN+CASE', 'PREP+PART', 'NOUN+NSUFF', 'PART+PRON', 'NOUN', 'NOUN', 'PRON', 'FUT_PART+V', 'ADJ']",Lebanon
53,54,لما منعرف انو القديمة عم تفضى ومنمتعض على فضيت وتركوها ، لازم نتطلع عحالنا بشو ساعدناهن ليصمدوا أقلها بلقمة الأكل ليضلوا عايشين بس #حمص,"['لما', 'منعرف', 'انو', 'القديمة', 'عم', 'تفضى', 'ومنمتعض', 'على', 'فضيت', 'وتركوها', '،', 'لازم', 'نتطلع', 'عحالنا', 'بشو', 'ساعدناهن', 'ليصمدوا', 'أقلها', 'بلقمة', 'الأكل', 'ليضلوا', 'عايشين', 'بس', '#حمص']","['PART', 'PROG_PART+V', 'PART+PRON', 'DET+NOUN+NSUFF', 'PART', 'V', 'CONJ+PART+V', 'PREP', 'V+PRON', 'CONJ+V+PRON+PRON', 'PUNC', 'ADJ', 'V', 'PREP+NOUN+PRON', 'PREP+PART', 'V+PRON+PRON', 'PREP+V+PRON', 'ADJ+PRON', 'PREP+NOUN+NSUFF', 'DET+NOUN', 'PREP+V+PRON', 'ADJ+PRON', 'ADV', 'HASH']",Syria
54,55,أحيانا الخلوة بالنفس بتخليك تفكر في كتير اشياء عملناها و عم نعملها لتكتشف شو الخطأ فيها و تبطل تكررها !,"['أحيانا', 'الخلوة', 'بالنفس', 'بتخليك', 'تفكر', 'في', 'كتير', 'اشياء', 'عملناها', 'و', 'عم', 'نعملها', 'لتكتشف', 'شو', 'الخطأ', 'فيها', 'و', 'تبطل', 'تكررها', '!']","['NOUN+CASE', 'DET+NOUN+NSUFF', 'PREP+DET+NOUN', 'PROG_PART+V+PRON', 'V', 'PREP', 'ADJ', 'NOUN', 'V+PRON+PRON', 'CONJ', 'PART', 'V+PRON', 'PREP+V', 'PART', 'DET+NOUN', 'PREP+PRON', 'CONJ', 'V', 'V+PRON', 'PUNC']",Jordan
55,56,"صرصعوا سمانا بتوتير وقف عاملين زي المثل الي بقول "" بدكم عزا وتشبعوا فيه لطم ""","['صرصعوا', 'سمانا', 'بتوتير', 'وقف', 'عاملين', 'زي', 'المثل', 'الي', 'بقول', '""', 'بدكم', 'عزا', 'وتشبعوا', 'فيه', 'لطم', '""']","['V+PRON', 'NOUN+PRON', 'PREP+NOUN', 'V', 'NOUN+NSUFF', 'NOUN', 'DET+NOUN', 'PART', 'PROG_PART+V', 'PUNC', 'NOUN+PRON', 'NOUN', 'CONJ+V+PRON', 'PREP+PRON', 'NOUN', 'PUNC']",Lebanon
56,57,@kfourywael يا الله ما اجملك ما اروعك قلب ملاك ماحدا غيرك ملك يؤبرني الله يلي خلقك,"['@kfourywael', 'يا', 'الله', 'ما', 'اجملك', 'ما', 'اروعك', 'قلب', 'ملاك', 'ماحدا', 'غيرك', 'ملك', 'يؤبرني', 'الله', 'يلي', 'خلقك']","['MENTION', 'PART', 'NOUN', 'PART', 'ADJ+PRON', 'PART', 'ADJ+PRON', 'NOUN', 'NOUN', 'PART+NOUN', 'NOUN+PRON', 'NOUN', 'V+PRON', 'NOUN', 'PART', 'V+PRON']",Lebanon
57,58,شو نفع السرعة والركض إذا الإتجاه غلط 0 ما تبلش شي على الأرض إذا ما رح ينتهي بالسما 0 ( مار شربل,"['شو', 'نفع', 'السرعة', 'والركض', 'إذا', 'الإتجاه', 'غلط', '0', 'ما', 'تبلش', 'شي', 'على', 'الأرض', 'إذا', 'ما', 'رح', 'ينتهي', 'بالسما', '0', '(', 'مار', 'شربل']","['PART', 'V', 'DET+NOUN+NSUFF', 'CONJ+DET+NOUN', 'NOUN', 'DET+NOUN', 'ADJ', 'PUNC', 'PART', 'V', 'NOUN', 'PREP', 'DET+NOUN', 'NOUN', 'PART', 'FUT_PART', 'V', 'PREP+DET+NOUN', 'PUNC', 'PUNC', 'NOUN', 'NOUN']",Syria
58,59,الوزير الرامبو يا ريت تسمع صرخت العالم لي بل الشارع لي اكيد منك مهتم ل أمرهن عنا بلبنان كل مسؤول سئيل عنده ملف فضائحي على مسؤول تاني مشان هيك كلن بي ضلوا بمراكزهم,"['الوزير', 'الرامبو', 'يا', 'ريت', 'تسمع', 'صرخت', 'العالم', 'لي', 'بل', 'الشارع', 'لي', 'اكيد', 'منك', 'مهتم', 'ل', 'أمرهن', 'عنا', 'بلبنان', 'كل', 'مسؤول', 'سئيل', 'عنده', 'ملف', 'فضائحي', 'على', 'مسؤول', 'تاني', 'مشان', 'هيك', 'كلن', 'بي', 'ضلوا', 'بمراكزهم']","['DET+NOUN', 'DET+ADJ', 'PART', 'NOUN', 'V', 'NOUN+NSUFF', 'DET+NOUN', 'PART', 'PREP', 'DET+NOUN', 'PART', 'ADJ', 'PART+PRON', 'ADJ', 'PREP', 'NOUN+PRON', 'NOUN', 'PREP+NOUN', 'NOUN', 'NOUN', 'ADJ', 'NOUN+PRON', 'NOUN', 'ADJ', 'PREP', 'NOUN', 'NOUN', 'PART', 'ADV', 'NOUN+PRON', 'PROG_PART', 'V+PRON', 'PREP+NOUN+PRON']",Lebanon
59,60,هلق توضحت الصورة البنت حرام عقلها مش كامل و الحيوانات ستغلوا هالموضوع ! ! لازم ينعدموا هالكلاب و هالقضية لازم تصير قضية رأي عام ! #للنشر,"['هلق', 'توضحت', 'الصورة', 'البنت', 'حرام', 'عقلها', 'مش', 'كامل', 'و', 'الحيوانات', 'ستغلوا', 'هالموضوع', '!', '!', 'لازم', 'ينعدموا', 'هالكلاب', 'و', 'هالقضية', 'لازم', 'تصير', 'قضية', 'رأي', 'عام', '!', '#للنشر']","['NOUN', 'V+PRON', 'DET+NOUN+NSUFF', 'DET+NOUN', 'NOUN', 'NOUN+PRON', 'PART', 'ADJ', 'CONJ', 'DET+NOUN+NSUFF', 'V+PRON', 'PRON+DET+NOUN', 'PUNC', 'PUNC', 'ADJ', 'V+PRON', 'PRON+DET+NOUN', 'CONJ', 'PRON+DET+NOUN+NSUFF', 'ADJ', 'V', 'NOUN+NSUFF', 'NOUN', 'NOUN', 'PUNC', 'HASH']",Lebanon
60,61,من علامات الانفصام عند المواطن العربي انو بينتقد شي معين 0 0 و تاني يوم بيعمل نفس الشي يلي انتقدو قبل بيوم,"['من', 'علامات', 'الانفصام', 'عند', 'المواطن', 'العربي', 'انو', 'بينتقد', 'شي', 'معين', '0', '0', 'و', 'تاني', 'يوم', 'بيعمل', 'نفس', 'الشي', 'يلي', 'انتقدو', 'قبل', 'بيوم']","['PREP', 'NOUN+NSUFF', 'DET+NOUN', 'NOUN', 'DET+NOUN', 'DET+ADJ', 'PART+PRON', 'PROG_PART+V', 'NOUN', 'ADJ', 'PUNC', 'PUNC', 'CONJ', 'NOUN', 'NOUN', 'PROG_PART+V', 'NOUN', 'DET+NOUN', 'PART', 'V+PRON', 'NOUN', 'PREP+NOUN']",Palestine
61,62,بدك تعبري عن رأيك السياسي ؟ ما في مشكلة بس لتجي تكتبي تويت عن جماعة X أو Y بس كرمال يطلعلك ريتويت وانت أصلا مش فاهمة شي ؟ أي لأ فشر عرقبتك,"['بدك', 'تعبري', 'عن', 'رأيك', 'السياسي', '؟', 'ما', 'في', 'مشكلة', 'بس', 'لتجي', 'تكتبي', 'تويت', 'عن', 'جماعة', 'X', 'أو', 'Y', 'بس', 'كرمال', 'يطلعلك', 'ريتويت', 'وانت', 'أصلا', 'مش', 'فاهمة', 'شي', '؟', 'أي', 'لأ', 'فشر', 'عرقبتك']","['NOUN+PRON', 'V+PRON', 'PREP', 'NOUN+PRON', 'DET+ADJ', 'PUNC', 'PART', 'PREP', 'NOUN+NSUFF', 'PART', 'PART+V+PRON', 'V+PRON', 'NOUN', 'PREP', 'NOUN+NSUFF', 'FOREIGN', 'CONJ', 'FOREIGN', 'ADV', 'PART', 'V+PREP+PRON', 'NOUN', 'CONJ+PRON', 'ADJ+CASE', 'PART', 'ADJ+NSUFF', 'NOUN', 'PUNC', 'NOUN', 'PART', 'NOUN', 'PREP+NOUN+NSUFF+PRON']",Lebanon
62,63,بس بدي قول مش #غازي_الامير اللي طلع ريم والله هوا شو ذنبه اذا الحلاني حب صوته ارتقو شوي وبطلو لوم @GhaziAlAmir @assihallani,"['بس', 'بدي', 'قول', 'مش', '#غازي_الامير', 'اللي', 'طلع', 'ريم', 'والله', 'هوا', 'شو', 'ذنبه', 'اذا', 'الحلاني', 'حب', 'صوته', 'ارتقو', 'شوي', 'وبطلو', 'لوم', '@GhaziAlAmir', '@assihallani']","['PART', 'NOUN+PRON', 'V', 'PART', 'HASH', 'PART', 'V', 'NOUN', 'CONJ+NOUN', 'PRON', 'PART', 'NOUN+PRON', 'NOUN', 'DET+NOUN', 'V', 'NOUN+PRON', 'V+PRON', 'NOUN', 'CONJ+V+PRON', 'NOUN', 'MENTION', 'MENTION']",Jordan
63,64,@mawlasylvana منجد شغل رائع وكلنا فخورين بهل كليب بدايه ممتازه لزكي والفضل كله الك يعطيك الف عافيه كليب كامل مكمل,"['@mawlasylvana', 'منجد', 'شغل', 'رائع', 'وكلنا', 'فخورين', 'بهل', 'كليب', 'بدايه', 'ممتازه', 'لزكي', 'والفضل', 'كله', 'الك', 'يعطيك', 'الف', 'عافيه', 'كليب', 'كامل', 'مكمل']","['MENTION', 'PART', 'NOUN', 'ADJ', 'CONJ+NOUN+PRON', 'ADJ+NSUFF', 'PREP+PRON+DET', 'NOUN', 'NOUN+NSUFF', 'ADJ+NSUFF', 'PREP+NOUN', 'CONJ+DET+NOUN', 'NOUN+PRON', 'PREP+PRON', 'V+PRON', 'NUM', 'NOUN+NSUFF', 'NOUN', 'ADJ', 'ADJ']",Yemen
64,65,ليش بيتصوروا بنبريش الارجيلة ان كثير حلوة الصورة و في قسطل نص متر بتمك ؟,"['ليش', 'بيتصوروا', 'بنبريش', 'الارجيلة', 'ان', 'كثير', 'حلوة', 'الصورة', 'و', 'في', 'قسطل', 'نص', 'متر', 'بتمك', '؟']","['PART', 'PROG_PART+V+PRON', 'PREP+NOUN', 'DET+NOUN+NSUFF', 'PART', 'NOUN', 'ADJ+NSUFF', 'DET+NOUN+NSUFF', 'CONJ', 'PREP', 'NOUN', 'NOUN', 'NOUN', 'PREP+NOUN+PRON', 'PUNC']",Jordan
65,66,في ناس مناح ما في متلن ، و في ناس منيح اللي ما في متلن,"['في', 'ناس', 'مناح', 'ما', 'في', 'متلن', '،', 'و', 'في', 'ناس', 'منيح', 'اللي', 'ما', 'في', 'متلن']","['ADV', 'NOUN', 'ADJ', 'PART', 'ADV', 'NOUN+PRON', 'PUNC', 'CONJ', 'ADV', 'NOUN', 'ADJ', 'PART', 'PART', 'ADV', 'NOUN+PRON']",Lebanon
66,67,غريب كيف امرار مننسى انو في حرب أهلية عم بتسير بطرابلس ، كأنو لبنان مألف من بيروت وضواحيها بس 0,"['غريب', 'كيف', 'امرار', 'مننسى', 'انو', 'في', 'حرب', 'أهلية', 'عم', 'بتسير', 'بطرابلس', '،', 'كأنو', 'لبنان', 'مألف', 'من', 'بيروت', 'وضواحيها', 'بس', '0']","['NOUN', 'PART', 'NOUN', 'PROG_PART+V', 'PART+PRON', 'ADV', 'NOUN', 'ADJ+NSUFF', 'PART', 'PROG_PART+V', 'PREP+NOUN', 'PUNC', 'PART+PRON', 'NOUN', 'ADJ', 'PREP', 'NOUN', 'CONJ+NOUN+PRON', 'ADV', 'PUNC']",Palestine
67,68,عزيزي البنت بخصوص اول ما تقعدي بالكافيه وتحطي موبايلك والمفاتيح والمحفظة ونظارتك عالطاولة بقدر اعرف الشنطة اللي قد راسك ليش ماخديتها معك ؟,"['عزيزي', 'البنت', 'بخصوص', 'اول', 'ما', 'تقعدي', 'بالكافيه', 'وتحطي', 'موبايلك', 'والمفاتيح', 'والمحفظة', 'ونظارتك', 'عالطاولة', 'بقدر', 'اعرف', 'الشنطة', 'اللي', 'قد', 'راسك', 'ليش', 'ماخديتها', 'معك', '؟']","['NOUN+PRON', 'DET+NOUN', 'PREP+NOUN', 'ADJ', 'PART', 'V+PRON', 'PREP+DET+NOUN', 'CONJ+V+PRON', 'NOUN+PRON', 'PREP+DET+NOUN', 'PREP+DET+NOUN+NSUFF', 'CONJ+NOUN+NSUFF+PRON', 'PREP+DET+NOUN+NSUFF', 'PROG_PART+V', 'V', 'DET+NOUN+NSUFF', 'PART', 'NOUN', 'NOUN+PRON', 'PART', 'PART+V+PRON+PRON', 'NOUN+PRON', 'PUNC']",Jordan
68,69,@yaryourleo انا هيك صار معي يضربو هني وعالمن العالم اللي متلنا اكتر حقيقيين,"['@yaryourleo', 'انا', 'هيك', 'صار', 'معي', 'يضربو', 'هني', 'وعالمن', 'العالم', 'اللي', 'متلنا', 'اكتر', 'حقيقيين']","['MENTION', 'PRON', 'ADV', 'V', 'NOUN+PRON', 'V+PRON', 'PRON', 'CONJ+NOUN+PRON', 'DET+NOUN', 'PART', 'NOUN+PRON', 'ADJ', 'ADJ+PRON']",Syria
69,70,"الأشيا اللي بتنكسر , مش ممكن تتصلح لحالها من حالها واللي بيكسر , فيو يرمم إذا بحط التعنت والعناد عجنب لأنو إذا ضل يشد ع حالو 0 0 بطق","['الأشيا', 'اللي', 'بتنكسر', ',', 'مش', 'ممكن', 'تتصلح', 'لحالها', 'من', 'حالها', 'واللي', 'بيكسر', ',', 'فيو', 'يرمم', 'إذا', 'بحط', 'التعنت', 'والعناد', 'عجنب', 'لأنو', 'إذا', 'ضل', 'يشد', 'ع', 'حالو', '0', '0', 'بطق']","['DET+NOUN', 'PART', 'PROG_PART+V', 'PUNC', 'PART', 'ADJ', 'V', 'PREP+NOUN+PRON', 'PREP', 'NOUN+PRON', 'CONJ+PART', 'PROG_PART+V', 'PUNC', 'PREP+PRON', 'V', 'NOUN', 'PROG_PART+V', 'DET+NOUN', 'CONJ+DET+NOUN', 'PREP+NOUN', 'PREP+PART+PRON', 'NOUN', 'V', 'V', 'PREP', 'NOUN+PRON', 'PUNC', 'PUNC', 'FUT_PART+V']",Syria
70,71,٣ ساعات ببيروت ! ! ! ! كرمال خطابات سياسية 0 آخر همي ٨ اذار و ١٤ اذار انا مواطن لبناني بدي عيش حياة طبيعية وهيدا حقي ! ! http://t.co/gYIDgiSt60,"['٣', 'ساعات', 'ببيروت', '!', '!', '!', '!', 'كرمال', 'خطابات', 'سياسية', '0', 'آخر', 'همي', '٨', 'اذار', 'و', '١٤', 'اذار', 'انا', 'مواطن', 'لبناني', 'بدي', 'عيش', 'حياة', 'طبيعية', 'وهيدا', 'حقي', '!', '!', 'http://t.co/gYIDgiSt60']","['NUM', 'NOUN+NSUFF', 'PREP+NOUN', 'PUNC', 'PUNC', 'PUNC', 'PUNC', 'PART', 'NOUN+NSUFF', 'ADJ+NSUFF', 'PUNC', 'NOUN', 'NOUN+PRON', 'NUM', 'NOUN', 'CONJ', 'NUM', 'NOUN', 'PRON', 'NOUN', 'ADJ', 'NOUN+PRON', 'V', 'NOUN+NSUFF', 'ADJ+NSUFF', 'CONJ+PRON', 'NOUN+PRON', 'PUNC', 'PUNC', 'URL']",Syria
71,72,@kindaelkhatib في يكون سني وفي يكون شيعي بس مش هون الفكرة الفكرة انو عم نصدق هالشي كل ما حدا طلع حكي و نمشي مطل المساطيل من دون تفكير,"['@kindaelkhatib', 'في', 'يكون', 'سني', 'وفي', 'يكون', 'شيعي', 'بس', 'مش', 'هون', 'الفكرة', 'الفكرة', 'انو', 'عم', 'نصدق', 'هالشي', 'كل', 'ما', 'حدا', 'طلع', 'حكي', 'و', 'نمشي', 'مطل', 'المساطيل', 'من', 'دون', 'تفكير']","['MENTION', 'PREP', 'V', 'ADJ', 'CONJ+PREP', 'V', 'ADJ', 'PART', 'PART', 'ADV', 'DET+NOUN+NSUFF', 'DET+NOUN+NSUFF', 'PART+PRON', 'PART', 'V', 'PRON+DET+NOUN', 'NOUN', 'PART', 'NOUN', 'V', 'NOUN', 'CONJ', 'V', 'NOUN', 'DET+NOUN', 'PREP', 'NOUN', 'NOUN']",Jordan
72,73,"نهاد المشنوق "" خليفة ارنولد ننتظر ان يستخدم القوة مع مسلحي باب التبانة ولنشوف باي نبرة رح يسأل "" انتو عارفين مع مين عم تحكو ""","['نهاد', 'المشنوق', '""', 'خليفة', 'ارنولد', 'ننتظر', 'ان', 'يستخدم', 'القوة', 'مع', 'مسلحي', 'باب', 'التبانة', 'ولنشوف', 'باي', 'نبرة', 'رح', 'يسأل', '""', 'انتو', 'عارفين', 'مع', 'مين', 'عم', 'تحكو', '""']","['NOUN', 'DET+NOUN', 'PUNC', 'NOUN+NSUFF', 'NOUN', 'V', 'PART', 'V', 'DET+NOUN+NSUFF', 'NOUN', 'NOUN+NSUFF', 'NOUN', 'DET+NOUN+NSUFF', 'CONJ+FUT_PART+V', 'PREP+NOUN', 'NOUN+NSUFF', 'FUT_PART', 'V', 'PUNC', 'PRON', 'ADJ+PRON', 'NOUN', 'PART', 'PART', 'V+PRON', 'PUNC']",Jordan
73,74,بدي قول شي خانقني لي عم يحكي عن المقاومة انتو وين كنتو لما شردتنا اسرائيل 0 0 لما عشنا طفولتنا بالملاجىء والحمامات نتخبى من القصف,"['بدي', 'قول', 'شي', 'خانقني', 'لي', 'عم', 'يحكي', 'عن', 'المقاومة', 'انتو', 'وين', 'كنتو', 'لما', 'شردتنا', 'اسرائيل', '0', '0', 'لما', 'عشنا', 'طفولتنا', 'بالملاجىء', 'والحمامات', 'نتخبى', 'من', 'القصف']","['NOUN+PRON', 'V', 'NOUN', 'ADJ+PRON', 'PART', 'PART', 'V', 'PREP', 'DET+NOUN+NSUFF', 'PRON', 'PART', 'V+PRON', 'PART', 'V+PRON+PRON', 'NOUN', 'PUNC', 'PUNC', 'PART', 'V+PRON', 'NOUN+NSUFF+PRON', 'PREP+DET+NOUN', 'CONJ+DET+NOUN+NSUFF', 'V', 'PREP', 'DET+NOUN']",Syria
74,75,في عنا جبال كتير بلبنان ومن اهمن جبل صنين وجبل الشيخ وجبل التياب يلي عتختي,"['في', 'عنا', 'جبال', 'كتير', 'بلبنان', 'ومن', 'اهمن', 'جبل', 'صنين', 'وجبل', 'الشيخ', 'وجبل', 'التياب', 'يلي', 'عتختي']","['ADV', 'NOUN', 'NOUN', 'ADJ', 'PREP+NOUN', 'CONJ+PREP', 'ADJ+PRON', 'NOUN', 'NOUN', 'CONJ+NOUN', 'DET+NOUN', 'CONJ+NOUN', 'DET+NOUN', 'PART', 'PREP+NOUN']",Lebanon
75,76,ازبل شعور بالدني لما تكون حاكي حدا واتسآب وما برد وانت شايفو عتويتر شغال متل الليرة 0,"['ازبل', 'شعور', 'بالدني', 'لما', 'تكون', 'حاكي', 'حدا', 'واتسآب', 'وما', 'برد', 'وانت', 'شايفو', 'عتويتر', 'شغال', 'متل', 'الليرة', '0']","['ADJ', 'NOUN', 'PREP+DET+NOUN', 'PART', 'V', 'V', 'NOUN', 'NOUN', 'CONJ+PART', 'PROG_PART+V', 'CONJ+PRON', 'ADJ+PRON', 'PREP+NOUN', 'ADJ', 'NOUN', 'DET+NOUN+NSUFF', 'PUNC']",Lebanon
76,77,@Be2lewa @JaberJawad بيعملولك مينشن لي عم يعملولك ريبورت و بينشروا اليوزير بيصير يبين و بحطوا تم الدعش و بيتخرينوا و هيك عادي 😋,"['@Be2lewa', '@JaberJawad', 'بيعملولك', 'مينشن', 'لي', 'عم', 'يعملولك', 'ريبورت', 'و', 'بينشروا', 'اليوزير', 'بيصير', 'يبين', 'و', 'بحطوا', 'تم', 'الدعش', 'و', 'بيتخرينوا', 'و', 'هيك', 'عادي', '😋']","['MENTION', 'MENTION', 'PROG_PART+V+PRON+PREP+PRON', 'NOUN', 'PREP+PRON', 'PART', 'V+PRON+PREP+PRON', 'NOUN', 'CONJ', 'PROG_PART+V+PRON', 'DET+NOUN', 'PROG_PART+V', 'ADJ', 'CONJ', 'PROG_PART+V+PRON', 'V', 'DET+NOUN', 'CONJ', 'PROG_PART+V+PRON', 'CONJ', 'ADV', 'ADJ', 'EMOT']",Lebanon
77,78,@angrylebanese2: خلي طائفتك بالبيت قبل ما تطلع مش ضروري تحملها على ظهرك وين ما تروح أريحلك و أريحلنا,"['@angrylebanese2:', 'خلي', 'طائفتك', 'بالبيت', 'قبل', 'ما', 'تطلع', 'مش', 'ضروري', 'تحملها', 'على', 'ظهرك', 'وين', 'ما', 'تروح', 'أريحلك', 'و', 'أريحلنا']","['MENTION', 'V', 'NOUN+NSUFF+PRON', 'PREP+DET+NOUN', 'NOUN', 'PART', 'V', 'PART', 'ADJ', 'V+PRON', 'PREP', 'NOUN+PRON', 'PART', 'PART', 'V', 'ADJ+PREP+PRON', 'CONJ', 'ADJ+PREP+PRON']",Jordan
78,79,#احلى_شي_باللبناني انو محلل سياسي و اقتصادي و اجتماعي و رياضي و بيفهم بالفيزيا و الكيميا و بيقدر يتوقع المستقبل,"['#احلى_شي_باللبناني', 'انو', 'محلل', 'سياسي', 'و', 'اقتصادي', 'و', 'اجتماعي', 'و', 'رياضي', 'و', 'بيفهم', 'بالفيزيا', 'و', 'الكيميا', 'و', 'بيقدر', 'يتوقع', 'المستقبل']","['HASH', 'PART+PRON', 'NOUN', 'ADJ', 'CONJ', 'ADJ', 'CONJ', 'ADJ', 'CONJ', 'ADJ', 'CONJ', 'PROG_PART+V', 'PREP+DET+NOUN', 'CONJ', 'DET+NOUN', 'CONJ', 'PROG_PART+V', 'V', 'DET+NOUN']",Lebanon
79,80,#احلى_شي_باللبناني بيجلي منيح ب مطاعم أميركا وكندا 0 0 بس هون مستحيل يشتغل هيك شغلة بلكي شافوه ولاد الجيران ونشروا عرضوا بالضيعة 0 0,"['#احلى_شي_باللبناني', 'بيجلي', 'منيح', 'ب', 'مطاعم', 'أميركا', 'وكندا', '0', '0', 'بس', 'هون', 'مستحيل', 'يشتغل', 'هيك', 'شغلة', 'بلكي', 'شافوه', 'ولاد', 'الجيران', 'ونشروا', 'عرضوا', 'بالضيعة', '0', '0']","['HASH', 'PROG_PART+V', 'ADJ', 'PREP', 'NOUN', 'NOUN', 'CONJ+NOUN', 'PUNC', 'PUNC', 'PART', 'ADV', 'NOUN', 'V', 'ADV', 'NOUN+NSUFF', 'ADV', 'V+PRON+PRON', 'NOUN', 'DET+NOUN', 'CONJ+V+PRON', 'NOUN+PRON', 'PREP+DET+NOUN+NSUFF', 'PUNC', 'PUNC']",Syria
80,81,وهيدي صورة تانييي انا وصغير 0 .. رزق الله هههههههه بنطلون بلا زرار خييي شو حلوة الحياة بشكرك يا ربي على كل نعمك 0 ... http://t.co/7BHbsyKzLL,"['وهيدي', 'صورة', 'تانييي', 'انا', 'وصغير', '0', '..', 'رزق', 'الله', 'هههههههه', 'بنطلون', 'بلا', 'زرار', 'خييي', 'شو', 'حلوة', 'الحياة', 'بشكرك', 'يا', 'ربي', 'على', 'كل', 'نعمك', '0', '...', 'http://t.co/7BHbsyKzLL']","['CONJ+PRON', 'NOUN+NSUFF', 'ADJ+NSUFF', 'PRON', 'CONJ+ADJ', 'PUNC', 'PUNC', 'NOUN', 'NOUN', 'EMOT', 'NOUN', 'PART', 'NOUN', 'NOUN+PRON', 'PART', 'ADJ+NSUFF', 'DET+NOUN+NSUFF', 'PROG_PART+V+PRON', 'PART', 'NOUN+PRON', 'PREP', 'NOUN', 'NOUN+PRON', 'PUNC', 'PUNC', 'URL']",Lebanon
81,82,فيك توعا الصبح وتقضي نهار عادي وفيك تاخد قرار انك تصنع من نهارك حدث ! ! وبين العادي والاستثنائي في ارادة انت التغيير ! صباح الخير 🌹,"['فيك', 'توعا', 'الصبح', 'وتقضي', 'نهار', 'عادي', 'وفيك', 'تاخد', 'قرار', 'انك', 'تصنع', 'من', 'نهارك', 'حدث', '!', '!', 'وبين', 'العادي', 'والاستثنائي', 'في', 'ارادة', 'انت', 'التغيير', '!', 'صباح', 'الخير', '🌹']","['PREP+PRON', 'V+PRON', 'DET+NOUN', 'CONJ+V+PRON', 'NOUN', 'ADJ', 'CONJ+PREP+PRON', 'V', 'NOUN', 'PART+PRON', 'V', 'PREP', 'NOUN+PRON', 'NOUN', 'PUNC', 'PUNC', 'CONJ+NOUN', 'DET+ADJ', 'CONJ+DET+ADJ', 'ADV', 'NOUN+NSUFF', 'PRON', 'DET+NOUN', 'PUNC', 'NOUN', 'DET+NOUN', 'EMOT']",Lebanon
82,83,ما بتكمل معي الا وضميري ببلش - عيب عليكي / / - الكزب حبلو قصير / / رح تنكشفي / / - رح تكبر ف بروح وبعترف بكزبتي اريحلي #لما_بكذب,"['ما', 'بتكمل', 'معي', 'الا', 'وضميري', 'ببلش', '-', 'عيب', 'عليكي', '/', '/', '-', 'الكزب', 'حبلو', 'قصير', '/', '/', 'رح', 'تنكشفي', '/', '/', '-', 'رح', 'تكبر', 'ف', 'بروح', 'وبعترف', 'بكزبتي', 'اريحلي', '#لما_بكذب']","['PART', 'PROG_PART+V', 'NOUN+PRON', 'PART', 'CONJ+NOUN+PRON', 'PROG_PART+V', 'PUNC', 'NOUN', 'PREP+PRON', 'PUNC', 'PUNC', 'PUNC', 'DET+NOUN', 'NOUN+PRON', 'ADJ', 'PUNC', 'PUNC', 'FUT_PART', 'V+PRON', 'PUNC', 'PUNC', 'PUNC', 'FUT_PART', 'V', 'CONJ', 'PROG_PART+V', 'CONJ+PROG_PART+V', 'PREP+NOUN+NSUFF+PRON', 'ADJ+PREP+PRON', 'HASH']",Lebanon
83,84,انو ليش بتنصدمو بس تشوفو بنت بتخجل وبتقولو اووف بعد في بنات بتخجل ؟ ؟ خيي اذا اختك فاجرة مش كل البنات هيك,"['انو', 'ليش', 'بتنصدمو', 'بس', 'تشوفو', 'بنت', 'بتخجل', 'وبتقولو', 'اووف', 'بعد', 'في', 'بنات', 'بتخجل', '؟', '؟', 'خيي', 'اذا', 'اختك', 'فاجرة', 'مش', 'كل', 'البنات', 'هيك']","['PART+PRON', 'PART', 'PROG_PART+V+PRON', 'ADV', 'V+PRON', 'NOUN', 'PROG_PART+V', 'CONJ+PROG_PART+V+PRON', 'NOUN', 'NOUN', 'ADV', 'NOUN', 'PROG_PART+V', 'PUNC', 'PUNC', 'NOUN+PRON', 'NOUN', 'NOUN+NSUFF+PRON', 'ADJ+NSUFF', 'PART', 'NOUN', 'DET+NOUN', 'ADV']",Jordan
84,85,كتير جايي عبالي الزقك كف بس لتوعى إنو الماضي تبعك ، صح إنو كونلك شخصيتك ، منو المستقبل 0 بإيدك بتغير كل شي !,"['كتير', 'جايي', 'عبالي', 'الزقك', 'كف', 'بس', 'لتوعى', 'إنو', 'الماضي', 'تبعك', '،', 'صح', 'إنو', 'كونلك', 'شخصيتك', '،', 'منو', 'المستقبل', '0', 'بإيدك', 'بتغير', 'كل', 'شي', '!']","['ADJ', 'V', 'PREP+NOUN+PRON', 'V+PRON', 'NOUN', 'PART', 'PREP+V', 'PART+PRON', 'DET+NOUN', 'NOUN+PRON', 'PUNC', 'NOUN', 'PART+PRON', 'NOUN+PREP+PRON', 'NOUN+NSUFF+PRON', 'PUNC', 'PART+PRON', 'DET+NOUN', 'PUNC', 'PREP+NOUN+PRON', 'FUT_PART+V', 'NOUN', 'NOUN', 'PUNC']",Lebanon
85,86,نطرونا وبالاخر جابولنا عساف دقيقتين - _ - عشان نسبة المشاهدة تزيد كل مرة هيك زهقونا ! ! !,"['نطرونا', 'وبالاخر', 'جابولنا', 'عساف', 'دقيقتين', '-', '_', '-', 'عشان', 'نسبة', 'المشاهدة', 'تزيد', 'كل', 'مرة', 'هيك', 'زهقونا', '!', '!', '!']","['V+PRON+PRON', 'CONJ+PREP+DET+NOUN', 'V+PRON+PREP+PRON', 'NOUN', 'NOUN+NSUFF+NSUFF', 'PUNC', 'PUNC', 'PUNC', 'PART', 'NOUN+NSUFF', 'DET+NOUN+NSUFF', 'V', 'NOUN', 'NOUN+NSUFF', 'ADV', 'V+PRON+PRON', 'PUNC', 'PUNC', 'PUNC']",Syria
86,87,ولعيونكن يااحلى فانز ولكل عائلة الزيكو زكي شريف غنية زكي ع اثير راديو لايف روز هلأ اسمعوها وهيدا رابط http://t.co/rvLll3nJfs وراح ارجع عيدها,"['ولعيونكن', 'يااحلى', 'فانز', 'ولكل', 'عائلة', 'الزيكو', 'زكي', 'شريف', 'غنية', 'زكي', 'ع', 'اثير', 'راديو', 'لايف', 'روز', 'هلأ', 'اسمعوها', 'وهيدا', 'رابط', 'http://t.co/rvLll3nJfs', 'وراح', 'ارجع', 'عيدها']","['CONJ+PREP+NOUN+PRON', 'PART+ADJ', 'NOUN', 'CONJ+PREP+NOUN', 'NOUN+NSUFF', 'DET+NOUN', 'NOUN', 'NOUN', 'NOUN+NSUFF', 'NOUN', 'PREP', 'NOUN', 'NOUN', 'NOUN', 'NOUN', 'NOUN', 'V+PRON+PRON', 'CONJ+PRON', 'NOUN', 'URL', 'CONJ+FUT_PART', 'V', 'V+PRON']",Syria
87,88,ما احلا البيت وانتا لحالك فيه 😥 عيوش ستايل وقرب الغدا ومو عارفه شو اعمل غدا ههههههههه,"['ما', 'احلا', 'البيت', 'وانتا', 'لحالك', 'فيه', '😥', 'عيوش', 'ستايل', 'وقرب', 'الغدا', 'ومو', 'عارفه', 'شو', 'اعمل', 'غدا', 'ههههههههه']","['PART', 'ADJ', 'DET+NOUN', 'CONJ+PRON', 'PREP+NOUN+PRON', 'PREP+PRON', 'EMOT', 'NOUN', 'NOUN', 'CONJ+NOUN', 'DET+NOUN', 'CONJ+PART', 'ADJ+PRON', 'PART', 'V', 'NOUN', 'EMOT']",Oman
88,89,"@NicoleSabaaa حبيت كتير نظرتك ك "" أم "" و تبريرك لالموقف وهيدا الصح 0 0 الله يخليلك بنتك بس تكبر اكيد رح تفتخر فيكي","['@NicoleSabaaa', 'حبيت', 'كتير', 'نظرتك', 'ك', '""', 'أم', '""', 'و', 'تبريرك', 'لالموقف', 'وهيدا', 'الصح', '0', '0', 'الله', 'يخليلك', 'بنتك', 'بس', 'تكبر', 'اكيد', 'رح', 'تفتخر', 'فيكي']","['MENTION', 'V+PRON', 'ADJ', 'NOUN+NSUFF+PRON', 'PREP', 'PUNC', 'NOUN', 'PUNC', 'CONJ', 'V+PRON', 'PREP+DET+NOUN', 'CONJ+PRON', 'DET+NOUN', 'PUNC', 'PUNC', 'NOUN', 'V+PREP+PRON', 'NOUN+PRON', 'ADV', 'V', 'ADJ', 'FUT_PART', 'V', 'PREP+PRON']",Jordan
89,90,الاول : حلمت اني سافرت ع اميركا / الثاني : حلمت اني تجوزت 0 .. حكالو طب ليش ما عزمتني ! قال : والله سالت عنك قالولي مسافر 😂 😂 😂 #منقولة,"['الاول', ':', 'حلمت', 'اني', 'سافرت', 'ع', 'اميركا', '/', 'الثاني', ':', 'حلمت', 'اني', 'تجوزت', '0', '..', 'حكالو', 'طب', 'ليش', 'ما', 'عزمتني', '!', 'قال', ':', 'والله', 'سالت', 'عنك', 'قالولي', 'مسافر', '😂', '😂', '😂', '#منقولة']","['DET+ADJ', 'PUNC', 'V+PRON', 'PART+PRON', 'V+PRON', 'PREP', 'NOUN', 'PUNC', 'DET+ADJ', 'PUNC', 'V+PRON', 'PART+PRON', 'V+PRON', 'PUNC', 'PUNC', 'V+PREP+PRON', 'ADJ', 'PART', 'PART', 'V+PRON+PRON', 'PUNC', 'V', 'PUNC', 'CONJ+NOUN', 'V+PRON', 'PREP+PRON', 'V+PRON+PREP+PRON', 'ADJ', 'EMOT', 'EMOT', 'EMOT', 'HASH']",Syria
90,91,ساعتين على ٤ صفحات 0 0 0 وضايل ٤٧ صفحة ضرب نص ساعة لكل صفحة = ٢٣ ٫ ٥ ساعة 0 0 يلا مليح بكمل بعد الإمتحان بساعتين : D #justedujo,"['ساعتين', 'على', '٤', 'صفحات', '0', '0', '0', 'وضايل', '٤٧', 'صفحة', 'ضرب', 'نص', 'ساعة', 'لكل', 'صفحة', '=', '٢٣', '٫', '٥', 'ساعة', '0', '0', 'يلا', 'مليح', 'بكمل', 'بعد', 'الإمتحان', 'بساعتين', ':', 'D', '#justedujo']","['NOUN+NSUFF+NSUFF', 'PREP', 'NUM', 'NOUN+NSUFF', 'PUNC', 'PUNC', 'PUNC', 'CONJ+V', 'NUM', 'NOUN+NSUFF', 'PREP', 'NOUN', 'NOUN+NSUFF', 'PREP+NOUN', 'NOUN+NSUFF', 'PUNC', 'NUM', 'PUNC', 'NUM', 'NOUN+NSUFF', 'PUNC', 'PUNC', 'PART', 'ADJ', 'FUT_PART+V', 'NOUN', 'DET+NOUN', 'PREP+NOUN+NSUFF+NSUFF', 'PUNC', 'FOREIGN', 'HASH']",Syria
91,92,@hayaamer5 بتعرفي هي العبوطة يلي بتحسي انك عنجد ما بدك ياها تخلص متل عبوطة بابا او صاحبتك يلي كتير بتفهمك,"['@hayaamer5', 'بتعرفي', 'هي', 'العبوطة', 'يلي', 'بتحسي', 'انك', 'عنجد', 'ما', 'بدك', 'ياها', 'تخلص', 'متل', 'عبوطة', 'بابا', 'او', 'صاحبتك', 'يلي', 'كتير', 'بتفهمك']","['MENTION', 'PROG_PART+V+PRON', 'PRON', 'DET+NOUN+NSUFF', 'PART', 'PROG_PART+V+PRON', 'PART+PRON', 'PREP+NOUN', 'PART', 'NOUN+PRON', 'NOUN+PRON', 'V', 'NOUN', 'NOUN+NSUFF', 'NOUN', 'CONJ', 'NOUN+NSUFF+PRON', 'PART', 'ADJ', 'PROG_PART+V+PRON']",Syria
92,93,عن تلك اللحظة الي بدك تفظح عرظ الساعة الي احترمت فيها بني آدم و طلع حفاية 0 و مش أي حفاية ، حفاية شوارع ، لإنه حفاية الدار نظيفة عالأقل 0,"['عن', 'تلك', 'اللحظة', 'الي', 'بدك', 'تفظح', 'عرظ', 'الساعة', 'الي', 'احترمت', 'فيها', 'بني', 'آدم', 'و', 'طلع', 'حفاية', '0', 'و', 'مش', 'أي', 'حفاية', '،', 'حفاية', 'شوارع', '،', 'لإنه', 'حفاية', 'الدار', 'نظيفة', 'عالأقل', '0']","['PREP', 'ADV', 'DET+NOUN+NSUFF', 'PART', 'NOUN+PRON', 'V', 'NOUN', 'DET+NOUN+NSUFF', 'PART', 'V+PRON', 'PREP+PRON', 'NOUN', 'NOUN', 'CONJ', 'V', 'NOUN+NSUFF', 'PUNC', 'CONJ', 'PART', 'NOUN', 'NOUN+NSUFF', 'PUNC', 'NOUN+NSUFF', 'NOUN', 'PUNC', 'PREP+PART+PRON', 'NOUN+NSUFF', 'DET+NOUN', 'ADJ+NSUFF', 'PREP+DET+ADJ', 'PUNC']",Lebanon
93,94,المشكلة تتلخص في إنو كيف بدي أدور على تاكسي بهيك جو ! ينعن محاضرة 8 0 #الجامعة_الهاشمية #صباح_الخير #مطر #أمطار #أمطار_الخير #الأردن #عمان,"['المشكلة', 'تتلخص', 'في', 'إنو', 'كيف', 'بدي', 'أدور', 'على', 'تاكسي', 'بهيك', 'جو', '!', 'ينعن', 'محاضرة', '8', '0', '#الجامعة_الهاشمية', '#صباح_الخير', '#مطر', '#أمطار', '#أمطار_الخير', '#الأردن', '#عمان']","['DET+NOUN+NSUFF', 'V', 'PREP', 'PART+PRON', 'PART', 'NOUN+PRON', 'V', 'PREP', 'NOUN', 'PREP+ADV', 'NOUN', 'PUNC', 'V', 'NOUN+NSUFF', 'NUM', 'PUNC', 'HASH', 'HASH', 'HASH', 'HASH', 'HASH', 'HASH', 'HASH']",Syria
94,95,مخي يتكون من : واحد عاقل ، وواحد غبي ، وواحد ذكي ، وواحد قليل ادب ، وواحد زنخ و واحد شيخ دين عاد انت وحظك على حسب اللي مستلم الشفت =D,"['مخي', 'يتكون', 'من', ':', 'واحد', 'عاقل', '،', 'وواحد', 'غبي', '،', 'وواحد', 'ذكي', '،', 'وواحد', 'قليل', 'ادب', '،', 'وواحد', 'زنخ', 'و', 'واحد', 'شيخ', 'دين', 'عاد', 'انت', 'وحظك', 'على', 'حسب', 'اللي', 'مستلم', 'الشفت', '=D']","['NOUN+PRON', 'V', 'PREP', 'PUNC', 'NOUN', 'ADJ', 'PUNC', 'CONJ+NOUN', 'ADJ', 'PUNC', 'CONJ+NOUN', 'ADJ', 'PUNC', 'CONJ+NOUN', 'ADJ', 'NOUN', 'PUNC', 'CONJ+NOUN', 'ADJ', 'CONJ', 'NOUN', 'NOUN', 'NOUN', 'ADV', 'PRON', 'CONJ+NOUN+PRON', 'PREP', 'NOUN', 'PART', 'NOUN', 'DET+NOUN', 'EMOT']",Saudi Arabia
95,96,ترا والله زي ما بتعامل اللي قدامك 0 0 مين ما كان رح يجي شخص ويعاملك نفس ما انت بتعاملهم : ),"['ترا', 'والله', 'زي', 'ما', 'بتعامل', 'اللي', 'قدامك', '0', '0', 'مين', 'ما', 'كان', 'رح', 'يجي', 'شخص', 'ويعاملك', 'نفس', 'ما', 'انت', 'بتعاملهم', ':', ')']","['V', 'CONJ+NOUN', 'NOUN', 'PART', 'PROG_PART+V', 'PART', 'NOUN+PRON', 'PUNC', 'PUNC', 'PART', 'PART', 'V', 'FUT_PART', 'V', 'NOUN', 'CONJ+V+PRON', 'NOUN', 'PART', 'PRON', 'PROG_PART+V+PRON', 'PUNC', 'PUNC']",Jordan
96,97,"لما يكون في شاب تارك المدرسة من صف سابع وصوته حلو وجاي يدور ع فرصة , , أعتقد ما في مجال لمسخرتك #نجم_الأردن @RoyaJordanStar","['لما', 'يكون', 'في', 'شاب', 'تارك', 'المدرسة', 'من', 'صف', 'سابع', 'وصوته', 'حلو', 'وجاي', 'يدور', 'ع', 'فرصة', ',', ',', 'أعتقد', 'ما', 'في', 'مجال', 'لمسخرتك', '#نجم_الأردن', '@RoyaJordanStar']","['PART', 'V', 'ADV', 'NOUN', 'V', 'DET+NOUN+NSUFF', 'PREP', 'NOUN', 'ADJ', 'CONJ+NOUN+PRON', 'ADJ', 'CONJ+ADJ', 'V', 'PREP', 'NOUN+NSUFF', 'PUNC', 'PUNC', 'V', 'PART', 'PREP', 'NOUN', 'PREP+NOUN+NSUFF+PRON', 'HASH', 'MENTION']",Syria
97,98,بكل العالم الأماكن المخصصة لالمدخنين صغيرة وجنب الحمام أو برة إلا في #الاردن الأماكن المخصصة لغير المدخنين بأسوأ مكان في المطعم مش هيك,"['بكل', 'العالم', 'الأماكن', 'المخصصة', 'لالمدخنين', 'صغيرة', 'وجنب', 'الحمام', 'أو', 'برة', 'إلا', 'في', '#الاردن', 'الأماكن', 'المخصصة', 'لغير', 'المدخنين', 'بأسوأ', 'مكان', 'في', 'المطعم', 'مش', 'هيك']","['PREP+NOUN', 'DET+NOUN', 'DET+NOUN', 'DET+NOUN+NSUFF', 'PREP+DET+NOUN+NSUFF', 'ADJ+NSUFF', 'CONJ+NOUN', 'DET+NOUN', 'CONJ', 'NOUN+NSUFF', 'PART', 'PREP', 'HASH', 'DET+NOUN', 'DET+NOUN+NSUFF', 'PREP+NOUN', 'DET+NOUN+NSUFF', 'PREP+ADJ', 'NOUN', 'PREP', 'DET+NOUN', 'PART', 'ADV']",Jordan
98,99,يا طير يا طاير دربك ع باب الله هات البشاير وامشي في ارض الله يا طير يا طاير دربك ع باب الله,"['يا', 'طير', 'يا', 'طاير', 'دربك', 'ع', 'باب', 'الله', 'هات', 'البشاير', 'وامشي', 'في', 'ارض', 'الله', 'يا', 'طير', 'يا', 'طاير', 'دربك', 'ع', 'باب', 'الله']","['PART', 'NOUN', 'PART', 'ADJ', 'NOUN+PRON', 'PREP', 'NOUN', 'NOUN', 'V', 'DET+NOUN', 'CONJ+V', 'PREP', 'NOUN', 'NOUN', 'PART', 'NOUN', 'PART', 'ADJ', 'NOUN+PRON', 'PREP', 'NOUN', 'NOUN']",Iraq
99,100,@ahmedrubb آمين يا رب و كلنا نشم ريحة تراب وطننا و نشوف ناسنا و أهلنا و أصولنا و أماكننا,"['@ahmedrubb', 'آمين', 'يا', 'رب', 'و', 'كلنا', 'نشم', 'ريحة', 'تراب', 'وطننا', 'و', 'نشوف', 'ناسنا', 'و', 'أهلنا', 'و', 'أصولنا', 'و', 'أماكننا']","['MENTION', 'NOUN', 'PART', 'NOUN', 'CONJ', 'NOUN+PRON', 'V', 'NOUN+NSUFF', 'NOUN', 'NOUN+PRON', 'CONJ', 'V', 'NOUN+PRON', 'CONJ', 'NOUN+PRON', 'CONJ', 'NOUN+PRON', 'CONJ', 'NOUN+PRON']",Egypt
100,101,@ayser_mahaftha ههههههههههههههههههه طيب والله عجبني الاقتراح وبنصير نعطل خميس وجمعة وبصير كمان الاربعا الكويس المنتاز 😍 😍,"['@ayser_mahaftha', 'ههههههههههههههههههه', 'طيب', 'والله', 'عجبني', 'الاقتراح', 'وبنصير', 'نعطل', 'خميس', 'وجمعة', 'وبصير', 'كمان', 'الاربعا', 'الكويس', 'المنتاز', '😍', '😍']","['MENTION', 'EMOT', 'ADJ', 'CONJ+NOUN', 'V+PRON', 'DET+NOUN', 'CONJ+FUT_PART+V', 'V', 'NOUN', 'CONJ+NOUN+NSUFF', 'CONJ+FUT_PART+V', 'ADV', 'DET+NOUN', 'DET+ADJ', 'DET+ADJ', 'EMOT', 'EMOT']",Qatar
101,102,@tayfour_ahmad ههههههههه اختصر ع حالو 0 0 بس اخرتو ينكشف وتنمسح فيه الارض - 0 -,"['@tayfour_ahmad', 'ههههههههه', 'اختصر', 'ع', 'حالو', '0', '0', 'بس', 'اخرتو', 'ينكشف', 'وتنمسح', 'فيه', 'الارض', '-', '0', '-']","['MENTION', 'EMOT', 'V', 'PREP', 'NOUN+PRON', 'PUNC', 'PUNC', 'PART', 'NOUN+NSUFF+PRON', 'V', 'CONJ+V', 'PREP+PRON', 'DET+NOUN', 'PUNC', 'PUNC', 'PUNC']",Syria
102,103,@loujainataani وهو حل بس ما رح يزبط ، شو بدنا نغير لنغير : / لالاسف كله اسوء من بعضه : ( (,"['@loujainataani', 'وهو', 'حل', 'بس', 'ما', 'رح', 'يزبط', '،', 'شو', 'بدنا', 'نغير', 'لنغير', ':', '/', 'لالاسف', 'كله', 'اسوء', 'من', 'بعضه', ':', '(', '(']","['MENTION', 'CONJ+PRON', 'NOUN', 'PART', 'PART', 'FUT_PART', 'V', 'PUNC', 'PART', 'NOUN+PRON', 'V', 'PREP+V', 'PUNC', 'PUNC', 'PREP+DET+NOUN', 'NOUN+PRON', 'ADJ', 'PREP', 'NOUN+PRON', 'PUNC', 'PUNC', 'PUNC']",Jordan
103,104,ناس نفسيتهم زفت يطلعون يسافرون تركيا وايطاليا ولندن ويرجعون نفسياتهم زفت ☹ ^ وانا اروح بنده وارجع كني عروس جايه من شهر العسل ☺,"['ناس', 'نفسيتهم', 'زفت', 'يطلعون', 'يسافرون', 'تركيا', 'وايطاليا', 'ولندن', 'ويرجعون', 'نفسياتهم', 'زفت', '☹', '^', 'وانا', 'اروح', 'بنده', 'وارجع', 'كني', 'عروس', 'جايه', 'من', 'شهر', 'العسل', '☺']","['NOUN', 'NOUN+NSUFF+PRON', 'ADJ', 'V', 'V+PRON', 'NOUN', 'CONJ+NOUN', 'CONJ+NOUN', 'CONJ+V+PRON', 'NOUN+NSUFF+PRON', 'ADJ', 'EMOT', 'PUNC', 'CONJ+PRON', 'V', 'NOUN', 'CONJ+V', 'PART+PRON', 'NOUN', 'V+PRON', 'PREP', 'NOUN', 'DET+NOUN', 'EMOT']",Qatar
104,105,شارع الجاردنز 0 0 0 0 يا بتلغوا الاشارات 0 0 0 يا بتعملوا طابق تاني فوق السيارات 0 0 كيف ما بعرف 0 0 ! ! ! ! ؟ ؟ ؟ ؟ 0 0 0 0 0 #ازمه 0 0 0 كل الاردن هناك,"['شارع', 'الجاردنز', '0', '0', '0', '0', 'يا', 'بتلغوا', 'الاشارات', '0', '0', '0', 'يا', 'بتعملوا', 'طابق', 'تاني', 'فوق', 'السيارات', '0', '0', 'كيف', 'ما', 'بعرف', '0', '0', '!', '!', '!', '!', '؟', '؟', '؟', '؟', '0', '0', '0', '0', '0', '#ازمه', '0', '0', '0', 'كل', 'الاردن', 'هناك']","['NOUN', 'DET+NOUN', 'PUNC', 'PUNC', 'PUNC', 'PUNC', 'PART', 'PROG_PART+V+PRON', 'DET+NOUN+NSUFF', 'PUNC', 'PUNC', 'PUNC', 'PART', 'PROG_PART+V+PRON', 'NOUN', 'NOUN', 'NOUN', 'DET+NOUN+NSUFF', 'PUNC', 'PUNC', 'PART', 'PART', 'PROG_PART+V', 'PUNC', 'PUNC', 'PUNC', 'PUNC', 'PUNC', 'PUNC', 'PUNC', 'PUNC', 'PUNC', 'PUNC', 'PUNC', 'PUNC', 'PUNC', 'PUNC', 'PUNC', 'HASH', 'PUNC', 'PUNC', 'PUNC', 'NOUN', 'DET+NOUN', 'ADV']",Libya
105,106,على فكرة مش اشي خرافي تكون البنت هيك ممكن تلاقي شباب كثير حوليها بس هس عارفة شو رأيهم فيها ولشو مكيفين عليها 0 0 اول عن اخر راح ينشطفلك : ),"['على', 'فكرة', 'مش', 'اشي', 'خرافي', 'تكون', 'البنت', 'هيك', 'ممكن', 'تلاقي', 'شباب', 'كثير', 'حوليها', 'بس', 'هس', 'عارفة', 'شو', 'رأيهم', 'فيها', 'ولشو', 'مكيفين', 'عليها', '0', '0', 'اول', 'عن', 'اخر', 'راح', 'ينشطفلك', ':', ')']","['PREP', 'NOUN+NSUFF', 'PART', 'NOUN', 'ADJ', 'V', 'DET+NOUN', 'ADV', 'ADJ', 'V', 'NOUN', 'NOUN', 'NOUN+PRON', 'PART', 'PART', 'ADJ+NSUFF', 'PART', 'NOUN+PRON', 'PREP+PRON', 'CONJ+PREP+PART', 'ADJ+NSUFF', 'PREP+PRON', 'PUNC', 'PUNC', 'NOUN', 'PREP', 'NOUN', 'FUT_PART', 'V+PREP+PRON', 'PUNC', 'PUNC']",Jordan
106,107,@ayser_mahaftha هخههههههههههههههه انا بس اعصب بسير ادور عليك بس اتفشش فيك انا مستغربه لحدا الان ما اعطيتني ريبورت ه عنجد البست فرند 1,"['@ayser_mahaftha', 'هخههههههههههههههه', 'انا', 'بس', 'اعصب', 'بسير', 'ادور', 'عليك', 'بس', 'اتفشش', 'فيك', 'انا', 'مستغربه', 'لحدا', 'الان', 'ما', 'اعطيتني', 'ريبورت', 'ه', 'عنجد', 'البست', 'فرند', '1']","['MENTION', 'EMOT', 'PRON', 'ADV', 'V', 'PROG_PART+V', 'V', 'PREP+PRON', 'ADV', 'ADV', 'PREP+PRON', 'PRON', 'ADJ+NSUFF', 'PREP+NOUN', 'PART', 'PART', 'V+PRON+PRON', 'NOUN', 'PUNC', 'PREP+NOUN', 'DET+NOUN', 'NOUN', 'NUM']",Iraq
107,108,@amroalrweidan ههههههههههههههه والله ضحكتني عالاخر 0 .. وانت الك الاجر انك بتدل الناس عليي 0 0 😊 يسعدك,"['@amroalrweidan', 'ههههههههههههههه', 'والله', 'ضحكتني', 'عالاخر', '0', '..', 'وانت', 'الك', 'الاجر', 'انك', 'بتدل', 'الناس', 'عليي', '0', '0', '😊', 'يسعدك']","['MENTION', 'EMOT', 'CONJ+NOUN', 'V+PRON+PRON', 'PREP+DET+NOUN', 'PUNC', 'PUNC', 'CONJ+PRON', 'PREP+PRON', 'DET+NOUN', 'PART+PRON', 'PROG_PART+V', 'DET+NOUN', 'PREP+PRON', 'PUNC', 'PUNC', 'EMOT', 'V+PRON']",Lebanon
108,109,#بحزن_عالبنات_لانهم بالاخر لما مايجي شي زي مابدها بترجع بتحكيلك هيك الله بده 0 0 فاهمين موضوع ارادة ربنا غلط,"['#بحزن_عالبنات_لانهم', 'بالاخر', 'لما', 'مايجي', 'شي', 'زي', 'مابدها', 'بترجع', 'بتحكيلك', 'هيك', 'الله', 'بده', '0', '0', 'فاهمين', 'موضوع', 'ارادة', 'ربنا', 'غلط']","['HASH', 'PREP+DET+NOUN', 'PART', 'PART+V', 'NOUN', 'NOUN', 'PART+NOUN+PRON', 'PROG_PART+V', 'PROG_PART+V+PREP+PRON', 'ADV', 'NOUN', 'NOUN+PRON', 'PUNC', 'PUNC', 'ADJ+PRON', 'NOUN', 'NOUN+NSUFF', 'NOUN+PRON', 'ADV']",Syria
109,110,اذا حبيت تطلع الحمار الي جواك ، طلعه و انتا بدار الي خلفك 0 .. العالم مش ناقصها,"['اذا', 'حبيت', 'تطلع', 'الحمار', 'الي', 'جواك', '،', 'طلعه', 'و', 'انتا', 'بدار', 'الي', 'خلفك', '0', '..', 'العالم', 'مش', 'ناقصها']","['NOUN', 'V+PRON', 'V', 'DET+NOUN', 'PART', 'NOUN+PRON', 'PUNC', 'V+PRON', 'CONJ', 'PRON', 'PREP+NOUN', 'PART', 'V+PRON', 'PUNC', 'PUNC', 'DET+NOUN', 'PART', 'ADJ+PRON']",Libya
110,111,لما اهلك يعطوك شغلة ! ' لازم يحكولك ؛ ؛ مع انك ما بتستاهل بس يلا ! ' لابد من الاهانة يعني ههههههههههههههههههههههه,"['لما', 'اهلك', 'يعطوك', 'شغلة', '!', ""'"", 'لازم', 'يحكولك', '؛', '؛', 'مع', 'انك', 'ما', 'بتستاهل', 'بس', 'يلا', '!', ""'"", 'لابد', 'من', 'الاهانة', 'يعني', 'ههههههههههههههههههههههه']","['PART', 'NOUN+PRON', 'V+PRON+PRON', 'NOUN+NSUFF', 'PUNC', 'PUNC', 'ADJ', 'V+PRON+PREP+PRON', 'PUNC', 'PUNC', 'PART', 'PART+PRON', 'PART', 'PROG_PART+V', 'PART', 'PART', 'PUNC', 'PUNC', 'NOUN', 'PREP', 'DET+NOUN+NSUFF', 'V', 'EMOT']",Jordan
111,112,@sameeraljaghber الله يسعد عمرك يزم بدي اتصبح فيك ما اكون رايق 0 .. يزم احلى صباح والله,"['@sameeraljaghber', 'الله', 'يسعد', 'عمرك', 'يزم', 'بدي', 'اتصبح', 'فيك', 'ما', 'اكون', 'رايق', '0', '..', 'يزم', 'احلى', 'صباح', 'والله']","['MENTION', 'NOUN', 'V', 'NOUN+PRON', 'PART+NOUN', 'NOUN+PRON', 'V', 'PREP+PRON', 'PART', 'V', 'ADJ', 'PUNC', 'PUNC', 'PART+NOUN', 'ADJ', 'NOUN', 'CONJ+NOUN']",Lebanon
112,113,التساؤل اللي عم يطرحوه كل اللي بعرفهم هو إنه هاي لجنة تحكيم ولا جاهة ؟ #نجم_الأردن,"['التساؤل', 'اللي', 'عم', 'يطرحوه', 'كل', 'اللي', 'بعرفهم', 'هو', 'إنه', 'هاي', 'لجنة', 'تحكيم', 'ولا', 'جاهة', '؟', '#نجم_الأردن']","['DET+NOUN', 'PART', 'PART', 'V+PRON+PRON', 'NOUN', 'PART', 'PROG_PART+V+PRON', 'PRON', 'PART+PRON', 'PRON', 'NOUN+NSUFF', 'NOUN', 'CONJ+PART', 'NOUN+NSUFF', 'PUNC', 'HASH']",Jordan
113,114,احنا كيف كنا نصحى طول العمر من ٦ الصبح لالمدرسة وبالأخر بطالة ؟ ! 😭,"['احنا', 'كيف', 'كنا', 'نصحى', 'طول', 'العمر', 'من', '٦', 'الصبح', 'لالمدرسة', 'وبالأخر', 'بطالة', '؟', '!', '😭']","['PRON', 'PART', 'V', 'V', 'NOUN', 'DET+NOUN', 'PREP', 'NUM', 'DET+NOUN', 'PREP+DET+NOUN+NSUFF', 'CONJ+PREP+DET+NOUN', 'NOUN+NSUFF', 'PUNC', 'PUNC', 'EMOT']",Jordan
114,115,لما اكون بالباص ويجي اللي قدامي يرجع الكرسي بدون ما يستأذن مني ، جكر بضل اخبط بالكرسي برجلي لحتى يحس انه مدايقني وعالفاضي مافي :p ذووق,"['لما', 'اكون', 'بالباص', 'ويجي', 'اللي', 'قدامي', 'يرجع', 'الكرسي', 'بدون', 'ما', 'يستأذن', 'مني', '،', 'جكر', 'بضل', 'اخبط', 'بالكرسي', 'برجلي', 'لحتى', 'يحس', 'انه', 'مدايقني', 'وعالفاضي', 'مافي', ':p', 'ذووق']","['PART', 'V', 'PREP+DET+NOUN', 'CONJ+V+PRON', 'PART', 'NOUN+PRON', 'V', 'PREP+NOUN', 'NOUN', 'PART', 'V', 'PREP+PRON', 'PUNC', 'NOUN', 'PROG_PART+V', 'V', 'PREP+DET+NOUN', 'PREP+NOUN+PRON', 'PREP+PART', 'V', 'PART+PRON', 'ADJ+PRON', 'CONJ+PREP+DET+NOUN', 'PART+PREP', 'EMOT', 'NOUN']",Syria
115,116,@mj_rahal بطاطا زابطه بتاتا بس بندوره مو زابطه بنتوره خف شوي علينا ضربت اللغه العربيه,"['@mj_rahal', 'بطاطا', 'زابطه', 'بتاتا', 'بس', 'بندوره', 'مو', 'زابطه', 'بنتوره', 'خف', 'شوي', 'علينا', 'ضربت', 'اللغه', 'العربيه']","['MENTION', 'NOUN', 'V+PRON', 'NOUN', 'PART', 'NOUN+NSUFF', 'PART', 'V+PRON', 'NOUN+NSUFF', 'V', 'NOUN', 'PREP+PRON', 'V+PRON', 'DET+NOUN+NSUFF', 'DET+ADJ+NSUFF']",Yemen
116,117,موت طفل عمره 3 سنوات على معبر رفح هو قمة اللاإنسانية من نظام السيسي 0 ... السيسي اللي بصوم إثنين وخميس وببكي بصلاة الظهر !,"['موت', 'طفل', 'عمره', '3', 'سنوات', 'على', 'معبر', 'رفح', 'هو', 'قمة', 'اللاإنسانية', 'من', 'نظام', 'السيسي', '0', '...', 'السيسي', 'اللي', 'بصوم', 'إثنين', 'وخميس', 'وببكي', 'بصلاة', 'الظهر', '!']","['NOUN', 'NOUN', 'NOUN+NSUFF', 'NUM', 'NOUN', 'PREP', 'NOUN', 'NOUN', 'PRON', 'NOUN+NSUFF', 'DET+ADJ+NSUFF', 'PREP', 'NOUN', 'DET+NOUN', 'PUNC', 'PUNC', 'DET+NOUN', 'PART', 'PROG_PART+V', 'NOUN', 'CONJ+NOUN', 'CONJ+PROG_PART+V', 'PREP+NOUN+NSUFF', 'DET+NOUN', 'PUNC']",Jordan
117,118,ابن الاصل بضل ابن الاصل وين ما انحط ، ، ، ، ، ، والنوري بضل نوري وين ما انحط ، ، ، ، العرق دساس #حقيقة,"['ابن', 'الاصل', 'بضل', 'ابن', 'الاصل', 'وين', 'ما', 'انحط', '،', '،', '،', '،', '،', '،', 'والنوري', 'بضل', 'نوري', 'وين', 'ما', 'انحط', '،', '،', '،', '،', 'العرق', 'دساس', '#حقيقة']","['NOUN', 'DET+NOUN', 'PROG_PART+V', 'NOUN', 'DET+NOUN', 'PART', 'PART', 'V', 'PUNC', 'PUNC', 'PUNC', 'PUNC', 'PUNC', 'PUNC', 'CONJ+DET+NOUN', 'PROG_PART+V', 'NOUN', 'PART', 'PART', 'V', 'PUNC', 'PUNC', 'PUNC', 'PUNC', 'DET+NOUN', 'NOUN', 'HASH']",Lebanon
118,119,@3yoosh94 لا هاي ولا هاي هي الواحد عايش ومرتاح وشحن موبايله فل ودايما معه كردت وبسهر على كيفه ليش وجع الراس 😝 😝,"['@3yoosh94', 'لا', 'هاي', 'ولا', 'هاي', 'هي', 'الواحد', 'عايش', 'ومرتاح', 'وشحن', 'موبايله', 'فل', 'ودايما', 'معه', 'كردت', 'وبسهر', 'على', 'كيفه', 'ليش', 'وجع', 'الراس', '😝', '😝']","['MENTION', 'PART', 'PRON', 'CONJ+PART', 'PRON', 'PRON', 'DET+NOUN', 'ADJ', 'CONJ+ADJ', 'CONJ+NOUN', 'NOUN+NSUFF', 'ADJ', 'CONJ+ADJ+CASE', 'NOUN+PRON', 'NOUN', 'CONJ+PROG_PART+V', 'PREP', 'PART+PRON', 'PART', 'NOUN', 'DET+NOUN', 'EMOT', 'EMOT']",Jordan
119,120,بس حدا يغلط معك ، و أنت تعتبره مو غلط و تنسى ، و أنت تغلط معه نفس الغلط ، و يحاسبك عليه ، ف أنت غلطان إنك بتعرفه : ),"['بس', 'حدا', 'يغلط', 'معك', '،', 'و', 'أنت', 'تعتبره', 'مو', 'غلط', 'و', 'تنسى', '،', 'و', 'أنت', 'تغلط', 'معه', 'نفس', 'الغلط', '،', 'و', 'يحاسبك', 'عليه', '،', 'ف', 'أنت', 'غلطان', 'إنك', 'بتعرفه', ':', ')']","['ADV', 'NOUN', 'V', 'NOUN+PRON', 'PUNC', 'CONJ', 'PRON', 'V+PRON', 'PART', 'NOUN', 'CONJ', 'V', 'PUNC', 'CONJ', 'PRON', 'V', 'NOUN+PRON', 'NOUN', 'DET+NOUN', 'PUNC', 'CONJ', 'V+PRON', 'PREP+PRON', 'PUNC', 'CONJ', 'PRON', 'ADJ', 'PART+PRON', 'PROG_PART+V+PRON', 'PUNC', 'PUNC']",Palestine
120,121,الناس ماعاد يشوفونا من اذانيهم ! لا ياحبيبي صاروا يخترعوا حكي من راسهم و يصدقوه و يشوفونا فيه,"['الناس', 'ماعاد', 'يشوفونا', 'من', 'اذانيهم', '!', 'لا', 'ياحبيبي', 'صاروا', 'يخترعوا', 'حكي', 'من', 'راسهم', 'و', 'يصدقوه', 'و', 'يشوفونا', 'فيه']","['DET+NOUN', 'PART+V', 'V+PRON+PRON', 'PREP', 'NOUN+PRON+PRON', 'PUNC', 'PART', 'PART+NOUN+PRON', 'V+PRON', 'V+PRON', 'NOUN', 'PREP', 'NOUN+PRON', 'CONJ', 'V+PRON+PRON', 'CONJ', 'V+PRON+PRON', 'PREP+PRON']",Jordan
121,122,@FarahSharawi لا مش عشان هيك بس حاسيتك زهقانة قلب الأم,"['@FarahSharawi', 'لا', 'مش', 'عشان', 'هيك', 'بس', 'حاسيتك', 'زهقانة', 'قلب', 'الأم']","['MENTION', 'PART', 'PART', 'PART', 'ADV', 'ADV', 'V+PRON+PRON', 'ADJ+NSUFF', 'NOUN', 'DET+NOUN']",Jordan
122,123,احبابي ساعات قليلة بتفصلنا عن الحسم بتمنى تكثفو التصويت وبعتذر اليوم اذا قصرت بالتواصل معكن اليوم بس بوعدكن اننا 0 .. http://t.co/eCYmK1ZZ2F,"['احبابي', 'ساعات', 'قليلة', 'بتفصلنا', 'عن', 'الحسم', 'بتمنى', 'تكثفو', 'التصويت', 'وبعتذر', 'اليوم', 'اذا', 'قصرت', 'بالتواصل', 'معكن', 'اليوم', 'بس', 'بوعدكن', 'اننا', '0', '..', 'http://t.co/eCYmK1ZZ2F']","['NOUN+PRON', 'NOUN+NSUFF', 'ADJ+NSUFF', 'PROG_PART+V+PRON', 'PREP', 'DET+NOUN', 'PROG_PART+V', 'V+PRON', 'DET+NOUN', 'CONJ+PREP+V', 'DET+NOUN', 'NOUN', 'V+PRON', 'PREP+DET+NOUN', 'NOUN+PRON', 'DET+NOUN', 'PART', 'PREP+V+PRON', 'PART+PRON', 'PUNC', 'PUNC', 'URL']",Jordan
123,124,@besozoubi @Medomisto قييييييييييييييييييييييييمي المزهرية اللي ع الباب ابوس ايدك ولك,"['@besozoubi', '@Medomisto', 'قييييييييييييييييييييييييمي', 'المزهرية', 'اللي', 'ع', 'الباب', 'ابوس', 'ايدك', 'ولك']","['MENTION', 'MENTION', 'V+PRON', 'DET+NOUN+NSUFF', 'PART', 'PREP', 'DET+NOUN', 'V', 'NOUN+PRON', 'CONJ+PART']",Syria
124,125,كمان 15 متابع بصير 500 نفسي اشوف هالرقم #ملاحظه هذا المستخدم يشحد بالعقل,"['كمان', '15', 'متابع', 'بصير', '500', 'نفسي', 'اشوف', 'هالرقم', '#ملاحظه', 'هذا', 'المستخدم', 'يشحد', 'بالعقل']","['ADV', 'NUM', 'NOUN', 'FUT_PART+V', 'NUM', 'NOUN+PRON', 'V', 'PRON+DET+NOUN', 'HASH', 'PRON', 'DET+NOUN', 'V', 'PREP+DET+NOUN']",Oman
125,126,طعميني من شبسك مابدي بحكيلك طعميني يا حيوان انا كنت بدي اطعميك بس مشان حكيت حيوان بطلت أما ذكريات هههههههههههه,"['طعميني', 'من', 'شبسك', 'مابدي', 'بحكيلك', 'طعميني', 'يا', 'حيوان', 'انا', 'كنت', 'بدي', 'اطعميك', 'بس', 'مشان', 'حكيت', 'حيوان', 'بطلت', 'أما', 'ذكريات', 'هههههههههههه']","['V+PRON+PRON', 'PREP', 'NOUN+PRON', 'PART+NOUN+PRON', 'PROG_PART+V+PREP+PRON', 'V+PRON+PRON', 'PART', 'NOUN', 'PRON', 'V+PRON', 'NOUN+PRON', 'V+PRON+PRON', 'PART', 'PART', 'V+PRON', 'NOUN', 'V+PRON', 'PART', 'NOUN+NSUFF', 'EMOT']",Syria
126,127,"مش شرط ازا حبيت حدا تصير تقلده و تستخدم اسلوبه بطرح الافكار 0 ابدا "" مش شرط و ما رح يعمل نتيجه","['مش', 'شرط', 'ازا', 'حبيت', 'حدا', 'تصير', 'تقلده', 'و', 'تستخدم', 'اسلوبه', 'بطرح', 'الافكار', '0', 'ابدا', '""', 'مش', 'شرط', 'و', 'ما', 'رح', 'يعمل', 'نتيجه']","['PART', 'NOUN', 'NOUN', 'V+PRON', 'NOUN', 'V', 'V+PRON', 'CONJ', 'V', 'NOUN+PRON', 'PREP+NOUN', 'DET+NOUN', 'PUNC', 'NOUN+CASE', 'PUNC', 'PART', 'NOUN', 'CONJ', 'PART', 'FUT_PART', 'V', 'NOUN+NSUFF']",Jordan
127,128,مهو وحدة من الشغلتين 0 0 0 يا إما هوا ببعث إلكم دي إم عشان تساووله ريتويت 0 0 0 يا إما أنا غبي ومش قادر أستوعب عمق المعاني العظيمة اللي بكلامه ! !,"['مهو', 'وحدة', 'من', 'الشغلتين', '0', '0', '0', 'يا', 'إما', 'هوا', 'ببعث', 'إلكم', 'دي', 'إم', 'عشان', 'تساووله', 'ريتويت', '0', '0', '0', 'يا', 'إما', 'أنا', 'غبي', 'ومش', 'قادر', 'أستوعب', 'عمق', 'المعاني', 'العظيمة', 'اللي', 'بكلامه', '!', '!']","['PART+PRON', 'NOUN+NSUFF', 'PREP', 'DET+NOUN+NSUFF+NSUFF', 'PUNC', 'PUNC', 'PUNC', 'PART', 'PART', 'PRON', 'PROG_PART+V', 'PREP+PRON', 'NOUN', 'NOUN', 'PART', 'V+PRON+PREP+PRON', 'NOUN', 'PUNC', 'PUNC', 'PUNC', 'PART', 'PART', 'PRON', 'ADJ', 'CONJ+PART', 'ADJ', 'V', 'NOUN', 'DET+NOUN', 'DET+ADJ+NSUFF', 'PART', 'PREP+NOUN+PRON', 'PUNC', 'PUNC']",Egypt
128,129,@FarahRawahneh في مجتمعك اللي بحكي انجليزي غلط بكون غبي ، اما الاجنبي اللي بكسر كل الاحرف العربية و بنكيف عليه و بنعتبره مبدع 0,"['@FarahRawahneh', 'في', 'مجتمعك', 'اللي', 'بحكي', 'انجليزي', 'غلط', 'بكون', 'غبي', '،', 'اما', 'الاجنبي', 'اللي', 'بكسر', 'كل', 'الاحرف', 'العربية', 'و', 'بنكيف', 'عليه', 'و', 'بنعتبره', 'مبدع', '0']","['MENTION', 'PREP', 'NOUN+PRON', 'PART', 'PROG_PART+V', 'NOUN', 'ADV', 'PROG_PART+V', 'ADJ', 'PUNC', 'PART', 'DET+NOUN', 'PART', 'PROG_PART+V', 'NOUN', 'DET+NOUN', 'DET+ADJ+NSUFF', 'CONJ', 'PROG_PART+V', 'PREP+PRON', 'CONJ', 'PROG_PART+V+PRON', 'ADJ', 'PUNC']",Jordan
129,130,"كنا نحضر "" عالم الحيوان "" و احنا صغار 0 0 و هسا لما كبرنا صرنا نعيش فيه","['كنا', 'نحضر', '""', 'عالم', 'الحيوان', '""', 'و', 'احنا', 'صغار', '0', '0', 'و', 'هسا', 'لما', 'كبرنا', 'صرنا', 'نعيش', 'فيه']","['V', 'V', 'PUNC', 'NOUN', 'DET+NOUN', 'PUNC', 'CONJ', 'PRON', 'ADJ', 'PUNC', 'PUNC', 'CONJ', 'NOUN', 'PART', 'V+PRON', 'V+PRON', 'V', 'PREP+PRON']",Iraq
130,131,شو دائما بحكي ؟ الحياة سعبة و الإنسان دعيف منه لالله الي ورجاني الصورة هههههههه http://t.co/gbtT3aWnyp,"['شو', 'دائما', 'بحكي', '؟', 'الحياة', 'سعبة', 'و', 'الإنسان', 'دعيف', 'منه', 'لالله', 'الي', 'ورجاني', 'الصورة', 'هههههههه', 'http://t.co/gbtT3aWnyp']","['PART', 'ADJ+CASE', 'PROG_PART+V', 'PUNC', 'DET+NOUN+NSUFF', 'ADJ+NSUFF', 'CONJ', 'DET+NOUN', 'ADJ', 'PREP+PRON', 'PREP+NOUN', 'PART', 'V+PRON', 'DET+NOUN+NSUFF', 'EMOT', 'URL']",Lebanon
131,132,ما بدس ادرس من الأخير خليني خبص علفيرست مشان شد حيلي عل سيكاند 0,"['ما', 'بدس', 'ادرس', 'من', 'الأخير', 'خليني', 'خبص', 'علفيرست', 'مشان', 'شد', 'حيلي', 'عل', 'سيكاند', '0']","['PART', 'ADV', 'V', 'PREP', 'DET+ADJ', 'V+PRON', 'V', 'PREP+DET+NOUN', 'PART', 'V', 'NOUN+PRON', 'PREP+DET', 'NOUN', 'PUNC']",Lebanon
132,133,ياخي درست ٤ سنين مش عشان تيجي تحكيلي شو بعرفك انتي ايش هالقرف هاد 0 0 الحق علي بحاول اساعد !,"['ياخي', 'درست', '٤', 'سنين', 'مش', 'عشان', 'تيجي', 'تحكيلي', 'شو', 'بعرفك', 'انتي', 'ايش', 'هالقرف', 'هاد', '0', '0', 'الحق', 'علي', 'بحاول', 'اساعد', '!']","['PART+NOUN', 'V+PRON', 'NUM', 'NOUN', 'PART', 'PART', 'V', 'V+PREP+PRON', 'PART', 'PROG_PART+V+PRON', 'PRON', 'PART', 'PRON+DET+NOUN', 'PRON', 'PUNC', 'PUNC', 'DET+NOUN', 'PREP+PRON', 'PROG_PART+V', 'V', 'PUNC']",Lebanon
133,134,اسهر كتير وفيق بكير وشوف عيونك كيف بتصير,"['اسهر', 'كتير', 'وفيق', 'بكير', 'وشوف', 'عيونك', 'كيف', 'بتصير']","['V', 'ADJ', 'CONJ+V', 'ADJ', 'CONJ+V', 'NOUN+PRON', 'PART', 'FUT_PART+V']",Syria
134,135,@maramfreiwan ههههههههههههههه ب النسبه لموضوع انه اضل صاحيه ف والله صعب ، ، و بالنسبه لالحلم بفسره اول بعدين بحكيلك ياه ، ، والله يستر : /,"['@maramfreiwan', 'ههههههههههههههه', 'ب', 'النسبه', 'لموضوع', 'انه', 'اضل', 'صاحيه', 'ف', 'والله', 'صعب', '،', '،', 'و', 'بالنسبه', 'لالحلم', 'بفسره', 'اول', 'بعدين', 'بحكيلك', 'ياه', '،', '،', 'والله', 'يستر', ':', '/']","['MENTION', 'EMOT', 'PREP', 'DET+NOUN+NSUFF', 'PREP+NOUN', 'PART+PRON', 'V', 'ADJ+NSUFF', 'CONJ', 'CONJ+NOUN', 'ADJ', 'PUNC', 'PUNC', 'CONJ', 'PREP+DET+NOUN+NSUFF', 'PREP+DET+NOUN', 'FUT_PART+V+PRON', 'ADJ', 'NOUN+NSUFF', 'FUT_PART+V+PREP+PRON', 'PART', 'PUNC', 'PUNC', 'CONJ+NOUN', 'V', 'PUNC', 'PUNC']",Jordan
135,136,مشتاق لحدا ما بيعرف انك مشتاقله ، برضو في حدا مشتاقلك انت ما بتعرف انه مشتاقلك 0 ..,"['مشتاق', 'لحدا', 'ما', 'بيعرف', 'انك', 'مشتاقله', '،', 'برضو', 'في', 'حدا', 'مشتاقلك', 'انت', 'ما', 'بتعرف', 'انه', 'مشتاقلك', '0', '..']","['ADJ', 'PREP+NOUN', 'PART', 'PROG_PART+V', 'PART+PRON', 'ADJ+PREP+PRON', 'PUNC', 'ADV', 'ADV', 'NOUN', 'ADJ+PREP+PRON', 'PRON', 'PART', 'PROG_PART+V', 'PART+PRON', 'ADJ+PREP+PRON', 'PUNC', 'PUNC']",Jordan
136,137,#نجم_الاردن لا تحكمو ع البرنامج من اول حلقه اللي قدمو 2400 وهو اختارو 120 شخص يعني لسا المواهب الحلوه ماشفناها @RoyaJordanStar @FaresSayegh,"['#نجم_الاردن', 'لا', 'تحكمو', 'ع', 'البرنامج', 'من', 'اول', 'حلقه', 'اللي', 'قدمو', '2400', 'وهو', 'اختارو', '120', 'شخص', 'يعني', 'لسا', 'المواهب', 'الحلوه', 'ماشفناها', '@RoyaJordanStar', '@FaresSayegh']","['HASH', 'PART', 'V+PRON', 'PREP', 'DET+NOUN', 'PREP', 'ADJ', 'NOUN+NSUFF', 'PART', 'V+PRON', 'NUM', 'CONJ+PRON', 'V+PRON', 'NUM', 'NOUN', 'V', 'ADV', 'DET+NOUN', 'DET+ADJ+NSUFF', 'PART+V+PRON+PRON', 'MENTION', 'MENTION']",Egypt
137,138,بتدخل البيت قبل السلام عليكم بتحكي وين امي ! ! ! بتشوفها ❤ بعدين بتسلم يا رب طول في عمر امي حتى يقبل ابنائي تجاعيد كفيها ❤,"['بتدخل', 'البيت', 'قبل', 'السلام', 'عليكم', 'بتحكي', 'وين', 'امي', '!', '!', '!', 'بتشوفها', '❤', 'بعدين', 'بتسلم', 'يا', 'رب', 'طول', 'في', 'عمر', 'امي', 'حتى', 'يقبل', 'ابنائي', 'تجاعيد', 'كفيها', '❤']","['PROG_PART+V', 'DET+NOUN', 'NOUN', 'DET+NOUN', 'PREP+PRON', 'PROG_PART+V', 'PART', 'NOUN', 'PUNC', 'PUNC', 'PUNC', 'PROG_PART+V+PRON', 'EMOT', 'NOUN+NSUFF', 'PROG_PART+V', 'PART', 'NOUN', 'V', 'PREP', 'NOUN', 'NOUN', 'PART', 'V', 'NOUN+PRON', 'NOUN', 'NOUN+PRON+PRON', 'EMOT']",Jordan
138,139,في ناس بيجي عبالك تكون كندرة احتياط معك بالسيارة عشان لما يفتح ثمه تزتها بوجهه,"['في', 'ناس', 'بيجي', 'عبالك', 'تكون', 'كندرة', 'احتياط', 'معك', 'بالسيارة', 'عشان', 'لما', 'يفتح', 'ثمه', 'تزتها', 'بوجهه']","['ADV', 'NOUN', 'PROG_PART+V', 'PREP+NOUN+PRON', 'V', 'NOUN+NSUFF', 'NOUN', 'NOUN+PRON', 'PREP+DET+NOUN+NSUFF', 'PART', 'PART', 'V', 'NOUN+PRON', 'V+PRON', 'PREP+NOUN+PRON']",Palestine
139,140,في اجواء المطر هااااي راحت فيها البنت اللي حاطه مكياااج والشب اللي عامل سبايكي 0 .. هههههههههههههههه http://t.co/o29KKTZTqn,"['في', 'اجواء', 'المطر', 'هااااي', 'راحت', 'فيها', 'البنت', 'اللي', 'حاطه', 'مكياااج', 'والشب', 'اللي', 'عامل', 'سبايكي', '0', '..', 'هههههههههههههههه', 'http://t.co/o29KKTZTqn']","['PREP', 'NOUN', 'DET+NOUN', 'PRON', 'V+PRON', 'PREP+PRON', 'DET+NOUN', 'PART', 'ADJ+NSUFF', 'NOUN', 'CONJ+DET+NOUN', 'PART', 'ADJ', 'NOUN', 'PUNC', 'PUNC', 'EMOT', 'URL']",Egypt
140,141,عم فتش ع شقفة كون مش ساكن فيها حدا ع جناحي شيلك من هون طير وعلي بهالمدى #نزار_فرنسيس_ملك_الشعراء #مبدع #ملك_الكلمات,"['عم', 'فتش', 'ع', 'شقفة', 'كون', 'مش', 'ساكن', 'فيها', 'حدا', 'ع', 'جناحي', 'شيلك', 'من', 'هون', 'طير', 'وعلي', 'بهالمدى', '#نزار_فرنسيس_ملك_الشعراء', '#مبدع', '#ملك_الكلمات']","['PART', 'V', 'PREP', 'NOUN+NSUFF', 'V', 'PART', 'V', 'PREP+PRON', 'NOUN', 'PREP', 'NOUN+PRON', 'V+PRON', 'PREP', 'ADV', 'V', 'CONJ+PREP', 'PREP+PRON+DET+NOUN', 'HASH', 'HASH', 'HASH']",Lebanon
141,142,@_hshatnawi مافي احلا من شتا الاردن مع نسمة الهوا ونور شمس الصباح خليتيني للحظه اغمض عيوني واعيد ذكرياتي اشتقتلك يااردن,"['@_hshatnawi', 'مافي', 'احلا', 'من', 'شتا', 'الاردن', 'مع', 'نسمة', 'الهوا', 'ونور', 'شمس', 'الصباح', 'خليتيني', 'للحظه', 'اغمض', 'عيوني', 'واعيد', 'ذكرياتي', 'اشتقتلك', 'يااردن']","['MENTION', 'PART+PREP', 'ADJ', 'PREP', 'NOUN', 'DET+NOUN', 'NOUN', 'NOUN+NSUFF', 'DET+NOUN', 'CONJ+NOUN', 'NOUN', 'DET+NOUN', 'V+PRON+PRON', 'PREP+NOUN+NSUFF', 'V', 'NOUN+PRON', 'CONJ+V', 'NOUN+NSUFF+PRON', 'V+PRON+PREP+PRON', 'PART+NOUN']",Yemen
142,143,@salehsawafta هههههههههههههههه ومساك لا وع بالي كمان كم شي بس بستحي احكي خلص بنكتفي في هيدول : P,"['@salehsawafta', 'هههههههههههههههه', 'ومساك', 'لا', 'وع', 'بالي', 'كمان', 'كم', 'شي', 'بس', 'بستحي', 'احكي', 'خلص', 'بنكتفي', 'في', 'هيدول', ':', 'P']","['MENTION', 'EMOT', 'CONJ+NOUN+PRON', 'PART', 'CONJ+PREP', 'NOUN+PRON', 'ADV', 'NOUN', 'NOUN', 'PART', 'PROG_PART+V', 'V', 'NOUN', 'PROG_PART+V', 'PREP', 'PRON', 'PUNC', 'FOREIGN']",Lebanon
143,144,"@odaismadi "" ترا يابا انتا مو اردني مع انك انولدت وانا انولدت وجدك انولد فيها ، ما تنتمي الها وما يفرق معك شو بصير فيها ""","['@odaismadi', '""', 'ترا', 'يابا', 'انتا', 'مو', 'اردني', 'مع', 'انك', 'انولدت', 'وانا', 'انولدت', 'وجدك', 'انولد', 'فيها', '،', 'ما', 'تنتمي', 'الها', 'وما', 'يفرق', 'معك', 'شو', 'بصير', 'فيها', '""']","['MENTION', 'PUNC', 'V', 'PART+NOUN', 'PRON', 'PART', 'ADJ', 'PART', 'PART+PRON', 'V+PRON', 'CONJ+PRON', 'V+PRON', 'NOUN+PRON', 'V', 'PREP+PRON', 'PUNC', 'PART', 'V', 'PREP+PRON', 'CONJ+PART', 'V', 'NOUN+PRON', 'PART', 'PROG_PART+V', 'PREP+PRON', 'PUNC']",Oman
144,145,مستحيل يمر يوم ! ومحدا يحكيلي شاربه شي انتي ؟ يعني بالله الواحد ما يضحك 😂 🙈,"['مستحيل', 'يمر', 'يوم', '!', 'ومحدا', 'يحكيلي', 'شاربه', 'شي', 'انتي', '؟', 'يعني', 'بالله', 'الواحد', 'ما', 'يضحك', '😂', '🙈']","['NOUN', 'V', 'NOUN', 'PUNC', 'CONJ+PART+NOUN', 'V+PREP+PRON', 'ADJ+NSUFF', 'NOUN', 'PRON', 'PUNC', 'V', 'PREP+NOUN', 'DET+NOUN', 'PART', 'V', 'EMOT', 'EMOT']",Qatar
145,146,تعريف الموازنة : إنك تقدر توازن بين السندويشة والعصير ع أساس ماحدا فيهم يخلص قبل التاني,"['تعريف', 'الموازنة', ':', 'إنك', 'تقدر', 'توازن', 'بين', 'السندويشة', 'والعصير', 'ع', 'أساس', 'ماحدا', 'فيهم', 'يخلص', 'قبل', 'التاني']","['NOUN', 'DET+NOUN+NSUFF', 'PUNC', 'PART+PRON', 'V', 'V', 'NOUN', 'DET+NOUN+NSUFF', 'CONJ+DET+NOUN', 'PREP', 'NOUN', 'PART+NOUN', 'PREP+PRON', 'V', 'NOUN', 'DET+NOUN']",Egypt
146,147,صباح الخير : ) 0 0 الجمعة بدون أهل مو جمعة 0 0 بدون فطور و مشاكل عشان يصحونا و عجقة الصبح و الصلاة و صوت التلفزيون عالي على الخطبة 0 0 إشتقتلكم,"['صباح', 'الخير', ':', ')', '0', '0', 'الجمعة', 'بدون', 'أهل', 'مو', 'جمعة', '0', '0', 'بدون', 'فطور', 'و', 'مشاكل', 'عشان', 'يصحونا', 'و', 'عجقة', 'الصبح', 'و', 'الصلاة', 'و', 'صوت', 'التلفزيون', 'عالي', 'على', 'الخطبة', '0', '0', 'إشتقتلكم']","['NOUN', 'DET+NOUN', 'PUNC', 'PUNC', 'PUNC', 'PUNC', 'DET+NOUN+NSUFF', 'NOUN', 'NOUN', 'PART', 'NOUN+NSUFF', 'PUNC', 'PUNC', 'NOUN', 'NOUN', 'CONJ', 'NOUN', 'PART', 'V+PRON+PRON', 'CONJ', 'NOUN+NSUFF', 'DET+NOUN', 'CONJ', 'DET+NOUN+NSUFF', 'CONJ', 'NOUN', 'DET+NOUN', 'ADJ', 'PREP', 'DET+NOUN+NSUFF', 'PUNC', 'PUNC', 'V+PRON+PREP+PRON']",Palestine
147,148,@MaramQatarneh @Drnedalharbi32 صح حكيك لكن انا ما بأييد التقليدي لكن بالاخر في الي الله بختاره ان كان خير الك تتزوج تقليدي او عن حب,"['@MaramQatarneh', '@Drnedalharbi32', 'صح', 'حكيك', 'لكن', 'انا', 'ما', 'بأييد', 'التقليدي', 'لكن', 'بالاخر', 'في', 'الي', 'الله', 'بختاره', 'ان', 'كان', 'خير', 'الك', 'تتزوج', 'تقليدي', 'او', 'عن', 'حب']","['MENTION', 'MENTION', 'NOUN', 'NOUN+PRON', 'PART', 'PRON', 'PART', 'PROG_PART+V', 'DET+ADJ', 'PART', 'PREP+DET+NOUN', 'ADV', 'PART', 'NOUN', 'PROG_PART+V+PRON', 'PART', 'V', 'NOUN', 'PREP+PRON', 'V', 'ADJ', 'CONJ', 'PREP', 'NOUN']",Oman
148,149,@FarahSharawi @RuaAlami احنا بنفتح بالبلد و اذا الله اكرمنا بنفتح فرع تاني بالحسين : P,"['@FarahSharawi', '@RuaAlami', 'احنا', 'بنفتح', 'بالبلد', 'و', 'اذا', 'الله', 'اكرمنا', 'بنفتح', 'فرع', 'تاني', 'بالحسين', ':', 'P']","['MENTION', 'MENTION', 'PRON', 'PROG_PART+V', 'PREP+DET+NOUN', 'CONJ', 'NOUN', 'NOUN', 'V+PRON', 'FUT_PART+V', 'NOUN', 'ADJ', 'PREP+DET+NOUN', 'PUNC', 'FOREIGN']",Jordan
149,150,شب بكتب شعر حكم نكت مواعظ اي اشي بيجيه 2 فولو واربع بلوك 0 0 بنت تحط صورتها وتويت فاضية : / 2457 فولو 453 ريتويت ووجبة شاورما - _ - #تويتر,"['شب', 'بكتب', 'شعر', 'حكم', 'نكت', 'مواعظ', 'اي', 'اشي', 'بيجيه', '2', 'فولو', 'واربع', 'بلوك', '0', '0', 'بنت', 'تحط', 'صورتها', 'وتويت', 'فاضية', ':', '/', '2457', 'فولو', '453', 'ريتويت', 'ووجبة', 'شاورما', '-', '_', '-', '#تويتر']","['NOUN', 'PROG_PART+V', 'NOUN', 'NOUN', 'NOUN', 'NOUN', 'NOUN', 'NOUN', 'PROG_PART+V+PRON', 'NUM', 'NOUN', 'CONJ+NUM', 'NOUN', 'PUNC', 'PUNC', 'NOUN', 'V', 'NOUN+NSUFF+PRON', 'CONJ+NOUN', 'ADJ+NSUFF', 'PUNC', 'PUNC', 'NUM', 'NOUN', 'NUM', 'NOUN', 'CONJ+NOUN+NSUFF', 'NOUN', 'PUNC', 'PUNC', 'PUNC', 'HASH']",Syria
150,151,@amoon_asmar تشهدي واستغفري بس قصدى علي سيدنا محمد زى الختيارات وبخصوص قربت كل واحد بستني بساعته اللهم أحسن خاتمتنا,"['@amoon_asmar', 'تشهدي', 'واستغفري', 'بس', 'قصدى', 'علي', 'سيدنا', 'محمد', 'زى', 'الختيارات', 'وبخصوص', 'قربت', 'كل', 'واحد', 'بستني', 'بساعته', 'اللهم', 'أحسن', 'خاتمتنا']","['MENTION', 'V+PRON', 'CONJ+V+PRON', 'PART', 'NOUN+PRON', 'PREP', 'NOUN+PRON', 'NOUN', 'NOUN', 'DET+NOUN+NSUFF', 'CONJ+PREP+NOUN', 'NOUN+PRON', 'NOUN', 'NOUN', 'PROG_PART+V', 'PREP+NOUN+NSUFF+PRON', 'NOUN', 'V', 'NOUN+NSUFF+PRON']",Egypt
151,152,@TalaAlabdallat انت حكيتي انو كابسه معك ع طرب هيك شغل زفات ببشرك لح تخلص بأصابه 0 0,"['@TalaAlabdallat', 'انت', 'حكيتي', 'انو', 'كابسه', 'معك', 'ع', 'طرب', 'هيك', 'شغل', 'زفات', 'ببشرك', 'لح', 'تخلص', 'بأصابه', '0', '0']","['MENTION', 'PRON', 'V+PRON', 'PART+PRON', 'ADJ+NSUFF', 'NOUN+PRON', 'PREP', 'NOUN', 'ADV', 'NOUN', 'NOUN+NSUFF', 'PROG_PART+V+PRON', 'PREP+FUT_PART', 'V', 'PREP+NOUN+NSUFF', 'PUNC', 'PUNC']",Syria
152,153,#نجم_الاردن لو بعرفوا انه الهاش تاغ رح يصير فيه هيك ما نشروا #فضائح #موهبه_التعليق,"['#نجم_الاردن', 'لو', 'بعرفوا', 'انه', 'الهاش', 'تاغ', 'رح', 'يصير', 'فيه', 'هيك', 'ما', 'نشروا', '#فضائح', '#موهبه_التعليق']","['HASH', 'PART', 'PROG_PART+V+PRON', 'PART+PRON', 'DET+NOUN', 'NOUN', 'FUT_PART', 'V', 'PREP+PRON', 'ADV', 'PART', 'V+PRON', 'HASH', 'HASH']",Syria
153,154,انا لسا ما طلعت بالباص مش لانو مافي باصات ! ! بس هيك انا حبيت اطلع بالباص العاشر تبع محاضرة ال ٩ ! ! #بول_شت,"['انا', 'لسا', 'ما', 'طلعت', 'بالباص', 'مش', 'لانو', 'مافي', 'باصات', '!', '!', 'بس', 'هيك', 'انا', 'حبيت', 'اطلع', 'بالباص', 'العاشر', 'تبع', 'محاضرة', 'ال', '٩', '!', '!', '#بول_شت']","['PRON', 'ADV', 'PART', 'V+PRON', 'PREP+DET+NOUN', 'PART', 'PREP+PART+PRON', 'PART+PREP', 'NOUN+NSUFF', 'PUNC', 'PUNC', 'PART', 'ADV', 'PRON', 'V+PRON', 'V', 'PREP+DET+NOUN', 'DET+ADJ', 'NOUN', 'NOUN+NSUFF', 'DET', 'NUM', 'PUNC', 'PUNC', 'HASH']",Jordan
154,155,@GhaidaBitar ههههه يااابيييه شو بنحرق راسي من الريتويت والفيفورت الخارجي ),"['@GhaidaBitar', 'ههههه', 'يااابيييه', 'شو', 'بنحرق', 'راسي', 'من', 'الريتويت', 'والفيفورت', 'الخارجي', ')']","['MENTION', 'EMOT', 'PART+NOUN', 'PART', 'PROG_PART+V', 'NOUN+PRON', 'PREP', 'DET+NOUN', 'CONJ+DET+NOUN', 'DET+ADJ', 'PUNC']",Jordan
155,156,#لقب_اطلقه_على_الفلورز @salehsawafta الحبوب المهضوم الموجود والغائب والاحلى شي بيعرف بكل شي والاجمل ابنه يلي على الصورة 0 0 الله يخليك,"['#لقب_اطلقه_على_الفلورز', '@salehsawafta', 'الحبوب', 'المهضوم', 'الموجود', 'والغائب', 'والاحلى', 'شي', 'بيعرف', 'بكل', 'شي', 'والاجمل', 'ابنه', 'يلي', 'على', 'الصورة', '0', '0', 'الله', 'يخليك']","['HASH', 'MENTION', 'DET+ADJ', 'DET+ADJ', 'DET+ADJ', 'CONJ+DET+ADJ', 'CONJ+DET+ADJ', 'NOUN', 'PROG_PART+V', 'PREP+NOUN', 'NOUN', 'CONJ+DET+ADJ', 'NOUN+PRON', 'PART', 'PREP', 'DET+NOUN+NSUFF', 'PUNC', 'PUNC', 'NOUN', 'V+PRON']",Syria
156,157,دايما إحكي لحبيبتك إنها حلوة 0 0 حتى لو كانت حلوة كتير 0,"['دايما', 'إحكي', 'لحبيبتك', 'إنها', 'حلوة', '0', '0', 'حتى', 'لو', 'كانت', 'حلوة', 'كتير', '0']","['ADJ+CASE', 'V', 'PREP+NOUN+NSUFF+PRON', 'PART+PRON', 'ADJ+NSUFF', 'PUNC', 'PUNC', 'PART', 'PART', 'V+PRON', 'ADJ+NSUFF', 'ADJ', 'PUNC']",Jordan
157,158,@Yara_Musher ههه اه انه المدام مش ئادرة يا حرام تحمل شنتتها اما منظرهم سوا هي حاملة البيبي وهو حامل شنتة البيبي بكون شكلهم حلو,"['@Yara_Musher', 'ههه', 'اه', 'انه', 'المدام', 'مش', 'ئادرة', 'يا', 'حرام', 'تحمل', 'شنتتها', 'اما', 'منظرهم', 'سوا', 'هي', 'حاملة', 'البيبي', 'وهو', 'حامل', 'شنتة', 'البيبي', 'بكون', 'شكلهم', 'حلو']","['MENTION', 'EMOT', 'PART', 'PART+PRON', 'DET+NOUN', 'PART', 'ADJ+NSUFF', 'PART', 'NOUN', 'V', 'NOUN+NSUFF+PRON', 'PART', 'NOUN+PRON', 'ADV', 'PRON', 'ADJ+NSUFF', 'DET+NOUN', 'CONJ+PRON', 'ADJ', 'NOUN+NSUFF', 'DET+NOUN', 'PROG_PART+V', 'NOUN+PRON', 'ADJ']",Egypt
158,159,@ahmadabuzannad ههههههههه هو صراحة انا ما حضرته بس شفت الحكي عليه مشان هيك اتوقع بتشارك وبتفوز 😜,"['@ahmadabuzannad', 'ههههههههه', 'هو', 'صراحة', 'انا', 'ما', 'حضرته', 'بس', 'شفت', 'الحكي', 'عليه', 'مشان', 'هيك', 'اتوقع', 'بتشارك', 'وبتفوز', '😜']","['MENTION', 'EMOT', 'PRON', 'NOUN+NSUFF', 'PRON', 'PART', 'V+PRON+PRON', 'PART', 'V', 'DET+NOUN', 'PREP+PRON', 'PART', 'ADV', 'V', 'FUT_PART+V', 'CONJ+FUT_PART+V', 'EMOT']",Syria
159,160,واااايش فيها لما الانستجرام كله صور الناس مع امهم ! ! احييي احنا شعب بس بدنا نحكي ونتفلسف,"['واااايش', 'فيها', 'لما', 'الانستجرام', 'كله', 'صور', 'الناس', 'مع', 'امهم', '!', '!', 'احييي', 'احنا', 'شعب', 'بس', 'بدنا', 'نحكي', 'ونتفلسف']","['PART', 'PREP+PRON', 'PART', 'DET+NOUN', 'NOUN+PRON', 'NOUN', 'DET+NOUN', 'NOUN', 'NOUN+PRON', 'PUNC', 'PUNC', 'PART', 'PRON', 'NOUN', 'ADV', 'NOUN+PRON', 'V+PRON', 'CONJ+V']",Palestine
160,161,@reem_bataineh شكله فكر المفرء تاعت فيروز نفسها اللي بده يشرح عنها هاتولي ياه,"['@reem_bataineh', 'شكله', 'فكر', 'المفرء', 'تاعت', 'فيروز', 'نفسها', 'اللي', 'بده', 'يشرح', 'عنها', 'هاتولي', 'ياه']","['MENTION', 'NOUN+PRON', 'V', 'DET+NOUN', 'NOUN+NSUFF', 'NOUN', 'NOUN+PRON', 'PART', 'NOUN+PRON', 'V', 'PREP+PRON', 'V+PRON+PREP+PRON', 'PART+PRON']",Palestine
161,162,بحب أهني مؤسس البنية التحتية بالجامعة ، اللي اذا بالغلط وقعت منك كاسة مي بتسوي فيضان بالجامعة كلها 0 #JUsuffer,"['بحب', 'أهني', 'مؤسس', 'البنية', 'التحتية', 'بالجامعة', '،', 'اللي', 'اذا', 'بالغلط', 'وقعت', 'منك', 'كاسة', 'مي', 'بتسوي', 'فيضان', 'بالجامعة', 'كلها', '0', '#JUsuffer']","['PROG_PART+V', 'V', 'NOUN', 'DET+NOUN+NSUFF', 'DET+ADJ+NSUFF', 'PREP+DET+NOUN+NSUFF', 'PUNC', 'PART', 'NOUN', 'PREP+DET+ADV', 'V+PRON', 'PREP+PRON', 'NOUN+NSUFF', 'NOUN', 'PROG_PART+V', 'NOUN', 'PREP+DET+NOUN+NSUFF', 'NOUN+PRON', 'PUNC', 'HASH']",Syria
162,163,od @fatima0294 عراسي ع شو ما يعجبنا احنا فاهمين انو مزح ^ ^ اتشرفنا ^ ^,"['od', '@fatima0294', 'عراسي', 'ع', 'شو', 'ما', 'يعجبنا', 'احنا', 'فاهمين', 'انو', 'مزح', '^', '^', 'اتشرفنا', '^', '^']","['FOREIGN', 'MENTION', 'PREP+NOUN+PRON', 'PREP', 'PART', 'PART', 'V+PRON', 'PRON', 'ADJ+NSUFF', 'PART+PRON', 'NOUN', 'PUNC', 'PUNC', 'V+PRON', 'PUNC', 'PUNC']",Syria
163,164,يا وطن مسجون جوا الشاشات 0 0 عم تبكي وصوتك بالفضا داوي أهلك من النيل حتى الفرات متلك مساجين بس بقهاوي,"['يا', 'وطن', 'مسجون', 'جوا', 'الشاشات', '0', '0', 'عم', 'تبكي', 'وصوتك', 'بالفضا', 'داوي', 'أهلك', 'من', 'النيل', 'حتى', 'الفرات', 'متلك', 'مساجين', 'بس', 'بقهاوي']","['PART', 'NOUN', 'ADJ', 'NOUN', 'DET+NOUN+NSUFF', 'PUNC', 'PUNC', 'PART', 'V', 'CONJ+NOUN+PRON', 'PREP+DET+NOUN', 'ADJ', 'NOUN+PRON', 'PREP', 'DET+NOUN', 'PART', 'DET+NOUN', 'NOUN+PRON', 'NOUN', 'PART', 'PREP+NOUN']",Lebanon
164,165,بعض النساء ، بتحس إنه من لما إجت عالحياة أهلها حطوها ب تبروير ، و بس طلعوها شفتها أنت ، حلوة يزم : ) ),"['بعض', 'النساء', '،', 'بتحس', 'إنه', 'من', 'لما', 'إجت', 'عالحياة', 'أهلها', 'حطوها', 'ب', 'تبروير', '،', 'و', 'بس', 'طلعوها', 'شفتها', 'أنت', '،', 'حلوة', 'يزم', ':', ')', ')']","['NOUN', 'DET+NOUN', 'PUNC', 'PROG_PART+V', 'PART+PRON', 'PREP', 'PART', 'V', 'PREP+DET+NOUN+NSUFF', 'NOUN+PRON', 'V+PRON+PRON', 'PREP', 'NOUN', 'PUNC', 'CONJ', 'ADV', 'V+PRON+PRON', 'V+PRON', 'PRON', 'PUNC', 'ADJ+PRON', 'PART+NOUN', 'PUNC', 'PUNC', 'PUNC']",Palestine
165,166,مش اي حدا ممكن يلاحظ انك زعلان ومضايق 0 0 ومش اي حدا بسألك شو مالك بكون جد مهتم 0 0,"['مش', 'اي', 'حدا', 'ممكن', 'يلاحظ', 'انك', 'زعلان', 'ومضايق', '0', '0', 'ومش', 'اي', 'حدا', 'بسألك', 'شو', 'مالك', 'بكون', 'جد', 'مهتم', '0', '0']","['PART', 'NOUN', 'NOUN', 'ADJ', 'V', 'PART+PRON', 'ADJ', 'CONJ+ADJ', 'PUNC', 'PUNC', 'CONJ+PART', 'NOUN', 'NOUN', 'PROG_PART+V+PRON', 'PART', 'NOUN+PRON', 'PROG_PART+V', 'NOUN', 'ADJ', 'PUNC', 'PUNC']",Jordan
166,167,أوعي بيوم تفكر انو العز مصاري وقصر وسيارات,"['أوعي', 'بيوم', 'تفكر', 'انو', 'العز', 'مصاري', 'وقصر', 'وسيارات']","['V', 'PREP+NOUN', 'V', 'PART+PRON', 'DET+NOUN', 'NOUN', 'CONJ+NOUN', 'CONJ+NOUN+NSUFF']",Jordan
167,168,ايش مشكلة البنت ال عم ترقص ! مين كهربها ؟ #نجم_الاردن,"['ايش', 'مشكلة', 'البنت', 'ال', 'عم', 'ترقص', '!', 'مين', 'كهربها', '؟', '#نجم_الاردن']","['PART', 'NOUN+NSUFF', 'DET+NOUN', 'DET', 'PART', 'V', 'PUNC', 'PART', 'V+PRON', 'PUNC', 'HASH']",Lebanon
168,169,الله يخليلنا امهاتنا ويرحمهم دنيا واخرة وانشالله بنضل نحبهم كل يوم مش بس يوم,"['الله', 'يخليلنا', 'امهاتنا', 'ويرحمهم', 'دنيا', 'واخرة', 'وانشالله', 'بنضل', 'نحبهم', 'كل', 'يوم', 'مش', 'بس', 'يوم']","['NOUN', 'V+PREP+PRON', 'NOUN+NSUFF+PRON', 'CONJ+V+PRON', 'NOUN', 'CONJ+NOUN+NSUFF', 'CONJ+PART+V+NOUN', 'PROG_PART+V', 'V+PRON', 'NOUN', 'NOUN', 'PART', 'ADV', 'NOUN']",Jordan
169,170,مين اللي بلعب ب عقول البنات ! ! مش الشباب ؟ ؟ مين اللي بضحك عليهم ؟ ؟ ولا البنت بتعمل المصيبة لحالها ! !,"['مين', 'اللي', 'بلعب', 'ب', 'عقول', 'البنات', '!', '!', 'مش', 'الشباب', '؟', '؟', 'مين', 'اللي', 'بضحك', 'عليهم', '؟', '؟', 'ولا', 'البنت', 'بتعمل', 'المصيبة', 'لحالها', '!', '!']","['PART', 'PART', 'PROG_PART+V', 'PREP', 'NOUN', 'DET+NOUN', 'PUNC', 'PUNC', 'PART', 'DET+NOUN', 'PUNC', 'PUNC', 'PART', 'PART', 'PROG_PART+V', 'PREP+PRON', 'PUNC', 'PUNC', 'CONJ+PART', 'DET+NOUN', 'PROG_PART+V', 'DET+NOUN+NSUFF', 'PREP+NOUN+PRON', 'PUNC', 'PUNC']",Jordan
170,171,@mhabutaleb الانتقاد شيء عزيزي و المبالغه و المطالبه بامور خياليه كمان مش مقبول,"['@mhabutaleb', 'الانتقاد', 'شيء', 'عزيزي', 'و', 'المبالغه', 'و', 'المطالبه', 'بامور', 'خياليه', 'كمان', 'مش', 'مقبول']","['MENTION', 'DET+NOUN', 'NOUN', 'ADJ', 'CONJ', 'DET+NOUN+NSUFF', 'CONJ', 'DET+NOUN+NSUFF', 'PREP+NOUN', 'ADJ+NSUFF', 'ADV', 'PART', 'ADJ']",Yemen
171,172,#باسم_يوسف مش وقتك ، ما الك سوق مع #نجم_الأردن,"['#باسم_يوسف', 'مش', 'وقتك', '،', 'ما', 'الك', 'سوق', 'مع', '#نجم_الأردن']","['HASH', 'PART', 'NOUN+PRON', 'PUNC', 'PART', 'PREP+PRON', 'NOUN', 'NOUN', 'HASH']",Lebanon
172,173,@Ghooooor مساء الخير والله يا ابو الغور صار الاسبوع ملل بلا البرنامج القوي كنا نتسلى فيه الأربعاء هسا ما في اشي نتسلى لازم ترجع القوي,"['@Ghooooor', 'مساء', 'الخير', 'والله', 'يا', 'ابو', 'الغور', 'صار', 'الاسبوع', 'ملل', 'بلا', 'البرنامج', 'القوي', 'كنا', 'نتسلى', 'فيه', 'الأربعاء', 'هسا', 'ما', 'في', 'اشي', 'نتسلى', 'لازم', 'ترجع', 'القوي']","['MENTION', 'NOUN', 'DET+NOUN', 'CONJ+NOUN', 'PART', 'NOUN', 'DET+NOUN', 'V', 'DET+NOUN', 'NOUN', 'PART', 'DET+NOUN', 'DET+ADJ', 'V', 'V', 'PREP+PRON', 'DET+NOUN', 'NOUN', 'PART', 'PREP', 'NOUN', 'V', 'ADJ', 'V', 'DET+ADJ']",Iraq
173,174,نعم إنها الاردن ! سيارات دولة دابوق وعبدون الشقيقة 0 0 مش حسد بس الي بشوف هيك شوفوا بقولك الشعب الاردني معه وبشحد ! ! ! ! http://t.co/84FHav9O07,"['نعم', 'إنها', 'الاردن', '!', 'سيارات', 'دولة', 'دابوق', 'وعبدون', 'الشقيقة', '0', '0', 'مش', 'حسد', 'بس', 'الي', 'بشوف', 'هيك', 'شوفوا', 'بقولك', 'الشعب', 'الاردني', 'معه', 'وبشحد', '!', '!', '!', '!', 'http://t.co/84FHav9O07']","['NOUN', 'PART+PRON', 'DET+NOUN', 'PUNC', 'NOUN+NSUFF', 'NOUN+NSUFF', 'NOUN', 'CONJ+NOUN', 'DET+ADJ+NSUFF', 'PUNC', 'PUNC', 'PART', 'NOUN', 'PART', 'PART', 'PROG_PART+V', 'ADV', 'V+PRON', 'PROG_PART+V+PRON', 'DET+NOUN', 'DET+ADJ', 'NOUN+PRON', 'CONJ+PROG_PART+V', 'PUNC', 'PUNC', 'PUNC', 'PUNC', 'URL']",Lebanon
174,175,#كبرنا_و بطلنا نقدر ناخد الي بدنا اياه بسهوله 0 0 !,"['#كبرنا_و', 'بطلنا', 'نقدر', 'ناخد', 'الي', 'بدنا', 'اياه', 'بسهوله', '0', '0', '!']","['HASH', 'V+PRON', 'V', 'V', 'PART', 'NOUN+PRON', 'PART+PRON', 'PREP+NOUN+NSUFF', 'PUNC', 'PUNC', 'PUNC']",Libya
175,176,ههههههه نجم الاردن ضل يحطو يزيد على اليمين وميس على الشمال هههههههه ولكم شو فيييييي حطو مع ميس محرم بالمرة,"['ههههههه', 'نجم', 'الاردن', 'ضل', 'يحطو', 'يزيد', 'على', 'اليمين', 'وميس', 'على', 'الشمال', 'هههههههه', 'ولكم', 'شو', 'فيييييي', 'حطو', 'مع', 'ميس', 'محرم', 'بالمرة']","['EMOT', 'NOUN', 'DET+NOUN', 'V', 'V+PRON', 'NOUN', 'PREP', 'DET+NOUN', 'CONJ+NOUN', 'PREP', 'DET+NOUN', 'EMOT', 'CONJ+PART', 'PART', 'ADV', 'V+PRON', 'NOUN', 'NOUN', 'NOUN', 'PREP+DET+NOUN+NSUFF']",Palestine
176,177,بكره تصرف الشخص لما يصير يحكي حكي وهو عارف انه بضايقني ومع ذلك بستمر بفعل هاد الشي ! ! S5aafa Jad - 0 -,"['بكره', 'تصرف', 'الشخص', 'لما', 'يصير', 'يحكي', 'حكي', 'وهو', 'عارف', 'انه', 'بضايقني', 'ومع', 'ذلك', 'بستمر', 'بفعل', 'هاد', 'الشي', '!', '!', 'S5aafa', 'Jad', '-', '0', '-']","['NOUN+NSUFF', 'V', 'DET+NOUN', 'PART', 'V', 'V', 'NOUN', 'CONJ+PRON', 'ADJ', 'PART+PRON', 'PROG_PART+V+PRON', 'CONJ+PART', 'PRON', 'PROG_PART+V', 'PROG_PART+V', 'PRON', 'DET+NOUN', 'PUNC', 'PUNC', 'FOREIGN', 'FOREIGN', 'PUNC', 'PUNC', 'PUNC']",Oman
177,178,"يقال انه الي بقعد على النت 4 ساعات مدمن انترنت 0 0 هيك احنا وصلنا لمرحلة انه لو النت فصل ساعة منقوم نشم ب الراوتر ""","['يقال', 'انه', 'الي', 'بقعد', 'على', 'النت', '4', 'ساعات', 'مدمن', 'انترنت', '0', '0', 'هيك', 'احنا', 'وصلنا', 'لمرحلة', 'انه', 'لو', 'النت', 'فصل', 'ساعة', 'منقوم', 'نشم', 'ب', 'الراوتر', '""']","['V', 'PART+PRON', 'PART', 'PROG_PART+V', 'PREP', 'DET+NOUN', 'NUM', 'NOUN+NSUFF', 'NOUN', 'NOUN', 'PUNC', 'PUNC', 'ADV', 'PRON', 'V+PRON', 'PREP+NOUN+NSUFF', 'PART+PRON', 'PART', 'DET+NOUN', 'V', 'NOUN+NSUFF', 'PROG_PART+V', 'V', 'PREP', 'DET+NOUN', 'PUNC']",Jordan
178,179,البنت طول الليل تيجي تحكيلك كلام بيخزي عن وحده وفجأه تروح ع الانستقرام ع صورتها تكتبلها منوره بتجننني 😘 😘 😘 0 0 وانت مش فاهم وين الله حاطك 😅,"['البنت', 'طول', 'الليل', 'تيجي', 'تحكيلك', 'كلام', 'بيخزي', 'عن', 'وحده', 'وفجأه', 'تروح', 'ع', 'الانستقرام', 'ع', 'صورتها', 'تكتبلها', 'منوره', 'بتجننني', '😘', '😘', '😘', '0', '0', 'وانت', 'مش', 'فاهم', 'وين', 'الله', 'حاطك', '😅']","['DET+NOUN', 'NOUN', 'DET+NOUN', 'V', 'V+PREP+PRON', 'NOUN', 'FUT_PART+V', 'PREP', 'NOUN+NSUFF', 'CONJ+NOUN+NSUFF', 'V', 'PREP', 'DET+NOUN', 'PREP', 'NOUN+NSUFF+PRON', 'V+PREP+PRON', 'ADJ+NSUFF', 'PROG_PART+V+PRON', 'EMOT', 'EMOT', 'EMOT', 'PUNC', 'PUNC', 'CONJ+PRON', 'PART', 'ADJ', 'PART', 'NOUN', 'ADJ+PRON', 'EMOT']",Egypt
179,180,بحكي لالدكتور انا بكره الشباب الي م بحبو الكورة وبعد شوية بحكيلو انت مدريدي ولا برشلوني ! بقلي م بتابع كورة #انا احترم الناس الي بتكره الكورة,"['بحكي', 'لالدكتور', 'انا', 'بكره', 'الشباب', 'الي', 'م', 'بحبو', 'الكورة', 'وبعد', 'شوية', 'بحكيلو', 'انت', 'مدريدي', 'ولا', 'برشلوني', '!', 'بقلي', 'م', 'بتابع', 'كورة', '#انا', 'احترم', 'الناس', 'الي', 'بتكره', 'الكورة']","['PROG_PART+V', 'PREP+DET+NOUN', 'PRON', 'V', 'DET+NOUN', 'PART', 'PART', 'PROG_PART+V+PRON', 'DET+NOUN+NSUFF', 'CONJ+NOUN', 'NOUN+NSUFF', 'PROG_PART+V+PREP+PRON', 'PRON', 'ADJ+NSUFF', 'CONJ+PART', 'ADJ+NSUFF', 'PUNC', 'PROG_PART+V+PRON', 'PART', 'PROG_PART+V', 'NOUN+NSUFF', 'HASH', 'V', 'DET+NOUN', 'PART', 'PROG_PART+V', 'DET+NOUN+NSUFF']",Egypt
180,181,"ما في اشي اسمه ما كنت اتوقعها منه ! كل واحد عنده جانب سيء وانت نايم بالعسل "" : "" ) !","['ما', 'في', 'اشي', 'اسمه', 'ما', 'كنت', 'اتوقعها', 'منه', '!', 'كل', 'واحد', 'عنده', 'جانب', 'سيء', 'وانت', 'نايم', 'بالعسل', '""', ':', '""', ')', '!']","['PART', 'ADV', 'NOUN', 'NOUN+PRON', 'PART', 'V+PRON', 'V+PRON', 'PREP+PRON', 'PUNC', 'NOUN', 'NOUN', 'NOUN+PRON', 'NOUN', 'ADJ', 'CONJ+PRON', 'ADJ', 'PREP+DET+NOUN', 'PUNC', 'PUNC', 'PUNC', 'PUNC', 'PUNC']",Jordan
181,182,مش عارفة ليش مش قادرة اوثق بالجو ، احوال المناخ بتحكيلك 32 - 15 الحرارة يعني ايش البس بالاخر ؟ !,"['مش', 'عارفة', 'ليش', 'مش', 'قادرة', 'اوثق', 'بالجو', '،', 'احوال', 'المناخ', 'بتحكيلك', '32', '-', '15', 'الحرارة', 'يعني', 'ايش', 'البس', 'بالاخر', '؟', '!']","['PART', 'ADJ+NSUFF', 'PART', 'PART', 'ADJ+NSUFF', 'V', 'PREP+DET+NOUN', 'PUNC', 'NOUN', 'DET+NOUN', 'PROG_PART+V+PREP+PRON', 'NUM', 'PUNC', 'NUM', 'DET+NOUN+NSUFF', 'V', 'PART', 'V', 'PREP+DET+NOUN', 'PUNC', 'PUNC']",Jordan
182,183,هدول الناس اللي ع راسو بطحة بحسس عليها ، اللي كل تويتة بتنزلها بيفكرها / بتفكرها عليه / ا ههههههه انت منيح ازا نفسك اصلا فكر بحالك - 0 -,"['هدول', 'الناس', 'اللي', 'ع', 'راسو', 'بطحة', 'بحسس', 'عليها', '،', 'اللي', 'كل', 'تويتة', 'بتنزلها', 'بيفكرها', '/', 'بتفكرها', 'عليه', '/', 'ا', 'ههههههه', 'انت', 'منيح', 'ازا', 'نفسك', 'اصلا', 'فكر', 'بحالك', '-', '0', '-']","['PRON', 'DET+NOUN', 'PART', 'PREP', 'NOUN+PRON', 'NOUN+NSUFF', 'PROG_PART+V', 'PREP+PRON', 'PUNC', 'PART', 'NOUN', 'NOUN+NSUFF', 'PROG_PART+V+PRON', 'PROG_PART+V+PRON', 'PUNC', 'PROG_PART+V+PRON', 'PREP+PRON', 'PUNC', 'PRON', 'EMOT', 'PRON', 'ADJ', 'NOUN', 'NOUN+PRON', 'NOUN+CASE', 'V', 'PREP+NOUN+PRON', 'PUNC', 'PUNC', 'PUNC']",Jordan
183,184,جلسة رائعة عالبحر مع @Elabadaay @AttaMoe حبايبي انتو وباقي #الموجهنين خليكو قاعدين زي الحزانا,"['جلسة', 'رائعة', 'عالبحر', 'مع', '@Elabadaay', '@AttaMoe', 'حبايبي', 'انتو', 'وباقي', '#الموجهنين', 'خليكو', 'قاعدين', 'زي', 'الحزانا']","['NOUN+NSUFF', 'ADJ+NSUFF', 'PREP+DET+NOUN', 'NOUN', 'MENTION', 'MENTION', 'ADJ+PRON', 'PRON', 'CONJ+ADJ', 'HASH', 'V+PRON+PRON', 'ADJ+NSUFF', 'NOUN', 'DET+NOUN']",Syria
184,185,الايام الصعبه راح تنتهي والحلوة راح تنتهي والحياة بكبرها راح تنتهي وما راح يبقى الا العمل الصالح - وبس - ياليت نستوعب حقيقة الحياه #مما_راق_لي,"['الايام', 'الصعبه', 'راح', 'تنتهي', 'والحلوة', 'راح', 'تنتهي', 'والحياة', 'بكبرها', 'راح', 'تنتهي', 'وما', 'راح', 'يبقى', 'الا', 'العمل', 'الصالح', '-', 'وبس', '-', 'ياليت', 'نستوعب', 'حقيقة', 'الحياه', '#مما_راق_لي']","['DET+NOUN', 'DET+ADJ+NSUFF', 'FUT_PART', 'V', 'CONJ+DET+ADJ+NSUFF', 'FUT_PART', 'V', 'CONJ+DET+NOUN+NSUFF', 'PREP+NOUN+PRON', 'FUT_PART', 'V', 'CONJ+PART', 'FUT_PART', 'V', 'PART', 'DET+NOUN', 'DET+ADJ', 'PUNC', 'CONJ+ADV', 'PUNC', 'PART+PART', 'V', 'NOUN+NSUFF', 'DET+NOUN+NSUFF', 'HASH']",Iraq
185,186,@Belalmd12 يا زلمة مشايخنا فاهمين الدين رسمي غلط أغلبهم زي الصورة 0 0 والباقيين شايفين أرواحهم أغلي من أرواح المسلمين http://t.co/B9VzxLdoYr,"['@Belalmd12', 'يا', 'زلمة', 'مشايخنا', 'فاهمين', 'الدين', 'رسمي', 'غلط', 'أغلبهم', 'زي', 'الصورة', '0', '0', 'والباقيين', 'شايفين', 'أرواحهم', 'أغلي', 'من', 'أرواح', 'المسلمين', 'http://t.co/B9VzxLdoYr']","['MENTION', 'PART', 'NOUN+NSUFF', 'NOUN+PRON', 'ADJ+NSUFF', 'DET+NOUN', 'ADJ', 'ADV', 'ADJ+PRON', 'NOUN', 'DET+NOUN+NSUFF', 'PUNC', 'PUNC', 'CONJ+DET+ADJ+NSUFF', 'ADJ+PRON', 'NOUN+PRON', 'ADJ', 'PREP', 'NOUN', 'DET+NOUN+NSUFF', 'URL']",Jordan
186,187,@ff_deen @RawanAhmed98 عساف بهاد اليوم دخل كل قلب فلسطيني و عربي ، و فرح قلوب كتير زمان ما فرحت,"['@ff_deen', '@RawanAhmed98', 'عساف', 'بهاد', 'اليوم', 'دخل', 'كل', 'قلب', 'فلسطيني', 'و', 'عربي', '،', 'و', 'فرح', 'قلوب', 'كتير', 'زمان', 'ما', 'فرحت']","['MENTION', 'MENTION', 'NOUN', 'PREP+PRON', 'DET+NOUN', 'V', 'NOUN', 'NOUN', 'NOUN', 'CONJ', 'ADJ', 'PUNC', 'CONJ', 'V', 'NOUN', 'ADJ', 'NOUN', 'PART', 'V+PRON']",Jordan
187,188,أنا بغلط وانت بتغلط 0 .. وكلنا بنغلط 0 0 بس مش صح تتباهى بغلطك وتجاهر فيه 0 0 ربنا ستر عليك تفضح حالك ليش ؟,"['أنا', 'بغلط', 'وانت', 'بتغلط', '0', '..', 'وكلنا', 'بنغلط', '0', '0', 'بس', 'مش', 'صح', 'تتباهى', 'بغلطك', 'وتجاهر', 'فيه', '0', '0', 'ربنا', 'ستر', 'عليك', 'تفضح', 'حالك', 'ليش', '؟']","['PRON', 'PROG_PART+V', 'CONJ+PRON', 'PROG_PART+V', 'PUNC', 'PUNC', 'CONJ+NOUN+PRON', 'PROG_PART+V', 'PUNC', 'PUNC', 'PART', 'PART', 'NOUN', 'V', 'PREP+NOUN+PRON', 'CONJ+V', 'PREP+PRON', 'PUNC', 'PUNC', 'NOUN+PRON', 'V', 'PREP+PRON', 'V', 'NOUN+PRON', 'PART', 'PUNC']",Jordan
188,189,"الحلو في الموضوع , واللي معلق في راسي طول البوم انو عمركاش تيأس 0 0 اتعب بتلاقي ولو بعد سنة : ) 0 .. #تويتة_عميقة #مجلة_برم","['الحلو', 'في', 'الموضوع', ',', 'واللي', 'معلق', 'في', 'راسي', 'طول', 'البوم', 'انو', 'عمركاش', 'تيأس', '0', '0', 'اتعب', 'بتلاقي', 'ولو', 'بعد', 'سنة', ':', ')', '0', '..', '#تويتة_عميقة', '#مجلة_برم']","['DET+ADJ', 'PREP', 'DET+NOUN', 'PUNC', 'CONJ+PART', 'NOUN', 'PREP', 'NOUN+PRON', 'NOUN', 'DET+NOUN', 'PART+PRON', 'NOUN+PRON+NEG_PART', 'V', 'PUNC', 'PUNC', 'V', 'FUT_PART+V', 'CONJ+PART', 'NOUN', 'NOUN+NSUFF', 'PUNC', 'PUNC', 'PUNC', 'PUNC', 'HASH', 'HASH']",Libya
189,190,"أجمل حاجة ب #تويتر ما حد بقدر يضيف شغله و يحط تفضيل ألها , زي الي بيحط لايك ع بوست نزلو بفيس بوك","['أجمل', 'حاجة', 'ب', '#تويتر', 'ما', 'حد', 'بقدر', 'يضيف', 'شغله', 'و', 'يحط', 'تفضيل', 'ألها', ',', 'زي', 'الي', 'بيحط', 'لايك', 'ع', 'بوست', 'نزلو', 'بفيس', 'بوك']","['ADJ', 'NOUN+NSUFF', 'PREP', 'HASH', 'PART', 'NOUN', 'PROG_PART+V', 'V', 'NOUN+NSUFF', 'CONJ', 'V', 'NOUN', 'PREP+PRON', 'PUNC', 'NOUN', 'PART', 'PROG_PART+V', 'NOUN', 'PREP', 'PREP', 'V+PRON', 'PREP+NOUN', 'NOUN']",Palestine
190,191,ليه لما بدهن يعملوا وحدة بشعة بالافلام ، بلبسوها نضرات نظر ، وشعرها بعملوا كيرلي ؟ 😂 😂 😂 #imOffended,"['ليه', 'لما', 'بدهن', 'يعملوا', 'وحدة', 'بشعة', 'بالافلام', '،', 'بلبسوها', 'نضرات', 'نظر', '،', 'وشعرها', 'بعملوا', 'كيرلي', '؟', '😂', '😂', '😂', '#imOffended']","['PART', 'PART', 'NOUN+PRON', 'V+PRON', 'NOUN+NSUFF', 'ADJ+NSUFF', 'PREP+DET+NOUN', 'PUNC', 'PROG_PART+V+PRON+PRON', 'NOUN+NSUFF', 'NOUN', 'PUNC', 'CONJ+NOUN+PRON', 'PROG_PART+V+PRON', 'NOUN', 'PUNC', 'EMOT', 'EMOT', 'EMOT', 'HASH']",Jordan
191,192,#تلك_اللحظة لما تكون فاتح الدوش عالمياه الباردة وتكون بتستنى بالمياه السخنة بتحس حالك زي ابو مازن كبرت بالسن وصرت تخبص #بس_بقول,"['#تلك_اللحظة', 'لما', 'تكون', 'فاتح', 'الدوش', 'عالمياه', 'الباردة', 'وتكون', 'بتستنى', 'بالمياه', 'السخنة', 'بتحس', 'حالك', 'زي', 'ابو', 'مازن', 'كبرت', 'بالسن', 'وصرت', 'تخبص', '#بس_بقول']","['HASH', 'PART', 'V', 'ADJ', 'DET+NOUN', 'PREP+DET+NOUN', 'DET+NOUN+NSUFF', 'CONJ+V', 'PROG_PART+V', 'PREP+DET+NOUN', 'DET+ADJ+NSUFF', 'PROG_PART+V', 'NOUN+PRON', 'NOUN', 'NOUN', 'NOUN', 'V+PRON', 'PREP+DET+NOUN', 'CONJ+V', 'V', 'HASH']",Sudan
192,193,@GazaHere الله يزيد ويبارك مهو فيش غيرهم واخد علي قلبه امال و الام الفلسطينيين المجد لالمقاومة,"['@GazaHere', 'الله', 'يزيد', 'ويبارك', 'مهو', 'فيش', 'غيرهم', 'واخد', 'علي', 'قلبه', 'امال', 'و', 'الام', 'الفلسطينيين', 'المجد', 'لالمقاومة']","['MENTION', 'NOUN', 'V', 'CONJ+V', 'PART+PRON', 'PREP+NEG_PART', 'NOUN+PRON', 'ADJ', 'PREP', 'NOUN+PRON', 'NOUN', 'CONJ', 'NOUN', 'DET+NOUN+NSUFF', 'DET+NOUN', 'PREP+DET+NOUN+NSUFF']",Libya
193,194,عزيزي المغرد عزيزتي المغردة الي ما بشتغلو والله العظيم الشغل ما بيجي بالواسطة رزقك مكتوبلك بدون واسطة #الحقيقة,"['عزيزي', 'المغرد', 'عزيزتي', 'المغردة', 'الي', 'ما', 'بشتغلو', 'والله', 'العظيم', 'الشغل', 'ما', 'بيجي', 'بالواسطة', 'رزقك', 'مكتوبلك', 'بدون', 'واسطة', '#الحقيقة']","['NOUN+PRON', 'DET+NOUN', 'NOUN+NSUFF+PRON', 'DET+NOUN+NSUFF', 'PART', 'PART', 'PROG_PART+V+PRON', 'CONJ+NOUN', 'DET+ADJ', 'DET+NOUN', 'PART', 'PROG_PART+V', 'PREP+DET+NOUN+NSUFF', 'NOUN+PRON', 'ADJ+PREP+PRON', 'NOUN', 'NOUN+NSUFF', 'HASH']",Lebanon
194,195,الدكتور بده ياكل نص ساعة من المحاضرة ويروحنا 0 .. والطلاب رافضة الا تكمل الساعتين #حب_المحاضرة,"['الدكتور', 'بده', 'ياكل', 'نص', 'ساعة', 'من', 'المحاضرة', 'ويروحنا', '0', '..', 'والطلاب', 'رافضة', 'الا', 'تكمل', 'الساعتين', '#حب_المحاضرة']","['DET+NOUN', 'NOUN+PRON', 'V', 'NOUN', 'NOUN+NSUFF', 'PREP', 'DET+NOUN+NSUFF', 'CONJ+V+PRON', 'PUNC', 'PUNC', 'CONJ+DET+NOUN', 'ADJ+NSUFF', 'PART', 'V', 'DET+NOUN+NSUFF+NSUFF', 'HASH']",Jordan
195,196,اللي حاقدين علي =D *beer* ياجعلكم بزحليقه طولها 100 متر كلها امواس حلاقه وفي الاخير حوض ليمون وملح وخل انا بس قريتها تألمت ☺ ,"['اللي', 'حاقدين', 'علي', '=D', '*beer*', 'ياجعلكم', 'بزحليقه', 'طولها', '100', 'متر', 'كلها', 'امواس', 'حلاقه', 'وفي', 'الاخير', 'حوض', 'ليمون', 'وملح', 'وخل', 'انا', 'بس', 'قريتها', 'تألمت', '☺', '\ue756']","['PART', 'NOUN+NSUFF', 'PREP', 'EMOT', 'EMOT', 'V+PRON', 'PREP+NOUN+NSUFF', 'NOUN+PRON', 'NUM', 'NOUN', 'NOUN+PRON', 'NOUN', 'NOUN+NSUFF', 'CONJ+PREP', 'DET+ADJ', 'NOUN', 'NOUN', 'CONJ+NOUN', 'CONJ+NOUN', 'PRON', 'ADV', 'V+PRON+PRON', 'V+PRON', 'EMOT', 'EMOT']",Yemen
196,197,بعرف حالي ازا نمت هلأ مادا روح ع الجامعه ومحلا السهر لعيون العلم هههه 😜,"['بعرف', 'حالي', 'ازا', 'نمت', 'هلأ', 'مادا', 'روح', 'ع', 'الجامعه', 'ومحلا', 'السهر', 'لعيون', 'العلم', 'هههه', '😜']","['PROG_PART+V', 'NOUN+PRON', 'NOUN', 'V+PRON', 'NOUN', 'PART+PROG_PART', 'V', 'PREP', 'DET+NOUN+NSUFF', 'CONJ+PART+ADJ', 'DET+NOUN', 'PREP+NOUN', 'DET+NOUN', 'EMOT', 'EMOT']",Syria
197,198,مين مندهش من كمية سعادة وتفاؤول المواطن الغزي الآن ؟ ؟ طالما قلنا مشكلتنا مش كهربا وحصار بس 0 0 مشكلتنا بنكره التسلط والذل,"['مين', 'مندهش', 'من', 'كمية', 'سعادة', 'وتفاؤول', 'المواطن', 'الغزي', 'الآن', '؟', '؟', 'طالما', 'قلنا', 'مشكلتنا', 'مش', 'كهربا', 'وحصار', 'بس', '0', '0', 'مشكلتنا', 'بنكره', 'التسلط', 'والذل']","['PART', 'NOUN', 'PREP', 'NOUN+NSUFF', 'NOUN+NSUFF', 'CONJ+NOUN', 'DET+NOUN', 'DET+ADJ', 'NOUN', 'PUNC', 'PUNC', 'PART', 'V+PRON', 'NOUN+NSUFF+PRON', 'PART', 'NOUN', 'CONJ+NOUN', 'ADV', 'PUNC', 'PUNC', 'NOUN+NSUFF+PRON', 'PROG_PART+V', 'DET+NOUN', 'CONJ+DET+NOUN']",Egypt
198,199,"شفتونيش وأنا بحكي لواحد بالشارع "" كلمة زيادة بطبشك بحجر بجيب أجلك #أنا_مش_عارفني","['شفتونيش', 'وأنا', 'بحكي', 'لواحد', 'بالشارع', '""', 'كلمة', 'زيادة', 'بطبشك', 'بحجر', 'بجيب', 'أجلك', '#أنا_مش_عارفني']","['V+PRON+PRON+NEG_PART', 'CONJ+PRON', 'PROG_PART+V', 'PREP+NOUN', 'PREP+DET+NOUN', 'PUNC', 'NOUN+NSUFF', 'ADJ+NSUFF', 'FUT_PART+V+PRON', 'PREP+NOUN', 'FUT_PART+V', 'NOUN+PRON', 'HASH']",Egypt
199,200,حكمه صباحيه على حين غره 0 0 النفخ بقربه مخزوقه بقطع النفس 0 0 تتعبش حالك بالنفخ عالفاضي 0 0 شوفي اشي احسن من قربه ! : ),"['حكمه', 'صباحيه', 'على', 'حين', 'غره', '0', '0', 'النفخ', 'بقربه', 'مخزوقه', 'بقطع', 'النفس', '0', '0', 'تتعبش', 'حالك', 'بالنفخ', 'عالفاضي', '0', '0', 'شوفي', 'اشي', 'احسن', 'من', 'قربه', '!', ':', ')']","['NOUN+NSUFF', 'ADJ+NSUFF', 'PREP', 'NOUN', 'NOUN+NSUFF', 'PUNC', 'PUNC', 'DET+NOUN', 'PREP+NOUN+NSUFF', 'ADJ+NSUFF', 'PROG_PART+V', 'DET+NOUN', 'PUNC', 'PUNC', 'V+NEG_PART', 'NOUN+PRON', 'PREP+DET+NOUN', 'PREP+DET+NOUN', 'PUNC', 'PUNC', 'V+PRON', 'NOUN', 'ADJ', 'PREP', 'NOUN+NSUFF', 'PUNC', 'PUNC', 'PUNC']",Egypt
200,201,وقت الثورات بحس حالي بفهمش بالسياسية ووقت المباريات بفهمش حاجة بالرياضة حتى وقت ذا فويس بفهمش اشي بالجروبات تبعهم #مكتئبة_لا_تكلمني,"['وقت', 'الثورات', 'بحس', 'حالي', 'بفهمش', 'بالسياسية', 'ووقت', 'المباريات', 'بفهمش', 'حاجة', 'بالرياضة', 'حتى', 'وقت', 'ذا', 'فويس', 'بفهمش', 'اشي', 'بالجروبات', 'تبعهم', '#مكتئبة_لا_تكلمني']","['NOUN', 'DET+NOUN+NSUFF', 'PROG_PART+V', 'NOUN+PRON', 'PROG_PART+V+NEG_PART', 'PREP+DET+NOUN+NSUFF', 'CONJ+NOUN', 'DET+NOUN+NSUFF', 'PROG_PART+V+NEG_PART', 'NOUN+NSUFF', 'PREP+DET+NOUN+NSUFF', 'PART', 'NOUN', 'DET', 'NOUN', 'PROG_PART+V+NEG_PART', 'NOUN', 'PREP+DET+NOUN+NSUFF', 'NOUN+PRON', 'HASH']",Jordan
201,202,صباح الخير لالناس اللي بشغلها و لالناس اللي بجامعتها ولالناس اللي بتعملش اشي و قاعدة في البيت 😌,"['صباح', 'الخير', 'لالناس', 'اللي', 'بشغلها', 'و', 'لالناس', 'اللي', 'بجامعتها', 'ولالناس', 'اللي', 'بتعملش', 'اشي', 'و', 'قاعدة', 'في', 'البيت', '😌']","['NOUN', 'DET+NOUN', 'PREP+DET+NOUN', 'PART', 'PREP+NOUN+PRON', 'CONJ', 'PREP+DET+NOUN', 'PART', 'PREP+NOUN+NSUFF+PRON', 'CONJ+PREP+DET+NOUN', 'PART', 'PROG_PART+V+NEG_PART', 'NOUN', 'CONJ', 'ADJ+NSUFF', 'PREP', 'DET+NOUN', 'EMOT']",Palestine
202,203,ويا بخت مين لاقي حد يدعيلو وقت المطر وهو مش داري ؟,"['ويا', 'بخت', 'مين', 'لاقي', 'حد', 'يدعيلو', 'وقت', 'المطر', 'وهو', 'مش', 'داري', '؟']","['CONJ+PART', 'NOUN', 'PART', 'ADJ+PRON', 'NOUN', 'V+PREP+PRON', 'NOUN', 'DET+NOUN', 'CONJ+PRON', 'PART', 'V', 'PUNC']",Egypt
203,204,"بعض الناس لو قلتلهم : إنت حمار > > بيزعلوا بي لو قلتلهم انت حماار : Pp > > بعتبروه مزح وما بيزعلوا شغالين عالأثر النفسي اسم الله حولنا - 0 - ""","['بعض', 'الناس', 'لو', 'قلتلهم', ':', 'إنت', 'حمار', '>', '>', 'بيزعلوا', 'بي', 'لو', 'قلتلهم', 'انت', 'حماار', ':', 'Pp', '>', '>', 'بعتبروه', 'مزح', 'وما', 'بيزعلوا', 'شغالين', 'عالأثر', 'النفسي', 'اسم', 'الله', 'حولنا', '-', '0', '-', '""']","['NOUN', 'DET+NOUN', 'PART', 'V+PREP+PRON', 'PUNC', 'PRON', 'NOUN', 'PUNC', 'PUNC', 'PROG_PART+V+PRON', 'PREP+PRON', 'PART', 'V+PREP+PRON', 'PRON', 'NOUN', 'PUNC', 'FOREIGN', 'PUNC', 'PUNC', 'PROG_PART+V+PRON+PRON', 'NOUN', 'CONJ+PART', 'PROG_PART+V+PRON', 'ADJ+NSUFF', 'PREP+DET+NOUN', 'DET+ADJ', 'NOUN', 'NOUN', 'NOUN+PRON', 'PUNC', 'PUNC', 'PUNC', 'PUNC']",Lebanon
204,205,@12Naela وشوفيلي حدا يروحني يحطني يالسرير خليني انام لان شحني فضي كمان انا مش عارف كيف بدي اروح حقيقة * _ *,"['@12Naela', 'وشوفيلي', 'حدا', 'يروحني', 'يحطني', 'يالسرير', 'خليني', 'انام', 'لان', 'شحني', 'فضي', 'كمان', 'انا', 'مش', 'عارف', 'كيف', 'بدي', 'اروح', 'حقيقة', '*', '_', '*']","['MENTION', 'CONJ+V+PRON+PREP+PRON', 'NOUN', 'V+PRON', 'V+PRON', 'PREP+DET+NOUN', 'V+PRON', 'V', 'PREP+PART', 'NOUN+PRON', 'V', 'ADV', 'PRON', 'PART', 'ADJ', 'PART', 'NOUN+PRON', 'V', 'NOUN+NSUFF', 'PUNC', 'PUNC', 'PUNC']",Jordan
205,206,ليش خبر الشهداء بطل يأثر فينا كتير 0 0 0 0 أو بلاش الجمع 0 0 بطل يأثر فيا كتير 0 0,"['ليش', 'خبر', 'الشهداء', 'بطل', 'يأثر', 'فينا', 'كتير', '0', '0', '0', '0', 'أو', 'بلاش', 'الجمع', '0', '0', 'بطل', 'يأثر', 'فيا', 'كتير', '0', '0']","['PART', 'NOUN', 'DET+NOUN', 'V', 'V', 'PREP+PRON', 'ADJ', 'PUNC', 'PUNC', 'PUNC', 'PUNC', 'CONJ', 'PART', 'DET+NOUN', 'PUNC', 'PUNC', 'V', 'V', 'PREP+PRON', 'ADJ', 'PUNC', 'PUNC']",Syria
206,207,رح تحبك وتضل تستناك وانت رح تتجوز ويصيرلك عيله وهي قاعده هاهاهاهاهاهاهاهاها,"['رح', 'تحبك', 'وتضل', 'تستناك', 'وانت', 'رح', 'تتجوز', 'ويصيرلك', 'عيله', 'وهي', 'قاعده', 'هاهاهاهاهاهاهاهاها']","['FUT_PART', 'V+PRON', 'CONJ+V', 'V+PRON', 'CONJ+PRON', 'FUT_PART', 'V', 'CONJ+V+PREP+PRON', 'NOUN+NSUFF', 'CONJ+PRON', 'ADJ+NSUFF', 'EMOT']",Jordan
207,208,اقرء عيوني منيح ! شايف القوة الي طالعة من بين الحزن ! انا اقوى منك ! http://t.co/wD6yE64jBq,"['اقرء', 'عيوني', 'منيح', '!', 'شايف', 'القوة', 'الي', 'طالعة', 'من', 'بين', 'الحزن', '!', 'انا', 'اقوى', 'منك', '!', 'http://t.co/wD6yE64jBq']","['V', 'NOUN+PRON', 'ADJ', 'PUNC', 'ADJ', 'DET+NOUN+NSUFF', 'PART', 'ADJ+NSUFF', 'PREP', 'NOUN', 'DET+NOUN', 'PUNC', 'PRON', 'ADJ', 'PREP+PRON', 'PUNC', 'URL']",Iraq
208,209,كل ما بتزهق بتفوت و بتفتح التلاجة ألف مرة و إنت متأكد ما بدك شي ! ! #في_المطبخ,"['كل', 'ما', 'بتزهق', 'بتفوت', 'و', 'بتفتح', 'التلاجة', 'ألف', 'مرة', 'و', 'إنت', 'متأكد', 'ما', 'بدك', 'شي', '!', '!', '#في_المطبخ']","['NOUN', 'PART', 'PROG_PART+V', 'PROG_PART+V', 'CONJ', 'PROG_PART+V', 'DET+NOUN+NSUFF', 'NUM', 'NOUN+NSUFF', 'CONJ', 'PRON', 'ADJ', 'PART', 'NOUN+PRON', 'NOUN', 'PUNC', 'PUNC', 'HASH']",Palestine
209,210,كل ما بنزهق و بنجوع بنروح المطبخ 0 .. شاركونا واعرفو معنا شو سر المطبخ مع هاشتاج #في_المطبخ,"['كل', 'ما', 'بنزهق', 'و', 'بنجوع', 'بنروح', 'المطبخ', '0', '..', 'شاركونا', 'واعرفو', 'معنا', 'شو', 'سر', 'المطبخ', 'مع', 'هاشتاج', '#في_المطبخ']","['NOUN', 'PART', 'PROG_PART+V', 'CONJ', 'PROG_PART+V', 'PROG_PART+V', 'DET+NOUN', 'PUNC', 'PUNC', 'V+PRON+PRON', 'CONJ+V+PRON', 'NOUN+PRON', 'PART', 'NOUN', 'DET+NOUN', 'NOUN', 'NOUN', 'HASH']",Jordan
210,211,@SaraEliyan احنا شعب منغلق ع حالة و بيفكر انو اي ملاطفة من الانثى هي بادرة حب و عند الناس اللي بتتفرج هادي شاطرة برمي الكلام,"['@SaraEliyan', 'احنا', 'شعب', 'منغلق', 'ع', 'حالة', 'و', 'بيفكر', 'انو', 'اي', 'ملاطفة', 'من', 'الانثى', 'هي', 'بادرة', 'حب', 'و', 'عند', 'الناس', 'اللي', 'بتتفرج', 'هادي', 'شاطرة', 'برمي', 'الكلام']","['MENTION', 'PRON', 'NOUN', 'ADJ', 'PREP', 'NOUN+PRON', 'CONJ', 'PROG_PART+V', 'PART+PRON', 'NOUN', 'NOUN+NSUFF', 'PREP', 'DET+NOUN', 'PRON', 'NOUN+NSUFF', 'NOUN', 'CONJ', 'NOUN', 'DET+NOUN', 'PART', 'PROG_PART+V', 'PRON', 'ADJ+NSUFF', 'PREP+NOUN', 'DET+NOUN']",Jordan
211,212,@Hamadashoo مش جاي عبالي اجادل جاهل شفت و ضليت ساكتة بس باختصار الناس اللي هيك هما اللي بيتقلو يطبقو الدين ف بتنمردوا عليه,"['@Hamadashoo', 'مش', 'جاي', 'عبالي', 'اجادل', 'جاهل', 'شفت', 'و', 'ضليت', 'ساكتة', 'بس', 'باختصار', 'الناس', 'اللي', 'هيك', 'هما', 'اللي', 'بيتقلو', 'يطبقو', 'الدين', 'ف', 'بتنمردوا', 'عليه']","['MENTION', 'PART', 'V', 'PREP+NOUN+PRON', 'V', 'NOUN', 'V', 'CONJ', 'V+PRON', 'ADJ+NSUFF', 'PART', 'PREP+NOUN', 'DET+NOUN', 'PART', 'ADV', 'PRON', 'PART', 'PROG_PART+V+PRON', 'V+PRON', 'DET+NOUN', 'CONJ', 'PROG_PART+V+PRON', 'PREP+PRON']",Jordan
212,213,@najwakaram #NajwaKaramKhattA7mar اللي بعرفش يرقص بقول الارض عوجة 0 0 0 فل من هون ولا تقرب 0 0 سمير صفير قال ههههههههه,"['@najwakaram', '#NajwaKaramKhattA7mar', 'اللي', 'بعرفش', 'يرقص', 'بقول', 'الارض', 'عوجة', '0', '0', '0', 'فل', 'من', 'هون', 'ولا', 'تقرب', '0', '0', 'سمير', 'صفير', 'قال', 'ههههههههه']","['MENTION', 'HASH', 'PART', 'PROG_PART+V+NEG_PART', 'V', 'PROG_PART+V', 'DET+NOUN', 'ADJ+NSUFF', 'PUNC', 'PUNC', 'PUNC', 'V', 'PREP', 'ADV', 'CONJ+PART', 'V', 'PUNC', 'PUNC', 'NOUN', 'NOUN', 'V', 'EMOT']",Egypt
213,214,"اللي مش مدور علينا مش راح اندور عليه 0 0 لأنو شغل : أحسن منك "" بطلناه نهائيا !","['اللي', 'مش', 'مدور', 'علينا', 'مش', 'راح', 'اندور', 'عليه', '0', '0', 'لأنو', 'شغل', ':', 'أحسن', 'منك', '""', 'بطلناه', 'نهائيا', '!']","['PART', 'PART', 'FUT_PART+V', 'PREP+PRON', 'PART', 'FUT_PART', 'V', 'PREP+PRON', 'PUNC', 'PUNC', 'PREP+PART+PRON', 'NOUN', 'PUNC', 'ADJ', 'PREP+PRON', 'PUNC', 'V+PRON+PRON', 'ADJ+CASE', 'PUNC']",Jordan
214,215,@Halacasillas هاي بقولك ابو العساف هو وصحابه يرفعوا ايديهم في هارقام لما تكون الامور تمام يعني عشرة على عشرة,"['@Halacasillas', 'هاي', 'بقولك', 'ابو', 'العساف', 'هو', 'وصحابه', 'يرفعوا', 'ايديهم', 'في', 'هارقام', 'لما', 'تكون', 'الامور', 'تمام', 'يعني', 'عشرة', 'على', 'عشرة']","['MENTION', 'ADV', 'PROG_PART+V+PRON', 'NOUN', 'DET+NOUN', 'PRON', 'CONJ+NOUN+PRON', 'V+PRON', 'NOUN+PRON', 'PREP', 'PRON+NOUN', 'PART', 'V', 'DET+NOUN', 'ADJ', 'V', 'NUM+NSUFF', 'PREP', 'NUM+NSUFF']",Saudi Arabia
215,216,@khsharqawy @olanan هو احنا بننغلب ؟ ؟ احنا بس بنفوز 0 0 0 حتى العاصفة اليكسا انتصرت غزة عليها 0 0 0,"['@khsharqawy', '@olanan', 'هو', 'احنا', 'بننغلب', '؟', '؟', 'احنا', 'بس', 'بنفوز', '0', '0', '0', 'حتى', 'العاصفة', 'اليكسا', 'انتصرت', 'غزة', 'عليها', '0', '0', '0']","['MENTION', 'MENTION', 'PRON', 'PRON', 'PROG_PART+V', 'PUNC', 'PUNC', 'PRON', 'PART', 'PROG_PART+V', 'PUNC', 'PUNC', 'PUNC', 'PART', 'DET+NOUN+NSUFF', 'NOUN', 'V+PRON', 'NOUN+NSUFF', 'PREP+PRON', 'PUNC', 'PUNC', 'PUNC']",Jordan
216,217,88 ما تعاملت معك كتير 😔 بس من تويتاتك بحسك بنت فهمانه وعندها طموح وبتحب الحياه فاكيد انطباعي عنك انك رائعه و اه خفيفة دم كمان : ),"['88', 'ما', 'تعاملت', 'معك', 'كتير', '😔', 'بس', 'من', 'تويتاتك', 'بحسك', 'بنت', 'فهمانه', 'وعندها', 'طموح', 'وبتحب', 'الحياه', 'فاكيد', 'انطباعي', 'عنك', 'انك', 'رائعه', 'و', 'اه', 'خفيفة', 'دم', 'كمان', ':', ')']","['NUM', 'PART', 'V+PRON', 'NOUN+PRON', 'ADJ', 'EMOT', 'PART', 'PREP', 'NOUN+NSUFF+PRON', 'PROG_PART+V+PRON', 'NOUN', 'ADJ+NSUFF', 'CONJ+NOUN+PRON', 'NOUN', 'CONJ+PROG_PART+V', 'DET+NOUN+NSUFF', 'CONJ+ADJ', 'NOUN+PRON', 'PREP+PRON', 'PART+PRON', 'ADJ+NSUFF', 'CONJ', 'PART', 'ADJ+NSUFF', 'NOUN', 'ADV', 'PUNC', 'PUNC']",Egypt
217,218,زعلان على ناس ل لحظة فكرتهم حيكون اشي كبير في حياتي 0 !,"['زعلان', 'على', 'ناس', 'ل', 'لحظة', 'فكرتهم', 'حيكون', 'اشي', 'كبير', 'في', 'حياتي', '0', '!']","['ADJ', 'PREP', 'NOUN', 'PREP', 'NOUN+NSUFF', 'V+PRON+PRON', 'FUT_PART+V', 'NOUN', 'ADJ', 'PREP', 'NOUN+NSUFF+PRON', 'PUNC', 'PUNC']",Palestine
218,219,احلف انك حتضل تحبني - والله لضل احبك - و انك حتاخد بالك مني - والله حاخد بالي منك - وان عمرك ما تطلع على غيري - والله حاخد بالي منك,"['احلف', 'انك', 'حتضل', 'تحبني', '-', 'والله', 'لضل', 'احبك', '-', 'و', 'انك', 'حتاخد', 'بالك', 'مني', '-', 'والله', 'حاخد', 'بالي', 'منك', '-', 'وان', 'عمرك', 'ما', 'تطلع', 'على', 'غيري', '-', 'والله', 'حاخد', 'بالي', 'منك']","['V', 'PART+PRON', 'FUT_PART+V', 'V+PRON', 'PUNC', 'CONJ+NOUN', 'PREP+V', 'V+PRON', 'PUNC', 'CONJ', 'PART+PRON', 'FUT_PART+V', 'NOUN+PRON', 'PREP+PRON', 'PUNC', 'CONJ+NOUN', 'FUT_PART+V', 'NOUN+PRON', 'PREP+PRON', 'PUNC', 'CONJ+PART', 'NOUN+PRON', 'PART', 'V', 'PREP', 'NOUN+PRON', 'PUNC', 'CONJ+NOUN', 'FUT_PART+V', 'NOUN+PRON', 'PREP+PRON']",Egypt
219,220,#وانا_صغيرة مكنتش أعرف اشي اسمو حماس او فتح مكنتش أعرف غير #فلسطين,"['#وانا_صغيرة', 'مكنتش', 'أعرف', 'اشي', 'اسمو', 'حماس', 'او', 'فتح', 'مكنتش', 'أعرف', 'غير', '#فلسطين']","['HASH', 'PART+V+NEG_PART', 'V', 'NOUN', 'NOUN+PRON', 'NOUN', 'CONJ', 'NOUN', 'PART+V+NEG_PART', 'V', 'NOUN', 'HASH']",Jordan
220,221,#prt يا زلمة انا وانتا بنفهمش عليهم وبنحبهم 0 0 هما بيفهمو بعض وبيطيقوش بعض 0 0 افهمها لحالك 0 0 في حاجة غلط,"['#prt', 'يا', 'زلمة', 'انا', 'وانتا', 'بنفهمش', 'عليهم', 'وبنحبهم', '0', '0', 'هما', 'بيفهمو', 'بعض', 'وبيطيقوش', 'بعض', '0', '0', 'افهمها', 'لحالك', '0', '0', 'في', 'حاجة', 'غلط']","['HASH', 'PART', 'NOUN+NSUFF', 'PRON', 'CONJ+PRON', 'PROG_PART+V+NEG_PART', 'PREP+PRON', 'CONJ+PROG_PART+V+PRON', 'PUNC', 'PUNC', 'PRON', 'PROG_PART+V+PRON', 'NOUN', 'CONJ+PROG_PART+V+PRON+NEG_PART', 'NOUN', 'PUNC', 'PUNC', 'V+PRON', 'PREP+NOUN+PRON', 'PUNC', 'PUNC', 'ADV', 'NOUN+NSUFF', 'ADJ']",Egypt
221,222,"#الفرح_فكرة مجرد إنك تفكر إنه في إلك أهل بغزة , , ياااااااااه على الحب يا ناس يلي بيمتلك الشخص وقتها","['#الفرح_فكرة', 'مجرد', 'إنك', 'تفكر', 'إنه', 'في', 'إلك', 'أهل', 'بغزة', ',', ',', 'ياااااااااه', 'على', 'الحب', 'يا', 'ناس', 'يلي', 'بيمتلك', 'الشخص', 'وقتها']","['HASH', 'ADV', 'PART+PRON', 'V', 'PART+PRON', 'ADV', 'PREP+PRON', 'NOUN', 'PREP+NOUN+NSUFF', 'PUNC', 'PUNC', 'ADV', 'PREP', 'DET+NOUN', 'PART', 'NOUN', 'PART', 'PROG_PART+V', 'DET+NOUN', 'NOUN+PRON']",Jordan
222,223,الدنيا زي السلطة ملخبطة كتيير وفيها شغلات كتير 0 .. بس شو ما تحط فيها راح تاكل 0 0 مش راح تلاقي حاجة انت مش عاملها بايدك,"['الدنيا', 'زي', 'السلطة', 'ملخبطة', 'كتيير', 'وفيها', 'شغلات', 'كتير', '0', '..', 'بس', 'شو', 'ما', 'تحط', 'فيها', 'راح', 'تاكل', '0', '0', 'مش', 'راح', 'تلاقي', 'حاجة', 'انت', 'مش', 'عاملها', 'بايدك']","['DET+NOUN', 'NOUN', 'DET+NOUN+NSUFF', 'ADJ+NSUFF', 'ADJ', 'CONJ+PREP+PRON', 'NOUN+NSUFF', 'ADJ', 'PUNC', 'PUNC', 'PART', 'PART', 'PART', 'V', 'PREP+PRON', 'FUT_PART', 'V', 'PUNC', 'PUNC', 'PART', 'FUT_PART', 'V', 'NOUN+NSUFF', 'PRON', 'PART', 'ADJ+PRON', 'PREP+NOUN+PRON']",Jordan
223,224,هسا بغزة او الضفة بصير فعاليات ليوم الارض ولا مخصش ؟ انو بس عنا ؟,"['هسا', 'بغزة', 'او', 'الضفة', 'بصير', 'فعاليات', 'ليوم', 'الارض', 'ولا', 'مخصش', '؟', 'انو', 'بس', 'عنا', '؟']","['NOUN', 'PREP+NOUN+NSUFF', 'CONJ', 'DET+NOUN+NSUFF', 'PROG_PART+V', 'NOUN+NSUFF', 'PREP+NOUN', 'DET+NOUN', 'CONJ+PART', 'PART+V+NEG_PART', 'PUNC', 'PART+PRON', 'ADV', 'NOUN', 'PUNC']",Iraq
224,225,@ifmanalh90 @MalakShabaani امي ما بتدخل كتير و عسافية من بعيد لبعيد يمكن مشان هيك ما بتعرفي انها امي :-P,"['@ifmanalh90', '@MalakShabaani', 'امي', 'ما', 'بتدخل', 'كتير', 'و', 'عسافية', 'من', 'بعيد', 'لبعيد', 'يمكن', 'مشان', 'هيك', 'ما', 'بتعرفي', 'انها', 'امي', ':-P']","['MENTION', 'MENTION', 'NOUN', 'PART', 'PROG_PART+V', 'ADJ', 'CONJ', 'ADJ+NSUFF', 'PREP', 'NOUN', 'PREP+NOUN', 'V', 'PART', 'ADV', 'PART', 'PROG_PART+V+PRON', 'PART+PRON', 'NOUN', 'EMOT']",Syria
225,226,"مش معنى انك مريتي بتجربة مع شب او 2 وطلعوا "" صرامي "" تروحي تعممي انه كل الشباب زي بعض 0 #عقد #نفسيات #موجهة","['مش', 'معنى', 'انك', 'مريتي', 'بتجربة', 'مع', 'شب', 'او', '2', 'وطلعوا', '""', 'صرامي', '""', 'تروحي', 'تعممي', 'انه', 'كل', 'الشباب', 'زي', 'بعض', '0', '#عقد', '#نفسيات', '#موجهة']","['PART', 'NOUN', 'PART+PRON', 'V+PRON', 'PREP+NOUN+NSUFF', 'NOUN', 'NOUN', 'CONJ', 'NUM', 'CONJ+V+PRON', 'PUNC', 'NOUN', 'PUNC', 'V+PRON', 'V+PRON', 'PART+PRON', 'NOUN', 'DET+NOUN', 'NOUN', 'NOUN', 'PUNC', 'HASH', 'HASH', 'HASH']",Jordan
226,227,الواحد ما بهونله يشوف حدا مش مبسوط ، عنجد انبسطوا قد ما تقدروا ، اليوم ال ما بتضحك فيه مش رح يرجع عشان تعوض الضحكة ، بالنهاية حياة وبدها تمشي 0,"['الواحد', 'ما', 'بهونله', 'يشوف', 'حدا', 'مش', 'مبسوط', '،', 'عنجد', 'انبسطوا', 'قد', 'ما', 'تقدروا', '،', 'اليوم', 'ال', 'ما', 'بتضحك', 'فيه', 'مش', 'رح', 'يرجع', 'عشان', 'تعوض', 'الضحكة', '،', 'بالنهاية', 'حياة', 'وبدها', 'تمشي', '0']","['DET+NOUN', 'PART', 'PROG_PART+V+PREP+PRON', 'V', 'NOUN', 'PART', 'ADJ', 'PUNC', 'PREP+NOUN', 'V+PRON', 'NOUN', 'PART', 'V+PRON', 'PUNC', 'DET+NOUN', 'PART', 'PART', 'PROG_PART+V+PRON', 'PREP+PRON', 'PART', 'FUT_PART', 'V', 'PART', 'V', 'DET+NOUN+NSUFF', 'PUNC', 'PREP+DET+NOUN+NSUFF', 'NOUN+NSUFF', 'CONJ+NOUN+PRON', 'V', 'PUNC']",Syria
227,228,#إحكي_لغزة يمكن قدامي ومش طايلك بس انا في القلب اكيد شايلگ مهما اتعب وطريقي هيصعب جايلگ في معادي انا جايلگ ♥,"['#إحكي_لغزة', 'يمكن', 'قدامي', 'ومش', 'طايلك', 'بس', 'انا', 'في', 'القلب', 'اكيد', 'شايلگ', 'مهما', 'اتعب', 'وطريقي', 'هيصعب', 'جايلگ', 'في', 'معادي', 'انا', 'جايلگ', '♥']","['HASH', 'V', 'NOUN+PRON', 'CONJ+PART', 'ADJ+PRON', 'PART', 'PRON', 'PREP', 'DET+NOUN', 'ADJ', 'ADJ+PRON', 'PART', 'V', 'CONJ+NOUN+PRON', 'FUT_PART+V', 'ADJ+PREP+PRON', 'PREP', 'NOUN+PRON', 'PRON', 'ADJ+PREP+PRON', 'EMOT']",Egypt
228,229,@ANASSER66 أهلين قول فيروز : يا صوتي ضلك طاير زوبع بها الضماير خبرهن عاللي صاير بلكي بيوعى الضمير 0 يجب ان نعرف الى اي مستوى انحدرنا #غزة,"['@ANASSER66', 'أهلين', 'قول', 'فيروز', ':', 'يا', 'صوتي', 'ضلك', 'طاير', 'زوبع', 'بها', 'الضماير', 'خبرهن', 'عاللي', 'صاير', 'بلكي', 'بيوعى', 'الضمير', '0', 'يجب', 'ان', 'نعرف', 'الى', 'اي', 'مستوى', 'انحدرنا', '#غزة']","['MENTION', 'NOUN', 'V', 'NOUN', 'PUNC', 'PART', 'NOUN+PRON', 'V+PRON', 'ADJ', 'V', 'PREP+PRON', 'DET+NOUN', 'V+PRON', 'PREP+PART', 'ADJ', 'ADV', 'PROG_PART+V', 'DET+NOUN', 'PUNC', 'V', 'PART', 'V', 'PART', 'NOUN', 'NOUN', 'V+PRON', 'HASH']",Lebanon
229,230,شو الفايدة من الدراسة :| ؟ رياضيات ؟ عندنا حاسبة تاريخ كلهم ماتوا عربي ! هينا بنحكي عربي انجليزي ؟ الافلام تجي مترجمة :| فكروا فيها :> ! !,"['شو', 'الفايدة', 'من', 'الدراسة', ':|', '؟', 'رياضيات', '؟', 'عندنا', 'حاسبة', 'تاريخ', 'كلهم', 'ماتوا', 'عربي', '!', 'هينا', 'بنحكي', 'عربي', 'انجليزي', '؟', 'الافلام', 'تجي', 'مترجمة', ':|', 'فكروا', 'فيها', ':>', '!', '!']","['PART', 'DET+NOUN+NSUFF', 'PREP', 'DET+NOUN+NSUFF', 'EMOT', 'PUNC', 'NOUN+NSUFF', 'PUNC', 'NOUN+PRON', 'NOUN+NSUFF', 'NOUN', 'NOUN+PRON', 'V+PRON', 'NOUN', 'PUNC', 'ADV', 'PROG_PART+V', 'NOUN', 'NOUN', 'PUNC', 'DET+NOUN', 'V', 'ADJ+NSUFF', 'EMOT', 'V+PRON', 'PREP+PRON', 'EMOT', 'PUNC', 'PUNC']",Jordan
230,231,مشاعر ما بيفهمها اللي عم بيفاوض و بيساوم و بيفرط بحق الشعب ، مشاعر ما بيفهمها اللي حط سلاحو ع جنب و غير اولوياتو 0 http://t.co/sTmJQnIa3r,"['مشاعر', 'ما', 'بيفهمها', 'اللي', 'عم', 'بيفاوض', 'و', 'بيساوم', 'و', 'بيفرط', 'بحق', 'الشعب', '،', 'مشاعر', 'ما', 'بيفهمها', 'اللي', 'حط', 'سلاحو', 'ع', 'جنب', 'و', 'غير', 'اولوياتو', '0', 'http://t.co/sTmJQnIa3r']","['NOUN', 'PART', 'PROG_PART+V+PRON', 'PART', 'PART', 'PROG_PART+V', 'CONJ', 'PROG_PART+V', 'CONJ', 'PROG_PART+V', 'PREP+NOUN', 'DET+NOUN', 'PUNC', 'NOUN', 'PART', 'PROG_PART+V+PRON', 'PART', 'V', 'NOUN+PRON', 'PREP', 'NOUN', 'CONJ', 'NOUN', 'NOUN+NSUFF+PRON', 'PUNC', 'URL']",Lebanon
231,232,"يعني والله تويتر مش لالتعارف , اذا النبت متجاهليتك وما بتحكي مع حدا يدوب منشن بتبلش تفتري وتغلط عليها من حماوة دمك , والله انهم شباب بخزوا","['يعني', 'والله', 'تويتر', 'مش', 'لالتعارف', ',', 'اذا', 'النبت', 'متجاهليتك', 'وما', 'بتحكي', 'مع', 'حدا', 'يدوب', 'منشن', 'بتبلش', 'تفتري', 'وتغلط', 'عليها', 'من', 'حماوة', 'دمك', ',', 'والله', 'انهم', 'شباب', 'بخزوا']","['V', 'CONJ+NOUN', 'NOUN', 'PART', 'PREP+DET+NOUN', 'PUNC', 'NOUN', 'DET+NOUN', 'ADJ+NSUFF+PRON', 'CONJ+PART', 'PROG_PART+V', 'NOUN', 'NOUN', 'NOUN', 'NOUN', 'PROG_PART+V', 'V', 'CONJ+V', 'PREP+PRON', 'PREP', 'ADJ+NSUFF', 'NOUN+PRON', 'PUNC', 'CONJ+NOUN', 'PART+PRON', 'NOUN', 'PROG_PART+V+PRON']",Lebanon
232,233,اكتر اشي بقتلني لما اكتب تويتة وتكون اكتر من 140 اقعد عاد خنصر من هان ومن هان زي بياع الخضرة عالميزان,"['اكتر', 'اشي', 'بقتلني', 'لما', 'اكتب', 'تويتة', 'وتكون', 'اكتر', 'من', '140', 'اقعد', 'عاد', 'خنصر', 'من', 'هان', 'ومن', 'هان', 'زي', 'بياع', 'الخضرة', 'عالميزان']","['ADJ', 'NOUN', 'PROG_PART+V+PRON', 'PART', 'V', 'NOUN+NSUFF', 'CONJ+V', 'ADJ', 'PREP', 'NUM', 'V', 'ADV', 'V', 'PREP', 'ADV', 'CONJ+PREP', 'ADV', 'NOUN', 'ADJ', 'DET+NOUN+NSUFF', 'PREP+DET+NOUN']",Lebanon
233,234,مش كل يلي حطو راسن على كتفك كانو عم يدعولك ! كتار كانو عم يتأملو كيف بدن يدبحوك !,"['مش', 'كل', 'يلي', 'حطو', 'راسن', 'على', 'كتفك', 'كانو', 'عم', 'يدعولك', '!', 'كتار', 'كانو', 'عم', 'يتأملو', 'كيف', 'بدن', 'يدبحوك', '!']","['PART', 'NOUN', 'PART', 'V+PRON', 'NOUN+PRON', 'PREP', 'NOUN+PRON', 'V+PRON', 'PART', 'V+PREP+PRON', 'PUNC', 'ADJ', 'V+PRON', 'PART', 'V+PRON', 'PART', 'NOUN+PRON', 'V+PRON+PRON', 'PUNC']",Palestine
234,235,البني ادم الشاطر هو فقط اللي يستحق انو يعمل ما بدالو في الحياة 0 0 لانو فوق مهوا مسموحلو كل اشي يعملو لساتو شاطر و عارف مصلحتو #قاعدة,"['البني', 'ادم', 'الشاطر', 'هو', 'فقط', 'اللي', 'يستحق', 'انو', 'يعمل', 'ما', 'بدالو', 'في', 'الحياة', '0', '0', 'لانو', 'فوق', 'مهوا', 'مسموحلو', 'كل', 'اشي', 'يعملو', 'لساتو', 'شاطر', 'و', 'عارف', 'مصلحتو', '#قاعدة']","['DET+NOUN', 'NOUN', 'DET+ADJ', 'PRON', 'ADV', 'PART', 'V', 'PART+PRON', 'V', 'PART', 'V+PREP+PRON', 'PREP', 'DET+NOUN+NSUFF', 'PUNC', 'PUNC', 'PREP+PART+PRON', 'NOUN', 'PART+PRON', 'NOUN+PREP+PRON', 'NOUN', 'NOUN', 'V+PRON', 'ADV+PRON', 'ADJ', 'CONJ', 'ADJ', 'NOUN+NSUFF+PRON', 'HASH']",Jordan
235,236,@ANimer احنا عنا منعوهن بقانون وزاري ، واسم الله مجتمعنا صار محترم بزيادة 0 صاروا ناقصين أبصر شو يعملوا في بعض بالشارع : D,"['@ANimer', 'احنا', 'عنا', 'منعوهن', 'بقانون', 'وزاري', '،', 'واسم', 'الله', 'مجتمعنا', 'صار', 'محترم', 'بزيادة', '0', 'صاروا', 'ناقصين', 'أبصر', 'شو', 'يعملوا', 'في', 'بعض', 'بالشارع', ':', 'D']","['MENTION', 'PRON', 'NOUN', 'V+PRON+PRON', 'PREP+NOUN', 'ADJ', 'PUNC', 'CONJ+NOUN', 'NOUN', 'NOUN+PRON', 'V', 'ADJ', 'PREP+ADJ+NSUFF', 'PUNC', 'V+PRON', 'ADJ+NSUFF', 'V', 'PART', 'V+PRON', 'PREP', 'NOUN', 'PREP+DET+NOUN', 'PUNC', 'FOREIGN']",Syria
236,237,#خلونا_نساله حاولت تصرف عحالك و ع ولادك من عرق جبينك ؟ ولا كله نهب ؟,"['#خلونا_نساله', 'حاولت', 'تصرف', 'عحالك', 'و', 'ع', 'ولادك', 'من', 'عرق', 'جبينك', '؟', 'ولا', 'كله', 'نهب', '؟']","['HASH', 'V+PRON', 'V', 'PREP+NOUN+PRON', 'CONJ', 'PREP', 'NOUN+PRON', 'PREP', 'NOUN', 'NOUN+PRON', 'PUNC', 'CONJ+PART', 'NOUN+PRON', 'NOUN', 'PUNC']",Lebanon
237,238,بالمناسبه سواء كنت مواطن و لا لاجئ 0 0 ما حدا احسن من حدا لانه طول و احنا ما بنقدر نفوت القدس الا بتصريح من اليهود فإحنا كلنا نفس الوضع !,"['بالمناسبه', 'سواء', 'كنت', 'مواطن', 'و', 'لا', 'لاجئ', '0', '0', 'ما', 'حدا', 'احسن', 'من', 'حدا', 'لانه', 'طول', 'و', 'احنا', 'ما', 'بنقدر', 'نفوت', 'القدس', 'الا', 'بتصريح', 'من', 'اليهود', 'فإحنا', 'كلنا', 'نفس', 'الوضع', '!']","['PREP+DET+NOUN+NSUFF', 'NOUN', 'V+PRON', 'NOUN', 'CONJ', 'PART', 'NOUN', 'PUNC', 'PUNC', 'PART', 'NOUN', 'ADJ', 'PREP', 'NOUN', 'PREP+PART+PRON', 'NOUN', 'CONJ', 'PRON', 'PART', 'PROG_PART+V', 'V', 'DET+NOUN', 'PART', 'PREP+NOUN', 'PREP', 'DET+NOUN', 'CONJ+PRON', 'NOUN+PRON', 'NOUN', 'DET+NOUN', 'PUNC']",Palestine
238,239,""" شو كنت بدي احكي نسيت "" بحس حالي وصلت لمرحلة متقدمة من الزهايمر لما احاول اتذكر وما اتذكر بلحضتها 0","['""', 'شو', 'كنت', 'بدي', 'احكي', 'نسيت', '""', 'بحس', 'حالي', 'وصلت', 'لمرحلة', 'متقدمة', 'من', 'الزهايمر', 'لما', 'احاول', 'اتذكر', 'وما', 'اتذكر', 'بلحضتها', '0']","['PUNC', 'PART', 'V+PRON', 'NOUN+PRON', 'V', 'V+PRON', 'PUNC', 'PROG_PART+V', 'NOUN+PRON', 'V+PRON', 'PREP+NOUN+NSUFF', 'ADJ+NSUFF', 'PREP', 'DET+NOUN', 'PART', 'V', 'V', 'CONJ+PART', 'V', 'PREP+NOUN+NSUFF+PRON', 'PUNC']",Jordan
239,240,شو عدا ما بدا ما بتفرق 0 مع حدا صار بدنا نبيع الماس الخواتم وذهب المناجم لندفع بالمطاعم فاتورة الغدا #بدندن #زياد_الرحباني,"['شو', 'عدا', 'ما', 'بدا', 'ما', 'بتفرق', '0', 'مع', 'حدا', 'صار', 'بدنا', 'نبيع', 'الماس', 'الخواتم', 'وذهب', 'المناجم', 'لندفع', 'بالمطاعم', 'فاتورة', 'الغدا', '#بدندن', '#زياد_الرحباني']","['PART', 'NOUN', 'PART', 'NOUN+PRON', 'PART', 'PROG_PART+V', 'PUNC', 'NOUN', 'NOUN', 'V', 'NOUN+PRON', 'V', 'DET+NOUN', 'DET+NOUN', 'CONJ+NOUN', 'DET+NOUN', 'PREP+V', 'PREP+DET+NOUN', 'NOUN+NSUFF', 'DET+NOUN', 'HASH', 'HASH']",Lebanon
240,241,الناس اللي ما جابوش هدايا لامهاتهم يظهروا حالهم 0 0 حسسوني اني مش لحالي #مساعدة,"['الناس', 'اللي', 'ما', 'جابوش', 'هدايا', 'لامهاتهم', 'يظهروا', 'حالهم', '0', '0', 'حسسوني', 'اني', 'مش', 'لحالي', '#مساعدة']","['DET+NOUN', 'PART', 'PART', 'V+PRON+NEG_PART', 'NOUN', 'PREP+NOUN+NSUFF+PRON', 'V+PRON', 'NOUN+PRON', 'PUNC', 'PUNC', 'V+PRON+PRON', 'PART+PRON', 'PART', 'PREP+NOUN+PRON', 'HASH']",Egypt
241,242,ازا متهيالك اني رح ارجع احكي معك زي قبل 0 0 تبقي بتحلمي,"['ازا', 'متهيالك', 'اني', 'رح', 'ارجع', 'احكي', 'معك', 'زي', 'قبل', '0', '0', 'تبقي', 'بتحلمي']","['NOUN', 'ADJ+PREP+PRON', 'PART+PRON', 'FUT_PART', 'V', 'V', 'NOUN+PRON', 'NOUN', 'NOUN', 'PUNC', 'PUNC', 'V', 'PROG_PART+V+PRON']",Palestine
242,243,فيه واحد اذا ما جاب القهوة ابصر ايش راح يصير فيه @AboIsMail89,"['فيه', 'واحد', 'اذا', 'ما', 'جاب', 'القهوة', 'ابصر', 'ايش', 'راح', 'يصير', 'فيه', '@AboIsMail89']","['ADV', 'NOUN', 'NOUN', 'PART', 'V', 'DET+NOUN+NSUFF', 'V', 'PART', 'FUT_PART', 'V', 'PREP+PRON', 'MENTION']",Qatar
243,244,"@GazaHere بدي أحكيها بالمشرمحي , هدول فصائل هامشية , من الموجودة عالورق بس , أعضاءها بتقاضو رواتب عالشغل هادا , ومش مستعد يطلع وقت الf16 بالجو","['@GazaHere', 'بدي', 'أحكيها', 'بالمشرمحي', ',', 'هدول', 'فصائل', 'هامشية', ',', 'من', 'الموجودة', 'عالورق', 'بس', ',', 'أعضاءها', 'بتقاضو', 'رواتب', 'عالشغل', 'هادا', ',', 'ومش', 'مستعد', 'يطلع', 'وقت', 'الf16', 'بالجو']","['MENTION', 'NOUN+PRON', 'V+PRON', 'PREP+DET+NOUN', 'PUNC', 'PRON', 'NOUN', 'ADJ+NSUFF', 'PUNC', 'PREP', 'DET+ADJ+NSUFF', 'PREP+DET+NOUN', 'ADV', 'PUNC', 'NOUN+PRON', 'PROG_PART+V+PRON', 'NOUN', 'PREP+DET+NOUN', 'PRON', 'PUNC', 'CONJ+PART', 'ADJ', 'V', 'NOUN', 'DET+NOUN', 'PREP+DET+NOUN']",Syria
244,245,إذا عندك حد بتعرفش تعيش من غير ما تستفزه وتزعله وبعدين تراضيه دير بالك عليه وضل إخترع طرق جديدة لالاستفزاز : p,"['إذا', 'عندك', 'حد', 'بتعرفش', 'تعيش', 'من', 'غير', 'ما', 'تستفزه', 'وتزعله', 'وبعدين', 'تراضيه', 'دير', 'بالك', 'عليه', 'وضل', 'إخترع', 'طرق', 'جديدة', 'لالاستفزاز', ':', 'p']","['NOUN', 'NOUN+PRON', 'NOUN', 'PROG_PART+V+NEG_PART', 'V', 'PREP', 'NOUN', 'PART', 'V+PRON', 'CONJ+V+PRON', 'CONJ+NOUN', 'V+PRON', 'V', 'NOUN+PRON', 'PREP+PRON', 'CONJ+V', 'V', 'NOUN', 'ADJ+NSUFF', 'PREP+DET+NOUN', 'PUNC', 'FOREIGN']",Syria
245,246,شخصيا ومن زمان فكرتي عن الكيان الهش يللي اسمه الجامعة العربية انو كيان هزيل ضعيف لا بحل ولا بيربط واغلاقها أشرف من الفضائح يللي فيها ! ! !,"['شخصيا', 'ومن', 'زمان', 'فكرتي', 'عن', 'الكيان', 'الهش', 'يللي', 'اسمه', 'الجامعة', 'العربية', 'انو', 'كيان', 'هزيل', 'ضعيف', 'لا', 'بحل', 'ولا', 'بيربط', 'واغلاقها', 'أشرف', 'من', 'الفضائح', 'يللي', 'فيها', '!', '!', '!']","['ADJ+CASE', 'CONJ+PREP', 'NOUN', 'NOUN+NSUFF+PRON', 'PREP', 'DET+NOUN', 'DET+ADJ', 'PART', 'NOUN+NSUFF', 'DET+NOUN+NSUFF', 'DET+ADJ+NSUFF', 'PART+PRON', 'NOUN', 'ADJ', 'ADJ', 'PART', 'PROG_PART+V', 'CONJ+PART', 'PROG_PART+V', 'CONJ+NOUN+PRON', 'ADJ', 'PREP', 'DET+NOUN', 'PART', 'PREP+PRON', 'PUNC', 'PUNC', 'PUNC']",Syria
246,247,@mahekhierbeck نحنا سورية طول عمرنا عايشين ب حب ومحبة ومافي عنا طائفية وحياتن بس لأن ضعفوا وعرفوا أنوا خسرنين روقي والله يرحم كل شهيد,"['@mahekhierbeck', 'نحنا', 'سورية', 'طول', 'عمرنا', 'عايشين', 'ب', 'حب', 'ومحبة', 'ومافي', 'عنا', 'طائفية', 'وحياتن', 'بس', 'لأن', 'ضعفوا', 'وعرفوا', 'أنوا', 'خسرنين', 'روقي', 'والله', 'يرحم', 'كل', 'شهيد']","['MENTION', 'PRON', 'NOUN+NSUFF', 'NOUN', 'NOUN+PRON', 'ADJ+NSUFF', 'PREP', 'NOUN', 'CONJ+NOUN+NSUFF', 'CONJ+PART+ADV', 'NOUN', 'NOUN+NSUFF', 'CONJ+NOUN+NSUFF+PRON', 'ADV', 'PREP+PART', 'V+PRON', 'CONJ+V+PRON', 'PART+PRON', 'ADJ+PRON', 'V+PRON', 'CONJ+NOUN', 'V', 'NOUN', 'NOUN']",Syria
247,248,لا شيء في #النبطية 0 0 كل المعلومات التي تكتب عن تفجير إشاعات 0 .. أنا بنص النبطية وما في شي رواق كتيير ! !,"['لا', 'شيء', 'في', '#النبطية', '0', '0', 'كل', 'المعلومات', 'التي', 'تكتب', 'عن', 'تفجير', 'إشاعات', '0', '..', 'أنا', 'بنص', 'النبطية', 'وما', 'في', 'شي', 'رواق', 'كتيير', '!', '!']","['PART', 'NOUN', 'PREP', 'HASH', 'PUNC', 'PUNC', 'NOUN', 'DET+NOUN+NSUFF', 'PART', 'V', 'PREP', 'NOUN', 'NOUN+NSUFF', 'PUNC', 'PUNC', 'PRON', 'PREP+NOUN', 'DET+NOUN+NSUFF', 'CONJ+PART', 'ADV', 'NOUN', 'NOUN', 'ADJ', 'PUNC', 'PUNC']",Syria
248,249,يا عيب الشوم ، أنا ضد الحركات الجهادية في فلسطين لكن هيدا الحكي عيب يا خيي : / https://t.co/cWnBJW0obJ,"['يا', 'عيب', 'الشوم', '،', 'أنا', 'ضد', 'الحركات', 'الجهادية', 'في', 'فلسطين', 'لكن', 'هيدا', 'الحكي', 'عيب', 'يا', 'خيي', ':', '/', 'https://t.co/cWnBJW0obJ']","['PART', 'NOUN', 'DET+NOUN', 'PUNC', 'PRON', 'NOUN', 'DET+NOUN+NSUFF', 'DET+NOUN+NSUFF', 'PREP', 'NOUN', 'PART', 'PRON', 'DET+NOUN', 'NOUN', 'PART', 'NOUN+PRON', 'PUNC', 'PUNC', 'URL']",Lebanon
249,250,@mo_khd لكككك انا بعرف بس هيك عم اسأل شي مرة بعزمك ع محشي بطاطا xD,"['@mo_khd', 'لكككك', 'انا', 'بعرف', 'بس', 'هيك', 'عم', 'اسأل', 'شي', 'مرة', 'بعزمك', 'ع', 'محشي', 'بطاطا', 'xD']","['MENTION', 'PART', 'PRON', 'PROG_PART+V', 'PART', 'ADV', 'PART', 'V', 'NOUN', 'NOUN+NSUFF', 'FUT_PART+V+PRON', 'PREP', 'NOUN', 'NOUN', 'EMOT']",Syria
250,251,""" @ rwidaalrashed : دعمنا لبنان بشكل عام 0 بس انتي ماجاوبتيني عن قوات الاسد ? ومين الاسرائيلي بهالحاله الأسد تاج راسكن يا عيني","['""', '@', 'rwidaalrashed', ':', 'دعمنا', 'لبنان', 'بشكل', 'عام', '0', 'بس', 'انتي', 'ماجاوبتيني', 'عن', 'قوات', 'الاسد', '?', 'ومين', 'الاسرائيلي', 'بهالحاله', 'الأسد', 'تاج', 'راسكن', 'يا', 'عيني']","['PUNC', 'PUNC', 'FOREIGN', 'PUNC', 'V+PRON', 'NOUN', 'PREP+NOUN', 'NOUN', 'PUNC', 'PART', 'PRON', 'PART+V+PRON+PRON', 'PREP', 'NOUN', 'DET+NOUN', 'PUNC', 'CONJ+PART', 'DET+NOUN', 'PREP+PRON+DET+NOUN+NSUFF', 'DET+NOUN', 'NOUN', 'NOUN+PRON', 'PART', 'NOUN+PRON']",Yemen
251,252,@jory8080 أنا لما حبيتا ماشفت حدا غيرا والله العظيم ، كانت تعنيلي كل حياتي بس هي خانتني خيتي وبلا مبرر أقعود على ذكراها يعني,"['@jory8080', 'أنا', 'لما', 'حبيتا', 'ماشفت', 'حدا', 'غيرا', 'والله', 'العظيم', '،', 'كانت', 'تعنيلي', 'كل', 'حياتي', 'بس', 'هي', 'خانتني', 'خيتي', 'وبلا', 'مبرر', 'أقعود', 'على', 'ذكراها', 'يعني']","['MENTION', 'PRON', 'PART', 'V+PRON+PRON', 'PART+V', 'NOUN', 'NOUN+PRON', 'CONJ+NOUN', 'DET+ADJ', 'PUNC', 'V+PRON', 'V+PREP+PRON', 'NOUN', 'NOUN+NSUFF+PRON', 'PART', 'PRON', 'V+PRON+PRON', 'NOUN+NSUFF+PRON', 'CONJ+PART', 'NOUN', 'V', 'PREP', 'NOUN+PRON', 'V']",Jordan
252,253,@TheSyrian_Tweet #هديك_اللحظة لما بتكون عم تقرأ الدرس بالحصة بصوت عالي وبيجي ورفيقك بضحك 0 0 وبتاخد عقوبة من الاستاذ,"['@TheSyrian_Tweet', '#هديك_اللحظة', 'لما', 'بتكون', 'عم', 'تقرأ', 'الدرس', 'بالحصة', 'بصوت', 'عالي', 'وبيجي', 'ورفيقك', 'بضحك', '0', '0', 'وبتاخد', 'عقوبة', 'من', 'الاستاذ']","['MENTION', 'HASH', 'PART', 'PROG_PART+V', 'PART', 'V', 'DET+NOUN', 'PREP+DET+NOUN+NSUFF', 'PREP+NOUN', 'ADJ', 'CONJ+PROG_PART+V', 'CONJ+NOUN+PRON', 'PROG_PART+V', 'PUNC', 'PUNC', 'CONJ+PROG_PART+V', 'NOUN+NSUFF', 'PREP', 'DET+NOUN']",Jordan
253,254,@mo_khd هههههههههههه حرام عليك خليني كفي سلسلة حرام ما بس طفيت الكهربا ما عاد فيني ارجع ع تويتر لالصبح,"['@mo_khd', 'هههههههههههه', 'حرام', 'عليك', 'خليني', 'كفي', 'سلسلة', 'حرام', 'ما', 'بس', 'طفيت', 'الكهربا', 'ما', 'عاد', 'فيني', 'ارجع', 'ع', 'تويتر', 'لالصبح']","['MENTION', 'EMOT', 'NOUN', 'PREP+PRON', 'V+PRON', 'V', 'NOUN+NSUFF', 'NOUN', 'PART', 'ADV', 'V+PRON', 'DET+NOUN', 'PART', 'V', 'PREP+PRON', 'V', 'PREP', 'NOUN', 'PREP+DET+NOUN']",Syria
254,255,#هديك_اللحظة لما بتوئع ئدام الناس وبتئوم بكبرياء وانت بدك تبكي : ),"['#هديك_اللحظة', 'لما', 'بتوئع', 'ئدام', 'الناس', 'وبتئوم', 'بكبرياء', 'وانت', 'بدك', 'تبكي', ':', ')']","['HASH', 'PART', 'PROG_PART+V', 'NOUN', 'DET+NOUN', 'CONJ+PROG_PART+V', 'PREP+NOUN', 'CONJ+PRON', 'NOUN+PRON', 'V', 'PUNC', 'PUNC']",Lebanon
255,256,عندي حلم فيك عندي ولع فيك وبكفي شو بدك انو يعني موت فيك 0 0 0 والله رح موت فيك صدق اذا فيك وبكفي شو بدك مني اذا متت فيك 0 0 0 معقول في أكترر ؟ ؟,"['عندي', 'حلم', 'فيك', 'عندي', 'ولع', 'فيك', 'وبكفي', 'شو', 'بدك', 'انو', 'يعني', 'موت', 'فيك', '0', '0', '0', 'والله', 'رح', 'موت', 'فيك', 'صدق', 'اذا', 'فيك', 'وبكفي', 'شو', 'بدك', 'مني', 'اذا', 'متت', 'فيك', '0', '0', '0', 'معقول', 'في', 'أكترر', '؟', '؟']","['NOUN+PRON', 'NOUN', 'PREP+PRON', 'NOUN+PRON', 'NOUN', 'PREP+PRON', 'CONJ+PROG_PART+V', 'PART', 'NOUN+PRON', 'PART+PRON', 'V', 'V', 'PREP+PRON', 'PUNC', 'PUNC', 'PUNC', 'CONJ+NOUN', 'FUT_PART', 'V', 'PREP+PRON', 'V', 'NOUN', 'PREP+PRON', 'CONJ+PROG_PART+V', 'PART', 'NOUN+PRON', 'PREP+PRON', 'NOUN', 'V+PRON', 'PREP+PRON', 'PUNC', 'PUNC', 'PUNC', 'ADJ', 'ADV', 'ADJ', 'PUNC', 'PUNC']",Syria
256,257,@ali_khierbeck هههههه شفت خبر انو عاملين لبعض كمين وهني هربانين ع رنكوس هههه مسخرة فاتو ببعض,"['@ali_khierbeck', 'هههههه', 'شفت', 'خبر', 'انو', 'عاملين', 'لبعض', 'كمين', 'وهني', 'هربانين', 'ع', 'رنكوس', 'هههه', 'مسخرة', 'فاتو', 'ببعض']","['MENTION', 'EMOT', 'V', 'NOUN', 'PART+PRON', 'ADJ+NSUFF', 'PREP+NOUN', 'NOUN', 'CONJ+PRON', 'ADJ+NSUFF', 'PREP', 'NOUN', 'EMOT', 'NOUN+NSUFF', 'V+PRON', 'PREP+NOUN']",Syria
257,258,@BISHA929 صباح الخير إنتي لو بفكر اعمل انفولو لاللي بتابعهم ممكن أعمل انفولو إلهم كلهم ماعدا إنتي عنجد بحكي لانو انتي انسان صريح وواضح كتير,"['@BISHA929', 'صباح', 'الخير', 'إنتي', 'لو', 'بفكر', 'اعمل', 'انفولو', 'لاللي', 'بتابعهم', 'ممكن', 'أعمل', 'انفولو', 'إلهم', 'كلهم', 'ماعدا', 'إنتي', 'عنجد', 'بحكي', 'لانو', 'انتي', 'انسان', 'صريح', 'وواضح', 'كتير']","['MENTION', 'NOUN', 'DET+NOUN', 'PRON', 'PART', 'PROG_PART+V', 'V', 'NOUN', 'PREP+DET+PART', 'PROG_PART+V+PRON', 'ADJ', 'V', 'NOUN', 'PREP+PRON', 'NOUN+PRON', 'PART+NOUN', 'PRON', 'PREP+NOUN', 'PROG_PART+V', 'PREP+PART+PRON', 'PRON', 'NOUN', 'ADJ', 'CONJ+NOUN', 'ADJ']",Syria
258,259,لك طعموه 0 0 شبعولو عينو 0 0 لك بلا حق برميل واشترولو بئلاوة ، مو حلوة بحقك 0 0 سيادتك ! ! http://t.co/QrarVUM6mS,"['لك', 'طعموه', '0', '0', 'شبعولو', 'عينو', '0', '0', 'لك', 'بلا', 'حق', 'برميل', 'واشترولو', 'بئلاوة', '،', 'مو', 'حلوة', 'بحقك', '0', '0', 'سيادتك', '!', '!', 'http://t.co/QrarVUM6mS']","['PREP+PRON', 'V+PRON+PRON', 'PUNC', 'PUNC', 'V+PRON+PREP+PRON', 'NOUN+PRON', 'PUNC', 'PUNC', 'PREP+PRON', 'PART', 'NOUN', 'NOUN', 'CONJ+V+PRON+PREP+PRON', 'NOUN+NSUFF', 'PUNC', 'PART', 'ADJ+NSUFF', 'PREP+NOUN+PRON', 'PUNC', 'PUNC', 'NOUN+NSUFF+PRON', 'PUNC', 'PUNC', 'URL']",Yemen
259,260,يمكن ما بفهم كتير بالسياسة 0 0 0 لكن بعرف انو هودي هني الأبطال http://t.co/ZbIg9yjrc7,"['يمكن', 'ما', 'بفهم', 'كتير', 'بالسياسة', '0', '0', '0', 'لكن', 'بعرف', 'انو', 'هودي', 'هني', 'الأبطال', 'http://t.co/ZbIg9yjrc7']","['V', 'PART', 'PROG_PART+V', 'ADJ', 'PREP+DET+NOUN+NSUFF', 'PUNC', 'PUNC', 'PUNC', 'PART', 'PROG_PART+V', 'PART+PRON', 'PRON', 'PRON', 'DET+NOUN', 'URL']",Lebanon
260,261,اللي بيقهرك أن بعض الحواجز فيها عساكر عم يغنوا ويلا أرحل يا بشار هاد بتحتار فيه تقوصوا لترتاح من التشبيح ولا تغتي معوا ويقوصك #Syria,"['اللي', 'بيقهرك', 'أن', 'بعض', 'الحواجز', 'فيها', 'عساكر', 'عم', 'يغنوا', 'ويلا', 'أرحل', 'يا', 'بشار', 'هاد', 'بتحتار', 'فيه', 'تقوصوا', 'لترتاح', 'من', 'التشبيح', 'ولا', 'تغتي', 'معوا', 'ويقوصك', '#Syria']","['PART', 'PROG_PART+V+PRON', 'PART', 'NOUN', 'DET+NOUN', 'PREP+PRON', 'NOUN', 'PART', 'V+PRON', 'CONJ+PART', 'V', 'PART', 'NOUN', 'PRON', 'PROG_PART+V', 'PREP+PRON', 'V+PRON', 'PREP+V', 'PREP', 'DET+NOUN', 'CONJ+PART', 'V', 'NOUN+PRON', 'CONJ+V+PRON', 'HASH']",Syria
261,262,@miral_ibrahim @ali_khierbeck لك انشالله بتئبروني انتو الحوز ربي مايحرمني منكن,"['@miral_ibrahim', '@ali_khierbeck', 'لك', 'انشالله', 'بتئبروني', 'انتو', 'الحوز', 'ربي', 'مايحرمني', 'منكن']","['MENTION', 'MENTION', 'PREP+PRON', 'PART+V+NOUN', 'PROG_PART+V+PRON+PRON', 'PRON', 'DET+NOUN', 'NOUN+PRON', 'PART+V+PRON', 'PREP+PRON']",Syria
262,263,@Slav20111 @Aya201555 شوشايفتينا عم نشد شعر بعض شي حتى عم نتخانق :-\,"['@Slav20111', '@Aya201555', 'شوشايفتينا', 'عم', 'نشد', 'شعر', 'بعض', 'شي', 'حتى', 'عم', 'نتخانق', ':-\\']","['MENTION', 'MENTION', 'PART+ADJ+PRON+PRON', 'PART', 'V', 'NOUN', 'NOUN', 'NOUN', 'PART', 'PART', 'V', 'EMOT']",Syria
263,264,@AssafSalim انا مش خايفة عالفن طالما فيه مبدع اسمه سليم عساف ، يا ريت تضمد جروحنا بالمزيد ، شكرا سليم على هالعمل الرائع 0,"['@AssafSalim', 'انا', 'مش', 'خايفة', 'عالفن', 'طالما', 'فيه', 'مبدع', 'اسمه', 'سليم', 'عساف', '،', 'يا', 'ريت', 'تضمد', 'جروحنا', 'بالمزيد', '،', 'شكرا', 'سليم', 'على', 'هالعمل', 'الرائع', '0']","['MENTION', 'PRON', 'PART', 'ADJ+NSUFF', 'PREP+DET+NOUN', 'PART', 'ADV', 'ADJ', 'NOUN+PRON', 'NOUN', 'NOUN', 'PUNC', 'PART', 'NOUN', 'V', 'NOUN+PRON', 'PREP+DET+NOUN', 'PUNC', 'NOUN+CASE', 'NOUN', 'PREP', 'PRON+DET+NOUN', 'DET+ADJ', 'PUNC']",Syria
264,265,عمار هذا اقل شي ممكن اعملو اني كون معكم وادعمكن ، انتو أهلي وأخواتي ومواهب برفع فيها راسي وبفتخر انو سوريا تمتلك هيك طاقات وقدرات ناطرينكن,"['عمار', 'هذا', 'اقل', 'شي', 'ممكن', 'اعملو', 'اني', 'كون', 'معكم', 'وادعمكن', '،', 'انتو', 'أهلي', 'وأخواتي', 'ومواهب', 'برفع', 'فيها', 'راسي', 'وبفتخر', 'انو', 'سوريا', 'تمتلك', 'هيك', 'طاقات', 'وقدرات', 'ناطرينكن']","['NOUN', 'PRON', 'ADJ', 'NOUN', 'ADJ', 'V+PRON', 'PART+PRON', 'V', 'NOUN+PRON', 'CONJ+V+PRON', 'PUNC', 'PRON', 'NOUN+PRON', 'CONJ+NOUN+NSUFF+PRON', 'CONJ+NOUN', 'PROG_PART+V', 'PREP+PRON', 'NOUN+PRON', 'CONJ+PROG_PART+V', 'PART+PRON', 'NOUN', 'V', 'ADV', 'NOUN+NSUFF', 'CONJ+NOUN+NSUFF', 'V+PRON+PRON']",Syria
265,266,#هديك_اللحظة لما بتكون شب بتميل ع الحيط بتهدوا 0 0 وأمك بتقول لحالها : لو كان بنت كنت ع الأقلية جوزتها وحطيت همي بقلب غيري 0 0 ونفس الحكي ع البنت,"['#هديك_اللحظة', 'لما', 'بتكون', 'شب', 'بتميل', 'ع', 'الحيط', 'بتهدوا', '0', '0', 'وأمك', 'بتقول', 'لحالها', ':', 'لو', 'كان', 'بنت', 'كنت', 'ع', 'الأقلية', 'جوزتها', 'وحطيت', 'همي', 'بقلب', 'غيري', '0', '0', 'ونفس', 'الحكي', 'ع', 'البنت']","['HASH', 'PART', 'PROG_PART+V', 'NOUN', 'PROG_PART+V', 'PREP', 'DET+NOUN', 'PROG_PART+V+PRON', 'PUNC', 'PUNC', 'CONJ+NOUN+PRON', 'PROG_PART+V', 'PREP+NOUN+PRON', 'PUNC', 'PART', 'V', 'NOUN', 'V+PRON', 'PREP', 'DET+NOUN+NSUFF', 'V+PRON+PRON', 'CONJ+V+PRON', 'NOUN+PRON', 'PREP+NOUN', 'NOUN+PRON', 'PUNC', 'PUNC', 'CONJ+NOUN', 'DET+NOUN', 'PREP', 'DET+NOUN']",Syria
266,267,وألف تحية وتحية لالشعب السوري اللي بيحب الحياة ولسه عم يأركل والضرب شغال 👍 😊,"['وألف', 'تحية', 'وتحية', 'لالشعب', 'السوري', 'اللي', 'بيحب', 'الحياة', 'ولسه', 'عم', 'يأركل', 'والضرب', 'شغال', '👍', '😊']","['CONJ+NUM', 'NOUN+NSUFF', 'CONJ+NOUN+NSUFF', 'PREP+DET+NOUN', 'DET+ADJ', 'PART', 'PROG_PART+V', 'DET+NOUN+NSUFF', 'CONJ+ADV', 'PART', 'V', 'CONJ+DET+NOUN', 'ADJ', 'EMOT', 'EMOT']",Jordan
267,268,@MrElJawad الكاريزما وحدة من ادواتو وهون فينا نفهم ليه كتير فنانين أصواتهن حلوة ومدعومين وما صاروا سوبر ستارز,"['@MrElJawad', 'الكاريزما', 'وحدة', 'من', 'ادواتو', 'وهون', 'فينا', 'نفهم', 'ليه', 'كتير', 'فنانين', 'أصواتهن', 'حلوة', 'ومدعومين', 'وما', 'صاروا', 'سوبر', 'ستارز']","['MENTION', 'PREP+PRON', 'NOUN+NSUFF', 'PREP', 'NOUN+PRON', 'CONJ+ADV', 'PREP+PRON', 'V', 'PART', 'ADJ', 'NOUN+NSUFF', 'NOUN+PRON', 'ADJ+NSUFF', 'CONJ+NOUN+NSUFF', 'CONJ+PART', 'V+PRON', 'NOUN', 'NOUN']",Syria
268,269,inn _ aljadeed @FouadYammine جرحتلو مشاعروو بسس ! يي عليكي دير 😝,"['inn', '_', 'aljadeed', '@FouadYammine', 'جرحتلو', 'مشاعروو', 'بسس', '!', 'يي', 'عليكي', 'دير', '😝']","['FOREIGN', 'PUNC', 'FOREIGN', 'MENTION', 'V+PRON+PREP+PRON', 'NOUN+PRON', 'ADV', 'PUNC', 'ADV', 'PREP+PRON', 'V', 'EMOT']",Lebanon
269,270,@RitaGSalameh ههههه التنين سوا بس طبعا لازم ما ننسى الاغلاظ صديقتي دفع ثمنها ابرياء من الشعب اللبناني بالنهاية الكل ما قصر وقتا,"['@RitaGSalameh', 'ههههه', 'التنين', 'سوا', 'بس', 'طبعا', 'لازم', 'ما', 'ننسى', 'الاغلاظ', 'صديقتي', 'دفع', 'ثمنها', 'ابرياء', 'من', 'الشعب', 'اللبناني', 'بالنهاية', 'الكل', 'ما', 'قصر', 'وقتا']","['MENTION', 'EMOT', 'DET+NOUN', 'ADV', 'PART', 'NOUN+CASE', 'ADJ', 'PART', 'V', 'DET+NOUN', 'NOUN+NSUFF+PRON', 'V', 'NOUN+PRON', 'NOUN', 'PREP', 'DET+NOUN', 'DET+ADJ', 'PREP+DET+NOUN+NSUFF', 'DET+NOUN', 'PART', 'V', 'NOUN+PRON']",Lebanon
270,271,"عزيزي المشنوق 0 0 بلا تمثيلك انو زعلان عل انفجار 0 0 اذا انت نسيت ابنك لي صرخ من ساحة الشهداء بدنا نطعميكن لالكلاب يا شيعة "" نحن ما نسينا","['عزيزي', 'المشنوق', '0', '0', 'بلا', 'تمثيلك', 'انو', 'زعلان', 'عل', 'انفجار', '0', '0', 'اذا', 'انت', 'نسيت', 'ابنك', 'لي', 'صرخ', 'من', 'ساحة', 'الشهداء', 'بدنا', 'نطعميكن', 'لالكلاب', 'يا', 'شيعة', '""', 'نحن', 'ما', 'نسينا']","['NOUN+PRON', 'DET+ADJ', 'PUNC', 'PUNC', 'PART', 'NOUN+PRON', 'PART+PRON', 'ADJ', 'PREP+DET', 'NOUN', 'PUNC', 'PUNC', 'NOUN', 'PRON', 'V+PRON', 'NOUN+PRON', 'PART', 'V', 'PREP', 'NOUN+NSUFF', 'DET+NOUN', 'NOUN+PRON', 'V+PRON', 'PREP+DET+NOUN', 'PART', 'ADJ+NSUFF', 'PUNC', 'PRON', 'PART', 'V+PRON']",Sudan
271,272,منتبهين انو المسلحين عندن زخيرة إمتدت على تسعة ايام ! ! و بعلم الاجهزة الامنية و الجيش 0 0 دولة تجار دم #lebanon #tripolilb #بحب_بطرابلس,"['منتبهين', 'انو', 'المسلحين', 'عندن', 'زخيرة', 'إمتدت', 'على', 'تسعة', 'ايام', '!', '!', 'و', 'بعلم', 'الاجهزة', 'الامنية', 'و', 'الجيش', '0', '0', 'دولة', 'تجار', 'دم', '#lebanon', '#tripolilb', '#بحب_بطرابلس']","['NOUN+PRON', 'PART+PRON', 'DET+NOUN+NSUFF', 'NOUN+PRON', 'NOUN+NSUFF', 'V+PRON', 'PREP', 'NUM+NSUFF', 'NOUN', 'PUNC', 'PUNC', 'CONJ', 'PREP+NOUN', 'DET+NOUN+NSUFF', 'DET+NOUN+NSUFF', 'CONJ', 'DET+NOUN', 'PUNC', 'PUNC', 'NOUN+NSUFF', 'NOUN', 'NOUN', 'HASH', 'HASH', 'HASH']",Lebanon
272,273,http://t.co/k6eCaIyUbj شباب بلشوا القوات حملة تصويت ونزلت النتيجة لو سمحتوا بدنا حملة رتويت وتصويت بليز,"['http://t.co/k6eCaIyUbj', 'شباب', 'بلشوا', 'القوات', 'حملة', 'تصويت', 'ونزلت', 'النتيجة', 'لو', 'سمحتوا', 'بدنا', 'حملة', 'رتويت', 'وتصويت', 'بليز']","['URL', 'NOUN', 'V+PRON', 'DET+NOUN+NSUFF', 'NOUN+NSUFF', 'NOUN', 'CONJ+V+PRON', 'DET+NOUN+NSUFF', 'PART', 'V+PRON+PRON', 'NOUN+PRON', 'NOUN+NSUFF', 'NOUN', 'CONJ+NOUN', 'NOUN']",Syria
273,274,@rosealita89 منيحة لا تشغلي بالك اهم شيء شدي حالك ياقلبي الله الله بمرتبة الشرف انتي قدها وقدود,"['@rosealita89', 'منيحة', 'لا', 'تشغلي', 'بالك', 'اهم', 'شيء', 'شدي', 'حالك', 'ياقلبي', 'الله', 'الله', 'بمرتبة', 'الشرف', 'انتي', 'قدها', 'وقدود']","['MENTION', 'ADJ+NSUFF', 'PART', 'V+PRON', 'NOUN+PRON', 'ADJ', 'NOUN', 'V+PRON', 'NOUN+PRON', 'PART+NOUN+PRON', 'NOUN', 'NOUN', 'PREP+NOUN+NSUFF', 'DET+NOUN', 'PRON', 'NOUN+PRON', 'CONJ+NOUN']",Saudi Arabia
274,275,انا : الله يخليكي لأهلك 0 .. هي : يا خييي حرام عليك لك عنسنا من ورا دعاويكن ! ! #هلوسات_مسائية,"['انا', ':', 'الله', 'يخليكي', 'لأهلك', '0', '..', 'هي', ':', 'يا', 'خييي', 'حرام', 'عليك', 'لك', 'عنسنا', 'من', 'ورا', 'دعاويكن', '!', '!', '#هلوسات_مسائية']","['PRON', 'PUNC', 'NOUN', 'V+PRON', 'PREP+NOUN+PRON', 'PUNC', 'PUNC', 'PRON', 'PUNC', 'PART', 'NOUN+PRON', 'NOUN', 'PREP+PRON', 'PART', 'V+PRON', 'PREP', 'NOUN', 'NOUN+PRON', 'PUNC', 'PUNC', 'HASH']",Yemen
275,276,أمانة آخر واحد بيترك البلد يطفي ضو المطار و يسكر الباب وراه هوي و رايح via @rasha_elali #لبنان #Lebanon,"['أمانة', 'آخر', 'واحد', 'بيترك', 'البلد', 'يطفي', 'ضو', 'المطار', 'و', 'يسكر', 'الباب', 'وراه', 'هوي', 'و', 'رايح', 'via', '@rasha_elali', '#لبنان', '#Lebanon']","['NOUN+NSUFF', 'NOUN', 'NOUN', 'FUT_PART+V', 'DET+NOUN', 'V+PRON', 'NOUN', 'DET+NOUN', 'CONJ', 'V', 'DET+NOUN', 'NOUN+PRON', 'PRON', 'CONJ', 'V', 'FOREIGN', 'MENTION', 'HASH', 'HASH']",Lebanon
276,277,تفضلو القعدة عامره مع خيي ونربيش الاركيله اللي ما شاله من تمه من اول ما وصل http://t.co/GT7eS9L1iJ,"['تفضلو', 'القعدة', 'عامره', 'مع', 'خيي', 'ونربيش', 'الاركيله', 'اللي', 'ما', 'شاله', 'من', 'تمه', 'من', 'اول', 'ما', 'وصل', 'http://t.co/GT7eS9L1iJ']","['V+PRON', 'DET+NOUN+NSUFF', 'ADJ+NSUFF', 'NOUN', 'NOUN+PRON', 'CONJ+NOUN', 'DET+NOUN+NSUFF', 'PART', 'PART', 'V+PRON', 'PREP', 'NOUN+PRON', 'PREP', 'ADJ', 'PART', 'V', 'URL']",Yemen
277,278,#bbeirut #lbcsat @DarineHamze لقاء بسيط وجميل وكالعادة دارين طالعة حلوة موفقة بأعمالك الجديدة لكن ماقلتي شو أسم الفلم الي من أنتاجك,"['#bbeirut', '#lbcsat', '@DarineHamze', 'لقاء', 'بسيط', 'وجميل', 'وكالعادة', 'دارين', 'طالعة', 'حلوة', 'موفقة', 'بأعمالك', 'الجديدة', 'لكن', 'ماقلتي', 'شو', 'أسم', 'الفلم', 'الي', 'من', 'أنتاجك']","['HASH', 'HASH', 'MENTION', 'NOUN', 'ADJ', 'CONJ+ADJ', 'CONJ+PREP+DET+NOUN+NSUFF', 'NOUN', 'ADJ+NSUFF', 'ADJ+NSUFF', 'ADJ+NSUFF', 'PREP+NOUN+PRON', 'DET+ADJ+NSUFF', 'PART', 'PART+V+PRON', 'PART', 'NOUN', 'DET+NOUN', 'PART', 'PREP', 'NOUN+PRON']",Jordan
278,279,ماتزعل إذا نسيوك 0 .. بكرا إذا بدون منك شي دغري بيتذكروك ! !,"['ماتزعل', 'إذا', 'نسيوك', '0', '..', 'بكرا', 'إذا', 'بدون', 'منك', 'شي', 'دغري', 'بيتذكروك', '!', '!']","['PART+V', 'NOUN', 'V+PRON+PRON', 'PUNC', 'PUNC', 'NOUN', 'NOUN', 'NOUN+PRON', 'PREP+PRON', 'NOUN', 'ADJ', 'FUT_PART+V+PRON+PRON', 'PUNC', 'PUNC']",Syria
279,280,اوقات بس تمرق شاحنة الزبالة بيجي على بالي قول لبعض الناس قومو اجا الباص تبعكن,"['اوقات', 'بس', 'تمرق', 'شاحنة', 'الزبالة', 'بيجي', 'على', 'بالي', 'قول', 'لبعض', 'الناس', 'قومو', 'اجا', 'الباص', 'تبعكن']","['NOUN', 'ADV', 'V', 'NOUN+NSUFF', 'DET+NOUN+NSUFF', 'PROG_PART+V', 'PREP', 'NOUN+PRON', 'V', 'PREP+NOUN', 'DET+NOUN', 'V+PRON', 'V', 'DET+NOUN', 'NOUN+PRON']",Jordan
280,281,@eyas_syrian والله طب في ضيوف في لبنان و الأردن عم بموتو بلا حصار يجربو كرم الضيافة معون شي مرة,"['@eyas_syrian', 'والله', 'طب', 'في', 'ضيوف', 'في', 'لبنان', 'و', 'الأردن', 'عم', 'بموتو', 'بلا', 'حصار', 'يجربو', 'كرم', 'الضيافة', 'معون', 'شي', 'مرة']","['MENTION', 'CONJ+NOUN', 'ADJ', 'PREP', 'NOUN', 'PREP', 'NOUN', 'CONJ', 'DET+NOUN', 'PART', 'PROG_PART+V+PRON', 'PART', 'NOUN', 'V+PRON', 'NOUN', 'DET+NOUN+NSUFF', 'NOUN+PRON', 'NOUN', 'NOUN+NSUFF']",Lebanon
281,282,@mohannad_yasin1 لك ال في ناس طلع هدفه حياتهم تسلل بسب البوط العسكري ههههههه,"['@mohannad_yasin1', 'لك', 'ال', 'في', 'ناس', 'طلع', 'هدفه', 'حياتهم', 'تسلل', 'بسب', 'البوط', 'العسكري', 'ههههههه']","['MENTION', 'PART', 'V', 'PREP', 'NOUN', 'V', 'NOUN+PRON', 'NOUN+NSUFF+PRON', 'NOUN', 'PREP+NOUN', 'DET+NOUN', 'DET+ADJ', 'EMOT']",Saudi Arabia
282,283,الا احساسك دخيلك ! لا تجامل يوم فيہ ، لا تبين لي انجذاب وانت في قلبك نفور ؟ ارتجيك بكل غالي ف حيااتك وانتخيہ كان ما ودك تصارح لا تزيف,"['الا', 'احساسك', 'دخيلك', '!', 'لا', 'تجامل', 'يوم', 'فيہ', '،', 'لا', 'تبين', 'لي', 'انجذاب', 'وانت', 'في', 'قلبك', 'نفور', '؟', 'ارتجيك', 'بكل', 'غالي', 'ف', 'حيااتك', 'وانتخيہ', 'كان', 'ما', 'ودك', 'تصارح', 'لا', 'تزيف']","['PART', 'NOUN+PRON', 'NOUN+NSUFF', 'PUNC', 'PART', 'V', 'NOUN', 'PREP+PRON', 'PUNC', 'PART', 'V', 'PREP+PRON', 'NOUN', 'CONJ+PRON', 'PREP', 'NOUN+PRON', 'NOUN', 'PUNC', 'V+PRON', 'PREP+NOUN', 'NOUN', 'PREP', 'NOUN+NSUFF+PRON', 'CONJ+V+PRON', 'V', 'PART', 'V+PRON', 'V', 'PART', 'V']",Yemen
283,284,@jory8080 والله رح يتعذب ويحترق 0 0 متل ما احترق قلب كل أم شهيد الله لا يرحمه لا عايش ولا ميت,"['@jory8080', 'والله', 'رح', 'يتعذب', 'ويحترق', '0', '0', 'متل', 'ما', 'احترق', 'قلب', 'كل', 'أم', 'شهيد', 'الله', 'لا', 'يرحمه', 'لا', 'عايش', 'ولا', 'ميت']","['MENTION', 'CONJ+NOUN', 'FUT_PART', 'V', 'CONJ+V', 'PUNC', 'PUNC', 'NOUN', 'PART', 'V', 'NOUN', 'NOUN', 'NOUN', 'NOUN', 'NOUN', 'PART', 'V+PRON', 'PART', 'ADJ', 'CONJ+PART', 'ADJ']",Syria
284,285,#بعترف_انو انا ما اخترتك الله اختارك إلي و من حسن حظي انو الله بيحبني 0 0 0 و شو ما صار بيناتنا انت احلا شي مر بحياتي,"['#بعترف_انو', 'انا', 'ما', 'اخترتك', 'الله', 'اختارك', 'إلي', 'و', 'من', 'حسن', 'حظي', 'انو', 'الله', 'بيحبني', '0', '0', '0', 'و', 'شو', 'ما', 'صار', 'بيناتنا', 'انت', 'احلا', 'شي', 'مر', 'بحياتي']","['HASH', 'PRON', 'PART', 'V+PRON+PRON', 'NOUN', 'V+PRON', 'PREP+PRON', 'CONJ', 'PREP', 'NOUN', 'NOUN+PRON', 'PART+PRON', 'NOUN', 'PROG_PART+V+PRON', 'PUNC', 'PUNC', 'PUNC', 'CONJ', 'PART', 'PART', 'V', 'NOUN+PRON', 'PRON', 'ADJ', 'NOUN', 'V', 'PREP+NOUN+NSUFF+PRON']",Jordan
285,286,@Ghada__syria حلو المهم تمشي امورك انا ما كنت ع النت اول ماشفتا جاوبتك,"['@Ghada__syria', 'حلو', 'المهم', 'تمشي', 'امورك', 'انا', 'ما', 'كنت', 'ع', 'النت', 'اول', 'ماشفتا', 'جاوبتك']","['MENTION', 'ADJ', 'DET+NOUN', 'V+PRON', 'NOUN+PRON', 'PRON', 'PART', 'V+PRON', 'PREP', 'DET+NOUN', 'ADJ', 'PART+V+PRON', 'V+PRON+PRON']",Iraq
286,287,#شي_مرة شي مرتين شي تلات مرات كنت بدي انطق وعبر وبطلت,"['#شي_مرة', 'شي', 'مرتين', 'شي', 'تلات', 'مرات', 'كنت', 'بدي', 'انطق', 'وعبر', 'وبطلت']","['HASH', 'NOUN', 'NOUN+NSUFF+NSUFF', 'NOUN', 'NUM', 'NOUN+NSUFF', 'V+PRON', 'NOUN+PRON', 'V', 'CONJ+V', 'CONJ+V+PRON']",Syria
287,288,@ZinabOussama زينب انا التوصل مع ميساء عندي رقم ميساء اذا بدك اعطيك بس اعملي فولو لي عشان تعرفي هذي مو ميساء,"['@ZinabOussama', 'زينب', 'انا', 'التوصل', 'مع', 'ميساء', 'عندي', 'رقم', 'ميساء', 'اذا', 'بدك', 'اعطيك', 'بس', 'اعملي', 'فولو', 'لي', 'عشان', 'تعرفي', 'هذي', 'مو', 'ميساء']","['MENTION', 'NOUN', 'PRON', 'DET+NOUN', 'NOUN', 'NOUN', 'NOUN+PRON', 'NOUN', 'NOUN', 'NOUN', 'NOUN+PRON', 'V+PRON', 'PART', 'V+PRON', 'NOUN', 'PREP+PRON', 'PART', 'V+PRON', 'PRON', 'PART', 'NOUN']",Jordan
288,289,at @Victory96 @Rawnda00 يا الله شو شتقتلها 0 0 حبيبتي ريم طلي علينا ولو حتي بسلام اشتقنا وﻻ صبر لنا منحبك,"['at', '@Victory96', '@Rawnda00', 'يا', 'الله', 'شو', 'شتقتلها', '0', '0', 'حبيبتي', 'ريم', 'طلي', 'علينا', 'ولو', 'حتي', 'بسلام', 'اشتقنا', 'وﻻ', 'صبر', 'لنا', 'منحبك']","['FOREIGN', 'MENTION', 'MENTION', 'PART', 'NOUN', 'PART', 'V+PREP+PRON', 'PUNC', 'PUNC', 'NOUN+PRON', 'NOUN', 'V+PRON', 'PREP+PRON', 'CONJ+PART', 'PART', 'PREP+NOUN', 'V+PRON', 'CONJ+PART', 'NOUN', 'PREP+PRON', 'PROG_PART+V+PRON']",Oman
289,290,@BISHA929 يسعد لي روحك ام سيمور : ) بس شو يعني اسم ابني سيمور ؟ ما تحكي لي نوع من انواع الورد 0 0 شبعنا منها هاي هههههههههههه,"['@BISHA929', 'يسعد', 'لي', 'روحك', 'ام', 'سيمور', ':', ')', 'بس', 'شو', 'يعني', 'اسم', 'ابني', 'سيمور', '؟', 'ما', 'تحكي', 'لي', 'نوع', 'من', 'انواع', 'الورد', '0', '0', 'شبعنا', 'منها', 'هاي', 'هههههههههههه']","['MENTION', 'V', 'PREP+PRON', 'NOUN+PRON', 'NOUN', 'NOUN', 'PUNC', 'PUNC', 'PART', 'PART', 'V', 'NOUN', 'NOUN+PRON', 'NOUN', 'PUNC', 'PART', 'V', 'PREP+PRON', 'NOUN', 'PREP', 'PREP', 'DET+NOUN', 'PUNC', 'PUNC', 'V+PRON', 'PREP+PRON', 'PRON', 'EMOT']",Jordan
290,291,مع احترامي لجميع المدرسين الي درسوني و الي معظمهن كنت و لساتني بحبهن حب كبير بس هالعيد مو عيدكن يا ريت يعملولكن عيد المدرس #قم_للمعلم,"['مع', 'احترامي', 'لجميع', 'المدرسين', 'الي', 'درسوني', 'و', 'الي', 'معظمهن', 'كنت', 'و', 'لساتني', 'بحبهن', 'حب', 'كبير', 'بس', 'هالعيد', 'مو', 'عيدكن', 'يا', 'ريت', 'يعملولكن', 'عيد', 'المدرس', '#قم_للمعلم']","['NOUN', 'NOUN+PRON', 'PREP+NOUN', 'DET+NOUN+NSUFF', 'PART', 'V+PRON+PRON', 'CONJ', 'PART', 'NOUN+PRON', 'V+PRON', 'CONJ', 'ADV+PRON', 'PROG_PART+V+PRON', 'NOUN', 'ADJ', 'PART', 'PRON+DET+NOUN', 'PART', 'NOUN+PRON', 'PART', 'NOUN', 'V+PRON+PREP+PRON', 'NOUN', 'DET+NOUN', 'HASH']",Syria
291,292,يالطيف شو صاير فينا حتى ع التويتر ماعاد حدا تحمل حدا 0 0 الكل صاير مثل الكبريت فورا بتولع ههههههه,"['يالطيف', 'شو', 'صاير', 'فينا', 'حتى', 'ع', 'التويتر', 'ماعاد', 'حدا', 'تحمل', 'حدا', '0', '0', 'الكل', 'صاير', 'مثل', 'الكبريت', 'فورا', 'بتولع', 'ههههههه']","['PART+NOUN', 'PART', 'ADJ', 'PREP+PRON', 'PART', 'PREP', 'DET+NOUN', 'PART+V', 'NOUN', 'V', 'NOUN', 'PUNC', 'PUNC', 'DET+NOUN', 'ADJ', 'NOUN', 'PREP+PRON', 'ADJ+CASE', 'PROG_PART+V', 'EMOT']",Syria
292,293,الجيش اللبناني شد الهمي و خلي الدنيا تشعل نار ارزتك عالية فوق القمة الجيش اللبناني يا جبار !,"['الجيش', 'اللبناني', 'شد', 'الهمي', 'و', 'خلي', 'الدنيا', 'تشعل', 'نار', 'ارزتك', 'عالية', 'فوق', 'القمة', 'الجيش', 'اللبناني', 'يا', 'جبار', '!']","['DET+NOUN', 'DET+ADJ', 'V', 'DET+NOUN+NSUFF', 'CONJ', 'V', 'DET+NOUN', 'V', 'NOUN', 'NOUN+NSUFF+PRON', 'ADJ+NSUFF', 'NOUN', 'DET+NOUN+NSUFF', 'DET+NOUN', 'DET+ADJ', 'PART', 'ADJ', 'PUNC']",Tunisia
293,294,#إعتقاد لو ربيت بنتك وأنشأتها على انه تكون قد قوية وقد حالا 0 0 رح تسمحلا وتشجعا حتى انه تطلع وتسافر وتكمل دراستا برا وقلبك مرتاح ومبسوط,"['#إعتقاد', 'لو', 'ربيت', 'بنتك', 'وأنشأتها', 'على', 'انه', 'تكون', 'قد', 'قوية', 'وقد', 'حالا', '0', '0', 'رح', 'تسمحلا', 'وتشجعا', 'حتى', 'انه', 'تطلع', 'وتسافر', 'وتكمل', 'دراستا', 'برا', 'وقلبك', 'مرتاح', 'ومبسوط']","['HASH', 'PART', 'V+PRON', 'NOUN+PRON', 'CONJ+V+PRON+PRON', 'PREP', 'PART+PRON', 'V', 'NOUN', 'ADJ+NSUFF', 'CONJ+NOUN', 'NOUN+PRON', 'PUNC', 'PUNC', 'FUT_PART', 'V+PREP+PRON', 'CONJ+V+PRON', 'PART', 'PART+PRON', 'V', 'CONJ+V', 'CONJ+V', 'NOUN+NSUFF+PRON', 'NOUN', 'CONJ+NOUN+PRON', 'ADJ', 'CONJ+ADJ']",Syria
294,295,#فيي_عادة اني بعامل الناس متل ما بتعاملني كما تراني يا جميل أراك,"['#فيي_عادة', 'اني', 'بعامل', 'الناس', 'متل', 'ما', 'بتعاملني', 'كما', 'تراني', 'يا', 'جميل', 'أراك']","['HASH', 'PART+PRON', 'PROG_PART+V', 'DET+NOUN', 'NOUN', 'PART', 'PROG_PART+V+PRON', 'PART', 'V+PRON', 'PART', 'ADJ', 'V+PRON']",Lebanon
295,296,الحل ليس بيد الجربا أو بيد بديل الجربا … الحل بيد الدول العرصات أصدقاء الشعب السوري يلي عم يشتغلوا بالبلد #نطالب_الجربا_بتقديم_استقالته,"['الحل', 'ليس', 'بيد', 'الجربا', 'أو', 'بيد', 'بديل', 'الجربا', '…', 'الحل', 'بيد', 'الدول', 'العرصات', 'أصدقاء', 'الشعب', 'السوري', 'يلي', 'عم', 'يشتغلوا', 'بالبلد', '#نطالب_الجربا_بتقديم_استقالته']","['DET+NOUN', 'PART', 'PREP+NOUN', 'DET+NOUN', 'CONJ', 'PREP+NOUN', 'NOUN', 'DET+NOUN', 'PUNC', 'DET+NOUN', 'PREP+NOUN', 'DET+NOUN', 'DET+ADJ+NSUFF', 'NOUN', 'DET+NOUN', 'DET+ADJ', 'PART', 'PART', 'V+PRON', 'PREP+DET+NOUN', 'HASH']",Syria
296,297,- قول يا علي واقتحم قول يا علي واقتحم - ولك لو بيجي علي نفسو مارح اقتحم نص مجموعتي شهدا ونصهن جرحى منقول من تردد الحزب في #القلمون اليوم,"['-', 'قول', 'يا', 'علي', 'واقتحم', 'قول', 'يا', 'علي', 'واقتحم', '-', 'ولك', 'لو', 'بيجي', 'علي', 'نفسو', 'مارح', 'اقتحم', 'نص', 'مجموعتي', 'شهدا', 'ونصهن', 'جرحى', 'منقول', 'من', 'تردد', 'الحزب', 'في', '#القلمون', 'اليوم']","['PUNC', 'V', 'PART', 'NOUN', 'CONJ+V', 'V', 'PART', 'NOUN', 'CONJ+V', 'PUNC', 'CONJ+PART', 'PART', 'PROG_PART+V', 'NOUN', 'NOUN+PRON', 'PART+FUT_PART', 'V', 'NOUN', 'NOUN+NSUFF+PRON', 'NOUN', 'CONJ+NOUN+PRON', 'NOUN', 'ADJ', 'PREP', 'NOUN', 'DET+NOUN', 'PREP', 'HASH', 'DET+NOUN']",Syria
297,298,اعترفوا انو في ناس ما بتطيقوهم وعاملينلن فولو 0 0 أنا اول اعتراف,"['اعترفوا', 'انو', 'في', 'ناس', 'ما', 'بتطيقوهم', 'وعاملينلن', 'فولو', '0', '0', 'أنا', 'اول', 'اعتراف']","['V+PRON', 'PART+PRON', 'ADV', 'NOUN', 'PART', 'PROG_PART+V+PRON+PRON', 'CONJ+ADJ+NSUFF+PREP+PRON', 'NOUN', 'PUNC', 'PUNC', 'PRON', 'ADJ', 'NOUN']",Syria
298,299,@sawsan_s1 يا جماعة دخيل الله وينكن انتو يا عفو الله شو مشتئلكن - _ _ -,"['@sawsan_s1', 'يا', 'جماعة', 'دخيل', 'الله', 'وينكن', 'انتو', 'يا', 'عفو', 'الله', 'شو', 'مشتئلكن', '-', '_', '_', '-']","['MENTION', 'PART', 'NOUN+NSUFF', 'NOUN', 'NOUN', 'PART+PRON', 'PRON', 'PART', 'NOUN', 'NOUN', 'PART', 'NOUN+PREP+PRON', 'PUNC', 'PUNC', 'PUNC', 'PUNC']",Syria
299,300,@Sandy_Madridsta ف الله يوفقك وينولك اللي براسك 0 ولاتفكري اي تفكير سلبي 0 وبعتذر عالاطاله 0 ونوم الهنا,"['@Sandy_Madridsta', 'ف', 'الله', 'يوفقك', 'وينولك', 'اللي', 'براسك', '0', 'ولاتفكري', 'اي', 'تفكير', 'سلبي', '0', 'وبعتذر', 'عالاطاله', '0', 'ونوم', 'الهنا']","['MENTION', 'PREP', 'NOUN', 'V+PRON', 'CONJ+V+PRON', 'PART', 'PREP+NOUN+PRON', 'PUNC', 'CONJ+PART+V+PRON', 'NOUN', 'NOUN', 'ADJ', 'PUNC', 'CONJ+PROG_PART+V', 'PREP+DET+NOUN+NSUFF', 'PUNC', 'CONJ+NOUN', 'DET+NOUN']",Yemen
300,301,#فيي_عادة ضل متخبي تحت الحرام لحتى ينقطع الاكسجين وبعدين بطلع باخد شوية نفس وبرجع ع نفس الحاله كرمال ما حد يشوفني ع الجوال 😅,"['#فيي_عادة', 'ضل', 'متخبي', 'تحت', 'الحرام', 'لحتى', 'ينقطع', 'الاكسجين', 'وبعدين', 'بطلع', 'باخد', 'شوية', 'نفس', 'وبرجع', 'ع', 'نفس', 'الحاله', 'كرمال', 'ما', 'حد', 'يشوفني', 'ع', 'الجوال', '😅']","['HASH', 'V', 'NOUN', 'NOUN', 'DET+NOUN', 'PREP+PART', 'V', 'DET+NOUN', 'CONJ+NOUN', 'PROG_PART+V', 'PROG_PART+V', 'NOUN+NSUFF', 'NOUN', 'CONJ+PROG_PART+V', 'PREP', 'NOUN', 'DET+NOUN+NSUFF', 'PART', 'PART', 'NOUN', 'V+PRON', 'PREP', 'DET+NOUN', 'EMOT']",Lebanon
301,302,#من_شباكي شايفة أنو في عالم كتير ماشية لأنو من لعجة بتصل مشي قبل,"['#من_شباكي', 'شايفة', 'أنو', 'في', 'عالم', 'كتير', 'ماشية', 'لأنو', 'من', 'لعجة', 'بتصل', 'مشي', 'قبل']","['HASH', 'ADJ+NSUFF', 'PART+PRON', 'ADV', 'NOUN', 'ADJ', 'ADJ+NSUFF', 'PREP+PART+PRON', 'PREP', 'NOUN+NSUFF', 'PROG_PART+V', 'NOUN', 'NOUN']",Syria
302,303,مافي اعيش الا معك مافي اكون الا الك لون عيونك غرامي دخلك صدق كلامي قلبي وروحي معك AhmadRamez95 @aummama2006,"['مافي', 'اعيش', 'الا', 'معك', 'مافي', 'اكون', 'الا', 'الك', 'لون', 'عيونك', 'غرامي', 'دخلك', 'صدق', 'كلامي', 'قلبي', 'وروحي', 'معك', 'AhmadRamez95', '@aummama2006']","['PART+PREP', 'V', 'PART', 'NOUN+PRON', 'PART+PREP', 'V', 'PART', 'PREP+PRON', 'NOUN', 'NOUN+PRON', 'ADJ', 'ADV+PRON', 'NOUN', 'NOUN+PRON', 'NOUN+PRON', 'CONJ+NOUN+PRON', 'NOUN+PRON', 'FOREIGN', 'MENTION']",Syria
303,304,@TheSyrian_Tweet #بعترف_إنو بدعيكم تجوا على طرطوس وبفتحلكم قلبي قبل بيتي أحبابي السوريين لك والله بعد البلد مافي شي - - http://t.co/Xp5ml9p04R,"['@TheSyrian_Tweet', '#بعترف_إنو', 'بدعيكم', 'تجوا', 'على', 'طرطوس', 'وبفتحلكم', 'قلبي', 'قبل', 'بيتي', 'أحبابي', 'السوريين', 'لك', 'والله', 'بعد', 'البلد', 'مافي', 'شي', '-', '-', 'http://t.co/Xp5ml9p04R']","['MENTION', 'HASH', 'PROG_PART+V+PRON', 'V+PRON', 'PREP', 'NOUN', 'CONJ+FUT_PART+V+PREP+PRON', 'NOUN+PRON', 'NOUN', 'NOUN+PRON', 'NOUN+PRON', 'DET+ADJ+NSUFF', 'PART', 'CONJ+NOUN', 'NOUN', 'DET+NOUN', 'PART+PREP', 'NOUN', 'PUNC', 'PUNC', 'URL']",Syria
304,305,@TheSyrian_Tweet #يحدث_الآن عم نتناقش انا واختي والضاهر راح نتخانق ( ( :,"['@TheSyrian_Tweet', '#يحدث_الآن', 'عم', 'نتناقش', 'انا', 'واختي', 'والضاهر', 'راح', 'نتخانق', '(', '(', ':']","['MENTION', 'HASH', 'PART', 'V', 'PRON', 'CONJ+NOUN+PRON', 'CONJ+DET+NOUN', 'FUT_PART', 'V', 'PUNC', 'PUNC', 'PUNC']",Jordan
305,306,"#SpeakUp4SyrianChildren #سوريا #syria الأماني , و الاحلام الي كانت عنا ونحنا أطفال , بالي كتير منها بيبقى 0 0 0 http://t.co/1HtsoCegcA","['#SpeakUp4SyrianChildren', '#سوريا', '#syria', 'الأماني', ',', 'و', 'الاحلام', 'الي', 'كانت', 'عنا', 'ونحنا', 'أطفال', ',', 'بالي', 'كتير', 'منها', 'بيبقى', '0', '0', '0', 'http://t.co/1HtsoCegcA']","['HASH', 'HASH', 'HASH', 'DET+NOUN', 'PUNC', 'CONJ', 'DET+NOUN', 'PART', 'V+PRON', 'NOUN', 'CONJ+PRON', 'NOUN', 'PUNC', 'NOUN+PRON', 'ADJ', 'PREP+PRON', 'PROG_PART+V', 'PUNC', 'PUNC', 'PUNC', 'URL']",Lebanon
306,307,@roritaaaaa روانتي يائلبي وانا مشتاقتلك مووووووت ليكيني هون بس حبيت ارتاح شوي من التويتر مليت منو كتير,"['@roritaaaaa', 'روانتي', 'يائلبي', 'وانا', 'مشتاقتلك', 'مووووووت', 'ليكيني', 'هون', 'بس', 'حبيت', 'ارتاح', 'شوي', 'من', 'التويتر', 'مليت', 'منو', 'كتير']","['MENTION', 'NOUN+PRON', 'PART+NOUN+PRON', 'CONJ+PRON', 'ADJ+NSUFF+PREP+PRON', 'NOUN', 'V+PRON+PRON', 'ADV', 'ADV', 'V+PRON', 'V', 'NOUN', 'PREP', 'DET+NOUN', 'V+PRON', 'PREP+PRON', 'ADJ']",Lebanon
307,308,هلأ أنا جحشة سياسة 0 0 بس بضحك لما بسمع عالاخبار عبقولو نريد من الاردن موقف وطني 0 0 😅 بقا هو شي عنجد بضحك او لا مابعرف 😆,"['هلأ', 'أنا', 'جحشة', 'سياسة', '0', '0', 'بس', 'بضحك', 'لما', 'بسمع', 'عالاخبار', 'عبقولو', 'نريد', 'من', 'الاردن', 'موقف', 'وطني', '0', '0', '😅', 'بقا', 'هو', 'شي', 'عنجد', 'بضحك', 'او', 'لا', 'مابعرف', '😆']","['NOUN', 'PRON', 'NOUN+NSUFF', 'NOUN+NSUFF', 'PUNC', 'PUNC', 'PART', 'PROG_PART+V', 'PART', 'PROG_PART+V', 'PREP+DET+NOUN', 'PREP+PROG_PART+V+PRON', 'V', 'PREP', 'DET+NOUN', 'NOUN', 'ADJ', 'PUNC', 'PUNC', 'EMOT', 'PART', 'PRON', 'NOUN', 'PREP+NOUN', 'PROG_PART+V', 'CONJ', 'PART', 'PART+PROG_PART+V', 'EMOT']",Lebanon
308,309,- وساعات تحس ان رغبتك في الحياه انعدمت ، حماسك اختفى ، مشاعرك ضاعت ، بقيت لوحدك ، وحدك معاك 0,"['-', 'وساعات', 'تحس', 'ان', 'رغبتك', 'في', 'الحياه', 'انعدمت', '،', 'حماسك', 'اختفى', '،', 'مشاعرك', 'ضاعت', '،', 'بقيت', 'لوحدك', '،', 'وحدك', 'معاك', '0']","['PUNC', 'CONJ+NOUN+NSUFF', 'V', 'PART', 'NOUN+NSUFF+PRON', 'PREP', 'DET+NOUN+NSUFF', 'V+PRON', 'PUNC', 'NOUN+PRON', 'V', 'PUNC', 'NOUN+PRON', 'V+PRON', 'PUNC', 'V+PRON', 'PREP+NOUN+PRON', 'PUNC', 'NOUN+PRON', 'NOUN+PRON', 'PUNC']",Saudi Arabia
309,310,هي معتقله هلأ ليش ما بعرف يمكن عصابات مسلحة او عم تتعامل مع إسرائيل #سوريا http://t.co/zWS07CVogR,"['هي', 'معتقله', 'هلأ', 'ليش', 'ما', 'بعرف', 'يمكن', 'عصابات', 'مسلحة', 'او', 'عم', 'تتعامل', 'مع', 'إسرائيل', '#سوريا', 'http://t.co/zWS07CVogR']","['PRON', 'ADJ+NSUFF', 'NOUN', 'PART', 'PART', 'PROG_PART+V', 'V', 'NOUN+NSUFF', 'ADJ+NSUFF', 'CONJ', 'PART', 'V', 'NOUN', 'NOUN', 'HASH', 'URL']",Syria
310,311,@I_Jaejoong ايوا في الحلقة إلا قبل 0 0 إيوا أنا كمان زيك 0 0 مررة م صدقت جلست ساعة مبلمة ع الشاشة وكنت شويا حبكي 😭 😭 😭 😭,"['@I_Jaejoong', 'ايوا', 'في', 'الحلقة', 'إلا', 'قبل', '0', '0', 'إيوا', 'أنا', 'كمان', 'زيك', '0', '0', 'مررة', 'م', 'صدقت', 'جلست', 'ساعة', 'مبلمة', 'ع', 'الشاشة', 'وكنت', 'شويا', 'حبكي', '😭', '😭', '😭', '😭']","['MENTION', 'PART', 'PREP', 'DET+NOUN+NSUFF', 'PART', 'NOUN', 'PUNC', 'PUNC', 'ADV', 'PRON', 'ADV', 'NOUN+PRON', 'PUNC', 'PUNC', 'NOUN+NSUFF', 'PART', 'V+PRON', 'V+PRON', 'NOUN+NSUFF', 'ADJ+NSUFF', 'PREP', 'DET+NOUN+NSUFF', 'CONJ+V+PRON', 'ADJ', 'FUT_PART+V', 'EMOT', 'EMOT', 'EMOT', 'EMOT']",Saudi Arabia
311,312,@hazumat اكيد بتكون حلوة بوجودك ، ، ، باذن الله الصيفية القادمة,"['@hazumat', 'اكيد', 'بتكون', 'حلوة', 'بوجودك', '،', '،', '،', 'باذن', 'الله', 'الصيفية', 'القادمة']","['MENTION', 'ADJ', 'PROG_PART+V', 'ADJ+NSUFF', 'PREP+NOUN+PRON', 'PUNC', 'PUNC', 'PUNC', 'PREP+NOUN', 'NOUN', 'DET+NOUN+NSUFF', 'DET+ADJ+NSUFF']",Saudi Arabia
312,313,@Alloushi2 خلص ولايهمك بس بدك تكتب شي ومو ملاقي 0 .. خبرني تحولك كم فكرة 0 0 0 - ),"['@Alloushi2', 'خلص', 'ولايهمك', 'بس', 'بدك', 'تكتب', 'شي', 'ومو', 'ملاقي', '0', '..', 'خبرني', 'تحولك', 'كم', 'فكرة', '0', '0', '0', '-', ')']","['MENTION', 'NOUN', 'CONJ+PART+V+PRON', 'PART', 'NOUN+PRON', 'V', 'NOUN', 'CONJ+PART', 'ADJ', 'PUNC', 'PUNC', 'V+PRON', 'V+PRON', 'NOUN', 'NOUN+NSUFF', 'PUNC', 'PUNC', 'PUNC', 'PUNC', 'PUNC']",Syria
313,314,إذا ما كان بدها ريفولوشن 0 0 صار بدها ريفولوشن يا صفية !,"['إذا', 'ما', 'كان', 'بدها', 'ريفولوشن', '0', '0', 'صار', 'بدها', 'ريفولوشن', 'يا', 'صفية', '!']","['NOUN', 'PART', 'V', 'NOUN+PRON', 'NOUN', 'PUNC', 'PUNC', 'V', 'NOUN+PRON', 'NOUN', 'PART', 'NOUN+NSUFF', 'PUNC']",Jordan
314,315,@Slav20111 ومايحرمني منك يارب انتي حياتي انتي السعادة بحد ذاتها 😚,"['@Slav20111', 'ومايحرمني', 'منك', 'يارب', 'انتي', 'حياتي', 'انتي', 'السعادة', 'بحد', 'ذاتها', '😚']","['MENTION', 'CONJ+PART+V+PRON', 'PREP+PRON', 'PART+NOUN', 'PRON', 'NOUN+NSUFF+PRON', 'PRON', 'DET+NOUN+NSUFF', 'PREP+NOUN', 'NOUN+PRON', 'EMOT']",Saudi Arabia
315,316,@mohannad_yasin1 هلا لساتنا بأول ساعة بهالشهر عم تقلي تعي الشهر الجاي عامل محاسب,"['@mohannad_yasin1', 'هلا', 'لساتنا', 'بأول', 'ساعة', 'بهالشهر', 'عم', 'تقلي', 'تعي', 'الشهر', 'الجاي', 'عامل', 'محاسب']","['MENTION', 'NOUN', 'ADV+PRON', 'PREP+ADJ', 'NOUN+NSUFF', 'PREP+PRON+DET+NOUN', 'PART', 'V+PRON', 'V+PRON', 'DET+NOUN', 'DET+ADJ', 'ADJ', 'NOUN']",Syria
316,317,#داعش #جاحش #حالش #شيعه #سنه #علوية أوكي حرقتوا البلد ، بس اتركوا الاطفال ! ! يقصف عمرك بشار,"['#داعش', '#جاحش', '#حالش', '#شيعه', '#سنه', '#علوية', 'أوكي', 'حرقتوا', 'البلد', '،', 'بس', 'اتركوا', 'الاطفال', '!', '!', 'يقصف', 'عمرك', 'بشار']","['HASH', 'HASH', 'HASH', 'HASH', 'HASH', 'HASH', 'NOUN', 'V+PRON+PRON', 'DET+NOUN', 'PUNC', 'PART', 'V+PRON', 'DET+NOUN', 'PUNC', 'PUNC', 'V', 'NOUN+PRON', 'NOUN']",Lebanon
317,318,#شي_مرة خلونا نكون سادئين ونفكر بصوت عالي مع بعض ليش هيك صار #فينا,"['#شي_مرة', 'خلونا', 'نكون', 'سادئين', 'ونفكر', 'بصوت', 'عالي', 'مع', 'بعض', 'ليش', 'هيك', 'صار', '#فينا']","['HASH', 'V+PRON+PRON', 'V', 'ADJ+PRON', 'CONJ+V', 'PREP+NOUN', 'ADJ', 'NOUN', 'NOUN', 'PART', 'ADV', 'V', 'HASH']",Syria
318,319,@lolowwesyria الله يرحم شهيد #سورية اللي غادرنا بيوم عيد الام شهيد المحراب العلامة محمد سعيد رمضان البوطي وروحو باقية معنا تحرس الوطن,"['@lolowwesyria', 'الله', 'يرحم', 'شهيد', '#سورية', 'اللي', 'غادرنا', 'بيوم', 'عيد', 'الام', 'شهيد', 'المحراب', 'العلامة', 'محمد', 'سعيد', 'رمضان', 'البوطي', 'وروحو', 'باقية', 'معنا', 'تحرس', 'الوطن']","['MENTION', 'NOUN', 'V', 'NOUN', 'HASH', 'PART', 'V+PRON', 'PREP+NOUN', 'NOUN', 'NOUN', 'NOUN', 'DET+NOUN', 'DET+ADJ+NSUFF', 'NOUN', 'NOUN', 'NOUN', 'DET+NOUN', 'CONJ+NOUN+PRON', 'ADJ+NSUFF', 'NOUN+PRON', 'V', 'DET+NOUN']",Syria
319,320,@JanaShehabe هههههههه اي حقيقة بس السوريين لاء يؤبشوني بيجننو هههه,"['@JanaShehabe', 'هههههههه', 'اي', 'حقيقة', 'بس', 'السوريين', 'لاء', 'يؤبشوني', 'بيجننو', 'هههه']","['MENTION', 'EMOT', 'NOUN', 'NOUN+NSUFF', 'PART', 'DET+ADJ+NSUFF', 'PART', 'V+PRON+PRON', 'PROG_PART+V+PRON', 'EMOT']",Lebanon
320,321,#غرد_بالسوري تشكل آسي تقبرني هيدا من الدلال السوري يلي يودي على القبر 😊,"['#غرد_بالسوري', 'تشكل', 'آسي', 'تقبرني', 'هيدا', 'من', 'الدلال', 'السوري', 'يلي', 'يودي', 'على', 'القبر', '😊']","['HASH', 'V', 'NOUN', 'V+PRON', 'PRON', 'PREP', 'DET+NOUN', 'DET+ADJ', 'PART', 'V', 'PREP', 'DET+NOUN', 'EMOT']",Lebanon
321,322,@BISHA929 اتوقع انه ماتو مشان ربن ما ماتو مشان حدا او مشان شي بالدنيا 0 0 استشهدو 0 0 من بطني عم فسر : /,"['@BISHA929', 'اتوقع', 'انه', 'ماتو', 'مشان', 'ربن', 'ما', 'ماتو', 'مشان', 'حدا', 'او', 'مشان', 'شي', 'بالدنيا', '0', '0', 'استشهدو', '0', '0', 'من', 'بطني', 'عم', 'فسر', ':', '/']","['MENTION', 'V', 'PART+PRON', 'V+PRON', 'PART', 'NOUN+PRON', 'PART', 'V+PRON', 'PART', 'NOUN', 'CONJ', 'PART', 'NOUN', 'PREP+DET+NOUN', 'PUNC', 'PUNC', 'V+PRON', 'PUNC', 'PUNC', 'PREP', 'NOUN+PRON', 'PART', 'V', 'PUNC', 'PUNC']",Syria
322,323,وأنا كل مابسمع أغنية بلاد العرب أوطاني بموووووت من الضحك ، ، بربكم أنتو مابتضحكو أي والله شي بيضحك 0 0 من باب شر البلية مايضحك وهيك يعني,"['وأنا', 'كل', 'مابسمع', 'أغنية', 'بلاد', 'العرب', 'أوطاني', 'بموووووت', 'من', 'الضحك', '،', '،', 'بربكم', 'أنتو', 'مابتضحكو', 'أي', 'والله', 'شي', 'بيضحك', '0', '0', 'من', 'باب', 'شر', 'البلية', 'مايضحك', 'وهيك', 'يعني']","['CONJ+PRON', 'NOUN', 'PART+PROG_PART+V', 'NOUN+NSUFF', 'NOUN', 'DET+NOUN', 'NOUN+PRON', 'PROG_PART+V', 'PREP', 'DET+NOUN', 'PUNC', 'PUNC', 'PREP+NOUN+PRON', 'PRON', 'PART+PROG_PART+V+PRON', 'NOUN', 'CONJ+NOUN', 'NOUN', 'PROG_PART+V', 'PUNC', 'PUNC', 'PREP', 'NOUN', 'NOUN', 'DET+NOUN+NSUFF', 'PART+V+PRON', 'CONJ+ADV', 'V']",Syria
323,324,#الذكرى_الثالثه_الثوره الذكرى الثالثة لأهلي يلي بالسجون و نص التاني يلي عم يجوع,"['#الذكرى_الثالثه_الثوره', 'الذكرى', 'الثالثة', 'لأهلي', 'يلي', 'بالسجون', 'و', 'نص', 'التاني', 'يلي', 'عم', 'يجوع']","['HASH', 'DET+NOUN', 'DET+ADJ+NSUFF', 'PREP+NOUN+PRON', 'PART', 'PREP+DET+NOUN', 'CONJ', 'NOUN', 'DET+ADJ', 'PART', 'PART', 'V']",Libya
324,325,@jory8080 @Marlow_Sy يغيب قد مابدو بس أهم شي يكون بخير : ' ( ( ( وان شالله عن قريب بيرجع يآآرب,"['@jory8080', '@Marlow_Sy', 'يغيب', 'قد', 'مابدو', 'بس', 'أهم', 'شي', 'يكون', 'بخير', ':', ""'"", '(', '(', '(', 'وان', 'شالله', 'عن', 'قريب', 'بيرجع', 'يآآرب']","['MENTION', 'MENTION', 'V', 'NOUN', 'PART+NOUN+PRON', 'PART', 'ADJ', 'NOUN', 'V', 'PREP+NOUN', 'PUNC', 'PUNC', 'PUNC', 'PUNC', 'PUNC', 'CONJ+PART', 'V+NOUN', 'PREP', 'NOUN', 'FUT_PART+V', 'PART+NOUN']",Qatar
325,326,@raneen1996h اطمني ما رح لحق لا أنا ولا أنتو لأنو أسمها #سالي_الأكول ههههههه,"['@raneen1996h', 'اطمني', 'ما', 'رح', 'لحق', 'لا', 'أنا', 'ولا', 'أنتو', 'لأنو', 'أسمها', '#سالي_الأكول', 'ههههههه']","['MENTION', 'V+PRON', 'PART', 'FUT_PART', 'V', 'PART', 'PRON', 'CONJ+PART', 'PRON', 'PREP+PART+PRON', 'NOUN+PRON', 'HASH', 'EMOT']",Syria
326,327,#شي_مرة رح فيئ الصبح بكير ، و سوق المرسيدس تبعي و روح ع الجامعة :') سنة و بتتحقق هالأمنية :'),"['#شي_مرة', 'رح', 'فيئ', 'الصبح', 'بكير', '،', 'و', 'سوق', 'المرسيدس', 'تبعي', 'و', 'روح', 'ع', 'الجامعة', "":')"", 'سنة', 'و', 'بتتحقق', 'هالأمنية', "":')""]","['HASH', 'FUT_PART', 'V', 'DET+NOUN', 'ADJ', 'PUNC', 'CONJ', 'NOUN', 'DET+NOUN', 'NOUN+PRON', 'CONJ', 'V', 'PREP', 'DET+NOUN+NSUFF', 'EMOT', 'NOUN+NSUFF', 'CONJ', 'FUT_PART+V', 'PRON+DET+NOUN+NSUFF', 'EMOT']",Syria
327,328,@HaifaWehbeFan42 @syriaassadgirl1 هههههه … قال شو مشوا على الغام وما إنفجرت ، ، ماشاء الله طيور الجنه هههههه,"['@HaifaWehbeFan42', '@syriaassadgirl1', 'هههههه', '…', 'قال', 'شو', 'مشوا', 'على', 'الغام', 'وما', 'إنفجرت', '،', '،', 'ماشاء', 'الله', 'طيور', 'الجنه', 'هههههه']","['MENTION', 'MENTION', 'EMOT', 'PUNC', 'V', 'PART', 'V+PRON', 'PREP', 'NOUN', 'CONJ+PART', 'V+PRON', 'PUNC', 'PUNC', 'PART+V', 'NOUN', 'NOUN', 'DET+NOUN+NSUFF', 'EMOT']",Saudi Arabia
328,329,ليش الواحد بيدخل ع التويتر وبيكتب ؟ لأنو ما في حدا يسمع يلي عم يكتبوا هون بالتويتر بسمعوا الكل وبيحكي مع الكل من دون ما حدا يعرفوا وهيك أحسن,"['ليش', 'الواحد', 'بيدخل', 'ع', 'التويتر', 'وبيكتب', '؟', 'لأنو', 'ما', 'في', 'حدا', 'يسمع', 'يلي', 'عم', 'يكتبوا', 'هون', 'بالتويتر', 'بسمعوا', 'الكل', 'وبيحكي', 'مع', 'الكل', 'من', 'دون', 'ما', 'حدا', 'يعرفوا', 'وهيك', 'أحسن']","['PART', 'DET+NOUN', 'PROG_PART+V', 'PREP', 'DET+NOUN', 'CONJ+PROG_PART+V', 'PUNC', 'PREP+PART+PRON', 'PART', 'ADV', 'NOUN', 'V', 'PART', 'PART', 'V+PRON', 'ADV', 'PREP+DET+NOUN', 'PROG_PART+V+PRON', 'DET+NOUN', 'CONJ+PROG_PART+V', 'NOUN', 'DET+NOUN', 'PREP', 'NOUN', 'PART', 'NOUN', 'V+PRON', 'CONJ+ADV', 'ADJ']",Syria
329,330,أحلى صبايا بالكون 0 .. كورالي 0 0 بكبر فيكن 0 0 و بحبكن كتير كتير * ليندا * Linda Bettar http://t.co/8n1BQQIc5j,"['أحلى', 'صبايا', 'بالكون', '0', '..', 'كورالي', '0', '0', 'بكبر', 'فيكن', '0', '0', 'و', 'بحبكن', 'كتير', 'كتير', '*', 'ليندا', '*', 'Linda', 'Bettar', 'http://t.co/8n1BQQIc5j']","['ADJ', 'NOUN', 'PREP+DET+NOUN', 'PUNC', 'PUNC', 'NOUN+PRON', 'PUNC', 'PUNC', 'PROG_PART+V', 'PREP+PRON', 'PUNC', 'PUNC', 'CONJ', 'PROG_PART+V+PRON', 'ADJ', 'ADJ', 'PUNC', 'NOUN', 'PUNC', 'FOREIGN', 'FOREIGN', 'URL']",Lebanon
330,331,@hala_alkaseer متابعيني بليززززز كل الي يشوف هالتغريده يصوت لهالةةة لأنها ذا فويس واللقب هي السنه سوري وقصيري ان شاءالله,"['@hala_alkaseer', 'متابعيني', 'بليززززز', 'كل', 'الي', 'يشوف', 'هالتغريده', 'يصوت', 'لهالةةة', 'لأنها', 'ذا', 'فويس', 'واللقب', 'هي', 'السنه', 'سوري', 'وقصيري', 'ان', 'شاءالله']","['MENTION', 'NOUN+NSUFF+PRON', 'ADV', 'NOUN', 'PART', 'V', 'PRON+DET+NOUN+NSUFF', 'V', 'PREP+NOUN+NSUFF', 'PREP+PART+PRON', 'DET', 'NOUN', 'CONJ+DET+NOUN', 'PRON', 'DET+NOUN+NSUFF', 'ADJ', 'CONJ+ADJ', 'PART', 'V+NOUN']",Oman
331,332,#بكره حدا يجرح بشر بكلامو ومابيقصر فيه ويجي بعدين يسالو انت زعلت ؟,"['#بكره', 'حدا', 'يجرح', 'بشر', 'بكلامو', 'ومابيقصر', 'فيه', 'ويجي', 'بعدين', 'يسالو', 'انت', 'زعلت', '؟']","['HASH', 'NOUN', 'V', 'NOUN', 'PREP+NOUN+PRON', 'CONJ+PART+PROG_PART+V', 'PREP+PRON', 'CONJ+V', 'NOUN', 'V+PRON', 'PRON', 'V+PRON', 'PUNC']",Lebanon
332,333,@TheSyrian_Tweet #بعترف انو بتردد ببعض الاوقات اعمل فولو لحدا ما بعرفو ولا لا : ( ( ( ? ?,"['@TheSyrian_Tweet', '#بعترف', 'انو', 'بتردد', 'ببعض', 'الاوقات', 'اعمل', 'فولو', 'لحدا', 'ما', 'بعرفو', 'ولا', 'لا', ':', '(', '(', '(', '?', '?']","['MENTION', 'HASH', 'PART+PRON', 'PROG_PART+V', 'PREP+NOUN', 'DET+NOUN', 'V', 'NOUN', 'PREP+NOUN', 'PART', 'PROG_PART+V+PRON', 'CONJ+PART', 'PART', 'PUNC', 'PUNC', 'PUNC', 'PUNC', 'PUNC', 'PUNC']",Jordan
333,334,#طز_بفخامتك_لانك معقول كل هاد مكروه من شعبك ااايه طزززز فيك اذا هيك 🙊 🙊 🙊,"['#طز_بفخامتك_لانك', 'معقول', 'كل', 'هاد', 'مكروه', 'من', 'شعبك', 'ااايه', 'طزززز', 'فيك', 'اذا', 'هيك', '🙊', '🙊', '🙊']","['HASH', 'ADJ', 'NOUN', 'PRON', 'ADJ', 'PREP', 'NOUN+PRON', 'PART', 'NOUN', 'PREP+PRON', 'NOUN', 'ADV', 'EMOT', 'EMOT', 'EMOT']",Jordan
334,335,الدنيا عاملة حالها حلوة واحنا عاملين حالنا مبسوطين وهينا عايشين نستهبل على بعض ! ! ! !,"['الدنيا', 'عاملة', 'حالها', 'حلوة', 'واحنا', 'عاملين', 'حالنا', 'مبسوطين', 'وهينا', 'عايشين', 'نستهبل', 'على', 'بعض', '!', '!', '!', '!']","['DET+NOUN', 'ADJ+NSUFF', 'NOUN+PRON', 'ADJ+NSUFF', 'CONJ+PRON', 'ADJ+NSUFF', 'NOUN+PRON', 'ADJ+NSUFF', 'CONJ+ADV', 'ADJ+NSUFF', 'V', 'PREP', 'NOUN', 'PUNC', 'PUNC', 'PUNC', 'PUNC']",Jordan
335,336,@jory8080 اكيد عميمزحو جعجع مجرم حرب ممكن يصير رئيس للبنان عشنا وشفنا,"['@jory8080', 'اكيد', 'عميمزحو', 'جعجع', 'مجرم', 'حرب', 'ممكن', 'يصير', 'رئيس', 'للبنان', 'عشنا', 'وشفنا']","['MENTION', 'ADJ', 'PART+V+PRON', 'NOUN', 'ADJ', 'NOUN', 'ADJ', 'V', 'NOUN', 'PREP+NOUN', 'V+PRON', 'CONJ+V+PRON']",Syria
336,337,@Qaysr77 @asf201555 الله يفرجها ع الجميع وعلى كل حتى لو الاراء اختلفت بنضل ولاد بلد وحدة وبنتمنى بيوم ترجع متل قبل واحسن,"['@Qaysr77', '@asf201555', 'الله', 'يفرجها', 'ع', 'الجميع', 'وعلى', 'كل', 'حتى', 'لو', 'الاراء', 'اختلفت', 'بنضل', 'ولاد', 'بلد', 'وحدة', 'وبنتمنى', 'بيوم', 'ترجع', 'متل', 'قبل', 'واحسن']","['MENTION', 'MENTION', 'NOUN', 'V+PRON', 'PREP', 'DET+NOUN', 'CONJ+PREP', 'NOUN', 'PART', 'PART', 'DET+NOUN', 'V+PRON', 'PROG_PART+V', 'NOUN', 'NOUN', 'NOUN+NSUFF', 'CONJ+PROG_PART+V', 'PREP+NOUN', 'V', 'NOUN', 'NOUN', 'CONJ+ADJ']",Jordan
337,338,1 @kosai1khauli يقبرني السوريين لاجلو هاد السوري يلي شل الكون بفنوووو يكفني الوطني الاهي,"['1', '@kosai1khauli', 'يقبرني', 'السوريين', 'لاجلو', 'هاد', 'السوري', 'يلي', 'شل', 'الكون', 'بفنوووو', 'يكفني', 'الوطني', 'الاهي']","['NUM', 'MENTION', 'V+PRON', 'DET+ADJ+NSUFF', 'PREP+NOUN+NSUFF', 'PRON', 'DET+ADJ', 'PART', 'V', 'DET+NOUN', 'PREP+NOUN+NSUFF', 'V+PRON', 'DET+ADJ', 'NOUN+PRON']",Iraq
338,339,@ysyrian4all يعني اذا بتبقى على هالحاله رح تروح وتروحنا معك 0 0 0 0 روق صديقي مافي شي بيستاهل,"['@ysyrian4all', 'يعني', 'اذا', 'بتبقى', 'على', 'هالحاله', 'رح', 'تروح', 'وتروحنا', 'معك', '0', '0', '0', '0', 'روق', 'صديقي', 'مافي', 'شي', 'بيستاهل']","['MENTION', 'V', 'NOUN', 'PROG_PART+V', 'PREP', 'PRON+DET+NOUN+NSUFF', 'FUT_PART', 'V', 'CONJ+V+PRON', 'NOUN+PRON', 'PUNC', 'PUNC', 'PUNC', 'PUNC', 'V', 'NOUN+PRON', 'PART+ADV', 'NOUN', 'PROG_PART+V']",Syria
339,340,منرجع لالجد ، اللاذقية جزء من سوريا ومانها أغلى من غيرها 0 بس حاليا هي منطقة آمنة لسوريين بأعداد كبيرة من كل أنحاء البلد هالشي خطير كتير,"['منرجع', 'لالجد', '،', 'اللاذقية', 'جزء', 'من', 'سوريا', 'ومانها', 'أغلى', 'من', 'غيرها', '0', 'بس', 'حاليا', 'هي', 'منطقة', 'آمنة', 'لسوريين', 'بأعداد', 'كبيرة', 'من', 'كل', 'أنحاء', 'البلد', 'هالشي', 'خطير', 'كتير']","['PROG_PART+V', 'PREP+DET+NOUN', 'PUNC', 'DET+NOUN+NSUFF', 'NOUN', 'PREP', 'NOUN', 'CONJ+PART+PRON', 'ADJ', 'PREP', 'NOUN+PRON', 'PUNC', 'PART', 'ADJ+CASE', 'PRON', 'NOUN+NSUFF', 'ADJ+NSUFF', 'PREP+ADJ+NSUFF', 'PREP+NOUN', 'ADJ+NSUFF', 'PREP', 'NOUN', 'NOUN', 'DET+NOUN', 'PRON+DET+NOUN', 'ADJ', 'ADJ']",Syria
340,341,ما في بالدنيا كلها أطيب و أطهر من ريحة الأم و ما تتوقع بيوم تلاقي قلب يخاف عليك اكتر من قلب ابوك الحمد الله بعد 0 0 0 http://t.co/coNtbaN3dL,"['ما', 'في', 'بالدنيا', 'كلها', 'أطيب', 'و', 'أطهر', 'من', 'ريحة', 'الأم', 'و', 'ما', 'تتوقع', 'بيوم', 'تلاقي', 'قلب', 'يخاف', 'عليك', 'اكتر', 'من', 'قلب', 'ابوك', 'الحمد', 'الله', 'بعد', '0', '0', '0', 'http://t.co/coNtbaN3dL']","['PART', 'ADV', 'PREP+DET+NOUN', 'NOUN+PRON', 'ADJ', 'CONJ', 'ADJ', 'PREP', 'NOUN+NSUFF', 'DET+NOUN', 'CONJ', 'PART', 'V', 'PREP+NOUN', 'V', 'NOUN', 'V', 'PREP+PRON', 'ADJ', 'PREP', 'NOUN', 'NOUN+PRON', 'DET+NOUN', 'NOUN', 'NOUN', 'PUNC', 'PUNC', 'PUNC', 'URL']",Palestine
341,342,سوريتي رح تضلي انت الفرح وما بتزرعي الا الحب تصيحي على نصر وبشارة http://t.co/SbCtTUHAfE,"['سوريتي', 'رح', 'تضلي', 'انت', 'الفرح', 'وما', 'بتزرعي', 'الا', 'الحب', 'تصيحي', 'على', 'نصر', 'وبشارة', 'http://t.co/SbCtTUHAfE']","['NOUN+PRON', 'FUT_PART', 'V+PRON', 'PRON', 'DET+NOUN', 'CONJ+PART', 'PROG_PART+V+PRON', 'PART', 'DET+NOUN', 'V+PRON', 'PREP', 'NOUN', 'CONJ+NOUN+NSUFF', 'URL']",Lebanon
342,343,ههههههههه شايفة يا ميشو ومنكم نستفيد 0 0 ! ! كله لما بدو يحكي عن قصي بيعمل توكيد :)) @mishlensallouh @kosai1khauli,"['ههههههههه', 'شايفة', 'يا', 'ميشو', 'ومنكم', 'نستفيد', '0', '0', '!', '!', 'كله', 'لما', 'بدو', 'يحكي', 'عن', 'قصي', 'بيعمل', 'توكيد', ':))', '@mishlensallouh', '@kosai1khauli']","['EMOT', 'ADJ+NSUFF', 'PART', 'NOUN', 'CONJ+PREP+PRON', 'V', 'PUNC', 'PUNC', 'PUNC', 'PUNC', 'NOUN+PRON', 'PART', 'NOUN+PRON', 'V', 'PREP', 'NOUN+PRON', 'PROG_PART+V', 'NOUN', 'EMOT', 'MENTION', 'MENTION']",Jordan
343,344,معقول هيدا الريس بوتين ؟ ؟ ؟ منشن ع الزعامه من زمان 0 .. بس لابقتلو هالأشقراني اللي قرص عجين الأميركان 0 0 http://t.co/F2QjiPh1yr,"['معقول', 'هيدا', 'الريس', 'بوتين', '؟', '؟', '؟', 'منشن', 'ع', 'الزعامه', 'من', 'زمان', '0', '..', 'بس', 'لابقتلو', 'هالأشقراني', 'اللي', 'قرص', 'عجين', 'الأميركان', '0', '0', 'http://t.co/F2QjiPh1yr']","['ADJ', 'PRON', 'DET+NOUN', 'NOUN', 'PUNC', 'PUNC', 'PUNC', 'ADJ', 'PREP', 'DET+NOUN+NSUFF', 'PREP', 'NOUN', 'PUNC', 'PUNC', 'PART', 'ADJ+NSUFF+PREP+PRON', 'PRON+DET+ADJ', 'PART', 'V', 'NOUN', 'DET+NOUN', 'PUNC', 'PUNC', 'URL']",Lebanon
344,345,أصيل العبد الله #سوريا وليد المعلم يخضع لعملية قلب مفتوح 0 0 طبعا بدهم يدوروا عليه إذا لقوا عنده قلب يفتحوه ، 0 .. http://t.co/GaJMZOOOtT,"['أصيل', 'العبد', 'الله', '#سوريا', 'وليد', 'المعلم', 'يخضع', 'لعملية', 'قلب', 'مفتوح', '0', '0', 'طبعا', 'بدهم', 'يدوروا', 'عليه', 'إذا', 'لقوا', 'عنده', 'قلب', 'يفتحوه', '،', '0', '..', 'http://t.co/GaJMZOOOtT']","['NOUN', 'DET+NOUN', 'NOUN', 'HASH', 'NOUN', 'DET+NOUN', 'V', 'PREP+NOUN+NSUFF', 'NOUN', 'ADJ', 'PUNC', 'PUNC', 'NOUN+CASE', 'NOUN+PRON', 'V+PRON', 'PREP+PRON', 'NOUN', 'V+PRON', 'NOUN+PRON', 'NOUN', 'V+PRON+PRON', 'PUNC', 'PUNC', 'PUNC', 'URL']",Syria
345,346,@basselmehrez @almadinafmsyria مسا الخير والله يرحم فنانا وفيق الزعيم والله روبي وسمية نزلو دموعي يا الله شو نحنا عايشين بنعمة ومو رضيانين,"['@basselmehrez', '@almadinafmsyria', 'مسا', 'الخير', 'والله', 'يرحم', 'فنانا', 'وفيق', 'الزعيم', 'والله', 'روبي', 'وسمية', 'نزلو', 'دموعي', 'يا', 'الله', 'شو', 'نحنا', 'عايشين', 'بنعمة', 'ومو', 'رضيانين']","['MENTION', 'MENTION', 'NOUN', 'DET+NOUN', 'CONJ+NOUN', 'V', 'NOUN+PRON', 'NOUN', 'DET+NOUN', 'CONJ+NOUN', 'NOUN', 'CONJ+NOUN+NSUFF', 'V+PRON', 'NOUN+PRON', 'PART', 'NOUN', 'PART', 'PRON', 'ADJ+NSUFF', 'PREP+NOUN+NSUFF', 'CONJ+PART', 'ADJ+NSUFF']",Syria
346,347,@mahekhierbeck شو بدي أول يا ماهي ما ربنا عطى الإنسان نصف الدنيا وعينو عالنص التاني,"['@mahekhierbeck', 'شو', 'بدي', 'أول', 'يا', 'ماهي', 'ما', 'ربنا', 'عطى', 'الإنسان', 'نصف', 'الدنيا', 'وعينو', 'عالنص', 'التاني']","['MENTION', 'PART', 'NOUN+PRON', 'V', 'PART', 'NOUN', 'PART', 'NOUN+PRON', 'V', 'DET+NOUN', 'NUM', 'DET+NOUN', 'CONJ+NOUN+PRON', 'PREP+DET+NOUN', 'DET+ADJ']",Lebanon
347,348,ضحكوا علينا وقالولنا المدرسة احلى من الروضة والجامعة احلى من المدرسة والشغل احلى من الجامعة وبالاخر طلعت الروضة احلى شي,"['ضحكوا', 'علينا', 'وقالولنا', 'المدرسة', 'احلى', 'من', 'الروضة', 'والجامعة', 'احلى', 'من', 'المدرسة', 'والشغل', 'احلى', 'من', 'الجامعة', 'وبالاخر', 'طلعت', 'الروضة', 'احلى', 'شي']","['V+PRON', 'PREP+PRON', 'CONJ+V+PRON+PREP+PRON', 'DET+NOUN+NSUFF', 'ADJ', 'PREP', 'DET+NOUN+NSUFF', 'CONJ+DET+NOUN+NSUFF', 'ADJ', 'PREP', 'DET+NOUN+NSUFF', 'CONJ+DET+NOUN', 'ADJ', 'PREP', 'DET+NOUN+NSUFF', 'CONJ+PREP+DET+NOUN', 'V+PRON', 'DET+NOUN+NSUFF', 'ADJ', 'NOUN']",Qatar
348,349,أما شو كانوا #لذيذين عنجد غير شكل موهيك كوكي @carolinhaidar #أحلى_مشوار عنجد ^_^ http://t.co/1M12ddooL9,"['أما', 'شو', 'كانوا', '#لذيذين', 'عنجد', 'غير', 'شكل', 'موهيك', 'كوكي', '@carolinhaidar', '#أحلى_مشوار', 'عنجد', '^_^', 'http://t.co/1M12ddooL9']","['PART', 'PART', 'V+PRON', 'HASH', 'PREP+NOUN', 'NOUN', 'NOUN', 'PART+ADV', 'NOUN', 'MENTION', 'HASH', 'PREP+NOUN', 'EMOT', 'URL']",Syria
349,350,#ريادة_الأعمال من برة رخام ومن جو سخام - _ - بس يخرب بيته بضل حلوة !,"['#ريادة_الأعمال', 'من', 'برة', 'رخام', 'ومن', 'جو', 'سخام', '-', '_', '-', 'بس', 'يخرب', 'بيته', 'بضل', 'حلوة', '!']","['HASH', 'PREP', 'NOUN+NSUFF', 'NOUN', 'CONJ+PREP', 'NOUN', 'NOUN', 'PUNC', 'PUNC', 'PUNC', 'PART', 'V', 'NOUN+PRON', 'PROG_PART+V', 'ADJ+NSUFF', 'PUNC']",Jordan
0,1,0.7 ديال المغربيات لي خدامات ماعندهومش الديبلومات,"['0.7', 'ديال', 'المغربيات', 'لي', 'خدامات', 'ماعندهومش', 'الديبلومات']","['NUM', 'PREP', 'DET+NOUN+NSUFF', 'PART', 'V+PRON', 'PART+NOUN+PRON+NEG_PART', 'DET+NOUN+NSUFF']",Morocco
1,2,أخر موسم رح اتابعه 🔥 💕 بكفيني حنان هاد الموسم ❤ وايلي ايليا الموسم اللي فات 💕 عدم المصداقية والمسخرة 😂 ✋ #StaracArabia #ha …,"['أخر', 'موسم', 'رح', 'اتابعه', '🔥', '💕', 'بكفيني', 'حنان', 'هاد', 'الموسم', '❤', 'وايلي', 'ايليا', 'الموسم', 'اللي', 'فات', '💕', 'عدم', 'المصداقية', 'والمسخرة', '😂', '✋', '#StaracArabia', '#ha', '…']","['NOUN', 'NOUN', 'PART', 'V+PRON', 'EMOT', 'EMOT', 'PROG_PART+V+PRON', 'NOUN', 'PRON', 'DET+NOUN', 'EMOT', 'PART', 'NOUN', 'DET+NOUN', 'PART', 'V', 'EMOT', 'NOUN', 'DET+NOUN+NSUFF', 'CONJ+DET+NOUN+NSUFF', 'EMOT', 'EMOT', 'HASH', 'HASH', 'PUNC']",Syria
2,3,#كلاسيكيات_الابتدائي - أستاد الدليمي مات شكون قتلو ؟ - غدّا جيب بّاك عاد تدخل 😒,"['#كلاسيكيات_الابتدائي', '-', 'أستاد', 'الدليمي', 'مات', 'شكون', 'قتلو', '؟', '-', 'غدّا', 'جيب', 'بّاك', 'عاد', 'تدخل', '😒']","['HASH', 'PUNC', 'NOUN', 'DET+NOUN', 'V', 'PART', 'V+PRON', 'PUNC', 'PUNC', 'NOUN+CASE', 'V', 'NOUN+PRON', 'PART', 'V', 'EMOT']",Tunisia
3,4,@ZahoSghir أصلا كان باين ان الهجمات غادي تاثر على الانتخابات والعنصرية في كل اروبا,"['@ZahoSghir', 'أصلا', 'كان', 'باين', 'ان', 'الهجمات', 'غادي', 'تاثر', 'على', 'الانتخابات', 'والعنصرية', 'في', 'كل', 'اروبا']","['MENTION', 'NOUN+CASE', 'V', 'ADJ', 'PART', 'DET+NOUN+NSUFF', 'PART', 'V', 'PREP', 'DET+NOUN+NSUFF', 'CONJ+DET+NOUN+NSUFF', 'PREP', 'NOUN', 'NOUN']",Morocco
4,5,أنا مانسيتش بلي أنيس صوت ضد سوكا وبلي هدر على سوها مي راه ولد مغرب لعربي يا صوتو يا سكتو ماشي توقفو ضدو #المغرب_مع_انيس …,"['أنا', 'مانسيتش', 'بلي', 'أنيس', 'صوت', 'ضد', 'سوكا', 'وبلي', 'هدر', 'على', 'سوها', 'مي', 'راه', 'ولد', 'مغرب', 'لعربي', 'يا', 'صوتو', 'يا', 'سكتو', 'ماشي', 'توقفو', 'ضدو', '#المغرب_مع_انيس', '…']","['PRON', 'PART+V+NEG_PART', 'ADV', 'NOUN', 'V', 'NOUN', 'NOUN', 'CONJ+PREP+PART', 'V', 'PREP', 'NOUN', 'PART', 'V+PRON', 'NOUN', 'NOUN', 'DET+ADJ', 'PART', 'V+PRON', 'PART', 'V+PRON', 'PART', 'V+PRON', 'NOUN+PRON', 'HASH', 'PUNC']",Algeria
5,6,- إلا كنتي راجل هبط - أنا راجل و لكن موحال واش مراتي تخليني نهبط فهاد الساعة 😒,"['-', 'إلا', 'كنتي', 'راجل', 'هبط', '-', 'أنا', 'راجل', 'و', 'لكن', 'موحال', 'واش', 'مراتي', 'تخليني', 'نهبط', 'فهاد', 'الساعة', '😒']","['PUNC', 'PART', 'V+PRON', 'NOUN', 'V', 'PUNC', 'PRON', 'NOUN', 'CONJ', 'PART', 'NOUN', 'PART', 'NOUN+NSUFF+PRON', 'V+PRON', 'V', 'PREP+PRON', 'DET+NOUN+NSUFF', 'EMOT']",Morocco
6,7,احب ريحه اقلام السبوره يخي كذا فيها شي اخخ بس جمال,"['احب', 'ريحه', 'اقلام', 'السبوره', 'يخي', 'كذا', 'فيها', 'شي', 'اخخ', 'بس', 'جمال']","['V', 'NOUN+NSUFF', 'NOUN', 'DET+NOUN+NSUFF', 'PART', 'PRON', 'PREP+PRON', 'NOUN', 'NOUN', 'ADV', 'NOUN']",Oman
7,8,#HananeElKhader احلى ربورتاج فهاد الموسم هو ربورناج حنان فباريس شكون متافق انها سلطاانة الموسم بامتياز,"['#HananeElKhader', 'احلى', 'ربورتاج', 'فهاد', 'الموسم', 'هو', 'ربورناج', 'حنان', 'فباريس', 'شكون', 'متافق', 'انها', 'سلطاانة', 'الموسم', 'بامتياز']","['HASH', 'ADJ', 'NOUN', 'PREP+PRON', 'DET+NOUN', 'PRON', 'NOUN', 'NOUN', 'PREP+NOUN', 'PART', 'ADJ', 'PART+PRON', 'NOUN+NSUFF', 'DET+NOUN', 'PREP+NOUN']",Morocco
8,9,#AnisBourahla #IhabAmir احنا ولادنا اعطاوهم رحلة لمصر والأردن وبعتو معم LES GARDES بسباس والمهرج باش يعسوهم تفوه,"['#AnisBourahla', '#IhabAmir', 'احنا', 'ولادنا', 'اعطاوهم', 'رحلة', 'لمصر', 'والأردن', 'وبعتو', 'معم', 'LES', 'GARDES', 'بسباس', 'والمهرج', 'باش', 'يعسوهم', 'تفوه']","['HASH', 'HASH', 'PRON', 'NOUN+PRON', 'V+PRON+PRON', 'NOUN+NSUFF', 'PREP+NOUN', 'CONJ+DET+NOUN', 'CONJ+V+PRON', 'CONJ+PRON', 'FOREIGN', 'FOREIGN', 'NOUN', 'CONJ+DET+NOUN', 'PART', 'V+PRON+PRON', 'V']",Tunisia
9,10,اخذي من الي كان بغيك بزاف نموت عليك • ابرك من وجهين واي وانتا 👏 👏,"['اخذي', 'من', 'الي', 'كان', 'بغيك', 'بزاف', 'نموت', 'عليك', '•', 'ابرك', 'من', 'وجهين', 'واي', 'وانتا', '👏', '👏']","['V+PRON', 'PREP', 'PART', 'V', 'V+PRON', 'ADV', 'V', 'PREP+PRON', 'PUNC', 'V', 'PREP', 'NOUN+NSUFF', 'CONJ+PRON', 'CONJ+PRON', 'EMOT', 'EMOT']",Algeria
10,11,#كلاسيكيات_الابتدائي استادة تسالالي الدفتر . . واش نكمل فالكرطونة ؟,"['#كلاسيكيات_الابتدائي', 'استادة', 'تسالالي', 'الدفتر', '.', '.', 'واش', 'نكمل', 'فالكرطونة', '؟']","['HASH', 'NOUN+NSUFF', 'V+PREP+PRON', 'DET+NOUN', 'PUNC', 'PUNC', 'PART', 'V', 'PREP+DET+NOUN+NSUFF', 'PUNC']",Morocco
11,12,@MajdaNasiri اسمها noha azz راه كنبلوكيو ها دخلي حتى نتي بلوكها,"['@MajdaNasiri', 'اسمها', 'noha', 'azz', 'راه', 'كنبلوكيو', 'ها', 'دخلي', 'حتى', 'نتي', 'بلوكها']","['MENTION', 'NOUN+NSUFF', 'URL', 'FOREIGN', 'PART+PRON', 'PROG_PART+V+PRON', 'PRON', 'V+PRON', 'PART', 'PRON', 'V+PRON']",Morocco
12,13,اكدولي على 👇 🏻 تريكو تاع شبيبة 👕 كوفيرتة تاع نمر مت كثر لغسيل ولا فهد 🐅 🐆 #Souhilabenlachhab #IhabAmir #StaracArabia https: …,"['اكدولي', 'على', '👇', '🏻', 'تريكو', 'تاع', 'شبيبة', '👕', 'كوفيرتة', 'تاع', 'نمر', 'مت', 'كثر', 'لغسيل', 'ولا', 'فهد', '🐅', '🐆', '#Souhilabenlachhab', '#IhabAmir', '#StaracArabia', 'https:', '…']","['V+PRON+PREP+NSUFF', 'PREP', 'EMOT', 'EMOT', 'NOUN', 'PREP', 'NOUN+NSUFF', 'EMOT', 'NOUN+NSUFF', 'PREP', 'NOUN', 'PREP', 'NOUN', 'DET+NOUN', 'V', 'NOUN', 'EMOT', 'EMOT', 'HASH', 'HASH', 'HASH', 'URL', 'PUNC']",Algeria
13,14,@Fatimae06 اكيد وليسا لي جاي احلي بلييز فاتي مالي تهضرو معاها غدا عاودو ليها الهدرة ديال اليوم,"['@Fatimae06', 'اكيد', 'وليسا', 'لي', 'جاي', 'احلي', 'بلييز', 'فاتي', 'مالي', 'تهضرو', 'معاها', 'غدا', 'عاودو', 'ليها', 'الهدرة', 'ديال', 'اليوم']","['MENTION', 'ADV', 'CONJ+V', 'PART', 'V', 'ADJ', 'NOUN', 'NOUN', 'PART+PREP+PRON', 'V+PRON', 'NOUN+PRON', 'NOUN+CASE', 'V+PRON', 'PREP+PRON', 'DET+NOUN+NSUFF', 'PREP', 'DET+NOUN']",Morocco
14,15,#كلاسيكيات_الابتدائي الا بغيتي تلقا الديجيمون الغابر شري بيمو ديال مرجان,"['#كلاسيكيات_الابتدائي', 'الا', 'بغيتي', 'تلقا', 'الديجيمون', 'الغابر', 'شري', 'بيمو', 'ديال', 'مرجان']","['HASH', 'PART', 'V+PRON', 'V', 'DET+NOUN', 'DET+ADJ', 'V+PRON', 'NOUN', 'PREP', 'NOUN']",Morocco
15,16,@imaneaymane5 @lhobHanounaRafa البنات بليز الله يخلي ليكم معز عندكم بلا منفرقو ولادنا رَآه من قبيلة و انا كنبكي بسباب هادشي ب …,"['@imaneaymane5', '@lhobHanounaRafa', 'البنات', 'بليز', 'الله', 'يخلي', 'ليكم', 'معز', 'عندكم', 'بلا', 'منفرقو', 'ولادنا', 'رَآه', 'من', 'قبيلة', 'و', 'انا', 'كنبكي', 'بسباب', 'هادشي', 'ب', '…']","['MENTION', 'MENTION', 'DET+NOUN+NSUFF', 'NOUN', 'NOUN', 'V+PRON', 'PREP+PRON', 'ADJ', 'NOUN+PRON', 'PREP+PART', 'PART+V+PRON', 'NOUN+PRON', 'PART+PRON', 'PREP', 'NOUN+NSUFF', 'CONJ', 'PRON', 'PROG_PART+V', 'PREP+NOUN', 'PRON+NOUN', 'PREP', 'PUNC']",Morocco
16,17,البنت صدقات مراة لاخر گالت لواكيل المليك كنت ا سيدي مع راجلي تا جا هجم علينا هاد السيد 😂 صاحبي ما فهم تا حاجة من ديك الساع و هو حاقد,"['البنت', 'صدقات', 'مراة', 'لاخر', 'گالت', 'لواكيل', 'المليك', 'كنت', 'ا', 'سيدي', 'مع', 'راجلي', 'تا', 'جا', 'هجم', 'علينا', 'هاد', 'السيد', '😂', 'صاحبي', 'ما', 'فهم', 'تا', 'حاجة', 'من', 'ديك', 'الساع', 'و', 'هو', 'حاقد']","['DET+NOUN', 'V+PRON', 'NOUN+NSUFF', 'DET+NOUN', 'V+PRON', 'PREP+NOUN', 'DET+NOUN', 'V+PRON', 'PART', 'NOUN+PRON', 'CONJ', 'NOUN+PRON', 'ADV', 'V', 'V', 'PREP+PRON', 'PRON', 'DET+NOUN', 'EMOT', 'NOUN+PRON', 'PART', 'V', 'ADV', 'NOUN+NSUFF', 'PREP', 'PRON', 'DET+NOUN', 'CONJ', 'PRON', 'ADJ']",Lebanon
17,18,التخبية ديال لاتروس على مولاها حتى يقرب يشكم للمعلمة #كلاسيكيات_الابتدائي,"['التخبية', 'ديال', 'لاتروس', 'على', 'مولاها', 'حتى', 'يقرب', 'يشكم', 'للمعلمة', '#كلاسيكيات_الابتدائي']","['DET+NOUN+NSUFF', 'PREP', 'NOUN', 'PREP', 'NOUN+NSUFF', 'ADV', 'V', 'V', 'PREP+DET+NOUN+NSUFF', 'HASH']",Tunisia
18,19,التمكريه ديال تحط كلاسور في الطاولة باش ماينقلش منك صاحبك #كلاسيكيات_الابتدائي,"['التمكريه', 'ديال', 'تحط', 'كلاسور', 'في', 'الطاولة', 'باش', 'ماينقلش', 'منك', 'صاحبك', '#كلاسيكيات_الابتدائي']","['DET+NOUN', 'PREP', 'V', 'NOUN', 'PREP', 'DET+NOUN+NSUFF', 'PART', 'PART+V+PART', 'PREP+PRON', 'NOUN+PRON', 'HASH']",Morocco
19,20,الخلعة لي فيا على حنان نضت سرقت تيليفونات ديال ما لين دار من ماما جدتي خويا اختي او صوت ليها خيت صوت واحد اقدر ادير الفرق …,"['الخلعة', 'لي', 'فيا', 'على', 'حنان', 'نضت', 'سرقت', 'تيليفونات', 'ديال', 'ما', 'لين', 'دار', 'من', 'ماما', 'جدتي', 'خويا', 'اختي', 'او', 'صوت', 'ليها', 'خيت', 'صوت', 'واحد', 'اقدر', 'ادير', 'الفرق', '…']","['DET+NOUN+NSUFF', 'PART', 'PREP+PRON', 'PREP', 'NOUN', 'V+PRON', 'V+PRON', 'NOUN+NSUFF', 'PREP', 'NOUN', 'NOUN', 'NOUN', 'PREP', 'NOUN', 'NOUN+NSUFF+PRON', 'NOUN+PRON', 'NOUN+PRON', 'CONJ', 'V', 'PREP+PRON', 'ADV', 'NOUN', 'ADJ', 'V', 'V', 'DET+NOUN', 'PUNC']",Morocco
20,21,الدار البيضاء هي بوعو ديال المغرب . D:,"['الدار', 'البيضاء', 'هي', 'بوعو', 'ديال', 'المغرب', '.', 'D:']","['DET+NOUN', 'DET+ADJ', 'PRON', 'NOUN', 'PREP', 'DET+NOUN', 'PUNC', 'EMOT']",Morocco
21,22,#كلاسيكيات_الابتدائي الدراري لاعبين طاقرباق بالتصاور تاع بانيني فالاستراحة .,"['#كلاسيكيات_الابتدائي', 'الدراري', 'لاعبين', 'طاقرباق', 'بالتصاور', 'تاع', 'بانيني', 'فالاستراحة', '.']","['HASH', 'DET+NOUN', 'NOUN+NSUFF', 'NOUN', 'PREP+DET+NOUN', 'PREP', 'NOUN', 'PREP+DET+NOUN+NSUFF', 'PUNC']",Algeria
22,23,الدفاتر ديال 24 رقة ومصور فيهم نمر وجدول الضرب #كلاسيكيات_الابتدائي,"['الدفاتر', 'ديال', '24', 'رقة', 'ومصور', 'فيهم', 'نمر', 'وجدول', 'الضرب', '#كلاسيكيات_الابتدائي']","['DET+NOUN', 'PREP', 'NUM', 'NOUN+NSUFF', 'CONJ+ADJ', 'PREP+PRON', 'NOUN', 'CONJ+NOUN', 'DET+NOUN', 'HASH']",Morocco
23,24,#Souhilabenlachhab #IhabAmir #StaracArabia السقاية الجديدة ديال الدرب . . فيفتي / فيفتي . . ما مفاكينش !!!! كونوا شاهدين htt …,"['#Souhilabenlachhab', '#IhabAmir', '#StaracArabia', 'السقاية', 'الجديدة', 'ديال', 'الدرب', '.', '.', 'فيفتي', '/', 'فيفتي', '.', '.', 'ما', 'مفاكينش', '!!!!', 'كونوا', 'شاهدين', 'htt', '…']","['HASH', 'HASH', 'HASH', 'DET+NOUN+NSUFF', 'DET+ADJ+NSUFF', 'PREP', 'DET+NOUN', 'PUNC', 'PUNC', 'NOUN', 'PUNC', 'NOUN', 'PUNC', 'PUNC', 'PART', 'PART+V+PRON+NEG_PART', 'PUNC', 'V+PRON', 'NOUN+NSUFF', 'URL', 'PUNC']",Tunisia
24,25,@aissa_lakehal السوهابين واجدين خويا عيسى من درك في خاطر حبيبتنا ساهو وسكارة في الغيارين,"['@aissa_lakehal', 'السوهابين', 'واجدين', 'خويا', 'عيسى', 'من', 'درك', 'في', 'خاطر', 'حبيبتنا', 'ساهو', 'وسكارة', 'في', 'الغيارين']","['MENTION', 'DET+NOUN+NSUFF', 'ADJ+NSUFF', 'NOUN+PRON', 'NOUN', 'PREP', 'ADV', 'PREP', 'NOUN', 'NOUN+NSUFF+PRON', 'NOUN', 'CONJ+NOUN+NSUFF', 'PREP', 'DET+ADJ+NSUFF']",Algeria
25,26,السيد سكران و تودر ليه السيدي ديال اعتابو,"['السيد', 'سكران', 'و', 'تودر', 'ليه', 'السيدي', 'ديال', 'اعتابو']","['DET+NOUN', 'ADJ', 'CONJ', 'V', 'PREP+PRON', 'DET+NOUN', 'PREP', 'NOUN']",Morocco
26,27,العالم عبارة عن 5 دراهم ديال اللوز و المغرب هو ديك اللوزة الحارة,"['العالم', 'عبارة', 'عن', '5', 'دراهم', 'ديال', 'اللوز', 'و', 'المغرب', 'هو', 'ديك', 'اللوزة', 'الحارة']","['DET+NOUN', 'NOUN+NSUFF', 'PREP', 'NUM', 'NOUN', 'PREP', 'DET+NOUN', 'CONJ', 'DET+NOUN', 'PRON', 'PRON', 'DET+NOUN+NSUFF', 'DET+ADJ+NSUFF']",Morocco
27,28,الفانز الي خايفين على ولادهم نحب نقوليكم راه الشياطين باقين الداخل اما الي خايفين منهم غير ملائكة #IhabAmir #SouhilaBenL …,"['الفانز', 'الي', 'خايفين', 'على', 'ولادهم', 'نحب', 'نقوليكم', 'راه', 'الشياطين', 'باقين', 'الداخل', 'اما', 'الي', 'خايفين', 'منهم', 'غير', 'ملائكة', '#IhabAmir', '#SouhilaBenL', '…']","['DET+NOUN', 'PART', 'ADJ+NSUFF', 'PREP', 'NOUN+PRON', 'V', 'V+PREP+PRON', 'PART+PRON', 'DET+NOUN', 'V+PRON', 'DET+NOUN', 'PART', 'PART', 'ADJ+NSUFF', 'PREP+PRON', 'NOUN', 'NOUN+NSUFF', 'HASH', 'HASH', 'PUNC']",Tunisia
28,29,#كلاسيكيات_الابتدائي القراية فالقسم كاتمشي تجيب العصا لالستاذ,"['#كلاسيكيات_الابتدائي', 'القراية', 'فالقسم', 'كاتمشي', 'تجيب', 'العصا', 'لالستاذ']","['HASH', 'DET+NOUN+NSUFF', 'PREP+DET+NOUN', 'PROG_PART+V', 'V', 'DET+NOUN', 'PREP+DET+NOUN']",Morocco
29,30,الكسول ديال القسم ديما كيبلغ هو الاول #كلاسيكيات_الابتدائي,"['الكسول', 'ديال', 'القسم', 'ديما', 'كيبلغ', 'هو', 'الاول', '#كلاسيكيات_الابتدائي']","['DET+ADJ', 'PREP', 'DET+NOUN', 'ADV', 'PROG_PART+V', 'PRON', 'DET+NOUN', 'HASH']",Morocco
30,31,#كلاسيكيات_الابتدائي الكوتسيزو ديال حجي ضد مصر #صافي_سدينا,"['#كلاسيكيات_الابتدائي', 'الكوتسيزو', 'ديال', 'حجي', 'ضد', 'مصر', '#صافي_سدينا']","['HASH', 'DET+NOUN', 'PREP', 'NOUN', 'NOUN', 'NOUN', 'HASH']",Morocco
31,32,#كلاسيكيات_اﻻبتدائي اللصاق ديال درهم للي فالقرعة و ما كايلصق تا وزة,"['#كلاسيكيات_اﻻبتدائي', 'اللصاق', 'ديال', 'درهم', 'للي', 'فالقرعة', 'و', 'ما', 'كايلصق', 'تا', 'وزة']","['HASH', 'DET+NOUN', 'PREP', 'NOUN', 'PREP+PART', 'PREP+DET+NOUN+NSUFF', 'CONJ', 'PART', 'PROG_PART+V', 'ADV', 'NOUN+NSUFF']",Morocco
32,33,الله يخزيني كيف كاينة اكتب تويتات :/,"['الله', 'يخزيني', 'كيف', 'كاينة', 'اكتب', 'تويتات', ':/']","['NOUN', 'V+PRON', 'PART', 'ADJ+NSUFF', 'V', 'NOUN+NSUFF', 'EMOT']",Morocco
33,34,#hananeelkhader الله ينعل لي مايحشم بغاوها تنزل دموع غير باش تجي على خاطرهم حنان بلا ما تمتل المنافقين باين فيها مصدومة …,"['#hananeelkhader', 'الله', 'ينعل', 'لي', 'مايحشم', 'بغاوها', 'تنزل', 'دموع', 'غير', 'باش', 'تجي', 'على', 'خاطرهم', 'حنان', 'بلا', 'ما', 'تمتل', 'المنافقين', 'باين', 'فيها', 'مصدومة', '…']","['HASH', 'NOUN', 'V', 'PART', 'PART+V', 'V+PRON', 'V', 'NOUN', 'NOUN', 'PART', 'V', 'PREP', 'NOUN+PRON', 'NOUN', 'PART', 'PART', 'V', 'DET+NOUN+NSUFF', 'ADJ', 'PREP+PRON', 'NOUN+NSUFF', 'PUNC']",Tunisia
34,35,اللي الآن مع كنزة هذا هو الجمهور الحقيقي الي تمناتو لكن باش تبدأ ستاراك جديدة و ما تنسوها 😢 في كل جروبات اسم كنزة و مينا …,"['اللي', 'الآن', 'مع', 'كنزة', 'هذا', 'هو', 'الجمهور', 'الحقيقي', 'الي', 'تمناتو', 'لكن', 'باش', 'تبدأ', 'ستاراك', 'جديدة', 'و', 'ما', 'تنسوها', '😢', 'في', 'كل', 'جروبات', 'اسم', 'كنزة', 'و', 'مينا', '…']","['PART', 'DET+NOUN', 'CONJ', 'NOUN+NSUFF', 'PRON', 'PRON', 'DET+NOUN', 'DET+ADJ', 'PART', 'V+PRON', 'PART', 'PART', 'V', 'NOUN', 'ADJ+NSUFF', 'CONJ', 'PART', 'V+PRON+PRON', 'EMOT', 'PREP', 'NOUN', 'NOUN+NSUFF', 'NOUN', 'NOUN+NSUFF', 'CONJ', 'NOUN', 'PUNC']",Algeria
35,36,اللي مضحكني هاد الموسم 😂 الجزائريين لن تبسبس 😂 المغاربة لن نترفرف 😂 الخليجيين لن نتجعجع 😂 الي متهنيين فانز نسيم وبس 😂 😂 #StaracAr …,"['اللي', 'مضحكني', 'هاد', 'الموسم', '😂', 'الجزائريين', 'لن', 'تبسبس', '😂', 'المغاربة', 'لن', 'نترفرف', '😂', 'الخليجيين', 'لن', 'نتجعجع', '😂', 'الي', 'متهنيين', 'فانز', 'نسيم', 'وبس', '😂', '😂', '#StaracAr', '…']","['PART', 'NOUN+PRON', 'PRON', 'DET+NOUN', 'EMOT', 'DET+NOUN+NSUFF', 'PART', 'V', 'EMOT', 'DET+NOUN+NSUFF', 'PART', 'V', 'EMOT', 'DET+NOUN+NSUFF', 'PART', 'V', 'EMOT', 'PART', 'NOUN+NSUFF', 'NOUN', 'NOUN', 'CONJ+ADV', 'EMOT', 'EMOT', 'HASH', 'PUNC']",Oman
36,37,اللي يحبها ما يديرلهاش المشاكل لا مع طالب لا مع معجب و هي كي تروح و تشوف كلش تعرف كيفاه تتصرف #SuhailaGlobalStar,"['اللي', 'يحبها', 'ما', 'يديرلهاش', 'المشاكل', 'لا', 'مع', 'طالب', 'لا', 'مع', 'معجب', 'و', 'هي', 'كي', 'تروح', 'و', 'تشوف', 'كلش', 'تعرف', 'كيفاه', 'تتصرف', '#SuhailaGlobalStar']","['PART', 'V+PRON', 'PART', 'V+PREP+PRON+NEG_PART', 'DET+NOUN', 'PART', 'CONJ', 'NOUN', 'PART', 'CONJ', 'NOUN', 'CONJ', 'PRON', 'PART', 'V', 'CONJ', 'V', 'NOUN', 'V', 'PART', 'V', 'HASH']",Algeria
37,38,المسرحية تقنتوها برافو عليكم ، و سيرو شوفو دابا كيفاش توقفو الشغب اللي كاين دابا حدا التيران .,"['المسرحية', 'تقنتوها', 'برافو', 'عليكم', '،', 'و', 'سيرو', 'شوفو', 'دابا', 'كيفاش', 'توقفو', 'الشغب', 'اللي', 'كاين', 'دابا', 'حدا', 'التيران', '.']","['DET+NOUN+NSUFF', 'V+PRON+PRON', 'NOUN', 'PREP+PRON', 'PUNC', 'CONJ', 'V+PRON', 'V+PRON', 'ADV', 'PART', 'V+PRON', 'DET+NOUN', 'PART', 'ADJ', 'ADV', 'ADV', 'DET+NOUN', 'PUNC']",Morocco
38,39,#كلاسيكيات_الابتدائي المسكة اللي تاتلقا فيها les auto - collant تاع الدراغون بول,"['#كلاسيكيات_الابتدائي', 'المسكة', 'اللي', 'تاتلقا', 'فيها', 'les', 'auto', '-', 'collant', 'تاع', 'الدراغون', 'بول']","['HASH', 'DET+NOUN+NSUFF', 'PART', 'FUT_PART+V', 'PREP+PRON', 'FOREIGN', 'FOREIGN', 'PUNC', 'FOREIGN', 'PREP', 'DET+NOUN', 'NOUN']",Morocco
39,40,المغاربة من فضلكم لوكان ايهاب دار الحنان نفس الجيست واش يكون رد فعلكم مانهدرش على لوخرين بصح انتوما عندكم النيف كيفنا #StaracA …,"['المغاربة', 'من', 'فضلكم', 'لوكان', 'ايهاب', 'دار', 'الحنان', 'نفس', 'الجيست', 'واش', 'يكون', 'رد', 'فعلكم', 'مانهدرش', 'على', 'لوخرين', 'بصح', 'انتوما', 'عندكم', 'النيف', 'كيفنا', '#StaracA', '…']","['DET+NOUN+NSUFF', 'PREP', 'NOUN+PRON', 'CONJ+V', 'NOUN', 'NOUN', 'DET+NOUN', 'NOUN', 'DET+NOUN', 'PART', 'V', 'NOUN', 'NOUN+PRON', 'PART+V+NEG_PART', 'PREP', 'DET+NOUN+NSUFF', 'PREP+NOUN', 'PRON', 'NOUN+PRON', 'DET+NOUN', 'NOUN+PRON', 'HASH', 'PUNC']",Algeria
40,41,المهم اني الحين بخير و عيني يعني هاه شوي بس مااشوف فيها زين هيهيهي,"['المهم', 'اني', 'الحين', 'بخير', 'و', 'عيني', 'يعني', 'هاه', 'شوي', 'بس', 'مااشوف', 'فيها', 'زين', 'هيهيهي']","['DET+NOUN', 'PART+PRON', 'DET+ADV', 'PREP+NOUN', 'CONJ', 'NOUN+PRON', 'V', 'PART', 'NOUN', 'ADV', 'PART+V', 'PREP+PRON', 'NOUN', 'EMOT']",Oman
41,42,الناس لي جايين للمطار عافاكم متنساوش راية الجزاير كيما هما خداو علمنا للمطار حتا حنا لازم يكون حاضر #IhabAmir,"['الناس', 'لي', 'جايين', 'للمطار', 'عافاكم', 'متنساوش', 'راية', 'الجزاير', 'كيما', 'هما', 'خداو', 'علمنا', 'للمطار', 'حتا', 'حنا', 'لازم', 'يكون', 'حاضر', '#IhabAmir']","['DET+NOUN', 'PART', 'ADJ+NSUFF', 'PREP+DET+NOUN', 'V+PRON', 'PART+V+PRON+NEG_PART', 'NOUN+NSUFF', 'DET+NOUN', 'ADV', 'PRON', 'V+PRON', 'NOUN+PRON', 'PREP+DET+NOUN', 'ADV', 'PRON', 'NOUN', 'V', 'NOUN', 'HASH']",Morocco
42,43,@rajouana الهدرة زوينة بزاف نهار كبير هذا ;),"['@rajouana', 'الهدرة', 'زوينة', 'بزاف', 'نهار', 'كبير', 'هذا', ';)']","['MENTION', 'DET+NOUN+NSUFF', 'ADJ+NSUFF', 'ADV', 'NOUN', 'ADJ', 'PRON', 'EMOT']",Morocco
43,44,#كلاسيكيات_الابتدائي الواليدة ، عطيني 10 دراهم باش ناخذ التصويرة ديال المدرسة ! !,"['#كلاسيكيات_الابتدائي', 'الواليدة', '،', 'عطيني', '10', 'دراهم', 'باش', 'ناخذ', 'التصويرة', 'ديال', 'المدرسة', '!', '!']","['HASH', 'DET+NOUN+NSUFF', 'PUNC', 'V+PRON', 'NUM', 'NOUN', 'PART', 'V', 'DET+NOUN+NSUFF', 'PREP', 'DET+NOUN+NSUFF', 'PUNC', 'PUNC']",Morocco
44,45,الوقت هاد لا بتقدر تدرس فيه ولا تنام ولا تعمل اشي 😑 . ...,"['الوقت', 'هاد', 'لا', 'بتقدر', 'تدرس', 'فيه', 'ولا', 'تنام', 'ولا', 'تعمل', 'اشي', '😑', '.', '...']","['DET+NOUN', 'PRON', 'PART', 'PROG_PART+V', 'V', 'PREP+NSUFF', 'CONJ+PART', 'V', 'CONJ+PART', 'V', 'PART', 'EMOT', 'PUNC', 'PUNC']",Jordan
45,46,الى كل فانز حنان الحقيقي ويلي باغي يدعمها حتى لخر كاين جروب ليها لي بغا ينضم مرحبا #HananeElkhader,"['الى', 'كل', 'فانز', 'حنان', 'الحقيقي', 'ويلي', 'باغي', 'يدعمها', 'حتى', 'لخر', 'كاين', 'جروب', 'ليها', 'لي', 'بغا', 'ينضم', 'مرحبا', '#HananeElkhader']","['PREP', 'NOUN', 'NOUN', 'NOUN', 'DET+NOUN', 'PART', 'V', 'V+PRON', 'PART', 'DET+NOUN', 'ADJ', 'NOUN', 'PREP+PRON', 'PART', 'V', 'V', 'NOUN', 'HASH']",Morocco
46,47,الي توحش يسمع اهاب ليوم غادي يكون على راديو شدى fm الساعة 0.625 بتوقيت المغرب #اهاب_امير_على_شذى_اف_ام #IhabAmir #AliAlfai …,"['الي', 'توحش', 'يسمع', 'اهاب', 'ليوم', 'غادي', 'يكون', 'على', 'راديو', 'شدى', 'fm', 'الساعة', '0.625', 'بتوقيت', 'المغرب', '#اهاب_امير_على_شذى_اف_ام', '#IhabAmir', '#AliAlfai', '…']","['PART', 'V', 'V', 'NOUN', 'DET+NOUN', 'PART', 'V', 'PREP', 'NOUN', 'NOUN', 'FOREIGN', 'DET+NOUN+NSUFF', 'NUM', 'PREP+NOUN', 'DET+NOUN', 'HASH', 'HASH', 'HASH', 'PUNC']",Algeria
47,48,#HananeElkhader #StaracArabia الي فانز حنان حر ما غادي اصوت لحتي حد غادي نجمعو فلوسنا لبنتنا ولا ولد المغرب العربي نسيم …,"['#HananeElkhader', '#StaracArabia', 'الي', 'فانز', 'حنان', 'حر', 'ما', 'غادي', 'اصوت', 'لحتي', 'حد', 'غادي', 'نجمعو', 'فلوسنا', 'لبنتنا', 'ولا', 'ولد', 'المغرب', 'العربي', 'نسيم', '…']","['HASH', 'HASH', 'PART', 'NOUN', 'NOUN', 'ADJ', 'PART', 'PART', 'V', 'PREP+NOUN', 'NOUN', 'PART', 'V+PRON', 'NOUN+PRON', 'PREP+NOUN+PRON', 'CONJ+PART', 'NOUN', 'DET+NOUN', 'DET+ADJ', 'NOUN', 'PUNC']",Morocco
48,49,الي يحب سهيلة ماش لازم يكره انيس هو كبير و حر فتصرفاته خلاص اخطوه انا مانشجعوش من واش دار لسهيله بصح مانمرضش بيه خلاص خلوه …,"['الي', 'يحب', 'سهيلة', 'ماش', 'لازم', 'يكره', 'انيس', 'هو', 'كبير', 'و', 'حر', 'فتصرفاته', 'خلاص', 'اخطوه', 'انا', 'مانشجعوش', 'من', 'واش', 'دار', 'لسهيله', 'بصح', 'مانمرضش', 'بيه', 'خلاص', 'خلوه', '…']","['PART', 'V', 'NOUN+NSUFF', 'PART', 'NOUN', 'V', 'NOUN', 'PRON', 'ADJ', 'CONJ', 'ADJ', 'PREP+NOUN+NSUFF+PRON', 'NOUN', 'V+PRON+PRON', 'PRON', 'PART+V+NEG_PART', 'PREP', 'PART', 'V', 'PREP+NOUN+NSUFF', 'PREP+NOUN', 'PART+V+NEG_PART', 'PREP+NSUFF', 'NOUN', 'V+PRON', 'PUNC']",Algeria
49,50,#SouhilaBenLachhab اليوم رحت للعمل متاخرة البارح سهرت وفرحت بزاف ومن الفرحة طار لي النعاس هههه والي جاي واعر واعر https://t …,"['#SouhilaBenLachhab', 'اليوم', 'رحت', 'للعمل', 'متاخرة', 'البارح', 'سهرت', 'وفرحت', 'بزاف', 'ومن', 'الفرحة', 'طار', 'لي', 'النعاس', 'هههه', 'والي', 'جاي', 'واعر', 'واعر', 'https://t', '…']","['HASH', 'DET+NOUN', 'V+PRON', 'PREP+DET+NOUN', 'ADJ+NSUFF', 'DET+NOUN', 'V+PRON', 'CONJ+V+PRON', 'ADV', 'CONJ+PREP', 'DET+NOUN+NSUFF', 'V', 'PREP+PRON', 'DET+NOUN', 'EMOT', 'CONJ+PART', 'ADJ', 'ADJ', 'ADJ', 'URL', 'PUNC']",Algeria
50,51,اليوم كثرتو من زطلة هههههه مولفين درو لهستاق تاع جياحة مى هدا لهستاق ههههههههه فات للجياحة ياجيحات #ايهاب_خليفه_المرحوم_ …,"['اليوم', 'كثرتو', 'من', 'زطلة', 'هههههه', 'مولفين', 'درو', 'لهستاق', 'تاع', 'جياحة', 'مى', 'هدا', 'لهستاق', 'ههههههههه', 'فات', 'للجياحة', 'ياجيحات', '#ايهاب_خليفه_المرحوم_', '…']","['DET+NOUN', 'V+PRON', 'PREP', 'NOUN+NSUFF', 'EMOT', 'ADJ', 'V+PRON', 'DET+NOUN', 'PREP', 'NOUN+NSUFF', 'NOUN', 'PART', 'DET+NOUN', 'EMOT', 'V', 'PREP+DET+NOUN+NSUFF', 'PART+NOUN+NSUFF', 'HASH', 'PUNC']",Tunisia
51,52,@moun214 امين يا ربي باقي درك نتهنو من الهايشة 😉,"['@moun214', 'امين', 'يا', 'ربي', 'باقي', 'درك', 'نتهنو', 'من', 'الهايشة', '😉']","['MENTION', 'NOUN', 'PART', 'NOUN+PRON', 'V', 'ADV', 'V+PRON', 'PREP', 'DET+NOUN+NSUFF', 'EMOT']",Tunisia
52,53,#StaracArabia #HananeElKhader انا تعصبني حنان لما تولي تبكي كي تشوف مساج انتي لاتمثلينا المغرب لو تشوف برك نسبتها ونسب ط …,"['#StaracArabia', '#HananeElKhader', 'انا', 'تعصبني', 'حنان', 'لما', 'تولي', 'تبكي', 'كي', 'تشوف', 'مساج', 'انتي', 'لاتمثلينا', 'المغرب', 'لو', 'تشوف', 'برك', 'نسبتها', 'ونسب', 'ط', '…']","['HASH', 'HASH', 'PRON', 'V+PRON', 'NOUN', 'PART', 'V', 'V', 'PART', 'V', 'NOUN', 'PRON', 'PART+V+PRON+PRON', 'DET+NOUN', 'PART', 'V', 'NOUN', 'NOUN+NSUFF+PRON', 'CONJ+NOUN', 'NOUN', 'PUNC']",Algeria
53,54,#IhabAmir #SouhailaBenLachhab انا و الله فقعتولي مرارتي هادا جهدي عليكم المهم كلامي الاخير حنا معا سهيلة و ايهاب و ما …,"['#IhabAmir', '#SouhailaBenLachhab', 'انا', 'و', 'الله', 'فقعتولي', 'مرارتي', 'هادا', 'جهدي', 'عليكم', 'المهم', 'كلامي', 'الاخير', 'حنا', 'معا', 'سهيلة', 'و', 'ايهاب', 'و', 'ما', '…']","['HASH', 'HASH', 'PRON', 'CONJ', 'NOUN', 'V+PRON+PREP+PRON', 'NOUN+NSUFF+PRON', 'PRON', 'NOUN+PRON', 'PREP+PRON', 'DET+NOUN', 'NOUN+PRON', 'DET+NOUN', 'PRON', 'NOUN', 'NOUN+NSUFF', 'CONJ', 'NOUN', 'CONJ', 'PART', 'PUNC']",Tunisia
54,55,انتوما اصبرو مازال ما شفتو والو ؛ يخرج البسباس و يشوف الهمج على اصوله 😊 #StaracArabia https://t.co/GLcwZsctaF,"['انتوما', 'اصبرو', 'مازال', 'ما', 'شفتو', 'والو', '؛', 'يخرج', 'البسباس', 'و', 'يشوف', 'الهمج', 'على', 'اصوله', '😊', '#StaracArabia', 'https://t.co/GLcwZsctaF']","['PRON', 'V+PRON', 'PART', 'PART', 'V+PRON', 'NOUN', 'PUNC', 'V', 'DET+NOUN', 'CONJ', 'V', 'DET+NOUN', 'PREP', 'NOUN+PRON', 'EMOT', 'HASH', 'URL']",Algeria
55,56,انتي باغيه واحد يكون دمو بارد ساكت دايما جامد تغلطي ما يدويش تلعبي عليه العشره ميعاودش الهضره يكون راجل لمرا بزاف على درويش 💃,"['انتي', 'باغيه', 'واحد', 'يكون', 'دمو', 'بارد', 'ساكت', 'دايما', 'جامد', 'تغلطي', 'ما', 'يدويش', 'تلعبي', 'عليه', 'العشره', 'ميعاودش', 'الهضره', 'يكون', 'راجل', 'لمرا', 'بزاف', 'على', 'درويش', '💃']","['PRON', 'V+PRON', 'NOUN', 'V', 'NOUN+PRON', 'ADJ', 'ADJ', 'ADV', 'ADJ', 'V+PRON', 'PART', 'V+NEG_PART', 'V+PRON', 'PREP+PRON', 'DET+NOUN+NSUFF', 'PART+V+NEG_PART', 'DET+NOUN+NSUFF', 'V', 'NOUN', 'PREP+NOUN', 'ADV', 'PREP', 'NOUN', 'EMOT']",Morocco
56,57,@nadinesmayra انتي بس جربي تدخلي الجزائر وتشوفي واش خلق ربي والله غير ندخلوك زنقة الهبال يارخيسة #سهيله_لم_تنسحب_بل_طردت,"['@nadinesmayra', 'انتي', 'بس', 'جربي', 'تدخلي', 'الجزائر', 'وتشوفي', 'واش', 'خلق', 'ربي', 'والله', 'غير', 'ندخلوك', 'زنقة', 'الهبال', 'يارخيسة', '#سهيله_لم_تنسحب_بل_طردت']","['MENTION', 'PRON', 'ADV', 'V+PRON', 'V+PRON', 'DET+NOUN', 'CONJ+V+PRON', 'PART', 'V', 'NOUN+PRON', 'CONJ+NOUN', 'NOUN', 'V+PRON+PRON', 'NOUN+NSUFF', 'DET+NOUN', 'PART+NOUN+NSUFF', 'HASH']",Algeria
57,58,انتي وهوبا احلى ثنائي اسمعيه واش يقولك بغيناه اسبوع مغاربي بامتياز غنيو يحبلهم باه يلحقونا #souhilaBenLachhab #SocialMediaNi …,"['انتي', 'وهوبا', 'احلى', 'ثنائي', 'اسمعيه', 'واش', 'يقولك', 'بغيناه', 'اسبوع', 'مغاربي', 'بامتياز', 'غنيو', 'يحبلهم', 'باه', 'يلحقونا', '#souhilaBenLachhab', '#SocialMediaNi', '…']","['PRON', 'CONJ+NOUN', 'ADJ', 'NOUN', 'V+PRON+PRON', 'PART', 'V+PRON', 'V+PRON+PRON', 'NOUN', 'ADJ', 'PREP+NOUN', 'V+PRON', 'V+PREP+PRON', 'PART', 'V+PRON', 'HASH', 'HASH', 'PUNC']",Morocco
58,59,انشاء الله ترجع و يوصلها المساج نهدروا معها هي و بس ميهمنا لا فلان و لا علان كل واحد دايها فراسو حنان جمعي راسك راك فهرتينا …,"['انشاء', 'الله', 'ترجع', 'و', 'يوصلها', 'المساج', 'نهدروا', 'معها', 'هي', 'و', 'بس', 'ميهمنا', 'لا', 'فلان', 'و', 'لا', 'علان', 'كل', 'واحد', 'دايها', 'فراسو', 'حنان', 'جمعي', 'راسك', 'راك', 'فهرتينا', '…']","['NOUN', 'NOUN', 'V', 'CONJ', 'V+PRON', 'DET+NOUN', 'V+PRON', 'CONJ+PRON', 'PRON', 'CONJ', 'ADV', 'PART+V+PRON', 'PART', 'NOUN', 'CONJ', 'PART', 'NOUN', 'NOUN', 'NOUN', 'ADJ+NSUFF', 'PREP+NOUN+PRON', 'NOUN', 'V+PRON', 'NOUN+PRON', 'PART+PRON', 'V+PRON+PRON', 'PUNC']",Algeria
59,60,@najet811 @souad_souadsou اه اكيد التصويت م اجل اولاد المغري العربي مشي على جال الطلاب و زيد حنان و نسيم مشي قراب برك كي …,"['@najet811', '@souad_souadsou', 'اه', 'اكيد', 'التصويت', 'م', 'اجل', 'اولاد', 'المغري', 'العربي', 'مشي', 'على', 'جال', 'الطلاب', 'و', 'زيد', 'حنان', 'و', 'نسيم', 'مشي', 'قراب', 'برك', 'كي', '…']","['MENTION', 'MENTION', 'NOUN', 'ADV', 'DET+NOUN', 'PREP', 'NOUN', 'NOUN', 'DET+NOUN', 'DET+ADJ', 'PART', 'PREP', 'NOUN', 'DET+NOUN', 'CONJ', 'V', 'NOUN', 'CONJ', 'NOUN', 'PART', 'ADJ', 'NOUN', 'PART', 'PUNC']",Algeria
60,61,@DadiMila اه راه القائد دخل في بلاصة بوقرة,"['@DadiMila', 'اه', 'راه', 'القائد', 'دخل', 'في', 'بلاصة', 'بوقرة']","['MENTION', 'NOUN', 'PART+PRON', 'DET+NOUN', 'V', 'PREP', 'NOUN+NSUFF', 'NOUN+NSUFF']",Morocco
61,62,@GhitaMaroc_ اه وشفتيه هو كيفاش خاف عليها قبيلة والله تا حنان ولادنا غير عندنا شي فانز الله يهديه غيموتوا و يشوفهم مقاتلين,"['@GhitaMaroc_', 'اه', 'وشفتيه', 'هو', 'كيفاش', 'خاف', 'عليها', 'قبيلة', 'والله', 'تا', 'حنان', 'ولادنا', 'غير', 'عندنا', 'شي', 'فانز', 'الله', 'يهديه', 'غيموتوا', 'و', 'يشوفهم', 'مقاتلين']","['MENTION', 'NOUN', 'CONJ+V+PRON+PRON', 'PRON', 'PART', 'V', 'PREP+PRON', 'ADV+NSUFF', 'CONJ+NOUN', 'ADV', 'NOUN', 'NOUN+PRON', 'NOUN', 'NOUN+PRON', 'NOUN', 'NOUN', 'NOUN', 'V+PRON', 'PART+V+PRON', 'CONJ', 'V+PRON', 'ADJ+NSUFF']",Morocco
62,63,#IhabAmir #socailMediaNight اهاب ولدالشعب شعب كامل معاك ماشي غير جيش لي وراك راه اسطول لي داعمك وقالك صبر مزال غير شويه مابقا …,"['#IhabAmir', '#socailMediaNight', 'اهاب', 'ولدالشعب', 'شعب', 'كامل', 'معاك', 'ماشي', 'غير', 'جيش', 'لي', 'وراك', 'راه', 'اسطول', 'لي', 'داعمك', 'وقالك', 'صبر', 'مزال', 'غير', 'شويه', 'مابقا', '…']","['HASH', 'HASH', 'NOUN', 'NOUN+DET+NOUN', 'NOUN', 'ADJ', 'NOUN+PRON', 'PART', 'NOUN', 'NOUN', 'PART', 'NOUN+PRON', 'PART+PRON', 'NOUN', 'PART', 'V+PRON', 'CONJ+V+PRON', 'V', 'PART', 'NOUN', 'NOUN+NSUFF', 'PART+V', 'PUNC']",Algeria
63,64,اول مرة نقمع شي واحد بهاد الطريقة ولكن هاد المسمى اونزيم يستاهل القصف ! حثالة تويتر https://t.co/5A2zxFdiUp,"['اول', 'مرة', 'نقمع', 'شي', 'واحد', 'بهاد', 'الطريقة', 'ولكن', 'هاد', 'المسمى', 'اونزيم', 'يستاهل', 'القصف', '!', 'حثالة', 'تويتر', 'https://t.co/5A2zxFdiUp']","['NOUN', 'NOUN+NSUFF', 'V', 'NOUN', 'ADJ', 'PREP+PRON', 'DET+NOUN+NSUFF', 'CONJ+PART', 'PRON', 'DET+NOUN', 'NOUN', 'V', 'DET+NOUN', 'PUNC', 'ADJ+NSUFF', 'NOUN', 'URL']",Morocco
64,65,@nabiloussama16 ايه والله بزاف كي قصفتهم البارح سهيلة راحو يديرو فتنة على اهاب مع حبيبتو السابقة و بلي يكرهنا حسادين,"['@nabiloussama16', 'ايه', 'والله', 'بزاف', 'كي', 'قصفتهم', 'البارح', 'سهيلة', 'راحو', 'يديرو', 'فتنة', 'على', 'اهاب', 'مع', 'حبيبتو', 'السابقة', 'و', 'بلي', 'يكرهنا', 'حسادين']","['MENTION', 'PART', 'CONJ+NOUN', 'ADV', 'PART', 'V+PRON+PRON', 'DET+NOUN', 'NOUN+NSUFF', 'V+PRON', 'V+PRON', 'NOUN+NSUFF', 'PREP', 'NOUN', 'CONJ', 'NOUN+NSUFF+PRON', 'DET+NOUN+NSUFF', 'CONJ', 'ADV', 'V+PRON', 'NOUN+NSUFF']",Algeria
65,66,ايهاب تهلا فحنان وماتخلش البراني يضحك عليها راك فاهم الرجولة منذ الطفولة وخلكم مجموعين مع نسوم وانيس غنيو لي #IhabAmir # …,"['ايهاب', 'تهلا', 'فحنان', 'وماتخلش', 'البراني', 'يضحك', 'عليها', 'راك', 'فاهم', 'الرجولة', 'منذ', 'الطفولة', 'وخلكم', 'مجموعين', 'مع', 'نسوم', 'وانيس', 'غنيو', 'لي', '#IhabAmir', '#', '…']","['NOUN', 'V', 'PREP+NOUN', 'CONJ+PART+V+NEG_PART', 'DET+NOUN', 'V', 'PREP+PRON', 'PART+PRON', 'ADJ', 'DET+NOUN+NSUFF', 'PREP', 'DET+NOUN+NSUFF', 'CONJ+V+PRON', 'ADJ+NSUFF', 'CONJ', 'NOUN', 'CONJ+NOUN', 'V+PRON', 'PREP+PRON', 'HASH', 'PUNC', 'PUNC']",Algeria
66,67,ايهاب حديث الساعة يا ناس راه ماشي فينال هدرو شوية على الفيناليست و خليوه عليكم الكل حابب يحتكرو لازم يرضي الكل #staracara …,"['ايهاب', 'حديث', 'الساعة', 'يا', 'ناس', 'راه', 'ماشي', 'فينال', 'هدرو', 'شوية', 'على', 'الفيناليست', 'و', 'خليوه', 'عليكم', 'الكل', 'حابب', 'يحتكرو', 'لازم', 'يرضي', 'الكل', '#staracara', '…']","['NOUN', 'NOUN', 'DET+NOUN+NSUFF', 'PART', 'NOUN', 'PART+PRON', 'PART', 'NOUN', 'V+PRON', 'NOUN+NSUFF', 'PREP', 'DET+NOUN', 'CONJ', 'V+PRON', 'PREP+PRON', 'DET+NOUN', 'NOUN', 'V+PRON', 'NOUN', 'V', 'DET+NOUN', 'HASH', 'PUNC']",Algeria
67,68,ايهاب : راكي عارفة نتي كاش واحد يديرلك شي حاجة هنا واش ندير ؟ 😐 نطلب من اي واحد يدير شي حاجة حابة نشوف هوبتي واش يدير 😭 💔 # …,"['ايهاب', ':', 'راكي', 'عارفة', 'نتي', 'كاش', 'واحد', 'يديرلك', 'شي', 'حاجة', 'هنا', 'واش', 'ندير', '؟', '😐', 'نطلب', 'من', 'اي', 'واحد', 'يدير', 'شي', 'حاجة', 'حابة', 'نشوف', 'هوبتي', 'واش', 'يدير', '😭', '💔', '#', '…']","['NOUN', 'PUNC', 'PART+PRON', 'ADJ+NSUFF', 'PRON', 'PART', 'NOUN', 'V+PREP+PRON', 'NOUN', 'NOUN+NSUFF', 'ADV', 'PART', 'V', 'PUNC', 'EMOT', 'V', 'PREP', 'NOUN', 'NOUN', 'V', 'NOUN', 'NOUN+NSUFF', 'NOUN+NSUFF', 'V', 'NOUN+NSUFF+PRON', 'PART', 'V', 'EMOT', 'EMOT', 'PUNC', 'PUNC']",Morocco
68,69,#IhabAmir #SocialMediaNight ايهاب زير راسك راه منين كتكون ناشط كل جمهورك كيكون ناشط و منين كتقلق كنتقلقوا معاك . حق الرب …,"['#IhabAmir', '#SocialMediaNight', 'ايهاب', 'زير', 'راسك', 'راه', 'منين', 'كتكون', 'ناشط', 'كل', 'جمهورك', 'كيكون', 'ناشط', 'و', 'منين', 'كتقلق', 'كنتقلقوا', 'معاك', '.', 'حق', 'الرب', '…']","['HASH', 'HASH', 'NOUN', 'V', 'NOUN+PRON', 'PART+PRON', 'ADV', 'CONJ+V', 'NOUN', 'NOUN', 'NOUN+PRON', 'CONJ+V', 'NOUN', 'CONJ', 'ADV', 'CONJ+V', 'CONJ+V+PRON', 'NOUN+PRON', 'PUNC', 'NOUN', 'DET+NOUN', 'PUNC']",Morocco
69,70,#SocialMediaNight ايهاب سهيلة كانت تحكي صح في مشهد اليوم واش ردك الحقيقي مع انو السوهابين متاكدين منو عبر لو حتى باغنية صادق …,"['#SocialMediaNight', 'ايهاب', 'سهيلة', 'كانت', 'تحكي', 'صح', 'في', 'مشهد', 'اليوم', 'واش', 'ردك', 'الحقيقي', 'مع', 'انو', 'السوهابين', 'متاكدين', 'منو', 'عبر', 'لو', 'حتى', 'باغنية', 'صادق', '…']","['HASH', 'NOUN', 'NOUN+NSUFF', 'V+PRON', 'V', 'NOUN', 'PREP', 'NOUN', 'DET+NOUN', 'PART', 'NOUN+PRON', 'DET+ADJ', 'CONJ', 'PART+PRON', 'DET+NOUN+NSUFF', 'ADJ+NSUFF', 'PREP+PRON', 'V', 'PART', 'PART', 'PREP+NOUN+NSUFF', 'ADJ', 'PUNC']",Morocco
70,71,ايهاب لوكان راه راكب ف فكرون لوكان وصل للبنان 😒 😒 طمنونا يا جماعة قولولكم كلمة ! ! ايهاب و سوكا فين ؟ #StaracArabia,"['ايهاب', 'لوكان', 'راه', 'راكب', 'ف', 'فكرون', 'لوكان', 'وصل', 'للبنان', '😒', '😒', 'طمنونا', 'يا', 'جماعة', 'قولولكم', 'كلمة', '!', '!', 'ايهاب', 'و', 'سوكا', 'فين', '؟', '#StaracArabia']","['NOUN', 'CONJ+V', 'PART+PRON', 'ADJ', 'PREP', 'NOUN', 'CONJ+V', 'V', 'PREP+NOUN', 'EMOT', 'EMOT', 'V+PRON+PRON', 'PART', 'NOUN+NSUFF', 'V+PRON+PREP+PRON', 'NOUN+NSUFF', 'PUNC', 'PUNC', 'NOUN', 'CONJ', 'NOUN', 'PART', 'PUNC', 'HASH']",Algeria
71,72,#SouhailaBenLachhab #IhabAmir ايهاب وسهيلة واحد المغرب والجزائر خاوة مغرب عربي واحد لا للفتنة واللي يلعب على الفتنة ي …,"['#SouhailaBenLachhab', '#IhabAmir', 'ايهاب', 'وسهيلة', 'واحد', 'المغرب', 'والجزائر', 'خاوة', 'مغرب', 'عربي', 'واحد', 'لا', 'للفتنة', 'واللي', 'يلعب', 'على', 'الفتنة', 'ي', '…']","['HASH', 'HASH', 'NOUN', 'CONJ+NOUN+NSUFF', 'ADJ', 'DET+NOUN', 'CONJ+DET+NOUN', 'ADJ+NSUFF', 'NOUN', 'ADJ', 'ADJ', 'PART', 'PREP+DET+NOUN+NSUFF', 'CONJ+DET+PART', 'V', 'PREP', 'DET+NOUN+NSUFF', 'NOUN', 'PUNC']",Tunisia
72,73,@GhizlaneGM اييه اللي سرقو الطاموبيل ديال نقل الاموال,"['@GhizlaneGM', 'اييه', 'اللي', 'سرقو', 'الطاموبيل', 'ديال', 'نقل', 'الاموال']","['MENTION', 'NOUN', 'PART', 'V+PRON', 'DET+NOUN', 'PREP', 'NOUN', 'DET+NOUN']",Morocco
73,74,بالعربية هادشي غير تبرهيش دعمو ولاد بلادكم و هنيو الوقت درتو الشوهة قدام البراني #حنان_ايهاب_واحد #HananeElKhader #IhabAmir,"['بالعربية', 'هادشي', 'غير', 'تبرهيش', 'دعمو', 'ولاد', 'بلادكم', 'و', 'هنيو', 'الوقت', 'درتو', 'الشوهة', 'قدام', 'البراني', '#حنان_ايهاب_واحد', '#HananeElKhader', '#IhabAmir']","['PREP+DET+NOUN+NSUFF', 'PRON', 'NOUN', 'NOUN', 'V+PRON', 'NOUN', 'NOUN+PRON', 'CONJ', 'V+PRON', 'DET+NOUN', 'V+PRON', 'DET+NOUN+NSUFF', 'ADV', 'DET+NOUN', 'HASH', 'HASH', 'HASH']",Morocco
74,75,باي باي مصر هلو لبنان غادية عند مول الحانوت لي فراس الدرب مثلا _ والله جامي شفت بحالها الحماق ديالها شاد السربيس فسبيطار ال …,"['باي', 'باي', 'مصر', 'هلو', 'لبنان', 'غادية', 'عند', 'مول', 'الحانوت', 'لي', 'فراس', 'الدرب', 'مثلا', '_', 'والله', 'جامي', 'شفت', 'بحالها', 'الحماق', 'ديالها', 'شاد', 'السربيس', 'فسبيطار', 'ال', '…']","['NOUN', 'NOUN', 'NOUN', 'NOUN', 'NOUN', 'PART+NSUFF', 'NOUN', 'NOUN', 'DET+NOUN', 'PART', 'PREP+NOUN', 'DET+NOUN', 'NOUN+CASE', 'PUNC', 'CONJ+NOUN', 'NOUN', 'V+PRON', 'PREP+NOUN+PRON', 'DET+NOUN', 'PREP+NSUFF', 'ADJ', 'DET+NOUN', 'PREP+NOUN', 'DET', 'PUNC']",Morocco
75,76,#ببسي_مع_سهيله_يلا_تقدر #بالغرام #شبه_الحنين #NouvelAn #HappyNewYear_Souhila #ابن_الجزائر انيس 3 > علاش الفتن علاش منجم …,"['#ببسي_مع_سهيله_يلا_تقدر', '#بالغرام', '#شبه_الحنين', '#NouvelAn', '#HappyNewYear_Souhila', '#ابن_الجزائر', 'انيس', '3', '>', 'علاش', 'الفتن', 'علاش', 'منجم', '…']","['HASH', 'HASH', 'HASH', 'HASH', 'HASH', 'HASH', 'NOUN', 'NUM', 'PUNC', 'PART', 'DET+NOUN', 'PART', 'ADJ', 'PUNC']",Algeria
76,77,* برد يديه معا الحديدة ديال الطاولة * #كلاسيكيات_الابتدائي,"['*', 'برد', 'يديه', 'معا', 'الحديدة', 'ديال', 'الطاولة', '*', '#كلاسيكيات_الابتدائي']","['PUNC', 'V', 'NOUN+NSUFF+PRON', 'NOUN', 'DET+NOUN+NSUFF', 'PREP', 'DET+NOUN+NSUFF', 'PUNC', 'HASH']",Morocco
77,78,بزاف عليك كل دقيقة المغرب اهاب مرقتيها نسيتينا انك جزايرية #سهيله_تحلابك_للمغرب_لا_يمثلنا,"['بزاف', 'عليك', 'كل', 'دقيقة', 'المغرب', 'اهاب', 'مرقتيها', 'نسيتينا', 'انك', 'جزايرية', '#سهيله_تحلابك_للمغرب_لا_يمثلنا']","['ADV', 'PREP+PRON', 'NOUN', 'NOUN+NSUFF', 'DET+NOUN', 'NOUN', 'V+PRON+PRON', 'V+PRON+PRON', 'PART+PRON', 'NOUN+NSUFF', 'HASH']",Algeria
78,79,بزاف عليك وصعيب تلعبي بيا شكون للي كذب عليك وقلك باقي نيه ما بغاش قلبك يفيق ما شدتيش معايا الطريق عمري فيك ميليق حسن ليك بعدي عل …,"['بزاف', 'عليك', 'وصعيب', 'تلعبي', 'بيا', 'شكون', 'للي', 'كذب', 'عليك', 'وقلك', 'باقي', 'نيه', 'ما', 'بغاش', 'قلبك', 'يفيق', 'ما', 'شدتيش', 'معايا', 'الطريق', 'عمري', 'فيك', 'ميليق', 'حسن', 'ليك', 'بعدي', 'عل', '…']","['ADV', 'PREP+PRON', 'CONJ+NOUN', 'V+PRON', 'PREP+PRON', 'PART', 'PREP+PART', 'V', 'PREP+PRON', 'CONJ+V+PRON', 'V', 'NOUN+NSUFF', 'PART', 'V+NEG_PART', 'NOUN+PRON', 'V', 'PART', 'V+PRON+NEG_PART', 'NOUN+PRON', 'DET+NOUN', 'NOUN+PRON', 'PREP+PRON', 'PART+V', 'NOUN', 'PREP+PRON', 'ADV+PRON', 'PREP', 'PUNC']",Tunisia
79,80,@HasamiBouchra بصح انا مراكشية خخخخخ وكاينة فاسبانيا خخخخ فين كاينة فمراكش,"['@HasamiBouchra', 'بصح', 'انا', 'مراكشية', 'خخخخخ', 'وكاينة', 'فاسبانيا', 'خخخخ', 'فين', 'كاينة', 'فمراكش']","['MENTION', 'PREP+NOUN', 'PRON', 'ADJ+NSUFF', 'EMOT', 'CONJ+ADJ+NSUFF', 'PREP+NOUN', 'EMOT', 'PART', 'ADJ+NSUFF', 'PREP+NOUN']",Morocco
80,81,بصح ما نعرفش قداه الساعة لي لازم تروح فيها اوكي,"['بصح', 'ما', 'نعرفش', 'قداه', 'الساعة', 'لي', 'لازم', 'تروح', 'فيها', 'اوكي']","['PREP+NOUN', 'PART', 'V+NEG_PART', 'NOUN', 'DET+NOUN+NSUFF', 'PART', 'NOUN', 'V', 'PREP+PRON', 'NOUN']",Libya
81,82,#NassimRaissi #SocialMediaNight بعد خروج ايهاب انيس و سوسو المغاربة يشجعوك انت و بيسو نبغييك بزاف سلم على المحترمة حبيبتي هايدي و رافاييل,"['#NassimRaissi', '#SocialMediaNight', 'بعد', 'خروج', 'ايهاب', 'انيس', 'و', 'سوسو', 'المغاربة', 'يشجعوك', 'انت', 'و', 'بيسو', 'نبغييك', 'بزاف', 'سلم', 'على', 'المحترمة', 'حبيبتي', 'هايدي', 'و', 'رافاييل']","['HASH', 'HASH', 'ADV', 'NOUN', 'NOUN', 'NOUN', 'CONJ', 'NOUN', 'DET+NOUN+NSUFF', 'V+PRON+PRON', 'PRON', 'CONJ', 'NOUN', 'V+PRON', 'ADV', 'V', 'PREP', 'DET+NOUN+NSUFF', 'NOUN+NSUFF+PRON', 'NOUN', 'CONJ', 'NOUN']",Algeria
82,83,بغيت شكارة ديال الرويض #كلاسيكيات_الابتدائي,"['بغيت', 'شكارة', 'ديال', 'الرويض', '#كلاسيكيات_الابتدائي']","['V+PRON', 'NOUN+NSUFF', 'PREP', 'DET+NOUN', 'HASH']",Morocco
83,84,بغيتها غا تخرج من اذاعة تدخل لوحدة اخرى لكن هادشي غا متمنيات و ما غا يقدر يتحقق الا اذا كان اتحاد ( اعيدها ) ماشي كلا ف جهة #I …,"['بغيتها', 'غا', 'تخرج', 'من', 'اذاعة', 'تدخل', 'لوحدة', 'اخرى', 'لكن', 'هادشي', 'غا', 'متمنيات', 'و', 'ما', 'غا', 'يقدر', 'يتحقق', 'الا', 'اذا', 'كان', 'اتحاد', '(', 'اعيدها', ')', 'ماشي', 'كلا', 'ف', 'جهة', '#I', '…']","['V+PRON+PRON', 'PART', 'V', 'PREP', 'NOUN+NSUFF', 'V', 'PREP+NOUN+NSUFF', 'NOUN', 'PART', 'PRON', 'PART', 'NOUN+NSUFF', 'CONJ', 'PART', 'PART', 'V', 'V', 'PART', 'PART', 'V', 'NOUN', 'PUNC', 'V+PRON', 'PUNC', 'PART', 'NOUN', 'PREP', 'NOUN+NSUFF', 'HASH', 'PUNC']",Morocco
84,85,#StaracArabia #HananeElkhader #IhabAmir بغيتو غير شوهة مرحبا الخانزات ياترى علاش مانتقدتو سكينة لي كانت تبكي ع رفاييل …,"['#StaracArabia', '#HananeElkhader', '#IhabAmir', 'بغيتو', 'غير', 'شوهة', 'مرحبا', 'الخانزات', 'ياترى', 'علاش', 'مانتقدتو', 'سكينة', 'لي', 'كانت', 'تبكي', 'ع', 'رفاييل', '…']","['HASH', 'HASH', 'HASH', 'V+PRON', 'NOUN', 'NOUN+NSUFF', 'NOUN', 'DET+NOUN+NSUFF', 'PART+V', 'PART', 'PART+V+PRON', 'NOUN+NSUFF', 'PART', 'V+PRON', 'V', 'PREP', 'NOUN', 'PUNC']",Morocco
85,86,بغيتي يكون عندك #الزهر مع بنادم فهاد البلاد ؟ كذب و تفلا و جرجر عباد الله ، غادي تولي أنت هو سيدي و مولاي و مابحالك حد . . …,"['بغيتي', 'يكون', 'عندك', '#الزهر', 'مع', 'بنادم', 'فهاد', 'البلاد', '؟', 'كذب', 'و', 'تفلا', 'و', 'جرجر', 'عباد', 'الله', '،', 'غادي', 'تولي', 'أنت', 'هو', 'سيدي', 'و', 'مولاي', 'و', 'مابحالك', 'حد', '.', '.', '…']","['V+PRON', 'V', 'NOUN+PRON', 'HASH', 'CONJ', 'NOUN', 'PREP+PRON', 'DET+NOUN', 'PUNC', 'V', 'CONJ', 'V', 'CONJ', 'V', 'NOUN', 'NOUN', 'PUNC', 'PART', 'V', 'PRON', 'PRON', 'NOUN+PRON', 'CONJ', 'NOUN', 'CONJ', 'PART+PART+NOUN+PRON', 'NOUN', 'PUNC', 'PUNC', 'PUNC']",Morocco
86,87,#WeWantSouhilaInConstantine بلا مانحكيو راها معروفة شكون سهيلة فالمهرجانات 😔 نتمنى نشوفوها في عاصمة الثقافة قسنطينة 😆 ❤ https : …,"['#WeWantSouhilaInConstantine', 'بلا', 'مانحكيو', 'راها', 'معروفة', 'شكون', 'سهيلة', 'فالمهرجانات', '😔', 'نتمنى', 'نشوفوها', 'في', 'عاصمة', 'الثقافة', 'قسنطينة', '😆', '❤', 'https', ':', '…']","['HASH', 'PREP+PART', 'PART+V+PRON', 'PART+PRON', 'ADJ+NSUFF', 'PART', 'NOUN+NSUFF', 'PREP+DET+NOUN+NSUFF', 'EMOT', 'V', 'V+PRON+PRON', 'PREP', 'NOUN+NSUFF', 'DET+NOUN+NSUFF', 'NOUN+NSUFF', 'EMOT', 'EMOT', 'URL', 'PUNC', 'PUNC']",Algeria
87,88,بليز سوهابيين انشروها باش توصل لايهاب بليز #SouhailaBenLachhab #IhabAmir https://t.co/hicE1VdfMb,"['بليز', 'سوهابيين', 'انشروها', 'باش', 'توصل', 'لايهاب', 'بليز', '#SouhailaBenLachhab', '#IhabAmir', 'https://t.co/hicE1VdfMb']","['NOUN', 'NOUN', 'V+PRON+PRON', 'PART', 'V', 'PREP+NOUN', 'NOUN', 'HASH', 'HASH', 'URL']",Algeria
88,89,@AmNaAlgeriana @akdi2014oumaima بلييز اخواننا الجزائريين عاونو حنان في الفولورز راه كلشي فاتها مفهمناش كيفاش اذا كان ممكن #H …,"['@AmNaAlgeriana', '@akdi2014oumaima', 'بلييز', 'اخواننا', 'الجزائريين', 'عاونو', 'حنان', 'في', 'الفولورز', 'راه', 'كلشي', 'فاتها', 'مفهمناش', 'كيفاش', 'اذا', 'كان', 'ممكن', '#H', '…']","['MENTION', 'MENTION', 'NOUN', 'NOUN+PRON', 'DET+ADJ+NSUFF', 'V+PRON', 'NOUN', 'PREP', 'DET+NOUN', 'PART+PRON', 'NOUN', 'V+PRON', 'PART+V+PRON+NEG_PART', 'PART', 'PART', 'V', 'NOUN', 'HASH', 'PUNC']",Algeria
89,90,#hananeelkhader بنادم مكلخ واش بغيتو نبقى نصرع على امك كاملين لبدوها وسكتو تتحدتون عن تشريف المغرب وبلابلا وانتوما محسادة شي …,"['#hananeelkhader', 'بنادم', 'مكلخ', 'واش', 'بغيتو', 'نبقى', 'نصرع', 'على', 'امك', 'كاملين', 'لبدوها', 'وسكتو', 'تتحدتون', 'عن', 'تشريف', 'المغرب', 'وبلابلا', 'وانتوما', 'محسادة', 'شي', '…']","['HASH', 'NOUN+NOUN', 'ADJ', 'PART', 'V+PRON', 'V', 'V', 'PREP', 'NOUN+PRON', 'NOUN+NSUFF', 'PART+V+PRON', 'CONJ+V+PRON', 'V+PRON', 'PREP', 'NOUN', 'DET+NOUN', 'CONJ+NOUN', 'CONJ+PRON', 'ADJ+NSUFF', 'NOUN', 'PUNC']",Morocco
90,91,@souhilastar4 بنت بلادي فانز عباس وخاصة بنت سعودية واخت عباس يخططون ضد سهيلة ويقولون لازم عباس مايحكي مع شنتال باش يفرق …,"['@souhilastar4', 'بنت', 'بلادي', 'فانز', 'عباس', 'وخاصة', 'بنت', 'سعودية', 'واخت', 'عباس', 'يخططون', 'ضد', 'سهيلة', 'ويقولون', 'لازم', 'عباس', 'مايحكي', 'مع', 'شنتال', 'باش', 'يفرق', '…']","['MENTION', 'NOUN', 'NOUN+PRON', 'NOUN', 'NOUN', 'CONJ+NOUN+NSUFF', 'NOUN', 'NOUN+NSUFF', 'CONJ+NOUN+NSUFF', 'NOUN', 'V+PRON', 'NOUN', 'NOUN+NSUFF', 'CONJ+V+PRON', 'NOUN', 'NOUN', 'PART+V', 'CONJ', 'NOUN', 'PART', 'V', 'PUNC']",Tunisia
91,92,بنت بلد المليون و نصف مليون شهيد بلد القارة لم اختار ان اكون جزائرية لكن ربي حبني باش نكون من بﻻد لي واحد ما يطيح بشعبها 💪 …,"['بنت', 'بلد', 'المليون', 'و', 'نصف', 'مليون', 'شهيد', 'بلد', 'القارة', 'لم', 'اختار', 'ان', 'اكون', 'جزائرية', 'لكن', 'ربي', 'حبني', 'باش', 'نكون', 'من', 'بﻻد', 'لي', 'واحد', 'ما', 'يطيح', 'بشعبها', '💪', '…']","['NOUN', 'NOUN', 'DET+NOUN', 'CONJ', 'NOUN', 'NOUN', 'NOUN', 'NOUN', 'DET+NOUN+NSUFF', 'PART', 'V', 'PART', 'V', 'NOUN+NSUFF', 'PART', 'NOUN+NSUFF', 'V+PRON', 'PART', 'V', 'PREP', 'NOUN', 'PART', 'NOUN', 'PART', 'V', 'PREP+NOUN+PRON', 'EMOT', 'PUNC']",Tunisia
92,93,بينالتي واخا ، ولكن علاش الحمرا ، علاش ؟,"['بينالتي', 'واخا', '،', 'ولكن', 'علاش', 'الحمرا', '،', 'علاش', '؟']","['NOUN', 'NOUN', 'PUNC', 'CONJ+PART', 'PART', 'DET+NOUN', 'PUNC', 'PART', 'PUNC']",Morocco
93,94,@Gulia_Salim @ninoucha3006 شكون اللي قالو ما ديروا والوا والله رانا خدامين و حكيت مع حصة جزائرية وعدوني يجيبوا اهاب و سوها,"['@Gulia_Salim', '@ninoucha3006', 'شكون', 'اللي', 'قالو', 'ما', 'ديروا', 'والوا', 'والله', 'رانا', 'خدامين', 'و', 'حكيت', 'مع', 'حصة', 'جزائرية', 'وعدوني', 'يجيبوا', 'اهاب', 'و', 'سوها']","['MENTION', 'MENTION', 'PART', 'PART', 'V+PRON', 'PART', 'V+PRON', 'NOUN', 'CONJ+NOUN', 'PART+PRON', 'NOUN+NSUFF', 'CONJ', 'V+PRON', 'CONJ', 'NOUN+NSUFF', 'ADJ+NSUFF', 'V+PRON+PRON', 'V+PRON', 'NOUN', 'CONJ', 'NOUN']",Tunisia
94,95,#كلاسيكيات_الابتدائي - كتسخن يديك فـالدجين قبل ما تاكل العصى و من بعد ما كتاكلها كتجي تبرد يديك فديك الحديدة ديال الطاولة …,"['#كلاسيكيات_الابتدائي', '-', 'كتسخن', 'يديك', 'فـالدجين', 'قبل', 'ما', 'تاكل', 'العصى', 'و', 'من', 'بعد', 'ما', 'كتاكلها', 'كتجي', 'تبرد', 'يديك', 'فديك', 'الحديدة', 'ديال', 'الطاولة', '…']","['HASH', 'PUNC', 'CONJ+V', 'NOUN+NSUFF+PRON', 'PREP+DET+NOUN', 'ADV', 'PART', 'V', 'DET+NOUN', 'CONJ', 'PREP', 'ADV', 'PART', 'PROG_PART+V+PRON', 'CONJ+V', 'V', 'NOUN+NSUFF+PRON', 'PREP+NOUN+PRON', 'DET+NOUN+NSUFF', 'PREP', 'DET+NOUN+NSUFF', 'PUNC']",Morocco
95,96,@souhilabintarab تستاهلي كل الناس يحبوك انت بنت العرب وحدتي شعبين وبسببك انت وايهاب ماصراش كيما العام ليفات,"['@souhilabintarab', 'تستاهلي', 'كل', 'الناس', 'يحبوك', 'انت', 'بنت', 'العرب', 'وحدتي', 'شعبين', 'وبسببك', 'انت', 'وايهاب', 'ماصراش', 'كيما', 'العام', 'ليفات']","['MENTION', 'V+PRON', 'NOUN', 'DET+NOUN', 'V+PRON+PRON', 'PRON', 'NOUN', 'DET+NOUN', 'V+PRON+PRON', 'NOUN+NSUFF', 'CONJ+PREP+NOUN+PRON', 'PRON', 'CONJ+NOUN', 'PART+V+NEG_PART', 'ADV', 'DET+NOUN', 'PRON+V']",Tunisia
96,97,تسكاتيين اشنو كاتبة ابتسام في هدا صورة واش كاين شي حد يجاوب #IbtissamTiskat https://t.co/R70AqCeemw,"['تسكاتيين', 'اشنو', 'كاتبة', 'ابتسام', 'في', 'هدا', 'صورة', 'واش', 'كاين', 'شي', 'حد', 'يجاوب', '#IbtissamTiskat', 'https://t.co/R70AqCeemw']","['PART+NOUN+NSUFF', 'PART', 'NOUN+NSUFF', 'NOUN', 'PREP', 'PART', 'NOUN+NSUFF', 'PART', 'ADJ', 'NOUN', 'NOUN', 'V', 'HASH', 'URL']",Morocco
97,98,تصبحوا على خير يا رباعه ديال المسطيين #كلاسيكيات_الابتدائي http://t.co/QBM8haI8pM,"['تصبحوا', 'على', 'خير', 'يا', 'رباعه', 'ديال', 'المسطيين', '#كلاسيكيات_الابتدائي', 'http://t.co/QBM8haI8pM']","['V+PRON', 'PREP', 'NOUN', 'PART', 'NOUN+NSUFF', 'PREP', 'DET+NOUN+NSUFF', 'HASH', 'URL']",Morocco
98,99,تفكرت ريم غزالي كي حكات نهار خرجوها تشوف لبنان قالت 3 ساعات كملنا دورة قالتلهم هاكا تقول راني من باب الواد لحيدرة ل زيرالدة …,"['تفكرت', 'ريم', 'غزالي', 'كي', 'حكات', 'نهار', 'خرجوها', 'تشوف', 'لبنان', 'قالت', '3', 'ساعات', 'كملنا', 'دورة', 'قالتلهم', 'هاكا', 'تقول', 'راني', 'من', 'باب', 'الواد', 'لحيدرة', 'ل', 'زيرالدة', '…']","['V+PRON', 'NOUN', 'NOUN', 'PART', 'V+PRON', 'NOUN', 'V+PRON+PRON', 'V', 'NOUN', 'V+PRON', 'NUM', 'NOUN+NSUFF', 'V+PRON', 'NOUN+NSUFF', 'V+PRON+PREP+PRON', 'ADV', 'V', 'PART+PRON', 'PREP', 'NOUN', 'DET+NOUN', 'NOUN+NSUFF', 'PREP', 'NOUN+NSUFF', 'PUNC']",Algeria
99,100,#كلاسيكيات_الابتدائي تكري من الخزانة ديال القسم هاد القصص ب ربعة دريال http://t.co/IqxcggbQ4V,"['#كلاسيكيات_الابتدائي', 'تكري', 'من', 'الخزانة', 'ديال', 'القسم', 'هاد', 'القصص', 'ب', 'ربعة', 'دريال', 'http://t.co/IqxcggbQ4V']","['HASH', 'V', 'PREP', 'DET+NOUN+NSUFF', 'PREP', 'DET+NOUN', 'PRON', 'DET+NOUN', 'PREP', 'NOUN+NSUFF', 'PART+NOUN', 'URL']",Morocco
100,101,شكون من المواهب تبغيو تشوفو معايا في سهرة 4 مارس بميكاراما الدارالبيضاء ؟ خليو اقتراحاتكم http://ift.tt/1T8y2Qq,"['شكون', 'من', 'المواهب', 'تبغيو', 'تشوفو', 'معايا', 'في', 'سهرة', '4', 'مارس', 'بميكاراما', 'الدارالبيضاء', '؟', 'خليو', 'اقتراحاتكم', 'http://ift.tt/1T8y2Qq']","['PART', 'PREP', 'DET+NOUN', 'V+PRON', 'V+PRON', 'NOUN+PRON', 'PREP', 'NOUN+NSUFF', 'NUM', 'NOUN', 'PREP+NOUN', 'DET+NOUN+DET+NOUN', 'PUNC', 'V+PRON', 'NOUN+NSUFF+PRON', 'URL']",Algeria
101,102,@SouhilaBnLachab تنبيه : هذا كذاب لا تصدقوه حسابها راه يمشي . ... https://t.co/TtUhTxzdof #SouhilaBenLachhab #لن_اتخلي_عن_سهيله,"['@SouhilaBnLachab', 'تنبيه', ':', 'هذا', 'كذاب', 'لا', 'تصدقوه', 'حسابها', 'راه', 'يمشي', '.', '...', 'https://t.co/TtUhTxzdof', '#SouhilaBenLachhab', '#لن_اتخلي_عن_سهيله']","['MENTION', 'NOUN', 'PUNC', 'PRON', 'NOUN', 'PART', 'V+PRON+PRON', 'NOUN+NSUFF', 'PART+PRON', 'V', 'PUNC', 'PUNC', 'URL', 'HASH', 'HASH']",Algeria
102,103,#توحشناك_يا_ايهاب #توحشناك_يا_ايهاب #الله_يشافيك_ايهاب توحشنا الضحكة الخطيييرة ديال إيهاب #IhabAmir,"['#توحشناك_يا_ايهاب', '#توحشناك_يا_ايهاب', '#الله_يشافيك_ايهاب', 'توحشنا', 'الضحكة', 'الخطيييرة', 'ديال', 'إيهاب', '#IhabAmir']","['HASH', 'HASH', 'HASH', 'V+PRON', 'DET+NOUN+NSUFF', 'DET+ADJ+NSUFF', 'PREP', 'NOUN', 'HASH']",Morocco
103,104,جميل ان جمهور ستارك الجزائري والمغربي هاد السيزين متفاهم هههه لكن هاد التفاهم ماشي يعني مبقيناش اعداء ندور على عدو اخر ههه …,"['جميل', 'ان', 'جمهور', 'ستارك', 'الجزائري', 'والمغربي', 'هاد', 'السيزين', 'متفاهم', 'هههه', 'لكن', 'هاد', 'التفاهم', 'ماشي', 'يعني', 'مبقيناش', 'اعداء', 'ندور', 'على', 'عدو', 'اخر', 'ههه', '…']","['NOUN', 'PART', 'NOUN', 'NOUN', 'DET+ADJ', 'CONJ+DET+ADJ', 'PRON', 'DET+NOUN', 'ADJ', 'EMOT', 'PART', 'PRON', 'DET+NOUN', 'PART', 'V', 'PART+V+PRON+NEG_PART', 'NOUN', 'V', 'PREP', 'NOUN', 'NOUN', 'EMOT', 'PUNC']",Morocco
104,105,جيبو لي بو كراوع ستيلو غوز نوريه واش المغرب بعيد على الجزائر 🌚 نحكموك في الحدود رجل في المغرب و رجل في الجزائر و التحت اش …,"['جيبو', 'لي', 'بو', 'كراوع', 'ستيلو', 'غوز', 'نوريه', 'واش', 'المغرب', 'بعيد', 'على', 'الجزائر', '🌚', 'نحكموك', 'في', 'الحدود', 'رجل', 'في', 'المغرب', 'و', 'رجل', 'في', 'الجزائر', 'و', 'التحت', 'اش', '…']","['V+PRON', 'PREP+PRON', 'NOUN', 'NOUN', 'NOUN', 'ADJ', 'V+PRON', 'PART', 'DET+NOUN', 'ADJ', 'PREP', 'DET+NOUN', 'EMOT', 'V+PRON+PRON', 'PREP', 'DET+NOUN', 'NOUN', 'PREP', 'DET+NOUN', 'CONJ', 'NOUN', 'PREP', 'DET+NOUN', 'CONJ', 'DET+ADV', 'PART', 'PUNC']",Morocco
105,106,حابة نشوف غدة فعل سوسو كي تشوف البسباس لابس داك السغوال 👖 سوغ رح تتفكغ تاع البيغيسكوپ 😂 😂 @souhilabintarab #SouhilaBenLachhab # …,"['حابة', 'نشوف', 'غدة', 'فعل', 'سوسو', 'كي', 'تشوف', 'البسباس', 'لابس', 'داك', 'السغوال', '👖', 'سوغ', 'رح', 'تتفكغ', 'تاع', 'البيغيسكوپ', '😂', '😂', '@souhilabintarab', '#SouhilaBenLachhab', '#', '…']","['NOUN+NSUFF', 'V', 'ADV+NSUFF', 'NOUN', 'NOUN', 'PART', 'V', 'DET+NOUN', 'ADJ', 'PRON', 'DET+NOUN', 'EMOT', 'NOUN', 'PART', 'V', 'PREP', 'DET+NOUN', 'EMOT', 'EMOT', 'MENTION', 'HASH', 'PUNC', 'PUNC']",Algeria
106,107,حابسينها عندهم مخسروش عليها حتى زيارة من الطلاب كان بعتولها ولد بلادها عالاقل هاد ظلم ولامش ظلم @SuhilaBnLachhab #الجيش_السه …,"['حابسينها', 'عندهم', 'مخسروش', 'عليها', 'حتى', 'زيارة', 'من', 'الطلاب', 'كان', 'بعتولها', 'ولد', 'بلادها', 'عالاقل', 'هاد', 'ظلم', 'ولامش', 'ظلم', '@SuhilaBnLachhab', '#الجيش_السه', '…']","['V+PRON+PRON', 'NOUN+PRON', 'PART+V+PRON+NEG_PART', 'PREP+PRON', 'PART', 'NOUN+NSUFF', 'PREP', 'DET+NOUN', 'V', 'V+PRON+PREP+PRON', 'NOUN', 'NOUN+PRON', 'PREP+DET+NOUN', 'PRON', 'NOUN', 'CONJ+PART+PART', 'NOUN', 'MENTION', 'HASH', 'PUNC']",Algeria
107,108,@faridarguiba حتى حنا يا لغزاله ضربي طله على سهيلة فالتويتر تاعها,"['@faridarguiba', 'حتى', 'حنا', 'يا', 'لغزاله', 'ضربي', 'طله', 'على', 'سهيلة', 'فالتويتر', 'تاعها']","['MENTION', 'PART', 'PRON', 'PART', 'DET+NOUN+NSUFF', 'V+PRON', 'NOUN+NSUFF', 'PREP', 'NOUN+NSUFF', 'PREP+DET+NOUN', 'PREP+PRON']",Libya
108,109,@79Anise @ChawkiOfficial @AnisBourahla1 حرام عليكم ديو مرة واحدة لشوقي وانيس تموتونا ياحبيبي مازال غير كيما جينا للدنيا …,"['@79Anise', '@ChawkiOfficial', '@AnisBourahla1', 'حرام', 'عليكم', 'ديو', 'مرة', 'واحدة', 'لشوقي', 'وانيس', 'تموتونا', 'ياحبيبي', 'مازال', 'غير', 'كيما', 'جينا', 'للدنيا', '…']","['MENTION', 'MENTION', 'MENTION', 'NOUN', 'PREP+PRON', 'V+PRON', 'NOUN+NSUFF', 'ADJ+NSUFF', 'PREP+NOUN', 'CONJ+NOUN', 'V+PRON+PRON', 'PART+NOUN+PRON', 'PART', 'NOUN', 'ADV', 'V+PRON', 'PREP+DET+NOUN', 'PUNC']",Tunisia
109,110,#حركة_كايدينهم #لا_لتغيير_قانون_الانتخابات #نؤيد_تحصين_لجنة_انتخابات_الرئاسة ايه يا خويا شوية السياسين العرر اللي مش عايزين,"['#حركة_كايدينهم', '#لا_لتغيير_قانون_الانتخابات', '#نؤيد_تحصين_لجنة_انتخابات_الرئاسة', 'ايه', 'يا', 'خويا', 'شوية', 'السياسين', 'العرر', 'اللي', 'مش', 'عايزين']","['HASH', 'HASH', 'HASH', 'PART', 'PART', 'NOUN+PRON', 'NOUN+NSUFF', 'DET+NOUN+NSUFF', 'DET+NOUN', 'PART', 'PART', 'ADJ+NSUFF']",Egypt
110,111,حسب عاجل قناة الخضراء اليوم الصبح صار انفجار بسيارة مفخخة في صبراتة - زعما خبر حق ولا زيادة بهارات بس https://t.co/nbc0f… …,"['حسب', 'عاجل', 'قناة', 'الخضراء', 'اليوم', 'الصبح', 'صار', 'انفجار', 'بسيارة', 'مفخخة', 'في', 'صبراتة', '-', 'زعما', 'خبر', 'حق', 'ولا', 'زيادة', 'بهارات', 'بس', 'https://t.co/nbc0f…', '…']","['NOUN', 'ADJ', 'NOUN+NSUFF', 'DET+NOUN', 'DET+NOUN', 'DET+NOUN', 'V', 'NOUN', 'PREP+NOUN+NSUFF', 'ADJ+NSUFF', 'PREP', 'NOUN+NSUFF', 'PUNC', 'ADV+CASE', 'NOUN', 'NOUN', 'CONJ+PART', 'NOUN+NSUFF', 'NOUN+NSUFF', 'ADV', 'URL', 'PUNC']",Tunisia
111,112,#كلاسيكيات_الابتدائي حط زغبة حمار فالكرسي ديال الأستاذ باش مايجيش,"['#كلاسيكيات_الابتدائي', 'حط', 'زغبة', 'حمار', 'فالكرسي', 'ديال', 'الأستاذ', 'باش', 'مايجيش']","['HASH', 'V', 'NOUN+NSUFF', 'NOUN', 'PREP+DET+NOUN', 'PREP', 'DET+NOUN', 'PART', 'PART+V+NEG_PART']",Morocco
112,113,@sheryfa_Teamdz @maya_sarra حلابات بلادي ينحيو الجنسية لولد بلادهم ويعطيوها للبرانية مش سامعين حتى بيهم غدوة يرفدو علم ب …,"['@sheryfa_Teamdz', '@maya_sarra', 'حلابات', 'بلادي', 'ينحيو', 'الجنسية', 'لولد', 'بلادهم', 'ويعطيوها', 'للبرانية', 'مش', 'سامعين', 'حتى', 'بيهم', 'غدوة', 'يرفدو', 'علم', 'ب', '…']","['MENTION', 'MENTION', 'NOUN+NSUFF', 'NOUN+PRON', 'V+PRON', 'DET+NOUN+NSUFF', 'PREP+NOUN', 'NOUN+PRON', 'CONJ+V+PRON', 'PREP+DET+NOUN+NSUFF', 'PART', 'NOUN+NSUFF', 'PART', 'PREP+PRON', 'ADV+NSUFF', 'V+PRON', 'NOUN', 'PREP', 'PUNC']",Libya
113,114,@noumidya19 حمارة الله يعطيها الدل بزاف عليها المغرب كتعرفو غير في التصويت باين وليدها معطاوهاش مباديء الاسلام . #StaracArab …,"['@noumidya19', 'حمارة', 'الله', 'يعطيها', 'الدل', 'بزاف', 'عليها', 'المغرب', 'كتعرفو', 'غير', 'في', 'التصويت', 'باين', 'وليدها', 'معطاوهاش', 'مباديء', 'الاسلام', '.', '#StaracArab', '…']","['MENTION', 'NOUN+NSUFF', 'NOUN', 'V+PRON', 'DET+NOUN', 'ADV', 'PREP+PRON', 'DET+NOUN', 'CONJ+V+PRON', 'NOUN', 'PREP', 'DET+NOUN', 'ADJ', 'NOUN+NSUFF', 'PART+V+PRON+PRON+NEG_PART', 'NOUN', 'DET+NOUN', 'PUNC', 'HASH', 'PUNC']",Morocco
114,115,#HananeElKhader #StaracArabia حنان للاسف نوميني بصراحة قصرات بزاف في الايفال لازم تفوق والا راح تفل,"['#HananeElKhader', '#StaracArabia', 'حنان', 'للاسف', 'نوميني', 'بصراحة', 'قصرات', 'بزاف', 'في', 'الايفال', 'لازم', 'تفوق', 'والا', 'راح', 'تفل']","['HASH', 'HASH', 'NOUN', 'PREP+DET+NOUN', 'NOUN', 'PREP+NOUN+NSUFF', 'NOUN+NSUFF', 'ADV', 'PREP', 'DET+NOUN', 'NOUN', 'V', 'CONJ+PART', 'V', 'V']",Algeria
115,116,@91sofiaa @ibtissa50624402 @Nouhayl_12 حنان وا حنان محال واش كاينة اجي غدا,"['@91sofiaa', '@ibtissa50624402', '@Nouhayl_12', 'حنان', 'وا', 'حنان', 'محال', 'واش', 'كاينة', 'اجي', 'غدا']","['MENTION', 'MENTION', 'MENTION', 'NOUN', 'PART', 'NOUN', 'NOUN', 'PART', 'ADJ+NSUFF', 'V', 'ADV+CASE']",Morocco
116,117,خاص شي واحد يدير كونسيپط ديال قهوة ممنوع فيها الكلام . شرب قهوة و تصنت لعظامك .,"['خاص', 'شي', 'واحد', 'يدير', 'كونسيپط', 'ديال', 'قهوة', 'ممنوع', 'فيها', 'الكلام', '.', 'شرب', 'قهوة', 'و', 'تصنت', 'لعظامك', '.']","['V', 'NOUN', 'ADJ', 'V', 'NOUN', 'PREP', 'NOUN+NSUFF', 'NOUN', 'PREP+PRON', 'DET+NOUN', 'PUNC', 'V', 'NOUN+NSUFF', 'CONJ', 'V', 'PREP+NOUN+PRON', 'PUNC']",Morocco
117,118,خاوتي كاين حساب كاتب مدير اعمال سهيلة كيما انا و يدير فالمشاكل تعيشو ديرولو حل رتويت #SouhilaBenLachhab @souhilabintarab,"['خاوتي', 'كاين', 'حساب', 'كاتب', 'مدير', 'اعمال', 'سهيلة', 'كيما', 'انا', 'و', 'يدير', 'فالمشاكل', 'تعيشو', 'ديرولو', 'حل', 'رتويت', '#SouhilaBenLachhab', '@souhilabintarab']","['NOUN+NSUFF+PRON', 'ADJ', 'NOUN', 'NOUN', 'NOUN', 'NOUN', 'NOUN+NSUFF', 'ADV', 'PRON', 'CONJ', 'V', 'PREP+DET+NOUN', 'V+PRON', 'V+PRON+PREP+PRON', 'NOUN', 'V', 'HASH', 'MENTION']",Algeria
118,119,#ChantalGeagea خرجتي واش ربحتي يا عيشة قنديشة غي تبهدايل رانا وراك وراك على كلام لي قولتيه لالاك,"['#ChantalGeagea', 'خرجتي', 'واش', 'ربحتي', 'يا', 'عيشة', 'قنديشة', 'غي', 'تبهدايل', 'رانا', 'وراك', 'وراك', 'على', 'كلام', 'لي', 'قولتيه', 'لالاك']","['HASH', 'V+PRON', 'PART', 'V+PRON', 'PART', 'NOUN+NSUFF', 'NOUN+NSUFF', 'NOUN', 'NOUN', 'PART+PRON', 'NOUN+PRON', 'NOUN+PRON', 'PREP', 'NOUN', 'PART', 'V+PRON+PRON', 'NOUN+PRON']",Morocco
119,120,@rimi_amir خويا خلاص خلونا نحلو هذا الموضوع خلو سوهابيين وسهلاويين مع بعض واحد ايد وقلب,"['@rimi_amir', 'خويا', 'خلاص', 'خلونا', 'نحلو', 'هذا', 'الموضوع', 'خلو', 'سوهابيين', 'وسهلاويين', 'مع', 'بعض', 'واحد', 'ايد', 'وقلب']","['MENTION', 'NOUN+PRON', 'NOUN', 'V+PRON+PRON', 'V+PRON', 'PRON', 'DET+NOUN', 'V+PRON', 'NOUN', 'CONJ+NOUN+NSUFF', 'CONJ', 'NOUN', 'NOUN', 'NOUN', 'CONJ+NOUN']",Saudi Arabia
120,121,د #قول_رايك_في_الشعب_الجزايري شعب مهبــول مرنك كَـاع يبغي لهوْل والتقرعيج مكانش لي يفهم عقليته 😇 تحيا دزاير ويحياو ولآدها وب …,"['د', '#قول_رايك_في_الشعب_الجزايري', 'شعب', 'مهبــول', 'مرنك', 'كَـاع', 'يبغي', 'لهوْل', 'والتقرعيج', 'مكانش', 'لي', 'يفهم', 'عقليته', '😇', 'تحيا', 'دزاير', 'ويحياو', 'ولآدها', 'وب', '…']","['PRON', 'HASH', 'NOUN', 'ADJ', 'ADJ', 'NOUN', 'V', 'DET+NOUN', 'CONJ+DET+NOUN', 'PART+V+NEG_PART', 'PART', 'V', 'NOUN+PRON+NSUFF', 'EMOT', 'V', 'NOUN', 'CONJ+V+PRON', 'NOUN+NSUFF', 'NOUN', 'PUNC']",Tunisia
121,122,دابا قنعوني ان حنان ماغناتش مزيان والاعلامين اللي علقو البارح ما كيفهموش في الفن وكيفاش كل مرة تيبقا يقرن بيها بزاااف هادشي # …,"['دابا', 'قنعوني', 'ان', 'حنان', 'ماغناتش', 'مزيان', 'والاعلامين', 'اللي', 'علقو', 'البارح', 'ما', 'كيفهموش', 'في', 'الفن', 'وكيفاش', 'كل', 'مرة', 'تيبقا', 'يقرن', 'بيها', 'بزاااف', 'هادشي', '#', '…']","['ADV', 'V+PRON+PRON', 'PART', 'NOUN', 'PART+V+PRON+NEG_PART', 'ADJ', 'CONJ+DET+NOUN+NSUFF', 'PART', 'V+PRON', 'DET+NOUN', 'PART', 'CONJ+V+PRON+NEG_PART', 'PREP', 'DET+NOUN', 'CONJ+PART', 'NOUN', 'NOUN+NSUFF', 'PROG_PART+V', 'V', 'PREP+NSUFF', 'ADV', 'PRON', 'PUNC', 'PUNC']",Morocco
122,123,@fatimabagossa دابا ييه نغسل المواعن و نطيب و نوكلك كاع كخخخخخخ,"['@fatimabagossa', 'دابا', 'ييه', 'نغسل', 'المواعن', 'و', 'نطيب', 'و', 'نوكلك', 'كاع', 'كخخخخخخ']","['MENTION', 'ADV', 'NOUN', 'V', 'DET+NOUN', 'CONJ', 'V', 'CONJ', 'V+PRON', 'NOUN', 'EMOT']",Lebanon
123,124,دبا القزبر و المعدنوس ديما معا بعضياتهم ، علاش ما ينوضوش فعشبة وحدة و يهنيونا ؟,"['دبا', 'القزبر', 'و', 'المعدنوس', 'ديما', 'معا', 'بعضياتهم', '،', 'علاش', 'ما', 'ينوضوش', 'فعشبة', 'وحدة', 'و', 'يهنيونا', '؟']","['ADV', 'DET+NOUN', 'CONJ', 'DET+NOUN', 'ADV', 'NOUN', 'NOUN+NSUFF+PRON', 'PUNC', 'PART', 'PART', 'V+PRON+NEG_PART', 'PREP+NOUN+NSUFF', 'ADJ+NSUFF', 'CONJ', 'V+PRON+PRON', 'PUNC']",Morocco
124,125,@ShahraaZed دبا هاد شي الي طلع معاك ونوضو شوفو شنو لازم نديرو لحسابات سهيلة وايهاب وباركة من الهضرة الخاوية وأنا كنت ايهابية …,"['@ShahraaZed', 'دبا', 'هاد', 'شي', 'الي', 'طلع', 'معاك', 'ونوضو', 'شوفو', 'شنو', 'لازم', 'نديرو', 'لحسابات', 'سهيلة', 'وايهاب', 'وباركة', 'من', 'الهضرة', 'الخاوية', 'وأنا', 'كنت', 'ايهابية', '…']","['MENTION', 'ADV', 'PRON', 'NOUN', 'PART', 'V', 'NOUN+PRON', 'CONJ+V+PRON', 'V+PRON', 'NOUN', 'NOUN', 'V+PRON', 'PREP+NOUN+NSUFF', 'NOUN+NSUFF', 'CONJ+NOUN', 'CONJ+NOUN+NSUFF', 'PREP', 'DET+NOUN+NSUFF', 'DET+ADJ+NSUFF', 'CONJ+PRON', 'V', 'NOUN+NSUFF', 'PUNC']",Morocco
125,126,@Douzi_Official دوزي واش هذي المزرعة ديالك بليز جاوبني,"['@Douzi_Official', 'دوزي', 'واش', 'هذي', 'المزرعة', 'ديالك', 'بليز', 'جاوبني']","['MENTION', 'V+PRON', 'PART', 'PART', 'DET+NOUN+NSUFF', 'PREP+PRON', 'NOUN', 'V+PRON']",Algeria
126,127,ديك السريسرة ديال آخر نهار فالعطلة #كلاسيكيات_الابتدائي,"['ديك', 'السريسرة', 'ديال', 'آخر', 'نهار', 'فالعطلة', '#كلاسيكيات_الابتدائي']","['PRON', 'DET+NOUN+NSUFF', 'PREP', 'NOUN', 'NOUN', 'PREP+DET+NOUN+NSUFF', 'HASH']",Morocco
127,128,#ذكرياتنا_مع_سهيلة أكثر حاجة دايما نتفكرها كيما كانت تعزف في القيتار يوم عيد ميلادها و تغني كي اليوم هاد اليوم بكيت معاها,"['#ذكرياتنا_مع_سهيلة', 'أكثر', 'حاجة', 'دايما', 'نتفكرها', 'كيما', 'كانت', 'تعزف', 'في', 'القيتار', 'يوم', 'عيد', 'ميلادها', 'و', 'تغني', 'كي', 'اليوم', 'هاد', 'اليوم', 'بكيت', 'معاها']","['HASH', 'ADJ', 'NOUN+NSUFF', 'ADV', 'V+PRON', 'ADV', 'V+PRON', 'V', 'PREP', 'DET+NOUN', 'NOUN', 'NOUN', 'NOUN+NSUFF', 'CONJ', 'V', 'PART', 'DET+NOUN', 'PRON', 'DET+NOUN', 'V+PRON', 'NOUN+PRON']",Algeria
128,129,رائعة باللقاء حافظت على العفوية ديالها ولكن تحسن طريقة الكلام رجعت تعرف تجاوب و تعمل حوار وهاد الشي فرحني بزاف شكرا بسوم @Ib …,"['رائعة', 'باللقاء', 'حافظت', 'على', 'العفوية', 'ديالها', 'ولكن', 'تحسن', 'طريقة', 'الكلام', 'رجعت', 'تعرف', 'تجاوب', 'و', 'تعمل', 'حوار', 'وهاد', 'الشي', 'فرحني', 'بزاف', 'شكرا', 'بسوم', '@Ib', '…']","['ADJ+NSUFF', 'PREP+DET+NOUN', 'V+PRON', 'PREP', 'DET+NOUN+NSUFF', 'PREP+NSUFF', 'CONJ+PART', 'V', 'NOUN+NSUFF', 'DET+NOUN', 'V+PRON', 'V', 'V', 'CONJ', 'V', 'NOUN', 'CONJ+PRON', 'DET+NOUN', 'V+PRON', 'ADV', 'NOUN+CASE', 'NOUN', 'MENTION', 'PUNC']",Morocco
129,130,راجع إن شاء الله ولد بلادي 💪 كل دعمي ليك لأنك تستهال فعلااا 😊 ✋ ولأنك رحت ضحية النفاق . . بصح متخافش كاين ربي 👌 #انيس_ابن_مليون_ون …,"['راجع', 'إن', 'شاء', 'الله', 'ولد', 'بلادي', '💪', 'كل', 'دعمي', 'ليك', 'لأنك', 'تستهال', 'فعلااا', '😊', '✋', 'ولأنك', 'رحت', 'ضحية', 'النفاق', '.', '.', 'بصح', 'متخافش', 'كاين', 'ربي', '👌', '#انيس_ابن_مليون_ون', '…']","['NOUN', 'PART', 'V', 'NOUN', 'NOUN', 'NOUN+PRON', 'EMOT', 'NOUN', 'V+PRON', 'PREP+PRON', 'PART+PRON', 'V', 'NOUN+CASE', 'EMOT', 'EMOT', 'CONJ+PART+PRON', 'V+PRON', 'NOUN+NSUFF', 'DET+NOUN', 'PUNC', 'PUNC', 'PREP+NOUN', 'PART+V+NEG_PART', 'ADJ', 'NOUN+NSUFF', 'EMOT', 'HASH', 'PUNC']",Algeria
130,131,رافاييل نقول و نعاود عقلللك كبير تبارك الله عليك و هادشي علاش غادي توصل بعيييد فحيااتك ✌ ✌ ✌ #raphaeljabbour #staracarabia #han …,"['رافاييل', 'نقول', 'و', 'نعاود', 'عقلللك', 'كبير', 'تبارك', 'الله', 'عليك', 'و', 'هادشي', 'علاش', 'غادي', 'توصل', 'بعيييد', 'فحيااتك', '✌', '✌', '✌', '#raphaeljabbour', '#staracarabia', '#han', '…']","['NOUN', 'V', 'CONJ', 'V', 'NOUN+PRON', 'ADJ', 'NOUN', 'NOUN', 'PREP+PRON', 'CONJ', 'PRON', 'PART', 'PART', 'V', 'NOUN', 'PREP+NOUN+NSUFF+PRON', 'EMOT', 'EMOT', 'EMOT', 'HASH', 'HASH', 'HASH', 'PUNC']",Morocco
131,132,@joujoigmail_com @ABissan777 @tina_younes @souhilabintarab راكي روطار راه دعماتو في البريسكوب وقالت صوتو ع وليد بلادي …,"['@joujoigmail_com', '@ABissan777', '@tina_younes', '@souhilabintarab', 'راكي', 'روطار', 'راه', 'دعماتو', 'في', 'البريسكوب', 'وقالت', 'صوتو', 'ع', 'وليد', 'بلادي', '…']","['MENTION', 'MENTION', 'MENTION', 'MENTION', 'PART+PRON', 'NOUN', 'PART+PRON', 'V+PRON+PRON', 'PREP', 'DET+NOUN', 'CONJ+V+PRON', 'V+PRON', 'PREP', 'NOUN', 'NOUN+PRON', 'PUNC']",Morocco
132,133,@souhilabintarab راني رايحة نرقد عيت وانا نستى ردك نقولك تسبحين على وربي يشفيك ويهديك والحل كله بين يديك راكي كبيرة وتعرفي صلاحك,"['@souhilabintarab', 'راني', 'رايحة', 'نرقد', 'عيت', 'وانا', 'نستى', 'ردك', 'نقولك', 'تسبحين', 'على', 'وربي', 'يشفيك', 'ويهديك', 'والحل', 'كله', 'بين', 'يديك', 'راكي', 'كبيرة', 'وتعرفي', 'صلاحك']","['MENTION', 'PART+PRON', 'ADJ+NSUFF', 'V', 'V+PRON', 'CONJ+PRON', 'V+PRON', 'NOUN+PRON', 'V+PRON', 'V+PRON', 'PREP', 'CONJ+NOUN+PRON', 'V+PRON', 'CONJ+V+PRON', 'CONJ+DET+NOUN', 'NOUN+PRON', 'NOUN', 'NOUN+NSUFF+PRON', 'PART+PRON', 'ADJ+NSUFF', 'CONJ+V+PRON', 'NOUN+PRON']",Algeria
133,134,@mariemmima1 راني هنا حبوبتي والله غير ضرك كنتي في بالي 😍 😍 😍,"['@mariemmima1', 'راني', 'هنا', 'حبوبتي', 'والله', 'غير', 'ضرك', 'كنتي', 'في', 'بالي', '😍', '😍', '😍']","['MENTION', 'PART+PRON', 'ADV', 'NOUN+NSUFF+PRON', 'CONJ+NOUN', 'NOUN', 'NOUN', 'V+PRON', 'PREP', 'NOUN+NSUFF', 'EMOT', 'EMOT', 'EMOT']",Algeria
134,135,@Hrithikmyhero @DZloubnaDZ راه حتى هو ولدنا والمغرب بتشرف بيه,"['@Hrithikmyhero', '@DZloubnaDZ', 'راه', 'حتى', 'هو', 'ولدنا', 'والمغرب', 'بتشرف', 'بيه']","['MENTION', 'MENTION', 'PART+PRON', 'PART', 'PRON', 'NOUN+PRON', 'CONJ+DET+NOUN', 'V', 'PREP+PRON']",Morocco
135,136,@noumidya19 @ImaneIm74789130 @zazanaza1 @1xmen1 راه حنان نوميني مع نسيم رسميا ! ! غيخرجوها بحال ابتسام ! حطيلينا الڤيديو هههه …,"['@noumidya19', '@ImaneIm74789130', '@zazanaza1', '@1xmen1', 'راه', 'حنان', 'نوميني', 'مع', 'نسيم', 'رسميا', '!', '!', 'غيخرجوها', 'بحال', 'ابتسام', '!', 'حطيلينا', 'الڤيديو', 'هههه', '…']","['MENTION', 'MENTION', 'MENTION', 'MENTION', 'PART+PRON', 'NOUN', 'V', 'CONJ', 'NOUN', 'ADJ+CASE', 'PUNC', 'PUNC', 'PROG_PART+V+PRON+PRON', 'PREP+NOUN', 'NOUN', 'PUNC', 'V+PRON+PREP+PRON', 'DET+NOUN', 'EMOT', 'PUNC']",Morocco
136,137,#IhabAmir #HananeElKhader راه كيزطمو على بعضهم باش ياخدو اللقب وانتما يا بوزبلات خدامين مع الشمكار المهرج طلع دكي عليكم,"['#IhabAmir', '#HananeElKhader', 'راه', 'كيزطمو', 'على', 'بعضهم', 'باش', 'ياخدو', 'اللقب', 'وانتما', 'يا', 'بوزبلات', 'خدامين', 'مع', 'الشمكار', 'المهرج', 'طلع', 'دكي', 'عليكم']","['HASH', 'HASH', 'PART+PRON', 'CONJ+V+PRON', 'PREP', 'NOUN+PRON', 'PART', 'V+PRON', 'DET+NOUN', 'CONJ+PRON', 'PART', 'NOUN+NSUFF', 'NOUN+NSUFF', 'CONJ', 'DET+NOUN', 'DET+NOUN', 'V', 'NOUN', 'PREP+PRON']",Morocco
137,138,@DalinBz ربي يعيشك حنونتي و نتي اكيد مرحبا بيك في دزاير و كامل التوانسة بلا منعرضوكوم دزاير بلادكم نحبوكوم برشا,"['@DalinBz', 'ربي', 'يعيشك', 'حنونتي', 'و', 'نتي', 'اكيد', 'مرحبا', 'بيك', 'في', 'دزاير', 'و', 'كامل', 'التوانسة', 'بلا', 'منعرضوكوم', 'دزاير', 'بلادكم', 'نحبوكوم', 'برشا']","['MENTION', 'NOUN+NSUFF', 'V+PRON', 'NOUN+NSUFF+PRON', 'CONJ', 'PRON', 'ADV', 'NOUN+CASE', 'PREP+PRON', 'PREP', 'NOUN', 'CONJ', 'NOUN', 'DET+NOUN+NSUFF', 'PREP+PART', 'PART+V+PRON', 'NOUN', 'NOUN+PRON', 'V+PRON+PRON', 'ADV']",Algeria
138,139,@faridarguiba ربي يوفقك يا زينة تاعنا و انشاءالله نشوفوك نجمة عالمية انشاءالله ♥ ♥ كامل رانا معاك ونحبوك ارفعينا لعلام هدا م …,"['@faridarguiba', 'ربي', 'يوفقك', 'يا', 'زينة', 'تاعنا', 'و', 'انشاءالله', 'نشوفوك', 'نجمة', 'عالمية', 'انشاءالله', '♥', '♥', 'كامل', 'رانا', 'معاك', 'ونحبوك', 'ارفعينا', 'لعلام', 'هدا', 'م', '…']","['MENTION', 'NOUN+NSUFF', 'V+PRON', 'PART', 'ADJ+NSUFF', 'PREP+PRON', 'CONJ', 'PART+V+NOUN', 'V+PRON+PRON', 'NOUN+NSUFF', 'ADJ+NSUFF', 'PART+V+NOUN', 'EMOT', 'EMOT', 'NOUN', 'PART+PRON', 'NOUN+PRON', 'CONJ+V+PRON+PRON', 'V+PRON+PRON', 'DET+NOUN', 'PART', 'PREP', 'PUNC']",Algeria
139,140,#Ihabamir #SouhilaBenLachhab #رشو_الورد_ايهاب_حينور_البلد الجماعة لي تقول ساهو وعلاه هدرت هاكا او فيقو او الشيتة ماعدناش,"['#Ihabamir', '#SouhilaBenLachhab', '#رشو_الورد_ايهاب_حينور_البلد', 'الجماعة', 'لي', 'تقول', 'ساهو', 'وعلاه', 'هدرت', 'هاكا', 'او', 'فيقو', 'او', 'الشيتة', 'ماعدناش']","['HASH', 'HASH', 'HASH', 'DET+ADJ+NSUFF', 'PART', 'V', 'NOUN', 'CONJ+PART', 'V+PRON', 'ADV', 'CONJ', 'V+PRON', 'CONJ', 'DET+NOUN+NSUFF', 'PART+NOUN+PRON+NEG_PART']",Algeria
140,141,@rikiamagha رقية ختي عافاك قولي لايهاب راه ولا فنان وماشي لي جا عندو يهدر بعفوية كاع لفيديو لي دارو ف البيريسكوب خداوهم …,"['@rikiamagha', 'رقية', 'ختي', 'عافاك', 'قولي', 'لايهاب', 'راه', 'ولا', 'فنان', 'وماشي', 'لي', 'جا', 'عندو', 'يهدر', 'بعفوية', 'كاع', 'لفيديو', 'لي', 'دارو', 'ف', 'البيريسكوب', 'خداوهم', '…']","['MENTION', 'NOUN', 'NOUN+PRON', 'V+PRON', 'V+PRON', 'PREP+NOUN', 'PART+PRON', 'V', 'NOUN', 'CONJ+PART', 'PART', 'V', 'NOUN+PRON', 'V', 'PREP+NOUN+NSUFF', 'NOUN', 'DET+NOUN', 'PART', 'V+PRON', 'PREP', 'DET+NOUN', 'V+PRON+PRON', 'PUNC']",Morocco
141,142,زياده على هديك اللبنانية علاش انيس كيحنقز وكيضرب فالمعاني بدا كيعصبني . .. شد الأرض شوية أولدي #StaracArabia #IhabAmir #Souh …,"['زياده', 'على', 'هديك', 'اللبنانية', 'علاش', 'انيس', 'كيحنقز', 'وكيضرب', 'فالمعاني', 'بدا', 'كيعصبني', '.', '..', 'شد', 'الأرض', 'شوية', 'أولدي', '#StaracArabia', '#IhabAmir', '#Souh', '…']","['NOUN+NSUFF', 'PREP', 'PART+PRON', 'DET+NOUN+NSUFF', 'PART', 'NOUN', 'CONJ+V', 'CONJ+CONJ+V', 'PREP+DET+NOUN', 'V', 'CONJ+V+PRON', 'PUNC', 'PUNC', 'V', 'DET+NOUN', 'NOUN+NSUFF', 'PART+NOUN+PRON', 'HASH', 'HASH', 'HASH', 'PUNC']",Morocco
142,143,ساهو عندها ساعة منذ فتحة حسابهاوصار 11k وبكرا رح يقوا أكثروأكثر هاد هو الجيش الحقيقي مو الوهمي نتاع ستاراك 👎 يلا ياجيش انشرو 👈 @ …,"['ساهو', 'عندها', 'ساعة', 'منذ', 'فتحة', 'حسابهاوصار', '11k', 'وبكرا', 'رح', 'يقوا', 'أكثروأكثر', 'هاد', 'هو', 'الجيش', 'الحقيقي', 'مو', 'الوهمي', 'نتاع', 'ستاراك', '👎', 'يلا', 'ياجيش', 'انشرو', '👈', '@', '…']","['NOUN', 'NOUN+PRON', 'NOUN+NSUFF', 'PREP', 'NOUN+NSUFF', 'NOUN+NSUFF+CONJ+V', 'FOREIGN', 'CONJ+NOUN+CASE', 'PART', 'V', 'NOUN+CONJ+NOUN', 'PRON', 'PRON', 'DET+NOUN', 'DET+ADJ', 'PART', 'DET+ADJ', 'PREP', 'NOUN', 'EMOT', 'PART', 'PART+NOUN', 'V+PRON', 'EMOT', 'PUNC', 'PUNC']",Algeria
143,144,سعد : كنتمنى من اعماق قلبي نتزوج مغربية شكون ايصيب ليا طواجن ايهاب : انتزوج غير مغربية ، شكون ايصيب ليا كسكسو 😌 ❤ 🇲 🇦 #IhabAmir …,"['سعد', ':', 'كنتمنى', 'من', 'اعماق', 'قلبي', 'نتزوج', 'مغربية', 'شكون', 'ايصيب', 'ليا', 'طواجن', 'ايهاب', ':', 'انتزوج', 'غير', 'مغربية', '،', 'شكون', 'ايصيب', 'ليا', 'كسكسو', '😌', '❤', '🇲', '🇦', '#IhabAmir', '…']","['NOUN', 'PUNC', 'CONJ+V', 'PREP', 'NOUN', 'NOUN+PRON', 'V', 'NOUN+NSUFF', 'PART', 'V', 'PREP+PRON', 'NOUN', 'NOUN', 'PUNC', 'V', 'NOUN', 'NOUN+NSUFF', 'PUNC', 'PART', 'V', 'PREP+PRON', 'NOUN', 'EMOT', 'EMOT', 'EMOT', 'EMOT', 'HASH', 'PUNC']",Morocco
144,145,@__Kawtar سعدية خاصها تاخد 8 حقنات ديال albumine في الشهر و ثمن الحقنة الواحدة هو 520 درهم تقريباً بطبيعة الحال مكتقدرش تاخده …,"['@__Kawtar', 'سعدية', 'خاصها', 'تاخد', '8', 'حقنات', 'ديال', 'albumine', 'في', 'الشهر', 'و', 'ثمن', 'الحقنة', 'الواحدة', 'هو', '520', 'درهم', 'تقريباً', 'بطبيعة', 'الحال', 'مكتقدرش', 'تاخده', '…']","['MENTION', 'NOUN+NSUFF', 'V+PRON', 'V', 'NUM', 'NOUN+NSUFF', 'PREP', 'FOREIGN', 'PREP', 'DET+NOUN', 'CONJ', 'NOUN', 'DET+NOUN+NSUFF', 'DET+ADJ+NSUFF', 'PRON', 'NUM', 'NOUN', 'NOUN+CASE', 'PREP+NOUN+NSUFF', 'DET+NOUN', 'PART+CONJ+V+NEG_PART', 'V+PRON', 'PUNC']",Morocco
145,146,#HananeElKhader سكرتي توحشات مامها بصراحة كان لازم يجبو ام حنان واهاب هاد البرايم,"['#HananeElKhader', 'سكرتي', 'توحشات', 'مامها', 'بصراحة', 'كان', 'لازم', 'يجبو', 'ام', 'حنان', 'واهاب', 'هاد', 'البرايم']","['HASH', 'V+PRON', 'V+PRON', 'NOUN+PRON', 'PREP+NOUN+NSUFF', 'V', 'NOUN', 'V+PRON', 'NOUN', 'NOUN', 'CONJ+NOUN', 'PRON', 'DET+NOUN']",Jordan
146,147,@SalwaAnlouff سلوى راكي منوره . وماتصوريش شحال فرحتيني البارح . عجبي تواضعك . بزاف,"['@SalwaAnlouff', 'سلوى', 'راكي', 'منوره', '.', 'وماتصوريش', 'شحال', 'فرحتيني', 'البارح', '.', 'عجبي', 'تواضعك', '.', 'بزاف']","['MENTION', 'NOUN', 'PART+PRON', 'ADJ+NSUFF', 'PUNC', 'CONJ+PART+V+PRON+NEG_PART', 'PART', 'V+PRON+PRON', 'DET+NOUN', 'PUNC', 'V+PRON', 'NOUN+PRON', 'PUNC', 'ADV']",Algeria
147,148,سمحوليا ولكن ضرني خاطري بزاف على أنيس وبقا فيا كيفما كان الحال راه بشر وحتى لو غلط راه ماشي كفر #StaracArabia,"['سمحوليا', 'ولكن', 'ضرني', 'خاطري', 'بزاف', 'على', 'أنيس', 'وبقا', 'فيا', 'كيفما', 'كان', 'الحال', 'راه', 'بشر', 'وحتى', 'لو', 'غلط', 'راه', 'ماشي', 'كفر', '#StaracArabia']","['V+PRON+PREP+PRON', 'CONJ+PART', 'V+PRON', 'NOUN+PRON', 'ADV', 'PREP', 'NOUN', 'CONJ+V', 'PREP+PRON', 'PART', 'V', 'DET+NOUN', 'PART+PRON', 'NOUN', 'CONJ+PART', 'PART', 'V', 'PART+PRON', 'PART', 'V', 'HASH']",Morocco
148,149,@M_5waJa سمعت انها كاينة عاملة عملية تجميل وفشلت والله اعلم :D,"['@M_5waJa', 'سمعت', 'انها', 'كاينة', 'عاملة', 'عملية', 'تجميل', 'وفشلت', 'والله', 'اعلم', ':D']","['MENTION', 'V+PRON', 'PART+PRON', 'ADJ+NSUFF', 'ADJ+NSUFF', 'NOUN+NSUFF', 'NOUN', 'CONJ+V+PRON', 'CONJ+NOUN', 'ADJ', 'EMOT']",Morocco
149,150,@katty_kokita @123mondial @jjalil19 سمعت كاينة شي فيشطا هنا وانا نجي واجد 😁 🏃 💃 💃 ✌ احم احم وسعو طريق 😁 💃 https://t.co/udjPKEECML,"['@katty_kokita', '@123mondial', '@jjalil19', 'سمعت', 'كاينة', 'شي', 'فيشطا', 'هنا', 'وانا', 'نجي', 'واجد', '😁', '🏃', '💃', '💃', '✌', 'احم', 'احم', 'وسعو', 'طريق', '😁', '💃', 'https://t.co/udjPKEECML']","['MENTION', 'MENTION', 'MENTION', 'V+PRON', 'ADJ+NSUFF', 'NOUN', 'NOUN', 'ADV', 'CONJ+PRON', 'V', 'ADJ', 'EMOT', 'EMOT', 'EMOT', 'EMOT', 'EMOT', 'NOUN', 'NOUN', 'V+PRON', 'NOUN', 'EMOT', 'EMOT', 'URL']",Morocco
150,151,#كلاسيكيات_الابتدائي سمير ( الكسول ديال لقسم ) نوض شم شكون دارها,"['#كلاسيكيات_الابتدائي', 'سمير', '(', 'الكسول', 'ديال', 'لقسم', ')', 'نوض', 'شم', 'شكون', 'دارها']","['HASH', 'NOUN', 'PUNC', 'DET+NOUN', 'PREP', 'DET+NOUN', 'PUNC', 'V', 'V', 'PART', 'V+PRON']",Morocco
151,152,سنة فلاحية تنبأ بكارثة ، الموظفين غاتزادهم ثلاثة سنوات شغل ، مشاريع قوانين خطيرة تمرر . . و الناس مشغولة بزوج فرنك ديال افيلال و س …,"['سنة', 'فلاحية', 'تنبأ', 'بكارثة', '،', 'الموظفين', 'غاتزادهم', 'ثلاثة', 'سنوات', 'شغل', '،', 'مشاريع', 'قوانين', 'خطيرة', 'تمرر', '.', '.', 'و', 'الناس', 'مشغولة', 'بزوج', 'فرنك', 'ديال', 'افيلال', 'و', 'س', '…']","['NOUN+NSUFF', 'ADJ+NSUFF', 'V', 'PREP+NOUN+NSUFF', 'PUNC', 'DET+NOUN+NSUFF', 'PROG_PART+V+PRON', 'NOUN+NSUFF', 'NOUN+NSUFF', 'NOUN', 'PUNC', 'NOUN', 'NOUN', 'ADJ+NSUFF', 'V', 'PUNC', 'PUNC', 'CONJ', 'DET+NOUN', 'ADJ+NSUFF', 'PREP+NOUN', 'NOUN', 'PREP', 'NOUN', 'CONJ', 'NOUN', 'PUNC']",Morocco
152,153,سهيلة تعرفيني يقيسك واحد هنا واش ندير راكي عزيزة عليا مجيتش ندير مشاكل حيت هوبا ادا تشرمل والله واحد ما يقعد حي #staracar …,"['سهيلة', 'تعرفيني', 'يقيسك', 'واحد', 'هنا', 'واش', 'ندير', 'راكي', 'عزيزة', 'عليا', 'مجيتش', 'ندير', 'مشاكل', 'حيت', 'هوبا', 'ادا', 'تشرمل', 'والله', 'واحد', 'ما', 'يقعد', 'حي', '#staracar', '…']","['NOUN+NSUFF', 'V+PRON+PRON', 'V+PRON', 'NOUN', 'ADV', 'PART', 'V', 'PART+PRON', 'ADJ+NSUFF', 'PREP+PRON', 'PART+V+NEG_PART', 'V', 'NOUN', 'ADV', 'NOUN', 'PART', 'V', 'CONJ+NOUN', 'NOUN', 'PART', 'V', 'ADJ', 'HASH', 'PUNC']",Algeria
153,154,@souhilabintarab 😘 😘 😘 😘 😘 سهيلة عمري نموتو فيك 😘 😘 😘 😘 😘 قوليلي حنان نحبك و كاش نهار زورينا ف بويرة راها قريبة ليك,"['@souhilabintarab', '😘', '😘', '😘', '😘', '😘', 'سهيلة', 'عمري', 'نموتو', 'فيك', '😘', '😘', '😘', '😘', '😘', 'قوليلي', 'حنان', 'نحبك', 'و', 'كاش', 'نهار', 'زورينا', 'ف', 'بويرة', 'راها', 'قريبة', 'ليك']","['MENTION', 'EMOT', 'EMOT', 'EMOT', 'EMOT', 'EMOT', 'NOUN+NSUFF', 'ADJ+PRON', 'V+PRON', 'PREP+PRON', 'EMOT', 'EMOT', 'EMOT', 'EMOT', 'EMOT', 'V+PRON+PREP+PRON', 'NOUN', 'V+PRON', 'CONJ', 'NOUN', 'NOUN', 'V+PRON+PRON', 'PREP', 'NOUN+NSUFF', 'PART+PRON', 'ADJ+NSUFF', 'PREP+PRON']",Algeria
154,155,@souhilabintarab #souhailabenlachhab سهيلة ماتخسريش أغلبية على جالت أقلية وكوني شخصية قوية دبلوماسية بزاف ترجعك اصطناعية كيم …,"['@souhilabintarab', '#souhailabenlachhab', 'سهيلة', 'ماتخسريش', 'أغلبية', 'على', 'جالت', 'أقلية', 'وكوني', 'شخصية', 'قوية', 'دبلوماسية', 'بزاف', 'ترجعك', 'اصطناعية', 'كيم', '…']","['MENTION', 'HASH', 'NOUN+NSUFF', 'PART+V+PRON+NEG_PART', 'NOUN+NSUFF', 'PREP', 'NOUN+NSUFF', 'NOUN+NSUFF', 'CONJ+V+PRON', 'NOUN+NSUFF', 'ADJ+NSUFF', 'ADJ+NSUFF', 'ADV', 'V+PRON', 'NOUN+NSUFF', 'PART', 'PUNC']",Algeria
155,156,سهيله الى رجعت ال اكاديمي ترد اعتبارها بنفسها تقدر تبهدل كل واحد في اخير غلطو فيها بزاف,"['سهيله', 'الى', 'رجعت', 'ال', 'اكاديمي', 'ترد', 'اعتبارها', 'بنفسها', 'تقدر', 'تبهدل', 'كل', 'واحد', 'في', 'اخير', 'غلطو', 'فيها', 'بزاف']","['NOUN+NSUFF', 'PART', 'V+PRON', 'DET', 'NOUN', 'V', 'NOUN+PRON', 'PREP+NOUN+PRON', 'V', 'V', 'NOUN', 'NOUN', 'PREP', 'NOUN', 'V+PRON', 'PREP+PRON', 'ADV']",Algeria
156,157,@IkrameAlger سهيله نجحت بينا احنا الفانز تاعها الي راح نوصلوها لاعلي المراتب راي باقي الفانز الحسود ميش راح ياثر فينا ياجبل م …,"['@IkrameAlger', 'سهيله', 'نجحت', 'بينا', 'احنا', 'الفانز', 'تاعها', 'الي', 'راح', 'نوصلوها', 'لاعلي', 'المراتب', 'راي', 'باقي', 'الفانز', 'الحسود', 'ميش', 'راح', 'ياثر', 'فينا', 'ياجبل', 'م', '…']","['MENTION', 'NOUN+NSUFF', 'V+PRON', 'NOUN+PRON', 'PRON', 'DET+NOUN', 'PREP+PRON', 'PART', 'V', 'V+PRON+PRON', 'DET+NOUN', 'DET+NOUN', 'NOUN', 'V', 'DET+NOUN', 'DET+ADJ', 'PART', 'V', 'V', 'PREP+PRON', 'PART+NOUN', 'PREP', 'PUNC']",Algeria
157,158,سوسو انا ندعي بلي المسرولات قاع يديروا كيف هده باش انتي تتهناي واحنا كيف كيف @souhilabintarab #SouhilaBenLachhab https://t …,"['سوسو', 'انا', 'ندعي', 'بلي', 'المسرولات', 'قاع', 'يديروا', 'كيف', 'هده', 'باش', 'انتي', 'تتهناي', 'واحنا', 'كيف', 'كيف', '@souhilabintarab', '#SouhilaBenLachhab', 'https://t', '…']","['NOUN', 'PRON', 'V+PRON', 'ADV', 'DET+NOUN+NSUFF', 'ADV', 'V+PRON', 'PART', 'PART', 'PART', 'PRON', 'V+PRON', 'CONJ+PRON', 'PART', 'PART', 'MENTION', 'HASH', 'URL', 'PUNC']",Libya
158,159,سوسو صباح النور واش نضتي ولا مازال 😄 بالاكي على صحتك تهلاي في روحك بزاف جمعة مباركة حنونتي 😘 😘 @souhilabintarab,"['سوسو', 'صباح', 'النور', 'واش', 'نضتي', 'ولا', 'مازال', '😄', 'بالاكي', 'على', 'صحتك', 'تهلاي', 'في', 'روحك', 'بزاف', 'جمعة', 'مباركة', 'حنونتي', '😘', '😘', '@souhilabintarab']","['NOUN', 'NOUN', 'DET+NOUN', 'PART', 'V+PRON', 'CONJ+PART', 'PART', 'EMOT', 'NOUN+PRON', 'PREP', 'NOUN+NSUFF+PRON', 'V+PRON', 'PREP', 'NOUN+PRON', 'ADV', 'NOUN+NSUFF', 'ADJ+NSUFF', 'NOUN+NSUFF+PRON', 'EMOT', 'EMOT', 'MENTION']",Algeria
159,160,سوها طلباتك اوامر و لاكن الا النسيان 😌 مستحيل ننسى كل واش دارو فيك و خاصة طاولة العار 👌 كل واحد راح يعتذر و لا ندموه ✋ #وعد # …,"['سوها', 'طلباتك', 'اوامر', 'و', 'لاكن', 'الا', 'النسيان', '😌', 'مستحيل', 'ننسى', 'كل', 'واش', 'دارو', 'فيك', 'و', 'خاصة', 'طاولة', 'العار', '👌', 'كل', 'واحد', 'راح', 'يعتذر', 'و', 'لا', 'ندموه', '✋', '#وعد', '#', '…']","['NOUN', 'NOUN+NSUFF+PRON', 'NOUN', 'CONJ', 'PART', 'PART', 'DET+NOUN', 'EMOT', 'NOUN', 'V', 'NOUN', 'PART', 'V+PRON', 'PREP+PRON', 'CONJ', 'NOUN+NSUFF', 'NOUN+NSUFF', 'DET+NOUN', 'EMOT', 'NOUN', 'NOUN', 'V', 'V', 'CONJ', 'PART', 'V+PRON+PRON', 'EMOT', 'HASH', 'PUNC', 'PUNC']",Algeria
160,161,#سوهابيون_مع_سهيله_وايهاب_للعالميه بلا ماتسالولي عليها راه عندي اخبارها,"['#سوهابيون_مع_سهيله_وايهاب_للعالميه', 'بلا', 'ماتسالولي', 'عليها', 'راه', 'عندي', 'اخبارها']","['HASH', 'PREP+PART', 'PART+V+PRON+PREP+PRON', 'PREP+PRON', 'PART+PRON', 'NOUN+PRON', 'NOUN+PRON']",Algeria
161,162,#كلاسيكيات_الابتدائي شحال من حمار زولنالو زغبو باش تزطم عليها المعلمة و ماتجيش,"['#كلاسيكيات_الابتدائي', 'شحال', 'من', 'حمار', 'زولنالو', 'زغبو', 'باش', 'تزطم', 'عليها', 'المعلمة', 'و', 'ماتجيش']","['HASH', 'PART', 'PREP', 'NOUN', 'V+PRON+PREP+PRON', 'NOUN+PRON', 'PART', 'V', 'PREP+PRON', 'DET+NOUN+NSUFF', 'CONJ', 'PART+V+PRON+NEG_PART']",Tunisia
162,163,800 : شعرك كيوت ابتسامتك جميله وجهك يفتح النفس بحة صوتك اويل قلبي بس 😢 💘 💘 💘 💘 تمنيت اعرفك منزمان ! تدخلين القلب يخي ابتسمي د …,"['800', ':', 'شعرك', 'كيوت', 'ابتسامتك', 'جميله', 'وجهك', 'يفتح', 'النفس', 'بحة', 'صوتك', 'اويل', 'قلبي', 'بس', '😢', '💘', '💘', '💘', '💘', 'تمنيت', 'اعرفك', 'منزمان', '!', 'تدخلين', 'القلب', 'يخي', 'ابتسمي', 'د', '…']","['NUM', 'PUNC', 'NOUN+PRON', 'ADJ', 'NOUN+NSUFF+PRON', 'ADJ+NSUFF', 'NOUN+PRON', 'V', 'DET+NOUN', 'NOUN+NSUFF', 'NOUN+PRON', 'NOUN', 'NOUN+PRON', 'ADV', 'EMOT', 'EMOT', 'EMOT', 'EMOT', 'EMOT', 'V+PRON', 'V+PRON', 'PREP+NOUN', 'PUNC', 'V+PRON', 'DET+NOUN', 'PART', 'V+PRON', 'NOUN', 'PUNC']",Iraq
163,164,@MayssounHilal @biaworld_ @lebanonidol شكرا بزاف لكم و نتمنى مواصلة الدعم لبنت بلادكم بيا تستاهل 🌹 ❤ #biaworld,"['@MayssounHilal', '@biaworld_', '@lebanonidol', 'شكرا', 'بزاف', 'لكم', 'و', 'نتمنى', 'مواصلة', 'الدعم', 'لبنت', 'بلادكم', 'بيا', 'تستاهل', '🌹', '❤', '#biaworld']","['MENTION', 'MENTION', 'MENTION', 'NOUN+CASE', 'ADV', 'PREP+PRON', 'CONJ', 'V', 'NOUN+NSUFF', 'DET+NOUN', 'PREP+NOUN', 'NOUN+PRON', 'PREP+PART', 'V', 'EMOT', 'EMOT', 'HASH']",Algeria
164,165,@MneedaMohamad @souhilabintarab شكرا بزاف يا أوفى صديق بالدنيا ربي يحفظك انت وقفت مع ساهو من الأول ربي يخليك وينجحك وكل جي …,"['@MneedaMohamad', '@souhilabintarab', 'شكرا', 'بزاف', 'يا', 'أوفى', 'صديق', 'بالدنيا', 'ربي', 'يحفظك', 'انت', 'وقفت', 'مع', 'ساهو', 'من', 'الأول', 'ربي', 'يخليك', 'وينجحك', 'وكل', 'جي', '…']","['MENTION', 'MENTION', 'NOUN+CASE', 'ADV', 'PART', 'ADJ', 'NOUN', 'PREP+DET+NOUN', 'NOUN+PRON', 'V+PRON', 'PRON', 'V+PRON', 'CONJ', 'NOUN', 'PREP', 'DET+NOUN', 'NOUN+PRON', 'V+PRON', 'CONJ+V+PRON', 'CONJ+NOUN', 'NOUN', 'PUNC']",Algeria
165,166,شكرا لولاد لبلادي جبتو العز اليوم اما داك العنصريين ديال اللبنانين مغتنفاعهم فوالو ونردوهالهم انشاءالله #StaracArabia # …,"['شكرا', 'لولاد', 'لبلادي', 'جبتو', 'العز', 'اليوم', 'اما', 'داك', 'العنصريين', 'ديال', 'اللبنانين', 'مغتنفاعهم', 'فوالو', 'ونردوهالهم', 'انشاءالله', '#StaracArabia', '#', '…']","['NOUN+CASE', 'DET+NOUN', 'PREP+NOUN+PRON', 'V+PRON', 'DET+NOUN', 'DET+NOUN', 'PART', 'PRON', 'DET+NOUN+NSUFF', 'PREP', 'DET+NOUN+NSUFF', 'PART+PROG_PART+V+PRON', 'PREP+NOUN', 'CONJ+V+PRON+PRON+PREP+PRON', 'PART+V+NOUN', 'HASH', 'PUNC', 'PUNC']",Morocco
166,167,#StaracArabia #SouhilaBenLachhab شكون عندو القدرة العجيبة ويقدر يتحمل عباس وهو يغني ويتعصر ويخرج في الاحياس وهو ماعندوش احساس …,"['#StaracArabia', '#SouhilaBenLachhab', 'شكون', 'عندو', 'القدرة', 'العجيبة', 'ويقدر', 'يتحمل', 'عباس', 'وهو', 'يغني', 'ويتعصر', 'ويخرج', 'في', 'الاحياس', 'وهو', 'ماعندوش', 'احساس', '…']","['HASH', 'HASH', 'PART', 'NOUN+PRON', 'DET+NOUN+NSUFF', 'DET+ADJ+NSUFF', 'CONJ+V', 'V', 'NOUN', 'CONJ+PRON', 'V', 'CONJ+V', 'CONJ+V', 'PREP', 'DET+NOUN', 'CONJ+PRON', 'PART+NOUN+PRON+NEG_PART', 'NOUN', 'PUNC']",Algeria
167,168,- شكون للي حزق فالقسم ؟ - استاذ جايا من هنا ! #كلاسيكيات_اﻻبتدائي,"['-', 'شكون', 'للي', 'حزق', 'فالقسم', '؟', '-', 'استاذ', 'جايا', 'من', 'هنا', '!', '#كلاسيكيات_اﻻبتدائي']","['PUNC', 'PART', 'PREP+PART', 'V', 'PREP+DET+NOUN', 'PUNC', 'PUNC', 'NOUN', 'ADJ+NSUFF', 'PREP', 'ADV', 'PUNC', 'HASH']",Algeria
168,169,شاااب من الغيرة يقول لوااحد البنت و انت ماااالك غير بشوية علييك 😂 😂 😂 😂 😂 😂 و انت اخووويا اللي مالك راه ايهاااب هذا 😂 😂 #IhabAmir,"['شاااب', 'من', 'الغيرة', 'يقول', 'لوااحد', 'البنت', 'و', 'انت', 'ماااالك', 'غير', 'بشوية', 'علييك', '😂', '😂', '😂', '😂', '😂', '😂', 'و', 'انت', 'اخووويا', 'اللي', 'مالك', 'راه', 'ايهاااب', 'هذا', '😂', '😂', '#IhabAmir']","['V', 'PREP', 'DET+NOUN+NSUFF', 'V', 'PREP+NOUN', 'DET+NOUN', 'CONJ', 'PRON', 'PART+PREP+PRON', 'NOUN', 'PREP+NOUN+NSUFF', 'PREP+PRON', 'EMOT', 'EMOT', 'EMOT', 'EMOT', 'EMOT', 'EMOT', 'CONJ', 'PRON', 'NOUN+PRON', 'PART', 'NOUN+PRON', 'PART+PRON', 'NOUN', 'PRON', 'EMOT', 'EMOT', 'HASH']",Algeria
169,170,شوفو من الآخر لول بارح أنيس قال لدينا مشي كامل الجزائر تكرهك بصح فانز سهيلة تاع مشاكل أرواحو نتوما ويشفكم الله يذله الكلب …,"['شوفو', 'من', 'الآخر', 'لول', 'بارح', 'أنيس', 'قال', 'لدينا', 'مشي', 'كامل', 'الجزائر', 'تكرهك', 'بصح', 'فانز', 'سهيلة', 'تاع', 'مشاكل', 'أرواحو', 'نتوما', 'ويشفكم', 'الله', 'يذله', 'الكلب', '…']","['V+PRON', 'PREP', 'DET+NOUN', 'NUM', 'NOUN', 'NOUN', 'V', 'NOUN+PRON', 'PART', 'ADJ', 'DET+NOUN', 'V+PRON', 'PREP+NOUN', 'NOUN', 'NOUN+NSUFF', 'PREP', 'NOUN', 'V+PRON', 'PRON', 'CONJ+V+PRON', 'NOUN', 'V+PRON', 'DET+NOUN', 'PUNC']",Algeria
170,171,@souhilabintarab شوفي ليا مخول واش قالت عليك ميخلعوكش لغيارين بلوك في وجهم 👊 https://t.co/cCgLOil0cx,"['@souhilabintarab', 'شوفي', 'ليا', 'مخول', 'واش', 'قالت', 'عليك', 'ميخلعوكش', 'لغيارين', 'بلوك', 'في', 'وجهم', '👊', 'https://t.co/cCgLOil0cx']","['MENTION', 'V+PRON', 'PREP+PRON', 'NOUN', 'PART', 'V+PRON', 'PREP+PRON', 'PART+V+PRON+NEG_PART', 'DET+NOUN+NSUFF', 'NOUN', 'PREP', 'NOUN+PRON', 'EMOT', 'URL']",Morocco
171,172,@AmNaAlgeriana صح حتى أنا نتابع باليوتيوب ، لا تنسو عندنا حملة بعد ربع ساعة في هاد الصفحة @jonyfany23 من أجل ساهو أدخلي عليها,"['@AmNaAlgeriana', 'صح', 'حتى', 'أنا', 'نتابع', 'باليوتيوب', '،', 'لا', 'تنسو', 'عندنا', 'حملة', 'بعد', 'ربع', 'ساعة', 'في', 'هاد', 'الصفحة', '@jonyfany23', 'من', 'أجل', 'ساهو', 'أدخلي', 'عليها']","['MENTION', 'NOUN', 'PART', 'PRON', 'V', 'PREP+DET+NOUN', 'PUNC', 'PART', 'V', 'NOUN+PRON', 'NOUN+NSUFF', 'ADV', 'NOUN', 'NOUN+NSUFF', 'PREP', 'PRON', 'DET+NOUN+NSUFF', 'MENTION', 'PREP', 'NOUN', 'NOUN', 'V+PRON', 'PREP+PRON']",Algeria
172,173,@IkhlasTanjawiya @SweeetNouna @ELZAHWANIA11 صح والله علاش نديرو من الحبة قبة علاش نحوسو على الفتن واش كي تصرا حرب بيناتنا يته …,"['@IkhlasTanjawiya', '@SweeetNouna', '@ELZAHWANIA11', 'صح', 'والله', 'علاش', 'نديرو', 'من', 'الحبة', 'قبة', 'علاش', 'نحوسو', 'على', 'الفتن', 'واش', 'كي', 'تصرا', 'حرب', 'بيناتنا', 'يته', '…']","['MENTION', 'MENTION', 'MENTION', 'NOUN', 'CONJ+NOUN', 'PART', 'V+PRON', 'PREP', 'DET+NOUN+NSUFF', 'NOUN+NSUFF', 'PART', 'V+PRON', 'PREP', 'DET+NOUN', 'PART', 'PART', 'V', 'NOUN', 'NOUN+PRON', 'V', 'PUNC']",Algeria
173,174,#IhabAmir صدعتونا قصفوه قصفوه باش ب عباس 😂 😂 😂 😂 😂 😂 والله قاهركم اهاب مسج صغير خرج كرهكم ليه #StaracArabia https://t.co/lUcHlvk …,"['#IhabAmir', 'صدعتونا', 'قصفوه', 'قصفوه', 'باش', 'ب', 'عباس', '😂', '😂', '😂', '😂', '😂', '😂', 'والله', 'قاهركم', 'اهاب', 'مسج', 'صغير', 'خرج', 'كرهكم', 'ليه', '#StaracArabia', 'https://t.co/lUcHlvk', '…']","['HASH', 'V+PRON+PRON', 'V+PRON+PRON', 'V+PRON+PRON', 'PART', 'PREP', 'NOUN', 'EMOT', 'EMOT', 'EMOT', 'EMOT', 'EMOT', 'EMOT', 'CONJ+NOUN', 'V+PRON', 'NOUN', 'NOUN', 'ADJ', 'V', 'V+PRON', 'PREP+PRON', 'HASH', 'URL', 'PUNC']",Algeria
174,175,صرت اتمنى اكون اي شي يسعدك ، يخي حتى لو يسعدك دق المسامير ليتني مسمار في يدك كل ما ضاقت فيك دقيتني ❤,"['صرت', 'اتمنى', 'اكون', 'اي', 'شي', 'يسعدك', '،', 'يخي', 'حتى', 'لو', 'يسعدك', 'دق', 'المسامير', 'ليتني', 'مسمار', 'في', 'يدك', 'كل', 'ما', 'ضاقت', 'فيك', 'دقيتني', '❤']","['V+PRON', 'V', 'V', 'NOUN', 'NOUN', 'V+PRON', 'PUNC', 'PART', 'PART', 'PART', 'V+PRON', 'V', 'DET+NOUN', 'V+PRON', 'NOUN', 'PREP', 'NOUN+PRON', 'NOUN', 'PART', 'V+PRON', 'PREP+PRON', 'V+PRON+PRON', 'EMOT']",Oman
175,176,صونيا راكي واعرة بزاف ربي يحفظك ألحان و شباب 2014 http://t.co/E60gJcvkGE,"['صونيا', 'راكي', 'واعرة', 'بزاف', 'ربي', 'يحفظك', 'ألحان', 'و', 'شباب', '2014', 'http://t.co/E60gJcvkGE']","['NOUN', 'PART+PRON', 'ADJ+NSUFF', 'ADV', 'NOUN+NSUFF', 'V+PRON', 'NOUN', 'CONJ', 'NOUN', 'NUM', 'URL']",Algeria
176,177,طاحتلي لقورميطة لغوز تاعي مع الخرجة تاع الصالة 😢 دوك يحسبوني بسباسة 😭 لي يلقاها يخليها ل @AmNaAlgeriana ولا @claudefatia 😭 😭 …,"['طاحتلي', 'لقورميطة', 'لغوز', 'تاعي', 'مع', 'الخرجة', 'تاع', 'الصالة', '😢', 'دوك', 'يحسبوني', 'بسباسة', '😭', 'لي', 'يلقاها', 'يخليها', 'ل', '@AmNaAlgeriana', 'ولا', '@claudefatia', '😭', '😭', '…']","['V+PRON+PREP+PRON', 'DET+NOUN+NSUFF', 'NOUN', 'PREP+PRON', 'CONJ', 'DET+NOUN+NSUFF', 'PREP', 'DET+NOUN+NSUFF', 'EMOT', 'ADV', 'V+PRON+PRON', 'NOUN+NSUFF', 'EMOT', 'PART', 'V+PRON', 'V+PRON', 'PREP', 'MENTION', 'CONJ+PART', 'MENTION', 'EMOT', 'EMOT', 'PUNC']",Algeria
177,178,طباشير أرطب ديال فرانسا #كلاسيكيات_الابتدائي,"['طباشير', 'أرطب', 'ديال', 'فرانسا', '#كلاسيكيات_الابتدائي']","['NOUN', 'ADJ', 'PREP', 'NOUN', 'HASH']",Morocco
178,179,طيب فرحنا لحنان بزاف ولكن اش ذنبنا نبقاو يوماين بلا منشفوها هذاظلم بغينا 24/24 على السلطانة مانقدش مانتفرجش فيها #HananeElKhad …,"['طيب', 'فرحنا', 'لحنان', 'بزاف', 'ولكن', 'اش', 'ذنبنا', 'نبقاو', 'يوماين', 'بلا', 'منشفوها', 'هذاظلم', 'بغينا', '24/24', 'على', 'السلطانة', 'مانقدش', 'مانتفرجش', 'فيها', '#HananeElKhad', '…']","['NOUN', 'V+PRON', 'PREP+NOUN', 'ADV', 'CONJ+PART', 'PART', 'NOUN+PRON', 'V+PRON', 'NOUN+NSUFF', 'PREP+PART', 'PART+V+PRON+PRON', 'PRON+NOUN', 'V+PRON', 'FOREIGN', 'PREP', 'DET+NOUN+NSUFF', 'PART+V+NEG_PART', 'PART+V+NEG_PART', 'PREP+PRON', 'HASH', 'PUNC']",Morocco
179,180,عجباتني هاد التصويرة ماعرفتش علاش #العصابة_النحولية http://t.co/9mhsvIWaeA,"['عجباتني', 'هاد', 'التصويرة', 'ماعرفتش', 'علاش', '#العصابة_النحولية', 'http://t.co/9mhsvIWaeA']","['V+PRON+PRON', 'PRON', 'DET+NOUN+NSUFF', 'PART+V+PRON+NEG_PART', 'PART', 'HASH', 'URL']",Morocco
180,181,علاش اليوم سيئ هكا ، نبغي ماما دابا توحشتها بزاف 😭,"['علاش', 'اليوم', 'سيئ', 'هكا', '،', 'نبغي', 'ماما', 'دابا', 'توحشتها', 'بزاف', '😭']","['PART', 'DET+NOUN', 'ADJ', 'PART', 'PUNC', 'V', 'NOUN', 'ADV', 'V+PRON+PRON', 'ADV', 'EMOT']",Morocco
181,182,علاش مثلا المغرب ما يشريهش بدل المسلسلات المصرية الي شاريين لقنوات مغربية وحنا كنشوفوها فقنوات ثانية 😕 https://t.co/QmWNualOzX …,"['علاش', 'مثلا', 'المغرب', 'ما', 'يشريهش', 'بدل', 'المسلسلات', 'المصرية', 'الي', 'شاريين', 'لقنوات', 'مغربية', 'وحنا', 'كنشوفوها', 'فقنوات', 'ثانية', '😕', 'https://t.co/QmWNualOzX', '…']","['PART', 'NOUN+CASE', 'DET+NOUN', 'PART', 'V+PRON+NEG_PART', 'NOUN', 'DET+NOUN+NSUFF', 'DET+ADJ+NSUFF', 'PART', 'NOUN+NSUFF', 'DET+NOUN+NSUFF', 'ADJ+NSUFF', 'CONJ+PRON', 'PROG_PART+V+PRON+PRON', 'PREP+NOUN', 'ADJ+NSUFF', 'EMOT', 'URL', 'PUNC']",Morocco
182,183,@Ihab_Amir على الراس و العين ياحبيب الجزائريين نحبوك بزاف,"['@Ihab_Amir', 'على', 'الراس', 'و', 'العين', 'ياحبيب', 'الجزائريين', 'نحبوك', 'بزاف']","['MENTION', 'PREP', 'DET+NOUN', 'CONJ', 'DET+NOUN', 'PART+NOUN', 'DET+NOUN+NSUFF', 'V+PRON+PRON', 'ADV']",Algeria
183,184,غدوة 17 ديسمبر محاكمة عفراء المحتجزة بين 4 حيوط على كلمة #تسقط_قوانينكم_يسقط_بوليسكم_الحرية_لمن_قال_لا_ أما _ على _ ثورتكم _ بطبيعتها …,"['غدوة', '17', 'ديسمبر', 'محاكمة', 'عفراء', 'المحتجزة', 'بين', '4', 'حيوط', 'على', 'كلمة', '#تسقط_قوانينكم_يسقط_بوليسكم_الحرية_لمن_قال_لا_', 'أما', '_', 'على', '_', 'ثورتكم', '_', 'بطبيعتها', '…']","['ADV+NSUFF', 'NUM', 'NOUN', 'NOUN+NSUFF', 'NOUN', 'DET+ADJ+NSUFF', 'NOUN', 'NUM', 'NOUN', 'PREP', 'NOUN+NSUFF', 'HASH', 'PART', 'PUNC', 'PREP', 'PUNC', 'NOUN+NSUFF+PRON', 'PUNC', 'PREP+NOUN+NSUFF+PRON', 'PUNC']",Egypt
184,185,@maisr39 @IZinouna غنات لغنية تاع اهاب وبدلت الكلمات و قتلو سهيلة راهي تسنى فيك و قاتلو يغني بلادي هي الجزاير,"['@maisr39', '@IZinouna', 'غنات', 'لغنية', 'تاع', 'اهاب', 'وبدلت', 'الكلمات', 'و', 'قتلو', 'سهيلة', 'راهي', 'تسنى', 'فيك', 'و', 'قاتلو', 'يغني', 'بلادي', 'هي', 'الجزاير']","['MENTION', 'MENTION', 'V+PRON', 'DET+NOUN+NSUFF', 'PREP', 'NOUN', 'CONJ+V+PRON', 'DET+NOUN+NSUFF', 'CONJ', 'V+PRON', 'NOUN+NSUFF', 'PART+PRON', 'V', 'PREP+PRON', 'CONJ', 'V+PREP+PRON', 'V', 'NOUN+PRON', 'PRON', 'DET+NOUN']",Algeria
185,186,@fatimabagossa غير قولي ليا شكون هوما انا نعطيهم عﻻش يدورو هههههه,"['@fatimabagossa', 'غير', 'قولي', 'ليا', 'شكون', 'هوما', 'انا', 'نعطيهم', 'عﻻش', 'يدورو', 'هههههه']","['MENTION', 'NOUN', 'V+PRON', 'PREP+PRON', 'PART', 'PRON', 'PRON', 'V+PRON', 'PART', 'V+PRON', 'EMOT']",Morocco
186,187,فاش كتسالي ليا UHU ، كيگول ليا بابا واش كتاكليها 😯 #كلاسيكيات_الابتدائي,"['فاش', 'كتسالي', 'ليا', 'UHU', '،', 'كيگول', 'ليا', 'بابا', 'واش', 'كتاكليها', '😯', '#كلاسيكيات_الابتدائي']","['PART', 'PROG_PART+V', 'PREP+PRON', 'URL', 'PUNC', 'PROG_PART+V', 'PREP+PRON', 'NOUN', 'PART', 'PROG_PART+V+PRON+PRON', 'EMOT', 'HASH']",Morocco
187,188,فالسماء كاينة الجنَّة ، وفالأرض كاينة الواليدة .,"['فالسماء', 'كاينة', 'الجنَّة', '،', 'وفالأرض', 'كاينة', 'الواليدة', '.']","['PREP+DET+NOUN', 'ADJ+NSUFF', 'DET+NOUN+NSUFF', 'PUNC', 'CONJ+PREP+DET+NOUN', 'ADJ+NSUFF', 'DET+NOUN+NSUFF', 'PUNC']",Morocco
188,189,@IhabAmir18 فانز ايهاب الحمد لله لي ضهر لحقيقة والله ضرك عدت متأكدة مليوت بالمئة بلي لمسرولات هوما لدخلو انستغرام تع هو …,"['@IhabAmir18', 'فانز', 'ايهاب', 'الحمد', 'لله', 'لي', 'ضهر', 'لحقيقة', 'والله', 'ضرك', 'عدت', 'متأكدة', 'مليوت', 'بالمئة', 'بلي', 'لمسرولات', 'هوما', 'لدخلو', 'انستغرام', 'تع', 'هو', '…']","['MENTION', 'NOUN', 'NOUN', 'DET+NOUN', 'PREP+NOUN', 'PART', 'V', 'DET+NOUN+NSUFF', 'CONJ+NOUN', 'NOUN', 'V+PRON', 'ADJ+NSUFF', 'NOUN', 'PREP+DET+NOUN+NSUFF', 'ADV', 'PREP+NOUN+NSUFF', 'PRON', 'PART+V+PRON', 'NOUN', 'NOUN', 'PRON', 'PUNC']",Algeria
189,190,#StaracArabia فانز حنان يسب اهاب لانه ما حافظ النشيد 🇲 🇦 المغاربة كلهم كلاو العصا في الابدائي باش حفضوه 😂 😂 يلعن تبريركم للسب والح …,"['#StaracArabia', 'فانز', 'حنان', 'يسب', 'اهاب', 'لانه', 'ما', 'حافظ', 'النشيد', '🇲', '🇦', 'المغاربة', 'كلهم', 'كلاو', 'العصا', 'في', 'الابدائي', 'باش', 'حفضوه', '😂', '😂', 'يلعن', 'تبريركم', 'للسب', 'والح', '…']","['HASH', 'NOUN', 'NOUN', 'V', 'NOUN', 'PART+PRON', 'PART', 'V', 'DET+NOUN', 'EMOT', 'EMOT', 'DET+NOUN+NSUFF', 'NOUN+PRON', 'V+PRON', 'DET+NOUN', 'PREP', 'DET+NOUN', 'PART', 'V+PRON+PRON', 'EMOT', 'EMOT', 'V', 'NOUN+PRON', 'PREP+DET+NOUN', 'CONJ+NOUN', 'PUNC']",Tunisia
190,191,#SouhailaBenLachhab فانز ساهو شبيكم راني زعفانه منكم ديروا انشروا حساب ساهو 🐦 ➡ @SuhilaBnLachhab,"['#SouhailaBenLachhab', 'فانز', 'ساهو', 'شبيكم', 'راني', 'زعفانه', 'منكم', 'ديروا', 'انشروا', 'حساب', 'ساهو', '🐦', '➡', '@SuhilaBnLachhab']","['HASH', 'NOUN', 'NOUN', 'PART+PREP+PRON', 'PART+PRON', 'ADJ+NSUFF', 'PREP+PRON', 'V+PRON', 'V+PRON', 'NOUN', 'NOUN', 'EMOT', 'EMOT', 'MENTION']",Algeria
191,192,فانز سهيلة على وجه ربي علاه راكم تسويفيو فيا اخطاو جدي راني من فانز انيس تحوسو على اخبارو ماهمش عندي مانيش مرتو روحو خير 😠 😡 …,"['فانز', 'سهيلة', 'على', 'وجه', 'ربي', 'علاه', 'راكم', 'تسويفيو', 'فيا', 'اخطاو', 'جدي', 'راني', 'من', 'فانز', 'انيس', 'تحوسو', 'على', 'اخبارو', 'ماهمش', 'عندي', 'مانيش', 'مرتو', 'روحو', 'خير', '😠', '😡', '…']","['NOUN', 'NOUN+NSUFF', 'PREP', 'NOUN', 'NOUN+PRON', 'PART', 'PART+PRON', 'V+PRON', 'PREP+PRON', 'NOUN+PRON', 'NOUN+PRON', 'PART+PRON', 'PREP', 'NOUN', 'NOUN', 'V+PRON', 'PREP', 'NOUN+PRON', 'PART+PRON+NEG_PART', 'NOUN+PRON', 'PART+PRON+NEG_PART', 'NOUN+PRON', 'V+PRON', 'NOUN', 'EMOT', 'EMOT', 'PUNC']",Tunisia
192,193,#SouhilaBenLachhab #IhabAmir فانز سهيلة لازم نوقفو معاها لانها راها تدفع ثمن تشجعيها لإيهاب ووحدتنا مع المغرب من طرف فانز …,"['#SouhilaBenLachhab', '#IhabAmir', 'فانز', 'سهيلة', 'لازم', 'نوقفو', 'معاها', 'لانها', 'راها', 'تدفع', 'ثمن', 'تشجعيها', 'لإيهاب', 'ووحدتنا', 'مع', 'المغرب', 'من', 'طرف', 'فانز', '…']","['HASH', 'HASH', 'NOUN', 'NOUN+NSUFF', 'NOUN', 'V+PRON', 'NOUN+PRON', 'PART+PRON', 'PART+PRON', 'V', 'NOUN', 'V+PRON+PRON', 'PREP+NOUN', 'CONJ+NOUN+PRON', 'CONJ', 'DET+NOUN', 'PREP', 'NOUN', 'NOUN', 'PUNC']",Algeria
193,194,#فقط_في_المغرب جوج ديال الواجِهات بحرية والحوت غالي,"['#فقط_في_المغرب', 'جوج', 'ديال', 'الواجِهات', 'بحرية', 'والحوت', 'غالي']","['HASH', 'NOUN', 'PREP', 'DET+NOUN+NSUFF', 'ADJ+NSUFF', 'CONJ+DET+NOUN', 'ADJ']",Morocco
194,195,فينما نديرو شي عمل او حملة لحنان وتتم بنجاح قراو قل هو الله احد حيث دايرين بنا الحساد واللهم لا حسد ✋ ✋ ✋ #HananeEIKhader …,"['فينما', 'نديرو', 'شي', 'عمل', 'او', 'حملة', 'لحنان', 'وتتم', 'بنجاح', 'قراو', 'قل', 'هو', 'الله', 'احد', 'حيث', 'دايرين', 'بنا', 'الحساد', 'واللهم', 'لا', 'حسد', '✋', '✋', '✋', '#HananeEIKhader', '…']","['PART', 'V+PRON', 'NOUN', 'NOUN', 'CONJ', 'NOUN+NSUFF', 'PREP+NOUN', 'CONJ+V', 'PREP+NOUN', 'V+PRON', 'V', 'PRON', 'NOUN', 'NOUN', 'ADV', 'ADJ+NSUFF', 'PREP+PRON', 'DET+NOUN', 'CONJ+NOUN', 'PART', 'NOUN', 'EMOT', 'EMOT', 'EMOT', 'HASH', 'PUNC']",Morocco
195,196,قالك توحيد شعبين على آساس شعب كامل كيتفرج ف بوزبال ديال ستارك هادو لي هنا مكمثلو حتى 0.01 باز تم لا حياة لمن تنادي 😂 😂 #S …,"['قالك', 'توحيد', 'شعبين', 'على', 'آساس', 'شعب', 'كامل', 'كيتفرج', 'ف', 'بوزبال', 'ديال', 'ستارك', 'هادو', 'لي', 'هنا', 'مكمثلو', 'حتى', '0.01', 'باز', 'تم', 'لا', 'حياة', 'لمن', 'تنادي', '😂', '😂', '#S', '…']","['V+PRON', 'NOUN', 'NOUN+NSUFF', 'PREP', 'NOUN', 'NOUN', 'ADJ', 'PROG_PART+V', 'PREP', 'NOUN', 'PREP', 'NOUN', 'PRON', 'PART', 'ADV', 'PART+PROG_PART+V+PRON', 'PART', 'NUM', 'NOUN', 'PART', 'PART', 'NOUN+NSUFF', 'PREP+PART', 'V', 'EMOT', 'EMOT', 'HASH', 'PUNC']",Morocco
196,197,قالك علاش حنان تضحكعلاش تشطح بنات لي تما عادي حلال علبهم هي مونيكانحكمو فيها واش مشات دير العمره ؟ مقولتوش علاش دخلت طوا …,"['قالك', 'علاش', 'حنان', 'تضحكعلاش', 'تشطح', 'بنات', 'لي', 'تما', 'عادي', 'حلال', 'علبهم', 'هي', 'مونيكانحكمو', 'فيها', 'واش', 'مشات', 'دير', 'العمره', '؟', 'مقولتوش', 'علاش', 'دخلت', 'طوا', '…']","['V+PRON', 'PART', 'NOUN', 'V+PART', 'V', 'NOUN+NSUFF', 'PART', 'ADV', 'ADJ', 'NOUN', 'PREP+PRON', 'PRON', 'NOUN+V+PRON', 'PREP+PRON', 'PART', 'V+PRON', 'V', 'DET+NOUN+NSUFF', 'PUNC', 'PART+V+PRON+NEG_PART', 'PART', 'V+PRON', 'V', 'PUNC']",Morocco
197,198,@wWTTvEP2fV6y8nL @MamaSara18 @Irramodz قلتلها لمادا تغارين من ابنتي سوسو لانها تعرف تطبخ الفلو ) نوع من الحلوي ) تاع الشكولا …,"['@wWTTvEP2fV6y8nL', '@MamaSara18', '@Irramodz', 'قلتلها', 'لمادا', 'تغارين', 'من', 'ابنتي', 'سوسو', 'لانها', 'تعرف', 'تطبخ', 'الفلو', ')', 'نوع', 'من', 'الحلوي', ')', 'تاع', 'الشكولا', '…']","['MENTION', 'MENTION', 'MENTION', 'V+PRON+PREP+PRON', 'PREP+PART', 'V+PRON', 'PREP', 'NOUN+NSUFF+PRON', 'NOUN', 'PART+PRON', 'V', 'V', 'DET+NOUN', 'PUNC', 'NOUN', 'PREP', 'DET+NOUN', 'PUNC', 'PREP', 'DET+NOUN', 'PUNC']",Algeria
198,199,@rachoudracha1 قلنالك يرمضنو تاع الصح انا اصلا قابلة نصوم الليل مع النهار المهم نشوفهم مع بعض و نشفى فالبيسروالي قيييييييو و …,"['@rachoudracha1', 'قلنالك', 'يرمضنو', 'تاع', 'الصح', 'انا', 'اصلا', 'قابلة', 'نصوم', 'الليل', 'مع', 'النهار', 'المهم', 'نشوفهم', 'مع', 'بعض', 'و', 'نشفى', 'فالبيسروالي', 'قيييييييو', 'و', '…']","['MENTION', 'V+PRON+PREP+PRON', 'V+PRON', 'PREP', 'DET+NOUN', 'PRON', 'NOUN+CASE', 'NOUN+NSUFF', 'V', 'DET+NOUN', 'CONJ', 'DET+NOUN', 'DET+NOUN', 'V+PRON', 'CONJ', 'NOUN', 'CONJ', 'V', 'PREP+DET+NOUN', 'EMOT', 'CONJ', 'PUNC']",Algeria
199,200,قولونا برك باش نفهمو ! هل تشجعون سهيلة من اجل #سهيله_ايهاب_في_موازين #StaracArabia #SouhailaBenLachhab #ihabamir,"['قولونا', 'برك', 'باش', 'نفهمو', '!', 'هل', 'تشجعون', 'سهيلة', 'من', 'اجل', '#سهيله_ايهاب_في_موازين', '#StaracArabia', '#SouhailaBenLachhab', '#ihabamir']","['V+PRON+PRON', 'NOUN', 'PART', 'V+PRON', 'PUNC', 'PART', 'V+PRON', 'NOUN+NSUFF', 'PREP', 'NOUN', 'HASH', 'HASH', 'HASH', 'HASH']",Algeria
200,201,@lili_aniso قولي واش صرا متقلقيناش هدري شا كاين مستحيل هد شي لراكي تقوليه مشي معقول,"['@lili_aniso', 'قولي', 'واش', 'صرا', 'متقلقيناش', 'هدري', 'شا', 'كاين', 'مستحيل', 'هد', 'شي', 'لراكي', 'تقوليه', 'مشي', 'معقول']","['MENTION', 'V+PRON', 'PART', 'V', 'PART+V+PRON+PRON+NEG_PART', 'V+PRON', 'PART', 'ADJ', 'ADJ', 'PART', 'NOUN', 'PART+PART+PRON', 'V+PRON+PRON', 'PART', 'ADJ']",Morocco
201,202,قي 2006 كانت غادا قدامي واحد المراة مسنة تعكلت و طاحت وانا كنوض فيها گلت ليها لاباس أ ميمتي تكبري و تنساي وهي تفرگع بالضحك و د …,"['قي', '2006', 'كانت', 'غادا', 'قدامي', 'واحد', 'المراة', 'مسنة', 'تعكلت', 'و', 'طاحت', 'وانا', 'كنوض', 'فيها', 'گلت', 'ليها', 'لاباس', 'أ', 'ميمتي', 'تكبري', 'و', 'تنساي', 'وهي', 'تفرگع', 'بالضحك', 'و', 'د', '…']","['PREP', 'NUM', 'V+PRON', 'V', 'NOUN+PRON', 'NOUN', 'DET+NOUN+NSUFF', 'ADJ+NSUFF', 'V+PRON', 'CONJ', 'V+PRON', 'CONJ+PRON', 'PROG_PART+V', 'PREP+PRON', 'V+PRON', 'PREP+PRON', 'PART+NOUN', 'PART', 'NOUN+PRON+NSUFF', 'V+PRON', 'CONJ', 'V+PRON', 'CONJ+PRON', 'V', 'PREP+DET+NOUN', 'CONJ', 'NOUN', 'PUNC']",Morocco
202,203,@Dana212Dana @KamiliaOuazzani @Kabour84 @dhs_r8 @LIbnouadda @RedaGsgag كاميليا راه طايحة مع خلايجة و دايرا فيها مغربية ديال …,"['@Dana212Dana', '@KamiliaOuazzani', '@Kabour84', '@dhs_r8', '@LIbnouadda', '@RedaGsgag', 'كاميليا', 'راه', 'طايحة', 'مع', 'خلايجة', 'و', 'دايرا', 'فيها', 'مغربية', 'ديال', '…']","['MENTION', 'MENTION', 'MENTION', 'MENTION', 'MENTION', 'MENTION', 'NOUN', 'PART+PRON', 'ADJ+NSUFF', 'CONJ', 'NOUN', 'CONJ', 'V+PRON', 'PREP+PRON', 'NOUN+NSUFF', 'PREP', 'PUNC']",Morocco
203,204,كان عندهم الفهد بحال السراق زيت ديالنا دابا هههههه,"['كان', 'عندهم', 'الفهد', 'بحال', 'السراق', 'زيت', 'ديالنا', 'دابا', 'هههههه']","['V', 'NOUN+PRON', 'DET+NOUN', 'PREP+NOUN', 'DET+NOUN', 'NOUN', 'PREP+PRON', 'ADV', 'EMOT']",Morocco
204,205,كانتفارضو فالميكا ديال الكارو لطبلة وكولا نهار كايديها معاع واحد لدار #كلاسيكيات_الابتدائي,"['كانتفارضو', 'فالميكا', 'ديال', 'الكارو', 'لطبلة', 'وكولا', 'نهار', 'كايديها', 'معاع', 'واحد', 'لدار', '#كلاسيكيات_الابتدائي']","['PROG_PART+V+PRON', 'PREP+DET+NOUN', 'PREP', 'DET+NOUN', 'PREP+NOUN+NSUFF', 'CONJ+NOUN', 'NOUN', 'PROG_PART+V+PRON', 'NOUN+PRON', 'NOUN', 'PREP+NOUN', 'HASH']",Morocco
205,206,كاين شي مصرين عادي اسبو الدول فاش كايجي شي حد ارد ليهم صرف كيقلبو دنيا كيفما متبغيو ليسبكم حتى حنا فينا نفس على بلدنا #Stara …,"['كاين', 'شي', 'مصرين', 'عادي', 'اسبو', 'الدول', 'فاش', 'كايجي', 'شي', 'حد', 'ارد', 'ليهم', 'صرف', 'كيقلبو', 'دنيا', 'كيفما', 'متبغيو', 'ليسبكم', 'حتى', 'حنا', 'فينا', 'نفس', 'على', 'بلدنا', '#Stara', '…']","['ADJ', 'NOUN', 'NOUN+NSUFF', 'NOUN', 'V+PRON', 'DET+NOUN', 'PART', 'PROG_PART+V', 'NOUN', 'NOUN', 'V', 'PREP+PRON', 'NOUN', 'PROG_PART+V+PRON', 'NOUN', 'PART', 'PART+V+PRON', 'PART+V+PRON', 'PART', 'PRON', 'PREP+PRON', 'NOUN', 'PREP', 'NOUN+PRON', 'HASH', 'PUNC']",Morocco
206,207,@Meriem_hamidi كاينة المغاربية اللي راني نشوف فيها شوية . . وبدات تخرف احيانا,"['@Meriem_hamidi', 'كاينة', 'المغاربية', 'اللي', 'راني', 'نشوف', 'فيها', 'شوية', '.', '.', 'وبدات', 'تخرف', 'احيانا']","['MENTION', 'ADJ+NSUFF', 'DET+NOUN+NSUFF', 'PART', 'PART+PRON', 'V', 'PREP+PRON', 'NOUN+NSUFF', 'PUNC', 'PUNC', 'CONJ+V+NSUFF', 'V', 'NOUN+CASE']",Algeria
207,208,@chorita12 @elkaberah @HasamiBouchra كاينة لي يعري الناس يجيب ربي لي يفضحو 😉,"['@chorita12', '@elkaberah', '@HasamiBouchra', 'كاينة', 'لي', 'يعري', 'الناس', 'يجيب', 'ربي', 'لي', 'يفضحو', '😉']","['MENTION', 'MENTION', 'MENTION', 'ADJ+NSUFF', 'PART', 'V', 'DET+NOUN', 'V', 'NOUN+PRON', 'PART', 'V+PRON', 'EMOT']",Algeria
208,209,@shahad_alkuwait كاينة ونص و اذا ماكيناش نخليها تكنكش عشان اختي الغالية هههه,"['@shahad_alkuwait', 'كاينة', 'ونص', 'و', 'اذا', 'ماكيناش', 'نخليها', 'تكنكش', 'عشان', 'اختي', 'الغالية', 'هههه']","['MENTION', 'V+PRON', 'CONJ+NOUN', 'CONJ', 'PART', 'PART+V+NEG_PART', 'V+PRON+PRON', 'V', 'PART', 'NOUN+PRON', 'DET+ADJ+NSUFF', 'EMOT']",Algeria
209,210,#كلاسيكيات_الابتدائي كاينودك الاستاد لسبورة باش تقيد شكون كيهدر ، و كادير زووين معا لعشران,"['#كلاسيكيات_الابتدائي', 'كاينودك', 'الاستاد', 'لسبورة', 'باش', 'تقيد', 'شكون', 'كيهدر', '،', 'و', 'كادير', 'زووين', 'معا', 'لعشران']","['HASH', 'PROG_PART+V+PRON', 'DET+NOUN', 'PREP+NOUN+NSUFF', 'PART', 'V', 'PART', 'PROG_PART+V', 'PUNC', 'CONJ', 'PROG_PART+V', 'ADJ', 'NOUN', 'DET+NOUN']",Morocco
210,211,كبروا عقلكم شويا و كونوا فانز راقي و حنان تتمثل المغرب و بنت المغرب غصبا عن الكل لي غادي يشجعها مرحبا لي لا يجمع راسو بزربا # …,"['كبروا', 'عقلكم', 'شويا', 'و', 'كونوا', 'فانز', 'راقي', 'و', 'حنان', 'تتمثل', 'المغرب', 'و', 'بنت', 'المغرب', 'غصبا', 'عن', 'الكل', 'لي', 'غادي', 'يشجعها', 'مرحبا', 'لي', 'لا', 'يجمع', 'راسو', 'بزربا', '#', '…']","['V+PRON', 'NOUN+PRON', 'NOUN+NSUFF', 'CONJ', 'V+PRON', 'NOUN', 'ADJ', 'CONJ', 'NOUN', 'PROG_PART+V', 'DET+NOUN', 'CONJ', 'NOUN', 'DET+NOUN', 'NOUN+CASE', 'PREP', 'DET+NOUN', 'PART', 'PART', 'V+PRON', 'NOUN', 'PART', 'PART', 'V', 'NOUN+PRON', 'PREP+NOUN', 'PUNC', 'PUNC']",Algeria
211,212,كل شوي صوت اختر مع مين ضد او مع نعم او لا قرفتولي عيشتي انا جزايرية و اصول مغربة ونعشق فلسطين وسعودية واش نصوت وين صوتو ف …,"['كل', 'شوي', 'صوت', 'اختر', 'مع', 'مين', 'ضد', 'او', 'مع', 'نعم', 'او', 'لا', 'قرفتولي', 'عيشتي', 'انا', 'جزايرية', 'و', 'اصول', 'مغربة', 'ونعشق', 'فلسطين', 'وسعودية', 'واش', 'نصوت', 'وين', 'صوتو', 'ف', '…']","['NOUN', 'NOUN', 'V', 'V', 'CONJ', 'NOUN', 'NOUN', 'CONJ', 'CONJ', 'NOUN', 'CONJ', 'PART', 'V+PRON+PRON+PREP+PRON', 'NOUN+NSUFF+PRON', 'PRON', 'ADJ+NSUFF', 'CONJ', 'NOUN', 'ADJ+NSUFF', 'CONJ+V', 'NOUN', 'CONJ+ADJ+NSUFF', 'PART', 'V', 'PART', 'V+PRON', 'PREP', 'PUNC']",Tunisia
212,213,كل شي نسيتوه نسيتو البكا لي بكيناه يوم طاولة العار وكيفاه انيس عاملها ؟ كيفاه قالها من عباس لايهاب ؟ كي قال صوتو لسعد ومرتضى …,"['كل', 'شي', 'نسيتوه', 'نسيتو', 'البكا', 'لي', 'بكيناه', 'يوم', 'طاولة', 'العار', 'وكيفاه', 'انيس', 'عاملها', '؟', 'كيفاه', 'قالها', 'من', 'عباس', 'لايهاب', '؟', 'كي', 'قال', 'صوتو', 'لسعد', 'ومرتضى', '…']","['NOUN', 'NOUN', 'V+PRON+PRON', 'V+PRON', 'DET+NOUN', 'PART', 'V+PRON+PRON', 'NOUN', 'NOUN+NSUFF', 'DET+NOUN', 'CONJ+PART+NSUFF', 'NOUN', 'V+PRON', 'PUNC', 'PART', 'V+PRON', 'PREP', 'NOUN', 'PREP+NOUN', 'PUNC', 'PART', 'V', 'V+PRON', 'PREP+NOUN', 'CONJ+NOUN', 'PUNC']",Algeria
213,214,@souhilabintarab كل عام سوها و نتي و عايلتك و حبابك بالف خير نشالله هاد العام عامك عام تكسير الدنيا ربي معاك سوسو و رانا هن …,"['@souhilabintarab', 'كل', 'عام', 'سوها', 'و', 'نتي', 'و', 'عايلتك', 'و', 'حبابك', 'بالف', 'خير', 'نشالله', 'هاد', 'العام', 'عامك', 'عام', 'تكسير', 'الدنيا', 'ربي', 'معاك', 'سوسو', 'و', 'رانا', 'هن', '…']","['MENTION', 'NOUN', 'NOUN', 'NOUN', 'CONJ', 'PRON', 'CONJ', 'NOUN+NSUFF+PRON', 'CONJ', 'NOUN+PRON', 'PREP+NOUN', 'NOUN', 'PART+V+NOUN', 'PRON', 'DET+NOUN', 'NOUN+PRON', 'NOUN', 'NOUN', 'DET+NOUN', 'NOUN+PRON', 'NOUN+PRON', 'NOUN', 'CONJ', 'PART+PRON', 'ADV', 'PUNC']",Morocco
214,215,#souhailabenlachab #IhabAmir #HananeElKhader كل فانزولادنا غي التشجيع لا سيرة شمكار لا بسباس لا والو دعم وبس وتجاهل تام للبقية,"['#souhailabenlachab', '#IhabAmir', '#HananeElKhader', 'كل', 'فانزولادنا', 'غي', 'التشجيع', 'لا', 'سيرة', 'شمكار', 'لا', 'بسباس', 'لا', 'والو', 'دعم', 'وبس', 'وتجاهل', 'تام', 'للبقية']","['HASH', 'HASH', 'HASH', 'NOUN', 'NOUN+NOUN+PRON', 'NOUN', 'DET+NOUN', 'PART', 'NOUN+NSUFF', 'NOUN', 'PART', 'NOUN', 'PART', 'NOUN', 'NOUN', 'CONJ+ADV', 'CONJ+V', 'ADJ', 'PREP+DET+NOUN+NSUFF']",Morocco
215,216,قالك اهاب علاش بان زعفان ؟ ؟ قالك كان نايم مسكين على بيها عيونو منفخين الحمد لله واهاب رانا معاك للاخر من جزائرية تموت عليك,"['قالك', 'اهاب', 'علاش', 'بان', 'زعفان', '؟', '؟', 'قالك', 'كان', 'نايم', 'مسكين', 'على', 'بيها', 'عيونو', 'منفخين', 'الحمد', 'لله', 'واهاب', 'رانا', 'معاك', 'للاخر', 'من', 'جزائرية', 'تموت', 'عليك']","['V+PRON', 'NOUN', 'PART', 'V', 'ADJ', 'PUNC', 'PUNC', 'V+PRON', 'V', 'NOUN', 'NOUN', 'PREP', 'PREP+PRON', 'NOUN+PRON', 'ADJ+NSUFF', 'DET+NOUN', 'PREP+NOUN', 'CONJ+NOUN', 'PART+PRON', 'NOUN+PRON', 'PREP+DET+NOUN', 'PREP', 'NOUN+NSUFF', 'V', 'PREP+PRON']",Algeria
216,217,#كلاسيكيات_الابتدائي كل واحد يجيب النص ديال لكتوبا . . وحط الكتاب فوسط الطبلة,"['#كلاسيكيات_الابتدائي', 'كل', 'واحد', 'يجيب', 'النص', 'ديال', 'لكتوبا', '.', '.', 'وحط', 'الكتاب', 'فوسط', 'الطبلة']","['HASH', 'NOUN', 'NOUN', 'V', 'DET+NOUN', 'PREP', 'DET+NOUN', 'PUNC', 'PUNC', 'CONJ+V', 'DET+NOUN', 'PREP+NOUN', 'DET+NOUN+NSUFF']",Morocco
217,218,كلشي يتفاعل يوصل فاتي وامها تعود تنبهها تفاعل مع هاد تاغ #رفييل_مكروه_المغاربة #HananeElKhader https://t.co/SLKBNQ5jNs,"['كلشي', 'يتفاعل', 'يوصل', 'فاتي', 'وامها', 'تعود', 'تنبهها', 'تفاعل', 'مع', 'هاد', 'تاغ', '#رفييل_مكروه_المغاربة', '#HananeElKhader', 'https://t.co/SLKBNQ5jNs']","['NOUN', 'V', 'V', 'NOUN', 'CONJ+NOUN+PRON', 'V', 'V+PRON', 'V', 'CONJ', 'PRON', 'NOUN', 'HASH', 'HASH', 'URL']",Iraq
218,219,@JomanaDz كلهم كيفكيف و نتوما كلكم حلاباتت كي نتاع عباس كي نتاع ايهاب بخصتو بينا . . انا نجمع على خاطر انا عارفة باللي الاغل …,"['@JomanaDz', 'كلهم', 'كيفكيف', 'و', 'نتوما', 'كلكم', 'حلاباتت', 'كي', 'نتاع', 'عباس', 'كي', 'نتاع', 'ايهاب', 'بخصتو', 'بينا', '.', '.', 'انا', 'نجمع', 'على', 'خاطر', 'انا', 'عارفة', 'باللي', 'الاغل', '…']","['MENTION', 'NOUN+PRON', 'PART+PART', 'CONJ', 'PRON', 'NOUN+PRON', 'NOUN+NSUFF', 'PART', 'PREP', 'NOUN', 'PART', 'PREP', 'NOUN', 'V+PRON', 'NOUN+PRON', 'PUNC', 'PUNC', 'PRON', 'V', 'PREP', 'NOUN', 'PRON', 'ADJ+NSUFF', 'PREP+PART', 'DET+NOUN', 'PUNC']",Tunisia
219,220,#IhabAmir يا ولد بلادي راك طوب وانت محبوب المغرب والعرب وان شاء الله من نجاح لنجاح تستاهل كل خير وراك جيوش تهز الأرض #Social …,"['#IhabAmir', 'يا', 'ولد', 'بلادي', 'راك', 'طوب', 'وانت', 'محبوب', 'المغرب', 'والعرب', 'وان', 'شاء', 'الله', 'من', 'نجاح', 'لنجاح', 'تستاهل', 'كل', 'خير', 'وراك', 'جيوش', 'تهز', 'الأرض', '#Social', '…']","['HASH', 'PART', 'NOUN', 'NOUN+PRON', 'PART+PRON', 'NOUN', 'CONJ+PRON', 'ADJ', 'DET+NOUN', 'CONJ+DET+NOUN', 'CONJ+PART', 'V', 'NOUN', 'PREP', 'NOUN', 'PREP+NOUN', 'V', 'NOUN', 'NOUN', 'NOUN+PRON', 'NOUN', 'V', 'DET+NOUN', 'HASH', 'PUNC']",Oman
220,221,#StaracArabia كنترول بليز حط على سهيلة راها جداتي مهبلتني حابة تشوفها الله يخليك كنترول حط عليها وكي ترقد جداتي شيلها ادا ت …,"['#StaracArabia', 'كنترول', 'بليز', 'حط', 'على', 'سهيلة', 'راها', 'جداتي', 'مهبلتني', 'حابة', 'تشوفها', 'الله', 'يخليك', 'كنترول', 'حط', 'عليها', 'وكي', 'ترقد', 'جداتي', 'شيلها', 'ادا', 'ت', '…']","['HASH', 'NOUN', 'NOUN', 'V', 'PREP', 'NOUN+NSUFF', 'PART+PRON', 'NOUN+NSUFF+PRON', 'V+PRON+PRON', 'NOUN+NSUFF', 'V+PRON', 'NOUN', 'V+PRON', 'NOUN', 'V', 'PREP+PRON', 'CONJ+PART', 'V', 'NOUN+NSUFF+PRON', 'V+PRON', 'PART', 'V', 'PUNC']",Algeria
221,222,كنترووح حيد عبينا هاد إخاان و التهتريف ديالوو حط لكام على إيهااب نطمنو عليييه مش نقصييين #staracarabia #HananeElKhader #Iha …,"['كنترووح', 'حيد', 'عبينا', 'هاد', 'إخاان', 'و', 'التهتريف', 'ديالوو', 'حط', 'لكام', 'على', 'إيهااب', 'نطمنو', 'عليييه', 'مش', 'نقصييين', '#staracarabia', '#HananeElKhader', '#Iha', '…']","['PROG_PART+V', 'V', 'V+PRON', 'PRON', 'NOUN', 'CONJ', 'DET+NOUN', 'PREP+PRON', 'V', 'NOUN', 'PREP', 'NOUN', 'V+PRON', 'PREP+PRON', 'PART', 'ADJ+NSUFF', 'HASH', 'HASH', 'HASH', 'PUNC']",Morocco
222,223,كنزاويين ياريت و انتو تنشرو البرومو اعملوا ريتويت لبعضكم البعض باش يتنشر افضل #KenzaMorsli #برومو_شبه_الحنين #شبه_الحنين,"['كنزاويين', 'ياريت', 'و', 'انتو', 'تنشرو', 'البرومو', 'اعملوا', 'ريتويت', 'لبعضكم', 'البعض', 'باش', 'يتنشر', 'افضل', '#KenzaMorsli', '#برومو_شبه_الحنين', '#شبه_الحنين']","['NOUN+NSUFF', 'PART+NOUN', 'CONJ', 'PRON', 'V+PRON', 'DET+NOUN', 'V+PRON', 'NOUN', 'PREP+NOUN+PRON', 'DET+NOUN', 'PART', 'V', 'ADJ', 'HASH', 'HASH', 'HASH']",Libya
223,224,كنزة عرفت بثقافة بلادها من دخلت وقالت انا جزائرية ما انتظرت لآخر اسبوع باش تعطي بلادها حقها لانو بلادها اولى #الأسطورة_ك …,"['كنزة', 'عرفت', 'بثقافة', 'بلادها', 'من', 'دخلت', 'وقالت', 'انا', 'جزائرية', 'ما', 'انتظرت', 'لآخر', 'اسبوع', 'باش', 'تعطي', 'بلادها', 'حقها', 'لانو', 'بلادها', 'اولى', '#الأسطورة_ك', '…']","['NOUN+NSUFF', 'V+PRON', 'PREP+NOUN+NSUFF', 'NOUN+PRON', 'PREP', 'V+PRON', 'CONJ+V+PRON', 'PRON', 'ADJ+NSUFF', 'PART', 'V+PRON', 'PREP+NOUN', 'NOUN', 'PART', 'V', 'NOUN+PRON', 'NOUN+PRON', 'PREP+PART+PRON', 'NOUN+PRON', 'NOUN', 'HASH', 'PUNC']",Libya
224,225,كي قالو في برايم ساهو خلاص مترجعش انا فقدت الامل مي دوك كي قالت منعرفش ادا نرجع او لالا . . حسيت رجعلي الامل شكون كيما انا ؟ #اس …,"['كي', 'قالو', 'في', 'برايم', 'ساهو', 'خلاص', 'مترجعش', 'انا', 'فقدت', 'الامل', 'مي', 'دوك', 'كي', 'قالت', 'منعرفش', 'ادا', 'نرجع', 'او', 'لالا', '.', '.', 'حسيت', 'رجعلي', 'الامل', 'شكون', 'كيما', 'انا', '؟', '#اس', '…']","['PART', 'V+PRON', 'PREP', 'NOUN', 'NOUN', 'NOUN', 'PART+V+NEG_PART', 'PRON', 'V+PRON', 'DET+NOUN', 'PART', 'ADV', 'PART', 'V+PRON', 'PART+V+NEG_PART', 'PART', 'V', 'CONJ', 'PART', 'PUNC', 'PUNC', 'V+PRON', 'V+PREP+PRON', 'DET+NOUN', 'PART', 'ADV', 'PRON', 'PUNC', 'HASH', 'PUNC']",Algeria
225,226,@IbtissamTiskat #IbtissamTiskat #كي_كنتي_كي_ولتي_مع_ابتسام ههه خالتي دابا قالت خليني نشوف هاد ابتسام لي فاضحين بها دنيا,"['@IbtissamTiskat', '#IbtissamTiskat', '#كي_كنتي_كي_ولتي_مع_ابتسام', 'ههه', 'خالتي', 'دابا', 'قالت', 'خليني', 'نشوف', 'هاد', 'ابتسام', 'لي', 'فاضحين', 'بها', 'دنيا']","['MENTION', 'HASH', 'HASH', 'EMOT', 'NOUN+NSUFF+PRON', 'ADV', 'V+PRON', 'V+PRON', 'V', 'PRON', 'NOUN', 'PART', 'NOUN+NSUFF', 'PREP+PRON', 'NOUN']",Morocco
226,227,@SalimaZaio @reema32283529 @Googoo11Ana @shamssoalassil3 كيما كاين ناس مكتبغيش رفاييل من فانز خنان كاين بعض فانز راف مكيحملو …,"['@SalimaZaio', '@reema32283529', '@Googoo11Ana', '@shamssoalassil3', 'كيما', 'كاين', 'ناس', 'مكتبغيش', 'رفاييل', 'من', 'فانز', 'خنان', 'كاين', 'بعض', 'فانز', 'راف', 'مكيحملو', '…']","['MENTION', 'MENTION', 'MENTION', 'MENTION', 'ADV', 'NOUN', 'NOUN', 'PART+PROG_PART+V+NEG_PART', 'NOUN', 'PREP', 'NOUN', 'NOUN', 'NOUN', 'NOUN', 'NOUN', 'NOUN', 'PART+PROG_PART+V+PRON', 'PUNC']",Morocco
227,228,#SouhilaBenLachhab كيما هدرت السي عيسى في بلاصتو يحل في فمو برك https://t.co/Wd4YE1I2QS,"['#SouhilaBenLachhab', 'كيما', 'هدرت', 'السي', 'عيسى', 'في', 'بلاصتو', 'يحل', 'في', 'فمو', 'برك', 'https://t.co/Wd4YE1I2QS']","['HASH', 'ADV', 'V+PRON', 'DET+NOUN', 'NOUN', 'PREP', 'NOUN+NSUFF+PRON', 'V', 'PREP', 'NOUN+PRON', 'NOUN', 'URL']",Tunisia
228,229,ل يزيد يجي ليا واحد من اي جيش يقولي علاه وكيفاش بلوك ف وجهك قرفتوني ف تحكم ديالكم و كل واحد سير و سد الباب راني نخدم لل m …,"['ل', 'يزيد', 'يجي', 'ليا', 'واحد', 'من', 'اي', 'جيش', 'يقولي', 'علاه', 'وكيفاش', 'بلوك', 'ف', 'وجهك', 'قرفتوني', 'ف', 'تحكم', 'ديالكم', 'و', 'كل', 'واحد', 'سير', 'و', 'سد', 'الباب', 'راني', 'نخدم', 'لل', 'm', '…']","['PART', 'V', 'V', 'PREP+PRON', 'NOUN', 'PREP', 'NOUN', 'NOUN', 'V+PRON', 'PART', 'CONJ+PART', 'NOUN', 'PREP', 'NOUN+PRON', 'V+PRON+PRON', 'PREP', 'NOUN', 'PREP+PRON', 'CONJ', 'NOUN', 'NOUN', 'V', 'CONJ', 'V', 'DET+NOUN', 'PART+PRON', 'V', 'NOUN', 'URL', 'PUNC']",Tunisia
229,230,@souhilabintarab @souhilabintarab لا راكي ديري في مشاكل ماديريش فولوا حتي واحد باه مايصراولكش مشاكل ونسيت ام ايهاب ومقدمة …,"['@souhilabintarab', '@souhilabintarab', 'لا', 'راكي', 'ديري', 'في', 'مشاكل', 'ماديريش', 'فولوا', 'حتي', 'واحد', 'باه', 'مايصراولكش', 'مشاكل', 'ونسيت', 'ام', 'ايهاب', 'ومقدمة', '…']","['MENTION', 'MENTION', 'PART', 'PART+PRON', 'V+PRON', 'PREP', 'NOUN', 'PART+V+PRON+NEG_PART', 'V', 'NOUN', 'NOUN', 'PART', 'PART+V+PRON+PREP+PRON+NEG_PART', 'NOUN', 'CONJ+V+PRON', 'NOUN', 'NOUN', 'CONJ+NOUN+NSUFF', 'PUNC']",Algeria
230,231,@reham1982susah لا هكي قصه عدي لدكتور وان شاء الله لاباس عليك ريهام 🙌,"['@reham1982susah', 'لا', 'هكي', 'قصه', 'عدي', 'لدكتور', 'وان', 'شاء', 'الله', 'لاباس', 'عليك', 'ريهام', '🙌']","['MENTION', 'PART', 'V', 'NOUN+NSUFF', 'V+PRON', 'PREP+NOUN', 'CONJ+PART', 'V', 'NOUN', 'PART+NOUN', 'PREP+PRON', 'NOUN', 'EMOT']",Libya
231,232,@missfatiha678 لا يهمك حورية اهم شي هاد لعب الاطفال ما يأثر على ايهاب ولو اذكياء المفروض يفرحو ان ايهاب له جمهور كبير م …,"['@missfatiha678', 'لا', 'يهمك', 'حورية', 'اهم', 'شي', 'هاد', 'لعب', 'الاطفال', 'ما', 'يأثر', 'على', 'ايهاب', 'ولو', 'اذكياء', 'المفروض', 'يفرحو', 'ان', 'ايهاب', 'له', 'جمهور', 'كبير', 'م', '…']","['MENTION', 'PART', 'V+PRON', 'NOUN+NSUFF', 'NOUN', 'NOUN', 'PRON', 'NOUN', 'DET+NOUN', 'PART', 'V', 'PREP', 'NOUN', 'CONJ+PART', 'NOUN', 'DET+NOUN', 'V+PRON', 'PART', 'NOUN', 'PREP+PRON', 'NOUN', 'ADJ', 'PREP', 'PUNC']",Jordan
232,233,البنات بليز شكون عندها حساب الفيسبوك ديال سمية لي كتعمل بيريسكوب بغيتو الله يخليكم 🙏 🙏 🙏 🙏 🙏 #IhabAmir,"['البنات', 'بليز', 'شكون', 'عندها', 'حساب', 'الفيسبوك', 'ديال', 'سمية', 'لي', 'كتعمل', 'بيريسكوب', 'بغيتو', 'الله', 'يخليكم', '🙏', '🙏', '🙏', '🙏', '🙏', '#IhabAmir']","['DET+NOUN+NSUFF', 'NOUN', 'PART', 'NOUN+PRON', 'NOUN', 'DET+NOUN', 'PREP', 'NOUN+NSUFF', 'PART', 'PROG_PART+V', 'NOUN', 'V+PRON', 'NOUN', 'V+PRON', 'EMOT', 'EMOT', 'EMOT', 'EMOT', 'EMOT', 'HASH']",Morocco
233,234,#SouhilaBenlachhab لايكات قلال عند سهيله ولمعندهاش انستغرام تفتح وديرلها فولو ولايك واش بي جدكم راقدين . #السهلاوي_لسهيله,"['#SouhilaBenlachhab', 'لايكات', 'قلال', 'عند', 'سهيله', 'ولمعندهاش', 'انستغرام', 'تفتح', 'وديرلها', 'فولو', 'ولايك', 'واش', 'بي', 'جدكم', 'راقدين', '.', '#السهلاوي_لسهيله']","['HASH', 'NOUN+NSUFF', 'ADJ', 'NOUN', 'NOUN+NSUFF', 'CONJ+PREP+PART+NOUN+PRON+NEG_PART', 'NOUN', 'V', 'CONJ+V+PREP+PRON', 'NOUN', 'CONJ+NOUN', 'PART', 'PREP', 'NOUN+PRON', 'ADJ+NSUFF', 'PUNC', 'HASH']",Tunisia
234,235,لقطة الماتش كون تسجلات المقصية ديال مابيدي ؛ ),"['لقطة', 'الماتش', 'كون', 'تسجلات', 'المقصية', 'ديال', 'مابيدي', '؛', ')']","['NOUN+NSUFF', 'DET+NOUN', 'NOUN', 'V+PRON', 'DET+NOUN+NSUFF', 'PREP', 'PART+PREP+NOUN+PRON', 'PUNC', 'PUNC']",Morocco
235,236,@WALID_SALI للأسف انتوما بتصريحاتكم الغير مسؤولة راكم تخسرو سهيلة فانزها ، ياريت ماتتكلموش بأسمها وحنا نسمو روحنا واش نحبو …,"['@WALID_SALI', 'للأسف', 'انتوما', 'بتصريحاتكم', 'الغير', 'مسؤولة', 'راكم', 'تخسرو', 'سهيلة', 'فانزها', '،', 'ياريت', 'ماتتكلموش', 'بأسمها', 'وحنا', 'نسمو', 'روحنا', 'واش', 'نحبو', '…']","['MENTION', 'PREP+DET+NOUN', 'PRON', 'PREP+NOUN+NSUFF+PRON', 'DET+NOUN', 'ADJ+NSUFF', 'PART+PRON', 'V+PRON', 'NOUN+NSUFF', 'NOUN+PRON', 'PUNC', 'PART+NOUN', 'PART+V+PRON+NEG_PART', 'PREP+NOUN+PRON', 'CONJ+PRON', 'V+PRON', 'NOUN+PRON', 'PART', 'V+PRON', 'PUNC']",Algeria
236,237,لي بعض ناس واش هبلتو سهيلة لي لازم تحملو صورها مش . .. واش ما تحشموش من عايلتها ؟ ورجال لراح يكونو تماك ؟ ذل لي راكم فيه #Sou …,"['لي', 'بعض', 'ناس', 'واش', 'هبلتو', 'سهيلة', 'لي', 'لازم', 'تحملو', 'صورها', 'مش', '.', '..', 'واش', 'ما', 'تحشموش', 'من', 'عايلتها', '؟', 'ورجال', 'لراح', 'يكونو', 'تماك', '؟', 'ذل', 'لي', 'راكم', 'فيه', '#Sou', '…']","['PART', 'NOUN', 'NOUN', 'PART', 'V+PRON', 'NOUN+NSUFF', 'PART', 'NOUN', 'V+PRON', 'NOUN+NSUFF', 'PART', 'PUNC', 'PUNC', 'PART', 'PART', 'V+PRON+NEG_PART', 'PREP', 'NOUN+NSUFF+PRON', 'PUNC', 'CONJ+NOUN', 'PART+V', 'V+PRON', 'ADV', 'PUNC', 'NOUN', 'PART', 'PART+PRON', 'PREP+NSUFF', 'HASH', 'PUNC']",Algeria
237,238,لي دايرة هاد تصويرة يرحم باباك بدلوها وحدة درتلي فولو سحابلي سهيلة كنت غادي نموت خخخخخخخ 💃 💃 💃 💃 💃 #SouhailaBenLachhab https …,"['لي', 'دايرة', 'هاد', 'تصويرة', 'يرحم', 'باباك', 'بدلوها', 'وحدة', 'درتلي', 'فولو', 'سحابلي', 'سهيلة', 'كنت', 'غادي', 'نموت', 'خخخخخخخ', '💃', '💃', '💃', '💃', '💃', '#SouhailaBenLachhab', 'https', '…']","['PART', 'V+PRON', 'PRON', 'NOUN+NSUFF', 'V', 'NOUN+PRON', 'V+PRON+PRON', 'NOUN+NSUFF', 'V+PREP+PRON', 'NOUN', 'V+PREP+PRON', 'NOUN+NSUFF', 'V+PRON', 'PART', 'V', 'EMOT', 'EMOT', 'EMOT', 'EMOT', 'EMOT', 'EMOT', 'HASH', 'URL', 'PUNC']",Morocco
238,239,لي قال اهاب قال انا مو جزائري روحو اسمعو كيفاش راه يدرب ع الاغنية قال صعيبة عليا ة عالية بصح احترم فنان الجزائر و قبل الت …,"['لي', 'قال', 'اهاب', 'قال', 'انا', 'مو', 'جزائري', 'روحو', 'اسمعو', 'كيفاش', 'راه', 'يدرب', 'ع', 'الاغنية', 'قال', 'صعيبة', 'عليا', 'ة', 'عالية', 'بصح', 'احترم', 'فنان', 'الجزائر', 'و', 'قبل', 'الت', '…']","['PART', 'V', 'NOUN', 'V', 'PRON', 'PART', 'NOUN', 'V+PRON', 'V+PRON', 'PART', 'PART+PRON', 'V', 'PREP', 'DET+NOUN+NSUFF', 'V', 'NOUN+NSUFF', 'PREP+PRON', 'NSUFF', 'NOUN+NSUFF', 'PREP+NOUN', 'V', 'NOUN', 'DET+NOUN', 'CONJ', 'ADJ', 'NOUN', 'PUNC']",Algeria
239,240,لي كان يهدر و يقول علاش و عايرني اقم لكم بالله ماراح نسمحلكم لا دنيا لا اخرة ظلمتو سوهابيين شوفو كي قتلكم طويل شتمتوني و …,"['لي', 'كان', 'يهدر', 'و', 'يقول', 'علاش', 'و', 'عايرني', 'اقم', 'لكم', 'بالله', 'ماراح', 'نسمحلكم', 'لا', 'دنيا', 'لا', 'اخرة', 'ظلمتو', 'سوهابيين', 'شوفو', 'كي', 'قتلكم', 'طويل', 'شتمتوني', 'و', '…']","['PART', 'V', 'V', 'CONJ', 'V', 'PART', 'CONJ', 'V+PRON', 'V', 'PREP+PRON', 'PREP+NOUN', 'PART+V', 'V+PREP+PRON', 'PART', 'NOUN', 'PART', 'NOUN+NSUFF', 'V+PRON', 'NOUN', 'V+PRON', 'PART', 'V+PREP+PRON', 'ADJ', 'V+PRON+PRON', 'CONJ', 'PUNC']",Algeria
240,241,لي كيبغي ايهاب غادي يدعمو و يشجعو و ينتاقدو على الخدمة و يفيقو الى تهاون انا ديك الهدرة ديال بقا مع فلان و بعد من فلان را …,"['لي', 'كيبغي', 'ايهاب', 'غادي', 'يدعمو', 'و', 'يشجعو', 'و', 'ينتاقدو', 'على', 'الخدمة', 'و', 'يفيقو', 'الى', 'تهاون', 'انا', 'ديك', 'الهدرة', 'ديال', 'بقا', 'مع', 'فلان', 'و', 'بعد', 'من', 'فلان', 'را', '…']","['PART', 'PROG_PART+V', 'NOUN', 'PART', 'V+PRON', 'CONJ', 'V+PRON', 'CONJ', 'V+PRON', 'PREP', 'DET+NOUN+NSUFF', 'CONJ', 'V+PRON', 'PART', 'NOUN', 'PRON', 'PRON', 'DET+NOUN+NSUFF', 'PREP', 'V+PRON', 'CONJ', 'NOUN', 'CONJ', 'ADV', 'PREP', 'NOUN', 'V', 'PUNC']",Morocco
241,242,لي كيبغي حنان يخدم معها شوية و براكا منبقاو مقبلين هادو لي كيسبو خليهم الله راه هو قد بهم و شتم اعراض الناس حاجة ماشي سهلة …,"['لي', 'كيبغي', 'حنان', 'يخدم', 'معها', 'شوية', 'و', 'براكا', 'منبقاو', 'مقبلين', 'هادو', 'لي', 'كيسبو', 'خليهم', 'الله', 'راه', 'هو', 'قد', 'بهم', 'و', 'شتم', 'اعراض', 'الناس', 'حاجة', 'ماشي', 'سهلة', '…']","['PART', 'PROG_PART+V', 'NOUN', 'V', 'CONJ+PRON', 'NOUN+NSUFF', 'CONJ', 'NOUN', 'PART+V+PRON', 'ADJ+NSUFF', 'PRON', 'PART', 'PROG_PART+V+PRON', 'V+PRON', 'NOUN', 'PART+PRON', 'PRON', 'NOUN', 'PREP+PRON', 'CONJ', 'V', 'NOUN', 'DET+NOUN', 'NOUN+NSUFF', 'PART', 'ADJ+NSUFF', 'PUNC']",Morocco
242,243,ليكيليبر بمسطرة و الڭومات ديال الصف كامل #كلاسيكيات_الابتدائي,"['ليكيليبر', 'بمسطرة', 'و', 'الڭومات', 'ديال', 'الصف', 'كامل', '#كلاسيكيات_الابتدائي']","['NOUN', 'PREP+NOUN+NSUFF', 'CONJ', 'DET+NOUN+NSUFF', 'PREP', 'DET+NOUN', 'ADJ', 'HASH']",Morocco
243,244,ليوما عندي تشريح الاسماك . دابا ربعة د سوايع غادي نبقا نفكر غير ف @SharifBariz 😔,"['ليوما', 'عندي', 'تشريح', 'الاسماك', '.', 'دابا', 'ربعة', 'د', 'سوايع', 'غادي', 'نبقا', 'نفكر', 'غير', 'ف', '@SharifBariz', '😔']","['DET+NOUN', 'NOUN+PRON', 'NOUN', 'DET+NOUN', 'PUNC', 'ADV', 'NOUN+NSUFF', 'PREP', 'NOUN', 'PART', 'V', 'V', 'NOUN', 'PREP', 'MENTION', 'EMOT']",Morocco
244,245,ما تبقاوش تحطو الصور قدام وتفلاو واش حساب ليكم حنا حمير راه باينة الساعة البشر اللي تيصوت مرحبا اللي باغي يطمعنا يفرقنا بلا عي …,"['ما', 'تبقاوش', 'تحطو', 'الصور', 'قدام', 'وتفلاو', 'واش', 'حساب', 'ليكم', 'حنا', 'حمير', 'راه', 'باينة', 'الساعة', 'البشر', 'اللي', 'تيصوت', 'مرحبا', 'اللي', 'باغي', 'يطمعنا', 'يفرقنا', 'بلا', 'عي', '…']","['PART', 'V+PRON+NEG_PART', 'V+PRON', 'DET+NOUN', 'NOUN', 'CONJ+V+PRON', 'PART', 'NOUN', 'PREP+PRON', 'PRON', 'NOUN', 'PART+PRON', 'ADJ+NSUFF', 'DET+NOUN+NSUFF', 'DET+NOUN', 'PART', 'PROG_PART+V', 'NOUN', 'PART', 'V', 'V+PRON', 'V+PRON', 'PREP+PART', 'NOUN', 'PUNC']",Morocco
245,246,@ayaamna1 ما تقيمي لي حاب شهرة درك يهدر ع ساهو او فانزها لو جات عندو كرامة ما يحكي عليها بعد فضيحتو هو اصلا ناقد ساهو مو ستار …,"['@ayaamna1', 'ما', 'تقيمي', 'لي', 'حاب', 'شهرة', 'درك', 'يهدر', 'ع', 'ساهو', 'او', 'فانزها', 'لو', 'جات', 'عندو', 'كرامة', 'ما', 'يحكي', 'عليها', 'بعد', 'فضيحتو', 'هو', 'اصلا', 'ناقد', 'ساهو', 'مو', 'ستار', '…']","['MENTION', 'PART', 'V+PRON', 'PART', 'V', 'NOUN+NSUFF', 'ADV', 'V', 'PREP', 'NOUN', 'CONJ', 'NOUN+PRON', 'PART', 'V+PRON', 'NOUN+PRON', 'NOUN+NSUFF', 'PART', 'V', 'PREP+PRON', 'ADV', 'NOUN+NSUFF+PRON', 'PRON', 'NOUN+CASE', 'ADJ', 'NOUN', 'PART', 'NOUN', 'PUNC']",Tunisia
246,247,ما دارو لا حالة لا والو خليهم هادي غير تويتة ديال الكبيدة راها مازال تحرق فيهم و راه حنا نصوتو كيف ما كنا نصوتو قبل و كتر …,"['ما', 'دارو', 'لا', 'حالة', 'لا', 'والو', 'خليهم', 'هادي', 'غير', 'تويتة', 'ديال', 'الكبيدة', 'راها', 'مازال', 'تحرق', 'فيهم', 'و', 'راه', 'حنا', 'نصوتو', 'كيف', 'ما', 'كنا', 'نصوتو', 'قبل', 'و', 'كتر', '…']","['PART', 'V+PRON', 'PART', 'NOUN+NSUFF', 'PART', 'NOUN', 'V+PRON', 'PRON', 'NOUN', 'NOUN+NSUFF', 'PREP', 'DET+NOUN+NSUFF', 'PART+PRON', 'PART', 'V', 'PREP+PRON', 'CONJ', 'PART+PRON', 'PRON', 'V+PRON', 'PART', 'PART', 'V+PRON', 'V+PRON', 'ADV', 'CONJ', 'NOUN', 'PUNC']",Morocco
247,248,ما نليقيش ليك ما تليقيش ليّا شكون للي كذب عليك وقالك باقي نية بزاف عليك وصعيب تلعبي بيّا ~,"['ما', 'نليقيش', 'ليك', 'ما', 'تليقيش', 'ليّا', 'شكون', 'للي', 'كذب', 'عليك', 'وقالك', 'باقي', 'نية', 'بزاف', 'عليك', 'وصعيب', 'تلعبي', 'بيّا', '~']","['PART', 'V+PRON+NEG_PART', 'PREP+PRON', 'PART', 'V+PRON+NEG_PART', 'PREP+PRON', 'PART', 'PREP+PART', 'V', 'PREP+PRON', 'CONJ+V+PRON', 'V', 'NOUN+NSUFF', 'ADV', 'PREP+PRON', 'CONJ+NOUN', 'V+PRON', 'PREP+PRON', 'PUNC']",Tunisia
248,249,@91Grosminey مادارش والو عجال نزعل منه شرفنا وشرف بلاده ورانا معاه للفينال الحلابات مايمثلوش الجزاير #الجمهور_مع_انيس_للفاينل #AnisTo100K,"['@91Grosminey', 'مادارش', 'والو', 'عجال', 'نزعل', 'منه', 'شرفنا', 'وشرف', 'بلاده', 'ورانا', 'معاه', 'للفينال', 'الحلابات', 'مايمثلوش', 'الجزاير', '#الجمهور_مع_انيس_للفاينل', '#AnisTo100K']","['MENTION', 'PART+V+NEG_PART', 'NOUN', 'PREP+NOUN', 'V', 'PREP+PRON', 'V+PRON', 'CONJ+V', 'NOUN+PRON', 'CONJ+PART+PRON', 'NOUN+PRON', 'PREP+DET+NOUN', 'DET+NOUN+NSUFF', 'PART+V+PRON+NEG_PART', 'DET+NOUN', 'HASH', 'HASH']",Algeria
249,250,@Rodolph_hilal شكرا رود واكيد تستاهل هاذيك مشي منوالة هي بنت بلد المليون ونصف مليون شهيد مكانش كيما بلادها . . وشكرا على حسن …,"['@Rodolph_hilal', 'شكرا', 'رود', 'واكيد', 'تستاهل', 'هاذيك', 'مشي', 'منوالة', 'هي', 'بنت', 'بلد', 'المليون', 'ونصف', 'مليون', 'شهيد', 'مكانش', 'كيما', 'بلادها', '.', '.', 'وشكرا', 'على', 'حسن', '…']","['MENTION', 'NOUN+CASE', 'NOUN', 'CONJ+NOUN', 'V', 'PRON+PRON', 'PART', 'PART+NOUN+NSUFF', 'PRON', 'NOUN', 'NOUN', 'DET+NOUN', 'CONJ+NOUN', 'NOUN', 'NOUN', 'PART+V+NEG_PART', 'ADV', 'NOUN+PRON', 'PUNC', 'PUNC', 'CONJ+NOUN+CASE', 'PREP', 'NOUN', 'PUNC']",Tunisia
250,251,@KarimaIhab @ihebhaso @souhaila_ihab مانسمحوش فانز العجوز يمشي ويسب لن ننسى وهايدي وساهو مو واحد واش جاب لجاب,"['@KarimaIhab', '@ihebhaso', '@souhaila_ihab', 'مانسمحوش', 'فانز', 'العجوز', 'يمشي', 'ويسب', 'لن', 'ننسى', 'وهايدي', 'وساهو', 'مو', 'واحد', 'واش', 'جاب', 'لجاب']","['MENTION', 'MENTION', 'MENTION', 'PART+V+PRON+NEG_PART', 'NOUN', 'DET+NOUN', 'V', 'CONJ+V', 'PART', 'V', 'CONJ+NOUN', 'CONJ+NOUN', 'PART', 'NOUN', 'PART', 'V', 'PART+V']",Algeria
251,252,مبغاتش تفهم ليا أنيس خرج رفاييل رجع مروان توب وان علاش كتسبو حنان واش هي كلوديا #StaracArabia عقلية التخلف 😷 😷 😷,"['مبغاتش', 'تفهم', 'ليا', 'أنيس', 'خرج', 'رفاييل', 'رجع', 'مروان', 'توب', 'وان', 'علاش', 'كتسبو', 'حنان', 'واش', 'هي', 'كلوديا', '#StaracArabia', 'عقلية', 'التخلف', '😷', '😷', '😷']","['PART+V+PRON+NEG_PART', 'V', 'PREP+PRON', 'NOUN', 'V', 'NOUN', 'V', 'NOUN', 'ADJ', 'NOUN', 'PART', 'PROG_PART+V+PRON', 'NOUN', 'PART', 'PRON', 'NOUN', 'HASH', 'NOUN+NSUFF', 'DET+NOUN', 'EMOT', 'EMOT', 'EMOT']",Morocco
252,253,مبقاش بزاف ونوصلو صفحة سوها للألف شدو الهمة 💪 💪 #الجيش_السهلاوي #StaracArabia #SouhilaBenLachhab #سهيله_بقلوبنا https://t.c …,"['مبقاش', 'بزاف', 'ونوصلو', 'صفحة', 'سوها', 'للألف', 'شدو', 'الهمة', '💪', '💪', '#الجيش_السهلاوي', '#StaracArabia', '#SouhilaBenLachhab', '#سهيله_بقلوبنا', 'https://t.c', '…']","['PART+V+NEG_PART', 'ADV', 'CONJ+V+PRON', 'NOUN+NSUFF', 'NOUN', 'PREP+DET+NOUN', 'V+PRON', 'DET+NOUN+NSUFF', 'EMOT', 'EMOT', 'HASH', 'HASH', 'HASH', 'HASH', 'URL', 'PUNC']",Algeria
253,254,@MohamadBash محمد باش بليز فولو للنجمه سهيله بن لشهب 👇 👇 👇 @souhilabintarab #SouhilaBenLachhab,"['@MohamadBash', 'محمد', 'باش', 'بليز', 'فولو', 'للنجمه', 'سهيله', 'بن', 'لشهب', '👇', '👇', '👇', '@souhilabintarab', '#SouhilaBenLachhab']","['MENTION', 'NOUN', 'NOUN', 'NOUN', 'V', 'PREP+DET+NOUN', 'NOUN+NSUFF', 'NOUN', 'DET+NOUN', 'EMOT', 'EMOT', 'EMOT', 'MENTION', 'HASH']",Egypt
254,255,مدام كاينة نعمة الأمن نحمد الله @oussamased,"['مدام', 'كاينة', 'نعمة', 'الأمن', 'نحمد', 'الله', '@oussamased']","['PART', 'ADJ+NSUFF', 'NOUN+NSUFF', 'DET+NOUN', 'V', 'NOUN', 'MENTION']",Morocco
255,256,مغربية راني حابة نتزوج بحمزة زعما يقبل قوليلو نعرف نخدم الشغل نجي للمغرب و نديرو العرس واش رايك @ur_conscience01 @hoooooof …,"['مغربية', 'راني', 'حابة', 'نتزوج', 'بحمزة', 'زعما', 'يقبل', 'قوليلو', 'نعرف', 'نخدم', 'الشغل', 'نجي', 'للمغرب', 'و', 'نديرو', 'العرس', 'واش', 'رايك', '@ur_conscience01', '@hoooooof', '…']","['NOUN+NSUFF', 'PART+PRON', 'ADJ+NSUFF', 'V', 'PREP+NOUN', 'ADV+CASE', 'V', 'V+PRON+PRON', 'V', 'V', 'DET+NOUN', 'V', 'PREP+DET+NOUN', 'CONJ', 'V+PRON', 'DET+NOUN', 'PART', 'NOUN+PRON', 'MENTION', 'MENTION', 'PUNC']",Algeria
256,257,#kenzaMorsli ملاكي بقيلك احمد صلاح باركلك على انستا ردي عليه وما تنساوش لقائها على دزاير نيوز ومابقاش بزاف على ربع مليون 💪 …,"['#kenzaMorsli', 'ملاكي', 'بقيلك', 'احمد', 'صلاح', 'باركلك', 'على', 'انستا', 'ردي', 'عليه', 'وما', 'تنساوش', 'لقائها', 'على', 'دزاير', 'نيوز', 'ومابقاش', 'بزاف', 'على', 'ربع', 'مليون', '💪', '…']","['HASH', 'NOUN+PRON', 'V+PREP+PRON', 'NOUN', 'NOUN', 'V+PREP+PRON', 'PREP', 'NOUN', 'V+PRON', 'PREP+PRON', 'CONJ+PART', 'V+PRON+NEG_PART', 'NOUN+PRON', 'PREP', 'NOUN', 'NOUN', 'CONJ+PART+V+NEG_PART', 'ADV', 'PREP', 'NOUN', 'NOUN', 'EMOT', 'PUNC']",Algeria
257,258,#كلاسيكيات_الابتدائي ملي الاستاد تايجيب هاد الدفتر كولشي كاتشدو الخلعة http://t.co/aMDOILAeIL,"['#كلاسيكيات_الابتدائي', 'ملي', 'الاستاد', 'تايجيب', 'هاد', 'الدفتر', 'كولشي', 'كاتشدو', 'الخلعة', 'http://t.co/aMDOILAeIL']","['HASH', 'ADV', 'DET+NOUN', 'FUT_PART+V', 'PRON', 'DET+NOUN', 'NOUN+NOUN', 'PROG_PART+V+PRON', 'DET+NOUN+NSUFF', 'URL']",Morocco
258,259,#مليكنت_صغير بكثرت الغيرة من خويا الصغير قالت لي الواليدة جيب ليه يشرب مشيت درتلو جڤيل فالماء باش يموت زعما ههههه ساعة عاقة …,"['#مليكنت_صغير', 'بكثرت', 'الغيرة', 'من', 'خويا', 'الصغير', 'قالت', 'لي', 'الواليدة', 'جيب', 'ليه', 'يشرب', 'مشيت', 'درتلو', 'جڤيل', 'فالماء', 'باش', 'يموت', 'زعما', 'ههههه', 'ساعة', 'عاقة', '…']","['HASH', 'PREP+NOUN', 'DET+NOUN+NSUFF', 'PREP', 'NOUN+PRON', 'DET+ADJ', 'V+PRON', 'PREP+PRON', 'DET+NOUN+NSUFF', 'V', 'PREP+PRON', 'V', 'V+PRON', 'V+PREP+PRON', 'NOUN', 'PREP+DET+NOUN', 'PART', 'V', 'ADV+CASE', 'EMOT', 'NOUN+NSUFF', 'V+PRON', 'PUNC']",Morocco
259,260,@claudefatia ممكن يكون الاستثناء هاد العام الا ضغطنا أكثر 😳,"['@claudefatia', 'ممكن', 'يكون', 'الاستثناء', 'هاد', 'العام', 'الا', 'ضغطنا', 'أكثر', '😳']","['MENTION', 'ADV', 'V', 'DET+NOUN', 'PRON', 'DET+NOUN', 'PART', 'V+PRON', 'ADJ', 'EMOT']",Morocco
260,261,من الاخر لي بغى يبقى مشجع حنان مرحبا لي مبغاش يقلب 9 6 و خرجو من تاق ديالها و سيرو نبحو بعيد ا قلال نفس تفو راه غبرنامج 😠 …,"['من', 'الاخر', 'لي', 'بغى', 'يبقى', 'مشجع', 'حنان', 'مرحبا', 'لي', 'مبغاش', 'يقلب', '9', '6', 'و', 'خرجو', 'من', 'تاق', 'ديالها', 'و', 'سيرو', 'نبحو', 'بعيد', 'ا', 'قلال', 'نفس', 'تفو', 'راه', 'غبرنامج', '😠', '…']","['PREP', 'DET+NOUN', 'PART', 'V', 'V', 'ADJ', 'NOUN', 'NOUN', 'PART', 'PART+V+NEG_PART', 'V', 'NUM', 'NUM', 'CONJ', 'V+PRON', 'PREP', 'NOUN', 'PREP+PRON', 'CONJ', 'V+PRON', 'V+PRON', 'ADV', 'PART', 'NOUN', 'NOUN', 'NOUN', 'PART+PRON', 'PART+NOUN', 'EMOT', 'PUNC']",Algeria
261,262,والله حتى مضاربتكم توحشتها اهاب واش هادي تقليقة اعباد الله سوسو : قلتلك سمحلي واش نزيدلك #ايهاب_وسهيله_توحشناكم #IhabAmi …,"['والله', 'حتى', 'مضاربتكم', 'توحشتها', 'اهاب', 'واش', 'هادي', 'تقليقة', 'اعباد', 'الله', 'سوسو', ':', 'قلتلك', 'سمحلي', 'واش', 'نزيدلك', '#ايهاب_وسهيله_توحشناكم', '#IhabAmi', '…']","['CONJ+NOUN', 'PART', 'NOUN+NSUFF+PRON', 'V+PRON+PRON', 'NOUN', 'PART', 'PRON', 'NOUN+NSUFF', 'PART+NOUN', 'NOUN', 'NOUN', 'PUNC', 'V+PREP+PRON', 'V+PREP+PRON', 'PART', 'V+PREP+PRON', 'HASH', 'HASH', 'PUNC']",Morocco
262,263,#من_عادات_حنان كمية حب فهاد التاق هادا هو الفانز الحقيقي حنا و حنان يد وحدة وسط و خارج الاكاديمي,"['#من_عادات_حنان', 'كمية', 'حب', 'فهاد', 'التاق', 'هادا', 'هو', 'الفانز', 'الحقيقي', 'حنا', 'و', 'حنان', 'يد', 'وحدة', 'وسط', 'و', 'خارج', 'الاكاديمي']","['HASH', 'NOUN+NSUFF', 'NOUN', 'PREP+PRON', 'DET+NOUN', 'PRON', 'PRON', 'DET+NOUN', 'DET+ADJ', 'PRON', 'CONJ', 'NOUN', 'NOUN', 'ADJ+NSUFF', 'NOUN', 'CONJ', 'NOUN', 'DET+NOUN']",Libya
263,264,من لايثق في برشلونه فعليه ان يترك الفريق برشا فور ايفر 💔 ❤ 💔,"['من', 'لايثق', 'في', 'برشلونه', 'فعليه', 'ان', 'يترك', 'الفريق', 'برشا', 'فور', 'ايفر', '💔', '❤', '💔']","['PART', 'PART+V', 'PREP', 'NOUN+NSUFF', 'CONJ+PREP+PRON', 'PART', 'V', 'DET+NOUN', 'NOUN', 'NOUN', 'NOUN', 'EMOT', 'EMOT', 'EMOT']",Tunisia
264,265,منليقش ليك ماتليقي ليا بزاف عليك وصعيب تلعبي بيا 🎶 👏,"['منليقش', 'ليك', 'ماتليقي', 'ليا', 'بزاف', 'عليك', 'وصعيب', 'تلعبي', 'بيا', '🎶', '👏']","['PART+V+NEG_PART', 'PREP+PRON', 'PART+V+PRON', 'PREP+PRON', 'ADV', 'PREP+PRON', 'CONJ+NOUN', 'V+PRON', 'PREP+PRON', 'EMOT', 'EMOT']",Algeria
265,266,@Jwahar97 منليقش ليك متلقي ليا ، شكون للي كذب عليك وقالك باقي نيه .,"['@Jwahar97', 'منليقش', 'ليك', 'متلقي', 'ليا', '،', 'شكون', 'للي', 'كذب', 'عليك', 'وقالك', 'باقي', 'نيه', '.']","['MENTION', 'PART+V+NEG_PART', 'PREP+PRON', 'PART+V+PRON', 'PREP+PRON', 'PUNC', 'PART', 'PREP+PART', 'V', 'PREP+PRON', 'CONJ+V+PRON', 'V', 'NOUN+NSUFF', 'PUNC']",Tunisia
266,267,#كلاسيكيات_الابتدائي منين كاتبغي تصاحب مع شي بنت ، كاتدير معها مثنى مثنى فالدخلة ديال القسم,"['#كلاسيكيات_الابتدائي', 'منين', 'كاتبغي', 'تصاحب', 'مع', 'شي', 'بنت', '،', 'كاتدير', 'معها', 'مثنى', 'مثنى', 'فالدخلة', 'ديال', 'القسم']","['HASH', 'PART', 'PROG_PART+V', 'V', 'CONJ', 'NOUN', 'NOUN', 'PUNC', 'PROG_PART+V', 'CONJ+PRON', 'NOUN', 'NOUN', 'PREP+DET+NOUN+NSUFF', 'PREP', 'DET+NOUN']",Morocco
267,268,#ميدانينا يخي لما يحضنك احد الاطفال تحس انك مصدر امان صدق ! 😩 😢 💘,"['#ميدانينا', 'يخي', 'لما', 'يحضنك', 'احد', 'الاطفال', 'تحس', 'انك', 'مصدر', 'امان', 'صدق', '!', '😩', '😢', '💘']","['HASH', 'PART', 'PART', 'V+PRON', 'NOUN', 'DET+NOUN', 'V', 'PART+PRON', 'NOUN', 'NOUN', 'V', 'PUNC', 'EMOT', 'EMOT', 'EMOT']",Iraq
268,269,#TheVoiceKids ميرال غادي و غنى افضل المواهب لليوم دخلوا قلبي في ثانية و لحسن الصدفة انهم في #فريق_نانسي ، ملكت قلوبهم يا …,"['#TheVoiceKids', 'ميرال', 'غادي', 'و', 'غنى', 'افضل', 'المواهب', 'لليوم', 'دخلوا', 'قلبي', 'في', 'ثانية', 'و', 'لحسن', 'الصدفة', 'انهم', 'في', '#فريق_نانسي', '،', 'ملكت', 'قلوبهم', 'يا', '…']","['HASH', 'NOUN', 'PART', 'CONJ', 'V', 'ADJ', 'DET+NOUN', 'PREP+DET+NOUN', 'V+PRON', 'NOUN+PRON', 'PREP', 'NOUN+NSUFF', 'CONJ', 'PREP+NOUN', 'DET+NOUN+NSUFF', 'PART+PRON', 'PREP', 'HASH', 'PUNC', 'V+PRON', 'NOUN+PRON', 'PART', 'PUNC']",Jordan
269,270,شعب راسو قاسي يحب رأيو وكلمتو دايما واقفه ومايخاف من والو غير ربي سبحانو #قول_رايك_في_الشعب_الجزايري,"['شعب', 'راسو', 'قاسي', 'يحب', 'رأيو', 'وكلمتو', 'دايما', 'واقفه', 'ومايخاف', 'من', 'والو', 'غير', 'ربي', 'سبحانو', '#قول_رايك_في_الشعب_الجزايري']","['NOUN', 'NOUN+PRON', 'ADJ', 'V', 'NOUN+PRON', 'CONJ+V+PRON', 'ADV', 'ADJ+NSUFF', 'CONJ+PART+V', 'PREP', 'NOUN', 'NOUN', 'NOUN+PRON', 'NOUN+PRON', 'HASH']",Tunisia
270,271,نتوما واش مكتعارفوش تشجعوا بنادم من غير ذكر حنان الخضر تعلموا المنافسة الشريفة ، نيالك سلطانتي لو تعرفي شو عملتي ب شي ناس …,"['نتوما', 'واش', 'مكتعارفوش', 'تشجعوا', 'بنادم', 'من', 'غير', 'ذكر', 'حنان', 'الخضر', 'تعلموا', 'المنافسة', 'الشريفة', '،', 'نيالك', 'سلطانتي', 'لو', 'تعرفي', 'شو', 'عملتي', 'ب', 'شي', 'ناس', '…']","['PRON', 'PART', 'PART+PROG_PART+V+PRON+NEG_PART', 'V+PRON', 'NOUN', 'PREP', 'NOUN', 'NOUN', 'NOUN', 'DET+NOUN', 'V+PRON', 'DET+NOUN+NSUFF', 'DET+ADJ+NSUFF', 'PUNC', 'PREP+PRON', 'NOUN+NSUFF+PRON', 'PART', 'V+PRON', 'PART', 'V+NSUFF+PRON', 'PREP', 'NOUN', 'NOUN', 'PUNC']",Morocco
271,272,@souhilabintarab نحبوك و نعشقوك بهبالك و بطيبتك و ب كل شيء فيك و يقولو واش يحبو ما نكرهوكش و لي يحكي فيك نمسح فيه موس و ما …,"['@souhilabintarab', 'نحبوك', 'و', 'نعشقوك', 'بهبالك', 'و', 'بطيبتك', 'و', 'ب', 'كل', 'شيء', 'فيك', 'و', 'يقولو', 'واش', 'يحبو', 'ما', 'نكرهوكش', 'و', 'لي', 'يحكي', 'فيك', 'نمسح', 'فيه', 'موس', 'و', 'ما', '…']","['MENTION', 'V+PRON+PRON', 'CONJ', 'V+PRON+PRON', 'PREP+NOUN+PRON', 'CONJ', 'PREP+NOUN+NSUFF+PRON', 'CONJ', 'PREP', 'NOUN', 'NOUN', 'PREP+PRON', 'CONJ', 'V+PRON', 'PART', 'V+PRON', 'PART', 'V+PRON+PRON+NEG_PART', 'CONJ', 'PART', 'V', 'PREP+PRON', 'V', 'PREP+PRON', 'NOUN', 'CONJ', 'PART', 'PUNC']",Tunisia
272,273,نحن غروب معنا خالتو وصحابو لي بغا يعونا باش مقدر يتواصل ويحط نمرة فكومونتير وندخل معانا فغروب ويشوف داكشي بعنيه . وحنا كلنا نش …,"['نحن', 'غروب', 'معنا', 'خالتو', 'وصحابو', 'لي', 'بغا', 'يعونا', 'باش', 'مقدر', 'يتواصل', 'ويحط', 'نمرة', 'فكومونتير', 'وندخل', 'معانا', 'فغروب', 'ويشوف', 'داكشي', 'بعنيه', '.', 'وحنا', 'كلنا', 'نش', '…']","['PRON', 'NOUN', 'CONJ+PRON', 'NOUN+PRON', 'CONJ+NOUN+PRON', 'PART', 'V', 'V+PRON', 'PART', 'PART+V', 'V', 'CONJ+V', 'NOUN+NSUFF', 'PREP+NOUN', 'CONJ+V', 'NOUN+PRON', 'PREP+NOUN', 'CONJ+V', 'PRON+NOUN', 'PROG_PART+V+PRON', 'PUNC', 'CONJ+PRON', 'NOUN+PRON', 'NOUN', 'PUNC']",Morocco
273,274,ندير مابغيت م الهدره عيييت #علمتني_حنان_أن,"['ندير', 'مابغيت', 'م', 'الهدره', 'عيييت', '#علمتني_حنان_أن']","['V', 'PART+V+PRON', 'PREP', 'DET+NOUN+NSUFF', 'V+PRON', 'HASH']",Morocco
274,275,#SocialMediaNight #NassimRaissi نسوم يا مهضوم نحبوك بزاف ف الجزائر و ما تنساش سهيلة بنت العرب غنيلها,"['#SocialMediaNight', '#NassimRaissi', 'نسوم', 'يا', 'مهضوم', 'نحبوك', 'بزاف', 'ف', 'الجزائر', 'و', 'ما', 'تنساش', 'سهيلة', 'بنت', 'العرب', 'غنيلها']","['HASH', 'HASH', 'NOUN', 'PART', 'ADJ', 'V+PRON', 'ADV', 'PREP', 'DET+NOUN', 'CONJ', 'PART', 'V+NEG_PART', 'NOUN+NSUFF', 'NOUN', 'DET+NOUN', 'V+PREP+PRON']",Algeria
275,276,نسيتوا واش داروا فيها وجلسة الوقاحة كيفاش تكالبوا على بنتنا اللي نسا روح يعاود الفيديو وخلي دمك يغلي #Starac_we_want_just …,"['نسيتوا', 'واش', 'داروا', 'فيها', 'وجلسة', 'الوقاحة', 'كيفاش', 'تكالبوا', 'على', 'بنتنا', 'اللي', 'نسا', 'روح', 'يعاود', 'الفيديو', 'وخلي', 'دمك', 'يغلي', '#Starac_we_want_just', '…']","['V+PRON', 'PART', 'V+PRON', 'PREP+PRON', 'CONJ+NOUN+NSUFF', 'DET+NOUN+NSUFF', 'PART', 'V+PRON', 'PREP', 'NOUN+PRON', 'PART', 'V', 'V', 'V', 'DET+NOUN', 'CONJ+V', 'NOUN+PRON', 'V', 'HASH', 'PUNC']",Tunisia
276,277,#نسيم_يغني_عراقي #نسيم_محبوب_العرب @Nassim_Raissi #NassimRaissi نسوم يا فخر تونس ان شاء لله كيما الع …,"['#نسيم_يغني_عراقي', '#نسيم_محبوب_العرب', '@Nassim_Raissi', '#NassimRaissi', 'نسوم', 'يا', 'فخر', 'تونس', 'ان', 'شاء', 'لله', 'كيما', 'الع', '…']","['HASH', 'HASH', 'MENTION', 'HASH', 'NOUN', 'PART', 'NOUN', 'NOUN', 'PART', 'V', 'PREP+NOUN', 'ADV', 'DET+NOUN', 'PUNC']",Tunisia
277,278,نشدو عليها شي لايڤ ديال الوودستوك يا هندركس يا سانتانا ✋,"['نشدو', 'عليها', 'شي', 'لايڤ', 'ديال', 'الوودستوك', 'يا', 'هندركس', 'يا', 'سانتانا', '✋']","['V+PRON', 'PREP+PRON', 'NOUN', 'NOUN', 'PREP', 'DET+NOUN', 'PART', 'NOUN', 'PART', 'NOUN', 'EMOT']",Morocco
278,279,نموت عليك سهيلة ربي يشفيك والي بكاك راح يخلص دموعك غالي بزاف #سهيله_رفعت_راس_جمهورها,"['نموت', 'عليك', 'سهيلة', 'ربي', 'يشفيك', 'والي', 'بكاك', 'راح', 'يخلص', 'دموعك', 'غالي', 'بزاف', '#سهيله_رفعت_راس_جمهورها']","['V', 'PREP+PRON', 'NOUN+NSUFF', 'NOUN+PRON', 'V+PRON', 'CONJ+PART', 'V+PRON', 'V', 'V', 'NOUN+PRON', 'ADJ', 'ADV', 'HASH']",Algeria
279,280,@111Wind نندب في وجي لكان وحدت الشعوب راهي فرقت الجزائر واش من شعوب جمعت ربي يهديكم العالم العربي والقضية الفلسطينية اكبر م …,"['@111Wind', 'نندب', 'في', 'وجي', 'لكان', 'وحدت', 'الشعوب', 'راهي', 'فرقت', 'الجزائر', 'واش', 'من', 'شعوب', 'جمعت', 'ربي', 'يهديكم', 'العالم', 'العربي', 'والقضية', 'الفلسطينية', 'اكبر', 'م', '…']","['MENTION', 'V', 'PREP', 'NOUN+PRON', 'PART+V', 'V+PRON', 'DET+NOUN', 'PART+PRON', 'V+PRON', 'DET+NOUN', 'PART', 'PREP', 'NOUN', 'V+PRON', 'NOUN+PRON', 'V+PRON', 'DET+NOUN', 'DET+ADJ', 'CONJ+DET+NOUN+NSUFF', 'DET+ADJ+NSUFF', 'ADJ', 'PREP', 'PUNC']",Algeria
280,281,@ninoucha3006 @saharalkamar نينوشة نتي باينة حافظة كامل لي فيديو تاع سوسو و ايهاب بعثيلي ليان تاع كي كانت دايرة شاشية و هو لا …,"['@ninoucha3006', '@saharalkamar', 'نينوشة', 'نتي', 'باينة', 'حافظة', 'كامل', 'لي', 'فيديو', 'تاع', 'سوسو', 'و', 'ايهاب', 'بعثيلي', 'ليان', 'تاع', 'كي', 'كانت', 'دايرة', 'شاشية', 'و', 'هو', 'لا', '…']","['MENTION', 'MENTION', 'NOUN+NSUFF', 'PRON', 'ADJ+NSUFF', 'ADJ+NSUFF', 'NOUN', 'PREP+PRON', 'NOUN', 'PREP', 'NOUN', 'CONJ', 'NOUN', 'V+PRON+PREP+PRON', 'NOUN', 'PREP', 'PART', 'V+PRON', 'NOUN+NSUFF', 'NOUN+NSUFF', 'CONJ', 'PRON', 'PART', 'PUNC']",Algeria
281,282,@KoukiRokima هاد العام بزاف اختي والله كيمثلو المحبة على بعضهم ويجرحو بالخناجر بهضرتهم,"['@KoukiRokima', 'هاد', 'العام', 'بزاف', 'اختي', 'والله', 'كيمثلو', 'المحبة', 'على', 'بعضهم', 'ويجرحو', 'بالخناجر', 'بهضرتهم']","['MENTION', 'PRON', 'DET+NOUN', 'ADV', 'NOUN+PRON', 'CONJ+NOUN', 'PROG_PART+V+PRON', 'DET+NOUN+NSUFF', 'PREP', 'NOUN+PRON', 'CONJ+V+PRON', 'PREP+DET+NOUN', 'PREP+NOUN+PRON']",Morocco
282,283,#HananeElKhader #IhabAmir #SouhailaBenLachhab هاد العام راهم حاقدين على ولاد المغرب العربي شوفو واش راهم يقولوعحنان https: …,"['#HananeElKhader', '#IhabAmir', '#SouhailaBenLachhab', 'هاد', 'العام', 'راهم', 'حاقدين', 'على', 'ولاد', 'المغرب', 'العربي', 'شوفو', 'واش', 'راهم', 'يقولوعحنان', 'https:', '…']","['HASH', 'HASH', 'HASH', 'PRON', 'DET+NOUN', 'PART+PRON', 'ADJ+NSUFF', 'PREP', 'NOUN', 'DET+NOUN', 'DET+ADJ', 'V+PRON', 'PART', 'PART+PRON', 'V+PRON+PREP+NOUN', 'URL', 'PUNC']",Algeria
283,284,هاد ام الهايشة كنت نحترمها لكن بدات طلعلي الزبل للراس جاية تشوف بنتها ولا جاية تهدر على ساهو و فانزها ؟ ! تسكت خير ما تندم #S …,"['هاد', 'ام', 'الهايشة', 'كنت', 'نحترمها', 'لكن', 'بدات', 'طلعلي', 'الزبل', 'للراس', 'جاية', 'تشوف', 'بنتها', 'ولا', 'جاية', 'تهدر', 'على', 'ساهو', 'و', 'فانزها', '؟', '!', 'تسكت', 'خير', 'ما', 'تندم', '#S', '…']","['PRON', 'NOUN', 'DET+NOUN+NSUFF', 'V', 'V+PRON', 'PART', 'V+PRON', 'V+PREP+PRON', 'DET+NOUN', 'PREP+DET+NOUN', 'ADJ+NSUFF', 'V', 'NOUN+PRON', 'CONJ+PART', 'ADJ+NSUFF', 'V', 'PREP', 'NOUN', 'CONJ', 'NOUN+PRON', 'PUNC', 'PUNC', 'V', 'NOUN', 'PART', 'V', 'HASH', 'PUNC']",Algeria
284,285,@SukainaQamal @PresentableVue @fenfoona_foufa @saritta18_sarah هاد جمهور عباس مفهمتش مالنا واحلين ليهم غير هاد صباح تعايرت م …,"['@SukainaQamal', '@PresentableVue', '@fenfoona_foufa', '@saritta18_sarah', 'هاد', 'جمهور', 'عباس', 'مفهمتش', 'مالنا', 'واحلين', 'ليهم', 'غير', 'هاد', 'صباح', 'تعايرت', 'م', '…']","['MENTION', 'MENTION', 'MENTION', 'MENTION', 'PRON', 'NOUN', 'NOUN', 'PART+V+PRON+NEG_PART', 'PART+PREP+PRON', 'ADJ+NSUFF', 'PREP+PRON', 'NOUN', 'PRON', 'NOUN', 'V+PRON', 'PREP', 'PUNC']",Morocco
285,286,هادا التاغ فيه السلام و الأمان و الراحة نفسية لأن فيه القلوب النظيفة 😩 😩 😩 #تجمع_العلوشيين_الايهابيين_السهلاويين,"['هادا', 'التاغ', 'فيه', 'السلام', 'و', 'الأمان', 'و', 'الراحة', 'نفسية', 'لأن', 'فيه', 'القلوب', 'النظيفة', '😩', '😩', '😩', '#تجمع_العلوشيين_الايهابيين_السهلاويين']","['PRON', 'DET+NOUN', 'PREP+PRON', 'DET+NOUN', 'CONJ', 'DET+NOUN', 'CONJ', 'DET+NOUN+NSUFF', 'ADJ+NSUFF', 'PREP+PART', 'PREP+PRON', 'DET+NOUN', 'DET+ADJ+NSUFF', 'EMOT', 'EMOT', 'EMOT', 'HASH']",Jordan
286,287,هاداوين فهمت وعلاش مزالت لليوم قاهرتهم هههههه #Staracarabia #Souhilabenlachhab #مع_سهيله_على_الحلوه_والمره https://t. …,"['هاداوين', 'فهمت', 'وعلاش', 'مزالت', 'لليوم', 'قاهرتهم', 'هههههه', '#Staracarabia', '#Souhilabenlachhab', '#مع_سهيله_على_الحلوه_والمره', 'https://t.', '…']","['PRON+ADV', 'V+PRON', 'CONJ+PART', 'PART+PRON', 'PREP+DET+NOUN', 'V+PRON+PRON', 'EMOT', 'HASH', 'HASH', 'HASH', 'URL', 'PUNC']",Libya
287,288,هادو خوتنا المصاروا نتاع الصح . .... #SouhailaBenLachhab #رشو_الورد_سهيله_حتنور_البلد https://t.co/qO0ov2UJ0j,"['هادو', 'خوتنا', 'المصاروا', 'نتاع', 'الصح', '.', '....', '#SouhailaBenLachhab', '#رشو_الورد_سهيله_حتنور_البلد', 'https://t.co/qO0ov2UJ0j']","['PRON', 'NOUN+PRON', 'DET+NOUN', 'PREP', 'DET+NOUN', 'PUNC', 'PUNC', 'HASH', 'HASH', 'URL']",Libya
288,289,هادي مافيك تقول أكثر في هاد الأغنية . غنيت صح #StaracArabia #IhabAmir,"['هادي', 'مافيك', 'تقول', 'أكثر', 'في', 'هاد', 'الأغنية', '.', 'غنيت', 'صح', '#StaracArabia', '#IhabAmir']","['PRON', 'PART+PREP+PRON', 'V', 'ADJ', 'PREP', 'PRON', 'DET+NOUN+NSUFF', 'PUNC', 'V+PRON', 'NOUN', 'HASH', 'HASH']",Syria
289,290,هاي أنيس حبيت نقولك راك مشرف الجزائر و نشالله تزيد ترفع راسنا باللقب غنيلي أغنية قبائلية وقول اسمي بالعالي #anisbourah …,"['هاي', 'أنيس', 'حبيت', 'نقولك', 'راك', 'مشرف', 'الجزائر', 'و', 'نشالله', 'تزيد', 'ترفع', 'راسنا', 'باللقب', 'غنيلي', 'أغنية', 'قبائلية', 'وقول', 'اسمي', 'بالعالي', '#anisbourah', '…']","['NOUN', 'NOUN', 'V+PRON', 'V+PRON', 'PART+PRON', 'ADJ', 'DET+NOUN', 'CONJ', 'PART+V+NOUN', 'V', 'V', 'NOUN+PRON', 'PREP+DET+NOUN', 'V+PREP+PRON', 'NOUN+NSUFF', 'ADJ+NSUFF', 'CONJ+V', 'NOUN+NSUFF', 'PREP+DET+NOUN', 'HASH', 'PUNC']",Algeria
290,291,@nihadhananهدا راه حشمت نقولها ماشي دلع وباش كيقتلوني كيقولو بريئة من نهار شفتها كتلوي عينيها على عباس نهار كتشتطح معاه عرفت …,"['@nihadhananهدا', 'راه', 'حشمت', 'نقولها', 'ماشي', 'دلع', 'وباش', 'كيقتلوني', 'كيقولو', 'بريئة', 'من', 'نهار', 'شفتها', 'كتلوي', 'عينيها', 'على', 'عباس', 'نهار', 'كتشتطح', 'معاه', 'عرفت', '…']","['MENTION', 'PART+PRON', 'V+PRON', 'V+PRON', 'PART', 'V', 'CONJ+PART', 'PROG_PART+V+PRON', 'PROG_PART+V+PRON', 'ADJ+NSUFF', 'PREP', 'NOUN', 'V+PRON', 'PROG_PART+V', 'NOUN+NSUFF+PRON', 'PREP', 'NOUN', 'NOUN', 'PROG_PART+V', 'NOUN+PRON', 'V+PRON', 'PUNC']",Morocco
291,292,@i_love_moroco هداك راه اناني هي مسكينه كدافع عليه بزاف هو قبيله لقفها حشومة والله وشوف رد ديالها ايهاب انا انت وحد اوا انا …,"['@i_love_moroco', 'هداك', 'راه', 'اناني', 'هي', 'مسكينه', 'كدافع', 'عليه', 'بزاف', 'هو', 'قبيله', 'لقفها', 'حشومة', 'والله', 'وشوف', 'رد', 'ديالها', 'ايهاب', 'انا', 'انت', 'وحد', 'اوا', 'انا', '…']","['MENTION', 'PART+PRON', 'PART+PRON', 'ADJ', 'PRON', 'ADJ+NSUFF', 'PROG_PART+V', 'PREP+PRON', 'ADV', 'PRON', 'NOUN+NSUFF', 'V+PRON', 'NOUN+NSUFF', 'CONJ+NOUN', 'CONJ+V', 'NOUN', 'PREP+PRON', 'NOUN', 'PRON', 'PRON', 'NOUN', 'NOUN', 'PRON', 'PUNC']",Libya
292,293,@souhilabintarab #ihabAmir هشام المغربي اكبر داعمين لايهاب رايح لبرايم بزاف بيهم رايحين انشالله يخلهوم يفوتوهم https://t …,"['@souhilabintarab', '#ihabAmir', 'هشام', 'المغربي', 'اكبر', 'داعمين', 'لايهاب', 'رايح', 'لبرايم', 'بزاف', 'بيهم', 'رايحين', 'انشالله', 'يخلهوم', 'يفوتوهم', 'https://t', '…']","['MENTION', 'HASH', 'NOUN', 'DET+ADJ', 'ADJ', 'ADJ+NSUFF', 'PREP+NOUN', 'ADJ', 'DET+NOUN', 'ADV', 'PREP+PRON', 'ADJ+NSUFF', 'PART+V+NOUN', 'V+PRON', 'V+PRON+PRON', 'URL', 'PUNC']",Algeria
293,294,هشتاق سهيله رجع غي تاااع بولا ههههه واش هدا سهلاويين فطنو رجعو هشتاق SouhailaBenLachhab # #الجيش_السهلاوي,"['هشتاق', 'سهيله', 'رجع', 'غي', 'تاااع', 'بولا', 'ههههه', 'واش', 'هدا', 'سهلاويين', 'فطنو', 'رجعو', 'هشتاق', 'SouhailaBenLachhab', '#', '#الجيش_السهلاوي']","['NOUN', 'NOUN+NSUFF', 'V', 'NOUN', 'PREP', 'NOUN', 'EMOT', 'PART', 'PART', 'ADJ+NSUFF', 'V+PRON', 'V+PRON', 'NOUN', 'URL', 'PUNC', 'HASH']",Libya
294,295,#AnisBourahla #SocialMediaNight هكا بغينا نشوفو انيس الدزيري ولد البلاد فحل مع ختو و واحد ما يدخل بيناتهم . غني انت و سوها ي …,"['#AnisBourahla', '#SocialMediaNight', 'هكا', 'بغينا', 'نشوفو', 'انيس', 'الدزيري', 'ولد', 'البلاد', 'فحل', 'مع', 'ختو', 'و', 'واحد', 'ما', 'يدخل', 'بيناتهم', '.', 'غني', 'انت', 'و', 'سوها', 'ي', '…']","['HASH', 'HASH', 'PART', 'V+PRON', 'V+PRON', 'NOUN', 'DET+NOUN', 'NOUN', 'DET+NOUN', 'ADJ', 'CONJ', 'NOUN+PRON', 'CONJ', 'NOUN', 'PART', 'V', 'NOUN+NSUFF+PRON', 'PUNC', 'V', 'PRON', 'CONJ', 'NOUN', 'V', 'PUNC']",Morocco
295,296,هل ترون أن ايهاب و سهيلة أفضل ثنائي مر بستاراك أنا نقول نعععععم ( رتويت باش كلشي يشارك ) #IhabAmir #SouhilaBenlachhab,"['هل', 'ترون', 'أن', 'ايهاب', 'و', 'سهيلة', 'أفضل', 'ثنائي', 'مر', 'بستاراك', 'أنا', 'نقول', 'نعععععم', '(', 'رتويت', 'باش', 'كلشي', 'يشارك', ')', '#IhabAmir', '#SouhilaBenlachhab']","['PART', 'V+PRON', 'PART', 'NOUN', 'CONJ', 'NOUN+NSUFF', 'ADJ', 'NOUN', 'V', 'PREP+NOUN', 'PRON', 'V', 'NOUN', 'PUNC', 'NOUN', 'PART', 'NOUN', 'V', 'PUNC', 'HASH', 'HASH']",Algeria
296,297,هه هم يضحك و هم يبكي و كيما يقولو خلاتو ممدود و راحت تعزي في محمود ياو خمم على روحك حنى نسامحو نتا ياخي بهلول ياخي بوسروال …,"['هه', 'هم', 'يضحك', 'و', 'هم', 'يبكي', 'و', 'كيما', 'يقولو', 'خلاتو', 'ممدود', 'و', 'راحت', 'تعزي', 'في', 'محمود', 'ياو', 'خمم', 'على', 'روحك', 'حنى', 'نسامحو', 'نتا', 'ياخي', 'بهلول', 'ياخي', 'بوسروال', '…']","['EMOT', 'NOUN', 'V', 'CONJ', 'NOUN', 'V', 'CONJ', 'ADV', 'V+PRON', 'V+PRON+PRON', 'ADJ', 'CONJ', 'V+PRON', 'V', 'PREP', 'NOUN', 'PART', 'V', 'PREP', 'NOUN+PRON', 'PRON', 'V+PRON', 'PRON', 'PART', 'NOUN', 'PART', 'NOUN', 'PUNC']",Tunisia
297,298,@meral_samer @shams2015saud1 ههه آااويلي حتى نتي تعرفي كلمة حلابين وحلابات ؟ تحية لناس فلسطين لحبيبة نحبوكم بزاف 😘 وصحاب …,"['@meral_samer', '@shams2015saud1', 'ههه', 'آااويلي', 'حتى', 'نتي', 'تعرفي', 'كلمة', 'حلابين', 'وحلابات', '؟', 'تحية', 'لناس', 'فلسطين', 'لحبيبة', 'نحبوكم', 'بزاف', '😘', 'وصحاب', '…']","['MENTION', 'MENTION', 'EMOT', 'PART+NOUN+PRON', 'PART', 'PRON', 'V+PRON', 'NOUN+NSUFF', 'NOUN+NSUFF', 'CONJ+NOUN+NSUFF', 'PUNC', 'NOUN+NSUFF', 'PREP+NOUN', 'NOUN', 'DET+NOUN+NSUFF', 'V+PRON+PRON', 'ADV', 'EMOT', 'CONJ+NOUN', 'PUNC']",Algeria
298,299,@elmoromourad ههه كاينة ، صافي غادي نتعلم اللغات الإسكونديناڤية ، ونتمنا شي زعرة تشوف من حالنا هههه,"['@elmoromourad', 'ههه', 'كاينة', '،', 'صافي', 'غادي', 'نتعلم', 'اللغات', 'الإسكونديناڤية', '،', 'ونتمنا', 'شي', 'زعرة', 'تشوف', 'من', 'حالنا', 'هههه']","['MENTION', 'EMOT', 'ADJ+NSUFF', 'PUNC', 'NOUN', 'PART', 'V', 'DET+NOUN+NSUFF', 'DET+NOUN+NSUFF', 'PUNC', 'CONJ+V', 'NOUN', 'NOUN+NSUFF', 'V', 'PREP', 'NOUN+PRON', 'EMOT']",Morocco
299,300,@KarimaSiki هههه راك عاد فايقة لا القالب ديال الشمكار 70 ههه هو اللي دمرها,"['@KarimaSiki', 'هههه', 'راك', 'عاد', 'فايقة', 'لا', 'القالب', 'ديال', 'الشمكار', '70', 'ههه', 'هو', 'اللي', 'دمرها']","['MENTION', 'EMOT', 'PART+PRON', 'ADV', 'NOUN+NSUFF', 'PART', 'DET+NOUN', 'PREP', 'DET+NOUN', 'NUM', 'EMOT', 'PRON', 'PART', 'V+PRON']",Morocco
300,301,@andalousie150 @mouhb1983 هههه لمطيش صح كاينة نسيتو خلاص هههههه,"['@andalousie150', '@mouhb1983', 'هههه', 'لمطيش', 'صح', 'كاينة', 'نسيتو', 'خلاص', 'هههههه']","['MENTION', 'MENTION', 'EMOT', 'DET+NOUN', 'NOUN', 'ADJ+NSUFF', 'V+PRON', 'NOUN', 'EMOT']",Morocco
301,302,@79Anise @Kenza_Morsli هههه مام مع كارهي أنيس تنفع غير يبدلو الاسم ولا يديروهم في زوج باه يودعو في ضربة,"['@79Anise', '@Kenza_Morsli', 'هههه', 'مام', 'مع', 'كارهي', 'أنيس', 'تنفع', 'غير', 'يبدلو', 'الاسم', 'ولا', 'يديروهم', 'في', 'زوج', 'باه', 'يودعو', 'في', 'ضربة']","['MENTION', 'MENTION', 'EMOT', 'NOUN', 'CONJ', 'NOUN+NSUFF', 'NOUN', 'V', 'NOUN', 'V+PRON', 'DET+NOUN', 'CONJ+PART', 'V+PRON+PRON', 'PREP', 'NOUN', 'PART', 'V+PRON', 'PREP', 'NOUN+NSUFF']",Algeria
302,303,@rida198 @CHSASO @AmNaAlgeriana هههه من طلب منك تصويت أنيس فيه جزايريين يفدوه بدمهم لأخلاقو مش برك بفلوسهم ورح نجيب اللقب …,"['@rida198', '@CHSASO', '@AmNaAlgeriana', 'هههه', 'من', 'طلب', 'منك', 'تصويت', 'أنيس', 'فيه', 'جزايريين', 'يفدوه', 'بدمهم', 'لأخلاقو', 'مش', 'برك', 'بفلوسهم', 'ورح', 'نجيب', 'اللقب', '…']","['MENTION', 'MENTION', 'MENTION', 'EMOT', 'PART', 'V', 'PREP+PRON', 'NOUN', 'NOUN', 'PREP+NSUFF', 'NOUN+NSUFF', 'V+PRON+PRON', 'PREP+NOUN+PRON', 'PREP+NOUN+PRON', 'PART', 'NOUN', 'PREP+NOUN+PRON', 'CONJ+V', 'V', 'DET+NOUN', 'PUNC']",Algeria
303,304,@foulamarocaine: @leiladina31 @ines_dz23 ههههه اختي ولدنا مخدامش باش كنّا غادي نعونوه يشري 🏡 و ويشري 💍 💍 صوتنا بيهم صافي بح بح 🚨 🚨,"['@foulamarocaine:', '@leiladina31', '@ines_dz23', 'ههههه', 'اختي', 'ولدنا', 'مخدامش', 'باش', 'كنّا', 'غادي', 'نعونوه', 'يشري', '🏡', 'و', 'ويشري', '💍', '💍', 'صوتنا', 'بيهم', 'صافي', 'بح', 'بح', '🚨', '🚨']","['MENTION', 'MENTION', 'MENTION', 'EMOT', 'NOUN+PRON', 'NOUN+PRON', 'PART+V+NEG_PART', 'PART', 'V', 'PART', 'V+PRON+PRON', 'V', 'EMOT', 'CONJ', 'CONJ+V', 'EMOT', 'EMOT', 'NOUN+PRON', 'PREP+PRON', 'NOUN', 'NOUN', 'NOUN', 'EMOT', 'EMOT']",Morocco
304,305,@3imad_3imad @mach_3il ههههههه شفتي كن غير طلبتي الفيزا نهار الي طاحت باش على اللّٰه تكون عطاوها لك بارح و مشيتي,"['@3imad_3imad', '@mach_3il', 'ههههههه', 'شفتي', 'كن', 'غير', 'طلبتي', 'الفيزا', 'نهار', 'الي', 'طاحت', 'باش', 'على', 'اللّٰه', 'تكون', 'عطاوها', 'لك', 'بارح', 'و', 'مشيتي']","['MENTION', 'MENTION', 'EMOT', 'V+PRON', 'V', 'NOUN', 'V+PRON', 'DET+NOUN', 'NOUN', 'PART', 'V+PRON', 'PART', 'PREP', 'NOUN', 'V', 'V+PRON+PRON', 'PREP+PRON', 'NOUN', 'CONJ', 'V+PRON']",Tunisia
305,306,@docilham @NaoualMessoudi ههههههههههه صافي اللي قلتيها هي اللي كاينة :)),"['@docilham', '@NaoualMessoudi', 'ههههههههههه', 'صافي', 'اللي', 'قلتيها', 'هي', 'اللي', 'كاينة', ':))']","['MENTION', 'MENTION', 'EMOT', 'NOUN', 'PART', 'V+PRON+PRON', 'PRON', 'PART', 'ADJ+NSUFF', 'EMOT']",Morocco
306,307,@Salmarach_65 @dodi364 هههههههههههه اويلي شوف شكون كيخسر لهدرة دابا 👲 🏃,"['@Salmarach_65', '@dodi364', 'هههههههههههه', 'اويلي', 'شوف', 'شكون', 'كيخسر', 'لهدرة', 'دابا', '👲', '🏃']","['MENTION', 'MENTION', 'EMOT', 'PART+NOUN+PRON', 'V', 'PART', 'PROG_PART+V', 'DET+NOUN+NSUFF', 'ADV', 'EMOT', 'EMOT']",Morocco
307,308,@4216warda هههههههههههههه ما تخافيش كاين بزاف للأسف معاقين عاطفيا ههه,"['@4216warda', 'هههههههههههههه', 'ما', 'تخافيش', 'كاين', 'بزاف', 'للأسف', 'معاقين', 'عاطفيا', 'ههه']","['MENTION', 'EMOT', 'PART', 'V+PRON+PART', 'NOUN', 'ADV', 'PREP+DET+NOUN', 'NOUN+NSUFF', 'ADJ+CASE', 'EMOT']",Morocco
308,309,#HananeElKhader هوبا جاب لحنان بوحدها كادو عبر ليا على لبشار . . ملي رجع هو او رفاييل الطلاب تغيرو بزاف سبحان الله كلشي د …,"['#HananeElKhader', 'هوبا', 'جاب', 'لحنان', 'بوحدها', 'كادو', 'عبر', 'ليا', 'على', 'لبشار', '.', '.', 'ملي', 'رجع', 'هو', 'او', 'رفاييل', 'الطلاب', 'تغيرو', 'بزاف', 'سبحان', 'الله', 'كلشي', 'د', '…']","['HASH', 'NOUN', 'V', 'PREP+NOUN', 'PREP+NOUN+NSUFF', 'NOUN', 'V', 'PREP+PRON', 'PREP', 'DET+NOUN', 'PUNC', 'PUNC', 'ADV', 'V', 'PRON', 'CONJ', 'NOUN', 'DET+NOUN', 'V+PRON', 'ADV', 'NOUN', 'NOUN', 'NOUN', 'NOUN', 'PUNC']",Morocco
309,310,هوبتي عين و صابتك يا روحي ما نحبش نشوفك هكا اووووف #IhabAmir #StaracArabia #ايهاب_امير_فخر_العرب,"['هوبتي', 'عين', 'و', 'صابتك', 'يا', 'روحي', 'ما', 'نحبش', 'نشوفك', 'هكا', 'اووووف', '#IhabAmir', '#StaracArabia', '#ايهاب_امير_فخر_العرب']","['NOUN+PRON', 'NOUN', 'CONJ', 'V+NSUFF+PRON', 'PART', 'NOUN+PRON', 'PART', 'V+NEG_PART', 'V+PRON', 'PART', 'V', 'HASH', 'HASH', 'HASH']",Tunisia
310,311,@anis_salma هي لا شفتي ليا النمرة ديال مولات لكحل عىليمن 😍,"['@anis_salma', 'هي', 'لا', 'شفتي', 'ليا', 'النمرة', 'ديال', 'مولات', 'لكحل', 'عىليمن', '😍']","['MENTION', 'PRON', 'PART', 'V+PRON', 'PREP+PRON', 'DET+NOUN+NSUFF', 'PREP', 'NOUN+NSUFF', 'DET+NOUN', 'PREP+NOUN', 'EMOT']",Morocco
311,312,و الله معندكم لوجه علاش تحشمو . ...,"['و', 'الله', 'معندكم', 'لوجه', 'علاش', 'تحشمو', '.', '...']","['CONJ', 'NOUN', 'PART+NOUN+PRON', 'DET+NOUN', 'PART', 'V+PRON', 'PUNC', 'PUNC']",Tunisia
312,313,@sugar__carmel و انا عندي نية نعطيه ثلاثة زوز غل و الثالت غلا,"['@sugar__carmel', 'و', 'انا', 'عندي', 'نية', 'نعطيه', 'ثلاثة', 'زوز', 'غل', 'و', 'الثالت', 'غلا']","['MENTION', 'CONJ', 'PRON', 'NOUN+PRON', 'NOUN+NSUFF', 'V+PRON', 'NOUN+NSUFF', 'NOUN', 'ADJ', 'CONJ', 'DET+NOUN', 'ADJ']",Tunisia
313,314,@n__ovnو زيدي نصيحة ليك ما تكتريناش المشاكل صبح ربي اول شي جيل اف ام من ناس لي تحب الكل و المغرب و الجزائر خاوة وراح نفكر …,"['@n__ovnو', 'زيدي', 'نصيحة', 'ليك', 'ما', 'تكتريناش', 'المشاكل', 'صبح', 'ربي', 'اول', 'شي', 'جيل', 'اف', 'ام', 'من', 'ناس', 'لي', 'تحب', 'الكل', 'و', 'المغرب', 'و', 'الجزائر', 'خاوة', 'وراح', 'نفكر', '…']","['MENTION', 'V+PRON', 'NOUN+NSUFF', 'PREP+PRON', 'PART', 'V+PRON+NEG_PART', 'DET+NOUN', 'NOUN', 'NOUN+NSUFF', 'NOUN', 'NOUN', 'NOUN', 'NOUN', 'NOUN', 'PREP', 'NOUN', 'PART', 'V', 'DET+NOUN', 'CONJ', 'DET+NOUN', 'CONJ', 'DET+NOUN', 'ADJ+NSUFF', 'CONJ+V', 'V', 'PUNC']",Algeria
314,315,وا أنيس سمحليا حيث تعصبت منك النهارات اللي فاتو و أنت إيهاب بلا متغنيليا راها باينة . ...... كانت لياخاينة هههه #souhilaBenl …,"['وا', 'أنيس', 'سمحليا', 'حيث', 'تعصبت', 'منك', 'النهارات', 'اللي', 'فاتو', 'و', 'أنت', 'إيهاب', 'بلا', 'متغنيليا', 'راها', 'باينة', '.', '......', 'كانت', 'لياخاينة', 'هههه', '#souhilaBenl', '…']","['PART', 'NOUN', 'V+PREP+PRON', 'ADV', 'V+PRON', 'PREP+PRON', 'DET+NOUN+NSUFF', 'PART', 'V+PRON', 'CONJ', 'PRON', 'NOUN', 'PREP+PART', 'PART+V+PREP+PRON', 'PART+PRON', 'ADJ+NSUFF', 'PUNC', 'PUNC', 'V+PRON', 'PREP+PRON+ADJ+NSUFF', 'EMOT', 'HASH', 'PUNC']",Morocco
315,316,وا بنادممممم واش بغيتو البنت تبكي و هي عارفا كلشي تزوير و ايهاب عارف ، و ايهاب كال ليها راك عارفا ، و الرسالة فيها كلشي #Ha …,"['وا', 'بنادممممم', 'واش', 'بغيتو', 'البنت', 'تبكي', 'و', 'هي', 'عارفا', 'كلشي', 'تزوير', 'و', 'ايهاب', 'عارف', '،', 'و', 'ايهاب', 'كال', 'ليها', 'راك', 'عارفا', '،', 'و', 'الرسالة', 'فيها', 'كلشي', '#Ha', '…']","['PART', 'NOUN', 'PART', 'V+PRON', 'DET+NOUN', 'V', 'CONJ', 'PRON', 'ADJ+CASE', 'NOUN', 'NOUN', 'CONJ', 'NOUN', 'ADJ', 'PUNC', 'CONJ', 'NOUN', 'V', 'PREP+PRON', 'PART+PRON', 'ADJ+CASE', 'PUNC', 'CONJ', 'DET+NOUN+NSUFF', 'PREP+PRON', 'NOUN', 'HASH', 'PUNC']",Morocco
316,317,@elkaberah @shadshod86 @Nada_Mohammad93 واخا فيك اسي شادي الوالدة كاينة وماتقولهاش 😈 😈 😈 😈,"['@elkaberah', '@shadshod86', '@Nada_Mohammad93', 'واخا', 'فيك', 'اسي', 'شادي', 'الوالدة', 'كاينة', 'وماتقولهاش', '😈', '😈', '😈', '😈']","['MENTION', 'MENTION', 'MENTION', 'NOUN', 'PREP+PRON', 'PART+NOUN', 'NOUN', 'DET+NOUN+NSUFF', 'ADJ+NSUFF', 'CONJ+PART+V+PRON+NEG_PART', 'EMOT', 'EMOT', 'EMOT', 'EMOT']",Morocco
317,318,@imane21847011 واخيرا اقرت بالحقيقة ها هيا كرات غير باش تعرفو باللي حنان معندهاش من غيرنا و مين غير ايهب و رفا وانيس,"['@imane21847011', 'واخيرا', 'اقرت', 'بالحقيقة', 'ها', 'هيا', 'كرات', 'غير', 'باش', 'تعرفو', 'باللي', 'حنان', 'معندهاش', 'من', 'غيرنا', 'و', 'مين', 'غير', 'ايهب', 'و', 'رفا', 'وانيس']","['MENTION', 'CONJ+NOUN+CASE', 'V+PRON', 'PREP+DET+NOUN+NSUFF', 'PART', 'NOUN', 'V+PRON', 'NOUN', 'PART', 'V+PRON', 'PREP+PART', 'NOUN', 'PART+NOUN+PRON+NEG_PART', 'PREP', 'NOUN+PRON', 'CONJ', 'NOUN', 'NOUN', 'NOUN', 'CONJ', 'NOUN', 'CONJ+NOUN']",Tunisia
318,319,@star_faiza واش حاسبة روحك تهدري باسم سهيلة وجدي روحك والله حسابك راح يتقفل ووكل شي يوصل لسهيلة لانك راكي تغلطي مع جمهورها و …,"['@star_faiza', 'واش', 'حاسبة', 'روحك', 'تهدري', 'باسم', 'سهيلة', 'وجدي', 'روحك', 'والله', 'حسابك', 'راح', 'يتقفل', 'ووكل', 'شي', 'يوصل', 'لسهيلة', 'لانك', 'راكي', 'تغلطي', 'مع', 'جمهورها', 'و', '…']","['MENTION', 'PART', 'V+PRON', 'NOUN+PRON', 'V+PRON', 'PREP+NOUN', 'NOUN+NSUFF', 'V+PRON', 'NOUN+PRON', 'CONJ+NOUN', 'NOUN+PRON', 'V', 'V', 'CONJ+V', 'NOUN', 'V', 'PREP+NOUN+NSUFF', 'PREP+PART+PRON', 'PART+PRON', 'V+PRON', 'CONJ', 'NOUN+NSUFF', 'CONJ', 'PUNC']",Algeria
319,320,@DzairNewsLive @JaadLola @Kenza_Morsli @souhilabintarab واش رايحة تحكي على سهيلة هدي المغيارة,"['@DzairNewsLive', '@JaadLola', '@Kenza_Morsli', '@souhilabintarab', 'واش', 'رايحة', 'تحكي', 'على', 'سهيلة', 'هدي', 'المغيارة']","['MENTION', 'MENTION', 'MENTION', 'MENTION', 'PART', 'ADJ+NSUFF', 'V', 'PREP', 'NOUN+NSUFF', 'PART', 'DET+NOUN+NSUFF']",Morocco
320,321,واش رايكم فتصريح منا ؟ اكيييد فديرو مفبرك لكن ما رايكم فكلام تاني ؟ #IhabAmir #SouhilaBenLachhab,"['واش', 'رايكم', 'فتصريح', 'منا', '؟', 'اكيييد', 'فديرو', 'مفبرك', 'لكن', 'ما', 'رايكم', 'فكلام', 'تاني', '؟', '#IhabAmir', '#SouhilaBenLachhab']","['PART', 'NOUN+PRON', 'PREP+NOUN', 'PREP+PRON', 'PUNC', 'NOUN', 'NOUN', 'ADJ', 'PART', 'PART', 'NOUN+PRON', 'PREP+NOUN', 'NOUN', 'PUNC', 'HASH', 'HASH']",Algeria
321,322,واش عمل مسكين قولولنا الطفل عاقل ومربي وحمر وجه امو وباباه وراهم راضيين عليه دنيا واخرة وادعاو عليكم واش راح تربحو #انيس_خط …,"['واش', 'عمل', 'مسكين', 'قولولنا', 'الطفل', 'عاقل', 'ومربي', 'وحمر', 'وجه', 'امو', 'وباباه', 'وراهم', 'راضيين', 'عليه', 'دنيا', 'واخرة', 'وادعاو', 'عليكم', 'واش', 'راح', 'تربحو', '#انيس_خط', '…']","['PART', 'V', 'NOUN', 'V+PRON+PREP+PRON', 'DET+NOUN', 'ADJ', 'CONJ+ADJ', 'CONJ+V', 'NOUN', 'NOUN+PRON', 'CONJ+NOUN+NSUFF', 'CONJ+V+PRON', 'ADJ+NSUFF', 'PREP+PRON', 'NOUN', 'CONJ+NOUN+NSUFF', 'CONJ+V+PRON', 'PREP+PRON', 'PART', 'V', 'V+PRON', 'HASH', 'PUNC']",Algeria
322,323,واش كلشي كان كاي قطع صدايف ديال الطابلية باش گعما يسدها ؟ #كلاسيكيات_ابتدائي,"['واش', 'كلشي', 'كان', 'كاي', 'قطع', 'صدايف', 'ديال', 'الطابلية', 'باش', 'گعما', 'يسدها', '؟', '#كلاسيكيات_ابتدائي']","['PART', 'NOUN', 'V', 'PROG_PART', 'V', 'NOUN', 'PREP', 'DET+NOUN+NSUFF', 'PART', 'ADV+CASE', 'V+PRON', 'PUNC', 'HASH']",Morocco
323,324,#كلاسيكيات_الابتدائي واش نقزو سطر ولا جوج ؟,"['#كلاسيكيات_الابتدائي', 'واش', 'نقزو', 'سطر', 'ولا', 'جوج', '؟']","['HASH', 'PART', 'V+PRON', 'NOUN', 'CONJ', 'NOUN', 'PUNC']",Morocco
324,325,واعرة واعرة واعرة هده الاغنية واقعية جدا :( #مسلم دائما يبهرني بأغانيه http://t.co/WHH7Hy4xRn,"['واعرة', 'واعرة', 'واعرة', 'هده', 'الاغنية', 'واقعية', 'جدا', ':(', '#مسلم', 'دائما', 'يبهرني', 'بأغانيه', 'http://t.co/WHH7Hy4xRn']","['ADJ+NSUFF', 'ADJ+NSUFF', 'ADJ+NSUFF', 'PART', 'DET+NOUN+NSUFF', 'ADJ+NSUFF', 'NOUN+CASE', 'EMOT', 'HASH', 'ADV+CASE', 'V+PRON', 'PREP+NOUN+PRON', 'URL']",Libya
325,326,@Hanasoltani1 @souhilabintarab والحاجة لي تقتلني فيها مشاغبة طوايشية و تاع مقالب و زهو و سهرات 😉 😉 😉 مكانش منها زوج حق الرب,"['@Hanasoltani1', '@souhilabintarab', 'والحاجة', 'لي', 'تقتلني', 'فيها', 'مشاغبة', 'طوايشية', 'و', 'تاع', 'مقالب', 'و', 'زهو', 'و', 'سهرات', '😉', '😉', '😉', 'مكانش', 'منها', 'زوج', 'حق', 'الرب']","['MENTION', 'MENTION', 'CONJ+DET+NOUN+NSUFF', 'PART', 'V+PRON', 'PREP+PRON', 'NOUN+NSUFF', 'ADJ+NSUFF', 'CONJ', 'PREP', 'NOUN', 'CONJ', 'NOUN', 'CONJ', 'NOUN+NSUFF', 'EMOT', 'EMOT', 'EMOT', 'PART+V+NEG_PART', 'PREP+PRON', 'NOUN', 'NOUN', 'DET+NOUN']",Algeria
326,327,والله اصاحبي سروال البسباس قتلنا بالريحة بزاف مشاااكيل و حق الرب #ذكريات_الجيش_السوهابي,"['والله', 'اصاحبي', 'سروال', 'البسباس', 'قتلنا', 'بالريحة', 'بزاف', 'مشاااكيل', 'و', 'حق', 'الرب', '#ذكريات_الجيش_السوهابي']","['CONJ+NOUN', 'NOUN+PRON', 'NOUN', 'DET+NOUN', 'V+PRON', 'PREP+DET+NOUN+NSUFF', 'ADV', 'NOUN', 'CONJ', 'NOUN', 'DET+NOUN', 'HASH']",Algeria
327,328,ودابا المخابز دارو الاضراب في المغرب . .. هاعلاش خاصنا نضموا لدول مجلس التعاون الخليجي,"['ودابا', 'المخابز', 'دارو', 'الاضراب', 'في', 'المغرب', '.', '..', 'هاعلاش', 'خاصنا', 'نضموا', 'لدول', 'مجلس', 'التعاون', 'الخليجي']","['CONJ+ADV', 'DET+NOUN', 'V+PRON', 'DET+NOUN', 'PREP', 'DET+NOUN', 'PUNC', 'PUNC', 'PART+PART', 'V+PRON', 'V+PRON', 'PREP+NOUN', 'NOUN', 'DET+NOUN', 'DET+ADJ']",Morocco
328,329,وسير دافع على ابيضار راه تاهي مغربية التمغربيت بالمقلوب #StaracArabia #IhabAmir #HananeElKhader #SouhailaBenLachhab https:/ …,"['وسير', 'دافع', 'على', 'ابيضار', 'راه', 'تاهي', 'مغربية', 'التمغربيت', 'بالمقلوب', '#StaracArabia', '#IhabAmir', '#HananeElKhader', '#SouhailaBenLachhab', 'https:/', '…']","['CONJ+V', 'V', 'PREP', 'NOUN', 'PART+PRON', 'ADV+PRON', 'ADJ+NSUFF', 'DET+NOUN', 'PREP+DET+NOUN', 'HASH', 'HASH', 'HASH', 'HASH', 'URL', 'PUNC']",Tunisia
329,330,@samiatuba وقالو ليه قول لعباس و مروان و دينا و مابييل حنان خط احمر ، اردنية قالت الادارة منعاتو يقول هادشي وعاودو كلشي لايهاب ع …,"['@samiatuba', 'وقالو', 'ليه', 'قول', 'لعباس', 'و', 'مروان', 'و', 'دينا', 'و', 'مابييل', 'حنان', 'خط', 'احمر', '،', 'اردنية', 'قالت', 'الادارة', 'منعاتو', 'يقول', 'هادشي', 'وعاودو', 'كلشي', 'لايهاب', 'ع', '…']","['MENTION', 'CONJ+V+PRON', 'PREP+PRON', 'V', 'PREP+NOUN', 'CONJ', 'NOUN', 'CONJ', 'NOUN', 'CONJ', 'ADJ', 'NOUN', 'NOUN', 'ADJ', 'PUNC', 'NOUN+NSUFF', 'V+PRON', 'DET+NOUN+NSUFF', 'V+PRON+PRON', 'V', 'PRON', 'CONJ+V+PRON', 'NOUN', 'PREP+NOUN', 'NOUN', 'PUNC']",Syria
330,331,ومال حبيبي مالو ؟ قولولي واش جرالو البارح كان يبغيني واليوم تغير حالو 🎧 .,"['ومال', 'حبيبي', 'مالو', '؟', 'قولولي', 'واش', 'جرالو', 'البارح', 'كان', 'يبغيني', 'واليوم', 'تغير', 'حالو', '🎧', '.']","['CONJ+PART+PREP', 'NOUN+NSUFF', 'PART+PREP+PRON', 'PUNC', 'V+PRON+PREP+PRON', 'PART', 'V+PREP+PRON', 'DET+NOUN', 'V', 'V+PRON', 'CONJ+DET+NOUN', 'V', 'NOUN+PRON', 'EMOT', 'PUNC']",Algeria
331,332,يا جماعة وش صرالي من البارح و انا نقرأ فالتويتر و فخحان ✋ 😂 نضحك وحدي 😂 غير انا برك ؟ ولا كاين كيفي ؟ لا نكون هبلت رسمي #Sou …,"['يا', 'جماعة', 'وش', 'صرالي', 'من', 'البارح', 'و', 'انا', 'نقرأ', 'فالتويتر', 'و', 'فخحان', '✋', '😂', 'نضحك', 'وحدي', '😂', 'غير', 'انا', 'برك', '؟', 'ولا', 'كاين', 'كيفي', '؟', 'لا', 'نكون', 'هبلت', 'رسمي', '#Sou', '…']","['PART', 'NOUN+NSUFF', 'PART', 'V+PREP+PRON', 'PREP', 'DET+NOUN', 'CONJ', 'PRON', 'V', 'PREP+DET+NOUN', 'CONJ', 'ADJ', 'EMOT', 'EMOT', 'V', 'NOUN+NSUFF', 'EMOT', 'NOUN', 'PRON', 'NOUN', 'PUNC', 'CONJ+PART', 'NOUN', 'PART+PRON', 'PUNC', 'PART', 'V', 'V+PRON', 'ADJ', 'HASH', 'PUNC']",Algeria
332,333,@badrsoultan يا حبيبنا راح حنا نحبوك وكنطلبو منك الدعم لبنت بلادك حنان لخضر وعلاش لا نشوفوكم فديو راه صوت حضور جمال https: …,"['@badrsoultan', 'يا', 'حبيبنا', 'راح', 'حنا', 'نحبوك', 'وكنطلبو', 'منك', 'الدعم', 'لبنت', 'بلادك', 'حنان', 'لخضر', 'وعلاش', 'لا', 'نشوفوكم', 'فديو', 'راه', 'صوت', 'حضور', 'جمال', 'https:', '…']","['MENTION', 'PART', 'NOUN+PRON', 'V', 'PRON', 'V+PRON', 'CONJ+PROG_PART+V+PRON', 'PREP+PRON', 'DET+NOUN', 'PREP+NOUN', 'NOUN+PRON', 'NOUN', 'NOUN', 'CONJ+PART', 'PART', 'V+PRON+PRON', 'NOUN', 'PART+PRON', 'NOUN', 'NOUN', 'NOUN', 'URL', 'PUNC']",Algeria
333,334,يا رب راني نصوت لساهو من 📱 وايهاب من 💻 تعوقت بين زوج 😥 😥 😥 ربي يكون في عون السوهابي #SouhilaBenLachhab #Ihabamir https://t …,"['يا', 'رب', 'راني', 'نصوت', 'لساهو', 'من', '📱', 'وايهاب', 'من', '💻', 'تعوقت', 'بين', 'زوج', '😥', '😥', '😥', 'ربي', 'يكون', 'في', 'عون', 'السوهابي', '#SouhilaBenLachhab', '#Ihabamir', 'https://t', '…']","['PART', 'NOUN', 'PART+PRON', 'V', 'PREP+NOUN', 'PREP', 'EMOT', 'CONJ+NOUN', 'PREP', 'EMOT', 'V+PRON', 'NOUN', 'NOUN', 'EMOT', 'EMOT', 'EMOT', 'NOUN+NSUFF', 'V', 'PREP', 'NOUN', 'DET+NOUN', 'HASH', 'HASH', 'URL', 'PUNC']",Algeria
334,335,يا ربي واش راهو صاري ناس كل تشهرت على اسم دزاير ولت جزائر بكلها لعبة و صارو يلعبو لينا بيناتنا و ولادنا والله عيب #سهيله_ …,"['يا', 'ربي', 'واش', 'راهو', 'صاري', 'ناس', 'كل', 'تشهرت', 'على', 'اسم', 'دزاير', 'ولت', 'جزائر', 'بكلها', 'لعبة', 'و', 'صارو', 'يلعبو', 'لينا', 'بيناتنا', 'و', 'ولادنا', 'والله', 'عيب', '#سهيله_', '…']","['PART', 'NOUN+NSUFF', 'PART', 'NOUN', 'NOUN', 'NOUN', 'NOUN', 'V+PRON', 'PREP', 'NOUN', 'NOUN', 'V+PRON', 'NOUN', 'PREP+NOUN+NSUFF', 'NOUN+NSUFF', 'CONJ', 'V+PRON', 'V+PRON', 'PREP+PRON', 'NOUN+PRON', 'CONJ', 'NOUN+PRON', 'CONJ+NOUN', 'NOUN', 'HASH', 'PUNC']",Algeria
335,336,#IhabAmir #SouhailaBenLachhab يا عيباد الله باش نهدر معاكم بالشينوية ؟ روحو ديرو انفولو لحساب بسباس وهايدي ومابيل والهايشة …,"['#IhabAmir', '#SouhailaBenLachhab', 'يا', 'عيباد', 'الله', 'باش', 'نهدر', 'معاكم', 'بالشينوية', '؟', 'روحو', 'ديرو', 'انفولو', 'لحساب', 'بسباس', 'وهايدي', 'ومابيل', 'والهايشة', '…']","['HASH', 'HASH', 'PART', 'NOUN', 'NOUN', 'PART', 'V', 'NOUN+PRON', 'PREP+DET+NOUN+NSUFF', 'PUNC', 'V+PRON', 'V+PRON', 'V+PRON', 'DET+NOUN', 'NOUN', 'CONJ+NOUN', 'CONJ+NOUN', 'CONJ+DET+NOUN+NSUFF', 'PUNC']",Tunisia
336,337,يا ناس نحو تاغ ستار لعار راه يخدم على ظهركم خلو بس حسابات سهيله انساو ستارك رانا مقاطعين يعني لي يتعلق بستار نحوه لازم هذا …,"['يا', 'ناس', 'نحو', 'تاغ', 'ستار', 'لعار', 'راه', 'يخدم', 'على', 'ظهركم', 'خلو', 'بس', 'حسابات', 'سهيله', 'انساو', 'ستارك', 'رانا', 'مقاطعين', 'يعني', 'لي', 'يتعلق', 'بستار', 'نحوه', 'لازم', 'هذا', '…']","['PART', 'NOUN', 'V', 'NOUN', 'NOUN', 'DET+NOUN', 'PART+PRON', 'V', 'PREP', 'NOUN+PRON', 'V+PRON', 'ADV', 'NOUN+NSUFF', 'NOUN+NSUFF', 'V+PRON', 'NOUN', 'PART+PRON', 'ADJ+NSUFF', 'V', 'PART', 'V', 'PREP+NOUN', 'V+PRON', 'NOUN', 'PRON', 'PUNC']",Algeria
337,338,يااو اسمعوني كاش نهار سمعتو سهيلة قالتنا سوهابيين نكرهكم او ايهاب قالنا نكرهكم خلااص مالا هاد فايزة تزمر مع سهيلة و ايهاب …,"['يااو', 'اسمعوني', 'كاش', 'نهار', 'سمعتو', 'سهيلة', 'قالتنا', 'سوهابيين', 'نكرهكم', 'او', 'ايهاب', 'قالنا', 'نكرهكم', 'خلااص', 'مالا', 'هاد', 'فايزة', 'تزمر', 'مع', 'سهيلة', 'و', 'ايهاب', '…']","['NOUN', 'V+PRON+PRON', 'NOUN', 'NOUN', 'V+PRON', 'NOUN+NSUFF', 'V+PRON+PRON', 'NOUN', 'V+PRON', 'CONJ', 'NOUN', 'V+PRON', 'V+PRON', 'NOUN', 'ADV', 'PRON', 'NOUN+NSUFF', 'V', 'CONJ', 'NOUN+NSUFF', 'CONJ', 'NOUN', 'PUNC']",Algeria
338,339,#SouhailaBenLachhab #JeSuisSouhaila ياجماعة علاش مادخلتوش هاد الهشتاق للترند ىقلنالكم كون يدخل للترند العالمي راح يعمل ضجة …,"['#SouhailaBenLachhab', '#JeSuisSouhaila', 'ياجماعة', 'علاش', 'مادخلتوش', 'هاد', 'الهشتاق', 'للترند', 'ىقلنالكم', 'كون', 'يدخل', 'للترند', 'العالمي', 'راح', 'يعمل', 'ضجة', '…']","['HASH', 'HASH', 'PART+NOUN+NSUFF', 'PART', 'PART+V+PRON+NEG_PART', 'PRON', 'DET+NOUN', 'PREP+DET+NOUN', 'PART+V+PRON+PREP+PRON', 'V', 'V', 'PREP+DET+NOUN', 'DET+ADJ', 'V', 'V', 'NOUN+NSUFF', 'PUNC']",Algeria
339,340,ياك نتوما راسكم حجر دايما نقولو الهاشتاج اللي فيه تاء مربوطة مايدخلش للترند لوكان تكتبو منا للصباح #ايهاب_لكبيدة_ديال_الجزا …,"['ياك', 'نتوما', 'راسكم', 'حجر', 'دايما', 'نقولو', 'الهاشتاج', 'اللي', 'فيه', 'تاء', 'مربوطة', 'مايدخلش', 'للترند', 'لوكان', 'تكتبو', 'منا', 'للصباح', '#ايهاب_لكبيدة_ديال_الجزا', '…']","['NOUN', 'PRON', 'NOUN+PRON', 'NOUN', 'ADV', 'V+PRON', 'DET+NOUN', 'PART', 'PREP+PRON', 'NOUN', 'ADJ+NSUFF', 'PART+V+NEG_PART', 'PREP+DET+NOUN', 'CONJ+V', 'V+PRON', 'PREP+PRON', 'PREP+DET+NOUN', 'HASH', 'PUNC']",Algeria
340,341,ياللهه اش قد اوجعني قلبي عليهآ وتمنيت يكون عندي صاحبهه زي نان لزوز يارب على قد صبر نان واحتسابهآ ارزقهآ جنهه مع زوز #زوز_العت …,"['ياللهه', 'اش', 'قد', 'اوجعني', 'قلبي', 'عليهآ', 'وتمنيت', 'يكون', 'عندي', 'صاحبهه', 'زي', 'نان', 'لزوز', 'يارب', 'على', 'قد', 'صبر', 'نان', 'واحتسابهآ', 'ارزقهآ', 'جنهه', 'مع', 'زوز', '#زوز_العت', '…']","['PART+NOUN', 'PART', 'NOUN', 'V+PRON', 'NOUN+PRON', 'PREP+PRON', 'CONJ+V+PRON', 'V', 'NOUN+PRON', 'NOUN+NSUFF', 'ADV', 'NOUN', 'PREP+NOUN', 'PART+NOUN', 'PREP', 'NOUN', 'NOUN', 'NOUN', 'CONJ+V+PRON', 'V+PRON', 'NOUN+NSUFF', 'CONJ', 'NOUN', 'HASH', 'PUNC']",Yemen
341,342,ياو لكان تشوف كيف كانت الجزائر فوقتك و كيفاش ولات . . .. #هواري_بومدين_زعيم_العرب,"['ياو', 'لكان', 'تشوف', 'كيف', 'كانت', 'الجزائر', 'فوقتك', 'و', 'كيفاش', 'ولات', '.', '.', '..', '#هواري_بومدين_زعيم_العرب']","['PART', 'PART+V', 'V', 'PART', 'V+PRON', 'DET+NOUN', 'PREP+NOUN+PRON', 'CONJ', 'PART', 'V+PRON', 'PUNC', 'PUNC', 'PUNC', 'HASH']",Algeria
342,343,@foufa_feryal @alshreef_stark يايما عالفانز خضرا الخارقين ليفهمو ههه لوكان جيت فانز تع وحدة كيفها نسويسيدي باعت بلادها …,"['@foufa_feryal', '@alshreef_stark', 'يايما', 'عالفانز', 'خضرا', 'الخارقين', 'ليفهمو', 'ههه', 'لوكان', 'جيت', 'فانز', 'تع', 'وحدة', 'كيفها', 'نسويسيدي', 'باعت', 'بلادها', '…']","['MENTION', 'MENTION', 'PART+NOUN', 'PREP+DET+NOUN', 'ADJ', 'DET+ADJ+NSUFF', 'PART+V+PRON', 'NOUN', 'CONJ+V', 'V', 'NOUN', 'NOUN', 'NOUN+NSUFF', 'PART+PRON', 'V', 'V+PRON', 'NOUN+PRON', 'PUNC']",Algeria
343,344,@souhilabintarab يحبلهم باش يلحقونا يحبلهم يتبعونا نقسم بالله نهبلهم نحن الجيش السهلاوي https://t.co/CG4IVYqoHc,"['@souhilabintarab', 'يحبلهم', 'باش', 'يلحقونا', 'يحبلهم', 'يتبعونا', 'نقسم', 'بالله', 'نهبلهم', 'نحن', 'الجيش', 'السهلاوي', 'https://t.co/CG4IVYqoHc']","['MENTION', 'V+PREP+PRON', 'PART', 'V+PRON', 'V+PREP+PRON', 'V+PRON+PRON', 'V', 'PREP+NOUN', 'V+PRON', 'PRON', 'DET+NOUN', 'DET+ADJ', 'URL']",Tunisia
344,345,لي يحبنا نحبوه فوق راس عمامةلي يغلط يخلص واش كاين مشاكل فدزاير تلقانا دايما 123vivalge #قول_رايك_في_الشعب_الجزايري,"['لي', 'يحبنا', 'نحبوه', 'فوق', 'راس', 'عمامةلي', 'يغلط', 'يخلص', 'واش', 'كاين', 'مشاكل', 'فدزاير', 'تلقانا', 'دايما', '123vivalge', '#قول_رايك_في_الشعب_الجزايري']","['PART', 'V+PRON', 'V+PRON+PRON', 'ADV', 'NOUN', 'NOUN+NSUFF+PREP+PRON', 'V', 'V', 'PART', 'NOUN', 'NOUN', 'PREP+NOUN', 'V+PRON', 'ADV', 'FOREIGN', 'HASH']",Algeria
345,346,@Minocha09459112 @fati_tanjawia يرحم باباك حبسي ماتطلبي سماح من لمصاروة الجزاءر تاني تسبت و يلعبوها مادارو والو,"['@Minocha09459112', '@fati_tanjawia', 'يرحم', 'باباك', 'حبسي', 'ماتطلبي', 'سماح', 'من', 'لمصاروة', 'الجزاءر', 'تاني', 'تسبت', 'و', 'يلعبوها', 'مادارو', 'والو']","['MENTION', 'MENTION', 'V', 'NOUN+PRON', 'V+PRON', 'PART+V+PRON', 'NOUN', 'PREP', 'DET+NOUN+NSUFF', 'DET+NOUN', 'NOUN', 'V+PRON', 'CONJ', 'V+PRON+PRON', 'PART+V+PRON', 'NOUN']",Tunisia
346,347,@besmalg @Melisajodiyaho1 @MinaWeibe @mimita40581532 @amelB11 يسناو في ايهاب باه يقول سهيله نحبها ويقولو رانا خايفين يقصفنا,"['@besmalg', '@Melisajodiyaho1', '@MinaWeibe', '@mimita40581532', '@amelB11', 'يسناو', 'في', 'ايهاب', 'باه', 'يقول', 'سهيله', 'نحبها', 'ويقولو', 'رانا', 'خايفين', 'يقصفنا']","['MENTION', 'MENTION', 'MENTION', 'MENTION', 'MENTION', 'V+PRON', 'PREP', 'NOUN', 'PART', 'V', 'NOUN+NSUFF', 'V+PRON', 'CONJ+V+PRON', 'PART+PRON', 'ADJ+NSUFF', 'V+PRON']",Algeria
347,348,#SouhilabenLachhab يعجبوني الايهابيين رغم حبهم لسهيلة بصح بقاو ايهابيين 👌 هاد هو #الفانز_الحقيقي,"['#SouhilabenLachhab', 'يعجبوني', 'الايهابيين', 'رغم', 'حبهم', 'لسهيلة', 'بصح', 'بقاو', 'ايهابيين', '👌', 'هاد', 'هو', '#الفانز_الحقيقي']","['HASH', 'V+PRON+PRON', 'DET+NOUN+NSUFF', 'ADV', 'NOUN+PRON', 'PREP+NOUN+NSUFF', 'PREP+NOUN', 'V+PRON', 'NOUN+NSUFF', 'EMOT', 'PRON', 'PRON', 'HASH']",Morocco
348,349,يعجبوني الحركى تاع خضراء كي يقولوا فأنز كنزة هو تاع عباس 😂 😂 اصلا هذا شرف لينا ثانيا انتو كنتوا فأنز كنزة أيضا الفرق انو الفانز …,"['يعجبوني', 'الحركى', 'تاع', 'خضراء', 'كي', 'يقولوا', 'فأنز', 'كنزة', 'هو', 'تاع', 'عباس', '😂', '😂', 'اصلا', 'هذا', 'شرف', 'لينا', 'ثانيا', 'انتو', 'كنتوا', 'فأنز', 'كنزة', 'أيضا', 'الفرق', 'انو', 'الفانز', '…']","['V+PRON+PRON', 'DET+NOUN', 'PREP', 'NOUN', 'PART', 'V+PRON', 'NOUN', 'NOUN+NSUFF', 'PRON', 'PREP', 'NOUN', 'EMOT', 'EMOT', 'NOUN+CASE', 'PRON', 'V', 'PREP+PRON', 'NUM+CASE', 'PRON', 'V+PRON', 'NOUN', 'NOUN+NSUFF', 'NOUN+CASE', 'DET+NOUN', 'PART+PRON', 'DET+NOUN', 'PUNC']",Algeria
349,350,يعني راهم يديرولنا فالسوسبانس باه نتفرجو البرايم وتترتفع نسبة المشاهدة ما تتفرجوش وليهى تبان عليوتيوب رتويت بليز #ماكو_س,"['يعني', 'راهم', 'يديرولنا', 'فالسوسبانس', 'باه', 'نتفرجو', 'البرايم', 'وتترتفع', 'نسبة', 'المشاهدة', 'ما', 'تتفرجوش', 'وليهى', 'تبان', 'عليوتيوب', 'رتويت', 'بليز', '#ماكو_س']","['V', 'PART+PRON', 'V+PRON+PREP+PRON', 'PREP+DET+NOUN', 'PART', 'V+PRON', 'DET+NOUN', 'CONJ+V', 'NOUN+NSUFF', 'DET+NOUN+NSUFF', 'PART', 'V+PRON+NEG_PART', 'CONJ+PART+PRON', 'V', 'PREP+DET+NOUN', 'V', 'NOUN', 'HASH']",Algeria
